case_id,family,feed_height_ft,radiator_end_height_ft,return_kind,return_id,return_length_ft,return_azimuth_deg,coax_length_ft,mast_condition,device,comparison_bands,likely_match_band_count,uncertain_match_band_count,unlikely_match_band_count,supported_comparison_band_count,geometric_mean_efficiency,worst_band_efficiency,median_atu_dissipation_loss_db
low_sloper_cp_sweep_feed3_end30_dedicated_angled_5ft_az90_none,low_sloper_cp_sweep,3.0,30.0,dedicated_angled,dedicated_angled_5ft_az90,5.0,90.0,17.0,none,kx2,"40m,30m,20m,17m,15m,12m,10m",7,0,0,7,0.39831766177541184,0.2835637159966,0.19992223068476223
low_sloper_cp_sweep_feed3_end30_dedicated_angled_5ft_az135_none,low_sloper_cp_sweep,3.0,30.0,dedicated_angled,dedicated_angled_5ft_az135,5.0,135.0,17.0,none,kx2,"40m,30m,20m,17m,15m,12m,10m",7,0,0,7,0.4075204683809498,0.29090874697353264,0.19901095907514685
low_sloper_cp_sweep_feed3_end30_dedicated_angled_5ft_az180_none,low_sloper_cp_sweep,3.0,30.0,dedicated_angled,dedicated_angled_5ft_az180,5.0,180.0,17.0,none,kx2,"40m,30m,20m,17m,15m,12m,10m",7,0,0,7,0.41046424196611864,0.29321099270933443,0.18942352030151685
low_sloper_cp_sweep_feed3_end30_dedicated_angled_9ft_az90_none,low_sloper_cp_sweep,3.0,30.0,dedicated_angled,dedicated_angled_9ft_az90,9.0,90.0,17.0,none,kx2,"40m,30m,20m,17m,15m,12m,10m",7,0,0,7,0.5213085426689756,0.40946160797072434,0.1249464514640207
low_sloper_cp_sweep_feed3_end30_dedicated_angled_9ft_az135_none,low_sloper_cp_sweep,3.0,30.0,dedicated_angled,dedicated_angled_9ft_az135,9.0,135.0,17.0,none,kx2,"40m,30m,20m,17m,15m,12m,10m",7,0,0,7,0.5287906137073286,0.4160678540559512,0.11656730397879796
low_sloper_cp_sweep_feed3_end30_dedicated_angled_9ft_az180_none,low_sloper_cp_sweep,3.0,30.0,dedicated_angled,dedicated_angled_9ft_az180,9.0,180.0,17.0,none,kx2,"40m,30m,20m,17m,15m,12m,10m",7,0,0,7,0.5313181234900494,0.4180243681119607,0.11650734585524647
low_sloper_cp_sweep_feed3_end30_dedicated_angled_13ft_az90_none,low_sloper_cp_sweep,3.0,30.0,dedicated_angled,dedicated_angled_13ft_az90,13.0,90.0,17.0,none,kx2,"40m,30m,20m,17m,15m,12m,10m",7,0,0,7,0.5652924070673945,0.4765555680305408,0.12363239930240486
low_sloper_cp_sweep_feed3_end30_dedicated_angled_13ft_az135_none,low_sloper_cp_sweep,3.0,30.0,dedicated_angled,dedicated_angled_13ft_az135,13.0,135.0,17.0,none,kx2,"40m,30m,20m,17m,15m,12m,10m",7,0,0,7,0.5707118608554413,0.4815792767267536,0.1208418317599142
low_sloper_cp_sweep_feed3_end30_dedicated_angled_13ft_az180_none,low_sloper_cp_sweep,3.0,30.0,dedicated_angled,dedicated_angled_13ft_az180,13.0,180.0,17.0,none,kx2,"40m,30m,20m,17m,15m,12m,10m",7,0,0,7,0.5727482830308231,0.4830500656302896,0.12079075485411064
low_sloper_cp_sweep_feed3_end30_dedicated_angled_17ft_az90_none,low_sloper_cp_sweep,3.0,30.0,dedicated_angled,dedicated_angled_17ft_az90,17.0,90.0,17.0,none,kx2,"40m,30m,20m,17m,15m,12m,10m",7,0,0,7,0.5515932157323986,0.41437341614343864,0.1391253860449634
low_sloper_cp_sweep_feed3_end30_dedicated_angled_17ft_az135_none,low_sloper_cp_sweep,3.0,30.0,dedicated_angled,dedicated_angled_17ft_az135,17.0,135.0,17.0,none,kx2,"40m,30m,20m,17m,15m,12m,10m",7,0,0,7,0.5606081588493551,0.4340078244069759,0.13840118326570044
low_sloper_cp_sweep_feed3_end30_dedicated_angled_17ft_az180_none,low_sloper_cp_sweep,3.0,30.0,dedicated_angled,dedicated_angled_17ft_az180,17.0,180.0,17.0,none,kx2,"40m,30m,20m,17m,15m,12m,10m",7,0,0,7,0.5633550644845872,0.43762081820323834,0.13812682529241613
low_sloper_cp_sweep_feed3_end30_dedicated_angled_21ft_az90_none,low_sloper_cp_sweep,3.0,30.0,dedicated_angled,dedicated_angled_21ft_az90,21.0,90.0,17.0,none,kx2,"40m,30m,20m,17m,15m,12m,10m",7,0,0,7,0.5708176899972839,0.4697514435468381,0.13145169379172558
low_sloper_cp_sweep_feed3_end30_dedicated_angled_21ft_az135_none,low_sloper_cp_sweep,3.0,30.0,dedicated_angled,dedicated_angled_21ft_az135,21.0,135.0,17.0,none,kx2,"40m,30m,20m,17m,15m,12m,10m",7,0,0,7,0.5734658398145515,0.47245483008527517,0.1294906272390433
low_sloper_cp_sweep_feed3_end30_dedicated_angled_21ft_az180_none,low_sloper_cp_sweep,3.0,30.0,dedicated_angled,dedicated_angled_21ft_az180,21.0,180.0,17.0,none,kx2,"40m,30m,20m,17m,15m,12m,10m",7,0,0,7,0.5742081003436348,0.47112376007820517,0.1287363375626898
low_sloper_cp_sweep_feed3_end30_dedicated_angled_25ft_az90_none,low_sloper_cp_sweep,3.0,30.0,dedicated_angled,dedicated_angled_25ft_az90,25.0,90.0,17.0,none,kx2,"40m,30m,20m,17m,15m,12m,10m",7,0,0,7,0.5596562799013374,0.43015835004061004,0.16814851866878894
low_sloper_cp_sweep_feed3_end30_dedicated_angled_25ft_az135_none,low_sloper_cp_sweep,3.0,30.0,dedicated_angled,dedicated_angled_25ft_az135,25.0,135.0,17.0,none,kx2,"40m,30m,20m,17m,15m,12m,10m",7,0,0,7,0.5648500259235272,0.45295491902520874,0.15141289755373513
low_sloper_cp_sweep_feed3_end30_dedicated_angled_25ft_az180_none,low_sloper_cp_sweep,3.0,30.0,dedicated_angled,dedicated_angled_25ft_az180,25.0,180.0,17.0,none,kx2,"40m,30m,20m,17m,15m,12m,10m",7,0,0,7,0.56581391438625,0.4587989216582058,0.14869854987964362
low_sloper_cp_sweep_feed3_end30_dedicated_angled_29ft_az90_none,low_sloper_cp_sweep,3.0,30.0,dedicated_angled,dedicated_angled_29ft_az90,29.0,90.0,17.0,none,kx2,"40m,30m,20m,17m,15m,12m,10m",7,0,0,7,0.5832236094489928,0.49662936702265176,0.12745529111531728
low_sloper_cp_sweep_feed3_end30_dedicated_angled_29ft_az135_none,low_sloper_cp_sweep,3.0,30.0,dedicated_angled,dedicated_angled_29ft_az135,29.0,135.0,17.0,none,kx2,"40m,30m,20m,17m,15m,12m,10m",7,0,0,7,0.5841900206924793,0.5000705618471065,0.12069334503653031
low_sloper_cp_sweep_feed3_end30_dedicated_angled_29ft_az180_none,low_sloper_cp_sweep,3.0,30.0,dedicated_angled,dedicated_angled_29ft_az180,29.0,180.0,17.0,none,kx2,"40m,30m,20m,17m,15m,12m,10m",7,0,0,7,0.5839265109371391,0.49754671184959054,0.11958758961829749
low_sloper_cp_sweep_feed3_end30_dedicated_angled_33ft_az90_none,low_sloper_cp_sweep,3.0,30.0,dedicated_angled,dedicated_angled_33ft_az90,33.0,90.0,17.0,none,kx2,"40m,30m,20m,17m,15m,12m,10m",7,0,0,7,0.5879092134943599,0.5341089395827903,0.1225938629204807
low_sloper_cp_sweep_feed3_end30_dedicated_angled_33ft_az135_none,low_sloper_cp_sweep,3.0,30.0,dedicated_angled,dedicated_angled_33ft_az135,33.0,135.0,17.0,none,kx2,"40m,30m,20m,17m,15m,12m,10m",7,0,0,7,0.590973250031293,0.5480707188486328,0.1202811634047238
low_sloper_cp_sweep_feed3_end30_dedicated_angled_33ft_az180_none,low_sloper_cp_sweep,3.0,30.0,dedicated_angled,dedicated_angled_33ft_az180,33.0,180.0,17.0,none,kx2,"40m,30m,20m,17m,15m,12m,10m",7,0,0,7,0.592668781940854,0.5554702449243933,0.12014073073433669
low_sloper_cp_sweep_feed3_end30_dedicated_angled_37ft_az90_none,low_sloper_cp_sweep,3.0,30.0,dedicated_angled,dedicated_angled_37ft_az90,37.0,90.0,17.0,none,kx2,"40m,30m,20m,17m,15m,12m,10m",7,0,0,7,0.5877572873862285,0.4446957068769914,0.1269143570564157
low_sloper_cp_sweep_feed3_end30_dedicated_angled_37ft_az135_none,low_sloper_cp_sweep,3.0,30.0,dedicated_angled,dedicated_angled_37ft_az135,37.0,135.0,17.0,none,kx2,"40m,30m,20m,17m,15m,12m,10m",7,0,0,7,0.5920695453553422,0.4602851253797129,0.13312717786947645
low_sloper_cp_sweep_feed3_end30_dedicated_angled_37ft_az180_none,low_sloper_cp_sweep,3.0,30.0,dedicated_angled,dedicated_angled_37ft_az180,37.0,180.0,17.0,none,kx2,"40m,30m,20m,17m,15m,12m,10m",7,0,0,7,0.5932919652540838,0.4617982521779879,0.13499965567878897
low_sloper_cp_sweep_feed3_end30_dedicated_angled_41ft_az90_none,low_sloper_cp_sweep,3.0,30.0,dedicated_angled,dedicated_angled_41ft_az90,41.0,90.0,17.0,none,kx2,"40m,30m,20m,17m,15m,12m,10m",7,0,0,7,0.6211578052780342,0.5058816559929491,0.12004236742017746
low_sloper_cp_sweep_feed3_end30_dedicated_angled_41ft_az135_none,low_sloper_cp_sweep,3.0,30.0,dedicated_angled,dedicated_angled_41ft_az135,41.0,135.0,17.0,none,kx2,"40m,30m,20m,17m,15m,12m,10m",7,0,0,7,0.6227300331631036,0.506998650548649,0.12075319680435714
low_sloper_cp_sweep_feed3_end30_dedicated_angled_41ft_az180_none,low_sloper_cp_sweep,3.0,30.0,dedicated_angled,dedicated_angled_41ft_az180,41.0,180.0,17.0,none,kx2,"40m,30m,20m,17m,15m,12m,10m",7,0,0,7,0.6225559123337739,0.504478171743124,0.12110459301114818
low_sloper_cp_sweep_feed3_end30_dedicated_angled_45ft_az90_none,low_sloper_cp_sweep,3.0,30.0,dedicated_angled,dedicated_angled_45ft_az90,45.0,90.0,17.0,none,kx2,"40m,30m,20m,17m,15m,12m,10m",7,0,0,7,0.5998989555842067,0.5144327079480527,0.1413805753329227
low_sloper_cp_sweep_feed3_end30_dedicated_angled_45ft_az135_none,low_sloper_cp_sweep,3.0,30.0,dedicated_angled,dedicated_angled_45ft_az135,45.0,135.0,17.0,none,kx2,"40m,30m,20m,17m,15m,12m,10m",7,0,0,7,0.6020718979752665,0.5364153646869396,0.14195551685280725
low_sloper_cp_sweep_feed3_end30_dedicated_angled_45ft_az180_none,low_sloper_cp_sweep,3.0,30.0,dedicated_angled,dedicated_angled_45ft_az180,45.0,180.0,17.0,none,kx2,"40m,30m,20m,17m,15m,12m,10m",7,0,0,7,0.6020874431980211,0.5324886234493169,0.14193846300011576
low_sloper_cp_sweep_feed3_end30_dedicated_angled_49ft_az90_none,low_sloper_cp_sweep,3.0,30.0,dedicated_angled,dedicated_angled_49ft_az90,49.0,90.0,17.0,none,kx2,"40m,30m,20m,17m,15m,12m,10m",7,0,0,7,0.558868428442262,0.4924013970660283,0.16461094649376135
low_sloper_cp_sweep_feed3_end30_dedicated_angled_49ft_az135_none,low_sloper_cp_sweep,3.0,30.0,dedicated_angled,dedicated_angled_49ft_az135,49.0,135.0,17.0,none,kx2,"40m,30m,20m,17m,15m,12m,10m",7,0,0,7,0.5668794928304366,0.504337397670075,0.1593344814511768
low_sloper_cp_sweep_feed3_end30_dedicated_angled_49ft_az180_none,low_sloper_cp_sweep,3.0,30.0,dedicated_angled,dedicated_angled_49ft_az180,49.0,180.0,17.0,none,kx2,"40m,30m,20m,17m,15m,12m,10m",7,0,0,7,0.569094733363249,0.5064824051182019,0.1587962114330468
low_sloper_cp_sweep_feed3_end30_dedicated_angled_53ft_az90_none,low_sloper_cp_sweep,3.0,30.0,dedicated_angled,dedicated_angled_53ft_az90,53.0,90.0,17.0,none,kx2,"40m,30m,20m,17m,15m,12m,10m",7,0,0,7,0.5334478835725617,0.4506475293947007,0.18749162448480625
low_sloper_cp_sweep_feed3_end30_dedicated_angled_53ft_az135_none,low_sloper_cp_sweep,3.0,30.0,dedicated_angled,dedicated_angled_53ft_az135,53.0,135.0,17.0,none,kx2,"40m,30m,20m,17m,15m,12m,10m",7,0,0,7,0.545775307128249,0.4690093391392655,0.18064362457246655
low_sloper_cp_sweep_feed3_end30_dedicated_angled_53ft_az180_none,low_sloper_cp_sweep,3.0,30.0,dedicated_angled,dedicated_angled_53ft_az180,53.0,180.0,17.0,none,kx2,"40m,30m,20m,17m,15m,12m,10m",7,0,0,7,0.5492487046318333,0.47751863569407776,0.1792855162468968
elevated_tree_feed20_end3_coax_return_19.5ft_vertical_none,elevated_tree,20.0,3.0,coax_return,coax_return_19.5ft_vertical,19.5,,19.5,none,kx2,"40m,30m,20m,17m,15m,12m,10m",7,0,0,7,0.5450489982171592,0.4330432432712154,0.11182999306493525
elevated_tree_feed20_end3_dedicated_vertical_19.5ft_vertical_none,elevated_tree,20.0,3.0,dedicated_vertical,dedicated_vertical_19.5ft_vertical,19.5,,19.5,none,kx2,"40m,30m,20m,17m,15m,12m,10m",7,0,0,7,0.5215642001208962,0.4158810380932403,0.11482519831181495
elevated_tree_feed20_end3_dedicated_angled_21ft_az90_none,elevated_tree,20.0,3.0,dedicated_angled,dedicated_angled_21ft_az90,21.0,90.0,19.5,none,kx2,"40m,30m,20m,17m,15m,12m,10m",7,0,0,7,0.5359272755072214,0.46387409484573505,0.12005023022647829
elevated_tree_feed20_end3_dedicated_angled_21ft_az135_none,elevated_tree,20.0,3.0,dedicated_angled,dedicated_angled_21ft_az135,21.0,135.0,19.5,none,kx2,"40m,30m,20m,17m,15m,12m,10m",7,0,0,7,0.540055976044991,0.4623406931155806,0.11278653202477466
elevated_tree_feed20_end3_dedicated_angled_21ft_az180_none,elevated_tree,20.0,3.0,dedicated_angled,dedicated_angled_21ft_az180,21.0,180.0,19.5,none,kx2,"40m,30m,20m,17m,15m,12m,10m",7,0,0,7,0.5410047193177028,0.45892139769904094,0.11548269326329136
elevated_tree_feed20_end3_dedicated_angled_25ft_az90_none,elevated_tree,20.0,3.0,dedicated_angled,dedicated_angled_25ft_az90,25.0,90.0,19.5,none,kx2,"40m,30m,20m,17m,15m,12m,10m",7,0,0,7,0.5213262553168532,0.40355766357764283,0.13067613880876877
elevated_tree_feed20_end3_dedicated_angled_25ft_az135_none,elevated_tree,20.0,3.0,dedicated_angled,dedicated_angled_25ft_az135,25.0,135.0,19.5,none,kx2,"40m,30m,20m,17m,15m,12m,10m",7,0,0,7,0.5297021675647716,0.45436493121967914,0.13078901793789957
elevated_tree_feed20_end3_dedicated_angled_25ft_az180_none,elevated_tree,20.0,3.0,dedicated_angled,dedicated_angled_25ft_az180,25.0,180.0,19.5,none,kx2,"40m,30m,20m,17m,15m,12m,10m",7,0,0,7,0.5305969078925714,0.46905262533350955,0.13312954850620465
elevated_tree_feed20_end3_dedicated_angled_29ft_az90_none,elevated_tree,20.0,3.0,dedicated_angled,dedicated_angled_29ft_az90,29.0,90.0,19.5,none,kx2,"40m,30m,20m,17m,15m,12m,10m",7,0,0,7,0.5380512412556482,0.4472566073211238,0.09426797806870538
elevated_tree_feed20_end3_dedicated_angled_29ft_az135_none,elevated_tree,20.0,3.0,dedicated_angled,dedicated_angled_29ft_az135,29.0,135.0,19.5,none,kx2,"40m,30m,20m,17m,15m,12m,10m",7,0,0,7,0.5382376612680793,0.4547717668697441,0.10308664540212724
elevated_tree_feed20_end3_dedicated_angled_29ft_az180_none,elevated_tree,20.0,3.0,dedicated_angled,dedicated_angled_29ft_az180,29.0,180.0,19.5,none,kx2,"40m,30m,20m,17m,15m,12m,10m",7,0,0,7,0.53560627966067,0.4466229754322881,0.09816724392437753
elevated_tree_feed20_end3_dedicated_angled_33ft_az90_none,elevated_tree,20.0,3.0,dedicated_angled,dedicated_angled_33ft_az90,33.0,90.0,19.5,none,kx2,"40m,30m,20m,17m,15m,12m,10m",7,0,0,7,0.5335888427087925,0.4859774990759297,0.12010133809252782
elevated_tree_feed20_end3_dedicated_angled_33ft_az135_none,elevated_tree,20.0,3.0,dedicated_angled,dedicated_angled_33ft_az135,33.0,135.0,19.5,none,kx2,"40m,30m,20m,17m,15m,12m,10m",7,0,0,7,0.5309583828800406,0.47889699323205753,0.1260453354498582
elevated_tree_feed20_end3_dedicated_angled_33ft_az180_none,elevated_tree,20.0,3.0,dedicated_angled,dedicated_angled_33ft_az180,33.0,180.0,19.5,none,kx2,"40m,30m,20m,17m,15m,12m,10m",7,0,0,7,0.5309976061161151,0.4754834712886867,0.1275076089834082
elevated_tree_feed20_end3_dedicated_angled_37ft_az90_none,elevated_tree,20.0,3.0,dedicated_angled,dedicated_angled_37ft_az90,37.0,90.0,19.5,none,kx2,"40m,30m,20m,17m,15m,12m,10m",7,0,0,7,0.5256759754699022,0.4175703518126175,0.12418020886348725
elevated_tree_feed20_end3_dedicated_angled_37ft_az135_none,elevated_tree,20.0,3.0,dedicated_angled,dedicated_angled_37ft_az135,37.0,135.0,19.5,none,kx2,"40m,30m,20m,17m,15m,12m,10m",7,0,0,7,0.5263694012212371,0.4551580173478667,0.11966084033137442
elevated_tree_feed20_end3_dedicated_angled_37ft_az180_none,elevated_tree,20.0,3.0,dedicated_angled,dedicated_angled_37ft_az180,37.0,180.0,19.5,none,kx2,"40m,30m,20m,17m,15m,12m,10m",7,0,0,7,0.5262200102754246,0.46176035039758395,0.1257481281360296
elevated_tree_feed20_end3_dedicated_angled_41ft_az90_none,elevated_tree,20.0,3.0,dedicated_angled,dedicated_angled_41ft_az90,41.0,90.0,19.5,none,kx2,"40m,30m,20m,17m,15m,12m,10m",7,0,0,7,0.5724965176747432,0.46131089366438927,0.12086048686386906
elevated_tree_feed20_end3_dedicated_angled_41ft_az135_none,elevated_tree,20.0,3.0,dedicated_angled,dedicated_angled_41ft_az135,41.0,135.0,19.5,none,kx2,"40m,30m,20m,17m,15m,12m,10m",7,0,0,7,0.5645566675614146,0.49884017309972956,0.12336935171536964
elevated_tree_feed20_end3_dedicated_angled_41ft_az180_none,elevated_tree,20.0,3.0,dedicated_angled,dedicated_angled_41ft_az180,41.0,180.0,19.5,none,kx2,"40m,30m,20m,17m,15m,12m,10m",7,0,0,7,0.5589717903033209,0.4937884775272506,0.12503018018723946
elevated_tree_feed20_end3_dedicated_angled_45ft_az90_none,elevated_tree,20.0,3.0,dedicated_angled,dedicated_angled_45ft_az90,45.0,90.0,19.5,none,kx2,"40m,30m,20m,17m,15m,12m,10m",7,0,0,7,0.5572648747322725,0.4389013686734841,0.11759042421911088
elevated_tree_feed20_end3_dedicated_angled_45ft_az135_none,elevated_tree,20.0,3.0,dedicated_angled,dedicated_angled_45ft_az135,45.0,135.0,19.5,none,kx2,"40m,30m,20m,17m,15m,12m,10m",7,0,0,7,0.5513938870892166,0.4874774733646307,0.12087017285567879
elevated_tree_feed20_end3_dedicated_angled_45ft_az180_none,elevated_tree,20.0,3.0,dedicated_angled,dedicated_angled_45ft_az180,45.0,180.0,19.5,none,kx2,"40m,30m,20m,17m,15m,12m,10m",7,0,0,7,0.5467156345303774,0.5006062791334596,0.1281542684617518
elevated_tree_feed20_end3_dedicated_angled_49ft_az90_none,elevated_tree,20.0,3.0,dedicated_angled,dedicated_angled_49ft_az90,49.0,90.0,19.5,none,kx2,"40m,30m,20m,17m,15m,12m,10m",7,0,0,7,0.4948474517504313,0.42126026648316506,0.1460848258938012
elevated_tree_feed20_end3_dedicated_angled_49ft_az135_none,elevated_tree,20.0,3.0,dedicated_angled,dedicated_angled_49ft_az135,49.0,135.0,19.5,none,kx2,"40m,30m,20m,17m,15m,12m,10m",7,0,0,7,0.504841669327735,0.45585041595858933,0.13694038181936427
elevated_tree_feed20_end3_dedicated_angled_49ft_az180_none,elevated_tree,20.0,3.0,dedicated_angled,dedicated_angled_49ft_az180,49.0,180.0,19.5,none,kx2,"40m,30m,20m,17m,15m,12m,10m",7,0,0,7,0.5068133561991022,0.45696075600150604,0.13524842520509095
elevated_tree_feed20_end3_dedicated_angled_53ft_az90_none,elevated_tree,20.0,3.0,dedicated_angled,dedicated_angled_53ft_az90,53.0,90.0,19.5,none,kx2,"40m,30m,20m,17m,15m,12m,10m",7,0,0,7,0.4454067239518328,0.39213448464424194,0.20521020708754606
elevated_tree_feed20_end3_dedicated_angled_53ft_az135_none,elevated_tree,20.0,3.0,dedicated_angled,dedicated_angled_53ft_az135,53.0,135.0,19.5,none,kx2,"40m,30m,20m,17m,15m,12m,10m",7,0,0,7,0.4704722849746698,0.4134436547655954,0.21444295733378557
elevated_tree_feed20_end3_dedicated_angled_53ft_az180_none,elevated_tree,20.0,3.0,dedicated_angled,dedicated_angled_53ft_az180,53.0,180.0,19.5,none,kx2,"40m,30m,20m,17m,15m,12m,10m",7,0,0,7,0.4772584806277609,0.41385808956323206,0.20077861120925025
elevated_tree_feed30_end3_coax_return_29.5ft_vertical_none,elevated_tree,30.0,3.0,coax_return,coax_return_29.5ft_vertical,29.5,,29.5,none,kx2,"40m,30m,20m,17m,15m,12m,10m",7,0,0,7,0.48003540493333113,0.401474033316129,0.1219117421597376
elevated_tree_feed30_end3_dedicated_vertical_29.5ft_vertical_none,elevated_tree,30.0,3.0,dedicated_vertical,dedicated_vertical_29.5ft_vertical,29.5,,29.5,none,kx2,"40m,30m,20m,17m,15m,12m,10m",7,0,0,7,0.4645310795930661,0.3758340867710736,0.12016051456554336
elevated_tree_feed30_end3_dedicated_angled_33ft_az90_none,elevated_tree,30.0,3.0,dedicated_angled,dedicated_angled_33ft_az90,33.0,90.0,29.5,none,kx2,"40m,30m,20m,17m,15m,12m,10m",7,0,0,7,0.471014914135868,0.43051557641559896,0.12283820618569648
elevated_tree_feed30_end3_dedicated_angled_33ft_az135_none,elevated_tree,30.0,3.0,dedicated_angled,dedicated_angled_33ft_az135,33.0,135.0,29.5,none,kx2,"40m,30m,20m,17m,15m,12m,10m",7,0,0,7,0.4736551158391325,0.42445408923820155,0.12611574903496944
elevated_tree_feed30_end3_dedicated_angled_33ft_az180_none,elevated_tree,30.0,3.0,dedicated_angled,dedicated_angled_33ft_az180,33.0,180.0,29.5,none,kx2,"40m,30m,20m,17m,15m,12m,10m",7,0,0,7,0.47185273167939606,0.42271304057598846,0.12959709607118108
elevated_tree_feed30_end3_dedicated_angled_37ft_az90_none,elevated_tree,30.0,3.0,dedicated_angled,dedicated_angled_37ft_az90,37.0,90.0,29.5,none,kx2,"40m,30m,20m,17m,15m,12m,10m",7,0,0,7,0.463083815306275,0.3284017429960167,0.11961813914034075
elevated_tree_feed30_end3_dedicated_angled_37ft_az135_none,elevated_tree,30.0,3.0,dedicated_angled,dedicated_angled_37ft_az135,37.0,135.0,29.5,none,kx2,"40m,30m,20m,17m,15m,12m,10m",7,0,0,7,0.46302959403374006,0.3416823936801266,0.12481665112394276
elevated_tree_feed30_end3_dedicated_angled_37ft_az180_none,elevated_tree,30.0,3.0,dedicated_angled,dedicated_angled_37ft_az180,37.0,180.0,29.5,none,kx2,"40m,30m,20m,17m,15m,12m,10m",7,0,0,7,0.46245900070720963,0.35403071152148435,0.12730054510577585
elevated_tree_feed30_end3_dedicated_angled_41ft_az90_none,elevated_tree,30.0,3.0,dedicated_angled,dedicated_angled_41ft_az90,41.0,90.0,29.5,none,kx2,"40m,30m,20m,17m,15m,12m,10m",7,0,0,7,0.5020806450368314,0.39574798978177467,0.1296181951821825
elevated_tree_feed30_end3_dedicated_angled_41ft_az135_none,elevated_tree,30.0,3.0,dedicated_angled,dedicated_angled_41ft_az135,41.0,135.0,29.5,none,kx2,"40m,30m,20m,17m,15m,12m,10m",7,0,0,7,0.5019112740688798,0.4154076588642418,0.14770194664435765
elevated_tree_feed30_end3_dedicated_angled_41ft_az180_none,elevated_tree,30.0,3.0,dedicated_angled,dedicated_angled_41ft_az180,41.0,180.0,29.5,none,kx2,"40m,30m,20m,17m,15m,12m,10m",7,0,0,7,0.498613138877378,0.41600384337466245,0.14721533715590718
elevated_tree_feed30_end3_dedicated_angled_45ft_az90_none,elevated_tree,30.0,3.0,dedicated_angled,dedicated_angled_45ft_az90,45.0,90.0,29.5,none,kx2,"40m,30m,20m,17m,15m,12m,10m",7,0,0,7,0.48692905635404504,0.37658557501452594,0.12788309408600335
elevated_tree_feed30_end3_dedicated_angled_45ft_az135_none,elevated_tree,30.0,3.0,dedicated_angled,dedicated_angled_45ft_az135,45.0,135.0,29.5,none,kx2,"40m,30m,20m,17m,15m,12m,10m",7,0,0,7,0.4902131717529653,0.41330780073238677,0.1329746520202869
elevated_tree_feed30_end3_dedicated_angled_45ft_az180_none,elevated_tree,30.0,3.0,dedicated_angled,dedicated_angled_45ft_az180,45.0,180.0,29.5,none,kx2,"40m,30m,20m,17m,15m,12m,10m",7,0,0,7,0.48606754249578227,0.41671477791783373,0.13506207942797957
elevated_tree_feed30_end3_dedicated_angled_49ft_az90_none,elevated_tree,30.0,3.0,dedicated_angled,dedicated_angled_49ft_az90,49.0,90.0,29.5,none,kx2,"40m,30m,20m,17m,15m,12m,10m",7,0,0,7,0.4205571067316317,0.3595563484728486,0.15668533665557716
elevated_tree_feed30_end3_dedicated_angled_49ft_az135_none,elevated_tree,30.0,3.0,dedicated_angled,dedicated_angled_49ft_az135,49.0,135.0,29.5,none,kx2,"40m,30m,20m,17m,15m,12m,10m",7,0,0,7,0.4350543439908507,0.3797163929479845,0.14748752804790796
elevated_tree_feed30_end3_dedicated_angled_49ft_az180_none,elevated_tree,30.0,3.0,dedicated_angled,dedicated_angled_49ft_az180,49.0,180.0,29.5,none,kx2,"40m,30m,20m,17m,15m,12m,10m",7,0,0,7,0.4358961452061973,0.3909446609382401,0.12818573313724546
elevated_tree_feed30_end3_dedicated_angled_53ft_az90_none,elevated_tree,30.0,3.0,dedicated_angled,dedicated_angled_53ft_az90,53.0,90.0,29.5,none,kx2,"40m,30m,20m,17m,15m,12m,10m",7,0,0,7,0.3684125034186702,0.2934500975834745,0.14461860779209207
elevated_tree_feed30_end3_dedicated_angled_53ft_az135_none,elevated_tree,30.0,3.0,dedicated_angled,dedicated_angled_53ft_az135,53.0,135.0,29.5,none,kx2,"40m,30m,20m,17m,15m,12m,10m",7,0,0,7,0.39366928785860067,0.3189278072341829,0.13261139120575496
elevated_tree_feed30_end3_dedicated_angled_53ft_az180_none,elevated_tree,30.0,3.0,dedicated_angled,dedicated_angled_53ft_az180,53.0,180.0,29.5,none,kx2,"40m,30m,20m,17m,15m,12m,10m",7,0,0,7,0.4003966982894512,0.33952740966209216,0.1275576068002142
elevated_tree_feed40_end3_coax_return_39.5ft_vertical_none,elevated_tree,40.0,3.0,coax_return,coax_return_39.5ft_vertical,39.5,,39.5,none,kx2,"40m,30m,20m,17m,15m,12m,10m",7,0,0,7,0.4477825530109181,0.3214554942214582,0.08558123105581274
elevated_tree_feed40_end3_dedicated_vertical_39.5ft_vertical_none,elevated_tree,40.0,3.0,dedicated_vertical,dedicated_vertical_39.5ft_vertical,39.5,,39.5,none,kx2,"40m,30m,20m,17m,15m,12m,10m",7,0,0,7,0.4315147487145642,0.3177673570802714,0.09398905159499563
elevated_tree_feed40_end3_dedicated_angled_41ft_az90_none,elevated_tree,40.0,3.0,dedicated_angled,dedicated_angled_41ft_az90,41.0,90.0,39.5,none,kx2,"40m,30m,20m,17m,15m,12m,10m",7,0,0,7,0.44693060785785843,0.3220647964359971,0.09179281928849803
elevated_tree_feed40_end3_dedicated_angled_41ft_az135_none,elevated_tree,40.0,3.0,dedicated_angled,dedicated_angled_41ft_az135,41.0,135.0,39.5,none,kx2,"40m,30m,20m,17m,15m,12m,10m",7,0,0,7,0.4559527754242396,0.34395383530497525,0.08980744362983054
elevated_tree_feed40_end3_dedicated_angled_41ft_az180_none,elevated_tree,40.0,3.0,dedicated_angled,dedicated_angled_41ft_az180,41.0,180.0,39.5,none,kx2,"40m,30m,20m,17m,15m,12m,10m",7,0,0,7,0.4583169206315594,0.3432547802082023,0.08538366754497947
elevated_tree_feed40_end3_dedicated_angled_45ft_az90_none,elevated_tree,40.0,3.0,dedicated_angled,dedicated_angled_45ft_az90,45.0,90.0,39.5,none,kx2,"40m,30m,20m,17m,15m,12m,10m",7,0,0,7,0.431148752007068,0.3046102338421092,0.10540712624051973
elevated_tree_feed40_end3_dedicated_angled_45ft_az135_none,elevated_tree,40.0,3.0,dedicated_angled,dedicated_angled_45ft_az135,45.0,135.0,39.5,none,kx2,"40m,30m,20m,17m,15m,12m,10m",7,0,0,7,0.4470174581232892,0.36276561043597005,0.1039532714415039
elevated_tree_feed40_end3_dedicated_angled_45ft_az180_none,elevated_tree,40.0,3.0,dedicated_angled,dedicated_angled_45ft_az180,45.0,180.0,39.5,none,kx2,"40m,30m,20m,17m,15m,12m,10m",7,0,0,7,0.45103751082276033,0.3761605723384109,0.09985327090813106
elevated_tree_feed40_end3_dedicated_angled_49ft_az90_none,elevated_tree,40.0,3.0,dedicated_angled,dedicated_angled_49ft_az90,49.0,90.0,39.5,none,kx2,"40m,30m,20m,17m,15m,12m,10m",7,0,0,7,0.36394096650562385,0.2941592279580015,0.12019658554338783
elevated_tree_feed40_end3_dedicated_angled_49ft_az135_none,elevated_tree,40.0,3.0,dedicated_angled,dedicated_angled_49ft_az135,49.0,135.0,39.5,none,kx2,"40m,30m,20m,17m,15m,12m,10m",7,0,0,7,0.3842383306956665,0.32126341426511,0.1218326833745488
elevated_tree_feed40_end3_dedicated_angled_49ft_az180_none,elevated_tree,40.0,3.0,dedicated_angled,dedicated_angled_49ft_az180,49.0,180.0,39.5,none,kx2,"40m,30m,20m,17m,15m,12m,10m",7,0,0,7,0.38928066743423595,0.32128755778127943,0.12362433227836646
elevated_tree_feed40_end3_dedicated_angled_53ft_az90_none,elevated_tree,40.0,3.0,dedicated_angled,dedicated_angled_53ft_az90,53.0,90.0,39.5,none,kx2,"40m,30m,20m,17m,15m,12m,10m",7,0,0,7,0.3068333462776408,0.22933966567279535,0.11390068741462617
elevated_tree_feed40_end3_dedicated_angled_53ft_az135_none,elevated_tree,40.0,3.0,dedicated_angled,dedicated_angled_53ft_az135,53.0,135.0,39.5,none,kx2,"40m,30m,20m,17m,15m,12m,10m",7,0,0,7,0.3331043608373492,0.24247551201311732,0.1080499920468536
elevated_tree_feed40_end3_dedicated_angled_53ft_az180_none,elevated_tree,40.0,3.0,dedicated_angled,dedicated_angled_53ft_az180,53.0,180.0,39.5,none,kx2,"40m,30m,20m,17m,15m,12m,10m",7,0,0,7,0.33921304437982247,0.24200551993863417,0.10974250080068597
sloper_20_to_40_feed20_end40_coax_return_19.5ft_vertical_none,sloper_20_to_40,20.0,40.0,coax_return,coax_return_19.5ft_vertical,19.5,,19.5,none,kx2,"40m,30m,20m,17m,15m,12m,10m",7,0,0,7,0.5786676351039308,0.4596470547714348,0.09692464628550979
sloper_20_to_40_feed20_end40_dedicated_vertical_19.5ft_vertical_none,sloper_20_to_40,20.0,40.0,dedicated_vertical,dedicated_vertical_19.5ft_vertical,19.5,,19.5,none,kx2,"40m,30m,20m,17m,15m,12m,10m",7,0,0,7,0.5560161274492197,0.4490396009548199,0.09704809711123183
sloper_20_to_40_feed20_end40_dedicated_angled_21ft_az90_none,sloper_20_to_40,20.0,40.0,dedicated_angled,dedicated_angled_21ft_az90,21.0,90.0,19.5,none,kx2,"40m,30m,20m,17m,15m,12m,10m",7,0,0,7,0.5616505530413609,0.4715554763748612,0.10108374236002171
sloper_20_to_40_feed20_end40_dedicated_angled_21ft_az135_none,sloper_20_to_40,20.0,40.0,dedicated_angled,dedicated_angled_21ft_az135,21.0,135.0,19.5,none,kx2,"40m,30m,20m,17m,15m,12m,10m",7,0,0,7,0.5620524875334589,0.4700856083621707,0.09518284957141852
sloper_20_to_40_feed20_end40_dedicated_angled_21ft_az180_none,sloper_20_to_40,20.0,40.0,dedicated_angled,dedicated_angled_21ft_az180,21.0,180.0,19.5,none,kx2,"40m,30m,20m,17m,15m,12m,10m",7,0,0,7,0.5620782867965552,0.46865099601636495,0.099198795966525
sloper_20_to_40_feed20_end40_dedicated_angled_25ft_az90_none,sloper_20_to_40,20.0,40.0,dedicated_angled,dedicated_angled_25ft_az90,25.0,90.0,19.5,none,kx2,"40m,30m,20m,17m,15m,12m,10m",7,0,0,7,0.5464991924963768,0.45730274176907393,0.10045369862827794
sloper_20_to_40_feed20_end40_dedicated_angled_25ft_az135_none,sloper_20_to_40,20.0,40.0,dedicated_angled,dedicated_angled_25ft_az135,25.0,135.0,19.5,none,kx2,"40m,30m,20m,17m,15m,12m,10m",7,0,0,7,0.5463439625357808,0.45558532582017863,0.10080760710813633
sloper_20_to_40_feed20_end40_dedicated_angled_25ft_az180_none,sloper_20_to_40,20.0,40.0,dedicated_angled,dedicated_angled_25ft_az180,25.0,180.0,19.5,none,kx2,"40m,30m,20m,17m,15m,12m,10m",7,0,0,7,0.5455466860845382,0.44962100745239153,0.10197692690838758
sloper_20_to_40_feed20_end40_dedicated_angled_29ft_az90_none,sloper_20_to_40,20.0,40.0,dedicated_angled,dedicated_angled_29ft_az90,29.0,90.0,19.5,none,kx2,"40m,30m,20m,17m,15m,12m,10m",7,0,0,7,0.5578406361791654,0.4518706041094862,0.08475813756488973
sloper_20_to_40_feed20_end40_dedicated_angled_29ft_az135_none,sloper_20_to_40,20.0,40.0,dedicated_angled,dedicated_angled_29ft_az135,29.0,135.0,19.5,none,kx2,"40m,30m,20m,17m,15m,12m,10m",7,0,0,7,0.5515428794303702,0.42735565749236337,0.0974767940468789
sloper_20_to_40_feed20_end40_dedicated_angled_29ft_az180_none,sloper_20_to_40,20.0,40.0,dedicated_angled,dedicated_angled_29ft_az180,29.0,180.0,19.5,none,kx2,"40m,30m,20m,17m,15m,12m,10m",7,0,0,7,0.5489202246974778,0.40991468861563934,0.09167797030302743
sloper_20_to_40_feed20_end40_dedicated_angled_33ft_az90_none,sloper_20_to_40,20.0,40.0,dedicated_angled,dedicated_angled_33ft_az90,33.0,90.0,19.5,none,kx2,"40m,30m,20m,17m,15m,12m,10m",7,0,0,7,0.5496674048284559,0.4995905669176892,0.12297798964296619
sloper_20_to_40_feed20_end40_dedicated_angled_33ft_az135_none,sloper_20_to_40,20.0,40.0,dedicated_angled,dedicated_angled_33ft_az135,33.0,135.0,19.5,none,kx2,"40m,30m,20m,17m,15m,12m,10m",7,0,0,7,0.5489748253253097,0.46748576777987755,0.1213191295035569
sloper_20_to_40_feed20_end40_dedicated_angled_33ft_az180_none,sloper_20_to_40,20.0,40.0,dedicated_angled,dedicated_angled_33ft_az180,33.0,180.0,19.5,none,kx2,"40m,30m,20m,17m,15m,12m,10m",7,0,0,7,0.5498972052207992,0.45095811908197836,0.12145769934669266
sloper_20_to_40_feed20_end40_dedicated_angled_37ft_az90_none,sloper_20_to_40,20.0,40.0,dedicated_angled,dedicated_angled_37ft_az90,37.0,90.0,19.5,none,kx2,"40m,30m,20m,17m,15m,12m,10m",7,0,0,7,0.5417930552489407,0.43546883614024745,0.11625671499207804
sloper_20_to_40_feed20_end40_dedicated_angled_37ft_az135_none,sloper_20_to_40,20.0,40.0,dedicated_angled,dedicated_angled_37ft_az135,37.0,135.0,19.5,none,kx2,"40m,30m,20m,17m,15m,12m,10m",7,0,0,7,0.5413433739530072,0.4541228281000295,0.12076552676474332
sloper_20_to_40_feed20_end40_dedicated_angled_37ft_az180_none,sloper_20_to_40,20.0,40.0,dedicated_angled,dedicated_angled_37ft_az180,37.0,180.0,19.5,none,kx2,"40m,30m,20m,17m,15m,12m,10m",7,0,0,7,0.5403724262614055,0.45050456769805197,0.12215644557684277
sloper_20_to_40_feed20_end40_dedicated_angled_41ft_az90_none,sloper_20_to_40,20.0,40.0,dedicated_angled,dedicated_angled_41ft_az90,41.0,90.0,19.5,none,kx2,"40m,30m,20m,17m,15m,12m,10m",7,0,0,7,0.5825660323303422,0.49634249660112717,0.12584693762320098
sloper_20_to_40_feed20_end40_dedicated_angled_41ft_az135_none,sloper_20_to_40,20.0,40.0,dedicated_angled,dedicated_angled_41ft_az135,41.0,135.0,19.5,none,kx2,"40m,30m,20m,17m,15m,12m,10m",7,0,0,7,0.5704969799170057,0.48778327451601666,0.13109422194122294
sloper_20_to_40_feed20_end40_dedicated_angled_41ft_az180_none,sloper_20_to_40,20.0,40.0,dedicated_angled,dedicated_angled_41ft_az180,41.0,180.0,19.5,none,kx2,"40m,30m,20m,17m,15m,12m,10m",7,0,0,7,0.5662864605266468,0.47836312761906885,0.09717910033596149
sloper_20_to_40_feed20_end40_dedicated_angled_45ft_az90_none,sloper_20_to_40,20.0,40.0,dedicated_angled,dedicated_angled_45ft_az90,45.0,90.0,19.5,none,kx2,"40m,30m,20m,17m,15m,12m,10m",7,0,0,7,0.5667156744479565,0.506737572834791,0.11713148110579547
sloper_20_to_40_feed20_end40_dedicated_angled_45ft_az135_none,sloper_20_to_40,20.0,40.0,dedicated_angled,dedicated_angled_45ft_az135,45.0,135.0,19.5,none,kx2,"40m,30m,20m,17m,15m,12m,10m",7,0,0,7,0.5562905971062286,0.508627474098941,0.134208093689201
sloper_20_to_40_feed20_end40_dedicated_angled_45ft_az180_none,sloper_20_to_40,20.0,40.0,dedicated_angled,dedicated_angled_45ft_az180,45.0,180.0,19.5,none,kx2,"40m,30m,20m,17m,15m,12m,10m",7,0,0,7,0.5534032196797806,0.5002011927702543,0.13465360055718004
sloper_20_to_40_feed20_end40_dedicated_angled_49ft_az90_none,sloper_20_to_40,20.0,40.0,dedicated_angled,dedicated_angled_49ft_az90,49.0,90.0,19.5,none,kx2,"40m,30m,20m,17m,15m,12m,10m",7,0,0,7,0.5101789946926959,0.453570152586234,0.13725780340170307
sloper_20_to_40_feed20_end40_dedicated_angled_49ft_az135_none,sloper_20_to_40,20.0,40.0,dedicated_angled,dedicated_angled_49ft_az135,49.0,135.0,19.5,none,kx2,"40m,30m,20m,17m,15m,12m,10m",7,0,0,7,0.5148381155861923,0.4531773225368191,0.126151429065638
sloper_20_to_40_feed20_end40_dedicated_angled_49ft_az180_none,sloper_20_to_40,20.0,40.0,dedicated_angled,dedicated_angled_49ft_az180,49.0,180.0,19.5,none,kx2,"40m,30m,20m,17m,15m,12m,10m",7,0,0,7,0.5171876611954573,0.43944795364901235,0.12376738151704961
sloper_20_to_40_feed20_end40_dedicated_angled_53ft_az90_none,sloper_20_to_40,20.0,40.0,dedicated_angled,dedicated_angled_53ft_az90,53.0,90.0,19.5,none,kx2,"40m,30m,20m,17m,15m,12m,10m",7,0,0,7,0.46804426790052966,0.3978597441249984,0.19422572931638005
sloper_20_to_40_feed20_end40_dedicated_angled_53ft_az135_none,sloper_20_to_40,20.0,40.0,dedicated_angled,dedicated_angled_53ft_az135,53.0,135.0,19.5,none,kx2,"40m,30m,20m,17m,15m,12m,10m",7,0,0,7,0.4873356623816327,0.4451454245857822,0.2037684707779691
sloper_20_to_40_feed20_end40_dedicated_angled_53ft_az180_none,sloper_20_to_40,20.0,40.0,dedicated_angled,dedicated_angled_53ft_az180,53.0,180.0,19.5,none,kx2,"40m,30m,20m,17m,15m,12m,10m",7,0,0,7,0.49057285543290985,0.41988885183355984,0.1749728209776538
sloper_20_to_40_feed20_end40_coax_return_19.5ft_vertical_cfrp_5e3_3in,sloper_20_to_40,20.0,40.0,coax_return,coax_return_19.5ft_vertical,19.5,,19.5,cfrp_5e3_3in,kx2,"40m,30m,20m,17m,15m,12m,10m",7,0,0,7,0.48140120932409997,0.28011730132446033,0.10430880202692125
sloper_20_to_40_feed20_end40_dedicated_vertical_19.5ft_vertical_cfrp_5e3_3in,sloper_20_to_40,20.0,40.0,dedicated_vertical,dedicated_vertical_19.5ft_vertical,19.5,,19.5,cfrp_5e3_3in,kx2,"40m,30m,20m,17m,15m,12m,10m",7,0,0,7,0.4350367083260866,0.17572110671515806,0.10332513587444855
sloper_20_to_40_feed20_end40_dedicated_angled_21ft_az90_cfrp_5e3_3in,sloper_20_to_40,20.0,40.0,dedicated_angled,dedicated_angled_21ft_az90,21.0,90.0,19.5,cfrp_5e3_3in,kx2,"40m,30m,20m,17m,15m,12m,10m",7,0,0,7,0.5236665498378253,0.4280547833772447,0.09702757339265355
sloper_20_to_40_feed20_end40_dedicated_angled_21ft_az135_cfrp_5e3_3in,sloper_20_to_40,20.0,40.0,dedicated_angled,dedicated_angled_21ft_az135,21.0,135.0,19.5,cfrp_5e3_3in,kx2,"40m,30m,20m,17m,15m,12m,10m",7,0,0,7,0.5275144733882999,0.4606788165233542,0.10958186474331574
sloper_20_to_40_feed20_end40_dedicated_angled_21ft_az180_cfrp_5e3_3in,sloper_20_to_40,20.0,40.0,dedicated_angled,dedicated_angled_21ft_az180,21.0,180.0,19.5,cfrp_5e3_3in,kx2,"40m,30m,20m,17m,15m,12m,10m",7,0,0,7,0.5302866184107045,0.46582441666093405,0.11356084745277781
sloper_20_to_40_feed20_end40_dedicated_angled_25ft_az90_cfrp_5e3_3in,sloper_20_to_40,20.0,40.0,dedicated_angled,dedicated_angled_25ft_az90,25.0,90.0,19.5,cfrp_5e3_3in,kx2,"40m,30m,20m,17m,15m,12m,10m",7,0,0,7,0.5111235055715247,0.40912021551852323,0.1518519297545116
sloper_20_to_40_feed20_end40_dedicated_angled_25ft_az135_cfrp_5e3_3in,sloper_20_to_40,20.0,40.0,dedicated_angled,dedicated_angled_25ft_az135,25.0,135.0,19.5,cfrp_5e3_3in,kx2,"40m,30m,20m,17m,15m,12m,10m",7,0,0,7,0.5339117960537895,0.41890458476026826,0.0979890203267965
sloper_20_to_40_feed20_end40_dedicated_angled_25ft_az180_cfrp_5e3_3in,sloper_20_to_40,20.0,40.0,dedicated_angled,dedicated_angled_25ft_az180,25.0,180.0,19.5,cfrp_5e3_3in,kx2,"40m,30m,20m,17m,15m,12m,10m",7,0,0,7,0.5339242372571726,0.41327520966434417,0.10042873802233304
sloper_20_to_40_feed20_end40_dedicated_angled_29ft_az90_cfrp_5e3_3in,sloper_20_to_40,20.0,40.0,dedicated_angled,dedicated_angled_29ft_az90,29.0,90.0,19.5,cfrp_5e3_3in,kx2,"40m,30m,20m,17m,15m,12m,10m",7,0,0,7,0.5280383493363812,0.41966357863355713,0.12165991109319417
sloper_20_to_40_feed20_end40_dedicated_angled_29ft_az135_cfrp_5e3_3in,sloper_20_to_40,20.0,40.0,dedicated_angled,dedicated_angled_29ft_az135,29.0,135.0,19.5,cfrp_5e3_3in,kx2,"40m,30m,20m,17m,15m,12m,10m",7,0,0,7,0.543700496052826,0.427070494589644,0.08839723819300586
sloper_20_to_40_feed20_end40_dedicated_angled_29ft_az180_cfrp_5e3_3in,sloper_20_to_40,20.0,40.0,dedicated_angled,dedicated_angled_29ft_az180,29.0,180.0,19.5,cfrp_5e3_3in,kx2,"40m,30m,20m,17m,15m,12m,10m",7,0,0,7,0.5412612229239571,0.4099708650579299,0.09091146217776623
sloper_20_to_40_feed20_end40_dedicated_angled_33ft_az90_cfrp_5e3_3in,sloper_20_to_40,20.0,40.0,dedicated_angled,dedicated_angled_33ft_az90,33.0,90.0,19.5,cfrp_5e3_3in,kx2,"40m,30m,20m,17m,15m,12m,10m",7,0,0,7,0.5321616770107764,0.4367076210489045,0.14024474526724656
sloper_20_to_40_feed20_end40_dedicated_angled_33ft_az135_cfrp_5e3_3in,sloper_20_to_40,20.0,40.0,dedicated_angled,dedicated_angled_33ft_az135,33.0,135.0,19.5,cfrp_5e3_3in,kx2,"40m,30m,20m,17m,15m,12m,10m",7,0,0,7,0.5405202204115763,0.47289212784938894,0.12113156192748913
sloper_20_to_40_feed20_end40_dedicated_angled_33ft_az180_cfrp_5e3_3in,sloper_20_to_40,20.0,40.0,dedicated_angled,dedicated_angled_33ft_az180,33.0,180.0,19.5,cfrp_5e3_3in,kx2,"40m,30m,20m,17m,15m,12m,10m",7,0,0,7,0.5401132090419271,0.4526502191385633,0.1327783908860029
sloper_20_to_40_feed20_end40_dedicated_angled_37ft_az90_cfrp_5e3_3in,sloper_20_to_40,20.0,40.0,dedicated_angled,dedicated_angled_37ft_az90,37.0,90.0,19.5,cfrp_5e3_3in,kx2,"40m,30m,20m,17m,15m,12m,10m",7,0,0,7,0.5484859829709869,0.4165338959070009,0.11801781236064456
sloper_20_to_40_feed20_end40_dedicated_angled_37ft_az135_cfrp_5e3_3in,sloper_20_to_40,20.0,40.0,dedicated_angled,dedicated_angled_37ft_az135,37.0,135.0,19.5,cfrp_5e3_3in,kx2,"40m,30m,20m,17m,15m,12m,10m",7,0,0,7,0.5469579964606092,0.4567007686261024,0.11948018342845616
sloper_20_to_40_feed20_end40_dedicated_angled_37ft_az180_cfrp_5e3_3in,sloper_20_to_40,20.0,40.0,dedicated_angled,dedicated_angled_37ft_az180,37.0,180.0,19.5,cfrp_5e3_3in,kx2,"40m,30m,20m,17m,15m,12m,10m",7,0,0,7,0.5424291496416088,0.45220189562808616,0.12166564536038309
sloper_20_to_40_feed20_end40_dedicated_angled_41ft_az90_cfrp_5e3_3in,sloper_20_to_40,20.0,40.0,dedicated_angled,dedicated_angled_41ft_az90,41.0,90.0,19.5,cfrp_5e3_3in,kx2,"40m,30m,20m,17m,15m,12m,10m",7,0,0,7,0.57159790718055,0.5025916812922194,0.11366716071565237
sloper_20_to_40_feed20_end40_dedicated_angled_41ft_az135_cfrp_5e3_3in,sloper_20_to_40,20.0,40.0,dedicated_angled,dedicated_angled_41ft_az135,41.0,135.0,19.5,cfrp_5e3_3in,kx2,"40m,30m,20m,17m,15m,12m,10m",7,0,0,7,0.5738636921568968,0.5011581412198242,0.11207188378185406
sloper_20_to_40_feed20_end40_dedicated_angled_41ft_az180_cfrp_5e3_3in,sloper_20_to_40,20.0,40.0,dedicated_angled,dedicated_angled_41ft_az180,41.0,180.0,19.5,cfrp_5e3_3in,kx2,"40m,30m,20m,17m,15m,12m,10m",7,0,0,7,0.5702459582472857,0.4868442854366918,0.11051846044098135
sloper_20_to_40_feed20_end40_dedicated_angled_45ft_az90_cfrp_5e3_3in,sloper_20_to_40,20.0,40.0,dedicated_angled,dedicated_angled_45ft_az90,45.0,90.0,19.5,cfrp_5e3_3in,kx2,"40m,30m,20m,17m,15m,12m,10m",7,0,0,7,0.5416915738421347,0.4984987243447746,0.13738332868349235
sloper_20_to_40_feed20_end40_dedicated_angled_45ft_az135_cfrp_5e3_3in,sloper_20_to_40,20.0,40.0,dedicated_angled,dedicated_angled_45ft_az135,45.0,135.0,19.5,cfrp_5e3_3in,kx2,"40m,30m,20m,17m,15m,12m,10m",7,0,0,7,0.5468390917457143,0.5187233109617527,0.11581237298278432
sloper_20_to_40_feed20_end40_dedicated_angled_45ft_az180_cfrp_5e3_3in,sloper_20_to_40,20.0,40.0,dedicated_angled,dedicated_angled_45ft_az180,45.0,180.0,19.5,cfrp_5e3_3in,kx2,"40m,30m,20m,17m,15m,12m,10m",7,0,0,7,0.5484082114309593,0.5115944279791468,0.11834845863330072
sloper_20_to_40_feed20_end40_dedicated_angled_49ft_az90_cfrp_5e3_3in,sloper_20_to_40,20.0,40.0,dedicated_angled,dedicated_angled_49ft_az90,49.0,90.0,19.5,cfrp_5e3_3in,kx2,"40m,30m,20m,17m,15m,12m,10m",7,0,0,7,0.49396284666267304,0.42405658517805084,0.1386961754106705
sloper_20_to_40_feed20_end40_dedicated_angled_49ft_az135_cfrp_5e3_3in,sloper_20_to_40,20.0,40.0,dedicated_angled,dedicated_angled_49ft_az135,49.0,135.0,19.5,cfrp_5e3_3in,kx2,"40m,30m,20m,17m,15m,12m,10m",7,0,0,7,0.509295367098119,0.44833338918996063,0.1254664729601943
sloper_20_to_40_feed20_end40_dedicated_angled_49ft_az180_cfrp_5e3_3in,sloper_20_to_40,20.0,40.0,dedicated_angled,dedicated_angled_49ft_az180,49.0,180.0,19.5,cfrp_5e3_3in,kx2,"40m,30m,20m,17m,15m,12m,10m",7,0,0,7,0.5141461528236791,0.4389706630866801,0.1261545381824333
sloper_20_to_40_feed20_end40_dedicated_angled_53ft_az90_cfrp_5e3_3in,sloper_20_to_40,20.0,40.0,dedicated_angled,dedicated_angled_53ft_az90,53.0,90.0,19.5,cfrp_5e3_3in,kx2,"40m,30m,20m,17m,15m,12m,10m",7,0,0,7,0.4529142374518571,0.366953466923682,0.19288910843676582
sloper_20_to_40_feed20_end40_dedicated_angled_53ft_az135_cfrp_5e3_3in,sloper_20_to_40,20.0,40.0,dedicated_angled,dedicated_angled_53ft_az135,53.0,135.0,19.5,cfrp_5e3_3in,kx2,"40m,30m,20m,17m,15m,12m,10m",7,0,0,7,0.48307805786314484,0.4398540310832514,0.20627630517681458
sloper_20_to_40_feed20_end40_dedicated_angled_53ft_az180_cfrp_5e3_3in,sloper_20_to_40,20.0,40.0,dedicated_angled,dedicated_angled_53ft_az180,53.0,180.0,19.5,cfrp_5e3_3in,kx2,"40m,30m,20m,17m,15m,12m,10m",7,0,0,7,0.48630854437000454,0.42148944101584784,0.1768010989122749
sloper_20_to_40_feed20_end40_coax_return_19.5ft_vertical_cfrp_5e4_3in,sloper_20_to_40,20.0,40.0,coax_return,coax_return_19.5ft_vertical,19.5,,19.5,cfrp_5e4_3in,kx2,"40m,30m,20m,17m,15m,12m,10m",7,0,0,7,0.482692171294782,0.2683929821457511,0.10407502765117961
sloper_20_to_40_feed20_end40_dedicated_vertical_19.5ft_vertical_cfrp_5e4_3in,sloper_20_to_40,20.0,40.0,dedicated_vertical,dedicated_vertical_19.5ft_vertical,19.5,,19.5,cfrp_5e4_3in,kx2,"40m,30m,20m,17m,15m,12m,10m",7,0,0,7,0.4373952087125824,0.1692785433080743,0.10312832919280665
sloper_20_to_40_feed20_end40_dedicated_angled_21ft_az90_cfrp_5e4_3in,sloper_20_to_40,20.0,40.0,dedicated_angled,dedicated_angled_21ft_az90,21.0,90.0,19.5,cfrp_5e4_3in,kx2,"40m,30m,20m,17m,15m,12m,10m",7,0,0,7,0.5350948413855752,0.44393034380402857,0.09707924142083482
sloper_20_to_40_feed20_end40_dedicated_angled_21ft_az135_cfrp_5e4_3in,sloper_20_to_40,20.0,40.0,dedicated_angled,dedicated_angled_21ft_az135,21.0,135.0,19.5,cfrp_5e4_3in,kx2,"40m,30m,20m,17m,15m,12m,10m",7,0,0,7,0.5365050915279042,0.47081410405923396,0.10632904429348429
sloper_20_to_40_feed20_end40_dedicated_angled_21ft_az180_cfrp_5e4_3in,sloper_20_to_40,20.0,40.0,dedicated_angled,dedicated_angled_21ft_az180,21.0,180.0,19.5,cfrp_5e4_3in,kx2,"40m,30m,20m,17m,15m,12m,10m",7,0,0,7,0.5386321844864961,0.4683034779298661,0.11126388542451285
sloper_20_to_40_feed20_end40_dedicated_angled_25ft_az90_cfrp_5e4_3in,sloper_20_to_40,20.0,40.0,dedicated_angled,dedicated_angled_25ft_az90,25.0,90.0,19.5,cfrp_5e4_3in,kx2,"40m,30m,20m,17m,15m,12m,10m",7,0,0,7,0.5233109751755176,0.43523573400630566,0.15206620854584016
sloper_20_to_40_feed20_end40_dedicated_angled_25ft_az135_cfrp_5e4_3in,sloper_20_to_40,20.0,40.0,dedicated_angled,dedicated_angled_25ft_az135,25.0,135.0,19.5,cfrp_5e4_3in,kx2,"40m,30m,20m,17m,15m,12m,10m",7,0,0,7,0.5401118296168408,0.4231923568818952,0.09805102355568766
sloper_20_to_40_feed20_end40_dedicated_angled_25ft_az180_cfrp_5e4_3in,sloper_20_to_40,20.0,40.0,dedicated_angled,dedicated_angled_25ft_az180,25.0,180.0,19.5,cfrp_5e4_3in,kx2,"40m,30m,20m,17m,15m,12m,10m",7,0,0,7,0.5401239680431454,0.4167889357542121,0.10049067163323153
sloper_20_to_40_feed20_end40_dedicated_angled_29ft_az90_cfrp_5e4_3in,sloper_20_to_40,20.0,40.0,dedicated_angled,dedicated_angled_29ft_az90,29.0,90.0,19.5,cfrp_5e4_3in,kx2,"40m,30m,20m,17m,15m,12m,10m",7,0,0,7,0.5329433349414691,0.4252962509780651,0.12313560498276951
sloper_20_to_40_feed20_end40_dedicated_angled_29ft_az135_cfrp_5e4_3in,sloper_20_to_40,20.0,40.0,dedicated_angled,dedicated_angled_29ft_az135,29.0,135.0,19.5,cfrp_5e4_3in,kx2,"40m,30m,20m,17m,15m,12m,10m",7,0,0,7,0.5475346570815842,0.4283575648832589,0.08837004569443035
sloper_20_to_40_feed20_end40_dedicated_angled_29ft_az180_cfrp_5e4_3in,sloper_20_to_40,20.0,40.0,dedicated_angled,dedicated_angled_29ft_az180,29.0,180.0,19.5,cfrp_5e4_3in,kx2,"40m,30m,20m,17m,15m,12m,10m",7,0,0,7,0.5451354518569961,0.410690247820946,0.08997194803387414
sloper_20_to_40_feed20_end40_dedicated_angled_33ft_az90_cfrp_5e4_3in,sloper_20_to_40,20.0,40.0,dedicated_angled,dedicated_angled_33ft_az90,33.0,90.0,19.5,cfrp_5e4_3in,kx2,"40m,30m,20m,17m,15m,12m,10m",7,0,0,7,0.5400036157228827,0.46862567261083876,0.14115377132661688
sloper_20_to_40_feed20_end40_dedicated_angled_33ft_az135_cfrp_5e4_3in,sloper_20_to_40,20.0,40.0,dedicated_angled,dedicated_angled_33ft_az135,33.0,135.0,19.5,cfrp_5e4_3in,kx2,"40m,30m,20m,17m,15m,12m,10m",7,0,0,7,0.5418083115976183,0.4735236698861974,0.12339012901654643
sloper_20_to_40_feed20_end40_dedicated_angled_33ft_az180_cfrp_5e4_3in,sloper_20_to_40,20.0,40.0,dedicated_angled,dedicated_angled_33ft_az180,33.0,180.0,19.5,cfrp_5e4_3in,kx2,"40m,30m,20m,17m,15m,12m,10m",7,0,0,7,0.5417261397012806,0.4537418392937825,0.13276177297496525
sloper_20_to_40_feed20_end40_dedicated_angled_37ft_az90_cfrp_5e4_3in,sloper_20_to_40,20.0,40.0,dedicated_angled,dedicated_angled_37ft_az90,37.0,90.0,19.5,cfrp_5e4_3in,kx2,"40m,30m,20m,17m,15m,12m,10m",7,0,0,7,0.5550375930224631,0.4188675996350902,0.11805110424800608
sloper_20_to_40_feed20_end40_dedicated_angled_37ft_az135_cfrp_5e4_3in,sloper_20_to_40,20.0,40.0,dedicated_angled,dedicated_angled_37ft_az135,37.0,135.0,19.5,cfrp_5e4_3in,kx2,"40m,30m,20m,17m,15m,12m,10m",7,0,0,7,0.5506643146081829,0.4589773557964549,0.11947636567002384
sloper_20_to_40_feed20_end40_dedicated_angled_37ft_az180_cfrp_5e4_3in,sloper_20_to_40,20.0,40.0,dedicated_angled,dedicated_angled_37ft_az180,37.0,180.0,19.5,cfrp_5e4_3in,kx2,"40m,30m,20m,17m,15m,12m,10m",7,0,0,7,0.5458113179132045,0.4544631873114214,0.12164646413570779
sloper_20_to_40_feed20_end40_dedicated_angled_41ft_az90_cfrp_5e4_3in,sloper_20_to_40,20.0,40.0,dedicated_angled,dedicated_angled_41ft_az90,41.0,90.0,19.5,cfrp_5e4_3in,kx2,"40m,30m,20m,17m,15m,12m,10m",7,0,0,7,0.5788238250491728,0.5073086444823113,0.1138724281875611
sloper_20_to_40_feed20_end40_dedicated_angled_41ft_az135_cfrp_5e4_3in,sloper_20_to_40,20.0,40.0,dedicated_angled,dedicated_angled_41ft_az135,41.0,135.0,19.5,cfrp_5e4_3in,kx2,"40m,30m,20m,17m,15m,12m,10m",7,0,0,7,0.581753026829684,0.5038452682562248,0.1098436269889303
sloper_20_to_40_feed20_end40_dedicated_angled_41ft_az180_cfrp_5e4_3in,sloper_20_to_40,20.0,40.0,dedicated_angled,dedicated_angled_41ft_az180,41.0,180.0,19.5,cfrp_5e4_3in,kx2,"40m,30m,20m,17m,15m,12m,10m",7,0,0,7,0.5779278897670735,0.487911067619867,0.1083827783223065
sloper_20_to_40_feed20_end40_dedicated_angled_45ft_az90_cfrp_5e4_3in,sloper_20_to_40,20.0,40.0,dedicated_angled,dedicated_angled_45ft_az90,45.0,90.0,19.5,cfrp_5e4_3in,kx2,"40m,30m,20m,17m,15m,12m,10m",7,0,0,7,0.5471177218933689,0.5046583682780907,0.13781017306664556
sloper_20_to_40_feed20_end40_dedicated_angled_45ft_az135_cfrp_5e4_3in,sloper_20_to_40,20.0,40.0,dedicated_angled,dedicated_angled_45ft_az135,45.0,135.0,19.5,cfrp_5e4_3in,kx2,"40m,30m,20m,17m,15m,12m,10m",7,0,0,7,0.5536519441524914,0.5236880778465984,0.11602040845200069
sloper_20_to_40_feed20_end40_dedicated_angled_45ft_az180_cfrp_5e4_3in,sloper_20_to_40,20.0,40.0,dedicated_angled,dedicated_angled_45ft_az180,45.0,180.0,19.5,cfrp_5e4_3in,kx2,"40m,30m,20m,17m,15m,12m,10m",7,0,0,7,0.5548669866741522,0.5170461943994318,0.1185027888095705
sloper_20_to_40_feed20_end40_dedicated_angled_49ft_az90_cfrp_5e4_3in,sloper_20_to_40,20.0,40.0,dedicated_angled,dedicated_angled_49ft_az90,49.0,90.0,19.5,cfrp_5e4_3in,kx2,"40m,30m,20m,17m,15m,12m,10m",7,0,0,7,0.4969289919221487,0.426846297428357,0.13899498302937505
sloper_20_to_40_feed20_end40_dedicated_angled_49ft_az135_cfrp_5e4_3in,sloper_20_to_40,20.0,40.0,dedicated_angled,dedicated_angled_49ft_az135,49.0,135.0,19.5,cfrp_5e4_3in,kx2,"40m,30m,20m,17m,15m,12m,10m",7,0,0,7,0.511903628878134,0.4506386651312224,0.1257615325266944
sloper_20_to_40_feed20_end40_dedicated_angled_49ft_az180_cfrp_5e4_3in,sloper_20_to_40,20.0,40.0,dedicated_angled,dedicated_angled_49ft_az180,49.0,180.0,19.5,cfrp_5e4_3in,kx2,"40m,30m,20m,17m,15m,12m,10m",7,0,0,7,0.516706581140511,0.44048863067820115,0.12641516221671253
sloper_20_to_40_feed20_end40_dedicated_angled_53ft_az90_cfrp_5e4_3in,sloper_20_to_40,20.0,40.0,dedicated_angled,dedicated_angled_53ft_az90,53.0,90.0,19.5,cfrp_5e4_3in,kx2,"40m,30m,20m,17m,15m,12m,10m",7,0,0,7,0.45547984019941956,0.3682442249035597,0.19368785414443782
sloper_20_to_40_feed20_end40_dedicated_angled_53ft_az135_cfrp_5e4_3in,sloper_20_to_40,20.0,40.0,dedicated_angled,dedicated_angled_53ft_az135,53.0,135.0,19.5,cfrp_5e4_3in,kx2,"40m,30m,20m,17m,15m,12m,10m",7,0,0,7,0.48370222845399824,0.44008487777260724,0.20622115026089502
sloper_20_to_40_feed20_end40_dedicated_angled_53ft_az180_cfrp_5e4_3in,sloper_20_to_40,20.0,40.0,dedicated_angled,dedicated_angled_53ft_az180,53.0,180.0,19.5,cfrp_5e4_3in,kx2,"40m,30m,20m,17m,15m,12m,10m",7,0,0,7,0.4868358798997795,0.42173631127254607,0.17687221108286938
sloper_20_to_40_feed20_end40_coax_return_19.5ft_vertical_cfrp_5e4_12in,sloper_20_to_40,20.0,40.0,coax_return,coax_return_19.5ft_vertical,19.5,,19.5,cfrp_5e4_12in,kx2,"40m,30m,20m,17m,15m,12m,10m",7,0,0,7,0.5082329656997864,0.3558287151603039,0.09781534601875372
sloper_20_to_40_feed20_end40_dedicated_vertical_19.5ft_vertical_cfrp_5e4_12in,sloper_20_to_40,20.0,40.0,dedicated_vertical,dedicated_vertical_19.5ft_vertical,19.5,,19.5,cfrp_5e4_12in,kx2,"40m,30m,20m,17m,15m,12m,10m",7,0,0,7,0.472987667123852,0.2681160805224427,0.10099422553207725
sloper_20_to_40_feed20_end40_dedicated_angled_21ft_az90_cfrp_5e4_12in,sloper_20_to_40,20.0,40.0,dedicated_angled,dedicated_angled_21ft_az90,21.0,90.0,19.5,cfrp_5e4_12in,kx2,"40m,30m,20m,17m,15m,12m,10m",7,0,0,7,0.47473574584107636,0.2756549587971125,0.09727598544084828
sloper_20_to_40_feed20_end40_dedicated_angled_21ft_az135_cfrp_5e4_12in,sloper_20_to_40,20.0,40.0,dedicated_angled,dedicated_angled_21ft_az135,21.0,135.0,19.5,cfrp_5e4_12in,kx2,"40m,30m,20m,17m,15m,12m,10m",7,0,0,7,0.5321760891094298,0.4658219568192318,0.11751849681283275
sloper_20_to_40_feed20_end40_dedicated_angled_21ft_az180_cfrp_5e4_12in,sloper_20_to_40,20.0,40.0,dedicated_angled,dedicated_angled_21ft_az180,21.0,180.0,19.5,cfrp_5e4_12in,kx2,"40m,30m,20m,17m,15m,12m,10m",7,0,0,7,0.5366039330318108,0.4650148167836781,0.12159175769159095
sloper_20_to_40_feed20_end40_dedicated_angled_25ft_az90_cfrp_5e4_12in,sloper_20_to_40,20.0,40.0,dedicated_angled,dedicated_angled_25ft_az90,25.0,90.0,19.5,cfrp_5e4_12in,kx2,"40m,30m,20m,17m,15m,12m,10m",7,0,0,7,0.5111084791985998,0.3974442836548002,0.09888811489838249
sloper_20_to_40_feed20_end40_dedicated_angled_25ft_az135_cfrp_5e4_12in,sloper_20_to_40,20.0,40.0,dedicated_angled,dedicated_angled_25ft_az135,25.0,135.0,19.5,cfrp_5e4_12in,kx2,"40m,30m,20m,17m,15m,12m,10m",7,0,0,7,0.5351451622301027,0.41677725132829174,0.09879305132968809
sloper_20_to_40_feed20_end40_dedicated_angled_25ft_az180_cfrp_5e4_12in,sloper_20_to_40,20.0,40.0,dedicated_angled,dedicated_angled_25ft_az180,25.0,180.0,19.5,cfrp_5e4_12in,kx2,"40m,30m,20m,17m,15m,12m,10m",7,0,0,7,0.5384961690788613,0.4200027984199347,0.09935579116875189
sloper_20_to_40_feed20_end40_dedicated_angled_29ft_az90_cfrp_5e4_12in,sloper_20_to_40,20.0,40.0,dedicated_angled,dedicated_angled_29ft_az90,29.0,90.0,19.5,cfrp_5e4_12in,kx2,"40m,30m,20m,17m,15m,12m,10m",7,0,0,7,0.5480729471314896,0.44952866101126787,0.11675894390723102
sloper_20_to_40_feed20_end40_dedicated_angled_29ft_az135_cfrp_5e4_12in,sloper_20_to_40,20.0,40.0,dedicated_angled,dedicated_angled_29ft_az135,29.0,135.0,19.5,cfrp_5e4_12in,kx2,"40m,30m,20m,17m,15m,12m,10m",7,0,0,7,0.54668545430787,0.4242239615331026,0.08861509219808777
sloper_20_to_40_feed20_end40_dedicated_angled_29ft_az180_cfrp_5e4_12in,sloper_20_to_40,20.0,40.0,dedicated_angled,dedicated_angled_29ft_az180,29.0,180.0,19.5,cfrp_5e4_12in,kx2,"40m,30m,20m,17m,15m,12m,10m",7,0,0,7,0.5446992621806073,0.40918730016187926,0.09236580720217295
sloper_20_to_40_feed20_end40_dedicated_angled_33ft_az90_cfrp_5e4_12in,sloper_20_to_40,20.0,40.0,dedicated_angled,dedicated_angled_33ft_az90,33.0,90.0,19.5,cfrp_5e4_12in,kx2,"40m,30m,20m,17m,15m,12m,10m",7,0,0,7,0.5384150226114537,0.4783148509019666,0.12152857068669468
sloper_20_to_40_feed20_end40_dedicated_angled_33ft_az135_cfrp_5e4_12in,sloper_20_to_40,20.0,40.0,dedicated_angled,dedicated_angled_33ft_az135,33.0,135.0,19.5,cfrp_5e4_12in,kx2,"40m,30m,20m,17m,15m,12m,10m",7,0,0,7,0.5397113764947944,0.46733185105639025,0.13102873832298506
sloper_20_to_40_feed20_end40_dedicated_angled_33ft_az180_cfrp_5e4_12in,sloper_20_to_40,20.0,40.0,dedicated_angled,dedicated_angled_33ft_az180,33.0,180.0,19.5,cfrp_5e4_12in,kx2,"40m,30m,20m,17m,15m,12m,10m",7,0,0,7,0.542418724337125,0.4527945268936226,0.128872672119457
sloper_20_to_40_feed20_end40_dedicated_angled_37ft_az90_cfrp_5e4_12in,sloper_20_to_40,20.0,40.0,dedicated_angled,dedicated_angled_37ft_az90,37.0,90.0,19.5,cfrp_5e4_12in,kx2,"40m,30m,20m,17m,15m,12m,10m",7,0,0,7,0.5310854902048929,0.43943474122181564,0.12746600664586322
sloper_20_to_40_feed20_end40_dedicated_angled_37ft_az135_cfrp_5e4_12in,sloper_20_to_40,20.0,40.0,dedicated_angled,dedicated_angled_37ft_az135,37.0,135.0,19.5,cfrp_5e4_12in,kx2,"40m,30m,20m,17m,15m,12m,10m",7,0,0,7,0.5452479375248883,0.4547155000776581,0.11838421387375767
sloper_20_to_40_feed20_end40_dedicated_angled_37ft_az180_cfrp_5e4_12in,sloper_20_to_40,20.0,40.0,dedicated_angled,dedicated_angled_37ft_az180,37.0,180.0,19.5,cfrp_5e4_12in,kx2,"40m,30m,20m,17m,15m,12m,10m",7,0,0,7,0.5436839885508388,0.45194118385085824,0.11743872518156218
sloper_20_to_40_feed20_end40_dedicated_angled_41ft_az90_cfrp_5e4_12in,sloper_20_to_40,20.0,40.0,dedicated_angled,dedicated_angled_41ft_az90,41.0,90.0,19.5,cfrp_5e4_12in,kx2,"40m,30m,20m,17m,15m,12m,10m",7,0,0,7,0.5743220734604743,0.5085575578524602,0.1188109960068699
sloper_20_to_40_feed20_end40_dedicated_angled_41ft_az135_cfrp_5e4_12in,sloper_20_to_40,20.0,40.0,dedicated_angled,dedicated_angled_41ft_az135,41.0,135.0,19.5,cfrp_5e4_12in,kx2,"40m,30m,20m,17m,15m,12m,10m",7,0,0,7,0.5811800775018547,0.49901276988684146,0.10760105255805816
sloper_20_to_40_feed20_end40_dedicated_angled_41ft_az180_cfrp_5e4_12in,sloper_20_to_40,20.0,40.0,dedicated_angled,dedicated_angled_41ft_az180,41.0,180.0,19.5,cfrp_5e4_12in,kx2,"40m,30m,20m,17m,15m,12m,10m",7,0,0,7,0.5764108426518085,0.4882542762937093,0.11121536847446761
sloper_20_to_40_feed20_end40_dedicated_angled_45ft_az90_cfrp_5e4_12in,sloper_20_to_40,20.0,40.0,dedicated_angled,dedicated_angled_45ft_az90,45.0,90.0,19.5,cfrp_5e4_12in,kx2,"40m,30m,20m,17m,15m,12m,10m",7,0,0,7,0.5241247652775928,0.3865764871061535,0.0825010626788095
sloper_20_to_40_feed20_end40_dedicated_angled_45ft_az135_cfrp_5e4_12in,sloper_20_to_40,20.0,40.0,dedicated_angled,dedicated_angled_45ft_az135,45.0,135.0,19.5,cfrp_5e4_12in,kx2,"40m,30m,20m,17m,15m,12m,10m",7,0,0,7,0.5570701670629963,0.5171301414354014,0.12327503275499556
sloper_20_to_40_feed20_end40_dedicated_angled_45ft_az180_cfrp_5e4_12in,sloper_20_to_40,20.0,40.0,dedicated_angled,dedicated_angled_45ft_az180,45.0,180.0,19.5,cfrp_5e4_12in,kx2,"40m,30m,20m,17m,15m,12m,10m",7,0,0,7,0.554578444615988,0.5120611380951001,0.1160810837664655
sloper_20_to_40_feed20_end40_dedicated_angled_49ft_az90_cfrp_5e4_12in,sloper_20_to_40,20.0,40.0,dedicated_angled,dedicated_angled_49ft_az90,49.0,90.0,19.5,cfrp_5e4_12in,kx2,"40m,30m,20m,17m,15m,12m,10m",7,0,0,7,0.47154492113780466,0.2803066426963754,0.13779306711817077
sloper_20_to_40_feed20_end40_dedicated_angled_49ft_az135_cfrp_5e4_12in,sloper_20_to_40,20.0,40.0,dedicated_angled,dedicated_angled_49ft_az135,49.0,135.0,19.5,cfrp_5e4_12in,kx2,"40m,30m,20m,17m,15m,12m,10m",7,0,0,7,0.5138456154603656,0.456741353839999,0.12737379064175186
sloper_20_to_40_feed20_end40_dedicated_angled_49ft_az180_cfrp_5e4_12in,sloper_20_to_40,20.0,40.0,dedicated_angled,dedicated_angled_49ft_az180,49.0,180.0,19.5,cfrp_5e4_12in,kx2,"40m,30m,20m,17m,15m,12m,10m",7,0,0,7,0.5157693294884652,0.44055124713098176,0.1259988585496015
sloper_20_to_40_feed20_end40_dedicated_angled_53ft_az90_cfrp_5e4_12in,sloper_20_to_40,20.0,40.0,dedicated_angled,dedicated_angled_53ft_az90,53.0,90.0,19.5,cfrp_5e4_12in,kx2,"40m,30m,20m,17m,15m,12m,10m",7,0,0,7,0.47004560397296813,0.4070703029983097,0.1923447010731111
sloper_20_to_40_feed20_end40_dedicated_angled_53ft_az135_cfrp_5e4_12in,sloper_20_to_40,20.0,40.0,dedicated_angled,dedicated_angled_53ft_az135,53.0,135.0,19.5,cfrp_5e4_12in,kx2,"40m,30m,20m,17m,15m,12m,10m",7,0,0,7,0.4839340065349031,0.43877391381031977,0.2062239867722521
sloper_20_to_40_feed20_end40_dedicated_angled_53ft_az180_cfrp_5e4_12in,sloper_20_to_40,20.0,40.0,dedicated_angled,dedicated_angled_53ft_az180,53.0,180.0,19.5,cfrp_5e4_12in,kx2,"40m,30m,20m,17m,15m,12m,10m",7,0,0,7,0.48705101576682763,0.4208410532336358,0.1769964264306999
low_sloper_cp_sweep_feed3_end30_dedicated_angled_5ft_az90_none,low_sloper_cp_sweep,3.0,30.0,dedicated_angled,dedicated_angled_5ft_az90,5.0,90.0,17.0,none,kx3,"40m,30m,20m,17m,15m,12m,10m",7,0,0,7,0.3971619994620596,0.28339403304461847,0.20387152501362585
low_sloper_cp_sweep_feed3_end30_dedicated_angled_5ft_az135_none,low_sloper_cp_sweep,3.0,30.0,dedicated_angled,dedicated_angled_5ft_az135,5.0,135.0,17.0,none,kx3,"40m,30m,20m,17m,15m,12m,10m",7,0,0,7,0.40613333867877616,0.29073636148689846,0.2029388122060255
low_sloper_cp_sweep_feed3_end30_dedicated_angled_5ft_az180_none,low_sloper_cp_sweep,3.0,30.0,dedicated_angled,dedicated_angled_5ft_az180,5.0,180.0,17.0,none,kx3,"40m,30m,20m,17m,15m,12m,10m",7,0,0,7,0.4092063211660928,0.29303777309731077,0.1910123339369305
low_sloper_cp_sweep_feed3_end30_dedicated_angled_9ft_az90_none,low_sloper_cp_sweep,3.0,30.0,dedicated_angled,dedicated_angled_9ft_az90,9.0,90.0,17.0,none,kx3,"40m,30m,20m,17m,15m,12m,10m",7,0,0,7,0.5207657577179715,0.40924090719483286,0.12695068156192
low_sloper_cp_sweep_feed3_end30_dedicated_angled_9ft_az135_none,low_sloper_cp_sweep,3.0,30.0,dedicated_angled,dedicated_angled_9ft_az135,9.0,135.0,17.0,none,kx3,"40m,30m,20m,17m,15m,12m,10m",7,0,0,7,0.5283324244323218,0.41584623289746653,0.12662506981018953
low_sloper_cp_sweep_feed3_end30_dedicated_angled_9ft_az180_none,low_sloper_cp_sweep,3.0,30.0,dedicated_angled,dedicated_angled_9ft_az180,9.0,180.0,17.0,none,kx3,"40m,30m,20m,17m,15m,12m,10m",7,0,0,7,0.5308229085269978,0.41780251950694197,0.12656137181617114
low_sloper_cp_sweep_feed3_end30_dedicated_angled_13ft_az90_none,low_sloper_cp_sweep,3.0,30.0,dedicated_angled,dedicated_angled_13ft_az90,13.0,90.0,17.0,none,kx3,"40m,30m,20m,17m,15m,12m,10m",7,0,0,7,0.5654138817771043,0.47630982399977917,0.12567698676310693
low_sloper_cp_sweep_feed3_end30_dedicated_angled_13ft_az135_none,low_sloper_cp_sweep,3.0,30.0,dedicated_angled,dedicated_angled_13ft_az135,13.0,135.0,17.0,none,kx3,"40m,30m,20m,17m,15m,12m,10m",7,0,0,7,0.5709997304953391,0.48133427436160764,0.12277323738651841
low_sloper_cp_sweep_feed3_end30_dedicated_angled_13ft_az180_none,low_sloper_cp_sweep,3.0,30.0,dedicated_angled,dedicated_angled_13ft_az180,13.0,180.0,17.0,none,kx3,"40m,30m,20m,17m,15m,12m,10m",7,0,0,7,0.5731318929659607,0.48280535665333774,0.12272187679169044
low_sloper_cp_sweep_feed3_end30_dedicated_angled_17ft_az90_none,low_sloper_cp_sweep,3.0,30.0,dedicated_angled,dedicated_angled_17ft_az90,17.0,90.0,17.0,none,kx3,"40m,30m,20m,17m,15m,12m,10m",7,0,0,7,0.5513298236892076,0.4148717682072579,0.14134845694903722
low_sloper_cp_sweep_feed3_end30_dedicated_angled_17ft_az135_none,low_sloper_cp_sweep,3.0,30.0,dedicated_angled,dedicated_angled_17ft_az135,17.0,135.0,17.0,none,kx3,"40m,30m,20m,17m,15m,12m,10m",7,0,0,7,0.560250565825811,0.433412220764276,0.1406152474894981
low_sloper_cp_sweep_feed3_end30_dedicated_angled_17ft_az180_none,low_sloper_cp_sweep,3.0,30.0,dedicated_angled,dedicated_angled_17ft_az180,17.0,180.0,17.0,none,kx3,"40m,30m,20m,17m,15m,12m,10m",7,0,0,7,0.5629270879103784,0.43664438205315204,0.14033733906290732
low_sloper_cp_sweep_feed3_end30_dedicated_angled_21ft_az90_none,low_sloper_cp_sweep,3.0,30.0,dedicated_angled,dedicated_angled_21ft_az90,21.0,90.0,17.0,none,kx3,"40m,30m,20m,17m,15m,12m,10m",7,0,0,7,0.5694935840069545,0.46341833849200553,0.13301843452745407
low_sloper_cp_sweep_feed3_end30_dedicated_angled_21ft_az135_none,low_sloper_cp_sweep,3.0,30.0,dedicated_angled,dedicated_angled_21ft_az135,21.0,135.0,17.0,none,kx3,"40m,30m,20m,17m,15m,12m,10m",7,0,0,7,0.572503797712864,0.4679287026031655,0.131037087177986
low_sloper_cp_sweep_feed3_end30_dedicated_angled_21ft_az180_none,low_sloper_cp_sweep,3.0,30.0,dedicated_angled,dedicated_angled_21ft_az180,21.0,180.0,17.0,none,kx3,"40m,30m,20m,17m,15m,12m,10m",7,0,0,7,0.573250764824343,0.46756020859627023,0.13027469673876582
low_sloper_cp_sweep_feed3_end30_dedicated_angled_25ft_az90_none,low_sloper_cp_sweep,3.0,30.0,dedicated_angled,dedicated_angled_25ft_az90,25.0,90.0,17.0,none,kx3,"40m,30m,20m,17m,15m,12m,10m",7,0,0,7,0.5595108503819131,0.4299482866770479,0.1702225580476322
low_sloper_cp_sweep_feed3_end30_dedicated_angled_25ft_az135_none,low_sloper_cp_sweep,3.0,30.0,dedicated_angled,dedicated_angled_25ft_az135,25.0,135.0,17.0,none,kx3,"40m,30m,20m,17m,15m,12m,10m",7,0,0,7,0.5647920514498187,0.45250372125192134,0.1523607780949197
low_sloper_cp_sweep_feed3_end30_dedicated_angled_25ft_az180_none,low_sloper_cp_sweep,3.0,30.0,dedicated_angled,dedicated_angled_25ft_az180,25.0,180.0,17.0,none,kx3,"40m,30m,20m,17m,15m,12m,10m",7,0,0,7,0.5657056775101301,0.4583756209985772,0.1496295950717947
low_sloper_cp_sweep_feed3_end30_dedicated_angled_29ft_az90_none,low_sloper_cp_sweep,3.0,30.0,dedicated_angled,dedicated_angled_29ft_az90,29.0,90.0,17.0,none,kx3,"40m,30m,20m,17m,15m,12m,10m",7,0,0,7,0.5831053613433322,0.496079462074771,0.13976960714237074
low_sloper_cp_sweep_feed3_end30_dedicated_angled_29ft_az135_none,low_sloper_cp_sweep,3.0,30.0,dedicated_angled,dedicated_angled_29ft_az135,29.0,135.0,17.0,none,kx3,"40m,30m,20m,17m,15m,12m,10m",7,0,0,7,0.5843443114968748,0.49963405544745726,0.13186387196691107
low_sloper_cp_sweep_feed3_end30_dedicated_angled_29ft_az180_none,low_sloper_cp_sweep,3.0,30.0,dedicated_angled,dedicated_angled_29ft_az180,29.0,180.0,17.0,none,kx3,"40m,30m,20m,17m,15m,12m,10m",7,0,0,7,0.5843194716154722,0.4971511796344307,0.1298729360965056
low_sloper_cp_sweep_feed3_end30_dedicated_angled_33ft_az90_none,low_sloper_cp_sweep,3.0,30.0,dedicated_angled,dedicated_angled_33ft_az90,33.0,90.0,17.0,none,kx3,"40m,30m,20m,17m,15m,12m,10m",7,0,0,7,0.5874721407548917,0.5318795933257524,0.12361123311152918
low_sloper_cp_sweep_feed3_end30_dedicated_angled_33ft_az135_none,low_sloper_cp_sweep,3.0,30.0,dedicated_angled,dedicated_angled_33ft_az135,33.0,135.0,17.0,none,kx3,"40m,30m,20m,17m,15m,12m,10m",7,0,0,7,0.5906946804190726,0.5464469726512503,0.12127790312761735
low_sloper_cp_sweep_feed3_end30_dedicated_angled_33ft_az180_none,low_sloper_cp_sweep,3.0,30.0,dedicated_angled,dedicated_angled_33ft_az180,33.0,180.0,17.0,none,kx3,"40m,30m,20m,17m,15m,12m,10m",7,0,0,7,0.5922419051125319,0.5533351462248945,0.12113592457532693
low_sloper_cp_sweep_feed3_end30_dedicated_angled_37ft_az90_none,low_sloper_cp_sweep,3.0,30.0,dedicated_angled,dedicated_angled_37ft_az90,37.0,90.0,17.0,none,kx3,"40m,30m,20m,17m,15m,12m,10m",7,0,0,7,0.5871266855670939,0.44325019811520944,0.1313403557362002
low_sloper_cp_sweep_feed3_end30_dedicated_angled_37ft_az135_none,low_sloper_cp_sweep,3.0,30.0,dedicated_angled,dedicated_angled_37ft_az135,37.0,135.0,17.0,none,kx3,"40m,30m,20m,17m,15m,12m,10m",7,0,0,7,0.5922987368355696,0.4634700708685064,0.13770669114885117
low_sloper_cp_sweep_feed3_end30_dedicated_angled_37ft_az180_none,low_sloper_cp_sweep,3.0,30.0,dedicated_angled,dedicated_angled_37ft_az180,37.0,180.0,17.0,none,kx3,"40m,30m,20m,17m,15m,12m,10m",7,0,0,7,0.5939941704478686,0.46758610703179115,0.1396400132473567
low_sloper_cp_sweep_feed3_end30_dedicated_angled_41ft_az90_none,low_sloper_cp_sweep,3.0,30.0,dedicated_angled,dedicated_angled_41ft_az90,41.0,90.0,17.0,none,kx3,"40m,30m,20m,17m,15m,12m,10m",7,0,0,7,0.6206312040863857,0.505057513315212,0.12219409470583158
low_sloper_cp_sweep_feed3_end30_dedicated_angled_41ft_az135_none,low_sloper_cp_sweep,3.0,30.0,dedicated_angled,dedicated_angled_41ft_az135,41.0,135.0,17.0,none,kx3,"40m,30m,20m,17m,15m,12m,10m",7,0,0,7,0.6227671847162256,0.5094260887403544,0.12267905169481827
low_sloper_cp_sweep_feed3_end30_dedicated_angled_41ft_az180_none,low_sloper_cp_sweep,3.0,30.0,dedicated_angled,dedicated_angled_41ft_az180,41.0,180.0,17.0,none,kx3,"40m,30m,20m,17m,15m,12m,10m",7,0,0,7,0.6226797972161833,0.5072322062077621,0.12303674215940542
low_sloper_cp_sweep_feed3_end30_dedicated_angled_45ft_az90_none,low_sloper_cp_sweep,3.0,30.0,dedicated_angled,dedicated_angled_45ft_az90,45.0,90.0,17.0,none,kx3,"40m,30m,20m,17m,15m,12m,10m",7,0,0,7,0.6001280133856821,0.5138668866264942,0.13073885172885655
low_sloper_cp_sweep_feed3_end30_dedicated_angled_45ft_az135_none,low_sloper_cp_sweep,3.0,30.0,dedicated_angled,dedicated_angled_45ft_az135,45.0,135.0,17.0,none,kx3,"40m,30m,20m,17m,15m,12m,10m",7,0,0,7,0.6024521621354287,0.5376938029267988,0.13146895195239744
low_sloper_cp_sweep_feed3_end30_dedicated_angled_45ft_az180_none,low_sloper_cp_sweep,3.0,30.0,dedicated_angled,dedicated_angled_45ft_az180,45.0,180.0,17.0,none,kx3,"40m,30m,20m,17m,15m,12m,10m",7,0,0,7,0.6025410159414875,0.5373677721331807,0.1315636926586665
low_sloper_cp_sweep_feed3_end30_dedicated_angled_49ft_az90_none,low_sloper_cp_sweep,3.0,30.0,dedicated_angled,dedicated_angled_49ft_az90,49.0,90.0,17.0,none,kx3,"40m,30m,20m,17m,15m,12m,10m",7,0,0,7,0.558299438368115,0.4905568342362043,0.16636276743289682
low_sloper_cp_sweep_feed3_end30_dedicated_angled_49ft_az135_none,low_sloper_cp_sweep,3.0,30.0,dedicated_angled,dedicated_angled_49ft_az135,49.0,135.0,17.0,none,kx3,"40m,30m,20m,17m,15m,12m,10m",7,0,0,7,0.5664045897329019,0.5022740175643725,0.16102887037484195
low_sloper_cp_sweep_feed3_end30_dedicated_angled_49ft_az180_none,low_sloper_cp_sweep,3.0,30.0,dedicated_angled,dedicated_angled_49ft_az180,49.0,180.0,17.0,none,kx3,"40m,30m,20m,17m,15m,12m,10m",7,0,0,7,0.5686948177782302,0.5043707393286305,0.15983700786276175
low_sloper_cp_sweep_feed3_end30_dedicated_angled_53ft_az90_none,low_sloper_cp_sweep,3.0,30.0,dedicated_angled,dedicated_angled_53ft_az90,53.0,90.0,17.0,none,kx3,"40m,30m,20m,17m,15m,12m,10m",7,0,0,7,0.5337400570309477,0.4559259162343747,0.20074328108429348
low_sloper_cp_sweep_feed3_end30_dedicated_angled_53ft_az135_none,low_sloper_cp_sweep,3.0,30.0,dedicated_angled,dedicated_angled_53ft_az135,53.0,135.0,17.0,none,kx3,"40m,30m,20m,17m,15m,12m,10m",7,0,0,7,0.5459619342139298,0.47390677905151174,0.19340887353067343
low_sloper_cp_sweep_feed3_end30_dedicated_angled_53ft_az180_none,low_sloper_cp_sweep,3.0,30.0,dedicated_angled,dedicated_angled_53ft_az180,53.0,180.0,17.0,none,kx3,"40m,30m,20m,17m,15m,12m,10m",7,0,0,7,0.5494034072833135,0.4822029321052365,0.19201169225792844
elevated_tree_feed20_end3_coax_return_19.5ft_vertical_none,elevated_tree,20.0,3.0,coax_return,coax_return_19.5ft_vertical,19.5,,19.5,none,kx3,"40m,30m,20m,17m,15m,12m,10m",7,0,0,7,0.5443850113724267,0.4331396264284499,0.1138786802495302
elevated_tree_feed20_end3_dedicated_vertical_19.5ft_vertical_none,elevated_tree,20.0,3.0,dedicated_vertical,dedicated_vertical_19.5ft_vertical,19.5,,19.5,none,kx3,"40m,30m,20m,17m,15m,12m,10m",7,0,0,7,0.5207904371884214,0.4159525114366801,0.11670032204666747
elevated_tree_feed20_end3_dedicated_angled_21ft_az90_none,elevated_tree,20.0,3.0,dedicated_angled,dedicated_angled_21ft_az90,21.0,90.0,19.5,none,kx3,"40m,30m,20m,17m,15m,12m,10m",7,0,0,7,0.535299976716016,0.46349935368696676,0.12202228388550591
elevated_tree_feed20_end3_dedicated_angled_21ft_az135_none,elevated_tree,20.0,3.0,dedicated_angled,dedicated_angled_21ft_az135,21.0,135.0,19.5,none,kx3,"40m,30m,20m,17m,15m,12m,10m",7,0,0,7,0.5394768319691412,0.4620835373022328,0.11486072105081113
elevated_tree_feed20_end3_dedicated_angled_21ft_az180_none,elevated_tree,20.0,3.0,dedicated_angled,dedicated_angled_21ft_az180,21.0,180.0,19.5,none,kx3,"40m,30m,20m,17m,15m,12m,10m",7,0,0,7,0.5404422885583391,0.4586545406172886,0.11760667188378296
elevated_tree_feed20_end3_dedicated_angled_25ft_az90_none,elevated_tree,20.0,3.0,dedicated_angled,dedicated_angled_25ft_az90,25.0,90.0,19.5,none,kx3,"40m,30m,20m,17m,15m,12m,10m",7,0,0,7,0.5210451332883501,0.40333313613980315,0.13285061640359733
elevated_tree_feed20_end3_dedicated_angled_25ft_az135_none,elevated_tree,20.0,3.0,dedicated_angled,dedicated_angled_25ft_az135,25.0,135.0,19.5,none,kx3,"40m,30m,20m,17m,15m,12m,10m",7,0,0,7,0.5294399557030236,0.453989111023031,0.1327826482062328
elevated_tree_feed20_end3_dedicated_angled_25ft_az180_none,elevated_tree,20.0,3.0,dedicated_angled,dedicated_angled_25ft_az180,25.0,180.0,19.5,none,kx3,"40m,30m,20m,17m,15m,12m,10m",7,0,0,7,0.5303029260774996,0.4687130507435879,0.13893886718925283
elevated_tree_feed20_end3_dedicated_angled_29ft_az90_none,elevated_tree,20.0,3.0,dedicated_angled,dedicated_angled_29ft_az90,29.0,90.0,19.5,none,kx3,"40m,30m,20m,17m,15m,12m,10m",7,0,0,7,0.5378346985038593,0.44754466300235474,0.09611497551373496
elevated_tree_feed20_end3_dedicated_angled_29ft_az135_none,elevated_tree,20.0,3.0,dedicated_angled,dedicated_angled_29ft_az135,29.0,135.0,19.5,none,kx3,"40m,30m,20m,17m,15m,12m,10m",7,0,0,7,0.5379917726584507,0.45475113431394576,0.10728727385384429
elevated_tree_feed20_end3_dedicated_angled_29ft_az180_none,elevated_tree,20.0,3.0,dedicated_angled,dedicated_angled_29ft_az180,29.0,180.0,19.5,none,kx3,"40m,30m,20m,17m,15m,12m,10m",7,0,0,7,0.5354426076042244,0.446735550790463,0.09982330876670861
elevated_tree_feed20_end3_dedicated_angled_33ft_az90_none,elevated_tree,20.0,3.0,dedicated_angled,dedicated_angled_33ft_az90,33.0,90.0,19.5,none,kx3,"40m,30m,20m,17m,15m,12m,10m",7,0,0,7,0.5323039549763374,0.4843660900140868,0.12190696346427407
elevated_tree_feed20_end3_dedicated_angled_33ft_az135_none,elevated_tree,20.0,3.0,dedicated_angled,dedicated_angled_33ft_az135,33.0,135.0,19.5,none,kx3,"40m,30m,20m,17m,15m,12m,10m",7,0,0,7,0.5297232586737809,0.47785862420871317,0.12713200610094771
elevated_tree_feed20_end3_dedicated_angled_33ft_az180_none,elevated_tree,20.0,3.0,dedicated_angled,dedicated_angled_33ft_az180,33.0,180.0,19.5,none,kx3,"40m,30m,20m,17m,15m,12m,10m",7,0,0,7,0.5299336368756078,0.47062415028903215,0.12860632980163253
elevated_tree_feed20_end3_dedicated_angled_37ft_az90_none,elevated_tree,20.0,3.0,dedicated_angled,dedicated_angled_37ft_az90,37.0,90.0,19.5,none,kx3,"40m,30m,20m,17m,15m,12m,10m",7,0,0,7,0.5254608231447493,0.4177961681301296,0.1252495299481368
elevated_tree_feed20_end3_dedicated_angled_37ft_az135_none,elevated_tree,20.0,3.0,dedicated_angled,dedicated_angled_37ft_az135,37.0,135.0,19.5,none,kx3,"40m,30m,20m,17m,15m,12m,10m",7,0,0,7,0.526013801865354,0.45493350943702676,0.12328152706287146
elevated_tree_feed20_end3_dedicated_angled_37ft_az180_none,elevated_tree,20.0,3.0,dedicated_angled,dedicated_angled_37ft_az180,37.0,180.0,19.5,none,kx3,"40m,30m,20m,17m,15m,12m,10m",7,0,0,7,0.5259001709230856,0.4616791575566698,0.1295344474090107
elevated_tree_feed20_end3_dedicated_angled_41ft_az90_none,elevated_tree,20.0,3.0,dedicated_angled,dedicated_angled_41ft_az90,41.0,90.0,19.5,none,kx3,"40m,30m,20m,17m,15m,12m,10m",7,0,0,7,0.5722037156575175,0.4606082848301374,0.12370995653353697
elevated_tree_feed20_end3_dedicated_angled_41ft_az135_none,elevated_tree,20.0,3.0,dedicated_angled,dedicated_angled_41ft_az135,41.0,135.0,19.5,none,kx3,"40m,30m,20m,17m,15m,12m,10m",7,0,0,7,0.5644123884939797,0.4986103247732416,0.1249161561021376
elevated_tree_feed20_end3_dedicated_angled_41ft_az180_none,elevated_tree,20.0,3.0,dedicated_angled,dedicated_angled_41ft_az180,41.0,180.0,19.5,none,kx3,"40m,30m,20m,17m,15m,12m,10m",7,0,0,7,0.5589368269027106,0.49356089354672794,0.12659827301558677
elevated_tree_feed20_end3_dedicated_angled_45ft_az90_none,elevated_tree,20.0,3.0,dedicated_angled,dedicated_angled_45ft_az90,45.0,90.0,19.5,none,kx3,"40m,30m,20m,17m,15m,12m,10m",7,0,0,7,0.5569625568703152,0.4384608400338944,0.12006322994643047
elevated_tree_feed20_end3_dedicated_angled_45ft_az135_none,elevated_tree,20.0,3.0,dedicated_angled,dedicated_angled_45ft_az135,45.0,135.0,19.5,none,kx3,"40m,30m,20m,17m,15m,12m,10m",7,0,0,7,0.5509611694737465,0.4864535682215546,0.12213312629196461
elevated_tree_feed20_end3_dedicated_angled_45ft_az180_none,elevated_tree,20.0,3.0,dedicated_angled,dedicated_angled_45ft_az180,45.0,180.0,19.5,none,kx3,"40m,30m,20m,17m,15m,12m,10m",7,0,0,7,0.5461882238238701,0.49948038851886517,0.11195021048666329
elevated_tree_feed20_end3_dedicated_angled_49ft_az90_none,elevated_tree,20.0,3.0,dedicated_angled,dedicated_angled_49ft_az90,49.0,90.0,19.5,none,kx3,"40m,30m,20m,17m,15m,12m,10m",7,0,0,7,0.4942108328272924,0.42046187599906615,0.147521501257475
elevated_tree_feed20_end3_dedicated_angled_49ft_az135_none,elevated_tree,20.0,3.0,dedicated_angled,dedicated_angled_49ft_az135,49.0,135.0,19.5,none,kx3,"40m,30m,20m,17m,15m,12m,10m",7,0,0,7,0.5040611391930397,0.45562093672803494,0.1386534228777679
elevated_tree_feed20_end3_dedicated_angled_49ft_az180_none,elevated_tree,20.0,3.0,dedicated_angled,dedicated_angled_49ft_az180,49.0,180.0,19.5,none,kx3,"40m,30m,20m,17m,15m,12m,10m",7,0,0,7,0.5063565290494254,0.4567420792627443,0.13694164027979344
elevated_tree_feed20_end3_dedicated_angled_53ft_az90_none,elevated_tree,20.0,3.0,dedicated_angled,dedicated_angled_53ft_az90,53.0,90.0,19.5,none,kx3,"40m,30m,20m,17m,15m,12m,10m",7,0,0,7,0.4449826340822893,0.3920401638982079,0.20623162355092745
elevated_tree_feed20_end3_dedicated_angled_53ft_az135_none,elevated_tree,20.0,3.0,dedicated_angled,dedicated_angled_53ft_az135,53.0,135.0,19.5,none,kx3,"40m,30m,20m,17m,15m,12m,10m",7,0,0,7,0.4703031602700205,0.4132038954873196,0.21568848747860642
elevated_tree_feed20_end3_dedicated_angled_53ft_az180_none,elevated_tree,20.0,3.0,dedicated_angled,dedicated_angled_53ft_az180,53.0,180.0,19.5,none,kx3,"40m,30m,20m,17m,15m,12m,10m",7,0,0,7,0.47705377393629544,0.4136372548087732,0.20433607792198039
elevated_tree_feed30_end3_coax_return_29.5ft_vertical_none,elevated_tree,30.0,3.0,coax_return,coax_return_29.5ft_vertical,29.5,,29.5,none,kx3,"40m,30m,20m,17m,15m,12m,10m",7,0,0,7,0.4790890493223968,0.4011783901337008,0.12320421524507061
elevated_tree_feed30_end3_dedicated_vertical_29.5ft_vertical_none,elevated_tree,30.0,3.0,dedicated_vertical,dedicated_vertical_29.5ft_vertical,29.5,,29.5,none,kx3,"40m,30m,20m,17m,15m,12m,10m",7,0,0,7,0.4637239683288632,0.37588561155900935,0.12587308286564672
elevated_tree_feed30_end3_dedicated_angled_33ft_az90_none,elevated_tree,30.0,3.0,dedicated_angled,dedicated_angled_33ft_az90,33.0,90.0,29.5,none,kx3,"40m,30m,20m,17m,15m,12m,10m",7,0,0,7,0.4708253030589328,0.4317066517218869,0.12499704459754733
elevated_tree_feed30_end3_dedicated_angled_33ft_az135_none,elevated_tree,30.0,3.0,dedicated_angled,dedicated_angled_33ft_az135,33.0,135.0,29.5,none,kx3,"40m,30m,20m,17m,15m,12m,10m",7,0,0,7,0.4734296738864664,0.42601073771835224,0.1280111504491034
elevated_tree_feed30_end3_dedicated_angled_33ft_az180_none,elevated_tree,30.0,3.0,dedicated_angled,dedicated_angled_33ft_az180,33.0,180.0,29.5,none,kx3,"40m,30m,20m,17m,15m,12m,10m",7,0,0,7,0.47164227453015045,0.4246259148732353,0.13154448968301313
elevated_tree_feed30_end3_dedicated_angled_37ft_az90_none,elevated_tree,30.0,3.0,dedicated_angled,dedicated_angled_37ft_az90,37.0,90.0,29.5,none,kx3,"40m,30m,20m,17m,15m,12m,10m",7,0,0,7,0.4621258626858199,0.3266383085778652,0.12395541247545902
elevated_tree_feed30_end3_dedicated_angled_37ft_az135_none,elevated_tree,30.0,3.0,dedicated_angled,dedicated_angled_37ft_az135,37.0,135.0,29.5,none,kx3,"40m,30m,20m,17m,15m,12m,10m",7,0,0,7,0.46212383693225856,0.34018322425890263,0.12946547371896866
elevated_tree_feed30_end3_dedicated_angled_37ft_az180_none,elevated_tree,30.0,3.0,dedicated_angled,dedicated_angled_37ft_az180,37.0,180.0,29.5,none,kx3,"40m,30m,20m,17m,15m,12m,10m",7,0,0,7,0.46156898204492824,0.3522458285748246,0.1319169666895467
elevated_tree_feed30_end3_dedicated_angled_41ft_az90_none,elevated_tree,30.0,3.0,dedicated_angled,dedicated_angled_41ft_az90,41.0,90.0,29.5,none,kx3,"40m,30m,20m,17m,15m,12m,10m",7,0,0,7,0.5010047615977806,0.3947097213228432,0.13432173847042175
elevated_tree_feed30_end3_dedicated_angled_41ft_az135_none,elevated_tree,30.0,3.0,dedicated_angled,dedicated_angled_41ft_az135,41.0,135.0,29.5,none,kx3,"40m,30m,20m,17m,15m,12m,10m",7,0,0,7,0.5009143030337899,0.41358755030649874,0.15057684445630906
elevated_tree_feed30_end3_dedicated_angled_41ft_az180_none,elevated_tree,30.0,3.0,dedicated_angled,dedicated_angled_41ft_az180,41.0,180.0,29.5,none,kx3,"40m,30m,20m,17m,15m,12m,10m",7,0,0,7,0.4976439926621074,0.41403945280016907,0.15008594712959195
elevated_tree_feed30_end3_dedicated_angled_45ft_az90_none,elevated_tree,30.0,3.0,dedicated_angled,dedicated_angled_45ft_az90,45.0,90.0,29.5,none,kx3,"40m,30m,20m,17m,15m,12m,10m",7,0,0,7,0.48579927580084376,0.3754647835240516,0.1314955204321206
elevated_tree_feed30_end3_dedicated_angled_45ft_az135_none,elevated_tree,30.0,3.0,dedicated_angled,dedicated_angled_45ft_az135,45.0,135.0,29.5,none,kx3,"40m,30m,20m,17m,15m,12m,10m",7,0,0,7,0.4891215235410686,0.41248023926562055,0.13576292635808274
elevated_tree_feed30_end3_dedicated_angled_45ft_az180_none,elevated_tree,30.0,3.0,dedicated_angled,dedicated_angled_45ft_az180,45.0,180.0,29.5,none,kx3,"40m,30m,20m,17m,15m,12m,10m",7,0,0,7,0.4850483546305851,0.41596693084629827,0.13789492736465891
elevated_tree_feed30_end3_dedicated_angled_49ft_az90_none,elevated_tree,30.0,3.0,dedicated_angled,dedicated_angled_49ft_az90,49.0,90.0,29.5,none,kx3,"40m,30m,20m,17m,15m,12m,10m",7,0,0,7,0.4204573000195942,0.3593549823140724,0.15841664075605616
elevated_tree_feed30_end3_dedicated_angled_49ft_az135_none,elevated_tree,30.0,3.0,dedicated_angled,dedicated_angled_49ft_az135,49.0,135.0,29.5,none,kx3,"40m,30m,20m,17m,15m,12m,10m",7,0,0,7,0.4352695217239234,0.37956420998849694,0.14911812227292837
elevated_tree_feed30_end3_dedicated_angled_49ft_az180_none,elevated_tree,30.0,3.0,dedicated_angled,dedicated_angled_49ft_az180,49.0,180.0,29.5,none,kx3,"40m,30m,20m,17m,15m,12m,10m",7,0,0,7,0.435599807249288,0.39075192451172425,0.14682261417846337
elevated_tree_feed30_end3_dedicated_angled_53ft_az90_none,elevated_tree,30.0,3.0,dedicated_angled,dedicated_angled_53ft_az90,53.0,90.0,29.5,none,kx3,"40m,30m,20m,17m,15m,12m,10m",7,0,0,7,0.3672673427353419,0.29207616050116053,0.15276650736996364
elevated_tree_feed30_end3_dedicated_angled_53ft_az135_none,elevated_tree,30.0,3.0,dedicated_angled,dedicated_angled_53ft_az135,53.0,135.0,29.5,none,kx3,"40m,30m,20m,17m,15m,12m,10m",7,0,0,7,0.39252846251664414,0.3159919062261233,0.14000770341067983
elevated_tree_feed30_end3_dedicated_angled_53ft_az180_none,elevated_tree,30.0,3.0,dedicated_angled,dedicated_angled_53ft_az180,53.0,180.0,29.5,none,kx3,"40m,30m,20m,17m,15m,12m,10m",7,0,0,7,0.3992211448704917,0.3363066311313318,0.1345860939722423
elevated_tree_feed40_end3_coax_return_39.5ft_vertical_none,elevated_tree,40.0,3.0,coax_return,coax_return_39.5ft_vertical,39.5,,39.5,none,kx3,"40m,30m,20m,17m,15m,12m,10m",7,0,0,7,0.44760278464403863,0.3216936114222211,0.08716530299905417
elevated_tree_feed40_end3_dedicated_vertical_39.5ft_vertical_none,elevated_tree,40.0,3.0,dedicated_vertical,dedicated_vertical_39.5ft_vertical,39.5,,39.5,none,kx3,"40m,30m,20m,17m,15m,12m,10m",7,0,0,7,0.43140131380928753,0.3180463501724131,0.09512892308265958
elevated_tree_feed40_end3_dedicated_angled_41ft_az90_none,elevated_tree,40.0,3.0,dedicated_angled,dedicated_angled_41ft_az90,41.0,90.0,39.5,none,kx3,"40m,30m,20m,17m,15m,12m,10m",7,0,0,7,0.4467754290373448,0.32191962659416423,0.0933422358064394
elevated_tree_feed40_end3_dedicated_angled_41ft_az135_none,elevated_tree,40.0,3.0,dedicated_angled,dedicated_angled_41ft_az135,41.0,135.0,39.5,none,kx3,"40m,30m,20m,17m,15m,12m,10m",7,0,0,7,0.45579829292583285,0.3441910794556516,0.09132440277138039
elevated_tree_feed40_end3_dedicated_angled_41ft_az180_none,elevated_tree,40.0,3.0,dedicated_angled,dedicated_angled_41ft_az180,41.0,180.0,39.5,none,kx3,"40m,30m,20m,17m,15m,12m,10m",7,0,0,7,0.45813176738113054,0.3434750057192169,0.09056887435647676
elevated_tree_feed40_end3_dedicated_angled_45ft_az90_none,elevated_tree,40.0,3.0,dedicated_angled,dedicated_angled_45ft_az90,45.0,90.0,39.5,none,kx3,"40m,30m,20m,17m,15m,12m,10m",7,0,0,7,0.4308812158748969,0.3044617383248073,0.1068080901612331
elevated_tree_feed40_end3_dedicated_angled_45ft_az135_none,elevated_tree,40.0,3.0,dedicated_angled,dedicated_angled_45ft_az135,45.0,135.0,39.5,none,kx3,"40m,30m,20m,17m,15m,12m,10m",7,0,0,7,0.44675004633550786,0.36257812335865763,0.10533454062577745
elevated_tree_feed40_end3_dedicated_angled_45ft_az180_none,elevated_tree,40.0,3.0,dedicated_angled,dedicated_angled_45ft_az180,45.0,180.0,39.5,none,kx3,"40m,30m,20m,17m,15m,12m,10m",7,0,0,7,0.4507855927469513,0.37597222929153457,0.10114633902940996
elevated_tree_feed40_end3_dedicated_angled_49ft_az90_none,elevated_tree,40.0,3.0,dedicated_angled,dedicated_angled_49ft_az90,49.0,90.0,39.5,none,kx3,"40m,30m,20m,17m,15m,12m,10m",7,0,0,7,0.3636841302557609,0.2940148648598969,0.12124508365252878
elevated_tree_feed40_end3_dedicated_angled_49ft_az135_none,elevated_tree,40.0,3.0,dedicated_angled,dedicated_angled_49ft_az135,49.0,135.0,39.5,none,kx3,"40m,30m,20m,17m,15m,12m,10m",7,0,0,7,0.3840205125870287,0.32157221537064284,0.12289521570658679
elevated_tree_feed40_end3_dedicated_angled_49ft_az180_none,elevated_tree,40.0,3.0,dedicated_angled,dedicated_angled_49ft_az180,49.0,180.0,39.5,none,kx3,"40m,30m,20m,17m,15m,12m,10m",7,0,0,7,0.389068970534935,0.3212860319708446,0.12470248733536306
elevated_tree_feed40_end3_dedicated_angled_53ft_az90_none,elevated_tree,40.0,3.0,dedicated_angled,dedicated_angled_53ft_az90,53.0,90.0,39.5,none,kx3,"40m,30m,20m,17m,15m,12m,10m",7,0,0,7,0.30663260496025496,0.22887204931287028,0.11584015689548771
elevated_tree_feed40_end3_dedicated_angled_53ft_az135_none,elevated_tree,40.0,3.0,dedicated_angled,dedicated_angled_53ft_az135,53.0,135.0,39.5,none,kx3,"40m,30m,20m,17m,15m,12m,10m",7,0,0,7,0.33282923937201864,0.24197839860519174,0.10996080988299982
elevated_tree_feed40_end3_dedicated_angled_53ft_az180_none,elevated_tree,40.0,3.0,dedicated_angled,dedicated_angled_53ft_az180,53.0,180.0,39.5,none,kx3,"40m,30m,20m,17m,15m,12m,10m",7,0,0,7,0.33894114983880047,0.24151861537204572,0.11170170303568214
sloper_20_to_40_feed20_end40_coax_return_19.5ft_vertical_none,sloper_20_to_40,20.0,40.0,coax_return,coax_return_19.5ft_vertical,19.5,,19.5,none,kx3,"40m,30m,20m,17m,15m,12m,10m",7,0,0,7,0.578443228968926,0.45965992944864853,0.09859201328497064
sloper_20_to_40_feed20_end40_dedicated_vertical_19.5ft_vertical_none,sloper_20_to_40,20.0,40.0,dedicated_vertical,dedicated_vertical_19.5ft_vertical,19.5,,19.5,none,kx3,"40m,30m,20m,17m,15m,12m,10m",7,0,0,7,0.5555199992543406,0.4487718512759148,0.09870766579643295
sloper_20_to_40_feed20_end40_dedicated_angled_21ft_az90_none,sloper_20_to_40,20.0,40.0,dedicated_angled,dedicated_angled_21ft_az90,21.0,90.0,19.5,none,kx3,"40m,30m,20m,17m,15m,12m,10m",7,0,0,7,0.5611757588884039,0.471371672703252,0.1031895248999129
sloper_20_to_40_feed20_end40_dedicated_angled_21ft_az135_none,sloper_20_to_40,20.0,40.0,dedicated_angled,dedicated_angled_21ft_az135,21.0,135.0,19.5,none,kx3,"40m,30m,20m,17m,15m,12m,10m",7,0,0,7,0.5617471938737837,0.4698696830565496,0.10046029129913339
sloper_20_to_40_feed20_end40_dedicated_angled_21ft_az180_none,sloper_20_to_40,20.0,40.0,dedicated_angled,dedicated_angled_21ft_az180,21.0,180.0,19.5,none,kx3,"40m,30m,20m,17m,15m,12m,10m",7,0,0,7,0.5618190912018255,0.46843532565157264,0.10129501912640856
sloper_20_to_40_feed20_end40_dedicated_angled_25ft_az90_none,sloper_20_to_40,20.0,40.0,dedicated_angled,dedicated_angled_25ft_az90,25.0,90.0,19.5,none,kx3,"40m,30m,20m,17m,15m,12m,10m",7,0,0,7,0.5460943174740072,0.4571688571939961,0.10235060527635668
sloper_20_to_40_feed20_end40_dedicated_angled_25ft_az135_none,sloper_20_to_40,20.0,40.0,dedicated_angled,dedicated_angled_25ft_az135,25.0,135.0,19.5,none,kx3,"40m,30m,20m,17m,15m,12m,10m",7,0,0,7,0.5459177593192506,0.4546544532084833,0.1029377254603348
sloper_20_to_40_feed20_end40_dedicated_angled_25ft_az180_none,sloper_20_to_40,20.0,40.0,dedicated_angled,dedicated_angled_25ft_az180,25.0,180.0,19.5,none,kx3,"40m,30m,20m,17m,15m,12m,10m",7,0,0,7,0.5450569796515627,0.44853251456521004,0.10413145861269894
sloper_20_to_40_feed20_end40_dedicated_angled_29ft_az90_none,sloper_20_to_40,20.0,40.0,dedicated_angled,dedicated_angled_29ft_az90,29.0,90.0,19.5,none,kx3,"40m,30m,20m,17m,15m,12m,10m",7,0,0,7,0.5575443336881274,0.45165594526278935,0.08584284153981164
sloper_20_to_40_feed20_end40_dedicated_angled_29ft_az135_none,sloper_20_to_40,20.0,40.0,dedicated_angled,dedicated_angled_29ft_az135,29.0,135.0,19.5,none,kx3,"40m,30m,20m,17m,15m,12m,10m",7,0,0,7,0.5512635412866352,0.4271465336841736,0.09872393444346302
sloper_20_to_40_feed20_end40_dedicated_angled_29ft_az180_none,sloper_20_to_40,20.0,40.0,dedicated_angled,dedicated_angled_29ft_az180,29.0,180.0,19.5,none,kx3,"40m,30m,20m,17m,15m,12m,10m",7,0,0,7,0.5486497814171705,0.4097185065313693,0.09383817489074747
sloper_20_to_40_feed20_end40_dedicated_angled_33ft_az90_none,sloper_20_to_40,20.0,40.0,dedicated_angled,dedicated_angled_33ft_az90,33.0,90.0,19.5,none,kx3,"40m,30m,20m,17m,15m,12m,10m",7,0,0,7,0.549141231953605,0.49839008309230237,0.12482981890382398
sloper_20_to_40_feed20_end40_dedicated_angled_33ft_az135_none,sloper_20_to_40,20.0,40.0,dedicated_angled,dedicated_angled_33ft_az135,33.0,135.0,19.5,none,kx3,"40m,30m,20m,17m,15m,12m,10m",7,0,0,7,0.5477249717668842,0.4614398511188785,0.12283463285048546
sloper_20_to_40_feed20_end40_dedicated_angled_33ft_az180_none,sloper_20_to_40,20.0,40.0,dedicated_angled,dedicated_angled_33ft_az180,33.0,180.0,19.5,none,kx3,"40m,30m,20m,17m,15m,12m,10m",7,0,0,7,0.5488781320402476,0.44607963846135823,0.12390273832613377
sloper_20_to_40_feed20_end40_dedicated_angled_37ft_az90_none,sloper_20_to_40,20.0,40.0,dedicated_angled,dedicated_angled_37ft_az90,37.0,90.0,19.5,none,kx3,"40m,30m,20m,17m,15m,12m,10m",7,0,0,7,0.54143423945348,0.43528900922592184,0.11725712625428003
sloper_20_to_40_feed20_end40_dedicated_angled_37ft_az135_none,sloper_20_to_40,20.0,40.0,dedicated_angled,dedicated_angled_37ft_az135,37.0,135.0,19.5,none,kx3,"40m,30m,20m,17m,15m,12m,10m",7,0,0,7,0.5409151461622027,0.4538427035029154,0.13096273200369737
sloper_20_to_40_feed20_end40_dedicated_angled_37ft_az180_none,sloper_20_to_40,20.0,40.0,dedicated_angled,dedicated_angled_37ft_az180,37.0,180.0,19.5,none,kx3,"40m,30m,20m,17m,15m,12m,10m",7,0,0,7,0.5401008891829567,0.45029669945955897,0.12582225774101718
sloper_20_to_40_feed20_end40_dedicated_angled_41ft_az90_none,sloper_20_to_40,20.0,40.0,dedicated_angled,dedicated_angled_41ft_az90,41.0,90.0,19.5,none,kx3,"40m,30m,20m,17m,15m,12m,10m",7,0,0,7,0.5822898039385093,0.4961125661519181,0.12881154817829557
sloper_20_to_40_feed20_end40_dedicated_angled_41ft_az135_none,sloper_20_to_40,20.0,40.0,dedicated_angled,dedicated_angled_41ft_az135,41.0,135.0,19.5,none,kx3,"40m,30m,20m,17m,15m,12m,10m",7,0,0,7,0.5704618760336437,0.4875559496783453,0.13327577719546915
sloper_20_to_40_feed20_end40_dedicated_angled_41ft_az180_none,sloper_20_to_40,20.0,40.0,dedicated_angled,dedicated_angled_41ft_az180,41.0,180.0,19.5,none,kx3,"40m,30m,20m,17m,15m,12m,10m",7,0,0,7,0.5656348556009725,0.47807462560485464,0.10164240349710985
sloper_20_to_40_feed20_end40_dedicated_angled_45ft_az90_none,sloper_20_to_40,20.0,40.0,dedicated_angled,dedicated_angled_45ft_az90,45.0,90.0,19.5,none,kx3,"40m,30m,20m,17m,15m,12m,10m",7,0,0,7,0.5663521343103812,0.5057201086746645,0.11143445050551745
sloper_20_to_40_feed20_end40_dedicated_angled_45ft_az135_none,sloper_20_to_40,20.0,40.0,dedicated_angled,dedicated_angled_45ft_az135,45.0,135.0,19.5,none,kx3,"40m,30m,20m,17m,15m,12m,10m",7,0,0,7,0.5558950197622958,0.5083844557849588,0.13617745108518928
sloper_20_to_40_feed20_end40_dedicated_angled_45ft_az180_none,sloper_20_to_40,20.0,40.0,dedicated_angled,dedicated_angled_45ft_az180,45.0,180.0,19.5,none,kx3,"40m,30m,20m,17m,15m,12m,10m",7,0,0,7,0.5529533712032259,0.49996565842407764,0.13689331303192703
sloper_20_to_40_feed20_end40_dedicated_angled_49ft_az90_none,sloper_20_to_40,20.0,40.0,dedicated_angled,dedicated_angled_49ft_az90,49.0,90.0,19.5,none,kx3,"40m,30m,20m,17m,15m,12m,10m",7,0,0,7,0.5094429586459949,0.45333740323545235,0.13860778353131414
sloper_20_to_40_feed20_end40_dedicated_angled_49ft_az135_none,sloper_20_to_40,20.0,40.0,dedicated_angled,dedicated_angled_49ft_az135,49.0,135.0,19.5,none,kx3,"40m,30m,20m,17m,15m,12m,10m",7,0,0,7,0.5147355773755544,0.45479955859319576,0.12772958005514326
sloper_20_to_40_feed20_end40_dedicated_angled_49ft_az180_none,sloper_20_to_40,20.0,40.0,dedicated_angled,dedicated_angled_49ft_az180,49.0,180.0,19.5,none,kx3,"40m,30m,20m,17m,15m,12m,10m",7,0,0,7,0.5172114413271705,0.4415322547315222,0.1253168175981799
sloper_20_to_40_feed20_end40_dedicated_angled_53ft_az90_none,sloper_20_to_40,20.0,40.0,dedicated_angled,dedicated_angled_53ft_az90,53.0,90.0,19.5,none,kx3,"40m,30m,20m,17m,15m,12m,10m",7,0,0,7,0.4677405016482331,0.3978556158754931,0.19521001355607376
sloper_20_to_40_feed20_end40_dedicated_angled_53ft_az135_none,sloper_20_to_40,20.0,40.0,dedicated_angled,dedicated_angled_53ft_az135,53.0,135.0,19.5,none,kx3,"40m,30m,20m,17m,15m,12m,10m",7,0,0,7,0.487131917948055,0.4449342423421782,0.20476763975445147
sloper_20_to_40_feed20_end40_dedicated_angled_53ft_az180_none,sloper_20_to_40,20.0,40.0,dedicated_angled,dedicated_angled_53ft_az180,53.0,180.0,19.5,none,kx3,"40m,30m,20m,17m,15m,12m,10m",7,0,0,7,0.490048238720133,0.42033208197213195,0.19382982573230426
sloper_20_to_40_feed20_end40_coax_return_19.5ft_vertical_cfrp_5e3_3in,sloper_20_to_40,20.0,40.0,coax_return,coax_return_19.5ft_vertical,19.5,,19.5,cfrp_5e3_3in,kx3,"40m,30m,20m,17m,15m,12m,10m",7,0,0,7,0.48047425537502775,0.2784621480552422,0.10648351985176989
sloper_20_to_40_feed20_end40_dedicated_vertical_19.5ft_vertical_cfrp_5e3_3in,sloper_20_to_40,20.0,40.0,dedicated_vertical,dedicated_vertical_19.5ft_vertical,19.5,,19.5,cfrp_5e3_3in,kx3,"40m,30m,20m,17m,15m,12m,10m",7,0,0,7,0.4341638624492525,0.17436984361859417,0.10524245374066694
sloper_20_to_40_feed20_end40_dedicated_angled_21ft_az90_cfrp_5e3_3in,sloper_20_to_40,20.0,40.0,dedicated_angled,dedicated_angled_21ft_az90,21.0,90.0,19.5,cfrp_5e3_3in,kx3,"40m,30m,20m,17m,15m,12m,10m",7,0,0,7,0.5229720513439866,0.4263707702640773,0.09871601441236312
sloper_20_to_40_feed20_end40_dedicated_angled_21ft_az135_cfrp_5e3_3in,sloper_20_to_40,20.0,40.0,dedicated_angled,dedicated_angled_21ft_az135,21.0,135.0,19.5,cfrp_5e3_3in,kx3,"40m,30m,20m,17m,15m,12m,10m",7,0,0,7,0.527258384904335,0.46038419402845676,0.11233207614646225
sloper_20_to_40_feed20_end40_dedicated_angled_21ft_az180_cfrp_5e3_3in,sloper_20_to_40,20.0,40.0,dedicated_angled,dedicated_angled_21ft_az180,21.0,180.0,19.5,cfrp_5e3_3in,kx3,"40m,30m,20m,17m,15m,12m,10m",7,0,0,7,0.5301470188960502,0.46561069087169665,0.11524843065445371
sloper_20_to_40_feed20_end40_dedicated_angled_25ft_az90_cfrp_5e3_3in,sloper_20_to_40,20.0,40.0,dedicated_angled,dedicated_angled_25ft_az90,25.0,90.0,19.5,cfrp_5e3_3in,kx3,"40m,30m,20m,17m,15m,12m,10m",7,0,0,7,0.5108162451931756,0.40822539488524,0.1528542626061501
sloper_20_to_40_feed20_end40_dedicated_angled_25ft_az135_cfrp_5e3_3in,sloper_20_to_40,20.0,40.0,dedicated_angled,dedicated_angled_25ft_az135,25.0,135.0,19.5,cfrp_5e3_3in,kx3,"40m,30m,20m,17m,15m,12m,10m",7,0,0,7,0.5337879577561437,0.4197043982339816,0.09969826533720316
sloper_20_to_40_feed20_end40_dedicated_angled_25ft_az180_cfrp_5e3_3in,sloper_20_to_40,20.0,40.0,dedicated_angled,dedicated_angled_25ft_az180,25.0,180.0,19.5,cfrp_5e3_3in,kx3,"40m,30m,20m,17m,15m,12m,10m",7,0,0,7,0.5337807874155657,0.41380929853664,0.10218004099971295
sloper_20_to_40_feed20_end40_dedicated_angled_29ft_az90_cfrp_5e3_3in,sloper_20_to_40,20.0,40.0,dedicated_angled,dedicated_angled_29ft_az90,29.0,90.0,19.5,cfrp_5e3_3in,kx3,"40m,30m,20m,17m,15m,12m,10m",7,0,0,7,0.5280749680734147,0.42105955380967713,0.12376752508696645
sloper_20_to_40_feed20_end40_dedicated_angled_29ft_az135_cfrp_5e3_3in,sloper_20_to_40,20.0,40.0,dedicated_angled,dedicated_angled_29ft_az135,29.0,135.0,19.5,cfrp_5e3_3in,kx3,"40m,30m,20m,17m,15m,12m,10m",7,0,0,7,0.5434059886471104,0.4268063279950134,0.09047243871881681
sloper_20_to_40_feed20_end40_dedicated_angled_29ft_az180_cfrp_5e3_3in,sloper_20_to_40,20.0,40.0,dedicated_angled,dedicated_angled_29ft_az180,29.0,180.0,19.5,cfrp_5e3_3in,kx3,"40m,30m,20m,17m,15m,12m,10m",7,0,0,7,0.5410109568404904,0.409827969492903,0.09207565121201562
sloper_20_to_40_feed20_end40_dedicated_angled_33ft_az90_cfrp_5e3_3in,sloper_20_to_40,20.0,40.0,dedicated_angled,dedicated_angled_33ft_az90,33.0,90.0,19.5,cfrp_5e3_3in,kx3,"40m,30m,20m,17m,15m,12m,10m",7,0,0,7,0.531973867697117,0.4365478718189359,0.14192531034946815
sloper_20_to_40_feed20_end40_dedicated_angled_33ft_az135_cfrp_5e3_3in,sloper_20_to_40,20.0,40.0,dedicated_angled,dedicated_angled_33ft_az135,33.0,135.0,19.5,cfrp_5e3_3in,kx3,"40m,30m,20m,17m,15m,12m,10m",7,0,0,7,0.539265867312293,0.46711578199520293,0.12870867618247533
sloper_20_to_40_feed20_end40_dedicated_angled_33ft_az180_cfrp_5e3_3in,sloper_20_to_40,20.0,40.0,dedicated_angled,dedicated_angled_33ft_az180,33.0,180.0,19.5,cfrp_5e3_3in,kx3,"40m,30m,20m,17m,15m,12m,10m",7,0,0,7,0.5390536712478775,0.44783687301539266,0.13444041916769975
sloper_20_to_40_feed20_end40_dedicated_angled_37ft_az90_cfrp_5e3_3in,sloper_20_to_40,20.0,40.0,dedicated_angled,dedicated_angled_37ft_az90,37.0,90.0,19.5,cfrp_5e3_3in,kx3,"40m,30m,20m,17m,15m,12m,10m",7,0,0,7,0.5479940526999243,0.4162838052295341,0.11999044778105573
sloper_20_to_40_feed20_end40_dedicated_angled_37ft_az135_cfrp_5e3_3in,sloper_20_to_40,20.0,40.0,dedicated_angled,dedicated_angled_37ft_az135,37.0,135.0,19.5,cfrp_5e3_3in,kx3,"40m,30m,20m,17m,15m,12m,10m",7,0,0,7,0.5467963459821149,0.45666337832668535,0.12147691701781524
sloper_20_to_40_feed20_end40_dedicated_angled_37ft_az180_cfrp_5e3_3in,sloper_20_to_40,20.0,40.0,dedicated_angled,dedicated_angled_37ft_az180,37.0,180.0,19.5,cfrp_5e3_3in,kx3,"40m,30m,20m,17m,15m,12m,10m",7,0,0,7,0.5420411017884114,0.45194878313783016,0.12369830814828299
sloper_20_to_40_feed20_end40_dedicated_angled_41ft_az90_cfrp_5e3_3in,sloper_20_to_40,20.0,40.0,dedicated_angled,dedicated_angled_41ft_az90,41.0,90.0,19.5,cfrp_5e3_3in,kx3,"40m,30m,20m,17m,15m,12m,10m",7,0,0,7,0.5707377960619732,0.5023504490007212,0.11556338782321654
sloper_20_to_40_feed20_end40_dedicated_angled_41ft_az135_cfrp_5e3_3in,sloper_20_to_40,20.0,40.0,dedicated_angled,dedicated_angled_41ft_az135,41.0,135.0,19.5,cfrp_5e3_3in,kx3,"40m,30m,20m,17m,15m,12m,10m",7,0,0,7,0.573332835508681,0.5009188090821182,0.11491509704746491
sloper_20_to_40_feed20_end40_dedicated_angled_41ft_az180_cfrp_5e3_3in,sloper_20_to_40,20.0,40.0,dedicated_angled,dedicated_angled_41ft_az180,41.0,180.0,19.5,cfrp_5e3_3in,kx3,"40m,30m,20m,17m,15m,12m,10m",7,0,0,7,0.5697928358297781,0.4865972147218281,0.11331261301390919
sloper_20_to_40_feed20_end40_dedicated_angled_45ft_az90_cfrp_5e3_3in,sloper_20_to_40,20.0,40.0,dedicated_angled,dedicated_angled_45ft_az90,45.0,90.0,19.5,cfrp_5e3_3in,kx3,"40m,30m,20m,17m,15m,12m,10m",7,0,0,7,0.5411659130568794,0.4979087487496474,0.13966667651024156
sloper_20_to_40_feed20_end40_dedicated_angled_45ft_az135_cfrp_5e3_3in,sloper_20_to_40,20.0,40.0,dedicated_angled,dedicated_angled_45ft_az135,45.0,135.0,19.5,cfrp_5e3_3in,kx3,"40m,30m,20m,17m,15m,12m,10m",7,0,0,7,0.5461700748926742,0.5184657299615537,0.11774440853450004
sloper_20_to_40_feed20_end40_dedicated_angled_45ft_az180_cfrp_5e3_3in,sloper_20_to_40,20.0,40.0,dedicated_angled,dedicated_angled_45ft_az180,45.0,180.0,19.5,cfrp_5e3_3in,kx3,"40m,30m,20m,17m,15m,12m,10m",7,0,0,7,0.5480688117359817,0.5113443827412157,0.12032338324521882
sloper_20_to_40_feed20_end40_dedicated_angled_49ft_az90_cfrp_5e3_3in,sloper_20_to_40,20.0,40.0,dedicated_angled,dedicated_angled_49ft_az90,49.0,90.0,19.5,cfrp_5e3_3in,kx3,"40m,30m,20m,17m,15m,12m,10m",7,0,0,7,0.4940106484887455,0.42635414122186543,0.1400595886894174
sloper_20_to_40_feed20_end40_dedicated_angled_49ft_az135_cfrp_5e3_3in,sloper_20_to_40,20.0,40.0,dedicated_angled,dedicated_angled_49ft_az135,49.0,135.0,19.5,cfrp_5e3_3in,kx3,"40m,30m,20m,17m,15m,12m,10m",7,0,0,7,0.5085475321792601,0.44571384376013584,0.1270384005260133
sloper_20_to_40_feed20_end40_dedicated_angled_49ft_az180_cfrp_5e3_3in,sloper_20_to_40,20.0,40.0,dedicated_angled,dedicated_angled_49ft_az180,49.0,180.0,19.5,cfrp_5e3_3in,kx3,"40m,30m,20m,17m,15m,12m,10m",7,0,0,7,0.513386359957149,0.4363030672716304,0.12773635085496352
sloper_20_to_40_feed20_end40_dedicated_angled_53ft_az90_cfrp_5e3_3in,sloper_20_to_40,20.0,40.0,dedicated_angled,dedicated_angled_53ft_az90,53.0,90.0,19.5,cfrp_5e3_3in,kx3,"40m,30m,20m,17m,15m,12m,10m",7,0,0,7,0.4526722401494469,0.36675586758098017,0.19831908563212178
sloper_20_to_40_feed20_end40_dedicated_angled_53ft_az135_cfrp_5e3_3in,sloper_20_to_40,20.0,40.0,dedicated_angled,dedicated_angled_53ft_az135,53.0,135.0,19.5,cfrp_5e3_3in,kx3,"40m,30m,20m,17m,15m,12m,10m",7,0,0,7,0.4828719022835046,0.43964711870887774,0.20728794845358933
sloper_20_to_40_feed20_end40_dedicated_angled_53ft_az180_cfrp_5e3_3in,sloper_20_to_40,20.0,40.0,dedicated_angled,dedicated_angled_53ft_az180,53.0,180.0,19.5,cfrp_5e3_3in,kx3,"40m,30m,20m,17m,15m,12m,10m",7,0,0,7,0.486050251051727,0.4219331075147777,0.20186966489265376
sloper_20_to_40_feed20_end40_coax_return_19.5ft_vertical_cfrp_5e4_3in,sloper_20_to_40,20.0,40.0,coax_return,coax_return_19.5ft_vertical,19.5,,19.5,cfrp_5e4_3in,kx3,"40m,30m,20m,17m,15m,12m,10m",7,0,0,7,0.4816585843476709,0.26655728192213957,0.10624488155464344
sloper_20_to_40_feed20_end40_dedicated_vertical_19.5ft_vertical_cfrp_5e4_3in,sloper_20_to_40,20.0,40.0,dedicated_vertical,dedicated_vertical_19.5ft_vertical,19.5,,19.5,cfrp_5e4_3in,kx3,"40m,30m,20m,17m,15m,12m,10m",7,0,0,7,0.4364345241934643,0.16778922984375433,0.10504199296559073
sloper_20_to_40_feed20_end40_dedicated_angled_21ft_az90_cfrp_5e4_3in,sloper_20_to_40,20.0,40.0,dedicated_angled,dedicated_angled_21ft_az90,21.0,90.0,19.5,cfrp_5e4_3in,kx3,"40m,30m,20m,17m,15m,12m,10m",7,0,0,7,0.5343301594419058,0.44205943953714627,0.09876856984345497
sloper_20_to_40_feed20_end40_dedicated_angled_21ft_az135_cfrp_5e4_3in,sloper_20_to_40,20.0,40.0,dedicated_angled,dedicated_angled_21ft_az135,21.0,135.0,19.5,cfrp_5e4_3in,kx3,"40m,30m,20m,17m,15m,12m,10m",7,0,0,7,0.5361866711660068,0.47058262108435006,0.10899848085531477
sloper_20_to_40_feed20_end40_dedicated_angled_21ft_az180_cfrp_5e4_3in,sloper_20_to_40,20.0,40.0,dedicated_angled,dedicated_angled_21ft_az180,21.0,180.0,19.5,cfrp_5e4_3in,kx3,"40m,30m,20m,17m,15m,12m,10m",7,0,0,7,0.538493803572325,0.4680883451263984,0.11404940712566036
sloper_20_to_40_feed20_end40_dedicated_angled_25ft_az90_cfrp_5e4_3in,sloper_20_to_40,20.0,40.0,dedicated_angled,dedicated_angled_25ft_az90,25.0,90.0,19.5,cfrp_5e4_3in,kx3,"40m,30m,20m,17m,15m,12m,10m",7,0,0,7,0.5229751061437908,0.4350053648035791,0.1530698828119875
sloper_20_to_40_feed20_end40_dedicated_angled_25ft_az135_cfrp_5e4_3in,sloper_20_to_40,20.0,40.0,dedicated_angled,dedicated_angled_25ft_az135,25.0,135.0,19.5,cfrp_5e4_3in,kx3,"40m,30m,20m,17m,15m,12m,10m",7,0,0,7,0.5400345923852823,0.4239862836679538,0.09976133772913086
sloper_20_to_40_feed20_end40_dedicated_angled_25ft_az180_cfrp_5e4_3in,sloper_20_to_40,20.0,40.0,dedicated_angled,dedicated_angled_25ft_az180,25.0,180.0,19.5,cfrp_5e4_3in,kx3,"40m,30m,20m,17m,15m,12m,10m",7,0,0,7,0.5399064359478214,0.417261856963678,0.1022430419630775
sloper_20_to_40_feed20_end40_dedicated_angled_29ft_az90_cfrp_5e4_3in,sloper_20_to_40,20.0,40.0,dedicated_angled,dedicated_angled_29ft_az90,29.0,90.0,19.5,cfrp_5e4_3in,kx3,"40m,30m,20m,17m,15m,12m,10m",7,0,0,7,0.5329408753100376,0.42662192939810417,0.12527160652313243
sloper_20_to_40_feed20_end40_dedicated_angled_29ft_az135_cfrp_5e4_3in,sloper_20_to_40,20.0,40.0,dedicated_angled,dedicated_angled_29ft_az135,29.0,135.0,19.5,cfrp_5e4_3in,kx3,"40m,30m,20m,17m,15m,12m,10m",7,0,0,7,0.5472441547370442,0.42808719764626546,0.09044443329461237
sloper_20_to_40_feed20_end40_dedicated_angled_29ft_az180_cfrp_5e4_3in,sloper_20_to_40,20.0,40.0,dedicated_angled,dedicated_angled_29ft_az180,29.0,180.0,19.5,cfrp_5e4_3in,kx3,"40m,30m,20m,17m,15m,12m,10m",7,0,0,7,0.5448884630159918,0.41054263460428164,0.09112425794980539
sloper_20_to_40_feed20_end40_dedicated_angled_33ft_az90_cfrp_5e4_3in,sloper_20_to_40,20.0,40.0,dedicated_angled,dedicated_angled_33ft_az90,33.0,90.0,19.5,cfrp_5e4_3in,kx3,"40m,30m,20m,17m,15m,12m,10m",7,0,0,7,0.5397610045631753,0.4683701610821015,0.14284669345023995
sloper_20_to_40_feed20_end40_dedicated_angled_33ft_az135_cfrp_5e4_3in,sloper_20_to_40,20.0,40.0,dedicated_angled,dedicated_angled_33ft_az135,33.0,135.0,19.5,cfrp_5e4_3in,kx3,"40m,30m,20m,17m,15m,12m,10m",7,0,0,7,0.5405608923700764,0.46771324649446205,0.12879972176175714
sloper_20_to_40_feed20_end40_dedicated_angled_33ft_az180_cfrp_5e4_3in,sloper_20_to_40,20.0,40.0,dedicated_angled,dedicated_angled_33ft_az180,33.0,180.0,19.5,cfrp_5e4_3in,kx3,"40m,30m,20m,17m,15m,12m,10m",7,0,0,7,0.5406611269111375,0.4489202443392076,0.13442309992688758
sloper_20_to_40_feed20_end40_dedicated_angled_37ft_az90_cfrp_5e4_3in,sloper_20_to_40,20.0,40.0,dedicated_angled,dedicated_angled_37ft_az90,37.0,90.0,19.5,cfrp_5e4_3in,kx3,"40m,30m,20m,17m,15m,12m,10m",7,0,0,7,0.5545474548904521,0.4186164023413913,0.12002410471130934
sloper_20_to_40_feed20_end40_dedicated_angled_37ft_az135_cfrp_5e4_3in,sloper_20_to_40,20.0,40.0,dedicated_angled,dedicated_angled_37ft_az135,37.0,135.0,19.5,cfrp_5e4_3in,kx3,"40m,30m,20m,17m,15m,12m,10m",7,0,0,7,0.5504192224329202,0.45890705577832297,0.1214728800971546
sloper_20_to_40_feed20_end40_dedicated_angled_37ft_az180_cfrp_5e4_3in,sloper_20_to_40,20.0,40.0,dedicated_angled,dedicated_angled_37ft_az180,37.0,180.0,19.5,cfrp_5e4_3in,kx3,"40m,30m,20m,17m,15m,12m,10m",7,0,0,7,0.5454146565290262,0.45420845624120926,0.12367865506870364
sloper_20_to_40_feed20_end40_dedicated_angled_41ft_az90_cfrp_5e4_3in,sloper_20_to_40,20.0,40.0,dedicated_angled,dedicated_angled_41ft_az90,41.0,90.0,19.5,cfrp_5e4_3in,kx3,"40m,30m,20m,17m,15m,12m,10m",7,0,0,7,0.578514144847145,0.5070643406789961,0.11577191500750281
sloper_20_to_40_feed20_end40_dedicated_angled_41ft_az135_cfrp_5e4_3in,sloper_20_to_40,20.0,40.0,dedicated_angled,dedicated_angled_41ft_az135,41.0,135.0,19.5,cfrp_5e4_3in,kx3,"40m,30m,20m,17m,15m,12m,10m",7,0,0,7,0.5811605665095464,0.5035920168655483,0.11263593726140207
sloper_20_to_40_feed20_end40_dedicated_angled_41ft_az180_cfrp_5e4_3in,sloper_20_to_40,20.0,40.0,dedicated_angled,dedicated_angled_41ft_az180,41.0,180.0,19.5,cfrp_5e4_3in,kx3,"40m,30m,20m,17m,15m,12m,10m",7,0,0,7,0.5774422439946023,0.487712457074092,0.1111292149730171
sloper_20_to_40_feed20_end40_dedicated_angled_45ft_az90_cfrp_5e4_3in,sloper_20_to_40,20.0,40.0,dedicated_angled,dedicated_angled_45ft_az90,45.0,90.0,19.5,cfrp_5e4_3in,kx3,"40m,30m,20m,17m,15m,12m,10m",7,0,0,7,0.5465350070517252,0.5039911973618022,0.14010049113103956
sloper_20_to_40_feed20_end40_dedicated_angled_45ft_az135_cfrp_5e4_3in,sloper_20_to_40,20.0,40.0,dedicated_angled,dedicated_angled_45ft_az135,45.0,135.0,19.5,cfrp_5e4_3in,kx3,"40m,30m,20m,17m,15m,12m,10m",7,0,0,7,0.5529647578853938,0.5234273061377596,0.1179557969314593
sloper_20_to_40_feed20_end40_dedicated_angled_45ft_az180_cfrp_5e4_3in,sloper_20_to_40,20.0,40.0,dedicated_angled,dedicated_angled_45ft_az180,45.0,180.0,19.5,cfrp_5e4_3in,kx3,"40m,30m,20m,17m,15m,12m,10m",7,0,0,7,0.5545182211650587,0.5166970100952751,0.1204801575231706
sloper_20_to_40_feed20_end40_dedicated_angled_49ft_az90_cfrp_5e4_3in,sloper_20_to_40,20.0,40.0,dedicated_angled,dedicated_angled_49ft_az90,49.0,90.0,19.5,cfrp_5e4_3in,kx3,"40m,30m,20m,17m,15m,12m,10m",7,0,0,7,0.49698322501102676,0.4291459330837853,0.14036133583620744
sloper_20_to_40_feed20_end40_dedicated_angled_49ft_az135_cfrp_5e4_3in,sloper_20_to_40,20.0,40.0,dedicated_angled,dedicated_angled_49ft_az135,49.0,135.0,19.5,cfrp_5e4_3in,kx3,"40m,30m,20m,17m,15m,12m,10m",7,0,0,7,0.5111745881469684,0.44815757927670896,0.12733712843244419
sloper_20_to_40_feed20_end40_dedicated_angled_49ft_az180_cfrp_5e4_3in,sloper_20_to_40,20.0,40.0,dedicated_angled,dedicated_angled_49ft_az180,49.0,180.0,19.5,cfrp_5e4_3in,kx3,"40m,30m,20m,17m,15m,12m,10m",7,0,0,7,0.5159400138625635,0.43778439623065823,0.12800018879384817
sloper_20_to_40_feed20_end40_dedicated_angled_53ft_az90_cfrp_5e4_3in,sloper_20_to_40,20.0,40.0,dedicated_angled,dedicated_angled_53ft_az90,53.0,90.0,19.5,cfrp_5e4_3in,kx3,"40m,30m,20m,17m,15m,12m,10m",7,0,0,7,0.45523617449981346,0.3680475218611563,0.19914075596225908
sloper_20_to_40_feed20_end40_dedicated_angled_53ft_az135_cfrp_5e4_3in,sloper_20_to_40,20.0,40.0,dedicated_angled,dedicated_angled_53ft_az135,53.0,135.0,19.5,cfrp_5e4_3in,kx3,"40m,30m,20m,17m,15m,12m,10m",7,0,0,7,0.48349527331603703,0.43987785518827477,0.20723239581503214
sloper_20_to_40_feed20_end40_dedicated_angled_53ft_az180_cfrp_5e4_3in,sloper_20_to_40,20.0,40.0,dedicated_angled,dedicated_angled_53ft_az180,53.0,180.0,19.5,cfrp_5e4_3in,kx3,"40m,30m,20m,17m,15m,12m,10m",7,0,0,7,0.486603806175175,0.4221789891535888,0.2019506463278155
sloper_20_to_40_feed20_end40_coax_return_19.5ft_vertical_cfrp_5e4_12in,sloper_20_to_40,20.0,40.0,coax_return,coax_return_19.5ft_vertical,19.5,,19.5,cfrp_5e4_12in,kx3,"40m,30m,20m,17m,15m,12m,10m",7,0,0,7,0.5081573288829854,0.3566438744115749,0.09949756613668649
sloper_20_to_40_feed20_end40_dedicated_vertical_19.5ft_vertical_cfrp_5e4_12in,sloper_20_to_40,20.0,40.0,dedicated_vertical,dedicated_vertical_19.5ft_vertical,19.5,,19.5,cfrp_5e4_12in,kx3,"40m,30m,20m,17m,15m,12m,10m",7,0,0,7,0.4727522035945847,0.26795171856424355,0.1030296054228299
sloper_20_to_40_feed20_end40_dedicated_angled_21ft_az90_cfrp_5e4_12in,sloper_20_to_40,20.0,40.0,dedicated_angled,dedicated_angled_21ft_az90,21.0,90.0,19.5,cfrp_5e4_12in,kx3,"40m,30m,20m,17m,15m,12m,10m",7,0,0,7,0.47451760044962055,0.2753981202702773,0.09915719783656846
sloper_20_to_40_feed20_end40_dedicated_angled_21ft_az135_cfrp_5e4_12in,sloper_20_to_40,20.0,40.0,dedicated_angled,dedicated_angled_21ft_az135,21.0,135.0,19.5,cfrp_5e4_12in,kx3,"40m,30m,20m,17m,15m,12m,10m",7,0,0,7,0.5321223799513122,0.46559285618042023,0.11925621339201295
sloper_20_to_40_feed20_end40_dedicated_angled_21ft_az180_cfrp_5e4_12in,sloper_20_to_40,20.0,40.0,dedicated_angled,dedicated_angled_21ft_az180,21.0,180.0,19.5,cfrp_5e4_12in,kx3,"40m,30m,20m,17m,15m,12m,10m",7,0,0,7,0.5363255107751428,0.4648014146939124,0.1233894108277568
sloper_20_to_40_feed20_end40_dedicated_angled_25ft_az90_cfrp_5e4_12in,sloper_20_to_40,20.0,40.0,dedicated_angled,dedicated_angled_25ft_az90,25.0,90.0,19.5,cfrp_5e4_12in,kx3,"40m,30m,20m,17m,15m,12m,10m",7,0,0,7,0.5103218450672539,0.3946818249385344,0.10075579961884437
sloper_20_to_40_feed20_end40_dedicated_angled_25ft_az135_cfrp_5e4_12in,sloper_20_to_40,20.0,40.0,dedicated_angled,dedicated_angled_25ft_az135,25.0,135.0,19.5,cfrp_5e4_12in,kx3,"40m,30m,20m,17m,15m,12m,10m",7,0,0,7,0.5349546780882634,0.4176744944945962,0.10051615957823837
sloper_20_to_40_feed20_end40_dedicated_angled_25ft_az180_cfrp_5e4_12in,sloper_20_to_40,20.0,40.0,dedicated_angled,dedicated_angled_25ft_az180,25.0,180.0,19.5,cfrp_5e4_12in,kx3,"40m,30m,20m,17m,15m,12m,10m",7,0,0,7,0.5382710584635363,0.42003845956213465,0.10108860071950476
sloper_20_to_40_feed20_end40_dedicated_angled_29ft_az90_cfrp_5e4_12in,sloper_20_to_40,20.0,40.0,dedicated_angled,dedicated_angled_29ft_az90,29.0,90.0,19.5,cfrp_5e4_12in,kx3,"40m,30m,20m,17m,15m,12m,10m",7,0,0,7,0.5477434521147966,0.4490759208754268,0.11808129165650778
sloper_20_to_40_feed20_end40_dedicated_angled_29ft_az135_cfrp_5e4_12in,sloper_20_to_40,20.0,40.0,dedicated_angled,dedicated_angled_29ft_az135,29.0,135.0,19.5,cfrp_5e4_12in,kx3,"40m,30m,20m,17m,15m,12m,10m",7,0,0,7,0.5464066626227371,0.4241437490702859,0.09069691809897114
sloper_20_to_40_feed20_end40_dedicated_angled_29ft_az180_cfrp_5e4_12in,sloper_20_to_40,20.0,40.0,dedicated_angled,dedicated_angled_29ft_az180,29.0,180.0,19.5,cfrp_5e4_12in,kx3,"40m,30m,20m,17m,15m,12m,10m",7,0,0,7,0.5444207809342773,0.4090854081827444,0.09354853289232469
sloper_20_to_40_feed20_end40_dedicated_angled_33ft_az90_cfrp_5e4_12in,sloper_20_to_40,20.0,40.0,dedicated_angled,dedicated_angled_33ft_az90,33.0,90.0,19.5,cfrp_5e4_12in,kx3,"40m,30m,20m,17m,15m,12m,10m",7,0,0,7,0.5370159822407298,0.4762031354911141,0.12304905675994615
sloper_20_to_40_feed20_end40_dedicated_angled_33ft_az135_cfrp_5e4_12in,sloper_20_to_40,20.0,40.0,dedicated_angled,dedicated_angled_33ft_az135,33.0,135.0,19.5,cfrp_5e4_12in,kx3,"40m,30m,20m,17m,15m,12m,10m",7,0,0,7,0.5383729747685642,0.46127548418415626,0.1326656504593622
sloper_20_to_40_feed20_end40_dedicated_angled_33ft_az180_cfrp_5e4_12in,sloper_20_to_40,20.0,40.0,dedicated_angled,dedicated_angled_33ft_az180,33.0,180.0,19.5,cfrp_5e4_12in,kx3,"40m,30m,20m,17m,15m,12m,10m",7,0,0,7,0.5413762858444984,0.4480730909391318,0.13048242762935958
sloper_20_to_40_feed20_end40_dedicated_angled_37ft_az90_cfrp_5e4_12in,sloper_20_to_40,20.0,40.0,dedicated_angled,dedicated_angled_37ft_az90,37.0,90.0,19.5,cfrp_5e4_12in,kx3,"40m,30m,20m,17m,15m,12m,10m",7,0,0,7,0.5303901284501038,0.43936294354210775,0.13151607802032614
sloper_20_to_40_feed20_end40_dedicated_angled_37ft_az135_cfrp_5e4_12in,sloper_20_to_40,20.0,40.0,dedicated_angled,dedicated_angled_37ft_az135,37.0,135.0,19.5,cfrp_5e4_12in,kx3,"40m,30m,20m,17m,15m,12m,10m",7,0,0,7,0.5452413463210625,0.4547018619435206,0.12194495835737018
sloper_20_to_40_feed20_end40_dedicated_angled_37ft_az180_cfrp_5e4_12in,sloper_20_to_40,20.0,40.0,dedicated_angled,dedicated_angled_37ft_az180,37.0,180.0,19.5,cfrp_5e4_12in,kx3,"40m,30m,20m,17m,15m,12m,10m",7,0,0,7,0.5435150089308523,0.45169438118197097,0.12190413478838034
sloper_20_to_40_feed20_end40_dedicated_angled_41ft_az90_cfrp_5e4_12in,sloper_20_to_40,20.0,40.0,dedicated_angled,dedicated_angled_41ft_az90,41.0,90.0,19.5,cfrp_5e4_12in,kx3,"40m,30m,20m,17m,15m,12m,10m",7,0,0,7,0.574229473591064,0.5083198099251824,0.12003570127792598
sloper_20_to_40_feed20_end40_dedicated_angled_41ft_az135_cfrp_5e4_12in,sloper_20_to_40,20.0,40.0,dedicated_angled,dedicated_angled_41ft_az135,41.0,135.0,19.5,cfrp_5e4_12in,kx3,"40m,30m,20m,17m,15m,12m,10m",7,0,0,7,0.5805498346375934,0.4987759556221687,0.11033679503129946
sloper_20_to_40_feed20_end40_dedicated_angled_41ft_az180_cfrp_5e4_12in,sloper_20_to_40,20.0,40.0,dedicated_angled,dedicated_angled_41ft_az180,41.0,180.0,19.5,cfrp_5e4_12in,kx3,"40m,30m,20m,17m,15m,12m,10m",7,0,0,7,0.5759679848687341,0.48809863249164015,0.11402211178989265
sloper_20_to_40_feed20_end40_dedicated_angled_45ft_az90_cfrp_5e4_12in,sloper_20_to_40,20.0,40.0,dedicated_angled,dedicated_angled_45ft_az90,45.0,90.0,19.5,cfrp_5e4_12in,kx3,"40m,30m,20m,17m,15m,12m,10m",7,0,0,7,0.5236541076265702,0.3861673352660507,0.0871096729736858
sloper_20_to_40_feed20_end40_dedicated_angled_45ft_az135_cfrp_5e4_12in,sloper_20_to_40,20.0,40.0,dedicated_angled,dedicated_angled_45ft_az135,45.0,135.0,19.5,cfrp_5e4_12in,kx3,"40m,30m,20m,17m,15m,12m,10m",7,0,0,7,0.5566878338003465,0.5168756735935529,0.12482089666551979
sloper_20_to_40_feed20_end40_dedicated_angled_45ft_az180_cfrp_5e4_12in,sloper_20_to_40,20.0,40.0,dedicated_angled,dedicated_angled_45ft_az180,45.0,180.0,19.5,cfrp_5e4_12in,kx3,"40m,30m,20m,17m,15m,12m,10m",7,0,0,7,0.5541967741149364,0.5118119230775253,0.11801654980517094
sloper_20_to_40_feed20_end40_dedicated_angled_49ft_az90_cfrp_5e4_12in,sloper_20_to_40,20.0,40.0,dedicated_angled,dedicated_angled_49ft_az90,49.0,90.0,19.5,cfrp_5e4_12in,kx3,"40m,30m,20m,17m,15m,12m,10m",7,0,0,7,0.47105883913765373,0.28017304328809717,0.13914817992361936
sloper_20_to_40_feed20_end40_dedicated_angled_49ft_az135_cfrp_5e4_12in,sloper_20_to_40,20.0,40.0,dedicated_angled,dedicated_angled_49ft_az135,49.0,135.0,19.5,cfrp_5e4_12in,kx3,"40m,30m,20m,17m,15m,12m,10m",7,0,0,7,0.5131142553889054,0.4543154002355564,0.1289683126962747
sloper_20_to_40_feed20_end40_dedicated_angled_49ft_az180_cfrp_5e4_12in,sloper_20_to_40,20.0,40.0,dedicated_angled,dedicated_angled_49ft_az180,49.0,180.0,19.5,cfrp_5e4_12in,kx3,"40m,30m,20m,17m,15m,12m,10m",7,0,0,7,0.5151606041783999,0.4388350470817756,0.1275775849832656
sloper_20_to_40_feed20_end40_dedicated_angled_53ft_az90_cfrp_5e4_12in,sloper_20_to_40,20.0,40.0,dedicated_angled,dedicated_angled_53ft_az90,53.0,90.0,19.5,cfrp_5e4_12in,kx3,"40m,30m,20m,17m,15m,12m,10m",7,0,0,7,0.46933235095469933,0.40694877423848563,0.19334576855085495
sloper_20_to_40_feed20_end40_dedicated_angled_53ft_az135_cfrp_5e4_12in,sloper_20_to_40,20.0,40.0,dedicated_angled,dedicated_angled_53ft_az135,53.0,135.0,19.5,cfrp_5e4_12in,kx3,"40m,30m,20m,17m,15m,12m,10m",7,0,0,7,0.4837127811966751,0.4385680334983825,0.20723839102205155
sloper_20_to_40_feed20_end40_dedicated_angled_53ft_az180_cfrp_5e4_12in,sloper_20_to_40,20.0,40.0,dedicated_angled,dedicated_angled_53ft_az180,53.0,180.0,19.5,cfrp_5e4_12in,kx3,"40m,30m,20m,17m,15m,12m,10m",7,0,0,7,0.4867219209261167,0.4213099628879642,0.2020925681727213
low_sloper_cp_sweep_feed3_end30_dedicated_angled_5ft_az90_none,low_sloper_cp_sweep,3.0,30.0,dedicated_angled,dedicated_angled_5ft_az90,5.0,90.0,17.0,none,kh1,"40m,30m,20m,17m,15m",3,0,2,5,0.2705744818556274,0.15157670574457927,0.3907672644293121
low_sloper_cp_sweep_feed3_end30_dedicated_angled_5ft_az135_none,low_sloper_cp_sweep,3.0,30.0,dedicated_angled,dedicated_angled_5ft_az135,5.0,135.0,17.0,none,kh1,"40m,30m,20m,17m,15m",3,0,2,5,0.27794742060633015,0.15521755280776398,0.3960999690912809
low_sloper_cp_sweep_feed3_end30_dedicated_angled_5ft_az180_none,low_sloper_cp_sweep,3.0,30.0,dedicated_angled,dedicated_angled_5ft_az180,5.0,180.0,17.0,none,kh1,"40m,30m,20m,17m,15m",3,0,2,5,0.28025763073605314,0.15636637994229238,0.3977151143270674
low_sloper_cp_sweep_feed3_end30_dedicated_angled_9ft_az90_none,low_sloper_cp_sweep,3.0,30.0,dedicated_angled,dedicated_angled_9ft_az90,9.0,90.0,17.0,none,kh1,"40m,30m,20m,17m,15m",3,1,1,5,0.43168482239738215,0.256850597387058,0.11409621536395421
low_sloper_cp_sweep_feed3_end30_dedicated_angled_9ft_az135_none,low_sloper_cp_sweep,3.0,30.0,dedicated_angled,dedicated_angled_9ft_az135,9.0,135.0,17.0,none,kh1,"40m,30m,20m,17m,15m",3,1,1,5,0.4467789011254148,0.26631391900792345,0.09796218762020416
low_sloper_cp_sweep_feed3_end30_dedicated_angled_9ft_az180_none,low_sloper_cp_sweep,3.0,30.0,dedicated_angled,dedicated_angled_9ft_az180,9.0,180.0,17.0,none,kh1,"40m,30m,20m,17m,15m",3,1,1,5,0.4527992576726688,0.2692352138465386,0.10163021538427666
low_sloper_cp_sweep_feed3_end30_dedicated_angled_13ft_az90_none,low_sloper_cp_sweep,3.0,30.0,dedicated_angled,dedicated_angled_13ft_az90,13.0,90.0,17.0,none,kh1,"40m,30m,20m,17m,15m",3,1,1,5,0.531817584326821,0.34743947857793855,0.09137054993076366
low_sloper_cp_sweep_feed3_end30_dedicated_angled_13ft_az135_none,low_sloper_cp_sweep,3.0,30.0,dedicated_angled,dedicated_angled_13ft_az135,13.0,135.0,17.0,none,kh1,"40m,30m,20m,17m,15m",3,1,1,5,0.538250843634359,0.3581851095827784,0.09375145055006229
low_sloper_cp_sweep_feed3_end30_dedicated_angled_13ft_az180_none,low_sloper_cp_sweep,3.0,30.0,dedicated_angled,dedicated_angled_13ft_az180,13.0,180.0,17.0,none,kh1,"40m,30m,20m,17m,15m",3,1,1,5,0.5399531401794416,0.3614781058034704,0.09315764188202373
low_sloper_cp_sweep_feed3_end30_dedicated_angled_17ft_az90_none,low_sloper_cp_sweep,3.0,30.0,dedicated_angled,dedicated_angled_17ft_az90,17.0,90.0,17.0,none,kh1,"40m,30m,20m,17m,15m",4,0,1,5,0.569439831516412,0.42102345502024097,0.08857536901199262
low_sloper_cp_sweep_feed3_end30_dedicated_angled_17ft_az135_none,low_sloper_cp_sweep,3.0,30.0,dedicated_angled,dedicated_angled_17ft_az135,17.0,135.0,17.0,none,kh1,"40m,30m,20m,17m,15m",4,1,0,5,0.5791084004154344,0.4347884366992405,0.0884693867374324
low_sloper_cp_sweep_feed3_end30_dedicated_angled_17ft_az180_none,low_sloper_cp_sweep,3.0,30.0,dedicated_angled,dedicated_angled_17ft_az180,17.0,180.0,17.0,none,kh1,"40m,30m,20m,17m,15m",4,1,0,5,0.5821112051582379,0.438113027259184,0.08841393479431092
low_sloper_cp_sweep_feed3_end30_dedicated_angled_21ft_az90_none,low_sloper_cp_sweep,3.0,30.0,dedicated_angled,dedicated_angled_21ft_az90,21.0,90.0,17.0,none,kh1,"40m,30m,20m,17m,15m",4,1,0,5,0.5508102247566437,0.4901683981449139,0.10517825827374477
low_sloper_cp_sweep_feed3_end30_dedicated_angled_21ft_az135_none,low_sloper_cp_sweep,3.0,30.0,dedicated_angled,dedicated_angled_21ft_az135,21.0,135.0,17.0,none,kh1,"40m,30m,20m,17m,15m",4,1,0,5,0.5560977941633641,0.4997723991895376,0.10735527251210589
low_sloper_cp_sweep_feed3_end30_dedicated_angled_21ft_az180_none,low_sloper_cp_sweep,3.0,30.0,dedicated_angled,dedicated_angled_21ft_az180,21.0,180.0,17.0,none,kh1,"40m,30m,20m,17m,15m",4,1,0,5,0.5592082377871193,0.5025919036239199,0.10064655126035774
low_sloper_cp_sweep_feed3_end30_dedicated_angled_25ft_az90_none,low_sloper_cp_sweep,3.0,30.0,dedicated_angled,dedicated_angled_25ft_az90,25.0,90.0,17.0,none,kh1,"40m,30m,20m,17m,15m",4,1,0,5,0.5335485156195561,0.428676195536997,0.1585134501777759
low_sloper_cp_sweep_feed3_end30_dedicated_angled_25ft_az135_none,low_sloper_cp_sweep,3.0,30.0,dedicated_angled,dedicated_angled_25ft_az135,25.0,135.0,17.0,none,kh1,"40m,30m,20m,17m,15m",4,1,0,5,0.5444715264330943,0.45008187075437117,0.15654857429214142
low_sloper_cp_sweep_feed3_end30_dedicated_angled_25ft_az180_none,low_sloper_cp_sweep,3.0,30.0,dedicated_angled,dedicated_angled_25ft_az180,25.0,180.0,17.0,none,kh1,"40m,30m,20m,17m,15m",4,1,0,5,0.547183149253396,0.455480674886846,0.15569200954795445
low_sloper_cp_sweep_feed3_end30_dedicated_angled_29ft_az90_none,low_sloper_cp_sweep,3.0,30.0,dedicated_angled,dedicated_angled_29ft_az90,29.0,90.0,17.0,none,kh1,"40m,30m,20m,17m,15m",4,1,0,5,0.5516451527934446,0.4321888605251273,0.12316787741661568
low_sloper_cp_sweep_feed3_end30_dedicated_angled_29ft_az135_none,low_sloper_cp_sweep,3.0,30.0,dedicated_angled,dedicated_angled_29ft_az135,29.0,135.0,17.0,none,kh1,"40m,30m,20m,17m,15m",4,1,0,5,0.5575552958733538,0.4352271955381713,0.11626116234940656
low_sloper_cp_sweep_feed3_end30_dedicated_angled_29ft_az180_none,low_sloper_cp_sweep,3.0,30.0,dedicated_angled,dedicated_angled_29ft_az180,29.0,180.0,17.0,none,kh1,"40m,30m,20m,17m,15m",4,1,0,5,0.5579567081361505,0.43188691444316013,0.11452985192993419
low_sloper_cp_sweep_feed3_end30_dedicated_angled_33ft_az90_none,low_sloper_cp_sweep,3.0,30.0,dedicated_angled,dedicated_angled_33ft_az90,33.0,90.0,17.0,none,kh1,"40m,30m,20m,17m,15m",4,1,0,5,0.5958807660737081,0.5479155859441813,0.09852421422917665
low_sloper_cp_sweep_feed3_end30_dedicated_angled_33ft_az135_none,low_sloper_cp_sweep,3.0,30.0,dedicated_angled,dedicated_angled_33ft_az135,33.0,135.0,17.0,none,kh1,"40m,30m,20m,17m,15m",4,1,0,5,0.598513372094574,0.5485710342589722,0.0965477426029661
low_sloper_cp_sweep_feed3_end30_dedicated_angled_33ft_az180_none,low_sloper_cp_sweep,3.0,30.0,dedicated_angled,dedicated_angled_33ft_az180,33.0,180.0,17.0,none,kh1,"40m,30m,20m,17m,15m",4,1,0,5,0.5989555592921945,0.5470645668327925,0.09638117376891508
low_sloper_cp_sweep_feed3_end30_dedicated_angled_37ft_az90_none,low_sloper_cp_sweep,3.0,30.0,dedicated_angled,dedicated_angled_37ft_az90,37.0,90.0,17.0,none,kh1,"40m,30m,20m,17m,15m",5,0,0,5,0.6158816757882103,0.5588623030135196,0.09542403836235816
low_sloper_cp_sweep_feed3_end30_dedicated_angled_37ft_az135_none,low_sloper_cp_sweep,3.0,30.0,dedicated_angled,dedicated_angled_37ft_az135,37.0,135.0,17.0,none,kh1,"40m,30m,20m,17m,15m",5,0,0,5,0.6160689701655438,0.5543017407248799,0.09857942334210439
low_sloper_cp_sweep_feed3_end30_dedicated_angled_37ft_az180_none,low_sloper_cp_sweep,3.0,30.0,dedicated_angled,dedicated_angled_37ft_az180,37.0,180.0,17.0,none,kh1,"40m,30m,20m,17m,15m",5,0,0,5,0.6155462740126025,0.5535994675930481,0.09988155954086052
low_sloper_cp_sweep_feed3_end30_dedicated_angled_41ft_az90_none,low_sloper_cp_sweep,3.0,30.0,dedicated_angled,dedicated_angled_41ft_az90,41.0,90.0,17.0,none,kh1,"40m,30m,20m,17m,15m",5,0,0,5,0.6257300458973831,0.5310748692299605,0.0893812511490607
low_sloper_cp_sweep_feed3_end30_dedicated_angled_41ft_az135_none,low_sloper_cp_sweep,3.0,30.0,dedicated_angled,dedicated_angled_41ft_az135,41.0,135.0,17.0,none,kh1,"40m,30m,20m,17m,15m",5,0,0,5,0.6289097797793073,0.5378959273255096,0.08974575360609124
low_sloper_cp_sweep_feed3_end30_dedicated_angled_41ft_az180_none,low_sloper_cp_sweep,3.0,30.0,dedicated_angled,dedicated_angled_41ft_az180,41.0,180.0,17.0,none,kh1,"40m,30m,20m,17m,15m",5,0,0,5,0.6302976132402289,0.5389120034763951,0.09003739563815881
low_sloper_cp_sweep_feed3_end30_dedicated_angled_45ft_az90_none,low_sloper_cp_sweep,3.0,30.0,dedicated_angled,dedicated_angled_45ft_az90,45.0,90.0,17.0,none,kh1,"40m,30m,20m,17m,15m",4,1,0,5,0.56886945046891,0.48862839803224595,0.09659342660927589
low_sloper_cp_sweep_feed3_end30_dedicated_angled_45ft_az135_none,low_sloper_cp_sweep,3.0,30.0,dedicated_angled,dedicated_angled_45ft_az135,45.0,135.0,17.0,none,kh1,"40m,30m,20m,17m,15m",4,1,0,5,0.5784271547454999,0.5171185922067137,0.09379963708999747
low_sloper_cp_sweep_feed3_end30_dedicated_angled_45ft_az180_none,low_sloper_cp_sweep,3.0,30.0,dedicated_angled,dedicated_angled_45ft_az180,45.0,180.0,17.0,none,kh1,"40m,30m,20m,17m,15m",4,1,0,5,0.5808239401368328,0.5203635080631425,0.09359774356676387
low_sloper_cp_sweep_feed3_end30_dedicated_angled_49ft_az90_none,low_sloper_cp_sweep,3.0,30.0,dedicated_angled,dedicated_angled_49ft_az90,49.0,90.0,17.0,none,kh1,"40m,30m,20m,17m,15m",4,0,1,5,0.49900485739851885,0.3682573091349982,0.17418605174469498
low_sloper_cp_sweep_feed3_end30_dedicated_angled_49ft_az135_none,low_sloper_cp_sweep,3.0,30.0,dedicated_angled,dedicated_angled_49ft_az135,49.0,135.0,17.0,none,kh1,"40m,30m,20m,17m,15m",4,0,1,5,0.5136981240981342,0.3841893500640295,0.16871274622254404
low_sloper_cp_sweep_feed3_end30_dedicated_angled_49ft_az180_none,low_sloper_cp_sweep,3.0,30.0,dedicated_angled,dedicated_angled_49ft_az180,49.0,180.0,17.0,none,kh1,"40m,30m,20m,17m,15m",4,0,1,5,0.5171312058626116,0.38734203698398995,0.16814387019168642
low_sloper_cp_sweep_feed3_end30_dedicated_angled_53ft_az90_none,low_sloper_cp_sweep,3.0,30.0,dedicated_angled,dedicated_angled_53ft_az90,53.0,90.0,17.0,none,kh1,"40m,30m,20m,17m,15m",3,1,1,5,0.4664212601173463,0.32142002496790256,0.17395746018928604
low_sloper_cp_sweep_feed3_end30_dedicated_angled_53ft_az135_none,low_sloper_cp_sweep,3.0,30.0,dedicated_angled,dedicated_angled_53ft_az135,53.0,135.0,17.0,none,kh1,"40m,30m,20m,17m,15m",3,1,1,5,0.48393728202369357,0.33610258212741084,0.15967612740245693
low_sloper_cp_sweep_feed3_end30_dedicated_angled_53ft_az180_none,low_sloper_cp_sweep,3.0,30.0,dedicated_angled,dedicated_angled_53ft_az180,53.0,180.0,17.0,none,kh1,"40m,30m,20m,17m,15m",3,1,1,5,0.48704388527670817,0.33869733344214087,0.16163883656583614
elevated_tree_feed20_end3_coax_return_19.5ft_vertical_none,elevated_tree,20.0,3.0,coax_return,coax_return_19.5ft_vertical,19.5,,19.5,none,kh1,"40m,30m,20m,17m,15m",4,1,0,5,0.5355662767086705,0.39445899300110243,0.0899974619925918
elevated_tree_feed20_end3_dedicated_vertical_19.5ft_vertical_none,elevated_tree,20.0,3.0,dedicated_vertical,dedicated_vertical_19.5ft_vertical,19.5,,19.5,none,kh1,"40m,30m,20m,17m,15m",4,1,0,5,0.521930128400623,0.39232646124388665,0.1049752525587273
elevated_tree_feed20_end3_dedicated_angled_21ft_az90_none,elevated_tree,20.0,3.0,dedicated_angled,dedicated_angled_21ft_az90,21.0,90.0,19.5,none,kh1,"40m,30m,20m,17m,15m",4,1,0,5,0.5201813872348264,0.4060688045086671,0.09361714499626105
elevated_tree_feed20_end3_dedicated_angled_21ft_az135_none,elevated_tree,20.0,3.0,dedicated_angled,dedicated_angled_21ft_az135,21.0,135.0,19.5,none,kh1,"40m,30m,20m,17m,15m",4,1,0,5,0.5232130432134406,0.3953477056295046,0.10143620080075302
elevated_tree_feed20_end3_dedicated_angled_21ft_az180_none,elevated_tree,20.0,3.0,dedicated_angled,dedicated_angled_21ft_az180,21.0,180.0,19.5,none,kh1,"40m,30m,20m,17m,15m",4,1,0,5,0.5240913930863996,0.3912388874886836,0.10395266744260016
elevated_tree_feed20_end3_dedicated_angled_25ft_az90_none,elevated_tree,20.0,3.0,dedicated_angled,dedicated_angled_25ft_az90,25.0,90.0,19.5,none,kh1,"40m,30m,20m,17m,15m",3,1,1,5,0.45382060085793413,0.3786194289002407,0.11984789972747585
elevated_tree_feed20_end3_dedicated_angled_25ft_az135_none,elevated_tree,20.0,3.0,dedicated_angled,dedicated_angled_25ft_az135,25.0,135.0,19.5,none,kh1,"40m,30m,20m,17m,15m",4,1,0,5,0.47505585060671435,0.41931095057319634,0.15039412702551452
elevated_tree_feed20_end3_dedicated_angled_25ft_az180_none,elevated_tree,20.0,3.0,dedicated_angled,dedicated_angled_25ft_az180,25.0,180.0,19.5,none,kh1,"40m,30m,20m,17m,15m",4,1,0,5,0.4805692000119095,0.4118620619671206,0.1293495249239252
elevated_tree_feed20_end3_dedicated_angled_29ft_az90_none,elevated_tree,20.0,3.0,dedicated_angled,dedicated_angled_29ft_az90,29.0,90.0,19.5,none,kh1,"40m,30m,20m,17m,15m",4,1,0,5,0.507827191359951,0.42216632101191087,0.15437911950772554
elevated_tree_feed20_end3_dedicated_angled_29ft_az135_none,elevated_tree,20.0,3.0,dedicated_angled,dedicated_angled_29ft_az135,29.0,135.0,19.5,none,kh1,"40m,30m,20m,17m,15m",4,1,0,5,0.5168336947881723,0.4328792353968976,0.13127218733270207
elevated_tree_feed20_end3_dedicated_angled_29ft_az180_none,elevated_tree,20.0,3.0,dedicated_angled,dedicated_angled_29ft_az180,29.0,180.0,19.5,none,kh1,"40m,30m,20m,17m,15m",4,1,0,5,0.5161508214132944,0.42583797240785304,0.1246830136345433
elevated_tree_feed20_end3_dedicated_angled_33ft_az90_none,elevated_tree,20.0,3.0,dedicated_angled,dedicated_angled_33ft_az90,33.0,90.0,19.5,none,kh1,"40m,30m,20m,17m,15m",4,0,1,5,0.5104772133623002,0.4033304265391028,0.11095620062299555
elevated_tree_feed20_end3_dedicated_angled_33ft_az135_none,elevated_tree,20.0,3.0,dedicated_angled,dedicated_angled_33ft_az135,33.0,135.0,19.5,none,kh1,"40m,30m,20m,17m,15m",4,0,1,5,0.5065309153133712,0.3857100613628085,0.11056576760578272
elevated_tree_feed20_end3_dedicated_angled_33ft_az180_none,elevated_tree,20.0,3.0,dedicated_angled,dedicated_angled_33ft_az180,33.0,180.0,19.5,none,kh1,"40m,30m,20m,17m,15m",4,0,1,5,0.5009310348060702,0.3648392837146211,0.11187094098741954
elevated_tree_feed20_end3_dedicated_angled_37ft_az90_none,elevated_tree,20.0,3.0,dedicated_angled,dedicated_angled_37ft_az90,37.0,90.0,19.5,none,kh1,"40m,30m,20m,17m,15m",5,0,0,5,0.5413506368914554,0.46316756768511974,0.10525082749858432
elevated_tree_feed20_end3_dedicated_angled_37ft_az135_none,elevated_tree,20.0,3.0,dedicated_angled,dedicated_angled_37ft_az135,37.0,135.0,19.5,none,kh1,"40m,30m,20m,17m,15m",5,0,0,5,0.5314045119351822,0.48839534837866927,0.10784910603085043
elevated_tree_feed20_end3_dedicated_angled_37ft_az180_none,elevated_tree,20.0,3.0,dedicated_angled,dedicated_angled_37ft_az180,37.0,180.0,19.5,none,kh1,"40m,30m,20m,17m,15m",5,0,0,5,0.527541115409576,0.47578838940200896,0.10960102766963924
elevated_tree_feed20_end3_dedicated_angled_41ft_az90_none,elevated_tree,20.0,3.0,dedicated_angled,dedicated_angled_41ft_az90,41.0,90.0,19.5,none,kh1,"40m,30m,20m,17m,15m",5,0,0,5,0.56038460433659,0.4049329000792975,0.08136504095618505
elevated_tree_feed20_end3_dedicated_angled_41ft_az135_none,elevated_tree,20.0,3.0,dedicated_angled,dedicated_angled_41ft_az135,41.0,135.0,19.5,none,kh1,"40m,30m,20m,17m,15m",5,0,0,5,0.5572067397929077,0.45413729508393663,0.11038283246910198
elevated_tree_feed20_end3_dedicated_angled_41ft_az180_none,elevated_tree,20.0,3.0,dedicated_angled,dedicated_angled_41ft_az180,41.0,180.0,19.5,none,kh1,"40m,30m,20m,17m,15m",5,0,0,5,0.5575940462120635,0.4699926854112414,0.11180609058228617
elevated_tree_feed20_end3_dedicated_angled_45ft_az90_none,elevated_tree,20.0,3.0,dedicated_angled,dedicated_angled_45ft_az90,45.0,90.0,19.5,none,kh1,"40m,30m,20m,17m,15m",4,1,0,5,0.5123366010159413,0.37130500477038947,0.11016418901721028
elevated_tree_feed20_end3_dedicated_angled_45ft_az135_none,elevated_tree,20.0,3.0,dedicated_angled,dedicated_angled_45ft_az135,45.0,135.0,19.5,none,kh1,"40m,30m,20m,17m,15m",5,0,0,5,0.5199866115117046,0.4285606083372764,0.11420735921275306
elevated_tree_feed20_end3_dedicated_angled_45ft_az180_none,elevated_tree,20.0,3.0,dedicated_angled,dedicated_angled_45ft_az180,45.0,180.0,19.5,none,kh1,"40m,30m,20m,17m,15m",4,1,0,5,0.5203505837268565,0.44471980071060047,0.11594987803154626
elevated_tree_feed20_end3_dedicated_angled_49ft_az90_none,elevated_tree,20.0,3.0,dedicated_angled,dedicated_angled_49ft_az90,49.0,90.0,19.5,none,kh1,"40m,30m,20m,17m,15m",2,2,1,5,0.4284580707167284,0.3399401846377932,0.16113598947772856
elevated_tree_feed20_end3_dedicated_angled_49ft_az135_none,elevated_tree,20.0,3.0,dedicated_angled,dedicated_angled_49ft_az135,49.0,135.0,19.5,none,kh1,"40m,30m,20m,17m,15m",2,3,0,5,0.4509315160012678,0.38337366597813033,0.1790233955610162
elevated_tree_feed20_end3_dedicated_angled_49ft_az180_none,elevated_tree,20.0,3.0,dedicated_angled,dedicated_angled_49ft_az180,49.0,180.0,19.5,none,kh1,"40m,30m,20m,17m,15m",2,3,0,5,0.4557799494083565,0.38404284981150116,0.1875807898787858
elevated_tree_feed20_end3_dedicated_angled_53ft_az90_none,elevated_tree,20.0,3.0,dedicated_angled,dedicated_angled_53ft_az90,53.0,90.0,19.5,none,kh1,"40m,30m,20m,17m,15m",1,3,1,5,0.38607499285030045,0.30707097759212604,0.17227461315467557
elevated_tree_feed20_end3_dedicated_angled_53ft_az135_none,elevated_tree,20.0,3.0,dedicated_angled,dedicated_angled_53ft_az135,53.0,135.0,19.5,none,kh1,"40m,30m,20m,17m,15m",1,3,1,5,0.42000475147513844,0.35323354765354636,0.1556913295902846
elevated_tree_feed20_end3_dedicated_angled_53ft_az180_none,elevated_tree,20.0,3.0,dedicated_angled,dedicated_angled_53ft_az180,53.0,180.0,19.5,none,kh1,"40m,30m,20m,17m,15m",1,3,1,5,0.42623921801946135,0.35373121534402263,0.15331658716092417
elevated_tree_feed30_end3_coax_return_29.5ft_vertical_none,elevated_tree,30.0,3.0,coax_return,coax_return_29.5ft_vertical,29.5,,29.5,none,kh1,"40m,30m,20m,17m,15m",4,1,0,5,0.4453171864539534,0.3937278833018303,0.11236214763433448
elevated_tree_feed30_end3_dedicated_vertical_29.5ft_vertical_none,elevated_tree,30.0,3.0,dedicated_vertical,dedicated_vertical_29.5ft_vertical,29.5,,29.5,none,kh1,"40m,30m,20m,17m,15m",4,1,0,5,0.43027279615356434,0.3744372689259177,0.11982554615391598
elevated_tree_feed30_end3_dedicated_angled_33ft_az90_none,elevated_tree,30.0,3.0,dedicated_angled,dedicated_angled_33ft_az90,33.0,90.0,29.5,none,kh1,"40m,30m,20m,17m,15m",4,0,1,5,0.44159996165667226,0.3543581424024518,0.11025312791574939
elevated_tree_feed30_end3_dedicated_angled_33ft_az135_none,elevated_tree,30.0,3.0,dedicated_angled,dedicated_angled_33ft_az135,33.0,135.0,29.5,none,kh1,"40m,30m,20m,17m,15m",4,0,1,5,0.4479847477416651,0.3900386803557273,0.11302285470836315
elevated_tree_feed30_end3_dedicated_angled_33ft_az180_none,elevated_tree,30.0,3.0,dedicated_angled,dedicated_angled_33ft_az180,33.0,180.0,29.5,none,kh1,"40m,30m,20m,17m,15m",4,1,0,5,0.44742656281488385,0.4022549331719485,0.11607199305124996
elevated_tree_feed30_end3_dedicated_angled_37ft_az90_none,elevated_tree,30.0,3.0,dedicated_angled,dedicated_angled_37ft_az90,37.0,90.0,29.5,none,kh1,"40m,30m,20m,17m,15m",4,0,1,5,0.46091456612342324,0.3231524600714108,0.07935987656645145
elevated_tree_feed30_end3_dedicated_angled_37ft_az135_none,elevated_tree,30.0,3.0,dedicated_angled,dedicated_angled_37ft_az135,37.0,135.0,29.5,none,kh1,"40m,30m,20m,17m,15m",3,0,2,5,0.4608219298276795,0.3711340211303373,0.0902351911404946
elevated_tree_feed30_end3_dedicated_angled_37ft_az180_none,elevated_tree,30.0,3.0,dedicated_angled,dedicated_angled_37ft_az180,37.0,180.0,29.5,none,kh1,"40m,30m,20m,17m,15m",3,0,2,5,0.45838108433131536,0.3705191560939475,0.09484440647343663
elevated_tree_feed30_end3_dedicated_angled_41ft_az90_none,elevated_tree,30.0,3.0,dedicated_angled,dedicated_angled_41ft_az90,41.0,90.0,29.5,none,kh1,"40m,30m,20m,17m,15m",2,1,2,5,0.4662620605145393,0.293670832780301,0.07065323959840086
elevated_tree_feed30_end3_dedicated_angled_41ft_az135_none,elevated_tree,30.0,3.0,dedicated_angled,dedicated_angled_41ft_az135,41.0,135.0,29.5,none,kh1,"40m,30m,20m,17m,15m",2,1,2,5,0.46963422085206563,0.3484075885287486,0.05747356071777169
elevated_tree_feed30_end3_dedicated_angled_41ft_az180_none,elevated_tree,30.0,3.0,dedicated_angled,dedicated_angled_41ft_az180,41.0,180.0,29.5,none,kh1,"40m,30m,20m,17m,15m",2,1,2,5,0.4683815408546134,0.34699193927904154,0.061380887934594175
elevated_tree_feed30_end3_dedicated_angled_45ft_az90_none,elevated_tree,30.0,3.0,dedicated_angled,dedicated_angled_45ft_az90,45.0,90.0,29.5,none,kh1,"40m,30m,20m,17m,15m",2,1,2,5,0.41492497116433774,0.2674550658774307,0.09796608599422776
elevated_tree_feed30_end3_dedicated_angled_45ft_az135_none,elevated_tree,30.0,3.0,dedicated_angled,dedicated_angled_45ft_az135,45.0,135.0,29.5,none,kh1,"40m,30m,20m,17m,15m",2,1,2,5,0.4240965145759209,0.32641400436425433,0.09177038194565489
elevated_tree_feed30_end3_dedicated_angled_45ft_az180_none,elevated_tree,30.0,3.0,dedicated_angled,dedicated_angled_45ft_az180,45.0,180.0,29.5,none,kh1,"40m,30m,20m,17m,15m",2,1,2,5,0.42284322527121865,0.332149226460095,0.0899321751393503
elevated_tree_feed30_end3_dedicated_angled_49ft_az90_none,elevated_tree,30.0,3.0,dedicated_angled,dedicated_angled_49ft_az90,49.0,90.0,29.5,none,kh1,"40m,30m,20m,17m,15m",3,0,2,5,0.33831438499359845,0.2450075664540358,0.13273585451964137
elevated_tree_feed30_end3_dedicated_angled_49ft_az135_none,elevated_tree,30.0,3.0,dedicated_angled,dedicated_angled_49ft_az135,49.0,135.0,29.5,none,kh1,"40m,30m,20m,17m,15m",3,0,2,5,0.36518678554926054,0.3031110485729765,0.1246757680956636
elevated_tree_feed30_end3_dedicated_angled_49ft_az180_none,elevated_tree,30.0,3.0,dedicated_angled,dedicated_angled_49ft_az180,49.0,180.0,29.5,none,kh1,"40m,30m,20m,17m,15m",3,0,2,5,0.3712236084024119,0.3156676520452701,0.12178452840708552
elevated_tree_feed30_end3_dedicated_angled_53ft_az90_none,elevated_tree,30.0,3.0,dedicated_angled,dedicated_angled_53ft_az90,53.0,90.0,29.5,none,kh1,"40m,30m,20m,17m,15m",4,0,1,5,0.3310108727166514,0.23865777775791658,0.1360289934629664
elevated_tree_feed30_end3_dedicated_angled_53ft_az135_none,elevated_tree,30.0,3.0,dedicated_angled,dedicated_angled_53ft_az135,53.0,135.0,29.5,none,kh1,"40m,30m,20m,17m,15m",4,0,1,5,0.3639008289050896,0.2995879313573352,0.12574277252971197
elevated_tree_feed30_end3_dedicated_angled_53ft_az180_none,elevated_tree,30.0,3.0,dedicated_angled,dedicated_angled_53ft_az180,53.0,180.0,29.5,none,kh1,"40m,30m,20m,17m,15m",4,0,1,5,0.37137457739127266,0.31761047495067196,0.12304753616530045
elevated_tree_feed40_end3_coax_return_39.5ft_vertical_none,elevated_tree,40.0,3.0,coax_return,coax_return_39.5ft_vertical,39.5,,39.5,none,kh1,"40m,30m,20m,17m,15m",4,1,0,5,0.44327524858520523,0.28255097790795736,0.08165549020003454
elevated_tree_feed40_end3_dedicated_vertical_39.5ft_vertical_none,elevated_tree,40.0,3.0,dedicated_vertical,dedicated_vertical_39.5ft_vertical,39.5,,39.5,none,kh1,"40m,30m,20m,17m,15m",4,1,0,5,0.4335490843844433,0.27588220456875745,0.08650271375638482
elevated_tree_feed40_end3_dedicated_angled_41ft_az90_none,elevated_tree,40.0,3.0,dedicated_angled,dedicated_angled_41ft_az90,41.0,90.0,39.5,none,kh1,"40m,30m,20m,17m,15m",4,1,0,5,0.43877848334998837,0.27098306178018905,0.08877111551599506
elevated_tree_feed40_end3_dedicated_angled_41ft_az135_none,elevated_tree,40.0,3.0,dedicated_angled,dedicated_angled_41ft_az135,41.0,135.0,39.5,none,kh1,"40m,30m,20m,17m,15m",5,0,0,5,0.45449396368577816,0.3090729876768965,0.09388436255924783
elevated_tree_feed40_end3_dedicated_angled_41ft_az180_none,elevated_tree,40.0,3.0,dedicated_angled,dedicated_angled_41ft_az180,41.0,180.0,39.5,none,kh1,"40m,30m,20m,17m,15m",5,0,0,5,0.45909206602779434,0.3226027851315545,0.09552347684365291
elevated_tree_feed40_end3_dedicated_angled_45ft_az90_none,elevated_tree,40.0,3.0,dedicated_angled,dedicated_angled_45ft_az90,45.0,90.0,39.5,none,kh1,"40m,30m,20m,17m,15m",4,1,0,5,0.39731426638121525,0.2569141632150179,0.12560143907374002
elevated_tree_feed40_end3_dedicated_angled_45ft_az135_none,elevated_tree,40.0,3.0,dedicated_angled,dedicated_angled_45ft_az135,45.0,135.0,39.5,none,kh1,"40m,30m,20m,17m,15m",5,0,0,5,0.4230159361504723,0.31797048346278983,0.0802579446185363
elevated_tree_feed40_end3_dedicated_angled_45ft_az180_none,elevated_tree,40.0,3.0,dedicated_angled,dedicated_angled_45ft_az180,45.0,180.0,39.5,none,kh1,"40m,30m,20m,17m,15m",5,0,0,5,0.4291922605703669,0.33763398658377997,0.07669305223378403
elevated_tree_feed40_end3_dedicated_angled_49ft_az90_none,elevated_tree,40.0,3.0,dedicated_angled,dedicated_angled_49ft_az90,49.0,90.0,39.5,none,kh1,"40m,30m,20m,17m,15m",3,0,2,5,0.31461874228306774,0.24249592300686018,0.08049151673860389
elevated_tree_feed40_end3_dedicated_angled_49ft_az135_none,elevated_tree,40.0,3.0,dedicated_angled,dedicated_angled_49ft_az135,49.0,135.0,39.5,none,kh1,"40m,30m,20m,17m,15m",5,0,0,5,0.34076455796856986,0.26966719506142117,0.07752095595034067
elevated_tree_feed40_end3_dedicated_angled_49ft_az180_none,elevated_tree,40.0,3.0,dedicated_angled,dedicated_angled_49ft_az180,49.0,180.0,39.5,none,kh1,"40m,30m,20m,17m,15m",5,0,0,5,0.3476074017171872,0.2786821240222647,0.07745963967328379
elevated_tree_feed40_end3_dedicated_angled_53ft_az90_none,elevated_tree,40.0,3.0,dedicated_angled,dedicated_angled_53ft_az90,53.0,90.0,39.5,none,kh1,"40m,30m,20m,17m,15m",3,1,1,5,0.2995054016294947,0.23263877782262957,0.07007485232133023
elevated_tree_feed40_end3_dedicated_angled_53ft_az135_none,elevated_tree,40.0,3.0,dedicated_angled,dedicated_angled_53ft_az135,53.0,135.0,39.5,none,kh1,"40m,30m,20m,17m,15m",4,1,0,5,0.33085999415522027,0.2447954259515047,0.07197566790158488
elevated_tree_feed40_end3_dedicated_angled_53ft_az180_none,elevated_tree,40.0,3.0,dedicated_angled,dedicated_angled_53ft_az180,53.0,180.0,39.5,none,kh1,"40m,30m,20m,17m,15m",4,1,0,5,0.3411921803437545,0.254893622518668,0.07277620651316813
sloper_20_to_40_feed20_end40_coax_return_19.5ft_vertical_none,sloper_20_to_40,20.0,40.0,coax_return,coax_return_19.5ft_vertical,19.5,,19.5,none,kh1,"40m,30m,20m,17m,15m",4,1,0,5,0.5891626896382631,0.4541535514696282,0.10385705792081804
sloper_20_to_40_feed20_end40_dedicated_vertical_19.5ft_vertical_none,sloper_20_to_40,20.0,40.0,dedicated_vertical,dedicated_vertical_19.5ft_vertical,19.5,,19.5,none,kh1,"40m,30m,20m,17m,15m",4,1,0,5,0.5726269276373062,0.4539734851512511,0.08348271923571571
sloper_20_to_40_feed20_end40_dedicated_angled_21ft_az90_none,sloper_20_to_40,20.0,40.0,dedicated_angled,dedicated_angled_21ft_az90,21.0,90.0,19.5,none,kh1,"40m,30m,20m,17m,15m",4,1,0,5,0.5638436258746752,0.4675549689366072,0.10543785635696011
sloper_20_to_40_feed20_end40_dedicated_angled_21ft_az135_none,sloper_20_to_40,20.0,40.0,dedicated_angled,dedicated_angled_21ft_az135,21.0,135.0,19.5,none,kh1,"40m,30m,20m,17m,15m",4,1,0,5,0.5657131390751604,0.4608326117286601,0.0761998414201467
sloper_20_to_40_feed20_end40_dedicated_angled_21ft_az180_none,sloper_20_to_40,20.0,40.0,dedicated_angled,dedicated_angled_21ft_az180,21.0,180.0,19.5,none,kh1,"40m,30m,20m,17m,15m",4,1,0,5,0.5670395432153118,0.4581772355257433,0.07718746385364444
sloper_20_to_40_feed20_end40_dedicated_angled_25ft_az90_none,sloper_20_to_40,20.0,40.0,dedicated_angled,dedicated_angled_25ft_az90,25.0,90.0,19.5,none,kh1,"40m,30m,20m,17m,15m",4,1,0,5,0.5008994590428132,0.41760668552571545,0.10436251190989751
sloper_20_to_40_feed20_end40_dedicated_angled_25ft_az135_none,sloper_20_to_40,20.0,40.0,dedicated_angled,dedicated_angled_25ft_az135,25.0,135.0,19.5,none,kh1,"40m,30m,20m,17m,15m",4,1,0,5,0.5102033776638137,0.40628605801644535,0.0890065319987591
sloper_20_to_40_feed20_end40_dedicated_angled_25ft_az180_none,sloper_20_to_40,20.0,40.0,dedicated_angled,dedicated_angled_25ft_az180,25.0,180.0,19.5,none,kh1,"40m,30m,20m,17m,15m",4,1,0,5,0.5122399959793849,0.3992387421670593,0.09004037967544587
sloper_20_to_40_feed20_end40_dedicated_angled_29ft_az90_none,sloper_20_to_40,20.0,40.0,dedicated_angled,dedicated_angled_29ft_az90,29.0,90.0,19.5,none,kh1,"40m,30m,20m,17m,15m",4,1,0,5,0.5452836843018767,0.43406486417157875,0.13198876332780246
sloper_20_to_40_feed20_end40_dedicated_angled_29ft_az135_none,sloper_20_to_40,20.0,40.0,dedicated_angled,dedicated_angled_29ft_az135,29.0,135.0,19.5,none,kh1,"40m,30m,20m,17m,15m",4,1,0,5,0.5431123384075,0.4107248966100239,0.11771080569866366
sloper_20_to_40_feed20_end40_dedicated_angled_29ft_az180_none,sloper_20_to_40,20.0,40.0,dedicated_angled,dedicated_angled_29ft_az180,29.0,180.0,19.5,none,kh1,"40m,30m,20m,17m,15m",4,1,0,5,0.5387638058045116,0.39266546770513033,0.11515209194104926
sloper_20_to_40_feed20_end40_dedicated_angled_33ft_az90_none,sloper_20_to_40,20.0,40.0,dedicated_angled,dedicated_angled_33ft_az90,33.0,90.0,19.5,none,kh1,"40m,30m,20m,17m,15m",4,0,1,5,0.5380516442692762,0.4113470860750034,0.10916501848862843
sloper_20_to_40_feed20_end40_dedicated_angled_33ft_az135_none,sloper_20_to_40,20.0,40.0,dedicated_angled,dedicated_angled_33ft_az135,33.0,135.0,19.5,none,kh1,"40m,30m,20m,17m,15m",4,0,1,5,0.5238437738478666,0.36674838222193334,0.11233089879413358
sloper_20_to_40_feed20_end40_dedicated_angled_33ft_az180_none,sloper_20_to_40,20.0,40.0,dedicated_angled,dedicated_angled_33ft_az180,33.0,180.0,19.5,none,kh1,"40m,30m,20m,17m,15m",4,0,1,5,0.5168528794858875,0.3419932727039492,0.11333527846549843
sloper_20_to_40_feed20_end40_dedicated_angled_37ft_az90_none,sloper_20_to_40,20.0,40.0,dedicated_angled,dedicated_angled_37ft_az90,37.0,90.0,19.5,none,kh1,"40m,30m,20m,17m,15m",5,0,0,5,0.5595912279051634,0.5070535373817402,0.09841666676254096
sloper_20_to_40_feed20_end40_dedicated_angled_37ft_az135_none,sloper_20_to_40,20.0,40.0,dedicated_angled,dedicated_angled_37ft_az135,37.0,135.0,19.5,none,kh1,"40m,30m,20m,17m,15m",5,0,0,5,0.5484049676971465,0.48226456597366013,0.10160865131493035
sloper_20_to_40_feed20_end40_dedicated_angled_37ft_az180_none,sloper_20_to_40,20.0,40.0,dedicated_angled,dedicated_angled_37ft_az180,37.0,180.0,19.5,none,kh1,"40m,30m,20m,17m,15m",5,0,0,5,0.5482858016806997,0.47793962481839813,0.10287163170895405
sloper_20_to_40_feed20_end40_dedicated_angled_41ft_az90_none,sloper_20_to_40,20.0,40.0,dedicated_angled,dedicated_angled_41ft_az90,41.0,90.0,19.5,none,kh1,"40m,30m,20m,17m,15m",5,0,0,5,0.5820148074361357,0.49535826476283085,0.08018199594349235
sloper_20_to_40_feed20_end40_dedicated_angled_41ft_az135_none,sloper_20_to_40,20.0,40.0,dedicated_angled,dedicated_angled_41ft_az135,41.0,135.0,19.5,none,kh1,"40m,30m,20m,17m,15m",5,0,0,5,0.5772105250567395,0.48523667187784497,0.1030596789032861
sloper_20_to_40_feed20_end40_dedicated_angled_41ft_az180_none,sloper_20_to_40,20.0,40.0,dedicated_angled,dedicated_angled_41ft_az180,41.0,180.0,19.5,none,kh1,"40m,30m,20m,17m,15m",5,0,0,5,0.5781574552667761,0.4741880684831279,0.10385158360387654
sloper_20_to_40_feed20_end40_dedicated_angled_45ft_az90_none,sloper_20_to_40,20.0,40.0,dedicated_angled,dedicated_angled_45ft_az90,45.0,90.0,19.5,none,kh1,"40m,30m,20m,17m,15m",5,0,0,5,0.5309877596572232,0.4534538531293447,0.10362785316379623
sloper_20_to_40_feed20_end40_dedicated_angled_45ft_az135_none,sloper_20_to_40,20.0,40.0,dedicated_angled,dedicated_angled_45ft_az135,45.0,135.0,19.5,none,kh1,"40m,30m,20m,17m,15m",4,1,0,5,0.5333490213732437,0.49315794628117504,0.10777813598876734
sloper_20_to_40_feed20_end40_dedicated_angled_45ft_az180_none,sloper_20_to_40,20.0,40.0,dedicated_angled,dedicated_angled_45ft_az180,45.0,180.0,19.5,none,kh1,"40m,30m,20m,17m,15m",4,1,0,5,0.5333340566160172,0.5054419616864144,0.1156095066797678
sloper_20_to_40_feed20_end40_dedicated_angled_49ft_az90_none,sloper_20_to_40,20.0,40.0,dedicated_angled,dedicated_angled_49ft_az90,49.0,90.0,19.5,none,kh1,"40m,30m,20m,17m,15m",2,3,0,5,0.4525967258868033,0.3789031836377309,0.15244109341447215
sloper_20_to_40_feed20_end40_dedicated_angled_49ft_az135_none,sloper_20_to_40,20.0,40.0,dedicated_angled,dedicated_angled_49ft_az135,49.0,135.0,19.5,none,kh1,"40m,30m,20m,17m,15m",3,2,0,5,0.46707143949129665,0.3925899678104091,0.1725840748567625
sloper_20_to_40_feed20_end40_dedicated_angled_49ft_az180_none,sloper_20_to_40,20.0,40.0,dedicated_angled,dedicated_angled_49ft_az180,49.0,180.0,19.5,none,kh1,"40m,30m,20m,17m,15m",3,2,0,5,0.46893994464027156,0.3936387408945197,0.18118574715455002
sloper_20_to_40_feed20_end40_dedicated_angled_53ft_az90_none,sloper_20_to_40,20.0,40.0,dedicated_angled,dedicated_angled_53ft_az90,53.0,90.0,19.5,none,kh1,"40m,30m,20m,17m,15m",2,2,1,5,0.4209662914911843,0.3635870479522003,0.16232389510389383
sloper_20_to_40_feed20_end40_dedicated_angled_53ft_az135_none,sloper_20_to_40,20.0,40.0,dedicated_angled,dedicated_angled_53ft_az135,53.0,135.0,19.5,none,kh1,"40m,30m,20m,17m,15m",1,4,0,5,0.44447450189584553,0.3946646751626036,0.14559381452735215
sloper_20_to_40_feed20_end40_dedicated_angled_53ft_az180_none,sloper_20_to_40,20.0,40.0,dedicated_angled,dedicated_angled_53ft_az180,53.0,180.0,19.5,none,kh1,"40m,30m,20m,17m,15m",1,4,0,5,0.4468258235007544,0.394377743766234,0.1455321642836162
sloper_20_to_40_feed20_end40_coax_return_19.5ft_vertical_cfrp_5e3_3in,sloper_20_to_40,20.0,40.0,coax_return,coax_return_19.5ft_vertical,19.5,,19.5,cfrp_5e3_3in,kh1,"40m,30m,20m,17m,15m",4,1,0,5,0.5245795205502195,0.4044243113126348,0.08048021069782596
sloper_20_to_40_feed20_end40_dedicated_vertical_19.5ft_vertical_cfrp_5e3_3in,sloper_20_to_40,20.0,40.0,dedicated_vertical,dedicated_vertical_19.5ft_vertical,19.5,,19.5,cfrp_5e3_3in,kh1,"40m,30m,20m,17m,15m",4,1,0,5,0.5020461704240231,0.37890518384670835,0.09846737875105935
sloper_20_to_40_feed20_end40_dedicated_angled_21ft_az90_cfrp_5e3_3in,sloper_20_to_40,20.0,40.0,dedicated_angled,dedicated_angled_21ft_az90,21.0,90.0,19.5,cfrp_5e3_3in,kh1,"40m,30m,20m,17m,15m",4,1,0,5,0.5014979480117288,0.4235411971590959,0.11723432700915165
sloper_20_to_40_feed20_end40_dedicated_angled_21ft_az135_cfrp_5e3_3in,sloper_20_to_40,20.0,40.0,dedicated_angled,dedicated_angled_21ft_az135,21.0,135.0,19.5,cfrp_5e3_3in,kh1,"40m,30m,20m,17m,15m",4,1,0,5,0.514755015075457,0.45317689030559244,0.11328192822143887
sloper_20_to_40_feed20_end40_dedicated_angled_21ft_az180_cfrp_5e3_3in,sloper_20_to_40,20.0,40.0,dedicated_angled,dedicated_angled_21ft_az180,21.0,180.0,19.5,cfrp_5e3_3in,kh1,"40m,30m,20m,17m,15m",4,1,0,5,0.5210661830943057,0.4500196403267132,0.11338718288146366
sloper_20_to_40_feed20_end40_dedicated_angled_25ft_az90_cfrp_5e3_3in,sloper_20_to_40,20.0,40.0,dedicated_angled,dedicated_angled_25ft_az90,25.0,90.0,19.5,cfrp_5e3_3in,kh1,"40m,30m,20m,17m,15m",3,2,0,5,0.45965817521523566,0.36497702066161614,0.15922106084742646
sloper_20_to_40_feed20_end40_dedicated_angled_25ft_az135_cfrp_5e3_3in,sloper_20_to_40,20.0,40.0,dedicated_angled,dedicated_angled_25ft_az135,25.0,135.0,19.5,cfrp_5e3_3in,kh1,"40m,30m,20m,17m,15m",4,1,0,5,0.4861083724959786,0.38562628688090705,0.08948776973626768
sloper_20_to_40_feed20_end40_dedicated_angled_25ft_az180_cfrp_5e3_3in,sloper_20_to_40,20.0,40.0,dedicated_angled,dedicated_angled_25ft_az180,25.0,180.0,19.5,cfrp_5e3_3in,kh1,"40m,30m,20m,17m,15m",4,1,0,5,0.48677980130519877,0.3760541750037857,0.09171805210496789
sloper_20_to_40_feed20_end40_dedicated_angled_29ft_az90_cfrp_5e3_3in,sloper_20_to_40,20.0,40.0,dedicated_angled,dedicated_angled_29ft_az90,29.0,90.0,19.5,cfrp_5e3_3in,kh1,"40m,30m,20m,17m,15m",4,1,0,5,0.5238504973620345,0.42733115066329724,0.1420206462850454
sloper_20_to_40_feed20_end40_dedicated_angled_29ft_az135_cfrp_5e3_3in,sloper_20_to_40,20.0,40.0,dedicated_angled,dedicated_angled_29ft_az135,29.0,135.0,19.5,cfrp_5e3_3in,kh1,"40m,30m,20m,17m,15m",4,1,0,5,0.5302520730350005,0.4109838260307942,0.1292199234853131
sloper_20_to_40_feed20_end40_dedicated_angled_29ft_az180_cfrp_5e3_3in,sloper_20_to_40,20.0,40.0,dedicated_angled,dedicated_angled_29ft_az180,29.0,180.0,19.5,cfrp_5e3_3in,kh1,"40m,30m,20m,17m,15m",4,1,0,5,0.524802087493121,0.39236280017721836,0.1283115874787919
sloper_20_to_40_feed20_end40_dedicated_angled_33ft_az90_cfrp_5e3_3in,sloper_20_to_40,20.0,40.0,dedicated_angled,dedicated_angled_33ft_az90,33.0,90.0,19.5,cfrp_5e3_3in,kh1,"40m,30m,20m,17m,15m",4,1,0,5,0.5402674210582011,0.434883262329862,0.15652380466765692
sloper_20_to_40_feed20_end40_dedicated_angled_33ft_az135_cfrp_5e3_3in,sloper_20_to_40,20.0,40.0,dedicated_angled,dedicated_angled_33ft_az135,33.0,135.0,19.5,cfrp_5e3_3in,kh1,"40m,30m,20m,17m,15m",4,0,1,5,0.5255482377327467,0.37054720105619887,0.12637172435426533
sloper_20_to_40_feed20_end40_dedicated_angled_33ft_az180_cfrp_5e3_3in,sloper_20_to_40,20.0,40.0,dedicated_angled,dedicated_angled_33ft_az180,33.0,180.0,19.5,cfrp_5e3_3in,kh1,"40m,30m,20m,17m,15m",4,0,1,5,0.5151647656701174,0.34325646393481746,0.12227748416890906
sloper_20_to_40_feed20_end40_dedicated_angled_37ft_az90_cfrp_5e3_3in,sloper_20_to_40,20.0,40.0,dedicated_angled,dedicated_angled_37ft_az90,37.0,90.0,19.5,cfrp_5e3_3in,kh1,"40m,30m,20m,17m,15m",5,0,0,5,0.5845115557997151,0.4725418249934022,0.11218295850610709
sloper_20_to_40_feed20_end40_dedicated_angled_37ft_az135_cfrp_5e3_3in,sloper_20_to_40,20.0,40.0,dedicated_angled,dedicated_angled_37ft_az135,37.0,135.0,19.5,cfrp_5e3_3in,kh1,"40m,30m,20m,17m,15m",5,0,0,5,0.5613011060772276,0.47570147422739684,0.11360366197733132
sloper_20_to_40_feed20_end40_dedicated_angled_37ft_az180_cfrp_5e3_3in,sloper_20_to_40,20.0,40.0,dedicated_angled,dedicated_angled_37ft_az180,37.0,180.0,19.5,cfrp_5e3_3in,kh1,"40m,30m,20m,17m,15m",5,0,0,5,0.5513072655404114,0.46416773637203257,0.11573250837232459
sloper_20_to_40_feed20_end40_dedicated_angled_41ft_az90_cfrp_5e3_3in,sloper_20_to_40,20.0,40.0,dedicated_angled,dedicated_angled_41ft_az90,41.0,90.0,19.5,cfrp_5e3_3in,kh1,"40m,30m,20m,17m,15m",5,0,0,5,0.5768697083296012,0.4933299366621591,0.10839273703373557
sloper_20_to_40_feed20_end40_dedicated_angled_41ft_az135_cfrp_5e3_3in,sloper_20_to_40,20.0,40.0,dedicated_angled,dedicated_angled_41ft_az135,41.0,135.0,19.5,cfrp_5e3_3in,kh1,"40m,30m,20m,17m,15m",5,0,0,5,0.572760788187481,0.4800448668997239,0.1114854414062483
sloper_20_to_40_feed20_end40_dedicated_angled_41ft_az180_cfrp_5e3_3in,sloper_20_to_40,20.0,40.0,dedicated_angled,dedicated_angled_41ft_az180,41.0,180.0,19.5,cfrp_5e3_3in,kh1,"40m,30m,20m,17m,15m",5,0,0,5,0.5744620995949814,0.47510252690639665,0.11412903397772192
sloper_20_to_40_feed20_end40_dedicated_angled_45ft_az90_cfrp_5e3_3in,sloper_20_to_40,20.0,40.0,dedicated_angled,dedicated_angled_45ft_az90,45.0,90.0,19.5,cfrp_5e3_3in,kh1,"40m,30m,20m,17m,15m",4,0,1,5,0.4798213798098778,0.43725881962051644,0.13378433147253263
sloper_20_to_40_feed20_end40_dedicated_angled_45ft_az135_cfrp_5e3_3in,sloper_20_to_40,20.0,40.0,dedicated_angled,dedicated_angled_45ft_az135,45.0,135.0,19.5,cfrp_5e3_3in,kh1,"40m,30m,20m,17m,15m",4,1,0,5,0.5133072250427229,0.4921946146340293,0.11080518120202568
sloper_20_to_40_feed20_end40_dedicated_angled_45ft_az180_cfrp_5e3_3in,sloper_20_to_40,20.0,40.0,dedicated_angled,dedicated_angled_45ft_az180,45.0,180.0,19.5,cfrp_5e3_3in,kh1,"40m,30m,20m,17m,15m",4,1,0,5,0.5189624536404888,0.5043069909491811,0.11713982294825007
sloper_20_to_40_feed20_end40_dedicated_angled_49ft_az90_cfrp_5e3_3in,sloper_20_to_40,20.0,40.0,dedicated_angled,dedicated_angled_49ft_az90,49.0,90.0,19.5,cfrp_5e3_3in,kh1,"40m,30m,20m,17m,15m",2,2,1,5,0.4300604951453381,0.34170493327402496,0.13263589698455655
sloper_20_to_40_feed20_end40_dedicated_angled_49ft_az135_cfrp_5e3_3in,sloper_20_to_40,20.0,40.0,dedicated_angled,dedicated_angled_49ft_az135,49.0,135.0,19.5,cfrp_5e3_3in,kh1,"40m,30m,20m,17m,15m",3,2,0,5,0.46397144813524904,0.38323288255339344,0.17120392865151196
sloper_20_to_40_feed20_end40_dedicated_angled_49ft_az180_cfrp_5e3_3in,sloper_20_to_40,20.0,40.0,dedicated_angled,dedicated_angled_49ft_az180,49.0,180.0,19.5,cfrp_5e3_3in,kh1,"40m,30m,20m,17m,15m",3,2,0,5,0.4684655243655201,0.3906878180652925,0.1842751642094749
sloper_20_to_40_feed20_end40_dedicated_angled_53ft_az90_cfrp_5e3_3in,sloper_20_to_40,20.0,40.0,dedicated_angled,dedicated_angled_53ft_az90,53.0,90.0,19.5,cfrp_5e3_3in,kh1,"40m,30m,20m,17m,15m",2,2,1,5,0.4062070974818126,0.3416387402825034,0.1728049763055754
sloper_20_to_40_feed20_end40_dedicated_angled_53ft_az135_cfrp_5e3_3in,sloper_20_to_40,20.0,40.0,dedicated_angled,dedicated_angled_53ft_az135,53.0,135.0,19.5,cfrp_5e3_3in,kh1,"40m,30m,20m,17m,15m",1,4,0,5,0.4390280128525229,0.38944775039920526,0.14928579697322258
sloper_20_to_40_feed20_end40_dedicated_angled_53ft_az180_cfrp_5e3_3in,sloper_20_to_40,20.0,40.0,dedicated_angled,dedicated_angled_53ft_az180,53.0,180.0,19.5,cfrp_5e3_3in,kh1,"40m,30m,20m,17m,15m",1,4,0,5,0.4425828230677867,0.39253422915694564,0.14984536049494634
sloper_20_to_40_feed20_end40_coax_return_19.5ft_vertical_cfrp_5e4_3in,sloper_20_to_40,20.0,40.0,coax_return,coax_return_19.5ft_vertical,19.5,,19.5,cfrp_5e4_3in,kh1,"40m,30m,20m,17m,15m",4,1,0,5,0.5291461845959575,0.40636154765336996,0.080170671363565
sloper_20_to_40_feed20_end40_dedicated_vertical_19.5ft_vertical_cfrp_5e4_3in,sloper_20_to_40,20.0,40.0,dedicated_vertical,dedicated_vertical_19.5ft_vertical,19.5,,19.5,cfrp_5e4_3in,kh1,"40m,30m,20m,17m,15m",4,1,0,5,0.507777650472225,0.38356537632410864,0.09706184187747377
sloper_20_to_40_feed20_end40_dedicated_angled_21ft_az90_cfrp_5e4_3in,sloper_20_to_40,20.0,40.0,dedicated_angled,dedicated_angled_21ft_az90,21.0,90.0,19.5,cfrp_5e4_3in,kh1,"40m,30m,20m,17m,15m",4,1,0,5,0.5118055847587296,0.4373222978029886,0.11738412862612616
sloper_20_to_40_feed20_end40_dedicated_angled_21ft_az135_cfrp_5e4_3in,sloper_20_to_40,20.0,40.0,dedicated_angled,dedicated_angled_21ft_az135,21.0,135.0,19.5,cfrp_5e4_3in,kh1,"40m,30m,20m,17m,15m",4,1,0,5,0.5214403802807488,0.45434879531382516,0.11346938731688583
sloper_20_to_40_feed20_end40_dedicated_angled_21ft_az180_cfrp_5e4_3in,sloper_20_to_40,20.0,40.0,dedicated_angled,dedicated_angled_21ft_az180,21.0,180.0,19.5,cfrp_5e4_3in,kh1,"40m,30m,20m,17m,15m",4,1,0,5,0.5270333698843339,0.45097199417434064,0.1135721960177731
sloper_20_to_40_feed20_end40_dedicated_angled_25ft_az90_cfrp_5e4_3in,sloper_20_to_40,20.0,40.0,dedicated_angled,dedicated_angled_25ft_az90,25.0,90.0,19.5,cfrp_5e4_3in,kh1,"40m,30m,20m,17m,15m",3,2,0,5,0.4702103840007344,0.3989014127181929,0.1593157661686603
sloper_20_to_40_feed20_end40_dedicated_angled_25ft_az135_cfrp_5e4_3in,sloper_20_to_40,20.0,40.0,dedicated_angled,dedicated_angled_25ft_az135,25.0,135.0,19.5,cfrp_5e4_3in,kh1,"40m,30m,20m,17m,15m",4,1,0,5,0.48776873525484643,0.38883315319339984,0.08954444902281554
sloper_20_to_40_feed20_end40_dedicated_angled_25ft_az180_cfrp_5e4_3in,sloper_20_to_40,20.0,40.0,dedicated_angled,dedicated_angled_25ft_az180,25.0,180.0,19.5,cfrp_5e4_3in,kh1,"40m,30m,20m,17m,15m",4,1,0,5,0.488563070141115,0.37858360698934546,0.09177467048157031
sloper_20_to_40_feed20_end40_dedicated_angled_29ft_az90_cfrp_5e4_3in,sloper_20_to_40,20.0,40.0,dedicated_angled,dedicated_angled_29ft_az90,29.0,90.0,19.5,cfrp_5e4_3in,kh1,"40m,30m,20m,17m,15m",4,1,0,5,0.5294093638373967,0.43300214294698824,0.14379469081971596
sloper_20_to_40_feed20_end40_dedicated_angled_29ft_az135_cfrp_5e4_3in,sloper_20_to_40,20.0,40.0,dedicated_angled,dedicated_angled_29ft_az135,29.0,135.0,19.5,cfrp_5e4_3in,kh1,"40m,30m,20m,17m,15m",4,1,0,5,0.5315241261716661,0.4122732918944226,0.12888332163499155
sloper_20_to_40_feed20_end40_dedicated_angled_29ft_az180_cfrp_5e4_3in,sloper_20_to_40,20.0,40.0,dedicated_angled,dedicated_angled_29ft_az180,29.0,180.0,19.5,cfrp_5e4_3in,kh1,"40m,30m,20m,17m,15m",4,1,0,5,0.5262325386096122,0.39308592569867806,0.1280214143317666
sloper_20_to_40_feed20_end40_dedicated_angled_33ft_az90_cfrp_5e4_3in,sloper_20_to_40,20.0,40.0,dedicated_angled,dedicated_angled_33ft_az90,33.0,90.0,19.5,cfrp_5e4_3in,kh1,"40m,30m,20m,17m,15m",4,1,0,5,0.5501877586324987,0.46805760155213877,0.15742844857429023
sloper_20_to_40_feed20_end40_dedicated_angled_33ft_az135_cfrp_5e4_3in,sloper_20_to_40,20.0,40.0,dedicated_angled,dedicated_angled_33ft_az135,33.0,135.0,19.5,cfrp_5e4_3in,kh1,"40m,30m,20m,17m,15m",4,0,1,5,0.5264254376169344,0.3707638584816688,0.12645313633096364
sloper_20_to_40_feed20_end40_dedicated_angled_33ft_az180_cfrp_5e4_3in,sloper_20_to_40,20.0,40.0,dedicated_angled,dedicated_angled_33ft_az180,33.0,180.0,19.5,cfrp_5e4_3in,kh1,"40m,30m,20m,17m,15m",4,0,1,5,0.5162297720249093,0.34392188002127044,0.12222629432807605
sloper_20_to_40_feed20_end40_dedicated_angled_37ft_az90_cfrp_5e4_3in,sloper_20_to_40,20.0,40.0,dedicated_angled,dedicated_angled_37ft_az90,37.0,90.0,19.5,cfrp_5e4_3in,kh1,"40m,30m,20m,17m,15m",5,0,0,5,0.5899546098976721,0.4851508664164221,0.11223283154081148
sloper_20_to_40_feed20_end40_dedicated_angled_37ft_az135_cfrp_5e4_3in,sloper_20_to_40,20.0,40.0,dedicated_angled,dedicated_angled_37ft_az135,37.0,135.0,19.5,cfrp_5e4_3in,kh1,"40m,30m,20m,17m,15m",5,0,0,5,0.5630375162604948,0.47727548905866163,0.11361480805920919
sloper_20_to_40_feed20_end40_dedicated_angled_37ft_az180_cfrp_5e4_3in,sloper_20_to_40,20.0,40.0,dedicated_angled,dedicated_angled_37ft_az180,37.0,180.0,19.5,cfrp_5e4_3in,kh1,"40m,30m,20m,17m,15m",5,0,0,5,0.5531159190155973,0.46494111271143485,0.11572862150916435
sloper_20_to_40_feed20_end40_dedicated_angled_41ft_az90_cfrp_5e4_3in,sloper_20_to_40,20.0,40.0,dedicated_angled,dedicated_angled_41ft_az90,41.0,90.0,19.5,cfrp_5e4_3in,kh1,"40m,30m,20m,17m,15m",5,0,0,5,0.5803500391947621,0.493470937549613,0.10860379268053633
sloper_20_to_40_feed20_end40_dedicated_angled_41ft_az135_cfrp_5e4_3in,sloper_20_to_40,20.0,40.0,dedicated_angled,dedicated_angled_41ft_az135,41.0,135.0,19.5,cfrp_5e4_3in,kh1,"40m,30m,20m,17m,15m",5,0,0,5,0.5763219225319529,0.4820040649495592,0.11135445857982135
sloper_20_to_40_feed20_end40_dedicated_angled_41ft_az180_cfrp_5e4_3in,sloper_20_to_40,20.0,40.0,dedicated_angled,dedicated_angled_41ft_az180,41.0,180.0,19.5,cfrp_5e4_3in,kh1,"40m,30m,20m,17m,15m",5,0,0,5,0.577897432908691,0.4762256172861416,0.11420505238747478
sloper_20_to_40_feed20_end40_dedicated_angled_45ft_az90_cfrp_5e4_3in,sloper_20_to_40,20.0,40.0,dedicated_angled,dedicated_angled_45ft_az90,45.0,90.0,19.5,cfrp_5e4_3in,kh1,"40m,30m,20m,17m,15m",4,0,1,5,0.48152604476222083,0.43840591000857415,0.13452358540410864
sloper_20_to_40_feed20_end40_dedicated_angled_45ft_az135_cfrp_5e4_3in,sloper_20_to_40,20.0,40.0,dedicated_angled,dedicated_angled_45ft_az135,45.0,135.0,19.5,cfrp_5e4_3in,kh1,"40m,30m,20m,17m,15m",4,1,0,5,0.5156274889353917,0.4929753187388665,0.11120266857580981
sloper_20_to_40_feed20_end40_dedicated_angled_45ft_az180_cfrp_5e4_3in,sloper_20_to_40,20.0,40.0,dedicated_angled,dedicated_angled_45ft_az180,45.0,180.0,19.5,cfrp_5e4_3in,kh1,"40m,30m,20m,17m,15m",4,1,0,5,0.5210749291809031,0.5049419283587648,0.11715005210644143
sloper_20_to_40_feed20_end40_dedicated_angled_49ft_az90_cfrp_5e4_3in,sloper_20_to_40,20.0,40.0,dedicated_angled,dedicated_angled_49ft_az90,49.0,90.0,19.5,cfrp_5e4_3in,kh1,"40m,30m,20m,17m,15m",2,2,1,5,0.43218061442742356,0.3465298919934744,0.13294952811394892
sloper_20_to_40_feed20_end40_dedicated_angled_49ft_az135_cfrp_5e4_3in,sloper_20_to_40,20.0,40.0,dedicated_angled,dedicated_angled_49ft_az135,49.0,135.0,19.5,cfrp_5e4_3in,kh1,"40m,30m,20m,17m,15m",3,2,0,5,0.4651535027457778,0.38395423659773004,0.17153160247184646
sloper_20_to_40_feed20_end40_dedicated_angled_49ft_az180_cfrp_5e4_3in,sloper_20_to_40,20.0,40.0,dedicated_angled,dedicated_angled_49ft_az180,49.0,180.0,19.5,cfrp_5e4_3in,kh1,"40m,30m,20m,17m,15m",3,2,0,5,0.46940703313018695,0.39126524605723695,0.1846966457330519
sloper_20_to_40_feed20_end40_dedicated_angled_53ft_az90_cfrp_5e4_3in,sloper_20_to_40,20.0,40.0,dedicated_angled,dedicated_angled_53ft_az90,53.0,90.0,19.5,cfrp_5e4_3in,kh1,"40m,30m,20m,17m,15m",2,2,1,5,0.4086003512333711,0.342251180973517,0.17301906867528136
sloper_20_to_40_feed20_end40_dedicated_angled_53ft_az135_cfrp_5e4_3in,sloper_20_to_40,20.0,40.0,dedicated_angled,dedicated_angled_53ft_az135,53.0,135.0,19.5,cfrp_5e4_3in,kh1,"40m,30m,20m,17m,15m",1,4,0,5,0.4395075168756721,0.39019756307222636,0.14974301922624395
sloper_20_to_40_feed20_end40_dedicated_angled_53ft_az180_cfrp_5e4_3in,sloper_20_to_40,20.0,40.0,dedicated_angled,dedicated_angled_53ft_az180,53.0,180.0,19.5,cfrp_5e4_3in,kh1,"40m,30m,20m,17m,15m",1,4,0,5,0.44305494479591584,0.3932597391420202,0.1503139765954589
sloper_20_to_40_feed20_end40_coax_return_19.5ft_vertical_cfrp_5e4_12in,sloper_20_to_40,20.0,40.0,coax_return,coax_return_19.5ft_vertical,19.5,,19.5,cfrp_5e4_12in,kh1,"40m,30m,20m,17m,15m",4,1,0,5,0.5380911760417367,0.44435161546545743,0.10504527858563907
sloper_20_to_40_feed20_end40_dedicated_vertical_19.5ft_vertical_cfrp_5e4_12in,sloper_20_to_40,20.0,40.0,dedicated_vertical,dedicated_vertical_19.5ft_vertical,19.5,,19.5,cfrp_5e4_12in,kh1,"40m,30m,20m,17m,15m",4,1,0,5,0.516910991373823,0.4130364836528873,0.08524371000682485
sloper_20_to_40_feed20_end40_dedicated_angled_21ft_az90_cfrp_5e4_12in,sloper_20_to_40,20.0,40.0,dedicated_angled,dedicated_angled_21ft_az90,21.0,90.0,19.5,cfrp_5e4_12in,kh1,"40m,30m,20m,17m,15m",4,1,0,5,0.4392885435611634,0.2722166028866959,0.10933175419049432
sloper_20_to_40_feed20_end40_dedicated_angled_21ft_az135_cfrp_5e4_12in,sloper_20_to_40,20.0,40.0,dedicated_angled,dedicated_angled_21ft_az135,21.0,135.0,19.5,cfrp_5e4_12in,kh1,"40m,30m,20m,17m,15m",4,1,0,5,0.5232652856015719,0.4565149700458801,0.10827796594984952
sloper_20_to_40_feed20_end40_dedicated_angled_21ft_az180_cfrp_5e4_12in,sloper_20_to_40,20.0,40.0,dedicated_angled,dedicated_angled_21ft_az180,21.0,180.0,19.5,cfrp_5e4_12in,kh1,"40m,30m,20m,17m,15m",4,1,0,5,0.5307748428919995,0.4536879210861337,0.112292932349713
sloper_20_to_40_feed20_end40_dedicated_angled_25ft_az90_cfrp_5e4_12in,sloper_20_to_40,20.0,40.0,dedicated_angled,dedicated_angled_25ft_az90,25.0,90.0,19.5,cfrp_5e4_12in,kh1,"40m,30m,20m,17m,15m",3,1,1,5,0.4429798387367167,0.34507316706078534,0.14832976618608798
sloper_20_to_40_feed20_end40_dedicated_angled_25ft_az135_cfrp_5e4_12in,sloper_20_to_40,20.0,40.0,dedicated_angled,dedicated_angled_25ft_az135,25.0,135.0,19.5,cfrp_5e4_12in,kh1,"40m,30m,20m,17m,15m",3,2,0,5,0.47847005835854184,0.3823884678302535,0.09022276755320587
sloper_20_to_40_feed20_end40_dedicated_angled_25ft_az180_cfrp_5e4_12in,sloper_20_to_40,20.0,40.0,dedicated_angled,dedicated_angled_25ft_az180,25.0,180.0,19.5,cfrp_5e4_12in,kh1,"40m,30m,20m,17m,15m",4,1,0,5,0.48846093315417033,0.3778295971769037,0.09073719814037973
sloper_20_to_40_feed20_end40_dedicated_angled_29ft_az90_cfrp_5e4_12in,sloper_20_to_40,20.0,40.0,dedicated_angled,dedicated_angled_29ft_az90,29.0,90.0,19.5,cfrp_5e4_12in,kh1,"40m,30m,20m,17m,15m",4,1,0,5,0.5321627935465,0.43431701077241675,0.12409636507751884
sloper_20_to_40_feed20_end40_dedicated_angled_29ft_az135_cfrp_5e4_12in,sloper_20_to_40,20.0,40.0,dedicated_angled,dedicated_angled_29ft_az135,29.0,135.0,19.5,cfrp_5e4_12in,kh1,"40m,30m,20m,17m,15m",4,1,0,5,0.5288700975733491,0.4057559280342814,0.1246419902567911
sloper_20_to_40_feed20_end40_dedicated_angled_29ft_az180_cfrp_5e4_12in,sloper_20_to_40,20.0,40.0,dedicated_angled,dedicated_angled_29ft_az180,29.0,180.0,19.5,cfrp_5e4_12in,kh1,"40m,30m,20m,17m,15m",4,1,0,5,0.52769040103375,0.3911825583256803,0.12414376592118201
sloper_20_to_40_feed20_end40_dedicated_angled_33ft_az90_cfrp_5e4_12in,sloper_20_to_40,20.0,40.0,dedicated_angled,dedicated_angled_33ft_az90,33.0,90.0,19.5,cfrp_5e4_12in,kh1,"40m,30m,20m,17m,15m",4,0,1,5,0.5326104097090276,0.40086489006301274,0.1123719980474417
sloper_20_to_40_feed20_end40_dedicated_angled_33ft_az135_cfrp_5e4_12in,sloper_20_to_40,20.0,40.0,dedicated_angled,dedicated_angled_33ft_az135,33.0,135.0,19.5,cfrp_5e4_12in,kh1,"40m,30m,20m,17m,15m",4,0,1,5,0.5221476222655164,0.36657879923383196,0.12054504277476048
sloper_20_to_40_feed20_end40_dedicated_angled_33ft_az180_cfrp_5e4_12in,sloper_20_to_40,20.0,40.0,dedicated_angled,dedicated_angled_33ft_az180,33.0,180.0,19.5,cfrp_5e4_12in,kh1,"40m,30m,20m,17m,15m",4,0,1,5,0.5158517408725667,0.34229966670494877,0.11869689394982527
sloper_20_to_40_feed20_end40_dedicated_angled_37ft_az90_cfrp_5e4_12in,sloper_20_to_40,20.0,40.0,dedicated_angled,dedicated_angled_37ft_az90,37.0,90.0,19.5,cfrp_5e4_12in,kh1,"40m,30m,20m,17m,15m",4,0,1,5,0.5392380047362967,0.43367617172251893,0.100121135925789
sloper_20_to_40_feed20_end40_dedicated_angled_37ft_az135_cfrp_5e4_12in,sloper_20_to_40,20.0,40.0,dedicated_angled,dedicated_angled_37ft_az135,37.0,135.0,19.5,cfrp_5e4_12in,kh1,"40m,30m,20m,17m,15m",5,0,0,5,0.5508393885925267,0.4756248902435023,0.11076277126966376
sloper_20_to_40_feed20_end40_dedicated_angled_37ft_az180_cfrp_5e4_12in,sloper_20_to_40,20.0,40.0,dedicated_angled,dedicated_angled_37ft_az180,37.0,180.0,19.5,cfrp_5e4_12in,kh1,"40m,30m,20m,17m,15m",5,0,0,5,0.5519311490932484,0.4687052661753946,0.11181660372549701
sloper_20_to_40_feed20_end40_dedicated_angled_41ft_az90_cfrp_5e4_12in,sloper_20_to_40,20.0,40.0,dedicated_angled,dedicated_angled_41ft_az90,41.0,90.0,19.5,cfrp_5e4_12in,kh1,"40m,30m,20m,17m,15m",5,0,0,5,0.5684679451786983,0.5061355431778413,0.10930447064216864
sloper_20_to_40_feed20_end40_dedicated_angled_41ft_az135_cfrp_5e4_12in,sloper_20_to_40,20.0,40.0,dedicated_angled,dedicated_angled_41ft_az135,41.0,135.0,19.5,cfrp_5e4_12in,kh1,"40m,30m,20m,17m,15m",5,0,0,5,0.5808202376312713,0.48903865323572177,0.11004374778951255
sloper_20_to_40_feed20_end40_dedicated_angled_41ft_az180_cfrp_5e4_12in,sloper_20_to_40,20.0,40.0,dedicated_angled,dedicated_angled_41ft_az180,41.0,180.0,19.5,cfrp_5e4_12in,kh1,"40m,30m,20m,17m,15m",5,0,0,5,0.5795038039594046,0.4757054909583739,0.11102602614018983
sloper_20_to_40_feed20_end40_dedicated_angled_45ft_az90_cfrp_5e4_12in,sloper_20_to_40,20.0,40.0,dedicated_angled,dedicated_angled_45ft_az90,45.0,90.0,19.5,cfrp_5e4_12in,kh1,"40m,30m,20m,17m,15m",5,0,0,5,0.48296943861616226,0.3766255369073478,0.11030163754241865
sloper_20_to_40_feed20_end40_dedicated_angled_45ft_az135_cfrp_5e4_12in,sloper_20_to_40,20.0,40.0,dedicated_angled,dedicated_angled_45ft_az135,45.0,135.0,19.5,cfrp_5e4_12in,kh1,"40m,30m,20m,17m,15m",4,1,0,5,0.5223302146678279,0.5035646036756065,0.11064852434185651
sloper_20_to_40_feed20_end40_dedicated_angled_45ft_az180_cfrp_5e4_12in,sloper_20_to_40,20.0,40.0,dedicated_angled,dedicated_angled_45ft_az180,45.0,180.0,19.5,cfrp_5e4_12in,kh1,"40m,30m,20m,17m,15m",4,1,0,5,0.5248516598815834,0.5141462494526066,0.11715356753416702
sloper_20_to_40_feed20_end40_dedicated_angled_49ft_az90_cfrp_5e4_12in,sloper_20_to_40,20.0,40.0,dedicated_angled,dedicated_angled_49ft_az90,49.0,90.0,19.5,cfrp_5e4_12in,kh1,"40m,30m,20m,17m,15m",4,1,0,5,0.42364558021916765,0.2705141766986928,0.22065183319563536
sloper_20_to_40_feed20_end40_dedicated_angled_49ft_az135_cfrp_5e4_12in,sloper_20_to_40,20.0,40.0,dedicated_angled,dedicated_angled_49ft_az135,49.0,135.0,19.5,cfrp_5e4_12in,kh1,"40m,30m,20m,17m,15m",3,2,0,5,0.4675921964594524,0.39265340245582997,0.17695326632000347
sloper_20_to_40_feed20_end40_dedicated_angled_49ft_az180_cfrp_5e4_12in,sloper_20_to_40,20.0,40.0,dedicated_angled,dedicated_angled_49ft_az180,49.0,180.0,19.5,cfrp_5e4_12in,kh1,"40m,30m,20m,17m,15m",3,2,0,5,0.46897184438298245,0.39379521774590337,0.18556283565616896
sloper_20_to_40_feed20_end40_dedicated_angled_53ft_az90_cfrp_5e4_12in,sloper_20_to_40,20.0,40.0,dedicated_angled,dedicated_angled_53ft_az90,53.0,90.0,19.5,cfrp_5e4_12in,kh1,"40m,30m,20m,17m,15m",2,3,0,5,0.4281277464860504,0.39663548408206345,0.2690709314750471
sloper_20_to_40_feed20_end40_dedicated_angled_53ft_az135_cfrp_5e4_12in,sloper_20_to_40,20.0,40.0,dedicated_angled,dedicated_angled_53ft_az135,53.0,135.0,19.5,cfrp_5e4_12in,kh1,"40m,30m,20m,17m,15m",1,4,0,5,0.4410797146755742,0.3976561984502097,0.15100986028374552
sloper_20_to_40_feed20_end40_dedicated_angled_53ft_az180_cfrp_5e4_12in,sloper_20_to_40,20.0,40.0,dedicated_angled,dedicated_angled_53ft_az180,53.0,180.0,19.5,cfrp_5e4_12in,kh1,"40m,30m,20m,17m,15m",1,4,0,5,0.44382769887847245,0.39506346999573244,0.15084475580963502
