case_id,family,feed_height_ft,radiator_end_height_ft,return_kind,return_id,return_length_ft,return_azimuth_deg,coax_length_ft,mast_condition,band,frequency_hz,antenna_resistance_ohm,antenna_reactance_ohm,antenna_raw_swr_50ohm,nec_radiation_efficiency,cache_hit
elevated_tree_feed20_end3_coax_return_19.5ft_vertical_none,elevated_tree,20.0,3.0,coax_return,coax_return_19.5ft_vertical,19.5,,19.5,none,160m,1850000,8.2603,-2586.7,16206.63921909144,0.8115000000000001,True
elevated_tree_feed20_end3_coax_return_19.5ft_vertical_none,elevated_tree,20.0,3.0,coax_return,coax_return_19.5ft_vertical,19.5,,19.5,none,80m,3550000,15.129,-1122.6,1669.587141998536,0.8295,True
elevated_tree_feed20_end3_coax_return_19.5ft_vertical_none,elevated_tree,20.0,3.0,coax_return,coax_return_19.5ft_vertical,19.5,,19.5,none,60m,5357000,36.384,-412.53,95.63861848683202,0.8675,True
elevated_tree_feed20_end3_coax_return_19.5ft_vertical_none,elevated_tree,20.0,3.0,coax_return,coax_return_19.5ft_vertical,19.5,,19.5,none,40m,7050000,136.81,275.65,14.138745152537174,0.8981,True
elevated_tree_feed20_end3_coax_return_19.5ft_vertical_none,elevated_tree,20.0,3.0,coax_return,coax_return_19.5ft_vertical,19.5,,19.5,none,30m,10120000,307.66,-1234.8,105.42415655435605,0.9198999999999999,True
elevated_tree_feed20_end3_coax_return_19.5ft_vertical_none,elevated_tree,20.0,3.0,coax_return,coax_return_19.5ft_vertical,19.5,,19.5,none,20m,14050000,80.308,128.72,6.193630028942117,0.9139,True
elevated_tree_feed20_end3_coax_return_19.5ft_vertical_none,elevated_tree,20.0,3.0,coax_return,coax_return_19.5ft_vertical,19.5,,19.5,none,17m,18080000,3579.9,431.31,72.63749324196434,0.9228000000000001,True
elevated_tree_feed20_end3_coax_return_19.5ft_vertical_none,elevated_tree,20.0,3.0,coax_return,coax_return_19.5ft_vertical,19.5,,19.5,none,15m,21050000,481.76,237.62,11.999691843139654,0.9684999999999999,True
elevated_tree_feed20_end3_coax_return_19.5ft_vertical_none,elevated_tree,20.0,3.0,coax_return,coax_return_19.5ft_vertical,19.5,,19.5,none,12m,24910000,1882.4,-692.39,42.744706353750715,0.9882,True
elevated_tree_feed20_end3_coax_return_19.5ft_vertical_none,elevated_tree,20.0,3.0,coax_return,coax_return_19.5ft_vertical,19.5,,19.5,none,10m,28050000,841.14,-1564.2,75.04524140231098,0.9201999999999999,True
elevated_tree_feed20_end3_coax_return_19.5ft_vertical_none,elevated_tree,20.0,3.0,coax_return,coax_return_19.5ft_vertical,19.5,,19.5,none,6m,50100000,1041.3,-614.67,28.095106678474227,0.985,True
elevated_tree_feed20_end3_dedicated_angled_21ft_az135_none,elevated_tree,20.0,3.0,dedicated_angled,dedicated_angled_21ft_az135,21.0,135.0,19.5,none,160m,1850000,8.3682,-2406.3,13844.91213537192,0.7501000000000001,True
elevated_tree_feed20_end3_dedicated_angled_21ft_az135_none,elevated_tree,20.0,3.0,dedicated_angled,dedicated_angled_21ft_az135,21.0,135.0,19.5,none,80m,3550000,15.875,-1036.3,1356.433537575742,0.7884,True
elevated_tree_feed20_end3_dedicated_angled_21ft_az135_none,elevated_tree,20.0,3.0,dedicated_angled,dedicated_angled_21ft_az135,21.0,135.0,19.5,none,60m,5357000,38.274,-361.66,70.40584924268016,0.8459,True
elevated_tree_feed20_end3_dedicated_angled_21ft_az135_none,elevated_tree,20.0,3.0,dedicated_angled,dedicated_angled_21ft_az135,21.0,135.0,19.5,none,40m,7050000,139.85,298.16,15.804787826508203,0.8884000000000001,True
elevated_tree_feed20_end3_dedicated_angled_21ft_az135_none,elevated_tree,20.0,3.0,dedicated_angled,dedicated_angled_21ft_az135,21.0,135.0,19.5,none,30m,10120000,285.83,-1140.7,96.92809254073362,0.9044,True
elevated_tree_feed20_end3_dedicated_angled_21ft_az135_none,elevated_tree,20.0,3.0,dedicated_angled,dedicated_angled_21ft_az135,21.0,135.0,19.5,none,20m,14050000,93.044,219.19,12.646398360535876,0.8893000000000001,True
elevated_tree_feed20_end3_dedicated_angled_21ft_az135_none,elevated_tree,20.0,3.0,dedicated_angled,dedicated_angled_21ft_az135,21.0,135.0,19.5,none,17m,18080000,3474.0,359.53,70.22431962480921,0.9187000000000001,True
elevated_tree_feed20_end3_dedicated_angled_21ft_az135_none,elevated_tree,20.0,3.0,dedicated_angled,dedicated_angled_21ft_az135,21.0,135.0,19.5,none,15m,21050000,999.53,749.4,31.245908046041578,0.9425,True
elevated_tree_feed20_end3_dedicated_angled_21ft_az135_none,elevated_tree,20.0,3.0,dedicated_angled,dedicated_angled_21ft_az135,21.0,135.0,19.5,none,12m,24910000,694.61,-869.91,35.72520705095005,0.953,True
elevated_tree_feed20_end3_dedicated_angled_21ft_az135_none,elevated_tree,20.0,3.0,dedicated_angled,dedicated_angled_21ft_az135,21.0,135.0,19.5,none,10m,28050000,945.81,-1364.1,58.29953588644733,0.9091,True
elevated_tree_feed20_end3_dedicated_angled_21ft_az135_none,elevated_tree,20.0,3.0,dedicated_angled,dedicated_angled_21ft_az135,21.0,135.0,19.5,none,6m,50100000,288.26,-604.96,31.298822774371487,0.9348000000000001,True
elevated_tree_feed20_end3_dedicated_angled_21ft_az180_none,elevated_tree,20.0,3.0,dedicated_angled,dedicated_angled_21ft_az180,21.0,180.0,19.5,none,160m,1850000,8.5831,-2391.1,13328.361192121776,0.7556,True
elevated_tree_feed20_end3_dedicated_angled_21ft_az180_none,elevated_tree,20.0,3.0,dedicated_angled,dedicated_angled_21ft_az180,21.0,180.0,19.5,none,80m,3550000,16.398,-1027.8,1291.79302317949,0.7944,True
elevated_tree_feed20_end3_dedicated_angled_21ft_az180_none,elevated_tree,20.0,3.0,dedicated_angled,dedicated_angled_21ft_az180,21.0,180.0,19.5,none,60m,5357000,39.565,-355.25,65.83490614219497,0.8502,True
elevated_tree_feed20_end3_dedicated_angled_21ft_az180_none,elevated_tree,20.0,3.0,dedicated_angled,dedicated_angled_21ft_az180,21.0,180.0,19.5,none,40m,7050000,143.37,303.8,16.028760487518994,0.8904000000000001,True
elevated_tree_feed20_end3_dedicated_angled_21ft_az180_none,elevated_tree,20.0,3.0,dedicated_angled,dedicated_angled_21ft_az180,21.0,180.0,19.5,none,30m,10120000,281.66,-1139.0,97.92015439464834,0.9020999999999999,True
elevated_tree_feed20_end3_dedicated_angled_21ft_az180_none,elevated_tree,20.0,3.0,dedicated_angled,dedicated_angled_21ft_az180,21.0,180.0,19.5,none,20m,14050000,97.233,224.93,12.787339428314905,0.8933,True
elevated_tree_feed20_end3_dedicated_angled_21ft_az180_none,elevated_tree,20.0,3.0,dedicated_angled,dedicated_angled_21ft_az180,21.0,180.0,19.5,none,17m,18080000,3408.1,290.59,68.65764623011822,0.9197,True
elevated_tree_feed20_end3_dedicated_angled_21ft_az180_none,elevated_tree,20.0,3.0,dedicated_angled,dedicated_angled_21ft_az180,21.0,180.0,19.5,none,15m,21050000,1002.9,786.21,32.403770445722174,0.9415,True
elevated_tree_feed20_end3_dedicated_angled_21ft_az180_none,elevated_tree,20.0,3.0,dedicated_angled,dedicated_angled_21ft_az180,21.0,180.0,19.5,none,12m,24910000,672.43,-876.25,36.33242960597704,0.9516,True
elevated_tree_feed20_end3_dedicated_angled_21ft_az180_none,elevated_tree,20.0,3.0,dedicated_angled,dedicated_angled_21ft_az180,21.0,180.0,19.5,none,10m,28050000,975.37,-1362.7,57.618165793323094,0.9095,True
elevated_tree_feed20_end3_dedicated_angled_21ft_az180_none,elevated_tree,20.0,3.0,dedicated_angled,dedicated_angled_21ft_az180,21.0,180.0,19.5,none,6m,50100000,294.71,-601.14,30.554851879235752,0.9362999999999999,True
elevated_tree_feed20_end3_dedicated_angled_21ft_az90_none,elevated_tree,20.0,3.0,dedicated_angled,dedicated_angled_21ft_az90,21.0,90.0,19.5,none,160m,1850000,7.8003,-2450.9,15408.308986498307,0.7343000000000001,True
elevated_tree_feed20_end3_dedicated_angled_21ft_az90_none,elevated_tree,20.0,3.0,dedicated_angled,dedicated_angled_21ft_az90,21.0,90.0,19.5,none,80m,3550000,14.512,-1061.1,1555.4621577438331,0.7709999999999999,True
elevated_tree_feed20_end3_dedicated_angled_21ft_az90_none,elevated_tree,20.0,3.0,dedicated_angled,dedicated_angled_21ft_az90,21.0,90.0,19.5,none,60m,5357000,34.915,-380.4,85.00797990415502,0.8334999999999999,True
elevated_tree_feed20_end3_dedicated_angled_21ft_az90_none,elevated_tree,20.0,3.0,dedicated_angled,dedicated_angled_21ft_az90,21.0,90.0,19.5,none,40m,7050000,130.56,281.14,15.03545333855119,0.8828,True
elevated_tree_feed20_end3_dedicated_angled_21ft_az90_none,elevated_tree,20.0,3.0,dedicated_angled,dedicated_angled_21ft_az90,21.0,90.0,19.5,none,30m,10120000,296.48,-1143.8,94.34172284795483,0.9104000000000001,True
elevated_tree_feed20_end3_dedicated_angled_21ft_az90_none,elevated_tree,20.0,3.0,dedicated_angled,dedicated_angled_21ft_az90,21.0,90.0,19.5,none,20m,14050000,83.512,203.38,12.092242130284808,0.8794,True
elevated_tree_feed20_end3_dedicated_angled_21ft_az90_none,elevated_tree,20.0,3.0,dedicated_angled,dedicated_angled_21ft_az90,21.0,90.0,19.5,none,17m,18080000,3629.3,604.63,74.60096135091794,0.9154000000000001,True
elevated_tree_feed20_end3_dedicated_angled_21ft_az90_none,elevated_tree,20.0,3.0,dedicated_angled,dedicated_angled_21ft_az90,21.0,90.0,19.5,none,15m,21050000,1025.6,652.44,28.82711452455115,0.9465,True
elevated_tree_feed20_end3_dedicated_angled_21ft_az90_none,elevated_tree,20.0,3.0,dedicated_angled,dedicated_angled_21ft_az90,21.0,90.0,19.5,none,12m,24910000,746.75,-843.24,34.016515071833176,0.9556,True
elevated_tree_feed20_end3_dedicated_angled_21ft_az90_none,elevated_tree,20.0,3.0,dedicated_angled,dedicated_angled_21ft_az90,21.0,90.0,19.5,none,10m,28050000,863.5,-1388.6,61.972102502660704,0.9077,True
elevated_tree_feed20_end3_dedicated_angled_21ft_az90_none,elevated_tree,20.0,3.0,dedicated_angled,dedicated_angled_21ft_az90,21.0,90.0,19.5,none,6m,50100000,285.14,-621.44,32.935373160786725,0.9339,True
elevated_tree_feed20_end3_dedicated_angled_25ft_az135_none,elevated_tree,20.0,3.0,dedicated_angled,dedicated_angled_25ft_az135,25.0,135.0,19.5,none,160m,1850000,9.1213,-2098.4,9660.609147611605,0.7548,True
elevated_tree_feed20_end3_dedicated_angled_25ft_az135_none,elevated_tree,20.0,3.0,dedicated_angled,dedicated_angled_25ft_az135,25.0,135.0,19.5,none,80m,3550000,17.898,-860.1,829.8036316416137,0.7992,True
elevated_tree_feed20_end3_dedicated_angled_25ft_az135_none,elevated_tree,20.0,3.0,dedicated_angled,dedicated_angled_25ft_az135,25.0,135.0,19.5,none,60m,5357000,43.501,-222.61,24.762517052596,0.8552,True
elevated_tree_feed20_end3_dedicated_angled_25ft_az135_none,elevated_tree,20.0,3.0,dedicated_angled,dedicated_angled_25ft_az135,25.0,135.0,19.5,none,40m,7050000,155.26,436.65,27.95197265572875,0.8934000000000001,True
elevated_tree_feed20_end3_dedicated_angled_25ft_az135_none,elevated_tree,20.0,3.0,dedicated_angled,dedicated_angled_25ft_az135,25.0,135.0,19.5,none,30m,10120000,288.27,-1044.8,81.66164569408137,0.8987999999999999,True
elevated_tree_feed20_end3_dedicated_angled_25ft_az135_none,elevated_tree,20.0,3.0,dedicated_angled,dedicated_angled_25ft_az135,25.0,135.0,19.5,none,20m,14050000,173.43,493.95,31.862124246631396,0.9145,True
elevated_tree_feed20_end3_dedicated_angled_25ft_az135_none,elevated_tree,20.0,3.0,dedicated_angled,dedicated_angled_25ft_az135,25.0,135.0,19.5,none,17m,18080000,4238.5,-1005.9,89.54512386992243,0.9381999999999999,True
elevated_tree_feed20_end3_dedicated_angled_25ft_az135_none,elevated_tree,20.0,3.0,dedicated_angled,dedicated_angled_25ft_az135,25.0,135.0,19.5,none,15m,21050000,508.49,-1180.1,65.02810725922724,0.9521,True
elevated_tree_feed20_end3_dedicated_angled_25ft_az135_none,elevated_tree,20.0,3.0,dedicated_angled,dedicated_angled_25ft_az135,25.0,135.0,19.5,none,12m,24910000,182.29,-54.353,3.9938281230444903,0.9053,True
elevated_tree_feed20_end3_dedicated_angled_25ft_az135_none,elevated_tree,20.0,3.0,dedicated_angled,dedicated_angled_25ft_az135,25.0,135.0,19.5,none,10m,28050000,1060.1,-1178.2,47.417213602612094,0.9025,True
elevated_tree_feed20_end3_dedicated_angled_25ft_az135_none,elevated_tree,20.0,3.0,dedicated_angled,dedicated_angled_25ft_az135,25.0,135.0,19.5,none,6m,50100000,159.91,-14.997,3.2293451505114024,0.8993000000000001,True
elevated_tree_feed20_end3_dedicated_angled_25ft_az180_none,elevated_tree,20.0,3.0,dedicated_angled,dedicated_angled_25ft_az180,25.0,180.0,19.5,none,160m,1850000,9.4909,-2079.6,9118.895331626742,0.7636,True
elevated_tree_feed20_end3_dedicated_angled_25ft_az180_none,elevated_tree,20.0,3.0,dedicated_angled,dedicated_angled_25ft_az180,25.0,180.0,19.5,none,80m,3550000,18.832,-849.54,769.5110792161191,0.8084,True
elevated_tree_feed20_end3_dedicated_angled_25ft_az180_none,elevated_tree,20.0,3.0,dedicated_angled,dedicated_angled_25ft_az180,25.0,180.0,19.5,none,60m,5357000,45.842,-214.7,22.073093497746264,0.8618000000000001,True
elevated_tree_feed20_end3_dedicated_angled_25ft_az180_none,elevated_tree,20.0,3.0,dedicated_angled,dedicated_angled_25ft_az180,25.0,180.0,19.5,none,40m,7050000,161.6,442.93,27.785984010849997,0.8969,True
elevated_tree_feed20_end3_dedicated_angled_25ft_az180_none,elevated_tree,20.0,3.0,dedicated_angled,dedicated_angled_25ft_az180,25.0,180.0,19.5,none,30m,10120000,280.0,-1040.5,83.09798387083599,0.8946,True
elevated_tree_feed20_end3_dedicated_angled_25ft_az180_none,elevated_tree,20.0,3.0,dedicated_angled,dedicated_angled_25ft_az180,25.0,180.0,19.5,none,20m,14050000,185.58,502.39,31.14966743181163,0.9194,True
elevated_tree_feed20_end3_dedicated_angled_25ft_az180_none,elevated_tree,20.0,3.0,dedicated_angled,dedicated_angled_25ft_az180,25.0,180.0,19.5,none,17m,18080000,4018.8,-862.6,84.07953777280869,0.9409000000000001,True
elevated_tree_feed20_end3_dedicated_angled_25ft_az180_none,elevated_tree,20.0,3.0,dedicated_angled,dedicated_angled_25ft_az180,25.0,180.0,19.5,none,15m,21050000,515.61,-1190.4,65.3599190518798,0.9516,True
elevated_tree_feed20_end3_dedicated_angled_25ft_az180_none,elevated_tree,20.0,3.0,dedicated_angled,dedicated_angled_25ft_az180,25.0,180.0,19.5,none,12m,24910000,166.97,-45.44,3.6091029294141976,0.894,True
elevated_tree_feed20_end3_dedicated_angled_25ft_az180_none,elevated_tree,20.0,3.0,dedicated_angled,dedicated_angled_25ft_az180,25.0,180.0,19.5,none,10m,28050000,1066.7,-1197.5,48.246923800880374,0.9015000000000001,True
elevated_tree_feed20_end3_dedicated_angled_25ft_az180_none,elevated_tree,20.0,3.0,dedicated_angled,dedicated_angled_25ft_az180,25.0,180.0,19.5,none,6m,50100000,156.13,-20.103,3.1801653684077205,0.8944,True
elevated_tree_feed20_end3_dedicated_angled_25ft_az90_none,elevated_tree,20.0,3.0,dedicated_angled,dedicated_angled_25ft_az90,25.0,90.0,19.5,none,160m,1850000,8.0967,-2158.7,11517.164304955895,0.727,True
elevated_tree_feed20_end3_dedicated_angled_25ft_az90_none,elevated_tree,20.0,3.0,dedicated_angled,dedicated_angled_25ft_az90,25.0,90.0,19.5,none,80m,3550000,15.352,-893.79,1044.2880575270851,0.7692,True
elevated_tree_feed20_end3_dedicated_angled_25ft_az90_none,elevated_tree,20.0,3.0,dedicated_angled,dedicated_angled_25ft_az90,25.0,90.0,19.5,none,60m,5357000,37.105,-247.9,35.18580449814576,0.8334,True
elevated_tree_feed20_end3_dedicated_angled_25ft_az90_none,elevated_tree,20.0,3.0,dedicated_angled,dedicated_angled_25ft_az90,25.0,90.0,19.5,none,40m,7050000,137.46,415.08,28.14527290668129,0.8826999999999999,True
elevated_tree_feed20_end3_dedicated_angled_25ft_az90_none,elevated_tree,20.0,3.0,dedicated_angled,dedicated_angled_25ft_az90,25.0,90.0,19.5,none,30m,10120000,311.72,-1052.3,77.42867659890115,0.9098999999999999,True
elevated_tree_feed20_end3_dedicated_angled_25ft_az90_none,elevated_tree,20.0,3.0,dedicated_angled,dedicated_angled_25ft_az90,25.0,90.0,19.5,none,20m,14050000,146.26,466.22,32.95927746972195,0.902,True
elevated_tree_feed20_end3_dedicated_angled_25ft_az90_none,elevated_tree,20.0,3.0,dedicated_angled,dedicated_angled_25ft_az90,25.0,90.0,19.5,none,17m,18080000,5174.3,-1415.3,111.22906910807798,0.9264,True
elevated_tree_feed20_end3_dedicated_angled_25ft_az90_none,elevated_tree,20.0,3.0,dedicated_angled,dedicated_angled_25ft_az90,25.0,90.0,19.5,none,15m,21050000,472.81,-1164.6,66.91860085959456,0.951,True
elevated_tree_feed20_end3_dedicated_angled_25ft_az90_none,elevated_tree,20.0,3.0,dedicated_angled,dedicated_angled_25ft_az90,25.0,90.0,19.5,none,12m,24910000,219.78,-57.037,4.706679475072623,0.9245,True
elevated_tree_feed20_end3_dedicated_angled_25ft_az90_none,elevated_tree,20.0,3.0,dedicated_angled,dedicated_angled_25ft_az90,25.0,90.0,19.5,none,10m,28050000,1005.8,-1143.4,46.1405303017928,0.9054000000000001,True
elevated_tree_feed20_end3_dedicated_angled_25ft_az90_none,elevated_tree,20.0,3.0,dedicated_angled,dedicated_angled_25ft_az90,25.0,90.0,19.5,none,6m,50100000,148.7,-17.244,3.019006727447746,0.8952,True
elevated_tree_feed20_end3_dedicated_angled_29ft_az135_none,elevated_tree,20.0,3.0,dedicated_angled,dedicated_angled_29ft_az135,29.0,135.0,19.5,none,160m,1850000,9.7209,-1881.3,7287.152669394617,0.7559999999999999,True
elevated_tree_feed20_end3_dedicated_angled_29ft_az135_none,elevated_tree,20.0,3.0,dedicated_angled,dedicated_angled_29ft_az135,29.0,135.0,19.5,none,80m,3550000,19.613,-731.81,549.0529340677255,0.8053,True
elevated_tree_feed20_end3_dedicated_angled_29ft_az135_none,elevated_tree,20.0,3.0,dedicated_angled,dedicated_angled_29ft_az135,29.0,135.0,19.5,none,60m,5357000,48.162,-115.22,7.378793436749725,0.8609,True
elevated_tree_feed20_end3_dedicated_angled_29ft_az135_none,elevated_tree,20.0,3.0,dedicated_angled,dedicated_angled_29ft_az135,29.0,135.0,19.5,none,40m,7050000,169.69,552.83,39.68435445548278,0.8970999999999999,True
elevated_tree_feed20_end3_dedicated_angled_29ft_az135_none,elevated_tree,20.0,3.0,dedicated_angled,dedicated_angled_29ft_az135,29.0,135.0,19.5,none,30m,10120000,296.97,-944.18,66.13075535292113,0.8948,True
elevated_tree_feed20_end3_dedicated_angled_29ft_az135_none,elevated_tree,20.0,3.0,dedicated_angled,dedicated_angled_29ft_az135,29.0,135.0,19.5,none,20m,14050000,498.98,1035.2,53.01412762019783,0.9333,True
elevated_tree_feed20_end3_dedicated_angled_29ft_az135_none,elevated_tree,20.0,3.0,dedicated_angled,dedicated_angled_29ft_az135,29.0,135.0,19.5,none,17m,18080000,1857.0,-686.34,42.21660984708571,0.914,True
elevated_tree_feed20_end3_dedicated_angled_29ft_az135_none,elevated_tree,20.0,3.0,dedicated_angled,dedicated_angled_29ft_az135,29.0,135.0,19.5,none,15m,21050000,176.37,-648.53,51.48565596012026,0.9247,True
elevated_tree_feed20_end3_dedicated_angled_29ft_az135_none,elevated_tree,20.0,3.0,dedicated_angled,dedicated_angled_29ft_az135,29.0,135.0,19.5,none,12m,24910000,160.62,300.55,14.703385151264717,0.8831,True
elevated_tree_feed20_end3_dedicated_angled_29ft_az135_none,elevated_tree,20.0,3.0,dedicated_angled,dedicated_angled_29ft_az135,29.0,135.0,19.5,none,10m,28050000,1156.4,-1062.1,42.65759123901274,0.8993000000000001,True
elevated_tree_feed20_end3_dedicated_angled_29ft_az135_none,elevated_tree,20.0,3.0,dedicated_angled,dedicated_angled_29ft_az135,29.0,135.0,19.5,none,6m,50100000,1818.4,-281.69,37.24138193908889,0.9259999999999999,True
elevated_tree_feed20_end3_dedicated_angled_29ft_az180_none,elevated_tree,20.0,3.0,dedicated_angled,dedicated_angled_29ft_az180,29.0,180.0,19.5,none,160m,1850000,10.181,-1862.6,6820.316939639288,0.7663,True
elevated_tree_feed20_end3_dedicated_angled_29ft_az180_none,elevated_tree,20.0,3.0,dedicated_angled,dedicated_angled_29ft_az180,29.0,180.0,19.5,none,80m,3550000,20.804,-721.26,502.92898070747907,0.8157,True
elevated_tree_feed20_end3_dedicated_angled_29ft_az180_none,elevated_tree,20.0,3.0,dedicated_angled,dedicated_angled_29ft_az180,29.0,180.0,19.5,none,60m,5357000,51.2,-107.39,6.34795813188306,0.8684999999999999,True
elevated_tree_feed20_end3_dedicated_angled_29ft_az180_none,elevated_tree,20.0,3.0,dedicated_angled,dedicated_angled_29ft_az180,29.0,180.0,19.5,none,40m,7050000,177.95,558.24,38.838888755395324,0.9012,True
elevated_tree_feed20_end3_dedicated_angled_29ft_az180_none,elevated_tree,20.0,3.0,dedicated_angled,dedicated_angled_29ft_az180,29.0,180.0,19.5,none,30m,10120000,285.49,-937.17,67.39853280715849,0.8894,True
elevated_tree_feed20_end3_dedicated_angled_29ft_az180_none,elevated_tree,20.0,3.0,dedicated_angled,dedicated_angled_29ft_az180,29.0,180.0,19.5,none,20m,14050000,528.33,1039.1,51.515098801617405,0.9365000000000001,True
elevated_tree_feed20_end3_dedicated_angled_29ft_az180_none,elevated_tree,20.0,3.0,dedicated_angled,dedicated_angled_29ft_az180,29.0,180.0,19.5,none,17m,18080000,1918.3,-547.58,41.49410637865184,0.9079,True
elevated_tree_feed20_end3_dedicated_angled_29ft_az180_none,elevated_tree,20.0,3.0,dedicated_angled,dedicated_angled_29ft_az180,29.0,180.0,19.5,none,15m,21050000,172.96,-654.93,53.32866585432027,0.9206,True
elevated_tree_feed20_end3_dedicated_angled_29ft_az180_none,elevated_tree,20.0,3.0,dedicated_angled,dedicated_angled_29ft_az180,29.0,180.0,19.5,none,12m,24910000,158.77,316.49,16.04573798972629,0.8787,True
elevated_tree_feed20_end3_dedicated_angled_29ft_az180_none,elevated_tree,20.0,3.0,dedicated_angled,dedicated_angled_29ft_az180,29.0,180.0,19.5,none,10m,28050000,1124.2,-1082.8,43.363907502677726,0.8963,True
elevated_tree_feed20_end3_dedicated_angled_29ft_az180_none,elevated_tree,20.0,3.0,dedicated_angled,dedicated_angled_29ft_az180,29.0,180.0,19.5,none,6m,50100000,1876.9,-266.28,38.294080756122995,0.9251,True
elevated_tree_feed20_end3_dedicated_angled_29ft_az90_none,elevated_tree,20.0,3.0,dedicated_angled,dedicated_angled_29ft_az90,29.0,90.0,19.5,none,160m,1850000,8.417,-1943.3,8979.412353618958,0.7214,True
elevated_tree_feed20_end3_dedicated_angled_29ft_az90_none,elevated_tree,20.0,3.0,dedicated_angled,dedicated_angled_29ft_az90,29.0,90.0,19.5,none,80m,3550000,16.287,-766.54,724.9311900546804,0.7689,True
elevated_tree_feed20_end3_dedicated_angled_29ft_az90_none,elevated_tree,20.0,3.0,dedicated_angled,dedicated_angled_29ft_az90,29.0,90.0,19.5,none,60m,5357000,39.634,-141.13,12.021844508739107,0.8343,True
elevated_tree_feed20_end3_dedicated_angled_29ft_az90_none,elevated_tree,20.0,3.0,dedicated_angled,dedicated_angled_29ft_az90,29.0,90.0,19.5,none,40m,7050000,145.58,532.48,42.183807176320464,0.8831,True
elevated_tree_feed20_end3_dedicated_angled_29ft_az90_none,elevated_tree,20.0,3.0,dedicated_angled,dedicated_angled_29ft_az90,29.0,90.0,19.5,none,30m,10120000,332.36,-956.74,61.863399512593325,0.9095,True
elevated_tree_feed20_end3_dedicated_angled_29ft_az90_none,elevated_tree,20.0,3.0,dedicated_angled,dedicated_angled_29ft_az90,29.0,90.0,19.5,none,20m,14050000,428.78,1003.1,55.6078342832681,0.9257,True
elevated_tree_feed20_end3_dedicated_angled_29ft_az90_none,elevated_tree,20.0,3.0,dedicated_angled,dedicated_angled_29ft_az90,29.0,90.0,19.5,none,17m,18080000,1848.2,-1146.8,51.20321080366222,0.9273,True
elevated_tree_feed20_end3_dedicated_angled_29ft_az90_none,elevated_tree,20.0,3.0,dedicated_angled,dedicated_angled_29ft_az90,29.0,90.0,19.5,none,15m,21050000,166.04,-635.46,52.24280671770383,0.9258,True
elevated_tree_feed20_end3_dedicated_angled_29ft_az90_none,elevated_tree,20.0,3.0,dedicated_angled,dedicated_angled_29ft_az90,29.0,90.0,19.5,none,12m,24910000,180.35,281.62,12.599974588685411,0.9017000000000001,True
elevated_tree_feed20_end3_dedicated_angled_29ft_az90_none,elevated_tree,20.0,3.0,dedicated_angled,dedicated_angled_29ft_az90,29.0,90.0,19.5,none,10m,28050000,1182.8,-986.26,40.12090942249395,0.9057999999999999,True
elevated_tree_feed20_end3_dedicated_angled_29ft_az90_none,elevated_tree,20.0,3.0,dedicated_angled,dedicated_angled_29ft_az90,29.0,90.0,19.5,none,6m,50100000,1785.4,-319.31,36.851009058910414,0.9292,True
elevated_tree_feed20_end3_dedicated_angled_33ft_az135_none,elevated_tree,20.0,3.0,dedicated_angled,dedicated_angled_33ft_az135,33.0,135.0,19.5,none,160m,1850000,10.283,-1716.2,5733.634329315987,0.7564,True
elevated_tree_feed20_end3_dedicated_angled_33ft_az135_none,elevated_tree,20.0,3.0,dedicated_angled,dedicated_angled_33ft_az135,33.0,135.0,19.5,none,80m,3550000,21.295,-630.54,376.17406729601925,0.81,True
elevated_tree_feed20_end3_dedicated_angled_33ft_az135_none,elevated_tree,20.0,3.0,dedicated_angled,dedicated_angled_33ft_az135,33.0,135.0,19.5,none,60m,5357000,53.013,-24.412,1.605330068665387,0.8656,True
elevated_tree_feed20_end3_dedicated_angled_33ft_az135_none,elevated_tree,20.0,3.0,dedicated_angled,dedicated_angled_33ft_az135,33.0,135.0,19.5,none,40m,7050000,185.76,661.25,51.041814346135105,0.9004000000000001,True
elevated_tree_feed20_end3_dedicated_angled_33ft_az135_none,elevated_tree,20.0,3.0,dedicated_angled,dedicated_angled_33ft_az135,33.0,135.0,19.5,none,30m,10120000,316.43,-819.42,48.90519657569502,0.8914,True
elevated_tree_feed20_end3_dedicated_angled_33ft_az135_none,elevated_tree,20.0,3.0,dedicated_angled,dedicated_angled_33ft_az135,33.0,135.0,19.5,none,20m,14050000,3384.9,261.52,68.1021924317842,0.9408,True
elevated_tree_feed20_end3_dedicated_angled_33ft_az135_none,elevated_tree,20.0,3.0,dedicated_angled,dedicated_angled_33ft_az135,33.0,135.0,19.5,none,17m,18080000,2261.2,29.031,45.23145808578491,0.9068,True
elevated_tree_feed20_end3_dedicated_angled_33ft_az135_none,elevated_tree,20.0,3.0,dedicated_angled,dedicated_angled_33ft_az135,33.0,135.0,19.5,none,15m,21050000,133.61,-410.02,28.176174690597936,0.8995000000000001,True
elevated_tree_feed20_end3_dedicated_angled_33ft_az135_none,elevated_tree,20.0,3.0,dedicated_angled,dedicated_angled_33ft_az135,33.0,135.0,19.5,none,12m,24910000,247.36,673.93,41.84775768142823,0.8948999999999999,True
elevated_tree_feed20_end3_dedicated_angled_33ft_az135_none,elevated_tree,20.0,3.0,dedicated_angled,dedicated_angled_33ft_az135,33.0,135.0,19.5,none,10m,28050000,1619.0,-910.07,42.61876475378268,0.9028,True
elevated_tree_feed20_end3_dedicated_angled_33ft_az135_none,elevated_tree,20.0,3.0,dedicated_angled,dedicated_angled_33ft_az135,33.0,135.0,19.5,none,6m,50100000,154.26,-231.62,10.26743968989605,0.8936,True
elevated_tree_feed20_end3_dedicated_angled_33ft_az180_none,elevated_tree,20.0,3.0,dedicated_angled,dedicated_angled_33ft_az180,33.0,180.0,19.5,none,160m,1850000,10.811,-1698.1,5339.303277184794,0.7675,True
elevated_tree_feed20_end3_dedicated_angled_33ft_az180_none,elevated_tree,20.0,3.0,dedicated_angled,dedicated_angled_33ft_az180,33.0,180.0,19.5,none,80m,3550000,22.692,-620.32,341.80196527234955,0.821,True
elevated_tree_feed20_end3_dedicated_angled_33ft_az180_none,elevated_tree,20.0,3.0,dedicated_angled,dedicated_angled_33ft_az180,33.0,180.0,19.5,none,60m,5357000,56.64,-16.946,1.4054565299873942,0.8734999999999999,True
elevated_tree_feed20_end3_dedicated_angled_33ft_az180_none,elevated_tree,20.0,3.0,dedicated_angled,dedicated_angled_33ft_az180,33.0,180.0,19.5,none,40m,7050000,195.72,665.39,49.39219722454886,0.9048999999999999,True
elevated_tree_feed20_end3_dedicated_angled_33ft_az180_none,elevated_tree,20.0,3.0,dedicated_angled,dedicated_angled_33ft_az180,33.0,180.0,19.5,none,30m,10120000,301.63,-808.42,49.51224691804616,0.885,True
elevated_tree_feed20_end3_dedicated_angled_33ft_az180_none,elevated_tree,20.0,3.0,dedicated_angled,dedicated_angled_33ft_az180,33.0,180.0,19.5,none,20m,14050000,3379.5,189.04,67.8015337851274,0.9412,True
elevated_tree_feed20_end3_dedicated_angled_33ft_az180_none,elevated_tree,20.0,3.0,dedicated_angled,dedicated_angled_33ft_az180,33.0,180.0,19.5,none,17m,18080000,2340.0,36.534,46.81141318535067,0.9054000000000001,True
elevated_tree_feed20_end3_dedicated_angled_33ft_az180_none,elevated_tree,20.0,3.0,dedicated_angled,dedicated_angled_33ft_az180,33.0,180.0,19.5,none,15m,21050000,124.45,-410.3,29.911749920760588,0.8892,True
elevated_tree_feed20_end3_dedicated_angled_33ft_az180_none,elevated_tree,20.0,3.0,dedicated_angled,dedicated_angled_33ft_az180,33.0,180.0,19.5,none,12m,24910000,268.01,688.85,40.93252508169028,0.9015000000000001,True
elevated_tree_feed20_end3_dedicated_angled_33ft_az180_none,elevated_tree,20.0,3.0,dedicated_angled,dedicated_angled_33ft_az180,33.0,180.0,19.5,none,10m,28050000,1496.3,-815.57,38.82431465408472,0.8966,True
elevated_tree_feed20_end3_dedicated_angled_33ft_az180_none,elevated_tree,20.0,3.0,dedicated_angled,dedicated_angled_33ft_az180,33.0,180.0,19.5,none,6m,50100000,149.9,-241.53,11.024267799099981,0.8859,True
elevated_tree_feed20_end3_dedicated_angled_33ft_az90_none,elevated_tree,20.0,3.0,dedicated_angled,dedicated_angled_33ft_az90,33.0,90.0,19.5,none,160m,1850000,8.7647,-1777.1,7212.251803723854,0.7173,True
elevated_tree_feed20_end3_dedicated_angled_33ft_az90_none,elevated_tree,20.0,3.0,dedicated_angled,dedicated_angled_33ft_az90,33.0,90.0,19.5,none,80m,3550000,17.334,-664.69,512.9936242775451,0.7696999999999999,True
elevated_tree_feed20_end3_dedicated_angled_33ft_az90_none,elevated_tree,20.0,3.0,dedicated_angled,dedicated_angled_33ft_az90,33.0,90.0,19.5,none,60m,5357000,42.623,-49.632,2.8277716703195686,0.8359000000000001,True
elevated_tree_feed20_end3_dedicated_angled_33ft_az90_none,elevated_tree,20.0,3.0,dedicated_angled,dedicated_angled_33ft_az90,33.0,90.0,19.5,none,40m,7050000,155.72,643.75,56.64337585453534,0.884,True
elevated_tree_feed20_end3_dedicated_angled_33ft_az90_none,elevated_tree,20.0,3.0,dedicated_angled,dedicated_angled_33ft_az90,33.0,90.0,19.5,none,30m,10120000,366.13,-840.18,45.99763042675357,0.9095,True
elevated_tree_feed20_end3_dedicated_angled_33ft_az90_none,elevated_tree,20.0,3.0,dedicated_angled,dedicated_angled_33ft_az90,33.0,90.0,19.5,none,20m,14050000,3306.7,460.72,67.41812336338047,0.9407,True
elevated_tree_feed20_end3_dedicated_angled_33ft_az90_none,elevated_tree,20.0,3.0,dedicated_angled,dedicated_angled_33ft_az90,33.0,90.0,19.5,none,17m,18080000,2090.6,-172.07,42.09541066054205,0.9166,True
elevated_tree_feed20_end3_dedicated_angled_33ft_az90_none,elevated_tree,20.0,3.0,dedicated_angled,dedicated_angled_33ft_az90,33.0,90.0,19.5,none,15m,21050000,141.01,-401.58,26.009395273793924,0.9112,True
elevated_tree_feed20_end3_dedicated_angled_33ft_az90_none,elevated_tree,20.0,3.0,dedicated_angled,dedicated_angled_33ft_az90,33.0,90.0,19.5,none,12m,24910000,237.83,640.86,39.47890821422223,0.8972,True
elevated_tree_feed20_end3_dedicated_angled_33ft_az90_none,elevated_tree,20.0,3.0,dedicated_angled,dedicated_angled_33ft_az90,33.0,90.0,19.5,none,10m,28050000,1952.5,-977.0,48.832635848278244,0.9106000000000001,True
elevated_tree_feed20_end3_dedicated_angled_33ft_az90_none,elevated_tree,20.0,3.0,dedicated_angled,dedicated_angled_33ft_az90,33.0,90.0,19.5,none,6m,50100000,144.06,-234.79,10.788837037823026,0.8909,True
elevated_tree_feed20_end3_dedicated_angled_37ft_az135_none,elevated_tree,20.0,3.0,dedicated_angled,dedicated_angled_37ft_az135,37.0,135.0,19.5,none,160m,1850000,10.835,-1585.1,4642.656743028832,0.7565000000000001,True
elevated_tree_feed20_end3_dedicated_angled_37ft_az135_none,elevated_tree,20.0,3.0,dedicated_angled,dedicated_angled_37ft_az135,37.0,135.0,19.5,none,80m,3550000,23.026,-546.69,262.2216296492967,0.8139,True
elevated_tree_feed20_end3_dedicated_angled_37ft_az135_none,elevated_tree,20.0,3.0,dedicated_angled,dedicated_angled_37ft_az135,37.0,135.0,19.5,none,60m,5357000,58.376,57.005,2.777298188395628,0.8695999999999999,True
elevated_tree_feed20_end3_dedicated_angled_37ft_az135_none,elevated_tree,20.0,3.0,dedicated_angled,dedicated_angled_37ft_az135,37.0,135.0,19.5,none,40m,7050000,205.29,770.58,62.18251741319995,0.9035,True
elevated_tree_feed20_end3_dedicated_angled_37ft_az135_none,elevated_tree,20.0,3.0,dedicated_angled,dedicated_angled_37ft_az135,37.0,135.0,19.5,none,30m,10120000,366.83,-631.12,29.1550637410023,0.8892,True
elevated_tree_feed20_end3_dedicated_angled_37ft_az135_none,elevated_tree,20.0,3.0,dedicated_angled,dedicated_angled_37ft_az135,37.0,135.0,19.5,none,20m,14050000,489.34,-1163.6,65.21205723001388,0.9288,True
elevated_tree_feed20_end3_dedicated_angled_37ft_az135_none,elevated_tree,20.0,3.0,dedicated_angled,dedicated_angled_37ft_az135,37.0,135.0,19.5,none,17m,18080000,2525.6,190.42,50.799249864752646,0.9087999999999999,True
elevated_tree_feed20_end3_dedicated_angled_37ft_az135_none,elevated_tree,20.0,3.0,dedicated_angled,dedicated_angled_37ft_az135,37.0,135.0,19.5,none,15m,21050000,138.22,-199.45,8.768178238429652,0.8839,True
elevated_tree_feed20_end3_dedicated_angled_37ft_az135_none,elevated_tree,20.0,3.0,dedicated_angled,dedicated_angled_37ft_az135,37.0,135.0,19.5,none,12m,24910000,1247.0,1492.6,60.695052019173076,0.9220999999999999,True
elevated_tree_feed20_end3_dedicated_angled_37ft_az135_none,elevated_tree,20.0,3.0,dedicated_angled,dedicated_angled_37ft_az135,37.0,135.0,19.5,none,10m,28050000,1024.4,-1540.6,66.86016484802985,0.9124,True
elevated_tree_feed20_end3_dedicated_angled_37ft_az135_none,elevated_tree,20.0,3.0,dedicated_angled,dedicated_angled_37ft_az135,37.0,135.0,19.5,none,6m,50100000,337.79,362.21,14.603251172459697,0.8937,True
elevated_tree_feed20_end3_dedicated_angled_37ft_az180_none,elevated_tree,20.0,3.0,dedicated_angled,dedicated_angled_37ft_az180,37.0,180.0,19.5,none,160m,1850000,11.419,-1567.7,4309.157633879855,0.7683,True
elevated_tree_feed20_end3_dedicated_angled_37ft_az180_none,elevated_tree,20.0,3.0,dedicated_angled,dedicated_angled_37ft_az180,37.0,180.0,19.5,none,80m,3550000,24.601,-536.87,236.8435531793894,0.8251000000000001,True
elevated_tree_feed20_end3_dedicated_angled_37ft_az180_none,elevated_tree,20.0,3.0,dedicated_angled,dedicated_angled_37ft_az180,37.0,180.0,19.5,none,60m,5357000,62.546,64.014,3.0307044414210758,0.8776999999999999,True
elevated_tree_feed20_end3_dedicated_angled_37ft_az180_none,elevated_tree,20.0,3.0,dedicated_angled,dedicated_angled_37ft_az180,37.0,180.0,19.5,none,40m,7050000,216.92,773.12,59.661352394628054,0.9081999999999999,True
elevated_tree_feed20_end3_dedicated_angled_37ft_az180_none,elevated_tree,20.0,3.0,dedicated_angled,dedicated_angled_37ft_az180,37.0,180.0,19.5,none,30m,10120000,348.12,-612.77,28.64339468754106,0.8820999999999999,True
elevated_tree_feed20_end3_dedicated_angled_37ft_az180_none,elevated_tree,20.0,3.0,dedicated_angled,dedicated_angled_37ft_az180,37.0,180.0,19.5,none,20m,14050000,470.32,-1168.7,67.58005697909432,0.9248000000000001,True
elevated_tree_feed20_end3_dedicated_angled_37ft_az180_none,elevated_tree,20.0,3.0,dedicated_angled,dedicated_angled_37ft_az180,37.0,180.0,19.5,none,17m,18080000,2567.5,143.03,51.50941825304913,0.9087999999999999,True
elevated_tree_feed20_end3_dedicated_angled_37ft_az180_none,elevated_tree,20.0,3.0,dedicated_angled,dedicated_angled_37ft_az180,37.0,180.0,19.5,none,15m,21050000,125.51,-191.03,8.607464668134138,0.8695,True
elevated_tree_feed20_end3_dedicated_angled_37ft_az180_none,elevated_tree,20.0,3.0,dedicated_angled,dedicated_angled_37ft_az180,37.0,180.0,19.5,none,12m,24910000,1313.0,1426.9,57.29423869812373,0.9279000000000001,True
elevated_tree_feed20_end3_dedicated_angled_37ft_az180_none,elevated_tree,20.0,3.0,dedicated_angled,dedicated_angled_37ft_az180,37.0,180.0,19.5,none,10m,28050000,1100.3,-1542.1,65.26201060450002,0.9146,True
elevated_tree_feed20_end3_dedicated_angled_37ft_az180_none,elevated_tree,20.0,3.0,dedicated_angled,dedicated_angled_37ft_az180,37.0,180.0,19.5,none,6m,50100000,319.24,387.04,15.863169339908962,0.8826999999999999,True
elevated_tree_feed20_end3_dedicated_angled_37ft_az90_none,elevated_tree,20.0,3.0,dedicated_angled,dedicated_angled_37ft_az90,37.0,90.0,19.5,none,160m,1850000,9.1418,-1644.3,5920.728927135496,0.7145,True
elevated_tree_feed20_end3_dedicated_angled_37ft_az90_none,elevated_tree,20.0,3.0,dedicated_angled,dedicated_angled_37ft_az90,37.0,90.0,19.5,none,80m,3550000,18.508,-579.82,366.36184627831074,0.7715000000000001,True
elevated_tree_feed20_end3_dedicated_angled_37ft_az90_none,elevated_tree,20.0,3.0,dedicated_angled,dedicated_angled_37ft_az90,37.0,90.0,19.5,none,60m,5357000,46.23,32.921,1.9665010471123885,0.8382999999999999,True
elevated_tree_feed20_end3_dedicated_angled_37ft_az90_none,elevated_tree,20.0,3.0,dedicated_angled,dedicated_angled_37ft_az90,37.0,90.0,19.5,none,40m,7050000,169.14,756.99,71.4229386735923,0.8853,True
elevated_tree_feed20_end3_dedicated_angled_37ft_az90_none,elevated_tree,20.0,3.0,dedicated_angled,dedicated_angled_37ft_az90,37.0,90.0,19.5,none,30m,10120000,437.22,-669.13,29.30562734343498,0.9102,True
elevated_tree_feed20_end3_dedicated_angled_37ft_az90_none,elevated_tree,20.0,3.0,dedicated_angled,dedicated_angled_37ft_az90,37.0,90.0,19.5,none,20m,14050000,532.7,-1135.8,59.1650365527643,0.9376000000000001,True
elevated_tree_feed20_end3_dedicated_angled_37ft_az90_none,elevated_tree,20.0,3.0,dedicated_angled,dedicated_angled_37ft_az90,37.0,90.0,19.5,none,17m,18080000,2356.8,170.03,47.38144425782408,0.9140999999999999,True
elevated_tree_feed20_end3_dedicated_angled_37ft_az90_none,elevated_tree,20.0,3.0,dedicated_angled,dedicated_angled_37ft_az90,37.0,90.0,19.5,none,15m,21050000,164.18,-200.28,8.354806012077308,0.9077,True
elevated_tree_feed20_end3_dedicated_angled_37ft_az90_none,elevated_tree,20.0,3.0,dedicated_angled,dedicated_angled_37ft_az90,37.0,90.0,19.5,none,12m,24910000,1106.8,1501.8,62.9206714821989,0.9167000000000001,True
elevated_tree_feed20_end3_dedicated_angled_37ft_az90_none,elevated_tree,20.0,3.0,dedicated_angled,dedicated_angled_37ft_az90,37.0,90.0,19.5,none,10m,28050000,885.03,-1636.6,78.27242711677114,0.9035,True
elevated_tree_feed20_end3_dedicated_angled_37ft_az90_none,elevated_tree,20.0,3.0,dedicated_angled,dedicated_angled_37ft_az90,37.0,90.0,19.5,none,6m,50100000,347.06,354.78,14.268617908047096,0.9013,True
elevated_tree_feed20_end3_dedicated_angled_41ft_az135_none,elevated_tree,20.0,3.0,dedicated_angled,dedicated_angled_41ft_az135,41.0,135.0,19.5,none,160m,1850000,11.415,-1480.9,3847.0345402790886,0.7570999999999999,True
elevated_tree_feed20_end3_dedicated_angled_41ft_az135_none,elevated_tree,20.0,3.0,dedicated_angled,dedicated_angled_41ft_az135,41.0,135.0,19.5,none,80m,3550000,24.906,-475.7,184.21588278532832,0.8177,True
elevated_tree_feed20_end3_dedicated_angled_41ft_az135_none,elevated_tree,20.0,3.0,dedicated_angled,dedicated_angled_41ft_az135,41.0,135.0,19.5,none,60m,5357000,64.689,133.89,7.47530936864726,0.8734999999999999,True
elevated_tree_feed20_end3_dedicated_angled_41ft_az135_none,elevated_tree,20.0,3.0,dedicated_angled,dedicated_angled_41ft_az135,41.0,135.0,19.5,none,40m,7050000,231.43,890.92,73.42528589439925,0.9067000000000001,True
elevated_tree_feed20_end3_dedicated_angled_41ft_az135_none,elevated_tree,20.0,3.0,dedicated_angled,dedicated_angled_41ft_az135,41.0,135.0,19.5,none,30m,10120000,560.42,-260.68,13.649467836698774,0.8922,True
elevated_tree_feed20_end3_dedicated_angled_41ft_az135_none,elevated_tree,20.0,3.0,dedicated_angled,dedicated_angled_41ft_az135,41.0,135.0,19.5,none,20m,14050000,154.44,-547.27,42.17470486513532,0.9012,True
elevated_tree_feed20_end3_dedicated_angled_41ft_az135_none,elevated_tree,20.0,3.0,dedicated_angled,dedicated_angled_41ft_az135,41.0,135.0,19.5,none,17m,18080000,2736.7,256.1,55.21347469609354,0.9113,True
elevated_tree_feed20_end3_dedicated_angled_41ft_az135_none,elevated_tree,20.0,3.0,dedicated_angled,dedicated_angled_41ft_az135,41.0,135.0,19.5,none,15m,21050000,236.62,138.98,6.420572584951274,0.8872,True
elevated_tree_feed20_end3_dedicated_angled_41ft_az135_none,elevated_tree,20.0,3.0,dedicated_angled,dedicated_angled_41ft_az135,41.0,135.0,19.5,none,12m,24910000,527.56,-718.34,30.17506041371949,0.9129999999999999,True
elevated_tree_feed20_end3_dedicated_angled_41ft_az135_none,elevated_tree,20.0,3.0,dedicated_angled,dedicated_angled_41ft_az135,41.0,135.0,19.5,none,10m,28050000,1039.1,-1260.6,51.39698417907913,0.9012,True
elevated_tree_feed20_end3_dedicated_angled_41ft_az135_none,elevated_tree,20.0,3.0,dedicated_angled,dedicated_angled_41ft_az135,41.0,135.0,19.5,none,6m,50100000,247.64,-516.88,26.694125070188235,0.9004000000000001,True
elevated_tree_feed20_end3_dedicated_angled_41ft_az180_none,elevated_tree,20.0,3.0,dedicated_angled,dedicated_angled_41ft_az180,41.0,180.0,19.5,none,160m,1850000,12.047,-1464.2,3563.5869530667687,0.7692,True
elevated_tree_feed20_end3_dedicated_angled_41ft_az180_none,elevated_tree,20.0,3.0,dedicated_angled,dedicated_angled_41ft_az180,41.0,180.0,19.5,none,80m,3550000,26.644,-466.25,165.58393617292475,0.8290000000000001,True
elevated_tree_feed20_end3_dedicated_angled_41ft_az180_none,elevated_tree,20.0,3.0,dedicated_angled,dedicated_angled_41ft_az180,41.0,180.0,19.5,none,60m,5357000,69.395,140.4,7.6589946223326395,0.8815999999999999,True
elevated_tree_feed20_end3_dedicated_angled_41ft_az180_none,elevated_tree,20.0,3.0,dedicated_angled,dedicated_angled_41ft_az180,41.0,180.0,19.5,none,40m,7050000,244.81,891.45,70.00859407542008,0.9115000000000001,True
elevated_tree_feed20_end3_dedicated_angled_41ft_az180_none,elevated_tree,20.0,3.0,dedicated_angled,dedicated_angled_41ft_az180,41.0,180.0,19.5,none,30m,10120000,538.51,-222.94,12.629788095458771,0.8859999999999999,True
elevated_tree_feed20_end3_dedicated_angled_41ft_az180_none,elevated_tree,20.0,3.0,dedicated_angled,dedicated_angled_41ft_az180,41.0,180.0,19.5,none,20m,14050000,143.94,-543.22,44.20506914238369,0.892,True
elevated_tree_feed20_end3_dedicated_angled_41ft_az180_none,elevated_tree,20.0,3.0,dedicated_angled,dedicated_angled_41ft_az180,41.0,180.0,19.5,none,17m,18080000,2735.8,178.96,54.95020818095535,0.9120999999999999,True
elevated_tree_feed20_end3_dedicated_angled_41ft_az180_none,elevated_tree,20.0,3.0,dedicated_angled,dedicated_angled_41ft_az180,41.0,180.0,19.5,none,15m,21050000,225.12,165.96,7.029176477812976,0.8786,True
elevated_tree_feed20_end3_dedicated_angled_41ft_az180_none,elevated_tree,20.0,3.0,dedicated_angled,dedicated_angled_41ft_az180,41.0,180.0,19.5,none,12m,24910000,483.52,-718.98,31.123720214477746,0.9033,True
elevated_tree_feed20_end3_dedicated_angled_41ft_az180_none,elevated_tree,20.0,3.0,dedicated_angled,dedicated_angled_41ft_az180,41.0,180.0,19.5,none,10m,28050000,1054.9,-1291.7,52.759563485353425,0.9002,True
elevated_tree_feed20_end3_dedicated_angled_41ft_az180_none,elevated_tree,20.0,3.0,dedicated_angled,dedicated_angled_41ft_az180,41.0,180.0,19.5,none,6m,50100000,250.47,-535.67,28.085732202341987,0.8967,True
elevated_tree_feed20_end3_dedicated_angled_41ft_az90_none,elevated_tree,20.0,3.0,dedicated_angled,dedicated_angled_41ft_az90,41.0,90.0,19.5,none,160m,1850000,9.5682,-1538.5,4953.018757679301,0.7132999999999999,True
elevated_tree_feed20_end3_dedicated_angled_41ft_az90_none,elevated_tree,20.0,3.0,dedicated_angled,dedicated_angled_41ft_az90,41.0,90.0,19.5,none,80m,3550000,19.872,-507.79,262.42129046482404,0.7745000000000001,True
elevated_tree_feed20_end3_dedicated_angled_41ft_az90_none,elevated_tree,20.0,3.0,dedicated_angled,dedicated_angled_41ft_az90,41.0,90.0,19.5,none,60m,5357000,50.778,111.1,6.7129086100299595,0.8416,True
elevated_tree_feed20_end3_dedicated_angled_41ft_az90_none,elevated_tree,20.0,3.0,dedicated_angled,dedicated_angled_41ft_az90,41.0,90.0,19.5,none,40m,7050000,188.44,882.48,86.67712605966362,0.8874,True
elevated_tree_feed20_end3_dedicated_angled_41ft_az90_none,elevated_tree,20.0,3.0,dedicated_angled,dedicated_angled_41ft_az90,41.0,90.0,19.5,none,30m,10120000,665.22,-352.62,17.059282115850525,0.9131,True
elevated_tree_feed20_end3_dedicated_angled_41ft_az90_none,elevated_tree,20.0,3.0,dedicated_angled,dedicated_angled_41ft_az90,41.0,90.0,19.5,none,20m,14050000,179.84,-546.68,37.083960320374096,0.9198999999999999,True
elevated_tree_feed20_end3_dedicated_angled_41ft_az90_none,elevated_tree,20.0,3.0,dedicated_angled,dedicated_angled_41ft_az90,41.0,90.0,19.5,none,17m,18080000,2617.5,382.75,53.46977014548819,0.9131999999999999,True
elevated_tree_feed20_end3_dedicated_angled_41ft_az90_none,elevated_tree,20.0,3.0,dedicated_angled,dedicated_angled_41ft_az90,41.0,90.0,19.5,none,15m,21050000,292.35,108.38,6.671714089965389,0.9133,True
elevated_tree_feed20_end3_dedicated_angled_41ft_az90_none,elevated_tree,20.0,3.0,dedicated_angled,dedicated_angled_41ft_az90,41.0,90.0,19.5,none,12m,24910000,596.08,-681.49,27.55194766111959,0.9251999999999999,True
elevated_tree_feed20_end3_dedicated_angled_41ft_az90_none,elevated_tree,20.0,3.0,dedicated_angled,dedicated_angled_41ft_az90,41.0,90.0,19.5,none,10m,28050000,968.22,-1242.2,51.27071502701592,0.9024,True
elevated_tree_feed20_end3_dedicated_angled_41ft_az90_none,elevated_tree,20.0,3.0,dedicated_angled,dedicated_angled_41ft_az90,41.0,90.0,19.5,none,6m,50100000,234.99,-517.74,27.69059909103043,0.8992,True
elevated_tree_feed20_end3_dedicated_angled_45ft_az135_none,elevated_tree,20.0,3.0,dedicated_angled,dedicated_angled_45ft_az135,45.0,135.0,19.5,none,160m,1850000,11.98,-1390.6,3232.7407263899877,0.7573000000000001,True
elevated_tree_feed20_end3_dedicated_angled_45ft_az135_none,elevated_tree,20.0,3.0,dedicated_angled,dedicated_angled_45ft_az135,45.0,135.0,19.5,none,80m,3550000,26.868,-411.83,128.64031208301344,0.8209000000000001,True
elevated_tree_feed20_end3_dedicated_angled_45ft_az135_none,elevated_tree,20.0,3.0,dedicated_angled,dedicated_angled_45ft_az135,45.0,135.0,19.5,none,60m,5357000,72.066,209.28,14.219805920415613,0.8769,True
elevated_tree_feed20_end3_dedicated_angled_45ft_az135_none,elevated_tree,20.0,3.0,dedicated_angled,dedicated_angled_45ft_az135,45.0,135.0,19.5,none,40m,7050000,268.06,1029.3,84.5822720658431,0.9096,True
elevated_tree_feed20_end3_dedicated_angled_45ft_az135_none,elevated_tree,20.0,3.0,dedicated_angled,dedicated_angled_45ft_az135,45.0,135.0,19.5,none,30m,10120000,2171.8,221.99,43.89005123024892,0.9101,True
elevated_tree_feed20_end3_dedicated_angled_45ft_az135_none,elevated_tree,20.0,3.0,dedicated_angled,dedicated_angled_45ft_az135,45.0,135.0,19.5,none,20m,14050000,98.844,-261.74,16.283122335963842,0.8775,True
elevated_tree_feed20_end3_dedicated_angled_45ft_az135_none,elevated_tree,20.0,3.0,dedicated_angled,dedicated_angled_45ft_az135,45.0,135.0,19.5,none,17m,18080000,2972.3,278.15,59.966735671738746,0.9143000000000001,True
elevated_tree_feed20_end3_dedicated_angled_45ft_az135_none,elevated_tree,20.0,3.0,dedicated_angled,dedicated_angled_45ft_az135,45.0,135.0,19.5,none,15m,21050000,1859.5,479.83,39.668010225601826,0.9161,True
elevated_tree_feed20_end3_dedicated_angled_45ft_az135_none,elevated_tree,20.0,3.0,dedicated_angled,dedicated_angled_45ft_az135,45.0,135.0,19.5,none,12m,24910000,182.42,-9.8375,3.659869231521131,0.8785,True
elevated_tree_feed20_end3_dedicated_angled_45ft_az135_none,elevated_tree,20.0,3.0,dedicated_angled,dedicated_angled_45ft_az135,45.0,135.0,19.5,none,10m,28050000,1097.3,-1134.8,45.441191019289015,0.8972,True
elevated_tree_feed20_end3_dedicated_angled_45ft_az135_none,elevated_tree,20.0,3.0,dedicated_angled,dedicated_angled_45ft_az135,45.0,135.0,19.5,none,6m,50100000,175.03,25.55,3.5816582427060464,0.8753,True
elevated_tree_feed20_end3_dedicated_angled_45ft_az180_none,elevated_tree,20.0,3.0,dedicated_angled,dedicated_angled_45ft_az180,45.0,180.0,19.5,none,160m,1850000,12.653,-1374.4,2990.0185676462925,0.7695000000000001,True
elevated_tree_feed20_end3_dedicated_angled_45ft_az180_none,elevated_tree,20.0,3.0,dedicated_angled,dedicated_angled_45ft_az180,45.0,180.0,19.5,none,80m,3550000,28.755,-402.76,115.13126740079599,0.8320000000000001,True
elevated_tree_feed20_end3_dedicated_angled_45ft_az180_none,elevated_tree,20.0,3.0,dedicated_angled,dedicated_angled_45ft_az180,45.0,180.0,19.5,none,60m,5357000,77.302,215.24,14.108275862132693,0.8847,True
elevated_tree_feed20_end3_dedicated_angled_45ft_az180_none,elevated_tree,20.0,3.0,dedicated_angled,dedicated_angled_45ft_az180,45.0,180.0,19.5,none,40m,7050000,283.36,1027.2,80.3046514302341,0.9144,True
elevated_tree_feed20_end3_dedicated_angled_45ft_az180_none,elevated_tree,20.0,3.0,dedicated_angled,dedicated_angled_45ft_az180,45.0,180.0,19.5,none,30m,10120000,2225.0,310.96,45.36960934519902,0.9081,True
elevated_tree_feed20_end3_dedicated_angled_45ft_az180_none,elevated_tree,20.0,3.0,dedicated_angled,dedicated_angled_45ft_az180,45.0,180.0,19.5,none,20m,14050000,93.727,-254.29,16.14430758338126,0.8684999999999999,True
elevated_tree_feed20_end3_dedicated_angled_45ft_az180_none,elevated_tree,20.0,3.0,dedicated_angled,dedicated_angled_45ft_az180,45.0,180.0,19.5,none,17m,18080000,2912.4,184.7,58.482336680488345,0.9158,True
elevated_tree_feed20_end3_dedicated_angled_45ft_az180_none,elevated_tree,20.0,3.0,dedicated_angled,dedicated_angled_45ft_az180,45.0,180.0,19.5,none,15m,21050000,1941.1,495.51,41.3533811097115,0.9163,True
elevated_tree_feed20_end3_dedicated_angled_45ft_az180_none,elevated_tree,20.0,3.0,dedicated_angled,dedicated_angled_45ft_az180,45.0,180.0,19.5,none,12m,24910000,166.38,9.5719,3.3397025180304607,0.8625,True
elevated_tree_feed20_end3_dedicated_angled_45ft_az180_none,elevated_tree,20.0,3.0,dedicated_angled,dedicated_angled_45ft_az180,45.0,180.0,19.5,none,10m,28050000,1071.4,-1164.8,46.78013544552317,0.8936,True
elevated_tree_feed20_end3_dedicated_angled_45ft_az180_none,elevated_tree,20.0,3.0,dedicated_angled,dedicated_angled_45ft_az180,45.0,180.0,19.5,none,6m,50100000,157.24,30.052,3.272037118539734,0.8545,True
elevated_tree_feed20_end3_dedicated_angled_45ft_az90_none,elevated_tree,20.0,3.0,dedicated_angled,dedicated_angled_45ft_az90,45.0,90.0,19.5,none,160m,1850000,10.002,-1446.3,4187.929635250399,0.7121999999999999,True
elevated_tree_feed20_end3_dedicated_angled_45ft_az90_none,elevated_tree,20.0,3.0,dedicated_angled,dedicated_angled_45ft_az90,45.0,90.0,19.5,none,80m,3550000,21.362,-442.78,186.316572163629,0.7776000000000001,True
elevated_tree_feed20_end3_dedicated_angled_45ft_az90_none,elevated_tree,20.0,3.0,dedicated_angled,dedicated_angled_45ft_az90,45.0,90.0,19.5,none,60m,5357000,56.373,188.01,14.486047698922977,0.8452,True
elevated_tree_feed20_end3_dedicated_angled_45ft_az90_none,elevated_tree,20.0,3.0,dedicated_angled,dedicated_angled_45ft_az90,45.0,90.0,19.5,none,40m,7050000,217.15,1028.0,101.89560832309014,0.8898,True
elevated_tree_feed20_end3_dedicated_angled_45ft_az90_none,elevated_tree,20.0,3.0,dedicated_angled,dedicated_angled_45ft_az90,45.0,90.0,19.5,none,30m,10120000,2126.7,-125.17,42.68142242861343,0.9204000000000001,True
elevated_tree_feed20_end3_dedicated_angled_45ft_az90_none,elevated_tree,20.0,3.0,dedicated_angled,dedicated_angled_45ft_az90,45.0,90.0,19.5,none,20m,14050000,113.98,-271.83,15.61995710566561,0.8995000000000001,True
elevated_tree_feed20_end3_dedicated_angled_45ft_az90_none,elevated_tree,20.0,3.0,dedicated_angled,dedicated_angled_45ft_az90,45.0,90.0,19.5,none,17m,18080000,2971.0,564.53,61.56595261727921,0.9125,True
elevated_tree_feed20_end3_dedicated_angled_45ft_az90_none,elevated_tree,20.0,3.0,dedicated_angled,dedicated_angled_45ft_az90,45.0,90.0,19.5,none,15m,21050000,1765.9,268.43,36.13470727959036,0.924,True
elevated_tree_feed20_end3_dedicated_angled_45ft_az90_none,elevated_tree,20.0,3.0,dedicated_angled,dedicated_angled_45ft_az90,45.0,90.0,19.5,none,12m,24910000,220.52,-15.138,4.432304027542978,0.9054000000000001,True
elevated_tree_feed20_end3_dedicated_angled_45ft_az90_none,elevated_tree,20.0,3.0,dedicated_angled,dedicated_angled_45ft_az90,45.0,90.0,19.5,none,10m,28050000,1097.6,-1073.5,42.97286671066073,0.9028,True
elevated_tree_feed20_end3_dedicated_angled_45ft_az90_none,elevated_tree,20.0,3.0,dedicated_angled,dedicated_angled_45ft_az90,45.0,90.0,19.5,none,6m,50100000,175.55,24.683,3.5863983519445353,0.8826,True
elevated_tree_feed20_end3_dedicated_angled_49ft_az135_none,elevated_tree,20.0,3.0,dedicated_angled,dedicated_angled_49ft_az135,49.0,135.0,19.5,none,160m,1850000,12.559,-1313.3,2750.87887603859,0.7575,True
elevated_tree_feed20_end3_dedicated_angled_49ft_az135_none,elevated_tree,20.0,3.0,dedicated_angled,dedicated_angled_49ft_az135,49.0,135.0,19.5,none,80m,3550000,29.006,-353.9,88.65076076281974,0.8238,True
elevated_tree_feed20_end3_dedicated_angled_49ft_az135_none,elevated_tree,20.0,3.0,dedicated_angled,dedicated_angled_49ft_az135,49.0,135.0,19.5,none,60m,5357000,81.193,286.46,22.408451178100464,0.8798999999999999,True
elevated_tree_feed20_end3_dedicated_angled_49ft_az135_none,elevated_tree,20.0,3.0,dedicated_angled,dedicated_angled_49ft_az135,49.0,135.0,19.5,none,40m,7050000,326.09,1205.0,95.72138705358253,0.9123,True
elevated_tree_feed20_end3_dedicated_angled_49ft_az135_none,elevated_tree,20.0,3.0,dedicated_angled,dedicated_angled_49ft_az135,49.0,135.0,19.5,none,30m,10120000,1128.4,-2344.1,119.99505820578368,0.9265000000000001,True
elevated_tree_feed20_end3_dedicated_angled_49ft_az135_none,elevated_tree,20.0,3.0,dedicated_angled,dedicated_angled_49ft_az135,49.0,135.0,19.5,none,20m,14050000,91.364,-69.023,3.0942624364000246,0.8693000000000001,True
elevated_tree_feed20_end3_dedicated_angled_49ft_az135_none,elevated_tree,20.0,3.0,dedicated_angled,dedicated_angled_49ft_az135,49.0,135.0,19.5,none,17m,18080000,3397.1,168.11,68.10841889083083,0.9201,True
elevated_tree_feed20_end3_dedicated_angled_49ft_az135_none,elevated_tree,20.0,3.0,dedicated_angled,dedicated_angled_49ft_az135,49.0,135.0,19.5,none,15m,21050000,414.43,-1019.1,58.512313093360774,0.9227,True
elevated_tree_feed20_end3_dedicated_angled_49ft_az135_none,elevated_tree,20.0,3.0,dedicated_angled,dedicated_angled_49ft_az135,49.0,135.0,19.5,none,12m,24910000,182.03,329.56,15.785104280407547,0.8754000000000001,True
elevated_tree_feed20_end3_dedicated_angled_49ft_az135_none,elevated_tree,20.0,3.0,dedicated_angled,dedicated_angled_49ft_az135,49.0,135.0,19.5,none,10m,28050000,1273.6,-970.84,40.28747841704086,0.8946,True
elevated_tree_feed20_end3_dedicated_angled_49ft_az135_none,elevated_tree,20.0,3.0,dedicated_angled,dedicated_angled_49ft_az135,49.0,135.0,19.5,none,6m,50100000,1255.6,-784.17,34.91806348515482,0.8981,True
elevated_tree_feed20_end3_dedicated_angled_49ft_az180_none,elevated_tree,20.0,3.0,dedicated_angled,dedicated_angled_49ft_az180,49.0,180.0,19.5,none,160m,1850000,13.269,-1297.7,2542.318329035658,0.7698,True
elevated_tree_feed20_end3_dedicated_angled_49ft_az180_none,elevated_tree,20.0,3.0,dedicated_angled,dedicated_angled_49ft_az180,49.0,180.0,19.5,none,80m,3550000,31.034,-345.18,79.00541414569447,0.8347,True
elevated_tree_feed20_end3_dedicated_angled_49ft_az180_none,elevated_tree,20.0,3.0,dedicated_angled,dedicated_angled_49ft_az180,49.0,180.0,19.5,none,60m,5357000,86.978,291.81,21.849020519314642,0.8875,True
elevated_tree_feed20_end3_dedicated_angled_49ft_az180_none,elevated_tree,20.0,3.0,dedicated_angled,dedicated_angled_49ft_az180,49.0,180.0,19.5,none,40m,7050000,343.6,1199.1,90.6992056277659,0.9168000000000001,True
elevated_tree_feed20_end3_dedicated_angled_49ft_az180_none,elevated_tree,20.0,3.0,dedicated_angled,dedicated_angled_49ft_az180,49.0,180.0,19.5,none,30m,10120000,1153.9,-2356.6,119.3702303802422,0.9261,True
elevated_tree_feed20_end3_dedicated_angled_49ft_az180_none,elevated_tree,20.0,3.0,dedicated_angled,dedicated_angled_49ft_az180,49.0,180.0,19.5,none,20m,14050000,90.579,-59.738,2.7935801070498174,0.8661,True
elevated_tree_feed20_end3_dedicated_angled_49ft_az180_none,elevated_tree,20.0,3.0,dedicated_angled,dedicated_angled_49ft_az180,49.0,180.0,19.5,none,17m,18080000,3223.9,100.67,64.54088585124846,0.9224,True
elevated_tree_feed20_end3_dedicated_angled_49ft_az180_none,elevated_tree,20.0,3.0,dedicated_angled,dedicated_angled_49ft_az180,49.0,180.0,19.5,none,15m,21050000,418.59,-1037.3,59.88482200702612,0.9201,True
elevated_tree_feed20_end3_dedicated_angled_49ft_az180_none,elevated_tree,20.0,3.0,dedicated_angled,dedicated_angled_49ft_az180,49.0,180.0,19.5,none,12m,24910000,186.82,351.36,17.162111299301927,0.8756,True
elevated_tree_feed20_end3_dedicated_angled_49ft_az180_none,elevated_tree,20.0,3.0,dedicated_angled,dedicated_angled_49ft_az180,49.0,180.0,19.5,none,10m,28050000,1177.6,-957.25,39.131532839879384,0.8867,True
elevated_tree_feed20_end3_dedicated_angled_49ft_az180_none,elevated_tree,20.0,3.0,dedicated_angled,dedicated_angled_49ft_az180,49.0,180.0,19.5,none,6m,50100000,1294.1,-812.84,36.10403359208608,0.8981999999999999,True
elevated_tree_feed20_end3_dedicated_angled_49ft_az90_none,elevated_tree,20.0,3.0,dedicated_angled,dedicated_angled_49ft_az90,49.0,90.0,19.5,none,160m,1850000,10.466,-1367.4,3578.0472977322443,0.7119,True
elevated_tree_feed20_end3_dedicated_angled_49ft_az90_none,elevated_tree,20.0,3.0,dedicated_angled,dedicated_angled_49ft_az90,49.0,90.0,19.5,none,80m,3550000,23.05,-383.75,130.4004571286768,0.7811,True
elevated_tree_feed20_end3_dedicated_angled_49ft_az90_none,elevated_tree,20.0,3.0,dedicated_angled,dedicated_angled_49ft_az90,49.0,90.0,19.5,none,60m,5357000,63.614,266.89,24.411833788088806,0.8492000000000001,True
elevated_tree_feed20_end3_dedicated_angled_49ft_az90_none,elevated_tree,20.0,3.0,dedicated_angled,dedicated_angled_49ft_az90,49.0,90.0,19.5,none,40m,7050000,265.29,1214.2,116.6306075037854,0.8929,True
elevated_tree_feed20_end3_dedicated_angled_49ft_az90_none,elevated_tree,20.0,3.0,dedicated_angled,dedicated_angled_49ft_az90,49.0,90.0,19.5,none,30m,10120000,1025.1,-2335.8,126.99030409733084,0.9254000000000001,True
elevated_tree_feed20_end3_dedicated_angled_49ft_az90_none,elevated_tree,20.0,3.0,dedicated_angled,dedicated_angled_49ft_az90,49.0,90.0,19.5,none,20m,14050000,98.658,-85.78,3.70145715411714,0.8852,True
elevated_tree_feed20_end3_dedicated_angled_49ft_az90_none,elevated_tree,20.0,3.0,dedicated_angled,dedicated_angled_49ft_az90,49.0,90.0,19.5,none,17m,18080000,3783.2,625.63,77.73356786084514,0.912,True
elevated_tree_feed20_end3_dedicated_angled_49ft_az90_none,elevated_tree,20.0,3.0,dedicated_angled,dedicated_angled_49ft_az90,49.0,90.0,19.5,none,15m,21050000,368.8,-1005.7,62.345453288076335,0.9196,True
elevated_tree_feed20_end3_dedicated_angled_49ft_az90_none,elevated_tree,20.0,3.0,dedicated_angled,dedicated_angled_49ft_az90,49.0,90.0,19.5,none,12m,24910000,197.95,308.53,13.756553486483297,0.8926000000000001,True
elevated_tree_feed20_end3_dedicated_angled_49ft_az90_none,elevated_tree,20.0,3.0,dedicated_angled,dedicated_angled_49ft_az90,49.0,90.0,19.5,none,10m,28050000,1435.0,-909.42,40.236746209360426,0.9039,True
elevated_tree_feed20_end3_dedicated_angled_49ft_az90_none,elevated_tree,20.0,3.0,dedicated_angled,dedicated_angled_49ft_az90,49.0,90.0,19.5,none,6m,50100000,1214.3,-780.03,34.31939676724308,0.9017000000000001,True
elevated_tree_feed20_end3_dedicated_angled_53ft_az135_none,elevated_tree,20.0,3.0,dedicated_angled,dedicated_angled_53ft_az135,53.0,135.0,19.5,none,160m,1850000,13.156,-1246.1,2364.6062817724473,0.7576999999999999,True
elevated_tree_feed20_end3_dedicated_angled_53ft_az135_none,elevated_tree,20.0,3.0,dedicated_angled,dedicated_angled_53ft_az135,53.0,135.0,19.5,none,80m,3550000,31.363,-300.14,59.65077864058749,0.8266,True
elevated_tree_feed20_end3_dedicated_angled_53ft_az135_none,elevated_tree,20.0,3.0,dedicated_angled,dedicated_angled_53ft_az135,53.0,135.0,19.5,none,60m,5357000,92.927,368.81,31.63975847758481,0.8828,True
elevated_tree_feed20_end3_dedicated_angled_53ft_az135_none,elevated_tree,20.0,3.0,dedicated_angled,dedicated_angled_53ft_az135,53.0,135.0,19.5,none,40m,7050000,432.05,1451.6,106.28892578697722,0.9144,True
elevated_tree_feed20_end3_dedicated_angled_53ft_az135_none,elevated_tree,20.0,3.0,dedicated_angled,dedicated_angled_53ft_az135,53.0,135.0,19.5,none,30m,10120000,467.73,-1738.7,138.72022129716575,0.9213,True
elevated_tree_feed20_end3_dedicated_angled_53ft_az135_none,elevated_tree,20.0,3.0,dedicated_angled,dedicated_angled_53ft_az135,53.0,135.0,19.5,none,20m,14050000,105.94,103.21,4.37310161475114,0.8742,True
elevated_tree_feed20_end3_dedicated_angled_53ft_az135_none,elevated_tree,20.0,3.0,dedicated_angled,dedicated_angled_53ft_az135,53.0,135.0,19.5,none,17m,18080000,3529.3,-1376.9,81.3313824062358,0.9323999999999999,True
elevated_tree_feed20_end3_dedicated_angled_53ft_az135_none,elevated_tree,20.0,3.0,dedicated_angled,dedicated_angled_53ft_az135,53.0,135.0,19.5,none,15m,21050000,180.08,-601.06,43.98014229674961,0.9037999999999999,True
elevated_tree_feed20_end3_dedicated_angled_53ft_az135_none,elevated_tree,20.0,3.0,dedicated_angled,dedicated_angled_53ft_az135,53.0,135.0,19.5,none,12m,24910000,303.08,702.6,38.77612768504725,0.8913,True
elevated_tree_feed20_end3_dedicated_angled_53ft_az135_none,elevated_tree,20.0,3.0,dedicated_angled,dedicated_angled_53ft_az135,53.0,135.0,19.5,none,10m,28050000,1325.9,-1788.1,74.77073348362859,0.9181999999999999,True
elevated_tree_feed20_end3_dedicated_angled_53ft_az135_none,elevated_tree,20.0,3.0,dedicated_angled,dedicated_angled_53ft_az135,53.0,135.0,19.5,none,6m,50100000,160.86,-189.7,7.875261744624631,0.873,True
elevated_tree_feed20_end3_dedicated_angled_53ft_az180_none,elevated_tree,20.0,3.0,dedicated_angled,dedicated_angled_53ft_az180,53.0,180.0,19.5,none,160m,1850000,13.898,-1230.9,2184.210168739231,0.77,True
elevated_tree_feed20_end3_dedicated_angled_53ft_az180_none,elevated_tree,20.0,3.0,dedicated_angled,dedicated_angled_53ft_az180,53.0,180.0,19.5,none,80m,3550000,33.528,-291.76,52.92075091204705,0.8371999999999999,True
elevated_tree_feed20_end3_dedicated_angled_53ft_az180_none,elevated_tree,20.0,3.0,dedicated_angled,dedicated_angled_53ft_az180,53.0,180.0,19.5,none,60m,5357000,99.301,373.46,30.547633057727026,0.8898999999999999,True
elevated_tree_feed20_end3_dedicated_angled_53ft_az180_none,elevated_tree,20.0,3.0,dedicated_angled,dedicated_angled_53ft_az180,53.0,180.0,19.5,none,40m,7050000,452.11,1439.5,100.80907130421441,0.9185,True
elevated_tree_feed20_end3_dedicated_angled_53ft_az180_none,elevated_tree,20.0,3.0,dedicated_angled,dedicated_angled_53ft_az180,53.0,180.0,19.5,none,30m,10120000,475.26,-1748.4,138.24444457455212,0.9201,True
elevated_tree_feed20_end3_dedicated_angled_53ft_az180_none,elevated_tree,20.0,3.0,dedicated_angled,dedicated_angled_53ft_az180,53.0,180.0,19.5,none,20m,14050000,109.61,113.65,4.796662594519601,0.8767,True
elevated_tree_feed20_end3_dedicated_angled_53ft_az180_none,elevated_tree,20.0,3.0,dedicated_angled,dedicated_angled_53ft_az180,53.0,180.0,19.5,none,17m,18080000,3402.0,-1133.9,75.60013647302543,0.9365000000000001,True
elevated_tree_feed20_end3_dedicated_angled_53ft_az180_none,elevated_tree,20.0,3.0,dedicated_angled,dedicated_angled_53ft_az180,53.0,180.0,19.5,none,15m,21050000,171.26,-608.69,46.96381780280049,0.8943000000000001,True
elevated_tree_feed20_end3_dedicated_angled_53ft_az180_none,elevated_tree,20.0,3.0,dedicated_angled,dedicated_angled_53ft_az180,53.0,180.0,19.5,none,12m,24910000,334.66,715.49,37.409667417784725,0.9007,True
elevated_tree_feed20_end3_dedicated_angled_53ft_az180_none,elevated_tree,20.0,3.0,dedicated_angled,dedicated_angled_53ft_az180,53.0,180.0,19.5,none,10m,28050000,1443.6,-1726.2,70.17482441116385,0.9229,True
elevated_tree_feed20_end3_dedicated_angled_53ft_az180_none,elevated_tree,20.0,3.0,dedicated_angled,dedicated_angled_53ft_az180,53.0,180.0,19.5,none,6m,50100000,146.56,-197.11,8.45600195209855,0.8523000000000001,True
elevated_tree_feed20_end3_dedicated_angled_53ft_az90_none,elevated_tree,20.0,3.0,dedicated_angled,dedicated_angled_53ft_az90,53.0,90.0,19.5,none,160m,1850000,10.959,-1298.7,3082.838966946599,0.7121,True
elevated_tree_feed20_end3_dedicated_angled_53ft_az90_none,elevated_tree,20.0,3.0,dedicated_angled,dedicated_angled_53ft_az90,53.0,90.0,19.5,none,80m,3550000,24.973,-328.93,89.13994144008718,0.785,True
elevated_tree_feed20_end3_dedicated_angled_53ft_az90_none,elevated_tree,20.0,3.0,dedicated_angled,dedicated_angled_53ft_az90,53.0,90.0,19.5,none,60m,5357000,73.289,351.2,35.77898414738338,0.8536,True
elevated_tree_feed20_end3_dedicated_angled_53ft_az90_none,elevated_tree,20.0,3.0,dedicated_angled,dedicated_angled_53ft_az90,53.0,90.0,19.5,none,40m,7050000,358.12,1478.6,129.39067951005325,0.8966,True
elevated_tree_feed20_end3_dedicated_angled_53ft_az90_none,elevated_tree,20.0,3.0,dedicated_angled,dedicated_angled_53ft_az90,53.0,90.0,19.5,none,30m,10120000,424.43,-1724.3,148.70337179835838,0.9204000000000001,True
elevated_tree_feed20_end3_dedicated_angled_53ft_az90_none,elevated_tree,20.0,3.0,dedicated_angled,dedicated_angled_53ft_az90,53.0,90.0,19.5,none,20m,14050000,105.37,80.931,3.5428662567209557,0.8798,True
elevated_tree_feed20_end3_dedicated_angled_53ft_az90_none,elevated_tree,20.0,3.0,dedicated_angled,dedicated_angled_53ft_az90,53.0,90.0,19.5,none,17m,18080000,4218.6,-2071.4,104.71611253404112,0.9147,True
elevated_tree_feed20_end3_dedicated_angled_53ft_az90_none,elevated_tree,20.0,3.0,dedicated_angled,dedicated_angled_53ft_az90,53.0,90.0,19.5,none,15m,21050000,169.15,-586.66,44.35010104039221,0.9062,True
elevated_tree_feed20_end3_dedicated_angled_53ft_az90_none,elevated_tree,20.0,3.0,dedicated_angled,dedicated_angled_53ft_az90,53.0,90.0,19.5,none,12m,24910000,285.24,670.89,37.41228705942023,0.8915000000000001,True
elevated_tree_feed20_end3_dedicated_angled_53ft_az90_none,elevated_tree,20.0,3.0,dedicated_angled,dedicated_angled_53ft_az90,53.0,90.0,19.5,none,10m,28050000,1209.4,-2009.8,91.01670276915874,0.9017000000000001,True
elevated_tree_feed20_end3_dedicated_angled_53ft_az90_none,elevated_tree,20.0,3.0,dedicated_angled,dedicated_angled_53ft_az90,53.0,90.0,19.5,none,6m,50100000,155.85,-187.98,7.845030337090618,0.8765000000000001,True
elevated_tree_feed20_end3_dedicated_vertical_19.5ft_vertical_none,elevated_tree,20.0,3.0,dedicated_vertical,dedicated_vertical_19.5ft_vertical,19.5,,19.5,none,160m,1850000,7.6978,-2591.1,17450.072602762008,0.7376999999999999,True
elevated_tree_feed20_end3_dedicated_vertical_19.5ft_vertical_none,elevated_tree,20.0,3.0,dedicated_vertical,dedicated_vertical_19.5ft_vertical,19.5,,19.5,none,80m,3550000,14.224,-1139.8,1830.4920889295433,0.7723,True
elevated_tree_feed20_end3_dedicated_vertical_19.5ft_vertical_none,elevated_tree,20.0,3.0,dedicated_vertical,dedicated_vertical_19.5ft_vertical,19.5,,19.5,none,60m,5357000,34.173,-440.46,115.68082120170972,0.8339,True
elevated_tree_feed20_end3_dedicated_vertical_19.5ft_vertical_none,elevated_tree,20.0,3.0,dedicated_vertical,dedicated_vertical_19.5ft_vertical,19.5,,19.5,none,40m,7050000,128.21,223.61,10.660306255532111,0.883,True
elevated_tree_feed20_end3_dedicated_vertical_19.5ft_vertical_none,elevated_tree,20.0,3.0,dedicated_vertical,dedicated_vertical_19.5ft_vertical,19.5,,19.5,none,30m,10120000,291.53,-1180.4,101.58065407252741,0.9107,True
elevated_tree_feed20_end3_dedicated_vertical_19.5ft_vertical_none,elevated_tree,20.0,3.0,dedicated_vertical,dedicated_vertical_19.5ft_vertical,19.5,,19.5,none,20m,14050000,72.318,128.64,6.561878438676681,0.8723000000000001,True
elevated_tree_feed20_end3_dedicated_vertical_19.5ft_vertical_none,elevated_tree,20.0,3.0,dedicated_vertical,dedicated_vertical_19.5ft_vertical,19.5,,19.5,none,17m,18080000,3300.7,587.65,68.10694603095516,0.9148000000000001,True
elevated_tree_feed20_end3_dedicated_vertical_19.5ft_vertical_none,elevated_tree,20.0,3.0,dedicated_vertical,dedicated_vertical_19.5ft_vertical,19.5,,19.5,none,15m,21050000,422.98,342.87,14.065359789689818,0.9351999999999999,True
elevated_tree_feed20_end3_dedicated_vertical_19.5ft_vertical_none,elevated_tree,20.0,3.0,dedicated_vertical,dedicated_vertical_19.5ft_vertical,19.5,,19.5,none,12m,24910000,2460.1,-892.33,55.67770095652317,0.9567,True
elevated_tree_feed20_end3_dedicated_vertical_19.5ft_vertical_none,elevated_tree,20.0,3.0,dedicated_vertical,dedicated_vertical_19.5ft_vertical,19.5,,19.5,none,10m,28050000,823.03,-1622.6,80.48790117734728,0.9125,True
elevated_tree_feed20_end3_dedicated_vertical_19.5ft_vertical_none,elevated_tree,20.0,3.0,dedicated_vertical,dedicated_vertical_19.5ft_vertical,19.5,,19.5,none,6m,50100000,1447.4,-725.44,36.22678264926107,0.9517,True
elevated_tree_feed30_end3_coax_return_29.5ft_vertical_none,elevated_tree,30.0,3.0,coax_return,coax_return_29.5ft_vertical,29.5,,29.5,none,160m,1850000,6.0851,-2008.8,13271.152308153809,0.7345,True
elevated_tree_feed30_end3_coax_return_29.5ft_vertical_none,elevated_tree,30.0,3.0,coax_return,coax_return_29.5ft_vertical,29.5,,29.5,none,80m,3550000,12.612,-790.27,994.5846834926006,0.7876000000000001,True
elevated_tree_feed30_end3_coax_return_29.5ft_vertical_none,elevated_tree,30.0,3.0,coax_return,coax_return_29.5ft_vertical,29.5,,29.5,none,60m,5357000,35.038,-142.94,13.71755969181418,0.8565999999999999,True
elevated_tree_feed30_end3_coax_return_29.5ft_vertical_none,elevated_tree,30.0,3.0,coax_return,coax_return_29.5ft_vertical,29.5,,29.5,none,40m,7050000,149.9,563.48,45.67253067174008,0.9022,True
elevated_tree_feed30_end3_coax_return_29.5ft_vertical_none,elevated_tree,30.0,3.0,coax_return,coax_return_29.5ft_vertical,29.5,,29.5,none,30m,10120000,437.09,-1007.2,55.256537479135716,0.9416,True
elevated_tree_feed30_end3_coax_return_29.5ft_vertical_none,elevated_tree,30.0,3.0,coax_return,coax_return_29.5ft_vertical,29.5,,29.5,none,20m,14050000,520.99,903.47,41.82674622249915,0.9764,True
elevated_tree_feed30_end3_coax_return_29.5ft_vertical_none,elevated_tree,30.0,3.0,coax_return,coax_return_29.5ft_vertical,29.5,,29.5,none,17m,18080000,2033.6,-1312.0,57.608260575819436,0.9429000000000001,True
elevated_tree_feed30_end3_coax_return_29.5ft_vertical_none,elevated_tree,30.0,3.0,coax_return,coax_return_29.5ft_vertical,29.5,,29.5,none,15m,21050000,158.02,-585.28,46.81106365205641,0.9478,True
elevated_tree_feed30_end3_coax_return_29.5ft_vertical_none,elevated_tree,30.0,3.0,coax_return,coax_return_29.5ft_vertical,29.5,,29.5,none,12m,24910000,232.92,328.33,14.058381649805355,0.9395,True
elevated_tree_feed30_end3_coax_return_29.5ft_vertical_none,elevated_tree,30.0,3.0,coax_return,coax_return_29.5ft_vertical,29.5,,29.5,none,10m,28050000,1162.0,-977.06,39.68892184229214,0.924,True
elevated_tree_feed30_end3_coax_return_29.5ft_vertical_none,elevated_tree,30.0,3.0,coax_return,coax_return_29.5ft_vertical,29.5,,29.5,none,6m,50100000,807.7,-600.57,25.107220836812377,0.9811,True
elevated_tree_feed30_end3_dedicated_angled_33ft_az135_none,elevated_tree,30.0,3.0,dedicated_angled,dedicated_angled_33ft_az135,33.0,135.0,29.5,none,160m,1850000,7.1078,-1787.3,8995.727992674538,0.654,True
elevated_tree_feed30_end3_dedicated_angled_33ft_az135_none,elevated_tree,30.0,3.0,dedicated_angled,dedicated_angled_33ft_az135,33.0,135.0,29.5,none,80m,3550000,15.631,-671.16,579.8716985002562,0.7463,True
elevated_tree_feed30_end3_dedicated_angled_33ft_az135_none,elevated_tree,30.0,3.0,dedicated_angled,dedicated_angled_33ft_az135,33.0,135.0,29.5,none,60m,5357000,43.961,-53.563,2.9870599619363136,0.8412999999999999,True
elevated_tree_feed30_end3_dedicated_angled_33ft_az135_none,elevated_tree,30.0,3.0,dedicated_angled,dedicated_angled_33ft_az135,33.0,135.0,29.5,none,40m,7050000,178.2,641.95,50.07599471763659,0.8979,True
elevated_tree_feed30_end3_dedicated_angled_33ft_az135_none,elevated_tree,30.0,3.0,dedicated_angled,dedicated_angled_33ft_az135,33.0,135.0,29.5,none,30m,10120000,399.09,-845.89,43.94239967762765,0.9194,True
elevated_tree_feed30_end3_dedicated_angled_33ft_az135_none,elevated_tree,30.0,3.0,dedicated_angled,dedicated_angled_33ft_az135,33.0,135.0,29.5,none,20m,14050000,2702.2,819.37,59.01459998103067,0.9447,True
elevated_tree_feed30_end3_dedicated_angled_33ft_az135_none,elevated_tree,30.0,3.0,dedicated_angled,dedicated_angled_33ft_az135,33.0,135.0,29.5,none,17m,18080000,2097.3,-58.022,41.97812192342295,0.9129999999999999,True
elevated_tree_feed30_end3_dedicated_angled_33ft_az135_none,elevated_tree,30.0,3.0,dedicated_angled,dedicated_angled_33ft_az135,33.0,135.0,29.5,none,15m,21050000,163.12,-403.37,23.475731815941153,0.9218999999999999,True
elevated_tree_feed30_end3_dedicated_angled_33ft_az135_none,elevated_tree,30.0,3.0,dedicated_angled,dedicated_angled_33ft_az135,33.0,135.0,29.5,none,12m,24910000,278.63,615.78,32.939507112003355,0.9113,True
elevated_tree_feed30_end3_dedicated_angled_33ft_az135_none,elevated_tree,30.0,3.0,dedicated_angled,dedicated_angled_33ft_az135,33.0,135.0,29.5,none,10m,28050000,1861.7,-963.01,47.20248282755635,0.9174,True
elevated_tree_feed30_end3_dedicated_angled_33ft_az135_none,elevated_tree,30.0,3.0,dedicated_angled,dedicated_angled_33ft_az135,33.0,135.0,29.5,none,6m,50100000,158.21,-225.59,9.811644817591269,0.9,True
elevated_tree_feed30_end3_dedicated_angled_33ft_az180_none,elevated_tree,30.0,3.0,dedicated_angled,dedicated_angled_33ft_az180,33.0,180.0,29.5,none,160m,1850000,7.4078,-1773.5,8498.763686706598,0.667,True
elevated_tree_feed30_end3_dedicated_angled_33ft_az180_none,elevated_tree,30.0,3.0,dedicated_angled,dedicated_angled_33ft_az180,33.0,180.0,29.5,none,80m,3550000,16.565,-662.93,533.9559709835828,0.7597,True
elevated_tree_feed30_end3_dedicated_angled_33ft_az180_none,elevated_tree,30.0,3.0,dedicated_angled,dedicated_angled_33ft_az180,33.0,180.0,29.5,none,60m,5357000,46.928,-46.511,2.5308522816052577,0.8504,True
elevated_tree_feed30_end3_dedicated_angled_33ft_az180_none,elevated_tree,30.0,3.0,dedicated_angled,dedicated_angled_33ft_az180,33.0,180.0,29.5,none,40m,7050000,188.33,648.54,48.67826441602598,0.9026000000000001,True
elevated_tree_feed30_end3_dedicated_angled_33ft_az180_none,elevated_tree,30.0,3.0,dedicated_angled,dedicated_angled_33ft_az180,33.0,180.0,29.5,none,30m,10120000,381.24,-844.98,45.19008077680708,0.915,True
elevated_tree_feed30_end3_dedicated_angled_33ft_az180_none,elevated_tree,30.0,3.0,dedicated_angled,dedicated_angled_33ft_az180,33.0,180.0,29.5,none,20m,14050000,2748.4,776.63,59.35847497066277,0.9449,True
elevated_tree_feed30_end3_dedicated_angled_33ft_az180_none,elevated_tree,30.0,3.0,dedicated_angled,dedicated_angled_33ft_az180,33.0,180.0,29.5,none,17m,18080000,2139.7,37.691,42.807285856820606,0.9093000000000001,True
elevated_tree_feed30_end3_dedicated_angled_33ft_az180_none,elevated_tree,30.0,3.0,dedicated_angled,dedicated_angled_33ft_az180,33.0,180.0,29.5,none,15m,21050000,166.16,-408.78,23.69518708161861,0.9217,True
elevated_tree_feed30_end3_dedicated_angled_33ft_az180_none,elevated_tree,30.0,3.0,dedicated_angled,dedicated_angled_33ft_az180,33.0,180.0,29.5,none,12m,24910000,274.12,621.25,33.79452562775639,0.9083,True
elevated_tree_feed30_end3_dedicated_angled_33ft_az180_none,elevated_tree,30.0,3.0,dedicated_angled,dedicated_angled_33ft_az180,33.0,180.0,29.5,none,10m,28050000,1793.4,-1006.4,47.16988423038178,0.9157,True
elevated_tree_feed30_end3_dedicated_angled_33ft_az180_none,elevated_tree,30.0,3.0,dedicated_angled,dedicated_angled_33ft_az180,33.0,180.0,29.5,none,6m,50100000,156.5,-223.35,9.721734825021532,0.898,True
elevated_tree_feed30_end3_dedicated_angled_33ft_az90_none,elevated_tree,30.0,3.0,dedicated_angled,dedicated_angled_33ft_az90,33.0,90.0,29.5,none,160m,1850000,6.2944,-1829.1,10638.492628010978,0.6129,True
elevated_tree_feed30_end3_dedicated_angled_33ft_az90_none,elevated_tree,30.0,3.0,dedicated_angled,dedicated_angled_33ft_az90,33.0,90.0,29.5,none,80m,3550000,13.163,-696.05,740.192931564156,0.7023999999999999,True
elevated_tree_feed30_end3_dedicated_angled_33ft_az90_none,elevated_tree,30.0,3.0,dedicated_angled,dedicated_angled_33ft_az90,33.0,90.0,29.5,none,60m,5357000,36.136,-75.088,5.028046208384004,0.8104,True
elevated_tree_feed30_end3_dedicated_angled_33ft_az90_none,elevated_tree,30.0,3.0,dedicated_angled,dedicated_angled_33ft_az90,33.0,90.0,29.5,none,40m,7050000,150.72,619.29,54.21943096317079,0.8826,True
elevated_tree_feed30_end3_dedicated_angled_33ft_az90_none,elevated_tree,30.0,3.0,dedicated_angled,dedicated_angled_33ft_az90,33.0,90.0,29.5,none,30m,10120000,449.09,-838.68,40.39324291648365,0.9303,True
elevated_tree_feed30_end3_dedicated_angled_33ft_az90_none,elevated_tree,30.0,3.0,dedicated_angled,dedicated_angled_33ft_az90,33.0,90.0,29.5,none,20m,14050000,2555.2,853.59,56.80896984562946,0.9456,True
elevated_tree_feed30_end3_dedicated_angled_33ft_az90_none,elevated_tree,30.0,3.0,dedicated_angled,dedicated_angled_33ft_az90,33.0,90.0,29.5,none,17m,18080000,2084.0,-351.38,42.86557628992833,0.9209,True
elevated_tree_feed30_end3_dedicated_angled_33ft_az90_none,elevated_tree,30.0,3.0,dedicated_angled,dedicated_angled_33ft_az90,33.0,90.0,29.5,none,15m,21050000,143.83,-395.44,24.92823115086112,0.9155,True
elevated_tree_feed30_end3_dedicated_angled_33ft_az90_none,elevated_tree,30.0,3.0,dedicated_angled,dedicated_angled_33ft_az90,33.0,90.0,29.5,none,12m,24910000,280.73,626.49,33.725134475373075,0.9138,True
elevated_tree_feed30_end3_dedicated_angled_33ft_az90_none,elevated_tree,30.0,3.0,dedicated_angled,dedicated_angled_33ft_az90,33.0,90.0,29.5,none,10m,28050000,1913.0,-883.81,46.43104100187414,0.9215000000000001,True
elevated_tree_feed30_end3_dedicated_angled_33ft_az90_none,elevated_tree,30.0,3.0,dedicated_angled,dedicated_angled_33ft_az90,33.0,90.0,29.5,none,6m,50100000,151.97,-225.21,9.94277844271438,0.8993000000000001,True
elevated_tree_feed30_end3_dedicated_angled_37ft_az135_none,elevated_tree,30.0,3.0,dedicated_angled,dedicated_angled_37ft_az135,37.0,135.0,29.5,none,160m,1850000,7.8159,-1642.7,6911.614329124149,0.6675,True
elevated_tree_feed30_end3_dedicated_angled_37ft_az135_none,elevated_tree,30.0,3.0,dedicated_angled,dedicated_angled_37ft_az135,37.0,135.0,29.5,none,80m,3550000,17.92,-578.66,376.8595362235855,0.7646,True
elevated_tree_feed30_end3_dedicated_angled_37ft_az135_none,elevated_tree,30.0,3.0,dedicated_angled,dedicated_angled_37ft_az135,37.0,135.0,29.5,none,60m,5357000,51.639,36.592,2.0260626670116877,0.8545999999999999,True
elevated_tree_feed30_end3_dedicated_angled_37ft_az135_none,elevated_tree,30.0,3.0,dedicated_angled,dedicated_angled_37ft_az135,37.0,135.0,29.5,none,40m,7050000,207.92,763.98,60.52562570620217,0.905,True
elevated_tree_feed30_end3_dedicated_angled_37ft_az135_none,elevated_tree,30.0,3.0,dedicated_angled,dedicated_angled_37ft_az135,37.0,135.0,29.5,none,30m,10120000,439.96,-694.14,30.78373229338141,0.9138,True
elevated_tree_feed30_end3_dedicated_angled_37ft_az135_none,elevated_tree,30.0,3.0,dedicated_angled,dedicated_angled_37ft_az135,37.0,135.0,29.5,none,20m,14050000,640.04,-1109.6,51.33241468842392,0.9448000000000001,True
elevated_tree_feed30_end3_dedicated_angled_37ft_az135_none,elevated_tree,30.0,3.0,dedicated_angled,dedicated_angled_37ft_az135,37.0,135.0,29.5,none,17m,18080000,2451.2,371.11,50.148173259487116,0.9068999999999999,True
elevated_tree_feed30_end3_dedicated_angled_37ft_az135_none,elevated_tree,30.0,3.0,dedicated_angled,dedicated_angled_37ft_az135,37.0,135.0,29.5,none,15m,21050000,182.1,-206.74,8.493112850274848,0.914,True
elevated_tree_feed30_end3_dedicated_angled_37ft_az135_none,elevated_tree,30.0,3.0,dedicated_angled,dedicated_angled_37ft_az135,37.0,135.0,29.5,none,12m,24910000,1229.0,1416.3,57.24610666484442,0.9229999999999999,True
elevated_tree_feed30_end3_dedicated_angled_37ft_az135_none,elevated_tree,30.0,3.0,dedicated_angled,dedicated_angled_37ft_az135,37.0,135.0,29.5,none,10m,28050000,865.54,-1517.8,70.5862981246623,0.9098,True
elevated_tree_feed30_end3_dedicated_angled_37ft_az135_none,elevated_tree,30.0,3.0,dedicated_angled,dedicated_angled_37ft_az135,37.0,135.0,29.5,none,6m,50100000,359.5,365.88,14.708558933365547,0.9024,True
elevated_tree_feed30_end3_dedicated_angled_37ft_az180_none,elevated_tree,30.0,3.0,dedicated_angled,dedicated_angled_37ft_az180,37.0,180.0,29.5,none,160m,1850000,8.2206,-1627.4,6449.646679157494,0.6829000000000001,True
elevated_tree_feed30_end3_dedicated_angled_37ft_az180_none,elevated_tree,30.0,3.0,dedicated_angled,dedicated_angled_37ft_az180,37.0,180.0,29.5,none,80m,3550000,19.234,-569.43,340.1452057128636,0.7797,True
elevated_tree_feed30_end3_dedicated_angled_37ft_az180_none,elevated_tree,30.0,3.0,dedicated_angled,dedicated_angled_37ft_az180,37.0,180.0,29.5,none,60m,5357000,55.926,44.433,2.2799989357785035,0.8649,True
elevated_tree_feed30_end3_dedicated_angled_37ft_az180_none,elevated_tree,30.0,3.0,dedicated_angled,dedicated_angled_37ft_az180,37.0,180.0,29.5,none,40m,7050000,222.73,769.73,57.86382304183863,0.9106000000000001,True
elevated_tree_feed30_end3_dedicated_angled_37ft_az180_none,elevated_tree,30.0,3.0,dedicated_angled,dedicated_angled_37ft_az180,37.0,180.0,29.5,none,30m,10120000,409.98,-684.54,31.148861608528414,0.9066,True
elevated_tree_feed30_end3_dedicated_angled_37ft_az180_none,elevated_tree,30.0,3.0,dedicated_angled,dedicated_angled_37ft_az180,37.0,180.0,29.5,none,20m,14050000,625.18,-1120.8,52.75121079765573,0.943,True
elevated_tree_feed30_end3_dedicated_angled_37ft_az180_none,elevated_tree,30.0,3.0,dedicated_angled,dedicated_angled_37ft_az180,37.0,180.0,29.5,none,17m,18080000,2531.9,400.05,51.90267015258761,0.9046,True
elevated_tree_feed30_end3_dedicated_angled_37ft_az180_none,elevated_tree,30.0,3.0,dedicated_angled,dedicated_angled_37ft_az180,37.0,180.0,29.5,none,15m,21050000,175.28,-211.28,8.770314558679724,0.9087999999999999,True
elevated_tree_feed30_end3_dedicated_angled_37ft_az180_none,elevated_tree,30.0,3.0,dedicated_angled,dedicated_angled_37ft_az180,37.0,180.0,29.5,none,12m,24910000,1276.8,1447.6,58.382997038773084,0.9226000000000001,True
elevated_tree_feed30_end3_dedicated_angled_37ft_az180_none,elevated_tree,30.0,3.0,dedicated_angled,dedicated_angled_37ft_az180,37.0,180.0,29.5,none,10m,28050000,885.99,-1469.7,66.52062480949935,0.9128000000000001,True
elevated_tree_feed30_end3_dedicated_angled_37ft_az180_none,elevated_tree,30.0,3.0,dedicated_angled,dedicated_angled_37ft_az180,37.0,180.0,29.5,none,6m,50100000,365.36,370.43,14.88829155074651,0.9027,True
elevated_tree_feed30_end3_dedicated_angled_37ft_az90_none,elevated_tree,30.0,3.0,dedicated_angled,dedicated_angled_37ft_az90,37.0,90.0,29.5,none,160m,1850000,6.6917,-1692.0,8564.068143458957,0.6157,True
elevated_tree_feed30_end3_dedicated_angled_37ft_az90_none,elevated_tree,30.0,3.0,dedicated_angled,dedicated_angled_37ft_az90,37.0,90.0,29.5,none,80m,3550000,14.369,-608.02,518.3289059391636,0.7105,True
elevated_tree_feed30_end3_dedicated_angled_37ft_az90_none,elevated_tree,30.0,3.0,dedicated_angled,dedicated_angled_37ft_az90,37.0,90.0,29.5,none,60m,5357000,40.024,11.365,1.3999747282084187,0.8162999999999999,True
elevated_tree_feed30_end3_dedicated_angled_37ft_az90_none,elevated_tree,30.0,3.0,dedicated_angled,dedicated_angled_37ft_az90,37.0,90.0,29.5,none,40m,7050000,165.91,740.22,69.65616109680009,0.8845999999999999,True
elevated_tree_feed30_end3_dedicated_angled_37ft_az90_none,elevated_tree,30.0,3.0,dedicated_angled,dedicated_angled_37ft_az90,37.0,90.0,29.5,none,30m,10120000,533.77,-701.13,29.15406485909194,0.9305,True
elevated_tree_feed30_end3_dedicated_angled_37ft_az90_none,elevated_tree,30.0,3.0,dedicated_angled,dedicated_angled_37ft_az90,37.0,90.0,29.5,none,20m,14050000,665.0,-1069.8,47.77446801666712,0.9487000000000001,True
elevated_tree_feed30_end3_dedicated_angled_37ft_az90_none,elevated_tree,30.0,3.0,dedicated_angled,dedicated_angled_37ft_az90,37.0,90.0,29.5,none,17m,18080000,2329.9,146.67,46.782745795434444,0.9159,True
elevated_tree_feed30_end3_dedicated_angled_37ft_az90_none,elevated_tree,30.0,3.0,dedicated_angled,dedicated_angled_37ft_az90,37.0,90.0,29.5,none,15m,21050000,177.8,-190.56,7.793619450490852,0.9164,True
elevated_tree_feed30_end3_dedicated_angled_37ft_az90_none,elevated_tree,30.0,3.0,dedicated_angled,dedicated_angled_37ft_az90,37.0,90.0,29.5,none,12m,24910000,1233.3,1378.2,55.491005737927075,0.9270999999999999,True
elevated_tree_feed30_end3_dedicated_angled_37ft_az90_none,elevated_tree,30.0,3.0,dedicated_angled,dedicated_angled_37ft_az90,37.0,90.0,29.5,none,10m,28050000,877.14,-1598.1,75.81958981922547,0.9091,True
elevated_tree_feed30_end3_dedicated_angled_37ft_az90_none,elevated_tree,30.0,3.0,dedicated_angled,dedicated_angled_37ft_az90,37.0,90.0,29.5,none,6m,50100000,369.99,359.4,14.447987217599033,0.9073,True
elevated_tree_feed30_end3_dedicated_angled_41ft_az135_none,elevated_tree,30.0,3.0,dedicated_angled,dedicated_angled_41ft_az135,41.0,135.0,29.5,none,160m,1850000,8.4608,-1531.2,5548.281365569199,0.6768000000000001,True
elevated_tree_feed30_end3_dedicated_angled_41ft_az135_none,elevated_tree,30.0,3.0,dedicated_angled,dedicated_angled_41ft_az135,41.0,135.0,29.5,none,80m,3550000,20.126,-502.73,254.03810748214147,0.7774,True
elevated_tree_feed30_end3_dedicated_angled_41ft_az135_none,elevated_tree,30.0,3.0,dedicated_angled,dedicated_angled_41ft_az135,41.0,135.0,29.5,none,60m,5357000,59.696,119.05,6.629004019521236,0.8642,True
elevated_tree_feed30_end3_dedicated_angled_41ft_az135_none,elevated_tree,30.0,3.0,dedicated_angled,dedicated_angled_41ft_az135,41.0,135.0,29.5,none,40m,7050000,243.42,893.73,70.68724248635272,0.9107,True
elevated_tree_feed30_end3_dedicated_angled_41ft_az135_none,elevated_tree,30.0,3.0,dedicated_angled,dedicated_angled_41ft_az135,41.0,135.0,29.5,none,30m,10120000,606.28,-411.04,17.725113517801724,0.9114,True
elevated_tree_feed30_end3_dedicated_angled_41ft_az135_none,elevated_tree,30.0,3.0,dedicated_angled,dedicated_angled_41ft_az135,41.0,135.0,29.5,none,20m,14050000,202.94,-544.91,33.53789281604117,0.9269,True
elevated_tree_feed30_end3_dedicated_angled_41ft_az135_none,elevated_tree,30.0,3.0,dedicated_angled,dedicated_angled_41ft_az135,41.0,135.0,29.5,none,17m,18080000,2777.0,554.1,57.751901765718706,0.9061,True
elevated_tree_feed30_end3_dedicated_angled_41ft_az135_none,elevated_tree,30.0,3.0,dedicated_angled,dedicated_angled_41ft_az135,41.0,135.0,29.5,none,15m,21050000,290.89,106.1,6.612440158173749,0.9095,True
elevated_tree_feed30_end3_dedicated_angled_41ft_az135_none,elevated_tree,30.0,3.0,dedicated_angled,dedicated_angled_41ft_az135,41.0,135.0,29.5,none,12m,24910000,560.92,-682.87,27.898359524192635,0.9235,True
elevated_tree_feed30_end3_dedicated_angled_41ft_az135_none,elevated_tree,30.0,3.0,dedicated_angled,dedicated_angled_41ft_az135,41.0,135.0,29.5,none,10m,28050000,943.36,-1153.8,47.122658739047964,0.9061,True
elevated_tree_feed30_end3_dedicated_angled_41ft_az135_none,elevated_tree,30.0,3.0,dedicated_angled,dedicated_angled_41ft_az135,41.0,135.0,29.5,none,6m,50100000,237.88,-510.73,26.861378462250126,0.8991,True
elevated_tree_feed30_end3_dedicated_angled_41ft_az180_none,elevated_tree,30.0,3.0,dedicated_angled,dedicated_angled_41ft_az180,41.0,180.0,29.5,none,160m,1850000,8.9381,-1515.5,5144.986188942074,0.6931,True
elevated_tree_feed30_end3_dedicated_angled_41ft_az180_none,elevated_tree,30.0,3.0,dedicated_angled,dedicated_angled_41ft_az180,41.0,180.0,29.5,none,80m,3550000,21.728,-493.26,226.68698552323076,0.7929999999999999,True
elevated_tree_feed30_end3_dedicated_angled_41ft_az180_none,elevated_tree,30.0,3.0,dedicated_angled,dedicated_angled_41ft_az180,41.0,180.0,29.5,none,60m,5357000,65.071,126.98,6.8802611552403325,0.8745999999999999,True
elevated_tree_feed30_end3_dedicated_angled_41ft_az180_none,elevated_tree,30.0,3.0,dedicated_angled,dedicated_angled_41ft_az180,41.0,180.0,29.5,none,40m,7050000,262.41,897.42,66.80578231239907,0.9166,True
elevated_tree_feed30_end3_dedicated_angled_41ft_az180_none,elevated_tree,30.0,3.0,dedicated_angled,dedicated_angled_41ft_az180,41.0,180.0,29.5,none,30m,10120000,561.02,-376.18,16.292936668904495,0.9027,True
elevated_tree_feed30_end3_dedicated_angled_41ft_az180_none,elevated_tree,30.0,3.0,dedicated_angled,dedicated_angled_41ft_az180,41.0,180.0,29.5,none,20m,14050000,191.57,-547.33,35.33936947129498,0.9212,True
elevated_tree_feed30_end3_dedicated_angled_41ft_az180_none,elevated_tree,30.0,3.0,dedicated_angled,dedicated_angled_41ft_az180,41.0,180.0,29.5,none,17m,18080000,2842.0,508.1,58.65733332515094,0.9057999999999999,True
elevated_tree_feed30_end3_dedicated_angled_41ft_az180_none,elevated_tree,30.0,3.0,dedicated_angled,dedicated_angled_41ft_az180,41.0,180.0,29.5,none,15m,21050000,269.47,114.87,6.3979887657901635,0.9004000000000001,True
elevated_tree_feed30_end3_dedicated_angled_41ft_az180_none,elevated_tree,30.0,3.0,dedicated_angled,dedicated_angled_41ft_az180,41.0,180.0,29.5,none,12m,24910000,542.19,-706.95,29.337473635721064,0.9201999999999999,True
elevated_tree_feed30_end3_dedicated_angled_41ft_az180_none,elevated_tree,30.0,3.0,dedicated_angled,dedicated_angled_41ft_az180,41.0,180.0,29.5,none,10m,28050000,969.16,-1155.8,46.9811653594732,0.9059999999999999,True
elevated_tree_feed30_end3_dedicated_angled_41ft_az180_none,elevated_tree,30.0,3.0,dedicated_angled,dedicated_angled_41ft_az180,41.0,180.0,29.5,none,6m,50100000,238.28,-504.88,26.332779326987133,0.8989,True
elevated_tree_feed30_end3_dedicated_angled_41ft_az90_none,elevated_tree,30.0,3.0,dedicated_angled,dedicated_angled_41ft_az90,41.0,90.0,29.5,none,160m,1850000,7.1196,-1582.8,7044.79599464085,0.62,True
elevated_tree_feed30_end3_dedicated_angled_41ft_az90_none,elevated_tree,30.0,3.0,dedicated_angled,dedicated_angled_41ft_az90,41.0,90.0,29.5,none,80m,3550000,15.741,-533.51,365.13378269447287,0.7195,True
elevated_tree_feed30_end3_dedicated_angled_41ft_az90_none,elevated_tree,30.0,3.0,dedicated_angled,dedicated_angled_41ft_az90,41.0,90.0,29.5,none,60m,5357000,44.86,92.746,5.67038619239351,0.8231999999999999,True
elevated_tree_feed30_end3_dedicated_angled_41ft_az90_none,elevated_tree,30.0,3.0,dedicated_angled,dedicated_angled_41ft_az90,41.0,90.0,29.5,none,40m,7050000,187.46,872.92,85.30040496692239,0.8875,True
elevated_tree_feed30_end3_dedicated_angled_41ft_az90_none,elevated_tree,30.0,3.0,dedicated_angled,dedicated_angled_41ft_az90,41.0,90.0,29.5,none,30m,10120000,771.32,-477.58,21.35849055789682,0.9317,True
elevated_tree_feed30_end3_dedicated_angled_41ft_az90_none,elevated_tree,30.0,3.0,dedicated_angled,dedicated_angled_41ft_az90,41.0,90.0,29.5,none,20m,14050000,221.88,-530.58,30.005059776425046,0.9362,True
elevated_tree_feed30_end3_dedicated_angled_41ft_az90_none,elevated_tree,30.0,3.0,dedicated_angled,dedicated_angled_41ft_az90,41.0,90.0,29.5,none,17m,18080000,2598.1,464.42,53.62293200503239,0.9128000000000001,True
elevated_tree_feed30_end3_dedicated_angled_41ft_az90_none,elevated_tree,30.0,3.0,dedicated_angled,dedicated_angled_41ft_az90,41.0,90.0,29.5,none,15m,21050000,324.97,121.85,7.4324877905424005,0.9216,True
elevated_tree_feed30_end3_dedicated_angled_41ft_az90_none,elevated_tree,30.0,3.0,dedicated_angled,dedicated_angled_41ft_az90,41.0,90.0,29.5,none,12m,24910000,561.28,-640.34,25.886774811321533,0.9266,True
elevated_tree_feed30_end3_dedicated_angled_41ft_az90_none,elevated_tree,30.0,3.0,dedicated_angled,dedicated_angled_41ft_az90,41.0,90.0,29.5,none,10m,28050000,917.72,-1188.4,49.16687634144899,0.9083,True
elevated_tree_feed30_end3_dedicated_angled_41ft_az90_none,elevated_tree,30.0,3.0,dedicated_angled,dedicated_angled_41ft_az90,41.0,90.0,29.5,none,6m,50100000,229.61,-511.51,27.56384534234577,0.8998,True
elevated_tree_feed30_end3_dedicated_angled_45ft_az135_none,elevated_tree,30.0,3.0,dedicated_angled,dedicated_angled_45ft_az135,45.0,135.0,29.5,none,160m,1850000,9.0614,-1435.9,4556.450039805143,0.6831,True
elevated_tree_feed30_end3_dedicated_angled_45ft_az135_none,elevated_tree,30.0,3.0,dedicated_angled,dedicated_angled_45ft_az135,45.0,135.0,29.5,none,80m,3550000,22.339,-435.39,172.39536596852182,0.7870999999999999,True
elevated_tree_feed30_end3_dedicated_angled_45ft_az135_none,elevated_tree,30.0,3.0,dedicated_angled,dedicated_angled_45ft_az135,45.0,135.0,29.5,none,60m,5357000,68.718,198.86,13.537547050828195,0.8715999999999999,True
elevated_tree_feed30_end3_dedicated_angled_45ft_az135_none,elevated_tree,30.0,3.0,dedicated_angled,dedicated_angled_45ft_az135,45.0,135.0,29.5,none,40m,7050000,291.04,1040.8,80.4211087192294,0.9155,True
elevated_tree_feed30_end3_dedicated_angled_45ft_az135_none,elevated_tree,30.0,3.0,dedicated_angled,dedicated_angled_45ft_az135,45.0,135.0,29.5,none,30m,10120000,1733.7,-92.013,34.77174955427508,0.9213,True
elevated_tree_feed30_end3_dedicated_angled_45ft_az135_none,elevated_tree,30.0,3.0,dedicated_angled,dedicated_angled_45ft_az135,45.0,135.0,29.5,none,20m,14050000,118.57,-267.96,14.837114649869818,0.9015000000000001,True
elevated_tree_feed30_end3_dedicated_angled_45ft_az135_none,elevated_tree,30.0,3.0,dedicated_angled,dedicated_angled_45ft_az135,45.0,135.0,29.5,none,17m,18080000,3155.9,641.72,65.72837323611579,0.907,True
elevated_tree_feed30_end3_dedicated_angled_45ft_az135_none,elevated_tree,30.0,3.0,dedicated_angled,dedicated_angled_45ft_az135,45.0,135.0,29.5,none,15m,21050000,1854.3,402.88,38.837874700375956,0.9159999999999999,True
elevated_tree_feed30_end3_dedicated_angled_45ft_az135_none,elevated_tree,30.0,3.0,dedicated_angled,dedicated_angled_45ft_az135,45.0,135.0,29.5,none,12m,24910000,213.65,-28.948,4.355898675775643,0.9006000000000001,True
elevated_tree_feed30_end3_dedicated_angled_45ft_az135_none,elevated_tree,30.0,3.0,dedicated_angled,dedicated_angled_45ft_az135,45.0,135.0,29.5,none,10m,28050000,1063.8,-1010.3,40.48811451647413,0.905,True
elevated_tree_feed30_end3_dedicated_angled_45ft_az135_none,elevated_tree,30.0,3.0,dedicated_angled,dedicated_angled_45ft_az135,45.0,135.0,29.5,none,6m,50100000,177.5,33.571,3.6874902557803235,0.8806999999999999,True
elevated_tree_feed30_end3_dedicated_angled_45ft_az180_none,elevated_tree,30.0,3.0,dedicated_angled,dedicated_angled_45ft_az180,45.0,180.0,29.5,none,160m,1850000,9.5952,-1420.4,4210.70559013776,0.6998000000000001,True
elevated_tree_feed30_end3_dedicated_angled_45ft_az180_none,elevated_tree,30.0,3.0,dedicated_angled,dedicated_angled_45ft_az180,45.0,180.0,29.5,none,80m,3550000,24.186,-425.95,152.57623354173174,0.8025,True
elevated_tree_feed30_end3_dedicated_angled_45ft_az180_none,elevated_tree,30.0,3.0,dedicated_angled,dedicated_angled_45ft_az180,45.0,180.0,29.5,none,60m,5357000,75.106,206.59,13.458662311289292,0.8818,True
elevated_tree_feed30_end3_dedicated_angled_45ft_az180_none,elevated_tree,30.0,3.0,dedicated_angled,dedicated_angled_45ft_az180,45.0,180.0,29.5,none,40m,7050000,314.35,1041.2,75.40670756388003,0.9214,True
elevated_tree_feed30_end3_dedicated_angled_45ft_az180_none,elevated_tree,30.0,3.0,dedicated_angled,dedicated_angled_45ft_az180,45.0,180.0,29.5,none,30m,10120000,1752.4,40.237,35.066492747944224,0.917,True
elevated_tree_feed30_end3_dedicated_angled_45ft_az180_none,elevated_tree,30.0,3.0,dedicated_angled,dedicated_angled_45ft_az180,45.0,180.0,29.5,none,20m,14050000,109.52,-265.48,15.452865754792148,0.8914,True
elevated_tree_feed30_end3_dedicated_angled_45ft_az180_none,elevated_tree,30.0,3.0,dedicated_angled,dedicated_angled_45ft_az180,45.0,180.0,29.5,none,17m,18080000,3156.5,525.65,64.88115094461888,0.9087000000000001,True
elevated_tree_feed30_end3_dedicated_angled_45ft_az180_none,elevated_tree,30.0,3.0,dedicated_angled,dedicated_angled_45ft_az180,45.0,180.0,29.5,none,15m,21050000,1912.3,488.99,40.748376679993626,0.9129,True
elevated_tree_feed30_end3_dedicated_angled_45ft_az180_none,elevated_tree,30.0,3.0,dedicated_angled,dedicated_angled_45ft_az180,45.0,180.0,29.5,none,12m,24910000,196.71,-30.779,4.036991180185629,0.8898,True
elevated_tree_feed30_end3_dedicated_angled_45ft_az180_none,elevated_tree,30.0,3.0,dedicated_angled,dedicated_angled_45ft_az180,45.0,180.0,29.5,none,10m,28050000,1065.5,-1042.1,41.717233408360194,0.9034,True
elevated_tree_feed30_end3_dedicated_angled_45ft_az180_none,elevated_tree,30.0,3.0,dedicated_angled,dedicated_angled_45ft_az180,45.0,180.0,29.5,none,6m,50100000,182.55,34.712,3.7932839247964885,0.8822,True
elevated_tree_feed30_end3_dedicated_angled_45ft_az90_none,elevated_tree,30.0,3.0,dedicated_angled,dedicated_angled_45ft_az90,45.0,90.0,29.5,none,160m,1850000,7.5513,-1488.0,5871.044609066302,0.6238,True
elevated_tree_feed30_end3_dedicated_angled_45ft_az90_none,elevated_tree,30.0,3.0,dedicated_angled,dedicated_angled_45ft_az90,45.0,90.0,29.5,none,80m,3550000,17.24,-466.45,255.64901193688073,0.7282,True
elevated_tree_feed30_end3_dedicated_angled_45ft_az90_none,elevated_tree,30.0,3.0,dedicated_angled,dedicated_angled_45ft_az90,45.0,90.0,29.5,none,60m,5357000,50.819,172.57,13.647174061466426,0.8301999999999999,True
elevated_tree_feed30_end3_dedicated_angled_45ft_az90_none,elevated_tree,30.0,3.0,dedicated_angled,dedicated_angled_45ft_az90,45.0,90.0,29.5,none,40m,7050000,219.58,1026.2,100.52760748885053,0.8909,True
elevated_tree_feed30_end3_dedicated_angled_45ft_az90_none,elevated_tree,30.0,3.0,dedicated_angled,dedicated_angled_45ft_az90,45.0,90.0,29.5,none,30m,10120000,1825.6,-503.28,39.28881256265445,0.9346,True
elevated_tree_feed30_end3_dedicated_angled_45ft_az90_none,elevated_tree,30.0,3.0,dedicated_angled,dedicated_angled_45ft_az90,45.0,90.0,29.5,none,20m,14050000,135.17,-263.91,13.303453580409856,0.9178000000000001,True
elevated_tree_feed30_end3_dedicated_angled_45ft_az90_none,elevated_tree,30.0,3.0,dedicated_angled,dedicated_angled_45ft_az90,45.0,90.0,29.5,none,17m,18080000,2981.8,753.34,63.443573904406705,0.9098999999999999,True
elevated_tree_feed30_end3_dedicated_angled_45ft_az90_none,elevated_tree,30.0,3.0,dedicated_angled,dedicated_angled_45ft_az90,45.0,90.0,29.5,none,15m,21050000,1898.0,188.48,38.33459578245714,0.9246,True
elevated_tree_feed30_end3_dedicated_angled_45ft_az90_none,elevated_tree,30.0,3.0,dedicated_angled,dedicated_angled_45ft_az90,45.0,90.0,29.5,none,12m,24910000,220.27,-8.0944,4.411671698245268,0.9067000000000001,True
elevated_tree_feed30_end3_dedicated_angled_45ft_az90_none,elevated_tree,30.0,3.0,dedicated_angled,dedicated_angled_45ft_az90,45.0,90.0,29.5,none,10m,28050000,1045.6,-999.28,40.0350807892191,0.9093000000000001,True
elevated_tree_feed30_end3_dedicated_angled_45ft_az90_none,elevated_tree,30.0,3.0,dedicated_angled,dedicated_angled_45ft_az90,45.0,90.0,29.5,none,6m,50100000,175.47,28.703,3.611347529170219,0.8839,True
elevated_tree_feed30_end3_dedicated_angled_49ft_az135_none,elevated_tree,30.0,3.0,dedicated_angled,dedicated_angled_49ft_az135,49.0,135.0,29.5,none,160m,1850000,9.6551,-1355.1,3809.1559988420495,0.6883,True
elevated_tree_feed30_end3_dedicated_angled_49ft_az135_none,elevated_tree,30.0,3.0,dedicated_angled,dedicated_angled_49ft_az135,49.0,135.0,29.5,none,80m,3550000,24.682,-374.79,116.33266092960694,0.7951999999999999,True
elevated_tree_feed30_end3_dedicated_angled_49ft_az135_none,elevated_tree,30.0,3.0,dedicated_angled,dedicated_angled_49ft_az135,49.0,135.0,29.5,none,60m,5357000,79.568,279.92,21.869182316602345,0.8778,True
elevated_tree_feed30_end3_dedicated_angled_49ft_az135_none,elevated_tree,30.0,3.0,dedicated_angled,dedicated_angled_49ft_az135,49.0,135.0,29.5,none,40m,7050000,364.29,1225.1,89.81165589768486,0.9197,True
elevated_tree_feed30_end3_dedicated_angled_49ft_az135_none,elevated_tree,30.0,3.0,dedicated_angled,dedicated_angled_49ft_az135,49.0,135.0,29.5,none,30m,10120000,1180.4,-2095.3,98.02650233690765,0.9390000000000001,True
elevated_tree_feed30_end3_dedicated_angled_49ft_az135_none,elevated_tree,30.0,3.0,dedicated_angled,dedicated_angled_49ft_az135,49.0,135.0,29.5,none,20m,14050000,96.043,-79.273,3.461163956303025,0.8802,True
elevated_tree_feed30_end3_dedicated_angled_49ft_az135_none,elevated_tree,30.0,3.0,dedicated_angled,dedicated_angled_49ft_az135,49.0,135.0,29.5,none,17m,18080000,3856.7,520.04,78.53668235614805,0.9106000000000001,True
elevated_tree_feed30_end3_dedicated_angled_49ft_az135_none,elevated_tree,30.0,3.0,dedicated_angled,dedicated_angled_49ft_az135,49.0,135.0,29.5,none,15m,21050000,387.49,-1021.9,61.76233790252174,0.92,True
elevated_tree_feed30_end3_dedicated_angled_49ft_az135_none,elevated_tree,30.0,3.0,dedicated_angled,dedicated_angled_49ft_az135,49.0,135.0,29.5,none,12m,24910000,196.97,298.4,13.158479786672329,0.8885,True
elevated_tree_feed30_end3_dedicated_angled_49ft_az135_none,elevated_tree,30.0,3.0,dedicated_angled,dedicated_angled_49ft_az135,49.0,135.0,29.5,none,10m,28050000,1348.1,-879.16,38.43991394863727,0.9046,True
elevated_tree_feed30_end3_dedicated_angled_49ft_az135_none,elevated_tree,30.0,3.0,dedicated_angled,dedicated_angled_49ft_az135,49.0,135.0,29.5,none,6m,50100000,1214.4,-810.22,35.11189855229328,0.8986,True
elevated_tree_feed30_end3_dedicated_angled_49ft_az180_none,elevated_tree,30.0,3.0,dedicated_angled,dedicated_angled_49ft_az180,49.0,180.0,29.5,none,160m,1850000,10.236,-1339.8,3512.44366937283,0.7051000000000001,True
elevated_tree_feed30_end3_dedicated_angled_49ft_az180_none,elevated_tree,30.0,3.0,dedicated_angled,dedicated_angled_49ft_az180,49.0,180.0,29.5,none,80m,3550000,26.752,-365.48,102.25644367953666,0.8101999999999999,True
elevated_tree_feed30_end3_dedicated_angled_49ft_az180_none,elevated_tree,30.0,3.0,dedicated_angled,dedicated_angled_49ft_az180,49.0,180.0,29.5,none,60m,5357000,86.978,287.29,21.24583742317103,0.8875,True
elevated_tree_feed30_end3_dedicated_angled_49ft_az180_none,elevated_tree,30.0,3.0,dedicated_angled,dedicated_angled_49ft_az180,49.0,180.0,29.5,none,40m,7050000,392.57,1220.5,83.85752274814203,0.9254000000000001,True
elevated_tree_feed30_end3_dedicated_angled_49ft_az180_none,elevated_tree,30.0,3.0,dedicated_angled,dedicated_angled_49ft_az180,49.0,180.0,29.5,none,30m,10120000,1220.5,-2097.3,96.5203652602981,0.9395,True
elevated_tree_feed30_end3_dedicated_angled_49ft_az180_none,elevated_tree,30.0,3.0,dedicated_angled,dedicated_angled_49ft_az180,49.0,180.0,29.5,none,20m,14050000,89.578,-73.11,3.2338978766370508,0.8693000000000001,True
elevated_tree_feed30_end3_dedicated_angled_49ft_az180_none,elevated_tree,30.0,3.0,dedicated_angled,dedicated_angled_49ft_az180,49.0,180.0,29.5,none,17m,18080000,3675.0,369.36,74.24259491314059,0.9146,True
elevated_tree_feed30_end3_dedicated_angled_49ft_az180_none,elevated_tree,30.0,3.0,dedicated_angled,dedicated_angled_49ft_az180,49.0,180.0,29.5,none,15m,21050000,404.51,-1038.7,61.54099425236229,0.9204000000000001,True
elevated_tree_feed30_end3_dedicated_angled_49ft_az180_none,elevated_tree,30.0,3.0,dedicated_angled,dedicated_angled_49ft_az180,49.0,180.0,29.5,none,12m,24910000,186.92,310.28,14.23671013381416,0.879,True
elevated_tree_feed30_end3_dedicated_angled_49ft_az180_none,elevated_tree,30.0,3.0,dedicated_angled,dedicated_angled_49ft_az180,49.0,180.0,29.5,none,10m,28050000,1273.2,-923.62,38.87801940478051,0.9016,True
elevated_tree_feed30_end3_dedicated_angled_49ft_az180_none,elevated_tree,30.0,3.0,dedicated_angled,dedicated_angled_49ft_az180,49.0,180.0,29.5,none,6m,50100000,1213.8,-803.03,34.91397839254587,0.8976000000000001,True
elevated_tree_feed30_end3_dedicated_angled_49ft_az90_none,elevated_tree,30.0,3.0,dedicated_angled,dedicated_angled_49ft_az90,49.0,90.0,29.5,none,160m,1850000,8.0035,-1406.9,4952.662173331858,0.628,True
elevated_tree_feed30_end3_dedicated_angled_49ft_az90_none,elevated_tree,30.0,3.0,dedicated_angled,dedicated_angled_49ft_az90,49.0,90.0,29.5,none,80m,3550000,18.928,-405.68,176.91164626054845,0.7369,True
elevated_tree_feed30_end3_dedicated_angled_49ft_az90_none,elevated_tree,30.0,3.0,dedicated_angled,dedicated_angled_49ft_az90,49.0,90.0,29.5,none,60m,5357000,58.513,254.2,24.06981787969912,0.8376,True
elevated_tree_feed30_end3_dedicated_angled_49ft_az90_none,elevated_tree,30.0,3.0,dedicated_angled,dedicated_angled_49ft_az90,49.0,90.0,29.5,none,40m,7050000,273.51,1221.5,114.74906165441035,0.8952,True
elevated_tree_feed30_end3_dedicated_angled_49ft_az90_none,elevated_tree,30.0,3.0,dedicated_angled,dedicated_angled_49ft_az90,49.0,90.0,29.5,none,30m,10120000,1032.8,-2136.3,109.07203875749732,0.9356,True
elevated_tree_feed30_end3_dedicated_angled_49ft_az90_none,elevated_tree,30.0,3.0,dedicated_angled,dedicated_angled_49ft_az90,49.0,90.0,29.5,none,20m,14050000,110.87,-82.657,3.6249819725043935,0.9011,True
elevated_tree_feed30_end3_dedicated_angled_49ft_az90_none,elevated_tree,30.0,3.0,dedicated_angled,dedicated_angled_49ft_az90,49.0,90.0,29.5,none,17m,18080000,3938.0,998.41,83.82334962217202,0.9057,True
elevated_tree_feed30_end3_dedicated_angled_49ft_az90_none,elevated_tree,30.0,3.0,dedicated_angled,dedicated_angled_49ft_az90,49.0,90.0,29.5,none,15m,21050000,333.04,-1027.6,70.21019865958233,0.9116,True
elevated_tree_feed30_end3_dedicated_angled_49ft_az90_none,elevated_tree,30.0,3.0,dedicated_angled,dedicated_angled_49ft_az90,49.0,90.0,29.5,none,12m,24910000,204.63,309.86,13.647751804257567,0.8966,True
elevated_tree_feed30_end3_dedicated_angled_49ft_az90_none,elevated_tree,30.0,3.0,dedicated_angled,dedicated_angled_49ft_az90,49.0,90.0,29.5,none,10m,28050000,1407.1,-807.26,37.41338413507779,0.9106000000000001,True
elevated_tree_feed30_end3_dedicated_angled_49ft_az90_none,elevated_tree,30.0,3.0,dedicated_angled,dedicated_angled_49ft_az90,49.0,90.0,29.5,none,6m,50100000,1175.4,-806.63,34.59278897252072,0.9028,True
elevated_tree_feed30_end3_dedicated_angled_53ft_az135_none,elevated_tree,30.0,3.0,dedicated_angled,dedicated_angled_53ft_az135,53.0,135.0,29.5,none,160m,1850000,10.252,-1285.2,3227.3585342855476,0.6927,True
elevated_tree_feed30_end3_dedicated_angled_53ft_az135_none,elevated_tree,30.0,3.0,dedicated_angled,dedicated_angled_53ft_az135,53.0,135.0,29.5,none,80m,3550000,27.219,-318.85,77.07008917256314,0.8022,True
elevated_tree_feed30_end3_dedicated_angled_53ft_az135_none,elevated_tree,30.0,3.0,dedicated_angled,dedicated_angled_53ft_az135,53.0,135.0,29.5,none,60m,5357000,93.26,365.98,31.093463604879155,0.8832,True
elevated_tree_feed30_end3_dedicated_angled_53ft_az135_none,elevated_tree,30.0,3.0,dedicated_angled,dedicated_angled_53ft_az135,53.0,135.0,29.5,none,40m,7050000,495.13,1479.9,98.459244555531,0.9231,True
elevated_tree_feed30_end3_dedicated_angled_53ft_az135_none,elevated_tree,30.0,3.0,dedicated_angled,dedicated_angled_53ft_az135,53.0,135.0,29.5,none,30m,10120000,519.42,-1637.1,113.67159803015807,0.9372,True
elevated_tree_feed30_end3_dedicated_angled_53ft_az135_none,elevated_tree,30.0,3.0,dedicated_angled,dedicated_angled_53ft_az135,53.0,135.0,29.5,none,20m,14050000,98.818,89.953,3.8610065199198247,0.8701000000000001,True
elevated_tree_feed30_end3_dedicated_angled_53ft_az135_none,elevated_tree,30.0,3.0,dedicated_angled,dedicated_angled_53ft_az135,53.0,135.0,29.5,none,17m,18080000,4027.5,-1806.1,96.7506993405135,0.9208,True
elevated_tree_feed30_end3_dedicated_angled_53ft_az135_none,elevated_tree,30.0,3.0,dedicated_angled,dedicated_angled_53ft_az135,53.0,135.0,29.5,none,15m,21050000,185.22,-599.84,42.8029489691207,0.9096,True
elevated_tree_feed30_end3_dedicated_angled_53ft_az135_none,elevated_tree,30.0,3.0,dedicated_angled,dedicated_angled_53ft_az135,53.0,135.0,29.5,none,12m,24910000,293.95,672.36,36.78006239250722,0.8896999999999999,True
elevated_tree_feed30_end3_dedicated_angled_53ft_az135_none,elevated_tree,30.0,3.0,dedicated_angled,dedicated_angled_53ft_az135,53.0,135.0,29.5,none,10m,28050000,1168.1,-1815.6,79.83270914546894,0.9116,True
elevated_tree_feed30_end3_dedicated_angled_53ft_az135_none,elevated_tree,30.0,3.0,dedicated_angled,dedicated_angled_53ft_az135,53.0,135.0,29.5,none,6m,50100000,157.82,-181.36,7.508253095288016,0.8744,True
elevated_tree_feed30_end3_dedicated_angled_53ft_az180_none,elevated_tree,30.0,3.0,dedicated_angled,dedicated_angled_53ft_az180,53.0,180.0,29.5,none,160m,1850000,10.875,-1270.2,2972.0020646757816,0.7094,True
elevated_tree_feed30_end3_dedicated_angled_53ft_az180_none,elevated_tree,30.0,3.0,dedicated_angled,dedicated_angled_53ft_az180,53.0,180.0,29.5,none,80m,3550000,29.502,-309.71,67.29627321118362,0.8167,True
elevated_tree_feed30_end3_dedicated_angled_53ft_az180_none,elevated_tree,30.0,3.0,dedicated_angled,dedicated_angled_53ft_az180,53.0,180.0,29.5,none,60m,5357000,101.76,372.85,29.81556032840003,0.8924,True
elevated_tree_feed30_end3_dedicated_angled_53ft_az180_none,elevated_tree,30.0,3.0,dedicated_angled,dedicated_angled_53ft_az180,53.0,180.0,29.5,none,40m,7050000,529.5,1466.7,91.92789962445116,0.9283,True
elevated_tree_feed30_end3_dedicated_angled_53ft_az180_none,elevated_tree,30.0,3.0,dedicated_angled,dedicated_angled_53ft_az180,53.0,180.0,29.5,none,30m,10120000,538.29,-1645.4,111.44014448714822,0.9373999999999999,True
elevated_tree_feed30_end3_dedicated_angled_53ft_az180_none,elevated_tree,30.0,3.0,dedicated_angled,dedicated_angled_53ft_az180,53.0,180.0,29.5,none,20m,14050000,95.715,99.336,4.264044773283399,0.8637,True
elevated_tree_feed30_end3_dedicated_angled_53ft_az180_none,elevated_tree,30.0,3.0,dedicated_angled,dedicated_angled_53ft_az180,53.0,180.0,29.5,none,17m,18080000,3828.1,-1472.7,87.89486816737856,0.9277,True
elevated_tree_feed30_end3_dedicated_angled_53ft_az180_none,elevated_tree,30.0,3.0,dedicated_angled,dedicated_angled_53ft_az180,53.0,180.0,29.5,none,15m,21050000,185.47,-613.0,44.47723308024341,0.9057,True
elevated_tree_feed30_end3_dedicated_angled_53ft_az180_none,elevated_tree,30.0,3.0,dedicated_angled,dedicated_angled_53ft_az180,53.0,180.0,29.5,none,12m,24910000,302.81,697.89,38.36397041402216,0.8889,True
elevated_tree_feed30_end3_dedicated_angled_53ft_az180_none,elevated_tree,30.0,3.0,dedicated_angled,dedicated_angled_53ft_az180,53.0,180.0,29.5,none,10m,28050000,1206.6,-1708.8,72.56007875133024,0.9198999999999999,True
elevated_tree_feed30_end3_dedicated_angled_53ft_az180_none,elevated_tree,30.0,3.0,dedicated_angled,dedicated_angled_53ft_az180,53.0,180.0,29.5,none,6m,50100000,163.33,-181.27,7.462332564427794,0.8765000000000001,True
elevated_tree_feed30_end3_dedicated_angled_53ft_az90_none,elevated_tree,30.0,3.0,dedicated_angled,dedicated_angled_53ft_az90,53.0,90.0,29.5,none,160m,1850000,8.4776,-1336.4,4219.441184398584,0.6324000000000001,True
elevated_tree_feed30_end3_dedicated_angled_53ft_az90_none,elevated_tree,30.0,3.0,dedicated_angled,dedicated_angled_53ft_az90,53.0,90.0,29.5,none,80m,3550000,20.844,-349.33,119.89755211571541,0.7456,True
elevated_tree_feed30_end3_dedicated_angled_53ft_az90_none,elevated_tree,30.0,3.0,dedicated_angled,dedicated_angled_53ft_az90,53.0,90.0,29.5,none,60m,5357000,68.782,341.24,35.93381833141188,0.8453,True
elevated_tree_feed30_end3_dedicated_angled_53ft_az90_none,elevated_tree,30.0,3.0,dedicated_angled,dedicated_angled_53ft_az90,53.0,90.0,29.5,none,40m,7050000,377.79,1497.2,126.34975104795686,0.9004000000000001,True
elevated_tree_feed30_end3_dedicated_angled_53ft_az90_none,elevated_tree,30.0,3.0,dedicated_angled,dedicated_angled_53ft_az90,53.0,90.0,29.5,none,30m,10120000,444.7,-1641.2,130.13828078607992,0.9316,True
elevated_tree_feed30_end3_dedicated_angled_53ft_az90_none,elevated_tree,30.0,3.0,dedicated_angled,dedicated_angled_53ft_az90,53.0,90.0,29.5,none,20m,14050000,111.52,79.458,3.5275431507655313,0.8902,True
elevated_tree_feed30_end3_dedicated_angled_53ft_az90_none,elevated_tree,30.0,3.0,dedicated_angled,dedicated_angled_53ft_az90,53.0,90.0,29.5,none,17m,18080000,4872.7,-2414.8,121.39042951007814,0.9020999999999999,True
elevated_tree_feed30_end3_dedicated_angled_53ft_az90_none,elevated_tree,30.0,3.0,dedicated_angled,dedicated_angled_53ft_az90,53.0,90.0,29.5,none,15m,21050000,156.16,-590.84,48.132124879707476,0.8998,True
elevated_tree_feed30_end3_dedicated_angled_53ft_az90_none,elevated_tree,30.0,3.0,dedicated_angled,dedicated_angled_53ft_az90,53.0,90.0,29.5,none,12m,24910000,299.12,671.37,36.25956009422042,0.8964,True
elevated_tree_feed30_end3_dedicated_angled_53ft_az90_none,elevated_tree,30.0,3.0,dedicated_angled,dedicated_angled_53ft_az90,53.0,90.0,29.5,none,10m,28050000,1196.0,-1962.9,88.38153508497719,0.9048,True
elevated_tree_feed30_end3_dedicated_angled_53ft_az90_none,elevated_tree,30.0,3.0,dedicated_angled,dedicated_angled_53ft_az90,53.0,90.0,29.5,none,6m,50100000,152.16,-186.6,7.820638138681927,0.8753,True
elevated_tree_feed30_end3_dedicated_vertical_29.5ft_vertical_none,elevated_tree,30.0,3.0,dedicated_vertical,dedicated_vertical_29.5ft_vertical,29.5,,29.5,none,160m,1850000,5.9664,-1980.4,13155.40270599364,0.6118,True
elevated_tree_feed30_end3_dedicated_vertical_29.5ft_vertical_none,elevated_tree,30.0,3.0,dedicated_vertical,dedicated_vertical_29.5ft_vertical,29.5,,29.5,none,80m,3550000,12.217,-788.94,1023.2871928301242,0.6962999999999999,True
elevated_tree_feed30_end3_dedicated_vertical_29.5ft_vertical_none,elevated_tree,30.0,3.0,dedicated_vertical,dedicated_vertical_29.5ft_vertical,29.5,,29.5,none,60m,5357000,33.295,-159.1,17.315045693169072,0.8061,True
elevated_tree_feed30_end3_dedicated_vertical_29.5ft_vertical_none,elevated_tree,30.0,3.0,dedicated_vertical,dedicated_vertical_29.5ft_vertical,29.5,,29.5,none,40m,7050000,140.53,515.04,40.89419498285485,0.8815999999999999,True
elevated_tree_feed30_end3_dedicated_vertical_29.5ft_vertical_none,elevated_tree,30.0,3.0,dedicated_vertical,dedicated_vertical_29.5ft_vertical,29.5,,29.5,none,30m,10120000,410.14,-926.73,50.1845555568829,0.9306,True
elevated_tree_feed30_end3_dedicated_vertical_29.5ft_vertical_none,elevated_tree,30.0,3.0,dedicated_vertical,dedicated_vertical_29.5ft_vertical,29.5,,29.5,none,20m,14050000,432.15,961.67,51.53967702359705,0.9268000000000001,True
elevated_tree_feed30_end3_dedicated_vertical_29.5ft_vertical_none,elevated_tree,30.0,3.0,dedicated_vertical,dedicated_vertical_29.5ft_vertical,29.5,,29.5,none,17m,18080000,1963.2,-1395.3,59.10610827159915,0.9276000000000001,True
elevated_tree_feed30_end3_dedicated_vertical_29.5ft_vertical_none,elevated_tree,30.0,3.0,dedicated_vertical,dedicated_vertical_29.5ft_vertical,29.5,,29.5,none,15m,21050000,151.75,-601.06,50.95911594460663,0.9217,True
elevated_tree_feed30_end3_dedicated_vertical_29.5ft_vertical_none,elevated_tree,30.0,3.0,dedicated_vertical,dedicated_vertical_29.5ft_vertical,29.5,,29.5,none,12m,24910000,212.8,311.36,13.528420790416178,0.9153,True
elevated_tree_feed30_end3_dedicated_vertical_29.5ft_vertical_none,elevated_tree,30.0,3.0,dedicated_vertical,dedicated_vertical_29.5ft_vertical,29.5,,29.5,none,10m,28050000,1116.4,-877.6,36.14271384807153,0.9143000000000001,True
elevated_tree_feed30_end3_dedicated_vertical_29.5ft_vertical_none,elevated_tree,30.0,3.0,dedicated_vertical,dedicated_vertical_29.5ft_vertical,29.5,,29.5,none,6m,50100000,1069.4,-752.97,32.00691236700421,0.9390999999999999,True
elevated_tree_feed40_end3_coax_return_39.5ft_vertical_none,elevated_tree,40.0,3.0,coax_return,coax_return_39.5ft_vertical,39.5,,39.5,none,160m,1850000,4.6243,-1711.9,12685.695028097765,0.6402,True
elevated_tree_feed40_end3_coax_return_39.5ft_vertical_none,elevated_tree,40.0,3.0,coax_return,coax_return_39.5ft_vertical,39.5,,39.5,none,80m,3550000,10.323,-605.63,715.670909653407,0.7323000000000001,True
elevated_tree_feed40_end3_coax_return_39.5ft_vertical_none,elevated_tree,40.0,3.0,coax_return,coax_return_39.5ft_vertical,39.5,,39.5,none,60m,5357000,31.197,31.839,2.4720139878829435,0.8331999999999999,True
elevated_tree_feed40_end3_coax_return_39.5ft_vertical_none,elevated_tree,40.0,3.0,coax_return,coax_return_39.5ft_vertical,39.5,,39.5,none,40m,7050000,143.27,801.89,92.96807589421172,0.8936,True
elevated_tree_feed40_end3_coax_return_39.5ft_vertical_none,elevated_tree,40.0,3.0,coax_return,coax_return_39.5ft_vertical,39.5,,39.5,none,30m,10120000,901.96,-793.71,32.0324520149843,0.963,True
elevated_tree_feed40_end3_coax_return_39.5ft_vertical_none,elevated_tree,40.0,3.0,coax_return,coax_return_39.5ft_vertical,39.5,,39.5,none,20m,14050000,331.88,-583.54,27.272195218942713,0.9795999999999999,True
elevated_tree_feed40_end3_coax_return_39.5ft_vertical_none,elevated_tree,40.0,3.0,coax_return,coax_return_39.5ft_vertical,39.5,,39.5,none,17m,18080000,2563.6,-213.68,51.62834574609363,0.9301,True
elevated_tree_feed40_end3_coax_return_39.5ft_vertical_none,elevated_tree,40.0,3.0,coax_return,coax_return_39.5ft_vertical,39.5,,39.5,none,15m,21050000,238.84,-74.543,5.261385018725676,0.956,True
elevated_tree_feed40_end3_coax_return_39.5ft_vertical_none,elevated_tree,40.0,3.0,coax_return,coax_return_39.5ft_vertical,39.5,,39.5,none,12m,24910000,1373.1,-508.24,31.228796969735935,0.9834,True
elevated_tree_feed40_end3_coax_return_39.5ft_vertical_none,elevated_tree,40.0,3.0,coax_return,coax_return_39.5ft_vertical,39.5,,39.5,none,10m,28050000,851.37,-1289.4,56.12424134865712,0.9205,True
elevated_tree_feed40_end3_coax_return_39.5ft_vertical_none,elevated_tree,40.0,3.0,coax_return,coax_return_39.5ft_vertical,39.5,,39.5,none,6m,50100000,671.84,-591.14,23.872002672534126,0.9777,True
elevated_tree_feed40_end3_dedicated_angled_41ft_az135_none,elevated_tree,40.0,3.0,dedicated_angled,dedicated_angled_41ft_az135,41.0,135.0,39.5,none,160m,1850000,5.6012,-1602.8,9181.95809091294,0.5224,True
elevated_tree_feed40_end3_dedicated_angled_41ft_az135_none,elevated_tree,40.0,3.0,dedicated_angled,dedicated_angled_41ft_az135,41.0,135.0,39.5,none,80m,3550000,12.963,-550.19,471.149733536482,0.664,True
elevated_tree_feed40_end3_dedicated_angled_41ft_az135_none,elevated_tree,40.0,3.0,dedicated_angled,dedicated_angled_41ft_az135,41.0,135.0,39.5,none,60m,5357000,39.512,71.498,4.416821293360993,0.8029000000000001,True
elevated_tree_feed40_end3_dedicated_angled_41ft_az135_none,elevated_tree,40.0,3.0,dedicated_angled,dedicated_angled_41ft_az135,41.0,135.0,39.5,none,40m,7050000,174.61,832.81,83.20900586025486,0.8829,True
elevated_tree_feed40_end3_dedicated_angled_41ft_az135_none,elevated_tree,40.0,3.0,dedicated_angled,dedicated_angled_41ft_az135,41.0,135.0,39.5,none,30m,10120000,862.76,-584.46,25.192079967303638,0.9412,True
elevated_tree_feed40_end3_dedicated_angled_41ft_az135_none,elevated_tree,40.0,3.0,dedicated_angled,dedicated_angled_41ft_az135,41.0,135.0,39.5,none,20m,14050000,256.48,-524.09,26.705561361169266,0.9431999999999999,True
elevated_tree_feed40_end3_dedicated_angled_41ft_az135_none,elevated_tree,40.0,3.0,dedicated_angled,dedicated_angled_41ft_az135,41.0,135.0,39.5,none,17m,18080000,2456.7,68.158,49.17183479109997,0.9213,True
elevated_tree_feed40_end3_dedicated_angled_41ft_az135_none,elevated_tree,40.0,3.0,dedicated_angled,dedicated_angled_41ft_az135,41.0,135.0,39.5,none,15m,21050000,333.79,106.62,7.371065491466663,0.9281,True
elevated_tree_feed40_end3_dedicated_angled_41ft_az135_none,elevated_tree,40.0,3.0,dedicated_angled,dedicated_angled_41ft_az135,41.0,135.0,39.5,none,12m,24910000,655.22,-599.25,24.100438265830878,0.9354,True
elevated_tree_feed40_end3_dedicated_angled_41ft_az135_none,elevated_tree,40.0,3.0,dedicated_angled,dedicated_angled_41ft_az135,41.0,135.0,39.5,none,10m,28050000,929.39,-1184.3,48.80362579741929,0.9115000000000001,True
elevated_tree_feed40_end3_dedicated_angled_41ft_az135_none,elevated_tree,40.0,3.0,dedicated_angled,dedicated_angled_41ft_az135,41.0,135.0,39.5,none,6m,50100000,266.14,-491.42,23.61619047333261,0.9140999999999999,True
elevated_tree_feed40_end3_dedicated_angled_41ft_az180_none,elevated_tree,40.0,3.0,dedicated_angled,dedicated_angled_41ft_az180,41.0,180.0,39.5,none,160m,1850000,5.8016,-1593.7,8764.524667224854,0.5377000000000001,True
elevated_tree_feed40_end3_dedicated_angled_41ft_az180_none,elevated_tree,40.0,3.0,dedicated_angled,dedicated_angled_41ft_az180,41.0,180.0,39.5,none,80m,3550000,13.703,-544.32,436.3576800002074,0.6811,True
elevated_tree_feed40_end3_dedicated_angled_41ft_az180_none,elevated_tree,40.0,3.0,dedicated_angled,dedicated_angled_41ft_az180,41.0,180.0,39.5,none,60m,5357000,42.322,77.384,4.642316861890824,0.815,True
elevated_tree_feed40_end3_dedicated_angled_41ft_az180_none,elevated_tree,40.0,3.0,dedicated_angled,dedicated_angled_41ft_az180,41.0,180.0,39.5,none,40m,7050000,186.48,840.13,79.68427665251642,0.8894,True
elevated_tree_feed40_end3_dedicated_angled_41ft_az180_none,elevated_tree,40.0,3.0,dedicated_angled,dedicated_angled_41ft_az180,41.0,180.0,39.5,none,30m,10120000,820.81,-580.46,24.646329619506893,0.9388,True
elevated_tree_feed40_end3_dedicated_angled_41ft_az180_none,elevated_tree,40.0,3.0,dedicated_angled,dedicated_angled_41ft_az180,41.0,180.0,39.5,none,20m,14050000,259.12,-527.58,26.821610641747988,0.9433,True
elevated_tree_feed40_end3_dedicated_angled_41ft_az180_none,elevated_tree,40.0,3.0,dedicated_angled,dedicated_angled_41ft_az180,41.0,180.0,39.5,none,17m,18080000,2454.5,108.81,49.18651270356915,0.9205,True
elevated_tree_feed40_end3_dedicated_angled_41ft_az180_none,elevated_tree,40.0,3.0,dedicated_angled,dedicated_angled_41ft_az180,41.0,180.0,39.5,none,15m,21050000,338.63,99.561,7.370009656118668,0.9289000000000001,True
elevated_tree_feed40_end3_dedicated_angled_41ft_az180_none,elevated_tree,40.0,3.0,dedicated_angled,dedicated_angled_41ft_az180,41.0,180.0,39.5,none,12m,24910000,649.08,-592.82,23.845423767094697,0.9346,True
elevated_tree_feed40_end3_dedicated_angled_41ft_az180_none,elevated_tree,40.0,3.0,dedicated_angled,dedicated_angled_41ft_az180,41.0,180.0,39.5,none,10m,28050000,938.07,-1190.6,49.0165295427798,0.9109,True
elevated_tree_feed40_end3_dedicated_angled_41ft_az180_none,elevated_tree,40.0,3.0,dedicated_angled,dedicated_angled_41ft_az180,41.0,180.0,39.5,none,6m,50100000,265.58,-491.55,23.653342746761496,0.9131999999999999,True
elevated_tree_feed40_end3_dedicated_angled_41ft_az90_none,elevated_tree,40.0,3.0,dedicated_angled,dedicated_angled_41ft_az90,41.0,90.0,39.5,none,160m,1850000,5.072,-1628.3,10464.852487972092,0.4763,True
elevated_tree_feed40_end3_dedicated_angled_41ft_az90_none,elevated_tree,40.0,3.0,dedicated_angled,dedicated_angled_41ft_az90,41.0,90.0,39.5,none,80m,3550000,11.065,-566.72,585.2562988028324,0.6103000000000001,True
elevated_tree_feed40_end3_dedicated_angled_41ft_az90_none,elevated_tree,40.0,3.0,dedicated_angled,dedicated_angled_41ft_az90,41.0,90.0,39.5,none,60m,5357000,32.342,54.427,3.758620796853477,0.7631999999999999,True
elevated_tree_feed40_end3_dedicated_angled_41ft_az90_none,elevated_tree,40.0,3.0,dedicated_angled,dedicated_angled_41ft_az90,41.0,90.0,39.5,none,40m,7050000,143.78,808.69,94.18220527648442,0.8618000000000001,True
elevated_tree_feed40_end3_dedicated_angled_41ft_az90_none,elevated_tree,40.0,3.0,dedicated_angled,dedicated_angled_41ft_az90,41.0,90.0,39.5,none,30m,10120000,985.5,-579.99,26.549826601225572,0.9467,True
elevated_tree_feed40_end3_dedicated_angled_41ft_az90_none,elevated_tree,40.0,3.0,dedicated_angled,dedicated_angled_41ft_az90,41.0,90.0,39.5,none,20m,14050000,243.29,-517.18,27.022484634955674,0.9419,True
elevated_tree_feed40_end3_dedicated_angled_41ft_az90_none,elevated_tree,40.0,3.0,dedicated_angled,dedicated_angled_41ft_az90,41.0,90.0,39.5,none,17m,18080000,2509.7,-21.076,50.19754125307281,0.9224,True
elevated_tree_feed40_end3_dedicated_angled_41ft_az90_none,elevated_tree,40.0,3.0,dedicated_angled,dedicated_angled_41ft_az90,41.0,90.0,39.5,none,15m,21050000,312.77,113.94,7.104660662928571,0.9247,True
elevated_tree_feed40_end3_dedicated_angled_41ft_az90_none,elevated_tree,40.0,3.0,dedicated_angled,dedicated_angled_41ft_az90,41.0,90.0,39.5,none,12m,24910000,683.12,-613.01,24.69701350486621,0.9383,True
elevated_tree_feed40_end3_dedicated_angled_41ft_az90_none,elevated_tree,40.0,3.0,dedicated_angled,dedicated_angled_41ft_az90,41.0,90.0,39.5,none,10m,28050000,886.41,-1172.2,48.766749063850305,0.9118999999999999,True
elevated_tree_feed40_end3_dedicated_angled_41ft_az90_none,elevated_tree,40.0,3.0,dedicated_angled,dedicated_angled_41ft_az90,41.0,90.0,39.5,none,6m,50100000,256.07,-490.01,24.028492085205766,0.9129,True
elevated_tree_feed40_end3_dedicated_angled_45ft_az135_none,elevated_tree,40.0,3.0,dedicated_angled,dedicated_angled_45ft_az135,45.0,135.0,39.5,none,160m,1850000,6.4663,-1490.9,6882.837406437458,0.5633,True
elevated_tree_feed40_end3_dedicated_angled_45ft_az135_none,elevated_tree,40.0,3.0,dedicated_angled,dedicated_angled_45ft_az135,45.0,135.0,39.5,none,80m,3550000,16.2,-471.25,277.57541280752986,0.7125,True
elevated_tree_feed40_end3_dedicated_angled_45ft_az135_none,elevated_tree,40.0,3.0,dedicated_angled,dedicated_angled_45ft_az135,45.0,135.0,39.5,none,60m,5357000,52.536,164.37,12.205847368788119,0.8367,True
elevated_tree_feed40_end3_dedicated_angled_45ft_az135_none,elevated_tree,40.0,3.0,dedicated_angled,dedicated_angled_45ft_az135,45.0,135.0,39.5,none,40m,7050000,238.43,1002.4,89.2522798374607,0.9005,True
elevated_tree_feed40_end3_dedicated_angled_45ft_az135_none,elevated_tree,40.0,3.0,dedicated_angled,dedicated_angled_45ft_az135,45.0,135.0,39.5,none,30m,10120000,1535.2,-565.02,34.86692453159349,0.9378,True
elevated_tree_feed40_end3_dedicated_angled_45ft_az135_none,elevated_tree,40.0,3.0,dedicated_angled,dedicated_angled_45ft_az135,45.0,135.0,39.5,none,20m,14050000,162.08,-261.11,11.878842192689378,0.9298000000000001,True
elevated_tree_feed40_end3_dedicated_angled_45ft_az135_none,elevated_tree,40.0,3.0,dedicated_angled,dedicated_angled_45ft_az135,45.0,135.0,39.5,none,17m,18080000,2834.6,422.85,57.95395272866198,0.9168000000000001,True
elevated_tree_feed40_end3_dedicated_angled_45ft_az135_none,elevated_tree,40.0,3.0,dedicated_angled,dedicated_angled_45ft_az135,45.0,135.0,39.5,none,15m,21050000,1653.5,12.268,33.07182209327596,0.9342,True
elevated_tree_feed40_end3_dedicated_angled_45ft_az135_none,elevated_tree,40.0,3.0,dedicated_angled,dedicated_angled_45ft_az135,45.0,135.0,39.5,none,12m,24910000,229.71,8.769,4.601227434600178,0.9105,True
elevated_tree_feed40_end3_dedicated_angled_45ft_az135_none,elevated_tree,40.0,3.0,dedicated_angled,dedicated_angled_45ft_az135,45.0,135.0,39.5,none,10m,28050000,1065.8,-1008.4,40.419999873645075,0.9101,True
elevated_tree_feed40_end3_dedicated_angled_45ft_az135_none,elevated_tree,40.0,3.0,dedicated_angled,dedicated_angled_45ft_az135,45.0,135.0,39.5,none,6m,50100000,187.3,35.333,3.889131701089596,0.8905,True
elevated_tree_feed40_end3_dedicated_angled_45ft_az180_none,elevated_tree,40.0,3.0,dedicated_angled,dedicated_angled_45ft_az180,45.0,180.0,39.5,none,160m,1850000,6.8026,-1477.9,6429.114257670733,0.5837,True
elevated_tree_feed40_end3_dedicated_angled_45ft_az180_none,elevated_tree,40.0,3.0,dedicated_angled,dedicated_angled_45ft_az180,45.0,180.0,39.5,none,80m,3550000,17.534,-462.99,247.7057624913903,0.7332,True
elevated_tree_feed40_end3_dedicated_angled_45ft_az180_none,elevated_tree,40.0,3.0,dedicated_angled,dedicated_angled_45ft_az180,45.0,180.0,39.5,none,60m,5357000,57.82,172.32,12.210505522581512,0.8504999999999999,True
elevated_tree_feed40_end3_dedicated_angled_45ft_az180_none,elevated_tree,40.0,3.0,dedicated_angled,dedicated_angled_45ft_az180,45.0,180.0,39.5,none,40m,7050000,261.52,1008.7,83.22203109083962,0.9084,True
elevated_tree_feed40_end3_dedicated_angled_45ft_az180_none,elevated_tree,40.0,3.0,dedicated_angled,dedicated_angled_45ft_az180,45.0,180.0,39.5,none,30m,10120000,1477.5,-453.77,32.34015771533089,0.934,True
elevated_tree_feed40_end3_dedicated_angled_45ft_az180_none,elevated_tree,40.0,3.0,dedicated_angled,dedicated_angled_45ft_az180,45.0,180.0,39.5,none,20m,14050000,160.89,-264.67,12.15413355845115,0.9283,True
elevated_tree_feed40_end3_dedicated_angled_45ft_az180_none,elevated_tree,40.0,3.0,dedicated_angled,dedicated_angled_45ft_az180,45.0,180.0,39.5,none,17m,18080000,2895.4,448.25,59.296316609129974,0.915,True
elevated_tree_feed40_end3_dedicated_angled_45ft_az180_none,elevated_tree,40.0,3.0,dedicated_angled,dedicated_angled_45ft_az180,45.0,180.0,39.5,none,15m,21050000,1613.7,35.56,32.289687279835505,0.9329999999999999,True
elevated_tree_feed40_end3_dedicated_angled_45ft_az180_none,elevated_tree,40.0,3.0,dedicated_angled,dedicated_angled_45ft_az180,45.0,180.0,39.5,none,12m,24910000,234.04,9.6263,4.689096795634453,0.9117000000000001,True
elevated_tree_feed40_end3_dedicated_angled_45ft_az180_none,elevated_tree,40.0,3.0,dedicated_angled,dedicated_angled_45ft_az180,45.0,180.0,39.5,none,10m,28050000,1062.2,-1006.2,40.32932352132752,0.9087000000000001,True
elevated_tree_feed40_end3_dedicated_angled_45ft_az180_none,elevated_tree,40.0,3.0,dedicated_angled,dedicated_angled_45ft_az180,45.0,180.0,39.5,none,6m,50100000,192.51,37.276,4.00456810387738,0.8924,True
elevated_tree_feed40_end3_dedicated_angled_45ft_az90_none,elevated_tree,40.0,3.0,dedicated_angled,dedicated_angled_45ft_az90,45.0,90.0,39.5,none,160m,1850000,5.5504,-1531.3,8458.52718409494,0.4964,True
elevated_tree_feed40_end3_dedicated_angled_45ft_az90_none,elevated_tree,40.0,3.0,dedicated_angled,dedicated_angled_45ft_az90,45.0,90.0,39.5,none,80m,3550000,12.692,-496.71,392.972417416313,0.6382,True
elevated_tree_feed40_end3_dedicated_angled_45ft_az90_none,elevated_tree,40.0,3.0,dedicated_angled,dedicated_angled_45ft_az90,45.0,90.0,39.5,none,60m,5357000,38.629,139.21,12.017345460948174,0.7831,True
elevated_tree_feed40_end3_dedicated_angled_45ft_az90_none,elevated_tree,40.0,3.0,dedicated_angled,dedicated_angled_45ft_az90,45.0,90.0,39.5,none,40m,7050000,174.77,972.89,112.08806362395701,0.8694,True
elevated_tree_feed40_end3_dedicated_angled_45ft_az90_none,elevated_tree,40.0,3.0,dedicated_angled,dedicated_angled_45ft_az90,45.0,90.0,39.5,none,30m,10120000,1766.5,-879.15,44.086312099559954,0.9445,True
elevated_tree_feed40_end3_dedicated_angled_45ft_az90_none,elevated_tree,40.0,3.0,dedicated_angled,dedicated_angled_45ft_az90,45.0,90.0,39.5,none,20m,14050000,153.57,-252.53,11.616086846328908,0.9285,True
elevated_tree_feed40_end3_dedicated_angled_45ft_az90_none,elevated_tree,40.0,3.0,dedicated_angled,dedicated_angled_45ft_az90,45.0,90.0,39.5,none,17m,18080000,2817.3,286.95,56.93071571459474,0.9204000000000001,True
elevated_tree_feed40_end3_dedicated_angled_45ft_az90_none,elevated_tree,40.0,3.0,dedicated_angled,dedicated_angled_45ft_az90,45.0,90.0,39.5,none,15m,21050000,1749.3,19.227,34.990230032110226,0.9356,True
elevated_tree_feed40_end3_dedicated_angled_45ft_az90_none,elevated_tree,40.0,3.0,dedicated_angled,dedicated_angled_45ft_az90,45.0,90.0,39.5,none,12m,24910000,229.66,-11.431,4.6051438960369575,0.9127,True
elevated_tree_feed40_end3_dedicated_angled_45ft_az90_none,elevated_tree,40.0,3.0,dedicated_angled,dedicated_angled_45ft_az90,45.0,90.0,39.5,none,10m,28050000,1062.8,-984.09,39.50191412935254,0.9137000000000001,True
elevated_tree_feed40_end3_dedicated_angled_45ft_az90_none,elevated_tree,40.0,3.0,dedicated_angled,dedicated_angled_45ft_az90,45.0,90.0,39.5,none,6m,50100000,186.18,27.69,3.8122071099985626,0.8933,True
elevated_tree_feed40_end3_dedicated_angled_49ft_az135_none,elevated_tree,40.0,3.0,dedicated_angled,dedicated_angled_49ft_az135,49.0,135.0,39.5,none,160m,1850000,7.1666,-1402.2,5494.142647659484,0.5861,True
elevated_tree_feed40_end3_dedicated_angled_49ft_az135_none,elevated_tree,40.0,3.0,dedicated_angled,dedicated_angled_49ft_az135,49.0,135.0,39.5,none,80m,3550000,19.059,-404.98,175.10530849185372,0.7394,True
elevated_tree_feed40_end3_dedicated_angled_49ft_az135_none,elevated_tree,40.0,3.0,dedicated_angled,dedicated_angled_49ft_az135,49.0,135.0,39.5,none,60m,5357000,65.696,252.21,21.393175909118266,0.8553000000000001,True
elevated_tree_feed40_end3_dedicated_angled_49ft_az135_none,elevated_tree,40.0,3.0,dedicated_angled,dedicated_angled_49ft_az135,49.0,135.0,39.5,none,40m,7050000,322.2,1200.1,95.98913833092149,0.9111,True
elevated_tree_feed40_end3_dedicated_angled_49ft_az135_none,elevated_tree,40.0,3.0,dedicated_angled,dedicated_angled_49ft_az135,49.0,135.0,39.5,none,30m,10120000,1182.9,-1942.5,87.48639127564921,0.9433,True
elevated_tree_feed40_end3_dedicated_angled_49ft_az135_none,elevated_tree,40.0,3.0,dedicated_angled,dedicated_angled_49ft_az135,49.0,135.0,39.5,none,20m,14050000,131.71,-80.823,3.7382471990077257,0.9148000000000001,True
elevated_tree_feed40_end3_dedicated_angled_49ft_az135_none,elevated_tree,40.0,3.0,dedicated_angled,dedicated_angled_49ft_az135,49.0,135.0,39.5,none,17m,18080000,3799.4,563.37,77.6589983140003,0.912,True
elevated_tree_feed40_end3_dedicated_angled_49ft_az135_none,elevated_tree,40.0,3.0,dedicated_angled,dedicated_angled_49ft_az135,49.0,135.0,39.5,none,15m,21050000,342.33,-968.63,61.791657312331175,0.919,True
elevated_tree_feed40_end3_dedicated_angled_49ft_az135_none,elevated_tree,40.0,3.0,dedicated_angled,dedicated_angled_49ft_az135,49.0,135.0,39.5,none,12m,24910000,207.93,321.61,14.277855183432372,0.8983,True
elevated_tree_feed40_end3_dedicated_angled_49ft_az135_none,elevated_tree,40.0,3.0,dedicated_angled,dedicated_angled_49ft_az135,49.0,135.0,39.5,none,10m,28050000,1421.6,-819.78,37.89547161715158,0.9098999999999999,True
elevated_tree_feed40_end3_dedicated_angled_49ft_az135_none,elevated_tree,40.0,3.0,dedicated_angled,dedicated_angled_49ft_az135,49.0,135.0,39.5,none,6m,50100000,1130.3,-777.98,33.32982999538595,0.905,True
elevated_tree_feed40_end3_dedicated_angled_49ft_az180_none,elevated_tree,40.0,3.0,dedicated_angled,dedicated_angled_49ft_az180,49.0,180.0,39.5,none,160m,1850000,7.5797,-1388.1,5090.911216563619,0.6074,True
elevated_tree_feed40_end3_dedicated_angled_49ft_az180_none,elevated_tree,40.0,3.0,dedicated_angled,dedicated_angled_49ft_az180,49.0,180.0,39.5,none,80m,3550000,20.778,-396.06,153.80546178401195,0.7598999999999999,True
elevated_tree_feed40_end3_dedicated_angled_49ft_az180_none,elevated_tree,40.0,3.0,dedicated_angled,dedicated_angled_49ft_az180,49.0,180.0,39.5,none,60m,5357000,72.8,260.55,20.744691187021672,0.8684000000000001,True
elevated_tree_feed40_end3_dedicated_angled_49ft_az180_none,elevated_tree,40.0,3.0,dedicated_angled,dedicated_angled_49ft_az180,49.0,180.0,39.5,none,40m,7050000,355.03,1201.3,88.52589739782057,0.9187000000000001,True
elevated_tree_feed40_end3_dedicated_angled_49ft_az180_none,elevated_tree,40.0,3.0,dedicated_angled,dedicated_angled_49ft_az180,49.0,180.0,39.5,none,30m,10120000,1241.7,-1917.0,84.05362413448101,0.9443,True
elevated_tree_feed40_end3_dedicated_angled_49ft_az180_none,elevated_tree,40.0,3.0,dedicated_angled,dedicated_angled_49ft_az180,49.0,180.0,39.5,none,20m,14050000,127.54,-82.347,3.738719763281893,0.9107,True
elevated_tree_feed40_end3_dedicated_angled_49ft_az180_none,elevated_tree,40.0,3.0,dedicated_angled,dedicated_angled_49ft_az180,49.0,180.0,39.5,none,17m,18080000,3880.9,433.22,78.58535469820522,0.9115000000000001,True
elevated_tree_feed40_end3_dedicated_angled_49ft_az180_none,elevated_tree,40.0,3.0,dedicated_angled,dedicated_angled_49ft_az180,49.0,180.0,39.5,none,15m,21050000,353.17,-956.8,59.030843427887866,0.9215000000000001,True
elevated_tree_feed40_end3_dedicated_angled_49ft_az180_none,elevated_tree,40.0,3.0,dedicated_angled,dedicated_angled_49ft_az180,49.0,180.0,39.5,none,12m,24910000,209.82,315.47,13.848843496327625,0.8989,True
elevated_tree_feed40_end3_dedicated_angled_49ft_az180_none,elevated_tree,40.0,3.0,dedicated_angled,dedicated_angled_49ft_az180,49.0,180.0,39.5,none,10m,28050000,1424.1,-811.38,37.73627418239762,0.9087000000000001,True
elevated_tree_feed40_end3_dedicated_angled_49ft_az180_none,elevated_tree,40.0,3.0,dedicated_angled,dedicated_angled_49ft_az180,49.0,180.0,39.5,none,6m,50100000,1142.6,-766.55,33.150889728183294,0.9039,True
elevated_tree_feed40_end3_dedicated_angled_49ft_az90_none,elevated_tree,40.0,3.0,dedicated_angled,dedicated_angled_49ft_az90,49.0,90.0,39.5,none,160m,1850000,6.0327,-1447.8,6957.618280759464,0.5136,True
elevated_tree_feed40_end3_dedicated_angled_49ft_az90_none,elevated_tree,40.0,3.0,dedicated_angled,dedicated_angled_49ft_az90,49.0,90.0,39.5,none,80m,3550000,14.492,-433.39,262.9508066733147,0.6626000000000001,True
elevated_tree_feed40_end3_dedicated_angled_49ft_az90_none,elevated_tree,40.0,3.0,dedicated_angled,dedicated_angled_49ft_az90,49.0,90.0,39.5,none,60m,5357000,46.665,224.75,23.61142871713883,0.8016,True
elevated_tree_feed40_end3_dedicated_angled_49ft_az90_none,elevated_tree,40.0,3.0,dedicated_angled,dedicated_angled_49ft_az90,49.0,90.0,39.5,none,40m,7050000,226.96,1177.2,126.87004192281192,0.8785,True
elevated_tree_feed40_end3_dedicated_angled_49ft_az90_none,elevated_tree,40.0,3.0,dedicated_angled,dedicated_angled_49ft_az90,49.0,90.0,39.5,none,30m,10120000,1000.1,-2081.5,106.68680235184486,0.9373,True
elevated_tree_feed40_end3_dedicated_angled_49ft_az90_none,elevated_tree,40.0,3.0,dedicated_angled,dedicated_angled_49ft_az90,49.0,90.0,39.5,none,20m,14050000,129.97,-72.803,3.5152443360433745,0.9167000000000001,True
elevated_tree_feed40_end3_dedicated_angled_49ft_az90_none,elevated_tree,40.0,3.0,dedicated_angled,dedicated_angled_49ft_az90,49.0,90.0,39.5,none,17m,18080000,3636.7,562.38,74.4736522267149,0.9165000000000001,True
elevated_tree_feed40_end3_dedicated_angled_49ft_az90_none,elevated_tree,40.0,3.0,dedicated_angled,dedicated_angled_49ft_az90,49.0,90.0,39.5,none,15m,21050000,342.88,-1002.0,65.55116415283949,0.9193000000000001,True
elevated_tree_feed40_end3_dedicated_angled_49ft_az90_none,elevated_tree,40.0,3.0,dedicated_angled,dedicated_angled_49ft_az90,49.0,90.0,39.5,none,12m,24910000,188.34,315.31,14.520955789497613,0.8905,True
elevated_tree_feed40_end3_dedicated_angled_49ft_az90_none,elevated_tree,40.0,3.0,dedicated_angled,dedicated_angled_49ft_az90,49.0,90.0,39.5,none,10m,28050000,1501.2,-840.05,39.43354632315551,0.9137000000000001,True
elevated_tree_feed40_end3_dedicated_angled_49ft_az90_none,elevated_tree,40.0,3.0,dedicated_angled,dedicated_angled_49ft_az90,49.0,90.0,39.5,none,6m,50100000,1101.8,-795.38,33.53512123878874,0.9070999999999999,True
elevated_tree_feed40_end3_dedicated_angled_53ft_az135_none,elevated_tree,40.0,3.0,dedicated_angled,dedicated_angled_53ft_az135,53.0,135.0,39.5,none,160m,1850000,7.8207,-1327.3,4511.837474087801,0.6026,True
elevated_tree_feed40_end3_dedicated_angled_53ft_az135_none,elevated_tree,40.0,3.0,dedicated_angled,dedicated_angled_53ft_az135,53.0,135.0,39.5,none,80m,3550000,21.965,-345.29,111.2659001371311,0.7587,True
elevated_tree_feed40_end3_dedicated_angled_53ft_az135_none,elevated_tree,40.0,3.0,dedicated_angled,dedicated_angled_53ft_az135,53.0,135.0,39.5,none,60m,5357000,81.384,343.05,31.130429423069835,0.8686,True
elevated_tree_feed40_end3_dedicated_angled_53ft_az135_none,elevated_tree,40.0,3.0,dedicated_angled,dedicated_angled_53ft_az135,53.0,135.0,39.5,none,40m,7050000,465.5,1464.6,101.56881869070047,0.9192,True
elevated_tree_feed40_end3_dedicated_angled_53ft_az135_none,elevated_tree,40.0,3.0,dedicated_angled,dedicated_angled_53ft_az135,53.0,135.0,39.5,none,30m,10120000,543.21,-1573.7,102.12782710089087,0.9440000000000001,True
elevated_tree_feed40_end3_dedicated_angled_53ft_az135_none,elevated_tree,40.0,3.0,dedicated_angled,dedicated_angled_53ft_az135,53.0,135.0,39.5,none,20m,14050000,126.51,81.996,3.7194650767313377,0.9007999999999999,True
elevated_tree_feed40_end3_dedicated_angled_53ft_az135_none,elevated_tree,40.0,3.0,dedicated_angled,dedicated_angled_53ft_az135,53.0,135.0,39.5,none,17m,18080000,4104.1,-2502.1,112.59383882344302,0.9087000000000001,True
elevated_tree_feed40_end3_dedicated_angled_53ft_az135_none,elevated_tree,40.0,3.0,dedicated_angled,dedicated_angled_53ft_az135,53.0,135.0,39.5,none,15m,21050000,161.05,-564.97,43.14704429207789,0.9057,True
elevated_tree_feed40_end3_dedicated_angled_53ft_az135_none,elevated_tree,40.0,3.0,dedicated_angled,dedicated_angled_53ft_az135,53.0,135.0,39.5,none,12m,24910000,295.68,672.24,36.62267286573488,0.8956999999999999,True
elevated_tree_feed40_end3_dedicated_angled_53ft_az135_none,elevated_tree,40.0,3.0,dedicated_angled,dedicated_angled_53ft_az135,53.0,135.0,39.5,none,10m,28050000,1176.2,-1970.4,89.57262434606703,0.9024,True
elevated_tree_feed40_end3_dedicated_angled_53ft_az135_none,elevated_tree,40.0,3.0,dedicated_angled,dedicated_angled_53ft_az135,53.0,135.0,39.5,none,6m,50100000,161.63,-177.95,7.323763746343033,0.8811,True
elevated_tree_feed40_end3_dedicated_angled_53ft_az180_none,elevated_tree,40.0,3.0,dedicated_angled,dedicated_angled_53ft_az180,53.0,180.0,39.5,none,160m,1850000,8.2911,-1313.0,4164.7975366380515,0.6239,True
elevated_tree_feed40_end3_dedicated_angled_53ft_az180_none,elevated_tree,40.0,3.0,dedicated_angled,dedicated_angled_53ft_az180,53.0,180.0,39.5,none,80m,3550000,24.005,-336.17,96.70826734997179,0.7781,True
elevated_tree_feed40_end3_dedicated_angled_53ft_az180_none,elevated_tree,40.0,3.0,dedicated_angled,dedicated_angled_53ft_az180,53.0,180.0,39.5,none,60m,5357000,90.221,351.29,29.681007424997283,0.8806,True
elevated_tree_feed40_end3_dedicated_angled_53ft_az180_none,elevated_tree,40.0,3.0,dedicated_angled,dedicated_angled_53ft_az180,53.0,180.0,39.5,none,40m,7050000,509.62,1456.0,93.47654927070944,0.9259999999999999,True
elevated_tree_feed40_end3_dedicated_angled_53ft_az180_none,elevated_tree,40.0,3.0,dedicated_angled,dedicated_angled_53ft_az180,53.0,180.0,39.5,none,30m,10120000,574.8,-1568.6,97.18529144878148,0.9459000000000001,True
elevated_tree_feed40_end3_dedicated_angled_53ft_az180_none,elevated_tree,40.0,3.0,dedicated_angled,dedicated_angled_53ft_az180,53.0,180.0,39.5,none,20m,14050000,120.34,83.782,3.7200763149637943,0.8941,True
elevated_tree_feed40_end3_dedicated_angled_53ft_az180_none,elevated_tree,40.0,3.0,dedicated_angled,dedicated_angled_53ft_az180,53.0,180.0,39.5,none,17m,18080000,3827.4,-2425.2,107.28589675161204,0.9131,True
elevated_tree_feed40_end3_dedicated_angled_53ft_az180_none,elevated_tree,40.0,3.0,dedicated_angled,dedicated_angled_53ft_az180,53.0,180.0,39.5,none,15m,21050000,171.11,-563.8,40.84385525413969,0.9104000000000001,True
elevated_tree_feed40_end3_dedicated_angled_53ft_az180_none,elevated_tree,40.0,3.0,dedicated_angled,dedicated_angled_53ft_az180,53.0,180.0,39.5,none,12m,24910000,289.72,664.99,36.46639072248642,0.8931999999999999,True
elevated_tree_feed40_end3_dedicated_angled_53ft_az180_none,elevated_tree,40.0,3.0,dedicated_angled,dedicated_angled_53ft_az180,53.0,180.0,39.5,none,10m,28050000,1160.5,-1963.0,89.65070255593818,0.9014,True
elevated_tree_feed40_end3_dedicated_angled_53ft_az180_none,elevated_tree,40.0,3.0,dedicated_angled,dedicated_angled_53ft_az180,53.0,180.0,39.5,none,6m,50100000,165.57,-179.39,7.3648784025068,0.8823000000000001,True
elevated_tree_feed40_end3_dedicated_angled_53ft_az90_none,elevated_tree,40.0,3.0,dedicated_angled,dedicated_angled_53ft_az90,53.0,90.0,39.5,none,160m,1850000,6.5257,-1375.1,5803.032742948368,0.529,True
elevated_tree_feed40_end3_dedicated_angled_53ft_az90_none,elevated_tree,40.0,3.0,dedicated_angled,dedicated_angled_53ft_az90,53.0,90.0,39.5,none,80m,3550000,16.512,-374.87,173.56517239503034,0.6843,True
elevated_tree_feed40_end3_dedicated_angled_53ft_az90_none,elevated_tree,40.0,3.0,dedicated_angled,dedicated_angled_53ft_az90,53.0,90.0,39.5,none,60m,5357000,57.367,315.03,36.591240472564536,0.8188,True
elevated_tree_feed40_end3_dedicated_angled_53ft_az90_none,elevated_tree,40.0,3.0,dedicated_angled,dedicated_angled_53ft_az90,53.0,90.0,39.5,none,40m,7050000,329.31,1460.6,136.29568667225794,0.8894,True
elevated_tree_feed40_end3_dedicated_angled_53ft_az90_none,elevated_tree,40.0,3.0,dedicated_angled,dedicated_angled_53ft_az90,53.0,90.0,39.5,none,30m,10120000,440.44,-1620.2,128.11568168532582,0.9329999999999999,True
elevated_tree_feed40_end3_dedicated_angled_53ft_az90_none,elevated_tree,40.0,3.0,dedicated_angled,dedicated_angled_53ft_az90,53.0,90.0,39.5,none,20m,14050000,132.1,87.87,3.935379681164008,0.9081999999999999,True
elevated_tree_feed40_end3_dedicated_angled_53ft_az90_none,elevated_tree,40.0,3.0,dedicated_angled,dedicated_angled_53ft_az90,53.0,90.0,39.5,none,17m,18080000,4503.5,-2353.3,114.66667882643816,0.9091,True
elevated_tree_feed40_end3_dedicated_angled_53ft_az90_none,elevated_tree,40.0,3.0,dedicated_angled,dedicated_angled_53ft_az90,53.0,90.0,39.5,none,15m,21050000,148.34,-589.29,50.10373828144829,0.898,True
elevated_tree_feed40_end3_dedicated_angled_53ft_az90_none,elevated_tree,40.0,3.0,dedicated_angled,dedicated_angled_53ft_az90,53.0,90.0,39.5,none,12m,24910000,266.8,693.51,41.55302282539167,0.8851,True
elevated_tree_feed40_end3_dedicated_angled_53ft_az90_none,elevated_tree,40.0,3.0,dedicated_angled,dedicated_angled_53ft_az90,53.0,90.0,39.5,none,10m,28050000,1065.7,-2001.9,96.56128881126409,0.8995000000000001,True
elevated_tree_feed40_end3_dedicated_angled_53ft_az90_none,elevated_tree,40.0,3.0,dedicated_angled,dedicated_angled_53ft_az90,53.0,90.0,39.5,none,6m,50100000,156.13,-185.74,7.732837841613211,0.8815000000000001,True
elevated_tree_feed40_end3_dedicated_vertical_39.5ft_vertical_none,elevated_tree,40.0,3.0,dedicated_vertical,dedicated_vertical_39.5ft_vertical,39.5,,39.5,none,160m,1850000,4.8839,-1666.1,11377.845742209085,0.4669,True
elevated_tree_feed40_end3_dedicated_vertical_39.5ft_vertical_none,elevated_tree,40.0,3.0,dedicated_vertical,dedicated_vertical_39.5ft_vertical,39.5,,39.5,none,80m,3550000,10.474,-594.21,679.1950691545363,0.598,True
elevated_tree_feed40_end3_dedicated_vertical_39.5ft_vertical_none,elevated_tree,40.0,3.0,dedicated_vertical,dedicated_vertical_39.5ft_vertical,39.5,,39.5,none,60m,5357000,30.264,22.035,2.1026992414620094,0.7548,True
elevated_tree_feed40_end3_dedicated_vertical_39.5ft_vertical_none,elevated_tree,40.0,3.0,dedicated_vertical,dedicated_vertical_39.5ft_vertical,39.5,,39.5,none,40m,7050000,134.91,751.66,86.81576824272462,0.8591,True
elevated_tree_feed40_end3_dedicated_vertical_39.5ft_vertical_none,elevated_tree,40.0,3.0,dedicated_vertical,dedicated_vertical_39.5ft_vertical,39.5,,39.5,none,30m,10120000,846.95,-620.14,26.041011563652265,0.9469,True
elevated_tree_feed40_end3_dedicated_vertical_39.5ft_vertical_none,elevated_tree,40.0,3.0,dedicated_vertical,dedicated_vertical_39.5ft_vertical,39.5,,39.5,none,20m,14050000,329.11,-667.54,33.784203880570814,0.9460999999999999,True
elevated_tree_feed40_end3_dedicated_vertical_39.5ft_vertical_none,elevated_tree,40.0,3.0,dedicated_vertical,dedicated_vertical_39.5ft_vertical,39.5,,39.5,none,17m,18080000,2428.7,-141.39,48.73869370354672,0.9228000000000001,True
elevated_tree_feed40_end3_dedicated_vertical_39.5ft_vertical_none,elevated_tree,40.0,3.0,dedicated_vertical,dedicated_vertical_39.5ft_vertical,39.5,,39.5,none,15m,21050000,215.9,-29.131,4.400978367744037,0.9170999999999999,True
elevated_tree_feed40_end3_dedicated_vertical_39.5ft_vertical_none,elevated_tree,40.0,3.0,dedicated_vertical,dedicated_vertical_39.5ft_vertical,39.5,,39.5,none,12m,24910000,1682.4,-709.24,39.63229465203919,0.9395,True
elevated_tree_feed40_end3_dedicated_vertical_39.5ft_vertical_none,elevated_tree,40.0,3.0,dedicated_vertical,dedicated_vertical_39.5ft_vertical,39.5,,39.5,none,10m,28050000,826.89,-1275.6,55.936419554484715,0.9105,True
elevated_tree_feed40_end3_dedicated_vertical_39.5ft_vertical_none,elevated_tree,40.0,3.0,dedicated_vertical,dedicated_vertical_39.5ft_vertical,39.5,,39.5,none,6m,50100000,847.24,-745.34,30.084491579457982,0.9273,True
low_sloper_cp_sweep_feed3_end30_dedicated_angled_13ft_az135_none,low_sloper_cp_sweep,3.0,30.0,dedicated_angled,dedicated_angled_13ft_az135,13.0,135.0,17.0,none,160m,1850000,18.503,-3152.2,10743.346608549311,0.8993000000000001,True
low_sloper_cp_sweep_feed3_end30_dedicated_angled_13ft_az135_none,low_sloper_cp_sweep,3.0,30.0,dedicated_angled,dedicated_angled_13ft_az135,13.0,135.0,17.0,none,80m,3550000,28.271,-1452.0,1493.8292265440946,0.8933,True
low_sloper_cp_sweep_feed3_end30_dedicated_angled_13ft_az135_none,low_sloper_cp_sweep,3.0,30.0,dedicated_angled,dedicated_angled_13ft_az135,13.0,135.0,17.0,none,60m,5357000,55.113,-677.17,168.41046176698225,0.9023,True
low_sloper_cp_sweep_feed3_end30_dedicated_angled_13ft_az135_none,low_sloper_cp_sweep,3.0,30.0,dedicated_angled,dedicated_angled_13ft_az135,13.0,135.0,17.0,none,40m,7050000,168.75,-10.277,3.3887168900574407,0.914,True
low_sloper_cp_sweep_feed3_end30_dedicated_angled_13ft_az135_none,low_sloper_cp_sweep,3.0,30.0,dedicated_angled,dedicated_angled_13ft_az135,13.0,135.0,17.0,none,30m,10120000,310.29,-1283.0,112.4580828277139,0.9198999999999999,True
low_sloper_cp_sweep_feed3_end30_dedicated_angled_13ft_az135_none,low_sloper_cp_sweep,3.0,30.0,dedicated_angled,dedicated_angled_13ft_az135,13.0,135.0,17.0,none,20m,14050000,83.017,-107.25,4.826574215285473,0.9098,True
low_sloper_cp_sweep_feed3_end30_dedicated_angled_13ft_az135_none,low_sloper_cp_sweep,3.0,30.0,dedicated_angled,dedicated_angled_13ft_az135,13.0,135.0,17.0,none,17m,18080000,2636.3,336.28,53.584204896352,0.9091,True
low_sloper_cp_sweep_feed3_end30_dedicated_angled_13ft_az135_none,low_sloper_cp_sweep,3.0,30.0,dedicated_angled,dedicated_angled_13ft_az135,13.0,135.0,17.0,none,15m,21050000,118.94,-215.16,10.488234893835122,0.8979,True
low_sloper_cp_sweep_feed3_end30_dedicated_angled_13ft_az135_none,low_sloper_cp_sweep,3.0,30.0,dedicated_angled,dedicated_angled_13ft_az135,13.0,135.0,17.0,none,12m,24910000,231.78,628.41,38.90095660438663,0.9162,True
low_sloper_cp_sweep_feed3_end30_dedicated_angled_13ft_az135_none,low_sloper_cp_sweep,3.0,30.0,dedicated_angled,dedicated_angled_13ft_az135,13.0,135.0,17.0,none,10m,28050000,1111.4,-821.64,34.39241472636313,0.9016,True
low_sloper_cp_sweep_feed3_end30_dedicated_angled_13ft_az135_none,low_sloper_cp_sweep,3.0,30.0,dedicated_angled,dedicated_angled_13ft_az135,13.0,135.0,17.0,none,6m,50100000,128.96,-299.52,16.820653496056252,0.8976000000000001,True
low_sloper_cp_sweep_feed3_end30_dedicated_angled_13ft_az180_none,low_sloper_cp_sweep,3.0,30.0,dedicated_angled,dedicated_angled_13ft_az180,13.0,180.0,17.0,none,160m,1850000,18.808,-3118.9,10347.076626938937,0.9006000000000001,True
low_sloper_cp_sweep_feed3_end30_dedicated_angled_13ft_az180_none,low_sloper_cp_sweep,3.0,30.0,dedicated_angled,dedicated_angled_13ft_az180,13.0,180.0,17.0,none,80m,3550000,28.835,-1435.1,1430.79067769414,0.895,True
low_sloper_cp_sweep_feed3_end30_dedicated_angled_13ft_az180_none,low_sloper_cp_sweep,3.0,30.0,dedicated_angled,dedicated_angled_13ft_az180,13.0,180.0,17.0,none,60m,5357000,55.996,-666.93,160.87355281992737,0.9035,True
low_sloper_cp_sweep_feed3_end30_dedicated_angled_13ft_az180_none,low_sloper_cp_sweep,3.0,30.0,dedicated_angled,dedicated_angled_13ft_az180,13.0,180.0,17.0,none,40m,7050000,169.81,-4.9947,3.3994168628685997,0.9140999999999999,True
low_sloper_cp_sweep_feed3_end30_dedicated_angled_13ft_az180_none,low_sloper_cp_sweep,3.0,30.0,dedicated_angled,dedicated_angled_13ft_az180,13.0,180.0,17.0,none,30m,10120000,308.47,-1271.9,111.20982024885542,0.9189,True
low_sloper_cp_sweep_feed3_end30_dedicated_angled_13ft_az180_none,low_sloper_cp_sweep,3.0,30.0,dedicated_angled,dedicated_angled_13ft_az180,13.0,180.0,17.0,none,20m,14050000,84.917,-102.24,4.528252048739514,0.9115000000000001,True
low_sloper_cp_sweep_feed3_end30_dedicated_angled_13ft_az180_none,low_sloper_cp_sweep,3.0,30.0,dedicated_angled,dedicated_angled_13ft_az180,13.0,180.0,17.0,none,17m,18080000,2621.3,328.22,53.24824066320909,0.9083,True
low_sloper_cp_sweep_feed3_end30_dedicated_angled_13ft_az180_none,low_sloper_cp_sweep,3.0,30.0,dedicated_angled,dedicated_angled_13ft_az180,13.0,180.0,17.0,none,15m,21050000,118.87,-208.59,10.018781727826113,0.8974,True
low_sloper_cp_sweep_feed3_end30_dedicated_angled_13ft_az180_none,low_sloper_cp_sweep,3.0,30.0,dedicated_angled,dedicated_angled_13ft_az180,13.0,180.0,17.0,none,12m,24910000,239.07,628.28,37.98682799466578,0.9186,True
low_sloper_cp_sweep_feed3_end30_dedicated_angled_13ft_az180_none,low_sloper_cp_sweep,3.0,30.0,dedicated_angled,dedicated_angled_13ft_az180,13.0,180.0,17.0,none,10m,28050000,1088.6,-813.97,33.96094796392286,0.8994,True
low_sloper_cp_sweep_feed3_end30_dedicated_angled_13ft_az180_none,low_sloper_cp_sweep,3.0,30.0,dedicated_angled,dedicated_angled_13ft_az180,13.0,180.0,17.0,none,6m,50100000,123.26,-295.47,16.977533563467073,0.89,True
low_sloper_cp_sweep_feed3_end30_dedicated_angled_13ft_az90_none,low_sloper_cp_sweep,3.0,30.0,dedicated_angled,dedicated_angled_13ft_az90,13.0,90.0,17.0,none,160m,1850000,17.698,-3266.3,12059.587338486594,0.8959,True
low_sloper_cp_sweep_feed3_end30_dedicated_angled_13ft_az90_none,low_sloper_cp_sweep,3.0,30.0,dedicated_angled,dedicated_angled_13ft_az90,13.0,90.0,17.0,none,80m,3550000,26.814,-1510.0,1703.07914028093,0.8889,True
low_sloper_cp_sweep_feed3_end30_dedicated_angled_13ft_az90_none,low_sloper_cp_sweep,3.0,30.0,dedicated_angled,dedicated_angled_13ft_az90,13.0,90.0,17.0,none,60m,5357000,52.85,-712.25,193.97523637730959,0.8996,True
low_sloper_cp_sweep_feed3_end30_dedicated_angled_13ft_az90_none,low_sloper_cp_sweep,3.0,30.0,dedicated_angled,dedicated_angled_13ft_az90,13.0,90.0,17.0,none,40m,7050000,166.25,-28.771,3.4341395264471375,0.9140999999999999,True
low_sloper_cp_sweep_feed3_end30_dedicated_angled_13ft_az90_none,low_sloper_cp_sweep,3.0,30.0,dedicated_angled,dedicated_angled_13ft_az90,13.0,90.0,17.0,none,30m,10120000,316.08,-1319.6,116.65497658618266,0.9231999999999999,True
low_sloper_cp_sweep_feed3_end30_dedicated_angled_13ft_az90_none,low_sloper_cp_sweep,3.0,30.0,dedicated_angled,dedicated_angled_13ft_az90,13.0,90.0,17.0,none,20m,14050000,77.789,-123.93,5.980119745930274,0.9052,True
low_sloper_cp_sweep_feed3_end30_dedicated_angled_13ft_az90_none,low_sloper_cp_sweep,3.0,30.0,dedicated_angled,dedicated_angled_13ft_az90,13.0,90.0,17.0,none,17m,18080000,2681.7,359.15,54.59632082468656,0.9118,True
low_sloper_cp_sweep_feed3_end30_dedicated_angled_13ft_az90_none,low_sloper_cp_sweep,3.0,30.0,dedicated_angled,dedicated_angled_13ft_az90,13.0,90.0,17.0,none,15m,21050000,120.57,-234.54,11.86665277304188,0.9013,True
low_sloper_cp_sweep_feed3_end30_dedicated_angled_13ft_az90_none,low_sloper_cp_sweep,3.0,30.0,dedicated_angled,dedicated_angled_13ft_az90,13.0,90.0,17.0,none,12m,24910000,211.86,625.48,41.381469447448254,0.9094,True
low_sloper_cp_sweep_feed3_end30_dedicated_angled_13ft_az90_none,low_sloper_cp_sweep,3.0,30.0,dedicated_angled,dedicated_angled_13ft_az90,13.0,90.0,17.0,none,10m,28050000,1178.2,-831.36,35.31058141519074,0.9083,True
low_sloper_cp_sweep_feed3_end30_dedicated_angled_13ft_az90_none,low_sloper_cp_sweep,3.0,30.0,dedicated_angled,dedicated_angled_13ft_az90,13.0,90.0,17.0,none,6m,50100000,134.85,-301.58,16.49629823336003,0.9085,True
low_sloper_cp_sweep_feed3_end30_dedicated_angled_17ft_az135_none,low_sloper_cp_sweep,3.0,30.0,dedicated_angled,dedicated_angled_17ft_az135,17.0,135.0,17.0,none,160m,1850000,17.643,-2563.9,7454.961590569749,0.8869,True
low_sloper_cp_sweep_feed3_end30_dedicated_angled_17ft_az135_none,low_sloper_cp_sweep,3.0,30.0,dedicated_angled,dedicated_angled_17ft_az135,17.0,135.0,17.0,none,80m,3550000,28.258,-1132.4,909.920533506259,0.8863,True
low_sloper_cp_sweep_feed3_end30_dedicated_angled_17ft_az135_none,low_sloper_cp_sweep,3.0,30.0,dedicated_angled,dedicated_angled_17ft_az135,17.0,135.0,17.0,none,60m,5357000,56.361,-448.87,73.49851763857733,0.8994,True
low_sloper_cp_sweep_feed3_end30_dedicated_angled_17ft_az135_none,low_sloper_cp_sweep,3.0,30.0,dedicated_angled,dedicated_angled_17ft_az135,17.0,135.0,17.0,none,40m,7050000,172.64,184.12,7.537009048394342,0.9131,True
low_sloper_cp_sweep_feed3_end30_dedicated_angled_17ft_az135_none,low_sloper_cp_sweep,3.0,30.0,dedicated_angled,dedicated_angled_17ft_az135,17.0,135.0,17.0,none,30m,10120000,319.65,-1141.1,88.00899306993958,0.9198000000000001,True
low_sloper_cp_sweep_feed3_end30_dedicated_angled_17ft_az135_none,low_sloper_cp_sweep,3.0,30.0,dedicated_angled,dedicated_angled_17ft_az135,17.0,135.0,17.0,none,20m,14050000,96.034,58.824,2.8055219151812847,0.9118999999999999,True
low_sloper_cp_sweep_feed3_end30_dedicated_angled_17ft_az135_none,low_sloper_cp_sweep,3.0,30.0,dedicated_angled,dedicated_angled_17ft_az135,17.0,135.0,17.0,none,17m,18080000,2790.0,526.18,57.78531386523821,0.9097,True
low_sloper_cp_sweep_feed3_end30_dedicated_angled_17ft_az135_none,low_sloper_cp_sweep,3.0,30.0,dedicated_angled,dedicated_angled_17ft_az135,17.0,135.0,17.0,none,15m,21050000,192.22,98.75,4.915714558778146,0.9118999999999999,True
low_sloper_cp_sweep_feed3_end30_dedicated_angled_17ft_az135_none,low_sloper_cp_sweep,3.0,30.0,dedicated_angled,dedicated_angled_17ft_az135,17.0,135.0,17.0,none,12m,24910000,843.24,1529.4,72.38830262869186,0.9387000000000001,True
low_sloper_cp_sweep_feed3_end30_dedicated_angled_17ft_az135_none,low_sloper_cp_sweep,3.0,30.0,dedicated_angled,dedicated_angled_17ft_az135,17.0,135.0,17.0,none,10m,28050000,2625.4,-2053.9,84.65132670046242,0.9407,True
low_sloper_cp_sweep_feed3_end30_dedicated_angled_17ft_az135_none,low_sloper_cp_sweep,3.0,30.0,dedicated_angled,dedicated_angled_17ft_az135,17.0,135.0,17.0,none,6m,50100000,246.71,294.87,12.102867310830261,0.9105,True
low_sloper_cp_sweep_feed3_end30_dedicated_angled_17ft_az180_none,low_sloper_cp_sweep,3.0,30.0,dedicated_angled,dedicated_angled_17ft_az180,17.0,180.0,17.0,none,160m,1850000,18.026,-2536.2,7139.8371801125195,0.8891,True
low_sloper_cp_sweep_feed3_end30_dedicated_angled_17ft_az180_none,low_sloper_cp_sweep,3.0,30.0,dedicated_angled,dedicated_angled_17ft_az180,17.0,180.0,17.0,none,80m,3550000,28.981,-1118.5,865.6571370417574,0.8887999999999999,True
low_sloper_cp_sweep_feed3_end30_dedicated_angled_17ft_az180_none,low_sloper_cp_sweep,3.0,30.0,dedicated_angled,dedicated_angled_17ft_az180,17.0,180.0,17.0,none,60m,5357000,57.516,-440.88,69.5952231916245,0.9011,True
low_sloper_cp_sweep_feed3_end30_dedicated_angled_17ft_az180_none,low_sloper_cp_sweep,3.0,30.0,dedicated_angled,dedicated_angled_17ft_az180,17.0,180.0,17.0,none,40m,7050000,174.12,187.09,7.659524280480657,0.9135,True
low_sloper_cp_sweep_feed3_end30_dedicated_angled_17ft_az180_none,low_sloper_cp_sweep,3.0,30.0,dedicated_angled,dedicated_angled_17ft_az180,17.0,180.0,17.0,none,30m,10120000,317.2,-1130.3,87.04361428073868,0.9187000000000001,True
low_sloper_cp_sweep_feed3_end30_dedicated_angled_17ft_az180_none,low_sloper_cp_sweep,3.0,30.0,dedicated_angled,dedicated_angled_17ft_az180,17.0,180.0,17.0,none,20m,14050000,98.517,62.648,2.9337799086232605,0.9139,True
low_sloper_cp_sweep_feed3_end30_dedicated_angled_17ft_az180_none,low_sloper_cp_sweep,3.0,30.0,dedicated_angled,dedicated_angled_17ft_az180,17.0,180.0,17.0,none,17m,18080000,2764.0,510.81,57.168635648705106,0.9091,True
low_sloper_cp_sweep_feed3_end30_dedicated_angled_17ft_az180_none,low_sloper_cp_sweep,3.0,30.0,dedicated_angled,dedicated_angled_17ft_az180,17.0,180.0,17.0,none,15m,21050000,192.38,106.49,5.089966544201575,0.9117000000000001,True
low_sloper_cp_sweep_feed3_end30_dedicated_angled_17ft_az180_none,low_sloper_cp_sweep,3.0,30.0,dedicated_angled,dedicated_angled_17ft_az180,17.0,180.0,17.0,none,12m,24910000,856.42,1508.2,70.29292349579978,0.9401999999999999,True
low_sloper_cp_sweep_feed3_end30_dedicated_angled_17ft_az180_none,low_sloper_cp_sweep,3.0,30.0,dedicated_angled,dedicated_angled_17ft_az180,17.0,180.0,17.0,none,10m,28050000,2688.5,-1997.6,83.46161345975402,0.9416,True
low_sloper_cp_sweep_feed3_end30_dedicated_angled_17ft_az180_none,low_sloper_cp_sweep,3.0,30.0,dedicated_angled,dedicated_angled_17ft_az180,17.0,180.0,17.0,none,6m,50100000,248.48,312.72,12.965054779244994,0.9096,True
low_sloper_cp_sweep_feed3_end30_dedicated_angled_17ft_az90_none,low_sloper_cp_sweep,3.0,30.0,dedicated_angled,dedicated_angled_17ft_az90,17.0,90.0,17.0,none,160m,1850000,16.6,-2659.5,8524.958689922996,0.8809999999999999,True
low_sloper_cp_sweep_feed3_end30_dedicated_angled_17ft_az90_none,low_sloper_cp_sweep,3.0,30.0,dedicated_angled,dedicated_angled_17ft_az90,17.0,90.0,17.0,none,80m,3550000,26.313,-1180.3,1061.2999082658305,0.8791,True
low_sloper_cp_sweep_feed3_end30_dedicated_angled_17ft_az90_none,low_sloper_cp_sweep,3.0,30.0,dedicated_angled,dedicated_angled_17ft_az90,17.0,90.0,17.0,none,60m,5357000,53.23,-476.47,87.2916039979869,0.8948,True
low_sloper_cp_sweep_feed3_end30_dedicated_angled_17ft_az90_none,low_sloper_cp_sweep,3.0,30.0,dedicated_angled,dedicated_angled_17ft_az90,17.0,90.0,17.0,none,40m,7050000,168.7,173.24,7.087330852339613,0.9123,True
low_sloper_cp_sweep_feed3_end30_dedicated_angled_17ft_az90_none,low_sloper_cp_sweep,3.0,30.0,dedicated_angled,dedicated_angled_17ft_az90,17.0,90.0,17.0,none,30m,10120000,327.68,-1176.4,91.16280639538353,0.9234,True
low_sloper_cp_sweep_feed3_end30_dedicated_angled_17ft_az90_none,low_sloper_cp_sweep,3.0,30.0,dedicated_angled,dedicated_angled_17ft_az90,17.0,90.0,17.0,none,20m,14050000,89.112,45.884,2.3990086205658754,0.9063,True
low_sloper_cp_sweep_feed3_end30_dedicated_angled_17ft_az90_none,low_sloper_cp_sweep,3.0,30.0,dedicated_angled,dedicated_angled_17ft_az90,17.0,90.0,17.0,none,17m,18080000,2866.4,578.04,59.66003993597374,0.9118999999999999,True
low_sloper_cp_sweep_feed3_end30_dedicated_angled_17ft_az90_none,low_sloper_cp_sweep,3.0,30.0,dedicated_angled,dedicated_angled_17ft_az90,17.0,90.0,17.0,none,15m,21050000,196.87,76.999,4.575111562683529,0.9153,True
low_sloper_cp_sweep_feed3_end30_dedicated_angled_17ft_az90_none,low_sloper_cp_sweep,3.0,30.0,dedicated_angled,dedicated_angled_17ft_az90,17.0,90.0,17.0,none,12m,24910000,797.32,1576.0,78.2994540343427,0.9343,True
low_sloper_cp_sweep_feed3_end30_dedicated_angled_17ft_az90_none,low_sloper_cp_sweep,3.0,30.0,dedicated_angled,dedicated_angled_17ft_az90,17.0,90.0,17.0,none,10m,28050000,2486.2,-2288.3,91.85627882089328,0.9370999999999999,True
low_sloper_cp_sweep_feed3_end30_dedicated_angled_17ft_az90_none,low_sloper_cp_sweep,3.0,30.0,dedicated_angled,dedicated_angled_17ft_az90,17.0,90.0,17.0,none,6m,50100000,262.36,273.12,11.033571202457239,0.9205,True
low_sloper_cp_sweep_feed3_end30_dedicated_angled_21ft_az135_none,low_sloper_cp_sweep,3.0,30.0,dedicated_angled,dedicated_angled_21ft_az135,21.0,135.0,17.0,none,160m,1850000,17.13,-2193.4,5620.311552255382,0.8759999999999999,True
low_sloper_cp_sweep_feed3_end30_dedicated_angled_21ft_az135_none,low_sloper_cp_sweep,3.0,30.0,dedicated_angled,dedicated_angled_21ft_az135,21.0,135.0,17.0,none,80m,3550000,28.583,-926.55,603.0224401993221,0.8806999999999999,True
low_sloper_cp_sweep_feed3_end30_dedicated_angled_21ft_az135_none,low_sloper_cp_sweep,3.0,30.0,dedicated_angled,dedicated_angled_21ft_az135,21.0,135.0,17.0,none,60m,5357000,57.974,-295.88,32.192333079417395,0.8972,True
low_sloper_cp_sweep_feed3_end30_dedicated_angled_21ft_az135_none,low_sloper_cp_sweep,3.0,30.0,dedicated_angled,dedicated_angled_21ft_az135,21.0,135.0,17.0,none,40m,7050000,176.89,321.7,15.456923394940965,0.9123,True
low_sloper_cp_sweep_feed3_end30_dedicated_angled_21ft_az135_none,low_sloper_cp_sweep,3.0,30.0,dedicated_angled,dedicated_angled_21ft_az135,21.0,135.0,17.0,none,30m,10120000,330.53,-1029.4,70.86686449040432,0.9197,True
low_sloper_cp_sweep_feed3_end30_dedicated_angled_21ft_az135_none,low_sloper_cp_sweep,3.0,30.0,dedicated_angled,dedicated_angled_21ft_az135,21.0,135.0,17.0,none,20m,14050000,121.54,233.52,11.73037771358822,0.9161,True
low_sloper_cp_sweep_feed3_end30_dedicated_angled_21ft_az135_none,low_sloper_cp_sweep,3.0,30.0,dedicated_angled,dedicated_angled_21ft_az135,21.0,135.0,17.0,none,17m,18080000,3144.3,786.01,66.81666049026502,0.9118999999999999,True
low_sloper_cp_sweep_feed3_end30_dedicated_angled_21ft_az135_none,low_sloper_cp_sweep,3.0,30.0,dedicated_angled,dedicated_angled_21ft_az135,21.0,135.0,17.0,none,15m,21050000,1266.0,1015.8,41.63641921568026,0.9390000000000001,True
low_sloper_cp_sweep_feed3_end30_dedicated_angled_21ft_az135_none,low_sloper_cp_sweep,3.0,30.0,dedicated_angled,dedicated_angled_21ft_az135,21.0,135.0,17.0,none,12m,24910000,548.26,-794.93,34.07866081147191,0.9373999999999999,True
low_sloper_cp_sweep_feed3_end30_dedicated_angled_21ft_az135_none,low_sloper_cp_sweep,3.0,30.0,dedicated_angled,dedicated_angled_21ft_az135,21.0,135.0,17.0,none,10m,28050000,971.67,-1391.4,59.31679474644119,0.9086,True
low_sloper_cp_sweep_feed3_end30_dedicated_angled_21ft_az135_none,low_sloper_cp_sweep,3.0,30.0,dedicated_angled,dedicated_angled_21ft_az135,21.0,135.0,17.0,none,6m,50100000,297.63,-631.49,32.887191183792204,0.9319,True
low_sloper_cp_sweep_feed3_end30_dedicated_angled_21ft_az180_none,low_sloper_cp_sweep,3.0,30.0,dedicated_angled,dedicated_angled_21ft_az180,21.0,180.0,17.0,none,160m,1850000,17.58,-2169.2,5356.356692034045,0.8789,True
low_sloper_cp_sweep_feed3_end30_dedicated_angled_21ft_az180_none,low_sloper_cp_sweep,3.0,30.0,dedicated_angled,dedicated_angled_21ft_az180,21.0,180.0,17.0,none,80m,3550000,29.447,-914.59,570.4074524970143,0.884,True
low_sloper_cp_sweep_feed3_end30_dedicated_angled_21ft_az180_none,low_sloper_cp_sweep,3.0,30.0,dedicated_angled,dedicated_angled_21ft_az180,21.0,180.0,17.0,none,60m,5357000,59.377,-289.42,30.210786444866162,0.8994,True
low_sloper_cp_sweep_feed3_end30_dedicated_angled_21ft_az180_none,low_sloper_cp_sweep,3.0,30.0,dedicated_angled,dedicated_angled_21ft_az180,21.0,180.0,17.0,none,40m,7050000,178.78,322.94,15.4574600266946,0.9129999999999999,True
low_sloper_cp_sweep_feed3_end30_dedicated_angled_21ft_az180_none,low_sloper_cp_sweep,3.0,30.0,dedicated_angled,dedicated_angled_21ft_az180,21.0,180.0,17.0,none,30m,10120000,327.4,-1018.7,70.07983257539992,0.9186,True
low_sloper_cp_sweep_feed3_end30_dedicated_angled_21ft_az180_none,low_sloper_cp_sweep,3.0,30.0,dedicated_angled,dedicated_angled_21ft_az180,21.0,180.0,17.0,none,20m,14050000,124.76,236.06,11.743861830809422,0.9181,True
low_sloper_cp_sweep_feed3_end30_dedicated_angled_21ft_az180_none,low_sloper_cp_sweep,3.0,30.0,dedicated_angled,dedicated_angled_21ft_az180,21.0,180.0,17.0,none,17m,18080000,3089.6,762.55,65.55705749554369,0.9116,True
low_sloper_cp_sweep_feed3_end30_dedicated_angled_21ft_az180_none,low_sloper_cp_sweep,3.0,30.0,dedicated_angled,dedicated_angled_21ft_az180,21.0,180.0,17.0,none,15m,21050000,1275.0,1027.3,42.0698816336675,0.9389,True
low_sloper_cp_sweep_feed3_end30_dedicated_angled_21ft_az180_none,low_sloper_cp_sweep,3.0,30.0,dedicated_angled,dedicated_angled_21ft_az180,21.0,180.0,17.0,none,12m,24910000,533.0,-784.57,33.821806067898464,0.935,True
low_sloper_cp_sweep_feed3_end30_dedicated_angled_21ft_az180_none,low_sloper_cp_sweep,3.0,30.0,dedicated_angled,dedicated_angled_21ft_az180,21.0,180.0,17.0,none,10m,28050000,982.59,-1397.3,59.426692183720164,0.9075,True
low_sloper_cp_sweep_feed3_end30_dedicated_angled_21ft_az180_none,low_sloper_cp_sweep,3.0,30.0,dedicated_angled,dedicated_angled_21ft_az180,21.0,180.0,17.0,none,6m,50100000,291.99,-640.7,34.0988731203972,0.9281999999999999,True
low_sloper_cp_sweep_feed3_end30_dedicated_angled_21ft_az90_none,low_sloper_cp_sweep,3.0,30.0,dedicated_angled,dedicated_angled_21ft_az90,21.0,90.0,17.0,none,160m,1850000,15.879,-2277.0,6533.762858015659,0.8673000000000001,True
low_sloper_cp_sweep_feed3_end30_dedicated_angled_21ft_az90_none,low_sloper_cp_sweep,3.0,30.0,dedicated_angled,dedicated_angled_21ft_az90,21.0,90.0,17.0,none,80m,3550000,26.191,-967.85,717.7410304586414,0.871,True
low_sloper_cp_sweep_feed3_end30_dedicated_angled_21ft_az90_none,low_sloper_cp_sweep,3.0,30.0,dedicated_angled,dedicated_angled_21ft_az90,21.0,90.0,17.0,none,60m,5357000,54.01,-318.36,39.5118767493569,0.8908,True
low_sloper_cp_sweep_feed3_end30_dedicated_angled_21ft_az90_none,low_sloper_cp_sweep,3.0,30.0,dedicated_angled,dedicated_angled_21ft_az90,21.0,90.0,17.0,none,40m,7050000,171.43,316.52,15.343231061238757,0.9106000000000001,True
low_sloper_cp_sweep_feed3_end30_dedicated_angled_21ft_az90_none,low_sloper_cp_sweep,3.0,30.0,dedicated_angled,dedicated_angled_21ft_az90,21.0,90.0,17.0,none,30m,10120000,341.16,-1064.0,73.32357284237668,0.9237000000000001,True
low_sloper_cp_sweep_feed3_end30_dedicated_angled_21ft_az90_none,low_sloper_cp_sweep,3.0,30.0,dedicated_angled,dedicated_angled_21ft_az90,21.0,90.0,17.0,none,20m,14050000,112.57,224.41,11.556330090557475,0.9103,True
low_sloper_cp_sweep_feed3_end30_dedicated_angled_21ft_az90_none,low_sloper_cp_sweep,3.0,30.0,dedicated_angled,dedicated_angled_21ft_az90,21.0,90.0,17.0,none,17m,18080000,3309.3,885.03,70.92080799959982,0.9129,True
low_sloper_cp_sweep_feed3_end30_dedicated_angled_21ft_az90_none,low_sloper_cp_sweep,3.0,30.0,dedicated_angled,dedicated_angled_21ft_az90,21.0,90.0,17.0,none,15m,21050000,1265.2,964.09,40.01137397519314,0.9409000000000001,True
low_sloper_cp_sweep_feed3_end30_dedicated_angled_21ft_az90_none,low_sloper_cp_sweep,3.0,30.0,dedicated_angled,dedicated_angled_21ft_az90,21.0,90.0,17.0,none,12m,24910000,590.1,-810.9,34.1437953080697,0.9434,True
low_sloper_cp_sweep_feed3_end30_dedicated_angled_21ft_az90_none,low_sloper_cp_sweep,3.0,30.0,dedicated_angled,dedicated_angled_21ft_az90,21.0,90.0,17.0,none,10m,28050000,925.96,-1401.5,60.98200708568779,0.9104000000000001,True
low_sloper_cp_sweep_feed3_end30_dedicated_angled_21ft_az90_none,low_sloper_cp_sweep,3.0,30.0,dedicated_angled,dedicated_angled_21ft_az90,21.0,90.0,17.0,none,6m,50100000,282.81,-625.94,33.510866808190855,0.9316,True
low_sloper_cp_sweep_feed3_end30_dedicated_angled_25ft_az135_none,low_sloper_cp_sweep,3.0,30.0,dedicated_angled,dedicated_angled_25ft_az135,25.0,135.0,17.0,none,160m,1850000,16.864,-1937.3,4454.358983869103,0.8665,True
low_sloper_cp_sweep_feed3_end30_dedicated_angled_25ft_az135_none,low_sloper_cp_sweep,3.0,30.0,dedicated_angled,dedicated_angled_25ft_az135,25.0,135.0,17.0,none,80m,3550000,29.184,-780.29,419.5454440145787,0.8764,True
low_sloper_cp_sweep_feed3_end30_dedicated_angled_25ft_az135_none,low_sloper_cp_sweep,3.0,30.0,dedicated_angled,dedicated_angled_25ft_az135,25.0,135.0,17.0,none,60m,5357000,59.998,-181.75,12.967593682153828,0.8956000000000001,True
low_sloper_cp_sweep_feed3_end30_dedicated_angled_25ft_az135_none,low_sloper_cp_sweep,3.0,30.0,dedicated_angled,dedicated_angled_25ft_az135,25.0,135.0,17.0,none,40m,7050000,181.93,431.54,24.344708669106176,0.9118,True
low_sloper_cp_sweep_feed3_end30_dedicated_angled_25ft_az135_none,low_sloper_cp_sweep,3.0,30.0,dedicated_angled,dedicated_angled_25ft_az135,25.0,135.0,17.0,none,30m,10120000,345.04,-925.61,56.689204015597824,0.9198000000000001,True
low_sloper_cp_sweep_feed3_end30_dedicated_angled_25ft_az135_none,low_sloper_cp_sweep,3.0,30.0,dedicated_angled,dedicated_angled_25ft_az135,25.0,135.0,17.0,none,20m,14050000,189.02,481.18,28.508224996286557,0.9231999999999999,True
low_sloper_cp_sweep_feed3_end30_dedicated_angled_25ft_az135_none,low_sloper_cp_sweep,3.0,30.0,dedicated_angled,dedicated_angled_25ft_az135,25.0,135.0,17.0,none,17m,18080000,5046.0,129.35,100.98632209416665,0.9270999999999999,True
low_sloper_cp_sweep_feed3_end30_dedicated_angled_25ft_az135_none,low_sloper_cp_sweep,3.0,30.0,dedicated_angled,dedicated_angled_25ft_az135,25.0,135.0,17.0,none,15m,21050000,454.14,-1189.8,71.52198426906209,0.9403,True
low_sloper_cp_sweep_feed3_end30_dedicated_angled_25ft_az135_none,low_sloper_cp_sweep,3.0,30.0,dedicated_angled,dedicated_angled_25ft_az135,25.0,135.0,17.0,none,12m,24910000,213.86,-2.2427,4.277697568060538,0.9136,True
low_sloper_cp_sweep_feed3_end30_dedicated_angled_25ft_az135_none,low_sloper_cp_sweep,3.0,30.0,dedicated_angled,dedicated_angled_25ft_az135,25.0,135.0,17.0,none,10m,28050000,1010.4,-1140.2,45.96922414603565,0.9044,True
low_sloper_cp_sweep_feed3_end30_dedicated_angled_25ft_az135_none,low_sloper_cp_sweep,3.0,30.0,dedicated_angled,dedicated_angled_25ft_az135,25.0,135.0,17.0,none,6m,50100000,175.4,-25.596,3.5891492881012805,0.9017000000000001,True
low_sloper_cp_sweep_feed3_end30_dedicated_angled_25ft_az180_none,low_sloper_cp_sweep,3.0,30.0,dedicated_angled,dedicated_angled_25ft_az180,25.0,180.0,17.0,none,160m,1850000,17.372,-1915.6,4227.866614020422,0.8702,True
low_sloper_cp_sweep_feed3_end30_dedicated_angled_25ft_az180_none,low_sloper_cp_sweep,3.0,30.0,dedicated_angled,dedicated_angled_25ft_az180,25.0,180.0,17.0,none,80m,3550000,30.173,-769.71,394.9624328364007,0.8802,True
low_sloper_cp_sweep_feed3_end30_dedicated_angled_25ft_az180_none,low_sloper_cp_sweep,3.0,30.0,dedicated_angled,dedicated_angled_25ft_az180,25.0,180.0,17.0,none,60m,5357000,61.627,-176.45,12.065198062107955,0.8981,True
low_sloper_cp_sweep_feed3_end30_dedicated_angled_25ft_az180_none,low_sloper_cp_sweep,3.0,30.0,dedicated_angled,dedicated_angled_25ft_az180,25.0,180.0,17.0,none,40m,7050000,184.23,431.32,24.11068607570285,0.9127,True
low_sloper_cp_sweep_feed3_end30_dedicated_angled_25ft_az180_none,low_sloper_cp_sweep,3.0,30.0,dedicated_angled,dedicated_angled_25ft_az180,25.0,180.0,17.0,none,30m,10120000,341.12,-914.72,56.00791536205522,0.9186,True
low_sloper_cp_sweep_feed3_end30_dedicated_angled_25ft_az180_none,low_sloper_cp_sweep,3.0,30.0,dedicated_angled,dedicated_angled_25ft_az180,25.0,180.0,17.0,none,20m,14050000,193.36,481.67,28.087491553437445,0.9248999999999999,True
low_sloper_cp_sweep_feed3_end30_dedicated_angled_25ft_az180_none,low_sloper_cp_sweep,3.0,30.0,dedicated_angled,dedicated_angled_25ft_az180,25.0,180.0,17.0,none,17m,18080000,4899.6,228.59,98.20531871388064,0.9278,True
low_sloper_cp_sweep_feed3_end30_dedicated_angled_25ft_az180_none,low_sloper_cp_sweep,3.0,30.0,dedicated_angled,dedicated_angled_25ft_az180,25.0,180.0,17.0,none,15m,21050000,453.38,-1189.5,71.57999822597894,0.9390000000000001,True
low_sloper_cp_sweep_feed3_end30_dedicated_angled_25ft_az180_none,low_sloper_cp_sweep,3.0,30.0,dedicated_angled,dedicated_angled_25ft_az180,25.0,180.0,17.0,none,12m,24910000,211.26,7.0558,4.230192404939089,0.9114,True
low_sloper_cp_sweep_feed3_end30_dedicated_angled_25ft_az180_none,low_sloper_cp_sweep,3.0,30.0,dedicated_angled,dedicated_angled_25ft_az180,25.0,180.0,17.0,none,10m,28050000,1005.0,-1147.7,46.341411874402894,0.9025,True
low_sloper_cp_sweep_feed3_end30_dedicated_angled_25ft_az180_none,low_sloper_cp_sweep,3.0,30.0,dedicated_angled,dedicated_angled_25ft_az180,25.0,180.0,17.0,none,6m,50100000,167.2,-16.819,3.3811202736494943,0.8939,True
low_sloper_cp_sweep_feed3_end30_dedicated_angled_25ft_az90_none,low_sloper_cp_sweep,3.0,30.0,dedicated_angled,dedicated_angled_25ft_az90,25.0,90.0,17.0,none,160m,1850000,15.431,-2012.5,5252.924915923568,0.8552,True
low_sloper_cp_sweep_feed3_end30_dedicated_angled_25ft_az90_none,low_sloper_cp_sweep,3.0,30.0,dedicated_angled,dedicated_angled_25ft_az90,25.0,90.0,17.0,none,80m,3550000,26.383,-816.88,508.27153979782514,0.8643000000000001,True
low_sloper_cp_sweep_feed3_end30_dedicated_angled_25ft_az90_none,low_sloper_cp_sweep,3.0,30.0,dedicated_angled,dedicated_angled_25ft_az90,25.0,90.0,17.0,none,60m,5357000,55.237,-200.37,16.48595529159161,0.8876000000000001,True
low_sloper_cp_sweep_feed3_end30_dedicated_angled_25ft_az90_none,low_sloper_cp_sweep,3.0,30.0,dedicated_angled,dedicated_angled_25ft_az90,25.0,90.0,17.0,none,40m,7050000,174.89,431.12,24.998704141854855,0.9091,True
low_sloper_cp_sweep_feed3_end30_dedicated_angled_25ft_az90_none,low_sloper_cp_sweep,3.0,30.0,dedicated_angled,dedicated_angled_25ft_az90,25.0,90.0,17.0,none,30m,10120000,358.86,-960.23,58.68675308419185,0.9240999999999999,True
low_sloper_cp_sweep_feed3_end30_dedicated_angled_25ft_az90_none,low_sloper_cp_sweep,3.0,30.0,dedicated_angled,dedicated_angled_25ft_az90,25.0,90.0,17.0,none,20m,14050000,177.07,477.75,29.5701633105107,0.9186,True
low_sloper_cp_sweep_feed3_end30_dedicated_angled_25ft_az90_none,low_sloper_cp_sweep,3.0,30.0,dedicated_angled,dedicated_angled_25ft_az90,25.0,90.0,17.0,none,17m,18080000,5607.5,-139.56,112.21947317452593,0.9238,True
low_sloper_cp_sweep_feed3_end30_dedicated_angled_25ft_az90_none,low_sloper_cp_sweep,3.0,30.0,dedicated_angled,dedicated_angled_25ft_az90,25.0,90.0,17.0,none,15m,21050000,443.84,-1196.6,73.49691604893867,0.9422,True
low_sloper_cp_sweep_feed3_end30_dedicated_angled_25ft_az90_none,low_sloper_cp_sweep,3.0,30.0,dedicated_angled,dedicated_angled_25ft_az90,25.0,90.0,17.0,none,12m,24910000,226.38,-19.361,4.562401487867129,0.9214,True
low_sloper_cp_sweep_feed3_end30_dedicated_angled_25ft_az90_none,low_sloper_cp_sweep,3.0,30.0,dedicated_angled,dedicated_angled_25ft_az90,25.0,90.0,17.0,none,10m,28050000,1001.6,-1130.0,45.55717416103419,0.9086,True
low_sloper_cp_sweep_feed3_end30_dedicated_angled_25ft_az90_none,low_sloper_cp_sweep,3.0,30.0,dedicated_angled,dedicated_angled_25ft_az90,25.0,90.0,17.0,none,6m,50100000,179.43,-27.223,3.6779766919886754,0.9095,True
low_sloper_cp_sweep_feed3_end30_dedicated_angled_29ft_az135_none,low_sloper_cp_sweep,3.0,30.0,dedicated_angled,dedicated_angled_29ft_az135,29.0,135.0,17.0,none,160m,1850000,16.783,-1748.7,3647.4207579360614,0.8583,True
low_sloper_cp_sweep_feed3_end30_dedicated_angled_29ft_az135_none,low_sloper_cp_sweep,3.0,30.0,dedicated_angled,dedicated_angled_29ft_az135,29.0,135.0,17.0,none,80m,3550000,30.025,-669.01,300.3969246764432,0.873,True
low_sloper_cp_sweep_feed3_end30_dedicated_angled_29ft_az135_none,low_sloper_cp_sweep,3.0,30.0,dedicated_angled,dedicated_angled_29ft_az135,29.0,135.0,17.0,none,60m,5357000,62.509,-89.648,4.393869139277357,0.8943000000000001,True
low_sloper_cp_sweep_feed3_end30_dedicated_angled_29ft_az135_none,low_sloper_cp_sweep,3.0,30.0,dedicated_angled,dedicated_angled_29ft_az135,29.0,135.0,17.0,none,40m,7050000,188.28,527.82,33.594974539702505,0.9113,True
low_sloper_cp_sweep_feed3_end30_dedicated_angled_29ft_az135_none,low_sloper_cp_sweep,3.0,30.0,dedicated_angled,dedicated_angled_29ft_az135,29.0,135.0,17.0,none,30m,10120000,367.41,-813.58,43.49256372713741,0.92,True
low_sloper_cp_sweep_feed3_end30_dedicated_angled_29ft_az135_none,low_sloper_cp_sweep,3.0,30.0,dedicated_angled,dedicated_angled_29ft_az135,29.0,135.0,17.0,none,20m,14050000,500.61,986.67,48.98492148486842,0.9331,True
low_sloper_cp_sweep_feed3_end30_dedicated_angled_29ft_az135_none,low_sloper_cp_sweep,3.0,30.0,dedicated_angled,dedicated_angled_29ft_az135,29.0,135.0,17.0,none,17m,18080000,2401.6,-709.94,52.23099888179648,0.9147,True
low_sloper_cp_sweep_feed3_end30_dedicated_angled_29ft_az135_none,low_sloper_cp_sweep,3.0,30.0,dedicated_angled,dedicated_angled_29ft_az135,29.0,135.0,17.0,none,15m,21050000,181.91,-626.68,47.07007171814331,0.9217,True
low_sloper_cp_sweep_feed3_end30_dedicated_angled_29ft_az135_none,low_sloper_cp_sweep,3.0,30.0,dedicated_angled,dedicated_angled_29ft_az135,29.0,135.0,17.0,none,12m,24910000,214.99,319.94,13.983307660584485,0.9102,True
low_sloper_cp_sweep_feed3_end30_dedicated_angled_29ft_az135_none,low_sloper_cp_sweep,3.0,30.0,dedicated_angled,dedicated_angled_29ft_az135,29.0,135.0,17.0,none,10m,28050000,1117.0,-955.03,38.689843681449496,0.9044,True
low_sloper_cp_sweep_feed3_end30_dedicated_angled_29ft_az135_none,low_sloper_cp_sweep,3.0,30.0,dedicated_angled,dedicated_angled_29ft_az135,29.0,135.0,17.0,none,6m,50100000,1419.2,-309.45,29.735083651294595,0.9396,True
low_sloper_cp_sweep_feed3_end30_dedicated_angled_29ft_az180_none,low_sloper_cp_sweep,3.0,30.0,dedicated_angled,dedicated_angled_29ft_az180,29.0,180.0,17.0,none,160m,1850000,17.343,-1728.8,3449.8644620791088,0.8626,True
low_sloper_cp_sweep_feed3_end30_dedicated_angled_29ft_az180_none,low_sloper_cp_sweep,3.0,30.0,dedicated_angled,dedicated_angled_29ft_az180,29.0,180.0,17.0,none,80m,3550000,31.125,-659.49,281.696579061059,0.8772,True
low_sloper_cp_sweep_feed3_end30_dedicated_angled_29ft_az180_none,low_sloper_cp_sweep,3.0,30.0,dedicated_angled,dedicated_angled_29ft_az180,29.0,180.0,17.0,none,60m,5357000,64.351,-85.295,4.080022825369547,0.8970999999999999,True
low_sloper_cp_sweep_feed3_end30_dedicated_angled_29ft_az180_none,low_sloper_cp_sweep,3.0,30.0,dedicated_angled,dedicated_angled_29ft_az180,29.0,180.0,17.0,none,40m,7050000,190.99,526.26,33.05281442008509,0.9124,True
low_sloper_cp_sweep_feed3_end30_dedicated_angled_29ft_az180_none,low_sloper_cp_sweep,3.0,30.0,dedicated_angled,dedicated_angled_29ft_az180,29.0,180.0,17.0,none,30m,10120000,362.52,-802.24,42.87139846828557,0.9187000000000001,True
low_sloper_cp_sweep_feed3_end30_dedicated_angled_29ft_az180_none,low_sloper_cp_sweep,3.0,30.0,dedicated_angled,dedicated_angled_29ft_az180,29.0,180.0,17.0,none,20m,14050000,506.43,981.34,48.23863589993405,0.9338,True
low_sloper_cp_sweep_feed3_end30_dedicated_angled_29ft_az180_none,low_sloper_cp_sweep,3.0,30.0,dedicated_angled,dedicated_angled_29ft_az180,29.0,180.0,17.0,none,17m,18080000,2431.2,-658.38,52.1912515500028,0.9131999999999999,True
low_sloper_cp_sweep_feed3_end30_dedicated_angled_29ft_az180_none,low_sloper_cp_sweep,3.0,30.0,dedicated_angled,dedicated_angled_29ft_az180,29.0,180.0,17.0,none,15m,21050000,179.61,-623.65,47.158693069871646,0.9194,True
low_sloper_cp_sweep_feed3_end30_dedicated_angled_29ft_az180_none,low_sloper_cp_sweep,3.0,30.0,dedicated_angled,dedicated_angled_29ft_az180,29.0,180.0,17.0,none,12m,24910000,218.05,327.59,14.363860364764816,0.9105,True
low_sloper_cp_sweep_feed3_end30_dedicated_angled_29ft_az180_none,low_sloper_cp_sweep,3.0,30.0,dedicated_angled,dedicated_angled_29ft_az180,29.0,180.0,17.0,none,10m,28050000,1093.2,-958.89,38.705526356777746,0.9018,True
low_sloper_cp_sweep_feed3_end30_dedicated_angled_29ft_az180_none,low_sloper_cp_sweep,3.0,30.0,dedicated_angled,dedicated_angled_29ft_az180,29.0,180.0,17.0,none,6m,50100000,1454.4,-325.77,30.549023883060173,0.9397,True
low_sloper_cp_sweep_feed3_end30_dedicated_angled_29ft_az90_none,low_sloper_cp_sweep,3.0,30.0,dedicated_angled,dedicated_angled_29ft_az90,29.0,90.0,17.0,none,160m,1850000,15.188,-1817.9,4355.400198822101,0.8443999999999999,True
low_sloper_cp_sweep_feed3_end30_dedicated_angled_29ft_az90_none,low_sloper_cp_sweep,3.0,30.0,dedicated_angled,dedicated_angled_29ft_az90,29.0,90.0,17.0,none,80m,3550000,26.85,-702.05,369.5281132128017,0.8590000000000001,True
low_sloper_cp_sweep_feed3_end30_dedicated_angled_29ft_az90_none,low_sloper_cp_sweep,3.0,30.0,dedicated_angled,dedicated_angled_29ft_az90,29.0,90.0,17.0,none,60m,5357000,56.981,-105.14,5.722390396972525,0.885,True
low_sloper_cp_sweep_feed3_end30_dedicated_angled_29ft_az90_none,low_sloper_cp_sweep,3.0,30.0,dedicated_angled,dedicated_angled_29ft_az90,29.0,90.0,17.0,none,40m,7050000,179.59,531.76,35.33238176548395,0.9077,True
low_sloper_cp_sweep_feed3_end30_dedicated_angled_29ft_az90_none,low_sloper_cp_sweep,3.0,30.0,dedicated_angled,dedicated_angled_29ft_az90,29.0,90.0,17.0,none,30m,10120000,385.45,-849.0,45.21709591208283,0.9248000000000001,True
low_sloper_cp_sweep_feed3_end30_dedicated_angled_29ft_az90_none,low_sloper_cp_sweep,3.0,30.0,dedicated_angled,dedicated_angled_29ft_az90,29.0,90.0,17.0,none,20m,14050000,484.64,998.32,50.90552711137637,0.9314,True
low_sloper_cp_sweep_feed3_end30_dedicated_angled_29ft_az90_none,low_sloper_cp_sweep,3.0,30.0,dedicated_angled,dedicated_angled_29ft_az90,29.0,90.0,17.0,none,17m,18080000,2360.2,-915.49,54.3088978872016,0.9196,True
low_sloper_cp_sweep_feed3_end30_dedicated_angled_29ft_az90_none,low_sloper_cp_sweep,3.0,30.0,dedicated_angled,dedicated_angled_29ft_az90,29.0,90.0,17.0,none,15m,21050000,179.82,-634.87,48.68317933357371,0.9248999999999999,True
low_sloper_cp_sweep_feed3_end30_dedicated_angled_29ft_az90_none,low_sloper_cp_sweep,3.0,30.0,dedicated_angled,dedicated_angled_29ft_az90,29.0,90.0,17.0,none,12m,24910000,216.79,304.48,13.042565432382544,0.914,True
low_sloper_cp_sweep_feed3_end30_dedicated_angled_29ft_az90_none,low_sloper_cp_sweep,3.0,30.0,dedicated_angled,dedicated_angled_29ft_az90,29.0,90.0,17.0,none,10m,28050000,1151.2,-930.19,38.07336793220577,0.9104000000000001,True
low_sloper_cp_sweep_feed3_end30_dedicated_angled_29ft_az90_none,low_sloper_cp_sweep,3.0,30.0,dedicated_angled,dedicated_angled_29ft_az90,29.0,90.0,17.0,none,6m,50100000,1383.4,-346.91,29.41000704855295,0.9414,True
low_sloper_cp_sweep_feed3_end30_dedicated_angled_33ft_az135_none,low_sloper_cp_sweep,3.0,30.0,dedicated_angled,dedicated_angled_33ft_az135,33.0,135.0,17.0,none,160m,1850000,16.846,-1603.4,3055.5325561575046,0.8511,True
low_sloper_cp_sweep_feed3_end30_dedicated_angled_33ft_az135_none,low_sloper_cp_sweep,3.0,30.0,dedicated_angled,dedicated_angled_33ft_az135,33.0,135.0,17.0,none,80m,3550000,31.09,-579.88,218.53990954181904,0.8703,True
low_sloper_cp_sweep_feed3_end30_dedicated_angled_33ft_az135_none,low_sloper_cp_sweep,3.0,30.0,dedicated_angled,dedicated_angled_33ft_az135,33.0,135.0,17.0,none,60m,5357000,65.631,-10.553,1.3878564441890682,0.8935,True
low_sloper_cp_sweep_feed3_end30_dedicated_angled_33ft_az135_none,low_sloper_cp_sweep,3.0,30.0,dedicated_angled,dedicated_angled_33ft_az135,33.0,135.0,17.0,none,40m,7050000,196.74,619.2,43.14193888514083,0.9111,True
low_sloper_cp_sweep_feed3_end30_dedicated_angled_33ft_az135_none,low_sloper_cp_sweep,3.0,30.0,dedicated_angled,dedicated_angled_33ft_az135,33.0,135.0,17.0,none,30m,10120000,408.77,-672.08,30.3648184187774,0.9207,True
low_sloper_cp_sweep_feed3_end30_dedicated_angled_33ft_az135_none,low_sloper_cp_sweep,3.0,30.0,dedicated_angled,dedicated_angled_33ft_az135,33.0,135.0,17.0,none,20m,14050000,2906.5,-7.55,58.130392357639955,0.9404,True
low_sloper_cp_sweep_feed3_end30_dedicated_angled_33ft_az135_none,low_sloper_cp_sweep,3.0,30.0,dedicated_angled,dedicated_angled_33ft_az135,33.0,135.0,17.0,none,17m,18080000,2455.2,-20.954,49.10757813843388,0.9092,True
low_sloper_cp_sweep_feed3_end30_dedicated_angled_33ft_az135_none,low_sloper_cp_sweep,3.0,30.0,dedicated_angled,dedicated_angled_33ft_az135,33.0,135.0,17.0,none,15m,21050000,159.97,-381.34,21.64669555232465,0.9131,True
low_sloper_cp_sweep_feed3_end30_dedicated_angled_33ft_az135_none,low_sloper_cp_sweep,3.0,30.0,dedicated_angled,dedicated_angled_33ft_az135,33.0,135.0,17.0,none,12m,24910000,325.1,660.63,33.47501820397809,0.9193000000000001,True
low_sloper_cp_sweep_feed3_end30_dedicated_angled_33ft_az135_none,low_sloper_cp_sweep,3.0,30.0,dedicated_angled,dedicated_angled_33ft_az135,33.0,135.0,17.0,none,10m,28050000,1772.1,-873.34,44.05563973647438,0.9183,True
low_sloper_cp_sweep_feed3_end30_dedicated_angled_33ft_az135_none,low_sloper_cp_sweep,3.0,30.0,dedicated_angled,dedicated_angled_33ft_az135,33.0,135.0,17.0,none,6m,50100000,194.83,-231.07,9.529313461135821,0.9113,True
low_sloper_cp_sweep_feed3_end30_dedicated_angled_33ft_az180_none,low_sloper_cp_sweep,3.0,30.0,dedicated_angled,dedicated_angled_33ft_az180,33.0,180.0,17.0,none,160m,1850000,17.45,-1584.9,2882.1916444458648,0.856,True
low_sloper_cp_sweep_feed3_end30_dedicated_angled_33ft_az180_none,low_sloper_cp_sweep,3.0,30.0,dedicated_angled,dedicated_angled_33ft_az180,33.0,180.0,17.0,none,80m,3550000,32.291,-571.21,204.2771478479851,0.8748999999999999,True
low_sloper_cp_sweep_feed3_end30_dedicated_angled_33ft_az180_none,low_sloper_cp_sweep,3.0,30.0,dedicated_angled,dedicated_angled_33ft_az180,33.0,180.0,17.0,none,60m,5357000,67.674,-7.0216,1.3847183772085445,0.8965000000000001,True
low_sloper_cp_sweep_feed3_end30_dedicated_angled_33ft_az180_none,low_sloper_cp_sweep,3.0,30.0,dedicated_angled,dedicated_angled_33ft_az180,33.0,180.0,17.0,none,40m,7050000,199.87,616.29,42.229923050314945,0.9124,True
low_sloper_cp_sweep_feed3_end30_dedicated_angled_33ft_az180_none,low_sloper_cp_sweep,3.0,30.0,dedicated_angled,dedicated_angled_33ft_az180,33.0,180.0,17.0,none,30m,10120000,402.6,-659.76,29.766207022299366,0.9193000000000001,True
low_sloper_cp_sweep_feed3_end30_dedicated_angled_33ft_az180_none,low_sloper_cp_sweep,3.0,30.0,dedicated_angled,dedicated_angled_33ft_az180,33.0,180.0,17.0,none,20m,14050000,2886.3,-19.24,57.72856583665186,0.94,True
low_sloper_cp_sweep_feed3_end30_dedicated_angled_33ft_az180_none,low_sloper_cp_sweep,3.0,30.0,dedicated_angled,dedicated_angled_33ft_az180,33.0,180.0,17.0,none,17m,18080000,2473.1,-10.098,49.462824967048086,0.9081999999999999,True
low_sloper_cp_sweep_feed3_end30_dedicated_angled_33ft_az180_none,low_sloper_cp_sweep,3.0,30.0,dedicated_angled,dedicated_angled_33ft_az180,33.0,180.0,17.0,none,15m,21050000,156.83,-376.64,21.49953576412796,0.9103,True
low_sloper_cp_sweep_feed3_end30_dedicated_angled_33ft_az180_none,low_sloper_cp_sweep,3.0,30.0,dedicated_angled,dedicated_angled_33ft_az180,33.0,180.0,17.0,none,12m,24910000,335.42,664.46,33.152930666209976,0.9213,True
low_sloper_cp_sweep_feed3_end30_dedicated_angled_33ft_az180_none,low_sloper_cp_sweep,3.0,30.0,dedicated_angled,dedicated_angled_33ft_az180,33.0,180.0,17.0,none,10m,28050000,1726.7,-807.76,42.096695824986845,0.9174,True
low_sloper_cp_sweep_feed3_end30_dedicated_angled_33ft_az180_none,low_sloper_cp_sweep,3.0,30.0,dedicated_angled,dedicated_angled_33ft_az180,33.0,180.0,17.0,none,6m,50100000,186.01,-233.16,9.731475996637556,0.9037000000000001,True
low_sloper_cp_sweep_feed3_end30_dedicated_angled_33ft_az90_none,low_sloper_cp_sweep,3.0,30.0,dedicated_angled,dedicated_angled_33ft_az90,33.0,90.0,17.0,none,160m,1850000,15.106,-1667.8,3686.329705208758,0.835,True
low_sloper_cp_sweep_feed3_end30_dedicated_angled_33ft_az90_none,low_sloper_cp_sweep,3.0,30.0,dedicated_angled,dedicated_angled_33ft_az90,33.0,90.0,17.0,none,80m,3550000,27.572,-610.08,272.34350761236783,0.8548,True
low_sloper_cp_sweep_feed3_end30_dedicated_angled_33ft_az90_none,low_sloper_cp_sweep,3.0,30.0,dedicated_angled,dedicated_angled_33ft_az90,33.0,90.0,17.0,none,60m,5357000,59.354,-23.34,1.5802224620373087,0.883,True
low_sloper_cp_sweep_feed3_end30_dedicated_angled_33ft_az90_none,low_sloper_cp_sweep,3.0,30.0,dedicated_angled,dedicated_angled_33ft_az90,33.0,90.0,17.0,none,40m,7050000,186.29,627.48,46.243350791498266,0.9065000000000001,True
low_sloper_cp_sweep_feed3_end30_dedicated_angled_33ft_az90_none,low_sloper_cp_sweep,3.0,30.0,dedicated_angled,dedicated_angled_33ft_az90,33.0,90.0,17.0,none,30m,10120000,432.9,-709.92,32.0264712047946,0.9259000000000001,True
low_sloper_cp_sweep_feed3_end30_dedicated_angled_33ft_az90_none,low_sloper_cp_sweep,3.0,30.0,dedicated_angled,dedicated_angled_33ft_az90,33.0,90.0,17.0,none,20m,14050000,2956.0,23.696,59.123800142772815,0.9420999999999999,True
low_sloper_cp_sweep_feed3_end30_dedicated_angled_33ft_az90_none,low_sloper_cp_sweep,3.0,30.0,dedicated_angled,dedicated_angled_33ft_az90,33.0,90.0,17.0,none,17m,18080000,2417.8,-104.65,48.4466303194007,0.9137000000000001,True
low_sloper_cp_sweep_feed3_end30_dedicated_angled_33ft_az90_none,low_sloper_cp_sweep,3.0,30.0,dedicated_angled,dedicated_angled_33ft_az90,33.0,90.0,17.0,none,15m,21050000,162.99,-390.21,22.205359618326373,0.9183,True
low_sloper_cp_sweep_feed3_end30_dedicated_angled_33ft_az90_none,low_sloper_cp_sweep,3.0,30.0,dedicated_angled,dedicated_angled_33ft_az90,33.0,90.0,17.0,none,12m,24910000,315.21,647.28,33.01617242669491,0.9193000000000001,True
low_sloper_cp_sweep_feed3_end30_dedicated_angled_33ft_az90_none,low_sloper_cp_sweep,3.0,30.0,dedicated_angled,dedicated_angled_33ft_az90,33.0,90.0,17.0,none,10m,28050000,1943.3,-957.21,48.30087184365882,0.9216,True
low_sloper_cp_sweep_feed3_end30_dedicated_angled_33ft_az90_none,low_sloper_cp_sweep,3.0,30.0,dedicated_angled,dedicated_angled_33ft_az90,33.0,90.0,17.0,none,6m,50100000,187.97,-232.86,9.691625873632763,0.9125,True
low_sloper_cp_sweep_feed3_end30_dedicated_angled_37ft_az135_none,low_sloper_cp_sweep,3.0,30.0,dedicated_angled,dedicated_angled_37ft_az135,37.0,135.0,17.0,none,160m,1850000,17.024,-1487.3,2602.033340515829,0.845,True
low_sloper_cp_sweep_feed3_end30_dedicated_angled_37ft_az135_none,low_sloper_cp_sweep,3.0,30.0,dedicated_angled,dedicated_angled_37ft_az135,37.0,135.0,17.0,none,80m,3550000,32.38,-505.5,160.01766322849917,0.8684000000000001,True
low_sloper_cp_sweep_feed3_end30_dedicated_angled_37ft_az135_none,low_sloper_cp_sweep,3.0,30.0,dedicated_angled,dedicated_angled_37ft_az135,37.0,135.0,17.0,none,60m,5357000,69.551,61.058,2.828402353213502,0.893,True
low_sloper_cp_sweep_feed3_end30_dedicated_angled_37ft_az135_none,low_sloper_cp_sweep,3.0,30.0,dedicated_angled,dedicated_angled_37ft_az135,37.0,135.0,17.0,none,40m,7050000,208.66,712.54,53.05814376118268,0.9109999999999999,True
low_sloper_cp_sweep_feed3_end30_dedicated_angled_37ft_az135_none,low_sloper_cp_sweep,3.0,30.0,dedicated_angled,dedicated_angled_37ft_az135,37.0,135.0,17.0,none,30m,10120000,508.08,-457.77,18.45465659587831,0.9224,True
low_sloper_cp_sweep_feed3_end30_dedicated_angled_37ft_az135_none,low_sloper_cp_sweep,3.0,30.0,dedicated_angled,dedicated_angled_37ft_az135,37.0,135.0,17.0,none,20m,14050000,517.04,-934.3,44.18078718758932,0.9383,True
low_sloper_cp_sweep_feed3_end30_dedicated_angled_37ft_az135_none,low_sloper_cp_sweep,3.0,30.0,dedicated_angled,dedicated_angled_37ft_az135,37.0,135.0,17.0,none,17m,18080000,2583.6,238.84,52.11375365689749,0.9087000000000001,True
low_sloper_cp_sweep_feed3_end30_dedicated_angled_37ft_az135_none,low_sloper_cp_sweep,3.0,30.0,dedicated_angled,dedicated_angled_37ft_az135,37.0,135.0,17.0,none,15m,21050000,193.56,-166.56,6.850059174372387,0.9143000000000001,True
low_sloper_cp_sweep_feed3_end30_dedicated_angled_37ft_az135_none,low_sloper_cp_sweep,3.0,30.0,dedicated_angled,dedicated_angled_37ft_az135,37.0,135.0,17.0,none,12m,24910000,1392.6,1060.4,44.014087699479255,0.9381,True
low_sloper_cp_sweep_feed3_end30_dedicated_angled_37ft_az135_none,low_sloper_cp_sweep,3.0,30.0,dedicated_angled,dedicated_angled_37ft_az135,37.0,135.0,17.0,none,10m,28050000,1063.8,-1493.2,63.22570799552192,0.9156,True
low_sloper_cp_sweep_feed3_end30_dedicated_angled_37ft_az135_none,low_sloper_cp_sweep,3.0,30.0,dedicated_angled,dedicated_angled_37ft_az135,37.0,135.0,17.0,none,6m,50100000,449.44,281.46,12.545604316810396,0.9211,True
low_sloper_cp_sweep_feed3_end30_dedicated_angled_37ft_az180_none,low_sloper_cp_sweep,3.0,30.0,dedicated_angled,dedicated_angled_37ft_az180,37.0,180.0,17.0,none,160m,1850000,17.668,-1469.9,2448.9674071774116,0.8504,True
low_sloper_cp_sweep_feed3_end30_dedicated_angled_37ft_az180_none,low_sloper_cp_sweep,3.0,30.0,dedicated_angled,dedicated_angled_37ft_az180,37.0,180.0,17.0,none,80m,3550000,33.671,-497.53,149.1838983552202,0.8732,True
low_sloper_cp_sweep_feed3_end30_dedicated_angled_37ft_az180_none,low_sloper_cp_sweep,3.0,30.0,dedicated_angled,dedicated_angled_37ft_az180,37.0,180.0,17.0,none,60m,5357000,71.788,63.837,2.9258010193920327,0.8962,True
low_sloper_cp_sweep_feed3_end30_dedicated_angled_37ft_az180_none,low_sloper_cp_sweep,3.0,30.0,dedicated_angled,dedicated_angled_37ft_az180,37.0,180.0,17.0,none,40m,7050000,212.22,708.19,51.7260640975582,0.9125,True
low_sloper_cp_sweep_feed3_end30_dedicated_angled_37ft_az180_none,low_sloper_cp_sweep,3.0,30.0,dedicated_angled,dedicated_angled_37ft_az180,37.0,180.0,17.0,none,30m,10120000,500.11,-443.14,17.8995052199696,0.9209999999999999,True
low_sloper_cp_sweep_feed3_end30_dedicated_angled_37ft_az180_none,low_sloper_cp_sweep,3.0,30.0,dedicated_angled,dedicated_angled_37ft_az180,37.0,180.0,17.0,none,20m,14050000,509.43,-927.08,44.00673074275136,0.937,True
low_sloper_cp_sweep_feed3_end30_dedicated_angled_37ft_az180_none,low_sloper_cp_sweep,3.0,30.0,dedicated_angled,dedicated_angled_37ft_az180,37.0,180.0,17.0,none,17m,18080000,2590.1,232.16,52.21834066857496,0.9079,True
low_sloper_cp_sweep_feed3_end30_dedicated_angled_37ft_az180_none,low_sloper_cp_sweep,3.0,30.0,dedicated_angled,dedicated_angled_37ft_az180,37.0,180.0,17.0,none,15m,21050000,189.67,-159.51,6.588144605233881,0.9117000000000001,True
low_sloper_cp_sweep_feed3_end30_dedicated_angled_37ft_az180_none,low_sloper_cp_sweep,3.0,30.0,dedicated_angled,dedicated_angled_37ft_az180,37.0,180.0,17.0,none,12m,24910000,1405.1,1032.3,43.28270065029917,0.9390999999999999,True
low_sloper_cp_sweep_feed3_end30_dedicated_angled_37ft_az180_none,low_sloper_cp_sweep,3.0,30.0,dedicated_angled,dedicated_angled_37ft_az180,37.0,180.0,17.0,none,10m,28050000,1094.1,-1487.3,62.347841767711635,0.9158,True
low_sloper_cp_sweep_feed3_end30_dedicated_angled_37ft_az180_none,low_sloper_cp_sweep,3.0,30.0,dedicated_angled,dedicated_angled_37ft_az180,37.0,180.0,17.0,none,6m,50100000,448.28,307.64,13.223983999771189,0.9179999999999999,True
low_sloper_cp_sweep_feed3_end30_dedicated_angled_37ft_az90_none,low_sloper_cp_sweep,3.0,30.0,dedicated_angled,dedicated_angled_37ft_az90,37.0,90.0,17.0,none,160m,1850000,15.155,-1547.9,3165.587389844402,0.8269,True
low_sloper_cp_sweep_feed3_end30_dedicated_angled_37ft_az90_none,low_sloper_cp_sweep,3.0,30.0,dedicated_angled,dedicated_angled_37ft_az90,37.0,90.0,17.0,none,80m,3550000,28.543,-533.34,201.63205020999396,0.8515999999999999,True
low_sloper_cp_sweep_feed3_end30_dedicated_angled_37ft_az90_none,low_sloper_cp_sweep,3.0,30.0,dedicated_angled,dedicated_angled_37ft_az90,37.0,90.0,17.0,none,60m,5357000,62.534,50.738,2.4684797940674064,0.8817,True
low_sloper_cp_sweep_feed3_end30_dedicated_angled_37ft_az90_none,low_sloper_cp_sweep,3.0,30.0,dedicated_angled,dedicated_angled_37ft_az90,37.0,90.0,17.0,none,40m,7050000,196.28,725.52,57.79858490476836,0.9057,True
low_sloper_cp_sweep_feed3_end30_dedicated_angled_37ft_az90_none,low_sloper_cp_sweep,3.0,30.0,dedicated_angled,dedicated_angled_37ft_az90,37.0,90.0,17.0,none,30m,10120000,542.04,-502.5,20.200426417005605,0.9278,True
low_sloper_cp_sweep_feed3_end30_dedicated_angled_37ft_az90_none,low_sloper_cp_sweep,3.0,30.0,dedicated_angled,dedicated_angled_37ft_az90,37.0,90.0,17.0,none,20m,14050000,536.34,-952.92,44.65885954604723,0.9422,True
low_sloper_cp_sweep_feed3_end30_dedicated_angled_37ft_az90_none,low_sloper_cp_sweep,3.0,30.0,dedicated_angled,dedicated_angled_37ft_az90,37.0,90.0,17.0,none,17m,18080000,2561.9,211.31,51.58671630914977,0.9123,True
low_sloper_cp_sweep_feed3_end30_dedicated_angled_37ft_az90_none,low_sloper_cp_sweep,3.0,30.0,dedicated_angled,dedicated_angled_37ft_az90,37.0,90.0,17.0,none,15m,21050000,203.2,-177.09,7.259002636256506,0.9211,True
low_sloper_cp_sweep_feed3_end30_dedicated_angled_37ft_az90_none,low_sloper_cp_sweep,3.0,30.0,dedicated_angled,dedicated_angled_37ft_az90,37.0,90.0,17.0,none,12m,24910000,1357.4,1082.6,44.43097070742513,0.938,True
low_sloper_cp_sweep_feed3_end30_dedicated_angled_37ft_az90_none,low_sloper_cp_sweep,3.0,30.0,dedicated_angled,dedicated_angled_37ft_az90,37.0,90.0,17.0,none,10m,28050000,1010.4,-1566.4,68.81003414000706,0.9134,True
low_sloper_cp_sweep_feed3_end30_dedicated_angled_37ft_az90_none,low_sloper_cp_sweep,3.0,30.0,dedicated_angled,dedicated_angled_37ft_az90,37.0,90.0,17.0,none,6m,50100000,460.47,268.38,12.365563037547126,0.9267,True
low_sloper_cp_sweep_feed3_end30_dedicated_angled_41ft_az135_none,low_sloper_cp_sweep,3.0,30.0,dedicated_angled,dedicated_angled_41ft_az135,41.0,135.0,17.0,none,160m,1850000,17.335,-1394.9,2248.106289793037,0.8402,True
low_sloper_cp_sweep_feed3_end30_dedicated_angled_41ft_az135_none,low_sloper_cp_sweep,3.0,30.0,dedicated_angled,dedicated_angled_41ft_az135,41.0,135.0,17.0,none,80m,3550000,33.979,-442.23,117.25327747570508,0.8672,True
low_sloper_cp_sweep_feed3_end30_dedicated_angled_41ft_az135_none,low_sloper_cp_sweep,3.0,30.0,dedicated_angled,dedicated_angled_41ft_az135,41.0,135.0,17.0,none,60m,5357000,74.717,129.3,6.484467311685136,0.8931999999999999,True
low_sloper_cp_sweep_feed3_end30_dedicated_angled_41ft_az135_none,low_sloper_cp_sweep,3.0,30.0,dedicated_angled,dedicated_angled_41ft_az135,41.0,135.0,17.0,none,40m,7050000,227.04,816.81,63.51717885809016,0.9115000000000001,True
low_sloper_cp_sweep_feed3_end30_dedicated_angled_41ft_az135_none,low_sloper_cp_sweep,3.0,30.0,dedicated_angled,dedicated_angled_41ft_az135,41.0,135.0,17.0,none,30m,10120000,876.37,-74.567,17.654703864659055,0.9268000000000001,True
low_sloper_cp_sweep_feed3_end30_dedicated_angled_41ft_az135_none,low_sloper_cp_sweep,3.0,30.0,dedicated_angled,dedicated_angled_41ft_az135,41.0,135.0,17.0,none,20m,14050000,216.92,-442.32,22.56320991919167,0.9307,True
low_sloper_cp_sweep_feed3_end30_dedicated_angled_41ft_az135_none,low_sloper_cp_sweep,3.0,30.0,dedicated_angled,dedicated_angled_41ft_az135,41.0,135.0,17.0,none,17m,18080000,2738.2,414.46,56.019080731175315,0.9091,True
low_sloper_cp_sweep_feed3_end30_dedicated_angled_41ft_az135_none,low_sloper_cp_sweep,3.0,30.0,dedicated_angled,dedicated_angled_41ft_az135,41.0,135.0,17.0,none,15m,21050000,388.98,152.76,8.996827392308667,0.9258,True
low_sloper_cp_sweep_feed3_end30_dedicated_angled_41ft_az135_none,low_sloper_cp_sweep,3.0,30.0,dedicated_angled,dedicated_angled_41ft_az135,41.0,135.0,17.0,none,12m,24910000,583.31,-420.99,17.77243949366042,0.9351,True
low_sloper_cp_sweep_feed3_end30_dedicated_angled_41ft_az135_none,low_sloper_cp_sweep,3.0,30.0,dedicated_angled,dedicated_angled_41ft_az135,41.0,135.0,17.0,none,10m,28050000,1028.5,-1193.1,48.27874947137352,0.9073,True
low_sloper_cp_sweep_feed3_end30_dedicated_angled_41ft_az135_none,low_sloper_cp_sweep,3.0,30.0,dedicated_angled,dedicated_angled_41ft_az135,41.0,135.0,17.0,none,6m,50100000,326.25,-449.17,18.993649760879844,0.9265000000000001,True
low_sloper_cp_sweep_feed3_end30_dedicated_angled_41ft_az180_none,low_sloper_cp_sweep,3.0,30.0,dedicated_angled,dedicated_angled_41ft_az180,41.0,180.0,17.0,none,160m,1850000,18.016,-1378.3,2112.050443773065,0.846,True
low_sloper_cp_sweep_feed3_end30_dedicated_angled_41ft_az180_none,low_sloper_cp_sweep,3.0,30.0,dedicated_angled,dedicated_angled_41ft_az180,41.0,180.0,17.0,none,80m,3550000,35.355,-434.85,109.08120079638006,0.8722,True
low_sloper_cp_sweep_feed3_end30_dedicated_angled_41ft_az180_none,low_sloper_cp_sweep,3.0,30.0,dedicated_angled,dedicated_angled_41ft_az180,41.0,180.0,17.0,none,60m,5357000,77.149,131.35,6.51006609926538,0.8964,True
low_sloper_cp_sweep_feed3_end30_dedicated_angled_41ft_az180_none,low_sloper_cp_sweep,3.0,30.0,dedicated_angled,dedicated_angled_41ft_az180,41.0,180.0,17.0,none,40m,7050000,231.05,810.74,61.717919743357385,0.9131,True
low_sloper_cp_sweep_feed3_end30_dedicated_angled_41ft_az180_none,low_sloper_cp_sweep,3.0,30.0,dedicated_angled,dedicated_angled_41ft_az180,41.0,180.0,17.0,none,30m,10120000,866.76,-52.785,17.399705153997584,0.9256,True
low_sloper_cp_sweep_feed3_end30_dedicated_angled_41ft_az180_none,low_sloper_cp_sweep,3.0,30.0,dedicated_angled,dedicated_angled_41ft_az180,41.0,180.0,17.0,none,20m,14050000,213.82,-435.79,22.229068344208226,0.9292,True
low_sloper_cp_sweep_feed3_end30_dedicated_angled_41ft_az180_none,low_sloper_cp_sweep,3.0,30.0,dedicated_angled,dedicated_angled_41ft_az180,41.0,180.0,17.0,none,17m,18080000,2731.6,393.85,55.76810156847414,0.9087000000000001,True
low_sloper_cp_sweep_feed3_end30_dedicated_angled_41ft_az180_none,low_sloper_cp_sweep,3.0,30.0,dedicated_angled,dedicated_angled_41ft_az180,41.0,180.0,17.0,none,15m,21050000,385.89,165.46,9.157067699314135,0.9244,True
low_sloper_cp_sweep_feed3_end30_dedicated_angled_41ft_az180_none,low_sloper_cp_sweep,3.0,30.0,dedicated_angled,dedicated_angled_41ft_az180,41.0,180.0,17.0,none,12m,24910000,566.64,-418.5,17.545827924634708,0.9328,True
low_sloper_cp_sweep_feed3_end30_dedicated_angled_41ft_az180_none,low_sloper_cp_sweep,3.0,30.0,dedicated_angled,dedicated_angled_41ft_az180,41.0,180.0,17.0,none,10m,28050000,1034.0,-1203.3,48.71422820937337,0.9059999999999999,True
low_sloper_cp_sweep_feed3_end30_dedicated_angled_41ft_az180_none,low_sloper_cp_sweep,3.0,30.0,dedicated_angled,dedicated_angled_41ft_az180,41.0,180.0,17.0,none,6m,50100000,326.33,-461.22,19.666318762035946,0.9238,True
low_sloper_cp_sweep_feed3_end30_dedicated_angled_41ft_az90_none,low_sloper_cp_sweep,3.0,30.0,dedicated_angled,dedicated_angled_41ft_az90,41.0,90.0,17.0,none,160m,1850000,15.348,-1452.7,2753.5477878680317,0.8205,True
low_sloper_cp_sweep_feed3_end30_dedicated_angled_41ft_az90_none,low_sloper_cp_sweep,3.0,30.0,dedicated_angled,dedicated_angled_41ft_az90,41.0,90.0,17.0,none,80m,3550000,29.841,-468.14,149.14750914940504,0.8497,True
low_sloper_cp_sweep_feed3_end30_dedicated_angled_41ft_az90_none,low_sloper_cp_sweep,3.0,30.0,dedicated_angled,dedicated_angled_41ft_az90,41.0,90.0,17.0,none,60m,5357000,66.945,121.35,6.327111095425597,0.8814,True
low_sloper_cp_sweep_feed3_end30_dedicated_angled_41ft_az90_none,low_sloper_cp_sweep,3.0,30.0,dedicated_angled,dedicated_angled_41ft_az90,41.0,90.0,17.0,none,40m,7050000,212.51,835.39,70.1506268195536,0.9054000000000001,True
low_sloper_cp_sweep_feed3_end30_dedicated_angled_41ft_az90_none,low_sloper_cp_sweep,3.0,30.0,dedicated_angled,dedicated_angled_41ft_az90,41.0,90.0,17.0,none,30m,10120000,926.16,-145.68,18.98280073795559,0.9316,True
low_sloper_cp_sweep_feed3_end30_dedicated_angled_41ft_az90_none,low_sloper_cp_sweep,3.0,30.0,dedicated_angled,dedicated_angled_41ft_az90,41.0,90.0,17.0,none,20m,14050000,224.88,-458.81,23.398887837106866,0.9351,True
low_sloper_cp_sweep_feed3_end30_dedicated_angled_41ft_az90_none,low_sloper_cp_sweep,3.0,30.0,dedicated_angled,dedicated_angled_41ft_az90,41.0,90.0,17.0,none,17m,18080000,2735.9,434.01,56.09543388331591,0.912,True
low_sloper_cp_sweep_feed3_end30_dedicated_angled_41ft_az90_none,low_sloper_cp_sweep,3.0,30.0,dedicated_angled,dedicated_angled_41ft_az90,41.0,90.0,17.0,none,15m,21050000,411.41,132.28,9.090362186905304,0.9318000000000001,True
low_sloper_cp_sweep_feed3_end30_dedicated_angled_41ft_az90_none,low_sloper_cp_sweep,3.0,30.0,dedicated_angled,dedicated_angled_41ft_az90,41.0,90.0,17.0,none,12m,24910000,605.9,-412.95,17.77316310594219,0.9392,True
low_sloper_cp_sweep_feed3_end30_dedicated_angled_41ft_az90_none,low_sloper_cp_sweep,3.0,30.0,dedicated_angled,dedicated_angled_41ft_az90,41.0,90.0,17.0,none,10m,28050000,996.86,-1208.4,49.26366108852523,0.9093000000000001,True
low_sloper_cp_sweep_feed3_end30_dedicated_angled_41ft_az90_none,low_sloper_cp_sweep,3.0,30.0,dedicated_angled,dedicated_angled_41ft_az90,41.0,90.0,17.0,none,6m,50100000,313.67,-455.28,19.598208025232157,0.9261,True
low_sloper_cp_sweep_feed3_end30_dedicated_angled_45ft_az135_none,low_sloper_cp_sweep,3.0,30.0,dedicated_angled,dedicated_angled_45ft_az135,45.0,135.0,17.0,none,160m,1850000,17.69,-1314.4,1956.4271837197025,0.8356999999999999,True
low_sloper_cp_sweep_feed3_end30_dedicated_angled_45ft_az135_none,low_sloper_cp_sweep,3.0,30.0,dedicated_angled,dedicated_angled_45ft_az135,45.0,135.0,17.0,none,80m,3550000,35.763,-384.97,84.9816019102192,0.8663,True
low_sloper_cp_sweep_feed3_end30_dedicated_angled_45ft_az135_none,low_sloper_cp_sweep,3.0,30.0,dedicated_angled,dedicated_angled_45ft_az135,45.0,135.0,17.0,none,60m,5357000,81.253,196.81,11.689086401189636,0.8935,True
low_sloper_cp_sweep_feed3_end30_dedicated_angled_45ft_az135_none,low_sloper_cp_sweep,3.0,30.0,dedicated_angled,dedicated_angled_45ft_az135,45.0,135.0,17.0,none,40m,7050000,256.11,938.44,74.07669341789155,0.9122,True
low_sloper_cp_sweep_feed3_end30_dedicated_angled_45ft_az135_none,low_sloper_cp_sweep,3.0,30.0,dedicated_angled,dedicated_angled_45ft_az135,45.0,135.0,17.0,none,30m,10120000,2555.4,-656.81,54.48558747976015,0.9335,True
low_sloper_cp_sweep_feed3_end30_dedicated_angled_45ft_az135_none,low_sloper_cp_sweep,3.0,30.0,dedicated_angled,dedicated_angled_45ft_az135,45.0,135.0,17.0,none,20m,14050000,160.03,-198.05,8.294536303807925,0.9243000000000001,True
low_sloper_cp_sweep_feed3_end30_dedicated_angled_45ft_az135_none,low_sloper_cp_sweep,3.0,30.0,dedicated_angled,dedicated_angled_45ft_az135,45.0,135.0,17.0,none,17m,18080000,2980.4,569.85,61.78768873426079,0.9104000000000001,True
low_sloper_cp_sweep_feed3_end30_dedicated_angled_45ft_az135_none,low_sloper_cp_sweep,3.0,30.0,dedicated_angled,dedicated_angled_45ft_az135,45.0,135.0,17.0,none,15m,21050000,1527.1,-327.04,31.944198935910215,0.9401,True
low_sloper_cp_sweep_feed3_end30_dedicated_angled_45ft_az135_none,low_sloper_cp_sweep,3.0,30.0,dedicated_angled,dedicated_angled_45ft_az135,45.0,135.0,17.0,none,12m,24910000,274.24,61.334,5.768102808724133,0.9192,True
low_sloper_cp_sweep_feed3_end30_dedicated_angled_45ft_az135_none,low_sloper_cp_sweep,3.0,30.0,dedicated_angled,dedicated_angled_45ft_az135,45.0,135.0,17.0,none,10m,28050000,1111.4,-1031.5,41.39571352308951,0.9062,True
low_sloper_cp_sweep_feed3_end30_dedicated_angled_45ft_az135_none,low_sloper_cp_sweep,3.0,30.0,dedicated_angled,dedicated_angled_45ft_az135,45.0,135.0,17.0,none,6m,50100000,255.79,11.117,5.125846329276414,0.9116,True
low_sloper_cp_sweep_feed3_end30_dedicated_angled_45ft_az180_none,low_sloper_cp_sweep,3.0,30.0,dedicated_angled,dedicated_angled_45ft_az180,45.0,180.0,17.0,none,160m,1850000,18.403,-1298.5,1835.5055361658076,0.8418000000000001,True
low_sloper_cp_sweep_feed3_end30_dedicated_angled_45ft_az180_none,low_sloper_cp_sweep,3.0,30.0,dedicated_angled,dedicated_angled_45ft_az180,45.0,180.0,17.0,none,80m,3550000,37.217,-378.12,78.9081640172676,0.8713,True
low_sloper_cp_sweep_feed3_end30_dedicated_angled_45ft_az180_none,low_sloper_cp_sweep,3.0,30.0,dedicated_angled,dedicated_angled_45ft_az180,45.0,180.0,17.0,none,60m,5357000,83.876,198.13,11.547403083306715,0.8967,True
low_sloper_cp_sweep_feed3_end30_dedicated_angled_45ft_az180_none,low_sloper_cp_sweep,3.0,30.0,dedicated_angled,dedicated_angled_45ft_az180,45.0,180.0,17.0,none,40m,7050000,260.56,930.23,71.809789896306,0.9139,True
low_sloper_cp_sweep_feed3_end30_dedicated_angled_45ft_az180_none,low_sloper_cp_sweep,3.0,30.0,dedicated_angled,dedicated_angled_45ft_az180,45.0,180.0,17.0,none,30m,10120000,2568.2,-624.56,54.402819702535425,0.9328,True
low_sloper_cp_sweep_feed3_end30_dedicated_angled_45ft_az180_none,low_sloper_cp_sweep,3.0,30.0,dedicated_angled,dedicated_angled_45ft_az180,45.0,180.0,17.0,none,20m,14050000,158.78,-192.28,8.022815716028063,0.9231,True
low_sloper_cp_sweep_feed3_end30_dedicated_angled_45ft_az180_none,low_sloper_cp_sweep,3.0,30.0,dedicated_angled,dedicated_angled_45ft_az180,45.0,180.0,17.0,none,17m,18080000,2950.2,535.33,60.94731178684101,0.9103,True
low_sloper_cp_sweep_feed3_end30_dedicated_angled_45ft_az180_none,low_sloper_cp_sweep,3.0,30.0,dedicated_angled,dedicated_angled_45ft_az180,45.0,180.0,17.0,none,15m,21050000,1543.6,-319.31,32.19438356494607,0.9396,True
low_sloper_cp_sweep_feed3_end30_dedicated_angled_45ft_az180_none,low_sloper_cp_sweep,3.0,30.0,dedicated_angled,dedicated_angled_45ft_az180,45.0,180.0,17.0,none,12m,24910000,268.2,69.96,5.741230836807762,0.9163,True
low_sloper_cp_sweep_feed3_end30_dedicated_angled_45ft_az180_none,low_sloper_cp_sweep,3.0,30.0,dedicated_angled,dedicated_angled_45ft_az180,45.0,180.0,17.0,none,10m,28050000,1095.3,-1042.8,41.784045691181845,0.904,True
low_sloper_cp_sweep_feed3_end30_dedicated_angled_45ft_az180_none,low_sloper_cp_sweep,3.0,30.0,dedicated_angled,dedicated_angled_45ft_az180,45.0,180.0,17.0,none,6m,50100000,244.05,18.648,4.910738789240366,0.904,True
low_sloper_cp_sweep_feed3_end30_dedicated_angled_45ft_az90_none,low_sloper_cp_sweep,3.0,30.0,dedicated_angled,dedicated_angled_45ft_az90,45.0,90.0,17.0,none,160m,1850000,15.599,-1369.5,2408.197006126483,0.8147,True
low_sloper_cp_sweep_feed3_end30_dedicated_angled_45ft_az90_none,low_sloper_cp_sweep,3.0,30.0,dedicated_angled,dedicated_angled_45ft_az90,45.0,90.0,17.0,none,80m,3550000,31.349,-409.07,108.97102976346108,0.8482999999999999,True
low_sloper_cp_sweep_feed3_end30_dedicated_angled_45ft_az90_none,low_sloper_cp_sweep,3.0,30.0,dedicated_angled,dedicated_angled_45ft_az90,45.0,90.0,17.0,none,60m,5357000,72.722,191.24,12.117697984156825,0.8815000000000001,True
low_sloper_cp_sweep_feed3_end30_dedicated_angled_45ft_az90_none,low_sloper_cp_sweep,3.0,30.0,dedicated_angled,dedicated_angled_45ft_az90,45.0,90.0,17.0,none,40m,7050000,239.19,964.02,82.68755229489858,0.9057,True
low_sloper_cp_sweep_feed3_end30_dedicated_angled_45ft_az90_none,low_sloper_cp_sweep,3.0,30.0,dedicated_angled,dedicated_angled_45ft_az90,45.0,90.0,17.0,none,30m,10120000,2527.0,-800.13,55.60874469523079,0.9359999999999999,True
low_sloper_cp_sweep_feed3_end30_dedicated_angled_45ft_az90_none,low_sloper_cp_sweep,3.0,30.0,dedicated_angled,dedicated_angled_45ft_az90,45.0,90.0,17.0,none,20m,14050000,163.8,-212.23,8.969340944133743,0.9279000000000001,True
low_sloper_cp_sweep_feed3_end30_dedicated_angled_45ft_az90_none,low_sloper_cp_sweep,3.0,30.0,dedicated_angled,dedicated_angled_45ft_az90,45.0,90.0,17.0,none,17m,18080000,3018.4,649.16,63.16099798793055,0.912,True
low_sloper_cp_sweep_feed3_end30_dedicated_angled_45ft_az90_none,low_sloper_cp_sweep,3.0,30.0,dedicated_angled,dedicated_angled_45ft_az90,45.0,90.0,17.0,none,15m,21050000,1508.8,-390.59,32.20035998341822,0.9422,True
low_sloper_cp_sweep_feed3_end30_dedicated_angled_45ft_az90_none,low_sloper_cp_sweep,3.0,30.0,dedicated_angled,dedicated_angled_45ft_az90,45.0,90.0,17.0,none,12m,24910000,287.68,57.112,5.9871441858439285,0.9254000000000001,True
low_sloper_cp_sweep_feed3_end30_dedicated_angled_45ft_az90_none,low_sloper_cp_sweep,3.0,30.0,dedicated_angled,dedicated_angled_45ft_az90,45.0,90.0,17.0,none,10m,28050000,1109.8,-1018.2,40.89981167843991,0.9104000000000001,True
low_sloper_cp_sweep_feed3_end30_dedicated_angled_45ft_az90_none,low_sloper_cp_sweep,3.0,30.0,dedicated_angled,dedicated_angled_45ft_az90,45.0,90.0,17.0,none,6m,50100000,256.03,6.5411,5.124074691785459,0.9159,True
low_sloper_cp_sweep_feed3_end30_dedicated_angled_49ft_az135_none,low_sloper_cp_sweep,3.0,30.0,dedicated_angled,dedicated_angled_49ft_az135,49.0,135.0,17.0,none,160m,1850000,18.12,-1245.3,1714.7901722464983,0.8320000000000001,True
low_sloper_cp_sweep_feed3_end30_dedicated_angled_49ft_az135_none,low_sloper_cp_sweep,3.0,30.0,dedicated_angled,dedicated_angled_49ft_az135,49.0,135.0,17.0,none,80m,3550000,37.849,-332.77,60.57606743389841,0.8656999999999999,True
low_sloper_cp_sweep_feed3_end30_dedicated_angled_49ft_az135_none,low_sloper_cp_sweep,3.0,30.0,dedicated_angled,dedicated_angled_49ft_az135,49.0,135.0,17.0,none,60m,5357000,90.038,266.66,18.095829753625395,0.8942,True
low_sloper_cp_sweep_feed3_end30_dedicated_angled_49ft_az135_none,low_sloper_cp_sweep,3.0,30.0,dedicated_angled,dedicated_angled_49ft_az135,49.0,135.0,17.0,none,40m,7050000,308.54,1095.4,84.10025641887768,0.9136,True
low_sloper_cp_sweep_feed3_end30_dedicated_angled_49ft_az135_none,low_sloper_cp_sweep,3.0,30.0,dedicated_angled,dedicated_angled_49ft_az135,49.0,135.0,17.0,none,30m,10120000,1036.3,-2038.3,100.94704798016468,0.9345,True
low_sloper_cp_sweep_feed3_end30_dedicated_angled_49ft_az135_none,low_sloper_cp_sweep,3.0,30.0,dedicated_angled,dedicated_angled_49ft_az135,49.0,135.0,17.0,none,20m,14050000,152.32,-26.488,3.149243424110078,0.9211,True
low_sloper_cp_sweep_feed3_end30_dedicated_angled_49ft_az135_none,low_sloper_cp_sweep,3.0,30.0,dedicated_angled,dedicated_angled_49ft_az135,49.0,135.0,17.0,none,17m,18080000,3586.4,570.87,73.54572443577274,0.9152,True
low_sloper_cp_sweep_feed3_end30_dedicated_angled_49ft_az135_none,low_sloper_cp_sweep,3.0,30.0,dedicated_angled,dedicated_angled_49ft_az135,49.0,135.0,17.0,none,15m,21050000,420.67,-833.51,41.5382986653433,0.9364,True
low_sloper_cp_sweep_feed3_end30_dedicated_angled_49ft_az135_none,low_sloper_cp_sweep,3.0,30.0,dedicated_angled,dedicated_angled_49ft_az135,49.0,135.0,17.0,none,12m,24910000,272.22,351.8,14.652711913518134,0.9154000000000001,True
low_sloper_cp_sweep_feed3_end30_dedicated_angled_49ft_az135_none,low_sloper_cp_sweep,3.0,30.0,dedicated_angled,dedicated_angled_49ft_az135,49.0,135.0,17.0,none,10m,28050000,1418.6,-926.1,40.47419562095854,0.9118999999999999,True
low_sloper_cp_sweep_feed3_end30_dedicated_angled_49ft_az135_none,low_sloper_cp_sweep,3.0,30.0,dedicated_angled,dedicated_angled_49ft_az135,49.0,135.0,17.0,none,6m,50100000,847.6,-430.04,21.327821749126972,0.9329000000000001,True
low_sloper_cp_sweep_feed3_end30_dedicated_angled_49ft_az180_none,low_sloper_cp_sweep,3.0,30.0,dedicated_angled,dedicated_angled_49ft_az180,49.0,180.0,17.0,none,160m,1850000,18.861,-1230.2,1607.812089261962,0.8382999999999999,True
low_sloper_cp_sweep_feed3_end30_dedicated_angled_49ft_az180_none,low_sloper_cp_sweep,3.0,30.0,dedicated_angled,dedicated_angled_49ft_az180,49.0,180.0,17.0,none,80m,3550000,39.374,-326.41,56.15824842952264,0.8706999999999999,True
low_sloper_cp_sweep_feed3_end30_dedicated_angled_49ft_az180_none,low_sloper_cp_sweep,3.0,30.0,dedicated_angled,dedicated_angled_49ft_az180,49.0,180.0,17.0,none,60m,5357000,92.853,267.2,17.71735537602811,0.8973,True
low_sloper_cp_sweep_feed3_end30_dedicated_angled_49ft_az180_none,low_sloper_cp_sweep,3.0,30.0,dedicated_angled,dedicated_angled_49ft_az180,49.0,180.0,17.0,none,40m,7050000,313.35,1084.2,81.44155004101498,0.9152,True
low_sloper_cp_sweep_feed3_end30_dedicated_angled_49ft_az180_none,low_sloper_cp_sweep,3.0,30.0,dedicated_angled,dedicated_angled_49ft_az180,49.0,180.0,17.0,none,30m,10120000,1046.8,-2029.9,99.69926005309448,0.934,True
low_sloper_cp_sweep_feed3_end30_dedicated_angled_49ft_az180_none,low_sloper_cp_sweep,3.0,30.0,dedicated_angled,dedicated_angled_49ft_az180,49.0,180.0,17.0,none,20m,14050000,152.25,-21.296,3.1116053564547843,0.9206,True
low_sloper_cp_sweep_feed3_end30_dedicated_angled_49ft_az180_none,low_sloper_cp_sweep,3.0,30.0,dedicated_angled,dedicated_angled_49ft_az180,49.0,180.0,17.0,none,17m,18080000,3492.4,543.01,71.53691812338613,0.9158,True
low_sloper_cp_sweep_feed3_end30_dedicated_angled_49ft_az180_none,low_sloper_cp_sweep,3.0,30.0,dedicated_angled,dedicated_angled_49ft_az180,49.0,180.0,17.0,none,15m,21050000,422.82,-835.18,41.54455841686959,0.9353,True
low_sloper_cp_sweep_feed3_end30_dedicated_angled_49ft_az180_none,low_sloper_cp_sweep,3.0,30.0,dedicated_angled,dedicated_angled_49ft_az180,49.0,180.0,17.0,none,12m,24910000,273.59,361.22,15.126799542555935,0.9146,True
low_sloper_cp_sweep_feed3_end30_dedicated_angled_49ft_az180_none,low_sloper_cp_sweep,3.0,30.0,dedicated_angled,dedicated_angled_49ft_az180,49.0,180.0,17.0,none,10m,28050000,1369.5,-906.38,39.398568047776436,0.9098999999999999,True
low_sloper_cp_sweep_feed3_end30_dedicated_angled_49ft_az180_none,low_sloper_cp_sweep,3.0,30.0,dedicated_angled,dedicated_angled_49ft_az180,49.0,180.0,17.0,none,6m,50100000,872.6,-436.54,21.831295541156617,0.9326000000000001,True
low_sloper_cp_sweep_feed3_end30_dedicated_angled_49ft_az90_none,low_sloper_cp_sweep,3.0,30.0,dedicated_angled,dedicated_angled_49ft_az90,49.0,90.0,17.0,none,160m,1850000,15.934,-1298.3,2119.162051469549,0.81,True
low_sloper_cp_sweep_feed3_end30_dedicated_angled_49ft_az90_none,low_sloper_cp_sweep,3.0,30.0,dedicated_angled,dedicated_angled_49ft_az90,49.0,90.0,17.0,none,80m,3550000,33.174,-355.22,78.23027665498954,0.8477,True
low_sloper_cp_sweep_feed3_end30_dedicated_angled_49ft_az90_none,low_sloper_cp_sweep,3.0,30.0,dedicated_angled,dedicated_angled_49ft_az90,49.0,90.0,17.0,none,60m,5357000,80.722,263.61,19.39947507812283,0.8825,True
low_sloper_cp_sweep_feed3_end30_dedicated_angled_49ft_az90_none,low_sloper_cp_sweep,3.0,30.0,dedicated_angled,dedicated_angled_49ft_az90,49.0,90.0,17.0,none,40m,7050000,289.07,1130.9,94.42994529652124,0.9070999999999999,True
low_sloper_cp_sweep_feed3_end30_dedicated_angled_49ft_az90_none,low_sloper_cp_sweep,3.0,30.0,dedicated_angled,dedicated_angled_49ft_az90,49.0,90.0,17.0,none,30m,10120000,989.76,-2081.0,107.34369612406691,0.9351,True
low_sloper_cp_sweep_feed3_end30_dedicated_angled_49ft_az90_none,low_sloper_cp_sweep,3.0,30.0,dedicated_angled,dedicated_angled_49ft_az90,49.0,90.0,17.0,none,20m,14050000,153.89,-38.796,3.2948109522559674,0.9236,True
low_sloper_cp_sweep_feed3_end30_dedicated_angled_49ft_az90_none,low_sloper_cp_sweep,3.0,30.0,dedicated_angled,dedicated_angled_49ft_az90,49.0,90.0,17.0,none,17m,18080000,3785.1,716.13,78.41225118080315,0.9140999999999999,True
low_sloper_cp_sweep_feed3_end30_dedicated_angled_49ft_az90_none,low_sloper_cp_sweep,3.0,30.0,dedicated_angled,dedicated_angled_49ft_az90,49.0,90.0,17.0,none,15m,21050000,400.39,-847.36,43.97591767528422,0.9362,True
low_sloper_cp_sweep_feed3_end30_dedicated_angled_49ft_az90_none,low_sloper_cp_sweep,3.0,30.0,dedicated_angled,dedicated_angled_49ft_az90,49.0,90.0,17.0,none,12m,24910000,279.95,343.76,14.149216840985668,0.9203,True
low_sloper_cp_sweep_feed3_end30_dedicated_angled_49ft_az90_none,low_sloper_cp_sweep,3.0,30.0,dedicated_angled,dedicated_angled_49ft_az90,49.0,90.0,17.0,none,10m,28050000,1500.5,-911.68,41.09743595764224,0.9165000000000001,True
low_sloper_cp_sweep_feed3_end30_dedicated_angled_49ft_az90_none,low_sloper_cp_sweep,3.0,30.0,dedicated_angled,dedicated_angled_49ft_az90,49.0,90.0,17.0,none,6m,50100000,830.15,-448.01,21.452197777848347,0.9342,True
low_sloper_cp_sweep_feed3_end30_dedicated_angled_53ft_az135_none,low_sloper_cp_sweep,3.0,30.0,dedicated_angled,dedicated_angled_53ft_az135,53.0,135.0,17.0,none,160m,1850000,18.618,-1185.3,1512.2807007882038,0.8288,True
low_sloper_cp_sweep_feed3_end30_dedicated_angled_53ft_az135_none,low_sloper_cp_sweep,3.0,30.0,dedicated_angled,dedicated_angled_53ft_az135,53.0,135.0,17.0,none,80m,3550000,40.288,-284.05,42.07687210234689,0.8656,True
low_sloper_cp_sweep_feed3_end30_dedicated_angled_53ft_az135_none,low_sloper_cp_sweep,3.0,30.0,dedicated_angled,dedicated_angled_53ft_az135,53.0,135.0,17.0,none,60m,5357000,102.27,342.13,25.385872468185383,0.8954000000000001,True
low_sloper_cp_sweep_feed3_end30_dedicated_angled_53ft_az135_none,low_sloper_cp_sweep,3.0,30.0,dedicated_angled,dedicated_angled_53ft_az135,53.0,135.0,17.0,none,40m,7050000,418.12,1318.5,91.62625171478217,0.9159999999999999,True
low_sloper_cp_sweep_feed3_end30_dedicated_angled_53ft_az135_none,low_sloper_cp_sweep,3.0,30.0,dedicated_angled,dedicated_angled_53ft_az135,53.0,135.0,17.0,none,30m,10120000,541.31,-1596.6,105.09285020309348,0.9307,True
low_sloper_cp_sweep_feed3_end30_dedicated_angled_53ft_az135_none,low_sloper_cp_sweep,3.0,30.0,dedicated_angled,dedicated_angled_53ft_az135,53.0,135.0,17.0,none,20m,14050000,172.32,131.78,5.572659092607483,0.9212,True
low_sloper_cp_sweep_feed3_end30_dedicated_angled_53ft_az135_none,low_sloper_cp_sweep,3.0,30.0,dedicated_angled,dedicated_angled_53ft_az135,53.0,135.0,17.0,none,17m,18080000,3498.2,-906.24,74.66029062318997,0.9243000000000001,True
low_sloper_cp_sweep_feed3_end30_dedicated_angled_53ft_az135_none,low_sloper_cp_sweep,3.0,30.0,dedicated_angled,dedicated_angled_53ft_az135,53.0,135.0,17.0,none,15m,21050000,231.33,-527.85,28.89715359563131,0.9255,True
low_sloper_cp_sweep_feed3_end30_dedicated_angled_53ft_az135_none,low_sloper_cp_sweep,3.0,30.0,dedicated_angled,dedicated_angled_53ft_az135,53.0,135.0,17.0,none,12m,24910000,444.77,668.78,29.085705245039776,0.9235,True
low_sloper_cp_sweep_feed3_end30_dedicated_angled_53ft_az135_none,low_sloper_cp_sweep,3.0,30.0,dedicated_angled,dedicated_angled_53ft_az135,53.0,135.0,17.0,none,10m,28050000,1271.3,-1544.0,62.95335442690819,0.9209,True
low_sloper_cp_sweep_feed3_end30_dedicated_angled_53ft_az135_none,low_sloper_cp_sweep,3.0,30.0,dedicated_angled,dedicated_angled_53ft_az135,53.0,135.0,17.0,none,6m,50100000,243.58,-173.43,7.411605851741989,0.9139,True
low_sloper_cp_sweep_feed3_end30_dedicated_angled_53ft_az180_none,low_sloper_cp_sweep,3.0,30.0,dedicated_angled,dedicated_angled_53ft_az180,53.0,180.0,17.0,none,160m,1850000,19.385,-1170.7,1416.9859006475363,0.8353,True
low_sloper_cp_sweep_feed3_end30_dedicated_angled_53ft_az180_none,low_sloper_cp_sweep,3.0,30.0,dedicated_angled,dedicated_angled_53ft_az180,53.0,180.0,17.0,none,80m,3550000,41.88,-278.15,38.95300850996375,0.8704999999999999,True
low_sloper_cp_sweep_feed3_end30_dedicated_angled_53ft_az180_none,low_sloper_cp_sweep,3.0,30.0,dedicated_angled,dedicated_angled_53ft_az180,53.0,180.0,17.0,none,60m,5357000,105.27,341.82,24.738276403439713,0.8983,True
low_sloper_cp_sweep_feed3_end30_dedicated_angled_53ft_az180_none,low_sloper_cp_sweep,3.0,30.0,dedicated_angled,dedicated_angled_53ft_az180,53.0,180.0,17.0,none,40m,7050000,422.86,1302.6,88.81612287637044,0.9174,True
low_sloper_cp_sweep_feed3_end30_dedicated_angled_53ft_az180_none,low_sloper_cp_sweep,3.0,30.0,dedicated_angled,dedicated_angled_53ft_az180,53.0,180.0,17.0,none,30m,10120000,545.06,-1590.1,103.75906348025156,0.93,True
low_sloper_cp_sweep_feed3_end30_dedicated_angled_53ft_az180_none,low_sloper_cp_sweep,3.0,30.0,dedicated_angled,dedicated_angled_53ft_az180,53.0,180.0,17.0,none,20m,14050000,173.34,136.39,5.726966787184991,0.9213,True
low_sloper_cp_sweep_feed3_end30_dedicated_angled_53ft_az180_none,low_sloper_cp_sweep,3.0,30.0,dedicated_angled,dedicated_angled_53ft_az180,53.0,180.0,17.0,none,17m,18080000,3442.0,-797.46,72.53593163501668,0.9248000000000001,True
low_sloper_cp_sweep_feed3_end30_dedicated_angled_53ft_az180_none,low_sloper_cp_sweep,3.0,30.0,dedicated_angled,dedicated_angled_53ft_az180,53.0,180.0,17.0,none,15m,21050000,228.97,-527.04,29.025985942861965,0.9231999999999999,True
low_sloper_cp_sweep_feed3_end30_dedicated_angled_53ft_az180_none,low_sloper_cp_sweep,3.0,30.0,dedicated_angled,dedicated_angled_53ft_az180,53.0,180.0,17.0,none,12m,24910000,456.45,674.33,29.12844951462962,0.9247,True
low_sloper_cp_sweep_feed3_end30_dedicated_angled_53ft_az180_none,low_sloper_cp_sweep,3.0,30.0,dedicated_angled,dedicated_angled_53ft_az180,53.0,180.0,17.0,none,10m,28050000,1303.6,-1507.1,60.94129819195663,0.9225,True
low_sloper_cp_sweep_feed3_end30_dedicated_angled_53ft_az180_none,low_sloper_cp_sweep,3.0,30.0,dedicated_angled,dedicated_angled_53ft_az180,53.0,180.0,17.0,none,6m,50100000,235.57,-177.75,7.4722579361802195,0.9075,True
low_sloper_cp_sweep_feed3_end30_dedicated_angled_53ft_az90_none,low_sloper_cp_sweep,3.0,30.0,dedicated_angled,dedicated_angled_53ft_az90,53.0,90.0,17.0,none,160m,1850000,16.347,-1236.3,1873.3767395992209,0.8061,True
low_sloper_cp_sweep_feed3_end30_dedicated_angled_53ft_az90_none,low_sloper_cp_sweep,3.0,30.0,dedicated_angled,dedicated_angled_53ft_az90,53.0,90.0,17.0,none,80m,3550000,35.367,-304.98,54.70144359916933,0.8478,True
low_sloper_cp_sweep_feed3_end30_dedicated_angled_53ft_az90_none,low_sloper_cp_sweep,3.0,30.0,dedicated_angled,dedicated_angled_53ft_az90,53.0,90.0,17.0,none,60m,5357000,92.132,341.88,27.72197899235052,0.8843000000000001,True
low_sloper_cp_sweep_feed3_end30_dedicated_angled_53ft_az90_none,low_sloper_cp_sweep,3.0,30.0,dedicated_angled,dedicated_angled_53ft_az90,53.0,90.0,17.0,none,40m,7050000,396.72,1369.9,102.65777091477592,0.9103,True
low_sloper_cp_sweep_feed3_end30_dedicated_angled_53ft_az90_none,low_sloper_cp_sweep,3.0,30.0,dedicated_angled,dedicated_angled_53ft_az90,53.0,90.0,17.0,none,30m,10120000,518.63,-1624.5,112.22822692443975,0.9314,True
low_sloper_cp_sweep_feed3_end30_dedicated_angled_53ft_az90_none,low_sloper_cp_sweep,3.0,30.0,dedicated_angled,dedicated_angled_53ft_az90,53.0,90.0,17.0,none,20m,14050000,172.47,121.16,5.251167178798015,0.9228000000000001,True
low_sloper_cp_sweep_feed3_end30_dedicated_angled_53ft_az90_none,low_sloper_cp_sweep,3.0,30.0,dedicated_angled,dedicated_angled_53ft_az90,53.0,90.0,17.0,none,17m,18080000,3766.4,-1138.3,82.20956414063596,0.9218000000000001,True
low_sloper_cp_sweep_feed3_end30_dedicated_angled_53ft_az90_none,low_sloper_cp_sweep,3.0,30.0,dedicated_angled,dedicated_angled_53ft_az90,53.0,90.0,17.0,none,15m,21050000,222.56,-534.72,30.337133430129803,0.9261,True
low_sloper_cp_sweep_feed3_end30_dedicated_angled_53ft_az90_none,low_sloper_cp_sweep,3.0,30.0,dedicated_angled,dedicated_angled_53ft_az90,53.0,90.0,17.0,none,12m,24910000,444.72,657.71,28.425799396017375,0.9261,True
low_sloper_cp_sweep_feed3_end30_dedicated_angled_53ft_az90_none,low_sloper_cp_sweep,3.0,30.0,dedicated_angled,dedicated_angled_53ft_az90,53.0,90.0,17.0,none,10m,28050000,1273.7,-1653.2,68.4140858042923,0.9181,True
low_sloper_cp_sweep_feed3_end30_dedicated_angled_53ft_az90_none,low_sloper_cp_sweep,3.0,30.0,dedicated_angled,dedicated_angled_53ft_az90,53.0,90.0,17.0,none,6m,50100000,237.68,-177.66,7.486320198469662,0.9155,True
low_sloper_cp_sweep_feed3_end30_dedicated_angled_5ft_az135_none,low_sloper_cp_sweep,3.0,30.0,dedicated_angled,dedicated_angled_5ft_az135,5.0,135.0,17.0,none,160m,1850000,21.838,-6974.2,44548.4408037833,0.9286,True
low_sloper_cp_sweep_feed3_end30_dedicated_angled_5ft_az135_none,low_sloper_cp_sweep,3.0,30.0,dedicated_angled,dedicated_angled_5ft_az135,5.0,135.0,17.0,none,80m,3550000,29.608,-3473.6,8152.711032204885,0.9134,True
low_sloper_cp_sweep_feed3_end30_dedicated_angled_5ft_az135_none,low_sloper_cp_sweep,3.0,30.0,dedicated_angled,dedicated_angled_5ft_az135,5.0,135.0,17.0,none,60m,5357000,53.299,-2054.6,1586.041112646834,0.9116,True
low_sloper_cp_sweep_feed3_end30_dedicated_angled_5ft_az135_none,low_sloper_cp_sweep,3.0,30.0,dedicated_angled,dedicated_angled_5ft_az135,5.0,135.0,17.0,none,40m,7050000,159.07,-1107.5,157.7052973187966,0.917,True
low_sloper_cp_sweep_feed3_end30_dedicated_angled_5ft_az135_none,low_sloper_cp_sweep,3.0,30.0,dedicated_angled,dedicated_angled_5ft_az135,5.0,135.0,17.0,none,30m,10120000,288.46,-2017.1,288.0365740898623,0.9209,True
low_sloper_cp_sweep_feed3_end30_dedicated_angled_5ft_az135_none,low_sloper_cp_sweep,3.0,30.0,dedicated_angled,dedicated_angled_5ft_az135,5.0,135.0,17.0,none,20m,14050000,68.095,-742.39,163.9647774416631,0.9095,True
low_sloper_cp_sweep_feed3_end30_dedicated_angled_5ft_az135_none,low_sloper_cp_sweep,3.0,30.0,dedicated_angled,dedicated_angled_5ft_az135,5.0,135.0,17.0,none,17m,18080000,2401.2,-220.87,48.43050125472138,0.9092,True
low_sloper_cp_sweep_feed3_end30_dedicated_angled_5ft_az135_none,low_sloper_cp_sweep,3.0,30.0,dedicated_angled,dedicated_angled_5ft_az135,5.0,135.0,17.0,none,15m,21050000,87.376,-761.1,134.90555558481933,0.8918,True
low_sloper_cp_sweep_feed3_end30_dedicated_angled_5ft_az135_none,low_sloper_cp_sweep,3.0,30.0,dedicated_angled,dedicated_angled_5ft_az135,5.0,135.0,17.0,none,12m,24910000,145.41,-53.6,3.348573712718048,0.904,True
low_sloper_cp_sweep_feed3_end30_dedicated_angled_5ft_az135_none,low_sloper_cp_sweep,3.0,30.0,dedicated_angled,dedicated_angled_5ft_az135,5.0,135.0,17.0,none,10m,28050000,921.16,-1341.1,57.509750373653596,0.9013,True
low_sloper_cp_sweep_feed3_end30_dedicated_angled_5ft_az135_none,low_sloper_cp_sweep,3.0,30.0,dedicated_angled,dedicated_angled_5ft_az135,5.0,135.0,17.0,none,6m,50100000,106.18,-57.052,2.8576583747789632,0.883,True
low_sloper_cp_sweep_feed3_end30_dedicated_angled_5ft_az180_none,low_sloper_cp_sweep,3.0,30.0,dedicated_angled,dedicated_angled_5ft_az180,5.0,180.0,17.0,none,160m,1850000,21.94,-6910.6,43536.347947481896,0.9285,True
low_sloper_cp_sweep_feed3_end30_dedicated_angled_5ft_az180_none,low_sloper_cp_sweep,3.0,30.0,dedicated_angled,dedicated_angled_5ft_az180,5.0,180.0,17.0,none,80m,3550000,29.786,-3440.4,7949.868514381683,0.9134,True
low_sloper_cp_sweep_feed3_end30_dedicated_angled_5ft_az180_none,low_sloper_cp_sweep,3.0,30.0,dedicated_angled,dedicated_angled_5ft_az180,5.0,180.0,17.0,none,60m,5357000,53.562,-2033.0,1545.2956031429799,0.9114,True
low_sloper_cp_sweep_feed3_end30_dedicated_angled_5ft_az180_none,low_sloper_cp_sweep,3.0,30.0,dedicated_angled,dedicated_angled_5ft_az180,5.0,180.0,17.0,none,40m,7050000,159.32,-1091.9,153.16048978124482,0.9166,True
low_sloper_cp_sweep_feed3_end30_dedicated_angled_5ft_az180_none,low_sloper_cp_sweep,3.0,30.0,dedicated_angled,dedicated_angled_5ft_az180,5.0,180.0,17.0,none,30m,10120000,287.99,-2003.2,284.6069575863195,0.9201999999999999,True
low_sloper_cp_sweep_feed3_end30_dedicated_angled_5ft_az180_none,low_sloper_cp_sweep,3.0,30.0,dedicated_angled,dedicated_angled_5ft_az180,5.0,180.0,17.0,none,20m,14050000,68.837,-733.18,158.2781641826472,0.9098999999999999,True
low_sloper_cp_sweep_feed3_end30_dedicated_angled_5ft_az180_none,low_sloper_cp_sweep,3.0,30.0,dedicated_angled,dedicated_angled_5ft_az180,5.0,180.0,17.0,none,17m,18080000,2398.1,-216.58,48.35336926107787,0.9083,True
low_sloper_cp_sweep_feed3_end30_dedicated_angled_5ft_az180_none,low_sloper_cp_sweep,3.0,30.0,dedicated_angled,dedicated_angled_5ft_az180,5.0,180.0,17.0,none,15m,21050000,87.532,-753.85,132.16162272323575,0.8911,True
low_sloper_cp_sweep_feed3_end30_dedicated_angled_5ft_az180_none,low_sloper_cp_sweep,3.0,30.0,dedicated_angled,dedicated_angled_5ft_az180,5.0,180.0,17.0,none,12m,24910000,147.29,-47.882,3.292898427896534,0.9045000000000001,True
low_sloper_cp_sweep_feed3_end30_dedicated_angled_5ft_az180_none,low_sloper_cp_sweep,3.0,30.0,dedicated_angled,dedicated_angled_5ft_az180,5.0,180.0,17.0,none,10m,28050000,918.3,-1337.6,57.37010389340747,0.9,True
low_sloper_cp_sweep_feed3_end30_dedicated_angled_5ft_az180_none,low_sloper_cp_sweep,3.0,30.0,dedicated_angled,dedicated_angled_5ft_az180,5.0,180.0,17.0,none,6m,50100000,107.49,-50.526,2.722671169668057,0.8834000000000001,True
low_sloper_cp_sweep_feed3_end30_dedicated_angled_5ft_az90_none,low_sloper_cp_sweep,3.0,30.0,dedicated_angled,dedicated_angled_5ft_az90,5.0,90.0,17.0,none,160m,1850000,21.619,-7182.4,47726.386158957495,0.9290999999999999,True
low_sloper_cp_sweep_feed3_end30_dedicated_angled_5ft_az90_none,low_sloper_cp_sweep,3.0,30.0,dedicated_angled,dedicated_angled_5ft_az90,5.0,90.0,17.0,none,80m,3550000,29.226,-3581.6,8780.683331728775,0.9139,True
low_sloper_cp_sweep_feed3_end30_dedicated_angled_5ft_az90_none,low_sloper_cp_sweep,3.0,30.0,dedicated_angled,dedicated_angled_5ft_az90,5.0,90.0,17.0,none,60m,5357000,52.763,-2125.2,1713.9879972634449,0.9125,True
low_sloper_cp_sweep_feed3_end30_dedicated_angled_5ft_az90_none,low_sloper_cp_sweep,3.0,30.0,dedicated_angled,dedicated_angled_5ft_az90,5.0,90.0,17.0,none,40m,7050000,158.79,-1158.4,172.49937626382138,0.9188,True
low_sloper_cp_sweep_feed3_end30_dedicated_angled_5ft_az90_none,low_sloper_cp_sweep,3.0,30.0,dedicated_angled,dedicated_angled_5ft_az90,5.0,90.0,17.0,none,30m,10120000,289.91,-2062.2,299.3458814241297,0.9234,True
low_sloper_cp_sweep_feed3_end30_dedicated_angled_5ft_az90_none,low_sloper_cp_sweep,3.0,30.0,dedicated_angled,dedicated_angled_5ft_az90,5.0,90.0,17.0,none,20m,14050000,66.25,-771.9,181.94731069583094,0.9091,True
low_sloper_cp_sweep_feed3_end30_dedicated_angled_5ft_az90_none,low_sloper_cp_sweep,3.0,30.0,dedicated_angled,dedicated_angled_5ft_az90,5.0,90.0,17.0,none,17m,18080000,2412.1,-237.1,48.70831851277965,0.9118999999999999,True
low_sloper_cp_sweep_feed3_end30_dedicated_angled_5ft_az90_none,low_sloper_cp_sweep,3.0,30.0,dedicated_angled,dedicated_angled_5ft_az90,5.0,90.0,17.0,none,15m,21050000,87.041,-783.91,143.5095410031472,0.8942,True
low_sloper_cp_sweep_feed3_end30_dedicated_angled_5ft_az90_none,low_sloper_cp_sweep,3.0,30.0,dedicated_angled,dedicated_angled_5ft_az90,5.0,90.0,17.0,none,12m,24910000,140.68,-71.413,3.617615016129071,0.9033,True
low_sloper_cp_sweep_feed3_end30_dedicated_angled_5ft_az90_none,low_sloper_cp_sweep,3.0,30.0,dedicated_angled,dedicated_angled_5ft_az90,5.0,90.0,17.0,none,10m,28050000,928.45,-1353.5,58.06844112077126,0.9052,True
low_sloper_cp_sweep_feed3_end30_dedicated_angled_5ft_az90_none,low_sloper_cp_sweep,3.0,30.0,dedicated_angled,dedicated_angled_5ft_az90,5.0,90.0,17.0,none,6m,50100000,104.49,-74.626,3.3343534276390887,0.8848,True
low_sloper_cp_sweep_feed3_end30_dedicated_angled_9ft_az135_none,low_sloper_cp_sweep,3.0,30.0,dedicated_angled,dedicated_angled_9ft_az135,9.0,135.0,17.0,none,160m,1850000,19.858,-4240.0,18109.06867290426,0.9131999999999999,True
low_sloper_cp_sweep_feed3_end30_dedicated_angled_9ft_az135_none,low_sloper_cp_sweep,3.0,30.0,dedicated_angled,dedicated_angled_9ft_az135,9.0,135.0,17.0,none,80m,3550000,28.715,-2032.7,2880.1625232314227,0.9022,True
low_sloper_cp_sweep_feed3_end30_dedicated_angled_9ft_az135_none,low_sloper_cp_sweep,3.0,30.0,dedicated_angled,dedicated_angled_9ft_az135,9.0,135.0,17.0,none,60m,5357000,54.179,-1079.4,432.0985823858393,0.9062,True
low_sloper_cp_sweep_feed3_end30_dedicated_angled_9ft_az135_none,low_sloper_cp_sweep,3.0,30.0,dedicated_angled,dedicated_angled_9ft_az135,9.0,135.0,17.0,none,40m,7050000,164.67,-338.3,17.439848233901337,0.9152,True
low_sloper_cp_sweep_feed3_end30_dedicated_angled_9ft_az135_none,low_sloper_cp_sweep,3.0,30.0,dedicated_angled,dedicated_angled_9ft_az135,9.0,135.0,17.0,none,30m,10120000,300.82,-1506.9,157.14677011693203,0.9201999999999999,True
low_sloper_cp_sweep_feed3_end30_dedicated_angled_9ft_az135_none,low_sloper_cp_sweep,3.0,30.0,dedicated_angled,dedicated_angled_9ft_az135,9.0,135.0,17.0,none,20m,14050000,74.759,-320.83,29.667277856082354,0.909,True
low_sloper_cp_sweep_feed3_end30_dedicated_angled_9ft_az135_none,low_sloper_cp_sweep,3.0,30.0,dedicated_angled,dedicated_angled_9ft_az135,9.0,135.0,17.0,none,17m,18080000,2524.7,133.76,50.635789028680165,0.9089,True
low_sloper_cp_sweep_feed3_end30_dedicated_angled_9ft_az135_none,low_sloper_cp_sweep,3.0,30.0,dedicated_angled,dedicated_angled_9ft_az135,9.0,135.0,17.0,none,15m,21050000,98.268,-438.58,41.59866932651791,0.8929,True
low_sloper_cp_sweep_feed3_end30_dedicated_angled_9ft_az135_none,low_sloper_cp_sweep,3.0,30.0,dedicated_angled,dedicated_angled_9ft_az135,9.0,135.0,17.0,none,12m,24910000,169.6,295.23,13.893224461519237,0.9073,True
low_sloper_cp_sweep_feed3_end30_dedicated_angled_9ft_az135_none,low_sloper_cp_sweep,3.0,30.0,dedicated_angled,dedicated_angled_9ft_az135,9.0,135.0,17.0,none,10m,28050000,981.67,-1089.7,43.85389852702119,0.9006000000000001,True
low_sloper_cp_sweep_feed3_end30_dedicated_angled_9ft_az135_none,low_sloper_cp_sweep,3.0,30.0,dedicated_angled,dedicated_angled_9ft_az135,9.0,135.0,17.0,none,6m,50100000,1873.8,1384.3,57.93890363749772,0.9517,True
low_sloper_cp_sweep_feed3_end30_dedicated_angled_9ft_az180_none,low_sloper_cp_sweep,3.0,30.0,dedicated_angled,dedicated_angled_9ft_az180,9.0,180.0,17.0,none,160m,1850000,20.071,-4196.9,17554.55373213967,0.9138,True
low_sloper_cp_sweep_feed3_end30_dedicated_angled_9ft_az180_none,low_sloper_cp_sweep,3.0,30.0,dedicated_angled,dedicated_angled_9ft_az180,9.0,180.0,17.0,none,80m,3550000,29.098,-2010.5,2780.573524205375,0.903,True
low_sloper_cp_sweep_feed3_end30_dedicated_angled_9ft_az180_none,low_sloper_cp_sweep,3.0,30.0,dedicated_angled,dedicated_angled_9ft_az180,9.0,180.0,17.0,none,60m,5357000,54.762,-1065.3,416.4772624138778,0.9067000000000001,True
low_sloper_cp_sweep_feed3_end30_dedicated_angled_9ft_az180_none,low_sloper_cp_sweep,3.0,30.0,dedicated_angled,dedicated_angled_9ft_az180,9.0,180.0,17.0,none,40m,7050000,165.3,-329.42,16.67829062531378,0.915,True
low_sloper_cp_sweep_feed3_end30_dedicated_angled_9ft_az180_none,low_sloper_cp_sweep,3.0,30.0,dedicated_angled,dedicated_angled_9ft_az180,9.0,180.0,17.0,none,30m,10120000,299.63,-1495.0,155.3386972469704,0.9193000000000001,True
low_sloper_cp_sweep_feed3_end30_dedicated_angled_9ft_az180_none,low_sloper_cp_sweep,3.0,30.0,dedicated_angled,dedicated_angled_9ft_az180,9.0,180.0,17.0,none,20m,14050000,76.112,-314.29,28.099592199273413,0.9102,True
low_sloper_cp_sweep_feed3_end30_dedicated_angled_9ft_az180_none,low_sloper_cp_sweep,3.0,30.0,dedicated_angled,dedicated_angled_9ft_az180,9.0,180.0,17.0,none,17m,18080000,2516.1,131.8,50.460135080265495,0.9081,True
low_sloper_cp_sweep_feed3_end30_dedicated_angled_9ft_az180_none,low_sloper_cp_sweep,3.0,30.0,dedicated_angled,dedicated_angled_9ft_az180,9.0,180.0,17.0,none,15m,21050000,98.327,-432.08,40.42423880827184,0.8922,True
low_sloper_cp_sweep_feed3_end30_dedicated_angled_9ft_az180_none,low_sloper_cp_sweep,3.0,30.0,dedicated_angled,dedicated_angled_9ft_az180,9.0,180.0,17.0,none,12m,24910000,173.56,298.64,13.964912263930561,0.9089,True
low_sloper_cp_sweep_feed3_end30_dedicated_angled_9ft_az180_none,low_sloper_cp_sweep,3.0,30.0,dedicated_angled,dedicated_angled_9ft_az180,9.0,180.0,17.0,none,10m,28050000,972.56,-1086.9,43.773415748770525,0.8989,True
low_sloper_cp_sweep_feed3_end30_dedicated_angled_9ft_az180_none,low_sloper_cp_sweep,3.0,30.0,dedicated_angled,dedicated_angled_9ft_az180,9.0,180.0,17.0,none,6m,50100000,1915.0,1374.7,58.04569741617702,0.9527,True
low_sloper_cp_sweep_feed3_end30_dedicated_angled_9ft_az90_none,low_sloper_cp_sweep,3.0,30.0,dedicated_angled,dedicated_angled_9ft_az90,9.0,90.0,17.0,none,160m,1850000,19.327,-4386.4,19913.466595324604,0.9120999999999999,True
low_sloper_cp_sweep_feed3_end30_dedicated_angled_9ft_az90_none,low_sloper_cp_sweep,3.0,30.0,dedicated_angled,dedicated_angled_9ft_az90,9.0,90.0,17.0,none,80m,3550000,27.786,-2107.9,3200.5427465002335,0.9005,True
low_sloper_cp_sweep_feed3_end30_dedicated_angled_9ft_az90_none,low_sloper_cp_sweep,3.0,30.0,dedicated_angled,dedicated_angled_9ft_az90,9.0,90.0,17.0,none,60m,5357000,52.803,-1126.9,482.99767082688913,0.9054000000000001,True
low_sloper_cp_sweep_feed3_end30_dedicated_angled_9ft_az90_none,low_sloper_cp_sweep,3.0,30.0,dedicated_angled,dedicated_angled_9ft_az90,9.0,90.0,17.0,none,40m,7050000,163.46,-368.51,20.14107476079708,0.9163,True
low_sloper_cp_sweep_feed3_end30_dedicated_angled_9ft_az90_none,low_sloper_cp_sweep,3.0,30.0,dedicated_angled,dedicated_angled_9ft_az90,9.0,90.0,17.0,none,30m,10120000,304.51,-1546.2,163.27000930011133,0.9231999999999999,True
low_sloper_cp_sweep_feed3_end30_dedicated_angled_9ft_az90_none,low_sloper_cp_sweep,3.0,30.0,dedicated_angled,dedicated_angled_9ft_az90,9.0,90.0,17.0,none,20m,14050000,71.162,-342.39,35.04494328927864,0.9063,True
low_sloper_cp_sweep_feed3_end30_dedicated_angled_9ft_az90_none,low_sloper_cp_sweep,3.0,30.0,dedicated_angled,dedicated_angled_9ft_az90,9.0,90.0,17.0,none,17m,18080000,2551.8,135.9,51.180806672073345,0.9118,True
low_sloper_cp_sweep_feed3_end30_dedicated_angled_9ft_az90_none,low_sloper_cp_sweep,3.0,30.0,dedicated_angled,dedicated_angled_9ft_az90,9.0,90.0,17.0,none,15m,21050000,98.488,-458.72,45.18620428457682,0.8956999999999999,True
low_sloper_cp_sweep_feed3_end30_dedicated_angled_9ft_az90_none,low_sloper_cp_sweep,3.0,30.0,dedicated_angled,dedicated_angled_9ft_az90,9.0,90.0,17.0,none,12m,24910000,159.19,283.79,13.542367252458053,0.9033,True
low_sloper_cp_sweep_feed3_end30_dedicated_angled_9ft_az90_none,low_sloper_cp_sweep,3.0,30.0,dedicated_angled,dedicated_angled_9ft_az90,9.0,90.0,17.0,none,10m,28050000,1005.8,-1096.9,44.06804653645459,0.9059,True
low_sloper_cp_sweep_feed3_end30_dedicated_angled_9ft_az90_none,low_sloper_cp_sweep,3.0,30.0,dedicated_angled,dedicated_angled_9ft_az90,9.0,90.0,17.0,none,6m,50100000,1782.2,1339.0,55.77443782616775,0.9511,True
sloper_20_to_40_feed20_end40_coax_return_19.5ft_vertical_cfrp_5e3_3in,sloper_20_to_40,20.0,40.0,coax_return,coax_return_19.5ft_vertical,19.5,,19.5,cfrp_5e3_3in,160m,1850000,6.7855,-2334.7,16073.598443460322,0.7345,True
sloper_20_to_40_feed20_end40_coax_return_19.5ft_vertical_cfrp_5e3_3in,sloper_20_to_40,20.0,40.0,coax_return,coax_return_19.5ft_vertical,19.5,,19.5,cfrp_5e3_3in,80m,3550000,16.055,-998.46,1245.3185798951642,0.8190999999999999,True
sloper_20_to_40_feed20_end40_coax_return_19.5ft_vertical_cfrp_5e3_3in,sloper_20_to_40,20.0,40.0,coax_return,coax_return_19.5ft_vertical,19.5,,19.5,cfrp_5e3_3in,60m,5357000,44.912,-341.04,53.78679164457775,0.8842,True
sloper_20_to_40_feed20_end40_coax_return_19.5ft_vertical_cfrp_5e3_3in,sloper_20_to_40,20.0,40.0,coax_return,coax_return_19.5ft_vertical,19.5,,19.5,cfrp_5e3_3in,40m,7050000,175.53,296.08,13.710936919178986,0.9189,True
sloper_20_to_40_feed20_end40_coax_return_19.5ft_vertical_cfrp_5e3_3in,sloper_20_to_40,20.0,40.0,coax_return,coax_return_19.5ft_vertical,19.5,,19.5,cfrp_5e3_3in,30m,10120000,372.99,-1196.9,84.3974464610112,0.9272,True
sloper_20_to_40_feed20_end40_coax_return_19.5ft_vertical_cfrp_5e3_3in,sloper_20_to_40,20.0,40.0,coax_return,coax_return_19.5ft_vertical,19.5,,19.5,cfrp_5e3_3in,20m,14050000,63.858,113.38,5.9172787479335005,0.8169,True
sloper_20_to_40_feed20_end40_coax_return_19.5ft_vertical_cfrp_5e3_3in,sloper_20_to_40,20.0,40.0,coax_return,coax_return_19.5ft_vertical,19.5,,19.5,cfrp_5e3_3in,17m,18080000,2991.4,135.34,59.950497986878034,0.9208,True
sloper_20_to_40_feed20_end40_coax_return_19.5ft_vertical_cfrp_5e3_3in,sloper_20_to_40,20.0,40.0,coax_return,coax_return_19.5ft_vertical,19.5,,19.5,cfrp_5e3_3in,15m,21050000,224.63,264.28,10.841524709896074,0.8808,True
sloper_20_to_40_feed20_end40_coax_return_19.5ft_vertical_cfrp_5e3_3in,sloper_20_to_40,20.0,40.0,coax_return,coax_return_19.5ft_vertical,19.5,,19.5,cfrp_5e3_3in,12m,24910000,4424.3,-2193.7,110.24226907773561,0.7189,True
sloper_20_to_40_feed20_end40_coax_return_19.5ft_vertical_cfrp_5e3_3in,sloper_20_to_40,20.0,40.0,coax_return,coax_return_19.5ft_vertical,19.5,,19.5,cfrp_5e3_3in,10m,28050000,1063.5,-1670.1,73.75731668218717,0.8951,True
sloper_20_to_40_feed20_end40_coax_return_19.5ft_vertical_cfrp_5e3_3in,sloper_20_to_40,20.0,40.0,coax_return,coax_return_19.5ft_vertical,19.5,,19.5,cfrp_5e3_3in,6m,50100000,2440.3,-1611.5,70.09593618990249,0.7468,True
sloper_20_to_40_feed20_end40_coax_return_19.5ft_vertical_cfrp_5e4_12in,sloper_20_to_40,20.0,40.0,coax_return,coax_return_19.5ft_vertical,19.5,,19.5,cfrp_5e4_12in,160m,1850000,7.729,-2461.7,15687.738653920816,0.7947,True
sloper_20_to_40_feed20_end40_coax_return_19.5ft_vertical_cfrp_5e4_12in,sloper_20_to_40,20.0,40.0,coax_return,coax_return_19.5ft_vertical,19.5,,19.5,cfrp_5e4_12in,80m,3550000,18.374,-1058.1,1221.7399171826307,0.8576,True
sloper_20_to_40_feed20_end40_coax_return_19.5ft_vertical_cfrp_5e4_12in,sloper_20_to_40,20.0,40.0,coax_return,coax_return_19.5ft_vertical,19.5,,19.5,cfrp_5e4_12in,60m,5357000,50.39,-373.32,57.29827459589108,0.9035,True
sloper_20_to_40_feed20_end40_coax_return_19.5ft_vertical_cfrp_5e4_12in,sloper_20_to_40,20.0,40.0,coax_return,coax_return_19.5ft_vertical,19.5,,19.5,cfrp_5e4_12in,40m,7050000,189.87,277.49,12.088903995038672,0.9274,True
sloper_20_to_40_feed20_end40_coax_return_19.5ft_vertical_cfrp_5e4_12in,sloper_20_to_40,20.0,40.0,coax_return,coax_return_19.5ft_vertical,19.5,,19.5,cfrp_5e4_12in,30m,10120000,376.12,-1206.3,85.02099074575291,0.9278,True
sloper_20_to_40_feed20_end40_coax_return_19.5ft_vertical_cfrp_5e4_12in,sloper_20_to_40,20.0,40.0,coax_return,coax_return_19.5ft_vertical,19.5,,19.5,cfrp_5e4_12in,20m,14050000,63.709,130.26,7.247638066869379,0.866,True
sloper_20_to_40_feed20_end40_coax_return_19.5ft_vertical_cfrp_5e4_12in,sloper_20_to_40,20.0,40.0,coax_return,coax_return_19.5ft_vertical,19.5,,19.5,cfrp_5e4_12in,17m,18080000,3050.4,267.52,61.47735508066265,0.9242,True
sloper_20_to_40_feed20_end40_coax_return_19.5ft_vertical_cfrp_5e4_12in,sloper_20_to_40,20.0,40.0,coax_return,coax_return_19.5ft_vertical,19.5,,19.5,cfrp_5e4_12in,15m,21050000,290.97,369.13,15.291548261896587,0.9395,True
sloper_20_to_40_feed20_end40_coax_return_19.5ft_vertical_cfrp_5e4_12in,sloper_20_to_40,20.0,40.0,coax_return,coax_return_19.5ft_vertical,19.5,,19.5,cfrp_5e4_12in,12m,24910000,2899.1,-2718.6,108.97683160213136,0.9128000000000001,True
sloper_20_to_40_feed20_end40_coax_return_19.5ft_vertical_cfrp_5e4_12in,sloper_20_to_40,20.0,40.0,coax_return,coax_return_19.5ft_vertical,19.5,,19.5,cfrp_5e4_12in,10m,28050000,1097.7,-1707.9,75.13231645772235,0.9087000000000001,True
sloper_20_to_40_feed20_end40_coax_return_19.5ft_vertical_cfrp_5e4_12in,sloper_20_to_40,20.0,40.0,coax_return,coax_return_19.5ft_vertical,19.5,,19.5,cfrp_5e4_12in,6m,50100000,1475.3,-1636.5,65.83097429451826,0.9248999999999999,True
sloper_20_to_40_feed20_end40_coax_return_19.5ft_vertical_cfrp_5e4_3in,sloper_20_to_40,20.0,40.0,coax_return,coax_return_19.5ft_vertical,19.5,,19.5,cfrp_5e4_3in,160m,1850000,6.5953,-2334.9,16539.964787147575,0.7529,True
sloper_20_to_40_feed20_end40_coax_return_19.5ft_vertical_cfrp_5e4_3in,sloper_20_to_40,20.0,40.0,coax_return,coax_return_19.5ft_vertical,19.5,,19.5,cfrp_5e4_3in,80m,3550000,15.822,-998.73,1264.3298228757162,0.8309000000000001,True
sloper_20_to_40_feed20_end40_coax_return_19.5ft_vertical_cfrp_5e4_3in,sloper_20_to_40,20.0,40.0,coax_return,coax_return_19.5ft_vertical,19.5,,19.5,cfrp_5e4_3in,60m,5357000,44.712,-341.39,54.126405317776445,0.8896999999999999,True
sloper_20_to_40_feed20_end40_coax_return_19.5ft_vertical_cfrp_5e4_3in,sloper_20_to_40,20.0,40.0,coax_return,coax_return_19.5ft_vertical,19.5,,19.5,cfrp_5e4_3in,40m,7050000,175.56,295.59,13.676570303200252,0.9212,True
sloper_20_to_40_feed20_end40_coax_return_19.5ft_vertical_cfrp_5e4_3in,sloper_20_to_40,20.0,40.0,coax_return,coax_return_19.5ft_vertical,19.5,,19.5,cfrp_5e4_3in,30m,10120000,372.54,-1196.7,84.45570344723883,0.9278,True
sloper_20_to_40_feed20_end40_coax_return_19.5ft_vertical_cfrp_5e4_3in,sloper_20_to_40,20.0,40.0,coax_return,coax_return_19.5ft_vertical,19.5,,19.5,cfrp_5e4_3in,20m,14050000,59.508,111.29,6.0270870633759825,0.8536,True
sloper_20_to_40_feed20_end40_coax_return_19.5ft_vertical_cfrp_5e4_3in,sloper_20_to_40,20.0,40.0,coax_return,coax_return_19.5ft_vertical,19.5,,19.5,cfrp_5e4_3in,17m,18080000,3004.3,143.69,60.2234864257399,0.9244,True
sloper_20_to_40_feed20_end40_coax_return_19.5ft_vertical_cfrp_5e4_3in,sloper_20_to_40,20.0,40.0,coax_return,coax_return_19.5ft_vertical,19.5,,19.5,cfrp_5e4_3in,15m,21050000,216.33,259.95,10.711679916075942,0.9148999999999999,True
sloper_20_to_40_feed20_end40_coax_return_19.5ft_vertical_cfrp_5e4_3in,sloper_20_to_40,20.0,40.0,coax_return,coax_return_19.5ft_vertical,19.5,,19.5,cfrp_5e4_3in,12m,24910000,6158.8,-2584.2,144.8635492481351,0.8099,True
sloper_20_to_40_feed20_end40_coax_return_19.5ft_vertical_cfrp_5e4_3in,sloper_20_to_40,20.0,40.0,coax_return,coax_return_19.5ft_vertical,19.5,,19.5,cfrp_5e4_3in,10m,28050000,1063.6,-1686.3,74.77701144910365,0.9056000000000001,True
sloper_20_to_40_feed20_end40_coax_return_19.5ft_vertical_cfrp_5e4_3in,sloper_20_to_40,20.0,40.0,coax_return,coax_return_19.5ft_vertical,19.5,,19.5,cfrp_5e4_3in,6m,50100000,3053.1,-2110.8,90.25387215895206,0.8358,True
sloper_20_to_40_feed20_end40_coax_return_19.5ft_vertical_none,sloper_20_to_40,20.0,40.0,coax_return,coax_return_19.5ft_vertical,19.5,,19.5,none,160m,1850000,9.5049,-2539.4,13574.351477903572,0.836,True
sloper_20_to_40_feed20_end40_coax_return_19.5ft_vertical_none,sloper_20_to_40,20.0,40.0,coax_return,coax_return_19.5ft_vertical,19.5,,19.5,none,80m,3550000,21.998,-1091.3,1085.4792151275958,0.8824,True
sloper_20_to_40_feed20_end40_coax_return_19.5ft_vertical_none,sloper_20_to_40,20.0,40.0,coax_return,coax_return_19.5ft_vertical,19.5,,19.5,none,60m,5357000,56.135,-387.46,55.48260511181565,0.9139,True
sloper_20_to_40_feed20_end40_coax_return_19.5ft_vertical_none,sloper_20_to_40,20.0,40.0,coax_return,coax_return_19.5ft_vertical,19.5,,19.5,none,40m,7050000,194.54,275.64,11.874583808097418,0.9298000000000001,True
sloper_20_to_40_feed20_end40_coax_return_19.5ft_vertical_none,sloper_20_to_40,20.0,40.0,coax_return,coax_return_19.5ft_vertical,19.5,,19.5,none,30m,10120000,388.72,-1237.9,86.73469658159821,0.9285,True
sloper_20_to_40_feed20_end40_coax_return_19.5ft_vertical_none,sloper_20_to_40,20.0,40.0,coax_return,coax_return_19.5ft_vertical,19.5,,19.5,none,20m,14050000,117.92,151.69,6.531943956068628,0.9398000000000001,True
sloper_20_to_40_feed20_end40_coax_return_19.5ft_vertical_none,sloper_20_to_40,20.0,40.0,coax_return,coax_return_19.5ft_vertical,19.5,,19.5,none,17m,18080000,3017.9,496.25,61.99045897869368,0.9309999999999999,True
sloper_20_to_40_feed20_end40_coax_return_19.5ft_vertical_none,sloper_20_to_40,20.0,40.0,coax_return,coax_return_19.5ft_vertical,19.5,,19.5,none,15m,21050000,505.37,351.66,15.033849207144165,0.9702,True
sloper_20_to_40_feed20_end40_coax_return_19.5ft_vertical_none,sloper_20_to_40,20.0,40.0,coax_return,coax_return_19.5ft_vertical,19.5,,19.5,none,12m,24910000,1687.6,-855.13,42.42417772841939,0.99,True
sloper_20_to_40_feed20_end40_coax_return_19.5ft_vertical_none,sloper_20_to_40,20.0,40.0,coax_return,coax_return_19.5ft_vertical,19.5,,19.5,none,10m,28050000,1134.8,-1582.3,66.8504682772587,0.9193000000000001,True
sloper_20_to_40_feed20_end40_coax_return_19.5ft_vertical_none,sloper_20_to_40,20.0,40.0,coax_return,coax_return_19.5ft_vertical,19.5,,19.5,none,6m,50100000,1122.0,-586.81,28.58765758940362,0.9873000000000001,True
sloper_20_to_40_feed20_end40_dedicated_angled_21ft_az135_cfrp_5e3_3in,sloper_20_to_40,20.0,40.0,dedicated_angled,dedicated_angled_21ft_az135,21.0,135.0,19.5,cfrp_5e3_3in,160m,1850000,8.7232,-2358.5,12759.304635987539,0.7603,True
sloper_20_to_40_feed20_end40_dedicated_angled_21ft_az135_cfrp_5e3_3in,sloper_20_to_40,20.0,40.0,dedicated_angled,dedicated_angled_21ft_az135,21.0,135.0,19.5,cfrp_5e3_3in,80m,3550000,20.774,-1007.2,979.4765944079957,0.8381000000000001,True
sloper_20_to_40_feed20_end40_dedicated_angled_21ft_az135_cfrp_5e3_3in,sloper_20_to_40,20.0,40.0,dedicated_angled,dedicated_angled_21ft_az135,21.0,135.0,19.5,cfrp_5e3_3in,60m,5357000,55.729,-338.87,43.19980508983622,0.8934000000000001,True
sloper_20_to_40_feed20_end40_dedicated_angled_21ft_az135_cfrp_5e3_3in,sloper_20_to_40,20.0,40.0,dedicated_angled,dedicated_angled_21ft_az135,21.0,135.0,19.5,cfrp_5e3_3in,40m,7050000,200.61,301.1,13.224375291959646,0.9218999999999999,True
sloper_20_to_40_feed20_end40_dedicated_angled_21ft_az135_cfrp_5e3_3in,sloper_20_to_40,20.0,40.0,dedicated_angled,dedicated_angled_21ft_az135,21.0,135.0,19.5,cfrp_5e3_3in,30m,10120000,351.56,-1128.2,79.57155339108381,0.9131999999999999,True
sloper_20_to_40_feed20_end40_dedicated_angled_21ft_az135_cfrp_5e3_3in,sloper_20_to_40,20.0,40.0,dedicated_angled,dedicated_angled_21ft_az135,21.0,135.0,19.5,cfrp_5e3_3in,20m,14050000,78.238,185.51,10.90942119355332,0.8012999999999999,True
sloper_20_to_40_feed20_end40_dedicated_angled_21ft_az135_cfrp_5e3_3in,sloper_20_to_40,20.0,40.0,dedicated_angled,dedicated_angled_21ft_az135,21.0,135.0,19.5,cfrp_5e3_3in,17m,18080000,2857.5,213.86,57.47021017671538,0.9167000000000001,True
sloper_20_to_40_feed20_end40_dedicated_angled_21ft_az135_cfrp_5e3_3in,sloper_20_to_40,20.0,40.0,dedicated_angled,dedicated_angled_21ft_az135,21.0,135.0,19.5,cfrp_5e3_3in,15m,21050000,1410.4,1527.4,61.309255329506534,0.8647,True
sloper_20_to_40_feed20_end40_dedicated_angled_21ft_az135_cfrp_5e3_3in,sloper_20_to_40,20.0,40.0,dedicated_angled,dedicated_angled_21ft_az135,21.0,135.0,19.5,cfrp_5e3_3in,12m,24910000,622.5,-621.95,24.91819969387788,0.9016,True
sloper_20_to_40_feed20_end40_dedicated_angled_21ft_az135_cfrp_5e3_3in,sloper_20_to_40,20.0,40.0,dedicated_angled,dedicated_angled_21ft_az135,21.0,135.0,19.5,cfrp_5e3_3in,10m,28050000,1103.1,-1454.1,60.42650091975175,0.8996,True
sloper_20_to_40_feed20_end40_dedicated_angled_21ft_az135_cfrp_5e3_3in,sloper_20_to_40,20.0,40.0,dedicated_angled,dedicated_angled_21ft_az135,21.0,135.0,19.5,cfrp_5e3_3in,6m,50100000,317.83,-577.6,27.4712387858071,0.9068999999999999,True
sloper_20_to_40_feed20_end40_dedicated_angled_21ft_az135_cfrp_5e4_12in,sloper_20_to_40,20.0,40.0,dedicated_angled,dedicated_angled_21ft_az135,21.0,135.0,19.5,cfrp_5e4_12in,160m,1850000,8.5154,-2361.9,13108.354486106682,0.7552,True
sloper_20_to_40_feed20_end40_dedicated_angled_21ft_az135_cfrp_5e4_12in,sloper_20_to_40,20.0,40.0,dedicated_angled,dedicated_angled_21ft_az135,21.0,135.0,19.5,cfrp_5e4_12in,80m,3550000,20.306,-1010.5,1008.5901477231714,0.8351000000000001,True
sloper_20_to_40_feed20_end40_dedicated_angled_21ft_az135_cfrp_5e4_12in,sloper_20_to_40,20.0,40.0,dedicated_angled,dedicated_angled_21ft_az135,21.0,135.0,19.5,cfrp_5e4_12in,60m,5357000,54.847,-343.35,44.974726257322025,0.8926000000000001,True
sloper_20_to_40_feed20_end40_dedicated_angled_21ft_az135_cfrp_5e4_12in,sloper_20_to_40,20.0,40.0,dedicated_angled,dedicated_angled_21ft_az135,21.0,135.0,19.5,cfrp_5e4_12in,40m,7050000,199.58,293.02,12.767945705306643,0.9229,True
sloper_20_to_40_feed20_end40_dedicated_angled_21ft_az135_cfrp_5e4_12in,sloper_20_to_40,20.0,40.0,dedicated_angled,dedicated_angled_21ft_az135,21.0,135.0,19.5,cfrp_5e4_12in,30m,10120000,354.22,-1130.7,79.39874848572187,0.9176000000000001,True
sloper_20_to_40_feed20_end40_dedicated_angled_21ft_az135_cfrp_5e4_12in,sloper_20_to_40,20.0,40.0,dedicated_angled,dedicated_angled_21ft_az135,21.0,135.0,19.5,cfrp_5e4_12in,20m,14050000,72.735,187.68,11.742477128563268,0.8340000000000001,True
sloper_20_to_40_feed20_end40_dedicated_angled_21ft_az135_cfrp_5e4_12in,sloper_20_to_40,20.0,40.0,dedicated_angled,dedicated_angled_21ft_az135,21.0,135.0,19.5,cfrp_5e4_12in,17m,18080000,2933.6,359.7,59.55433657717874,0.919,True
sloper_20_to_40_feed20_end40_dedicated_angled_21ft_az135_cfrp_5e4_12in,sloper_20_to_40,20.0,40.0,dedicated_angled,dedicated_angled_21ft_az135,21.0,135.0,19.5,cfrp_5e4_12in,15m,21050000,988.4,1307.4,54.387305788758944,0.9037999999999999,True
sloper_20_to_40_feed20_end40_dedicated_angled_21ft_az135_cfrp_5e4_12in,sloper_20_to_40,20.0,40.0,dedicated_angled,dedicated_angled_21ft_az135,21.0,135.0,19.5,cfrp_5e4_12in,12m,24910000,529.31,-697.66,29.03731730305035,0.925,True
sloper_20_to_40_feed20_end40_dedicated_angled_21ft_az135_cfrp_5e4_12in,sloper_20_to_40,20.0,40.0,dedicated_angled,dedicated_angled_21ft_az135,21.0,135.0,19.5,cfrp_5e4_12in,10m,28050000,1097.4,-1462.2,60.942504887523555,0.8998999999999999,True
sloper_20_to_40_feed20_end40_dedicated_angled_21ft_az135_cfrp_5e4_12in,sloper_20_to_40,20.0,40.0,dedicated_angled,dedicated_angled_21ft_az135,21.0,135.0,19.5,cfrp_5e4_12in,6m,50100000,280.24,-614.67,32.71662737265744,0.9201999999999999,True
sloper_20_to_40_feed20_end40_dedicated_angled_21ft_az135_cfrp_5e4_3in,sloper_20_to_40,20.0,40.0,dedicated_angled,dedicated_angled_21ft_az135,21.0,135.0,19.5,cfrp_5e4_3in,160m,1850000,8.7144,-2358.5,12772.188920992518,0.7609,True
sloper_20_to_40_feed20_end40_dedicated_angled_21ft_az135_cfrp_5e4_3in,sloper_20_to_40,20.0,40.0,dedicated_angled,dedicated_angled_21ft_az135,21.0,135.0,19.5,cfrp_5e4_3in,80m,3550000,20.766,-1007.2,979.8536137031504,0.8384999999999999,True
sloper_20_to_40_feed20_end40_dedicated_angled_21ft_az135_cfrp_5e4_3in,sloper_20_to_40,20.0,40.0,dedicated_angled,dedicated_angled_21ft_az135,21.0,135.0,19.5,cfrp_5e4_3in,60m,5357000,55.715,-338.88,43.21254577511579,0.8939,True
sloper_20_to_40_feed20_end40_dedicated_angled_21ft_az135_cfrp_5e4_3in,sloper_20_to_40,20.0,40.0,dedicated_angled,dedicated_angled_21ft_az135,21.0,135.0,19.5,cfrp_5e4_3in,40m,7050000,200.55,301.23,13.23381675271234,0.9228000000000001,True
sloper_20_to_40_feed20_end40_dedicated_angled_21ft_az135_cfrp_5e4_3in,sloper_20_to_40,20.0,40.0,dedicated_angled,dedicated_angled_21ft_az135,21.0,135.0,19.5,cfrp_5e4_3in,30m,10120000,351.5,-1128.3,79.59558101193777,0.9157,True
sloper_20_to_40_feed20_end40_dedicated_angled_21ft_az135_cfrp_5e4_3in,sloper_20_to_40,20.0,40.0,dedicated_angled,dedicated_angled_21ft_az135,21.0,135.0,19.5,cfrp_5e4_3in,20m,14050000,74.135,183.03,11.104654387605322,0.8373999999999999,True
sloper_20_to_40_feed20_end40_dedicated_angled_21ft_az135_cfrp_5e4_3in,sloper_20_to_40,20.0,40.0,dedicated_angled,dedicated_angled_21ft_az135,21.0,135.0,19.5,cfrp_5e4_3in,17m,18080000,2871.9,217.44,57.767359708286214,0.9207,True
sloper_20_to_40_feed20_end40_dedicated_angled_21ft_az135_cfrp_5e4_3in,sloper_20_to_40,20.0,40.0,dedicated_angled,dedicated_angled_21ft_az135,21.0,135.0,19.5,cfrp_5e4_3in,15m,21050000,1361.6,1545.0,62.31473327677441,0.8998999999999999,True
sloper_20_to_40_feed20_end40_dedicated_angled_21ft_az135_cfrp_5e4_3in,sloper_20_to_40,20.0,40.0,dedicated_angled,dedicated_angled_21ft_az135,21.0,135.0,19.5,cfrp_5e4_3in,12m,24910000,634.46,-596.88,23.956783719008182,0.9367,True
sloper_20_to_40_feed20_end40_dedicated_angled_21ft_az135_cfrp_5e4_3in,sloper_20_to_40,20.0,40.0,dedicated_angled,dedicated_angled_21ft_az135,21.0,135.0,19.5,cfrp_5e4_3in,10m,28050000,1107.1,-1453.1,60.31527882171201,0.903,True
sloper_20_to_40_feed20_end40_dedicated_angled_21ft_az135_cfrp_5e4_3in,sloper_20_to_40,20.0,40.0,dedicated_angled,dedicated_angled_21ft_az135,21.0,135.0,19.5,cfrp_5e4_3in,6m,50100000,321.44,-570.05,26.765816868923697,0.9278,True
sloper_20_to_40_feed20_end40_dedicated_angled_21ft_az135_none,sloper_20_to_40,20.0,40.0,dedicated_angled,dedicated_angled_21ft_az135,21.0,135.0,19.5,none,160m,1850000,8.9945,-2391.1,12718.75051571025,0.7686,True
sloper_20_to_40_feed20_end40_dedicated_angled_21ft_az135_none,sloper_20_to_40,20.0,40.0,dedicated_angled,dedicated_angled_21ft_az135,21.0,135.0,19.5,none,80m,3550000,21.022,-1023.8,1000.0069578454318,0.841,True
sloper_20_to_40_feed20_end40_dedicated_angled_21ft_az135_none,sloper_20_to_40,20.0,40.0,dedicated_angled,dedicated_angled_21ft_az135,21.0,135.0,19.5,none,60m,5357000,54.079,-351.69,47.7278577062847,0.8917,True
sloper_20_to_40_feed20_end40_dedicated_angled_21ft_az135_none,sloper_20_to_40,20.0,40.0,dedicated_angled,dedicated_angled_21ft_az135,21.0,135.0,19.5,none,40m,7050000,187.65,284.51,12.567213112411652,0.9196,True
sloper_20_to_40_feed20_end40_dedicated_angled_21ft_az135_none,sloper_20_to_40,20.0,40.0,dedicated_angled,dedicated_angled_21ft_az135,21.0,135.0,19.5,none,30m,10120000,365.4,-1143.0,78.94005027620082,0.9179,True
sloper_20_to_40_feed20_end40_dedicated_angled_21ft_az135_none,sloper_20_to_40,20.0,40.0,dedicated_angled,dedicated_angled_21ft_az135,21.0,135.0,19.5,none,20m,14050000,127.33,231.3,11.253733690915581,0.9183,True
sloper_20_to_40_feed20_end40_dedicated_angled_21ft_az135_none,sloper_20_to_40,20.0,40.0,dedicated_angled,dedicated_angled_21ft_az135,21.0,135.0,19.5,none,17m,18080000,2934.9,557.38,60.81568385812413,0.9262999999999999,True
sloper_20_to_40_feed20_end40_dedicated_angled_21ft_az135_none,sloper_20_to_40,20.0,40.0,dedicated_angled,dedicated_angled_21ft_az135,21.0,135.0,19.5,none,15m,21050000,1166.7,854.48,35.865234506437055,0.9473,True
sloper_20_to_40_feed20_end40_dedicated_angled_21ft_az135_none,sloper_20_to_40,20.0,40.0,dedicated_angled,dedicated_angled_21ft_az135,21.0,135.0,19.5,none,12m,24910000,580.34,-882.86,38.52855793269988,0.9425,True
sloper_20_to_40_feed20_end40_dedicated_angled_21ft_az135_none,sloper_20_to_40,20.0,40.0,dedicated_angled,dedicated_angled_21ft_az135,21.0,135.0,19.5,none,10m,28050000,1127.6,-1473.4,61.084894328176674,0.9055,True
sloper_20_to_40_feed20_end40_dedicated_angled_21ft_az135_none,sloper_20_to_40,20.0,40.0,dedicated_angled,dedicated_angled_21ft_az135,21.0,135.0,19.5,none,6m,50100000,321.41,-649.88,32.8340098772566,0.9372,True
sloper_20_to_40_feed20_end40_dedicated_angled_21ft_az180_cfrp_5e3_3in,sloper_20_to_40,20.0,40.0,dedicated_angled,dedicated_angled_21ft_az180,21.0,180.0,19.5,cfrp_5e3_3in,160m,1850000,8.8398,-2359.7,12603.81953662207,0.763,True
sloper_20_to_40_feed20_end40_dedicated_angled_21ft_az180_cfrp_5e3_3in,sloper_20_to_40,20.0,40.0,dedicated_angled,dedicated_angled_21ft_az180,21.0,180.0,19.5,cfrp_5e3_3in,80m,3550000,21.074,-1007.6,966.309939298744,0.8401000000000001,True
sloper_20_to_40_feed20_end40_dedicated_angled_21ft_az180_cfrp_5e3_3in,sloper_20_to_40,20.0,40.0,dedicated_angled,dedicated_angled_21ft_az180,21.0,180.0,19.5,cfrp_5e3_3in,60m,5357000,56.474,-339.12,42.71898135546927,0.8946,True
sloper_20_to_40_feed20_end40_dedicated_angled_21ft_az180_cfrp_5e3_3in,sloper_20_to_40,20.0,40.0,dedicated_angled,dedicated_angled_21ft_az180,21.0,180.0,19.5,cfrp_5e3_3in,40m,7050000,202.49,299.82,13.099048224451607,0.9224,True
sloper_20_to_40_feed20_end40_dedicated_angled_21ft_az180_cfrp_5e3_3in,sloper_20_to_40,20.0,40.0,dedicated_angled,dedicated_angled_21ft_az180,21.0,180.0,19.5,cfrp_5e3_3in,30m,10120000,345.81,-1123.6,80.06394016687743,0.9124,True
sloper_20_to_40_feed20_end40_dedicated_angled_21ft_az180_cfrp_5e3_3in,sloper_20_to_40,20.0,40.0,dedicated_angled,dedicated_angled_21ft_az180,21.0,180.0,19.5,cfrp_5e3_3in,20m,14050000,83.164,195.85,11.401269691345709,0.8165,True
sloper_20_to_40_feed20_end40_dedicated_angled_21ft_az180_cfrp_5e3_3in,sloper_20_to_40,20.0,40.0,dedicated_angled,dedicated_angled_21ft_az180,21.0,180.0,19.5,cfrp_5e3_3in,17m,18080000,2815.9,168.57,56.51988767242822,0.9164,True
sloper_20_to_40_feed20_end40_dedicated_angled_21ft_az180_cfrp_5e3_3in,sloper_20_to_40,20.0,40.0,dedicated_angled,dedicated_angled_21ft_az180,21.0,180.0,19.5,cfrp_5e3_3in,15m,21050000,1315.9,1470.1,59.18649083210358,0.8787,True
sloper_20_to_40_feed20_end40_dedicated_angled_21ft_az180_cfrp_5e3_3in,sloper_20_to_40,20.0,40.0,dedicated_angled,dedicated_angled_21ft_az180,21.0,180.0,19.5,cfrp_5e3_3in,12m,24910000,583.28,-652.21,26.299016035961422,0.899,True
sloper_20_to_40_feed20_end40_dedicated_angled_21ft_az180_cfrp_5e3_3in,sloper_20_to_40,20.0,40.0,dedicated_angled,dedicated_angled_21ft_az180,21.0,180.0,19.5,cfrp_5e3_3in,10m,28050000,1123.1,-1473.7,61.1651181793731,0.898,True
sloper_20_to_40_feed20_end40_dedicated_angled_21ft_az180_cfrp_5e3_3in,sloper_20_to_40,20.0,40.0,dedicated_angled,dedicated_angled_21ft_az180,21.0,180.0,19.5,cfrp_5e3_3in,6m,50100000,304.04,-605.8,30.353448815348123,0.9078,True
sloper_20_to_40_feed20_end40_dedicated_angled_21ft_az180_cfrp_5e4_12in,sloper_20_to_40,20.0,40.0,dedicated_angled,dedicated_angled_21ft_az180,21.0,180.0,19.5,cfrp_5e4_12in,160m,1850000,8.7131,-2363.0,12822.864156592703,0.7603,True
sloper_20_to_40_feed20_end40_dedicated_angled_21ft_az180_cfrp_5e4_12in,sloper_20_to_40,20.0,40.0,dedicated_angled,dedicated_angled_21ft_az180,21.0,180.0,19.5,cfrp_5e4_12in,80m,3550000,20.796,-1010.3,984.456152527695,0.8386,True
sloper_20_to_40_feed20_end40_dedicated_angled_21ft_az180_cfrp_5e4_12in,sloper_20_to_40,20.0,40.0,dedicated_angled,dedicated_angled_21ft_az180,21.0,180.0,19.5,cfrp_5e4_12in,60m,5357000,55.925,-342.56,43.955777971409994,0.8944,True
sloper_20_to_40_feed20_end40_dedicated_angled_21ft_az180_cfrp_5e4_12in,sloper_20_to_40,20.0,40.0,dedicated_angled,dedicated_angled_21ft_az180,21.0,180.0,19.5,cfrp_5e4_12in,40m,7050000,201.75,293.18,12.725140301909756,0.9235,True
sloper_20_to_40_feed20_end40_dedicated_angled_21ft_az180_cfrp_5e4_12in,sloper_20_to_40,20.0,40.0,dedicated_angled,dedicated_angled_21ft_az180,21.0,180.0,19.5,cfrp_5e4_12in,30m,10120000,349.41,-1126.3,79.72982552519096,0.9162,True
sloper_20_to_40_feed20_end40_dedicated_angled_21ft_az180_cfrp_5e4_12in,sloper_20_to_40,20.0,40.0,dedicated_angled,dedicated_angled_21ft_az180,21.0,180.0,19.5,cfrp_5e4_12in,20m,14050000,80.761,205.93,12.657216373825062,0.8523999999999999,True
sloper_20_to_40_feed20_end40_dedicated_angled_21ft_az180_cfrp_5e4_12in,sloper_20_to_40,20.0,40.0,dedicated_angled,dedicated_angled_21ft_az180,21.0,180.0,19.5,cfrp_5e4_12in,17m,18080000,2893.3,309.97,58.53036095577059,0.9198000000000001,True
sloper_20_to_40_feed20_end40_dedicated_angled_21ft_az180_cfrp_5e4_12in,sloper_20_to_40,20.0,40.0,dedicated_angled,dedicated_angled_21ft_az180,21.0,180.0,19.5,cfrp_5e4_12in,15m,21050000,1101.7,1301.8,52.82533092056134,0.9163,True
sloper_20_to_40_feed20_end40_dedicated_angled_21ft_az180_cfrp_5e4_12in,sloper_20_to_40,20.0,40.0,dedicated_angled,dedicated_angled_21ft_az180,21.0,180.0,19.5,cfrp_5e4_12in,12m,24910000,507.6,-713.01,30.248304365764852,0.9231,True
sloper_20_to_40_feed20_end40_dedicated_angled_21ft_az180_cfrp_5e4_12in,sloper_20_to_40,20.0,40.0,dedicated_angled,dedicated_angled_21ft_az180,21.0,180.0,19.5,cfrp_5e4_12in,10m,28050000,1130.5,-1486.9,61.75119846351774,0.8996,True
sloper_20_to_40_feed20_end40_dedicated_angled_21ft_az180_cfrp_5e4_12in,sloper_20_to_40,20.0,40.0,dedicated_angled,dedicated_angled_21ft_az180,21.0,180.0,19.5,cfrp_5e4_12in,6m,50100000,283.59,-628.51,33.67728535785074,0.9215000000000001,True
sloper_20_to_40_feed20_end40_dedicated_angled_21ft_az180_cfrp_5e4_3in,sloper_20_to_40,20.0,40.0,dedicated_angled,dedicated_angled_21ft_az180,21.0,180.0,19.5,cfrp_5e4_3in,160m,1850000,8.8326,-2359.7,12614.093403543036,0.7636,True
sloper_20_to_40_feed20_end40_dedicated_angled_21ft_az180_cfrp_5e4_3in,sloper_20_to_40,20.0,40.0,dedicated_angled,dedicated_angled_21ft_az180,21.0,180.0,19.5,cfrp_5e4_3in,80m,3550000,21.068,-1007.6,966.5848972922199,0.8405,True
sloper_20_to_40_feed20_end40_dedicated_angled_21ft_az180_cfrp_5e4_3in,sloper_20_to_40,20.0,40.0,dedicated_angled,dedicated_angled_21ft_az180,21.0,180.0,19.5,cfrp_5e4_3in,60m,5357000,56.464,-339.12,42.726155098469455,0.895,True
sloper_20_to_40_feed20_end40_dedicated_angled_21ft_az180_cfrp_5e4_3in,sloper_20_to_40,20.0,40.0,dedicated_angled,dedicated_angled_21ft_az180,21.0,180.0,19.5,cfrp_5e4_3in,40m,7050000,202.44,299.96,13.108653776859695,0.9231999999999999,True
sloper_20_to_40_feed20_end40_dedicated_angled_21ft_az180_cfrp_5e4_3in,sloper_20_to_40,20.0,40.0,dedicated_angled,dedicated_angled_21ft_az180,21.0,180.0,19.5,cfrp_5e4_3in,30m,10120000,345.8,-1123.7,80.07885586028054,0.9144,True
sloper_20_to_40_feed20_end40_dedicated_angled_21ft_az180_cfrp_5e4_3in,sloper_20_to_40,20.0,40.0,dedicated_angled,dedicated_angled_21ft_az180,21.0,180.0,19.5,cfrp_5e4_3in,20m,14050000,79.215,193.82,11.614006549923884,0.8486,True
sloper_20_to_40_feed20_end40_dedicated_angled_21ft_az180_cfrp_5e4_3in,sloper_20_to_40,20.0,40.0,dedicated_angled,dedicated_angled_21ft_az180,21.0,180.0,19.5,cfrp_5e4_3in,17m,18080000,2830.4,171.98,56.81706104626548,0.9206,True
sloper_20_to_40_feed20_end40_dedicated_angled_21ft_az180_cfrp_5e4_3in,sloper_20_to_40,20.0,40.0,dedicated_angled,dedicated_angled_21ft_az180,21.0,180.0,19.5,cfrp_5e4_3in,15m,21050000,1279.4,1479.6,59.83291192714938,0.9077,True
sloper_20_to_40_feed20_end40_dedicated_angled_21ft_az180_cfrp_5e4_3in,sloper_20_to_40,20.0,40.0,dedicated_angled,dedicated_angled_21ft_az180,21.0,180.0,19.5,cfrp_5e4_3in,12m,24910000,591.47,-628.8,25.244042699752036,0.9326000000000001,True
sloper_20_to_40_feed20_end40_dedicated_angled_21ft_az180_cfrp_5e4_3in,sloper_20_to_40,20.0,40.0,dedicated_angled,dedicated_angled_21ft_az180,21.0,180.0,19.5,cfrp_5e4_3in,10m,28050000,1127.9,-1473.0,61.05973590331148,0.9018999999999999,True
sloper_20_to_40_feed20_end40_dedicated_angled_21ft_az180_cfrp_5e4_3in,sloper_20_to_40,20.0,40.0,dedicated_angled,dedicated_angled_21ft_az180,21.0,180.0,19.5,cfrp_5e4_3in,6m,50100000,305.52,-599.76,29.7880141586669,0.9244,True
sloper_20_to_40_feed20_end40_dedicated_angled_21ft_az180_none,sloper_20_to_40,20.0,40.0,dedicated_angled,dedicated_angled_21ft_az180,21.0,180.0,19.5,none,160m,1850000,9.1004,-2379.9,12453.313680151927,0.7709999999999999,True
sloper_20_to_40_feed20_end40_dedicated_angled_21ft_az180_none,sloper_20_to_40,20.0,40.0,dedicated_angled,dedicated_angled_21ft_az180,21.0,180.0,19.5,none,80m,3550000,21.308,-1017.9,975.289420377572,0.8428,True
sloper_20_to_40_feed20_end40_dedicated_angled_21ft_az180_none,sloper_20_to_40,20.0,40.0,dedicated_angled,dedicated_angled_21ft_az180,21.0,180.0,19.5,none,60m,5357000,54.879,-347.55,46.0077866396104,0.893,True
sloper_20_to_40_feed20_end40_dedicated_angled_21ft_az180_none,sloper_20_to_40,20.0,40.0,dedicated_angled,dedicated_angled_21ft_az180,21.0,180.0,19.5,none,40m,7050000,189.92,287.4,12.68107985181651,0.9203,True
sloper_20_to_40_feed20_end40_dedicated_angled_21ft_az180_none,sloper_20_to_40,20.0,40.0,dedicated_angled,dedicated_angled_21ft_az180,21.0,180.0,19.5,none,30m,10120000,361.31,-1140.2,79.31544592501177,0.9165000000000001,True
sloper_20_to_40_feed20_end40_dedicated_angled_21ft_az180_none,sloper_20_to_40,20.0,40.0,dedicated_angled,dedicated_angled_21ft_az180,21.0,180.0,19.5,none,20m,14050000,131.35,234.83,11.315961400381982,0.9206,True
sloper_20_to_40_feed20_end40_dedicated_angled_21ft_az180_none,sloper_20_to_40,20.0,40.0,dedicated_angled,dedicated_angled_21ft_az180,21.0,180.0,19.5,none,17m,18080000,2891.4,527.48,59.75312758840268,0.9266,True
sloper_20_to_40_feed20_end40_dedicated_angled_21ft_az180_none,sloper_20_to_40,20.0,40.0,dedicated_angled,dedicated_angled_21ft_az180,21.0,180.0,19.5,none,15m,21050000,1188.6,863.84,36.34282760957723,0.9481,True
sloper_20_to_40_feed20_end40_dedicated_angled_21ft_az180_none,sloper_20_to_40,20.0,40.0,dedicated_angled,dedicated_angled_21ft_az180,21.0,180.0,19.5,none,12m,24910000,558.58,-876.6,38.74891359537594,0.9397,True
sloper_20_to_40_feed20_end40_dedicated_angled_21ft_az180_none,sloper_20_to_40,20.0,40.0,dedicated_angled,dedicated_angled_21ft_az180,21.0,180.0,19.5,none,10m,28050000,1142.1,-1487.0,61.5906530092524,0.9051,True
sloper_20_to_40_feed20_end40_dedicated_angled_21ft_az180_none,sloper_20_to_40,20.0,40.0,dedicated_angled,dedicated_angled_21ft_az180,21.0,180.0,19.5,none,6m,50100000,315.99,-659.94,34.014113442664836,0.9345,True
sloper_20_to_40_feed20_end40_dedicated_angled_21ft_az90_cfrp_5e3_3in,sloper_20_to_40,20.0,40.0,dedicated_angled,dedicated_angled_21ft_az90,21.0,90.0,19.5,cfrp_5e3_3in,160m,1850000,8.4314,-2215.2,11646.184719752478,0.7525,True
sloper_20_to_40_feed20_end40_dedicated_angled_21ft_az90_cfrp_5e3_3in,sloper_20_to_40,20.0,40.0,dedicated_angled,dedicated_angled_21ft_az90,21.0,90.0,19.5,cfrp_5e3_3in,80m,3550000,20.269,-926.68,850.2101364266882,0.8347,True
sloper_20_to_40_feed20_end40_dedicated_angled_21ft_az90_cfrp_5e3_3in,sloper_20_to_40,20.0,40.0,dedicated_angled,dedicated_angled_21ft_az90,21.0,90.0,19.5,cfrp_5e3_3in,60m,5357000,55.689,-273.15,28.77243703825494,0.8937,True
sloper_20_to_40_feed20_end40_dedicated_angled_21ft_az90_cfrp_5e3_3in,sloper_20_to_40,20.0,40.0,dedicated_angled,dedicated_angled_21ft_az90,21.0,90.0,19.5,cfrp_5e3_3in,40m,7050000,208.8,383.12,18.420653185172995,0.9246,True
sloper_20_to_40_feed20_end40_dedicated_angled_21ft_az90_cfrp_5e3_3in,sloper_20_to_40,20.0,40.0,dedicated_angled,dedicated_angled_21ft_az90,21.0,90.0,19.5,cfrp_5e3_3in,30m,10120000,388.01,-1199.0,81.9780987824519,0.9262,True
sloper_20_to_40_feed20_end40_dedicated_angled_21ft_az90_cfrp_5e3_3in,sloper_20_to_40,20.0,40.0,dedicated_angled,dedicated_angled_21ft_az90,21.0,90.0,19.5,cfrp_5e3_3in,20m,14050000,69.328,158.96,9.289610296121447,0.7674,True
sloper_20_to_40_feed20_end40_dedicated_angled_21ft_az90_cfrp_5e3_3in,sloper_20_to_40,20.0,40.0,dedicated_angled,dedicated_angled_21ft_az90,21.0,90.0,19.5,cfrp_5e3_3in,17m,18080000,3165.3,298.72,63.869963688012014,0.919,True
sloper_20_to_40_feed20_end40_dedicated_angled_21ft_az90_cfrp_5e3_3in,sloper_20_to_40,20.0,40.0,dedicated_angled,dedicated_angled_21ft_az90,21.0,90.0,19.5,cfrp_5e3_3in,15m,21050000,1454.2,1219.5,49.551788423899524,0.8059999999999999,True
sloper_20_to_40_feed20_end40_dedicated_angled_21ft_az90_cfrp_5e3_3in,sloper_20_to_40,20.0,40.0,dedicated_angled,dedicated_angled_21ft_az90,21.0,90.0,19.5,cfrp_5e3_3in,12m,24910000,761.42,-464.24,20.907206085896725,0.91,True
sloper_20_to_40_feed20_end40_dedicated_angled_21ft_az90_cfrp_5e3_3in,sloper_20_to_40,20.0,40.0,dedicated_angled,dedicated_angled_21ft_az90,21.0,90.0,19.5,cfrp_5e3_3in,10m,28050000,1088.6,-1445.5,60.1895259937174,0.9048999999999999,True
sloper_20_to_40_feed20_end40_dedicated_angled_21ft_az90_cfrp_5e3_3in,sloper_20_to_40,20.0,40.0,dedicated_angled,dedicated_angled_21ft_az90,21.0,90.0,19.5,cfrp_5e3_3in,6m,50100000,363.14,-476.43,19.85138282150553,0.9015000000000001,True
sloper_20_to_40_feed20_end40_dedicated_angled_21ft_az90_cfrp_5e4_12in,sloper_20_to_40,20.0,40.0,dedicated_angled,dedicated_angled_21ft_az90,21.0,90.0,19.5,cfrp_5e4_12in,160m,1850000,7.0576,-2900.9,23854.484824674742,0.6973,True
sloper_20_to_40_feed20_end40_dedicated_angled_21ft_az90_cfrp_5e4_12in,sloper_20_to_40,20.0,40.0,dedicated_angled,dedicated_angled_21ft_az90,21.0,90.0,19.5,cfrp_5e4_12in,80m,3550000,16.75,-1296.8,2011.3079237064007,0.7979,True
sloper_20_to_40_feed20_end40_dedicated_angled_21ft_az90_cfrp_5e4_12in,sloper_20_to_40,20.0,40.0,dedicated_angled,dedicated_angled_21ft_az90,21.0,90.0,19.5,cfrp_5e4_12in,60m,5357000,47.131,-539.7,125.598293507592,0.8768,True
sloper_20_to_40_feed20_end40_dedicated_angled_21ft_az90_cfrp_5e4_12in,sloper_20_to_40,20.0,40.0,dedicated_angled,dedicated_angled_21ft_az90,21.0,90.0,19.5,cfrp_5e4_12in,40m,7050000,183.47,134.96,5.75364494231531,0.9196,True
sloper_20_to_40_feed20_end40_dedicated_angled_21ft_az90_cfrp_5e4_12in,sloper_20_to_40,20.0,40.0,dedicated_angled,dedicated_angled_21ft_az90,21.0,90.0,19.5,cfrp_5e4_12in,30m,10120000,341.22,-1205.4,92.12443896854428,0.9128000000000001,True
sloper_20_to_40_feed20_end40_dedicated_angled_21ft_az90_cfrp_5e4_12in,sloper_20_to_40,20.0,40.0,dedicated_angled,dedicated_angled_21ft_az90,21.0,90.0,19.5,cfrp_5e4_12in,20m,14050000,59.265,134.45,8.004366330630194,0.7956,True
sloper_20_to_40_feed20_end40_dedicated_angled_21ft_az90_cfrp_5e4_12in,sloper_20_to_40,20.0,40.0,dedicated_angled,dedicated_angled_21ft_az90,21.0,90.0,19.5,cfrp_5e4_12in,17m,18080000,3001.8,693.22,63.23861560920439,0.9114,True
sloper_20_to_40_feed20_end40_dedicated_angled_21ft_az90_cfrp_5e4_12in,sloper_20_to_40,20.0,40.0,dedicated_angled,dedicated_angled_21ft_az90,21.0,90.0,19.5,cfrp_5e4_12in,15m,21050000,2838.8,3687.0,152.55970163545075,0.8057,True
sloper_20_to_40_feed20_end40_dedicated_angled_21ft_az90_cfrp_5e4_12in,sloper_20_to_40,20.0,40.0,dedicated_angled,dedicated_angled_21ft_az90,21.0,90.0,19.5,cfrp_5e4_12in,12m,24910000,348.41,-607.16,28.237758474376164,0.9281999999999999,True
sloper_20_to_40_feed20_end40_dedicated_angled_21ft_az90_cfrp_5e4_12in,sloper_20_to_40,20.0,40.0,dedicated_angled,dedicated_angled_21ft_az90,21.0,90.0,19.5,cfrp_5e4_12in,10m,28050000,985.23,-1423.4,60.867744437735894,0.8955,True
sloper_20_to_40_feed20_end40_dedicated_angled_21ft_az90_cfrp_5e4_12in,sloper_20_to_40,20.0,40.0,dedicated_angled,dedicated_angled_21ft_az90,21.0,90.0,19.5,cfrp_5e4_12in,6m,50100000,126.88,-498.29,42.04611862527669,0.8493999999999999,True
sloper_20_to_40_feed20_end40_dedicated_angled_21ft_az90_cfrp_5e4_3in,sloper_20_to_40,20.0,40.0,dedicated_angled,dedicated_angled_21ft_az90,21.0,90.0,19.5,cfrp_5e4_3in,160m,1850000,8.4054,-2215.2,11682.20823463059,0.7532,True
sloper_20_to_40_feed20_end40_dedicated_angled_21ft_az90_cfrp_5e4_3in,sloper_20_to_40,20.0,40.0,dedicated_angled,dedicated_angled_21ft_az90,21.0,90.0,19.5,cfrp_5e4_3in,80m,3550000,20.236,-926.71,851.6502586969598,0.8351000000000001,True
sloper_20_to_40_feed20_end40_dedicated_angled_21ft_az90_cfrp_5e4_3in,sloper_20_to_40,20.0,40.0,dedicated_angled,dedicated_angled_21ft_az90,21.0,90.0,19.5,cfrp_5e4_3in,60m,5357000,55.633,-273.18,28.80512472922075,0.8942,True
sloper_20_to_40_feed20_end40_dedicated_angled_21ft_az90_cfrp_5e4_3in,sloper_20_to_40,20.0,40.0,dedicated_angled,dedicated_angled_21ft_az90,21.0,90.0,19.5,cfrp_5e4_3in,40m,7050000,208.59,383.24,18.43972252580676,0.9259000000000001,True
sloper_20_to_40_feed20_end40_dedicated_angled_21ft_az90_cfrp_5e4_3in,sloper_20_to_40,20.0,40.0,dedicated_angled,dedicated_angled_21ft_az90,21.0,90.0,19.5,cfrp_5e4_3in,30m,10120000,388.07,-1199.0,81.96782044239175,0.9265000000000001,True
sloper_20_to_40_feed20_end40_dedicated_angled_21ft_az90_cfrp_5e4_3in,sloper_20_to_40,20.0,40.0,dedicated_angled,dedicated_angled_21ft_az90,21.0,90.0,19.5,cfrp_5e4_3in,20m,14050000,65.274,156.17,9.438359206069286,0.8136,True
sloper_20_to_40_feed20_end40_dedicated_angled_21ft_az90_cfrp_5e4_3in,sloper_20_to_40,20.0,40.0,dedicated_angled,dedicated_angled_21ft_az90,21.0,90.0,19.5,cfrp_5e4_3in,17m,18080000,3181.5,307.52,64.224635845477,0.9235,True
sloper_20_to_40_feed20_end40_dedicated_angled_21ft_az90_cfrp_5e4_3in,sloper_20_to_40,20.0,40.0,dedicated_angled,dedicated_angled_21ft_az90,21.0,90.0,19.5,cfrp_5e4_3in,15m,21050000,1403.0,1261.7,50.768554942011576,0.8676999999999999,True
sloper_20_to_40_feed20_end40_dedicated_angled_21ft_az90_cfrp_5e4_3in,sloper_20_to_40,20.0,40.0,dedicated_angled,dedicated_angled_21ft_az90,21.0,90.0,19.5,cfrp_5e4_3in,12m,24910000,788.74,-437.28,20.63832755533746,0.946,True
sloper_20_to_40_feed20_end40_dedicated_angled_21ft_az90_cfrp_5e4_3in,sloper_20_to_40,20.0,40.0,dedicated_angled,dedicated_angled_21ft_az90,21.0,90.0,19.5,cfrp_5e4_3in,10m,28050000,1090.8,-1443.7,60.0606205991034,0.9079,True
sloper_20_to_40_feed20_end40_dedicated_angled_21ft_az90_cfrp_5e4_3in,sloper_20_to_40,20.0,40.0,dedicated_angled,dedicated_angled_21ft_az90,21.0,90.0,19.5,cfrp_5e4_3in,6m,50100000,376.36,-465.69,19.13223776261599,0.9333,True
sloper_20_to_40_feed20_end40_dedicated_angled_21ft_az90_none,sloper_20_to_40,20.0,40.0,dedicated_angled,dedicated_angled_21ft_az90,21.0,90.0,19.5,none,160m,1850000,8.7333,-2422.3,13443.059388864396,0.7628,True
sloper_20_to_40_feed20_end40_dedicated_angled_21ft_az90_none,sloper_20_to_40,20.0,40.0,dedicated_angled,dedicated_angled_21ft_az90,21.0,90.0,19.5,none,80m,3550000,20.319,-1040.4,1068.304612203602,0.8362999999999999,True
sloper_20_to_40_feed20_end40_dedicated_angled_21ft_az90_none,sloper_20_to_40,20.0,40.0,dedicated_angled,dedicated_angled_21ft_az90,21.0,90.0,19.5,none,60m,5357000,52.112,-363.01,52.55693273351019,0.8884000000000001,True
sloper_20_to_40_feed20_end40_dedicated_angled_21ft_az90_none,sloper_20_to_40,20.0,40.0,dedicated_angled,dedicated_angled_21ft_az90,21.0,90.0,19.5,none,40m,7050000,182.01,276.65,12.243234340141463,0.9179,True
sloper_20_to_40_feed20_end40_dedicated_angled_21ft_az90_none,sloper_20_to_40,20.0,40.0,dedicated_angled,dedicated_angled_21ft_az90,21.0,90.0,19.5,none,30m,10120000,375.97,-1149.8,77.96645321655568,0.9213,True
sloper_20_to_40_feed20_end40_dedicated_angled_21ft_az90_none,sloper_20_to_40,20.0,40.0,dedicated_angled,dedicated_angled_21ft_az90,21.0,90.0,19.5,none,20m,14050000,118.05,221.63,11.015642603822476,0.9127,True
sloper_20_to_40_feed20_end40_dedicated_angled_21ft_az90_none,sloper_20_to_40,20.0,40.0,dedicated_angled,dedicated_angled_21ft_az90,21.0,90.0,19.5,none,17m,18080000,3048.3,654.19,63.77461237578384,0.9253,True
sloper_20_to_40_feed20_end40_dedicated_angled_21ft_az90_none,sloper_20_to_40,20.0,40.0,dedicated_angled,dedicated_angled_21ft_az90,21.0,90.0,19.5,none,15m,21050000,1120.2,814.43,34.26190867410273,0.9460999999999999,True
sloper_20_to_40_feed20_end40_dedicated_angled_21ft_az90_none,sloper_20_to_40,20.0,40.0,dedicated_angled,dedicated_angled_21ft_az90,21.0,90.0,19.5,none,12m,24910000,634.54,-890.67,37.74682571601445,0.9481999999999999,True
sloper_20_to_40_feed20_end40_dedicated_angled_21ft_az90_none,sloper_20_to_40,20.0,40.0,dedicated_angled,dedicated_angled_21ft_az90,21.0,90.0,19.5,none,10m,28050000,1084.3,-1448.8,60.4321831352652,0.9059,True
sloper_20_to_40_feed20_end40_dedicated_angled_21ft_az90_none,sloper_20_to_40,20.0,40.0,dedicated_angled,dedicated_angled_21ft_az90,21.0,90.0,19.5,none,6m,50100000,320.0,-628.24,31.192034132645496,0.9399,True
sloper_20_to_40_feed20_end40_dedicated_angled_25ft_az135_cfrp_5e3_3in,sloper_20_to_40,20.0,40.0,dedicated_angled,dedicated_angled_25ft_az135,25.0,135.0,19.5,cfrp_5e3_3in,160m,1850000,9.4084,-2102.0,9397.968768198107,0.7637999999999999,True
sloper_20_to_40_feed20_end40_dedicated_angled_25ft_az135_cfrp_5e3_3in,sloper_20_to_40,20.0,40.0,dedicated_angled,dedicated_angled_25ft_az135,25.0,135.0,19.5,cfrp_5e3_3in,80m,3550000,22.745,-858.73,651.0730280880829,0.8425,True
sloper_20_to_40_feed20_end40_dedicated_angled_25ft_az135_cfrp_5e3_3in,sloper_20_to_40,20.0,40.0,dedicated_angled,dedicated_angled_25ft_az135,25.0,135.0,19.5,cfrp_5e3_3in,60m,5357000,60.598,-221.02,18.10442626497023,0.8959,True
sloper_20_to_40_feed20_end40_dedicated_angled_25ft_az135_cfrp_5e3_3in,sloper_20_to_40,20.0,40.0,dedicated_angled,dedicated_angled_25ft_az135,25.0,135.0,19.5,cfrp_5e3_3in,40m,7050000,212.77,413.84,20.5401778805029,0.9229999999999999,True
sloper_20_to_40_feed20_end40_dedicated_angled_25ft_az135_cfrp_5e3_3in,sloper_20_to_40,20.0,40.0,dedicated_angled,dedicated_angled_25ft_az135,25.0,135.0,19.5,cfrp_5e3_3in,30m,10120000,348.76,-1011.3,65.75272518993843,0.9086,True
sloper_20_to_40_feed20_end40_dedicated_angled_25ft_az135_cfrp_5e3_3in,sloper_20_to_40,20.0,40.0,dedicated_angled,dedicated_angled_25ft_az135,25.0,135.0,19.5,cfrp_5e3_3in,20m,14050000,162.33,492.1,33.36045609149239,0.8842,True
sloper_20_to_40_feed20_end40_dedicated_angled_25ft_az135_cfrp_5e3_3in,sloper_20_to_40,20.0,40.0,dedicated_angled,dedicated_angled_25ft_az135,25.0,135.0,19.5,cfrp_5e3_3in,17m,18080000,4131.0,-117.97,82.68738783988336,0.9428,True
sloper_20_to_40_feed20_end40_dedicated_angled_25ft_az135_cfrp_5e3_3in,sloper_20_to_40,20.0,40.0,dedicated_angled,dedicated_angled_25ft_az135,25.0,135.0,19.5,cfrp_5e3_3in,15m,21050000,410.35,-1197.5,78.20792138184015,0.9220999999999999,True
sloper_20_to_40_feed20_end40_dedicated_angled_25ft_az135_cfrp_5e3_3in,sloper_20_to_40,20.0,40.0,dedicated_angled,dedicated_angled_25ft_az135,25.0,135.0,19.5,cfrp_5e3_3in,12m,24910000,251.38,-52.201,5.25293097253414,0.8732,True
sloper_20_to_40_feed20_end40_dedicated_angled_25ft_az135_cfrp_5e3_3in,sloper_20_to_40,20.0,40.0,dedicated_angled,dedicated_angled_25ft_az135,25.0,135.0,19.5,cfrp_5e3_3in,10m,28050000,1167.6,-1212.6,48.56091672906423,0.8902,True
sloper_20_to_40_feed20_end40_dedicated_angled_25ft_az135_cfrp_5e3_3in,sloper_20_to_40,20.0,40.0,dedicated_angled,dedicated_angled_25ft_az135,25.0,135.0,19.5,cfrp_5e3_3in,6m,50100000,141.51,-34.483,3.0205185198023483,0.8702,True
sloper_20_to_40_feed20_end40_dedicated_angled_25ft_az135_cfrp_5e4_12in,sloper_20_to_40,20.0,40.0,dedicated_angled,dedicated_angled_25ft_az135,25.0,135.0,19.5,cfrp_5e4_12in,160m,1850000,9.1699,-2088.9,9522.649644854751,0.7584000000000001,True
sloper_20_to_40_feed20_end40_dedicated_angled_25ft_az135_cfrp_5e4_12in,sloper_20_to_40,20.0,40.0,dedicated_angled,dedicated_angled_25ft_az135,25.0,135.0,19.5,cfrp_5e4_12in,80m,3550000,22.221,-852.92,657.4543083692399,0.8397,True
sloper_20_to_40_feed20_end40_dedicated_angled_25ft_az135_cfrp_5e4_12in,sloper_20_to_40,20.0,40.0,dedicated_angled,dedicated_angled_25ft_az135,25.0,135.0,19.5,cfrp_5e4_12in,60m,5357000,59.916,-217.92,17.828633549515878,0.8956999999999999,True
sloper_20_to_40_feed20_end40_dedicated_angled_25ft_az135_cfrp_5e4_12in,sloper_20_to_40,20.0,40.0,dedicated_angled,dedicated_angled_25ft_az135,25.0,135.0,19.5,cfrp_5e4_12in,40m,7050000,214.08,416.15,20.645796885427007,0.9246,True
sloper_20_to_40_feed20_end40_dedicated_angled_25ft_az135_cfrp_5e4_12in,sloper_20_to_40,20.0,40.0,dedicated_angled,dedicated_angled_25ft_az135,25.0,135.0,19.5,cfrp_5e4_12in,30m,10120000,356.06,-1026.7,66.45642441013212,0.914,True
sloper_20_to_40_feed20_end40_dedicated_angled_25ft_az135_cfrp_5e4_12in,sloper_20_to_40,20.0,40.0,dedicated_angled,dedicated_angled_25ft_az135,25.0,135.0,19.5,cfrp_5e4_12in,20m,14050000,146.06,471.52,33.6776371175701,0.8856,True
sloper_20_to_40_feed20_end40_dedicated_angled_25ft_az135_cfrp_5e4_12in,sloper_20_to_40,20.0,40.0,dedicated_angled,dedicated_angled_25ft_az135,25.0,135.0,19.5,cfrp_5e4_12in,17m,18080000,4235.9,-46.378,84.72815707915686,0.9404,True
sloper_20_to_40_feed20_end40_dedicated_angled_25ft_az135_cfrp_5e4_12in,sloper_20_to_40,20.0,40.0,dedicated_angled,dedicated_angled_25ft_az135,25.0,135.0,19.5,cfrp_5e4_12in,15m,21050000,401.57,-1207.5,80.76131681090216,0.9318000000000001,True
sloper_20_to_40_feed20_end40_dedicated_angled_25ft_az135_cfrp_5e4_12in,sloper_20_to_40,20.0,40.0,dedicated_angled,dedicated_angled_25ft_az135,25.0,135.0,19.5,cfrp_5e4_12in,12m,24910000,256.87,-38.127,5.254936926147693,0.912,True
sloper_20_to_40_feed20_end40_dedicated_angled_25ft_az135_cfrp_5e4_12in,sloper_20_to_40,20.0,40.0,dedicated_angled,dedicated_angled_25ft_az135,25.0,135.0,19.5,cfrp_5e4_12in,10m,28050000,1158.3,-1235.3,49.53735409218904,0.8942,True
sloper_20_to_40_feed20_end40_dedicated_angled_25ft_az135_cfrp_5e4_12in,sloper_20_to_40,20.0,40.0,dedicated_angled,dedicated_angled_25ft_az135,25.0,135.0,19.5,cfrp_5e4_12in,6m,50100000,140.27,-28.556,2.9377237331464094,0.8751000000000001,True
sloper_20_to_40_feed20_end40_dedicated_angled_25ft_az135_cfrp_5e4_3in,sloper_20_to_40,20.0,40.0,dedicated_angled,dedicated_angled_25ft_az135,25.0,135.0,19.5,cfrp_5e4_3in,160m,1850000,9.4085,-2102.0,9397.868884128058,0.764,True
sloper_20_to_40_feed20_end40_dedicated_angled_25ft_az135_cfrp_5e4_3in,sloper_20_to_40,20.0,40.0,dedicated_angled,dedicated_angled_25ft_az135,25.0,135.0,19.5,cfrp_5e4_3in,80m,3550000,22.744,-858.73,651.1016143665304,0.8429000000000001,True
sloper_20_to_40_feed20_end40_dedicated_angled_25ft_az135_cfrp_5e4_3in,sloper_20_to_40,20.0,40.0,dedicated_angled,dedicated_angled_25ft_az135,25.0,135.0,19.5,cfrp_5e4_3in,60m,5357000,60.579,-221.01,18.107913027890184,0.8964,True
sloper_20_to_40_feed20_end40_dedicated_angled_25ft_az135_cfrp_5e4_3in,sloper_20_to_40,20.0,40.0,dedicated_angled,dedicated_angled_25ft_az135,25.0,135.0,19.5,cfrp_5e4_3in,40m,7050000,212.69,414.0,20.55721696910801,0.9238,True
sloper_20_to_40_feed20_end40_dedicated_angled_25ft_az135_cfrp_5e4_3in,sloper_20_to_40,20.0,40.0,dedicated_angled,dedicated_angled_25ft_az135,25.0,135.0,19.5,cfrp_5e4_3in,30m,10120000,348.7,-1011.5,65.78485284686619,0.9111,True
sloper_20_to_40_feed20_end40_dedicated_angled_25ft_az135_cfrp_5e4_3in,sloper_20_to_40,20.0,40.0,dedicated_angled,dedicated_angled_25ft_az135,25.0,135.0,19.5,cfrp_5e4_3in,20m,14050000,158.1,491.77,34.04188855044844,0.8975,True
sloper_20_to_40_feed20_end40_dedicated_angled_25ft_az135_cfrp_5e4_3in,sloper_20_to_40,20.0,40.0,dedicated_angled,dedicated_angled_25ft_az135,25.0,135.0,19.5,cfrp_5e4_3in,17m,18080000,4133.2,-125.94,82.74075990946223,0.945,True
sloper_20_to_40_feed20_end40_dedicated_angled_25ft_az135_cfrp_5e4_3in,sloper_20_to_40,20.0,40.0,dedicated_angled,dedicated_angled_25ft_az135,25.0,135.0,19.5,cfrp_5e4_3in,15m,21050000,410.03,-1202.2,78.80639419993713,0.9345,True
sloper_20_to_40_feed20_end40_dedicated_angled_25ft_az135_cfrp_5e4_3in,sloper_20_to_40,20.0,40.0,dedicated_angled,dedicated_angled_25ft_az135,25.0,135.0,19.5,cfrp_5e4_3in,12m,24910000,263.44,-51.819,5.479971156584782,0.9128000000000001,True
sloper_20_to_40_feed20_end40_dedicated_angled_25ft_az135_cfrp_5e4_3in,sloper_20_to_40,20.0,40.0,dedicated_angled,dedicated_angled_25ft_az135,25.0,135.0,19.5,cfrp_5e4_3in,10m,28050000,1176.3,-1209.9,48.43705591611301,0.8965000000000001,True
sloper_20_to_40_feed20_end40_dedicated_angled_25ft_az135_cfrp_5e4_3in,sloper_20_to_40,20.0,40.0,dedicated_angled,dedicated_angled_25ft_az135,25.0,135.0,19.5,cfrp_5e4_3in,6m,50100000,141.79,-35.022,3.0315813673048204,0.8740000000000001,True
sloper_20_to_40_feed20_end40_dedicated_angled_25ft_az135_none,sloper_20_to_40,20.0,40.0,dedicated_angled,dedicated_angled_25ft_az135,25.0,135.0,19.5,none,160m,1850000,9.3962,-2100.3,9394.964620950315,0.7643000000000001,True
sloper_20_to_40_feed20_end40_dedicated_angled_25ft_az135_none,sloper_20_to_40,20.0,40.0,dedicated_angled,dedicated_angled_25ft_az135,25.0,135.0,19.5,none,80m,3550000,22.334,-858.19,662.2075734993573,0.8406999999999999,True
sloper_20_to_40_feed20_end40_dedicated_angled_25ft_az135_none,sloper_20_to_40,20.0,40.0,dedicated_angled,dedicated_angled_25ft_az135,25.0,135.0,19.5,none,60m,5357000,57.997,-221.98,18.961615173887143,0.8929,True
sloper_20_to_40_feed20_end40_dedicated_angled_25ft_az135_none,sloper_20_to_40,20.0,40.0,dedicated_angled,dedicated_angled_25ft_az135,25.0,135.0,19.5,none,40m,7050000,200.28,410.93,21.07052949306371,0.9209999999999999,True
sloper_20_to_40_feed20_end40_dedicated_angled_25ft_az135_none,sloper_20_to_40,20.0,40.0,dedicated_angled,dedicated_angled_25ft_az135,25.0,135.0,19.5,none,30m,10120000,368.6,-1043.2,66.54124953588048,0.9145,True
sloper_20_to_40_feed20_end40_dedicated_angled_25ft_az135_none,sloper_20_to_40,20.0,40.0,dedicated_angled,dedicated_angled_25ft_az135,25.0,135.0,19.5,none,20m,14050000,215.07,496.21,27.39451591848816,0.9314,True
sloper_20_to_40_feed20_end40_dedicated_angled_25ft_az135_none,sloper_20_to_40,20.0,40.0,dedicated_angled,dedicated_angled_25ft_az135,25.0,135.0,19.5,none,17m,18080000,3905.7,-118.37,78.18576051131306,0.9462999999999999,True
sloper_20_to_40_feed20_end40_dedicated_angled_25ft_az135_none,sloper_20_to_40,20.0,40.0,dedicated_angled,dedicated_angled_25ft_az135,25.0,135.0,19.5,none,15m,21050000,518.46,-1256.3,71.33538037597071,0.9472,True
sloper_20_to_40_feed20_end40_dedicated_angled_25ft_az135_none,sloper_20_to_40,20.0,40.0,dedicated_angled,dedicated_angled_25ft_az135,25.0,135.0,19.5,none,12m,24910000,160.17,-33.049,3.353782133295116,0.8872,True
sloper_20_to_40_feed20_end40_dedicated_angled_25ft_az135_none,sloper_20_to_40,20.0,40.0,dedicated_angled,dedicated_angled_25ft_az135,25.0,135.0,19.5,none,10m,28050000,1124.0,-1284.2,51.849853044030766,0.8951,True
sloper_20_to_40_feed20_end40_dedicated_angled_25ft_az135_none,sloper_20_to_40,20.0,40.0,dedicated_angled,dedicated_angled_25ft_az135,25.0,135.0,19.5,none,6m,50100000,141.77,-24.409,2.9309490395788265,0.8762000000000001,True
sloper_20_to_40_feed20_end40_dedicated_angled_25ft_az180_cfrp_5e3_3in,sloper_20_to_40,20.0,40.0,dedicated_angled,dedicated_angled_25ft_az180,25.0,180.0,19.5,cfrp_5e3_3in,160m,1850000,9.5019,-2080.8,9118.847544183716,0.7659,True
sloper_20_to_40_feed20_end40_dedicated_angled_25ft_az180_cfrp_5e3_3in,sloper_20_to_40,20.0,40.0,dedicated_angled,dedicated_angled_25ft_az180,25.0,180.0,19.5,cfrp_5e3_3in,80m,3550000,23.053,-847.5,625.7631100663566,0.8447,True
sloper_20_to_40_feed20_end40_dedicated_angled_25ft_az180_cfrp_5e3_3in,sloper_20_to_40,20.0,40.0,dedicated_angled,dedicated_angled_25ft_az180,25.0,180.0,19.5,cfrp_5e3_3in,60m,5357000,61.783,-212.98,16.668757989595477,0.8979,True
sloper_20_to_40_feed20_end40_dedicated_angled_25ft_az180_cfrp_5e3_3in,sloper_20_to_40,20.0,40.0,dedicated_angled,dedicated_angled_25ft_az180,25.0,180.0,19.5,cfrp_5e3_3in,40m,7050000,217.49,420.93,20.825029275841484,0.9245,True
sloper_20_to_40_feed20_end40_dedicated_angled_25ft_az180_cfrp_5e3_3in,sloper_20_to_40,20.0,40.0,dedicated_angled,dedicated_angled_25ft_az180,25.0,180.0,19.5,cfrp_5e3_3in,30m,10120000,341.84,-1012.2,66.91130253665467,0.9076000000000001,True
sloper_20_to_40_feed20_end40_dedicated_angled_25ft_az180_cfrp_5e3_3in,sloper_20_to_40,20.0,40.0,dedicated_angled,dedicated_angled_25ft_az180,25.0,180.0,19.5,cfrp_5e3_3in,20m,14050000,169.9,487.62,31.650485473049923,0.8843000000000001,True
sloper_20_to_40_feed20_end40_dedicated_angled_25ft_az180_cfrp_5e3_3in,sloper_20_to_40,20.0,40.0,dedicated_angled,dedicated_angled_25ft_az180,25.0,180.0,19.5,cfrp_5e3_3in,17m,18080000,3927.8,32.951,78.56152952982728,0.9418000000000001,True
sloper_20_to_40_feed20_end40_dedicated_angled_25ft_az180_cfrp_5e3_3in,sloper_20_to_40,20.0,40.0,dedicated_angled,dedicated_angled_25ft_az180,25.0,180.0,19.5,cfrp_5e3_3in,15m,21050000,413.33,-1224.8,80.96298213382893,0.9218999999999999,True
sloper_20_to_40_feed20_end40_dedicated_angled_25ft_az180_cfrp_5e3_3in,sloper_20_to_40,20.0,40.0,dedicated_angled,dedicated_angled_25ft_az180,25.0,180.0,19.5,cfrp_5e3_3in,12m,24910000,240.2,-34.34,4.906537983978162,0.8724,True
sloper_20_to_40_feed20_end40_dedicated_angled_25ft_az180_cfrp_5e3_3in,sloper_20_to_40,20.0,40.0,dedicated_angled,dedicated_angled_25ft_az180,25.0,180.0,19.5,cfrp_5e3_3in,10m,28050000,1156.2,-1237.1,49.62030449292096,0.8872,True
sloper_20_to_40_feed20_end40_dedicated_angled_25ft_az180_cfrp_5e3_3in,sloper_20_to_40,20.0,40.0,dedicated_angled,dedicated_angled_25ft_az180,25.0,180.0,19.5,cfrp_5e3_3in,6m,50100000,132.67,-20.049,2.7237267534667113,0.8556,True
sloper_20_to_40_feed20_end40_dedicated_angled_25ft_az180_cfrp_5e4_12in,sloper_20_to_40,20.0,40.0,dedicated_angled,dedicated_angled_25ft_az180,25.0,180.0,19.5,cfrp_5e4_12in,160m,1850000,9.4122,-2079.4,9193.372215461435,0.764,True
sloper_20_to_40_feed20_end40_dedicated_angled_25ft_az180_cfrp_5e4_12in,sloper_20_to_40,20.0,40.0,dedicated_angled,dedicated_angled_25ft_az180,25.0,180.0,19.5,cfrp_5e4_12in,80m,3550000,22.848,-847.41,631.2359326165374,0.8437,True
sloper_20_to_40_feed20_end40_dedicated_angled_25ft_az180_cfrp_5e4_12in,sloper_20_to_40,20.0,40.0,dedicated_angled,dedicated_angled_25ft_az180,25.0,180.0,19.5,cfrp_5e4_12in,60m,5357000,61.48,-213.88,16.864727024834103,0.898,True
sloper_20_to_40_feed20_end40_dedicated_angled_25ft_az180_cfrp_5e4_12in,sloper_20_to_40,20.0,40.0,dedicated_angled,dedicated_angled_25ft_az180,25.0,180.0,19.5,cfrp_5e4_12in,40m,7050000,217.85,418.05,20.582530555580423,0.9256,True
sloper_20_to_40_feed20_end40_dedicated_angled_25ft_az180_cfrp_5e4_12in,sloper_20_to_40,20.0,40.0,dedicated_angled,dedicated_angled_25ft_az180,25.0,180.0,19.5,cfrp_5e4_12in,30m,10120000,347.54,-1019.7,66.91675552450457,0.9115000000000001,True
sloper_20_to_40_feed20_end40_dedicated_angled_25ft_az180_cfrp_5e4_12in,sloper_20_to_40,20.0,40.0,dedicated_angled,dedicated_angled_25ft_az180,25.0,180.0,19.5,cfrp_5e4_12in,20m,14050000,165.57,489.54,32.53105714866564,0.9002,True
sloper_20_to_40_feed20_end40_dedicated_angled_25ft_az180_cfrp_5e4_12in,sloper_20_to_40,20.0,40.0,dedicated_angled,dedicated_angled_25ft_az180,25.0,180.0,19.5,cfrp_5e4_12in,17m,18080000,3967.7,18.74,79.35577051378706,0.9423999999999999,True
sloper_20_to_40_feed20_end40_dedicated_angled_25ft_az180_cfrp_5e4_12in,sloper_20_to_40,20.0,40.0,dedicated_angled,dedicated_angled_25ft_az180,25.0,180.0,19.5,cfrp_5e4_12in,15m,21050000,431.16,-1249.8,81.18255106807945,0.9340999999999999,True
sloper_20_to_40_feed20_end40_dedicated_angled_25ft_az180_cfrp_5e4_12in,sloper_20_to_40,20.0,40.0,dedicated_angled,dedicated_angled_25ft_az180,25.0,180.0,19.5,cfrp_5e4_12in,12m,24910000,227.08,-25.341,4.601001319441474,0.9046,True
sloper_20_to_40_feed20_end40_dedicated_angled_25ft_az180_cfrp_5e4_12in,sloper_20_to_40,20.0,40.0,dedicated_angled,dedicated_angled_25ft_az180,25.0,180.0,19.5,cfrp_5e4_12in,10m,28050000,1161.0,-1256.5,50.44035117466023,0.892,True
sloper_20_to_40_feed20_end40_dedicated_angled_25ft_az180_cfrp_5e4_12in,sloper_20_to_40,20.0,40.0,dedicated_angled,dedicated_angled_25ft_az180,25.0,180.0,19.5,cfrp_5e4_12in,6m,50100000,133.88,-16.484,2.724639682576998,0.8618000000000001,True
sloper_20_to_40_feed20_end40_dedicated_angled_25ft_az180_cfrp_5e4_3in,sloper_20_to_40,20.0,40.0,dedicated_angled,dedicated_angled_25ft_az180,25.0,180.0,19.5,cfrp_5e4_3in,160m,1850000,9.5003,-2080.8,9120.383237614184,0.7661,True
sloper_20_to_40_feed20_end40_dedicated_angled_25ft_az180_cfrp_5e4_3in,sloper_20_to_40,20.0,40.0,dedicated_angled,dedicated_angled_25ft_az180,25.0,180.0,19.5,cfrp_5e4_3in,80m,3550000,23.051,-847.5,625.8173241329226,0.8448,True
sloper_20_to_40_feed20_end40_dedicated_angled_25ft_az180_cfrp_5e4_3in,sloper_20_to_40,20.0,40.0,dedicated_angled,dedicated_angled_25ft_az180,25.0,180.0,19.5,cfrp_5e4_3in,60m,5357000,61.769,-212.97,16.67061703197808,0.8981999999999999,True
sloper_20_to_40_feed20_end40_dedicated_angled_25ft_az180_cfrp_5e4_3in,sloper_20_to_40,20.0,40.0,dedicated_angled,dedicated_angled_25ft_az180,25.0,180.0,19.5,cfrp_5e4_3in,40m,7050000,217.42,421.09,20.841379629844916,0.9251999999999999,True
sloper_20_to_40_feed20_end40_dedicated_angled_25ft_az180_cfrp_5e4_3in,sloper_20_to_40,20.0,40.0,dedicated_angled,dedicated_angled_25ft_az180,25.0,180.0,19.5,cfrp_5e4_3in,30m,10120000,341.83,-1012.4,66.93655735912397,0.9094,True
sloper_20_to_40_feed20_end40_dedicated_angled_25ft_az180_cfrp_5e4_3in,sloper_20_to_40,20.0,40.0,dedicated_angled,dedicated_angled_25ft_az180,25.0,180.0,19.5,cfrp_5e4_3in,20m,14050000,165.54,487.04,32.24051305016077,0.9005,True
sloper_20_to_40_feed20_end40_dedicated_angled_25ft_az180_cfrp_5e4_3in,sloper_20_to_40,20.0,40.0,dedicated_angled,dedicated_angled_25ft_az180,25.0,180.0,19.5,cfrp_5e4_3in,17m,18080000,3932.6,26.206,78.65549318753072,0.9442,True
sloper_20_to_40_feed20_end40_dedicated_angled_25ft_az180_cfrp_5e4_3in,sloper_20_to_40,20.0,40.0,dedicated_angled,dedicated_angled_25ft_az180,25.0,180.0,19.5,cfrp_5e4_3in,15m,21050000,413.23,-1228.9,81.46555769815586,0.9320999999999999,True
sloper_20_to_40_feed20_end40_dedicated_angled_25ft_az180_cfrp_5e4_3in,sloper_20_to_40,20.0,40.0,dedicated_angled,dedicated_angled_25ft_az180,25.0,180.0,19.5,cfrp_5e4_3in,12m,24910000,251.64,-34.356,5.130391009606193,0.91,True
sloper_20_to_40_feed20_end40_dedicated_angled_25ft_az180_cfrp_5e4_3in,sloper_20_to_40,20.0,40.0,dedicated_angled,dedicated_angled_25ft_az180,25.0,180.0,19.5,cfrp_5e4_3in,10m,28050000,1165.3,-1234.6,49.4891259016336,0.894,True
sloper_20_to_40_feed20_end40_dedicated_angled_25ft_az180_cfrp_5e4_3in,sloper_20_to_40,20.0,40.0,dedicated_angled,dedicated_angled_25ft_az180,25.0,180.0,19.5,cfrp_5e4_3in,6m,50100000,133.11,-20.614,2.736207285597573,0.8612000000000001,True
sloper_20_to_40_feed20_end40_dedicated_angled_25ft_az180_none,sloper_20_to_40,20.0,40.0,dedicated_angled,dedicated_angled_25ft_az180,25.0,180.0,19.5,none,160m,1850000,9.5998,-2085.5,9066.652124456987,0.7687999999999999,True
sloper_20_to_40_feed20_end40_dedicated_angled_25ft_az180_none,sloper_20_to_40,20.0,40.0,dedicated_angled,dedicated_angled_25ft_az180,25.0,180.0,19.5,none,80m,3550000,22.9,-850.17,633.8966223683701,0.8442000000000001,True
sloper_20_to_40_feed20_end40_dedicated_angled_25ft_az180_none,sloper_20_to_40,20.0,40.0,dedicated_angled,dedicated_angled_25ft_az180,25.0,180.0,19.5,none,60m,5357000,59.593,-216.34,17.681877705858287,0.8954000000000001,True
sloper_20_to_40_feed20_end40_dedicated_angled_25ft_az180_none,sloper_20_to_40,20.0,40.0,dedicated_angled,dedicated_angled_25ft_az180,25.0,180.0,19.5,none,40m,7050000,204.79,414.51,21.07247090814561,0.9223,True
sloper_20_to_40_feed20_end40_dedicated_angled_25ft_az180_none,sloper_20_to_40,20.0,40.0,dedicated_angled,dedicated_angled_25ft_az180,25.0,180.0,19.5,none,30m,10120000,360.59,-1038.1,67.10713501163745,0.912,True
sloper_20_to_40_feed20_end40_dedicated_angled_25ft_az180_none,sloper_20_to_40,20.0,40.0,dedicated_angled,dedicated_angled_25ft_az180,25.0,180.0,19.5,none,20m,14050000,226.47,500.47,26.83241697351318,0.9347,True
sloper_20_to_40_feed20_end40_dedicated_angled_25ft_az180_none,sloper_20_to_40,20.0,40.0,dedicated_angled,dedicated_angled_25ft_az180,25.0,180.0,19.5,none,17m,18080000,3758.5,-28.005,75.17417410583748,0.9473999999999999,True
sloper_20_to_40_feed20_end40_dedicated_angled_25ft_az180_none,sloper_20_to_40,20.0,40.0,dedicated_angled,dedicated_angled_25ft_az180,25.0,180.0,19.5,none,15m,21050000,513.83,-1270.1,73.14964328704997,0.9451,True
sloper_20_to_40_feed20_end40_dedicated_angled_25ft_az180_none,sloper_20_to_40,20.0,40.0,dedicated_angled,dedicated_angled_25ft_az180,25.0,180.0,19.5,none,12m,24910000,155.32,-15.897,3.1426549052319257,0.8815000000000001,True
sloper_20_to_40_feed20_end40_dedicated_angled_25ft_az180_none,sloper_20_to_40,20.0,40.0,dedicated_angled,dedicated_angled_25ft_az180,25.0,180.0,19.5,none,10m,28050000,1113.7,-1304.2,52.84567839546206,0.8926000000000001,True
sloper_20_to_40_feed20_end40_dedicated_angled_25ft_az180_none,sloper_20_to_40,20.0,40.0,dedicated_angled,dedicated_angled_25ft_az180,25.0,180.0,19.5,none,6m,50100000,132.69,-9.5835,2.6699181446503966,0.8645,True
sloper_20_to_40_feed20_end40_dedicated_angled_25ft_az90_cfrp_5e3_3in,sloper_20_to_40,20.0,40.0,dedicated_angled,dedicated_angled_25ft_az90,25.0,90.0,19.5,cfrp_5e3_3in,160m,1850000,7.642,-1802.0,8505.004855369676,0.7015,True
sloper_20_to_40_feed20_end40_dedicated_angled_25ft_az90_cfrp_5e3_3in,sloper_20_to_40,20.0,40.0,dedicated_angled,dedicated_angled_25ft_az90,25.0,90.0,19.5,cfrp_5e3_3in,80m,3550000,18.977,-707.27,530.2094006987851,0.8098000000000001,True
sloper_20_to_40_feed20_end40_dedicated_angled_25ft_az90_cfrp_5e3_3in,sloper_20_to_40,20.0,40.0,dedicated_angled,dedicated_angled_25ft_az90,25.0,90.0,19.5,cfrp_5e3_3in,60m,5357000,54.046,-119.46,7.147083383340677,0.885,True
sloper_20_to_40_feed20_end40_dedicated_angled_25ft_az90_cfrp_5e3_3in,sloper_20_to_40,20.0,40.0,dedicated_angled,dedicated_angled_25ft_az90,25.0,90.0,19.5,cfrp_5e3_3in,40m,7050000,210.54,518.34,29.937476427783963,0.9233,True
sloper_20_to_40_feed20_end40_dedicated_angled_25ft_az90_cfrp_5e3_3in,sloper_20_to_40,20.0,40.0,dedicated_angled,dedicated_angled_25ft_az90,25.0,90.0,19.5,cfrp_5e3_3in,30m,10120000,403.84,-1133.5,71.81694910576988,0.9265000000000001,True
sloper_20_to_40_feed20_end40_dedicated_angled_25ft_az90_cfrp_5e3_3in,sloper_20_to_40,20.0,40.0,dedicated_angled,dedicated_angled_25ft_az90,25.0,90.0,19.5,cfrp_5e3_3in,20m,14050000,96.745,315.32,22.96255915759525,0.7142000000000001,True
sloper_20_to_40_feed20_end40_dedicated_angled_25ft_az90_cfrp_5e3_3in,sloper_20_to_40,20.0,40.0,dedicated_angled,dedicated_angled_25ft_az90,25.0,90.0,19.5,cfrp_5e3_3in,17m,18080000,4654.8,-328.48,93.55965686919912,0.9057,True
sloper_20_to_40_feed20_end40_dedicated_angled_25ft_az90_cfrp_5e3_3in,sloper_20_to_40,20.0,40.0,dedicated_angled,dedicated_angled_25ft_az90,25.0,90.0,19.5,cfrp_5e3_3in,15m,21050000,284.76,-873.21,59.407521778277335,0.8789,True
sloper_20_to_40_feed20_end40_dedicated_angled_25ft_az90_cfrp_5e3_3in,sloper_20_to_40,20.0,40.0,dedicated_angled,dedicated_angled_25ft_az90,25.0,90.0,19.5,cfrp_5e3_3in,12m,24910000,366.27,-7.5905,7.328605792394625,0.9138,True
sloper_20_to_40_feed20_end40_dedicated_angled_25ft_az90_cfrp_5e3_3in,sloper_20_to_40,20.0,40.0,dedicated_angled,dedicated_angled_25ft_az90,25.0,90.0,19.5,cfrp_5e3_3in,10m,28050000,1165.8,-1224.0,49.04060787785206,0.8926999999999999,True
sloper_20_to_40_feed20_end40_dedicated_angled_25ft_az90_cfrp_5e3_3in,sloper_20_to_40,20.0,40.0,dedicated_angled,dedicated_angled_25ft_az90,25.0,90.0,19.5,cfrp_5e3_3in,6m,50100000,143.65,-42.361,3.153830484883572,0.8806,True
sloper_20_to_40_feed20_end40_dedicated_angled_25ft_az90_cfrp_5e4_12in,sloper_20_to_40,20.0,40.0,dedicated_angled,dedicated_angled_25ft_az90,25.0,90.0,19.5,cfrp_5e4_12in,160m,1850000,7.6701,-2051.3,10978.710800373774,0.7095999999999999,True
sloper_20_to_40_feed20_end40_dedicated_angled_25ft_az90_cfrp_5e4_12in,sloper_20_to_40,20.0,40.0,dedicated_angled,dedicated_angled_25ft_az90,25.0,90.0,19.5,cfrp_5e4_12in,80m,3550000,18.516,-843.47,771.5308740592246,0.8083,True
sloper_20_to_40_feed20_end40_dedicated_angled_25ft_az90_cfrp_5e4_12in,sloper_20_to_40,20.0,40.0,dedicated_angled,dedicated_angled_25ft_az90,25.0,90.0,19.5,cfrp_5e4_12in,60m,5357000,51.345,-224.34,21.55834484668581,0.8803,True
sloper_20_to_40_feed20_end40_dedicated_angled_25ft_az90_cfrp_5e4_12in,sloper_20_to_40,20.0,40.0,dedicated_angled,dedicated_angled_25ft_az90,25.0,90.0,19.5,cfrp_5e4_12in,40m,7050000,193.87,397.06,20.350326411922268,0.9189,True
sloper_20_to_40_feed20_end40_dedicated_angled_25ft_az90_cfrp_5e4_12in,sloper_20_to_40,20.0,40.0,dedicated_angled,dedicated_angled_25ft_az90,25.0,90.0,19.5,cfrp_5e4_12in,30m,10120000,371.61,-1019.2,63.457378933406055,0.9193000000000001,True
sloper_20_to_40_feed20_end40_dedicated_angled_25ft_az90_cfrp_5e4_12in,sloper_20_to_40,20.0,40.0,dedicated_angled,dedicated_angled_25ft_az90,25.0,90.0,19.5,cfrp_5e4_12in,20m,14050000,94.879,376.27,32.23768845352971,0.7945,True
sloper_20_to_40_feed20_end40_dedicated_angled_25ft_az90_cfrp_5e4_12in,sloper_20_to_40,20.0,40.0,dedicated_angled,dedicated_angled_25ft_az90,25.0,90.0,19.5,cfrp_5e4_12in,17m,18080000,5245.8,84.93,104.94350299319666,0.9137000000000001,True
sloper_20_to_40_feed20_end40_dedicated_angled_25ft_az90_cfrp_5e4_12in,sloper_20_to_40,20.0,40.0,dedicated_angled,dedicated_angled_25ft_az90,25.0,90.0,19.5,cfrp_5e4_12in,15m,21050000,313.17,-1091.5,82.49563424693224,0.9153,True
sloper_20_to_40_feed20_end40_dedicated_angled_25ft_az90_cfrp_5e4_12in,sloper_20_to_40,20.0,40.0,dedicated_angled,dedicated_angled_25ft_az90,25.0,90.0,19.5,cfrp_5e4_12in,12m,24910000,273.43,-30.316,5.538119974807415,0.9173,True
sloper_20_to_40_feed20_end40_dedicated_angled_25ft_az90_cfrp_5e4_12in,sloper_20_to_40,20.0,40.0,dedicated_angled,dedicated_angled_25ft_az90,25.0,90.0,19.5,cfrp_5e4_12in,10m,28050000,1147.9,-1163.6,46.57037954985484,0.8978,True
sloper_20_to_40_feed20_end40_dedicated_angled_25ft_az90_cfrp_5e4_12in,sloper_20_to_40,20.0,40.0,dedicated_angled,dedicated_angled_25ft_az90,25.0,90.0,19.5,cfrp_5e4_12in,6m,50100000,153.21,-24.002,3.14810109525354,0.8942,True
sloper_20_to_40_feed20_end40_dedicated_angled_25ft_az90_cfrp_5e4_3in,sloper_20_to_40,20.0,40.0,dedicated_angled,dedicated_angled_25ft_az90,25.0,90.0,19.5,cfrp_5e4_3in,160m,1850000,7.6152,-1802.1,8535.88180656153,0.7082999999999999,True
sloper_20_to_40_feed20_end40_dedicated_angled_25ft_az90_cfrp_5e4_3in,sloper_20_to_40,20.0,40.0,dedicated_angled,dedicated_angled_25ft_az90,25.0,90.0,19.5,cfrp_5e4_3in,80m,3550000,18.948,-707.3,531.0645268524081,0.8127,True
sloper_20_to_40_feed20_end40_dedicated_angled_25ft_az90_cfrp_5e4_3in,sloper_20_to_40,20.0,40.0,dedicated_angled,dedicated_angled_25ft_az90,25.0,90.0,19.5,cfrp_5e4_3in,60m,5357000,54.015,-119.5,7.1536935964040405,0.8856999999999999,True
sloper_20_to_40_feed20_end40_dedicated_angled_25ft_az90_cfrp_5e4_3in,sloper_20_to_40,20.0,40.0,dedicated_angled,dedicated_angled_25ft_az90,25.0,90.0,19.5,cfrp_5e4_3in,40m,7050000,210.4,518.46,29.963672984418903,0.9242,True
sloper_20_to_40_feed20_end40_dedicated_angled_25ft_az90_cfrp_5e4_3in,sloper_20_to_40,20.0,40.0,dedicated_angled,dedicated_angled_25ft_az90,25.0,90.0,19.5,cfrp_5e4_3in,30m,10120000,403.84,-1133.4,71.80572020484958,0.9270999999999999,True
sloper_20_to_40_feed20_end40_dedicated_angled_25ft_az90_cfrp_5e4_3in,sloper_20_to_40,20.0,40.0,dedicated_angled,dedicated_angled_25ft_az90,25.0,90.0,19.5,cfrp_5e4_3in,20m,14050000,92.005,312.42,23.558699822364073,0.7956,True
sloper_20_to_40_feed20_end40_dedicated_angled_25ft_az90_cfrp_5e4_3in,sloper_20_to_40,20.0,40.0,dedicated_angled,dedicated_angled_25ft_az90,25.0,90.0,19.5,cfrp_5e4_3in,17m,18080000,4683.7,-323.6,94.12120557870475,0.9177,True
sloper_20_to_40_feed20_end40_dedicated_angled_25ft_az90_cfrp_5e4_3in,sloper_20_to_40,20.0,40.0,dedicated_angled,dedicated_angled_25ft_az90,25.0,90.0,19.5,cfrp_5e4_3in,15m,21050000,278.98,-880.71,61.348668148311326,0.9036,True
sloper_20_to_40_feed20_end40_dedicated_angled_25ft_az90_cfrp_5e4_3in,sloper_20_to_40,20.0,40.0,dedicated_angled,dedicated_angled_25ft_az90,25.0,90.0,19.5,cfrp_5e4_3in,12m,24910000,392.34,-9.8602,7.851837853931829,0.9427,True
sloper_20_to_40_feed20_end40_dedicated_angled_25ft_az90_cfrp_5e4_3in,sloper_20_to_40,20.0,40.0,dedicated_angled,dedicated_angled_25ft_az90,25.0,90.0,19.5,cfrp_5e4_3in,10m,28050000,1171.0,-1218.7,48.80907118531883,0.8994,True
sloper_20_to_40_feed20_end40_dedicated_angled_25ft_az90_cfrp_5e4_3in,sloper_20_to_40,20.0,40.0,dedicated_angled,dedicated_angled_25ft_az90,25.0,90.0,19.5,cfrp_5e4_3in,6m,50100000,142.29,-41.449,3.117953245177065,0.8829,True
sloper_20_to_40_feed20_end40_dedicated_angled_25ft_az90_none,sloper_20_to_40,20.0,40.0,dedicated_angled,dedicated_angled_25ft_az90,25.0,90.0,19.5,none,160m,1850000,8.88,-2145.2,10370.409575647736,0.7522,True
sloper_20_to_40_feed20_end40_dedicated_angled_25ft_az90_none,sloper_20_to_40,20.0,40.0,dedicated_angled,dedicated_angled_25ft_az90,25.0,90.0,19.5,none,80m,3550000,20.912,-882.24,747.2105298452008,0.8312,True
sloper_20_to_40_feed20_end40_dedicated_angled_25ft_az90_none,sloper_20_to_40,20.0,40.0,dedicated_angled,dedicated_angled_25ft_az90,25.0,90.0,19.5,none,60m,5357000,53.957,-238.54,23.05378924065876,0.8862000000000001,True
sloper_20_to_40_feed20_end40_dedicated_angled_25ft_az90_none,sloper_20_to_40,20.0,40.0,dedicated_angled,dedicated_angled_25ft_az90,25.0,90.0,19.5,none,40m,7050000,188.57,400.14,20.97057414299838,0.9173,True
sloper_20_to_40_feed20_end40_dedicated_angled_25ft_az90_none,sloper_20_to_40,20.0,40.0,dedicated_angled,dedicated_angled_25ft_az90,25.0,90.0,19.5,none,30m,10120000,390.89,-1055.0,64.878546117693,0.9209999999999999,True
sloper_20_to_40_feed20_end40_dedicated_angled_25ft_az90_none,sloper_20_to_40,20.0,40.0,dedicated_angled,dedicated_angled_25ft_az90,25.0,90.0,19.5,none,20m,14050000,188.49,480.55,28.50295853505859,0.9228000000000001,True
sloper_20_to_40_feed20_end40_dedicated_angled_25ft_az90_none,sloper_20_to_40,20.0,40.0,dedicated_angled,dedicated_angled_25ft_az90,25.0,90.0,19.5,none,17m,18080000,4433.7,-350.93,89.22959659601888,0.9412999999999999,True
sloper_20_to_40_feed20_end40_dedicated_angled_25ft_az90_none,sloper_20_to_40,20.0,40.0,dedicated_angled,dedicated_angled_25ft_az90,25.0,90.0,19.5,none,15m,21050000,513.57,-1226.2,68.90776075576375,0.9504,True
sloper_20_to_40_feed20_end40_dedicated_angled_25ft_az90_none,sloper_20_to_40,20.0,40.0,dedicated_angled,dedicated_angled_25ft_az90,25.0,90.0,19.5,none,12m,24910000,188.29,-65.345,4.249583014806952,0.9091,True
sloper_20_to_40_feed20_end40_dedicated_angled_25ft_az90_none,sloper_20_to_40,20.0,40.0,dedicated_angled,dedicated_angled_25ft_az90,25.0,90.0,19.5,none,10m,28050000,1126.8,-1236.0,49.675897912351004,0.899,True
sloper_20_to_40_feed20_end40_dedicated_angled_25ft_az90_none,sloper_20_to_40,20.0,40.0,dedicated_angled,dedicated_angled_25ft_az90,25.0,90.0,19.5,none,6m,50100000,164.93,-26.407,3.391461461502432,0.9006000000000001,True
sloper_20_to_40_feed20_end40_dedicated_angled_29ft_az135_cfrp_5e3_3in,sloper_20_to_40,20.0,40.0,dedicated_angled,dedicated_angled_29ft_az135,29.0,135.0,19.5,cfrp_5e3_3in,160m,1850000,9.7985,-1906.8,7426.610572293986,0.7601,True
sloper_20_to_40_feed20_end40_dedicated_angled_29ft_az135_cfrp_5e3_3in,sloper_20_to_40,20.0,40.0,dedicated_angled,dedicated_angled_29ft_az135,29.0,135.0,19.5,cfrp_5e3_3in,80m,3550000,23.977,-743.05,463.1068192996565,0.8419,True
sloper_20_to_40_feed20_end40_dedicated_angled_29ft_az135_cfrp_5e3_3in,sloper_20_to_40,20.0,40.0,dedicated_angled,dedicated_angled_29ft_az135,29.0,135.0,19.5,cfrp_5e3_3in,60m,5357000,64.092,-124.55,6.754684088943387,0.8961,True
sloper_20_to_40_feed20_end40_dedicated_angled_29ft_az135_cfrp_5e3_3in,sloper_20_to_40,20.0,40.0,dedicated_angled,dedicated_angled_29ft_az135,29.0,135.0,19.5,cfrp_5e3_3in,40m,7050000,223.3,514.15,28.3313054608944,0.9236,True
sloper_20_to_40_feed20_end40_dedicated_angled_29ft_az135_cfrp_5e3_3in,sloper_20_to_40,20.0,40.0,dedicated_angled,dedicated_angled_29ft_az135,29.0,135.0,19.5,cfrp_5e3_3in,30m,10120000,354.28,-885.65,51.48730918787028,0.9061,True
sloper_20_to_40_feed20_end40_dedicated_angled_29ft_az135_cfrp_5e3_3in,sloper_20_to_40,20.0,40.0,dedicated_angled,dedicated_angled_29ft_az135,29.0,135.0,19.5,cfrp_5e3_3in,20m,14050000,543.38,1120.8,57.17837617331234,0.9236,True
sloper_20_to_40_feed20_end40_dedicated_angled_29ft_az135_cfrp_5e3_3in,sloper_20_to_40,20.0,40.0,dedicated_angled,dedicated_angled_29ft_az135,29.0,135.0,19.5,cfrp_5e3_3in,17m,18080000,2352.1,-628.8,50.405430626774645,0.9109999999999999,True
sloper_20_to_40_feed20_end40_dedicated_angled_29ft_az135_cfrp_5e3_3in,sloper_20_to_40,20.0,40.0,dedicated_angled,dedicated_angled_29ft_az135,29.0,135.0,19.5,cfrp_5e3_3in,15m,21050000,169.37,-684.35,58.9688267844473,0.9094,True
sloper_20_to_40_feed20_end40_dedicated_angled_29ft_az135_cfrp_5e3_3in,sloper_20_to_40,20.0,40.0,dedicated_angled,dedicated_angled_29ft_az135,29.0,135.0,19.5,cfrp_5e3_3in,12m,24910000,181.79,281.81,12.568489212629732,0.8690000000000001,True
sloper_20_to_40_feed20_end40_dedicated_angled_29ft_az135_cfrp_5e3_3in,sloper_20_to_40,20.0,40.0,dedicated_angled,dedicated_angled_29ft_az135,29.0,135.0,19.5,cfrp_5e3_3in,10m,28050000,1281.5,-1048.2,42.793104476424,0.8853,True
sloper_20_to_40_feed20_end40_dedicated_angled_29ft_az135_cfrp_5e3_3in,sloper_20_to_40,20.0,40.0,dedicated_angled,dedicated_angled_29ft_az135,29.0,135.0,19.5,cfrp_5e3_3in,6m,50100000,1642.9,-141.5,33.10196707555276,0.8792,True
sloper_20_to_40_feed20_end40_dedicated_angled_29ft_az135_cfrp_5e4_12in,sloper_20_to_40,20.0,40.0,dedicated_angled,dedicated_angled_29ft_az135,29.0,135.0,19.5,cfrp_5e4_12in,160m,1850000,9.592,-1885.5,7418.06128400959,0.7556,True
sloper_20_to_40_feed20_end40_dedicated_angled_29ft_az135_cfrp_5e4_12in,sloper_20_to_40,20.0,40.0,dedicated_angled,dedicated_angled_29ft_az135,29.0,135.0,19.5,cfrp_5e4_12in,80m,3550000,23.562,-732.54,458.0828856961963,0.8398,True
sloper_20_to_40_feed20_end40_dedicated_angled_29ft_az135_cfrp_5e4_12in,sloper_20_to_40,20.0,40.0,dedicated_angled,dedicated_angled_29ft_az135,29.0,135.0,19.5,cfrp_5e4_12in,60m,5357000,63.82,-117.27,6.208483598540191,0.8964,True
sloper_20_to_40_feed20_end40_dedicated_angled_29ft_az135_cfrp_5e4_12in,sloper_20_to_40,20.0,40.0,dedicated_angled,dedicated_angled_29ft_az135,29.0,135.0,19.5,cfrp_5e4_12in,40m,7050000,226.53,522.71,28.839344925221607,0.9254000000000001,True
sloper_20_to_40_feed20_end40_dedicated_angled_29ft_az135_cfrp_5e4_12in,sloper_20_to_40,20.0,40.0,dedicated_angled,dedicated_angled_29ft_az135,29.0,135.0,19.5,cfrp_5e4_12in,30m,10120000,364.52,-915.67,53.41189204601831,0.9109999999999999,True
sloper_20_to_40_feed20_end40_dedicated_angled_29ft_az135_cfrp_5e4_12in,sloper_20_to_40,20.0,40.0,dedicated_angled,dedicated_angled_29ft_az135,29.0,135.0,19.5,cfrp_5e4_12in,20m,14050000,471.89,1061.0,57.23744731660433,0.9188,True
sloper_20_to_40_feed20_end40_dedicated_angled_29ft_az135_cfrp_5e4_12in,sloper_20_to_40,20.0,40.0,dedicated_angled,dedicated_angled_29ft_az135,29.0,135.0,19.5,cfrp_5e4_12in,17m,18080000,2311.1,-505.91,48.437908412462704,0.9135,True
sloper_20_to_40_feed20_end40_dedicated_angled_29ft_az135_cfrp_5e4_12in,sloper_20_to_40,20.0,40.0,dedicated_angled,dedicated_angled_29ft_az135,29.0,135.0,19.5,cfrp_5e4_12in,15m,21050000,163.62,-672.41,58.82748378544614,0.909,True
sloper_20_to_40_feed20_end40_dedicated_angled_29ft_az135_cfrp_5e4_12in,sloper_20_to_40,20.0,40.0,dedicated_angled,dedicated_angled_29ft_az135,29.0,135.0,19.5,cfrp_5e4_12in,12m,24910000,195.5,279.62,12.08168990713706,0.8945000000000001,True
sloper_20_to_40_feed20_end40_dedicated_angled_29ft_az135_cfrp_5e4_12in,sloper_20_to_40,20.0,40.0,dedicated_angled,dedicated_angled_29ft_az135,29.0,135.0,19.5,cfrp_5e4_12in,10m,28050000,1265.2,-1088.8,44.060713465756486,0.8914,True
sloper_20_to_40_feed20_end40_dedicated_angled_29ft_az135_cfrp_5e4_12in,sloper_20_to_40,20.0,40.0,dedicated_angled,dedicated_angled_29ft_az135,29.0,135.0,19.5,cfrp_5e4_12in,6m,50100000,1770.6,-113.79,35.55837360418392,0.9129999999999999,True
sloper_20_to_40_feed20_end40_dedicated_angled_29ft_az135_cfrp_5e4_3in,sloper_20_to_40,20.0,40.0,dedicated_angled,dedicated_angled_29ft_az135,29.0,135.0,19.5,cfrp_5e4_3in,160m,1850000,9.7999,-1906.8,7425.549673061498,0.7603,True
sloper_20_to_40_feed20_end40_dedicated_angled_29ft_az135_cfrp_5e4_3in,sloper_20_to_40,20.0,40.0,dedicated_angled,dedicated_angled_29ft_az135,29.0,135.0,19.5,cfrp_5e4_3in,80m,3550000,23.977,-743.05,463.1068192996565,0.8422,True
sloper_20_to_40_feed20_end40_dedicated_angled_29ft_az135_cfrp_5e4_3in,sloper_20_to_40,20.0,40.0,dedicated_angled,dedicated_angled_29ft_az135,29.0,135.0,19.5,cfrp_5e4_3in,60m,5357000,64.077,-124.53,6.754132941825216,0.8965000000000001,True
sloper_20_to_40_feed20_end40_dedicated_angled_29ft_az135_cfrp_5e4_3in,sloper_20_to_40,20.0,40.0,dedicated_angled,dedicated_angled_29ft_az135,29.0,135.0,19.5,cfrp_5e4_3in,40m,7050000,223.25,514.31,28.350423785763805,0.9242,True
sloper_20_to_40_feed20_end40_dedicated_angled_29ft_az135_cfrp_5e4_3in,sloper_20_to_40,20.0,40.0,dedicated_angled,dedicated_angled_29ft_az135,29.0,135.0,19.5,cfrp_5e4_3in,30m,10120000,354.2,-885.86,51.516759343672625,0.9078,True
sloper_20_to_40_feed20_end40_dedicated_angled_29ft_az135_cfrp_5e4_3in,sloper_20_to_40,20.0,40.0,dedicated_angled,dedicated_angled_29ft_az135,29.0,135.0,19.5,cfrp_5e4_3in,20m,14050000,538.47,1124.4,57.80301672189436,0.9292,True
sloper_20_to_40_feed20_end40_dedicated_angled_29ft_az135_cfrp_5e4_3in,sloper_20_to_40,20.0,40.0,dedicated_angled,dedicated_angled_29ft_az135,29.0,135.0,19.5,cfrp_5e4_3in,17m,18080000,2353.4,-619.14,50.32708247355236,0.9151,True
sloper_20_to_40_feed20_end40_dedicated_angled_29ft_az135_cfrp_5e4_3in,sloper_20_to_40,20.0,40.0,dedicated_angled,dedicated_angled_29ft_az135,29.0,135.0,19.5,cfrp_5e4_3in,15m,21050000,169.5,-684.59,58.96755103091503,0.912,True
sloper_20_to_40_feed20_end40_dedicated_angled_29ft_az135_cfrp_5e4_3in,sloper_20_to_40,20.0,40.0,dedicated_angled,dedicated_angled_29ft_az135,29.0,135.0,19.5,cfrp_5e4_3in,12m,24910000,184.36,279.48,12.35098096340072,0.8896999999999999,True
sloper_20_to_40_feed20_end40_dedicated_angled_29ft_az135_cfrp_5e4_3in,sloper_20_to_40,20.0,40.0,dedicated_angled,dedicated_angled_29ft_az135,29.0,135.0,19.5,cfrp_5e4_3in,10m,28050000,1295.5,-1048.7,42.90362270527087,0.8939,True
sloper_20_to_40_feed20_end40_dedicated_angled_29ft_az135_cfrp_5e4_3in,sloper_20_to_40,20.0,40.0,dedicated_angled,dedicated_angled_29ft_az135,29.0,135.0,19.5,cfrp_5e4_3in,6m,50100000,1582.4,-108.85,31.797900251379527,0.9124,True
sloper_20_to_40_feed20_end40_dedicated_angled_29ft_az135_none,sloper_20_to_40,20.0,40.0,dedicated_angled,dedicated_angled_29ft_az135,29.0,135.0,19.5,none,160m,1850000,9.7499,-1891.8,7346.746600876416,0.7595000000000001,True
sloper_20_to_40_feed20_end40_dedicated_angled_29ft_az135_none,sloper_20_to_40,20.0,40.0,dedicated_angled,dedicated_angled_29ft_az135,29.0,135.0,19.5,none,80m,3550000,23.54,-735.37,462.03961010989906,0.8398,True
sloper_20_to_40_feed20_end40_dedicated_angled_29ft_az135_none,sloper_20_to_40,20.0,40.0,dedicated_angled,dedicated_angled_29ft_az135,29.0,135.0,19.5,none,60m,5357000,61.766,-119.64,6.52642854430342,0.8935,True
sloper_20_to_40_feed20_end40_dedicated_angled_29ft_az135_none,sloper_20_to_40,20.0,40.0,dedicated_angled,dedicated_angled_29ft_az135,29.0,135.0,19.5,none,40m,7050000,213.08,519.89,29.832135051347603,0.922,True
sloper_20_to_40_feed20_end40_dedicated_angled_29ft_az135_none,sloper_20_to_40,20.0,40.0,dedicated_angled,dedicated_angled_29ft_az135,29.0,135.0,19.5,none,30m,10120000,378.08,-939.25,54.34231803026351,0.9116,True
sloper_20_to_40_feed20_end40_dedicated_angled_29ft_az135_none,sloper_20_to_40,20.0,40.0,dedicated_angled,dedicated_angled_29ft_az135,29.0,135.0,19.5,none,20m,14050000,559.09,1015.6,48.14768244907943,0.9412999999999999,True
sloper_20_to_40_feed20_end40_dedicated_angled_29ft_az135_none,sloper_20_to_40,20.0,40.0,dedicated_angled,dedicated_angled_29ft_az135,29.0,135.0,19.5,none,17m,18080000,1954.8,-383.1,40.598538716872326,0.912,True
sloper_20_to_40_feed20_end40_dedicated_angled_29ft_az135_none,sloper_20_to_40,20.0,40.0,dedicated_angled,dedicated_angled_29ft_az135,29.0,135.0,19.5,none,15m,21050000,167.92,-681.93,59.02613258907355,0.9118,True
sloper_20_to_40_feed20_end40_dedicated_angled_29ft_az135_none,sloper_20_to_40,20.0,40.0,dedicated_angled,dedicated_angled_29ft_az135,29.0,135.0,19.5,none,12m,24910000,174.88,311.27,14.796555231383733,0.8913,True
sloper_20_to_40_feed20_end40_dedicated_angled_29ft_az135_none,sloper_20_to_40,20.0,40.0,dedicated_angled,dedicated_angled_29ft_az135,29.0,135.0,19.5,none,10m,28050000,1159.8,-1133.9,45.38864662392815,0.8898999999999999,True
sloper_20_to_40_feed20_end40_dedicated_angled_29ft_az135_none,sloper_20_to_40,20.0,40.0,dedicated_angled,dedicated_angled_29ft_az135,29.0,135.0,19.5,none,6m,50100000,1944.0,-335.08,40.0358722601564,0.9269,True
sloper_20_to_40_feed20_end40_dedicated_angled_29ft_az180_cfrp_5e3_3in,sloper_20_to_40,20.0,40.0,dedicated_angled,dedicated_angled_29ft_az180,29.0,180.0,19.5,cfrp_5e3_3in,160m,1850000,9.9537,-1875.1,7069.931815808527,0.7636,True
sloper_20_to_40_feed20_end40_dedicated_angled_29ft_az180_cfrp_5e3_3in,sloper_20_to_40,20.0,40.0,dedicated_angled,dedicated_angled_29ft_az180,29.0,180.0,19.5,cfrp_5e3_3in,80m,3550000,24.507,-726.08,432.76608969829687,0.8453,True
sloper_20_to_40_feed20_end40_dedicated_angled_29ft_az180_cfrp_5e3_3in,sloper_20_to_40,20.0,40.0,dedicated_angled,dedicated_angled_29ft_az180,29.0,180.0,19.5,cfrp_5e3_3in,60m,5357000,66.076,-111.99,5.69891441065297,0.8991,True
sloper_20_to_40_feed20_end40_dedicated_angled_29ft_az180_cfrp_5e3_3in,sloper_20_to_40,20.0,40.0,dedicated_angled,dedicated_angled_29ft_az180,29.0,180.0,19.5,cfrp_5e3_3in,40m,7050000,231.08,526.49,28.79422065281899,0.9258,True
sloper_20_to_40_feed20_end40_dedicated_angled_29ft_az180_cfrp_5e3_3in,sloper_20_to_40,20.0,40.0,dedicated_angled,dedicated_angled_29ft_az180,29.0,180.0,19.5,cfrp_5e3_3in,30m,10120000,346.48,-896.16,53.412999046285776,0.9039,True
sloper_20_to_40_feed20_end40_dedicated_angled_29ft_az180_cfrp_5e3_3in,sloper_20_to_40,20.0,40.0,dedicated_angled,dedicated_angled_29ft_az180,29.0,180.0,19.5,cfrp_5e3_3in,20m,14050000,529.13,1069.2,53.86865485348642,0.9190999999999999,True
sloper_20_to_40_feed20_end40_dedicated_angled_29ft_az180_cfrp_5e3_3in,sloper_20_to_40,20.0,40.0,dedicated_angled,dedicated_angled_29ft_az180,29.0,180.0,19.5,cfrp_5e3_3in,17m,18080000,2428.5,-590.27,51.44056357137317,0.9118,True
sloper_20_to_40_feed20_end40_dedicated_angled_29ft_az180_cfrp_5e3_3in,sloper_20_to_40,20.0,40.0,dedicated_angled,dedicated_angled_29ft_az180,29.0,180.0,19.5,cfrp_5e3_3in,15m,21050000,157.24,-681.25,62.47775926237036,0.9016,True
sloper_20_to_40_feed20_end40_dedicated_angled_29ft_az180_cfrp_5e3_3in,sloper_20_to_40,20.0,40.0,dedicated_angled,dedicated_angled_29ft_az180,29.0,180.0,19.5,cfrp_5e3_3in,12m,24910000,195.46,294.81,12.981140516828543,0.8786,True
sloper_20_to_40_feed20_end40_dedicated_angled_29ft_az180_cfrp_5e3_3in,sloper_20_to_40,20.0,40.0,dedicated_angled,dedicated_angled_29ft_az180,29.0,180.0,19.5,cfrp_5e3_3in,10m,28050000,1233.2,-1061.2,42.94505176397557,0.8806999999999999,True
sloper_20_to_40_feed20_end40_dedicated_angled_29ft_az180_cfrp_5e3_3in,sloper_20_to_40,20.0,40.0,dedicated_angled,dedicated_angled_29ft_az180,29.0,180.0,19.5,cfrp_5e3_3in,6m,50100000,1748.7,-223.13,35.543875672788126,0.8905,True
sloper_20_to_40_feed20_end40_dedicated_angled_29ft_az180_cfrp_5e4_12in,sloper_20_to_40,20.0,40.0,dedicated_angled,dedicated_angled_29ft_az180,29.0,180.0,19.5,cfrp_5e4_12in,160m,1850000,9.8874,-1873.3,7103.688696894077,0.7622,True
sloper_20_to_40_feed20_end40_dedicated_angled_29ft_az180_cfrp_5e4_12in,sloper_20_to_40,20.0,40.0,dedicated_angled,dedicated_angled_29ft_az180,29.0,180.0,19.5,cfrp_5e4_12in,80m,3550000,24.358,-725.66,434.9067636042881,0.8445999999999999,True
sloper_20_to_40_feed20_end40_dedicated_angled_29ft_az180_cfrp_5e4_12in,sloper_20_to_40,20.0,40.0,dedicated_angled,dedicated_angled_29ft_az180,29.0,180.0,19.5,cfrp_5e4_12in,60m,5357000,65.924,-112.33,5.730476755327715,0.8993000000000001,True
sloper_20_to_40_feed20_end40_dedicated_angled_29ft_az180_cfrp_5e4_12in,sloper_20_to_40,20.0,40.0,dedicated_angled,dedicated_angled_29ft_az180,29.0,180.0,19.5,cfrp_5e4_12in,40m,7050000,231.97,524.84,28.569308865857202,0.9269,True
sloper_20_to_40_feed20_end40_dedicated_angled_29ft_az180_cfrp_5e4_12in,sloper_20_to_40,20.0,40.0,dedicated_angled,dedicated_angled_29ft_az180,29.0,180.0,19.5,cfrp_5e4_12in,30m,10120000,353.03,-906.99,53.78765945837116,0.9076000000000001,True
sloper_20_to_40_feed20_end40_dedicated_angled_29ft_az180_cfrp_5e4_12in,sloper_20_to_40,20.0,40.0,dedicated_angled,dedicated_angled_29ft_az180,29.0,180.0,19.5,cfrp_5e4_12in,20m,14050000,510.92,1060.8,54.34768021366805,0.9268000000000001,True
sloper_20_to_40_feed20_end40_dedicated_angled_29ft_az180_cfrp_5e4_12in,sloper_20_to_40,20.0,40.0,dedicated_angled,dedicated_angled_29ft_az180,29.0,180.0,19.5,cfrp_5e4_12in,17m,18080000,2336.2,-486.33,48.749689162382175,0.9131999999999999,True
sloper_20_to_40_feed20_end40_dedicated_angled_29ft_az180_cfrp_5e4_12in,sloper_20_to_40,20.0,40.0,dedicated_angled,dedicated_angled_29ft_az180,29.0,180.0,19.5,cfrp_5e4_12in,15m,21050000,155.84,-679.53,62.68259980496162,0.9025,True
sloper_20_to_40_feed20_end40_dedicated_angled_29ft_az180_cfrp_5e4_12in,sloper_20_to_40,20.0,40.0,dedicated_angled,dedicated_angled_29ft_az180,29.0,180.0,19.5,cfrp_5e4_12in,12m,24910000,194.54,299.13,13.271475605846947,0.8957999999999999,True
sloper_20_to_40_feed20_end40_dedicated_angled_29ft_az180_cfrp_5e4_12in,sloper_20_to_40,20.0,40.0,dedicated_angled,dedicated_angled_29ft_az180,29.0,180.0,19.5,cfrp_5e4_12in,10m,28050000,1231.5,-1090.5,43.960727860414515,0.888,True
sloper_20_to_40_feed20_end40_dedicated_angled_29ft_az180_cfrp_5e4_12in,sloper_20_to_40,20.0,40.0,dedicated_angled,dedicated_angled_29ft_az180,29.0,180.0,19.5,cfrp_5e4_12in,6m,50100000,1847.1,-258.6,37.66661755344169,0.9186,True
sloper_20_to_40_feed20_end40_dedicated_angled_29ft_az180_cfrp_5e4_3in,sloper_20_to_40,20.0,40.0,dedicated_angled,dedicated_angled_29ft_az180,29.0,180.0,19.5,cfrp_5e4_3in,160m,1850000,9.9529,-1875.1,7070.500054932852,0.7637,True
sloper_20_to_40_feed20_end40_dedicated_angled_29ft_az180_cfrp_5e4_3in,sloper_20_to_40,20.0,40.0,dedicated_angled,dedicated_angled_29ft_az180,29.0,180.0,19.5,cfrp_5e4_3in,80m,3550000,24.506,-726.08,432.78370948306144,0.8454,True
sloper_20_to_40_feed20_end40_dedicated_angled_29ft_az180_cfrp_5e4_3in,sloper_20_to_40,20.0,40.0,dedicated_angled,dedicated_angled_29ft_az180,29.0,180.0,19.5,cfrp_5e4_3in,60m,5357000,66.063,-111.98,5.698870944070222,0.8994,True
sloper_20_to_40_feed20_end40_dedicated_angled_29ft_az180_cfrp_5e4_3in,sloper_20_to_40,20.0,40.0,dedicated_angled,dedicated_angled_29ft_az180,29.0,180.0,19.5,cfrp_5e4_3in,40m,7050000,231.02,526.65,28.81391916365793,0.9264,True
sloper_20_to_40_feed20_end40_dedicated_angled_29ft_az180_cfrp_5e4_3in,sloper_20_to_40,20.0,40.0,dedicated_angled,dedicated_angled_29ft_az180,29.0,180.0,19.5,cfrp_5e4_3in,30m,10120000,346.47,-896.35,53.43380832663765,0.9056000000000001,True
sloper_20_to_40_feed20_end40_dedicated_angled_29ft_az180_cfrp_5e4_3in,sloper_20_to_40,20.0,40.0,dedicated_angled,dedicated_angled_29ft_az180,29.0,180.0,19.5,cfrp_5e4_3in,20m,14050000,522.79,1071.7,54.47198315038333,0.9276000000000001,True
sloper_20_to_40_feed20_end40_dedicated_angled_29ft_az180_cfrp_5e4_3in,sloper_20_to_40,20.0,40.0,dedicated_angled,dedicated_angled_29ft_az180,29.0,180.0,19.5,cfrp_5e4_3in,17m,18080000,2431.1,-581.16,51.401664669651474,0.9159,True
sloper_20_to_40_feed20_end40_dedicated_angled_29ft_az180_cfrp_5e4_3in,sloper_20_to_40,20.0,40.0,dedicated_angled,dedicated_angled_29ft_az180,29.0,180.0,19.5,cfrp_5e4_3in,15m,21050000,157.29,-681.46,62.49628536090386,0.9031999999999999,True
sloper_20_to_40_feed20_end40_dedicated_angled_29ft_az180_cfrp_5e4_3in,sloper_20_to_40,20.0,40.0,dedicated_angled,dedicated_angled_29ft_az180,29.0,180.0,19.5,cfrp_5e4_3in,12m,24910000,198.68,291.97,12.727978458498411,0.8972,True
sloper_20_to_40_feed20_end40_dedicated_angled_29ft_az180_cfrp_5e4_3in,sloper_20_to_40,20.0,40.0,dedicated_angled,dedicated_angled_29ft_az180,29.0,180.0,19.5,cfrp_5e4_3in,10m,28050000,1246.9,-1060.9,43.00776001099786,0.8901,True
sloper_20_to_40_feed20_end40_dedicated_angled_29ft_az180_cfrp_5e4_3in,sloper_20_to_40,20.0,40.0,dedicated_angled,dedicated_angled_29ft_az180,29.0,180.0,19.5,cfrp_5e4_3in,6m,50100000,1702.3,-191.34,34.47650241072073,0.9161,True
sloper_20_to_40_feed20_end40_dedicated_angled_29ft_az180_none,sloper_20_to_40,20.0,40.0,dedicated_angled,dedicated_angled_29ft_az180,29.0,180.0,19.5,none,160m,1850000,10.019,-1876.5,7034.33987253335,0.7654000000000001,True
sloper_20_to_40_feed20_end40_dedicated_angled_29ft_az180_none,sloper_20_to_40,20.0,40.0,dedicated_angled,dedicated_angled_29ft_az180,29.0,180.0,19.5,none,80m,3550000,24.306,-727.02,437.46077837440316,0.8443999999999999,True
sloper_20_to_40_feed20_end40_dedicated_angled_29ft_az180_none,sloper_20_to_40,20.0,40.0,dedicated_angled,dedicated_angled_29ft_az180,29.0,180.0,19.5,none,60m,5357000,63.957,-113.76,5.93943610582248,0.8967,True
sloper_20_to_40_feed20_end40_dedicated_angled_29ft_az180_none,sloper_20_to_40,20.0,40.0,dedicated_angled,dedicated_angled_29ft_az180,29.0,180.0,19.5,none,40m,7050000,219.29,523.07,29.533409776637612,0.9238,True
sloper_20_to_40_feed20_end40_dedicated_angled_29ft_az180_none,sloper_20_to_40,20.0,40.0,dedicated_angled,dedicated_angled_29ft_az180,29.0,180.0,19.5,none,30m,10120000,366.83,-931.78,54.790691139220755,0.9084,True
sloper_20_to_40_feed20_end40_dedicated_angled_29ft_az180_none,sloper_20_to_40,20.0,40.0,dedicated_angled,dedicated_angled_29ft_az180,29.0,180.0,19.5,none,20m,14050000,584.4,1011.8,46.78775077227434,0.9438,True
sloper_20_to_40_feed20_end40_dedicated_angled_29ft_az180_none,sloper_20_to_40,20.0,40.0,dedicated_angled,dedicated_angled_29ft_az180,29.0,180.0,19.5,none,17m,18080000,2026.7,-305.85,41.45766824869415,0.9101,True
sloper_20_to_40_feed20_end40_dedicated_angled_29ft_az180_none,sloper_20_to_40,20.0,40.0,dedicated_angled,dedicated_angled_29ft_az180,29.0,180.0,19.5,none,15m,21050000,157.36,-683.86,62.88784412568679,0.9031,True
sloper_20_to_40_feed20_end40_dedicated_angled_29ft_az180_none,sloper_20_to_40,20.0,40.0,dedicated_angled,dedicated_angled_29ft_az180,29.0,180.0,19.5,none,12m,24910000,185.0,324.43,15.28374125333954,0.8962,True
sloper_20_to_40_feed20_end40_dedicated_angled_29ft_az180_none,sloper_20_to_40,20.0,40.0,dedicated_angled,dedicated_angled_29ft_az180,29.0,180.0,19.5,none,10m,28050000,1117.5,-1137.9,45.54623507143501,0.885,True
sloper_20_to_40_feed20_end40_dedicated_angled_29ft_az180_none,sloper_20_to_40,20.0,40.0,dedicated_angled,dedicated_angled_29ft_az180,29.0,180.0,19.5,none,6m,50100000,1956.5,-399.98,40.76643603140098,0.9286,True
sloper_20_to_40_feed20_end40_dedicated_angled_29ft_az90_cfrp_5e3_3in,sloper_20_to_40,20.0,40.0,dedicated_angled,dedicated_angled_29ft_az90,29.0,90.0,19.5,cfrp_5e3_3in,160m,1850000,11.262,-2473.3,10868.122306575164,0.7857,True
sloper_20_to_40_feed20_end40_dedicated_angled_29ft_az90_cfrp_5e3_3in,sloper_20_to_40,20.0,40.0,dedicated_angled,dedicated_angled_29ft_az90,29.0,90.0,19.5,cfrp_5e3_3in,80m,3550000,26.908,-1003.6,751.0295890118936,0.8554999999999999,True
sloper_20_to_40_feed20_end40_dedicated_angled_29ft_az90_cfrp_5e3_3in,sloper_20_to_40,20.0,40.0,dedicated_angled,dedicated_angled_29ft_az90,29.0,90.0,19.5,cfrp_5e3_3in,60m,5357000,68.53,-253.27,20.772537701644804,0.9009999999999999,True
sloper_20_to_40_feed20_end40_dedicated_angled_29ft_az90_cfrp_5e3_3in,sloper_20_to_40,20.0,40.0,dedicated_angled,dedicated_angled_29ft_az90,29.0,90.0,19.5,cfrp_5e3_3in,40m,7050000,228.7,471.05,24.15552267522762,0.925,True
sloper_20_to_40_feed20_end40_dedicated_angled_29ft_az90_cfrp_5e3_3in,sloper_20_to_40,20.0,40.0,dedicated_angled,dedicated_angled_29ft_az90,29.0,90.0,19.5,cfrp_5e3_3in,30m,10120000,395.94,-840.25,43.685173094317605,0.9161,True
sloper_20_to_40_feed20_end40_dedicated_angled_29ft_az90_cfrp_5e3_3in,sloper_20_to_40,20.0,40.0,dedicated_angled,dedicated_angled_29ft_az90,29.0,90.0,19.5,cfrp_5e3_3in,20m,14050000,1053.7,1843.2,85.5946552642321,0.9123,True
sloper_20_to_40_feed20_end40_dedicated_angled_29ft_az90_cfrp_5e3_3in,sloper_20_to_40,20.0,40.0,dedicated_angled,dedicated_angled_29ft_az90,29.0,90.0,19.5,cfrp_5e3_3in,17m,18080000,2252.5,-1126.9,56.32994876377307,0.9116,True
sloper_20_to_40_feed20_end40_dedicated_angled_29ft_az90_cfrp_5e3_3in,sloper_20_to_40,20.0,40.0,dedicated_angled,dedicated_angled_29ft_az90,29.0,90.0,19.5,cfrp_5e3_3in,15m,21050000,223.12,-846.46,68.89701892919676,0.9293,True
sloper_20_to_40_feed20_end40_dedicated_angled_29ft_az90_cfrp_5e3_3in,sloper_20_to_40,20.0,40.0,dedicated_angled,dedicated_angled_29ft_az90,29.0,90.0,19.5,cfrp_5e3_3in,12m,24910000,143.79,292.95,15.094089202702063,0.8392000000000001,True
sloper_20_to_40_feed20_end40_dedicated_angled_29ft_az90_cfrp_5e3_3in,sloper_20_to_40,20.0,40.0,dedicated_angled,dedicated_angled_29ft_az90,29.0,90.0,19.5,cfrp_5e3_3in,10m,28050000,1595.1,-1016.2,44.85898746666363,0.9067000000000001,True
sloper_20_to_40_feed20_end40_dedicated_angled_29ft_az90_cfrp_5e3_3in,sloper_20_to_40,20.0,40.0,dedicated_angled,dedicated_angled_29ft_az90,29.0,90.0,19.5,cfrp_5e3_3in,6m,50100000,1497.0,-436.73,32.49082652939782,0.8915000000000001,True
sloper_20_to_40_feed20_end40_dedicated_angled_29ft_az90_cfrp_5e4_12in,sloper_20_to_40,20.0,40.0,dedicated_angled,dedicated_angled_29ft_az90,29.0,90.0,19.5,cfrp_5e4_12in,160m,1850000,10.167,-1980.9,7724.143035458474,0.7609999999999999,True
sloper_20_to_40_feed20_end40_dedicated_angled_29ft_az90_cfrp_5e4_12in,sloper_20_to_40,20.0,40.0,dedicated_angled,dedicated_angled_29ft_az90,29.0,90.0,19.5,cfrp_5e4_12in,80m,3550000,24.78,-776.05,488.59169898328526,0.8426,True
sloper_20_to_40_feed20_end40_dedicated_angled_29ft_az90_cfrp_5e4_12in,sloper_20_to_40,20.0,40.0,dedicated_angled,dedicated_angled_29ft_az90,29.0,90.0,19.5,cfrp_5e4_12in,60m,5357000,63.784,-140.03,8.084254453701819,0.894,True
sloper_20_to_40_feed20_end40_dedicated_angled_29ft_az90_cfrp_5e4_12in,sloper_20_to_40,20.0,40.0,dedicated_angled,dedicated_angled_29ft_az90,29.0,90.0,19.5,cfrp_5e4_12in,40m,7050000,214.62,511.75,28.895576850490006,0.9214,True
sloper_20_to_40_feed20_end40_dedicated_angled_29ft_az90_cfrp_5e4_12in,sloper_20_to_40,20.0,40.0,dedicated_angled,dedicated_angled_29ft_az90,29.0,90.0,19.5,cfrp_5e4_12in,30m,10120000,394.6,-913.95,50.335620555331495,0.9179,True
sloper_20_to_40_feed20_end40_dedicated_angled_29ft_az90_cfrp_5e4_12in,sloper_20_to_40,20.0,40.0,dedicated_angled,dedicated_angled_29ft_az90,29.0,90.0,19.5,cfrp_5e4_12in,20m,14050000,1236.6,1576.7,64.96378277407159,0.8734000000000001,True
sloper_20_to_40_feed20_end40_dedicated_angled_29ft_az90_cfrp_5e4_12in,sloper_20_to_40,20.0,40.0,dedicated_angled,dedicated_angled_29ft_az90,29.0,90.0,19.5,cfrp_5e4_12in,17m,18080000,2266.9,-498.9,47.53498050607977,0.914,True
sloper_20_to_40_feed20_end40_dedicated_angled_29ft_az90_cfrp_5e4_12in,sloper_20_to_40,20.0,40.0,dedicated_angled,dedicated_angled_29ft_az90,29.0,90.0,19.5,cfrp_5e4_12in,15m,21050000,186.9,-680.19,53.495490473873296,0.9134,True
sloper_20_to_40_feed20_end40_dedicated_angled_29ft_az90_cfrp_5e4_12in,sloper_20_to_40,20.0,40.0,dedicated_angled,dedicated_angled_29ft_az90,29.0,90.0,19.5,cfrp_5e4_12in,12m,24910000,183.38,246.94,10.495581005782494,0.8859999999999999,True
sloper_20_to_40_feed20_end40_dedicated_angled_29ft_az90_cfrp_5e4_12in,sloper_20_to_40,20.0,40.0,dedicated_angled,dedicated_angled_29ft_az90,29.0,90.0,19.5,cfrp_5e4_12in,10m,28050000,1383.7,-1059.8,43.921753883754285,0.9018999999999999,True
sloper_20_to_40_feed20_end40_dedicated_angled_29ft_az90_cfrp_5e4_12in,sloper_20_to_40,20.0,40.0,dedicated_angled,dedicated_angled_29ft_az90,29.0,90.0,19.5,cfrp_5e4_12in,6m,50100000,1077.7,40.502,21.58450840872475,0.8957999999999999,True
sloper_20_to_40_feed20_end40_dedicated_angled_29ft_az90_cfrp_5e4_3in,sloper_20_to_40,20.0,40.0,dedicated_angled,dedicated_angled_29ft_az90,29.0,90.0,19.5,cfrp_5e4_3in,160m,1850000,11.289,-2473.3,10842.130001709826,0.7913,True
sloper_20_to_40_feed20_end40_dedicated_angled_29ft_az90_cfrp_5e4_3in,sloper_20_to_40,20.0,40.0,dedicated_angled,dedicated_angled_29ft_az90,29.0,90.0,19.5,cfrp_5e4_3in,80m,3550000,26.932,-1003.5,750.212229069667,0.8591,True
sloper_20_to_40_feed20_end40_dedicated_angled_29ft_az90_cfrp_5e4_3in,sloper_20_to_40,20.0,40.0,dedicated_angled,dedicated_angled_29ft_az90,29.0,90.0,19.5,cfrp_5e4_3in,60m,5357000,68.513,-253.2,20.766660941573797,0.9031999999999999,True
sloper_20_to_40_feed20_end40_dedicated_angled_29ft_az90_cfrp_5e4_3in,sloper_20_to_40,20.0,40.0,dedicated_angled,dedicated_angled_29ft_az90,29.0,90.0,19.5,cfrp_5e4_3in,40m,7050000,228.57,471.35,24.188878523297493,0.9264,True
sloper_20_to_40_feed20_end40_dedicated_angled_29ft_az90_cfrp_5e4_3in,sloper_20_to_40,20.0,40.0,dedicated_angled,dedicated_angled_29ft_az90,29.0,90.0,19.5,cfrp_5e4_3in,30m,10120000,395.91,-841.32,43.77822705506143,0.9194,True
sloper_20_to_40_feed20_end40_dedicated_angled_29ft_az90_cfrp_5e4_3in,sloper_20_to_40,20.0,40.0,dedicated_angled,dedicated_angled_29ft_az90,29.0,90.0,19.5,cfrp_5e4_3in,20m,14050000,1074.5,1857.8,85.76723471917282,0.941,True
sloper_20_to_40_feed20_end40_dedicated_angled_29ft_az90_cfrp_5e4_3in,sloper_20_to_40,20.0,40.0,dedicated_angled,dedicated_angled_29ft_az90,29.0,90.0,19.5,cfrp_5e4_3in,17m,18080000,2254.7,-1116.5,56.15591257627941,0.917,True
sloper_20_to_40_feed20_end40_dedicated_angled_29ft_az90_cfrp_5e4_3in,sloper_20_to_40,20.0,40.0,dedicated_angled,dedicated_angled_29ft_az90,29.0,90.0,19.5,cfrp_5e4_3in,15m,21050000,225.19,-845.88,68.25867552812386,0.9370999999999999,True
sloper_20_to_40_feed20_end40_dedicated_angled_29ft_az90_cfrp_5e4_3in,sloper_20_to_40,20.0,40.0,dedicated_angled,dedicated_angled_29ft_az90,29.0,90.0,19.5,cfrp_5e4_3in,12m,24910000,137.31,297.28,15.919915843026132,0.8571,True
sloper_20_to_40_feed20_end40_dedicated_angled_29ft_az90_cfrp_5e4_3in,sloper_20_to_40,20.0,40.0,dedicated_angled,dedicated_angled_29ft_az90,29.0,90.0,19.5,cfrp_5e4_3in,10m,28050000,1616.0,-1025.1,45.33420410017034,0.9139,True
sloper_20_to_40_feed20_end40_dedicated_angled_29ft_az90_cfrp_5e4_3in,sloper_20_to_40,20.0,40.0,dedicated_angled,dedicated_angled_29ft_az90,29.0,90.0,19.5,cfrp_5e4_3in,6m,50100000,1408.6,-393.48,30.372875551480714,0.9299,True
sloper_20_to_40_feed20_end40_dedicated_angled_29ft_az90_none,sloper_20_to_40,20.0,40.0,dedicated_angled,dedicated_angled_29ft_az90,29.0,90.0,19.5,none,160m,1850000,9.0546,-1939.8,8317.111681016935,0.7428,True
sloper_20_to_40_feed20_end40_dedicated_angled_29ft_az90_none,sloper_20_to_40,20.0,40.0,dedicated_angled,dedicated_angled_29ft_az90,29.0,90.0,19.5,none,80m,3550000,21.582,-761.16,539.6425990799618,0.8267,True
sloper_20_to_40_feed20_end40_dedicated_angled_29ft_az90_none,sloper_20_to_40,20.0,40.0,dedicated_angled,dedicated_angled_29ft_az90,29.0,90.0,19.5,none,60m,5357000,56.098,-137.44,8.631963981648944,0.8841,True
sloper_20_to_40_feed20_end40_dedicated_angled_29ft_az90_none,sloper_20_to_40,20.0,40.0,dedicated_angled,dedicated_angled_29ft_az90,29.0,90.0,19.5,none,40m,7050000,196.36,509.46,30.58522474324723,0.9167000000000001,True
sloper_20_to_40_feed20_end40_dedicated_angled_29ft_az90_none,sloper_20_to_40,20.0,40.0,dedicated_angled,dedicated_angled_29ft_az90,29.0,90.0,19.5,none,30m,10120000,411.39,-955.37,52.70343378969426,0.9205,True
sloper_20_to_40_feed20_end40_dedicated_angled_29ft_az90_none,sloper_20_to_40,20.0,40.0,dedicated_angled,dedicated_angled_29ft_az90,29.0,90.0,19.5,none,20m,14050000,493.99,1008.3,51.12297298082793,0.9346,True
sloper_20_to_40_feed20_end40_dedicated_angled_29ft_az90_none,sloper_20_to_40,20.0,40.0,dedicated_angled,dedicated_angled_29ft_az90,29.0,90.0,19.5,none,17m,18080000,1858.1,-701.29,42.459019043086286,0.9227,True
sloper_20_to_40_feed20_end40_dedicated_angled_29ft_az90_none,sloper_20_to_40,20.0,40.0,dedicated_angled,dedicated_angled_29ft_az90,29.0,90.0,19.5,none,15m,21050000,180.38,-669.37,53.545260489721336,0.9243000000000001,True
sloper_20_to_40_feed20_end40_dedicated_angled_29ft_az90_none,sloper_20_to_40,20.0,40.0,dedicated_angled,dedicated_angled_29ft_az90,29.0,90.0,19.5,none,12m,24910000,175.15,275.97,12.404334592433763,0.8968,True
sloper_20_to_40_feed20_end40_dedicated_angled_29ft_az90_none,sloper_20_to_40,20.0,40.0,dedicated_angled,dedicated_angled_29ft_az90,29.0,90.0,19.5,none,10m,28050000,1239.9,-1089.5,43.96244986308306,0.8979,True
sloper_20_to_40_feed20_end40_dedicated_angled_29ft_az90_none,sloper_20_to_40,20.0,40.0,dedicated_angled,dedicated_angled_29ft_az90,29.0,90.0,19.5,none,6m,50100000,1827.9,-317.09,37.65892623715059,0.9275,True
sloper_20_to_40_feed20_end40_dedicated_angled_33ft_az135_cfrp_5e3_3in,sloper_20_to_40,20.0,40.0,dedicated_angled,dedicated_angled_33ft_az135,33.0,135.0,19.5,cfrp_5e3_3in,160m,1850000,10.159,-1750.0,6034.261484600323,0.7561,True
sloper_20_to_40_feed20_end40_dedicated_angled_33ft_az135_cfrp_5e3_3in,sloper_20_to_40,20.0,40.0,dedicated_angled,dedicated_angled_33ft_az135,33.0,135.0,19.5,cfrp_5e3_3in,80m,3550000,25.176,-646.89,334.91956193326274,0.8409,True
sloper_20_to_40_feed20_end40_dedicated_angled_33ft_az135_cfrp_5e3_3in,sloper_20_to_40,20.0,40.0,dedicated_angled,dedicated_angled_33ft_az135,33.0,135.0,19.5,cfrp_5e3_3in,60m,5357000,67.881,-38.674,2.0461591627641305,0.8962,True
sloper_20_to_40_feed20_end40_dedicated_angled_33ft_az135_cfrp_5e3_3in,sloper_20_to_40,20.0,40.0,dedicated_angled,dedicated_angled_33ft_az135,33.0,135.0,19.5,cfrp_5e3_3in,40m,7050000,236.39,613.49,36.75524675858001,0.9242,True
sloper_20_to_40_feed20_end40_dedicated_angled_33ft_az135_cfrp_5e3_3in,sloper_20_to_40,20.0,40.0,dedicated_angled,dedicated_angled_33ft_az135,33.0,135.0,19.5,cfrp_5e3_3in,30m,10120000,373.74,-730.15,36.109761042351664,0.9035,True
sloper_20_to_40_feed20_end40_dedicated_angled_33ft_az135_cfrp_5e3_3in,sloper_20_to_40,20.0,40.0,dedicated_angled,dedicated_angled_33ft_az135,33.0,135.0,19.5,cfrp_5e3_3in,20m,14050000,3553.7,-548.57,72.76793725668092,0.9359999999999999,True
sloper_20_to_40_feed20_end40_dedicated_angled_33ft_az135_cfrp_5e3_3in,sloper_20_to_40,20.0,40.0,dedicated_angled,dedicated_angled_33ft_az135,33.0,135.0,19.5,cfrp_5e3_3in,17m,18080000,2368.6,-267.22,47.975208323357826,0.9078,True
sloper_20_to_40_feed20_end40_dedicated_angled_33ft_az135_cfrp_5e3_3in,sloper_20_to_40,20.0,40.0,dedicated_angled,dedicated_angled_33ft_az135,33.0,135.0,19.5,cfrp_5e3_3in,15m,21050000,128.26,-419.57,30.372441469343666,0.8858,True
sloper_20_to_40_feed20_end40_dedicated_angled_33ft_az135_cfrp_5e3_3in,sloper_20_to_40,20.0,40.0,dedicated_angled,dedicated_angled_33ft_az135,33.0,135.0,19.5,cfrp_5e3_3in,12m,24910000,270.97,669.66,38.67726761609761,0.9033,True
sloper_20_to_40_feed20_end40_dedicated_angled_33ft_az135_cfrp_5e3_3in,sloper_20_to_40,20.0,40.0,dedicated_angled,dedicated_angled_33ft_az135,33.0,135.0,19.5,cfrp_5e3_3in,10m,28050000,1835.9,-935.25,46.2523745044577,0.8935,True
sloper_20_to_40_feed20_end40_dedicated_angled_33ft_az135_cfrp_5e3_3in,sloper_20_to_40,20.0,40.0,dedicated_angled,dedicated_angled_33ft_az135,33.0,135.0,19.5,cfrp_5e3_3in,6m,50100000,146.17,-259.66,12.410217499582911,0.8779,True
sloper_20_to_40_feed20_end40_dedicated_angled_33ft_az135_cfrp_5e4_12in,sloper_20_to_40,20.0,40.0,dedicated_angled,dedicated_angled_33ft_az135,33.0,135.0,19.5,cfrp_5e4_12in,160m,1850000,9.9785,-1728.2,5991.43103109175,0.7521,True
sloper_20_to_40_feed20_end40_dedicated_angled_33ft_az135_cfrp_5e4_12in,sloper_20_to_40,20.0,40.0,dedicated_angled,dedicated_angled_33ft_az135,33.0,135.0,19.5,cfrp_5e4_12in,80m,3550000,24.85,-636.12,328.1789866046312,0.8393,True
sloper_20_to_40_feed20_end40_dedicated_angled_33ft_az135_cfrp_5e4_12in,sloper_20_to_40,20.0,40.0,dedicated_angled,dedicated_angled_33ft_az135,33.0,135.0,19.5,cfrp_5e4_12in,60m,5357000,67.874,-30.978,1.8306571574410044,0.8966,True
sloper_20_to_40_feed20_end40_dedicated_angled_33ft_az135_cfrp_5e4_12in,sloper_20_to_40,20.0,40.0,dedicated_angled,dedicated_angled_33ft_az135,33.0,135.0,19.5,cfrp_5e4_12in,40m,7050000,240.71,623.53,37.29868190244975,0.9261,True
sloper_20_to_40_feed20_end40_dedicated_angled_33ft_az135_cfrp_5e4_12in,sloper_20_to_40,20.0,40.0,dedicated_angled,dedicated_angled_33ft_az135,33.0,135.0,19.5,cfrp_5e4_12in,30m,10120000,384.42,-775.51,39.082393703082374,0.9078,True
sloper_20_to_40_feed20_end40_dedicated_angled_33ft_az135_cfrp_5e4_12in,sloper_20_to_40,20.0,40.0,dedicated_angled,dedicated_angled_33ft_az135,33.0,135.0,19.5,cfrp_5e4_12in,20m,14050000,3595.3,-250.71,72.25572104812515,0.9327,True
sloper_20_to_40_feed20_end40_dedicated_angled_33ft_az135_cfrp_5e4_12in,sloper_20_to_40,20.0,40.0,dedicated_angled,dedicated_angled_33ft_az135,33.0,135.0,19.5,cfrp_5e4_12in,17m,18080000,2413.8,-102.94,48.36383813146045,0.9124,True
sloper_20_to_40_feed20_end40_dedicated_angled_33ft_az135_cfrp_5e4_12in,sloper_20_to_40,20.0,40.0,dedicated_angled,dedicated_angled_33ft_az135,33.0,135.0,19.5,cfrp_5e4_12in,15m,21050000,125.92,-424.37,31.487578054894485,0.8864,True
sloper_20_to_40_feed20_end40_dedicated_angled_33ft_az135_cfrp_5e4_12in,sloper_20_to_40,20.0,40.0,dedicated_angled,dedicated_angled_33ft_az135,33.0,135.0,19.5,cfrp_5e4_12in,12m,24910000,265.68,660.68,38.334642992221916,0.9026000000000001,True
sloper_20_to_40_feed20_end40_dedicated_angled_33ft_az135_cfrp_5e4_12in,sloper_20_to_40,20.0,40.0,dedicated_angled,dedicated_angled_33ft_az135,33.0,135.0,19.5,cfrp_5e4_12in,10m,28050000,1778.6,-977.99,46.333780120206136,0.8987999999999999,True
sloper_20_to_40_feed20_end40_dedicated_angled_33ft_az135_cfrp_5e4_12in,sloper_20_to_40,20.0,40.0,dedicated_angled,dedicated_angled_33ft_az135,33.0,135.0,19.5,cfrp_5e4_12in,6m,50100000,147.31,-254.25,11.9786043863745,0.8795000000000001,True
sloper_20_to_40_feed20_end40_dedicated_angled_33ft_az135_cfrp_5e4_3in,sloper_20_to_40,20.0,40.0,dedicated_angled,dedicated_angled_33ft_az135,33.0,135.0,19.5,cfrp_5e4_3in,160m,1850000,10.16,-1750.0,6033.667601188043,0.7562000000000001,True
sloper_20_to_40_feed20_end40_dedicated_angled_33ft_az135_cfrp_5e4_3in,sloper_20_to_40,20.0,40.0,dedicated_angled,dedicated_angled_33ft_az135,33.0,135.0,19.5,cfrp_5e4_3in,80m,3550000,25.177,-646.88,334.89602160789474,0.8411,True
sloper_20_to_40_feed20_end40_dedicated_angled_33ft_az135_cfrp_5e4_3in,sloper_20_to_40,20.0,40.0,dedicated_angled,dedicated_angled_33ft_az135,33.0,135.0,19.5,cfrp_5e4_3in,60m,5357000,67.87,-38.658,2.0456417370165516,0.8965000000000001,True
sloper_20_to_40_feed20_end40_dedicated_angled_33ft_az135_cfrp_5e4_3in,sloper_20_to_40,20.0,40.0,dedicated_angled,dedicated_angled_33ft_az135,33.0,135.0,19.5,cfrp_5e4_3in,40m,7050000,236.36,613.65,36.77534400802097,0.9247,True
sloper_20_to_40_feed20_end40_dedicated_angled_33ft_az135_cfrp_5e4_3in,sloper_20_to_40,20.0,40.0,dedicated_angled,dedicated_angled_33ft_az135,33.0,135.0,19.5,cfrp_5e4_3in,30m,10120000,373.59,-730.43,36.14018633771661,0.9047,True
sloper_20_to_40_feed20_end40_dedicated_angled_33ft_az135_cfrp_5e4_3in,sloper_20_to_40,20.0,40.0,dedicated_angled,dedicated_angled_33ft_az135,33.0,135.0,19.5,cfrp_5e4_3in,20m,14050000,3565.7,-553.59,73.03327386216766,0.9390000000000001,True
sloper_20_to_40_feed20_end40_dedicated_angled_33ft_az135_cfrp_5e4_3in,sloper_20_to_40,20.0,40.0,dedicated_angled,dedicated_angled_33ft_az135,33.0,135.0,19.5,cfrp_5e4_3in,17m,18080000,2377.0,-259.8,48.10815788833198,0.9123,True
sloper_20_to_40_feed20_end40_dedicated_angled_33ft_az135_cfrp_5e4_3in,sloper_20_to_40,20.0,40.0,dedicated_angled,dedicated_angled_33ft_az135,33.0,135.0,19.5,cfrp_5e4_3in,15m,21050000,127.8,-419.81,30.495107087304415,0.8883,True
sloper_20_to_40_feed20_end40_dedicated_angled_33ft_az135_cfrp_5e4_3in,sloper_20_to_40,20.0,40.0,dedicated_angled,dedicated_angled_33ft_az135,33.0,135.0,19.5,cfrp_5e4_3in,12m,24910000,270.45,670.13,38.777496698633534,0.9048,True
sloper_20_to_40_feed20_end40_dedicated_angled_33ft_az135_cfrp_5e4_3in,sloper_20_to_40,20.0,40.0,dedicated_angled,dedicated_angled_33ft_az135,33.0,135.0,19.5,cfrp_5e4_3in,10m,28050000,1844.1,-955.22,46.78357111028643,0.9029,True
sloper_20_to_40_feed20_end40_dedicated_angled_33ft_az135_cfrp_5e4_3in,sloper_20_to_40,20.0,40.0,dedicated_angled,dedicated_angled_33ft_az135,33.0,135.0,19.5,cfrp_5e4_3in,6m,50100000,146.08,-259.72,12.418633123731464,0.8792,True
sloper_20_to_40_feed20_end40_dedicated_angled_33ft_az135_none,sloper_20_to_40,20.0,40.0,dedicated_angled,dedicated_angled_33ft_az135,33.0,135.0,19.5,none,160m,1850000,10.103,-1732.1,5944.318312638518,0.755,True
sloper_20_to_40_feed20_end40_dedicated_angled_33ft_az135_none,sloper_20_to_40,20.0,40.0,dedicated_angled,dedicated_angled_33ft_az135,33.0,135.0,19.5,none,80m,3550000,24.78,-637.74,330.76885406117106,0.8388,True
sloper_20_to_40_feed20_end40_dedicated_angled_33ft_az135_none,sloper_20_to_40,20.0,40.0,dedicated_angled,dedicated_angled_33ft_az135,33.0,135.0,19.5,none,60m,5357000,65.851,-32.358,1.8553230264772675,0.8937999999999999,True
sloper_20_to_40_feed20_end40_dedicated_angled_33ft_az135_none,sloper_20_to_40,20.0,40.0,dedicated_angled,dedicated_angled_33ft_az135,33.0,135.0,19.5,none,40m,7050000,227.88,622.62,38.77401283036114,0.9229,True
sloper_20_to_40_feed20_end40_dedicated_angled_33ft_az135_none,sloper_20_to_40,20.0,40.0,dedicated_angled,dedicated_angled_33ft_az135,33.0,135.0,19.5,none,30m,10120000,398.18,-809.86,41.00834021758005,0.9085,True
sloper_20_to_40_feed20_end40_dedicated_angled_33ft_az135_none,sloper_20_to_40,20.0,40.0,dedicated_angled,dedicated_angled_33ft_az135,33.0,135.0,19.5,none,20m,14050000,3337.1,157.43,66.89057066105623,0.9420999999999999,True
sloper_20_to_40_feed20_end40_dedicated_angled_33ft_az135_none,sloper_20_to_40,20.0,40.0,dedicated_angled,dedicated_angled_33ft_az135,33.0,135.0,19.5,none,17m,18080000,2189.8,181.97,44.098586856330115,0.9112,True
sloper_20_to_40_feed20_end40_dedicated_angled_33ft_az135_none,sloper_20_to_40,20.0,40.0,dedicated_angled,dedicated_angled_33ft_az135,33.0,135.0,19.5,none,15m,21050000,126.24,-423.93,31.36120321800102,0.8854000000000001,True
sloper_20_to_40_feed20_end40_dedicated_angled_33ft_az135_none,sloper_20_to_40,20.0,40.0,dedicated_angled,dedicated_angled_33ft_az135,33.0,135.0,19.5,none,12m,24910000,289.41,661.91,36.21045396048523,0.9120999999999999,True
sloper_20_to_40_feed20_end40_dedicated_angled_33ft_az135_none,sloper_20_to_40,20.0,40.0,dedicated_angled,dedicated_angled_33ft_az135,33.0,135.0,19.5,none,10m,28050000,1560.5,-798.76,39.39374743137621,0.8937,True
sloper_20_to_40_feed20_end40_dedicated_angled_33ft_az135_none,sloper_20_to_40,20.0,40.0,dedicated_angled,dedicated_angled_33ft_az135,33.0,135.0,19.5,none,6m,50100000,143.12,-253.84,12.133638149304286,0.8755,True
sloper_20_to_40_feed20_end40_dedicated_angled_33ft_az180_cfrp_5e3_3in,sloper_20_to_40,20.0,40.0,dedicated_angled,dedicated_angled_33ft_az180,33.0,180.0,19.5,cfrp_5e3_3in,160m,1850000,10.374,-1716.7,5686.65205063126,0.7608,True
sloper_20_to_40_feed20_end40_dedicated_angled_33ft_az180_cfrp_5e3_3in,sloper_20_to_40,20.0,40.0,dedicated_angled,dedicated_angled_33ft_az180,33.0,180.0,19.5,cfrp_5e3_3in,80m,3550000,25.92,-629.13,307.84891469343535,0.8452,True
sloper_20_to_40_feed20_end40_dedicated_angled_33ft_az180_cfrp_5e3_3in,sloper_20_to_40,20.0,40.0,dedicated_angled,dedicated_angled_33ft_az180,33.0,180.0,19.5,cfrp_5e3_3in,60m,5357000,70.564,-25.576,1.7258243637878956,0.8998,True
sloper_20_to_40_feed20_end40_dedicated_angled_33ft_az180_cfrp_5e3_3in,sloper_20_to_40,20.0,40.0,dedicated_angled,dedicated_angled_33ft_az180,33.0,180.0,19.5,cfrp_5e3_3in,40m,7050000,246.56,626.32,36.926892209887576,0.9269,True
sloper_20_to_40_feed20_end40_dedicated_angled_33ft_az180_cfrp_5e3_3in,sloper_20_to_40,20.0,40.0,dedicated_angled,dedicated_angled_33ft_az180,33.0,180.0,19.5,cfrp_5e3_3in,30m,10120000,362.93,-749.62,38.33659287426564,0.9001,True
sloper_20_to_40_feed20_end40_dedicated_angled_33ft_az180_cfrp_5e3_3in,sloper_20_to_40,20.0,40.0,dedicated_angled,dedicated_angled_33ft_az180,33.0,180.0,19.5,cfrp_5e3_3in,20m,14050000,3515.9,-341.49,70.98149320872699,0.9314,True
sloper_20_to_40_feed20_end40_dedicated_angled_33ft_az180_cfrp_5e3_3in,sloper_20_to_40,20.0,40.0,dedicated_angled,dedicated_angled_33ft_az180,33.0,180.0,19.5,cfrp_5e3_3in,17m,18080000,2445.9,-280.63,49.56222660572089,0.9098999999999999,True
sloper_20_to_40_feed20_end40_dedicated_angled_33ft_az180_cfrp_5e3_3in,sloper_20_to_40,20.0,40.0,dedicated_angled,dedicated_angled_33ft_az180,33.0,180.0,19.5,cfrp_5e3_3in,15m,21050000,116.59,-415.9,32.401771180311954,0.8721,True
sloper_20_to_40_feed20_end40_dedicated_angled_33ft_az180_cfrp_5e3_3in,sloper_20_to_40,20.0,40.0,dedicated_angled,dedicated_angled_33ft_az180,33.0,180.0,19.5,cfrp_5e3_3in,12m,24910000,294.64,663.19,35.889439508123665,0.9114,True
sloper_20_to_40_feed20_end40_dedicated_angled_33ft_az180_cfrp_5e3_3in,sloper_20_to_40,20.0,40.0,dedicated_angled,dedicated_angled_33ft_az180,33.0,180.0,19.5,cfrp_5e3_3in,10m,28050000,1769.6,-797.87,42.59158330867508,0.8881,True
sloper_20_to_40_feed20_end40_dedicated_angled_33ft_az180_cfrp_5e3_3in,sloper_20_to_40,20.0,40.0,dedicated_angled,dedicated_angled_33ft_az180,33.0,180.0,19.5,cfrp_5e3_3in,6m,50100000,125.82,-248.62,12.660255507467408,0.8522,True
sloper_20_to_40_feed20_end40_dedicated_angled_33ft_az180_cfrp_5e4_12in,sloper_20_to_40,20.0,40.0,dedicated_angled,dedicated_angled_33ft_az180,33.0,180.0,19.5,cfrp_5e4_12in,160m,1850000,10.321,-1715.2,5705.876315467124,0.7597,True
sloper_20_to_40_feed20_end40_dedicated_angled_33ft_az180_cfrp_5e4_12in,sloper_20_to_40,20.0,40.0,dedicated_angled,dedicated_angled_33ft_az180,33.0,180.0,19.5,cfrp_5e4_12in,80m,3550000,25.805,-628.72,308.81655367428226,0.8447,True
sloper_20_to_40_feed20_end40_dedicated_angled_33ft_az180_cfrp_5e4_12in,sloper_20_to_40,20.0,40.0,dedicated_angled,dedicated_angled_33ft_az180,33.0,180.0,19.5,cfrp_5e4_12in,60m,5357000,70.499,-25.724,1.7283488549662847,0.9001,True
sloper_20_to_40_feed20_end40_dedicated_angled_33ft_az180_cfrp_5e4_12in,sloper_20_to_40,20.0,40.0,dedicated_angled,dedicated_angled_33ft_az180,33.0,180.0,19.5,cfrp_5e4_12in,40m,7050000,247.76,625.28,36.690544181782506,0.9279000000000001,True
sloper_20_to_40_feed20_end40_dedicated_angled_33ft_az180_cfrp_5e4_12in,sloper_20_to_40,20.0,40.0,dedicated_angled,dedicated_angled_33ft_az180,33.0,180.0,19.5,cfrp_5e4_12in,30m,10120000,369.52,-764.81,39.15931750972916,0.9037000000000001,True
sloper_20_to_40_feed20_end40_dedicated_angled_33ft_az180_cfrp_5e4_12in,sloper_20_to_40,20.0,40.0,dedicated_angled,dedicated_angled_33ft_az180,33.0,180.0,19.5,cfrp_5e4_12in,20m,14050000,3551.9,-155.04,71.17337631554898,0.935,True
sloper_20_to_40_feed20_end40_dedicated_angled_33ft_az180_cfrp_5e4_12in,sloper_20_to_40,20.0,40.0,dedicated_angled,dedicated_angled_33ft_az180,33.0,180.0,19.5,cfrp_5e4_12in,17m,18080000,2422.2,-128.49,48.58037765870081,0.9124,True
sloper_20_to_40_feed20_end40_dedicated_angled_33ft_az180_cfrp_5e4_12in,sloper_20_to_40,20.0,40.0,dedicated_angled,dedicated_angled_33ft_az180,33.0,180.0,19.5,cfrp_5e4_12in,15m,21050000,115.67,-415.28,32.53380450560917,0.8742,True
sloper_20_to_40_feed20_end40_dedicated_angled_33ft_az180_cfrp_5e4_12in,sloper_20_to_40,20.0,40.0,dedicated_angled,dedicated_angled_33ft_az180,33.0,180.0,19.5,cfrp_5e4_12in,12m,24910000,294.57,663.69,35.940258406023325,0.9131,True
sloper_20_to_40_feed20_end40_dedicated_angled_33ft_az180_cfrp_5e4_12in,sloper_20_to_40,20.0,40.0,dedicated_angled,dedicated_angled_33ft_az180,33.0,180.0,19.5,cfrp_5e4_12in,10m,28050000,1730.1,-822.64,42.43042402445929,0.8962,True
sloper_20_to_40_feed20_end40_dedicated_angled_33ft_az180_cfrp_5e4_12in,sloper_20_to_40,20.0,40.0,dedicated_angled,dedicated_angled_33ft_az180,33.0,180.0,19.5,cfrp_5e4_12in,6m,50100000,124.96,-247.09,12.591591798717813,0.8512000000000001,True
sloper_20_to_40_feed20_end40_dedicated_angled_33ft_az180_cfrp_5e4_3in,sloper_20_to_40,20.0,40.0,dedicated_angled,dedicated_angled_33ft_az180,33.0,180.0,19.5,cfrp_5e4_3in,160m,1850000,10.373,-1716.7,5687.200227385356,0.7608,True
sloper_20_to_40_feed20_end40_dedicated_angled_33ft_az180_cfrp_5e4_3in,sloper_20_to_40,20.0,40.0,dedicated_angled,dedicated_angled_33ft_az180,33.0,180.0,19.5,cfrp_5e4_3in,80m,3550000,25.919,-629.13,307.8607522882817,0.8453,True
sloper_20_to_40_feed20_end40_dedicated_angled_33ft_az180_cfrp_5e4_3in,sloper_20_to_40,20.0,40.0,dedicated_angled,dedicated_angled_33ft_az180,33.0,180.0,19.5,cfrp_5e4_3in,60m,5357000,70.552,-25.564,1.72543002655783,0.9001,True
sloper_20_to_40_feed20_end40_dedicated_angled_33ft_az180_cfrp_5e4_3in,sloper_20_to_40,20.0,40.0,dedicated_angled,dedicated_angled_33ft_az180,33.0,180.0,19.5,cfrp_5e4_3in,40m,7050000,246.51,626.48,36.948666266190216,0.9274,True
sloper_20_to_40_feed20_end40_dedicated_angled_33ft_az180_cfrp_5e4_3in,sloper_20_to_40,20.0,40.0,dedicated_angled,dedicated_angled_33ft_az180,33.0,180.0,19.5,cfrp_5e4_3in,30m,10120000,362.89,-749.85,38.35824339076002,0.9016,True
sloper_20_to_40_feed20_end40_dedicated_angled_33ft_az180_cfrp_5e4_3in,sloper_20_to_40,20.0,40.0,dedicated_angled,dedicated_angled_33ft_az180,33.0,180.0,19.5,cfrp_5e4_3in,20m,14050000,3533.2,-339.05,71.31484183341867,0.9351,True
sloper_20_to_40_feed20_end40_dedicated_angled_33ft_az180_cfrp_5e4_3in,sloper_20_to_40,20.0,40.0,dedicated_angled,dedicated_angled_33ft_az180,33.0,180.0,19.5,cfrp_5e4_3in,17m,18080000,2454.6,-273.35,49.70106753884227,0.9143000000000001,True
sloper_20_to_40_feed20_end40_dedicated_angled_33ft_az180_cfrp_5e4_3in,sloper_20_to_40,20.0,40.0,dedicated_angled,dedicated_angled_33ft_az180,33.0,180.0,19.5,cfrp_5e4_3in,15m,21050000,116.28,-416.11,32.50597025263228,0.8753,True
sloper_20_to_40_feed20_end40_dedicated_angled_33ft_az180_cfrp_5e4_3in,sloper_20_to_40,20.0,40.0,dedicated_angled,dedicated_angled_33ft_az180,33.0,180.0,19.5,cfrp_5e4_3in,12m,24910000,294.05,663.28,35.94604625908061,0.9131,True
sloper_20_to_40_feed20_end40_dedicated_angled_33ft_az180_cfrp_5e4_3in,sloper_20_to_40,20.0,40.0,dedicated_angled,dedicated_angled_33ft_az180,33.0,180.0,19.5,cfrp_5e4_3in,10m,28050000,1780.8,-816.44,43.1071132213294,0.8987999999999999,True
sloper_20_to_40_feed20_end40_dedicated_angled_33ft_az180_cfrp_5e4_3in,sloper_20_to_40,20.0,40.0,dedicated_angled,dedicated_angled_33ft_az180,33.0,180.0,19.5,cfrp_5e4_3in,6m,50100000,125.84,-248.71,12.666181473265919,0.8531,True
sloper_20_to_40_feed20_end40_dedicated_angled_33ft_az180_none,sloper_20_to_40,20.0,40.0,dedicated_angled,dedicated_angled_33ft_az180,33.0,180.0,19.5,none,160m,1850000,10.426,-1717.0,5660.267810045154,0.7620999999999999,True
sloper_20_to_40_feed20_end40_dedicated_angled_33ft_az180_none,sloper_20_to_40,20.0,40.0,dedicated_angled,dedicated_angled_33ft_az180,33.0,180.0,19.5,none,80m,3550000,25.718,-629.43,310.55245333123673,0.8443,True
sloper_20_to_40_feed20_end40_dedicated_angled_33ft_az180_none,sloper_20_to_40,20.0,40.0,dedicated_angled,dedicated_angled_33ft_az180,33.0,180.0,19.5,none,60m,5357000,68.581,-26.534,1.7269492761612273,0.8976999999999999,True
sloper_20_to_40_feed20_end40_dedicated_angled_33ft_az180_none,sloper_20_to_40,20.0,40.0,dedicated_angled,dedicated_angled_33ft_az180,33.0,180.0,19.5,none,40m,7050000,235.69,624.98,38.04489151060909,0.9251999999999999,True
sloper_20_to_40_feed20_end40_dedicated_angled_33ft_az180_none,sloper_20_to_40,20.0,40.0,dedicated_angled,dedicated_angled_33ft_az180,33.0,180.0,19.5,none,30m,10120000,383.5,-798.67,41.041919878,0.9045000000000001,True
sloper_20_to_40_feed20_end40_dedicated_angled_33ft_az180_none,sloper_20_to_40,20.0,40.0,dedicated_angled,dedicated_angled_33ft_az180,33.0,180.0,19.5,none,20m,14050000,3318.2,102.44,66.42726523173064,0.9423,True
sloper_20_to_40_feed20_end40_dedicated_angled_33ft_az180_none,sloper_20_to_40,20.0,40.0,dedicated_angled,dedicated_angled_33ft_az180,33.0,180.0,19.5,none,17m,18080000,2238.7,167.73,45.025461250454356,0.9116,True
sloper_20_to_40_feed20_end40_dedicated_angled_33ft_az180_none,sloper_20_to_40,20.0,40.0,dedicated_angled,dedicated_angled_33ft_az180,33.0,180.0,19.5,none,15m,21050000,115.8,-417.39,32.806141754320265,0.8726999999999999,True
sloper_20_to_40_feed20_end40_dedicated_angled_33ft_az180_none,sloper_20_to_40,20.0,40.0,dedicated_angled,dedicated_angled_33ft_az180,33.0,180.0,19.5,none,12m,24910000,315.56,660.52,34.09189859931124,0.9201,True
sloper_20_to_40_feed20_end40_dedicated_angled_33ft_az180_none,sloper_20_to_40,20.0,40.0,dedicated_angled,dedicated_angled_33ft_az180,33.0,180.0,19.5,none,10m,28050000,1496.9,-656.5,35.70185677647046,0.8886,True
sloper_20_to_40_feed20_end40_dedicated_angled_33ft_az180_none,sloper_20_to_40,20.0,40.0,dedicated_angled,dedicated_angled_33ft_az180,33.0,180.0,19.5,none,6m,50100000,122.78,-244.68,12.535183132651841,0.8482,True
sloper_20_to_40_feed20_end40_dedicated_angled_33ft_az90_cfrp_5e3_3in,sloper_20_to_40,20.0,40.0,dedicated_angled,dedicated_angled_33ft_az90,33.0,90.0,19.5,cfrp_5e3_3in,160m,1850000,11.748,-2265.8,8744.446013499675,0.7828,True
sloper_20_to_40_feed20_end40_dedicated_angled_33ft_az90_cfrp_5e3_3in,sloper_20_to_40,20.0,40.0,dedicated_angled,dedicated_angled_33ft_az90,33.0,90.0,19.5,cfrp_5e3_3in,80m,3550000,28.293,-872.29,540.1956096387527,0.855,True
sloper_20_to_40_feed20_end40_dedicated_angled_33ft_az90_cfrp_5e3_3in,sloper_20_to_40,20.0,40.0,dedicated_angled,dedicated_angled_33ft_az90,33.0,90.0,19.5,cfrp_5e3_3in,60m,5357000,72.008,-131.24,6.770728259987631,0.9012,True
sloper_20_to_40_feed20_end40_dedicated_angled_33ft_az90_cfrp_5e3_3in,sloper_20_to_40,20.0,40.0,dedicated_angled,dedicated_angled_33ft_az90,33.0,90.0,19.5,cfrp_5e3_3in,40m,7050000,238.15,619.62,37.188677334150874,0.9256,True
sloper_20_to_40_feed20_end40_dedicated_angled_33ft_az90_cfrp_5e3_3in,sloper_20_to_40,20.0,40.0,dedicated_angled,dedicated_angled_33ft_az90,33.0,90.0,19.5,cfrp_5e3_3in,30m,10120000,443.84,-632.37,26.972016213779423,0.9029,True
sloper_20_to_40_feed20_end40_dedicated_angled_33ft_az90_cfrp_5e3_3in,sloper_20_to_40,20.0,40.0,dedicated_angled,dedicated_angled_33ft_az90,33.0,90.0,19.5,cfrp_5e3_3in,20m,14050000,3557.0,-2011.2,93.88687173993274,0.868,True
sloper_20_to_40_feed20_end40_dedicated_angled_33ft_az90_cfrp_5e3_3in,sloper_20_to_40,20.0,40.0,dedicated_angled,dedicated_angled_33ft_az90,33.0,90.0,19.5,cfrp_5e3_3in,17m,18080000,2224.9,-440.37,46.242078633378014,0.9042,True
sloper_20_to_40_feed20_end40_dedicated_angled_33ft_az90_cfrp_5e3_3in,sloper_20_to_40,20.0,40.0,dedicated_angled,dedicated_angled_33ft_az90,33.0,90.0,19.5,cfrp_5e3_3in,15m,21050000,182.66,-466.22,27.690346859514104,0.924,True
sloper_20_to_40_feed20_end40_dedicated_angled_33ft_az90_cfrp_5e3_3in,sloper_20_to_40,20.0,40.0,dedicated_angled,dedicated_angled_33ft_az90,33.0,90.0,19.5,cfrp_5e3_3in,12m,24910000,316.97,782.37,45.097098602979536,0.9188,True
sloper_20_to_40_feed20_end40_dedicated_angled_33ft_az90_cfrp_5e3_3in,sloper_20_to_40,20.0,40.0,dedicated_angled,dedicated_angled_33ft_az90,33.0,90.0,19.5,cfrp_5e3_3in,10m,28050000,2529.6,-1403.5,66.17075420269217,0.9194,True
sloper_20_to_40_feed20_end40_dedicated_angled_33ft_az90_cfrp_5e3_3in,sloper_20_to_40,20.0,40.0,dedicated_angled,dedicated_angled_33ft_az90,33.0,90.0,19.5,cfrp_5e3_3in,6m,50100000,166.1,-305.98,14.828767050095852,0.8968,True
sloper_20_to_40_feed20_end40_dedicated_angled_33ft_az90_cfrp_5e4_12in,sloper_20_to_40,20.0,40.0,dedicated_angled,dedicated_angled_33ft_az90,33.0,90.0,19.5,cfrp_5e4_12in,160m,1850000,8.7843,-1673.3,6380.724668087924,0.7206,True
sloper_20_to_40_feed20_end40_dedicated_angled_33ft_az90_cfrp_5e4_12in,sloper_20_to_40,20.0,40.0,dedicated_angled,dedicated_angled_33ft_az90,33.0,90.0,19.5,cfrp_5e4_12in,80m,3550000,21.778,-615.01,350.08583984202045,0.8183,True
sloper_20_to_40_feed20_end40_dedicated_angled_33ft_az90_cfrp_5e4_12in,sloper_20_to_40,20.0,40.0,dedicated_angled,dedicated_angled_33ft_az90,33.0,90.0,19.5,cfrp_5e4_12in,60m,5357000,59.588,-25.881,1.6493892366734617,0.8837,True
sloper_20_to_40_feed20_end40_dedicated_angled_33ft_az90_cfrp_5e4_12in,sloper_20_to_40,20.0,40.0,dedicated_angled,dedicated_angled_33ft_az90,33.0,90.0,19.5,cfrp_5e4_12in,40m,7050000,217.57,624.07,40.35763361912706,0.9194,True
sloper_20_to_40_feed20_end40_dedicated_angled_33ft_az90_cfrp_5e4_12in,sloper_20_to_40,20.0,40.0,dedicated_angled,dedicated_angled_33ft_az90,33.0,90.0,19.5,cfrp_5e4_12in,30m,10120000,430.12,-834.42,41.06929690662725,0.9192,True
sloper_20_to_40_feed20_end40_dedicated_angled_33ft_az90_cfrp_5e4_12in,sloper_20_to_40,20.0,40.0,dedicated_angled,dedicated_angled_33ft_az90,33.0,90.0,19.5,cfrp_5e4_12in,20m,14050000,3114.7,-524.69,64.06218697695321,0.9265000000000001,True
sloper_20_to_40_feed20_end40_dedicated_angled_33ft_az90_cfrp_5e4_12in,sloper_20_to_40,20.0,40.0,dedicated_angled,dedicated_angled_33ft_az90,33.0,90.0,19.5,cfrp_5e4_12in,17m,18080000,2397.1,-83.706,48.000485173818284,0.917,True
sloper_20_to_40_feed20_end40_dedicated_angled_33ft_az90_cfrp_5e4_12in,sloper_20_to_40,20.0,40.0,dedicated_angled,dedicated_angled_33ft_az90,33.0,90.0,19.5,cfrp_5e4_12in,15m,21050000,141.12,-415.92,27.65719633309907,0.9043000000000001,True
sloper_20_to_40_feed20_end40_dedicated_angled_33ft_az90_cfrp_5e4_12in,sloper_20_to_40,20.0,40.0,dedicated_angled,dedicated_angled_33ft_az90,33.0,90.0,19.5,cfrp_5e4_12in,12m,24910000,219.31,606.49,38.132272252078444,0.8856,True
sloper_20_to_40_feed20_end40_dedicated_angled_33ft_az90_cfrp_5e4_12in,sloper_20_to_40,20.0,40.0,dedicated_angled,dedicated_angled_33ft_az90,33.0,90.0,19.5,cfrp_5e4_12in,10m,28050000,1912.2,-1288.6,55.61949375983465,0.8970999999999999,True
sloper_20_to_40_feed20_end40_dedicated_angled_33ft_az90_cfrp_5e4_12in,sloper_20_to_40,20.0,40.0,dedicated_angled,dedicated_angled_33ft_az90,33.0,90.0,19.5,cfrp_5e4_12in,6m,50100000,178.35,-222.01,9.266592061507568,0.903,True
sloper_20_to_40_feed20_end40_dedicated_angled_33ft_az90_cfrp_5e4_3in,sloper_20_to_40,20.0,40.0,dedicated_angled,dedicated_angled_33ft_az90,33.0,90.0,19.5,cfrp_5e4_3in,160m,1850000,11.769,-2265.8,8728.843711358375,0.7887000000000001,True
sloper_20_to_40_feed20_end40_dedicated_angled_33ft_az90_cfrp_5e4_3in,sloper_20_to_40,20.0,40.0,dedicated_angled,dedicated_angled_33ft_az90,33.0,90.0,19.5,cfrp_5e4_3in,80m,3550000,28.307,-872.26,539.892021271274,0.8583,True
sloper_20_to_40_feed20_end40_dedicated_angled_33ft_az90_cfrp_5e4_3in,sloper_20_to_40,20.0,40.0,dedicated_angled,dedicated_angled_33ft_az90,33.0,90.0,19.5,cfrp_5e4_3in,60m,5357000,71.987,-131.19,6.768205811444203,0.9028,True
sloper_20_to_40_feed20_end40_dedicated_angled_33ft_az90_cfrp_5e4_3in,sloper_20_to_40,20.0,40.0,dedicated_angled,dedicated_angled_33ft_az90,33.0,90.0,19.5,cfrp_5e4_3in,40m,7050000,238.1,619.86,37.219501923809254,0.9262,True
sloper_20_to_40_feed20_end40_dedicated_angled_33ft_az90_cfrp_5e4_3in,sloper_20_to_40,20.0,40.0,dedicated_angled,dedicated_angled_33ft_az90,33.0,90.0,19.5,cfrp_5e4_3in,30m,10120000,443.76,-634.19,27.07772105043101,0.9165000000000001,True
sloper_20_to_40_feed20_end40_dedicated_angled_33ft_az90_cfrp_5e4_3in,sloper_20_to_40,20.0,40.0,dedicated_angled,dedicated_angled_33ft_az90,33.0,90.0,19.5,cfrp_5e4_3in,20m,14050000,3495.0,-2019.1,93.23270653940087,0.9322,True
sloper_20_to_40_feed20_end40_dedicated_angled_33ft_az90_cfrp_5e4_3in,sloper_20_to_40,20.0,40.0,dedicated_angled,dedicated_angled_33ft_az90,33.0,90.0,19.5,cfrp_5e4_3in,17m,18080000,2235.1,-432.24,46.37460154421606,0.9098,True
sloper_20_to_40_feed20_end40_dedicated_angled_33ft_az90_cfrp_5e4_3in,sloper_20_to_40,20.0,40.0,dedicated_angled,dedicated_angled_33ft_az90,33.0,90.0,19.5,cfrp_5e4_3in,15m,21050000,181.0,-466.54,27.911196570409466,0.9257,True
sloper_20_to_40_feed20_end40_dedicated_angled_33ft_az90_cfrp_5e4_3in,sloper_20_to_40,20.0,40.0,dedicated_angled,dedicated_angled_33ft_az90,33.0,90.0,19.5,cfrp_5e4_3in,12m,24910000,318.94,782.65,44.92436017125248,0.9204000000000001,True
sloper_20_to_40_feed20_end40_dedicated_angled_33ft_az90_cfrp_5e4_3in,sloper_20_to_40,20.0,40.0,dedicated_angled,dedicated_angled_33ft_az90,33.0,90.0,19.5,cfrp_5e4_3in,10m,28050000,2517.5,-1435.2,66.71871807780299,0.9269,True
sloper_20_to_40_feed20_end40_dedicated_angled_33ft_az90_cfrp_5e4_3in,sloper_20_to_40,20.0,40.0,dedicated_angled,dedicated_angled_33ft_az90,33.0,90.0,19.5,cfrp_5e4_3in,6m,50100000,163.09,-305.45,14.942956895683253,0.9007,True
sloper_20_to_40_feed20_end40_dedicated_angled_33ft_az90_none,sloper_20_to_40,20.0,40.0,dedicated_angled,dedicated_angled_33ft_az90,33.0,90.0,19.5,none,160m,1850000,9.2584,-1780.6,6854.579647530362,0.7345999999999999,True
sloper_20_to_40_feed20_end40_dedicated_angled_33ft_az90_none,sloper_20_to_40,20.0,40.0,dedicated_angled,dedicated_angled_33ft_az90,33.0,90.0,19.5,none,80m,3550000,22.347,-663.83,397.07060753196646,0.8229000000000001,True
sloper_20_to_40_feed20_end40_dedicated_angled_33ft_az90_none,sloper_20_to_40,20.0,40.0,dedicated_angled,dedicated_angled_33ft_az90,33.0,90.0,19.5,none,60m,5357000,58.656,-50.319,2.4867569278847292,0.8823000000000001,True
sloper_20_to_40_feed20_end40_dedicated_angled_33ft_az90_none,sloper_20_to_40,20.0,40.0,dedicated_angled,dedicated_angled_33ft_az90,33.0,90.0,19.5,none,40m,7050000,206.16,613.76,40.8858329968566,0.9161,True
sloper_20_to_40_feed20_end40_dedicated_angled_33ft_az90_none,sloper_20_to_40,20.0,40.0,dedicated_angled,dedicated_angled_33ft_az90,33.0,90.0,19.5,none,30m,10120000,445.03,-832.98,40.17048085060204,0.9198000000000001,True
sloper_20_to_40_feed20_end40_dedicated_angled_33ft_az90_none,sloper_20_to_40,20.0,40.0,dedicated_angled,dedicated_angled_33ft_az90,33.0,90.0,19.5,none,20m,14050000,3337.3,328.62,67.39332039181387,0.9414,True
sloper_20_to_40_feed20_end40_dedicated_angled_33ft_az90_none,sloper_20_to_40,20.0,40.0,dedicated_angled,dedicated_angled_33ft_az90,33.0,90.0,19.5,none,17m,18080000,2041.1,101.96,40.923926100232784,0.9154000000000001,True
sloper_20_to_40_feed20_end40_dedicated_angled_33ft_az90_none,sloper_20_to_40,20.0,40.0,dedicated_angled,dedicated_angled_33ft_az90,33.0,90.0,19.5,none,15m,21050000,146.59,-425.16,27.899166349263858,0.9073,True
sloper_20_to_40_feed20_end40_dedicated_angled_33ft_az90_none,sloper_20_to_40,20.0,40.0,dedicated_angled,dedicated_angled_33ft_az90,33.0,90.0,19.5,none,12m,24910000,250.29,633.56,37.2533803550514,0.9015000000000001,True
sloper_20_to_40_feed20_end40_dedicated_angled_33ft_az90_none,sloper_20_to_40,20.0,40.0,dedicated_angled,dedicated_angled_33ft_az90,33.0,90.0,19.5,none,10m,28050000,1841.4,-1003.0,47.760782315166885,0.9046,True
sloper_20_to_40_feed20_end40_dedicated_angled_33ft_az90_none,sloper_20_to_40,20.0,40.0,dedicated_angled,dedicated_angled_33ft_az90,33.0,90.0,19.5,none,6m,50100000,153.23,-238.76,10.738406760225313,0.894,True
sloper_20_to_40_feed20_end40_dedicated_angled_37ft_az135_cfrp_5e3_3in,sloper_20_to_40,20.0,40.0,dedicated_angled,dedicated_angled_37ft_az135,37.0,135.0,19.5,cfrp_5e3_3in,160m,1850000,10.531,-1622.1,5002.0305891050575,0.7525,True
sloper_20_to_40_feed20_end40_dedicated_angled_37ft_az135_cfrp_5e3_3in,sloper_20_to_40,20.0,40.0,dedicated_angled,dedicated_angled_37ft_az135,37.0,135.0,19.5,cfrp_5e3_3in,80m,3550000,26.471,-565.14,243.7221887141926,0.8401000000000001,True
sloper_20_to_40_feed20_end40_dedicated_angled_37ft_az135_cfrp_5e3_3in,sloper_20_to_40,20.0,40.0,dedicated_angled,dedicated_angled_37ft_az135,37.0,135.0,19.5,cfrp_5e3_3in,60m,5357000,72.345,40.484,2.1192650714590715,0.8963,True
sloper_20_to_40_feed20_end40_dedicated_angled_37ft_az135_cfrp_5e3_3in,sloper_20_to_40,20.0,40.0,dedicated_angled,dedicated_angled_37ft_az135,37.0,135.0,19.5,cfrp_5e3_3in,40m,7050000,253.66,716.99,45.781047044040534,0.9248999999999999,True
sloper_20_to_40_feed20_end40_dedicated_angled_37ft_az135_cfrp_5e3_3in,sloper_20_to_40,20.0,40.0,dedicated_angled,dedicated_angled_37ft_az135,37.0,135.0,19.5,cfrp_5e3_3in,30m,10120000,432.04,-492.05,19.914221445943703,0.9011,True
sloper_20_to_40_feed20_end40_dedicated_angled_37ft_az135_cfrp_5e3_3in,sloper_20_to_40,20.0,40.0,dedicated_angled,dedicated_angled_37ft_az135,37.0,135.0,19.5,cfrp_5e3_3in,20m,14050000,428.42,-1134.6,68.76660069255074,0.9218000000000001,True
sloper_20_to_40_feed20_end40_dedicated_angled_37ft_az135_cfrp_5e3_3in,sloper_20_to_40,20.0,40.0,dedicated_angled,dedicated_angled_37ft_az135,37.0,135.0,19.5,cfrp_5e3_3in,17m,18080000,2413.7,-119.78,48.392932696813595,0.9079,True
sloper_20_to_40_feed20_end40_dedicated_angled_37ft_az135_cfrp_5e3_3in,sloper_20_to_40,20.0,40.0,dedicated_angled,dedicated_angled_37ft_az135,37.0,135.0,19.5,cfrp_5e3_3in,15m,21050000,144.67,-156.15,6.454912848166858,0.8679000000000001,True
sloper_20_to_40_feed20_end40_dedicated_angled_37ft_az135_cfrp_5e3_3in,sloper_20_to_40,20.0,40.0,dedicated_angled,dedicated_angled_37ft_az135,37.0,135.0,19.5,cfrp_5e3_3in,12m,24910000,1251.9,1206.8,48.323740297828515,0.9124,True
sloper_20_to_40_feed20_end40_dedicated_angled_37ft_az135_cfrp_5e3_3in,sloper_20_to_40,20.0,40.0,dedicated_angled,dedicated_angled_37ft_az135,37.0,135.0,19.5,cfrp_5e3_3in,10m,28050000,1139.2,-1561.9,65.64151169988538,0.9062,True
sloper_20_to_40_feed20_end40_dedicated_angled_37ft_az135_cfrp_5e3_3in,sloper_20_to_40,20.0,40.0,dedicated_angled,dedicated_angled_37ft_az135,37.0,135.0,19.5,cfrp_5e3_3in,6m,50100000,344.35,324.89,13.086380354415498,0.8549,True
sloper_20_to_40_feed20_end40_dedicated_angled_37ft_az135_cfrp_5e4_12in,sloper_20_to_40,20.0,40.0,dedicated_angled,dedicated_angled_37ft_az135,37.0,135.0,19.5,cfrp_5e4_12in,160m,1850000,10.363,-1602.5,4961.137773477769,0.7487999999999999,True
sloper_20_to_40_feed20_end40_dedicated_angled_37ft_az135_cfrp_5e4_12in,sloper_20_to_40,20.0,40.0,dedicated_angled,dedicated_angled_37ft_az135,37.0,135.0,19.5,cfrp_5e4_12in,80m,3550000,26.187,-555.66,238.23904885522856,0.8386,True
sloper_20_to_40_feed20_end40_dedicated_angled_37ft_az135_cfrp_5e4_12in,sloper_20_to_40,20.0,40.0,dedicated_angled,dedicated_angled_37ft_az135,37.0,135.0,19.5,cfrp_5e4_12in,60m,5357000,72.442,47.025,2.318193051050366,0.8967,True
sloper_20_to_40_feed20_end40_dedicated_angled_37ft_az135_cfrp_5e4_12in,sloper_20_to_40,20.0,40.0,dedicated_angled,dedicated_angled_37ft_az135,37.0,135.0,19.5,cfrp_5e4_12in,40m,7050000,258.45,726.08,46.1372397463879,0.9266,True
sloper_20_to_40_feed20_end40_dedicated_angled_37ft_az135_cfrp_5e4_12in,sloper_20_to_40,20.0,40.0,dedicated_angled,dedicated_angled_37ft_az135,37.0,135.0,19.5,cfrp_5e4_12in,30m,10120000,439.04,-558.7,23.070804755675965,0.9044,True
sloper_20_to_40_feed20_end40_dedicated_angled_37ft_az135_cfrp_5e4_12in,sloper_20_to_40,20.0,40.0,dedicated_angled,dedicated_angled_37ft_az135,37.0,135.0,19.5,cfrp_5e4_12in,20m,14050000,419.32,-1106.2,66.8555805139066,0.9213,True
sloper_20_to_40_feed20_end40_dedicated_angled_37ft_az135_cfrp_5e4_12in,sloper_20_to_40,20.0,40.0,dedicated_angled,dedicated_angled_37ft_az135,37.0,135.0,19.5,cfrp_5e4_12in,17m,18080000,2499.6,41.185,50.00557723644671,0.9133,True
sloper_20_to_40_feed20_end40_dedicated_angled_37ft_az135_cfrp_5e4_12in,sloper_20_to_40,20.0,40.0,dedicated_angled,dedicated_angled_37ft_az135,37.0,135.0,19.5,cfrp_5e4_12in,15m,21050000,136.34,-186.96,8.097517119966673,0.8745999999999999,True
sloper_20_to_40_feed20_end40_dedicated_angled_37ft_az135_cfrp_5e4_12in,sloper_20_to_40,20.0,40.0,dedicated_angled,dedicated_angled_37ft_az135,37.0,135.0,19.5,cfrp_5e4_12in,12m,24910000,1222.1,1238.2,49.552974801459925,0.9259000000000001,True
sloper_20_to_40_feed20_end40_dedicated_angled_37ft_az135_cfrp_5e4_12in,sloper_20_to_40,20.0,40.0,dedicated_angled,dedicated_angled_37ft_az135,37.0,135.0,19.5,cfrp_5e4_12in,10m,28050000,1124.5,-1571.6,66.44874467068605,0.9072,True
sloper_20_to_40_feed20_end40_dedicated_angled_37ft_az135_cfrp_5e4_12in,sloper_20_to_40,20.0,40.0,dedicated_angled,dedicated_angled_37ft_az135,37.0,135.0,19.5,cfrp_5e4_12in,6m,50100000,317.4,345.43,13.952565828508092,0.8748,True
sloper_20_to_40_feed20_end40_dedicated_angled_37ft_az135_cfrp_5e4_3in,sloper_20_to_40,20.0,40.0,dedicated_angled,dedicated_angled_37ft_az135,37.0,135.0,19.5,cfrp_5e4_3in,160m,1850000,10.533,-1622.1,5001.080886323291,0.7526,True
sloper_20_to_40_feed20_end40_dedicated_angled_37ft_az135_cfrp_5e4_3in,sloper_20_to_40,20.0,40.0,dedicated_angled,dedicated_angled_37ft_az135,37.0,135.0,19.5,cfrp_5e4_3in,80m,3550000,26.472,-565.13,243.70448210632912,0.8402,True
sloper_20_to_40_feed20_end40_dedicated_angled_37ft_az135_cfrp_5e4_3in,sloper_20_to_40,20.0,40.0,dedicated_angled,dedicated_angled_37ft_az135,37.0,135.0,19.5,cfrp_5e4_3in,60m,5357000,72.337,40.5,2.119682874493201,0.8965000000000001,True
sloper_20_to_40_feed20_end40_dedicated_angled_37ft_az135_cfrp_5e4_3in,sloper_20_to_40,20.0,40.0,dedicated_angled,dedicated_angled_37ft_az135,37.0,135.0,19.5,cfrp_5e4_3in,40m,7050000,253.64,717.15,45.80196218255942,0.9254000000000001,True
sloper_20_to_40_feed20_end40_dedicated_angled_37ft_az135_cfrp_5e4_3in,sloper_20_to_40,20.0,40.0,dedicated_angled,dedicated_angled_37ft_az135,37.0,135.0,19.5,cfrp_5e4_3in,30m,10120000,431.73,-492.41,19.93261655548625,0.9022,True
sloper_20_to_40_feed20_end40_dedicated_angled_37ft_az135_cfrp_5e4_3in,sloper_20_to_40,20.0,40.0,dedicated_angled,dedicated_angled_37ft_az135,37.0,135.0,19.5,cfrp_5e4_3in,20m,14050000,428.43,-1135.1,68.81838335603317,0.925,True
sloper_20_to_40_feed20_end40_dedicated_angled_37ft_az135_cfrp_5e4_3in,sloper_20_to_40,20.0,40.0,dedicated_angled,dedicated_angled_37ft_az135,37.0,135.0,19.5,cfrp_5e4_3in,17m,18080000,2424.3,-114.75,48.59467593481299,0.9125,True
sloper_20_to_40_feed20_end40_dedicated_angled_37ft_az135_cfrp_5e4_3in,sloper_20_to_40,20.0,40.0,dedicated_angled,dedicated_angled_37ft_az135,37.0,135.0,19.5,cfrp_5e4_3in,15m,21050000,142.01,-156.7,6.49655174511107,0.8784000000000001,True
sloper_20_to_40_feed20_end40_dedicated_angled_37ft_az135_cfrp_5e4_3in,sloper_20_to_40,20.0,40.0,dedicated_angled,dedicated_angled_37ft_az135,37.0,135.0,19.5,cfrp_5e4_3in,12m,24910000,1239.4,1182.2,47.3600244069494,0.9286,True
sloper_20_to_40_feed20_end40_dedicated_angled_37ft_az135_cfrp_5e4_3in,sloper_20_to_40,20.0,40.0,dedicated_angled,dedicated_angled_37ft_az135,37.0,135.0,19.5,cfrp_5e4_3in,10m,28050000,1141.5,-1558.5,65.41519047279232,0.9093000000000001,True
sloper_20_to_40_feed20_end40_dedicated_angled_37ft_az135_cfrp_5e4_3in,sloper_20_to_40,20.0,40.0,dedicated_angled,dedicated_angled_37ft_az135,37.0,135.0,19.5,cfrp_5e4_3in,6m,50100000,347.54,311.82,12.610796902450806,0.8808,True
sloper_20_to_40_feed20_end40_dedicated_angled_37ft_az135_none,sloper_20_to_40,20.0,40.0,dedicated_angled,dedicated_angled_37ft_az135,37.0,135.0,19.5,none,160m,1850000,10.469,-1605.0,4926.228854145831,0.7511,True
sloper_20_to_40_feed20_end40_dedicated_angled_37ft_az135_none,sloper_20_to_40,20.0,40.0,dedicated_angled,dedicated_angled_37ft_az135,37.0,135.0,19.5,none,80m,3550000,26.099,-556.58,239.8229916059467,0.8381000000000001,True
sloper_20_to_40_feed20_end40_dedicated_angled_37ft_az135_none,sloper_20_to_40,20.0,40.0,dedicated_angled,dedicated_angled_37ft_az135,37.0,135.0,19.5,none,60m,5357000,70.502,46.299,2.2908080331268295,0.8942,True
sloper_20_to_40_feed20_end40_dedicated_angled_37ft_az135_none,sloper_20_to_40,20.0,40.0,dedicated_angled,dedicated_angled_37ft_az135,37.0,135.0,19.5,none,40m,7050000,246.31,726.76,47.9957872813317,0.9238,True
sloper_20_to_40_feed20_end40_dedicated_angled_37ft_az135_none,sloper_20_to_40,20.0,40.0,dedicated_angled,dedicated_angled_37ft_az135,37.0,135.0,19.5,none,30m,10120000,449.58,-612.96,25.77828751595068,0.9051,True
sloper_20_to_40_feed20_end40_dedicated_angled_37ft_az135_none,sloper_20_to_40,20.0,40.0,dedicated_angled,dedicated_angled_37ft_az135,37.0,135.0,19.5,none,20m,14050000,471.43,-1172.2,67.81288796775667,0.9246,True
sloper_20_to_40_feed20_end40_dedicated_angled_37ft_az135_none,sloper_20_to_40,20.0,40.0,dedicated_angled,dedicated_angled_37ft_az135,37.0,135.0,19.5,none,17m,18080000,2359.9,340.02,48.17824887612294,0.914,True
sloper_20_to_40_feed20_end40_dedicated_angled_37ft_az135_none,sloper_20_to_40,20.0,40.0,dedicated_angled,dedicated_angled_37ft_az135,37.0,135.0,19.5,none,15m,21050000,136.17,-199.08,8.79800940978637,0.8759999999999999,True
sloper_20_to_40_feed20_end40_dedicated_angled_37ft_az135_none,sloper_20_to_40,20.0,40.0,dedicated_angled,dedicated_angled_37ft_az135,37.0,135.0,19.5,none,12m,24910000,1292.6,1361.5,54.553803311124874,0.9303,True
sloper_20_to_40_feed20_end40_dedicated_angled_37ft_az135_none,sloper_20_to_40,20.0,40.0,dedicated_angled,dedicated_angled_37ft_az135,37.0,135.0,19.5,none,10m,28050000,1168.5,-1602.6,67.35732342354949,0.9098999999999999,True
sloper_20_to_40_feed20_end40_dedicated_angled_37ft_az135_none,sloper_20_to_40,20.0,40.0,dedicated_angled,dedicated_angled_37ft_az135,37.0,135.0,19.5,none,6m,50100000,328.27,393.72,16.09998833347983,0.8837999999999999,True
sloper_20_to_40_feed20_end40_dedicated_angled_37ft_az180_cfrp_5e3_3in,sloper_20_to_40,20.0,40.0,dedicated_angled,dedicated_angled_37ft_az180,37.0,180.0,19.5,cfrp_5e3_3in,160m,1850000,10.793,-1590.4,4691.908707183604,0.7581,True
sloper_20_to_40_feed20_end40_dedicated_angled_37ft_az180_cfrp_5e3_3in,sloper_20_to_40,20.0,40.0,dedicated_angled,dedicated_angled_37ft_az180,37.0,180.0,19.5,cfrp_5e3_3in,80m,3550000,27.386,-548.43,222.0253345372052,0.8451000000000001,True
sloper_20_to_40_feed20_end40_dedicated_angled_37ft_az180_cfrp_5e3_3in,sloper_20_to_40,20.0,40.0,dedicated_angled,dedicated_angled_37ft_az180,37.0,180.0,19.5,cfrp_5e3_3in,60m,5357000,75.597,52.404,2.4998490175300314,0.9004000000000001,True
sloper_20_to_40_feed20_end40_dedicated_angled_37ft_az180_cfrp_5e3_3in,sloper_20_to_40,20.0,40.0,dedicated_angled,dedicated_angled_37ft_az180,37.0,180.0,19.5,cfrp_5e3_3in,40m,7050000,265.73,727.61,45.326882077840224,0.9279000000000001,True
sloper_20_to_40_feed20_end40_dedicated_angled_37ft_az180_cfrp_5e3_3in,sloper_20_to_40,20.0,40.0,dedicated_angled,dedicated_angled_37ft_az180,37.0,180.0,19.5,cfrp_5e3_3in,30m,10120000,414.4,-521.55,21.490231830118788,0.8964,True
sloper_20_to_40_feed20_end40_dedicated_angled_37ft_az180_cfrp_5e3_3in,sloper_20_to_40,20.0,40.0,dedicated_angled,dedicated_angled_37ft_az180,37.0,180.0,19.5,cfrp_5e3_3in,20m,14050000,405.27,-1114.9,69.5563183961459,0.9151,True
sloper_20_to_40_feed20_end40_dedicated_angled_37ft_az180_cfrp_5e3_3in,sloper_20_to_40,20.0,40.0,dedicated_angled,dedicated_angled_37ft_az180,37.0,180.0,19.5,cfrp_5e3_3in,17m,18080000,2482.7,-162.44,49.866650860560526,0.9104000000000001,True
sloper_20_to_40_feed20_end40_dedicated_angled_37ft_az180_cfrp_5e3_3in,sloper_20_to_40,20.0,40.0,dedicated_angled,dedicated_angled_37ft_az180,37.0,180.0,19.5,cfrp_5e3_3in,15m,21050000,132.46,-159.92,6.739752524392442,0.8551000000000001,True
sloper_20_to_40_feed20_end40_dedicated_angled_37ft_az180_cfrp_5e3_3in,sloper_20_to_40,20.0,40.0,dedicated_angled,dedicated_angled_37ft_az180,37.0,180.0,19.5,cfrp_5e3_3in,12m,24910000,1246.7,1176.5,47.157957902190084,0.9170999999999999,True
sloper_20_to_40_feed20_end40_dedicated_angled_37ft_az180_cfrp_5e3_3in,sloper_20_to_40,20.0,40.0,dedicated_angled,dedicated_angled_37ft_az180,37.0,180.0,19.5,cfrp_5e3_3in,10m,28050000,1194.9,-1608.8,67.2463804618762,0.9045000000000001,True
sloper_20_to_40_feed20_end40_dedicated_angled_37ft_az180_cfrp_5e3_3in,sloper_20_to_40,20.0,40.0,dedicated_angled,dedicated_angled_37ft_az180,37.0,180.0,19.5,cfrp_5e3_3in,6m,50100000,355.51,374.03,15.05471432647797,0.8593000000000001,True
sloper_20_to_40_feed20_end40_dedicated_angled_37ft_az180_cfrp_5e4_12in,sloper_20_to_40,20.0,40.0,dedicated_angled,dedicated_angled_37ft_az180,37.0,180.0,19.5,cfrp_5e4_12in,160m,1850000,10.749,-1589.1,4703.422154120183,0.7572,True
sloper_20_to_40_feed20_end40_dedicated_angled_37ft_az180_cfrp_5e4_12in,sloper_20_to_40,20.0,40.0,dedicated_angled,dedicated_angled_37ft_az180,37.0,180.0,19.5,cfrp_5e4_12in,80m,3550000,27.292,-548.07,222.49702846869232,0.8445999999999999,True
sloper_20_to_40_feed20_end40_dedicated_angled_37ft_az180_cfrp_5e4_12in,sloper_20_to_40,20.0,40.0,dedicated_angled,dedicated_angled_37ft_az180,37.0,180.0,19.5,cfrp_5e4_12in,60m,5357000,75.582,52.332,2.497443762110242,0.9006000000000001,True
sloper_20_to_40_feed20_end40_dedicated_angled_37ft_az180_cfrp_5e4_12in,sloper_20_to_40,20.0,40.0,dedicated_angled,dedicated_angled_37ft_az180,37.0,180.0,19.5,cfrp_5e4_12in,40m,7050000,267.14,726.98,45.07504469208335,0.9288,True
sloper_20_to_40_feed20_end40_dedicated_angled_37ft_az180_cfrp_5e4_12in,sloper_20_to_40,20.0,40.0,dedicated_angled,dedicated_angled_37ft_az180,37.0,180.0,19.5,cfrp_5e4_12in,30m,10120000,419.07,-544.61,22.611642367849978,0.8996999999999999,True
sloper_20_to_40_feed20_end40_dedicated_angled_37ft_az180_cfrp_5e4_12in,sloper_20_to_40,20.0,40.0,dedicated_angled,dedicated_angled_37ft_az180,37.0,180.0,19.5,cfrp_5e4_12in,20m,14050000,417.51,-1132.4,69.88314723050654,0.9176000000000001,True
sloper_20_to_40_feed20_end40_dedicated_angled_37ft_az180_cfrp_5e4_12in,sloper_20_to_40,20.0,40.0,dedicated_angled,dedicated_angled_37ft_az180,37.0,180.0,19.5,cfrp_5e4_12in,17m,18080000,2491.7,-7.2718,49.834424612725535,0.9136,True
sloper_20_to_40_feed20_end40_dedicated_angled_37ft_az180_cfrp_5e4_12in,sloper_20_to_40,20.0,40.0,dedicated_angled,dedicated_angled_37ft_az180,37.0,180.0,19.5,cfrp_5e4_12in,15m,21050000,129.33,-167.18,7.1556025388570275,0.8665999999999999,True
sloper_20_to_40_feed20_end40_dedicated_angled_37ft_az180_cfrp_5e4_12in,sloper_20_to_40,20.0,40.0,dedicated_angled,dedicated_angled_37ft_az180,37.0,180.0,19.5,cfrp_5e4_12in,12m,24910000,1259.3,1191.0,47.73284169382213,0.9309000000000001,True
sloper_20_to_40_feed20_end40_dedicated_angled_37ft_az180_cfrp_5e4_12in,sloper_20_to_40,20.0,40.0,dedicated_angled,dedicated_angled_37ft_az180,37.0,180.0,19.5,cfrp_5e4_12in,10m,28050000,1196.0,-1616.0,67.6168495828512,0.9061,True
sloper_20_to_40_feed20_end40_dedicated_angled_37ft_az180_cfrp_5e4_12in,sloper_20_to_40,20.0,40.0,dedicated_angled,dedicated_angled_37ft_az180,37.0,180.0,19.5,cfrp_5e4_12in,6m,50100000,350.43,387.66,15.664349596222074,0.8818,True
sloper_20_to_40_feed20_end40_dedicated_angled_37ft_az180_cfrp_5e4_3in,sloper_20_to_40,20.0,40.0,dedicated_angled,dedicated_angled_37ft_az180,37.0,180.0,19.5,cfrp_5e4_3in,160m,1850000,10.792,-1590.4,4692.343425256628,0.7581,True
sloper_20_to_40_feed20_end40_dedicated_angled_37ft_az180_cfrp_5e4_3in,sloper_20_to_40,20.0,40.0,dedicated_angled,dedicated_angled_37ft_az180,37.0,180.0,19.5,cfrp_5e4_3in,80m,3550000,27.385,-548.43,222.033402417444,0.8451000000000001,True
sloper_20_to_40_feed20_end40_dedicated_angled_37ft_az180_cfrp_5e4_3in,sloper_20_to_40,20.0,40.0,dedicated_angled,dedicated_angled_37ft_az180,37.0,180.0,19.5,cfrp_5e4_3in,60m,5357000,75.587,52.417,2.500258750026786,0.9006000000000001,True
sloper_20_to_40_feed20_end40_dedicated_angled_37ft_az180_cfrp_5e4_3in,sloper_20_to_40,20.0,40.0,dedicated_angled,dedicated_angled_37ft_az180,37.0,180.0,19.5,cfrp_5e4_3in,40m,7050000,265.69,727.77,45.34964913909619,0.9284,True
sloper_20_to_40_feed20_end40_dedicated_angled_37ft_az180_cfrp_5e4_3in,sloper_20_to_40,20.0,40.0,dedicated_angled,dedicated_angled_37ft_az180,37.0,180.0,19.5,cfrp_5e4_3in,30m,10120000,414.26,-521.83,21.506047993047392,0.8979,True
sloper_20_to_40_feed20_end40_dedicated_angled_37ft_az180_cfrp_5e4_3in,sloper_20_to_40,20.0,40.0,dedicated_angled,dedicated_angled_37ft_az180,37.0,180.0,19.5,cfrp_5e4_3in,20m,14050000,405.08,-1115.5,69.64743995604739,0.917,True
sloper_20_to_40_feed20_end40_dedicated_angled_37ft_az180_cfrp_5e4_3in,sloper_20_to_40,20.0,40.0,dedicated_angled,dedicated_angled_37ft_az180,37.0,180.0,19.5,cfrp_5e4_3in,17m,18080000,2493.2,-157.04,50.061909873706725,0.9148000000000001,True
sloper_20_to_40_feed20_end40_dedicated_angled_37ft_az180_cfrp_5e4_3in,sloper_20_to_40,20.0,40.0,dedicated_angled,dedicated_angled_37ft_az180,37.0,180.0,19.5,cfrp_5e4_3in,15m,21050000,130.62,-160.38,6.7862410583345545,0.8671,True
sloper_20_to_40_feed20_end40_dedicated_angled_37ft_az180_cfrp_5e4_3in,sloper_20_to_40,20.0,40.0,dedicated_angled,dedicated_angled_37ft_az180,37.0,180.0,19.5,cfrp_5e4_3in,12m,24910000,1237.1,1158.8,46.470014980487186,0.9309000000000001,True
sloper_20_to_40_feed20_end40_dedicated_angled_37ft_az180_cfrp_5e4_3in,sloper_20_to_40,20.0,40.0,dedicated_angled,dedicated_angled_37ft_az180,37.0,180.0,19.5,cfrp_5e4_3in,10m,28050000,1197.4,-1605.6,67.03399016216707,0.9077,True
sloper_20_to_40_feed20_end40_dedicated_angled_37ft_az180_cfrp_5e4_3in,sloper_20_to_40,20.0,40.0,dedicated_angled,dedicated_angled_37ft_az180,37.0,180.0,19.5,cfrp_5e4_3in,6m,50100000,357.6,364.19,14.641551119114062,0.8815999999999999,True
sloper_20_to_40_feed20_end40_dedicated_angled_37ft_az180_none,sloper_20_to_40,20.0,40.0,dedicated_angled,dedicated_angled_37ft_az180,37.0,180.0,19.5,none,160m,1850000,10.838,-1590.2,4671.25555681131,0.7591,True
sloper_20_to_40_feed20_end40_dedicated_angled_37ft_az180_none,sloper_20_to_40,20.0,40.0,dedicated_angled,dedicated_angled_37ft_az180,37.0,180.0,19.5,none,80m,3550000,27.195,-548.42,223.56902549052742,0.8441,True
sloper_20_to_40_feed20_end40_dedicated_angled_37ft_az180_none,sloper_20_to_40,20.0,40.0,dedicated_angled,dedicated_angled_37ft_az180,37.0,180.0,19.5,none,60m,5357000,73.756,51.941,2.481636631742888,0.8985,True
sloper_20_to_40_feed20_end40_dedicated_angled_37ft_az180_none,sloper_20_to_40,20.0,40.0,dedicated_angled,dedicated_angled_37ft_az180,37.0,180.0,19.5,none,40m,7050000,255.76,727.97,46.72973410723678,0.9264,True
sloper_20_to_40_feed20_end40_dedicated_angled_37ft_az180_none,sloper_20_to_40,20.0,40.0,dedicated_angled,dedicated_angled_37ft_az180,37.0,180.0,19.5,none,30m,10120000,430.83,-594.65,25.108054667862135,0.9004000000000001,True
sloper_20_to_40_feed20_end40_dedicated_angled_37ft_az180_none,sloper_20_to_40,20.0,40.0,dedicated_angled,dedicated_angled_37ft_az180,37.0,180.0,19.5,none,20m,14050000,450.7,-1174.8,70.35567911781993,0.9198999999999999,True
sloper_20_to_40_feed20_end40_dedicated_angled_37ft_az180_none,sloper_20_to_40,20.0,40.0,dedicated_angled,dedicated_angled_37ft_az180,37.0,180.0,19.5,none,17m,18080000,2377.0,294.8,48.27155176536376,0.9148000000000001,True
sloper_20_to_40_feed20_end40_dedicated_angled_37ft_az180_none,sloper_20_to_40,20.0,40.0,dedicated_angled,dedicated_angled_37ft_az180,37.0,180.0,19.5,none,15m,21050000,128.84,-183.47,8.066181847089837,0.8674,True
sloper_20_to_40_feed20_end40_dedicated_angled_37ft_az180_none,sloper_20_to_40,20.0,40.0,dedicated_angled,dedicated_angled_37ft_az180,37.0,180.0,19.5,none,12m,24910000,1308.8,1279.9,51.2274451368626,0.9347,True
sloper_20_to_40_feed20_end40_dedicated_angled_37ft_az180_none,sloper_20_to_40,20.0,40.0,dedicated_angled,dedicated_angled_37ft_az180,37.0,180.0,19.5,none,10m,28050000,1228.6,-1647.4,68.77733270100374,0.9089,True
sloper_20_to_40_feed20_end40_dedicated_angled_37ft_az180_none,sloper_20_to_40,20.0,40.0,dedicated_angled,dedicated_angled_37ft_az180,37.0,180.0,19.5,none,6m,50100000,358.36,433.92,17.758649563747507,0.8909,True
sloper_20_to_40_feed20_end40_dedicated_angled_37ft_az90_cfrp_5e3_3in,sloper_20_to_40,20.0,40.0,dedicated_angled,dedicated_angled_37ft_az90,37.0,90.0,19.5,cfrp_5e3_3in,160m,1850000,11.424,-2003.1,7029.1317165825,0.7728,True
sloper_20_to_40_feed20_end40_dedicated_angled_37ft_az90_cfrp_5e3_3in,sloper_20_to_40,20.0,40.0,dedicated_angled,dedicated_angled_37ft_az90,37.0,90.0,19.5,cfrp_5e3_3in,80m,3550000,27.869,-723.31,377.8035444174181,0.8489,True
sloper_20_to_40_feed20_end40_dedicated_angled_37ft_az90_cfrp_5e3_3in,sloper_20_to_40,20.0,40.0,dedicated_angled,dedicated_angled_37ft_az90,37.0,90.0,19.5,cfrp_5e3_3in,60m,5357000,73.209,-7.8838,1.4954338241955838,0.8985,True
sloper_20_to_40_feed20_end40_dedicated_angled_37ft_az90_cfrp_5e3_3in,sloper_20_to_40,20.0,40.0,dedicated_angled,dedicated_angled_37ft_az90,37.0,90.0,19.5,cfrp_5e3_3in,40m,7050000,251.42,767.79,52.10183939462533,0.9253,True
sloper_20_to_40_feed20_end40_dedicated_angled_37ft_az90_cfrp_5e3_3in,sloper_20_to_40,20.0,40.0,dedicated_angled,dedicated_angled_37ft_az90,37.0,90.0,19.5,cfrp_5e3_3in,30m,10120000,560.38,-368.94,16.092700239983568,0.9103,True
sloper_20_to_40_feed20_end40_dedicated_angled_37ft_az90_cfrp_5e3_3in,sloper_20_to_40,20.0,40.0,dedicated_angled,dedicated_angled_37ft_az90,37.0,90.0,19.5,cfrp_5e3_3in,20m,14050000,552.35,-1388.4,80.92346531164725,0.9185,True
sloper_20_to_40_feed20_end40_dedicated_angled_37ft_az90_cfrp_5e3_3in,sloper_20_to_40,20.0,40.0,dedicated_angled,dedicated_angled_37ft_az90,37.0,90.0,19.5,cfrp_5e3_3in,17m,18080000,2370.6,-90.808,47.481600586115476,0.9076000000000001,True
sloper_20_to_40_feed20_end40_dedicated_angled_37ft_az90_cfrp_5e3_3in,sloper_20_to_40,20.0,40.0,dedicated_angled,dedicated_angled_37ft_az90,37.0,90.0,19.5,cfrp_5e3_3in,15m,21050000,225.89,-99.994,5.440624700041524,0.9156,True
sloper_20_to_40_feed20_end40_dedicated_angled_37ft_az90_cfrp_5e3_3in,sloper_20_to_40,20.0,40.0,dedicated_angled,dedicated_angled_37ft_az90,37.0,90.0,19.5,cfrp_5e3_3in,12m,24910000,1475.9,1304.0,52.57528563914687,0.9203,True
sloper_20_to_40_feed20_end40_dedicated_angled_37ft_az90_cfrp_5e3_3in,sloper_20_to_40,20.0,40.0,dedicated_angled,dedicated_angled_37ft_az90,37.0,90.0,19.5,cfrp_5e3_3in,10m,28050000,1054.7,-1781.4,81.30519473702081,0.9102,True
sloper_20_to_40_feed20_end40_dedicated_angled_37ft_az90_cfrp_5e3_3in,sloper_20_to_40,20.0,40.0,dedicated_angled,dedicated_angled_37ft_az90,37.0,90.0,19.5,cfrp_5e3_3in,6m,50100000,513.37,298.75,13.769255312364065,0.899,True
sloper_20_to_40_feed20_end40_dedicated_angled_37ft_az90_cfrp_5e4_12in,sloper_20_to_40,20.0,40.0,dedicated_angled,dedicated_angled_37ft_az90,37.0,90.0,19.5,cfrp_5e4_12in,160m,1850000,8.2232,-1473.8,5289.069907773274,0.6844,True
sloper_20_to_40_feed20_end40_dedicated_angled_37ft_az90_cfrp_5e4_12in,sloper_20_to_40,20.0,40.0,dedicated_angled,dedicated_angled_37ft_az90,37.0,90.0,19.5,cfrp_5e4_12in,80m,3550000,20.927,-506.57,248.04977868062926,0.7997,True
sloper_20_to_40_feed20_end40_dedicated_angled_37ft_az90_cfrp_5e4_12in,sloper_20_to_40,20.0,40.0,dedicated_angled,dedicated_angled_37ft_az90,37.0,90.0,19.5,cfrp_5e4_12in,60m,5357000,59.926,58.023,2.799252821248805,0.8769,True
sloper_20_to_40_feed20_end40_dedicated_angled_37ft_az90_cfrp_5e4_12in,sloper_20_to_40,20.0,40.0,dedicated_angled,dedicated_angled_37ft_az90,37.0,90.0,19.5,cfrp_5e4_12in,40m,7050000,230.57,720.07,49.78373233038695,0.9184,True
sloper_20_to_40_feed20_end40_dedicated_angled_37ft_az90_cfrp_5e4_12in,sloper_20_to_40,20.0,40.0,dedicated_angled,dedicated_angled_37ft_az90,37.0,90.0,19.5,cfrp_5e4_12in,30m,10120000,481.28,-731.23,31.917961204828625,0.9126000000000001,True
sloper_20_to_40_feed20_end40_dedicated_angled_37ft_az90_cfrp_5e4_12in,sloper_20_to_40,20.0,40.0,dedicated_angled,dedicated_angled_37ft_az90,37.0,90.0,19.5,cfrp_5e4_12in,20m,14050000,379.25,-839.94,44.899535099956054,0.875,True
sloper_20_to_40_feed20_end40_dedicated_angled_37ft_az90_cfrp_5e4_12in,sloper_20_to_40,20.0,40.0,dedicated_angled,dedicated_angled_37ft_az90,37.0,90.0,19.5,cfrp_5e4_12in,17m,18080000,2572.5,127.0,51.575442803102106,0.9188,True
sloper_20_to_40_feed20_end40_dedicated_angled_37ft_az90_cfrp_5e4_12in,sloper_20_to_40,20.0,40.0,dedicated_angled,dedicated_angled_37ft_az90,37.0,90.0,19.5,cfrp_5e4_12in,15m,21050000,142.65,-254.48,12.201123813713311,0.8856999999999999,True
sloper_20_to_40_feed20_end40_dedicated_angled_37ft_az90_cfrp_5e4_12in,sloper_20_to_40,20.0,40.0,dedicated_angled,dedicated_angled_37ft_az90,37.0,90.0,19.5,cfrp_5e4_12in,12m,24910000,837.52,1377.1,62.08017989745093,0.8811,True
sloper_20_to_40_feed20_end40_dedicated_angled_37ft_az90_cfrp_5e4_12in,sloper_20_to_40,20.0,40.0,dedicated_angled,dedicated_angled_37ft_az90,37.0,90.0,19.5,cfrp_5e4_12in,10m,28050000,898.57,-1483.4,66.98939257021809,0.8974,True
sloper_20_to_40_feed20_end40_dedicated_angled_37ft_az90_cfrp_5e4_12in,sloper_20_to_40,20.0,40.0,dedicated_angled,dedicated_angled_37ft_az90,37.0,90.0,19.5,cfrp_5e4_12in,6m,50100000,263.9,313.45,12.8356282312789,0.8595999999999999,True
sloper_20_to_40_feed20_end40_dedicated_angled_37ft_az90_cfrp_5e4_3in,sloper_20_to_40,20.0,40.0,dedicated_angled,dedicated_angled_37ft_az90,37.0,90.0,19.5,cfrp_5e4_3in,160m,1850000,11.434,-2003.1,7022.984546004649,0.774,True
sloper_20_to_40_feed20_end40_dedicated_angled_37ft_az90_cfrp_5e4_3in,sloper_20_to_40,20.0,40.0,dedicated_angled,dedicated_angled_37ft_az90,37.0,90.0,19.5,cfrp_5e4_3in,80m,3550000,27.877,-723.29,377.67468566840944,0.8495999999999999,True
sloper_20_to_40_feed20_end40_dedicated_angled_37ft_az90_cfrp_5e4_3in,sloper_20_to_40,20.0,40.0,dedicated_angled,dedicated_angled_37ft_az90,37.0,90.0,19.5,cfrp_5e4_3in,60m,5357000,73.201,-7.8516,1.495032283663943,0.8989,True
sloper_20_to_40_feed20_end40_dedicated_angled_37ft_az90_cfrp_5e4_3in,sloper_20_to_40,20.0,40.0,dedicated_angled,dedicated_angled_37ft_az90,37.0,90.0,19.5,cfrp_5e4_3in,40m,7050000,251.42,768.0,52.12750439288054,0.9258,True
sloper_20_to_40_feed20_end40_dedicated_angled_37ft_az90_cfrp_5e4_3in,sloper_20_to_40,20.0,40.0,dedicated_angled,dedicated_angled_37ft_az90,37.0,90.0,19.5,cfrp_5e4_3in,30m,10120000,559.54,-370.84,16.133725839717144,0.9209,True
sloper_20_to_40_feed20_end40_dedicated_angled_37ft_az90_cfrp_5e4_3in,sloper_20_to_40,20.0,40.0,dedicated_angled,dedicated_angled_37ft_az90,37.0,90.0,19.5,cfrp_5e4_3in,20m,14050000,553.31,-1387.7,80.75113929343718,0.9420999999999999,True
sloper_20_to_40_feed20_end40_dedicated_angled_37ft_az90_cfrp_5e4_3in,sloper_20_to_40,20.0,40.0,dedicated_angled,dedicated_angled_37ft_az90,37.0,90.0,19.5,cfrp_5e4_3in,17m,18080000,2383.9,-85.648,47.73956973156956,0.9127,True
sloper_20_to_40_feed20_end40_dedicated_angled_37ft_az90_cfrp_5e4_3in,sloper_20_to_40,20.0,40.0,dedicated_angled,dedicated_angled_37ft_az90,37.0,90.0,19.5,cfrp_5e4_3in,15m,21050000,218.56,-100.56,5.337991892215939,0.9224,True
sloper_20_to_40_feed20_end40_dedicated_angled_37ft_az90_cfrp_5e4_3in,sloper_20_to_40,20.0,40.0,dedicated_angled,dedicated_angled_37ft_az90,37.0,90.0,19.5,cfrp_5e4_3in,12m,24910000,1440.8,1254.5,50.676753621672944,0.9387000000000001,True
sloper_20_to_40_feed20_end40_dedicated_angled_37ft_az90_cfrp_5e4_3in,sloper_20_to_40,20.0,40.0,dedicated_angled,dedicated_angled_37ft_az90,37.0,90.0,19.5,cfrp_5e4_3in,10m,28050000,1056.9,-1777.5,80.96113424924833,0.9134,True
sloper_20_to_40_feed20_end40_dedicated_angled_37ft_az90_cfrp_5e4_3in,sloper_20_to_40,20.0,40.0,dedicated_angled,dedicated_angled_37ft_az90,37.0,90.0,19.5,cfrp_5e4_3in,6m,50100000,512.97,268.33,13.087684137450445,0.9218999999999999,True
sloper_20_to_40_feed20_end40_dedicated_angled_37ft_az90_none,sloper_20_to_40,20.0,40.0,dedicated_angled,dedicated_angled_37ft_az90,37.0,90.0,19.5,none,160m,1850000,9.4918,-1653.1,5763.563543107411,0.7275,True
sloper_20_to_40_feed20_end40_dedicated_angled_37ft_az90_none,sloper_20_to_40,20.0,40.0,dedicated_angled,dedicated_angled_37ft_az90,37.0,90.0,19.5,none,80m,3550000,23.223,-582.48,294.8097312896432,0.8197,True
sloper_20_to_40_feed20_end40_dedicated_angled_37ft_az90_none,sloper_20_to_40,20.0,40.0,dedicated_angled,dedicated_angled_37ft_az90,37.0,90.0,19.5,none,60m,5357000,61.781,28.613,1.7328956836754057,0.8808,True
sloper_20_to_40_feed20_end40_dedicated_angled_37ft_az90_none,sloper_20_to_40,20.0,40.0,dedicated_angled,dedicated_angled_37ft_az90,37.0,90.0,19.5,none,40m,7050000,219.19,720.4,51.946661807494735,0.9156,True
sloper_20_to_40_feed20_end40_dedicated_angled_37ft_az90_none,sloper_20_to_40,20.0,40.0,dedicated_angled,dedicated_angled_37ft_az90,37.0,90.0,19.5,none,30m,10120000,516.23,-651.43,26.82495159070163,0.919,True
sloper_20_to_40_feed20_end40_dedicated_angled_37ft_az90_none,sloper_20_to_40,20.0,40.0,dedicated_angled,dedicated_angled_37ft_az90,37.0,90.0,19.5,none,20m,14050000,518.24,-1153.5,61.79436636881369,0.9342,True
sloper_20_to_40_feed20_end40_dedicated_angled_37ft_az90_none,sloper_20_to_40,20.0,40.0,dedicated_angled,dedicated_angled_37ft_az90,37.0,90.0,19.5,none,17m,18080000,2245.4,382.0,46.20838616234021,0.9154000000000001,True
sloper_20_to_40_feed20_end40_dedicated_angled_37ft_az90_none,sloper_20_to_40,20.0,40.0,dedicated_angled,dedicated_angled_37ft_az90,37.0,90.0,19.5,none,15m,21050000,163.42,-217.2,9.239701440008126,0.9015000000000001,True
sloper_20_to_40_feed20_end40_dedicated_angled_37ft_az90_none,sloper_20_to_40,20.0,40.0,dedicated_angled,dedicated_angled_37ft_az90,37.0,90.0,19.5,none,12m,24910000,1157.4,1470.1,60.5203484133862,0.92,True
sloper_20_to_40_feed20_end40_dedicated_angled_37ft_az90_none,sloper_20_to_40,20.0,40.0,dedicated_angled,dedicated_angled_37ft_az90,37.0,90.0,19.5,none,10m,28050000,1004.1,-1621.8,72.5079104230541,0.9051,True
sloper_20_to_40_feed20_end40_dedicated_angled_37ft_az90_none,sloper_20_to_40,20.0,40.0,dedicated_angled,dedicated_angled_37ft_az90,37.0,90.0,19.5,none,6m,50100000,355.26,357.92,14.388440088130361,0.9006000000000001,True
sloper_20_to_40_feed20_end40_dedicated_angled_41ft_az135_cfrp_5e3_3in,sloper_20_to_40,20.0,40.0,dedicated_angled,dedicated_angled_41ft_az135,41.0,135.0,19.5,cfrp_5e3_3in,160m,1850000,10.943,-1518.2,4217.400821553677,0.7498999999999999,True
sloper_20_to_40_feed20_end40_dedicated_angled_41ft_az135_cfrp_5e3_3in,sloper_20_to_40,20.0,40.0,dedicated_angled,dedicated_angled_41ft_az135,41.0,135.0,19.5,cfrp_5e3_3in,80m,3550000,27.953,-494.46,177.27197624306086,0.8398,True
sloper_20_to_40_feed20_end40_dedicated_angled_41ft_az135_cfrp_5e3_3in,sloper_20_to_40,20.0,40.0,dedicated_angled,dedicated_angled_41ft_az135,41.0,135.0,19.5,cfrp_5e3_3in,60m,5357000,77.919,116.78,5.519338366992188,0.8968,True
sloper_20_to_40_feed20_end40_dedicated_angled_41ft_az135_cfrp_5e3_3in,sloper_20_to_40,20.0,40.0,dedicated_angled,dedicated_angled_41ft_az135,41.0,135.0,19.5,cfrp_5e3_3in,40m,7050000,278.26,833.57,55.66862985569952,0.9258,True
sloper_20_to_40_feed20_end40_dedicated_angled_41ft_az135_cfrp_5e3_3in,sloper_20_to_40,20.0,40.0,dedicated_angled,dedicated_angled_41ft_az135,41.0,135.0,19.5,cfrp_5e3_3in,30m,10120000,684.11,-11.216,13.685897477700077,0.903,True
sloper_20_to_40_feed20_end40_dedicated_angled_41ft_az135_cfrp_5e3_3in,sloper_20_to_40,20.0,40.0,dedicated_angled,dedicated_angled_41ft_az135,41.0,135.0,19.5,cfrp_5e3_3in,20m,14050000,148.12,-553.53,44.64881488471793,0.8915000000000001,True
sloper_20_to_40_feed20_end40_dedicated_angled_41ft_az135_cfrp_5e3_3in,sloper_20_to_40,20.0,40.0,dedicated_angled,dedicated_angled_41ft_az135,41.0,135.0,19.5,cfrp_5e3_3in,17m,18080000,2481.1,-9.2769,49.6226940134468,0.9091,True
sloper_20_to_40_feed20_end40_dedicated_angled_41ft_az135_cfrp_5e3_3in,sloper_20_to_40,20.0,40.0,dedicated_angled,dedicated_angled_41ft_az135,41.0,135.0,19.5,cfrp_5e3_3in,15m,21050000,340.43,303.08,12.270533519565682,0.8755,True
sloper_20_to_40_feed20_end40_dedicated_angled_41ft_az135_cfrp_5e3_3in,sloper_20_to_40,20.0,40.0,dedicated_angled,dedicated_angled_41ft_az135,41.0,135.0,19.5,cfrp_5e3_3in,12m,24910000,754.24,-658.31,26.60512734851604,0.8681,True
sloper_20_to_40_feed20_end40_dedicated_angled_41ft_az135_cfrp_5e3_3in,sloper_20_to_40,20.0,40.0,dedicated_angled,dedicated_angled_41ft_az135,41.0,135.0,19.5,cfrp_5e3_3in,10m,28050000,1168.7,-1244.2,49.88828635163842,0.89,True
sloper_20_to_40_feed20_end40_dedicated_angled_41ft_az135_cfrp_5e3_3in,sloper_20_to_40,20.0,40.0,dedicated_angled,dedicated_angled_41ft_az135,41.0,135.0,19.5,cfrp_5e3_3in,6m,50100000,273.51,-549.23,27.67483190062871,0.8815999999999999,True
sloper_20_to_40_feed20_end40_dedicated_angled_41ft_az135_cfrp_5e4_12in,sloper_20_to_40,20.0,40.0,dedicated_angled,dedicated_angled_41ft_az135,41.0,135.0,19.5,cfrp_5e4_12in,160m,1850000,10.782,-1502.2,4190.727068971143,0.7464,True
sloper_20_to_40_feed20_end40_dedicated_angled_41ft_az135_cfrp_5e4_12in,sloper_20_to_40,20.0,40.0,dedicated_angled,dedicated_angled_41ft_az135,41.0,135.0,19.5,cfrp_5e4_12in,80m,3550000,27.683,-487.28,173.89747304401817,0.8384,True
sloper_20_to_40_feed20_end40_dedicated_angled_41ft_az135_cfrp_5e4_12in,sloper_20_to_40,20.0,40.0,dedicated_angled,dedicated_angled_41ft_az135,41.0,135.0,19.5,cfrp_5e4_12in,60m,5357000,77.997,121.12,5.7899750724711225,0.897,True
sloper_20_to_40_feed20_end40_dedicated_angled_41ft_az135_cfrp_5e4_12in,sloper_20_to_40,20.0,40.0,dedicated_angled,dedicated_angled_41ft_az135,41.0,135.0,19.5,cfrp_5e4_12in,40m,7050000,282.96,839.75,55.661029309475076,0.9273,True
sloper_20_to_40_feed20_end40_dedicated_angled_41ft_az135_cfrp_5e4_12in,sloper_20_to_40,20.0,40.0,dedicated_angled,dedicated_angled_41ft_az135,41.0,135.0,19.5,cfrp_5e4_12in,30m,10120000,668.76,-116.6,13.784007502102305,0.9037000000000001,True
sloper_20_to_40_feed20_end40_dedicated_angled_41ft_az135_cfrp_5e4_12in,sloper_20_to_40,20.0,40.0,dedicated_angled,dedicated_angled_41ft_az135,41.0,135.0,19.5,cfrp_5e4_12in,20m,14050000,144.3,-531.2,42.31814771590195,0.8936,True
sloper_20_to_40_feed20_end40_dedicated_angled_41ft_az135_cfrp_5e4_12in,sloper_20_to_40,20.0,40.0,dedicated_angled,dedicated_angled_41ft_az135,41.0,135.0,19.5,cfrp_5e4_12in,17m,18080000,2589.9,140.55,51.950605477258726,0.9147,True
sloper_20_to_40_feed20_end40_dedicated_angled_41ft_az135_cfrp_5e4_12in,sloper_20_to_40,20.0,40.0,dedicated_angled,dedicated_angled_41ft_az135,41.0,135.0,19.5,cfrp_5e4_12in,15m,21050000,289.72,228.39,9.462151668553721,0.8886,True
sloper_20_to_40_feed20_end40_dedicated_angled_41ft_az135_cfrp_5e4_12in,sloper_20_to_40,20.0,40.0,dedicated_angled,dedicated_angled_41ft_az135,41.0,135.0,19.5,cfrp_5e4_12in,12m,24910000,793.64,-613.51,25.38167325725695,0.9166,True
sloper_20_to_40_feed20_end40_dedicated_angled_41ft_az135_cfrp_5e4_12in,sloper_20_to_40,20.0,40.0,dedicated_angled,dedicated_angled_41ft_az135,41.0,135.0,19.5,cfrp_5e4_12in,10m,28050000,1158.5,-1273.5,51.19193740456581,0.8951,True
sloper_20_to_40_feed20_end40_dedicated_angled_41ft_az135_cfrp_5e4_12in,sloper_20_to_40,20.0,40.0,dedicated_angled,dedicated_angled_41ft_az135,41.0,135.0,19.5,cfrp_5e4_12in,6m,50100000,283.57,-543.19,26.620213663633056,0.8981999999999999,True
sloper_20_to_40_feed20_end40_dedicated_angled_41ft_az135_cfrp_5e4_3in,sloper_20_to_40,20.0,40.0,dedicated_angled,dedicated_angled_41ft_az135,41.0,135.0,19.5,cfrp_5e4_3in,160m,1850000,10.944,-1518.2,4217.01549959136,0.75,True
sloper_20_to_40_feed20_end40_dedicated_angled_41ft_az135_cfrp_5e4_3in,sloper_20_to_40,20.0,40.0,dedicated_angled,dedicated_angled_41ft_az135,41.0,135.0,19.5,cfrp_5e4_3in,80m,3550000,27.953,-494.46,177.27197624306086,0.8398,True
sloper_20_to_40_feed20_end40_dedicated_angled_41ft_az135_cfrp_5e4_3in,sloper_20_to_40,20.0,40.0,dedicated_angled,dedicated_angled_41ft_az135,41.0,135.0,19.5,cfrp_5e4_3in,60m,5357000,77.912,116.79,5.5201983160091475,0.8969,True
sloper_20_to_40_feed20_end40_dedicated_angled_41ft_az135_cfrp_5e4_3in,sloper_20_to_40,20.0,40.0,dedicated_angled,dedicated_angled_41ft_az135,41.0,135.0,19.5,cfrp_5e4_3in,40m,7050000,278.26,833.73,55.687810052650384,0.9262,True
sloper_20_to_40_feed20_end40_dedicated_angled_41ft_az135_cfrp_5e4_3in,sloper_20_to_40,20.0,40.0,dedicated_angled,dedicated_angled_41ft_az135,41.0,135.0,19.5,cfrp_5e4_3in,30m,10120000,683.3,-11.698,13.670026918023508,0.9039,True
sloper_20_to_40_feed20_end40_dedicated_angled_41ft_az135_cfrp_5e4_3in,sloper_20_to_40,20.0,40.0,dedicated_angled,dedicated_angled_41ft_az135,41.0,135.0,19.5,cfrp_5e4_3in,20m,14050000,148.01,-554.04,44.75399258856563,0.8957999999999999,True
sloper_20_to_40_feed20_end40_dedicated_angled_41ft_az135_cfrp_5e4_3in,sloper_20_to_40,20.0,40.0,dedicated_angled,dedicated_angled_41ft_az135,41.0,135.0,19.5,cfrp_5e4_3in,17m,18080000,2492.8,-6.434,49.856332261047264,0.9135,True
sloper_20_to_40_feed20_end40_dedicated_angled_41ft_az135_cfrp_5e4_3in,sloper_20_to_40,20.0,40.0,dedicated_angled,dedicated_angled_41ft_az135,41.0,135.0,19.5,cfrp_5e4_3in,15m,21050000,329.9,305.63,12.33137691903164,0.8966,True
sloper_20_to_40_feed20_end40_dedicated_angled_41ft_az135_cfrp_5e4_3in,sloper_20_to_40,20.0,40.0,dedicated_angled,dedicated_angled_41ft_az135,41.0,135.0,19.5,cfrp_5e4_3in,12m,24910000,788.17,-636.69,26.074952113244386,0.9137000000000001,True
sloper_20_to_40_feed20_end40_dedicated_angled_41ft_az135_cfrp_5e4_3in,sloper_20_to_40,20.0,40.0,dedicated_angled,dedicated_angled_41ft_az135,41.0,135.0,19.5,cfrp_5e4_3in,10m,28050000,1178.9,-1240.8,49.71930264404619,0.8970999999999999,True
sloper_20_to_40_feed20_end40_dedicated_angled_41ft_az135_cfrp_5e4_3in,sloper_20_to_40,20.0,40.0,dedicated_angled,dedicated_angled_41ft_az135,41.0,135.0,19.5,cfrp_5e4_3in,6m,50100000,276.78,-547.97,27.377180093215514,0.8957999999999999,True
sloper_20_to_40_feed20_end40_dedicated_angled_41ft_az135_none,sloper_20_to_40,20.0,40.0,dedicated_angled,dedicated_angled_41ft_az135,41.0,135.0,19.5,none,160m,1850000,10.874,-1504.0,4165.227355788534,0.7483,True
sloper_20_to_40_feed20_end40_dedicated_angled_41ft_az135_none,sloper_20_to_40,20.0,40.0,dedicated_angled,dedicated_angled_41ft_az135,41.0,135.0,19.5,none,80m,3550000,27.59,-487.78,174.83337885485523,0.8378,True
sloper_20_to_40_feed20_end40_dedicated_angled_41ft_az135_none,sloper_20_to_40,20.0,40.0,dedicated_angled,dedicated_angled_41ft_az135,41.0,135.0,19.5,none,60m,5357000,76.154,120.84,5.843453861327548,0.8948,True
sloper_20_to_40_feed20_end40_dedicated_angled_41ft_az135_none,sloper_20_to_40,20.0,40.0,dedicated_angled,dedicated_angled_41ft_az135,41.0,135.0,19.5,none,40m,7050000,271.5,841.78,57.79528085681106,0.9248000000000001,True
sloper_20_to_40_feed20_end40_dedicated_angled_41ft_az135_none,sloper_20_to_40,20.0,40.0,dedicated_angled,dedicated_angled_41ft_az135,41.0,135.0,19.5,none,30m,10120000,650.13,-220.5,14.506280587805994,0.9033,True
sloper_20_to_40_feed20_end40_dedicated_angled_41ft_az135_none,sloper_20_to_40,20.0,40.0,dedicated_angled,dedicated_angled_41ft_az135,41.0,135.0,19.5,none,20m,14050000,149.39,-549.37,43.70491484679787,0.8954000000000001,True
sloper_20_to_40_feed20_end40_dedicated_angled_41ft_az135_none,sloper_20_to_40,20.0,40.0,dedicated_angled,dedicated_angled_41ft_az135,41.0,135.0,19.5,none,17m,18080000,2512.9,428.42,51.719373998031564,0.9168000000000001,True
sloper_20_to_40_feed20_end40_dedicated_angled_41ft_az135_none,sloper_20_to_40,20.0,40.0,dedicated_angled,dedicated_angled_41ft_az135,41.0,135.0,19.5,none,15m,21050000,250.71,157.78,7.0578700564289205,0.8894,True
sloper_20_to_40_feed20_end40_dedicated_angled_41ft_az135_none,sloper_20_to_40,20.0,40.0,dedicated_angled,dedicated_angled_41ft_az135,41.0,135.0,19.5,none,12m,24910000,478.94,-718.73,31.222673479769128,0.9033,True
sloper_20_to_40_feed20_end40_dedicated_angled_41ft_az135_none,sloper_20_to_40,20.0,40.0,dedicated_angled,dedicated_angled_41ft_az135,41.0,135.0,19.5,none,10m,28050000,1115.2,-1333.0,54.197116265646976,0.8961,True
sloper_20_to_40_feed20_end40_dedicated_angled_41ft_az135_none,sloper_20_to_40,20.0,40.0,dedicated_angled,dedicated_angled_41ft_az135,41.0,135.0,19.5,none,6m,50100000,250.22,-549.59,29.312797244756887,0.8948999999999999,True
sloper_20_to_40_feed20_end40_dedicated_angled_41ft_az180_cfrp_5e3_3in,sloper_20_to_40,20.0,40.0,dedicated_angled,dedicated_angled_41ft_az180,41.0,180.0,19.5,cfrp_5e3_3in,160m,1850000,11.245,-1489.8,3952.2104895729394,0.7561,True
sloper_20_to_40_feed20_end40_dedicated_angled_41ft_az180_cfrp_5e3_3in,sloper_20_to_40,20.0,40.0,dedicated_angled,dedicated_angled_41ft_az180,41.0,180.0,19.5,cfrp_5e3_3in,80m,3550000,29.015,-479.92,161.05881030207465,0.8452,True
sloper_20_to_40_feed20_end40_dedicated_angled_41ft_az180_cfrp_5e3_3in,sloper_20_to_40,20.0,40.0,dedicated_angled,dedicated_angled_41ft_az180,41.0,180.0,19.5,cfrp_5e3_3in,60m,5357000,81.653,126.38,5.9906212538988175,0.9011,True
sloper_20_to_40_feed20_end40_dedicated_angled_41ft_az180_cfrp_5e3_3in,sloper_20_to_40,20.0,40.0,dedicated_angled,dedicated_angled_41ft_az180,41.0,180.0,19.5,cfrp_5e3_3in,40m,7050000,291.84,839.56,54.294327154641906,0.9289000000000001,True
sloper_20_to_40_feed20_end40_dedicated_angled_41ft_az180_cfrp_5e3_3in,sloper_20_to_40,20.0,40.0,dedicated_angled,dedicated_angled_41ft_az180,41.0,180.0,19.5,cfrp_5e3_3in,30m,10120000,646.06,-51.627,13.004204811671999,0.8972,True
sloper_20_to_40_feed20_end40_dedicated_angled_41ft_az180_cfrp_5e3_3in,sloper_20_to_40,20.0,40.0,dedicated_angled,dedicated_angled_41ft_az180,41.0,180.0,19.5,cfrp_5e3_3in,20m,14050000,134.75,-529.25,44.61775437322914,0.8806,True
sloper_20_to_40_feed20_end40_dedicated_angled_41ft_az180_cfrp_5e3_3in,sloper_20_to_40,20.0,40.0,dedicated_angled,dedicated_angled_41ft_az180,41.0,180.0,19.5,cfrp_5e3_3in,17m,18080000,2528.8,-76.784,50.6226473136199,0.9115000000000001,True
sloper_20_to_40_feed20_end40_dedicated_angled_41ft_az180_cfrp_5e3_3in,sloper_20_to_40,20.0,40.0,dedicated_angled,dedicated_angled_41ft_az180,41.0,180.0,19.5,cfrp_5e3_3in,15m,21050000,315.17,279.62,11.335423665164138,0.8709,True
sloper_20_to_40_feed20_end40_dedicated_angled_41ft_az180_cfrp_5e3_3in,sloper_20_to_40,20.0,40.0,dedicated_angled,dedicated_angled_41ft_az180,41.0,180.0,19.5,cfrp_5e3_3in,12m,24910000,709.07,-641.15,25.807884709904762,0.8675,True
sloper_20_to_40_feed20_end40_dedicated_angled_41ft_az180_cfrp_5e3_3in,sloper_20_to_40,20.0,40.0,dedicated_angled,dedicated_angled_41ft_az180,41.0,180.0,19.5,cfrp_5e3_3in,10m,28050000,1156.9,-1294.5,52.13135550316385,0.8867,True
sloper_20_to_40_feed20_end40_dedicated_angled_41ft_az180_cfrp_5e3_3in,sloper_20_to_40,20.0,40.0,dedicated_angled,dedicated_angled_41ft_az180,41.0,180.0,19.5,cfrp_5e3_3in,6m,50100000,242.78,-560.58,30.916832588233405,0.8687,True
sloper_20_to_40_feed20_end40_dedicated_angled_41ft_az180_cfrp_5e4_12in,sloper_20_to_40,20.0,40.0,dedicated_angled,dedicated_angled_41ft_az180,41.0,180.0,19.5,cfrp_5e4_12in,160m,1850000,11.207,-1488.7,3959.7629077147362,0.7553,True
sloper_20_to_40_feed20_end40_dedicated_angled_41ft_az180_cfrp_5e4_12in,sloper_20_to_40,20.0,40.0,dedicated_angled,dedicated_angled_41ft_az180,41.0,180.0,19.5,cfrp_5e4_12in,80m,3550000,28.934,-479.64,161.32075627851864,0.8449,True
sloper_20_to_40_feed20_end40_dedicated_angled_41ft_az180_cfrp_5e4_12in,sloper_20_to_40,20.0,40.0,dedicated_angled,dedicated_angled_41ft_az180,41.0,180.0,19.5,cfrp_5e4_12in,60m,5357000,81.667,126.33,5.986928266972389,0.9013,True
sloper_20_to_40_feed20_end40_dedicated_angled_41ft_az180_cfrp_5e4_12in,sloper_20_to_40,20.0,40.0,dedicated_angled,dedicated_angled_41ft_az180,41.0,180.0,19.5,cfrp_5e4_12in,40m,7050000,293.42,839.24,54.02818693716506,0.9297,True
sloper_20_to_40_feed20_end40_dedicated_angled_41ft_az180_cfrp_5e4_12in,sloper_20_to_40,20.0,40.0,dedicated_angled,dedicated_angled_41ft_az180,41.0,180.0,19.5,cfrp_5e4_12in,30m,10120000,636.95,-93.768,13.016754403977938,0.8992,True
sloper_20_to_40_feed20_end40_dedicated_angled_41ft_az180_cfrp_5e4_12in,sloper_20_to_40,20.0,40.0,dedicated_angled,dedicated_angled_41ft_az180,41.0,180.0,19.5,cfrp_5e4_12in,20m,14050000,135.45,-533.27,45.04588389809327,0.8837,True
sloper_20_to_40_feed20_end40_dedicated_angled_41ft_az180_cfrp_5e4_12in,sloper_20_to_40,20.0,40.0,dedicated_angled,dedicated_angled_41ft_az180,41.0,180.0,19.5,cfrp_5e4_12in,17m,18080000,2561.8,74.009,51.27877787208511,0.9152,True
sloper_20_to_40_feed20_end40_dedicated_angled_41ft_az180_cfrp_5e4_12in,sloper_20_to_40,20.0,40.0,dedicated_angled,dedicated_angled_41ft_az180,41.0,180.0,19.5,cfrp_5e4_12in,15m,21050000,289.44,252.32,10.263324110623167,0.8908,True
sloper_20_to_40_feed20_end40_dedicated_angled_41ft_az180_cfrp_5e4_12in,sloper_20_to_40,20.0,40.0,dedicated_angled,dedicated_angled_41ft_az180,41.0,180.0,19.5,cfrp_5e4_12in,12m,24910000,684.15,-644.9,25.875472561824353,0.9089,True
sloper_20_to_40_feed20_end40_dedicated_angled_41ft_az180_cfrp_5e4_12in,sloper_20_to_40,20.0,40.0,dedicated_angled,dedicated_angled_41ft_az180,41.0,180.0,19.5,cfrp_5e4_12in,10m,28050000,1159.9,-1314.0,52.99370005400381,0.8923000000000001,True
sloper_20_to_40_feed20_end40_dedicated_angled_41ft_az180_cfrp_5e4_12in,sloper_20_to_40,20.0,40.0,dedicated_angled,dedicated_angled_41ft_az180,41.0,180.0,19.5,cfrp_5e4_12in,6m,50100000,236.57,-562.65,31.674933703459352,0.8773000000000001,True
sloper_20_to_40_feed20_end40_dedicated_angled_41ft_az180_cfrp_5e4_3in,sloper_20_to_40,20.0,40.0,dedicated_angled,dedicated_angled_41ft_az180,41.0,180.0,19.5,cfrp_5e4_3in,160m,1850000,11.245,-1489.8,3952.2104895729394,0.7561,True
sloper_20_to_40_feed20_end40_dedicated_angled_41ft_az180_cfrp_5e4_3in,sloper_20_to_40,20.0,40.0,dedicated_angled,dedicated_angled_41ft_az180,41.0,180.0,19.5,cfrp_5e4_3in,80m,3550000,29.014,-479.92,161.06432180010012,0.8453,True
sloper_20_to_40_feed20_end40_dedicated_angled_41ft_az180_cfrp_5e4_3in,sloper_20_to_40,20.0,40.0,dedicated_angled,dedicated_angled_41ft_az180,41.0,180.0,19.5,cfrp_5e4_3in,60m,5357000,81.644,126.39,5.991586090571407,0.9012,True
sloper_20_to_40_feed20_end40_dedicated_angled_41ft_az180_cfrp_5e4_3in,sloper_20_to_40,20.0,40.0,dedicated_angled,dedicated_angled_41ft_az180,41.0,180.0,19.5,cfrp_5e4_3in,40m,7050000,291.81,839.72,54.31713358697445,0.9293,True
sloper_20_to_40_feed20_end40_dedicated_angled_41ft_az180_cfrp_5e4_3in,sloper_20_to_40,20.0,40.0,dedicated_angled,dedicated_angled_41ft_az180,41.0,180.0,19.5,cfrp_5e4_3in,30m,10120000,645.64,-51.919,12.996801632378132,0.8986,True
sloper_20_to_40_feed20_end40_dedicated_angled_41ft_az180_cfrp_5e4_3in,sloper_20_to_40,20.0,40.0,dedicated_angled,dedicated_angled_41ft_az180,41.0,180.0,19.5,cfrp_5e4_3in,20m,14050000,134.56,-529.66,44.73777076895997,0.8833,True
sloper_20_to_40_feed20_end40_dedicated_angled_41ft_az180_cfrp_5e4_3in,sloper_20_to_40,20.0,40.0,dedicated_angled,dedicated_angled_41ft_az180,41.0,180.0,19.5,cfrp_5e4_3in,17m,18080000,2540.1,-73.157,50.84415597379893,0.9158,True
sloper_20_to_40_feed20_end40_dedicated_angled_41ft_az180_cfrp_5e4_3in,sloper_20_to_40,20.0,40.0,dedicated_angled,dedicated_angled_41ft_az180,41.0,180.0,19.5,cfrp_5e4_3in,15m,21050000,307.59,281.32,11.37229329599921,0.8917,True
sloper_20_to_40_feed20_end40_dedicated_angled_41ft_az180_cfrp_5e4_3in,sloper_20_to_40,20.0,40.0,dedicated_angled,dedicated_angled_41ft_az180,41.0,180.0,19.5,cfrp_5e4_3in,12m,24910000,744.42,-622.73,25.334747086011365,0.9116,True
sloper_20_to_40_feed20_end40_dedicated_angled_41ft_az180_cfrp_5e4_3in,sloper_20_to_40,20.0,40.0,dedicated_angled,dedicated_angled_41ft_az180,41.0,180.0,19.5,cfrp_5e4_3in,10m,28050000,1166.4,-1290.8,51.920959434029875,0.8941,True
sloper_20_to_40_feed20_end40_dedicated_angled_41ft_az180_cfrp_5e4_3in,sloper_20_to_40,20.0,40.0,dedicated_angled,dedicated_angled_41ft_az180,41.0,180.0,19.5,cfrp_5e4_3in,6m,50100000,245.84,-559.89,30.590000573048467,0.8795000000000001,True
sloper_20_to_40_feed20_end40_dedicated_angled_41ft_az180_none,sloper_20_to_40,20.0,40.0,dedicated_angled,dedicated_angled_41ft_az180,41.0,180.0,19.5,none,160m,1850000,11.286,-1489.5,3936.2705660779493,0.757,True
sloper_20_to_40_feed20_end40_dedicated_angled_41ft_az180_none,sloper_20_to_40,20.0,40.0,dedicated_angled,dedicated_angled_41ft_az180,41.0,180.0,19.5,none,80m,3550000,28.837,-479.79,161.9593675676692,0.8443999999999999,True
sloper_20_to_40_feed20_end40_dedicated_angled_41ft_az180_none,sloper_20_to_40,20.0,40.0,dedicated_angled,dedicated_angled_41ft_az180,41.0,180.0,19.5,none,60m,5357000,79.944,126.23,6.04519068315159,0.8994,True
sloper_20_to_40_feed20_end40_dedicated_angled_41ft_az180_none,sloper_20_to_40,20.0,40.0,dedicated_angled,dedicated_angled_41ft_az180,41.0,180.0,19.5,none,40m,7050000,282.73,841.4,55.89341732600818,0.9276000000000001,True
sloper_20_to_40_feed20_end40_dedicated_angled_41ft_az180_none,sloper_20_to_40,20.0,40.0,dedicated_angled,dedicated_angled_41ft_az180,41.0,180.0,19.5,none,30m,10120000,628.25,-183.09,13.638417002417146,0.8987999999999999,True
sloper_20_to_40_feed20_end40_dedicated_angled_41ft_az180_none,sloper_20_to_40,20.0,40.0,dedicated_angled,dedicated_angled_41ft_az180,41.0,180.0,19.5,none,20m,14050000,138.11,-543.12,45.818983978106765,0.8851,True
sloper_20_to_40_feed20_end40_dedicated_angled_41ft_az180_none,sloper_20_to_40,20.0,40.0,dedicated_angled,dedicated_angled_41ft_az180,41.0,180.0,19.5,none,17m,18080000,2497.0,365.55,51.010719084505276,0.9177,True
sloper_20_to_40_feed20_end40_dedicated_angled_41ft_az180_none,sloper_20_to_40,20.0,40.0,dedicated_angled,dedicated_angled_41ft_az180,41.0,180.0,19.5,none,15m,21050000,256.37,187.4,7.936117838167294,0.8904000000000001,True
sloper_20_to_40_feed20_end40_dedicated_angled_41ft_az180_none,sloper_20_to_40,20.0,40.0,dedicated_angled,dedicated_angled_41ft_az180,41.0,180.0,19.5,none,12m,24910000,434.05,-695.76,31.069363548521647,0.8918,True
sloper_20_to_40_feed20_end40_dedicated_angled_41ft_az180_none,sloper_20_to_40,20.0,40.0,dedicated_angled,dedicated_angled_41ft_az180,41.0,180.0,19.5,none,10m,28050000,1107.8,-1374.2,56.276624566841576,0.8925,True
sloper_20_to_40_feed20_end40_dedicated_angled_41ft_az180_none,sloper_20_to_40,20.0,40.0,dedicated_angled,dedicated_angled_41ft_az180,41.0,180.0,19.5,none,6m,50100000,221.36,-564.14,33.37753785208602,0.8726999999999999,True
sloper_20_to_40_feed20_end40_dedicated_angled_41ft_az90_cfrp_5e3_3in,sloper_20_to_40,20.0,40.0,dedicated_angled,dedicated_angled_41ft_az90,41.0,90.0,19.5,cfrp_5e3_3in,160m,1850000,11.353,-1815.6,5811.73637441191,0.7617,True
sloper_20_to_40_feed20_end40_dedicated_angled_41ft_az90_cfrp_5e3_3in,sloper_20_to_40,20.0,40.0,dedicated_angled,dedicated_angled_41ft_az90,41.0,90.0,19.5,cfrp_5e3_3in,80m,3550000,28.184,-611.62,267.788887242202,0.8429000000000001,True
sloper_20_to_40_feed20_end40_dedicated_angled_41ft_az90_cfrp_5e3_3in,sloper_20_to_40,20.0,40.0,dedicated_angled,dedicated_angled_41ft_az90,41.0,90.0,19.5,cfrp_5e3_3in,60m,5357000,76.594,95.467,4.333731961807044,0.8963,True
sloper_20_to_40_feed20_end40_dedicated_angled_41ft_az90_cfrp_5e3_3in,sloper_20_to_40,20.0,40.0,dedicated_angled,dedicated_angled_41ft_az90,41.0,90.0,19.5,cfrp_5e3_3in,40m,7050000,274.23,916.33,66.88967472600436,0.9253,True
sloper_20_to_40_feed20_end40_dedicated_angled_41ft_az90_cfrp_5e3_3in,sloper_20_to_40,20.0,40.0,dedicated_angled,dedicated_angled_41ft_az90,41.0,90.0,19.5,cfrp_5e3_3in,30m,10120000,963.99,165.38,19.84873127091698,0.9251,True
sloper_20_to_40_feed20_end40_dedicated_angled_41ft_az90_cfrp_5e3_3in,sloper_20_to_40,20.0,40.0,dedicated_angled,dedicated_angled_41ft_az90,41.0,90.0,19.5,cfrp_5e3_3in,20m,14050000,202.41,-689.21,51.21116637365694,0.9223,True
sloper_20_to_40_feed20_end40_dedicated_angled_41ft_az90_cfrp_5e3_3in,sloper_20_to_40,20.0,40.0,dedicated_angled,dedicated_angled_41ft_az90,41.0,90.0,19.5,cfrp_5e3_3in,17m,18080000,2532.1,170.32,50.871218174872695,0.9103,True
sloper_20_to_40_feed20_end40_dedicated_angled_41ft_az90_cfrp_5e3_3in,sloper_20_to_40,20.0,40.0,dedicated_angled,dedicated_angled_41ft_az90,41.0,90.0,19.5,cfrp_5e3_3in,15m,21050000,564.78,466.16,19.026786474289352,0.9123,True
sloper_20_to_40_feed20_end40_dedicated_angled_41ft_az90_cfrp_5e3_3in,sloper_20_to_40,20.0,40.0,dedicated_angled,dedicated_angled_41ft_az90,41.0,90.0,19.5,cfrp_5e3_3in,12m,24910000,926.5,-752.25,30.766899858350094,0.8852,True
sloper_20_to_40_feed20_end40_dedicated_angled_41ft_az90_cfrp_5e3_3in,sloper_20_to_40,20.0,40.0,dedicated_angled,dedicated_angled_41ft_az90,41.0,90.0,19.5,cfrp_5e3_3in,10m,28050000,1209.4,-1278.8,51.253480696044775,0.9005,True
sloper_20_to_40_feed20_end40_dedicated_angled_41ft_az90_cfrp_5e3_3in,sloper_20_to_40,20.0,40.0,dedicated_angled,dedicated_angled_41ft_az90,41.0,90.0,19.5,cfrp_5e3_3in,6m,50100000,285.18,-599.86,31.08218672368406,0.8865000000000001,True
sloper_20_to_40_feed20_end40_dedicated_angled_41ft_az90_cfrp_5e4_12in,sloper_20_to_40,20.0,40.0,dedicated_angled,dedicated_angled_41ft_az90,41.0,90.0,19.5,cfrp_5e4_12in,160m,1850000,8.1506,-1398.1,4802.713806163519,0.6627,True
sloper_20_to_40_feed20_end40_dedicated_angled_41ft_az90_cfrp_5e4_12in,sloper_20_to_40,20.0,40.0,dedicated_angled,dedicated_angled_41ft_az90,41.0,90.0,19.5,cfrp_5e4_12in,80m,3550000,21.252,-454.23,196.94254180471742,0.7908,True
sloper_20_to_40_feed20_end40_dedicated_angled_41ft_az90_cfrp_5e4_12in,sloper_20_to_40,20.0,40.0,dedicated_angled,dedicated_angled_41ft_az90,41.0,90.0,19.5,cfrp_5e4_12in,60m,5357000,63.824,118.36,6.290835730819242,0.8759999999999999,True
sloper_20_to_40_feed20_end40_dedicated_angled_41ft_az90_cfrp_5e4_12in,sloper_20_to_40,20.0,40.0,dedicated_angled,dedicated_angled_41ft_az90,41.0,90.0,19.5,cfrp_5e4_12in,40m,7050000,259.82,824.07,57.64548049019875,0.9192,True
sloper_20_to_40_feed20_end40_dedicated_angled_41ft_az90_cfrp_5e4_12in,sloper_20_to_40,20.0,40.0,dedicated_angled,dedicated_angled_41ft_az90,41.0,90.0,19.5,cfrp_5e4_12in,30m,10120000,673.19,-480.1,20.336775086022868,0.8523999999999999,True
sloper_20_to_40_feed20_end40_dedicated_angled_41ft_az90_cfrp_5e4_12in,sloper_20_to_40,20.0,40.0,dedicated_angled,dedicated_angled_41ft_az90,41.0,90.0,19.5,cfrp_5e4_12in,20m,14050000,144.11,-369.38,22.119703866171623,0.818,True
sloper_20_to_40_feed20_end40_dedicated_angled_41ft_az90_cfrp_5e4_12in,sloper_20_to_40,20.0,40.0,dedicated_angled,dedicated_angled_41ft_az90,41.0,90.0,19.5,cfrp_5e4_12in,17m,18080000,2701.2,279.98,54.60459664043667,0.9186,True
sloper_20_to_40_feed20_end40_dedicated_angled_41ft_az90_cfrp_5e4_12in,sloper_20_to_40,20.0,40.0,dedicated_angled,dedicated_angled_41ft_az90,41.0,90.0,19.5,cfrp_5e4_12in,15m,21050000,228.1,-4.7599,4.564086776838106,0.8567,True
sloper_20_to_40_feed20_end40_dedicated_angled_41ft_az90_cfrp_5e4_12in,sloper_20_to_40,20.0,40.0,dedicated_angled,dedicated_angled_41ft_az90,41.0,90.0,19.5,cfrp_5e4_12in,12m,24910000,977.42,-491.33,24.49837650992336,0.9205,True
sloper_20_to_40_feed20_end40_dedicated_angled_41ft_az90_cfrp_5e4_12in,sloper_20_to_40,20.0,40.0,dedicated_angled,dedicated_angled_41ft_az90,41.0,90.0,19.5,cfrp_5e4_12in,10m,28050000,1044.8,-1173.7,47.2927664878962,0.8913,True
sloper_20_to_40_feed20_end40_dedicated_angled_41ft_az90_cfrp_5e4_12in,sloper_20_to_40,20.0,40.0,dedicated_angled,dedicated_angled_41ft_az90,41.0,90.0,19.5,cfrp_5e4_12in,6m,50100000,284.71,-455.15,20.37319165032004,0.8886,True
sloper_20_to_40_feed20_end40_dedicated_angled_41ft_az90_cfrp_5e4_3in,sloper_20_to_40,20.0,40.0,dedicated_angled,dedicated_angled_41ft_az90,41.0,90.0,19.5,cfrp_5e4_3in,160m,1850000,11.358,-1815.6,5809.178141230643,0.7618,True
sloper_20_to_40_feed20_end40_dedicated_angled_41ft_az90_cfrp_5e4_3in,sloper_20_to_40,20.0,40.0,dedicated_angled,dedicated_angled_41ft_az90,41.0,90.0,19.5,cfrp_5e4_3in,80m,3550000,28.189,-611.61,267.73290817882696,0.8431000000000001,True
sloper_20_to_40_feed20_end40_dedicated_angled_41ft_az90_cfrp_5e4_3in,sloper_20_to_40,20.0,40.0,dedicated_angled,dedicated_angled_41ft_az90,41.0,90.0,19.5,cfrp_5e4_3in,60m,5357000,76.588,95.491,4.335120224513824,0.8965000000000001,True
sloper_20_to_40_feed20_end40_dedicated_angled_41ft_az90_cfrp_5e4_3in,sloper_20_to_40,20.0,40.0,dedicated_angled,dedicated_angled_41ft_az90,41.0,90.0,19.5,cfrp_5e4_3in,40m,7050000,274.2,916.55,66.92521422125665,0.9258,True
sloper_20_to_40_feed20_end40_dedicated_angled_41ft_az90_cfrp_5e4_3in,sloper_20_to_40,20.0,40.0,dedicated_angled,dedicated_angled_41ft_az90,41.0,90.0,19.5,cfrp_5e4_3in,30m,10120000,961.83,163.43,19.793448868743262,0.929,True
sloper_20_to_40_feed20_end40_dedicated_angled_41ft_az90_cfrp_5e4_3in,sloper_20_to_40,20.0,40.0,dedicated_angled,dedicated_angled_41ft_az90,41.0,90.0,19.5,cfrp_5e4_3in,20m,14050000,202.47,-689.89,51.29104947716895,0.9288,True
sloper_20_to_40_feed20_end40_dedicated_angled_41ft_az90_cfrp_5e4_3in,sloper_20_to_40,20.0,40.0,dedicated_angled,dedicated_angled_41ft_az90,41.0,90.0,19.5,cfrp_5e4_3in,17m,18080000,2547.0,172.86,51.17472356790449,0.9152,True
sloper_20_to_40_feed20_end40_dedicated_angled_41ft_az90_cfrp_5e4_3in,sloper_20_to_40,20.0,40.0,dedicated_angled,dedicated_angled_41ft_az90,41.0,90.0,19.5,cfrp_5e4_3in,15m,21050000,541.46,475.37,19.216441578568332,0.9301999999999999,True
sloper_20_to_40_feed20_end40_dedicated_angled_41ft_az90_cfrp_5e4_3in,sloper_20_to_40,20.0,40.0,dedicated_angled,dedicated_angled_41ft_az90,41.0,90.0,19.5,cfrp_5e4_3in,12m,24910000,963.08,-722.96,30.134490975126717,0.9264,True
sloper_20_to_40_feed20_end40_dedicated_angled_41ft_az90_cfrp_5e4_3in,sloper_20_to_40,20.0,40.0,dedicated_angled,dedicated_angled_41ft_az90,41.0,90.0,19.5,cfrp_5e4_3in,10m,28050000,1221.9,-1275.0,51.06748918872132,0.9074,True
sloper_20_to_40_feed20_end40_dedicated_angled_41ft_az90_cfrp_5e4_3in,sloper_20_to_40,20.0,40.0,dedicated_angled,dedicated_angled_41ft_az90,41.0,90.0,19.5,cfrp_5e4_3in,6m,50100000,288.53,-596.93,30.61059125044779,0.9067000000000001,True
sloper_20_to_40_feed20_end40_dedicated_angled_41ft_az90_none,sloper_20_to_40,20.0,40.0,dedicated_angled,dedicated_angled_41ft_az90,41.0,90.0,19.5,none,160m,1850000,9.7763,-1551.5,4929.774509551602,0.7221,True
sloper_20_to_40_feed20_end40_dedicated_angled_41ft_az90_none,sloper_20_to_40,20.0,40.0,dedicated_angled,dedicated_angled_41ft_az90,41.0,90.0,19.5,none,80m,3550000,24.283,-513.37,219.60457290113783,0.8173999999999999,True
sloper_20_to_40_feed20_end40_dedicated_angled_41ft_az90_none,sloper_20_to_40,20.0,40.0,dedicated_angled,dedicated_angled_41ft_az90,41.0,90.0,19.5,none,60m,5357000,65.836,103.63,5.144191507284244,0.8798,True
sloper_20_to_40_feed20_end40_dedicated_angled_41ft_az90_none,sloper_20_to_40,20.0,40.0,dedicated_angled,dedicated_angled_41ft_az90,41.0,90.0,19.5,none,40m,7050000,238.18,839.05,64.073284877398,0.9153,True
sloper_20_to_40_feed20_end40_dedicated_angled_41ft_az90_none,sloper_20_to_40,20.0,40.0,dedicated_angled,dedicated_angled_41ft_az90,41.0,90.0,19.5,none,30m,10120000,749.62,-308.71,17.544774764094264,0.9186,True
sloper_20_to_40_feed20_end40_dedicated_angled_41ft_az90_none,sloper_20_to_40,20.0,40.0,dedicated_angled,dedicated_angled_41ft_az90,41.0,90.0,19.5,none,20m,14050000,178.07,-553.67,38.24637507682668,0.9166,True
sloper_20_to_40_feed20_end40_dedicated_angled_41ft_az90_none,sloper_20_to_40,20.0,40.0,dedicated_angled,dedicated_angled_41ft_az90,41.0,90.0,19.5,none,17m,18080000,2453.0,569.58,51.70614201204602,0.9161,True
sloper_20_to_40_feed20_end40_dedicated_angled_41ft_az90_none,sloper_20_to_40,20.0,40.0,dedicated_angled,dedicated_angled_41ft_az90,41.0,90.0,19.5,none,15m,21050000,282.11,101.56,6.394280960129409,0.9065000000000001,True
sloper_20_to_40_feed20_end40_dedicated_angled_41ft_az90_none,sloper_20_to_40,20.0,40.0,dedicated_angled,dedicated_angled_41ft_az90,41.0,90.0,19.5,none,12m,24910000,574.47,-710.62,29.122853343550712,0.922,True
sloper_20_to_40_feed20_end40_dedicated_angled_41ft_az90_none,sloper_20_to_40,20.0,40.0,dedicated_angled,dedicated_angled_41ft_az90,41.0,90.0,19.5,none,10m,28050000,1066.2,-1276.4,51.91244566923002,0.8987,True
sloper_20_to_40_feed20_end40_dedicated_angled_41ft_az90_none,sloper_20_to_40,20.0,40.0,dedicated_angled,dedicated_angled_41ft_az90,41.0,90.0,19.5,none,6m,50100000,240.87,-529.88,28.30287284638484,0.8991,True
sloper_20_to_40_feed20_end40_dedicated_angled_45ft_az135_cfrp_5e3_3in,sloper_20_to_40,20.0,40.0,dedicated_angled,dedicated_angled_45ft_az135,45.0,135.0,19.5,cfrp_5e3_3in,160m,1850000,11.358,-1428.2,3596.3797961884225,0.7474,True
sloper_20_to_40_feed20_end40_dedicated_angled_45ft_az135_cfrp_5e3_3in,sloper_20_to_40,20.0,40.0,dedicated_angled,dedicated_angled_45ft_az135,45.0,135.0,19.5,cfrp_5e3_3in,80m,3550000,29.543,-430.86,127.9501633007436,0.8393999999999999,True
sloper_20_to_40_feed20_end40_dedicated_angled_45ft_az135_cfrp_5e3_3in,sloper_20_to_40,20.0,40.0,dedicated_angled,dedicated_angled_45ft_az135,45.0,135.0,19.5,cfrp_5e3_3in,60m,5357000,84.616,191.91,10.896531439194854,0.897,True
sloper_20_to_40_feed20_end40_dedicated_angled_45ft_az135_cfrp_5e3_3in,sloper_20_to_40,20.0,40.0,dedicated_angled,dedicated_angled_45ft_az135,45.0,135.0,19.5,cfrp_5e3_3in,40m,7050000,313.56,968.45,66.23795024831692,0.9265000000000001,True
sloper_20_to_40_feed20_end40_dedicated_angled_45ft_az135_cfrp_5e3_3in,sloper_20_to_40,20.0,40.0,dedicated_angled,dedicated_angled_45ft_az135,45.0,135.0,19.5,cfrp_5e3_3in,30m,10120000,2973.6,308.51,60.11233528973294,0.9181999999999999,True
sloper_20_to_40_feed20_end40_dedicated_angled_45ft_az135_cfrp_5e3_3in,sloper_20_to_40,20.0,40.0,dedicated_angled,dedicated_angled_45ft_az135,45.0,135.0,19.5,cfrp_5e3_3in,20m,14050000,97.842,-275.58,17.93598659839111,0.867,True
sloper_20_to_40_feed20_end40_dedicated_angled_45ft_az135_cfrp_5e3_3in,sloper_20_to_40,20.0,40.0,dedicated_angled,dedicated_angled_45ft_az135,45.0,135.0,19.5,cfrp_5e3_3in,17m,18080000,2579.5,113.94,51.69069543473381,0.9109999999999999,True
sloper_20_to_40_feed20_end40_dedicated_angled_45ft_az135_cfrp_5e3_3in,sloper_20_to_40,20.0,40.0,dedicated_angled,dedicated_angled_45ft_az135,45.0,135.0,19.5,cfrp_5e3_3in,15m,21050000,2314.0,-483.4,48.300571678630625,0.9044,True
sloper_20_to_40_feed20_end40_dedicated_angled_45ft_az135_cfrp_5e3_3in,sloper_20_to_40,20.0,40.0,dedicated_angled,dedicated_angled_45ft_az135,45.0,135.0,19.5,cfrp_5e3_3in,12m,24910000,217.48,-57.522,4.669640612551083,0.8341,True
sloper_20_to_40_feed20_end40_dedicated_angled_45ft_az135_cfrp_5e3_3in,sloper_20_to_40,20.0,40.0,dedicated_angled,dedicated_angled_45ft_az135,45.0,135.0,19.5,cfrp_5e3_3in,10m,28050000,1260.4,-1113.1,44.885683256820435,0.8856999999999999,True
sloper_20_to_40_feed20_end40_dedicated_angled_45ft_az135_cfrp_5e3_3in,sloper_20_to_40,20.0,40.0,dedicated_angled,dedicated_angled_45ft_az135,45.0,135.0,19.5,cfrp_5e3_3in,6m,50100000,169.84,7.7487,3.4045397240621456,0.8534999999999999,True
sloper_20_to_40_feed20_end40_dedicated_angled_45ft_az135_cfrp_5e4_12in,sloper_20_to_40,20.0,40.0,dedicated_angled,dedicated_angled_45ft_az135,45.0,135.0,19.5,cfrp_5e4_12in,160m,1850000,11.192,-1414.8,3581.6371419278476,0.7437,True
sloper_20_to_40_feed20_end40_dedicated_angled_45ft_az135_cfrp_5e4_12in,sloper_20_to_40,20.0,40.0,dedicated_angled,dedicated_angled_45ft_az135,45.0,135.0,19.5,cfrp_5e4_12in,80m,3550000,29.254,-425.46,126.04115893668654,0.8379000000000001,True
sloper_20_to_40_feed20_end40_dedicated_angled_45ft_az135_cfrp_5e4_12in,sloper_20_to_40,20.0,40.0,dedicated_angled,dedicated_angled_45ft_az135,45.0,135.0,19.5,cfrp_5e4_12in,60m,5357000,84.576,194.13,11.104506791965756,0.8970999999999999,True
sloper_20_to_40_feed20_end40_dedicated_angled_45ft_az135_cfrp_5e4_12in,sloper_20_to_40,20.0,40.0,dedicated_angled,dedicated_angled_45ft_az135,45.0,135.0,19.5,cfrp_5e4_12in,40m,7050000,317.83,971.06,65.83595332302603,0.9276000000000001,True
sloper_20_to_40_feed20_end40_dedicated_angled_45ft_az135_cfrp_5e4_12in,sloper_20_to_40,20.0,40.0,dedicated_angled,dedicated_angled_45ft_az135,45.0,135.0,19.5,cfrp_5e4_12in,30m,10120000,2726.1,235.94,54.93054170543204,0.9164,True
sloper_20_to_40_feed20_end40_dedicated_angled_45ft_az135_cfrp_5e4_12in,sloper_20_to_40,20.0,40.0,dedicated_angled,dedicated_angled_45ft_az135,45.0,135.0,19.5,cfrp_5e4_12in,20m,14050000,96.109,-261.4,16.60145048514217,0.8706999999999999,True
sloper_20_to_40_feed20_end40_dedicated_angled_45ft_az135_cfrp_5e4_12in,sloper_20_to_40,20.0,40.0,dedicated_angled,dedicated_angled_45ft_az135,45.0,135.0,19.5,cfrp_5e4_12in,17m,18080000,2714.8,240.71,54.722998757776985,0.9167000000000001,True
sloper_20_to_40_feed20_end40_dedicated_angled_45ft_az135_cfrp_5e4_12in,sloper_20_to_40,20.0,40.0,dedicated_angled,dedicated_angled_45ft_az135,45.0,135.0,19.5,cfrp_5e4_12in,15m,21050000,2245.0,-280.25,45.600030657888595,0.9176000000000001,True
sloper_20_to_40_feed20_end40_dedicated_angled_45ft_az135_cfrp_5e4_12in,sloper_20_to_40,20.0,40.0,dedicated_angled,dedicated_angled_45ft_az135,45.0,135.0,19.5,cfrp_5e4_12in,12m,24910000,247.79,-56.889,5.227505780756837,0.8876999999999999,True
sloper_20_to_40_feed20_end40_dedicated_angled_45ft_az135_cfrp_5e4_12in,sloper_20_to_40,20.0,40.0,dedicated_angled,dedicated_angled_45ft_az135,45.0,135.0,19.5,cfrp_5e4_12in,10m,28050000,1245.0,-1152.7,46.263401348447715,0.8922,True
sloper_20_to_40_feed20_end40_dedicated_angled_45ft_az135_cfrp_5e4_12in,sloper_20_to_40,20.0,40.0,dedicated_angled,dedicated_angled_45ft_az135,45.0,135.0,19.5,cfrp_5e4_12in,6m,50100000,160.3,13.171,3.229957372928441,0.8551000000000001,True
sloper_20_to_40_feed20_end40_dedicated_angled_45ft_az135_cfrp_5e4_3in,sloper_20_to_40,20.0,40.0,dedicated_angled,dedicated_angled_45ft_az135,45.0,135.0,19.5,cfrp_5e4_3in,160m,1850000,11.359,-1428.2,3596.063225539529,0.7474,True
sloper_20_to_40_feed20_end40_dedicated_angled_45ft_az135_cfrp_5e4_3in,sloper_20_to_40,20.0,40.0,dedicated_angled,dedicated_angled_45ft_az135,45.0,135.0,19.5,cfrp_5e4_3in,80m,3550000,29.544,-430.86,127.94587193926867,0.8393999999999999,True
sloper_20_to_40_feed20_end40_dedicated_angled_45ft_az135_cfrp_5e4_3in,sloper_20_to_40,20.0,40.0,dedicated_angled,dedicated_angled_45ft_az135,45.0,135.0,19.5,cfrp_5e4_3in,60m,5357000,84.61,191.92,10.897990227688942,0.8970999999999999,True
sloper_20_to_40_feed20_end40_dedicated_angled_45ft_az135_cfrp_5e4_3in,sloper_20_to_40,20.0,40.0,dedicated_angled,dedicated_angled_45ft_az135,45.0,135.0,19.5,cfrp_5e4_3in,40m,7050000,313.56,968.61,66.25772319351289,0.9268000000000001,True
sloper_20_to_40_feed20_end40_dedicated_angled_45ft_az135_cfrp_5e4_3in,sloper_20_to_40,20.0,40.0,dedicated_angled,dedicated_angled_45ft_az135,45.0,135.0,19.5,cfrp_5e4_3in,30m,10120000,2970.9,310.49,60.0671706797992,0.9192,True
sloper_20_to_40_feed20_end40_dedicated_angled_45ft_az135_cfrp_5e4_3in,sloper_20_to_40,20.0,40.0,dedicated_angled,dedicated_angled_45ft_az135,45.0,135.0,19.5,cfrp_5e4_3in,20m,14050000,97.508,-276.04,18.036588908455816,0.872,True
sloper_20_to_40_feed20_end40_dedicated_angled_45ft_az135_cfrp_5e4_3in,sloper_20_to_40,20.0,40.0,dedicated_angled,dedicated_angled_45ft_az135,45.0,135.0,19.5,cfrp_5e4_3in,17m,18080000,2591.6,113.83,51.93203152031186,0.9151,True
sloper_20_to_40_feed20_end40_dedicated_angled_45ft_az135_cfrp_5e4_3in,sloper_20_to_40,20.0,40.0,dedicated_angled,dedicated_angled_45ft_az135,45.0,135.0,19.5,cfrp_5e4_3in,15m,21050000,2367.4,-468.63,49.20411543313433,0.9234,True
sloper_20_to_40_feed20_end40_dedicated_angled_45ft_az135_cfrp_5e4_3in,sloper_20_to_40,20.0,40.0,dedicated_angled,dedicated_angled_45ft_az135,45.0,135.0,19.5,cfrp_5e4_3in,12m,24910000,225.27,-62.158,4.864819392061853,0.8768,True
sloper_20_to_40_feed20_end40_dedicated_angled_45ft_az135_cfrp_5e4_3in,sloper_20_to_40,20.0,40.0,dedicated_angled,dedicated_angled_45ft_az135,45.0,135.0,19.5,cfrp_5e4_3in,10m,28050000,1274.7,-1113.7,44.97168831916141,0.8945000000000001,True
sloper_20_to_40_feed20_end40_dedicated_angled_45ft_az135_cfrp_5e4_3in,sloper_20_to_40,20.0,40.0,dedicated_angled,dedicated_angled_45ft_az135,45.0,135.0,19.5,cfrp_5e4_3in,6m,50100000,171.36,5.7736,3.4314521447571686,0.8613,True
sloper_20_to_40_feed20_end40_dedicated_angled_45ft_az135_none,sloper_20_to_40,20.0,40.0,dedicated_angled,dedicated_angled_45ft_az135,45.0,135.0,19.5,none,160m,1850000,11.275,-1416.0,3561.300163772187,0.7454000000000001,True
sloper_20_to_40_feed20_end40_dedicated_angled_45ft_az135_none,sloper_20_to_40,20.0,40.0,dedicated_angled,dedicated_angled_45ft_az135,45.0,135.0,19.5,none,80m,3550000,29.163,-425.7,126.57096331254844,0.8373,True
sloper_20_to_40_feed20_end40_dedicated_angled_45ft_az135_none,sloper_20_to_40,20.0,40.0,dedicated_angled,dedicated_angled_45ft_az135,45.0,135.0,19.5,none,60m,5357000,82.835,194.13,11.270746969993672,0.8951,True
sloper_20_to_40_feed20_end40_dedicated_angled_45ft_az135_none,sloper_20_to_40,20.0,40.0,dedicated_angled,dedicated_angled_45ft_az135,45.0,135.0,19.5,none,40m,7050000,307.03,974.17,68.10729948968952,0.9254000000000001,True
sloper_20_to_40_feed20_end40_dedicated_angled_45ft_az135_none,sloper_20_to_40,20.0,40.0,dedicated_angled,dedicated_angled_45ft_az135,45.0,135.0,19.5,none,30m,10120000,2377.3,282.28,48.216649653990565,0.9136,True
sloper_20_to_40_feed20_end40_dedicated_angled_45ft_az135_none,sloper_20_to_40,20.0,40.0,dedicated_angled,dedicated_angled_45ft_az135,45.0,135.0,19.5,none,20m,14050000,99.99,-262.96,16.269360190456087,0.8765999999999999,True
sloper_20_to_40_feed20_end40_dedicated_angled_45ft_az135_none,sloper_20_to_40,20.0,40.0,dedicated_angled,dedicated_angled_45ft_az135,45.0,135.0,19.5,none,17m,18080000,2701.3,492.28,55.820839390889866,0.9198999999999999,True
sloper_20_to_40_feed20_end40_dedicated_angled_45ft_az135_none,sloper_20_to_40,20.0,40.0,dedicated_angled,dedicated_angled_45ft_az135,45.0,135.0,19.5,none,15m,21050000,1964.1,433.0,41.19234000555486,0.9187000000000001,True
sloper_20_to_40_feed20_end40_dedicated_angled_45ft_az135_none,sloper_20_to_40,20.0,40.0,dedicated_angled,dedicated_angled_45ft_az135,45.0,135.0,19.5,none,12m,24910000,174.3,-4.6475,3.4887004468554874,0.8721,True
sloper_20_to_40_feed20_end40_dedicated_angled_45ft_az135_none,sloper_20_to_40,20.0,40.0,dedicated_angled,dedicated_angled_45ft_az135,45.0,135.0,19.5,none,10m,28050000,1142.6,-1195.8,47.90442529437134,0.8909999999999999,True
sloper_20_to_40_feed20_end40_dedicated_angled_45ft_az135_none,sloper_20_to_40,20.0,40.0,dedicated_angled,dedicated_angled_45ft_az135,45.0,135.0,19.5,none,6m,50100000,162.18,21.833,3.3084248307358246,0.8579000000000001,True
sloper_20_to_40_feed20_end40_dedicated_angled_45ft_az180_cfrp_5e3_3in,sloper_20_to_40,20.0,40.0,dedicated_angled,dedicated_angled_45ft_az180,45.0,180.0,19.5,cfrp_5e3_3in,160m,1850000,11.687,-1402.2,3369.215799660044,0.7539,True
sloper_20_to_40_feed20_end40_dedicated_angled_45ft_az180_cfrp_5e3_3in,sloper_20_to_40,20.0,40.0,dedicated_angled,dedicated_angled_45ft_az180,45.0,180.0,19.5,cfrp_5e3_3in,80m,3550000,30.719,-418.08,116.0332733550314,0.8451000000000001,True
sloper_20_to_40_feed20_end40_dedicated_angled_45ft_az180_cfrp_5e3_3in,sloper_20_to_40,20.0,40.0,dedicated_angled,dedicated_angled_45ft_az180,45.0,180.0,19.5,cfrp_5e3_3in,60m,5357000,88.766,199.17,11.187020957322401,0.9014,True
sloper_20_to_40_feed20_end40_dedicated_angled_45ft_az180_cfrp_5e3_3in,sloper_20_to_40,20.0,40.0,dedicated_angled,dedicated_angled_45ft_az180,45.0,180.0,19.5,cfrp_5e3_3in,40m,7050000,328.48,968.5,63.81721872812873,0.9296,True
sloper_20_to_40_feed20_end40_dedicated_angled_45ft_az180_cfrp_5e3_3in,sloper_20_to_40,20.0,40.0,dedicated_angled,dedicated_angled_45ft_az180,45.0,180.0,19.5,cfrp_5e3_3in,30m,10120000,2817.4,341.03,57.17385058761201,0.9144,True
sloper_20_to_40_feed20_end40_dedicated_angled_45ft_az180_cfrp_5e3_3in,sloper_20_to_40,20.0,40.0,dedicated_angled,dedicated_angled_45ft_az180,45.0,180.0,19.5,cfrp_5e3_3in,20m,14050000,91.773,-254.29,16.411381547944934,0.8576,True
sloper_20_to_40_feed20_end40_dedicated_angled_45ft_az180_cfrp_5e3_3in,sloper_20_to_40,20.0,40.0,dedicated_angled,dedicated_angled_45ft_az180,45.0,180.0,19.5,cfrp_5e3_3in,17m,18080000,2593.8,19.324,51.87888037457675,0.9131999999999999,True
sloper_20_to_40_feed20_end40_dedicated_angled_45ft_az180_cfrp_5e3_3in,sloper_20_to_40,20.0,40.0,dedicated_angled,dedicated_angled_45ft_az180,45.0,180.0,19.5,cfrp_5e3_3in,15m,21050000,2287.5,-310.91,46.59555536471508,0.9026000000000001,True
sloper_20_to_40_feed20_end40_dedicated_angled_45ft_az180_cfrp_5e3_3in,sloper_20_to_40,20.0,40.0,dedicated_angled,dedicated_angled_45ft_az180,45.0,180.0,19.5,cfrp_5e3_3in,12m,24910000,221.41,-27.751,4.501439092906996,0.8419,True
sloper_20_to_40_feed20_end40_dedicated_angled_45ft_az180_cfrp_5e3_3in,sloper_20_to_40,20.0,40.0,dedicated_angled,dedicated_angled_45ft_az180,45.0,180.0,19.5,cfrp_5e3_3in,10m,28050000,1207.2,-1143.6,45.830612597165924,0.8806999999999999,True
sloper_20_to_40_feed20_end40_dedicated_angled_45ft_az180_cfrp_5e3_3in,sloper_20_to_40,20.0,40.0,dedicated_angled,dedicated_angled_45ft_az180,45.0,180.0,19.5,cfrp_5e3_3in,6m,50100000,155.62,39.155,3.33047063103045,0.8329000000000001,True
sloper_20_to_40_feed20_end40_dedicated_angled_45ft_az180_cfrp_5e4_12in,sloper_20_to_40,20.0,40.0,dedicated_angled,dedicated_angled_45ft_az180,45.0,180.0,19.5,cfrp_5e4_12in,160m,1850000,11.653,-1401.3,3374.71433923816,0.7532,True
sloper_20_to_40_feed20_end40_dedicated_angled_45ft_az180_cfrp_5e4_12in,sloper_20_to_40,20.0,40.0,dedicated_angled,dedicated_angled_45ft_az180,45.0,180.0,19.5,cfrp_5e4_12in,80m,3550000,30.646,-417.87,116.19221208977125,0.8448,True
sloper_20_to_40_feed20_end40_dedicated_angled_45ft_az180_cfrp_5e4_12in,sloper_20_to_40,20.0,40.0,dedicated_angled,dedicated_angled_45ft_az180,45.0,180.0,19.5,cfrp_5e4_12in,60m,5357000,88.791,199.12,11.180306443128805,0.9016,True
sloper_20_to_40_feed20_end40_dedicated_angled_45ft_az180_cfrp_5e4_12in,sloper_20_to_40,20.0,40.0,dedicated_angled,dedicated_angled_45ft_az180,45.0,180.0,19.5,cfrp_5e4_12in,40m,7050000,330.19,968.37,63.53954163791329,0.9301999999999999,True
sloper_20_to_40_feed20_end40_dedicated_angled_45ft_az180_cfrp_5e4_12in,sloper_20_to_40,20.0,40.0,dedicated_angled,dedicated_angled_45ft_az180,45.0,180.0,19.5,cfrp_5e4_12in,30m,10120000,2680.9,371.33,54.647005513146645,0.9144,True
sloper_20_to_40_feed20_end40_dedicated_angled_45ft_az180_cfrp_5e4_12in,sloper_20_to_40,20.0,40.0,dedicated_angled,dedicated_angled_45ft_az180,45.0,180.0,19.5,cfrp_5e4_12in,20m,14050000,91.306,-254.77,16.53086770523405,0.8615,True
sloper_20_to_40_feed20_end40_dedicated_angled_45ft_az180_cfrp_5e4_12in,sloper_20_to_40,20.0,40.0,dedicated_angled,dedicated_angled_45ft_az180,45.0,180.0,19.5,cfrp_5e4_12in,17m,18080000,2652.6,157.09,53.23812688230496,0.9173,True
sloper_20_to_40_feed20_end40_dedicated_angled_45ft_az180_cfrp_5e4_12in,sloper_20_to_40,20.0,40.0,dedicated_angled,dedicated_angled_45ft_az180,45.0,180.0,19.5,cfrp_5e4_12in,15m,21050000,2293.5,-81.329,45.92770697559484,0.9198000000000001,True
sloper_20_to_40_feed20_end40_dedicated_angled_45ft_az180_cfrp_5e4_12in,sloper_20_to_40,20.0,40.0,dedicated_angled,dedicated_angled_45ft_az180,45.0,180.0,19.5,cfrp_5e4_12in,12m,24910000,217.05,-23.418,4.394327972194785,0.8774,True
sloper_20_to_40_feed20_end40_dedicated_angled_45ft_az180_cfrp_5e4_12in,sloper_20_to_40,20.0,40.0,dedicated_angled,dedicated_angled_45ft_az180,45.0,180.0,19.5,cfrp_5e4_12in,10m,28050000,1205.8,-1170.0,46.84137551933563,0.8881,True
sloper_20_to_40_feed20_end40_dedicated_angled_45ft_az180_cfrp_5e4_12in,sloper_20_to_40,20.0,40.0,dedicated_angled,dedicated_angled_45ft_az180,45.0,180.0,19.5,cfrp_5e4_12in,6m,50100000,153.72,41.761,3.3258998133157514,0.8401000000000001,True
sloper_20_to_40_feed20_end40_dedicated_angled_45ft_az180_cfrp_5e4_3in,sloper_20_to_40,20.0,40.0,dedicated_angled,dedicated_angled_45ft_az180,45.0,180.0,19.5,cfrp_5e4_3in,160m,1850000,11.687,-1402.2,3369.215799660044,0.7539,True
sloper_20_to_40_feed20_end40_dedicated_angled_45ft_az180_cfrp_5e4_3in,sloper_20_to_40,20.0,40.0,dedicated_angled,dedicated_angled_45ft_az180,45.0,180.0,19.5,cfrp_5e4_3in,80m,3550000,30.718,-418.08,116.03701128326533,0.8451000000000001,True
sloper_20_to_40_feed20_end40_dedicated_angled_45ft_az180_cfrp_5e4_3in,sloper_20_to_40,20.0,40.0,dedicated_angled,dedicated_angled_45ft_az180,45.0,180.0,19.5,cfrp_5e4_3in,60m,5357000,88.758,199.18,11.188627762915917,0.9016,True
sloper_20_to_40_feed20_end40_dedicated_angled_45ft_az180_cfrp_5e4_3in,sloper_20_to_40,20.0,40.0,dedicated_angled,dedicated_angled_45ft_az180,45.0,180.0,19.5,cfrp_5e4_3in,40m,7050000,328.47,968.66,63.837639154117035,0.9299,True
sloper_20_to_40_feed20_end40_dedicated_angled_45ft_az180_cfrp_5e4_3in,sloper_20_to_40,20.0,40.0,dedicated_angled,dedicated_angled_45ft_az180,45.0,180.0,19.5,cfrp_5e4_3in,30m,10120000,2816.5,341.45,57.1581507147131,0.9154000000000001,True
sloper_20_to_40_feed20_end40_dedicated_angled_45ft_az180_cfrp_5e4_3in,sloper_20_to_40,20.0,40.0,dedicated_angled,dedicated_angled_45ft_az180,45.0,180.0,19.5,cfrp_5e4_3in,20m,14050000,91.395,-254.68,16.508152668200857,0.8615999999999999,True
sloper_20_to_40_feed20_end40_dedicated_angled_45ft_az180_cfrp_5e4_3in,sloper_20_to_40,20.0,40.0,dedicated_angled,dedicated_angled_45ft_az180,45.0,180.0,19.5,cfrp_5e4_3in,17m,18080000,2605.6,20.624,52.115266088825855,0.9173,True
sloper_20_to_40_feed20_end40_dedicated_angled_45ft_az180_cfrp_5e4_3in,sloper_20_to_40,20.0,40.0,dedicated_angled,dedicated_angled_45ft_az180,45.0,180.0,19.5,cfrp_5e4_3in,15m,21050000,2329.5,-293.85,47.33167844625048,0.9196,True
sloper_20_to_40_feed20_end40_dedicated_angled_45ft_az180_cfrp_5e4_3in,sloper_20_to_40,20.0,40.0,dedicated_angled,dedicated_angled_45ft_az180,45.0,180.0,19.5,cfrp_5e4_3in,12m,24910000,230.74,-33.415,4.716241869033086,0.8808,True
sloper_20_to_40_feed20_end40_dedicated_angled_45ft_az180_cfrp_5e4_3in,sloper_20_to_40,20.0,40.0,dedicated_angled,dedicated_angled_45ft_az180,45.0,180.0,19.5,cfrp_5e4_3in,10m,28050000,1220.8,-1142.8,45.83080971246369,0.8901,True
sloper_20_to_40_feed20_end40_dedicated_angled_45ft_az180_cfrp_5e4_3in,sloper_20_to_40,20.0,40.0,dedicated_angled,dedicated_angled_45ft_az180,45.0,180.0,19.5,cfrp_5e4_3in,6m,50100000,156.61,37.833,3.3343453111350443,0.8417,True
sloper_20_to_40_feed20_end40_dedicated_angled_45ft_az180_none,sloper_20_to_40,20.0,40.0,dedicated_angled,dedicated_angled_45ft_az180,45.0,180.0,19.5,none,160m,1850000,11.724,-1401.8,3356.6709613417593,0.7545999999999999,True
sloper_20_to_40_feed20_end40_dedicated_angled_45ft_az180_none,sloper_20_to_40,20.0,40.0,dedicated_angled,dedicated_angled_45ft_az180,45.0,180.0,19.5,none,80m,3550000,30.554,-417.9,116.55485355941518,0.8443,True
sloper_20_to_40_feed20_end40_dedicated_angled_45ft_az180_none,sloper_20_to_40,20.0,40.0,dedicated_angled,dedicated_angled_45ft_az180,45.0,180.0,19.5,none,60m,5357000,87.179,199.22,11.333966827574868,0.8998999999999999,True
sloper_20_to_40_feed20_end40_dedicated_angled_45ft_az180_none,sloper_20_to_40,20.0,40.0,dedicated_angled,dedicated_angled_45ft_az180,45.0,180.0,19.5,none,40m,7050000,320.26,971.62,65.5009943438957,0.9284,True
sloper_20_to_40_feed20_end40_dedicated_angled_45ft_az180_none,sloper_20_to_40,20.0,40.0,dedicated_angled,dedicated_angled_45ft_az180,45.0,180.0,19.5,none,30m,10120000,2428.5,363.82,49.66054883722724,0.9120999999999999,True
sloper_20_to_40_feed20_end40_dedicated_angled_45ft_az180_none,sloper_20_to_40,20.0,40.0,dedicated_angled,dedicated_angled_45ft_az180,45.0,180.0,19.5,none,20m,14050000,94.744,-253.82,15.959679755447745,0.8678,True
sloper_20_to_40_feed20_end40_dedicated_angled_45ft_az180_none,sloper_20_to_40,20.0,40.0,dedicated_angled,dedicated_angled_45ft_az180,45.0,180.0,19.5,none,17m,18080000,2638.8,420.14,54.11433142702129,0.9209999999999999,True
sloper_20_to_40_feed20_end40_dedicated_angled_45ft_az180_none,sloper_20_to_40,20.0,40.0,dedicated_angled,dedicated_angled_45ft_az180,45.0,180.0,19.5,none,15m,21050000,2034.0,405.62,42.2987144150275,0.9205,True
sloper_20_to_40_feed20_end40_dedicated_angled_45ft_az180_none,sloper_20_to_40,20.0,40.0,dedicated_angled,dedicated_angled_45ft_az180,45.0,180.0,19.5,none,12m,24910000,170.13,23.028,3.470706363721264,0.8663,True
sloper_20_to_40_feed20_end40_dedicated_angled_45ft_az180_none,sloper_20_to_40,20.0,40.0,dedicated_angled,dedicated_angled_45ft_az180,45.0,180.0,19.5,none,10m,28050000,1096.9,-1217.3,48.98147854951734,0.885,True
sloper_20_to_40_feed20_end40_dedicated_angled_45ft_az180_none,sloper_20_to_40,20.0,40.0,dedicated_angled,dedicated_angled_45ft_az180,45.0,180.0,19.5,none,6m,50100000,153.35,52.887,3.4696270740176294,0.8439,True
sloper_20_to_40_feed20_end40_dedicated_angled_45ft_az90_cfrp_5e3_3in,sloper_20_to_40,20.0,40.0,dedicated_angled,dedicated_angled_45ft_az90,45.0,90.0,19.5,cfrp_5e3_3in,160m,1850000,11.453,-1675.3,4905.721024149282,0.7523000000000001,True
sloper_20_to_40_feed20_end40_dedicated_angled_45ft_az90_cfrp_5e3_3in,sloper_20_to_40,20.0,40.0,dedicated_angled,dedicated_angled_45ft_az90,45.0,90.0,19.5,cfrp_5e3_3in,80m,3550000,29.024,-522.61,190.5016447726034,0.8386,True
sloper_20_to_40_feed20_end40_dedicated_angled_45ft_az90_cfrp_5e3_3in,sloper_20_to_40,20.0,40.0,dedicated_angled,dedicated_angled_45ft_az90,45.0,90.0,19.5,cfrp_5e3_3in,60m,5357000,82.01,189.72,10.936318778183509,0.895,True
sloper_20_to_40_feed20_end40_dedicated_angled_45ft_az90_cfrp_5e3_3in,sloper_20_to_40,20.0,40.0,dedicated_angled,dedicated_angled_45ft_az90,45.0,90.0,19.5,cfrp_5e3_3in,40m,7050000,310.92,1083.9,81.93880930493913,0.9254000000000001,True
sloper_20_to_40_feed20_end40_dedicated_angled_45ft_az90_cfrp_5e3_3in,sloper_20_to_40,20.0,40.0,dedicated_angled,dedicated_angled_45ft_az90,45.0,90.0,19.5,cfrp_5e3_3in,30m,10120000,3704.1,-175.2,74.24776561918891,0.937,True
sloper_20_to_40_feed20_end40_dedicated_angled_45ft_az90_cfrp_5e3_3in,sloper_20_to_40,20.0,40.0,dedicated_angled,dedicated_angled_45ft_az90,45.0,90.0,19.5,cfrp_5e3_3in,20m,14050000,128.09,-347.06,21.71328503837842,0.9056000000000001,True
sloper_20_to_40_feed20_end40_dedicated_angled_45ft_az90_cfrp_5e3_3in,sloper_20_to_40,20.0,40.0,dedicated_angled,dedicated_angled_45ft_az90,45.0,90.0,19.5,cfrp_5e3_3in,17m,18080000,2777.5,472.58,57.158656818591005,0.9129,True
sloper_20_to_40_feed20_end40_dedicated_angled_45ft_az90_cfrp_5e3_3in,sloper_20_to_40,20.0,40.0,dedicated_angled,dedicated_angled_45ft_az90,45.0,90.0,19.5,cfrp_5e3_3in,15m,21050000,2358.0,-1196.8,59.31303207145469,0.9174,True
sloper_20_to_40_feed20_end40_dedicated_angled_45ft_az90_cfrp_5e3_3in,sloper_20_to_40,20.0,40.0,dedicated_angled,dedicated_angled_45ft_az90,45.0,90.0,19.5,cfrp_5e3_3in,12m,24910000,272.93,-114.73,6.451358734149022,0.8665999999999999,True
sloper_20_to_40_feed20_end40_dedicated_angled_45ft_az90_cfrp_5e3_3in,sloper_20_to_40,20.0,40.0,dedicated_angled,dedicated_angled_45ft_az90,45.0,90.0,19.5,cfrp_5e3_3in,10m,28050000,1431.7,-1110.8,45.88365423413494,0.8993000000000001,True
sloper_20_to_40_feed20_end40_dedicated_angled_45ft_az90_cfrp_5e3_3in,sloper_20_to_40,20.0,40.0,dedicated_angled,dedicated_angled_45ft_az90,45.0,90.0,19.5,cfrp_5e3_3in,6m,50100000,217.08,5.5703,4.3446187297887855,0.8936,True
sloper_20_to_40_feed20_end40_dedicated_angled_45ft_az90_cfrp_5e4_12in,sloper_20_to_40,20.0,40.0,dedicated_angled,dedicated_angled_45ft_az90,45.0,90.0,19.5,cfrp_5e4_12in,160m,1850000,7.7901,-1289.5,4275.608386434396,0.624,True
sloper_20_to_40_feed20_end40_dedicated_angled_45ft_az90_cfrp_5e4_12in,sloper_20_to_40,20.0,40.0,dedicated_angled,dedicated_angled_45ft_az90,45.0,90.0,19.5,cfrp_5e4_12in,80m,3550000,21.173,-390.89,147.10819593356,0.7764,True
sloper_20_to_40_feed20_end40_dedicated_angled_45ft_az90_cfrp_5e4_12in,sloper_20_to_40,20.0,40.0,dedicated_angled,dedicated_angled_45ft_az90,45.0,90.0,19.5,cfrp_5e4_12in,60m,5357000,68.348,180.25,11.518942784512502,0.8739,True
sloper_20_to_40_feed20_end40_dedicated_angled_45ft_az90_cfrp_5e4_12in,sloper_20_to_40,20.0,40.0,dedicated_angled,dedicated_angled_45ft_az90,45.0,90.0,19.5,cfrp_5e4_12in,40m,7050000,305.72,934.36,63.37512293973939,0.9172,True
sloper_20_to_40_feed20_end40_dedicated_angled_45ft_az90_cfrp_5e4_12in,sloper_20_to_40,20.0,40.0,dedicated_angled,dedicated_angled_45ft_az90,45.0,90.0,19.5,cfrp_5e4_12in,30m,10120000,1400.0,-549.23,32.31410508873537,0.5324,True
sloper_20_to_40_feed20_end40_dedicated_angled_45ft_az90_cfrp_5e4_12in,sloper_20_to_40,20.0,40.0,dedicated_angled,dedicated_angled_45ft_az90,45.0,90.0,19.5,cfrp_5e4_12in,20m,14050000,100.23,-137.77,6.127661805740995,0.7990999999999999,True
sloper_20_to_40_feed20_end40_dedicated_angled_45ft_az90_cfrp_5e4_12in,sloper_20_to_40,20.0,40.0,dedicated_angled,dedicated_angled_45ft_az90,45.0,90.0,19.5,cfrp_5e4_12in,17m,18080000,2925.8,485.93,60.1305675881567,0.9163,True
sloper_20_to_40_feed20_end40_dedicated_angled_45ft_az90_cfrp_5e4_12in,sloper_20_to_40,20.0,40.0,dedicated_angled,dedicated_angled_45ft_az90,45.0,90.0,19.5,cfrp_5e4_12in,15m,21050000,1381.9,-4.0161,27.63823373908301,0.7736,True
sloper_20_to_40_feed20_end40_dedicated_angled_45ft_az90_cfrp_5e4_12in,sloper_20_to_40,20.0,40.0,dedicated_angled,dedicated_angled_45ft_az90,45.0,90.0,19.5,cfrp_5e4_12in,12m,24910000,371.77,-56.53,7.610407692484016,0.9253,True
sloper_20_to_40_feed20_end40_dedicated_angled_45ft_az90_cfrp_5e4_12in,sloper_20_to_40,20.0,40.0,dedicated_angled,dedicated_angled_45ft_az90,45.0,90.0,19.5,cfrp_5e4_12in,10m,28050000,1184.9,-1082.4,43.492540845576045,0.8845999999999999,True
sloper_20_to_40_feed20_end40_dedicated_angled_45ft_az90_cfrp_5e4_12in,sloper_20_to_40,20.0,40.0,dedicated_angled,dedicated_angled_45ft_az90,45.0,90.0,19.5,cfrp_5e4_12in,6m,50100000,145.86,19.162,2.9741062053875353,0.8518000000000001,True
sloper_20_to_40_feed20_end40_dedicated_angled_45ft_az90_cfrp_5e4_3in,sloper_20_to_40,20.0,40.0,dedicated_angled,dedicated_angled_45ft_az90,45.0,90.0,19.5,cfrp_5e4_3in,160m,1850000,11.456,-1675.3,4904.436475460599,0.7524,True
sloper_20_to_40_feed20_end40_dedicated_angled_45ft_az90_cfrp_5e4_3in,sloper_20_to_40,20.0,40.0,dedicated_angled,dedicated_angled_45ft_az90,45.0,90.0,19.5,cfrp_5e4_3in,80m,3550000,29.027,-522.61,190.4820749487662,0.8386,True
sloper_20_to_40_feed20_end40_dedicated_angled_45ft_az90_cfrp_5e4_3in,sloper_20_to_40,20.0,40.0,dedicated_angled,dedicated_angled_45ft_az90,45.0,90.0,19.5,cfrp_5e4_3in,60m,5357000,82.001,189.74,10.939042879593634,0.8952,True
sloper_20_to_40_feed20_end40_dedicated_angled_45ft_az90_cfrp_5e4_3in,sloper_20_to_40,20.0,40.0,dedicated_angled,dedicated_angled_45ft_az90,45.0,90.0,19.5,cfrp_5e4_3in,40m,7050000,310.82,1084.2,82.00303680769515,0.9261,True
sloper_20_to_40_feed20_end40_dedicated_angled_45ft_az90_cfrp_5e4_3in,sloper_20_to_40,20.0,40.0,dedicated_angled,dedicated_angled_45ft_az90,45.0,90.0,19.5,cfrp_5e4_3in,30m,10120000,3702.8,-175.98,74.22330363803177,0.9393,True
sloper_20_to_40_feed20_end40_dedicated_angled_45ft_az90_cfrp_5e4_3in,sloper_20_to_40,20.0,40.0,dedicated_angled,dedicated_angled_45ft_az90,45.0,90.0,19.5,cfrp_5e4_3in,20m,14050000,127.74,-347.34,21.78948805462853,0.9084,True
sloper_20_to_40_feed20_end40_dedicated_angled_45ft_az90_cfrp_5e4_3in,sloper_20_to_40,20.0,40.0,dedicated_angled,dedicated_angled_45ft_az90,45.0,90.0,19.5,cfrp_5e4_3in,17m,18080000,2793.2,471.6,57.456982041699064,0.9170999999999999,True
sloper_20_to_40_feed20_end40_dedicated_angled_45ft_az90_cfrp_5e4_3in,sloper_20_to_40,20.0,40.0,dedicated_angled,dedicated_angled_45ft_az90,45.0,90.0,19.5,cfrp_5e4_3in,15m,21050000,2434.8,-1212.2,60.770302274247385,0.9375,True
sloper_20_to_40_feed20_end40_dedicated_angled_45ft_az90_cfrp_5e4_3in,sloper_20_to_40,20.0,40.0,dedicated_angled,dedicated_angled_45ft_az90,45.0,90.0,19.5,cfrp_5e4_3in,12m,24910000,279.27,-118.54,6.619692519395363,0.902,True
sloper_20_to_40_feed20_end40_dedicated_angled_45ft_az90_cfrp_5e4_3in,sloper_20_to_40,20.0,40.0,dedicated_angled,dedicated_angled_45ft_az90,45.0,90.0,19.5,cfrp_5e4_3in,10m,28050000,1449.6,-1113.5,46.111348822868266,0.9073,True
sloper_20_to_40_feed20_end40_dedicated_angled_45ft_az90_cfrp_5e4_3in,sloper_20_to_40,20.0,40.0,dedicated_angled,dedicated_angled_45ft_az90,45.0,90.0,19.5,cfrp_5e4_3in,6m,50100000,218.92,1.8615,4.378733991579644,0.8996999999999999,True
sloper_20_to_40_feed20_end40_dedicated_angled_45ft_az90_none,sloper_20_to_40,20.0,40.0,dedicated_angled,dedicated_angled_45ft_az90,45.0,90.0,19.5,none,160m,1850000,10.067,-1462.6,4255.090863603909,0.7170000000000001,True
sloper_20_to_40_feed20_end40_dedicated_angled_45ft_az90_none,sloper_20_to_40,20.0,40.0,dedicated_angled,dedicated_angled_45ft_az90,45.0,90.0,19.5,none,80m,3550000,25.439,-450.79,162.23194819245361,0.8153,True
sloper_20_to_40_feed20_end40_dedicated_angled_45ft_az90_none,sloper_20_to_40,20.0,40.0,dedicated_angled,dedicated_angled_45ft_az90,45.0,90.0,19.5,none,60m,5357000,70.831,177.61,10.93830886137318,0.8789,True
sloper_20_to_40_feed20_end40_dedicated_angled_45ft_az90_none,sloper_20_to_40,20.0,40.0,dedicated_angled,dedicated_angled_45ft_az90,45.0,90.0,19.5,none,40m,7050000,266.28,976.68,77.14708437494514,0.9148000000000001,True
sloper_20_to_40_feed20_end40_dedicated_angled_45ft_az90_none,sloper_20_to_40,20.0,40.0,dedicated_angled,dedicated_angled_45ft_az90,45.0,90.0,19.5,none,30m,10120000,2335.9,-32.652,46.727132597433084,0.9218000000000001,True
sloper_20_to_40_feed20_end40_dedicated_angled_45ft_az90_none,sloper_20_to_40,20.0,40.0,dedicated_angled,dedicated_angled_45ft_az90,45.0,90.0,19.5,none,20m,14050000,117.69,-276.5,15.707119904923497,0.9001,True
sloper_20_to_40_feed20_end40_dedicated_angled_45ft_az90_none,sloper_20_to_40,20.0,40.0,dedicated_angled,dedicated_angled_45ft_az90,45.0,90.0,19.5,none,17m,18080000,2746.6,745.43,58.9794582909913,0.9167000000000001,True
sloper_20_to_40_feed20_end40_dedicated_angled_45ft_az90_none,sloper_20_to_40,20.0,40.0,dedicated_angled,dedicated_angled_45ft_az90,45.0,90.0,19.5,none,15m,21050000,1794.8,327.26,37.09033484908613,0.9213,True
sloper_20_to_40_feed20_end40_dedicated_angled_45ft_az90_none,sloper_20_to_40,20.0,40.0,dedicated_angled,dedicated_angled_45ft_az90,45.0,90.0,19.5,none,12m,24910000,216.41,-33.677,4.438769296952267,0.9034,True
sloper_20_to_40_feed20_end40_dedicated_angled_45ft_az90_none,sloper_20_to_40,20.0,40.0,dedicated_angled,dedicated_angled_45ft_az90,45.0,90.0,19.5,none,10m,28050000,1175.4,-1121.7,44.937352889347295,0.8978,True
sloper_20_to_40_feed20_end40_dedicated_angled_45ft_az90_none,sloper_20_to_40,20.0,40.0,dedicated_angled,dedicated_angled_45ft_az90,45.0,90.0,19.5,none,6m,50100000,179.03,19.456,3.626415868896065,0.8815999999999999,True
sloper_20_to_40_feed20_end40_dedicated_angled_49ft_az135_cfrp_5e3_3in,sloper_20_to_40,20.0,40.0,dedicated_angled,dedicated_angled_49ft_az135,49.0,135.0,19.5,cfrp_5e3_3in,160m,1850000,11.799,-1350.8,3097.380567732045,0.7453,True
sloper_20_to_40_feed20_end40_dedicated_angled_49ft_az135_cfrp_5e3_3in,sloper_20_to_40,20.0,40.0,dedicated_angled,dedicated_angled_49ft_az135,49.0,135.0,19.5,cfrp_5e3_3in,80m,3550000,31.331,-372.78,90.91910874833003,0.8392000000000001,True
sloper_20_to_40_feed20_end40_dedicated_angled_49ft_az135_cfrp_5e3_3in,sloper_20_to_40,20.0,40.0,dedicated_angled,dedicated_angled_49ft_az135,49.0,135.0,19.5,cfrp_5e3_3in,60m,5357000,93.162,269.48,17.934113606788934,0.8973,True
sloper_20_to_40_feed20_end40_dedicated_angled_49ft_az135_cfrp_5e3_3in,sloper_20_to_40,20.0,40.0,dedicated_angled,dedicated_angled_49ft_az135,49.0,135.0,19.5,cfrp_5e3_3in,40m,7050000,370.89,1141.3,77.77975458351916,0.9268000000000001,True
sloper_20_to_40_feed20_end40_dedicated_angled_49ft_az135_cfrp_5e3_3in,sloper_20_to_40,20.0,40.0,dedicated_angled,dedicated_angled_49ft_az135,49.0,135.0,19.5,cfrp_5e3_3in,30m,10120000,1227.1,-2418.6,119.91506342078651,0.9311,True
sloper_20_to_40_feed20_end40_dedicated_angled_49ft_az135_cfrp_5e3_3in,sloper_20_to_40,20.0,40.0,dedicated_angled,dedicated_angled_49ft_az135,49.0,135.0,19.5,cfrp_5e3_3in,20m,14050000,91.337,-82.031,3.567302522877363,0.8599,True
sloper_20_to_40_feed20_end40_dedicated_angled_49ft_az135_cfrp_5e3_3in,sloper_20_to_40,20.0,40.0,dedicated_angled,dedicated_angled_49ft_az135,49.0,135.0,19.5,cfrp_5e3_3in,17m,18080000,2882.8,291.98,58.247631145603805,0.9172,True
sloper_20_to_40_feed20_end40_dedicated_angled_49ft_az135_cfrp_5e3_3in,sloper_20_to_40,20.0,40.0,dedicated_angled,dedicated_angled_49ft_az135,49.0,135.0,19.5,cfrp_5e3_3in,15m,21050000,389.76,-1040.2,63.42988817399635,0.9124,True
sloper_20_to_40_feed20_end40_dedicated_angled_49ft_az135_cfrp_5e3_3in,sloper_20_to_40,20.0,40.0,dedicated_angled,dedicated_angled_49ft_az135,49.0,135.0,19.5,cfrp_5e3_3in,12m,24910000,183.83,309.47,14.298243879423207,0.8603000000000001,True
sloper_20_to_40_feed20_end40_dedicated_angled_49ft_az135_cfrp_5e3_3in,sloper_20_to_40,20.0,40.0,dedicated_angled,dedicated_angled_49ft_az135,49.0,135.0,19.5,cfrp_5e3_3in,10m,28050000,1488.3,-1000.2,43.21998464100658,0.8856999999999999,True
sloper_20_to_40_feed20_end40_dedicated_angled_49ft_az135_cfrp_5e3_3in,sloper_20_to_40,20.0,40.0,dedicated_angled,dedicated_angled_49ft_az135,49.0,135.0,19.5,cfrp_5e3_3in,6m,50100000,1208.6,-566.03,29.481286547081883,0.8679000000000001,True
sloper_20_to_40_feed20_end40_dedicated_angled_49ft_az135_cfrp_5e4_12in,sloper_20_to_40,20.0,40.0,dedicated_angled,dedicated_angled_49ft_az135,49.0,135.0,19.5,cfrp_5e4_12in,160m,1850000,11.621,-1339.8,3093.879872360407,0.7415,True
sloper_20_to_40_feed20_end40_dedicated_angled_49ft_az135_cfrp_5e4_12in,sloper_20_to_40,20.0,40.0,dedicated_angled,dedicated_angled_49ft_az135,49.0,135.0,19.5,cfrp_5e4_12in,80m,3550000,31.0,-369.23,90.17716420191263,0.8376,True
sloper_20_to_40_feed20_end40_dedicated_angled_49ft_az135_cfrp_5e4_12in,sloper_20_to_40,20.0,40.0,dedicated_angled,dedicated_angled_49ft_az135,49.0,135.0,19.5,cfrp_5e4_12in,60m,5357000,92.896,269.19,17.941361326997956,0.8970999999999999,True
sloper_20_to_40_feed20_end40_dedicated_angled_49ft_az135_cfrp_5e4_12in,sloper_20_to_40,20.0,40.0,dedicated_angled,dedicated_angled_49ft_az135,49.0,135.0,19.5,cfrp_5e4_12in,40m,7050000,374.01,1138.5,76.91359020425232,0.9274,True
sloper_20_to_40_feed20_end40_dedicated_angled_49ft_az135_cfrp_5e4_12in,sloper_20_to_40,20.0,40.0,dedicated_angled,dedicated_angled_49ft_az135,49.0,135.0,19.5,cfrp_5e4_12in,30m,10120000,1213.0,-2358.9,116.03883825505054,0.9315000000000001,True
sloper_20_to_40_feed20_end40_dedicated_angled_49ft_az135_cfrp_5e4_12in,sloper_20_to_40,20.0,40.0,dedicated_angled,dedicated_angled_49ft_az135,49.0,135.0,19.5,cfrp_5e4_12in,20m,14050000,89.94,-75.257,3.3122363048031684,0.8634999999999999,True
sloper_20_to_40_feed20_end40_dedicated_angled_49ft_az135_cfrp_5e4_12in,sloper_20_to_40,20.0,40.0,dedicated_angled,dedicated_angled_49ft_az135,49.0,135.0,19.5,cfrp_5e4_12in,17m,18080000,3039.1,352.37,61.59933268552339,0.9216,True
sloper_20_to_40_feed20_end40_dedicated_angled_49ft_az135_cfrp_5e4_12in,sloper_20_to_40,20.0,40.0,dedicated_angled,dedicated_angled_49ft_az135,49.0,135.0,19.5,cfrp_5e4_12in,15m,21050000,378.51,-1008.9,61.46950652478026,0.9164,True
sloper_20_to_40_feed20_end40_dedicated_angled_49ft_az135_cfrp_5e4_12in,sloper_20_to_40,20.0,40.0,dedicated_angled,dedicated_angled_49ft_az135,49.0,135.0,19.5,cfrp_5e4_12in,12m,24910000,194.77,301.96,13.440533190011331,0.8781,True
sloper_20_to_40_feed20_end40_dedicated_angled_49ft_az135_cfrp_5e4_12in,sloper_20_to_40,20.0,40.0,dedicated_angled,dedicated_angled_49ft_az135,49.0,135.0,19.5,cfrp_5e4_12in,10m,28050000,1454.7,-1048.5,44.220244794714,0.8924,True
sloper_20_to_40_feed20_end40_dedicated_angled_49ft_az135_cfrp_5e4_12in,sloper_20_to_40,20.0,40.0,dedicated_angled,dedicated_angled_49ft_az135,49.0,135.0,19.5,cfrp_5e4_12in,6m,50100000,1254.4,-542.85,29.792733915868467,0.8973,True
sloper_20_to_40_feed20_end40_dedicated_angled_49ft_az135_cfrp_5e4_3in,sloper_20_to_40,20.0,40.0,dedicated_angled,dedicated_angled_49ft_az135,49.0,135.0,19.5,cfrp_5e4_3in,160m,1850000,11.8,-1350.8,3097.1181177973076,0.7453,True
sloper_20_to_40_feed20_end40_dedicated_angled_49ft_az135_cfrp_5e4_3in,sloper_20_to_40,20.0,40.0,dedicated_angled,dedicated_angled_49ft_az135,49.0,135.0,19.5,cfrp_5e4_3in,80m,3550000,31.331,-372.78,90.91910874833003,0.8392000000000001,True
sloper_20_to_40_feed20_end40_dedicated_angled_49ft_az135_cfrp_5e4_3in,sloper_20_to_40,20.0,40.0,dedicated_angled,dedicated_angled_49ft_az135,49.0,135.0,19.5,cfrp_5e4_3in,60m,5357000,93.155,269.49,17.936349517293312,0.8974,True
sloper_20_to_40_feed20_end40_dedicated_angled_49ft_az135_cfrp_5e4_3in,sloper_20_to_40,20.0,40.0,dedicated_angled,dedicated_angled_49ft_az135,49.0,135.0,19.5,cfrp_5e4_3in,40m,7050000,370.9,1141.4,77.79036790918379,0.9270999999999999,True
sloper_20_to_40_feed20_end40_dedicated_angled_49ft_az135_cfrp_5e4_3in,sloper_20_to_40,20.0,40.0,dedicated_angled,dedicated_angled_49ft_az135,49.0,135.0,19.5,cfrp_5e4_3in,30m,10120000,1228.1,-2417.7,119.78650402486424,0.9322,True
sloper_20_to_40_feed20_end40_dedicated_angled_49ft_az135_cfrp_5e4_3in,sloper_20_to_40,20.0,40.0,dedicated_angled,dedicated_angled_49ft_az135,49.0,135.0,19.5,cfrp_5e4_3in,20m,14050000,90.845,-82.436,3.584409499586555,0.8648,True
sloper_20_to_40_feed20_end40_dedicated_angled_49ft_az135_cfrp_5e4_3in,sloper_20_to_40,20.0,40.0,dedicated_angled,dedicated_angled_49ft_az135,49.0,135.0,19.5,cfrp_5e4_3in,17m,18080000,2892.6,286.41,58.4193440299081,0.9203,True
sloper_20_to_40_feed20_end40_dedicated_angled_49ft_az135_cfrp_5e4_3in,sloper_20_to_40,20.0,40.0,dedicated_angled,dedicated_angled_49ft_az135,49.0,135.0,19.5,cfrp_5e4_3in,15m,21050000,388.92,-1042.2,63.74753467598333,0.9192,True
sloper_20_to_40_feed20_end40_dedicated_angled_49ft_az135_cfrp_5e4_3in,sloper_20_to_40,20.0,40.0,dedicated_angled,dedicated_angled_49ft_az135,49.0,135.0,19.5,cfrp_5e4_3in,12m,24910000,183.79,307.96,14.19782126385164,0.8721,True
sloper_20_to_40_feed20_end40_dedicated_angled_49ft_az135_cfrp_5e4_3in,sloper_20_to_40,20.0,40.0,dedicated_angled,dedicated_angled_49ft_az135,49.0,135.0,19.5,cfrp_5e4_3in,10m,28050000,1502.9,-1011.2,43.67573796736754,0.8953,True
sloper_20_to_40_feed20_end40_dedicated_angled_49ft_az135_cfrp_5e4_3in,sloper_20_to_40,20.0,40.0,dedicated_angled,dedicated_angled_49ft_az135,49.0,135.0,19.5,cfrp_5e4_3in,6m,50100000,1185.1,-529.23,28.435787445806927,0.897,True
sloper_20_to_40_feed20_end40_dedicated_angled_49ft_az135_none,sloper_20_to_40,20.0,40.0,dedicated_angled,dedicated_angled_49ft_az135,49.0,135.0,19.5,none,160m,1850000,11.697,-1340.7,3077.905650669404,0.743,True
sloper_20_to_40_feed20_end40_dedicated_angled_49ft_az135_none,sloper_20_to_40,20.0,40.0,dedicated_angled,dedicated_angled_49ft_az135,49.0,135.0,19.5,none,80m,3550000,30.914,-369.31,90.46287437963554,0.8371,True
sloper_20_to_40_feed20_end40_dedicated_angled_49ft_az135_none,sloper_20_to_40,20.0,40.0,dedicated_angled,dedicated_angled_49ft_az135,49.0,135.0,19.5,none,60m,5357000,91.245,269.33,18.21773684127562,0.8954000000000001,True
sloper_20_to_40_feed20_end40_dedicated_angled_49ft_az135_none,sloper_20_to_40,20.0,40.0,dedicated_angled,dedicated_angled_49ft_az135,49.0,135.0,19.5,none,40m,7050000,363.65,1142.2,79.14931601639279,0.9256,True
sloper_20_to_40_feed20_end40_dedicated_angled_49ft_az135_none,sloper_20_to_40,20.0,40.0,dedicated_angled,dedicated_angled_49ft_az135,49.0,135.0,19.5,none,30m,10120000,1246.8,-2377.2,115.6167931500181,0.9308,True
sloper_20_to_40_feed20_end40_dedicated_angled_49ft_az135_none,sloper_20_to_40,20.0,40.0,dedicated_angled,dedicated_angled_49ft_az135,49.0,135.0,19.5,none,20m,14050000,96.115,-70.505,3.16047895980476,0.8742,True
sloper_20_to_40_feed20_end40_dedicated_angled_49ft_az135_none,sloper_20_to_40,20.0,40.0,dedicated_angled,dedicated_angled_49ft_az135,49.0,135.0,19.5,none,17m,18080000,3086.7,486.94,63.270730385396156,0.9258,True
sloper_20_to_40_feed20_end40_dedicated_angled_49ft_az135_none,sloper_20_to_40,20.0,40.0,dedicated_angled,dedicated_angled_49ft_az135,49.0,135.0,19.5,none,15m,21050000,416.08,-1062.0,62.638648297538246,0.9181,True
sloper_20_to_40_feed20_end40_dedicated_angled_49ft_az135_none,sloper_20_to_40,20.0,40.0,dedicated_angled,dedicated_angled_49ft_az135,49.0,135.0,19.5,none,12m,24910000,191.42,326.72,15.176777795286531,0.8826,True
sloper_20_to_40_feed20_end40_dedicated_angled_49ft_az135_none,sloper_20_to_40,20.0,40.0,dedicated_angled,dedicated_angled_49ft_az135,49.0,135.0,19.5,none,10m,28050000,1282.8,-996.03,41.13801776074797,0.8874,True
sloper_20_to_40_feed20_end40_dedicated_angled_49ft_az135_none,sloper_20_to_40,20.0,40.0,dedicated_angled,dedicated_angled_49ft_az135,49.0,135.0,19.5,none,6m,50100000,1293.1,-820.99,36.298058392229535,0.8985,True
sloper_20_to_40_feed20_end40_dedicated_angled_49ft_az180_cfrp_5e3_3in,sloper_20_to_40,20.0,40.0,dedicated_angled,dedicated_angled_49ft_az180,49.0,180.0,19.5,cfrp_5e3_3in,160m,1850000,12.148,-1327.2,2904.358256124527,0.752,True
sloper_20_to_40_feed20_end40_dedicated_angled_49ft_az180_cfrp_5e3_3in,sloper_20_to_40,20.0,40.0,dedicated_angled,dedicated_angled_49ft_az180,49.0,180.0,19.5,cfrp_5e3_3in,80m,3550000,32.6,-361.89,82.5198645891925,0.845,True
sloper_20_to_40_feed20_end40_dedicated_angled_49ft_az180_cfrp_5e3_3in,sloper_20_to_40,20.0,40.0,dedicated_angled,dedicated_angled_49ft_az180,49.0,180.0,19.5,cfrp_5e3_3in,60m,5357000,97.668,273.92,17.77377472814375,0.9017000000000001,True
sloper_20_to_40_feed20_end40_dedicated_angled_49ft_az180_cfrp_5e3_3in,sloper_20_to_40,20.0,40.0,dedicated_angled,dedicated_angled_49ft_az180,49.0,180.0,19.5,cfrp_5e3_3in,40m,7050000,386.67,1132.3,74.1643413930496,0.9297,True
sloper_20_to_40_feed20_end40_dedicated_angled_49ft_az180_cfrp_5e3_3in,sloper_20_to_40,20.0,40.0,dedicated_angled,dedicated_angled_49ft_az180,49.0,180.0,19.5,cfrp_5e3_3in,30m,10120000,1251.4,-2388.3,116.22088027142361,0.9299,True
sloper_20_to_40_feed20_end40_dedicated_angled_49ft_az180_cfrp_5e3_3in,sloper_20_to_40,20.0,40.0,dedicated_angled,dedicated_angled_49ft_az180,49.0,180.0,19.5,cfrp_5e3_3in,20m,14050000,90.435,-65.267,2.966556915274757,0.8572,True
sloper_20_to_40_feed20_end40_dedicated_angled_49ft_az180_cfrp_5e3_3in,sloper_20_to_40,20.0,40.0,dedicated_angled,dedicated_angled_49ft_az180,49.0,180.0,19.5,cfrp_5e3_3in,17m,18080000,2792.6,175.6,56.0729067470154,0.9186,True
sloper_20_to_40_feed20_end40_dedicated_angled_49ft_az180_cfrp_5e3_3in,sloper_20_to_40,20.0,40.0,dedicated_angled,dedicated_angled_49ft_az180,49.0,180.0,19.5,cfrp_5e3_3in,15m,21050000,379.62,-1046.1,65.36252877396599,0.9052,True
sloper_20_to_40_feed20_end40_dedicated_angled_49ft_az180_cfrp_5e3_3in,sloper_20_to_40,20.0,40.0,dedicated_angled,dedicated_angled_49ft_az180,49.0,180.0,19.5,cfrp_5e3_3in,12m,24910000,205.75,325.82,14.608751760448042,0.8751000000000001,True
sloper_20_to_40_feed20_end40_dedicated_angled_49ft_az180_cfrp_5e3_3in,sloper_20_to_40,20.0,40.0,dedicated_angled,dedicated_angled_49ft_az180,49.0,180.0,19.5,cfrp_5e3_3in,10m,28050000,1388.2,-953.03,40.861068116169776,0.8782,True
sloper_20_to_40_feed20_end40_dedicated_angled_49ft_az180_cfrp_5e3_3in,sloper_20_to_40,20.0,40.0,dedicated_angled,dedicated_angled_49ft_az180,49.0,180.0,19.5,cfrp_5e3_3in,6m,50100000,1252.0,-656.27,31.928653219237454,0.875,True
sloper_20_to_40_feed20_end40_dedicated_angled_49ft_az180_cfrp_5e4_12in,sloper_20_to_40,20.0,40.0,dedicated_angled,dedicated_angled_49ft_az180,49.0,180.0,19.5,cfrp_5e4_12in,160m,1850000,12.117,-1326.4,2908.2835245858023,0.7514,True
sloper_20_to_40_feed20_end40_dedicated_angled_49ft_az180_cfrp_5e4_12in,sloper_20_to_40,20.0,40.0,dedicated_angled,dedicated_angled_49ft_az180,49.0,180.0,19.5,cfrp_5e4_12in,80m,3550000,32.531,-361.74,82.62543895679524,0.8447,True
sloper_20_to_40_feed20_end40_dedicated_angled_49ft_az180_cfrp_5e4_12in,sloper_20_to_40,20.0,40.0,dedicated_angled,dedicated_angled_49ft_az180,49.0,180.0,19.5,cfrp_5e4_12in,60m,5357000,97.688,273.83,17.760790262580073,0.9018,True
sloper_20_to_40_feed20_end40_dedicated_angled_49ft_az180_cfrp_5e4_12in,sloper_20_to_40,20.0,40.0,dedicated_angled,dedicated_angled_49ft_az180,49.0,180.0,19.5,cfrp_5e4_12in,40m,7050000,388.43,1132.2,73.886767241663,0.9303,True
sloper_20_to_40_feed20_end40_dedicated_angled_49ft_az180_cfrp_5e4_12in,sloper_20_to_40,20.0,40.0,dedicated_angled,dedicated_angled_49ft_az180,49.0,180.0,19.5,cfrp_5e4_12in,30m,10120000,1266.2,-2381.3,114.92341243690709,0.9308,True
sloper_20_to_40_feed20_end40_dedicated_angled_49ft_az180_cfrp_5e4_12in,sloper_20_to_40,20.0,40.0,dedicated_angled,dedicated_angled_49ft_az180,49.0,180.0,19.5,cfrp_5e4_12in,20m,14050000,89.805,-64.481,2.9385156696690147,0.8615,True
sloper_20_to_40_feed20_end40_dedicated_angled_49ft_az180_cfrp_5e4_12in,sloper_20_to_40,20.0,40.0,dedicated_angled,dedicated_angled_49ft_az180,49.0,180.0,19.5,cfrp_5e4_12in,17m,18080000,2885.5,267.18,58.2049326674239,0.9225,True
sloper_20_to_40_feed20_end40_dedicated_angled_49ft_az180_cfrp_5e4_12in,sloper_20_to_40,20.0,40.0,dedicated_angled,dedicated_angled_49ft_az180,49.0,180.0,19.5,cfrp_5e4_12in,15m,21050000,384.21,-1054.8,65.71552202722755,0.9109,True
sloper_20_to_40_feed20_end40_dedicated_angled_49ft_az180_cfrp_5e4_12in,sloper_20_to_40,20.0,40.0,dedicated_angled,dedicated_angled_49ft_az180,49.0,180.0,19.5,cfrp_5e4_12in,12m,24910000,205.02,327.43,14.73494411557379,0.8853,True
sloper_20_to_40_feed20_end40_dedicated_angled_49ft_az180_cfrp_5e4_12in,sloper_20_to_40,20.0,40.0,dedicated_angled,dedicated_angled_49ft_az180,49.0,180.0,19.5,cfrp_5e4_12in,10m,28050000,1372.0,-984.27,41.57465581886101,0.8868,True
sloper_20_to_40_feed20_end40_dedicated_angled_49ft_az180_cfrp_5e4_12in,sloper_20_to_40,20.0,40.0,dedicated_angled,dedicated_angled_49ft_az180,49.0,180.0,19.5,cfrp_5e4_12in,6m,50100000,1281.7,-706.37,33.42898366062187,0.8970999999999999,True
sloper_20_to_40_feed20_end40_dedicated_angled_49ft_az180_cfrp_5e4_3in,sloper_20_to_40,20.0,40.0,dedicated_angled,dedicated_angled_49ft_az180,49.0,180.0,19.5,cfrp_5e4_3in,160m,1850000,12.148,-1327.2,2904.358256124527,0.752,True
sloper_20_to_40_feed20_end40_dedicated_angled_49ft_az180_cfrp_5e4_3in,sloper_20_to_40,20.0,40.0,dedicated_angled,dedicated_angled_49ft_az180,49.0,180.0,19.5,cfrp_5e4_3in,80m,3550000,32.599,-361.89,82.52235668811743,0.845,True
sloper_20_to_40_feed20_end40_dedicated_angled_49ft_az180_cfrp_5e4_3in,sloper_20_to_40,20.0,40.0,dedicated_angled,dedicated_angled_49ft_az180,49.0,180.0,19.5,cfrp_5e4_3in,60m,5357000,97.66,273.93,17.77604443313757,0.9018,True
sloper_20_to_40_feed20_end40_dedicated_angled_49ft_az180_cfrp_5e4_3in,sloper_20_to_40,20.0,40.0,dedicated_angled,dedicated_angled_49ft_az180,49.0,180.0,19.5,cfrp_5e4_3in,40m,7050000,386.67,1132.5,74.1877744155276,0.93,True
sloper_20_to_40_feed20_end40_dedicated_angled_49ft_az180_cfrp_5e4_3in,sloper_20_to_40,20.0,40.0,dedicated_angled,dedicated_angled_49ft_az180,49.0,180.0,19.5,cfrp_5e4_3in,30m,10120000,1251.6,-2387.3,116.13398832955998,0.9308,True
sloper_20_to_40_feed20_end40_dedicated_angled_49ft_az180_cfrp_5e4_3in,sloper_20_to_40,20.0,40.0,dedicated_angled,dedicated_angled_49ft_az180,49.0,180.0,19.5,cfrp_5e4_3in,20m,14050000,89.918,-65.627,2.97640928525079,0.8615999999999999,True
sloper_20_to_40_feed20_end40_dedicated_angled_49ft_az180_cfrp_5e4_3in,sloper_20_to_40,20.0,40.0,dedicated_angled,dedicated_angled_49ft_az180,49.0,180.0,19.5,cfrp_5e4_3in,17m,18080000,2802.9,172.33,56.269973645915705,0.9218999999999999,True
sloper_20_to_40_feed20_end40_dedicated_angled_49ft_az180_cfrp_5e4_3in,sloper_20_to_40,20.0,40.0,dedicated_angled,dedicated_angled_49ft_az180,49.0,180.0,19.5,cfrp_5e4_3in,15m,21050000,378.4,-1048.1,65.74589827661657,0.9107,True
sloper_20_to_40_feed20_end40_dedicated_angled_49ft_az180_cfrp_5e4_3in,sloper_20_to_40,20.0,40.0,dedicated_angled,dedicated_angled_49ft_az180,49.0,180.0,19.5,cfrp_5e4_3in,12m,24910000,206.73,323.25,14.41598596100952,0.8856999999999999,True
sloper_20_to_40_feed20_end40_dedicated_angled_49ft_az180_cfrp_5e4_3in,sloper_20_to_40,20.0,40.0,dedicated_angled,dedicated_angled_49ft_az180,49.0,180.0,19.5,cfrp_5e4_3in,10m,28050000,1403.9,-961.58,41.26177213377948,0.8894,True
sloper_20_to_40_feed20_end40_dedicated_angled_49ft_az180_cfrp_5e4_3in,sloper_20_to_40,20.0,40.0,dedicated_angled,dedicated_angled_49ft_az180,49.0,180.0,19.5,cfrp_5e4_3in,6m,50100000,1237.1,-624.33,31.051853015570057,0.8974,True
sloper_20_to_40_feed20_end40_dedicated_angled_49ft_az180_none,sloper_20_to_40,20.0,40.0,dedicated_angled,dedicated_angled_49ft_az180,49.0,180.0,19.5,none,160m,1850000,12.182,-1326.9,2894.946315420528,0.7526,True
sloper_20_to_40_feed20_end40_dedicated_angled_49ft_az180_none,sloper_20_to_40,20.0,40.0,dedicated_angled,dedicated_angled_49ft_az180,49.0,180.0,19.5,none,80m,3550000,32.447,-361.7,82.8182010762663,0.8443,True
sloper_20_to_40_feed20_end40_dedicated_angled_49ft_az180_none,sloper_20_to_40,20.0,40.0,dedicated_angled,dedicated_angled_49ft_az180,49.0,180.0,19.5,none,60m,5357000,96.184,274.05,18.00458592504623,0.9004000000000001,True
sloper_20_to_40_feed20_end40_dedicated_angled_49ft_az180_none,sloper_20_to_40,20.0,40.0,dedicated_angled,dedicated_angled_49ft_az180,49.0,180.0,19.5,none,40m,7050000,379.25,1136.4,75.80674382846207,0.9287000000000001,True
sloper_20_to_40_feed20_end40_dedicated_angled_49ft_az180_none,sloper_20_to_40,20.0,40.0,dedicated_angled,dedicated_angled_49ft_az180,49.0,180.0,19.5,none,30m,10120000,1274.5,-2386.0,114.85745675738754,0.9305,True
sloper_20_to_40_feed20_end40_dedicated_angled_49ft_az180_none,sloper_20_to_40,20.0,40.0,dedicated_angled,dedicated_angled_49ft_az180,49.0,180.0,19.5,none,20m,14050000,95.747,-59.878,2.8331070408355736,0.8721,True
sloper_20_to_40_feed20_end40_dedicated_angled_49ft_az180_none,sloper_20_to_40,20.0,40.0,dedicated_angled,dedicated_angled_49ft_az180,49.0,180.0,19.5,none,17m,18080000,2930.9,440.11,59.94013283284905,0.9273,True
sloper_20_to_40_feed20_end40_dedicated_angled_49ft_az180_none,sloper_20_to_40,20.0,40.0,dedicated_angled,dedicated_angled_49ft_az180,49.0,180.0,19.5,none,15m,21050000,406.11,-1085.4,66.2486512396528,0.9116,True
sloper_20_to_40_feed20_end40_dedicated_angled_49ft_az180_none,sloper_20_to_40,20.0,40.0,dedicated_angled,dedicated_angled_49ft_az180,49.0,180.0,19.5,none,12m,24910000,207.65,345.51,15.828533291991093,0.8906999999999999,True
sloper_20_to_40_feed20_end40_dedicated_angled_49ft_az180_none,sloper_20_to_40,20.0,40.0,dedicated_angled,dedicated_angled_49ft_az180,49.0,180.0,19.5,none,10m,28050000,1186.5,-943.23,38.74309046981577,0.8779,True
sloper_20_to_40_feed20_end40_dedicated_angled_49ft_az180_none,sloper_20_to_40,20.0,40.0,dedicated_angled,dedicated_angled_49ft_az180,49.0,180.0,19.5,none,6m,50100000,1297.1,-883.08,37.97842905710082,0.8974,True
sloper_20_to_40_feed20_end40_dedicated_angled_49ft_az90_cfrp_5e3_3in,sloper_20_to_40,20.0,40.0,dedicated_angled,dedicated_angled_49ft_az90,49.0,90.0,19.5,cfrp_5e3_3in,160m,1850000,11.663,-1564.5,4201.828237648404,0.7448,True
sloper_20_to_40_feed20_end40_dedicated_angled_49ft_az90_cfrp_5e3_3in,sloper_20_to_40,20.0,40.0,dedicated_angled,dedicated_angled_49ft_az90,49.0,90.0,19.5,cfrp_5e3_3in,80m,3550000,30.264,-447.34,134.49493412279753,0.8356,True
sloper_20_to_40_feed20_end40_dedicated_angled_49ft_az90_cfrp_5e3_3in,sloper_20_to_40,20.0,40.0,dedicated_angled,dedicated_angled_49ft_az90,49.0,90.0,19.5,cfrp_5e3_3in,60m,5357000,89.731,282.22,20.054621981913282,0.8943000000000001,True
sloper_20_to_40_feed20_end40_dedicated_angled_49ft_az90_cfrp_5e3_3in,sloper_20_to_40,20.0,40.0,dedicated_angled,dedicated_angled_49ft_az90,49.0,90.0,19.5,cfrp_5e3_3in,40m,7050000,373.48,1294.9,97.38468273526476,0.9251,True
sloper_20_to_40_feed20_end40_dedicated_angled_49ft_az90_cfrp_5e3_3in,sloper_20_to_40,20.0,40.0,dedicated_angled,dedicated_angled_49ft_az90,49.0,90.0,19.5,cfrp_5e3_3in,30m,10120000,1237.8,-2641.9,137.5639772215599,0.9256,True
sloper_20_to_40_feed20_end40_dedicated_angled_49ft_az90_cfrp_5e3_3in,sloper_20_to_40,20.0,40.0,dedicated_angled,dedicated_angled_49ft_az90,49.0,90.0,19.5,cfrp_5e3_3in,20m,14050000,110.33,-120.4,5.091148677463711,0.8903,True
sloper_20_to_40_feed20_end40_dedicated_angled_49ft_az90_cfrp_5e3_3in,sloper_20_to_40,20.0,40.0,dedicated_angled,dedicated_angled_49ft_az90,49.0,90.0,19.5,cfrp_5e3_3in,17m,18080000,3559.9,940.87,76.17229486732015,0.9163,True
sloper_20_to_40_feed20_end40_dedicated_angled_49ft_az90_cfrp_5e3_3in,sloper_20_to_40,20.0,40.0,dedicated_angled,dedicated_angled_49ft_az90,49.0,90.0,19.5,cfrp_5e3_3in,15m,21050000,375.34,-1106.8,72.90077921401337,0.9209,True
sloper_20_to_40_feed20_end40_dedicated_angled_49ft_az90_cfrp_5e3_3in,sloper_20_to_40,20.0,40.0,dedicated_angled,dedicated_angled_49ft_az90,49.0,90.0,19.5,cfrp_5e3_3in,12m,24910000,207.93,295.48,12.718306309842777,0.8814,True
sloper_20_to_40_feed20_end40_dedicated_angled_49ft_az90_cfrp_5e3_3in,sloper_20_to_40,20.0,40.0,dedicated_angled,dedicated_angled_49ft_az90,49.0,90.0,19.5,cfrp_5e3_3in,10m,28050000,1914.8,-1105.3,51.063005968436,0.9003,True
sloper_20_to_40_feed20_end40_dedicated_angled_49ft_az90_cfrp_5e3_3in,sloper_20_to_40,20.0,40.0,dedicated_angled,dedicated_angled_49ft_az90,49.0,90.0,19.5,cfrp_5e3_3in,6m,50100000,1143.0,-641.14,30.06314086831496,0.8815000000000001,True
sloper_20_to_40_feed20_end40_dedicated_angled_49ft_az90_cfrp_5e4_12in,sloper_20_to_40,20.0,40.0,dedicated_angled,dedicated_angled_49ft_az90,49.0,90.0,19.5,cfrp_5e4_12in,160m,1850000,7.7964,-1227.9,3874.3499390409793,0.603,True
sloper_20_to_40_feed20_end40_dedicated_angled_49ft_az90_cfrp_5e4_12in,sloper_20_to_40,20.0,40.0,dedicated_angled,dedicated_angled_49ft_az90,49.0,90.0,19.5,cfrp_5e4_12in,80m,3550000,22.049,-346.45,111.57320508356268,0.7720999999999999,True
sloper_20_to_40_feed20_end40_dedicated_angled_49ft_az90_cfrp_5e4_12in,sloper_20_to_40,20.0,40.0,dedicated_angled,dedicated_angled_49ft_az90,49.0,90.0,19.5,cfrp_5e4_12in,60m,5357000,76.215,240.69,17.324789856865902,0.8744,True
sloper_20_to_40_feed20_end40_dedicated_angled_49ft_az90_cfrp_5e4_12in,sloper_20_to_40,20.0,40.0,dedicated_angled,dedicated_angled_49ft_az90,49.0,90.0,19.5,cfrp_5e4_12in,40m,7050000,381.19,1080.9,69.04035063363736,0.9111,True
sloper_20_to_40_feed20_end40_dedicated_angled_49ft_az90_cfrp_5e4_12in,sloper_20_to_40,20.0,40.0,dedicated_angled,dedicated_angled_49ft_az90,49.0,90.0,19.5,cfrp_5e4_12in,30m,10120000,1060.4,-1461.6,61.53076267819456,0.44439999999999996,True
sloper_20_to_40_feed20_end40_dedicated_angled_49ft_az90_cfrp_5e4_12in,sloper_20_to_40,20.0,40.0,dedicated_angled,dedicated_angled_49ft_az90,49.0,90.0,19.5,cfrp_5e4_12in,20m,14050000,87.368,-16.791,1.8410129427985265,0.8339,True
sloper_20_to_40_feed20_end40_dedicated_angled_49ft_az90_cfrp_5e4_12in,sloper_20_to_40,20.0,40.0,dedicated_angled,dedicated_angled_49ft_az90,49.0,90.0,19.5,cfrp_5e4_12in,17m,18080000,3485.0,864.78,73.99262257613974,0.8992,True
sloper_20_to_40_feed20_end40_dedicated_angled_49ft_az90_cfrp_5e4_12in,sloper_20_to_40,20.0,40.0,dedicated_angled,dedicated_angled_49ft_az90,49.0,90.0,19.5,cfrp_5e4_12in,15m,21050000,267.36,-738.93,46.35776096239152,0.8147,True
sloper_20_to_40_feed20_end40_dedicated_angled_49ft_az90_cfrp_5e4_12in,sloper_20_to_40,20.0,40.0,dedicated_angled,dedicated_angled_49ft_az90,49.0,90.0,19.5,cfrp_5e4_12in,12m,24910000,261.25,219.8,9.003853378907397,0.9127,True
sloper_20_to_40_feed20_end40_dedicated_angled_49ft_az90_cfrp_5e4_12in,sloper_20_to_40,20.0,40.0,dedicated_angled,dedicated_angled_49ft_az90,49.0,90.0,19.5,cfrp_5e4_12in,10m,28050000,1500.2,-1110.4,46.453452410788046,0.8663,True
sloper_20_to_40_feed20_end40_dedicated_angled_49ft_az90_cfrp_5e4_12in,sloper_20_to_40,20.0,40.0,dedicated_angled,dedicated_angled_49ft_az90,49.0,90.0,19.5,cfrp_5e4_12in,6m,50100000,1215.3,-450.07,27.644515917831473,0.7868,True
sloper_20_to_40_feed20_end40_dedicated_angled_49ft_az90_cfrp_5e4_3in,sloper_20_to_40,20.0,40.0,dedicated_angled,dedicated_angled_49ft_az90,49.0,90.0,19.5,cfrp_5e4_3in,160m,1850000,11.664,-1564.5,4201.468038559771,0.7453,True
sloper_20_to_40_feed20_end40_dedicated_angled_49ft_az90_cfrp_5e4_3in,sloper_20_to_40,20.0,40.0,dedicated_angled,dedicated_angled_49ft_az90,49.0,90.0,19.5,cfrp_5e4_3in,80m,3550000,30.267,-447.34,134.4817218005463,0.8356999999999999,True
sloper_20_to_40_feed20_end40_dedicated_angled_49ft_az90_cfrp_5e4_3in,sloper_20_to_40,20.0,40.0,dedicated_angled,dedicated_angled_49ft_az90,49.0,90.0,19.5,cfrp_5e4_3in,60m,5357000,89.714,282.24,20.060282316133794,0.8946,True
sloper_20_to_40_feed20_end40_dedicated_angled_49ft_az90_cfrp_5e4_3in,sloper_20_to_40,20.0,40.0,dedicated_angled,dedicated_angled_49ft_az90,49.0,90.0,19.5,cfrp_5e4_3in,40m,7050000,373.27,1295.2,97.47271727212693,0.9264,True
sloper_20_to_40_feed20_end40_dedicated_angled_49ft_az90_cfrp_5e4_3in,sloper_20_to_40,20.0,40.0,dedicated_angled,dedicated_angled_49ft_az90,49.0,90.0,19.5,cfrp_5e4_3in,30m,10120000,1233.7,-2639.3,137.63430330840652,0.9388,True
sloper_20_to_40_feed20_end40_dedicated_angled_49ft_az90_cfrp_5e4_3in,sloper_20_to_40,20.0,40.0,dedicated_angled,dedicated_angled_49ft_az90,49.0,90.0,19.5,cfrp_5e4_3in,20m,14050000,109.75,-120.62,5.106067439485207,0.8935,True
sloper_20_to_40_feed20_end40_dedicated_angled_49ft_az90_cfrp_5e4_3in,sloper_20_to_40,20.0,40.0,dedicated_angled,dedicated_angled_49ft_az90,49.0,90.0,19.5,cfrp_5e4_3in,17m,18080000,3571.6,933.55,76.31314854814255,0.9193000000000001,True
sloper_20_to_40_feed20_end40_dedicated_angled_49ft_az90_cfrp_5e4_3in,sloper_20_to_40,20.0,40.0,dedicated_angled,dedicated_angled_49ft_az90,49.0,90.0,19.5,cfrp_5e4_3in,15m,21050000,374.15,-1109.5,73.40497764055858,0.9297,True
sloper_20_to_40_feed20_end40_dedicated_angled_49ft_az90_cfrp_5e4_3in,sloper_20_to_40,20.0,40.0,dedicated_angled,dedicated_angled_49ft_az90,49.0,90.0,19.5,cfrp_5e4_3in,12m,24910000,206.97,294.86,12.703715154660655,0.8916,True
sloper_20_to_40_feed20_end40_dedicated_angled_49ft_az90_cfrp_5e4_3in,sloper_20_to_40,20.0,40.0,dedicated_angled,dedicated_angled_49ft_az90,49.0,90.0,19.5,cfrp_5e4_3in,10m,28050000,1928.7,-1124.2,51.68604288735599,0.9083,True
sloper_20_to_40_feed20_end40_dedicated_angled_49ft_az90_cfrp_5e4_3in,sloper_20_to_40,20.0,40.0,dedicated_angled,dedicated_angled_49ft_az90,49.0,90.0,19.5,cfrp_5e4_3in,6m,50100000,1117.9,-592.94,28.657801679232737,0.9129999999999999,True
sloper_20_to_40_feed20_end40_dedicated_angled_49ft_az90_none,sloper_20_to_40,20.0,40.0,dedicated_angled,dedicated_angled_49ft_az90,49.0,90.0,19.5,none,160m,1850000,10.388,-1386.5,3706.1802472077147,0.7127,True
sloper_20_to_40_feed20_end40_dedicated_angled_49ft_az90_none,sloper_20_to_40,20.0,40.0,dedicated_angled,dedicated_angled_49ft_az90,49.0,90.0,19.5,none,80m,3550000,26.777,-393.89,118.27689450257823,0.8137000000000001,True
sloper_20_to_40_feed20_end40_dedicated_angled_49ft_az90_none,sloper_20_to_40,20.0,40.0,dedicated_angled,dedicated_angled_49ft_az90,49.0,90.0,19.5,none,60m,5357000,77.396,253.66,18.767724948200783,0.8783,True
sloper_20_to_40_feed20_end40_dedicated_angled_49ft_az90_none,sloper_20_to_40,20.0,40.0,dedicated_angled,dedicated_angled_49ft_az90,49.0,90.0,19.5,none,40m,7050000,313.39,1152.9,91.24222003956375,0.9142,True
sloper_20_to_40_feed20_end40_dedicated_angled_49ft_az90_none,sloper_20_to_40,20.0,40.0,dedicated_angled,dedicated_angled_49ft_az90,49.0,90.0,19.5,none,30m,10120000,1147.5,-2388.5,122.41777460672415,0.9298000000000001,True
sloper_20_to_40_feed20_end40_dedicated_angled_49ft_az90_none,sloper_20_to_40,20.0,40.0,dedicated_angled,dedicated_angled_49ft_az90,49.0,90.0,19.5,none,20m,14050000,105.34,-90.13,3.8650478059670617,0.8903,True
sloper_20_to_40_feed20_end40_dedicated_angled_49ft_az90_none,sloper_20_to_40,20.0,40.0,dedicated_angled,dedicated_angled_49ft_az90,49.0,90.0,19.5,none,17m,18080000,3455.4,855.88,73.3487542696845,0.9179999999999999,True
sloper_20_to_40_feed20_end40_dedicated_angled_49ft_az90_none,sloper_20_to_40,20.0,40.0,dedicated_angled,dedicated_angled_49ft_az90,49.0,90.0,19.5,none,15m,21050000,389.81,-1022.4,61.53956446224184,0.9214,True
sloper_20_to_40_feed20_end40_dedicated_angled_49ft_az90_none,sloper_20_to_40,20.0,40.0,dedicated_angled,dedicated_angled_49ft_az90,49.0,90.0,19.5,none,12m,24910000,201.16,289.48,12.523452259196166,0.8948,True
sloper_20_to_40_feed20_end40_dedicated_angled_49ft_az90_none,sloper_20_to_40,20.0,40.0,dedicated_angled,dedicated_angled_49ft_az90,49.0,90.0,19.5,none,10m,28050000,1479.5,-960.83,42.07984550752531,0.8987999999999999,True
sloper_20_to_40_feed20_end40_dedicated_angled_49ft_az90_none,sloper_20_to_40,20.0,40.0,dedicated_angled,dedicated_angled_49ft_az90,49.0,90.0,19.5,none,6m,50100000,1245.2,-800.39,35.20524744197233,0.9005,True
sloper_20_to_40_feed20_end40_dedicated_angled_53ft_az135_cfrp_5e3_3in,sloper_20_to_40,20.0,40.0,dedicated_angled,dedicated_angled_53ft_az135,53.0,135.0,19.5,cfrp_5e3_3in,160m,1850000,12.266,-1283.1,2688.7262948889206,0.7436,True
sloper_20_to_40_feed20_end40_dedicated_angled_53ft_az135_cfrp_5e3_3in,sloper_20_to_40,20.0,40.0,dedicated_angled,dedicated_angled_53ft_az135,53.0,135.0,19.5,cfrp_5e3_3in,80m,3550000,33.355,-318.6,63.014270602813625,0.8393,True
sloper_20_to_40_feed20_end40_dedicated_angled_53ft_az135_cfrp_5e3_3in,sloper_20_to_40,20.0,40.0,dedicated_angled,dedicated_angled_53ft_az135,53.0,135.0,19.5,cfrp_5e3_3in,60m,5357000,104.43,352.8,26.367027382018154,0.8976000000000001,True
sloper_20_to_40_feed20_end40_dedicated_angled_53ft_az135_cfrp_5e3_3in,sloper_20_to_40,20.0,40.0,dedicated_angled,dedicated_angled_53ft_az135,53.0,135.0,19.5,cfrp_5e3_3in,40m,7050000,477.57,1385.8,90.0705503298027,0.9264,True
sloper_20_to_40_feed20_end40_dedicated_angled_53ft_az135_cfrp_5e3_3in,sloper_20_to_40,20.0,40.0,dedicated_angled,dedicated_angled_53ft_az135,53.0,135.0,19.5,cfrp_5e3_3in,30m,10120000,576.04,-1781.0,121.72927139022254,0.9281999999999999,True
sloper_20_to_40_feed20_end40_dedicated_angled_53ft_az135_cfrp_5e3_3in,sloper_20_to_40,20.0,40.0,dedicated_angled,dedicated_angled_53ft_az135,53.0,135.0,19.5,cfrp_5e3_3in,20m,14050000,106.9,95.292,4.058201966161682,0.8671,True
sloper_20_to_40_feed20_end40_dedicated_angled_53ft_az135_cfrp_5e3_3in,sloper_20_to_40,20.0,40.0,dedicated_angled,dedicated_angled_53ft_az135,53.0,135.0,19.5,cfrp_5e3_3in,17m,18080000,3544.2,-1013.9,76.68605608963429,0.9329000000000001,True
sloper_20_to_40_feed20_end40_dedicated_angled_53ft_az135_cfrp_5e3_3in,sloper_20_to_40,20.0,40.0,dedicated_angled,dedicated_angled_53ft_az135,53.0,135.0,19.5,cfrp_5e3_3in,15m,21050000,178.19,-629.11,48.245849875566265,0.8965000000000001,True
sloper_20_to_40_feed20_end40_dedicated_angled_53ft_az135_cfrp_5e3_3in,sloper_20_to_40,20.0,40.0,dedicated_angled,dedicated_angled_53ft_az135,53.0,135.0,19.5,cfrp_5e3_3in,12m,24910000,323.15,689.8,36.039092056051196,0.898,True
sloper_20_to_40_feed20_end40_dedicated_angled_53ft_az135_cfrp_5e3_3in,sloper_20_to_40,20.0,40.0,dedicated_angled,dedicated_angled_53ft_az135,53.0,135.0,19.5,cfrp_5e3_3in,10m,28050000,1414.5,-1817.7,75.02864475111352,0.917,True
sloper_20_to_40_feed20_end40_dedicated_angled_53ft_az135_cfrp_5e3_3in,sloper_20_to_40,20.0,40.0,dedicated_angled,dedicated_angled_53ft_az135,53.0,135.0,19.5,cfrp_5e3_3in,6m,50100000,155.7,-211.72,9.082947693117713,0.8611,True
sloper_20_to_40_feed20_end40_dedicated_angled_53ft_az135_cfrp_5e4_12in,sloper_20_to_40,20.0,40.0,dedicated_angled,dedicated_angled_53ft_az135,53.0,135.0,19.5,cfrp_5e4_12in,160m,1850000,12.073,-1274.5,2695.2634529311663,0.7395999999999999,True
sloper_20_to_40_feed20_end40_dedicated_angled_53ft_az135_cfrp_5e4_12in,sloper_20_to_40,20.0,40.0,dedicated_angled,dedicated_angled_53ft_az135,53.0,135.0,19.5,cfrp_5e4_12in,80m,3550000,32.963,-316.93,63.104126642433165,0.8373999999999999,True
sloper_20_to_40_feed20_end40_dedicated_angled_53ft_az135_cfrp_5e4_12in,sloper_20_to_40,20.0,40.0,dedicated_angled,dedicated_angled_53ft_az135,53.0,135.0,19.5,cfrp_5e4_12in,60m,5357000,103.81,349.59,26.065031821532752,0.8970999999999999,True
sloper_20_to_40_feed20_end40_dedicated_angled_53ft_az135_cfrp_5e4_12in,sloper_20_to_40,20.0,40.0,dedicated_angled,dedicated_angled_53ft_az135,53.0,135.0,19.5,cfrp_5e4_12in,40m,7050000,477.93,1374.4,88.70014593040749,0.9265000000000001,True
sloper_20_to_40_feed20_end40_dedicated_angled_53ft_az135_cfrp_5e4_12in,sloper_20_to_40,20.0,40.0,dedicated_angled,dedicated_angled_53ft_az135,53.0,135.0,19.5,cfrp_5e4_12in,30m,10120000,582.64,-1762.5,118.362264652609,0.9306,True
sloper_20_to_40_feed20_end40_dedicated_angled_53ft_az135_cfrp_5e4_12in,sloper_20_to_40,20.0,40.0,dedicated_angled,dedicated_angled_53ft_az135,53.0,135.0,19.5,cfrp_5e4_12in,20m,14050000,104.77,94.506,4.02941129950868,0.8695,True
sloper_20_to_40_feed20_end40_dedicated_angled_53ft_az135_cfrp_5e4_12in,sloper_20_to_40,20.0,40.0,dedicated_angled,dedicated_angled_53ft_az135,53.0,135.0,19.5,cfrp_5e4_12in,17m,18080000,3540.5,-986.0,76.30287371515202,0.9323999999999999,True
sloper_20_to_40_feed20_end40_dedicated_angled_53ft_az135_cfrp_5e4_12in,sloper_20_to_40,20.0,40.0,dedicated_angled,dedicated_angled_53ft_az135,53.0,135.0,19.5,cfrp_5e4_12in,15m,21050000,176.18,-621.0,47.564444435887914,0.8959,True
sloper_20_to_40_feed20_end40_dedicated_angled_53ft_az135_cfrp_5e4_12in,sloper_20_to_40,20.0,40.0,dedicated_angled,dedicated_angled_53ft_az135,53.0,135.0,19.5,cfrp_5e4_12in,12m,24910000,314.97,686.43,36.35006510833907,0.8965000000000001,True
sloper_20_to_40_feed20_end40_dedicated_angled_53ft_az135_cfrp_5e4_12in,sloper_20_to_40,20.0,40.0,dedicated_angled,dedicated_angled_53ft_az135,53.0,135.0,19.5,cfrp_5e4_12in,10m,28050000,1399.4,-1817.0,75.19478123904469,0.9161,True
sloper_20_to_40_feed20_end40_dedicated_angled_53ft_az135_cfrp_5e4_12in,sloper_20_to_40,20.0,40.0,dedicated_angled,dedicated_angled_53ft_az135,53.0,135.0,19.5,cfrp_5e4_12in,6m,50100000,157.92,-207.73,8.826738172922704,0.863,True
sloper_20_to_40_feed20_end40_dedicated_angled_53ft_az135_cfrp_5e4_3in,sloper_20_to_40,20.0,40.0,dedicated_angled,dedicated_angled_53ft_az135,53.0,135.0,19.5,cfrp_5e4_3in,160m,1850000,12.266,-1283.1,2688.7262948889206,0.7436,True
sloper_20_to_40_feed20_end40_dedicated_angled_53ft_az135_cfrp_5e4_3in,sloper_20_to_40,20.0,40.0,dedicated_angled,dedicated_angled_53ft_az135,53.0,135.0,19.5,cfrp_5e4_3in,80m,3550000,33.355,-318.6,63.014270602813625,0.8393,True
sloper_20_to_40_feed20_end40_dedicated_angled_53ft_az135_cfrp_5e4_3in,sloper_20_to_40,20.0,40.0,dedicated_angled,dedicated_angled_53ft_az135,53.0,135.0,19.5,cfrp_5e4_3in,60m,5357000,104.42,352.81,26.370512585364253,0.8976999999999999,True
sloper_20_to_40_feed20_end40_dedicated_angled_53ft_az135_cfrp_5e4_3in,sloper_20_to_40,20.0,40.0,dedicated_angled,dedicated_angled_53ft_az135,53.0,135.0,19.5,cfrp_5e4_3in,40m,7050000,477.58,1386.0,90.09228217049412,0.9266,True
sloper_20_to_40_feed20_end40_dedicated_angled_53ft_az135_cfrp_5e4_3in,sloper_20_to_40,20.0,40.0,dedicated_angled,dedicated_angled_53ft_az135,53.0,135.0,19.5,cfrp_5e4_3in,30m,10120000,576.62,-1780.7,121.59293828138901,0.9293,True
sloper_20_to_40_feed20_end40_dedicated_angled_53ft_az135_cfrp_5e4_3in,sloper_20_to_40,20.0,40.0,dedicated_angled,dedicated_angled_53ft_az135,53.0,135.0,19.5,cfrp_5e4_3in,20m,14050000,106.27,94.929,4.04462383318843,0.8714,True
sloper_20_to_40_feed20_end40_dedicated_angled_53ft_az135_cfrp_5e4_3in,sloper_20_to_40,20.0,40.0,dedicated_angled,dedicated_angled_53ft_az135,53.0,135.0,19.5,cfrp_5e4_3in,17m,18080000,3544.2,-1016.8,76.7192936673345,0.9336,True
sloper_20_to_40_feed20_end40_dedicated_angled_53ft_az135_cfrp_5e4_3in,sloper_20_to_40,20.0,40.0,dedicated_angled,dedicated_angled_53ft_az135,53.0,135.0,19.5,cfrp_5e4_3in,15m,21050000,178.28,-629.16,48.23213478302881,0.8970999999999999,True
sloper_20_to_40_feed20_end40_dedicated_angled_53ft_az135_cfrp_5e4_3in,sloper_20_to_40,20.0,40.0,dedicated_angled,dedicated_angled_53ft_az135,53.0,135.0,19.5,cfrp_5e4_3in,12m,24910000,323.56,689.81,36.01061028684381,0.8992,True
sloper_20_to_40_feed20_end40_dedicated_angled_53ft_az135_cfrp_5e4_3in,sloper_20_to_40,20.0,40.0,dedicated_angled,dedicated_angled_53ft_az135,53.0,135.0,19.5,cfrp_5e4_3in,10m,28050000,1414.6,-1817.8,75.03248044073001,0.9175,True
sloper_20_to_40_feed20_end40_dedicated_angled_53ft_az135_cfrp_5e4_3in,sloper_20_to_40,20.0,40.0,dedicated_angled,dedicated_angled_53ft_az135,53.0,135.0,19.5,cfrp_5e4_3in,6m,50100000,155.47,-211.86,9.09511688418271,0.8618000000000001,True
sloper_20_to_40_feed20_end40_dedicated_angled_53ft_az135_none,sloper_20_to_40,20.0,40.0,dedicated_angled,dedicated_angled_53ft_az135,53.0,135.0,19.5,none,160m,1850000,12.143,-1275.2,2682.6686422226458,0.7409,True
sloper_20_to_40_feed20_end40_dedicated_angled_53ft_az135_none,sloper_20_to_40,20.0,40.0,dedicated_angled,dedicated_angled_53ft_az135,53.0,135.0,19.5,none,80m,3550000,32.882,-316.92,63.25255136341796,0.8370000000000001,True
sloper_20_to_40_feed20_end40_dedicated_angled_53ft_az135_none,sloper_20_to_40,20.0,40.0,dedicated_angled,dedicated_angled_53ft_az135,53.0,135.0,19.5,none,60m,5357000,102.22,349.71,26.42390709721651,0.8956000000000001,True
sloper_20_to_40_feed20_end40_dedicated_angled_53ft_az135_none,sloper_20_to_40,20.0,40.0,dedicated_angled,dedicated_angled_53ft_az135,53.0,135.0,19.5,none,40m,7050000,467.09,1377.6,90.69760986462498,0.9251,True
sloper_20_to_40_feed20_end40_dedicated_angled_53ft_az135_none,sloper_20_to_40,20.0,40.0,dedicated_angled,dedicated_angled_53ft_az135,53.0,135.0,19.5,none,30m,10120000,575.73,-1764.7,119.77457432865542,0.9308,True
sloper_20_to_40_feed20_end40_dedicated_angled_53ft_az135_none,sloper_20_to_40,20.0,40.0,dedicated_angled,dedicated_angled_53ft_az135,53.0,135.0,19.5,none,20m,14050000,113.35,101.17,4.2804682883325995,0.8815000000000001,True
sloper_20_to_40_feed20_end40_dedicated_angled_53ft_az135_none,sloper_20_to_40,20.0,40.0,dedicated_angled,dedicated_angled_53ft_az135,53.0,135.0,19.5,none,17m,18080000,3524.7,-944.44,75.55618634785706,0.9356,True
sloper_20_to_40_feed20_end40_dedicated_angled_53ft_az135_none,sloper_20_to_40,20.0,40.0,dedicated_angled,dedicated_angled_53ft_az135,53.0,135.0,19.5,none,15m,21050000,176.54,-624.47,47.9715812535756,0.8953,True
sloper_20_to_40_feed20_end40_dedicated_angled_53ft_az135_none,sloper_20_to_40,20.0,40.0,dedicated_angled,dedicated_angled_53ft_az135,53.0,135.0,19.5,none,12m,24910000,326.24,684.2,35.348253560934175,0.9014,True
sloper_20_to_40_feed20_end40_dedicated_angled_53ft_az135_none,sloper_20_to_40,20.0,40.0,dedicated_angled,dedicated_angled_53ft_az135,53.0,135.0,19.5,none,10m,28050000,1453.2,-1796.9,73.52259265549334,0.9185,True
sloper_20_to_40_feed20_end40_dedicated_angled_53ft_az135_none,sloper_20_to_40,20.0,40.0,dedicated_angled,dedicated_angled_53ft_az135,53.0,135.0,19.5,none,6m,50100000,154.98,-205.59,8.762643740424158,0.861,True
sloper_20_to_40_feed20_end40_dedicated_angled_53ft_az180_cfrp_5e3_3in,sloper_20_to_40,20.0,40.0,dedicated_angled,dedicated_angled_53ft_az180,53.0,180.0,19.5,cfrp_5e3_3in,160m,1850000,12.63,-1261.9,2525.8129483476555,0.7504000000000001,True
sloper_20_to_40_feed20_end40_dedicated_angled_53ft_az180_cfrp_5e3_3in,sloper_20_to_40,20.0,40.0,dedicated_angled,dedicated_angled_53ft_az180,53.0,180.0,19.5,cfrp_5e3_3in,80m,3550000,34.7,-309.65,57.381542533977374,0.845,True
sloper_20_to_40_feed20_end40_dedicated_angled_53ft_az180_cfrp_5e3_3in,sloper_20_to_40,20.0,40.0,dedicated_angled,dedicated_angled_53ft_az180,53.0,180.0,19.5,cfrp_5e3_3in,60m,5357000,109.22,353.91,25.538814341079853,0.9018,True
sloper_20_to_40_feed20_end40_dedicated_angled_53ft_az180_cfrp_5e3_3in,sloper_20_to_40,20.0,40.0,dedicated_angled,dedicated_angled_53ft_az180,53.0,180.0,19.5,cfrp_5e3_3in,40m,7050000,492.73,1362.3,85.27409467066067,0.929,True
sloper_20_to_40_feed20_end40_dedicated_angled_53ft_az180_cfrp_5e3_3in,sloper_20_to_40,20.0,40.0,dedicated_angled,dedicated_angled_53ft_az180,53.0,180.0,19.5,cfrp_5e3_3in,30m,10120000,585.5,-1780.9,120.12540926919921,0.9274,True
sloper_20_to_40_feed20_end40_dedicated_angled_53ft_az180_cfrp_5e3_3in,sloper_20_to_40,20.0,40.0,dedicated_angled,dedicated_angled_53ft_az180,53.0,180.0,19.5,cfrp_5e3_3in,20m,14050000,110.52,106.21,4.481004118718292,0.8701000000000001,True
sloper_20_to_40_feed20_end40_dedicated_angled_53ft_az180_cfrp_5e3_3in,sloper_20_to_40,20.0,40.0,dedicated_angled,dedicated_angled_53ft_az180,53.0,180.0,19.5,cfrp_5e3_3in,17m,18080000,3462.6,-733.68,72.36176595944494,0.9355,True
sloper_20_to_40_feed20_end40_dedicated_angled_53ft_az180_cfrp_5e3_3in,sloper_20_to_40,20.0,40.0,dedicated_angled,dedicated_angled_53ft_az180,53.0,180.0,19.5,cfrp_5e3_3in,15m,21050000,160.94,-627.81,52.490838418937685,0.8806,True
sloper_20_to_40_feed20_end40_dedicated_angled_53ft_az180_cfrp_5e3_3in,sloper_20_to_40,20.0,40.0,dedicated_angled,dedicated_angled_53ft_az180,53.0,180.0,19.5,cfrp_5e3_3in,12m,24910000,353.28,685.14,33.75227782740179,0.9081,True
sloper_20_to_40_feed20_end40_dedicated_angled_53ft_az180_cfrp_5e3_3in,sloper_20_to_40,20.0,40.0,dedicated_angled,dedicated_angled_53ft_az180,53.0,180.0,19.5,cfrp_5e3_3in,10m,28050000,1551.2,-1809.5,73.25880579787787,0.9170999999999999,True
sloper_20_to_40_feed20_end40_dedicated_angled_53ft_az180_cfrp_5e3_3in,sloper_20_to_40,20.0,40.0,dedicated_angled,dedicated_angled_53ft_az180,53.0,180.0,19.5,cfrp_5e3_3in,6m,50100000,130.26,-197.24,8.849269498834381,0.8242,True
sloper_20_to_40_feed20_end40_dedicated_angled_53ft_az180_cfrp_5e4_12in,sloper_20_to_40,20.0,40.0,dedicated_angled,dedicated_angled_53ft_az180,53.0,180.0,19.5,cfrp_5e4_12in,160m,1850000,12.6,-1261.3,2529.422541160868,0.7498,True
sloper_20_to_40_feed20_end40_dedicated_angled_53ft_az180_cfrp_5e4_12in,sloper_20_to_40,20.0,40.0,dedicated_angled,dedicated_angled_53ft_az180,53.0,180.0,19.5,cfrp_5e4_12in,80m,3550000,34.632,-309.55,57.455786536970635,0.8447,True
sloper_20_to_40_feed20_end40_dedicated_angled_53ft_az180_cfrp_5e4_12in,sloper_20_to_40,20.0,40.0,dedicated_angled,dedicated_angled_53ft_az180,53.0,180.0,19.5,cfrp_5e4_12in,60m,5357000,109.22,353.74,25.51675146105708,0.9018999999999999,True
sloper_20_to_40_feed20_end40_dedicated_angled_53ft_az180_cfrp_5e4_12in,sloper_20_to_40,20.0,40.0,dedicated_angled,dedicated_angled_53ft_az180,53.0,180.0,19.5,cfrp_5e4_12in,40m,7050000,494.29,1361.8,85.01208305258027,0.9294,True
sloper_20_to_40_feed20_end40_dedicated_angled_53ft_az180_cfrp_5e4_12in,sloper_20_to_40,20.0,40.0,dedicated_angled,dedicated_angled_53ft_az180,53.0,180.0,19.5,cfrp_5e4_12in,30m,10120000,590.85,-1774.8,118.51635755644442,0.9293,True
sloper_20_to_40_feed20_end40_dedicated_angled_53ft_az180_cfrp_5e4_12in,sloper_20_to_40,20.0,40.0,dedicated_angled,dedicated_angled_53ft_az180,53.0,180.0,19.5,cfrp_5e4_12in,20m,14050000,109.88,107.39,4.531072064190647,0.8743000000000001,True
sloper_20_to_40_feed20_end40_dedicated_angled_53ft_az180_cfrp_5e4_12in,sloper_20_to_40,20.0,40.0,dedicated_angled,dedicated_angled_53ft_az180,53.0,180.0,19.5,cfrp_5e4_12in,17m,18080000,3471.2,-736.24,72.54774384660837,0.9359000000000001,True
sloper_20_to_40_feed20_end40_dedicated_angled_53ft_az180_cfrp_5e4_12in,sloper_20_to_40,20.0,40.0,dedicated_angled,dedicated_angled_53ft_az180,53.0,180.0,19.5,cfrp_5e4_12in,15m,21050000,160.23,-626.66,52.514991207889636,0.8804000000000001,True
sloper_20_to_40_feed20_end40_dedicated_angled_53ft_az180_cfrp_5e4_12in,sloper_20_to_40,20.0,40.0,dedicated_angled,dedicated_angled_53ft_az180,53.0,180.0,19.5,cfrp_5e4_12in,12m,24910000,353.33,685.79,33.7999793488162,0.909,True
sloper_20_to_40_feed20_end40_dedicated_angled_53ft_az180_cfrp_5e4_12in,sloper_20_to_40,20.0,40.0,dedicated_angled,dedicated_angled_53ft_az180,53.0,180.0,19.5,cfrp_5e4_12in,10m,28050000,1547.7,-1812.9,73.44353600066997,0.9170999999999999,True
sloper_20_to_40_feed20_end40_dedicated_angled_53ft_az180_cfrp_5e4_12in,sloper_20_to_40,20.0,40.0,dedicated_angled,dedicated_angled_53ft_az180,53.0,180.0,19.5,cfrp_5e4_12in,6m,50100000,129.58,-196.45,8.820659566214978,0.8234999999999999,True
sloper_20_to_40_feed20_end40_dedicated_angled_53ft_az180_cfrp_5e4_3in,sloper_20_to_40,20.0,40.0,dedicated_angled,dedicated_angled_53ft_az180,53.0,180.0,19.5,cfrp_5e4_3in,160m,1850000,12.63,-1261.9,2525.8129483476555,0.7504000000000001,True
sloper_20_to_40_feed20_end40_dedicated_angled_53ft_az180_cfrp_5e4_3in,sloper_20_to_40,20.0,40.0,dedicated_angled,dedicated_angled_53ft_az180,53.0,180.0,19.5,cfrp_5e4_3in,80m,3550000,34.7,-309.65,57.381542533977374,0.845,True
sloper_20_to_40_feed20_end40_dedicated_angled_53ft_az180_cfrp_5e4_3in,sloper_20_to_40,20.0,40.0,dedicated_angled,dedicated_angled_53ft_az180,53.0,180.0,19.5,cfrp_5e4_3in,60m,5357000,109.22,353.92,25.540112485843505,0.9018999999999999,True
sloper_20_to_40_feed20_end40_dedicated_angled_53ft_az180_cfrp_5e4_3in,sloper_20_to_40,20.0,40.0,dedicated_angled,dedicated_angled_53ft_az180,53.0,180.0,19.5,cfrp_5e4_3in,40m,7050000,492.74,1362.5,85.29488625306116,0.9292,True
sloper_20_to_40_feed20_end40_dedicated_angled_53ft_az180_cfrp_5e4_3in,sloper_20_to_40,20.0,40.0,dedicated_angled,dedicated_angled_53ft_az180,53.0,180.0,19.5,cfrp_5e4_3in,30m,10120000,585.94,-1780.5,120.00415743562165,0.9285,True
sloper_20_to_40_feed20_end40_dedicated_angled_53ft_az180_cfrp_5e4_3in,sloper_20_to_40,20.0,40.0,dedicated_angled,dedicated_angled_53ft_az180,53.0,180.0,19.5,cfrp_5e4_3in,20m,14050000,109.88,105.89,4.469816771553986,0.8743000000000001,True
sloper_20_to_40_feed20_end40_dedicated_angled_53ft_az180_cfrp_5e4_3in,sloper_20_to_40,20.0,40.0,dedicated_angled,dedicated_angled_53ft_az180,53.0,180.0,19.5,cfrp_5e4_3in,17m,18080000,3462.9,-735.74,72.38498227444632,0.9362,True
sloper_20_to_40_feed20_end40_dedicated_angled_53ft_az180_cfrp_5e4_3in,sloper_20_to_40,20.0,40.0,dedicated_angled,dedicated_angled_53ft_az180,53.0,180.0,19.5,cfrp_5e4_3in,15m,21050000,160.96,-627.87,52.49447653232905,0.8811,True
sloper_20_to_40_feed20_end40_dedicated_angled_53ft_az180_cfrp_5e4_3in,sloper_20_to_40,20.0,40.0,dedicated_angled,dedicated_angled_53ft_az180,53.0,180.0,19.5,cfrp_5e4_3in,12m,24910000,353.21,685.35,33.772486675721936,0.909,True
sloper_20_to_40_feed20_end40_dedicated_angled_53ft_az180_cfrp_5e4_3in,sloper_20_to_40,20.0,40.0,dedicated_angled,dedicated_angled_53ft_az180,53.0,180.0,19.5,cfrp_5e4_3in,10m,28050000,1551.4,-1809.8,73.27135919286951,0.9177,True
sloper_20_to_40_feed20_end40_dedicated_angled_53ft_az180_cfrp_5e4_3in,sloper_20_to_40,20.0,40.0,dedicated_angled,dedicated_angled_53ft_az180,53.0,180.0,19.5,cfrp_5e4_3in,6m,50100000,130.21,-197.32,8.855640168765818,0.8249,True
sloper_20_to_40_feed20_end40_dedicated_angled_53ft_az180_none,sloper_20_to_40,20.0,40.0,dedicated_angled,dedicated_angled_53ft_az180,53.0,180.0,19.5,none,160m,1850000,12.66,-1261.7,2519.0314602101257,0.7509,True
sloper_20_to_40_feed20_end40_dedicated_angled_53ft_az180_none,sloper_20_to_40,20.0,40.0,dedicated_angled,dedicated_angled_53ft_az180,53.0,180.0,19.5,none,80m,3550000,34.556,-309.51,57.56484685162065,0.8443999999999999,True
sloper_20_to_40_feed20_end40_dedicated_angled_53ft_az180_none,sloper_20_to_40,20.0,40.0,dedicated_angled,dedicated_angled_53ft_az180,53.0,180.0,19.5,none,60m,5357000,107.81,353.98,25.826196887946352,0.9007,True
sloper_20_to_40_feed20_end40_dedicated_angled_53ft_az180_none,sloper_20_to_40,20.0,40.0,dedicated_angled,dedicated_angled_53ft_az180,53.0,180.0,19.5,none,40m,7050000,485.57,1366.4,86.70416910146439,0.9281999999999999,True
sloper_20_to_40_feed20_end40_dedicated_angled_53ft_az180_none,sloper_20_to_40,20.0,40.0,dedicated_angled,dedicated_angled_53ft_az180,53.0,180.0,19.5,none,30m,10120000,583.73,-1774.5,119.63911426181674,0.9296,True
sloper_20_to_40_feed20_end40_dedicated_angled_53ft_az180_none,sloper_20_to_40,20.0,40.0,dedicated_angled,dedicated_angled_53ft_az180,53.0,180.0,19.5,none,20m,14050000,118.06,112.61,4.721131606153952,0.8848999999999999,True
sloper_20_to_40_feed20_end40_dedicated_angled_53ft_az180_none,sloper_20_to_40,20.0,40.0,dedicated_angled,dedicated_angled_53ft_az180,53.0,180.0,19.5,none,17m,18080000,3415.8,-707.04,71.2436204363406,0.938,True
sloper_20_to_40_feed20_end40_dedicated_angled_53ft_az180_none,sloper_20_to_40,20.0,40.0,dedicated_angled,dedicated_angled_53ft_az180,53.0,180.0,19.5,none,15m,21050000,160.12,-628.01,52.75833449467974,0.8795000000000001,True
sloper_20_to_40_feed20_end40_dedicated_angled_53ft_az180_none,sloper_20_to_40,20.0,40.0,dedicated_angled,dedicated_angled_53ft_az180,53.0,180.0,19.5,none,12m,24910000,362.87,681.88,32.99170667524924,0.9126000000000001,True
sloper_20_to_40_feed20_end40_dedicated_angled_53ft_az180_none,sloper_20_to_40,20.0,40.0,dedicated_angled,dedicated_angled_53ft_az180,53.0,180.0,19.5,none,10m,28050000,1596.3,-1788.8,72.03371681022695,0.9190999999999999,True
sloper_20_to_40_feed20_end40_dedicated_angled_53ft_az180_none,sloper_20_to_40,20.0,40.0,dedicated_angled,dedicated_angled_53ft_az180,53.0,180.0,19.5,none,6m,50100000,129.47,-192.76,8.599070765415501,0.8237000000000001,True
sloper_20_to_40_feed20_end40_dedicated_angled_53ft_az90_cfrp_5e3_3in,sloper_20_to_40,20.0,40.0,dedicated_angled,dedicated_angled_53ft_az90,53.0,90.0,19.5,cfrp_5e3_3in,160m,1850000,11.952,-1473.5,3637.6253949493484,0.7391,True
sloper_20_to_40_feed20_end40_dedicated_angled_53ft_az90_cfrp_5e3_3in,sloper_20_to_40,20.0,40.0,dedicated_angled,dedicated_angled_53ft_az90,53.0,90.0,19.5,cfrp_5e3_3in,80m,3550000,31.866,-380.76,93.1880511331199,0.8338,True
sloper_20_to_40_feed20_end40_dedicated_angled_53ft_az90_cfrp_5e3_3in,sloper_20_to_40,20.0,40.0,dedicated_angled,dedicated_angled_53ft_az90,53.0,90.0,19.5,cfrp_5e3_3in,60m,5357000,100.54,378.68,31.001527889733296,0.8941,True
sloper_20_to_40_feed20_end40_dedicated_angled_53ft_az90_cfrp_5e3_3in,sloper_20_to_40,20.0,40.0,dedicated_angled,dedicated_angled_53ft_az90,53.0,90.0,19.5,cfrp_5e3_3in,40m,7050000,494.72,1593.5,112.64030266483414,0.9239,True
sloper_20_to_40_feed20_end40_dedicated_angled_53ft_az90_cfrp_5e3_3in,sloper_20_to_40,20.0,40.0,dedicated_angled,dedicated_angled_53ft_az90,53.0,90.0,19.5,cfrp_5e3_3in,30m,10120000,606.74,-1922.4,134.02870555973877,0.915,True
sloper_20_to_40_feed20_end40_dedicated_angled_53ft_az90_cfrp_5e3_3in,sloper_20_to_40,20.0,40.0,dedicated_angled,dedicated_angled_53ft_az90,53.0,90.0,19.5,cfrp_5e3_3in,20m,14050000,117.28,75.739,3.461257236805538,0.8793000000000001,True
sloper_20_to_40_feed20_end40_dedicated_angled_53ft_az90_cfrp_5e3_3in,sloper_20_to_40,20.0,40.0,dedicated_angled,dedicated_angled_53ft_az90,53.0,90.0,19.5,cfrp_5e3_3in,17m,18080000,4468.9,-2082.8,108.79442020292802,0.9159,True
sloper_20_to_40_feed20_end40_dedicated_angled_53ft_az90_cfrp_5e3_3in,sloper_20_to_40,20.0,40.0,dedicated_angled,dedicated_angled_53ft_az90,53.0,90.0,19.5,cfrp_5e3_3in,15m,21050000,196.6,-667.37,49.47462758893912,0.9164,True
sloper_20_to_40_feed20_end40_dedicated_angled_53ft_az90_cfrp_5e3_3in,sloper_20_to_40,20.0,40.0,dedicated_angled,dedicated_angled_53ft_az90,53.0,90.0,19.5,cfrp_5e3_3in,12m,24910000,326.29,724.48,38.82535365931196,0.8992,True
sloper_20_to_40_feed20_end40_dedicated_angled_53ft_az90_cfrp_5e3_3in,sloper_20_to_40,20.0,40.0,dedicated_angled,dedicated_angled_53ft_az90,53.0,90.0,19.5,cfrp_5e3_3in,10m,28050000,1238.1,-2209.1,103.62518417915628,0.9011,True
sloper_20_to_40_feed20_end40_dedicated_angled_53ft_az90_cfrp_5e3_3in,sloper_20_to_40,20.0,40.0,dedicated_angled,dedicated_angled_53ft_az90,53.0,90.0,19.5,cfrp_5e3_3in,6m,50100000,175.47,-226.95,9.560418700248722,0.8872,True
sloper_20_to_40_feed20_end40_dedicated_angled_53ft_az90_cfrp_5e4_12in,sloper_20_to_40,20.0,40.0,dedicated_angled,dedicated_angled_53ft_az90,53.0,90.0,19.5,cfrp_5e4_12in,160m,1850000,9.4581,-1202.0,3060.6428376618364,0.6690999999999999,True
sloper_20_to_40_feed20_end40_dedicated_angled_53ft_az90_cfrp_5e4_12in,sloper_20_to_40,20.0,40.0,dedicated_angled,dedicated_angled_53ft_az90,53.0,90.0,19.5,cfrp_5e4_12in,80m,3550000,25.476,-310.08,77.94181976491426,0.7914,True
sloper_20_to_40_feed20_end40_dedicated_angled_53ft_az90_cfrp_5e4_12in,sloper_20_to_40,20.0,40.0,dedicated_angled,dedicated_angled_53ft_az90,53.0,90.0,19.5,cfrp_5e4_12in,60m,5357000,78.631,302.86,25.499569565969544,0.8663,True
sloper_20_to_40_feed20_end40_dedicated_angled_53ft_az90_cfrp_5e4_12in,sloper_20_to_40,20.0,40.0,dedicated_angled,dedicated_angled_53ft_az90,53.0,90.0,19.5,cfrp_5e4_12in,40m,7050000,362.93,1252.0,93.76621694046536,0.9048,True
sloper_20_to_40_feed20_end40_dedicated_angled_53ft_az90_cfrp_5e4_12in,sloper_20_to_40,20.0,40.0,dedicated_angled,dedicated_angled_53ft_az90,53.0,90.0,19.5,cfrp_5e4_12in,30m,10120000,504.84,-1624.7,114.76085740255327,0.9225,True
sloper_20_to_40_feed20_end40_dedicated_angled_53ft_az90_cfrp_5e4_12in,sloper_20_to_40,20.0,40.0,dedicated_angled,dedicated_angled_53ft_az90,53.0,90.0,19.5,cfrp_5e4_12in,20m,14050000,95.158,71.515,3.1900546544486943,0.8628,True
sloper_20_to_40_feed20_end40_dedicated_angled_53ft_az90_cfrp_5e4_12in,sloper_20_to_40,20.0,40.0,dedicated_angled,dedicated_angled_53ft_az90,53.0,90.0,19.5,cfrp_5e4_12in,17m,18080000,3890.9,-1217.0,85.43223740066047,0.9093000000000001,True
sloper_20_to_40_feed20_end40_dedicated_angled_53ft_az90_cfrp_5e4_12in,sloper_20_to_40,20.0,40.0,dedicated_angled,dedicated_angled_53ft_az90,53.0,90.0,19.5,cfrp_5e4_12in,15m,21050000,171.46,-512.53,34.33288582949171,0.9011,True
sloper_20_to_40_feed20_end40_dedicated_angled_53ft_az90_cfrp_5e4_12in,sloper_20_to_40,20.0,40.0,dedicated_angled,dedicated_angled_53ft_az90,53.0,90.0,19.5,cfrp_5e4_12in,12m,24910000,229.87,612.81,37.462001024936676,0.8671,True
sloper_20_to_40_feed20_end40_dedicated_angled_53ft_az90_cfrp_5e4_12in,sloper_20_to_40,20.0,40.0,dedicated_angled,dedicated_angled_53ft_az90,53.0,90.0,19.5,cfrp_5e4_12in,10m,28050000,1241.4,-1903.2,83.21247427393466,0.8953,True
sloper_20_to_40_feed20_end40_dedicated_angled_53ft_az90_cfrp_5e4_12in,sloper_20_to_40,20.0,40.0,dedicated_angled,dedicated_angled_53ft_az90,53.0,90.0,19.5,cfrp_5e4_12in,6m,50100000,213.83,-171.09,7.107592051089816,0.9022,True
sloper_20_to_40_feed20_end40_dedicated_angled_53ft_az90_cfrp_5e4_3in,sloper_20_to_40,20.0,40.0,dedicated_angled,dedicated_angled_53ft_az90,53.0,90.0,19.5,cfrp_5e4_3in,160m,1850000,11.952,-1473.6,3638.1185509417573,0.7398,True
sloper_20_to_40_feed20_end40_dedicated_angled_53ft_az90_cfrp_5e4_3in,sloper_20_to_40,20.0,40.0,dedicated_angled,dedicated_angled_53ft_az90,53.0,90.0,19.5,cfrp_5e4_3in,80m,3550000,31.867,-380.75,93.18038633093154,0.8339,True
sloper_20_to_40_feed20_end40_dedicated_angled_53ft_az90_cfrp_5e4_3in,sloper_20_to_40,20.0,40.0,dedicated_angled,dedicated_angled_53ft_az90,53.0,90.0,19.5,cfrp_5e4_3in,60m,5357000,100.51,378.7,31.012616286171177,0.8945000000000001,True
sloper_20_to_40_feed20_end40_dedicated_angled_53ft_az90_cfrp_5e4_3in,sloper_20_to_40,20.0,40.0,dedicated_angled,dedicated_angled_53ft_az90,53.0,90.0,19.5,cfrp_5e4_3in,40m,7050000,494.33,1593.9,112.76516389055742,0.9262999999999999,True
sloper_20_to_40_feed20_end40_dedicated_angled_53ft_az90_cfrp_5e4_3in,sloper_20_to_40,20.0,40.0,dedicated_angled,dedicated_angled_53ft_az90,53.0,90.0,19.5,cfrp_5e4_3in,30m,10120000,604.98,-1920.3,134.08136760171078,0.9329999999999999,True
sloper_20_to_40_feed20_end40_dedicated_angled_53ft_az90_cfrp_5e4_3in,sloper_20_to_40,20.0,40.0,dedicated_angled,dedicated_angled_53ft_az90,53.0,90.0,19.5,cfrp_5e4_3in,20m,14050000,116.35,75.259,3.4396067959546524,0.8858,True
sloper_20_to_40_feed20_end40_dedicated_angled_53ft_az90_cfrp_5e4_3in,sloper_20_to_40,20.0,40.0,dedicated_angled,dedicated_angled_53ft_az90,53.0,90.0,19.5,cfrp_5e4_3in,17m,18080000,4474.6,-2093.8,109.08904798944394,0.9209,True
sloper_20_to_40_feed20_end40_dedicated_angled_53ft_az90_cfrp_5e4_3in,sloper_20_to_40,20.0,40.0,dedicated_angled,dedicated_angled_53ft_az90,53.0,90.0,19.5,cfrp_5e4_3in,15m,21050000,196.71,-667.36,49.44998177520757,0.9172,True
sloper_20_to_40_feed20_end40_dedicated_angled_53ft_az90_cfrp_5e4_3in,sloper_20_to_40,20.0,40.0,dedicated_angled,dedicated_angled_53ft_az90,53.0,90.0,19.5,cfrp_5e4_3in,12m,24910000,326.67,723.88,38.74209125884529,0.9020999999999999,True
sloper_20_to_40_feed20_end40_dedicated_angled_53ft_az90_cfrp_5e4_3in,sloper_20_to_40,20.0,40.0,dedicated_angled,dedicated_angled_53ft_az90,53.0,90.0,19.5,cfrp_5e4_3in,10m,28050000,1238.4,-2211.5,103.78343318773469,0.905,True
sloper_20_to_40_feed20_end40_dedicated_angled_53ft_az90_cfrp_5e4_3in,sloper_20_to_40,20.0,40.0,dedicated_angled,dedicated_angled_53ft_az90,53.0,90.0,19.5,cfrp_5e4_3in,6m,50100000,175.09,-226.91,9.56414534565265,0.8884000000000001,True
sloper_20_to_40_feed20_end40_dedicated_angled_53ft_az90_none,sloper_20_to_40,20.0,40.0,dedicated_angled,dedicated_angled_53ft_az90,53.0,90.0,19.5,none,160m,1850000,10.738,-1320.1,3250.659619067452,0.7093,True
sloper_20_to_40_feed20_end40_dedicated_angled_53ft_az90_none,sloper_20_to_40,20.0,40.0,dedicated_angled,dedicated_angled_53ft_az90,53.0,90.0,19.5,none,80m,3550000,28.331,-340.98,84.3974598059153,0.8127,True
sloper_20_to_40_feed20_end40_dedicated_angled_53ft_az90_none,sloper_20_to_40,20.0,40.0,dedicated_angled,dedicated_angled_53ft_az90,53.0,90.0,19.5,none,60m,5357000,86.291,335.11,28.29782467790226,0.878,True
sloper_20_to_40_feed20_end40_dedicated_angled_53ft_az90_none,sloper_20_to_40,20.0,40.0,dedicated_angled,dedicated_angled_53ft_az90,53.0,90.0,19.5,none,40m,7050000,403.9,1402.6,105.60687011193775,0.9133,True
sloper_20_to_40_feed20_end40_dedicated_angled_53ft_az90_none,sloper_20_to_40,20.0,40.0,dedicated_angled,dedicated_angled_53ft_az90,53.0,90.0,19.5,none,30m,10120000,532.03,-1756.3,126.68216547005287,0.9307,True
sloper_20_to_40_feed20_end40_dedicated_angled_53ft_az90_none,sloper_20_to_40,20.0,40.0,dedicated_angled,dedicated_angled_53ft_az90,53.0,90.0,19.5,none,20m,14050000,113.95,76.061,3.442727586911198,0.8872,True
sloper_20_to_40_feed20_end40_dedicated_angled_53ft_az90_none,sloper_20_to_40,20.0,40.0,dedicated_angled,dedicated_angled_53ft_az90,53.0,90.0,19.5,none,17m,18080000,4143.6,-1583.4,94.97487740622685,0.9215000000000001,True
sloper_20_to_40_feed20_end40_dedicated_angled_53ft_az90_none,sloper_20_to_40,20.0,40.0,dedicated_angled,dedicated_angled_53ft_az90,53.0,90.0,19.5,none,15m,21050000,181.89,-602.33,43.782250793141195,0.9087000000000001,True
sloper_20_to_40_feed20_end40_dedicated_angled_53ft_az90_none,sloper_20_to_40,20.0,40.0,dedicated_angled,dedicated_angled_53ft_az90,53.0,90.0,19.5,none,12m,24910000,293.68,647.43,34.56065589105005,0.8956999999999999,True
sloper_20_to_40_feed20_end40_dedicated_angled_53ft_az90_none,sloper_20_to_40,20.0,40.0,dedicated_angled,dedicated_angled_53ft_az90,53.0,90.0,19.5,none,10m,28050000,1284.8,-2012.8,88.78971626383525,0.9028,True
sloper_20_to_40_feed20_end40_dedicated_angled_53ft_az90_none,sloper_20_to_40,20.0,40.0,dedicated_angled,dedicated_angled_53ft_az90,53.0,90.0,19.5,none,6m,50100000,161.66,-197.78,8.260845318195203,0.8778,True
sloper_20_to_40_feed20_end40_dedicated_vertical_19.5ft_vertical_cfrp_5e3_3in,sloper_20_to_40,20.0,40.0,dedicated_vertical,dedicated_vertical_19.5ft_vertical,19.5,,19.5,cfrp_5e3_3in,160m,1850000,6.5139,-2391.8,17572.420983913442,0.6513,True
sloper_20_to_40_feed20_end40_dedicated_vertical_19.5ft_vertical_cfrp_5e3_3in,sloper_20_to_40,20.0,40.0,dedicated_vertical,dedicated_vertical_19.5ft_vertical,19.5,,19.5,cfrp_5e3_3in,80m,3550000,15.279,-1038.8,1416.1114580415274,0.7663,True
sloper_20_to_40_feed20_end40_dedicated_vertical_19.5ft_vertical_cfrp_5e3_3in,sloper_20_to_40,20.0,40.0,dedicated_vertical,dedicated_vertical_19.5ft_vertical,19.5,,19.5,cfrp_5e3_3in,60m,5357000,42.546,-378.49,69.35277986544378,0.8576,True
sloper_20_to_40_feed20_end40_dedicated_vertical_19.5ft_vertical_cfrp_5e3_3in,sloper_20_to_40,20.0,40.0,dedicated_vertical,dedicated_vertical_19.5ft_vertical,19.5,,19.5,cfrp_5e3_3in,40m,7050000,166.58,248.81,10.973260365179522,0.9081999999999999,True
sloper_20_to_40_feed20_end40_dedicated_vertical_19.5ft_vertical_cfrp_5e3_3in,sloper_20_to_40,20.0,40.0,dedicated_vertical,dedicated_vertical_19.5ft_vertical,19.5,,19.5,cfrp_5e3_3in,30m,10120000,359.93,-1161.6,82.30186427090824,0.9207,True
sloper_20_to_40_feed20_end40_dedicated_vertical_19.5ft_vertical_cfrp_5e3_3in,sloper_20_to_40,20.0,40.0,dedicated_vertical,dedicated_vertical_19.5ft_vertical,19.5,,19.5,cfrp_5e3_3in,20m,14050000,61.48,116.35,6.287643960060411,0.7735,True
sloper_20_to_40_feed20_end40_dedicated_vertical_19.5ft_vertical_cfrp_5e3_3in,sloper_20_to_40,20.0,40.0,dedicated_vertical,dedicated_vertical_19.5ft_vertical,19.5,,19.5,cfrp_5e3_3in,17m,18080000,2866.9,204.01,57.62843691547355,0.9148000000000001,True
sloper_20_to_40_feed20_end40_dedicated_vertical_19.5ft_vertical_cfrp_5e3_3in,sloper_20_to_40,20.0,40.0,dedicated_vertical,dedicated_vertical_19.5ft_vertical,19.5,,19.5,cfrp_5e3_3in,15m,21050000,209.61,335.89,15.1295958271122,0.8128,True
sloper_20_to_40_feed20_end40_dedicated_vertical_19.5ft_vertical_cfrp_5e3_3in,sloper_20_to_40,20.0,40.0,dedicated_vertical,dedicated_vertical_19.5ft_vertical,19.5,,19.5,cfrp_5e3_3in,12m,24910000,6351.0,-2385.8,144.9458410382848,0.5305,True
sloper_20_to_40_feed20_end40_dedicated_vertical_19.5ft_vertical_cfrp_5e3_3in,sloper_20_to_40,20.0,40.0,dedicated_vertical,dedicated_vertical_19.5ft_vertical,19.5,,19.5,cfrp_5e3_3in,10m,28050000,1040.8,-1742.5,79.19703679300959,0.8793000000000001,True
sloper_20_to_40_feed20_end40_dedicated_vertical_19.5ft_vertical_cfrp_5e3_3in,sloper_20_to_40,20.0,40.0,dedicated_vertical,dedicated_vertical_19.5ft_vertical,19.5,,19.5,cfrp_5e3_3in,6m,50100000,3539.6,-2012.3,93.6757270118526,0.5775,True
sloper_20_to_40_feed20_end40_dedicated_vertical_19.5ft_vertical_cfrp_5e4_12in,sloper_20_to_40,20.0,40.0,dedicated_vertical,dedicated_vertical_19.5ft_vertical,19.5,,19.5,cfrp_5e4_12in,160m,1850000,7.2581,-2491.0,17105.39578895045,0.7173,True
sloper_20_to_40_feed20_end40_dedicated_vertical_19.5ft_vertical_cfrp_5e4_12in,sloper_20_to_40,20.0,40.0,dedicated_vertical,dedicated_vertical_19.5ft_vertical,19.5,,19.5,cfrp_5e4_12in,80m,3550000,17.158,-1086.7,1379.7769730702744,0.8089,True
sloper_20_to_40_feed20_end40_dedicated_vertical_19.5ft_vertical_cfrp_5e4_12in,sloper_20_to_40,20.0,40.0,dedicated_vertical,dedicated_vertical_19.5ft_vertical,19.5,,19.5,cfrp_5e4_12in,60m,5357000,46.941,-406.22,72.29742956955991,0.8781,True
sloper_20_to_40_feed20_end40_dedicated_vertical_19.5ft_vertical_cfrp_5e4_12in,sloper_20_to_40,20.0,40.0,dedicated_vertical,dedicated_vertical_19.5ft_vertical,19.5,,19.5,cfrp_5e4_12in,40m,7050000,177.47,228.63,9.617927285766386,0.9164,True
sloper_20_to_40_feed20_end40_dedicated_vertical_19.5ft_vertical_cfrp_5e4_12in,sloper_20_to_40,20.0,40.0,dedicated_vertical,dedicated_vertical_19.5ft_vertical,19.5,,19.5,cfrp_5e4_12in,30m,10120000,361.12,-1162.1,82.14245963460112,0.9209999999999999,True
sloper_20_to_40_feed20_end40_dedicated_vertical_19.5ft_vertical_cfrp_5e4_12in,sloper_20_to_40,20.0,40.0,dedicated_vertical,dedicated_vertical_19.5ft_vertical,19.5,,19.5,cfrp_5e4_12in,20m,14050000,60.83,130.24,7.481911134945938,0.8220999999999999,True
sloper_20_to_40_feed20_end40_dedicated_vertical_19.5ft_vertical_cfrp_5e4_12in,sloper_20_to_40,20.0,40.0,dedicated_vertical,dedicated_vertical_19.5ft_vertical,19.5,,19.5,cfrp_5e4_12in,17m,18080000,2892.3,353.56,58.71065091391465,0.9176000000000001,True
sloper_20_to_40_feed20_end40_dedicated_vertical_19.5ft_vertical_cfrp_5e4_12in,sloper_20_to_40,20.0,40.0,dedicated_vertical,dedicated_vertical_19.5ft_vertical,19.5,,19.5,cfrp_5e4_12in,15m,21050000,258.06,431.06,19.7049427942927,0.8806,True
sloper_20_to_40_feed20_end40_dedicated_vertical_19.5ft_vertical_cfrp_5e4_12in,sloper_20_to_40,20.0,40.0,dedicated_vertical,dedicated_vertical_19.5ft_vertical,19.5,,19.5,cfrp_5e4_12in,12m,24910000,4248.6,-3403.2,139.49700782204508,0.792,True
sloper_20_to_40_feed20_end40_dedicated_vertical_19.5ft_vertical_cfrp_5e4_12in,sloper_20_to_40,20.0,40.0,dedicated_vertical,dedicated_vertical_19.5ft_vertical,19.5,,19.5,cfrp_5e4_12in,10m,28050000,1073.8,-1767.1,79.67060812602725,0.898,True
sloper_20_to_40_feed20_end40_dedicated_vertical_19.5ft_vertical_cfrp_5e4_12in,sloper_20_to_40,20.0,40.0,dedicated_vertical,dedicated_vertical_19.5ft_vertical,19.5,,19.5,cfrp_5e4_12in,6m,50100000,2142.8,-2101.6,84.09128531270264,0.8262,True
sloper_20_to_40_feed20_end40_dedicated_vertical_19.5ft_vertical_cfrp_5e4_3in,sloper_20_to_40,20.0,40.0,dedicated_vertical,dedicated_vertical_19.5ft_vertical,19.5,,19.5,cfrp_5e4_3in,160m,1850000,6.3611,-2392.0,17997.5301313096,0.6703,True
sloper_20_to_40_feed20_end40_dedicated_vertical_19.5ft_vertical_cfrp_5e4_3in,sloper_20_to_40,20.0,40.0,dedicated_vertical,dedicated_vertical_19.5ft_vertical,19.5,,19.5,cfrp_5e4_3in,80m,3550000,15.092,-1039.1,1434.4766133297203,0.7787999999999999,True
sloper_20_to_40_feed20_end40_dedicated_vertical_19.5ft_vertical_cfrp_5e4_3in,sloper_20_to_40,20.0,40.0,dedicated_vertical,dedicated_vertical_19.5ft_vertical,19.5,,19.5,cfrp_5e4_3in,60m,5357000,42.389,-378.77,69.70352382946803,0.8636,True
sloper_20_to_40_feed20_end40_dedicated_vertical_19.5ft_vertical_cfrp_5e4_3in,sloper_20_to_40,20.0,40.0,dedicated_vertical,dedicated_vertical_19.5ft_vertical,19.5,,19.5,cfrp_5e4_3in,40m,7050000,166.62,248.42,10.948722858503544,0.9107,True
sloper_20_to_40_feed20_end40_dedicated_vertical_19.5ft_vertical_cfrp_5e4_3in,sloper_20_to_40,20.0,40.0,dedicated_vertical,dedicated_vertical_19.5ft_vertical,19.5,,19.5,cfrp_5e4_3in,30m,10120000,359.52,-1161.5,82.36641277821697,0.9214,True
sloper_20_to_40_feed20_end40_dedicated_vertical_19.5ft_vertical_cfrp_5e4_3in,sloper_20_to_40,20.0,40.0,dedicated_vertical,dedicated_vertical_19.5ft_vertical,19.5,,19.5,cfrp_5e4_3in,20m,14050000,57.823,114.58,6.406017638591587,0.8104,True
sloper_20_to_40_feed20_end40_dedicated_vertical_19.5ft_vertical_cfrp_5e4_3in,sloper_20_to_40,20.0,40.0,dedicated_vertical,dedicated_vertical_19.5ft_vertical,19.5,,19.5,cfrp_5e4_3in,17m,18080000,2879.3,212.98,57.901174443040546,0.9188,True
sloper_20_to_40_feed20_end40_dedicated_vertical_19.5ft_vertical_cfrp_5e4_3in,sloper_20_to_40,20.0,40.0,dedicated_vertical,dedicated_vertical_19.5ft_vertical,19.5,,19.5,cfrp_5e4_3in,15m,21050000,203.2,332.44,15.121525958395663,0.8487,True
sloper_20_to_40_feed20_end40_dedicated_vertical_19.5ft_vertical_cfrp_5e4_3in,sloper_20_to_40,20.0,40.0,dedicated_vertical,dedicated_vertical_19.5ft_vertical,19.5,,19.5,cfrp_5e4_3in,12m,24910000,8578.3,-2261.9,183.49459687753688,0.5962,True
sloper_20_to_40_feed20_end40_dedicated_vertical_19.5ft_vertical_cfrp_5e4_3in,sloper_20_to_40,20.0,40.0,dedicated_vertical,dedicated_vertical_19.5ft_vertical,19.5,,19.5,cfrp_5e4_3in,10m,28050000,1041.0,-1757.6,80.20537561968219,0.8912,True
sloper_20_to_40_feed20_end40_dedicated_vertical_19.5ft_vertical_cfrp_5e4_3in,sloper_20_to_40,20.0,40.0,dedicated_vertical,dedicated_vertical_19.5ft_vertical,19.5,,19.5,cfrp_5e4_3in,6m,50100000,4420.5,-2532.0,117.41867156781812,0.643,True
sloper_20_to_40_feed20_end40_dedicated_vertical_19.5ft_vertical_none,sloper_20_to_40,20.0,40.0,dedicated_vertical,dedicated_vertical_19.5ft_vertical,19.5,,19.5,none,160m,1850000,8.69,-2554.7,15026.622732293647,0.7672,True
sloper_20_to_40_feed20_end40_dedicated_vertical_19.5ft_vertical_none,sloper_20_to_40,20.0,40.0,dedicated_vertical,dedicated_vertical_19.5ft_vertical,19.5,,19.5,none,80m,3550000,20.125,-1114.4,1237.0599375943063,0.8384999999999999,True
sloper_20_to_40_feed20_end40_dedicated_vertical_19.5ft_vertical_none,sloper_20_to_40,20.0,40.0,dedicated_vertical,dedicated_vertical_19.5ft_vertical,19.5,,19.5,none,60m,5357000,51.505,-419.04,70.17205612798743,0.8894,True
sloper_20_to_40_feed20_end40_dedicated_vertical_19.5ft_vertical_none,sloper_20_to_40,20.0,40.0,dedicated_vertical,dedicated_vertical_19.5ft_vertical,19.5,,19.5,none,40m,7050000,179.86,224.16,9.355731822475489,0.9181999999999999,True
sloper_20_to_40_feed20_end40_dedicated_vertical_19.5ft_vertical_none,sloper_20_to_40,20.0,40.0,dedicated_vertical,dedicated_vertical_19.5ft_vertical,19.5,,19.5,none,30m,10120000,371.34,-1187.8,83.53745764113646,0.9214,True
sloper_20_to_40_feed20_end40_dedicated_vertical_19.5ft_vertical_none,sloper_20_to_40,20.0,40.0,dedicated_vertical,dedicated_vertical_19.5ft_vertical,19.5,,19.5,none,20m,14050000,105.29,148.65,6.627109514213974,0.9098,True
sloper_20_to_40_feed20_end40_dedicated_vertical_19.5ft_vertical_none,sloper_20_to_40,20.0,40.0,dedicated_vertical,dedicated_vertical_19.5ft_vertical,19.5,,19.5,none,17m,18080000,2842.5,607.91,59.45097761117428,0.9233,True
sloper_20_to_40_feed20_end40_dedicated_vertical_19.5ft_vertical_none,sloper_20_to_40,20.0,40.0,dedicated_vertical,dedicated_vertical_19.5ft_vertical,19.5,,19.5,none,15m,21050000,432.54,441.21,17.711009888293407,0.9327,True
sloper_20_to_40_feed20_end40_dedicated_vertical_19.5ft_vertical_none,sloper_20_to_40,20.0,40.0,dedicated_vertical,dedicated_vertical_19.5ft_vertical,19.5,,19.5,none,12m,24910000,2232.2,-1071.1,54.927337091345386,0.9581999999999999,True
sloper_20_to_40_feed20_end40_dedicated_vertical_19.5ft_vertical_none,sloper_20_to_40,20.0,40.0,dedicated_vertical,dedicated_vertical_19.5ft_vertical,19.5,,19.5,none,10m,28050000,1120.9,-1632.4,69.99457337977894,0.9158,True
sloper_20_to_40_feed20_end40_dedicated_vertical_19.5ft_vertical_none,sloper_20_to_40,20.0,40.0,dedicated_vertical,dedicated_vertical_19.5ft_vertical,19.5,,19.5,none,6m,50100000,1545.0,-696.6,37.1870449664328,0.9517,True
