radiator_ft,feedline_ft,total_wire_ft,sample_count,all_required_compatibility_fraction,minimum_required_band_compatibility_fraction,required_max_q_p90,required_max_raw_swr_p90,required_worst_line_efficiency_p10,40m_compatibility_fraction,30m_compatibility_fraction,20m_compatibility_fraction,17m_compatibility_fraction,15m_compatibility_fraction,12m_compatibility_fraction,10m_compatibility_fraction
40.5,10.0,60.5,54,0.0,0.0,123.00676015216318,649.698357578024,0.0022194523142535197,0.5,0.25925925925925924,0.0,0.0,0.4444444444444444,0.5555555555555556,0.12962962962962962
40.5,10.5,61.5,54,0.0,0.0,122.91955175469442,646.248710636154,0.00202928490291274,0.5,0.24074074074074073,0.0,0.0,0.5185185185185185,0.5555555555555556,0.2222222222222222
40.5,11.0,62.5,54,0.0,0.0,122.6602305626679,642.7946955382658,0.0018720593974136755,0.5,0.24074074074074073,0.0,0.0,0.5555555555555556,0.4444444444444444,0.2777777777777778
40.5,11.5,63.5,54,0.0,0.0,122.23962716142626,639.3248667732385,0.001741495439658739,0.5,0.2222222222222222,0.0,0.0,0.6111111111111112,0.35185185185185186,0.2962962962962963
40.5,12.0,64.5,54,0.0,0.0,121.65878014757006,635.8283583547762,0.0016327990300403108,0.5,0.2222222222222222,0.0,0.0,0.6481481481481481,0.2777777777777778,0.2962962962962963
40.5,12.5,65.5,54,0.0,0.0,122.91287959473476,632.2947840544799,0.0015422773677334475,0.5,0.2037037037037037,0.0,0.0,0.6666666666666666,0.2222222222222222,0.2222222222222222
40.5,13.0,66.5,54,0.0,0.0,123.37203285641597,628.714149654528,0.0014670647919535834,0.5,0.2222222222222222,0.0,0.0,0.6481481481481481,0.16666666666666666,0.25925925925925924
40.5,13.5,67.5,54,0.0,0.0,125.24291069491406,625.076775387156,0.0014049256038073464,0.5,0.24074074074074073,0.0,0.0,0.6111111111111112,0.16666666666666666,0.25925925925925924
40.5,14.0,68.5,54,0.0,0.0,126.87669284262267,621.3732270512983,0.0013541107474992953,0.5,0.24074074074074073,0.0,0.0,0.5370370370370371,0.12962962962962962,0.25925925925925924
40.5,14.5,69.5,54,0.0,0.0,128.28632294965823,617.5942545665546,0.0013132527069848806,0.5,0.25925925925925924,0.0,0.0,0.46296296296296297,0.12962962962962962,0.24074074074074073
40.5,15.0,70.5,54,0.0,0.0,129.4802934666206,613.7307369473546,0.00128128787218219,0.5,0.25925925925925924,0.0,0.0,0.46296296296296297,0.07407407407407407,0.09259259259259259
40.5,15.5,71.5,54,0.0,0.0,130.4629807222406,609.7736328688834,0.0012573989113116167,0.5,0.2777777777777778,0.0,0.0,0.4444444444444444,0.07407407407407407,0.1111111111111111
40.5,16.0,72.5,54,0.0,0.0,131.3254858588787,605.7139361556635,0.0012409719067410566,0.5,0.25925925925925924,0.0,0.0,0.3333333333333333,0.037037037037037035,0.1111111111111111
40.5,16.5,73.5,54,0.0,0.0,132.0074058730372,601.542635663345,0.001232457547188331,0.5,0.24074074074074073,0.0,0.0,0.2037037037037037,0.037037037037037035,0.1111111111111111
40.5,17.0,74.5,54,0.0,0.0,132.46366853165762,597.2506791453288,0.0012283526393404786,0.5,0.24074074074074073,0.0,0.0,0.07407407407407407,0.037037037037037035,0.09259259259259259
40.5,17.5,75.5,54,0.0,0.0,132.68442444657373,592.8289408061373,0.0012310860379738228,0.5,0.24074074074074073,0.0,0.0,0.09259259259259259,0.037037037037037035,0.09259259259259259
40.5,18.0,76.5,54,0.0,0.0,132.655065333931,588.2681923439268,0.0012405926131321585,0.5,0.24074074074074073,0.0,0.0,0.09259259259259259,0.037037037037037035,0.09259259259259259
40.5,18.5,77.5,54,0.0,0.0,132.35580290180508,583.5590773786198,0.0012569281191169976,0.5,0.2222222222222222,0.0,0.0,0.07407407407407407,0.037037037037037035,0.09259259259259259
40.5,19.0,78.5,54,0.0,0.0,131.76111417330128,578.6920892532013,0.001280262618823532,0.5,0.2777777777777778,0.0,0.0,0.1111111111111111,0.037037037037037035,0.09259259259259259
40.5,19.5,79.5,54,0.0,0.0,130.83905980834243,573.6575522856882,0.0013108758751253521,0.5,0.3148148148148148,0.0,0.0,0.09259259259259259,0.037037037037037035,0.05555555555555555
40.5,20.0,80.5,54,0.0,0.0,129.55014987964523,568.4456066377139,0.0013491533981757175,0.5,0.3333333333333333,0.0,0.0,0.1111111111111111,0.018518518518518517,0.05555555555555555
40.5,20.5,81.5,54,0.0,0.0,127.72001030214999,563.0461970594052,0.001395581493343913,0.5,0.35185185185185186,0.0,0.0,0.12962962962962962,0.018518518518518517,0.05555555555555555
40.5,21.0,82.5,54,0.0,0.0,125.3913754613706,557.4490658638666,0.0014507390545403574,0.5,0.37037037037037035,0.0,0.0,0.14814814814814814,0.018518518518518517,0.2037037037037037
40.5,21.5,83.5,54,0.0,0.0,122.70695202059873,551.6437505872175,0.0015152829213018095,0.5,0.3888888888888889,0.0,0.0,0.14814814814814814,0.037037037037037035,0.2962962962962963
40.5,22.0,84.5,54,0.0,0.0,119.34485187599728,545.6195868942206,0.0015899222881976343,0.5,0.4074074074074074,0.0,0.0,0.16666666666666666,0.07407407407407407,0.37037037037037035
40.5,22.5,85.5,54,0.0,0.0,115.27754723887736,539.3657174043303,0.00167537587046102,0.5,0.42592592592592593,0.0,0.0,0.16666666666666666,0.1111111111111111,0.37037037037037035
40.5,23.0,86.5,54,0.0,0.0,110.46396277172596,532.871107233037,0.0017707201502285789,0.5,0.48148148148148145,0.0,0.0,0.2037037037037037,0.12962962962962962,0.37037037037037035
40.5,23.5,87.5,54,0.0,0.0,106.94271378449932,526.1245671704023,0.0018736876382360792,0.5,0.5,0.0,0.0,0.2222222222222222,0.14814814814814814,0.37037037037037035
40.5,24.0,88.5,54,0.0,0.0,103.47607483400631,519.1147855542322,0.0019883441064501624,0.5,0.5370370370370371,0.0,0.0,0.2777777777777778,0.2222222222222222,0.3148148148148148
40.5,24.5,89.5,54,0.0,0.0,99.39811048210785,511.8303700361455,0.002115755417338393,0.5,0.6481481481481481,0.0,0.0,0.3333333333333333,0.24074074074074073,0.25925925925925924
40.5,25.0,90.5,54,0.0,0.0,94.81810771774967,504.25990058222396,0.0022528657207799997,0.5,0.7222222222222222,0.0,0.0,0.3148148148148148,0.25925925925925924,0.25925925925925924
40.5,25.5,91.5,54,0.0,0.0,90.22782470397135,496.74894812896724,0.00239742454894118,0.5,0.8148148148148148,0.0,0.0,0.2962962962962963,0.2777777777777778,0.18518518518518517
40.5,26.0,92.5,54,0.0,0.0,89.64217097994074,488.9944537061626,0.002545801004420896,0.5,0.8333333333333334,0.0,0.0,0.2777777777777778,0.2777777777777778,0.12962962962962962
40.5,26.5,93.5,54,0.0,0.0,89.41958610494187,480.9564452346903,0.0026927372536918255,0.5,0.8703703703703703,0.0,0.0,0.2777777777777778,0.3148148148148148,0.09259259259259259
40.5,27.0,94.5,54,0.0,0.0,89.11908186956865,472.38393495152377,0.0028312957245854786,0.5,0.8333333333333334,0.0,0.0,0.2777777777777778,0.3333333333333333,0.1111111111111111
40.5,27.5,95.5,54,0.0,0.0,88.73681909777204,463.4474009721081,0.0029531566744231785,0.5,0.8333333333333334,0.0,0.0,0.2037037037037037,0.3333333333333333,0.2222222222222222
40.5,28.0,96.5,54,0.0,0.0,88.26882384731739,454.20866740754576,0.0030493927594953444,0.5,0.7777777777777778,0.0,0.0,0.14814814814814814,0.9444444444444444,0.2962962962962963
40.5,28.5,97.5,54,0.0,0.0,87.7110060819295,445.1001603408535,0.003111716076348489,0.5,0.7407407407407407,0.0,0.35185185185185186,0.1111111111111111,0.9444444444444444,0.46296296296296297
40.5,29.0,98.5,54,0.0,0.0,87.03184351224918,435.67659140623937,0.003133970484288055,0.5,0.7037037037037037,0.0,0.5,0.037037037037037035,0.9444444444444444,0.46296296296296297
40.5,29.5,99.5,54,0.0,0.0,86.24272781963882,425.8354824822349,0.003113430789486306,0.5,0.6296296296296297,0.0,0.5,0.16666666666666666,0.9444444444444444,0.4444444444444444
40.5,30.0,100.5,54,0.0,0.0,85.42772037386304,415.4124741621774,0.0030514324332595825,0.5,0.5185185185185185,0.0,0.5,0.2037037037037037,0.8888888888888888,0.42592592592592593
40.5,30.5,101.5,54,0.0,0.0,84.49013466874213,404.64015687600886,0.0029530770692975153,0.5,0.48148148148148145,0.0,0.5,0.2222222222222222,0.37037037037037035,0.25925925925925924
40.5,31.0,102.5,54,0.0,0.2962962962962963,83.42980553582777,393.6082178157602,0.00282613636180789,0.5,0.48148148148148145,0.3333333333333333,0.3888888888888889,0.2962962962962963,0.25925925925925924,0.12962962962962962
40.5,31.5,103.5,54,0.0,0.0,82.37581568718453,382.6625761030341,0.0026795743590282066,0.5,0.48148148148148145,0.5,0.0,0.42592592592592593,0.16666666666666666,0.09259259259259259
40.5,32.0,104.5,54,0.0,0.0,81.19173098658578,370.9444181623709,0.0025221640317140645,0.5,0.5,0.5,0.0,0.42592592592592593,0.16666666666666666,0.1111111111111111
40.5,32.5,105.5,54,0.0,0.0,79.86124742927072,358.9751105328875,0.0023628899561586544,0.5,0.5,0.5,0.0,0.48148148148148145,0.14814814814814814,0.1111111111111111
40.5,33.0,106.5,54,0.0,0.0,78.49912056901391,346.9010908292905,0.002209697402685908,0.5,0.5,0.5,0.0,0.5925925925925926,0.12962962962962962,0.1111111111111111
40.5,33.5,107.5,54,0.0,0.0,77.44477654564079,334.5137701322242,0.0020537474603364637,0.5,0.5,0.5,0.0,0.6111111111111112,0.1111111111111111,0.09259259259259259
40.5,34.0,108.5,54,0.0,0.0,76.25779683557512,321.8253964056221,0.0019079951362057984,0.5,0.5,0.3888888888888889,0.0,0.6111111111111112,0.07407407407407407,0.09259259259259259
40.5,34.5,109.5,54,0.0,0.0,76.05163524891185,308.7885339382017,0.0017746071408036846,0.5,0.5,0.2037037037037037,0.0,0.6296296296296297,0.05555555555555555,0.09259259259259259
40.5,35.0,110.5,54,0.0,0.0,76.07951093313591,295.206945480165,0.0016539683160044383,0.5,0.5,0.037037037037037035,0.0,0.6111111111111112,0.037037037037037035,0.09259259259259259
40.5,35.5,111.5,54,0.0,0.0,75.85301278853169,281.37782927799645,0.0015458386468814487,0.5,0.5,0.0,0.0,0.5925925925925926,0.037037037037037035,0.09259259259259259
40.5,36.0,112.5,54,0.0,0.0,75.3761307779204,267.5212740329576,0.0014495996168094865,0.5,0.5,0.0,0.0,0.5740740740740741,0.037037037037037035,0.05555555555555555
40.5,36.5,113.5,54,0.0,0.0,75.17032793899688,264.3746319660413,0.0013644317094005068,0.5,0.5,0.0,0.0,0.5370370370370371,0.037037037037037035,0.1111111111111111
40.5,37.0,114.5,54,0.0,0.0,78.41472206214742,265.787721974621,0.0012894349549023947,0.5,0.5,0.0,0.0,0.37037037037037035,0.037037037037037035,0.16666666666666666
40.5,37.5,115.5,54,0.0,0.0,81.18094259274392,274.19951128411094,0.001223706329701071,0.5,0.5,0.0,0.0,0.3888888888888889,0.037037037037037035,0.16666666666666666
40.5,38.0,116.5,54,0.0,0.0,83.48328885718732,281.30605631155123,0.0011663863936254926,0.5,0.5,0.0,0.0,0.3333333333333333,0.037037037037037035,0.24074074074074073
40.5,38.5,117.5,54,0.0,0.0,85.33401406821467,287.75681567494127,0.0011166850089726903,0.5,0.5,0.0,0.0,0.2777777777777778,0.037037037037037035,0.3333333333333333
40.5,39.0,118.5,54,0.0,0.0,86.74274498009264,294.49405602806524,0.0010738934221201772,0.5,0.5,0.0,0.0,0.18518518518518517,0.018518518518518517,0.35185185185185186
40.5,39.5,119.5,54,0.0,0.0,88.91211330817288,302.2142783647211,0.0010373878346294928,0.5,0.5,0.0,0.0,0.18518518518518517,0.05555555555555555,0.37037037037037035
40.5,40.0,120.5,54,0.0,0.0,91.103264775086,308.69488845792864,0.0010066279408512552,0.5,0.5,0.0,0.0,0.14814814814814814,0.1111111111111111,0.3148148148148148
41.0,10.0,61.0,54,0.0,0.0,121.07570835140423,648.5651008931169,0.0033477165117862216,0.5,0.24074074074074073,0.0,0.0,0.5185185185185185,0.5740740740740741,0.12962962962962962
41.0,10.5,62.0,54,0.0,0.0,120.89481095720186,645.1388872136738,0.003061154977822926,0.5,0.24074074074074073,0.0,0.0,0.5555555555555556,0.5555555555555556,0.2222222222222222
41.0,11.0,63.0,54,0.0,0.0,120.57828211300166,641.7065015148552,0.0028241953722860625,0.5,0.2222222222222222,0.0,0.0,0.6111111111111112,0.4444444444444444,0.2777777777777778
41.0,11.5,64.0,54,0.0,0.0,120.11358536924553,638.2566372922711,0.0026273925082853974,0.5,0.2222222222222222,0.0,0.0,0.6666666666666666,0.37037037037037035,0.2777777777777778
41.0,12.0,65.0,54,0.0,0.0,121.16396026071271,634.7785532978729,0.0024635337999700615,0.5,0.2037037037037037,0.0,0.0,0.6666666666666666,0.2777777777777778,0.3148148148148148
41.0,12.5,66.0,54,0.0,0.0,121.85333909610219,631.2619756227589,0.0023270616466238418,0.5,0.2037037037037037,0.0,0.0,0.6666666666666666,0.2222222222222222,0.2222222222222222
41.0,13.0,67.0,54,0.0,0.0,123.3083641613432,627.6970115412845,0.0022136621341688704,0.5,0.2037037037037037,0.0,0.0,0.6481481481481481,0.18518518518518517,0.2777777777777778
41.0,13.5,68.0,54,0.0,0.0,125.18044292193701,624.0740733273587,0.0021199689386900756,0.5,0.2222222222222222,0.0,0.0,0.6296296296296297,0.14814814814814814,0.2777777777777778
41.0,14.0,69.0,54,0.0,0.0,126.81514058293234,620.3838105690868,0.0020433480007352534,0.5,0.24074074074074073,0.0,0.0,0.5740740740740741,0.1111111111111111,0.2777777777777778
41.0,14.5,70.0,54,0.0,0.0,128.22541288708263,616.6170497708038,0.0019817395485331947,0.5,0.24074074074074073,0.0,0.0,0.5185185185185185,0.09259259259259259,0.2777777777777778
41.0,15.0,71.0,54,0.0,0.0,129.4197620225984,612.7647402506567,0.0019335413676604078,0.5,0.25925925925925924,0.0,0.0,0.46296296296296297,0.07407407407407407,0.1111111111111111
41.0,15.5,72.0,54,0.0,0.0,130.40257163956863,608.8179055251713,0.0018975221252346894,0.5,0.25925925925925924,0.0,0.0,0.4074074074074074,0.07407407407407407,0.1111111111111111
41.0,16.0,73.0,54,0.0,0.0,131.2642596299383,604.7675995293853,0.0018727568820166136,0.5,0.25925925925925924,0.0,0.0,0.3333333333333333,0.037037037037037035,0.1111111111111111
41.0,16.5,74.0,54,0.0,0.0,131.94590964513128,600.6048671563066,0.001858579195828605,0.5,0.24074074074074073,0.0,0.0,0.2037037037037037,0.018518518518518517,0.09259259259259259
41.0,17.0,75.0,54,0.0,0.0,132.4016330157363,596.3207087215734,0.0018554839211648447,0.5,0.24074074074074073,0.0,0.0,0.09259259259259259,0.018518518518518517,0.09259259259259259
41.0,17.5,76.0,54,0.0,0.0,132.62157983242395,591.9060480639221,0.0018620868954082003,0.5,0.24074074074074073,0.0,0.0,0.09259259259259259,0.018518518518518517,0.09259259259259259
41.0,18.0,77.0,54,0.0,0.0,132.59113973255904,587.3517040939423,0.0018764609357804047,0.5,0.24074074074074073,0.0,0.0,0.09259259259259259,0.018518518518518517,0.09259259259259259
41.0,18.5,78.0,54,0.0,0.0,132.29052150596937,582.6483656947487,0.0019011579285255931,0.5,0.24074074074074073,0.0,0.0,0.07407407407407407,0.018518518518518517,0.09259259259259259
41.0,19.0,79.0,54,0.0,0.0,131.69419944398345,577.7865699696755,0.0019364345022046157,0.5,0.2962962962962963,0.0,0.0,0.1111111111111111,0.018518518518518517,0.05555555555555555
41.0,19.5,80.0,54,0.0,0.0,130.7702331321149,572.7566839186999,0.001982712855413554,0.5,0.3148148148148148,0.0,0.0,0.1111111111111111,0.018518518518518517,0.05555555555555555
41.0,20.0,81.0,54,0.0,0.0,129.47947808134944,567.5488897169112,0.0020405747289400254,0.5,0.3333333333333333,0.0,0.0,0.12962962962962962,0.018518518518518517,0.05555555555555555
41.0,20.5,82.0,54,0.0,0.0,127.66119369645799,562.1531738563655,0.002110753845784707,0.5,0.35185185185185186,0.0,0.0,0.14814814814814814,0.018518518518518517,0.07407407407407407
41.0,21.0,83.0,54,0.0,0.0,125.33085701310532,556.5593205108798,0.0021941234085591384,0.5,0.3888888888888889,0.0,0.0,0.16666666666666666,0.037037037037037035,0.18518518518518517
41.0,21.5,84.0,54,0.0,0.0,122.61251103416284,550.7569095805846,0.0022916738448952147,0.5,0.4074074074074074,0.0,0.0,0.16666666666666666,0.07407407407407407,0.2777777777777778
41.0,22.0,85.0,54,0.0,0.0,119.2897293163856,544.7353199800098,0.002404115735508787,0.5,0.4074074074074074,0.0,0.0,0.16666666666666666,0.1111111111111111,0.37037037037037035
41.0,22.5,86.0,54,0.0,0.0,115.20313853190851,538.4837388458163,0.0025276442624781207,0.5,0.4444444444444444,0.0,0.0,0.16666666666666666,0.12962962962962962,0.37037037037037035
41.0,23.0,87.0,54,0.0,0.0,110.38766325278542,531.991177459674,0.002666656275968904,0.5,0.48148148148148145,0.0,0.0,0.2222222222222222,0.14814814814814814,0.37037037037037035
41.0,23.5,88.0,54,0.0,0.0,106.41197619406195,525.2464948091967,0.0028243328404574755,0.5,0.5370370370370371,0.0,0.0,0.2222222222222222,0.18518518518518517,0.35185185185185186
41.0,24.0,89.0,54,0.0,0.0,102.93458311239672,518.2384298427064,0.0030000330907790436,0.5,0.6111111111111112,0.0,0.0,0.3333333333333333,0.2037037037037037,0.2962962962962963
41.0,24.5,90.0,54,0.0,0.0,98.84414921254576,510.9556436146924,0.0031921201274105826,0.5,0.6851851851851852,0.0,0.0,0.3148148148148148,0.2222222222222222,0.25925925925925924
41.0,25.0,91.0,54,0.0,0.0,94.2442664231926,503.4038950311076,0.0033988022642749208,0.5,0.7407407407407407,0.0,0.0,0.3148148148148148,0.2222222222222222,0.2222222222222222
41.0,25.5,92.0,54,0.0,0.0,89.79655505560517,495.9257237564951,0.0036166800312171137,0.5,0.8148148148148148,0.0,0.0,0.3148148148148148,0.24074074074074073,0.14814814814814814
41.0,26.0,93.0,54,0.0,0.0,89.48126884990789,488.1735513585166,0.003840274217965898,0.5,0.8703703703703703,0.0,0.0,0.2962962962962963,0.25925925925925924,0.09259259259259259
41.0,26.5,94.0,54,0.0,0.0,89.25675246456264,480.137965694234,0.004061656111508111,0.5,0.8703703703703703,0.0,0.0,0.2777777777777778,0.3148148148148148,0.09259259259259259
41.0,27.0,95.0,54,0.0,0.0,88.95432027269487,471.5450503586174,0.0042703700785430895,0.5,0.8703703703703703,0.0,0.0,0.2777777777777778,0.3148148148148148,0.1111111111111111
41.0,27.5,96.0,54,0.0,0.0,88.57014539707723,462.6109677808537,0.004453883989863576,0.5,0.8333333333333334,0.0,0.0,0.2222222222222222,0.3333333333333333,0.2037037037037037
41.0,28.0,97.0,54,0.0,0.0,88.1002677427429,453.4141634412947,0.004598757299703647,0.5,0.7962962962962963,0.0,0.0,0.18518518518518517,0.9629629629629629,0.2777777777777778
41.0,28.5,98.0,54,0.0,0.0,87.54061278776096,444.30919785948237,0.0046925188984212815,0.5,0.7407407407407407,0.0,0.37037037037037035,0.1111111111111111,0.9444444444444444,0.48148148148148145
41.0,29.0,99.0,54,0.0,0.0,86.85414234548739,434.88956927588976,0.004725912050838055,0.5,0.7407407407407407,0.0,0.5,0.1111111111111111,0.9444444444444444,0.46296296296296297
41.0,29.5,100.0,54,0.0,0.0,86.0632305476251,425.03221703320344,0.00469484682825411,0.5,0.7222222222222222,0.0,0.5,0.18518518518518517,0.9444444444444444,0.4444444444444444
41.0,30.0,101.0,54,0.0,0.0,85.25959186386113,414.61402611415616,0.0046013444466844146,0.5,0.5925925925925926,0.0,0.5,0.2037037037037037,0.8888888888888888,0.42592592592592593
41.0,30.5,102.0,54,0.0,0.018518518518518517,84.3144196814491,403.8472342110997,0.004453091922617024,0.5,0.5,0.018518518518518517,0.5,0.2222222222222222,0.3888888888888889,0.25925925925925924
41.0,31.0,103.0,54,0.0,0.3333333333333333,83.2527699629259,392.8445837517357,0.004261791921463558,0.5,0.5,0.3333333333333333,0.3888888888888889,0.37037037037037035,0.25925925925925924,0.14814814814814814
41.0,31.5,104.0,54,0.0,0.0,82.20803879313198,381.9061705926817,0.004040939978739632,0.5,0.5,0.5,0.0,0.42592592592592593,0.16666666666666666,0.1111111111111111
41.0,32.0,105.0,54,0.0,0.0,81.01578459609901,370.1640326544199,0.0038037437808297854,0.5,0.5,0.5,0.0,0.42592592592592593,0.16666666666666666,0.1111111111111111
41.0,32.5,106.0,54,0.0,0.0,79.68891556797794,358.23306611899676,0.0035616568239736396,0.5,0.5,0.5,0.0,0.5370370370370371,0.14814814814814814,0.1111111111111111
41.0,33.0,107.0,54,0.0,0.0,78.32687652193427,346.16899360437657,0.0033263850035630013,0.5,0.5,0.5,0.0,0.6111111111111112,0.1111111111111111,0.1111111111111111
41.0,33.5,108.0,54,0.0,0.0,76.85876293978073,333.7927223489664,0.0031045550092242786,0.5,0.5,0.5,0.0,0.6111111111111112,0.09259259259259259,0.09259259259259259
41.0,34.0,109.0,54,0.0,0.0,75.22916166838955,321.1165769759961,0.0028844797344499988,0.5,0.5,0.3888888888888889,0.0,0.6481481481481481,0.07407407407407407,0.09259259259259259
41.0,34.5,110.0,54,0.0,0.0,74.57137654094416,308.08049374474945,0.0026830168336790506,0.5,0.5,0.2037037037037037,0.0,0.6481481481481481,0.07407407407407407,0.09259259259259259
41.0,35.0,111.0,54,0.0,0.0,73.56827393687362,294.51406754831123,0.002500789506964969,0.5,0.5,0.037037037037037035,0.0,0.6296296296296297,0.037037037037037035,0.09259259259259259
41.0,35.5,112.0,54,0.0,0.0,73.2997071945906,280.701593984614,0.0023374410191491345,0.5,0.5,0.0,0.0,0.5740740740740741,0.018518518518518517,0.05555555555555555
41.0,36.0,113.0,54,0.0,0.0,72.78400072163528,266.67315357876623,0.0021920422393135507,0.5,0.5,0.0,0.0,0.5740740740740741,0.018518518518518517,0.05555555555555555
41.0,36.5,114.0,54,0.0,0.0,72.59846267557414,260.4615170133116,0.0020633595622687687,0.5,0.5,0.0,0.0,0.5740740740740741,0.018518518518518517,0.1111111111111111
41.0,37.0,115.0,54,0.0,0.0,75.80523465499739,259.5065694718545,0.0019500369894978606,0.5,0.5,0.0,0.0,0.3888888888888889,0.018518518518518517,0.16666666666666666
41.0,37.5,116.0,54,0.0,0.0,78.53480344882271,267.04916739732454,0.0018507131321349765,0.5,0.5,0.0,0.0,0.37037037037037035,0.018518518518518517,0.16666666666666666
41.0,38.0,117.0,54,0.0,0.0,80.7740387961866,274.75146227882436,0.0017640917838690207,0.5,0.5,0.0,0.0,0.37037037037037035,0.018518518518518517,0.24074074074074073
41.0,38.5,118.0,54,0.0,0.0,83.15986423718468,283.48695087985993,0.0016889809001684507,0.5,0.5,0.0,0.0,0.24074074074074073,0.037037037037037035,0.3148148148148148
41.0,39.0,119.0,54,0.0,0.0,86.23433648368956,291.0961206466726,0.0016243109656858925,0.5,0.5,0.0,0.0,0.2037037037037037,0.05555555555555555,0.35185185185185186
41.0,39.5,120.0,54,0.0,0.0,88.81531710343506,298.13325136918814,0.0015691404880398576,0.5,0.5,0.0,0.0,0.18518518518518517,0.09259259259259259,0.35185185185185186
41.0,40.0,121.0,54,0.0,0.0,91.00613555883056,304.5620662800517,0.0015226538692602381,0.5,0.5,0.0,0.0,0.12962962962962962,0.12962962962962962,0.2777777777777778
41.5,10.0,61.5,54,0.0,0.0,118.73949615129573,647.058697044373,0.004583386187782026,0.5,0.2037037037037037,0.0,0.0,0.5370370370370371,0.5740740740740741,0.14814814814814814
41.5,10.5,62.5,54,0.0,0.0,118.51287184813435,643.66274268187,0.004191475064677876,0.5,0.18518518518518517,0.0,0.0,0.5925925925925926,0.5555555555555556,0.24074074074074073
41.5,11.0,63.5,54,0.0,0.0,118.1483570037956,640.258168287041,0.003867343153135577,0.5,0.18518518518518517,0.0,0.0,0.6666666666666666,0.46296296296296297,0.25925925925925924
41.5,11.5,64.5,54,0.0,0.0,118.63758754159187,636.8338525254276,0.003598101247891071,0.5,0.16666666666666666,0.0,0.0,0.6666666666666666,0.37037037037037035,0.2777777777777778
41.5,12.0,65.5,54,0.0,0.0,120.1673788755936,633.3792199455816,0.003373902617900883,0.5,0.16666666666666666,0.0,0.0,0.6666666666666666,0.2777777777777778,0.3148148148148148
41.5,12.5,66.5,54,0.0,0.0,121.10575944815366,629.8841455599087,0.0031871572489268587,0.5,0.16666666666666666,0.0,0.0,0.6666666666666666,0.2222222222222222,0.2222222222222222
41.5,13.0,67.5,54,0.0,0.0,123.23513127907833,626.3388708386909,0.0030319718843738225,0.5,0.16666666666666666,0.0,0.0,0.6666666666666666,0.2037037037037037,0.2962962962962963
41.5,13.5,68.5,54,0.0,0.0,125.10884112694134,622.7339293842975,0.0029037466377921234,0.5,0.16666666666666666,0.0,0.0,0.6666666666666666,0.12962962962962962,0.2962962962962963
41.5,14.0,69.5,54,0.0,0.0,126.74483466165908,619.0600808622684,0.0027988814795554275,0.5,0.16666666666666666,0.0,0.0,0.6111111111111112,0.1111111111111111,0.2777777777777778
41.5,14.5,70.5,54,0.0,0.0,128.1560866972564,615.3082520175881,0.002714560794965058,0.5,0.2222222222222222,0.0,0.0,0.5370370370370371,0.09259259259259259,0.2777777777777778
41.5,15.0,71.5,54,0.0,0.0,129.35111540210596,611.4694838176176,0.0026485941285126166,0.5,0.24074074074074073,0.0,0.0,0.46296296296296297,0.05555555555555555,0.1111111111111111
41.5,15.5,72.5,54,0.0,0.0,130.33431744564712,607.5348839408156,0.00259929789076443,0.5,0.24074074074074073,0.0,0.0,0.3333333333333333,0.05555555555555555,0.1111111111111111
41.5,16.0,73.5,54,0.0,0.0,131.1950083506767,603.4955839833432,0.002565407319990828,0.5,0.24074074074074073,0.0,0.0,0.2777777777777778,0.037037037037037035,0.1111111111111111
41.5,16.5,74.5,54,0.0,0.0,131.87662464079094,599.3427008874573,0.0025460110757777564,0.5,0.24074074074074073,0.0,0.0,0.2222222222222222,0.018518518518518517,0.09259259259259259
41.5,17.0,75.5,54,0.0,0.0,132.3320257544685,595.0673022135956,0.0025405029584354487,0.5,0.24074074074074073,0.0,0.0,0.09259259259259259,0.018518518518518517,0.09259259259259259
41.5,17.5,76.5,54,0.0,0.0,132.55136671617277,590.6603749821538,0.0025485466936233402,0.5,0.25925925925925924,0.0,0.0,0.09259259259259259,0.018518518518518517,0.09259259259259259
41.5,18.0,77.5,54,0.0,0.0,132.52004087169345,586.1127979093368,0.002571764311602307,0.5,0.25925925925925924,0.0,0.0,0.09259259259259259,0.018518518518518517,0.07407407407407407
41.5,18.5,78.5,54,0.0,0.0,132.21826045102085,581.4153169519443,0.002608554088542627,0.5,0.25925925925925924,0.0,0.0,0.12962962962962962,0.0,0.05555555555555555
41.5,19.0,79.5,54,0.0,0.0,131.62050421429157,576.5585241651577,0.002657756229379603,0.5,0.25925925925925924,0.0,0.0,0.1111111111111111,0.0,0.05555555555555555
41.5,19.5,80.5,54,0.0,0.0,130.69483902387523,571.5328399646669,0.002721233315066437,0.5,0.2962962962962963,0.0,0.0,0.12962962962962962,0.0,0.05555555555555555
41.5,20.0,81.5,54,0.0,0.0,129.4021329302713,566.3284989717038,0.0028005949082052597,0.5,0.3148148148148148,0.0,0.0,0.14814814814814814,0.018518518518518517,0.05555555555555555
41.5,20.5,82.5,54,0.0,0.0,127.59732360039237,560.9355397115575,0.0028968452351246883,0.5,0.35185185185185186,0.0,0.0,0.14814814814814814,0.018518518518518517,0.05555555555555555
41.5,21.0,83.5,54,0.0,0.0,125.26515157874591,555.3437985278686,0.003009336760395439,0.5,0.3888888888888889,0.0,0.0,0.16666666666666666,0.05555555555555555,0.2037037037037037
41.5,21.5,84.5,54,0.0,0.0,122.50825421972117,549.5429081770166,0.0031389055458983235,0.5,0.4074074074074074,0.0,0.0,0.16666666666666666,0.09259259259259259,0.2777777777777778
41.5,22.0,85.5,54,0.0,0.0,119.22980120021504,543.522301668803,0.0032875095716743486,0.5,0.42592592592592593,0.0,0.0,0.16666666666666666,0.12962962962962962,0.37037037037037035
41.5,22.5,86.5,54,0.0,0.0,115.12208472812198,537.2712220339062,0.0034569211484711242,0.5,0.5,0.0,0.0,0.18518518518518517,0.12962962962962962,0.37037037037037035
41.5,23.0,87.5,54,0.0,0.0,110.30462902759483,530.7787388155778,0.00365096589310679,0.5,0.5370370370370371,0.0,0.0,0.2222222222222222,0.16666666666666666,0.3888888888888889
41.5,23.5,88.5,54,0.0,0.0,105.83536945069305,524.0337722099912,0.0038681185073168,0.5,0.5555555555555556,0.0,0.0,0.24074074074074073,0.16666666666666666,0.37037037037037035
41.5,24.0,89.5,54,0.0,0.0,102.34747299595762,517.0251259119585,0.004108545511425156,0.5,0.6111111111111112,0.0,0.0,0.3333333333333333,0.16666666666666666,0.2962962962962963
41.5,24.5,90.5,54,0.0,0.0,98.24389044617006,509.74152986100916,0.004371362132183009,0.5,0.6851851851851852,0.0,0.0,0.3148148148148148,0.18518518518518517,0.24074074074074073
41.5,25.0,91.5,54,0.0,0.0,93.62272032304048,502.25787696144795,0.0046541071228731025,0.5,0.7962962962962963,0.0,0.0,0.3148148148148148,0.2222222222222222,0.18518518518518517
41.5,25.5,92.5,54,0.0,0.0,89.42404873063806,494.7799055518189,0.004952119932308161,0.5,0.8888888888888888,0.0,0.0,0.3148148148148148,0.2222222222222222,0.12962962962962962
41.5,26.0,93.5,54,0.0,0.0,89.27051790049543,487.02789884626304,0.005257897013185709,0.5,0.9074074074074074,0.0,0.0,0.2962962962962963,0.24074074074074073,0.09259259259259259
41.5,26.5,94.5,54,0.0,0.0,89.04270426013245,478.97676833712177,0.005560588754985883,0.5,0.9074074074074074,0.0,0.0,0.2777777777777778,0.25925925925925924,0.1111111111111111
41.5,27.0,95.5,54,0.0,0.0,88.73694107366119,470.3654340777018,0.005845896740456269,0.5,0.8888888888888888,0.0,0.0,0.2777777777777778,0.3148148148148148,0.1111111111111111
41.5,27.5,96.5,54,0.0,0.0,88.34941599882012,461.4311658200593,0.006096692410918906,0.5,0.8518518518518519,0.0,0.0,0.2777777777777778,0.3333333333333333,0.2037037037037037
41.5,28.0,97.5,54,0.0,0.0,87.87618565732558,452.2931658546093,0.006294615179080108,0.5,0.7962962962962963,0.0,0.0,0.18518518518518517,0.9629629629629629,0.2777777777777778
41.5,28.5,98.5,54,0.0,0.0,87.3064059413786,443.18964252919216,0.006422637746550237,0.5,0.7962962962962963,0.0,0.37037037037037035,0.12962962962962962,0.9444444444444444,0.48148148148148145
41.5,29.0,99.5,54,0.0,0.0,86.61563293666387,433.77191237473284,0.006468129783477907,0.5,0.7962962962962963,0.0,0.5,0.1111111111111111,0.9444444444444444,0.48148148148148145
41.5,29.5,100.5,54,0.0,0.0,85.82128967506252,423.8848812194545,0.006425519905591576,0.5,0.7592592592592593,0.0,0.5,0.18518518518518517,0.9444444444444444,0.46296296296296297
41.5,30.0,101.5,54,0.0,0.0,85.03019471764564,413.4693904653451,0.006297580885324472,0.5,0.6296296296296297,0.0,0.5,0.2222222222222222,0.8888888888888888,0.4444444444444444
41.5,30.5,102.5,54,0.0,0.018518518518518517,84.0760289959324,402.70619183672596,0.006094819209173845,0.5,0.5,0.018518518518518517,0.5,0.2962962962962963,0.3888888888888889,0.2962962962962963
41.5,31.0,103.5,54,0.0,0.3333333333333333,83.01151200228703,391.7459854248473,0.005833222135372851,0.5,0.5,0.3333333333333333,0.3888888888888889,0.4074074074074074,0.2777777777777778,0.16666666666666666
41.5,31.5,104.5,54,0.0,0.0,81.97995713211894,380.8137146970725,0.005531224454752293,0.5,0.5,0.5,0.0,0.42592592592592593,0.16666666666666666,0.1111111111111111
41.5,32.0,105.5,54,0.0,0.0,80.77387625445613,369.02604397176805,0.005206869176139883,0.5,0.5,0.5,0.0,0.5,0.16666666666666666,0.1111111111111111
41.5,32.5,106.5,54,0.0,0.0,79.45127668040115,357.15074821683515,0.004875806005916707,0.5,0.5,0.5,0.0,0.6111111111111112,0.1111111111111111,0.1111111111111111
41.5,33.0,107.5,54,0.0,0.0,78.08936476170764,345.09641371928365,0.004550301753852736,0.5,0.5,0.5,0.0,0.6111111111111112,0.1111111111111111,0.09259259259259259
41.5,33.5,108.5,54,0.0,0.0,76.61973995541902,332.73141991385586,0.004243580859060058,0.5,0.5,0.5,0.0,0.6296296296296297,0.09259259259259259,0.09259259259259259
41.5,34.0,109.5,54,0.0,0.0,74.98572520938936,320.06822380250685,0.003956965324190493,0.5,0.5,0.3888888888888889,0.0,0.6666666666666666,0.05555555555555555,0.09259259259259259
41.5,34.5,110.5,54,0.0,0.0,73.21024267471095,307.024527067621,0.003680883679900119,0.5,0.5,0.2037037037037037,0.0,0.6481481481481481,0.05555555555555555,0.09259259259259259
41.5,35.0,111.5,54,0.0,0.0,71.59393820024111,293.47512804103536,0.0034311303004998955,0.5,0.5,0.05555555555555555,0.0,0.6481481481481481,0.037037037037037035,0.05555555555555555
41.5,35.5,112.5,54,0.0,0.0,70.94466987961009,279.6818869820836,0.003207225519582293,0.5,0.5,0.0,0.0,0.5925925925925926,0.018518518518518517,0.05555555555555555
41.5,36.0,113.5,54,0.0,0.0,70.22112636545512,265.67499279449606,0.003007904032000206,0.5,0.5,0.0,0.0,0.5925925925925926,0.018518518518518517,0.05555555555555555
41.5,36.5,114.5,54,0.0,0.0,70.09022470544056,257.3155683886329,0.0028314818255491857,0.5,0.5,0.0,0.0,0.5370370370370371,0.018518518518518517,0.1111111111111111
41.5,37.0,115.5,54,0.0,0.0,73.26132721447546,256.1939245407329,0.002676105750416957,0.5,0.5,0.0,0.0,0.3888888888888889,0.0,0.16666666666666666
41.5,37.5,116.5,54,0.0,0.0,75.6949751883994,264.8212825221865,0.0025399140359634725,0.5,0.5,0.0,0.0,0.37037037037037035,0.018518518518518517,0.14814814814814814
41.5,38.0,117.5,54,0.0,0.0,79.58095405698576,272.1622290865815,0.0024211332228337105,0.5,0.5,0.0,0.0,0.37037037037037035,0.018518518518518517,0.24074074074074073
41.5,38.5,118.5,54,0.0,0.0,83.08784629524152,278.7641959898,0.0023181317953046674,0.5,0.5,0.0,0.0,0.24074074074074073,0.05555555555555555,0.3333333333333333
41.5,39.0,119.5,54,0.0,0.0,86.12806164552076,286.29151269656234,0.0022294455418372236,0.5,0.5,0.0,0.0,0.2037037037037037,0.09259259259259259,0.35185185185185186
41.5,39.5,120.5,54,0.0,0.0,88.70870854960992,292.6944689176489,0.002153785241161734,0.5,0.5,0.0,0.0,0.18518518518518517,0.09259259259259259,0.3333333333333333
41.5,40.0,121.5,54,0.0,0.0,90.93006634039918,298.565053366864,0.002090033870612643,0.5,0.5,0.0,0.0,0.12962962962962962,0.12962962962962962,0.2777777777777778
42.0,10.0,62.0,54,0.0,0.0,116.05920623449589,645.2636849796811,0.005940203196555506,0.5,0.18518518518518517,0.0,0.0,0.5925925925925926,0.5740740740740741,0.14814814814814814
42.0,10.5,63.0,54,0.0,0.0,115.782304640123,641.9034661220624,0.00543288024990953,0.5,0.16666666666666666,0.0,0.0,0.6666666666666666,0.5555555555555556,0.24074074074074073
42.0,11.0,64.0,54,0.0,0.0,116.06490670205285,638.5317272444818,0.0050132130915107485,0.5,0.16666666666666666,0.0,0.0,0.6666666666666666,0.4444444444444444,0.25925925925925924
42.0,11.5,65.0,54,0.0,0.0,118.13569892602602,635.1375651176667,0.004664557434914504,0.5,0.16666666666666666,0.0,0.0,0.6666666666666666,0.37037037037037035,0.2777777777777778
42.0,12.0,66.0,54,0.0,0.0,118.76978114544073,631.7105996270508,0.004374191835343438,0.5,0.16666666666666666,0.0,0.0,0.6666666666666666,0.2777777777777778,0.3148148148148148
42.0,12.5,67.0,54,0.0,0.0,121.02319837887066,628.2408812818811,0.00413230654770811,0.5,0.16666666666666666,0.0,0.0,0.6851851851851852,0.24074074074074073,0.24074074074074073
42.0,13.0,68.0,54,0.0,0.0,123.15476897995818,624.7188097288583,0.003931282306837182,0.5,0.16666666666666666,0.0,0.0,0.6851851851851852,0.2037037037037037,0.3148148148148148
42.0,13.5,69.0,54,0.0,0.0,125.0302855031845,621.1350616072632,0.0037651703853892196,0.5,0.16666666666666666,0.0,0.0,0.6666666666666666,0.12962962962962962,0.2962962962962963
42.0,14.0,70.0,54,0.0,0.0,126.6677181182674,617.4805263775601,0.0036293140384795405,0.5,0.16666666666666666,0.0,0.0,0.6111111111111112,0.12962962962962962,0.2777777777777778
42.0,14.5,71.0,54,0.0,0.0,128.0800628301858,613.7462489992399,0.003520070494554577,0.5,0.18518518518518517,0.0,0.0,0.5555555555555556,0.05555555555555555,0.2777777777777778
42.0,15.0,72.0,54,0.0,0.0,129.2758556157717,609.9233785381899,0.003434605357965595,0.5,0.2222222222222222,0.0,0.0,0.5,0.05555555555555555,0.1111111111111111
42.0,15.5,73.0,54,0.0,0.0,130.2595077205222,606.0031219547549,0.003370739835071191,0.5,0.18518518518518517,0.0,0.0,0.3333333333333333,0.05555555555555555,0.1111111111111111
42.0,16.0,74.0,54,0.0,0.0,131.11873665995824,601.9767024720135,0.0033268369952847853,0.5,0.2222222222222222,0.0,0.0,0.2962962962962963,0.037037037037037035,0.1111111111111111
42.0,16.5,75.0,54,0.0,0.0,131.80033995063818,597.8353220522414,0.00330171724432904,0.5,0.24074074074074073,0.0,0.0,0.18518518518518517,0.0,0.09259259259259259
42.0,17.0,76.0,54,0.0,0.0,132.25541173973212,593.5701276214596,0.003294595909647871,0.5,0.25925925925925924,0.0,0.0,0.1111111111111111,0.0,0.09259259259259259
42.0,17.5,77.0,54,0.0,0.0,132.47411297372685,589.1721807871476,0.003305037698334132,0.5,0.25925925925925924,0.0,0.0,0.1111111111111111,0.0,0.09259259259259259
42.0,18.0,78.0,54,0.0,0.0,132.44184162596468,584.6324308865269,0.003332924027909835,0.5,0.2777777777777778,0.0,0.0,0.12962962962962962,0.0,0.05555555555555555
42.0,18.5,79.0,54,0.0,0.0,132.1388143267159,579.9416912938947,0.0033784299961818307,0.5,0.2777777777777778,0.0,0.0,0.12962962962962962,0.0,0.05555555555555555
42.0,19.0,80.0,54,0.0,0.0,131.53951545050091,575.0906190023127,0.0034427664847226577,0.5,0.25925925925925924,0.0,0.0,0.12962962962962962,0.018518518518518517,0.05555555555555555
42.0,19.5,81.0,54,0.0,0.0,130.6120206597397,570.0696975802377,0.0035261773576583154,0.5,0.2962962962962963,0.0,0.0,0.14814814814814814,0.018518518518518517,0.05555555555555555
42.0,20.0,82.0,54,0.0,0.0,129.3172127024871,564.8692236912367,0.003628761917890409,0.5,0.3333333333333333,0.0,0.0,0.16666666666666666,0.05555555555555555,0.037037037037037035
42.0,20.5,83.0,54,0.0,0.0,127.52772749973188,559.4792974541494,0.003751658303058854,0.5,0.37037037037037035,0.0,0.0,0.18518518518518517,0.05555555555555555,0.07407407407407407
42.0,21.0,84.0,54,0.0,0.0,125.19356939392358,553.8898170136841,0.003896186618864009,0.5,0.42592592592592593,0.0,0.0,0.16666666666666666,0.1111111111111111,0.2037037037037037
42.0,21.5,85.0,54,0.0,0.0,122.39252136576783,548.0904777906488,0.004064569206587832,0.5,0.4444444444444444,0.0,0.0,0.16666666666666666,0.12962962962962962,0.3148148148148148
42.0,22.0,86.0,54,0.0,0.0,119.14344616707437,542.0707769836821,0.004259727846415414,0.5,0.5,0.0,0.0,0.16666666666666666,0.14814814814814814,0.3888888888888889
42.0,22.5,87.0,54,0.0,0.0,115.0332179552315,535.8200240067943,0.00448225334032415,0.5,0.5185185185185185,0.0,0.0,0.18518518518518517,0.16666666666666666,0.3888888888888889
42.0,23.0,88.0,54,0.0,0.0,110.21364631388442,529.3273576631021,0.004733641794301277,0.5,0.5370370370370371,0.0,0.0,0.2222222222222222,0.16666666666666666,0.37037037037037035
42.0,23.5,89.0,54,0.0,0.0,105.20576707573824,522.5817709808136,0.0050149350294804215,0.5,0.5740740740740741,0.0,0.0,0.2962962962962963,0.16666666666666666,0.3148148148148148
42.0,24.0,90.0,54,0.0,0.0,101.70728590721448,515.5721447690082,0.005326337572816268,0.5,0.6481481481481481,0.0,0.0,0.3333333333333333,0.16666666666666666,0.24074074074074073
42.0,24.5,91.0,54,0.0,0.0,97.58950454028412,508.28729108700895,0.005666690728202124,0.5,0.7222222222222222,0.0,0.0,0.3148148148148148,0.16666666666666666,0.2222222222222222
42.0,25.0,92.0,54,0.0,0.0,92.9799082412258,500.8854300101213,0.006032793346890031,0.5,0.8148148148148148,0.0,0.0,0.3148148148148148,0.18518518518518517,0.14814814814814814
42.0,25.5,93.0,54,0.0,0.0,89.17683722938506,493.4074222493219,0.0064185970621757,0.5,0.8888888888888888,0.0,0.0,0.3148148148148148,0.2037037037037037,0.09259259259259259
42.0,26.0,94.0,54,0.0,0.0,89.01936041932726,485.65533398287937,0.006814375673812891,0.5,0.9074074074074074,0.0,0.0,0.2962962962962963,0.2037037037037037,0.07407407407407407
42.0,26.5,95.0,54,0.0,0.0,88.78754312908265,477.5634423723963,0.007206077741236539,0.5,0.9629629629629629,0.0,0.0,0.2777777777777778,0.25925925925925924,0.1111111111111111
42.0,27.0,96.0,54,0.0,0.0,88.47773348688446,468.9512853524147,0.007575197976848307,0.5,0.9259259259259259,0.0,0.0,0.2777777777777778,0.3148148148148148,0.12962962962962962
42.0,27.5,97.0,54,0.0,0.0,88.08613639200833,460.0164887622963,0.00789958159383832,0.5,0.8888888888888888,0.0,0.0,0.2777777777777778,0.3333333333333333,0.2037037037037037
42.0,28.0,98.0,54,0.0,0.0,87.60882832433593,450.94912172892543,0.008155493391350266,0.5,0.8888888888888888,0.0,0.0,0.18518518518518517,0.9629629629629629,0.2777777777777778
42.0,28.5,99.0,54,0.0,0.0,87.02587363566684,441.84702958238154,0.008320933735987199,0.5,0.8333333333333334,0.0,0.37037037037037035,0.14814814814814814,0.9444444444444444,0.48148148148148145
42.0,29.0,100.0,54,0.0,0.0,86.33083172209044,432.4312729172511,0.008379594523584222,0.5,0.8148148148148148,0.0,0.5,0.16666666666666666,0.9444444444444444,0.48148148148148145
42.0,29.5,101.0,54,0.0,0.0,85.53698455132289,422.5080796025273,0.00832429316681534,0.5,0.7777777777777778,0.0,0.5,0.2037037037037037,0.9444444444444444,0.5
42.0,30.0,102.0,54,0.0,0.0,84.74902966459219,412.0955037099079,0.008158627690640024,0.5,0.6666666666666666,0.0,0.5,0.2222222222222222,0.8888888888888888,0.4444444444444444
42.0,30.5,103.0,54,0.0,0.018518518518518517,83.791175666781,401.33628674382294,0.007896185377403955,0.5,0.5370370370370371,0.018518518518518517,0.5,0.37037037037037035,0.3888888888888889,0.2962962962962963
42.0,31.0,104.0,54,0.0,0.35185185185185186,82.72314330128013,390.42699854311104,0.007557632764170683,0.5,0.5,0.35185185185185186,0.3888888888888889,0.42592592592592593,0.2962962962962963,0.16666666666666666
42.0,31.5,105.0,54,0.0,0.0,81.70739357855737,379.5017747065114,0.007166799348133336,0.5,0.5,0.5,0.0,0.4444444444444444,0.18518518518518517,0.1111111111111111
42.0,32.0,106.0,54,0.0,0.0,80.48457947105668,367.6586958445519,0.006747011387349962,0.5,0.5,0.5,0.0,0.5555555555555556,0.16666666666666666,0.1111111111111111
42.0,32.5,107.0,54,0.0,0.0,79.16703761715156,355.85020181557746,0.006318506364581596,0.5,0.5,0.5,0.0,0.6111111111111112,0.1111111111111111,0.1111111111111111
42.0,33.0,108.0,54,0.0,0.0,77.80522669111981,343.8072190864748,0.005897153196789312,0.5,0.5,0.5,0.0,0.6111111111111112,0.07407407407407407,0.09259259259259259
42.0,33.5,109.0,54,0.0,0.0,76.33369869984692,331.4554247080622,0.005494257341939805,0.5,0.5,0.5,0.0,0.6666666666666666,0.05555555555555555,0.09259259259259259
42.0,34.0,110.0,54,0.0,0.0,74.69427823122764,318.80743603259276,0.005122572894176358,0.5,0.5,0.3888888888888889,0.0,0.6666666666666666,0.05555555555555555,0.09259259259259259
42.0,34.5,111.0,54,0.0,0.0,72.92034188612061,305.75407569794316,0.004779957269152989,0.5,0.5,0.2037037037037037,0.0,0.6666666666666666,0.037037037037037035,0.05555555555555555
42.0,35.0,112.0,54,0.0,0.0,71.09340323773537,292.2247778505535,0.0044559835785137015,0.5,0.5,0.05555555555555555,0.0,0.6666666666666666,0.037037037037037035,0.05555555555555555
42.0,35.5,113.0,54,0.0,0.0,69.13765692131552,278.4542927465365,0.00416550208904492,0.5,0.5,0.0,0.0,0.5925925925925926,0.0,0.05555555555555555
42.0,36.0,114.0,54,0.0,0.0,67.05348962699024,264.47294208050835,0.003906883347103592,0.5,0.5,0.0,0.0,0.5740740740740741,0.0,0.05555555555555555
42.0,36.5,115.0,54,0.0,0.0,67.42499157542795,254.75717929479623,0.0036779526768557407,0.5,0.5,0.0,0.0,0.46296296296296297,0.018518518518518517,0.09259259259259259
42.0,37.0,116.0,54,0.0,0.0,71.14411998389393,254.46848568264897,0.003476313956624592,0.5,0.5,0.0,0.0,0.42592592592592593,0.018518518518518517,0.14814814814814814
42.0,37.5,117.0,54,0.0,0.0,75.5554687453658,262.84756072779714,0.003299558076619174,0.5,0.5,0.0,0.0,0.37037037037037035,0.05555555555555555,0.18518518518518517
42.0,38.0,118.0,54,0.0,0.0,79.5014945221598,270.33107053150115,0.0031453889853657394,0.5,0.5,0.0,0.0,0.37037037037037035,0.05555555555555555,0.24074074074074073
42.0,38.5,119.0,54,0.0,0.0,82.99625437165122,276.65358280968036,0.0030116935677312303,0.5,0.5,0.0,0.0,0.25925925925925924,0.1111111111111111,0.35185185185185186
42.0,39.0,120.0,54,0.0,0.0,86.01056761423082,282.587206755434,0.0028965748155927746,0.5,0.5,0.0,0.0,0.2037037037037037,0.1111111111111111,0.35185185185185186
42.0,39.5,121.0,54,0.0,0.0,88.59086537762035,288.64487959784725,0.002798362026347283,0.5,0.5,0.0,0.0,0.2037037037037037,0.14814814814814814,0.3333333333333333
42.0,40.0,122.0,54,0.0,0.0,90.86292108680283,294.2674240733348,0.002712947406633085,0.5,0.5,0.0,0.0,0.14814814814814814,0.14814814814814814,0.2777777777777778
42.5,10.0,62.5,54,0.0,0.0,113.00767093582212,643.1722309939433,0.007434867001938289,0.5,0.16666666666666666,0.0,0.0,0.6111111111111112,0.5740740740740741,0.14814814814814814
42.5,10.5,63.5,54,0.0,0.0,113.10983464528924,639.8534021027567,0.006800730558563115,0.5,0.16666666666666666,0.0,0.0,0.6666666666666666,0.5555555555555556,0.24074074074074073
42.5,11.0,64.5,54,0.0,0.0,115.51683134479829,636.5197135627899,0.006276045284539092,0.5,0.16666666666666666,0.0,0.0,0.6666666666666666,0.42592592592592593,0.25925925925925924
42.5,11.5,65.5,54,0.0,0.0,116.5696052803366,633.1605123230963,0.005840062543669174,0.5,0.16666666666666666,0.0,0.0,0.6851851851851852,0.37037037037037035,0.2777777777777778
42.5,12.0,66.5,54,0.0,0.0,118.51821040877303,629.7656425063958,0.005476915573088273,0.5,0.16666666666666666,0.0,0.0,0.6851851851851852,0.2777777777777778,0.3148148148148148
42.5,12.5,67.5,54,0.0,0.0,120.93239919786477,626.3253562444916,0.005174363878966659,0.5,0.16666666666666666,0.0,0.0,0.6851851851851852,0.24074074074074073,0.2777777777777778
42.5,13.0,68.5,54,0.0,0.0,123.06639805250884,622.8302350573832,0.004922896760734257,0.5,0.16666666666666666,0.0,0.0,0.6851851851851852,0.18518518518518517,0.3333333333333333
42.5,13.5,69.5,54,0.0,0.0,124.94391215526728,619.271120190597,0.00471508649244911,0.5,0.16666666666666666,0.0,0.0,0.6666666666666666,0.14814814814814814,0.2962962962962963
42.5,14.0,70.5,54,0.0,0.0,126.582938713994,615.6390506055545,0.0045451170681585695,0.5,0.16666666666666666,0.0,0.0,0.6111111111111112,0.09259259259259259,0.2777777777777778
42.5,14.5,71.5,54,0.0,0.0,127.99649716066264,611.9252075531032,0.004408437913720093,0.5,0.16666666666666666,0.0,0.0,0.5925925925925926,0.07407407407407407,0.2777777777777778
42.5,15.0,72.5,54,0.0,0.0,129.19314320660442,608.120864851729,0.004301507667694349,0.5,0.18518518518518517,0.0,0.0,0.5370370370370371,0.07407407407407407,0.1111111111111111
42.5,15.5,73.5,54,0.0,0.0,130.1773043055466,604.217344160866,0.004221603710328937,0.5,0.18518518518518517,0.0,0.0,0.35185185185185186,0.037037037037037035,0.1111111111111111
42.5,16.0,74.5,54,0.0,0.0,131.03451268376185,600.2059746786128,0.004166680305680849,0.5,0.2037037037037037,0.0,0.0,0.2777777777777778,0.018518518518518517,0.09259259259259259
42.5,16.5,75.5,54,0.0,0.0,131.71612002818765,596.0780568172496,0.004135263140739602,0.5,0.24074074074074073,0.0,0.0,0.18518518518518517,0.018518518518518517,0.09259259259259259
42.5,17.0,76.5,54,0.0,0.0,132.17084788032713,591.824829521278,0.004126371424939417,0.5,0.25925925925925924,0.0,0.0,0.1111111111111111,0.018518518518518517,0.09259259259259259
42.5,17.5,77.5,54,0.0,0.0,132.3888640962164,587.437440989147,0.00413946102382052,0.5,0.2777777777777778,0.0,0.0,0.12962962962962962,0.018518518518518517,0.05555555555555555
42.5,18.0,78.5,54,0.0,0.0,132.35557218046617,582.9069226554537,0.004174383640626418,0.5,0.2777777777777778,0.0,0.0,0.14814814814814814,0.018518518518518517,0.05555555555555555
42.5,18.5,79.5,54,0.0,0.0,132.05119410435196,578.2241663752226,0.004231358010121004,0.5,0.2777777777777778,0.0,0.0,0.12962962962962962,0.018518518518518517,0.05555555555555555
42.5,19.0,80.5,54,0.0,0.0,131.45022099463174,573.3799048383449,0.004310949524384427,0.5,0.2777777777777778,0.0,0.0,0.14814814814814814,0.05555555555555555,0.037037037037037035
42.5,19.5,81.5,54,0.0,0.0,130.520738863373,568.3646953265351,0.004414054696299411,0.5,0.2962962962962963,0.0,0.0,0.16666666666666666,0.07407407407407407,0.05555555555555555
42.5,20.0,82.5,54,0.0,0.0,129.2236474066817,563.1689070101542,0.004541886347285496,0.5,0.35185185185185186,0.0,0.0,0.16666666666666666,0.1111111111111111,0.07407407407407407
42.5,20.5,83.5,54,0.0,0.0,127.45171489868973,557.7827120712533,0.004695954287654938,0.5,0.3888888888888889,0.0,0.0,0.18518518518518517,0.1111111111111111,0.09259259259259259
42.5,21.0,84.5,54,0.0,0.0,125.11540258425616,552.1960810305686,0.004878034391532331,0.5,0.42592592592592593,0.0,0.0,0.16666666666666666,0.14814814814814814,0.18518518518518517
42.5,21.5,85.5,54,0.0,0.0,122.24977645915689,546.3987827536627,0.005090116161827779,0.5,0.46296296296296297,0.0,0.0,0.16666666666666666,0.14814814814814814,0.24074074074074073
42.5,22.0,86.5,54,0.0,0.0,119.01081347725948,540.3803897144724,0.005334314940201147,0.5,0.5,0.0,0.0,0.18518518518518517,0.16666666666666666,0.2777777777777778
42.5,22.5,87.5,54,0.0,0.0,114.93556031229618,534.1302892038563,0.005612729746565393,0.5,0.5370370370370371,0.0,0.0,0.2037037037037037,0.16666666666666666,0.2777777777777778
42.5,23.0,88.5,54,0.0,0.0,110.11371239869626,527.6377012876952,0.0059272215524316715,0.5,0.5370370370370371,0.0,0.0,0.24074074074074073,0.16666666666666666,0.2777777777777778
42.5,23.5,89.5,54,0.0,0.0,104.5500632463077,520.8917044420433,0.006279080557183271,0.5,0.5925925925925926,0.0,0.0,0.3333333333333333,0.16666666666666666,0.2222222222222222
42.5,24.0,90.5,54,0.0,0.0,101.00791040092528,513.8812699228528,0.006668547156460837,0.5,0.6666666666666666,0.0,0.0,0.3333333333333333,0.16666666666666666,0.2222222222222222
42.5,24.5,91.5,54,0.0,0.0,96.87470322692897,506.59530606237104,0.007094154693741418,0.5,0.7407407407407407,0.0,0.0,0.3148148148148148,0.16666666666666666,0.14814814814814814
42.5,25.0,92.5,54,0.0,0.0,92.28470685757692,499.2889619906618,0.007551881376218451,0.5,0.8518518518518519,0.0,0.0,0.3148148148148148,0.16666666666666666,0.09259259259259259
42.5,25.5,93.5,54,0.0,0.0,88.88786853556361,491.81125330940864,0.00803414649434005,0.5,0.9074074074074074,0.0,0.0,0.3148148148148148,0.18518518518518517,0.09259259259259259
42.5,26.0,94.5,54,0.0,0.0,88.72587094613931,484.0594301507559,0.008528775913790011,0.5,0.9629629629629629,0.0,0.0,0.2962962962962963,0.2037037037037037,0.09259259259259259
42.5,26.5,95.5,54,0.0,0.0,88.48947166138927,475.9206405802073,0.009018198136720104,0.5,0.9629629629629629,0.0,0.0,0.2962962962962963,0.24074074074074073,0.1111111111111111
42.5,27.0,96.5,54,0.0,0.0,88.17503648764094,467.3079605033791,0.009479289533754303,0.5,0.9444444444444444,0.0,0.0,0.2777777777777778,0.2962962962962963,0.14814814814814814
42.5,27.5,97.5,54,0.0,0.0,87.77879076938449,458.37300545132274,0.009884384306186147,0.5,0.9444444444444444,0.0,0.0,0.2777777777777778,0.3148148148148148,0.2037037037037037
42.5,28.0,98.5,54,0.0,0.0,87.29683447153131,449.38793267632144,0.010203860778210536,0.5,0.9259259259259259,0.0,0.0,0.24074074074074073,0.9629629629629629,0.2777777777777778
42.5,28.5,99.5,54,0.0,0.0,86.69863642543062,440.2879463805949,0.010410279060405803,0.5,0.8888888888888888,0.0,0.37037037037037035,0.16666666666666666,0.9444444444444444,0.48148148148148145
42.5,29.0,100.5,54,0.0,0.0,85.99874702767958,430.8749449861472,0.010483311673991441,0.5,0.8518518518518519,0.0,0.5,0.2037037037037037,0.9444444444444444,0.5
42.5,29.5,101.5,54,0.0,0.0,85.22596010719774,420.9105847198126,0.010414019366796949,0.5,0.7962962962962963,0.0,0.5,0.2222222222222222,0.9444444444444444,0.5
42.5,30.0,102.5,54,0.0,0.0,84.42141502280704,410.50193619516034,0.010206908445411684,0.5,0.6851851851851852,0.0,0.5,0.2962962962962963,0.8888888888888888,0.46296296296296297
42.5,30.5,103.5,54,0.0,0.037037037037037035,83.45940336001338,399.74790575965017,0.009878940779993744,0.5,0.5925925925925926,0.037037037037037035,0.5,0.37037037037037035,0.4074074074074074,0.3148148148148148
42.5,31.0,104.5,54,0.0,0.35185185185185186,82.3946293481454,388.89752148274874,0.009455906037883557,0.5,0.5,0.35185185185185186,0.3888888888888889,0.4444444444444444,0.2962962962962963,0.16666666666666666
42.5,31.5,105.5,54,0.0,0.0,81.3900074198078,377.98102053371144,0.008967541061649462,0.5,0.5,0.5,0.0,0.5,0.2037037037037037,0.1111111111111111
42.5,32.0,106.5,54,0.0,0.0,80.14810119001156,366.07528606777936,0.008442960178936476,0.5,0.5,0.5,0.0,0.5555555555555556,0.12962962962962962,0.1111111111111111
42.5,32.5,107.5,54,0.0,0.0,78.83654605003734,354.3440645920144,0.007907430675341066,0.5,0.5,0.5,0.0,0.6111111111111112,0.12962962962962962,0.1111111111111111
42.5,33.0,108.5,54,0.0,0.0,77.47478081451077,342.3148542601135,0.007380774483850636,0.5,0.5,0.5,0.0,0.6481481481481481,0.07407407407407407,0.09259259259259259
42.5,33.5,109.5,54,0.0,0.0,76.00119943532647,329.9789846142817,0.006877122002009199,0.5,0.5,0.5,0.0,0.6851851851851852,0.07407407407407407,0.09259259259259259
42.5,34.0,110.5,54,0.0,0.0,74.35582371505454,317.34925560961506,0.006405521976482595,0.5,0.5,0.3888888888888889,0.0,0.6851851851851852,0.07407407407407407,0.07407407407407407
42.5,34.5,111.5,54,0.0,0.0,72.58360191751116,304.28603375564893,0.0059758083967273,0.5,0.5,0.2222222222222222,0.0,0.6666666666666666,0.037037037037037035,0.05555555555555555
42.5,35.0,112.5,54,0.0,0.0,70.75625160105865,290.7807000381299,0.005585344537416352,0.5,0.5,0.05555555555555555,0.0,0.6666666666666666,0.018518518518518517,0.05555555555555555
42.5,35.5,113.5,54,0.0,0.0,68.80076062822188,277.0372486805278,0.005224766323871204,0.5,0.5,0.0,0.0,0.5925925925925926,0.018518518518518517,0.05555555555555555
42.5,36.0,114.5,54,0.0,0.0,66.71757998139502,263.0861489697758,0.004900736944154288,0.5,0.5,0.0,0.0,0.5740740740740741,0.018518518518518517,0.05555555555555555
42.5,36.5,115.5,54,0.0,0.0,66.43740024861728,250.37890939587993,0.0046138711851909375,0.5,0.5,0.0,0.0,0.4444444444444444,0.05555555555555555,0.09259259259259259
42.5,37.0,116.5,54,0.0,0.0,71.05748042961518,254.19023229807962,0.00436117855448231,0.5,0.5,0.0,0.0,0.42592592592592593,0.05555555555555555,0.1111111111111111
42.5,37.5,117.5,54,0.0,0.0,75.46780434178874,262.70730655028575,0.004139649752190955,0.5,0.5,0.0,0.0,0.3888888888888889,0.1111111111111111,0.14814814814814814
42.5,38.0,118.5,54,0.0,0.0,79.41316307927309,270.1929224440699,0.003946414991040079,0.5,0.5,0.0,0.0,0.3888888888888889,0.1111111111111111,0.2037037037037037
42.5,38.5,119.5,54,0.0,0.0,82.8886666487921,276.5175856772146,0.0037788319572950573,0.5,0.5,0.0,0.0,0.25925925925925924,0.14814814814814814,0.24074074074074073
42.5,39.0,120.5,54,0.0,0.0,85.88032876208668,282.0589674935547,0.003634070352997046,0.5,0.5,0.0,0.0,0.2037037037037037,0.14814814814814814,0.25925925925925924
42.5,39.5,121.5,54,0.0,0.0,88.46619541391112,287.35368689734463,0.003504268774594403,0.5,0.5,0.0,0.0,0.24074074074074073,0.16666666666666666,0.24074074074074073
42.5,40.0,122.5,54,0.0,0.0,90.80328621718871,292.55403751649783,0.0033964592452331117,0.5,0.5,0.0,0.0,0.14814814814814814,0.16666666666666666,0.2222222222222222
43.0,10.0,63.0,54,0.0,0.0,109.72987982773877,640.7558911914803,0.009086925534400178,0.5,0.16666666666666666,0.0,0.0,0.6851851851851852,0.5925925925925926,0.14814814814814814
43.0,10.5,64.0,54,0.0,0.0,112.16209710108106,637.4846067066284,0.008313017254980761,0.5,0.16666666666666666,0.0,0.0,0.6851851851851852,0.5555555555555556,0.25925925925925924
43.0,11.0,65.0,54,0.0,0.0,113.98976047467566,634.194659326704,0.0076725278460637114,0.5,0.16666666666666666,0.0,0.0,0.6851851851851852,0.42592592592592593,0.25925925925925924
43.0,11.5,66.0,54,0.0,0.0,115.68633729737715,630.8756797923446,0.00714021140898433,0.5,0.16666666666666666,0.0,0.0,0.6851851851851852,0.37037037037037035,0.2777777777777778
43.0,12.0,67.0,54,0.0,0.0,118.41486271249286,627.5177668466499,0.006696750825315158,0.5,0.16666666666666666,0.0,0.0,0.6851851851851852,0.2777777777777778,0.3148148148148148
43.0,12.5,68.0,54,0.0,0.0,120.8322437460719,624.1114017992695,0.006327236586583149,0.5,0.16666666666666666,0.0,0.0,0.6851851851851852,0.25925925925925924,0.2777777777777778
43.0,13.0,69.0,54,0.0,0.0,122.9689275330544,620.6473731211561,0.006020079510984314,0.5,0.16666666666666666,0.0,0.0,0.6851851851851852,0.18518518518518517,0.35185185185185186
43.0,13.5,70.0,54,0.0,0.0,124.84865244476117,617.1167095701676,0.0057662255372717755,0.5,0.16666666666666666,0.0,0.0,0.6666666666666666,0.16666666666666666,0.3148148148148148
43.0,14.0,71.0,54,0.0,0.0,126.48944549931001,613.5106206141079,0.00555858320659107,0.5,0.16666666666666666,0.0,0.0,0.5925925925925926,0.09259259259259259,0.3148148148148148
43.0,14.5,72.0,54,0.0,0.0,127.9043520036112,609.8204431371136,0.005391602691367507,0.5,0.14814814814814814,0.0,0.0,0.6296296296296297,0.09259259259259259,0.2962962962962963
43.0,15.0,73.0,54,0.0,0.0,129.10194951306553,606.0375936033105,0.005260964146219834,0.5,0.14814814814814814,0.0,0.0,0.5185185185185185,0.05555555555555555,0.12962962962962962
43.0,15.5,74.0,54,0.0,0.0,130.08668347500947,602.1535250058654,0.005163345920209106,0.5,0.16666666666666666,0.0,0.0,0.37037037037037035,0.037037037037037035,0.12962962962962962
43.0,16.0,75.0,54,0.0,0.0,130.94119503852474,598.1596880670776,0.005096251854305846,0.5,0.2037037037037037,0.0,0.0,0.25925925925925924,0.037037037037037035,0.1111111111111111
43.0,16.5,76.0,54,0.0,0.0,131.62282263668,594.0474962714844,0.0050578828391416916,0.5,0.24074074074074073,0.0,0.0,0.18518518518518517,0.037037037037037035,0.1111111111111111
43.0,17.0,77.0,54,0.0,0.0,132.07718651632013,589.8082944216451,0.005047041900440507,0.5,0.2777777777777778,0.0,0.0,0.16666666666666666,0.05555555555555555,0.07407407407407407
43.0,17.5,78.0,54,0.0,0.0,132.29446250509022,585.4333304995889,0.005063064878747661,0.5,0.2777777777777778,0.0,0.0,0.14814814814814814,0.05555555555555555,0.07407407407407407
43.0,18.0,79.0,54,0.0,0.0,132.26006060516082,580.913730709088,0.0051057706361475825,0.5,0.2777777777777778,0.0,0.0,0.14814814814814814,0.07407407407407407,0.07407407407407407
43.0,18.5,80.0,54,0.0,0.0,131.95420913547773,576.2404776566136,0.005175425873420087,0.5,0.2777777777777778,0.0,0.0,0.12962962962962962,0.07407407407407407,0.05555555555555555
43.0,19.0,81.0,54,0.0,0.0,131.35140720338563,571.4043917132401,0.005272720190170024,0.5,0.2962962962962963,0.0,0.0,0.16666666666666666,0.1111111111111111,0.05555555555555555
43.0,19.5,82.0,54,0.0,0.0,130.41975286457128,566.3961156821034,0.005398746997992793,0.5,0.2962962962962963,0.0,0.0,0.16666666666666666,0.1111111111111111,0.05555555555555555
43.0,20.0,83.0,54,0.0,0.0,129.12016525234634,561.2061029803077,0.005554985258795418,0.5,0.37037037037037035,0.0,0.0,0.18518518518518517,0.12962962962962962,0.07407407407407407
43.0,20.5,84.0,54,0.0,0.0,127.36838649662423,555.8246096305487,0.005743275652346028,0.5,0.3888888888888889,0.0,0.0,0.16666666666666666,0.14814814814814814,0.07407407407407407
43.0,21.0,85.0,54,0.0,0.0,125.02972923164137,550.241690448684,0.005965782497441898,0.5,0.4074074074074074,0.0,0.0,0.16666666666666666,0.16666666666666666,0.16666666666666666
43.0,21.5,86.0,54,0.0,0.0,122.1555807040334,544.4471999101522,0.006224929327152438,0.5,0.5,0.0,0.0,0.16666666666666666,0.16666666666666666,0.18518518518518517
43.0,22.0,87.0,54,0.0,0.0,118.86261634606214,538.4307982788758,0.006523291216260292,0.5,0.5185185185185185,0.0,0.0,0.18518518518518517,0.16666666666666666,0.2037037037037037
43.0,22.5,88.0,54,0.0,0.0,114.84452622573481,532.1819636909224,0.006863420666008195,0.5,0.5370370370370371,0.0,0.0,0.2222222222222222,0.16666666666666666,0.2037037037037037
43.0,23.0,89.0,54,0.0,0.0,110.00351824380884,525.6900110010216,0.007247576342931585,0.5,0.5740740740740741,0.0,0.0,0.25925925925925924,0.16666666666666666,0.18518518518518517
43.0,23.5,90.0,54,0.0,0.0,104.29637328773097,518.9441183207576,0.007677316419353986,0.5,0.6111111111111112,0.0,0.0,0.3333333333333333,0.16666666666666666,0.16666666666666666
43.0,24.0,91.0,54,0.0,0.0,100.24313510548903,511.9333623058346,0.008152913623594767,0.5,0.7222222222222222,0.0,0.0,0.3333333333333333,0.16666666666666666,0.1111111111111111
43.0,24.5,92.0,54,0.0,0.0,96.10354624555367,504.66268395241116,0.008672553392384603,0.5,0.7962962962962963,0.0,0.0,0.3148148148148148,0.16666666666666666,0.09259259259259259
43.0,25.0,93.0,54,0.0,0.0,91.52748926825743,497.4508248642957,0.009231300208877729,0.5,0.8518518518518519,0.0,0.0,0.3148148148148148,0.16666666666666666,0.05555555555555555
43.0,25.5,94.0,54,0.0,0.0,88.55259575011796,489.9740809449462,0.009819875589526956,0.5,0.9074074074074074,0.0,0.0,0.3148148148148148,0.16666666666666666,0.07407407407407407
43.0,26.0,95.0,54,0.0,0.0,88.38551847458422,482.22321345846274,0.010423400702531255,0.5,0.9629629629629629,0.0,0.0,0.2962962962962963,0.2037037037037037,0.09259259259259259
43.0,26.5,96.0,54,0.0,0.0,88.14397883573267,474.03145556901757,0.011020422432538595,0.5,0.9814814814814815,0.0,0.0,0.2962962962962963,0.2037037037037037,0.1111111111111111
43.0,27.0,97.0,54,0.0,0.0,87.82436363707953,465.4189448835463,0.011582732503623135,0.5,0.9814814814814815,0.0,0.0,0.2777777777777778,0.25925925925925924,0.14814814814814814
43.0,27.5,98.0,54,0.0,0.0,87.42292240625916,456.48461449937207,0.012076605921859527,0.5,0.9814814814814815,0.0,0.0,0.2777777777777778,0.3148148148148148,0.2222222222222222
43.0,28.0,99.0,54,0.0,0.0,86.92662520585945,447.59438507130466,0.012465956830603494,0.5,0.9444444444444444,0.0,0.0,0.24074074074074073,0.9629629629629629,0.2777777777777778
43.0,28.5,100.0,54,0.0,0.0,86.32020216648921,438.4976029875276,0.01271737782718653,0.5,0.9074074074074074,0.0,0.37037037037037035,0.25925925925925924,0.9444444444444444,0.48148148148148145
43.0,29.0,101.0,54,0.0,0.0,85.61493884471481,429.08858316089703,0.01280613768784511,0.5,0.9074074074074074,0.0,0.5,0.2962962962962963,0.9444444444444444,0.5
43.0,29.5,102.0,54,0.0,0.0,84.86649000003376,419.0784308909868,0.01272137715432674,0.5,0.8148148148148148,0.0,0.5,0.2222222222222222,0.9444444444444444,0.5
43.0,30.0,103.0,54,0.0,0.0,84.0431526397152,408.6752376059878,0.012468604615013179,0.5,0.7222222222222222,0.0,0.5,0.3148148148148148,0.8888888888888888,0.48148148148148145
43.0,30.5,104.0,54,0.0,0.037037037037037035,83.07658509969724,397.9281405620589,0.012068487553107552,0.5,0.6296296296296297,0.037037037037037035,0.5,0.3888888888888889,0.4074074074074074,0.3333333333333333
43.0,31.0,105.0,54,0.0,0.35185185185185186,82.03211995184363,387.14504103411696,0.011552439008781707,0.5,0.5185185185185185,0.35185185185185186,0.3888888888888889,0.4444444444444444,0.3148148148148148,0.18518518518518517
43.0,31.5,106.0,54,0.0,0.0,81.02390240528824,376.18648601469255,0.010956681495084098,0.5,0.5,0.5,0.0,0.5740740740740741,0.2037037037037037,0.12962962962962962
43.0,32.0,107.0,54,0.0,0.0,79.76064862755756,364.3200252390958,0.01031668772230458,0.5,0.5,0.5,0.0,0.6296296296296297,0.14814814814814814,0.12962962962962962
43.0,32.5,108.0,54,0.0,0.0,78.45615883658648,352.621706790306,0.009663255057151493,0.5,0.5,0.5,0.0,0.6296296296296297,0.12962962962962962,0.12962962962962962
43.0,33.0,109.0,54,0.0,0.0,77.09436123113203,340.6093277539461,0.009020556486796633,0.5,0.5,0.5,0.0,0.6851851851851852,0.09259259259259259,0.1111111111111111
43.0,33.5,110.0,54,0.0,0.0,75.6186935939935,328.29277004690863,0.008405836384040136,0.5,0.5,0.5,0.0,0.6851851851851852,0.09259259259259259,0.1111111111111111
43.0,34.0,111.0,54,0.0,0.0,73.96700917912189,315.68503716794254,0.007830148965508928,0.5,0.5,0.3888888888888889,0.0,0.6851851851851852,0.05555555555555555,0.07407407407407407
43.0,34.5,112.0,54,0.0,0.0,72.19667016896072,302.61274834366185,0.007299572078452193,0.5,0.5,0.2222222222222222,0.0,0.6666666666666666,0.05555555555555555,0.07407407407407407
43.0,35.0,113.0,54,0.0,0.0,70.36915621415847,289.135990942458,0.00681815799639407,0.5,0.5,0.05555555555555555,0.0,0.6666666666666666,0.05555555555555555,0.07407407407407407
43.0,35.5,114.0,54,0.0,0.0,68.4142775006061,275.4246159785586,0.0063868084407143096,0.5,0.5,0.0,0.0,0.5925925925925926,0.05555555555555555,0.05555555555555555
43.0,36.0,115.0,54,0.0,0.0,66.33255730478214,261.50925109690036,0.0059989373263638155,0.5,0.5,0.0,0.0,0.5740740740740741,0.07407407407407407,0.05555555555555555
43.0,36.5,116.0,54,0.0,0.0,66.2984962977625,249.56438722574705,0.005652313814706594,0.5,0.5,0.0,0.0,0.48148148148148145,0.09259259259259259,0.09259259259259259
43.0,37.0,117.0,54,0.0,0.0,70.960814884355,253.92740309413804,0.005343093634581235,0.5,0.5,0.0,0.0,0.4444444444444444,0.1111111111111111,0.1111111111111111
43.0,37.5,118.0,54,0.0,0.0,75.37003046450515,262.5517877534841,0.005071691656170741,0.5,0.5,0.0,0.0,0.4074074074074074,0.12962962962962962,0.14814814814814814
43.0,38.0,119.0,54,0.0,0.0,79.29455378407191,270.03978449153755,0.004831699522703717,0.5,0.5,0.0,0.0,0.37037037037037035,0.14814814814814814,0.18518518518518517
43.0,38.5,120.0,54,0.0,0.0,82.74911413639958,276.3903860547346,0.004621439755163713,0.5,0.5,0.0,0.0,0.24074074074074073,0.16666666666666666,0.18518518518518517
43.0,39.0,121.0,54,0.0,0.0,85.73539488650376,281.45903212288766,0.004440604101049725,0.5,0.5,0.0,0.0,0.24074074074074073,0.16666666666666666,0.18518518518518517
43.0,39.5,122.0,54,0.0,0.0,88.38471138451341,286.04375181443436,0.004286174337130271,0.5,0.5,0.0,0.0,0.24074074074074073,0.16666666666666666,0.18518518518518517
43.0,40.0,123.0,54,0.0,0.0,90.75896843618081,289.70999605552237,0.0041548194087203325,0.5,0.5,0.0,0.0,0.14814814814814814,0.16666666666666666,0.14814814814814814
43.5,10.0,63.5,54,0.0,0.0,108.35453672802636,637.9724968205205,0.010732524465417729,0.5,0.16666666666666666,0.0,0.0,0.6851851851851852,0.5925925925925926,0.14814814814814814
43.5,10.5,64.5,54,0.0,0.0,111.00090691835892,634.7556230121565,0.009836122704524808,0.5,0.16666666666666666,0.0,0.0,0.6851851851851852,0.5555555555555556,0.24074074074074073
43.5,11.0,65.5,54,0.0,0.0,112.48491003785946,631.5157762327168,0.009095506817401768,0.5,0.16666666666666666,0.0,0.0,0.6851851851851852,0.4074074074074074,0.25925925925925924
43.5,11.5,66.5,54,0.0,0.0,115.56784204195557,628.2429073919011,0.008481256648651372,0.5,0.16666666666666666,0.0,0.0,0.6851851851851852,0.37037037037037035,0.2777777777777778
43.5,12.0,67.5,54,0.0,0.0,118.30050090070448,624.9274028207074,0.007970920233783428,0.5,0.16666666666666666,0.0,0.0,0.6851851851851852,0.2777777777777778,0.3148148148148148
43.5,12.5,68.5,54,0.0,0.0,120.72141683612769,621.5600029848697,0.00754721489321371,0.5,0.16666666666666666,0.0,0.037037037037037035,0.6851851851851852,0.24074074074074073,0.2777777777777778
43.5,13.0,69.5,54,0.0,0.0,122.86107566194981,618.1317306628355,0.007196747554953823,0.5,0.16666666666666666,0.0,0.07407407407407407,0.6851851851851852,0.18518518518518517,0.35185185185185186
43.5,13.5,70.5,54,0.0,0.0,124.7432522874368,614.6338271827053,0.006909094552174385,0.5,0.18518518518518517,0.0,0.07407407407407407,0.7037037037037037,0.14814814814814814,0.3148148148148148
43.5,14.0,71.5,54,0.0,0.0,126.3860066143117,611.057695561945,0.00667613348065692,0.5,0.16666666666666666,0.0,0.1111111111111111,0.6481481481481481,0.12962962962962962,0.3148148148148148
43.5,14.5,72.5,54,0.0,0.0,127.80241254651014,607.3948496012694,0.006483724873972679,0.5,0.14814814814814814,0.0,0.05555555555555555,0.6296296296296297,0.09259259259259259,0.2962962962962963
43.5,15.0,73.5,54,0.0,0.0,129.00107183345654,603.6368681593096,0.0063268084518750935,0.5,0.14814814814814814,0.0,0.07407407407407407,0.46296296296296297,0.05555555555555555,0.12962962962962962
43.5,15.5,74.5,54,0.0,0.0,129.98644990659525,599.7753539821555,0.006209556155199592,0.5,0.16666666666666666,0.0,0.05555555555555555,0.37037037037037035,0.05555555555555555,0.12962962962962962
43.5,16.0,75.5,54,0.0,0.0,130.8374446228337,595.8018965907719,0.006128973946251008,0.5,0.16666666666666666,0.0,0.018518518518518517,0.2777777777777778,0.07407407407407407,0.1111111111111111
43.5,16.5,76.5,54,0.0,0.0,131.5191095666521,591.7080388414898,0.006082903603755255,0.5,0.2222222222222222,0.0,0.0,0.2037037037037037,0.07407407407407407,0.1111111111111111
43.5,17.0,77.5,54,0.0,0.0,131.9730850692114,587.4852468760288,0.006069909061269752,0.5,0.24074074074074073,0.0,0.0,0.16666666666666666,0.07407407407407407,0.07407407407407407
43.5,17.5,78.5,54,0.0,0.0,132.18955611703487,583.1248832686056,0.006089193349354238,0.5,0.2777777777777778,0.0,0.0,0.14814814814814814,0.09259259259259259,0.07407407407407407
43.5,18.0,79.5,54,0.0,0.0,132.15394029107603,578.6181832652194,0.006140538886453592,0.5,0.2962962962962963,0.0,0.0,0.16666666666666666,0.1111111111111111,0.05555555555555555
43.5,18.5,80.5,54,0.0,0.0,131.84647338820446,573.9562340914487,0.006224265231706036,0.5,0.2962962962962963,0.0,0.0,0.16666666666666666,0.12962962962962962,0.05555555555555555
43.5,19.0,81.5,54,0.0,0.0,131.2416638828064,569.129957386368,0.006341199062606511,0.5,0.2962962962962963,0.0,0.0,0.16666666666666666,0.12962962962962962,0.05555555555555555
43.5,19.5,82.5,54,0.0,0.0,130.30762379602336,564.1300949012382,0.006492651106438109,0.5,0.3333333333333333,0.0,0.0,0.18518518518518517,0.14814814814814814,0.05555555555555555
43.5,20.0,83.5,54,0.0,0.0,129.0052945331466,558.9471976835014,0.00668039398331992,0.5,0.37037037037037035,0.0,0.0,0.18518518518518517,0.16666666666666666,0.05555555555555555
43.5,20.5,84.5,54,0.0,0.0,127.26844061168705,553.5716190522244,0.006906633273090064,0.5,0.3888888888888889,0.0,0.0,0.16666666666666666,0.16666666666666666,0.05555555555555555
43.5,21.0,85.5,54,0.0,0.0,124.93551682796294,547.9935117604349,0.007173961381067983,0.5,0.46296296296296297,0.0,0.0,0.16666666666666666,0.16666666666666666,0.12962962962962962
43.5,21.5,86.5,54,0.0,0.0,122.05870516427055,542.2028298344569,0.007485279671894452,0.5,0.5,0.0,0.0,0.18518518518518517,0.16666666666666666,0.16666666666666666
43.5,22.0,87.5,54,0.0,0.0,118.69635525774586,536.1893356806589,0.007843668588886087,0.5,0.5370370370370371,0.0,0.0,0.2037037037037037,0.16666666666666666,0.2037037037037037
43.5,22.5,88.5,54,0.0,0.0,114.73628880254999,529.9426131567251,0.008252177950069496,0.5,0.5370370370370371,0.0,0.0,0.24074074074074073,0.16666666666666666,0.2037037037037037
43.5,23.0,89.5,54,0.0,0.0,109.88152382436363,523.4520874180591,0.008713500650834385,0.5,0.6111111111111112,0.0,0.0,0.2962962962962963,0.16666666666666666,0.16666666666666666
43.5,23.5,90.5,54,0.0,0.0,104.17238208741583,516.7070524702312,0.009229484027889411,0.5,0.6666666666666666,0.0,0.0,0.3333333333333333,0.16666666666666666,0.1111111111111111
43.5,24.0,91.5,54,0.0,0.0,99.40627894803453,509.6967074830214,0.009800427701258465,0.5,0.7592592592592593,0.0,0.0,0.3333333333333333,0.16666666666666666,0.09259259259259259
43.5,24.5,92.5,54,0.0,0.0,95.27190997172117,502.551268818581,0.010424122027340745,0.5,0.8148148148148148,0.0,0.0,0.3148148148148148,0.16666666666666666,0.05555555555555555
43.5,25.0,93.5,54,0.0,0.0,90.70209859390367,495.3414094414002,0.011094609912847985,0.5,0.8703703703703703,0.0,0.0,0.3148148148148148,0.16666666666666666,0.05555555555555555
43.5,25.5,94.5,54,0.0,0.0,88.16464016461299,487.86656518777795,0.011800724894721965,0.5,0.9444444444444444,0.0,0.0,0.3148148148148148,0.16666666666666666,0.05555555555555555
43.5,26.0,95.5,54,0.0,0.0,87.99189469350944,480.1176250281373,0.012524589617506084,0.5,0.9814814814814815,0.0,0.0,0.2962962962962963,0.16666666666666666,0.07407407407407407
43.5,26.5,96.5,54,0.0,0.0,87.74462976789785,471.86643507626775,0.013240457037162482,0.5,0.9814814814814815,0.0,0.0,0.2962962962962963,0.2037037037037037,0.09259259259259259
43.5,27.0,97.5,54,0.0,0.0,87.41925708932634,463.2551039169259,0.013914503985593076,0.5,1.0,0.0,0.0,0.2777777777777778,0.25925925925925924,0.12962962962962962
43.5,27.5,98.5,54,0.0,0.0,87.01205473668702,454.32801448736194,0.014506324440633574,0.5,0.9814814814814815,0.0,0.0,0.2777777777777778,0.3148148148148148,0.2222222222222222
43.5,28.0,99.5,54,0.0,0.0,86.49633312576901,445.54118512452385,0.014972714420016717,0.5,0.9814814814814815,0.0,0.0,0.25925925925925924,0.9629629629629629,0.25925925925925924
43.5,28.5,100.5,54,0.0,0.0,85.88388404080365,436.44907347060627,0.015273703234481061,0.5,0.9629629629629629,0.0,0.37037037037037035,0.2962962962962963,0.9444444444444444,0.48148148148148145
43.5,29.0,101.5,54,0.0,0.0,85.17271939418862,427.04125545213884,0.015379722261487459,0.5,0.9259259259259259,0.0,0.5,0.3148148148148148,0.9444444444444444,0.5
43.5,29.5,102.5,54,0.0,0.0,84.4522865487546,416.9850197896236,0.0152778083293523,0.5,0.8148148148148148,0.0,0.5,0.3148148148148148,0.9444444444444444,0.5
43.5,30.0,103.5,54,0.0,0.0,83.60778956867063,406.5892740888445,0.014974578130243344,0.5,0.7222222222222222,0.0,0.5,0.3888888888888889,0.8888888888888888,0.48148148148148145
43.5,30.5,104.5,54,0.0,0.05555555555555555,82.63628892954209,395.8513560980474,0.014494778701821039,0.5,0.6666666666666666,0.05555555555555555,0.5,0.46296296296296297,0.42592592592592593,0.3333333333333333
43.5,31.0,105.5,54,0.0,0.37037037037037035,81.61502294066757,385.14478167652476,0.013876011788483373,0.5,0.5740740740740741,0.37037037037037035,0.3888888888888889,0.46296296296296297,0.2962962962962963,0.2037037037037037
43.5,31.5,106.5,54,0.0,0.037037037037037035,80.60296277267382,374.1091682984794,0.013161639888981449,0.5,0.5185185185185185,0.5,0.037037037037037035,0.5740740740740741,0.2222222222222222,0.12962962962962962
43.5,32.0,107.5,54,0.0,0.0,79.33439600149778,362.3405171372988,0.012394140400072492,0.5,0.5185185185185185,0.5,0.0,0.6296296296296297,0.18518518518518517,0.12962962962962962
43.5,32.5,108.5,54,0.0,0.0,78.01985153362368,350.66012815505786,0.011610408877083853,0.5,0.5,0.5,0.0,0.6851851851851852,0.1111111111111111,0.1111111111111111
43.5,33.0,109.5,54,0.0,0.0,76.65792136749361,338.6682971694757,0.010839422505701477,0.5,0.5,0.5,0.0,0.6851851851851852,0.1111111111111111,0.1111111111111111
43.5,33.5,110.5,54,0.0,0.0,75.1802124810674,326.37513606644774,0.010101869719130947,0.5,0.5,0.5,0.0,0.6851851851851852,0.09259259259259259,0.07407407407407407
43.5,34.0,111.5,54,0.0,0.0,73.52197820787799,313.79387332146536,0.009411028072941051,0.5,0.5,0.4074074074074074,0.0,0.6851851851851852,0.07407407407407407,0.07407407407407407
43.5,34.5,112.5,54,0.0,0.0,71.75369834251096,300.7140594370148,0.008774212826927657,0.5,0.5,0.2222222222222222,0.0,0.6666666666666666,0.07407407407407407,0.07407407407407407
43.5,35.0,113.5,54,0.0,0.0,69.9263893287441,287.27133485084147,0.008194319972672157,0.5,0.5,0.07407407407407407,0.0,0.6666666666666666,0.07407407407407407,0.05555555555555555
43.5,35.5,114.5,54,0.0,0.0,67.97261547472246,273.59796409493003,0.0076712008828699356,0.5,0.5,0.0,0.0,0.6296296296296297,0.1111111111111111,0.05555555555555555
43.5,36.0,115.5,54,0.0,0.0,65.89298077708952,259.7247418415811,0.007202765028321898,0.5,0.5,0.0,0.0,0.5925925925925926,0.12962962962962962,0.05555555555555555
43.5,36.5,116.5,54,0.0,0.0,66.14328086808574,248.64024707051814,0.006785802355802276,0.5,0.5,0.0,0.018518518518518517,0.48148148148148145,0.12962962962962962,0.09259259259259259
43.5,37.0,117.5,54,0.0,0.0,70.85265206692267,253.6095963224802,0.006416562361813351,0.5,0.5,0.0,0.05555555555555555,0.4444444444444444,0.14814814814814814,0.1111111111111111
43.5,37.5,118.5,54,0.0,0.0,75.24537948482826,262.3787393204632,0.006091141405012934,0.5,0.5,0.0,0.05555555555555555,0.4074074074074074,0.16666666666666666,0.12962962962962962
43.5,38.0,119.5,54,0.0,0.0,79.16138255962379,269.8694279581367,0.005805728257055449,0.5,0.5,0.0,0.05555555555555555,0.35185185185185186,0.16666666666666666,0.14814814814814814
43.5,38.5,120.5,54,0.0,0.0,82.58774408299989,276.17245575648093,0.0055567497632871355,0.5,0.5,0.0,0.07407407407407407,0.2962962962962963,0.16666666666666666,0.18518518518518517
43.5,39.0,121.5,54,0.0,0.0,85.59445813096104,281.31824959858716,0.005340948898909775,0.5,0.5,0.0,0.1111111111111111,0.25925925925925924,0.16666666666666666,0.18518518518518517
43.5,39.5,122.5,54,0.0,0.0,88.29368958424011,285.9052819438425,0.005155418803439778,0.5,0.5,0.0,0.1111111111111111,0.2222222222222222,0.16666666666666666,0.14814814814814814
43.5,40.0,123.5,54,0.0,0.0,90.70537549320107,289.4533499796863,0.004997609350270816,0.5,0.5,0.0,0.05555555555555555,0.12962962962962962,0.16666666666666666,0.14814814814814814
44.0,10.0,64.0,54,0.0,0.0,107.56719474062878,634.7690084642111,0.011967046135507317,0.5,0.14814814814814814,0.0,0.0,0.6851851851851852,0.5925925925925926,0.12962962962962962
44.0,10.5,65.0,54,0.0,0.0,108.860441145119,631.6142786129298,0.01096452944255627,0.5,0.16666666666666666,0.0,0.0,0.6851851851851852,0.5555555555555556,0.24074074074074073
44.0,11.0,66.0,54,0.0,0.0,112.34801595312526,628.4317045286131,0.01013631929833994,0.5,0.16666666666666666,0.0,0.0,0.6851851851851852,0.4074074074074074,0.24074074074074073
44.0,11.5,67.0,54,0.0,0.0,115.43623927969978,625.2115970561516,0.0094494670240396,0.5,0.16666666666666666,0.0,0.0,0.6851851851851852,0.3888888888888889,0.25925925925925924
44.0,12.0,68.0,54,0.0,0.0,118.17348591946798,621.9446662471478,0.008878826463627053,0.5,0.18518518518518517,0.0,0.018518518518518517,0.7037037037037037,0.2777777777777778,0.3333333333333333
44.0,12.5,69.0,54,0.0,0.0,120.59832741269064,618.6219446664419,0.008405040707682134,0.5,0.18518518518518517,0.0,0.05555555555555555,0.7222222222222222,0.24074074074074073,0.2777777777777778
44.0,13.0,70.0,54,0.0,0.0,122.74129206897216,615.2347195420352,0.008013109132575781,0.5,0.18518518518518517,0.0,0.09259259259259259,0.7222222222222222,0.2037037037037037,0.35185185185185186
44.0,13.5,71.0,54,0.0,0.0,124.62619506385664,611.7744724560323,0.007691356585113641,0.5,0.16666666666666666,0.0,0.14814814814814814,0.7037037037037037,0.14814814814814814,0.3148148148148148
44.0,14.0,72.0,54,0.0,0.0,126.27113262160405,608.2328255049814,0.007430684727664549,0.5,0.14814814814814814,0.0,0.16666666666666666,0.6481481481481481,0.16666666666666666,0.3148148148148148
44.0,14.5,73.0,54,0.0,0.0,127.68921029921428,604.601493052205,0.007224023964727669,0.5,0.16666666666666666,0.0,0.16666666666666666,0.6111111111111112,0.1111111111111111,0.3148148148148148
44.0,15.0,74.0,54,0.0,0.0,128.88905668425258,600.8722383570231,0.00706592991464661,0.5,0.16666666666666666,0.0,0.12962962962962962,0.46296296296296297,0.1111111111111111,0.14814814814814814
44.0,15.5,75.0,54,0.0,0.0,129.87515943532915,597.0368345046023,0.006952285535705469,0.5,0.16666666666666666,0.0,0.1111111111111111,0.3888888888888889,0.1111111111111111,0.12962962962962962
44.0,16.0,76.0,54,0.0,0.0,130.7216333891566,593.087029181566,0.00688008163533988,0.5,0.16666666666666666,0.0,0.05555555555555555,0.2962962962962963,0.1111111111111111,0.1111111111111111
44.0,16.5,77.0,54,0.0,0.0,131.40335429255288,589.0145129478076,0.006847256431351239,0.5,0.18518518518518517,0.0,0.018518518518518517,0.18518518518518517,0.12962962962962962,0.07407407407407407
44.0,17.0,78.0,54,0.0,0.0,131.85691219718768,584.8108907514891,0.006852580283201872,0.5,0.24074074074074073,0.0,0.0,0.14814814814814814,0.12962962962962962,0.07407407407407407
44.0,17.5,79.0,54,0.0,0.0,132.07250259801268,580.4676565211298,0.006895575430236795,0.5,0.25925925925925924,0.0,0.0,0.16666666666666666,0.12962962962962962,0.07407407407407407
44.0,18.0,80.0,54,0.0,0.0,132.03555188797668,575.9761707524627,0.0069764630372438595,0.5,0.2962962962962963,0.0,0.0,0.16666666666666666,0.12962962962962962,0.05555555555555555
44.0,18.5,81.0,54,0.0,0.0,131.72630463715348,571.3276410859828,0.00709613133159905,0.5,0.2962962962962963,0.0,0.0,0.16666666666666666,0.14814814814814814,0.05555555555555555
44.0,19.0,82.0,54,0.0,0.0,131.11928028321998,566.5131059503808,0.0072561192436150414,0.5,0.3333333333333333,0.0,0.0,0.16666666666666666,0.16666666666666666,0.037037037037037035
44.0,19.5,83.0,54,0.0,0.0,130.18260703231897,561.5234214254244,0.007458609725124118,0.5,0.3333333333333333,0.0,0.0,0.18518518518518517,0.16666666666666666,0.037037037037037035
44.0,20.0,84.0,54,0.0,0.0,128.87725184067756,556.3492515576992,0.00770642568492052,0.5,0.35185185185185186,0.0,0.0,0.16666666666666666,0.16666666666666666,0.05555555555555555
44.0,20.5,85.0,54,0.0,0.0,127.14387522325961,550.9810624475527,0.008003018969041297,0.5,0.4444444444444444,0.0,0.0,0.16666666666666666,0.16666666666666666,0.05555555555555555
44.0,21.0,86.0,54,0.0,0.0,124.83158951316197,545.409120511723,0.008352438602277305,0.5,0.46296296296296297,0.0,0.0,0.16666666666666666,0.16666666666666666,0.07407407407407407
44.0,21.5,87.0,54,0.0,0.0,121.95186353037062,539.6234954206917,0.008759258017478767,0.5,0.5370370370370371,0.0,0.0,0.18518518518518517,0.16666666666666666,0.09259259259259259
44.0,22.0,88.0,54,0.0,0.0,118.48582749171277,533.6140683072445,0.009228431560963125,0.5,0.5555555555555556,0.0,0.0,0.2222222222222222,0.16666666666666666,0.09259259259259259
44.0,22.5,89.0,54,0.0,0.0,114.54416474592124,527.3705459485184,0.009765037608952597,0.5,0.5925925925925926,0.0,0.0,0.25925925925925924,0.16666666666666666,0.09259259259259259
44.0,23.0,90.0,54,0.0,0.0,109.74612629587814,520.8824817347738,0.010347291504143548,0.5,0.6481481481481481,0.0,0.0,0.2962962962962963,0.16666666666666666,0.07407407407407407
44.0,23.5,91.0,54,0.0,0.0,104.03483033552868,514.1393043569583,0.010959113135825845,0.5,0.7037037037037037,0.0,0.0,0.3333333333333333,0.16666666666666666,0.07407407407407407
44.0,24.0,92.0,54,0.0,0.0,98.48986985792321,507.13035526571895,0.011635971127822263,0.5,0.7777777777777778,0.0,0.0,0.3333333333333333,0.16666666666666666,0.05555555555555555
44.0,24.5,93.0,54,0.0,0.0,94.36423561241925,500.12904894068225,0.012375204695656864,0.5,0.8333333333333334,0.0,0.0,0.3148148148148148,0.16666666666666666,0.05555555555555555
44.0,25.0,94.0,54,0.0,0.0,89.80172503263618,492.922376344605,0.01316970956300213,0.5,0.9074074074074074,0.0,0.0,0.3148148148148148,0.16666666666666666,0.05555555555555555
44.0,25.5,95.0,54,0.0,0.0,87.71606626170365,485.4506489009832,0.014006211640813703,0.5,0.9629629629629629,0.0,0.0,0.3148148148148148,0.16666666666666666,0.05555555555555555
44.0,26.0,96.0,54,0.0,0.0,87.53701311756879,477.6841984700618,0.014863497510001886,0.5,0.9814814814814815,0.0,0.0,0.3148148148148148,0.16666666666666666,0.07407407407407407
44.0,26.5,97.0,54,0.0,0.0,87.28339011120941,469.3871994178417,0.01571105438042284,0.5,1.0,0.0,0.0,0.2962962962962963,0.18518518518518517,0.07407407407407407
44.0,27.0,98.0,54,0.0,0.0,86.95163843085905,460.778391183589,0.016508839352330013,0.5,1.0,0.0,0.0,0.2962962962962963,0.24074074074074073,0.1111111111111111
44.0,27.5,99.0,54,0.0,0.0,86.52509106277644,451.9737804359692,0.017209058007504927,0.5,0.9814814814814815,0.0,0.0,0.2777777777777778,0.3148148148148148,0.2037037037037037
44.0,28.0,100.0,54,0.0,0.0,86.00032546454122,443.1925771910326,0.01776064610715245,0.5,0.9814814814814815,0.0,0.0,0.2777777777777778,0.9629629629629629,0.25925925925925924
44.0,28.5,101.0,54,0.0,0.0,85.38126250066398,434.1069995940059,0.018116394930889818,0.5,0.9629629629629629,0.0,0.4074074074074074,0.3148148148148148,0.9444444444444444,0.48148148148148145
44.0,29.0,102.0,54,0.0,0.0,84.67291283121342,424.6432333448358,0.018241408185189063,0.5,0.9259259259259259,0.0,0.5,0.37037037037037035,0.9444444444444444,0.5
44.0,29.5,103.0,54,0.0,0.0,83.97540972770129,414.5951825621461,0.018120411370787542,0.5,0.8888888888888888,0.0,0.5,0.37037037037037035,0.9444444444444444,0.5
44.0,30.0,104.0,54,0.0,0.0,83.10714507463352,404.2093867439373,0.017761250120339904,0.5,0.7777777777777778,0.0,0.5,0.42592592592592593,0.8888888888888888,0.5
44.0,30.5,105.0,54,0.0,0.05555555555555555,82.13033921554104,393.48344541670724,0.01719317444673245,0.5,0.6666666666666666,0.05555555555555555,0.5,0.46296296296296297,0.42592592592592593,0.3333333333333333
44.0,31.0,106.0,54,0.0,0.37037037037037035,81.1355305251756,382.86378754001004,0.016460615207573102,0.5,0.6296296296296297,0.37037037037037035,0.4074074074074074,0.5740740740740741,0.3148148148148148,0.2037037037037037
44.0,31.5,107.0,54,0.0,0.037037037037037035,80.09831824032058,371.7442366226301,0.015614817029671095,0.5,0.5555555555555556,0.5,0.037037037037037035,0.5740740740740741,0.2037037037037037,0.14814814814814814
44.0,32.0,108.0,54,0.0,0.0,78.84535839130164,360.08673012740627,0.014705996387077256,0.5,0.5185185185185185,0.5,0.0,0.6296296296296297,0.2037037037037037,0.14814814814814814
44.0,32.5,109.0,54,0.0,0.0,77.51987838201326,348.4283491369227,0.013777794047832793,0.5,0.5185185185185185,0.5,0.0,0.6851851851851852,0.16666666666666666,0.1111111111111111
44.0,33.0,110.0,54,0.0,0.0,76.15769219359295,336.461538881294,0.012851224914877925,0.5,0.5185185185185185,0.5,0.0,0.6851851851851852,0.14814814814814814,0.1111111111111111
44.0,33.5,111.0,54,0.0,0.0,74.67806044871928,324.1966659186974,0.011896570850521463,0.5,0.5,0.5,0.0,0.6851851851851852,0.1111111111111111,0.07407407407407407
44.0,34.0,112.0,54,0.0,0.0,73.01313077380256,311.6472063406636,0.011017490334254424,0.5,0.5,0.42592592592592593,0.0,0.7037037037037037,0.1111111111111111,0.07407407407407407
44.0,34.5,113.0,54,0.0,0.0,71.24709988761838,298.56216556148553,0.010219456085777895,0.5,0.5,0.2222222222222222,0.0,0.7037037037037037,0.12962962962962962,0.05555555555555555
44.0,35.0,114.0,54,0.0,0.0,69.42048929740399,285.1599260437324,0.009502626938292093,0.5,0.5,0.07407407407407407,0.0,0.6666666666666666,0.12962962962962962,0.05555555555555555
44.0,35.5,115.0,54,0.0,0.0,67.46845639659568,271.5315387648348,0.008863835142267129,0.5,0.5,0.0,0.0,0.6296296296296297,0.12962962962962962,0.05555555555555555
44.0,36.0,116.0,54,0.0,0.0,65.39169500331856,257.7079724279207,0.008298050547069717,0.5,0.5,0.0,0.0,0.5370370370370371,0.14814814814814814,0.037037037037037035
44.0,36.5,117.0,54,0.0,0.0,65.91247869725746,247.59156671431796,0.007799388810739104,0.5,0.5,0.0,0.05555555555555555,0.48148148148148145,0.16666666666666666,0.037037037037037035
44.0,37.0,118.0,54,0.0,0.0,70.71536861761899,253.4240488166835,0.007361765331406354,0.5,0.5,0.0,0.05555555555555555,0.46296296296296297,0.16666666666666666,0.05555555555555555
44.0,37.5,119.0,54,0.0,0.0,75.09705084471102,262.18578487518135,0.006979293492350868,0.5,0.5,0.0,0.05555555555555555,0.46296296296296297,0.16666666666666666,0.05555555555555555
44.0,38.0,120.0,54,0.0,0.0,78.99526508927877,269.67951465019826,0.006646508136763937,0.5,0.5,0.0,0.05555555555555555,0.3888888888888889,0.16666666666666666,0.07407407407407407
44.0,38.5,121.0,54,0.0,0.0,82.40687357291112,275.8989901993345,0.0063584749268752894,0.5,0.5,0.0,0.09259259259259259,0.2962962962962963,0.16666666666666666,0.07407407407407407
44.0,39.0,122.0,54,0.0,0.0,85.49278231404068,281.16261144291053,0.006110828474631296,0.5,0.5,0.0,0.1111111111111111,0.25925925925925924,0.16666666666666666,0.09259259259259259
44.0,39.5,123.0,54,0.0,0.0,88.18036004709077,285.7522215659677,0.005899768308666271,0.5,0.5,0.0,0.1111111111111111,0.2222222222222222,0.16666666666666666,0.09259259259259259
44.0,40.0,124.0,54,0.0,0.0,90.64556110486298,289.2567794827007,0.005722031702020073,0.5,0.5,0.0,0.12962962962962962,0.16666666666666666,0.16666666666666666,0.09259259259259259
44.5,10.0,64.5,54,0.0,0.0,105.12554657698469,631.082203451341,0.013349493271797512,0.5,0.16666666666666666,0.0,0.0,0.7037037037037037,0.5925925925925926,0.12962962962962962
44.5,10.5,65.5,54,0.0,0.0,108.70116232103852,627.998339268974,0.01222844565220936,0.5,0.16666666666666666,0.0,0.0,0.7037037037037037,0.5555555555555556,0.2222222222222222
44.5,11.0,66.5,54,0.0,0.0,112.19544045836791,624.8811365044472,0.0113023446775776,0.5,0.16666666666666666,0.0,0.0,0.7222222222222222,0.4074074074074074,0.24074074074074073
44.5,11.5,67.5,54,0.0,0.0,115.28955077087485,621.7213093878516,0.010534323679163786,0.5,0.18518518518518517,0.0,0.0,0.7222222222222222,0.3888888888888889,0.25925925925925924
44.5,12.0,68.5,54,0.0,0.0,118.03190450579021,618.5099312837322,0.00989624123750033,0.5,0.18518518518518517,0.0,0.037037037037037035,0.7222222222222222,0.2777777777777778,0.3333333333333333
44.5,12.5,69.5,54,0.0,0.0,120.4611183443719,615.238363054979,0.009366432082768807,0.5,0.18518518518518517,0.0,0.07407407407407407,0.7222222222222222,0.25925925925925924,0.2962962962962963
44.5,13.0,70.5,54,0.0,0.0,122.60776730919822,611.8981895942122,0.008928105085992335,0.5,0.18518518518518517,0.0,0.1111111111111111,0.7037037037037037,0.2037037037037037,0.35185185185185186
44.5,13.5,71.5,54,0.0,0.0,124.49571100084096,608.4811633312496,0.008568190205304955,0.5,0.16666666666666666,0.0,0.16666666666666666,0.7037037037037037,0.16666666666666666,0.3333333333333333
44.5,14.0,72.5,54,0.0,0.0,126.14308582466684,604.9791537369769,0.008276500707239667,0.5,0.16666666666666666,0.0,0.16666666666666666,0.6666666666666666,0.14814814814814814,0.3148148148148148
44.5,14.5,73.5,54,0.0,0.0,127.56303243355251,601.3841020231798,0.008045119646816347,0.5,0.16666666666666666,0.0,0.16666666666666666,0.6481481481481481,0.1111111111111111,0.3148148148148148
44.5,15.0,74.5,54,0.0,0.0,128.76420924104679,597.6879803869873,0.00786794802269542,0.5,0.16666666666666666,0.0,0.16666666666666666,0.48148148148148145,0.12962962962962962,0.14814814814814814
44.5,15.5,75.5,54,0.0,0.0,129.75112867411246,593.8827552783218,0.007740371137900142,0.5,0.16666666666666666,0.0,0.1111111111111111,0.37037037037037035,0.12962962962962962,0.12962962962962962
44.5,16.0,76.5,54,0.0,0.0,130.5918529428539,589.9603542800065,0.007659012665124631,0.5,0.16666666666666666,0.0,0.1111111111111111,0.2777777777777778,0.12962962962962962,0.12962962962962962
44.5,16.5,77.5,54,0.0,0.0,131.27365103984417,585.9126362911414,0.007621554785402728,0.5,0.18518518518518517,0.0,0.05555555555555555,0.2037037037037037,0.12962962962962962,0.09259259259259259
44.5,17.0,78.5,54,0.0,0.0,131.72675739313038,581.7313647928477,0.007626608860305108,0.5,0.2037037037037037,0.0,0.0,0.16666666666666666,0.14814814814814814,0.09259259259259259
44.5,17.5,79.5,54,0.0,0.0,131.94137956147483,577.4081840600708,0.007673625257463571,0.5,0.25925925925925924,0.0,0.0,0.18518518518518517,0.16666666666666666,0.07407407407407407
44.5,18.0,80.5,54,0.0,0.0,131.90295417994963,572.9345982608409,0.007762833706970527,0.5,0.2962962962962963,0.0,0.0,0.16666666666666666,0.16666666666666666,0.07407407407407407
44.5,18.5,81.5,54,0.0,0.0,131.59173610276687,568.3019534615046,0.00789520722979693,0.5,0.3148148148148148,0.0,0.0,0.16666666666666666,0.16666666666666666,0.05555555555555555
44.5,19.0,82.5,54,0.0,0.0,130.98225759908073,563.5014226315295,0.008072443387189088,0.5,0.3333333333333333,0.0,0.0,0.18518518518518517,0.16666666666666666,0.037037037037037035
44.5,19.5,83.5,54,0.0,0.0,130.04266565870992,558.5239938175158,0.00829695634488023,0.5,0.35185185185185186,0.0,0.0,0.18518518518518517,0.16666666666666666,0.037037037037037035
44.5,20.0,84.5,54,0.0,0.0,128.7339566229125,553.3604617351589,0.00857187187801688,0.5,0.3888888888888889,0.0,0.0,0.16666666666666666,0.16666666666666666,0.05555555555555555
44.5,20.5,85.5,54,0.0,0.0,127.00501126395683,548.0014231089056,0.008901014658228295,0.5,0.4444444444444444,0.0,0.0,0.16666666666666666,0.16666666666666666,0.05555555555555555
44.5,21.0,86.5,54,0.0,0.0,124.71644089952925,542.437276174899,0.009288872490718508,0.5,0.5,0.0,0.0,0.18518518518518517,0.16666666666666666,0.05555555555555555
44.5,21.5,87.5,54,0.0,0.0,121.83351254691523,536.6582248550006,0.009740514967547735,0.5,0.5555555555555556,0.0,0.0,0.2037037037037037,0.16666666666666666,0.05555555555555555
44.5,22.0,88.5,54,0.0,0.0,118.34068161175438,530.6542882044444,0.010261433532409422,0.5,0.5925925925925926,0.0,0.0,0.24074074074074073,0.16666666666666666,0.037037037037037035
44.5,22.5,89.5,54,0.0,0.0,114.3268257155218,524.4153158413491,0.0108572555881467,0.5,0.6111111111111112,0.0,0.0,0.2777777777777778,0.16666666666666666,0.037037037037037035
44.5,23.0,90.5,54,0.0,0.0,109.57568221088138,517.9310101728737,0.01153326705811085,0.5,0.6666666666666666,0.0,0.0,0.3333333333333333,0.16666666666666666,0.037037037037037035
44.5,23.5,91.5,54,0.0,0.0,103.88133380812314,511.1909563498302,0.012293657587713117,0.5,0.7407407407407407,0.0,0.0,0.3333333333333333,0.16666666666666666,0.037037037037037035
44.5,24.0,92.5,54,0.0,0.0,97.48610072193547,504.2950466940604,0.013140386152787946,0.5,0.7777777777777778,0.0,0.0,0.3333333333333333,0.16666666666666666,0.05555555555555555
44.5,24.5,93.5,54,0.0,0.0,93.37332372271884,497.3491768602871,0.01407156541408683,0.5,0.8518518518518519,0.0,0.0,0.3148148148148148,0.16666666666666666,0.05555555555555555
44.5,25.0,94.5,54,0.0,0.0,89.05575661347287,490.14717509753933,0.015079305506597017,0.5,0.9444444444444444,0.0,0.0,0.3148148148148148,0.16666666666666666,0.05555555555555555
44.5,25.5,95.5,54,0.0,0.0,87.19744133574177,482.6800906911539,0.016147080684553332,0.5,0.9814814814814815,0.0,0.0,0.3148148148148148,0.14814814814814814,0.07407407407407407
44.5,26.0,96.5,54,0.0,0.0,87.01137331651812,474.84043910818633,0.017246930417386782,0.5,1.0,0.0,0.0,0.3148148148148148,0.14814814814814814,0.07407407407407407
44.5,26.5,97.5,54,0.0,0.0,86.75069518847064,466.547033615236,0.018337200965887524,0.5,1.0,0.0,0.0,0.2962962962962963,0.14814814814814814,0.07407407407407407
44.5,27.0,98.5,54,0.0,0.0,86.40289098125496,457.94245903506237,0.01936200407133736,0.5,1.0,0.0,0.0,0.2962962962962963,0.2037037037037037,0.12962962962962962
44.5,27.5,99.5,54,0.0,0.0,85.96075061480906,449.2783938072285,0.020226998187201937,0.5,1.0,0.0,0.0,0.2777777777777778,0.2962962962962963,0.2222222222222222
44.5,28.0,100.5,54,0.0,0.0,85.42859063947238,440.5049390492992,0.02087310557770022,0.5,0.9814814814814815,0.0,0.0,0.2777777777777778,0.9629629629629629,0.24074074074074073
44.5,28.5,101.5,54,0.0,0.0,84.80228313419991,431.42820363142135,0.021289538394200405,0.5,0.9629629629629629,0.0,0.4074074074074074,0.3148148148148148,0.9444444444444444,0.5
44.5,29.0,102.5,54,0.0,0.0,84.12976852016352,421.9029650179818,0.021435517163608888,0.5,0.9444444444444444,0.0,0.5,0.3888888888888889,0.9444444444444444,0.5
44.5,29.5,103.5,54,0.0,0.0,83.40911353283575,411.8658670236744,0.021227089601238914,0.5,0.8888888888888888,0.0,0.5,0.4074074074074074,0.9444444444444444,0.5
44.5,30.0,104.5,54,0.0,0.0,82.5314196934663,401.49309974777043,0.02068444832604082,0.5,0.8148148148148148,0.0,0.5,0.4444444444444444,0.8888888888888888,0.5
44.5,30.5,105.5,54,0.0,0.09259259259259259,81.54893282162782,390.8008479975999,0.01987907781488861,0.5,0.6666666666666666,0.09259259259259259,0.5,0.48148148148148145,0.46296296296296297,0.3333333333333333
44.5,31.0,106.5,54,0.0,0.3888888888888889,80.58428011916651,380.26161512079887,0.018879053410067997,0.5,0.6481481481481481,0.3888888888888889,0.42592592592592593,0.5925925925925926,0.3333333333333333,0.2037037037037037
44.5,31.5,107.5,54,0.0,0.037037037037037035,79.51790651931645,369.0508765432761,0.017757996546115633,0.5,0.5740740740740741,0.5,0.037037037037037035,0.6481481481481481,0.2222222222222222,0.14814814814814814
44.5,32.0,108.5,54,0.0,0.0,78.28410039259641,357.5196513755678,0.016583839899003763,0.5,0.5370370370370371,0.5,0.0,0.7037037037037037,0.2037037037037037,0.14814814814814814
44.5,32.5,109.5,54,0.0,0.0,76.94855742796342,345.88816927304254,0.015411975496372576,0.5,0.5185185185185185,0.5,0.0,0.7037037037037037,0.18518518518518517,0.12962962962962962
44.5,33.0,110.5,54,0.0,0.0,75.58431605984929,333.9517240591388,0.014282864164525014,0.5,0.5185185185185185,0.5,0.0,0.7222222222222222,0.16666666666666666,0.09259259259259259
44.5,33.5,111.5,54,0.0,0.0,74.10295579097831,321.72096383127496,0.01322285705239336,0.5,0.5185185185185185,0.5,0.0,0.7222222222222222,0.12962962962962962,0.09259259259259259
44.5,34.0,112.5,54,0.0,0.0,72.43127886028583,309.20963660767944,0.012246693882804326,0.5,0.5185185185185185,0.42592592592592593,0.0,0.7222222222222222,0.12962962962962962,0.09259259259259259
44.5,34.5,113.5,54,0.0,0.0,70.66770366664251,296.1224886330268,0.011360474534868263,0.5,0.5,0.2222222222222222,0.0,0.7037037037037037,0.12962962962962962,0.07407407407407407
44.5,35.0,114.5,54,0.0,0.0,68.84242116636621,282.76834704432855,0.010564396851136677,0.5,0.5,0.09259259259259259,0.0,0.6666666666666666,0.16666666666666666,0.05555555555555555
44.5,35.5,115.5,54,0.0,0.0,66.89292336871367,269.19315148202,0.009854961719768227,0.5,0.5,0.0,0.0,0.6296296296296297,0.16666666666666666,0.037037037037037035
44.5,36.0,116.5,54,0.0,0.0,64.82000386345558,255.4280501160939,0.009226598484619425,0.5,0.5,0.0,0.018518518518518517,0.5185185185185185,0.16666666666666666,0.037037037037037035
44.5,36.5,117.5,54,0.0,0.0,65.68008889393975,246.39985517509322,0.008672784704905324,0.5,0.5,0.0,0.05555555555555555,0.5370370370370371,0.16666666666666666,0.037037037037037035
44.5,37.0,118.5,54,0.0,0.0,70.55020413649808,253.21524281285474,0.008186772815269246,0.5,0.5,0.0,0.05555555555555555,0.48148148148148145,0.16666666666666666,0.05555555555555555
44.5,37.5,119.5,54,0.0,0.0,74.93011040589491,261.96935353636565,0.007762032945481282,0.5,0.5,0.0,0.05555555555555555,0.4444444444444444,0.16666666666666666,0.05555555555555555
44.5,38.0,120.5,54,0.0,0.0,78.79247969789367,269.46653606589706,0.007392501638554031,0.5,0.5,0.0,0.07407407407407407,0.35185185185185186,0.16666666666666666,0.05555555555555555
44.5,38.5,121.5,54,0.0,0.0,82.28605553587705,275.58810870702393,0.007072703773057168,0.5,0.5,0.0,0.1111111111111111,0.3148148148148148,0.16666666666666666,0.05555555555555555
44.5,39.0,122.5,54,0.0,0.0,85.37819448124733,280.98979064378875,0.006797795301851689,0.5,0.5,0.0,0.1111111111111111,0.25925925925925924,0.16666666666666666,0.05555555555555555
44.5,39.5,123.5,54,0.0,0.0,88.0968821289363,285.58228528294035,0.006563559087777807,0.5,0.5,0.0,0.1111111111111111,0.2222222222222222,0.16666666666666666,0.037037037037037035
44.5,40.0,124.5,54,0.0,0.0,90.57846081891142,289.0363494964825,0.006366374974253375,0.5,0.5,0.0,0.16666666666666666,0.16666666666666666,0.16666666666666666,0.037037037037037035
45.0,10.0,65.0,54,0.0,0.0,104.55957140649781,626.8347337762146,0.01499786156165649,0.5,0.12962962962962962,0.0,0.0,0.7222222222222222,0.5925925925925926,0.14814814814814814
45.0,10.5,66.0,54,0.0,0.0,108.52292401634601,623.831623860832,0.013691833631098408,0.5,0.16666666666666666,0.0,0.0,0.7222222222222222,0.5740740740740741,0.2222222222222222
45.0,11.0,67.0,54,0.0,0.0,112.02468097503686,620.7889862863332,0.01261536959847483,0.5,0.18518518518518517,0.0,0.0,0.7222222222222222,0.4074074074074074,0.24074074074074073
45.0,11.5,68.0,54,0.0,0.0,115.12536376510012,617.6979862090874,0.011754203592228712,0.5,0.18518518518518517,0.0,0.0,0.7222222222222222,0.3888888888888889,0.24074074074074073
45.0,12.0,69.0,54,0.0,0.0,117.8734227496187,614.5501037660147,0.011040441538151202,0.5,0.18518518518518517,0.0,0.05555555555555555,0.7222222222222222,0.2962962962962963,0.3333333333333333
45.0,12.5,70.0,54,0.0,0.0,120.307523901436,611.3370679811813,0.010447746539384972,0.5,0.16666666666666666,0.0,0.1111111111111111,0.7407407407407407,0.24074074074074073,0.2962962962962963
45.0,13.0,71.0,54,0.0,0.0,122.45829363521243,608.0507981066021,0.009957327440622814,0.5,0.16666666666666666,0.0,0.14814814814814814,0.7222222222222222,0.24074074074074073,0.35185185185185186
45.0,13.5,72.0,54,0.0,0.0,124.3496406413526,604.6833513281366,0.009554554856542503,0.5,0.16666666666666666,0.0,0.16666666666666666,0.7592592592592593,0.18518518518518517,0.3333333333333333
45.0,14.0,73.0,54,0.0,0.0,125.99974586319932,601.2268759546981,0.009228024534846906,0.5,0.16666666666666666,0.0,0.16666666666666666,0.6851851851851852,0.12962962962962962,0.3333333333333333
45.0,14.5,74.0,54,0.0,0.0,127.421788954772,597.6735693731732,0.00896887112588789,0.5,0.16666666666666666,0.0,0.16666666666666666,0.6111111111111112,0.12962962962962962,0.3148148148148148
45.0,15.0,75.0,54,0.0,0.0,128.62446155680047,594.0156401871653,0.008770262586621919,0.5,0.18518518518518517,0.0,0.16666666666666666,0.48148148148148145,0.14814814814814814,0.14814814814814814
45.0,15.5,76.0,54,0.0,0.0,129.61230376635513,590.2452740766436,0.00862702670745578,0.5,0.18518518518518517,0.0,0.16666666666666666,0.37037037037037035,0.14814814814814814,0.12962962962962962
45.0,16.0,77.0,54,0.0,0.0,130.44576156398426,586.354603016963,0.00853537569565431,0.5,0.18518518518518517,0.0,0.1111111111111111,0.2777777777777778,0.16666666666666666,0.1111111111111111
45.0,16.5,78.0,54,0.0,0.0,131.12766151874555,582.3356775907434,0.00849270463937092,0.5,0.18518518518518517,0.0,0.09259259259259259,0.18518518518518517,0.16666666666666666,0.09259259259259259
45.0,17.0,79.0,54,0.0,0.0,131.58027684878226,578.1804422075287,0.008497446474474203,0.5,0.2037037037037037,0.0,0.05555555555555555,0.18518518518518517,0.16666666666666666,0.09259259259259259
45.0,17.5,80.0,54,0.0,0.0,131.7938289893616,573.8807131263545,0.008548970721860776,0.5,0.2222222222222222,0.0,0.0,0.18518518518518517,0.16666666666666666,0.07407407407407407
45.0,18.0,81.0,54,0.0,0.0,131.75376649711546,569.4281592496412,0.008647516345012487,0.5,0.25925925925925924,0.0,0.0,0.16666666666666666,0.16666666666666666,0.037037037037037035
45.0,18.5,82.0,54,0.0,0.0,131.44035629662105,564.8142857300638,0.008794150938903136,0.5,0.3148148148148148,0.0,0.0,0.18518518518518517,0.16666666666666666,0.037037037037037035
45.0,19.0,83.0,54,0.0,0.0,130.82814570416633,560.0304205048795,0.008990749256580747,0.5,0.37037037037037035,0.0,0.0,0.18518518518518517,0.16666666666666666,0.037037037037037035
45.0,19.5,84.0,54,0.0,0.0,129.8853035741457,555.0677039455968,0.009239983801669056,0.5,0.3888888888888889,0.0,0.0,0.16666666666666666,0.16666666666666666,0.037037037037037035
45.0,20.0,85.0,54,0.0,0.0,128.57286016841812,549.9170818857241,0.009545318697910145,0.5,0.3888888888888889,0.0,0.0,0.16666666666666666,0.16666666666666666,0.037037037037037035
45.0,20.5,86.0,54,0.0,0.0,126.84388683812274,544.5693023716344,0.00991099495421748,0.5,0.5,0.0,0.0,0.18518518518518517,0.16666666666666666,0.037037037037037035
45.0,21.0,87.0,54,0.0,0.0,124.58845306157734,539.0149165618261,0.010341990052005156,0.5,0.5,0.0,0.0,0.18518518518518517,0.16666666666666666,0.037037037037037035
45.0,21.5,88.0,54,0.0,0.0,121.70199569817059,533.2442842917604,0.010843926783359851,0.5,0.5740740740740741,0.0,0.0,0.2222222222222222,0.16666666666666666,0.037037037037037035
45.0,22.0,89.0,54,0.0,0.0,118.20565468265848,527.2475849145544,0.011422894645277548,0.5,0.6111111111111112,0.0,0.0,0.25925925925925924,0.16666666666666666,0.037037037037037035
45.0,22.5,90.0,54,0.0,0.0,114.04496054193228,521.0148341290866,0.012085131161194996,0.5,0.6296296296296297,0.0,0.0,0.2962962962962963,0.16666666666666666,0.037037037037037035
45.0,23.0,91.0,54,0.0,0.0,109.31420037123165,514.5359076127254,0.012836490310030592,0.5,0.7037037037037037,0.0,0.0,0.3333333333333333,0.16666666666666666,0.05555555555555555
45.0,23.5,92.0,54,0.0,0.0,103.7095150906133,507.80057238959375,0.013681602869238325,0.5,0.7592592592592593,0.0,0.0,0.3333333333333333,0.16666666666666666,0.037037037037037035
45.0,24.0,93.0,54,0.0,0.0,97.02508271559658,501.093138345226,0.014622615395603581,0.5,0.8148148148148148,0.0,0.0,0.3333333333333333,0.14814814814814814,0.037037037037037035
45.0,24.5,94.0,54,0.0,0.0,92.29123901380332,494.1539465724936,0.015657395435510934,0.5,0.8703703703703703,0.0,0.0,0.3148148148148148,0.14814814814814814,0.037037037037037035
45.0,25.0,95.0,54,0.0,0.0,87.98392701069649,486.9584666474867,0.016777137878422874,0.5,0.9629629629629629,0.0,0.0,0.3148148148148148,0.14814814814814814,0.037037037037037035
45.0,25.5,96.0,54,0.0,0.0,86.59721157504251,479.4979339620065,0.017963443907017963,0.5,0.9814814814814815,0.0,0.0,0.3148148148148148,0.14814814814814814,0.05555555555555555
45.0,26.0,97.0,54,0.0,0.0,86.40333941522664,471.57623632989896,0.019185219526753068,0.5,1.0,0.0,0.0,0.3148148148148148,0.14814814814814814,0.07407407407407407
45.0,26.5,98.0,54,0.0,0.0,86.12405313502975,463.28842481018995,0.020396177853932287,0.5,1.0,0.0,0.0,0.3148148148148148,0.14814814814814814,0.07407407407407407
45.0,27.0,99.0,54,0.0,0.0,85.75956351820176,454.69025190041657,0.021534249961348423,0.5,1.0,0.0,0.0,0.2962962962962963,0.16666666666666666,0.12962962962962962
45.0,27.5,100.0,54,0.0,0.0,85.3091645632702,446.18761250853936,0.022524538950309304,0.5,1.0,0.0,0.0,0.2962962962962963,0.2962962962962963,0.2037037037037037
45.0,28.0,101.0,54,0.0,0.0,84.76887954333027,437.42454240279534,0.023287106841506068,0.5,1.0,0.0,0.0,0.37037037037037035,0.9629629629629629,0.24074074074074073
45.0,28.5,102.0,54,0.0,0.0,84.13464661900154,428.3595086408933,0.02374941942329268,0.5,0.9814814814814815,0.0,0.4444444444444444,0.3888888888888889,0.9444444444444444,0.5
45.0,29.0,103.0,54,0.0,0.0,83.50332310165619,418.7667988881312,0.023860858058445573,0.5,0.9444444444444444,0.0,0.5,0.46296296296296297,0.9444444444444444,0.5
45.0,29.5,104.0,54,0.0,0.0,82.75283488795074,408.7440803041709,0.023604577534272135,0.5,0.9074074074074074,0.0,0.5,0.5,0.9629629629629629,0.5
45.0,30.0,105.0,54,0.0,0.0,81.86862074896636,398.38813557174075,0.023001941836196207,0.5,0.8333333333333334,0.0,0.5,0.46296296296296297,0.9074074074074074,0.5
45.0,30.5,106.0,54,0.0,0.09259259259259259,80.90646869072543,387.80448774033715,0.022107541190378534,0.5,0.7592592592592593,0.09259259259259259,0.5,0.5740740740740741,0.48148148148148145,0.35185185185185186
45.0,31.0,107.0,54,0.0,0.3888888888888889,79.94980687004907,377.2884786748001,0.020996895904079473,0.5,0.6851851851851852,0.3888888888888889,0.42592592592592593,0.5925925925925926,0.37037037037037035,0.18518518518518517
45.0,31.5,108.0,54,0.0,0.037037037037037035,78.85116485900487,365.9788744179689,0.019751701095617722,0.5,0.6111111111111112,0.5,0.037037037037037035,0.6666666666666666,0.25925925925925924,0.14814814814814814
45.0,32.0,109.0,54,0.0,0.0,77.6392072139804,354.591259926656,0.018447366774937014,0.5,0.5555555555555556,0.5,0.0,0.7222222222222222,0.2037037037037037,0.14814814814814814
45.0,32.5,110.0,54,0.0,0.0,76.29295646100927,342.9925708654741,0.017145410127981858,0.5,0.5370370370370371,0.5,0.0,0.7222222222222222,0.2037037037037037,0.12962962962962962
45.0,33.0,111.0,54,0.0,0.0,74.926343885242,331.09291061593416,0.015890792033472587,0.5,0.5370370370370371,0.5,0.0,0.7222222222222222,0.14814814814814814,0.09259259259259259
45.0,33.5,112.0,54,0.0,0.0,73.43758393629365,318.90323821426205,0.01471281744399211,0.5,0.5185185185185185,0.5,0.0,0.7222222222222222,0.16666666666666666,0.09259259259259259
45.0,34.0,113.0,54,0.0,0.0,71.76518486841924,306.40729884407773,0.013627899467630544,0.5,0.5185185185185185,0.42592592592592593,0.0,0.7222222222222222,0.16666666666666666,0.07407407407407407
45.0,34.5,114.0,54,0.0,0.0,70.00429623039084,293.35248262183916,0.012642852664607851,0.5,0.5185185185185185,0.2222222222222222,0.0,0.7222222222222222,0.16666666666666666,0.05555555555555555
45.0,35.0,115.0,54,0.0,0.0,68.18113914777446,280.05547939861674,0.011757930174566068,0.5,0.5185185185185185,0.09259259259259259,0.0,0.6851851851851852,0.16666666666666666,0.037037037037037035
45.0,35.5,116.0,54,0.0,0.0,66.23516478586964,266.5431941535504,0.010969271710046491,0.5,0.5185185185185185,0.0,0.0,0.6666666666666666,0.16666666666666666,0.037037037037037035
45.0,36.0,117.0,54,0.0,0.0,64.16727744504024,252.84695794261765,0.010270709236616946,0.5,0.5185185185185185,0.0,0.05555555555555555,0.5555555555555556,0.16666666666666666,0.037037037037037035
45.0,36.5,118.0,54,0.0,0.0,65.49655787628494,245.02331622432268,0.009655011751721593,0.5,0.5,0.0,0.05555555555555555,0.5185185185185185,0.16666666666666666,0.037037037037037035
45.0,37.0,119.0,54,0.0,0.0,70.36359248694681,252.96814321146067,0.009114693662131856,0.5,0.5,0.0,0.05555555555555555,0.48148148148148145,0.16666666666666666,0.037037037037037035
45.0,37.5,120.0,54,0.0,0.0,74.70743439970144,261.7258880995932,0.008642507840429229,0.5,0.5,0.0,0.05555555555555555,0.46296296296296297,0.16666666666666666,0.037037037037037035
45.0,38.0,121.0,54,0.0,0.0,78.65089664001445,269.13838857467385,0.00823172291522862,0.5,0.5,0.0,0.09259259259259259,0.35185185185185186,0.16666666666666666,0.037037037037037035
45.0,38.5,122.0,54,0.0,0.0,82.15688435893067,275.21829724293434,0.007876259522114359,0.5,0.5,0.0,0.1111111111111111,0.3148148148148148,0.16666666666666666,0.037037037037037035
45.0,39.0,123.0,54,0.0,0.0,85.23739064732341,280.79727625482406,0.007570738412159836,0.5,0.5,0.0,0.1111111111111111,0.2777777777777778,0.16666666666666666,0.037037037037037035
45.0,39.5,124.0,54,0.0,0.0,88.02734235062597,285.3930071582184,0.007310476302955471,0.5,0.5,0.0,0.12962962962962962,0.2037037037037037,0.16666666666666666,0.05555555555555555
45.0,40.0,125.0,54,0.0,0.0,90.50296697630725,288.7880426745734,0.0070914529839486385,0.5,0.5,0.0,0.16666666666666666,0.16666666666666666,0.16666666666666666,0.037037037037037035
45.5,10.0,65.5,54,0.0,0.0,104.35004721401005,621.9412369729085,0.017010885606934395,0.5,0.14814814814814814,0.0,0.0,0.7222222222222222,0.6111111111111112,0.14814814814814814
45.5,10.5,66.5,54,0.0,0.0,108.32278702223084,619.0299716274916,0.015528172311356959,0.5,0.14814814814814814,0.0,0.0,0.7222222222222222,0.5740740740740741,0.2222222222222222
45.5,11.0,67.5,54,0.0,0.0,111.83290960529166,616.0722266015064,0.01430588289443111,0.5,0.14814814814814814,0.0,0.0,0.7407407407407407,0.3888888888888889,0.2222222222222222
45.5,11.5,68.5,54,0.0,0.0,114.94094980330208,613.0596689868037,0.013293889756935129,0.5,0.16666666666666666,0.0,0.037037037037037035,0.7592592592592593,0.4074074074074074,0.24074074074074073
45.5,12.0,69.5,54,0.0,0.0,117.69539966481703,609.9842325155918,0.012454013655294319,0.5,0.14814814814814814,0.0,0.07407407407407407,0.7592592592592593,0.3148148148148148,0.3333333333333333
45.5,12.5,70.5,54,0.0,0.0,120.13497886964235,606.8380574952856,0.0117569234897806,0.5,0.16666666666666666,0.0,0.16666666666666666,0.7777777777777778,0.25925925925925924,0.2962962962962963
45.5,13.0,71.5,54,0.0,0.0,122.29037034601278,603.6134373943776,0.011179928088632501,0.5,0.16666666666666666,0.0,0.25925925925925924,0.7592592592592593,0.2037037037037037,0.35185185185185186
45.5,13.5,72.5,54,0.0,0.0,124.18553705069608,600.3027711355336,0.010705388004119814,0.5,0.18518518518518517,0.0,0.25925925925925924,0.7592592592592593,0.18518518518518517,0.3333333333333333
45.5,14.0,73.5,54,0.0,0.0,125.83870933964715,596.8985203210509,0.01031956281038423,0.5,0.18518518518518517,0.0,0.3148148148148148,0.6851851851851852,0.16666666666666666,0.3333333333333333
45.5,14.5,74.5,54,0.0,0.0,127.26311026182816,593.3931707618731,0.010011767894131376,0.5,0.18518518518518517,0.0,0.24074074074074073,0.5925925925925926,0.16666666666666666,0.3333333333333333
45.5,15.0,75.5,54,0.0,0.0,128.46746852809332,589.7791978014328,0.009788722507653237,0.5,0.18518518518518517,0.0,0.25925925925925924,0.48148148148148145,0.16666666666666666,0.16666666666666666
45.5,15.5,76.5,54,0.0,0.0,129.45635519628246,586.0490350338863,0.009627831472268951,0.5,0.18518518518518517,0.0,0.2222222222222222,0.35185185185185186,0.16666666666666666,0.12962962962962962
45.5,16.0,77.5,54,0.0,0.0,130.28066569802965,582.1950461102566,0.00952457107663329,0.5,0.2037037037037037,0.0,0.14814814814814814,0.2962962962962963,0.16666666666666666,0.09259259259259259
45.5,16.5,78.5,54,0.0,0.0,130.9626958769856,578.2094994089554,0.009476013576674602,0.5,0.2037037037037037,0.0,0.1111111111111111,0.18518518518518517,0.16666666666666666,0.09259259259259259
45.5,17.0,79.5,54,0.0,0.0,131.41477423342744,574.0845454268821,0.009480391084813676,0.5,0.2037037037037037,0.0,0.07407407407407407,0.18518518518518517,0.16666666666666666,0.07407407407407407
45.5,17.5,80.5,54,0.0,0.0,131.6271381836384,569.8121968181434,0.009536981873204384,0.5,0.2037037037037037,0.0,0.05555555555555555,0.16666666666666666,0.16666666666666666,0.037037037037037035
45.5,18.0,81.5,54,0.0,0.0,131.58525017267345,565.384311078921,0.00964603480117945,0.5,0.2777777777777778,0.0,0.0,0.18518518518518517,0.16666666666666666,0.037037037037037035
45.5,18.5,82.5,54,0.0,0.0,131.26939130357653,560.7925759456341,0.0098087231487647,0.5,0.35185185185185186,0.0,0.0,0.18518518518518517,0.16666666666666666,0.037037037037037035
45.5,19.0,83.5,54,0.0,0.0,130.65412656479808,556.028497642342,0.010027120028074208,0.5,0.3888888888888889,0.0,0.0,0.18518518518518517,0.16666666666666666,0.037037037037037035
45.5,19.5,84.5,54,0.0,0.0,129.7076503250485,551.0833921844551,0.010304187237753977,0.5,0.42592592592592593,0.0,0.0,0.16666666666666666,0.16666666666666666,0.037037037037037035
45.5,20.0,85.5,54,0.0,0.0,128.39103212779509,545.9483800193113,0.010643767738631441,0.5,0.4444444444444444,0.0,0.0,0.18518518518518517,0.16666666666666666,0.037037037037037035
45.5,20.5,86.5,54,0.0,0.0,126.6574044274822,540.6143843604765,0.011050568488136087,0.5,0.48148148148148145,0.0,0.0,0.2037037037037037,0.16666666666666666,0.037037037037037035
45.5,21.0,87.5,54,0.0,0.0,124.41827193180895,535.0721336552986,0.01153011459658435,0.5,0.5185185185185185,0.0,0.0,0.2222222222222222,0.16666666666666666,0.018518518518518517
45.5,21.5,88.5,54,0.0,0.0,121.5554203575948,529.3121687100029,0.012088646876943544,0.5,0.6111111111111112,0.0,0.0,0.25925925925925924,0.16666666666666666,0.037037037037037035
45.5,22.0,89.5,54,0.0,0.0,118.0552071599831,523.3248550912949,0.012732921947410105,0.5,0.6296296296296297,0.0,0.0,0.2777777777777778,0.16666666666666666,0.037037037037037035
45.5,22.5,90.5,54,0.0,0.0,113.86315030704993,517.1004015180695,0.013469856362102321,0.5,0.6851851851851852,0.0,0.0,0.3148148148148148,0.14814814814814814,0.037037037037037035
45.5,23.0,91.5,54,0.0,0.0,109.01598058033093,510.62888506317427,0.014305933867043277,0.5,0.7407407407407407,0.0,0.0,0.3333333333333333,0.14814814814814814,0.037037037037037035
45.5,23.5,92.5,54,0.0,0.0,103.4082566384177,504.09234940939155,0.015246270138410347,0.5,0.7777777777777778,0.0,0.0,0.3333333333333333,0.14814814814814814,0.037037037037037035
45.5,24.0,93.5,54,0.0,0.0,96.83121105552372,497.40983244311303,0.016293209484505734,0.5,0.8518518518518519,0.0,0.0,0.3148148148148148,0.14814814814814814,0.037037037037037035
45.5,24.5,94.5,54,0.0,0.0,91.08778602647216,490.47958342851194,0.017444329296662852,0.5,0.9259259259259259,0.0,0.0,0.3148148148148148,0.14814814814814814,0.037037037037037035
45.5,25.0,95.5,54,0.0,0.0,86.81232665563961,483.29293923858353,0.018689781054562364,0.5,0.9629629629629629,0.0,0.0,0.3148148148148148,0.14814814814814814,0.05555555555555555
45.5,25.5,96.5,54,0.0,0.0,85.89512102555679,475.80659914424984,0.02000904879553,0.5,1.0,0.0,0.0,0.3148148148148148,0.14814814814814814,0.05555555555555555
45.5,26.0,97.5,54,0.0,0.0,85.68172154310284,467.8278202539047,0.021367512070232485,0.5,1.0,0.0,0.0,0.3148148148148148,0.12962962962962962,0.05555555555555555
45.5,26.5,98.5,54,0.0,0.0,85.3900183468411,459.5481489047998,0.022713685088293807,0.5,1.0,0.0,0.0,0.3148148148148148,0.12962962962962962,0.07407407407407407
45.5,27.0,99.5,54,0.0,0.0,85.0163273111439,451.0967137009418,0.023978579454884772,0.5,1.0,0.0,0.0,0.2962962962962963,0.16666666666666666,0.12962962962962962
45.5,27.5,100.5,54,0.0,0.0,84.5568425540993,442.64183623249596,0.025079000257649912,0.5,1.0,0.0,0.0,0.2962962962962963,0.2962962962962963,0.2037037037037037
45.5,28.0,101.5,54,0.0,0.0,84.00765631790978,433.8924291551302,0.02592619867396155,0.5,1.0,0.0,0.0,0.3888888888888889,0.9629629629629629,0.24074074074074073
45.5,28.5,102.5,54,0.0,0.0,83.40690260088535,424.84264310499356,0.026439679336517936,0.5,0.9814814814814815,0.0,0.4444444444444444,0.5,0.9444444444444444,0.5
45.5,29.0,103.5,54,0.0,0.0,82.78074336358273,415.17612555210144,0.026563286568427665,0.5,0.9629629629629629,0.0,0.5,0.5185185185185185,0.9629629629629629,0.5
45.5,29.5,104.5,54,0.0,0.0,81.99674606055383,405.17203106764816,0.026278341062214817,0.5,0.9259259259259259,0.0,0.5,0.5,0.9814814814814815,0.5
45.5,30.0,105.5,54,0.0,0.0,81.10555525577816,394.8375857420613,0.025608551477334495,0.5,0.8518518518518519,0.0,0.5,0.5,0.9259259259259259,0.5
45.5,30.5,106.5,54,0.0,0.1111111111111111,80.16287489910154,384.3775142904394,0.024614493237948887,0.5,0.8333333333333334,0.1111111111111111,0.5,0.6296296296296297,0.48148148148148145,0.35185185185185186
45.5,31.0,107.5,54,0.0,0.42592592592592593,79.21949358980397,373.89023918384345,0.023379984010601894,0.5,0.7222222222222222,0.42592592592592593,0.42592592592592593,0.6296296296296297,0.37037037037037035,0.18518518518518517
45.5,31.5,108.5,54,0.0,0.037037037037037035,78.08522782579982,362.50349460089257,0.021995727042722443,0.5,0.6666666666666666,0.5,0.037037037037037035,0.7407407407407407,0.25925925925925924,0.16666666666666666
45.5,32.0,109.5,54,0.0,0.0,76.89075064692051,351.2495694749317,0.020545487605734523,0.5,0.6296296296296297,0.5,0.0,0.7407407407407407,0.2222222222222222,0.14814814814814814
45.5,32.5,110.5,54,0.0,0.0,75.54000753387471,339.69076467020165,0.019097640000311205,0.5,0.5740740740740741,0.5,0.0,0.7407407407407407,0.2037037037037037,0.12962962962962962
45.5,33.0,111.5,54,0.0,0.0,74.17128051661146,327.8355854119439,0.017702194662492825,0.5,0.5370370370370371,0.5,0.0,0.7592592592592593,0.16666666666666666,0.09259259259259259
45.5,33.5,112.5,54,0.0,0.0,72.67483659784374,315.6953331081301,0.01639178139861644,0.5,0.5370370370370371,0.5,0.0,0.7592592592592593,0.16666666666666666,0.09259259259259259
45.5,34.0,113.5,54,0.0,0.0,71.00266166358733,303.2000336145057,0.015184706328337258,0.5,0.5185185185185185,0.4444444444444444,0.0,0.7592592592592593,0.16666666666666666,0.05555555555555555
45.5,34.5,114.5,54,0.0,0.0,69.2447214730659,290.2067576862606,0.014088602203490917,0.5,0.5185185185185185,0.25925925925925924,0.0,0.7592592592592593,0.16666666666666666,0.037037037037037035
45.5,35.0,115.5,54,0.0,0.0,67.42469925638107,276.97758959683193,0.01310379905515002,0.5,0.5185185185185185,0.1111111111111111,0.0,0.7037037037037037,0.16666666666666666,0.037037037037037035
45.5,35.5,116.5,54,0.0,0.0,65.48347789100387,263.5396749890182,0.01222604369466867,0.5,0.5185185185185185,0.0,0.0,0.6481481481481481,0.16666666666666666,0.037037037037037035
45.5,36.0,117.5,54,0.0,0.0,63.42208416156519,249.92452784752027,0.011448507440170456,0.5,0.5185185185185185,0.0,0.05555555555555555,0.5555555555555556,0.16666666666666666,0.037037037037037035
45.5,36.5,118.5,54,0.0,0.0,65.28846277995798,244.1507386499324,0.010763171392378437,0.5,0.5185185185185185,0.0,0.09259259259259259,0.5370370370370371,0.16666666666666666,0.037037037037037035
45.5,37.0,119.5,54,0.0,0.0,70.15855937106222,252.68939059532764,0.010161726909708275,0.5,0.5185185185185185,0.0,0.1111111111111111,0.5,0.16666666666666666,0.037037037037037035
45.5,37.5,120.5,54,0.0,0.0,74.56256301381468,261.4512726843681,0.009636125477385122,0.5,0.5185185185185185,0.0,0.1111111111111111,0.42592592592592593,0.16666666666666666,0.037037037037037035
45.5,38.0,121.5,54,0.0,0.0,78.50510216606865,268.6708161824912,0.00917888846466223,0.5,0.5185185185185185,0.0,0.16666666666666666,0.37037037037037035,0.16666666666666666,0.018518518518518517
45.5,38.5,122.5,54,0.0,0.0,82.01054814122418,274.99940696867117,0.008783259794940433,0.5,0.5185185185185185,0.0,0.2037037037037037,0.3148148148148148,0.16666666666666666,0.037037037037037035
45.5,39.0,123.5,54,0.0,0.0,85.0965017648882,280.5822021507763,0.00844326035060133,0.5,0.5185185185185185,0.0,0.2222222222222222,0.2777777777777778,0.16666666666666666,0.037037037037037035
45.5,39.5,124.5,54,0.0,0.0,87.9488122078956,285.14068332019104,0.008153684048436735,0.5,0.5185185185185185,0.0,0.2777777777777778,0.18518518518518517,0.16666666666666666,0.037037037037037035
45.5,40.0,125.5,54,0.0,0.0,90.41779660229955,288.50723277191634,0.007910061771738109,0.5,0.5185185185185185,0.0,0.24074074074074073,0.18518518518518517,0.16666666666666666,0.037037037037037035
46.0,10.0,66.0,54,0.0,0.0,104.11356599213372,616.2993741867332,0.018941127158277636,0.5,0.12962962962962962,0.0,0.0,0.7592592592592593,0.5925925925925926,0.14814814814814814
46.0,10.5,67.0,54,0.0,0.0,108.09684378557033,613.492390694168,0.01745978777935131,0.5,0.1111111111111111,0.0,0.0,0.7777777777777778,0.5740740740740741,0.2037037037037037
46.0,11.0,68.0,54,0.0,0.0,111.616367284679,610.6311386530344,0.016228273851472935,0.5,0.12962962962962962,0.0,0.0,0.7777777777777778,0.4074074074074074,0.2222222222222222
46.0,11.5,69.0,54,0.0,0.0,114.73268248778007,607.7078414556553,0.015092472186786079,0.5,0.1111111111111111,0.0,0.05555555555555555,0.7777777777777778,0.42592592592592593,0.24074074074074073
46.0,12.0,70.0,54,0.0,0.0,117.4943255932915,604.7149365750986,0.014130793527851874,0.5,0.12962962962962962,0.0,0.14814814814814814,0.7777777777777778,0.3148148148148148,0.3333333333333333
46.0,12.5,71.0,54,0.0,0.0,119.94007476911165,601.6450220067074,0.01333472541648503,0.5,0.16666666666666666,0.0,0.25925925925925924,0.7777777777777778,0.2777777777777778,0.2962962962962963
46.0,13.0,72.0,54,0.0,0.0,122.10067517725922,598.4908085297826,0.012679249150194373,0.5,0.18518518518518517,0.0,0.37037037037037035,0.7777777777777778,0.2222222222222222,0.35185185185185186
46.0,13.5,73.0,54,0.0,0.0,124.00014990659777,595.245076977771,0.012140036306163636,0.5,0.18518518518518517,0.0,0.4444444444444444,0.7592592592592593,0.2037037037037037,0.35185185185185186
46.0,14.0,74.0,54,0.0,0.0,125.65678429676089,591.9006398556706,0.011701493787244777,0.5,0.16666666666666666,0.0,0.48148148148148145,0.7037037037037037,0.16666666666666666,0.3333333333333333
46.0,14.5,75.0,54,0.0,0.0,127.08384984281783,588.4503067668151,0.011351491614578916,0.5,0.18518518518518517,0.0,0.42592592592592593,0.5740740740740741,0.16666666666666666,0.3148148148148148
46.0,15.0,76.0,54,0.0,0.0,128.29011676406705,584.8868532212385,0.011080660551476058,0.5,0.18518518518518517,0.0,0.35185185185185186,0.48148148148148145,0.16666666666666666,0.16666666666666666
46.0,15.5,77.0,54,0.0,0.0,129.2801908954614,581.2029924901605,0.010881873217462671,0.5,0.18518518518518517,0.0,0.3333333333333333,0.35185185185185186,0.16666666666666666,0.14814814814814814
46.0,16.0,78.0,54,0.0,0.0,130.09301372532207,577.3913502572436,0.010749861019810316,0.5,0.2037037037037037,0.0,0.2222222222222222,0.24074074074074073,0.16666666666666666,0.1111111111111111
46.0,16.5,79.0,54,0.0,0.0,130.77520789223416,573.4444418917577,0.010680933082877606,0.5,0.2222222222222222,0.0,0.12962962962962962,0.18518518518518517,0.16666666666666666,0.1111111111111111
46.0,17.0,80.0,54,0.0,0.0,131.22669541586546,569.354652240955,0.010672772896106079,0.5,0.24074074074074073,0.0,0.1111111111111111,0.18518518518518517,0.16666666666666666,0.05555555555555555
46.0,17.5,81.0,54,0.0,0.0,131.43773219719694,565.1142179053471,0.010724294942971233,0.5,0.25925925925925924,0.0,0.05555555555555555,0.18518518518518517,0.16666666666666666,0.05555555555555555
46.0,18.0,82.0,54,0.0,0.0,131.39379693417968,560.715212026116,0.010835547948625165,0.5,0.2777777777777778,0.0,0.018518518518518517,0.18518518518518517,0.16666666666666666,0.05555555555555555
46.0,18.5,83.0,54,0.0,0.0,131.07518746412862,556.1495316791263,0.0110076540887371,0.5,0.35185185185185186,0.0,0.0,0.18518518518518517,0.16666666666666666,0.05555555555555555
46.0,19.0,84.0,54,0.0,0.0,130.4564896408811,551.4088880353412,0.011242774775957752,0.5,0.4074074074074074,0.0,0.0,0.16666666666666666,0.16666666666666666,0.05555555555555555
46.0,19.5,85.0,54,0.0,0.0,129.5059277812128,546.484799514135,0.011544093507120812,0.5,0.4444444444444444,0.0,0.0,0.18518518518518517,0.16666666666666666,0.05555555555555555
46.0,20.0,86.0,54,0.0,0.0,128.18461719934152,541.3685882289898,0.011915804529324558,0.5,0.4444444444444444,0.0,0.0,0.2037037037037037,0.16666666666666666,0.037037037037037035
46.0,20.5,87.0,54,0.0,0.0,126.44576109288174,536.0513800958151,0.012363092360970636,0.5,0.5,0.0,0.0,0.2222222222222222,0.16666666666666666,0.037037037037037035
46.0,21.0,88.0,54,0.0,0.0,124.2154139083005,530.5241090565236,0.012892080838327862,0.5,0.5555555555555556,0.0,0.0,0.25925925925925924,0.14814814814814814,0.037037037037037035
46.0,21.5,89.0,54,0.0,0.0,121.39090981500408,524.7775259510523,0.013509720464227595,0.5,0.6111111111111112,0.0,0.0,0.2777777777777778,0.14814814814814814,0.037037037037037035
46.0,22.0,90.0,54,0.0,0.0,117.886398580308,518.8022126625101,0.014223568375982635,0.5,0.6666666666666666,0.0,0.0,0.2962962962962963,0.14814814814814814,0.037037037037037035
46.0,22.5,91.0,54,0.0,0.0,113.69033880505391,512.5886022540192,0.01504228592878592,0.5,0.7222222222222222,0.0,0.0,0.3333333333333333,0.14814814814814814,0.037037037037037035
46.0,23.0,92.0,54,0.0,0.0,108.7573774087656,506.26854265368286,0.01597423772298173,0.5,0.7777777777777778,0.0,0.0,0.3333333333333333,0.14814814814814814,0.037037037037037035
46.0,23.5,93.0,54,0.0,0.0,103.0335812586015,499.8375401047939,0.01702229118552571,0.5,0.7962962962962963,0.0,0.0,0.3148148148148148,0.14814814814814814,0.037037037037037035
46.0,24.0,94.0,54,0.0,0.0,96.49793333732458,493.167027474924,0.018188997375723902,0.5,0.8703703703703703,0.0,0.0,0.3148148148148148,0.12962962962962962,0.037037037037037035
46.0,24.5,95.0,54,0.0,0.0,89.76184251206777,486.24850930378943,0.019471586530732506,0.5,0.9444444444444444,0.0,0.0,0.3148148148148148,0.1111111111111111,0.05555555555555555
46.0,25.0,96.0,54,0.0,0.0,85.68247909282191,479.0735590974015,0.020859010909684915,0.5,0.9629629629629629,0.0,0.0,0.3148148148148148,0.1111111111111111,0.05555555555555555
46.0,25.5,97.0,54,0.0,0.0,85.06653537798002,471.48596541147117,0.022331451799877524,0.5,1.0,0.0,0.0,0.3148148148148148,0.1111111111111111,0.05555555555555555
46.0,26.0,98.0,54,0.0,0.0,84.84285756740702,463.517582826475,0.023851258816029373,0.5,1.0,0.0,0.0,0.3148148148148148,0.1111111111111111,0.05555555555555555
46.0,26.5,99.0,54,0.0,0.0,84.5409078970935,455.24924567915224,0.025358959152994763,0.5,1.0,0.0,0.0,0.3148148148148148,0.1111111111111111,0.09259259259259259
46.0,27.0,100.0,54,0.0,0.0,84.15706621465242,447.0071935920855,0.026777177708479056,0.5,1.0,0.0,0.0,0.3148148148148148,0.14814814814814814,0.1111111111111111
46.0,27.5,101.0,54,0.0,0.0,83.68759872342825,438.5684424761884,0.02801234412115733,0.5,1.0,0.0,0.0,0.3148148148148148,0.2962962962962963,0.2222222222222222
46.0,28.0,102.0,54,0.0,0.0,83.12867846498997,429.836740538849,0.028964396230790116,0.5,1.0,0.0,0.0,0.4074074074074074,0.9444444444444444,0.24074074074074073
46.0,28.5,103.0,54,0.0,0.0,82.58062540153625,420.71527320228466,0.029542376191405335,0.5,1.0,0.0,0.46296296296296297,0.5370370370370371,0.9444444444444444,0.5
46.0,29.0,104.0,54,0.0,0.0,81.92409105249956,411.0594872325326,0.029682681926114868,0.5,0.9814814814814815,0.0,0.5,0.5925925925925926,0.9814814814814815,0.5
46.0,29.5,105.0,54,0.0,0.0,81.12498509035943,401.07923912094753,0.029364024657983274,0.5,0.9444444444444444,0.0,0.5,0.5370370370370371,0.9814814814814815,0.5
46.0,30.0,106.0,54,0.0,0.0,80.22636494739538,390.7720257491613,0.028613056776312967,0.5,0.8888888888888888,0.0,0.5,0.5185185185185185,0.9444444444444444,0.5
46.0,30.5,107.0,54,0.0,0.12962962962962962,79.31191458490179,380.4526714853586,0.027498126694419162,0.5,0.8333333333333334,0.12962962962962962,0.5,0.6296296296296297,0.5,0.35185185185185186
46.0,31.0,108.0,54,0.0,0.42592592592592593,78.37815847580518,369.8969804719903,0.026113811108021613,0.5,0.7777777777777778,0.4444444444444444,0.42592592592592593,0.7037037037037037,0.3888888888888889,0.2037037037037037
46.0,31.5,109.0,54,0.0,0.05555555555555555,77.21625041399115,358.64146665153095,0.02456235786792069,0.5,0.7037037037037037,0.5,0.05555555555555555,0.7592592592592593,0.2777777777777778,0.16666666666666666
46.0,32.0,110.0,54,0.0,0.0,76.02747981930582,347.43104305462305,0.02293804180977304,0.5,0.6296296296296297,0.5,0.0,0.7592592592592593,0.2222222222222222,0.16666666666666666
46.0,32.5,111.0,54,0.0,0.0,74.67454033319372,335.920646163017,0.02131764772010129,0.5,0.6111111111111112,0.5,0.0,0.7777777777777778,0.18518518518518517,0.12962962962962962
46.0,33.0,112.0,54,0.0,0.0,73.30407954620945,324.1191712697312,0.019757177409524214,0.5,0.5925925925925926,0.5,0.0,0.7777777777777778,0.16666666666666666,0.1111111111111111
46.0,33.5,113.0,54,0.0,0.0,71.80016351238153,312.038295980835,0.018296661502658632,0.5,0.5740740740740741,0.5,0.0,0.7777777777777778,0.16666666666666666,0.07407407407407407
46.0,34.0,114.0,54,0.0,0.0,70.12901961182658,299.54956558016636,0.016951502213822883,0.5,0.5555555555555556,0.4444444444444444,0.0,0.7777777777777778,0.16666666666666666,0.05555555555555555
46.0,34.5,115.0,54,0.0,0.0,68.37433122210136,286.6296506350384,0.015729794024410274,0.5,0.5370370370370371,0.25925925925925924,0.0,0.7592592592592593,0.16666666666666666,0.05555555555555555
46.0,35.0,116.0,54,0.0,0.0,66.55870158814926,273.4809975292986,0.01463197316534374,0.5,0.5370370370370371,0.1111111111111111,0.0,0.7222222222222222,0.16666666666666666,0.05555555555555555
46.0,35.5,117.0,54,0.0,0.0,64.62374543790938,260.130999363197,0.013653359010497598,0.5,0.5185185185185185,0.0,0.037037037037037035,0.6296296296296297,0.16666666666666666,0.05555555555555555
46.0,36.0,118.0,54,0.0,0.0,62.5706247723365,246.61134916514177,0.012786389613947244,0.5,0.5185185185185185,0.0,0.05555555555555555,0.5555555555555556,0.16666666666666666,0.05555555555555555
46.0,36.5,119.0,54,0.0,0.0,65.10820919368271,242.8914561174465,0.012022165888575223,0.5,0.5185185185185185,0.0,0.16666666666666666,0.5370370370370371,0.16666666666666666,0.037037037037037035
46.0,37.0,120.0,54,0.0,0.0,69.99470943023915,252.37252552512615,0.011353827236604162,0.5,0.5185185185185185,0.0,0.16666666666666666,0.5185185185185185,0.16666666666666666,0.037037037037037035
46.0,37.5,121.0,54,0.0,0.0,74.39699828719712,261.02743395079705,0.010771152931140084,0.5,0.5185185185185185,0.0,0.2037037037037037,0.4444444444444444,0.16666666666666666,0.037037037037037035
46.0,38.0,122.0,54,0.0,0.0,78.33849423834879,268.2481789730775,0.010265048231023182,0.5,0.5185185185185185,0.0,0.2222222222222222,0.37037037037037035,0.16666666666666666,0.037037037037037035
46.0,38.5,123.0,54,0.0,0.0,81.8157040347955,274.75308009623103,0.009827960554840623,0.5,0.5185185185185185,0.0,0.3333333333333333,0.2962962962962963,0.16666666666666666,0.037037037037037035
46.0,39.0,124.0,54,0.0,0.0,85.00715876504567,280.3401947579627,0.00945321978461657,0.5,0.5185185185185185,0.0,0.35185185185185186,0.25925925925925924,0.14814814814814814,0.037037037037037035
46.0,39.5,125.0,54,0.0,0.0,87.85268669505159,284.8382100690894,0.009135031162293205,0.5,0.5185185185185185,0.0,0.3888888888888889,0.2037037037037037,0.14814814814814814,0.037037037037037035
46.0,40.0,126.0,54,0.0,0.0,90.31945343714405,288.1878097831993,0.008868433006159514,0.5,0.5185185185185185,0.0,0.3888888888888889,0.16666666666666666,0.14814814814814814,0.037037037037037035
46.5,10.0,66.5,54,0.0,0.0,103.84572929717106,609.7796203469779,0.02117455935110017,0.5,0.1111111111111111,0.0,0.0,0.7777777777777778,0.5740740740740741,0.14814814814814814
46.5,10.5,67.5,54,0.0,0.0,107.8408646688088,607.0909904402675,0.019521818552512223,0.5,0.09259259259259259,0.0,0.0,0.7962962962962963,0.5740740740740741,0.2037037037037037
46.5,11.0,68.5,54,0.0,0.0,111.37097899857584,604.3393810140151,0.018147346047307965,0.5,0.09259259259259259,0.0,0.037037037037037035,0.7962962962962963,0.42592592592592593,0.2222222222222222
46.5,11.5,69.5,54,0.0,0.0,114.49662573199979,601.5176296841705,0.017001226461908832,0.5,0.09259259259259259,0.0,0.05555555555555555,0.7962962962962963,0.4444444444444444,0.24074074074074073
46.5,12.0,70.5,54,0.0,0.0,117.26638722095531,598.618731408889,0.016044929182270094,0.5,0.1111111111111111,0.0,0.2222222222222222,0.7962962962962963,0.3333333333333333,0.3333333333333333
46.5,12.5,71.5,54,0.0,0.0,119.71910503895637,595.6357918952166,0.015248494768956497,0.5,0.12962962962962962,0.0,0.3333333333333333,0.7962962962962963,0.2777777777777778,0.3148148148148148
46.5,13.0,72.5,54,0.0,0.0,121.88559275605948,592.5619859547992,0.014588503979785623,0.5,0.16666666666666666,0.0,0.42592592592592593,0.7777777777777778,0.2222222222222222,0.35185185185185186
46.5,13.5,73.5,54,0.0,0.0,123.78994006000813,589.3905201356869,0.01404659732544026,0.5,0.18518518518518517,0.0,0.5,0.7407407407407407,0.16666666666666666,0.35185185185185186
46.5,14.0,74.5,54,0.0,0.0,125.45049349098373,586.1145990845692,0.013540887557153176,0.5,0.18518518518518517,0.0,0.5,0.7222222222222222,0.16666666666666666,0.3333333333333333
46.5,14.5,75.5,54,0.0,0.0,126.88057867289203,582.727395199297,0.01312830018458385,0.5,0.18518518518518517,0.0,0.5,0.5555555555555556,0.16666666666666666,0.2962962962962963
46.5,15.0,76.5,54,0.0,0.0,128.08901235786507,579.2220212262619,0.012807172204050612,0.5,0.18518518518518517,0.0,0.4444444444444444,0.46296296296296297,0.16666666666666666,0.16666666666666666
46.5,15.5,77.5,54,0.0,0.0,129.08043950191006,575.5915055368613,0.012569127116900024,0.5,0.2037037037037037,0.0,0.3888888888888889,0.35185185185185186,0.16666666666666666,0.12962962962962962
46.5,16.0,78.5,54,0.0,0.0,129.87885145541924,571.8287698930963,0.012407926446221722,0.5,0.2222222222222222,0.0,0.3333333333333333,0.2222222222222222,0.16666666666666666,0.1111111111111111
46.5,16.5,79.5,54,0.0,0.0,130.56124942215666,567.9266095790459,0.012319141136867473,0.5,0.25925925925925924,0.0,0.2222222222222222,0.2037037037037037,0.16666666666666666,0.07407407407407407
46.5,17.0,80.5,54,0.0,0.0,131.01208371814178,563.8776758393034,0.012299911800257001,0.5,0.25925925925925924,0.0,0.1111111111111111,0.2037037037037037,0.16666666666666666,0.05555555555555555
46.5,17.5,81.5,54,0.0,0.0,131.2216316724806,559.6744606257213,0.012348777271924625,0.5,0.2777777777777778,0.0,0.1111111111111111,0.18518518518518517,0.16666666666666666,0.05555555555555555
46.5,18.0,82.5,54,0.0,0.0,131.1753910486784,555.3092837155098,0.012465555932720673,0.5,0.3148148148148148,0.0,0.05555555555555555,0.18518518518518517,0.16666666666666666,0.05555555555555555
46.5,18.5,83.5,54,0.0,0.0,130.8536794875404,550.7742823234265,0.012651267333747437,0.5,0.35185185185185186,0.0,0.0,0.18518518518518517,0.16666666666666666,0.05555555555555555
46.5,19.0,84.5,54,0.0,0.0,130.23110755815674,546.0614033920206,0.012908083141947302,0.5,0.4074074074074074,0.0,0.0,0.18518518518518517,0.16666666666666666,0.037037037037037035
46.5,19.5,85.5,54,0.0,0.0,129.27593486481962,541.1623988099423,0.013239296334184547,0.5,0.46296296296296297,0.0,0.0,0.2037037037037037,0.16666666666666666,0.037037037037037035
46.5,20.0,86.5,54,0.0,0.0,127.94933027882291,536.0688238731049,0.013649295738169588,0.5,0.48148148148148145,0.0,0.0,0.2222222222222222,0.14814814814814814,0.037037037037037035
46.5,20.5,87.5,54,0.0,0.0,126.20457925916713,530.7720393770885,0.014143529046776406,0.5,0.5185185185185185,0.0,0.0,0.24074074074074073,0.14814814814814814,0.037037037037037035
46.5,21.0,88.5,54,0.0,0.0,123.98527230559498,525.2632178031524,0.014728430678373828,0.5,0.5740740740740741,0.0,0.0,0.2777777777777778,0.14814814814814814,0.018518518518518517
46.5,21.5,89.5,54,0.0,0.0,121.17997135209096,519.5333541417292,0.015411280459539593,0.5,0.6481481481481481,0.0,0.0,0.2777777777777778,0.12962962962962962,0.018518518518518517
46.5,22.0,90.5,54,0.0,0.0,117.69664309708911,513.5732819829732,0.01619994409933174,0.5,0.7037037037037037,0.0,0.0,0.2962962962962963,0.12962962962962962,0.018518518518518517
46.5,22.5,91.5,54,0.0,0.0,113.49614771765988,507.51920355085167,0.01710242606610932,0.5,0.7592592592592593,0.0,0.0,0.3333333333333333,0.1111111111111111,0.018518518518518517
46.5,23.0,92.5,54,0.0,0.0,108.52126600568943,501.33582931844785,0.018126140057022653,0.5,0.7962962962962963,0.0,0.0,0.3148148148148148,0.1111111111111111,0.018518518518518517
46.5,23.5,93.5,54,0.0,0.0,102.7943781755094,494.920737155606,0.01927961057104407,0.5,0.8333333333333334,0.0,0.0,0.3148148148148148,0.09259259259259259,0.018518518518518517
46.5,24.0,94.5,54,0.0,0.0,96.10035085183718,488.2656610656937,0.020597702807466714,0.5,0.8888888888888888,0.0,0.0,0.3148148148148148,0.09259259259259259,0.037037037037037035
46.5,24.5,95.5,54,0.0,0.0,88.64565828021952,481.36236736107566,0.022048173375933403,0.5,0.9629629629629629,0.0,0.0,0.3148148148148148,0.1111111111111111,0.037037037037037035
46.5,25.0,96.5,54,0.0,0.0,84.60885757890772,474.1651439700484,0.0236187384853753,0.5,0.9814814814814815,0.0,0.0,0.3148148148148148,0.1111111111111111,0.037037037037037035
46.5,25.5,97.5,54,0.0,0.0,84.1047975203326,466.5015406660194,0.02528364077248681,0.5,1.0,0.0,0.0,0.3148148148148148,0.1111111111111111,0.037037037037037035
46.5,26.0,98.5,54,0.0,0.0,83.86970599133684,458.5473625174333,0.026999267468905352,0.5,1.0,0.0,0.0,0.3148148148148148,0.1111111111111111,0.037037037037037035
46.5,26.5,99.5,54,0.0,0.0,83.55641766893432,450.4262360780144,0.028700605811332283,0.5,1.0,0.0,0.0,0.3148148148148148,0.1111111111111111,0.09259259259259259
46.5,27.0,100.5,54,0.0,0.0,83.16138801304885,442.2935068047673,0.030300374614485977,0.5,1.0,0.0,0.0,0.3148148148148148,0.1111111111111111,0.12962962962962962
46.5,27.5,101.5,54,0.0,0.0,82.68096809624087,433.875604363284,0.031693143463254254,0.5,1.0,0.0,0.0,0.3333333333333333,0.25925925925925924,0.2222222222222222
46.5,28.0,102.5,54,0.0,0.0,82.18004238769997,425.1666735229727,0.03276627352603205,0.5,1.0,0.0,0.0,0.4444444444444444,0.9444444444444444,0.24074074074074073
46.5,28.5,103.5,54,0.0,0.0,81.62391420700395,415.95574021823285,0.03341745298951306,0.5,1.0,0.0,0.48148148148148145,0.6666666666666666,0.9629629629629629,0.5
46.5,29.0,104.5,54,0.0,0.0,80.92519252483616,406.32680222287854,0.03357518424627744,0.5,1.0,0.0,0.5,0.7222222222222222,1.0,0.5
46.5,29.5,105.5,54,0.0,0.0,80.11752763568776,396.3769272758413,0.033215555645394204,0.5,0.9814814814814815,0.0,0.5,0.5925925925925926,1.0,0.5
46.5,30.0,106.5,54,0.0,0.0,79.26124327518114,386.1040826374905,0.03236854593828315,0.5,0.8888888888888888,0.0,0.5,0.7037037037037037,0.9444444444444444,0.5
46.5,30.5,107.5,54,0.0,0.12962962962962962,78.34605000233886,375.94528068762975,0.031111019677413282,0.5,0.8333333333333334,0.12962962962962962,0.5,0.6666666666666666,0.5,0.35185185185185186
46.5,31.0,108.5,54,0.0,0.4444444444444444,77.39399208870996,365.26170902553633,0.02954937820943647,0.5,0.8148148148148148,0.46296296296296297,0.4444444444444444,0.7592592592592593,0.3888888888888889,0.2037037037037037
46.5,31.5,109.5,54,0.0,0.07407407407407407,76.23760459074637,354.2132090503711,0.02779872837765302,0.5,0.7592592592592593,0.5,0.07407407407407407,0.7777777777777778,0.25925925925925924,0.16666666666666666
46.5,32.0,110.5,54,0.0,0.0,75.03302326700778,343.0559079249341,0.025965294666248234,0.5,0.7037037037037037,0.5,0.0,0.7777777777777778,0.2222222222222222,0.14814814814814814
46.5,32.5,111.5,54,0.0,0.0,73.67747162005475,331.6043170924451,0.024150463626784094,0.5,0.6481481481481481,0.5,0.0,0.7962962962962963,0.16666666666666666,0.1111111111111111
46.5,33.0,112.5,54,0.0,0.0,72.3058322202725,319.8677628812379,0.0224329132378827,0.5,0.6111111111111112,0.5,0.0,0.7962962962962963,0.16666666666666666,0.1111111111111111
46.5,33.5,113.5,54,0.0,0.0,70.79489562998162,307.85833535441833,0.0208126615588886,0.5,0.5925925925925926,0.5,0.0,0.7962962962962963,0.16666666666666666,0.05555555555555555
46.5,34.0,114.5,54,0.0,0.0,69.12584682678953,295.38401216151715,0.019314175670294094,0.5,0.5925925925925926,0.4444444444444444,0.0,0.7777777777777778,0.16666666666666666,0.05555555555555555
46.5,34.5,115.5,54,0.0,0.0,67.37478165501211,282.5517092797214,0.017948671318362794,0.5,0.5555555555555556,0.2777777777777778,0.0,0.7777777777777778,0.16666666666666666,0.05555555555555555
46.5,35.0,116.5,54,0.0,0.0,65.56513352792133,269.498809267228,0.01671810433171088,0.5,0.5555555555555556,0.1111111111111111,0.0,0.7222222222222222,0.16666666666666666,0.05555555555555555
46.5,35.5,117.5,54,0.0,0.0,63.63832894549862,256.25295574542383,0.015618468514451558,0.5,0.5555555555555556,0.0,0.05555555555555555,0.6111111111111112,0.16666666666666666,0.037037037037037035
46.5,36.0,118.5,54,0.0,0.0,61.59567887066334,242.8460112154824,0.014642281061304708,0.5,0.5555555555555556,0.0,0.12962962962962962,0.5740740740740741,0.16666666666666666,0.037037037037037035
46.5,36.5,119.5,54,0.0,0.0,64.92386076785016,242.33742870590672,0.013780331904799503,0.5,0.5555555555555556,0.0,0.16666666666666666,0.5555555555555556,0.16666666666666666,0.037037037037037035
46.5,37.0,120.5,54,0.0,0.0,69.80729352182188,252.01126830272645,0.013022845288474576,0.5,0.5555555555555556,0.0,0.16666666666666666,0.5,0.16666666666666666,0.037037037037037035
46.5,37.5,121.5,54,0.0,0.0,74.20762330014698,260.35881745304727,0.012360207391097777,0.5,0.5370370370370371,0.0,0.2222222222222222,0.4074074074074074,0.14814814814814814,0.018518518518518517
46.5,38.0,122.5,54,0.0,0.0,78.12014018002164,267.9085734266846,0.01178339106223043,0.5,0.5370370370370371,0.0,0.2777777777777778,0.35185185185185186,0.14814814814814814,0.018518518518518517
46.5,38.5,123.5,54,0.0,0.0,81.67710565132528,274.4753799607518,0.01128417857598142,0.5,0.5370370370370371,0.0,0.3333333333333333,0.3148148148148148,0.14814814814814814,0.018518518518518517
46.5,39.0,124.5,54,0.0,0.0,84.90528354602972,280.0673871803819,0.010855255331092528,0.5,0.5370370370370371,0.0,0.3888888888888889,0.25925925925925924,0.14814814814814814,0.018518518518518517
46.5,39.5,125.5,54,0.0,0.0,87.74233612218687,284.4916378790695,0.010490224899813574,0.5,0.5370370370370371,0.0,0.4074074074074074,0.2037037037037037,0.12962962962962962,0.018518518518518517
46.5,40.0,126.5,54,0.0,0.0,90.10621039370042,287.82295995443314,0.01018357904610022,0.5,0.5370370370370371,0.0,0.4444444444444444,0.16666666666666666,0.12962962962962962,0.018518518518518517
47.0,10.0,67.0,54,0.0,0.0,103.54091606309817,602.2384816941141,0.023707116607982356,0.5,0.09259259259259259,0.0,0.0,0.7962962962962963,0.5740740740740741,0.14814814814814814
47.0,10.5,68.0,54,0.0,0.0,107.54944175256304,599.6838583744659,0.02186094929074718,0.5,0.09259259259259259,0.0,0.0,0.7962962962962963,0.5925925925925926,0.18518518518518517
47.0,11.0,69.0,54,0.0,0.0,111.09153247504157,597.0565528093175,0.020325028815198813,0.5,0.09259259259259259,0.0,0.05555555555555555,0.7962962962962963,0.4444444444444444,0.2037037037037037
47.0,11.5,70.0,54,0.0,0.0,114.22774334303585,594.3500764067851,0.019043869694137506,0.5,0.07407407407407407,0.0,0.14814814814814814,0.7962962962962963,0.4444444444444444,0.24074074074074073
47.0,12.0,71.0,54,0.0,0.0,117.00670416838317,591.5580373286797,0.017974603268332064,0.5,0.09259259259259259,0.0,0.2777777777777778,0.8148148148148148,0.3333333333333333,0.3333333333333333
47.0,12.5,72.0,54,0.0,0.0,119.46732493846923,588.6741012647237,0.01708387184544678,0.5,0.09259259259259259,0.0,0.3888888888888889,0.8148148148148148,0.2777777777777778,0.3148148148148148
47.0,13.0,73.0,54,0.0,0.0,121.64049432224998,585.6919562570147,0.0163455829940997,0.5,0.12962962962962962,0.0,0.5,0.7962962962962963,0.2222222222222222,0.37037037037037035
47.0,13.5,74.0,54,0.0,0.0,123.55037579343295,582.6052810440972,0.015739270270928144,0.5,0.16666666666666666,0.0,0.5,0.7592592592592593,0.16666666666666666,0.35185185185185186
47.0,14.0,75.0,54,0.0,0.0,125.21538409961155,579.4077164978005,0.01524888665824783,0.5,0.2037037037037037,0.0,0.5,0.6666666666666666,0.16666666666666666,0.35185185185185186
47.0,14.5,76.0,54,0.0,0.0,126.64890545797,576.09283981253,0.014861910616106559,0.5,0.24074074074074073,0.0,0.5,0.5555555555555556,0.16666666666666666,0.2962962962962963
47.0,15.0,77.0,54,0.0,0.0,127.8598089094158,572.6541411853478,0.014568680903670864,0.5,0.24074074074074073,0.0,0.5,0.4074074074074074,0.16666666666666666,0.16666666666666666
47.0,15.5,78.0,54,0.0,0.0,128.8527835383402,569.0850027950124,0.014361901052500223,0.5,0.24074074074074073,0.0,0.4444444444444444,0.35185185185185186,0.16666666666666666,0.1111111111111111
47.0,16.0,79.0,54,0.0,0.0,129.63311681443028,565.3786799501571,0.014236271384075,0.5,0.24074074074074073,0.0,0.3888888888888889,0.2222222222222222,0.16666666666666666,0.1111111111111111
47.0,16.5,80.0,54,0.0,0.0,130.31576611092805,561.5282843370678,0.014188218235028357,0.5,0.2777777777777778,0.0,0.3148148148148148,0.2037037037037037,0.16666666666666666,0.05555555555555555
47.0,17.0,81.0,54,0.0,0.0,130.76587406525843,557.5267693538802,0.01421569819883613,0.5,0.2962962962962963,0.0,0.2037037037037037,0.18518518518518517,0.16666666666666666,0.05555555555555555
47.0,17.5,82.0,54,0.0,0.0,130.973742945881,553.3669175724118,0.014304936781292152,0.5,0.2962962962962963,0.0,0.1111111111111111,0.18518518518518517,0.16666666666666666,0.05555555555555555
47.0,18.0,83.0,54,0.0,0.0,130.92489298204748,549.0413304248484,0.014439993789713276,0.5,0.3148148148148148,0.0,0.07407407407407407,0.18518518518518517,0.16666666666666666,0.037037037037037035
47.0,18.5,84.0,54,0.0,0.0,130.59966536726088,544.5424202674428,0.014654745946605017,0.5,0.35185185185185186,0.0,0.05555555555555555,0.2037037037037037,0.16666666666666666,0.037037037037037035
47.0,19.0,85.0,54,0.0,0.0,129.9727001082099,539.8624050325365,0.014951690980647083,0.5,0.4444444444444444,0.0,0.0,0.2037037037037037,0.14814814814814814,0.037037037037037035
47.0,19.5,86.0,54,0.0,0.0,129.01229863684085,534.9933057389459,0.015334616701634055,0.5,0.5,0.0,0.0,0.2222222222222222,0.14814814814814814,0.018518518518518517
47.0,20.0,87.0,54,0.0,0.0,127.67969287903819,529.9269471957625,0.015808570180221877,0.5,0.5185185185185185,0.0,0.0,0.24074074074074073,0.12962962962962962,0.018518518518518517
47.0,20.5,88.0,54,0.0,0.0,125.92826453731452,524.6549623025898,0.016379813101180793,0.5,0.5185185185185185,0.0,0.0,0.2777777777777778,0.12962962962962962,0.018518518518518517
47.0,21.0,89.0,54,0.0,0.0,123.7027962734315,519.1688004202547,0.017055735948547944,0.5,0.6111111111111112,0.0,0.0,0.2777777777777778,0.1111111111111111,0.018518518518518517
47.0,21.5,90.0,54,0.0,0.0,120.91054761436202,513.4597403646409,0.017844691710063504,0.5,0.6851851851851852,0.0,0.0,0.2962962962962963,0.09259259259259259,0.018518518518518517
47.0,22.0,91.0,54,0.0,0.0,117.482165373213,507.7256946604809,0.01875569255324022,0.5,0.7592592592592593,0.0,0.0,0.3148148148148148,0.09259259259259259,0.018518518518518517
47.0,22.5,92.0,54,0.0,0.0,113.27673391178635,501.7876099433019,0.019797889616457037,0.5,0.7592592592592593,0.0,0.0,0.3148148148148148,0.09259259259259259,0.018518518518518517
47.0,23.0,93.0,54,0.0,0.0,108.29367350388941,495.62507235480365,0.020979727074405388,0.5,0.8333333333333334,0.0,0.0,0.3148148148148148,0.09259259259259259,0.018518518518518517
47.0,23.5,94.0,54,0.0,0.0,102.52226663446007,489.230104193862,0.022307630481435015,0.5,0.8703703703703703,0.0,0.0,0.3148148148148148,0.07407407407407407,0.037037037037037035
47.0,24.0,95.0,54,0.0,0.0,95.83508769447451,482.5947303443714,0.023784066097904347,0.5,0.9444444444444444,0.0,0.0,0.3148148148148148,0.07407407407407407,0.037037037037037035
47.0,24.5,96.0,54,0.0,0.0,88.12719146747241,475.7110211359064,0.025404814307709727,0.5,0.9629629629629629,0.0,0.0,0.3148148148148148,0.07407407407407407,0.037037037037037035
47.0,25.0,97.0,54,0.0,0.0,83.37066530802197,468.388488679555,0.02715537622533554,0.5,1.0,0.0,0.0,0.3148148148148148,0.05555555555555555,0.037037037037037035
47.0,25.5,98.0,54,0.0,0.0,82.98748536192006,460.74280880305895,0.029006638678671162,0.5,1.0,0.0,0.0,0.3148148148148148,0.05555555555555555,0.037037037037037035
47.0,26.0,99.0,54,0.0,0.0,82.73974423588461,452.80767469910967,0.030910327168598005,0.5,1.0,0.0,0.0,0.3148148148148148,0.05555555555555555,0.05555555555555555
47.0,26.5,100.0,54,0.0,0.0,82.4139396287381,444.9600339705648,0.03279540606670814,0.5,1.0,0.0,0.0,0.3148148148148148,0.07407407407407407,0.09259259259259259
47.0,27.0,101.0,54,0.0,0.0,82.00661634215255,436.8521275533761,0.03456732292841812,0.5,1.0,0.0,0.0,0.3148148148148148,0.07407407407407407,0.12962962962962962
47.0,27.5,102.0,54,0.0,0.0,81.56394350987621,428.46097852646164,0.03611244873521244,0.5,1.0,0.0,0.0,0.37037037037037035,0.24074074074074073,0.2037037037037037
47.0,28.0,103.0,54,0.0,0.0,81.08087374350747,419.75358601788355,0.037309559664570405,0.5,1.0,0.0,0.0,0.48148148148148145,0.9259259259259259,0.24074074074074073
47.0,28.5,104.0,54,0.0,0.0,80.49113320735135,410.47285564790786,0.03804812015520614,0.5,1.0,0.0,0.5,0.6666666666666666,1.0,0.5
47.0,29.0,105.0,54,0.0,0.0,79.76895550212701,400.8782284522123,0.03824969070044342,0.5,1.0,0.0,0.5,0.7222222222222222,1.0,0.5
47.0,29.5,106.0,54,0.0,0.0,78.95220568705436,390.9668509178265,0.0378857101263918,0.5,1.0,0.0,0.5,0.7037037037037037,1.0,0.5
47.0,30.0,107.0,54,0.0,0.0,78.13158943394907,380.81942564675495,0.03698471055157378,0.5,0.9629629629629629,0.0,0.5,0.7592592592592593,0.9444444444444444,0.5
47.0,30.5,108.0,54,0.0,0.14814814814814814,77.22888786085116,370.7616942698247,0.03562582624020174,0.5,0.8333333333333334,0.14814814814814814,0.5,0.7407407407407407,0.5,0.37037037037037035
47.0,31.0,109.0,54,0.0,0.46296296296296297,76.22839529762938,359.9412103755726,0.033921292612244074,0.5,0.8333333333333334,0.46296296296296297,0.46296296296296297,0.7962962962962963,0.37037037037037035,0.2037037037037037
47.0,31.5,110.0,54,0.0,0.12962962962962962,75.10754824214698,349.1288749809464,0.03199475410605802,0.5,0.7777777777777778,0.5,0.12962962962962962,0.7962962962962963,0.25925925925925924,0.18518518518518517
47.0,32.0,111.0,54,0.0,0.0,73.88641797736652,338.0364149266865,0.029962356803533725,0.5,0.7407407407407407,0.5,0.0,0.7962962962962963,0.2222222222222222,0.14814814814814814
47.0,32.5,112.0,54,0.0,0.0,72.52781577545286,326.65625274879346,0.02792064900130934,0.5,0.7037037037037037,0.5,0.0,0.7962962962962963,0.16666666666666666,0.1111111111111111
47.0,33.0,113.0,54,0.0,0.0,71.15578517435705,314.9981893198439,0.025941764557290976,0.5,0.6481481481481481,0.5,0.0,0.7962962962962963,0.16666666666666666,0.05555555555555555
47.0,33.5,114.0,54,0.0,0.0,69.63861413647253,303.0747647815021,0.02407409202760008,0.5,0.6481481481481481,0.5,0.0,0.7962962962962963,0.16666666666666666,0.05555555555555555
47.0,34.0,115.0,54,0.0,0.0,67.97305084120671,290.62511075874505,0.0223459998670897,0.5,0.6111111111111112,0.4444444444444444,0.0,0.7962962962962963,0.16666666666666666,0.05555555555555555
47.0,34.5,116.0,54,0.0,0.0,66.22607208733424,277.8975011360628,0.020770607590209662,0.5,0.5925925925925926,0.2777777777777778,0.0,0.7777777777777778,0.16666666666666666,0.05555555555555555
47.0,35.0,117.0,54,0.0,0.037037037037037035,64.42440015553751,264.95855524752375,0.01935035344189404,0.5,0.5925925925925926,0.1111111111111111,0.037037037037037035,0.7407407407407407,0.16666666666666666,0.037037037037037035
47.0,35.5,118.0,54,0.0,0.0,62.50808585053316,251.8361644289804,0.018080778840730213,0.5,0.5555555555555556,0.0,0.05555555555555555,0.6296296296296297,0.16666666666666666,0.037037037037037035
47.0,36.0,119.0,54,0.0,0.0,60.58157940695769,238.56234305884485,0.01695338740432789,0.5,0.5555555555555556,0.0,0.16666666666666666,0.5555555555555556,0.16666666666666666,0.018518518518518517
47.0,36.5,120.0,54,0.0,0.0,64.71162780940124,241.64692660471184,0.015957661996350413,0.5,0.5555555555555556,0.0,0.16666666666666666,0.5370370370370371,0.14814814814814814,0.018518518518518517
47.0,37.0,121.0,54,0.0,0.0,69.58078328170201,251.18429427091814,0.0150824073877603,0.5,0.5555555555555556,0.0,0.2037037037037037,0.46296296296296297,0.14814814814814814,0.018518518518518517
47.0,37.5,122.0,54,0.0,0.0,73.95342261948257,259.9885305928884,0.01431659377127656,0.5,0.5555555555555556,0.0,0.2222222222222222,0.42592592592592593,0.14814814814814814,0.018518518518518517
47.0,38.0,123.0,54,0.0,0.0,77.93448790620994,267.52040631032304,0.013649851076317962,0.5,0.5555555555555556,0.0,0.3333333333333333,0.37037037037037035,0.12962962962962962,0.018518518518518517
47.0,38.5,124.0,54,0.0,0.0,81.56026917648144,274.16054292961036,0.0130727298839921,0.5,0.5555555555555556,0.0,0.3333333333333333,0.3148148148148148,0.12962962962962962,0.018518518518518517
47.0,39.0,125.0,54,0.0,0.0,84.78812145702986,279.7096439358331,0.01257681284084066,0.5,0.5555555555555556,0.0,0.3888888888888889,0.24074074074074073,0.09259259259259259,0.018518518518518517
47.0,39.5,126.0,54,0.0,0.0,87.54218250827044,284.066114724015,0.01215473468375719,0.5,0.5555555555555556,0.0,0.46296296296296297,0.16666666666666666,0.09259259259259259,0.018518518518518517
47.0,40.0,127.0,54,0.0,0.0,89.95883107392748,287.40394443912174,0.011800149721437867,0.5,0.5555555555555556,0.0,0.5,0.16666666666666666,0.09259259259259259,0.018518518518518517
47.5,10.0,67.5,54,0.0,0.0,103.19227862666625,593.5762118607079,0.026618836299917157,0.5,0.09259259259259259,0.0,0.0,0.8148148148148148,0.5740740740740741,0.14814814814814814
47.5,10.5,68.5,54,0.0,0.0,107.21597913401979,591.1060437751996,0.024545507065220948,0.5,0.07407407407407407,0.0,0.05555555555555555,0.8148148148148148,0.5740740740740741,0.18518518518518517
47.5,11.0,69.5,54,0.0,0.0,110.77166414917787,588.6192412156325,0.022819400365508894,0.5,0.09259259259259259,0.0,0.05555555555555555,0.8148148148148148,0.4444444444444444,0.18518518518518517
47.5,11.5,70.5,54,0.0,0.0,113.91988169898406,586.0432512419377,0.021378613413397606,0.5,0.09259259259259259,0.0,0.2222222222222222,0.8148148148148148,0.4444444444444444,0.24074074074074073
47.5,12.0,71.5,54,0.0,0.0,116.7093091687114,583.372351274956,0.02017673578325511,0.5,0.09259259259259259,0.0,0.35185185185185186,0.8148148148148148,0.3333333333333333,0.3333333333333333
47.5,12.5,72.5,54,0.0,0.0,119.1789298184552,580.6008201417478,0.01917885402241718,0.5,0.12962962962962962,0.0,0.4444444444444444,0.8148148148148148,0.25925925925925924,0.3148148148148148
47.5,13.0,73.5,54,0.0,0.0,121.35971454063288,577.7229096671128,0.018351558760717875,0.5,0.14814814814814814,0.0,0.5,0.7962962962962963,0.2222222222222222,0.4074074074074074
47.5,13.5,74.5,54,0.0,0.0,123.27590851288844,574.7328190208281,0.017672007398204403,0.5,0.18518518518518517,0.0,0.5,0.7592592592592593,0.16666666666666666,0.35185185185185186
47.5,14.0,75.5,54,0.0,0.0,124.94600255034074,571.6246715104833,0.017122280072981735,0.5,0.2222222222222222,0.0,0.5,0.6481481481481481,0.16666666666666666,0.35185185185185186
47.5,14.5,76.5,54,0.0,0.0,126.38345079989415,568.392493581639,0.016688387084056417,0.5,0.24074074074074073,0.0,0.5,0.5740740740740741,0.16666666666666666,0.3148148148148148
47.5,15.0,77.5,54,0.0,0.0,127.59718118054454,565.0301958481549,0.016359529554965065,0.5,0.25925925925925924,0.0,0.5,0.42592592592592593,0.16666666666666666,0.16666666666666666
47.5,15.5,78.5,54,0.0,0.0,128.5919326806379,561.5315560334285,0.016127548142908683,0.5,0.2777777777777778,0.0,0.5,0.3148148148148148,0.16666666666666666,0.1111111111111111
47.5,16.0,79.5,54,0.0,0.0,129.3684439026334,557.8902037561116,0.015986513271880123,0.5,0.2777777777777778,0.0,0.42592592592592593,0.2222222222222222,0.16666666666666666,0.07407407407407407
47.5,16.5,80.5,54,0.0,0.0,130.03252452379203,554.0996071447521,0.0159324233152303,0.5,0.2962962962962963,0.0,0.37037037037037035,0.2037037037037037,0.16666666666666666,0.05555555555555555
47.5,17.0,81.5,54,0.0,0.0,130.48182013459422,550.153061313992,0.01596298612398852,0.5,0.2962962962962963,0.0,0.2777777777777778,0.18518518518518517,0.16666666666666666,0.05555555555555555
47.5,17.5,82.5,54,0.0,0.0,130.68778513725508,546.043678785108,0.016077465421124884,0.5,0.3333333333333333,0.0,0.18518518518518517,0.2037037037037037,0.16666666666666666,0.037037037037037035
47.5,18.0,83.5,54,0.0,0.0,130.63596636579234,541.7643819828841,0.016276577558730722,0.5,0.35185185185185186,0.0,0.1111111111111111,0.2037037037037037,0.14814814814814814,0.037037037037037035
47.5,18.5,84.5,54,0.0,0.0,130.30673318286998,537.3078979913442,0.016562426350965297,0.5,0.3888888888888889,0.0,0.05555555555555555,0.2037037037037037,0.14814814814814814,0.018518518518518517
47.5,19.0,85.5,54,0.0,0.0,129.67476087395238,532.6667558058193,0.016938464285041345,0.5,0.42592592592592593,0.0,0.037037037037037035,0.24074074074074073,0.12962962962962962,0.018518518518518517
47.5,19.5,86.5,54,0.0,0.0,128.70840077638476,527.8332863737969,0.01740946728342353,0.5,0.48148148148148145,0.0,0.0,0.24074074074074073,0.1111111111111111,0.018518518518518517
47.5,20.0,87.5,54,0.0,0.0,127.36895954886003,522.7996257785121,0.017981507023025353,0.5,0.5370370370370371,0.0,0.0,0.2777777777777778,0.09259259259259259,0.018518518518518517
47.5,20.5,88.5,54,0.0,0.0,125.60993224054585,517.5577219816603,0.018661899049773785,0.5,0.5555555555555556,0.0,0.0,0.2777777777777778,0.09259259259259259,0.018518518518518517
47.5,21.0,89.5,54,0.0,0.0,123.37627192041033,512.2278792216033,0.01945909574973546,0.5,0.6666666666666666,0.0,0.0,0.2962962962962963,0.09259259259259259,0.018518518518518517
47.5,21.5,90.5,54,0.0,0.0,120.60172425419317,506.7448611071224,0.02038247963958919,0.5,0.7037037037037037,0.0,0.0,0.2962962962962963,0.07407407407407407,0.018518518518518517
47.5,22.0,91.5,54,0.0,0.0,117.17033499730984,501.05160807628226,0.021441993393492585,0.5,0.7592592592592593,0.0,0.0,0.3148148148148148,0.07407407407407407,0.018518518518518517
47.5,22.5,92.5,54,0.0,0.0,113.02777938891968,495.14054057325546,0.022647517985596333,0.5,0.8148148148148148,0.0,0.0,0.3148148148148148,0.07407407407407407,0.037037037037037035
47.5,23.0,93.5,54,0.0,0.0,108.04018833900432,489.00402671092655,0.024007880329510834,0.5,0.8518518518518519,0.0,0.0,0.3148148148148148,0.07407407407407407,0.037037037037037035
47.5,23.5,94.5,54,0.0,0.0,102.21174666063087,482.63441329712646,0.0255293415773822,0.5,0.8888888888888888,0.0,0.0,0.3148148148148148,0.05555555555555555,0.037037037037037035
47.5,24.0,95.5,54,0.0,0.0,95.52383239466046,476.024063213996,0.027213398908236992,0.5,0.9629629629629629,0.0,0.0,0.3148148148148148,0.05555555555555555,0.037037037037037035
47.5,24.5,96.5,54,0.0,0.0,87.81672094580122,469.04420020487913,0.02905375196863982,0.5,0.9814814814814815,0.0,0.0,0.3148148148148148,0.05555555555555555,0.037037037037037035
47.5,25.0,97.5,54,0.0,0.0,81.87890551127285,461.70258354551635,0.031032383095112734,0.5,1.0,0.0,0.0,0.3148148148148148,0.05555555555555555,0.037037037037037035
47.5,25.5,98.5,54,0.0,0.0,81.68844365061256,454.0806408175799,0.03311493950283881,0.5,1.0,0.0,0.0,0.3148148148148148,0.05555555555555555,0.05555555555555555
47.5,26.0,99.5,54,0.0,0.0,81.42672833389874,446.4391220883999,0.03524604828995157,0.5,1.0,0.0,0.0,0.3148148148148148,0.05555555555555555,0.07407407407407407
47.5,26.5,100.5,54,0.0,0.0,81.08716096744622,438.6382613915692,0.03734585036057659,0.5,1.0,0.0,0.0,0.3333333333333333,0.05555555555555555,0.09259259259259259
47.5,27.0,101.5,54,0.0,0.0,80.71393614337246,430.56213287015515,0.0393097589944358,0.5,1.0,0.0,0.0,0.3333333333333333,0.07407407407407407,0.14814814814814814
47.5,27.5,102.5,54,0.0,0.0,80.29909309933416,422.2051446102586,0.041013813310081526,0.5,1.0,0.0,0.0,0.4444444444444444,0.24074074074074073,0.18518518518518517
47.5,28.0,103.5,54,0.0,0.0,79.80443557313201,413.3903039163478,0.042327337077885704,0.5,1.0,0.0,0.0,0.6111111111111112,0.9074074074074074,0.24074074074074073
47.5,28.5,104.5,54,0.0,0.0,79.16223270249469,404.1488463770187,0.043132389248648,0.5,1.0,0.0,0.5,0.6666666666666666,1.0,0.5
47.5,29.0,105.5,54,0.0,0.0,78.42963280826687,394.59788203625135,0.04334604617793693,0.5,1.0,0.0,0.5,0.7222222222222222,1.0,0.5
47.5,29.5,106.5,54,0.0,0.0,77.66928993436959,384.7351437301465,0.042938628737981266,0.5,1.0,0.0,0.5,0.8518518518518519,1.0,0.5
47.5,30.0,107.5,54,0.0,0.0,76.81154081474811,374.7909315910216,0.04194096985763196,0.5,1.0,0.0,0.5,0.7962962962962963,0.9444444444444444,0.5
47.5,30.5,108.5,54,0.0,0.16666666666666666,75.93574308687673,364.76149522862323,0.04043766170183065,0.5,0.9259259259259259,0.16666666666666666,0.5,0.8518518518518519,0.5,0.4074074074074074
47.5,31.0,109.5,54,0.0,0.46296296296296297,74.88207450594088,354.0101251170077,0.0385489841116327,0.5,0.8518518518518519,0.46296296296296297,0.48148148148148145,0.8333333333333334,0.37037037037037035,0.2037037037037037
47.5,31.5,110.5,54,0.0,0.12962962962962962,73.80172227453448,343.28473110552005,0.03640832350698573,0.5,0.8148148148148148,0.5,0.12962962962962962,0.8148148148148148,0.24074074074074073,0.18518518518518517
47.5,32.0,111.5,54,0.0,0.0,72.56350908738716,332.27142061351327,0.03414216340407008,0.5,0.7777777777777778,0.5,0.0,0.8148148148148148,0.2037037037037037,0.14814814814814814
47.5,32.5,112.5,54,0.0,0.0,71.20142310532226,320.97804484951484,0.03185690117364115,0.5,0.7222222222222222,0.5,0.0,0.8148148148148148,0.16666666666666666,0.1111111111111111
47.5,33.0,113.5,54,0.0,0.0,69.83009892666314,309.41492433252455,0.02963320191564197,0.5,0.7222222222222222,0.5,0.0,0.8148148148148148,0.16666666666666666,0.05555555555555555
47.5,33.5,114.5,54,0.0,0.0,68.30793454738229,297.5608019953393,0.027526213895439033,0.5,0.6666666666666666,0.5,0.0,0.8148148148148148,0.16666666666666666,0.05555555555555555
47.5,34.0,115.5,54,0.0,0.0,66.64766834435734,285.1834832470342,0.025569198766023978,0.5,0.6481481481481481,0.48148148148148145,0.0,0.7962962962962963,0.16666666666666666,0.05555555555555555
47.5,34.5,116.5,54,0.0,0.0,64.90537486642982,272.58106933124157,0.023778463778297766,0.5,0.6111111111111112,0.2777777777777778,0.0,0.7777777777777778,0.16666666666666666,0.037037037037037035
47.5,35.0,117.5,54,0.0,0.05555555555555555,63.11418358191229,259.7778433064248,0.02215822524467333,0.5,0.6111111111111112,0.14814814814814814,0.05555555555555555,0.7222222222222222,0.16666666666666666,0.018518518518518517
47.5,35.5,118.5,54,0.0,0.0,61.21126062446889,246.80193286336927,0.020704726006035085,0.5,0.6111111111111112,0.0,0.1111111111111111,0.5925925925925926,0.16666666666666666,0.018518518518518517
47.5,36.0,119.5,54,0.0,0.0,59.8262638210905,233.897536052427,0.01940940405494688,0.5,0.6111111111111112,0.0,0.16666666666666666,0.5555555555555556,0.14814814814814814,0.018518518518518517
47.5,36.5,120.5,54,0.0,0.0,64.43687780401868,240.48963478501952,0.018261167271577235,0.5,0.6111111111111112,0.0,0.16666666666666666,0.5555555555555556,0.14814814814814814,0.018518518518518517
47.5,37.0,121.5,54,0.0,0.0,69.28937660540034,250.7150210904656,0.017247934928918015,0.5,0.5555555555555556,0.0,0.2222222222222222,0.46296296296296297,0.12962962962962962,0.018518518518518517
47.5,37.5,122.5,54,0.0,0.0,73.75357396533687,259.53589131063717,0.01635762593607067,0.5,0.5555555555555556,0.0,0.2777777777777778,0.3888888888888889,0.1111111111111111,0.018518518518518517
47.5,38.0,123.5,54,0.0,0.0,77.80009360241041,267.13942059221296,0.015578753272788959,0.5,0.5555555555555556,0.0,0.3333333333333333,0.3333333333333333,0.09259259259259259,0.018518518518518517
47.5,38.5,124.5,54,0.0,0.0,81.42562216429202,273.8020593285839,0.014900750720907832,0.5,0.5555555555555556,0.0,0.3888888888888889,0.2962962962962963,0.09259259259259259,0.018518518518518517
47.5,39.0,125.5,54,0.0,0.0,84.54839166488608,279.2495323242584,0.014314124999802691,0.5,0.5555555555555556,0.0,0.4074074074074074,0.24074074074074073,0.09259259259259259,0.018518518518518517
47.5,39.5,126.5,54,0.0,0.0,87.33390425491247,283.574575362528,0.013810498872202351,0.5,0.5555555555555556,0.0,0.5,0.16666666666666666,0.07407407407407407,0.018518518518518517
47.5,40.0,127.5,54,0.0,0.0,89.82470721412778,286.919964620525,0.013382589745505718,0.5,0.5555555555555556,0.0,0.5,0.16666666666666666,0.07407407407407407,0.037037037037037035
48.0,10.0,68.0,54,0.0,0.0,102.79161803164452,583.8203237312796,0.03016852410856456,0.5,0.12962962962962962,0.0,0.0,0.8148148148148148,0.5555555555555556,0.14814814814814814
48.0,10.5,69.0,54,0.0,0.0,106.83256732969208,581.437315583394,0.027826602940532196,0.5,0.12962962962962962,0.0,0.05555555555555555,0.8148148148148148,0.5370370370370371,0.18518518518518517
48.0,11.0,70.0,54,0.0,0.0,110.40373357322183,578.9732600394882,0.025875834692318925,0.5,0.12962962962962962,0.0,0.16666666666666666,0.8148148148148148,0.4444444444444444,0.18518518518518517
48.0,11.5,71.0,54,0.0,0.0,113.56564473096296,576.4229446815366,0.024246784708635075,0.5,0.12962962962962962,0.0,0.2777777777777778,0.8148148148148148,0.4444444444444444,0.24074074074074073
48.0,12.0,72.0,54,0.0,0.0,116.36702393919705,573.8661990125788,0.022885659275878833,0.5,0.12962962962962962,0.0,0.3888888888888889,0.8148148148148148,0.3148148148148148,0.3333333333333333
48.0,12.5,73.0,54,0.0,0.0,118.84693202437228,571.221966939524,0.021750499326320873,0.5,0.14814814814814814,0.0,0.5,0.8333333333333334,0.24074074074074073,0.3333333333333333
48.0,13.0,74.0,54,0.0,0.0,121.03642945376487,568.4623125189441,0.020808413751545612,0.5,0.14814814814814814,0.0,0.5,0.8148148148148148,0.2037037037037037,0.4074074074074074
48.0,13.5,75.0,54,0.0,0.0,122.95985168172707,565.5820044180101,0.020033550808105507,0.5,0.18518518518518517,0.0,0.5,0.7777777777777778,0.16666666666666666,0.35185185185185186
48.0,14.0,76.0,54,0.0,0.0,124.6357743077583,562.5756960041024,0.019405599200864758,0.5,0.2222222222222222,0.0,0.5,0.6296296296296297,0.16666666666666666,0.35185185185185186
48.0,14.5,77.0,54,0.0,0.0,126.07772766695884,559.4379093706677,0.01890867363282191,0.5,0.25925925925925924,0.0,0.5,0.5370370370370371,0.16666666666666666,0.3148148148148148
48.0,15.0,78.0,54,0.0,0.0,127.29470605506079,556.1630209388982,0.01853048276800741,0.5,0.25925925925925924,0.0,0.5,0.4074074074074074,0.16666666666666666,0.16666666666666666
48.0,15.5,79.0,54,0.0,0.0,128.29150499805044,552.7452485858646,0.01826170723237393,0.5,0.2777777777777778,0.0,0.5,0.25925925925925924,0.16666666666666666,0.12962962962962962
48.0,16.0,80.0,54,0.0,0.0,129.0689105693629,549.1786402962988,0.01809553582556077,0.5,0.2962962962962963,0.0,0.5,0.24074074074074073,0.16666666666666666,0.05555555555555555
48.0,16.5,81.0,54,0.0,0.0,129.70394456920673,545.4570643741955,0.018027322407165328,0.5,0.3333333333333333,0.0,0.3888888888888889,0.2222222222222222,0.16666666666666666,0.05555555555555555
48.0,17.0,82.0,54,0.0,0.0,130.15232626702655,541.5742012952019,0.018054335844488106,0.5,0.3333333333333333,0.0,0.35185185185185186,0.2222222222222222,0.16666666666666666,0.05555555555555555
48.0,17.5,83.0,54,0.0,0.0,130.35612127358215,537.5235373216793,0.01817558219060292,0.5,0.37037037037037035,0.0,0.2777777777777778,0.2222222222222222,0.14814814814814814,0.018518518518518517
48.0,18.0,84.0,54,0.0,0.0,130.30090808450404,533.2983600476579,0.018391682666260355,0.5,0.3888888888888889,0.0,0.12962962962962962,0.2222222222222222,0.12962962962962962,0.018518518518518517
48.0,18.5,85.0,54,0.0,0.0,129.9670899454018,528.8917560870664,0.0187047934715215,0.5,0.4074074074074074,0.0,0.1111111111111111,0.24074074074074073,0.1111111111111111,0.018518518518518517
48.0,19.0,86.0,54,0.0,0.0,129.32938468794111,524.2966111674149,0.019118554106318422,0.5,0.4444444444444444,0.0,0.05555555555555555,0.25925925925925924,0.09259259259259259,0.018518518518518517
48.0,19.5,87.0,54,0.0,0.0,128.35620359091752,519.5367577533697,0.019638049643538543,0.5,0.5185185185185185,0.0,0.0,0.2777777777777778,0.09259259259259259,0.018518518518518517
48.0,20.0,88.0,54,0.0,0.0,127.00894248642217,514.683294469856,0.02026976894356048,0.5,0.5925925925925926,0.0,0.0,0.2777777777777778,0.07407407407407407,0.018518518518518517
48.0,20.5,89.0,54,0.0,0.0,125.24123079896293,509.63911911808555,0.021021534545722084,0.5,0.6111111111111112,0.0,0.0,0.2777777777777778,0.07407407407407407,0.018518518518518517
48.0,21.0,90.0,54,0.0,0.0,122.99822249680169,504.39726872654177,0.021902370094281857,0.5,0.6851851851851852,0.0,0.0,0.2962962962962963,0.07407407407407407,0.018518518518518517
48.0,21.5,91.0,54,0.0,0.0,120.2160749618813,498.9506727690317,0.022927094148075363,0.5,0.7222222222222222,0.0,0.0,0.3148148148148148,0.05555555555555555,0.018518518518518517
48.0,22.0,92.0,54,0.0,0.0,116.80564521292305,493.2921708732672,0.024114896604544207,0.5,0.8148148148148148,0.0,0.0,0.3148148148148148,0.037037037037037035,0.018518518518518517
48.0,22.5,93.0,54,0.0,0.0,112.67335908441733,487.4145350356833,0.02546595436348402,0.5,0.8518518518518519,0.0,0.0,0.3148148148148148,0.037037037037037035,0.018518518518518517
48.0,23.0,94.0,54,0.0,0.0,107.75096131733206,481.31049687979294,0.02698998137333777,0.5,0.8888888888888888,0.0,0.0,0.3148148148148148,0.037037037037037035,0.018518518518518517
48.0,23.5,95.0,54,0.0,0.0,101.89626179747617,474.97278054605636,0.02869378167225422,0.5,0.9259259259259259,0.0,0.0,0.3148148148148148,0.018518518518518517,0.018518518518518517
48.0,24.0,96.0,54,0.0,0.0,95.16618369537241,468.30020304187434,0.03057879243189526,0.5,0.9629629629629629,0.0,0.0,0.3148148148148148,0.018518518518518517,0.018518518518518517
48.0,24.5,97.0,54,0.0,0.0,87.46335397138192,461.25986487290953,0.03263770261664424,0.5,1.0,0.0,0.0,0.3148148148148148,0.018518518518518517,0.018518518518518517
48.0,25.0,98.0,54,0.0,0.0,80.37858280895298,453.9480332861173,0.034850096422742574,0.5,1.0,0.0,0.0,0.3148148148148148,0.018518518518518517,0.037037037037037035
48.0,25.5,99.0,54,0.0,0.0,80.1758868372733,446.5695029436567,0.0371773380137824,0.5,1.0,0.0,0.0,0.3148148148148148,0.018518518518518517,0.05555555555555555
48.0,26.0,100.0,54,0.0,0.0,79.89879259030423,439.07402983029743,0.03955740546045012,0.5,1.0,0.0,0.0,0.3148148148148148,0.018518518518518517,0.09259259259259259
48.0,26.5,101.0,54,0.0,0.0,79.6064239942023,431.3113155209367,0.04190110448481567,0.5,1.0,0.0,0.0,0.3333333333333333,0.037037037037037035,0.09259259259259259
48.0,27.0,102.0,54,0.0,0.0,79.25498117781382,423.27575881413134,0.04409187979956909,0.5,1.0,0.0,0.0,0.35185185185185186,0.037037037037037035,0.14814814814814814
48.0,27.5,103.0,54,0.0,0.0,78.82779213788238,414.92143645947795,0.04599182963916762,0.5,1.0,0.0,0.0,0.4444444444444444,0.2222222222222222,0.18518518518518517
48.0,28.0,104.0,54,0.0,0.0,78.27369535082107,406.03162639477625,0.04745578461716271,0.5,1.0,0.0,0.0,0.6666666666666666,0.8888888888888888,0.24074074074074073
48.0,28.5,105.0,54,0.0,0.0,77.61961337164347,396.8403680804756,0.04835285242326613,0.5,1.0,0.0,0.5,0.7222222222222222,1.0,0.5
48.0,29.0,106.0,54,0.0,0.0,76.9092748999722,387.34486279932554,0.04859104331524591,0.5,1.0,0.0,0.5,0.7222222222222222,1.0,0.5
48.0,29.5,107.0,54,0.0,0.0,76.17153267954875,377.5435080195329,0.04813739206414235,0.5,1.0,0.0,0.5,0.8888888888888888,1.0,0.5
48.0,30.0,108.0,54,0.0,0.0,75.2997048662065,367.8318223533028,0.047025988334608686,0.5,1.0,0.0,0.5,0.8333333333333334,0.9444444444444444,0.5
48.0,30.5,109.0,54,0.0,0.18518518518518517,74.4367337795485,357.6422155247836,0.045350549895993096,0.5,1.0,0.18518518518518517,0.5,0.9074074074074074,0.5,0.4074074074074074
48.0,31.0,110.0,54,0.0,0.48148148148148145,73.37421922725075,347.19203689652744,0.04324449568568811,0.5,0.9074074074074074,0.48148148148148145,0.48148148148148145,0.8703703703703703,0.35185185185185186,0.2037037037037037
48.0,31.5,111.0,54,0.0,0.14814814814814814,72.29070899994814,336.5551199255731,0.040855994976038416,0.5,0.8518518518518519,0.5,0.14814814814814814,0.8518518518518519,0.2222222222222222,0.18518518518518517
48.0,32.0,112.0,54,0.0,0.0,71.03518950106952,325.63855129440645,0.03832579292449673,0.5,0.8333333333333334,0.5,0.0,0.8148148148148148,0.18518518518518517,0.14814814814814814
48.0,32.5,113.0,54,0.0,0.0,69.67125689191899,314.4507765106643,0.0357725303523367,0.5,0.7962962962962963,0.5,0.0,0.8148148148148148,0.16666666666666666,0.1111111111111111
48.0,33.0,114.0,54,0.0,0.0,68.30012696937592,303.00268141682255,0.03328638305380408,0.5,0.7592592592592593,0.5,0.0,0.8148148148148148,0.16666666666666666,0.07407407407407407
48.0,33.5,115.0,54,0.0,0.0,66.77481536506723,291.1906629858157,0.03092920441684682,0.5,0.7222222222222222,0.5,0.0,0.8148148148148148,0.16666666666666666,0.05555555555555555
48.0,34.0,116.0,54,0.0,0.0,65.12220481453062,278.9516848440935,0.028738483492800813,0.5,0.6851851851851852,0.48148148148148145,0.0,0.7962962962962963,0.16666666666666666,0.018518518518518517
48.0,34.5,117.0,54,0.0,0.05555555555555555,63.385400562118505,266.4992345835553,0.026744616389688638,0.5,0.6851851851851852,0.3148148148148148,0.05555555555555555,0.7777777777777778,0.16666666666666666,0.018518518518518517
48.0,35.0,118.0,54,0.0,0.05555555555555555,61.60784392146209,253.85792201512245,0.02494303210720952,0.5,0.6481481481481481,0.14814814814814814,0.05555555555555555,0.6851851851851852,0.14814814814814814,0.018518518518518517
48.0,35.5,119.0,54,0.0,0.018518518518518517,59.72192458373935,241.05608798785482,0.02332334385256598,0.5,0.6111111111111112,0.018518518518518517,0.16666666666666666,0.6111111111111112,0.14814814814814814,0.018518518518518517
48.0,36.0,120.0,54,0.0,0.0,59.31754527383889,231.3019057018458,0.02187713385490485,0.5,0.6111111111111112,0.0,0.16666666666666666,0.5740740740740741,0.12962962962962962,0.018518518518518517
48.0,36.5,121.0,54,0.0,0.0,64.15092366168646,240.00234092893862,0.020592932170515353,0.5,0.6111111111111112,0.0,0.2222222222222222,0.5555555555555556,0.1111111111111111,0.018518518518518517
48.0,37.0,122.0,54,0.0,0.0,69.10814829147179,250.21105340955353,0.01945795919151806,0.5,0.6111111111111112,0.0,0.2222222222222222,0.46296296296296297,0.09259259259259259,0.018518518518518517
48.0,37.5,123.0,54,0.0,0.0,73.5983919556728,259.0126279116201,0.018459261080538646,0.5,0.6111111111111112,0.0,0.3333333333333333,0.3888888888888889,0.09259259259259259,0.0
48.0,38.0,124.0,54,0.0,0.0,77.59515283597878,266.72124929905397,0.01758440689666756,0.5,0.6111111111111112,0.0,0.37037037037037035,0.3333333333333333,0.07407407407407407,0.0
48.0,38.5,125.0,54,0.0,0.0,81.10331918190724,273.31275383492067,0.016821883717439434,0.5,0.6111111111111112,0.0,0.3888888888888889,0.2777777777777778,0.07407407407407407,0.018518518518518517
48.0,39.0,126.0,54,0.0,0.0,84.33267864176302,278.7074609233803,0.01616129201456472,0.5,0.5925925925925926,0.0,0.48148148148148145,0.2037037037037037,0.05555555555555555,0.018518518518518517
48.0,39.5,127.0,54,0.0,0.0,87.18675921934454,283.0036461338586,0.015593414270919946,0.5,0.5925925925925926,0.0,0.5,0.18518518518518517,0.05555555555555555,0.018518518518518517
48.0,40.0,128.0,54,0.0,0.0,89.66199618291004,286.3578532280827,0.01511020701869478,0.5,0.5740740740740741,0.0,0.5,0.2037037037037037,0.037037037037037035,0.018518518518518517
48.5,10.0,68.5,54,0.0,0.0,102.3289911070343,572.5047644964347,0.03426255094505001,0.5,0.14814814814814814,0.0,0.05555555555555555,0.8333333333333334,0.5555555555555556,0.16666666666666666
48.5,10.5,69.5,54,0.0,0.0,106.38959735565278,570.3078783983894,0.031613279467768055,0.5,0.14814814814814814,0.0,0.09259259259259259,0.8333333333333334,0.5370370370370371,0.18518518518518517
48.5,11.0,70.5,54,0.0,0.0,109.97844518357421,568.0177957371643,0.029405121290338135,0.5,0.16666666666666666,0.0,0.25925925925925924,0.8333333333333334,0.46296296296296297,0.18518518518518517
48.5,11.5,71.5,54,0.0,0.0,113.15602347150177,565.6301008346483,0.02756016661341591,0.5,0.16666666666666666,0.0,0.37037037037037035,0.8333333333333334,0.4444444444444444,0.24074074074074073
48.5,12.0,72.5,54,0.0,0.0,115.97109621561975,563.140352537835,0.026017966634795726,0.5,0.16666666666666666,0.0,0.46296296296296297,0.8333333333333334,0.2962962962962963,0.3333333333333333
48.5,12.5,73.5,54,0.0,0.0,118.4628048687317,560.5440652937345,0.0247313126879093,0.5,0.16666666666666666,0.0,0.5,0.8333333333333334,0.2222222222222222,0.3333333333333333
48.5,13.0,74.5,54,0.0,0.0,120.66230668507019,557.8366921326451,0.02366315958804799,0.5,0.16666666666666666,0.0,0.5,0.8148148148148148,0.18518518518518517,0.4074074074074074
48.5,13.5,75.5,54,0.0,0.0,122.59403645109916,555.013609368905,0.022784364434582535,0.5,0.16666666666666666,0.0,0.5,0.7592592592592593,0.16666666666666666,0.35185185185185186
48.5,14.0,76.5,54,0.0,0.0,124.27666407426935,552.0701028717536,0.02207201247714234,0.5,0.2037037037037037,0.0,0.5,0.6481481481481481,0.16666666666666666,0.35185185185185186
48.5,14.5,77.5,54,0.0,0.0,125.7238052835877,549.0205175397925,0.021508170251034322,0.5,0.25925925925925924,0.0,0.5,0.5,0.16666666666666666,0.3148148148148148
48.5,15.0,78.5,54,0.0,0.0,126.94452923011289,545.845287743785,0.02107895328524638,0.5,0.2777777777777778,0.0,0.5,0.3888888888888889,0.16666666666666666,0.16666666666666666
48.5,15.5,79.5,54,0.0,0.0,127.94369556750165,542.5199856328943,0.020773828218445742,0.5,0.2962962962962963,0.0,0.5,0.2962962962962963,0.16666666666666666,0.1111111111111111
48.5,16.0,80.5,54,0.0,0.0,128.72214455270097,539.0391237140952,0.02058509176335622,0.5,0.3333333333333333,0.0,0.5,0.24074074074074073,0.16666666666666666,0.07407407407407407
48.5,16.5,81.5,54,0.0,0.0,129.32069700603418,535.3970169402661,0.020507484725773177,0.5,0.35185185185185186,0.0,0.46296296296296297,0.2222222222222222,0.16666666666666666,0.07407407407407407
48.5,17.0,82.5,54,0.0,0.0,129.7680450636381,531.6019775603394,0.02053791025390394,0.5,0.37037037037037035,0.0,0.3888888888888889,0.24074074074074073,0.14814814814814814,0.037037037037037035
48.5,17.5,83.5,54,0.0,0.0,129.96935491698804,527.6736843427489,0.02067523299694377,0.5,0.3888888888888889,0.0,0.3333333333333333,0.24074074074074073,0.12962962962962962,0.037037037037037035
48.5,18.0,84.5,54,0.0,0.0,129.9102429424756,523.5828174436396,0.02092014071913822,0.5,0.42592592592592593,0.0,0.24074074074074073,0.24074074074074073,0.1111111111111111,0.037037037037037035
48.5,18.5,85.5,54,0.0,0.0,129.57115339643403,519.323464949183,0.02127505260728202,0.5,0.46296296296296297,0.0,0.1111111111111111,0.25925925925925924,0.09259259259259259,0.037037037037037035
48.5,19.0,86.5,54,0.0,0.0,128.92685577301333,514.8895671469305,0.02174405918705289,0.5,0.5,0.0,0.05555555555555555,0.2777777777777778,0.07407407407407407,0.018518518518518517
48.5,19.5,87.5,54,0.0,0.0,127.94583386148771,510.27492047579045,0.022332877319792145,0.5,0.5740740740740741,0.0,0.05555555555555555,0.25925925925925924,0.07407407407407407,0.018518518518518517
48.5,20.0,88.5,54,0.0,0.0,126.58959065818154,505.4731839761328,0.023048799813339058,0.5,0.6296296296296297,0.0,0.0,0.2777777777777778,0.05555555555555555,0.018518518518518517
48.5,20.5,89.5,54,0.0,0.0,124.8119159971255,500.47788854234676,0.023900612100197827,0.5,0.6296296296296297,0.0,0.0,0.2962962962962963,0.05555555555555555,0.018518518518518517
48.5,21.0,90.5,54,0.0,0.0,122.55820226336606,495.2824493235086,0.024898437297348093,0.5,0.7037037037037037,0.0,0.0,0.2962962962962963,0.037037037037037035,0.018518518518518517
48.5,21.5,91.5,54,0.0,0.0,119.76495565070105,489.8801816589075,0.026053454657823986,0.5,0.7592592592592593,0.0,0.0,0.3148148148148148,0.037037037037037035,0.018518518518518517
48.5,22.0,92.5,54,0.0,0.0,116.35974652462947,484.26432098245016,0.027377413914324564,0.5,0.8333333333333334,0.0,0.0,0.3148148148148148,0.018518518518518517,0.018518518518518517
48.5,22.5,93.5,54,0.0,0.0,112.24202279518553,478.4280471745743,0.02888183895740462,0.5,0.8703703703703703,0.0,0.0,0.3148148148148148,0.018518518518518517,0.018518518518518517
48.5,23.0,94.5,54,0.0,0.0,107.32329648011522,472.3645138884067,0.030576780379047697,0.5,0.9074074074074074,0.0,0.0,0.3148148148148148,0.018518518518518517,0.018518518518518517
48.5,23.5,95.5,54,0.0,0.0,101.54027341712614,465.9648874554582,0.032468943892555065,0.5,0.9629629629629629,0.0,0.0,0.3148148148148148,0.018518518518518517,0.018518518518518517
48.5,24.0,96.5,54,0.0,0.0,94.76550840842981,459.2251352899821,0.03455900548770907,0.5,0.9814814814814815,0.0,0.0,0.3148148148148148,0.018518518518518517,0.018518518518518517
48.5,24.5,97.5,54,0.0,0.0,87.05671896327713,452.2223120311537,0.03683795390628896,0.5,1.0,0.0,0.0,0.3148148148148148,0.018518518518518517,0.018518518518518517
48.5,25.0,98.5,54,0.0,0.0,78.7907944235247,445.16793790780866,0.03928242617801188,0.5,1.0,0.0,0.0,0.3148148148148148,0.018518518518518517,0.037037037037037035
48.5,25.5,99.5,54,0.0,0.0,78.4379488930508,437.97792685255445,0.041849290927016516,0.5,1.0,0.0,0.0,0.3148148148148148,0.018518518518518517,0.05555555555555555
48.5,26.0,100.5,54,0.0,0.0,78.2149326917073,430.5286279329325,0.04450508105326297,0.5,1.0,0.0,0.0,0.3333333333333333,0.018518518518518517,0.07407407407407407
48.5,26.5,101.5,54,0.0,0.0,77.92209759544318,422.814560283863,0.047125556716568796,0.5,1.0,0.0,0.0,0.3333333333333333,0.018518518518518517,0.1111111111111111
48.5,27.0,102.5,54,0.0,0.0,77.55679225379816,414.8306947638941,0.04957345885167382,0.5,1.0,0.0,0.0,0.35185185185185186,0.037037037037037035,0.14814814814814814
48.5,27.5,103.5,54,0.0,0.0,77.07695420552608,406.3500862657219,0.051695170766681356,0.5,1.0,0.0,0.0,0.48148148148148145,0.2222222222222222,0.18518518518518517
48.5,28.0,104.5,54,0.0,0.0,76.4957648088044,397.51872360681926,0.05332923693774165,0.5,1.0,0.0,0.0,0.6666666666666666,0.8888888888888888,0.2222222222222222
48.5,28.5,105.5,54,0.0,0.0,75.84567555841093,388.391484873271,0.054330247171111366,0.5,1.0,0.0,0.5,0.7222222222222222,1.0,0.5
48.5,29.0,106.5,54,0.0,0.0,75.19893874967929,378.9663023710601,0.05459606550962098,0.5,1.0,0.0,0.5,0.8148148148148148,1.0,0.5
48.5,29.5,107.5,54,0.0,0.0,74.40762375232568,369.34797532525397,0.05409005039664979,0.5,1.0,0.0,0.5,0.8888888888888888,1.0,0.5
48.5,30.0,108.5,54,0.0,0.0,73.56891499114994,359.79642126665743,0.05284992887031419,0.5,1.0,0.0,0.5,0.9259259259259259,0.9629629629629629,0.5
48.5,30.5,109.5,54,0.0,0.2222222222222222,72.6459462721062,349.58469716590895,0.05097962579577474,0.5,1.0,0.2222222222222222,0.5,0.9444444444444444,0.5,0.4074074074074074
48.5,31.0,110.5,54,0.0,0.5,71.62931138391619,339.33340046465185,0.048672041960082665,0.5,0.9629629629629629,0.5,0.5,0.9259259259259259,0.3333333333333333,0.2037037037037037
48.5,31.5,111.5,54,0.0,0.16666666666666666,70.53281208207866,328.8051658720289,0.04605636121957416,0.5,0.8888888888888888,0.5,0.16666666666666666,0.8888888888888888,0.2222222222222222,0.18518518518518517
48.5,32.0,112.5,54,0.0,0.0,69.2702464810763,318.0068965295177,0.04327259845321498,0.5,0.8703703703703703,0.5,0.0,0.8703703703703703,0.16666666666666666,0.12962962962962962
48.5,32.5,113.5,54,0.0,0.0,67.90821893504815,306.94768468145526,0.04045151152667301,0.5,0.8333333333333334,0.5,0.0,0.8518518518518519,0.16666666666666666,0.09259259259259259
48.5,33.0,114.5,54,0.0,0.0,66.53534256655483,295.63902442910387,0.0376938980630517,0.5,0.7962962962962963,0.5,0.0,0.8333333333333334,0.16666666666666666,0.07407407407407407
48.5,33.5,115.5,54,0.0,0.0,65.00955333290206,283.8894204461068,0.03507010707573544,0.5,0.7777777777777778,0.5,0.0,0.8333333333333334,0.16666666666666666,0.037037037037037035
48.5,34.0,116.5,54,0.0,0.0,63.36765901031967,271.81693659882177,0.03262385040753519,0.5,0.7407407407407407,0.48148148148148145,0.0,0.8148148148148148,0.16666666666666666,0.037037037037037035
48.5,34.5,117.5,54,0.0,0.05555555555555555,61.63744967409253,259.544197565564,0.03037782577448609,0.5,0.7222222222222222,0.3148148148148148,0.05555555555555555,0.7777777777777778,0.14814814814814814,0.037037037037037035
48.5,35.0,118.5,54,0.0,0.1111111111111111,59.87748629390117,247.09612076099663,0.02833946351970197,0.5,0.7037037037037037,0.14814814814814814,0.1111111111111111,0.6666666666666666,0.12962962962962962,0.037037037037037035
48.5,35.5,119.5,54,0.0,0.018518518518518517,58.01305080612375,234.50121993385002,0.026505911389054403,0.5,0.6851851851851852,0.018518518518518517,0.16666666666666666,0.6111111111111112,0.1111111111111111,0.037037037037037035
48.5,36.0,120.5,54,0.0,0.0,58.71388823770913,228.7609964648917,0.024867947484672297,0.5,0.6851851851851852,0.0,0.16666666666666666,0.5740740740740741,0.09259259259259259,0.018518518518518517
48.5,36.5,121.5,54,0.0,0.0,63.930610179287505,239.43154071623275,0.023412840826613306,0.5,0.6666666666666666,0.0,0.2222222222222222,0.5185185185185185,0.09259259259259259,0.018518518518518517
48.5,37.0,122.5,54,0.0,0.0,68.82418141000966,249.59525777980798,0.02212632554141123,0.5,0.6111111111111112,0.0,0.2777777777777778,0.4444444444444444,0.07407407407407407,0.018518518518518517
48.5,37.5,123.5,54,0.0,0.0,73.2205101481387,258.4187838377039,0.020993892401764525,0.5,0.6111111111111112,0.0,0.3333333333333333,0.3888888888888889,0.07407407407407407,0.018518518518518517
48.5,38.0,124.5,54,0.0,0.0,77.30059321007435,266.19736063138333,0.02000158574356388,0.5,0.6111111111111112,0.0,0.3888888888888889,0.35185185185185186,0.05555555555555555,0.018518518518518517
48.5,38.5,125.5,54,0.0,0.0,80.93261070103927,272.6834475021966,0.019136458419149835,0.5,0.6111111111111112,0.0,0.4074074074074074,0.2962962962962963,0.037037037037037035,0.018518518518518517
48.5,39.0,126.5,54,0.0,0.0,84.16198717474427,278.0294514873717,0.018386799777074983,0.5,0.6111111111111112,0.0,0.5,0.2222222222222222,0.037037037037037035,0.018518518518518517
48.5,39.5,127.5,54,0.0,0.0,87.00346248301108,282.33682187216584,0.01774221902781314,0.5,0.6111111111111112,0.0,0.5,0.2037037037037037,0.037037037037037035,0.018518518518518517
48.5,40.0,128.5,54,0.0,0.0,89.47327060997766,285.7013566229678,0.017193640799402943,0.5,0.6111111111111112,0.0,0.5,0.2222222222222222,0.018518518518518517,0.018518518518518517
49.0,10.0,69.0,54,0.0,0.0,101.79224816637961,559.3492470342567,0.03900724736119593,0.5,0.16666666666666666,0.0,0.05555555555555555,0.8703703703703703,0.5555555555555556,0.16666666666666666
49.0,10.5,70.0,54,0.0,0.0,105.87530584851649,557.3603495170713,0.036005041049057884,0.5,0.16666666666666666,0.0,0.18518518518518517,0.8703703703703703,0.5555555555555556,0.18518518518518517
49.0,11.0,71.0,54,0.0,0.0,109.48440160499631,555.2650731681651,0.03350090442743174,0.5,0.16666666666666666,0.0,0.2962962962962963,0.8703703703703703,0.46296296296296297,0.18518518518518517
49.0,11.5,72.0,54,0.0,0.0,112.67995766049226,553.0598429420163,0.031407386944451395,0.5,0.18518518518518517,0.0,0.4074074074074074,0.8703703703703703,0.4444444444444444,0.24074074074074073
49.0,12.0,73.0,54,0.0,0.0,115.5107693415312,550.7409954041219,0.029656520561288736,0.5,0.2037037037037037,0.0,0.5,0.8703703703703703,0.2962962962962963,0.3333333333333333
49.0,12.5,74.0,54,0.0,0.0,118.01605959351694,548.3047669743341,0.028195147367047323,0.5,0.2037037037037037,0.0,0.5,0.8703703703703703,0.2222222222222222,0.3333333333333333
49.0,13.0,75.0,54,0.0,0.0,120.22708897390945,545.7472833372907,0.02698150253320223,0.5,0.2037037037037037,0.0,0.5,0.8333333333333334,0.16666666666666666,0.4074074074074074
49.0,13.5,76.0,54,0.0,0.0,122.16840084667902,543.0645499353245,0.025982695974112225,0.5,0.2037037037037037,0.0,0.5,0.7592592592592593,0.16666666666666666,0.4074074074074074
49.0,14.0,77.0,54,0.0,0.0,123.85876963496393,540.2524434883213,0.025172843447298136,0.5,0.2037037037037037,0.0,0.5,0.6481481481481481,0.16666666666666666,0.35185185185185186
49.0,14.5,78.0,54,0.0,0.0,125.31190660006338,537.3067045126697,0.024531671825940595,0.5,0.24074074074074073,0.0,0.5,0.48148148148148145,0.16666666666666666,0.3148148148148148
49.0,15.0,79.0,54,0.0,0.0,126.53696526032144,534.2229308374283,0.02404347441896867,0.5,0.2777777777777778,0.0,0.5,0.4074074074074074,0.16666666666666666,0.14814814814814814
49.0,15.5,80.0,54,0.0,0.0,127.53887804048895,530.9965721413106,0.023696327728739933,0.5,0.2962962962962963,0.0,0.5,0.2777777777777778,0.16666666666666666,0.09259259259259259
49.0,16.0,81.0,54,0.0,0.0,128.31854713448618,527.6229255586438,0.023481505820029405,0.5,0.3333333333333333,0.0,0.5,0.25925925925925924,0.16666666666666666,0.07407407407407407
49.0,16.5,82.0,54,0.0,0.0,128.87290572248872,524.0971324272349,0.0233930458177244,0.5,0.3888888888888889,0.0,0.5,0.25925925925925924,0.12962962962962962,0.037037037037037035
49.0,17.0,83.0,54,0.0,0.0,129.3174188300064,520.414176276921,0.02342743014630233,0.5,0.42592592592592593,0.0,0.42592592592592593,0.2777777777777778,0.1111111111111111,0.037037037037037035
49.0,17.5,84.0,54,0.0,0.0,129.51586889324895,516.5688821826852,0.023583359405887443,0.5,0.46296296296296297,0.0,0.3888888888888889,0.25925925925925924,0.09259259259259259,0.037037037037037035
49.0,18.0,85.0,54,0.0,0.0,129.45225882211795,512.5559176345636,0.023861595144147294,0.5,0.48148148148148145,0.0,0.2962962962962963,0.2777777777777778,0.07407407407407407,0.018518518518518517
49.0,18.5,86.0,54,0.0,0.0,129.10708284217634,508.369795104267,0.024264854725153853,0.5,0.5,0.0,0.2037037037037037,0.25925925925925924,0.07407407407407407,0.018518518518518517
49.0,19.0,87.0,54,0.0,0.0,128.4551736402236,504.0048765191687,0.02479774118308572,0.5,0.5185185185185185,0.0,0.1111111111111111,0.2777777777777778,0.05555555555555555,0.018518518518518517
49.0,19.5,88.0,54,0.0,0.0,127.46510338940796,499.4553798853644,0.02546668925181485,0.5,0.5740740740740741,0.0,0.05555555555555555,0.2777777777777778,0.037037037037037035,0.018518518518518517
49.0,20.0,89.0,54,0.0,0.0,126.09850484563381,494.71538833690926,0.02627990425884764,0.5,0.6481481481481481,0.0,0.0,0.2962962962962963,0.037037037037037035,0.018518518518518517
49.0,20.5,90.0,54,0.0,0.0,124.30936072716159,489.7788619214949,0.027247262539002937,0.5,0.6851851851851852,0.0,0.0,0.2962962962962963,0.018518518518518517,0.018518518518518517
49.0,21.0,91.0,54,0.0,0.0,122.04334831574691,484.63965247299194,0.02838012944378561,0.5,0.7407407407407407,0.0,0.0,0.3148148148148148,0.018518518518518517,0.018518518518518517
49.0,21.5,92.0,54,0.0,0.0,119.23738837206535,479.2915219579443,0.02969103268417567,0.5,0.7777777777777778,0.0,0.0,0.3148148148148148,0.018518518518518517,0.018518518518518517
49.0,22.0,93.0,54,0.0,0.0,115.81964319487092,473.72816472552637,0.031193103536865614,0.5,0.8703703703703703,0.0,0.0,0.3148148148148148,0.0,0.018518518518518517
49.0,22.5,94.0,54,0.0,0.0,111.71034981238385,467.9432341304099,0.03289916608159877,0.5,0.9074074074074074,0.0,0.0,0.3148148148148148,0.0,0.018518518518518517
49.0,23.0,95.0,54,0.0,0.0,106.81329268927423,461.78318943797046,0.03482031717467366,0.5,0.9259259259259259,0.0,0.0,0.3148148148148148,0.0,0.018518518518518517
49.0,23.5,96.0,54,0.0,0.0,101.0251612268891,455.3460532142054,0.03696380451719951,0.5,0.9629629629629629,0.0,0.0,0.3148148148148148,0.0,0.018518518518518517
49.0,24.0,97.0,54,0.0,0.0,94.29741578201026,448.65376180279236,0.039329993965310506,0.5,1.0,0.0,0.0,0.3148148148148148,0.0,0.037037037037037035
49.0,24.5,98.0,54,0.0,0.0,86.57107824820096,441.9907773773857,0.04190825333651189,0.5,1.0,0.0,0.0,0.3148148148148148,0.0,0.037037037037037035
49.0,25.0,99.0,54,0.0,0.0,77.87025365734708,435.10870092435965,0.0446717235873789,0.5,1.0,0.0,0.0,0.3148148148148148,0.0,0.05555555555555555
49.0,25.5,100.0,54,0.0,0.0,76.50310228356862,427.9751145174823,0.04757127469566979,0.5,1.0,0.0,0.0,0.3148148148148148,0.0,0.07407407407407407
49.0,26.0,101.0,54,0.0,0.0,76.26408724978968,420.58478148506737,0.0505295232468877,0.5,1.0,0.0,0.0,0.3333333333333333,0.0,0.07407407407407407
49.0,26.5,102.0,54,0.0,0.0,75.95573173293475,412.9328526289238,0.05343661666325555,0.5,1.0,0.0,0.0,0.3333333333333333,0.018518518518518517,0.1111111111111111
49.0,27.0,103.0,54,0.0,0.0,75.5355318807298,404.8705647473846,0.05615035988710541,0.5,1.0,0.0,0.0,0.37037037037037035,0.018518518518518517,0.14814814814814814
49.0,27.5,104.0,54,0.0,0.0,75.02162378316764,396.40103560532884,0.058503642475875445,0.5,1.0,0.0,0.0,0.5370370370370371,0.18518518518518517,0.18518518518518517
49.0,28.0,105.0,54,0.0,0.0,74.44242058542378,387.6446839238655,0.06032120930353064,0.5,1.0,0.0,0.0,0.6666666666666666,0.8888888888888888,0.2222222222222222
49.0,28.5,106.0,54,0.0,0.0,73.86553409054216,378.5992017973906,0.06144499469586448,0.5,1.0,0.0,0.5,0.7222222222222222,0.9814814814814815,0.5
49.0,29.0,107.0,54,0.0,0.0,73.17491840501226,369.26334758377624,0.06176297620270731,0.5,1.0,0.0,0.5,0.8888888888888888,1.0,0.5
49.0,29.5,108.0,54,0.0,0.0,72.35835757953457,359.94117283622916,0.061232917919102056,0.5,1.0,0.0,0.5,0.8888888888888888,1.0,0.5
49.0,30.0,109.0,54,0.0,0.0,71.55724079811124,350.3043069339526,0.05989231920679828,0.5,1.0,0.0,0.5,1.0,0.9629629629629629,0.5
49.0,30.5,110.0,54,0.0,0.24074074074074073,70.6004469610846,340.38198397628497,0.0578505262984755,0.5,1.0,0.24074074074074073,0.5,0.9444444444444444,0.5,0.4074074074074074
49.0,31.0,111.0,54,0.0,0.5,69.60511168147691,330.2541527389911,0.055266056449745866,0.5,1.0,0.5,0.5,0.9444444444444444,0.3333333333333333,0.25925925925925924
49.0,31.5,112.0,54,0.0,0.16666666666666666,68.48958891075722,319.85985031118986,0.052317462875273654,0.5,0.9629629629629629,0.5,0.16666666666666666,0.9444444444444444,0.2222222222222222,0.18518518518518517
49.0,32.0,113.0,54,0.0,0.0,67.22845052641316,309.2067128881677,0.04917675677667192,0.5,0.9074074074074074,0.5,0.0,0.9074074074074074,0.16666666666666666,0.1111111111111111
49.0,32.5,114.0,54,0.0,0.0,65.87080178955934,298.30452944752705,0.045991153100614905,0.5,0.8888888888888888,0.5,0.0,0.8888888888888888,0.16666666666666666,0.07407407407407407
49.0,33.0,115.0,54,0.0,0.0,64.49651388947615,287.1654402836379,0.042874501708633515,0.5,0.8518518518518519,0.5,0.0,0.8703703703703703,0.16666666666666666,0.05555555555555555
49.0,33.5,116.0,54,0.0,0.0,62.974008797214545,275.5050098389096,0.03990658858303342,0.5,0.8333333333333334,0.5,0.0,0.8703703703703703,0.16666666666666666,0.037037037037037035
49.0,34.0,117.0,54,0.0,0.05555555555555555,61.34682861802127,263.63351281362867,0.0371372841581214,0.5,0.7962962962962963,0.48148148148148145,0.05555555555555555,0.8518518518518519,0.14814814814814814,0.037037037037037035
49.0,34.5,118.0,54,0.0,0.05555555555555555,59.62479225307382,251.57676815131367,0.034592770117533964,0.5,0.7777777777777778,0.3333333333333333,0.05555555555555555,0.8148148148148148,0.12962962962962962,0.037037037037037035
49.0,35.0,119.0,54,0.0,0.16666666666666666,57.887442909564314,239.3599623794352,0.03228195021315211,0.5,0.7592592592592593,0.16666666666666666,0.16666666666666666,0.6851851851851852,0.1111111111111111,0.018518518518518517
49.0,35.5,120.0,54,0.0,0.018518518518518517,56.05011196071696,227.01171897546178,0.030202039468060587,0.5,0.7222222222222222,0.018518518518518517,0.16666666666666666,0.6111111111111112,0.09259259259259259,0.018518518518518517
49.0,36.0,121.0,54,0.0,0.0,58.108788291180986,227.41801757731608,0.02834297037904369,0.5,0.7037037037037037,0.0,0.2222222222222222,0.6111111111111112,0.07407407407407407,0.018518518518518517
49.0,36.5,122.0,54,0.0,0.0,63.56195836082522,238.7034628375544,0.02669062692551966,0.5,0.7037037037037037,0.0,0.2222222222222222,0.5370370370370371,0.07407407407407407,0.018518518518518517
49.0,37.0,123.0,54,0.0,0.0,68.53868308038535,248.87616059472165,0.02522908552260477,0.5,0.7037037037037037,0.0,0.3333333333333333,0.46296296296296297,0.05555555555555555,0.018518518518518517
49.0,37.5,124.0,54,0.0,0.0,73.05590280195871,257.796047753896,0.02394208765459087,0.5,0.6851851851851852,0.0,0.3888888888888889,0.3888888888888889,0.037037037037037035,0.018518518518518517
49.0,38.0,125.0,54,0.0,0.0,77.10768343498123,265.4488001685493,0.022813953570099233,0.5,0.6851851851851852,0.0,0.3888888888888889,0.37037037037037035,0.037037037037037035,0.018518518518518517
49.0,38.5,126.0,54,0.0,0.0,80.73325426314211,271.9080634293881,0.021830108062232508,0.5,0.6666666666666666,0.0,0.5,0.2777777777777778,0.018518518518518517,0.018518518518518517
49.0,39.0,127.0,54,0.0,0.0,83.95350223748396,277.23312167747275,0.02097734775275282,0.5,0.6666666666666666,0.0,0.5,0.24074074074074073,0.018518518518518517,0.018518518518518517
49.0,39.5,128.0,54,0.0,0.0,86.78264520641657,281.5536244194806,0.02024394293919659,0.5,0.6666666666666666,0.0,0.5,0.24074074074074073,0.018518518518518517,0.018518518518518517
49.0,40.0,129.0,54,0.0,0.0,89.27597524766107,284.9303035840176,0.01961963842093707,0.5,0.6481481481481481,0.0,0.5,0.25925925925925924,0.0,0.018518518518518517
49.5,10.0,69.5,54,0.0,0.0,101.16659436520237,544.079266403532,0.044532025032637694,0.5,0.2037037037037037,0.0,0.1111111111111111,0.9074074074074074,0.5555555555555556,0.16666666666666666
49.5,10.5,70.5,54,0.0,0.0,105.2753343670318,542.320557820198,0.041123280444593624,0.5,0.2037037037037037,0.0,0.2777777777777778,0.9074074074074074,0.5740740740740741,0.18518518518518517
49.5,11.0,71.5,54,0.0,0.0,108.90766384326672,540.441396524305,0.03827765356800652,0.5,0.2037037037037037,0.0,0.3888888888888889,0.8888888888888888,0.46296296296296297,0.18518518518518517
49.5,11.5,72.5,54,0.0,0.0,112.12389864658103,538.4390750314084,0.035896961248125005,0.5,0.2037037037037037,0.0,0.5,0.8888888888888888,0.4444444444444444,0.24074074074074073
49.5,12.0,73.5,54,0.0,0.0,114.97284888530315,536.3107375266459,0.033904739981077875,0.5,0.2222222222222222,0.0,0.5,0.8888888888888888,0.2777777777777778,0.3333333333333333
49.5,12.5,74.5,54,0.0,0.0,117.49381613307452,534.0533748408354,0.03224108591849642,0.5,0.24074074074074073,0.0,0.5,0.8703703703703703,0.2222222222222222,0.3333333333333333
49.5,13.0,75.5,54,0.0,0.0,119.71816910802792,531.663819954196,0.030858866428549875,0.5,0.24074074074074073,0.0,0.5,0.8518518518518519,0.16666666666666666,0.4444444444444444
49.5,13.5,76.5,54,0.0,0.0,121.67056861126453,529.1387440327666,0.029720918875295557,0.5,0.24074074074074073,0.0,0.5,0.7777777777777778,0.16666666666666666,0.4074074074074074
49.5,14.0,77.5,54,0.0,0.0,123.36990415723223,526.4746530187032,0.02879796601139291,0.5,0.24074074074074073,0.0,0.5,0.6296296296296297,0.16666666666666666,0.4074074074074074
49.5,14.5,78.5,54,0.0,0.0,124.82999346751923,523.6678848142068,0.028067056571642955,0.5,0.25925925925925924,0.0,0.5,0.5,0.16666666666666666,0.3333333333333333
49.5,15.0,79.5,54,0.0,0.0,126.06008494630561,520.7146071148424,0.027510394830105367,0.5,0.3148148148148148,0.0,0.5,0.37037037037037035,0.16666666666666666,0.14814814814814814
49.5,15.5,80.5,54,0.0,0.0,127.06519353993595,517.6108159662198,0.027114461446762446,0.5,0.3333333333333333,0.0,0.5,0.3148148148148148,0.16666666666666666,0.09259259259259259
49.5,16.0,81.5,54,0.0,0.0,127.84629228761317,514.352335136543,0.02686935498083847,0.5,0.35185185185185186,0.0,0.5,0.2777777777777778,0.12962962962962962,0.05555555555555555
49.5,16.5,82.5,54,0.0,0.0,128.40037536605917,510.9348164158813,0.026768302454940805,0.5,0.42592592592592593,0.0,0.5,0.2777777777777778,0.1111111111111111,0.037037037037037035
49.5,17.0,83.5,54,0.0,0.0,128.78620350346503,507.35374097344794,0.026807300647207755,0.5,0.46296296296296297,0.0,0.5,0.2777777777777778,0.09259259259259259,0.037037037037037035
49.5,17.5,84.5,54,0.0,0.0,128.98134853973315,503.6044219264714,0.026984858900601424,0.5,0.48148148148148145,0.0,0.4074074074074074,0.2777777777777778,0.07407407407407407,0.018518518518518517
49.5,18.0,85.5,54,0.0,0.0,128.91252863904518,499.6820082956985,0.02730182012968895,0.5,0.5,0.0,0.3888888888888889,0.25925925925925924,0.05555555555555555,0.018518518518518517
49.5,18.5,86.5,54,0.0,0.0,128.5602993366919,495.5814905486649,0.027761239902361377,0.5,0.5185185185185185,0.0,0.2222222222222222,0.2777777777777778,0.05555555555555555,0.018518518518518517
49.5,19.0,87.5,54,0.0,0.0,127.89957120806274,491.2977079573374,0.028368304146779138,0.5,0.5370370370370371,0.0,0.16666666666666666,0.2777777777777778,0.037037037037037035,0.018518518518518517
49.5,19.5,88.5,54,0.0,0.0,126.89902500970152,486.82535802486933,0.029130264027053217,0.5,0.6111111111111112,0.0,0.05555555555555555,0.2962962962962963,0.018518518518518517,0.018518518518518517
49.5,20.0,89.5,54,0.0,0.0,125.52045183932299,482.1590082661941,0.03005636136598569,0.5,0.6851851851851852,0.0,0.037037037037037035,0.2962962962962963,0.018518518518518517,0.018518518518518517
49.5,20.5,90.5,54,0.0,0.0,123.71806807227956,477.2931106591293,0.03115770885914052,0.5,0.7037037037037037,0.0,0.0,0.3148148148148148,0.0,0.018518518518518517
49.5,21.0,91.5,54,0.0,0.0,121.4378938016683,472.2220191150281,0.03244707509734307,0.5,0.7777777777777778,0.0,0.0,0.2962962962962963,0.0,0.018518518518518517
49.5,21.5,92.5,54,0.0,0.0,118.61734569508037,466.9400103531903,0.03393850377130642,0.5,0.8333333333333334,0.0,0.0,0.2962962962962963,0.0,0.018518518518518517
49.5,22.0,93.5,54,0.0,0.0,115.18529044269275,461.3772573902397,0.03564666819945781,0.5,0.8888888888888888,0.0,0.0,0.2962962962962963,0.0,0.018518518518518517
49.5,22.5,94.5,54,0.0,0.0,111.0629446198281,455.4895010654452,0.037585826305700586,0.5,0.9259259259259259,0.0,0.0,0.2962962962962963,0.0,0.018518518518518517
49.5,23.0,95.5,54,0.0,0.0,106.16620023896834,449.3601433089869,0.03976819988249048,0.5,0.9444444444444444,0.0,0.0,0.3148148148148148,0.0,0.037037037037037035
49.5,23.5,96.5,54,0.0,0.0,100.41020155503219,443.11371623332974,0.04220156377380187,0.5,1.0,0.0,0.0,0.3148148148148148,0.0,0.037037037037037035
49.5,24.0,97.5,54,0.0,0.0,93.69711116104938,436.7837114086654,0.04488581488066025,0.5,1.0,0.0,0.0,0.3148148148148148,0.0,0.037037037037037035
49.5,24.5,98.5,54,0.0,0.0,85.9797332484495,430.21484978843523,0.04780833496462674,0.5,1.0,0.0,0.0,0.3148148148148148,0.0,0.05555555555555555
49.5,25.0,99.5,54,0.0,0.0,77.2540991238406,423.4019935061611,0.05093812653844821,0.5,1.0,0.0,0.0,0.3148148148148148,0.0,0.07407407407407407
49.5,25.5,100.5,54,0.0,0.0,74.24504193141023,416.3402676235885,0.05421907043480197,0.5,1.0,0.0,0.0,0.3148148148148148,0.0,0.07407407407407407
49.5,26.0,101.5,54,0.0,0.0,73.98876691957388,409.02513173689226,0.057563302204936447,0.5,1.0,0.0,0.0,0.3333333333333333,0.0,0.09259259259259259
49.5,26.5,102.5,54,0.0,0.0,73.6137456054394,401.35177200004415,0.060846621542265444,0.5,1.0,0.0,0.0,0.35185185185185186,0.0,0.12962962962962962
49.5,27.0,103.5,54,0.0,0.0,73.16160915534134,393.24828881147806,0.06390880048177841,0.5,1.0,0.0,0.0,0.4074074074074074,0.018518518518518517,0.14814814814814814
49.5,27.5,104.5,54,0.0,0.0,72.6640223436494,384.86757099751173,0.06656205090105544,0.5,1.0,0.0,0.0,0.5555555555555556,0.2037037037037037,0.18518518518518517
49.5,28.0,105.5,54,0.0,0.0,72.1518709645079,376.2072783563012,0.06860986444352515,0.5,1.0,0.0,0.0,0.7222222222222222,0.8888888888888888,0.2222222222222222
49.5,28.5,106.5,54,0.0,0.0,71.54849309204448,367.26600870984083,0.06987529467698114,0.5,1.0,0.0,0.5,0.7222222222222222,0.9814814814814815,0.5
49.5,29.0,107.5,54,0.0,0.0,70.80756352280515,358.1105105456999,0.07023305221924393,0.5,1.0,0.0,0.5,0.8888888888888888,1.0,0.5
49.5,29.5,108.5,54,0.0,0.0,70.0184286200342,349.05975627655545,0.06963586374609491,0.5,1.0,0.0,0.5,0.9444444444444444,1.0,0.5
49.5,30.0,109.5,54,0.0,0.0,69.19122597883496,339.4716443549182,0.06812551992598119,0.5,1.0,0.0,0.5,1.0,0.9629629629629629,0.5
49.5,30.5,110.5,54,0.0,0.25925925925925924,68.25949567555702,329.75733608681963,0.0658241563496496,0.5,1.0,0.25925925925925924,0.5,1.0,0.5,0.42592592592592593
49.5,31.0,111.5,54,0.0,0.5,67.26194849592436,319.7822645255023,0.06290911292460463,0.5,1.0,0.5,0.5,0.9444444444444444,0.3333333333333333,0.25925925925925924
49.5,31.5,112.5,54,0.0,0.16666666666666666,66.1287987584106,309.5529307388701,0.05958054267920933,0.5,1.0,0.5,0.16666666666666666,0.9444444444444444,0.2222222222222222,0.2037037037037037
49.5,32.0,113.5,54,0.0,0.0,64.87194722121941,299.077757047864,0.05603174246158417,0.5,0.9444444444444444,0.5,0.0,0.9444444444444444,0.16666666666666666,0.09259259259259259
49.5,32.5,114.5,54,0.0,0.0,63.52207623866516,288.3672694193707,0.052428640290770004,0.5,0.9444444444444444,0.5,0.0,0.9444444444444444,0.16666666666666666,0.07407407407407407
49.5,33.0,115.5,54,0.0,0.0,62.1461822981168,277.33620995088074,0.04890002554875434,0.5,0.9074074074074074,0.5,0.0,0.9074074074074074,0.16666666666666666,0.037037037037037035
49.5,33.5,116.5,54,0.0,0.0,60.63314491870151,265.89769902900883,0.045536573522872825,0.5,0.8888888888888888,0.5,0.0,0.9074074074074074,0.16666666666666666,0.037037037037037035
49.5,34.0,117.5,54,0.0,0.05555555555555555,59.02581697367663,254.26861829040197,0.042395339102255604,0.5,0.8518518518518519,0.5,0.05555555555555555,0.8888888888888888,0.12962962962962962,0.018518518518518517
49.5,34.5,118.5,54,0.0,0.12962962962962962,57.32489476397924,242.47122062692728,0.03950664146426244,0.5,0.8148148148148148,0.3333333333333333,0.12962962962962962,0.8333333333333334,0.1111111111111111,0.018518518518518517
49.5,35.0,119.5,54,0.0,0.16666666666666666,55.60571450531438,230.5308953798846,0.036881212853143976,0.5,0.7962962962962963,0.18518518518518517,0.16666666666666666,0.7037037037037037,0.09259259259259259,0.018518518518518517
49.5,35.5,120.5,54,0.0,0.05555555555555555,53.802410303325196,218.47628162264772,0.03451646774086326,0.5,0.7962962962962963,0.05555555555555555,0.2222222222222222,0.6296296296296297,0.07407407407407407,0.018518518518518517
49.5,36.0,121.5,54,0.0,0.0,57.924712597035246,226.21805530852066,0.03240146928457152,0.5,0.7777777777777778,0.0,0.2222222222222222,0.6111111111111112,0.05555555555555555,0.018518518518518517
49.5,36.5,122.5,54,0.0,0.0,63.37324210425503,237.85024603601596,0.03052059114902302,0.5,0.7592592592592593,0.0,0.3148148148148148,0.5370370370370371,0.037037037037037035,0.018518518518518517
49.5,37.0,123.5,54,0.0,0.0,68.34631844623814,247.98922385246343,0.028856066584895423,0.5,0.7037037037037037,0.0,0.3888888888888889,0.46296296296296297,0.018518518518518517,0.018518518518518517
49.5,37.5,124.5,54,0.0,0.0,72.83091363484765,256.90158231093966,0.027389672042121962,0.5,0.7037037037037037,0.0,0.3888888888888889,0.4074074074074074,0.018518518518518517,0.018518518518518517
49.5,38.0,125.5,54,0.0,0.0,76.87437838732473,264.5331999034847,0.026103778267404724,0.5,0.7037037037037037,0.0,0.4444444444444444,0.37037037037037035,0.018518518518518517,0.018518518518518517
49.5,38.5,126.5,54,0.0,0.0,80.48739197439741,270.95139402106463,0.024981960495257707,0.5,0.7037037037037037,0.0,0.5,0.3148148148148148,0.0,0.018518518518518517
49.5,39.0,127.5,54,0.0,0.0,83.69418861341795,276.2927379471815,0.024009313504501025,0.5,0.7037037037037037,0.0,0.5,0.25925925925925924,0.0,0.018518518518518517
49.5,39.5,128.5,54,0.0,0.0,86.50584329400849,280.62871147938995,0.02317257683267515,0.5,0.6851851851851852,0.0,0.5,0.25925925925925924,0.0,0.018518518518518517
49.5,40.0,129.5,54,0.0,0.0,88.9979824970207,284.0197235658695,0.022460143335021228,0.5,0.6851851851851852,0.0,0.5,0.25925925925925924,0.0,0.037037037037037035
50.0,10.0,70.0,54,0.0,0.0,100.43416699829514,526.3439287885262,0.0509930740961763,0.5,0.24074074074074073,0.0,0.2777777777777778,0.9444444444444444,0.5370370370370371,0.16666666666666666
50.0,10.5,71.0,54,0.0,0.0,104.57229536091104,524.8375983033288,0.04711494495159286,0.5,0.24074074074074073,0.0,0.3333333333333333,0.9444444444444444,0.6111111111111112,0.16666666666666666
50.0,11.0,72.0,54,0.0,0.0,108.23131075125352,523.1960654017296,0.04387427599198959,0.5,0.24074074074074073,0.0,0.4444444444444444,0.9259259259259259,0.48148148148148145,0.18518518518518517
50.0,11.5,73.0,54,0.0,0.0,111.4713656869265,521.4174949264742,0.04116084061037514,0.5,0.24074074074074073,0.0,0.5,0.9259259259259259,0.4444444444444444,0.24074074074074073
50.0,12.0,74.0,54,0.0,0.0,114.34125799852056,519.4998496334637,0.03888859203756406,0.5,0.25925925925925924,0.0,0.5,0.9259259259259259,0.2777777777777778,0.3333333333333333
50.0,12.5,75.0,54,0.0,0.0,116.88035893528607,517.4408911367325,0.03698998360806291,0.5,0.2777777777777778,0.0,0.5,0.9074074074074074,0.2222222222222222,0.3333333333333333
50.0,13.0,76.0,54,0.0,0.0,119.12014701074354,515.2381808857085,0.03541177922621424,0.5,0.2962962962962963,0.0,0.5,0.8703703703703703,0.16666666666666666,0.46296296296296297
50.0,13.5,77.0,54,0.0,0.0,121.08540792530864,512.8890812451842,0.03411194345168853,0.5,0.3148148148148148,0.0,0.5,0.7777777777777778,0.16666666666666666,0.4074074074074074
50.0,14.0,78.0,54,0.0,0.0,122.7951565997113,510.390756759895,0.033057319515062904,0.5,0.3148148148148148,0.0,0.5,0.6481481481481481,0.16666666666666666,0.4074074074074074
50.0,14.5,79.0,54,0.0,0.0,124.26332857126012,507.74017569310956,0.03222188742869893,0.5,0.3148148148148148,0.0,0.5,0.48148148148148145,0.16666666666666666,0.37037037037037035
50.0,15.0,80.0,54,0.0,0.0,125.49927848036627,504.9341119412635,0.0315854533686579,0.5,0.3148148148148148,0.0,0.5,0.35185185185185186,0.16666666666666666,0.12962962962962962
50.0,15.5,81.0,54,0.0,0.0,126.5081146139584,501.96914743718446,0.031132663076276018,0.5,0.37037037037037035,0.0,0.5,0.3333333333333333,0.12962962962962962,0.09259259259259259
50.0,16.0,82.0,54,0.0,0.0,127.29089098675476,498.8416751696076,0.0308522613757409,0.5,0.37037037037037035,0.0,0.5,0.2962962962962963,0.1111111111111111,0.05555555555555555
50.0,16.5,83.0,54,0.0,0.0,127.84467234132184,495.54790295841894,0.030736540626080937,0.5,0.42592592592592593,0.0,0.5,0.2962962962962963,0.09259259259259259,0.037037037037037035
50.0,17.0,84.0,54,0.0,0.0,128.16248273693023,492.0838581448828,0.03078093546748725,0.5,0.48148148148148145,0.0,0.5,0.2777777777777778,0.07407407407407407,0.018518518518518517
50.0,17.5,85.0,54,0.0,0.0,128.34832056225574,488.4453933700963,0.030983731202933313,0.5,0.5,0.0,0.5,0.2777777777777778,0.05555555555555555,0.018518518518518517
50.0,18.0,86.0,54,0.0,0.0,128.2734489823718,484.6281936369358,0.03134585959359593,0.5,0.5185185185185185,0.0,0.3888888888888889,0.2777777777777778,0.037037037037037035,0.018518518518518517
50.0,18.5,87.0,54,0.0,0.0,127.913024290542,480.6277848704545,0.03187075929398301,0.5,0.5740740740740741,0.0,0.35185185185185186,0.2962962962962963,0.018518518518518517,0.018518518518518517
50.0,19.0,88.0,54,0.0,0.0,127.24205379835931,476.43954421456334,0.03256427877639775,0.5,0.5740740740740741,0.0,0.2222222222222222,0.2962962962962963,0.018518518518518517,0.018518518518518517
50.0,19.5,89.0,54,0.0,0.0,126.22935270704401,472.0587123271402,0.03343459720524592,0.5,0.6111111111111112,0.0,0.07407407407407407,0.2962962962962963,0.0,0.018518518518518517
50.0,20.0,90.0,54,0.0,0.0,124.8369068130665,467.4804079621618,0.03449213277571034,0.5,0.6666666666666666,0.0,0.05555555555555555,0.2962962962962963,0.0,0.018518518518518517
50.0,20.5,91.0,54,0.0,0.0,123.01921758684387,462.6996451540207,0.03574939762278059,0.5,0.7407407407407407,0.0,0.0,0.2962962962962963,0.0,0.037037037037037035
50.0,21.0,92.0,54,0.0,0.0,120.72272037790003,457.66173509075327,0.037220742294619455,0.5,0.7592592592592593,0.0,0.0,0.2962962962962963,0.0,0.037037037037037035
50.0,21.5,93.0,54,0.0,0.0,117.88542867534196,452.3147297689909,0.03892190953334146,0.5,0.8518518518518519,0.0,0.0,0.2962962962962963,0.0,0.037037037037037035
50.0,22.0,94.0,54,0.0,0.0,114.43705198781869,446.7377733691839,0.040869285496270606,0.5,0.9074074074074074,0.0,0.0,0.2962962962962963,0.0,0.037037037037037035
50.0,22.5,95.0,54,0.0,0.0,110.2999726918574,441.0167474826895,0.04307869653218766,0.5,0.9259259259259259,0.0,0.0,0.2962962962962963,0.0,0.037037037037037035
50.0,23.0,96.0,54,0.0,0.0,105.39165653920877,435.22957222142946,0.04556355426946942,0.5,0.9629629629629629,0.0,0.0,0.2962962962962963,0.0,0.037037037037037035
50.0,23.5,97.0,54,0.0,0.0,99.62930999011797,429.2150316227082,0.04833211081441523,0.5,1.0,0.0,0.0,0.2962962962962963,0.0,0.05555555555555555
50.0,24.0,98.0,54,0.0,0.0,92.93785429075926,422.9683290960482,0.051383571402352196,0.5,1.0,0.0,0.0,0.3148148148148148,0.0,0.05555555555555555
50.0,24.5,99.0,54,0.0,0.0,85.26247097748738,416.4848380072356,0.05470286590652531,0.5,1.0,0.0,0.0,0.3148148148148148,0.0,0.07407407407407407
50.0,25.0,100.0,54,0.0,0.0,76.58689241277338,409.76015900572537,0.05825407147221546,0.5,1.0,0.0,0.0,0.3148148148148148,0.0,0.07407407407407407
50.0,25.5,101.0,54,0.0,0.0,71.58830759901298,402.7901843402338,0.06197289676716336,0.5,1.0,0.0,0.0,0.3333333333333333,0.0,0.07407407407407407
50.0,26.0,102.0,54,0.0,0.0,71.26375417972167,395.47953019678886,0.06575936366380643,0.5,1.0,0.0,0.0,0.3333333333333333,0.0,0.1111111111111111
50.0,26.5,103.0,54,0.0,0.0,70.86800142465837,387.74972325112634,0.06947283587261305,0.5,1.0,0.0,0.0,0.35185185185185186,0.0,0.12962962962962962
50.0,27.0,104.0,54,0.0,0.0,70.46300071761709,379.75271668851866,0.0729325791726756,0.5,1.0,0.0,0.0,0.46296296296296297,0.0,0.16666666666666666
50.0,27.5,105.0,54,0.0,0.0,70.01054500769007,371.48633211145534,0.07592743777326681,0.5,1.0,0.0,0.0,0.6666666666666666,0.18518518518518517,0.18518518518518517
50.0,28.0,106.0,54,0.0,0.0,69.48102626574385,362.9492195626641,0.07823700958170662,0.5,1.0,0.0,0.0,0.7222222222222222,0.8888888888888888,0.2222222222222222
50.0,28.5,107.0,54,0.0,0.0,68.8104028314774,354.14098851604734,0.07966320707082995,0.5,1.0,0.0,0.5,0.8703703703703703,0.9814814814814815,0.5
50.0,29.0,108.0,54,0.0,0.0,68.06002782751551,345.36270454551646,0.08006592408030566,0.5,1.0,0.0,0.5,0.8888888888888888,1.0,0.5
50.0,29.5,109.0,54,0.0,0.0,67.31681729370341,336.30931903968315,0.07939226094210848,0.5,1.0,0.0,0.5,1.0,1.0,0.5
50.0,30.0,110.0,54,0.0,0.0,66.45894063171653,327.0242137757359,0.07768877532024912,0.5,1.0,0.0,0.5,1.0,0.9814814814814815,0.5
50.0,30.5,111.0,54,0.0,0.3148148148148148,65.5471081300553,317.4860160018518,0.07509185985709753,0.5,1.0,0.3148148148148148,0.5,1.0,0.5,0.46296296296296297
50.0,31.0,112.0,54,0.0,0.5,64.54993921955321,307.70039460833056,0.07179990683123223,0.5,1.0,0.5,0.5,0.9814814814814815,0.3333333333333333,0.25925925925925924
50.0,31.5,113.0,54,0.0,0.16666666666666666,63.401898778787306,297.67472643759555,0.06803733428916832,0.5,1.0,0.5,0.16666666666666666,0.9629629629629629,0.2222222222222222,0.24074074074074073
50.0,32.0,114.0,54,0.0,0.0,62.15335324426833,287.4182609938314,0.06402148272318256,0.5,0.9814814814814815,0.5,0.0,0.9444444444444444,0.16666666666666666,0.12962962962962962
50.0,32.5,115.0,54,0.0,0.0,60.81591059269296,276.9422860515158,0.05993955665333816,0.5,0.9629629629629629,0.5,0.0,0.9444444444444444,0.16666666666666666,0.07407407407407407
50.0,33.0,116.0,54,0.0,0.0,59.435047170383946,266.05703094735946,0.055937463237471396,0.5,0.9444444444444444,0.5,0.0,0.9444444444444444,0.16666666666666666,0.05555555555555555
50.0,33.5,117.0,54,0.0,0.05555555555555555,57.94344601461276,254.89267189792656,0.052118472800070065,0.5,0.9074074074074074,0.5,0.05555555555555555,0.9444444444444444,0.12962962962962962,0.037037037037037035
50.0,34.0,118.0,54,0.0,0.05555555555555555,56.36261694895672,243.5564396161169,0.04854805480406539,0.5,0.8888888888888888,0.5,0.05555555555555555,0.9074074074074074,0.1111111111111111,0.018518518518518517
50.0,34.5,119.0,54,0.0,0.16666666666666666,54.693560738174604,232.0708781310242,0.045261471902038046,0.5,0.8888888888888888,0.35185185185185186,0.16666666666666666,0.8148148148148148,0.07407407407407407,0.018518518518518517
50.0,35.0,120.0,54,0.0,0.16666666666666666,52.99292080533754,220.46147617584177,0.0422717443395267,0.5,0.8888888888888888,0.2037037037037037,0.16666666666666666,0.7222222222222222,0.07407407407407407,0.018518518518518517
50.0,35.5,121.0,54,0.0,0.07407407407407407,52.124801720843834,213.27012533833118,0.03957668195816395,0.5,0.8148148148148148,0.07407407407407407,0.2222222222222222,0.6666666666666666,0.05555555555555555,0.018518518518518517
50.0,36.0,122.0,54,0.0,0.0,57.70709689719071,225.0752382762599,0.03716448651374797,0.5,0.7962962962962963,0.0,0.2777777777777778,0.6296296296296297,0.037037037037037035,0.018518518518518517
50.0,36.5,123.0,54,0.0,0.0,63.132428754504275,236.6493821468379,0.03501790398549263,0.5,0.7962962962962963,0.0,0.3333333333333333,0.5555555555555556,0.018518518518518517,0.018518518518518517
50.0,37.0,124.0,54,0.0,0.0,68.07499117248997,246.9174391687892,0.03311713034560474,0.5,0.7962962962962963,0.0,0.3888888888888889,0.46296296296296297,0.018518518518518517,0.018518518518518517
50.0,37.5,125.0,54,0.0,0.0,72.5527445874278,255.78222810259848,0.031441741853755506,0.5,0.7777777777777778,0.0,0.4444444444444444,0.42592592592592593,0.0,0.018518518518518517
50.0,38.0,126.0,54,0.0,0.0,76.5768879321579,263.37845849723607,0.02997190862944582,0.5,0.7592592592592593,0.0,0.5,0.35185185185185186,0.0,0.037037037037037035
50.0,38.5,127.0,54,0.0,0.0,80.17095221850455,269.8161970547345,0.02868910609465076,0.5,0.7592592592592593,0.0,0.5,0.2962962962962963,0.0,0.037037037037037035
50.0,39.0,128.0,54,0.0,0.0,83.33123612284325,275.1767331936573,0.027576488562269134,0.5,0.7407407407407407,0.0,0.5,0.2777777777777778,0.0,0.037037037037037035
50.0,39.5,129.0,54,0.0,0.0,86.1709977276774,279.5309790573532,0.026619044252693794,0.5,0.7222222222222222,0.0,0.5,0.25925925925925924,0.0,0.037037037037037035
50.0,40.0,130.0,54,0.0,0.0,88.65598790814968,282.9389559495334,0.025803615046932904,0.5,0.7222222222222222,0.0,0.5,0.2777777777777778,0.0,0.037037037037037035
50.5,10.0,70.5,54,0.0,0.0,99.57380654447903,505.794627372125,0.058575170645183694,0.5,0.3148148148148148,0.0,0.3333333333333333,0.9444444444444444,0.5185185185185185,0.16666666666666666
50.5,10.5,71.5,54,0.0,0.0,103.74551430450425,504.56082863870876,0.05415454887306638,0.5,0.3148148148148148,0.0,0.4444444444444444,0.9444444444444444,0.6481481481481481,0.16666666666666666
50.5,11.0,72.5,54,0.0,0.0,107.43515967806904,503.1768027766251,0.05045626544884357,0.5,0.3148148148148148,0.0,0.5,0.9444444444444444,0.48148148148148145,0.18518518518518517
50.5,11.5,73.5,54,0.0,0.0,110.70265077309499,501.6415588226102,0.047356648649877355,0.5,0.3148148148148148,0.0,0.5,0.9444444444444444,0.4444444444444444,0.24074074074074073
50.5,12.0,74.5,54,0.0,0.0,113.59673068420082,499.9538602374853,0.044758884410065605,0.5,0.3148148148148148,0.0,0.5,0.9444444444444444,0.2777777777777778,0.3333333333333333
50.5,12.5,75.5,54,0.0,0.0,116.15682185355982,498.1122306808158,0.04258679357550265,0.5,0.3148148148148148,0.0,0.5,0.9259259259259259,0.2222222222222222,0.3333333333333333
50.5,13.0,76.5,54,0.0,0.0,118.41450860636083,496.1149595053864,0.040780216017419116,0.5,0.35185185185185186,0.0,0.5,0.8888888888888888,0.16666666666666666,0.46296296296296297
50.5,13.5,77.5,54,0.0,0.0,120.39470596384145,493.96010708288236,0.039291568148790715,0.5,0.35185185185185186,0.0,0.5,0.7592592592592593,0.16666666666666666,0.4444444444444444
50.5,14.0,78.5,54,0.0,0.0,122.1165632047511,491.6455100782367,0.03808326244651201,0.5,0.35185185185185186,0.0,0.5,0.6111111111111112,0.16666666666666666,0.4074074074074074
50.5,14.5,79.5,54,0.0,0.0,123.59414475273469,489.16878679490975,0.03712576509847015,0.5,0.35185185185185186,0.0,0.5,0.4444444444444444,0.16666666666666666,0.37037037037037035
50.5,15.0,80.5,54,0.0,0.0,124.83692324028651,486.5273427206884,0.036396130266161,0.5,0.35185185185185186,0.0,0.5,0.35185185185185186,0.14814814814814814,0.14814814814814814
50.5,15.5,81.5,54,0.0,0.0,125.85011197176219,483.7183764130254,0.03587689383247599,0.5,0.35185185185185186,0.0,0.5,0.3333333333333333,0.12962962962962962,0.09259259259259259
50.5,16.0,82.5,54,0.0,0.0,126.63485725075009,480.738885871926,0.03555524107961047,0.5,0.3888888888888889,0.0,0.5,0.3148148148148148,0.07407407407407407,0.07407407407407407
50.5,16.5,83.5,54,0.0,0.0,127.18830542257315,477.5856755610671,0.0354223851716007,0.5,0.42592592592592593,0.0,0.5,0.2777777777777778,0.07407407407407407,0.037037037037037035
50.5,17.0,84.5,54,0.0,0.0,127.50355511526928,474.25536425004043,0.03547310912046808,0.5,0.46296296296296297,0.0,0.5,0.2777777777777778,0.05555555555555555,0.037037037037037035
50.5,17.5,85.5,54,0.0,0.0,127.59596883449244,470.7443938667351,0.035705434779595244,0.5,0.5370370370370371,0.0,0.5,0.2962962962962963,0.018518518518518517,0.037037037037037035
50.5,18.0,86.5,54,0.0,0.0,127.51405906654692,467.0490395632674,0.03612038939325663,0.5,0.5555555555555556,0.0,0.4444444444444444,0.2777777777777778,0.018518518518518517,0.037037037037037035
50.5,18.5,87.5,54,0.0,0.0,127.14410351437182,463.16542121875074,0.036721843907752114,0.5,0.5740740740740741,0.0,0.3888888888888889,0.2962962962962963,0.0,0.037037037037037035
50.5,19.0,88.5,54,0.0,0.0,126.46123046296472,459.0895166199379,0.03751639777202537,0.5,0.6111111111111112,0.0,0.24074074074074073,0.2962962962962963,0.0,0.037037037037037035
50.5,19.5,89.5,54,0.0,0.0,125.4344227532416,454.81717658264307,0.038513282092126885,0.5,0.6481481481481481,0.0,0.18518518518518517,0.2962962962962963,0.0,0.037037037037037035
50.5,20.0,90.5,54,0.0,0.0,124.02590721948468,450.24471318707424,0.03972424613542422,0.5,0.7037037037037037,0.0,0.05555555555555555,0.2962962962962963,0.0,0.037037037037037035
50.5,20.5,91.5,54,0.0,0.0,122.19053539356669,445.438520579406,0.041163380296590536,0.5,0.7592592592592593,0.0,0.018518518518518517,0.2962962962962963,0.0,0.037037037037037035
50.5,21.0,92.5,54,0.0,0.0,119.87524850887431,440.4118042837756,0.04284681037415605,0.5,0.7777777777777778,0.0,0.0,0.2962962962962963,0.0,0.018518518518518517
50.5,21.5,93.5,54,0.0,0.0,117.0187819354786,435.3257462153229,0.04479217181954877,0.5,0.8518518518518519,0.0,0.0,0.2962962962962963,0.0,0.018518518518518517
50.5,22.0,94.5,54,0.0,0.0,113.55185798365532,430.07935584405266,0.04701773726865769,0.5,0.9259259259259259,0.0,0.0,0.2962962962962963,0.0,0.018518518518518517
50.5,22.5,95.5,54,0.0,0.0,109.39825148536023,424.61551233926946,0.04954102631241985,0.5,0.9444444444444444,0.0,0.0,0.2962962962962963,0.0,0.037037037037037035
50.5,23.0,96.5,54,0.0,0.0,104.47729694313209,418.9299523838196,0.052376676887981075,0.5,0.9814814814814815,0.0,0.0,0.2962962962962963,0.0,0.037037037037037035
50.5,23.5,97.5,54,0.0,0.0,98.70863524867225,413.01851371718186,0.05553331424736356,0.5,1.0,0.0,0.0,0.2962962962962963,0.0,0.05555555555555555
50.5,24.0,98.5,54,0.0,0.0,92.02023928985813,406.8771815163539,0.059009141432050896,0.5,1.0,0.0,0.0,0.2962962962962963,0.0,0.05555555555555555
50.5,24.5,99.5,54,0.0,0.0,84.36091991005412,400.50214036523664,0.06278604180402009,0.5,1.0,0.0,0.0,0.3148148148148148,0.0,0.07407407407407407
50.5,25.0,100.5,54,0.0,0.0,75.71840531128625,393.88983225967644,0.06682220515240958,0.5,1.0,0.0,0.0,0.3148148148148148,0.0,0.09259259259259259
50.5,25.5,101.5,54,0.0,0.0,68.43748218519863,386.92054299339236,0.07104376278905085,0.5,1.0,0.0,0.0,0.3333333333333333,0.0,0.1111111111111111
50.5,26.0,102.5,54,0.0,0.0,68.12177677999576,379.5762381229027,0.0753367272251401,0.5,1.0,0.0,0.0,0.3333333333333333,0.0,0.12962962962962962
50.5,26.5,103.5,54,0.0,0.0,67.79127023808816,371.9751658769655,0.07954164909556369,0.5,1.0,0.0,0.0,0.35185185185185186,0.0,0.14814814814814814
50.5,27.0,104.5,54,0.0,0.0,67.39363922526577,364.1154879336165,0.08345452317444099,0.5,1.0,0.0,0.0,0.5,0.0,0.16666666666666666
50.5,27.5,105.5,54,0.0,0.0,66.92501988466866,355.9961012846447,0.08683786914920644,0.5,1.0,0.0,0.0,0.6666666666666666,0.18518518518518517,0.18518518518518517
50.5,28.0,106.5,54,0.0,0.0,66.31963822950523,347.6167537468725,0.08944453190303647,0.5,1.0,0.0,0.0,0.7222222222222222,0.8888888888888888,0.2222222222222222
50.5,28.5,107.5,54,0.0,0.0,65.63897186633733,339.0927720202751,0.0910528647266835,0.5,1.0,0.0,0.5,0.8888888888888888,0.9814814814814815,0.5
50.5,29.0,108.5,54,0.0,0.0,64.9140316509588,330.58946619406464,0.09150629880583273,0.5,1.0,0.0,0.5,0.9629629629629629,1.0,0.5
50.5,29.5,109.5,54,0.0,0.0,64.15669191036716,321.750836508522,0.0907456793264571,0.5,1.0,0.0,0.5,1.0,1.0,0.5
50.5,30.0,110.5,54,0.0,0.0,63.3258805690677,312.6704333908632,0.08882282060515828,0.5,1.0,0.0,0.5,1.0,0.9814814814814815,0.5
50.5,30.5,111.5,54,0.0,0.3333333333333333,62.4146321975333,303.3515218417958,0.08588991351307178,0.5,1.0,0.3333333333333333,0.5,1.0,0.5,0.46296296296296297
50.5,31.0,112.5,54,0.0,0.5,61.41439855349578,293.800730841057,0.08216877430742936,0.5,1.0,0.5,0.5,1.0,0.3333333333333333,0.2777777777777778
50.5,31.5,113.5,54,0.0,0.18518518518518517,60.26336302173324,284.02634818414515,0.07791096341846446,0.5,1.0,0.5,0.18518518518518517,0.9814814814814815,0.2222222222222222,0.2222222222222222
50.5,32.0,114.5,54,0.0,0.0,59.02864999811935,274.0384680317163,0.07336089318225918,0.5,1.0,0.5,0.0,0.9629629629629629,0.16666666666666666,0.14814814814814814
50.5,32.5,115.5,54,0.0,0.0,57.70988144454484,263.8245402704146,0.06872991114921986,0.5,0.9814814814814815,0.5,0.0,0.9629629629629629,0.16666666666666666,0.09259259259259259
50.5,33.0,116.5,54,0.0,0.05555555555555555,56.328419344550106,253.16359047136078,0.06418352608336841,0.5,0.9814814814814815,0.5,0.05555555555555555,0.9629629629629629,0.12962962962962962,0.05555555555555555
50.5,33.5,117.5,54,0.0,0.05555555555555555,54.865945611587094,242.33157663878205,0.05983959005331835,0.5,0.9444444444444444,0.5,0.05555555555555555,0.9444444444444444,0.1111111111111111,0.05555555555555555
50.5,34.0,118.5,54,0.0,0.16666666666666666,53.32007876977405,231.34858216319398,0.055773455303318974,0.5,0.9444444444444444,0.5,0.16666666666666666,0.9074074074074074,0.07407407407407407,0.037037037037037035
50.5,34.5,119.5,54,0.0,0.16666666666666666,51.692132395934884,220.23732269810216,0.0520263208783057,0.5,0.9444444444444444,0.3888888888888889,0.16666666666666666,0.8148148148148148,0.05555555555555555,0.037037037037037035
50.5,35.0,120.5,54,0.0,0.2222222222222222,50.01520574991971,209.02323426344918,0.04861409033442611,0.5,0.8888888888888888,0.2222222222222222,0.2222222222222222,0.7222222222222222,0.05555555555555555,0.037037037037037035
50.5,35.5,121.5,54,0.0,0.09259259259259259,51.578704830240035,211.01909182923836,0.04553525486425597,0.5,0.8888888888888888,0.09259259259259259,0.2222222222222222,0.6851851851851852,0.018518518518518517,0.037037037037037035
50.5,36.0,122.5,54,0.0,0.0,57.40525674289823,223.649364264015,0.042777215084560984,0.5,0.8888888888888888,0.0,0.3333333333333333,0.6296296296296297,0.018518518518518517,0.037037037037037035
50.5,36.5,123.5,54,0.0,0.0,62.80695022250337,235.31212241379404,0.04032099508030138,0.5,0.8703703703703703,0.0,0.3888888888888889,0.5555555555555556,0.0,0.037037037037037035
50.5,37.0,124.5,54,0.0,0.0,67.72209495313527,245.5193478559928,0.038144561353077235,0.5,0.8518518518518519,0.0,0.3888888888888889,0.48148148148148145,0.0,0.037037037037037035
50.5,37.5,125.5,54,0.0,0.0,72.15126195216885,254.38479973218892,0.03622504219121441,0.5,0.8333333333333334,0.0,0.5,0.4444444444444444,0.0,0.037037037037037035
50.5,38.0,126.5,54,0.0,0.0,76.1359930769796,262.0033792559871,0.034540134105376895,0.5,0.8333333333333334,0.0,0.5,0.3333333333333333,0.0,0.037037037037037035
50.5,38.5,127.5,54,0.0,0.0,79.6977342010762,268.4640877258424,0.03306893539041925,0.5,0.8148148148148148,0.0,0.5,0.2962962962962963,0.0,0.018518518518518517
50.5,39.0,128.5,54,0.0,0.0,82.92096710064274,273.84725207810374,0.031792391937149916,0.5,0.7962962962962963,0.0,0.5,0.2777777777777778,0.0,0.018518518518518517
50.5,39.5,129.5,54,0.0,0.0,85.7494425138905,278.2231006542002,0.03069349054284298,0.5,0.7777777777777778,0.0,0.5,0.2777777777777778,0.0,0.037037037037037035
50.5,40.0,130.5,54,0.0,0.0,88.21926182902338,281.65118616407307,0.029757294707772844,0.5,0.7777777777777778,0.0,0.5,0.2777777777777778,0.0,0.037037037037037035
51.0,10.0,71.0,54,0.0,0.0,98.56083949066551,482.0254584118699,0.06749349919511445,0.5,0.35185185185185186,0.0,0.4444444444444444,0.9629629629629629,0.5185185185185185,0.16666666666666666
51.0,10.5,72.0,54,0.0,0.0,102.77076711447648,481.08063688577903,0.0624463198969911,0.5,0.35185185185185186,0.0,0.5,0.9629629629629629,0.6851851851851852,0.16666666666666666
51.0,11.0,73.0,54,0.0,0.0,106.49546928392606,479.9708633129259,0.058218073694253976,0.5,0.35185185185185186,0.0,0.5,0.9629629629629629,0.48148148148148145,0.18518518518518517
51.0,11.5,74.0,54,0.0,0.0,109.79449527194265,478.6959223822425,0.054670207637442333,0.5,0.35185185185185186,0.0,0.5,0.9629629629629629,0.4444444444444444,0.25925925925925924
51.0,12.0,75.0,54,0.0,0.0,112.71646877556503,477.25532452403496,0.05169389578104374,0.5,0.35185185185185186,0.0,0.5,0.9629629629629629,0.2777777777777778,0.3333333333333333
51.0,12.5,76.0,54,0.0,0.0,115.30083046097877,475.6483150210823,0.04920326610560608,0.5,0.35185185185185186,0.0,0.5,0.9444444444444444,0.2222222222222222,0.3333333333333333
51.0,13.0,77.0,54,0.0,0.0,117.57925728881172,473.8738827393874,0.047130342185347104,0.5,0.35185185185185186,0.0,0.5,0.8888888888888888,0.16666666666666666,0.5
51.0,13.5,78.0,54,0.0,0.0,119.5767924332607,471.9307686025762,0.04542124933903993,0.5,0.3888888888888889,0.0,0.5,0.7777777777777778,0.16666666666666666,0.46296296296296297
51.0,14.0,79.0,54,0.0,0.0,121.31272533048993,469.81747393861093,0.04403335718137395,0.5,0.3888888888888889,0.0,0.5,0.5925925925925926,0.16666666666666666,0.42592592592592593
51.0,14.5,80.0,54,0.0,0.0,122.80125885277525,467.5322688314637,0.0429331200291478,0.5,0.3888888888888889,0.0,0.5,0.4444444444444444,0.16666666666666666,0.37037037037037035
51.0,15.0,81.0,54,0.0,0.0,124.05199498963904,465.07320061817455,0.042094441478321566,0.5,0.3888888888888889,0.0,0.5,0.35185185185185186,0.12962962962962962,0.14814814814814814
51.0,15.5,82.0,54,0.0,0.0,125.07026413262984,462.4381026777221,0.04149743620577266,0.5,0.42592592592592593,0.0,0.5,0.2962962962962963,0.09259259259259259,0.09259259259259259
51.0,16.0,83.0,54,0.0,0.0,125.85731717477023,459.6246036681295,0.041127495632750116,0.5,0.42592592592592593,0.0,0.5,0.3148148148148148,0.07407407407407407,0.07407407407407407
51.0,16.5,84.0,54,0.0,0.0,126.41039460594781,456.6301373780516,0.04097458812211986,0.5,0.42592592592592593,0.0,0.5,0.2962962962962963,0.05555555555555555,0.07407407407407407
51.0,17.0,85.0,54,0.0,0.0,126.72268283319859,453.45195337,0.04103274140277598,0.5,0.46296296296296297,0.0,0.5,0.2777777777777778,0.018518518518518517,0.05555555555555555
51.0,17.5,86.0,54,0.0,0.0,126.78316527451297,450.0871286062277,0.04129966663652096,0.5,0.5740740740740741,0.0,0.5,0.2962962962962963,0.018518518518518517,0.05555555555555555
51.0,18.0,87.0,54,0.0,0.0,126.66295543604942,446.51863166669153,0.04177649104720113,0.5,0.5925925925925926,0.0,0.48148148148148145,0.2962962962962963,0.0,0.05555555555555555
51.0,18.5,88.0,54,0.0,0.0,126.28378503550034,442.67817297709746,0.04246756989147956,0.5,0.5925925925925926,0.0,0.3888888888888889,0.2962962962962963,0.0,0.05555555555555555
51.0,19.0,89.0,54,0.0,0.0,125.58922406826176,438.6318495382198,0.04338034889610364,0.5,0.6296296296296297,0.0,0.3148148148148148,0.2962962962962963,0.0,0.037037037037037035
51.0,19.5,90.0,54,0.0,0.0,124.54847945759084,434.3759028739895,0.044525244832049345,0.5,0.6481481481481481,0.0,0.2222222222222222,0.2777777777777778,0.0,0.018518518518518517
51.0,20.0,91.0,54,0.0,0.0,123.12408907219205,430.06009706363835,0.04591550393695636,0.5,0.7222222222222222,0.0,0.09259259259259259,0.2777777777777778,0.0,0.018518518518518517
51.0,20.5,92.0,54,0.0,0.0,121.27134199067692,425.56652830914567,0.04756698430979378,0.5,0.7592592592592593,0.0,0.05555555555555555,0.2777777777777778,0.0,0.037037037037037035
51.0,21.0,93.0,54,0.0,0.0,118.93779476550235,420.8671745430286,0.049497787696072604,0.5,0.7777777777777778,0.0,0.0,0.2777777777777778,0.0,0.037037037037037035
51.0,21.5,94.0,54,0.0,0.0,116.06304073776677,415.9584418511702,0.05172763661693745,0.5,0.8888888888888888,0.0,0.0,0.2777777777777778,0.0,0.037037037037037035
51.0,22.0,95.0,54,0.0,0.0,112.57898207833298,410.8367525315384,0.05427685335000289,0.5,0.9444444444444444,0.0,0.0,0.2777777777777778,0.0,0.037037037037037035
51.0,22.5,96.0,54,0.0,0.0,108.41098681151223,405.4985792348085,0.05716474831560322,0.5,0.9444444444444444,0.0,0.0,0.2777777777777778,0.0,0.05555555555555555
51.0,23.0,97.0,54,0.0,0.0,103.48049161403169,399.9404831341749,0.06040717163405719,0.5,1.0,0.0,0.0,0.2777777777777778,0.0,0.05555555555555555
51.0,23.5,98.0,54,0.0,0.0,97.70982992267714,394.15915649317037,0.06401293631401703,0.5,1.0,0.0,0.0,0.2962962962962963,0.0,0.05555555555555555
51.0,24.0,99.0,54,0.0,0.0,91.03028936685361,388.151470004508,0.06797881355620798,0.5,1.0,0.0,0.0,0.2962962962962963,0.0,0.05555555555555555
51.0,24.5,100.0,54,0.0,0.0,83.39454098493755,381.91452527044885,0.07228288306657427,0.5,1.0,0.0,0.0,0.3148148148148148,0.0,0.07407407407407407
51.0,25.0,101.0,54,0.0,0.0,74.7944474111412,375.27174228625705,0.07687627763723451,0.5,1.0,0.0,0.0,0.3148148148148148,0.0,0.09259259259259259
51.0,25.5,102.0,54,0.0,0.0,65.75760629156217,368.33027015817055,0.08167389805628064,0.5,1.0,0.0,0.0,0.3333333333333333,0.0,0.1111111111111111
51.0,26.0,103.0,54,0.0,0.0,64.5908760049496,361.1428937885514,0.08654557719584713,0.5,1.0,0.0,0.0,0.3333333333333333,0.0,0.1111111111111111
51.0,26.5,104.0,54,0.0,0.0,64.24343229798566,353.7082774045083,0.09131039739522026,0.5,1.0,0.0,0.0,0.3888888888888889,0.0,0.14814814814814814
51.0,27.0,105.0,54,0.0,0.0,63.82334147143147,346.02574154069737,0.09573806518003755,0.5,1.0,0.0,0.0,0.5370370370370371,0.0,0.16666666666666666
51.0,27.5,106.0,54,0.0,0.0,63.278533705471595,338.09536423119823,0.0995616192311846,0.5,1.0,0.0,0.0,0.7222222222222222,0.18518518518518517,0.18518518518518517
51.0,28.0,107.0,54,0.0,0.0,62.66297381098222,329.91808978647543,0.10250415993663435,0.5,1.0,0.0,0.0,0.7777777777777778,0.8888888888888888,0.2222222222222222
51.0,28.5,108.0,54,0.0,0.0,61.97506627593202,321.8726043964563,0.10431799298699318,0.5,1.0,0.0,0.5,0.8888888888888888,1.0,0.5
51.0,29.0,109.0,54,0.0,0.0,61.30560907818549,313.5753423649605,0.10482840944623197,0.5,1.0,0.0,0.5,1.0,1.0,0.5
51.0,29.5,110.0,54,0.0,0.0,60.542878330625115,304.9787411918489,0.10396935169871227,0.5,1.0,0.0,0.5,1.0,1.0,0.5
51.0,30.0,111.0,54,0.0,0.018518518518518517,59.713433428768276,296.1545043494678,0.10179836386645064,0.5,1.0,0.018518518518518517,0.5,1.0,0.9814814814814815,0.5
51.0,30.5,112.0,54,0.0,0.3888888888888889,58.80753329916041,287.1087827485834,0.09848497604328482,0.5,1.0,0.3888888888888889,0.5,1.0,0.5,0.5
51.0,31.0,113.0,54,0.0,0.5,57.79783057280741,277.84918867914956,0.09427684620329776,0.5,1.0,0.5,0.5,1.0,0.3333333333333333,0.3148148148148148
51.0,31.5,114.0,54,0.0,0.2037037037037037,56.66285460027769,268.3849244634742,0.08945567374468812,0.5,1.0,0.5,0.2037037037037037,1.0,0.2222222222222222,0.2222222222222222
51.0,32.0,115.0,54,0.0,0.0,55.44947922215316,258.72691050296146,0.08429617071533742,0.5,1.0,0.5,0.0,1.0,0.16666666666666666,0.12962962962962962
51.0,32.5,116.0,54,0.0,0.05555555555555555,54.15770144364893,248.75254245645894,0.07903695860714186,0.5,1.0,0.5,0.05555555555555555,0.9814814814814815,0.16666666666666666,0.09259259259259259
51.0,33.0,117.0,54,0.0,0.05555555555555555,52.782387369061844,238.47137006035177,0.07386592979341561,0.5,1.0,0.5,0.05555555555555555,0.9814814814814815,0.12962962962962962,0.07407407407407407
51.0,33.5,118.0,54,0.0,0.1111111111111111,51.358947110868186,228.04198272479823,0.0689178027826596,0.5,0.9814814814814815,0.5,0.1111111111111111,0.9444444444444444,0.07407407407407407,0.07407407407407407
51.0,34.0,119.0,54,0.0,0.16666666666666666,49.85878729919705,217.48468709156043,0.06427955111956238,0.5,0.9814814814814815,0.5,0.16666666666666666,0.9074074074074074,0.05555555555555555,0.07407407407407407
51.0,34.5,120.0,54,0.0,0.2222222222222222,48.28353143573323,206.82219177006084,0.05999952901129884,0.5,0.9444444444444444,0.42592592592592593,0.2222222222222222,0.8148148148148148,0.05555555555555555,0.05555555555555555
51.0,35.0,121.0,54,0.0,0.2222222222222222,46.63751418556399,197.71619040492504,0.05609729368283201,0.5,0.9444444444444444,0.25925925925925924,0.2222222222222222,0.7222222222222222,0.018518518518518517,0.05555555555555555
51.0,35.5,122.0,54,0.0,0.12962962962962962,51.086777905600954,208.81666686614352,0.05257242934794221,0.5,0.9444444444444444,0.12962962962962962,0.3333333333333333,0.6851851851851852,0.0,0.05555555555555555
51.0,36.0,123.0,54,0.0,0.0,56.92275357039884,221.99568850951633,0.049411678146068,0.5,0.9259259259259259,0.0,0.3888888888888889,0.6296296296296297,0.0,0.05555555555555555
51.0,36.5,124.0,54,0.0,0.0,62.2801727943727,233.6577628936291,0.04659429522490341,0.5,0.9074074074074074,0.0,0.3888888888888889,0.5555555555555556,0.0,0.037037037037037035
51.0,37.0,125.0,54,0.0,0.0,67.16335557172457,243.88864231596514,0.04409584560932999,0.5,0.8888888888888888,0.0,0.5,0.48148148148148145,0.0,0.037037037037037035
51.0,37.5,126.0,54,0.0,0.0,71.58600265844731,252.78167077484446,0.041890762491895675,0.5,0.8888888888888888,0.0,0.5,0.4074074074074074,0.0,0.037037037037037035
51.0,38.0,127.0,54,0.0,0.0,75.60800367321379,260.4297699158882,0.039953983137483294,0.5,0.8703703703703703,0.0,0.5,0.3333333333333333,0.0,0.037037037037037035
51.0,38.5,128.0,54,0.0,0.0,79.2101546600393,266.9204776411532,0.03826193034223212,0.5,0.8518518518518519,0.0,0.5,0.2962962962962963,0.0,0.037037037037037035
51.0,39.0,129.0,54,0.0,0.0,82.41654651403825,272.3330660321254,0.03679304787616521,0.5,0.8518518518518519,0.0,0.5,0.2962962962962963,0.0,0.037037037037037035
51.0,39.5,130.0,54,0.0,0.0,85.24685903317834,276.7370262018518,0.035528043292110845,0.5,0.8518518518518519,0.0,0.5,0.2777777777777778,0.0,0.037037037037037035
51.0,40.0,131.0,54,0.0,0.0,87.71864943692917,280.19141801595055,0.03444994652864692,0.5,0.8518518518518519,0.0,0.5,0.2777777777777778,0.0,0.05555555555555555
51.5,10.0,71.5,54,0.0,0.0,97.38662383740792,454.68820380260485,0.07765010085660685,0.5,0.3888888888888889,0.0,0.5,1.0,0.5185185185185185,0.16666666666666666
51.5,10.5,72.5,54,0.0,0.0,101.64054072322628,454.0414385286301,0.07190221000653403,0.5,0.3888888888888889,0.0,0.5,0.9814814814814815,0.6851851851851852,0.16666666666666666
51.5,11.0,73.5,54,0.0,0.0,105.40575802762824,453.2161513318795,0.06707948730194305,0.5,0.3888888888888889,0.0,0.5,0.9814814814814815,0.5185185185185185,0.18518518518518517
51.5,11.5,74.5,54,0.0,0.0,108.7413718149229,452.212784339125,0.06302751924104931,0.5,0.3888888888888889,0.0,0.5,0.9814814814814815,0.4444444444444444,0.25925925925925924
51.5,12.0,75.5,54,0.0,0.0,111.695838620383,451.031496205587,0.05962455923171673,0.5,0.3888888888888889,0.0,0.5,0.9814814814814815,0.2777777777777778,0.3333333333333333
51.5,12.5,76.5,54,0.0,0.0,114.308599143442,449.6721727943572,0.0567742305481441,0.5,0.4074074074074074,0.0,0.5,0.9629629629629629,0.2222222222222222,0.35185185185185186
51.5,13.0,77.5,54,0.0,0.0,116.61142314585764,448.13443759387314,0.054400033040147885,0.5,0.4074074074074074,0.0,0.5,0.8888888888888888,0.16666666666666666,0.5
51.5,13.5,78.5,54,0.0,0.0,118.62949318287855,446.4176619833517,0.0524411957005501,0.5,0.42592592592592593,0.0,0.5,0.7407407407407407,0.16666666666666666,0.46296296296296297
51.5,14.0,79.5,54,0.0,0.0,120.38225648061275,444.5209754622356,0.050849535483284615,0.5,0.42592592592592593,0.0,0.5,0.5555555555555556,0.16666666666666666,0.46296296296296297
51.5,14.5,80.5,54,0.0,0.0,121.88407551593768,442.44327596654966,0.049587072002250945,0.5,0.42592592592592593,0.0,0.5,0.42592592592592593,0.12962962962962962,0.4074074074074074
51.5,15.0,81.5,54,0.0,0.0,123.14470464523511,440.1832404030729,0.04862421376067803,0.5,0.42592592592592593,0.0,0.5,0.35185185185185186,0.1111111111111111,0.14814814814814814
51.5,15.5,82.5,54,0.0,0.0,124.16961538705131,437.72494119374477,0.04793837989630581,0.5,0.4444444444444444,0.0,0.5,0.3148148148148148,0.07407407407407407,0.09259259259259259
51.5,16.0,83.5,54,0.0,0.0,124.96018808617586,435.04050111601356,0.04751295658581058,0.5,0.46296296296296297,0.0,0.5,0.3148148148148148,0.05555555555555555,0.07407407407407407
51.5,16.5,84.5,54,0.0,0.0,125.51378333614738,432.1602487900504,0.04733651264582528,0.5,0.46296296296296297,0.0,0.5,0.2962962962962963,0.018518518518518517,0.07407407407407407
51.5,17.0,85.5,54,0.0,0.0,125.82370306709075,429.08190755328144,0.04740221696171247,0.5,0.46296296296296297,0.0,0.5,0.2962962962962963,0.0,0.07407407407407407
51.5,17.5,86.5,54,0.0,0.0,125.87904889588289,425.8261212725917,0.04770741286258223,0.5,0.5185185185185185,0.0,0.5,0.2962962962962963,0.0,0.07407407407407407
51.5,18.0,87.5,54,0.0,0.0,125.74149782002185,422.47364116639426,0.04825331251435203,0.5,0.6111111111111112,0.0,0.5,0.2777777777777778,0.0,0.05555555555555555
51.5,18.5,88.5,54,0.0,0.0,125.35125116882226,418.9286790584522,0.04904477837648057,0.5,0.6111111111111112,0.0,0.42592592592592593,0.2777777777777778,0.0,0.05555555555555555
51.5,19.0,89.5,54,0.0,0.0,124.64291224250543,415.1886634051082,0.05009015885531398,0.5,0.6481481481481481,0.0,0.37037037037037035,0.2777777777777778,0.0,0.037037037037037035
51.5,19.5,90.5,54,0.0,0.0,123.58591281933786,411.25093654738447,0.05140114113788009,0.5,0.6481481481481481,0.0,0.24074074074074073,0.2777777777777778,0.0,0.037037037037037035
51.5,20.0,91.5,54,0.0,0.0,122.14310958107873,407.11277597494603,0.052992575007623985,0.5,0.7407407407407407,0.0,0.16666666666666666,0.25925925925925924,0.0,0.018518518518518517
51.5,20.5,92.5,54,0.0,0.0,120.2702469577508,402.77141787871074,0.05488220598866327,0.5,0.7777777777777778,0.0,0.05555555555555555,0.25925925925925924,0.0,0.018518518518518517
51.5,21.0,93.5,54,0.0,0.0,117.9155287472533,398.22408325746954,0.05709023282951873,0.5,0.7777777777777778,0.0,0.018518518518518517,0.25925925925925924,0.0,0.018518518518518517
51.5,21.5,94.5,54,0.0,0.0,115.01945768994179,393.46800685495435,0.05963857140661926,0.5,0.8888888888888888,0.0,0.0,0.25925925925925924,0.0,0.037037037037037035
51.5,22.0,95.5,54,0.0,0.0,111.5151935682372,388.5004692145276,0.06254966345391842,0.5,0.9444444444444444,0.0,0.0,0.25925925925925924,0.0,0.037037037037037035
51.5,22.5,96.5,54,0.0,0.0,107.32980993132789,383.3188321463449,0.06584461498591854,0.5,0.9629629629629629,0.0,0.0,0.25925925925925924,0.0,0.05555555555555555
51.5,23.0,97.5,54,0.0,0.0,102.3870018976989,377.92057790679684,0.06954039160860007,0.5,1.0,0.0,0.0,0.25925925925925924,0.0,0.05555555555555555
51.5,23.5,98.5,54,0.0,0.0,96.61200513752117,372.30335238988056,0.0736457516019477,0.5,1.0,0.0,0.0,0.2777777777777778,0.0,0.07407407407407407
51.5,24.0,99.5,54,0.0,0.0,89.939692791879,366.4246668206153,0.07815559543977338,0.5,1.0,0.0,0.0,0.2962962962962963,0.0,0.07407407407407407
51.5,24.5,100.5,54,0.0,0.0,82.32693042680218,360.1428083413684,0.08304351136940111,0.5,1.0,0.0,0.0,0.3148148148148148,0.0,0.09259259259259259
51.5,25.0,101.5,54,0.0,0.0,73.77010530786526,353.6276423455741,0.08825259217687742,0.5,1.0,0.0,0.0,0.3148148148148148,0.0,0.1111111111111111
51.5,25.5,102.5,54,0.0,0.0,64.32800513942965,346.8779679284933,0.09368520194387855,0.5,1.0,0.0,0.0,0.3333333333333333,0.0,0.1111111111111111
51.5,26.0,103.5,54,0.0,0.0,60.50921506058066,339.8930914197867,0.09919336936419013,0.5,1.0,0.0,0.0,0.35185185185185186,0.0,0.12962962962962962
51.5,26.5,104.5,54,0.0,0.0,60.12646741967203,332.67290805077016,0.10457281560373051,0.5,1.0,0.0,0.0,0.42592592592592593,0.0,0.14814814814814814
51.5,27.0,105.5,54,0.0,0.0,59.63815463392404,325.2179898067457,0.1095648965246715,0.5,1.0,0.0,0.0,0.6481481481481481,0.0,0.16666666666666666
51.5,27.5,106.5,54,0.0,0.0,59.083732175381265,317.52967940232736,0.11387107443697071,0.5,1.0,0.0,0.0,0.7222222222222222,0.16666666666666666,0.16666666666666666
51.5,28.0,107.5,54,0.0,0.0,58.46186275606736,309.8431905200168,0.11718272720846983,0.5,1.0,0.0,0.0,0.8888888888888888,0.8888888888888888,0.24074074074074073
51.5,28.5,108.5,54,0.0,0.0,57.817980084477576,302.1532218770154,0.11922439164442358,0.5,1.0,0.0,0.5,0.9444444444444444,1.0,0.5
51.5,29.0,109.5,54,0.0,0.0,57.15110130000377,294.0723478948096,0.11980187446044523,0.5,1.0,0.0,0.5,1.0,1.0,0.5
51.5,29.5,110.5,54,0.0,0.0,56.399941748910074,285.7765593452887,0.1188413608979946,0.5,1.0,0.0,0.5,1.0,1.0,0.5
51.5,30.0,111.5,54,0.0,0.037037037037037035,55.577853584590386,277.2717611202255,0.11640587601614703,0.5,1.0,0.037037037037037035,0.5,1.0,1.0,0.5
51.5,30.5,112.5,54,0.0,0.42592592592592593,54.68408150801485,268.5651370199538,0.11268274447257286,0.5,1.0,0.42592592592592593,0.5,1.0,0.5,0.5
51.5,31.0,113.5,54,0.0,0.5,53.673902147468226,259.66525923045634,0.1079466565068721,0.5,1.0,0.5,0.5,1.0,0.3333333333333333,0.3148148148148148
51.5,31.5,114.5,54,0.0,0.2222222222222222,52.5640321154093,250.58219721252632,0.1025112929791501,0.5,1.0,0.5,0.2222222222222222,1.0,0.2222222222222222,0.24074074074074073
51.5,32.0,115.5,54,0.0,0.07407407407407407,51.381905764479,241.3276241233118,0.09668396067729018,0.5,1.0,0.5,0.07407407407407407,1.0,0.16666666666666666,0.14814814814814814
51.5,32.5,116.5,54,0.0,0.05555555555555555,50.12790279524627,231.67500566788738,0.09073303643249025,0.5,1.0,0.5,0.05555555555555555,1.0,0.12962962962962962,0.09259259259259259
51.5,33.0,117.5,54,0.0,0.1111111111111111,48.790074495227444,221.85417808042368,0.0848712025237325,0.5,1.0,0.5,0.1111111111111111,1.0,0.1111111111111111,0.07407407407407407
51.5,33.5,118.5,54,0.0,0.16666666666666666,47.39664807723841,211.91012762094846,0.07925217534227502,0.5,1.0,0.5,0.16666666666666666,0.9814814814814815,0.07407407407407407,0.07407407407407407
51.5,34.0,119.5,54,0.0,0.2222222222222222,45.95548454867747,201.86316787864143,0.07397629242473377,0.5,1.0,0.5,0.2222222222222222,0.9259259259259259,0.05555555555555555,0.07407407407407407
51.5,34.5,120.5,54,0.0,0.2222222222222222,44.44704609356047,191.7357493380833,0.06910038329009295,0.5,0.9814814814814815,0.4444444444444444,0.2222222222222222,0.8148148148148148,0.018518518518518517,0.07407407407407407
51.5,35.0,121.5,54,0.0,0.2962962962962963,44.539967525516985,193.43958951696914,0.064648580747301,0.5,0.9814814814814815,0.2962962962962963,0.3148148148148148,0.7407407407407407,0.0,0.05555555555555555
51.5,35.5,122.5,54,0.0,0.14814814814814814,50.47765124113629,207.06095526842094,0.060622142967706974,0.5,0.9629629629629629,0.14814814814814814,0.3888888888888889,0.6851851851851852,0.0,0.05555555555555555
51.5,36.0,123.5,54,0.0,0.018518518518518517,56.326382584652514,220.23965867680013,0.05700746317739135,0.5,0.9629629629629629,0.018518518518518517,0.3888888888888889,0.6111111111111112,0.0,0.05555555555555555
51.5,36.5,124.5,54,0.0,0.0,61.70412131518842,231.91266709294382,0.05378213414294123,0.5,0.9444444444444444,0.0,0.4444444444444444,0.5370370370370371,0.0,0.037037037037037035
51.5,37.0,125.5,54,0.0,0.0,66.60816192216372,242.16214968610646,0.05091928283351501,0.5,0.9444444444444444,0.0,0.5,0.48148148148148145,0.0,0.037037037037037035
51.5,37.5,126.5,54,0.0,0.0,71.05915095620988,251.07862225226899,0.04839051629361982,0.5,0.9259259259259259,0.0,0.5,0.3888888888888889,0.0,0.018518518518518517
51.5,38.0,127.5,54,0.0,0.0,75.07495950329165,258.75283138179725,0.046167824467194446,0.5,0.9259259259259259,0.0,0.5,0.3333333333333333,0.0,0.018518518518518517
51.5,38.5,128.5,54,0.0,0.0,78.67573001316842,265.2706798531016,0.04422473714078138,0.5,0.9074074074074074,0.0,0.5,0.2962962962962963,0.0,0.018518518518518517
51.5,39.0,129.5,54,0.0,0.0,81.88181686464577,270.71023787307917,0.042536968565620614,0.5,0.9074074074074074,0.0,0.5,0.2962962962962963,0.0,0.037037037037037035
51.5,39.5,130.5,54,0.0,0.0,84.71243063383497,275.1401356225412,0.041082723093782275,0.5,0.9074074074074074,0.0,0.5,0.2962962962962963,0.0,0.037037037037037035
51.5,40.0,131.5,54,0.0,0.0,87.18476797871784,278.6188372734193,0.03984278528639473,0.5,0.8703703703703703,0.0,0.5,0.2962962962962963,0.0,0.05555555555555555
52.0,10.0,72.0,54,0.0,0.0,96.14903052170278,423.3089758843101,0.0885033601346923,0.5,0.4074074074074074,0.0,0.5,1.0,0.5185185185185185,0.16666666666666666
52.0,10.5,73.0,54,0.0,0.0,100.44611130179177,422.9423348040119,0.08202568417436847,0.5,0.42592592592592593,0.0,0.5,1.0,0.7037037037037037,0.16666666666666666
52.0,11.0,74.0,54,0.0,0.0,104.25143440117557,422.3908605637983,0.07658174812850195,0.5,0.42592592592592593,0.0,0.5,1.0,0.5185185185185185,0.16666666666666666
52.0,11.5,75.0,54,0.0,0.0,107.62347950743349,421.66988273088697,0.07200156228826123,0.5,0.42592592592592593,0.0,0.5,1.0,0.4444444444444444,0.25925925925925924
52.0,12.0,76.0,54,0.0,0.0,110.61041708198506,420.75320595617643,0.06815055265958031,0.5,0.4444444444444444,0.0,0.5,1.0,0.2777777777777778,0.3333333333333333
52.0,12.5,77.0,54,0.0,0.0,113.25160123307083,419.6412227655447,0.0649218220862794,0.5,0.4444444444444444,0.0,0.5,0.9629629629629629,0.2222222222222222,0.35185185185185186
52.0,13.0,78.0,54,0.0,0.0,115.57883121623252,418.3363956982674,0.06223027315591814,0.5,0.4444444444444444,0.0,0.5,0.8518518518518519,0.16666666666666666,0.5
52.0,13.5,79.0,54,0.0,0.0,117.61738237438954,416.8633130798187,0.06000813881061852,0.5,0.46296296296296297,0.0,0.5,0.7037037037037037,0.16666666666666666,0.5
52.0,14.0,80.0,54,0.0,0.0,119.38682503809072,415.2060483009859,0.058201576768925366,0.5,0.46296296296296297,0.0,0.5,0.5185185185185185,0.16666666666666666,0.46296296296296297
52.0,14.5,81.0,54,0.0,0.0,120.90165504328174,413.3640739122883,0.05676807013218395,0.5,0.46296296296296297,0.0,0.5,0.3888888888888889,0.12962962962962962,0.4074074074074074
52.0,15.0,82.0,54,0.0,0.0,122.17175883035362,411.3366648873251,0.05567444203783403,0.5,0.48148148148148145,0.0,0.5,0.3333333333333333,0.07407407407407407,0.16666666666666666
52.0,15.5,83.0,54,0.0,0.0,123.2027329850567,409.1229102297045,0.0548953410850123,0.5,0.48148148148148145,0.0,0.5,0.3148148148148148,0.05555555555555555,0.1111111111111111
52.0,16.0,84.0,54,0.0,0.0,123.99607428779024,406.7217251964005,0.05441209030831859,0.5,0.48148148148148145,0.0,0.5,0.2962962962962963,0.018518518518518517,0.09259259259259259
52.0,16.5,85.0,54,0.0,0.0,124.54925272571059,404.13186427010794,0.05421181878743208,0.5,0.48148148148148145,0.0,0.5,0.2962962962962963,0.0,0.09259259259259259
52.0,17.0,86.0,54,0.0,0.0,124.85567698108277,401.35193502345896,0.05428681385509463,0.5,0.48148148148148145,0.0,0.5,0.2777777777777778,0.0,0.07407407407407407
52.0,17.5,87.0,54,0.0,0.0,124.90456000831628,398.38041302717056,0.05463404491785793,0.5,0.5,0.0,0.5,0.2777777777777778,0.0,0.07407407407407407
52.0,18.0,88.0,54,0.0,0.0,124.68069186892868,395.2156579657269,0.05525481815775991,0.5,0.6111111111111112,0.0,0.5,0.25925925925925924,0.0,0.05555555555555555
52.0,18.5,89.0,54,0.0,0.0,124.2517538409608,391.8559311337653,0.056154525350472134,0.5,0.6296296296296297,0.0,0.46296296296296297,0.25925925925925924,0.0,0.037037037037037035
52.0,19.0,90.0,54,0.0,0.0,123.52766454969414,388.29941449784343,0.057342449754777355,0.5,0.6666666666666666,0.0,0.3888888888888889,0.25925925925925924,0.0,0.018518518518518517
52.0,19.5,91.0,54,0.0,0.0,122.45212495100265,384.54423151717293,0.05883158707529117,0.5,0.6666666666666666,0.0,0.2962962962962963,0.25925925925925924,0.0,0.0
52.0,20.0,92.0,54,0.0,0.0,120.98838483551464,380.58846992811846,0.060638428981465514,0.5,0.7222222222222222,0.0,0.2222222222222222,0.24074074074074073,0.0,0.0
52.0,20.5,93.0,54,0.0,0.0,119.09274527885647,376.4302067046604,0.0627826392296782,0.5,0.7777777777777778,0.0,0.09259259259259259,0.24074074074074073,0.0,0.0
52.0,21.0,94.0,54,0.0,0.0,116.71419446929816,372.0675354161427,0.06528652637023957,0.5,0.7962962962962963,0.0,0.05555555555555555,0.24074074074074073,0.0,0.0
52.0,21.5,95.0,54,0.0,0.0,113.7943281649215,367.49859620831313,0.06817418057476772,0.5,0.9074074074074074,0.0,0.0,0.24074074074074073,0.0,0.0
52.0,22.0,96.0,54,0.0,0.0,110.26780590615441,362.72160863848046,0.07147009428165697,0.5,0.9444444444444444,0.0,0.0,0.25925925925925924,0.0,0.0
52.0,22.5,97.0,54,0.0,0.0,106.06371989957653,357.7349075954095,0.07519702852260415,0.5,0.9814814814814815,0.0,0.0,0.25925925925925924,0.0,0.018518518518518517
52.0,23.0,98.0,54,0.0,0.0,101.10841847504419,352.53698253246307,0.07937282591348557,0.5,1.0,0.0,0.0,0.25925925925925924,0.0,0.037037037037037035
52.0,23.5,99.0,54,0.0,0.0,95.3305207359705,346.96669848915576,0.08400582525510765,0.5,1.0,0.0,0.0,0.25925925925925924,0.0,0.037037037037037035
52.0,24.0,100.0,54,0.0,0.0,88.66904530741273,341.13031336920585,0.08908853831188185,0.5,1.0,0.0,0.0,0.2962962962962963,0.0,0.05555555555555555
52.0,24.5,101.0,54,0.0,0.0,81.08566141192198,335.07197279523507,0.094589371770347,0.5,1.0,0.0,0.0,0.2962962962962963,0.0,0.05555555555555555
52.0,25.0,102.0,54,0.0,0.0,72.58187600169468,328.79127444870807,0.10044251537399268,0.5,1.0,0.0,0.0,0.3148148148148148,0.0,0.09259259259259259
52.0,25.5,103.0,54,0.0,0.0,63.22121214332774,322.28827605717487,0.10653679022399609,0.5,1.0,0.0,0.0,0.3333333333333333,0.0,0.1111111111111111
52.0,26.0,104.0,54,0.0,0.0,55.787677461482566,315.56356583302414,0.1127053428636019,0.5,1.0,0.0,0.0,0.35185185185185186,0.0,0.14814814814814814
52.0,26.5,105.0,54,0.0,0.0,55.35256258243927,308.61833772472323,0.11871950013914084,0.5,1.0,0.0,0.0,0.48148148148148145,0.0,0.14814814814814814
52.0,27.0,106.0,54,0.0,0.0,54.85615942770142,301.4544713809579,0.12429142596570879,0.5,1.0,0.0,0.0,0.6666666666666666,0.0,0.14814814814814814
52.0,27.5,107.0,54,0.0,0.0,54.29740508778777,294.18630561968905,0.12909049604205003,0.5,1.0,0.0,0.0,0.7222222222222222,0.16666666666666666,0.16666666666666666
52.0,28.0,108.0,54,0.0,0.0,53.68279004896957,287.13558174441425,0.13277626196251274,0.5,1.0,0.0,0.0,0.8888888888888888,0.9074074074074074,0.25925925925925924
52.0,28.5,109.0,54,0.0,0.0,53.10738502828662,279.6097433199373,0.1350457584902345,0.5,1.0,0.0,0.5,1.0,1.0,0.5
52.0,29.0,110.0,54,0.0,0.0,52.43186108181641,271.8835117654817,0.13568579556624813,0.5,1.0,0.0,0.5,1.0,1.0,0.5
52.0,29.5,111.0,54,0.0,0.0,51.69122587069509,263.9627304082194,0.1346153071797831,0.5,1.0,0.0,0.5,1.0,1.0,0.5
52.0,30.0,112.0,54,0.0,0.07407407407407407,50.88493249870812,255.85435182181308,0.13190316791706233,0.5,1.0,0.07407407407407407,0.5,1.0,1.0,0.5
52.0,30.5,113.0,54,0.0,0.46296296296296297,50.01260821325766,247.56652827683823,0.12775469384154445,0.5,1.0,0.46296296296296297,0.5,1.0,0.5,0.5
52.0,31.0,114.0,54,0.0,0.5,49.014738381416,239.1087013527511,0.12247171880798664,0.5,1.0,0.5,0.5,1.0,0.3333333333333333,0.35185185185185186
52.0,31.5,115.0,54,0.0,0.25925925925925924,47.941860755987385,230.49168921556165,0.11640006947226443,0.5,1.0,0.5,0.25925925925925924,1.0,0.2222222222222222,0.2222222222222222
52.0,32.0,116.0,54,0.0,0.1111111111111111,46.80377831828554,221.65028599939544,0.10987997257440708,0.5,1.0,0.5,0.1111111111111111,1.0,0.16666666666666666,0.14814814814814814
52.0,32.5,117.0,54,0.0,0.1111111111111111,45.60124329015149,212.49866838231196,0.10321007760143637,0.5,1.0,0.5,0.1111111111111111,1.0,0.1111111111111111,0.1111111111111111
52.0,33.0,118.0,54,0.0,0.16666666666666666,44.32693002692642,203.23233523726984,0.09662852441816576,0.5,1.0,0.5,0.16666666666666666,1.0,0.07407407407407407,0.1111111111111111
52.0,33.5,119.0,54,0.0,0.2222222222222222,42.9666715882006,193.8694925493609,0.0903087642192337,0.5,1.0,0.5,0.2222222222222222,0.9814814814814815,0.05555555555555555,0.09259259259259259
52.0,34.0,120.0,54,0.0,0.2222222222222222,41.600630594355074,184.43015994533053,0.08436522057062601,0.5,1.0,0.5,0.2222222222222222,0.9074074074074074,0.018518518518518517,0.09259259259259259
52.0,34.5,121.0,54,0.0,0.2777777777777778,40.175918901891755,177.4423900743746,0.07886384156542782,0.5,1.0,0.48148148148148145,0.2777777777777778,0.8148148148148148,0.0,0.07407407407407407
52.0,35.0,122.0,54,0.0,0.3148148148148148,43.66506768759423,190.2661431182125,0.0738338640946043,0.5,1.0,0.3148148148148148,0.3888888888888889,0.7407407407407407,0.0,0.07407407407407407
52.0,35.5,123.0,54,0.0,0.16666666666666666,49.9264801004285,204.9912595604767,0.06927862299803557,0.5,0.9814814814814815,0.16666666666666666,0.3888888888888889,0.6851851851851852,0.0,0.05555555555555555
52.0,36.0,124.0,54,0.0,0.037037037037037035,55.741339987719755,218.16787304487178,0.06518444601147903,0.5,0.9814814814814815,0.037037037037037035,0.46296296296296297,0.6111111111111112,0.0,0.037037037037037035
52.0,36.5,125.0,54,0.0,0.0,61.094754647319256,229.85228092297731,0.0615274439604668,0.5,0.9814814814814815,0.0,0.5,0.5370370370370371,0.0,0.018518518518518517
52.0,37.0,126.0,54,0.0,0.0,65.9879557605491,240.1224380481045,0.058278403314241355,0.5,0.9814814814814815,0.0,0.5,0.4444444444444444,0.0,0.0
52.0,37.5,127.0,54,0.0,0.0,70.43214374378799,249.0655184255608,0.05540613964693234,0.5,0.9629629629629629,0.0,0.5,0.3888888888888889,0.0,0.0
52.0,38.0,128.0,54,0.0,0.0,74.44407740243192,256.76968740303323,0.052879685203250454,0.5,0.9629629629629629,0.0,0.5,0.3148148148148148,0.0,0.0
52.0,38.5,129.0,54,0.0,0.0,78.04300119726788,263.31889901651505,0.05066963612302895,0.5,0.9629629629629629,0.0,0.5,0.2962962962962963,0.0,0.0
52.0,39.0,130.0,54,0.0,0.0,81.24855710205493,268.7897848916567,0.04874891792623303,0.5,0.9444444444444444,0.0,0.5,0.2962962962962963,0.0,0.0
52.0,39.5,131.0,54,0.0,0.0,84.07939893727846,273.24993998597455,0.047093162845088604,0.5,0.9259259259259259,0.0,0.5,0.2777777777777778,0.0,0.0
52.0,40.0,132.0,54,0.0,0.0,86.5522946799754,276.7571084354919,0.04568083794474501,0.5,0.9259259259259259,0.0,0.5,0.2777777777777778,0.0,0.037037037037037035
52.5,10.0,72.5,54,0.0,0.0,94.70612397717088,388.1962262406529,0.10114538147085357,0.5,0.46296296296296297,0.0,0.5,1.0,0.5370370370370371,0.16666666666666666
52.5,10.5,73.5,54,0.0,0.0,99.05089590769721,388.1154619079064,0.09384037240557405,0.5,0.46296296296296297,0.0,0.5,1.0,0.7222222222222222,0.16666666666666666
52.5,11.0,74.5,54,0.0,0.0,102.90093577532421,387.8409695032119,0.08768940615250853,0.5,0.46296296296296297,0.0,0.5,1.0,0.5185185185185185,0.16666666666666666
52.5,11.5,75.5,54,0.0,0.0,106.31387734889738,387.3739259119122,0.08250604980982215,0.5,0.48148148148148145,0.0,0.5,1.0,0.46296296296296297,0.25925925925925924
52.5,12.0,76.5,54,0.0,0.0,109.33745632667713,386.71528301207024,0.07814200134649313,0.5,0.48148148148148145,0.0,0.5,1.0,0.2777777777777778,0.3333333333333333
52.5,12.5,77.5,54,0.0,0.0,112.0108466440007,385.8657761304019,0.07447898070401575,0.5,0.48148148148148145,0.0,0.5,0.9629629629629629,0.2222222222222222,0.3888888888888889
52.5,13.0,78.5,54,0.0,0.0,114.36582064686401,384.82593291272957,0.07142250548021682,0.5,0.48148148148148145,0.0,0.5,0.8333333333333334,0.16666666666666666,0.5
52.5,13.5,79.5,54,0.0,0.0,116.42771488402198,383.596082645474,0.06889711570037552,0.5,0.48148148148148145,0.0,0.5,0.6296296296296297,0.16666666666666666,0.5
52.5,14.0,80.5,54,0.0,0.0,118.21620760351867,382.1763660764778,0.06684270841340054,0.5,0.48148148148148145,0.0,0.5,0.46296296296296297,0.12962962962962962,0.48148148148148145
52.5,14.5,81.5,54,0.0,0.0,119.74592354796549,380.5667457955926,0.06521172255608026,0.5,0.48148148148148145,0.0,0.5,0.37037037037037035,0.09259259259259259,0.42592592592592593
52.5,15.0,82.5,54,0.0,0.0,121.02688382309239,378.90472233394735,0.06396697729285858,0.5,0.48148148148148145,0.0,0.5,0.3148148148148148,0.05555555555555555,0.16666666666666666
52.5,15.5,83.5,54,0.0,0.0,122.06481740852793,377.17835684532474,0.06308001509237122,0.5,0.48148148148148145,0.0,0.5,0.2962962962962963,0.018518518518518517,0.12962962962962962
52.5,16.0,84.5,54,0.0,0.0,122.86134835628812,375.05868261355295,0.06252983692854702,0.5,0.48148148148148145,0.0,0.5,0.2777777777777778,0.0,0.1111111111111111
52.5,16.5,85.5,54,0.0,0.0,123.41406998464896,372.5333141797778,0.06230194371994513,0.5,0.5,0.0,0.5,0.2777777777777778,0.0,0.09259259259259259
52.5,17.0,86.5,54,0.0,0.0,123.71651506416956,369.6577589165041,0.062387617456569074,0.5,0.5,0.0,0.5,0.25925925925925924,0.0,0.05555555555555555
52.5,17.5,87.5,54,0.0,0.0,123.75802957844816,366.89943910236434,0.06278338886225046,0.5,0.5,0.0,0.5,0.25925925925925924,0.0,0.037037037037037035
52.5,18.0,88.5,54,0.0,0.0,123.52355760978622,363.94699233340333,0.06349064682881052,0.5,0.5740740740740741,0.0,0.5,0.24074074074074073,0.0,0.037037037037037035
52.5,18.5,89.5,54,0.0,0.0,122.99334689656106,360.79942494245466,0.06451534866973462,0.5,0.6296296296296297,0.0,0.48148148148148145,0.24074074074074073,0.0,0.0
52.5,19.0,90.5,54,0.0,0.0,122.22563838225882,357.4556987577293,0.06586778943681033,0.5,0.6666666666666666,0.0,0.4074074074074074,0.24074074074074073,0.0,0.0
52.5,19.5,91.5,54,0.0,0.0,121.12928733874958,353.9147526148724,0.06756238260836075,0.5,0.6666666666666666,0.0,0.37037037037037035,0.24074074074074073,0.0,0.0
52.5,20.0,92.5,54,0.0,0.0,119.64213560745507,350.1755257301472,0.06961739239351526,0.5,0.7222222222222222,0.0,0.24074074074074073,0.24074074074074073,0.0,0.0
52.5,20.5,93.5,54,0.0,0.0,117.72116011751392,346.23698309751154,0.0720545382417246,0.5,0.7777777777777778,0.0,0.16666666666666666,0.24074074074074073,0.0,0.0
52.5,21.0,94.5,54,0.0,0.0,115.31629252476434,342.0981430747873,0.0748983631052584,0.5,0.7962962962962963,0.0,0.05555555555555555,0.24074074074074073,0.0,0.0
52.5,21.5,95.5,54,0.0,0.0,112.37043137647699,337.7581073247591,0.07817521683322957,0.5,0.9259259259259259,0.0,0.037037037037037035,0.24074074074074073,0.0,0.0
52.5,22.0,96.5,54,0.0,0.0,108.82000827662728,333.2160932743042,0.08191165400568014,0.5,0.9444444444444444,0.0,0.0,0.24074074074074073,0.0,0.0
52.5,22.5,97.5,54,0.0,0.0,104.59648042590044,328.3714686689305,0.0861319836276242,0.5,0.9814814814814815,0.0,0.0,0.24074074074074073,0.0,0.0
52.5,23.0,98.5,54,0.0,0.0,99.6292782292816,323.22680764425985,0.09085464483573603,0.5,1.0,0.0,0.0,0.25925925925925924,0.0,0.0
52.5,23.5,99.5,54,0.0,0.0,93.85091652794723,317.8725013034572,0.09608703876460711,0.5,1.0,0.0,0.0,0.25925925925925924,0.0,0.0
52.5,24.0,100.5,54,0.0,0.0,87.20514143773896,312.30864372750636,0.10181846327135669,0.5,1.0,0.0,0.0,0.25925925925925924,0.0,0.018518518518518517
52.5,24.5,101.5,54,0.0,0.0,79.6590395305807,306.53569183344234,0.10801094576039695,0.5,1.0,0.0,0.0,0.2962962962962963,0.0,0.07407407407407407
52.5,25.0,102.5,54,0.0,0.0,71.2198096376249,300.5545213719957,0.11458815562688583,0.5,1.0,0.0,0.0,0.3148148148148148,0.0,0.09259259259259259
52.5,25.5,103.5,54,0.0,0.0,61.956124234139985,294.36648652339835,0.12142332548069128,0.5,1.0,0.0,0.0,0.3333333333333333,0.0,0.09259259259259259
52.5,26.0,104.5,54,0.0,0.0,52.05219467861647,287.9734830277771,0.12832829731776646,0.5,1.0,0.0,0.0,0.3888888888888889,0.0,0.1111111111111111
52.5,26.5,105.5,54,0.0,0.0,49.94986293271647,281.3780147116247,0.13504733009429862,0.5,1.0,0.0,0.0,0.5370370370370371,0.0,0.14814814814814814
52.5,27.0,106.5,54,0.0,0.0,49.45240425167292,274.59141636724326,0.14126066651245517,0.5,1.0,0.0,0.0,0.7222222222222222,0.0,0.14814814814814814
52.5,27.5,107.5,54,0.0,0.0,48.89726556979382,268.2177913195598,0.14660304314920022,0.5,1.0,0.0,0.0,0.8888888888888888,0.16666666666666666,0.16666666666666666
52.5,28.0,108.5,54,0.0,0.0,48.37991302080771,261.29433431070134,0.15070002283038958,0.5,1.0,0.0,0.0,0.9444444444444444,0.9444444444444444,0.25925925925925924
52.5,28.5,109.5,54,0.0,0.0,47.782293637906044,254.18680498002968,0.15321950601278847,0.5,1.0,0.0,0.5,1.0,1.0,0.5
52.5,29.0,110.5,54,0.0,0.0,47.12187164935208,246.90110888638372,0.15392825523066683,0.5,1.0,0.0,0.5,1.0,1.0,0.5
52.5,29.5,111.5,54,0.0,0.0,46.402168457553095,239.4441015617749,0.15273748424300412,0.5,1.0,0.0,0.5,1.0,1.0,0.5
52.5,30.0,112.5,54,0.0,0.14814814814814814,45.62301747609389,231.8236604530194,0.14972203911342324,0.5,1.0,0.14814814814814814,0.5,1.0,1.0,0.5
52.5,30.5,113.5,54,0.0,0.48148148148148145,44.778749940458475,224.04875565364418,0.1451059853938212,0.5,1.0,0.48148148148148145,0.5,1.0,0.5,0.5
52.5,31.0,114.5,54,0.0,0.5,43.81600112597048,216.12951825118017,0.13921973883116104,0.5,1.0,0.5,0.5370370370370371,1.0,0.3333333333333333,0.35185185185185186
52.5,31.5,115.5,54,0.0,0.2962962962962963,42.7951810068397,208.07730494575281,0.13244336266036527,0.5,1.0,0.5,0.2962962962962963,1.0,0.18518518518518517,0.2222222222222222
52.5,32.0,116.5,54,0.0,0.16666666666666666,41.71709858173501,199.73931725426468,0.12515260405979067,0.5,1.0,0.5,0.16666666666666666,1.0,0.12962962962962962,0.14814814814814814
52.5,32.5,117.5,54,0.0,0.18518518518518517,40.58284422595168,191.2210985279576,0.11767925544125571,0.5,1.0,0.5,0.18518518518518517,1.0,0.07407407407407407,0.12962962962962962
52.5,33.0,118.5,54,0.0,0.2222222222222222,39.39355324602908,182.61622837618526,0.1102897811923929,0.5,1.0,0.5,0.2222222222222222,1.0,0.05555555555555555,0.12962962962962962
52.5,33.5,119.5,54,0.0,0.2222222222222222,38.09327396582299,173.9425271170731,0.10317999358906481,0.5,1.0,0.5,0.2222222222222222,0.9814814814814815,0.018518518518518517,0.1111111111111111
52.5,34.0,120.5,54,0.0,0.37037037037037035,36.80976932496067,165.21932999089975,0.09648062898349218,0.5,1.0,0.5,0.37037037037037035,0.8888888888888888,0.0,0.07407407407407407
52.5,34.5,121.5,54,0.0,0.3888888888888889,36.92677996092446,171.94222917493596,0.09026850978137772,0.5,1.0,0.5,0.3888888888888889,0.8148148148148148,0.0,0.05555555555555555
52.5,35.0,122.5,54,0.0,0.3333333333333333,43.03665928167326,187.87629805721195,0.08457926242820335,0.5,1.0,0.3333333333333333,0.42592592592592593,0.7222222222222222,0.0,0.037037037037037035
52.5,35.5,123.5,54,0.0,0.18518518518518517,49.26015449008286,202.57456521999342,0.07941916180960504,0.5,1.0,0.18518518518518517,0.5,0.6666666666666666,0.0,0.037037037037037035
52.5,36.0,124.5,54,0.0,0.09259259259259259,55.04730377251517,215.74633875009607,0.07477498317330872,0.5,1.0,0.09259259259259259,0.5,0.5925925925925926,0.0,0.0
52.5,36.5,125.5,54,0.0,0.0,60.38118058714809,227.4419665785666,0.07062159545750422,0.5,1.0,0.0,0.5,0.48148148148148145,0.0,0.0
52.5,37.0,126.5,54,0.0,0.0,65.26119195327047,237.73449738903497,0.06692748389968395,0.5,0.9814814814814815,0.0,0.5,0.4074074074074074,0.0,0.0
52.5,37.5,127.5,54,0.0,0.0,69.69697594156882,246.70719345771107,0.06365857263064523,0.5,0.9814814814814815,0.0,0.5,0.3333333333333333,0.0,0.0
52.5,38.0,128.5,54,0.0,0.0,73.70399555453159,254.44518310259335,0.06078074633764183,0.5,0.9814814814814815,0.0,0.5,0.2962962962962963,0.0,0.0
52.5,38.5,129.5,54,0.0,0.0,77.30044509191426,261.03011602650434,0.058261425536806806,0.5,0.9814814814814815,0.0,0.5,0.2777777777777778,0.0,0.0
52.5,39.0,130.5,54,0.0,0.0,80.50513062165244,266.536914159663,0.05607048071160746,0.5,0.9814814814814815,0.0,0.5,0.25925925925925924,0.0,0.0
52.5,39.5,131.5,54,0.0,0.0,83.33605080364883,271.0319355371918,0.05418070106897828,0.5185185185185185,0.9814814814814815,0.0,0.5,0.25925925925925924,0.0,0.0
52.5,40.0,132.5,54,0.0,0.0,85.80946793268627,274.57205873086497,0.05256797416682082,0.5370370370370371,0.9629629629629629,0.0,0.5,0.25925925925925924,0.0,0.0
53.0,10.0,73.0,54,0.0,0.0,93.04008747995393,354.5550518672972,0.11572818640358983,0.5,0.48148148148148145,0.0,0.5,1.0,0.5555555555555556,0.14814814814814814
53.0,10.5,74.0,54,0.0,0.0,97.4363873235118,357.5764677014183,0.10749925632079085,0.5,0.48148148148148145,0.0,0.5,1.0,0.7407407407407407,0.16666666666666666
53.0,11.0,75.0,54,0.0,0.0,101.3352992001622,358.5313225694598,0.1005550176071747,0.5,0.48148148148148145,0.0,0.5,1.0,0.5370370370370371,0.16666666666666666
53.0,11.5,76.0,54,0.0,0.0,104.7933177509949,359.9390443438543,0.09469226745771493,0.5,0.48148148148148145,0.0,0.5,1.0,0.46296296296296297,0.2777777777777778
53.0,12.0,77.0,54,0.0,0.0,107.85754576422494,360.6919834874109,0.08974845084460452,0.5,0.48148148148148145,0.0,0.5,1.0,0.2962962962962963,0.3333333333333333
53.0,12.5,78.0,54,0.0,0.0,110.5668456134808,361.05533756166466,0.08559330241622214,0.5,0.48148148148148145,0.0,0.5,0.9444444444444444,0.2037037037037037,0.4074074074074074
53.0,13.0,79.0,54,0.0,0.0,112.9528777929311,361.0526782563309,0.08212234617699096,0.5,0.48148148148148145,0.0,0.5,0.7592592592592593,0.16666666666666666,0.5
53.0,13.5,80.0,54,0.0,0.0,115.04098719226036,360.70155839956965,0.07925185486194757,0.5,0.48148148148148145,0.0,0.5,0.5555555555555556,0.16666666666666666,0.5
53.0,14.0,81.0,54,0.0,0.0,116.85092915220793,360.7296625989371,0.0769149462967044,0.5,0.5,0.0,0.5,0.42592592592592593,0.12962962962962962,0.5
53.0,14.5,82.0,54,0.0,0.0,118.3974416335002,360.74613459343396,0.07505856273594812,0.5,0.5,0.0,0.5,0.3333333333333333,0.07407407407407407,0.4444444444444444
53.0,15.0,83.0,54,0.0,0.0,119.69067522288735,360.1961560884264,0.07364113638344254,0.5,0.5,0.0,0.5,0.3148148148148148,0.037037037037037035,0.14814814814814814
53.0,15.5,84.0,54,0.0,0.0,120.73649365152457,359.08254073507203,0.07263078974337607,0.5,0.5,0.0,0.5,0.25925925925925924,0.0,0.14814814814814814
53.0,16.0,85.0,54,0.0,0.0,121.53665644288598,357.3988851159245,0.07200395451107874,0.5,0.5,0.0,0.5,0.25925925925925924,0.0,0.1111111111111111
53.0,16.5,86.0,54,0.0,0.0,122.08889358953783,355.2776322279357,0.07174431911507509,0.5,0.5,0.0,0.5,0.24074074074074073,0.0,0.037037037037037035
53.0,17.0,87.0,54,0.0,0.0,122.38688058759212,352.7555367868236,0.07184203433409017,0.5,0.5,0.0,0.5,0.24074074074074073,0.0,0.037037037037037035
53.0,17.5,88.0,54,0.0,0.0,122.42012131605854,349.56744028014765,0.0722931198242047,0.5,0.5,0.0,0.5,0.2222222222222222,0.0,0.0
53.0,18.0,89.0,54,0.0,0.0,122.17374669524332,345.673198281896,0.07309902266372556,0.5,0.5370370370370371,0.0,0.5,0.2222222222222222,0.0,0.0
53.0,18.5,90.0,54,0.0,0.0,121.62823948830376,341.0218205942835,0.07426628247035026,0.5,0.6296296296296297,0.0,0.5,0.2222222222222222,0.0,0.0
53.0,19.0,91.0,54,0.0,0.0,120.75910099557353,335.5509796849267,0.07580625612128469,0.5,0.6666666666666666,0.0,0.46296296296296297,0.2037037037037037,0.0,0.0
53.0,19.5,92.0,54,0.0,0.0,119.6104622735356,329.74930008482266,0.07773484799049805,0.5,0.6666666666666666,0.0,0.37037037037037035,0.2037037037037037,0.0,0.0
53.0,20.0,93.0,54,0.0,0.0,118.097787192401,324.53646232753044,0.08007217779903336,0.5,0.6851851851851852,0.0,0.2962962962962963,0.2037037037037037,0.0,0.0
53.0,20.5,94.0,54,0.0,0.0,116.14937088534774,318.7835852140216,0.08284209609290275,0.5,0.7777777777777778,0.0,0.2222222222222222,0.2037037037037037,0.0,0.0
53.0,21.0,95.0,54,0.0,0.0,113.71626349792552,310.639292094975,0.08607142517398128,0.5,0.7962962962962963,0.0,0.12962962962962962,0.2222222222222222,0.0,0.0
53.0,21.5,96.0,54,0.0,0.0,110.74289279840163,304.12691410763256,0.08978875935408034,0.5,0.9259259259259259,0.0,0.05555555555555555,0.2222222222222222,0.0,0.0
53.0,22.0,97.0,54,0.0,0.0,107.1677504684922,299.68986221901247,0.09402260227263869,0.5,0.9444444444444444,0.0,0.018518518518518517,0.24074074074074073,0.0,0.0
53.0,22.5,98.0,54,0.0,0.0,102.92501704900845,295.05556013588927,0.09879855368727537,0.5,1.0,0.0,0.0,0.24074074074074073,0.0,0.0
53.0,23.0,99.0,54,0.0,0.0,97.9476380066312,290.22469800257835,0.10413519382752312,0.5,1.0,0.0,0.0,0.24074074074074073,0.0,0.0
53.0,23.5,100.0,54,0.0,0.0,92.17252657857435,285.1982568974113,0.11003827382415536,0.5,1.0,0.0,0.0,0.25925925925925924,0.0,0.0
53.0,24.0,101.0,54,0.0,0.0,85.54870749567395,279.9775526773908,0.116492851923155,0.5,1.0,0.0,0.0,0.25925925925925924,0.0,0.0
53.0,24.5,102.0,54,0.0,0.0,78.04923812597292,274.56428238301385,0.12345319477274765,0.5,1.0,0.0,0.0,0.2962962962962963,0.0,0.0
53.0,25.0,103.0,54,0.0,0.0,69.68748530954218,268.9605731434282,0.1308307027880727,0.5,1.0,0.0,0.0,0.3148148148148148,0.0,0.037037037037037035
53.0,25.5,104.0,54,0.0,0.0,60.53755253978266,263.1690334716232,0.13848094380414108,0.5,1.0,0.0,0.0,0.3333333333333333,0.0,0.05555555555555555
53.0,26.0,105.0,54,0.0,0.0,50.75707527422229,257.1928067799005,0.14619215806899438,0.5,1.0,0.0,0.0,0.3888888888888889,0.0,0.1111111111111111
53.0,26.5,106.0,54,0.0,0.0,43.94429756705537,251.03562687760737,0.15367919409306807,0.5,1.0,0.0,0.0,0.5925925925925926,0.0,0.1111111111111111
53.0,27.0,107.0,54,0.0,0.0,43.4558670121673,245.2974329112555,0.1605882040970143,0.5,1.0,0.0,0.0,0.7222222222222222,0.0,0.14814814814814814
53.0,27.5,108.0,54,0.0,0.0,42.96596821247122,239.02998876799626,0.16651749358609597,0.5,1.0,0.0,0.0,0.8888888888888888,0.16666666666666666,0.16666666666666666
53.0,28.0,109.0,54,0.0,0.0,42.47120197498077,232.59654874339836,0.17105733791844085,0.5,1.0,0.0,0.018518518518518517,1.0,0.9444444444444444,0.2777777777777778
53.0,28.5,110.0,54,0.0,0.0,41.89096614190103,226.00312486399847,0.1738456771806297,0.5,1.0,0.0,0.5,1.0,1.0,0.5
53.0,29.0,111.0,54,0.0,0.0,41.25818855507904,219.25652821937612,0.17462873765112297,0.5,1.0,0.0,0.5,1.0,1.0,0.5
53.0,29.5,112.0,54,0.0,0.0,40.572911065226286,212.3644233343337,0.17330971032038714,0.5,1.0,0.0,0.5,1.0,1.0,0.5
53.0,30.0,113.0,54,0.0,0.2222222222222222,39.83532730705783,205.33538097675023,0.16996925016649622,0.5,1.0,0.2222222222222222,0.5,1.0,1.0,0.5
53.0,30.5,114.0,54,0.0,0.5,39.02931629784661,198.17892849876225,0.164850259566417,0.5,1.0,0.5,0.5555555555555556,1.0,0.5,0.5
53.0,31.0,115.0,54,0.0,0.5,38.12831536979357,190.90559669721648,0.15831227807017484,0.5,1.0,0.5,0.5555555555555556,1.0,0.3333333333333333,0.35185185185185186
53.0,31.5,116.0,54,0.0,0.4074074074074074,37.17763396858948,183.52231679399256,0.15077077026125094,0.5,1.0,0.5,0.4074074074074074,1.0,0.16666666666666666,0.24074074074074073
53.0,32.0,117.0,54,0.0,0.2777777777777778,36.178385995771265,175.82587781936118,0.14263881538535877,0.5,1.0,0.5,0.2777777777777778,1.0,0.1111111111111111,0.14814814814814814
53.0,32.5,118.0,54,0.0,0.2222222222222222,35.131935131066776,168.05523825980976,0.13428366514419862,0.5,1.0,0.5,0.2222222222222222,1.0,0.07407407407407407,0.14814814814814814
53.0,33.0,119.0,54,0.0,0.2777777777777778,34.03991119620077,160.226179101686,0.1260026795044633,0.5,1.0,0.5,0.2777777777777778,1.0,0.018518518518518517,0.14814814814814814
53.0,33.5,120.0,54,0.0,0.3888888888888889,32.86199909671819,152.3556848141895,0.11801658777435911,0.5,1.0,0.5,0.3888888888888889,0.9629629629629629,0.0,0.1111111111111111
53.0,34.0,121.0,54,0.0,0.3888888888888889,31.651198514087053,153.44511997141683,0.11047476081010726,0.5,1.0,0.5,0.3888888888888889,0.8703703703703703,0.0,0.037037037037037035
53.0,34.5,122.0,54,0.0,0.4444444444444444,35.7542594882469,168.96627204011523,0.10346684681969849,0.5,1.0,0.5,0.4444444444444444,0.7777777777777778,0.0,0.037037037037037035
53.0,35.0,123.0,54,0.0,0.37037037037037035,42.31418587586379,185.13301360072842,0.09703638925999115,0.5,1.0,0.37037037037037035,0.5,0.7037037037037037,0.0,0.0
53.0,35.5,124.0,54,0.0,0.24074074074074073,48.49326553029258,199.79692417697072,0.09119371540905022,0.5,1.0,0.24074074074074073,0.5,0.6296296296296297,0.0,0.0
53.0,36.0,125.0,54,0.0,0.12962962962962962,54.24772798393037,212.95996385546968,0.08592679266190628,0.5,1.0,0.12962962962962962,0.5,0.5370370370370371,0.0,0.0
53.0,36.5,126.0,54,0.0,0.0,59.55835999248766,224.6657177710483,0.08120968996138136,0.5,1.0,0.0,0.5,0.42592592592592593,0.0,0.0
53.0,37.0,127.0,54,0.0,0.0,64.42250120180812,234.98161855808647,0.07700879837348112,0.5,1.0,0.0,0.5,0.37037037037037035,0.0,0.0
53.0,37.5,128.0,54,0.0,0.0,68.84800859033767,243.9864224977008,0.07328718512701714,0.5,1.0,0.0,0.5,0.2962962962962963,0.0,0.0
53.0,38.0,129.0,54,0.0,0.0,72.84886028836539,251.7617388525439,0.07000750215162689,0.5,1.0,0.0,0.5,0.25925925925925924,0.0,0.0
53.0,38.5,130.0,54,0.0,0.0,76.44204185476278,258.3865320177238,0.06713383166991943,0.5185185185185185,1.0,0.0,0.5,0.25925925925925924,0.0,0.0
53.0,39.0,131.0,54,0.0,0.0,79.64539350763896,263.93372015190334,0.06463278142808535,0.5370370370370371,1.0,0.0,0.5,0.24074074074074073,0.0,0.0
53.0,39.5,132.0,54,0.0,0.0,82.47615436663172,268.46820288406747,0.062474068893032746,0.5740740740740741,0.9814814814814815,0.0,0.5,0.24074074074074073,0.0,0.0
53.0,40.0,133.0,54,0.0,0.0,84.94999881659817,272.0458313301329,0.060630769588683575,0.6111111111111112,0.9814814814814815,0.0,0.5,0.24074074074074073,0.0,0.0
53.5,10.0,73.5,54,0.0,0.0,91.15487122962142,329.84854622081986,0.1322117983477644,0.5,0.5,0.0,0.5,1.0,0.5740740740740741,0.14814814814814814
53.5,10.5,74.5,54,0.0,0.0,95.60490140610561,336.2672750842728,0.12297781122771219,0.5,0.5,0.0,0.5,1.0,0.7592592592592593,0.16666666666666666
53.5,11.0,75.5,54,0.0,0.0,99.55552260393586,341.5891228152125,0.11516588894577083,0.5,0.5,0.0,0.5,1.0,0.5740740740740741,0.16666666666666666
53.5,11.5,76.5,54,0.0,0.0,103.06174308595367,345.94484891863436,0.10855659632360667,0.5,0.5,0.0,0.5,1.0,0.48148148148148145,0.2962962962962963
53.5,12.0,77.5,54,0.0,0.0,106.16978768237497,349.4398121912763,0.10297324930850879,0.5,0.5,0.0,0.5,0.9814814814814815,0.2962962962962963,0.3333333333333333
53.5,12.5,78.5,54,0.0,0.0,108.91803665329373,352.1579507228208,0.09827348179183065,0.5,0.5,0.0,0.5,0.8888888888888888,0.16666666666666666,0.46296296296296297
53.5,13.0,79.5,54,0.0,0.0,111.33792182026453,354.1650532334815,0.0943425809417046,0.5,0.5,0.0,0.5,0.6666666666666666,0.16666666666666666,0.5
53.5,13.5,80.5,54,0.0,0.0,113.45471810083805,355.51138317105597,0.09108825183338895,0.5,0.5,0.0,0.5,0.48148148148148145,0.16666666666666666,0.5
53.5,14.0,81.5,54,0.0,0.0,115.28820715320896,356.2337382477686,0.08843651952001981,0.5,0.5,0.0,0.5,0.35185185185185186,0.1111111111111111,0.5
53.5,14.5,82.5,54,0.0,0.0,116.853209151506,356.357028088837,0.08632852950185732,0.5,0.5,0.0,0.5,0.2962962962962963,0.05555555555555555,0.4444444444444444
53.5,15.0,83.5,54,0.0,0.0,118.15998756086645,355.8954438964858,0.08471805593580496,0.5,0.5,0.0,0.5,0.24074074074074073,0.018518518518518517,0.16666666666666666
53.5,15.5,84.5,54,0.0,0.0,119.21453510515911,354.85328275081497,0.08356956759426105,0.5,0.5,0.0,0.5,0.2222222222222222,0.0,0.1111111111111111
53.5,16.0,85.5,54,0.0,0.0,120.01874970184242,353.22547843755996,0.08285673413103542,0.5,0.5,0.0,0.5,0.2222222222222222,0.0,0.05555555555555555
53.5,16.5,86.5,54,0.0,0.0,120.57050857743721,350.9978820376718,0.08256128033199095,0.5,0.5,0.0,0.5,0.2222222222222222,0.0,0.0
53.5,17.0,87.5,54,0.0,0.0,120.86364805394794,348.3957079860814,0.08267211466290027,0.5,0.5,0.0,0.5,0.2037037037037037,0.0,0.0
53.5,17.5,88.5,54,0.0,0.0,120.88785631138626,345.2294290221265,0.08318467139385728,0.5,0.5,0.0,0.5,0.16666666666666666,0.0,0.0
53.5,18.0,89.5,54,0.0,0.0,120.62848742405635,341.3442874916762,0.08410041339933189,0.5,0.5,0.0,0.5,0.16666666666666666,0.0,0.0
53.5,18.5,90.5,54,0.0,0.0,120.06630788262606,336.690642993701,0.08542644554939086,0.5,0.6296296296296297,0.0,0.5,0.16666666666666666,0.0,0.0
53.5,19.0,91.5,54,0.0,0.0,119.17719264494427,331.20769924566224,0.08717518613858313,0.5,0.6666666666666666,0.0,0.48148148148148145,0.16666666666666666,0.0,0.0
53.5,19.5,92.5,54,0.0,0.0,117.93179790104838,324.82311744035513,0.08936403530086758,0.5,0.6666666666666666,0.0,0.42592592592592593,0.16666666666666666,0.0,0.0
53.5,20.0,93.5,54,0.0,0.0,116.37969252314753,317.4527847944726,0.09201496361365513,0.5,0.6851851851851852,0.0,0.3333333333333333,0.18518518518518517,0.0,0.0
53.5,20.5,94.5,54,0.0,0.0,114.40281611397549,309.00094467829234,0.09515391946272916,0.5,0.7777777777777778,0.0,0.25925925925925924,0.18518518518518517,0.0,0.0
53.5,21.0,95.5,54,0.0,0.0,111.94076385806794,299.36099413948256,0.0988099183804567,0.5,0.8148148148148148,0.0,0.18518518518518517,0.18518518518518517,0.0,0.0
53.5,21.5,96.5,54,0.0,0.0,108.93970449076613,288.4173940572929,0.1030136300010455,0.5,0.9259259259259259,0.0,0.1111111111111111,0.18518518518518517,0.0,0.0
53.5,22.0,97.5,54,0.0,0.0,105.34045059760767,276.0493237148452,0.10779521860530483,0.5,0.9629629629629629,0.0,0.05555555555555555,0.18518518518518517,0.0,0.0
53.5,22.5,98.5,54,0.0,0.0,101.08021898009831,265.99516041531723,0.11318112553147097,0.5,1.0,0.0,0.018518518518518517,0.2037037037037037,0.0,0.0
53.5,23.0,99.5,54,0.0,0.0,96.0958324059975,255.90833580562344,0.11918941825635491,0.5,1.0,0.0,0.0,0.24074074074074073,0.0,0.0
53.5,23.5,100.5,54,0.0,0.0,90.32900117512698,249.16517856610542,0.12582329874959564,0.5,1.0,0.0,0.0,0.24074074074074073,0.0,0.0
53.5,24.0,101.5,54,0.0,0.0,83.73443520816322,244.36975509402578,0.13306241354936132,0.5,1.0,0.0,0.0,0.25925925925925924,0.0,0.0
53.5,24.5,102.5,54,0.0,0.0,76.29152727303253,239.40231472195936,0.14085182309601352,0.5,1.0,0.0,0.0,0.2777777777777778,0.0,0.0
53.5,25.0,103.5,54,0.0,0.0,68.02006004833078,234.2661056436459,0.14908898424063394,0.5,1.0,0.0,0.0,0.3148148148148148,0.0,0.0
53.5,25.5,104.5,54,0.0,0.0,58.99960219075327,228.9648396311916,0.1576100012722027,0.5,1.0,0.0,0.0,0.35185185185185186,0.0,0.018518518518518517
53.5,26.0,105.5,54,0.0,0.0,49.462561395963476,223.5027339302509,0.1661777609193446,0.5,1.0,0.0,0.0,0.4444444444444444,0.0,0.05555555555555555
53.5,26.5,106.5,54,0.0,0.0,39.73181418870628,218.37938071087282,0.17447621582232303,0.5,1.0,0.0,0.0,0.7037037037037037,0.0,0.1111111111111111
53.5,27.0,107.5,54,0.0,0.0,36.95492709184983,212.88920632308302,0.1821164234772463,0.5,1.0,0.0,0.0,0.8518518518518519,0.0,0.1111111111111111
53.5,27.5,108.5,54,0.0,0.0,36.55782218930423,207.18954504684856,0.18865986145156285,0.5,1.0,0.0,0.0,0.9814814814814815,0.16666666666666666,0.16666666666666666
53.5,28.0,109.5,54,0.0,0.0,36.05887587631012,201.3497695786357,0.19366168026753838,0.5,1.0,0.0,0.05555555555555555,1.0,0.9444444444444444,0.2962962962962963
53.5,28.5,110.5,54,0.0,0.0,35.514494165752545,195.37660602726348,0.19673032875078983,0.5,1.0,0.0,0.5,1.0,1.0,0.5
53.5,29.0,111.5,54,0.0,0.0,34.92490944574154,189.27747383616992,0.1975918879918168,0.5,1.0,0.0,0.5,1.0,1.0,0.5
53.5,29.5,112.5,54,0.0,0.0,34.29048419180412,183.0605221724013,0.19614149581851115,0.5,1.0,0.0,0.5,1.0,1.0,0.5
53.5,30.0,113.5,54,0.0,0.3148148148148148,33.6117228495458,176.7346638543133,0.19246504734221845,0.5,1.0,0.3148148148148148,0.5555555555555556,1.0,1.0,0.5
53.5,30.5,114.5,54,0.0,0.5,32.8671710996688,170.30960608412528,0.18682336267480565,0.5,1.0,0.5,0.5555555555555556,1.0,0.5,0.5
53.5,31.0,115.5,54,0.0,0.5,32.047815195300515,163.79587718772265,0.17960424192095029,0.5,1.0,0.5,0.6666666666666666,1.0,0.3333333333333333,0.35185185185185186
53.5,31.5,116.5,54,0.0,0.5,31.187759676671156,157.1440726416413,0.17125817087912582,0.5,1.0,0.5,0.5555555555555556,1.0,0.14814814814814814,0.2037037037037037
53.5,32.0,117.5,54,0.0,0.35185185185185186,30.288335156970128,150.2842781399043,0.1622359285168312,0.5,1.0,0.5,0.35185185185185186,1.0,0.09259259259259259,0.16666666666666666
53.5,32.5,118.5,54,0.0,0.35185185185185186,29.351082630508564,143.3782064153427,0.1529413665571412,0.5,1.0,0.5,0.35185185185185186,1.0,0.05555555555555555,0.14814814814814814
53.5,33.0,119.5,54,0.0,0.3888888888888889,28.37776350878553,136.44059245102477,0.14370447958916474,0.5,1.0,0.5,0.3888888888888889,1.0,0.0,0.1111111111111111
53.5,33.5,120.5,54,0.0,0.42592592592592593,27.348090790422514,132.9566886735262,0.13477297750186895,0.5,1.0,0.5,0.42592592592592593,0.9444444444444444,0.0,0.05555555555555555
53.5,34.0,121.5,54,0.0,0.48148148148148145,28.6748507161506,148.51100489712388,0.12631698026854057,0.5,1.0,0.5,0.48148148148148145,0.8333333333333334,0.0,0.0
53.5,34.5,122.5,54,0.0,0.5,35.01411982848355,165.990394649972,0.11844091668387705,0.5,1.0,0.5,0.5,0.7592592592592593,0.0,0.0
53.5,35.0,123.5,54,0.0,0.42592592592592593,41.507900657126925,182.07712999602333,0.1111979145149866,0.5,1.0,0.42592592592592593,0.5,0.6851851851851852,0.0,0.0
53.5,35.5,124.5,54,0.0,0.2962962962962963,47.636428153787506,196.69847212018468,0.10460368097860352,0.5,1.0,0.2962962962962963,0.5,0.5925925925925926,0.0,0.0
53.5,36.0,125.5,54,0.0,0.16666666666666666,53.353414895002516,209.84790870435884,0.09864836596029734,0.5,1.0,0.16666666666666666,0.5,0.46296296296296297,0.0,0.0
53.5,36.5,126.5,54,0.0,0.037037037037037035,58.63716059983595,221.56158014222237,0.09330592694721854,0.5,1.0,0.037037037037037035,0.5,0.3888888888888889,0.0,0.0
53.5,37.0,127.5,54,0.0,0.0,63.48273678461521,231.90068832296396,0.08854109808283622,0.5185185185185185,1.0,0.0,0.5,0.3148148148148148,0.0,0.0
53.5,37.5,128.5,54,0.0,0.0,67.89603283019719,240.93895533578652,0.08431432926323637,0.5370370370370371,1.0,0.0,0.5,0.25925925925925924,0.0,0.0
53.5,38.0,129.5,54,0.0,0.0,71.88937701862736,248.75403332365818,0.08058513131180696,0.5555555555555556,1.0,0.0,0.5,0.24074074074074073,0.0,0.0
53.5,38.5,130.5,54,0.0,0.0,75.47840521853573,255.4218482552091,0.07731423454735109,0.5925925925925926,1.0,0.0,0.5,0.2222222222222222,0.0,0.0
53.5,39.0,131.5,54,0.0,0.0,78.67987454918541,261.0130369535718,0.07446489974364348,0.6296296296296297,1.0,0.0,0.5,0.2222222222222222,0.0,0.0
53.5,39.5,132.5,54,0.0,0.0,81.51016923823681,265.5908279180548,0.07200364477281065,0.6666666666666666,1.0,0.0,0.5,0.2037037037037037,0.0,0.0
53.5,40.0,133.5,54,0.0,0.0,83.98429989239855,269.209886534463,0.06990058201517187,0.7407407407407407,1.0,0.0,0.5,0.18518518518518517,0.0,0.0
54.0,10.0,74.0,54,0.0,0.0,89.09107028444498,323.0046472439042,0.15023293810686947,0.5,0.5,0.0,0.5,1.0,0.6111111111111112,0.14814814814814814
54.0,10.5,75.0,54,0.0,0.0,93.59437231509882,329.76622421773556,0.13994789944618075,0.5,0.5,0.0,0.5,1.0,0.7962962962962963,0.16666666666666666
54.0,11.0,76.0,54,0.0,0.0,97.59721810963626,335.39572639181984,0.13122283712007704,0.5,0.5,0.0,0.5,1.0,0.5740740740740741,0.16666666666666666
54.0,11.5,77.0,54,0.0,0.0,101.1527662025581,340.0253329450038,0.1238237258902903,0.5,0.5,0.0,0.5,1.0,0.5,0.3148148148148148
54.0,12.0,78.0,54,0.0,0.0,104.30609421181654,343.7624057834036,0.11756075938678524,0.5,0.5,0.0,0.5,0.9814814814814815,0.2962962962962963,0.3333333333333333
54.0,12.5,79.0,54,0.0,0.0,107.09490335540373,346.6931180157818,0.11228005637580775,0.5,0.5,0.0,0.5,0.8148148148148148,0.16666666666666666,0.46296296296296297
54.0,13.0,80.0,54,0.0,0.0,109.55025454912176,348.88551831581987,0.1078569784756685,0.5,0.5,0.0,0.5,0.6111111111111112,0.16666666666666666,0.5
54.0,13.5,81.0,54,0.0,0.0,111.69725150760401,350.3920396315488,0.10419079961449255,0.5,0.5,0.0,0.5,0.4074074074074074,0.12962962962962962,0.5
54.0,14.0,82.0,54,0.0,0.0,113.55563164134735,351.25150093921815,0.10120048090297665,0.5,0.5,0.0,0.5,0.2777777777777778,0.07407407407407407,0.5
54.0,14.5,83.0,54,0.0,0.0,115.14024981865929,351.49066322284136,0.09882133706173926,0.5,0.5,0.0,0.5,0.24074074074074073,0.037037037037037035,0.42592592592592593
54.0,15.0,84.0,54,0.0,0.0,116.4614524379483,351.12540024349926,0.09700241689628324,0.5,0.5,0.0,0.5,0.2037037037037037,0.0,0.14814814814814814
54.0,15.5,85.0,54,0.0,0.0,117.52534506169333,350.1615387000962,0.09570445394869745,0.5,0.5,0.0,0.5,0.2037037037037037,0.0,0.037037037037037035
54.0,16.0,86.0,54,0.0,0.0,118.33395919615062,348.59541515181854,0.09489827192772544,0.5,0.5,0.0,0.5,0.16666666666666666,0.0,0.0
54.0,16.5,87.0,54,0.0,0.0,118.88532449539572,346.41419077287026,0.09456355226580081,0.5,0.5,0.0,0.5,0.14814814814814814,0.0,0.0
54.0,17.0,88.0,54,0.0,0.0,119.1734528744799,343.76821582097097,0.0946878883470357,0.5,0.5,0.0,0.5,0.14814814814814814,0.0,0.0
54.0,17.5,89.0,54,0.0,0.0,119.18824155362438,340.6265460077644,0.09526606292977019,0.5,0.5,0.0,0.5,0.14814814814814814,0.0,0.0
54.0,18.0,90.0,54,0.0,0.0,118.9153036437438,336.7531982801245,0.09629949225878547,0.5,0.5,0.0,0.5,0.12962962962962962,0.0,0.0
54.0,18.5,91.0,54,0.0,0.0,118.33573831702606,332.09999257716805,0.09779578225224986,0.5,0.6296296296296297,0.0,0.5,0.12962962962962962,0.0,0.0
54.0,19.0,92.0,54,0.0,0.0,117.4258588984685,326.6078030147682,0.09976833851061136,0.5,0.6666666666666666,0.0,0.48148148148148145,0.12962962962962962,0.0,0.0
54.0,19.5,93.0,54,0.0,0.0,116.15690774226911,320.2062835468755,0.10223596185444206,0.5,0.6666666666666666,0.0,0.46296296296296297,0.12962962962962962,0.0,0.0
54.0,20.0,94.0,54,0.0,0.0,114.5627078118779,312.81377451614526,0.10522234333939486,0.5,0.6666666666666666,0.0,0.3888888888888889,0.12962962962962962,0.0,0.0
54.0,20.5,95.0,54,0.0,0.0,112.55819627066104,304.3375999561813,0.10875534553770845,0.5,0.7777777777777778,0.0,0.3148148148148148,0.12962962962962962,0.0,0.0
54.0,21.0,96.0,54,0.0,0.0,110.06845765130846,294.6750626060392,0.11286591854417713,0.5,0.8333333333333334,0.0,0.25925925925925924,0.14814814814814814,0.0,0.0
54.0,21.5,97.0,54,0.0,0.0,107.04154343272822,283.7155777637727,0.11758644846281473,0.5,0.9444444444444444,0.0,0.16666666666666666,0.14814814814814814,0.0,0.0
54.0,22.0,98.0,54,0.0,0.0,103.42074850819402,271.34456353400964,0.12294827383129758,0.5,0.9814814814814815,0.0,0.07407407407407407,0.18518518518518517,0.0,0.0
54.0,22.5,99.0,54,0.0,0.0,99.14650107983519,257.449920988688,0.12897803691076043,0.5,1.0,0.0,0.037037037037037035,0.18518518518518517,0.0,0.0
54.0,23.0,100.0,54,0.0,0.0,94.15967786574586,241.9321717443338,0.1356924764582556,0.5,1.0,0.0,0.018518518518518517,0.18518518518518517,0.0,0.0
54.0,23.5,101.0,54,0.0,0.0,88.40694325574144,224.71951354346106,0.14309124689797753,0.5,1.0,0.0,0.0,0.24074074074074073,0.0,0.0
54.0,24.0,102.0,54,0.0,0.0,81.84879757565481,212.07335057299792,0.1511474208661614,0.5,1.0,0.0,0.0,0.25925925925925924,0.0,0.0
54.0,24.5,103.0,54,0.0,0.0,74.47097894820715,201.81532676803386,0.1597955855509909,0.5,1.0,0.0,0.0,0.2777777777777778,0.0,0.0
54.0,25.0,104.0,54,0.0,0.0,66.2995501489606,197.24204718076038,0.16891799603027272,0.5,1.0,0.0,0.0,0.3148148148148148,0.0,0.0
54.0,25.5,105.0,54,0.0,0.0,57.419217870837706,192.52981119378998,0.17833021928826304,0.5,1.0,0.0,0.0,0.3888888888888889,0.0,0.0
54.0,26.0,106.0,54,0.0,0.0,48.087969497193306,188.06602700972567,0.1877691256545297,0.5,1.0,0.0,0.0,0.5,0.0,0.018518518518518517
54.0,26.5,107.0,54,0.0,0.0,38.57004519403255,183.4043653035052,0.19688775494965582,0.5,1.0,0.0,0.0,0.7407407407407407,0.0,0.05555555555555555
54.0,27.0,108.0,54,0.0,0.0,30.717728818665936,178.49441883871475,0.20526286312906739,0.5,1.0,0.0,0.0,0.9259259259259259,0.0,0.1111111111111111
54.0,27.5,109.0,54,0.0,0.0,29.780317626362184,173.46559813749715,0.21242069326158933,0.5,1.0,0.0,0.0,1.0,0.16666666666666666,0.16666666666666666
54.0,28.0,110.0,54,0.0,0.0,29.32625874568709,168.32440286556775,0.21788339719483682,0.5,1.0,0.0,0.07407407407407407,1.0,0.9629629629629629,0.3148148148148148
54.0,28.5,111.0,54,0.0,0.0,28.83455208123654,163.07787530350805,0.22123206678530713,0.5,1.0,0.0,0.5,1.0,1.0,0.5
54.0,29.0,112.0,54,0.0,0.0,28.30568939867259,157.73362248804875,0.22217413015291318,0.5,1.0,0.0,0.5555555555555556,1.0,1.0,0.5
54.0,29.5,113.0,54,0.0,0.0,27.74027913867502,152.29983606153522,0.220596985334794,0.5,1.0,0.0,0.5555555555555556,1.0,1.0,0.5
54.0,30.0,114.0,54,0.0,0.3888888888888889,27.13905432111619,146.78530933023873,0.21659071617883763,0.5,1.0,0.3888888888888889,0.6296296296296297,1.0,1.0,0.5
54.0,30.5,115.0,54,0.0,0.5,26.480646770868166,141.19945100153436,0.21043190768937858,0.5,1.0,0.5,0.7222222222222222,1.0,0.5185185185185185,0.5
54.0,31.0,116.0,54,0.0,0.5,25.763599850195895,135.55229504426063,0.20253397308942775,0.5,1.0,0.5,0.7777777777777778,1.0,0.3333333333333333,0.3333333333333333
54.0,31.5,117.0,54,0.0,0.5,25.015023973996644,129.766869863122,0.1933799789263902,0.5,1.0,0.5,0.7222222222222222,1.0,0.12962962962962962,0.18518518518518517
54.0,32.0,118.0,54,0.0,0.5,24.2363494528682,123.85123945602587,0.1834567150989852,0.5,1.0,0.5,0.5370370370370371,1.0,0.07407407407407407,0.16666666666666666
54.0,32.5,119.0,54,0.0,0.46296296296296297,23.429172428020923,117.91450080561154,0.173203946982267,0.5,1.0,0.5,0.46296296296296297,1.0,0.018518518518518517,0.1111111111111111
54.0,33.0,120.0,54,0.0,0.48148148148148145,22.59525970413603,112.4536890306966,0.1629845821129405,0.5,1.0,0.5,0.48148148148148145,1.0,0.0,0.037037037037037035
54.0,33.5,121.0,54,0.0,0.5,21.933036116557012,126.99068730410595,0.1530743264485243,0.5,1.0,0.5,0.5,0.9074074074074074,0.0,0.0
54.0,34.0,122.0,54,0.0,0.5,27.539296458616985,145.4977714334565,0.1436655043077929,0.5,1.0,0.5,0.5,0.8333333333333334,0.0,0.0
54.0,34.5,123.0,54,0.0,0.5,34.227894130451304,162.8385093947462,0.13487894408577497,0.5,1.0,0.5,0.5,0.7407407407407407,0.0,0.0
54.0,35.0,124.0,54,0.0,0.46296296296296297,40.65053674693305,178.8356995673422,0.12677893318805664,0.5185185185185185,1.0,0.46296296296296297,0.5,0.6296296296296297,0.0,0.0
54.0,35.5,125.0,54,0.0,0.3333333333333333,46.72436885448754,193.40742850653967,0.11938796159830838,0.5185185185185185,1.0,0.3333333333333333,0.5,0.5370370370370371,0.0,0.0
54.0,36.0,126.0,54,0.0,0.16666666666666666,52.40053396178179,206.53840332261748,0.11269953062542055,0.5555555555555556,1.0,0.16666666666666666,0.5,0.4074074074074074,0.0,0.0
54.0,36.5,127.0,54,0.0,0.1111111111111111,57.65476106451724,218.25697492531393,0.10668840824377329,0.5740740740740741,1.0,0.1111111111111111,0.5,0.3333333333333333,0.0,0.0
54.0,37.0,128.0,54,0.0,0.0,62.4797559087663,228.6177730550602,0.10131836314085979,0.6296296296296297,1.0,0.0,0.5,0.24074074074074073,0.0,0.0
54.0,37.5,129.0,54,0.0,0.0,66.8793408280285,237.68917148500557,0.09654772034159996,0.6666666666666666,1.0,0.0,0.5,0.2222222222222222,0.0,0.0
54.0,38.0,130.0,54,0.0,0.0,70.8641005276433,245.544590406018,0.09233317951515248,0.7222222222222222,1.0,0.0,0.5,0.2222222222222222,0.0,0.0
54.0,38.5,131.0,54,0.0,0.0,74.44823727069725,252.25668584045692,0.08863232211073988,0.7592592592592593,1.0,0.0,0.5,0.16666666666666666,0.0,0.0
54.0,39.0,132.0,54,0.0,0.0,77.64735273096292,257.8936242608817,0.08540516970187921,0.7777777777777778,1.0,0.0,0.5,0.16666666666666666,0.0,0.0
54.0,39.5,133.0,54,0.0,0.0,80.47691576516131,262.51681315722925,0.0826150796288413,0.8333333333333334,1.0,0.0,0.5,0.16666666666666666,0.0,0.0
54.0,40.0,134.0,54,0.0,0.0,82.95122407100664,266.1796170058788,0.08022919284522274,0.8333333333333334,0.9814814814814815,0.0,0.5,0.14814814814814814,0.0,0.0
54.5,10.0,74.5,54,0.0,0.0,86.86814732421999,315.63178836415915,0.169634234836831,0.5,0.5,0.0,0.5,1.0,0.6111111111111112,0.1111111111111111
54.5,10.5,75.5,54,0.0,0.0,91.42252198322745,322.7423726954698,0.158271438954611,0.5,0.5,0.0,0.5,1.0,0.8148148148148148,0.16666666666666666
54.5,11.0,76.5,54,0.0,0.0,95.47655882994344,328.6877745366896,0.14860375555049157,0.5,0.5,0.0,0.5,1.0,0.5925925925925926,0.16666666666666666
54.5,11.5,77.5,54,0.0,0.0,99.08119892231456,333.60060899081117,0.14038476966819818,0.5,0.5,0.0,0.5,1.0,0.5,0.3333333333333333
54.5,12.0,78.5,54,0.0,0.0,102.28009077284196,337.58954828633597,0.13341302774387503,0.5,0.5,0.0,0.5,0.9814814814814815,0.3148148148148148,0.3333333333333333
54.5,12.5,79.5,54,0.0,0.0,105.11004356928777,340.7425213545387,0.1275241046251968,0.5,0.5,0.0,0.5,0.7592592592592593,0.16666666666666666,0.5
54.5,13.0,80.5,54,0.0,0.0,107.60158832429802,343.1295128606924,0.12258406101563095,0.5,0.5,0.0,0.5,0.5185185185185185,0.16666666666666666,0.5
54.5,13.5,81.5,54,0.0,0.0,109.77954029323753,344.80491351445613,0.11848412851665406,0.5,0.5,0.0,0.5,0.3148148148148148,0.1111111111111111,0.5
54.5,14.0,82.5,54,0.0,0.0,111.66350747966439,345.8094328963342,0.11513643467605929,0.5,0.5,0.0,0.5,0.2222222222222222,0.05555555555555555,0.5
54.5,14.5,83.5,54,0.0,0.0,113.26831902599064,346.1716115980506,0.11247058903262323,0.5,0.5,0.0,0.5,0.18518518518518517,0.0,0.4074074074074074
54.5,15.0,84.5,54,0.0,0.0,114.60436313344958,345.9089776512071,0.11043097271779835,0.5,0.5,0.0,0.5,0.14814814814814814,0.0,0.05555555555555555
54.5,15.5,85.5,54,0.0,0.0,115.67783247396655,345.0288921425843,0.10897459872947639,0.5,0.5,0.0,0.5,0.12962962962962962,0.0,0.0
54.5,16.0,86.5,54,0.0,0.0,116.49087920289622,343.5291256471664,0.1080694328964658,0.5,0.5,0.0,0.5,0.1111111111111111,0.0,0.0
54.5,16.5,87.5,54,0.0,0.0,117.04168370010603,341.46001553972025,0.10769308485021487,0.5,0.5,0.0,0.5,0.09259259259259259,0.0,0.0
54.5,17.0,88.5,54,0.0,0.0,117.32444236573542,339.05174524092087,0.10783179330072816,0.5,0.5,0.0,0.5,0.09259259259259259,0.0,0.0
54.5,17.5,89.5,54,0.0,0.0,117.32928110986703,335.9355744776136,0.10847964034257236,0.5,0.5,0.0,0.5,0.09259259259259259,0.0,0.0
54.5,18.0,90.5,54,0.0,0.0,117.04210340144674,332.0753193379832,0.10963793522613283,0.5,0.5,0.0,0.5,0.09259259259259259,0.0,0.0
54.5,18.5,91.5,54,0.0,0.0,116.44438572202645,327.4243030735004,0.11131470868596516,0.5,0.5555555555555556,0.0,0.5,0.07407407407407407,0.0,0.0
54.5,19.0,92.5,54,0.0,0.0,115.51294003324145,321.92513316393246,0.11352425388886395,0.5,0.6666666666666666,0.0,0.5,0.07407407407407407,0.0,0.0
54.5,19.5,93.5,54,0.0,0.0,114.30601422067728,315.50953841662977,0.11628663833858889,0.5,0.6666666666666666,0.0,0.46296296296296297,0.07407407407407407,0.0,0.0
54.5,20.0,94.5,54,0.0,0.0,112.71545952982791,308.09841196742246,0.11962709125280063,0.5,0.6666666666666666,0.0,0.4074074074074074,0.07407407407407407,0.0,0.0
54.5,20.5,95.5,54,0.0,0.0,110.68481802617165,299.6022726680469,0.1235751413270617,0.5,0.7777777777777778,0.0,0.3333333333333333,0.07407407407407407,0.0,0.0
54.5,21.0,96.5,54,0.0,0.0,108.16930063578295,289.9224517856625,0.12816333878832917,0.5,0.8333333333333334,0.0,0.2962962962962963,0.09259259259259259,0.0,0.0
54.5,21.5,97.5,54,0.0,0.0,105.11890309140567,278.9534404378746,0.1334253424112573,0.5,0.9444444444444444,0.0,0.25925925925925924,0.1111111111111111,0.0,0.0
54.5,22.0,98.5,54,0.0,0.0,101.47946005207365,266.5869990870626,0.13939308830875663,0.5,1.0,0.0,0.16666666666666666,0.12962962962962962,0.0,0.0
54.5,22.5,99.5,54,0.0,0.0,97.19465427828625,252.71882850930245,0.14609268963140254,0.5,1.0,0.0,0.1111111111111111,0.16666666666666666,0.0,0.0
54.5,23.0,100.5,54,0.0,0.0,92.2094299947593,237.25880767053107,0.15353866158509655,0.5,1.0,0.0,0.05555555555555555,0.18518518518518517,0.0,0.0
54.5,23.5,101.5,54,0.0,0.0,86.47536862183571,220.14595716381024,0.16172605806379012,0.5,1.0,0.0,0.037037037037037035,0.2037037037037037,0.0,0.0
54.5,24.0,102.5,54,0.0,0.0,79.95864728536526,201.3692652910391,0.1706202037042212,0.5,1.0,0.0,0.018518518518518517,0.24074074074074073,0.0,0.0
54.5,24.5,103.5,54,0.0,0.0,72.65113227319206,180.9951071865443,0.18014399902342704,0.5,1.0,0.0,0.0,0.2777777777777778,0.0,0.0
54.5,25.0,104.5,54,0.0,0.0,64.58482627034265,165.11674408584605,0.19016338379962222,0.5,1.0,0.0,0.0,0.3148148148148148,0.0,0.0
54.5,25.5,105.5,54,0.0,0.0,55.84911394751233,155.38311062607372,0.20047257422988699,0.5,1.0,0.0,0.0,0.3888888888888889,0.0,0.0
54.5,26.0,106.5,54,0.0,0.0,46.624829993550065,151.57945361807026,0.2107821549902651,0.5,1.0,0.0,0.0,0.5925925925925926,0.0,0.0
54.5,26.5,107.5,54,0.0,0.0,37.33705188471697,147.50124940294273,0.2207147670727392,0.5,1.0,0.0,0.0,0.8518518518518519,0.0,0.018518518518518517
54.5,27.0,108.5,54,0.0,0.0,28.144663883326263,143.32625945510637,0.22981431036971806,0.5,1.0,0.0,0.0,1.0,0.0,0.07407407407407407
54.5,27.5,109.5,54,0.0,0.0,22.937288633861147,139.06052937686897,0.23757412200889974,0.5,1.0,0.0,0.0,1.0,0.16666666666666666,0.14814814814814814
54.5,28.0,110.5,54,0.0,0.0,22.544801706881156,134.71050892791698,0.24348624050232853,0.5,1.0,0.0,0.12962962962962962,1.0,1.0,0.35185185185185186
54.5,28.5,111.5,54,0.0,0.0,22.122872582079594,130.28306273649574,0.24710724542389534,0.5,1.0,0.0,0.5555555555555556,1.0,1.0,0.5
54.5,29.0,112.5,54,0.0,0.0,21.672155849662804,125.78547906573377,0.24812798614258322,0.5,1.0,0.0,0.6111111111111112,1.0,1.0,0.5
54.5,29.5,113.5,54,0.0,0.037037037037037035,21.19340285411092,121.22547632437714,0.24642880938799558,0.5,1.0,0.037037037037037035,0.7777777777777778,1.0,1.0,0.5
54.5,30.0,114.5,54,0.0,0.48148148148148145,20.68746607980934,116.61120700092938,0.24210303877270042,0.5,1.0,0.48148148148148145,0.7777777777777778,1.0,1.0,0.5
54.5,30.5,115.5,54,0.0,0.5,20.13772978993036,111.95125869359813,0.2354406654897138,0.5,1.0,0.5,0.8333333333333334,1.0,0.5555555555555556,0.5
54.5,31.0,116.5,54,0.0,0.5,19.54152553784059,107.25465190643612,0.2268775666723142,0.5,1.0,0.5,0.9074074074074074,1.0,0.3148148148148148,0.3333333333333333
54.5,31.5,117.5,54,0.0,0.5,18.92262007208288,102.4443823062262,0.21692621770911927,0.5,1.0,0.5,0.8333333333333334,1.0,0.1111111111111111,0.18518518518518517
54.5,32.0,118.5,54,0.0,0.5,18.282411538833763,97.55292050817746,0.20610687568177652,0.5185185185185185,1.0,0.5,0.6666666666666666,1.0,0.05555555555555555,0.16666666666666666
54.5,32.5,119.5,54,0.0,0.5,17.622418443252933,92.66080104547335,0.19489367188709286,0.5370370370370371,1.0,0.5,0.5555555555555556,1.0,0.0,0.037037037037037035
54.5,33.0,120.5,54,0.0,0.5,16.944280799327917,105.0502872918711,0.1836819356614419,0.5555555555555556,1.0,0.5,0.5,0.9814814814814815,0.0,0.0
54.5,33.5,121.5,54,0.0,0.5,20.120918350429694,124.15062835688796,0.17277576835718417,0.5740740740740741,1.0,0.5,0.5,0.8888888888888888,0.0,0.0
54.5,34.0,122.5,54,0.0,0.5,26.83567469277183,142.4530575948079,0.16239071295087049,0.6111111111111112,1.0,0.5,0.5,0.8148148148148148,0.0,0.0
54.5,34.5,123.5,54,0.0,0.5,33.431900278636604,159.64697801085057,0.15266534175591648,0.6481481481481481,1.0,0.5,0.5,0.6666666666666666,0.0,0.0
54.5,35.0,124.5,54,0.0,0.5,39.780843295768854,175.54717012036267,0.14367654140037728,0.6851851851851852,1.0,0.5,0.5,0.5740740740740741,0.0,0.0
54.5,35.5,125.5,54,0.0,0.3333333333333333,45.797582164661456,190.06277045367688,0.13545495666500565,0.7037037037037037,1.0,0.3333333333333333,0.5,0.46296296296296297,0.0,0.0
54.5,36.0,126.5,54,0.0,0.2222222222222222,51.430767676589355,203.16979355880636,0.12799865049501286,0.7592592592592593,1.0,0.2222222222222222,0.5,0.3148148148148148,0.0,0.0
54.5,36.5,127.5,54,0.0,0.16666666666666666,56.65359439362881,214.88879256623355,0.1212842090328483,0.7592592592592593,1.0,0.16666666666666666,0.5,0.25925925925925924,0.0,0.0
54.5,37.0,128.5,54,0.0,0.0,61.456409764633825,225.26775678520966,0.11527523610854067,0.8148148148148148,1.0,0.0,0.5,0.2037037037037037,0.0,0.0
54.5,37.5,129.5,54,0.0,0.0,65.84095785628311,234.36961168278404,0.10992854201643774,0.8148148148148148,1.0,0.0,0.5,0.16666666666666666,0.0,0.0
54.5,38.0,130.5,54,0.0,0.0,69.81605786744542,242.26343369104447,0.10519846173594834,0.8518518518518519,1.0,0.0,0.5,0.14814814814814814,0.0,0.0
54.5,38.5,131.5,54,0.0,0.0,73.39445157046876,249.01849807209828,0.1010397403879492,0.8518518518518519,1.0,0.0,0.5,0.12962962962962962,0.0,0.0
54.5,39.0,132.5,54,0.0,0.0,76.59055720937238,254.70039861449433,0.09740936751213343,0.8888888888888888,1.0,0.0,0.5,0.1111111111111111,0.0,0.0
54.5,39.5,133.5,54,0.0,0.0,79.41890159003815,259.36863174908075,0.09426766696734915,0.8888888888888888,1.0,0.0,0.5,0.09259259259259259,0.0,0.0
54.5,40.0,134.5,54,0.0,0.0,81.89304549563268,263.075184698311,0.09157887641498347,0.9259259259259259,0.9444444444444444,0.0,0.5,0.09259259259259259,0.0,0.0
55.0,10.0,75.0,54,0.0,0.0,84.73024369854316,308.5630826899226,0.18817590266740644,0.5,0.46296296296296297,0.0,0.5,1.0,0.6296296296296297,0.09259259259259259
55.0,10.5,76.0,54,0.0,0.0,89.32856810110145,315.9905860818124,0.1758337145681158,0.5,0.48148148148148145,0.0,0.5,1.0,0.8333333333333334,0.16666666666666666
55.0,11.0,77.0,54,0.0,0.0,93.42775536675646,322.22558260164664,0.1653031443082423,0.5,0.48148148148148145,0.0,0.5,1.0,0.6296296296296297,0.16666666666666666
55.0,11.5,78.0,54,0.0,0.0,97.07643671206127,327.4001411893388,0.15632899451270008,0.5,0.48148148148148145,0.0,0.5,1.0,0.5,0.3333333333333333
55.0,12.0,79.0,54,0.0,0.0,100.31672923002971,331.6234355156468,0.14870098965068307,0.5,0.5,0.0,0.5,0.8333333333333334,0.2962962962962963,0.3333333333333333
55.0,12.5,80.0,54,0.0,0.0,103.18445173752927,334.98449428677725,0.14224636593715503,0.5,0.5,0.0,0.5,0.5925925925925926,0.16666666666666666,0.5
55.0,13.0,81.0,54,0.0,0.0,105.70951752201019,337.5547117598483,0.13682360035310628,0.5,0.5,0.0,0.5,0.35185185185185186,0.16666666666666666,0.5
55.0,13.5,82.0,54,0.0,0.0,107.9163786058453,339.3900176719577,0.13231721545979552,0.5,0.5,0.0,0.5,0.2222222222222222,0.1111111111111111,0.5
55.0,14.0,83.0,54,0.0,0.0,109.82445230354905,340.5326819329002,0.12863353549034162,0.5,0.5,0.0,0.5,0.14814814814814814,0.037037037037037035,0.5
55.0,14.5,84.0,54,0.0,0.0,111.44849368160996,341.0127668652393,0.12569725400740547,0.5,0.5,0.0,0.5,0.1111111111111111,0.0,0.3333333333333333
55.0,15.0,85.0,54,0.0,0.0,112.79889635483751,340.84925619099977,0.12344867967870247,0.5,0.5,0.0,0.5,0.09259259259259259,0.0,0.037037037037037035
55.0,15.5,86.0,54,0.0,0.0,113.88191459967511,340.0508955532968,0.12184154149615899,0.5,0.5,0.0,0.5,0.07407407407407407,0.0,0.0
55.0,16.0,87.0,54,0.0,0.0,114.69980556033059,339.03807741571825,0.12084125142480243,0.5,0.5,0.0,0.5,0.05555555555555555,0.0,0.0
55.0,16.5,88.0,54,0.0,0.0,115.25089356872168,337.36060177859616,0.12042353774057023,0.5,0.5,0.0,0.5,0.037037037037037035,0.0,0.0
55.0,17.0,89.0,54,0.0,0.0,115.52956072871945,334.98871229264216,0.12057337462350079,0.5,0.5,0.0,0.5,0.037037037037037035,0.0,0.0
55.0,17.5,90.0,54,0.0,0.0,115.52616995763489,331.89767413712485,0.12128414210847739,0.5,0.5,0.0,0.5,0.037037037037037035,0.0,0.0
55.0,18.0,91.0,54,0.0,0.0,115.2783473551065,328.05251746016523,0.12255695470866723,0.5,0.5,0.0,0.5,0.037037037037037035,0.0,0.0
55.0,18.5,92.0,54,0.0,0.0,114.78379718193123,323.4079154043447,0.12440009632222725,0.5,0.5185185185185185,0.0,0.5,0.037037037037037035,0.0,0.0
55.0,19.0,93.0,54,0.0,0.0,113.94678488992588,317.908036753887,0.1268284925958073,0.5,0.6666666666666666,0.0,0.5,0.037037037037037035,0.0,0.0
55.0,19.5,94.0,54,0.0,0.0,112.74000232097278,311.48647626201506,0.12986313861966292,0.5,0.6666666666666666,0.0,0.48148148148148145,0.037037037037037035,0.0,0.0
55.0,20.0,95.0,54,0.0,0.0,111.13076752134384,304.06641082106364,0.13353037821723807,0.5,0.6666666666666666,0.0,0.4444444444444444,0.037037037037037035,0.0,0.0
55.0,20.5,96.0,54,0.0,0.0,109.08093395765103,295.56119521376684,0.13786089952552613,0.5,0.7777777777777778,0.0,0.3888888888888889,0.037037037037037035,0.0,0.0
55.0,21.0,97.0,54,0.0,0.0,106.54702282810266,285.8757030003444,0.14288826860427864,0.5,0.8333333333333334,0.0,0.3333333333333333,0.05555555555555555,0.0,0.0
55.0,21.5,98.0,54,0.0,0.0,103.480743799158,274.9088413527441,0.14864676810226457,0.5,0.9444444444444444,0.0,0.2962962962962963,0.07407407407407407,0.0,0.0
55.0,22.0,99.0,54,0.0,0.0,99.8301409369983,262.5578252021045,0.1551682439624738,0.5,1.0,0.0,0.25925925925925924,0.07407407407407407,0.0,0.0
55.0,22.5,100.0,54,0.0,0.0,95.5416904900333,248.7249788098052,0.162477597959865,0.5,1.0,0.0,0.2037037037037037,0.1111111111111111,0.0,0.0
55.0,23.0,101.0,54,0.0,0.0,90.56377922983587,233.3280156101733,0.1705865163406753,0.5,1.0,0.0,0.14814814814814814,0.16666666666666666,0.0,0.0
55.0,23.5,102.0,54,0.0,0.0,84.85208650586553,216.3148683516082,0.17948503125229956,0.5,1.0,0.0,0.1111111111111111,0.18518518518518517,0.0,0.0
55.0,24.0,103.0,54,0.0,0.0,78.37743628505503,197.68408193480812,0.18913063365200933,0.5,1.0,0.0,0.05555555555555555,0.2222222222222222,0.0,0.0
55.0,24.5,104.0,54,0.0,0.0,71.13659686972015,177.51134135813638,0.19943498580900723,0.5,1.0,0.0,0.05555555555555555,0.2777777777777778,0.0,0.0
55.0,25.0,105.0,54,0.0,0.0,63.16616046533691,155.98160292850696,0.21024893249763593,0.5,1.0,0.0,0.037037037037037035,0.3333333333333333,0.0,0.0
55.0,25.5,106.0,54,0.0,0.0,54.55887513552021,133.42421561556233,0.22134758047813116,0.5,1.0,0.0,0.037037037037037035,0.42592592592592593,0.0,0.0
55.0,26.0,107.0,54,0.0,0.0,45.4805037438754,118.09528386284643,0.23241869618314343,0.5,1.0,0.0,0.037037037037037035,0.7222222222222222,0.0,0.0
55.0,26.5,108.0,54,0.0,0.0,36.21297789923173,112.53541416688454,0.24305929122458722,0.5,1.0,0.0,0.05555555555555555,0.9444444444444444,0.0,0.0
55.0,27.0,109.0,54,0.0,0.0,27.26604713805255,109.15743190394991,0.2527863277072068,0.5,1.0,0.0,0.16666666666666666,1.0,0.0,0.037037037037037035
55.0,27.5,110.0,54,0.0,0.0,19.230729070314307,105.7155997599518,0.26106684188502494,0.5,1.0,0.0,0.16666666666666666,1.0,0.16666666666666666,0.14814814814814814
55.0,28.0,111.0,54,0.0,0.0,16.097328175913592,102.21580601696816,0.2673692730214862,0.5185185185185185,1.0,0.0,0.18518518518518517,1.0,1.0,0.4074074074074074
55.0,28.5,112.0,54,0.0,0.0,15.754524140560425,98.66422539727442,0.27123112734275723,0.5370370370370371,1.0,0.0,0.7777777777777778,1.0,1.0,0.5
55.0,29.0,113.0,54,0.0,0.0,15.39581698693658,95.06731855707687,0.27233007282788085,0.5925925925925926,1.0,0.0,0.8148148148148148,1.0,1.0,0.5
55.0,29.5,114.0,54,0.09259259259259259,0.18518518518518517,15.017213145694175,91.43182976510998,0.2705400846907464,0.6111111111111112,1.0,0.18518518518518517,0.9259259259259259,1.0,1.0,0.5
55.0,30.0,115.0,54,0.12962962962962962,0.5,14.619564428981368,87.76478259719256,0.2659555156505826,0.6296296296296297,1.0,0.5,0.9814814814814815,1.0,1.0,0.5
55.0,30.5,116.0,54,0.14814814814814814,0.5,14.193664693407886,84.0734734825409,0.2588750516939474,0.6481481481481481,1.0,0.5,1.0,1.0,0.5740740740740741,0.5
55.0,31.0,117.0,54,0.2037037037037037,0.5,13.730424388883508,80.36546294508587,0.24975065460454907,0.7037037037037037,1.0,0.5,1.0,1.0,0.2777777777777778,0.3333333333333333
55.0,31.5,118.0,54,0.16666666666666666,0.5,13.252346630008757,76.58409825310936,0.23911719287308372,0.7222222222222222,1.0,0.5,0.8888888888888888,1.0,0.09259259259259259,0.18518518518518517
55.0,32.0,119.0,54,0.09259259259259259,0.5,12.760673507168608,72.74590666636469,0.22752170009766692,0.7407407407407407,1.0,0.5,0.7222222222222222,1.0,0.037037037037037035,0.05555555555555555
55.0,32.5,120.0,54,0.037037037037037035,0.5,12.25672612655874,83.63579836942417,0.21546700393206547,0.7777777777777778,1.0,0.5,0.5555555555555556,1.0,0.0,0.0
55.0,33.0,121.0,54,0.0,0.5,13.397962974896744,102.78154130552488,0.20337656232359894,0.8148148148148148,1.0,0.5,0.5,0.9814814814814815,0.0,0.0
55.0,33.5,122.0,54,0.0,0.5,19.58966026081969,121.65034426670273,0.19158000382283766,0.8148148148148148,1.0,0.5,0.5,0.8888888888888888,0.0,0.0
55.0,34.0,123.0,54,0.0,0.5,26.207442134932677,139.77596187276745,0.18031448460448013,0.8148148148148148,1.0,0.5,0.5,0.7962962962962963,0.0,0.0
55.0,34.5,124.0,54,0.0,0.5,32.72388935603217,156.8433181058599,0.16973571152825156,0.8333333333333334,1.0,0.5,0.5,0.6296296296296297,0.0,0.0
55.0,35.0,125.0,54,0.0,0.5,39.00932752416809,172.66028928946892,0.1599332704849361,0.8333333333333334,1.0,0.5,0.5,0.5,0.0,0.0
55.0,35.5,126.0,54,0.0,0.37037037037037035,44.97703614695792,187.12829605662415,0.15094651519241759,0.8518518518518519,1.0,0.42592592592592593,0.5,0.37037037037037035,0.0,0.0
55.0,36.0,127.0,54,0.0,0.25925925925925924,50.57350300008155,200.21584226395603,0.1427788767938584,0.8518518518518519,1.0,0.3333333333333333,0.5,0.25925925925925924,0.0,0.0
55.0,36.5,128.0,54,0.0,0.16666666666666666,55.76972362905159,211.93672704924143,0.13540967328673162,0.8888888888888888,1.0,0.16666666666666666,0.5,0.18518518518518517,0.0,0.0
55.0,37.0,129.0,54,0.0,0.07407407407407407,60.553997663549076,222.3331747257232,0.12880326808698617,0.8888888888888888,1.0,0.07407407407407407,0.5,0.12962962962962962,0.0,0.0
55.0,37.5,130.0,54,0.0,0.0,64.92626277802228,231.46337086742489,0.12291583347912265,0.9259259259259259,1.0,0.0,0.5,0.09259259259259259,0.0,0.0
55.0,38.0,131.0,54,0.0,0.0,68.89380237383098,239.39260639497888,0.11770013729923424,0.9444444444444444,1.0,0.0,0.5,0.09259259259259259,0.0,0.0
55.0,38.5,132.0,54,0.0,0.0,72.46808714640012,246.1872065212834,0.11310879325242731,0.9629629629629629,1.0,0.0,0.5,0.07407407407407407,0.0,0.0
55.0,39.0,133.0,54,0.0,0.0,75.66250540591281,251.91051854961012,0.10909636884923733,0.9814814814814815,1.0,0.0,0.5,0.05555555555555555,0.0,0.0
55.0,39.5,134.0,54,0.0,0.0,78.4907646601639,256.6203703281254,0.10562067369390152,0.9814814814814815,1.0,0.0,0.5,0.037037037037037035,0.0,0.0
55.0,40.0,135.0,54,0.0,0.0,80.96578583434649,260.3675481041222,0.10264347796473136,1.0,0.9259259259259259,0.0,0.5,0.037037037037037035,0.0,0.0
55.5,10.0,75.5,54,0.0,0.0,83.0075047407041,302.88490111615954,0.20302326836415682,0.5,0.35185185185185186,0.0,0.5,1.0,0.6481481481481481,0.037037037037037035
55.5,10.5,76.5,54,0.0,0.0,87.6374953186778,310.55437600815253,0.18993331162900895,0.5,0.35185185185185186,0.0,0.5,1.0,0.8333333333333334,0.16666666666666666
55.5,11.0,77.5,54,0.0,0.0,91.77012396535565,317.01260403040664,0.17873913576225214,0.5,0.3888888888888889,0.0,0.5,1.0,0.6296296296296297,0.16666666666666666
55.5,11.5,78.5,54,0.0,0.0,95.45203544605731,322.3905391069814,0.16918065554186892,0.5,0.4074074074074074,0.0,0.5,0.9259259259259259,0.5,0.3333333333333333
55.5,12.0,79.5,54,0.0,0.0,98.72400018937134,326.7972219701264,0.1610421684594649,0.5,0.4074074074074074,0.0,0.5,0.7037037037037037,0.35185185185185186,0.3333333333333333
55.5,12.5,80.5,54,0.0,0.0,101.62094300952015,330.3221470684386,0.15414547633351786,0.5,0.42592592592592593,0.0,0.5,0.4444444444444444,0.16666666666666666,0.5
55.5,13.0,81.5,54,0.0,0.0,104.1722007158443,333.037519659286,0.14834392233905613,0.5,0.4444444444444444,0.0,0.5,0.2222222222222222,0.14814814814814814,0.5
55.5,13.5,82.5,54,0.0,0.0,106.40187006719161,335.00026197668876,0.14351736221905348,0.5,0.48148148148148145,0.0,0.5,0.14814814814814814,0.07407407407407407,0.5
55.5,14.0,83.5,54,0.0,0.0,108.32916657033144,336.25371550628734,0.13956799909026357,0.5,0.48148148148148145,0.0,0.5,0.07407407407407407,0.018518518518518517,0.48148148148148145
55.5,14.5,84.5,54,0.0,0.0,109.96875005793741,337.19062935083633,0.1364169769636078,0.5,0.48148148148148145,0.0,0.5,0.05555555555555555,0.0,0.24074074074074073
55.5,15.0,85.5,54,0.0,0.0,111.33099392387994,337.61209963776435,0.13400162164208054,0.5,0.5,0.0,0.5,0.018518518518518517,0.0,0.05555555555555555
55.5,15.5,86.5,54,0.0,0.0,112.42218708304729,337.3415244516202,0.132273224044306,0.5,0.5,0.0,0.5,0.018518518518518517,0.0,0.0
55.5,16.0,87.5,54,0.0,0.0,113.24466476647171,336.3861448768379,0.1311952721423411,0.5,0.5,0.0,0.5,0.018518518518518517,0.0,0.0
55.5,16.5,88.5,54,0.0,0.0,113.93581315778505,334.74252082654226,0.1307420493151525,0.5,0.5,0.0,0.5,0.018518518518518517,0.0,0.0
55.5,17.0,89.5,54,0.0,0.0,114.35559052631876,332.3968729765593,0.13081923584948466,0.5,0.5,0.0,0.5,0.0,0.0,0.0
55.5,17.5,90.5,54,0.0,0.0,114.48244401852288,329.32523518028523,0.13133376510154676,0.5,0.5,0.0,0.5,0.0,0.0,0.0
55.5,18.0,91.5,54,0.0,0.0,114.30405504874231,325.49346118654734,0.13248898285440566,0.5,0.5,0.0,0.5,0.0,0.0,0.0
55.5,18.5,92.5,54,0.0,0.0,113.80345047666582,320.8571409199598,0.13429159951041347,0.5,0.5,0.0,0.5,0.0,0.0,0.0
55.5,19.0,93.5,54,0.0,0.0,112.95879241112188,315.3615006545865,0.1367565614285938,0.5,0.6666666666666666,0.0,0.48148148148148145,0.0,0.0,0.0
55.5,19.5,94.5,54,0.0,0.0,111.7431627018526,308.9413913599543,0.13990641477949792,0.5,0.6666666666666666,0.0,0.48148148148148145,0.018518518518518517,0.0,0.0
55.5,20.0,95.5,54,0.0,0.0,110.12439083962475,301.5215143889717,0.1437705348111265,0.5,0.6666666666666666,0.0,0.4444444444444444,0.018518518518518517,0.0,0.0
55.5,20.5,96.5,54,0.0,0.0,108.06499995534247,293.0170984070076,0.14838406409493995,0.5,0.7962962962962963,0.0,0.3888888888888889,0.018518518518518517,0.0,0.0
55.5,21.0,97.5,54,0.0,0.0,105.52238303170546,283.3353313818228,0.15378635138760333,0.5,0.8333333333333334,0.0,0.35185185185185186,0.018518518518518517,0.0,0.0
55.5,21.5,98.5,54,0.0,0.0,102.44937348671073,272.37797112954377,0.16001861474007978,0.5,0.9444444444444444,0.0,0.3333333333333333,0.037037037037037035,0.0,0.0
55.5,22.0,99.5,54,0.0,0.0,98.79544341283002,260.045708316664,0.16712047004889605,0.5,1.0,0.0,0.2962962962962963,0.037037037037037035,0.0,0.0
55.5,22.5,100.5,54,0.0,0.0,94.50884868332203,246.24502877273812,0.17512487765001672,0.5,1.0,0.0,0.2777777777777778,0.07407407407407407,0.0,0.0
55.5,23.0,101.5,54,0.0,0.0,89.54013596640327,230.898490307563,0.18405098586897195,0.5,1.0,0.0,0.2222222222222222,0.09259259259259259,0.0,0.0
55.5,23.5,102.5,54,0.0,0.0,83.84751223536884,213.95943128874586,0.19362250669458708,0.5,1.0,0.0,0.2037037037037037,0.14814814814814814,0.0,0.0
55.5,24.0,103.5,54,0.0,0.0,77.40460931108741,195.4320471008844,0.2038299576950048,0.5555555555555556,1.0,0.0,0.18518518518518517,0.2037037037037037,0.0,0.0
55.5,24.5,104.5,54,0.0,0.0,70.21107637687888,175.39731414999935,0.21471472868958985,0.5555555555555556,1.0,0.0,0.16666666666666666,0.25925925925925924,0.0,0.0
55.5,25.0,105.5,54,0.0,0.0,62.306083167033385,154.0441413513768,0.2261161662836349,0.6111111111111112,1.0,0.0,0.16666666666666666,0.37037037037037035,0.0,0.0
55.5,25.5,106.5,54,0.0,0.0,53.78406998968044,131.70309986022218,0.23779526532521078,0.6111111111111112,1.0,0.0,0.16666666666666666,0.5370370370370371,0.0,0.0
55.5,26.0,107.5,54,0.0,0.0,44.81082989709929,108.87699285961693,0.24942343090351882,0.6111111111111112,1.0,0.0,0.2222222222222222,0.8333333333333334,0.0,0.0
55.5,26.5,108.5,54,0.0,0.0,35.63633060830915,86.98703407414462,0.26057981909419903,0.6481481481481481,1.0,0.0,0.24074074074074073,1.0,0.0,0.0
55.5,27.0,109.5,54,0.0,0.0,26.606270627745854,78.08023889791515,0.27076313921011563,0.6851851851851852,1.0,0.0,0.37037037037037035,1.0,0.0,0.0
55.5,27.5,110.5,54,0.0,0.0,17.7942059210931,75.47102261001602,0.27942304264712553,0.7222222222222222,1.0,0.0,0.5,1.0,0.16666666666666666,0.14814814814814814
55.5,28.0,111.5,54,0.0,0.0,14.189586752510019,72.82616386079076,0.2860126304826024,0.7592592592592593,1.0,0.0,0.5,1.0,1.0,0.5
55.5,28.5,112.5,54,0.0,0.0,11.45348831050345,70.15073175602848,0.29005699600389234,0.7962962962962963,1.0,0.0,1.0,1.0,1.0,0.5
55.5,29.0,113.5,54,0.0,0.0,9.887011494790393,67.44996416473491,0.29122486215889437,0.8333333333333334,1.0,0.0,1.0,1.0,1.0,0.5
55.5,29.5,114.5,54,0.25925925925925924,0.37037037037037035,9.613950605475628,64.72926128673065,0.2893851015142876,0.8333333333333334,1.0,0.37037037037037035,1.0,1.0,1.0,0.5
55.5,30.0,115.5,54,0.3333333333333333,0.5,9.328854188075166,61.99417794702474,0.284631226788549,0.8333333333333334,1.0,0.5,1.0,1.0,1.0,0.5
55.5,30.5,116.5,54,0.3333333333333333,0.5,9.029620913417974,59.25041455590055,0.2772658377522737,0.8333333333333334,1.0,0.5,1.0,1.0,0.6666666666666666,0.5
55.5,31.0,117.5,54,0.35185185185185186,0.5,8.700879129215277,56.503806681005585,0.2677498732359409,0.8518518518518519,1.0,0.5,1.0,1.0,0.25925925925925924,0.35185185185185186
55.5,31.5,118.5,54,0.2777777777777778,0.5,8.363641181443485,53.72586012464449,0.256632006866064,0.8518518518518519,1.0,0.5,0.8888888888888888,1.0,0.05555555555555555,0.14814814814814814
55.5,32.0,119.5,54,0.12962962962962962,0.5,8.091476326014291,63.72289475551195,0.24447693322722983,0.8703703703703703,1.0,0.5,0.6851851851851852,1.0,0.0,0.018518518518518517
55.5,32.5,120.5,54,0.0,0.5,8.905827176530348,82.29194553383871,0.23180741630884416,0.8703703703703703,1.0,0.5,0.5185185185185185,1.0,0.0,0.0
55.5,33.0,121.5,54,0.0,0.5,12.758821417378778,101.25351819093063,0.21895564474150103,0.9074074074074074,1.0,0.5,0.5,0.9629629629629629,0.0,0.0
55.5,33.5,122.5,54,0.0,0.5,19.222054488379623,119.97484219311963,0.20587086529974122,0.9074074074074074,1.0,0.5,0.5,0.8888888888888888,0.0,0.0
55.5,34.0,123.5,54,0.0,0.5,25.777519627591246,137.98932784914126,0.19346475954306724,0.9444444444444444,1.0,0.5,0.5,0.7222222222222222,0.0,0.0
55.5,34.5,124.5,54,0.0,0.5,32.243198370230466,154.97865763142354,0.18189481915631625,0.9444444444444444,1.0,0.5,0.5,0.5555555555555556,0.0,0.0
55.5,35.0,125.5,54,0.0,0.4074074074074074,38.48868400336882,170.74599442408527,0.17124452923526437,0.9814814814814815,1.0,0.5,0.5,0.4074074074074074,0.0,0.0
55.5,35.5,126.5,54,0.0,0.25925925925925924,44.42599254156142,185.1875938194929,0.16154275793469866,0.9814814814814815,1.0,0.5,0.5,0.25925925925925924,0.0,0.0
55.5,36.0,127.5,54,0.0,0.14814814814814814,50.000140425601145,198.26698205653162,0.15278057402903816,0.9814814814814815,1.0,0.3333333333333333,0.5,0.14814814814814814,0.0,0.0
55.5,36.5,128.5,54,0.0,0.09259259259259259,55.18064968677823,209.9935105551539,0.1449246982641288,1.0,1.0,0.24074074074074073,0.5,0.09259259259259259,0.0,0.0
55.5,37.0,129.5,54,0.0,0.09259259259259259,59.954460199262066,220.40562545212117,0.13792764078404163,1.0,1.0,0.16666666666666666,0.5,0.09259259259259259,0.0,0.0
55.5,37.5,130.5,54,0.0,0.018518518518518517,64.32031805048045,229.5584191484715,0.1317349799878903,1.0,1.0,0.018518518518518517,0.5,0.037037037037037035,0.0,0.0
55.5,38.0,131.5,54,0.0,0.0,68.28449908065737,237.51472276342383,0.1262903642233534,1.0,1.0,0.0,0.5,0.037037037037037035,0.0,0.0
55.5,38.5,132.5,54,0.0,0.0,71.85764437005041,244.33895375566863,0.12153879643111846,1.0,1.0,0.0,0.5,0.018518518518518517,0.0,0.0
55.5,39.0,133.5,54,0.0,0.0,75.05247358676971,250.0930151101849,0.11742867725166987,1.0,1.0,0.0,0.5,0.018518518518518517,0.0,0.0
55.5,39.5,134.5,54,0.0,0.0,77.88216554001917,254.83367004909533,0.1139129814942955,1.0,1.0,0.0,0.5,0.018518518518518517,0.0,0.0
55.5,40.0,135.5,54,0.0,0.0,80.35923124768479,258.6109467050017,0.11094984916896064,1.0,0.8888888888888888,0.0,0.5,0.018518518518518517,0.0,0.0
56.0,10.0,76.0,54,0.0,0.0,82.00412049316617,299.6115270371693,0.2115092530549466,0.5555555555555556,0.16666666666666666,0.0,0.5,1.0,0.7037037037037037,0.0
56.0,10.5,77.0,54,0.0,0.0,86.6521791570395,307.41784204780004,0.19800459849418606,0.5555555555555556,0.16666666666666666,0.0,0.5,1.0,0.8518518518518519,0.16666666666666666
56.0,11.0,78.0,54,0.0,0.0,90.8041395026622,314.0032569648605,0.1864401288122324,0.5555555555555556,0.18518518518518517,0.0,0.5,0.9629629629629629,0.6851851851851852,0.16666666666666666
56.0,11.5,79.0,54,0.0,0.0,94.50546438107533,319.4978497028857,0.17655383086715185,0.5555555555555556,0.2222222222222222,0.0,0.5,0.7962962962962963,0.5,0.3333333333333333
56.0,12.0,80.0,54,0.0,0.0,97.79611577736176,324.0104024623427,0.16812755759367365,0.5555555555555556,0.2777777777777778,0.0,0.5,0.5185185185185185,0.3888888888888889,0.3333333333333333
56.0,12.5,81.0,54,0.0,0.0,100.71047730969016,327.63054027885255,0.1607640997921222,0.5555555555555556,0.2962962962962963,0.0,0.5,0.2777777777777778,0.18518518518518517,0.5
56.0,13.0,82.0,54,0.0,0.0,103.27753421789672,330.84584136785105,0.15394918399219423,0.5555555555555556,0.2962962962962963,0.0,0.5,0.12962962962962962,0.12962962962962962,0.5
56.0,13.5,83.0,54,0.0,0.0,105.52116545335942,333.5308178472545,0.1482591922290995,0.5555555555555556,0.3333333333333333,0.0,0.5,0.037037037037037035,0.05555555555555555,0.5
56.0,14.0,84.0,54,0.0,0.0,107.46046284718784,335.4277169971963,0.14357221791028194,0.5555555555555556,0.37037037037037035,0.0,0.5,0.018518518518518517,0.0,0.42592592592592593
56.0,14.5,85.0,54,0.0,0.0,109.18860962441313,336.58064402535746,0.13978966264946727,0.5555555555555556,0.3888888888888889,0.0,0.5,0.0,0.0,0.2037037037037037
56.0,15.0,86.0,54,0.0,0.0,110.74988010607306,337.0204794457839,0.13683277055069523,0.5555555555555556,0.4074074074074074,0.0,0.5,0.0,0.0,0.05555555555555555
56.0,15.5,87.0,54,0.0,0.0,112.0228232503575,336.7660017363352,0.13463981854224916,0.5555555555555556,0.42592592592592593,0.0,0.5,0.0,0.0,0.0
56.0,16.0,88.0,54,0.0,0.0,113.01268101189842,335.82472142910126,0.13316386472405747,0.5555555555555556,0.42592592592592593,0.0,0.5,0.0,0.0,0.0
56.0,16.5,89.0,54,0.0,0.0,113.72035625977557,334.1934558302546,0.1323709624445347,0.5925925925925926,0.46296296296296297,0.0,0.5,0.0,0.0,0.0
56.0,17.0,90.0,54,0.0,0.0,114.1424408811364,331.85867769399135,0.13223875610961872,0.5925925925925926,0.48148148148148145,0.0,0.5,0.0,0.0,0.0
56.0,17.5,91.0,54,0.0,0.0,114.27116889442495,328.79667520738593,0.13275538199624093,0.5925925925925926,0.5,0.0,0.5,0.0,0.0,0.0
56.0,18.0,92.0,54,0.0,0.0,114.09430179232614,324.9735671940387,0.13391860143937828,0.6111111111111112,0.5,0.0,0.5,0.0,0.0,0.0
56.0,18.5,93.0,54,0.0,0.0,113.59495838987448,320.34522892600774,0.13573509310642481,0.6111111111111112,0.5,0.0,0.48148148148148145,0.0,0.0,0.0
56.0,19.0,94.0,54,0.0,0.0,112.75140895862418,314.85720298999655,0.138219824164927,0.6111111111111112,0.6666666666666666,0.0,0.46296296296296297,0.0,0.0,0.0
56.0,19.5,95.0,54,0.0,0.0,111.53686493079861,308.44469951499036,0.1413954052746058,0.6111111111111112,0.6666666666666666,0.0,0.4444444444444444,0.0,0.0,0.0
56.0,20.0,96.0,54,0.0,0.0,109.91931290682938,301.03283475562944,0.14529130942148855,0.6296296296296297,0.6666666666666666,0.0,0.42592592592592593,0.0,0.0,0.0
56.0,20.5,97.0,54,0.0,0.0,107.86146755104826,292.5373213750453,0.14994279728502674,0.6481481481481481,0.8333333333333334,0.0,0.3888888888888889,0.0,0.0,0.0
56.0,21.0,98.0,54,0.0,0.0,105.32095515185695,282.86591303792943,0.15538933977685776,0.6851851851851852,0.8333333333333334,0.0,0.37037037037037035,0.0,0.0,0.0
56.0,21.5,99.0,54,0.0,0.0,102.2508912634861,271.9210245478657,0.1616722603177051,0.7037037037037037,0.9629629629629629,0.0,0.3333333333333333,0.0,0.0,0.0
56.0,22.0,100.0,54,0.0,0.0,98.60108431170134,259.60409756354375,0.16883123703025338,0.7222222222222222,1.0,0.0,0.3148148148148148,0.018518518518518517,0.0,0.0
56.0,22.5,101.0,54,0.0,0.0,94.32018197055385,245.8224525966728,0.17689921669207542,0.7407407407407407,1.0,0.0,0.2962962962962963,0.037037037037037035,0.0,0.0
56.0,23.0,102.0,54,0.0,0.0,89.35917153792363,230.49953335306463,0.18589521919829377,0.7592592592592593,1.0,0.0,0.2962962962962963,0.05555555555555555,0.0,0.0
56.0,23.5,103.0,54,0.0,0.0,83.67672932020984,213.5895481980493,0.1958144965485703,0.7962962962962963,1.0,0.0,0.2962962962962963,0.1111111111111111,0.0,0.0
56.0,24.0,104.0,54,0.0,0.0,77.2469441887606,195.09742974005798,0.2066156302284824,0.8333333333333334,1.0,0.0,0.2962962962962963,0.16666666666666666,0.0,0.0
56.0,24.5,105.0,54,0.0,0.0,70.06983990618988,175.10457741979187,0.21820452311805402,0.8333333333333334,1.0,0.0,0.3148148148148148,0.25925925925925924,0.0,0.0
56.0,25.0,106.0,54,0.0,0.0,62.18477213592459,153.7997556837178,0.23041601943231993,0.8333333333333334,1.0,0.0,0.35185185185185186,0.3888888888888889,0.0,0.0
56.0,25.5,107.0,54,0.0,0.0,53.68603620675477,131.51251122400905,0.24299521049952083,0.8333333333333334,1.0,0.0,0.42592592592592593,0.6296296296296297,0.0,0.0
56.0,26.0,108.0,54,0.0,0.0,44.738785560042295,108.74342148278711,0.2555823692516437,0.8518518518518519,1.0,0.0,0.46296296296296297,0.9814814814814815,0.0,0.0
56.0,26.5,109.0,54,0.0,0.0,35.59170651533052,86.18175199151464,0.2677075830369996,0.8888888888888888,1.0,0.0,0.5,1.0,0.0,0.0
56.0,27.0,110.0,54,0.0,0.0,26.58132777477621,64.69794346925394,0.2788026376116297,0.8888888888888888,1.0,0.0,0.5,1.0,0.0,0.0
56.0,27.5,111.0,54,0.0,0.0,17.57793388547538,50.48307830943336,0.28823704900504943,0.8888888888888888,1.0,0.0,0.5,1.0,0.16666666666666666,0.12962962962962962
56.0,28.0,112.0,54,0.0,0.0,12.610156697776064,48.625477367857314,0.29538074717438123,0.9074074074074074,1.0,0.0,0.5,1.0,1.0,0.5
56.0,28.5,113.0,54,0.0,0.0,10.18967519101422,46.75234839929696,0.29968737252629374,0.9259259259259259,1.0,0.0,1.0,1.0,1.0,0.5
56.0,29.0,114.0,54,0.037037037037037035,0.037037037037037035,7.978385371779816,44.86753702817419,0.30078175423476994,0.9444444444444444,1.0,0.037037037037037035,1.0,1.0,1.0,0.5
56.0,29.5,115.0,54,0.48148148148148145,0.48148148148148145,6.274782932429798,42.974966714769984,0.29852811275466234,0.9814814814814815,1.0,0.48148148148148145,1.0,1.0,1.0,0.5
56.0,30.0,116.0,54,0.5,0.5,6.060211260518904,41.07863122557375,0.29305738003986004,1.0,1.0,0.5,1.0,1.0,1.0,0.5
56.0,30.5,117.0,54,0.5,0.5,5.90493223740586,39.18258640466155,0.28474409359376524,1.0,1.0,0.5,1.0,1.0,0.7222222222222222,0.5
56.0,31.0,118.0,54,0.5,0.5,5.74612100147884,37.290941234491896,0.2741403845787942,1.0,1.0,0.5,1.0,1.0,0.2222222222222222,0.3333333333333333
56.0,31.5,119.0,54,0.3888888888888889,0.5,6.691256697668839,46.009771428563845,0.26188784662934406,1.0,1.0,0.5,0.8888888888888888,1.0,0.05555555555555555,0.07407407407407407
56.0,32.0,120.0,54,0.16666666666666666,0.5,7.813359387414757,63.32247805433304,0.24863141158161287,1.0,1.0,0.5,0.6666666666666666,1.0,0.0,0.0
56.0,32.5,121.0,54,0.0,0.5,8.822770986748479,81.83746399776366,0.23495313932557726,1.0,1.0,0.5,0.5,1.0,0.0,0.0
56.0,33.0,122.0,54,0.0,0.5,12.64099206821041,100.75824238187873,0.2213333012232545,1.0,1.0,0.5,0.5,0.9074074074074074,0.0,0.0
56.0,33.5,123.0,54,0.0,0.5,19.08638449380958,119.4515483920815,0.20813691649528843,1.0,1.0,0.5,0.5,0.8148148148148148,0.0,0.0
56.0,34.0,124.0,54,0.0,0.5,25.62829860784673,137.44936011378962,0.195618831733725,1.0,1.0,0.5,0.5,0.6296296296296297,0.0,0.0
56.0,34.5,125.0,54,0.0,0.4074074074074074,32.08429817008748,154.4314868581866,0.18393939638069748,1.0,1.0,0.5,0.5,0.4074074074074074,0.0,0.0
56.0,35.0,126.0,54,0.0,0.2037037037037037,38.32341176894449,170.1991346694352,0.17318419354574538,1.0,1.0,0.5,0.5,0.2037037037037037,0.0,0.0
56.0,35.5,127.0,54,0.0,0.14814814814814814,44.25705468331084,184.64673744846556,0.16338351294666037,1.0,1.0,0.5,0.5,0.14814814814814814,0.0,0.0
56.0,36.0,128.0,54,0.0,0.07407407407407407,49.82967426910225,197.7362444993256,0.1545292887902378,1.0,1.0,0.4074074074074074,0.5,0.07407407407407407,0.0,0.0
56.0,36.5,129.0,54,0.0,0.037037037037037035,55.01029000121461,209.4757106222719,0.14658867786098947,1.0,1.0,0.3333333333333333,0.5,0.037037037037037035,0.0,0.0
56.0,37.0,130.0,54,0.0,0.018518518518518517,59.78541863759092,219.90255733557458,0.13951431262116143,1.0,1.0,0.16666666666666666,0.5,0.018518518518518517,0.0,0.0
56.0,37.5,131.0,54,0.0,0.0,64.15346237168622,229.07109405594045,0.13325167694387752,1.0,1.0,0.12962962962962962,0.5,0.0,0.0,0.0
56.0,38.0,132.0,54,0.0,0.0,68.12042529699467,237.04357210050756,0.12774418426651285,1.0,1.0,0.0,0.5,0.0,0.0,0.0
56.0,38.5,133.0,54,0.0,0.0,71.69673898730909,243.88399376550169,0.12293651991631144,1.0,1.0,0.0,0.5,0.0,0.0,0.0
56.0,39.0,134.0,54,0.0,0.0,74.89496546053248,249.65397686315424,0.11877672612338436,1.0,1.0,0.0,0.5,0.0,0.0,0.0
56.0,39.5,135.0,54,0.0,0.0,77.72816810649776,254.4101002159017,0.11521740789603832,1.0,0.9444444444444444,0.0,0.5,0.0,0.0,0.0
56.0,40.0,136.0,54,0.0,0.0,80.20877643117927,258.20228473238825,0.11221634395847335,1.0,0.8518518518518519,0.0,0.5,0.0,0.0,0.0
56.5,10.0,76.5,54,0.0,0.0,81.93109533923112,299.44458227921854,0.21179550165883312,0.7962962962962963,0.037037037037037035,0.0,0.5,1.0,0.8518518518518519,0.0
56.5,10.5,77.5,54,0.0,0.0,86.5836041105659,307.26450239836777,0.19672543359434944,0.7962962962962963,0.037037037037037035,0.0,0.5,0.9629629629629629,0.8888888888888888,0.16666666666666666
56.5,11.0,78.5,54,0.0,0.0,90.73983592335489,313.8626392581594,0.183844111358288,0.7962962962962963,0.037037037037037035,0.0,0.5,0.8518518518518519,0.7222222222222222,0.16666666666666666
56.5,11.5,79.5,54,0.0,0.0,94.44523009055888,319.4516761293707,0.1728751391828581,0.7962962962962963,0.05555555555555555,0.0,0.5,0.6851851851851852,0.5185185185185185,0.3333333333333333
56.5,12.0,80.5,54,0.0,0.0,97.73974427388256,324.85610924747164,0.16355363850348734,0.8148148148148148,0.09259259259259259,0.0,0.5,0.37037037037037035,0.3888888888888889,0.3333333333333333
56.5,12.5,81.5,54,0.0,0.0,100.65777079128667,329.25077075712136,0.15566034371949164,0.8148148148148148,0.09259259259259259,0.0,0.5,0.16666666666666666,0.24074074074074073,0.5
56.5,13.0,82.5,54,0.0,0.0,103.26279386173405,332.7296918696988,0.14901470761050262,0.8148148148148148,0.12962962962962962,0.0,0.5,0.037037037037037035,0.1111111111111111,0.5
56.5,13.5,83.5,54,0.0,0.0,105.76078781851558,335.3681891432567,0.14346882300781358,0.8148148148148148,0.16666666666666666,0.0,0.5,0.0,0.05555555555555555,0.5
56.5,14.0,84.5,54,0.0,0.0,107.92824453374277,337.22499979460514,0.13890225507633946,0.8148148148148148,0.2037037037037037,0.0,0.5,0.0,0.0,0.3888888888888889
56.5,14.5,85.5,54,0.0,0.0,109.78456885726548,338.3440974649199,0.1352177490987621,0.8148148148148148,0.2037037037037037,0.0,0.5,0.0,0.0,0.2037037037037037
56.5,15.0,86.5,54,0.0,0.0,111.3442191153605,338.7561691416903,0.13233772330307528,0.8333333333333334,0.2037037037037037,0.0,0.5,0.0,0.0,0.05555555555555555
56.5,15.5,87.5,54,0.0,0.0,112.61697987124228,338.4797650529077,0.13020143923823793,0.8333333333333334,0.2222222222222222,0.0,0.5,0.0,0.0,0.0
56.5,16.0,88.5,54,0.0,0.0,113.60815764379073,337.52214770817216,0.12876274353461745,0.8518518518518519,0.25925925925925924,0.0,0.5,0.0,0.0,0.0
56.5,16.5,89.5,54,0.0,0.0,114.31869452986167,335.8798723277616,0.127988283690225,0.8703703703703703,0.3148148148148148,0.0,0.5,0.0,0.0,0.0
56.5,17.0,90.5,54,0.0,0.0,114.74519981581835,333.5391338196155,0.12785611091754395,0.8703703703703703,0.3333333333333333,0.0,0.5,0.0,0.0,0.0
56.5,17.5,91.5,54,0.0,0.0,114.87990332560516,330.4759185774118,0.12835459184973882,0.8703703703703703,0.3888888888888889,0.0,0.46296296296296297,0.0,0.0,0.0
56.5,18.0,92.5,54,0.0,0.0,114.71053785766239,326.65600521090636,0.12948155612226103,0.8888888888888888,0.4444444444444444,0.0,0.46296296296296297,0.0,0.0,0.0
56.5,18.5,93.5,54,0.0,0.0,114.22016285018007,322.03486922289693,0.13124360710611915,0.8888888888888888,0.48148148148148145,0.0,0.42592592592592593,0.0,0.0,0.0
56.5,19.0,94.5,54,0.0,0.0,113.38694867851922,316.557565237509,0.13365551699247563,0.8888888888888888,0.6666666666666666,0.0,0.42592592592592593,0.0,0.0,0.0
56.5,19.5,95.5,54,0.0,0.0,112.18395227860202,310.15868989475246,0.1367396133802642,0.8888888888888888,0.6666666666666666,0.0,0.35185185185185186,0.0,0.0,0.0
56.5,20.0,96.5,54,0.0,0.0,110.57893207412856,302.7625730410733,0.1405250404706944,0.8888888888888888,0.6666666666666666,0.0,0.3333333333333333,0.0,0.0,0.0
56.5,20.5,97.5,54,0.0,0.0,108.53427596847698,294.2839093366366,0.1450467415409564,0.8888888888888888,0.8333333333333334,0.0,0.3333333333333333,0.0,0.0,0.0
56.5,21.0,98.5,54,0.0,0.0,106.00715347921584,284.62913237129936,0.15034395815759335,0.9074074074074074,0.8333333333333334,0.0,0.2962962962962963,0.0,0.0,0.0
56.5,21.5,99.5,54,0.0,0.0,102.9500552221744,273.698953679703,0.15645797409389148,0.9259259259259259,1.0,0.0,0.2962962962962963,0.0,0.0,0.0
56.5,22.0,100.5,54,0.0,0.0,99.31195253904343,261.39264111119724,0.1634287494362678,0.9444444444444444,1.0,0.0,0.2962962962962963,0.0,0.0,0.0
56.5,22.5,101.5,54,0.0,0.0,95.04039713931782,247.61478737244124,0.17129000059426214,0.9444444444444444,1.0,0.0,0.2962962962962963,0.0,0.0,0.0
56.5,23.0,102.5,54,0.0,0.0,90.0849787419347,232.2854940124427,0.18006220503027398,0.9444444444444444,1.0,0.0,0.2962962962962963,0.018518518518518517,0.0,0.0
56.5,23.5,103.5,54,0.0,0.0,84.40264823570449,215.3550080682178,0.18974298729002284,1.0,1.0,0.0,0.3148148148148148,0.05555555555555555,0.0,0.0
56.5,24.0,104.5,54,0.0,0.0,77.9654520324306,196.82378179214044,0.20029445024219386,1.0,1.0,0.0,0.37037037037037035,0.14814814814814814,0.0,0.0
56.5,24.5,105.5,54,0.0,0.0,70.77113215094268,176.76848736836794,0.2116273696392274,1.0,1.0,0.0,0.3888888888888889,0.24074074074074073,0.0,0.0
56.5,25.0,106.5,54,0.0,0.0,62.85670571411199,155.37343593508507,0.22358292583775752,1.0,1.0,0.0,0.4444444444444444,0.4444444444444444,0.0,0.0
56.5,25.5,107.5,54,0.0,0.0,54.31439725349231,132.96482667185765,0.23591395229422613,1.0,1.0,0.0,0.48148148148148145,0.8888888888888888,0.0,0.0
56.5,26.0,108.5,54,0.0,0.0,45.30804139892057,110.0421381489291,0.2482695634281485,1.0,1.0,0.0,0.5,1.0,0.0,0.0
56.5,26.5,109.5,54,0.0,0.0,36.086367717328386,87.29710774068764,0.26018918372320315,1.0,1.0,0.0,0.5,1.0,0.0,0.0
56.5,27.0,110.5,54,0.0,0.0,26.98792318378323,65.60739154321793,0.2711135637671539,1.0,1.0,0.0,0.5,1.0,0.0,0.0
56.5,27.5,111.5,54,0.0,0.0,17.89379778362388,45.99156848095602,0.2804198310100774,1.0,1.0,0.0,0.5,1.0,0.25925925925925924,0.1111111111111111
56.5,28.0,112.5,54,0.0,0.0,11.234087012558104,33.93008185171077,0.28748333436559576,1.0,1.0,0.0,0.5,1.0,1.0,0.5
56.5,28.5,113.5,54,0.0,0.0,9.057896014544028,30.129137384985654,0.29176050618276805,1.0,1.0,0.0,1.0,1.0,1.0,0.5
56.5,29.0,114.5,54,0.2037037037037037,0.2037037037037037,7.124750989212027,28.903594231569514,0.29287642904651545,1.0,1.0,0.2037037037037037,1.0,1.0,1.0,0.5
56.5,29.5,115.5,54,0.5,0.5,5.409169061764727,27.675743396326904,0.29069352523025344,1.0,1.0,0.5,1.0,1.0,1.0,0.5
56.5,30.0,116.5,54,0.5,0.5,4.827584196810564,26.448204995384636,0.2853394568907623,1.0,1.0,0.5,1.0,1.0,1.0,0.5
56.5,30.5,117.5,54,0.5,0.5,4.701992785317969,25.223619173123215,0.27718441415776957,1.0,1.0,0.5,1.0,1.0,0.8518518518518519,0.5
56.5,31.0,118.5,54,0.5,0.5,5.472953361114566,30.995922538640478,0.266775244075085,1.0,1.0,0.5,1.0,1.0,0.24074074074074073,0.3333333333333333
56.5,31.5,119.5,54,0.3333333333333333,0.5,6.712372524439426,46.28674948021268,0.2547473552928261,1.0,1.0,0.5,0.8333333333333334,1.0,0.05555555555555555,0.05555555555555555
56.5,32.0,120.5,54,0.16666666666666666,0.5,7.839066262167327,63.719885090403416,0.24173872854682177,1.0,1.0,0.5,0.6666666666666666,1.0,0.0,0.0
56.5,32.5,121.5,54,0.0,0.5,8.851978089400825,82.35652820767207,0.22832403687538044,1.0,1.0,0.5,0.5,1.0,0.0,0.0
56.5,33.0,122.5,54,0.0,0.5,12.719181273652715,101.39113608619014,0.21497620330869924,1.0,1.0,0.5,0.5,0.8888888888888888,0.0,0.0
56.5,33.5,123.5,54,0.0,0.5,19.206988321474878,120.18491872505078,0.2020534238115029,1.0,1.0,0.5,0.5,0.6666666666666666,0.0,0.0
56.5,34.0,124.5,54,0.0,0.4444444444444444,25.78790105180385,138.26732107688096,0.18980462539559328,1.0,1.0,0.5,0.5,0.4444444444444444,0.0,0.0
56.5,34.5,125.5,54,0.0,0.2777777777777778,32.27837341718587,155.31781231465726,0.17838535323066687,1.0,1.0,0.5,0.5,0.2777777777777778,0.0,0.0
56.5,35.0,126.5,54,0.0,0.14814814814814814,38.54707648477886,171.1386624960303,0.1678775489476461,1.0,1.0,0.5,0.5,0.14814814814814814,0.0,0.0
56.5,35.5,127.5,54,0.0,0.037037037037037035,44.50556119366021,185.62613047013852,0.1583089467256517,1.0,1.0,0.5,0.5,0.037037037037037035,0.0,0.0
56.5,36.0,128.5,54,0.0,0.0,50.09869663876066,198.74429070413913,0.14966986029973858,1.0,1.0,0.5,0.5,0.0,0.0,0.0
56.5,36.5,129.5,54,0.0,0.0,55.296061300949454,210.50332803131778,0.14192658006897557,1.0,1.0,0.3333333333333333,0.5,0.0,0.0,0.0
56.5,37.0,130.5,54,0.0,0.0,60.08477035809766,220.94263115705618,0.13503144596584382,1.0,1.0,0.25925925925925924,0.5,0.0,0.0,0.0
56.5,37.5,131.5,54,0.0,0.0,64.46380502960254,230.11936904464216,0.12893006156034897,1.0,1.0,0.16666666666666666,0.5,0.0,0.0,0.0
56.5,38.0,132.5,54,0.0,0.0,68.43969757365643,238.09640786138604,0.12356623702137542,1.0,1.0,0.05555555555555555,0.5,0.0,0.0,0.0
56.5,38.5,133.5,54,0.0,0.0,72.02334318256128,244.938558836305,0.11888522401514567,1.0,1.0,0.0,0.5,0.0,0.0,0.0
56.5,39.0,134.5,54,0.0,0.0,75.22771863091053,250.70842340084258,0.11483571878718761,1.0,1.0,0.0,0.5,0.0,0.0,0.0
56.5,39.5,135.5,54,0.0,0.0,78.06666950819968,255.46336148450573,0.11137100776062057,1.0,0.9074074074074074,0.0,0.5,0.0,0.0,0.0
56.5,40.0,136.5,54,0.0,0.0,80.55240967515168,259.25390245256176,0.10844953566757905,1.0,0.8333333333333334,0.0,0.5,0.0,0.0,0.0
57.0,10.0,77.0,54,0.0,0.0,82.80286260548596,302.4257781415037,0.1978209213239348,1.0,0.0,0.0,0.5,0.9629629629629629,0.9259259259259259,0.0
57.0,10.5,78.0,54,0.0,0.0,87.44600848877964,310.13447961601986,0.18345577362444518,1.0,0.0,0.0,0.5,0.8703703703703703,0.9444444444444444,0.16666666666666666
57.0,11.0,79.0,54,0.0,0.0,91.59116160085544,317.68419807209443,0.1712424198579462,1.0,0.0,0.0,0.5,0.6666666666666666,0.7222222222222222,0.16666666666666666
57.0,11.5,80.0,54,0.0,0.0,95.28492544202146,324.03071578023327,0.16086518502609565,1.0,0.0,0.0,0.5,0.4444444444444444,0.5740740740740741,0.4074074074074074
57.0,12.0,81.0,54,0.0,0.0,98.58108001215807,329.2681225772541,0.15206304284956737,1.0,0.0,0.0,0.5,0.25925925925925924,0.3888888888888889,0.3888888888888889
57.0,12.5,82.0,54,0.0,0.0,101.796908211606,333.51234634537906,0.14462131138150808,1.0,0.0,0.0,0.5,0.1111111111111111,0.2777777777777778,0.5740740740740741
57.0,13.0,83.0,54,0.0,0.0,104.62901315990814,336.8575020170803,0.13836417133593046,1.0,0.0,0.0,0.5,0.0,0.16666666666666666,0.5370370370370371
57.0,13.5,84.0,54,0.0,0.0,107.10840146511063,339.3785512856668,0.13314824109810675,1.0,0.0,0.0,0.5,0.0,0.018518518518518517,0.4444444444444444
57.0,14.0,85.0,54,0.0,0.0,109.26019597326929,341.1336260943389,0.12885721587680188,1.0,0.0,0.0,0.5,0.0,0.0,0.3333333333333333
57.0,14.5,86.0,54,0.0,0.0,111.10407748315265,342.16596470128474,0.12539747807116497,1.0,0.0,0.0,0.5,0.0,0.0,0.2037037037037037
57.0,15.0,87.0,54,0.0,0.0,112.65466994753544,342.5054621278953,0.12269455078753448,1.0,0.037037037037037035,0.0,0.5,0.0,0.0,0.05555555555555555
57.0,15.5,88.0,54,0.0,0.0,113.92184636924785,342.16986113771236,0.12069026306119915,1.0,0.037037037037037035,0.0,0.46296296296296297,0.0,0.0,0.0
57.0,16.0,89.0,54,0.0,0.0,114.91094577711549,341.165619363488,0.11934050575651231,1.0,0.09259259259259259,0.0,0.4444444444444444,0.0,0.0,0.0
57.0,16.5,90.0,54,0.0,0.0,115.62289892043896,339.48849077270813,0.1186134719449654,1.0,0.16666666666666666,0.0,0.37037037037037035,0.0,0.0,0.0
57.0,17.0,91.0,54,0.0,0.0,116.0542644583342,337.12386006367814,0.11848828998657714,1.0,0.16666666666666666,0.0,0.3333333333333333,0.0,0.0,0.0
57.0,17.5,92.0,54,0.0,0.0,116.19718028891216,334.0468698484638,0.11895396909149407,1.0,0.2037037037037037,0.0,0.25925925925925924,0.0,0.0,0.0
57.0,18.0,93.0,54,0.0,0.0,116.03923762074268,330.2223849120179,0.12000858441273676,1.0,0.25925925925925924,0.0,0.25925925925925924,0.0,0.0,0.0
57.0,18.5,94.0,54,0.0,0.0,115.5632896267405,325.604847645065,0.1216586306621748,1.0,0.3148148148148148,0.0,0.2222222222222222,0.0,0.0,0.0
57.0,19.0,95.0,54,0.0,0.0,114.74721330895626,320.13809649242154,0.12391846871782791,1.0,0.48148148148148145,0.0,0.18518518518518517,0.0,0.0,0.0
57.0,19.5,96.0,54,0.0,0.0,113.56365409434005,313.7552482015979,0.12680977723435827,1.0,0.6296296296296297,0.0,0.18518518518518517,0.0,0.0,0.0
57.0,20.0,97.0,54,0.0,0.0,111.97979969246853,306.37878902689016,0.13036089894496494,1.0,0.6666666666666666,0.0,0.12962962962962962,0.0,0.0,0.0
57.0,20.5,98.0,54,0.0,0.0,109.95725549525314,297.9210851238701,0.1346059367676679,1.0,0.8333333333333334,0.0,0.12962962962962962,0.0,0.0,0.0
57.0,21.0,99.0,54,0.0,0.0,107.45213153803333,288.28561420690215,0.13958340546032788,1.0,0.8333333333333334,0.0,0.12962962962962962,0.0,0.0,0.0
57.0,21.5,100.0,54,0.0,0.0,104.41550442030749,277.36934487178326,0.1453341785209531,1.0,1.0,0.0,0.12962962962962962,0.0,0.0,0.0
57.0,22.0,101.0,54,0.0,0.0,100.79448983276608,265.06684954667656,0.1518983878479768,1.0,1.0,0.0,0.12962962962962962,0.0,0.0,0.0
57.0,22.5,102.0,54,0.0,0.0,96.53425332465446,251.2769260894198,0.15931084174988835,1.0,1.0,0.0,0.16666666666666666,0.0,0.0,0.0
57.0,23.0,103.0,54,0.0,0.0,91.58139326543082,235.91269728541124,0.16759444339367535,1.0,1.0,0.0,0.2037037037037037,0.0,0.0,0.0
57.0,23.5,104.0,54,0.0,0.0,85.88923196779749,218.91629752400786,0.1767510558469001,1.0,1.0,0.0,0.24074074074074073,0.018518518518518517,0.0,0.0
57.0,24.0,105.0,54,0.0,0.0,79.42560600420126,200.27922401259406,0.18674934362700524,1.0,1.0,0.0,0.3148148148148148,0.09259259259259259,0.0,0.0
57.0,24.5,106.0,54,0.0,0.0,72.18367471913926,180.06902515958896,0.19750944009471846,1.0,1.0,0.0,0.37037037037037035,0.25925925925925924,0.0,0.0
57.0,25.0,107.0,54,0.0,0.0,64.1959391790018,158.4619291471166,0.20888500292839923,1.0,1.0,0.0,0.4444444444444444,0.6481481481481481,0.0,0.0
57.0,25.5,108.0,54,0.0,0.0,55.550917429474765,135.77894786087907,0.2206444869537189,1.0,1.0,0.0,0.48148148148148145,0.9814814814814815,0.0,0.0
57.0,26.0,109.0,54,0.0,0.0,46.4106159092136,112.51972546839023,0.2324553366347828,1.0,1.0,0.0,0.5,1.0,0.0,0.0
57.0,26.5,110.0,54,0.0,0.0,37.02511106615508,89.38423207254259,0.24387701277658938,1.0,1.0,0.0,0.5,1.0,0.0,0.0
57.0,27.0,111.0,54,0.0,0.0,27.73870329742113,67.26861928528366,0.2543704728107013,1.0,1.0,0.0,0.5,1.0,0.0,0.0
57.0,27.5,112.0,54,0.0,0.0,18.44333350589962,47.220732547252084,0.26333139550696383,1.0,1.0,0.0,0.5,1.0,0.35185185185185186,0.05555555555555555
57.0,28.0,113.0,54,0.0,0.0,10.037039578927557,30.843830321420302,0.27015033439304637,1.0,1.0,0.0,0.5,1.0,1.0,0.5
57.0,28.5,114.0,54,0.0,0.0,8.091222520376677,24.885219062198257,0.27429445609924386,1.0,1.0,0.0,1.0,1.0,1.0,0.5740740740740741
57.0,29.0,115.0,54,0.4444444444444444,0.4444444444444444,6.365980341046656,20.495207745586598,0.2753947342433671,1.0,1.0,0.4444444444444444,1.0,1.0,1.0,0.5740740740740741
57.0,29.5,116.0,54,0.5,0.5,4.880527263943831,19.70997439492799,0.27331481265883983,1.0,1.0,0.5,1.0,1.0,1.0,0.5740740740740741
57.0,30.0,117.0,54,0.5,0.5,4.064754668333369,18.92356326712856,0.2681791945414206,1.0,1.0,0.5,1.0,1.0,1.0,0.5740740740740741
57.0,30.5,118.0,54,0.5,0.5,4.163849108741603,19.378506444630034,0.2603506482562811,1.0,1.0,0.5,1.0,1.0,0.9259259259259259,0.5740740740740741
57.0,31.0,119.0,54,0.5,0.5,5.524335015870816,31.563895778162454,0.2503643878405455,1.0,1.0,0.5,1.0,1.0,0.3333333333333333,0.2962962962962963
57.0,31.5,120.0,54,0.3333333333333333,0.5,6.774942217135048,47.12819386825728,0.23884033592487536,1.0,1.0,0.5,0.8333333333333334,1.0,0.0,0.037037037037037035
57.0,32.0,121.0,54,0.16666666666666666,0.5,7.910217306172312,64.85128602877803,0.2263980809871104,1.0,1.0,0.5,0.6666666666666666,1.0,0.0,0.0
57.0,32.5,122.0,54,0.0,0.5,8.929273066573101,83.76770821711807,0.21359247914094406,1.0,1.0,0.5,0.5,1.0,0.0,0.0
57.0,33.0,123.0,54,0.0,0.5,12.978056006687805,103.05387509739288,0.200876886765537,1.0,1.0,0.5,0.5,0.8703703703703703,0.0,0.0
57.0,33.5,124.0,54,0.0,0.5,19.562355782509066,122.06121931804459,0.18859165000908465,1.0,1.0,0.5,0.5,0.5555555555555556,0.0,0.0
57.0,34.0,125.0,54,0.0,0.2962962962962963,26.2290058692045,140.3160151201487,0.17697055581090365,1.0,1.0,0.5,0.5,0.2962962962962963,0.0,0.0
57.0,34.5,126.0,54,0.0,0.12962962962962962,32.79283960139815,157.49911641566936,0.16615717112509698,1.0,1.0,0.5,0.5,0.12962962962962962,0.0,0.0
57.0,35.0,127.0,54,0.0,0.0,39.12246613603182,173.41686476801425,0.15622461581189245,1.0,1.0,0.5,0.5,0.0,0.0,0.0
57.0,35.5,128.0,54,0.0,0.0,45.13032709591997,187.97084073101522,0.1471946458008504,1.0,1.0,0.5,0.5,0.0,0.0,0.0
57.0,36.0,129.0,54,0.0,0.0,50.76267550847435,201.13071881300408,0.13905396937315467,1.0,1.0,0.5,0.5,0.0,0.0,0.0
57.0,36.5,130.0,54,0.0,0.0,55.990653506467744,212.91198090198006,0.1317671308933581,1.0,1.0,0.37037037037037035,0.5,0.0,0.0,0.0
57.0,37.0,131.0,54,0.0,0.0,60.80292537417292,223.3587133166745,0.12528610049297015,1.0,1.0,0.3333333333333333,0.5,0.0,0.0,0.0
57.0,37.5,132.0,54,0.0,0.0,65.19989944268919,232.5309389668516,0.1195570721734413,1.0,1.0,0.16666666666666666,0.5,0.0,0.0,0.0
57.0,38.0,133.0,54,0.0,0.0,69.18936355995633,240.4956488963738,0.11452507005163964,1.0,1.0,0.16666666666666666,0.5,0.0,0.0,0.0
57.0,38.5,134.0,54,0.0,0.0,72.78328316226215,247.3206788633699,0.11013692321664714,1.0,1.0,0.0,0.5,0.0,0.0,0.0
57.0,39.0,135.0,54,0.0,0.0,75.99550759313861,253.07068169750013,0.1063430756457778,1.0,1.0,0.0,0.5,0.0,0.0,0.0
57.0,39.5,136.0,54,0.0,0.0,78.84016021920226,257.8045911278353,0.10309859331759964,1.0,0.8703703703703703,0.0,0.5,0.0,0.0,0.0
57.0,40.0,137.0,54,0.0,0.0,81.3305287735767,261.5741152637437,0.10036363661734533,1.0,0.8333333333333334,0.0,0.46296296296296297,0.0,0.0,0.0
57.5,10.0,77.5,54,0.0,0.0,84.45092274122406,307.98722618919163,0.17974847835919822,1.0,0.0,0.0,0.5,0.8888888888888888,1.0,0.0
57.5,10.5,78.5,54,0.0,0.0,89.07026658475547,316.4976148054282,0.1664072176323258,1.0,0.0,0.0,0.5,0.6666666666666666,1.0,0.16666666666666666
57.5,11.0,79.5,54,0.0,0.0,93.18912671603927,323.81712527138603,0.1551010513772578,1.0,0.0,0.0,0.5,0.4444444444444444,0.7777777777777778,0.3333333333333333
57.5,11.5,80.5,54,0.0,0.0,96.85617766689745,329.90981302837906,0.1455209602352782,1.0,0.0,0.0,0.48148148148148145,0.3333333333333333,0.6111111111111112,0.5
57.5,12.0,81.5,54,0.0,0.0,100.39921037560669,334.9176621759436,0.13741383139740004,1.0,0.0,0.0,0.4444444444444444,0.1111111111111111,0.4444444444444444,0.6111111111111112
57.5,12.5,82.5,54,0.0,0.0,103.5805203862194,338.95675254690224,0.13057312134468393,1.0,0.0,0.0,0.37037037037037035,0.07407407407407407,0.3333333333333333,0.7777777777777778
57.5,13.0,83.5,54,0.0,0.0,106.38133262772081,342.1206088983922,0.12483078328481001,1.0,0.0,0.0,0.2962962962962963,0.0,0.1111111111111111,0.7777777777777778
57.5,13.5,84.5,54,0.0,0.0,108.83334088985254,344.4831921258961,0.12005052754369386,1.0,0.0,0.0,0.2222222222222222,0.0,0.0,0.5925925925925926
57.5,14.0,85.5,54,0.0,0.0,110.96209084355252,346.10143295250134,0.11612231389589597,1.0,0.0,0.0,0.16666666666666666,0.0,0.0,0.2962962962962963
57.5,14.5,86.5,54,0.0,0.0,112.78750764734279,347.01729657542813,0.11295791365960589,1.0,0.0,0.0,0.05555555555555555,0.0,0.0,0.2222222222222222
57.5,15.0,87.5,54,0.0,0.0,114.32433970003999,347.2594068895816,0.11048737022179977,1.0,0.0,0.0,0.05555555555555555,0.0,0.0,0.09259259259259259
57.5,15.5,88.5,54,0.0,0.0,115.58250328255787,346.8442741236245,0.10865620012899303,1.0,0.0,0.0,0.037037037037037035,0.0,0.0,0.0
57.5,16.0,89.5,54,0.0,0.0,116.56732367414399,345.7771728341384,0.10742319810654105,1.0,0.0,0.0,0.018518518518518517,0.0,0.0,0.0
57.5,16.5,90.5,54,0.0,0.0,117.2796738214679,344.05271535044096,0.10675873112013316,1.0,0.0,0.0,0.0,0.0,0.0,0.0
57.5,17.0,91.5,54,0.0,0.0,117.71601444421823,341.6551630453143,0.10664342551432841,1.0,0.0,0.0,0.0,0.0,0.0,0.0
57.5,17.5,92.5,54,0.0,0.0,117.8683412967701,338.55851680834144,0.10706716585045853,1.0,0.037037037037037035,0.0,0.0,0.0,0.0,0.0
57.5,18.0,93.5,54,0.0,0.0,117.72404742896954,334.72643082494824,0.10802833356414288,1.0,0.16666666666666666,0.0,0.0,0.0,0.0,0.0
57.5,18.5,94.5,54,0.0,0.0,117.26571182101794,330.1120022325377,0.10953321735647413,1.0,0.16666666666666666,0.0,0.0,0.0,0.0,0.0
57.5,19.0,95.5,54,0.0,0.0,116.4708319391968,324.65750591820114,0.1115955244983772,1.0,0.2777777777777778,0.0,0.0,0.0,0.0,0.0
57.5,19.5,96.5,54,0.0,0.0,115.31152812383529,318.29417193577484,0.11423591171427427,1.0,0.5,0.0,0.0,0.0,0.0,0.0
57.5,20.0,97.5,54,0.0,0.0,113.75426435064351,310.9421471611182,0.11748143422109006,1.0,0.5,0.0,0.0,0.0,0.0,0.0
57.5,20.5,98.5,54,0.0,0.0,111.75965556204315,302.5108485495522,0.12136477948445829,1.0,0.8333333333333334,0.0,0.0,0.0,0.0,0.0
57.5,21.0,99.5,54,0.0,0.0,109.28246997517726,292.90000946439045,0.12592310564878542,1.0,0.8333333333333334,0.0,0.0,0.0,0.0,0.0
57.5,21.5,100.5,54,0.0,0.0,106.27198966749525,282.00184989224664,0.13119624111190417,1.0,1.0,0.0,0.0,0.0,0.0,0.0
57.5,22.0,101.5,54,0.0,0.0,102.67296831798969,269.7049704233977,0.1372239210259808,1.0,1.0,0.0,0.0,0.0,0.0,0.0
57.5,22.5,102.5,54,0.0,0.0,98.42752323572793,255.9007752575755,0.14404164342346715,1.0,1.0,0.0,0.0,0.0,0.0,0.0
57.5,23.0,103.5,54,0.0,0.0,93.47841577456309,240.49344955405422,0.15167463780354482,1.0,1.0,0.0,0.018518518518518517,0.0,0.0,0.0
57.5,23.5,104.5,54,0.0,0.0,87.77429270868286,223.41469370652527,0.16012938788389122,1.0,1.0,0.0,0.018518518518518517,0.0,0.0,0.0
57.5,24.0,105.5,54,0.0,0.0,81.27753894479189,204.64443243485638,0.16938220571218174,1.0,1.0,0.0,0.05555555555555555,0.05555555555555555,0.0,0.0
57.5,24.5,106.5,54,0.0,0.0,73.97534631894256,184.23835931554981,0.1793646292473729,1.0,1.0,0.0,0.1111111111111111,0.35185185185185186,0.0,0.0
57.5,25.0,107.5,54,0.0,0.0,65.89429729810894,162.36212975123317,0.18994606932731822,1.0,1.0,0.0,0.2037037037037037,0.7777777777777778,0.0,0.0
57.5,25.5,108.5,54,0.0,0.0,57.11801106370154,139.32989492873085,0.2009153377653146,1.0,1.0,0.0,0.35185185185185186,1.0,0.0,0.0
57.5,26.0,109.5,54,0.0,0.0,47.80602966473826,115.64140556538749,0.2119645273190353,1.0,1.0,0.0,0.46296296296296297,1.0,0.0,0.0
57.5,26.5,110.5,54,0.0,0.0,38.21013663229853,92.0073396041535,0.22268096473850837,1.0,1.0,0.0,0.5,1.0,0.0,0.0
57.5,27.0,111.5,54,0.0,0.0,28.68218212211983,69.34813319408067,0.23255481449451684,1.0,1.0,0.0,0.5,1.0,0.0,0.0
57.5,27.5,112.5,54,0.0,0.0,19.124856667972285,48.75021541340446,0.24100984001572595,1.0,1.0,0.0,0.5,1.0,0.5925925925925926,0.018518518518518517
57.5,28.0,113.5,54,0.0,0.0,10.265294276585534,31.372618097338094,0.24746098509646905,1.0,1.0,0.0,0.5,1.0,1.0,0.5925925925925926
57.5,28.5,114.5,54,0.0,0.0,7.318572297471979,22.984979652067263,0.25139399755617337,1.0,1.0,0.0,1.0,1.0,1.0,0.7777777777777778
57.5,29.0,115.5,54,0.5,0.5,5.815464447555539,20.411748999334343,0.25245132002515924,1.0,1.0,0.5,1.0,1.0,1.0,0.7777777777777778
57.5,29.5,116.5,54,0.5,0.5,4.488787075422181,19.850899566121058,0.2505004117321343,1.0,1.0,0.5,1.0,1.0,1.0,0.7777777777777778
57.5,30.0,117.5,54,0.5,0.5,4.130333025800656,19.311909034435075,0.2456618391936136,1.0,1.0,0.5,1.0,1.0,1.0,0.7777777777777778
57.5,30.5,118.5,54,0.5,0.5,4.218830836037808,19.698574219378077,0.23828681958742234,1.0,1.0,0.5,1.0,1.0,1.0,0.7777777777777778
57.5,31.0,119.5,54,0.5,0.5,5.597916413335796,32.385222389056665,0.22889191830554337,1.0,1.0,0.5,1.0,1.0,0.3333333333333333,0.35185185185185186
57.5,31.5,120.5,54,0.3333333333333333,0.5,6.862040983280866,48.31775308705693,0.21807253362244505,1.0,1.0,0.5,0.8333333333333334,1.0,0.0,0.0
57.5,32.0,121.5,54,0.16666666666666666,0.5,8.007421412601886,66.42239018092063,0.2064198978360423,1.0,1.0,0.5,0.6666666666666666,1.0,0.0,0.0
57.5,32.5,122.5,54,0.0,0.5,9.033432491426456,85.69978129767541,0.19445925168618722,1.0,1.0,0.5,0.5,1.0,0.0,0.0
57.5,33.0,123.5,54,0.0,0.5,13.376067496053954,105.30435078342191,0.18261561889891406,1.0,1.0,0.5,0.5,0.6666666666666666,0.0,0.0
57.5,33.5,124.5,54,0.0,0.3333333333333333,20.07745539745756,124.57654310059463,0.17120428848995217,1.0,1.0,0.5,0.5,0.3333333333333333,0.0,0.0
57.5,34.0,125.5,54,0.0,0.1111111111111111,26.857030181648103,143.04015440663812,0.1604384444080158,1.0,1.0,0.5,0.5,0.1111111111111111,0.0,0.0
57.5,34.5,126.5,54,0.0,0.0,33.487675959320605,160.3792100062333,0.15044588109414017,1.0,1.0,0.5,0.5,0.0,0.0,0.0
57.5,35.0,127.5,54,0.0,0.0,39.89164082502935,176.40637299747257,0.14128853882744158,1.0,1.0,0.5,0.5,0.0,0.0,0.0
57.5,35.5,128.5,54,0.0,0.0,45.95858481681847,191.03084023797362,0.13298097833136674,1.0,1.0,0.5,0.5,0.0,0.0,0.0
57.5,36.0,129.5,54,0.0,0.0,51.63681006507152,204.2299876344346,0.12550593141969488,1.0,1.0,0.5,0.5,0.0,0.0,0.0
57.5,36.5,130.5,54,0.0,0.0,56.899653402480894,216.02639421308663,0.11882641254038011,1.0,1.0,0.5,0.5,0.0,0.0,0.0
57.5,37.0,131.5,54,0.0,0.0,61.73788696411977,226.47031628097278,0.11289461627271544,1.0,1.0,0.3333333333333333,0.48148148148148145,0.0,0.0,0.0
57.5,37.5,132.5,54,0.0,0.0,66.15381914363321,235.62692852849108,0.10765814064157202,1.0,1.0,0.3333333333333333,0.46296296296296297,0.0,0.0,0.0
57.5,38.0,133.5,54,0.0,0.0,70.156881218324,243.56739596595574,0.10306414182651931,1.0,1.0,0.16666666666666666,0.3888888888888889,0.0,0.0,0.0
57.5,38.5,134.5,54,0.0,0.0,73.76041941155604,250.36285497690412,0.09906196956604106,1.0,1.0,0.16666666666666666,0.3333333333333333,0.0,0.0,0.0
57.5,39.0,135.5,54,0.0,0.0,76.97941812163467,256.0805127256292,0.09560473142934486,1.0,1.0,0.0,0.25925925925925924,0.0,0.0,0.0
57.5,39.5,136.5,54,0.0,0.0,79.82891720476707,260.78123716882385,0.09265012858405816,1.0,0.8333333333333334,0.0,0.2222222222222222,0.0,0.0,0.0
57.5,40.0,137.5,54,0.0,0.0,82.3229321904693,264.51816402052094,0.09016081340219594,1.0,0.7592592592592593,0.0,0.14814814814814814,0.0,0.0,0.0
58.0,10.0,78.0,54,0.0,0.0,90.15899014953412,324.3861615712306,0.14694232467692647,1.0,0.0,0.0,0.0,0.7777777777777778,1.0,0.0
58.0,10.5,79.0,54,0.0,0.0,94.59655895551181,331.72741207933154,0.13620938922662476,1.0,0.0,0.0,0.0,0.5555555555555556,1.0,0.3333333333333333
58.0,11.0,80.0,54,0.0,0.0,98.53798793187008,337.840308871736,0.12714285085743782,1.0,0.0,0.0,0.0,0.4444444444444444,0.7777777777777778,0.4444444444444444
58.0,11.5,81.0,54,0.0,0.0,102.04221732000664,342.8772469833119,0.11948243556887117,1.0,0.0,0.0,0.0,0.2222222222222222,0.6666666666666666,0.6666666666666666
58.0,12.0,82.0,54,0.0,0.0,105.30933663222153,346.962078906315,0.11301790204367197,1.0,0.0,0.0,0.0,0.1111111111111111,0.4444444444444444,1.0
58.0,12.5,83.0,54,0.0,0.0,108.193258736807,350.19430798699057,0.10757956473717908,1.0,0.0,0.0,0.0,0.0,0.3333333333333333,1.0
58.0,13.0,84.0,54,0.0,0.0,110.72917068293174,352.6527097643358,0.10303060006001141,1.0,0.0,0.0,0.0,0.0,0.1111111111111111,1.0
58.0,13.5,85.0,54,0.0,0.0,112.94561640625139,354.39833281591257,0.09926089551870224,1.0,0.0,0.0,0.0,0.0,0.0,0.7777777777777778
58.0,14.0,86.0,54,0.0,0.0,114.86519468299849,355.47691072754975,0.09618217944363419,1.0,0.0,0.0,0.0,0.0,0.0,0.5555555555555556
58.0,14.5,87.0,54,0.0,0.0,116.50514030003956,355.9207472866229,0.09372418997957033,1.0,0.0,0.0,0.0,0.0,0.0,0.4444444444444444
58.0,15.0,88.0,54,0.0,0.0,117.87778103479563,355.7501433267155,0.09183167768670744,1.0,0.0,0.0,0.0,0.0,0.0,0.2222222222222222
58.0,15.5,89.0,54,0.0,0.0,118.99087235772781,354.97442925652894,0.0904620732640336,1.0,0.0,0.0,0.0,0.0,0.0,0.0
58.0,16.0,90.0,54,0.0,0.0,119.8478155917714,353.59265917716607,0.08958368509914291,1.0,0.0,0.0,0.0,0.0,0.0,0.0
58.0,16.5,91.0,54,0.0,0.0,120.44776636087977,351.5940142754286,0.08917431872222684,1.0,0.0,0.0,0.0,0.0,0.0,0.0
58.0,17.0,92.0,54,0.0,0.0,120.78564018944634,348.95795689445504,0.08922023150524794,1.0,0.0,0.0,0.0,0.0,0.0,0.0
58.0,17.5,93.0,54,0.0,0.0,120.85202216309418,345.6541736858406,0.08971535133345476,1.0,0.0,0.0,0.0,0.0,0.0,0.0
58.0,18.0,94.0,54,0.0,0.0,120.6329884930305,341.64234783885547,0.09066069772585669,1.0,0.0,0.0,0.0,0.0,0.0,0.0
58.0,18.5,95.0,54,0.0,0.0,120.10985052319346,336.8718081949669,0.09206394797230717,1.0,0.0,0.0,0.0,0.0,0.0,0.0
58.0,19.0,96.0,54,0.0,0.0,119.25883727912212,331.2811193991645,0.09393908884408968,1.0,0.2222222222222222,0.0,0.0,0.0,0.0,0.0
58.0,19.5,97.0,54,0.0,0.0,118.0507425820923,324.7977054156793,0.09630608534859708,1.0,0.3333333333333333,0.0,0.0,0.0,0.0,0.0
58.0,20.0,98.0,54,0.0,0.0,116.45057914374149,317.3376433314512,0.09919048025961445,1.0,0.3333333333333333,0.0,0.0,0.0,0.0,0.0
58.0,20.5,99.0,54,0.0,0.0,114.41730780666316,308.80583147220074,0.10262280958330694,1.0,0.6666666666666666,0.0,0.0,0.0,0.0,0.0
58.0,21.0,100.0,54,0.0,0.0,111.90374900625785,299.09683294203245,0.10663767711257217,1.0,0.6666666666666666,0.0,0.0,0.0,0.0,0.0
58.0,21.5,101.0,54,0.0,0.0,108.85684020486114,288.09683081225216,0.11127227332272226,1.0,1.0,0.0,0.0,0.0,0.0,0.0
58.0,22.0,102.0,54,0.0,0.0,105.21848224689865,275.6873105135859,0.11656404911669808,1.0,1.0,0.0,0.0,0.0,0.0,0.0
58.0,22.5,103.0,54,0.0,0.0,100.92732239094627,261.7513074100854,0.12254716667259322,1.0,1.0,0.0,0.0,0.0,0.0,0.0
58.0,23.0,104.0,54,0.0,0.0,95.92194960581045,246.1833039150325,0.12924726063160052,1.0,1.0,0.0,0.0,0.0,0.0,0.0
58.0,23.5,105.0,54,0.0,0.0,90.1461126737945,228.9040749786611,0.13667398372897158,1.0,1.0,0.0,0.0,0.0,0.0,0.0
58.0,24.0,106.0,54,0.0,0.0,83.5566717706274,209.881842185019,0.14481084230701574,1.0,1.0,0.0,0.0,0.0,0.0,0.0
58.0,24.5,107.0,54,0.0,0.0,76.13497374432485,189.16078369721993,0.15360205258315848,1.0,1.0,0.0,0.0,0.3333333333333333,0.0,0.0
58.0,25.0,108.0,54,0.0,0.0,67.90205360405139,166.89691500560085,0.16293671923292966,1.0,1.0,0.0,0.0,1.0,0.0,0.0
58.0,25.5,109.0,54,0.0,0.0,58.9373036382898,143.39917050830906,0.1726317260129169,1.0,1.0,0.0,0.0,1.0,0.0,0.0
58.0,26.0,110.0,54,0.0,0.0,49.39881042138338,119.16983601621992,0.18241643219230066,1.0,1.0,0.0,0.0,1.0,0.0,0.0
58.0,26.5,111.0,54,0.0,0.0,39.541405159237705,94.93347898505701,0.1919244133562042,1.0,1.0,0.0,0.0,1.0,0.0,0.0
58.0,27.0,112.0,54,0.0,0.0,29.726079274143213,71.63853962988966,0.20069934156596791,1.0,1.0,0.0,0.0,1.0,0.0,0.0
58.0,27.5,113.0,54,0.0,0.0,19.864405080247607,50.41382076152111,0.2082222148522793,1.0,1.0,0.0,0.0,1.0,0.6666666666666666,0.0
58.0,28.0,114.0,54,0.0,0.0,10.706846021714151,32.46746080158016,0.21396369989106392,1.0,1.0,0.0,0.0,1.0,1.0,1.0
58.0,28.5,115.0,54,0.0,0.0,6.827964538727211,26.612337731459654,0.21745743813839633,1.0,1.0,0.0,1.0,1.0,1.0,1.0
58.0,29.0,116.0,54,1.0,1.0,5.47557584170499,26.04206137278628,0.21837963792719153,1.0,1.0,1.0,1.0,1.0,1.0,1.0
58.0,29.5,117.0,54,1.0,1.0,4.802306461563785,25.45418704036038,0.21661242948810694,1.0,1.0,1.0,1.0,1.0,1.0,1.0
58.0,30.0,118.0,54,1.0,1.0,4.7385554437328175,24.849879175212084,0.2122694922999321,1.0,1.0,1.0,1.0,1.0,1.0,1.0
58.0,30.5,119.0,54,1.0,1.0,4.672462075473397,24.23033928550151,0.2056743200691609,1.0,1.0,1.0,1.0,1.0,1.0,1.0
58.0,31.0,120.0,54,1.0,1.0,5.700267247663286,33.54229019540128,0.1972987608383358,1.0,1.0,1.0,1.0,1.0,0.3333333333333333,0.3333333333333333
58.0,31.5,121.0,54,0.6666666666666666,0.6666666666666666,6.978588298564697,49.94380401335874,0.18768259880460147,1.0,1.0,1.0,0.6666666666666666,1.0,0.0,0.0
58.0,32.0,122.0,54,0.1111111111111111,0.1111111111111111,8.132179554543487,68.49634688163404,0.17735748499322235,1.0,1.0,1.0,0.1111111111111111,1.0,0.0,0.0
58.0,32.5,123.0,54,0.0,0.0,9.16072151594201,88.14710935690377,0.1667913933970965,1.0,1.0,1.0,0.0,0.6666666666666666,0.0,0.0
58.0,33.0,124.0,54,0.0,0.0,13.976685496960839,108.01673004488721,0.15635898590541183,1.0,1.0,1.0,0.0,0.3333333333333333,0.0,0.0
58.0,33.5,125.0,54,0.0,0.0,20.848132665703908,127.43018823527349,0.1463346186590403,1.0,1.0,1.0,0.0,0.2222222222222222,0.0,0.0
58.0,34.0,126.0,54,0.0,0.0,27.751155363172284,146.05887733661407,0.13690063692752602,1.0,1.0,1.0,0.0,0.0,0.0,0.0
58.0,34.5,127.0,54,0.0,0.0,34.49640002748209,163.60910684911673,0.12816342375444267,1.0,1.0,1.0,0.0,0.0,0.0,0.0
58.0,35.0,128.0,54,0.0,0.0,40.95335100588068,179.80843053583285,0.12017151987103986,1.0,1.0,1.0,0.0,0.0,0.0,0.0
58.0,35.5,129.0,54,0.0,0.0,47.03818719607494,194.5739286517616,0.11293241228314486,1.0,1.0,1.0,0.0,0.0,0.0,0.0
58.0,36.0,130.0,54,0.0,0.0,52.70213893156895,207.8908357674019,0.10642644480656682,1.0,1.0,1.0,0.0,0.0,0.0,0.0
58.0,36.5,131.0,54,0.0,0.0,57.92149148463374,219.7889680293544,0.10061750373932617,1.0,1.0,1.0,0.0,0.0,0.0,0.0
58.0,37.0,132.0,54,0.0,0.0,62.75718803048422,230.32494595937425,0.09546076501817814,1.0,1.0,0.6666666666666666,0.0,0.0,0.0,0.0
58.0,37.5,133.0,54,0.0,0.0,67.21355249677666,239.56939457479407,0.09090803952830884,1.0,1.0,0.6666666666666666,0.0,0.0,0.0,0.0
58.0,38.0,134.0,54,0.0,0.0,71.2550876115588,247.5980883376809,0.08691128716632197,1.0,1.0,0.3333333333333333,0.0,0.0,0.0,0.0
58.0,38.5,135.0,54,0.0,0.0,74.89679189355807,254.48605693023097,0.0834248032249092,1.0,1.0,0.3333333333333333,0.0,0.0,0.0,0.0
58.0,39.0,136.0,54,0.0,0.0,78.1551116645135,260.30382414131395,0.08040648038224932,1.0,0.8888888888888888,0.0,0.0,0.0,0.0,0.0
58.0,39.5,137.0,54,0.0,0.0,81.04639463385156,265.11513209597393,0.07781845016061541,1.0,0.6666666666666666,0.0,0.0,0.0,0.0,0.0
58.0,40.0,138.0,54,0.0,0.0,83.58584772633722,268.9756675768372,0.07562732315957066,1.0,0.6666666666666666,0.0,0.0,0.0,0.0,0.0
58.5,10.0,78.5,54,0.0,0.0,88.75280238707761,322.5308332993136,0.14016387266997207,0.9259259259259259,0.0,0.5,0.0,0.5555555555555556,0.9444444444444444,0.1111111111111111
58.5,10.5,79.5,54,0.0,0.0,93.28679468002075,330.5107672084739,0.12927871200355412,0.8703703703703703,0.0,0.5,0.0,0.4444444444444444,1.0,0.48148148148148145
58.5,11.0,80.5,54,0.0,0.0,97.3176140814088,337.15566442178005,0.12011799116846286,0.8518518518518519,0.0,0.48148148148148145,0.0,0.3333333333333333,0.8148148148148148,0.7407407407407407
58.5,11.5,81.5,54,0.0,0.0,100.89871288162257,342.6397538865947,0.11240128020099203,0.8333333333333334,0.0,0.48148148148148145,0.0,0.2222222222222222,0.6296296296296297,0.8333333333333334
58.5,12.0,82.5,54,0.0,0.0,104.34090584057738,347.10444209556596,0.10590331838019705,0.8148148148148148,0.0,0.48148148148148145,0.0,0.1111111111111111,0.4444444444444444,1.0
58.5,12.5,83.5,54,0.0,0.0,107.43373850940858,350.66328509248706,0.10044324220176634,0.7592592592592593,0.0,0.48148148148148145,0.0,0.0,0.25925925925925924,1.0
58.5,13.0,84.5,54,0.0,0.0,110.15557283970158,353.40630558097723,0.09587587705257747,0.7407407407407407,0.0,0.48148148148148145,0.0,0.0,0.07407407407407407,1.0
58.5,13.5,85.5,54,0.0,0.0,112.53911135224979,355.4035760829395,0.09208481393182533,0.7037037037037037,0.0,0.46296296296296297,0.0,0.0,0.0,0.8148148148148148
58.5,14.0,86.5,54,0.0,0.0,114.61042775321043,356.70810125925476,0.0889769599449203,0.7407407407407407,0.0,0.46296296296296297,0.0,0.0,0.0,0.5555555555555556
58.5,14.5,87.5,54,0.0,0.0,116.38966722568078,357.35807497918984,0.0864782761115749,0.6481481481481481,0.0,0.46296296296296297,0.0,0.0,0.0,0.42592592592592593
58.5,15.0,88.5,54,0.0,0.0,117.89160435394135,357.3785968325517,0.08453045976416047,0.6481481481481481,0.0,0.46296296296296297,0.0,0.0,0.0,0.2222222222222222
58.5,15.5,89.5,54,0.0,0.0,119.12606074214659,356.7829272532385,0.08308837432429837,0.6481481481481481,0.0,0.46296296296296297,0.0,0.0,0.0,0.09259259259259259
58.5,16.0,90.5,54,0.0,0.0,120.09818945939116,355.5733497474795,0.08211806968241779,0.6111111111111112,0.0,0.48148148148148145,0.0,0.0,0.0,0.0
58.5,16.5,91.5,54,0.0,0.0,120.80863478670541,353.7416976425839,0.08159526963794175,0.5925925925925926,0.0,0.48148148148148145,0.0,0.0,0.0,0.0
58.5,17.0,92.5,54,0.0,0.0,121.25357551792644,351.2695937428584,0.08150422874078678,0.5740740740740741,0.0,0.48148148148148145,0.0,0.0,0.0,0.0
58.5,17.5,93.5,54,0.0,0.0,121.42465961246228,348.128445785815,0.08183687991885541,0.5740740740740741,0.0,0.48148148148148145,0.0,0.0,0.0,0.0
58.5,18.0,94.5,54,0.0,0.0,121.30883829410737,344.27923992308445,0.082592207014513,0.5740740740740741,0.0,0.48148148148148145,0.0,0.0,0.0,0.0
58.5,18.5,95.5,54,0.0,0.0,120.8881096682008,339.67218019787424,0.08377578303069974,0.5555555555555556,0.0,0.48148148148148145,0.0,0.0,0.0,0.0
58.5,19.0,96.5,54,0.0,0.0,120.13918671090639,334.24623643890493,0.08539941529201422,0.5555555555555556,0.09259259259259259,0.5,0.0,0.0,0.0,0.0
58.5,19.5,97.5,54,0.0,0.0,119.03311360014203,327.92868948476695,0.08748083207436674,0.5555555555555556,0.2222222222222222,0.5,0.0,0.0,0.0,0.0
58.5,20.0,98.5,54,0.0,0.0,117.53486997703688,320.63480596253066,0.090043330110259,0.5555555555555556,0.3148148148148148,0.5,0.0,0.0,0.0,0.0
58.5,20.5,99.5,54,0.0,0.0,115.60302789303171,312.26784146675476,0.09311527661109655,0.5925925925925926,0.5,0.5,0.0,0.0,0.0,0.0
58.5,21.0,100.5,54,0.0,0.0,113.18956501942955,302.7196692004944,0.09672932036510065,0.6296296296296297,0.6296296296296297,0.5,0.0,0.0,0.0,0.0
58.5,21.5,101.5,54,0.0,0.0,110.23999534903616,291.87247038846476,0.10092111124918585,0.6666666666666666,0.8333333333333334,0.5,0.0,0.0,0.0,0.0
58.5,22.0,102.5,54,0.0,0.0,106.69406083603963,279.6021115054713,0.10572725435754383,0.6666666666666666,0.9629629629629629,0.5,0.0,0.0,0.0,0.0
58.5,22.5,103.5,54,0.0,0.0,102.48733883368467,265.7840738189879,0.1111821356778329,0.7407407407407407,1.0,0.5,0.0,0.0,0.0,0.0
58.5,23.0,104.5,54,0.0,0.0,97.55426042087943,250.30307817321105,0.1173131610061566,0.7777777777777778,1.0,0.5,0.0,0.0,0.0,0.0
58.5,23.5,105.5,54,0.0,0.0,91.83319051475962,233.0678109498637,0.12413387545922688,0.8333333333333334,1.0,0.5,0.0,0.0,0.0,0.0
58.5,24.0,106.5,54,0.0,0.0,85.27435219654288,214.03228621868703,0.13163443358278465,0.8333333333333334,1.0,0.5,0.0,0.2222222222222222,0.0,0.0
58.5,24.5,107.5,54,0.0,0.0,77.85139814432658,193.22514518504684,0.13976906978882767,0.8703703703703703,1.0,0.5,0.0,0.5555555555555556,0.0,0.0
58.5,25.0,108.5,54,0.0,0.0,69.57718546898865,170.7872237625982,0.14844072856726834,0.9259259259259259,1.0,0.5,0.0,0.9444444444444444,0.0,0.0
58.5,25.5,109.5,54,0.0,0.0,60.52356532561703,147.00163866503976,0.15748403998423824,0.9814814814814815,1.0,0.5,0.0,1.0,0.0,0.0
58.5,26.0,110.5,54,0.0,0.0,50.8199934596241,122.36416949229539,0.16664950122329436,1.0,1.0,0.5,0.0,1.0,0.0,0.0
58.5,26.5,111.5,54,0.0,0.0,40.796650234236026,97.7211348556508,0.17559392880841804,1.0,1.0,0.5,0.0,1.0,0.0,0.07407407407407407
58.5,27.0,112.5,54,0.0,0.0,30.78124993968577,73.9674373258705,0.1838843003075125,1.0,1.0,0.5,0.0,1.0,0.0,0.2962962962962963
58.5,27.5,113.5,54,0.0,0.0,20.658811247471583,52.19273094503799,0.19102254365105453,1.0,1.0,0.5,0.0,1.0,0.48148148148148145,0.7407407407407407
58.5,28.0,114.5,54,0.0,0.0,11.421891181826147,39.76208596482173,0.19649569489414123,1.0,1.0,0.5,0.0,1.0,1.0,1.0
58.5,28.5,115.5,54,0.18518518518518517,0.5,6.814219293217508,38.87147867382439,0.19984796853164527,1.0,1.0,0.6851851851851852,0.5,1.0,1.0,1.0
58.5,29.0,116.5,54,0.5,0.5,5.914182561289836,37.981120463302524,0.20076034275254975,1.0,1.0,1.0,0.5,1.0,1.0,1.0
58.5,29.5,117.5,54,0.5,0.5,5.8370116087838335,37.076588118775305,0.19911472634336327,1.0,1.0,1.0,0.5,1.0,1.0,1.0
58.5,30.0,118.5,54,0.5,0.5,5.757323002041276,36.148706039231264,0.19502037754496288,1.0,1.0,1.0,0.5,1.0,1.0,1.0
58.5,30.5,119.5,54,0.5,0.5,5.674826004661188,35.220642825371485,0.18879236010195324,1.0,1.0,1.0,0.5,1.0,1.0,1.0
58.5,31.0,120.5,54,0.5,0.5,5.795023832925619,34.699831455145144,0.18088983529789326,1.0,1.0,1.0,0.5,1.0,0.3333333333333333,0.5
58.5,31.5,121.5,54,0.3333333333333333,0.3333333333333333,7.088936449821555,51.501144946890975,0.17183565061157266,1.0,1.0,1.0,0.3333333333333333,1.0,0.0,0.0
58.5,32.0,122.5,54,0.0,0.0,8.254372409604995,70.53115266783466,0.1621411041711078,1.0,1.0,1.0,0.0,0.9444444444444444,0.0,0.0
58.5,32.5,123.5,54,0.0,0.0,9.291450275477173,90.63463710262535,0.15225206673775005,1.0,1.0,1.0,0.0,0.5555555555555556,0.0,0.0
58.5,33.0,124.5,54,0.0,0.0,14.431448888068797,110.91031696152967,0.14252136465373397,1.0,1.0,1.0,0.0,0.25925925925925924,0.0,0.0
58.5,33.5,125.5,54,0.0,0.0,21.446939121037722,130.67415491235224,0.1332035740632266,1.0,1.0,1.0,0.0,0.0,0.0,0.0
58.5,34.0,126.5,54,0.0,0.0,28.476786701735882,149.44874025806558,0.12446450013855928,1.0,1.0,1.0,0.0,0.0,0.0,0.0
58.5,34.5,127.5,54,0.0,0.0,35.331201622291594,166.92741718694523,0.11639772386134459,1.0,1.0,1.0,0.0,0.0,0.0,0.0
58.5,35.0,128.5,54,0.0,0.0,41.88116547586103,182.97009028721732,0.10904265742776831,1.0,1.0,1.0,0.0,0.0,0.0,0.0
58.5,35.5,129.5,54,0.0,0.0,48.04537070587201,197.6626235541639,0.10240090930523436,1.0,1.0,1.0,0.0,0.0,0.0,0.0
58.5,36.0,130.5,54,0.0,0.0,53.777957578769524,210.95258760551263,0.09644960424157896,1.0,1.0,1.0,0.0,0.0,0.0,0.0
58.5,36.5,131.5,54,0.0,0.0,59.05814419231194,222.7545437219668,0.09115145094702246,1.0,1.0,1.0,0.0,0.0,0.0,0.0
58.5,37.0,132.5,54,0.0,0.0,63.882021699296,233.1679771568882,0.08646192613583065,1.0,1.0,1.0,0.0,0.0,0.0,0.0
58.5,37.5,133.5,54,0.0,0.0,68.24626500112878,242.26920183506996,0.08233414891322667,1.0,1.0,0.8333333333333334,0.0,0.0,0.0,0.0
58.5,38.0,134.5,54,0.0,0.0,72.22055332784716,250.138257948806,0.07872202421840814,1.0,0.9814814814814815,0.7777777777777778,0.0,0.0,0.0,0.0
58.5,38.5,135.5,54,0.0,0.0,75.85535300016372,256.85318809794273,0.07558215107131708,1.0,0.8333333333333334,0.6666666666666666,0.0,0.0,0.0,0.0
58.5,39.0,136.5,54,0.0,0.0,79.08319145762354,262.48645827671913,0.07287488424702607,1.0,0.6666666666666666,0.6111111111111112,0.0,0.0,0.0,0.0
58.5,39.5,137.5,54,0.0,0.0,81.93794697649598,267.10285076073274,0.07056483711977851,1.0,0.5740740740740741,0.5,0.0,0.0,0.0,0.0
58.5,40.0,138.5,54,0.0,0.0,84.4351505398713,270.7583345637815,0.06862103012628153,1.0,0.5,0.5,0.0,0.0,0.0,0.0
59.0,10.0,79.0,54,0.0,0.0,90.95331460840241,329.72932010150237,0.12161959501337917,0.5,0.0,0.5,0.0,0.46296296296296297,0.8333333333333334,0.4074074074074074
59.0,10.5,80.0,54,0.0,0.0,95.4321466795132,337.0550904758626,0.11198128442026438,0.5,0.0,0.5,0.0,0.35185185185185186,1.0,0.6666666666666666
59.0,11.0,81.0,54,0.0,0.0,99.40854678126473,343.3545845701998,0.1038959941667468,0.5,0.0,0.5,0.0,0.3148148148148148,0.8333333333333334,0.7962962962962963
59.0,11.5,82.0,54,0.0,0.0,102.93803663430684,348.5314202444347,0.09710360904565359,0.5,0.0,0.5,0.0,0.16666666666666666,0.5925925925925926,0.8888888888888888
59.0,12.0,83.0,54,0.0,0.0,106.16522607665283,352.7249868174427,0.09139698945201737,0.5,0.0,0.5,0.0,0.07407407407407407,0.3888888888888889,1.0
59.0,12.5,84.0,54,0.0,0.0,109.2114419222692,356.0463239601431,0.08661101503049465,0.5,0.0,0.5,0.0,0.0,0.2037037037037037,1.0
59.0,13.0,85.0,54,0.0,0.0,111.89215649569107,358.5828022873479,0.08261394368472724,0.5,0.0,0.5,0.0,0.0,0.018518518518518517,1.0
59.0,13.5,86.0,54,0.0,0.0,114.24032217359628,360.40190954969245,0.07930067032996208,0.5,0.0,0.5,0.0,0.0,0.0,0.8148148148148148
59.0,14.0,87.0,54,0.0,0.0,116.2820846248426,361.554237709291,0.07658749924978447,0.5,0.0,0.5,0.0,0.0,0.0,0.5555555555555556
59.0,14.5,88.0,54,0.0,0.0,118.03755554972231,362.07578521139396,0.07440810456554488,0.5,0.0,0.5,0.0,0.0,0.0,0.4074074074074074
59.0,15.0,89.0,54,0.0,0.0,119.52141687351578,361.9896828539847,0.07271041728591479,0.5,0.0,0.5,0.0,0.0,0.0,0.2037037037037037
59.0,15.5,90.0,54,0.0,0.0,120.74336671208214,361.3074365963519,0.07145423407015464,0.5,0.0,0.5,0.0,0.0,0.0,0.05555555555555555
59.0,16.0,91.0,54,0.0,0.0,121.70841957405916,360.0297639097884,0.0706093892648356,0.5,0.0,0.5,0.0,0.0,0.0,0.0
59.0,16.5,92.0,54,0.0,0.0,122.41707258520418,358.1470852895733,0.07015436813035586,0.5,0.0,0.5,0.0,0.0,0.0,0.0
59.0,17.0,93.0,54,0.0,0.0,122.8653478634439,355.6397209222132,0.07007526666235785,0.5,0.0,0.5,0.0,0.0,0.0,0.0
59.0,17.5,94.0,54,0.0,0.0,123.04471965688317,352.47783518473784,0.07036502334205354,0.5,0.0,0.5,0.0,0.0,0.0,0.0
59.0,18.0,95.0,54,0.0,0.0,122.94193431098905,348.6211695943293,0.07102286153845842,0.5,0.0,0.5,0.0,0.0,0.0,0.0
59.0,18.5,96.0,54,0.0,0.0,122.53873238613748,344.0186094187372,0.07205388869939942,0.5,0.0,0.5,0.0,0.0,0.0,0.0
59.0,19.0,97.0,54,0.0,0.0,121.81148636280976,338.60764259119145,0.07346879993168721,0.5,0.05555555555555555,0.5,0.0,0.0,0.0,0.0
59.0,19.5,98.0,54,0.0,0.0,120.73077585929602,332.31379520764904,0.07528362850342007,0.5,0.16666666666666666,0.5,0.0,0.0,0.0,0.0
59.0,20.0,99.0,54,0.0,0.0,119.26093734847417,325.0501706410898,0.07751947295375931,0.5,0.2777777777777778,0.5,0.0,0.0,0.0,0.0
59.0,20.5,100.0,54,0.0,0.0,117.35965015682184,316.71728605067096,0.08020210791206964,0.5,0.4074074074074074,0.5,0.0,0.0,0.0,0.0
59.0,21.0,101.0,54,0.0,0.0,114.97765942531072,307.2034997659461,0.08336135081440885,0.5,0.5370370370370371,0.5,0.0,0.0,0.0,0.0
59.0,21.5,102.0,54,0.0,0.0,112.05879536585117,296.38646633799266,0.08703000657360792,0.5,0.7222222222222222,0.5,0.0,0.0,0.0,0.0
59.0,22.0,103.0,54,0.0,0.0,108.54053311967877,284.1362533573719,0.091242144692583,0.5,0.8333333333333334,0.5,0.0,0.0,0.0,0.0
59.0,22.5,104.0,54,0.0,0.0,104.35545476145869,270.32101054680527,0.09603037893752495,0.5,0.9259259259259259,0.5,0.0,0.0,0.0,0.0
59.0,23.0,105.0,54,0.0,0.0,99.43412599152097,254.81638612733917,0.10142172630531054,0.5,1.0,0.5,0.0,0.0,0.0,0.0
59.0,23.5,106.0,54,0.0,0.0,93.7100738334013,237.52019042076196,0.10743154227946321,0.5,1.0,0.5,0.0,0.1111111111111111,0.0,0.0
59.0,24.0,107.0,54,0.0,0.0,87.12771013836243,218.37399388422514,0.11405501275974618,0.5,1.0,0.5,0.0,0.2777777777777778,0.0,0.0
59.0,24.5,108.0,54,0.0,0.0,79.65410115590898,197.27729286525636,0.12125582105524375,0.5,1.0,0.5,0.0,0.6481481481481481,0.0,0.0
59.0,25.0,109.0,54,0.0,0.0,71.2352615065615,174.5813413274127,0.12895204553710407,0.5,1.0,0.5,0.0,0.9444444444444444,0.0,0.0
59.0,25.5,110.0,54,0.0,0.0,62.06483754080429,150.5720892473078,0.13700026461544276,0.5,1.0,0.5,0.0,1.0,0.0,0.07407407407407407
59.0,26.0,111.0,54,0.0,0.0,52.2763011808981,125.67162096424805,0.14518039927571372,0.5,1.0,0.5,0.0,1.0,0.0,0.16666666666666666
59.0,26.5,112.0,54,0.0,0.0,42.08516834284833,100.58057045882106,0.1531859343998986,0.5,1.0,0.5,0.0,1.0,0.0,0.2962962962962963
59.0,27.0,113.0,54,0.0,0.0,31.82226525585106,76.239863123754,0.16062622623793496,0.5,1.0,0.5,0.0,1.0,0.0,0.48148148148148145
59.0,27.5,114.0,54,0.0,0.0,21.395890347326315,57.62970392863498,0.16704823695630497,0.5,1.0,0.5,0.0,1.0,0.3888888888888889,0.7962962962962963
59.0,28.0,115.0,54,0.0,0.0,12.094278111255509,56.37986426712372,0.17198228894555878,0.5,1.0,0.5,0.0,1.0,1.0,1.0
59.0,28.5,116.0,54,0.0,0.5,7.1663018071010764,55.16110386559694,0.17500902456198936,0.5,1.0,0.7592592592592593,0.5,1.0,1.0,1.0
59.0,29.0,117.0,54,0.0,0.5,7.074836283170557,53.91937523849958,0.17583415200735103,0.5,1.0,1.0,0.5,1.0,1.0,1.0
59.0,29.5,118.0,54,0.018518518518518517,0.5,6.982810936031752,52.66250879430182,0.1743490592876828,0.5185185185185185,1.0,1.0,0.5,1.0,1.0,1.0
59.0,30.0,119.0,54,0.18518518518518517,0.5,6.888441893198733,51.33764760981588,0.17065572898863715,0.6851851851851852,1.0,1.0,0.5,1.0,1.0,1.0
59.0,30.5,120.0,54,0.3333333333333333,0.5,6.790280306741154,50.00113204885471,0.16504608864368492,0.8333333333333334,1.0,1.0,0.5,1.0,0.9629629629629629,1.0
59.0,31.0,121.0,54,0.3333333333333333,0.5,6.688144011023209,48.63308707107313,0.15794346066473122,0.8333333333333334,1.0,1.0,0.5,1.0,0.2962962962962963,0.3888888888888889
59.0,31.5,122.0,54,0.14814814814814814,0.2222222222222222,7.193800777732507,53.00659928645159,0.14982692827953947,0.8333333333333334,1.0,1.0,0.2222222222222222,0.9444444444444444,0.0,0.05555555555555555
59.0,32.0,123.0,54,0.0,0.0,8.368749742409584,72.47169523115312,0.14116145722379114,0.8888888888888888,1.0,1.0,0.0,0.7407407407407407,0.0,0.0
59.0,32.5,124.0,54,0.0,0.0,9.473218578897617,92.97066872315264,0.1323488402632869,0.9814814814814815,1.0,1.0,0.0,0.3888888888888889,0.0,0.0
59.0,33.0,125.0,54,0.0,0.0,14.903667349401154,113.58057664480692,0.12370356066853776,1.0,1.0,1.0,0.0,0.1111111111111111,0.0,0.0
59.0,33.5,126.0,54,0.0,0.0,22.054178029213393,133.60925483594872,0.11544943483122723,1.0,1.0,1.0,0.0,0.0,0.0,0.0
59.0,34.0,127.0,54,0.0,0.0,29.19803035769548,152.5807419249061,0.10772948361144227,1.0,1.0,1.0,0.0,0.0,0.0,0.0
59.0,34.5,128.0,54,0.0,0.0,36.14505396344137,170.1996010450127,0.10062184612130187,1.0,1.0,1.0,0.0,0.0,0.0,0.0
59.0,35.0,129.0,54,0.0,0.0,42.76780807591646,186.28440682728544,0.09415664776689542,1.0,1.0,1.0,0.0,0.0,0.0,0.0
59.0,35.5,130.0,54,0.0,0.0,48.98754511835946,200.83795120844027,0.08833100163360061,1.0,1.0,1.0,0.0,0.0,0.0,0.0
59.0,36.0,131.0,54,0.0,0.0,54.76129150933842,213.9714310189813,0.08312103179214023,1.0,1.0,1.0,0.0,0.0,0.0,0.0
59.0,36.5,132.0,54,0.0,0.0,60.07108461738587,225.83129068927073,0.07849083437804355,1.0,1.0,1.0,0.0,0.0,0.0,0.0
59.0,37.0,133.0,54,0.0,0.0,64.91556305290229,236.2427811487128,0.0743987840624931,1.0,1.0,1.0,0.0,0.0,0.0,0.0
59.0,37.5,134.0,54,0.0,0.0,69.3036866262356,245.3101114075557,0.0708017500273281,1.0,0.9259259259259259,0.8888888888888888,0.0,0.0,0.0,0.0
59.0,38.0,135.0,54,0.0,0.0,73.2350843721904,253.13900579544793,0.06765776770769899,1.0,0.8333333333333334,0.7777777777777778,0.0,0.0,0.0,0.0
59.0,38.5,136.0,54,0.0,0.0,76.77697481322986,259.81058393254733,0.06492762327186198,1.0,0.7777777777777778,0.6666666666666666,0.0,0.0,0.0,0.0
59.0,39.0,137.0,54,0.0,0.0,80.01673345975836,265.3996189370092,0.06257570289112646,1.0,0.5185185185185185,0.6111111111111112,0.0,0.0,0.0,0.0
59.0,39.5,138.0,54,0.0,0.0,82.89832932660308,269.9725818224471,0.06057036375691894,1.0,0.5,0.5,0.0,0.0,0.0,0.0
59.0,40.0,139.0,54,0.0,0.0,85.39533192514313,273.58664031187317,0.05888400709986971,1.0,0.3333333333333333,0.5,0.0,0.0,0.0,0.0
59.5,10.0,79.5,54,0.0,0.0,92.96711653463639,336.42636323627806,0.10519781543468487,0.5,0.0,0.5,0.0,0.37037037037037035,0.8333333333333334,0.5
59.5,10.5,80.5,54,0.0,0.0,97.38878361995448,342.83914925834057,0.09671419579357005,0.5,0.0,0.5,0.0,0.3333333333333333,0.9629629629629629,0.6666666666666666
59.5,11.0,81.5,54,0.0,0.0,101.31000692954514,348.8176145183812,0.08961774698397204,0.5,0.0,0.5,0.0,0.24074074074074073,0.7962962962962963,0.8148148148148148
59.5,11.5,82.5,54,0.0,0.0,104.78794983251393,353.7110419033847,0.08367026051925805,0.5,0.0,0.5,0.0,0.1111111111111111,0.5185185185185185,0.9629629629629629
59.5,12.0,83.5,54,0.0,0.0,107.87027189859725,357.6560660949849,0.0786834558752042,0.5,0.0,0.5,0.0,0.037037037037037035,0.3888888888888889,1.0
59.5,12.5,84.5,54,0.0,0.0,110.77140655164287,360.76077271419445,0.07450817650674361,0.5,0.0,0.5,0.0,0.0,0.12962962962962962,1.0
59.5,13.0,85.5,54,0.0,0.0,113.41364258973262,363.1096420794964,0.07102603429451165,0.5,0.0,0.5,0.0,0.0,0.018518518518518517,0.9814814814814815
59.5,13.5,86.5,54,0.0,0.0,115.72883543363082,364.767469427805,0.0681429896039152,0.5,0.0,0.5,0.0,0.0,0.0,0.7962962962962963
59.5,14.0,87.5,54,0.0,0.0,117.74310248814116,365.7824100839135,0.06578443318412722,0.5,0.0,0.5,0.0,0.0,0.0,0.5555555555555556
59.5,14.5,88.5,54,0.0,0.0,119.47645481944019,366.1882959355922,0.06389142355146128,0.5,0.0,0.5,0.0,0.0,0.0,0.37037037037037035
59.5,15.0,89.5,54,0.0,0.0,120.94343811745166,366.0063505666148,0.06241781144173064,0.5,0.0,0.5,0.0,0.0,0.0,0.2037037037037037
59.5,15.5,90.5,54,0.0,0.0,122.15360045868701,365.2464072717387,0.06132804654541391,0.5,0.0,0.5,0.0,0.0,0.0,0.07407407407407407
59.5,16.0,91.5,54,0.0,0.0,123.11180394579013,363.90771244992646,0.06059551137586216,0.5,0.0,0.5,0.0,0.0,0.0,0.0
59.5,16.5,92.5,54,0.0,0.0,123.81839481555572,361.9793787498323,0.060201264762812484,0.5,0.0,0.5,0.0,0.0,0.0,0.0
59.5,17.0,93.5,54,0.0,0.0,124.26924369092326,359.440538669923,0.06013310533266931,0.5,0.0,0.5,0.0,0.0,0.0,0.0
59.5,17.5,94.5,54,0.0,0.0,124.45566521218977,356.2602405680824,0.060384885316329746,0.5,0.0,0.5,0.0,0.0,0.0,0.0
59.5,18.0,95.5,54,0.0,0.0,124.36422500588021,352.39712587649456,0.060956018472978823,0.5,0.0,0.5,0.0,0.0,0.0,0.0
59.5,18.5,96.5,54,0.0,0.0,123.97644257235345,347.79892996515235,0.061851133619950226,0.5,0.037037037037037035,0.5,0.0,0.0,0.0,0.0
59.5,19.0,97.5,54,0.0,0.0,123.26840219716668,342.40186166332643,0.06307982741223822,0.5,0.05555555555555555,0.5,0.0,0.0,0.0,0.0
59.5,19.5,98.5,54,0.0,0.0,122.21029190396865,336.1299413011288,0.06465646620412276,0.5,0.16666666666666666,0.5,0.0,0.0,0.0,0.0
59.5,20.0,99.5,54,0.0,0.0,120.76590499404101,328.89441932479525,0.0665999759744968,0.5,0.2222222222222222,0.5,0.0,0.0,0.0,0.0
59.5,20.5,100.5,54,0.0,0.0,118.89216311631101,320.5934642407994,0.0689335396327603,0.5,0.3888888888888889,0.5,0.0,0.0,0.0,0.0
59.5,21.0,101.5,54,0.0,0.0,116.53875866462273,311.11240943609147,0.07168409010457766,0.5,0.4444444444444444,0.5,0.0,0.0,0.0,0.0
59.5,21.5,102.5,54,0.0,0.0,113.64807368393379,300.3249950174923,0.07488144258343937,0.5,0.6666666666666666,0.5,0.0,0.0,0.0,0.0
59.5,22.0,103.5,54,0.0,0.0,110.15561968326648,288.09624534944174,0.0785568477675026,0.5,0.7222222222222222,0.5,0.0,0.0,0.0,0.0
59.5,22.5,104.5,54,0.0,0.0,105.9913649427463,274.2878931890017,0.0827406695730015,0.5,0.8518518518518519,0.5,0.0,0.0,0.0,0.0
59.5,23.0,105.5,54,0.0,0.0,101.08247631826694,258.7675897598492,0.08745880158746064,0.5,0.9259259259259259,0.5,0.0,0.037037037037037035,0.0,0.0
59.5,23.5,106.5,54,0.0,0.0,95.35819241427089,241.38125466037272,0.09272735532098828,0.5,1.0,0.5,0.0,0.16666666666666666,0.0,0.0
59.5,24.0,107.5,54,0.0,0.0,88.752871885849,222.02646672112903,0.0985451233678566,0.5,1.0,0.5,0.0,0.4444444444444444,0.0,0.0
59.5,24.5,108.5,54,0.0,0.0,81.17636693350175,200.8772393685849,0.10488342438215235,0.5,1.0,0.5,0.0,0.7222222222222222,0.0,0.037037037037037035
59.5,25.0,109.5,54,0.0,0.0,72.74271163318468,178.11085970962174,0.11167330861105251,0.5,1.0,0.5,0.0,0.9444444444444444,0.0,0.12962962962962962
59.5,25.5,110.5,54,0.0,0.0,63.53124109053959,153.93294896260517,0.11879092085751469,0.5,1.0,0.5,0.0,1.0,0.0,0.18518518518518517
59.5,26.0,111.5,54,0.0,0.0,53.6387086611213,128.67233106852427,0.12604323879316645,0.5,1.0,0.5,0.0,1.0,0.0,0.2962962962962963
59.5,26.5,112.5,54,0.0,0.0,43.23743023012058,103.10055412260913,0.13315839037374488,0.5,1.0,0.5,0.0,1.0,0.0,0.4074074074074074
59.5,27.0,113.5,54,0.0,0.0,32.73618668375022,79.20555126235345,0.1397867770996902,0.5,1.0,0.5,0.0,1.0,0.0,0.5555555555555556
59.5,27.5,114.5,54,0.0,0.0,22.045203244015035,77.64513531266026,0.1455199975540803,0.5,1.0,0.5,0.0,1.0,0.3888888888888889,0.8148148148148148
59.5,28.0,115.5,54,0.0,0.0,12.712008934532811,75.98529283527928,0.14993218527304175,0.5,1.0,0.5,0.0,1.0,1.0,1.0
59.5,28.5,116.5,54,0.0,0.5,8.33486793155468,74.36053252511905,0.15264150677137878,0.5,1.0,0.7222222222222222,0.5,1.0,1.0,1.0
59.5,29.0,117.5,54,0.0,0.5,8.235706830393372,72.6406289529553,0.15337946387035659,0.5,1.0,0.9814814814814815,0.5,1.0,1.0,1.0
59.5,29.5,118.5,54,0.0,0.5,8.151487664437523,70.82707128295561,0.15204736266078978,0.5,1.0,1.0,0.5,1.0,1.0,1.0
59.5,30.0,119.5,54,0.0,0.5,8.053657609119991,68.98374721300668,0.1487394592049494,0.5,1.0,1.0,0.5,1.0,1.0,1.0
59.5,30.5,120.5,54,0.0,0.5,7.954626932006531,67.1007705262567,0.143723423156341,0.5,1.0,1.0,0.5,1.0,0.8148148148148148,0.9814814814814815
59.5,31.0,121.5,54,0.0,0.5,7.84991977114324,65.17524894970217,0.13738553062198933,0.5,1.0,1.0,0.5,0.9074074074074074,0.16666666666666666,0.3888888888888889
59.5,31.5,122.5,54,0.0,0.16666666666666666,7.731253731157978,63.21074391852654,0.1301604486122191,0.5,1.0,1.0,0.16666666666666666,0.7407407407407407,0.0,0.05555555555555555
59.5,32.0,123.5,54,0.0,0.0,8.510407735739626,74.19883004844068,0.12246711762782367,0.5,1.0,1.0,0.0,0.5,0.0,0.0
59.5,32.5,124.5,54,0.0,0.0,10.882613236604376,95.0405378849404,0.11466456595911877,0.5,1.0,1.0,0.0,0.18518518518518517,0.0,0.0
59.5,33.0,125.5,54,0.0,0.0,15.466772631816287,115.93686769547651,0.10703101148649777,0.5185185185185185,1.0,1.0,0.0,0.07407407407407407,0.0,0.0
59.5,33.5,126.5,54,0.0,0.0,22.591540979291786,136.1894971964124,0.09976197866189356,0.6666666666666666,1.0,1.0,0.0,0.0,0.0,0.0
59.5,34.0,127.5,54,0.0,0.0,29.833125078908942,155.32465691085622,0.09298020177094685,0.7777777777777778,1.0,1.0,0.0,0.0,0.0,0.0
59.5,34.5,128.5,54,0.0,0.0,36.85878622338812,173.05388166091853,0.08675064215861056,0.8333333333333334,1.0,1.0,0.0,0.0,0.0,0.0
59.5,35.0,129.5,54,0.0,0.0,43.542701163050104,189.22934028587667,0.08109602230458056,0.8518518518518519,1.0,1.0,0.0,0.0,0.0,0.0
59.5,35.5,130.5,54,0.0,0.0,49.808532455736575,203.77650144217947,0.07601041575923846,0.9074074074074074,1.0,1.0,0.0,0.0,0.0,0.0
59.5,36.0,131.5,54,0.0,0.0,55.61594067628667,216.7959435220117,0.07146999275322304,0.9444444444444444,1.0,1.0,0.0,0.0,0.0,0.0
59.5,36.5,132.5,54,0.0,0.0,60.949490094769516,228.44184309569806,0.06744092994379663,1.0,0.9814814814814815,1.0,0.0,0.0,0.0,0.0
59.5,37.0,133.5,54,0.0,0.0,65.81007335253676,238.89030882551003,0.06388490819064448,1.0,0.8888888888888888,1.0,0.0,0.0,0.0,0.0
59.5,37.5,134.5,54,0.0,0.0,70.20857016065159,247.9674283424307,0.0607627384983058,1.0,0.8148148148148148,0.8888888888888888,0.0,0.0,0.0,0.0
59.5,38.0,135.5,54,0.0,0.0,74.15081671844878,255.75729159646949,0.058036622630904706,1.0,0.7407407407407407,0.7777777777777778,0.0,0.0,0.0,0.0
59.5,38.5,136.5,54,0.0,0.0,77.67252737504519,262.38758243770866,0.055671463810620346,1.0,0.6851851851851852,0.7222222222222222,0.0,0.0,0.0,0.0
59.5,39.0,137.5,54,0.0,0.0,80.83979540100815,267.93503013642714,0.05363554282748693,1.0,0.48148148148148145,0.6111111111111112,0.0,0.0,0.0,0.0
59.5,39.5,138.5,54,0.0,0.0,83.70540886303232,272.4675217294031,0.05190078687254823,1.0,0.4074074074074074,0.5555555555555556,0.0,0.0,0.0,0.0
59.5,40.0,139.5,54,0.0,0.0,86.23103036304242,276.0432166314644,0.05044278877070335,1.0,0.2037037037037037,0.5,0.0,0.0,0.0,0.018518518518518517
60.0,10.0,80.0,54,0.0,0.0,94.73923394420099,342.3097855010539,0.09101442648829602,0.5,0.0,0.5,0.0,0.3333333333333333,0.8333333333333334,0.5
60.0,10.5,81.0,54,0.0,0.0,99.10550046778972,348.1009868733279,0.08356560115981314,0.5,0.0,0.5,0.0,0.3333333333333333,0.9074074074074074,0.6666666666666666
60.0,11.0,82.0,54,0.0,0.0,102.97412201014251,353.5144900397296,0.07734997644087618,0.5,0.0,0.5,0.0,0.2222222222222222,0.7407407407407407,0.8703703703703703
60.0,11.5,83.0,54,0.0,0.0,106.4034947230295,358.1551732216736,0.07215134372000227,0.5,0.0,0.5,0.0,0.07407407407407407,0.48148148148148145,1.0
60.0,12.0,84.0,54,0.0,0.0,109.44196196347012,361.87968875113427,0.06779988923832193,0.5,0.0,0.5,0.0,0.0,0.35185185185185186,1.0
60.0,12.5,85.0,54,0.0,0.0,112.12918885570606,364.79301849502866,0.06416179144753917,0.5,0.0,0.5,0.0,0.0,0.1111111111111111,1.0
60.0,13.0,86.0,54,0.0,0.0,114.71480900060753,366.9767395255162,0.061131299761624854,0.5,0.0,0.5,0.0,0.0,0.018518518518518517,0.9444444444444444
60.0,13.5,87.0,54,0.0,0.0,117.00045319290956,368.49302210512025,0.058624722393370535,0.5,0.0,0.5,0.0,0.0,0.0,0.7592592592592593
60.0,14.0,88.0,54,0.0,0.0,118.99013337540119,369.3876969737935,0.05657586597541622,0.5,0.0,0.5,0.0,0.0,0.0,0.5370370370370371
60.0,14.5,89.0,54,0.0,0.0,120.70372242880397,369.69256360935515,0.054932574902407195,0.5,0.0,0.5,0.0,0.0,0.0,0.3333333333333333
60.0,15.0,90.0,54,0.0,0.0,122.15560981768635,369.42708124775106,0.053654104509367896,0.5,0.0,0.5,0.0,0.0,0.0,0.18518518518518517
60.0,15.5,91.0,54,0.0,0.0,123.35518559504975,368.59955480241916,0.05270912915698605,0.5,0.0,0.5,0.0,0.0,0.0,0.1111111111111111
60.0,16.0,92.0,54,0.0,0.0,124.30715998923574,367.2079021669007,0.052074236850754616,0.5,0.0,0.5,0.0,0.0,0.0,0.05555555555555555
60.0,16.5,93.0,54,0.0,0.0,125.01173546993304,365.24006885136384,0.051732799502950524,0.5,0.0,0.5,0.0,0.0,0.0,0.0
60.0,17.0,94.0,54,0.0,0.0,125.46464420366071,362.674140684631,0.05167413527235618,0.5,0.0,0.5,0.0,0.0,0.0,0.0
60.0,17.5,95.0,54,0.0,0.0,125.65706058963163,359.47819549109516,0.05189289883752779,0.5,0.0,0.5,0.0,0.0,0.0,0.0
60.0,18.0,96.0,54,0.0,0.0,125.57539667380193,355.6099306487197,0.05238864853880554,0.5,0.0,0.5,0.0,0.0,0.0,0.0
60.0,18.5,97.0,54,0.0,0.0,125.20098832340192,351.01610633015497,0.053165546982400974,0.5,0.037037037037037035,0.5,0.0,0.0,0.0,0.0
60.0,19.0,98.0,54,0.0,0.0,124.50968305528816,345.6318560712646,0.05423215425017733,0.5,0.05555555555555555,0.5,0.0,0.0,0.0,0.0
60.0,19.5,99.0,54,0.0,0.0,123.47134781322868,339.37994047317784,0.055601270011716636,0.5,0.16666666666666666,0.5,0.0,0.0,0.0,0.0
60.0,20.0,100.0,54,0.0,0.0,122.04932902277322,332.17006148330444,0.05728977166918878,0.5,0.2222222222222222,0.5,0.0,0.0,0.0,0.0
60.0,20.5,101.0,54,0.0,0.0,120.19992125047347,323.89842124708014,0.05931837858645418,0.5,0.3148148148148148,0.5,0.0,0.0,0.0,0.0
60.0,21.0,102.0,54,0.0,0.0,117.871939520066,314.4478110654978,0.06171124520627944,0.5,0.4444444444444444,0.5,0.0,0.0,0.0,0.0
60.0,21.5,103.0,54,0.0,0.0,115.00655022554263,303.6886651654434,0.06449524572090676,0.5,0.5740740740740741,0.5,0.0,0.0,0.0,0.0
60.0,22.0,104.0,54,0.0,0.0,111.53760456778835,291.4817244526167,0.06769875738715445,0.5,0.6666666666666666,0.5,0.0,0.0,0.0,0.0
60.0,22.5,105.0,54,0.0,0.0,107.39284472605759,277.6832372745158,0.07134967779073736,0.5,0.7407407407407407,0.5,0.0,0.018518518518518517,0.0,0.0
60.0,23.0,106.0,54,0.0,0.0,102.49652140092267,262.10374531428056,0.0754723277105149,0.5,0.8703703703703703,0.5,0.0,0.14814814814814814,0.0,0.0
60.0,23.5,107.0,54,0.0,0.0,96.76873624100067,244.66292833312096,0.08008281146879104,0.5,0.9629629629629629,0.5,0.0,0.2962962962962963,0.0,0.0
60.0,24.0,108.0,54,0.0,0.0,90.11404424528315,225.27182966892005,0.08518236834498652,0.5,1.0,0.5,0.0,0.5555555555555556,0.0,0.07407407407407407
60.0,24.5,109.0,54,0.0,0.0,82.5335860759122,204.147271468436,0.09074832548128783,0.5,1.0,0.5,0.0,0.7222222222222222,0.0,0.12962962962962962
60.0,25.0,110.0,54,0.0,0.0,74.09505675516668,181.33706638375673,0.09672257785658059,0.5,1.0,0.5,0.0,0.9074074074074074,0.0,0.18518518518518517
60.0,25.5,111.0,54,0.0,0.0,64.86434721543284,156.89204339176803,0.10299824298317699,0.5,1.0,0.5,0.0,1.0,0.0,0.2962962962962963
60.0,26.0,112.0,54,0.0,0.0,54.806426331491025,131.2242586148468,0.10940642518520283,0.5,1.0,0.5,0.0,1.0,0.0,0.35185185185185186
60.0,26.5,113.0,54,0.0,0.0,44.23530037118518,105.28237472937242,0.11570686675928979,0.5,1.0,0.5,0.0,1.0,0.0,0.5
60.0,27.0,114.0,54,0.0,0.0,33.52853077070695,101.29558897877942,0.12158820260634529,0.5,1.0,0.5,0.0,1.0,0.0,0.6296296296296297
60.0,27.5,115.0,54,0.0,0.0,22.607628109125333,99.29485207552639,0.12668438265217202,0.5,1.0,0.5,0.0,1.0,0.4444444444444444,0.8518518518518519
60.0,28.0,116.0,54,0.0,0.0,13.26751378337941,97.13229353753877,0.13061177843680177,0.5,1.0,0.5,0.0,1.0,1.0,1.0
60.0,28.5,117.0,54,0.0,0.5,11.910626224785732,95.0237186742227,0.13302518959786605,0.5,1.0,0.6481481481481481,0.5,1.0,1.0,1.0
60.0,29.0,118.0,54,0.0,0.5,11.815325364266508,92.8090216160331,0.13368147805556577,0.5,1.0,0.9074074074074074,0.5,1.0,1.0,1.0
60.0,29.5,119.0,54,0.0,0.5,11.707376729887908,90.51602160157285,0.1324916282235095,0.5,1.0,1.0,0.5,1.0,1.0,1.0
60.0,30.0,120.0,54,0.0,0.5,11.581915530896335,88.10206748173715,0.12954202284903923,0.5,1.0,1.0,0.5,0.9814814814814815,1.0,1.0
60.0,30.5,121.0,54,0.0,0.5,11.43923674931439,85.6318302210851,0.1250761757231234,0.5,1.0,1.0,0.5,0.8703703703703703,0.7037037037037037,0.8703703703703703
60.0,31.0,122.0,54,0.0,0.5,11.279679093257359,83.10952840150296,0.1194439823072464,0.5,1.0,1.0,0.5,0.7777777777777778,0.1111111111111111,0.35185185185185186
60.0,31.5,123.0,54,0.0,0.16666666666666666,11.103626078456848,80.51874200829104,0.11303718218606287,0.5,1.0,1.0,0.16666666666666666,0.5925925925925926,0.0,0.07407407407407407
60.0,32.0,124.0,54,0.0,0.0,11.11916953179595,77.92481113547943,0.1062310366634967,0.5,1.0,1.0,0.0,0.3148148148148148,0.0,0.037037037037037035
60.0,32.5,125.0,54,0.0,0.0,12.387462565547134,96.84303344908795,0.09934479794582848,0.5,1.0,1.0,0.0,0.1111111111111111,0.0,0.0
60.0,33.0,126.0,54,0.0,0.0,16.001103200428073,117.98140932682429,0.0926236874943332,0.5,1.0,1.0,0.0,0.037037037037037035,0.0,0.0
60.0,33.5,127.0,54,0.0,0.0,23.058972814228532,138.42100723804649,0.0862381167998125,0.5,1.0,1.0,0.0,0.0,0.0,0.0
60.0,34.0,128.0,54,0.0,0.0,30.383200294192175,157.69065102092281,0.08029334204694848,0.5,1.0,1.0,0.0,0.0,0.0,0.0
60.0,34.5,129.0,54,0.0,0.0,37.47479562026072,175.50843629683584,0.07484343010033881,0.5,1.0,1.0,0.0,0.0,0.0,0.0
60.0,35.0,130.0,54,0.0,0.0,44.20950608377295,191.73467551140075,0.06990541723781081,0.5185185185185185,1.0,1.0,0.0,0.0,0.0,0.0
60.0,35.5,131.0,54,0.0,0.0,50.5131949778861,206.28366396186127,0.06547152502162899,0.5740740740740741,1.0,1.0,0.0,0.0,0.0,0.0
60.0,36.0,132.0,54,0.0,0.0,56.3478696935468,219.32809275152317,0.06151870810315947,0.6666666666666666,0.9814814814814815,1.0,0.0,0.0,0.0,0.0
60.0,36.5,133.0,54,0.0,0.0,61.70031246205019,230.76000784369162,0.058015607021921885,0.7222222222222222,0.8888888888888888,1.0,0.0,0.0,0.0,0.0
60.0,37.0,134.0,54,0.0,0.0,66.57337311255337,241.13983537972223,0.05492732854835919,0.7777777777777778,0.8148148148148148,0.9629629629629629,0.0,0.0,0.0,0.0
60.0,37.5,135.0,54,0.0,0.0,70.97958407721009,250.2215807651296,0.0522185607874249,0.7962962962962963,0.7407407407407407,0.9074074074074074,0.0,0.0,0.0,0.0
60.0,38.0,136.0,54,0.0,0.0,74.93584702795447,257.9870268254953,0.049855486722029704,0.8518518518518519,0.6851851851851852,0.7777777777777778,0.0,0.0,0.0,0.0
60.0,38.5,137.0,54,0.0,0.0,78.47066691495402,264.5800352166522,0.047806870359142245,0.8888888888888888,0.4444444444444444,0.7222222222222222,0.0,0.0,0.0,0.0
60.0,39.0,138.0,54,0.0,0.0,81.58310855354581,270.0902641501891,0.04604459599385864,0.9074074074074074,0.3888888888888889,0.6111111111111112,0.0,0.0,0.0,0.0
60.0,39.5,139.0,54,0.0,0.0,84.41051833953044,274.5867674166754,0.044543860688903494,0.9444444444444444,0.35185185185185186,0.5555555555555556,0.0,0.0,0.0,0.018518518518518517
60.0,40.0,140.0,54,0.0,0.0,86.93420496930369,278.1285125713961,0.043283157434110237,0.9629629629629629,0.16666666666666666,0.5,0.0,0.0,0.0,0.09259259259259259
60.5,10.0,80.5,54,0.0,0.0,96.26787910323921,347.37598017266606,0.07891078626172057,0.5,0.0,0.5,0.0,0.3333333333333333,0.8333333333333334,0.5
60.5,10.5,81.5,54,0.0,0.0,100.58247379742863,352.8737950720348,0.07237228130537063,0.5,0.0,0.5,0.0,0.3148148148148148,0.8703703703703703,0.6666666666666666
60.5,11.0,82.5,54,0.0,0.0,104.40266136670489,357.5079390735304,0.06692761647155632,0.5,0.0,0.5,0.0,0.16666666666666666,0.7222222222222222,0.9444444444444444
60.5,11.5,83.5,54,0.0,0.0,107.78772700604996,361.9271127587319,0.062381699010093196,0.5,0.0,0.5,0.0,0.07407407407407407,0.4444444444444444,1.0
60.5,12.0,84.5,54,0.0,0.0,110.78646335400983,365.4591921085972,0.05858211085945897,0.5,0.0,0.5,0.0,0.0,0.3148148148148148,1.0
60.5,12.5,85.5,54,0.0,0.0,113.43871349884913,368.2060946097064,0.0554092674697656,0.5,0.0,0.5,0.0,0.0,0.1111111111111111,1.0
60.5,13.0,86.5,54,0.0,0.0,115.81632471234055,370.2466161915686,0.05276901634838497,0.5,0.0,0.5,0.0,0.0,0.0,0.9444444444444444
60.5,13.5,87.5,54,0.0,0.0,118.07596135477368,371.6404651671444,0.05058707457950701,0.5,0.0,0.5,0.0,0.0,0.0,0.7407407407407407
60.5,14.0,88.5,54,0.0,0.0,120.0440361454778,372.4313263715965,0.04880484326306419,0.5,0.0,0.5,0.0,0.0,0.0,0.5
60.5,14.5,89.5,54,0.0,0.0,121.7402658938866,372.649146574755,0.04737625228674075,0.5,0.0,0.5,0.0,0.0,0.0,0.2777777777777778
60.5,15.0,90.5,54,0.0,0.0,123.17887809502251,372.31179358371753,0.0462653786437447,0.5,0.0,0.5,0.0,0.0,0.0,0.16666666666666666
60.5,15.5,91.5,54,0.0,0.0,124.36910678420509,371.4262066858862,0.04544464900590403,0.5,0.0,0.5,0.0,0.0,0.0,0.12962962962962962
60.5,16.0,92.5,54,0.0,0.0,125.31551741804256,369.98912742145103,0.04489348706465993,0.5,0.0,0.5,0.0,0.0,0.0,0.07407407407407407
60.5,16.5,93.5,54,0.0,0.0,126.01817954091086,367.9874773412251,0.04459730246738661,0.5,0.0,0.5,0.0,0.0,0.0,0.018518518518518517
60.5,17.0,94.5,54,0.0,0.0,126.47270111637134,365.3984330515616,0.04454674434424438,0.5,0.0,0.5,0.0,0.0,0.0,0.0
60.5,17.5,95.5,54,0.0,0.0,126.67013453676454,362.18923823822547,0.04473716089243786,0.5,0.0,0.5,0.0,0.0,0.0,0.0
60.5,18.0,96.5,54,0.0,0.0,126.5967619191217,358.3167877247224,0.04516821892439096,0.5,0.0,0.5,0.0,0.0,0.0,0.0
60.5,18.5,97.5,54,0.0,0.0,126.23376692890825,353.72702092893326,0.04584364468120366,0.5,0.037037037037037035,0.5,0.0,0.0,0.0,0.0
60.5,19.0,98.5,54,0.0,0.0,125.55680294726007,348.35417332876466,0.04677104994661925,0.5,0.05555555555555555,0.5,0.0,0.0,0.0,0.0
60.5,19.5,99.5,54,0.0,0.0,124.53547435457244,342.11995811314443,0.04796180537509749,0.5,0.16666666666666666,0.5,0.0,0.0,0.0,0.0
60.5,20.0,100.5,54,0.0,0.0,123.1327612940156,334.93279132199154,0.04943091518027178,0.5,0.2222222222222222,0.5,0.0,0.0,0.0,0.0
60.5,20.5,101.5,54,0.0,0.0,121.30444189582326,326.6872401101812,0.05119683249311449,0.5,0.3148148148148148,0.5,0.0,0.0,0.0,0.0
60.5,21.0,102.5,54,0.0,0.0,118.99860449802519,317.2639758231867,0.05328113072968127,0.5,0.4444444444444444,0.5,0.0,0.0,0.0,0.0
60.5,21.5,103.5,54,0.0,0.0,116.15540262385365,306.5306647559742,0.05570791064841327,0.5,0.5555555555555556,0.5,0.0,0.0,0.0,0.0
60.5,22.0,104.5,54,0.0,0.0,112.70729585292007,294.34444475681755,0.058502772901997055,0.5,0.5925925925925926,0.5,0.0,0.0,0.0,0.0
60.5,22.5,105.5,54,0.0,0.0,108.58014936700759,280.5089350093877,0.061691120662438106,0.5,0.7037037037037037,0.5,0.0,0.09259259259259259,0.0,0.0
60.5,23.0,106.5,54,0.0,0.0,103.69574011079784,264.97917984843446,0.06529547950768592,0.5,0.7962962962962963,0.5,0.0,0.2037037037037037,0.0,0.0
60.5,23.5,107.5,54,0.0,0.0,97.95810709286472,247.52302221515944,0.06933144533777486,0.5,0.8888888888888888,0.5,0.0,0.42592592592592593,0.0,0.07407407407407407
60.5,24.0,108.5,54,0.0,0.0,91.32180866065703,228.171379961664,0.07380182822217551,0.5,0.9814814814814815,0.5,0.0,0.6666666666666666,0.0,0.12962962962962962
60.5,24.5,109.5,54,0.0,0.0,83.74084924738885,207.08345911010815,0.07868861630049402,0.5,1.0,0.5,0.0,0.7222222222222222,0.0,0.16666666666666666
60.5,25.0,110.5,54,0.0,0.0,75.33678224945986,184.12198068386172,0.08394265106233323,0.5,1.0,0.5,0.0,0.9074074074074074,0.0,0.25925925925925924
60.5,25.5,111.5,54,0.0,0.0,66.00390936339402,159.37068037092214,0.08947154076775538,0.5,1.0,0.5,0.0,1.0,0.0,0.3333333333333333
60.5,26.0,112.5,54,0.0,0.0,55.79475349324569,133.44585268880388,0.0951274974853929,0.5,1.0,0.5,0.0,1.0,0.0,0.42592592592592593
60.5,26.5,113.5,54,0.0,0.0,45.09557469073571,126.30509432847393,0.10069847578978743,0.5,1.0,0.5,0.0,1.0,0.0,0.5555555555555556
60.5,27.0,114.5,54,0.0,0.0,34.2097422798287,123.92739633304133,0.10590782086167427,0.5,1.0,0.5,0.0,1.0,0.0,0.6851851851851852
60.5,27.5,115.5,54,0.0,0.0,23.134581948893743,121.34358548749017,0.11042851748650893,0.5,1.0,0.5,0.0,1.0,0.4444444444444444,0.8518518518518519
60.5,28.0,116.5,54,0.0,0.0,15.960302295155081,118.66750440686947,0.11391637380547343,0.5,1.0,0.5,0.0,1.0,1.0,1.0
60.5,28.5,117.5,54,0.0,0.5,15.825049461546524,116.06507991820445,0.11606073651463283,0.5,1.0,0.5740740740740741,0.5,1.0,1.0,1.0
60.5,29.0,118.5,54,0.0,0.5,15.684979277978346,113.32670161197038,0.11664251748977449,0.5,1.0,0.8148148148148148,0.5,1.0,1.0,1.0
60.5,29.5,119.5,54,0.0,0.5,15.502903359308508,110.50811224920184,0.11558182447835316,0.5,1.0,0.9814814814814815,0.5,0.9074074074074074,1.0,1.0
60.5,30.0,120.5,54,0.0,0.5,15.337845702514723,107.60280816816584,0.11295736698680937,0.5,1.0,1.0,0.5,0.8333333333333334,1.0,1.0
60.5,30.5,121.5,54,0.0,0.5,15.1463686614145,104.55221904570577,0.1089895255254323,0.5,1.0,1.0,0.5,0.7777777777777778,0.6296296296296297,0.7407407407407407
60.5,31.0,122.5,54,0.0,0.5,14.932827658096825,101.43806240263713,0.10399373344261009,0.5,1.0,1.0,0.5,0.6851851851851852,0.1111111111111111,0.3148148148148148
60.5,31.5,123.5,54,0.0,0.16666666666666666,14.697647287227518,98.2655223996026,0.09832158065017348,0.5,1.0,1.0,0.16666666666666666,0.46296296296296297,0.0,0.1111111111111111
60.5,32.0,124.5,54,0.0,0.0,14.441313278924584,95.04002958964226,0.09230807385515015,0.5,1.0,1.0,0.0,0.25925925925925924,0.0,0.05555555555555555
60.5,32.5,125.5,54,0.0,0.0,14.498225640130709,98.40005550532497,0.08623641027506801,0.5,1.0,1.0,0.0,0.07407407407407407,0.0,0.018518518518518517
60.5,33.0,126.5,54,0.0,0.0,17.337888641794912,119.74194183521911,0.08032245010462694,0.5,1.0,1.0,0.0,0.0,0.0,0.0
60.5,33.5,127.5,54,0.0,0.0,23.63183001644114,140.33701963056018,0.07471472949507522,0.5,1.0,1.0,0.0,0.0,0.0,0.0
60.5,34.0,128.5,54,0.0,0.0,30.856185674005502,159.71686333627744,0.06950367960026722,0.5,1.0,1.0,0.0,0.0,0.0,0.0
60.5,34.5,129.5,54,0.0,0.0,38.00284527189896,177.60559212965086,0.06473447963654676,0.5,1.0,1.0,0.0,0.0,0.0,0.0
60.5,35.0,130.5,54,0.0,0.0,44.77961570511119,193.87075872004888,0.06041987281695492,0.5,1.0,1.0,0.0,0.0,0.0,0.0
60.5,35.5,131.5,54,0.0,0.0,51.11433383842231,208.45914433165223,0.05655109534369812,0.5,0.9814814814814815,1.0,0.0,0.0,0.0,0.0
60.5,36.0,132.5,54,0.0,0.0,56.97107026370535,221.53579482503056,0.053106334708074736,0.5,0.8888888888888888,1.0,0.0,0.0,0.0,0.0
60.5,36.5,133.5,54,0.0,0.0,62.33853317552322,232.90452188260568,0.05005683256272347,0.5,0.8148148148148148,1.0,0.0,0.0,0.0,0.0
60.5,37.0,134.5,54,0.0,0.0,67.22125653051377,243.04888575852618,0.047371041393247416,0.5,0.7222222222222222,0.9629629629629629,0.0,0.0,0.0,0.0
60.5,37.5,135.5,54,0.0,0.0,71.63318449048042,252.11495058470913,0.04501730479705503,0.5185185185185185,0.6666666666666666,0.8703703703703703,0.0,0.0,0.0,0.0
60.5,38.0,136.5,54,0.0,0.0,75.5931530871404,259.86856569250136,0.04296548220888525,0.5740740740740741,0.6111111111111112,0.7777777777777778,0.0,0.0,0.0,0.0
60.5,38.5,137.5,54,0.0,0.0,79.12314864643182,266.4284546399377,0.041187853172426375,0.6296296296296297,0.37037037037037035,0.6666666666666666,0.0,0.0,0.0,0.0
60.5,39.0,138.5,54,0.0,0.0,82.2531552234882,271.9058593252513,0.03965954980271008,0.6851851851851852,0.35185185185185186,0.5740740740740741,0.0,0.0,0.0,0.037037037037037035
60.5,39.5,139.5,54,0.0,0.0,84.9938698148944,276.37078696873806,0.03835869323433562,0.7407407407407407,0.18518518518518517,0.5370370370370371,0.0,0.0,0.0,0.09259259259259259
60.5,40.0,140.5,54,0.0,0.0,87.52912933820227,279.8828583554561,0.03726635383460787,0.8148148148148148,0.16666666666666666,0.5,0.0,0.0,0.0,0.16666666666666666
61.0,10.0,81.0,54,0.0,0.0,97.56935995419418,351.68253950497365,0.0686595820415099,0.5,0.0,0.5,0.0,0.3333333333333333,0.8333333333333334,0.5
61.0,10.5,82.0,54,0.0,0.0,101.83713811329005,356.92230825757173,0.06291156556267126,0.5,0.0,0.5,0.0,0.25925925925925924,0.8518518518518519,0.7222222222222222
61.0,11.0,83.0,54,0.0,0.0,105.61388095443068,361.2042638524239,0.058133560267462935,0.5,0.0,0.5,0.0,0.09259259259259259,0.6851851851851852,1.0
61.0,11.5,84.0,54,0.0,0.0,108.95949554783671,365.10730977621483,0.05415009433242335,0.5,0.0,0.5,0.0,0.037037037037037035,0.4444444444444444,1.0
61.0,12.0,85.0,54,0.0,0.0,111.92304989339902,368.4733939846998,0.05082468483382804,0.5,0.0,0.5,0.0,0.0,0.2962962962962963,1.0
61.0,12.5,86.0,54,0.0,0.0,114.54445472531442,371.0771511630544,0.048050642984726555,0.5,0.0,0.5,0.0,0.0,0.1111111111111111,1.0
61.0,13.0,87.0,54,0.0,0.0,116.85585029760169,372.9948012175925,0.04574422736544214,0.5,0.0,0.5,0.0,0.0,0.0,0.9444444444444444
61.0,13.5,88.0,54,0.0,0.0,118.98012244688312,374.2838071573803,0.04383953925263254,0.5,0.0,0.5,0.0,0.0,0.0,0.7222222222222222
61.0,14.0,89.0,54,0.0,0.0,120.92946005993751,374.9859198995353,0.042284706534482165,0.5,0.0,0.5,0.0,0.0,0.0,0.4444444444444444
61.0,14.5,90.0,54,0.0,0.0,122.61064029865426,375.12943248564784,0.04103902254050422,0.5,0.0,0.5,0.0,0.0,0.0,0.2037037037037037
61.0,15.0,91.0,54,0.0,0.0,124.03773293915891,374.73080375166523,0.04007079614441187,0.5,0.0,0.5,0.0,0.0,0.0,0.16666666666666666
61.0,15.5,92.0,54,0.0,0.0,125.21982473894225,373.79577278038624,0.03935573559516561,0.5,0.0,0.5,0.0,0.0,0.0,0.14814814814814814
61.0,16.0,93.0,54,0.0,0.0,126.16134769984086,372.320054549643,0.03887573647816854,0.5,0.0,0.5,0.0,0.0,0.0,0.09259259259259259
61.0,16.5,94.0,54,0.0,0.0,126.86225145516904,370.28968353836797,0.038617978732623855,0.5,0.0,0.5,0.0,0.0,0.0,0.05555555555555555
61.0,17.0,95.0,54,0.0,0.0,127.31803441442558,367.68105488533644,0.03857426230480584,0.5,0.0,0.5,0.0,0.0,0.0,0.0
61.0,17.5,96.0,54,0.0,0.0,127.5196439006949,364.4607015181191,0.038740528325974764,0.5,0.0,0.5,0.0,0.0,0.0,0.0
61.0,18.0,97.0,54,0.0,0.0,127.45325268874194,360.5848405656978,0.03911652435639325,0.5,0.0,0.5,0.0,0.0,0.0,0.0
61.0,18.5,98.0,54,0.0,0.0,127.09991861001933,355.99872421958827,0.03970557923926221,0.5,0.05555555555555555,0.5,0.0,0.0,0.0,0.0
61.0,19.0,99.0,54,0.0,0.0,126.43513609645237,350.63584096960426,0.04051445588103253,0.5,0.05555555555555555,0.5,0.0,0.0,0.0,0.0
61.0,19.5,100.0,54,0.0,0.0,125.42829511011936,344.4170361986069,0.04155324869242326,0.5,0.14814814814814814,0.5,0.0,0.0,0.0,0.0
61.0,20.0,101.0,54,0.0,0.0,124.042076107047,337.2496617860063,0.042835285808378684,0.5,0.2222222222222222,0.5,0.0,0.0,0.0,0.0
61.0,20.5,102.0,54,0.0,0.0,122.23183295079886,329.0269304615336,0.04437698328629627,0.5,0.35185185185185186,0.5,0.0,0.0,0.0,0.0
61.0,21.0,103.0,54,0.0,0.0,119.94505405719683,319.6277530426208,0.046197577386366546,0.5,0.42592592592592593,0.5,0.0,0.0,0.0,0.0
61.0,21.5,104.0,54,0.0,0.0,117.12105249604458,308.91748943961176,0.04831862939301722,0.5,0.5555555555555556,0.5,0.0,0.0,0.0,0.0
61.0,22.0,105.0,54,0.0,0.0,113.69112724193853,296.7228057961364,0.05076315280516584,0.5,0.5555555555555556,0.5,0.0,0.05555555555555555,0.0,0.0
61.0,22.5,106.0,54,0.0,0.0,109.57957015408877,283.00288947568964,0.05355415376251845,0.5,0.6296296296296297,0.5,0.0,0.16666666666666666,0.0,0.0
61.0,23.0,107.0,54,0.0,0.0,104.68796293528857,267.44410681778976,0.056712304605124456,0.5,0.7037037037037037,0.5,0.0,0.25925925925925924,0.0,0.07407407407407407
61.0,23.5,108.0,54,0.0,0.0,99.00265988536466,249.86357935035514,0.060252398476419985,0.5,0.8518518518518519,0.5,0.0,0.5555555555555556,0.0,0.12962962962962962
61.0,24.0,109.0,54,0.0,0.0,92.31496175649588,230.7184503237758,0.06417818816916993,0.5,0.9629629629629629,0.5,0.0,0.6666666666666666,0.0,0.16666666666666666
61.0,24.5,110.0,54,0.0,0.0,84.8020906056386,209.63243513989437,0.06847525312805416,0.5,1.0,0.5,0.0,0.7222222222222222,0.0,0.24074074074074073
61.0,25.0,111.0,54,0.0,0.0,76.39481539905518,186.44017089877542,0.07310176580226305,0.5,1.0,0.5,0.0,0.8888888888888888,0.0,0.3148148148148148
61.0,25.5,112.0,54,0.0,0.0,66.93877788808014,161.46201387633704,0.07797758756885655,0.5,1.0,0.5,0.0,1.0,0.0,0.37037037037037035
61.0,26.0,113.0,54,0.0,0.0,56.65150442228219,151.7248986233996,0.08297316402278423,0.5,1.0,0.5,0.0,1.0,0.0,0.5
61.0,26.5,114.0,54,0.0,0.0,45.82813618740667,149.00699939754267,0.08790123420140554,0.5,1.0,0.5,0.0,1.0,0.0,0.6111111111111112
61.0,27.0,115.0,54,0.0,0.0,34.79270179927661,146.09829849816654,0.0925160750911036,0.5,1.0,0.5,0.0,1.0,0.018518518518518517,0.7037037037037037
61.0,27.5,116.0,54,0.0,0.0,23.659764272818013,143.02947234855296,0.09652588990313987,0.5,1.0,0.5,0.0,1.0,0.4444444444444444,0.8703703703703703
61.0,28.0,117.0,54,0.0,0.0,19.97887868748112,139.8552291912462,0.0996224389389369,0.5,1.0,0.5,0.0,1.0,1.0,1.0
61.0,28.5,118.0,54,0.0,0.5,19.798945322887914,136.76013659856764,0.10152681189220342,0.5,1.0,0.5555555555555556,0.5,0.9444444444444444,1.0,1.0
61.0,29.0,119.0,54,0.0,0.5,19.631731846054205,133.513121340149,0.10204210929588475,0.5,1.0,0.7222222222222222,0.5,0.8333333333333334,1.0,1.0
61.0,29.5,120.0,54,0.0,0.5,19.39992338988016,130.172451769484,0.10109680348213651,0.5,1.0,0.9629629629629629,0.5,0.8333333333333334,1.0,1.0
61.0,30.0,121.0,54,0.0,0.5,19.13857506632905,126.74291332901147,0.09876235125362336,0.5,1.0,1.0,0.5,0.7592592592592593,1.0,0.9074074074074074
61.0,30.5,122.0,54,0.0,0.5,18.887307486977694,123.20672394805558,0.09523760052702827,0.5,1.0,1.0,0.5,0.6851851851851852,0.5925925925925926,0.6851851851851852
61.0,31.0,123.0,54,0.0,0.5,18.63452279769648,119.5161303943782,0.09080619742019527,0.5,1.0,1.0,0.5,0.6111111111111112,0.1111111111111111,0.2777777777777778
61.0,31.5,124.0,54,0.0,0.16666666666666666,18.341789370847145,115.75598939799755,0.08578308354968328,0.5,1.0,1.0,0.16666666666666666,0.3888888888888889,0.0,0.12962962962962962
61.0,32.0,125.0,54,0.0,0.0,18.020551904619758,111.93247204408405,0.08046696550369241,0.5,1.0,1.0,0.0,0.16666666666666666,0.0,0.09259259259259259
61.0,32.5,126.0,54,0.0,0.0,18.094126379257848,108.05207376499014,0.07510897253500035,0.5,1.0,1.0,0.0,0.07407407407407407,0.0,0.05555555555555555
61.0,33.0,127.0,54,0.0,0.0,19.36271968860697,121.25205876161297,0.0698992547490655,0.5,1.0,1.0,0.0,0.0,0.0,0.0
61.0,33.5,128.0,54,0.0,0.0,24.25687594125781,141.976376331239,0.0649675411671186,0.5,1.0,1.0,0.0,0.0,0.0,0.0
61.0,34.0,129.0,54,0.0,0.0,31.26145112798077,161.44658976699483,0.060391814757904186,0.5,1.0,1.0,0.0,0.0,0.0,0.0
61.0,34.5,130.0,54,0.0,0.0,38.45407126771544,179.3922572130495,0.05621005929881795,0.5,1.0,1.0,0.0,0.0,0.0,0.0
61.0,35.0,131.0,54,0.0,0.0,45.26567921779906,195.68730294572285,0.052431813079525456,0.5,1.0,1.0,0.0,0.0,0.0,0.0
61.0,35.5,132.0,54,0.0,0.0,51.625860872652616,210.30497269545523,0.04904792565716566,0.5,0.9259259259259259,1.0,0.0,0.0,0.0,0.0
61.0,36.0,133.0,54,0.0,0.0,57.50048583956782,223.32236998412912,0.04603804638933276,0.5,0.8333333333333334,1.0,0.0,0.0,0.0,0.0
61.0,36.5,134.0,54,0.0,0.0,62.87992440272556,234.80631469396448,0.043375985369773606,0.5,0.7407407407407407,1.0,0.0,0.0,0.0,0.0
61.0,37.0,135.0,54,0.0,0.0,67.77015276307313,244.66640424769818,0.04103333538716404,0.5,0.6666666666666666,0.9444444444444444,0.0,0.0,0.0,0.0
61.0,37.5,136.0,54,0.0,0.0,72.18631650118651,253.7637681680097,0.038981786113338114,0.5,0.6111111111111112,0.8333333333333334,0.0,0.0,0.0,0.0
61.0,38.0,137.0,54,0.0,0.0,76.14822424222731,261.4297870778025,0.0371945105228312,0.5,0.5185185185185185,0.7222222222222222,0.0,0.0,0.0,0.0
61.0,38.5,138.0,54,0.0,0.0,79.6679602774886,267.97830909599924,0.035646922832664754,0.5,0.35185185185185186,0.6481481481481481,0.0,0.0,0.0,0.037037037037037035
61.0,39.0,139.0,54,0.0,0.0,82.83534316214872,273.4271511295804,0.0343170281338725,0.5185185185185185,0.3333333333333333,0.5555555555555556,0.0,0.0,0.0,0.09259259259259259
61.0,39.5,140.0,54,0.0,0.0,85.51491001685578,277.8647146058476,0.03318551822210825,0.5555555555555556,0.16666666666666666,0.5185185185185185,0.0,0.0,0.0,0.16666666666666666
61.0,40.0,141.0,54,0.0,0.0,88.03715362833232,281.3511472771526,0.032235718170041415,0.5925925925925926,0.16666666666666666,0.5,0.0,0.0,0.0,0.16666666666666666
61.5,10.0,81.5,54,0.0,0.0,98.67131671345186,355.3236656569394,0.05999601724686426,0.5,0.0,0.5,0.0,0.3333333333333333,0.8148148148148148,0.5
61.5,10.5,82.5,54,0.0,0.0,102.89742982818211,360.33908107532835,0.05492993105654827,0.5,0.0,0.5,0.0,0.2222222222222222,0.7962962962962963,0.7777777777777778
61.5,11.0,83.5,54,0.0,0.0,106.63581314923142,364.42576415426,0.050725021213122154,0.5,0.0,0.5,0.0,0.07407407407407407,0.6666666666666666,1.0
61.5,11.5,84.5,54,0.0,0.0,109.94679838201932,367.784912239542,0.04722367100241213,0.5,0.0,0.5,0.0,0.018518518518518517,0.42592592592592593,1.0
61.5,12.0,85.5,54,0.0,0.0,112.87960685257657,371.00857592186264,0.04430373831886431,0.5,0.0,0.5,0.0,0.0,0.2777777777777778,1.0
61.5,12.5,86.5,54,0.0,0.0,115.47414472068033,373.4898090612404,0.041870037609516055,0.5,0.0,0.5,0.0,0.0,0.1111111111111111,1.0
61.5,13.0,87.5,54,0.0,0.0,117.76246058257621,375.3024953783194,0.03984804803897129,0.5,0.0,0.5,0.0,0.0,0.0,0.9444444444444444
61.5,13.5,88.5,54,0.0,0.0,119.76990340117271,376.5020853241624,0.038179253011381135,0.5,0.0,0.5,0.0,0.0,0.0,0.6481481481481481
61.5,14.0,89.5,54,0.0,0.0,121.67277838950753,377.1286121327882,0.03681767471121401,0.5,0.0,0.5,0.0,0.0,0.0,0.2962962962962963
61.5,14.5,90.5,54,0.0,0.0,123.3409924501916,377.2089109331695,0.03572728733639639,0.5,0.0,0.5,0.0,0.0,0.0,0.2037037037037037
61.5,15.0,91.5,54,0.0,0.0,124.75815193810868,376.7582063222838,0.034880080655527244,0.5,0.0,0.5,0.0,0.0,0.0,0.16666666666666666
61.5,15.5,92.5,54,0.0,0.0,125.93320830549939,375.78119207489436,0.034254608977959074,0.5,0.0,0.5,0.0,0.0,0.0,0.16666666666666666
61.5,16.0,93.5,54,0.0,0.0,126.87047299447309,374.272694075615,0.03383490606474382,0.5,0.0,0.5,0.0,0.0,0.0,0.12962962962962962
61.5,16.5,94.5,54,0.0,0.0,127.56978901276997,372.2179829576252,0.033609678908763894,0.5,0.0,0.5,0.0,0.0,0.0,0.09259259259259259
61.5,17.0,95.5,54,0.0,0.0,128.02655899113336,369.5927851898035,0.0335717162854467,0.5,0.0,0.5,0.0,0.0,0.0,0.05555555555555555
61.5,17.5,96.5,54,0.0,0.0,128.23164010647372,366.36302977471354,0.03371746403433074,0.5,0.0,0.5,0.0,0.0,0.0,0.0
61.5,18.0,97.5,54,0.0,0.0,128.1711130803584,362.48436227087717,0.034046729837861806,0.5,0.0,0.5,0.0,0.0,0.0,0.0
61.5,18.5,98.5,54,0.0,0.0,127.82593140934524,357.90145934970855,0.034562486809295856,0.5,0.05555555555555555,0.5,0.0,0.0,0.0,0.0
61.5,19.0,99.5,54,0.0,0.0,127.17145887939937,352.54718746371765,0.0352707479205124,0.5,0.05555555555555555,0.5,0.0,0.0,0.0,0.0
61.5,19.5,100.5,54,0.0,0.0,126.17690966584163,346.3416718299617,0.03618048211797074,0.5,0.18518518518518517,0.5,0.0,0.0,0.0,0.0
61.5,20.0,101.5,54,0.0,0.0,124.80471818228564,339.1913821903451,0.0373035373046294,0.5,0.2222222222222222,0.5,0.0,0.0,0.0,0.0
61.5,20.5,102.5,54,0.0,0.0,123.00988879504413,330.9884076603337,0.03865452407729242,0.5,0.37037037037037035,0.5,0.0,0.0,0.0,0.0
61.5,21.0,103.5,54,0.0,0.0,120.73941369433086,321.6101955888783,0.04025059550707025,0.5,0.4444444444444444,0.5,0.0,0.0,0.0,0.0
61.5,21.5,104.5,54,0.0,0.0,117.93190779766567,310.9201833354734,0.042111030152416504,0.5,0.5370370370370371,0.5,0.0,0.05555555555555555,0.0,0.0
61.5,22.0,105.5,54,0.0,0.0,114.51770188490751,298.7838298843005,0.04425648558904414,0.5,0.5555555555555556,0.5,0.0,0.1111111111111111,0.0,0.0
61.5,22.5,106.5,54,0.0,0.0,110.41976979792248,285.10406196435855,0.046707736585987585,0.5,0.6111111111111112,0.5,0.0,0.2037037037037037,0.0,0.037037037037037035
61.5,23.0,107.5,54,0.0,0.0,105.57434041590841,269.447099139776,0.04948364732754612,0.5,0.6851851851851852,0.5,0.0,0.4074074074074074,0.0,0.12962962962962962
61.5,23.5,108.5,54,0.0,0.0,99.87602781013965,251.99145123981359,0.05259806003184002,0.5,0.7962962962962963,0.5,0.0,0.6481481481481481,0.0,0.16666666666666666
61.5,24.0,109.5,54,0.0,0.0,93.17587077972738,232.98920636381715,0.05605523758492242,0.5,0.8888888888888888,0.5,0.0,0.6666666666666666,0.0,0.2037037037037037
61.5,24.5,110.5,54,0.0,0.0,85.75883131089674,211.74779481707293,0.059843526993967014,0.5,0.9814814814814815,0.5,0.0,0.7222222222222222,0.0,0.2962962962962963
61.5,25.0,111.5,54,0.0,0.0,77.26884995384374,188.36340431935398,0.06392710472746053,0.5,1.0,0.5,0.0,0.8888888888888888,0.0,0.3333333333333333
61.5,25.5,112.5,54,0.0,0.0,67.73178597912042,176.85437346214687,0.06823615753218285,0.5,1.0,0.5,0.0,1.0,0.0,0.42592592592592593
61.5,26.0,113.5,54,0.0,0.0,57.393401446196236,173.85379451244154,0.07265678383307442,0.5,1.0,0.5,0.0,1.0,0.0,0.5185185185185185
61.5,26.5,114.5,54,0.0,0.0,46.452571192317045,170.72283803237164,0.07702330515722831,0.5,1.0,0.5,0.0,1.0,0.0,0.6666666666666666
61.5,27.0,115.5,54,0.0,0.0,35.29111996669146,167.32353867951102,0.08111725672722181,0.5,1.0,0.5,0.0,1.0,0.07407407407407407,0.7037037037037037
61.5,27.5,116.5,54,0.0,0.0,24.20147389142819,163.8009336325466,0.08467819444171244,0.5,1.0,0.5,0.0,0.9444444444444444,0.4444444444444444,0.8703703703703703
61.5,28.0,117.5,54,0.0,0.0,23.920694521840783,160.1590728051928,0.08743015502522004,0.5,1.0,0.5,0.0,0.8703703703703703,1.0,1.0
61.5,28.5,118.5,54,0.0,0.5,23.69450568650928,156.5582310013315,0.08912290475362665,0.5,1.0,0.5185185185185185,0.5,0.8333333333333334,1.0,1.0
61.5,29.0,119.5,54,0.0,0.5,23.49101186739809,152.86099674871264,0.08957965124784358,0.5,1.0,0.6481481481481481,0.5,0.8333333333333334,1.0,1.0
61.5,29.5,120.5,54,0.0,0.5,23.232263386452313,149.02902868279827,0.08873640124096602,0.5,1.0,0.8703703703703703,0.5,0.7592592592592593,1.0,1.0
61.5,30.0,121.5,54,0.0,0.5,22.913881122054466,145.09550038465903,0.0866579004472396,0.5,1.0,1.0,0.5,0.6666666666666666,1.0,0.8518518518518519
61.5,30.5,122.5,54,0.0,0.5,22.57451973003532,141.0658547242266,0.08352333237514785,0.5,1.0,1.0,0.5,0.6666666666666666,0.5370370370370371,0.6111111111111112
61.5,31.0,123.5,54,0.0,0.5,22.2373874455473,136.89523255201385,0.07958753265986616,0.5,1.0,1.0,0.5,0.5185185185185185,0.1111111111111111,0.24074074074074073
61.5,31.5,124.5,54,0.0,0.16666666666666666,21.90200135909416,132.57953205023708,0.07513251186493598,0.5,1.0,1.0,0.16666666666666666,0.2777777777777778,0.0,0.16666666666666666
61.5,32.0,125.5,54,0.0,0.0,21.535067073520256,128.1896597551915,0.07042468477699673,0.5,1.0,1.0,0.0,0.09259259259259259,0.0,0.1111111111111111
61.5,32.5,126.5,54,0.0,0.0,21.127526104623147,123.73280723435693,0.06568697955455467,0.5,1.0,1.0,0.0,0.037037037037037035,0.0,0.07407407407407407
61.5,33.0,127.5,54,0.0,0.0,21.639644580462658,123.63167418432391,0.06108723196388638,0.5,1.0,1.0,0.0,0.0,0.0,0.05555555555555555
61.5,33.5,128.5,54,0.0,0.0,25.185577311422364,143.3794597673544,0.05673910259054626,0.5,1.0,1.0,0.0,0.0,0.0,0.0
61.5,34.0,129.5,54,0.0,0.0,32.04222671484228,162.92408004795269,0.05271015817453034,0.5,1.0,1.0,0.0,0.0,0.0,0.0
61.5,34.5,130.5,54,0.0,0.0,38.83989791627436,180.91567830812303,0.04903256172075204,0.5,1.0,1.0,0.0,0.0,0.0,0.0
61.5,35.0,131.5,54,0.0,0.0,45.68046251484333,197.23375862174854,0.04571346837157863,0.5,0.9444444444444444,1.0,0.0,0.0,0.0,0.0
61.5,35.5,132.5,54,0.0,0.0,52.06162994876294,211.85695239785483,0.04274373277360655,0.5,0.8333333333333334,1.0,0.0,0.0,0.0,0.0
61.5,36.0,133.5,54,0.0,0.0,57.95083330847983,224.82279007249204,0.04010454543660601,0.5,0.7592592592592593,1.0,0.0,0.0,0.0,0.0
61.5,36.5,134.5,54,0.0,0.0,63.33987478817271,236.40492393955205,0.037772152058992085,0.5,0.6666666666666666,0.9629629629629629,0.0,0.0,0.0,0.0
61.5,37.0,135.5,54,0.0,0.0,68.23596495572801,246.1547391309209,0.03572102003321416,0.5,0.6111111111111112,0.9074074074074074,0.0,0.0,0.0,0.0
61.5,37.5,136.5,54,0.0,0.0,72.6552721169631,255.0986710783312,0.033925845654865734,0.5,0.5370370370370371,0.8333333333333334,0.0,0.0,0.0,0.0
61.5,38.0,137.5,54,0.0,0.0,76.61842896837983,262.7893552358089,0.032362744264343025,0.5,0.4444444444444444,0.6851851851851852,0.0,0.0,0.0,0.018518518518518517
61.5,38.5,138.5,54,0.0,0.0,80.14748896074823,269.2773530016921,0.031009890437539735,0.5,0.3333333333333333,0.5925925925925926,0.0,0.0,0.0,0.09259259259259259
61.5,39.0,139.5,54,0.0,0.0,83.30016428558066,274.7014963188639,0.029847803325839917,0.5,0.3148148148148148,0.5555555555555556,0.0,0.0,0.0,0.16666666666666666
61.5,39.5,140.5,54,0.0,0.0,86.0141847495883,279.1154746430165,0.0288594132033942,0.5,0.16666666666666666,0.5,0.0,0.0,0.0,0.16666666666666666
61.5,40.0,141.5,54,0.0,0.0,88.43697787295885,282.5798620558684,0.028030000738935162,0.5,0.16666666666666666,0.5,0.0,0.0,0.0,0.16666666666666666
62.0,10.0,82.0,54,0.0,0.0,99.60235899314804,358.39602807802305,0.05267172678684661,0.5,0.0,0.5,0.0,0.3148148148148148,0.7962962962962963,0.5370370370370371
62.0,10.5,83.0,54,0.0,0.0,103.79182217322222,363.2177436105999,0.04819200213592915,0.5,0.0,0.5,0.0,0.12962962962962962,0.7962962962962963,0.8333333333333334
62.0,11.0,84.0,54,0.0,0.0,107.49667589446108,367.13642458587026,0.04447843434299695,0.5,0.0,0.5,0.0,0.037037037037037035,0.6666666666666666,0.9814814814814815
62.0,11.5,85.0,54,0.0,0.0,110.7775347663259,370.2654400360847,0.04138942928039143,0.5,0.0,0.5,0.0,0.0,0.4074074074074074,1.0
62.0,12.0,86.0,54,0.0,0.0,113.68369085790661,373.1433619252177,0.038815600921836654,0.5,0.0,0.5,0.0,0.0,0.2222222222222222,1.0
62.0,12.5,87.0,54,0.0,0.0,116.25500128030637,375.519914214225,0.03667192362858427,0.5,0.0,0.5,0.0,0.0,0.1111111111111111,1.0
62.0,13.0,88.0,54,0.0,0.0,118.52340263789527,377.24306826486406,0.03489197364808093,0.5,0.0,0.5,0.0,0.0,0.0,0.9259259259259259
62.0,13.5,89.0,54,0.0,0.0,120.51410357437177,378.3664905871401,0.033423686446587234,0.5,0.0,0.5,0.0,0.0,0.0,0.5370370370370371
62.0,14.0,90.0,54,0.0,0.0,122.29775539517439,378.9287027142857,0.03222621577737017,0.5,0.0,0.5,0.0,0.0,0.0,0.25925925925925924
62.0,14.5,91.0,54,0.0,0.0,123.95483048633008,378.9552642235082,0.03126759773406823,0.5,0.0,0.5,0.0,0.0,0.0,0.2037037037037037
62.0,15.0,92.0,54,0.0,0.0,125.3634502995669,378.46032530599234,0.03052300747493479,0.5,0.0,0.5,0.0,0.0,0.0,0.16666666666666666
62.0,15.5,93.0,54,0.0,0.0,126.53244412383766,377.4476739653893,0.029973456409950604,0.5,0.0,0.5,0.0,0.0,0.0,0.16666666666666666
62.0,16.0,94.0,54,0.0,0.0,127.46601588958485,375.9113691003062,0.029604820249439154,0.5,0.0,0.5,0.0,0.0,0.0,0.14814814814814814
62.0,16.5,95.0,54,0.0,0.0,128.16391463894735,373.83602544605964,0.02940711845952683,0.5,0.0,0.5,0.0,0.0,0.0,0.1111111111111111
62.0,17.0,96.0,54,0.0,0.0,128.62145968573094,371.19679820782187,0.02937398692353513,0.5,0.0,0.5,0.0,0.0,0.0,0.05555555555555555
62.0,17.5,97.0,54,0.0,0.0,128.82943094647632,367.9591033562832,0.02950230041274067,0.5,0.0,0.5,0.0,0.0,0.0,0.018518518518518517
62.0,18.0,98.0,54,0.0,0.0,128.77383146287357,364.0781038537113,0.02979191142696858,0.5,0.0,0.5,0.0,0.0,0.0,0.0
62.0,18.5,99.0,54,0.0,0.0,128.43552782396696,359.4979933000064,0.030245478032963888,0.5,0.05555555555555555,0.5,0.0,0.0,0.0,0.0
62.0,19.0,100.0,54,0.0,0.0,127.78977583188262,354.1511185307528,0.030868355938561787,0.5,0.05555555555555555,0.5,0.0,0.0,0.0,0.0
62.0,19.5,101.0,54,0.0,0.0,126.80564472635683,347.9570049642765,0.03166852915396151,0.5,0.14814814814814814,0.5,0.0,0.0,0.0,0.0
62.0,20.0,102.0,54,0.0,0.0,125.44536585203764,340.8213883942778,0.03265654869913901,0.5,0.2222222222222222,0.5,0.0,0.0,0.0,0.0
62.0,20.5,103.0,54,0.0,0.0,123.66365432679656,332.6354225430403,0.03384543891103829,0.5,0.37037037037037035,0.5,0.0,0.0,0.0,0.0
62.0,21.0,104.0,54,0.0,0.0,121.40709026122029,323.2753344422143,0.03525051445410069,0.5,0.4444444444444444,0.5,0.0,0.037037037037037035,0.0,0.0
62.0,21.5,105.0,54,0.0,0.0,118.61370674897833,312.57249017738917,0.0368890261444183,0.5,0.5185185185185185,0.5,0.0,0.1111111111111111,0.0,0.0
62.0,22.0,106.0,54,0.0,0.0,115.2130248524194,300.5944653372172,0.03877951799652137,0.5,0.5555555555555556,0.5,0.0,0.2037037037037037,0.0,0.018518518518518517
62.0,22.5,107.0,54,0.0,0.0,111.11841684849645,286.8445960123953,0.040940730020553345,0.5,0.5555555555555556,0.5,0.0,0.3148148148148148,0.0,0.09259259259259259
62.0,23.0,108.0,54,0.0,0.0,106.3370538606625,271.0898644434343,0.04338982243590346,0.5,0.6481481481481481,0.5,0.0,0.5370370370370371,0.0,0.16666666666666666
62.0,23.5,109.0,54,0.0,0.0,100.57624313586571,253.99922948138757,0.0461396349717998,0.5,0.7592592592592593,0.5,0.0,0.6481481481481481,0.0,0.16666666666666666
62.0,24.0,110.0,54,0.0,0.0,93.96016766178711,234.90996252823282,0.04919465133307757,0.5,0.8518518518518519,0.5,0.0,0.6666666666666666,0.0,0.24074074074074073
62.0,24.5,111.0,54,0.0,0.0,86.5704166908957,213.46614696862423,0.05254535957429511,0.5,0.9629629629629629,0.5,0.0,0.7407407407407407,0.0,0.3333333333333333
62.0,25.0,112.0,54,0.0,0.0,77.98798777971857,201.22022679602694,0.05616086614371442,0.5,1.0,0.5,0.0,0.8888888888888888,0.0,0.37037037037037035
62.0,25.5,113.0,54,0.0,0.0,68.40446493965376,197.99745719547047,0.05998005642325721,0.5,1.0,0.5,0.0,1.0,0.0,0.48148148148148145
62.0,26.0,114.0,54,0.0,0.0,58.01792551952443,194.6309464778325,0.06390242949717079,0.5,1.0,0.5,0.0,0.9629629629629629,0.0,0.5370370370370371
62.0,26.5,115.0,54,0.0,0.0,46.986867323797696,191.08397760869966,0.06778100901043373,0.5,1.0,0.5,0.0,0.9444444444444444,0.0,0.6666666666666666
62.0,27.0,116.0,54,0.0,0.0,35.71938809711415,187.28092315968442,0.07142118663707762,0.5,1.0,0.5,0.0,0.8888888888888888,0.1111111111111111,0.7407407407407407
62.0,27.5,117.0,54,0.0,0.0,27.895544463148745,183.34164131413186,0.07459018934346708,0.5,1.0,0.5,0.0,0.8333333333333334,0.46296296296296297,0.8703703703703703
62.0,28.0,118.0,54,0.0,0.0,27.693831226232874,179.27017359795815,0.07704073663707496,0.5,1.0,0.5,0.0,0.8333333333333334,1.0,1.0
62.0,28.5,119.0,54,0.0,0.5,27.432543670169643,175.15250763368317,0.07854820711407955,0.5,1.0,0.5,0.5,0.8333333333333334,1.0,1.0
62.0,29.0,120.0,54,0.0,0.5,27.189085726578178,171.0774837628006,0.07895380880242742,0.5,1.0,0.5740740740740741,0.5,0.7592592592592593,1.0,1.0
62.0,29.5,121.0,54,0.0,0.5,26.9020808325126,166.79277482236918,0.0782002551365197,0.5,1.0,0.7592592592592593,0.5,0.6666666666666666,1.0,0.8703703703703703
62.0,30.0,122.0,54,0.0,0.5,26.547881321435177,162.39430174503562,0.0763461737763745,0.5,1.0,0.9629629629629629,0.5,0.6666666666666666,1.0,0.8333333333333334
62.0,30.5,123.0,54,0.0,0.5,26.142427432976454,157.88773773272973,0.07355302365305097,0.5,1.0,1.0,0.5,0.6296296296296297,0.48148148148148145,0.5555555555555556
62.0,31.0,124.0,54,0.0,0.42592592592592593,25.728395792428817,153.2791913876566,0.07004983659328302,0.5,1.0,1.0,0.5,0.42592592592592593,0.1111111111111111,0.24074074074074073
62.0,31.5,125.0,54,0.0,0.16666666666666666,25.31018359634157,148.47973013172975,0.0660893398184426,0.5,1.0,1.0,0.16666666666666666,0.18518518518518517,0.0,0.18518518518518517
62.0,32.0,126.0,54,0.0,0.0,24.887930537176587,143.56427892081524,0.06190947277575605,0.5,1.0,1.0,0.0,0.07407407407407407,0.0,0.12962962962962962
62.0,32.5,127.0,54,0.0,0.0,24.430314413007746,138.5714586780355,0.05770853366863257,0.5,1.0,0.9444444444444444,0.0,0.018518518518518517,0.0,0.1111111111111111
62.0,33.0,128.0,54,0.0,0.0,24.564886068544652,133.5095374647582,0.05363508516633439,0.5,1.0,0.9444444444444444,0.0,0.0,0.0,0.037037037037037035
62.0,33.5,129.0,54,0.0,0.0,27.634282963231108,144.5824385934988,0.04978909535844315,0.5,1.0,0.9444444444444444,0.0,0.0,0.0,0.018518518518518517
62.0,34.0,130.0,54,0.0,0.0,32.48569073583749,164.18864317564078,0.046229416011832294,0.5,1.0,0.9074074074074074,0.0,0.0,0.0,0.0
62.0,34.5,131.0,54,0.0,0.0,39.17047203493743,182.217526327238,0.042983489241511644,0.5,0.9814814814814815,0.8888888888888888,0.0,0.0,0.0,0.0
62.0,35.0,132.0,54,0.0,0.0,46.03521751816722,198.55346725106625,0.04005669845186196,0.5,0.8888888888888888,0.9259259259259259,0.0,0.0,0.0,0.0
62.0,35.5,133.0,54,0.0,0.0,52.43377364860926,213.1797560784911,0.037440146750936036,0.5,0.7777777777777778,0.8888888888888888,0.0,0.0,0.0,0.0
62.0,36.0,134.0,54,0.0,0.0,58.33493086499579,226.1373772824579,0.035116550236928334,0.5,0.6851851851851852,0.8888888888888888,0.0,0.0,0.0,0.0
62.0,36.5,135.0,54,0.0,0.0,63.73172525479843,237.664598148951,0.03306440524023407,0.5,0.6111111111111112,0.8333333333333334,0.0,0.0,0.0,0.0
62.0,37.0,136.0,54,0.0,0.0,68.63242506164839,247.58149700262769,0.03126076791285197,0.5,0.5555555555555556,0.7592592592592593,0.0,0.0,0.0,0.0
62.0,37.5,137.0,54,0.0,0.0,73.05407084733719,256.18225319015784,0.029683004154156555,0.5,0.5185185185185185,0.6666666666666666,0.0,0.0,0.0,0.0
62.0,38.0,138.0,54,0.0,0.0,77.01799528589864,263.98004091398826,0.028309817841298608,0.5,0.37037037037037035,0.6111111111111112,0.0,0.0,0.0,0.07407407407407407
62.0,38.5,139.0,54,0.0,0.0,80.5468020465477,270.36820164817044,0.027121795946050704,0.5,0.3333333333333333,0.5185185185185185,0.0,0.0,0.0,0.14814814814814814
62.0,39.0,140.0,54,0.0,0.0,83.68185276967631,275.77104983702685,0.02610164375488443,0.5,0.2037037037037037,0.5185185185185185,0.0,0.0,0.0,0.16666666666666666
62.0,39.5,141.0,54,0.0,0.0,86.45258681433867,280.1647467115028,0.025234230353370024,0.5,0.16666666666666666,0.5,0.0,0.0,0.0,0.16666666666666666
62.0,40.0,142.0,54,0.0,0.0,88.77098725738938,283.6102130123065,0.024506524795522136,0.5,0.16666666666666666,0.5,0.0,0.0,0.0,0.16666666666666666
62.5,10.0,82.5,54,0.0,0.0,100.38912149554228,360.9891001767396,0.04647120304475703,0.5,0.0,0.5,0.0,0.2777777777777778,0.7962962962962963,0.5370370370370371
62.5,10.5,83.5,54,0.0,0.0,104.54657842023462,365.64420906379326,0.04249489135452683,0.5,0.0,0.5,0.0,0.09259259259259259,0.7777777777777778,0.8148148148148148
62.5,11.0,84.5,54,0.0,0.0,108.22230006541855,369.4188056915988,0.039202129392729906,0.5,0.0,0.5,0.0,0.018518518518518517,0.6481481481481481,0.9814814814814815
62.5,11.5,85.5,54,0.0,0.0,111.47708400356363,372.4234067157736,0.03646556242484685,0.5,0.0,0.5,0.0,0.0,0.3888888888888889,1.0
62.5,12.0,86.5,54,0.0,0.0,114.3602389776746,374.94472286534864,0.03418706073964311,0.5,0.0,0.5,0.0,0.0,0.2037037037037037,1.0
62.5,12.5,87.5,54,0.0,0.0,116.91154775132291,377.2318660270268,0.032290512888383346,0.5,0.0,0.5,0.0,0.0,0.1111111111111111,1.0
62.5,13.0,88.5,54,0.0,0.0,119.16282726917758,378.87865198524105,0.030716566243550847,0.5,0.0,0.5,0.0,0.0,0.0,0.9074074074074074
62.5,13.5,89.5,54,0.0,0.0,121.13914860977087,379.9371775468496,0.029418769129538124,0.5,0.0,0.5,0.0,0.0,0.0,0.37037037037037035
62.5,14.0,90.5,54,0.0,0.0,122.85977443359742,380.44464164854224,0.028360725159779346,0.5,0.0,0.5,0.0,0.0,0.0,0.25925925925925924
62.5,14.5,91.5,54,0.0,0.0,124.47200091499539,380.4254931217635,0.027513983314793534,0.5,0.0,0.5,0.0,0.0,0.0,0.2037037037037037
62.5,15.0,92.5,54,0.0,0.0,125.87328624829001,379.89295035686195,0.026856467388974573,0.5,0.0,0.5,0.0,0.0,0.0,0.16666666666666666
62.5,15.5,93.5,54,0.0,0.0,127.03706210493299,378.85001869701415,0.0263713048536606,0.5,0.0,0.5,0.0,0.0,0.0,0.16666666666666666
62.5,16.0,94.5,54,0.0,0.0,127.96743732339738,377.29009666236345,0.026045954857143064,0.5,0.0,0.5,0.0,0.0,0.0,0.16666666666666666
62.5,16.5,95.5,54,0.0,0.0,128.6640785806071,375.19723634695754,0.0258715629796697,0.5,0.0,0.5,0.0,0.0,0.0,0.12962962962962962
62.5,17.0,96.5,54,0.0,0.0,129.12223288816242,372.5461049110973,0.025842489938846528,0.5,0.0,0.5,0.0,0.0,0.0,0.07407407407407407
62.5,17.5,97.5,54,0.0,0.0,129.33261390002326,369.30168203615483,0.02595597503776383,0.5,0.0,0.5,0.0,0.0,0.0,0.018518518518518517
62.5,18.0,98.5,54,0.0,0.0,129.28115887578457,365.4187223193891,0.02621190428873485,0.5,0.0,0.5,0.0,0.0,0.0,0.0
62.5,18.5,99.5,54,0.0,0.0,128.9486616161835,360.84101259121104,0.026612658741282443,0.5,0.05555555555555555,0.5,0.0,0.0,0.0,0.0
62.5,19.0,100.5,54,0.0,0.0,128.31028810368466,355.50046391613535,0.027163021014509486,0.5,0.05555555555555555,0.5,0.0,0.0,0.0,0.0
62.5,19.5,101.5,54,0.0,0.0,127.33498731624375,349.31609999637226,0.0278701173667288,0.5,0.16666666666666666,0.5,0.0,0.0,0.0,0.0
62.5,20.0,102.5,54,0.0,0.0,125.98482199833485,342.19304328609104,0.028743368385297768,0.5,0.2222222222222222,0.5,0.0,0.0,0.0,0.0
62.5,20.5,103.5,54,0.0,0.0,124.21426660271581,334.02166552846944,0.0297944126467447,0.5,0.37037037037037035,0.5,0.0,0.037037037037037035,0.0,0.0
62.5,21.0,104.5,54,0.0,0.0,121.96955743861291,324.6771722669666,0.031036953098130086,0.5,0.4444444444444444,0.5,0.0,0.09259259259259259,0.0,0.0
62.5,21.5,105.5,54,0.0,0.0,119.18824078119222,314.08617246191204,0.032486453620292226,0.5,0.5,0.5,0.0,0.18518518518518517,0.0,0.0
62.5,22.0,106.5,54,0.0,0.0,115.79915824689678,302.11946232595096,0.03415958123902559,0.5,0.5370370370370371,0.5,0.0,0.2222222222222222,0.0,0.07407407407407407
62.5,22.5,107.5,54,0.0,0.0,111.741817801575,288.2180212952381,0.036073246296185836,0.5,0.5555555555555556,0.5,0.0,0.4074074074074074,0.0,0.14814814814814814
62.5,23.0,108.5,54,0.0,0.0,106.96947852989582,272.6117743879634,0.03824303942836719,0.5,0.6296296296296297,0.5,0.0,0.5925925925925926,0.0,0.16666666666666666
62.5,23.5,109.5,54,0.0,0.0,101.15636854425931,255.73081060956787,0.04068080712918103,0.5,0.6851851851851852,0.5,0.0,0.6111111111111112,0.0,0.2037037037037037
62.5,24.0,110.5,54,0.0,0.0,94.70540207578331,236.4226147092853,0.04339106590776512,0.5,0.8148148148148148,0.5,0.0,0.6111111111111112,0.0,0.2962962962962963
62.5,24.5,111.5,54,0.0,0.0,87.21406648002429,224.58080924897342,0.0463659694512524,0.5,0.9259259259259259,0.5,0.0,0.7037037037037037,0.0,0.3333333333333333
62.5,25.0,112.5,54,0.0,0.0,78.5976357957251,221.1931521803441,0.049578687720560274,0.5,1.0,0.5,0.0,0.8333333333333334,0.0,0.42592592592592593
62.5,25.5,113.5,54,0.0,0.0,69.00452279206283,217.64847690488563,0.05297544254480131,0.5,1.0,0.5,0.0,0.9259259259259259,0.0,0.5
62.5,26.0,114.5,54,0.0,0.0,58.551993086691404,213.9492164059875,0.05646719365067512,0.5,1.0,0.5,0.0,0.8888888888888888,0.0,0.5740740740740741
62.5,26.5,115.5,54,0.0,0.0,47.444757769453695,210.03615723322227,0.05992312451338899,0.5,1.0,0.5,0.0,0.8518518518518519,0.0,0.6481481481481481
62.5,27.0,116.5,54,0.0,0.0,36.18169607396809,205.86676294493017,0.06316941295240315,0.5,1.0,0.5,0.0,0.8333333333333334,0.12962962962962962,0.7222222222222222
62.5,27.5,117.5,54,0.0,0.0,31.48968984323245,201.54926709441202,0.06599756436440035,0.5,1.0,0.5,0.0,0.8333333333333334,0.5,0.8703703703703703
62.5,28.0,118.5,54,0.0,0.0,31.261184382146457,197.0875957625484,0.06818560718302918,0.5,1.0,0.5,0.0,0.8333333333333334,1.0,1.0
62.5,28.5,119.5,54,0.0,0.4444444444444444,30.968831674322068,192.5263618614425,0.06953161231947412,0.5,1.0,0.5,0.4444444444444444,0.7222222222222222,1.0,1.0
62.5,29.0,120.5,54,0.0,0.5,30.686551206704728,188.0665219431045,0.06989276469274226,0.5,1.0,0.5185185185185185,0.5,0.6666666666666666,1.0,1.0
62.5,29.5,121.5,54,0.0,0.5,30.36509454814314,183.36921033590215,0.06921769956409711,0.5,1.0,0.6666666666666666,0.5,0.6666666666666666,1.0,0.8333333333333334
62.5,30.0,122.5,54,0.0,0.5,29.98813746958496,178.54650854145177,0.06755952878472422,0.5,1.0,0.8703703703703703,0.5,0.6666666666666666,1.0,0.7777777777777778
62.5,30.5,123.5,54,0.0,0.5,29.547399982486507,173.60420574860967,0.06506388576731244,0.5,1.0,0.9444444444444444,0.5,0.5925925925925926,0.4444444444444444,0.5370370370370371
62.5,31.0,124.5,54,0.0,0.3333333333333333,29.063830787660393,168.54859093556522,0.0619368862128348,0.5,1.0,0.9074074074074074,0.5,0.3333333333333333,0.1111111111111111,0.24074074074074073
62.5,31.5,125.5,54,0.0,0.12962962962962962,28.564502804663082,163.36575959089768,0.058405406754100005,0.5,1.0,0.8703703703703703,0.16666666666666666,0.12962962962962962,0.0,0.18518518518518517
62.5,32.0,126.5,54,0.0,0.0,28.07092104507308,157.96784022808768,0.054682425161258735,0.5,1.0,0.8333333333333334,0.0,0.037037037037037035,0.0,0.16666666666666666
62.5,32.5,127.5,54,0.0,0.0,27.558584472149807,152.4820489788061,0.05094482279341749,0.5,1.0,0.7777777777777778,0.0,0.0,0.0,0.12962962962962962
62.5,33.0,128.5,54,0.0,0.0,27.723664066512384,146.91719726462688,0.04732456067456745,0.5,1.0,0.7777777777777778,0.0,0.0,0.0,0.07407407407407407
62.5,33.5,129.5,54,0.0,0.0,29.989128147804994,146.9318171593139,0.04390994805567516,0.5,1.0,0.7222222222222222,0.0,0.0,0.0,0.018518518518518517
62.5,34.0,130.5,54,0.0,0.0,33.6701218597718,165.27376163356143,0.04075253433363319,0.5,1.0,0.7222222222222222,0.0,0.0,0.0,0.0
62.5,34.5,131.5,54,0.0,0.0,40.10858756501831,183.33309695493318,0.03787591691097962,0.5,0.9259259259259259,0.6851851851851852,0.0,0.0,0.0,0.0
62.5,35.0,132.5,54,0.0,0.0,46.33948570934252,199.682959696604,0.03528415964070102,0.5,0.8148148148148148,0.6666666666666666,0.0,0.0,0.0,0.0
62.5,35.5,133.5,54,0.0,0.0,52.75252626404268,214.31067238483212,0.032968755027384694,0.5,0.7222222222222222,0.6666666666666666,0.0,0.0,0.0,0.0
62.5,36.0,134.5,54,0.0,0.0,58.66354305217843,227.26524836280117,0.030913872667603367,0.5,0.6296296296296297,0.7037037037037037,0.0,0.0,0.0,0.0
62.5,36.5,135.5,54,0.0,0.0,64.06663672134599,238.72586413852878,0.029100052672530782,0.5,0.5740740740740741,0.6666666666666666,0.0,0.0,0.0,0.0
62.5,37.0,136.5,54,0.0,0.0,68.97098356389502,248.77808146178808,0.027506656777243933,0.5,0.5370370370370371,0.5555555555555556,0.0,0.0,0.0,0.0
62.5,37.5,137.5,54,0.0,0.0,73.39436995450735,257.0894266282436,0.026113402375546123,0.5,0.48148148148148145,0.46296296296296297,0.0,0.0,0.0,0.018518518518518517
62.5,38.0,138.5,54,0.0,0.0,77.35872493783616,264.96431073237886,0.024901256782640196,0.5,0.3333333333333333,0.42592592592592593,0.0,0.0,0.0,0.12962962962962962
62.5,38.5,139.5,54,0.0,0.0,80.88711942352288,271.28354903864454,0.023852905212719537,0.5,0.3148148148148148,0.37037037037037035,0.0,0.0,0.0,0.16666666666666666
62.5,39.0,140.5,54,0.0,0.0,84.00411027297645,276.6711705281739,0.022952946690010613,0.5,0.16666666666666666,0.35185185185185186,0.0,0.0,0.0,0.16666666666666666
62.5,39.5,141.5,54,0.0,0.0,86.80159524374481,281.0474327402442,0.02218792439930681,0.5,0.16666666666666666,0.37037037037037035,0.0,0.0,0.0,0.16666666666666666
62.5,40.0,142.5,54,0.0,0.0,89.06490808101768,284.4766586283114,0.021546261454972987,0.5,0.1111111111111111,0.4444444444444444,0.0,0.0,0.0,0.18518518518518517
63.0,10.0,83.0,54,0.0,0.0,101.0590452879393,363.19143911127514,0.041196294360814616,0.5,0.0,0.5,0.0,0.16666666666666666,0.7777777777777778,0.5740740740740741
63.0,10.5,84.0,54,0.0,0.0,105.1883918206677,367.7026050992908,0.037653287886481805,0.5,0.0,0.5,0.0,0.05555555555555555,0.7777777777777778,0.7962962962962963
63.0,11.0,85.0,54,0.0,0.0,108.83863984469274,371.3530155585679,0.03472198517961997,0.48148148148148145,0.0,0.5,0.0,0.018518518518518517,0.6296296296296297,0.9444444444444444
63.0,11.5,86.0,54,0.0,0.0,112.07069681213497,374.2505919478837,0.03228763906429201,0.46296296296296297,0.0,0.5,0.0,0.0,0.3888888888888889,0.9814814814814815
63.0,12.0,87.0,54,0.0,0.0,114.93385058390619,376.4790991214652,0.030262028707903257,0.4444444444444444,0.0,0.5,0.0,0.0,0.18518518518518517,1.0
63.0,12.5,88.0,54,0.0,0.0,117.46779389399082,378.6835771449618,0.02857685306794771,0.4444444444444444,0.0,0.5,0.0,0.0,0.07407407407407407,1.0
63.0,13.0,89.0,54,0.0,0.0,119.70422143478156,380.26497642584775,0.02717893130631109,0.4444444444444444,0.0,0.5,0.0,0.0,0.0,0.8148148148148148
63.0,13.5,90.0,54,0.0,0.0,121.66807159846553,381.2679875485252,0.026026695206855598,0.4444444444444444,0.0,0.5,0.0,0.0,0.0,0.3333333333333333
63.0,14.0,91.0,54,0.0,0.0,123.37847639648542,381.7286531981825,0.025087609768030122,0.4444444444444444,0.0,0.5,0.0,0.0,0.0,0.25925925925925924
63.0,14.5,92.0,54,0.0,0.0,124.91024574131174,381.67045485595287,0.02433626556122834,0.4444444444444444,0.0,0.5,0.0,0.0,0.0,0.2037037037037037
63.0,15.0,93.0,54,0.0,0.0,126.30521249244386,381.10580206839353,0.023752961804065244,0.46296296296296297,0.0,0.5,0.0,0.0,0.0,0.18518518518518517
63.0,15.5,94.0,54,0.0,0.0,127.46448431638017,380.03702281682223,0.02332265173794827,0.5,0.0,0.5,0.0,0.0,0.0,0.16666666666666666
63.0,16.0,95.0,54,0.0,0.0,128.3920861470518,378.45694573346304,0.02303415867482205,0.5,0.0,0.5,0.0,0.0,0.0,0.16666666666666666
63.0,16.5,96.0,54,0.0,0.0,129.08761248922985,376.3491388169387,0.0228795968072725,0.5,0.0,0.5,0.0,0.0,0.0,0.16666666666666666
63.0,17.0,97.0,54,0.0,0.0,129.54624749260356,373.687850694195,0.022853948863676463,0.5,0.0,0.5,0.0,0.0,0.0,0.07407407407407407
63.0,17.5,98.0,54,0.0,0.0,129.75864773541164,370.4376882865534,0.02295476515261519,0.5,0.0,0.5,0.0,0.0,0.0,0.037037037037037035
63.0,18.0,99.0,54,0.0,0.0,129.7106944001166,366.5530587101746,0.023181956914935666,0.5,0.0,0.5,0.0,0.0,0.0,0.0
63.0,18.5,100.0,54,0.0,0.0,129.3831198153739,361.9774040756819,0.023537662047150378,0.5,0.05555555555555555,0.5,0.0,0.0,0.0,0.0
63.0,19.0,101.0,54,0.0,0.0,128.75101456944452,356.64226741279305,0.024026163579337033,0.5,0.05555555555555555,0.5,0.0,0.0,0.0,0.0
63.0,19.5,102.0,54,0.0,0.0,127.7832269337797,350.46624964271194,0.02465384078721702,0.5,0.16666666666666666,0.5,0.0,0.018518518518518517,0.0,0.0
63.0,20.0,103.0,54,0.0,0.0,126.44167843352419,343.3539568415333,0.025429129102081255,0.5,0.25925925925925924,0.5,0.0,0.037037037037037035,0.0,0.0
63.0,20.5,104.0,54,0.0,0.0,124.68064161668993,335.1951022466112,0.026362457247301397,0.5,0.37037037037037035,0.5,0.0,0.07407407407407407,0.0,0.0
63.0,21.0,105.0,54,0.0,0.0,122.44606374122131,325.8599662740492,0.027466117025792307,0.5,0.4444444444444444,0.5,0.0,0.14814814814814814,0.0,0.0
63.0,21.5,106.0,54,0.0,0.0,119.67508084483879,315.37198757809927,0.028754001244545174,0.5,0.5,0.5,0.0,0.18518518518518517,0.0,0.018518518518518517
63.0,22.0,107.0,54,0.0,0.0,116.29596065411758,303.33924374744066,0.03024111652691212,0.5,0.5370370370370371,0.5,0.0,0.2777777777777778,0.0,0.09259259259259259
63.0,22.5,108.0,54,0.0,0.0,112.28292740186352,289.37243009554504,0.03194273882069018,0.5,0.5555555555555556,0.5,0.0,0.5,0.0,0.16666666666666666
63.0,23.0,109.0,54,0.0,0.0,107.46941678178618,274.1497896825678,0.033873030851052116,0.5,0.5925925925925926,0.5,0.0,0.5555555555555556,0.0,0.16666666666666666
63.0,23.5,110.0,54,0.0,0.0,101.65811235417264,257.18461626931065,0.03604288836089451,0.5,0.6666666666666666,0.5,0.0,0.5555555555555556,0.0,0.25925925925925924
63.0,24.0,111.0,54,0.0,0.0,95.33576070342583,246.70008443829164,0.0384567424191564,0.5,0.7962962962962963,0.5,0.0,0.5555555555555556,0.0,0.3333333333333333
63.0,24.5,112.0,54,0.0,0.0,87.75349543154216,243.20064024136525,0.04110805485826356,0.5,0.9074074074074074,0.5,0.0,0.6666666666666666,0.0,0.37037037037037035
63.0,25.0,113.0,54,0.0,0.0,79.11673121476645,239.53299126682177,0.04397336975317399,0.5,0.9814814814814815,0.5,0.0,0.7407407407407407,0.0,0.46296296296296297
63.0,25.5,114.0,54,0.0,0.0,69.51370562449723,235.69905410001508,0.047005126932521,0.5,1.0,0.5,0.0,0.8703703703703703,0.0,0.5
63.0,26.0,115.0,54,0.0,0.0,59.01158190606388,231.70099510828152,0.05012411742141127,0.5,1.0,0.5,0.0,0.8333333333333334,0.0,0.5740740740740741
63.0,26.5,116.0,54,0.0,0.0,47.8388584538947,227.471341478099,0.05321350896431201,0.5,1.0,0.5,0.0,0.8333333333333334,0.0,0.6296296296296297
63.0,27.0,117.0,54,0.0,0.0,36.58136982757159,222.97361556245812,0.056117593991725875,0.5,1.0,0.5,0.0,0.8333333333333334,0.16666666666666666,0.7407407407407407
63.0,27.5,118.0,54,0.0,0.0,34.83500684283393,218.31698804583806,0.05864915955479419,0.5,1.0,0.5,0.0,0.7962962962962963,0.5,0.8703703703703703
63.0,28.0,119.0,54,0.0,0.0,34.58615045826998,213.50518725819325,0.06060852340991978,0.5,1.0,0.46296296296296297,0.0,0.6851851851851852,1.0,1.0
63.0,28.5,120.0,54,0.0,0.35185185185185186,34.26681536993957,208.54238082881923,0.06181380852404843,0.5,1.0,0.4444444444444444,0.35185185185185186,0.6666666666666666,1.0,1.0
63.0,29.0,121.0,54,0.0,0.46296296296296297,33.93891342101953,203.72617483740095,0.062136337436543836,0.5,1.0,0.46296296296296297,0.5,0.6666666666666666,1.0,0.8703703703703703
63.0,29.5,122.0,54,0.0,0.4444444444444444,33.59578245450599,198.6573348089909,0.061529960590761046,0.5,1.0,0.4444444444444444,0.5,0.6666666666666666,1.0,0.8333333333333334
63.0,30.0,123.0,54,0.0,0.5,33.20162321875703,193.45217207135204,0.060042842424277244,0.5,1.0,0.7037037037037037,0.5,0.6666666666666666,1.0,0.6851851851851852
63.0,30.5,124.0,54,0.0,0.5,32.72032794391953,188.11649671773688,0.057806539957426954,0.5,1.0,0.8148148148148148,0.5,0.5,0.4444444444444444,0.5185185185185185
63.0,31.0,125.0,54,0.0,0.2777777777777778,32.19458682204799,182.65667985538218,0.055006878003594196,0.5,1.0,0.7407407407407407,0.5,0.2777777777777778,0.1111111111111111,0.24074074074074073
63.0,31.5,126.0,54,0.0,0.09259259259259259,31.638255533465706,177.07968388885186,0.0518479595696031,0.5,1.0,0.7222222222222222,0.16666666666666666,0.09259259259259259,0.0,0.18518518518518517
63.0,32.0,127.0,54,0.0,0.0,31.051897759433174,171.30265759623325,0.04852090146946205,0.5,1.0,0.6481481481481481,0.0,0.018518518518518517,0.0,0.16666666666666666
63.0,32.5,128.0,54,0.0,0.0,30.488925651713917,165.36889837983463,0.045183956460269646,0.5,1.0,0.6111111111111112,0.0,0.0,0.0,0.14814814814814814
63.0,33.0,129.0,54,0.0,0.0,30.677053172812634,159.34611233332257,0.041954760609104566,0.5,1.0,0.6111111111111112,0.0,0.0,0.0,0.07407407407407407
63.0,33.5,130.0,54,0.0,0.0,32.23479794714919,153.24425973776906,0.03891166286277129,0.5,1.0,0.6111111111111112,0.0,0.0,0.0,0.037037037037037035
63.0,34.0,131.0,54,0.0,0.0,36.0245145993192,166.2097394238721,0.03610006135814295,0.5,0.9629629629629629,0.5555555555555556,0.0,0.0,0.0,0.0
63.0,34.5,132.0,54,0.0,0.0,40.38942477698202,184.29415109459063,0.033540397737853014,0.5,0.8703703703703703,0.5555555555555556,0.0,0.0,0.0,0.0
63.0,35.0,133.0,54,0.0,0.0,46.818768612147935,200.65494241412904,0.03123574741652876,0.5,0.7592592592592593,0.5185185185185185,0.0,0.0,0.0,0.0
63.0,35.5,134.0,54,0.0,0.0,53.02705506320675,215.28293893127207,0.029178066020026584,0.5,0.6666666666666666,0.5555555555555556,0.0,0.0,0.0,0.0
63.0,36.0,135.0,54,0.0,0.0,58.946268582984054,228.230176232966,0.027352878131274672,0.5,0.5925925925925926,0.5185185185185185,0.0,0.0,0.0,0.0
63.0,36.5,136.0,54,0.0,0.0,64.35452291368539,239.62851784990292,0.025742563279046123,0.5,0.5370370370370371,0.42592592592592593,0.0,0.0,0.0,0.0
63.0,37.0,137.0,54,0.0,0.0,69.26177762490866,249.70181382228475,0.02432852719140064,0.5,0.5,0.3333333333333333,0.0,0.0,0.0,0.0
63.0,37.5,138.0,54,0.0,0.0,73.6864601110871,257.9817376005406,0.023092553747115982,0.5,0.4444444444444444,0.2777777777777778,0.0,0.0,0.0,0.07407407407407407
63.0,38.0,139.0,54,0.0,0.0,77.65101036557145,265.7241168262249,0.0220175876439436,0.5,0.3333333333333333,0.25925925925925924,0.0,0.0,0.0,0.16666666666666666
63.0,38.5,140.0,54,0.0,0.0,81.17889843799387,272.0972130390004,0.02108813925730005,0.5,0.2777777777777778,0.18518518518518517,0.0,0.0,0.0,0.16666666666666666
63.0,39.0,141.0,54,0.0,0.0,84.29268056753624,277.43325901891575,0.020290449417841656,0.5,0.16666666666666666,0.25925925925925924,0.0,0.0,0.0,0.16666666666666666
63.0,39.5,142.0,54,0.0,0.0,87.0740000592499,281.79448065542147,0.019612508865932323,0.5,0.14814814814814814,0.2777777777777778,0.0,0.0,0.0,0.16666666666666666
63.0,40.0,143.0,54,0.0,0.0,89.38980656150842,285.2097134965486,0.0190439953036515,0.5,0.037037037037037035,0.3333333333333333,0.0,0.0,0.0,0.24074074074074073
63.5,10.0,83.5,54,0.0,0.0,101.64622037669814,365.1228972131149,0.03661134926198725,0.46296296296296297,0.0,0.5,0.0,0.12962962962962962,0.7777777777777778,0.5740740740740741
63.5,10.5,84.5,54,0.0,0.0,105.75048902245193,369.5063443629658,0.03344917167020163,0.4444444444444444,0.0,0.5,0.0,0.018518518518518517,0.7592592592592593,0.8148148148148148
63.5,11.0,85.5,54,0.0,0.0,109.37807923492213,373.0467835065051,0.030834979446318998,0.42592592592592593,0.0,0.5,0.0,0.0,0.6111111111111112,0.9074074074074074
63.5,11.5,86.5,54,0.0,0.0,112.58996874167597,375.8497431800586,0.02866537980290801,0.4074074074074074,0.0,0.5,0.0,0.0,0.3888888888888889,0.9629629629629629
63.5,12.0,87.5,54,0.0,0.0,115.43540731520135,377.99695137938977,0.026861032558247528,0.3888888888888889,0.0,0.5,0.0,0.0,0.18518518518518517,1.0
63.5,12.5,88.5,54,0.0,0.0,117.9539938618215,379.9427544368064,0.025360608884511696,0.3888888888888889,0.0,0.5,0.0,0.0,0.07407407407407407,1.0
63.5,13.0,89.5,54,0.0,0.0,120.17730473645796,381.4667344621261,0.02411641945023286,0.3888888888888889,0.0,0.5,0.0,0.0,0.0,0.5740740740740741
63.5,13.5,90.5,54,0.0,0.0,122.13015369492808,382.4210157910285,0.023091229534531004,0.3888888888888889,0.0,0.5,0.0,0.0,0.0,0.3333333333333333
63.5,14.0,91.5,54,0.0,0.0,123.83155207134259,382.8406066260924,0.02225592304644914,0.3888888888888889,0.0,0.5,0.0,0.0,0.0,0.25925925925925924
63.5,14.5,92.5,54,0.0,0.0,125.29542430369827,382.74812553729384,0.02158777868888721,0.3888888888888889,0.0,0.5,0.0,0.0,0.0,0.2037037037037037
63.5,15.0,93.5,54,0.0,0.0,126.67969954721634,382.15526227739076,0.021069191925159825,0.3888888888888889,0.0,0.5,0.0,0.0,0.0,0.18518518518518517
63.5,15.5,94.5,54,0.0,0.0,127.83491731155512,381.06374321936175,0.020686725252634628,0.4074074074074074,0.0,0.5,0.0,0.0,0.0,0.16666666666666666
63.5,16.0,95.5,54,0.0,0.0,128.7599789003416,379.4658916772018,0.02043040322721776,0.42592592592592593,0.0,0.5,0.0,0.0,0.0,0.16666666666666666
63.5,16.5,96.5,54,0.0,0.0,129.454412899695,377.3448470421913,0.020293192326205065,0.46296296296296297,0.0,0.5,0.0,0.0,0.0,0.16666666666666666
63.5,17.0,97.5,54,0.0,0.0,129.9133461910578,374.67448793822973,0.020270622213265675,0.5,0.0,0.5,0.0,0.0,0.0,0.1111111111111111
63.5,17.5,98.5,54,0.0,0.0,130.12738355181548,371.419092319254,0.020360516360956316,0.5,0.0,0.5,0.0,0.0,0.0,0.037037037037037035
63.5,18.0,99.5,54,0.0,0.0,130.08235558349412,367.53276130448876,0.020562807637121056,0.5,0.018518518518518517,0.5,0.0,0.0,0.0,0.0
63.5,18.5,100.5,54,0.0,0.0,129.75893963767538,362.9586342450352,0.02087941917589523,0.5,0.05555555555555555,0.5,0.0,0.0,0.0,0.0
63.5,19.0,101.5,54,0.0,0.0,129.13215948143193,357.627931895507,0.021314193013462584,0.5,0.05555555555555555,0.5,0.0,0.018518518518518517,0.0,0.0
63.5,19.5,102.5,54,0.0,0.0,128.1707748035911,351.4588860418767,0.02187284858795642,0.5,0.16666666666666666,0.5,0.0,0.037037037037037035,0.0,0.0
63.5,20.0,103.5,54,0.0,0.0,126.83658357213764,344.3556530256037,0.02256294993869199,0.5,0.2962962962962963,0.5,0.0,0.07407407407407407,0.0,0.0
63.5,20.5,104.5,54,0.0,0.0,125.08368228126977,336.2073736444612,0.023393853569001394,0.5,0.37037037037037035,0.5,0.0,0.14814814814814814,0.0,0.0
63.5,21.0,105.5,54,0.0,0.0,122.85776665806773,326.93216745387224,0.024376597329016148,0.5,0.4444444444444444,0.5,0.0,0.18518518518518517,0.0,0.0
63.5,21.5,106.5,54,0.0,0.0,120.0956161646612,316.46217264686373,0.025523672814093304,0.5,0.5,0.5,0.0,0.25925925925925924,0.0,0.037037037037037035
63.5,22.0,107.5,54,0.0,0.0,116.72500000381802,304.29835137717475,0.02684859794386467,0.5,0.5185185185185185,0.5,0.0,0.3888888888888889,0.0,0.14814814814814814
63.5,22.5,108.5,54,0.0,0.0,112.74217980173768,290.3624933565617,0.028365171239377828,0.5,0.5555555555555556,0.5,0.0,0.5555555555555556,0.0,0.16666666666666666
63.5,23.0,109.5,54,0.0,0.0,107.87603229722443,275.5155504772584,0.030086245250243473,0.5,0.5555555555555556,0.5,0.0,0.5555555555555556,0.0,0.18518518518518517
63.5,23.5,110.5,54,0.0,0.0,102.21598769861673,267.70888153426876,0.032021808591864105,0.5,0.6481481481481481,0.5,0.0,0.5555555555555556,0.0,0.2962962962962963
63.5,24.0,111.5,54,0.0,0.0,95.80834898707424,263.9929964113648,0.0341761289097886,0.5,0.7592592592592593,0.5,0.0,0.5555555555555556,0.0,0.3333333333333333
63.5,24.5,112.5,54,0.0,0.0,88.21229982878569,260.2501811762537,0.03654371545458766,0.5,0.8518518518518519,0.5,0.0,0.6481481481481481,0.0,0.4074074074074074
63.5,25.0,113.5,54,0.0,0.0,79.57247179509294,256.3314001889958,0.03910397003780118,0.5,0.9629629629629629,0.5,0.0,0.7037037037037037,0.0,0.5
63.5,25.5,114.5,54,0.0,0.0,69.95675987778147,252.23825413969308,0.0418147010245558,0.5,1.0,0.5,0.0,0.8333333333333334,0.0,0.5185185185185185
63.5,26.0,115.5,54,0.0,0.0,59.41100373570599,247.97259909851607,0.044605281530498184,0.5,1.0,0.5,0.0,0.8333333333333334,0.0,0.5555555555555556
63.5,26.5,116.5,54,0.0,0.0,48.18071431738327,243.47099616620338,0.04737118351678018,0.5,1.0,0.4444444444444444,0.0,0.8148148148148148,0.0,0.5925925925925926
63.5,27.0,117.5,54,0.0,0.0,38.14521074062223,238.67973153156635,0.04997273927512186,0.5,1.0,0.4444444444444444,0.0,0.7592592592592593,0.16666666666666666,0.7037037037037037
63.5,27.5,118.5,54,0.0,0.0,37.934765668452634,233.7197571849314,0.052241680665924634,0.5,1.0,0.4444444444444444,0.0,0.6666666666666666,0.5,0.8703703703703703
63.5,28.0,119.5,54,0.0,0.0,37.671313455719705,228.59454302311445,0.053998255402171506,0.5,1.0,0.35185185185185186,0.0,0.6666666666666666,1.0,1.0
63.5,28.5,120.5,54,0.0,0.3333333333333333,37.32872329990952,223.30803017681126,0.055078578209880706,0.5,1.0,0.3333333333333333,0.3333333333333333,0.6666666666666666,1.0,1.0
63.5,29.0,121.5,54,0.0,0.3333333333333333,36.96322200377812,218.09943769743685,0.055366685832449795,0.5,1.0,0.3333333333333333,0.5,0.6666666666666666,1.0,0.8333333333333334
63.5,29.5,122.5,54,0.0,0.25925925925925924,36.596180942164665,212.72117023692545,0.05482112060896046,0.5,1.0,0.25925925925925924,0.5,0.6666666666666666,1.0,0.8333333333333334
63.5,30.0,123.5,54,0.0,0.42592592592592593,36.173352254102916,207.17201589788084,0.053485583582706234,0.5,1.0,0.42592592592592593,0.5,0.6666666666666666,1.0,0.6666666666666666
63.5,30.5,124.5,54,0.0,0.4074074074074074,35.672447807766936,201.48205824574802,0.051478961424224486,0.5,1.0,0.6481481481481481,0.5,0.4074074074074074,0.42592592592592593,0.46296296296296297
63.5,31.0,125.5,54,0.0,0.12962962962962962,35.111570042797894,195.65767108527336,0.048968864524355366,0.5,1.0,0.5925925925925926,0.5,0.12962962962962962,0.1111111111111111,0.24074074074074073
63.5,31.5,126.5,54,0.0,0.05555555555555555,34.502555000856965,189.70588370374148,0.046139028491065735,0.5,1.0,0.5555555555555556,0.16666666666666666,0.05555555555555555,0.0,0.18518518518518517
63.5,32.0,127.5,54,0.0,0.0,33.87112974774725,183.6142032359753,0.043161109594259554,0.5,1.0,0.5555555555555556,0.0,0.018518518518518517,0.0,0.16666666666666666
63.5,32.5,128.5,54,0.0,0.0,33.22176944835037,177.27442787062574,0.04017686953595712,0.5,1.0,0.5185185185185185,0.0,0.0,0.0,0.12962962962962962
63.5,33.0,129.5,54,0.0,0.0,33.091677249510624,170.8357801925163,0.0372913474906331,0.5,1.0,0.5,0.0,0.0,0.0,0.05555555555555555
63.5,33.5,130.5,54,0.0,0.0,34.37181212512647,164.30865481604212,0.0345742072568688,0.5,1.0,0.5,0.0,0.0,0.0,0.037037037037037035
63.5,34.0,131.5,54,0.0,0.0,38.25332671902342,167.0387916482428,0.03206554818211495,0.5,0.9259259259259259,0.5,0.0,0.0,0.0,0.0
63.5,34.5,132.5,54,0.0,0.0,41.846382335501985,185.1437773972239,0.02978315588790279,0.5,0.7962962962962963,0.5,0.0,0.0,0.0,0.0
63.5,35.0,133.5,54,0.0,0.0,47.5712991641691,201.5127750987021,0.027729346818393397,0.5,0.7222222222222222,0.5,0.0,0.0,0.0,0.0
63.5,35.5,134.5,54,0.0,0.0,53.27010741308298,216.1397336076078,0.025896576816776182,0.5,0.6111111111111112,0.5,0.0,0.0,0.0,0.0
63.5,36.0,135.5,54,0.0,0.0,59.19612030832227,229.07936356083704,0.024271635345896943,0.5,0.5555555555555556,0.4444444444444444,0.0,0.0,0.0,0.0
63.5,36.5,136.5,54,0.0,0.0,64.60853321624077,240.42006464651644,0.022838574314875026,0.5,0.5185185185185185,0.35185185185185186,0.0,0.0,0.0,0.0
63.5,37.0,137.5,54,0.0,0.0,69.51799790090755,250.45410851310044,0.02158063594989372,0.5,0.5,0.2222222222222222,0.0,0.0,0.0,0.0
63.5,37.5,138.5,54,0.0,0.0,73.94350540634605,258.8820631595695,0.020481447783329214,0.5,0.42592592592592593,0.12962962962962962,0.0,0.0,0.0,0.09259259259259259
63.5,38.0,139.5,54,0.0,0.0,77.90794298356745,266.34965922718345,0.019525710179999448,0.5,0.3333333333333333,0.09259259259259259,0.0,0.0,0.0,0.16666666666666666
63.5,38.5,140.5,54,0.0,0.0,81.43512856776056,272.80496485283203,0.018699548253322137,0.5,0.24074074074074073,0.05555555555555555,0.0,0.0,0.0,0.16666666666666666
63.5,39.0,141.5,54,0.0,0.0,84.54788439499126,278.0942656228338,0.01799065133103845,0.5,0.16666666666666666,0.1111111111111111,0.0,0.0,0.0,0.16666666666666666
63.5,39.5,142.5,54,0.0,0.0,87.30459987554073,282.441933744173,0.017388284426601824,0.5,0.14814814814814814,0.14814814814814814,0.0,0.0,0.0,0.18518518518518517
63.5,40.0,143.5,54,0.0,0.0,89.67518173988411,285.8445656707355,0.016883227618824777,0.5,0.0,0.2222222222222222,0.0,0.018518518518518517,0.0,0.2962962962962963
64.0,10.0,84.0,54,0.0,0.0,102.14906489994594,366.775176514912,0.03260703746187974,0.4444444444444444,0.0,0.48148148148148145,0.0,0.09259259259259259,0.7592592592592593,0.5925925925925926
64.0,10.5,85.0,54,0.0,0.0,106.23142802038893,371.0480959243623,0.029780511029937645,0.3888888888888889,0.0,0.5,0.0,0.018518518518518517,0.7222222222222222,0.7777777777777778
64.0,11.0,86.0,54,0.0,0.0,109.83928567602004,374.493534022408,0.02744537780711723,0.3333333333333333,0.0,0.5,0.0,0.0,0.5925925925925926,0.8888888888888888
64.0,11.5,87.0,54,0.0,0.0,113.03365103325908,377.2148758596217,0.025508458965964063,0.3333333333333333,0.0,0.5,0.0,0.0,0.42592592592592593,0.9444444444444444
64.0,12.0,88.0,54,0.0,0.0,115.86372256206752,379.29203855512105,0.023898370256364976,0.3148148148148148,0.0,0.5,0.0,0.0,0.18518518518518517,1.0
64.0,12.5,89.0,54,0.0,0.0,118.36900474701648,381.0382937821829,0.022560008133513,0.25925925925925924,0.0,0.5,0.0,0.0,0.07407407407407407,0.9444444444444444
64.0,13.0,90.0,54,0.0,0.0,120.58096200987382,382.51206425069796,0.02145057292052123,0.24074074074074073,0.0,0.5,0.0,0.0,0.0,0.46296296296296297
64.0,13.5,91.0,54,0.0,0.0,122.52429339214494,383.42377319972087,0.020536679610987863,0.24074074074074073,0.0,0.5,0.0,0.0,0.0,0.3333333333333333
64.0,14.0,92.0,54,0.0,0.0,124.2179008701684,383.80751164270373,0.019792243549893795,0.24074074074074073,0.0,0.5,0.0,0.0,0.0,0.25925925925925924
64.0,14.5,93.0,54,0.0,0.0,125.67560900153553,383.6851351765597,0.019196923120135694,0.24074074074074073,0.0,0.5,0.0,0.0,0.0,0.2037037037037037
64.0,15.0,94.0,54,0.0,0.0,127.00502855011007,383.0676987410195,0.018734967014668688,0.24074074074074073,0.0,0.5,0.0,0.0,0.0,0.18518518518518517
64.0,15.5,95.0,54,0.0,0.0,128.156728789234,381.95639946396744,0.018394358809215968,0.2962962962962963,0.0,0.5,0.0,0.0,0.0,0.16666666666666666
64.0,16.0,96.0,54,0.0,0.0,129.07959892507014,380.3431173114486,0.01816618276629151,0.35185185185185186,0.0,0.5,0.0,0.0,0.0,0.16666666666666666
64.0,16.5,97.0,54,0.0,0.0,129.7731100054789,378.2106167652574,0.018044156468692122,0.3888888888888889,0.0,0.5,0.0,0.0,0.0,0.12962962962962962
64.0,17.0,98.0,54,0.0,0.0,130.23233934055762,375.53245394113065,0.018024290937997147,0.4074074074074074,0.0,0.5,0.0,0.0,0.0,0.09259259259259259
64.0,17.5,99.0,54,0.0,0.0,130.44784730922314,372.2726212187347,0.018104649285451628,0.46296296296296297,0.0,0.5,0.0,0.0,0.0,0.037037037037037035
64.0,18.0,100.0,54,0.0,0.0,130.40542158681907,368.38495524869575,0.01828518191891027,0.5,0.018518518518518517,0.5,0.0,0.0,0.0,0.0
64.0,18.5,101.0,54,0.0,0.0,130.08569319411862,363.8123347877345,0.01856762063812091,0.5,0.05555555555555555,0.5,0.0,0.018518518518518517,0.0,0.0
64.0,19.0,102.0,54,0.0,0.0,129.4636297005761,358.4857040366212,0.01895541594986198,0.5,0.09259259259259259,0.5,0.0,0.037037037037037035,0.0,0.0
64.0,19.5,103.0,54,0.0,0.0,128.5079161205474,352.32297843743254,0.01945370164705393,0.5,0.16666666666666666,0.5,0.0,0.07407407407407407,0.0,0.0
64.0,20.0,104.0,54,0.0,0.0,127.18024578155023,345.22792876672463,0.020069267818570456,0.5,0.2962962962962963,0.5,0.0,0.1111111111111111,0.0,0.0
64.0,20.5,105.0,54,0.0,0.0,125.4345653022072,337.0892042390675,0.02081051733983947,0.5,0.37037037037037035,0.5,0.0,0.16666666666666666,0.0,0.0
64.0,21.0,106.0,54,0.0,0.0,123.21635521947333,327.8481073697968,0.021687370517047506,0.5,0.4444444444444444,0.5,0.0,0.2222222222222222,0.0,0.0
64.0,21.5,107.0,54,0.0,0.0,120.46208857193074,317.3754050994726,0.022711066541457776,0.5,0.5,0.5,0.0,0.35185185185185186,0.0,0.09259259259259259
64.0,22.0,108.0,54,0.0,0.0,117.09293744351426,305.10879192142556,0.023893787177466624,0.5,0.5,0.5,0.0,0.5185185185185185,0.0,0.16666666666666666
64.0,22.5,109.0,54,0.0,0.0,113.13265605124587,292.77487218043757,0.025247996385502843,0.5,0.5555555555555556,0.5,0.0,0.5555555555555556,0.0,0.16666666666666666
64.0,23.0,110.0,54,0.0,0.0,108.21994486986993,287.4213997358992,0.02678534962380801,0.5,0.5555555555555556,0.5,0.0,0.5555555555555556,0.0,0.24074074074074073
64.0,23.5,111.0,54,0.0,0.0,102.70006119140287,283.6511804900191,0.028514982718692433,0.5,0.6481481481481481,0.5,0.0,0.5370370370370371,0.0,0.3333333333333333
64.0,24.0,112.0,54,0.0,0.0,96.20547802072285,279.7404519521527,0.03044095554812966,0.5,0.7222222222222222,0.5,0.0,0.5185185185185185,0.0,0.35185185185185186
64.0,24.5,113.0,54,0.0,0.0,88.60239662799567,275.7801630154838,0.03255862960342382,0.5,0.8333333333333334,0.5,0.0,0.6666666666666666,0.0,0.46296296296296297
64.0,25.0,114.0,54,0.0,0.0,79.99114050393545,271.63723050541444,0.03484985510589929,0.5,0.9444444444444444,0.46296296296296297,0.0,0.6851851851851852,0.0,0.5
64.0,25.5,115.0,54,0.0,0.0,70.34922857090041,267.31291477802216,0.037277116471022186,0.5,1.0,0.4444444444444444,0.0,0.8333333333333334,0.0,0.5185185185185185
64.0,26.0,116.0,54,0.0,0.0,59.76537130055674,262.8087351475694,0.03977733095422801,0.5,1.0,0.4444444444444444,0.0,0.7962962962962963,0.0,0.5370370370370371
64.0,26.5,117.0,54,0.0,0.0,48.4845545266028,258.0753198878643,0.042256856714631634,0.5,1.0,0.4074074074074074,0.0,0.7222222222222222,0.018518518518518517,0.6111111111111112
64.0,27.0,118.0,54,0.0,0.0,41.010722610895556,253.0228270544259,0.044590289045036306,0.5,1.0,0.3333333333333333,0.0,0.6666666666666666,0.16666666666666666,0.6851851851851852
64.0,27.5,119.0,54,0.0,0.0,40.78754496479694,247.79275866266852,0.04662627389058872,0.5,1.0,0.3333333333333333,0.0,0.6666666666666666,0.5,0.8703703703703703
64.0,28.0,120.0,54,0.0,0.0,40.514463594538654,242.38828479687484,0.04820290676346972,0.5,1.0,0.25925925925925924,0.0,0.6666666666666666,1.0,1.0
64.0,28.5,121.0,54,0.0,0.16666666666666666,40.152000367070094,236.8130746520639,0.04917244367148081,0.5,1.0,0.16666666666666666,0.3333333333333333,0.6666666666666666,1.0,0.8703703703703703
64.0,29.0,122.0,54,0.0,0.16666666666666666,39.750960645824804,231.22697467100053,0.04943032517722656,0.5,1.0,0.16666666666666666,0.5,0.6666666666666666,1.0,0.8333333333333334
64.0,29.5,123.0,54,0.0,0.12962962962962962,39.36359208631688,225.58826601161567,0.04893926565980424,0.5,1.0,0.12962962962962962,0.5,0.6666666666666666,1.0,0.7962962962962963
64.0,30.0,124.0,54,0.0,0.2777777777777778,38.915099842232316,219.7311603626192,0.04773888540744312,0.5,1.0,0.2777777777777778,0.5,0.6111111111111112,1.0,0.6666666666666666
64.0,30.5,125.0,54,0.0,0.35185185185185186,38.39987973154678,213.72362557771,0.045936618638115885,0.5,1.0,0.5185185185185185,0.5,0.35185185185185186,0.3888888888888889,0.4074074074074074
64.0,31.0,126.0,54,0.0,0.12962962962962962,37.80460142791938,207.57197586978606,0.04368368856049003,0.5,1.0,0.5185185185185185,0.46296296296296297,0.12962962962962962,0.1111111111111111,0.24074074074074073
64.0,31.5,127.0,54,0.0,0.018518518518518517,37.156217013953174,201.28324077582542,0.04114558828138451,0.5,1.0,0.5,0.12962962962962962,0.018518518518518517,0.0,0.2037037037037037
64.0,32.0,128.0,54,0.0,0.0,36.4814160935813,194.86520771929617,0.03847662920771198,0.5,1.0,0.5,0.0,0.0,0.0,0.18518518518518517
64.0,32.5,129.0,54,0.0,0.0,35.76309723311954,188.2103605243928,0.035803956131801665,0.5,1.0,0.5,0.0,0.0,0.0,0.1111111111111111
64.0,33.0,130.0,54,0.0,0.0,35.48570716817591,181.39598070741494,0.0332215148514386,0.5,1.0,0.5,0.0,0.0,0.0,0.07407407407407407
64.0,33.5,131.0,54,0.0,0.0,36.38807498371683,174.4838870187831,0.030791382342315706,0.5,0.9814814814814815,0.5,0.0,0.0,0.0,0.018518518518518517
64.0,34.0,132.0,54,0.0,0.0,40.345809354958966,169.79535703198778,0.02854908349486235,0.5,0.8888888888888888,0.5,0.0,0.0,0.0,0.0
64.0,34.5,133.0,54,0.0,0.0,43.99529264033171,185.8878972292165,0.02651016355015944,0.5,0.7592592592592593,0.5,0.0,0.0,0.0,0.0
64.0,35.0,134.0,54,0.0,0.0,47.83635116757013,202.26393441699383,0.024676361738137604,0.5,0.6666666666666666,0.5,0.0,0.0,0.0,0.0
64.0,35.5,135.0,54,0.0,0.0,54.09922271049712,216.88985573766564,0.023040651403149343,0.5,0.5740740740740741,0.46296296296296297,0.0,0.0,0.0,0.0
64.0,36.0,136.0,54,0.0,0.0,59.41457450731564,229.82272061979367,0.021590996949231066,0.5,0.5370370370370371,0.4074074074074074,0.0,0.0,0.0,0.0
64.0,36.5,137.0,54,0.0,0.0,64.83062126813844,241.15283052645452,0.020312969116815873,0.5,0.5,0.3333333333333333,0.0,0.0,0.0,0.0
64.0,37.0,138.0,54,0.0,0.0,69.7420182601177,251.0960066991955,0.019191460737017035,0.5,0.48148148148148145,0.18518518518518517,0.0,0.0,0.0,0.037037037037037035
64.0,37.5,139.0,54,0.0,0.0,74.16825049338719,259.6565214800591,0.018211746031017897,0.5,0.3888888888888889,0.09259259259259259,0.0,0.0,0.0,0.14814814814814814
64.0,38.0,140.0,54,0.0,0.0,78.13259684217915,266.87980540773776,0.017360086736095615,0.5,0.3148148148148148,0.018518518518518517,0.0,0.0,0.0,0.16666666666666666
64.0,38.5,141.0,54,0.0,0.0,81.65917964028614,273.4077599237569,0.016624039432920824,0.5,0.2037037037037037,0.037037037037037035,0.0,0.0,0.0,0.16666666666666666
64.0,39.0,142.0,54,0.0,0.0,84.77105374776794,278.6676394028444,0.015992574356812745,0.5,0.14814814814814814,0.05555555555555555,0.0,0.018518518518518517,0.0,0.16666666666666666
64.0,39.5,143.0,54,0.0,0.0,87.50112767853955,283.0036204000152,0.01545608110374916,0.5,0.09259259259259259,0.07407407407407407,0.0,0.018518518518518517,0.0,0.2222222222222222
64.0,40.0,144.0,54,0.0,0.0,89.91726815845824,286.3954006383849,0.015006311009394273,0.5,0.0,0.1111111111111111,0.0,0.018518518518518517,0.0,0.3333333333333333
64.5,10.0,84.5,54,0.0,0.0,102.58097969537823,368.19289024532395,0.02915503581452201,0.35185185185185186,0.0,0.4074074074074074,0.0,0.037037037037037035,0.7592592592592593,0.5740740740740741
64.5,10.5,85.5,54,0.0,0.0,106.64420707920358,372.37003540575705,0.026620020191601132,0.3333333333333333,0.0,0.48148148148148145,0.0,0.0,0.7037037037037037,0.7962962962962963
64.5,11.0,86.5,54,0.0,0.0,110.23487055054169,375.7332764347268,0.02452692693420629,0.2777777777777778,0.0,0.5,0.0,0.0,0.5925925925925926,0.8703703703703703
64.5,11.5,87.5,54,0.0,0.0,113.41399502068586,378.38408736085887,0.022791601919033212,0.16666666666666666,0.0,0.5,0.0,0.0,0.4444444444444444,0.9074074074074074
64.5,12.0,88.5,54,0.0,0.0,116.23072083679368,380.40078068756344,0.021349665861319738,0.16666666666666666,0.0,0.5,0.0,0.0,0.18518518518518517,0.9814814814814815
64.5,12.5,89.5,54,0.0,0.0,118.72446082888379,381.98090651766165,0.020151480701817583,0.12962962962962962,0.0,0.5,0.0,0.0,0.07407407407407407,0.8333333333333334
64.5,13.0,90.5,54,0.0,0.0,120.92657534898123,383.4111953580318,0.019158529497957977,0.09259259259259259,0.0,0.5,0.0,0.0,0.0,0.4074074074074074
64.5,13.5,91.5,54,0.0,0.0,122.86165894300326,384.2860560638251,0.018340792508382494,0.09259259259259259,0.0,0.5,0.0,0.0,0.0,0.3333333333333333
64.5,14.0,92.5,54,0.0,0.0,124.54851516309176,384.63877516012747,0.017674830700632548,0.09259259259259259,0.0,0.5,0.0,0.0,0.0,0.25925925925925924
64.5,14.5,93.5,54,0.0,0.0,126.0008793909236,384.4905405256519,0.017142376419845253,0.09259259259259259,0.0,0.5,0.0,0.0,0.0,0.2037037037037037
64.5,15.0,94.5,54,0.0,0.0,127.28480666335639,383.851852609699,0.01672929162057942,0.09259259259259259,0.0,0.5,0.0,0.0,0.0,0.18518518518518517
64.5,15.5,95.5,54,0.0,0.0,128.43343929164942,382.72344705423353,0.016424795692025634,0.16666666666666666,0.0,0.5,0.0,0.0,0.0,0.18518518518518517
64.5,16.0,96.5,54,0.0,0.0,129.35438965219515,381.0968178676299,0.016220893585994843,0.18518518518518517,0.0,0.5,0.0,0.0,0.0,0.16666666666666666
64.5,16.5,97.5,54,0.0,0.0,130.0470781393302,378.9544036931218,0.0161119548029508,0.2222222222222222,0.0,0.5,0.0,0.0,0.0,0.1111111111111111
64.5,17.0,98.5,54,0.0,0.0,130.5065385911932,376.26948085658387,0.016094407550778372,0.2777777777777778,0.0,0.5,0.0,0.0,0.0,0.07407407407407407
64.5,17.5,99.5,54,0.0,0.0,130.7232926384338,373.00579449851625,0.01616652187243728,0.37037037037037035,0.0,0.5,0.0,0.018518518518518517,0.0,0.037037037037037035
64.5,18.0,100.5,54,0.0,0.0,130.68309071115422,369.1169528325432,0.016328261901187344,0.4074074074074074,0.037037037037037035,0.5,0.0,0.018518518518518517,0.0,0.0
64.5,18.5,101.5,54,0.0,0.0,130.36652386781265,364.5456100663933,0.01658119133890698,0.5,0.05555555555555555,0.5,0.0,0.037037037037037035,0.0,0.0
64.5,19.0,102.5,54,0.0,0.0,129.7485114230557,359.2224726149717,0.01692841809892185,0.5,0.1111111111111111,0.5,0.0,0.07407407407407407,0.0,0.0
64.5,19.5,103.5,54,0.0,0.0,128.79767442481594,353.0651843489671,0.01737456383739822,0.5,0.16666666666666666,0.5,0.0,0.1111111111111111,0.0,0.0
64.5,20.0,104.5,54,0.0,0.0,127.47561662506547,345.97718532108166,0.017925741547331717,0.5,0.3148148148148148,0.5,0.0,0.14814814814814814,0.0,0.0
64.5,20.5,105.5,54,0.0,0.0,125.73615629889579,337.84670314580586,0.018589518922005957,0.5,0.37037037037037035,0.5,0.0,0.2037037037037037,0.0,0.0
64.5,21.0,106.5,54,0.0,0.0,123.52458955327745,328.6348157620399,0.019374835885837514,0.5,0.4444444444444444,0.5,0.0,0.3148148148148148,0.0,0.0
64.5,21.5,107.5,54,0.0,0.0,120.77712652947172,318.15514539238757,0.02029183028523837,0.5,0.5,0.5,0.0,0.4074074074074074,0.0,0.12962962962962962
64.5,22.0,108.5,54,0.0,0.0,117.42259789779847,309.2610473764362,0.021351504782677454,0.5,0.5,0.5,0.0,0.5555555555555556,0.0,0.16666666666666666
64.5,22.5,109.5,54,0.0,0.0,113.44874453757465,305.80026407811977,0.022565139307958726,0.5,0.5370370370370371,0.5,0.0,0.5370370370370371,0.0,0.16666666666666666
64.5,23.0,110.5,54,0.0,0.0,108.51285892205107,302.1456932089184,0.023943317141875246,0.5,0.5555555555555556,0.5,0.0,0.5370370370370371,0.0,0.2962962962962963
64.5,23.5,111.5,54,0.0,0.0,103.10152085746523,298.1702078018635,0.025494392631568386,0.5,0.5925925925925926,0.5,0.0,0.5185185185185185,0.0,0.3333333333333333
64.5,24.0,112.5,54,0.0,0.0,96.54703833703272,294.0676761728642,0.027222196341432747,0.5,0.6666666666666666,0.4444444444444444,0.0,0.5,0.0,0.3888888888888889
64.5,24.5,113.5,54,0.0,0.0,88.9478022820083,289.9131458925858,0.029122775412758446,0.5,0.8148148148148148,0.4444444444444444,0.0,0.6666666666666666,0.0,0.5
64.5,25.0,114.5,54,0.0,0.0,80.3554335182755,285.570216645014,0.031180052158890057,0.5,0.9074074074074074,0.4444444444444444,0.0,0.6666666666666666,0.0,0.5
64.5,25.5,115.5,54,0.0,0.0,70.69077380937468,281.03979631240543,0.033360528636711524,0.5,1.0,0.3333333333333333,0.0,0.7592592592592593,0.0,0.5185185185185185
64.5,26.0,116.5,54,0.0,0.0,60.07376437849001,276.3230536590152,0.035607657719914705,0.5,1.0,0.3333333333333333,0.0,0.7222222222222222,0.0,0.5555555555555556
64.5,26.5,117.5,54,0.0,0.0,48.81639779395933,271.3926088966756,0.03783728298457476,0.5,1.0,0.3333333333333333,0.0,0.6666666666666666,0.05555555555555555,0.5925925925925926
64.5,27.0,118.5,54,0.0,0.0,43.64104267357466,266.1076728356808,0.0399364837103662,0.5,1.0,0.16666666666666666,0.0,0.6666666666666666,0.16666666666666666,0.6851851851851852
64.5,27.5,119.5,54,0.0,0.0,43.40726879404109,260.6371508232032,0.04176876479677505,0.5,1.0,0.16666666666666666,0.0,0.6666666666666666,0.5,0.8333333333333334
64.5,28.0,120.5,54,0.0,0.0,43.12566282088593,254.98388669333778,0.043187946686667505,0.5,1.0,0.16666666666666666,0.0,0.6666666666666666,1.0,1.0
64.5,28.5,121.5,54,0.0,0.07407407407407407,42.74930739505964,249.15124748653062,0.0440605355337749,0.5,1.0,0.07407407407407407,0.3333333333333333,0.6666666666666666,1.0,0.8333333333333334
64.5,29.0,122.5,54,0.0,0.05555555555555555,42.320139580386936,243.2409809180281,0.04429204669048369,0.5,1.0,0.05555555555555555,0.5,0.6666666666666666,1.0,0.8333333333333334
64.5,29.5,123.5,54,0.0,0.037037037037037035,41.910237283104756,237.34695816107123,0.043848866644742454,0.5,1.0,0.037037037037037035,0.5,0.6666666666666666,1.0,0.7037037037037037
64.5,30.0,124.5,54,0.0,0.12962962962962962,41.43946627909801,231.21423547842488,0.042766976358201446,0.5,1.0,0.12962962962962962,0.5,0.5185185185185185,1.0,0.6666666666666666
64.5,30.5,125.5,54,0.0,0.2222222222222222,40.91357396884488,224.9221130133984,0.041143655033749844,0.5,1.0,0.42592592592592593,0.5,0.2222222222222222,0.3888888888888889,0.37037037037037035
64.5,31.0,126.5,54,0.0,0.09259259259259259,40.28810519522569,218.47679794841494,0.03911563880423625,0.5,1.0,0.5,0.4444444444444444,0.09259259259259259,0.1111111111111111,0.24074074074074073
64.5,31.5,127.5,54,0.0,0.018518518518518517,39.612749661622324,211.8852681092626,0.036832346401387106,0.5,1.0,0.5,0.1111111111111111,0.018518518518518517,0.0,0.2037037037037037
64.5,32.0,128.5,54,0.0,0.0,38.8921000233948,205.15532147063095,0.03443286417513792,0.5,1.0,0.5,0.0,0.0,0.0,0.18518518518518517
64.5,32.5,129.5,54,0.0,0.0,38.135125791123585,198.2413682388112,0.03203156345543845,0.5,1.0,0.5,0.0,0.0,0.0,0.1111111111111111
64.5,33.0,130.5,54,0.0,0.0,37.65773853603467,191.0877590320711,0.029712746930279667,0.5,1.0,0.5,0.0,0.0,0.0,0.037037037037037035
64.5,33.5,131.5,54,0.0,0.0,38.358269355446666,183.82746508150976,0.027531940912611037,0.5,0.9444444444444444,0.5,0.0,0.0,0.0,0.018518518518518517
64.5,34.0,132.5,54,0.0,0.0,42.29822244493772,176.47253732819797,0.025520759828736594,0.5,0.8148148148148148,0.5,0.0,0.0,0.0,0.0
64.5,34.5,133.5,54,0.0,0.0,45.99208208774224,186.53754759889034,0.023692872129535053,0.5,0.7222222222222222,0.5,0.0,0.0,0.0,0.0
64.5,35.0,134.5,54,0.0,0.0,49.33542115981315,202.91917451563057,0.02204958049927676,0.5,0.6296296296296297,0.5,0.0,0.0,0.0,0.0
64.5,35.5,135.5,54,0.0,0.0,54.44837921320526,217.5437012510406,0.020584363028258182,0.5,0.5370370370370371,0.46296296296296297,0.0,0.0,0.0,0.0
64.5,36.0,136.5,54,0.0,0.0,59.60515734706079,230.47024025078588,0.019286248808635074,0.5,0.5185185185185185,0.37037037037037035,0.0,0.0,0.0,0.0
64.5,36.5,137.5,54,0.0,0.0,65.02423478774054,241.79074963175768,0.018142161400500182,0.5,0.5,0.2222222222222222,0.0,0.0,0.0,0.0
64.5,37.0,138.5,54,0.0,0.0,69.93719403343769,251.64867035619417,0.017138451831772015,0.5,0.48148148148148145,0.1111111111111111,0.0,0.0,0.0,0.07407407407407407
64.5,37.5,139.5,54,0.0,0.0,74.36395026747084,260.2854001379398,0.016261841801516717,0.5,0.37037037037037035,0.037037037037037035,0.0,0.0,0.0,0.16666666666666666
64.5,38.0,140.5,54,0.0,0.0,78.32812258867018,267.3318175806811,0.015499960784125617,0.5,0.2777777777777778,0.0,0.0,0.0,0.0,0.16666666666666666
64.5,38.5,141.5,54,0.0,0.0,81.85409717703244,273.9261094632668,0.014841616073739135,0.5,0.16666666666666666,0.0,0.0,0.018518518518518517,0.0,0.16666666666666666
64.5,39.0,142.5,54,0.0,0.0,84.96513007101031,279.16061787201136,0.014276894825920167,0.5,0.14814814814814814,0.0,0.0,0.018518518518518517,0.0,0.16666666666666666
64.5,39.5,143.5,54,0.0,0.0,87.67990523875505,283.4864016376367,0.013797165665664033,0.5,0.037037037037037035,0.05555555555555555,0.0,0.018518518518518517,0.0,0.25925925925925924
64.5,40.0,144.5,54,0.0,0.0,90.09723428908788,286.86872004400834,0.013395024357992499,0.5,0.0,0.07407407407407407,0.0,0.05555555555555555,0.0,0.3333333333333333
65.0,10.0,85.0,54,0.0,0.0,102.95395975117587,369.41585868850905,0.02616362300232798,0.2962962962962963,0.0,0.2777777777777778,0.0,0.018518518518518517,0.7222222222222222,0.5740740740740741
65.0,10.5,86.0,54,0.0,0.0,107.00042006492654,373.5096846415527,0.02388282381717803,0.18518518518518517,0.0,0.4074074074074074,0.0,0.0,0.6851851851851852,0.7777777777777778
65.0,11.0,87.0,54,0.0,0.0,110.5760499620728,376.8015089566605,0.022000565124277477,0.16666666666666666,0.0,0.48148148148148145,0.0,0.0,0.5740740740740741,0.8518518518518519
65.0,11.5,88.0,54,0.0,0.0,113.74187020085708,379.3911031371629,0.020440678479319192,0.07407407407407407,0.0,0.5,0.0,0.0,0.4444444444444444,0.8888888888888888
65.0,12.0,89.0,54,0.0,0.0,116.54696022701631,381.35535736962316,0.019144964660193463,0.05555555555555555,0.0,0.5,0.0,0.0,0.18518518518518517,0.9074074074074074
65.0,12.5,90.0,54,0.0,0.0,119.03064570411273,382.79647673803726,0.018068595753366813,0.018518518518518517,0.0,0.5,0.0,0.0,0.07407407407407407,0.7592592592592593
65.0,13.0,91.0,54,0.0,0.0,121.22419110201879,384.18892976060886,0.01717681646051552,0.018518518518518517,0.0,0.5,0.0,0.0,0.0,0.3888888888888889
65.0,13.5,92.0,54,0.0,0.0,123.15209620900752,385.03174067360584,0.016442557912817034,0.018518518518518517,0.0,0.5,0.0,0.0,0.0,0.3333333333333333
65.0,14.0,93.0,54,0.0,0.0,124.83307617570648,385.35748833030317,0.015844697687152035,0.018518518518518517,0.0,0.5,0.0,0.0,0.0,0.25925925925925924
65.0,14.5,94.0,54,0.0,0.0,126.2807868038299,385.18677435587875,0.015366782038953905,0.018518518518518517,0.0,0.5,0.0,0.0,0.0,0.2037037037037037
65.0,15.0,95.0,54,0.0,0.0,127.5267909721966,384.5296131403738,0.014996082490206585,0.018518518518518517,0.0,0.5,0.0,0.0,0.0,0.18518518518518517
65.0,15.5,96.0,54,0.0,0.0,128.67273584748364,383.38633636619517,0.014722897264701326,0.05555555555555555,0.0,0.5,0.0,0.0,0.0,0.18518518518518517
65.0,16.0,97.0,54,0.0,0.0,129.5919966949335,381.7481006425182,0.014540034399537148,0.05555555555555555,0.0,0.5,0.0,0.0,0.0,0.16666666666666666
65.0,16.5,98.0,54,0.0,0.0,130.28394916270133,379.59706014636606,0.014442431539669063,0.05555555555555555,0.0,0.5,0.0,0.0,0.0,0.09259259259259259
65.0,17.0,99.0,54,0.0,0.0,130.7435887993036,376.9062472889021,0.014426880000273385,0.12962962962962962,0.0,0.5,0.0,0.018518518518518517,0.0,0.037037037037037035
65.0,17.5,100.0,54,0.0,0.0,130.96140323307938,373.6391920237022,0.014491829337623455,0.18518518518518517,0.0,0.5,0.0,0.018518518518518517,0.0,0.018518518518518517
65.0,18.0,101.0,54,0.0,0.0,130.9231103628543,369.74930410908115,0.01463725447554612,0.3333333333333333,0.037037037037037035,0.5,0.0,0.018518518518518517,0.0,0.0
65.0,18.5,102.0,54,0.0,0.0,130.60926651548186,365.1790430566418,0.014864571032703857,0.4074074074074074,0.05555555555555555,0.5,0.0,0.07407407407407407,0.0,0.0
65.0,19.0,103.0,54,0.0,0.0,129.99474923623183,359.8589094805791,0.015176586197456321,0.5,0.12962962962962962,0.5,0.0,0.1111111111111111,0.0,0.0
65.0,19.5,104.0,54,0.0,0.0,129.04812433667766,353.7063125324396,0.015577472332510507,0.5,0.16666666666666666,0.5,0.0,0.14814814814814814,0.0,0.0
65.0,20.0,105.0,54,0.0,0.0,127.73091829145564,346.84620308007544,0.016072748220598915,0.5,0.3148148148148148,0.5,0.0,0.2037037037037037,0.0,0.0
65.0,20.5,106.0,54,0.0,0.0,125.99683865566584,338.7261784423467,0.016669247957420443,0.5,0.37037037037037035,0.5,0.0,0.2962962962962963,0.0,0.0
65.0,21.0,107.0,54,0.0,0.0,123.79102235906726,331.0629450608896,0.01737504912031862,0.5,0.4444444444444444,0.5,0.0,0.3888888888888889,0.0,0.0
65.0,21.5,108.0,54,0.0,0.0,121.04945248810071,326.3865038568802,0.018199318847589088,0.5,0.5,0.5,0.0,0.5370370370370371,0.0,0.16666666666666666
65.0,22.0,109.0,54,0.0,0.0,117.707031348642,322.9651533003502,0.019152017525433496,0.5,0.5,0.5,0.0,0.5370370370370371,0.0,0.16666666666666666
65.0,22.5,110.0,54,0.0,0.0,113.70735917411449,319.3465401172847,0.020243373779655717,0.5,0.5370370370370371,0.5,0.0,0.5185185185185185,0.0,0.2037037037037037
65.0,23.0,111.0,54,0.0,0.0,108.82276520583262,315.5304135234847,0.021483011480573515,0.5,0.5555555555555556,0.5,0.0,0.5,0.0,0.3333333333333333
65.0,23.5,112.0,54,0.0,0.0,103.41686292471675,311.3801499252816,0.022878572828664612,0.5,0.5925925925925926,0.4444444444444444,0.0,0.5,0.0,0.3333333333333333
65.0,24.0,113.0,54,0.0,0.0,96.84182373275293,307.09038003700834,0.02443365174048105,0.5,0.6666666666666666,0.4444444444444444,0.0,0.48148148148148145,0.0,0.4444444444444444
65.0,24.5,114.0,54,0.0,0.0,89.28449540640025,302.7623746568588,0.026144852384975464,0.5,0.7962962962962963,0.3333333333333333,0.0,0.6111111111111112,0.0,0.5
65.0,25.0,115.0,54,0.0,0.0,80.67387042823621,298.2410020250698,0.02799786333382665,0.5,0.9074074074074074,0.3333333333333333,0.0,0.5925925925925926,0.0,0.5185185185185185
65.0,25.5,116.0,54,0.0,0.0,70.98933713625439,293.52681489161563,0.029962657788206504,0.5,1.0,0.3333333333333333,0.0,0.7037037037037037,0.0,0.5185185185185185
65.0,26.0,117.0,54,0.0,0.0,60.3433200905086,288.62062748539086,0.03198837613456174,0.5,1.0,0.16666666666666666,0.0,0.6666666666666666,0.0,0.5370370370370371
65.0,26.5,118.0,54,0.0,0.0,49.12657981401647,283.5230139705616,0.033999157759927366,0.5,1.0,0.16666666666666666,0.0,0.6666666666666666,0.07407407407407407,0.5925925925925926
65.0,27.0,119.0,54,0.0,0.0,46.05074646010228,278.0312156772663,0.03589304277914661,0.5,1.0,0.1111111111111111,0.0,0.6666666666666666,0.16666666666666666,0.6666666666666666
65.0,27.5,120.0,54,0.0,0.0,45.80819622867222,272.34659841368824,0.037546623275380775,0.5,1.0,0.05555555555555555,0.0,0.6666666666666666,0.5,0.8333333333333334
65.0,28.0,121.0,54,0.0,0.0,45.51586105763838,266.47166529650747,0.03882760398368644,0.5,1.0,0.05555555555555555,0.0,0.6666666666666666,1.0,0.8888888888888888
65.0,28.5,122.0,54,0.0,0.0,45.133713789618035,260.4094633027633,0.03961509465858542,0.5,1.0,0.0,0.3333333333333333,0.6666666666666666,1.0,0.8333333333333334
65.0,29.0,123.0,54,0.0,0.0,44.68788475225835,254.2006072948065,0.039823526263177055,0.5,1.0,0.0,0.5,0.6666666666666666,1.0,0.8333333333333334
65.0,29.5,124.0,54,0.0,0.0,44.24874703224404,248.0791602007366,0.03942252386868667,0.5,1.0,0.0,0.5,0.6666666666666666,1.0,0.6666666666666666
65.0,30.0,125.0,54,0.0,0.09259259259259259,43.75865557298486,241.69977389025934,0.038444820882114095,0.5,1.0,0.09259259259259259,0.5,0.42592592592592593,1.0,0.6666666666666666
65.0,30.5,126.0,54,0.0,0.1111111111111111,43.215406372309424,235.1526576814233,0.036978680481808475,0.5,1.0,0.37037037037037035,0.5,0.1111111111111111,0.3888888888888889,0.37037037037037035
65.0,31.0,127.0,54,0.0,0.037037037037037035,42.573087518034356,228.44387684244487,0.035148010216625496,0.5,1.0,0.5,0.4444444444444444,0.037037037037037035,0.1111111111111111,0.24074074074074073
65.0,31.5,128.0,54,0.0,0.0,41.86846286325508,221.58031807874545,0.03308803503943903,0.5,1.0,0.5,0.1111111111111111,0.0,0.0,0.2037037037037037
65.0,32.0,129.0,54,0.0,0.0,41.1131142006537,214.56974584803018,0.03092444182932451,0.5,1.0,0.5,0.0,0.0,0.0,0.12962962962962962
65.0,32.5,130.0,54,0.0,0.0,40.32176188739306,207.42085709187256,0.028760403302310382,0.5,1.0,0.5,0.0,0.0,0.0,0.09259259259259259
65.0,33.0,131.0,54,0.0,0.0,39.62247047667521,199.96817853811822,0.026671806686707152,0.5,1.0,0.5,0.0,0.0,0.0,0.037037037037037035
65.0,33.5,132.0,54,0.0,0.0,40.40622679557033,192.39315821314972,0.024708495135784814,0.5,0.9074074074074074,0.5,0.0,0.0,0.0,0.018518518518518517
65.0,34.0,133.0,54,0.0,0.0,44.10568378290417,184.7151742443995,0.02289872027616838,0.5,0.7777777777777778,0.5,0.0,0.0,0.0,0.0
65.0,34.5,134.0,54,0.0,0.0,47.83323794300513,187.10764178142296,0.02125456600790168,0.5,0.6666666666666666,0.5,0.0,0.0,0.0,0.0
65.0,35.0,135.0,54,0.0,0.0,51.1968199699155,203.49371562739307,0.01977700313590153,0.5,0.5740740740740741,0.5,0.0,0.0,0.0,0.0
65.0,35.5,136.0,54,0.0,0.0,54.81382143238267,218.1166161282272,0.01845999151666316,0.5,0.5185185185185185,0.4444444444444444,0.0,0.0,0.0,0.0
65.0,36.0,137.0,54,0.0,0.0,60.40937798855924,231.03725877032576,0.017293521953688374,0.5,0.5,0.35185185185185186,0.0,0.0,0.0,0.0
65.0,36.5,138.0,54,0.0,0.0,65.19392637278195,242.34905205497444,0.016265723043850863,0.5,0.5,0.2222222222222222,0.0,0.0,0.0,0.0
65.0,37.0,139.0,54,0.0,0.0,70.10815253948063,252.14073837345907,0.015364235930222242,0.5,0.4444444444444444,0.09259259259259259,0.0,0.0,0.0,0.1111111111111111
65.0,37.5,140.0,54,0.0,0.0,74.53527777408824,260.7809430066037,0.014577057589762016,0.5,0.3148148148148148,0.018518518518518517,0.0,0.018518518518518517,0.0,0.16666666666666666
65.0,38.0,141.0,54,0.0,0.0,78.49921829818379,267.7570804024415,0.013893019008971698,0.5,0.25925925925925924,0.0,0.0,0.018518518518518517,0.0,0.16666666666666666
65.0,38.5,142.0,54,0.0,0.0,82.02459021921985,274.34284307469824,0.013302023799661635,0.5,0.16666666666666666,0.0,0.0,0.018518518518518517,0.0,0.16666666666666666
65.0,39.0,143.0,54,0.0,0.0,85.13482451561511,279.58695753112033,0.012795136492889984,0.5,0.09259259259259259,0.0,0.0,0.037037037037037035,0.0,0.16666666666666666
65.0,39.5,144.0,54,0.0,0.0,87.85098700240397,283.9037983191769,0.012364581253684297,0.5,0.018518518518518517,0.0,0.0,0.05555555555555555,0.0,0.3148148148148148
65.0,40.0,145.0,54,0.0,0.0,90.24238707899755,287.2778232336407,0.01200369093511452,0.5,0.0,0.037037037037037035,0.0,0.07407407407407407,0.0,0.3333333333333333
