deployment,deployment_label,return_path,return_label,choke_position,ground,band,frequency_hz,antenna_resistance_ohm,antenna_reactance_ohm,antenna_raw_swr_50ohm,nec_radiation_efficiency,cache_hit,device,device_label,atu_profile,atu_profile_status,tuner_loss_envelope,tuner_objective,hardware_loss_envelope,transformer_primary_resistance_ohm,transformer_primary_reactance_ohm,tuner_load_resistance_ohm,tuner_load_reactance_ohm,raw_swr_at_tuner,coax_efficiency,coax_loss_db,transformer_loss_db,choke_loss_db,tuned_input_swr,match_success_swr_2p5,atu_topology,atu_inductance_uH,atu_capacitance_pF,atu_tuner_efficiency,atu_dissipation_loss_db,atu_residual_mismatch_efficiency,atu_transducer_efficiency,atu_total_loss_db,pa_forward_radiating_efficiency,pa_forward_total_loss_db
horizontal_10,10 ft low horizontal,coax_common_mode,17 ft coax exterior as counterpoise; choke at radio,radio,average,160m,1850000,12.995,-2642.7,10752.646555745572,0.8787999999999999,True,kx3,KX3 / KXAT3,kxat3,published,nominal,lowest_loss_swr_2p5,best,1.4438888888888888,-293.6333333333333,6.012847777699269,-101.20896463610055,42.48347086931466,0.03455009904638584,14.615507032756824,0.25,0.1,1.81713381778223,True,source_shunt,10.62,2683.0,0.7483591140565973,1.2588994782175358,0.9158660236842708,0.6853966860788995,1.6405799973271558,0.019199120979483796,17.167186547599254
horizontal_10,10 ft low horizontal,coax_common_mode,17 ft coax exterior as counterpoise; choke at radio,radio,average,80m,3550000,21.819,-1160.2,1236.5729194961677,0.8805,True,kx2,KX2 / KXAT2,kxat2,published,nominal,lowest_loss_swr_2p5,best,2.4243333333333332,-128.91111111111113,2.963180974967866,-37.62587038269045,26.450528889945414,0.16742980079442019,7.761672394807263,0.25,0.1,3.8691961206621626,False,source_shunt,2.75,1323.0,0.7276305005081767,1.380891046542273,0.6527790385830462,0.47498193856542825,3.233229043340884,0.06460099638846131,11.897607835115192
horizontal_10,10 ft low horizontal,coax_common_mode,17 ft coax exterior as counterpoise; choke at radio,radio,average,80m,3550000,21.819,-1160.2,1236.5729194961677,0.8805,True,kx3,KX3 / KXAT3,kxat3,published,nominal,lowest_loss_swr_2p5,best,2.4243333333333332,-128.91111111111113,2.963180974967866,-37.62587038269045,26.450528889945414,0.16742980079442019,7.761672394807263,0.25,0.1,1.2685562394604786,True,source_shunt,2.37,2683.0,0.7448234650916795,1.2794664969681846,0.9859857005396381,0.7343852860067803,1.340760331549595,0.09988173729795004,10.0051391233239
horizontal_10,10 ft low horizontal,coax_common_mode,17 ft coax exterior as counterpoise; choke at radio,radio,average,60m,5357000,44.448,-454.82,95.08346110240701,0.8912,True,kx2,KX2 / KXAT2,kxat2,published,nominal,lowest_loss_swr_2p5,best,4.938666666666666,-50.535555555555554,4.370127709812279,2.181078670515302,11.463251511719337,0.555802944961615,2.550791564122086,0.25,0.1,1.7363485572166713,True,source_shunt,0.5,1323.0,0.9018515151662856,0.4486496074218194,0.9275857484932797,0.8365446127253174,0.7751089326251297,0.3822831255574093,4.176148718450679
horizontal_10,10 ft low horizontal,coax_common_mode,17 ft coax exterior as counterpoise; choke at radio,radio,average,60m,5357000,44.448,-454.82,95.08346110240701,0.8912,True,kx3,KX3 / KXAT3,kxat3,published,nominal,lowest_loss_swr_2p5,best,4.938666666666666,-50.535555555555554,4.370127709812279,2.181078670515302,11.463251511719337,0.555802944961615,2.550791564122086,0.25,0.1,1.016621376495295,True,source_shunt,0.36999999999999994,1829.0,0.9078799738183478,0.4197156354271089,0.9999320663043952,0.9078182981765608,0.42001067774024414,0.4148536864454077,3.8210504635657934
horizontal_10,10 ft low horizontal,coax_common_mode,17 ft coax exterior as counterpoise; choke at radio,radio,average,40m,7050000,133.02,200.02,8.939759594360087,0.8978,True,kx2,KX2 / KXAT2,kxat2,published,nominal,lowest_loss_swr_2p5,best,14.780000000000001,22.224444444444444,174.45736938531945,12.642185405655217,3.5090994692536532,0.8353746323551594,0.7811871699937188,0.25,0.1,1.043490666832343,True,load_shunt,1.7499999999999998,213.0,0.9731354315366961,0.11826714638049121,0.9995470535957992,0.9726946533421812,0.12023471325473134,0.6730346330414881,1.7196258725921099
horizontal_10,10 ft low horizontal,coax_common_mode,17 ft coax exterior as counterpoise; choke at radio,radio,average,40m,7050000,133.02,200.02,8.939759594360087,0.8978,True,kx3,KX3 / KXAT3,kxat3,published,nominal,lowest_loss_swr_2p5,best,14.780000000000001,22.224444444444444,174.45736938531945,12.642185405655217,3.5090994692536532,0.8353746323551594,0.7811871699937188,0.25,0.1,1.0438172821943639,True,load_shunt,1.7499999999999998,213.0,0.9726624273665346,0.12037860008699795,0.9995403717234839,0.9722153642114122,0.1223751992110394,0.6727029994881016,1.721766358548418
horizontal_10,10 ft low horizontal,coax_common_mode,17 ft coax exterior as counterpoise; choke at radio,radio,average,40m,7050000,133.02,200.02,8.939759594360087,0.8978,True,kh1,KH1 / KHATU1,khatu1,inferred,nominal,lowest_loss_swr_2p5,best,14.780000000000001,22.224444444444444,174.45736938531945,12.642185405655217,3.5090994692536532,0.8353746323551594,0.7811871699937188,0.25,0.1,1.1795361109324383,True,load_shunt,1.75,240.0,0.9694419408875944,0.13478195360080023,0.9932145994606056,0.9628638890189842,0.1643510064893905,0.666232452278958,1.7637421658267682
horizontal_10,10 ft low horizontal,coax_common_mode,17 ft coax exterior as counterpoise; choke at radio,radio,average,40m,7050000,133.02,200.02,8.939759594360087,0.8978,True,kh1,KH1 / KHATU1,khatu1_wide_sensitivity,range-fit,nominal,lowest_loss_swr_2p5,best,14.780000000000001,22.224444444444444,174.45736938531945,12.642185405655217,3.5090994692536532,0.8353746323551594,0.7811871699937188,0.25,0.1,1.263783212190869,True,load_shunt,1.5,220.0,0.976336003802584,0.10400695156390617,0.9864223491943275,0.9630796544739467,0.16337791725025694,0.6663817464313466,1.762769076587635
horizontal_10,10 ft low horizontal,coax_common_mode,17 ft coax exterior as counterpoise; choke at radio,radio,average,30m,10120000,257.52,-1292.8,135.1392599338518,0.8905,True,kx2,KX2 / KXAT2,kxat2,published,nominal,lowest_loss_swr_2p5,best,28.61333333333333,-143.64444444444445,6.307062049996851,17.147313368928355,8.873451443244159,0.5270492604218003,2.7814879175222633,0.25,0.1,1.0597822058589208,True,load_shunt,0.0,811.0,0.9919921066877213,0.03491783526874749,0.9991576331503518,0.9911564854219349,0.038577729717537694,0.4291680265028225,3.6737264092471777
horizontal_10,10 ft low horizontal,coax_common_mode,17 ft coax exterior as counterpoise; choke at radio,radio,average,30m,10120000,257.52,-1292.8,135.1392599338518,0.8905,True,kx3,KX3 / KXAT3,kxat3,published,nominal,lowest_loss_swr_2p5,best,28.61333333333333,-143.64444444444445,6.307062049996851,17.147313368928355,8.873451443244159,0.5270492604218003,2.7814879175222633,0.25,0.1,1.060273586140901,True,load_shunt,0.0,811.0,0.9915238390400466,0.036968396643412255,0.9991441369556787,0.9906752304286487,0.04068695413259982,0.4289596444170963,3.67583563366224
horizontal_10,10 ft low horizontal,coax_common_mode,17 ft coax exterior as counterpoise; choke at radio,radio,average,30m,10120000,257.52,-1292.8,135.1392599338518,0.8905,True,kh1,KH1 / KHATU1,khatu1,inferred,nominal,lowest_loss_swr_2p5,best,28.61333333333333,-143.64444444444445,6.307062049996851,17.147313368928355,8.873451443244159,0.5270492604218003,2.7814879175222633,0.25,0.1,3.2368896377644023,False,source_shunt,0.0,420.0,0.9764600616134116,0.10345515177583747,0.7212628777185033,0.7042843940164762,1.5225193487562216,0.3049532015604145,5.157668028285861
horizontal_10,10 ft low horizontal,coax_common_mode,17 ft coax exterior as counterpoise; choke at radio,radio,average,30m,10120000,257.52,-1292.8,135.1392599338518,0.8905,True,kh1,KH1 / KHATU1,khatu1_wide_sensitivity,range-fit,nominal,lowest_loss_swr_2p5,best,28.61333333333333,-143.64444444444445,6.307062049996851,17.147313368928355,8.873451443244159,0.5270492604218003,2.7814879175222633,0.25,0.1,3.7348969924112874,False,source_shunt,0.0,367.0,0.9766224829998572,0.10273281966311062,0.6663732410172762,0.6507950892469546,1.8655573281107936,0.28179248001484414,5.500706007640433
horizontal_10,10 ft low horizontal,coax_common_mode,17 ft coax exterior as counterpoise; choke at radio,radio,average,20m,14050000,89.464,79.578,3.476180528153441,0.9227,True,kx2,KX2 / KXAT2,kxat2,published,nominal,lowest_loss_swr_2p5,best,9.940444444444445,8.842,22.853621039465843,-42.4143464390657,3.9671891434497253,0.7428804445339391,1.2908107379934877,0.25,0.1,1.055695503069712,True,source_shunt,0.75,231.0,0.9507469410965455,0.21935063199606925,0.9992659549904339,0.9500490500490734,0.2225397195774613,0.6007938451190655,2.2127452514589634
horizontal_10,10 ft low horizontal,coax_common_mode,17 ft coax exterior as counterpoise; choke at radio,radio,average,20m,14050000,89.464,79.578,3.476180528153441,0.9227,True,kx3,KX3 / KXAT3,kxat3,published,nominal,lowest_loss_swr_2p5,best,9.940444444444445,8.842,22.853621039465843,-42.4143464390657,3.9671891434497253,0.7428804445339391,1.2908107379934877,0.25,0.1,1.0552668642800376,True,source_shunt,0.75,231.0,0.9497584037781146,0.22386854974278822,0.9992769085808472,0.9490716416260744,0.22701003180157425,0.6001757497010711,2.217215563683076
horizontal_10,10 ft low horizontal,coax_common_mode,17 ft coax exterior as counterpoise; choke at radio,radio,average,20m,14050000,89.464,79.578,3.476180528153441,0.9227,True,kh1,KH1 / KHATU1,khatu1,inferred,nominal,lowest_loss_swr_2p5,best,9.940444444444445,8.842,22.853621039465843,-42.4143464390657,3.9671891434497253,0.7428804445339391,1.2908107379934877,0.25,0.1,1.2659819990432724,True,source_shunt,0.7,240.0,0.9561366541011893,0.19480032534817895,0.9862218286831087,0.9429628394786239,0.25505421713754695,0.5963126536524525,2.24525974901905
horizontal_10,10 ft low horizontal,coax_common_mode,17 ft coax exterior as counterpoise; choke at radio,radio,average,20m,14050000,89.464,79.578,3.476180528153441,0.9227,True,kh1,KH1 / KHATU1,khatu1_wide_sensitivity,range-fit,nominal,lowest_loss_swr_2p5,best,9.940444444444445,8.842,22.853621039465843,-42.4143464390657,3.9671891434497253,0.7428804445339391,1.2908107379934877,0.25,0.1,1.091048486116676,True,source_shunt,0.75,220.0,0.9535741507063871,0.20645530210523633,0.9981040920314975,0.9517662618755048,0.21469694095983025,0.6018797788358904,2.2049024728413325
horizontal_10,10 ft low horizontal,coax_common_mode,17 ft coax exterior as counterpoise; choke at radio,radio,average,17m,18080000,3379.4,-39.132,67.59706461897744,0.9124,True,kx2,KX2 / KXAT2,kxat2,published,nominal,lowest_loss_swr_2p5,best,375.4888888888889,-4.348,76.07106437301445,106.28239060048173,4.946373662169265,0.643050029710601,1.9175523736813946,0.25,0.1,1.0376459079500215,True,load_shunt,0.813,131.0,0.9661026296239608,0.14976735787554785,0.9996586671251084,0.9657728670359509,0.15125000076790165,0.5227632378029415,2.8169496084031858
horizontal_10,10 ft low horizontal,coax_common_mode,17 ft coax exterior as counterpoise; choke at radio,radio,average,17m,18080000,3379.4,-39.132,67.59706461897744,0.9124,True,kx3,KX3 / KXAT3,kxat3,published,nominal,lowest_loss_swr_2p5,best,375.4888888888889,-4.348,76.07106437301445,106.28239060048173,4.946373662169265,0.643050029710601,1.9175523736813946,0.25,0.1,1.0333397067414865,True,load_shunt,0.8099999999999999,131.0,0.9657023010150934,0.15156733783740026,0.9997311539452423,0.965442675761395,0.1527350783962833,0.5225845085533707,2.818434686031568
horizontal_10,10 ft low horizontal,coax_common_mode,17 ft coax exterior as counterpoise; choke at radio,radio,average,17m,18080000,3379.4,-39.132,67.59706461897744,0.9124,True,kh1,KH1 / KHATU1,khatu1,inferred,nominal,lowest_loss_swr_2p5,best,375.4888888888889,-4.348,76.07106437301445,106.28239060048173,4.946373662169265,0.643050029710601,1.9175523736813946,0.25,0.1,1.494981717321123,True,load_shunt,0.7,120.0,0.9764629122759665,0.10344247306772748,0.960641043014446,0.9380303505137079,0.27783109544833684,0.5077464898107559,2.9435307030836224
horizontal_10,10 ft low horizontal,coax_common_mode,17 ft coax exterior as counterpoise; choke at radio,radio,average,17m,18080000,3379.4,-39.132,67.59706461897744,0.9124,True,kh1,KH1 / KHATU1,khatu1_wide_sensitivity,range-fit,nominal,lowest_loss_swr_2p5,best,375.4888888888889,-4.348,76.07106437301445,106.28239060048173,4.946373662169265,0.643050029710601,1.9175523736813946,0.25,0.1,1.4193223487644426,True,load_shunt,0.75,147.0,0.95928881140449,0.18050620862693273,0.9699594039877992,0.9304712037620634,0.31297062877923615,0.5036547989320866,2.978670236414521
horizontal_10,10 ft low horizontal,coax_common_mode,17 ft coax exterior as counterpoise; choke at radio,radio,average,15m,21050000,202.33,78.62,4.691564924269905,0.9401,True,kx2,KX2 / KXAT2,kxat2,published,nominal,lowest_loss_swr_2p5,best,22.48111111111111,8.735555555555557,27.243484523438713,13.813868874636157,2.026891671566073,0.817793739778682,0.8735621829865523,0.25,0.1,1.1045723221040267,True,source_shunt,0.063,131.0,0.9871569658340088,0.056137855517095936,0.9975310869526361,0.9847197611212651,0.06687346675012262,0.6984422258448033,1.5586951229069528
horizontal_10,10 ft low horizontal,coax_common_mode,17 ft coax exterior as counterpoise; choke at radio,radio,average,15m,21050000,202.33,78.62,4.691564924269905,0.9401,True,kx3,KX3 / KXAT3,kxat3,published,nominal,lowest_loss_swr_2p5,best,22.48111111111111,8.735555555555557,27.243484523438713,13.813868874636157,2.026891671566073,0.817793739778682,0.8735621829865523,0.25,0.1,1.1190973303973597,True,source_shunt,0.06,131.0,0.9864731614854749,0.05914725898172664,0.9968413446252762,0.983357232731928,0.07288683571194496,0.6974758114408293,1.564708491868776
horizontal_10,10 ft low horizontal,coax_common_mode,17 ft coax exterior as counterpoise; choke at radio,radio,average,15m,21050000,202.33,78.62,4.691564924269905,0.9401,True,kh1,KH1 / KHATU1,khatu1,inferred,nominal,lowest_loss_swr_2p5,best,22.48111111111111,8.735555555555557,27.243484523438713,13.813868874636157,2.026891671566073,0.817793739778682,0.8735621829865523,0.25,0.1,1.4581381877081343,True,load_shunt,0.0,120.0,0.9952912088283145,0.02049831934027148,0.9652639525298915,0.9607187261518725,0.17403744028050422,0.6814187670411395,1.6658590964373343
horizontal_10,10 ft low horizontal,coax_common_mode,17 ft coax exterior as counterpoise; choke at radio,radio,average,15m,21050000,202.33,78.62,4.691564924269905,0.9401,True,kh1,KH1 / KHATU1,khatu1_wide_sensitivity,range-fit,nominal,lowest_loss_swr_2p5,best,22.48111111111111,8.735555555555557,27.243484523438713,13.813868874636157,2.026891671566073,0.817793739778682,0.8735621829865523,0.25,0.1,1.4623105044564424,True,load_shunt,0.0,100.0,0.9953956252771984,0.020042722941733124,0.9647481521337526,0.9603060901281985,0.17590316892027547,0.6811260924811099,1.6677248250771055
horizontal_10,10 ft low horizontal,coax_common_mode,17 ft coax exterior as counterpoise; choke at radio,radio,average,12m,24910000,1366.7,1438.9,57.65152248069606,0.9803000000000001,True,kx2,KX2 / KXAT2,kxat2,published,nominal,lowest_loss_swr_2p5,best,151.85555555555555,159.8777777777778,34.00483727173309,-63.71736599219621,4.306084608723748,0.6336747383263056,1.981336058369945,0.25,0.1,1.047828893984961,True,source_shunt,0.563,82.0,0.9577965436440943,0.18726734508910975,0.9994545017727815,0.9572740673275004,0.1896370601852704,0.5486074371472887,2.607383092175713
horizontal_10,10 ft low horizontal,coax_common_mode,17 ft coax exterior as counterpoise; choke at radio,radio,average,12m,24910000,1366.7,1438.9,57.65152248069606,0.9803000000000001,True,kx3,KX3 / KXAT3,kxat3,published,nominal,lowest_loss_swr_2p5,best,151.85555555555555,159.8777777777778,34.00483727173309,-63.71736599219621,4.306084608723748,0.6336747383263056,1.981336058369945,0.25,0.1,1.0340878401254538,True,source_shunt,0.5599999999999999,82.0,0.9573093882694244,0.18947681968877927,0.9997191596138663,0.9570405371311733,0.19069666528768708,0.5484736025362027,2.6084426972781287
horizontal_10,10 ft low horizontal,coax_common_mode,17 ft coax exterior as counterpoise; choke at radio,radio,average,10m,28050000,1641.5,-1778.6,71.38946732378245,0.9703,True,kx2,KX2 / KXAT2,kxat2,published,nominal,lowest_loss_swr_2p5,best,182.38888888888889,-197.6222222222222,10.862831761280033,-9.250985689525882,4.7679399798517865,0.5728568413024868,2.419538960087636,0.25,0.1,1.2155291646065607,True,source_shunt,0.188,192.0,0.9378241917448557,0.27878568562632744,0.9905363831575301,0.9289489829285833,0.3200813642723447,0.4763695563267507,3.2205600105527674
horizontal_10,10 ft low horizontal,coax_common_mode,17 ft coax exterior as counterpoise; choke at radio,radio,average,10m,28050000,1641.5,-1778.6,71.38946732378245,0.9703,True,kx3,KX3 / KXAT3,kxat3,published,nominal,lowest_loss_swr_2p5,best,182.38888888888889,-197.6222222222222,10.862831761280033,-9.250985689525882,4.7679399798517865,0.5728568413024868,2.419538960087636,0.25,0.1,1.1077773947104816,True,source_shunt,0.17999999999999997,203.0,0.9375382332291076,0.28011012515600253,0.9973853962637987,0.9350869422616752,0.2914800753487961,0.479517131724313,3.1919587216292205
horizontal_10,10 ft low horizontal,coax_common_mode,17 ft coax exterior as counterpoise; choke at radio,radio,average,6m,50100000,254.13,263.51,10.650178920412102,0.9434,True,kx3,KX3 / KXAT3,kxat3,published,nominal,lowest_loss_swr_2p5,best,28.236666666666665,29.278888888888886,49.28177723133757,-36.450638822587464,2.052111373180796,0.7249364140677723,1.3970008478148621,0.25,0.1,1.0268463988551844,True,load_shunt,0.12,0.0,0.9843280992250231,0.06860117084486277,0.9998245592799815,0.9841554079945606,0.06936316705545104,0.6209540591926022,2.0694052957734828
horizontal_10,10 ft low horizontal,dedicated_counterpoise,17 ft dedicated 26-AWG counterpoise; choke at feedpoint,feedpoint,average,160m,1850000,11.8,-2690.8,12276.345477864186,0.8319,True,kx3,KX3 / KXAT3,kxat3,published,nominal,lowest_loss_swr_2p5,best,1.3111111111111111,-298.9777777777778,6.059779357617936,-101.96789830362603,42.665156244466644,0.030421391606112347,15.168209233194377,0.25,0.1,1.8051782429529102,True,source_shunt,10.68,2683.0,0.7489011859391125,1.255754816762774,0.9176121558889253,0.6872008317773619,1.6291632351310656,0.016044784096238336,17.9466612253502
horizontal_10,10 ft low horizontal,dedicated_counterpoise,17 ft dedicated 26-AWG counterpoise; choke at feedpoint,feedpoint,average,80m,3550000,20.093,-1199.6,1435.2691869565977,0.8414,True,kx2,KX2 / KXAT2,kxat2,published,nominal,lowest_loss_swr_2p5,best,2.2325555555555554,-133.2888888888889,2.947569315346952,-38.50416136461216,27.04471884994665,0.14873515179260322,8.275863789870026,0.25,0.1,3.8776597404492774,False,source_shunt,2.813,1323.0,0.7229044887640085,1.4091907856000665,0.6519385866100893,0.4712893306588969,3.2671239195777524,0.054413133538460404,12.642962632638001
horizontal_10,10 ft low horizontal,dedicated_counterpoise,17 ft dedicated 26-AWG counterpoise; choke at feedpoint,feedpoint,average,80m,3550000,20.093,-1199.6,1435.2691869565977,0.8414,True,kx3,KX3 / KXAT3,kxat3,published,nominal,lowest_loss_swr_2p5,best,2.2325555555555554,-133.2888888888889,2.947569315346952,-38.50416136461216,27.04471884994665,0.14873515179260322,8.275863789870026,0.25,0.1,1.3258222005983789,True,source_shunt,2.37,2683.0,0.7441147751284352,1.2836007203408615,0.9803750607145689,0.7295115678451474,1.36967817120107,0.08422641417218824,10.74551688426132
horizontal_10,10 ft low horizontal,dedicated_counterpoise,17 ft dedicated 26-AWG counterpoise; choke at feedpoint,feedpoint,average,60m,5357000,41.208,-495.48,121.18109445341527,0.8645999999999999,True,kx2,KX2 / KXAT2,kxat2,published,nominal,lowest_loss_swr_2p5,best,4.578666666666667,-55.053333333333335,3.991851322111316,0.08530022038747513,12.525553288795194,0.5149611440786576,2.8822553901483383,0.25,0.1,1.8710339193530303,True,source_shunt,0.563,1323.0,0.8875406497428353,0.5181174694360797,0.9079564229841846,0.8058482335935637,0.9374674171729644,0.3310113995221533,4.801570495344975
horizontal_10,10 ft low horizontal,dedicated_counterpoise,17 ft dedicated 26-AWG counterpoise; choke at feedpoint,feedpoint,average,60m,5357000,41.208,-495.48,121.18109445341527,0.8645999999999999,True,kx3,KX3 / KXAT3,kxat3,published,nominal,lowest_loss_swr_2p5,best,4.578666666666667,-55.053333333333335,3.991851322111316,0.08530022038747513,12.525553288795194,0.5149611440786576,2.8822553901483383,0.25,0.1,1.0384214491356143,True,source_shunt,0.43,1864.0000000000002,0.894249513022116,0.4854128768093907,0.9996447291941556,0.8939318122769986,0.4869560724574015,0.3671927391832252,4.3510591506294105
horizontal_10,10 ft low horizontal,dedicated_counterpoise,17 ft dedicated 26-AWG counterpoise; choke at feedpoint,feedpoint,average,40m,7050000,124.1,144.42,6.081819916252493,0.8833,True,kx2,KX2 / KXAT2,kxat2,published,nominal,lowest_loss_swr_2p5,best,13.788888888888888,16.046666666666667,143.32835615103258,61.54755588506351,3.454532339002839,0.8375989841613011,0.7696385804054284,0.25,0.1,1.0521146505381136,True,load_shunt,1.688,264.0,0.9734728400796118,0.11676160803526374,0.9993550642996182,0.9728450126916923,0.11956343178907636,0.6640305023545893,1.7781197078254454
horizontal_10,10 ft low horizontal,dedicated_counterpoise,17 ft dedicated 26-AWG counterpoise; choke at feedpoint,feedpoint,average,40m,7050000,124.1,144.42,6.081819916252493,0.8833,True,kx3,KX3 / KXAT3,kxat3,published,nominal,lowest_loss_swr_2p5,best,13.788888888888888,16.046666666666667,143.32835615103258,61.54755588506351,3.454532339002839,0.8375989841613011,0.7696385804054284,0.25,0.1,1.0591896937711227,True,load_shunt,1.68,264.0,0.9730920150874335,0.11846091123952075,0.9991737728263821,0.9722880200221377,0.12205065343810008,0.6636503183403353,1.7806069294744684
horizontal_10,10 ft low horizontal,dedicated_counterpoise,17 ft dedicated 26-AWG counterpoise; choke at feedpoint,feedpoint,average,40m,7050000,124.1,144.42,6.081819916252493,0.8833,True,kh1,KH1 / KHATU1,khatu1,inferred,nominal,lowest_loss_swr_2p5,best,13.788888888888888,16.046666666666667,143.32835615103258,61.54755588506351,3.454532339002839,0.8375989841613011,0.7696385804054284,0.25,0.1,1.2103619256072327,True,load_shunt,1.75,240.0,0.9777708096333515,0.09762932304736972,0.9909425177201451,0.9689146678513381,0.13714469505630128,0.6613477843216868,1.7957009710926704
horizontal_10,10 ft low horizontal,dedicated_counterpoise,17 ft dedicated 26-AWG counterpoise; choke at feedpoint,feedpoint,average,40m,7050000,124.1,144.42,6.081819916252493,0.8833,True,kh1,KH1 / KHATU1,khatu1_wide_sensitivity,range-fit,nominal,lowest_loss_swr_2p5,best,13.788888888888888,16.046666666666667,143.32835615103258,61.54755588506351,3.454532339002839,0.8375989841613011,0.7696385804054284,0.25,0.1,1.2275402397145365,True,load_shunt,1.5,267.0,0.9766134434667085,0.10277301777038776,0.9895656522569908,0.9664231191870792,0.1483268922038063,0.659647139008626,1.8068831682401754
horizontal_10,10 ft low horizontal,dedicated_counterpoise,17 ft dedicated 26-AWG counterpoise; choke at feedpoint,feedpoint,average,30m,10120000,247.03,-1255.2,132.69301523120507,0.8811,True,kx2,KX2 / KXAT2,kxat2,published,nominal,lowest_loss_swr_2p5,best,27.447777777777777,-139.46666666666667,6.388510214914042,17.66011765234792,8.817284549260958,0.5300025114267717,2.75722072481844,0.25,0.1,1.1045290494170592,True,load_shunt,0.0,790.0000000000001,0.9920397661547319,0.0347091869721103,0.9975330283863639,0.98959243221203,0.04543634580555292,0.4263433508125847,3.7024050581993655
horizontal_10,10 ft low horizontal,dedicated_counterpoise,17 ft dedicated 26-AWG counterpoise; choke at feedpoint,feedpoint,average,30m,10120000,247.03,-1255.2,132.69301523120507,0.8811,True,kx3,KX3 / KXAT3,kxat3,published,nominal,lowest_loss_swr_2p5,best,27.447777777777777,-139.46666666666667,6.388510214914042,17.66011765234792,8.817284549260958,0.5300025114267717,2.75722072481844,0.25,0.1,1.1050268942354495,True,load_shunt,0.0,790.0000000000001,0.9915906986310346,0.036675556760613764,0.997510651225146,0.9891222835402408,0.04750013980323345,0.42614079797003446,3.7044688521970466
horizontal_10,10 ft low horizontal,dedicated_counterpoise,17 ft dedicated 26-AWG counterpoise; choke at feedpoint,feedpoint,average,30m,10120000,247.03,-1255.2,132.69301523120507,0.8811,True,kh1,KH1 / KHATU1,khatu1,inferred,nominal,lowest_loss_swr_2p5,best,27.447777777777777,-139.46666666666667,6.388510214914042,17.66011765234792,8.817284549260958,0.5300025114267717,2.75722072481844,0.25,0.1,3.133914671705698,False,source_shunt,0.0,420.0,0.976693924013891,0.10241514006876666,0.7335405772961261,0.7164446248627683,1.4481737127627738,0.3086638418938635,5.105142425156587
horizontal_10,10 ft low horizontal,dedicated_counterpoise,17 ft dedicated 26-AWG counterpoise; choke at feedpoint,feedpoint,average,30m,10120000,247.03,-1255.2,132.69301523120507,0.8811,True,kh1,KH1 / KHATU1,khatu1_wide_sensitivity,range-fit,nominal,lowest_loss_swr_2p5,best,27.447777777777777,-139.46666666666667,6.388510214914042,17.66011765234792,8.817284549260958,0.5300025114267717,2.75722072481844,0.25,0.1,3.630739552516678,False,source_shunt,0.0,367.0,0.9768633892660117,0.10166166512790197,0.6772583629533472,0.6615888998433574,1.7941178999906948,0.28503050269809804,5.451086612384508
horizontal_10,10 ft low horizontal,dedicated_counterpoise,17 ft dedicated 26-AWG counterpoise; choke at feedpoint,feedpoint,average,20m,14050000,81.573,69.31,3.0995954987265693,0.8935,True,kx2,KX2 / KXAT2,kxat2,published,nominal,lowest_loss_swr_2p5,best,9.063666666666666,7.7011111111111115,22.54906691263872,-44.92636352350451,4.221706872403073,0.7278506543344998,1.3795772323117959,0.25,0.1,1.0847116260179979,True,source_shunt,0.813,231.0,0.9468544709883928,0.23716765773361131,0.9983488213699979,0.9452910451201748,0.24434456221766795,0.5671557995424803,2.462976226112833
horizontal_10,10 ft low horizontal,dedicated_counterpoise,17 ft dedicated 26-AWG counterpoise; choke at feedpoint,feedpoint,average,20m,14050000,81.573,69.31,3.0995954987265693,0.8935,True,kx3,KX3 / KXAT3,kxat3,published,nominal,lowest_loss_swr_2p5,best,9.063666666666666,7.7011111111111115,22.54906691263872,-44.92636352350451,4.221706872403073,0.7278506543344998,1.3795772323117959,0.25,0.1,1.0734146991948044,True,source_shunt,0.8099999999999999,231.0,0.9460199121404619,0.2409972232789575,0.9987462997825537,0.9448338867709029,0.24644539004091343,0.5668815136382211,2.4650770539360787
horizontal_10,10 ft low horizontal,dedicated_counterpoise,17 ft dedicated 26-AWG counterpoise; choke at feedpoint,feedpoint,average,20m,14050000,81.573,69.31,3.0995954987265693,0.8935,True,kh1,KH1 / KHATU1,khatu1,inferred,nominal,lowest_loss_swr_2p5,best,9.063666666666666,7.7011111111111115,22.54906691263872,-44.92636352350451,4.221706872403073,0.7278506543344998,1.3795772323117959,0.25,0.1,1.4082498567545683,True,source_shunt,0.7,240.0,0.9556637651886608,0.1969488032685794,0.9712624992376755,0.9282003770080257,0.3235825951915222,0.5569017390730628,2.5422142590866876
horizontal_10,10 ft low horizontal,dedicated_counterpoise,17 ft dedicated 26-AWG counterpoise; choke at feedpoint,feedpoint,average,20m,14050000,81.573,69.31,3.0995954987265693,0.8935,True,kh1,KH1 / KHATU1,khatu1_wide_sensitivity,range-fit,nominal,lowest_loss_swr_2p5,best,9.063666666666666,7.7011111111111115,22.54906691263872,-44.92636352350451,4.221706872403073,0.7278506543344998,1.3795772323117959,0.25,0.1,1.1889973747664606,True,source_shunt,0.75,220.0,0.9530750678392769,0.20872891319258813,0.9925454563515566,0.9459703281458258,0.24122485717270137,0.5675633558284702,2.4598565210678673
horizontal_10,10 ft low horizontal,dedicated_counterpoise,17 ft dedicated 26-AWG counterpoise; choke at feedpoint,feedpoint,average,17m,18080000,3217.6,64.09,64.37753779102327,0.9057,True,kx2,KX2 / KXAT2,kxat2,published,nominal,lowest_loss_swr_2p5,best,357.5111111111111,7.121111111111111,75.71678485573433,103.44079029865784,4.792346238305973,0.6535681417960105,1.8470912566077682,0.25,0.1,1.0413250601620205,True,load_shunt,0.813,131.0,0.9671573799692692,0.14502849918163477,0.9995901710299369,0.9667610108563475,0.14680872860357735,0.5279519146599299,2.774056307783744
horizontal_10,10 ft low horizontal,dedicated_counterpoise,17 ft dedicated 26-AWG counterpoise; choke at feedpoint,feedpoint,average,17m,18080000,3217.6,64.09,64.37753779102327,0.9057,True,kx3,KX3 / KXAT3,kxat3,published,nominal,lowest_loss_swr_2p5,best,357.5111111111111,7.121111111111111,75.71678485573433,103.44079029865784,4.792346238305973,0.6535681417960105,1.8470912566077682,0.25,0.1,1.0342995121343053,True,load_shunt,0.8099999999999999,131.0,0.9667690416794855,0.1467726521829451,0.9997157201381338,0.9664942087098604,0.14800743945708703,0.5278062129792752,2.775255018637253
horizontal_10,10 ft low horizontal,dedicated_counterpoise,17 ft dedicated 26-AWG counterpoise; choke at feedpoint,feedpoint,average,17m,18080000,3217.6,64.09,64.37753779102327,0.9057,True,kh1,KH1 / KHATU1,khatu1,inferred,nominal,lowest_loss_swr_2p5,best,357.5111111111111,7.121111111111111,75.71678485573433,103.44079029865784,4.792346238305973,0.6535681417960105,1.8470912566077682,0.25,0.1,1.4805191553895631,True,load_shunt,0.7,120.0,0.9771476958663649,0.10039787712267687,0.9624736573479706,0.9404789166096427,0.2665093589533972,0.5135991616806495,2.893756938133565
horizontal_10,10 ft low horizontal,dedicated_counterpoise,17 ft dedicated 26-AWG counterpoise; choke at feedpoint,feedpoint,average,17m,18080000,3217.6,64.09,64.37753779102327,0.9057,True,kh1,KH1 / KHATU1,khatu1_wide_sensitivity,range-fit,nominal,lowest_loss_swr_2p5,best,357.5111111111111,7.121111111111111,75.71678485573433,103.44079029865784,4.792346238305973,0.6535681417960105,1.8470912566077682,0.25,0.1,1.3791715591937266,True,load_shunt,0.75,147.0,0.9606334970522059,0.1744227369196111,0.9746008028191874,0.9362341774420834,0.2861550890012319,0.5112810932587963,2.913402668181399
horizontal_10,10 ft low horizontal,dedicated_counterpoise,17 ft dedicated 26-AWG counterpoise; choke at feedpoint,feedpoint,average,15m,21050000,178.17,106.83,4.921956188301988,0.9029,True,kx2,KX2 / KXAT2,kxat2,published,nominal,lowest_loss_swr_2p5,best,19.796666666666667,11.87,25.15121000089621,17.392971454840552,2.2960215156076003,0.801529880476314,0.9608028281190572,0.25,0.1,1.0287389571889158,True,source_shunt,0.063,149.0,0.9860071914027327,0.06119917538368373,0.9997993266627851,0.9858093260491161,0.06207077607029353,0.658191535106843,1.8164770739568312
horizontal_10,10 ft low horizontal,dedicated_counterpoise,17 ft dedicated 26-AWG counterpoise; choke at feedpoint,feedpoint,average,15m,21050000,178.17,106.83,4.921956188301988,0.9029,True,kx3,KX3 / KXAT3,kxat3,published,nominal,lowest_loss_swr_2p5,best,19.796666666666667,11.87,25.15121000089621,17.392971454840552,2.2960215156076003,0.801529880476314,0.9608028281190572,0.25,0.1,1.013602369169248,True,source_shunt,0.06,149.0,0.9852706481946822,0.06444454911436426,0.9999543667197881,0.9852256870631086,0.06464273645423944,0.6578018591015571,1.8190490343407772
horizontal_10,10 ft low horizontal,dedicated_counterpoise,17 ft dedicated 26-AWG counterpoise; choke at feedpoint,feedpoint,average,15m,21050000,178.17,106.83,4.921956188301988,0.9029,True,kh1,KH1 / KHATU1,khatu1,inferred,nominal,lowest_loss_swr_2p5,best,19.796666666666667,11.87,25.15121000089621,17.392971454840552,2.2960215156076003,0.801529880476314,0.9608028281190572,0.25,0.1,1.3703916037550465,True,load_shunt,0.0,120.0,0.9955464330468944,0.019384793374586366,0.9755835755351032,0.9712387487631075,0.12673999211260645,0.6484632536046725,1.8811462899991436
horizontal_10,10 ft low horizontal,dedicated_counterpoise,17 ft dedicated 26-AWG counterpoise; choke at feedpoint,feedpoint,average,15m,21050000,178.17,106.83,4.921956188301988,0.9029,True,kh1,KH1 / KHATU1,khatu1_wide_sensitivity,range-fit,nominal,lowest_loss_swr_2p5,best,19.796666666666667,11.87,25.15121000089621,17.392971454840552,2.2960215156076003,0.801529880476314,0.9608028281190572,0.25,0.1,1.3432997788107202,True,load_shunt,0.0,147.0,0.9955517055816112,0.01936179267272499,0.9785369546031565,0.9741841341298081,0.11358947763617323,0.6504297877657556,1.8679957755227106
horizontal_10,10 ft low horizontal,dedicated_counterpoise,17 ft dedicated 26-AWG counterpoise; choke at feedpoint,feedpoint,average,12m,24910000,1098.1,1579.1,67.4085403690877,0.9487000000000001,True,kx2,KX2 / KXAT2,kxat2,published,nominal,lowest_loss_swr_2p5,best,122.0111111111111,175.45555555555555,33.6294968896018,-68.84704917713559,4.768577826796713,0.5968092252820086,2.24164472301298,0.25,0.1,1.1038512561464373,True,source_shunt,0.563,82.0,0.957417530796062,0.18898624631082053,0.9975633483560216,0.955084637795674,0.19958140354606146,0.4988917106023041,3.0199371207522185
horizontal_10,10 ft low horizontal,dedicated_counterpoise,17 ft dedicated 26-AWG counterpoise; choke at feedpoint,feedpoint,average,12m,24910000,1098.1,1579.1,67.4085403690877,0.9487000000000001,True,kx3,KX3 / KXAT3,kxat3,published,nominal,lowest_loss_swr_2p5,best,122.0111111111111,175.45555555555555,33.6294968896018,-68.84704917713559,4.768577826796713,0.5968092252820086,2.24164472301298,0.25,0.1,1.1184876211516501,True,source_shunt,0.5599999999999999,82.0,0.9569239528057496,0.1912257443749613,0.9968718029699772,0.9539305061386251,0.20483262507467387,0.49828884600385925,3.025188342280832
horizontal_10,10 ft low horizontal,dedicated_counterpoise,17 ft dedicated 26-AWG counterpoise; choke at feedpoint,feedpoint,average,10m,28050000,2220.6,-1828.5,74.53379221939679,0.9504,True,kx2,KX2 / KXAT2,kxat2,published,nominal,lowest_loss_swr_2p5,best,246.73333333333332,-203.16666666666666,10.816496046267769,-11.12757944226543,4.862182208404343,0.5648340371861713,2.4807914036146785,0.25,0.1,1.0695962301910364,True,source_shunt,0.188,203.0,0.9377534160034172,0.2791134514713336,0.9988691625502926,0.9366929693220095,0.2840273950743905,0.46390018719610887,3.3357545223178855
horizontal_10,10 ft low horizontal,dedicated_counterpoise,17 ft dedicated 26-AWG counterpoise; choke at feedpoint,feedpoint,average,10m,28050000,2220.6,-1828.5,74.53379221939679,0.9504,True,kx3,KX3 / KXAT3,kxat3,published,nominal,lowest_loss_swr_2p5,best,246.73333333333332,-203.16666666666666,10.816496046267769,-11.12757944226543,4.862182208404343,0.5648340371861713,2.4807914036146785,0.25,0.1,1.045528697072146,True,source_shunt,0.17999999999999997,213.0,0.9375098846108971,0.2802414460361674,0.9995045962489715,0.9370454386974346,0.28239349029945066,0.46407474878095656,3.334120617542946
horizontal_10,10 ft low horizontal,dedicated_counterpoise,17 ft dedicated 26-AWG counterpoise; choke at feedpoint,feedpoint,average,6m,50100000,225.72,299.58,12.608772256460469,0.9031,True,kx3,KX3 / KXAT3,kxat3,published,nominal,lowest_loss_swr_2p5,best,25.08,33.28666666666666,44.619871549366,-40.83162707210494,2.331335891107515,0.6985683797775845,1.557910762977176,0.25,0.1,1.1227448246651186,True,load_shunt,0.12,0.0,0.9827189875433457,0.07570652673288365,0.9966564270868986,0.9794331949554054,0.09025180957318067,0.5700587091101295,2.440804149773699
inverted_l_30,30 ft vertical / 26 ft horizontal inverted-L,coax_common_mode,17 ft coax exterior as counterpoise; choke at radio,radio,average,160m,1850000,18.622,-2634.1,7454.9774073571725,0.9159999999999999,True,kx3,KX3 / KXAT3,kxat3,published,nominal,lowest_loss_swr_2p5,best,2.069111111111111,-292.67777777777775,6.091036849788383,-101.0640851846706,41.844343254484436,0.04907379069437579,13.091503937397862,0.25,0.1,1.7981228524429689,True,source_shunt,10.62,2683.0,0.7507672560805899,1.244946769319077,0.9186409375620119,0.6896855360167322,1.613488818753296,0.028601986547872965,15.436038019472653
inverted_l_30,30 ft vertical / 26 ft horizontal inverted-L,coax_common_mode,17 ft coax exterior as counterpoise; choke at radio,radio,average,80m,3550000,30.437,-1151.9,874.1323257781785,0.9151,True,kx2,KX2 / KXAT2,kxat2,published,nominal,lowest_loss_swr_2p5,best,3.381888888888889,-127.9888888888889,3.156222632619683,-37.43253205219934,24.743364041602895,0.22113433035463112,6.553438294421147,0.25,0.1,3.697568384082668,False,source_shunt,2.75,1323.0,0.7399154196153804,1.308179220172895,0.6702394460606499,0.49592050097474594,3.0458793793560486,0.09258418074871617,10.334632120269331
inverted_l_30,30 ft vertical / 26 ft horizontal inverted-L,coax_common_mode,17 ft coax exterior as counterpoise; choke at radio,radio,average,80m,3550000,30.437,-1151.9,874.1323257781785,0.9151,True,kx3,KX3 / KXAT3,kxat3,published,nominal,lowest_loss_swr_2p5,best,3.381888888888889,-127.9888888888889,3.156222632619683,-37.43253205219934,24.743364041602895,0.22113433035463112,6.553438294421147,0.25,0.1,1.2273922970110929,True,source_shunt,2.37,2683.0,0.7565501257927236,1.2116229218277395,0.9895778319721856,0.7486652332602478,1.2571233430058228,0.13976949357852073,8.545876083919106
inverted_l_30,30 ft vertical / 26 ft horizontal inverted-L,coax_common_mode,17 ft coax exterior as counterpoise; choke at radio,radio,average,60m,5357000,59.54,-448.87,69.69653166049356,0.9206,True,kx2,KX2 / KXAT2,kxat2,published,nominal,lowest_loss_swr_2p5,best,6.615555555555556,-49.87444444444444,5.233353632356791,2.4022517893755495,9.576400755139527,0.6281890979897018,2.0190960490662953,0.25,0.1,1.4816875433502366,True,source_shunt,0.5,1323.0,0.9165809920335488,0.3782915335409235,0.9623264427748608,0.882050125578698,0.5450673386629608,0.47060293541262654,3.273453682149701
inverted_l_30,30 ft vertical / 26 ft horizontal inverted-L,coax_common_mode,17 ft coax exterior as counterpoise; choke at radio,radio,average,60m,5357000,59.54,-448.87,69.69653166049356,0.9206,True,kx3,KX3 / KXAT3,kxat3,published,nominal,lowest_loss_swr_2p5,best,6.615555555555556,-49.87444444444444,5.233353632356791,2.4022517893755495,9.576400755139527,0.6281890979897018,2.0190960490662953,0.25,0.1,1.1234282021172421,True,source_shunt,0.36999999999999994,1747.0,0.9217341419351865,0.35394325519281655,0.9966212687874915,0.9186198500201953,0.36864174353437246,0.4901140937587676,3.0970280870211124
inverted_l_30,30 ft vertical / 26 ft horizontal inverted-L,coax_common_mode,17 ft coax exterior as counterpoise; choke at radio,radio,average,40m,7050000,158.65,177.91,7.3421217574276065,0.9216,True,kx2,KX2 / KXAT2,kxat2,published,nominal,lowest_loss_swr_2p5,best,17.62777777777778,19.767777777777777,144.01357394825905,19.78366994164878,2.9418996509983373,0.8581334932414221,0.6644514703649872,0.25,0.1,1.0522160809183636,True,load_shunt,1.5630000000000002,231.0,0.9760421192248275,0.10531440783884301,0.999352615387331,0.9754102445755245,0.1081268739602595,0.7116797876513684,1.4771536835338785
inverted_l_30,30 ft vertical / 26 ft horizontal inverted-L,coax_common_mode,17 ft coax exterior as counterpoise; choke at radio,radio,average,40m,7050000,158.65,177.91,7.3421217574276065,0.9216,True,kx3,KX3 / KXAT3,kxat3,published,nominal,lowest_loss_swr_2p5,best,17.62777777777778,19.767777777777777,144.01357394825905,19.78366994164878,2.9418996509983373,0.8581334932414221,0.6644514703649872,0.25,0.1,1.0534354901660794,True,load_shunt,1.5599999999999998,231.0,0.9756129598704397,0.10722439228710193,0.9993228303777129,0.9749523044109059,0.11016629878713444,0.7113456648954046,1.4791931083607541
inverted_l_30,30 ft vertical / 26 ft horizontal inverted-L,coax_common_mode,17 ft coax exterior as counterpoise; choke at radio,radio,average,40m,7050000,158.65,177.91,7.3421217574276065,0.9216,True,kh1,KH1 / KHATU1,khatu1,inferred,nominal,lowest_loss_swr_2p5,best,17.62777777777778,19.767777777777777,144.01357394825905,19.78366994164878,2.9418996509983373,0.8581334932414221,0.6644514703649872,0.25,0.1,1.1502840544226773,True,load_shunt,1.4,240.0,0.9780378079620518,0.09644356386307068,0.9951153422752883,0.9732604280283298,0.11770934323493246,0.7101112363753228,1.4867361528085516
inverted_l_30,30 ft vertical / 26 ft horizontal inverted-L,coax_common_mode,17 ft coax exterior as counterpoise; choke at radio,radio,average,40m,7050000,158.65,177.91,7.3421217574276065,0.9216,True,kh1,KH1 / KHATU1,khatu1_wide_sensitivity,range-fit,nominal,lowest_loss_swr_2p5,best,17.62777777777778,19.767777777777777,144.01357394825905,19.78366994164878,2.9418996509983373,0.8581334932414221,0.6644514703649872,0.25,0.1,1.1531071812109202,True,load_shunt,1.5,220.0,0.9794365130257224,0.09023709680669706,0.994943385763789,0.9744838804104917,0.11225340442383236,0.7110038929127959,1.4812802139974515
inverted_l_30,30 ft vertical / 26 ft horizontal inverted-L,coax_common_mode,17 ft coax exterior as counterpoise; choke at radio,radio,average,30m,10120000,386.95,-1539.5,130.36010526914288,0.8962,True,kx2,KX2 / KXAT2,kxat2,published,nominal,lowest_loss_swr_2p5,best,42.99444444444444,-171.05555555555554,6.323138977424068,14.163154158440815,8.551467736574725,0.5439723259216745,2.644231940614218,0.25,0.1,1.3105393581630445,True,load_shunt,0.0,926.0,0.9912324902898725,0.038244712381750756,0.9819363062959028,0.9733271701957267,0.11741153228567405,0.4377645526474584,3.5875940771296473
inverted_l_30,30 ft vertical / 26 ft horizontal inverted-L,coax_common_mode,17 ft coax exterior as counterpoise; choke at radio,radio,average,30m,10120000,386.95,-1539.5,130.36010526914288,0.8962,True,kx3,KX3 / KXAT3,kxat3,published,nominal,lowest_loss_swr_2p5,best,42.99444444444444,-171.05555555555554,6.323138977424068,14.163154158440815,8.551467736574725,0.5439723259216745,2.644231940614218,0.25,0.1,1.3096811643031196,True,load_shunt,0.0,926.0,0.9905833911279734,0.04108958003009464,0.9820226564907527,0.9727753332311108,0.11987450383670292,0.4375163579300533,3.590057048680676
inverted_l_30,30 ft vertical / 26 ft horizontal inverted-L,coax_common_mode,17 ft coax exterior as counterpoise; choke at radio,radio,average,30m,10120000,386.95,-1539.5,130.36010526914288,0.8962,True,kh1,KH1 / KHATU1,khatu1,inferred,nominal,lowest_loss_swr_2p5,best,42.99444444444444,-171.05555555555554,6.323138977424068,14.163154158440815,8.551467736574725,0.5439723259216745,2.644231940614218,0.25,0.1,3.6971416515606483,False,source_shunt,0.0,420.0,0.9768137726249754,0.10188225667534494,0.6702838676088655,0.6547425134486754,1.8392945874697202,0.2944776147998568,5.309477132313694
inverted_l_30,30 ft vertical / 26 ft horizontal inverted-L,coax_common_mode,17 ft coax exterior as counterpoise; choke at radio,radio,average,30m,10120000,386.95,-1539.5,130.36010526914288,0.8962,True,kh1,KH1 / KHATU1,khatu1_wide_sensitivity,range-fit,nominal,lowest_loss_swr_2p5,best,42.99444444444444,-171.05555555555554,6.323138977424068,14.163154158440815,8.551467736574725,0.5439723259216745,2.644231940614218,0.25,0.1,4.148319618813586,False,source_shunt,0.0,367.0,0.9769308633807219,0.10136169868402589,0.62603872710417,0.6115965541796449,2.1353497012855596,0.2750722471739285,5.605532246129533
inverted_l_30,30 ft vertical / 26 ft horizontal inverted-L,coax_common_mode,17 ft coax exterior as counterpoise; choke at radio,radio,average,20m,14050000,94.35,16.734,1.968230196881784,0.9301999999999999,True,kx2,KX2 / KXAT2,kxat2,published,nominal,lowest_loss_swr_2p5,best,10.483333333333333,1.8593333333333335,31.651064818112467,-53.095413759161715,3.725718774403963,0.7570192230107774,1.2089309230770913,0.25,0.1,1.0125956765435948,True,source_shunt,0.8749999999999999,164.0,0.9592570372421936,0.18065006073621034,0.9999608321323998,0.9592194651895644,0.18082016795526729,0.6231623782153155,2.0539877392773827
inverted_l_30,30 ft vertical / 26 ft horizontal inverted-L,coax_common_mode,17 ft coax exterior as counterpoise; choke at radio,radio,average,20m,14050000,94.35,16.734,1.968230196881784,0.9301999999999999,True,kx3,KX3 / KXAT3,kxat3,published,nominal,lowest_loss_swr_2p5,best,10.483333333333333,1.8593333333333335,31.651064818112467,-53.095413759161715,3.725718774403963,0.7570192230107774,1.2089309230770913,0.25,0.1,1.0057577100283484,True,source_shunt,0.8699999999999999,164.0,0.9587210615136624,0.18307731793529192,0.9999917597073171,0.9587131613715143,0.18311310521915547,0.6228334550618502,2.0562806765412702
inverted_l_30,30 ft vertical / 26 ft horizontal inverted-L,coax_common_mode,17 ft coax exterior as counterpoise; choke at radio,radio,average,20m,14050000,94.35,16.734,1.968230196881784,0.9301999999999999,True,kh1,KH1 / KHATU1,khatu1,inferred,nominal,lowest_loss_swr_2p5,best,10.483333333333333,1.8593333333333335,31.651064818112467,-53.095413759161715,3.725718774403963,0.7570192230107774,1.2089309230770913,0.25,0.1,1.4470370957286498,True,source_shunt,0.7,60.0,0.96843532478215,0.13929377555209735,0.9666261722760197,0.9361149310910536,0.28670827678093946,0.6081523863011716,2.159875848103055
inverted_l_30,30 ft vertical / 26 ft horizontal inverted-L,coax_common_mode,17 ft coax exterior as counterpoise; choke at radio,radio,average,20m,14050000,94.35,16.734,1.968230196881784,0.9301999999999999,True,kh1,KH1 / KHATU1,khatu1_wide_sensitivity,range-fit,nominal,lowest_loss_swr_2p5,best,10.483333333333333,1.8593333333333335,31.651064818112467,-53.095413759161715,3.725718774403963,0.7570192230107774,1.2089309230770913,0.25,0.1,1.3293263760833463,True,source_shunt,0.75,100.0,0.966449944345867,0.1482063460731966,0.9800109413846565,0.9471315197595419,0.23589710183748464,0.6153093757531302,2.1090646731596
inverted_l_30,30 ft vertical / 26 ft horizontal inverted-L,coax_common_mode,17 ft coax exterior as counterpoise; choke at radio,radio,average,17m,18080000,1798.0,1047.2,48.16535431768118,0.9416,True,kx2,KX2 / KXAT2,kxat2,published,nominal,lowest_loss_swr_2p5,best,199.77777777777777,116.35555555555555,55.94197373649347,78.51512626824164,3.9643073510833644,0.7094957092726549,1.4905022662630132,0.25,0.1,1.1409100106431285,True,load_shunt,0.688,149.0,0.9747465399731527,0.1110829773857526,0.9956680157432024,0.9705239533076211,0.1299374140807841,0.5981670438504416,2.231775181990015
inverted_l_30,30 ft vertical / 26 ft horizontal inverted-L,coax_common_mode,17 ft coax exterior as counterpoise; choke at radio,radio,average,17m,18080000,1798.0,1047.2,48.16535431768118,0.9416,True,kx3,KX3 / KXAT3,kxat3,published,nominal,lowest_loss_swr_2p5,best,199.77777777777777,116.35555555555555,55.94197373649347,78.51512626824164,3.9643073510833644,0.7094957092726549,1.4905022662630132,0.25,0.1,1.1428464209399563,True,load_shunt,0.6799999999999999,149.0,0.974541236616635,0.11199779474881556,0.995556178202275,0.9702105490265762,0.1313400763293514,0.5979738820931415,2.2331778442385826
inverted_l_30,30 ft vertical / 26 ft horizontal inverted-L,coax_common_mode,17 ft coax exterior as counterpoise; choke at radio,radio,average,17m,18080000,1798.0,1047.2,48.16535431768118,0.9416,True,kh1,KH1 / KHATU1,khatu1,inferred,nominal,lowest_loss_swr_2p5,best,199.77777777777777,116.35555555555555,55.94197373649347,78.51512626824164,3.9643073510833644,0.7094957092726549,1.4905022662630132,0.25,0.1,1.6110233285144508,True,load_shunt,0.7,180.0,0.9605571962221425,0.17476770037997547,0.9452361365200573,0.9079533730635566,0.4193645361674534,0.5596026592321718,2.521202304076684
inverted_l_30,30 ft vertical / 26 ft horizontal inverted-L,coax_common_mode,17 ft coax exterior as counterpoise; choke at radio,radio,average,17m,18080000,1798.0,1047.2,48.16535431768118,0.9416,True,kh1,KH1 / KHATU1,khatu1_wide_sensitivity,range-fit,nominal,lowest_loss_swr_2p5,best,199.77777777777777,116.35555555555555,55.94197373649347,78.51512626824164,3.9643073510833644,0.7094957092726549,1.4905022662630132,0.25,0.1,1.2242435432707093,True,load_shunt,0.75,147.0,0.9749611310014552,0.1101269807384456,0.9898357528391015,0.9650513850936873,0.15449561611125126,0.5947941132394636,2.256333384020482
inverted_l_30,30 ft vertical / 26 ft horizontal inverted-L,coax_common_mode,17 ft coax exterior as counterpoise; choke at radio,radio,average,15m,21050000,267.33,-46.525,5.514225981627223,0.9475,True,kx2,KX2 / KXAT2,kxat2,published,nominal,lowest_loss_swr_2p5,best,29.703333333333333,-5.169444444444444,31.637540119274,-0.2840030649361918,1.5804860296108296,0.8414279681387872,0.7498305660892557,0.25,0.1,1.0287584426499274,True,source_shunt,0.188,110.00000000000001,0.9816228755014177,0.08055329469848417,0.9997990583112272,0.9814256265430764,0.0814260610551775,0.721860961963385,1.4154644407433343
inverted_l_30,30 ft vertical / 26 ft horizontal inverted-L,coax_common_mode,17 ft coax exterior as counterpoise; choke at radio,radio,average,15m,21050000,267.33,-46.525,5.514225981627223,0.9475,True,kx3,KX3 / KXAT3,kxat3,published,nominal,lowest_loss_swr_2p5,best,29.703333333333333,-5.169444444444444,31.637540119274,-0.2840030649361918,1.5804860296108296,0.8414279681387872,0.7498305660892557,0.25,0.1,1.0172412613466209,True,source_shunt,0.17999999999999997,110.00000000000001,0.9813378288716753,0.08181459533457518,0.9999269496359695,0.9812661417860393,0.08213186062288341,0.721743657282297,1.41617024031104
inverted_l_30,30 ft vertical / 26 ft horizontal inverted-L,coax_common_mode,17 ft coax exterior as counterpoise; choke at radio,radio,average,15m,21050000,267.33,-46.525,5.514225981627223,0.9475,True,kh1,KH1 / KHATU1,khatu1,inferred,nominal,lowest_loss_swr_2p5,best,29.703333333333333,-5.169444444444444,31.637540119274,-0.2840030649361918,1.5804860296108296,0.8414279681387872,0.7498305660892557,0.25,0.1,1.5804860296108296,True,bypass,0.0,0.0,1.0,0.0,0.949396504196697,0.949396504196697,0.22552371744348723,0.6983028110016671,1.5595620971316435
inverted_l_30,30 ft vertical / 26 ft horizontal inverted-L,coax_common_mode,17 ft coax exterior as counterpoise; choke at radio,radio,average,15m,21050000,267.33,-46.525,5.514225981627223,0.9475,True,kh1,KH1 / KHATU1,khatu1_wide_sensitivity,range-fit,nominal,lowest_loss_swr_2p5,best,29.703333333333333,-5.169444444444444,31.637540119274,-0.2840030649361918,1.5804860296108296,0.8414279681387872,0.7498305660892557,0.25,0.1,1.5804860296108296,True,bypass,0.0,0.0,1.0,0.0,0.949396504196697,0.949396504196697,0.22552371744348723,0.6983028110016671,1.5595620971316435
inverted_l_30,30 ft vertical / 26 ft horizontal inverted-L,coax_common_mode,17 ft coax exterior as counterpoise; choke at radio,radio,average,12m,24910000,999.97,1416.3,60.152094354505884,0.9769,True,kx2,KX2 / KXAT2,kxat2,published,nominal,lowest_loss_swr_2p5,best,111.10777777777778,157.36666666666667,37.40997723884122,-69.86735958142083,4.470770047428376,0.6205923630162623,2.071935731287515,0.25,0.1,1.0619208057957967,True,source_shunt,0.563,67.0,0.9616794554890266,0.16969661756802723,0.9990981605339434,0.9608121750023707,0.17361502375710408,0.5373967481003264,2.6970496590128157
inverted_l_30,30 ft vertical / 26 ft horizontal inverted-L,coax_common_mode,17 ft coax exterior as counterpoise; choke at radio,radio,average,12m,24910000,999.97,1416.3,60.152094354505884,0.9769,True,kx3,KX3 / KXAT3,kxat3,published,nominal,lowest_loss_swr_2p5,best,111.10777777777778,157.36666666666667,37.40997723884122,-69.86735958142083,4.470770047428376,0.6205923630162623,2.071935731287515,0.25,0.1,1.0752274824237436,True,source_shunt,0.5599999999999999,57.0,0.9612680583839053,0.17155488456764184,0.9986859205145894,0.9600048757484024,0.17726561225797186,0.5369452134454652,2.7007002475136814
inverted_l_30,30 ft vertical / 26 ft horizontal inverted-L,coax_common_mode,17 ft coax exterior as counterpoise; choke at radio,radio,average,10m,28050000,2309.7,-2145.5,86.06349293711854,0.9632,True,kx2,KX2 / KXAT2,kxat2,published,nominal,lowest_loss_swr_2p5,best,256.6333333333333,-238.38888888888889,10.014743562570255,-11.337022017618027,5.259478734067232,0.5308698445766121,2.750119435342066,0.25,0.1,1.1043178645882936,True,source_shunt,0.188,213.0,0.9331480772012012,0.3004943448646775,0.9975424934023527,0.9308548596448973,0.3111802961932393,0.4391233194770166,3.5741349923978127
inverted_l_30,30 ft vertical / 26 ft horizontal inverted-L,coax_common_mode,17 ft coax exterior as counterpoise; choke at radio,radio,average,10m,28050000,2309.7,-2145.5,86.06349293711854,0.9632,True,kx3,KX3 / KXAT3,kxat3,published,nominal,lowest_loss_swr_2p5,best,256.6333333333333,-238.38888888888889,10.014743562570255,-11.337022017618027,5.259478734067232,0.5308698445766121,2.750119435342066,0.25,0.1,1.0285159696948794,True,source_shunt,0.17999999999999997,221.0,0.9328964404918215,0.30166563991100814,0.9998023852183499,0.9327120863654316,0.30252395481378924,0.4399994512972378,3.565478651018363
inverted_l_30,30 ft vertical / 26 ft horizontal inverted-L,coax_common_mode,17 ft coax exterior as counterpoise; choke at radio,radio,average,6m,50100000,349.56,183.72,8.95372440485778,0.9589,True,kx3,KX3 / KXAT3,kxat3,published,nominal,lowest_loss_swr_2p5,best,38.84,20.413333333333334,52.61468779850634,-20.935533665902483,1.5045577831706463,0.7691349510478633,1.139974529769275,0.25,0.1,1.0752486658823506,True,load_shunt,0.06,0.0,0.9903101314044165,0.04228777861543063,0.998685207184162,0.9890080787581943,0.04800160833786765,0.6729390098615318,1.7202429518296705
inverted_l_30,30 ft vertical / 26 ft horizontal inverted-L,dedicated_counterpoise,17 ft dedicated 26-AWG counterpoise; choke at feedpoint,feedpoint,average,160m,1850000,16.657,-2685.2,8660.714894026181,0.8814,True,kx3,KX3 / KXAT3,kxat3,published,nominal,lowest_loss_swr_2p5,best,1.8507777777777779,-298.35555555555555,6.127945758201,-101.87409157301593,42.130299944793606,0.04257567184782706,13.708384901063642,0.25,0.1,1.788941559484591,True,source_shunt,10.68,2683.0,0.7509872674958836,1.243674261158771,0.9199777348724407,0.6908915652689067,1.6059010935624372,0.023919078642387483,16.21255553288708
inverted_l_30,30 ft vertical / 26 ft horizontal inverted-L,dedicated_counterpoise,17 ft dedicated 26-AWG counterpoise; choke at feedpoint,feedpoint,average,80m,3550000,27.937,-1193.3,1021.7589568426934,0.8867,True,kx2,KX2 / KXAT2,kxat2,published,nominal,lowest_loss_swr_2p5,best,3.104111111111111,-132.58888888888887,3.115965659821119,-38.36227959798515,25.51547829251877,0.19684627916411446,7.058727899352984,0.25,0.1,3.727108926851444,False,source_shunt,2.75,1323.0,0.7376085354501888,1.321740663613282,0.667176678669148,0.49211521283967147,3.0793320934063373,0.07924478823593671,11.010292908111941
inverted_l_30,30 ft vertical / 26 ft horizontal inverted-L,dedicated_counterpoise,17 ft dedicated 26-AWG counterpoise; choke at feedpoint,feedpoint,average,80m,3550000,27.937,-1193.3,1021.7589568426934,0.8867,True,kx3,KX3 / KXAT3,kxat3,published,nominal,lowest_loss_swr_2p5,best,3.104111111111111,-132.58888888888887,3.115965659821119,-38.36227959798515,25.51547829251877,0.19684627916411446,7.058727899352984,0.25,0.1,1.2570870655961452,True,source_shunt,2.37,2683.0,0.7544890547170604,1.2234705610106522,0.9870263006202548,0.7447005405358531,1.2801833092680241,0.11991833435390589,9.211144123973625
inverted_l_30,30 ft vertical / 26 ft horizontal inverted-L,dedicated_counterpoise,17 ft dedicated 26-AWG counterpoise; choke at feedpoint,feedpoint,average,60m,5357000,55.394,-491.4,89.18344911909287,0.9013,True,kx2,KX2 / KXAT2,kxat2,published,nominal,lowest_loss_swr_2p5,best,6.154888888888888,-54.599999999999994,4.719542104440737,0.21205652086561838,10.594440379536008,0.589163003482318,2.2976453251498787,0.25,0.1,1.614791528480798,True,source_shunt,0.563,1323.0,0.9031208236311967,0.44254143898992093,0.9447182719065937,0.8531947438237238,0.6895182872118376,0.417977601805515,3.788469901696933
inverted_l_30,30 ft vertical / 26 ft horizontal inverted-L,dedicated_counterpoise,17 ft dedicated 26-AWG counterpoise; choke at feedpoint,feedpoint,average,60m,5357000,55.394,-491.4,89.18344911909287,0.9013,True,kx3,KX3 / KXAT3,kxat3,published,nominal,lowest_loss_swr_2p5,best,6.154888888888888,-54.599999999999994,4.719542104440737,0.21205652086561838,10.594440379536008,0.589163003482318,2.2976453251498787,0.25,0.1,1.070967282573535,True,source_shunt,0.43,1800.0,0.9089776239369086,0.41446807559480947,0.9988257248351801,0.9079102340877425,0.41957088447556157,0.4447825599557173,3.5185224989606576
inverted_l_30,30 ft vertical / 26 ft horizontal inverted-L,dedicated_counterpoise,17 ft dedicated 26-AWG counterpoise; choke at feedpoint,feedpoint,average,40m,7050000,148.59,121.1,5.085578064223572,0.9102,True,kx2,KX2 / KXAT2,kxat2,published,nominal,lowest_loss_swr_2p5,best,16.51,13.455555555555556,117.49427391767479,52.33759024904825,2.8964629628036107,0.8599152777784304,0.655443350422772,0.25,0.1,1.0446396939284244,True,load_shunt,1.5,285.0,0.9763810427273538,0.1038066137163249,0.9995233398549174,0.9759156407978715,0.1058772159498447,0.7047008162423872,1.5199522546688757
inverted_l_30,30 ft vertical / 26 ft horizontal inverted-L,dedicated_counterpoise,17 ft dedicated 26-AWG counterpoise; choke at feedpoint,feedpoint,average,40m,7050000,148.59,121.1,5.085578064223572,0.9102,True,kx3,KX3 / KXAT3,kxat3,published,nominal,lowest_loss_swr_2p5,best,16.51,13.455555555555556,117.49427391767479,52.33759024904825,2.8964629628036107,0.8599152777784304,0.655443350422772,0.25,0.1,1.045074257885589,True,load_shunt,1.5,285.0,0.9759112424335592,0.10589678925695152,0.9995142206986048,0.9754371649519862,0.10800701455053109,0.7043553126916173,1.5220820532695614
inverted_l_30,30 ft vertical / 26 ft horizontal inverted-L,dedicated_counterpoise,17 ft dedicated 26-AWG counterpoise; choke at feedpoint,feedpoint,average,40m,7050000,148.59,121.1,5.085578064223572,0.9102,True,kh1,KH1 / KHATU1,khatu1,inferred,nominal,lowest_loss_swr_2p5,best,16.51,13.455555555555556,117.49427391767479,52.33759024904825,2.8964629628036107,0.8599152777784304,0.655443350422772,0.25,0.1,1.1041696480114334,True,load_shunt,1.4,300.0,0.9769608742139989,0.10122828761482713,0.9975491265348277,0.9745664667308763,0.11188536074247957,0.703726588525853,1.5259603994615103
inverted_l_30,30 ft vertical / 26 ft horizontal inverted-L,dedicated_counterpoise,17 ft dedicated 26-AWG counterpoise; choke at feedpoint,feedpoint,average,40m,7050000,148.59,121.1,5.085578064223572,0.9102,True,kh1,KH1 / KHATU1,khatu1_wide_sensitivity,range-fit,nominal,lowest_loss_swr_2p5,best,16.51,13.455555555555556,117.49427391767479,52.33759024904825,2.8964629628036107,0.8599152777784304,0.655443350422772,0.25,0.1,1.1626432896817427,True,load_shunt,1.5,267.0,0.9798771479170331,0.08828370558740273,0.9943440896656298,0.9743350506297159,0.11291673903773573,0.7035594848249163,1.5269917777567668
inverted_l_30,30 ft vertical / 26 ft horizontal inverted-L,dedicated_counterpoise,17 ft dedicated 26-AWG counterpoise; choke at feedpoint,feedpoint,average,30m,10120000,369.32,-1487.5,127.33718703814866,0.8879,True,kx2,KX2 / KXAT2,kxat2,published,nominal,lowest_loss_swr_2p5,best,41.035555555555554,-165.27777777777777,6.421103165871456,14.659075186147232,8.466452322484805,0.5484377624136533,2.608726497190444,0.25,0.1,1.2505509114054998,True,load_shunt,0.0,901.0000000000001,0.9914017426209852,0.037503220558297544,0.9876059201452456,0.979114230254798,0.09166637435560354,0.43987043104949763,3.5667523116623547
inverted_l_30,30 ft vertical / 26 ft horizontal inverted-L,dedicated_counterpoise,17 ft dedicated 26-AWG counterpoise; choke at feedpoint,feedpoint,average,30m,10120000,369.32,-1487.5,127.33718703814866,0.8879,True,kx3,KX3 / KXAT3,kxat3,published,nominal,lowest_loss_swr_2p5,best,41.035555555555554,-165.27777777777777,6.421103165871456,14.659075186147232,8.466452322484805,0.5484377624136533,2.608726497190444,0.25,0.1,1.2497694914547388,True,load_shunt,0.0,901.0000000000001,0.9907822360659311,0.040217885695499604,0.9876745514563722,0.9785704005973599,0.09407924741670734,0.43962611370792193,3.569165184723458
inverted_l_30,30 ft vertical / 26 ft horizontal inverted-L,dedicated_counterpoise,17 ft dedicated 26-AWG counterpoise; choke at feedpoint,feedpoint,average,30m,10120000,369.32,-1487.5,127.33718703814866,0.8879,True,kh1,KH1 / KHATU1,khatu1,inferred,nominal,lowest_loss_swr_2p5,best,41.035555555555554,-165.27777777777777,6.421103165871456,14.659075186147232,8.466452322484805,0.5484377624136533,2.608726497190444,0.25,0.1,3.5575600986678566,False,source_shunt,0.0,420.0,0.9771108278916484,0.10056174037603416,0.6850896844944566,0.6694085487964067,1.7430874571083887,0.30073408986269934,5.218173394415139
inverted_l_30,30 ft vertical / 26 ft horizontal inverted-L,dedicated_counterpoise,17 ft dedicated 26-AWG counterpoise; choke at feedpoint,feedpoint,average,30m,10120000,369.32,-1487.5,127.33718703814866,0.8879,True,kh1,KH1 / KHATU1,khatu1_wide_sensitivity,range-fit,nominal,lowest_loss_swr_2p5,best,41.035555555555554,-165.27777777777777,6.421103165871456,14.659075186147232,8.466452322484805,0.5484377624136533,2.608726497190444,0.25,0.1,4.01020491122649,False,source_shunt,0.0,367.0,0.9772336131418797,0.10001603353352337,0.6390216601566817,0.6244734458308364,2.0448602418228363,0.2805468405102154,5.519946179129587
inverted_l_30,30 ft vertical / 26 ft horizontal inverted-L,dedicated_counterpoise,17 ft dedicated 26-AWG counterpoise; choke at feedpoint,feedpoint,average,20m,14050000,86.903,9.3342,1.767786616010525,0.9039,True,kx2,KX2 / KXAT2,kxat2,published,nominal,lowest_loss_swr_2p5,best,9.655888888888889,1.0371333333333332,31.31675465289925,-55.813059041687346,3.9597992411965577,0.7433150005128877,1.288271028028116,0.25,0.1,1.0742016395875076,True,source_shunt,0.8749999999999999,164.0,0.9588934211647943,0.18229660996435137,0.9987202502393476,0.9576662775385675,0.18785805194356703,0.593618570003101,2.2649252160414863
inverted_l_30,30 ft vertical / 26 ft horizontal inverted-L,dedicated_counterpoise,17 ft dedicated 26-AWG counterpoise; choke at feedpoint,feedpoint,average,20m,14050000,86.903,9.3342,1.767786616010525,0.9039,True,kx3,KX3 / KXAT3,kxat3,published,nominal,lowest_loss_swr_2p5,best,9.655888888888889,1.0371333333333332,31.31675465289925,-55.813059041687346,3.9597992411965577,0.7433150005128877,1.288271028028116,0.25,0.1,1.0927225128798967,True,source_shunt,0.8699999999999999,149.0,0.9585375293453852,0.1839087864555848,0.9980368788897058,0.9566558040865181,0.19244289259608438,0.5929922184026526,2.269510056694005
inverted_l_30,30 ft vertical / 26 ft horizontal inverted-L,dedicated_counterpoise,17 ft dedicated 26-AWG counterpoise; choke at feedpoint,feedpoint,average,20m,14050000,86.903,9.3342,1.767786616010525,0.9039,True,kh1,KH1 / KHATU1,khatu1,inferred,nominal,lowest_loss_swr_2p5,best,9.655888888888889,1.0371333333333332,31.31675465289925,-55.813059041687346,3.9597992411965577,0.7433150005128877,1.288271028028116,0.25,0.1,1.495058096150542,True,source_shunt,0.7,60.0,0.9681152931054295,0.14072919367352835,0.9606313058252614,0.9300018582052744,0.31516183696074906,0.576470515999566,2.3922290010586695
inverted_l_30,30 ft vertical / 26 ft horizontal inverted-L,dedicated_counterpoise,17 ft dedicated 26-AWG counterpoise; choke at feedpoint,feedpoint,average,20m,14050000,86.903,9.3342,1.767786616010525,0.9039,True,kh1,KH1 / KHATU1,khatu1_wide_sensitivity,range-fit,nominal,lowest_loss_swr_2p5,best,9.655888888888889,1.0371333333333332,31.31675465289925,-55.813059041687346,3.9597992411965577,0.7433150005128877,1.288271028028116,0.25,0.1,1.39929108026779,True,source_shunt,0.75,100.0,0.9661201783752318,0.14968847126050577,0.9723042367338173,0.9393627426282691,0.27166668968429614,0.5822729494312044,2.348733853782216
inverted_l_30,30 ft vertical / 26 ft horizontal inverted-L,dedicated_counterpoise,17 ft dedicated 26-AWG counterpoise; choke at feedpoint,feedpoint,average,17m,18080000,1664.4,1020.9,45.820090556820816,0.9355,True,kx2,KX2 / KXAT2,kxat2,published,nominal,lowest_loss_swr_2p5,best,184.93333333333334,113.43333333333334,54.82662224396096,75.61007468845584,3.8330499862130782,0.7182378454044905,1.4373171475254711,0.25,0.1,1.0747185208466767,True,load_shunt,0.625,164.0,0.9707280070702339,0.12902440098151113,0.9987030054117465,0.9694689780983977,0.1346608329103784,0.6009605916170832,2.2115400620755628
inverted_l_30,30 ft vertical / 26 ft horizontal inverted-L,dedicated_counterpoise,17 ft dedicated 26-AWG counterpoise; choke at feedpoint,feedpoint,average,17m,18080000,1664.4,1020.9,45.820090556820816,0.9355,True,kx3,KX3 / KXAT3,kxat3,published,nominal,lowest_loss_swr_2p5,best,184.93333333333334,113.43333333333334,54.82662224396096,75.61007468845584,3.8330499862130782,0.7182378454044905,1.4373171475254711,0.25,0.1,1.0777869552496617,True,load_shunt,0.62,164.0,0.9703763020998049,0.13059818069922305,0.9985984405806586,0.9690162620532912,0.13668934548051234,0.6006799591177995,2.2135685746456963
inverted_l_30,30 ft vertical / 26 ft horizontal inverted-L,dedicated_counterpoise,17 ft dedicated 26-AWG counterpoise; choke at feedpoint,feedpoint,average,17m,18080000,1664.4,1020.9,45.820090556820816,0.9355,True,kh1,KH1 / KHATU1,khatu1,inferred,nominal,lowest_loss_swr_2p5,best,184.93333333333334,113.43333333333334,54.82662224396096,75.61007468845584,3.8330499862130782,0.7182378454044905,1.4373171475254711,0.25,0.1,1.5551841958647112,True,load_shunt,0.7,180.0,0.9625336776796616,0.16584066209523657,0.9527904604856393,0.9170929059893407,0.37586665949734194,0.568493379161273,2.4527458886625255
inverted_l_30,30 ft vertical / 26 ft horizontal inverted-L,dedicated_counterpoise,17 ft dedicated 26-AWG counterpoise; choke at feedpoint,feedpoint,average,17m,18080000,1664.4,1020.9,45.820090556820816,0.9355,True,kh1,KH1 / KHATU1,khatu1_wide_sensitivity,range-fit,nominal,lowest_loss_swr_2p5,best,184.93333333333334,113.43333333333334,54.82662224396096,75.61007468845584,3.8330499862130782,0.7182378454044905,1.4373171475254711,0.25,0.1,1.2930902105505107,True,load_shunt,0.75,147.0,0.9760590763952725,0.10523895677544906,0.9836634500409498,0.9601136385307567,0.1767736105829486,0.5951613442679043,2.2536528397481326
inverted_l_30,30 ft vertical / 26 ft horizontal inverted-L,dedicated_counterpoise,17 ft dedicated 26-AWG counterpoise; choke at feedpoint,feedpoint,average,15m,21050000,240.74,-5.8638,4.817785230393219,0.9212,True,kx2,KX2 / KXAT2,kxat2,published,nominal,lowest_loss_swr_2p5,best,26.74888888888889,-0.6515333333333334,29.690262341245038,4.235740379575986,1.7026119701911977,0.8355210832173875,0.7804258681254367,0.25,0.1,1.1280194769131149,True,source_shunt,0.125,121.0,0.9843599194961372,0.06846077919288612,0.9963808973649825,0.9807974199176831,0.08420685277726757,0.6964511457664633,1.5710934279807687
inverted_l_30,30 ft vertical / 26 ft horizontal inverted-L,dedicated_counterpoise,17 ft dedicated 26-AWG counterpoise; choke at feedpoint,feedpoint,average,15m,21050000,240.74,-5.8638,4.817785230393219,0.9212,True,kx3,KX3 / KXAT3,kxat3,published,nominal,lowest_loss_swr_2p5,best,26.74888888888889,-0.6515333333333334,29.690262341245038,4.235740379575986,1.7026119701911977,0.8355210832173875,0.7804258681254367,0.25,0.1,1.1532448789382093,True,source_shunt,0.12,110.00000000000001,0.9839141986576776,0.07042772172528856,0.9949349341633223,0.9789306084638345,0.09248092087904898,0.6951255478911426,1.5793674960825508
inverted_l_30,30 ft vertical / 26 ft horizontal inverted-L,dedicated_counterpoise,17 ft dedicated 26-AWG counterpoise; choke at feedpoint,feedpoint,average,15m,21050000,240.74,-5.8638,4.817785230393219,0.9212,True,kh1,KH1 / KHATU1,khatu1,inferred,nominal,lowest_loss_swr_2p5,best,26.74888888888889,-0.6515333333333334,29.690262341245038,4.235740379575986,1.7026119701911977,0.8355210832173875,0.7804258681254367,0.25,0.1,1.667422877144349,True,load_shunt,0.0,60.0,0.9950233190498343,0.02166741147747058,0.9373936428404818,0.9327285337553511,0.30244737225622165,0.6623180718374111,1.7893339474597236
inverted_l_30,30 ft vertical / 26 ft horizontal inverted-L,dedicated_counterpoise,17 ft dedicated 26-AWG counterpoise; choke at feedpoint,feedpoint,average,15m,21050000,240.74,-5.8638,4.817785230393219,0.9212,True,kh1,KH1 / KHATU1,khatu1_wide_sensitivity,range-fit,nominal,lowest_loss_swr_2p5,best,26.74888888888889,-0.6515333333333334,29.690262341245038,4.235740379575986,1.7026119701911977,0.8355210832173875,0.7804258681254367,0.25,0.1,1.6481941269711944,True,load_shunt,0.0,47.0,0.9951031740903259,0.02131888485289868,0.9400884511350848,0.9354850016501811,0.28963171021031475,0.6642754028668748,1.7765182854138164
inverted_l_30,30 ft vertical / 26 ft horizontal inverted-L,dedicated_counterpoise,17 ft dedicated 26-AWG counterpoise; choke at feedpoint,feedpoint,average,12m,24910000,789.25,1487.0,71.86659372315012,0.9375,True,kx2,KX2 / KXAT2,kxat2,published,nominal,lowest_loss_swr_2p5,best,87.69444444444444,165.22222222222223,36.56519931880728,-75.34416881114477,5.00387750999661,0.5779195007826738,2.3813265085387996,0.25,0.1,1.0576646071315994,True,source_shunt,0.625,67.0,0.9573224924332566,0.18941737154002797,0.9992146386944423,0.9565706483907594,0.1928294924023659,0.4781406595808303,3.204443236943601
inverted_l_30,30 ft vertical / 26 ft horizontal inverted-L,dedicated_counterpoise,17 ft dedicated 26-AWG counterpoise; choke at feedpoint,feedpoint,average,12m,24910000,789.25,1487.0,71.86659372315012,0.9375,True,kx3,KX3 / KXAT3,kxat3,published,nominal,lowest_loss_swr_2p5,best,87.69444444444444,165.22222222222223,36.56519931880728,-75.34416881114477,5.00387750999661,0.5779195007826738,2.3813265085387996,0.25,0.1,1.040083384161388,True,source_shunt,0.62,67.0,0.9569816248097537,0.19096401115886336,0.99961395945086,0.9566121910977952,0.1926408876536782,0.4781614246517389,3.204254632194913
inverted_l_30,30 ft vertical / 26 ft horizontal inverted-L,dedicated_counterpoise,17 ft dedicated 26-AWG counterpoise; choke at feedpoint,feedpoint,average,10m,28050000,2987.3,-2359.1,97.01251600643559,0.941,True,kx2,KX2 / KXAT2,kxat2,published,nominal,lowest_loss_swr_2p5,best,331.9222222222222,-262.1222222222222,9.545359757878861,-12.620431698870059,5.583684208187863,0.503008334581972,2.9842481885466645,0.25,0.1,1.0248635129270922,True,source_shunt,0.188,221.0,0.9302864944827122,0.3138328390618292,0.9998492235653456,0.9301462292018668,0.3144877021677469,0.4061776610018529,3.9128396564418417
inverted_l_30,30 ft vertical / 26 ft horizontal inverted-L,dedicated_counterpoise,17 ft dedicated 26-AWG counterpoise; choke at feedpoint,feedpoint,average,10m,28050000,2987.3,-2359.1,97.01251600643559,0.941,True,kx3,KX3 / KXAT3,kxat3,published,nominal,lowest_loss_swr_2p5,best,331.9222222222222,-262.1222222222222,9.545359757878861,-12.620431698870059,5.583684208187863,0.503008334581972,2.9842481885466645,0.25,0.1,1.09222440058652,True,source_shunt,0.17999999999999997,231.0,0.930016559693728,0.3150931841425849,0.9980569894580323,0.9282095277140385,0.3235397802817675,0.4053319392694109,3.921891734555863
inverted_l_30,30 ft vertical / 26 ft horizontal inverted-L,dedicated_counterpoise,17 ft dedicated 26-AWG counterpoise; choke at feedpoint,feedpoint,average,6m,50100000,313.68,233.11,9.795606253863033,0.9312,True,kx3,KX3 / KXAT3,kxat3,published,nominal,lowest_loss_swr_2p5,best,34.85333333333333,25.901111111111113,50.38224335184964,-27.803920023638874,1.7283479554393593,0.7526916231046482,1.233829173119088,0.25,0.1,1.0681771159080165,True,source_shunt,0.12,10.0,0.9845699055062508,0.06753443062873807,0.9989133197002413,0.9834999927862019,0.07225638930117485,0.6359667512736821,1.9656558893621305
inverted_v_20,"20 ft apex inverted-V, 3 ft ends",coax_common_mode,17 ft coax exterior as counterpoise; choke at radio,radio,average,160m,1850000,19.207,-2496.9,6494.901203714463,0.9164,True,kx3,KX3 / KXAT3,kxat3,published,nominal,lowest_loss_swr_2p5,best,2.1341111111111113,-277.43333333333334,5.914741234418257,-98.79321554119929,41.55030811255659,0.05575543244194166,12.53712811425659,0.25,0.1,1.8448638319045259,True,source_shunt,10.43,2683.0,0.748206669999933,1.2597842453763541,0.9118036790073338,0.6822175943637651,1.6607708434732191,0.03215845567603929,14.927048152556209
inverted_v_20,"20 ft apex inverted-V, 3 ft ends",coax_common_mode,17 ft coax exterior as counterpoise; choke at radio,radio,average,80m,3550000,28.163,-1084.4,837.4213209088966,0.9055,True,kx2,KX2 / KXAT2,kxat2,published,nominal,lowest_loss_swr_2p5,best,3.1292222222222223,-120.4888888888889,3.078948080642286,-35.82788268454816,24.598392478451963,0.22569436597546105,6.464792821110198,0.25,0.1,3.7891531523392885,False,source_shunt,2.6879999999999997,1323.0,0.7385619618679383,1.3161306356326519,0.6608223140200147,0.48805822468873283,3.1152836415992273,0.09201969900892186,10.361191916208654
inverted_v_20,"20 ft apex inverted-V, 3 ft ends",coax_common_mode,17 ft coax exterior as counterpoise; choke at radio,radio,average,80m,3550000,28.163,-1084.4,837.4213209088966,0.9055,True,kx3,KX3 / KXAT3,kxat3,published,nominal,lowest_loss_swr_2p5,best,3.1292222222222223,-120.4888888888889,3.078948080642286,-35.82788268454816,24.598392478451963,0.22569436597546105,6.464792821110198,0.25,0.1,1.2993359176193309,True,source_shunt,2.25,2683.0,0.7594163424088767,1.195200612104059,0.9830522200710134,0.7465459213632551,1.2694347289371288,0.14075560559193034,8.515343003546555
inverted_v_20,"20 ft apex inverted-V, 3 ft ends",coax_common_mode,17 ft coax exterior as counterpoise; choke at radio,radio,average,60m,5357000,51.357,-403.59,65.41783067137705,0.9035,True,kx2,KX2 / KXAT2,kxat2,published,nominal,lowest_loss_swr_2p5,best,5.706333333333333,-44.843333333333334,5.125877852274567,5.084247576278513,9.856345929463629,0.6174655245432584,2.0938728570975758,0.25,0.1,1.5522208757229465,True,source_shunt,0.375,1323.0,0.9252874053451018,0.3372334924110682,0.9531845580689171,0.8819696665506058,0.5454635123578351,0.45393588872473917,3.4300548004859044
inverted_v_20,"20 ft apex inverted-V, 3 ft ends",coax_common_mode,17 ft coax exterior as counterpoise; choke at radio,radio,average,60m,5357000,51.357,-403.59,65.41783067137705,0.9035,True,kx3,KX3 / KXAT3,kxat3,published,nominal,lowest_loss_swr_2p5,best,5.706333333333333,-44.843333333333334,5.125877852274567,5.084247576278513,9.856345929463629,0.6174655245432584,2.0938728570975758,0.25,0.1,1.0215558650543821,True,source_shunt,0.31,1700.0000000000002,0.9247895243780808,0.33957098398634117,0.9998863002741813,0.924684376062719,0.34006480369562564,0.4759204765845844,3.2246560918236944
inverted_v_20,"20 ft apex inverted-V, 3 ft ends",coax_common_mode,17 ft coax exterior as counterpoise; choke at radio,radio,average,40m,7050000,141.74,243.96,11.498570867319698,0.9009,True,kx2,KX2 / KXAT2,kxat2,published,nominal,lowest_loss_swr_2p5,best,15.74888888888889,27.10666666666667,170.86785836010347,-34.20859871661517,3.566574527075054,0.8330251255963488,0.793418992615373,0.25,0.1,1.0536996205439304,True,load_shunt,1.813,174.0,0.9731496550366888,0.11820366968221199,0.9993162952643877,0.9724843080090808,0.12117397714387204,0.6733134499878557,1.7178271005728096
inverted_v_20,"20 ft apex inverted-V, 3 ft ends",coax_common_mode,17 ft coax exterior as counterpoise; choke at radio,radio,average,40m,7050000,141.74,243.96,11.498570867319698,0.9009,True,kx3,KX3 / KXAT3,kxat3,published,nominal,lowest_loss_swr_2p5,best,15.74888888888889,27.10666666666667,170.86785836010347,-34.20859871661517,3.566574527075054,0.8330251255963488,0.793418992615373,0.25,0.1,1.0544029722818538,True,load_shunt,1.81,174.0,0.9727230832405598,0.12010777961209416,0.9992987482045392,0.9720409594319512,0.1231543457939207,0.6730064912456365,1.7198074692228587
inverted_v_20,"20 ft apex inverted-V, 3 ft ends",coax_common_mode,17 ft coax exterior as counterpoise; choke at radio,radio,average,40m,7050000,141.74,243.96,11.498570867319698,0.9009,True,kh1,KH1 / KHATU1,khatu1,inferred,nominal,lowest_loss_swr_2p5,best,15.74888888888889,27.10666666666667,170.86785836010347,-34.20859871661517,3.566574527075054,0.8330251255963488,0.793418992615373,0.25,0.1,1.0403257943886381,True,load_shunt,1.75,180.0,0.9743209592827581,0.11297954944855583,0.9996093688944905,0.9739403592093123,0.11467637022144977,0.6743215679069962,1.7113294936503873
inverted_v_20,"20 ft apex inverted-V, 3 ft ends",coax_common_mode,17 ft coax exterior as counterpoise; choke at radio,radio,average,40m,7050000,141.74,243.96,11.498570867319698,0.9009,True,kh1,KH1 / KHATU1,khatu1_wide_sensitivity,range-fit,nominal,lowest_loss_swr_2p5,best,15.74888888888889,27.10666666666667,170.86785836010347,-34.20859871661517,3.566574527075054,0.8330251255963488,0.793418992615373,0.25,0.1,1.3380252732412963,True,load_shunt,1.5,220.0,0.970454582491692,0.13024784886427376,0.9790974176934113,0.9501695757063533,0.221988797412557,0.6578635252244789,1.8186419208414941
inverted_v_20,"20 ft apex inverted-V, 3 ft ends",coax_common_mode,17 ft coax exterior as counterpoise; choke at radio,radio,average,30m,10120000,274.36,-1295.3,127.96823889236266,0.8943000000000001,True,kx2,KX2 / KXAT2,kxat2,published,nominal,lowest_loss_swr_2p5,best,30.484444444444446,-143.92222222222222,6.4887343260613255,17.025484385020352,8.612778465624057,0.5407512122660131,2.670024982784226,0.25,0.1,1.027819365503555,True,load_shunt,0.0,811.0,0.9919779940710252,0.03497962079216957,0.9998117929408783,0.9917912968100476,0.035797070591811996,0.44248751911373857,3.540989745853106
inverted_v_20,"20 ft apex inverted-V, 3 ft ends",coax_common_mode,17 ft coax exterior as counterpoise; choke at radio,radio,average,30m,10120000,274.36,-1295.3,127.96823889236266,0.8943000000000001,True,kx3,KX3 / KXAT3,kxat3,published,nominal,lowest_loss_swr_2p5,best,30.484444444444446,-143.92222222222222,6.4887343260613255,17.025484385020352,8.612778465624057,0.5407512122660131,2.670024982784226,0.25,0.1,1.0282452091705903,True,load_shunt,0.0,811.0,0.9914936701559164,0.03710054050843796,0.9998060683587693,0.9913013881611932,0.037942856603478944,0.4422689464530173,3.543135531864773
inverted_v_20,"20 ft apex inverted-V, 3 ft ends",coax_common_mode,17 ft coax exterior as counterpoise; choke at radio,radio,average,30m,10120000,274.36,-1295.3,127.96823889236266,0.8943000000000001,True,kh1,KH1 / KHATU1,khatu1,inferred,nominal,lowest_loss_swr_2p5,best,30.484444444444446,-143.92222222222222,6.4887343260613255,17.025484385020352,8.612778465624057,0.5407512122660131,2.670024982784226,0.25,0.1,3.1671893971874447,False,source_shunt,0.0,420.0,0.977109562047038,0.10056736665372581,0.7295373769323442,0.7128379468713077,1.470091893329109,0.3180325292788156,4.975284568590403
inverted_v_20,"20 ft apex inverted-V, 3 ft ends",coax_common_mode,17 ft coax exterior as counterpoise; choke at radio,radio,average,30m,10120000,274.36,-1295.3,127.96823889236266,0.8943000000000001,True,kh1,KH1 / KHATU1,khatu1_wide_sensitivity,range-fit,nominal,lowest_loss_swr_2p5,best,30.484444444444446,-143.92222222222222,6.4887343260613255,17.025484385020352,8.612778465624057,0.5407512122660131,2.670024982784226,0.25,0.1,3.6492794251630447,False,source_shunt,0.0,367.0,0.9772668040813448,0.09986853147383352,0.6752985436097217,0.6599468495142594,1.8049104005232073,0.29443517514998024,5.310103075784501
inverted_v_20,"20 ft apex inverted-V, 3 ft ends",coax_common_mode,17 ft coax exterior as counterpoise; choke at radio,radio,average,20m,14050000,99.751,41.612,2.432312985092738,0.9348000000000001,True,kx2,KX2 / KXAT2,kxat2,published,nominal,lowest_loss_swr_2p5,best,11.083444444444446,4.623555555555556,29.003472298469646,-47.655791796861386,3.591647999830788,0.7648098860286057,1.16446506950677,0.25,0.1,1.0115543440736576,True,source_shunt,0.813,182.0,0.9581993284797498,0.18544137837757965,0.9999670066015132,0.9581677142274754,0.18558466925043993,0.6319951272588222,1.992862701555316
inverted_v_20,"20 ft apex inverted-V, 3 ft ends",coax_common_mode,17 ft coax exterior as counterpoise; choke at radio,radio,average,20m,14050000,99.751,41.612,2.432312985092738,0.9348000000000001,True,kx3,KX3 / KXAT3,kxat3,published,nominal,lowest_loss_swr_2p5,best,11.083444444444446,4.623555555555556,29.003472298469646,-47.655791796861386,3.591647999830788,0.7648098860286057,1.16446506950677,0.25,0.1,1.019796700872141,True,source_shunt,0.8099999999999999,182.0,0.957532970822614,0.18846262999237598,0.9999039338635174,0.9574409843295524,0.1888798599632541,0.6315157855449438,1.9961578922681311
inverted_v_20,"20 ft apex inverted-V, 3 ft ends",coax_common_mode,17 ft coax exterior as counterpoise; choke at radio,radio,average,20m,14050000,99.751,41.612,2.432312985092738,0.9348000000000001,True,kh1,KH1 / KHATU1,khatu1,inferred,nominal,lowest_loss_swr_2p5,best,11.083444444444446,4.623555555555556,29.003472298469646,-47.655791796861386,3.591647999830788,0.7648098860286057,1.16446506950677,0.25,0.1,1.3828248920629629,True,source_shunt,0.7,120.0,0.9654890770752974,0.15252635186252403,0.9741883313750728,0.940568192956843,0.2660971180819643,0.6203867088995212,2.0733751503868407
inverted_v_20,"20 ft apex inverted-V, 3 ft ends",coax_common_mode,17 ft coax exterior as counterpoise; choke at radio,radio,average,20m,14050000,99.751,41.612,2.432312985092738,0.9348000000000001,True,kh1,KH1 / KHATU1,khatu1_wide_sensitivity,range-fit,nominal,lowest_loss_swr_2p5,best,11.083444444444446,4.623555555555556,29.003472298469646,-47.655791796861386,3.591647999830788,0.7648098860286057,1.16446506950677,0.25,0.1,1.2267125100380611,True,source_shunt,0.75,147.0,0.9633977029241139,0.1619439352975498,0.9896337262751824,0.9534108586297421,0.20719906094604085,0.6288575663556506,2.014477093250918
inverted_v_20,"20 ft apex inverted-V, 3 ft ends",coax_common_mode,17 ft coax exterior as counterpoise; choke at radio,radio,average,17m,18080000,2065.1,1068.7,52.36827263468467,0.9299,True,kx2,KX2 / KXAT2,kxat2,published,nominal,lowest_loss_swr_2p5,best,229.45555555555555,118.74444444444445,58.10349472745143,83.64237211005542,4.192197707975464,0.694225922823369,1.5849917353849188,0.25,0.1,1.0673844976193263,True,load_shunt,0.688,149.0,0.9725117240045904,0.12105154382914529,0.9989376258886282,0.9714785527260024,0.1256678285170806,0.5785891580543616,2.3762970867849527
inverted_v_20,"20 ft apex inverted-V, 3 ft ends",coax_common_mode,17 ft coax exterior as counterpoise; choke at radio,radio,average,17m,18080000,2065.1,1068.7,52.36827263468467,0.9299,True,kx3,KX3 / KXAT3,kxat3,published,nominal,lowest_loss_swr_2p5,best,229.45555555555555,118.74444444444445,58.10349472745143,83.64237211005542,4.192197707975464,0.694225922823369,1.5849917353849188,0.25,0.1,1.0821679619783524,True,load_shunt,0.6799999999999999,149.0,0.9722885058655587,0.12204848330888149,0.9984426955988683,0.9707743566962045,0.12881704211162967,0.5781697559102353,2.379446300379502
inverted_v_20,"20 ft apex inverted-V, 3 ft ends",coax_common_mode,17 ft coax exterior as counterpoise; choke at radio,radio,average,17m,18080000,2065.1,1068.7,52.36827263468467,0.9299,True,kh1,KH1 / KHATU1,khatu1,inferred,nominal,lowest_loss_swr_2p5,best,229.45555555555555,118.74444444444445,58.10349472745143,83.64237211005542,4.192197707975464,0.694225922823369,1.5849917353849188,0.25,0.1,1.8500805954437387,True,load_shunt,0.7,120.0,0.9839223321413727,0.07039182111025098,0.9110377162905329,0.8963903544813313,0.4750282529412774,0.5338684410809459,2.725657511209149
inverted_v_20,"20 ft apex inverted-V, 3 ft ends",coax_common_mode,17 ft coax exterior as counterpoise; choke at radio,radio,average,17m,18080000,2065.1,1068.7,52.36827263468467,0.9299,True,kh1,KH1 / KHATU1,khatu1_wide_sensitivity,range-fit,nominal,lowest_loss_swr_2p5,best,229.45555555555555,118.74444444444445,58.10349472745143,83.64237211005542,4.192197707975464,0.694225922823369,1.5849917353849188,0.25,0.1,1.1161588315165172,True,load_shunt,0.75,147.0,0.972773779598741,0.1198814400169375,0.9969869388422904,0.9698427527081936,0.13298675184397446,0.5776149150796779,2.3836160101118464
inverted_v_20,"20 ft apex inverted-V, 3 ft ends",coax_common_mode,17 ft coax exterior as counterpoise; choke at radio,radio,average,15m,21050000,246.44,8.4601,4.934857627620903,0.9462,True,kx2,KX2 / KXAT2,kxat2,published,nominal,lowest_loss_swr_2p5,best,27.38222222222222,0.9400111111111111,30.53030962728705,5.590059270731289,1.6699863026508348,0.8371491078670538,0.771971812462955,0.25,0.1,1.078281291977302,True,source_shunt,0.125,110.00000000000001,0.9847989439930467,0.06652425773570494,0.998581245300702,0.9834017558633928,0.07269020612562889,0.718648861431477,1.4348325814631187
inverted_v_20,"20 ft apex inverted-V, 3 ft ends",coax_common_mode,17 ft coax exterior as counterpoise; choke at radio,radio,average,15m,21050000,246.44,8.4601,4.934857627620903,0.9462,True,kx3,KX3 / KXAT3,kxat3,published,nominal,lowest_loss_swr_2p5,best,27.38222222222222,0.9400111111111111,30.53030962728705,5.590059270731289,1.6699863026508348,0.8371491078670538,0.771971812462955,0.25,0.1,1.095029197145888,True,source_shunt,0.12,110.00000000000001,0.98431433508299,0.06866189991205138,0.9979425278722629,0.9822891357736248,0.07760659271621217,0.7178357825896403,1.4397489680537015
inverted_v_20,"20 ft apex inverted-V, 3 ft ends",coax_common_mode,17 ft coax exterior as counterpoise; choke at radio,radio,average,15m,21050000,246.44,8.4601,4.934857627620903,0.9462,True,kh1,KH1 / KHATU1,khatu1,inferred,nominal,lowest_loss_swr_2p5,best,27.38222222222222,0.9400111111111111,30.53030962728705,5.590059270731289,1.6699863026508348,0.8371491078670538,0.771971812462955,0.25,0.1,1.5894248526896262,True,load_shunt,0.0,60.0,0.9952302400051254,0.02076436443617281,0.9481856250679189,0.9436630072057548,0.25183069515734635,0.689608638239634,1.613973070494836
inverted_v_20,"20 ft apex inverted-V, 3 ft ends",coax_common_mode,17 ft coax exterior as counterpoise; choke at radio,radio,average,15m,21050000,246.44,8.4601,4.934857627620903,0.9462,True,kh1,KH1 / KHATU1,khatu1_wide_sensitivity,range-fit,nominal,lowest_loss_swr_2p5,best,27.38222222222222,0.9400111111111111,30.53030962728705,5.590059270731289,1.6699863026508348,0.8371491078670538,0.771971812462955,0.25,0.1,1.5779924802151062,True,load_shunt,0.0,47.0,0.9952963884426621,0.020475718195437056,0.9497332179180115,0.9452660417778246,0.24445943643847545,0.6907801014419158,1.6066018117759648
inverted_v_20,"20 ft apex inverted-V, 3 ft ends",coax_common_mode,17 ft coax exterior as counterpoise; choke at radio,radio,average,12m,24910000,1017.7,1378.0,57.70296641947689,0.9773999999999999,True,kx2,KX2 / KXAT2,kxat2,published,nominal,lowest_loss_swr_2p5,best,113.07777777777778,153.11111111111111,38.11416020975068,-69.17490499293683,4.355502695644631,0.629754728584077,2.0082856286873465,0.25,0.1,1.0433160645871187,True,source_shunt,0.563,67.0,0.962348135927232,0.16667790580467132,0.9995506063967358,0.9619156628308331,0.16863003609596763,0.5462365647793591,2.626192317861784
inverted_v_20,"20 ft apex inverted-V, 3 ft ends",coax_common_mode,17 ft coax exterior as counterpoise; choke at radio,radio,average,12m,24910000,1017.7,1378.0,57.70296641947689,0.9773999999999999,True,kx3,KX3 / KXAT3,kxat3,published,nominal,lowest_loss_swr_2p5,best,113.07777777777778,153.11111111111111,38.11416020975068,-69.17490499293683,4.355502695644631,0.629754728584077,2.0082856286873465,0.25,0.1,1.0530875221111948,True,source_shunt,0.5599999999999999,57.0,0.9619455193719825,0.1684952391450141,0.9993313944416412,0.9613023572508921,0.17139992734424608,0.5458882910729501,2.628962209110063
inverted_v_20,"20 ft apex inverted-V, 3 ft ends",coax_common_mode,17 ft coax exterior as counterpoise; choke at radio,radio,average,10m,28050000,2248.5,-2037.5,81.9060341606163,0.9616,True,kx2,KX2 / KXAT2,kxat2,published,nominal,lowest_loss_swr_2p5,best,249.83333333333334,-226.38888888888889,10.268886197286854,-11.18436894477388,5.12288168361146,0.5425714738365637,2.6554304338135104,0.25,0.1,1.1032868692547966,True,source_shunt,0.188,203.0,0.9347012238095356,0.29327188685716316,0.9975884670171787,0.9324471609792355,0.30375769004876807,0.44882355596723317,3.479243577275635
inverted_v_20,"20 ft apex inverted-V, 3 ft ends",coax_common_mode,17 ft coax exterior as counterpoise; choke at radio,radio,average,10m,28050000,2248.5,-2037.5,81.9060341606163,0.9616,True,kx3,KX3 / KXAT3,kxat3,published,nominal,lowest_loss_swr_2p5,best,249.83333333333334,-226.38888888888889,10.268886197286854,-11.18436894477388,5.12288168361146,0.5425714738365637,2.6554304338135104,0.25,0.1,1.0220229311425282,True,source_shunt,0.17999999999999997,213.0,0.9344470442750678,0.2944530534002078,0.9998813744910134,0.9343361950188196,0.29496826799926745,0.449732822476339,3.470454155226135
inverted_v_20,"20 ft apex inverted-V, 3 ft ends",coax_common_mode,17 ft coax exterior as counterpoise; choke at radio,radio,average,6m,50100000,334.19,204.81,9.23551431346672,0.955,True,kx3,KX3 / KXAT3,kxat3,published,nominal,lowest_loss_swr_2p5,best,37.132222222222225,22.756666666666668,51.91133507773494,-23.910087356921483,1.594514560916866,0.76287188733212,1.1754838903894498,0.25,0.1,1.115046338862871,True,load_shunt,0.06,0.0,0.9901801314893026,0.04285792275519971,0.9970412666190417,0.9872504524811035,0.05572658543556563,0.6635632476063421,1.7811767599875519
inverted_v_20,"20 ft apex inverted-V, 3 ft ends",dedicated_counterpoise,17 ft dedicated 26-AWG counterpoise; choke at feedpoint,feedpoint,average,160m,1850000,17.231,-2563.3,7629.625308389161,0.8829,True,kx3,KX3 / KXAT3,kxat3,published,nominal,lowest_loss_swr_2p5,best,1.9145555555555558,-284.81111111111113,5.9727553379383584,-99.91370969355003,41.894550045920866,0.04793288835938848,13.193664003270234,0.25,0.1,1.8321384644142427,True,source_shunt,10.5,2683.0,0.7489760245117418,1.2553208428839178,0.9136699028793049,0.6843168515745711,1.6474276519770357,0.026717901922999013,15.731976487054533
inverted_v_20,"20 ft apex inverted-V, 3 ft ends",dedicated_counterpoise,17 ft dedicated 26-AWG counterpoise; choke at feedpoint,feedpoint,average,80m,3550000,25.794,-1132.4,996.7386186833,0.8742,True,kx2,KX2 / KXAT2,kxat2,published,nominal,lowest_loss_swr_2p5,best,2.866,-125.82222222222224,3.0410292326078645,-36.98251840095564,25.458367391205282,0.19864287117986076,7.019270161248653,0.25,0.1,3.8125946726656066,False,source_shunt,2.6879999999999997,1323.0,0.7363796291742579,1.3289823410009656,0.6584488690606701,0.4848683340291058,3.1437617803231195,0.07767971222431563,11.096923920035435
inverted_v_20,"20 ft apex inverted-V, 3 ft ends",dedicated_counterpoise,17 ft dedicated 26-AWG counterpoise; choke at feedpoint,feedpoint,average,80m,3550000,25.794,-1132.4,996.7386186833,0.8742,True,kx3,KX3 / KXAT3,kxat3,published,nominal,lowest_loss_swr_2p5,best,2.866,-125.82222222222224,3.0410292326078645,-36.98251840095564,25.458367391205282,0.19864287117986076,7.019270161248653,0.25,0.1,1.2778650877007176,True,source_shunt,2.31,2683.0,0.7534997380350843,1.2291689433798525,0.985119690302222,0.7422874285759277,1.2942789462222684,0.1189202713247181,9.247441085934584
inverted_v_20,"20 ft apex inverted-V, 3 ft ends",dedicated_counterpoise,17 ft dedicated 26-AWG counterpoise; choke at feedpoint,feedpoint,average,60m,5357000,47.707,-448.97,86.4956677499012,0.8804000000000001,True,kx2,KX2 / KXAT2,kxat2,published,nominal,lowest_loss_swr_2p5,best,5.300777777777778,-49.885555555555555,4.583901219625854,2.4809932073510965,10.93482276373244,0.5760984605194993,2.395032853163995,0.25,0.1,1.673269147089312,True,source_shunt,0.5,1323.0,0.9059023722700339,0.42918603061565486,0.9365703881067794,0.8484413363837978,0.7137818064809714,0.39700736898084804,4.012014320831862
inverted_v_20,"20 ft apex inverted-V, 3 ft ends",dedicated_counterpoise,17 ft dedicated 26-AWG counterpoise; choke at feedpoint,feedpoint,average,60m,5357000,47.707,-448.97,86.4956677499012,0.8804000000000001,True,kx3,KX3 / KXAT3,kxat3,published,nominal,lowest_loss_swr_2p5,best,5.300777777777778,-49.885555555555555,4.583901219625854,2.4809932073510965,10.93482276373244,0.5760984605194993,2.395032853163995,0.25,0.1,1.0135545210281613,True,source_shunt,0.36999999999999994,1790.0,0.9116566402667021,0.40168700394771656,0.9999546850438233,0.9116153285860003,0.4018838087610032,0.426568093283969,3.700116323111894
inverted_v_20,"20 ft apex inverted-V, 3 ft ends",dedicated_counterpoise,17 ft dedicated 26-AWG counterpoise; choke at feedpoint,feedpoint,average,40m,7050000,133.08,186.35,8.133225625435701,0.8876999999999999,True,kx2,KX2 / KXAT2,kxat2,published,nominal,lowest_loss_swr_2p5,best,14.786666666666669,20.705555555555556,167.70911398383143,25.70819893656452,3.4404765349221025,0.8381709216081504,0.7666741007838546,0.25,0.1,1.0615074326781113,True,load_shunt,1.7499999999999998,221.0,0.9738370099669977,0.11513724430694355,0.9991098045094846,0.9729701046522281,0.11900503600129825,0.6678797965537601,1.7530169379821987
inverted_v_20,"20 ft apex inverted-V, 3 ft ends",dedicated_counterpoise,17 ft dedicated 26-AWG counterpoise; choke at feedpoint,feedpoint,average,40m,7050000,133.08,186.35,8.133225625435701,0.8876999999999999,True,kx3,KX3 / KXAT3,kxat3,published,nominal,lowest_loss_swr_2p5,best,14.786666666666669,20.705555555555556,167.70911398383143,25.70819893656452,3.4404765349221025,0.8381709216081504,0.7666741007838546,0.25,0.1,1.0619744338029857,True,load_shunt,1.7499999999999998,221.0,0.9733767037890758,0.11719052110310546,0.999096644728765,0.9724973988128106,0.12111551629764737,0.667555315176223,1.7551274182785477
inverted_v_20,"20 ft apex inverted-V, 3 ft ends",dedicated_counterpoise,17 ft dedicated 26-AWG counterpoise; choke at feedpoint,feedpoint,average,40m,7050000,133.08,186.35,8.133225625435701,0.8876999999999999,True,kh1,KH1 / KHATU1,khatu1,inferred,nominal,lowest_loss_swr_2p5,best,14.786666666666669,20.705555555555556,167.70911398383143,25.70819893656452,3.4404765349221025,0.8381709216081504,0.7666741007838546,0.25,0.1,1.0861313881568877,True,load_shunt,1.75,240.0,0.9717224104234364,0.1245778120449855,0.9982953329044825,0.9700659472044106,0.13198740441561047,0.665886284033556,1.7659993063965111
inverted_v_20,"20 ft apex inverted-V, 3 ft ends",dedicated_counterpoise,17 ft dedicated 26-AWG counterpoise; choke at feedpoint,feedpoint,average,40m,7050000,133.08,186.35,8.133225625435701,0.8876999999999999,True,kh1,KH1 / KHATU1,khatu1_wide_sensitivity,range-fit,nominal,lowest_loss_swr_2p5,best,14.786666666666669,20.705555555555556,167.70911398383143,25.70819893656452,3.4404765349221025,0.8381709216081504,0.7666741007838546,0.25,0.1,1.2785396751864457,True,load_shunt,1.5,220.0,0.9781364120788126,0.09600573758563852,0.985056203690191,0.9635193407734994,0.16139563305463092,0.661392470554305,1.7954075350355314
inverted_v_20,"20 ft apex inverted-V, 3 ft ends",dedicated_counterpoise,17 ft dedicated 26-AWG counterpoise; choke at feedpoint,feedpoint,average,30m,10120000,262.48,-1262.2,126.82422345257041,0.8851,True,kx2,KX2 / KXAT2,kxat2,published,nominal,lowest_loss_swr_2p5,best,29.164444444444445,-140.24444444444444,6.538328145608859,17.484747408463207,8.596810763653012,0.5415901766311243,2.6632922148980036,0.25,0.1,1.066280133061825,True,load_shunt,0.0,790.0000000000001,0.9920359138895604,0.03472605142464756,0.9989710640456219,0.991015172469725,0.03919696403284878,0.43827169442921454,3.582565771447129
inverted_v_20,"20 ft apex inverted-V, 3 ft ends",dedicated_counterpoise,17 ft dedicated 26-AWG counterpoise; choke at feedpoint,feedpoint,average,30m,10120000,262.48,-1262.2,126.82422345257041,0.8851,True,kx3,KX3 / KXAT3,kxat3,published,nominal,lowest_loss_swr_2p5,best,29.164444444444445,-140.24444444444444,6.538328145608859,17.484747408463207,8.596810763653012,0.5415901766311243,2.6632922148980036,0.25,0.1,1.066779561530165,True,load_shunt,0.0,790.0000000000001,0.9915709122132189,0.03676221769663895,0.9989560040591703,0.9905357162058235,0.041298602855044914,0.43805965720211415,3.584667410269326
inverted_v_20,"20 ft apex inverted-V, 3 ft ends",dedicated_counterpoise,17 ft dedicated 26-AWG counterpoise; choke at feedpoint,feedpoint,average,30m,10120000,262.48,-1262.2,126.82422345257041,0.8851,True,kh1,KH1 / KHATU1,khatu1,inferred,nominal,lowest_loss_swr_2p5,best,29.164444444444445,-140.24444444444444,6.538328145608859,17.484747408463207,8.596810763653012,0.5415901766311243,2.6632922148980036,0.25,0.1,3.087040719535095,False,source_shunt,0.0,420.0,0.9772286147138762,0.10003824721122127,0.7392382327254319,0.7224047541098079,1.4121940461473041,0.31948002860379804,4.9555628535615845
inverted_v_20,"20 ft apex inverted-V, 3 ft ends",dedicated_counterpoise,17 ft dedicated 26-AWG counterpoise; choke at feedpoint,feedpoint,average,30m,10120000,262.48,-1262.2,126.82422345257041,0.8851,True,kh1,KH1 / KHATU1,khatu1_wide_sensitivity,range-fit,nominal,lowest_loss_swr_2p5,best,29.164444444444445,-140.24444444444444,6.538328145608859,17.484747408463207,8.596810763653012,0.5415901766311243,2.6632922148980036,0.25,0.1,3.5703232548637764,False,source_shunt,0.0,367.0,0.97739242154511,0.09931032704920795,0.6837127726161859,0.6682556824686551,1.7505733956089347,0.29553286206265006,5.2939422030232155
inverted_v_20,"20 ft apex inverted-V, 3 ft ends",dedicated_counterpoise,17 ft dedicated 26-AWG counterpoise; choke at feedpoint,feedpoint,average,20m,14050000,91.633,32.823,2.1478850931393425,0.9097,True,kx2,KX2 / KXAT2,kxat2,published,nominal,lowest_loss_swr_2p5,best,10.181444444444445,3.6470000000000002,28.726049498012344,-50.38017639963496,3.8205061916449865,0.7514846123249626,1.2407990775941127,0.25,0.1,1.1069797741890366,True,source_shunt,0.813,182.0,0.9578725903181617,0.18692253971174655,0.997422001736856,0.9554031964440083,0.1981331005321732,0.6025664912849769,2.199950231018569
inverted_v_20,"20 ft apex inverted-V, 3 ft ends",dedicated_counterpoise,17 ft dedicated 26-AWG counterpoise; choke at feedpoint,feedpoint,average,20m,14050000,91.633,32.823,2.1478850931393425,0.9097,True,kx3,KX3 / KXAT3,kxat3,published,nominal,lowest_loss_swr_2p5,best,10.181444444444445,3.6470000000000002,28.726049498012344,-50.38017639963496,3.8205061916449865,0.7514846123249626,1.2407990775941127,0.25,0.1,1.1162036933854085,True,source_shunt,0.8099999999999999,174.0,0.9572166831970352,0.18989740734245028,0.9969847388819604,0.9543304249506523,0.2030123023610882,0.6018899013833438,2.2048294328474842
inverted_v_20,"20 ft apex inverted-V, 3 ft ends",dedicated_counterpoise,17 ft dedicated 26-AWG counterpoise; choke at feedpoint,feedpoint,average,20m,14050000,91.633,32.823,2.1478850931393425,0.9097,True,kh1,KH1 / KHATU1,khatu1,inferred,nominal,lowest_loss_swr_2p5,best,10.181444444444445,3.6470000000000002,28.726049498012344,-50.38017639963496,3.8205061916449865,0.7514846123249626,1.2407990775941127,0.25,0.1,1.4665899050221665,True,source_shunt,0.7,120.0,0.9651900466495029,0.15387165324675028,0.9642169976340894,0.9306526489266904,0.31212382179321674,0.5869564842948377,2.313940952279612
inverted_v_20,"20 ft apex inverted-V, 3 ft ends",dedicated_counterpoise,17 ft dedicated 26-AWG counterpoise; choke at feedpoint,feedpoint,average,20m,14050000,91.633,32.823,2.1478850931393425,0.9097,True,kh1,KH1 / KHATU1,khatu1_wide_sensitivity,range-fit,nominal,lowest_loss_swr_2p5,best,10.181444444444445,3.6470000000000002,28.726049498012344,-50.38017639963496,3.8205061916449865,0.7514846123249626,1.2407990775941127,0.25,0.1,1.3124704659928048,True,source_shunt,0.75,147.0,0.9630888504717667,0.16333644869650787,0.9817414804625195,0.9455042738790984,0.24336503711682123,0.5963233061463462,2.2451821676032173
inverted_v_20,"20 ft apex inverted-V, 3 ft ends",dedicated_counterpoise,17 ft dedicated 26-AWG counterpoise; choke at feedpoint,feedpoint,average,17m,18080000,1935.4,1053.8,50.1895164627789,0.9239,True,kx2,KX2 / KXAT2,kxat2,published,nominal,lowest_loss_swr_2p5,best,215.04444444444445,117.08888888888889,57.23930737708924,81.15914971046416,4.074373221407169,0.7021344035010126,1.5357974668531813,0.25,0.1,1.093020699713427,True,load_shunt,0.688,149.0,0.9735678758990597,0.11633764636190534,0.9980247950874865,0.9716448798479186,0.12492433533281284,0.5815041076902806,2.3544721310935666
inverted_v_20,"20 ft apex inverted-V, 3 ft ends",dedicated_counterpoise,17 ft dedicated 26-AWG counterpoise; choke at feedpoint,feedpoint,average,17m,18080000,1935.4,1053.8,50.1895164627789,0.9239,True,kx3,KX3 / KXAT3,kxat3,published,nominal,lowest_loss_swr_2p5,best,215.04444444444445,117.08888888888889,57.23930737708924,81.15914971046416,4.074373221407169,0.7021344035010126,1.5357974668531813,0.25,0.1,1.1002073372164032,True,load_shunt,0.6799999999999999,149.0,0.9733530806629541,0.11729592241151918,0.997723463063799,0.9711372064228598,0.1271940677303726,0.581200278391985,2.3567418634911257
inverted_v_20,"20 ft apex inverted-V, 3 ft ends",dedicated_counterpoise,17 ft dedicated 26-AWG counterpoise; choke at feedpoint,feedpoint,average,17m,18080000,1935.4,1053.8,50.1895164627789,0.9239,True,kh1,KH1 / KHATU1,khatu1,inferred,nominal,lowest_loss_swr_2p5,best,215.04444444444445,117.08888888888889,57.23930737708924,81.15914971046416,4.074373221407169,0.7021344035010126,1.5357974668531813,0.25,0.1,1.6768645255387777,True,load_shunt,0.7,180.0,0.9585920424800868,0.18366180519832948,0.9360632256714879,0.89730275938693,0.47060996703856683,0.5370122883856425,2.70015776279932
inverted_v_20,"20 ft apex inverted-V, 3 ft ends",dedicated_counterpoise,17 ft dedicated 26-AWG counterpoise; choke at feedpoint,feedpoint,average,17m,18080000,1935.4,1053.8,50.1895164627789,0.9239,True,kh1,KH1 / KHATU1,khatu1_wide_sensitivity,range-fit,nominal,lowest_loss_swr_2p5,best,215.04444444444445,117.08888888888889,57.23930737708924,81.15914971046416,4.074373221407169,0.7021344035010126,1.5357974668531813,0.25,0.1,1.1653733089535765,True,load_shunt,0.75,147.0,0.9738071138071982,0.11527057192130152,0.9941673586273458,0.9681272461462214,0.14067557291525365,0.5793988957045944,2.3702233686760064
inverted_v_20,"20 ft apex inverted-V, 3 ft ends",dedicated_counterpoise,17 ft dedicated 26-AWG counterpoise; choke at feedpoint,feedpoint,average,15m,21050000,220.17,41.279,4.566286373225382,0.9164,True,kx2,KX2 / KXAT2,kxat2,published,nominal,lowest_loss_swr_2p5,best,24.46333333333333,4.586555555555556,28.42497504412573,9.482858167066174,1.8503489301355962,0.8277591586074146,0.8209600536821342,0.25,0.1,1.0459883738954834,True,source_shunt,0.125,131.0,0.9835713565358974,0.07194127228495714,0.9994947692397104,0.9830744260316358,0.0741360160705057,0.6879794619174182,1.6242452645790406
inverted_v_20,"20 ft apex inverted-V, 3 ft ends",dedicated_counterpoise,17 ft dedicated 26-AWG counterpoise; choke at feedpoint,feedpoint,average,15m,21050000,220.17,41.279,4.566286373225382,0.9164,True,kx3,KX3 / KXAT3,kxat3,published,nominal,lowest_loss_swr_2p5,best,24.46333333333333,4.586555555555556,28.42497504412573,9.482858167066174,1.8503489301355962,0.8277591586074146,0.8209600536821342,0.25,0.1,1.0238700063331494,True,source_shunt,0.12,131.0,0.9830561636056345,0.07421669505368747,0.9998608959290503,0.9829194164913048,0.07482085837968827,0.687870982460192,1.624930106888223
inverted_v_20,"20 ft apex inverted-V, 3 ft ends",dedicated_counterpoise,17 ft dedicated 26-AWG counterpoise; choke at feedpoint,feedpoint,average,15m,21050000,220.17,41.279,4.566286373225382,0.9164,True,kh1,KH1 / KHATU1,khatu1,inferred,nominal,lowest_loss_swr_2p5,best,24.46333333333333,4.586555555555556,28.42497504412573,9.482858167066174,1.8503489301355962,0.8277591586074146,0.8209600536821342,0.25,0.1,1.593781420173371,True,load_shunt,0.0,60.0,0.9952243957485216,0.020789867437831427,0.9475933428639708,0.943068012067117,0.25456985735265864,0.6599819976118322,1.8046791058611942
inverted_v_20,"20 ft apex inverted-V, 3 ft ends",dedicated_counterpoise,17 ft dedicated 26-AWG counterpoise; choke at feedpoint,feedpoint,average,15m,21050000,220.17,41.279,4.566286373225382,0.9164,True,kh1,KH1 / KHATU1,khatu1_wide_sensitivity,range-fit,nominal,lowest_loss_swr_2p5,best,24.46333333333333,4.586555555555556,28.42497504412573,9.482858167066174,1.8503489301355962,0.8277591586074146,0.8209600536821342,0.25,0.1,1.5945825799656856,True,load_shunt,0.0,100.0,0.9950515801475874,0.02154406296619113,0.947484274881777,0.9427957248861033,0.25582395454655243,0.6597914444010881,1.8059332030550879
inverted_v_20,"20 ft apex inverted-V, 3 ft ends",dedicated_counterpoise,17 ft dedicated 26-AWG counterpoise; choke at feedpoint,feedpoint,average,12m,24910000,813.3,1466.0,69.16328374603192,0.9390999999999999,True,kx2,KX2 / KXAT2,kxat2,published,nominal,lowest_loss_swr_2p5,best,90.36666666666666,162.88888888888889,37.0942935014296,-74.67282219015736,4.891786521355659,0.5869280154269417,2.314151601150751,0.25,0.1,1.069669875825225,True,source_shunt,0.625,67.0,0.9578942479686258,0.18682434615395088,0.9988668486620688,0.9568088088199435,0.19174835023428533,0.4865436909608772,3.128781545914372
inverted_v_20,"20 ft apex inverted-V, 3 ft ends",dedicated_counterpoise,17 ft dedicated 26-AWG counterpoise; choke at feedpoint,feedpoint,average,12m,24910000,813.3,1466.0,69.16328374603192,0.9390999999999999,True,kx3,KX3 / KXAT3,kxat3,published,nominal,lowest_loss_swr_2p5,best,90.36666666666666,162.88888888888889,37.0942935014296,-74.67282219015736,4.891786521355659,0.5869280154269417,2.314151601150751,0.25,0.1,1.04888439862022,True,source_shunt,0.62,67.0,0.9575580039895141,0.1883490921355027,0.9994307465876155,0.957012910828187,0.19082203222512542,0.48664747819977794,3.127855227905212
inverted_v_20,"20 ft apex inverted-V, 3 ft ends",dedicated_counterpoise,17 ft dedicated 26-AWG counterpoise; choke at feedpoint,feedpoint,average,10m,28050000,2918.0,-2161.3,90.38264182307519,0.9416,True,kx2,KX2 / KXAT2,kxat2,published,nominal,lowest_loss_swr_2p5,best,324.22222222222223,-240.14444444444447,9.892383097810535,-12.556753650503037,5.385326394969469,0.5200688142547645,2.8393918776167286,0.25,0.1,1.0282773433232664,True,source_shunt,0.188,221.0,0.9325309596596033,0.30336740874630935,0.9998056330003825,0.9323497064149239,0.30421161594595714,0.4212172034967611,3.7549389952089034
inverted_v_20,"20 ft apex inverted-V, 3 ft ends",dedicated_counterpoise,17 ft dedicated 26-AWG counterpoise; choke at feedpoint,feedpoint,average,10m,28050000,2918.0,-2161.3,90.38264182307519,0.9416,True,kx3,KX3 / KXAT3,kxat3,published,nominal,lowest_loss_swr_2p5,best,324.22222222222223,-240.14444444444447,9.892383097810535,-12.556753650503037,5.385326394969469,0.5200688142547645,2.8393918776167286,0.25,0.1,1.1130131574867357,True,source_shunt,0.17999999999999997,231.0,0.932269065889556,0.3045872609381351,0.9971394231803637,0.9296022386100085,0.3170283911165844,0.4199759517459199,3.76775577037953
inverted_v_20,"20 ft apex inverted-V, 3 ft ends",dedicated_counterpoise,17 ft dedicated 26-AWG counterpoise; choke at feedpoint,feedpoint,average,6m,50100000,299.43,249.19,10.205185364481594,0.9243000000000001,True,kx3,KX3 / KXAT3,kxat3,published,nominal,lowest_loss_swr_2p5,best,33.27,27.68777777777778,49.347191987457244,-30.208549613001008,1.8208214883952567,0.745159559446023,1.2775072273179668,0.25,0.1,1.0274853600741876,True,source_shunt,0.12,10.0,0.9842566157576071,0.06891657383690483,0.999816224586856,0.9840757335914067,0.06971477366228182,0.625303346490505,2.039092470614216
sloper_20,3-to-20 ft sloper,coax_common_mode,17 ft coax exterior as counterpoise; choke at radio,radio,average,160m,1850000,20.079,-2478.9,6123.6597562538755,0.9211,True,kx3,KX3 / KXAT3,kxat3,published,nominal,lowest_loss_swr_2p5,best,2.231,-275.43333333333334,5.904915670378083,-98.4825591263874,41.41143952943762,0.0589110570867275,12.298031843118126,0.25,0.1,1.8541351341291799,True,source_shunt,10.37,2683.0,0.7488780538652378,1.255888963795562,0.9104420570555691,0.6818100758448383,1.6633658502047457,0.03413241465390525,14.668329870283507
sloper_20,3-to-20 ft sloper,coax_common_mode,17 ft coax exterior as counterpoise; choke at radio,radio,average,80m,3550000,30.082,-1078.2,775.1600467725032,0.9127,True,kx2,KX2 / KXAT2,kxat2,published,nominal,lowest_loss_swr_2p5,best,3.3424444444444443,-119.80000000000001,3.124479089320229,-35.67378545081243,24.169902604627776,0.2391718559877825,6.212899263070428,0.25,0.1,3.7529928800270773,False,source_shunt,2.6879999999999997,1323.0,0.7413557099732001,1.299733631254417,0.6645128819143449,0.49264041935794645,3.0746995874949077,0.09921290484229447,10.034318345263905
sloper_20,3-to-20 ft sloper,coax_common_mode,17 ft coax exterior as counterpoise; choke at radio,radio,average,80m,3550000,30.082,-1078.2,775.1600467725032,0.9127,True,kx3,KX3 / KXAT3,kxat3,published,nominal,lowest_loss_swr_2p5,best,3.3424444444444443,-119.80000000000001,3.124479089320229,-35.67378545081243,24.169902604627776,0.2391718559877825,6.212899263070428,0.25,0.1,1.2635455985932087,True,source_shunt,2.25,2683.0,0.7620339538518969,1.1802567742418415,0.9864439538153124,0.7517037863791804,1.2395326217981553,0.1513857030343304,8.199151379567153
sloper_20,3-to-20 ft sloper,coax_common_mode,17 ft coax exterior as counterpoise; choke at radio,radio,average,60m,5357000,55.834,-405.07,60.77057065651603,0.9123,True,kx2,KX2 / KXAT2,kxat2,published,nominal,lowest_loss_swr_2p5,best,6.203777777777778,-45.007777777777775,5.385751193706195,4.955756639416074,9.376017794696093,0.635860752389723,1.9663798040497018,0.25,0.1,1.4954598925950289,True,source_shunt,0.375,1323.0,0.928645235531242,0.3215016509896761,0.9605800726167778,0.8920381077818251,0.4961659220924464,0.47740075582447783,3.211168977504202
sloper_20,3-to-20 ft sloper,coax_common_mode,17 ft coax exterior as counterpoise; choke at radio,radio,average,60m,5357000,55.834,-405.07,60.77057065651603,0.9123,True,kx3,KX3 / KXAT3,kxat3,published,nominal,lowest_loss_swr_2p5,best,6.203777777777778,-45.007777777777775,5.385751193706195,4.955756639416074,9.376017794696093,0.635860752389723,1.9663798040497018,0.25,0.1,1.0735687254770307,True,source_shunt,0.31,1690.0000000000002,0.9281791802733269,0.32368177345362226,0.9987412206884029,0.9270108075237437,0.3291520261864808,0.4961174374823178,3.0441550815982366
sloper_20,3-to-20 ft sloper,coax_common_mode,17 ft coax exterior as counterpoise; choke at radio,radio,average,40m,7050000,159.47,232.14,10.163052981102634,0.9124,True,kx2,KX2 / KXAT2,kxat2,published,nominal,lowest_loss_swr_2p5,best,17.718888888888888,25.793333333333333,155.58833101118486,-22.206163759858658,3.182273736448678,0.8485947408418317,0.7129966409715396,0.25,0.1,1.0292773210880377,True,load_shunt,1.625,192.0,0.9743829554660416,0.11270321603428601,0.9997918483452073,0.9741801360414595,0.11360730128172605,0.695864822295418,1.5747511762071567
sloper_20,3-to-20 ft sloper,coax_common_mode,17 ft coax exterior as counterpoise; choke at radio,radio,average,40m,7050000,159.47,232.14,10.163052981102634,0.9124,True,kx3,KX3 / KXAT3,kxat3,published,nominal,lowest_loss_swr_2p5,best,17.718888888888888,25.793333333333333,155.58833101118486,-22.206163759858658,3.182273736448678,0.8485947408418317,0.7129966409715396,0.25,0.1,1.0337578767891684,True,load_shunt,1.6199999999999999,192.0,0.9739612586644242,0.11458317744470042,0.9997244808743706,0.9736929137100401,0.11577990667236351,0.6955167954074453,1.5769237815977932
sloper_20,3-to-20 ft sloper,coax_common_mode,17 ft coax exterior as counterpoise; choke at radio,radio,average,40m,7050000,159.47,232.14,10.163052981102634,0.9124,True,kh1,KH1 / KHATU1,khatu1,inferred,nominal,lowest_loss_swr_2p5,best,17.718888888888888,25.793333333333333,155.58833101118486,-22.206163759858658,3.182273736448678,0.8485947408418317,0.7129966409715396,0.25,0.1,1.1042945767973904,True,load_shunt,1.75,180.0,0.9762519085955838,0.10438104057823844,0.9975435361318925,0.9738537810559477,0.11506245223604386,0.6956317042656035,1.5762063271614746
sloper_20,3-to-20 ft sloper,coax_common_mode,17 ft coax exterior as counterpoise; choke at radio,radio,average,40m,7050000,159.47,232.14,10.163052981102634,0.9124,True,kh1,KH1 / KHATU1,khatu1_wide_sensitivity,range-fit,nominal,lowest_loss_swr_2p5,best,17.718888888888888,25.793333333333333,155.58833101118486,-22.206163759858658,3.182273736448678,0.8485947408418317,0.7129966409715396,0.25,0.1,1.197653135214162,True,load_shunt,1.5,220.0,0.9730083566078708,0.11883429810680993,0.9919111064293622,0.9651377955679286,0.15410676726117278,0.689405804692866,1.6152506421866033
sloper_20,3-to-20 ft sloper,coax_common_mode,17 ft coax exterior as counterpoise; choke at radio,radio,average,30m,10120000,289.44,-1164.9,99.71824175561802,0.9147,True,kx2,KX2 / KXAT2,kxat2,published,nominal,lowest_loss_swr_2p5,best,32.16,-129.43333333333334,7.544460973713972,18.54518016536644,7.557677200409934,0.5960832878661284,2.246930541296985,0.25,0.1,1.0632498172275169,True,load_shunt,0.0,729.0000000000001,0.992166748650651,0.034153319455903906,0.9990602444069827,0.9912343543994008,0.03823654505745003,0.4986111321241676,3.0223802955040036
sloper_20,3-to-20 ft sloper,coax_common_mode,17 ft coax exterior as counterpoise; choke at radio,radio,average,30m,10120000,289.44,-1164.9,99.71824175561802,0.9147,True,kx3,KX3 / KXAT3,kxat3,published,nominal,lowest_loss_swr_2p5,best,32.16,-129.43333333333334,7.544460973713972,18.54518016536644,7.557677200409934,0.5960832878661284,2.246930541296985,0.25,0.1,1.0637482889753715,True,load_shunt,0.0,729.0000000000001,0.9917003072637555,0.0361955220681089,0.9990458347124609,0.9907540612549225,0.040341387495260374,0.49836953485964886,3.0244851379418147
sloper_20,3-to-20 ft sloper,coax_common_mode,17 ft coax exterior as counterpoise; choke at radio,radio,average,30m,10120000,289.44,-1164.9,99.71824175561802,0.9147,True,kh1,KH1 / KHATU1,khatu1,inferred,nominal,lowest_loss_swr_2p5,best,32.16,-129.43333333333334,7.544460973713972,18.54518016536644,7.557677200409934,0.5960832878661284,2.246930541296985,0.25,0.1,2.59208119958468,False,source_shunt,0.0,420.0,0.9800645056675279,0.08745339069225525,0.8035562857041538,0.7875369939246764,1.0372903642090774,0.39614719807443743,4.021434114655631
sloper_20,3-to-20 ft sloper,coax_common_mode,17 ft coax exterior as counterpoise; choke at radio,radio,average,30m,10120000,289.44,-1164.9,99.71824175561802,0.9147,True,kh1,KH1 / KHATU1,khatu1_wide_sensitivity,range-fit,nominal,lowest_loss_swr_2p5,best,32.16,-129.43333333333334,7.544460973713972,18.54518016536644,7.557677200409934,0.5960832878661284,2.246930541296985,0.25,0.1,3.0170488220160925,False,source_shunt,0.0,367.0,0.9802287553980535,0.08672561436199801,0.7478734387651226,0.7330870500759985,1.3484445220337917,0.3687577638543768,4.332588272480346
sloper_20,3-to-20 ft sloper,coax_common_mode,17 ft coax exterior as counterpoise; choke at radio,radio,average,20m,14050000,106.19,79.807,3.5092723682798153,0.9375,True,kx2,KX2 / KXAT2,kxat2,published,nominal,lowest_loss_swr_2p5,best,11.79888888888889,8.867444444444445,25.44628814408732,-40.65729724599843,3.4862252960574858,0.7709018610225232,1.1300090590389482,0.25,0.1,1.0221890476010513,True,source_shunt,0.75,213.0,0.95546032221897,0.19787343354282083,0.999879597968156,0.9553452828548286,0.19839636440481956,0.6369872419542832,1.958692659446203
sloper_20,3-to-20 ft sloper,coax_common_mode,17 ft coax exterior as counterpoise; choke at radio,radio,average,20m,14050000,106.19,79.807,3.5092723682798153,0.9375,True,kx3,KX3 / KXAT3,kxat3,published,nominal,lowest_loss_swr_2p5,best,11.79888888888889,8.867444444444445,25.44628814408732,-40.65729724599843,3.4862252960574858,0.7709018610225232,1.1300090590389482,0.25,0.1,1.0223145862906111,True,source_shunt,0.75,213.0,0.9545635568172921,0.2019515008214755,0.9998782468375843,0.9544473356855229,0.2024803002795458,0.6363885255518873,1.96277659532093
sloper_20,3-to-20 ft sloper,coax_common_mode,17 ft coax exterior as counterpoise; choke at radio,radio,average,20m,14050000,106.19,79.807,3.5092723682798153,0.9375,True,kh1,KH1 / KHATU1,khatu1,inferred,nominal,lowest_loss_swr_2p5,best,11.79888888888889,8.867444444444445,25.44628814408732,-40.65729724599843,3.4862252960574858,0.7709018610225232,1.1300090590389482,0.25,0.1,1.2033976532177135,True,source_shunt,0.7,180.0,0.9607006377697195,0.1741192098796177,0.9914786949936201,0.9525142146154599,0.21128534515342245,0.6350995952762247,1.971581640194806
sloper_20,3-to-20 ft sloper,coax_common_mode,17 ft coax exterior as counterpoise; choke at radio,radio,average,20m,14050000,106.19,79.807,3.5092723682798153,0.9375,True,kh1,KH1 / KHATU1,khatu1_wide_sensitivity,range-fit,nominal,lowest_loss_swr_2p5,best,11.79888888888889,8.867444444444445,25.44628814408732,-40.65729724599843,3.4862252960574858,0.7709018610225232,1.1300090590389482,0.25,0.1,1.0376246729514564,True,source_shunt,0.75,220.0,0.9579559967255173,0.18654439583459842,0.9996590449826872,0.957629376822069,0.1880253971523246,0.6385101873674947,1.948321692193708
sloper_20,3-to-20 ft sloper,coax_common_mode,17 ft coax exterior as counterpoise; choke at radio,radio,average,17m,18080000,2835.5,392.97,57.79956125981154,0.9183,True,kx2,KX2 / KXAT2,kxat2,published,nominal,lowest_loss_swr_2p5,best,315.05555555555554,43.663333333333334,72.2871803194136,95.98400952557027,4.4623103671937026,0.6759977120561239,1.7005477394457973,0.25,0.1,1.128528292968511,True,load_shunt,0.75,131.0,0.9720924829205353,0.12292415206031954,0.996353815634758,0.9685480545077412,0.13878826891379115,0.5546908264017162,2.559490165189618
sloper_20,3-to-20 ft sloper,coax_common_mode,17 ft coax exterior as counterpoise; choke at radio,radio,average,17m,18080000,2835.5,392.97,57.79956125981154,0.9183,True,kx3,KX3 / KXAT3,kxat3,published,nominal,lowest_loss_swr_2p5,best,315.05555555555554,43.663333333333334,72.2871803194136,95.98400952557027,4.4623103671937026,0.6759977120561239,1.7005477394457973,0.25,0.1,1.1289517724069755,True,load_shunt,0.75,131.0,0.9716540303182624,0.12488343582161196,0.9963312088921316,0.9680892346519062,0.14084609292059191,0.5544280586806742,2.561547989196419
sloper_20,3-to-20 ft sloper,coax_common_mode,17 ft coax exterior as counterpoise; choke at radio,radio,average,17m,18080000,2835.5,392.97,57.79956125981154,0.9183,True,kh1,KH1 / KHATU1,khatu1,inferred,nominal,lowest_loss_swr_2p5,best,315.05555555555554,43.663333333333334,72.2871803194136,95.98400952557027,4.4623103671937026,0.6759977120561239,1.7005477394457973,0.25,0.1,1.5063590984073945,True,load_shunt,0.7,120.0,0.9792279309938242,0.09116207429425585,0.9591839807040252,0.9392597448672229,0.2721429041405091,0.5379173099997187,2.692844800416336
sloper_20,3-to-20 ft sloper,coax_common_mode,17 ft coax exterior as counterpoise; choke at radio,radio,average,17m,18080000,2835.5,392.97,57.79956125981154,0.9183,True,kh1,KH1 / KHATU1,khatu1_wide_sensitivity,range-fit,nominal,lowest_loss_swr_2p5,best,315.05555555555554,43.663333333333334,72.2871803194136,95.98400952557027,4.4623103671937026,0.6759977120561239,1.7005477394457973,0.25,0.1,1.2592263132660806,True,load_shunt,0.75,147.0,0.9645110884201709,0.1569277516160853,0.9868344595608997,0.9518127786816144,0.21448468823186098,0.5451064759558596,2.635186584507687
sloper_20,3-to-20 ft sloper,coax_common_mode,17 ft coax exterior as counterpoise; choke at radio,radio,average,15m,21050000,230.58,78.539,5.170054089116308,0.9495,True,kx2,KX2 / KXAT2,kxat2,published,nominal,lowest_loss_swr_2p5,best,25.62,8.726555555555557,30.27958207851398,13.221376826060592,1.8241205036063526,0.8291798546032025,0.8135125788177712,0.25,0.1,1.097962763734442,True,source_shunt,0.063,121.0,0.9884018039292165,0.05066470639657174,0.9978196485324602,0.9862467406055004,0.060144190569309544,0.7163566422427309,1.4487070786567173
sloper_20,3-to-20 ft sloper,coax_common_mode,17 ft coax exterior as counterpoise; choke at radio,radio,average,15m,21050000,230.58,78.539,5.170054089116308,0.9495,True,kx3,KX3 / KXAT3,kxat3,published,nominal,lowest_loss_swr_2p5,best,25.62,8.726555555555557,30.27958207851398,13.221376826060592,1.8241205036063526,0.8291798546032025,0.8135125788177712,0.25,0.1,1.1117072100806107,True,source_shunt,0.06,110.00000000000001,0.9878383073799567,0.05314136342976123,0.9972016952792273,0.9850740347810553,0.06531128194164615,0.7155048517402626,1.4538741700290545
sloper_20,3-to-20 ft sloper,coax_common_mode,17 ft coax exterior as counterpoise; choke at radio,radio,average,15m,21050000,230.58,78.539,5.170054089116308,0.9495,True,kh1,KH1 / KHATU1,khatu1,inferred,nominal,lowest_loss_swr_2p5,best,25.62,8.726555555555557,30.27958207851398,13.221376826060592,1.8241205036063526,0.8291798546032025,0.8135125788177712,0.25,0.1,1.4329452761006791,True,load_shunt,0.0,120.0,0.9954081049741647,0.019988273942607895,0.9683334077673111,0.9638869224088342,0.15973912004167926,0.700115671677203,1.5483020081290872
sloper_20,3-to-20 ft sloper,coax_common_mode,17 ft coax exterior as counterpoise; choke at radio,radio,average,15m,21050000,230.58,78.539,5.170054089116308,0.9495,True,kh1,KH1 / KHATU1,khatu1_wide_sensitivity,range-fit,nominal,lowest_loss_swr_2p5,best,25.62,8.726555555555557,30.27958207851398,13.221376826060592,1.8241205036063526,0.8291798546032025,0.8135125788177712,0.25,0.1,1.386488872379246,True,load_shunt,0.0,100.0,0.9955918493084513,0.01918667522316443,0.9737726047338332,0.9694800683528646,0.13461115201415538,0.7041782323763435,1.5231740401015625
sloper_20,3-to-20 ft sloper,coax_common_mode,17 ft coax exterior as counterpoise; choke at radio,radio,average,12m,24910000,1047.1,1419.6,59.46523043726812,0.9771,True,kx2,KX2 / KXAT2,kxat2,published,nominal,lowest_loss_swr_2p5,best,116.34444444444443,157.73333333333332,36.989718510149004,-68.88490201155552,4.431512679821957,0.623715748168736,2.0501329033008004,0.25,0.1,1.0404193596150855,True,source_shunt,0.563,67.0,0.9612602491756468,0.17159016619175504,0.9996075900724938,0.9608830411109531,0.17329471531623175,0.540251835940436,2.6740374857716773
sloper_20,3-to-20 ft sloper,coax_common_mode,17 ft coax exterior as counterpoise; choke at radio,radio,average,12m,24910000,1047.1,1419.6,59.46523043726812,0.9771,True,kx3,KX3 / KXAT3,kxat3,published,nominal,lowest_loss_swr_2p5,best,116.34444444444443,157.73333333333332,36.989718510149004,-68.88490201155552,4.431512679821957,0.623715748168736,2.0501329033008004,0.25,0.1,1.0515895073883006,True,source_shunt,0.5599999999999999,67.0,0.9608061557250056,0.17364223143828522,0.9993676728586668,0.9601986119151806,0.1763892619231984,0.5398670189400655,2.6771320323786436
sloper_20,3-to-20 ft sloper,coax_common_mode,17 ft coax exterior as counterpoise; choke at radio,radio,average,10m,28050000,1977.4,-2044.0,81.8179260150779,0.961,True,kx2,KX2 / KXAT2,kxat2,published,nominal,lowest_loss_swr_2p5,best,219.7111111111111,-227.11111111111111,10.195663701188892,-10.47445171202281,5.1281750139124345,0.5421184665568025,2.65905798793703,0.25,0.1,1.158208602739851,True,source_shunt,0.188,203.0,0.9341602529021029,0.2957861522476993,0.9946263008158187,0.9291403567131883,0.3191867616592669,0.4465796332440055,3.5010108729108436
sloper_20,3-to-20 ft sloper,coax_common_mode,17 ft coax exterior as counterpoise; choke at radio,radio,average,10m,28050000,1977.4,-2044.0,81.8179260150779,0.961,True,kx3,KX3 / KXAT3,kxat3,published,nominal,lowest_loss_swr_2p5,best,219.7111111111111,-227.11111111111111,10.195663701188892,-10.47445171202281,5.1281750139124345,0.5421184665568025,2.65905798793703,0.25,0.1,1.0469024836654388,True,source_shunt,0.17999999999999997,213.0,0.9339090873555511,0.29695398696580355,0.9994749539738707,0.933418742100469,0.29923483171138143,0.4486359854014849,3.481058942962958
sloper_20,3-to-20 ft sloper,coax_common_mode,17 ft coax exterior as counterpoise; choke at radio,radio,average,6m,50100000,285.7,258.56,10.473492768455676,0.9501999999999999,True,kx3,KX3 / KXAT3,kxat3,published,nominal,lowest_loss_swr_2p5,best,31.744444444444444,28.72888888888889,48.84267820996329,-32.21595686146488,1.8989163184654485,0.7385325362675824,1.3163036695973587,0.25,0.1,1.0474017496848727,True,source_shunt,0.12,10.0,0.98409935234762,0.06961054009519058,0.9994639780122124,0.9835718534565941,0.07193907813950373,0.6367819599205699,1.960092486904996
sloper_20,3-to-20 ft sloper,dedicated_counterpoise,17 ft dedicated 26-AWG counterpoise; choke at feedpoint,feedpoint,average,160m,1850000,18.04,-2547.9,7200.243599031464,0.8893000000000001,True,kx3,KX3 / KXAT3,kxat3,published,nominal,lowest_loss_swr_2p5,best,2.0044444444444443,-283.1,5.96510842691017,-99.65663013120681,41.775894557379395,0.05062922073721396,12.955987570321279,0.25,0.1,1.8309073759462984,True,source_shunt,10.5,2683.0,0.7487096530234221,1.2568656752939305,0.9138502724227411,0.6842085203809902,1.6481152189107962,0.028420912227806665,15.463619866075437
sloper_20,3-to-20 ft sloper,dedicated_counterpoise,17 ft dedicated 26-AWG counterpoise; choke at feedpoint,feedpoint,average,80m,3550000,27.604,-1127.2,922.9389402809056,0.8837,True,kx2,KX2 / KXAT2,kxat2,published,nominal,lowest_loss_swr_2p5,best,3.067111111111111,-125.24444444444445,3.0813555323296806,-36.85966413092851,25.066781541648538,0.21096102022586352,6.757977829236123,0.25,0.1,3.7748491883500015,False,source_shunt,2.6879999999999997,1323.0,0.738905284542254,1.3141122741967073,0.6622779237389119,0.48936065768635395,3.1037094883083105,0.08416589059527045,10.748638767609684
sloper_20,3-to-20 ft sloper,dedicated_counterpoise,17 ft dedicated 26-AWG counterpoise; choke at feedpoint,feedpoint,average,80m,3550000,27.604,-1127.2,922.9389402809056,0.8837,True,kx3,KX3 / KXAT3,kxat3,published,nominal,lowest_loss_swr_2p5,best,3.067111111111111,-125.24444444444445,3.0813555323296806,-36.85966413092851,25.066781541648538,0.21096102022586352,6.757977829236123,0.25,0.1,1.2521514627311183,True,source_shunt,2.31,2683.0,0.7558944938401415,1.21538818176923,0.9874649002399537,0.7464192809517857,1.2701715074224382,0.12837779774902464,8.915100786723812
sloper_20,3-to-20 ft sloper,dedicated_counterpoise,17 ft dedicated 26-AWG counterpoise; choke at feedpoint,feedpoint,average,60m,5357000,51.995,-450.48,80.04740178621842,0.8915000000000001,True,kx2,KX2 / KXAT2,kxat2,published,nominal,lowest_loss_swr_2p5,best,5.777222222222222,-50.053333333333335,4.809025750930687,2.3698033558650664,10.420689822241968,0.5958290254874086,2.2487834418580666,0.25,0.1,1.5981430815337696,True,source_shunt,0.5,1323.0,0.9099238276678492,0.4099496219335716,0.9469990030195801,0.8616969576252134,0.6464544040584177,0.42227713165551156,3.74402437080275
sloper_20,3-to-20 ft sloper,dedicated_counterpoise,17 ft dedicated 26-AWG counterpoise; choke at feedpoint,feedpoint,average,60m,5357000,51.995,-450.48,80.04740178621842,0.8915000000000001,True,kx3,KX3 / KXAT3,kxat3,published,nominal,lowest_loss_swr_2p5,best,5.777222222222222,-50.053333333333335,4.809025750930687,2.3698033558650664,10.420689822241968,0.5958290254874086,2.2487834418580666,0.25,0.1,1.0628937954752438,True,source_shunt,0.36999999999999994,1782.0,0.9154636340599717,0.3835890296334529,0.99907047330061,0.9146126861697924,0.3876277901555223,0.44820864025784934,3.4851977568998542
sloper_20,3-to-20 ft sloper,dedicated_counterpoise,17 ft dedicated 26-AWG counterpoise; choke at feedpoint,feedpoint,average,40m,7050000,150.21,175.74,7.312497764860744,0.9011,True,kx2,KX2 / KXAT2,kxat2,published,nominal,lowest_loss_swr_2p5,best,16.69,19.526666666666667,148.68882209909378,25.084477870839194,3.0688293438148735,0.8531188162795224,0.6899047919465353,0.25,0.1,1.0628463390252667,True,load_shunt,1.625,231.0,0.9755261948700472,0.1076106441935955,0.9990718328141567,0.9746207434670382,0.1116434949340689,0.6912229688385534,1.6038183899834335
sloper_20,3-to-20 ft sloper,dedicated_counterpoise,17 ft dedicated 26-AWG counterpoise; choke at feedpoint,feedpoint,average,40m,7050000,150.21,175.74,7.312497764860744,0.9011,True,kx3,KX3 / KXAT3,kxat3,published,nominal,lowest_loss_swr_2p5,best,16.69,19.526666666666667,148.68882209909378,25.084477870839194,3.0688293438148735,0.8531188162795224,0.6899047919465353,0.25,0.1,1.0639600895245145,True,load_shunt,1.6199999999999999,231.0,0.9751253565548329,0.10939550290663493,0.9990396809688231,0.9741889251171502,0.11356811930999786,0.6909167135450873,1.6057430143593625
sloper_20,3-to-20 ft sloper,dedicated_counterpoise,17 ft dedicated 26-AWG counterpoise; choke at feedpoint,feedpoint,average,40m,7050000,150.21,175.74,7.312497764860744,0.9011,True,kh1,KH1 / KHATU1,khatu1,inferred,nominal,lowest_loss_swr_2p5,best,16.69,19.526666666666667,148.68882209909378,25.084477870839194,3.0688293438148735,0.8531188162795224,0.6899047919465353,0.25,0.1,1.1323509063577517,True,load_shunt,1.75,240.0,0.9738599362196918,0.11503500309271661,0.9961475546260841,0.9701081940135602,0.13179827133003033,0.6880225671939425,1.6239731663793944
sloper_20,3-to-20 ft sloper,dedicated_counterpoise,17 ft dedicated 26-AWG counterpoise; choke at feedpoint,feedpoint,average,40m,7050000,150.21,175.74,7.312497764860744,0.9011,True,kh1,KH1 / KHATU1,khatu1_wide_sensitivity,range-fit,nominal,lowest_loss_swr_2p5,best,16.69,19.526666666666667,148.68882209909378,25.084477870839194,3.0688293438148735,0.8531188162795224,0.6899047919465353,0.25,0.1,1.2017826073834257,True,load_shunt,1.5,220.0,0.9796466989252134,0.08930520605171344,0.9916011739684517,0.97141881672856,0.12593488342668357,0.688952090324003,1.6181097784760485
sloper_20,3-to-20 ft sloper,dedicated_counterpoise,17 ft dedicated 26-AWG counterpoise; choke at feedpoint,feedpoint,average,30m,10120000,276.56,-1138.8,99.48740823951994,0.9065000000000001,True,kx2,KX2 / KXAT2,kxat2,published,nominal,lowest_loss_swr_2p5,best,30.72888888888889,-126.53333333333333,7.574766409286927,19.007404453559097,7.574240265561566,0.595216538688212,2.2532500998697818,0.25,0.1,1.1070542101990433,True,load_shunt,0.0,719.0,0.9921938118377385,0.034034859201759055,0.9974185953677838,0.9896325581358042,0.04526025195706385,0.49262536907678195,3.074832267511571
sloper_20,3-to-20 ft sloper,dedicated_counterpoise,17 ft dedicated 26-AWG counterpoise; choke at feedpoint,feedpoint,average,30m,10120000,276.56,-1138.8,99.48740823951994,0.9065000000000001,True,kx3,KX3 / KXAT3,kxat3,published,nominal,lowest_loss_swr_2p5,best,30.72888888888889,-126.53333333333333,7.574766409286927,19.007404453559097,7.574240265561566,0.595216538688212,2.2532500998697818,0.25,0.1,1.1075460688331336,True,load_shunt,0.0,719.0,0.9917451484389358,0.035999153926094186,0.9973960362929277,0.9891626800657358,0.04732277417152975,0.4923914702869881,3.076894789726037
sloper_20,3-to-20 ft sloper,dedicated_counterpoise,17 ft dedicated 26-AWG counterpoise; choke at feedpoint,feedpoint,average,30m,10120000,276.56,-1138.8,99.48740823951994,0.9065000000000001,True,kh1,KH1 / KHATU1,khatu1,inferred,nominal,lowest_loss_swr_2p5,best,30.72888888888889,-126.53333333333333,7.574766409286927,19.007404453559097,7.574240265561566,0.595216538688212,2.2532500998697818,0.25,0.1,2.5411940214545505,False,source_shunt,0.0,420.0,0.9800952217031983,0.087317281327162,0.8105846431069827,0.7944501354951461,0.9993335655466807,0.39546626472013235,4.0289055811011885
sloper_20,3-to-20 ft sloper,dedicated_counterpoise,17 ft dedicated 26-AWG counterpoise; choke at feedpoint,feedpoint,average,30m,10120000,276.56,-1138.8,99.48740823951994,0.9065000000000001,True,kh1,KH1 / KHATU1,khatu1_wide_sensitivity,range-fit,nominal,lowest_loss_swr_2p5,best,30.72888888888889,-126.53333333333333,7.574766409286927,19.007404453559097,7.574240265561566,0.595216538688212,2.2532500998697818,0.25,0.1,2.967618609812475,False,source_shunt,0.0,367.0,0.9802660609317286,0.08656033376766485,0.754064056345122,0.7391834022036338,1.3124779342796835,0.3679552509993578,4.342049949834191
sloper_20,3-to-20 ft sloper,dedicated_counterpoise,17 ft dedicated 26-AWG counterpoise; choke at feedpoint,feedpoint,average,20m,14050000,97.41,69.252,3.126298066260923,0.9136,True,kx2,KX2 / KXAT2,kxat2,published,nominal,lowest_loss_swr_2p5,best,10.823333333333332,7.6946666666666665,25.221562388773233,-43.262641639519686,3.7008232846760367,0.7584693114843153,1.2006198656168834,0.25,0.1,1.0797170214335836,True,source_shunt,0.75,213.0,0.9551560994085432,0.1992564666567257,0.9985307569877958,0.953752742983923,0.2056420000841969,0.6097192466135948,2.148700956683353
sloper_20,3-to-20 ft sloper,dedicated_counterpoise,17 ft dedicated 26-AWG counterpoise; choke at feedpoint,feedpoint,average,20m,14050000,97.41,69.252,3.126298066260923,0.9136,True,kx3,KX3 / KXAT3,kxat3,published,nominal,lowest_loss_swr_2p5,best,10.823333333333332,7.6946666666666665,25.221562388773233,-43.262641639519686,3.7008232846760367,0.7584693114843153,1.2006198656168834,0.25,0.1,1.079606776733881,True,source_shunt,0.75,213.0,0.9542519331903494,0.20336951553816968,0.998534662609292,0.9528536321524902,0.20973806214239965,0.6091444590884253,2.1527970187415555
sloper_20,3-to-20 ft sloper,dedicated_counterpoise,17 ft dedicated 26-AWG counterpoise; choke at feedpoint,feedpoint,average,20m,14050000,97.41,69.252,3.126298066260923,0.9136,True,kh1,KH1 / KHATU1,khatu1,inferred,nominal,lowest_loss_swr_2p5,best,10.823333333333332,7.6946666666666665,25.221562388773233,-43.262641639519686,3.7008232846760367,0.7584693114843153,1.2006198656168834,0.25,0.1,1.2930233144033925,True,source_shunt,0.7,180.0,0.9604126033880604,0.17542149379303107,0.9836699538596634,0.9447290212609726,0.24692743286846744,0.6039505221186543,2.189986389467623
sloper_20,3-to-20 ft sloper,dedicated_counterpoise,17 ft dedicated 26-AWG counterpoise; choke at feedpoint,feedpoint,average,20m,14050000,97.41,69.252,3.126298066260923,0.9136,True,kh1,KH1 / KHATU1,khatu1_wide_sensitivity,range-fit,nominal,lowest_loss_swr_2p5,best,10.823333333333332,7.6946666666666665,25.221562388773233,-43.262641639519686,3.7008232846760367,0.7584693114843153,1.2006198656168834,0.25,0.1,1.08588541951342,True,source_shunt,0.75,220.0,0.9576934705998897,0.1877347351985995,0.9983046554053094,0.9560698501511378,0.19510377151703162,0.6112005370703825,2.1381627281161872
sloper_20,3-to-20 ft sloper,dedicated_counterpoise,17 ft dedicated 26-AWG counterpoise; choke at feedpoint,feedpoint,average,17m,18080000,2688.9,428.53,55.14435728710546,0.9126000000000001,True,kx2,KX2 / KXAT2,kxat2,published,nominal,lowest_loss_swr_2p5,best,298.76666666666665,47.614444444444445,71.98721269769847,93.31815785130708,4.322352523076578,0.685458651738326,1.6401873761185954,0.25,0.1,1.1443415409144473,True,load_shunt,0.75,131.0,0.972845376839324,0.11956180617271003,0.995468992754736,0.9684374073883435,0.13928443612196553,0.5588989364903427,2.52666716787414
sloper_20,3-to-20 ft sloper,dedicated_counterpoise,17 ft dedicated 26-AWG counterpoise; choke at feedpoint,feedpoint,average,17m,18080000,2688.9,428.53,55.14435728710546,0.9126000000000001,True,kx3,KX3 / KXAT3,kxat3,published,nominal,lowest_loss_swr_2p5,best,298.76666666666665,47.614444444444445,71.98721269769847,93.31815785130708,4.322352523076578,0.685458651738326,1.6401873761185954,0.25,0.1,1.1448215428305868,True,load_shunt,0.75,131.0,0.9724182105404878,0.12146916690906569,0.9954408486101496,0.9679848087043863,0.14131458339981737,0.558637735383084,2.528697315151992
sloper_20,3-to-20 ft sloper,dedicated_counterpoise,17 ft dedicated 26-AWG counterpoise; choke at feedpoint,feedpoint,average,17m,18080000,2688.9,428.53,55.14435728710546,0.9126000000000001,True,kh1,KH1 / KHATU1,khatu1,inferred,nominal,lowest_loss_swr_2p5,best,298.76666666666665,47.614444444444445,71.98721269769847,93.31815785130708,4.322352523076578,0.685458651738326,1.6401873761185954,0.25,0.1,1.5040644278862856,True,load_shunt,0.7,120.0,0.9797244294909281,0.08896062655584112,0.9594789115424545,0.9400249292195079,0.2686062886954652,0.5425016931471294,2.65598902044764
sloper_20,3-to-20 ft sloper,dedicated_counterpoise,17 ft dedicated 26-AWG counterpoise; choke at feedpoint,feedpoint,average,17m,18080000,2688.9,428.53,55.14435728710546,0.9126000000000001,True,kh1,KH1 / KHATU1,khatu1_wide_sensitivity,range-fit,nominal,lowest_loss_swr_2p5,best,298.76666666666665,47.614444444444445,71.98721269769847,93.31815785130708,4.322352523076578,0.685458651738326,1.6401873761185954,0.25,0.1,1.2398916982597332,True,load_shunt,0.75,147.0,0.9655791708470062,0.1521211126590163,0.9885296571915589,0.9545036467487007,0.20222408014356155,0.550857565986276,2.589606811895737
sloper_20,3-to-20 ft sloper,dedicated_counterpoise,17 ft dedicated 26-AWG counterpoise; choke at feedpoint,feedpoint,average,15m,21050000,203.56,106.6,5.242564077087547,0.9168999999999999,True,kx2,KX2 / KXAT2,kxat2,published,nominal,lowest_loss_swr_2p5,best,22.61777777777778,11.844444444444443,27.955679209999182,16.841369860540357,2.0667144401960593,0.8154602771957306,0.8859718951624884,0.25,0.1,1.0174794401578708,True,source_shunt,0.063,131.0,0.9874014449267703,0.055062415855337055,0.9999249351187011,0.9873273257545124,0.055388430728952685,0.6810608877298671,1.6681405985955966
sloper_20,3-to-20 ft sloper,dedicated_counterpoise,17 ft dedicated 26-AWG counterpoise; choke at feedpoint,feedpoint,average,15m,21050000,203.56,106.6,5.242564077087547,0.9168999999999999,True,kx3,KX3 / KXAT3,kxat3,published,nominal,lowest_loss_swr_2p5,best,22.61777777777778,11.844444444444443,27.955679209999182,16.841369860540357,2.0667144401960593,0.8154602771957306,0.8859718951624884,0.25,0.1,1.0089050792145353,True,source_shunt,0.06,131.0,0.9867357377600732,0.057991421626103136,0.999980350263068,0.9867163486624048,0.05807676018775029,0.6806394341856583,1.670828928054394
sloper_20,3-to-20 ft sloper,dedicated_counterpoise,17 ft dedicated 26-AWG counterpoise; choke at feedpoint,feedpoint,average,15m,21050000,203.56,106.6,5.242564077087547,0.9168999999999999,True,kh1,KH1 / KHATU1,khatu1,inferred,nominal,lowest_loss_swr_2p5,best,22.61777777777778,11.844444444444443,27.955679209999182,16.841369860540357,2.0667144401960593,0.8154602771957306,0.8859718951624884,0.25,0.1,1.308033732203488,True,load_shunt,0.0,120.0,0.9956667771417365,0.018859839280110077,0.9821880178113296,0.977931978241437,0.09691352269426946,0.674579953240491,1.7096656905609136
sloper_20,3-to-20 ft sloper,dedicated_counterpoise,17 ft dedicated 26-AWG counterpoise; choke at feedpoint,feedpoint,average,15m,21050000,203.56,106.6,5.242564077087547,0.9168999999999999,True,kh1,KH1 / KHATU1,khatu1_wide_sensitivity,range-fit,nominal,lowest_loss_swr_2p5,best,22.61777777777778,11.844444444444443,27.955679209999182,16.841369860540357,2.0667144401960593,0.8154602771957306,0.8859718951624884,0.25,0.1,1.337282526385765,True,load_shunt,0.0,100.0,0.9957537755205277,0.01848038235608583,0.9791759470234425,0.9750181461474811,0.10987301533890356,0.6725699844886499,1.7226251832055481
sloper_20,3-to-20 ft sloper,dedicated_counterpoise,17 ft dedicated 26-AWG counterpoise; choke at feedpoint,feedpoint,average,12m,24910000,839.48,1509.7,71.1352432759952,0.9395,True,kx2,KX2 / KXAT2,kxat2,published,nominal,lowest_loss_swr_2p5,best,93.27555555555556,167.74444444444444,35.923934710565455,-74.07456136175098,4.963654443049061,0.5811541368002879,2.3570866643265482,0.25,0.1,1.0663124672688824,True,source_shunt,0.625,82.0,0.9563860134571252,0.19366783792991685,0.9989700921184949,0.9554010239641044,0.19814297591369284,0.4812534106873167,3.1762617958747974
sloper_20,3-to-20 ft sloper,dedicated_counterpoise,17 ft dedicated 26-AWG counterpoise; choke at feedpoint,feedpoint,average,12m,24910000,839.48,1509.7,71.1352432759952,0.9395,True,kx3,KX3 / KXAT3,kxat3,published,nominal,lowest_loss_swr_2p5,best,93.27555555555556,167.74444444444444,35.923934710565455,-74.07456136175098,4.963654443049061,0.5811541368002879,2.3570866643265482,0.25,0.1,1.0604647001023169,True,source_shunt,0.62,82.0,0.956043775417483,0.19522221754233735,0.9991388606217159,0.9552204884751075,0.19896370954808285,0.48116247157625175,3.177082529509187
sloper_20,3-to-20 ft sloper,dedicated_counterpoise,17 ft dedicated 26-AWG counterpoise; choke at feedpoint,feedpoint,average,10m,28050000,2660.2,-2105.6,86.54370715522838,0.9388,True,kx2,KX2 / KXAT2,kxat2,published,nominal,lowest_loss_swr_2p5,best,295.5777777777778,-233.95555555555555,10.069225864454928,-12.09323453832458,5.2676534582079375,0.5301688124188635,2.755858235526975,0.25,0.1,1.0363747580958007,True,source_shunt,0.188,213.0,0.9335963091614639,0.29840873879972313,0.999680930848505,0.9332984273792608,0.2997946596321732,0.42855620879227846,3.6799220858935993
sloper_20,3-to-20 ft sloper,dedicated_counterpoise,17 ft dedicated 26-AWG counterpoise; choke at feedpoint,feedpoint,average,10m,28050000,2660.2,-2105.6,86.54370715522838,0.9388,True,kx3,KX3 / KXAT3,kxat3,published,nominal,lowest_loss_swr_2p5,best,295.5777777777778,-233.95555555555555,10.069225864454928,-12.09323453832458,5.2676534582079375,0.5301688124188635,2.755858235526975,0.25,0.1,1.076794098501931,True,source_shunt,0.17999999999999997,221.0,0.9333404552148087,0.2995990946813083,0.9986326842671335,0.9320642841262726,0.30554133484498586,0.42798950929071355,3.6856687611064114
sloper_20,3-to-20 ft sloper,dedicated_counterpoise,17 ft dedicated 26-AWG counterpoise; choke at feedpoint,feedpoint,average,6m,50100000,250.95,299.31,12.276573823514749,0.9120999999999999,True,kx3,KX3 / KXAT3,kxat3,published,nominal,lowest_loss_swr_2p5,best,27.883333333333333,33.25666666666667,44.601427281393335,-37.49509201451555,2.186041116608416,0.7125111526641305,1.4720833342108988,0.25,0.1,1.1018550445569557,True,load_shunt,0.12,0.0,0.9827119647790313,0.07573756265185976,0.9976516676363427,0.9804042304679875,0.08594823424713953,0.5878131519087655,2.3076070111896243
sloper_30,3-to-30 ft sloper,coax_common_mode,17 ft coax exterior as counterpoise; choke at radio,radio,average,160m,1850000,19.636,-2496.6,6351.494171846411,0.9194,True,kx3,KX3 / KXAT3,kxat3,published,nominal,lowest_loss_swr_2p5,best,2.1817777777777776,-277.4,5.921670652279643,-98.78749000138873,41.498084622803056,0.05694215104806154,12.445661309604326,0.25,0.1,1.843207729317786,True,source_shunt,10.43,2683.0,0.7484263609739331,1.2585092424004358,0.9120467330597479,0.6825998174620713,1.6583383219454046,0.032968905998171656,14.818954637406822
sloper_30,3-to-30 ft sloper,coax_common_mode,17 ft coax exterior as counterpoise; choke at radio,radio,average,80m,3550000,30.733,-1084.1,767.0681833937645,0.9144,True,kx2,KX2 / KXAT2,kxat2,published,nominal,lowest_loss_swr_2p5,best,3.4147777777777777,-120.45555555555555,3.1422686654306085,-35.819677616647404,24.09980990845355,0.24137643710658757,6.173051275031634,0.25,0.1,3.7327223393158846,False,source_shunt,2.6879999999999997,1323.0,0.7424699097628474,1.2932114239964734,0.6665974153487356,0.4949285228221231,3.054575169964651,0.10077981873491174,9.966264271124032
sloper_30,3-to-30 ft sloper,coax_common_mode,17 ft coax exterior as counterpoise; choke at radio,radio,average,80m,3550000,30.733,-1084.1,767.0681833937645,0.9144,True,kx3,KX3 / KXAT3,kxat3,published,nominal,lowest_loss_swr_2p5,best,3.4147777777777777,-120.45555555555555,3.1422686654306085,-35.819677616647404,24.09980990845355,0.24137643710658757,6.173051275031634,0.25,0.1,1.2809453683187237,True,source_shunt,2.25,2683.0,0.7631075500689897,1.1741424958133775,0.9848290077521692,0.7515304513426319,1.2405341749605057,0.15303038553568554,8.152223276119887
sloper_30,3-to-30 ft sloper,coax_common_mode,17 ft coax exterior as counterpoise; choke at radio,radio,average,60m,5357000,60.38,-403.44,55.93097076841819,0.9185,True,kx2,KX2 / KXAT2,kxat2,published,nominal,lowest_loss_swr_2p5,best,6.70888888888889,-44.82666666666667,5.676845884302536,5.012737907954496,8.897378518872763,0.6541696890005372,1.8430958281082024,0.25,0.1,1.4234704138677956,True,source_shunt,0.375,1323.0,0.9320225675653732,0.3057357171205671,0.9694669138972912,0.9035650422602319,0.44040579707365357,0.5008745879037297,3.002710018763585
sloper_30,3-to-30 ft sloper,coax_common_mode,17 ft coax exterior as counterpoise; choke at radio,radio,average,60m,5357000,60.38,-403.44,55.93097076841819,0.9185,True,kx3,KX3 / KXAT3,kxat3,published,nominal,lowest_loss_swr_2p5,best,6.70888888888889,-44.82666666666667,5.676845884302536,5.012737907954496,8.897378518872763,0.6541696890005372,1.8430958281082024,0.25,0.1,1.1061260478767534,True,source_shunt,0.31,1663.0000000000002,0.9316500442585274,0.3074719106737881,0.9974609265507343,0.9292845163671433,0.31851298954979734,0.5151317032102001,2.8808172112397283
sloper_30,3-to-30 ft sloper,coax_common_mode,17 ft coax exterior as counterpoise; choke at radio,radio,average,40m,7050000,183.07,241.29,10.196954058607338,0.9229,True,kx2,KX2 / KXAT2,kxat2,published,nominal,lowest_loss_swr_2p5,best,20.34111111111111,26.81,138.00836291698246,-28.113038592052796,2.8911119830694694,0.860124624549681,0.6543861871804045,0.25,0.1,1.0518440396301738,True,load_shunt,1.5,182.0,0.976544347713225,0.10308029355331622,0.9993615763397377,0.9759208986963493,0.10585381771695859,0.7147112948888411,1.4586935450281102
sloper_30,3-to-30 ft sloper,coax_common_mode,17 ft coax exterior as counterpoise; choke at radio,radio,average,40m,7050000,183.07,241.29,10.196954058607338,0.9229,True,kx3,KX3 / KXAT3,kxat3,published,nominal,lowest_loss_swr_2p5,best,20.34111111111111,26.81,138.00836291698246,-28.113038592052796,2.8911119830694694,0.860124624549681,0.6543861871804045,0.25,0.1,1.0521359904405458,True,load_shunt,1.5,182.0,0.9760705411532428,0.10518794498731611,0.999354549439181,0.9754405358750565,0.1079920061951867,0.7143595033302413,1.4608317335063372
sloper_30,3-to-30 ft sloper,coax_common_mode,17 ft coax exterior as counterpoise; choke at radio,radio,average,40m,7050000,183.07,241.29,10.196954058607338,0.9229,True,kh1,KH1 / KHATU1,khatu1,inferred,nominal,lowest_loss_swr_2p5,best,20.34111111111111,26.81,138.00836291698246,-28.113038592052796,2.8911119830694694,0.860124624549681,0.6543861871804045,0.25,0.1,1.1468053081177598,True,load_shunt,1.4,180.0,0.979480427640975,0.09004237823863169,0.9953237448781357,0.9749001272744531,0.11039872911960609,0.7139637375143618,1.4632384564307572
sloper_30,3-to-30 ft sloper,coax_common_mode,17 ft coax exterior as counterpoise; choke at radio,radio,average,40m,7050000,183.07,241.29,10.196954058607338,0.9229,True,kh1,KH1 / KHATU1,khatu1_wide_sensitivity,range-fit,nominal,lowest_loss_swr_2p5,best,20.34111111111111,26.81,138.00836291698246,-28.113038592052796,2.8911119830694694,0.860124624549681,0.6543861871804045,0.25,0.1,1.2908491618690594,True,load_shunt,1.5,147.0,0.9822579645790065,0.07774441051468338,0.9838808311648908,0.9664247826083268,0.14831941707171536,0.7077568568449879,1.5011591443828665
sloper_30,3-to-30 ft sloper,coax_common_mode,17 ft coax exterior as counterpoise; choke at radio,radio,average,30m,10120000,334.5,-1168.3,88.43802837202303,0.9268000000000001,True,kx2,KX2 / KXAT2,kxat2,published,nominal,lowest_loss_swr_2p5,best,37.166666666666664,-129.8111111111111,8.100725252098288,18.13187007317271,7.00320157195709,0.6250570647600833,2.0408033180936562,0.25,0.1,1.0288449777009117,True,load_shunt,0.0,719.0,0.9921165002113781,0.034373274141482814,0.9997978644564525,0.9919159582033454,0.03525122638874169,0.5301277894571818,2.7561942933030177
sloper_30,3-to-30 ft sloper,coax_common_mode,17 ft coax exterior as counterpoise; choke at radio,radio,average,30m,10120000,334.5,-1168.3,88.43802837202303,0.9268000000000001,True,kx3,KX3 / KXAT3,kxat3,published,nominal,lowest_loss_swr_2p5,best,37.166666666666664,-129.8111111111111,8.100725252098288,18.13187007317271,7.00320157195709,0.6250570647600833,2.0408033180936562,0.25,0.1,1.0283683353050348,True,load_shunt,0.0,719.0,0.9916078062822621,0.03660062973229844,0.9998043976542907,0.9914138454693296,0.037450203018159926,0.529859436164203,2.758393269932436
sloper_30,3-to-30 ft sloper,coax_common_mode,17 ft coax exterior as counterpoise; choke at radio,radio,average,30m,10120000,334.5,-1168.3,88.43802837202303,0.9268000000000001,True,kh1,KH1 / KHATU1,khatu1,inferred,nominal,lowest_loss_swr_2p5,best,37.166666666666664,-129.8111111111111,8.100725252098288,18.13187007317271,7.00320157195709,0.6250570647600833,2.0408033180936562,0.25,0.1,2.491985790764185,True,load_shunt,0.0,420.0,0.9934160429663164,0.028688307355154243,0.8174489066415002,0.8120668581629409,0.9040821344858112,0.4340077451613145,3.6250252014000868
sloper_30,3-to-30 ft sloper,coax_common_mode,17 ft coax exterior as counterpoise; choke at radio,radio,average,30m,10120000,334.5,-1168.3,88.43802837202303,0.9268000000000001,True,kh1,KH1 / KHATU1,khatu1_wide_sensitivity,range-fit,nominal,lowest_loss_swr_2p5,best,37.166666666666664,-129.8111111111111,8.100725252098288,18.13187007317271,7.00320157195709,0.6250570647600833,2.0408033180936562,0.25,0.1,2.853344536514846,False,source_shunt,0.0,367.0,0.9815747051565638,0.08076641756672476,0.768667505915642,0.7545045804825775,1.2233811934462788,0.4032436841837253,3.944324260360555
sloper_30,3-to-30 ft sloper,coax_common_mode,17 ft coax exterior as counterpoise; choke at radio,radio,average,20m,14050000,104.55,68.808,3.1583143568550787,0.9361,True,kx2,KX2 / KXAT2,kxat2,published,nominal,lowest_loss_swr_2p5,best,11.616666666666667,7.645333333333334,26.41256762478003,-42.530532246005755,3.5057280984296786,0.7697772660085465,1.1363491916093007,0.25,0.1,1.04437990737204,True,source_shunt,0.75,203.0,0.9570615211748448,0.19060144304668536,0.999528751940385,0.956610507790059,0.19264852974637975,0.6359492699576414,1.9657752689275518
sloper_30,3-to-30 ft sloper,coax_common_mode,17 ft coax exterior as counterpoise; choke at radio,radio,average,20m,14050000,104.55,68.808,3.1583143568550787,0.9361,True,kx3,KX3 / KXAT3,kxat3,published,nominal,lowest_loss_swr_2p5,best,11.616666666666667,7.645333333333334,26.41256762478003,-42.530532246005755,3.5057280984296786,0.7697772660085465,1.1363491916093007,0.25,0.1,1.044245597343535,True,source_shunt,0.75,203.0,0.9561946335130858,0.1945369804055801,0.9995315384152155,0.9557466930597077,0.1965719599102223,0.6353750107971243,1.9696986990913932
sloper_30,3-to-30 ft sloper,coax_common_mode,17 ft coax exterior as counterpoise; choke at radio,radio,average,20m,14050000,104.55,68.808,3.1583143568550787,0.9361,True,kh1,KH1 / KHATU1,khatu1,inferred,nominal,lowest_loss_swr_2p5,best,11.616666666666667,7.645333333333334,26.41256762478003,-42.530532246005755,3.5057280984296786,0.7697772660085465,1.1363491916093007,0.25,0.1,1.230648536433964,True,source_shunt,0.7,180.0,0.9620933216359879,0.16782799993519631,0.9893084884153931,0.9518070897422438,0.21451064588251925,0.6327559847324287,1.9876373850636906
sloper_30,3-to-30 ft sloper,coax_common_mode,17 ft coax exterior as counterpoise; choke at radio,radio,average,20m,14050000,104.55,68.808,3.1583143568550787,0.9361,True,kh1,KH1 / KHATU1,khatu1_wide_sensitivity,range-fit,nominal,lowest_loss_swr_2p5,best,11.616666666666667,7.645333333333334,26.41256762478003,-42.530532246005755,3.5057280984296786,0.7697772660085465,1.1363491916093007,0.25,0.1,1.086763792622758,True,source_shunt,0.75,220.0,0.9594584225698813,0.17973840354988838,0.9982712568592412,0.9577997654030205,0.18725273666543443,0.6367398817109053,1.9603794758466055
sloper_30,3-to-30 ft sloper,coax_common_mode,17 ft coax exterior as counterpoise; choke at radio,radio,average,17m,18080000,2947.6,490.41,60.584306452153974,0.9156,True,kx2,KX2 / KXAT2,kxat2,published,nominal,lowest_loss_swr_2p5,best,327.5111111111111,54.49,70.41997702243528,97.58561829156353,4.605930823997271,0.6662565001277302,1.7635854088344394,0.25,0.1,1.1197543738676126,True,load_shunt,0.813,131.0,0.9703152244694686,0.13087154385321598,0.9968083762460508,0.9672183433502333,0.14475475649927533,0.5443419032842807,2.641282325308662
sloper_30,3-to-30 ft sloper,coax_common_mode,17 ft coax exterior as counterpoise; choke at radio,radio,average,17m,18080000,2947.6,490.41,60.584306452153974,0.9156,True,kx3,KX3 / KXAT3,kxat3,published,nominal,lowest_loss_swr_2p5,best,327.5111111111111,54.49,70.41997702243528,97.58561829156353,4.605930823997271,0.6662565001277302,1.7635854088344394,0.25,0.1,1.1179939684627773,True,load_shunt,0.8099999999999999,131.0,0.969964327833372,0.13244237393546543,0.9968963683089586,0.9669539158063287,0.14594223526030897,0.5441930858083516,2.6424698040696954
sloper_30,3-to-30 ft sloper,coax_common_mode,17 ft coax exterior as counterpoise; choke at radio,radio,average,17m,18080000,2947.6,490.41,60.584306452153974,0.9156,True,kh1,KH1 / KHATU1,khatu1,inferred,nominal,lowest_loss_swr_2p5,best,327.5111111111111,54.49,70.41997702243528,97.58561829156353,4.605930823997271,0.6662565001277302,1.7635854088344394,0.25,0.1,1.5512200654135586,True,load_shunt,0.7,120.0,0.9793030223124193,0.09082905177790906,0.9533174906761851,0.9335866998424797,0.29845344008705915,0.525414312669966,2.794981008896445
sloper_30,3-to-30 ft sloper,coax_common_mode,17 ft coax exterior as counterpoise; choke at radio,radio,average,17m,18080000,2947.6,490.41,60.584306452153974,0.9156,True,kh1,KH1 / KHATU1,khatu1_wide_sensitivity,range-fit,nominal,lowest_loss_swr_2p5,best,327.5111111111111,54.49,70.41997702243528,97.58561829156353,4.605930823997271,0.6662565001277302,1.7635854088344394,0.25,0.1,1.2447544540345776,True,load_shunt,0.75,147.0,0.9643412372293567,0.157692615096042,0.9881115968603524,0.9528767598369876,0.20963265136867068,0.5362705873095757,2.706160220178056
sloper_30,3-to-30 ft sloper,coax_common_mode,17 ft coax exterior as counterpoise; choke at radio,radio,average,15m,21050000,218.0,69.976,4.831621002483038,0.9464,True,kx2,KX2 / KXAT2,kxat2,published,nominal,lowest_loss_swr_2p5,best,24.22222222222222,7.775111111111111,28.75659686039233,12.569106965806698,1.896433410124939,0.8252228613862588,0.8342874914729552,0.25,0.1,1.1348770261219672,True,source_shunt,0.063,121.0,0.9878417736206901,0.05312612443192996,0.9960085542031859,0.9838988567254544,0.07049544072418606,0.7089187097775416,1.4940356159984014
sloper_30,3-to-30 ft sloper,coax_common_mode,17 ft coax exterior as counterpoise; choke at radio,radio,average,15m,21050000,218.0,69.976,4.831621002483038,0.9464,True,kx3,KX3 / KXAT3,kxat3,published,nominal,lowest_loss_swr_2p5,best,24.22222222222222,7.775111111111111,28.75659686039233,12.569106965806698,1.896433410124939,0.8252228613862588,0.8342874914729552,0.25,0.1,1.1487791147933994,True,source_shunt,0.06,121.0,0.9871922249054184,0.05598273786897519,0.9952059739185141,0.9824595996317816,0.0768529949475697,0.7078816963946005,1.5003931702217852
sloper_30,3-to-30 ft sloper,coax_common_mode,17 ft coax exterior as counterpoise; choke at radio,radio,average,15m,21050000,218.0,69.976,4.831621002483038,0.9464,True,kh1,KH1 / KHATU1,khatu1,inferred,nominal,lowest_loss_swr_2p5,best,24.22222222222222,7.775111111111111,28.75659686039233,12.569106965806698,1.896433410124939,0.8252228613862588,0.8342874914729552,0.25,0.1,1.4848961796325533,True,load_shunt,0.0,120.0,0.9952494975260391,0.020680330070883678,0.9619213951417956,0.9573517851744187,0.18928448548210924,0.6897910163325397,1.6128246607563244
sloper_30,3-to-30 ft sloper,coax_common_mode,17 ft coax exterior as counterpoise; choke at radio,radio,average,15m,21050000,218.0,69.976,4.831621002483038,0.9464,True,kh1,KH1 / KHATU1,khatu1_wide_sensitivity,range-fit,nominal,lowest_loss_swr_2p5,best,24.22222222222222,7.775111111111111,28.75659686039233,12.569106965806698,1.896433410124939,0.8252228613862588,0.8342874914729552,0.25,0.1,1.4549217809995962,True,load_shunt,0.0,100.0,0.9954071187222256,0.019992576941397323,0.9656601698165753,0.9612250073019324,0.17174939083325738,0.6925817499679635,1.595289566107473
sloper_30,3-to-30 ft sloper,coax_common_mode,17 ft coax exterior as counterpoise; choke at radio,radio,average,12m,24910000,1054.6,1441.9,60.55160141275768,0.9765,True,kx2,KX2 / KXAT2,kxat2,published,nominal,lowest_loss_swr_2p5,best,117.17777777777776,160.2111111111111,36.47844296431136,-68.89563995104218,4.479416804229201,0.6199040207685974,2.076755467554569,0.25,0.1,1.0491857984611048,True,source_shunt,0.563,67.0,0.9607450262831184,0.17391855173150422,0.9994238749258278,0.9601915169835905,0.1764213521697865,0.5362342699386419,2.706454343485624
sloper_30,3-to-30 ft sloper,coax_common_mode,17 ft coax exterior as counterpoise; choke at radio,radio,average,12m,24910000,1054.6,1441.9,60.55160141275768,0.9765,True,kx3,KX3 / KXAT3,kxat3,published,nominal,lowest_loss_swr_2p5,best,117.17777777777776,160.2111111111111,36.47844296431136,-68.89563995104218,4.479416804229201,0.6199040207685974,2.076755467554569,0.25,0.1,1.0588726480159825,True,source_shunt,0.5599999999999999,67.0,0.9602850661333489,0.1759982501135981,0.9991823486232074,0.9594998877269115,0.1795507174621226,0.5358480185471606,2.70958370877796
sloper_30,3-to-30 ft sloper,coax_common_mode,17 ft coax exterior as counterpoise; choke at radio,radio,average,10m,28050000,1945.8,-1992.1,79.71918636197834,0.9639,True,kx2,KX2 / KXAT2,kxat2,published,nominal,lowest_loss_swr_2p5,best,216.2,-221.34444444444443,10.329764533196803,-10.36467347350478,5.057234143831436,0.5481865222320894,2.6107164627223463,0.25,0.1,1.158842942388166,True,source_shunt,0.188,203.0,0.9349325941958944,0.2921969931360858,0.9945863054289046,0.9298711546863558,0.3157722422597308,0.4532972765353677,3.4361689022702717
sloper_30,3-to-30 ft sloper,coax_common_mode,17 ft coax exterior as counterpoise; choke at radio,radio,average,10m,28050000,1945.8,-1992.1,79.71918636197834,0.9639,True,kx3,KX3 / KXAT3,kxat3,published,nominal,lowest_loss_swr_2p5,best,216.2,-221.34444444444443,10.329764533196803,-10.36467347350478,5.057234143831436,0.5481865222320894,2.6107164627223463,0.25,0.1,1.054944914478638,True,source_shunt,0.17999999999999997,213.0,0.9346847023268099,0.2933486520524125,0.9992850846294297,0.9340164818664795,0.29645460043453303,0.4553180570613879,3.416851260445074
sloper_30,3-to-30 ft sloper,coax_common_mode,17 ft coax exterior as counterpoise; choke at radio,radio,average,6m,50100000,280.63,254.17,10.297759171101225,0.9490000000000001,True,kx3,KX3 / KXAT3,kxat3,published,nominal,lowest_loss_swr_2p5,best,31.18111111111111,28.24111111111111,49.580689359494066,-32.65837324110559,1.9055138947500574,0.7379625495304559,1.3196567739777245,0.25,0.1,1.0625172277480008,True,source_shunt,0.12,10.0,0.9843298671277843,0.06859337070459617,0.999081235400166,0.983425499691308,0.07258534878836975,0.635392376991655,1.9695799984931681
sloper_30,3-to-30 ft sloper,dedicated_counterpoise,17 ft dedicated 26-AWG counterpoise; choke at feedpoint,feedpoint,average,160m,1850000,17.643,-2563.9,7454.961590569749,0.8869,True,kx3,KX3 / KXAT3,kxat3,published,nominal,lowest_loss_swr_2p5,best,1.9603333333333335,-284.8777777777778,5.980397345776335,-99.92307954379777,41.84752548465315,0.04900147753917191,13.097908245136358,0.25,0.1,1.8305273293764712,True,source_shunt,10.5,2683.0,0.7492170071013191,1.2539237277247575,0.9139059474664318,0.6847138787328955,1.6449086915907898,0.027453199194240066,15.614070387750164
sloper_30,3-to-30 ft sloper,dedicated_counterpoise,17 ft dedicated 26-AWG counterpoise; choke at feedpoint,feedpoint,average,80m,3550000,28.258,-1132.4,909.920533506259,0.8863,True,kx2,KX2 / KXAT2,kxat2,published,nominal,lowest_loss_swr_2p5,best,3.139777777777778,-125.82222222222224,3.098722406038477,-36.981505006486195,24.984700440991297,0.2135429754947469,6.7051471013762765,0.25,0.1,3.760058940132391,False,source_shunt,2.6879999999999997,1323.0,0.740009672723957,1.3076260353499025,0.6637888964230927,0.49121020399984944,3.087326200940894,0.08576960679189247,10.666665809273946
sloper_30,3-to-30 ft sloper,dedicated_counterpoise,17 ft dedicated 26-AWG counterpoise; choke at feedpoint,feedpoint,average,80m,3550000,28.258,-1132.4,909.920533506259,0.8863,True,kx3,KX3 / KXAT3,kxat3,published,nominal,lowest_loss_swr_2p5,best,3.139777777777778,-125.82222222222224,3.098722406038477,-36.981505006486195,24.984700440991297,0.2135429754947469,6.7051471013762765,0.25,0.1,1.2613050032366282,True,source_shunt,2.31,2683.0,0.7569682626314981,1.209223287601038,0.9866470518285405,0.7468605046531399,1.2676050623904125,0.13040838991307643,8.846944670723465
sloper_30,3-to-30 ft sloper,dedicated_counterpoise,17 ft dedicated 26-AWG counterpoise; choke at feedpoint,feedpoint,average,60m,5357000,56.361,-448.87,73.49851763857733,0.8994,True,kx2,KX2 / KXAT2,kxat2,published,nominal,lowest_loss_swr_2p5,best,6.262333333333333,-49.87444444444444,5.059453004275212,2.426608941101553,9.906008414108983,0.6155624767428419,2.107278616154195,0.25,0.1,1.5286893102272843,True,source_shunt,0.5,1323.0,0.9139670527947062,0.3906945967903052,0.9562870502770795,0.8740148569674854,0.5848118493521183,0.4464201989535125,3.5025616331870824
sloper_30,3-to-30 ft sloper,dedicated_counterpoise,17 ft dedicated 26-AWG counterpoise; choke at feedpoint,feedpoint,average,60m,5357000,56.361,-448.87,73.49851763857733,0.8994,True,kx3,KX3 / KXAT3,kxat3,published,nominal,lowest_loss_swr_2p5,best,6.262333333333333,-49.87444444444444,5.059453004275212,2.426608941101553,9.906008414108983,0.6155624767428419,2.107278616154195,0.25,0.1,1.0942712819447764,True,source_shunt,0.36999999999999994,1757.0,0.9192712423537468,0.3655632574474136,0.9979737503592269,0.9174085693291545,0.37437207527576755,0.46858438706930833,3.292121859110732
sloper_30,3-to-30 ft sloper,dedicated_counterpoise,17 ft dedicated 26-AWG counterpoise; choke at feedpoint,feedpoint,average,40m,7050000,172.64,184.12,7.537009048394342,0.9131,True,kx2,KX2 / KXAT2,kxat2,published,nominal,lowest_loss_swr_2p5,best,19.182222222222222,20.45777777777778,137.42906063300663,10.711881285139242,2.767807141909408,0.8649182797576551,0.630249241269689,0.25,0.1,1.0547106173841956,True,load_shunt,1.438,231.0,0.9768525848445772,0.10170969975188417,0.9992910070755396,0.9761600032736816,0.10478990895223766,0.7112371413707005,1.4798557224148468
sloper_30,3-to-30 ft sloper,dedicated_counterpoise,17 ft dedicated 26-AWG counterpoise; choke at feedpoint,feedpoint,average,40m,7050000,172.64,184.12,7.537009048394342,0.9131,True,kx3,KX3 / KXAT3,kxat3,published,nominal,lowest_loss_swr_2p5,best,19.182222222222222,20.45777777777778,137.42906063300663,10.711881285139242,2.767807141909408,0.8649182797576551,0.630249241269689,0.25,0.1,1.0778011722742449,True,load_shunt,1.5,221.0,0.9769653175430669,0.10120853545321876,0.9985979473981557,0.9755955607776939,0.1073018451055973,0.7108258845419346,1.4823676585682064
sloper_30,3-to-30 ft sloper,dedicated_counterpoise,17 ft dedicated 26-AWG counterpoise; choke at feedpoint,feedpoint,average,40m,7050000,172.64,184.12,7.537009048394342,0.9131,True,kh1,KH1 / KHATU1,khatu1,inferred,nominal,lowest_loss_swr_2p5,best,19.182222222222222,20.45777777777778,137.42906063300663,10.711881285139242,2.767807141909408,0.8649182797576551,0.630249241269689,0.25,0.1,1.0834460577936693,True,load_shunt,1.4,240.0,0.9774736350093289,0.09894947818932236,0.9983958420524975,0.9759056129092546,0.10592184151874079,0.7110517907366031,1.4809876549813497
sloper_30,3-to-30 ft sloper,dedicated_counterpoise,17 ft dedicated 26-AWG counterpoise; choke at feedpoint,feedpoint,average,40m,7050000,172.64,184.12,7.537009048394342,0.9131,True,kh1,KH1 / KHATU1,khatu1_wide_sensitivity,range-fit,nominal,lowest_loss_swr_2p5,best,19.182222222222222,20.45777777777778,137.42906063300663,10.711881285139242,2.767807141909408,0.8649182797576551,0.630249241269689,0.25,0.1,1.082295284386039,True,load_shunt,1.5,220.0,0.9787748588331389,0.09317194622930955,0.9984380566821723,0.9772460679827267,0.09996068306142436,0.7120284558646506,1.4750264965240336
sloper_30,3-to-30 ft sloper,dedicated_counterpoise,17 ft dedicated 26-AWG counterpoise; choke at feedpoint,feedpoint,average,30m,10120000,319.65,-1141.1,88.00899306993958,0.9198000000000001,True,kx2,KX2 / KXAT2,kxat2,published,nominal,lowest_loss_swr_2p5,best,35.516666666666666,-126.78888888888888,8.145769134097462,18.610848828592136,7.008807273615258,0.6247645840791206,2.0428359720846014,0.25,0.1,1.014677462330355,True,load_shunt,0.0,708.0,0.9921782069414438,0.034103164139416595,0.9999469248912598,0.9921255469752207,0.03433367252512229,0.5259887322452161,2.7902355922295357
sloper_30,3-to-30 ft sloper,dedicated_counterpoise,17 ft dedicated 26-AWG counterpoise; choke at feedpoint,feedpoint,average,30m,10120000,319.65,-1141.1,88.00899306993958,0.9198000000000001,True,kx3,KX3 / KXAT3,kxat3,published,nominal,lowest_loss_swr_2p5,best,35.516666666666666,-126.78888888888888,8.145769134097462,18.610848828592136,7.008807273615258,0.6247645840791206,2.0428359720846014,0.25,0.1,1.0151608353959836,True,load_shunt,0.0,708.0,0.9916892900677747,0.03624376984985552,0.9999433986438364,0.991633159109064,0.03648959337339429,0.5257276861807515,2.792391513077808
sloper_30,3-to-30 ft sloper,dedicated_counterpoise,17 ft dedicated 26-AWG counterpoise; choke at feedpoint,feedpoint,average,30m,10120000,319.65,-1141.1,88.00899306993958,0.9198000000000001,True,kh1,KH1 / KHATU1,khatu1,inferred,nominal,lowest_loss_swr_2p5,best,35.516666666666666,-126.78888888888888,8.145769134097462,18.610848828592136,7.008807273615258,0.6247645840791206,2.0428359720846014,0.25,0.1,2.4358047366130626,True,load_shunt,0.0,420.0,0.9936253512836539,0.027773364688781874,0.8253639839656335,0.8201025785047287,0.8613182262563028,0.43478843669924055,3.6172201459607156
sloper_30,3-to-30 ft sloper,dedicated_counterpoise,17 ft dedicated 26-AWG counterpoise; choke at feedpoint,feedpoint,average,30m,10120000,319.65,-1141.1,88.00899306993958,0.9198000000000001,True,kh1,KH1 / KHATU1,khatu1_wide_sensitivity,range-fit,nominal,lowest_loss_swr_2p5,best,35.516666666666666,-126.78888888888888,8.145769134097462,18.610848828592136,7.008807273615258,0.6247645840791206,2.0428359720846014,0.25,0.1,2.7986993478396696,False,source_shunt,0.0,367.0,0.9816361098178131,0.08049474317140225,0.7757939590322638,0.7615473639645913,1.1830308081279288,0.40374460040632953,3.9389327278323423
sloper_30,3-to-30 ft sloper,dedicated_counterpoise,17 ft dedicated 26-AWG counterpoise; choke at feedpoint,feedpoint,average,20m,14050000,96.034,58.824,2.8055219151812847,0.9118999999999999,True,kx2,KX2 / KXAT2,kxat2,published,nominal,lowest_loss_swr_2p5,best,10.670444444444446,6.536,26.182816039261557,-45.149901553869114,3.7217537803022323,0.7572502737264691,1.2076056100880936,0.25,0.1,1.0665026842142247,True,source_shunt,0.813,203.0,0.9538613251420871,0.2051475957603593,0.9989643657559834,0.9528734736897269,0.20964762873135923,0.6070464054396595,2.167781081734467
sloper_30,3-to-30 ft sloper,dedicated_counterpoise,17 ft dedicated 26-AWG counterpoise; choke at feedpoint,feedpoint,average,20m,14050000,96.034,58.824,2.8055219151812847,0.9118999999999999,True,kx3,KX3 / KXAT3,kxat3,published,nominal,lowest_loss_swr_2p5,best,10.670444444444446,6.536,26.182816039261557,-45.149901553869114,3.7217537803022323,0.7572502737264691,1.2076056100880936,0.25,0.1,1.0563214349259011,True,source_shunt,0.8099999999999999,203.0,0.9531310893403745,0.2084736435439197,0.9992498201118848,0.952416069566414,0.21173285605309605,0.6067550073300917,2.169866309056205
sloper_30,3-to-30 ft sloper,dedicated_counterpoise,17 ft dedicated 26-AWG counterpoise; choke at feedpoint,feedpoint,average,20m,14050000,96.034,58.824,2.8055219151812847,0.9118999999999999,True,kh1,KH1 / KHATU1,khatu1,inferred,nominal,lowest_loss_swr_2p5,best,10.670444444444446,6.536,26.182816039261557,-45.149901553869114,3.7217537803022323,0.7572502737264691,1.2076056100880936,0.25,0.1,1.338659904460782,True,source_shunt,0.7,180.0,0.9618165472583999,0.16907755520481998,0.979030241771753,0.941647486802464,0.2611164836316202,0.5998946742018932,2.219249936634728
sloper_30,3-to-30 ft sloper,dedicated_counterpoise,17 ft dedicated 26-AWG counterpoise; choke at feedpoint,feedpoint,average,20m,14050000,96.034,58.824,2.8055219151812847,0.9118999999999999,True,kh1,KH1 / KHATU1,khatu1_wide_sensitivity,range-fit,nominal,lowest_loss_swr_2p5,best,10.670444444444446,6.536,26.182816039261557,-45.149901553869114,3.7217537803022323,0.7572502737264691,1.2076056100880936,0.25,0.1,1.1733543026888724,True,source_shunt,0.75,220.0,0.9592044931837281,0.18088795546896513,0.9936377872411551,0.9531018301188533,0.20860696532556267,0.6071918843025808,2.1667404183286707
sloper_30,3-to-30 ft sloper,dedicated_counterpoise,17 ft dedicated 26-AWG counterpoise; choke at feedpoint,feedpoint,average,17m,18080000,2790.0,526.18,57.78531386523821,0.9097,True,kx2,KX2 / KXAT2,kxat2,published,nominal,lowest_loss_swr_2p5,best,310.0,58.46444444444444,70.11387758083085,94.94588486023075,4.462778791424898,0.6759659927999115,1.7007515244719216,0.25,0.1,1.0225661847994336,True,load_shunt,0.75,138.99999999999997,0.968634384814796,0.13840118326570044,0.9998755167848672,0.9685138060922861,0.138941840652001,0.5494508609112707,2.600711418016205
sloper_30,3-to-30 ft sloper,dedicated_counterpoise,17 ft dedicated 26-AWG counterpoise; choke at feedpoint,feedpoint,average,17m,18080000,2790.0,526.18,57.78531386523821,0.9097,True,kx3,KX3 / KXAT3,kxat3,published,nominal,lowest_loss_swr_2p5,best,310.0,58.46444444444444,70.11387758083085,94.94588486023075,4.462778791424898,0.6759659927999115,1.7007515244719216,0.25,0.1,1.022106597851649,True,load_shunt,0.75,138.99999999999997,0.9681406939555683,0.1406152474894981,0.9998804813361364,0.9680249830733948,0.14113434147282983,0.549173545062107,2.6029039188370353
sloper_30,3-to-30 ft sloper,dedicated_counterpoise,17 ft dedicated 26-AWG counterpoise; choke at feedpoint,feedpoint,average,17m,18080000,2790.0,526.18,57.78531386523821,0.9097,True,kh1,KH1 / KHATU1,khatu1,inferred,nominal,lowest_loss_swr_2p5,best,310.0,58.46444444444444,70.11387758083085,94.94588486023075,4.462778791424898,0.6759659927999115,1.7007515244719216,0.25,0.1,1.547810340739814,True,load_shunt,0.7,120.0,0.9798352544935941,0.0884693867374324,0.9537697480797295,0.9345372238379929,0.29403395424290174,0.5301754904901027,2.755803531607106
sloper_30,3-to-30 ft sloper,dedicated_counterpoise,17 ft dedicated 26-AWG counterpoise; choke at feedpoint,feedpoint,average,17m,18080000,2790.0,526.18,57.78531386523821,0.9097,True,kh1,KH1 / KHATU1,khatu1_wide_sensitivity,range-fit,nominal,lowest_loss_swr_2p5,best,310.0,58.46444444444444,70.11387758083085,94.94588486023075,4.462778791424898,0.6759659927999115,1.7007515244719216,0.25,0.1,1.218799730561902,True,load_shunt,0.75,147.0,0.965466867285501,0.15262625667062074,0.9902757222080208,0.9560783992690649,0.19506493734460756,0.5423960879779153,2.6568345147088124
sloper_30,3-to-30 ft sloper,dedicated_counterpoise,17 ft dedicated 26-AWG counterpoise; choke at feedpoint,feedpoint,average,15m,21050000,192.22,98.75,4.915714558778146,0.9118999999999999,True,kx2,KX2 / KXAT2,kxat2,published,nominal,lowest_loss_swr_2p5,best,21.357777777777777,10.972222222222221,26.544078094700225,16.215124969915994,2.146850736781379,0.8106823191491551,0.9114929877215514,0.25,0.1,1.0164241220725376,True,source_shunt,0.063,138.99999999999997,0.986759104058145,0.0578885801683951,0.9999336561668429,0.9866936386767792,0.05817671733304711,0.6729460452233934,1.720197547969613
sloper_30,3-to-30 ft sloper,dedicated_counterpoise,17 ft dedicated 26-AWG counterpoise; choke at feedpoint,feedpoint,average,15m,21050000,192.22,98.75,4.915714558778146,0.9118999999999999,True,kx3,KX3 / KXAT3,kxat3,published,nominal,lowest_loss_swr_2p5,best,21.357777777777777,10.972222222222221,26.544078094700225,16.215124969915994,2.146850736781379,0.8106823191491551,0.9114929877215514,0.25,0.1,1.0301845820820552,True,source_shunt,0.06,138.99999999999997,0.986059151973432,0.06097031706750958,0.9997789455388377,0.9858411791989183,0.06193045051913994,0.6723646497305543,1.7239512811557058
sloper_30,3-to-30 ft sloper,dedicated_counterpoise,17 ft dedicated 26-AWG counterpoise; choke at feedpoint,feedpoint,average,15m,21050000,192.22,98.75,4.915714558778146,0.9118999999999999,True,kh1,KH1 / KHATU1,khatu1,inferred,nominal,lowest_loss_swr_2p5,best,21.357777777777777,10.972222222222221,26.544078094700225,16.215124969915994,2.146850736781379,0.8106823191491551,0.9114929877215514,0.25,0.1,1.3700837593210666,True,load_shunt,0.0,120.0,0.9955150106287215,0.019521871844615724,0.9756178125752545,0.9712421770554245,0.1267246623514145,0.6624078197971546,1.7887454929879807
sloper_30,3-to-30 ft sloper,dedicated_counterpoise,17 ft dedicated 26-AWG counterpoise; choke at feedpoint,feedpoint,average,15m,21050000,192.22,98.75,4.915714558778146,0.9118999999999999,True,kh1,KH1 / KHATU1,khatu1_wide_sensitivity,range-fit,nominal,lowest_loss_swr_2p5,best,21.357777777777777,10.972222222222221,26.544078094700225,16.215124969915994,2.146850736781379,0.8106823191491551,0.9114929877215514,0.25,0.1,1.3943732606682033,True,load_shunt,0.0,147.0,0.9954513214082582,0.019799725634187977,0.972871160593273,0.9684458823725595,0.13924643033298803,0.6605006873556839,1.8012672609695544
sloper_30,3-to-30 ft sloper,dedicated_counterpoise,17 ft dedicated 26-AWG counterpoise; choke at feedpoint,feedpoint,average,12m,24910000,843.24,1529.4,72.38830262869186,0.9387000000000001,True,kx2,KX2 / KXAT2,kxat2,published,nominal,lowest_loss_swr_2p5,best,93.69333333333333,169.93333333333334,35.435845223978454,-74.00785748619525,5.0114881741815855,0.5773072255987997,2.385930068213947,0.25,0.1,1.0552386976959667,True,source_shunt,0.625,82.0,0.9558208517010667,0.19623499364573363,0.9992776256360306,0.9551303912212504,0.19937335932111316,0.4775253978769046,3.2100352488765034
sloper_30,3-to-30 ft sloper,dedicated_counterpoise,17 ft dedicated 26-AWG counterpoise; choke at feedpoint,feedpoint,average,12m,24910000,843.24,1529.4,72.38830262869186,0.9387000000000001,True,kx3,KX3 / KXAT3,kxat3,published,nominal,lowest_loss_swr_2p5,best,93.69333333333333,169.93333333333334,35.435845223978454,-74.00785748619525,5.0114881741815855,0.5773072255987997,2.385930068213947,0.25,0.1,1.0470825043918863,True,source_shunt,0.62,82.0,0.955474343273728,0.19780970277460636,0.9994710088357671,0.954968905788485,0.20010769007171497,0.477444661889189,3.2107695796271036
sloper_30,3-to-30 ft sloper,dedicated_counterpoise,17 ft dedicated 26-AWG counterpoise; choke at feedpoint,feedpoint,average,10m,28050000,2625.4,-2053.9,84.65132670046242,0.9407,True,kx2,KX2 / KXAT2,kxat2,published,nominal,lowest_loss_swr_2p5,best,291.7111111111111,-228.2111111111111,10.182750007947574,-12.0358059630724,5.206369085335619,0.5354223114404256,2.713035354024142,0.25,0.1,1.034211769217809,True,source_shunt,0.188,213.0,0.9342708717423116,0.2952719117031093,0.999717148333282,0.9340066116690732,0.2965004946451958,0.4340078244069759,3.625024408419992
sloper_30,3-to-30 ft sloper,dedicated_counterpoise,17 ft dedicated 26-AWG counterpoise; choke at feedpoint,feedpoint,average,10m,28050000,2625.4,-2053.9,84.65132670046242,0.9407,True,kx3,KX3 / KXAT3,kxat3,published,nominal,lowest_loss_swr_2p5,best,291.7111111111111,-228.2111111111111,10.182750007947574,-12.0358059630724,5.206369085335619,0.5354223114404256,2.713035354024142,0.25,0.1,1.0772851291913201,True,source_shunt,0.17999999999999997,221.0,0.9340177124645188,0.29644887846285223,0.9986157974331147,0.932724842749409,0.3024645582500773,0.433412220764276,3.630988472024873
sloper_30,3-to-30 ft sloper,dedicated_counterpoise,17 ft dedicated 26-AWG counterpoise; choke at feedpoint,feedpoint,average,6m,50100000,246.71,294.87,12.102867310830261,0.9105,True,kx3,KX3 / KXAT3,kxat3,published,nominal,lowest_loss_swr_2p5,best,27.412222222222223,32.763333333333335,45.20407278384371,-38.00435370368842,2.1932613552891507,0.7118289324280881,1.4762436398810737,0.25,0.1,1.0873724533242706,True,load_shunt,0.12,0.0,0.9829385107504182,0.0747364928591252,0.998247939231858,0.9812163427482363,0.08235226969656449,0.5867057697778942,2.3157964082682487
