


                               __________________________________________
                              |                                          |
                              |  NUMERICAL ELECTROMAGNETICS CODE (nec2c) |
                              |   Translated to 'C' in Double Precision  |
                              |__________________________________________|



                               ---------------- COMMENTS ----------------
                               pattern-direct-35p0-17p0-20m
                              



                               -------- STRUCTURE SPECIFICATION --------
                                     COORDINATES MUST BE INPUT IN
                                     METERS OR BE SCALED TO METERS
                                     BEFORE STRUCTURE INPUT IS ENDED

  WIRE                                                                                 SEG FIRST  LAST  TAG
   No:        X1         Y1         Z1         X2         Y2         Z2       RADIUS   No:   SEG   SEG  No:
     1    -5.18160    0.00000    0.15240   -0.01000    0.00000    0.91440    0.00024    41     1    41    1
     2    -0.01000    0.00000    0.91440    0.01000    0.00000    0.91440    0.00024     1    42    42    2
     3     0.01000    0.00000    0.91440    6.78822    0.00000    9.14400    0.00024    61    43   103    3

     TOTAL SEGMENTS USED: 103   SEGMENTS IN A SYMMETRIC CELL: 103   SYMMETRY FLAG: 0


                               ---------- SEGMENTATION DATA ----------
                                        COORDINATES IN METERS
                            I+ AND I- INDICATE THE SEGMENTS BEFORE AND AFTER I

   SEG    COORDINATES OF SEGM CENTER     SEGM    ORIENTATION ANGLES    WIRE    CONNECTION DATA   TAG
   No:       X         Y         Z      LENGTH     ALPHA      BETA    RADIUS    I-     I    I+   No:
     1   -5.1185    0.0000    0.1617    0.1275    8.3818    0.0000    0.0002     0     1     2     1
     2   -4.9924    0.0000    0.1803    0.1275    8.3818    0.0000    0.0002     1     2     3     1
     3   -4.8663    0.0000    0.1989    0.1275    8.3818    0.0000    0.0002     2     3     4     1
     4   -4.7401    0.0000    0.2174    0.1275    8.3818    0.0000    0.0002     3     4     5     1
     5   -4.6140    0.0000    0.2360    0.1275    8.3818    0.0000    0.0002     4     5     6     1
     6   -4.4878    0.0000    0.2546    0.1275    8.3818    0.0000    0.0002     5     6     7     1
     7   -4.3617    0.0000    0.2732    0.1275    8.3818    0.0000    0.0002     6     7     8     1
     8   -4.2356    0.0000    0.2918    0.1275    8.3818    0.0000    0.0002     7     8     9     1
     9   -4.1094    0.0000    0.3104    0.1275    8.3818    0.0000    0.0002     8     9    10     1
    10   -3.9833    0.0000    0.3290    0.1275    8.3818    0.0000    0.0002     9    10    11     1
    11   -3.8572    0.0000    0.3475    0.1275    8.3818    0.0000    0.0002    10    11    12     1
    12   -3.7310    0.0000    0.3661    0.1275    8.3818    0.0000    0.0002    11    12    13     1
    13   -3.6049    0.0000    0.3847    0.1275    8.3818    0.0000    0.0002    12    13    14     1
    14   -3.4788    0.0000    0.4033    0.1275    8.3818    0.0000    0.0002    13    14    15     1
    15   -3.3526    0.0000    0.4219    0.1275    8.3818    0.0000    0.0002    14    15    16     1
    16   -3.2265    0.0000    0.4405    0.1275    8.3818    0.0000    0.0002    15    16    17     1
    17   -3.1003    0.0000    0.4591    0.1275    8.3818    0.0000    0.0002    16    17    18     1
    18   -2.9742    0.0000    0.4776    0.1275    8.3818    0.0000    0.0002    17    18    19     1
    19   -2.8481    0.0000    0.4962    0.1275    8.3818    0.0000    0.0002    18    19    20     1
    20   -2.7219    0.0000    0.5148    0.1275    8.3818    0.0000    0.0002    19    20    21     1
    21   -2.5958    0.0000    0.5334    0.1275    8.3818    0.0000    0.0002    20    21    22     1
    22   -2.4697    0.0000    0.5520    0.1275    8.3818    0.0000    0.0002    21    22    23     1
    23   -2.3435    0.0000    0.5706    0.1275    8.3818    0.0000    0.0002    22    23    24     1
    24   -2.2174    0.0000    0.5892    0.1275    8.3818    0.0000    0.0002    23    24    25     1
    25   -2.0913    0.0000    0.6077    0.1275    8.3818    0.0000    0.0002    24    25    26     1
    26   -1.9651    0.0000    0.6263    0.1275    8.3818    0.0000    0.0002    25    26    27     1
    27   -1.8390    0.0000    0.6449    0.1275    8.3818    0.0000    0.0002    26    27    28     1
    28   -1.7128    0.0000    0.6635    0.1275    8.3818    0.0000    0.0002    27    28    29     1
    29   -1.5867    0.0000    0.6821    0.1275    8.3818    0.0000    0.0002    28    29    30     1
    30   -1.4606    0.0000    0.7007    0.1275    8.3818    0.0000    0.0002    29    30    31     1
    31   -1.3344    0.0000    0.7193    0.1275    8.3818    0.0000    0.0002    30    31    32     1
    32   -1.2083    0.0000    0.7378    0.1275    8.3818    0.0000    0.0002    31    32    33     1
    33   -1.0822    0.0000    0.7564    0.1275    8.3818    0.0000    0.0002    32    33    34     1
    34   -0.9560    0.0000    0.7750    0.1275    8.3818    0.0000    0.0002    33    34    35     1
    35   -0.8299    0.0000    0.7936    0.1275    8.3818    0.0000    0.0002    34    35    36     1
    36   -0.7038    0.0000    0.8122    0.1275    8.3818    0.0000    0.0002    35    36    37     1
    37   -0.5776    0.0000    0.8308    0.1275    8.3818    0.0000    0.0002    36    37    38     1
    38   -0.4515    0.0000    0.8494    0.1275    8.3818    0.0000    0.0002    37    38    39     1
    39   -0.3253    0.0000    0.8679    0.1275    8.3818    0.0000    0.0002    38    39    40     1
    40   -0.1992    0.0000    0.8865    0.1275    8.3818    0.0000    0.0002    39    40    41     1
    41   -0.0731    0.0000    0.9051    0.1275    8.3818    0.0000    0.0002    40    41    42     1
    42    0.0000    0.0000    0.9144    0.0200    0.0000    0.0000    0.0002    41    42    43     2
    43    0.0656    0.0000    0.9819    0.1748   50.5238    0.0000    0.0002    42    43    44     3
    44    0.1767    0.0000    1.1168    0.1748   50.5238    0.0000    0.0002    43    44    45     3
    45    0.2878    0.0000    1.2517    0.1748   50.5238    0.0000    0.0002    44    45    46     3
    46    0.3989    0.0000    1.3866    0.1748   50.5238    0.0000    0.0002    45    46    47     3
    47    0.5100    0.0000    1.5215    0.1748   50.5238    0.0000    0.0002    46    47    48     3
    48    0.6212    0.0000    1.6564    0.1748   50.5238    0.0000    0.0002    47    48    49     3
    49    0.7323    0.0000    1.7913    0.1748   50.5238    0.0000    0.0002    48    49    50     3
    50    0.8434    0.0000    1.9262    0.1748   50.5238    0.0000    0.0002    49    50    51     3
    51    0.9545    0.0000    2.0611    0.1748   50.5238    0.0000    0.0002    50    51    52     3
    52    1.0656    0.0000    2.1961    0.1748   50.5238    0.0000    0.0002    51    52    53     3
    53    1.1767    0.0000    2.3310    0.1748   50.5238    0.0000    0.0002    52    53    54     3
    54    1.2879    0.0000    2.4659    0.1748   50.5238    0.0000    0.0002    53    54    55     3
    55    1.3990    0.0000    2.6008    0.1748   50.5238    0.0000    0.0002    54    55    56     3
    56    1.5101    0.0000    2.7357    0.1748   50.5238    0.0000    0.0002    55    56    57     3
    57    1.6212    0.0000    2.8706    0.1748   50.5238    0.0000    0.0002    56    57    58     3
    58    1.7323    0.0000    3.0055    0.1748   50.5238    0.0000    0.0002    57    58    59     3
    59    1.8435    0.0000    3.1404    0.1748   50.5238    0.0000    0.0002    58    59    60     3
    60    1.9546    0.0000    3.2754    0.1748   50.5238    0.0000    0.0002    59    60    61     3
    61    2.0657    0.0000    3.4103    0.1748   50.5238    0.0000    0.0002    60    61    62     3
    62    2.1768    0.0000    3.5452    0.1748   50.5238    0.0000    0.0002    61    62    63     3
    63    2.2879    0.0000    3.6801    0.1748   50.5238    0.0000    0.0002    62    63    64     3
    64    2.3990    0.0000    3.8150    0.1748   50.5238    0.0000    0.0002    63    64    65     3
    65    2.5102    0.0000    3.9499    0.1748   50.5238    0.0000    0.0002    64    65    66     3
    66    2.6213    0.0000    4.0848    0.1748   50.5238    0.0000    0.0002    65    66    67     3
    67    2.7324    0.0000    4.2197    0.1748   50.5238    0.0000    0.0002    66    67    68     3
    68    2.8435    0.0000    4.3546    0.1748   50.5238    0.0000    0.0002    67    68    69     3
    69    2.9546    0.0000    4.4896    0.1748   50.5238    0.0000    0.0002    68    69    70     3
    70    3.0658    0.0000    4.6245    0.1748   50.5238    0.0000    0.0002    69    70    71     3
    71    3.1769    0.0000    4.7594    0.1748   50.5238    0.0000    0.0002    70    71    72     3
    72    3.2880    0.0000    4.8943    0.1748   50.5238    0.0000    0.0002    71    72    73     3
    73    3.3991    0.0000    5.0292    0.1748   50.5238    0.0000    0.0002    72    73    74     3
    74    3.5102    0.0000    5.1641    0.1748   50.5238    0.0000    0.0002    73    74    75     3
    75    3.6213    0.0000    5.2990    0.1748   50.5238    0.0000    0.0002    74    75    76     3
    76    3.7325    0.0000    5.4339    0.1748   50.5238    0.0000    0.0002    75    76    77     3
    77    3.8436    0.0000    5.5688    0.1748   50.5238    0.0000    0.0002    76    77    78     3
    78    3.9547    0.0000    5.7038    0.1748   50.5238    0.0000    0.0002    77    78    79     3
    79    4.0658    0.0000    5.8387    0.1748   50.5238    0.0000    0.0002    78    79    80     3
    80    4.1769    0.0000    5.9736    0.1748   50.5238    0.0000    0.0002    79    80    81     3
    81    4.2881    0.0000    6.1085    0.1748   50.5238    0.0000    0.0002    80    81    82     3
    82    4.3992    0.0000    6.2434    0.1748   50.5238    0.0000    0.0002    81    82    83     3
    83    4.5103    0.0000    6.3783    0.1748   50.5238    0.0000    0.0002    82    83    84     3
    84    4.6214    0.0000    6.5132    0.1748   50.5238    0.0000    0.0002    83    84    85     3
    85    4.7325    0.0000    6.6481    0.1748   50.5238    0.0000    0.0002    84    85    86     3
    86    4.8436    0.0000    6.7830    0.1748   50.5238    0.0000    0.0002    85    86    87     3
    87    4.9548    0.0000    6.9180    0.1748   50.5238    0.0000    0.0002    86    87    88     3
    88    5.0659    0.0000    7.0529    0.1748   50.5238    0.0000    0.0002    87    88    89     3
    89    5.1770    0.0000    7.1878    0.1748   50.5238    0.0000    0.0002    88    89    90     3
    90    5.2881    0.0000    7.3227    0.1748   50.5238    0.0000    0.0002    89    90    91     3
    91    5.3992    0.0000    7.4576    0.1748   50.5238    0.0000    0.0002    90    91    92     3
    92    5.5104    0.0000    7.5925    0.1748   50.5238    0.0000    0.0002    91    92    93     3
    93    5.6215    0.0000    7.7274    0.1748   50.5238    0.0000    0.0002    92    93    94     3
    94    5.7326    0.0000    7.8623    0.1748   50.5238    0.0000    0.0002    93    94    95     3
    95    5.8437    0.0000    7.9973    0.1748   50.5238    0.0000    0.0002    94    95    96     3
    96    5.9548    0.0000    8.1322    0.1748   50.5238    0.0000    0.0002    95    96    97     3
    97    6.0659    0.0000    8.2671    0.1748   50.5238    0.0000    0.0002    96    97    98     3
    98    6.1771    0.0000    8.4020    0.1748   50.5238    0.0000    0.0002    97    98    99     3
    99    6.2882    0.0000    8.5369    0.1748   50.5238    0.0000    0.0002    98    99   100     3
   100    6.3993    0.0000    8.6718    0.1748   50.5238    0.0000    0.0002    99   100   101     3
   101    6.5104    0.0000    8.8067    0.1748   50.5238    0.0000    0.0002   100   101   102     3
   102    6.6215    0.0000    8.9416    0.1748   50.5238    0.0000    0.0002   101   102   103     3
   103    6.7327    0.0000    9.0765    0.1748   50.5238    0.0000    0.0002   102   103     0     3



  DATA CARD No:   1 EK   0     0     0     0  0.00000E+00  0.00000E+00  0.00000E+00  0.00000E+00  0.00000E+00  0.00000E+00
  DATA CARD No:   2 LD   5     0     0     0  1.50000E+07  0.00000E+00  0.00000E+00  0.00000E+00  0.00000E+00  0.00000E+00
  DATA CARD No:   3 GN   2     0     0     0  1.30000E+01  5.00000E-03  0.00000E+00  0.00000E+00  0.00000E+00  0.00000E+00
  DATA CARD No:   4 FR   0     1     0     0  1.40500E+01  0.00000E+00  0.00000E+00  0.00000E+00  0.00000E+00  0.00000E+00
  DATA CARD No:   5 EX   0     2     1     0  1.00000E+00  0.00000E+00  0.00000E+00  0.00000E+00  0.00000E+00  0.00000E+00
  DATA CARD No:   6 PT  -1     0     0     0  0.00000E+00  0.00000E+00  0.00000E+00  0.00000E+00  0.00000E+00  0.00000E+00
  DATA CARD No:   7 RP   0    19    72  1001  0.00000E+00  0.00000E+00  5.00000E+00  5.00000E+00  1.00000E+03  0.00000E+00


                               --------- FREQUENCY --------
                                FREQUENCY : 1.4050E+01 MHz
                                WAVELENGTH: 2.1338E+01 Mtr

                        APPROXIMATE INTEGRATION EMPLOYED FOR SEGMENTS 
                        THAT ARE MORE THAN 1.000 WAVELENGTHS APART
                        THE EXTENDED THIN WIRE KERNEL WILL BE USED


                          ------ STRUCTURE IMPEDANCE LOADING ------
  LOCATION        RESISTANCE  INDUCTANCE  CAPACITANCE     IMPEDANCE (OHMS)   CONDUCTIVITY  CIRCUIT
  ITAG FROM THRU     OHMS       HENRYS      FARADS       REAL     IMAGINARY   MHOS/METER      TYPE
  ALL                                                                        1.5000E+07     WIRE  


                            -------- ANTENNA ENVIRONMENT --------
                            FINITE GROUND - SOMMERFELD SOLUTION
                            RELATIVE DIELECTRIC CONST: 13.000
                            CONDUCTIVITY:  5.000E-03 MHOS/METER
                            COMPLEX DIELECTRIC CONSTANT:  1.3000E+01-6.3972E+00j


                             ---------- MATRIX TIMING ----------
                               FILL: 10 msec  FACTOR: 0 msec


                        --------- ANTENNA INPUT PARAMETERS ---------
  TAG   SEG       VOLTAGE (VOLTS)         CURRENT (AMPS)         IMPEDANCE (OHMS)        ADMITTANCE (MHOS)     POWER
  No:   No:     REAL      IMAGINARY     REAL      IMAGINARY     REAL      IMAGINARY    REAL       IMAGINARY   (WATTS)
    2    42  1.0000E+00  0.0000E+00  3.2306E-04  2.7134E-04  1.8150E+03 -1.5244E+03  3.2306E-04  2.7134E-04  1.6153E-04


                               ---------- POWER BUDGET ---------
                               INPUT POWER   =  1.6153E-04 Watts
                               RADIATED POWER=  1.4661E-04 Watts
                               STRUCTURE LOSS=  1.4921E-05 Watts
                               NETWORK LOSS  =  0.0000E+00 Watts
                               EFFICIENCY    =   90.76 Percent


                             ---------- RADIATION PATTERNS -----------

                             RANGE:  1.000000E+03 METERS
                             EXP(-JKR)/R:  1.00000E-03 AT PHASE: -311.25 DEGREES

 ---- ANGLES -----     ----- POWER GAINS -----       ---- POLARIZATION ----   ---- E(THETA) ----    ----- E(PHI) ------
  THETA      PHI       VERTC    HORIZ    TOTAL       AXIAL      TILT  SENSE   MAGNITUDE    PHASE    MAGNITUDE     PHASE
 DEGREES   DEGREES        DB       DB       DB       RATIO   DEGREES            VOLTS/M   DEGREES     VOLTS/M   DEGREES
    0.00      0.00      1.18  -999.99     1.18      0.0000      0.00 LINEAR  1.1278E-04   -395.74  0.0000E+00   -311.25
    5.00      0.00      0.90  -999.99     0.90      0.0000      0.00 LINEAR  1.0921E-04   -390.91  0.0000E+00   -311.25
   10.00      0.00      0.57  -999.99     0.57      0.0000      0.00 LINEAR  1.0506E-04   -386.13  0.0000E+00   -311.25
   15.00      0.00      0.16  -999.99     0.16      0.0000      0.00 LINEAR  1.0022E-04   -381.17  0.0000E+00   -311.25
   20.00      0.00     -0.35  -999.99    -0.35      0.0000      0.00 LINEAR  9.4526E-05   -375.79  0.0000E+00   -311.25
   25.00      0.00     -0.99  -999.99    -0.99      0.0000      0.00 LINEAR  8.7839E-05   -369.69  0.0000E+00   -311.25
   30.00      0.00     -1.79  -999.99    -1.79      0.0000      0.00 LINEAR  8.0114E-05   -362.50  0.0000E+00   -311.25
   35.00      0.00     -2.77  -999.99    -2.77      0.0000      0.00 LINEAR  7.1523E-05   -353.64  0.0000E+00   -311.25
   40.00      0.00     -3.93  -999.99    -3.93      0.0000      0.00 LINEAR  6.2608E-05   -342.33  0.0000E+00   -311.25
   45.00      0.00     -5.14  -999.99    -5.14      0.0000      0.00 LINEAR  5.4457E-05   -327.54  0.0000E+00   -311.25
   50.00      0.00     -6.10  -999.99    -6.10      0.0000      0.00 LINEAR  4.8753E-05   -308.72  0.0000E+00   -311.25
   55.00      0.00     -6.40  -999.99    -6.40      0.0000      0.00 LINEAR  4.7119E-05   -287.50  0.0000E+00   -311.25
   60.00      0.00     -5.95  -999.99    -5.95      0.0000      0.00 LINEAR  4.9584E-05   -267.89  0.0000E+00   -311.25
   65.00      0.00     -5.20  -999.99    -5.20      0.0000      0.00 LINEAR  5.4064E-05   -252.76  0.0000E+00   -311.25
   70.00      0.00     -4.65  -999.99    -4.65      0.0000      0.00 LINEAR  5.7626E-05   -242.26  0.0000E+00   -311.25
   75.00      0.00     -4.68  -999.99    -4.68      0.0000      0.00 LINEAR  5.7419E-05   -235.55  0.0000E+00   -311.25
   80.00      0.00     -5.78  -999.99    -5.78      0.0000      0.00 LINEAR  5.0601E-05   -231.88  0.0000E+00   -311.25
   85.00      0.00     -9.33  -999.99    -9.33      0.0000      0.00 LINEAR  3.3598E-05   -230.98  0.0000E+00   -311.25
   90.00      0.00   -999.99  -999.99  -999.99      0.0000      0.00         2.6788E-15   -413.19  0.0000E+00   -311.25
    0.00      5.00      1.15   -20.01     1.18      0.0000     -5.00 LINEAR  1.1236E-04   -395.74  9.8298E-06   -215.74
    5.00      5.00      0.87   -19.96     0.91      0.0000     -5.19 LEFT    1.0878E-04   -390.93  9.8863E-06   -210.95
   10.00      5.00      0.53   -19.90     0.57      0.0004     -5.43 LEFT    1.0463E-04   -386.16  9.9548E-06   -206.39
   15.00      5.00      0.12   -19.84     0.16      0.0014     -5.74 LEFT    9.9793E-05   -381.22  1.0030E-05   -202.04
   20.00      5.00     -0.39   -19.77    -0.34      0.0037     -6.12 LEFT    9.4111E-05   -375.85  1.0102E-05   -197.86
   25.00      5.00     -1.03   -19.73    -0.97      0.0081     -6.61 LEFT    8.7439E-05   -369.76  1.0157E-05   -193.83
   30.00      5.00     -1.83   -19.71    -1.76      0.0161     -7.22 LEFT    7.9737E-05   -362.56  1.0177E-05   -189.93
   35.00      5.00     -2.81   -19.74    -2.73      0.0301     -7.93 LEFT    7.1180E-05   -353.69  1.0142E-05   -186.15
   40.00      5.00     -3.97   -19.84    -3.86      0.0542     -8.62 LEFT    6.2312E-05   -342.35  1.0026E-05   -182.50
   45.00      5.00     -5.18   -20.03    -5.04      0.0923     -8.84 LEFT    5.4230E-05   -327.50  9.8038E-06   -179.01
   50.00      5.00     -6.12   -20.35    -5.96      0.1398     -7.69 LEFT    4.8622E-05   -308.62  9.4477E-06   -175.69
   55.00      5.00     -6.40   -20.84    -6.25      0.1710     -4.69 LEFT    4.7096E-05   -287.41  8.9323E-06   -172.59
   60.00      5.00     -5.94   -21.55    -5.83      0.1641     -1.38 LEFT    4.9649E-05   -267.87  8.2356E-06   -169.75
   65.00      5.00     -5.18   -22.55    -5.11      0.1351      0.60 LEFT    5.4180E-05   -252.83  7.3415E-06   -167.21
   70.00      5.00     -4.63   -23.95    -4.58      0.1054      1.37 LEFT    5.7761E-05   -242.41  6.2417E-06   -165.00
   75.00      5.00     -4.66   -25.99    -4.63      0.0818      1.48 LEFT    5.7550E-05   -235.74  4.9385E-06   -163.17
   80.00      5.00     -5.76   -29.12    -5.74      0.0639      1.31 LEFT    5.0712E-05   -232.10  3.4452E-06   -161.74
   85.00      5.00     -9.32   -34.82    -9.30      0.0500      1.02 LEFT    3.3669E-05   -231.21  1.7870E-06   -160.75
   90.00      5.00   -999.99  -999.99  -999.99      0.0000      0.00         2.6844E-15   -413.43  1.0743E-16   -340.19
    0.00     10.00      1.05   -14.02     1.18      0.0000    -10.00 LINEAR  1.1107E-04   -395.74  1.9585E-05   -215.74
    5.00     10.00      0.77   -13.97     0.91      0.0001    -10.38 LEFT    1.0749E-04   -390.98  1.9697E-05   -211.00
   10.00     10.00      0.42   -13.91     0.58      0.0007    -10.86 LEFT    1.0334E-04   -386.27  1.9833E-05   -206.50
   15.00     10.00      0.01   -13.85     0.18      0.0028    -11.46 LEFT    9.8520E-05   -381.37  1.9983E-05   -202.20
   20.00     10.00     -0.50   -13.79    -0.30      0.0074    -12.22 LEFT    9.2866E-05   -376.04  2.0128E-05   -198.08
   25.00     10.00     -1.15   -13.74    -0.91      0.0160    -13.18 LEFT    8.6242E-05   -369.97  2.0240E-05   -194.10
   30.00     10.00     -1.95   -13.72    -1.67      0.0316    -14.36 LEFT    7.8609E-05   -362.75  2.0284E-05   -190.25
   35.00     10.00     -2.94   -13.75    -2.59      0.0586    -15.76 LEFT    7.0151E-05   -353.84  2.0217E-05   -186.52
   40.00     10.00     -4.09   -13.84    -3.66      0.1044    -17.14 LEFT    6.1426E-05   -342.38  1.9990E-05   -182.93
   45.00     10.00     -5.29   -14.04    -4.74      0.1766    -17.75 LEFT    5.3553E-05   -327.37  1.9550E-05   -179.48
   50.00     10.00     -6.19   -14.36    -5.58      0.2697    -15.87 LEFT    4.8233E-05   -308.34  1.8844E-05   -176.22
   55.00     10.00     -6.41   -14.84    -5.83      0.3371     -9.89 LEFT    4.7032E-05   -287.14  1.7819E-05   -173.16
   60.00     10.00     -5.91   -15.55    -5.46      0.3262     -2.74 LEFT    4.9847E-05   -267.82  1.6432E-05   -170.36
   65.00     10.00     -5.13   -16.54    -4.83      0.2676      1.39 LEFT    5.4527E-05   -253.04  1.4651E-05   -167.85
   70.00     10.00     -4.57   -17.95    -4.37      0.2083      2.85 LEFT    5.8163E-05   -242.83  1.2458E-05   -165.68
   75.00     10.00     -4.60   -19.99    -4.48      0.1618      3.02 LEFT    5.7942E-05   -236.30  9.8576E-06   -163.87
   80.00     10.00     -5.70   -23.11    -5.62      0.1266      2.64 LEFT    5.1043E-05   -232.75  6.8775E-06   -162.46
   85.00     10.00     -9.26   -28.81    -9.21      0.0991      2.04 LEFT    3.3882E-05   -231.91  3.5675E-06   -161.47
   90.00     10.00   -999.99  -999.99  -999.99      0.0000      0.00         2.7011E-15   -414.14  2.1447E-16   -340.92
    0.00     15.00      0.88   -10.56     1.18      0.0000    -15.00 LINEAR  1.0894E-04   -395.74  2.9191E-05   -215.74
    5.00     15.00      0.59   -10.51     0.92      0.0001    -15.57 LEFT    1.0535E-04   -391.08  2.9355E-05   -211.10
   10.00     15.00      0.24   -10.45     0.60      0.0011    -16.28 LEFT    1.0120E-04   -386.45  2.9559E-05   -206.68
   15.00     15.00     -0.18   -10.38     0.22      0.0042    -17.17 LEFT    9.6407E-05   -381.62  2.9785E-05   -202.47
   20.00     15.00     -0.70   -10.32    -0.25      0.0109    -18.28 LEFT    9.0802E-05   -376.35  3.0004E-05   -198.44
   25.00     15.00     -1.35   -10.27    -0.83      0.0235    -19.67 LEFT    8.4255E-05   -370.30  3.0177E-05   -194.55
   30.00     15.00     -2.16   -10.25    -1.53      0.0459    -21.38 LEFT    7.6735E-05   -363.07  3.0249E-05   -190.79
   35.00     15.00     -3.15   -10.27    -2.38      0.0842    -23.40 LEFT    6.8442E-05   -354.06  3.0157E-05   -187.15
   40.00     15.00     -4.30   -10.37    -3.34      0.1475    -25.47 LEFT    5.9958E-05   -342.41  2.9828E-05   -183.64
   45.00     15.00     -5.47   -10.56    -4.30      0.2466    -26.73 LEFT    5.2439E-05   -327.11  2.9181E-05   -180.27
   50.00     15.00     -6.31   -10.88    -5.01      0.3797    -24.93 LEFT    4.7604E-05   -307.83  2.8135E-05   -177.08
   55.00     15.00     -6.43   -11.36    -5.22      0.4921    -16.34 LEFT    4.6942E-05   -286.68  2.6614E-05   -174.10
   60.00     15.00     -5.85   -12.06    -4.92      0.4843     -4.06 LEFT    5.0187E-05   -267.73  2.4549E-05   -171.37
   65.00     15.00     -5.04   -13.05    -4.40      0.3947      2.59 LEFT    5.5108E-05   -253.40  2.1893E-05   -168.92
   70.00     15.00     -4.47   -14.46    -4.05      0.3063      4.58 LEFT    5.8831E-05   -243.53  1.8620E-05   -166.79
   75.00     15.00     -4.50   -16.49    -4.24      0.2380      4.66 LEFT    5.8592E-05   -237.24  1.4737E-05   -165.02
   80.00     15.00     -5.61   -19.62    -5.44      0.1866      4.00 LEFT    5.1592E-05   -233.83  1.0283E-05   -163.64
   85.00     15.00     -9.17   -25.32    -9.07      0.1464      3.06 LEFT    3.4234E-05   -233.07  5.3344E-06   -162.67
   90.00     15.00   -999.99  -999.99  -999.99      0.0000      0.00         2.7289E-15   -415.33  3.2071E-16   -342.13
    0.00     20.00      0.64    -8.14     1.18      0.0000    -20.00 LINEAR  1.0598E-04   -395.74  3.8574E-05   -215.74
    5.00     20.00      0.34    -8.09     0.92      0.0001    -20.75 LEFT    1.0237E-04   -391.20  3.8789E-05   -211.22
   10.00     20.00     -0.02    -8.03     0.62      0.0015    -21.68 LEFT    9.8235E-05   -386.69  3.9057E-05   -206.94
   15.00     20.00     -0.45    -7.96     0.26      0.0055    -22.83 LEFT    9.3472E-05   -381.97  3.9359E-05   -202.85
   20.00     20.00     -0.98    -7.89    -0.17      0.0142    -24.26 LEFT    8.7932E-05   -376.77  3.9656E-05   -198.94
   25.00     20.00     -1.64    -7.84    -0.71      0.0305    -26.04 LEFT    8.1489E-05   -370.75  3.9894E-05   -195.17
   30.00     20.00     -2.46    -7.82    -1.35      0.0587    -28.22 LEFT    7.4127E-05   -363.48  4.0002E-05   -191.53
   35.00     20.00     -3.46    -7.84    -2.11      0.1059    -30.78 LEFT    6.6064E-05   -354.33  3.9895E-05   -188.01
   40.00     20.00     -4.60    -7.93    -2.95      0.1819    -33.50 LEFT    5.7921E-05   -342.40  3.9475E-05   -184.62
   45.00     20.00     -5.73    -8.12    -3.75      0.2986    -35.62 LEFT    5.0907E-05   -326.67  3.8635E-05   -181.37
   50.00     20.00     -6.46    -8.43    -4.33      0.4607    -34.95 LEFT    4.6764E-05   -307.05  3.7266E-05   -178.29
   55.00     20.00     -6.45    -8.91    -4.50      0.6260    -25.35 LEFT    4.6855E-05   -286.01  3.5265E-05   -175.41
   60.00     20.00     -5.76    -9.61    -4.26      0.6366     -5.24 LEFT    5.0682E-05   -267.62  3.2542E-05   -172.76
   65.00     20.00     -4.91   -10.60    -3.87      0.5134      4.56 LEFT    5.5924E-05   -253.90  2.9031E-05   -170.40
   70.00     20.00     -4.33   -12.01    -3.65      0.3967      6.70 LEFT    5.9761E-05   -244.51  2.4699E-05   -168.34
   75.00     20.00     -4.37   -14.04    -3.93      0.3088      6.44 LEFT    5.9494E-05   -238.54  1.9552E-05   -166.62
   80.00     20.00     -5.48   -17.16    -5.20      0.2430      5.40 LEFT    5.2351E-05   -235.33  1.3645E-05   -165.28
   85.00     20.00     -9.05   -22.86    -8.87      0.1911      4.07 LEFT    3.4721E-05   -234.68  7.0795E-06   -164.34
   90.00     20.00   -999.99  -999.99  -999.99      0.0000      0.00         2.7673E-15   -416.97  4.2564E-16   -343.80
    0.00     25.00      0.33    -6.30     1.18      0.0000    -25.00 LINEAR  1.0222E-04   -395.74  4.7665E-05   -215.74
    5.00     25.00      0.01    -6.25     0.94      0.0001    -25.93 LEFT    9.8583E-05   -391.37  4.7924E-05   -211.39
   10.00     25.00     -0.36    -6.19     0.65      0.0018    -27.06 LEFT    9.4457E-05   -387.01  4.8256E-05   -207.26
   15.00     25.00     -0.80    -6.12     0.32      0.0067    -28.45 LEFT    8.9734E-05   -382.41  4.8633E-05   -203.34
   20.00     25.00     -1.35    -6.06    -0.08      0.0173    -30.17 LEFT    8.4275E-05   -377.30  4.9009E-05   -199.58
   25.00     25.00     -2.02    -6.00    -0.56      0.0367    -32.28 LEFT    7.7963E-05   -371.31  4.9318E-05   -195.97
   30.00     25.00     -2.86    -5.97    -1.13      0.0698    -34.84 LEFT    7.0799E-05   -363.98  4.9470E-05   -192.48
   35.00     25.00     -3.87    -5.99    -1.79      0.1235    -37.84 LEFT    6.3032E-05   -354.61  4.9359E-05   -189.12
   40.00     25.00     -5.00    -6.08    -2.50      0.2072    -41.12 LEFT    5.5336E-05   -342.27  4.8863E-05   -185.88
   45.00     25.00     -6.06    -6.26    -3.15      0.3325    -44.15 LEFT    4.8993E-05   -325.98  4.7848E-05   -182.77
   50.00     25.00     -6.65    -6.57    -3.60      0.5082    -45.44 LEFT    4.5759E-05   -305.94  4.6177E-05   -179.83
   55.00     25.00     -6.45    -7.05    -3.73      0.7203    -38.79 LEFT    4.6809E-05   -285.14  4.3720E-05   -177.07
   60.00     25.00     -5.65    -7.74    -3.56      0.7817     -6.00 LEFT    5.1349E-05   -267.51  4.0363E-05   -174.54
   65.00     25.00     -4.75    -8.73    -3.29      0.6193      7.89 LEFT    5.6976E-05   -254.57  3.6024E-05   -172.28
   70.00     25.00     -4.16   -10.13    -3.18      0.4771      9.34 LEFT    6.0945E-05   -245.77  3.0659E-05   -170.31
   75.00     25.00     -4.21   -12.16    -3.56      0.3728      8.41 LEFT    6.0638E-05   -240.19  2.4278E-05   -168.66
   80.00     25.00     -5.32   -15.28    -4.91      0.2946      6.84 LEFT    5.3313E-05   -237.23  1.6947E-05   -167.37
   85.00     25.00     -8.90   -20.98    -8.64      0.2325      5.08 LEFT    3.5338E-05   -236.71  8.7936E-06   -166.46
   90.00     25.00   -999.99  -999.99  -999.99      0.0000      0.00         2.8158E-15   -419.05  5.2873E-16   -345.93
    0.00     30.00     -0.07    -4.84     1.18      0.0000    -30.00 LINEAR  9.7674E-05   -395.74  5.6392E-05   -215.74
    5.00     30.00     -0.40    -4.79     0.95      0.0002    -31.09 LEFT    9.4015E-05   -391.56  5.6691E-05   -211.58
   10.00     30.00     -0.79    -4.73     0.69      0.0021    -32.41 LEFT    8.9898E-05   -387.38  5.7082E-05   -207.65
   15.00     30.00     -1.25    -4.66     0.38      0.0079    -34.02 LEFT    8.5222E-05   -382.94  5.7534E-05   -203.92
   20.00     30.00     -1.81    -4.59     0.02      0.0201    -35.98 LEFT    7.9857E-05   -377.93  5.7993E-05   -200.35
   25.00     30.00     -2.51    -4.54    -0.40      0.0422    -38.36 LEFT    7.3699E-05   -371.96  5.8377E-05   -196.93
   30.00     30.00     -3.37    -4.51    -0.89      0.0790    -41.21 LEFT    6.6774E-05   -364.52  5.8582E-05   -193.63
   35.00     30.00     -4.39    -4.52    -1.44      0.1371    -44.55 LEFT    5.9371E-05   -354.84  5.8480E-05   -190.45
   40.00     30.00     -5.50    -4.60    -2.02      0.2246    -48.27 LEFT    5.2238E-05   -341.93  5.7924E-05   -187.39
   45.00     30.00     -6.47    -4.78    -2.53      0.3511    -52.10 LEFT    4.6747E-05   -324.90  5.6753E-05   -184.46
   50.00     30.00     -6.86    -5.08    -2.87      0.5256    -55.43 LEFT    4.4654E-05   -304.43  5.4804E-05   -181.68
   55.00     30.00     -6.45    -5.55    -2.97      0.7528    -55.86 LEFT    4.6851E-05   -284.05  5.1918E-05   -179.08
   60.00     30.00     -5.51    -6.24    -2.85      0.9177     -4.13 LEFT    5.2210E-05   -267.40  4.7958E-05   -176.69
   65.00     30.00     -4.55    -7.23    -2.68      0.7059     13.46 LEFT    5.8265E-05   -255.41  4.2823E-05   -174.55
   70.00     30.00     -3.96    -8.62    -2.68      0.5447     12.61 LEFT    6.2375E-05   -247.30  3.6461E-05   -172.68
   75.00     30.00     -4.01   -10.65    -3.16      0.4285     10.56 LEFT    6.2011E-05   -242.18  2.8882E-05   -171.12
   80.00     30.00     -5.14   -13.77    -4.58      0.3406      8.32 LEFT    5.4466E-05   -239.51  2.0166E-05   -169.89
   85.00     30.00     -8.72   -19.47    -8.37      0.2700      6.07 LEFT    3.6077E-05   -239.16  1.0465E-05   -169.01
   90.00     30.00   -999.99  -999.99  -999.99      0.0000      0.00         2.8740E-15   -421.54  6.2927E-16   -348.50
    0.00     35.00     -0.55    -3.64     1.18      0.0000    -35.00 LINEAR  9.2387E-05   -395.74  6.4690E-05   -215.74
    5.00     35.00     -0.90    -3.60     0.97      0.0002    -36.24 LEFT    8.8701E-05   -391.79  6.5022E-05   -211.81
   10.00     35.00     -1.31    -3.54     0.72      0.0024    -37.74 LEFT    8.4593E-05   -387.82  6.5468E-05   -208.11
   15.00     35.00     -1.80    -3.47     0.45      0.0090    -39.53 LEFT    7.9970E-05   -383.55  6.5994E-05   -204.60
   20.00     35.00     -2.39    -3.40     0.14      0.0226    -41.68 LEFT    7.4709E-05   -378.64  6.6535E-05   -201.25
   25.00     35.00     -3.12    -3.34    -0.22      0.0470    -44.27 LEFT    6.8728E-05   -372.67  6.6999E-05   -198.05
   30.00     35.00     -4.00    -3.31    -0.63      0.0866    -47.33 LEFT    6.2080E-05   -365.05  6.7265E-05   -194.97
   35.00     35.00     -5.04    -3.32    -1.08      0.1471    -50.89 LEFT    5.5113E-05   -354.93  6.7184E-05   -192.01
   40.00     35.00     -6.12    -3.39    -1.53      0.2354    -54.91 LEFT    4.8674E-05   -341.24  6.6584E-05   -189.15
   45.00     35.00     -6.94    -3.57    -1.92      0.3584    -59.33 LEFT    4.4248E-05   -323.28  6.5280E-05   -186.42
   50.00     35.00     -7.08    -3.86    -2.17      0.5225    -64.20 LEFT    4.3535E-05   -302.44  6.3078E-05   -183.84
   55.00     35.00     -6.41    -4.33    -2.24      0.7312    -70.46 LEFT    4.7042E-05   -282.76  5.9794E-05   -181.42
   60.00     35.00     -5.33    -5.01    -2.16      0.9523     69.14 LEFT    5.3286E-05   -267.33  5.5266E-05   -179.19
   65.00     35.00     -4.33    -5.99    -2.07      0.7635     22.07 LEFT    5.9788E-05   -256.42  4.9375E-05   -177.19
   70.00     35.00     -3.73    -7.38    -2.17      0.5975     16.52 LEFT    6.4037E-05   -249.09  4.2059E-05   -175.44
   75.00     35.00     -3.79    -9.40    -2.74      0.4751     12.86 LEFT    6.3598E-05   -244.50  3.3329E-05   -173.98
   80.00     35.00     -4.93   -12.52    -4.23      0.3806      9.81 LEFT    5.5795E-05   -242.16  2.3277E-05   -172.82
   85.00     35.00     -8.51   -18.22    -8.07      0.3032      7.04 LEFT    3.6927E-05   -241.98  1.2082E-05   -171.99
   90.00     35.00   -999.99  -999.99  -999.99      0.0000      0.00         2.9410E-15   -424.42  7.2652E-16   -351.49
    0.00     40.00     -1.13    -2.65     1.18      0.0000    -40.00 LINEAR  8.6398E-05   -395.74  7.2496E-05   -215.74
    5.00     40.00     -1.51    -2.61     0.98      0.0002    -41.38 LEFT    8.2682E-05   -392.05  7.2853E-05   -212.07
   10.00     40.00     -1.95    -2.55     0.77      0.0027    -43.03 LEFT    7.8584E-05   -388.31  7.3350E-05   -208.62
   15.00     40.00     -2.47    -2.48     0.53      0.0099    -44.97 LEFT    7.4016E-05   -384.23  7.3946E-05   -205.37
   20.00     40.00     -3.10    -2.41     0.27      0.0248    -47.28 LEFT    6.8870E-05   -379.42  7.4569E-05   -202.27
   25.00     40.00     -3.86    -2.35    -0.03      0.0509    -50.00 LEFT    6.3084E-05   -373.40  7.5115E-05   -199.32
   30.00     40.00     -4.78    -2.31    -0.36      0.0924    -53.19 LEFT    5.6754E-05   -365.49  7.5448E-05   -196.49
   35.00     40.00     -5.83    -2.31    -0.71      0.1542    -56.87 LEFT    5.0306E-05   -354.73  7.5398E-05   -193.77
   40.00     40.00     -6.85    -2.39    -1.06      0.2412    -61.06 LEFT    4.4719E-05   -339.99  7.4771E-05   -191.15
   45.00     40.00     -7.48    -2.55    -1.34      0.3584    -65.82 LEFT    4.1604E-05   -320.92  7.3354E-05   -188.65
   50.00     40.00     -7.29    -2.84    -1.51      0.5085    -71.57 LEFT    4.2513E-05   -299.91  7.0927E-05   -186.28
   55.00     40.00     -6.34    -3.30    -1.55      0.6891    -80.28 LEFT    4.7445E-05   -281.29  6.7278E-05   -184.06
   60.00     40.00     -5.12    -3.98    -1.50      0.8568     74.00 LEFT    5.4596E-05   -267.32  6.2222E-05   -182.02
   65.00     40.00     -4.08    -4.96    -1.48      0.7839     32.51 LEFT    6.1541E-05   -257.62  5.5621E-05   -180.18
   70.00     40.00     -3.48    -6.35    -1.67      0.6341     20.87 LEFT    6.5913E-05   -251.15  4.7402E-05   -178.57
   75.00     40.00     -3.55    -8.36    -2.31      0.5122     15.27 LEFT    6.5376E-05   -247.12  3.7577E-05   -177.22
   80.00     40.00     -4.70   -11.48    -3.87      0.4143     11.29 LEFT    5.7279E-05   -245.14  2.6252E-05   -176.14
   85.00     40.00     -8.29   -17.17    -7.77      0.3319      7.96 LEFT    3.7876E-05   -245.16  1.3629E-05   -175.35
   90.00     40.00   -999.99  -999.99  -999.99      0.0000      0.00         3.0156E-15   -427.67  8.1956E-16   -354.87
    0.00     45.00     -1.83    -1.83     1.18      0.0000    -45.00 LINEAR  7.9751E-05   -395.74  7.9751E-05   -215.74
    5.00     45.00     -2.24    -1.79     1.00      0.0002    -46.51 LEFT    7.6005E-05   -392.33  8.0125E-05   -212.36
   10.00     45.00     -2.72    -1.73     0.81      0.0029    -48.28 LEFT    7.1917E-05   -388.86  8.0665E-05   -209.20
   15.00     45.00     -3.29    -1.66     0.61      0.0107    -50.35 LEFT    6.7408E-05   -384.97  8.1326E-05   -206.22
   20.00     45.00     -3.96    -1.58     0.40      0.0267    -52.76 LEFT    6.2384E-05   -380.24  8.2029E-05   -203.41
   25.00     45.00     -4.77    -1.52     0.16      0.0542    -55.56 LEFT    5.6812E-05   -374.09  8.2658E-05   -200.74
   30.00     45.00     -5.74    -1.47    -0.09      0.0969    -58.81 LEFT    5.0844E-05   -365.73  8.3060E-05   -198.18
   35.00     45.00     -6.79    -1.47    -0.36      0.1588    -62.52 LEFT    4.5017E-05   -354.03  8.3050E-05   -195.73
   40.00     45.00     -7.72    -1.54    -0.60      0.2436    -66.75 LEFT    4.0485E-05   -337.86  8.2410E-05   -193.38
   45.00     45.00     -8.05    -1.70    -0.80      0.3539    -71.65 LEFT    3.8972E-05   -317.58  8.0901E-05   -191.13
   50.00     45.00     -7.45    -1.99    -0.90      0.4901    -77.76 LEFT    4.1721E-05   -296.81  7.8276E-05   -189.00
   55.00     45.00     -6.21    -2.44    -0.92      0.6460    -86.99 LEFT    4.8127E-05   -279.72  7.4298E-05   -187.01
   60.00     45.00     -4.87    -3.11    -0.90      0.7834     73.26 LEFT    5.6158E-05   -267.42  6.8757E-05   -185.17
   65.00     45.00     -3.80    -4.08    -0.93      0.7729     41.33 LEFT    6.3512E-05   -259.02  6.1496E-05   -183.51
   70.00     45.00     -3.21    -5.47    -1.19      0.6550     25.27 LEFT    6.7982E-05   -253.45  5.2435E-05   -182.05
   75.00     45.00     -3.30    -7.48    -1.89      0.5398     17.67 LEFT    6.7319E-05   -250.03  4.1583E-05   -180.81
   80.00     45.00     -4.46   -10.60    -3.51      0.4415     12.72 LEFT    5.8895E-05   -248.43  2.9059E-05   -179.82
   85.00     45.00     -8.06   -16.29    -7.45      0.3559      8.83 LEFT    3.8907E-05   -248.67  1.5088E-05   -179.09
   90.00     45.00   -999.99  -999.99  -999.99      0.0000      0.00         3.0967E-15   -431.24  9.0741E-16   -358.62
    0.00     50.00     -2.65    -1.13     1.18      0.0000    -50.00 LINEAR  7.2496E-05   -395.74  8.6398E-05   -215.74
    5.00     50.00     -3.12    -1.09     1.02      0.0002    -51.63 LEFT    6.8720E-05   -392.65  8.6782E-05   -212.68
   10.00     50.00     -3.65    -1.04     0.86      0.0031    -53.50 LEFT    6.4644E-05   -389.45  8.7358E-05   -209.82
   15.00     50.00     -4.27    -0.96     0.70      0.0115    -55.65 LEFT    6.0196E-05   -385.75  8.8077E-05   -207.16
   20.00     50.00     -5.01    -0.89     0.53      0.0283    -58.13 LEFT    5.5301E-05   -381.04  8.8854E-05   -204.65
   25.00     50.00     -5.89    -0.82     0.36      0.0567    -60.96 LEFT    4.9963E-05   -374.64  8.9562E-05   -202.28
   30.00     50.00     -6.91    -0.77     0.17      0.1001    -64.19 LEFT    4.4414E-05   -365.56  9.0035E-05   -200.03
   35.00     50.00     -7.96    -0.77    -0.01      0.1615    -67.86 LEFT    3.9346E-05   -352.46  9.0070E-05   -197.87
   40.00     50.00     -8.70    -0.83    -0.17      0.2434    -72.04 LEFT    3.6143E-05   -334.40  8.9426E-05   -195.81
   45.00     50.00     -8.60    -0.99    -0.29      0.3470    -76.92 LEFT    3.6567E-05   -313.03  8.7843E-05   -193.84
   50.00     50.00     -7.54    -1.27    -0.35      0.4711    -83.06 LEFT    4.1310E-05   -293.18  8.5047E-05   -191.97
   55.00     50.00     -6.03    -1.72    -0.35      0.6076     87.96 LEFT    4.9150E-05   -278.11  8.0775E-05   -190.22
   60.00     50.00     -4.60    -2.38    -0.34      0.7260     71.81 LEFT    5.7981E-05   -267.67  7.4795E-05   -188.60
   65.00     50.00     -3.51    -3.35    -0.42      0.7462     46.89 LEFT    6.5687E-05   -260.63  6.6934E-05   -187.14
   70.00     50.00     -2.93    -4.73    -0.73      0.6625     29.24 LEFT    7.0215E-05   -256.00  5.7098E-05   -185.84
   75.00     50.00     -3.03    -6.74    -1.49      0.5587     19.93 LEFT    6.9396E-05   -253.21  4.5299E-05   -184.74
   80.00     50.00     -4.21    -9.85    -3.16      0.4624     14.06 LEFT    6.0614E-05   -252.01  3.1664E-05   -183.84
   85.00     50.00     -7.82   -15.54    -7.14      0.3753      9.64 LEFT    4.0002E-05   -252.47  1.6444E-05   -183.17
   90.00     50.00   -999.99  -999.99  -999.99      0.0000      0.00         3.1827E-15   -435.12  9.8896E-16   -362.72
    0.00     55.00     -3.64    -0.55     1.18      0.0000    -55.00 LINEAR  6.4690E-05   -395.74  9.2387E-05   -215.74
    5.00     55.00     -4.17    -0.51     1.04      0.0003    -56.72 LEFT    6.0886E-05   -392.98  9.2772E-05   -213.02
   10.00     55.00     -4.77    -0.46     0.91      0.0033    -58.68 LEFT    5.6821E-05   -390.07  9.3375E-05   -210.50
   15.00     55.00     -5.47    -0.39     0.79      0.0121    -60.89 LEFT    5.2436E-05   -386.54  9.4144E-05   -208.16
   20.00     55.00     -6.29    -0.31     0.67      0.0295    -63.38 LEFT    4.7677E-05   -381.77  9.4987E-05   -205.99
   25.00     55.00     -7.27    -0.24     0.55      0.0586    -66.20 LEFT    4.2601E-05   -374.89  9.5768E-05   -203.95
   30.00     55.00     -8.37    -0.19     0.43      0.1023    -69.37 LEFT    3.7552E-05   -364.62  9.6308E-05   -202.02
   35.00     55.00     -9.37    -0.18     0.31      0.1627    -72.93 LEFT    3.3452E-05   -349.40  9.6388E-05   -200.18
   40.00     55.00     -9.77    -0.24     0.22      0.2416    -76.99 LEFT    3.1964E-05   -328.97  9.5748E-05   -198.43
   45.00     55.00     -9.06    -0.39     0.16      0.3391    -81.74 LEFT    3.4665E-05   -307.12  9.4105E-05   -196.76
   50.00     55.00     -7.52    -0.66     0.15      0.4528    -87.72 LEFT    4.1428E-05   -289.17  9.1163E-05   -195.18
   55.00     55.00     -5.78    -1.11     0.17      0.5746     83.81 LEFT    5.0561E-05   -276.57  8.6634E-05   -193.69
   60.00     55.00     -4.29    -1.77     0.16      0.6802     70.07 LEFT    6.0067E-05   -268.10  8.0265E-05   -192.31
   65.00     55.00     -3.21    -2.73     0.05      0.7153     49.86 LEFT    6.8043E-05   -262.45  7.1864E-05   -191.05
   70.00     55.00     -2.64    -4.11    -0.30      0.6601     32.44 LEFT    7.2580E-05   -258.78  6.1331E-05   -189.93
   75.00     55.00     -2.77    -6.12    -1.12      0.5697     21.94 LEFT    7.1573E-05   -256.63  4.8674E-05   -188.97
   80.00     55.00     -3.96    -9.22    -2.83      0.4775     15.26 LEFT    6.2405E-05   -255.85  3.4033E-05   -188.18
   85.00     55.00     -7.58   -14.91    -6.84      0.3901     10.35 LEFT    4.1140E-05   -256.55  1.7677E-05   -187.56
   90.00     55.00   -999.99  -999.99  -999.99      0.0000      0.00         3.2721E-15   -439.27  1.0632E-15   -367.14
    0.00     60.00     -4.84    -0.07     1.18      0.0000    -60.00 LINEAR  5.6392E-05   -395.74  9.7674E-05   -215.74
    5.00     60.00     -5.45    -0.03     1.06      0.0003    -61.81 LEFT    5.2561E-05   -393.34  9.8051E-05   -213.38
   10.00     60.00     -6.14     0.02     0.96      0.0035    -63.82 LEFT    4.8511E-05   -390.72  9.8671E-05   -211.22
   15.00     60.00     -6.95     0.09     0.88      0.0125    -66.06 LEFT    4.4191E-05   -387.30  9.9479E-05   -209.24
   20.00     60.00     -7.91     0.17     0.80      0.0305    -68.54 LEFT    3.9579E-05   -382.30  1.0038E-04   -207.42
   25.00     60.00     -9.03     0.24     0.73      0.0600    -71.29 LEFT    3.4803E-05   -374.52  1.0122E-04   -205.73
   30.00     60.00    -10.21     0.30     0.67      0.1035    -74.35 LEFT    3.0390E-05   -362.20  1.0182E-04   -204.14
   35.00     60.00    -11.04     0.31     0.61      0.1628    -77.77 LEFT    2.7612E-05   -343.72  1.0194E-04   -202.65
   40.00     60.00    -10.81     0.25     0.58      0.2387    -81.65 LEFT    2.8364E-05   -320.81  1.0131E-04   -201.23
   45.00     60.00     -9.34     0.11     0.57      0.3306    -86.21 LEFT    3.3582E-05   -299.95  9.9618E-05   -199.88
   50.00     60.00     -7.35    -0.17     0.59      0.4358     88.07 LEFT    4.2201E-05   -285.02  9.6551E-05   -198.60
   55.00     60.00     -5.48    -0.60     0.62      0.5465     80.17 LEFT    5.2392E-05   -275.20  9.1800E-05   -197.38
   60.00     60.00     -3.96    -1.26     0.61      0.6427     68.17 LEFT    6.2406E-05   -268.75  8.5092E-05   -196.26
   65.00     60.00     -2.89    -2.22     0.47      0.6851     51.16 LEFT    7.0555E-05   -264.50  7.6221E-05   -195.22
   70.00     60.00     -2.35    -3.59     0.08      0.6511     34.76 LEFT    7.5042E-05   -261.78  6.5074E-05   -194.29
   75.00     60.00     -2.50    -5.60    -0.77      0.5742     23.61 LEFT    7.3810E-05   -260.28  5.1661E-05   -193.47
   80.00     60.00     -3.71    -8.70    -2.51      0.4871     16.30 LEFT    6.4233E-05   -259.92  3.6129E-05   -192.79
   85.00     60.00     -7.34   -14.39    -6.55      0.4006     10.97 LEFT    4.2296E-05   -260.86  1.8769E-05   -192.24
   90.00     60.00   -999.99  -999.99  -999.99      0.0000      0.00         3.3628E-15   -443.66  1.1289E-15   -371.84
    0.00     65.00     -6.30     0.33     1.18      0.0000    -65.00 LINEAR  4.7665E-05   -395.74  1.0222E-04   -215.74
    5.00     65.00     -7.03     0.36     1.09      0.0003    -66.87 LEFT    4.3811E-05   -393.71  1.0258E-04   -213.76
   10.00     65.00     -7.87     0.41     1.01      0.0036    -68.92 LEFT    3.9777E-05   -391.36  1.0320E-04   -211.97
   15.00     65.00     -8.85     0.48     0.96      0.0129    -71.16 LEFT    3.5527E-05   -387.96  1.0404E-04   -210.37
   20.00     65.00    -10.01     0.56     0.93      0.0311    -73.59 LEFT    3.1078E-05   -382.37  1.0498E-04   -208.92
   25.00     65.00    -11.34     0.63     0.90      0.0608    -76.26 LEFT    2.6680E-05   -372.80  1.0587E-04   -207.60
   30.00     65.00    -12.56     0.69     0.89      0.1039    -79.18 LEFT    2.3175E-05   -356.72  1.0652E-04   -206.39
   35.00     65.00    -12.87     0.70     0.89      0.1619    -82.42 LEFT    2.2352E-05   -333.45  1.0667E-04   -205.25
   40.00     65.00    -11.58     0.65     0.90      0.2349    -86.09 LEFT    2.5942E-05   -309.49  1.0605E-04   -204.18
   45.00     65.00     -9.33     0.51     0.93      0.3221     89.59 LEFT    3.3608E-05   -292.02  1.0431E-04   -203.17
   50.00     65.00     -7.05     0.24     0.98      0.4203     84.18 LEFT    4.3705E-05   -281.02  1.0114E-04   -202.20
   55.00     65.00     -5.11    -0.20     1.02      0.5222     76.83 LEFT    5.4646E-05   -274.11  9.6206E-05   -201.28
   60.00     65.00     -3.61    -0.85     1.00      0.6113     66.14 LEFT    6.4980E-05   -269.66  8.9212E-05   -200.42
   65.00     65.00     -2.57    -1.81     0.84      0.6572     51.41 LEFT    7.3188E-05   -266.76  7.9940E-05   -199.62
   70.00     65.00     -2.07    -3.18     0.42      0.6380     36.24 LEFT    7.7560E-05   -264.98  6.8271E-05   -198.88
   75.00     65.00     -2.24    -5.18    -0.45      0.5733     24.89 LEFT    7.6066E-05   -264.13  5.4214E-05   -198.22
   80.00     65.00     -3.46    -8.28    -2.23      0.4920     17.14 LEFT    6.6062E-05   -264.20  3.7922E-05   -197.65
   85.00     65.00     -7.10   -13.97    -6.29      0.4071     11.49 LEFT    4.3448E-05   -265.37  1.9702E-05   -197.17
   90.00     65.00   -999.99  -999.99  -999.99      0.0000      0.00         3.4530E-15   -448.25  1.1852E-15   -376.79
    0.00     70.00     -8.14     0.64     1.18      0.0000    -70.00 LINEAR  3.8574E-05   -395.74  1.0598E-04   -215.74
    5.00     70.00     -9.05     0.67     1.11      0.0003    -71.92 LEFT    3.4703E-05   -394.10  1.0632E-04   -214.15
   10.00     70.00    -10.12     0.72     1.07      0.0036    -73.99 LEFT    3.0689E-05   -391.98  1.0694E-04   -212.76
   15.00     70.00    -11.39     0.79     1.05      0.0131    -76.20 LEFT    2.6516E-05   -388.31  1.0779E-04   -211.55
   20.00     70.00    -12.91     0.87     1.05      0.0315    -78.56 LEFT    2.2267E-05   -381.29  1.0875E-04   -210.49
   25.00     70.00    -14.55     0.94     1.06      0.0611    -81.10 LEFT    1.8430E-05   -367.70  1.0968E-04   -209.56
   30.00     70.00    -15.52     1.00     1.09      0.1037    -83.86 LEFT    1.6490E-05   -344.15  1.1036E-04   -208.73
   35.00     70.00    -14.43     1.01     1.13      0.1602    -86.90 LEFT    1.8693E-05   -316.17  1.1054E-04   -207.97
   40.00     70.00    -11.78     0.96     1.18      0.2306     89.66 LEFT    2.5353E-05   -295.88  1.0991E-04   -207.27
   45.00     70.00     -9.00     0.82     1.25      0.3136     85.60 LEFT    3.4912E-05   -284.19  1.0814E-04   -206.60
   50.00     70.00     -6.61     0.55     1.32      0.4061     80.51 LEFT    4.5953E-05   -277.47  1.0488E-04   -205.97
   55.00     70.00     -4.70     0.12     1.36      0.5010     73.67 LEFT    5.7306E-05   -273.39  9.9792E-05   -205.36
   60.00     70.00     -3.24    -0.53     1.33      0.5844     64.00 LEFT    6.7757E-05   -270.83  9.2564E-05   -204.77
   65.00     70.00     -2.26    -1.48     1.16      0.6315     50.96 LEFT    7.5906E-05   -269.24  8.2967E-05   -204.21
   70.00     70.00     -1.79    -2.85     0.72      0.6226     37.00 LEFT    8.0093E-05   -268.38  7.0874E-05   -203.68
   75.00     70.00     -1.99    -4.85    -0.18      0.5681     25.77 LEFT    7.8299E-05   -268.17  5.6292E-05   -203.19
   80.00     70.00     -3.23    -7.96    -1.97      0.4925     17.77 LEFT    6.7854E-05   -268.66  3.9382E-05   -202.73
   85.00     70.00     -6.88   -13.64    -6.05      0.4099     11.89 LEFT    4.4571E-05   -270.07  2.0463E-05   -202.33
   90.00     70.00   -999.99  -999.99  -999.99      0.0000      0.00         3.5407E-15   -453.03  1.2308E-15   -381.97
    0.00     75.00    -10.56     0.88     1.18      0.0000    -75.00 LINEAR  2.9191E-05   -395.74  1.0894E-04   -215.74
    5.00     75.00    -11.80     0.91     1.13      0.0003    -76.96 LEFT    2.5307E-05   -394.49  1.0925E-04   -214.56
   10.00     75.00    -13.29     0.96     1.12      0.0037    -79.02 LEFT    2.1319E-05   -392.45  1.0985E-04   -213.58
   15.00     75.00    -15.13     1.02     1.13      0.0132    -81.18 LEFT    1.7237E-05   -387.79  1.1070E-04   -212.77
   20.00     75.00    -17.38     1.10     1.16      0.0316    -83.45 LEFT    1.3299E-05   -376.53  1.1167E-04   -212.12
   25.00     75.00    -19.29     1.17     1.21      0.0610    -85.85 LEFT    1.0675E-05   -351.32  1.1261E-04   -211.59
   30.00     75.00    -18.23     1.22     1.27      0.1028    -88.42 LEFT    1.2063E-05   -316.01  1.1331E-04   -211.16
   35.00     75.00    -14.71     1.24     1.35      0.1579     88.76 LEFT    1.8085E-05   -293.17  1.1349E-04   -210.79
   40.00     75.00    -11.25     1.19     1.43      0.2258     85.56 LEFT    2.6947E-05   -282.49  1.1285E-04   -210.47
   45.00     75.00     -8.38     1.05     1.52      0.3052     81.76 LEFT    3.7482E-05   -277.31  1.1105E-04   -210.17
   50.00     75.00     -6.08     0.78     1.60      0.3928     76.99 LEFT    4.8897E-05   -274.59  1.0772E-04   -209.88
   55.00     75.00     -4.25     0.35     1.65      0.4822     70.61 LEFT    6.0329E-05   -273.09  1.0251E-04   -209.58
   60.00     75.00     -2.87    -0.30     1.61      0.5607     61.77 LEFT    7.0699E-05   -272.28  9.5102E-05   -209.28
   65.00     75.00     -1.95    -1.25     1.43      0.6079     50.02 LEFT    7.8667E-05   -271.93  8.5257E-05   -208.98
   70.00     75.00     -1.52    -2.61     0.98      0.6058     37.17 LEFT    8.2597E-05   -271.95  7.2842E-05   -208.66
   75.00     75.00     -1.75    -4.61     0.06      0.5595     26.26 LEFT    8.0467E-05   -272.36  5.7863E-05   -208.33
   80.00     75.00     -3.01    -7.72    -1.75      0.4894     18.18 LEFT    6.9574E-05   -273.27  4.0485E-05   -208.00
   85.00     75.00     -6.67   -13.40    -5.84      0.4093     12.17 LEFT    4.5641E-05   -274.92  2.1037E-05   -207.67
   90.00     75.00   -999.99  -999.99  -999.99      0.0000      0.00         3.6243E-15   -457.96  1.2655E-15   -387.34
    0.00     80.00    -14.02     1.05     1.18      0.0000    -80.00 LINEAR  1.9585E-05   -395.74  1.1107E-04   -215.74
    5.00     80.00    -15.95     1.07     1.16      0.0003    -81.98 LEFT    1.5696E-05   -394.87  1.1134E-04   -214.98
   10.00     80.00    -18.47     1.12     1.16      0.0037    -84.01 LEFT    1.1742E-05   -392.39  1.1192E-04   -214.42
   15.00     80.00    -22.01     1.18     1.20      0.0132    -86.11 LEFT    7.8115E-06   -382.99  1.1274E-04   -214.03
   20.00     80.00    -25.94     1.25     1.26      0.0314    -88.26 LEFT    4.9649E-06   -347.67  1.1371E-04   -213.79
   25.00     80.00    -22.96     1.33     1.34      0.0604     89.49 LEFT    7.0002E-06   -295.39  1.1464E-04   -213.68
   30.00     80.00    -17.54     1.38     1.43      0.1014     87.12 LEFT    1.3061E-05   -277.54  1.1533E-04   -213.65
   35.00     80.00    -13.40     1.39     1.53      0.1550     84.52 LEFT    2.1052E-05   -272.78  1.1551E-04   -213.69
   40.00     80.00    -10.17     1.34     1.64      0.2207     81.56 LEFT    3.0518E-05   -271.73  1.1485E-04   -213.76
   45.00     80.00     -7.57     1.20     1.74      0.2969     78.03 LEFT    4.1145E-05   -271.90  1.1301E-04   -213.83
   50.00     80.00     -5.47     0.94     1.83      0.3804     73.56 LEFT    5.2441E-05   -272.50  1.0963E-04   -213.90
   55.00     80.00     -3.78     0.51     1.88      0.4650     67.61 LEFT    6.3656E-05   -273.24  1.0433E-04   -213.93
   60.00     80.00     -2.50    -0.14     1.84      0.5394     59.44 LEFT    7.3759E-05   -274.01  9.6793E-05   -213.93
   65.00     80.00     -1.65    -1.09     1.65      0.5858     48.73 LEFT    8.1430E-05   -274.81  8.6778E-05   -213.88
   70.00     80.00     -1.27    -2.46     1.19      0.5880     36.87 LEFT    8.5034E-05   -275.67  7.4147E-05   -213.78
   75.00     80.00     -1.53    -4.46     0.26      0.5483     26.40 LEFT    8.2534E-05   -276.69  5.8903E-05   -213.63
   80.00     80.00     -2.81    -7.56    -1.56      0.4830     18.39 LEFT    7.1190E-05   -278.01  4.1215E-05   -213.42
   85.00     80.00     -6.49   -13.25    -5.66      0.4058     12.34 LEFT    4.6639E-05   -279.90  2.1417E-05   -213.17
   90.00     80.00   -999.99  -999.99  -999.99      0.0000      0.00         3.7018E-15   -463.01  1.2883E-15   -392.86
    0.00     85.00    -20.01     1.15     1.18      0.0000    -85.00 LINEAR  9.8298E-06   -395.74  1.1236E-04   -215.74
    5.00     85.00    -24.38     1.17     1.18      0.0003    -86.98 LEFT    5.9441E-06   -395.13  1.1258E-04   -215.41
   10.00     85.00    -33.58     1.21     1.21      0.0036    -88.98 LEFT    2.0611E-06   -383.72  1.1312E-04   -215.27
   15.00     85.00    -32.02     1.27     1.27      0.0131     89.01 LEFT    2.4675E-06   -252.49  1.1391E-04   -215.31
   20.00     85.00    -22.92     1.34     1.36      0.0311     86.98 LEFT    7.0277E-06   -246.11  1.1485E-04   -215.50
   25.00     85.00    -17.99     1.41     1.46      0.0595     84.91 LEFT    1.2401E-05   -249.85  1.1576E-04   -215.80
   30.00     85.00    -14.36     1.46     1.57      0.0995     82.74 LEFT    1.8829E-05   -254.91  1.1642E-04   -216.20
   35.00     85.00    -11.39     1.47     1.69      0.1516     80.37 LEFT    2.6522E-05   -259.89  1.1657E-04   -216.65
   40.00     85.00     -8.85     1.42     1.81      0.2151     77.65 LEFT    3.5523E-05   -264.32  1.1588E-04   -217.12
   45.00     85.00     -6.67     1.28     1.92      0.2885     74.38 LEFT    4.5652E-05   -268.09  1.1401E-04   -217.58
   50.00     85.00     -4.83     1.01     2.02      0.3684     70.20 LEFT    5.6461E-05   -271.23  1.1058E-04   -218.00
   55.00     85.00     -3.31     0.58     2.07      0.4490     64.63 LEFT    6.7216E-05   -273.83  1.0522E-04   -218.37
   60.00     85.00     -2.14    -0.07     2.03      0.5197     57.03 LEFT    7.6889E-05   -276.00  9.7618E-05   -218.67
   65.00     85.00     -1.36    -1.02     1.82      0.5647     47.17 LEFT    8.4154E-05   -277.87  8.7515E-05   -218.89
   70.00     85.00     -1.03    -2.39     1.35      0.5696     36.19 LEFT    8.7366E-05   -279.53  7.4774E-05   -219.01
   75.00     85.00     -1.33    -4.39     0.42      0.5347     26.24 LEFT    8.4467E-05   -281.13  5.9401E-05   -219.03
   80.00     85.00     -2.63    -7.49    -1.40      0.4738     18.40 LEFT    7.2676E-05   -282.84  4.1563E-05   -218.96
   85.00     85.00     -6.32   -13.17    -5.50      0.3995     12.40 LEFT    4.7547E-05   -284.97  2.1598E-05   -218.78
   90.00     85.00   -999.99  -999.99  -999.99      0.0000      0.00         3.7723E-15   -468.16  1.2992E-15   -398.50
    0.00     90.00   -999.99     1.18     1.18      0.0000     90.00 LINEAR  5.7558E-16   -215.74  1.1278E-04   -215.74
    5.00     90.00    -28.10     1.20     1.20      0.0002     88.04 LEFT    3.8749E-06   -216.25  1.1296E-04   -215.84
   10.00     90.00    -22.06     1.24     1.26      0.0036     86.09 LEFT    7.7648E-06   -219.15  1.1345E-04   -216.13
   15.00     90.00    -18.47     1.29     1.34      0.0129     84.17 LEFT    1.1743E-05   -223.86  1.1420E-04   -216.60
   20.00     90.00    -15.79     1.36     1.44      0.0305     82.28 LEFT    1.5984E-05   -230.13  1.1509E-04   -217.22
   25.00     90.00    -13.51     1.42     1.56      0.0582     80.39 LEFT    2.0770E-05   -237.49  1.1595E-04   -217.96
   30.00     90.00    -11.42     1.47     1.69      0.0972     78.42 LEFT    2.6441E-05   -245.29  1.1657E-04   -218.78
   35.00     90.00     -9.42     1.48     1.82      0.1477     76.27 LEFT    3.3286E-05   -252.88  1.1668E-04   -219.65
   40.00     90.00     -7.51     1.42     1.95      0.2092     73.80 LEFT    4.1431E-05   -259.76  1.1595E-04   -220.52
   45.00     90.00     -5.75     1.28     2.06      0.2800     70.78 LEFT    5.0751E-05   -265.71  1.1404E-04   -221.37
   50.00     90.00     -4.18     1.01     2.16      0.3568     66.88 LEFT    6.0827E-05   -270.71  1.1058E-04   -222.16
   55.00     90.00     -2.84     0.58     2.21      0.4338     61.64 LEFT    7.0934E-05   -274.84  1.0520E-04   -222.87
   60.00     90.00     -1.80    -0.07     2.16      0.5010     54.53 LEFT    8.0038E-05   -278.24  9.7577E-05   -223.48
   65.00     90.00     -1.09    -1.02     1.95      0.5442     45.40 LEFT    8.6801E-05   -281.08  8.7464E-05   -223.96
   70.00     90.00     -0.82    -2.39     1.48      0.5505     35.21 LEFT    8.9563E-05   -283.50  7.4723E-05   -224.31
   75.00     90.00     -1.15    -4.39     0.54      0.5193     25.81 LEFT    8.6241E-05   -285.66  5.9355E-05   -224.52
   80.00     90.00     -2.48    -7.49    -1.29      0.4622     18.23 LEFT    7.4012E-05   -287.75  4.1529E-05   -224.57
   85.00     90.00     -6.17   -13.18    -5.38      0.3908     12.35 LEFT    4.8352E-05   -290.11  2.1580E-05   -224.48
   90.00     90.00   -999.99  -999.99  -999.99      0.0000      0.00         3.8344E-15   -473.37  1.2981E-15   -404.22
    0.00     95.00    -20.01     1.15     1.18      0.0000     85.00 LINEAR  9.8298E-06   -215.74  1.1236E-04   -215.74
    5.00     95.00    -17.14     1.16     1.22      0.0002     83.06 LEFT    1.3685E-05   -216.38  1.1248E-04   -216.27
   10.00     95.00    -14.99     1.19     1.30      0.0035     81.19 LEFT    1.7514E-05   -218.31  1.1292E-04   -216.99
   15.00     95.00    -13.27     1.25     1.40      0.0125     79.38 LEFT    2.1355E-05   -221.85  1.1361E-04   -217.89
   20.00     95.00    -11.79     1.31     1.52      0.0297     77.63 LEFT    2.5325E-05   -227.03  1.1444E-04   -218.95
   25.00     95.00    -10.42     1.37     1.65      0.0567     75.91 LEFT    2.9649E-05   -233.65  1.1523E-04   -220.12
   30.00     95.00     -9.07     1.41     1.78      0.0945     74.14 LEFT    3.4645E-05   -241.30  1.1579E-04   -221.37
   35.00     95.00     -7.68     1.42     1.92      0.1434     72.22 LEFT    4.0640E-05   -249.39  1.1583E-04   -222.66
   40.00     95.00     -6.26     1.36     2.05      0.2029     69.99 LEFT    4.7842E-05   -257.29  1.1506E-04   -223.95
   45.00     95.00     -4.86     1.21     2.17      0.2712     67.20 LEFT    5.6217E-05   -264.53  1.1311E-04   -225.19
   50.00     95.00     -3.55     0.94     2.26      0.3451     63.56 LEFT    6.5411E-05   -270.86  1.0963E-04   -226.35
   55.00     95.00     -2.39     0.50     2.30      0.4189     58.63 LEFT    7.4733E-05   -276.22  1.0426E-04   -227.41
   60.00     95.00     -1.46    -0.15     2.25      0.4829     51.96 LEFT    8.3157E-05   -280.70  9.6682E-05   -228.32
   65.00     95.00     -0.84    -1.11     2.04      0.5240     43.46 LEFT    8.9339E-05   -284.42  8.6642E-05   -229.08
   70.00     95.00     -0.62    -2.48     1.56      0.5307     33.99 LEFT    9.1601E-05   -287.55  7.4005E-05   -229.66
   75.00     95.00     -0.99    -4.48     0.62      0.5022     25.15 LEFT    8.7837E-05   -290.24  5.8777E-05   -230.04
   80.00     95.00     -2.34    -7.58    -1.20      0.4484     17.90 LEFT    7.5184E-05   -292.71  4.1120E-05   -230.23
   85.00     95.00     -6.05   -13.27    -5.29      0.3799     12.19 LEFT    4.9047E-05   -295.28  2.1366E-05   -230.21
   90.00     95.00   -999.99  -999.99  -999.99      0.0000      0.00         3.8878E-15   -478.61  1.2852E-15   -409.99
    0.00    100.00    -14.02     1.05     1.18      0.0000     80.00 LINEAR  1.9585E-05   -215.74  1.1107E-04   -215.74
    5.00    100.00    -12.47     1.06     1.24      0.0002     78.10 LEFT    2.3411E-05   -216.76  1.1114E-04   -216.70
   10.00    100.00    -11.18     1.09     1.34      0.0034     76.31 LEFT    2.7175E-05   -218.69  1.1152E-04   -217.85
   15.00    100.00    -10.06     1.13     1.45      0.0121     74.61 LEFT    3.0892E-05   -221.90  1.1214E-04   -219.18
   20.00    100.00     -9.07     1.19     1.58      0.0287     73.01 LEFT    3.4635E-05   -226.54  1.1289E-04   -220.67
   25.00    100.00     -8.13     1.25     1.72      0.0548     71.47 LEFT    3.8578E-05   -232.61  1.1361E-04   -222.27
   30.00    100.00     -7.19     1.28     1.86      0.0913     69.91 LEFT    4.2995E-05   -239.88  1.1409E-04   -223.95
   35.00    100.00     -6.20     1.28     2.00      0.1386     68.20 LEFT    4.8210E-05   -247.96  1.1406E-04   -225.67
   40.00    100.00     -5.14     1.22     2.12      0.1961     66.19 LEFT    5.4482E-05   -256.27  1.1323E-04   -227.36
   45.00    100.00     -4.03     1.07     2.24      0.2622     63.63 LEFT    6.1867E-05   -264.28  1.1125E-04   -229.00
   50.00    100.00     -2.95     0.79     2.32      0.3334     60.23 LEFT    7.0097E-05   -271.57  1.0778E-04   -230.54
   55.00    100.00     -1.96     0.35     2.36      0.4040     55.58 LEFT    7.8541E-05   -277.93  1.0245E-04   -231.94
   60.00    100.00     -1.15    -0.31     2.30      0.4648     49.30 LEFT    8.6202E-05   -283.34  9.4964E-05   -233.16
   65.00    100.00     -0.61    -1.27     2.09      0.5036     41.37 LEFT    9.1739E-05   -287.87  8.5074E-05   -234.19
   70.00    100.00     -0.45    -2.64     1.60      0.5100     32.57 LEFT    9.3463E-05   -291.65  7.2647E-05   -235.00
   75.00    100.00     -0.85    -4.64     0.67      0.4835     24.30 LEFT    8.9246E-05   -294.84  5.7686E-05   -235.57
   80.00    100.00     -2.22    -7.74    -1.15      0.4327     17.42 LEFT    7.6189E-05   -297.67  4.0351E-05   -235.89
   85.00    100.00     -5.95   -13.43    -5.23      0.3672     11.94 LEFT    4.9631E-05   -300.45  2.0965E-05   -235.95
   90.00    100.00   -999.99  -999.99  -999.99      0.0000      0.00         3.9322E-15   -483.86  1.2611E-15   -415.75
    0.00    105.00    -10.56     0.88     1.18      0.0000     75.00 LINEAR  2.9191E-05   -215.74  1.0894E-04   -215.74
    5.00    105.00     -9.50     0.88     1.26      0.0002     73.16 LEFT    3.2980E-05   -217.16  1.0896E-04   -217.12
   10.00    105.00     -8.57     0.91     1.37      0.0032     71.45 LEFT    3.6669E-05   -219.31  1.0927E-04   -218.69
   15.00    105.00     -7.76     0.95     1.50      0.0117     69.88 LEFT    4.0257E-05   -222.52  1.0982E-04   -220.45
   20.00    105.00     -7.03     1.00     1.64      0.0276     68.43 LEFT    4.3786E-05   -226.98  1.1048E-04   -222.37
   25.00    105.00     -6.35     1.05     1.78      0.0526     67.06 LEFT    4.7383E-05   -232.77  1.1111E-04   -224.40
   30.00    105.00     -5.66     1.08     1.92      0.0878     65.69 LEFT    5.1278E-05   -239.78  1.1150E-04   -226.51
   35.00    105.00     -4.93     1.08     2.05      0.1334     64.19 LEFT    5.5775E-05   -247.76  1.1139E-04   -228.65
   40.00    105.00     -4.13     1.01     2.17      0.1889     62.39 LEFT    6.1158E-05   -256.26  1.1050E-04   -230.75
   45.00    105.00     -3.27     0.85     2.27      0.2527     60.05 LEFT    6.7552E-05   -264.75  1.0850E-04   -232.78
   50.00    105.00     -2.39     0.57     2.35      0.3213     56.87 LEFT    7.4783E-05   -272.74  1.0505E-04   -234.69
   55.00    105.00     -1.55     0.12     2.37      0.3889     52.49 LEFT    8.2294E-05   -279.92  9.9802E-05   -236.43
   60.00    105.00     -0.86    -0.54     2.31      0.4465     46.57 LEFT    8.9135E-05   -286.13  9.2464E-05   -237.97
   65.00    105.00     -0.40    -1.50     2.09      0.4827     39.16 LEFT    9.3982E-05   -291.38  8.2801E-05   -239.26
   70.00    105.00     -0.29    -2.87     1.62      0.4885     30.99 LEFT    9.5142E-05   -295.77  7.0683E-05   -240.30
   75.00    105.00     -0.73    -4.88     0.68      0.4634     23.29 LEFT    9.0467E-05   -299.44  5.6112E-05   -241.05
   80.00    105.00     -2.13    -7.99    -1.13      0.4152     16.81 LEFT    7.7027E-05   -302.61  3.9243E-05   -241.50
   85.00    105.00     -5.86   -13.67    -5.20      0.3526     11.59 LEFT    5.0104E-05   -305.59  2.0387E-05   -241.64
   90.00    105.00   -999.99  -999.99  -999.99      0.0000      0.00         3.9679E-15   -489.06  1.2263E-15   -421.47
    0.00    110.00     -8.14     0.64     1.18      0.0000     70.00 LINEAR  3.8574E-05   -215.74  1.0598E-04   -215.74
    5.00    110.00     -7.33     0.64     1.28      0.0002     68.23 LEFT    4.2318E-05   -217.56  1.0595E-04   -217.53
   10.00    110.00     -6.62     0.66     1.41      0.0031     66.61 LEFT    4.5924E-05   -220.00  1.0620E-04   -219.52
   15.00    110.00     -5.99     0.70     1.54      0.0111     65.17 LEFT    4.9376E-05   -223.37  1.0666E-04   -221.70
   20.00    110.00     -5.43     0.75     1.68      0.0263     63.86 LEFT    5.2690E-05   -227.84  1.0723E-04   -224.04
   25.00    110.00     -4.90     0.79     1.82      0.0502     62.66 LEFT    5.5956E-05   -233.53  1.0776E-04   -226.49
   30.00    110.00     -4.39     0.81     1.96      0.0839     61.47 LEFT    5.9364E-05   -240.41  1.0805E-04   -229.02
   35.00    110.00     -3.85     0.80     2.08      0.1277     60.17 LEFT    6.3190E-05   -248.32  1.0786E-04   -231.57
   40.00    110.00     -3.25     0.72     2.19      0.1812     58.57 LEFT    6.7729E-05   -256.92  1.0692E-04   -234.08
   45.00    110.00     -2.58     0.55     2.28      0.2427     56.44 LEFT    7.3156E-05   -265.74  1.0490E-04   -236.50
   50.00    110.00     -1.87     0.27     2.34      0.3086     53.48 LEFT    7.9382E-05   -274.27  1.0149E-04   -238.77
   55.00    110.00     -1.18    -0.18     2.36      0.3732     49.34 LEFT    8.5936E-05   -282.11  9.6367E-05   -240.85
   60.00    110.00     -0.59    -0.85     2.29      0.4276     43.77 LEFT    9.1925E-05   -289.02  8.9234E-05   -242.69
   65.00    110.00     -0.21    -1.81     2.07      0.4611     36.84 LEFT    9.6055E-05   -294.93  7.9871E-05   -244.26
   70.00    110.00     -0.16    -3.19     1.60      0.4659     29.28 LEFT    9.6635E-05   -299.88  6.8157E-05   -245.51
   75.00    110.00     -0.63    -5.20     0.67      0.4419     22.14 LEFT    9.1506E-05   -304.00  5.4091E-05   -246.44
   80.00    110.00     -2.05    -8.31    -1.13      0.3960     16.08 LEFT    7.7709E-05   -307.48  3.7822E-05   -247.02
   85.00    110.00     -5.80   -14.00    -5.19      0.3365     11.16 LEFT    5.0475E-05   -310.66  1.9646E-05   -247.24
   90.00    110.00   -999.99  -999.99  -999.99      0.0000      0.00         3.9955E-15   -134.20  1.1816E-15   -427.10
    0.00    115.00     -6.30     0.33     1.18      0.0000     65.00 LINEAR  4.7665E-05   -215.74  1.0222E-04   -215.74
    5.00    115.00     -5.65     0.32     1.30      0.0002     63.31 LEFT    5.1356E-05   -217.95  1.0214E-04   -217.93
   10.00    115.00     -5.07     0.34     1.44      0.0029     61.80 LEFT    5.4870E-05   -220.72  1.0232E-04   -220.32
   15.00    115.00     -4.57     0.37     1.58      0.0105     60.47 LEFT    5.8177E-05   -224.31  1.0270E-04   -222.91
   20.00    115.00     -4.12     0.41     1.72      0.0249     59.31 LEFT    6.1273E-05   -228.90  1.0317E-04   -225.66
   25.00    115.00     -3.71     0.45     1.86      0.0476     58.27 LEFT    6.4215E-05   -234.62  1.0359E-04   -228.53
   30.00    115.00     -3.32     0.46     1.98      0.0797     57.26 LEFT    6.7158E-05   -241.47  1.0379E-04   -231.47
   35.00    115.00     -2.92     0.44     2.09      0.1216     56.14 LEFT    7.0352E-05   -249.36  1.0352E-04   -234.42
   40.00    115.00     -2.47     0.36     2.18      0.1730     54.73 LEFT    7.4089E-05   -258.05  1.0253E-04   -237.33
   45.00    115.00     -1.95     0.18     2.26      0.2320     52.79 LEFT    7.8586E-05   -267.11  1.0052E-04   -240.13
   50.00    115.00     -1.39    -0.11     2.31      0.2952     50.03 LEFT    8.3825E-05   -276.06  9.7178E-05   -242.76
   55.00    115.00     -0.83    -0.57     2.31      0.3567     46.14 LEFT    8.9420E-05   -284.45  9.2207E-05   -245.17
   60.00    115.00     -0.35    -1.24     2.24      0.4078     40.89 LEFT    9.4547E-05   -291.97  8.5331E-05   -247.30
   65.00    115.00     -0.04    -2.21     2.02      0.4385     34.43 LEFT    9.7950E-05   -298.46  7.6340E-05   -249.13
   70.00    115.00     -0.04    -3.59     1.55      0.4420     27.45 LEFT    9.7949E-05   -303.93  6.5117E-05   -250.61
   75.00    115.00     -0.55    -5.60     0.63      0.4188     20.87 LEFT    9.2374E-05   -308.47  5.1662E-05   -251.71
   80.00    115.00     -1.99    -8.71    -1.15      0.3754     15.25 LEFT    7.8247E-05   -312.26  3.6115E-05   -252.41
   85.00    115.00     -5.75   -14.40    -5.20      0.3189     10.65 LEFT    5.0754E-05   -315.62  1.8757E-05   -252.71
   90.00    115.00   -999.99  -999.99  -999.99      0.0000      0.00         4.0156E-15   -139.22  1.1281E-15   -432.59
    0.00    120.00     -4.84    -0.07     1.18      0.0000     60.00 LINEAR  5.6392E-05   -215.74  9.7674E-05   -215.74
    5.00    120.00     -4.29    -0.08     1.32      0.0001     58.40 LEFT    6.0024E-05   -218.33  9.7555E-05   -218.31
   10.00    120.00     -3.81    -0.07     1.46      0.0027     57.00 LEFT    6.3438E-05   -221.43  9.7673E-05   -221.10
   15.00    120.00     -3.39    -0.04     1.61      0.0098     55.80 LEFT    6.6594E-05   -225.28  9.7967E-05   -224.08
   20.00    120.00     -3.03    -0.01     1.75      0.0233     54.77 LEFT    6.9467E-05   -230.06  9.8342E-05   -227.22
   25.00    120.00     -2.70     0.02     1.88      0.0448     53.88 LEFT    7.2090E-05   -235.87  9.8664E-05   -230.49
   30.00    120.00     -2.41     0.03     1.99      0.0752     53.03 LEFT    7.4585E-05   -242.77  9.8759E-05   -233.83
   35.00    120.00     -2.11     0.00     2.08      0.1151     52.09 LEFT    7.7179E-05   -250.70  9.8417E-05   -237.18
   40.00    120.00     -1.78    -0.09     2.16      0.1641     50.85 LEFT    8.0158E-05   -259.47  9.7389E-05   -240.47
   45.00    120.00     -1.40    -0.27     2.21      0.2205     49.10 LEFT    8.3768E-05   -268.73  9.5400E-05   -243.63
   50.00    120.00     -0.97    -0.57     2.25      0.2809     46.53 LEFT    8.8055E-05   -278.02  9.2160E-05   -246.61
   55.00    120.00     -0.52    -1.03     2.24      0.3391     42.87 LEFT    9.2711E-05   -286.88  8.7385E-05   -249.34
   60.00    120.00     -0.13    -1.71     2.16      0.3868     37.94 LEFT    9.6986E-05   -294.93  8.0820E-05   -251.76
   65.00    120.00      0.11    -2.68     1.94      0.4146     31.95 LEFT    9.9667E-05   -301.95  7.2266E-05   -253.84
   70.00    120.00      0.06    -4.07     1.48      0.4168     25.53 LEFT    9.9092E-05   -307.90  6.1616E-05   -255.53
   75.00    120.00     -0.48    -6.08     0.57      0.3944     19.50 LEFT    9.3089E-05   -312.82  4.8868E-05   -256.80
   80.00    120.00     -1.95    -9.19    -1.20      0.3532     14.34 LEFT    7.8658E-05   -316.90  3.4154E-05   -257.63
   85.00    120.00     -5.72   -14.88    -5.22      0.3000     10.07 LEFT    5.0951E-05   -320.43  1.7736E-05   -258.00
   90.00    120.00   -999.99  -999.99  -999.99      0.0000      0.00         4.0296E-15   -144.09  1.0667E-15   -437.90
    0.00    125.00     -3.64    -0.55     1.18      0.0000     55.00 LINEAR  6.4690E-05   -215.74  9.2387E-05   -215.74
    5.00    125.00     -3.18    -0.56     1.33      0.0001     53.50 LEFT    6.8258E-05   -218.69  9.2235E-05   -218.68
   10.00    125.00     -2.77    -0.56     1.49      0.0025     52.21 LEFT    7.1567E-05   -222.12  9.2293E-05   -221.83
   15.00    125.00     -2.41    -0.54     1.64      0.0091     51.13 LEFT    7.4566E-05   -226.25  9.2508E-05   -225.19
   20.00    125.00     -2.11    -0.51     1.77      0.0217     50.24 LEFT    7.7214E-05   -231.24  9.2790E-05   -228.71
   25.00    125.00     -1.85    -0.49     1.89      0.0417     49.49 LEFT    7.9520E-05   -237.20  9.3014E-05   -232.36
   30.00    125.00     -1.63    -0.49     1.99      0.0703     48.79 LEFT    8.1584E-05   -244.20  9.3021E-05   -236.08
   35.00    125.00     -1.42    -0.53     2.06      0.1080     47.99 LEFT    8.3609E-05   -252.20  9.2615E-05   -239.81
   40.00    125.00     -1.18    -0.63     2.11      0.1545     46.93 LEFT    8.5875E-05   -261.07  9.1566E-05   -243.46
   45.00    125.00     -0.91    -0.81     2.15      0.2082     45.34 LEFT    8.8648E-05   -270.51  8.9620E-05   -246.98
   50.00    125.00     -0.58    -1.12     2.17      0.2655     42.96 LEFT    9.2027E-05   -280.09  8.6509E-05   -250.29
   55.00    125.00     -0.24    -1.59     2.15      0.3203     39.53 LEFT    9.5781E-05   -289.35  8.1969E-05   -253.33
   60.00    125.00      0.07    -2.27     2.07      0.3644     34.94 LEFT    9.9229E-05   -297.86  7.5763E-05   -256.03
   65.00    125.00      0.24    -3.25     1.85      0.3893     29.40 LEFT    1.0121E-04   -305.35  6.7709E-05   -258.35
   70.00    125.00      0.15    -4.64     1.39      0.3902     23.54 LEFT    1.0008E-04   -311.73  5.7705E-05   -260.24
   75.00    125.00     -0.43    -6.65     0.50      0.3684     18.06 LEFT    9.3668E-05   -317.01  4.5751E-05   -261.67
   80.00    125.00     -1.91    -9.77    -1.25      0.3296     13.34 LEFT    7.8961E-05   -321.35  3.1968E-05   -262.62
   85.00    125.00     -5.70   -15.46    -5.26      0.2798      9.42 LEFT    5.1082E-05   -325.04  1.6598E-05   -263.06
   90.00    125.00   -999.99  -999.99  -999.99      0.0000      0.00         4.0383E-15   -148.75  9.9820E-16   -442.99
    0.00    130.00     -2.65    -1.13     1.18      0.0000     50.00 LINEAR  7.2496E-05   -215.74  8.6398E-05   -215.74
    5.00    130.00     -2.25    -1.15     1.35      0.0001     48.61 LEFT    7.5997E-05   -219.03  8.6219E-05   -219.02
   10.00    130.00     -1.89    -1.15     1.51      0.0023     47.43 LEFT    7.9196E-05   -222.78  8.6226E-05   -222.53
   15.00    130.00     -1.58    -1.13     1.66      0.0083     46.47 LEFT    8.2034E-05   -227.19  8.6368E-05   -226.24
   20.00    130.00     -1.33    -1.11     1.79      0.0199     45.71 LEFT    8.4457E-05   -232.41  8.6564E-05   -230.12
   25.00    130.00     -1.13    -1.10     1.90      0.0385     45.08 LEFT    8.6455E-05   -238.54  8.6699E-05   -234.13
   30.00    130.00     -0.96    -1.11     1.98      0.0651     44.51 LEFT    8.8105E-05   -245.67  8.6629E-05   -238.21
   35.00    130.00     -0.82    -1.15     2.03      0.1004     43.86 LEFT    8.9592E-05   -253.78  8.6172E-05   -242.30
   40.00    130.00     -0.66    -1.26     2.06      0.1442     42.94 LEFT    9.1190E-05   -262.76  8.5121E-05   -246.30
   45.00    130.00     -0.47    -1.45     2.07      0.1949     41.52 LEFT    9.3181E-05   -272.36  8.3243E-05   -250.15
   50.00    130.00     -0.24    -1.77     2.07      0.2488     39.32 LEFT    9.5709E-05   -282.19  8.0291E-05   -253.78
   55.00    130.00      0.02    -2.24     2.04      0.2999     36.13 LEFT    9.8610E-05   -291.79  7.6024E-05   -257.10
   60.00    130.00      0.25    -2.93     1.95      0.3403     31.87 LEFT    1.0127E-04   -300.70  7.0225E-05   -260.07
   65.00    130.00      0.36    -3.91     1.74      0.3622     26.80 LEFT    1.0258E-04   -308.62  6.2727E-05   -262.61
   70.00    130.00      0.22    -5.30     1.29      0.3619     21.49 LEFT    1.0092E-04   -315.39  5.3436E-05   -264.70
   75.00    130.00     -0.39    -7.32     0.41      0.3410     16.55 LEFT    9.4130E-05   -321.00  4.2353E-05   -266.28
   80.00    130.00     -1.89   -10.44    -1.32      0.3047     12.29 LEFT    7.9175E-05   -325.58  2.9586E-05   -267.34
   85.00    130.00     -5.68   -16.13    -5.31      0.2584      8.72 LEFT    5.1158E-05   -329.42  1.5359E-05   -267.85
   90.00    130.00   -999.99  -999.99  -999.99      0.0000      0.00         4.0427E-15   -153.18  9.2366E-16   -447.80
    0.00    135.00     -1.83    -1.83     1.18      0.0000     45.00 LINEAR  7.9751E-05   -215.74  7.9751E-05   -215.74
    5.00    135.00     -1.46    -1.85     1.36      0.0001     43.72 LEFT    8.3182E-05   -219.35  7.9554E-05   -219.34
   10.00    135.00     -1.14    -1.85     1.53      0.0020     42.67 LEFT    8.6270E-05   -223.40  7.9517E-05   -223.17
   15.00    135.00     -0.88    -1.84     1.68      0.0075     41.82 LEFT    8.8948E-05   -228.08  7.9596E-05   -227.21
   20.00    135.00     -0.67    -1.83     1.80      0.0181     41.17 LEFT    9.1149E-05   -233.53  7.9716E-05   -231.43
   25.00    135.00     -0.51    -1.82     1.90      0.0351     40.66 LEFT    9.2848E-05   -239.86  7.9775E-05   -235.78
   30.00    135.00     -0.39    -1.84     1.96      0.0597     40.21 LEFT    9.4105E-05   -247.13  7.9641E-05   -240.20
   35.00    135.00     -0.30    -1.89     1.99      0.0924     39.68 LEFT    9.5088E-05   -255.36  7.9152E-05   -244.62
   40.00    135.00     -0.21    -2.01     1.99      0.1332     38.90 LEFT    9.6067E-05   -264.46  7.8120E-05   -248.95
   45.00    135.00     -0.10    -2.21     1.99      0.1805     37.63 LEFT    9.7335E-05   -274.22  7.6334E-05   -253.12
   50.00    135.00      0.06    -2.53     1.97      0.2307     35.62 LEFT    9.9076E-05   -284.27  7.3572E-05   -257.03
   55.00    135.00      0.24    -3.01     1.92      0.2778     32.67 LEFT    1.0118E-04   -294.16  6.9615E-05   -260.63
   60.00    135.00      0.40    -3.70     1.83      0.3143     28.76 LEFT    1.0311E-04   -303.43  6.4267E-05   -263.84
   65.00    135.00      0.46    -4.69     1.62      0.3334     24.16 LEFT    1.0379E-04   -311.72  5.7377E-05   -266.60
   70.00    135.00      0.28    -6.08     1.18      0.3319     19.40 LEFT    1.0164E-04   -318.84  4.8858E-05   -268.87
   75.00    135.00     -0.35    -8.10     0.32      0.3120     14.98 LEFT    9.4494E-05   -324.74  3.8712E-05   -270.59
   80.00    135.00     -1.87   -11.22    -1.40      0.2784     11.17 LEFT    7.9318E-05   -329.54  2.7036E-05   -271.75
   85.00    135.00     -5.68   -16.92    -5.36      0.2359      7.97 LEFT    5.1193E-05   -333.52  1.4034E-05   -272.32
   90.00    135.00   -999.99  -999.99  -999.99      0.0000      0.00         4.0440E-15   -157.33  8.4388E-16   -452.29
    0.00    140.00     -1.13    -2.65     1.18      0.0000     40.00 LINEAR  8.6398E-05   -215.74  7.2496E-05   -215.74
    5.00    140.00     -0.80    -2.68     1.37      0.0001     38.85 LEFT    8.9760E-05   -219.64  7.2291E-05   -219.63
   10.00    140.00     -0.52    -2.69     1.54      0.0018     37.91 LEFT    9.2738E-05   -223.98  7.2221E-05   -223.76
   15.00    140.00     -0.28    -2.68     1.69      0.0067     37.18 LEFT    9.5260E-05   -228.91  7.2247E-05   -228.11
   20.00    140.00     -0.10    -2.68     1.81      0.0163     36.63 LEFT    9.7246E-05   -234.58  7.2304E-05   -232.64
   25.00    140.00      0.02    -2.68     1.89      0.0316     36.22 LEFT    9.8661E-05   -241.10  7.2301E-05   -237.30
   30.00    140.00      0.10    -2.70     1.93      0.0539     35.87 LEFT    9.9548E-05   -248.53  7.2119E-05   -242.03
   35.00    140.00      0.14    -2.76     1.94      0.0838     35.45 LEFT    1.0007E-04   -256.89  7.1617E-05   -246.76
   40.00    140.00      0.18    -2.88     1.92      0.1213     34.79 LEFT    1.0048E-04   -266.12  7.0626E-05   -251.39
   45.00    140.00      0.23    -3.09     1.89      0.1649     33.67 LEFT    1.0109E-04   -276.02  6.8958E-05   -255.84
   50.00    140.00      0.32    -3.42     1.85      0.2110     31.85 LEFT    1.0211E-04   -286.27  6.6416E-05   -260.03
   55.00    140.00      0.44    -3.90     1.80      0.2539     29.15 LEFT    1.0349E-04   -296.41  6.2804E-05   -263.88
   60.00    140.00      0.54    -4.60     1.70      0.2864     25.61 LEFT    1.0474E-04   -305.99  5.7947E-05   -267.32
   65.00    140.00      0.55    -5.59     1.50      0.3026     21.50 LEFT    1.0485E-04   -314.61  5.1710E-05   -270.27
   70.00    140.00      0.33    -6.99     1.07      0.3003     17.28 LEFT    1.0225E-04   -322.04  4.4015E-05   -272.70
   75.00    140.00     -0.33    -9.01     0.22      0.2816     13.38 LEFT    9.4778E-05   -328.20  3.4864E-05   -274.56
   80.00    140.00     -1.86   -12.13    -1.47      0.2509     10.02 LEFT    7.9407E-05   -333.20  2.4344E-05   -275.81
   85.00    140.00     -5.68   -17.83    -5.42      0.2123      7.18 LEFT    5.1196E-05   -337.30  1.2634E-05   -276.44
   90.00    140.00   -999.99  -999.99  -999.99      0.0000      0.00         4.0430E-15   -161.15  7.5972E-16   -456.43
    0.00    145.00     -0.55    -3.64     1.18      0.0000     35.00 LINEAR  9.2387E-05   -215.74  6.4690E-05   -215.74
    5.00    145.00     -0.24    -3.67     1.38      0.0001     33.98 LEFT    9.5683E-05   -219.91  6.4485E-05   -219.90
   10.00    145.00      0.01    -3.68     1.56      0.0016     33.16 LEFT    9.8555E-05   -224.49  6.4393E-05   -224.30
   15.00    145.00      0.22    -3.69     1.70      0.0059     32.53 LEFT    1.0093E-04   -229.67  6.4379E-05   -228.92
   20.00    145.00      0.37    -3.69     1.81      0.0143     32.08 LEFT    1.0271E-04   -235.55  6.4386E-05   -233.73
   25.00    145.00      0.47    -3.69     1.88      0.0280     31.75 LEFT    1.0386E-04   -242.25  6.4335E-05   -238.67
   30.00    145.00      0.51    -3.72     1.90      0.0479     31.49 LEFT    1.0441E-04   -249.84  6.4125E-05   -243.69
   35.00    145.00      0.52    -3.79     1.89      0.0748     31.17 LEFT    1.0450E-04   -258.33  6.3629E-05   -248.69
   40.00    145.00      0.51    -3.92     1.85      0.1087     30.62 LEFT    1.0440E-04   -267.68  6.2701E-05   -253.60
   45.00    145.00      0.51    -4.13     1.80      0.1481     29.64 LEFT    1.0442E-04   -277.72  6.1177E-05   -258.31
   50.00    145.00      0.55    -4.46     1.74      0.1897     28.01 LEFT    1.0480E-04   -288.14  5.8884E-05   -262.75
   55.00    145.00      0.61    -4.95     1.67      0.2279     25.59 LEFT    1.0554E-04   -298.50  5.5649E-05   -266.82
   60.00    145.00      0.66    -5.66     1.57      0.2564     22.43 LEFT    1.0618E-04   -308.34  5.1319E-05   -270.46
   65.00    145.00      0.63    -6.65     1.37      0.2700     18.81 LEFT    1.0576E-04   -317.25  4.5775E-05   -273.59
   70.00    145.00      0.37    -8.05     0.96      0.2671     15.13 LEFT    1.0275E-04   -324.95  3.8949E-05   -276.17
   75.00    145.00     -0.31   -10.08     0.13      0.2499     11.75 LEFT    9.4996E-05   -331.35  3.0843E-05   -278.15
   80.00    145.00     -1.86   -13.20    -1.55      0.2223      8.83 LEFT    7.9455E-05   -336.52  2.1531E-05   -279.48
   85.00    145.00     -5.68   -18.90    -5.48      0.1879      6.35 LEFT    5.1179E-05   -340.73  1.1174E-05   -280.16
   90.00    145.00   -999.99  -999.99  -999.99      0.0000      0.00         4.0405E-15   -164.61  6.7182E-16   -460.17
    0.00    150.00     -0.07    -4.84     1.18      0.0000     30.00 LINEAR  9.7674E-05   -215.74  5.6392E-05   -215.74
    5.00    150.00      0.22    -4.87     1.39      0.0000     29.11 LEFT    1.0091E-04   -220.14  5.6196E-05   -220.13
   10.00    150.00      0.45    -4.88     1.57      0.0013     28.41 LEFT    1.0368E-04   -224.95  5.6092E-05   -224.77
   15.00    150.00      0.64    -4.89     1.71      0.0051     27.89 LEFT    1.0591E-04   -230.34  5.6050E-05   -229.63
   20.00    150.00      0.77    -4.89     1.81      0.0124     27.52 LEFT    1.0751E-04   -236.42  5.6022E-05   -234.69
   25.00    150.00      0.84    -4.91     1.87      0.0242     27.27 LEFT    1.0842E-04   -243.29  5.5940E-05   -239.89
   30.00    150.00      0.86    -4.94     1.87      0.0416     27.08 LEFT    1.0866E-04   -251.02  5.5719E-05   -245.15
   35.00    150.00      0.84    -5.01     1.84      0.0652     26.83 LEFT    1.0837E-04   -259.64  5.5249E-05   -250.41
   40.00    150.00      0.79    -5.15     1.78      0.0951     26.39 LEFT    1.0782E-04   -269.11  5.4407E-05   -255.55
   45.00    150.00      0.75    -5.37     1.70      0.1300     25.54 LEFT    1.0732E-04   -279.27  5.3051E-05   -260.50
   50.00    150.00      0.74    -5.70     1.63      0.1666     24.11 LEFT    1.0714E-04   -289.84  5.1032E-05   -265.15
   55.00    150.00      0.75    -6.20     1.55      0.2000     21.99 LEFT    1.0731E-04   -300.39  4.8203E-05   -269.43
   60.00    150.00      0.76    -6.91     1.45      0.2244     19.24 LEFT    1.0741E-04   -310.46  4.4432E-05   -273.24
   65.00    150.00      0.69    -7.90     1.25      0.2354     16.12 LEFT    1.0654E-04   -319.60  3.9617E-05   -276.54
   70.00    150.00      0.41    -9.31     0.85      0.2322     12.97 LEFT    1.0317E-04   -327.54  3.3698E-05   -279.24
   75.00    150.00     -0.29   -11.34     0.04      0.2168     10.10 LEFT    9.5162E-05   -334.14  2.6678E-05   -281.32
   80.00    150.00     -1.86   -14.46    -1.62      0.1926      7.61 LEFT    7.9474E-05   -339.47  1.8621E-05   -282.74
   85.00    150.00     -5.68   -20.16    -5.53      0.1626      5.49 LEFT    5.1150E-05   -343.77  9.6618E-06   -283.46
   90.00    150.00   -999.99  -999.99  -999.99      0.0000      0.00         4.0370E-15   -167.68  5.8093E-16   -463.49
    0.00    155.00      0.33    -6.30     1.18      0.0000     25.00 LINEAR  1.0222E-04   -215.74  4.7665E-05   -215.74
    5.00    155.00      0.60    -6.33     1.40      0.0000     24.25 LEFT    1.0539E-04   -220.34  4.7487E-05   -220.33
   10.00    155.00      0.81    -6.35     1.58      0.0011     23.67 LEFT    1.0808E-04   -225.35  4.7381E-05   -225.18
   15.00    155.00      0.98    -6.36     1.72      0.0042     23.24 LEFT    1.1018E-04   -230.92  4.7323E-05   -230.25
   20.00    155.00      1.09    -6.37     1.81      0.0103     22.95 LEFT    1.1161E-04   -237.17  4.7274E-05   -235.52
   25.00    155.00      1.15    -6.39     1.85      0.0203     22.76 LEFT    1.1231E-04   -244.20  4.7178E-05   -240.93
   30.00    155.00      1.15    -6.43     1.85      0.0351     22.63 LEFT    1.1228E-04   -252.06  4.6962E-05   -246.42
   35.00    155.00      1.10    -6.50     1.79      0.0552     22.45 LEFT    1.1167E-04   -260.80  4.6538E-05   -251.88
   40.00    155.00      1.02    -6.64     1.71      0.0808     22.09 LEFT    1.1073E-04   -270.37  4.5802E-05   -257.24
   45.00    155.00      0.95    -6.87     1.61      0.1106     21.39 LEFT    1.0979E-04   -280.64  4.4635E-05   -262.38
   50.00    155.00      0.90    -7.21     1.52      0.1419     20.17 LEFT    1.0913E-04   -291.34  4.2915E-05   -267.23
   55.00    155.00      0.87    -7.71     1.44      0.1702     18.36 LEFT    1.0880E-04   -302.05  4.0518E-05   -271.67
   60.00    155.00      0.84    -8.42     1.33      0.1904     16.03 LEFT    1.0845E-04   -312.30  3.7333E-05   -275.65
   65.00    155.00      0.74    -9.42     1.14      0.1992     13.42 LEFT    1.0719E-04   -321.65  3.3275E-05   -279.07
   70.00    155.00      0.44   -10.83     0.75      0.1959     10.81 LEFT    1.0351E-04   -329.78  2.8296E-05   -281.89
   75.00    155.00     -0.28   -12.86    -0.05      0.1826      8.43 LEFT    9.5286E-05   -336.55  2.2396E-05   -284.06
   80.00    155.00     -1.86   -15.98    -1.69      0.1620      6.37 LEFT    7.9476E-05   -342.01  1.5629E-05   -285.54
   85.00    155.00     -5.69   -21.68    -5.58      0.1366      4.61 LEFT    5.1114E-05   -346.39  8.1090E-06   -286.30
   90.00    155.00   -999.99  -999.99  -999.99      0.0000      0.00         4.0333E-15   -170.33  4.8754E-16   -466.34
    0.00    160.00      0.64    -8.14     1.18      0.0000     20.00 LINEAR  1.0598E-04   -215.74  3.8574E-05   -215.74
    5.00    160.00      0.90    -8.17     1.40      0.0000     19.40 LEFT    1.0911E-04   -220.50  3.8422E-05   -220.50
   10.00    160.00      1.10    -8.19     1.58      0.0009     18.93 LEFT    1.1172E-04   -225.68  3.8324E-05   -225.51
   15.00    160.00      1.26    -8.21     1.72      0.0034     18.60 LEFT    1.1371E-04   -231.41  3.8263E-05   -230.76
   20.00    160.00      1.35    -8.22     1.81      0.0083     18.37 LEFT    1.1500E-04   -237.80  3.8206E-05   -236.21
   25.00    160.00      1.39    -8.24     1.84      0.0164     18.24 LEFT    1.1551E-04   -244.96  3.8109E-05   -241.80
   30.00    160.00      1.37    -8.28     1.82      0.0283     18.15 LEFT    1.1526E-04   -252.94  3.7915E-05   -247.47
   35.00    160.00      1.31    -8.37     1.75      0.0447     18.02 LEFT    1.1438E-04   -261.77  3.7554E-05   -253.11
   40.00    160.00      1.21    -8.51     1.65      0.0656     17.74 LEFT    1.1312E-04   -271.44  3.6941E-05   -258.64
   45.00    160.00      1.11    -8.74     1.54      0.0901     17.18 LEFT    1.1181E-04   -281.80  3.5984E-05   -263.95
   50.00    160.00      1.03    -9.08     1.43      0.1157     16.18 LEFT    1.1075E-04   -292.60  3.4582E-05   -268.95
   55.00    160.00      0.97    -9.59     1.34      0.1385     14.71 LEFT    1.1003E-04   -303.45  3.2638E-05   -273.54
   60.00    160.00      0.91   -10.30     1.23      0.1547     12.82 LEFT    1.0930E-04   -313.85  3.0062E-05   -277.64
   65.00    160.00      0.78   -11.30     1.04      0.1614     10.72 LEFT    1.0771E-04   -323.36  2.6787E-05   -281.18
   70.00    160.00      0.46   -12.71     0.66      0.1584      8.64 LEFT    1.0377E-04   -331.65  2.2773E-05   -284.09
   75.00    160.00     -0.27   -14.75    -0.12      0.1473      6.75 LEFT    9.5376E-05   -338.56  1.8021E-05   -286.33
   80.00    160.00     -1.86   -17.87    -1.75      0.1306      5.11 LEFT    7.9467E-05   -344.12  1.2575E-05   -287.86
   85.00    160.00     -5.70   -23.57    -5.63      0.1100      3.71 LEFT    5.1079E-05   -348.57  6.5236E-06   -288.66
   90.00    160.00   -999.99  -999.99  -999.99      0.0000      0.00         4.0297E-15   -172.53  3.9221E-16   -468.71
    0.00    165.00      0.88   -10.56     1.18      0.0000     15.00 LINEAR  1.0894E-04   -215.74  2.9191E-05   -215.74
    5.00    165.00      1.13   -10.59     1.41      0.0000     14.55 LEFT    1.1203E-04   -220.64  2.9070E-05   -220.63
   10.00    165.00      1.32   -10.62     1.59      0.0007     14.20 LEFT    1.1457E-04   -225.94  2.8989E-05   -225.78
   15.00    165.00      1.46   -10.63     1.72      0.0026     13.95 LEFT    1.1648E-04   -231.79  2.8933E-05   -231.16
   20.00    165.00      1.55   -10.65     1.81      0.0062     13.79 LEFT    1.1766E-04   -238.30  2.8880E-05   -236.75
   25.00    165.00      1.58   -10.67     1.83      0.0123     13.69 LEFT    1.1802E-04   -245.56  2.8795E-05   -242.49
   30.00    165.00      1.55   -10.72     1.80      0.0214     13.64 LEFT    1.1759E-04   -253.63  2.8637E-05   -248.29
   35.00    165.00      1.47   -10.81     1.71      0.0339     13.55 LEFT    1.1649E-04   -262.55  2.8353E-05   -254.08
   40.00    165.00      1.35   -10.96     1.60      0.0499     13.35 LEFT    1.1498E-04   -272.29  2.7879E-05   -259.74
   45.00    165.00      1.23   -11.19     1.47      0.0686     12.92 LEFT    1.1338E-04   -282.73  2.7147E-05   -265.18
   50.00    165.00      1.12   -11.53     1.35      0.0881     12.17 LEFT    1.1202E-04   -293.61  2.6081E-05   -270.30
   55.00    165.00      1.04   -12.04     1.25      0.1054     11.04 LEFT    1.1098E-04   -304.55  2.4607E-05   -275.01
   60.00    165.00      0.96   -12.76     1.14      0.1174      9.61 LEFT    1.0996E-04   -315.07  2.2659E-05   -279.21
   65.00    165.00      0.82   -13.76     0.97      0.1222      8.04 LEFT    1.0811E-04   -324.71  2.0186E-05   -282.83
   70.00    165.00      0.48   -15.17     0.59      0.1198      6.48 LEFT    1.0398E-04   -333.12  1.7158E-05   -285.82
   75.00    165.00     -0.27   -17.21    -0.18      0.1113      5.07 LEFT    9.5440E-05   -340.14  1.3576E-05   -288.12
   80.00    165.00     -1.86   -20.33    -1.80      0.0985      3.84 LEFT    7.9454E-05   -345.78  9.4716E-06   -289.69
   85.00    165.00     -5.70   -26.03    -5.66      0.0830      2.79 LEFT    5.1046E-05   -350.28  4.9134E-06   -290.52
   90.00    165.00   -999.99  -999.99  -999.99      0.0000      0.00         4.0266E-15   -174.27  2.9539E-16   -470.57
    0.00    170.00      1.05   -14.02     1.18      0.0000     10.00 LINEAR  1.1107E-04   -215.74  1.9585E-05   -215.74
    5.00    170.00      1.29   -14.06     1.41      0.0000      9.70 LEFT    1.1413E-04   -220.73  1.9501E-05   -220.72
   10.00    170.00      1.47   -14.09     1.59      0.0004      9.47 LEFT    1.1663E-04   -226.12  1.9444E-05   -225.97
   15.00    170.00      1.61   -14.10     1.73      0.0017      9.30 LEFT    1.1847E-04   -232.06  1.9402E-05   -231.45
   20.00    170.00      1.69   -14.12     1.80      0.0042      9.19 LEFT    1.1956E-04   -238.66  1.9361E-05   -237.14
   25.00    170.00      1.71   -14.15     1.82      0.0083      9.14 LEFT    1.1982E-04   -246.00  1.9298E-05   -242.98
   30.00    170.00      1.67   -14.20     1.78      0.0144      9.10 LEFT    1.1926E-04   -254.14  1.9187E-05   -248.89
   35.00    170.00      1.58   -14.29     1.69      0.0228      9.05 LEFT    1.1801E-04   -263.12  1.8991E-05   -254.77
   40.00    170.00      1.45   -14.44     1.56      0.0336      8.92 LEFT    1.1631E-04   -272.91  1.8668E-05   -260.54
   45.00    170.00      1.32   -14.67     1.42      0.0462      8.63 LEFT    1.1451E-04   -283.40  1.8173E-05   -266.07
   50.00    170.00      1.19   -15.02     1.30      0.0594      8.12 LEFT    1.1292E-04   -294.35  1.7455E-05   -271.28
   55.00    170.00      1.10   -15.53     1.19      0.0710      7.37 LEFT    1.1166E-04   -305.36  1.6465E-05   -276.07
   60.00    170.00      1.00   -16.25     1.08      0.0790      6.41 LEFT    1.1042E-04   -315.96  1.5159E-05   -280.34
   65.00    170.00      0.84   -17.25     0.91      0.0821      5.35 LEFT    1.0839E-04   -325.69  1.3502E-05   -284.03
   70.00    170.00      0.49   -18.67     0.54      0.0803      4.32 LEFT    1.0412E-04   -334.19  1.1475E-05   -287.07
   75.00    170.00     -0.26   -20.70    -0.22      0.0745      3.38 LEFT    9.5482E-05   -341.28  9.0782E-06   -289.41
   80.00    170.00     -1.86   -23.83    -1.83      0.0659      2.57 LEFT    7.9441E-05   -346.98  6.3333E-06   -291.01
   85.00    170.00     -5.71   -29.53    -5.69      0.0555      1.87 LEFT    5.1021E-05   -351.52  3.2853E-06   -291.85
   90.00    170.00   -999.99  -999.99  -999.99      0.0000      0.00         4.0242E-15   -175.51  1.9751E-16   -471.91
    0.00    175.00      1.15   -20.01     1.18      0.0000      5.00 LINEAR  1.1236E-04   -215.74  9.8298E-06   -215.74
    5.00    175.00      1.38   -20.05     1.41      0.0000      4.85 LINEAR  1.1540E-04   -220.79  9.7872E-06   -220.78
   10.00    175.00      1.57   -20.07     1.60      0.0002      4.73 LEFT    1.1787E-04   -226.24  9.7571E-06   -226.08
   15.00    175.00      1.70   -20.09     1.73      0.0009      4.65 LEFT    1.1967E-04   -232.23  9.7348E-06   -231.63
   20.00    175.00      1.77   -20.11     1.80      0.0021      4.60 LEFT    1.2071E-04   -238.88  9.7126E-06   -237.38
   25.00    175.00      1.79   -20.14     1.82      0.0041      4.57 LEFT    1.2091E-04   -246.26  9.6797E-06   -243.28
   30.00    175.00      1.74   -20.20     1.77      0.0072      4.56 LEFT    1.2027E-04   -254.44  9.6220E-06   -249.25
   35.00    175.00      1.64   -20.29     1.67      0.0114      4.53 LEFT    1.1892E-04   -263.46  9.5219E-06   -255.19
   40.00    175.00      1.51   -20.44     1.54      0.0169      4.47 LEFT    1.1711E-04   -273.29  9.3587E-06   -261.02
   45.00    175.00      1.37   -20.67     1.39      0.0233      4.32 LEFT    1.1519E-04   -283.81  9.1089E-06   -266.61
   50.00    175.00      1.24   -21.02     1.26      0.0299      4.07 LEFT    1.1346E-04   -294.79  8.7477E-06   -271.87
   55.00    175.00      1.13   -21.53     1.15      0.0357      3.68 LEFT    1.1206E-04   -305.85  8.2505E-06   -276.71
   60.00    175.00      1.02   -22.25     1.04      0.0397      3.20 LEFT    1.1070E-04   -316.50  7.5950E-06   -281.02
   65.00    175.00      0.85   -23.26     0.87      0.0412      2.68 LEFT    1.0856E-04   -326.28  6.7642E-06   -284.75
   70.00    175.00      0.50   -24.67     0.51      0.0403      2.16 LEFT    1.0420E-04   -334.83  5.7483E-06   -287.82
   75.00    175.00     -0.26   -26.71    -0.25      0.0374      1.69 LEFT    9.5506E-05   -341.97  4.5473E-06   -290.19
   80.00    175.00     -1.86   -29.83    -1.85      0.0331      1.28 LEFT    7.9432E-05   -347.71  3.1723E-06   -291.81
   85.00    175.00     -5.71   -35.54    -5.70      0.0278      0.94 LEFT    5.1005E-05   -352.27  1.6455E-06   -292.66
   90.00    175.00   -999.99  -999.99  -999.99      0.0000      0.00         4.0226E-15   -176.27  9.8926E-17   -472.72
    0.00    180.00      1.18  -999.99     1.18      0.0000     -0.00 LINEAR  1.1278E-04   -215.74  1.1512E-15   -395.74
    5.00    180.00      1.41  -999.99     1.41      0.0000     -0.00 LINEAR  1.1582E-04   -220.80  1.1462E-15   -400.80
   10.00    180.00      1.60  -999.99     1.60      0.0000     -0.00 LINEAR  1.1828E-04   -226.28  1.1426E-15   -406.12
   15.00    180.00      1.73  -999.99     1.73      0.0000     -0.00 LINEAR  1.2007E-04   -232.29  1.1399E-15   -411.69
   20.00    180.00      1.80  -999.99     1.80      0.0000     -0.00 LINEAR  1.2109E-04   -238.95  1.1373E-15   -417.46
   25.00    180.00      1.81  -999.99     1.81      0.0000     -0.00 LINEAR  1.2127E-04   -246.35  1.1333E-15   -423.38
   30.00    180.00      1.77  -999.99     1.77      0.0000     -0.00 LINEAR  1.2060E-04   -254.55  1.1265E-15   -429.37
   35.00    180.00      1.67  -999.99     1.67      0.0000     -0.00 LINEAR  1.1922E-04   -263.58  1.1147E-15   -435.34
   40.00    180.00      1.53  -999.99     1.53      0.0000     -0.00 LINEAR  1.1738E-04   -273.41  1.0956E-15   -441.18
   45.00    180.00      1.38  -999.99     1.38      0.0000     -0.00 LINEAR  1.1541E-04   -283.95  1.0663E-15   -446.79
   50.00    180.00      1.25  -999.99     1.25      0.0000     -0.00 LINEAR  1.1364E-04   -294.94  1.0239E-15   -452.07
   55.00    180.00      1.14  -999.99     1.14      0.0000     -0.00 LINEAR  1.1220E-04   -306.01  9.6569E-16   -456.92
   60.00    180.00      1.03  -999.99     1.03      0.0000     -0.00 LINEAR  1.1080E-04   -316.68  8.8893E-16   -461.25
   65.00    180.00      0.86  -999.99     0.86      0.0000     -0.00 LINEAR  1.0862E-04   -326.48  7.9166E-16   -464.99
   70.00    180.00      0.50  -999.99     0.50      0.0000     -0.00 LINEAR  1.0423E-04   -335.05  6.7275E-16   -468.07
   75.00    180.00     -0.26  -999.99    -0.26      0.0000     -0.00 LINEAR  9.5514E-05   -342.20  5.3218E-16   -470.45
   80.00    180.00     -1.86  -999.99    -1.86      0.0000     -0.00 LINEAR  7.9429E-05   -347.95  3.7125E-16   -472.07
   85.00    180.00     -5.71  -999.99    -5.71      0.0000     -0.00 LINEAR  5.1000E-05   -352.52  1.9257E-16   -472.93
   90.00    180.00   -999.99  -999.99  -999.99      0.0000      0.00         4.0222E-15   -176.52  1.1577E-26   -292.99
    0.00    185.00      1.15   -20.01     1.18      0.0000     -5.00 LINEAR  1.1236E-04   -215.74  9.8298E-06   -395.74
    5.00    185.00      1.38   -20.05     1.41      0.0000     -4.85 LINEAR  1.1540E-04   -220.79  9.7872E-06   -400.78
   10.00    185.00      1.57   -20.07     1.60      0.0002     -4.73 RIGHT   1.1787E-04   -226.24  9.7571E-06   -406.08
   15.00    185.00      1.70   -20.09     1.73      0.0009     -4.65 RIGHT   1.1967E-04   -232.23  9.7348E-06   -411.63
   20.00    185.00      1.77   -20.11     1.80      0.0021     -4.60 RIGHT   1.2071E-04   -238.88  9.7126E-06   -417.38
   25.00    185.00      1.79   -20.14     1.82      0.0041     -4.57 RIGHT   1.2091E-04   -246.26  9.6797E-06   -423.28
   30.00    185.00      1.74   -20.20     1.77      0.0072     -4.56 RIGHT   1.2027E-04   -254.44  9.6220E-06   -429.25
   35.00    185.00      1.64   -20.29     1.67      0.0114     -4.53 RIGHT   1.1892E-04   -263.46  9.5219E-06   -435.19
   40.00    185.00      1.51   -20.44     1.54      0.0169     -4.47 RIGHT   1.1711E-04   -273.29  9.3587E-06   -441.02
   45.00    185.00      1.37   -20.67     1.39      0.0233     -4.32 RIGHT   1.1519E-04   -283.81  9.1089E-06   -446.61
   50.00    185.00      1.24   -21.02     1.26      0.0299     -4.07 RIGHT   1.1346E-04   -294.79  8.7477E-06   -451.87
   55.00    185.00      1.13   -21.53     1.15      0.0357     -3.68 RIGHT   1.1206E-04   -305.85  8.2505E-06   -456.71
   60.00    185.00      1.02   -22.25     1.04      0.0397     -3.20 RIGHT   1.1070E-04   -316.50  7.5950E-06   -461.02
   65.00    185.00      0.85   -23.26     0.87      0.0412     -2.68 RIGHT   1.0856E-04   -326.28  6.7642E-06   -464.75
   70.00    185.00      0.50   -24.67     0.51      0.0403     -2.16 RIGHT   1.0420E-04   -334.83  5.7483E-06   -467.82
   75.00    185.00     -0.26   -26.71    -0.25      0.0374     -1.69 RIGHT   9.5506E-05   -341.97  4.5473E-06   -470.19
   80.00    185.00     -1.86   -29.83    -1.85      0.0331     -1.28 RIGHT   7.9432E-05   -347.71  3.1723E-06   -471.81
   85.00    185.00     -5.71   -35.54    -5.70      0.0278     -0.94 RIGHT   5.1005E-05   -352.27  1.6455E-06   -472.66
   90.00    185.00   -999.99  -999.99  -999.99      0.0000      0.00         4.0226E-15   -176.27  9.8927E-17   -292.72
    0.00    190.00      1.05   -14.02     1.18      0.0000    -10.00 LINEAR  1.1107E-04   -215.74  1.9585E-05   -395.74
    5.00    190.00      1.29   -14.06     1.41      0.0000     -9.70 RIGHT   1.1413E-04   -220.73  1.9501E-05   -400.72
   10.00    190.00      1.47   -14.09     1.59      0.0004     -9.47 RIGHT   1.1663E-04   -226.12  1.9444E-05   -405.97
   15.00    190.00      1.61   -14.10     1.73      0.0017     -9.30 RIGHT   1.1847E-04   -232.06  1.9402E-05   -411.45
   20.00    190.00      1.69   -14.12     1.80      0.0042     -9.19 RIGHT   1.1956E-04   -238.66  1.9361E-05   -417.14
   25.00    190.00      1.71   -14.15     1.82      0.0083     -9.14 RIGHT   1.1982E-04   -246.00  1.9298E-05   -422.98
   30.00    190.00      1.67   -14.20     1.78      0.0144     -9.10 RIGHT   1.1926E-04   -254.14  1.9187E-05   -428.89
   35.00    190.00      1.58   -14.29     1.69      0.0228     -9.05 RIGHT   1.1801E-04   -263.12  1.8991E-05   -434.77
   40.00    190.00      1.45   -14.44     1.56      0.0336     -8.92 RIGHT   1.1631E-04   -272.91  1.8668E-05   -440.54
   45.00    190.00      1.32   -14.67     1.42      0.0462     -8.63 RIGHT   1.1451E-04   -283.40  1.8173E-05   -446.07
   50.00    190.00      1.19   -15.02     1.30      0.0594     -8.12 RIGHT   1.1292E-04   -294.35  1.7455E-05   -451.28
   55.00    190.00      1.10   -15.53     1.19      0.0710     -7.37 RIGHT   1.1166E-04   -305.36  1.6465E-05   -456.07
   60.00    190.00      1.00   -16.25     1.08      0.0790     -6.41 RIGHT   1.1042E-04   -315.96  1.5159E-05   -460.34
   65.00    190.00      0.84   -17.25     0.91      0.0821     -5.35 RIGHT   1.0839E-04   -325.69  1.3502E-05   -464.03
   70.00    190.00      0.49   -18.67     0.54      0.0803     -4.32 RIGHT   1.0412E-04   -334.19  1.1475E-05   -467.07
   75.00    190.00     -0.26   -20.70    -0.22      0.0745     -3.38 RIGHT   9.5482E-05   -341.28  9.0782E-06   -469.41
   80.00    190.00     -1.86   -23.83    -1.83      0.0659     -2.57 RIGHT   7.9441E-05   -346.98  6.3333E-06   -471.01
   85.00    190.00     -5.71   -29.53    -5.69      0.0555     -1.87 RIGHT   5.1021E-05   -351.52  3.2853E-06   -471.85
   90.00    190.00   -999.99  -999.99  -999.99      0.0000      0.00         4.0242E-15   -175.51  1.9751E-16   -291.91
    0.00    195.00      0.88   -10.56     1.18      0.0000    -15.00 LINEAR  1.0894E-04   -215.74  2.9191E-05   -395.74
    5.00    195.00      1.13   -10.59     1.41      0.0000    -14.55 RIGHT   1.1203E-04   -220.64  2.9070E-05   -400.63
   10.00    195.00      1.32   -10.62     1.59      0.0007    -14.20 RIGHT   1.1457E-04   -225.94  2.8989E-05   -405.78
   15.00    195.00      1.46   -10.63     1.72      0.0026    -13.95 RIGHT   1.1648E-04   -231.79  2.8933E-05   -411.16
   20.00    195.00      1.55   -10.65     1.81      0.0062    -13.79 RIGHT   1.1766E-04   -238.30  2.8880E-05   -416.75
   25.00    195.00      1.58   -10.67     1.83      0.0123    -13.69 RIGHT   1.1802E-04   -245.56  2.8795E-05   -422.49
   30.00    195.00      1.55   -10.72     1.80      0.0214    -13.64 RIGHT   1.1759E-04   -253.63  2.8637E-05   -428.29
   35.00    195.00      1.47   -10.81     1.71      0.0339    -13.55 RIGHT   1.1649E-04   -262.55  2.8353E-05   -434.08
   40.00    195.00      1.35   -10.96     1.60      0.0499    -13.35 RIGHT   1.1498E-04   -272.29  2.7879E-05   -439.74
   45.00    195.00      1.23   -11.19     1.47      0.0686    -12.92 RIGHT   1.1338E-04   -282.73  2.7147E-05   -445.18
   50.00    195.00      1.12   -11.53     1.35      0.0881    -12.17 RIGHT   1.1202E-04   -293.61  2.6081E-05   -450.30
   55.00    195.00      1.04   -12.04     1.25      0.1054    -11.04 RIGHT   1.1098E-04   -304.55  2.4607E-05   -455.01
   60.00    195.00      0.96   -12.76     1.14      0.1174     -9.61 RIGHT   1.0996E-04   -315.07  2.2659E-05   -459.21
   65.00    195.00      0.82   -13.76     0.97      0.1222     -8.04 RIGHT   1.0811E-04   -324.71  2.0186E-05   -462.83
   70.00    195.00      0.48   -15.17     0.59      0.1198     -6.48 RIGHT   1.0398E-04   -333.12  1.7158E-05   -465.82
   75.00    195.00     -0.27   -17.21    -0.18      0.1113     -5.07 RIGHT   9.5440E-05   -340.14  1.3576E-05   -468.12
   80.00    195.00     -1.86   -20.33    -1.80      0.0985     -3.84 RIGHT   7.9454E-05   -345.78  9.4716E-06   -469.69
   85.00    195.00     -5.70   -26.03    -5.66      0.0830     -2.79 RIGHT   5.1046E-05   -350.28  4.9134E-06   -470.52
   90.00    195.00   -999.99  -999.99  -999.99      0.0000      0.00         4.0266E-15   -174.27  2.9540E-16   -290.57
    0.00    200.00      0.64    -8.14     1.18      0.0000    -20.00 LINEAR  1.0598E-04   -215.74  3.8574E-05   -395.74
    5.00    200.00      0.90    -8.17     1.40      0.0000    -19.40 RIGHT   1.0911E-04   -220.50  3.8422E-05   -400.50
   10.00    200.00      1.10    -8.19     1.58      0.0009    -18.93 RIGHT   1.1172E-04   -225.68  3.8324E-05   -405.51
   15.00    200.00      1.26    -8.21     1.72      0.0034    -18.60 RIGHT   1.1371E-04   -231.41  3.8263E-05   -410.76
   20.00    200.00      1.35    -8.22     1.81      0.0083    -18.37 RIGHT   1.1500E-04   -237.80  3.8206E-05   -416.21
   25.00    200.00      1.39    -8.24     1.84      0.0164    -18.24 RIGHT   1.1551E-04   -244.96  3.8109E-05   -421.80
   30.00    200.00      1.37    -8.28     1.82      0.0283    -18.15 RIGHT   1.1526E-04   -252.94  3.7915E-05   -427.47
   35.00    200.00      1.31    -8.37     1.75      0.0447    -18.02 RIGHT   1.1438E-04   -261.77  3.7554E-05   -433.11
   40.00    200.00      1.21    -8.51     1.65      0.0656    -17.74 RIGHT   1.1312E-04   -271.44  3.6941E-05   -438.64
   45.00    200.00      1.11    -8.74     1.54      0.0901    -17.18 RIGHT   1.1181E-04   -281.80  3.5984E-05   -443.95
   50.00    200.00      1.03    -9.08     1.43      0.1157    -16.18 RIGHT   1.1075E-04   -292.60  3.4582E-05   -448.95
   55.00    200.00      0.97    -9.59     1.34      0.1385    -14.71 RIGHT   1.1003E-04   -303.45  3.2638E-05   -453.54
   60.00    200.00      0.91   -10.30     1.23      0.1547    -12.82 RIGHT   1.0930E-04   -313.85  3.0062E-05   -457.64
   65.00    200.00      0.78   -11.30     1.04      0.1614    -10.72 RIGHT   1.0771E-04   -323.36  2.6787E-05   -461.18
   70.00    200.00      0.46   -12.71     0.66      0.1584     -8.64 RIGHT   1.0377E-04   -331.65  2.2773E-05   -464.09
   75.00    200.00     -0.27   -14.75    -0.12      0.1473     -6.75 RIGHT   9.5376E-05   -338.56  1.8021E-05   -466.33
   80.00    200.00     -1.86   -17.87    -1.75      0.1306     -5.11 RIGHT   7.9467E-05   -344.12  1.2575E-05   -467.86
   85.00    200.00     -5.70   -23.57    -5.63      0.1100     -3.71 RIGHT   5.1079E-05   -348.57  6.5236E-06   -468.66
   90.00    200.00   -999.99  -999.99  -999.99      0.0000      0.00         4.0297E-15   -172.53  3.9221E-16   -288.71
    0.00    205.00      0.33    -6.30     1.18      0.0000    -25.00 LINEAR  1.0222E-04   -215.74  4.7665E-05   -395.74
    5.00    205.00      0.60    -6.33     1.40      0.0000    -24.25 RIGHT   1.0539E-04   -220.34  4.7487E-05   -400.33
   10.00    205.00      0.81    -6.35     1.58      0.0011    -23.67 RIGHT   1.0808E-04   -225.35  4.7381E-05   -405.18
   15.00    205.00      0.98    -6.36     1.72      0.0042    -23.24 RIGHT   1.1018E-04   -230.92  4.7323E-05   -410.25
   20.00    205.00      1.09    -6.37     1.81      0.0103    -22.95 RIGHT   1.1161E-04   -237.17  4.7274E-05   -415.52
   25.00    205.00      1.15    -6.39     1.85      0.0203    -22.76 RIGHT   1.1231E-04   -244.20  4.7178E-05   -420.93
   30.00    205.00      1.15    -6.43     1.85      0.0351    -22.63 RIGHT   1.1228E-04   -252.06  4.6962E-05   -426.42
   35.00    205.00      1.10    -6.50     1.79      0.0552    -22.45 RIGHT   1.1167E-04   -260.80  4.6538E-05   -431.88
   40.00    205.00      1.02    -6.64     1.71      0.0808    -22.09 RIGHT   1.1073E-04   -270.37  4.5802E-05   -437.24
   45.00    205.00      0.95    -6.87     1.61      0.1106    -21.39 RIGHT   1.0979E-04   -280.64  4.4635E-05   -442.38
   50.00    205.00      0.90    -7.21     1.52      0.1419    -20.17 RIGHT   1.0913E-04   -291.34  4.2915E-05   -447.23
   55.00    205.00      0.87    -7.71     1.44      0.1702    -18.36 RIGHT   1.0880E-04   -302.05  4.0518E-05   -451.67
   60.00    205.00      0.84    -8.42     1.33      0.1904    -16.03 RIGHT   1.0845E-04   -312.30  3.7333E-05   -455.65
   65.00    205.00      0.74    -9.42     1.14      0.1992    -13.42 RIGHT   1.0719E-04   -321.65  3.3275E-05   -459.07
   70.00    205.00      0.44   -10.83     0.75      0.1959    -10.81 RIGHT   1.0351E-04   -329.78  2.8296E-05   -461.89
   75.00    205.00     -0.28   -12.86    -0.05      0.1826     -8.43 RIGHT   9.5286E-05   -336.55  2.2396E-05   -464.06
   80.00    205.00     -1.86   -15.98    -1.69      0.1620     -6.37 RIGHT   7.9476E-05   -342.01  1.5629E-05   -465.54
   85.00    205.00     -5.69   -21.68    -5.58      0.1366     -4.61 RIGHT   5.1114E-05   -346.39  8.1090E-06   -466.30
   90.00    205.00   -999.99  -999.99  -999.99      0.0000      0.00         4.0334E-15   -170.33  4.8755E-16   -286.34
    0.00    210.00     -0.07    -4.84     1.18      0.0000    -30.00 LINEAR  9.7674E-05   -215.74  5.6392E-05   -395.74
    5.00    210.00      0.22    -4.87     1.39      0.0000    -29.11 RIGHT   1.0091E-04   -220.14  5.6196E-05   -400.13
   10.00    210.00      0.45    -4.88     1.57      0.0013    -28.41 RIGHT   1.0368E-04   -224.95  5.6092E-05   -404.77
   15.00    210.00      0.64    -4.89     1.71      0.0051    -27.89 RIGHT   1.0591E-04   -230.34  5.6050E-05   -409.63
   20.00    210.00      0.77    -4.89     1.81      0.0124    -27.52 RIGHT   1.0751E-04   -236.42  5.6022E-05   -414.69
   25.00    210.00      0.84    -4.91     1.87      0.0242    -27.27 RIGHT   1.0842E-04   -243.29  5.5940E-05   -419.89
   30.00    210.00      0.86    -4.94     1.87      0.0416    -27.08 RIGHT   1.0866E-04   -251.02  5.5719E-05   -425.15
   35.00    210.00      0.84    -5.01     1.84      0.0652    -26.83 RIGHT   1.0837E-04   -259.64  5.5249E-05   -430.41
   40.00    210.00      0.79    -5.15     1.78      0.0951    -26.39 RIGHT   1.0782E-04   -269.11  5.4407E-05   -435.55
   45.00    210.00      0.75    -5.37     1.70      0.1300    -25.54 RIGHT   1.0732E-04   -279.27  5.3051E-05   -440.50
   50.00    210.00      0.74    -5.70     1.63      0.1666    -24.11 RIGHT   1.0714E-04   -289.84  5.1032E-05   -445.15
   55.00    210.00      0.75    -6.20     1.55      0.2000    -21.99 RIGHT   1.0731E-04   -300.39  4.8203E-05   -449.43
   60.00    210.00      0.76    -6.91     1.45      0.2244    -19.24 RIGHT   1.0741E-04   -310.46  4.4432E-05   -453.24
   65.00    210.00      0.69    -7.90     1.25      0.2354    -16.12 RIGHT   1.0654E-04   -319.60  3.9617E-05   -456.54
   70.00    210.00      0.41    -9.31     0.85      0.2322    -12.97 RIGHT   1.0317E-04   -327.54  3.3698E-05   -459.24
   75.00    210.00     -0.29   -11.34     0.04      0.2168    -10.10 RIGHT   9.5162E-05   -334.14  2.6678E-05   -461.32
   80.00    210.00     -1.86   -14.46    -1.62      0.1926     -7.61 RIGHT   7.9474E-05   -339.47  1.8621E-05   -462.74
   85.00    210.00     -5.68   -20.16    -5.53      0.1626     -5.49 RIGHT   5.1150E-05   -343.77  9.6618E-06   -463.46
   90.00    210.00   -999.99  -999.99  -999.99      0.0000      0.00         4.0370E-15   -167.68  5.8091E-16   -283.48
    0.00    215.00     -0.55    -3.64     1.18      0.0000    -35.00 LINEAR  9.2387E-05   -215.74  6.4690E-05   -395.74
    5.00    215.00     -0.24    -3.67     1.38      0.0001    -33.98 RIGHT   9.5683E-05   -219.91  6.4485E-05   -399.90
   10.00    215.00      0.01    -3.68     1.56      0.0016    -33.16 RIGHT   9.8555E-05   -224.49  6.4393E-05   -404.30
   15.00    215.00      0.22    -3.69     1.70      0.0059    -32.53 RIGHT   1.0093E-04   -229.67  6.4379E-05   -408.92
   20.00    215.00      0.37    -3.69     1.81      0.0143    -32.08 RIGHT   1.0271E-04   -235.55  6.4386E-05   -413.73
   25.00    215.00      0.47    -3.69     1.88      0.0280    -31.75 RIGHT   1.0386E-04   -242.25  6.4335E-05   -418.67
   30.00    215.00      0.51    -3.72     1.90      0.0479    -31.49 RIGHT   1.0441E-04   -249.84  6.4125E-05   -423.69
   35.00    215.00      0.52    -3.79     1.89      0.0748    -31.17 RIGHT   1.0450E-04   -258.33  6.3629E-05   -428.69
   40.00    215.00      0.51    -3.92     1.85      0.1087    -30.62 RIGHT   1.0440E-04   -267.68  6.2701E-05   -433.60
   45.00    215.00      0.51    -4.13     1.80      0.1481    -29.64 RIGHT   1.0442E-04   -277.72  6.1177E-05   -438.31
   50.00    215.00      0.55    -4.46     1.74      0.1897    -28.01 RIGHT   1.0480E-04   -288.14  5.8884E-05   -442.75
   55.00    215.00      0.61    -4.95     1.67      0.2279    -25.59 RIGHT   1.0554E-04   -298.50  5.5649E-05   -446.82
   60.00    215.00      0.66    -5.66     1.57      0.2564    -22.43 RIGHT   1.0618E-04   -308.34  5.1319E-05   -450.46
   65.00    215.00      0.63    -6.65     1.37      0.2700    -18.81 RIGHT   1.0576E-04   -317.25  4.5775E-05   -453.59
   70.00    215.00      0.37    -8.05     0.96      0.2671    -15.13 RIGHT   1.0275E-04   -324.95  3.8949E-05   -456.17
   75.00    215.00     -0.31   -10.08     0.13      0.2499    -11.75 RIGHT   9.4996E-05   -331.35  3.0843E-05   -458.15
   80.00    215.00     -1.86   -13.20    -1.55      0.2223     -8.83 RIGHT   7.9455E-05   -336.52  2.1531E-05   -459.48
   85.00    215.00     -5.68   -18.90    -5.48      0.1879     -6.35 RIGHT   5.1179E-05   -340.73  1.1174E-05   -460.16
   90.00    215.00   -999.99  -999.99  -999.99      0.0000      0.00         4.0404E-15   -164.61  6.7181E-16   -280.17
    0.00    220.00     -1.13    -2.65     1.18      0.0000    -40.00 LINEAR  8.6398E-05   -215.74  7.2496E-05   -395.74
    5.00    220.00     -0.80    -2.68     1.37      0.0001    -38.85 RIGHT   8.9760E-05   -219.64  7.2291E-05   -399.63
   10.00    220.00     -0.52    -2.69     1.54      0.0018    -37.91 RIGHT   9.2738E-05   -223.98  7.2221E-05   -403.76
   15.00    220.00     -0.28    -2.68     1.69      0.0067    -37.18 RIGHT   9.5260E-05   -228.91  7.2247E-05   -408.11
   20.00    220.00     -0.10    -2.68     1.81      0.0163    -36.63 RIGHT   9.7246E-05   -234.58  7.2304E-05   -412.64
   25.00    220.00      0.02    -2.68     1.89      0.0316    -36.22 RIGHT   9.8661E-05   -241.10  7.2301E-05   -417.30
   30.00    220.00      0.10    -2.70     1.93      0.0539    -35.87 RIGHT   9.9548E-05   -248.53  7.2119E-05   -422.03
   35.00    220.00      0.14    -2.76     1.94      0.0838    -35.45 RIGHT   1.0007E-04   -256.89  7.1617E-05   -426.76
   40.00    220.00      0.18    -2.88     1.92      0.1213    -34.79 RIGHT   1.0048E-04   -266.12  7.0626E-05   -431.39
   45.00    220.00      0.23    -3.09     1.89      0.1649    -33.67 RIGHT   1.0109E-04   -276.02  6.8958E-05   -435.84
   50.00    220.00      0.32    -3.42     1.85      0.2110    -31.85 RIGHT   1.0211E-04   -286.27  6.6416E-05   -440.03
   55.00    220.00      0.44    -3.90     1.80      0.2539    -29.15 RIGHT   1.0349E-04   -296.41  6.2804E-05   -443.88
   60.00    220.00      0.54    -4.60     1.70      0.2864    -25.61 RIGHT   1.0474E-04   -305.99  5.7947E-05   -447.32
   65.00    220.00      0.55    -5.59     1.50      0.3026    -21.50 RIGHT   1.0485E-04   -314.61  5.1710E-05   -450.27
   70.00    220.00      0.33    -6.99     1.07      0.3003    -17.28 RIGHT   1.0225E-04   -322.04  4.4015E-05   -452.70
   75.00    220.00     -0.33    -9.01     0.22      0.2816    -13.38 RIGHT   9.4778E-05   -328.20  3.4864E-05   -454.56
   80.00    220.00     -1.86   -12.13    -1.47      0.2509    -10.02 RIGHT   7.9407E-05   -333.20  2.4344E-05   -455.81
   85.00    220.00     -5.68   -17.83    -5.42      0.2123     -7.18 RIGHT   5.1196E-05   -337.30  1.2634E-05   -456.44
   90.00    220.00   -999.99  -999.99  -999.99      0.0000      0.00         4.0430E-15   -161.15  7.5970E-16   -276.43
    0.00    225.00     -1.83    -1.83     1.18      0.0000    -45.00 LINEAR  7.9751E-05   -215.74  7.9751E-05   -395.74
    5.00    225.00     -1.46    -1.85     1.36      0.0001    -43.72 RIGHT   8.3182E-05   -219.35  7.9554E-05   -399.34
   10.00    225.00     -1.14    -1.85     1.53      0.0020    -42.67 RIGHT   8.6270E-05   -223.40  7.9517E-05   -403.17
   15.00    225.00     -0.88    -1.84     1.68      0.0075    -41.82 RIGHT   8.8948E-05   -228.08  7.9596E-05   -407.21
   20.00    225.00     -0.67    -1.83     1.80      0.0181    -41.17 RIGHT   9.1149E-05   -233.53  7.9716E-05   -411.43
   25.00    225.00     -0.51    -1.82     1.90      0.0351    -40.66 RIGHT   9.2848E-05   -239.86  7.9775E-05   -415.78
   30.00    225.00     -0.39    -1.84     1.96      0.0597    -40.21 RIGHT   9.4105E-05   -247.13  7.9641E-05   -420.20
   35.00    225.00     -0.30    -1.89     1.99      0.0924    -39.68 RIGHT   9.5088E-05   -255.36  7.9152E-05   -424.62
   40.00    225.00     -0.21    -2.01     1.99      0.1332    -38.90 RIGHT   9.6067E-05   -264.46  7.8120E-05   -428.95
   45.00    225.00     -0.10    -2.21     1.99      0.1805    -37.63 RIGHT   9.7335E-05   -274.22  7.6334E-05   -433.12
   50.00    225.00      0.06    -2.53     1.97      0.2307    -35.62 RIGHT   9.9076E-05   -284.27  7.3572E-05   -437.03
   55.00    225.00      0.24    -3.01     1.92      0.2778    -32.67 RIGHT   1.0118E-04   -294.16  6.9615E-05   -440.63
   60.00    225.00      0.40    -3.70     1.83      0.3143    -28.76 RIGHT   1.0311E-04   -303.43  6.4267E-05   -443.84
   65.00    225.00      0.46    -4.69     1.62      0.3334    -24.16 RIGHT   1.0379E-04   -311.72  5.7377E-05   -446.60
   70.00    225.00      0.28    -6.08     1.18      0.3319    -19.40 RIGHT   1.0164E-04   -318.84  4.8858E-05   -448.87
   75.00    225.00     -0.35    -8.10     0.32      0.3120    -14.98 RIGHT   9.4494E-05   -324.74  3.8712E-05   -450.59
   80.00    225.00     -1.87   -11.22    -1.40      0.2784    -11.17 RIGHT   7.9318E-05   -329.54  2.7036E-05   -451.75
   85.00    225.00     -5.68   -16.92    -5.36      0.2359     -7.97 RIGHT   5.1193E-05   -333.52  1.4034E-05   -452.32
   90.00    225.00   -999.99  -999.99  -999.99      0.0000      0.00         4.0440E-15   -157.33  8.4388E-16   -272.29
    0.00    230.00     -2.65    -1.13     1.18      0.0000    -50.00 LINEAR  7.2496E-05   -215.74  8.6398E-05   -395.74
    5.00    230.00     -2.25    -1.15     1.35      0.0001    -48.61 RIGHT   7.5997E-05   -219.03  8.6219E-05   -399.02
   10.00    230.00     -1.89    -1.15     1.51      0.0023    -47.43 RIGHT   7.9196E-05   -222.78  8.6226E-05   -402.53
   15.00    230.00     -1.58    -1.13     1.66      0.0083    -46.47 RIGHT   8.2034E-05   -227.19  8.6368E-05   -406.24
   20.00    230.00     -1.33    -1.11     1.79      0.0199    -45.71 RIGHT   8.4457E-05   -232.41  8.6564E-05   -410.12
   25.00    230.00     -1.13    -1.10     1.90      0.0385    -45.08 RIGHT   8.6455E-05   -238.54  8.6699E-05   -414.13
   30.00    230.00     -0.96    -1.11     1.98      0.0651    -44.51 RIGHT   8.8105E-05   -245.67  8.6629E-05   -418.21
   35.00    230.00     -0.82    -1.15     2.03      0.1004    -43.86 RIGHT   8.9592E-05   -253.78  8.6172E-05   -422.30
   40.00    230.00     -0.66    -1.26     2.06      0.1442    -42.94 RIGHT   9.1190E-05   -262.76  8.5121E-05   -426.30
   45.00    230.00     -0.47    -1.45     2.07      0.1949    -41.52 RIGHT   9.3181E-05   -272.36  8.3243E-05   -430.15
   50.00    230.00     -0.24    -1.77     2.07      0.2488    -39.32 RIGHT   9.5709E-05   -282.19  8.0291E-05   -433.78
   55.00    230.00      0.02    -2.24     2.04      0.2999    -36.13 RIGHT   9.8610E-05   -291.79  7.6024E-05   -437.10
   60.00    230.00      0.25    -2.93     1.95      0.3403    -31.87 RIGHT   1.0127E-04   -300.70  7.0225E-05   -440.07
   65.00    230.00      0.36    -3.91     1.74      0.3622    -26.80 RIGHT   1.0258E-04   -308.62  6.2727E-05   -442.61
   70.00    230.00      0.22    -5.30     1.29      0.3619    -21.49 RIGHT   1.0092E-04   -315.39  5.3436E-05   -444.70
   75.00    230.00     -0.39    -7.32     0.41      0.3410    -16.55 RIGHT   9.4130E-05   -321.00  4.2353E-05   -446.28
   80.00    230.00     -1.89   -10.44    -1.32      0.3047    -12.29 RIGHT   7.9175E-05   -325.58  2.9586E-05   -447.34
   85.00    230.00     -5.68   -16.13    -5.31      0.2584     -8.72 RIGHT   5.1158E-05   -329.42  1.5359E-05   -447.85
   90.00    230.00   -999.99  -999.99  -999.99      0.0000      0.00         4.0427E-15   -153.18  9.2365E-16   -267.80
    0.00    235.00     -3.64    -0.55     1.18      0.0000    -55.00 LINEAR  6.4690E-05   -215.74  9.2387E-05   -395.74
    5.00    235.00     -3.18    -0.56     1.33      0.0001    -53.50 RIGHT   6.8258E-05   -218.69  9.2235E-05   -398.68
   10.00    235.00     -2.77    -0.56     1.49      0.0025    -52.21 RIGHT   7.1567E-05   -222.12  9.2293E-05   -401.83
   15.00    235.00     -2.41    -0.54     1.64      0.0091    -51.13 RIGHT   7.4566E-05   -226.25  9.2508E-05   -405.19
   20.00    235.00     -2.11    -0.51     1.77      0.0217    -50.24 RIGHT   7.7214E-05   -231.24  9.2790E-05   -408.71
   25.00    235.00     -1.85    -0.49     1.89      0.0417    -49.49 RIGHT   7.9520E-05   -237.20  9.3014E-05   -412.36
   30.00    235.00     -1.63    -0.49     1.99      0.0703    -48.79 RIGHT   8.1584E-05   -244.20  9.3021E-05   -416.08
   35.00    235.00     -1.42    -0.53     2.06      0.1080    -47.99 RIGHT   8.3609E-05   -252.20  9.2615E-05   -419.81
   40.00    235.00     -1.18    -0.63     2.11      0.1545    -46.93 RIGHT   8.5875E-05   -261.07  9.1566E-05   -423.46
   45.00    235.00     -0.91    -0.81     2.15      0.2082    -45.34 RIGHT   8.8648E-05   -270.51  8.9620E-05   -426.98
   50.00    235.00     -0.58    -1.12     2.17      0.2655    -42.96 RIGHT   9.2027E-05   -280.09  8.6509E-05   -430.29
   55.00    235.00     -0.24    -1.59     2.15      0.3203    -39.53 RIGHT   9.5781E-05   -289.35  8.1969E-05   -433.33
   60.00    235.00      0.07    -2.27     2.07      0.3644    -34.94 RIGHT   9.9229E-05   -297.86  7.5763E-05   -436.03
   65.00    235.00      0.24    -3.25     1.85      0.3893    -29.40 RIGHT   1.0121E-04   -305.35  6.7709E-05   -438.35
   70.00    235.00      0.15    -4.64     1.39      0.3902    -23.54 RIGHT   1.0008E-04   -311.73  5.7705E-05   -440.24
   75.00    235.00     -0.43    -6.65     0.50      0.3684    -18.06 RIGHT   9.3668E-05   -317.01  4.5751E-05   -441.67
   80.00    235.00     -1.91    -9.77    -1.25      0.3296    -13.34 RIGHT   7.8961E-05   -321.35  3.1968E-05   -442.62
   85.00    235.00     -5.70   -15.46    -5.26      0.2798     -9.42 RIGHT   5.1082E-05   -325.04  1.6598E-05   -443.06
   90.00    235.00   -999.99  -999.99  -999.99      0.0000      0.00         4.0383E-15   -148.75  9.9820E-16   -262.99
    0.00    240.00     -4.84    -0.07     1.18      0.0000    -60.00 LINEAR  5.6392E-05   -215.74  9.7674E-05   -395.74
    5.00    240.00     -4.29    -0.08     1.32      0.0001    -58.40 RIGHT   6.0024E-05   -218.33  9.7555E-05   -398.31
   10.00    240.00     -3.81    -0.07     1.46      0.0027    -57.00 RIGHT   6.3438E-05   -221.43  9.7673E-05   -401.10
   15.00    240.00     -3.39    -0.04     1.61      0.0098    -55.80 RIGHT   6.6594E-05   -225.28  9.7967E-05   -404.08
   20.00    240.00     -3.03    -0.01     1.75      0.0233    -54.77 RIGHT   6.9467E-05   -230.06  9.8342E-05   -407.22
   25.00    240.00     -2.70     0.02     1.88      0.0448    -53.88 RIGHT   7.2090E-05   -235.87  9.8664E-05   -410.49
   30.00    240.00     -2.41     0.03     1.99      0.0752    -53.03 RIGHT   7.4585E-05   -242.77  9.8759E-05   -413.83
   35.00    240.00     -2.11     0.00     2.08      0.1151    -52.09 RIGHT   7.7179E-05   -250.70  9.8417E-05   -417.18
   40.00    240.00     -1.78    -0.09     2.16      0.1641    -50.85 RIGHT   8.0158E-05   -259.47  9.7389E-05   -420.47
   45.00    240.00     -1.40    -0.27     2.21      0.2205    -49.10 RIGHT   8.3768E-05   -268.73  9.5400E-05   -423.63
   50.00    240.00     -0.97    -0.57     2.25      0.2809    -46.53 RIGHT   8.8055E-05   -278.02  9.2160E-05   -426.61
   55.00    240.00     -0.52    -1.03     2.24      0.3391    -42.87 RIGHT   9.2711E-05   -286.88  8.7385E-05   -429.34
   60.00    240.00     -0.13    -1.71     2.16      0.3868    -37.94 RIGHT   9.6986E-05   -294.93  8.0820E-05   -431.76
   65.00    240.00      0.11    -2.68     1.94      0.4146    -31.95 RIGHT   9.9667E-05   -301.95  7.2266E-05   -433.84
   70.00    240.00      0.06    -4.07     1.48      0.4168    -25.53 RIGHT   9.9092E-05   -307.90  6.1616E-05   -435.53
   75.00    240.00     -0.48    -6.08     0.57      0.3944    -19.50 RIGHT   9.3089E-05   -312.82  4.8868E-05   -436.80
   80.00    240.00     -1.95    -9.19    -1.20      0.3532    -14.34 RIGHT   7.8658E-05   -316.90  3.4154E-05   -437.63
   85.00    240.00     -5.72   -14.88    -5.22      0.3000    -10.07 RIGHT   5.0951E-05   -320.43  1.7736E-05   -438.00
   90.00    240.00   -999.99  -999.99  -999.99      0.0000      0.00         4.0296E-15   -144.09  1.0667E-15   -257.90
    0.00    245.00     -6.30     0.33     1.18      0.0000    -65.00 LINEAR  4.7665E-05   -215.74  1.0222E-04   -395.74
    5.00    245.00     -5.65     0.32     1.30      0.0002    -63.31 RIGHT   5.1356E-05   -217.95  1.0214E-04   -397.93
   10.00    245.00     -5.07     0.34     1.44      0.0029    -61.80 RIGHT   5.4870E-05   -220.72  1.0232E-04   -400.32
   15.00    245.00     -4.57     0.37     1.58      0.0105    -60.47 RIGHT   5.8177E-05   -224.31  1.0270E-04   -402.91
   20.00    245.00     -4.12     0.41     1.72      0.0249    -59.31 RIGHT   6.1273E-05   -228.90  1.0317E-04   -405.66
   25.00    245.00     -3.71     0.45     1.86      0.0476    -58.27 RIGHT   6.4215E-05   -234.62  1.0359E-04   -408.53
   30.00    245.00     -3.32     0.46     1.98      0.0797    -57.26 RIGHT   6.7158E-05   -241.47  1.0379E-04   -411.47
   35.00    245.00     -2.92     0.44     2.09      0.1216    -56.14 RIGHT   7.0352E-05   -249.36  1.0352E-04   -414.42
   40.00    245.00     -2.47     0.36     2.18      0.1730    -54.73 RIGHT   7.4089E-05   -258.05  1.0253E-04   -417.33
   45.00    245.00     -1.95     0.18     2.26      0.2320    -52.79 RIGHT   7.8586E-05   -267.11  1.0052E-04   -420.13
   50.00    245.00     -1.39    -0.11     2.31      0.2952    -50.03 RIGHT   8.3825E-05   -276.06  9.7178E-05   -422.76
   55.00    245.00     -0.83    -0.57     2.31      0.3567    -46.14 RIGHT   8.9420E-05   -284.45  9.2207E-05   -425.17
   60.00    245.00     -0.35    -1.24     2.24      0.4078    -40.89 RIGHT   9.4547E-05   -291.97  8.5331E-05   -427.30
   65.00    245.00     -0.04    -2.21     2.02      0.4385    -34.43 RIGHT   9.7950E-05   -298.46  7.6340E-05   -429.13
   70.00    245.00     -0.04    -3.59     1.55      0.4420    -27.45 RIGHT   9.7949E-05   -303.93  6.5117E-05   -430.61
   75.00    245.00     -0.55    -5.60     0.63      0.4188    -20.87 RIGHT   9.2374E-05   -308.47  5.1662E-05   -431.71
   80.00    245.00     -1.99    -8.71    -1.15      0.3754    -15.25 RIGHT   7.8247E-05   -312.26  3.6115E-05   -432.41
   85.00    245.00     -5.75   -14.40    -5.20      0.3189    -10.65 RIGHT   5.0754E-05   -315.62  1.8757E-05   -432.71
   90.00    245.00   -999.99  -999.99  -999.99      0.0000      0.00         4.0157E-15   -139.22  1.1281E-15   -252.59
    0.00    250.00     -8.14     0.64     1.18      0.0000    -70.00 LINEAR  3.8574E-05   -215.74  1.0598E-04   -395.74
    5.00    250.00     -7.33     0.64     1.28      0.0002    -68.23 RIGHT   4.2318E-05   -217.56  1.0595E-04   -397.53
   10.00    250.00     -6.62     0.66     1.41      0.0031    -66.61 RIGHT   4.5924E-05   -220.00  1.0620E-04   -399.52
   15.00    250.00     -5.99     0.70     1.54      0.0111    -65.17 RIGHT   4.9376E-05   -223.37  1.0666E-04   -401.70
   20.00    250.00     -5.43     0.75     1.68      0.0263    -63.86 RIGHT   5.2690E-05   -227.84  1.0723E-04   -404.04
   25.00    250.00     -4.90     0.79     1.82      0.0502    -62.66 RIGHT   5.5956E-05   -233.53  1.0776E-04   -406.49
   30.00    250.00     -4.39     0.81     1.96      0.0839    -61.47 RIGHT   5.9364E-05   -240.41  1.0805E-04   -409.02
   35.00    250.00     -3.85     0.80     2.08      0.1277    -60.17 RIGHT   6.3190E-05   -248.32  1.0786E-04   -411.57
   40.00    250.00     -3.25     0.72     2.19      0.1812    -58.57 RIGHT   6.7729E-05   -256.92  1.0692E-04   -414.08
   45.00    250.00     -2.58     0.55     2.28      0.2427    -56.44 RIGHT   7.3156E-05   -265.74  1.0490E-04   -416.50
   50.00    250.00     -1.87     0.27     2.34      0.3086    -53.48 RIGHT   7.9382E-05   -274.27  1.0149E-04   -418.77
   55.00    250.00     -1.18    -0.18     2.36      0.3732    -49.34 RIGHT   8.5936E-05   -282.11  9.6367E-05   -420.85
   60.00    250.00     -0.59    -0.85     2.29      0.4276    -43.77 RIGHT   9.1925E-05   -289.02  8.9234E-05   -422.69
   65.00    250.00     -0.21    -1.81     2.07      0.4611    -36.84 RIGHT   9.6055E-05   -294.93  7.9871E-05   -424.26
   70.00    250.00     -0.16    -3.19     1.60      0.4659    -29.28 RIGHT   9.6635E-05   -299.88  6.8157E-05   -425.51
   75.00    250.00     -0.63    -5.20     0.67      0.4419    -22.14 RIGHT   9.1506E-05   -304.00  5.4091E-05   -426.44
   80.00    250.00     -2.05    -8.31    -1.13      0.3960    -16.08 RIGHT   7.7709E-05   -307.48  3.7822E-05   -427.02
   85.00    250.00     -5.80   -14.00    -5.19      0.3365    -11.16 RIGHT   5.0475E-05   -310.66  1.9646E-05   -427.24
   90.00    250.00   -999.99  -999.99  -999.99      0.0000      0.00         3.9955E-15   -134.20  1.1816E-15   -247.10
    0.00    255.00    -10.56     0.88     1.18      0.0000    -75.00 LINEAR  2.9191E-05   -215.74  1.0894E-04   -395.74
    5.00    255.00     -9.50     0.88     1.26      0.0002    -73.16 RIGHT   3.2980E-05   -217.16  1.0896E-04   -397.12
   10.00    255.00     -8.57     0.91     1.37      0.0032    -71.45 RIGHT   3.6669E-05   -219.31  1.0927E-04   -398.69
   15.00    255.00     -7.76     0.95     1.50      0.0117    -69.88 RIGHT   4.0257E-05   -222.52  1.0982E-04   -400.45
   20.00    255.00     -7.03     1.00     1.64      0.0276    -68.43 RIGHT   4.3786E-05   -226.98  1.1048E-04   -402.37
   25.00    255.00     -6.35     1.05     1.78      0.0526    -67.06 RIGHT   4.7383E-05   -232.77  1.1111E-04   -404.40
   30.00    255.00     -5.66     1.08     1.92      0.0878    -65.69 RIGHT   5.1278E-05   -239.78  1.1150E-04   -406.51
   35.00    255.00     -4.93     1.08     2.05      0.1334    -64.19 RIGHT   5.5775E-05   -247.76  1.1139E-04   -408.65
   40.00    255.00     -4.13     1.01     2.17      0.1889    -62.39 RIGHT   6.1158E-05   -256.26  1.1050E-04   -410.75
   45.00    255.00     -3.27     0.85     2.27      0.2527    -60.05 RIGHT   6.7552E-05   -264.75  1.0850E-04   -412.78
   50.00    255.00     -2.39     0.57     2.35      0.3213    -56.87 RIGHT   7.4783E-05   -272.74  1.0505E-04   -414.69
   55.00    255.00     -1.55     0.12     2.37      0.3889    -52.49 RIGHT   8.2294E-05   -279.92  9.9802E-05   -416.43
   60.00    255.00     -0.86    -0.54     2.31      0.4465    -46.57 RIGHT   8.9135E-05   -286.13  9.2464E-05   -417.97
   65.00    255.00     -0.40    -1.50     2.09      0.4827    -39.16 RIGHT   9.3982E-05   -291.38  8.2801E-05   -419.26
   70.00    255.00     -0.29    -2.87     1.62      0.4885    -30.99 RIGHT   9.5142E-05   -295.77  7.0683E-05   -420.30
   75.00    255.00     -0.73    -4.88     0.68      0.4634    -23.29 RIGHT   9.0467E-05   -299.44  5.6112E-05   -421.05
   80.00    255.00     -2.13    -7.99    -1.13      0.4152    -16.81 RIGHT   7.7027E-05   -302.61  3.9243E-05   -421.50
   85.00    255.00     -5.86   -13.67    -5.20      0.3526    -11.59 RIGHT   5.0104E-05   -305.59  2.0387E-05   -421.64
   90.00    255.00   -999.99  -999.99  -999.99      0.0000      0.00         3.9679E-15   -489.06  1.2262E-15   -241.47
    0.00    260.00    -14.02     1.05     1.18      0.0000    -80.00 LINEAR  1.9585E-05   -215.74  1.1107E-04   -395.74
    5.00    260.00    -12.47     1.06     1.24      0.0002    -78.10 RIGHT   2.3411E-05   -216.76  1.1114E-04   -396.70
   10.00    260.00    -11.18     1.09     1.34      0.0034    -76.31 RIGHT   2.7175E-05   -218.69  1.1152E-04   -397.85
   15.00    260.00    -10.06     1.13     1.45      0.0121    -74.61 RIGHT   3.0892E-05   -221.90  1.1214E-04   -399.18
   20.00    260.00     -9.07     1.19     1.58      0.0287    -73.01 RIGHT   3.4635E-05   -226.54  1.1289E-04   -400.67
   25.00    260.00     -8.13     1.25     1.72      0.0548    -71.47 RIGHT   3.8578E-05   -232.61  1.1361E-04   -402.27
   30.00    260.00     -7.19     1.28     1.86      0.0913    -69.91 RIGHT   4.2995E-05   -239.88  1.1409E-04   -403.95
   35.00    260.00     -6.20     1.28     2.00      0.1386    -68.20 RIGHT   4.8210E-05   -247.96  1.1406E-04   -405.67
   40.00    260.00     -5.14     1.22     2.12      0.1961    -66.19 RIGHT   5.4482E-05   -256.27  1.1323E-04   -407.36
   45.00    260.00     -4.03     1.07     2.24      0.2622    -63.63 RIGHT   6.1867E-05   -264.28  1.1125E-04   -409.00
   50.00    260.00     -2.95     0.79     2.32      0.3334    -60.23 RIGHT   7.0097E-05   -271.57  1.0778E-04   -410.54
   55.00    260.00     -1.96     0.35     2.36      0.4040    -55.58 RIGHT   7.8541E-05   -277.93  1.0245E-04   -411.94
   60.00    260.00     -1.15    -0.31     2.30      0.4648    -49.30 RIGHT   8.6202E-05   -283.34  9.4964E-05   -413.16
   65.00    260.00     -0.61    -1.27     2.09      0.5036    -41.37 RIGHT   9.1739E-05   -287.87  8.5074E-05   -414.19
   70.00    260.00     -0.45    -2.64     1.60      0.5100    -32.57 RIGHT   9.3463E-05   -291.65  7.2647E-05   -415.00
   75.00    260.00     -0.85    -4.64     0.67      0.4835    -24.30 RIGHT   8.9246E-05   -294.84  5.7686E-05   -415.57
   80.00    260.00     -2.22    -7.74    -1.15      0.4327    -17.42 RIGHT   7.6189E-05   -297.67  4.0351E-05   -415.89
   85.00    260.00     -5.95   -13.43    -5.23      0.3672    -11.94 RIGHT   4.9631E-05   -300.45  2.0965E-05   -415.95
   90.00    260.00   -999.99  -999.99  -999.99      0.0000      0.00         3.9322E-15   -483.86  1.2610E-15   -235.75
    0.00    265.00    -20.01     1.15     1.18      0.0000    -85.00 LINEAR  9.8298E-06   -215.74  1.1236E-04   -395.74
    5.00    265.00    -17.14     1.16     1.22      0.0002    -83.06 RIGHT   1.3685E-05   -216.38  1.1248E-04   -396.27
   10.00    265.00    -14.99     1.19     1.30      0.0035    -81.19 RIGHT   1.7514E-05   -218.31  1.1292E-04   -396.99
   15.00    265.00    -13.27     1.25     1.40      0.0125    -79.38 RIGHT   2.1355E-05   -221.85  1.1361E-04   -397.89
   20.00    265.00    -11.79     1.31     1.52      0.0297    -77.63 RIGHT   2.5325E-05   -227.03  1.1444E-04   -398.95
   25.00    265.00    -10.42     1.37     1.65      0.0567    -75.91 RIGHT   2.9649E-05   -233.65  1.1523E-04   -400.12
   30.00    265.00     -9.07     1.41     1.78      0.0945    -74.14 RIGHT   3.4645E-05   -241.30  1.1579E-04   -401.37
   35.00    265.00     -7.68     1.42     1.92      0.1434    -72.22 RIGHT   4.0640E-05   -249.39  1.1583E-04   -402.66
   40.00    265.00     -6.26     1.36     2.05      0.2029    -69.99 RIGHT   4.7842E-05   -257.29  1.1506E-04   -403.95
   45.00    265.00     -4.86     1.21     2.17      0.2712    -67.20 RIGHT   5.6217E-05   -264.53  1.1311E-04   -405.19
   50.00    265.00     -3.55     0.94     2.26      0.3451    -63.56 RIGHT   6.5411E-05   -270.86  1.0963E-04   -406.35
   55.00    265.00     -2.39     0.50     2.30      0.4189    -58.63 RIGHT   7.4733E-05   -276.22  1.0426E-04   -407.41
   60.00    265.00     -1.46    -0.15     2.25      0.4829    -51.96 RIGHT   8.3157E-05   -280.70  9.6682E-05   -408.32
   65.00    265.00     -0.84    -1.11     2.04      0.5240    -43.46 RIGHT   8.9339E-05   -284.42  8.6642E-05   -409.08
   70.00    265.00     -0.62    -2.48     1.56      0.5307    -33.99 RIGHT   9.1601E-05   -287.55  7.4005E-05   -409.66
   75.00    265.00     -0.99    -4.48     0.62      0.5022    -25.15 RIGHT   8.7837E-05   -290.24  5.8777E-05   -410.04
   80.00    265.00     -2.34    -7.58    -1.20      0.4484    -17.90 RIGHT   7.5184E-05   -292.71  4.1120E-05   -410.23
   85.00    265.00     -6.05   -13.27    -5.29      0.3799    -12.19 RIGHT   4.9047E-05   -295.28  2.1366E-05   -410.21
   90.00    265.00   -999.99  -999.99  -999.99      0.0000      0.00         3.8877E-15   -478.61  1.2852E-15   -229.99
    0.00    270.00   -999.99     1.18     1.18      0.0000     90.00 LINEAR  1.7268E-15   -395.74  1.1278E-04   -395.74
    5.00    270.00    -28.10     1.20     1.20      0.0002    -88.04 RIGHT   3.8749E-06   -216.25  1.1296E-04   -395.84
   10.00    270.00    -22.06     1.24     1.26      0.0036    -86.09 RIGHT   7.7648E-06   -219.15  1.1345E-04   -396.13
   15.00    270.00    -18.47     1.29     1.34      0.0129    -84.17 RIGHT   1.1743E-05   -223.86  1.1420E-04   -396.60
   20.00    270.00    -15.79     1.36     1.44      0.0305    -82.28 RIGHT   1.5984E-05   -230.13  1.1509E-04   -397.22
   25.00    270.00    -13.51     1.42     1.56      0.0582    -80.39 RIGHT   2.0770E-05   -237.49  1.1595E-04   -397.96
   30.00    270.00    -11.42     1.47     1.69      0.0972    -78.42 RIGHT   2.6441E-05   -245.29  1.1657E-04   -398.78
   35.00    270.00     -9.42     1.48     1.82      0.1477    -76.27 RIGHT   3.3286E-05   -252.88  1.1668E-04   -399.65
   40.00    270.00     -7.51     1.42     1.95      0.2092    -73.80 RIGHT   4.1431E-05   -259.76  1.1595E-04   -400.52
   45.00    270.00     -5.75     1.28     2.06      0.2800    -70.78 RIGHT   5.0751E-05   -265.71  1.1404E-04   -401.37
   50.00    270.00     -4.18     1.01     2.16      0.3568    -66.88 RIGHT   6.0827E-05   -270.71  1.1058E-04   -402.16
   55.00    270.00     -2.84     0.58     2.21      0.4338    -61.64 RIGHT   7.0934E-05   -274.84  1.0520E-04   -402.87
   60.00    270.00     -1.80    -0.07     2.16      0.5010    -54.53 RIGHT   8.0038E-05   -278.24  9.7577E-05   -403.48
   65.00    270.00     -1.09    -1.02     1.95      0.5442    -45.40 RIGHT   8.6801E-05   -281.08  8.7464E-05   -403.96
   70.00    270.00     -0.82    -2.39     1.48      0.5505    -35.21 RIGHT   8.9563E-05   -283.50  7.4723E-05   -404.31
   75.00    270.00     -1.15    -4.39     0.54      0.5193    -25.81 RIGHT   8.6241E-05   -285.66  5.9355E-05   -404.52
   80.00    270.00     -2.48    -7.49    -1.29      0.4622    -18.23 RIGHT   7.4012E-05   -287.75  4.1529E-05   -404.57
   85.00    270.00     -6.17   -13.18    -5.38      0.3908    -12.35 RIGHT   4.8352E-05   -290.11  2.1580E-05   -404.48
   90.00    270.00   -999.99  -999.99  -999.99      0.0000      0.00         3.8345E-15   -473.37  1.2981E-15   -224.22
    0.00    275.00    -20.01     1.15     1.18      0.0000     85.00 LINEAR  9.8298E-06   -395.74  1.1236E-04   -395.74
    5.00    275.00    -24.38     1.17     1.18      0.0003     86.98 RIGHT   5.9441E-06   -395.13  1.1258E-04   -395.41
   10.00    275.00    -33.58     1.21     1.21      0.0036     88.98 RIGHT   2.0611E-06   -383.72  1.1312E-04   -395.27
   15.00    275.00    -32.02     1.27     1.27      0.0131    -89.01 RIGHT   2.4675E-06   -252.49  1.1391E-04   -395.31
   20.00    275.00    -22.92     1.34     1.36      0.0311    -86.98 RIGHT   7.0277E-06   -246.11  1.1485E-04   -395.50
   25.00    275.00    -17.99     1.41     1.46      0.0595    -84.91 RIGHT   1.2401E-05   -249.85  1.1576E-04   -395.80
   30.00    275.00    -14.36     1.46     1.57      0.0995    -82.74 RIGHT   1.8829E-05   -254.91  1.1642E-04   -396.20
   35.00    275.00    -11.39     1.47     1.69      0.1516    -80.37 RIGHT   2.6522E-05   -259.89  1.1657E-04   -396.65
   40.00    275.00     -8.85     1.42     1.81      0.2151    -77.65 RIGHT   3.5523E-05   -264.32  1.1588E-04   -397.12
   45.00    275.00     -6.67     1.28     1.92      0.2885    -74.38 RIGHT   4.5652E-05   -268.09  1.1401E-04   -397.58
   50.00    275.00     -4.83     1.01     2.02      0.3684    -70.20 RIGHT   5.6461E-05   -271.23  1.1058E-04   -398.00
   55.00    275.00     -3.31     0.58     2.07      0.4490    -64.63 RIGHT   6.7216E-05   -273.83  1.0522E-04   -398.37
   60.00    275.00     -2.14    -0.07     2.03      0.5197    -57.03 RIGHT   7.6889E-05   -276.00  9.7618E-05   -398.67
   65.00    275.00     -1.36    -1.02     1.82      0.5647    -47.17 RIGHT   8.4154E-05   -277.87  8.7515E-05   -398.89
   70.00    275.00     -1.03    -2.39     1.35      0.5696    -36.19 RIGHT   8.7366E-05   -279.53  7.4774E-05   -399.01
   75.00    275.00     -1.33    -4.39     0.42      0.5347    -26.24 RIGHT   8.4467E-05   -281.13  5.9401E-05   -399.03
   80.00    275.00     -2.63    -7.49    -1.40      0.4738    -18.40 RIGHT   7.2676E-05   -282.84  4.1563E-05   -398.96
   85.00    275.00     -6.32   -13.17    -5.50      0.3995    -12.40 RIGHT   4.7547E-05   -284.97  2.1598E-05   -398.78
   90.00    275.00   -999.99  -999.99  -999.99      0.0000      0.00         3.7723E-15   -468.16  1.2992E-15   -218.50
    0.00    280.00    -14.02     1.05     1.18      0.0000     80.00 LINEAR  1.9585E-05   -395.74  1.1107E-04   -395.74
    5.00    280.00    -15.95     1.07     1.16      0.0003     81.98 RIGHT   1.5696E-05   -394.87  1.1134E-04   -394.98
   10.00    280.00    -18.47     1.12     1.16      0.0037     84.01 RIGHT   1.1742E-05   -392.39  1.1192E-04   -394.42
   15.00    280.00    -22.01     1.18     1.20      0.0132     86.11 RIGHT   7.8115E-06   -382.99  1.1274E-04   -394.03
   20.00    280.00    -25.94     1.25     1.26      0.0314     88.26 RIGHT   4.9649E-06   -347.67  1.1371E-04   -393.79
   25.00    280.00    -22.96     1.33     1.34      0.0604    -89.49 RIGHT   7.0002E-06   -295.39  1.1464E-04   -393.68
   30.00    280.00    -17.54     1.38     1.43      0.1014    -87.12 RIGHT   1.3061E-05   -277.54  1.1533E-04   -393.65
   35.00    280.00    -13.40     1.39     1.53      0.1550    -84.52 RIGHT   2.1052E-05   -272.78  1.1551E-04   -393.69
   40.00    280.00    -10.17     1.34     1.64      0.2207    -81.56 RIGHT   3.0518E-05   -271.73  1.1485E-04   -393.76
   45.00    280.00     -7.57     1.20     1.74      0.2969    -78.03 RIGHT   4.1145E-05   -271.90  1.1301E-04   -393.83
   50.00    280.00     -5.47     0.94     1.83      0.3804    -73.56 RIGHT   5.2441E-05   -272.50  1.0963E-04   -393.90
   55.00    280.00     -3.78     0.51     1.88      0.4650    -67.61 RIGHT   6.3656E-05   -273.24  1.0433E-04   -393.93
   60.00    280.00     -2.50    -0.14     1.84      0.5394    -59.44 RIGHT   7.3759E-05   -274.01  9.6793E-05   -393.93
   65.00    280.00     -1.65    -1.09     1.65      0.5858    -48.73 RIGHT   8.1430E-05   -274.81  8.6778E-05   -393.88
   70.00    280.00     -1.27    -2.46     1.19      0.5880    -36.87 RIGHT   8.5034E-05   -275.67  7.4147E-05   -393.78
   75.00    280.00     -1.53    -4.46     0.26      0.5483    -26.40 RIGHT   8.2534E-05   -276.69  5.8903E-05   -393.63
   80.00    280.00     -2.81    -7.56    -1.56      0.4830    -18.39 RIGHT   7.1190E-05   -278.01  4.1215E-05   -393.42
   85.00    280.00     -6.49   -13.25    -5.66      0.4058    -12.34 RIGHT   4.6639E-05   -279.90  2.1417E-05   -393.17
   90.00    280.00   -999.99  -999.99  -999.99      0.0000      0.00         3.7019E-15   -463.01  1.2884E-15   -212.86
    0.00    285.00    -10.56     0.88     1.18      0.0000     75.00 LINEAR  2.9191E-05   -395.74  1.0894E-04   -395.74
    5.00    285.00    -11.80     0.91     1.13      0.0003     76.96 RIGHT   2.5307E-05   -394.49  1.0925E-04   -394.56
   10.00    285.00    -13.29     0.96     1.12      0.0037     79.02 RIGHT   2.1319E-05   -392.45  1.0985E-04   -393.58
   15.00    285.00    -15.13     1.02     1.13      0.0132     81.18 RIGHT   1.7237E-05   -387.79  1.1070E-04   -392.77
   20.00    285.00    -17.38     1.10     1.16      0.0316     83.45 RIGHT   1.3299E-05   -376.53  1.1167E-04   -392.12
   25.00    285.00    -19.29     1.17     1.21      0.0610     85.85 RIGHT   1.0675E-05   -351.32  1.1261E-04   -391.59
   30.00    285.00    -18.23     1.22     1.27      0.1028     88.42 RIGHT   1.2063E-05   -316.01  1.1331E-04   -391.16
   35.00    285.00    -14.71     1.24     1.35      0.1579    -88.76 RIGHT   1.8085E-05   -293.17  1.1349E-04   -390.79
   40.00    285.00    -11.25     1.19     1.43      0.2258    -85.56 RIGHT   2.6947E-05   -282.49  1.1285E-04   -390.47
   45.00    285.00     -8.38     1.05     1.52      0.3052    -81.76 RIGHT   3.7482E-05   -277.31  1.1105E-04   -390.17
   50.00    285.00     -6.08     0.78     1.60      0.3928    -76.99 RIGHT   4.8897E-05   -274.59  1.0772E-04   -389.88
   55.00    285.00     -4.25     0.35     1.65      0.4822    -70.61 RIGHT   6.0329E-05   -273.09  1.0251E-04   -389.58
   60.00    285.00     -2.87    -0.30     1.61      0.5607    -61.77 RIGHT   7.0699E-05   -272.28  9.5102E-05   -389.28
   65.00    285.00     -1.95    -1.25     1.43      0.6079    -50.02 RIGHT   7.8667E-05   -271.93  8.5257E-05   -388.98
   70.00    285.00     -1.52    -2.61     0.98      0.6058    -37.17 RIGHT   8.2597E-05   -271.95  7.2842E-05   -388.66
   75.00    285.00     -1.75    -4.61     0.06      0.5595    -26.26 RIGHT   8.0467E-05   -272.36  5.7863E-05   -388.33
   80.00    285.00     -3.01    -7.72    -1.75      0.4894    -18.18 RIGHT   6.9574E-05   -273.27  4.0485E-05   -388.00
   85.00    285.00     -6.67   -13.40    -5.84      0.4093    -12.17 RIGHT   4.5641E-05   -274.92  2.1037E-05   -387.67
   90.00    285.00   -999.99  -999.99  -999.99      0.0000      0.00         3.6243E-15   -457.96  1.2655E-15   -207.34
    0.00    290.00     -8.14     0.64     1.18      0.0000     70.00 LINEAR  3.8574E-05   -395.74  1.0598E-04   -395.74
    5.00    290.00     -9.05     0.67     1.11      0.0003     71.92 RIGHT   3.4703E-05   -394.10  1.0632E-04   -394.15
   10.00    290.00    -10.12     0.72     1.07      0.0036     73.99 RIGHT   3.0689E-05   -391.98  1.0694E-04   -392.76
   15.00    290.00    -11.39     0.79     1.05      0.0131     76.20 RIGHT   2.6516E-05   -388.31  1.0779E-04   -391.55
   20.00    290.00    -12.91     0.87     1.05      0.0315     78.56 RIGHT   2.2267E-05   -381.29  1.0875E-04   -390.49
   25.00    290.00    -14.55     0.94     1.06      0.0611     81.10 RIGHT   1.8430E-05   -367.70  1.0968E-04   -389.56
   30.00    290.00    -15.52     1.00     1.09      0.1037     83.86 RIGHT   1.6490E-05   -344.15  1.1036E-04   -388.73
   35.00    290.00    -14.43     1.01     1.13      0.1602     86.90 RIGHT   1.8693E-05   -316.17  1.1054E-04   -387.97
   40.00    290.00    -11.78     0.96     1.18      0.2306    -89.66 RIGHT   2.5353E-05   -295.88  1.0991E-04   -387.27
   45.00    290.00     -9.00     0.82     1.25      0.3136    -85.60 RIGHT   3.4912E-05   -284.19  1.0814E-04   -386.60
   50.00    290.00     -6.61     0.55     1.32      0.4061    -80.51 RIGHT   4.5953E-05   -277.47  1.0488E-04   -385.97
   55.00    290.00     -4.70     0.12     1.36      0.5010    -73.67 RIGHT   5.7306E-05   -273.39  9.9792E-05   -385.36
   60.00    290.00     -3.24    -0.53     1.33      0.5844    -64.00 RIGHT   6.7757E-05   -270.83  9.2564E-05   -384.77
   65.00    290.00     -2.26    -1.48     1.16      0.6315    -50.96 RIGHT   7.5906E-05   -269.24  8.2967E-05   -384.21
   70.00    290.00     -1.79    -2.85     0.72      0.6226    -37.00 RIGHT   8.0093E-05   -268.38  7.0874E-05   -383.68
   75.00    290.00     -1.99    -4.85    -0.18      0.5681    -25.77 RIGHT   7.8299E-05   -268.17  5.6292E-05   -383.19
   80.00    290.00     -3.23    -7.96    -1.97      0.4925    -17.77 RIGHT   6.7854E-05   -268.66  3.9382E-05   -382.73
   85.00    290.00     -6.88   -13.64    -6.05      0.4099    -11.89 RIGHT   4.4571E-05   -270.07  2.0463E-05   -382.33
   90.00    290.00   -999.99  -999.99  -999.99      0.0000      0.00         3.5408E-15   -453.03  1.2309E-15   -201.97
    0.00    295.00     -6.30     0.33     1.18      0.0000     65.00 LINEAR  4.7665E-05   -395.74  1.0222E-04   -395.74
    5.00    295.00     -7.03     0.36     1.09      0.0003     66.87 RIGHT   4.3811E-05   -393.71  1.0258E-04   -393.76
   10.00    295.00     -7.87     0.41     1.01      0.0036     68.92 RIGHT   3.9777E-05   -391.36  1.0320E-04   -391.97
   15.00    295.00     -8.85     0.48     0.96      0.0129     71.16 RIGHT   3.5527E-05   -387.96  1.0404E-04   -390.37
   20.00    295.00    -10.01     0.56     0.93      0.0311     73.59 RIGHT   3.1078E-05   -382.37  1.0498E-04   -388.92
   25.00    295.00    -11.34     0.63     0.90      0.0608     76.26 RIGHT   2.6680E-05   -372.80  1.0587E-04   -387.60
   30.00    295.00    -12.56     0.69     0.89      0.1039     79.18 RIGHT   2.3175E-05   -356.72  1.0652E-04   -386.39
   35.00    295.00    -12.87     0.70     0.89      0.1619     82.42 RIGHT   2.2352E-05   -333.45  1.0667E-04   -385.25
   40.00    295.00    -11.58     0.65     0.90      0.2349     86.09 RIGHT   2.5942E-05   -309.49  1.0605E-04   -384.18
   45.00    295.00     -9.33     0.51     0.93      0.3221    -89.59 RIGHT   3.3608E-05   -292.02  1.0431E-04   -383.17
   50.00    295.00     -7.05     0.24     0.98      0.4203    -84.18 RIGHT   4.3705E-05   -281.02  1.0114E-04   -382.20
   55.00    295.00     -5.11    -0.20     1.02      0.5222    -76.83 RIGHT   5.4646E-05   -274.11  9.6206E-05   -381.28
   60.00    295.00     -3.61    -0.85     1.00      0.6113    -66.14 RIGHT   6.4980E-05   -269.66  8.9212E-05   -380.42
   65.00    295.00     -2.57    -1.81     0.84      0.6572    -51.41 RIGHT   7.3188E-05   -266.76  7.9940E-05   -379.62
   70.00    295.00     -2.07    -3.18     0.42      0.6380    -36.24 RIGHT   7.7560E-05   -264.98  6.8271E-05   -378.88
   75.00    295.00     -2.24    -5.18    -0.45      0.5733    -24.89 RIGHT   7.6066E-05   -264.13  5.4214E-05   -378.22
   80.00    295.00     -3.46    -8.28    -2.23      0.4920    -17.14 RIGHT   6.6062E-05   -264.20  3.7922E-05   -377.65
   85.00    295.00     -7.10   -13.97    -6.29      0.4071    -11.49 RIGHT   4.3448E-05   -265.37  1.9702E-05   -377.17
   90.00    295.00   -999.99  -999.99  -999.99      0.0000      0.00         3.4530E-15   -448.25  1.1851E-15   -196.79
    0.00    300.00     -4.84    -0.07     1.18      0.0000     60.00 LINEAR  5.6392E-05   -395.74  9.7674E-05   -395.74
    5.00    300.00     -5.45    -0.03     1.06      0.0003     61.81 RIGHT   5.2561E-05   -393.34  9.8051E-05   -393.38
   10.00    300.00     -6.14     0.02     0.96      0.0035     63.82 RIGHT   4.8511E-05   -390.72  9.8671E-05   -391.22
   15.00    300.00     -6.95     0.09     0.88      0.0125     66.06 RIGHT   4.4191E-05   -387.30  9.9479E-05   -389.24
   20.00    300.00     -7.91     0.17     0.80      0.0305     68.54 RIGHT   3.9579E-05   -382.30  1.0038E-04   -387.42
   25.00    300.00     -9.03     0.24     0.73      0.0600     71.29 RIGHT   3.4803E-05   -374.52  1.0122E-04   -385.73
   30.00    300.00    -10.21     0.30     0.67      0.1035     74.35 RIGHT   3.0390E-05   -362.20  1.0182E-04   -384.14
   35.00    300.00    -11.04     0.31     0.61      0.1628     77.77 RIGHT   2.7612E-05   -343.72  1.0194E-04   -382.65
   40.00    300.00    -10.81     0.25     0.58      0.2387     81.65 RIGHT   2.8364E-05   -320.81  1.0131E-04   -381.23
   45.00    300.00     -9.34     0.11     0.57      0.3306     86.21 RIGHT   3.3582E-05   -299.95  9.9618E-05   -379.88
   50.00    300.00     -7.35    -0.17     0.59      0.4358    -88.07 RIGHT   4.2201E-05   -285.02  9.6551E-05   -378.60
   55.00    300.00     -5.48    -0.60     0.62      0.5465    -80.17 RIGHT   5.2392E-05   -275.20  9.1800E-05   -377.38
   60.00    300.00     -3.96    -1.26     0.61      0.6427    -68.17 RIGHT   6.2406E-05   -268.75  8.5092E-05   -376.26
   65.00    300.00     -2.89    -2.22     0.47      0.6851    -51.16 RIGHT   7.0555E-05   -264.50  7.6221E-05   -375.22
   70.00    300.00     -2.35    -3.59     0.08      0.6511    -34.76 RIGHT   7.5042E-05   -261.78  6.5074E-05   -374.29
   75.00    300.00     -2.50    -5.60    -0.77      0.5742    -23.61 RIGHT   7.3810E-05   -260.28  5.1661E-05   -373.47
   80.00    300.00     -3.71    -8.70    -2.51      0.4871    -16.30 RIGHT   6.4233E-05   -259.92  3.6129E-05   -372.79
   85.00    300.00     -7.34   -14.39    -6.55      0.4006    -10.97 RIGHT   4.2296E-05   -260.86  1.8769E-05   -372.24
   90.00    300.00   -999.99  -999.99  -999.99      0.0000      0.00         3.3628E-15   -443.66  1.1289E-15   -191.84
    0.00    305.00     -3.64    -0.55     1.18      0.0000     55.00 LINEAR  6.4690E-05   -395.74  9.2387E-05   -395.74
    5.00    305.00     -4.17    -0.51     1.04      0.0003     56.72 RIGHT   6.0886E-05   -392.98  9.2772E-05   -393.02
   10.00    305.00     -4.77    -0.46     0.91      0.0033     58.68 RIGHT   5.6821E-05   -390.07  9.3375E-05   -390.50
   15.00    305.00     -5.47    -0.39     0.79      0.0121     60.89 RIGHT   5.2436E-05   -386.54  9.4144E-05   -388.16
   20.00    305.00     -6.29    -0.31     0.67      0.0295     63.38 RIGHT   4.7677E-05   -381.77  9.4987E-05   -385.99
   25.00    305.00     -7.27    -0.24     0.55      0.0586     66.20 RIGHT   4.2601E-05   -374.89  9.5768E-05   -383.95
   30.00    305.00     -8.37    -0.19     0.43      0.1023     69.37 RIGHT   3.7552E-05   -364.62  9.6308E-05   -382.02
   35.00    305.00     -9.37    -0.18     0.31      0.1627     72.93 RIGHT   3.3452E-05   -349.40  9.6388E-05   -380.18
   40.00    305.00     -9.77    -0.24     0.22      0.2416     76.99 RIGHT   3.1964E-05   -328.97  9.5748E-05   -378.43
   45.00    305.00     -9.06    -0.39     0.16      0.3391     81.74 RIGHT   3.4665E-05   -307.12  9.4105E-05   -376.76
   50.00    305.00     -7.52    -0.66     0.15      0.4528     87.72 RIGHT   4.1428E-05   -289.17  9.1163E-05   -375.18
   55.00    305.00     -5.78    -1.11     0.17      0.5746    -83.81 RIGHT   5.0561E-05   -276.57  8.6634E-05   -373.69
   60.00    305.00     -4.29    -1.77     0.16      0.6802    -70.07 RIGHT   6.0067E-05   -268.10  8.0265E-05   -372.31
   65.00    305.00     -3.21    -2.73     0.05      0.7153    -49.86 RIGHT   6.8043E-05   -262.45  7.1864E-05   -371.05
   70.00    305.00     -2.64    -4.11    -0.30      0.6601    -32.44 RIGHT   7.2580E-05   -258.78  6.1331E-05   -369.93
   75.00    305.00     -2.77    -6.12    -1.12      0.5697    -21.94 RIGHT   7.1573E-05   -256.63  4.8674E-05   -368.97
   80.00    305.00     -3.96    -9.22    -2.83      0.4775    -15.26 RIGHT   6.2405E-05   -255.85  3.4033E-05   -368.18
   85.00    305.00     -7.58   -14.91    -6.84      0.3901    -10.35 RIGHT   4.1140E-05   -256.55  1.7677E-05   -367.56
   90.00    305.00   -999.99  -999.99  -999.99      0.0000      0.00         3.2720E-15   -439.27  1.0632E-15   -187.14
    0.00    310.00     -2.65    -1.13     1.18      0.0000     50.00 LINEAR  7.2496E-05   -395.74  8.6398E-05   -395.74
    5.00    310.00     -3.12    -1.09     1.02      0.0002     51.63 RIGHT   6.8720E-05   -392.65  8.6782E-05   -392.68
   10.00    310.00     -3.65    -1.04     0.86      0.0031     53.50 RIGHT   6.4644E-05   -389.45  8.7358E-05   -389.82
   15.00    310.00     -4.27    -0.96     0.70      0.0115     55.65 RIGHT   6.0196E-05   -385.75  8.8077E-05   -387.16
   20.00    310.00     -5.01    -0.89     0.53      0.0283     58.13 RIGHT   5.5301E-05   -381.04  8.8854E-05   -384.65
   25.00    310.00     -5.89    -0.82     0.36      0.0567     60.96 RIGHT   4.9963E-05   -374.64  8.9562E-05   -382.28
   30.00    310.00     -6.91    -0.77     0.17      0.1001     64.19 RIGHT   4.4414E-05   -365.56  9.0035E-05   -380.03
   35.00    310.00     -7.96    -0.77    -0.01      0.1615     67.86 RIGHT   3.9346E-05   -352.46  9.0070E-05   -377.87
   40.00    310.00     -8.70    -0.83    -0.17      0.2434     72.04 RIGHT   3.6143E-05   -334.40  8.9426E-05   -375.81
   45.00    310.00     -8.60    -0.99    -0.29      0.3470     76.92 RIGHT   3.6567E-05   -313.03  8.7843E-05   -373.84
   50.00    310.00     -7.54    -1.27    -0.35      0.4711     83.06 RIGHT   4.1310E-05   -293.18  8.5047E-05   -371.97
   55.00    310.00     -6.03    -1.72    -0.35      0.6076    -87.96 RIGHT   4.9150E-05   -278.11  8.0775E-05   -370.22
   60.00    310.00     -4.60    -2.38    -0.34      0.7260    -71.81 RIGHT   5.7981E-05   -267.67  7.4795E-05   -368.60
   65.00    310.00     -3.51    -3.35    -0.42      0.7462    -46.89 RIGHT   6.5687E-05   -260.63  6.6934E-05   -367.14
   70.00    310.00     -2.93    -4.73    -0.73      0.6625    -29.24 RIGHT   7.0215E-05   -256.00  5.7098E-05   -365.84
   75.00    310.00     -3.03    -6.74    -1.49      0.5587    -19.93 RIGHT   6.9396E-05   -253.21  4.5299E-05   -364.74
   80.00    310.00     -4.21    -9.85    -3.16      0.4624    -14.06 RIGHT   6.0614E-05   -252.01  3.1664E-05   -363.84
   85.00    310.00     -7.82   -15.54    -7.14      0.3753     -9.64 RIGHT   4.0002E-05   -252.47  1.6444E-05   -363.17
   90.00    310.00   -999.99  -999.99  -999.99      0.0000      0.00         3.1827E-15   -435.12  9.8895E-16   -182.72
    0.00    315.00     -1.83    -1.83     1.18      0.0000     45.00 LINEAR  7.9751E-05   -395.74  7.9751E-05   -395.74
    5.00    315.00     -2.24    -1.79     1.00      0.0002     46.51 RIGHT   7.6005E-05   -392.33  8.0125E-05   -392.36
   10.00    315.00     -2.72    -1.73     0.81      0.0029     48.28 RIGHT   7.1917E-05   -388.86  8.0665E-05   -389.20
   15.00    315.00     -3.29    -1.66     0.61      0.0107     50.35 RIGHT   6.7408E-05   -384.97  8.1326E-05   -386.22
   20.00    315.00     -3.96    -1.58     0.40      0.0267     52.76 RIGHT   6.2384E-05   -380.24  8.2029E-05   -383.41
   25.00    315.00     -4.77    -1.52     0.16      0.0542     55.56 RIGHT   5.6812E-05   -374.09  8.2658E-05   -380.74
   30.00    315.00     -5.74    -1.47    -0.09      0.0969     58.81 RIGHT   5.0844E-05   -365.73  8.3060E-05   -378.18
   35.00    315.00     -6.79    -1.47    -0.36      0.1588     62.52 RIGHT   4.5017E-05   -354.03  8.3050E-05   -375.73
   40.00    315.00     -7.72    -1.54    -0.60      0.2436     66.75 RIGHT   4.0485E-05   -337.86  8.2410E-05   -373.38
   45.00    315.00     -8.05    -1.70    -0.80      0.3539     71.65 RIGHT   3.8972E-05   -317.58  8.0901E-05   -371.13
   50.00    315.00     -7.45    -1.99    -0.90      0.4901     77.76 RIGHT   4.1721E-05   -296.81  7.8276E-05   -369.00
   55.00    315.00     -6.21    -2.44    -0.92      0.6460     86.99 RIGHT   4.8127E-05   -279.72  7.4298E-05   -367.01
   60.00    315.00     -4.87    -3.11    -0.90      0.7834    -73.26 RIGHT   5.6158E-05   -267.42  6.8757E-05   -365.17
   65.00    315.00     -3.80    -4.08    -0.93      0.7729    -41.33 RIGHT   6.3512E-05   -259.02  6.1496E-05   -363.51
   70.00    315.00     -3.21    -5.47    -1.19      0.6550    -25.27 RIGHT   6.7982E-05   -253.45  5.2435E-05   -362.05
   75.00    315.00     -3.30    -7.48    -1.89      0.5398    -17.67 RIGHT   6.7319E-05   -250.03  4.1583E-05   -360.81
   80.00    315.00     -4.46   -10.60    -3.51      0.4415    -12.72 RIGHT   5.8895E-05   -248.43  2.9059E-05   -359.82
   85.00    315.00     -8.06   -16.29    -7.45      0.3559     -8.83 RIGHT   3.8907E-05   -248.67  1.5088E-05   -359.09
   90.00    315.00   -999.99  -999.99  -999.99      0.0000      0.00         3.0967E-15   -431.24  9.0740E-16   -178.63
    0.00    320.00     -1.13    -2.65     1.18      0.0000     40.00 LINEAR  8.6398E-05   -395.74  7.2496E-05   -395.74
    5.00    320.00     -1.51    -2.61     0.98      0.0002     41.38 RIGHT   8.2682E-05   -392.05  7.2853E-05   -392.07
   10.00    320.00     -1.95    -2.55     0.77      0.0027     43.03 RIGHT   7.8584E-05   -388.31  7.3350E-05   -388.62
   15.00    320.00     -2.47    -2.48     0.53      0.0099     44.97 RIGHT   7.4016E-05   -384.23  7.3946E-05   -385.37
   20.00    320.00     -3.10    -2.41     0.27      0.0248     47.28 RIGHT   6.8870E-05   -379.42  7.4569E-05   -382.27
   25.00    320.00     -3.86    -2.35    -0.03      0.0509     50.00 RIGHT   6.3084E-05   -373.40  7.5115E-05   -379.32
   30.00    320.00     -4.78    -2.31    -0.36      0.0924     53.19 RIGHT   5.6754E-05   -365.49  7.5448E-05   -376.49
   35.00    320.00     -5.83    -2.31    -0.71      0.1542     56.87 RIGHT   5.0306E-05   -354.73  7.5398E-05   -373.77
   40.00    320.00     -6.85    -2.39    -1.06      0.2412     61.06 RIGHT   4.4719E-05   -339.99  7.4771E-05   -371.15
   45.00    320.00     -7.48    -2.55    -1.34      0.3584     65.82 RIGHT   4.1604E-05   -320.92  7.3354E-05   -368.65
   50.00    320.00     -7.29    -2.84    -1.51      0.5085     71.57 RIGHT   4.2513E-05   -299.91  7.0927E-05   -366.28
   55.00    320.00     -6.34    -3.30    -1.55      0.6891     80.28 RIGHT   4.7445E-05   -281.29  6.7278E-05   -364.06
   60.00    320.00     -5.12    -3.98    -1.50      0.8568    -74.00 RIGHT   5.4596E-05   -267.32  6.2222E-05   -362.02
   65.00    320.00     -4.08    -4.96    -1.48      0.7839    -32.51 RIGHT   6.1541E-05   -257.62  5.5621E-05   -360.18
   70.00    320.00     -3.48    -6.35    -1.67      0.6341    -20.87 RIGHT   6.5913E-05   -251.15  4.7402E-05   -358.57
   75.00    320.00     -3.55    -8.36    -2.31      0.5122    -15.27 RIGHT   6.5376E-05   -247.12  3.7577E-05   -357.22
   80.00    320.00     -4.70   -11.48    -3.87      0.4143    -11.29 RIGHT   5.7279E-05   -245.14  2.6252E-05   -356.14
   85.00    320.00     -8.29   -17.17    -7.77      0.3319     -7.96 RIGHT   3.7876E-05   -245.16  1.3629E-05   -355.35
   90.00    320.00   -999.99  -999.99  -999.99      0.0000      0.00         3.0156E-15   -427.67  8.1955E-16   -174.87
    0.00    325.00     -0.55    -3.64     1.18      0.0000     35.00 LINEAR  9.2387E-05   -395.74  6.4690E-05   -395.74
    5.00    325.00     -0.90    -3.60     0.97      0.0002     36.24 RIGHT   8.8701E-05   -391.79  6.5022E-05   -391.81
   10.00    325.00     -1.31    -3.54     0.72      0.0024     37.74 RIGHT   8.4593E-05   -387.82  6.5468E-05   -388.11
   15.00    325.00     -1.80    -3.47     0.45      0.0090     39.53 RIGHT   7.9970E-05   -383.55  6.5994E-05   -384.60
   20.00    325.00     -2.39    -3.40     0.14      0.0226     41.68 RIGHT   7.4709E-05   -378.64  6.6535E-05   -381.25
   25.00    325.00     -3.12    -3.34    -0.22      0.0470     44.27 RIGHT   6.8728E-05   -372.67  6.6999E-05   -378.05
   30.00    325.00     -4.00    -3.31    -0.63      0.0866     47.33 RIGHT   6.2080E-05   -365.05  6.7265E-05   -374.97
   35.00    325.00     -5.04    -3.32    -1.08      0.1471     50.89 RIGHT   5.5113E-05   -354.93  6.7184E-05   -372.01
   40.00    325.00     -6.12    -3.39    -1.53      0.2354     54.91 RIGHT   4.8674E-05   -341.24  6.6584E-05   -369.15
   45.00    325.00     -6.94    -3.57    -1.92      0.3584     59.33 RIGHT   4.4248E-05   -323.28  6.5280E-05   -366.42
   50.00    325.00     -7.08    -3.86    -2.17      0.5225     64.20 RIGHT   4.3535E-05   -302.44  6.3078E-05   -363.84
   55.00    325.00     -6.41    -4.33    -2.24      0.7312     70.46 RIGHT   4.7042E-05   -282.76  5.9794E-05   -361.42
   60.00    325.00     -5.33    -5.01    -2.16      0.9523    -69.14 RIGHT   5.3286E-05   -267.33  5.5266E-05   -359.19
   65.00    325.00     -4.33    -5.99    -2.07      0.7635    -22.07 RIGHT   5.9788E-05   -256.42  4.9375E-05   -357.19
   70.00    325.00     -3.73    -7.38    -2.17      0.5975    -16.52 RIGHT   6.4037E-05   -249.09  4.2059E-05   -355.44
   75.00    325.00     -3.79    -9.40    -2.74      0.4751    -12.86 RIGHT   6.3598E-05   -244.50  3.3329E-05   -353.98
   80.00    325.00     -4.93   -12.52    -4.23      0.3806     -9.81 RIGHT   5.5795E-05   -242.16  2.3277E-05   -352.82
   85.00    325.00     -8.51   -18.22    -8.07      0.3032     -7.04 RIGHT   3.6927E-05   -241.98  1.2082E-05   -351.99
   90.00    325.00   -999.99  -999.99  -999.99      0.0000      0.00         2.9410E-15   -424.42  7.2652E-16   -171.49
    0.00    330.00     -0.07    -4.84     1.18      0.0000     30.00 LINEAR  9.7674E-05   -395.74  5.6392E-05   -395.74
    5.00    330.00     -0.40    -4.79     0.95      0.0002     31.09 RIGHT   9.4015E-05   -391.56  5.6691E-05   -391.58
   10.00    330.00     -0.79    -4.73     0.69      0.0021     32.41 RIGHT   8.9898E-05   -387.38  5.7082E-05   -387.65
   15.00    330.00     -1.25    -4.66     0.38      0.0079     34.02 RIGHT   8.5222E-05   -382.94  5.7534E-05   -383.92
   20.00    330.00     -1.81    -4.59     0.02      0.0201     35.98 RIGHT   7.9857E-05   -377.93  5.7993E-05   -380.35
   25.00    330.00     -2.51    -4.54    -0.40      0.0422     38.36 RIGHT   7.3699E-05   -371.96  5.8377E-05   -376.93
   30.00    330.00     -3.37    -4.51    -0.89      0.0790     41.21 RIGHT   6.6774E-05   -364.52  5.8582E-05   -373.63
   35.00    330.00     -4.39    -4.52    -1.44      0.1371     44.55 RIGHT   5.9371E-05   -354.84  5.8480E-05   -370.45
   40.00    330.00     -5.50    -4.60    -2.02      0.2246     48.27 RIGHT   5.2238E-05   -341.93  5.7924E-05   -367.39
   45.00    330.00     -6.47    -4.78    -2.53      0.3511     52.10 RIGHT   4.6747E-05   -324.90  5.6753E-05   -364.46
   50.00    330.00     -6.86    -5.08    -2.87      0.5256     55.43 RIGHT   4.4654E-05   -304.43  5.4804E-05   -361.68
   55.00    330.00     -6.45    -5.55    -2.97      0.7528     55.86 RIGHT   4.6851E-05   -284.05  5.1918E-05   -359.08
   60.00    330.00     -5.51    -6.24    -2.85      0.9177      4.13 RIGHT   5.2210E-05   -267.40  4.7958E-05   -356.69
   65.00    330.00     -4.55    -7.23    -2.68      0.7059    -13.46 RIGHT   5.8265E-05   -255.41  4.2823E-05   -354.55
   70.00    330.00     -3.96    -8.62    -2.68      0.5447    -12.61 RIGHT   6.2375E-05   -247.30  3.6461E-05   -352.68
   75.00    330.00     -4.01   -10.65    -3.16      0.4285    -10.56 RIGHT   6.2011E-05   -242.18  2.8882E-05   -351.12
   80.00    330.00     -5.14   -13.77    -4.58      0.3406     -8.32 RIGHT   5.4466E-05   -239.51  2.0166E-05   -349.89
   85.00    330.00     -8.72   -19.47    -8.37      0.2700     -6.07 RIGHT   3.6077E-05   -239.16  1.0465E-05   -349.01
   90.00    330.00   -999.99  -999.99  -999.99      0.0000      0.00         2.8740E-15   -421.54  6.2926E-16   -168.50
    0.00    335.00      0.33    -6.30     1.18      0.0000     25.00 LINEAR  1.0222E-04   -395.74  4.7665E-05   -395.74
    5.00    335.00      0.01    -6.25     0.94      0.0001     25.93 RIGHT   9.8583E-05   -391.37  4.7924E-05   -391.39
   10.00    335.00     -0.36    -6.19     0.65      0.0018     27.06 RIGHT   9.4457E-05   -387.01  4.8256E-05   -387.26
   15.00    335.00     -0.80    -6.12     0.32      0.0067     28.45 RIGHT   8.9734E-05   -382.41  4.8633E-05   -383.34
   20.00    335.00     -1.35    -6.06    -0.08      0.0173     30.17 RIGHT   8.4275E-05   -377.30  4.9009E-05   -379.58
   25.00    335.00     -2.02    -6.00    -0.56      0.0367     32.28 RIGHT   7.7963E-05   -371.31  4.9318E-05   -375.97
   30.00    335.00     -2.86    -5.97    -1.13      0.0698     34.84 RIGHT   7.0799E-05   -363.98  4.9470E-05   -372.48
   35.00    335.00     -3.87    -5.99    -1.79      0.1235     37.84 RIGHT   6.3032E-05   -354.61  4.9359E-05   -369.12
   40.00    335.00     -5.00    -6.08    -2.50      0.2072     41.12 RIGHT   5.5336E-05   -342.27  4.8863E-05   -365.88
   45.00    335.00     -6.06    -6.26    -3.15      0.3325     44.15 RIGHT   4.8993E-05   -325.98  4.7848E-05   -362.77
   50.00    335.00     -6.65    -6.57    -3.60      0.5082     45.44 RIGHT   4.5759E-05   -305.94  4.6177E-05   -359.83
   55.00    335.00     -6.45    -7.05    -3.73      0.7203     38.79 RIGHT   4.6809E-05   -285.14  4.3720E-05   -357.07
   60.00    335.00     -5.65    -7.74    -3.56      0.7817      6.00 RIGHT   5.1349E-05   -267.51  4.0363E-05   -354.54
   65.00    335.00     -4.75    -8.73    -3.29      0.6193     -7.89 RIGHT   5.6976E-05   -254.57  3.6024E-05   -352.28
   70.00    335.00     -4.16   -10.13    -3.18      0.4771     -9.34 RIGHT   6.0945E-05   -245.77  3.0659E-05   -350.31
   75.00    335.00     -4.21   -12.16    -3.56      0.3728     -8.41 RIGHT   6.0638E-05   -240.19  2.4278E-05   -348.66
   80.00    335.00     -5.32   -15.28    -4.91      0.2946     -6.84 RIGHT   5.3313E-05   -237.23  1.6947E-05   -347.37
   85.00    335.00     -8.90   -20.98    -8.64      0.2325     -5.08 RIGHT   3.5338E-05   -236.71  8.7936E-06   -346.46
   90.00    335.00   -999.99  -999.99  -999.99      0.0000      0.00         2.8158E-15   -419.05  5.2873E-16   -165.93
    0.00    340.00      0.64    -8.14     1.18      0.0000     20.00 LINEAR  1.0598E-04   -395.74  3.8574E-05   -395.74
    5.00    340.00      0.34    -8.09     0.92      0.0001     20.75 RIGHT   1.0237E-04   -391.20  3.8789E-05   -391.22
   10.00    340.00     -0.02    -8.03     0.62      0.0015     21.68 RIGHT   9.8235E-05   -386.69  3.9057E-05   -386.94
   15.00    340.00     -0.45    -7.96     0.26      0.0055     22.83 RIGHT   9.3472E-05   -381.97  3.9359E-05   -382.85
   20.00    340.00     -0.98    -7.89    -0.17      0.0142     24.26 RIGHT   8.7932E-05   -376.77  3.9656E-05   -378.94
   25.00    340.00     -1.64    -7.84    -0.71      0.0305     26.04 RIGHT   8.1489E-05   -370.75  3.9894E-05   -375.17
   30.00    340.00     -2.46    -7.82    -1.35      0.0587     28.22 RIGHT   7.4127E-05   -363.48  4.0002E-05   -371.53
   35.00    340.00     -3.46    -7.84    -2.11      0.1059     30.78 RIGHT   6.6064E-05   -354.33  3.9895E-05   -368.01
   40.00    340.00     -4.60    -7.93    -2.95      0.1819     33.50 RIGHT   5.7921E-05   -342.40  3.9475E-05   -364.62
   45.00    340.00     -5.73    -8.12    -3.75      0.2986     35.62 RIGHT   5.0907E-05   -326.67  3.8635E-05   -361.37
   50.00    340.00     -6.46    -8.43    -4.33      0.4607     34.95 RIGHT   4.6764E-05   -307.05  3.7266E-05   -358.29
   55.00    340.00     -6.45    -8.91    -4.50      0.6260     25.35 RIGHT   4.6855E-05   -286.01  3.5265E-05   -355.41
   60.00    340.00     -5.76    -9.61    -4.26      0.6366      5.24 RIGHT   5.0682E-05   -267.62  3.2542E-05   -352.76
   65.00    340.00     -4.91   -10.60    -3.87      0.5134     -4.56 RIGHT   5.5924E-05   -253.90  2.9031E-05   -350.40
   70.00    340.00     -4.33   -12.01    -3.65      0.3967     -6.70 RIGHT   5.9761E-05   -244.51  2.4699E-05   -348.34
   75.00    340.00     -4.37   -14.04    -3.93      0.3088     -6.44 RIGHT   5.9494E-05   -238.54  1.9552E-05   -346.62
   80.00    340.00     -5.48   -17.16    -5.20      0.2430     -5.40 RIGHT   5.2351E-05   -235.33  1.3645E-05   -345.28
   85.00    340.00     -9.05   -22.86    -8.87      0.1911     -4.07 RIGHT   3.4721E-05   -234.68  7.0795E-06   -344.34
   90.00    340.00   -999.99  -999.99  -999.99      0.0000      0.00         2.7672E-15   -416.97  4.2564E-16   -163.80
    0.00    345.00      0.88   -10.56     1.18      0.0000     15.00 LINEAR  1.0894E-04   -395.74  2.9191E-05   -395.74
    5.00    345.00      0.59   -10.51     0.92      0.0001     15.57 RIGHT   1.0535E-04   -391.08  2.9355E-05   -391.10
   10.00    345.00      0.24   -10.45     0.60      0.0011     16.28 RIGHT   1.0120E-04   -386.45  2.9559E-05   -386.68
   15.00    345.00     -0.18   -10.38     0.22      0.0042     17.17 RIGHT   9.6407E-05   -381.62  2.9785E-05   -382.47
   20.00    345.00     -0.70   -10.32    -0.25      0.0109     18.28 RIGHT   9.0802E-05   -376.35  3.0004E-05   -378.44
   25.00    345.00     -1.35   -10.27    -0.83      0.0235     19.67 RIGHT   8.4255E-05   -370.30  3.0177E-05   -374.55
   30.00    345.00     -2.16   -10.25    -1.53      0.0459     21.38 RIGHT   7.6735E-05   -363.07  3.0249E-05   -370.79
   35.00    345.00     -3.15   -10.27    -2.38      0.0842     23.40 RIGHT   6.8442E-05   -354.06  3.0157E-05   -367.15
   40.00    345.00     -4.30   -10.37    -3.34      0.1475     25.47 RIGHT   5.9958E-05   -342.41  2.9828E-05   -363.64
   45.00    345.00     -5.47   -10.56    -4.30      0.2466     26.73 RIGHT   5.2439E-05   -327.11  2.9181E-05   -360.27
   50.00    345.00     -6.31   -10.88    -5.01      0.3797     24.93 RIGHT   4.7604E-05   -307.83  2.8135E-05   -357.08
   55.00    345.00     -6.43   -11.36    -5.22      0.4921     16.34 RIGHT   4.6942E-05   -286.68  2.6614E-05   -354.10
   60.00    345.00     -5.85   -12.06    -4.92      0.4843      4.06 RIGHT   5.0187E-05   -267.73  2.4549E-05   -351.37
   65.00    345.00     -5.04   -13.05    -4.40      0.3947     -2.59 RIGHT   5.5108E-05   -253.40  2.1893E-05   -348.92
   70.00    345.00     -4.47   -14.46    -4.05      0.3063     -4.58 RIGHT   5.8831E-05   -243.53  1.8620E-05   -346.79
   75.00    345.00     -4.50   -16.49    -4.24      0.2380     -4.66 RIGHT   5.8592E-05   -237.24  1.4737E-05   -345.02
   80.00    345.00     -5.61   -19.62    -5.44      0.1866     -4.00 RIGHT   5.1592E-05   -233.83  1.0283E-05   -343.64
   85.00    345.00     -9.17   -25.32    -9.07      0.1464     -3.06 RIGHT   3.4234E-05   -233.07  5.3344E-06   -342.67
   90.00    345.00   -999.99  -999.99  -999.99      0.0000      0.00         2.7289E-15   -415.33  3.2070E-16   -162.13
    0.00    350.00      1.05   -14.02     1.18      0.0000     10.00 LINEAR  1.1107E-04   -395.74  1.9585E-05   -395.74
    5.00    350.00      0.77   -13.97     0.91      0.0001     10.38 RIGHT   1.0749E-04   -390.98  1.9697E-05   -391.00
   10.00    350.00      0.42   -13.91     0.58      0.0007     10.86 RIGHT   1.0334E-04   -386.27  1.9833E-05   -386.50
   15.00    350.00      0.01   -13.85     0.18      0.0028     11.46 RIGHT   9.8520E-05   -381.37  1.9983E-05   -382.20
   20.00    350.00     -0.50   -13.79    -0.30      0.0074     12.22 RIGHT   9.2866E-05   -376.04  2.0128E-05   -378.08
   25.00    350.00     -1.15   -13.74    -0.91      0.0160     13.18 RIGHT   8.6242E-05   -369.97  2.0240E-05   -374.10
   30.00    350.00     -1.95   -13.72    -1.67      0.0316     14.36 RIGHT   7.8609E-05   -362.75  2.0284E-05   -370.25
   35.00    350.00     -2.94   -13.75    -2.59      0.0586     15.76 RIGHT   7.0151E-05   -353.84  2.0217E-05   -366.52
   40.00    350.00     -4.09   -13.84    -3.66      0.1044     17.14 RIGHT   6.1426E-05   -342.38  1.9990E-05   -362.93
   45.00    350.00     -5.29   -14.04    -4.74      0.1766     17.75 RIGHT   5.3553E-05   -327.37  1.9550E-05   -359.48
   50.00    350.00     -6.19   -14.36    -5.58      0.2697     15.87 RIGHT   4.8233E-05   -308.34  1.8844E-05   -356.22
   55.00    350.00     -6.41   -14.84    -5.83      0.3371      9.89 RIGHT   4.7032E-05   -287.14  1.7819E-05   -353.16
   60.00    350.00     -5.91   -15.55    -5.46      0.3262      2.74 RIGHT   4.9847E-05   -267.82  1.6432E-05   -350.36
   65.00    350.00     -5.13   -16.54    -4.83      0.2676     -1.39 RIGHT   5.4527E-05   -253.04  1.4651E-05   -347.85
   70.00    350.00     -4.57   -17.95    -4.37      0.2083     -2.85 RIGHT   5.8163E-05   -242.83  1.2458E-05   -345.68
   75.00    350.00     -4.60   -19.99    -4.48      0.1618     -3.02 RIGHT   5.7942E-05   -236.30  9.8576E-06   -343.87
   80.00    350.00     -5.70   -23.11    -5.62      0.1266     -2.64 RIGHT   5.1043E-05   -232.75  6.8775E-06   -342.46
   85.00    350.00     -9.26   -28.81    -9.21      0.0991     -2.04 RIGHT   3.3882E-05   -231.91  3.5675E-06   -341.47
   90.00    350.00   -999.99  -999.99  -999.99      0.0000      0.00         2.7012E-15   -414.14  2.1447E-16   -160.92
    0.00    355.00      1.15   -20.01     1.18      0.0000      5.00 LINEAR  1.1236E-04   -395.74  9.8298E-06   -395.74
    5.00    355.00      0.87   -19.96     0.91      0.0000      5.19 RIGHT   1.0878E-04   -390.93  9.8863E-06   -390.95
   10.00    355.00      0.53   -19.90     0.57      0.0004      5.43 RIGHT   1.0463E-04   -386.16  9.9548E-06   -386.39
   15.00    355.00      0.12   -19.84     0.16      0.0014      5.74 RIGHT   9.9793E-05   -381.22  1.0030E-05   -382.04
   20.00    355.00     -0.39   -19.77    -0.34      0.0037      6.12 RIGHT   9.4111E-05   -375.85  1.0102E-05   -377.86
   25.00    355.00     -1.03   -19.73    -0.97      0.0081      6.61 RIGHT   8.7439E-05   -369.76  1.0157E-05   -373.83
   30.00    355.00     -1.83   -19.71    -1.76      0.0161      7.22 RIGHT   7.9737E-05   -362.56  1.0177E-05   -369.93
   35.00    355.00     -2.81   -19.74    -2.73      0.0301      7.93 RIGHT   7.1180E-05   -353.69  1.0142E-05   -366.15
   40.00    355.00     -3.97   -19.84    -3.86      0.0542      8.62 RIGHT   6.2312E-05   -342.35  1.0026E-05   -362.50
   45.00    355.00     -5.18   -20.03    -5.04      0.0923      8.84 RIGHT   5.4230E-05   -327.50  9.8038E-06   -359.01
   50.00    355.00     -6.12   -20.35    -5.96      0.1398      7.69 RIGHT   4.8622E-05   -308.62  9.4477E-06   -355.69
   55.00    355.00     -6.40   -20.84    -6.25      0.1710      4.69 RIGHT   4.7096E-05   -287.41  8.9323E-06   -352.59
   60.00    355.00     -5.94   -21.55    -5.83      0.1641      1.38 RIGHT   4.9649E-05   -267.87  8.2356E-06   -349.75
   65.00    355.00     -5.18   -22.55    -5.11      0.1351     -0.60 RIGHT   5.4180E-05   -252.83  7.3415E-06   -347.21
   70.00    355.00     -4.63   -23.95    -4.58      0.1054     -1.37 RIGHT   5.7761E-05   -242.41  6.2417E-06   -345.00
   75.00    355.00     -4.66   -25.99    -4.63      0.0818     -1.48 RIGHT   5.7550E-05   -235.74  4.9385E-06   -343.17
   80.00    355.00     -5.76   -29.12    -5.74      0.0639     -1.31 RIGHT   5.0712E-05   -232.10  3.4452E-06   -341.74
   85.00    355.00     -9.32   -34.82    -9.30      0.0500     -1.02 RIGHT   3.3669E-05   -231.21  1.7870E-06   -340.75
   90.00    355.00   -999.99  -999.99  -999.99      0.0000      0.00         2.6845E-15   -413.43  1.0743E-16   -160.19


  AVERAGE POWER GAIN:  9.9667E-01 - SOLID ANGLE USED IN AVERAGING: (+1.9722)*PI STERADIANS



  DATA CARD No:   8 EN   0     0     0     0  0.00000E+00  0.00000E+00  0.00000E+00  0.00000E+00  0.00000E+00  0.00000E+00

  TOTAL RUN TIME: 50 msec