


                               __________________________________________
                              |                                          |
                              |  NUMERICAL ELECTROMAGNETICS CODE (nec2c) |
                              |   Translated to 'C' in Double Precision  |
                              |__________________________________________|



                               ---------------- COMMENTS ----------------
                               pattern-direct-35p0-17p0-30m
                              



                               -------- STRUCTURE SPECIFICATION --------
                                     COORDINATES MUST BE INPUT IN
                                     METERS OR BE SCALED TO METERS
                                     BEFORE STRUCTURE INPUT IS ENDED

  WIRE                                                                                 SEG FIRST  LAST  TAG
   No:        X1         Y1         Z1         X2         Y2         Z2       RADIUS   No:   SEG   SEG  No:
     1    -5.18160    0.00000    0.15240   -0.01000    0.00000    0.91440    0.00024    41     1    41    1
     2    -0.01000    0.00000    0.91440    0.01000    0.00000    0.91440    0.00024     1    42    42    2
     3     0.01000    0.00000    0.91440    6.78822    0.00000    9.14400    0.00024    61    43   103    3

     TOTAL SEGMENTS USED: 103   SEGMENTS IN A SYMMETRIC CELL: 103   SYMMETRY FLAG: 0


                               ---------- SEGMENTATION DATA ----------
                                        COORDINATES IN METERS
                            I+ AND I- INDICATE THE SEGMENTS BEFORE AND AFTER I

   SEG    COORDINATES OF SEGM CENTER     SEGM    ORIENTATION ANGLES    WIRE    CONNECTION DATA   TAG
   No:       X         Y         Z      LENGTH     ALPHA      BETA    RADIUS    I-     I    I+   No:
     1   -5.1185    0.0000    0.1617    0.1275    8.3818    0.0000    0.0002     0     1     2     1
     2   -4.9924    0.0000    0.1803    0.1275    8.3818    0.0000    0.0002     1     2     3     1
     3   -4.8663    0.0000    0.1989    0.1275    8.3818    0.0000    0.0002     2     3     4     1
     4   -4.7401    0.0000    0.2174    0.1275    8.3818    0.0000    0.0002     3     4     5     1
     5   -4.6140    0.0000    0.2360    0.1275    8.3818    0.0000    0.0002     4     5     6     1
     6   -4.4878    0.0000    0.2546    0.1275    8.3818    0.0000    0.0002     5     6     7     1
     7   -4.3617    0.0000    0.2732    0.1275    8.3818    0.0000    0.0002     6     7     8     1
     8   -4.2356    0.0000    0.2918    0.1275    8.3818    0.0000    0.0002     7     8     9     1
     9   -4.1094    0.0000    0.3104    0.1275    8.3818    0.0000    0.0002     8     9    10     1
    10   -3.9833    0.0000    0.3290    0.1275    8.3818    0.0000    0.0002     9    10    11     1
    11   -3.8572    0.0000    0.3475    0.1275    8.3818    0.0000    0.0002    10    11    12     1
    12   -3.7310    0.0000    0.3661    0.1275    8.3818    0.0000    0.0002    11    12    13     1
    13   -3.6049    0.0000    0.3847    0.1275    8.3818    0.0000    0.0002    12    13    14     1
    14   -3.4788    0.0000    0.4033    0.1275    8.3818    0.0000    0.0002    13    14    15     1
    15   -3.3526    0.0000    0.4219    0.1275    8.3818    0.0000    0.0002    14    15    16     1
    16   -3.2265    0.0000    0.4405    0.1275    8.3818    0.0000    0.0002    15    16    17     1
    17   -3.1003    0.0000    0.4591    0.1275    8.3818    0.0000    0.0002    16    17    18     1
    18   -2.9742    0.0000    0.4776    0.1275    8.3818    0.0000    0.0002    17    18    19     1
    19   -2.8481    0.0000    0.4962    0.1275    8.3818    0.0000    0.0002    18    19    20     1
    20   -2.7219    0.0000    0.5148    0.1275    8.3818    0.0000    0.0002    19    20    21     1
    21   -2.5958    0.0000    0.5334    0.1275    8.3818    0.0000    0.0002    20    21    22     1
    22   -2.4697    0.0000    0.5520    0.1275    8.3818    0.0000    0.0002    21    22    23     1
    23   -2.3435    0.0000    0.5706    0.1275    8.3818    0.0000    0.0002    22    23    24     1
    24   -2.2174    0.0000    0.5892    0.1275    8.3818    0.0000    0.0002    23    24    25     1
    25   -2.0913    0.0000    0.6077    0.1275    8.3818    0.0000    0.0002    24    25    26     1
    26   -1.9651    0.0000    0.6263    0.1275    8.3818    0.0000    0.0002    25    26    27     1
    27   -1.8390    0.0000    0.6449    0.1275    8.3818    0.0000    0.0002    26    27    28     1
    28   -1.7128    0.0000    0.6635    0.1275    8.3818    0.0000    0.0002    27    28    29     1
    29   -1.5867    0.0000    0.6821    0.1275    8.3818    0.0000    0.0002    28    29    30     1
    30   -1.4606    0.0000    0.7007    0.1275    8.3818    0.0000    0.0002    29    30    31     1
    31   -1.3344    0.0000    0.7193    0.1275    8.3818    0.0000    0.0002    30    31    32     1
    32   -1.2083    0.0000    0.7378    0.1275    8.3818    0.0000    0.0002    31    32    33     1
    33   -1.0822    0.0000    0.7564    0.1275    8.3818    0.0000    0.0002    32    33    34     1
    34   -0.9560    0.0000    0.7750    0.1275    8.3818    0.0000    0.0002    33    34    35     1
    35   -0.8299    0.0000    0.7936    0.1275    8.3818    0.0000    0.0002    34    35    36     1
    36   -0.7038    0.0000    0.8122    0.1275    8.3818    0.0000    0.0002    35    36    37     1
    37   -0.5776    0.0000    0.8308    0.1275    8.3818    0.0000    0.0002    36    37    38     1
    38   -0.4515    0.0000    0.8494    0.1275    8.3818    0.0000    0.0002    37    38    39     1
    39   -0.3253    0.0000    0.8679    0.1275    8.3818    0.0000    0.0002    38    39    40     1
    40   -0.1992    0.0000    0.8865    0.1275    8.3818    0.0000    0.0002    39    40    41     1
    41   -0.0731    0.0000    0.9051    0.1275    8.3818    0.0000    0.0002    40    41    42     1
    42    0.0000    0.0000    0.9144    0.0200    0.0000    0.0000    0.0002    41    42    43     2
    43    0.0656    0.0000    0.9819    0.1748   50.5238    0.0000    0.0002    42    43    44     3
    44    0.1767    0.0000    1.1168    0.1748   50.5238    0.0000    0.0002    43    44    45     3
    45    0.2878    0.0000    1.2517    0.1748   50.5238    0.0000    0.0002    44    45    46     3
    46    0.3989    0.0000    1.3866    0.1748   50.5238    0.0000    0.0002    45    46    47     3
    47    0.5100    0.0000    1.5215    0.1748   50.5238    0.0000    0.0002    46    47    48     3
    48    0.6212    0.0000    1.6564    0.1748   50.5238    0.0000    0.0002    47    48    49     3
    49    0.7323    0.0000    1.7913    0.1748   50.5238    0.0000    0.0002    48    49    50     3
    50    0.8434    0.0000    1.9262    0.1748   50.5238    0.0000    0.0002    49    50    51     3
    51    0.9545    0.0000    2.0611    0.1748   50.5238    0.0000    0.0002    50    51    52     3
    52    1.0656    0.0000    2.1961    0.1748   50.5238    0.0000    0.0002    51    52    53     3
    53    1.1767    0.0000    2.3310    0.1748   50.5238    0.0000    0.0002    52    53    54     3
    54    1.2879    0.0000    2.4659    0.1748   50.5238    0.0000    0.0002    53    54    55     3
    55    1.3990    0.0000    2.6008    0.1748   50.5238    0.0000    0.0002    54    55    56     3
    56    1.5101    0.0000    2.7357    0.1748   50.5238    0.0000    0.0002    55    56    57     3
    57    1.6212    0.0000    2.8706    0.1748   50.5238    0.0000    0.0002    56    57    58     3
    58    1.7323    0.0000    3.0055    0.1748   50.5238    0.0000    0.0002    57    58    59     3
    59    1.8435    0.0000    3.1404    0.1748   50.5238    0.0000    0.0002    58    59    60     3
    60    1.9546    0.0000    3.2754    0.1748   50.5238    0.0000    0.0002    59    60    61     3
    61    2.0657    0.0000    3.4103    0.1748   50.5238    0.0000    0.0002    60    61    62     3
    62    2.1768    0.0000    3.5452    0.1748   50.5238    0.0000    0.0002    61    62    63     3
    63    2.2879    0.0000    3.6801    0.1748   50.5238    0.0000    0.0002    62    63    64     3
    64    2.3990    0.0000    3.8150    0.1748   50.5238    0.0000    0.0002    63    64    65     3
    65    2.5102    0.0000    3.9499    0.1748   50.5238    0.0000    0.0002    64    65    66     3
    66    2.6213    0.0000    4.0848    0.1748   50.5238    0.0000    0.0002    65    66    67     3
    67    2.7324    0.0000    4.2197    0.1748   50.5238    0.0000    0.0002    66    67    68     3
    68    2.8435    0.0000    4.3546    0.1748   50.5238    0.0000    0.0002    67    68    69     3
    69    2.9546    0.0000    4.4896    0.1748   50.5238    0.0000    0.0002    68    69    70     3
    70    3.0658    0.0000    4.6245    0.1748   50.5238    0.0000    0.0002    69    70    71     3
    71    3.1769    0.0000    4.7594    0.1748   50.5238    0.0000    0.0002    70    71    72     3
    72    3.2880    0.0000    4.8943    0.1748   50.5238    0.0000    0.0002    71    72    73     3
    73    3.3991    0.0000    5.0292    0.1748   50.5238    0.0000    0.0002    72    73    74     3
    74    3.5102    0.0000    5.1641    0.1748   50.5238    0.0000    0.0002    73    74    75     3
    75    3.6213    0.0000    5.2990    0.1748   50.5238    0.0000    0.0002    74    75    76     3
    76    3.7325    0.0000    5.4339    0.1748   50.5238    0.0000    0.0002    75    76    77     3
    77    3.8436    0.0000    5.5688    0.1748   50.5238    0.0000    0.0002    76    77    78     3
    78    3.9547    0.0000    5.7038    0.1748   50.5238    0.0000    0.0002    77    78    79     3
    79    4.0658    0.0000    5.8387    0.1748   50.5238    0.0000    0.0002    78    79    80     3
    80    4.1769    0.0000    5.9736    0.1748   50.5238    0.0000    0.0002    79    80    81     3
    81    4.2881    0.0000    6.1085    0.1748   50.5238    0.0000    0.0002    80    81    82     3
    82    4.3992    0.0000    6.2434    0.1748   50.5238    0.0000    0.0002    81    82    83     3
    83    4.5103    0.0000    6.3783    0.1748   50.5238    0.0000    0.0002    82    83    84     3
    84    4.6214    0.0000    6.5132    0.1748   50.5238    0.0000    0.0002    83    84    85     3
    85    4.7325    0.0000    6.6481    0.1748   50.5238    0.0000    0.0002    84    85    86     3
    86    4.8436    0.0000    6.7830    0.1748   50.5238    0.0000    0.0002    85    86    87     3
    87    4.9548    0.0000    6.9180    0.1748   50.5238    0.0000    0.0002    86    87    88     3
    88    5.0659    0.0000    7.0529    0.1748   50.5238    0.0000    0.0002    87    88    89     3
    89    5.1770    0.0000    7.1878    0.1748   50.5238    0.0000    0.0002    88    89    90     3
    90    5.2881    0.0000    7.3227    0.1748   50.5238    0.0000    0.0002    89    90    91     3
    91    5.3992    0.0000    7.4576    0.1748   50.5238    0.0000    0.0002    90    91    92     3
    92    5.5104    0.0000    7.5925    0.1748   50.5238    0.0000    0.0002    91    92    93     3
    93    5.6215    0.0000    7.7274    0.1748   50.5238    0.0000    0.0002    92    93    94     3
    94    5.7326    0.0000    7.8623    0.1748   50.5238    0.0000    0.0002    93    94    95     3
    95    5.8437    0.0000    7.9973    0.1748   50.5238    0.0000    0.0002    94    95    96     3
    96    5.9548    0.0000    8.1322    0.1748   50.5238    0.0000    0.0002    95    96    97     3
    97    6.0659    0.0000    8.2671    0.1748   50.5238    0.0000    0.0002    96    97    98     3
    98    6.1771    0.0000    8.4020    0.1748   50.5238    0.0000    0.0002    97    98    99     3
    99    6.2882    0.0000    8.5369    0.1748   50.5238    0.0000    0.0002    98    99   100     3
   100    6.3993    0.0000    8.6718    0.1748   50.5238    0.0000    0.0002    99   100   101     3
   101    6.5104    0.0000    8.8067    0.1748   50.5238    0.0000    0.0002   100   101   102     3
   102    6.6215    0.0000    8.9416    0.1748   50.5238    0.0000    0.0002   101   102   103     3
   103    6.7327    0.0000    9.0765    0.1748   50.5238    0.0000    0.0002   102   103     0     3



  DATA CARD No:   1 EK   0     0     0     0  0.00000E+00  0.00000E+00  0.00000E+00  0.00000E+00  0.00000E+00  0.00000E+00
  DATA CARD No:   2 LD   5     0     0     0  1.50000E+07  0.00000E+00  0.00000E+00  0.00000E+00  0.00000E+00  0.00000E+00
  DATA CARD No:   3 GN   2     0     0     0  1.30000E+01  5.00000E-03  0.00000E+00  0.00000E+00  0.00000E+00  0.00000E+00
  DATA CARD No:   4 FR   0     1     0     0  1.01200E+01  0.00000E+00  0.00000E+00  0.00000E+00  0.00000E+00  0.00000E+00
  DATA CARD No:   5 EX   0     2     1     0  1.00000E+00  0.00000E+00  0.00000E+00  0.00000E+00  0.00000E+00  0.00000E+00
  DATA CARD No:   6 PT  -1     0     0     0  0.00000E+00  0.00000E+00  0.00000E+00  0.00000E+00  0.00000E+00  0.00000E+00
  DATA CARD No:   7 RP   0    19    72  1001  0.00000E+00  0.00000E+00  5.00000E+00  5.00000E+00  1.00000E+03  0.00000E+00


                               --------- FREQUENCY --------
                                FREQUENCY : 1.0120E+01 MHz
                                WAVELENGTH: 2.9625E+01 Mtr

                        APPROXIMATE INTEGRATION EMPLOYED FOR SEGMENTS 
                        THAT ARE MORE THAN 1.000 WAVELENGTHS APART
                        THE EXTENDED THIN WIRE KERNEL WILL BE USED


                          ------ STRUCTURE IMPEDANCE LOADING ------
  LOCATION        RESISTANCE  INDUCTANCE  CAPACITANCE     IMPEDANCE (OHMS)   CONDUCTIVITY  CIRCUIT
  ITAG FROM THRU     OHMS       HENRYS      FARADS       REAL     IMAGINARY   MHOS/METER      TYPE
  ALL                                                                        1.5000E+07     WIRE  


                            -------- ANTENNA ENVIRONMENT --------
                            FINITE GROUND - SOMMERFELD SOLUTION
                            RELATIVE DIELECTRIC CONST: 13.000
                            CONDUCTIVITY:  5.000E-03 MHOS/METER
                            COMPLEX DIELECTRIC CONSTANT:  1.3000E+01-8.8814E+00j


                             ---------- MATRIX TIMING ----------
                               FILL: 10 msec  FACTOR: 0 msec


                        --------- ANTENNA INPUT PARAMETERS ---------
  TAG   SEG       VOLTAGE (VOLTS)         CURRENT (AMPS)         IMPEDANCE (OHMS)        ADMITTANCE (MHOS)     POWER
  No:   No:     REAL      IMAGINARY     REAL      IMAGINARY     REAL      IMAGINARY    REAL       IMAGINARY   (WATTS)
    2    42  1.0000E+00  0.0000E+00  1.6439E-03 -2.6981E-03  1.6468E+02  2.7030E+02  1.6439E-03 -2.6981E-03  8.2193E-04


                               ---------- POWER BUDGET ---------
                               INPUT POWER   =  8.2193E-04 Watts
                               RADIATED POWER=  7.4032E-04 Watts
                               STRUCTURE LOSS=  8.1615E-05 Watts
                               NETWORK LOSS  =  0.0000E+00 Watts
                               EFFICIENCY    =   90.07 Percent


                             ---------- RADIATION PATTERNS -----------

                             RANGE:  1.000000E+03 METERS
                             EXP(-JKR)/R:  1.00000E-03 AT PHASE: -272.10 DEGREES

 ---- ANGLES -----     ----- POWER GAINS -----       ---- POLARIZATION ----   ---- E(THETA) ----    ----- E(PHI) ------
  THETA      PHI       VERTC    HORIZ    TOTAL       AXIAL      TILT  SENSE   MAGNITUDE    PHASE    MAGNITUDE     PHASE
 DEGREES   DEGREES        DB       DB       DB       RATIO   DEGREES            VOLTS/M   DEGREES     VOLTS/M   DEGREES
    0.00      0.00     -0.78  -999.99    -0.78      0.0000      0.00 LINEAR  2.0285E-04   -356.80  0.0000E+00   -272.10
    5.00      0.00     -1.25  -999.99    -1.25      0.0000      0.00 LINEAR  1.9220E-04   -350.77  0.0000E+00   -272.10
   10.00      0.00     -1.81  -999.99    -1.81      0.0000      0.00 LINEAR  1.8033E-04   -344.47  0.0000E+00   -272.10
   15.00      0.00     -2.45  -999.99    -2.45      0.0000      0.00 LINEAR  1.6741E-04   -337.69  0.0000E+00   -272.10
   20.00      0.00     -3.19  -999.99    -3.19      0.0000      0.00 LINEAR  1.5373E-04   -330.17  0.0000E+00   -272.10
   25.00      0.00     -4.02  -999.99    -4.02      0.0000      0.00 LINEAR  1.3980E-04   -321.61  0.0000E+00   -272.10
   30.00      0.00     -4.89  -999.99    -4.89      0.0000      0.00 LINEAR  1.2640E-04   -311.61  0.0000E+00   -272.10
   35.00      0.00     -5.74  -999.99    -5.74      0.0000      0.00 LINEAR  1.1462E-04   -299.86  0.0000E+00   -272.10
   40.00      0.00     -6.44  -999.99    -6.44      0.0000      0.00 LINEAR  1.0574E-04   -286.29  0.0000E+00   -272.10
   45.00      0.00     -6.85  -999.99    -6.85      0.0000      0.00 LINEAR  1.0091E-04   -271.47  0.0000E+00   -272.10
   50.00      0.00     -6.89  -999.99    -6.89      0.0000      0.00 LINEAR  1.0048E-04   -256.70  0.0000E+00   -272.10
   55.00      0.00     -6.62  -999.99    -6.62      0.0000      0.00 LINEAR  1.0354E-04   -243.42  0.0000E+00   -272.10
   60.00      0.00     -6.25  -999.99    -6.25      0.0000      0.00 LINEAR  1.0813E-04   -232.51  0.0000E+00   -272.10
   65.00      0.00     -5.96  -999.99    -5.96      0.0000      0.00 LINEAR  1.1181E-04   -224.14  0.0000E+00   -272.10
   70.00      0.00     -5.94  -999.99    -5.94      0.0000      0.00 LINEAR  1.1198E-04   -218.15  0.0000E+00   -272.10
   75.00      0.00     -6.43  -999.99    -6.43      0.0000      0.00 LINEAR  1.0587E-04   -214.33  0.0000E+00   -272.10
   80.00      0.00     -7.85  -999.99    -7.85      0.0000      0.00 LINEAR  8.9945E-05   -212.59  0.0000E+00   -272.10
   85.00      0.00    -11.57  -999.99   -11.57      0.0000      0.00 LINEAR  5.8583E-05   -213.11  0.0000E+00   -272.10
   90.00      0.00   -999.99  -999.99  -999.99      0.0000      0.00         4.6622E-15   -396.67  0.0000E+00   -272.10
    0.00      5.00     -0.82   -21.98    -0.78      0.0000     -5.00 LINEAR  2.0208E-04   -356.80  1.7679E-05   -176.80
    5.00      5.00     -1.29   -22.08    -1.25      0.0053     -5.21 LEFT    1.9145E-04   -350.77  1.7471E-05   -174.15
   10.00      5.00     -1.84   -22.22    -1.80      0.0117     -5.43 LEFT    1.7962E-04   -344.46  1.7196E-05   -171.51
   15.00      5.00     -2.49   -22.39    -2.44      0.0194     -5.67 LEFT    1.6674E-04   -337.67  1.6855E-05   -168.87
   20.00      5.00     -3.23   -22.60    -3.18      0.0294     -5.90 LEFT    1.5312E-04   -330.14  1.6448E-05   -166.22
   25.00      5.00     -4.05   -22.86    -3.99      0.0425     -6.08 LEFT    1.3927E-04   -321.55  1.5973E-05   -163.58
   30.00      5.00     -4.92   -23.16    -4.86      0.0595     -6.11 LEFT    1.2597E-04   -311.53  1.5424E-05   -160.96
   35.00      5.00     -5.77   -23.53    -5.69      0.0799     -5.81 LEFT    1.1429E-04   -299.75  1.4794E-05   -158.36
   40.00      5.00     -6.46   -23.96    -6.38      0.1008     -4.99 LEFT    1.0554E-04   -286.16  1.4072E-05   -155.80
   45.00      5.00     -6.85   -24.48    -6.78      0.1155     -3.58 LEFT    1.0085E-04   -271.35  1.3248E-05   -153.32
   50.00      5.00     -6.88   -25.12    -6.82      0.1178     -1.92 LEFT    1.0054E-04   -256.61  1.2311E-05   -150.93
   55.00      5.00     -6.61   -25.90    -6.56      0.1081     -0.52 LEFT    1.0369E-04   -243.39  1.1251E-05   -148.68
   60.00      5.00     -6.23   -26.88    -6.19      0.0926      0.38 LEFT    1.0834E-04   -232.52  1.0057E-05   -146.58
   65.00      5.00     -5.94   -28.11    -5.91      0.0765      0.82 LEFT    1.1204E-04   -224.21  8.7226E-06   -144.68
   70.00      5.00     -5.93   -29.73    -5.91      0.0624      0.94 LEFT    1.1222E-04   -218.26  7.2450E-06   -143.00
   75.00      5.00     -6.41   -31.92    -6.40      0.0507      0.90 LEFT    1.0609E-04   -214.46  5.6252E-06   -141.57
   80.00      5.00     -7.83   -35.17    -7.82      0.0409      0.75 LEFT    9.0126E-05   -212.73  3.8693E-06   -140.41
   85.00      5.00    -11.55   -40.96   -11.55      0.0325      0.54 LEFT    5.8698E-05   -213.26  1.9887E-06   -139.55
   90.00      5.00   -999.99  -999.99  -999.99      0.0000      0.00         4.6714E-15   -396.83  1.1907E-16   -318.99
    0.00     10.00     -0.92   -15.99    -0.78      0.0000    -10.00 LINEAR  1.9977E-04   -356.80  3.5224E-05   -176.80
    5.00     10.00     -1.39   -16.09    -1.24      0.0106    -10.41 LEFT    1.8920E-04   -350.75  3.4814E-05   -174.18
   10.00     10.00     -1.94   -16.23    -1.79      0.0232    -10.85 LEFT    1.7747E-04   -344.43  3.4271E-05   -171.57
   15.00     10.00     -2.59   -16.40    -2.41      0.0386    -11.33 LEFT    1.6473E-04   -337.61  3.3598E-05   -168.96
   20.00     10.00     -3.33   -16.61    -3.13      0.0584    -11.79 LEFT    1.5130E-04   -330.04  3.2795E-05   -166.35
   25.00     10.00     -4.15   -16.86    -3.92      0.0841    -12.17 LEFT    1.3768E-04   -321.39  3.1856E-05   -163.74
   30.00     10.00     -5.01   -17.16    -4.76      0.1174    -12.25 LEFT    1.2466E-04   -311.29  3.0770E-05   -161.15
   35.00     10.00     -5.84   -17.52    -5.56      0.1579    -11.71 LEFT    1.1333E-04   -299.42  2.9520E-05   -158.58
   40.00     10.00     -6.51   -17.96    -6.21      0.1998    -10.11 LEFT    1.0497E-04   -285.77  2.8087E-05   -156.06
   45.00     10.00     -6.87   -18.48    -6.58      0.2298     -7.27 LEFT    1.0069E-04   -270.98  2.6450E-05   -153.61
   50.00     10.00     -6.86   -19.11    -6.61      0.2346     -3.85 LEFT    1.0075E-04   -256.34  2.4586E-05   -151.26
   55.00     10.00     -6.57   -19.89    -6.37      0.2151     -0.96 LEFT    1.0417E-04   -243.28  2.2473E-05   -149.03
   60.00     10.00     -6.18   -20.87    -6.03      0.1838      0.83 LEFT    1.0898E-04   -232.58  2.0092E-05   -146.96
   65.00     10.00     -5.88   -22.10    -5.78      0.1518      1.68 LEFT    1.1275E-04   -224.40  1.7430E-05   -145.08
   70.00     10.00     -5.87   -23.71    -5.80      0.1238      1.91 LEFT    1.1293E-04   -218.56  1.4479E-05   -143.42
   75.00     10.00     -6.36   -25.91    -6.31      0.1005      1.80 LEFT    1.0675E-04   -214.84  1.1243E-05   -142.01
   80.00     10.00     -7.78   -29.16    -7.75      0.0812      1.50 LEFT    9.0670E-05   -213.16  7.7343E-06   -140.87
   85.00     10.00    -11.50   -34.94   -11.48      0.0646      1.09 LEFT    5.9046E-05   -213.72  3.9754E-06   -140.01
   90.00     10.00   -999.99  -999.99  -999.99      0.0000      0.00         4.6988E-15   -397.29  2.3803E-16   -319.46
    0.00     15.00     -1.08   -12.52    -0.78      0.0000    -15.00 LINEAR  1.9594E-04   -356.80  5.2501E-05   -176.80
    5.00     15.00     -1.56   -12.62    -1.23      0.0158    -15.61 LEFT    1.8548E-04   -350.73  5.1902E-05   -174.23
   10.00     15.00     -2.12   -12.76    -1.76      0.0344    -16.27 LEFT    1.7391E-04   -344.37  5.1106E-05   -171.67
   15.00     15.00     -2.77   -12.93    -2.37      0.0572    -16.97 LEFT    1.6141E-04   -337.50  5.0119E-05   -169.12
   20.00     15.00     -3.51   -13.13    -3.06      0.0862    -17.68 LEFT    1.4827E-04   -329.85  4.8940E-05   -166.56
   25.00     15.00     -4.32   -13.38    -3.81      0.1239    -18.26 LEFT    1.3504E-04   -321.09  4.7559E-05   -164.01
   30.00     15.00     -5.16   -13.68    -4.59      0.1725    -18.46 LEFT    1.2249E-04   -310.85  4.5956E-05   -161.47
   35.00     15.00     -5.96   -14.04    -5.33      0.2319    -17.79 LEFT    1.1174E-04   -298.85  4.4109E-05   -158.96
   40.00     15.00     -6.58   -14.46    -5.93      0.2947    -15.52 LEFT    1.0404E-04   -285.11  4.1987E-05   -156.49
   45.00     15.00     -6.89   -14.98    -6.26      0.3414    -11.20 LEFT    1.0045E-04   -270.34  3.9557E-05   -154.10
   50.00     15.00     -6.83   -15.61    -6.29      0.3497     -5.77 LEFT    1.0111E-04   -255.89  3.6784E-05   -151.79
   55.00     15.00     -6.51   -16.39    -6.08      0.3197     -1.24 LEFT    1.0497E-04   -243.10  3.3635E-05   -149.62
   60.00     15.00     -6.10   -17.36    -5.78      0.2722      1.45 LEFT    1.1005E-04   -232.68  3.0082E-05   -147.59
   65.00     15.00     -5.79   -18.59    -5.57      0.2244      2.64 LEFT    1.1394E-04   -224.73  2.6104E-05   -145.75
   70.00     15.00     -5.78   -20.20    -5.63      0.1831      2.93 LEFT    1.1412E-04   -219.06  2.1690E-05   -144.13
   75.00     15.00     -6.27   -22.40    -6.17      0.1488      2.72 LEFT    1.0784E-04   -215.47  1.6846E-05   -142.74
   80.00     15.00     -7.69   -25.65    -7.62      0.1204      2.24 LEFT    9.1578E-05   -213.87  1.1590E-05   -141.62
   85.00     15.00    -11.42   -31.43   -11.38      0.0958      1.62 LEFT    5.9625E-05   -214.47  5.9576E-06   -140.77
   90.00     15.00   -999.99  -999.99  -999.99      0.0000      0.00         4.7447E-15   -398.06  3.5674E-16   -320.22
    0.00     20.00     -1.32   -10.10    -0.78      0.0000    -20.00 LINEAR  1.9061E-04   -356.80  6.9378E-05   -176.80
    5.00     20.00     -1.81   -10.20    -1.22      0.0209    -20.80 LEFT    1.8030E-04   -350.70  6.8607E-05   -174.30
   10.00     20.00     -2.37   -10.33    -1.73      0.0453    -21.68 LEFT    1.6897E-04   -344.28  6.7581E-05   -171.82
   15.00     20.00     -3.02   -10.50    -2.31      0.0750    -22.61 LEFT    1.5678E-04   -337.33  6.6307E-05   -169.33
   20.00     20.00     -3.76   -10.70    -2.96      0.1126    -23.55 LEFT    1.4407E-04   -329.56  6.4781E-05   -166.85
   25.00     20.00     -4.56   -10.94    -3.66      0.1610    -24.37 LEFT    1.3137E-04   -320.64  6.2988E-05   -164.37
   30.00     20.00     -5.38   -11.23    -4.38      0.2233    -24.76 LEFT    1.1950E-04   -310.20  6.0902E-05   -161.91
   35.00     20.00     -6.13   -11.59    -5.04      0.3000    -24.10 LEFT    1.0956E-04   -297.99  5.8490E-05   -159.48
   40.00     20.00     -6.69   -12.01    -5.57      0.3835    -21.38 LEFT    1.0280E-04   -284.14  5.5710E-05   -157.09
   45.00     20.00     -6.91   -12.52    -5.86      0.4491    -15.56 LEFT    1.0016E-04   -269.44  5.2517E-05   -154.77
   50.00     20.00     -6.78   -13.15    -5.88      0.4623     -7.70 LEFT    1.0166E-04   -255.26  4.8863E-05   -152.54
   55.00     20.00     -6.41   -13.92    -5.70      0.4207     -1.24 LEFT    1.0612E-04   -242.84  4.4703E-05   -150.43
   60.00     20.00     -5.98   -14.89    -5.45      0.3563      2.32 LEFT    1.1156E-04   -232.81  3.9999E-05   -148.46
   65.00     20.00     -5.67   -16.11    -5.29      0.2932      3.75 LEFT    1.1561E-04   -225.18  3.4723E-05   -146.68
   70.00     20.00     -5.65   -17.72    -5.39      0.2393      4.00 LEFT    1.1579E-04   -219.75  2.8862E-05   -145.10
   75.00     20.00     -6.15   -19.91    -5.97      0.1948      3.65 LEFT    1.0938E-04   -216.33  2.2421E-05   -143.75
   80.00     20.00     -7.57   -23.16    -7.45      0.1578      2.98 LEFT    9.2850E-05   -214.85  1.5429E-05   -142.66
   85.00     20.00    -11.30   -28.94   -11.23      0.1258      2.15 LEFT    6.0437E-05   -215.51  7.9318E-06   -141.83
   90.00     20.00   -999.99  -999.99  -999.99      0.0000      0.00         4.8088E-15   -399.12  4.7497E-16   -321.28
    0.00     25.00     -1.64    -8.26    -0.78      0.0000    -25.00 LINEAR  1.8384E-04   -356.80  8.5727E-05   -176.80
    5.00     25.00     -2.13    -8.36    -1.20      0.0258    -25.99 LEFT    1.7371E-04   -350.65  8.4807E-05   -174.39
   10.00     25.00     -2.70    -8.48    -1.68      0.0557    -27.07 LEFT    1.6266E-04   -344.15  8.3579E-05   -172.00
   15.00     25.00     -3.35    -8.65    -2.23      0.0918    -28.22 LEFT    1.5089E-04   -337.08  8.2051E-05   -169.60
   20.00     25.00     -4.08    -8.84    -2.83      0.1370    -29.40 LEFT    1.3872E-04   -329.13  8.0215E-05   -167.22
   25.00     25.00     -4.87    -9.08    -3.47      0.1948    -30.48 LEFT    1.2671E-04   -319.98  7.8050E-05   -164.84
   30.00     25.00     -5.66    -9.37    -4.12      0.2687    -31.14 LEFT    1.1572E-04   -309.27  7.5522E-05   -162.47
   35.00     25.00     -6.35    -9.71    -4.70      0.3604    -30.71 LEFT    1.0685E-04   -296.80  7.2586E-05   -160.14
   40.00     25.00     -6.81   -10.13    -5.15      0.4637    -27.86 LEFT    1.0130E-04   -282.82  6.9188E-05   -157.84
   45.00     25.00     -6.94   -10.63    -5.39      0.5510    -20.63 LEFT    9.9886E-05   -268.24  6.5270E-05   -155.62
   50.00     25.00     -6.72   -11.25    -5.41      0.5716     -9.60 LEFT    1.0243E-04   -254.44  6.0771E-05   -153.48
   55.00     25.00     -6.29   -12.02    -5.26      0.5167     -0.76 LEFT    1.0764E-04   -242.53  5.5633E-05   -151.45
   60.00     25.00     -5.83   -12.98    -5.06      0.4345      3.55 LEFT    1.1352E-04   -232.98  4.9807E-05   -149.57
   65.00     25.00     -5.51   -14.21    -4.96      0.3568      5.05 LEFT    1.1776E-04   -225.75  4.3259E-05   -147.85
   70.00     25.00     -5.49   -15.81    -5.11      0.2914      5.16 LEFT    1.1794E-04   -220.63  3.5972E-05   -146.33
   75.00     25.00     -5.99   -18.00    -5.73      0.2378      4.61 LEFT    1.1136E-04   -217.42  2.7954E-05   -145.03
   80.00     25.00     -7.42   -21.24    -7.24      0.1930      3.72 LEFT    9.4485E-05   -216.07  1.9240E-05   -143.97
   85.00     25.00    -11.15   -27.02   -11.04      0.1541      2.66 LEFT    6.1482E-05   -216.82  9.8927E-06   -143.17
   90.00     25.00   -999.99  -999.99  -999.99      0.0000      0.00         4.8913E-15   -400.46  5.9239E-16   -322.63
    0.00     30.00     -2.03    -6.80    -0.78      0.0000    -30.00 LINEAR  1.7567E-04   -356.80  1.0142E-04   -176.80
    5.00     30.00     -2.54    -6.89    -1.18      0.0304    -31.17 LEFT    1.6574E-04   -350.57  1.0038E-04   -174.50
   10.00     30.00     -3.12    -7.02    -1.63      0.0654    -32.44 LEFT    1.5505E-04   -343.96  9.8985E-05   -172.21
   15.00     30.00     -3.77    -7.17    -2.14      0.1074    -33.81 LEFT    1.4377E-04   -336.71  9.7242E-05   -169.93
   20.00     30.00     -4.50    -7.36    -2.69      0.1593    -35.23 LEFT    1.3226E-04   -328.53  9.5139E-05   -167.66
   25.00     30.00     -5.26    -7.59    -3.26      0.2248    -36.58 LEFT    1.2112E-04   -319.07  9.2648E-05   -165.40
   30.00     30.00     -6.00    -7.87    -3.83      0.3080    -37.59 LEFT    1.1122E-04   -308.01  8.9726E-05   -163.15
   35.00     30.00     -6.61    -8.21    -4.33      0.4116    -37.61 LEFT    1.0368E-04   -295.22  8.6315E-05   -160.93
   40.00     30.00     -6.96    -8.61    -4.70      0.5324    -35.14 LEFT    9.9638E-05   -281.11  8.2348E-05   -158.75
   45.00     30.00     -6.95    -9.11    -4.89      0.6446    -26.92 LEFT    9.9700E-05   -266.74  7.7752E-05   -156.64
   50.00     30.00     -6.63    -9.73    -4.90      0.6771    -11.44 LEFT    1.0348E-04   -253.44  7.2451E-05   -154.61
   55.00     30.00     -6.13   -10.49    -4.78      0.6058      0.51 LEFT    1.0956E-04   -242.15  6.6375E-05   -152.68
   60.00     30.00     -5.64   -11.44    -4.63      0.5050      5.29 LEFT    1.1594E-04   -233.19  5.9464E-05   -150.89
   65.00     30.00     -5.31   -12.66    -4.58      0.4140      6.57 LEFT    1.2039E-04   -226.43  5.1676E-05   -149.26
   70.00     30.00     -5.30   -14.26    -4.78      0.3388      6.40 LEFT    1.2056E-04   -221.67  4.2992E-05   -147.81
   75.00     30.00     -5.81   -16.45    -5.45      0.2772      5.58 LEFT    1.1378E-04   -218.71  3.3422E-05   -146.57
   80.00     30.00     -7.24   -19.69    -7.00      0.2255      4.44 LEFT    9.6483E-05   -217.54  2.3010E-05   -145.55
   85.00     30.00    -10.97   -25.46   -10.82      0.1804      3.15 LEFT    6.2758E-05   -218.38  1.1833E-05   -144.76
   90.00     30.00   -999.99  -999.99  -999.99      0.0000      0.00         4.9923E-15   -402.05  7.0863E-16   -324.23
    0.00     35.00     -2.52    -5.61    -0.78      0.0000    -35.00 LINEAR  1.6616E-04   -356.80  1.1635E-04   -176.80
    5.00     35.00     -3.04    -5.70    -1.16      0.0348    -36.34 LEFT    1.5647E-04   -350.46  1.1521E-04   -174.63
   10.00     35.00     -3.63    -5.81    -1.58      0.0745    -37.79 LEFT    1.4617E-04   -343.67  1.1369E-04   -172.47
   15.00     35.00     -4.29    -5.96    -2.03      0.1216    -39.36 LEFT    1.3547E-04   -336.19  1.1177E-04   -170.32
   20.00     35.00     -5.01    -6.14    -2.53      0.1791    -41.01 LEFT    1.2476E-04   -327.69  1.0945E-04   -168.17
   25.00     35.00     -5.74    -6.36    -3.03      0.2507    -42.66 LEFT    1.1466E-04   -317.82  1.0668E-04   -166.04
   30.00     35.00     -6.41    -6.63    -3.51      0.3406    -44.08 LEFT    1.0609E-04   -306.30  1.0342E-04   -163.93
   35.00     35.00     -6.91    -6.96    -3.93      0.4526    -44.75 LEFT    1.0017E-04   -293.15  9.9589E-05   -161.85
   40.00     35.00     -7.11    -7.36    -4.22      0.5866    -43.29 LEFT    9.7918E-05   -278.97  9.5107E-05   -159.80
   45.00     35.00     -6.95    -7.85    -4.37      0.7255    -35.29 LEFT    9.9694E-05   -264.93  8.9886E-05   -157.82
   50.00     35.00     -6.51    -8.46    -4.37      0.7785    -13.07 LEFT    1.0486E-04   -252.27  8.3834E-05   -155.91
   55.00     35.00     -5.95    -9.21    -4.27      0.6853      3.08 LEFT    1.1190E-04   -241.72  7.6869E-05   -154.10
   60.00     35.00     -5.43   -10.16    -4.17      0.5659      7.63 LEFT    1.1884E-04   -233.43  6.8917E-05   -152.42
   65.00     35.00     -5.09   -11.37    -4.17      0.4637      8.34 LEFT    1.2352E-04   -227.22  5.9930E-05   -150.88
   70.00     35.00     -5.08   -12.97    -4.43      0.3805      7.72 LEFT    1.2366E-04   -222.86  4.9886E-05   -149.51
   75.00     35.00     -5.59   -15.15    -5.13      0.3124      6.56 LEFT    1.1663E-04   -220.19  3.8799E-05   -148.33
   80.00     35.00     -7.03   -18.39    -6.72      0.2550      5.15 LEFT    9.8838E-05   -219.21  2.6720E-05   -147.36
   85.00     35.00    -10.77   -24.16   -10.57      0.2043      3.61 LEFT    6.4262E-05   -220.17  1.3743E-05   -146.61
   90.00     35.00   -999.99  -999.99  -999.99      0.0000      0.00         5.1111E-15   -403.87  8.2306E-16   -326.08
    0.00     40.00     -3.10    -4.62    -0.78      0.0000    -40.00 LINEAR  1.5539E-04   -356.80  1.3039E-04   -176.80
    5.00     40.00     -3.64    -4.70    -1.13      0.0388    -41.50 LEFT    1.4596E-04   -350.29  1.2919E-04   -174.77
   10.00     40.00     -4.25    -4.81    -1.51      0.0828    -43.12 LEFT    1.3611E-04   -343.27  1.2757E-04   -172.75
   15.00     40.00     -4.91    -4.95    -1.92      0.1343    -44.87 LEFT    1.2607E-04   -335.45  1.2553E-04   -170.75
   20.00     40.00     -5.62    -5.13    -2.35      0.1963    -46.75 LEFT    1.1629E-04   -326.51  1.2304E-04   -168.76
   25.00     40.00     -6.30    -5.34    -2.78      0.2724    -48.69 LEFT    1.0743E-04   -316.09  1.2006E-04   -166.78
   30.00     40.00     -6.89    -5.60    -3.19      0.3665    -50.56 LEFT    1.0046E-04   -304.02  1.1651E-04   -164.82
   35.00     40.00     -7.24    -5.92    -3.52      0.4829    -52.02 LEFT    9.6473E-05   -290.49  1.1232E-04   -162.88
   40.00     40.00     -7.26    -6.31    -3.75      0.6242    -52.16 LEFT    9.6289E-05   -276.33  1.0738E-04   -160.99
   45.00     40.00     -6.93    -6.79    -3.85      0.7857    -46.94 LEFT    9.9979E-05   -262.80  1.0159E-04   -159.15
   50.00     40.00     -6.37    -7.39    -3.84      0.8755    -13.96 LEFT    1.0665E-04   -250.95  9.4844E-05   -157.38
   55.00     40.00     -5.74    -8.13    -3.76      0.7506      7.74 LEFT    1.1470E-04   -241.26  8.7043E-05   -155.70
   60.00     40.00     -5.18    -9.07    -3.70      0.6152     10.67 LEFT    1.2221E-04   -233.72  7.8103E-05   -154.13
   65.00     40.00     -4.84   -10.28    -3.75      0.5050     10.34 LEFT    1.2712E-04   -228.10  6.7966E-05   -152.70
   70.00     40.00     -4.84   -11.87    -4.05      0.4162      9.10 LEFT    1.2722E-04   -224.19  5.6609E-05   -151.42
   75.00     40.00     -5.35   -14.05    -4.80      0.3432      7.53 LEFT    1.1990E-04   -221.84  4.4048E-05   -150.32
   80.00     40.00     -6.79   -17.29    -6.42      0.2810      5.83 LEFT    1.0154E-04   -221.08  3.0345E-05   -149.39
   85.00     40.00    -10.54   -23.06   -10.30      0.2257      4.05 LEFT    6.5988E-05   -222.16  1.5611E-05   -148.67
   90.00     40.00   -999.99  -999.99  -999.99      0.0000      0.00         5.2474E-15   -405.90  9.3494E-16   -328.16
    0.00     45.00     -3.79    -3.79    -0.78      0.0000    -45.00 LINEAR  1.4343E-04   -356.80  1.4343E-04   -176.80
    5.00     45.00     -4.37    -3.87    -1.10      0.0425    -46.65 LEFT    1.3428E-04   -350.05  1.4221E-04   -174.93
   10.00     45.00     -4.99    -3.97    -1.44      0.0903    -48.42 LEFT    1.2493E-04   -342.68  1.4054E-04   -173.07
   15.00     45.00     -5.66    -4.10    -1.80      0.1455    -50.34 LEFT    1.1566E-04   -334.40  1.3842E-04   -171.23
   20.00     45.00     -6.34    -4.27    -2.17      0.2109    -52.42 LEFT    1.0696E-04   -324.85  1.3582E-04   -169.40
   25.00     45.00     -6.96    -4.47    -2.53      0.2899    -54.65 LEFT    9.9583E-05   -313.74  1.3267E-04   -167.59
   30.00     45.00     -7.42    -4.72    -2.85      0.3859    -56.97 LEFT    9.4525E-05   -301.01  1.2889E-04   -165.79
   35.00     45.00     -7.58    -5.03    -3.11      0.5029    -59.28 LEFT    9.2787E-05   -287.14  1.2440E-04   -164.02
   40.00     45.00     -7.38    -5.41    -3.27      0.6446    -61.32 LEFT    9.4932E-05   -273.19  1.1906E-04   -162.29
   45.00     45.00     -6.87    -5.88    -3.34      0.8140    -61.90 LEFT    1.0068E-04   -260.38  1.1277E-04   -160.61
   50.00     45.00     -6.19    -6.47    -3.32      0.9665     -7.59 LEFT    1.0891E-04   -249.50  1.0539E-04   -158.99
   55.00     45.00     -5.49    -7.21    -3.25      0.7944     15.15 LEFT    1.1799E-04   -240.77  9.6815E-05   -157.46
   60.00     45.00     -4.91    -8.14    -3.22      0.6509     14.31 LEFT    1.2607E-04   -234.05  8.6946E-05   -156.02
   65.00     45.00     -4.57    -9.34    -3.32      0.5373     12.50 LEFT    1.3120E-04   -229.07  7.5718E-05   -154.70
   70.00     45.00     -4.57   -10.93    -3.66      0.4454     10.50 LEFT    1.3123E-04   -225.64  6.3105E-05   -153.52
   75.00     45.00     -5.09   -13.10    -4.45      0.3691      8.48 LEFT    1.2358E-04   -223.64  4.9126E-05   -152.49
   80.00     45.00     -6.54   -16.33    -6.11      0.3035      6.47 LEFT    1.0457E-04   -223.11  3.3856E-05   -151.63
   85.00     45.00    -10.29   -22.11   -10.01      0.2444      4.46 LEFT    6.7924E-05   -224.32  1.7421E-05   -150.94
   90.00     45.00   -999.99  -999.99  -999.99      0.0000      0.00         5.4005E-15   -408.10  1.0434E-15   -330.45
    0.00     50.00     -4.62    -3.10    -0.78      0.0000    -50.00 LINEAR  1.3039E-04   -356.80  1.5539E-04   -176.80
    5.00     50.00     -5.23    -3.17    -1.07      0.0459    -51.78 LEFT    1.2152E-04   -349.69  1.5418E-04   -175.10
   10.00     50.00     -5.89    -3.26    -1.37      0.0968    -53.69 LEFT    1.1273E-04   -341.84  1.5250E-04   -173.42
   15.00     50.00     -6.56    -3.39    -1.68      0.1550    -55.77 LEFT    1.0434E-04   -332.89  1.5034E-04   -171.75
   20.00     50.00     -7.20    -3.54    -1.99      0.2229    -58.03 LEFT    9.6930E-05   -322.52  1.4767E-04   -170.10
   25.00     50.00     -7.71    -3.74    -2.27      0.3034    -60.52 LEFT    9.1326E-05   -310.52  1.4441E-04   -168.47
   30.00     50.00     -7.98    -3.98    -2.52      0.3994    -63.26 LEFT    8.8533E-05   -297.07  1.4046E-04   -166.85
   35.00     50.00     -7.90    -4.27    -2.71      0.5139    -66.37 LEFT    8.9377E-05   -283.00  1.3573E-04   -165.26
   40.00     50.00     -7.46    -4.64    -2.82      0.6496    -70.20 LEFT    9.4056E-05   -269.53  1.3006E-04   -163.71
   45.00     50.00     -6.76    -5.11    -2.84      0.8076    -76.70 LEFT    1.0193E-04   -257.70  1.2332E-04   -162.19
   50.00     50.00     -5.97    -5.68    -2.81      0.9434     61.86 LEFT    1.1171E-04   -247.96  1.1538E-04   -160.74
   55.00     50.00     -5.21    -6.41    -2.76      0.8099     24.36 LEFT    1.2179E-04   -240.29  1.0609E-04   -159.35
   60.00     50.00     -4.62    -7.34    -2.76      0.6724     18.26 LEFT    1.3041E-04   -234.43  9.5362E-05   -158.06
   65.00     50.00     -4.27    -8.53    -2.89      0.5604     14.72 LEFT    1.3573E-04   -230.13  8.3111E-05   -156.86
   70.00     50.00     -4.28   -10.11    -3.27      0.4682     11.89 LEFT    1.3566E-04   -227.20  6.9310E-05   -155.78
   75.00     50.00     -4.81   -12.28    -4.09      0.3903      9.39 LEFT    1.2763E-04   -225.56  5.3984E-05   -154.84
   80.00     50.00     -6.27   -15.51    -5.78      0.3221      7.07 LEFT    1.0791E-04   -225.27  3.7217E-05   -154.03
   85.00     50.00    -10.02   -21.28    -9.70      0.2601      4.84 LEFT    7.0056E-05   -226.62  1.9155E-05   -153.38
   90.00     50.00   -999.99  -999.99  -999.99      0.0000      0.00         5.5690E-15   -410.45  1.1474E-15   -332.90
    0.00     55.00     -5.61    -2.52    -0.78      0.0000    -55.00 LINEAR  1.1635E-04   -356.80  1.6616E-04   -176.80
    5.00     55.00     -6.28    -2.58    -1.03      0.0489    -56.90 LEFT    1.0779E-04   -349.17  1.6499E-04   -175.28
   10.00     55.00     -6.96    -2.67    -1.29      0.1025    -58.93 LEFT    9.9628E-05   -340.60  1.6334E-04   -173.79
   15.00     55.00     -7.63    -2.78    -1.55      0.1630    -61.14 LEFT    9.2277E-05   -330.71  1.6119E-04   -172.31
   20.00     55.00     -8.19    -2.93    -1.80      0.2324    -63.56 LEFT    8.6417E-05   -319.21  1.5850E-04   -170.85
   25.00     55.00     -8.55    -3.11    -2.02      0.3131    -66.27 LEFT    8.2963E-05   -306.10  1.5518E-04   -169.41
   30.00     55.00     -8.56    -3.34    -2.20      0.4075    -69.38 LEFT    8.2843E-05   -291.99  1.5112E-04   -167.99
   35.00     55.00     -8.18    -3.63    -2.32      0.5173    -73.16 LEFT    8.6567E-05   -278.02  1.4620E-04   -166.59
   40.00     55.00     -7.47    -3.99    -2.38      0.6432    -78.38 LEFT    9.3890E-05   -265.41  1.4026E-04   -165.22
   45.00     55.00     -6.60    -4.44    -2.38      0.7796    -88.11 LEFT    1.0386E-04   -254.83  1.3314E-04   -163.88
   50.00     55.00     -5.70    -5.01    -2.33      0.8736     63.24 LEFT    1.1511E-04   -246.38  1.2470E-04   -162.60
   55.00     55.00     -4.91    -5.73    -2.29      0.7992     32.41 LEFT    1.2610E-04   -239.82  1.1478E-04   -161.38
   60.00     55.00     -4.31    -6.65    -2.31      0.6804     22.08 LEFT    1.3522E-04   -234.85  1.0326E-04   -160.23
   65.00     55.00     -3.96    -7.84    -2.47      0.5748     16.86 LEFT    1.4069E-04   -231.25  9.0061E-05   -159.16
   70.00     55.00     -3.97    -9.41    -2.88      0.4846     13.21 LEFT    1.4048E-04   -228.84  7.5153E-05   -158.19
   75.00     55.00     -4.51   -11.57    -3.73      0.4065     10.24 LEFT    1.3202E-04   -227.58  5.8565E-05   -157.33
   80.00     55.00     -5.98   -14.80    -5.44      0.3370      7.61 LEFT    1.1153E-04   -227.54  4.0390E-05   -156.59
   85.00     55.00     -9.74   -20.57    -9.39      0.2728      5.17 LEFT    7.2363E-05   -229.04  2.0792E-05   -155.98
   90.00     55.00   -999.99  -999.99  -999.99      0.0000      0.00         5.7512E-15   -412.92  1.2455E-15   -335.51
    0.00     60.00     -6.80    -2.03    -0.78      0.0000    -60.00 LINEAR  1.0142E-04   -356.80  1.7567E-04   -176.80
    5.00     60.00     -7.54    -2.09    -1.00      0.0514    -62.01 LEFT    9.3191E-05   -348.39  1.7457E-04   -175.48
   10.00     60.00     -8.26    -2.17    -1.21      0.1073    -64.14 LEFT    8.5760E-05   -338.73  1.7298E-04   -174.18
   15.00     60.00     -8.90    -2.27    -1.42      0.1693    -66.45 LEFT    7.9676E-05   -327.45  1.7088E-04   -172.91
   20.00     60.00     -9.34    -2.41    -1.61      0.2395    -69.01 LEFT    7.5755E-05   -314.43  1.6821E-04   -171.65
   25.00     60.00     -9.43    -2.58    -1.77      0.3195    -71.91 LEFT    7.4941E-05   -300.08  1.6488E-04   -170.41
   30.00     60.00     -9.09    -2.80    -1.89      0.4111    -75.31 LEFT    7.7922E-05   -285.56  1.6076E-04   -169.19
   35.00     60.00     -8.37    -3.08    -1.95      0.5148    -79.59 LEFT    8.4726E-05   -272.22  1.5570E-04   -167.98
   40.00     60.00     -7.40    -3.43    -1.97      0.6292    -85.69 LEFT    9.4658E-05   -260.93  1.4955E-04   -166.81
   45.00     60.00     -6.37    -3.87    -1.94      0.7441     83.59 LEFT    1.0657E-04   -251.86  1.4212E-04   -165.67
   50.00     60.00     -5.41    -4.43    -1.88      0.8147     61.73 LEFT    1.1914E-04   -244.79  1.3324E-04   -164.56
   55.00     60.00     -4.59    -5.15    -1.85      0.7731     37.59 LEFT    1.3094E-04   -239.38  1.2276E-04   -163.51
   60.00     60.00     -3.98    -6.06    -1.88      0.6773     25.33 LEFT    1.4047E-04   -235.33  1.1053E-04   -162.51
   65.00     60.00     -3.64    -7.24    -2.06      0.5813     18.78 LEFT    1.4604E-04   -232.43  9.6476E-05   -161.58
   70.00     60.00     -3.66    -8.80    -2.50      0.4950     14.40 LEFT    1.4564E-04   -230.55  8.0556E-05   -160.72
   75.00     60.00     -4.21   -10.97    -3.38      0.4180     10.99 LEFT    1.3671E-04   -229.67  6.2805E-05   -159.95
   80.00     60.00     -5.68   -14.19    -5.11      0.3481      8.09 LEFT    1.1538E-04   -229.90  4.3329E-05   -159.28
   85.00     60.00     -9.45   -19.96    -9.08      0.2825      5.46 LEFT    7.4819E-05   -231.55  2.2310E-05   -158.71
   90.00     60.00   -999.99  -999.99  -999.99      0.0000      0.00         5.9452E-15   -415.48  1.3366E-15   -338.25
    0.00     65.00     -8.26    -1.64    -0.78      0.0000    -65.00 LINEAR  8.5727E-05   -356.80  1.8384E-04   -176.80
    5.00     65.00     -9.10    -1.69    -0.96      0.0535    -67.09 LEFT    7.7853E-05   -347.17  1.8284E-04   -175.69
   10.00     65.00     -9.86    -1.76    -1.13      0.1111    -69.31 LEFT    7.1323E-05   -335.81  1.8134E-04   -174.60
   15.00     65.00    -10.42    -1.85    -1.29      0.1741    -71.71 LEFT    6.6880E-05   -322.46  1.7933E-04   -173.53
   20.00     65.00    -10.61    -1.98    -1.42      0.2443    -74.37 LEFT    6.5475E-05   -307.44  1.7672E-04   -172.48
   25.00     65.00    -10.29    -2.15    -1.53      0.3229    -77.41 LEFT    6.7904E-05   -292.00  1.7341E-04   -171.45
   30.00     65.00     -9.50    -2.36    -1.59      0.4108    -81.03 LEFT    7.4343E-05   -277.75  1.6927E-04   -170.44
   35.00     65.00     -8.42    -2.62    -1.61      0.5079    -85.65 LEFT    8.4230E-05   -265.76  1.6413E-04   -169.45
   40.00     65.00     -7.23    -2.96    -1.58      0.6108     87.82 LEFT    9.6557E-05   -256.24  1.5782E-04   -168.47
   45.00     65.00     -6.09    -3.40    -1.53      0.7077     77.23 LEFT    1.1016E-04   -248.88  1.5014E-04   -167.53
   50.00     65.00     -5.07    -3.95    -1.46      0.7643     59.64 LEFT    1.2384E-04   -243.26  1.4090E-04   -166.61
   55.00     65.00     -4.24    -4.65    -1.43      0.7409     40.27 LEFT    1.3630E-04   -239.01  1.2993E-04   -165.72
   60.00     65.00     -3.63    -5.56    -1.48      0.6660     27.77 LEFT    1.4613E-04   -235.87  1.1708E-04   -164.88
   65.00     65.00     -3.31    -6.73    -1.68      0.5809     20.38 LEFT    1.5172E-04   -233.67  1.0226E-04   -164.09
   70.00     65.00     -3.34    -8.29    -2.14      0.4998     15.41 LEFT    1.5109E-04   -232.32  8.5436E-05   -163.35
   75.00     65.00     -3.90   -10.45    -3.03      0.4250     11.64 LEFT    1.4164E-04   -231.83  6.6639E-05   -162.67
   80.00     65.00     -5.39   -13.67    -4.78      0.3555      8.50 LEFT    1.1942E-04   -232.32  4.5989E-05   -162.07
   85.00     65.00     -9.15   -19.44    -8.76      0.2893      5.71 LEFT    7.7391E-05   -234.12  2.3684E-05   -161.54
   90.00     65.00   -999.99  -999.99  -999.99      0.0000      0.00         6.1483E-15   -418.10  1.4190E-15   -341.09
    0.00     70.00    -10.10    -1.32    -0.78      0.0000    -70.00 LINEAR  6.9378E-05   -356.80  1.9061E-04   -176.80
    5.00     70.00    -11.09    -1.36    -0.92      0.0552    -72.17 LEFT    6.1926E-05   -345.14  1.8973E-04   -175.90
   10.00     70.00    -11.87    -1.43    -1.05      0.1139    -74.45 LEFT    5.6620E-05   -330.96  1.8836E-04   -175.03
   15.00     70.00    -12.20    -1.52    -1.16      0.1774    -76.91 LEFT    5.4484E-05   -314.48  1.8645E-04   -174.18
   20.00     70.00    -11.89    -1.63    -1.24      0.2469    -79.64 LEFT    5.6448E-05   -297.26  1.8393E-04   -173.35
   25.00     70.00    -10.98    -1.79    -1.29      0.3235    -82.78 LEFT    6.2728E-05   -281.57  1.8069E-04   -172.54
   30.00     70.00     -9.69    -1.99    -1.31      0.4075    -86.54 LEFT    7.2713E-05   -268.77  1.7656E-04   -171.74
   35.00     70.00     -8.30    -2.25    -1.28      0.4977     88.66 LEFT    8.5394E-05   -258.94  1.7139E-04   -170.96
   40.00     70.00     -6.95    -2.58    -1.23      0.5901     82.01 LEFT    9.9722E-05   -251.55  1.6497E-04   -170.20
   45.00     70.00     -5.74    -3.00    -1.15      0.6728     71.99 LEFT    1.1467E-04   -246.00  1.5709E-04   -169.45
   50.00     70.00     -4.70    -3.55    -1.08      0.7203     57.32 LEFT    1.2920E-04   -241.83  1.4756E-04   -168.72
   55.00     70.00     -3.87    -4.24    -1.04      0.7075     41.31 LEFT    1.4214E-04   -238.72  1.3618E-04   -168.01
   60.00     70.00     -3.28    -5.14    -1.10      0.6491     29.38 LEFT    1.5216E-04   -236.47  1.2280E-04   -167.33
   65.00     70.00     -2.97    -6.31    -1.32      0.5749     21.60 LEFT    1.5769E-04   -234.95  1.0732E-04   -166.68
   70.00     70.00     -3.02    -7.87    -1.79      0.4997     16.22 LEFT    1.5676E-04   -234.12  8.9710E-05   -166.06
   75.00     70.00     -3.60   -10.02    -2.71      0.4279     12.16 LEFT    1.4674E-04   -234.02  7.0001E-05   -165.48
   80.00     70.00     -5.09   -13.24    -4.47      0.3595      8.83 LEFT    1.2359E-04   -234.77  4.8323E-05   -164.94
   85.00     70.00     -8.86   -19.01    -8.46      0.2933      5.92 LEFT    8.0043E-05   -236.73  2.4890E-05   -164.46
   90.00     70.00   -999.99  -999.99  -999.99      0.0000      0.00         6.3577E-15   -420.76  1.4913E-15   -344.03
    0.00     75.00    -12.52    -1.08    -0.78      0.0000    -75.00 LINEAR  5.2501E-05   -356.80  1.9594E-04   -176.80
    5.00     75.00    -13.74    -1.12    -0.89      0.0565    -77.22 LEFT    4.5627E-05   -341.41  1.9520E-04   -176.12
   10.00     75.00    -14.41    -1.17    -0.97      0.1158    -79.54 LEFT    4.2249E-05   -322.13  1.9396E-04   -175.47
   15.00     75.00    -14.13    -1.25    -1.03      0.1792    -82.05 LEFT    4.3653E-05   -301.34  1.9219E-04   -174.84
   20.00     75.00    -12.94    -1.36    -1.07      0.2477    -84.83 LEFT    5.0032E-05   -283.03  1.8978E-04   -174.24
   25.00     75.00    -11.31    -1.51    -1.07      0.3218    -88.02 LEFT    6.0401E-05   -269.15  1.8662E-04   -173.65
   30.00     75.00     -9.60    -1.70    -1.05      0.4015     88.15 LEFT    7.3529E-05   -259.23  1.8255E-04   -173.08
   35.00     75.00     -8.00    -1.95    -0.99      0.4852     83.30 LEFT    8.8410E-05   -252.16  1.7737E-04   -172.51
   40.00     75.00     -6.57    -2.27    -0.90      0.5682     76.72 LEFT    1.0421E-04   -247.05  1.7089E-04   -171.96
   45.00     75.00     -5.34    -2.69    -0.80      0.6398     67.42 LEFT    1.2010E-04   -243.30  1.6287E-04   -171.42
   50.00     75.00     -4.31    -3.23    -0.72      0.6808     54.86 LEFT    1.3519E-04   -240.53  1.5310E-04   -170.88
   55.00     75.00     -3.50    -3.92    -0.69      0.6745     41.29 LEFT    1.4841E-04   -238.52  1.4140E-04   -170.35
   60.00     75.00     -2.93    -4.81    -0.76      0.6287     30.24 LEFT    1.5849E-04   -237.12  1.2759E-04   -169.83
   65.00     75.00     -2.64    -5.98    -0.98      0.5644     22.41 LEFT    1.6387E-04   -236.27  1.1157E-04   -169.32
   70.00     75.00     -2.71    -7.53    -1.47      0.4954     16.81 LEFT    1.6258E-04   -235.95  9.3298E-05   -168.82
   75.00     75.00     -3.29    -9.68    -2.39      0.4269     12.55 LEFT    1.5195E-04   -236.22  7.2826E-05   -168.34
   80.00     75.00     -4.79   -12.90    -4.17      0.3601      9.08 LEFT    1.2784E-04   -237.24  5.0286E-05   -167.87
   85.00     75.00     -8.57   -18.66    -8.17      0.2946      6.08 LEFT    8.2735E-05   -239.35  2.5905E-05   -167.43
   90.00     75.00   -999.99  -999.99  -999.99      0.0000      0.00         6.5699E-15   -423.43  1.5523E-15   -347.01
    0.00     80.00    -15.99    -0.92    -0.78      0.0000    -80.00 LINEAR  3.5224E-05   -356.80  1.9977E-04   -176.80
    5.00     80.00    -17.56    -0.94    -0.85      0.0573    -82.26 LEFT    2.9392E-05   -333.06  1.9918E-04   -176.35
   10.00     80.00    -17.46    -0.99    -0.89      0.1168    -84.61 LEFT    2.9754E-05   -304.23  1.9811E-04   -175.93
   15.00     80.00    -15.65    -1.06    -0.91      0.1797    -87.13 LEFT    3.6645E-05   -280.60  1.9648E-04   -175.53
   20.00     80.00    -13.32    -1.16    -0.91      0.2466    -89.92 LEFT    4.7888E-05   -265.44  1.9420E-04   -175.15
   25.00     80.00    -11.13    -1.30    -0.87      0.3180     86.87 LEFT    6.1665E-05   -256.03  1.9115E-04   -174.79
   30.00     80.00     -9.20    -1.48    -0.80      0.3934     83.04 LEFT    7.7006E-05   -249.94  1.8715E-04   -174.44
   35.00     80.00     -7.53    -1.73    -0.71      0.4709     78.21 LEFT    9.3299E-05   -245.80  1.8200E-04   -174.09
   40.00     80.00     -6.10    -2.04    -0.60      0.5458     71.85 LEFT    1.0998E-04   -242.91  1.7548E-04   -173.75
   45.00     80.00     -4.89    -2.45    -0.49      0.6086     63.27 LEFT    1.2641E-04   -240.85  1.6737E-04   -173.42
   50.00     80.00     -3.89    -2.98    -0.41      0.6447     52.33 LEFT    1.4178E-04   -239.40  1.5744E-04   -173.07
   55.00     80.00     -3.12    -3.67    -0.37      0.6425     40.59 LEFT    1.5507E-04   -238.42  1.4549E-04   -172.73
   60.00     80.00     -2.57    -4.56    -0.44      0.6060     30.49 LEFT    1.6506E-04   -237.83  1.3135E-04   -172.37
   65.00     80.00     -2.31    -5.72    -0.68      0.5504     22.85 LEFT    1.7018E-04   -237.62  1.1491E-04   -172.00
   70.00     80.00     -2.40    -7.27    -1.17      0.4872     17.18 LEFT    1.6847E-04   -237.80  9.6126E-05   -171.62
   75.00     80.00     -3.00    -9.42    -2.11      0.4224     12.81 LEFT    1.5718E-04   -238.44  7.5054E-05   -171.24
   80.00     80.00     -4.51   -12.63    -3.89      0.3578      9.25 LEFT    1.3208E-04   -239.70  5.1834E-05   -170.84
   85.00     80.00     -8.30   -18.39    -7.89      0.2934      6.19 LEFT    8.5421E-05   -241.97  2.6706E-05   -170.44
   90.00     80.00   -999.99  -999.99  -999.99      0.0000      0.00         6.7818E-15   -426.10  1.6003E-15   -350.04
    0.00     85.00    -21.98    -0.82    -0.78      0.0000    -85.00 LINEAR  1.7679E-05   -356.80  2.0208E-04   -176.80
    5.00     85.00    -23.36    -0.83    -0.81      0.0577    -87.28 LEFT    1.5077E-05   -305.96  2.0166E-04   -176.58
   10.00     85.00    -19.50    -0.87    -0.81      0.1169    -89.63 LEFT    2.3510E-05   -269.48  2.0075E-04   -176.39
   15.00     85.00    -15.70    -0.94    -0.80      0.1788     87.85 LEFT    3.6403E-05   -254.73  1.9928E-04   -176.22
   20.00     85.00    -12.78    -1.03    -0.75      0.2438     85.07 LEFT    5.0981E-05   -247.78  1.9714E-04   -176.07
   25.00     85.00    -10.46    -1.16    -0.68      0.3123     81.88 LEFT    6.6609E-05   -243.94  1.9420E-04   -175.93
   30.00     85.00     -8.54    -1.34    -0.58      0.3835     78.09 LEFT    8.3015E-05   -241.62  1.9029E-04   -175.81
   35.00     85.00     -6.93    -1.57    -0.46      0.4553     73.37 LEFT    9.9924E-05   -240.16  1.8519E-04   -175.69
   40.00     85.00     -5.57    -1.89    -0.34      0.5231     67.29 LEFT    1.1694E-04   -239.25  1.7868E-04   -175.57
   45.00     85.00     -4.42    -2.29    -0.21      0.5788     59.40 LEFT    1.3351E-04   -238.71  1.7053E-04   -175.43
   50.00     85.00     -3.47    -2.82    -0.12      0.6111     49.74 LEFT    1.4886E-04   -238.46  1.6050E-04   -175.28
   55.00     85.00     -2.73    -3.50    -0.09      0.6113     39.45 LEFT    1.6203E-04   -238.43  1.4838E-04   -175.12
   60.00     85.00     -2.23    -4.38    -0.16      0.5819     30.25 LEFT    1.7178E-04   -238.60  1.3401E-04   -174.92
   65.00     85.00     -1.99    -5.54    -0.40      0.5335     22.94 LEFT    1.7656E-04   -239.00  1.1727E-04   -174.70
   70.00     85.00     -2.10    -7.09    -0.90      0.4759     17.32 LEFT    1.7435E-04   -239.65  9.8131E-05   -174.44
   75.00     85.00     -2.72    -9.24    -1.84      0.4149     12.93 LEFT    1.6237E-04   -240.64  7.6635E-05   -174.15
   80.00     85.00     -4.24   -12.45    -3.63      0.3527      9.34 LEFT    1.3626E-04   -242.15  5.2933E-05   -173.83
   85.00     85.00     -8.03   -18.21    -7.63      0.2898      6.26 LEFT    8.8059E-05   -244.56  2.7274E-05   -173.47
   90.00     85.00   -999.99  -999.99  -999.99      0.0000      0.00         6.9894E-15   -428.74  1.6344E-15   -353.09
    0.00     90.00   -999.99    -0.78    -0.78      0.0000     90.00 LINEAR  1.0352E-15   -176.80  2.0285E-04   -176.80
    5.00     90.00    -23.90    -0.79    -0.77      0.0576     87.72 LEFT    1.4177E-05   -232.32  2.0261E-04   -176.81
   10.00     90.00    -17.81    -0.83    -0.74      0.1162     85.38 LEFT    2.8571E-05   -232.55  2.0186E-04   -176.85
   15.00     90.00    -14.18    -0.88    -0.68      0.1766     82.88 LEFT    4.3373E-05   -232.92  2.0055E-04   -176.91
   20.00     90.00    -11.55    -0.97    -0.61      0.2395     80.14 LEFT    5.8719E-05   -233.40  1.9855E-04   -176.99
   25.00     90.00     -9.46    -1.09    -0.50      0.3049     77.00 LEFT    7.4669E-05   -233.99  1.9574E-04   -177.09
   30.00     90.00     -7.73    -1.26    -0.38      0.3719     73.29 LEFT    9.1170E-05   -234.65  1.9192E-04   -177.19
   35.00     90.00     -6.26    -1.49    -0.24      0.4385     68.72 LEFT    1.0804E-04   -235.37  1.8689E-04   -177.29
   40.00     90.00     -4.99    -1.80    -0.10      0.5002     62.96 LEFT    1.2492E-04   -236.12  1.8042E-04   -177.38
   45.00     90.00     -3.93    -2.20     0.03      0.5500     55.72 LEFT    1.4127E-04   -236.90  1.7226E-04   -177.45
   50.00     90.00     -3.04    -2.73     0.13      0.5790     47.11 LEFT    1.5637E-04   -237.71  1.6219E-04   -177.50
   55.00     90.00     -2.36    -3.41     0.16      0.5808     38.00 LEFT    1.6921E-04   -238.54  1.5000E-04   -177.51
   60.00     90.00     -1.89    -4.29     0.08      0.5567     29.64 LEFT    1.7858E-04   -239.43  1.3551E-04   -177.48
   65.00     90.00     -1.68    -5.44    -0.16      0.5143     22.73 LEFT    1.8289E-04   -240.39  1.1861E-04   -177.40
   70.00     90.00     -1.82    -6.99    -0.66      0.4618     17.27 LEFT    1.8012E-04   -241.48  9.9262E-05   -177.26
   75.00     90.00     -2.45    -9.14    -1.61      0.4046     12.92 LEFT    1.6741E-04   -242.82  7.7527E-05   -177.07
   80.00     90.00     -3.99   -12.35    -3.39      0.3451      9.34 LEFT    1.4031E-04   -244.57  5.3554E-05   -176.81
   85.00     90.00     -7.78   -18.11    -7.40      0.2841      6.28 LEFT    9.0604E-05   -247.12  2.7595E-05   -176.50
   90.00     90.00   -999.99  -999.99  -999.99      0.0000      0.00         7.1896E-15   -431.34  1.6537E-15   -356.13
    0.00     95.00    -21.98    -0.82    -0.78      0.0000     85.00 LINEAR  1.7679E-05   -176.80  2.0208E-04   -176.80
    5.00     95.00    -17.92    -0.82    -0.74      0.0571     82.74 LEFT    2.8201E-05   -201.59  2.0201E-04   -177.04
   10.00     95.00    -14.66    -0.84    -0.67      0.1146     80.42 LEFT    4.1075E-05   -212.60  2.0143E-04   -177.31
   15.00     95.00    -12.12    -0.89    -0.58      0.1733     77.97 LEFT    5.4973E-05   -218.84  2.0027E-04   -177.60
   20.00     95.00    -10.07    -0.98    -0.47      0.2338     75.28 LEFT    6.9643E-05   -223.11  1.9842E-04   -177.91
   25.00     95.00     -8.34    -1.09    -0.34      0.2960     72.23 LEFT    8.5013E-05   -226.38  1.9573E-04   -178.23
   30.00     95.00     -6.84    -1.26    -0.20      0.3590     68.63 LEFT    1.0098E-04   -229.09  1.9201E-04   -178.56
   35.00     95.00     -5.54    -1.49    -0.05      0.4206     64.25 LEFT    1.1733E-04   -231.44  1.8707E-04   -178.88
   40.00     95.00     -4.40    -1.79     0.11      0.4769     58.83 LEFT    1.3371E-04   -233.52  1.8066E-04   -179.18
   45.00     95.00     -3.43    -2.19     0.25      0.5218     52.18 LEFT    1.4957E-04   -235.42  1.7254E-04   -179.46
   50.00     95.00     -2.62    -2.71     0.34      0.5481     44.45 LEFT    1.6417E-04   -237.15  1.6249E-04   -179.70
   55.00     95.00     -1.99    -3.39     0.38      0.5507     36.33 LEFT    1.7652E-04   -238.76  1.5030E-04   -179.88
   60.00     95.00     -1.57    -4.27     0.30      0.5306     28.74 LEFT    1.8536E-04   -240.29  1.3579E-04   -180.01
   65.00     95.00     -1.39    -5.43     0.05      0.4933     22.28 LEFT    1.8912E-04   -241.78  1.1887E-04   -180.07
   70.00     95.00     -1.55    -6.97    -0.45      0.4454     17.04 LEFT    1.8572E-04   -243.30  9.9486E-05   -180.06
   75.00     95.00     -2.20    -9.12    -1.40      0.3919     12.79 LEFT    1.7226E-04   -244.96  7.7704E-05   -179.96
   80.00     95.00     -3.75   -12.33    -3.19      0.3352      9.27 LEFT    1.4416E-04   -246.94  5.3677E-05   -179.77
   85.00     95.00     -7.56   -18.09    -7.19      0.2766      6.26 LEFT    9.3017E-05   -249.62  2.7659E-05   -179.50
   90.00     95.00   -999.99  -999.99  -999.99      0.0000      0.00         7.3791E-15   -433.89  1.6575E-15   -359.14
    0.00    100.00    -15.99    -0.92    -0.78      0.0000     80.00 LINEAR  3.5224E-05   -176.80  1.9977E-04   -176.80
    5.00    100.00    -13.91    -0.91    -0.70      0.0562     77.77 LEFT    4.4741E-05   -192.49  1.9986E-04   -177.27
   10.00    100.00    -11.93    -0.93    -0.60      0.1122     75.50 LEFT    5.6191E-05   -202.88  1.9944E-04   -177.77
   15.00    100.00    -10.17    -0.97    -0.48      0.1689     73.11 LEFT    6.8849E-05   -210.32  1.9843E-04   -178.29
   20.00    100.00     -8.60    -1.05    -0.35      0.2268     70.50 LEFT    8.2450E-05   -216.06  1.9671E-04   -178.82
   25.00    100.00     -7.20    -1.16    -0.20      0.2857     67.55 LEFT    9.6866E-05   -220.77  1.9415E-04   -179.37
   30.00    100.00     -5.95    -1.33    -0.04      0.3448     64.09 LEFT    1.1196E-04   -224.79  1.9054E-04   -179.92
   35.00    100.00     -4.82    -1.55     0.13      0.4019     59.92 LEFT    1.2750E-04   -228.31  1.8569E-04   -180.45
   40.00    100.00     -3.81    -1.85     0.29      0.4533     54.84 LEFT    1.4311E-04   -231.43  1.7937E-04   -180.96
   45.00    100.00     -2.94    -2.25     0.43      0.4939     48.75 LEFT    1.5825E-04   -234.24  1.7133E-04   -181.44
   50.00    100.00     -2.21    -2.77     0.53      0.5177     41.79 LEFT    1.7216E-04   -236.78  1.6137E-04   -181.87
   55.00    100.00     -1.64    -3.45     0.56      0.5209     34.50 LEFT    1.8384E-04   -239.08  1.4926E-04   -182.23
   60.00    100.00     -1.26    -4.33     0.48      0.5037     27.61 LEFT    1.9204E-04   -241.20  1.3485E-04   -182.52
   65.00    100.00     -1.12    -5.49     0.23      0.4706     21.62 LEFT    1.9515E-04   -243.18  1.1804E-04   -182.72
   70.00    100.00     -1.30    -7.03    -0.27      0.4270     16.64 LEFT    1.9106E-04   -245.09  9.8787E-05   -182.82
   75.00    100.00     -1.98    -9.18    -1.22      0.3770     12.55 LEFT    1.7683E-04   -247.05  7.7154E-05   -182.81
   80.00    100.00     -3.54   -12.39    -3.00      0.3234      9.13 LEFT    1.4777E-04   -249.25  5.3294E-05   -182.70
   85.00    100.00     -7.35   -18.15    -7.00      0.2673      6.18 LEFT    9.5262E-05   -252.06  2.7461E-05   -182.46
   90.00    100.00   -999.99  -999.99  -999.99      0.0000      0.00         7.5551E-15   -436.37  1.6455E-15   -362.12
    0.00    105.00    -12.52    -1.08    -0.78      0.0000     75.00 LINEAR  5.2501E-05   -176.80  1.9594E-04   -176.80
    5.00    105.00    -11.14    -1.07    -0.67      0.0548     72.82 LEFT    6.1587E-05   -188.52  1.9619E-04   -177.50
   10.00    105.00     -9.77    -1.09    -0.53      0.1090     70.61 LEFT    7.2115E-05   -197.63  1.9591E-04   -178.22
   15.00    105.00     -8.47    -1.12    -0.39      0.1635     68.30 LEFT    8.3723E-05   -205.02  1.9504E-04   -178.96
   20.00    105.00     -7.26    -1.20    -0.23      0.2186     65.79 LEFT    9.6255E-05   -211.26  1.9345E-04   -179.72
   25.00    105.00     -6.13    -1.31    -0.07      0.2742     62.95 LEFT    1.0962E-04   -216.69  1.9100E-04   -180.49
   30.00    105.00     -5.08    -1.47     0.10      0.3294     59.65 LEFT    1.2368E-04   -221.52  1.8750E-04   -181.25
   35.00    105.00     -4.11    -1.69     0.28      0.3822     55.71 LEFT    1.3823E-04   -225.87  1.8276E-04   -181.99
   40.00    105.00     -3.24    -1.99     0.44      0.4292     50.98 LEFT    1.5290E-04   -229.80  1.7655E-04   -182.71
   45.00    105.00     -2.47    -2.39     0.58      0.4660     45.40 LEFT    1.6714E-04   -233.35  1.6864E-04   -183.38
   50.00    105.00     -1.81    -2.91     0.68      0.4876     39.11 LEFT    1.8020E-04   -236.57  1.5882E-04   -183.99
   55.00    105.00     -1.30    -3.59     0.71      0.4910     32.57 LEFT    1.9109E-04   -239.49  1.4689E-04   -184.53
   60.00    105.00     -0.97    -4.47     0.63      0.4762     26.32 LEFT    1.9853E-04   -242.13  1.3269E-04   -184.97
   65.00    105.00     -0.87    -5.63     0.38      0.4467     20.79 LEFT    2.0090E-04   -244.56  1.1612E-04   -185.30
   70.00    105.00     -1.08    -7.18    -0.12      0.4068     16.11 LEFT    1.9608E-04   -246.84  9.7168E-05   -185.52
   75.00    105.00     -1.77    -9.32    -1.07      0.3604     12.21 LEFT    1.8107E-04   -249.09  7.5878E-05   -185.61
   80.00    105.00     -3.34   -12.54    -2.85      0.3098      8.92 LEFT    1.5108E-04   -251.49  5.2408E-05   -185.56
   85.00    105.00     -7.16   -18.30    -6.84      0.2564      6.07 LEFT    9.7310E-05   -254.42  2.7002E-05   -185.37
   90.00    105.00   -999.99  -999.99  -999.99      0.0000      0.00         7.7154E-15   -438.77  1.6181E-15   -365.04
    0.00    110.00    -10.10    -1.32    -0.78      0.0000     70.00 LINEAR  6.9378E-05   -176.80  1.9061E-04   -176.80
    5.00    110.00     -9.06    -1.31    -0.63      0.0531     67.89 LEFT    7.8251E-05   -186.39  1.9100E-04   -177.72
   10.00    110.00     -8.02    -1.31    -0.47      0.1051     65.76 LEFT    8.8155E-05   -194.51  1.9086E-04   -178.66
   15.00    110.00     -7.02    -1.35    -0.31      0.1570     63.54 LEFT    9.8920E-05   -201.60  1.9011E-04   -179.62
   20.00    110.00     -6.06    -1.41    -0.13      0.2092     61.14 LEFT    1.1048E-04   -207.95  1.8864E-04   -180.59
   25.00    110.00     -5.14    -1.52     0.04      0.2614     58.44 LEFT    1.2281E-04   -213.75  1.8630E-04   -181.57
   30.00    110.00     -4.27    -1.68     0.23      0.3129     55.31 LEFT    1.3580E-04   -219.09  1.8292E-04   -182.54
   35.00    110.00     -3.45    -1.90     0.40      0.3616     51.61 LEFT    1.4927E-04   -224.01  1.7830E-04   -183.49
   40.00    110.00     -2.69    -2.20     0.57      0.4046     47.23 LEFT    1.6288E-04   -228.55  1.7223E-04   -184.41
   45.00    110.00     -2.01    -2.60     0.71      0.4380     42.12 LEFT    1.7610E-04   -232.72  1.6449E-04   -185.27
   50.00    110.00     -1.44    -3.13     0.81      0.4576     36.44 LEFT    1.8818E-04   -236.52  1.5487E-04   -186.06
   55.00    110.00     -0.99    -3.81     0.84      0.4609     30.55 LEFT    1.9816E-04   -239.96  1.4320E-04   -186.76
   60.00    110.00     -0.70    -4.69     0.76      0.4480     24.90 LEFT    2.0475E-04   -243.09  1.2932E-04   -187.35
   65.00    110.00     -0.64    -5.85     0.51      0.4216     19.82 LEFT    2.0632E-04   -245.93  1.1314E-04   -187.82
   70.00    110.00     -0.87    -7.40    -0.00      0.3852     15.46 LEFT    2.0074E-04   -248.55  9.4651E-05   -188.15
   75.00    110.00     -1.59    -9.55    -0.94      0.3421     11.77 LEFT    1.8493E-04   -251.06  7.3896E-05   -188.33
   80.00    110.00     -3.17   -12.77    -2.72      0.2947      8.63 LEFT    1.5406E-04   -253.65  5.1030E-05   -188.34
   85.00    110.00     -7.00   -18.53    -6.71      0.2443      5.90 LEFT    9.9141E-05   -256.70  2.6290E-05   -188.19
   90.00    110.00   -999.99  -999.99  -999.99      0.0000      0.00         7.8581E-15   -441.09  1.5753E-15   -367.87
    0.00    115.00     -8.26    -1.64    -0.78      0.0000     65.00 LINEAR  8.5727E-05   -176.80  1.8384E-04   -176.80
    5.00    115.00     -7.42    -1.61    -0.60      0.0510     62.97 LEFT    9.4499E-05   -185.12  1.8435E-04   -177.93
   10.00    115.00     -6.59    -1.62    -0.42      0.1006     60.93 LEFT    1.0396E-04   -192.54  1.8433E-04   -179.08
   15.00    115.00     -5.79    -1.65    -0.23      0.1497     58.82 LEFT    1.1404E-04   -199.32  1.8369E-04   -180.25
   20.00    115.00     -5.01    -1.71    -0.04      0.1988     56.54 LEFT    1.2475E-04   -205.66  1.8232E-04   -181.44
   25.00    115.00     -4.25    -1.82     0.14      0.2476     53.99 LEFT    1.3609E-04   -211.63  1.8009E-04   -182.62
   30.00    115.00     -3.52    -1.98     0.33      0.2953     51.05 LEFT    1.4802E-04   -217.29  1.7683E-04   -183.79
   35.00    115.00     -2.82    -2.20     0.51      0.3402     47.60 LEFT    1.6037E-04   -222.63  1.7235E-04   -184.94
   40.00    115.00     -2.17    -2.50     0.68      0.3794     43.55 LEFT    1.7285E-04   -227.64  1.6644E-04   -186.05
   45.00    115.00     -1.59    -2.90     0.82      0.4096     38.90 LEFT    1.8496E-04   -232.30  1.5892E-04   -187.10
   50.00    115.00     -1.08    -3.43     0.91      0.4274     33.78 LEFT    1.9599E-04   -236.59  1.4957E-04   -188.06
   55.00    115.00     -0.69    -4.11     0.94      0.4305     28.48 LEFT    2.0497E-04   -240.50  1.3825E-04   -188.92
   60.00    115.00     -0.46    -5.00     0.85      0.4192     23.38 LEFT    2.1064E-04   -244.05  1.2480E-04   -189.66
   65.00    115.00     -0.43    -6.17     0.60      0.3954     18.74 LEFT    2.1136E-04   -247.26  1.0915E-04   -190.26
   70.00    115.00     -0.69    -7.72     0.09      0.3622     14.71 LEFT    2.0497E-04   -250.20  9.1273E-05   -190.69
   75.00    115.00     -1.43    -9.87    -0.85      0.3225     11.25 LEFT    1.8839E-04   -252.95  7.1239E-05   -190.95
   80.00    115.00     -3.03   -13.09    -2.62      0.2783      8.29 LEFT    1.5670E-04   -255.72  4.9184E-05   -191.03
   85.00    115.00     -6.86   -18.85    -6.60      0.2309      5.70 LEFT    1.0074E-04   -258.88  2.5335E-05   -190.92
   90.00    115.00   -999.99  -999.99  -999.99      0.0000      0.00         7.9828E-15   -443.30  1.5181E-15   -370.62
    0.00    120.00     -6.80    -2.03    -0.78      0.0000     60.00 LINEAR  1.0142E-04   -176.80  1.7567E-04   -176.80
    5.00    120.00     -6.09    -2.00    -0.57      0.0485     58.06 LEFT    1.1016E-04   -184.32  1.7628E-04   -178.13
   10.00    120.00     -5.39    -2.00    -0.36      0.0954     56.13 LEFT    1.1929E-04   -191.24  1.7635E-04   -179.49
   15.00    120.00     -4.73    -2.03    -0.16      0.1415     54.14 LEFT    1.2881E-04   -197.78  1.7581E-04   -180.86
   20.00    120.00     -4.08    -2.09     0.04      0.1873     52.00 LEFT    1.3876E-04   -204.05  1.7454E-04   -182.24
   25.00    120.00     -3.45    -2.20     0.23      0.2327     49.61 LEFT    1.4919E-04   -210.12  1.7242E-04   -183.62
   30.00    120.00     -2.84    -2.35     0.42      0.2768     46.87 LEFT    1.6008E-04   -215.99  1.6928E-04   -184.99
   35.00    120.00     -2.25    -2.58     0.60      0.3179     43.67 LEFT    1.7132E-04   -221.63  1.6495E-04   -186.33
   40.00    120.00     -1.69    -2.89     0.76      0.3536     39.96 LEFT    1.8264E-04   -227.01  1.5925E-04   -187.62
   45.00    120.00     -1.19    -3.29     0.90      0.3809     35.73 LEFT    1.9360E-04   -232.06  1.5199E-04   -188.84
   50.00    120.00     -0.76    -3.82     0.99      0.3969     31.12 LEFT    2.0351E-04   -236.77  1.4299E-04   -189.97
   55.00    120.00     -0.42    -4.51     1.01      0.3998     26.37 LEFT    2.1144E-04   -241.08  1.3209E-04   -190.99
   60.00    120.00     -0.23    -5.40     0.92      0.3897     21.78 LEFT    2.1613E-04   -245.01  1.1918E-04   -191.87
   65.00    120.00     -0.24    -6.57     0.67      0.3683     17.57 LEFT    2.1597E-04   -248.56  1.0419E-04   -192.59
   70.00    120.00     -0.53    -8.13     0.16      0.3381     13.86 LEFT    2.0877E-04   -251.78  8.7090E-05   -193.13
   75.00    120.00     -1.29   -10.28    -0.77      0.3016     10.66 LEFT    1.9143E-04   -254.76  6.7950E-05   -193.47
   80.00    120.00     -2.90   -13.50    -2.54      0.2607      7.89 LEFT    1.5897E-04   -257.69  4.6901E-05   -193.61
   85.00    120.00     -6.75   -19.27    -6.51      0.2165      5.45 LEFT    1.0211E-04   -260.95  2.4155E-05   -193.54
   90.00    120.00   -999.99  -999.99  -999.99      0.0000      0.00         8.0884E-15   -445.41  1.4473E-15   -373.24
    0.00    125.00     -5.61    -2.52    -0.78      0.0000     55.00 LINEAR  1.1635E-04   -176.80  1.6616E-04   -176.80
    5.00    125.00     -4.98    -2.48    -0.54      0.0457     53.17 LEFT    1.2510E-04   -183.78  1.6685E-04   -178.33
   10.00    125.00     -4.39    -2.47    -0.31      0.0896     51.36 LEFT    1.3398E-04   -190.37  1.6699E-04   -179.88
   15.00    125.00     -3.82    -2.50    -0.10      0.1325     49.50 LEFT    1.4303E-04   -196.72  1.6653E-04   -181.44
   20.00    125.00     -3.27    -2.56     0.11      0.1750     47.50 LEFT    1.5230E-04   -202.93  1.6536E-04   -183.01
   25.00    125.00     -2.74    -2.66     0.31      0.2169     45.28 LEFT    1.6188E-04   -209.05  1.6334E-04   -184.58
   30.00    125.00     -2.23    -2.83     0.49      0.2573     42.75 LEFT    1.7178E-04   -215.06  1.6035E-04   -186.13
   35.00    125.00     -1.73    -3.05     0.67      0.2948     39.81 LEFT    1.8193E-04   -220.93  1.5620E-04   -187.65
   40.00    125.00     -1.26    -3.36     0.83      0.3271     36.43 LEFT    1.9210E-04   -226.59  1.5074E-04   -189.11
   45.00    125.00     -0.82    -3.77     0.96      0.3516     32.61 LEFT    2.0189E-04   -231.98  1.4379E-04   -190.50
   50.00    125.00     -0.46    -4.31     1.04      0.3660     28.48 LEFT    2.1065E-04   -237.03  1.3520E-04   -191.79
   55.00    125.00     -0.18    -5.00     1.06      0.3686     24.23 LEFT    2.1750E-04   -241.69  1.2482E-04   -192.95
   60.00    125.00     -0.03    -5.90     0.97      0.3597     20.11 LEFT    2.2119E-04   -245.95  1.1256E-04   -193.96
   65.00    125.00     -0.07    -7.07     0.72      0.3404     16.32 LEFT    2.2012E-04   -249.80  9.8342E-05   -194.80
   70.00    125.00     -0.40    -8.63     0.21      0.3131     12.94 LEFT    2.1212E-04   -253.28  8.2164E-05   -195.44
   75.00    125.00     -1.17   -10.79    -0.72      0.2797     10.00 LEFT    1.9405E-04   -256.47  6.4081E-05   -195.87
   80.00    125.00     -2.80   -14.01    -2.48      0.2421      7.43 LEFT    1.6089E-04   -259.56  4.4217E-05   -196.07
   85.00    125.00     -6.65   -19.78    -6.44      0.2012      5.16 LEFT    1.0325E-04   -262.91  2.2769E-05   -196.02
   90.00    125.00   -999.99  -999.99  -999.99      0.0000      0.00         8.1762E-15   -447.40  1.3641E-15   -375.74
    0.00    130.00     -4.62    -3.10    -0.78      0.0000     50.00 LINEAR  1.3039E-04   -176.80  1.5539E-04   -176.80
    5.00    130.00     -4.06    -3.06    -0.52      0.0426     48.30 LEFT    1.3918E-04   -183.42  1.5612E-04   -178.51
   10.00    130.00     -3.53    -3.05    -0.27      0.0832     46.61 LEFT    1.4787E-04   -189.77  1.5633E-04   -180.24
   15.00    130.00     -3.04    -3.07    -0.04      0.1228     44.89 LEFT    1.5651E-04   -195.99  1.5594E-04   -181.98
   20.00    130.00     -2.57    -3.13     0.17      0.1618     43.05 LEFT    1.6519E-04   -202.16  1.5485E-04   -183.73
   25.00    130.00     -2.12    -3.24     0.37      0.2001     41.01 LEFT    1.7398E-04   -208.31  1.5295E-04   -185.47
   30.00    130.00     -1.68    -3.40     0.56      0.2369     38.69 LEFT    1.8295E-04   -214.42  1.5010E-04   -187.20
   35.00    130.00     -1.26    -3.63     0.73      0.2709     36.01 LEFT    1.9204E-04   -220.46  1.4617E-04   -188.88
   40.00    130.00     -0.86    -3.94     0.88      0.2999     32.95 LEFT    2.0108E-04   -226.35  1.4098E-04   -190.51
   45.00    130.00     -0.49    -4.36     1.00      0.3219     29.53 LEFT    2.0972E-04   -232.00  1.3441E-04   -192.06
   50.00    130.00     -0.18    -4.90     1.08      0.3346     25.84 LEFT    2.1734E-04   -237.35  1.2630E-04   -193.50
   55.00    130.00      0.04    -5.60     1.09      0.3370     22.07 LEFT    2.2309E-04   -242.31  1.1653E-04   -194.80
   60.00    130.00      0.15    -6.50     1.00      0.3290     18.40 LEFT    2.2578E-04   -246.87  1.0501E-04   -195.94
   65.00    130.00      0.07    -7.68     0.74      0.3118     15.00 LEFT    2.2381E-04   -250.99  9.1695E-05   -196.88
   70.00    130.00     -0.28    -9.25     0.24      0.2872     11.95 LEFT    2.1502E-04   -254.70  7.6570E-05   -197.62
   75.00    130.00     -1.07   -11.41    -0.69      0.2569      9.27 LEFT    1.9626E-04   -258.08  5.9693E-05   -198.12
   80.00    130.00     -2.71   -14.63    -2.44      0.2226      6.92 LEFT    1.6247E-04   -261.31  4.1176E-05   -198.37
   85.00    130.00     -6.57   -20.40    -6.40      0.1852      4.83 LEFT    1.0417E-04   -264.74  2.1199E-05   -198.37
   90.00    130.00   -999.99  -999.99  -999.99      0.0000      0.00         8.2468E-15   -449.26  1.2700E-15   -378.09
    0.00    135.00     -3.79    -3.79    -0.78      0.0000     45.00 LINEAR  1.4343E-04   -176.80  1.4343E-04   -176.80
    5.00    135.00     -3.27    -3.75    -0.49      0.0392     43.43 LEFT    1.5229E-04   -183.17  1.4419E-04   -178.68
   10.00    135.00     -2.80    -3.73    -0.23      0.0764     41.89 LEFT    1.6083E-04   -189.36  1.4443E-04   -180.58
   15.00    135.00     -2.36    -3.75     0.01      0.1125     40.31 LEFT    1.6912E-04   -195.49  1.4410E-04   -182.49
   20.00    135.00     -1.95    -3.81     0.22      0.1479     38.64 LEFT    1.7726E-04   -201.63  1.4310E-04   -184.40
   25.00    135.00     -1.57    -3.92     0.42      0.1826     36.78 LEFT    1.8534E-04   -207.80  1.4132E-04   -186.30
   30.00    135.00     -1.20    -4.09     0.60      0.2157     34.68 LEFT    1.9343E-04   -214.00  1.3865E-04   -188.19
   35.00    135.00     -0.84    -4.32     0.77      0.2462     32.27 LEFT    2.0153E-04   -220.17  1.3495E-04   -190.03
   40.00    135.00     -0.50    -4.64     0.91      0.2721     29.53 LEFT    2.0949E-04   -226.24  1.3010E-04   -191.81
   45.00    135.00     -0.20    -5.06     1.03      0.2916     26.48 LEFT    2.1699E-04   -232.11  1.2395E-04   -193.51
   50.00    135.00      0.06    -5.61     1.10      0.3029     23.22 LEFT    2.2350E-04   -237.70  1.1639E-04   -195.08
   55.00    135.00      0.24    -6.31     1.11      0.3049     19.89 LEFT    2.2818E-04   -242.93  1.0732E-04   -196.51
   60.00    135.00      0.30    -7.22     1.01      0.2978     16.65 LEFT    2.2989E-04   -247.74  9.6646E-05   -197.77
   65.00    135.00      0.20    -8.41     0.76      0.2825     13.63 LEFT    2.2704E-04   -252.10  8.4336E-05   -198.82
   70.00    135.00     -0.18    -9.98     0.25      0.2605     10.91 LEFT    2.1749E-04   -256.02  7.0386E-05   -199.64
   75.00    135.00     -0.99   -12.14    -0.67      0.2333      8.50 LEFT    1.9809E-04   -259.57  5.4846E-05   -200.22
   80.00    135.00     -2.64   -15.37    -2.42      0.2023      6.37 LEFT    1.6374E-04   -262.93  3.7820E-05   -200.52
   85.00    135.00     -6.51   -21.14    -6.37      0.1684      4.46 LEFT    1.0489E-04   -266.44  1.9467E-05   -200.54
   90.00    135.00   -999.99  -999.99  -999.99      0.0000      0.00         8.3015E-15   -450.98  1.1661E-15   -380.29
    0.00    140.00     -3.10    -4.62    -0.78      0.0000     40.00 LINEAR  1.5539E-04   -176.80  1.3039E-04   -176.80
    5.00    140.00     -2.61    -4.57    -0.47      0.0355     38.58 LEFT    1.6432E-04   -183.01  1.3114E-04   -178.84
   10.00    140.00     -2.18    -4.55    -0.20      0.0691     37.18 LEFT    1.7274E-04   -189.09  1.3140E-04   -180.89
   15.00    140.00     -1.79    -4.57     0.05      0.1015     35.77 LEFT    1.8073E-04   -195.15  1.3112E-04   -182.95
   20.00    140.00     -1.43    -4.63     0.27      0.1333     34.26 LEFT    1.8839E-04   -201.27  1.3020E-04   -185.01
   25.00    140.00     -1.09    -4.74     0.47      0.1642     32.60 LEFT    1.9582E-04   -207.47  1.2856E-04   -187.06
   30.00    140.00     -0.77    -4.91     0.64      0.1938     30.72 LEFT    2.0310E-04   -213.73  1.2609E-04   -189.10
   35.00    140.00     -0.47    -5.15     0.80      0.2208     28.57 LEFT    2.1027E-04   -220.01  1.2267E-04   -191.08
   40.00    140.00     -0.19    -5.48     0.94      0.2437     26.14 LEFT    2.1721E-04   -226.22  1.1819E-04   -193.00
   45.00    140.00      0.06    -5.90     1.04      0.2607     23.47 LEFT    2.2365E-04   -232.28  1.1253E-04   -194.83
   50.00    140.00      0.27    -6.45     1.11      0.2706     20.61 LEFT    2.2909E-04   -238.08  1.0560E-04   -196.54
   55.00    140.00      0.41    -7.17     1.11      0.2724     17.70 LEFT    2.3274E-04   -243.53  9.7293E-05   -198.08
   60.00    140.00      0.44    -8.08     1.01      0.2661     14.87 LEFT    2.3350E-04   -248.56  8.7558E-05   -199.45
   65.00    140.00      0.30    -9.27     0.76      0.2526     12.22 LEFT    2.2982E-04   -253.13  7.6356E-05   -200.60
   70.00    140.00     -0.10   -10.85     0.26      0.2332      9.81 LEFT    2.1956E-04   -257.24  6.3691E-05   -201.50
   75.00    140.00     -0.93   -13.02    -0.66      0.2090      7.67 LEFT    1.9956E-04   -260.94  4.9606E-05   -202.14
   80.00    140.00     -2.59   -16.25    -2.41      0.1814      5.77 LEFT    1.6473E-04   -264.41  3.4195E-05   -202.49
   85.00    140.00     -6.47   -22.02    -6.35      0.1511      4.06 LEFT    1.0544E-04   -267.99  1.7597E-05   -202.54
   90.00    140.00   -999.99  -999.99  -999.99      0.0000      0.00         8.3423E-15    -92.56  1.0541E-15   -382.30
    0.00    145.00     -2.52    -5.61    -0.78      0.0000     35.00 LINEAR  1.6616E-04   -176.80  1.1635E-04   -176.80
    5.00    145.00     -2.06    -5.56    -0.45      0.0316     33.73 LEFT    1.7517E-04   -182.89  1.1707E-04   -178.98
   10.00    145.00     -1.65    -5.54    -0.17      0.0613     32.50 LEFT    1.8350E-04   -188.90  1.1734E-04   -181.17
   15.00    145.00     -1.30    -5.56     0.09      0.0900     31.24 LEFT    1.9123E-04   -194.93  1.1710E-04   -183.36
   20.00    145.00     -0.97    -5.62     0.31      0.1180     29.91 LEFT    1.9846E-04   -201.04  1.1627E-04   -185.56
   25.00    145.00     -0.68    -5.73     0.50      0.1452     28.44 LEFT    2.0530E-04   -207.26  1.1478E-04   -187.75
   30.00    145.00     -0.41    -5.90     0.67      0.1711     26.79 LEFT    2.1186E-04   -213.57  1.1253E-04   -189.91
   35.00    145.00     -0.15    -6.14     0.82      0.1947     24.91 LEFT    2.1817E-04   -219.94  1.0943E-04   -192.03
   40.00    145.00      0.08    -6.47     0.95      0.2146     22.80 LEFT    2.2417E-04   -226.28  1.0537E-04   -194.08
   45.00    145.00      0.29    -6.90     1.05      0.2294     20.48 LEFT    2.2961E-04   -232.49  1.0026E-04   -196.02
   50.00    145.00      0.46    -7.46     1.11      0.2379     18.01 LEFT    2.3406E-04   -238.46  9.4017E-05   -197.84
   55.00    145.00      0.56    -8.18     1.10      0.2394     15.50 LEFT    2.3676E-04   -244.10  8.6563E-05   -199.50
   60.00    145.00      0.55    -9.10     1.00      0.2340     13.06 LEFT    2.3664E-04   -249.32  7.7849E-05   -200.96
   65.00    145.00      0.39   -10.30     0.75      0.2222     10.77 LEFT    2.3217E-04   -254.07  6.7847E-05   -202.20
   70.00    145.00     -0.03   -11.88     0.25      0.2052      8.68 LEFT    2.2125E-04   -258.33  5.6562E-05   -203.18
   75.00    145.00     -0.87   -14.05    -0.67      0.1841      6.81 LEFT    2.0073E-04   -262.18  4.4034E-05   -203.87
   80.00    145.00     -2.55   -17.29    -2.41      0.1599      5.14 LEFT    1.6547E-04   -265.74  3.0344E-05   -204.27
   85.00    145.00     -6.43   -23.06    -6.34      0.1332      3.63 LEFT    1.0583E-04   -269.38  1.5612E-05   -204.35
   90.00    145.00   -999.99  -999.99  -999.99      0.0000      0.00         8.3714E-15    -93.97  9.3507E-16   -384.11
    0.00    150.00     -2.03    -6.80    -0.78      0.0000     30.00 LINEAR  1.7567E-04   -176.80  1.0142E-04   -176.80
    5.00    150.00     -1.59    -6.75    -0.44      0.0275     28.90 LEFT    1.8476E-04   -182.82  1.0209E-04   -179.10
   10.00    150.00     -1.21    -6.73    -0.14      0.0533     27.82 LEFT    1.9302E-04   -188.78  1.0235E-04   -181.41
   15.00    150.00     -0.88    -6.74     0.12      0.0780     26.74 LEFT    2.0052E-04   -194.79  1.0215E-04   -183.73
   20.00    150.00     -0.59    -6.80     0.34      0.1022     25.59 LEFT    2.0738E-04   -200.90  1.0142E-04   -186.05
   25.00    150.00     -0.33    -6.92     0.53      0.1256     24.32 LEFT    2.1370E-04   -207.14  1.0010E-04   -188.35
   30.00    150.00     -0.09    -7.09     0.70      0.1479     22.90 LEFT    2.1961E-04   -213.50  9.8101E-05   -190.63
   35.00    150.00      0.12    -7.34     0.84      0.1680     21.29 LEFT    2.2515E-04   -219.94  9.5350E-05   -192.86
   40.00    150.00      0.32    -7.67     0.96      0.1850     19.49 LEFT    2.3030E-04   -226.37  9.1761E-05   -195.02
   45.00    150.00      0.49    -8.11     1.05      0.1976     17.51 LEFT    2.3485E-04   -232.70  8.7257E-05   -197.08
   50.00    150.00      0.62    -8.68     1.10      0.2048     15.42 LEFT    2.3839E-04   -238.82  8.1768E-05   -199.00
   55.00    150.00      0.69    -9.40     1.09      0.2060     13.30 LEFT    2.4022E-04   -244.62  7.5236E-05   -200.75
   60.00    150.00      0.65   -10.33     0.99      0.2014     11.23 LEFT    2.3929E-04   -250.00  6.7619E-05   -202.30
   65.00    150.00      0.46   -11.53     0.73      0.1914      9.28 LEFT    2.3413E-04   -254.90  5.8896E-05   -203.61
   70.00    150.00      0.02   -13.11     0.23      0.1768      7.50 LEFT    2.2261E-04   -259.31  4.9074E-05   -204.66
   75.00    150.00     -0.84   -15.29    -0.68      0.1587      5.90 LEFT    2.0162E-04   -263.27  3.8189E-05   -205.41
   80.00    150.00     -2.52   -18.53    -2.42      0.1379      4.47 LEFT    1.6601E-04   -266.92  2.6308E-05   -205.84
   85.00    150.00     -6.41   -24.30    -6.34      0.1149      3.17 LEFT    1.0610E-04   -270.62  1.3533E-05   -205.95
   90.00    150.00   -999.99  -999.99  -999.99      0.0000      0.00         8.3908E-15    -95.22  8.1051E-16   -385.72
    0.00    155.00     -1.64    -8.26    -0.78      0.0000     25.00 LINEAR  1.8384E-04   -176.80  8.5727E-05   -176.80
    5.00    155.00     -1.22    -8.20    -0.42      0.0232     24.07 LEFT    1.9301E-04   -182.77  8.6321E-05   -179.21
   10.00    155.00     -0.85    -8.18    -0.12      0.0449     23.17 LEFT    2.0121E-04   -188.71  8.6555E-05   -181.62
   15.00    155.00     -0.54    -8.20     0.14      0.0657     22.25 LEFT    2.0853E-04   -194.70  8.6387E-05   -184.04
   20.00    155.00     -0.28    -8.26     0.37      0.0859     21.29 LEFT    2.1506E-04   -200.81  8.5765E-05   -186.46
   25.00    155.00     -0.04    -8.38     0.55      0.1055     20.23 LEFT    2.2093E-04   -207.08  8.4627E-05   -188.87
   30.00    155.00      0.17    -8.55     0.71      0.1241     19.04 LEFT    2.2627E-04   -213.48  8.2911E-05   -191.25
   35.00    155.00      0.35    -8.81     0.85      0.1409     17.70 LEFT    2.3115E-04   -219.97  8.0550E-05   -193.58
   40.00    155.00      0.52    -9.14     0.96      0.1549     16.20 LEFT    2.3556E-04   -226.49  7.7478E-05   -195.83
   45.00    155.00      0.65    -9.59     1.05      0.1654     14.56 LEFT    2.3932E-04   -232.92  7.3633E-05   -197.98
   50.00    155.00      0.75   -10.15     1.09      0.1713     12.84 LEFT    2.4207E-04   -239.15  6.8960E-05   -199.99
   55.00    155.00      0.79   -10.88     1.08      0.1723     11.09 LEFT    2.4313E-04   -245.08  6.3412E-05   -201.83
   60.00    155.00      0.73   -11.82     0.97      0.1684      9.38 LEFT    2.4149E-04   -250.59  5.6959E-05   -203.45
   65.00    155.00      0.52   -13.02     0.71      0.1601      7.78 LEFT    2.3570E-04   -255.62  4.9584E-05   -204.83
   70.00    155.00      0.07   -14.61     0.21      0.1480      6.30 LEFT    2.2367E-04   -260.15  4.1296E-05   -205.94
   75.00    155.00     -0.81   -16.79    -0.70      0.1329      4.97 LEFT    2.0228E-04   -264.21  3.2123E-05   -206.73
   80.00    155.00     -2.50   -20.03    -2.43      0.1155      3.77 LEFT    1.6638E-04   -267.93  2.2123E-05   -207.20
   85.00    155.00     -6.40   -25.81    -6.35      0.0963      2.68 LEFT    1.0627E-04   -271.68  1.1378E-05   -207.32
   90.00    155.00   -999.99  -999.99  -999.99      0.0000      0.00         8.4027E-15    -96.30  6.8143E-16   -387.10
    0.00    160.00     -1.32   -10.10    -0.78      0.0000     20.00 LINEAR  1.9061E-04   -176.80  6.9378E-05   -176.80
    5.00    160.00     -0.91   -10.04    -0.41      0.0187     19.25 LEFT    1.9985E-04   -182.74  6.9877E-05   -179.29
   10.00    160.00     -0.57   -10.02    -0.10      0.0362     18.52 LEFT    2.0801E-04   -188.66  7.0077E-05   -181.80
   15.00    160.00     -0.27   -10.03     0.16      0.0529     17.78 LEFT    2.1517E-04   -194.65  6.9944E-05   -184.30
   20.00    160.00     -0.02   -10.10     0.39      0.0692     17.01 LEFT    2.2144E-04   -200.77  6.9433E-05   -186.81
   25.00    160.00      0.19   -10.21     0.57      0.0849     16.16 LEFT    2.2694E-04   -207.05  6.8499E-05   -189.30
   30.00    160.00      0.38   -10.39     0.72      0.0998     15.20 LEFT    2.3180E-04   -213.48  6.7089E-05   -191.76
   35.00    160.00      0.54   -10.65     0.85      0.1132     14.13 LEFT    2.3612E-04   -220.03  6.5153E-05   -194.17
   40.00    160.00      0.67   -10.99     0.96      0.1245     12.93 LEFT    2.3990E-04   -226.60  6.2640E-05   -196.51
   45.00    160.00      0.79   -11.44     1.04      0.1327     11.63 LEFT    2.4300E-04   -233.11  5.9501E-05   -198.73
   50.00    160.00      0.86   -12.01     1.08      0.1374     10.26 LEFT    2.4508E-04   -239.44  5.5696E-05   -200.82
   55.00    160.00      0.87   -12.74     1.06      0.1382      8.88 LEFT    2.4549E-04   -245.47  5.1188E-05   -202.72
   60.00    160.00      0.79   -13.68     0.95      0.1351      7.52 LEFT    2.4326E-04   -251.09  4.5955E-05   -204.41
   65.00    160.00      0.57   -14.89     0.69      0.1285      6.25 LEFT    2.3694E-04   -256.23  3.9987E-05   -205.85
   70.00    160.00      0.10   -16.48     0.19      0.1188      5.07 LEFT    2.2448E-04   -260.85  3.3289E-05   -206.99
   75.00    160.00     -0.79   -18.67    -0.72      0.1067      4.01 LEFT    2.0276E-04   -264.99  2.5886E-05   -207.83
   80.00    160.00     -2.49   -21.91    -2.44      0.0928      3.05 LEFT    1.6663E-04   -268.77  1.7823E-05   -208.33
   85.00    160.00     -6.39   -27.68    -6.36      0.0774      2.17 LEFT    1.0638E-04   -272.55  9.1653E-06   -208.47
   90.00    160.00   -999.99  -999.99  -999.99      0.0000      0.00         8.4093E-15    -97.19  5.4887E-16   -388.25
    0.00    165.00     -1.08   -12.52    -0.78      0.0000     15.00 LINEAR  1.9594E-04   -176.80  5.2501E-05   -176.80
    5.00    165.00     -0.68   -12.46    -0.40      0.0142     14.43 LEFT    2.0522E-04   -182.72  5.2890E-05   -179.36
   10.00    165.00     -0.34   -12.43    -0.08      0.0273     13.88 LEFT    2.1335E-04   -188.63  5.3047E-05   -181.93
   15.00    165.00     -0.06   -12.45     0.18      0.0400     13.33 LEFT    2.2039E-04   -194.62  5.2947E-05   -184.51
   20.00    165.00      0.17   -12.51     0.40      0.0522     12.74 LEFT    2.2645E-04   -200.75  5.2556E-05   -187.08
   25.00    165.00      0.37   -12.63     0.58      0.0640     12.10 LEFT    2.3166E-04   -207.05  5.1840E-05   -189.64
   30.00    165.00      0.54   -12.82     0.73      0.0752     11.39 LEFT    2.3615E-04   -213.50  5.0761E-05   -192.16
   35.00    165.00      0.68   -13.07     0.86      0.0852     10.58 LEFT    2.4002E-04   -220.08  4.9280E-05   -194.64
   40.00    165.00      0.80   -13.42     0.96      0.0937      9.69 LEFT    2.4331E-04   -226.71  4.7361E-05   -197.04
   45.00    165.00      0.89   -13.87     1.03      0.0998      8.71 LEFT    2.4588E-04   -233.28  4.4970E-05   -199.32
   50.00    165.00      0.94   -14.45     1.07      0.1033      7.69 LEFT    2.4742E-04   -239.68  4.2075E-05   -201.47
   55.00    165.00      0.94   -15.18     1.04      0.1039      6.66 LEFT    2.4731E-04   -245.78  3.8653E-05   -203.42
   60.00    165.00      0.84   -16.12     0.93      0.1016      5.65 LEFT    2.4460E-04   -251.49  3.4687E-05   -205.16
   65.00    165.00      0.60   -17.34     0.67      0.0966      4.70 LEFT    2.3787E-04   -256.71  3.0171E-05   -206.64
   70.00    165.00      0.12   -18.93     0.17      0.0894      3.82 LEFT    2.2507E-04   -261.40  2.5109E-05   -207.83
   75.00    165.00     -0.77   -21.12    -0.73      0.0803      3.02 LEFT    2.0308E-04   -265.60  1.9520E-05   -208.69
   80.00    165.00     -2.48   -24.36    -2.46      0.0698      2.30 LEFT    1.6678E-04   -269.43  1.3437E-05   -209.21
   85.00    165.00     -6.39   -30.14    -6.37      0.0582      1.64 LEFT    1.0643E-04   -273.24  6.9090E-06   -209.37
   90.00    165.00   -999.99  -999.99  -999.99      0.0000      0.00         8.4126E-15    -97.89  4.1372E-16   -389.15
    0.00    170.00     -0.92   -15.99    -0.78      0.0000     10.00 LINEAR  1.9977E-04   -176.80  3.5224E-05   -176.80
    5.00    170.00     -0.52   -15.92    -0.40      0.0095      9.62 LEFT    2.0909E-04   -182.71  3.5490E-05   -179.41
   10.00    170.00     -0.19   -15.90    -0.07      0.0183      9.25 LEFT    2.1720E-04   -188.62  3.5599E-05   -182.03
   15.00    170.00      0.08   -15.91     0.19      0.0267      8.88 LEFT    2.2416E-04   -194.61  3.5532E-05   -184.66
   20.00    170.00      0.31   -15.98     0.41      0.0349      8.49 LEFT    2.3006E-04   -200.75  3.5267E-05   -187.27
   25.00    170.00      0.50   -16.10     0.59      0.0428      8.06 LEFT    2.3506E-04   -207.05  3.4782E-05   -189.88
   30.00    170.00      0.65   -16.28     0.74      0.0503      7.58 LEFT    2.3928E-04   -213.53  3.4052E-05   -192.45
   35.00    170.00      0.78   -16.54     0.86      0.0570      7.05 LEFT    2.4283E-04   -220.13  3.3050E-05   -194.98
   40.00    170.00      0.88   -16.89     0.95      0.0626      6.45 LEFT    2.4575E-04   -226.79  3.1755E-05   -197.42
   45.00    170.00      0.96   -17.34     1.02      0.0667      5.80 LEFT    2.4794E-04   -233.40  3.0142E-05   -199.75
   50.00    170.00      1.00   -17.92     1.06      0.0690      5.13 LEFT    2.4909E-04   -239.85  2.8193E-05   -201.93
   55.00    170.00      0.98   -18.66     1.03      0.0694      4.44 LEFT    2.4860E-04   -246.01  2.5892E-05   -203.93
   60.00    170.00      0.88   -19.61     0.91      0.0678      3.77 LEFT    2.4555E-04   -251.78  2.3228E-05   -205.70
   65.00    170.00      0.62   -20.82     0.65      0.0645      3.14 LEFT    2.3852E-04   -257.05  2.0198E-05   -207.22
   70.00    170.00      0.13   -22.42     0.16      0.0597      2.56 LEFT    2.2547E-04   -261.80  1.6805E-05   -208.43
   75.00    170.00     -0.76   -24.61    -0.75      0.0537      2.02 LEFT    2.0330E-04   -266.04  1.3062E-05   -209.32
   80.00    170.00     -2.48   -27.85    -2.47      0.0467      1.54 LEFT    1.6687E-04   -269.91  8.9901E-06   -209.85
   85.00    170.00     -6.38   -33.63    -6.38      0.0389      1.10 LEFT    1.0645E-04   -273.74  4.6221E-06   -210.02
   90.00    170.00   -999.99  -999.99  -999.99      0.0000      0.00         8.4137E-15    -98.40  2.7677E-16   -389.80
    0.00    175.00     -0.82   -21.98    -0.78      0.0000      5.00 LINEAR  2.0208E-04   -176.80  1.7679E-05   -176.80
    5.00    175.00     -0.42   -21.91    -0.39      0.0048      4.81 LEFT    2.1143E-04   -182.70  1.7815E-05   -179.44
   10.00    175.00     -0.10   -21.88    -0.07      0.0092      4.62 LEFT    2.1953E-04   -188.61  1.7870E-05   -182.09
   15.00    175.00      0.17   -21.90     0.20      0.0134      4.44 LEFT    2.2643E-04   -194.60  1.7836E-05   -184.74
   20.00    175.00      0.39   -21.97     0.42      0.0175      4.24 LEFT    2.3224E-04   -200.75  1.7703E-05   -187.39
   25.00    175.00      0.57   -22.09     0.60      0.0215      4.03 LEFT    2.3711E-04   -207.06  1.7458E-05   -190.03
   30.00    175.00      0.72   -22.27     0.74      0.0252      3.79 LEFT    2.4116E-04   -213.55  1.7089E-05   -192.63
   35.00    175.00      0.84   -22.53     0.86      0.0285      3.52 LEFT    2.4452E-04   -220.16  1.6584E-05   -195.18
   40.00    175.00      0.93   -22.88     0.95      0.0313      3.22 LEFT    2.4722E-04   -226.84  1.5931E-05   -197.65
   45.00    175.00      1.00   -23.34     1.02      0.0334      2.90 LEFT    2.4918E-04   -233.48  1.5119E-05   -200.01
   50.00    175.00      1.04   -23.92     1.05      0.0345      2.56 LEFT    2.5009E-04   -239.96  1.4139E-05   -202.21
   55.00    175.00      1.01   -24.66     1.02      0.0347      2.22 LEFT    2.4938E-04   -246.15  1.2982E-05   -204.24
   60.00    175.00      0.90   -25.60     0.91      0.0340      1.89 LEFT    2.4611E-04   -251.95  1.1645E-05   -206.03
   65.00    175.00      0.64   -26.82     0.65      0.0323      1.57 LEFT    2.3890E-04   -257.26  1.0124E-05   -207.56
   70.00    175.00      0.14   -28.42     0.15      0.0299      1.28 LEFT    2.2570E-04   -262.04  8.4219E-06   -208.79
   75.00    175.00     -0.76   -30.61    -0.75      0.0269      1.01 LEFT    2.0341E-04   -266.31  6.5452E-06   -209.69
   80.00    175.00     -2.48   -33.85    -2.47      0.0234      0.77 LEFT    1.6692E-04   -270.20  4.5044E-06   -210.24
   85.00    175.00     -6.38   -39.63    -6.38      0.0195      0.55 LEFT    1.0646E-04   -274.04  2.3157E-06   -210.41
   90.00    175.00   -999.99  -999.99  -999.99      0.0000      0.00         8.4139E-15    -98.70  1.3867E-16   -390.20
    0.00    180.00     -0.78  -999.99    -0.78      0.0000     -0.00 LINEAR  2.0285E-04   -176.80  2.0704E-15   -356.80
    5.00    180.00     -0.39  -999.99    -0.39      0.0000     -0.00 LINEAR  2.1221E-04   -182.70  2.0863E-15   -359.45
   10.00    180.00     -0.07  -999.99    -0.07      0.0000     -0.00 LINEAR  2.2030E-04   -188.61  2.0928E-15   -362.11
   15.00    180.00      0.20  -999.99     0.20      0.0000     -0.00 LINEAR  2.2719E-04   -194.60  2.0889E-15   -364.77
   20.00    180.00      0.42  -999.99     0.42      0.0000     -0.00 LINEAR  2.3297E-04   -200.75  2.0732E-15   -367.43
   25.00    180.00      0.60  -999.99     0.60      0.0000     -0.00 LINEAR  2.3779E-04   -207.06  2.0445E-15   -370.07
   30.00    180.00      0.74  -999.99     0.74      0.0000     -0.00 LINEAR  2.4179E-04   -213.55  2.0012E-15   -372.69
   35.00    180.00      0.86  -999.99     0.86      0.0000     -0.00 LINEAR  2.4508E-04   -220.18  1.9420E-15   -375.25
   40.00    180.00      0.95  -999.99     0.95      0.0000     -0.00 LINEAR  2.4771E-04   -226.86  1.8655E-15   -377.73
   45.00    180.00      1.02  -999.99     1.02      0.0000     -0.00 LINEAR  2.4959E-04   -233.51  1.7703E-15   -380.09
   50.00    180.00      1.05  -999.99     1.05      0.0000     -0.00 LINEAR  2.5042E-04   -240.00  1.6554E-15   -382.31
   55.00    180.00      1.02  -999.99     1.02      0.0000     -0.00 LINEAR  2.4963E-04   -246.20  1.5199E-15   -384.34
   60.00    180.00      0.90  -999.99     0.90      0.0000     -0.00 LINEAR  2.4630E-04   -252.01  1.3632E-15   -386.14
   65.00    180.00      0.64  -999.99     0.64      0.0000     -0.00 LINEAR  2.3902E-04   -257.33  1.1851E-15   -387.68
   70.00    180.00      0.15  -999.99     0.15      0.0000     -0.00 LINEAR  2.2577E-04   -262.12  9.8579E-16   -388.91
   75.00    180.00     -0.76  -999.99    -0.76      0.0000     -0.00 LINEAR  2.0345E-04   -266.40  7.6608E-16   -389.82
   80.00    180.00     -2.48  -999.99    -2.48      0.0000     -0.00 LINEAR  1.6693E-04   -270.30  5.2721E-16   -390.37
   85.00    180.00     -6.38  -999.99    -6.38      0.0000     -0.00 LINEAR  1.0647E-04   -274.14  2.7103E-16   -390.54
   90.00    180.00   -999.99  -999.99  -999.99      0.0000      0.00         8.4139E-15    -98.80  1.6229E-26   -210.33
    0.00    185.00     -0.82   -21.98    -0.78      0.0000     -5.00 LINEAR  2.0208E-04   -176.80  1.7679E-05   -356.80
    5.00    185.00     -0.42   -21.91    -0.39      0.0048     -4.81 RIGHT   2.1143E-04   -182.70  1.7815E-05   -359.44
   10.00    185.00     -0.10   -21.88    -0.07      0.0092     -4.62 RIGHT   2.1953E-04   -188.61  1.7870E-05   -362.09
   15.00    185.00      0.17   -21.90     0.20      0.0134     -4.44 RIGHT   2.2643E-04   -194.60  1.7836E-05   -364.74
   20.00    185.00      0.39   -21.97     0.42      0.0175     -4.24 RIGHT   2.3224E-04   -200.75  1.7703E-05   -367.39
   25.00    185.00      0.57   -22.09     0.60      0.0215     -4.03 RIGHT   2.3711E-04   -207.06  1.7458E-05   -370.03
   30.00    185.00      0.72   -22.27     0.74      0.0252     -3.79 RIGHT   2.4116E-04   -213.55  1.7089E-05   -372.63
   35.00    185.00      0.84   -22.53     0.86      0.0285     -3.52 RIGHT   2.4452E-04   -220.16  1.6584E-05   -375.18
   40.00    185.00      0.93   -22.88     0.95      0.0313     -3.22 RIGHT   2.4722E-04   -226.84  1.5931E-05   -377.65
   45.00    185.00      1.00   -23.34     1.02      0.0334     -2.90 RIGHT   2.4918E-04   -233.48  1.5119E-05   -380.01
   50.00    185.00      1.04   -23.92     1.05      0.0345     -2.56 RIGHT   2.5009E-04   -239.96  1.4139E-05   -382.21
   55.00    185.00      1.01   -24.66     1.02      0.0347     -2.22 RIGHT   2.4938E-04   -246.15  1.2982E-05   -384.24
   60.00    185.00      0.90   -25.60     0.91      0.0340     -1.89 RIGHT   2.4611E-04   -251.95  1.1645E-05   -386.03
   65.00    185.00      0.64   -26.82     0.65      0.0323     -1.57 RIGHT   2.3890E-04   -257.26  1.0124E-05   -387.56
   70.00    185.00      0.14   -28.42     0.15      0.0299     -1.28 RIGHT   2.2570E-04   -262.04  8.4219E-06   -388.79
   75.00    185.00     -0.76   -30.61    -0.75      0.0269     -1.01 RIGHT   2.0341E-04   -266.31  6.5452E-06   -389.69
   80.00    185.00     -2.48   -33.85    -2.47      0.0234     -0.77 RIGHT   1.6692E-04   -270.20  4.5044E-06   -390.24
   85.00    185.00     -6.38   -39.63    -6.38      0.0195     -0.55 RIGHT   1.0646E-04   -274.04  2.3157E-06   -390.41
   90.00    185.00   -999.99  -999.99  -999.99      0.0000      0.00         8.4139E-15    -98.70  1.3867E-16   -210.20
    0.00    190.00     -0.92   -15.99    -0.78      0.0000    -10.00 LINEAR  1.9977E-04   -176.80  3.5224E-05   -356.80
    5.00    190.00     -0.52   -15.92    -0.40      0.0095     -9.62 RIGHT   2.0909E-04   -182.71  3.5490E-05   -359.41
   10.00    190.00     -0.19   -15.90    -0.07      0.0183     -9.25 RIGHT   2.1720E-04   -188.62  3.5599E-05   -362.03
   15.00    190.00      0.08   -15.91     0.19      0.0267     -8.88 RIGHT   2.2416E-04   -194.61  3.5532E-05   -364.66
   20.00    190.00      0.31   -15.98     0.41      0.0349     -8.49 RIGHT   2.3006E-04   -200.75  3.5267E-05   -367.27
   25.00    190.00      0.50   -16.10     0.59      0.0428     -8.06 RIGHT   2.3506E-04   -207.05  3.4782E-05   -369.88
   30.00    190.00      0.65   -16.28     0.74      0.0503     -7.58 RIGHT   2.3928E-04   -213.53  3.4052E-05   -372.45
   35.00    190.00      0.78   -16.54     0.86      0.0570     -7.05 RIGHT   2.4283E-04   -220.13  3.3050E-05   -374.98
   40.00    190.00      0.88   -16.89     0.95      0.0626     -6.45 RIGHT   2.4575E-04   -226.79  3.1755E-05   -377.42
   45.00    190.00      0.96   -17.34     1.02      0.0667     -5.80 RIGHT   2.4794E-04   -233.40  3.0142E-05   -379.75
   50.00    190.00      1.00   -17.92     1.06      0.0690     -5.13 RIGHT   2.4909E-04   -239.85  2.8193E-05   -381.93
   55.00    190.00      0.98   -18.66     1.03      0.0694     -4.44 RIGHT   2.4860E-04   -246.01  2.5892E-05   -383.93
   60.00    190.00      0.88   -19.61     0.91      0.0678     -3.77 RIGHT   2.4555E-04   -251.78  2.3228E-05   -385.70
   65.00    190.00      0.62   -20.82     0.65      0.0645     -3.14 RIGHT   2.3852E-04   -257.05  2.0198E-05   -387.22
   70.00    190.00      0.13   -22.42     0.16      0.0597     -2.56 RIGHT   2.2547E-04   -261.80  1.6805E-05   -388.43
   75.00    190.00     -0.76   -24.61    -0.75      0.0537     -2.02 RIGHT   2.0330E-04   -266.04  1.3062E-05   -389.32
   80.00    190.00     -2.48   -27.85    -2.47      0.0467     -1.54 RIGHT   1.6687E-04   -269.91  8.9901E-06   -389.85
   85.00    190.00     -6.38   -33.63    -6.38      0.0389     -1.10 RIGHT   1.0645E-04   -273.74  4.6221E-06   -390.02
   90.00    190.00   -999.99  -999.99  -999.99      0.0000      0.00         8.4138E-15    -98.40  2.7675E-16   -209.80
    0.00    195.00     -1.08   -12.52    -0.78      0.0000    -15.00 LINEAR  1.9594E-04   -176.80  5.2501E-05   -356.80
    5.00    195.00     -0.68   -12.46    -0.40      0.0142    -14.43 RIGHT   2.0522E-04   -182.72  5.2890E-05   -359.36
   10.00    195.00     -0.34   -12.43    -0.08      0.0273    -13.88 RIGHT   2.1335E-04   -188.63  5.3047E-05   -361.93
   15.00    195.00     -0.06   -12.45     0.18      0.0400    -13.33 RIGHT   2.2039E-04   -194.62  5.2947E-05   -364.51
   20.00    195.00      0.17   -12.51     0.40      0.0522    -12.74 RIGHT   2.2645E-04   -200.75  5.2556E-05   -367.08
   25.00    195.00      0.37   -12.63     0.58      0.0640    -12.10 RIGHT   2.3166E-04   -207.05  5.1840E-05   -369.64
   30.00    195.00      0.54   -12.82     0.73      0.0752    -11.39 RIGHT   2.3615E-04   -213.50  5.0761E-05   -372.16
   35.00    195.00      0.68   -13.07     0.86      0.0852    -10.58 RIGHT   2.4002E-04   -220.08  4.9280E-05   -374.64
   40.00    195.00      0.80   -13.42     0.96      0.0937     -9.69 RIGHT   2.4331E-04   -226.71  4.7361E-05   -377.04
   45.00    195.00      0.89   -13.87     1.03      0.0998     -8.71 RIGHT   2.4588E-04   -233.28  4.4970E-05   -379.32
   50.00    195.00      0.94   -14.45     1.07      0.1033     -7.69 RIGHT   2.4742E-04   -239.68  4.2075E-05   -381.47
   55.00    195.00      0.94   -15.18     1.04      0.1039     -6.66 RIGHT   2.4731E-04   -245.78  3.8653E-05   -383.42
   60.00    195.00      0.84   -16.12     0.93      0.1016     -5.65 RIGHT   2.4460E-04   -251.49  3.4687E-05   -385.16
   65.00    195.00      0.60   -17.34     0.67      0.0966     -4.70 RIGHT   2.3787E-04   -256.71  3.0171E-05   -386.64
   70.00    195.00      0.12   -18.93     0.17      0.0894     -3.82 RIGHT   2.2507E-04   -261.40  2.5109E-05   -387.83
   75.00    195.00     -0.77   -21.12    -0.73      0.0803     -3.02 RIGHT   2.0308E-04   -265.60  1.9520E-05   -388.69
   80.00    195.00     -2.48   -24.36    -2.46      0.0698     -2.30 RIGHT   1.6678E-04   -269.43  1.3437E-05   -389.21
   85.00    195.00     -6.39   -30.14    -6.37      0.0582     -1.64 RIGHT   1.0643E-04   -273.24  6.9090E-06   -389.37
   90.00    195.00   -999.99  -999.99  -999.99      0.0000      0.00         8.4127E-15    -97.89  4.1373E-16   -209.15
    0.00    200.00     -1.32   -10.10    -0.78      0.0000    -20.00 LINEAR  1.9061E-04   -176.80  6.9378E-05   -356.80
    5.00    200.00     -0.91   -10.04    -0.41      0.0187    -19.25 RIGHT   1.9985E-04   -182.74  6.9877E-05   -359.29
   10.00    200.00     -0.57   -10.02    -0.10      0.0362    -18.52 RIGHT   2.0801E-04   -188.66  7.0077E-05   -361.80
   15.00    200.00     -0.27   -10.03     0.16      0.0529    -17.78 RIGHT   2.1517E-04   -194.65  6.9944E-05   -364.30
   20.00    200.00     -0.02   -10.10     0.39      0.0692    -17.01 RIGHT   2.2144E-04   -200.77  6.9433E-05   -366.81
   25.00    200.00      0.19   -10.21     0.57      0.0849    -16.16 RIGHT   2.2694E-04   -207.05  6.8499E-05   -369.30
   30.00    200.00      0.38   -10.39     0.72      0.0998    -15.20 RIGHT   2.3180E-04   -213.48  6.7089E-05   -371.76
   35.00    200.00      0.54   -10.65     0.85      0.1132    -14.13 RIGHT   2.3612E-04   -220.03  6.5153E-05   -374.17
   40.00    200.00      0.67   -10.99     0.96      0.1245    -12.93 RIGHT   2.3990E-04   -226.60  6.2640E-05   -376.51
   45.00    200.00      0.79   -11.44     1.04      0.1327    -11.63 RIGHT   2.4300E-04   -233.11  5.9501E-05   -378.73
   50.00    200.00      0.86   -12.01     1.08      0.1374    -10.26 RIGHT   2.4508E-04   -239.44  5.5696E-05   -380.82
   55.00    200.00      0.87   -12.74     1.06      0.1382     -8.88 RIGHT   2.4549E-04   -245.47  5.1188E-05   -382.72
   60.00    200.00      0.79   -13.68     0.95      0.1351     -7.52 RIGHT   2.4326E-04   -251.09  4.5955E-05   -384.41
   65.00    200.00      0.57   -14.89     0.69      0.1285     -6.25 RIGHT   2.3694E-04   -256.23  3.9987E-05   -385.85
   70.00    200.00      0.10   -16.48     0.19      0.1188     -5.07 RIGHT   2.2448E-04   -260.85  3.3289E-05   -386.99
   75.00    200.00     -0.79   -18.67    -0.72      0.1067     -4.01 RIGHT   2.0276E-04   -264.99  2.5886E-05   -387.83
   80.00    200.00     -2.49   -21.91    -2.44      0.0928     -3.05 RIGHT   1.6663E-04   -268.77  1.7823E-05   -388.33
   85.00    200.00     -6.39   -27.68    -6.36      0.0774     -2.17 RIGHT   1.0638E-04   -272.55  9.1653E-06   -388.47
   90.00    200.00   -999.99  -999.99  -999.99      0.0000      0.00         8.4094E-15    -97.19  5.4890E-16   -208.25
    0.00    205.00     -1.64    -8.26    -0.78      0.0000    -25.00 LINEAR  1.8384E-04   -176.80  8.5727E-05   -356.80
    5.00    205.00     -1.22    -8.20    -0.42      0.0232    -24.07 RIGHT   1.9301E-04   -182.77  8.6321E-05   -359.21
   10.00    205.00     -0.85    -8.18    -0.12      0.0449    -23.17 RIGHT   2.0121E-04   -188.71  8.6555E-05   -361.62
   15.00    205.00     -0.54    -8.20     0.14      0.0657    -22.25 RIGHT   2.0853E-04   -194.70  8.6387E-05   -364.04
   20.00    205.00     -0.28    -8.26     0.37      0.0859    -21.29 RIGHT   2.1506E-04   -200.81  8.5765E-05   -366.46
   25.00    205.00     -0.04    -8.38     0.55      0.1055    -20.23 RIGHT   2.2093E-04   -207.08  8.4627E-05   -368.87
   30.00    205.00      0.17    -8.55     0.71      0.1241    -19.04 RIGHT   2.2627E-04   -213.48  8.2911E-05   -371.25
   35.00    205.00      0.35    -8.81     0.85      0.1409    -17.70 RIGHT   2.3115E-04   -219.97  8.0550E-05   -373.58
   40.00    205.00      0.52    -9.14     0.96      0.1549    -16.20 RIGHT   2.3556E-04   -226.49  7.7478E-05   -375.83
   45.00    205.00      0.65    -9.59     1.05      0.1654    -14.56 RIGHT   2.3932E-04   -232.92  7.3633E-05   -377.98
   50.00    205.00      0.75   -10.15     1.09      0.1713    -12.84 RIGHT   2.4207E-04   -239.15  6.8960E-05   -379.99
   55.00    205.00      0.79   -10.88     1.08      0.1723    -11.09 RIGHT   2.4313E-04   -245.08  6.3412E-05   -381.83
   60.00    205.00      0.73   -11.82     0.97      0.1684     -9.38 RIGHT   2.4149E-04   -250.59  5.6959E-05   -383.45
   65.00    205.00      0.52   -13.02     0.71      0.1601     -7.78 RIGHT   2.3570E-04   -255.62  4.9584E-05   -384.83
   70.00    205.00      0.07   -14.61     0.21      0.1480     -6.30 RIGHT   2.2367E-04   -260.15  4.1296E-05   -385.94
   75.00    205.00     -0.81   -16.79    -0.70      0.1329     -4.97 RIGHT   2.0228E-04   -264.21  3.2123E-05   -386.73
   80.00    205.00     -2.50   -20.03    -2.43      0.1155     -3.77 RIGHT   1.6638E-04   -267.93  2.2123E-05   -387.20
   85.00    205.00     -6.40   -25.81    -6.35      0.0963     -2.68 RIGHT   1.0627E-04   -271.68  1.1378E-05   -387.32
   90.00    205.00   -999.99  -999.99  -999.99      0.0000      0.00         8.4028E-15    -96.30  6.8142E-16   -207.10
    0.00    210.00     -2.03    -6.80    -0.78      0.0000    -30.00 LINEAR  1.7567E-04   -176.80  1.0142E-04   -356.80
    5.00    210.00     -1.59    -6.75    -0.44      0.0275    -28.90 RIGHT   1.8476E-04   -182.82  1.0209E-04   -359.10
   10.00    210.00     -1.21    -6.73    -0.14      0.0533    -27.82 RIGHT   1.9302E-04   -188.78  1.0235E-04   -361.41
   15.00    210.00     -0.88    -6.74     0.12      0.0780    -26.74 RIGHT   2.0052E-04   -194.79  1.0215E-04   -363.73
   20.00    210.00     -0.59    -6.80     0.34      0.1022    -25.59 RIGHT   2.0738E-04   -200.90  1.0142E-04   -366.05
   25.00    210.00     -0.33    -6.92     0.53      0.1256    -24.32 RIGHT   2.1370E-04   -207.14  1.0010E-04   -368.35
   30.00    210.00     -0.09    -7.09     0.70      0.1479    -22.90 RIGHT   2.1961E-04   -213.50  9.8101E-05   -370.63
   35.00    210.00      0.12    -7.34     0.84      0.1680    -21.29 RIGHT   2.2515E-04   -219.94  9.5350E-05   -372.86
   40.00    210.00      0.32    -7.67     0.96      0.1850    -19.49 RIGHT   2.3030E-04   -226.37  9.1761E-05   -375.02
   45.00    210.00      0.49    -8.11     1.05      0.1976    -17.51 RIGHT   2.3485E-04   -232.70  8.7257E-05   -377.08
   50.00    210.00      0.62    -8.68     1.10      0.2048    -15.42 RIGHT   2.3839E-04   -238.82  8.1768E-05   -379.00
   55.00    210.00      0.69    -9.40     1.09      0.2060    -13.30 RIGHT   2.4022E-04   -244.62  7.5236E-05   -380.75
   60.00    210.00      0.65   -10.33     0.99      0.2014    -11.23 RIGHT   2.3929E-04   -250.00  6.7619E-05   -382.30
   65.00    210.00      0.46   -11.53     0.73      0.1914     -9.28 RIGHT   2.3413E-04   -254.90  5.8896E-05   -383.61
   70.00    210.00      0.02   -13.11     0.23      0.1768     -7.50 RIGHT   2.2261E-04   -259.31  4.9074E-05   -384.66
   75.00    210.00     -0.84   -15.29    -0.68      0.1587     -5.90 RIGHT   2.0162E-04   -263.27  3.8189E-05   -385.41
   80.00    210.00     -2.52   -18.53    -2.42      0.1379     -4.47 RIGHT   1.6601E-04   -266.92  2.6308E-05   -385.84
   85.00    210.00     -6.41   -24.30    -6.34      0.1149     -3.17 RIGHT   1.0610E-04   -270.62  1.3533E-05   -385.95
   90.00    210.00   -999.99  -999.99  -999.99      0.0000      0.00         8.3907E-15    -95.22  8.1054E-16   -205.72
    0.00    215.00     -2.52    -5.61    -0.78      0.0000    -35.00 LINEAR  1.6616E-04   -176.80  1.1635E-04   -356.80
    5.00    215.00     -2.06    -5.56    -0.45      0.0316    -33.73 RIGHT   1.7517E-04   -182.89  1.1707E-04   -358.98
   10.00    215.00     -1.65    -5.54    -0.17      0.0613    -32.50 RIGHT   1.8350E-04   -188.90  1.1734E-04   -361.17
   15.00    215.00     -1.30    -5.56     0.09      0.0900    -31.24 RIGHT   1.9123E-04   -194.93  1.1710E-04   -363.36
   20.00    215.00     -0.97    -5.62     0.31      0.1180    -29.91 RIGHT   1.9846E-04   -201.04  1.1627E-04   -365.56
   25.00    215.00     -0.68    -5.73     0.50      0.1452    -28.44 RIGHT   2.0530E-04   -207.26  1.1478E-04   -367.75
   30.00    215.00     -0.41    -5.90     0.67      0.1711    -26.79 RIGHT   2.1186E-04   -213.57  1.1253E-04   -369.91
   35.00    215.00     -0.15    -6.14     0.82      0.1947    -24.91 RIGHT   2.1817E-04   -219.94  1.0943E-04   -372.03
   40.00    215.00      0.08    -6.47     0.95      0.2146    -22.80 RIGHT   2.2417E-04   -226.28  1.0537E-04   -374.08
   45.00    215.00      0.29    -6.90     1.05      0.2294    -20.48 RIGHT   2.2961E-04   -232.49  1.0026E-04   -376.02
   50.00    215.00      0.46    -7.46     1.11      0.2379    -18.01 RIGHT   2.3406E-04   -238.46  9.4017E-05   -377.84
   55.00    215.00      0.56    -8.18     1.10      0.2394    -15.50 RIGHT   2.3676E-04   -244.10  8.6563E-05   -379.50
   60.00    215.00      0.55    -9.10     1.00      0.2340    -13.06 RIGHT   2.3664E-04   -249.32  7.7849E-05   -380.96
   65.00    215.00      0.39   -10.30     0.75      0.2222    -10.77 RIGHT   2.3217E-04   -254.07  6.7847E-05   -382.20
   70.00    215.00     -0.03   -11.88     0.25      0.2052     -8.68 RIGHT   2.2125E-04   -258.33  5.6562E-05   -383.18
   75.00    215.00     -0.87   -14.05    -0.67      0.1841     -6.81 RIGHT   2.0073E-04   -262.18  4.4034E-05   -383.87
   80.00    215.00     -2.55   -17.29    -2.41      0.1599     -5.14 RIGHT   1.6547E-04   -265.74  3.0344E-05   -384.27
   85.00    215.00     -6.43   -23.06    -6.34      0.1332     -3.63 RIGHT   1.0583E-04   -269.38  1.5612E-05   -384.35
   90.00    215.00   -999.99  -999.99  -999.99      0.0000      0.00         8.3713E-15    -93.97  9.3514E-16   -204.11
    0.00    220.00     -3.10    -4.62    -0.78      0.0000    -40.00 LINEAR  1.5539E-04   -176.80  1.3039E-04   -356.80
    5.00    220.00     -2.61    -4.57    -0.47      0.0355    -38.58 RIGHT   1.6432E-04   -183.01  1.3114E-04   -358.84
   10.00    220.00     -2.18    -4.55    -0.20      0.0691    -37.18 RIGHT   1.7274E-04   -189.09  1.3140E-04   -360.89
   15.00    220.00     -1.79    -4.57     0.05      0.1015    -35.77 RIGHT   1.8073E-04   -195.15  1.3112E-04   -362.95
   20.00    220.00     -1.43    -4.63     0.27      0.1333    -34.26 RIGHT   1.8839E-04   -201.27  1.3020E-04   -365.01
   25.00    220.00     -1.09    -4.74     0.47      0.1642    -32.60 RIGHT   1.9582E-04   -207.47  1.2856E-04   -367.06
   30.00    220.00     -0.77    -4.91     0.64      0.1938    -30.72 RIGHT   2.0310E-04   -213.73  1.2609E-04   -369.10
   35.00    220.00     -0.47    -5.15     0.80      0.2208    -28.57 RIGHT   2.1027E-04   -220.01  1.2267E-04   -371.08
   40.00    220.00     -0.19    -5.48     0.94      0.2437    -26.14 RIGHT   2.1721E-04   -226.22  1.1819E-04   -373.00
   45.00    220.00      0.06    -5.90     1.04      0.2607    -23.47 RIGHT   2.2365E-04   -232.28  1.1253E-04   -374.83
   50.00    220.00      0.27    -6.45     1.11      0.2706    -20.61 RIGHT   2.2909E-04   -238.08  1.0560E-04   -376.54
   55.00    220.00      0.41    -7.17     1.11      0.2724    -17.70 RIGHT   2.3274E-04   -243.53  9.7293E-05   -378.08
   60.00    220.00      0.44    -8.08     1.01      0.2661    -14.87 RIGHT   2.3350E-04   -248.56  8.7558E-05   -379.45
   65.00    220.00      0.30    -9.27     0.76      0.2526    -12.22 RIGHT   2.2982E-04   -253.13  7.6356E-05   -380.60
   70.00    220.00     -0.10   -10.85     0.26      0.2332     -9.81 RIGHT   2.1956E-04   -257.24  6.3691E-05   -381.50
   75.00    220.00     -0.93   -13.02    -0.66      0.2090     -7.67 RIGHT   1.9956E-04   -260.94  4.9606E-05   -382.14
   80.00    220.00     -2.59   -16.25    -2.41      0.1814     -5.77 RIGHT   1.6473E-04   -264.41  3.4195E-05   -382.49
   85.00    220.00     -6.47   -22.02    -6.35      0.1511     -4.06 RIGHT   1.0544E-04   -267.99  1.7597E-05   -382.54
   90.00    220.00   -999.99  -999.99  -999.99      0.0000      0.00         8.3424E-15    -92.56  1.0540E-15   -202.29
    0.00    225.00     -3.79    -3.79    -0.78      0.0000    -45.00 LINEAR  1.4343E-04   -176.80  1.4343E-04   -356.80
    5.00    225.00     -3.27    -3.75    -0.49      0.0392    -43.43 RIGHT   1.5229E-04   -183.17  1.4419E-04   -358.68
   10.00    225.00     -2.80    -3.73    -0.23      0.0764    -41.89 RIGHT   1.6083E-04   -189.36  1.4443E-04   -360.58
   15.00    225.00     -2.36    -3.75     0.01      0.1125    -40.31 RIGHT   1.6912E-04   -195.49  1.4410E-04   -362.49
   20.00    225.00     -1.95    -3.81     0.22      0.1479    -38.64 RIGHT   1.7726E-04   -201.63  1.4310E-04   -364.40
   25.00    225.00     -1.57    -3.92     0.42      0.1826    -36.78 RIGHT   1.8534E-04   -207.80  1.4132E-04   -366.30
   30.00    225.00     -1.20    -4.09     0.60      0.2157    -34.68 RIGHT   1.9343E-04   -214.00  1.3865E-04   -368.19
   35.00    225.00     -0.84    -4.32     0.77      0.2462    -32.27 RIGHT   2.0153E-04   -220.17  1.3495E-04   -370.03
   40.00    225.00     -0.50    -4.64     0.91      0.2721    -29.53 RIGHT   2.0949E-04   -226.24  1.3010E-04   -371.81
   45.00    225.00     -0.20    -5.06     1.03      0.2916    -26.48 RIGHT   2.1699E-04   -232.11  1.2395E-04   -373.51
   50.00    225.00      0.06    -5.61     1.10      0.3029    -23.22 RIGHT   2.2350E-04   -237.70  1.1639E-04   -375.08
   55.00    225.00      0.24    -6.31     1.11      0.3049    -19.89 RIGHT   2.2818E-04   -242.93  1.0732E-04   -376.51
   60.00    225.00      0.30    -7.22     1.01      0.2978    -16.65 RIGHT   2.2989E-04   -247.74  9.6646E-05   -377.77
   65.00    225.00      0.20    -8.41     0.76      0.2825    -13.63 RIGHT   2.2704E-04   -252.10  8.4336E-05   -378.82
   70.00    225.00     -0.18    -9.98     0.25      0.2605    -10.91 RIGHT   2.1749E-04   -256.02  7.0386E-05   -379.64
   75.00    225.00     -0.99   -12.14    -0.67      0.2333     -8.50 RIGHT   1.9809E-04   -259.57  5.4846E-05   -380.22
   80.00    225.00     -2.64   -15.37    -2.42      0.2023     -6.37 RIGHT   1.6374E-04   -262.93  3.7820E-05   -380.52
   85.00    225.00     -6.51   -21.14    -6.37      0.1684     -4.46 RIGHT   1.0489E-04   -266.44  1.9467E-05   -380.54
   90.00    225.00   -999.99  -999.99  -999.99      0.0000      0.00         8.3015E-15   -450.98  1.1662E-15   -200.28
    0.00    230.00     -4.62    -3.10    -0.78      0.0000    -50.00 LINEAR  1.3039E-04   -176.80  1.5539E-04   -356.80
    5.00    230.00     -4.06    -3.06    -0.52      0.0426    -48.30 RIGHT   1.3918E-04   -183.42  1.5612E-04   -358.51
   10.00    230.00     -3.53    -3.05    -0.27      0.0832    -46.61 RIGHT   1.4787E-04   -189.77  1.5633E-04   -360.24
   15.00    230.00     -3.04    -3.07    -0.04      0.1228    -44.89 RIGHT   1.5651E-04   -195.99  1.5594E-04   -361.98
   20.00    230.00     -2.57    -3.13     0.17      0.1618    -43.05 RIGHT   1.6519E-04   -202.16  1.5485E-04   -363.73
   25.00    230.00     -2.12    -3.24     0.37      0.2001    -41.01 RIGHT   1.7398E-04   -208.31  1.5295E-04   -365.47
   30.00    230.00     -1.68    -3.40     0.56      0.2369    -38.69 RIGHT   1.8295E-04   -214.42  1.5010E-04   -367.20
   35.00    230.00     -1.26    -3.63     0.73      0.2709    -36.01 RIGHT   1.9204E-04   -220.46  1.4617E-04   -368.88
   40.00    230.00     -0.86    -3.94     0.88      0.2999    -32.95 RIGHT   2.0108E-04   -226.35  1.4098E-04   -370.51
   45.00    230.00     -0.49    -4.36     1.00      0.3219    -29.53 RIGHT   2.0972E-04   -232.00  1.3441E-04   -372.06
   50.00    230.00     -0.18    -4.90     1.08      0.3346    -25.84 RIGHT   2.1734E-04   -237.35  1.2630E-04   -373.50
   55.00    230.00      0.04    -5.60     1.09      0.3370    -22.07 RIGHT   2.2309E-04   -242.31  1.1653E-04   -374.80
   60.00    230.00      0.15    -6.50     1.00      0.3290    -18.40 RIGHT   2.2578E-04   -246.87  1.0501E-04   -375.94
   65.00    230.00      0.07    -7.68     0.74      0.3118    -15.00 RIGHT   2.2381E-04   -250.99  9.1695E-05   -376.88
   70.00    230.00     -0.28    -9.25     0.24      0.2872    -11.95 RIGHT   2.1502E-04   -254.70  7.6570E-05   -377.62
   75.00    230.00     -1.07   -11.41    -0.69      0.2569     -9.27 RIGHT   1.9626E-04   -258.08  5.9693E-05   -378.12
   80.00    230.00     -2.71   -14.63    -2.44      0.2226     -6.92 RIGHT   1.6247E-04   -261.31  4.1176E-05   -378.37
   85.00    230.00     -6.57   -20.40    -6.40      0.1852     -4.83 RIGHT   1.0417E-04   -264.74  2.1199E-05   -378.37
   90.00    230.00   -999.99  -999.99  -999.99      0.0000      0.00         8.2467E-15   -449.26  1.2700E-15   -198.09
    0.00    235.00     -5.61    -2.52    -0.78      0.0000    -55.00 LINEAR  1.1635E-04   -176.80  1.6616E-04   -356.80
    5.00    235.00     -4.98    -2.48    -0.54      0.0457    -53.17 RIGHT   1.2510E-04   -183.78  1.6685E-04   -358.33
   10.00    235.00     -4.39    -2.47    -0.31      0.0896    -51.36 RIGHT   1.3398E-04   -190.37  1.6699E-04   -359.88
   15.00    235.00     -3.82    -2.50    -0.10      0.1325    -49.50 RIGHT   1.4303E-04   -196.72  1.6653E-04   -361.44
   20.00    235.00     -3.27    -2.56     0.11      0.1750    -47.50 RIGHT   1.5230E-04   -202.93  1.6536E-04   -363.01
   25.00    235.00     -2.74    -2.66     0.31      0.2169    -45.28 RIGHT   1.6188E-04   -209.05  1.6334E-04   -364.58
   30.00    235.00     -2.23    -2.83     0.49      0.2573    -42.75 RIGHT   1.7178E-04   -215.06  1.6035E-04   -366.13
   35.00    235.00     -1.73    -3.05     0.67      0.2948    -39.81 RIGHT   1.8193E-04   -220.93  1.5620E-04   -367.65
   40.00    235.00     -1.26    -3.36     0.83      0.3271    -36.43 RIGHT   1.9210E-04   -226.59  1.5074E-04   -369.11
   45.00    235.00     -0.82    -3.77     0.96      0.3516    -32.61 RIGHT   2.0189E-04   -231.98  1.4379E-04   -370.50
   50.00    235.00     -0.46    -4.31     1.04      0.3660    -28.48 RIGHT   2.1065E-04   -237.03  1.3520E-04   -371.79
   55.00    235.00     -0.18    -5.00     1.06      0.3686    -24.23 RIGHT   2.1750E-04   -241.69  1.2482E-04   -372.95
   60.00    235.00     -0.03    -5.90     0.97      0.3597    -20.11 RIGHT   2.2119E-04   -245.95  1.1256E-04   -373.96
   65.00    235.00     -0.07    -7.07     0.72      0.3404    -16.32 RIGHT   2.2012E-04   -249.80  9.8342E-05   -374.80
   70.00    235.00     -0.40    -8.63     0.21      0.3131    -12.94 RIGHT   2.1212E-04   -253.28  8.2164E-05   -375.44
   75.00    235.00     -1.17   -10.79    -0.72      0.2797    -10.00 RIGHT   1.9405E-04   -256.47  6.4081E-05   -375.87
   80.00    235.00     -2.80   -14.01    -2.48      0.2421     -7.43 RIGHT   1.6089E-04   -259.56  4.4217E-05   -376.07
   85.00    235.00     -6.65   -19.78    -6.44      0.2012     -5.16 RIGHT   1.0325E-04   -262.91  2.2769E-05   -376.02
   90.00    235.00   -999.99  -999.99  -999.99      0.0000      0.00         8.1761E-15   -447.40  1.3642E-15   -195.74
    0.00    240.00     -6.80    -2.03    -0.78      0.0000    -60.00 LINEAR  1.0142E-04   -176.80  1.7567E-04   -356.80
    5.00    240.00     -6.09    -2.00    -0.57      0.0485    -58.06 RIGHT   1.1016E-04   -184.32  1.7628E-04   -358.13
   10.00    240.00     -5.39    -2.00    -0.36      0.0954    -56.13 RIGHT   1.1929E-04   -191.24  1.7635E-04   -359.49
   15.00    240.00     -4.73    -2.03    -0.16      0.1415    -54.14 RIGHT   1.2881E-04   -197.78  1.7581E-04   -360.86
   20.00    240.00     -4.08    -2.09     0.04      0.1873    -52.00 RIGHT   1.3876E-04   -204.05  1.7454E-04   -362.24
   25.00    240.00     -3.45    -2.20     0.23      0.2327    -49.61 RIGHT   1.4919E-04   -210.12  1.7242E-04   -363.62
   30.00    240.00     -2.84    -2.35     0.42      0.2768    -46.87 RIGHT   1.6008E-04   -215.99  1.6928E-04   -364.99
   35.00    240.00     -2.25    -2.58     0.60      0.3179    -43.67 RIGHT   1.7132E-04   -221.63  1.6495E-04   -366.33
   40.00    240.00     -1.69    -2.89     0.76      0.3536    -39.96 RIGHT   1.8264E-04   -227.01  1.5925E-04   -367.62
   45.00    240.00     -1.19    -3.29     0.90      0.3809    -35.73 RIGHT   1.9360E-04   -232.06  1.5199E-04   -368.84
   50.00    240.00     -0.76    -3.82     0.99      0.3969    -31.12 RIGHT   2.0351E-04   -236.77  1.4299E-04   -369.97
   55.00    240.00     -0.42    -4.51     1.01      0.3998    -26.37 RIGHT   2.1144E-04   -241.08  1.3209E-04   -370.99
   60.00    240.00     -0.23    -5.40     0.92      0.3897    -21.78 RIGHT   2.1613E-04   -245.01  1.1918E-04   -371.87
   65.00    240.00     -0.24    -6.57     0.67      0.3683    -17.57 RIGHT   2.1597E-04   -248.56  1.0419E-04   -372.59
   70.00    240.00     -0.53    -8.13     0.16      0.3381    -13.86 RIGHT   2.0877E-04   -251.78  8.7090E-05   -373.13
   75.00    240.00     -1.29   -10.28    -0.77      0.3016    -10.66 RIGHT   1.9143E-04   -254.76  6.7950E-05   -373.47
   80.00    240.00     -2.90   -13.50    -2.54      0.2607     -7.89 RIGHT   1.5897E-04   -257.69  4.6901E-05   -373.61
   85.00    240.00     -6.75   -19.27    -6.51      0.2165     -5.45 RIGHT   1.0211E-04   -260.95  2.4155E-05   -373.54
   90.00    240.00   -999.99  -999.99  -999.99      0.0000      0.00         8.0885E-15   -445.41  1.4473E-15   -193.24
    0.00    245.00     -8.26    -1.64    -0.78      0.0000    -65.00 LINEAR  8.5727E-05   -176.80  1.8384E-04   -356.80
    5.00    245.00     -7.42    -1.61    -0.60      0.0510    -62.97 RIGHT   9.4499E-05   -185.12  1.8435E-04   -357.93
   10.00    245.00     -6.59    -1.62    -0.42      0.1006    -60.93 RIGHT   1.0396E-04   -192.54  1.8433E-04   -359.08
   15.00    245.00     -5.79    -1.65    -0.23      0.1497    -58.82 RIGHT   1.1404E-04   -199.32  1.8369E-04   -360.25
   20.00    245.00     -5.01    -1.71    -0.04      0.1988    -56.54 RIGHT   1.2475E-04   -205.66  1.8232E-04   -361.44
   25.00    245.00     -4.25    -1.82     0.14      0.2476    -53.99 RIGHT   1.3609E-04   -211.63  1.8009E-04   -362.62
   30.00    245.00     -3.52    -1.98     0.33      0.2953    -51.05 RIGHT   1.4802E-04   -217.29  1.7683E-04   -363.79
   35.00    245.00     -2.82    -2.20     0.51      0.3402    -47.60 RIGHT   1.6037E-04   -222.63  1.7235E-04   -364.94
   40.00    245.00     -2.17    -2.50     0.68      0.3794    -43.55 RIGHT   1.7285E-04   -227.64  1.6644E-04   -366.05
   45.00    245.00     -1.59    -2.90     0.82      0.4096    -38.90 RIGHT   1.8496E-04   -232.30  1.5892E-04   -367.10
   50.00    245.00     -1.08    -3.43     0.91      0.4274    -33.78 RIGHT   1.9599E-04   -236.59  1.4957E-04   -368.06
   55.00    245.00     -0.69    -4.11     0.94      0.4305    -28.48 RIGHT   2.0497E-04   -240.50  1.3825E-04   -368.92
   60.00    245.00     -0.46    -5.00     0.85      0.4192    -23.38 RIGHT   2.1064E-04   -244.05  1.2480E-04   -369.66
   65.00    245.00     -0.43    -6.17     0.60      0.3954    -18.74 RIGHT   2.1136E-04   -247.26  1.0915E-04   -370.26
   70.00    245.00     -0.69    -7.72     0.09      0.3622    -14.71 RIGHT   2.0497E-04   -250.20  9.1273E-05   -370.69
   75.00    245.00     -1.43    -9.87    -0.85      0.3225    -11.25 RIGHT   1.8839E-04   -252.95  7.1239E-05   -370.95
   80.00    245.00     -3.03   -13.09    -2.62      0.2783     -8.29 RIGHT   1.5670E-04   -255.72  4.9184E-05   -371.03
   85.00    245.00     -6.86   -18.85    -6.60      0.2309     -5.70 RIGHT   1.0074E-04   -258.88  2.5335E-05   -370.92
   90.00    245.00   -999.99  -999.99  -999.99      0.0000      0.00         7.9827E-15   -443.30  1.5181E-15   -190.61
    0.00    250.00    -10.10    -1.32    -0.78      0.0000    -70.00 LINEAR  6.9378E-05   -176.80  1.9061E-04   -356.80
    5.00    250.00     -9.06    -1.31    -0.63      0.0531    -67.89 RIGHT   7.8251E-05   -186.39  1.9100E-04   -357.72
   10.00    250.00     -8.02    -1.31    -0.47      0.1051    -65.76 RIGHT   8.8155E-05   -194.51  1.9086E-04   -358.66
   15.00    250.00     -7.02    -1.35    -0.31      0.1570    -63.54 RIGHT   9.8920E-05   -201.60  1.9011E-04   -359.62
   20.00    250.00     -6.06    -1.41    -0.13      0.2092    -61.14 RIGHT   1.1048E-04   -207.95  1.8864E-04   -360.59
   25.00    250.00     -5.14    -1.52     0.04      0.2614    -58.44 RIGHT   1.2281E-04   -213.75  1.8630E-04   -361.57
   30.00    250.00     -4.27    -1.68     0.23      0.3129    -55.31 RIGHT   1.3580E-04   -219.09  1.8292E-04   -362.54
   35.00    250.00     -3.45    -1.90     0.40      0.3616    -51.61 RIGHT   1.4927E-04   -224.01  1.7830E-04   -363.49
   40.00    250.00     -2.69    -2.20     0.57      0.4046    -47.23 RIGHT   1.6288E-04   -228.55  1.7223E-04   -364.41
   45.00    250.00     -2.01    -2.60     0.71      0.4380    -42.12 RIGHT   1.7610E-04   -232.72  1.6449E-04   -365.27
   50.00    250.00     -1.44    -3.13     0.81      0.4576    -36.44 RIGHT   1.8818E-04   -236.52  1.5487E-04   -366.06
   55.00    250.00     -0.99    -3.81     0.84      0.4609    -30.55 RIGHT   1.9816E-04   -239.96  1.4320E-04   -366.76
   60.00    250.00     -0.70    -4.69     0.76      0.4480    -24.90 RIGHT   2.0475E-04   -243.09  1.2932E-04   -367.35
   65.00    250.00     -0.64    -5.85     0.51      0.4216    -19.82 RIGHT   2.0632E-04   -245.93  1.1314E-04   -367.82
   70.00    250.00     -0.87    -7.40    -0.00      0.3852    -15.46 RIGHT   2.0074E-04   -248.55  9.4651E-05   -368.15
   75.00    250.00     -1.59    -9.55    -0.94      0.3421    -11.77 RIGHT   1.8493E-04   -251.06  7.3896E-05   -368.33
   80.00    250.00     -3.17   -12.77    -2.72      0.2947     -8.63 RIGHT   1.5406E-04   -253.65  5.1030E-05   -368.34
   85.00    250.00     -7.00   -18.53    -6.71      0.2443     -5.90 RIGHT   9.9141E-05   -256.70  2.6290E-05   -368.19
   90.00    250.00   -999.99  -999.99  -999.99      0.0000      0.00         7.8581E-15   -441.09  1.5754E-15   -187.88
    0.00    255.00    -12.52    -1.08    -0.78      0.0000    -75.00 LINEAR  5.2501E-05   -176.80  1.9594E-04   -356.80
    5.00    255.00    -11.14    -1.07    -0.67      0.0548    -72.82 RIGHT   6.1587E-05   -188.52  1.9619E-04   -357.50
   10.00    255.00     -9.77    -1.09    -0.53      0.1090    -70.61 RIGHT   7.2115E-05   -197.63  1.9591E-04   -358.22
   15.00    255.00     -8.47    -1.12    -0.39      0.1635    -68.30 RIGHT   8.3723E-05   -205.02  1.9504E-04   -358.96
   20.00    255.00     -7.26    -1.20    -0.23      0.2186    -65.79 RIGHT   9.6255E-05   -211.26  1.9345E-04   -359.72
   25.00    255.00     -6.13    -1.31    -0.07      0.2742    -62.95 RIGHT   1.0962E-04   -216.69  1.9100E-04   -360.49
   30.00    255.00     -5.08    -1.47     0.10      0.3294    -59.65 RIGHT   1.2368E-04   -221.52  1.8750E-04   -361.25
   35.00    255.00     -4.11    -1.69     0.28      0.3822    -55.71 RIGHT   1.3823E-04   -225.87  1.8276E-04   -361.99
   40.00    255.00     -3.24    -1.99     0.44      0.4292    -50.98 RIGHT   1.5290E-04   -229.80  1.7655E-04   -362.71
   45.00    255.00     -2.47    -2.39     0.58      0.4660    -45.40 RIGHT   1.6714E-04   -233.35  1.6864E-04   -363.38
   50.00    255.00     -1.81    -2.91     0.68      0.4876    -39.11 RIGHT   1.8020E-04   -236.57  1.5882E-04   -363.99
   55.00    255.00     -1.30    -3.59     0.71      0.4910    -32.57 RIGHT   1.9109E-04   -239.49  1.4689E-04   -364.53
   60.00    255.00     -0.97    -4.47     0.63      0.4762    -26.32 RIGHT   1.9853E-04   -242.13  1.3269E-04   -364.97
   65.00    255.00     -0.87    -5.63     0.38      0.4467    -20.79 RIGHT   2.0090E-04   -244.56  1.1612E-04   -365.30
   70.00    255.00     -1.08    -7.18    -0.12      0.4068    -16.11 RIGHT   1.9608E-04   -246.84  9.7168E-05   -365.52
   75.00    255.00     -1.77    -9.32    -1.07      0.3604    -12.21 RIGHT   1.8107E-04   -249.09  7.5878E-05   -365.61
   80.00    255.00     -3.34   -12.54    -2.85      0.3098     -8.92 RIGHT   1.5108E-04   -251.49  5.2408E-05   -365.56
   85.00    255.00     -7.16   -18.30    -6.84      0.2564     -6.07 RIGHT   9.7310E-05   -254.42  2.7002E-05   -365.37
   90.00    255.00   -999.99  -999.99  -999.99      0.0000      0.00         7.7152E-15   -438.77  1.6181E-15   -185.03
    0.00    260.00    -15.99    -0.92    -0.78      0.0000    -80.00 LINEAR  3.5224E-05   -176.80  1.9977E-04   -356.80
    5.00    260.00    -13.91    -0.91    -0.70      0.0562    -77.77 RIGHT   4.4741E-05   -192.49  1.9986E-04   -357.27
   10.00    260.00    -11.93    -0.93    -0.60      0.1122    -75.50 RIGHT   5.6191E-05   -202.88  1.9944E-04   -357.77
   15.00    260.00    -10.17    -0.97    -0.48      0.1689    -73.11 RIGHT   6.8849E-05   -210.32  1.9843E-04   -358.29
   20.00    260.00     -8.60    -1.05    -0.35      0.2268    -70.50 RIGHT   8.2450E-05   -216.06  1.9671E-04   -358.82
   25.00    260.00     -7.20    -1.16    -0.20      0.2857    -67.55 RIGHT   9.6866E-05   -220.77  1.9415E-04   -359.37
   30.00    260.00     -5.95    -1.33    -0.04      0.3448    -64.09 RIGHT   1.1196E-04   -224.79  1.9054E-04   -359.92
   35.00    260.00     -4.82    -1.55     0.13      0.4019    -59.92 RIGHT   1.2750E-04   -228.31  1.8569E-04   -360.45
   40.00    260.00     -3.81    -1.85     0.29      0.4533    -54.84 RIGHT   1.4311E-04   -231.43  1.7937E-04   -360.96
   45.00    260.00     -2.94    -2.25     0.43      0.4939    -48.75 RIGHT   1.5825E-04   -234.24  1.7133E-04   -361.44
   50.00    260.00     -2.21    -2.77     0.53      0.5177    -41.79 RIGHT   1.7216E-04   -236.78  1.6137E-04   -361.87
   55.00    260.00     -1.64    -3.45     0.56      0.5209    -34.50 RIGHT   1.8384E-04   -239.08  1.4926E-04   -362.23
   60.00    260.00     -1.26    -4.33     0.48      0.5037    -27.61 RIGHT   1.9204E-04   -241.20  1.3485E-04   -362.52
   65.00    260.00     -1.12    -5.49     0.23      0.4706    -21.62 RIGHT   1.9515E-04   -243.18  1.1804E-04   -362.72
   70.00    260.00     -1.30    -7.03    -0.27      0.4270    -16.64 RIGHT   1.9106E-04   -245.09  9.8787E-05   -362.82
   75.00    260.00     -1.98    -9.18    -1.22      0.3770    -12.55 RIGHT   1.7683E-04   -247.05  7.7154E-05   -362.81
   80.00    260.00     -3.54   -12.39    -3.00      0.3234     -9.13 RIGHT   1.4777E-04   -249.25  5.3294E-05   -362.70
   85.00    260.00     -7.35   -18.15    -7.00      0.2673     -6.18 RIGHT   9.5262E-05   -252.06  2.7461E-05   -362.46
   90.00    260.00   -999.99  -999.99  -999.99      0.0000      0.00         7.5550E-15   -436.37  1.6456E-15   -182.12
    0.00    265.00    -21.98    -0.82    -0.78      0.0000    -85.00 LINEAR  1.7679E-05   -176.80  2.0208E-04   -356.80
    5.00    265.00    -17.92    -0.82    -0.74      0.0571    -82.74 RIGHT   2.8201E-05   -201.59  2.0201E-04   -357.04
   10.00    265.00    -14.66    -0.84    -0.67      0.1146    -80.42 RIGHT   4.1075E-05   -212.60  2.0143E-04   -357.31
   15.00    265.00    -12.12    -0.89    -0.58      0.1733    -77.97 RIGHT   5.4973E-05   -218.84  2.0027E-04   -357.60
   20.00    265.00    -10.07    -0.98    -0.47      0.2338    -75.28 RIGHT   6.9643E-05   -223.11  1.9842E-04   -357.91
   25.00    265.00     -8.34    -1.09    -0.34      0.2960    -72.23 RIGHT   8.5013E-05   -226.38  1.9573E-04   -358.23
   30.00    265.00     -6.84    -1.26    -0.20      0.3590    -68.63 RIGHT   1.0098E-04   -229.09  1.9201E-04   -358.56
   35.00    265.00     -5.54    -1.49    -0.05      0.4206    -64.25 RIGHT   1.1733E-04   -231.44  1.8707E-04   -358.88
   40.00    265.00     -4.40    -1.79     0.11      0.4769    -58.83 RIGHT   1.3371E-04   -233.52  1.8066E-04   -359.18
   45.00    265.00     -3.43    -2.19     0.25      0.5218    -52.18 RIGHT   1.4957E-04   -235.42  1.7254E-04   -359.46
   50.00    265.00     -2.62    -2.71     0.34      0.5481    -44.45 RIGHT   1.6417E-04   -237.15  1.6249E-04   -359.70
   55.00    265.00     -1.99    -3.39     0.38      0.5507    -36.33 RIGHT   1.7652E-04   -238.76  1.5030E-04   -359.88
   60.00    265.00     -1.57    -4.27     0.30      0.5306    -28.74 RIGHT   1.8536E-04   -240.29  1.3579E-04   -360.01
   65.00    265.00     -1.39    -5.43     0.05      0.4933    -22.28 RIGHT   1.8912E-04   -241.78  1.1887E-04   -360.07
   70.00    265.00     -1.55    -6.97    -0.45      0.4454    -17.04 RIGHT   1.8572E-04   -243.30  9.9486E-05   -360.06
   75.00    265.00     -2.20    -9.12    -1.40      0.3919    -12.79 RIGHT   1.7226E-04   -244.96  7.7704E-05   -359.96
   80.00    265.00     -3.75   -12.33    -3.19      0.3352     -9.27 RIGHT   1.4416E-04   -246.94  5.3677E-05   -359.77
   85.00    265.00     -7.56   -18.09    -7.19      0.2766     -6.26 RIGHT   9.3017E-05   -249.62  2.7659E-05   -359.50
   90.00    265.00   -999.99  -999.99  -999.99      0.0000      0.00         7.3790E-15   -433.89  1.6575E-15   -179.14
    0.00    270.00   -999.99    -0.78    -0.78      0.0000     90.00 LINEAR  3.1056E-15   -356.80  2.0285E-04   -356.80
    5.00    270.00    -23.90    -0.79    -0.77      0.0576    -87.72 RIGHT   1.4177E-05   -232.32  2.0261E-04   -356.81
   10.00    270.00    -17.81    -0.83    -0.74      0.1162    -85.38 RIGHT   2.8571E-05   -232.55  2.0186E-04   -356.85
   15.00    270.00    -14.18    -0.88    -0.68      0.1766    -82.88 RIGHT   4.3373E-05   -232.92  2.0055E-04   -356.91
   20.00    270.00    -11.55    -0.97    -0.61      0.2395    -80.14 RIGHT   5.8719E-05   -233.40  1.9855E-04   -356.99
   25.00    270.00     -9.46    -1.09    -0.50      0.3049    -77.00 RIGHT   7.4669E-05   -233.99  1.9574E-04   -357.09
   30.00    270.00     -7.73    -1.26    -0.38      0.3719    -73.29 RIGHT   9.1170E-05   -234.65  1.9192E-04   -357.19
   35.00    270.00     -6.26    -1.49    -0.24      0.4385    -68.72 RIGHT   1.0804E-04   -235.37  1.8689E-04   -357.29
   40.00    270.00     -4.99    -1.80    -0.10      0.5002    -62.96 RIGHT   1.2492E-04   -236.12  1.8042E-04   -357.38
   45.00    270.00     -3.93    -2.20     0.03      0.5500    -55.72 RIGHT   1.4127E-04   -236.90  1.7226E-04   -357.45
   50.00    270.00     -3.04    -2.73     0.13      0.5790    -47.11 RIGHT   1.5637E-04   -237.71  1.6219E-04   -357.50
   55.00    270.00     -2.36    -3.41     0.16      0.5808    -38.00 RIGHT   1.6921E-04   -238.54  1.5000E-04   -357.51
   60.00    270.00     -1.89    -4.29     0.08      0.5567    -29.64 RIGHT   1.7858E-04   -239.43  1.3551E-04   -357.48
   65.00    270.00     -1.68    -5.44    -0.16      0.5143    -22.73 RIGHT   1.8289E-04   -240.39  1.1861E-04   -357.40
   70.00    270.00     -1.82    -6.99    -0.66      0.4618    -17.27 RIGHT   1.8012E-04   -241.48  9.9262E-05   -357.26
   75.00    270.00     -2.45    -9.14    -1.61      0.4046    -12.92 RIGHT   1.6741E-04   -242.82  7.7527E-05   -357.07
   80.00    270.00     -3.99   -12.35    -3.39      0.3451     -9.34 RIGHT   1.4031E-04   -244.57  5.3554E-05   -356.81
   85.00    270.00     -7.78   -18.11    -7.40      0.2841     -6.28 RIGHT   9.0604E-05   -247.12  2.7595E-05   -356.50
   90.00    270.00   -999.99  -999.99  -999.99      0.0000      0.00         7.1896E-15   -431.34  1.6537E-15   -176.12
    0.00    275.00    -21.98    -0.82    -0.78      0.0000     85.00 LINEAR  1.7679E-05   -356.80  2.0208E-04   -356.80
    5.00    275.00    -23.36    -0.83    -0.81      0.0577     87.28 RIGHT   1.5077E-05   -305.96  2.0166E-04   -356.58
   10.00    275.00    -19.50    -0.87    -0.81      0.1169     89.63 RIGHT   2.3510E-05   -269.48  2.0075E-04   -356.39
   15.00    275.00    -15.70    -0.94    -0.80      0.1788    -87.85 RIGHT   3.6403E-05   -254.73  1.9928E-04   -356.22
   20.00    275.00    -12.78    -1.03    -0.75      0.2438    -85.07 RIGHT   5.0981E-05   -247.78  1.9714E-04   -356.07
   25.00    275.00    -10.46    -1.16    -0.68      0.3123    -81.88 RIGHT   6.6609E-05   -243.94  1.9420E-04   -355.93
   30.00    275.00     -8.54    -1.34    -0.58      0.3835    -78.09 RIGHT   8.3015E-05   -241.62  1.9029E-04   -355.81
   35.00    275.00     -6.93    -1.57    -0.46      0.4553    -73.37 RIGHT   9.9924E-05   -240.16  1.8519E-04   -355.69
   40.00    275.00     -5.57    -1.89    -0.34      0.5231    -67.29 RIGHT   1.1694E-04   -239.25  1.7868E-04   -355.57
   45.00    275.00     -4.42    -2.29    -0.21      0.5788    -59.40 RIGHT   1.3351E-04   -238.71  1.7053E-04   -355.43
   50.00    275.00     -3.47    -2.82    -0.12      0.6111    -49.74 RIGHT   1.4886E-04   -238.46  1.6050E-04   -355.28
   55.00    275.00     -2.73    -3.50    -0.09      0.6113    -39.45 RIGHT   1.6203E-04   -238.43  1.4838E-04   -355.12
   60.00    275.00     -2.23    -4.38    -0.16      0.5819    -30.25 RIGHT   1.7178E-04   -238.60  1.3401E-04   -354.92
   65.00    275.00     -1.99    -5.54    -0.40      0.5335    -22.94 RIGHT   1.7656E-04   -239.00  1.1727E-04   -354.70
   70.00    275.00     -2.10    -7.09    -0.90      0.4759    -17.32 RIGHT   1.7435E-04   -239.65  9.8131E-05   -354.44
   75.00    275.00     -2.72    -9.24    -1.84      0.4149    -12.93 RIGHT   1.6237E-04   -240.64  7.6635E-05   -354.15
   80.00    275.00     -4.24   -12.45    -3.63      0.3527     -9.34 RIGHT   1.3626E-04   -242.15  5.2933E-05   -353.83
   85.00    275.00     -8.03   -18.21    -7.63      0.2898     -6.26 RIGHT   8.8059E-05   -244.56  2.7274E-05   -353.47
   90.00    275.00   -999.99  -999.99  -999.99      0.0000      0.00         6.9894E-15   -428.74  1.6344E-15   -173.08
    0.00    280.00    -15.99    -0.92    -0.78      0.0000     80.00 LINEAR  3.5224E-05   -356.80  1.9977E-04   -356.80
    5.00    280.00    -17.56    -0.94    -0.85      0.0573     82.26 RIGHT   2.9392E-05   -333.06  1.9918E-04   -356.35
   10.00    280.00    -17.46    -0.99    -0.89      0.1168     84.61 RIGHT   2.9754E-05   -304.23  1.9811E-04   -355.93
   15.00    280.00    -15.65    -1.06    -0.91      0.1797     87.13 RIGHT   3.6645E-05   -280.60  1.9648E-04   -355.53
   20.00    280.00    -13.32    -1.16    -0.91      0.2466     89.92 RIGHT   4.7888E-05   -265.44  1.9420E-04   -355.15
   25.00    280.00    -11.13    -1.30    -0.87      0.3180    -86.87 RIGHT   6.1665E-05   -256.03  1.9115E-04   -354.79
   30.00    280.00     -9.20    -1.48    -0.80      0.3934    -83.04 RIGHT   7.7006E-05   -249.94  1.8715E-04   -354.44
   35.00    280.00     -7.53    -1.73    -0.71      0.4709    -78.21 RIGHT   9.3299E-05   -245.80  1.8200E-04   -354.09
   40.00    280.00     -6.10    -2.04    -0.60      0.5458    -71.85 RIGHT   1.0998E-04   -242.91  1.7548E-04   -353.75
   45.00    280.00     -4.89    -2.45    -0.49      0.6086    -63.27 RIGHT   1.2641E-04   -240.85  1.6737E-04   -353.42
   50.00    280.00     -3.89    -2.98    -0.41      0.6447    -52.33 RIGHT   1.4178E-04   -239.40  1.5744E-04   -353.07
   55.00    280.00     -3.12    -3.67    -0.37      0.6425    -40.59 RIGHT   1.5507E-04   -238.42  1.4549E-04   -352.73
   60.00    280.00     -2.57    -4.56    -0.44      0.6060    -30.49 RIGHT   1.6506E-04   -237.83  1.3135E-04   -352.37
   65.00    280.00     -2.31    -5.72    -0.68      0.5504    -22.85 RIGHT   1.7018E-04   -237.62  1.1491E-04   -352.00
   70.00    280.00     -2.40    -7.27    -1.17      0.4872    -17.18 RIGHT   1.6847E-04   -237.80  9.6126E-05   -351.62
   75.00    280.00     -3.00    -9.42    -2.11      0.4224    -12.81 RIGHT   1.5718E-04   -238.44  7.5054E-05   -351.24
   80.00    280.00     -4.51   -12.63    -3.89      0.3578     -9.25 RIGHT   1.3208E-04   -239.70  5.1834E-05   -350.84
   85.00    280.00     -8.30   -18.39    -7.89      0.2934     -6.19 RIGHT   8.5421E-05   -241.97  2.6706E-05   -350.44
   90.00    280.00   -999.99  -999.99  -999.99      0.0000      0.00         6.7818E-15   -426.10  1.6003E-15   -170.04
    0.00    285.00    -12.52    -1.08    -0.78      0.0000     75.00 LINEAR  5.2501E-05   -356.80  1.9594E-04   -356.80
    5.00    285.00    -13.74    -1.12    -0.89      0.0565     77.22 RIGHT   4.5627E-05   -341.41  1.9520E-04   -356.12
   10.00    285.00    -14.41    -1.17    -0.97      0.1158     79.54 RIGHT   4.2249E-05   -322.13  1.9396E-04   -355.47
   15.00    285.00    -14.13    -1.25    -1.03      0.1792     82.05 RIGHT   4.3653E-05   -301.34  1.9219E-04   -354.84
   20.00    285.00    -12.94    -1.36    -1.07      0.2477     84.83 RIGHT   5.0032E-05   -283.03  1.8978E-04   -354.24
   25.00    285.00    -11.31    -1.51    -1.07      0.3218     88.02 RIGHT   6.0401E-05   -269.15  1.8662E-04   -353.65
   30.00    285.00     -9.60    -1.70    -1.05      0.4015    -88.15 RIGHT   7.3529E-05   -259.23  1.8255E-04   -353.08
   35.00    285.00     -8.00    -1.95    -0.99      0.4852    -83.30 RIGHT   8.8410E-05   -252.16  1.7737E-04   -352.51
   40.00    285.00     -6.57    -2.27    -0.90      0.5682    -76.72 RIGHT   1.0421E-04   -247.05  1.7089E-04   -351.96
   45.00    285.00     -5.34    -2.69    -0.80      0.6398    -67.42 RIGHT   1.2010E-04   -243.30  1.6287E-04   -351.42
   50.00    285.00     -4.31    -3.23    -0.72      0.6808    -54.86 RIGHT   1.3519E-04   -240.53  1.5310E-04   -350.88
   55.00    285.00     -3.50    -3.92    -0.69      0.6745    -41.29 RIGHT   1.4841E-04   -238.52  1.4140E-04   -350.35
   60.00    285.00     -2.93    -4.81    -0.76      0.6287    -30.24 RIGHT   1.5849E-04   -237.12  1.2759E-04   -349.83
   65.00    285.00     -2.64    -5.98    -0.98      0.5644    -22.41 RIGHT   1.6387E-04   -236.27  1.1157E-04   -349.32
   70.00    285.00     -2.71    -7.53    -1.47      0.4954    -16.81 RIGHT   1.6258E-04   -235.95  9.3298E-05   -348.82
   75.00    285.00     -3.29    -9.68    -2.39      0.4269    -12.55 RIGHT   1.5195E-04   -236.22  7.2826E-05   -348.34
   80.00    285.00     -4.79   -12.90    -4.17      0.3601     -9.08 RIGHT   1.2784E-04   -237.24  5.0286E-05   -347.87
   85.00    285.00     -8.57   -18.66    -8.17      0.2946     -6.08 RIGHT   8.2735E-05   -239.35  2.5905E-05   -347.43
   90.00    285.00   -999.99  -999.99  -999.99      0.0000      0.00         6.5701E-15   -423.43  1.5522E-15   -167.02
    0.00    290.00    -10.10    -1.32    -0.78      0.0000     70.00 LINEAR  6.9378E-05   -356.80  1.9061E-04   -356.80
    5.00    290.00    -11.09    -1.36    -0.92      0.0552     72.17 RIGHT   6.1926E-05   -345.14  1.8973E-04   -355.90
   10.00    290.00    -11.87    -1.43    -1.05      0.1139     74.45 RIGHT   5.6620E-05   -330.96  1.8836E-04   -355.03
   15.00    290.00    -12.20    -1.52    -1.16      0.1774     76.91 RIGHT   5.4484E-05   -314.48  1.8645E-04   -354.18
   20.00    290.00    -11.89    -1.63    -1.24      0.2469     79.64 RIGHT   5.6448E-05   -297.26  1.8393E-04   -353.35
   25.00    290.00    -10.98    -1.79    -1.29      0.3235     82.78 RIGHT   6.2728E-05   -281.57  1.8069E-04   -352.54
   30.00    290.00     -9.69    -1.99    -1.31      0.4075     86.54 RIGHT   7.2713E-05   -268.77  1.7656E-04   -351.74
   35.00    290.00     -8.30    -2.25    -1.28      0.4977    -88.66 RIGHT   8.5394E-05   -258.94  1.7139E-04   -350.96
   40.00    290.00     -6.95    -2.58    -1.23      0.5901    -82.01 RIGHT   9.9722E-05   -251.55  1.6497E-04   -350.20
   45.00    290.00     -5.74    -3.00    -1.15      0.6728    -71.99 RIGHT   1.1467E-04   -246.00  1.5709E-04   -349.45
   50.00    290.00     -4.70    -3.55    -1.08      0.7203    -57.32 RIGHT   1.2920E-04   -241.83  1.4756E-04   -348.72
   55.00    290.00     -3.87    -4.24    -1.04      0.7075    -41.31 RIGHT   1.4214E-04   -238.72  1.3618E-04   -348.01
   60.00    290.00     -3.28    -5.14    -1.10      0.6491    -29.38 RIGHT   1.5216E-04   -236.47  1.2280E-04   -347.33
   65.00    290.00     -2.97    -6.31    -1.32      0.5749    -21.60 RIGHT   1.5769E-04   -234.95  1.0732E-04   -346.68
   70.00    290.00     -3.02    -7.87    -1.79      0.4997    -16.22 RIGHT   1.5676E-04   -234.12  8.9710E-05   -346.06
   75.00    290.00     -3.60   -10.02    -2.71      0.4279    -12.16 RIGHT   1.4674E-04   -234.02  7.0001E-05   -345.48
   80.00    290.00     -5.09   -13.24    -4.47      0.3595     -8.83 RIGHT   1.2359E-04   -234.77  4.8323E-05   -344.94
   85.00    290.00     -8.86   -19.01    -8.46      0.2933     -5.92 RIGHT   8.0043E-05   -236.73  2.4890E-05   -344.46
   90.00    290.00   -999.99  -999.99  -999.99      0.0000      0.00         6.3578E-15   -420.76  1.4914E-15   -164.02
    0.00    295.00     -8.26    -1.64    -0.78      0.0000     65.00 LINEAR  8.5727E-05   -356.80  1.8384E-04   -356.80
    5.00    295.00     -9.10    -1.69    -0.96      0.0535     67.09 RIGHT   7.7853E-05   -347.17  1.8284E-04   -355.69
   10.00    295.00     -9.86    -1.76    -1.13      0.1111     69.31 RIGHT   7.1323E-05   -335.81  1.8134E-04   -354.60
   15.00    295.00    -10.42    -1.85    -1.29      0.1741     71.71 RIGHT   6.6880E-05   -322.46  1.7933E-04   -353.53
   20.00    295.00    -10.61    -1.98    -1.42      0.2443     74.37 RIGHT   6.5475E-05   -307.44  1.7672E-04   -352.48
   25.00    295.00    -10.29    -2.15    -1.53      0.3229     77.41 RIGHT   6.7904E-05   -292.00  1.7341E-04   -351.45
   30.00    295.00     -9.50    -2.36    -1.59      0.4108     81.03 RIGHT   7.4343E-05   -277.75  1.6927E-04   -350.44
   35.00    295.00     -8.42    -2.62    -1.61      0.5079     85.65 RIGHT   8.4230E-05   -265.76  1.6413E-04   -349.45
   40.00    295.00     -7.23    -2.96    -1.58      0.6108    -87.82 RIGHT   9.6557E-05   -256.24  1.5782E-04   -348.47
   45.00    295.00     -6.09    -3.40    -1.53      0.7077    -77.23 RIGHT   1.1016E-04   -248.88  1.5014E-04   -347.53
   50.00    295.00     -5.07    -3.95    -1.46      0.7643    -59.64 RIGHT   1.2384E-04   -243.26  1.4090E-04   -346.61
   55.00    295.00     -4.24    -4.65    -1.43      0.7409    -40.27 RIGHT   1.3630E-04   -239.01  1.2993E-04   -345.72
   60.00    295.00     -3.63    -5.56    -1.48      0.6660    -27.77 RIGHT   1.4613E-04   -235.87  1.1708E-04   -344.88
   65.00    295.00     -3.31    -6.73    -1.68      0.5809    -20.38 RIGHT   1.5172E-04   -233.67  1.0226E-04   -344.09
   70.00    295.00     -3.34    -8.29    -2.14      0.4998    -15.41 RIGHT   1.5109E-04   -232.32  8.5436E-05   -343.35
   75.00    295.00     -3.90   -10.45    -3.03      0.4250    -11.64 RIGHT   1.4164E-04   -231.83  6.6639E-05   -342.67
   80.00    295.00     -5.39   -13.67    -4.78      0.3555     -8.50 RIGHT   1.1942E-04   -232.32  4.5989E-05   -342.07
   85.00    295.00     -9.15   -19.44    -8.76      0.2893     -5.71 RIGHT   7.7391E-05   -234.12  2.3684E-05   -341.54
   90.00    295.00   -999.99  -999.99  -999.99      0.0000      0.00         6.1484E-15   -418.10  1.4190E-15   -161.10
    0.00    300.00     -6.80    -2.03    -0.78      0.0000     60.00 LINEAR  1.0142E-04   -356.80  1.7567E-04   -356.80
    5.00    300.00     -7.54    -2.09    -1.00      0.0514     62.01 RIGHT   9.3191E-05   -348.39  1.7457E-04   -355.48
   10.00    300.00     -8.26    -2.17    -1.21      0.1073     64.14 RIGHT   8.5760E-05   -338.73  1.7298E-04   -354.18
   15.00    300.00     -8.90    -2.27    -1.42      0.1693     66.45 RIGHT   7.9676E-05   -327.45  1.7088E-04   -352.91
   20.00    300.00     -9.34    -2.41    -1.61      0.2395     69.01 RIGHT   7.5755E-05   -314.43  1.6821E-04   -351.65
   25.00    300.00     -9.43    -2.58    -1.77      0.3195     71.91 RIGHT   7.4941E-05   -300.08  1.6488E-04   -350.41
   30.00    300.00     -9.09    -2.80    -1.89      0.4111     75.31 RIGHT   7.7922E-05   -285.56  1.6076E-04   -349.19
   35.00    300.00     -8.37    -3.08    -1.95      0.5148     79.59 RIGHT   8.4726E-05   -272.22  1.5570E-04   -347.98
   40.00    300.00     -7.40    -3.43    -1.97      0.6292     85.69 RIGHT   9.4658E-05   -260.93  1.4955E-04   -346.81
   45.00    300.00     -6.37    -3.87    -1.94      0.7441    -83.59 RIGHT   1.0657E-04   -251.86  1.4212E-04   -345.67
   50.00    300.00     -5.41    -4.43    -1.88      0.8147    -61.73 RIGHT   1.1914E-04   -244.79  1.3324E-04   -344.56
   55.00    300.00     -4.59    -5.15    -1.85      0.7731    -37.59 RIGHT   1.3094E-04   -239.38  1.2276E-04   -343.51
   60.00    300.00     -3.98    -6.06    -1.88      0.6773    -25.33 RIGHT   1.4047E-04   -235.33  1.1053E-04   -342.51
   65.00    300.00     -3.64    -7.24    -2.06      0.5813    -18.78 RIGHT   1.4604E-04   -232.43  9.6476E-05   -341.58
   70.00    300.00     -3.66    -8.80    -2.50      0.4950    -14.40 RIGHT   1.4564E-04   -230.55  8.0556E-05   -340.72
   75.00    300.00     -4.21   -10.97    -3.38      0.4180    -10.99 RIGHT   1.3671E-04   -229.67  6.2805E-05   -339.95
   80.00    300.00     -5.68   -14.19    -5.11      0.3481     -8.09 RIGHT   1.1538E-04   -229.90  4.3329E-05   -339.28
   85.00    300.00     -9.45   -19.96    -9.08      0.2825     -5.46 RIGHT   7.4819E-05   -231.55  2.2310E-05   -338.71
   90.00    300.00   -999.99  -999.99  -999.99      0.0000      0.00         5.9452E-15   -415.48  1.3366E-15   -158.25
    0.00    305.00     -5.61    -2.52    -0.78      0.0000     55.00 LINEAR  1.1635E-04   -356.80  1.6616E-04   -356.80
    5.00    305.00     -6.28    -2.58    -1.03      0.0489     56.90 RIGHT   1.0779E-04   -349.17  1.6499E-04   -355.28
   10.00    305.00     -6.96    -2.67    -1.29      0.1025     58.93 RIGHT   9.9628E-05   -340.60  1.6334E-04   -353.79
   15.00    305.00     -7.63    -2.78    -1.55      0.1630     61.14 RIGHT   9.2277E-05   -330.71  1.6119E-04   -352.31
   20.00    305.00     -8.19    -2.93    -1.80      0.2324     63.56 RIGHT   8.6417E-05   -319.21  1.5850E-04   -350.85
   25.00    305.00     -8.55    -3.11    -2.02      0.3131     66.27 RIGHT   8.2963E-05   -306.10  1.5518E-04   -349.41
   30.00    305.00     -8.56    -3.34    -2.20      0.4075     69.38 RIGHT   8.2843E-05   -291.99  1.5112E-04   -347.99
   35.00    305.00     -8.18    -3.63    -2.32      0.5173     73.16 RIGHT   8.6567E-05   -278.02  1.4620E-04   -346.59
   40.00    305.00     -7.47    -3.99    -2.38      0.6432     78.38 RIGHT   9.3890E-05   -265.41  1.4026E-04   -345.22
   45.00    305.00     -6.60    -4.44    -2.38      0.7796     88.11 RIGHT   1.0386E-04   -254.83  1.3314E-04   -343.88
   50.00    305.00     -5.70    -5.01    -2.33      0.8736    -63.24 RIGHT   1.1511E-04   -246.38  1.2470E-04   -342.60
   55.00    305.00     -4.91    -5.73    -2.29      0.7992    -32.41 RIGHT   1.2610E-04   -239.82  1.1478E-04   -341.38
   60.00    305.00     -4.31    -6.65    -2.31      0.6804    -22.08 RIGHT   1.3522E-04   -234.85  1.0326E-04   -340.23
   65.00    305.00     -3.96    -7.84    -2.47      0.5748    -16.86 RIGHT   1.4069E-04   -231.25  9.0061E-05   -339.16
   70.00    305.00     -3.97    -9.41    -2.88      0.4846    -13.21 RIGHT   1.4048E-04   -228.84  7.5153E-05   -338.19
   75.00    305.00     -4.51   -11.57    -3.73      0.4065    -10.24 RIGHT   1.3202E-04   -227.58  5.8565E-05   -337.33
   80.00    305.00     -5.98   -14.80    -5.44      0.3370     -7.61 RIGHT   1.1153E-04   -227.54  4.0390E-05   -336.59
   85.00    305.00     -9.74   -20.57    -9.39      0.2728     -5.17 RIGHT   7.2363E-05   -229.04  2.0792E-05   -335.98
   90.00    305.00   -999.99  -999.99  -999.99      0.0000      0.00         5.7513E-15   -412.92  1.2456E-15   -155.51
    0.00    310.00     -4.62    -3.10    -0.78      0.0000     50.00 LINEAR  1.3039E-04   -356.80  1.5539E-04   -356.80
    5.00    310.00     -5.23    -3.17    -1.07      0.0459     51.78 RIGHT   1.2152E-04   -349.69  1.5418E-04   -355.10
   10.00    310.00     -5.89    -3.26    -1.37      0.0968     53.69 RIGHT   1.1273E-04   -341.84  1.5250E-04   -353.42
   15.00    310.00     -6.56    -3.39    -1.68      0.1550     55.77 RIGHT   1.0434E-04   -332.89  1.5034E-04   -351.75
   20.00    310.00     -7.20    -3.54    -1.99      0.2229     58.03 RIGHT   9.6930E-05   -322.52  1.4767E-04   -350.10
   25.00    310.00     -7.71    -3.74    -2.27      0.3034     60.52 RIGHT   9.1326E-05   -310.52  1.4441E-04   -348.47
   30.00    310.00     -7.98    -3.98    -2.52      0.3994     63.26 RIGHT   8.8533E-05   -297.07  1.4046E-04   -346.85
   35.00    310.00     -7.90    -4.27    -2.71      0.5139     66.37 RIGHT   8.9377E-05   -283.00  1.3573E-04   -345.26
   40.00    310.00     -7.46    -4.64    -2.82      0.6496     70.20 RIGHT   9.4056E-05   -269.53  1.3006E-04   -343.71
   45.00    310.00     -6.76    -5.11    -2.84      0.8076     76.70 RIGHT   1.0193E-04   -257.70  1.2332E-04   -342.19
   50.00    310.00     -5.97    -5.68    -2.81      0.9434    -61.86 RIGHT   1.1171E-04   -247.96  1.1538E-04   -340.74
   55.00    310.00     -5.21    -6.41    -2.76      0.8099    -24.36 RIGHT   1.2179E-04   -240.29  1.0609E-04   -339.35
   60.00    310.00     -4.62    -7.34    -2.76      0.6724    -18.26 RIGHT   1.3041E-04   -234.43  9.5362E-05   -338.06
   65.00    310.00     -4.27    -8.53    -2.89      0.5604    -14.72 RIGHT   1.3573E-04   -230.13  8.3111E-05   -336.86
   70.00    310.00     -4.28   -10.11    -3.27      0.4682    -11.89 RIGHT   1.3566E-04   -227.20  6.9310E-05   -335.78
   75.00    310.00     -4.81   -12.28    -4.09      0.3903     -9.39 RIGHT   1.2763E-04   -225.56  5.3984E-05   -334.84
   80.00    310.00     -6.27   -15.51    -5.78      0.3221     -7.07 RIGHT   1.0791E-04   -225.27  3.7217E-05   -334.03
   85.00    310.00    -10.02   -21.28    -9.70      0.2601     -4.84 RIGHT   7.0056E-05   -226.62  1.9155E-05   -333.38
   90.00    310.00   -999.99  -999.99  -999.99      0.0000      0.00         5.5689E-15   -410.45  1.1474E-15   -152.90
    0.00    315.00     -3.79    -3.79    -0.78      0.0000     45.00 LINEAR  1.4343E-04   -356.80  1.4343E-04   -356.80
    5.00    315.00     -4.37    -3.87    -1.10      0.0425     46.65 RIGHT   1.3428E-04   -350.05  1.4221E-04   -354.93
   10.00    315.00     -4.99    -3.97    -1.44      0.0903     48.42 RIGHT   1.2493E-04   -342.68  1.4054E-04   -353.07
   15.00    315.00     -5.66    -4.10    -1.80      0.1455     50.34 RIGHT   1.1566E-04   -334.40  1.3842E-04   -351.23
   20.00    315.00     -6.34    -4.27    -2.17      0.2109     52.42 RIGHT   1.0696E-04   -324.85  1.3582E-04   -349.40
   25.00    315.00     -6.96    -4.47    -2.53      0.2899     54.65 RIGHT   9.9583E-05   -313.74  1.3267E-04   -347.59
   30.00    315.00     -7.42    -4.72    -2.85      0.3859     56.97 RIGHT   9.4525E-05   -301.01  1.2889E-04   -345.79
   35.00    315.00     -7.58    -5.03    -3.11      0.5029     59.28 RIGHT   9.2787E-05   -287.14  1.2440E-04   -344.02
   40.00    315.00     -7.38    -5.41    -3.27      0.6446     61.32 RIGHT   9.4932E-05   -273.19  1.1906E-04   -342.29
   45.00    315.00     -6.87    -5.88    -3.34      0.8140     61.90 RIGHT   1.0068E-04   -260.38  1.1277E-04   -340.61
   50.00    315.00     -6.19    -6.47    -3.32      0.9665      7.59 RIGHT   1.0891E-04   -249.50  1.0539E-04   -338.99
   55.00    315.00     -5.49    -7.21    -3.25      0.7944    -15.15 RIGHT   1.1799E-04   -240.77  9.6815E-05   -337.46
   60.00    315.00     -4.91    -8.14    -3.22      0.6509    -14.31 RIGHT   1.2607E-04   -234.05  8.6946E-05   -336.02
   65.00    315.00     -4.57    -9.34    -3.32      0.5373    -12.50 RIGHT   1.3120E-04   -229.07  7.5718E-05   -334.70
   70.00    315.00     -4.57   -10.93    -3.66      0.4454    -10.50 RIGHT   1.3123E-04   -225.64  6.3105E-05   -333.52
   75.00    315.00     -5.09   -13.10    -4.45      0.3691     -8.48 RIGHT   1.2358E-04   -223.64  4.9126E-05   -332.49
   80.00    315.00     -6.54   -16.33    -6.11      0.3035     -6.47 RIGHT   1.0457E-04   -223.11  3.3856E-05   -331.63
   85.00    315.00    -10.29   -22.11   -10.01      0.2444     -4.46 RIGHT   6.7924E-05   -224.32  1.7421E-05   -330.94
   90.00    315.00   -999.99  -999.99  -999.99      0.0000      0.00         5.4005E-15   -408.10  1.0435E-15   -150.44
    0.00    320.00     -3.10    -4.62    -0.78      0.0000     40.00 LINEAR  1.5539E-04   -356.80  1.3039E-04   -356.80
    5.00    320.00     -3.64    -4.70    -1.13      0.0388     41.50 RIGHT   1.4596E-04   -350.29  1.2919E-04   -354.77
   10.00    320.00     -4.25    -4.81    -1.51      0.0828     43.12 RIGHT   1.3611E-04   -343.27  1.2757E-04   -352.75
   15.00    320.00     -4.91    -4.95    -1.92      0.1343     44.87 RIGHT   1.2607E-04   -335.45  1.2553E-04   -350.75
   20.00    320.00     -5.62    -5.13    -2.35      0.1963     46.75 RIGHT   1.1629E-04   -326.51  1.2304E-04   -348.76
   25.00    320.00     -6.30    -5.34    -2.78      0.2724     48.69 RIGHT   1.0743E-04   -316.09  1.2006E-04   -346.78
   30.00    320.00     -6.89    -5.60    -3.19      0.3665     50.56 RIGHT   1.0046E-04   -304.02  1.1651E-04   -344.82
   35.00    320.00     -7.24    -5.92    -3.52      0.4829     52.02 RIGHT   9.6473E-05   -290.49  1.1232E-04   -342.88
   40.00    320.00     -7.26    -6.31    -3.75      0.6242     52.16 RIGHT   9.6289E-05   -276.33  1.0738E-04   -340.99
   45.00    320.00     -6.93    -6.79    -3.85      0.7857     46.94 RIGHT   9.9979E-05   -262.80  1.0159E-04   -339.15
   50.00    320.00     -6.37    -7.39    -3.84      0.8755     13.96 RIGHT   1.0665E-04   -250.95  9.4844E-05   -337.38
   55.00    320.00     -5.74    -8.13    -3.76      0.7506     -7.74 RIGHT   1.1470E-04   -241.26  8.7043E-05   -335.70
   60.00    320.00     -5.18    -9.07    -3.70      0.6152    -10.67 RIGHT   1.2221E-04   -233.72  7.8103E-05   -334.13
   65.00    320.00     -4.84   -10.28    -3.75      0.5050    -10.34 RIGHT   1.2712E-04   -228.10  6.7966E-05   -332.70
   70.00    320.00     -4.84   -11.87    -4.05      0.4162     -9.10 RIGHT   1.2722E-04   -224.19  5.6609E-05   -331.42
   75.00    320.00     -5.35   -14.05    -4.80      0.3432     -7.53 RIGHT   1.1990E-04   -221.84  4.4048E-05   -330.32
   80.00    320.00     -6.79   -17.29    -6.42      0.2810     -5.83 RIGHT   1.0154E-04   -221.08  3.0345E-05   -329.39
   85.00    320.00    -10.54   -23.06   -10.30      0.2257     -4.05 RIGHT   6.5988E-05   -222.16  1.5611E-05   -328.67
   90.00    320.00   -999.99  -999.99  -999.99      0.0000      0.00         5.2475E-15   -405.90  9.3497E-16   -148.17
    0.00    325.00     -2.52    -5.61    -0.78      0.0000     35.00 LINEAR  1.6616E-04   -356.80  1.1635E-04   -356.80
    5.00    325.00     -3.04    -5.70    -1.16      0.0348     36.34 RIGHT   1.5647E-04   -350.46  1.1521E-04   -354.63
   10.00    325.00     -3.63    -5.81    -1.58      0.0745     37.79 RIGHT   1.4617E-04   -343.67  1.1369E-04   -352.47
   15.00    325.00     -4.29    -5.96    -2.03      0.1216     39.36 RIGHT   1.3547E-04   -336.19  1.1177E-04   -350.32
   20.00    325.00     -5.01    -6.14    -2.53      0.1791     41.01 RIGHT   1.2476E-04   -327.69  1.0945E-04   -348.17
   25.00    325.00     -5.74    -6.36    -3.03      0.2507     42.66 RIGHT   1.1466E-04   -317.82  1.0668E-04   -346.04
   30.00    325.00     -6.41    -6.63    -3.51      0.3406     44.08 RIGHT   1.0609E-04   -306.30  1.0342E-04   -343.93
   35.00    325.00     -6.91    -6.96    -3.93      0.4526     44.75 RIGHT   1.0017E-04   -293.15  9.9589E-05   -341.85
   40.00    325.00     -7.11    -7.36    -4.22      0.5866     43.29 RIGHT   9.7918E-05   -278.97  9.5107E-05   -339.80
   45.00    325.00     -6.95    -7.85    -4.37      0.7255     35.29 RIGHT   9.9694E-05   -264.93  8.9886E-05   -337.82
   50.00    325.00     -6.51    -8.46    -4.37      0.7785     13.07 RIGHT   1.0486E-04   -252.27  8.3834E-05   -335.91
   55.00    325.00     -5.95    -9.21    -4.27      0.6853     -3.08 RIGHT   1.1190E-04   -241.72  7.6869E-05   -334.10
   60.00    325.00     -5.43   -10.16    -4.17      0.5659     -7.63 RIGHT   1.1884E-04   -233.43  6.8917E-05   -332.42
   65.00    325.00     -5.09   -11.37    -4.17      0.4637     -8.34 RIGHT   1.2352E-04   -227.22  5.9930E-05   -330.88
   70.00    325.00     -5.08   -12.97    -4.43      0.3805     -7.72 RIGHT   1.2366E-04   -222.86  4.9886E-05   -329.51
   75.00    325.00     -5.59   -15.15    -5.13      0.3124     -6.56 RIGHT   1.1663E-04   -220.19  3.8799E-05   -328.33
   80.00    325.00     -7.03   -18.39    -6.72      0.2550     -5.15 RIGHT   9.8838E-05   -219.21  2.6720E-05   -327.36
   85.00    325.00    -10.77   -24.16   -10.57      0.2043     -3.61 RIGHT   6.4262E-05   -220.17  1.3743E-05   -326.61
   90.00    325.00   -999.99  -999.99  -999.99      0.0000      0.00         5.1111E-15   -403.87  8.2301E-16   -146.09
    0.00    330.00     -2.03    -6.80    -0.78      0.0000     30.00 LINEAR  1.7567E-04   -356.80  1.0142E-04   -356.80
    5.00    330.00     -2.54    -6.89    -1.18      0.0304     31.17 RIGHT   1.6574E-04   -350.57  1.0038E-04   -354.50
   10.00    330.00     -3.12    -7.02    -1.63      0.0654     32.44 RIGHT   1.5505E-04   -343.96  9.8985E-05   -352.21
   15.00    330.00     -3.77    -7.17    -2.14      0.1074     33.81 RIGHT   1.4377E-04   -336.71  9.7242E-05   -349.93
   20.00    330.00     -4.50    -7.36    -2.69      0.1593     35.23 RIGHT   1.3226E-04   -328.53  9.5139E-05   -347.66
   25.00    330.00     -5.26    -7.59    -3.26      0.2248     36.58 RIGHT   1.2112E-04   -319.07  9.2648E-05   -345.40
   30.00    330.00     -6.00    -7.87    -3.83      0.3080     37.59 RIGHT   1.1122E-04   -308.01  8.9726E-05   -343.15
   35.00    330.00     -6.61    -8.21    -4.33      0.4116     37.61 RIGHT   1.0368E-04   -295.22  8.6315E-05   -340.93
   40.00    330.00     -6.96    -8.61    -4.70      0.5324     35.14 RIGHT   9.9638E-05   -281.11  8.2348E-05   -338.75
   45.00    330.00     -6.95    -9.11    -4.89      0.6446     26.92 RIGHT   9.9700E-05   -266.74  7.7752E-05   -336.64
   50.00    330.00     -6.63    -9.73    -4.90      0.6771     11.44 RIGHT   1.0348E-04   -253.44  7.2451E-05   -334.61
   55.00    330.00     -6.13   -10.49    -4.78      0.6058     -0.51 RIGHT   1.0956E-04   -242.15  6.6375E-05   -332.68
   60.00    330.00     -5.64   -11.44    -4.63      0.5050     -5.29 RIGHT   1.1594E-04   -233.19  5.9464E-05   -330.89
   65.00    330.00     -5.31   -12.66    -4.58      0.4140     -6.57 RIGHT   1.2039E-04   -226.43  5.1676E-05   -329.26
   70.00    330.00     -5.30   -14.26    -4.78      0.3388     -6.40 RIGHT   1.2056E-04   -221.67  4.2992E-05   -327.81
   75.00    330.00     -5.81   -16.45    -5.45      0.2772     -5.58 RIGHT   1.1378E-04   -218.71  3.3422E-05   -326.57
   80.00    330.00     -7.24   -19.69    -7.00      0.2255     -4.44 RIGHT   9.6483E-05   -217.54  2.3010E-05   -325.55
   85.00    330.00    -10.97   -25.46   -10.82      0.1804     -3.15 RIGHT   6.2758E-05   -218.38  1.1833E-05   -324.76
   90.00    330.00   -999.99  -999.99  -999.99      0.0000      0.00         4.9922E-15   -402.05  7.0860E-16   -144.24
    0.00    335.00     -1.64    -8.26    -0.78      0.0000     25.00 LINEAR  1.8384E-04   -356.80  8.5727E-05   -356.80
    5.00    335.00     -2.13    -8.36    -1.20      0.0258     25.99 RIGHT   1.7371E-04   -350.65  8.4807E-05   -354.39
   10.00    335.00     -2.70    -8.48    -1.68      0.0557     27.07 RIGHT   1.6266E-04   -344.15  8.3579E-05   -352.00
   15.00    335.00     -3.35    -8.65    -2.23      0.0918     28.22 RIGHT   1.5089E-04   -337.08  8.2051E-05   -349.60
   20.00    335.00     -4.08    -8.84    -2.83      0.1370     29.40 RIGHT   1.3872E-04   -329.13  8.0215E-05   -347.22
   25.00    335.00     -4.87    -9.08    -3.47      0.1948     30.48 RIGHT   1.2671E-04   -319.98  7.8050E-05   -344.84
   30.00    335.00     -5.66    -9.37    -4.12      0.2687     31.14 RIGHT   1.1572E-04   -309.27  7.5522E-05   -342.47
   35.00    335.00     -6.35    -9.71    -4.70      0.3604     30.71 RIGHT   1.0685E-04   -296.80  7.2586E-05   -340.14
   40.00    335.00     -6.81   -10.13    -5.15      0.4637     27.86 RIGHT   1.0130E-04   -282.82  6.9188E-05   -337.84
   45.00    335.00     -6.94   -10.63    -5.39      0.5510     20.63 RIGHT   9.9886E-05   -268.24  6.5270E-05   -335.62
   50.00    335.00     -6.72   -11.25    -5.41      0.5716      9.60 RIGHT   1.0243E-04   -254.44  6.0771E-05   -333.48
   55.00    335.00     -6.29   -12.02    -5.26      0.5167      0.76 RIGHT   1.0764E-04   -242.53  5.5633E-05   -331.45
   60.00    335.00     -5.83   -12.98    -5.06      0.4345     -3.55 RIGHT   1.1352E-04   -232.98  4.9807E-05   -329.57
   65.00    335.00     -5.51   -14.21    -4.96      0.3568     -5.05 RIGHT   1.1776E-04   -225.75  4.3259E-05   -327.85
   70.00    335.00     -5.49   -15.81    -5.11      0.2914     -5.16 RIGHT   1.1794E-04   -220.63  3.5972E-05   -326.33
   75.00    335.00     -5.99   -18.00    -5.73      0.2378     -4.61 RIGHT   1.1136E-04   -217.42  2.7954E-05   -325.03
   80.00    335.00     -7.42   -21.24    -7.24      0.1930     -3.72 RIGHT   9.4485E-05   -216.07  1.9240E-05   -323.97
   85.00    335.00    -11.15   -27.02   -11.04      0.1541     -2.66 RIGHT   6.1482E-05   -216.82  9.8927E-06   -323.17
   90.00    335.00   -999.99  -999.99  -999.99      0.0000      0.00         4.8913E-15   -400.46  5.9240E-16   -142.63
    0.00    340.00     -1.32   -10.10    -0.78      0.0000     20.00 LINEAR  1.9061E-04   -356.80  6.9378E-05   -356.80
    5.00    340.00     -1.81   -10.20    -1.22      0.0209     20.80 RIGHT   1.8030E-04   -350.70  6.8607E-05   -354.30
   10.00    340.00     -2.37   -10.33    -1.73      0.0453     21.68 RIGHT   1.6897E-04   -344.28  6.7581E-05   -351.82
   15.00    340.00     -3.02   -10.50    -2.31      0.0750     22.61 RIGHT   1.5678E-04   -337.33  6.6307E-05   -349.33
   20.00    340.00     -3.76   -10.70    -2.96      0.1126     23.55 RIGHT   1.4407E-04   -329.56  6.4781E-05   -346.85
   25.00    340.00     -4.56   -10.94    -3.66      0.1610     24.37 RIGHT   1.3137E-04   -320.64  6.2988E-05   -344.37
   30.00    340.00     -5.38   -11.23    -4.38      0.2233     24.76 RIGHT   1.1950E-04   -310.20  6.0902E-05   -341.91
   35.00    340.00     -6.13   -11.59    -5.04      0.3000     24.10 RIGHT   1.0956E-04   -297.99  5.8490E-05   -339.48
   40.00    340.00     -6.69   -12.01    -5.57      0.3835     21.38 RIGHT   1.0280E-04   -284.14  5.5710E-05   -337.09
   45.00    340.00     -6.91   -12.52    -5.86      0.4491     15.56 RIGHT   1.0016E-04   -269.44  5.2517E-05   -334.77
   50.00    340.00     -6.78   -13.15    -5.88      0.4623      7.70 RIGHT   1.0166E-04   -255.26  4.8863E-05   -332.54
   55.00    340.00     -6.41   -13.92    -5.70      0.4207      1.24 RIGHT   1.0612E-04   -242.84  4.4703E-05   -330.43
   60.00    340.00     -5.98   -14.89    -5.45      0.3563     -2.32 RIGHT   1.1156E-04   -232.81  3.9999E-05   -328.46
   65.00    340.00     -5.67   -16.11    -5.29      0.2932     -3.75 RIGHT   1.1561E-04   -225.18  3.4723E-05   -326.68
   70.00    340.00     -5.65   -17.72    -5.39      0.2393     -4.00 RIGHT   1.1579E-04   -219.75  2.8862E-05   -325.10
   75.00    340.00     -6.15   -19.91    -5.97      0.1948     -3.65 RIGHT   1.0938E-04   -216.33  2.2421E-05   -323.75
   80.00    340.00     -7.57   -23.16    -7.45      0.1578     -2.98 RIGHT   9.2850E-05   -214.85  1.5429E-05   -322.66
   85.00    340.00    -11.30   -28.94   -11.23      0.1258     -2.15 RIGHT   6.0437E-05   -215.51  7.9318E-06   -321.83
   90.00    340.00   -999.99  -999.99  -999.99      0.0000      0.00         4.8089E-15   -399.12  4.7494E-16   -141.28
    0.00    345.00     -1.08   -12.52    -0.78      0.0000     15.00 LINEAR  1.9594E-04   -356.80  5.2501E-05   -356.80
    5.00    345.00     -1.56   -12.62    -1.23      0.0158     15.61 RIGHT   1.8548E-04   -350.73  5.1902E-05   -354.23
   10.00    345.00     -2.12   -12.76    -1.76      0.0344     16.27 RIGHT   1.7391E-04   -344.37  5.1106E-05   -351.67
   15.00    345.00     -2.77   -12.93    -2.37      0.0572     16.97 RIGHT   1.6141E-04   -337.50  5.0119E-05   -349.12
   20.00    345.00     -3.51   -13.13    -3.06      0.0862     17.68 RIGHT   1.4827E-04   -329.85  4.8940E-05   -346.56
   25.00    345.00     -4.32   -13.38    -3.81      0.1239     18.26 RIGHT   1.3504E-04   -321.09  4.7559E-05   -344.01
   30.00    345.00     -5.16   -13.68    -4.59      0.1725     18.46 RIGHT   1.2249E-04   -310.85  4.5956E-05   -341.47
   35.00    345.00     -5.96   -14.04    -5.33      0.2319     17.79 RIGHT   1.1174E-04   -298.85  4.4109E-05   -338.96
   40.00    345.00     -6.58   -14.46    -5.93      0.2947     15.52 RIGHT   1.0404E-04   -285.11  4.1987E-05   -336.49
   45.00    345.00     -6.89   -14.98    -6.26      0.3414     11.20 RIGHT   1.0045E-04   -270.34  3.9557E-05   -334.10
   50.00    345.00     -6.83   -15.61    -6.29      0.3497      5.77 RIGHT   1.0111E-04   -255.89  3.6784E-05   -331.79
   55.00    345.00     -6.51   -16.39    -6.08      0.3197      1.24 RIGHT   1.0497E-04   -243.10  3.3635E-05   -329.62
   60.00    345.00     -6.10   -17.36    -5.78      0.2722     -1.45 RIGHT   1.1005E-04   -232.68  3.0082E-05   -327.59
   65.00    345.00     -5.79   -18.59    -5.57      0.2244     -2.64 RIGHT   1.1394E-04   -224.73  2.6104E-05   -325.75
   70.00    345.00     -5.78   -20.20    -5.63      0.1831     -2.93 RIGHT   1.1412E-04   -219.06  2.1690E-05   -324.13
   75.00    345.00     -6.27   -22.40    -6.17      0.1488     -2.72 RIGHT   1.0784E-04   -215.47  1.6846E-05   -322.74
   80.00    345.00     -7.69   -25.65    -7.62      0.1204     -2.24 RIGHT   9.1578E-05   -213.87  1.1590E-05   -321.62
   85.00    345.00    -11.42   -31.43   -11.38      0.0958     -1.62 RIGHT   5.9625E-05   -214.47  5.9576E-06   -320.77
   90.00    345.00   -999.99  -999.99  -999.99      0.0000      0.00         4.7446E-15   -398.06  3.5670E-16   -140.22
    0.00    350.00     -0.92   -15.99    -0.78      0.0000     10.00 LINEAR  1.9977E-04   -356.80  3.5224E-05   -356.80
    5.00    350.00     -1.39   -16.09    -1.24      0.0106     10.41 RIGHT   1.8920E-04   -350.75  3.4814E-05   -354.18
   10.00    350.00     -1.94   -16.23    -1.79      0.0232     10.85 RIGHT   1.7747E-04   -344.43  3.4271E-05   -351.57
   15.00    350.00     -2.59   -16.40    -2.41      0.0386     11.33 RIGHT   1.6473E-04   -337.61  3.3598E-05   -348.96
   20.00    350.00     -3.33   -16.61    -3.13      0.0584     11.79 RIGHT   1.5130E-04   -330.04  3.2795E-05   -346.35
   25.00    350.00     -4.15   -16.86    -3.92      0.0841     12.17 RIGHT   1.3768E-04   -321.39  3.1856E-05   -343.74
   30.00    350.00     -5.01   -17.16    -4.76      0.1174     12.25 RIGHT   1.2466E-04   -311.29  3.0770E-05   -341.15
   35.00    350.00     -5.84   -17.52    -5.56      0.1579     11.71 RIGHT   1.1333E-04   -299.42  2.9520E-05   -338.58
   40.00    350.00     -6.51   -17.96    -6.21      0.1998     10.11 RIGHT   1.0497E-04   -285.77  2.8087E-05   -336.06
   45.00    350.00     -6.87   -18.48    -6.58      0.2298      7.27 RIGHT   1.0069E-04   -270.98  2.6450E-05   -333.61
   50.00    350.00     -6.86   -19.11    -6.61      0.2346      3.85 RIGHT   1.0075E-04   -256.34  2.4586E-05   -331.26
   55.00    350.00     -6.57   -19.89    -6.37      0.2151      0.96 RIGHT   1.0417E-04   -243.28  2.2473E-05   -329.03
   60.00    350.00     -6.18   -20.87    -6.03      0.1838     -0.83 RIGHT   1.0898E-04   -232.58  2.0092E-05   -326.96
   65.00    350.00     -5.88   -22.10    -5.78      0.1518     -1.68 RIGHT   1.1275E-04   -224.40  1.7430E-05   -325.08
   70.00    350.00     -5.87   -23.71    -5.80      0.1238     -1.91 RIGHT   1.1293E-04   -218.56  1.4479E-05   -323.42
   75.00    350.00     -6.36   -25.91    -6.31      0.1005     -1.80 RIGHT   1.0675E-04   -214.84  1.1243E-05   -322.01
   80.00    350.00     -7.78   -29.16    -7.75      0.0812     -1.50 RIGHT   9.0670E-05   -213.16  7.7343E-06   -320.87
   85.00    350.00    -11.50   -34.94   -11.48      0.0646     -1.09 RIGHT   5.9046E-05   -213.72  3.9754E-06   -320.01
   90.00    350.00   -999.99  -999.99  -999.99      0.0000      0.00         4.6988E-15   -397.29  2.3803E-16   -139.45
    0.00    355.00     -0.82   -21.98    -0.78      0.0000      5.00 LINEAR  2.0208E-04   -356.80  1.7679E-05   -356.80
    5.00    355.00     -1.29   -22.08    -1.25      0.0053      5.21 RIGHT   1.9145E-04   -350.77  1.7471E-05   -354.15
   10.00    355.00     -1.84   -22.22    -1.80      0.0117      5.43 RIGHT   1.7962E-04   -344.46  1.7196E-05   -351.51
   15.00    355.00     -2.49   -22.39    -2.44      0.0194      5.67 RIGHT   1.6674E-04   -337.67  1.6855E-05   -348.87
   20.00    355.00     -3.23   -22.60    -3.18      0.0294      5.90 RIGHT   1.5312E-04   -330.14  1.6448E-05   -346.22
   25.00    355.00     -4.05   -22.86    -3.99      0.0425      6.08 RIGHT   1.3927E-04   -321.55  1.5973E-05   -343.58
   30.00    355.00     -4.92   -23.16    -4.86      0.0595      6.11 RIGHT   1.2597E-04   -311.53  1.5424E-05   -340.96
   35.00    355.00     -5.77   -23.53    -5.69      0.0799      5.81 RIGHT   1.1429E-04   -299.75  1.4794E-05   -338.36
   40.00    355.00     -6.46   -23.96    -6.38      0.1008      4.99 RIGHT   1.0554E-04   -286.16  1.4072E-05   -335.80
   45.00    355.00     -6.85   -24.48    -6.78      0.1155      3.58 RIGHT   1.0085E-04   -271.35  1.3248E-05   -333.32
   50.00    355.00     -6.88   -25.12    -6.82      0.1178      1.92 RIGHT   1.0054E-04   -256.61  1.2311E-05   -330.93
   55.00    355.00     -6.61   -25.90    -6.56      0.1081      0.52 RIGHT   1.0369E-04   -243.39  1.1251E-05   -328.68
   60.00    355.00     -6.23   -26.88    -6.19      0.0926     -0.38 RIGHT   1.0834E-04   -232.52  1.0057E-05   -326.58
   65.00    355.00     -5.94   -28.11    -5.91      0.0765     -0.82 RIGHT   1.1204E-04   -224.21  8.7226E-06   -324.68
   70.00    355.00     -5.93   -29.73    -5.91      0.0624     -0.94 RIGHT   1.1222E-04   -218.26  7.2450E-06   -323.00
   75.00    355.00     -6.41   -31.92    -6.40      0.0507     -0.90 RIGHT   1.0609E-04   -214.46  5.6252E-06   -321.57
   80.00    355.00     -7.83   -35.17    -7.82      0.0409     -0.75 RIGHT   9.0126E-05   -212.73  3.8693E-06   -320.41
   85.00    355.00    -11.55   -40.96   -11.55      0.0325     -0.54 RIGHT   5.8698E-05   -213.26  1.9887E-06   -319.55
   90.00    355.00   -999.99  -999.99  -999.99      0.0000      0.00         4.6714E-15   -396.83  1.1907E-16   -138.99


  AVERAGE POWER GAIN:  6.9654E-01 - SOLID ANGLE USED IN AVERAGING: (+1.9722)*PI STERADIANS



  DATA CARD No:   8 EN   0     0     0     0  0.00000E+00  0.00000E+00  0.00000E+00  0.00000E+00  0.00000E+00  0.00000E+00

  TOTAL RUN TIME: 50 msec