


                               __________________________________________
                              |                                          |
                              |  NUMERICAL ELECTROMAGNETICS CODE (nec2c) |
                              |   Translated to 'C' in Double Precision  |
                              |__________________________________________|



                               ---------------- COMMENTS ----------------
                               pattern-direct-35p0-25p0-17m
                              



                               -------- STRUCTURE SPECIFICATION --------
                                     COORDINATES MUST BE INPUT IN
                                     METERS OR BE SCALED TO METERS
                                     BEFORE STRUCTURE INPUT IS ENDED

  WIRE                                                                                 SEG FIRST  LAST  TAG
   No:        X1         Y1         Z1         X2         Y2         Z2       RADIUS   No:   SEG   SEG  No:
     1    -7.62000    0.00000    0.15240   -0.01000    0.00000    0.91440    0.00024    41     1    41    1
     2    -0.01000    0.00000    0.91440    0.01000    0.00000    0.91440    0.00024     1    42    42    2
     3     0.01000    0.00000    0.91440    6.78822    0.00000    9.14400    0.00024    61    43   103    3

     TOTAL SEGMENTS USED: 103   SEGMENTS IN A SYMMETRIC CELL: 103   SYMMETRY FLAG: 0


                               ---------- SEGMENTATION DATA ----------
                                        COORDINATES IN METERS
                            I+ AND I- INDICATE THE SEGMENTS BEFORE AND AFTER I

   SEG    COORDINATES OF SEGM CENTER     SEGM    ORIENTATION ANGLES    WIRE    CONNECTION DATA   TAG
   No:       X         Y         Z      LENGTH     ALPHA      BETA    RADIUS    I-     I    I+   No:
     1   -7.5272    0.0000    0.1617    0.1865    5.7180    0.0000    0.0002     0     1     2     1
     2   -7.3416    0.0000    0.1803    0.1865    5.7180    0.0000    0.0002     1     2     3     1
     3   -7.1560    0.0000    0.1989    0.1865    5.7180    0.0000    0.0002     2     3     4     1
     4   -6.9704    0.0000    0.2174    0.1865    5.7180    0.0000    0.0002     3     4     5     1
     5   -6.7848    0.0000    0.2360    0.1865    5.7180    0.0000    0.0002     4     5     6     1
     6   -6.5991    0.0000    0.2546    0.1865    5.7180    0.0000    0.0002     5     6     7     1
     7   -6.4135    0.0000    0.2732    0.1865    5.7180    0.0000    0.0002     6     7     8     1
     8   -6.2279    0.0000    0.2918    0.1865    5.7180    0.0000    0.0002     7     8     9     1
     9   -6.0423    0.0000    0.3104    0.1865    5.7180    0.0000    0.0002     8     9    10     1
    10   -5.8567    0.0000    0.3290    0.1865    5.7180    0.0000    0.0002     9    10    11     1
    11   -5.6711    0.0000    0.3475    0.1865    5.7180    0.0000    0.0002    10    11    12     1
    12   -5.4855    0.0000    0.3661    0.1865    5.7180    0.0000    0.0002    11    12    13     1
    13   -5.2999    0.0000    0.3847    0.1865    5.7180    0.0000    0.0002    12    13    14     1
    14   -5.1143    0.0000    0.4033    0.1865    5.7180    0.0000    0.0002    13    14    15     1
    15   -4.9287    0.0000    0.4219    0.1865    5.7180    0.0000    0.0002    14    15    16     1
    16   -4.7430    0.0000    0.4405    0.1865    5.7180    0.0000    0.0002    15    16    17     1
    17   -4.5574    0.0000    0.4591    0.1865    5.7180    0.0000    0.0002    16    17    18     1
    18   -4.3718    0.0000    0.4776    0.1865    5.7180    0.0000    0.0002    17    18    19     1
    19   -4.1862    0.0000    0.4962    0.1865    5.7180    0.0000    0.0002    18    19    20     1
    20   -4.0006    0.0000    0.5148    0.1865    5.7180    0.0000    0.0002    19    20    21     1
    21   -3.8150    0.0000    0.5334    0.1865    5.7180    0.0000    0.0002    20    21    22     1
    22   -3.6294    0.0000    0.5520    0.1865    5.7180    0.0000    0.0002    21    22    23     1
    23   -3.4438    0.0000    0.5706    0.1865    5.7180    0.0000    0.0002    22    23    24     1
    24   -3.2582    0.0000    0.5892    0.1865    5.7180    0.0000    0.0002    23    24    25     1
    25   -3.0726    0.0000    0.6077    0.1865    5.7180    0.0000    0.0002    24    25    26     1
    26   -2.8870    0.0000    0.6263    0.1865    5.7180    0.0000    0.0002    25    26    27     1
    27   -2.7013    0.0000    0.6449    0.1865    5.7180    0.0000    0.0002    26    27    28     1
    28   -2.5157    0.0000    0.6635    0.1865    5.7180    0.0000    0.0002    27    28    29     1
    29   -2.3301    0.0000    0.6821    0.1865    5.7180    0.0000    0.0002    28    29    30     1
    30   -2.1445    0.0000    0.7007    0.1865    5.7180    0.0000    0.0002    29    30    31     1
    31   -1.9589    0.0000    0.7193    0.1865    5.7180    0.0000    0.0002    30    31    32     1
    32   -1.7733    0.0000    0.7378    0.1865    5.7180    0.0000    0.0002    31    32    33     1
    33   -1.5877    0.0000    0.7564    0.1865    5.7180    0.0000    0.0002    32    33    34     1
    34   -1.4021    0.0000    0.7750    0.1865    5.7180    0.0000    0.0002    33    34    35     1
    35   -1.2165    0.0000    0.7936    0.1865    5.7180    0.0000    0.0002    34    35    36     1
    36   -1.0309    0.0000    0.8122    0.1865    5.7180    0.0000    0.0002    35    36    37     1
    37   -0.8452    0.0000    0.8308    0.1865    5.7180    0.0000    0.0002    36    37    38     1
    38   -0.6596    0.0000    0.8494    0.1865    5.7180    0.0000    0.0002    37    38    39     1
    39   -0.4740    0.0000    0.8679    0.1865    5.7180    0.0000    0.0002    38    39    40     1
    40   -0.2884    0.0000    0.8865    0.1865    5.7180    0.0000    0.0002    39    40    41     1
    41   -0.1028    0.0000    0.9051    0.1865    5.7180    0.0000    0.0002    40    41    42     1
    42    0.0000    0.0000    0.9144    0.0200    0.0000    0.0000    0.0002    41    42    43     2
    43    0.0656    0.0000    0.9819    0.1748   50.5238    0.0000    0.0002    42    43    44     3
    44    0.1767    0.0000    1.1168    0.1748   50.5238    0.0000    0.0002    43    44    45     3
    45    0.2878    0.0000    1.2517    0.1748   50.5238    0.0000    0.0002    44    45    46     3
    46    0.3989    0.0000    1.3866    0.1748   50.5238    0.0000    0.0002    45    46    47     3
    47    0.5100    0.0000    1.5215    0.1748   50.5238    0.0000    0.0002    46    47    48     3
    48    0.6212    0.0000    1.6564    0.1748   50.5238    0.0000    0.0002    47    48    49     3
    49    0.7323    0.0000    1.7913    0.1748   50.5238    0.0000    0.0002    48    49    50     3
    50    0.8434    0.0000    1.9262    0.1748   50.5238    0.0000    0.0002    49    50    51     3
    51    0.9545    0.0000    2.0611    0.1748   50.5238    0.0000    0.0002    50    51    52     3
    52    1.0656    0.0000    2.1961    0.1748   50.5238    0.0000    0.0002    51    52    53     3
    53    1.1767    0.0000    2.3310    0.1748   50.5238    0.0000    0.0002    52    53    54     3
    54    1.2879    0.0000    2.4659    0.1748   50.5238    0.0000    0.0002    53    54    55     3
    55    1.3990    0.0000    2.6008    0.1748   50.5238    0.0000    0.0002    54    55    56     3
    56    1.5101    0.0000    2.7357    0.1748   50.5238    0.0000    0.0002    55    56    57     3
    57    1.6212    0.0000    2.8706    0.1748   50.5238    0.0000    0.0002    56    57    58     3
    58    1.7323    0.0000    3.0055    0.1748   50.5238    0.0000    0.0002    57    58    59     3
    59    1.8435    0.0000    3.1404    0.1748   50.5238    0.0000    0.0002    58    59    60     3
    60    1.9546    0.0000    3.2754    0.1748   50.5238    0.0000    0.0002    59    60    61     3
    61    2.0657    0.0000    3.4103    0.1748   50.5238    0.0000    0.0002    60    61    62     3
    62    2.1768    0.0000    3.5452    0.1748   50.5238    0.0000    0.0002    61    62    63     3
    63    2.2879    0.0000    3.6801    0.1748   50.5238    0.0000    0.0002    62    63    64     3
    64    2.3990    0.0000    3.8150    0.1748   50.5238    0.0000    0.0002    63    64    65     3
    65    2.5102    0.0000    3.9499    0.1748   50.5238    0.0000    0.0002    64    65    66     3
    66    2.6213    0.0000    4.0848    0.1748   50.5238    0.0000    0.0002    65    66    67     3
    67    2.7324    0.0000    4.2197    0.1748   50.5238    0.0000    0.0002    66    67    68     3
    68    2.8435    0.0000    4.3546    0.1748   50.5238    0.0000    0.0002    67    68    69     3
    69    2.9546    0.0000    4.4896    0.1748   50.5238    0.0000    0.0002    68    69    70     3
    70    3.0658    0.0000    4.6245    0.1748   50.5238    0.0000    0.0002    69    70    71     3
    71    3.1769    0.0000    4.7594    0.1748   50.5238    0.0000    0.0002    70    71    72     3
    72    3.2880    0.0000    4.8943    0.1748   50.5238    0.0000    0.0002    71    72    73     3
    73    3.3991    0.0000    5.0292    0.1748   50.5238    0.0000    0.0002    72    73    74     3
    74    3.5102    0.0000    5.1641    0.1748   50.5238    0.0000    0.0002    73    74    75     3
    75    3.6213    0.0000    5.2990    0.1748   50.5238    0.0000    0.0002    74    75    76     3
    76    3.7325    0.0000    5.4339    0.1748   50.5238    0.0000    0.0002    75    76    77     3
    77    3.8436    0.0000    5.5688    0.1748   50.5238    0.0000    0.0002    76    77    78     3
    78    3.9547    0.0000    5.7038    0.1748   50.5238    0.0000    0.0002    77    78    79     3
    79    4.0658    0.0000    5.8387    0.1748   50.5238    0.0000    0.0002    78    79    80     3
    80    4.1769    0.0000    5.9736    0.1748   50.5238    0.0000    0.0002    79    80    81     3
    81    4.2881    0.0000    6.1085    0.1748   50.5238    0.0000    0.0002    80    81    82     3
    82    4.3992    0.0000    6.2434    0.1748   50.5238    0.0000    0.0002    81    82    83     3
    83    4.5103    0.0000    6.3783    0.1748   50.5238    0.0000    0.0002    82    83    84     3
    84    4.6214    0.0000    6.5132    0.1748   50.5238    0.0000    0.0002    83    84    85     3
    85    4.7325    0.0000    6.6481    0.1748   50.5238    0.0000    0.0002    84    85    86     3
    86    4.8436    0.0000    6.7830    0.1748   50.5238    0.0000    0.0002    85    86    87     3
    87    4.9548    0.0000    6.9180    0.1748   50.5238    0.0000    0.0002    86    87    88     3
    88    5.0659    0.0000    7.0529    0.1748   50.5238    0.0000    0.0002    87    88    89     3
    89    5.1770    0.0000    7.1878    0.1748   50.5238    0.0000    0.0002    88    89    90     3
    90    5.2881    0.0000    7.3227    0.1748   50.5238    0.0000    0.0002    89    90    91     3
    91    5.3992    0.0000    7.4576    0.1748   50.5238    0.0000    0.0002    90    91    92     3
    92    5.5104    0.0000    7.5925    0.1748   50.5238    0.0000    0.0002    91    92    93     3
    93    5.6215    0.0000    7.7274    0.1748   50.5238    0.0000    0.0002    92    93    94     3
    94    5.7326    0.0000    7.8623    0.1748   50.5238    0.0000    0.0002    93    94    95     3
    95    5.8437    0.0000    7.9973    0.1748   50.5238    0.0000    0.0002    94    95    96     3
    96    5.9548    0.0000    8.1322    0.1748   50.5238    0.0000    0.0002    95    96    97     3
    97    6.0659    0.0000    8.2671    0.1748   50.5238    0.0000    0.0002    96    97    98     3
    98    6.1771    0.0000    8.4020    0.1748   50.5238    0.0000    0.0002    97    98    99     3
    99    6.2882    0.0000    8.5369    0.1748   50.5238    0.0000    0.0002    98    99   100     3
   100    6.3993    0.0000    8.6718    0.1748   50.5238    0.0000    0.0002    99   100   101     3
   101    6.5104    0.0000    8.8067    0.1748   50.5238    0.0000    0.0002   100   101   102     3
   102    6.6215    0.0000    8.9416    0.1748   50.5238    0.0000    0.0002   101   102   103     3
   103    6.7327    0.0000    9.0765    0.1748   50.5238    0.0000    0.0002   102   103     0     3



  DATA CARD No:   1 EK   0     0     0     0  0.00000E+00  0.00000E+00  0.00000E+00  0.00000E+00  0.00000E+00  0.00000E+00
  DATA CARD No:   2 LD   5     0     0     0  1.50000E+07  0.00000E+00  0.00000E+00  0.00000E+00  0.00000E+00  0.00000E+00
  DATA CARD No:   3 GN   2     0     0     0  1.30000E+01  5.00000E-03  0.00000E+00  0.00000E+00  0.00000E+00  0.00000E+00
  DATA CARD No:   4 FR   0     1     0     0  1.80800E+01  0.00000E+00  0.00000E+00  0.00000E+00  0.00000E+00  0.00000E+00
  DATA CARD No:   5 EX   0     2     1     0  1.00000E+00  0.00000E+00  0.00000E+00  0.00000E+00  0.00000E+00  0.00000E+00
  DATA CARD No:   6 PT  -1     0     0     0  0.00000E+00  0.00000E+00  0.00000E+00  0.00000E+00  0.00000E+00  0.00000E+00
  DATA CARD No:   7 RP   0    19    72  1001  0.00000E+00  0.00000E+00  5.00000E+00  5.00000E+00  1.00000E+03  0.00000E+00


                               --------- FREQUENCY --------
                                FREQUENCY : 1.8080E+01 MHz
                                WAVELENGTH: 1.6582E+01 Mtr

                        APPROXIMATE INTEGRATION EMPLOYED FOR SEGMENTS 
                        THAT ARE MORE THAN 1.000 WAVELENGTHS APART
                        THE EXTENDED THIN WIRE KERNEL WILL BE USED


                          ------ STRUCTURE IMPEDANCE LOADING ------
  LOCATION        RESISTANCE  INDUCTANCE  CAPACITANCE     IMPEDANCE (OHMS)   CONDUCTIVITY  CIRCUIT
  ITAG FROM THRU     OHMS       HENRYS      FARADS       REAL     IMAGINARY   MHOS/METER      TYPE
  ALL                                                                        1.5000E+07     WIRE  


                            -------- ANTENNA ENVIRONMENT --------
                            FINITE GROUND - SOMMERFELD SOLUTION
                            RELATIVE DIELECTRIC CONST: 13.000
                            CONDUCTIVITY:  5.000E-03 MHOS/METER
                            COMPLEX DIELECTRIC CONSTANT:  1.3000E+01-4.9712E+00j


                             ---------- MATRIX TIMING ----------
                               FILL: 10 msec  FACTOR: 0 msec


                        --------- ANTENNA INPUT PARAMETERS ---------
  TAG   SEG       VOLTAGE (VOLTS)         CURRENT (AMPS)         IMPEDANCE (OHMS)        ADMITTANCE (MHOS)     POWER
  No:   No:     REAL      IMAGINARY     REAL      IMAGINARY     REAL      IMAGINARY    REAL       IMAGINARY   (WATTS)
    2    42  1.0000E+00  0.0000E+00  4.2284E-04 -1.3632E-04  2.1423E+03  6.9064E+02  4.2284E-04 -1.3632E-04  2.1142E-04


                               ---------- POWER BUDGET ---------
                               INPUT POWER   =  2.1142E-04 Watts
                               RADIATED POWER=  1.9188E-04 Watts
                               STRUCTURE LOSS=  1.9540E-05 Watts
                               NETWORK LOSS  =  0.0000E+00 Watts
                               EFFICIENCY    =   90.76 Percent


                             ---------- RADIATION PATTERNS -----------

                             RANGE:  1.000000E+03 METERS
                             EXP(-JKR)/R:  1.00000E-03 AT PHASE: -110.47 DEGREES

 ---- ANGLES -----     ----- POWER GAINS -----       ---- POLARIZATION ----   ---- E(THETA) ----    ----- E(PHI) ------
  THETA      PHI       VERTC    HORIZ    TOTAL       AXIAL      TILT  SENSE   MAGNITUDE    PHASE    MAGNITUDE     PHASE
 DEGREES   DEGREES        DB       DB       DB       RATIO   DEGREES            VOLTS/M   DEGREES     VOLTS/M   DEGREES
    0.00      0.00     -1.73  -999.99    -1.73      0.0000     -0.00 LINEAR  9.2301E-05   -244.12  0.0000E+00   -110.47
    5.00      0.00     -1.96  -999.99    -1.96      0.0000     -0.00 LINEAR  8.9885E-05   -248.95  0.0000E+00   -110.47
   10.00      0.00     -2.27  -999.99    -2.27      0.0000     -0.00 LINEAR  8.6709E-05   -254.47  0.0000E+00   -110.47
   15.00      0.00     -2.63  -999.99    -2.63      0.0000     -0.00 LINEAR  8.3180E-05   -260.42  0.0000E+00   -110.47
   20.00      0.00     -3.03  -999.99    -3.03      0.0000     -0.00 LINEAR  7.9433E-05   -266.47  0.0000E+00   -110.47
   25.00      0.00     -3.49  -999.99    -3.49      0.0000     -0.00 LINEAR  7.5304E-05   -272.28  0.0000E+00   -110.47
   30.00      0.00     -4.07  -999.99    -4.07      0.0000     -0.00 LINEAR  7.0430E-05   -277.63  0.0000E+00   -110.47
   35.00      0.00     -4.85  -999.99    -4.85      0.0000     -0.00 LINEAR  6.4435E-05   -282.55  0.0000E+00   -110.47
   40.00      0.00     -5.90  -999.99    -5.90      0.0000     -0.00 LINEAR  5.7110E-05   -287.33  0.0000E+00   -110.47
   45.00      0.00     -7.31  -999.99    -7.31      0.0000     -0.00 LINEAR  4.8547E-05     67.40  0.0000E+00   -110.47
   50.00      0.00     -9.16  -999.99    -9.16      0.0000     -0.00 LINEAR  3.9222E-05     60.46  0.0000E+00   -110.47
   55.00      0.00    -11.46  -999.99   -11.46      0.0000     -0.00 LINEAR  3.0090E-05     49.70  0.0000E+00   -110.47
   60.00      0.00    -13.90  -999.99   -13.90      0.0000     -0.00 LINEAR  2.2725E-05     31.82  0.0000E+00   -110.47
   65.00      0.00    -15.43  -999.99   -15.43      0.0000     -0.00 LINEAR  1.9064E-05      6.14  0.0000E+00   -110.47
   70.00      0.00    -15.37  -999.99   -15.37      0.0000     -0.00 LINEAR  1.9189E-05    -18.23  0.0000E+00   -110.47
   75.00      0.00    -14.94  -999.99   -14.94      0.0000      0.00 LINEAR  2.0154E-05    -33.97  0.0000E+00   -110.47
   80.00      0.00    -15.52  -999.99   -15.52      0.0000      0.00 LINEAR  1.8849E-05    -42.91  0.0000E+00   -110.47
   85.00      0.00    -18.76  -999.99   -18.76      0.0000      0.00 LINEAR  1.2983E-05    -48.15  0.0000E+00   -110.47
   90.00      0.00   -999.99  -999.99  -999.99      0.0000      0.00         1.0458E-15   -231.70  0.0000E+00   -110.47
    0.00      5.00     -1.76   -22.92    -1.73      0.0000     -5.00 LINEAR  9.1950E-05   -244.12  8.0446E-06    -64.12
    5.00      5.00     -1.99   -22.74    -1.96      0.0001     -5.24 LEFT    8.9520E-05   -248.93  8.2174E-06    -68.99
   10.00      5.00     -2.31   -22.66    -2.27      0.0012     -5.48 RIGHT   8.6339E-05   -254.43  8.2892E-06    -73.70
   15.00      5.00     -2.67   -22.67    -2.62      0.0038     -5.70 RIGHT   8.2813E-05   -260.38  8.2757E-06    -78.15
   20.00      5.00     -3.07   -22.77    -3.02      0.0075     -5.90 RIGHT   7.9079E-05   -266.42  8.1876E-06    -82.20
   25.00      5.00     -3.53   -22.94    -3.48      0.0121     -6.07 RIGHT   7.4973E-05   -272.22  8.0288E-06    -85.69
   30.00      5.00     -4.11   -23.19    -4.06      0.0174     -6.27 RIGHT   7.0133E-05   -277.58  7.7976E-06    -88.48
   35.00      5.00     -4.88   -23.54    -4.82      0.0240     -6.51 RIGHT   6.4182E-05   -282.49  7.4897E-06    -90.46
   40.00      5.00     -5.93   -24.00    -5.86      0.0332     -6.86 RIGHT   5.6907E-05   -287.26  7.1020E-06    -91.59
   45.00      5.00     -7.33   -24.59    -7.25      0.0475     -7.33 RIGHT   4.8393E-05     67.50  6.6352E-06    -91.86
   50.00      5.00     -9.18   -25.33    -9.08      0.0720     -7.87 RIGHT   3.9107E-05     60.60  6.0944E-06    -91.33
   55.00      5.00    -11.49   -26.24   -11.35      0.1153     -8.09 RIGHT   2.9989E-05     49.91  5.4888E-06    -90.11
   60.00      5.00    -13.95   -27.35   -13.75      0.1820     -6.39 RIGHT   2.2602E-05     32.11  4.8286E-06    -88.34
   65.00      5.00    -15.51   -28.73   -15.30      0.2180     -0.60 RIGHT   1.8890E-05      6.37  4.1228E-06    -86.23
   70.00      5.00    -15.46   -30.46   -15.33      0.1613      4.29 RIGHT   1.8985E-05    -18.22  3.3770E-06    -84.00
   75.00      5.00    -15.03   -32.75   -14.96      0.0955      5.04 RIGHT   1.9957E-05    -34.11  2.5933E-06    -81.89
   80.00      5.00    -15.60   -36.07   -15.56      0.0567      4.34 RIGHT   1.8686E-05    -43.12  1.7706E-06    -80.12
   85.00      5.00    -18.83   -41.88   -18.81      0.0356      3.48 RIGHT   1.2880E-05    -48.40  9.0682E-07    -78.86
   90.00      5.00   -999.99  -999.99  -999.99      0.0000      0.00         1.0377E-15   -231.95  5.4315E-17   -258.25
    0.00     10.00     -1.86   -16.93    -1.73      0.0000    -10.00 LINEAR  9.0899E-05   -244.12  1.6028E-05    -64.12
    5.00     10.00     -2.10   -16.75    -1.95      0.0002    -10.49 LEFT    8.8426E-05   -248.87  1.6369E-05    -68.94
   10.00     10.00     -2.42   -16.67    -2.26      0.0024    -10.96 RIGHT   8.5230E-05   -254.33  1.6512E-05    -73.61
   15.00     10.00     -2.78   -16.69    -2.61      0.0075    -11.40 RIGHT   8.1715E-05   -260.24  1.6489E-05    -78.03
   20.00     10.00     -3.19   -16.77    -3.00      0.0147    -11.79 RIGHT   7.8016E-05   -266.27  1.6322E-05    -82.05
   25.00     10.00     -3.65   -16.94    -3.45      0.0235    -12.15 RIGHT   7.3977E-05   -272.06  1.6016E-05    -85.53
   30.00     10.00     -4.22   -17.18    -4.01      0.0338    -12.53 RIGHT   6.9238E-05   -277.40  1.5570E-05    -88.32
   35.00     10.00     -4.99   -17.52    -4.75      0.0466    -13.03 RIGHT   6.3417E-05   -282.30  1.4974E-05    -90.32
   40.00     10.00     -6.02   -17.97    -5.75      0.0640    -13.74 RIGHT   5.6289E-05   -287.03  1.4220E-05    -91.47
   45.00     10.00     -7.42   -18.55    -7.10      0.0907    -14.71 RIGHT   4.7920E-05     67.79  1.3308E-05    -91.79
   50.00     10.00     -9.26   -19.27    -8.85      0.1359    -15.94 RIGHT   3.8749E-05     61.03  1.2247E-05    -91.32
   55.00     10.00    -11.58   -20.16   -11.02      0.2168    -16.90 RIGHT   2.9677E-05     50.56  1.1052E-05    -90.16
   60.00     10.00    -14.09   -21.26   -13.33      0.3526    -14.77 RIGHT   2.2226E-05     33.00  9.7421E-06    -88.48
   65.00     10.00    -15.75   -22.61   -14.94      0.4525     -2.01 RIGHT   1.8363E-05      7.07  8.3335E-06    -86.45
   70.00     10.00    -15.75   -24.33   -15.18      0.3318      9.64 RIGHT   1.8369E-05    -18.20  6.8371E-06    -84.31
   75.00     10.00    -15.29   -26.61   -14.98      0.1941     10.76 RIGHT   1.9366E-05    -34.58  5.2572E-06    -82.28
   80.00     10.00    -15.83   -29.92   -15.66      0.1152      9.11 RIGHT   1.8197E-05    -43.81  3.5928E-06    -80.57
   85.00     10.00    -19.04   -35.73   -18.95      0.0725      7.25 RIGHT   1.2570E-05    -49.17  1.8411E-06    -79.37
   90.00     10.00   -999.99  -999.99  -999.99      0.0000      0.00         1.0134E-15   -232.76  1.1029E-16   -258.77
    0.00     15.00     -2.03   -13.47    -1.73      0.0000    -15.00 LINEAR  8.9156E-05   -244.12  2.3889E-05    -64.12
    5.00     15.00     -2.28   -13.29    -1.95      0.0003    -15.73 LEFT    8.6612E-05   -248.78  2.4389E-05    -68.85
   10.00     15.00     -2.61   -13.21    -2.25      0.0033    -16.44 RIGHT   8.3392E-05   -254.15  2.4603E-05    -73.45
   15.00     15.00     -2.98   -13.22    -2.59      0.0108    -17.09 RIGHT   7.9890E-05   -260.01  2.4579E-05    -77.82
   20.00     15.00     -3.39   -13.30    -2.96      0.0212    -17.67 RIGHT   7.6247E-05   -266.00  2.4347E-05    -81.80
   25.00     15.00     -3.85   -13.46    -3.39      0.0339    -18.21 RIGHT   7.2313E-05   -271.78  2.3919E-05    -85.26
   30.00     15.00     -4.41   -13.69    -3.93      0.0485    -18.80 RIGHT   6.7732E-05   -277.11  2.3288E-05    -88.05
   35.00     15.00     -5.17   -14.01    -4.63      0.0663    -19.56 RIGHT   6.2119E-05   -281.99  2.2441E-05    -90.08
   40.00     15.00     -6.19   -14.44    -5.58      0.0900    -20.63 RIGHT   5.5230E-05   -286.67  2.1363E-05    -91.28
   45.00     15.00     -7.57   -14.99    -6.85      0.1256    -22.16 RIGHT   4.7099E-05     68.27  2.0049E-05    -91.66
   50.00     15.00     -9.41   -15.68    -8.49      0.1843    -24.27 RIGHT   3.8118E-05     61.73  1.8507E-05    -91.28
   55.00     15.00    -11.74   -16.55   -10.50      0.2891    -26.76 RIGHT   2.9129E-05     51.64  1.6754E-05    -90.24
   60.00     15.00    -14.35   -17.62   -12.67      0.4809    -27.43 RIGHT   2.1581E-05     34.48  1.4815E-05    -88.69
   65.00     15.00    -16.18   -18.95   -14.34      0.7185     -7.60 RIGHT   1.7472E-05      8.24  1.2711E-05    -86.81
   70.00     15.00    -16.25   -20.64   -14.90      0.5123     18.51 RIGHT   1.7335E-05    -18.24  1.0455E-05    -84.80
   75.00     15.00    -15.74   -22.91   -14.98      0.2942     18.14 RIGHT   1.8379E-05    -35.48  8.0560E-06    -82.90
   80.00     15.00    -16.23   -26.20   -15.81      0.1755     14.82 RIGHT   1.7382E-05    -45.09  5.5138E-06    -81.30
   85.00     15.00    -19.41   -32.00   -19.18      0.1111     11.68 RIGHT   1.2053E-05    -50.59  2.8280E-06    -80.16
   90.00     15.00   -999.99  -999.99  -999.99      0.0000      0.00         9.7288E-16   -234.22  1.6945E-16   -259.59
    0.00     20.00     -2.27   -11.04    -1.73      0.0000    -20.00 LINEAR  8.6735E-05   -244.12  3.1569E-05    -64.12
    5.00     20.00     -2.53   -10.87    -1.94      0.0005    -20.96 LEFT    8.4094E-05   -248.64  3.2214E-05    -68.73
   10.00     20.00     -2.88   -10.79    -2.23      0.0041    -21.90 RIGHT   8.0837E-05   -253.91  3.2497E-05    -73.23
   15.00     20.00     -3.26   -10.80    -2.56      0.0135    -22.77 RIGHT   7.7350E-05   -259.69  3.2480E-05    -77.52
   20.00     20.00     -3.67   -10.87    -2.91      0.0267    -23.54 RIGHT   7.3775E-05   -265.64  3.2205E-05    -81.46
   25.00     20.00     -4.13   -11.01    -3.32      0.0426    -24.27 RIGHT   6.9974E-05   -271.39  3.1687E-05    -84.89
   30.00     20.00     -4.69   -11.23    -3.82      0.0607    -25.06 RIGHT   6.5599E-05   -276.71  3.0915E-05    -87.69
   35.00     20.00     -5.43   -11.53    -4.48      0.0820    -26.07 RIGHT   6.0259E-05   -281.56  2.9869E-05    -89.74
   40.00     20.00     -6.43   -11.93    -5.35      0.1096    -27.51 RIGHT   5.3689E-05   -286.16  2.8524E-05    -91.01
   45.00     20.00     -7.80   -12.45    -6.52      0.1493    -29.62 RIGHT   4.5880E-05     68.94  2.6868E-05    -91.49
   50.00     20.00     -9.63   -13.11    -8.02      0.2123    -32.70 RIGHT   3.7165E-05     62.71  2.4902E-05    -91.23
   55.00     20.00    -11.99   -13.93    -9.85      0.3200    -37.18 RIGHT   2.8302E-05     53.14  2.2640E-05    -90.34
   60.00     20.00    -14.73   -14.96   -11.84      0.5143    -43.70 RIGHT   2.0643E-05     36.58  2.0103E-05    -88.96
   65.00     20.00    -16.84   -16.26   -13.53      0.8678    -59.02 RIGHT   1.6203E-05      9.90  1.7314E-05    -87.26
   70.00     20.00    -17.02   -17.93   -14.44      0.6523     37.48 RIGHT   1.5873E-05    -18.48  1.4291E-05    -85.44
   75.00     20.00    -16.42   -20.17   -14.89      0.3804     28.52 RIGHT   1.6999E-05    -37.04  1.1041E-05    -83.71
   80.00     20.00    -16.81   -23.45   -15.96      0.2318     22.13 RIGHT   1.6248E-05    -47.18  7.5722E-06    -82.24
   85.00     20.00    -19.94   -29.23   -19.46      0.1488     17.20 RIGHT   1.1336E-05    -52.88  3.8884E-06    -81.19
   90.00     20.00   -999.99  -999.99  -999.99      0.0000      0.00         9.1683E-16   -236.55  2.3311E-16   -260.65
    0.00     25.00     -2.58    -9.21    -1.73      0.0000    -25.00 LINEAR  8.3653E-05   -244.12  3.9008E-05    -64.12
    5.00     25.00     -2.87    -9.04    -1.93      0.0007    -26.19 LEFT    8.0892E-05   -248.47  3.9780E-05    -68.58
   10.00     25.00     -3.23    -8.96    -2.20      0.0046    -27.35 RIGHT   7.7586E-05   -253.60  4.0129E-05    -72.96
   15.00     25.00     -3.63    -8.96    -2.52      0.0156    -28.43 RIGHT   7.4108E-05   -259.28  4.0131E-05    -77.15
   20.00     25.00     -4.05    -9.02    -2.85      0.0310    -29.40 RIGHT   7.0606E-05   -265.16  3.9837E-05    -81.01
   25.00     25.00     -4.51    -9.15    -3.23      0.0493    -30.31 RIGHT   6.6953E-05   -270.89  3.9265E-05    -84.41
   30.00     25.00     -5.07    -9.34    -3.69      0.0698    -31.30 RIGHT   6.2816E-05   -276.19  3.8402E-05    -87.21
   35.00     25.00     -5.79    -9.61    -4.29      0.0931    -32.55 RIGHT   5.7799E-05   -281.00  3.7219E-05    -89.31
   40.00     25.00     -6.77    -9.98    -5.08      0.1217    -34.33 RIGHT   5.1613E-05   -285.51  3.5678E-05    -90.65
   45.00     25.00     -8.12   -10.46    -6.13      0.1607    -36.95 RIGHT   4.4201E-05   -290.20  3.3754E-05    -91.25
   50.00     25.00     -9.95   -11.08    -7.47      0.2187    -40.89 RIGHT   3.5825E-05     63.96  3.1434E-05    -91.14
   55.00     25.00    -12.36   -11.87    -9.09      0.3097    -46.96 RIGHT   2.7144E-05     55.08  2.8721E-05    -90.43
   60.00     25.00    -15.28   -12.86   -10.89      0.4530    -57.21 RIGHT   1.9378E-05     39.36  2.5629E-05    -89.26
   65.00     25.00    -17.78   -14.11   -12.56      0.6323    -79.23 RIGHT   1.4538E-05     12.10  2.2176E-05    -87.78
   70.00     25.00    -18.12   -15.74   -13.76      0.6068     62.65 RIGHT   1.3980E-05    -19.20  1.8377E-05    -86.18
   75.00     25.00    -17.37   -17.96   -14.64      0.4125     42.26 RIGHT   1.5244E-05    -39.68  1.4245E-05    -84.64
   80.00     25.00    -17.61   -21.21   -16.04      0.2673     31.54 RIGHT   1.4823E-05    -50.49  9.7925E-06    -83.33
   85.00     25.00    -20.66   -26.99   -19.75      0.1768     24.25 RIGHT   1.0439E-05    -56.39  5.0358E-06    -82.38
   90.00     25.00   -999.99  -999.99  -999.99      0.0000      0.00         8.4665E-16   -240.11  3.0201E-16   -261.88
    0.00     30.00     -2.98    -7.75    -1.73      0.0000    -30.00 LINEAR  7.9935E-05   -244.12  4.6151E-05    -64.12
    5.00     30.00     -3.30    -7.58    -1.92      0.0010    -31.40 LEFT    7.7033E-05   -248.26  4.7027E-05    -68.40
   10.00     30.00     -3.68    -7.51    -2.18      0.0047    -32.78 RIGHT   7.3663E-05   -253.22  4.7436E-05    -72.62
   15.00     30.00     -4.11    -7.50    -2.47      0.0169    -34.06 RIGHT   7.0185E-05   -258.77  4.7466E-05    -76.69
   20.00     30.00     -4.54    -7.56    -2.78      0.0338    -35.23 RIGHT   6.6750E-05   -264.58  4.7176E-05    -80.47
   25.00     30.00     -5.01    -7.66    -3.13      0.0538    -36.32 RIGHT   6.3249E-05   -270.28  4.6589E-05    -83.83
   30.00     30.00     -5.56    -7.83    -3.54      0.0755    -37.50 RIGHT   5.9364E-05   -275.56  4.5688E-05    -86.63
   35.00     30.00     -6.27    -8.08    -4.07      0.0990    -38.97 RIGHT   5.4701E-05   -280.32  4.4433E-05    -88.77
   40.00     30.00     -7.24    -8.41    -4.77      0.1261    -41.02 RIGHT   4.8946E-05   -284.71  4.2773E-05    -90.21
   45.00     30.00     -8.57    -8.85    -5.69      0.1602    -44.03 RIGHT   4.1993E-05   -289.15  4.0662E-05    -90.94
   50.00     30.00    -10.39    -9.42    -6.87      0.2064    -48.50 RIGHT   3.4026E-05     65.50  3.8068E-05    -91.01
   55.00     30.00    -12.87   -10.15    -8.29      0.2710    -55.26 RIGHT   2.5593E-05     57.49  3.4975E-05    -90.51
   60.00     30.00    -16.04   -11.10    -9.89      0.3561    -65.83 RIGHT   1.7754E-05     42.91  3.1380E-05    -89.57
   65.00     30.00    -19.12   -12.31   -11.49      0.4384    -82.57 RIGHT   1.2461E-05     14.96  2.7290E-05    -88.34
   70.00     30.00    -19.69   -13.90   -12.89      0.4447     75.21 RIGHT   1.1668E-05    -20.99  2.2716E-05    -86.98
   75.00     30.00    -18.64   -16.08   -14.17      0.3577     55.84 RIGHT   1.3173E-05    -44.22  1.7672E-05    -85.66
   80.00     30.00    -18.64   -19.32   -15.95      0.2559     42.44 RIGHT   1.3172E-05    -55.71  1.2180E-05    -84.51
   85.00     30.00    -21.56   -25.08   -19.96      0.1777     32.92 RIGHT   9.4065E-06    -61.76  6.2736E-06    -83.67
   90.00     30.00   -999.99  -999.99  -999.99      0.0000      0.00         7.6610E-16   -245.49  3.7649E-16   -263.21
    0.00     35.00     -3.46    -6.55    -1.73      0.0000    -35.00 LINEAR  7.5609E-05   -244.12  5.2942E-05    -64.12
    5.00     35.00     -3.82    -6.40    -1.91      0.0014    -36.61 LEFT    7.2548E-05   -248.01  5.3897E-05    -68.18
   10.00     35.00     -4.24    -6.32    -2.15      0.0045    -38.19 RIGHT   6.9100E-05   -252.76  5.4357E-05    -72.22
   15.00     35.00     -4.69    -6.31    -2.42      0.0173    -39.67 RIGHT   6.5608E-05   -258.16  5.4421E-05    -76.15
   20.00     35.00     -5.15    -6.36    -2.70      0.0351    -41.02 RIGHT   6.2225E-05   -263.89  5.4156E-05    -79.84
   25.00     35.00     -5.63    -6.45    -3.01      0.0557    -42.30 RIGHT   5.8863E-05   -269.55  5.3587E-05    -83.14
   30.00     35.00     -6.19    -6.59    -3.38      0.0775    -43.64 RIGHT   5.5227E-05   -274.81  5.2697E-05    -85.94
   35.00     35.00     -6.89    -6.81    -3.84      0.0998    -45.29 RIGHT   5.0928E-05   -279.53  5.1433E-05    -88.13
   40.00     35.00     -7.84    -7.10    -4.44      0.1232    -47.53 RIGHT   4.5633E-05   -283.78  4.9728E-05    -89.68
   45.00     35.00     -9.17    -7.49    -5.24      0.1496    -50.74 RIGHT   3.9186E-05   -287.90  4.7513E-05    -90.56
   50.00     35.00    -11.01    -8.02    -6.25      0.1810    -55.36 RIGHT   3.1694E-05     67.36  4.4728E-05    -90.83
   55.00     35.00    -13.58    -8.70    -7.48      0.2186    -62.02 RIGHT   2.3588E-05     60.45  4.1330E-05    -90.56
   60.00     35.00    -17.09    -9.60    -8.89      0.2589    -71.46 RIGHT   1.5743E-05     47.50  3.7292E-05    -89.87
   65.00     35.00    -21.06   -10.76   -10.38      0.2885    -84.21 RIGHT   9.9652E-06     18.79  3.2604E-05    -88.90
   70.00     35.00    -21.95   -12.32   -11.87      0.2853     80.58 RIGHT   8.9904E-06    -25.27  2.7265E-05    -87.80
   75.00     35.00    -20.25   -14.47   -13.45      0.2438     65.50 RIGHT   1.0935E-05    -52.21  2.1291E-05    -86.70
   80.00     35.00    -19.86   -17.67   -15.62      0.1855     52.65 RIGHT   1.1444E-05    -64.02  1.4715E-05    -85.73
   85.00     35.00    -22.61   -23.42   -19.99      0.1319     42.23 RIGHT   8.3367E-06    -69.90  7.5923E-06    -85.00
   90.00     35.00   -999.99  -999.99  -999.99      0.0000      0.00         6.8278E-16   -253.57  4.5584E-16   -264.57
    0.00     40.00     -4.04    -5.56    -1.73      0.0000    -40.00 LINEAR  7.0707E-05   -244.12  5.9330E-05    -64.12
    5.00     40.00     -4.45    -5.42    -1.90      0.0019    -41.80 LEFT    6.7475E-05   -247.72  6.0336E-05    -67.94
   10.00     40.00     -4.92    -5.35    -2.12      0.0040    -43.58 RIGHT   6.3935E-05   -252.23  6.0833E-05    -71.77
   15.00     40.00     -5.41    -5.33    -2.36      0.0167    -45.25 RIGHT   6.0409E-05   -257.46  6.0931E-05    -75.54
   20.00     40.00     -5.90    -5.37    -2.62      0.0346    -46.78 RIGHT   5.7055E-05   -263.08  6.0704E-05    -79.10
   25.00     40.00     -6.41    -5.44    -2.89      0.0552    -48.22 RIGHT   5.3808E-05   -268.70  6.0180E-05    -82.34
   30.00     40.00     -6.98    -5.56    -3.20      0.0760    -49.71 RIGHT   5.0400E-05   -273.94  5.9339E-05    -85.14
   35.00     40.00     -7.69    -5.74    -3.60      0.0958    -51.48 RIGHT   4.6456E-05   -278.61  5.8120E-05    -87.39
   40.00     40.00     -8.64    -6.00    -4.11      0.1142    -53.82 RIGHT   4.1629E-05   -282.69  5.6435E-05    -89.05
   45.00     40.00     -9.97    -6.35    -4.78      0.1315    -57.04 RIGHT   3.5721E-05   -286.44  5.4190E-05    -90.10
   50.00     40.00    -11.85    -6.83    -5.64      0.1479    -61.51 RIGHT   2.8765E-05   -290.41  5.1293E-05    -90.58
   55.00     40.00    -14.55    -7.47    -6.69      0.1623    -67.59 RIGHT   2.1079E-05     64.13  4.7667E-05    -90.56
   60.00     40.00    -18.53    -8.31    -7.92      0.1712    -75.59 RIGHT   1.3340E-05     53.66  4.3253E-05    -90.14
   65.00     40.00    -24.05    -9.43    -9.28      0.1687    -85.54 RIGHT   7.0657E-06     24.61  3.8014E-05    -89.44
   70.00     40.00    -25.27   -10.94   -10.79      0.1496     83.12 RIGHT   6.1368E-06    -36.46  3.1937E-05    -88.60
   75.00     40.00    -22.06   -13.06   -12.54      0.1153     71.43 RIGHT   8.8832E-06    -66.56  2.5034E-05    -87.72
   80.00     40.00    -21.09   -16.24   -15.01      0.0748     60.39 RIGHT   9.9357E-06    -77.00  1.7350E-05    -86.94
   85.00     40.00    -23.63   -21.98   -19.72      0.0371     50.44 RIGHT   7.4114E-06    -82.00  8.9668E-06    -86.32
   90.00     40.00   -999.99  -999.99  -999.99      0.0000      0.00         6.1079E-16   -265.38  5.3864E-16   -265.93
    0.00     45.00     -4.74    -4.74    -1.73      0.0000    -45.00 LINEAR  6.5267E-05   -244.12  6.5267E-05    -64.12
    5.00     45.00     -5.20    -4.60    -1.88      0.0024    -46.98 LEFT    6.1855E-05   -247.39  6.6291E-05    -67.67
   10.00     45.00     -5.73    -4.53    -2.08      0.0030    -48.93 RIGHT   5.8210E-05   -251.62  6.6808E-05    -71.27
   15.00     45.00     -6.28    -4.52    -2.30      0.0153    -50.78 RIGHT   5.4631E-05   -256.64  6.6934E-05    -74.84
   20.00     45.00     -6.83    -4.54    -2.53      0.0326    -52.48 RIGHT   5.1277E-05   -262.14  6.6748E-05    -78.28
   25.00     45.00     -7.39    -4.60    -2.76      0.0521    -54.08 RIGHT   4.8110E-05   -267.72  6.6282E-05    -81.44
   30.00     45.00     -7.99    -4.70    -3.03      0.0711    -55.69 RIGHT   4.4894E-05   -272.96  6.5514E-05    -84.23
   35.00     45.00     -8.72    -4.86    -3.36      0.0876    -57.54 RIGHT   4.1276E-05   -277.56  6.4374E-05    -86.54
   40.00     45.00     -9.69    -5.08    -3.79      0.1002    -59.87 RIGHT   3.6907E-05   -281.44  6.2758E-05    -88.31
   45.00     45.00    -11.05    -5.39    -4.35      0.1084    -62.95 RIGHT   3.1555E-05   -284.69  6.0543E-05    -89.54
   50.00     45.00    -13.00    -5.82    -5.06      0.1112    -67.05 RIGHT   2.5194E-05   -287.66  5.7601E-05    -90.24
   55.00     45.00    -15.90    -6.41    -5.95      0.1073    -72.37 RIGHT   1.8043E-05     68.92  5.3817E-05    -90.48
   60.00     45.00    -20.53    -7.21    -7.01      0.0943    -79.02 RIGHT   1.0592E-05     62.68  4.9095E-05    -90.34
   65.00     45.00    -29.33    -8.29    -8.25      0.0705    -86.92 RIGHT   3.8462E-06     37.23  4.3364E-05    -89.93
   70.00     45.00    -29.16    -9.76    -9.71      0.0359     84.23 RIGHT   3.9222E-06    -69.56  3.6592E-05    -89.35
   75.00     45.00    -23.23   -11.85   -11.54      0.0057     74.90 LEFT    7.7669E-06    -90.00  2.8786E-05    -88.70
   80.00     45.00    -21.81   -15.01   -14.18      0.0483     65.55 LEFT    9.1424E-06    -95.42  2.0004E-05    -88.09
   85.00     45.00    -24.24   -20.73   -19.13      0.0873     56.46 LEFT    6.9124E-06    -98.41  1.0355E-05    -87.59
   90.00     45.00   -999.99  -999.99  -999.99      0.0000      0.00         5.7145E-16   -281.24  6.2249E-16   -267.24
    0.00     50.00     -5.56    -4.04    -1.73      0.0000    -50.00 LINEAR  5.9330E-05   -244.12  7.0707E-05    -64.12
    5.00     50.00     -6.11    -3.92    -1.87      0.0030    -52.15 LEFT    5.5736E-05   -247.02  7.1716E-05    -67.37
   10.00     50.00     -6.71    -3.86    -2.04      0.0017    -54.26 RIGHT   5.1975E-05   -250.91  7.2231E-05    -70.71
   15.00     50.00     -7.35    -3.84    -2.24      0.0130    -56.27 RIGHT   4.8322E-05   -255.69  7.2370E-05    -74.08
   20.00     50.00     -7.98    -3.86    -2.44      0.0290    -58.13 RIGHT   4.4936E-05   -261.06  7.2217E-05    -77.36
   25.00     50.00     -8.61    -3.91    -2.64      0.0468    -59.86 RIGHT   4.1807E-05   -266.60  7.1805E-05    -80.44
   30.00     50.00     -9.27    -3.99    -2.86      0.0633    -61.57 RIGHT   3.8737E-05   -271.83  7.1113E-05    -83.20
   35.00     50.00    -10.05    -4.12    -3.13      0.0759    -63.44 RIGHT   3.5404E-05   -276.37  7.0065E-05    -85.57
   40.00     50.00    -11.07    -4.31    -3.48      0.0827    -65.68 RIGHT   3.1466E-05   -279.98  6.8540E-05    -87.47
   45.00     50.00    -12.51    -4.59    -3.94      0.0824    -68.52 RIGHT   2.6676E-05   -282.56  6.6390E-05    -88.88
   50.00     50.00    -14.60    -4.98    -4.53      0.0738    -72.14 RIGHT   2.0969E-05   -284.08  6.3452E-05    -89.82
   55.00     50.00    -17.80    -5.53    -5.28      0.0558    -76.66 RIGHT   1.4507E-05   -284.32  5.9569E-05    -90.32
   60.00     50.00    -23.30    -6.29    -6.20      0.0273    -82.13 RIGHT   7.6964E-06   -281.86  5.4602E-05    -90.47
   65.00     50.00    -38.06    -7.32    -7.32      0.0117    -88.48 LEFT    1.4082E-06   -246.56  4.8447E-05    -90.34
   70.00     50.00    -27.60    -8.76    -8.71      0.0596     84.43 LEFT    4.6927E-06   -121.78  4.1044E-05    -90.02
   75.00     50.00    -22.49   -10.82   -10.53      0.1128     76.76 LEFT    8.4485E-06   -116.73  3.2395E-05    -89.61
   80.00     50.00    -21.42   -13.96   -13.24      0.1667     68.68 LEFT    9.5581E-06   -116.02  2.2567E-05    -89.17
   85.00     50.00    -23.99   -19.67   -18.30      0.2183     60.21 LEFT    7.1132E-06   -116.78  1.1700E-05    -88.78
   90.00     50.00   -999.99  -999.99  -999.99      0.0000      0.00         5.8547E-16     60.99  7.0356E-16   -268.46
    0.00     55.00     -6.55    -3.46    -1.73      0.0000    -55.00 LINEAR  5.2942E-05   -244.12  7.5609E-05    -64.12
    5.00     55.00     -7.20    -3.35    -1.85      0.0036    -57.29 LEFT    4.9168E-05   -246.59  7.6568E-05    -67.04
   10.00     55.00     -7.91    -3.29    -2.01      0.0000    -59.56 LEFT    4.5285E-05   -250.11  7.7054E-05    -70.11
   15.00     55.00     -8.66    -3.28    -2.17      0.0098    -61.71 RIGHT   4.1540E-05   -254.59  7.7183E-05    -73.24
   20.00     55.00     -9.41    -3.30    -2.35      0.0239    -63.72 RIGHT   3.8091E-05   -259.80  7.7040E-05    -76.35
   25.00     55.00    -10.16    -3.34    -2.52      0.0394    -65.57 RIGHT   3.4956E-05   -265.30  7.6661E-05    -79.32
   30.00     55.00    -10.93    -3.41    -2.70      0.0529    -67.34 RIGHT   3.1981E-05   -270.55  7.6025E-05    -82.06
   35.00     55.00    -11.82    -3.52    -2.92      0.0615    -69.19 RIGHT   2.8883E-05   -275.00  7.5052E-05    -84.48
   40.00     55.00    -12.95    -3.69    -3.20      0.0628    -71.30 RIGHT   2.5341E-05   -278.23  7.3612E-05    -86.50
   45.00     55.00    -14.54    -3.94    -3.58      0.0552    -73.83 RIGHT   2.1113E-05   -279.79  7.1533E-05    -88.10
   50.00     55.00    -16.88    -4.30    -4.07      0.0374    -76.93 RIGHT   1.6134E-05   -278.93  6.8620E-05    -89.28
   55.00     55.00    -20.51    -4.82    -4.70      0.0088    -80.69 RIGHT   1.0614E-05   -273.21  6.4677E-05    -90.06
   60.00     55.00    -26.41    -5.54    -5.50      0.0310    -85.15 LEFT    5.3801E-06   -250.28  5.9522E-05    -90.49
   65.00     55.00    -28.32    -6.54    -6.51      0.0813     89.72 LEFT    4.3190E-06   -177.20  5.3015E-05    -90.65
   70.00     55.00    -23.03    -7.95    -7.82      0.1404     83.92 LEFT    7.9404E-06   -144.26  4.5068E-05    -90.60
   75.00     55.00    -20.37    -9.98    -9.60      0.2053     77.46 LEFT    1.0789E-05   -135.73  3.5672E-05    -90.41
   80.00     55.00    -20.06   -13.11   -12.31      0.2731     70.24 LEFT    1.1185E-05   -132.99  2.4902E-05    -90.15
   85.00     55.00    -22.92   -18.80   -17.38      0.3411     61.97 LEFT    8.0426E-06   -132.80  1.2927E-05    -89.86
   90.00     55.00   -999.99  -999.99  -999.99      0.0000      0.00         6.5569E-16     45.25  7.7785E-16   -269.58
    0.00     60.00     -7.75    -2.98    -1.73      0.0000    -60.00 LINEAR  4.6151E-05   -244.12  7.9935E-05    -64.12
    5.00     60.00     -8.52    -2.88    -1.83      0.0043    -62.42 LEFT    4.2206E-05   -246.10  8.0811E-05    -66.70
   10.00     60.00     -9.39    -2.83    -1.97      0.0021    -64.82 LEFT    3.8200E-05   -249.15  8.1236E-05    -69.46
   15.00     60.00    -10.31    -2.83    -2.11      0.0059    -67.10 RIGHT   3.4350E-05   -253.28  8.1323E-05    -72.34
   20.00     60.00    -11.26    -2.84    -2.26      0.0176    -69.23 RIGHT   3.0813E-05   -258.29  8.1154E-05    -75.25
   25.00     60.00    -12.20    -2.89    -2.40      0.0302    -71.18 RIGHT   2.7632E-05   -263.75  8.0767E-05    -78.10
   30.00     60.00    -13.17    -2.95    -2.56      0.0404    -73.01 RIGHT   2.4703E-05   -269.04  8.0142E-05    -80.80
   35.00     60.00    -14.27    -3.06    -2.74      0.0451    -74.81 RIGHT   2.1789E-05   -273.38  7.9200E-05    -83.25
   40.00     60.00    -15.64    -3.21    -2.97      0.0415    -76.75 RIGHT   1.8606E-05   -275.96  7.7804E-05    -85.40
   45.00     60.00    -17.54    -3.44    -3.27      0.0279    -78.95 RIGHT   1.4946E-05   -275.64  7.5767E-05    -87.19
   50.00     60.00    -20.33    -3.78    -3.68      0.0031    -81.54 RIGHT   1.0835E-05   -269.82  7.2869E-05    -88.61
   55.00     60.00    -24.26    -4.27    -4.22      0.0335    -84.61 LEFT    6.8910E-06   -249.95  6.8881E-05    -89.67
   60.00     60.00    -26.14    -4.96    -4.93      0.0816    -88.21 LEFT    5.5551E-06   -201.18  6.3583E-05    -90.40
   65.00     60.00    -22.62    -5.94    -5.85      0.1405     87.62 LEFT    8.3238E-06   -164.70  5.6798E-05    -90.84
   70.00     60.00    -19.59    -7.33    -7.08      0.2088     82.81 LEFT    1.1805E-05   -151.43  4.8414E-05    -91.06
   75.00     60.00    -18.14    -9.34    -8.80      0.2844     77.22 LEFT    1.3943E-05   -146.21  3.8407E-05    -91.10
   80.00     60.00    -18.39   -12.45   -11.46      0.3652     70.51 LEFT    1.3546E-05   -144.27  2.6857E-05    -91.01
   85.00     60.00    -21.52   -18.13   -16.49      0.4481     61.94 LEFT    9.4536E-06   -144.32  1.3957E-05    -90.83
   90.00     60.00   -999.99  -999.99  -999.99      0.0000      0.00         7.6402E-16     33.68  8.4013E-16   -270.59
    0.00     65.00     -9.21    -2.58    -1.73      0.0000    -65.00 LINEAR  3.9008E-05   -244.12  8.3653E-05    -64.12
    5.00     65.00    -10.17    -2.50    -1.82      0.0050    -67.53 LEFT    3.4907E-05   -245.52  8.4412E-05    -66.33
   10.00     65.00    -11.26    -2.47    -1.93      0.0043    -70.04 LEFT    3.0784E-05   -247.99  8.4743E-05    -68.77
   15.00     65.00    -12.46    -2.47    -2.05      0.0013    -72.44 RIGHT   2.6827E-05   -251.63  8.4748E-05    -71.37
   20.00     65.00    -13.73    -2.49    -2.18      0.0102    -74.67 RIGHT   2.3185E-05   -256.35  8.4506E-05    -74.06
   25.00     65.00    -15.04    -2.54    -2.30      0.0196    -76.71 RIGHT   1.9929E-05   -261.77  8.4051E-05    -76.77
   30.00     65.00    -16.42    -2.61    -2.43      0.0264    -78.57 RIGHT   1.7004E-05   -267.14  8.3369E-05    -79.41
   35.00     65.00    -17.97    -2.71    -2.59      0.0273    -80.32 RIGHT   1.4231E-05   -271.25  8.2384E-05    -81.89
   40.00     65.00    -19.91    -2.86    -2.78      0.0197    -82.08 RIGHT   1.1380E-05   -272.35  8.0958E-05    -84.15
   45.00     65.00    -22.59    -3.09    -3.04      0.0014    -83.96 RIGHT   8.3531E-06   -266.91  7.8900E-05    -86.13
   50.00     65.00    -26.00    -3.42    -3.39      0.0286    -86.08 LEFT    5.6444E-06   -245.03  7.5974E-05    -87.79
   55.00     65.00    -26.35    -3.89    -3.87      0.0709    -88.53 LEFT    5.4194E-06   -198.87  7.1928E-05    -89.13
   60.00     65.00    -22.46    -4.57    -4.50      0.1251     88.59 LEFT    8.4834E-06   -169.19  6.6515E-05    -90.16
   65.00     65.00    -19.16    -5.54    -5.35      0.1907     85.20 LEFT    1.2402E-05   -158.04  5.9529E-05    -90.90
   70.00     65.00    -17.13    -6.91    -6.51      0.2664     81.15 LEFT    1.5671E-05   -153.46  5.0832E-05    -91.39
   75.00     65.00    -16.29    -8.91    -8.18      0.3510     76.17 LEFT    1.7252E-05   -151.55  4.0387E-05    -91.65
   80.00     65.00    -16.89   -12.00   -10.78      0.4426     69.65 LEFT    1.6114E-05   -151.09  2.8275E-05    -91.74
   85.00     65.00    -20.18   -17.68   -15.74      0.5358     60.20 LEFT    1.1024E-05   -151.82  1.4704E-05    -91.67
   90.00     65.00   -999.99  -999.99  -999.99      0.0000      0.00         8.8545E-16     25.97  8.8531E-16   -271.46
    0.00     70.00    -11.04    -2.27    -1.73      0.0000    -70.00 LINEAR  3.1569E-05   -244.12  8.6735E-05    -64.12
    5.00     70.00    -12.30    -2.21    -1.80      0.0058    -72.63 LEFT    2.7333E-05   -244.78  8.7345E-05    -65.95
   10.00     70.00    -13.75    -2.19    -1.89      0.0068    -75.22 LEFT    2.3109E-05   -246.46  8.7545E-05    -68.04
   15.00     70.00    -15.43    -2.20    -2.00      0.0037    -77.71 LEFT    1.9053E-05   -249.31  8.7424E-05    -70.33
   20.00     70.00    -17.33    -2.23    -2.10      0.0020    -80.03 RIGHT   1.5306E-05   -253.44  8.7050E-05    -72.78
   25.00     70.00    -19.48    -2.29    -2.21      0.0079    -82.14 RIGHT   1.1959E-05   -258.65  8.6456E-05    -75.32
   30.00     70.00    -21.93    -2.38    -2.33      0.0111    -84.03 RIGHT   9.0124E-06   -264.03  8.5630E-05    -77.88
   35.00     70.00    -24.97    -2.49    -2.47      0.0087    -85.73 RIGHT   6.3545E-06   -267.07  8.4502E-05    -80.37
   40.00     70.00    -29.25    -2.65    -2.64      0.0022    -87.32 LEFT    3.8828E-06   -260.05  8.2943E-05    -82.73
   45.00     70.00    -33.23    -2.89    -2.88      0.0237    -88.91 LEFT    2.4547E-06   -213.53  8.0768E-05    -84.89
   50.00     70.00    -27.91    -3.22    -3.20      0.0573     89.39 LEFT    4.5298E-06   -166.26  7.7741E-05    -86.79
   55.00     70.00    -22.67    -3.69    -3.64      0.1034     87.46 LEFT    8.2794E-06   -155.47  7.3599E-05    -88.42
   60.00     70.00    -19.14    -4.37    -4.23      0.1620     85.19 LEFT    1.2424E-05   -153.08  6.8083E-05    -89.75
   65.00     70.00    -16.78    -5.33    -5.03      0.2324     82.43 LEFT    1.6314E-05   -152.81  6.0967E-05    -90.79
   70.00     70.00    -15.35    -6.69    -6.14      0.3140     78.97 LEFT    1.9221E-05   -153.23  5.2096E-05    -91.56
   75.00     70.00    -14.89    -8.69    -7.75      0.4058     74.37 LEFT    2.0282E-05   -153.95  4.1419E-05    -92.06
   80.00     70.00    -15.70   -11.78   -10.30      0.5051     67.73 LEFT    1.8477E-05   -154.97  2.9014E-05    -92.32
   85.00     70.00    -19.11   -17.45   -15.19      0.6016     56.85 LEFT    1.2475E-05   -156.46  1.5094E-05    -92.36
   90.00     70.00   -999.99  -999.99  -999.99      0.0000      0.00         9.9791E-16     21.10  9.0889E-16   -272.19
    0.00     75.00    -13.47    -2.03    -1.73      0.0000    -75.00 LINEAR  2.3889E-05   -244.12  8.9156E-05    -64.12
    5.00     75.00    -15.21    -1.98    -1.78      0.0066    -77.70 LEFT    1.9547E-05   -243.74  8.9590E-05    -65.55
   10.00     75.00    -17.36    -1.98    -1.86      0.0094    -80.36 LEFT    1.5250E-05   -244.00  8.9623E-05    -67.27
   15.00     75.00    -20.10    -2.01    -1.94      0.0091    -82.92 LEFT    1.1129E-05   -244.98  8.9328E-05    -69.24
   20.00     75.00    -23.75    -2.07    -2.04      0.0069    -85.31 LEFT    7.3084E-06   -246.62  8.8759E-05    -71.42
   25.00     75.00    -29.22    -2.15    -2.14      0.0046    -87.48 LEFT    3.8953E-06   -247.82  8.7944E-05    -73.77
   30.00     75.00    -40.93    -2.25    -2.25      0.0048    -89.39 LEFT    1.0120E-06   -231.96  8.6871E-05    -76.21
   35.00     75.00    -35.91    -2.39    -2.39      0.0102     88.94 LEFT    1.8029E-06   -107.69  8.5484E-05    -78.69
   40.00     75.00    -28.61    -2.58    -2.57      0.0236     87.48 LEFT    4.1788E-06   -109.38  8.3670E-05    -81.12
   45.00     75.00    -24.51    -2.83    -2.80      0.0472     86.13 LEFT    6.7000E-06   -118.56  8.1258E-05    -83.44
   50.00     75.00    -21.38    -3.18    -3.12      0.0827     84.79 LEFT    9.6070E-06   -128.22  7.8030E-05    -85.58
   55.00     75.00    -18.78    -3.68    -3.54      0.1310     83.31 LEFT    1.2958E-05   -136.54  7.3733E-05    -87.49
   60.00     75.00    -16.66    -4.37    -4.12      0.1921     81.55 LEFT    1.6534E-05   -143.07  6.8110E-05    -89.14
   65.00     75.00    -15.08    -5.33    -4.90      0.2660     79.31 LEFT    1.9848E-05   -147.99  6.0930E-05    -90.49
   70.00     75.00    -14.10    -6.70    -5.98      0.3518     76.28 LEFT    2.2199E-05   -151.69  5.2032E-05    -91.54
   75.00     75.00    -13.91    -8.70    -7.55      0.4486     71.90 LEFT    2.2710E-05   -154.55  4.1354E-05    -92.28
   80.00     75.00    -14.87   -11.79   -10.06      0.5521     64.86 LEFT    2.0316E-05   -156.90  2.8964E-05    -92.73
   85.00     75.00    -18.37   -17.47   -14.89      0.6438     52.21 LEFT    1.3586E-05   -159.12  1.5067E-05    -92.89
   90.00     75.00   -999.99  -999.99  -999.99      0.0000      0.00         1.0835E-15     18.20  9.0728E-16   -272.76
    0.00     80.00    -16.93    -1.86    -1.73      0.0000    -80.00 LINEAR  1.6028E-05   -244.12  9.0899E-05    -64.12
    5.00     80.00    -19.73    -1.84    -1.77      0.0073    -82.75 LEFT    1.1617E-05   -241.79  9.1132E-05    -65.14
   10.00     80.00    -23.75    -1.85    -1.82      0.0121    -85.46 LEFT    7.3136E-06   -237.75  9.0965E-05    -66.47
   15.00     80.00    -30.57    -1.90    -1.90      0.0147    -88.06 LEFT    3.3333E-06   -224.56  9.0448E-05    -68.10
   20.00     80.00    -36.74    -1.98    -1.98      0.0160     89.49 LEFT    1.6395E-06   -130.96  8.9619E-05    -69.98
   25.00     80.00    -27.99    -2.09    -2.08      0.0175     87.27 LEFT    4.4879E-06    -92.28  8.8497E-05    -72.10
   30.00     80.00    -23.71    -2.23    -2.20      0.0211     85.33 LEFT    7.3448E-06    -88.95  8.7073E-05    -74.40
   35.00     80.00    -21.23    -2.41    -2.35      0.0292     83.68 LEFT    9.7700E-06    -91.75  8.5304E-05    -76.82
   40.00     80.00    -19.58    -2.64    -2.55      0.0443     82.30 LEFT    1.1818E-05    -97.79  8.3099E-05    -79.30
   45.00     80.00    -18.30    -2.93    -2.81      0.0688     81.14 LEFT    1.3689E-05   -106.19  8.0319E-05    -81.76
   50.00     80.00    -17.14    -3.33    -3.15      0.1048     80.08 LEFT    1.5655E-05   -116.08  7.6776E-05    -84.12
   55.00     80.00    -15.97    -3.85    -3.59      0.1535     78.97 LEFT    1.7916E-05   -126.23  7.2249E-05    -86.31
   60.00     80.00    -14.83    -4.57    -4.18      0.2155     77.63 LEFT    2.0422E-05   -135.48  6.6503E-05    -88.27
   65.00     80.00    -13.87    -5.57    -4.97      0.2910     75.82 LEFT    2.2801E-05   -143.17  5.9322E-05    -89.94
   70.00     80.00    -13.29    -6.96    -6.05      0.3794     73.14 LEFT    2.4384E-05   -149.22  5.0547E-05    -91.29
   75.00     80.00    -13.32    -8.97    -7.61      0.4789     68.85 LEFT    2.4282E-05   -153.86  4.0109E-05    -92.30
   80.00     80.00    -14.43   -12.07   -10.08      0.5830     61.29 LEFT    2.1384E-05   -157.44  2.8061E-05    -92.95
   85.00     80.00    -17.99   -17.75   -14.86      0.6630     47.07 LEFT    1.4184E-05   -160.37  1.4589E-05    -93.23
   90.00     80.00   -999.99  -999.99  -999.99      0.0000      0.00         1.1283E-15     16.72  8.7811E-16   -273.14
    0.00     85.00    -22.92    -1.76    -1.73      0.0000    -85.00 LINEAR  8.0446E-06   -244.12  9.1950E-05    -64.12
    5.00     85.00    -29.79    -1.76    -1.75      0.0081    -87.78 LEFT    3.6472E-06   -232.96  9.1964E-05    -64.72
   10.00     85.00    -37.05    -1.80    -1.79      0.0148     89.49 LEFT    1.5804E-06   -124.58  9.1567E-05    -65.65
   15.00     85.00    -26.51    -1.87    -1.85      0.0203     86.85 LEFT    5.3223E-06    -87.25  9.0784E-05    -66.90
   20.00     85.00    -21.84    -1.98    -1.94      0.0252     84.37 LEFT    9.1148E-06    -82.96  8.9633E-05    -68.46
   25.00     85.00    -19.10    -2.13    -2.04      0.0304     82.12 LEFT    1.2493E-05    -82.94  8.8124E-05    -70.31
   30.00     85.00    -17.31    -2.31    -2.18      0.0373     80.14 LEFT    1.5338E-05    -84.91  8.6250E-05    -72.42
   35.00     85.00    -16.12    -2.55    -2.36      0.0478     78.47 LEFT    1.7592E-05    -88.49  8.3981E-05    -74.75
   40.00     85.00    -15.33    -2.83    -2.60      0.0641     77.13 LEFT    1.9280E-05    -93.73  8.1255E-05    -77.22
   45.00     85.00    -14.78    -3.19    -2.90      0.0885     76.07 LEFT    2.0528E-05   -100.69  7.7976E-05    -79.78
   50.00     85.00    -14.36    -3.64    -3.29      0.1235     75.21 LEFT    2.1559E-05   -109.27  7.4004E-05    -82.34
   55.00     85.00    -13.94    -4.23    -3.79      0.1708     74.39 LEFT    2.2621E-05   -118.97  6.9169E-05    -84.80
   60.00     85.00    -13.49    -5.00    -4.43      0.2318     73.41 LEFT    2.3826E-05   -128.90  6.3279E-05    -87.07
   65.00     85.00    -13.07    -6.04    -5.26      0.3069     71.97 LEFT    2.4997E-05   -138.10  5.6151E-05    -89.08
   70.00     85.00    -12.86    -7.47    -6.37      0.3957     69.59 LEFT    2.5604E-05   -145.89  4.7642E-05    -90.75
   75.00     85.00    -13.14    -9.51    -7.94      0.4958     65.38 LEFT    2.4810E-05   -152.10  3.7682E-05    -92.04
   80.00     85.00    -14.38   -12.63   -10.41      0.5972     57.40 LEFT    2.1503E-05   -156.85  2.6305E-05    -92.91
   85.00     85.00    -18.02   -18.32   -15.16      0.6629     42.41 LEFT    1.4146E-05   -160.50  1.3657E-05    -93.33
   90.00     85.00   -999.99  -999.99  -999.99      0.0000      0.00         1.1225E-15     16.35  8.2195E-16   -273.29
    0.00     90.00   -999.99    -1.73    -1.73      0.0000     90.00 LINEAR  4.7105E-16    -64.12  9.2301E-05    -64.12
    5.00     90.00    -27.87    -1.75    -1.74      0.0087     87.22 LEFT    4.5499E-06    -74.51  9.2084E-05    -64.29
   10.00     90.00    -21.96    -1.81    -1.77      0.0174     84.48 LEFT    8.9818E-06    -75.09  9.1433E-05    -64.81
   15.00     90.00    -18.64    -1.91    -1.82      0.0258     81.83 LEFT    1.3174E-05    -76.08  9.0346E-05    -65.67
   20.00     90.00    -16.42    -2.06    -1.90      0.0343     79.34 LEFT    1.6997E-05    -77.55  8.8822E-05    -66.87
   25.00     90.00    -14.87    -2.25    -2.02      0.0431     77.05 LEFT    2.0322E-05    -79.60  8.6859E-05    -68.42
   30.00     90.00    -13.78    -2.50    -2.19      0.0532     75.03 LEFT    2.3029E-05    -82.35  8.4450E-05    -70.28
   35.00     90.00    -13.06    -2.80    -2.41      0.0659     73.32 LEFT    2.5029E-05    -85.98  8.1581E-05    -72.45
   40.00     90.00    -12.63    -3.16    -2.70      0.0829     71.95 LEFT    2.6293E-05    -90.68  7.8225E-05    -74.86
   45.00     90.00    -12.44    -3.61    -3.07      0.1064     70.92 LEFT    2.6882E-05    -96.66  7.4334E-05    -77.46
   50.00     90.00    -12.42    -4.15    -3.55      0.1389     70.16 LEFT    2.6961E-05   -104.09  6.9833E-05    -80.16
   55.00     90.00    -12.47    -4.82    -4.13      0.1829     69.55 LEFT    2.6776E-05   -112.89  6.4618E-05    -82.86
   60.00     90.00    -12.55    -5.68    -4.87      0.2405     68.86 LEFT    2.6549E-05   -122.64  5.8564E-05    -85.44
   65.00     90.00    -12.63    -6.79    -5.78      0.3128     67.77 LEFT    2.6311E-05   -132.51  5.1539E-05    -87.80
   70.00     90.00    -12.81    -8.27    -6.97      0.3997     65.72 LEFT    2.5755E-05   -141.59  4.3427E-05    -89.83
   75.00     90.00    -13.36   -10.36    -8.59      0.4980     61.72 LEFT    2.4191E-05   -149.22  3.4164E-05    -91.43
   80.00     90.00    -14.76   -13.51   -11.08      0.5950     53.71 LEFT    2.0575E-05   -155.16  2.3758E-05    -92.54
   85.00     90.00    -18.48   -19.23   -15.83      0.6491     38.96 LEFT    1.3405E-05   -159.57  1.2307E-05    -93.12
   90.00     90.00   -999.99  -999.99  -999.99      0.0000      0.00         1.0605E-15     17.02  7.3998E-16   -273.14
    0.00     95.00    -22.92    -1.76    -1.73      0.0000     85.00 LINEAR  8.0446E-06    -64.12  9.1950E-05    -64.12
    5.00     95.00    -19.08    -1.80    -1.72      0.0094     82.23 LEFT    1.2515E-05    -67.85  9.1496E-05    -63.86
   10.00     95.00    -16.49    -1.89    -1.74      0.0198     79.51 LEFT    1.6869E-05    -70.26  9.0574E-05    -63.95
   15.00     95.00    -14.60    -2.03    -1.79      0.0310     76.88 LEFT    2.0967E-05    -72.39  8.9157E-05    -64.40
   20.00     95.00    -13.19    -2.22    -1.88      0.0429     74.38 LEFT    2.4665E-05    -74.62  8.7223E-05    -65.21
   25.00     95.00    -12.14    -2.47    -2.02      0.0553     72.07 LEFT    2.7816E-05    -77.12  8.4758E-05    -66.40
   30.00     95.00    -11.41    -2.78    -2.22      0.0685     70.00 LEFT    3.0273E-05    -80.06  8.1756E-05    -67.97
   35.00     95.00    -10.95    -3.16    -2.49      0.0832     68.22 LEFT    3.1914E-05    -83.57  7.8219E-05    -69.90
   40.00     95.00    -10.75    -3.63    -2.86      0.1006     66.77 LEFT    3.2666E-05    -87.83  7.4156E-05    -72.17
   45.00     95.00    -10.78    -4.18    -3.32      0.1225     65.68 LEFT    3.2534E-05    -93.06  6.9575E-05    -74.72
   50.00     95.00    -11.03    -4.84    -3.91      0.1514     64.92 LEFT    3.1633E-05    -99.47  6.4473E-05    -77.49
   55.00     95.00    -11.43    -5.64    -4.62      0.1900     64.41 LEFT    3.0185E-05   -107.21  5.8830E-05    -80.37
   60.00     95.00    -11.94    -6.61    -5.49      0.2413     63.96 LEFT    2.8470E-05   -116.24  5.2600E-05    -83.23
   65.00     95.00    -12.50    -7.83    -6.55      0.3076     63.22 LEFT    2.6699E-05   -126.12  4.5720E-05    -85.94
   70.00     95.00    -13.13    -9.41    -7.87      0.3894     61.64 LEFT    2.4830E-05   -136.01  3.8117E-05    -88.34
   75.00     95.00    -14.02   -11.57    -9.61      0.4836     58.14 LEFT    2.2421E-05   -144.91  2.9734E-05    -90.29
   80.00     95.00    -15.64   -14.77   -12.18      0.5764     50.75 LEFT    1.8591E-05   -152.12  2.0551E-05    -91.70
   85.00     95.00    -19.48   -20.52   -16.96      0.6260     37.12 LEFT    1.1950E-05   -157.41  1.0607E-05    -92.46
   90.00     95.00   -999.99  -999.99  -999.99      0.0000      0.00         9.4155E-16     18.87  6.3718E-16   -272.55
    0.00    100.00    -16.93    -1.86    -1.73      0.0000     80.00 LINEAR  1.6028E-05    -64.12  9.0899E-05    -64.12
    5.00    100.00    -14.83    -1.92    -1.71      0.0099     77.26 LEFT    2.0408E-05    -66.06  9.0211E-05    -63.43
   10.00    100.00    -13.20    -2.04    -1.72      0.0220     74.58 LEFT    2.4627E-05    -67.98  8.9012E-05    -63.08
   15.00    100.00    -11.92    -2.21    -1.77      0.0358     71.98 LEFT    2.8545E-05    -70.05  8.7251E-05    -63.10
   20.00    100.00    -10.92    -2.45    -1.88      0.0508     69.51 LEFT    3.2012E-05    -72.33  8.4888E-05    -63.49
   25.00    100.00    -10.18    -2.76    -2.04      0.0666     67.19 LEFT    3.4867E-05    -74.89  8.1899E-05    -64.28
   30.00    100.00     -9.68    -3.16    -2.28      0.0829     65.06 LEFT    3.6949E-05    -77.78  7.8278E-05    -65.48
   35.00    100.00     -9.41    -3.64    -2.62      0.0996     63.18 LEFT    3.8110E-05    -81.10  7.4047E-05    -67.08
   40.00    100.00     -9.38    -4.22    -3.07      0.1174     61.59 LEFT    3.8246E-05    -84.96  6.9249E-05    -69.08
   45.00    100.00     -9.59    -4.91    -3.64      0.1374     60.35 LEFT    3.7326E-05    -89.51  6.3949E-05    -71.47
   50.00    100.00    -10.04    -5.73    -4.36      0.1616     59.48 LEFT    3.5423E-05    -94.94  5.8220E-05    -74.18
   55.00    100.00    -10.73    -6.69    -5.24      0.1928     58.95 LEFT    3.2731E-05   -101.50  5.2131E-05    -77.13
   60.00    100.00    -11.62    -7.83    -6.31      0.2345     58.65 LEFT    2.9554E-05   -109.37  4.5730E-05    -80.19
   65.00    100.00    -12.66    -9.20    -7.58      0.2902     58.29 LEFT    2.6225E-05   -118.53  3.9032E-05    -83.21
   70.00    100.00    -13.81   -10.92    -9.12      0.3622     57.35 LEFT    2.2956E-05   -128.53  3.2018E-05    -85.99
   75.00    100.00    -15.17   -13.20   -11.06      0.4489     54.83 LEFT    1.9632E-05   -138.39  2.4646E-05    -88.34
   80.00    100.00    -17.14   -16.49   -13.79      0.5385     48.90 LEFT    1.5653E-05   -146.94  1.6868E-05    -90.09
   85.00    100.00    -21.17   -22.29   -18.68      0.5931     37.26 LEFT    9.8429E-06   -153.31  8.6542E-06    -91.08
   90.00    100.00   -999.99  -999.99  -999.99      0.0000      0.00         7.7022E-16     22.56  5.1887E-16   -271.25
    0.00    105.00    -13.47    -2.03    -1.73      0.0000     75.00 LINEAR  2.3889E-05    -64.12  8.9156E-05    -64.12
    5.00    105.00    -12.04    -2.12    -1.70      0.0103     72.32 LEFT    2.8143E-05    -65.03  8.8243E-05    -63.00
   10.00    105.00    -10.88    -2.26    -1.70      0.0239     69.70 LEFT    3.2171E-05    -66.41  8.6771E-05    -62.21
   15.00    105.00     -9.95    -2.48    -1.76      0.0400     67.15 LEFT    3.5828E-05    -68.17  8.4668E-05    -61.78
   20.00    105.00     -9.22    -2.77    -1.88      0.0580     64.71 LEFT    3.8958E-05    -70.29  8.1880E-05    -61.73
   25.00    105.00     -8.69    -3.15    -2.08      0.0769     62.39 LEFT    4.1394E-05    -72.72  7.8373E-05    -62.06
   30.00    105.00     -8.37    -3.63    -2.37      0.0960     60.22 LEFT    4.2966E-05    -75.46  7.4149E-05    -62.80
   35.00    105.00     -8.26    -4.22    -2.78      0.1148     58.22 LEFT    4.3519E-05    -78.53  6.9246E-05    -63.96
   40.00    105.00     -8.37    -4.94    -3.32      0.1331     56.46 LEFT    4.2935E-05    -81.95  6.3743E-05    -65.56
   45.00    105.00     -8.74    -5.80    -4.01      0.1513     54.99 LEFT    4.1165E-05    -85.82  5.7757E-05    -67.59
   50.00    105.00     -9.37    -6.81    -4.89      0.1704     53.87 LEFT    3.8261E-05    -90.26  5.1434E-05    -70.03
   55.00    105.00    -10.30    -7.98    -5.98      0.1926     53.16 LEFT    3.4396E-05    -95.46  4.4928E-05    -72.83
   60.00    105.00    -11.52    -9.35    -7.29      0.2211     52.85 LEFT    2.9874E-05   -101.68  3.8381E-05    -75.90
   65.00    105.00    -13.04   -10.96    -8.86      0.2602     52.82 LEFT    2.5093E-05   -109.19  3.1895E-05    -79.10
   70.00    105.00    -14.82   -12.89   -10.74      0.3143     52.70 LEFT    2.0449E-05   -118.08  2.5515E-05    -82.20
   75.00    105.00    -16.86   -15.36   -13.03      0.3856     51.70 LEFT    1.6159E-05   -127.92  1.9220E-05    -84.96
   80.00    105.00    -19.43   -18.79   -16.09      0.4685     48.27 LEFT    1.2028E-05   -137.49  1.2939E-05    -87.10
   85.00    105.00    -23.84   -24.68   -21.23      0.5355     39.98 LEFT    7.2386E-06   -145.13  6.5705E-06    -88.38
   90.00    105.00   -999.99  -999.99  -999.99      0.0000      0.00         5.5825E-16     30.19  3.9245E-16   -268.65
    0.00    110.00    -11.04    -2.27    -1.73      0.0000     70.00 LINEAR  3.1569E-05    -64.12  8.6735E-05    -64.12
    5.00    110.00     -9.99    -2.38    -1.68      0.0106     67.40 LEFT    3.5657E-05    -64.28  8.5615E-05    -62.58
   10.00    110.00     -9.11    -2.56    -1.69      0.0254     64.85 LEFT    3.9439E-05    -65.13  8.3885E-05    -61.35
   15.00    110.00     -8.41    -2.81    -1.75      0.0435     62.38 LEFT    4.2756E-05    -66.52  8.1459E-05    -60.46
   20.00    110.00     -7.88    -3.16    -1.90      0.0640     59.99 LEFT    4.5445E-05    -68.36  7.8270E-05    -59.92
   25.00    110.00     -7.53    -3.61    -2.13      0.0857     57.69 LEFT    4.7337E-05    -70.57  7.4285E-05    -59.74
   30.00    110.00     -7.36    -4.19    -2.48      0.1076     55.48 LEFT    4.8267E-05    -73.07  6.9513E-05    -59.95
   35.00    110.00     -7.39    -4.90    -2.96      0.1286     53.37 LEFT    4.8088E-05    -75.81  6.4013E-05    -60.54
   40.00    110.00     -7.65    -5.78    -3.60      0.1478     51.39 LEFT    4.6689E-05    -78.76  5.7897E-05    -61.54
   45.00    110.00     -8.16    -6.82    -4.43      0.1648     49.62 LEFT    4.4028E-05    -81.89  5.1329E-05    -62.95
   50.00    110.00     -8.95    -8.06    -5.47      0.1794     48.14 LEFT    4.0158E-05    -85.24  4.4514E-05    -64.79
   55.00    110.00    -10.09    -9.51    -6.78      0.1922     47.05 LEFT    3.5255E-05    -88.85  3.7680E-05    -67.04
   60.00    110.00    -11.60   -11.19    -8.38      0.2048     46.46 LEFT    2.9624E-05    -92.87  3.1050E-05    -69.69
   65.00    110.00    -13.54   -13.14   -10.32      0.2201     46.46 LEFT    2.3685E-05    -97.51  2.4808E-05    -72.65
   70.00    110.00    -15.97   -15.43   -12.68      0.2424     47.00 LEFT    1.7913E-05   -103.06  1.9064E-05    -75.75
   75.00    110.00    -18.93   -18.21   -15.54      0.2769     47.74 LEFT    1.2742E-05   -109.79  1.3833E-05    -78.72
   80.00    110.00    -22.57   -21.91   -19.22      0.3270     47.67 LEFT    8.3794E-06   -117.53  9.0334E-06    -81.19
   85.00    110.00    -27.88   -27.97   -24.92      0.3853     44.61 LEFT    4.5428E-06   -124.91  4.4968E-06    -82.77
   90.00    110.00   -999.99  -999.99  -999.99      0.0000      0.00         3.3630E-16     50.19  2.6677E-16   -263.15
    0.00    115.00     -9.21    -2.58    -1.73      0.0000     65.00 LINEAR  3.9008E-05    -64.12  8.3653E-05    -64.12
    5.00    115.00     -8.38    -2.72    -1.67      0.0107     62.49 LEFT    4.2894E-05    -63.66  8.2351E-05    -62.16
   10.00    115.00     -7.70    -2.93    -1.68      0.0265     60.04 LEFT    4.6377E-05    -64.00  8.0391E-05    -60.50
   15.00    115.00     -7.18    -3.22    -1.76      0.0462     57.67 LEFT    4.9279E-05    -64.99  7.7676E-05    -59.14
   20.00    115.00     -6.81    -3.63    -1.92      0.0688     55.35 LEFT    5.1427E-05    -66.50  7.4135E-05    -58.09
   25.00    115.00     -6.60    -4.16    -2.20      0.0930     53.09 LEFT    5.2661E-05    -68.41  6.9741E-05    -57.35
   30.00    115.00     -6.57    -4.84    -2.61      0.1174     50.85 LEFT    5.2830E-05    -70.59  6.4517E-05    -56.93
   35.00    115.00     -6.74    -5.68    -3.17      0.1407     48.63 LEFT    5.1812E-05    -72.94  5.8545E-05    -56.80
   40.00    115.00     -7.13    -6.71    -3.91      0.1615     46.45 LEFT    4.9526E-05    -75.33  5.1970E-05    -56.97
   45.00    115.00     -7.78    -7.97    -4.86      0.1783     44.35 LEFT    4.5963E-05    -77.65  4.4996E-05    -57.42
   50.00    115.00     -8.73    -9.46    -6.07      0.1901     42.40 LEFT    4.1213E-05    -79.75  3.7875E-05    -58.14
   55.00    115.00    -10.03   -11.23    -7.58      0.1955     40.72 LEFT    3.5485E-05    -81.50  3.0886E-05    -59.15
   60.00    115.00    -11.75   -13.32    -9.45      0.1933     39.45 LEFT    2.9118E-05    -82.69  2.4305E-05    -60.44
   65.00    115.00    -13.96   -15.75   -11.75      0.1819     38.74 LEFT    2.2564E-05    -83.09  1.8370E-05    -62.01
   70.00    115.00    -16.76   -18.59   -14.57      0.1592     38.71 LEFT    1.6340E-05    -82.32  1.3245E-05    -63.81
   75.00    115.00    -20.25   -21.96   -18.01      0.1221     39.23 LEFT    1.0936E-05    -79.94  8.9842E-06    -65.74
   80.00    115.00    -24.57   -26.20   -22.30      0.0712     39.58 LEFT    6.6536E-06    -75.83  5.5121E-06    -67.54
   85.00    115.00    -30.53   -32.65   -28.45      0.0227     38.05 LEFT    3.3505E-06    -71.48  2.6229E-06    -68.79
   90.00    115.00   -999.99  -999.99  -999.99      0.0000      0.00         2.4041E-16   -251.12  1.5312E-16   -249.07
    0.00    120.00     -7.75    -2.98    -1.73      0.0000     60.00 LINEAR  4.6151E-05    -64.12  7.9935E-05    -64.12
    5.00    120.00     -7.08    -3.13    -1.66      0.0107     57.61 LEFT    4.9803E-05    -63.12  7.8483E-05    -61.76
   10.00    120.00     -6.55    -3.38    -1.67      0.0271     55.27 LEFT    5.2939E-05    -62.98  7.6330E-05    -59.67
   15.00    120.00     -6.17    -3.72    -1.76      0.0481     53.01 LEFT    5.5357E-05    -63.55  7.3376E-05    -57.83
   20.00    120.00     -5.93    -4.18    -1.96      0.0723     50.79 LEFT    5.6880E-05    -64.69  6.9554E-05    -56.25
   25.00    120.00     -5.86    -4.79    -2.28      0.0984     48.58 LEFT    5.7356E-05    -66.24  6.4847E-05    -54.91
   30.00    120.00     -5.96    -5.57    -2.75      0.1251     46.34 LEFT    5.6666E-05    -68.03  5.9298E-05    -53.76
   35.00    120.00     -6.27    -6.54    -3.39      0.1507     44.05 LEFT    5.4728E-05    -69.91  5.3021E-05    -52.75
   40.00    120.00     -6.79    -7.74    -4.23      0.1737     41.69 LEFT    5.1517E-05    -71.65  4.6194E-05    -51.83
   45.00    120.00     -7.57    -9.20    -5.30      0.1920     39.26 LEFT    4.7088E-05    -73.02  3.9061E-05    -50.88
   50.00    120.00     -8.65   -10.95    -6.64      0.2038     36.82 LEFT    4.1601E-05    -73.70  3.1911E-05    -49.80
   55.00    120.00    -10.06   -13.05    -8.30      0.2068     34.43 LEFT    3.5347E-05    -73.28  2.5055E-05    -48.42
   60.00    120.00    -11.86   -15.55   -10.31      0.1980     32.14 LEFT    2.8756E-05    -71.14  1.8795E-05    -46.56
   65.00    120.00    -14.03   -18.50   -12.70      0.1739     29.91 LEFT    2.2382E-05    -66.49  1.3384E-05    -43.95
   70.00    120.00    -16.52   -21.96   -15.42      0.1316     27.43 LEFT    1.6816E-05    -58.47  8.9840E-06    -40.34
   75.00    120.00    -19.13   -26.02   -18.32      0.0757     24.04 LEFT    1.2449E-05    -47.17  5.6301E-06    -35.60
   80.00    120.00    -21.90   -30.91   -21.39      0.0279     19.46 LEFT    9.0433E-06    -35.23  3.2046E-06    -30.14
   85.00    120.00    -26.24   -37.83   -25.95      0.0076     14.74 LEFT    5.4917E-06    -27.14  1.4451E-06    -25.36
   90.00    120.00   -999.99  -999.99  -999.99      0.0000      0.00         4.2717E-16   -206.16  8.2732E-17   -203.22
    0.00    125.00     -6.55    -3.46    -1.73      0.0000     55.00 LINEAR  5.2942E-05    -64.12  7.5609E-05    -64.12
    5.00    125.00     -6.01    -3.64    -1.66      0.0106     52.74 LEFT    5.6334E-05    -62.64  7.4044E-05    -61.38
   10.00    125.00     -5.60    -3.91    -1.67      0.0273     50.54 LEFT    5.9083E-05    -62.05  7.1747E-05    -58.86
   15.00    125.00     -5.33    -4.30    -1.77      0.0489     48.40 LEFT    6.0962E-05    -62.19  6.8619E-05    -56.55
   20.00    125.00     -5.21    -4.83    -2.00      0.0742     46.29 LEFT    6.1790E-05    -62.93  6.4601E-05    -54.42
   25.00    125.00     -5.26    -5.51    -2.37      0.1019     44.16 LEFT    6.1435E-05    -64.07  5.9697E-05    -52.43
   30.00    125.00     -5.49    -6.39    -2.91      0.1304     41.96 LEFT    5.9816E-05    -65.41  5.3978E-05    -50.47
   35.00    125.00     -5.93    -7.48    -3.62      0.1583     39.64 LEFT    5.6914E-05    -66.73  4.7591E-05    -48.44
   40.00    125.00     -6.58    -8.83    -4.55      0.1840     37.15 LEFT    5.2782E-05    -67.72  4.0758E-05    -46.14
   45.00    125.00     -7.48   -10.46    -5.71      0.2054     34.48 LEFT    4.7571E-05    -68.00  3.3765E-05    -43.31
   50.00    125.00     -8.66   -12.42    -7.13      0.2208     31.63 LEFT    4.1553E-05    -67.06  2.6944E-05    -39.60
   55.00    125.00    -10.11   -14.73    -8.82      0.2281     28.64 LEFT    3.5150E-05    -64.22  2.0647E-05    -34.45
   60.00    125.00    -11.80   -17.39   -10.74      0.2259     25.52 LEFT    2.8945E-05    -58.63  1.5201E-05    -27.15
   65.00    125.00    -13.57   -20.32   -12.74      0.2141     22.23 LEFT    2.3603E-05    -49.61  1.0849E-05    -16.97
   70.00    125.00    -15.19   -23.35   -14.57      0.1958     18.73 LEFT    1.9594E-05    -37.67  7.6547E-06     -3.86
   75.00    125.00    -16.58   -26.39   -16.15      0.1764     15.19 LEFT    1.6683E-05    -25.39  5.3962E-06     10.37
   80.00    125.00    -18.30   -29.88   -18.01      0.1574     11.95 LEFT    1.3693E-05    -16.02  3.6093E-06     22.52
   85.00    125.00    -22.06   -35.60   -21.88      0.1361      9.12 LEFT    8.8784E-06    -11.25  1.8677E-06     30.30
   90.00    125.00   -999.99  -999.99  -999.99      0.0000      0.00         7.0320E-16   -191.66  1.1278E-16   -146.98
    0.00    130.00     -5.56    -4.04    -1.73      0.0000     50.00 LINEAR  5.9330E-05    -64.12  7.0707E-05    -64.12
    5.00    130.00     -5.12    -4.24    -1.65      0.0103     47.89 LEFT    6.2443E-05    -62.20  6.9072E-05    -61.02
   10.00    130.00     -4.80    -4.55    -1.66      0.0269     45.83 LEFT    6.4775E-05    -61.18  6.6687E-05    -58.09
   15.00    130.00     -4.63    -4.98    -1.79      0.0488     43.84 LEFT    6.6075E-05    -60.91  6.3460E-05    -55.31
   20.00    130.00     -4.62    -5.56    -2.05      0.0746     41.86 LEFT    6.6160E-05    -61.22  5.9348E-05    -52.63
   25.00    130.00     -4.78    -6.32    -2.47      0.1031     39.84 LEFT    6.4925E-05    -61.91  5.4377E-05    -49.95
   30.00    130.00     -5.13    -7.29    -3.07      0.1330     37.71 LEFT    6.2343E-05    -62.75  4.8653E-05    -47.12
   35.00    130.00     -5.69    -8.49    -3.86      0.1630     35.41 LEFT    5.8474E-05    -63.43  4.2364E-05    -43.91
   40.00    130.00     -6.47    -9.96    -4.86      0.1916     32.88 LEFT    5.3473E-05    -63.56  3.5781E-05    -39.99
   45.00    130.00     -7.47   -11.71    -6.08      0.2174     30.10 LEFT    4.7616E-05    -62.60  2.9246E-05    -34.86
   50.00    130.00     -8.71   -13.74    -7.52      0.2391     27.08 LEFT    4.1326E-05    -59.88  2.3152E-05    -27.84
   55.00    130.00    -10.10   -15.97    -9.10      0.2558     23.91 LEFT    3.5202E-05    -54.57  1.7901E-05    -18.11
   60.00    130.00    -11.50   -18.22   -10.66      0.2666     20.76 LEFT    2.9970E-05    -46.02  1.3819E-05     -5.14
   65.00    130.00    -12.65   -20.22   -11.95      0.2695     17.86 LEFT    2.6233E-05    -34.67  1.0977E-05     10.20
   70.00    130.00    -13.45   -21.92   -12.87      0.2617     15.25 LEFT    2.3940E-05    -22.72  9.0246E-06     25.18
   75.00    130.00    -14.16   -23.74   -13.71      0.2427     12.80 LEFT    2.2052E-05    -12.94  7.3202E-06     37.12
   80.00    130.00    -15.52   -26.49   -15.18      0.2156     10.39 LEFT    1.8867E-05     -6.70  5.3345E-06     45.20
   85.00    130.00    -19.15   -31.89   -18.92      0.1830      8.01 LEFT    1.2416E-05     -4.12  2.8649E-06     49.80
   90.00    130.00   -999.99  -999.99  -999.99      0.0000      0.00         9.8650E-16   -185.28  1.7451E-16   -128.55
    0.00    135.00     -4.74    -4.74    -1.73      0.0000     45.00 LINEAR  6.5267E-05    -64.12  6.5267E-05    -64.12
    5.00    135.00     -4.37    -4.96    -1.64      0.0098     43.05 LEFT    6.8090E-05    -61.81  6.3609E-05    -60.68
   10.00    135.00     -4.13    -5.30    -1.66      0.0261     41.16 LEFT    6.9987E-05    -60.38  6.1198E-05    -57.36
   15.00    135.00     -4.04    -5.77    -1.81      0.0477     39.32 LEFT    7.0684E-05    -59.70  5.7955E-05    -54.13
   20.00    135.00     -4.13    -6.41    -2.11      0.0733     37.49 LEFT    7.0003E-05    -59.58  5.3857E-05    -50.90
   25.00    135.00     -4.40    -7.23    -2.58      0.1020     35.60 LEFT    6.7872E-05    -59.81  4.8955E-05    -47.52
   30.00    135.00     -4.86    -8.28    -3.23      0.1327     33.58 LEFT    6.4330E-05    -60.09  4.3392E-05    -43.76
   35.00    135.00     -5.54    -9.57    -4.09      0.1642     31.37 LEFT    5.9531E-05    -60.06  3.7401E-05    -39.27
   40.00    135.00     -6.42   -11.12    -5.15      0.1956     28.91 LEFT    5.3755E-05    -59.21  3.1308E-05    -33.54
   45.00    135.00     -7.51   -12.89    -6.40      0.2261     26.19 LEFT    4.7431E-05    -56.90  2.5517E-05    -25.87
   50.00    135.00     -8.74   -14.80    -7.78      0.2548     23.31 LEFT    4.1165E-05    -52.32  2.0481E-05    -15.45
   55.00    135.00     -9.97   -16.63    -9.12      0.2803     20.50 LEFT    3.5730E-05    -44.75  1.6602E-05     -1.91
   60.00    135.00    -10.96   -18.09   -10.19      0.2980     18.07 LEFT    3.1886E-05    -34.31  1.4022E-05     13.65
   65.00    135.00    -11.52   -19.16   -10.83      0.3010     16.06 LEFT    2.9887E-05    -22.71  1.2401E-05     28.52
   70.00    135.00    -11.78   -20.17   -11.20      0.2872     14.11 LEFT    2.8994E-05    -12.56  1.1039E-05     40.37
   75.00    135.00    -12.20   -21.66   -11.73      0.2615     11.99 LEFT    2.7641E-05     -5.39  9.2996E-06     48.71
   80.00    135.00    -13.44   -24.31   -13.10      0.2292      9.75 LEFT    2.3949E-05     -1.34  6.8549E-06     54.06
   85.00    135.00    -17.06   -29.70   -16.83      0.1928      7.49 LEFT    1.5803E-05     -0.08  3.6864E-06     57.10
   90.00    135.00   -999.99  -999.99  -999.99      0.0000      0.00         1.2558E-15   -181.66  2.2444E-16   -121.72
    0.00    140.00     -4.04    -5.56    -1.73      0.0000     40.00 LINEAR  7.0707E-05    -64.12  5.9330E-05    -64.12
    5.00    140.00     -3.74    -5.81    -1.64      0.0092     38.23 LEFT    7.3238E-05    -61.45  5.7696E-05    -60.37
   10.00    140.00     -3.56    -6.17    -1.66      0.0247     36.52 LEFT    7.4694E-05    -59.65  5.5327E-05    -56.69
   15.00    140.00     -3.55    -6.68    -1.83      0.0455     34.85 LEFT    7.4784E-05    -58.58  5.2157E-05    -53.03
   20.00    140.00     -3.72    -7.37    -2.17      0.0704     33.18 LEFT    7.3339E-05    -58.04  4.8182E-05    -49.25
   25.00    140.00     -4.09    -8.26    -2.68      0.0986     31.45 LEFT    7.0327E-05    -57.78  4.3483E-05    -45.17
   30.00    140.00     -4.66    -9.38    -3.40      0.1292     29.58 LEFT    6.5863E-05    -57.47  3.8236E-05    -40.46
   35.00    140.00     -5.44   -10.73    -4.31      0.1615     27.51 LEFT    6.0209E-05    -56.67  3.2717E-05    -34.64
   40.00    140.00     -6.42   -12.31    -5.42      0.1950     25.22 LEFT    5.3789E-05    -54.78  2.7304E-05    -27.04
   45.00    140.00     -7.55   -14.00    -6.66      0.2292     22.75 LEFT    4.7205E-05    -51.04  2.2455E-05    -16.89
   50.00    140.00     -8.72   -15.62    -7.91      0.2629     20.30 LEFT    4.1254E-05    -44.66  1.8634E-05     -3.70
   55.00    140.00     -9.71   -16.89    -8.95      0.2917     18.20 LEFT    3.6828E-05    -35.34  1.6114E-05     11.71
   60.00    140.00    -10.27   -17.68    -9.54      0.3067     16.60 LEFT    3.4528E-05    -24.19  1.4707E-05     26.85
   65.00    140.00    -10.38   -18.25    -9.73      0.3024     15.11 LEFT    3.4071E-05    -13.61  1.3766E-05     39.31
   70.00    140.00    -10.36   -19.04    -9.81      0.2828     13.32 LEFT    3.4162E-05     -5.53  1.2573E-05     48.35
   75.00    140.00    -10.66   -20.48   -10.23      0.2546     11.26 LEFT    3.3004E-05     -0.41  1.0656E-05     54.46
   80.00    140.00    -11.88   -23.14   -11.57      0.2219      9.10 LEFT    2.8667E-05      2.15  7.8415E-06     58.35
   85.00    140.00    -15.50   -28.55   -15.29      0.1861      6.96 LEFT    1.8901E-05      2.55  4.2051E-06     60.58
   90.00    140.00   -999.99  -999.99  -999.99      0.0000      0.00         1.5010E-15   -179.31  2.5580E-16   -118.54
    0.00    145.00     -3.46    -6.55    -1.73      0.0000     35.00 LINEAR  7.5609E-05    -64.12  5.2942E-05    -64.12
    5.00    145.00     -3.20    -6.81    -1.63      0.0084     33.42 LEFT    7.7855E-05    -61.13  5.1381E-05    -60.09
   10.00    145.00     -3.09    -7.20    -1.67      0.0229     31.90 LEFT    7.8880E-05    -58.99  4.9121E-05    -56.07
   15.00    145.00     -3.15    -7.75    -1.86      0.0423     30.41 LEFT    7.8378E-05    -57.55  4.6111E-05    -52.00
   20.00    145.00     -3.39    -8.49    -2.22      0.0659     28.92 LEFT    7.6194E-05    -56.60  4.2368E-05    -47.72
   25.00    145.00     -3.84    -9.44    -2.78      0.0927     27.36 LEFT    7.2344E-05    -55.86  3.7996E-05    -42.95
   30.00    145.00     -4.50   -10.61    -3.55      0.1224     25.68 LEFT    6.7027E-05    -54.95  3.3199E-05    -37.30
   35.00    145.00     -5.38   -12.00    -4.52      0.1545     23.82 LEFT    6.0625E-05    -53.35  2.8287E-05    -30.16
   40.00    145.00     -6.43   -13.54    -5.66      0.1888     21.78 LEFT    5.3712E-05    -50.38  2.3675E-05    -20.78
   45.00    145.00     -7.57   -15.08    -6.86      0.2248     19.70 LEFT    4.7077E-05    -45.22  1.9840E-05     -8.49
   50.00    145.00     -8.63   -16.33    -7.95      0.2597     17.84 LEFT    4.1686E-05    -37.25  1.7183E-05      6.43
   55.00    145.00     -9.33   -17.08    -8.66      0.2857     16.48 LEFT    3.8440E-05    -26.83  1.5751E-05     22.00
   60.00    145.00     -9.52   -17.46    -8.88      0.2935     15.39 LEFT    3.7606E-05    -15.89  1.5084E-05     35.57
   65.00    145.00     -9.35   -17.82    -8.77      0.2832     14.05 LEFT    3.8361E-05     -6.77  1.4465E-05     45.81
   70.00    145.00     -9.19   -18.56    -8.72      0.2618     12.31 LEFT    3.9079E-05     -0.52  1.3296E-05     52.94
   75.00    145.00     -9.46   -20.01    -9.09      0.2346     10.33 LEFT    3.7897E-05      3.08  1.1249E-05     57.69
   80.00    145.00    -10.69   -22.70   -10.43      0.2041      8.31 LEFT    3.2879E-05      4.60  8.2470E-06     60.73
   85.00    145.00    -14.33   -28.14   -14.15      0.1709      6.34 LEFT    2.1636E-05      4.41  4.4095E-06     62.49
   90.00    145.00   -999.99  -999.99  -999.99      0.0000      0.00         1.7168E-15   -177.64  2.6792E-16   -116.76
    0.00    150.00     -2.98    -7.75    -1.73      0.0000     30.00 LINEAR  7.9935E-05    -64.12  4.6151E-05    -64.12
    5.00    150.00     -2.76    -8.02    -1.63      0.0075     28.63 LEFT    8.1912E-05    -60.85  4.4710E-05    -59.83
   10.00    150.00     -2.70    -8.44    -1.67      0.0205     27.30 LEFT    8.2528E-05    -58.41  4.2626E-05    -55.52
   15.00    150.00     -2.81    -9.02    -1.88      0.0382     26.01 LEFT    8.1469E-05    -56.63  3.9863E-05    -51.08
   20.00    150.00     -3.12    -9.80    -2.28      0.0598     24.71 LEFT    7.8596E-05    -55.30  3.6453E-05    -46.32
   25.00    150.00     -3.65   -10.79    -2.88      0.0846     23.35 LEFT    7.3979E-05    -54.09  3.2517E-05    -40.91
   30.00    150.00     -4.39   -12.00    -3.70      0.1124     21.87 LEFT    6.7903E-05    -52.58  2.8276E-05    -34.36
   35.00    150.00     -5.34   -13.40    -4.71      0.1431     20.25 LEFT    6.0873E-05    -50.19  2.4058E-05    -25.98
   40.00    150.00     -6.44   -14.88    -5.86      0.1766     18.54 LEFT    5.3625E-05    -46.15  2.0290E-05    -15.00
   45.00    150.00     -7.57   -16.21    -7.01      0.2118     16.91 LEFT    4.7122E-05    -39.67  1.7423E-05     -1.11
   50.00    150.00     -8.47   -17.10    -7.91      0.2441     15.64 LEFT    4.2450E-05    -30.43  1.5730E-05     14.56
   55.00    150.00     -8.90   -17.48    -8.34      0.2638     14.80 LEFT    4.0399E-05    -19.53  1.5047E-05     29.42
   60.00    150.00     -8.81   -17.63    -8.28      0.2652     13.94 LEFT    4.0813E-05     -9.31  1.4793E-05     41.34
   65.00    150.00     -8.47   -17.91    -8.00      0.2524     12.66 LEFT    4.2448E-05     -1.65  1.4316E-05     49.93
   70.00    150.00     -8.26   -18.65    -7.88      0.2320     10.99 LEFT    4.3524E-05      3.15  1.3158E-05     55.79
   75.00    150.00     -8.53   -20.13    -8.24      0.2077      9.18 LEFT    4.2191E-05      5.63  1.1094E-05     59.67
   80.00    150.00     -9.78   -22.86    -9.57      0.1805      7.36 LEFT    3.6511E-05      6.40  8.1041E-06     62.15
   85.00    150.00    -13.44   -28.32   -13.30      0.1512      5.61 LEFT    2.3973E-05      5.79  4.3222E-06     63.60
   90.00    150.00   -999.99  -999.99  -999.99      0.0000      0.00         1.9007E-15   -176.40  2.6240E-16   -115.76
    0.00    155.00     -2.58    -9.21    -1.73      0.0000     25.00 LINEAR  8.3653E-05    -64.12  3.9008E-05    -64.12
    5.00    155.00     -2.40    -9.50    -1.63      0.0064     23.84 LEFT    8.5385E-05    -60.62  3.7732E-05    -59.62
   10.00    155.00     -2.38    -9.93    -1.67      0.0178     22.72 LEFT    8.5629E-05    -57.91  3.5886E-05    -55.04
   15.00    155.00     -2.54   -10.54    -1.90      0.0333     21.63 LEFT    8.4065E-05    -55.83  3.3449E-05    -50.28
   20.00    155.00     -2.91   -11.35    -2.33      0.0522     20.53 LEFT    8.0574E-05    -54.15  3.0463E-05    -45.09
   25.00    155.00     -3.50   -12.38    -2.97      0.0743     19.38 LEFT    7.5280E-05    -52.51  2.7056E-05    -39.09
   30.00    155.00     -4.31   -13.63    -3.83      0.0992     18.14 LEFT    6.8555E-05    -50.44  2.3450E-05    -31.72
   35.00    155.00     -5.32   -15.02    -4.88      0.1272     16.79 LEFT    6.1028E-05    -47.29  1.9969E-05    -22.23
   40.00    155.00     -6.45   -16.41    -6.03      0.1581     15.42 LEFT    5.3585E-05    -42.26  1.7020E-05     -9.94
   45.00    155.00     -7.52   -17.51    -7.11      0.1902     14.22 LEFT    4.7347E-05    -34.62  1.4988E-05      5.02
   50.00    155.00     -8.27   -18.10    -7.84      0.2173     13.43 LEFT    4.3454E-05    -24.48  1.4009E-05     20.79
   55.00    155.00     -8.46   -18.24    -8.03      0.2305     12.89 LEFT    4.2488E-05    -13.54  1.3783E-05     34.67
   60.00    155.00     -8.18   -18.27    -7.78      0.2279     12.13 LEFT    4.3885E-05     -4.23  1.3734E-05     45.25
   65.00    155.00     -7.75   -18.53    -7.40      0.2152     10.94 LEFT    4.6121E-05      2.18  1.3328E-05     52.65
   70.00    155.00     -7.52   -19.29    -7.24      0.1975      9.44 LEFT    4.7368E-05      5.87  1.2223E-05     57.64
   75.00    155.00     -7.81   -20.80    -7.60      0.1767      7.86 LEFT    4.5818E-05      7.52  1.0270E-05     60.92
   80.00    155.00     -9.09   -23.55    -8.94      0.1537      6.30 LEFT    3.9537E-05      7.75  7.4788E-06     63.03
   85.00    155.00    -12.76   -29.03   -12.66      0.1286      4.81 LEFT    2.5905E-05      6.82  3.9805E-06     64.28
   90.00    155.00   -999.99  -999.99  -999.99      0.0000      0.00         2.0523E-15   -175.46  2.4148E-16   -115.14
    0.00    160.00     -2.27   -11.04    -1.73      0.0000     20.00 LINEAR  8.6735E-05    -64.12  3.1569E-05    -64.12
    5.00    160.00     -2.12   -11.35    -1.63      0.0053     19.06 LEFT    8.8254E-05    -60.42  3.0496E-05    -59.44
   10.00    160.00     -2.12   -11.80    -1.68      0.0147     18.16 LEFT    8.8175E-05    -57.49  2.8946E-05    -54.64
   15.00    160.00     -2.32   -12.43    -1.92      0.0276     17.28 LEFT    8.6174E-05    -55.16  2.6905E-05    -49.60
   20.00    160.00     -2.74   -13.27    -2.37      0.0434     16.39 LEFT    8.2154E-05    -53.18  2.4422E-05    -44.04
   25.00    160.00     -3.38   -14.33    -3.05      0.0620     15.46 LEFT    7.6290E-05    -51.16  2.1616E-05    -37.54
   30.00    160.00     -4.25   -15.60    -3.94      0.0832     14.45 LEFT    6.9036E-05    -48.59  1.8696E-05    -29.47
   35.00    160.00     -5.30   -16.97    -5.02      0.1073     13.39 LEFT    6.1133E-05    -44.76  1.5958E-05    -19.04
   40.00    160.00     -6.45   -18.26    -6.17      0.1340     12.35 LEFT    5.3608E-05    -38.86  1.3758E-05     -5.72
   45.00    160.00     -7.46   -19.17    -7.18      0.1610     11.53 LEFT    4.7704E-05    -30.28  1.2394E-05      9.87
   50.00    160.00     -8.05   -19.53    -7.75      0.1819     11.06 LEFT    4.4555E-05    -19.57  1.1890E-05     25.40
   55.00    160.00     -8.06   -19.51    -7.76      0.1899     10.69 LEFT    4.4494E-05     -8.85  1.1906E-05     38.37
   60.00    160.00     -7.66   -19.49    -7.38      0.1857     10.02 LEFT    4.6618E-05     -0.39  1.1944E-05     47.91
   65.00    160.00     -7.18   -19.75    -6.95      0.1747      8.98 LEFT    4.9241E-05      5.03  1.1592E-05     54.48
   70.00    160.00     -6.96   -20.52    -6.77      0.1601      7.72 LEFT    5.0542E-05      7.88  1.0603E-05     58.87
   75.00    160.00     -7.27   -22.06    -7.13      0.1434      6.42 LEFT    4.8758E-05      8.93  8.8822E-06     61.75
   80.00    160.00     -8.57   -24.84    -8.47      0.1247      5.14 LEFT    4.1959E-05      8.76  6.4516E-06     63.59
   85.00    160.00    -12.26   -30.33   -12.20      0.1044      3.93 LEFT    2.7440E-05      7.61  3.4282E-06     64.70
   90.00    160.00   -999.99  -999.99  -999.99      0.0000      0.00         2.1725E-15   -174.75  2.0786E-16   -114.76
    0.00    165.00     -2.03   -13.47    -1.73      0.0000     15.00 LINEAR  8.9156E-05    -64.12  2.3889E-05    -64.12
    5.00    165.00     -1.90   -13.78    -1.62      0.0041     14.29 LEFT    9.0502E-05    -60.27  2.3054E-05    -59.29
   10.00    165.00     -1.93   -14.24    -1.68      0.0113     13.61 LEFT    9.0160E-05    -57.16  2.1846E-05    -54.33
   15.00    165.00     -2.16   -14.90    -1.93      0.0213     12.94 LEFT    8.7804E-05    -54.63  2.0262E-05    -49.06
   20.00    165.00     -2.61   -15.76    -2.41      0.0336     12.27 LEFT    8.3358E-05    -52.40  1.8343E-05    -43.21
   25.00    165.00     -3.30   -16.84    -3.11      0.0480     11.57 LEFT    7.7042E-05    -50.07  1.6195E-05    -36.29
   30.00    165.00     -4.21   -18.11    -4.03      0.0647     10.81 LEFT    6.9380E-05    -47.08  1.3991E-05    -27.64
   35.00    165.00     -5.29   -19.46    -5.13      0.0838     10.03 LEFT    6.1213E-05    -42.69  1.1976E-05    -16.48
   40.00    165.00     -6.43   -20.66    -6.27      0.1049      9.30 LEFT    5.3680E-05    -36.07  1.0435E-05     -2.42
   45.00    165.00     -7.38   -21.41    -7.22      0.1257      8.77 LEFT    4.8113E-05    -26.79  9.5743E-06     13.50
   50.00    165.00     -7.85   -21.61    -7.67      0.1406      8.50 LEFT    4.5600E-05    -15.75  9.3547E-06     28.69
   55.00    165.00     -7.73   -21.51    -7.55      0.1450      8.23 LEFT    4.6235E-05     -5.35  9.4678E-06     40.92
   60.00    165.00     -7.25   -21.45    -7.09      0.1408      7.68 LEFT    4.8867E-05      2.40  9.5281E-06     49.72
   65.00    165.00     -6.76   -21.72    -6.62      0.1322      6.85 LEFT    5.1724E-05      7.08  9.2393E-06     55.70
   70.00    165.00     -6.54   -22.51    -6.43      0.1212      5.88 LEFT    5.3014E-05      9.33  8.4318E-06     59.68
   75.00    165.00     -6.88   -24.07    -6.79      0.1085      4.88 LEFT    5.1014E-05      9.95  7.0459E-06     62.28
   80.00    165.00     -8.20   -26.87    -8.14      0.0944      3.91 LEFT    4.3798E-05      9.49  5.1078E-06     63.94
   85.00    165.00    -11.90   -32.37   -11.86      0.0791      2.99 LEFT    2.8599E-05      8.18  2.7108E-06     64.95
   90.00    165.00   -999.99  -999.99  -999.99      0.0000      0.00         2.2631E-15   -174.23  1.6429E-16   -114.56
    0.00    170.00     -1.86   -16.93    -1.73      0.0000     10.00 LINEAR  9.0899E-05    -64.12  1.6028E-05    -64.12
    5.00    170.00     -1.74   -17.25    -1.62      0.0027      9.52 LEFT    9.2117E-05    -60.15  1.5456E-05    -59.19
   10.00    170.00     -1.79   -17.73    -1.68      0.0077      9.07 LEFT    9.1580E-05    -56.92  1.4629E-05    -54.10
   15.00    170.00     -2.05   -18.39    -1.95      0.0145      8.62 LEFT    8.8962E-05    -54.25  1.3547E-05    -48.67
   20.00    170.00     -2.52   -19.27    -2.43      0.0229      8.17 LEFT    8.4205E-05    -51.83  1.2241E-05    -42.60
   25.00    170.00     -3.24   -20.37    -3.15      0.0328      7.70 LEFT    7.7562E-05    -49.27  1.0789E-05    -35.38
   30.00    170.00     -4.18   -21.65    -4.10      0.0443      7.20 LEFT    6.9613E-05    -45.96  9.3152E-06    -26.31
   35.00    170.00     -5.28   -22.97    -5.21      0.0575      6.68 LEFT    6.1274E-05    -41.15  7.9955E-06    -14.62
   40.00    170.00     -6.42   -24.10    -6.35      0.0721      6.22 LEFT    5.3769E-05    -34.01  7.0248E-06     -0.07
   45.00    170.00     -7.32   -24.73    -7.24      0.0861      5.91 LEFT    4.8486E-05    -24.24  6.5307E-06     16.00
   50.00    170.00     -7.69   -24.83    -7.61      0.0955      5.77 LEFT    4.6452E-05    -13.05  6.4570E-06     30.88
   55.00    170.00     -7.48   -24.67    -7.40      0.0977      5.59 LEFT    4.7572E-05     -2.93  6.5756E-06     42.58
   60.00    170.00     -6.96   -24.60    -6.88      0.0945      5.20 LEFT    5.0533E-05      4.29  6.6268E-06     50.88
   65.00    170.00     -6.46   -24.88    -6.40      0.0886      4.62 LEFT    5.3521E-05      8.46  6.4194E-06     56.49
   70.00    170.00     -6.26   -25.69    -6.21      0.0812      3.96 LEFT    5.4775E-05     10.32  5.8480E-06     60.19
   75.00    170.00     -6.61   -27.26    -6.57      0.0728      3.29 LEFT    5.2603E-05     10.65  4.8782E-06     62.61
   80.00    170.00     -7.95   -30.07    -7.92      0.0634      2.64 LEFT    4.5085E-05     10.00  3.5314E-06     64.16
   85.00    170.00    -11.66   -35.58   -11.64      0.0531      2.02 LEFT    2.9406E-05      8.57  1.8725E-06     65.10
   90.00    170.00   -999.99  -999.99  -999.99      0.0000      0.00         2.3260E-15   -173.87  1.1346E-16   -114.42
    0.00    175.00     -1.76   -22.92    -1.73      0.0000      5.00 LINEAR  9.1950E-05    -64.12  8.0446E-06    -64.12
    5.00    175.00     -1.65   -23.24    -1.62      0.0014      4.76 LEFT    9.3090E-05    -60.09  7.7540E-06    -59.13
   10.00    175.00     -1.71   -23.72    -1.69      0.0039      4.53 LEFT    9.2433E-05    -56.78  7.3340E-06    -53.96
   15.00    175.00     -1.98   -24.40    -1.95      0.0073      4.31 LEFT    8.9655E-05    -54.01  6.7848E-06    -48.43
   20.00    175.00     -2.47   -25.29    -2.45      0.0116      4.08 LEFT    8.4708E-05    -51.49  6.1241E-06    -42.23
   25.00    175.00     -3.20   -26.39    -3.18      0.0166      3.85 LEFT    7.7867E-05    -48.78  5.3920E-06    -34.82
   30.00    175.00     -4.16   -27.67    -4.14      0.0225      3.60 LEFT    6.9749E-05    -45.28  4.6546E-06    -25.49
   35.00    175.00     -5.28   -28.98    -5.26      0.0292      3.34 LEFT    6.1314E-05    -40.20  4.0026E-06    -13.49
   40.00    175.00     -6.41   -30.06    -6.39      0.0367      3.12 LEFT    5.3840E-05    -32.74  3.5354E-06      1.34
   45.00    175.00     -7.27   -30.63    -7.25      0.0437      2.98 LEFT    4.8744E-05    -22.70  3.3126E-06     17.46
   50.00    175.00     -7.59   -30.67    -7.57      0.0482      2.92 LEFT    4.7006E-05    -11.44  3.2970E-06     32.14
   55.00    175.00     -7.33   -30.48    -7.31      0.0491      2.82 LEFT    4.8411E-05     -1.52  3.3683E-06     43.52
   60.00    175.00     -6.78   -30.41    -6.77      0.0474      2.62 LEFT    5.1554E-05      5.39  3.3963E-06     51.54
   65.00    175.00     -6.29   -30.69    -6.27      0.0444      2.33 LEFT    5.4607E-05      9.26  3.2876E-06     56.93
   70.00    175.00     -6.09   -31.51    -6.08      0.0408      1.99 LEFT    5.5829E-05     10.89  2.9916E-06     60.48
   75.00    175.00     -6.46   -33.10    -6.45      0.0365      1.65 LEFT    5.3547E-05     11.05  2.4929E-06     62.79
   80.00    175.00     -7.80   -35.91    -7.80      0.0318      1.33 LEFT    4.5844E-05     10.29  1.8031E-06     64.27
   85.00    175.00    -11.52   -41.42   -11.52      0.0266      1.02 LEFT    2.9880E-05      8.80  9.5562E-07     65.18
   90.00    175.00   -999.99  -999.99  -999.99      0.0000      0.00         2.3630E-15   -173.66  5.7890E-17   -114.35
    0.00    180.00     -1.73  -999.99    -1.73      0.0000     -0.00 LINEAR  9.2301E-05    -64.12  9.4210E-16   -244.12
    5.00    180.00     -1.62  -999.99    -1.62      0.0000     -0.00 LINEAR  9.3414E-05    -60.07  9.0793E-16   -239.11
   10.00    180.00     -1.69  -999.99    -1.69      0.0000     -0.00 LINEAR  9.2717E-05    -56.73  8.5855E-16   -233.91
   15.00    180.00     -1.96  -999.99    -1.96      0.0000     -0.00 LINEAR  8.9886E-05    -53.93  7.9400E-16   -228.35
   20.00    180.00     -2.45  -999.99    -2.45      0.0000     -0.00 LINEAR  8.4875E-05    -51.37  7.1641E-16   -222.10
   25.00    180.00     -3.19  -999.99    -3.19      0.0000     -0.00 LINEAR  7.7967E-05    -48.61  6.3057E-16   -214.63
   30.00    180.00     -4.15  -999.99    -4.15      0.0000     -0.00 LINEAR  6.9793E-05    -45.05  5.4430E-16   -205.22
   35.00    180.00     -5.28  -999.99    -5.28      0.0000     -0.00 LINEAR  6.1328E-05    -39.88  4.6837E-16   -193.11
   40.00    180.00     -6.40  -999.99    -6.40      0.0000     -0.00 LINEAR  5.3867E-05    -32.32  4.1446E-16   -178.20
   45.00    180.00     -7.26  -999.99    -7.26      0.0000     -0.00 LINEAR  4.8836E-05    -22.19  3.8934E-16   -162.05
   50.00    180.00     -7.55  -999.99    -7.55      0.0000     -0.00 LINEAR  4.7197E-05    -10.91  3.8833E-16   -147.45
   55.00    180.00     -7.28  -999.99    -7.28      0.0000     -0.00 LINEAR  4.8697E-05     -1.06  3.9712E-16   -136.18
   60.00    180.00     -6.73  -999.99    -6.73      0.0000     -0.00 LINEAR  5.1898E-05      5.75  4.0047E-16   -128.25
   65.00    180.00     -6.23  -999.99    -6.23      0.0000     -0.00 LINEAR  5.4970E-05      9.53  3.8756E-16   -122.93
   70.00    180.00     -6.04  -999.99    -6.04      0.0000     -0.00 LINEAR  5.6179E-05     11.08  3.5253E-16   -119.43
   75.00    180.00     -6.40  -999.99    -6.40      0.0000     -0.00 LINEAR  5.3859E-05     11.19  2.9365E-16   -117.15
   80.00    180.00     -7.76  -999.99    -7.76      0.0000     -0.00 LINEAR  4.6095E-05     10.39  2.1235E-16   -115.69
   85.00    180.00    -11.48  -999.99   -11.48      0.0000     -0.00 LINEAR  3.0037E-05      8.88  1.1252E-16   -114.80
   90.00    180.00   -999.99  -999.99  -999.99      0.0000      0.00         2.3752E-15   -173.60  6.8157E-27     65.66
    0.00    185.00     -1.76   -22.92    -1.73      0.0000     -5.00 LINEAR  9.1950E-05    -64.12  8.0446E-06   -244.12
    5.00    185.00     -1.65   -23.24    -1.62      0.0014     -4.76 RIGHT   9.3090E-05    -60.09  7.7540E-06   -239.13
   10.00    185.00     -1.71   -23.72    -1.69      0.0039     -4.53 RIGHT   9.2433E-05    -56.78  7.3340E-06   -233.96
   15.00    185.00     -1.98   -24.40    -1.95      0.0073     -4.31 RIGHT   8.9655E-05    -54.01  6.7848E-06   -228.43
   20.00    185.00     -2.47   -25.29    -2.45      0.0116     -4.08 RIGHT   8.4708E-05    -51.49  6.1241E-06   -222.23
   25.00    185.00     -3.20   -26.39    -3.18      0.0166     -3.85 RIGHT   7.7867E-05    -48.78  5.3920E-06   -214.82
   30.00    185.00     -4.16   -27.67    -4.14      0.0225     -3.60 RIGHT   6.9749E-05    -45.28  4.6546E-06   -205.49
   35.00    185.00     -5.28   -28.98    -5.26      0.0292     -3.34 RIGHT   6.1314E-05    -40.20  4.0026E-06   -193.49
   40.00    185.00     -6.41   -30.06    -6.39      0.0367     -3.12 RIGHT   5.3840E-05    -32.74  3.5354E-06   -178.66
   45.00    185.00     -7.27   -30.63    -7.25      0.0437     -2.98 RIGHT   4.8744E-05    -22.70  3.3126E-06   -162.54
   50.00    185.00     -7.59   -30.67    -7.57      0.0482     -2.92 RIGHT   4.7006E-05    -11.44  3.2970E-06   -147.86
   55.00    185.00     -7.33   -30.48    -7.31      0.0491     -2.82 RIGHT   4.8411E-05     -1.52  3.3683E-06   -136.48
   60.00    185.00     -6.78   -30.41    -6.77      0.0474     -2.62 RIGHT   5.1554E-05      5.39  3.3963E-06   -128.46
   65.00    185.00     -6.29   -30.69    -6.27      0.0444     -2.33 RIGHT   5.4607E-05      9.26  3.2876E-06   -123.07
   70.00    185.00     -6.09   -31.51    -6.08      0.0408     -1.99 RIGHT   5.5829E-05     10.89  2.9916E-06   -119.52
   75.00    185.00     -6.46   -33.10    -6.45      0.0365     -1.65 RIGHT   5.3547E-05     11.05  2.4929E-06   -117.21
   80.00    185.00     -7.80   -35.91    -7.80      0.0318     -1.33 RIGHT   4.5844E-05     10.29  1.8031E-06   -115.73
   85.00    185.00    -11.52   -41.42   -11.52      0.0266     -1.02 RIGHT   2.9880E-05      8.80  9.5562E-07   -114.82
   90.00    185.00   -999.99  -999.99  -999.99      0.0000      0.00         2.3630E-15   -173.66  5.7889E-17     65.64
    0.00    190.00     -1.86   -16.93    -1.73      0.0000    -10.00 LINEAR  9.0899E-05    -64.12  1.6028E-05   -244.12
    5.00    190.00     -1.74   -17.25    -1.62      0.0027     -9.52 RIGHT   9.2117E-05    -60.15  1.5456E-05   -239.19
   10.00    190.00     -1.79   -17.73    -1.68      0.0077     -9.07 RIGHT   9.1580E-05    -56.92  1.4629E-05   -234.10
   15.00    190.00     -2.05   -18.39    -1.95      0.0145     -8.62 RIGHT   8.8962E-05    -54.25  1.3547E-05   -228.67
   20.00    190.00     -2.52   -19.27    -2.43      0.0229     -8.17 RIGHT   8.4205E-05    -51.83  1.2241E-05   -222.60
   25.00    190.00     -3.24   -20.37    -3.15      0.0328     -7.70 RIGHT   7.7562E-05    -49.27  1.0789E-05   -215.38
   30.00    190.00     -4.18   -21.65    -4.10      0.0443     -7.20 RIGHT   6.9613E-05    -45.96  9.3152E-06   -206.31
   35.00    190.00     -5.28   -22.97    -5.21      0.0575     -6.68 RIGHT   6.1274E-05    -41.15  7.9955E-06   -194.62
   40.00    190.00     -6.42   -24.10    -6.35      0.0721     -6.22 RIGHT   5.3769E-05    -34.01  7.0248E-06   -180.07
   45.00    190.00     -7.32   -24.73    -7.24      0.0861     -5.91 RIGHT   4.8486E-05    -24.24  6.5307E-06   -164.00
   50.00    190.00     -7.69   -24.83    -7.61      0.0955     -5.77 RIGHT   4.6452E-05    -13.05  6.4570E-06   -149.12
   55.00    190.00     -7.48   -24.67    -7.40      0.0977     -5.59 RIGHT   4.7572E-05     -2.93  6.5756E-06   -137.42
   60.00    190.00     -6.96   -24.60    -6.88      0.0945     -5.20 RIGHT   5.0533E-05      4.29  6.6268E-06   -129.12
   65.00    190.00     -6.46   -24.88    -6.40      0.0886     -4.62 RIGHT   5.3521E-05      8.46  6.4194E-06   -123.51
   70.00    190.00     -6.26   -25.69    -6.21      0.0812     -3.96 RIGHT   5.4775E-05     10.32  5.8480E-06   -119.81
   75.00    190.00     -6.61   -27.26    -6.57      0.0728     -3.29 RIGHT   5.2603E-05     10.65  4.8782E-06   -117.39
   80.00    190.00     -7.95   -30.07    -7.92      0.0634     -2.64 RIGHT   4.5085E-05     10.00  3.5314E-06   -115.84
   85.00    190.00    -11.66   -35.58   -11.64      0.0531     -2.02 RIGHT   2.9406E-05      8.57  1.8725E-06   -114.90
   90.00    190.00   -999.99  -999.99  -999.99      0.0000      0.00         2.3260E-15   -173.87  1.1345E-16     65.57
    0.00    195.00     -2.03   -13.47    -1.73      0.0000    -15.00 LINEAR  8.9156E-05    -64.12  2.3889E-05   -244.12
    5.00    195.00     -1.90   -13.78    -1.62      0.0041    -14.29 RIGHT   9.0502E-05    -60.27  2.3054E-05   -239.29
   10.00    195.00     -1.93   -14.24    -1.68      0.0113    -13.61 RIGHT   9.0160E-05    -57.16  2.1846E-05   -234.33
   15.00    195.00     -2.16   -14.90    -1.93      0.0213    -12.94 RIGHT   8.7804E-05    -54.63  2.0262E-05   -229.06
   20.00    195.00     -2.61   -15.76    -2.41      0.0336    -12.27 RIGHT   8.3358E-05    -52.40  1.8343E-05   -223.21
   25.00    195.00     -3.30   -16.84    -3.11      0.0480    -11.57 RIGHT   7.7042E-05    -50.07  1.6195E-05   -216.29
   30.00    195.00     -4.21   -18.11    -4.03      0.0647    -10.81 RIGHT   6.9380E-05    -47.08  1.3991E-05   -207.64
   35.00    195.00     -5.29   -19.46    -5.13      0.0838    -10.03 RIGHT   6.1213E-05    -42.69  1.1976E-05   -196.48
   40.00    195.00     -6.43   -20.66    -6.27      0.1049     -9.30 RIGHT   5.3680E-05    -36.07  1.0435E-05   -182.42
   45.00    195.00     -7.38   -21.41    -7.22      0.1257     -8.77 RIGHT   4.8113E-05    -26.79  9.5743E-06   -166.50
   50.00    195.00     -7.85   -21.61    -7.67      0.1406     -8.50 RIGHT   4.5600E-05    -15.75  9.3547E-06   -151.31
   55.00    195.00     -7.73   -21.51    -7.55      0.1450     -8.23 RIGHT   4.6235E-05     -5.35  9.4678E-06   -139.08
   60.00    195.00     -7.25   -21.45    -7.09      0.1408     -7.68 RIGHT   4.8867E-05      2.40  9.5281E-06   -130.28
   65.00    195.00     -6.76   -21.72    -6.62      0.1322     -6.85 RIGHT   5.1724E-05      7.08  9.2393E-06   -124.30
   70.00    195.00     -6.54   -22.51    -6.43      0.1212     -5.88 RIGHT   5.3014E-05      9.33  8.4318E-06   -120.32
   75.00    195.00     -6.88   -24.07    -6.79      0.1085     -4.88 RIGHT   5.1014E-05      9.95  7.0459E-06   -117.72
   80.00    195.00     -8.20   -26.87    -8.14      0.0944     -3.91 RIGHT   4.3798E-05      9.49  5.1078E-06   -116.06
   85.00    195.00    -11.90   -32.37   -11.86      0.0791     -2.99 RIGHT   2.8599E-05      8.18  2.7108E-06   -115.05
   90.00    195.00   -999.99  -999.99  -999.99      0.0000      0.00         2.2631E-15   -174.23  1.6430E-16     65.44
    0.00    200.00     -2.27   -11.04    -1.73      0.0000    -20.00 LINEAR  8.6735E-05    -64.12  3.1569E-05   -244.12
    5.00    200.00     -2.12   -11.35    -1.63      0.0053    -19.06 RIGHT   8.8254E-05    -60.42  3.0496E-05   -239.44
   10.00    200.00     -2.12   -11.80    -1.68      0.0147    -18.16 RIGHT   8.8175E-05    -57.49  2.8946E-05   -234.64
   15.00    200.00     -2.32   -12.43    -1.92      0.0276    -17.28 RIGHT   8.6174E-05    -55.16  2.6905E-05   -229.60
   20.00    200.00     -2.74   -13.27    -2.37      0.0434    -16.39 RIGHT   8.2154E-05    -53.18  2.4422E-05   -224.04
   25.00    200.00     -3.38   -14.33    -3.05      0.0620    -15.46 RIGHT   7.6290E-05    -51.16  2.1616E-05   -217.54
   30.00    200.00     -4.25   -15.60    -3.94      0.0832    -14.45 RIGHT   6.9036E-05    -48.59  1.8696E-05   -209.47
   35.00    200.00     -5.30   -16.97    -5.02      0.1073    -13.39 RIGHT   6.1133E-05    -44.76  1.5958E-05   -199.04
   40.00    200.00     -6.45   -18.26    -6.17      0.1340    -12.35 RIGHT   5.3608E-05    -38.86  1.3758E-05   -185.72
   45.00    200.00     -7.46   -19.17    -7.18      0.1610    -11.53 RIGHT   4.7704E-05    -30.28  1.2394E-05   -170.13
   50.00    200.00     -8.05   -19.53    -7.75      0.1819    -11.06 RIGHT   4.4555E-05    -19.57  1.1890E-05   -154.60
   55.00    200.00     -8.06   -19.51    -7.76      0.1899    -10.69 RIGHT   4.4494E-05     -8.85  1.1906E-05   -141.63
   60.00    200.00     -7.66   -19.49    -7.38      0.1857    -10.02 RIGHT   4.6618E-05     -0.39  1.1944E-05   -132.09
   65.00    200.00     -7.18   -19.75    -6.95      0.1747     -8.98 RIGHT   4.9241E-05      5.03  1.1592E-05   -125.52
   70.00    200.00     -6.96   -20.52    -6.77      0.1601     -7.72 RIGHT   5.0542E-05      7.88  1.0603E-05   -121.13
   75.00    200.00     -7.27   -22.06    -7.13      0.1434     -6.42 RIGHT   4.8758E-05      8.93  8.8822E-06   -118.25
   80.00    200.00     -8.57   -24.84    -8.47      0.1247     -5.14 RIGHT   4.1959E-05      8.76  6.4516E-06   -116.41
   85.00    200.00    -12.26   -30.33   -12.20      0.1044     -3.93 RIGHT   2.7440E-05      7.61  3.4282E-06   -115.30
   90.00    200.00   -999.99  -999.99  -999.99      0.0000      0.00         2.1725E-15   -174.75  2.0787E-16     65.23
    0.00    205.00     -2.58    -9.21    -1.73      0.0000    -25.00 LINEAR  8.3653E-05    -64.12  3.9008E-05   -244.12
    5.00    205.00     -2.40    -9.50    -1.63      0.0064    -23.84 RIGHT   8.5385E-05    -60.62  3.7732E-05   -239.62
   10.00    205.00     -2.38    -9.93    -1.67      0.0178    -22.72 RIGHT   8.5629E-05    -57.91  3.5886E-05   -235.04
   15.00    205.00     -2.54   -10.54    -1.90      0.0333    -21.63 RIGHT   8.4065E-05    -55.83  3.3449E-05   -230.28
   20.00    205.00     -2.91   -11.35    -2.33      0.0522    -20.53 RIGHT   8.0574E-05    -54.15  3.0463E-05   -225.09
   25.00    205.00     -3.50   -12.38    -2.97      0.0743    -19.38 RIGHT   7.5280E-05    -52.51  2.7056E-05   -219.09
   30.00    205.00     -4.31   -13.63    -3.83      0.0992    -18.14 RIGHT   6.8555E-05    -50.44  2.3450E-05   -211.72
   35.00    205.00     -5.32   -15.02    -4.88      0.1272    -16.79 RIGHT   6.1028E-05    -47.29  1.9969E-05   -202.23
   40.00    205.00     -6.45   -16.41    -6.03      0.1581    -15.42 RIGHT   5.3585E-05    -42.26  1.7020E-05   -189.94
   45.00    205.00     -7.52   -17.51    -7.11      0.1902    -14.22 RIGHT   4.7347E-05    -34.62  1.4988E-05   -174.98
   50.00    205.00     -8.27   -18.10    -7.84      0.2173    -13.43 RIGHT   4.3454E-05    -24.48  1.4009E-05   -159.21
   55.00    205.00     -8.46   -18.24    -8.03      0.2305    -12.89 RIGHT   4.2488E-05    -13.54  1.3783E-05   -145.33
   60.00    205.00     -8.18   -18.27    -7.78      0.2279    -12.13 RIGHT   4.3885E-05     -4.23  1.3734E-05   -134.75
   65.00    205.00     -7.75   -18.53    -7.40      0.2152    -10.94 RIGHT   4.6121E-05      2.18  1.3328E-05   -127.35
   70.00    205.00     -7.52   -19.29    -7.24      0.1975     -9.44 RIGHT   4.7368E-05      5.87  1.2223E-05   -122.36
   75.00    205.00     -7.81   -20.80    -7.60      0.1767     -7.86 RIGHT   4.5818E-05      7.52  1.0270E-05   -119.08
   80.00    205.00     -9.09   -23.55    -8.94      0.1537     -6.30 RIGHT   3.9537E-05      7.75  7.4788E-06   -116.97
   85.00    205.00    -12.76   -29.03   -12.66      0.1286     -4.81 RIGHT   2.5905E-05      6.82  3.9805E-06   -115.72
   90.00    205.00   -999.99  -999.99  -999.99      0.0000      0.00         2.0523E-15   -175.46  2.4149E-16     64.86
    0.00    210.00     -2.98    -7.75    -1.73      0.0000    -30.00 LINEAR  7.9935E-05    -64.12  4.6151E-05   -244.12
    5.00    210.00     -2.76    -8.02    -1.63      0.0075    -28.63 RIGHT   8.1912E-05    -60.85  4.4710E-05   -239.83
   10.00    210.00     -2.70    -8.44    -1.67      0.0205    -27.30 RIGHT   8.2528E-05    -58.41  4.2626E-05   -235.52
   15.00    210.00     -2.81    -9.02    -1.88      0.0382    -26.01 RIGHT   8.1469E-05    -56.63  3.9863E-05   -231.08
   20.00    210.00     -3.12    -9.80    -2.28      0.0598    -24.71 RIGHT   7.8596E-05    -55.30  3.6453E-05   -226.32
   25.00    210.00     -3.65   -10.79    -2.88      0.0846    -23.35 RIGHT   7.3979E-05    -54.09  3.2517E-05   -220.91
   30.00    210.00     -4.39   -12.00    -3.70      0.1124    -21.87 RIGHT   6.7903E-05    -52.58  2.8276E-05   -214.36
   35.00    210.00     -5.34   -13.40    -4.71      0.1431    -20.25 RIGHT   6.0873E-05    -50.19  2.4058E-05   -205.98
   40.00    210.00     -6.44   -14.88    -5.86      0.1766    -18.54 RIGHT   5.3625E-05    -46.15  2.0290E-05   -195.00
   45.00    210.00     -7.57   -16.21    -7.01      0.2118    -16.91 RIGHT   4.7122E-05    -39.67  1.7423E-05   -181.11
   50.00    210.00     -8.47   -17.10    -7.91      0.2441    -15.64 RIGHT   4.2450E-05    -30.43  1.5730E-05   -165.44
   55.00    210.00     -8.90   -17.48    -8.34      0.2638    -14.80 RIGHT   4.0399E-05    -19.53  1.5047E-05   -150.58
   60.00    210.00     -8.81   -17.63    -8.28      0.2652    -13.94 RIGHT   4.0813E-05     -9.31  1.4793E-05   -138.66
   65.00    210.00     -8.47   -17.91    -8.00      0.2524    -12.66 RIGHT   4.2448E-05     -1.65  1.4316E-05   -130.07
   70.00    210.00     -8.26   -18.65    -7.88      0.2320    -10.99 RIGHT   4.3524E-05      3.15  1.3158E-05   -124.21
   75.00    210.00     -8.53   -20.13    -8.24      0.2077     -9.18 RIGHT   4.2191E-05      5.63  1.1094E-05   -120.33
   80.00    210.00     -9.78   -22.86    -9.57      0.1805     -7.36 RIGHT   3.6511E-05      6.40  8.1041E-06   -117.85
   85.00    210.00    -13.44   -28.32   -13.30      0.1512     -5.61 RIGHT   2.3973E-05      5.79  4.3222E-06   -116.40
   90.00    210.00   -999.99  -999.99  -999.99      0.0000      0.00         1.9007E-15   -176.40  2.6240E-16     64.24
    0.00    215.00     -3.46    -6.55    -1.73      0.0000    -35.00 LINEAR  7.5609E-05    -64.12  5.2942E-05   -244.12
    5.00    215.00     -3.20    -6.81    -1.63      0.0084    -33.42 RIGHT   7.7855E-05    -61.13  5.1381E-05   -240.09
   10.00    215.00     -3.09    -7.20    -1.67      0.0229    -31.90 RIGHT   7.8880E-05    -58.99  4.9121E-05   -236.07
   15.00    215.00     -3.15    -7.75    -1.86      0.0423    -30.41 RIGHT   7.8378E-05    -57.55  4.6111E-05   -232.00
   20.00    215.00     -3.39    -8.49    -2.22      0.0659    -28.92 RIGHT   7.6194E-05    -56.60  4.2368E-05   -227.72
   25.00    215.00     -3.84    -9.44    -2.78      0.0927    -27.36 RIGHT   7.2344E-05    -55.86  3.7996E-05   -222.95
   30.00    215.00     -4.50   -10.61    -3.55      0.1224    -25.68 RIGHT   6.7027E-05    -54.95  3.3199E-05   -217.30
   35.00    215.00     -5.38   -12.00    -4.52      0.1545    -23.82 RIGHT   6.0625E-05    -53.35  2.8287E-05   -210.16
   40.00    215.00     -6.43   -13.54    -5.66      0.1888    -21.78 RIGHT   5.3712E-05    -50.38  2.3675E-05   -200.78
   45.00    215.00     -7.57   -15.08    -6.86      0.2248    -19.70 RIGHT   4.7077E-05    -45.22  1.9840E-05   -188.49
   50.00    215.00     -8.63   -16.33    -7.95      0.2597    -17.84 RIGHT   4.1686E-05    -37.25  1.7183E-05   -173.57
   55.00    215.00     -9.33   -17.08    -8.66      0.2857    -16.48 RIGHT   3.8440E-05    -26.83  1.5751E-05   -158.00
   60.00    215.00     -9.52   -17.46    -8.88      0.2935    -15.39 RIGHT   3.7606E-05    -15.89  1.5084E-05   -144.43
   65.00    215.00     -9.35   -17.82    -8.77      0.2832    -14.05 RIGHT   3.8361E-05     -6.77  1.4465E-05   -134.19
   70.00    215.00     -9.19   -18.56    -8.72      0.2618    -12.31 RIGHT   3.9079E-05     -0.52  1.3296E-05   -127.06
   75.00    215.00     -9.46   -20.01    -9.09      0.2346    -10.33 RIGHT   3.7897E-05      3.08  1.1249E-05   -122.31
   80.00    215.00    -10.69   -22.70   -10.43      0.2041     -8.31 RIGHT   3.2879E-05      4.60  8.2470E-06   -119.27
   85.00    215.00    -14.33   -28.14   -14.15      0.1709     -6.34 RIGHT   2.1636E-05      4.41  4.4095E-06   -117.51
   90.00    215.00   -999.99  -999.99  -999.99      0.0000      0.00         1.7168E-15   -177.64  2.6792E-16     63.23
    0.00    220.00     -4.04    -5.56    -1.73      0.0000    -40.00 LINEAR  7.0707E-05    -64.12  5.9330E-05   -244.12
    5.00    220.00     -3.74    -5.81    -1.64      0.0092    -38.23 RIGHT   7.3238E-05    -61.45  5.7696E-05   -240.37
   10.00    220.00     -3.56    -6.17    -1.66      0.0247    -36.52 RIGHT   7.4694E-05    -59.65  5.5327E-05   -236.69
   15.00    220.00     -3.55    -6.68    -1.83      0.0455    -34.85 RIGHT   7.4784E-05    -58.58  5.2157E-05   -233.03
   20.00    220.00     -3.72    -7.37    -2.17      0.0704    -33.18 RIGHT   7.3339E-05    -58.04  4.8182E-05   -229.25
   25.00    220.00     -4.09    -8.26    -2.68      0.0986    -31.45 RIGHT   7.0327E-05    -57.78  4.3483E-05   -225.17
   30.00    220.00     -4.66    -9.38    -3.40      0.1292    -29.58 RIGHT   6.5863E-05    -57.47  3.8236E-05   -220.46
   35.00    220.00     -5.44   -10.73    -4.31      0.1615    -27.51 RIGHT   6.0209E-05    -56.67  3.2717E-05   -214.64
   40.00    220.00     -6.42   -12.31    -5.42      0.1950    -25.22 RIGHT   5.3789E-05    -54.78  2.7304E-05   -207.04
   45.00    220.00     -7.55   -14.00    -6.66      0.2292    -22.75 RIGHT   4.7205E-05    -51.04  2.2455E-05   -196.89
   50.00    220.00     -8.72   -15.62    -7.91      0.2629    -20.30 RIGHT   4.1254E-05    -44.66  1.8634E-05   -183.70
   55.00    220.00     -9.71   -16.89    -8.95      0.2917    -18.20 RIGHT   3.6828E-05    -35.34  1.6114E-05   -168.29
   60.00    220.00    -10.27   -17.68    -9.54      0.3067    -16.60 RIGHT   3.4528E-05    -24.19  1.4707E-05   -153.15
   65.00    220.00    -10.38   -18.25    -9.73      0.3024    -15.11 RIGHT   3.4071E-05    -13.61  1.3766E-05   -140.69
   70.00    220.00    -10.36   -19.04    -9.81      0.2828    -13.32 RIGHT   3.4162E-05     -5.53  1.2573E-05   -131.65
   75.00    220.00    -10.66   -20.48   -10.23      0.2546    -11.26 RIGHT   3.3004E-05     -0.41  1.0656E-05   -125.54
   80.00    220.00    -11.88   -23.14   -11.57      0.2219     -9.10 RIGHT   2.8667E-05      2.15  7.8415E-06   -121.65
   85.00    220.00    -15.50   -28.55   -15.29      0.1861     -6.96 RIGHT   1.8901E-05      2.55  4.2051E-06   -119.42
   90.00    220.00   -999.99  -999.99  -999.99      0.0000      0.00         1.5010E-15   -179.31  2.5580E-16     61.47
    0.00    225.00     -4.74    -4.74    -1.73      0.0000    -45.00 LINEAR  6.5267E-05    -64.12  6.5267E-05   -244.12
    5.00    225.00     -4.37    -4.96    -1.64      0.0098    -43.05 RIGHT   6.8090E-05    -61.81  6.3609E-05   -240.68
   10.00    225.00     -4.13    -5.30    -1.66      0.0261    -41.16 RIGHT   6.9987E-05    -60.38  6.1198E-05   -237.36
   15.00    225.00     -4.04    -5.77    -1.81      0.0477    -39.32 RIGHT   7.0684E-05    -59.70  5.7955E-05   -234.13
   20.00    225.00     -4.13    -6.41    -2.11      0.0733    -37.49 RIGHT   7.0003E-05    -59.58  5.3857E-05   -230.90
   25.00    225.00     -4.40    -7.23    -2.58      0.1020    -35.60 RIGHT   6.7872E-05    -59.81  4.8955E-05   -227.52
   30.00    225.00     -4.86    -8.28    -3.23      0.1327    -33.58 RIGHT   6.4330E-05    -60.09  4.3392E-05   -223.76
   35.00    225.00     -5.54    -9.57    -4.09      0.1642    -31.37 RIGHT   5.9531E-05    -60.06  3.7401E-05   -219.27
   40.00    225.00     -6.42   -11.12    -5.15      0.1956    -28.91 RIGHT   5.3755E-05    -59.21  3.1308E-05   -213.54
   45.00    225.00     -7.51   -12.89    -6.40      0.2261    -26.19 RIGHT   4.7431E-05    -56.90  2.5517E-05   -205.87
   50.00    225.00     -8.74   -14.80    -7.78      0.2548    -23.31 RIGHT   4.1165E-05    -52.32  2.0481E-05   -195.45
   55.00    225.00     -9.97   -16.63    -9.12      0.2803    -20.50 RIGHT   3.5730E-05    -44.75  1.6602E-05   -181.91
   60.00    225.00    -10.96   -18.09   -10.19      0.2980    -18.07 RIGHT   3.1886E-05    -34.31  1.4022E-05   -166.35
   65.00    225.00    -11.52   -19.16   -10.83      0.3010    -16.06 RIGHT   2.9887E-05    -22.71  1.2401E-05   -151.48
   70.00    225.00    -11.78   -20.17   -11.20      0.2872    -14.11 RIGHT   2.8994E-05    -12.56  1.1039E-05   -139.63
   75.00    225.00    -12.20   -21.66   -11.73      0.2615    -11.99 RIGHT   2.7641E-05     -5.39  9.2996E-06   -131.29
   80.00    225.00    -13.44   -24.31   -13.10      0.2292     -9.75 RIGHT   2.3949E-05     -1.34  6.8549E-06   -125.94
   85.00    225.00    -17.06   -29.70   -16.83      0.1928     -7.49 RIGHT   1.5803E-05     -0.08  3.6864E-06   -122.90
   90.00    225.00   -999.99  -999.99  -999.99      0.0000      0.00         1.2558E-15   -181.66  2.2452E-16     58.25
    0.00    230.00     -5.56    -4.04    -1.73      0.0000    -50.00 LINEAR  5.9330E-05    -64.12  7.0707E-05   -244.12
    5.00    230.00     -5.12    -4.24    -1.65      0.0103    -47.89 RIGHT   6.2443E-05    -62.20  6.9072E-05   -241.02
   10.00    230.00     -4.80    -4.55    -1.66      0.0269    -45.83 RIGHT   6.4775E-05    -61.18  6.6687E-05   -238.09
   15.00    230.00     -4.63    -4.98    -1.79      0.0488    -43.84 RIGHT   6.6075E-05    -60.91  6.3460E-05   -235.31
   20.00    230.00     -4.62    -5.56    -2.05      0.0746    -41.86 RIGHT   6.6160E-05    -61.22  5.9348E-05   -232.63
   25.00    230.00     -4.78    -6.32    -2.47      0.1031    -39.84 RIGHT   6.4925E-05    -61.91  5.4377E-05   -229.95
   30.00    230.00     -5.13    -7.29    -3.07      0.1330    -37.71 RIGHT   6.2343E-05    -62.75  4.8653E-05   -227.12
   35.00    230.00     -5.69    -8.49    -3.86      0.1630    -35.41 RIGHT   5.8474E-05    -63.43  4.2364E-05   -223.91
   40.00    230.00     -6.47    -9.96    -4.86      0.1916    -32.88 RIGHT   5.3473E-05    -63.56  3.5781E-05   -219.99
   45.00    230.00     -7.47   -11.71    -6.08      0.2174    -30.10 RIGHT   4.7616E-05    -62.60  2.9246E-05   -214.86
   50.00    230.00     -8.71   -13.74    -7.52      0.2391    -27.08 RIGHT   4.1326E-05    -59.88  2.3152E-05   -207.84
   55.00    230.00    -10.10   -15.97    -9.10      0.2558    -23.91 RIGHT   3.5202E-05    -54.57  1.7901E-05   -198.11
   60.00    230.00    -11.50   -18.22   -10.66      0.2666    -20.76 RIGHT   2.9970E-05    -46.02  1.3819E-05   -185.14
   65.00    230.00    -12.65   -20.22   -11.95      0.2695    -17.86 RIGHT   2.6233E-05    -34.67  1.0977E-05   -169.80
   70.00    230.00    -13.45   -21.92   -12.87      0.2617    -15.25 RIGHT   2.3940E-05    -22.72  9.0246E-06   -154.82
   75.00    230.00    -14.16   -23.74   -13.71      0.2427    -12.80 RIGHT   2.2052E-05    -12.94  7.3202E-06   -142.88
   80.00    230.00    -15.52   -26.49   -15.18      0.2156    -10.39 RIGHT   1.8867E-05     -6.70  5.3345E-06   -134.80
   85.00    230.00    -19.15   -31.89   -18.92      0.1830     -8.01 RIGHT   1.2416E-05     -4.12  2.8649E-06   -130.20
   90.00    230.00   -999.99  -999.99  -999.99      0.0000      0.00         9.8650E-16   -185.27  1.7453E-16     51.43
    0.00    235.00     -6.55    -3.46    -1.73      0.0000    -55.00 LINEAR  5.2942E-05    -64.12  7.5609E-05   -244.12
    5.00    235.00     -6.01    -3.64    -1.66      0.0106    -52.74 RIGHT   5.6334E-05    -62.64  7.4044E-05   -241.38
   10.00    235.00     -5.60    -3.91    -1.67      0.0273    -50.54 RIGHT   5.9083E-05    -62.05  7.1747E-05   -238.86
   15.00    235.00     -5.33    -4.30    -1.77      0.0489    -48.40 RIGHT   6.0962E-05    -62.19  6.8619E-05   -236.55
   20.00    235.00     -5.21    -4.83    -2.00      0.0742    -46.29 RIGHT   6.1790E-05    -62.93  6.4601E-05   -234.42
   25.00    235.00     -5.26    -5.51    -2.37      0.1019    -44.16 RIGHT   6.1435E-05    -64.07  5.9697E-05   -232.43
   30.00    235.00     -5.49    -6.39    -2.91      0.1304    -41.96 RIGHT   5.9816E-05    -65.41  5.3978E-05   -230.47
   35.00    235.00     -5.93    -7.48    -3.62      0.1583    -39.64 RIGHT   5.6914E-05    -66.73  4.7591E-05   -228.44
   40.00    235.00     -6.58    -8.83    -4.55      0.1840    -37.15 RIGHT   5.2782E-05    -67.72  4.0758E-05   -226.14
   45.00    235.00     -7.48   -10.46    -5.71      0.2054    -34.48 RIGHT   4.7571E-05    -68.00  3.3765E-05   -223.31
   50.00    235.00     -8.66   -12.42    -7.13      0.2208    -31.63 RIGHT   4.1553E-05    -67.06  2.6944E-05   -219.60
   55.00    235.00    -10.11   -14.73    -8.82      0.2281    -28.64 RIGHT   3.5150E-05    -64.22  2.0647E-05   -214.45
   60.00    235.00    -11.80   -17.39   -10.74      0.2259    -25.52 RIGHT   2.8945E-05    -58.63  1.5201E-05   -207.15
   65.00    235.00    -13.57   -20.32   -12.74      0.2141    -22.23 RIGHT   2.3603E-05    -49.61  1.0849E-05   -196.97
   70.00    235.00    -15.19   -23.35   -14.57      0.1958    -18.73 RIGHT   1.9594E-05    -37.67  7.6547E-06   -183.86
   75.00    235.00    -16.58   -26.39   -16.15      0.1764    -15.19 RIGHT   1.6683E-05    -25.39  5.3962E-06   -169.63
   80.00    235.00    -18.30   -29.88   -18.01      0.1574    -11.95 RIGHT   1.3693E-05    -16.02  3.6093E-06   -157.48
   85.00    235.00    -22.06   -35.60   -21.88      0.1361     -9.12 RIGHT   8.8784E-06    -11.25  1.8677E-06   -149.70
   90.00    235.00   -999.99  -999.99  -999.99      0.0000      0.00         7.0320E-16   -191.66  1.1286E-16     32.96
    0.00    240.00     -7.75    -2.98    -1.73      0.0000    -60.00 LINEAR  4.6151E-05    -64.12  7.9935E-05   -244.12
    5.00    240.00     -7.08    -3.13    -1.66      0.0107    -57.61 RIGHT   4.9803E-05    -63.12  7.8483E-05   -241.76
   10.00    240.00     -6.55    -3.38    -1.67      0.0271    -55.27 RIGHT   5.2939E-05    -62.98  7.6330E-05   -239.67
   15.00    240.00     -6.17    -3.72    -1.76      0.0481    -53.01 RIGHT   5.5357E-05    -63.55  7.3376E-05   -237.83
   20.00    240.00     -5.93    -4.18    -1.96      0.0723    -50.79 RIGHT   5.6880E-05    -64.69  6.9554E-05   -236.25
   25.00    240.00     -5.86    -4.79    -2.28      0.0984    -48.58 RIGHT   5.7356E-05    -66.24  6.4847E-05   -234.91
   30.00    240.00     -5.96    -5.57    -2.75      0.1251    -46.34 RIGHT   5.6666E-05    -68.03  5.9298E-05   -233.76
   35.00    240.00     -6.27    -6.54    -3.39      0.1507    -44.05 RIGHT   5.4728E-05    -69.91  5.3021E-05   -232.75
   40.00    240.00     -6.79    -7.74    -4.23      0.1737    -41.69 RIGHT   5.1517E-05    -71.65  4.6194E-05   -231.83
   45.00    240.00     -7.57    -9.20    -5.30      0.1920    -39.26 RIGHT   4.7088E-05    -73.02  3.9061E-05   -230.88
   50.00    240.00     -8.65   -10.95    -6.64      0.2038    -36.82 RIGHT   4.1601E-05    -73.70  3.1911E-05   -229.80
   55.00    240.00    -10.06   -13.05    -8.30      0.2068    -34.43 RIGHT   3.5347E-05    -73.28  2.5055E-05   -228.42
   60.00    240.00    -11.86   -15.55   -10.31      0.1980    -32.14 RIGHT   2.8756E-05    -71.14  1.8795E-05   -226.56
   65.00    240.00    -14.03   -18.50   -12.70      0.1739    -29.91 RIGHT   2.2382E-05    -66.49  1.3384E-05   -223.95
   70.00    240.00    -16.52   -21.96   -15.42      0.1316    -27.43 RIGHT   1.6816E-05    -58.47  8.9840E-06   -220.34
   75.00    240.00    -19.13   -26.02   -18.32      0.0757    -24.04 RIGHT   1.2449E-05    -47.17  5.6301E-06   -215.60
   80.00    240.00    -21.90   -30.91   -21.39      0.0279    -19.46 RIGHT   9.0433E-06    -35.23  3.2046E-06   -210.14
   85.00    240.00    -26.24   -37.83   -25.95      0.0076    -14.74 RIGHT   5.4917E-06    -27.14  1.4451E-06   -205.36
   90.00    240.00   -999.99  -999.99  -999.99      0.0000      0.00         4.2716E-16   -206.16  8.2803E-17    -23.26
    0.00    245.00     -9.21    -2.58    -1.73      0.0000    -65.00 LINEAR  3.9008E-05    -64.12  8.3653E-05   -244.12
    5.00    245.00     -8.38    -2.72    -1.67      0.0107    -62.49 RIGHT   4.2894E-05    -63.66  8.2351E-05   -242.16
   10.00    245.00     -7.70    -2.93    -1.68      0.0265    -60.04 RIGHT   4.6377E-05    -64.00  8.0391E-05   -240.50
   15.00    245.00     -7.18    -3.22    -1.76      0.0462    -57.67 RIGHT   4.9279E-05    -64.99  7.7676E-05   -239.14
   20.00    245.00     -6.81    -3.63    -1.92      0.0688    -55.35 RIGHT   5.1427E-05    -66.50  7.4135E-05   -238.09
   25.00    245.00     -6.60    -4.16    -2.20      0.0930    -53.09 RIGHT   5.2661E-05    -68.41  6.9741E-05   -237.35
   30.00    245.00     -6.57    -4.84    -2.61      0.1174    -50.85 RIGHT   5.2830E-05    -70.59  6.4517E-05   -236.93
   35.00    245.00     -6.74    -5.68    -3.17      0.1407    -48.63 RIGHT   5.1812E-05    -72.94  5.8545E-05   -236.80
   40.00    245.00     -7.13    -6.71    -3.91      0.1615    -46.45 RIGHT   4.9526E-05    -75.33  5.1970E-05   -236.97
   45.00    245.00     -7.78    -7.97    -4.86      0.1783    -44.35 RIGHT   4.5963E-05    -77.65  4.4996E-05   -237.42
   50.00    245.00     -8.73    -9.46    -6.07      0.1901    -42.40 RIGHT   4.1213E-05    -79.75  3.7875E-05   -238.14
   55.00    245.00    -10.03   -11.23    -7.58      0.1955    -40.72 RIGHT   3.5485E-05    -81.50  3.0886E-05   -239.15
   60.00    245.00    -11.75   -13.32    -9.45      0.1933    -39.45 RIGHT   2.9118E-05    -82.69  2.4305E-05   -240.44
   65.00    245.00    -13.96   -15.75   -11.75      0.1819    -38.74 RIGHT   2.2564E-05    -83.09  1.8370E-05   -242.01
   70.00    245.00    -16.76   -18.59   -14.57      0.1592    -38.71 RIGHT   1.6340E-05    -82.32  1.3245E-05   -243.81
   75.00    245.00    -20.25   -21.96   -18.01      0.1221    -39.23 RIGHT   1.0936E-05    -79.94  8.9842E-06   -245.74
   80.00    245.00    -24.57   -26.20   -22.30      0.0712    -39.58 RIGHT   6.6536E-06    -75.83  5.5121E-06   -247.54
   85.00    245.00    -30.53   -32.65   -28.45      0.0227    -38.05 RIGHT   3.3505E-06    -71.48  2.6229E-06   -248.79
   90.00    245.00   -999.99  -999.99  -999.99      0.0000      0.00         2.4041E-16   -251.12  1.5301E-16    -69.09
    0.00    250.00    -11.04    -2.27    -1.73      0.0000    -70.00 LINEAR  3.1569E-05    -64.12  8.6735E-05   -244.12
    5.00    250.00     -9.99    -2.38    -1.68      0.0106    -67.40 RIGHT   3.5657E-05    -64.28  8.5615E-05   -242.58
   10.00    250.00     -9.11    -2.56    -1.69      0.0254    -64.85 RIGHT   3.9439E-05    -65.13  8.3885E-05   -241.35
   15.00    250.00     -8.41    -2.81    -1.75      0.0435    -62.38 RIGHT   4.2756E-05    -66.52  8.1459E-05   -240.46
   20.00    250.00     -7.88    -3.16    -1.90      0.0640    -59.99 RIGHT   4.5445E-05    -68.36  7.8270E-05   -239.92
   25.00    250.00     -7.53    -3.61    -2.13      0.0857    -57.69 RIGHT   4.7337E-05    -70.57  7.4285E-05   -239.74
   30.00    250.00     -7.36    -4.19    -2.48      0.1076    -55.48 RIGHT   4.8267E-05    -73.07  6.9513E-05   -239.95
   35.00    250.00     -7.39    -4.90    -2.96      0.1286    -53.37 RIGHT   4.8088E-05    -75.81  6.4013E-05   -240.54
   40.00    250.00     -7.65    -5.78    -3.60      0.1478    -51.39 RIGHT   4.6689E-05    -78.76  5.7897E-05   -241.54
   45.00    250.00     -8.16    -6.82    -4.43      0.1648    -49.62 RIGHT   4.4028E-05    -81.89  5.1329E-05   -242.95
   50.00    250.00     -8.95    -8.06    -5.47      0.1794    -48.14 RIGHT   4.0158E-05    -85.24  4.4514E-05   -244.79
   55.00    250.00    -10.09    -9.51    -6.78      0.1922    -47.05 RIGHT   3.5255E-05    -88.85  3.7680E-05   -247.04
   60.00    250.00    -11.60   -11.19    -8.38      0.2048    -46.46 RIGHT   2.9624E-05    -92.87  3.1050E-05   -249.69
   65.00    250.00    -13.54   -13.14   -10.32      0.2201    -46.46 RIGHT   2.3685E-05    -97.51  2.4808E-05   -252.65
   70.00    250.00    -15.97   -15.43   -12.68      0.2424    -47.00 RIGHT   1.7913E-05   -103.06  1.9064E-05   -255.75
   75.00    250.00    -18.93   -18.21   -15.54      0.2769    -47.74 RIGHT   1.2742E-05   -109.79  1.3833E-05   -258.72
   80.00    250.00    -22.57   -21.91   -19.22      0.3270    -47.67 RIGHT   8.3794E-06   -117.53  9.0334E-06   -261.19
   85.00    250.00    -27.88   -27.97   -24.92      0.3853    -44.61 RIGHT   4.5428E-06   -124.91  4.4968E-06   -262.77
   90.00    250.00   -999.99  -999.99  -999.99      0.0000      0.00         3.3629E-16     50.19  2.6676E-16    -83.14
    0.00    255.00    -13.47    -2.03    -1.73      0.0000    -75.00 LINEAR  2.3889E-05    -64.12  8.9156E-05   -244.12
    5.00    255.00    -12.04    -2.12    -1.70      0.0103    -72.32 RIGHT   2.8143E-05    -65.03  8.8243E-05   -243.00
   10.00    255.00    -10.88    -2.26    -1.70      0.0239    -69.70 RIGHT   3.2171E-05    -66.41  8.6771E-05   -242.21
   15.00    255.00     -9.95    -2.48    -1.76      0.0400    -67.15 RIGHT   3.5828E-05    -68.17  8.4668E-05   -241.78
   20.00    255.00     -9.22    -2.77    -1.88      0.0580    -64.71 RIGHT   3.8958E-05    -70.29  8.1880E-05   -241.73
   25.00    255.00     -8.69    -3.15    -2.08      0.0769    -62.39 RIGHT   4.1394E-05    -72.72  7.8373E-05   -242.06
   30.00    255.00     -8.37    -3.63    -2.37      0.0960    -60.22 RIGHT   4.2966E-05    -75.46  7.4149E-05   -242.80
   35.00    255.00     -8.26    -4.22    -2.78      0.1148    -58.22 RIGHT   4.3519E-05    -78.53  6.9246E-05   -243.96
   40.00    255.00     -8.37    -4.94    -3.32      0.1331    -56.46 RIGHT   4.2935E-05    -81.95  6.3743E-05   -245.56
   45.00    255.00     -8.74    -5.80    -4.01      0.1513    -54.99 RIGHT   4.1165E-05    -85.82  5.7757E-05   -247.59
   50.00    255.00     -9.37    -6.81    -4.89      0.1704    -53.87 RIGHT   3.8261E-05    -90.26  5.1434E-05   -250.03
   55.00    255.00    -10.30    -7.98    -5.98      0.1926    -53.16 RIGHT   3.4396E-05    -95.46  4.4928E-05   -252.83
   60.00    255.00    -11.52    -9.35    -7.29      0.2211    -52.85 RIGHT   2.9874E-05   -101.68  3.8381E-05   -255.90
   65.00    255.00    -13.04   -10.96    -8.86      0.2602    -52.82 RIGHT   2.5093E-05   -109.19  3.1895E-05   -259.10
   70.00    255.00    -14.82   -12.89   -10.74      0.3143    -52.70 RIGHT   2.0449E-05   -118.08  2.5515E-05   -262.20
   75.00    255.00    -16.86   -15.36   -13.03      0.3856    -51.70 RIGHT   1.6159E-05   -127.92  1.9220E-05   -264.96
   80.00    255.00    -19.43   -18.79   -16.09      0.4685    -48.27 RIGHT   1.2028E-05   -137.49  1.2939E-05   -267.10
   85.00    255.00    -23.84   -24.68   -21.23      0.5355    -39.98 RIGHT   7.2386E-06   -145.13  6.5705E-06   -268.38
   90.00    255.00   -999.99  -999.99  -999.99      0.0000      0.00         5.5825E-16     30.19  3.9252E-16    -88.65
    0.00    260.00    -16.93    -1.86    -1.73      0.0000    -80.00 LINEAR  1.6028E-05    -64.12  9.0899E-05   -244.12
    5.00    260.00    -14.83    -1.92    -1.71      0.0099    -77.26 RIGHT   2.0408E-05    -66.06  9.0211E-05   -243.43
   10.00    260.00    -13.20    -2.04    -1.72      0.0220    -74.58 RIGHT   2.4627E-05    -67.98  8.9012E-05   -243.08
   15.00    260.00    -11.92    -2.21    -1.77      0.0358    -71.98 RIGHT   2.8545E-05    -70.05  8.7251E-05   -243.10
   20.00    260.00    -10.92    -2.45    -1.88      0.0508    -69.51 RIGHT   3.2012E-05    -72.33  8.4888E-05   -243.49
   25.00    260.00    -10.18    -2.76    -2.04      0.0666    -67.19 RIGHT   3.4867E-05    -74.89  8.1899E-05   -244.28
   30.00    260.00     -9.68    -3.16    -2.28      0.0829    -65.06 RIGHT   3.6949E-05    -77.78  7.8278E-05   -245.48
   35.00    260.00     -9.41    -3.64    -2.62      0.0996    -63.18 RIGHT   3.8110E-05    -81.10  7.4047E-05   -247.08
   40.00    260.00     -9.38    -4.22    -3.07      0.1174    -61.59 RIGHT   3.8246E-05    -84.96  6.9249E-05   -249.08
   45.00    260.00     -9.59    -4.91    -3.64      0.1374    -60.35 RIGHT   3.7326E-05    -89.51  6.3949E-05   -251.47
   50.00    260.00    -10.04    -5.73    -4.36      0.1616    -59.48 RIGHT   3.5423E-05    -94.94  5.8220E-05   -254.18
   55.00    260.00    -10.73    -6.69    -5.24      0.1928    -58.95 RIGHT   3.2731E-05   -101.50  5.2131E-05   -257.13
   60.00    260.00    -11.62    -7.83    -6.31      0.2345    -58.65 RIGHT   2.9554E-05   -109.37  4.5730E-05   -260.19
   65.00    260.00    -12.66    -9.20    -7.58      0.2902    -58.29 RIGHT   2.6225E-05   -118.53  3.9032E-05   -263.21
   70.00    260.00    -13.81   -10.92    -9.12      0.3622    -57.35 RIGHT   2.2956E-05   -128.53  3.2018E-05   -265.99
   75.00    260.00    -15.17   -13.20   -11.06      0.4489    -54.83 RIGHT   1.9632E-05   -138.39  2.4646E-05   -268.34
   80.00    260.00    -17.14   -16.49   -13.79      0.5385    -48.90 RIGHT   1.5653E-05   -146.94  1.6868E-05   -270.09
   85.00    260.00    -21.17   -22.29   -18.68      0.5931    -37.26 RIGHT   9.8429E-06   -153.31  8.6542E-06   -271.08
   90.00    260.00   -999.99  -999.99  -999.99      0.0000      0.00         7.7021E-16     22.56  5.1866E-16    -91.25
    0.00    265.00    -22.92    -1.76    -1.73      0.0000    -85.00 LINEAR  8.0446E-06    -64.12  9.1950E-05   -244.12
    5.00    265.00    -19.08    -1.80    -1.72      0.0094    -82.23 RIGHT   1.2515E-05    -67.85  9.1496E-05   -243.86
   10.00    265.00    -16.49    -1.89    -1.74      0.0198    -79.51 RIGHT   1.6869E-05    -70.26  9.0574E-05   -243.95
   15.00    265.00    -14.60    -2.03    -1.79      0.0310    -76.88 RIGHT   2.0967E-05    -72.39  8.9157E-05   -244.40
   20.00    265.00    -13.19    -2.22    -1.88      0.0429    -74.38 RIGHT   2.4665E-05    -74.62  8.7223E-05   -245.21
   25.00    265.00    -12.14    -2.47    -2.02      0.0553    -72.07 RIGHT   2.7816E-05    -77.12  8.4758E-05   -246.40
   30.00    265.00    -11.41    -2.78    -2.22      0.0685    -70.00 RIGHT   3.0273E-05    -80.06  8.1756E-05   -247.97
   35.00    265.00    -10.95    -3.16    -2.49      0.0832    -68.22 RIGHT   3.1914E-05    -83.57  7.8219E-05   -249.90
   40.00    265.00    -10.75    -3.63    -2.86      0.1006    -66.77 RIGHT   3.2666E-05    -87.83  7.4156E-05   -252.17
   45.00    265.00    -10.78    -4.18    -3.32      0.1225    -65.68 RIGHT   3.2534E-05    -93.06  6.9575E-05   -254.72
   50.00    265.00    -11.03    -4.84    -3.91      0.1514    -64.92 RIGHT   3.1633E-05    -99.47  6.4473E-05   -257.49
   55.00    265.00    -11.43    -5.64    -4.62      0.1900    -64.41 RIGHT   3.0185E-05   -107.21  5.8830E-05   -260.37
   60.00    265.00    -11.94    -6.61    -5.49      0.2413    -63.96 RIGHT   2.8470E-05   -116.24  5.2600E-05   -263.23
   65.00    265.00    -12.50    -7.83    -6.55      0.3076    -63.22 RIGHT   2.6699E-05   -126.12  4.5720E-05   -265.94
   70.00    265.00    -13.13    -9.41    -7.87      0.3894    -61.64 RIGHT   2.4830E-05   -136.01  3.8117E-05   -268.34
   75.00    265.00    -14.02   -11.57    -9.61      0.4836    -58.14 RIGHT   2.2421E-05   -144.91  2.9734E-05   -270.29
   80.00    265.00    -15.64   -14.77   -12.18      0.5764    -50.75 RIGHT   1.8591E-05   -152.12  2.0551E-05   -271.70
   85.00    265.00    -19.48   -20.52   -16.96      0.6260    -37.12 RIGHT   1.1950E-05   -157.41  1.0607E-05   -272.46
   90.00    265.00   -999.99  -999.99  -999.99      0.0000      0.00         9.4155E-16     18.87  6.3703E-16    -92.54
    0.00    270.00   -999.99    -1.73    -1.73      0.0000     90.00 LINEAR  1.4132E-15   -244.12  9.2301E-05   -244.12
    5.00    270.00    -27.87    -1.75    -1.74      0.0087    -87.22 RIGHT   4.5499E-06    -74.51  9.2084E-05   -244.29
   10.00    270.00    -21.96    -1.81    -1.77      0.0174    -84.48 RIGHT   8.9818E-06    -75.09  9.1433E-05   -244.81
   15.00    270.00    -18.64    -1.91    -1.82      0.0258    -81.83 RIGHT   1.3174E-05    -76.08  9.0346E-05   -245.67
   20.00    270.00    -16.42    -2.06    -1.90      0.0343    -79.34 RIGHT   1.6997E-05    -77.55  8.8822E-05   -246.87
   25.00    270.00    -14.87    -2.25    -2.02      0.0431    -77.05 RIGHT   2.0322E-05    -79.60  8.6859E-05   -248.42
   30.00    270.00    -13.78    -2.50    -2.19      0.0532    -75.03 RIGHT   2.3029E-05    -82.35  8.4450E-05   -250.28
   35.00    270.00    -13.06    -2.80    -2.41      0.0659    -73.32 RIGHT   2.5029E-05    -85.98  8.1581E-05   -252.45
   40.00    270.00    -12.63    -3.16    -2.70      0.0829    -71.95 RIGHT   2.6293E-05    -90.68  7.8225E-05   -254.86
   45.00    270.00    -12.44    -3.61    -3.07      0.1064    -70.92 RIGHT   2.6882E-05    -96.66  7.4334E-05   -257.46
   50.00    270.00    -12.42    -4.15    -3.55      0.1389    -70.16 RIGHT   2.6961E-05   -104.09  6.9833E-05   -260.16
   55.00    270.00    -12.47    -4.82    -4.13      0.1829    -69.55 RIGHT   2.6776E-05   -112.89  6.4618E-05   -262.86
   60.00    270.00    -12.55    -5.68    -4.87      0.2405    -68.86 RIGHT   2.6549E-05   -122.64  5.8564E-05   -265.44
   65.00    270.00    -12.63    -6.79    -5.78      0.3128    -67.77 RIGHT   2.6311E-05   -132.51  5.1539E-05   -267.80
   70.00    270.00    -12.81    -8.27    -6.97      0.3997    -65.72 RIGHT   2.5755E-05   -141.59  4.3427E-05   -269.83
   75.00    270.00    -13.36   -10.36    -8.59      0.4980    -61.72 RIGHT   2.4191E-05   -149.22  3.4164E-05   -271.43
   80.00    270.00    -14.76   -13.51   -11.08      0.5950    -53.71 RIGHT   2.0575E-05   -155.16  2.3758E-05   -272.54
   85.00    270.00    -18.48   -19.23   -15.83      0.6491    -38.96 RIGHT   1.3405E-05   -159.57  1.2307E-05   -273.12
   90.00    270.00   -999.99  -999.99  -999.99      0.0000      0.00         1.0605E-15     17.02  7.4015E-16    -93.14
    0.00    275.00    -22.92    -1.76    -1.73      0.0000     85.00 LINEAR  8.0446E-06   -244.12  9.1950E-05   -244.12
    5.00    275.00    -29.79    -1.76    -1.75      0.0081     87.78 RIGHT   3.6472E-06   -232.96  9.1964E-05   -244.72
   10.00    275.00    -37.05    -1.80    -1.79      0.0148    -89.49 RIGHT   1.5804E-06   -124.58  9.1567E-05   -245.65
   15.00    275.00    -26.51    -1.87    -1.85      0.0203    -86.85 RIGHT   5.3223E-06    -87.25  9.0784E-05   -246.90
   20.00    275.00    -21.84    -1.98    -1.94      0.0252    -84.37 RIGHT   9.1148E-06    -82.96  8.9633E-05   -248.46
   25.00    275.00    -19.10    -2.13    -2.04      0.0304    -82.12 RIGHT   1.2493E-05    -82.94  8.8124E-05   -250.31
   30.00    275.00    -17.31    -2.31    -2.18      0.0373    -80.14 RIGHT   1.5338E-05    -84.91  8.6250E-05   -252.42
   35.00    275.00    -16.12    -2.55    -2.36      0.0478    -78.47 RIGHT   1.7592E-05    -88.49  8.3981E-05   -254.75
   40.00    275.00    -15.33    -2.83    -2.60      0.0641    -77.13 RIGHT   1.9280E-05    -93.73  8.1255E-05   -257.22
   45.00    275.00    -14.78    -3.19    -2.90      0.0885    -76.07 RIGHT   2.0528E-05   -100.69  7.7976E-05   -259.78
   50.00    275.00    -14.36    -3.64    -3.29      0.1235    -75.21 RIGHT   2.1559E-05   -109.27  7.4004E-05   -262.34
   55.00    275.00    -13.94    -4.23    -3.79      0.1708    -74.39 RIGHT   2.2621E-05   -118.97  6.9169E-05   -264.80
   60.00    275.00    -13.49    -5.00    -4.43      0.2318    -73.41 RIGHT   2.3826E-05   -128.90  6.3279E-05   -267.07
   65.00    275.00    -13.07    -6.04    -5.26      0.3069    -71.97 RIGHT   2.4997E-05   -138.10  5.6151E-05   -269.08
   70.00    275.00    -12.86    -7.47    -6.37      0.3957    -69.59 RIGHT   2.5604E-05   -145.89  4.7642E-05   -270.75
   75.00    275.00    -13.14    -9.51    -7.94      0.4958    -65.38 RIGHT   2.4810E-05   -152.10  3.7682E-05   -272.04
   80.00    275.00    -14.38   -12.63   -10.41      0.5972    -57.40 RIGHT   2.1503E-05   -156.85  2.6305E-05   -272.91
   85.00    275.00    -18.02   -18.32   -15.16      0.6629    -42.41 RIGHT   1.4146E-05   -160.50  1.3657E-05   -273.33
   90.00    275.00   -999.99  -999.99  -999.99      0.0000      0.00         1.1225E-15     16.35  8.2183E-16    -93.29
    0.00    280.00    -16.93    -1.86    -1.73      0.0000     80.00 LINEAR  1.6028E-05   -244.12  9.0899E-05   -244.12
    5.00    280.00    -19.73    -1.84    -1.77      0.0073     82.75 RIGHT   1.1617E-05   -241.79  9.1132E-05   -245.14
   10.00    280.00    -23.75    -1.85    -1.82      0.0121     85.46 RIGHT   7.3136E-06   -237.75  9.0965E-05   -246.47
   15.00    280.00    -30.57    -1.90    -1.90      0.0147     88.06 RIGHT   3.3333E-06   -224.56  9.0448E-05   -248.10
   20.00    280.00    -36.74    -1.98    -1.98      0.0160    -89.49 RIGHT   1.6395E-06   -130.96  8.9619E-05   -249.98
   25.00    280.00    -27.99    -2.09    -2.08      0.0175    -87.27 RIGHT   4.4879E-06    -92.28  8.8497E-05   -252.10
   30.00    280.00    -23.71    -2.23    -2.20      0.0211    -85.33 RIGHT   7.3448E-06    -88.95  8.7073E-05   -254.40
   35.00    280.00    -21.23    -2.41    -2.35      0.0292    -83.68 RIGHT   9.7700E-06    -91.75  8.5304E-05   -256.82
   40.00    280.00    -19.58    -2.64    -2.55      0.0443    -82.30 RIGHT   1.1818E-05    -97.79  8.3099E-05   -259.30
   45.00    280.00    -18.30    -2.93    -2.81      0.0688    -81.14 RIGHT   1.3689E-05   -106.19  8.0319E-05   -261.76
   50.00    280.00    -17.14    -3.33    -3.15      0.1048    -80.08 RIGHT   1.5655E-05   -116.08  7.6776E-05   -264.12
   55.00    280.00    -15.97    -3.85    -3.59      0.1535    -78.97 RIGHT   1.7916E-05   -126.23  7.2249E-05   -266.31
   60.00    280.00    -14.83    -4.57    -4.18      0.2155    -77.63 RIGHT   2.0422E-05   -135.48  6.6503E-05   -268.27
   65.00    280.00    -13.87    -5.57    -4.97      0.2910    -75.82 RIGHT   2.2801E-05   -143.17  5.9322E-05   -269.94
   70.00    280.00    -13.29    -6.96    -6.05      0.3794    -73.14 RIGHT   2.4384E-05   -149.22  5.0547E-05   -271.29
   75.00    280.00    -13.32    -8.97    -7.61      0.4789    -68.85 RIGHT   2.4282E-05   -153.86  4.0109E-05   -272.30
   80.00    280.00    -14.43   -12.07   -10.08      0.5830    -61.29 RIGHT   2.1384E-05   -157.44  2.8061E-05   -272.95
   85.00    280.00    -17.99   -17.75   -14.86      0.6630    -47.07 RIGHT   1.4184E-05   -160.37  1.4589E-05   -273.23
   90.00    280.00   -999.99  -999.99  -999.99      0.0000      0.00         1.1283E-15     16.72  8.7829E-16    -93.14
    0.00    285.00    -13.47    -2.03    -1.73      0.0000     75.00 LINEAR  2.3889E-05   -244.12  8.9156E-05   -244.12
    5.00    285.00    -15.21    -1.98    -1.78      0.0066     77.70 RIGHT   1.9547E-05   -243.74  8.9590E-05   -245.55
   10.00    285.00    -17.36    -1.98    -1.86      0.0094     80.36 RIGHT   1.5250E-05   -244.00  8.9623E-05   -247.27
   15.00    285.00    -20.10    -2.01    -1.94      0.0091     82.92 RIGHT   1.1129E-05   -244.98  8.9328E-05   -249.24
   20.00    285.00    -23.75    -2.07    -2.04      0.0069     85.31 RIGHT   7.3084E-06   -246.62  8.8759E-05   -251.42
   25.00    285.00    -29.22    -2.15    -2.14      0.0046     87.48 RIGHT   3.8953E-06   -247.82  8.7944E-05   -253.77
   30.00    285.00    -40.93    -2.25    -2.25      0.0048     89.39 RIGHT   1.0120E-06   -231.96  8.6871E-05   -256.21
   35.00    285.00    -35.91    -2.39    -2.39      0.0102    -88.94 RIGHT   1.8029E-06   -107.69  8.5484E-05   -258.69
   40.00    285.00    -28.61    -2.58    -2.57      0.0236    -87.48 RIGHT   4.1788E-06   -109.38  8.3670E-05   -261.12
   45.00    285.00    -24.51    -2.83    -2.80      0.0472    -86.13 RIGHT   6.7000E-06   -118.56  8.1258E-05   -263.44
   50.00    285.00    -21.38    -3.18    -3.12      0.0827    -84.79 RIGHT   9.6070E-06   -128.22  7.8030E-05   -265.58
   55.00    285.00    -18.78    -3.68    -3.54      0.1310    -83.31 RIGHT   1.2958E-05   -136.54  7.3733E-05   -267.49
   60.00    285.00    -16.66    -4.37    -4.12      0.1921    -81.55 RIGHT   1.6534E-05   -143.07  6.8110E-05   -269.14
   65.00    285.00    -15.08    -5.33    -4.90      0.2660    -79.31 RIGHT   1.9848E-05   -147.99  6.0930E-05   -270.49
   70.00    285.00    -14.10    -6.70    -5.98      0.3518    -76.28 RIGHT   2.2199E-05   -151.69  5.2032E-05   -271.54
   75.00    285.00    -13.91    -8.70    -7.55      0.4486    -71.90 RIGHT   2.2710E-05   -154.55  4.1354E-05   -272.28
   80.00    285.00    -14.87   -11.79   -10.06      0.5521    -64.86 RIGHT   2.0316E-05   -156.90  2.8964E-05   -272.73
   85.00    285.00    -18.37   -17.47   -14.89      0.6438    -52.21 RIGHT   1.3586E-05   -159.12  1.5067E-05   -272.89
   90.00    285.00   -999.99  -999.99  -999.99      0.0000      0.00         1.0835E-15     18.20  9.0727E-16    -92.76
    0.00    290.00    -11.04    -2.27    -1.73      0.0000     70.00 LINEAR  3.1569E-05   -244.12  8.6735E-05   -244.12
    5.00    290.00    -12.30    -2.21    -1.80      0.0058     72.63 RIGHT   2.7333E-05   -244.78  8.7345E-05   -245.95
   10.00    290.00    -13.75    -2.19    -1.89      0.0068     75.22 RIGHT   2.3109E-05   -246.46  8.7545E-05   -248.04
   15.00    290.00    -15.43    -2.20    -2.00      0.0037     77.71 RIGHT   1.9053E-05   -249.31  8.7424E-05   -250.33
   20.00    290.00    -17.33    -2.23    -2.10      0.0020     80.03 LEFT    1.5306E-05   -253.44  8.7050E-05   -252.78
   25.00    290.00    -19.48    -2.29    -2.21      0.0079     82.14 LEFT    1.1959E-05   -258.65  8.6456E-05   -255.32
   30.00    290.00    -21.93    -2.38    -2.33      0.0111     84.03 LEFT    9.0124E-06   -264.03  8.5630E-05   -257.88
   35.00    290.00    -24.97    -2.49    -2.47      0.0087     85.73 LEFT    6.3545E-06   -267.07  8.4502E-05   -260.37
   40.00    290.00    -29.25    -2.65    -2.64      0.0022     87.32 RIGHT   3.8828E-06   -260.05  8.2943E-05   -262.73
   45.00    290.00    -33.23    -2.89    -2.88      0.0237     88.91 RIGHT   2.4547E-06   -213.53  8.0768E-05   -264.89
   50.00    290.00    -27.91    -3.22    -3.20      0.0573    -89.39 RIGHT   4.5298E-06   -166.26  7.7741E-05   -266.79
   55.00    290.00    -22.67    -3.69    -3.64      0.1034    -87.46 RIGHT   8.2794E-06   -155.47  7.3599E-05   -268.42
   60.00    290.00    -19.14    -4.37    -4.23      0.1620    -85.19 RIGHT   1.2424E-05   -153.08  6.8083E-05   -269.75
   65.00    290.00    -16.78    -5.33    -5.03      0.2324    -82.43 RIGHT   1.6314E-05   -152.81  6.0967E-05   -270.79
   70.00    290.00    -15.35    -6.69    -6.14      0.3140    -78.97 RIGHT   1.9221E-05   -153.23  5.2096E-05   -271.56
   75.00    290.00    -14.89    -8.69    -7.75      0.4058    -74.37 RIGHT   2.0282E-05   -153.95  4.1419E-05   -272.06
   80.00    290.00    -15.70   -11.78   -10.30      0.5051    -67.73 RIGHT   1.8477E-05   -154.97  2.9014E-05   -272.32
   85.00    290.00    -19.11   -17.45   -15.19      0.6016    -56.85 RIGHT   1.2475E-05   -156.46  1.5094E-05   -272.36
   90.00    290.00   -999.99  -999.99  -999.99      0.0000      0.00         9.9790E-16     21.10  9.0888E-16    -92.19
    0.00    295.00     -9.21    -2.58    -1.73      0.0000     65.00 LINEAR  3.9008E-05   -244.12  8.3653E-05   -244.12
    5.00    295.00    -10.17    -2.50    -1.82      0.0050     67.53 RIGHT   3.4907E-05   -245.52  8.4412E-05   -246.33
   10.00    295.00    -11.26    -2.47    -1.93      0.0043     70.04 RIGHT   3.0784E-05   -247.99  8.4743E-05   -248.77
   15.00    295.00    -12.46    -2.47    -2.05      0.0013     72.44 LEFT    2.6827E-05   -251.63  8.4748E-05   -251.37
   20.00    295.00    -13.73    -2.49    -2.18      0.0102     74.67 LEFT    2.3185E-05   -256.35  8.4506E-05   -254.06
   25.00    295.00    -15.04    -2.54    -2.30      0.0196     76.71 LEFT    1.9929E-05   -261.77  8.4051E-05   -256.77
   30.00    295.00    -16.42    -2.61    -2.43      0.0264     78.57 LEFT    1.7004E-05   -267.14  8.3369E-05   -259.41
   35.00    295.00    -17.97    -2.71    -2.59      0.0273     80.32 LEFT    1.4231E-05   -271.25  8.2384E-05   -261.89
   40.00    295.00    -19.91    -2.86    -2.78      0.0197     82.08 LEFT    1.1380E-05   -272.35  8.0958E-05   -264.15
   45.00    295.00    -22.59    -3.09    -3.04      0.0014     83.96 LEFT    8.3531E-06   -266.91  7.8900E-05   -266.13
   50.00    295.00    -26.00    -3.42    -3.39      0.0286     86.08 RIGHT   5.6444E-06   -245.03  7.5974E-05   -267.79
   55.00    295.00    -26.35    -3.89    -3.87      0.0709     88.53 RIGHT   5.4194E-06   -198.87  7.1928E-05   -269.13
   60.00    295.00    -22.46    -4.57    -4.50      0.1251    -88.59 RIGHT   8.4834E-06   -169.19  6.6515E-05   -270.16
   65.00    295.00    -19.16    -5.54    -5.35      0.1907    -85.20 RIGHT   1.2402E-05   -158.04  5.9529E-05   -270.90
   70.00    295.00    -17.13    -6.91    -6.51      0.2664    -81.15 RIGHT   1.5671E-05   -153.46  5.0832E-05   -271.39
   75.00    295.00    -16.29    -8.91    -8.18      0.3510    -76.17 RIGHT   1.7252E-05   -151.55  4.0387E-05   -271.65
   80.00    295.00    -16.89   -12.00   -10.78      0.4426    -69.65 RIGHT   1.6114E-05   -151.09  2.8275E-05   -271.74
   85.00    295.00    -20.18   -17.68   -15.74      0.5358    -60.20 RIGHT   1.1024E-05   -151.82  1.4704E-05   -271.67
   90.00    295.00   -999.99  -999.99  -999.99      0.0000      0.00         8.8549E-16     25.97  8.8518E-16    -91.46
    0.00    300.00     -7.75    -2.98    -1.73      0.0000     60.00 LINEAR  4.6151E-05   -244.12  7.9935E-05   -244.12
    5.00    300.00     -8.52    -2.88    -1.83      0.0043     62.42 RIGHT   4.2206E-05   -246.10  8.0811E-05   -246.70
   10.00    300.00     -9.39    -2.83    -1.97      0.0021     64.82 RIGHT   3.8200E-05   -249.15  8.1236E-05   -249.46
   15.00    300.00    -10.31    -2.83    -2.11      0.0059     67.10 LEFT    3.4350E-05   -253.28  8.1323E-05   -252.34
   20.00    300.00    -11.26    -2.84    -2.26      0.0176     69.23 LEFT    3.0813E-05   -258.29  8.1154E-05   -255.25
   25.00    300.00    -12.20    -2.89    -2.40      0.0302     71.18 LEFT    2.7632E-05   -263.75  8.0767E-05   -258.10
   30.00    300.00    -13.17    -2.95    -2.56      0.0404     73.01 LEFT    2.4703E-05   -269.04  8.0142E-05   -260.80
   35.00    300.00    -14.27    -3.06    -2.74      0.0451     74.81 LEFT    2.1789E-05   -273.38  7.9200E-05   -263.25
   40.00    300.00    -15.64    -3.21    -2.97      0.0415     76.75 LEFT    1.8606E-05   -275.96  7.7804E-05   -265.40
   45.00    300.00    -17.54    -3.44    -3.27      0.0279     78.95 LEFT    1.4946E-05   -275.64  7.5767E-05   -267.19
   50.00    300.00    -20.33    -3.78    -3.68      0.0031     81.54 LEFT    1.0835E-05   -269.82  7.2869E-05   -268.61
   55.00    300.00    -24.26    -4.27    -4.22      0.0335     84.61 RIGHT   6.8910E-06   -249.95  6.8881E-05   -269.67
   60.00    300.00    -26.14    -4.96    -4.93      0.0816     88.21 RIGHT   5.5551E-06   -201.18  6.3583E-05   -270.40
   65.00    300.00    -22.62    -5.94    -5.85      0.1405    -87.62 RIGHT   8.3238E-06   -164.70  5.6798E-05   -270.84
   70.00    300.00    -19.59    -7.33    -7.08      0.2088    -82.81 RIGHT   1.1805E-05   -151.43  4.8414E-05   -271.06
   75.00    300.00    -18.14    -9.34    -8.80      0.2844    -77.22 RIGHT   1.3943E-05   -146.21  3.8407E-05   -271.10
   80.00    300.00    -18.39   -12.45   -11.46      0.3652    -70.51 RIGHT   1.3546E-05   -144.27  2.6857E-05   -271.01
   85.00    300.00    -21.52   -18.13   -16.49      0.4481    -61.94 RIGHT   9.4536E-06   -144.32  1.3957E-05   -270.83
   90.00    300.00   -999.99  -999.99  -999.99      0.0000      0.00         7.6400E-16     33.67  8.3999E-16    -90.59
    0.00    305.00     -6.55    -3.46    -1.73      0.0000     55.00 LINEAR  5.2942E-05   -244.12  7.5609E-05   -244.12
    5.00    305.00     -7.20    -3.35    -1.85      0.0036     57.29 RIGHT   4.9168E-05   -246.59  7.6568E-05   -247.04
   10.00    305.00     -7.91    -3.29    -2.01      0.0000     59.56 RIGHT   4.5285E-05   -250.11  7.7054E-05   -250.11
   15.00    305.00     -8.66    -3.28    -2.17      0.0098     61.71 LEFT    4.1540E-05   -254.59  7.7183E-05   -253.24
   20.00    305.00     -9.41    -3.30    -2.35      0.0239     63.72 LEFT    3.8091E-05   -259.80  7.7040E-05   -256.35
   25.00    305.00    -10.16    -3.34    -2.52      0.0394     65.57 LEFT    3.4956E-05   -265.30  7.6661E-05   -259.32
   30.00    305.00    -10.93    -3.41    -2.70      0.0529     67.34 LEFT    3.1981E-05   -270.55  7.6025E-05   -262.06
   35.00    305.00    -11.82    -3.52    -2.92      0.0615     69.19 LEFT    2.8883E-05   -275.00  7.5052E-05   -264.48
   40.00    305.00    -12.95    -3.69    -3.20      0.0628     71.30 LEFT    2.5341E-05   -278.23  7.3612E-05   -266.50
   45.00    305.00    -14.54    -3.94    -3.58      0.0552     73.83 LEFT    2.1113E-05   -279.79  7.1533E-05   -268.10
   50.00    305.00    -16.88    -4.30    -4.07      0.0374     76.93 LEFT    1.6134E-05   -278.93  6.8620E-05   -269.28
   55.00    305.00    -20.51    -4.82    -4.70      0.0088     80.69 LEFT    1.0614E-05   -273.21  6.4677E-05   -270.06
   60.00    305.00    -26.41    -5.54    -5.50      0.0310     85.15 RIGHT   5.3801E-06   -250.28  5.9522E-05   -270.49
   65.00    305.00    -28.32    -6.54    -6.51      0.0813    -89.72 RIGHT   4.3190E-06   -177.20  5.3015E-05   -270.65
   70.00    305.00    -23.03    -7.95    -7.82      0.1404    -83.92 RIGHT   7.9404E-06   -144.26  4.5068E-05   -270.60
   75.00    305.00    -20.37    -9.98    -9.60      0.2053    -77.46 RIGHT   1.0789E-05   -135.73  3.5672E-05   -270.41
   80.00    305.00    -20.06   -13.11   -12.31      0.2731    -70.24 RIGHT   1.1185E-05   -132.99  2.4902E-05   -270.15
   85.00    305.00    -22.92   -18.80   -17.38      0.3411    -61.97 RIGHT   8.0426E-06   -132.80  1.2927E-05   -269.86
   90.00    305.00   -999.99  -999.99  -999.99      0.0000      0.00         6.5570E-16     45.25  7.7777E-16    -89.58
    0.00    310.00     -5.56    -4.04    -1.73      0.0000     50.00 LINEAR  5.9330E-05   -244.12  7.0707E-05   -244.12
    5.00    310.00     -6.11    -3.92    -1.87      0.0030     52.15 RIGHT   5.5736E-05   -247.02  7.1716E-05   -247.37
   10.00    310.00     -6.71    -3.86    -2.04      0.0017     54.26 LEFT    5.1975E-05   -250.91  7.2231E-05   -250.71
   15.00    310.00     -7.35    -3.84    -2.24      0.0130     56.27 LEFT    4.8322E-05   -255.69  7.2370E-05   -254.08
   20.00    310.00     -7.98    -3.86    -2.44      0.0290     58.13 LEFT    4.4936E-05   -261.06  7.2217E-05   -257.36
   25.00    310.00     -8.61    -3.91    -2.64      0.0468     59.86 LEFT    4.1807E-05   -266.60  7.1805E-05   -260.44
   30.00    310.00     -9.27    -3.99    -2.86      0.0633     61.57 LEFT    3.8737E-05   -271.83  7.1113E-05   -263.20
   35.00    310.00    -10.05    -4.12    -3.13      0.0759     63.44 LEFT    3.5404E-05   -276.37  7.0065E-05   -265.57
   40.00    310.00    -11.07    -4.31    -3.48      0.0827     65.68 LEFT    3.1466E-05   -279.98  6.8540E-05   -267.47
   45.00    310.00    -12.51    -4.59    -3.94      0.0824     68.52 LEFT    2.6676E-05   -282.56  6.6390E-05   -268.88
   50.00    310.00    -14.60    -4.98    -4.53      0.0738     72.14 LEFT    2.0969E-05   -284.08  6.3452E-05   -269.82
   55.00    310.00    -17.80    -5.53    -5.28      0.0558     76.66 LEFT    1.4507E-05   -284.32  5.9569E-05   -270.32
   60.00    310.00    -23.30    -6.29    -6.20      0.0273     82.13 LEFT    7.6964E-06   -281.86  5.4602E-05   -270.47
   65.00    310.00    -38.06    -7.32    -7.32      0.0117     88.48 RIGHT   1.4082E-06   -246.56  4.8447E-05   -270.34
   70.00    310.00    -27.60    -8.76    -8.71      0.0596    -84.43 RIGHT   4.6927E-06   -121.78  4.1044E-05   -270.02
   75.00    310.00    -22.49   -10.82   -10.53      0.1128    -76.76 RIGHT   8.4485E-06   -116.73  3.2395E-05   -269.61
   80.00    310.00    -21.42   -13.96   -13.24      0.1667    -68.68 RIGHT   9.5581E-06   -116.02  2.2567E-05   -269.17
   85.00    310.00    -23.99   -19.67   -18.30      0.2183    -60.21 RIGHT   7.1132E-06   -116.78  1.1700E-05   -268.78
   90.00    310.00   -999.99  -999.99  -999.99      0.0000      0.00         5.8546E-16     61.00  7.0362E-16    -88.46
    0.00    315.00     -4.74    -4.74    -1.73      0.0000     45.00 LINEAR  6.5267E-05   -244.12  6.5267E-05   -244.12
    5.00    315.00     -5.20    -4.60    -1.88      0.0024     46.98 RIGHT   6.1855E-05   -247.39  6.6291E-05   -247.67
   10.00    315.00     -5.73    -4.53    -2.08      0.0030     48.93 LEFT    5.8210E-05   -251.62  6.6808E-05   -251.27
   15.00    315.00     -6.28    -4.52    -2.30      0.0153     50.78 LEFT    5.4631E-05   -256.64  6.6934E-05   -254.84
   20.00    315.00     -6.83    -4.54    -2.53      0.0326     52.48 LEFT    5.1277E-05   -262.14  6.6748E-05   -258.28
   25.00    315.00     -7.39    -4.60    -2.76      0.0521     54.08 LEFT    4.8110E-05   -267.72  6.6282E-05   -261.44
   30.00    315.00     -7.99    -4.70    -3.03      0.0711     55.69 LEFT    4.4894E-05   -272.96  6.5514E-05   -264.23
   35.00    315.00     -8.72    -4.86    -3.36      0.0876     57.54 LEFT    4.1276E-05   -277.56  6.4374E-05   -266.54
   40.00    315.00     -9.69    -5.08    -3.79      0.1002     59.87 LEFT    3.6907E-05   -281.44  6.2758E-05   -268.31
   45.00    315.00    -11.05    -5.39    -4.35      0.1084     62.95 LEFT    3.1555E-05   -284.69  6.0543E-05   -269.54
   50.00    315.00    -13.00    -5.82    -5.06      0.1112     67.05 LEFT    2.5194E-05   -287.66  5.7601E-05   -270.24
   55.00    315.00    -15.90    -6.41    -5.95      0.1073     72.37 LEFT    1.8043E-05     68.92  5.3817E-05   -270.48
   60.00    315.00    -20.53    -7.21    -7.01      0.0943     79.02 LEFT    1.0592E-05     62.68  4.9095E-05   -270.34
   65.00    315.00    -29.33    -8.29    -8.25      0.0705     86.92 LEFT    3.8462E-06     37.23  4.3364E-05   -269.93
   70.00    315.00    -29.16    -9.76    -9.71      0.0359    -84.23 LEFT    3.9222E-06    -69.56  3.6592E-05   -269.35
   75.00    315.00    -23.23   -11.85   -11.54      0.0057    -74.90 RIGHT   7.7669E-06    -90.00  2.8786E-05   -268.70
   80.00    315.00    -21.81   -15.01   -14.18      0.0483    -65.55 RIGHT   9.1424E-06    -95.42  2.0004E-05   -268.09
   85.00    315.00    -24.24   -20.73   -19.13      0.0873    -56.46 RIGHT   6.9124E-06    -98.41  1.0355E-05   -267.59
   90.00    315.00   -999.99  -999.99  -999.99      0.0000      0.00         5.7145E-16   -281.24  6.2248E-16    -87.23
    0.00    320.00     -4.04    -5.56    -1.73      0.0000     40.00 LINEAR  7.0707E-05   -244.12  5.9330E-05   -244.12
    5.00    320.00     -4.45    -5.42    -1.90      0.0019     41.80 RIGHT   6.7475E-05   -247.72  6.0336E-05   -247.94
   10.00    320.00     -4.92    -5.35    -2.12      0.0040     43.58 LEFT    6.3935E-05   -252.23  6.0833E-05   -251.77
   15.00    320.00     -5.41    -5.33    -2.36      0.0167     45.25 LEFT    6.0409E-05   -257.46  6.0931E-05   -255.54
   20.00    320.00     -5.90    -5.37    -2.62      0.0346     46.78 LEFT    5.7055E-05   -263.08  6.0704E-05   -259.10
   25.00    320.00     -6.41    -5.44    -2.89      0.0552     48.22 LEFT    5.3808E-05   -268.70  6.0180E-05   -262.34
   30.00    320.00     -6.98    -5.56    -3.20      0.0760     49.71 LEFT    5.0400E-05   -273.94  5.9339E-05   -265.14
   35.00    320.00     -7.69    -5.74    -3.60      0.0958     51.48 LEFT    4.6456E-05   -278.61  5.8120E-05   -267.39
   40.00    320.00     -8.64    -6.00    -4.11      0.1142     53.82 LEFT    4.1629E-05   -282.69  5.6435E-05   -269.05
   45.00    320.00     -9.97    -6.35    -4.78      0.1315     57.04 LEFT    3.5721E-05   -286.44  5.4190E-05   -270.10
   50.00    320.00    -11.85    -6.83    -5.64      0.1479     61.51 LEFT    2.8765E-05   -290.41  5.1293E-05   -270.58
   55.00    320.00    -14.55    -7.47    -6.69      0.1623     67.59 LEFT    2.1079E-05     64.13  4.7667E-05   -270.56
   60.00    320.00    -18.53    -8.31    -7.92      0.1712     75.59 LEFT    1.3340E-05     53.66  4.3253E-05   -270.14
   65.00    320.00    -24.05    -9.43    -9.28      0.1687     85.54 LEFT    7.0657E-06     24.61  3.8014E-05   -269.44
   70.00    320.00    -25.27   -10.94   -10.79      0.1496    -83.12 LEFT    6.1368E-06    -36.46  3.1937E-05   -268.60
   75.00    320.00    -22.06   -13.06   -12.54      0.1153    -71.43 LEFT    8.8832E-06    -66.56  2.5034E-05   -267.72
   80.00    320.00    -21.09   -16.24   -15.01      0.0748    -60.39 LEFT    9.9357E-06    -77.00  1.7350E-05   -266.94
   85.00    320.00    -23.63   -21.98   -19.72      0.0371    -50.44 LEFT    7.4114E-06    -82.00  8.9668E-06   -266.32
   90.00    320.00   -999.99  -999.99  -999.99      0.0000      0.00         6.1077E-16   -265.38  5.3868E-16    -85.92
    0.00    325.00     -3.46    -6.55    -1.73      0.0000     35.00 LINEAR  7.5609E-05   -244.12  5.2942E-05   -244.12
    5.00    325.00     -3.82    -6.40    -1.91      0.0014     36.61 RIGHT   7.2548E-05   -248.01  5.3897E-05   -248.18
   10.00    325.00     -4.24    -6.32    -2.15      0.0045     38.19 LEFT    6.9100E-05   -252.76  5.4357E-05   -252.22
   15.00    325.00     -4.69    -6.31    -2.42      0.0173     39.67 LEFT    6.5608E-05   -258.16  5.4421E-05   -256.15
   20.00    325.00     -5.15    -6.36    -2.70      0.0351     41.02 LEFT    6.2225E-05   -263.89  5.4156E-05   -259.84
   25.00    325.00     -5.63    -6.45    -3.01      0.0557     42.30 LEFT    5.8863E-05   -269.55  5.3587E-05   -263.14
   30.00    325.00     -6.19    -6.59    -3.38      0.0775     43.64 LEFT    5.5227E-05   -274.81  5.2697E-05   -265.94
   35.00    325.00     -6.89    -6.81    -3.84      0.0998     45.29 LEFT    5.0928E-05   -279.53  5.1433E-05   -268.13
   40.00    325.00     -7.84    -7.10    -4.44      0.1232     47.53 LEFT    4.5633E-05   -283.78  4.9728E-05   -269.68
   45.00    325.00     -9.17    -7.49    -5.24      0.1496     50.74 LEFT    3.9186E-05   -287.90  4.7513E-05   -270.56
   50.00    325.00    -11.01    -8.02    -6.25      0.1810     55.36 LEFT    3.1694E-05     67.36  4.4728E-05   -270.83
   55.00    325.00    -13.58    -8.70    -7.48      0.2186     62.02 LEFT    2.3588E-05     60.45  4.1330E-05   -270.56
   60.00    325.00    -17.09    -9.60    -8.89      0.2589     71.46 LEFT    1.5743E-05     47.50  3.7292E-05   -269.87
   65.00    325.00    -21.06   -10.76   -10.38      0.2885     84.21 LEFT    9.9652E-06     18.79  3.2604E-05   -268.90
   70.00    325.00    -21.95   -12.32   -11.87      0.2853    -80.58 LEFT    8.9904E-06    -25.27  2.7265E-05   -267.80
   75.00    325.00    -20.25   -14.47   -13.45      0.2438    -65.50 LEFT    1.0935E-05    -52.21  2.1291E-05   -266.70
   80.00    325.00    -19.86   -17.67   -15.62      0.1855    -52.65 LEFT    1.1444E-05    -64.02  1.4715E-05   -265.73
   85.00    325.00    -22.61   -23.42   -19.99      0.1319    -42.23 LEFT    8.3367E-06    -69.90  7.5923E-06   -265.00
   90.00    325.00   -999.99  -999.99  -999.99      0.0000      0.00         6.8278E-16   -253.57  4.5584E-16    -84.57
    0.00    330.00     -2.98    -7.75    -1.73      0.0000     30.00 LINEAR  7.9935E-05   -244.12  4.6151E-05   -244.12
    5.00    330.00     -3.30    -7.58    -1.92      0.0010     31.40 RIGHT   7.7033E-05   -248.26  4.7027E-05   -248.40
   10.00    330.00     -3.68    -7.51    -2.18      0.0047     32.78 LEFT    7.3663E-05   -253.22  4.7436E-05   -252.62
   15.00    330.00     -4.11    -7.50    -2.47      0.0169     34.06 LEFT    7.0185E-05   -258.77  4.7466E-05   -256.69
   20.00    330.00     -4.54    -7.56    -2.78      0.0338     35.23 LEFT    6.6750E-05   -264.58  4.7176E-05   -260.47
   25.00    330.00     -5.01    -7.66    -3.13      0.0538     36.32 LEFT    6.3249E-05   -270.28  4.6589E-05   -263.83
   30.00    330.00     -5.56    -7.83    -3.54      0.0755     37.50 LEFT    5.9364E-05   -275.56  4.5688E-05   -266.63
   35.00    330.00     -6.27    -8.08    -4.07      0.0990     38.97 LEFT    5.4701E-05   -280.32  4.4433E-05   -268.77
   40.00    330.00     -7.24    -8.41    -4.77      0.1261     41.02 LEFT    4.8946E-05   -284.71  4.2773E-05   -270.21
   45.00    330.00     -8.57    -8.85    -5.69      0.1602     44.03 LEFT    4.1993E-05   -289.15  4.0662E-05   -270.94
   50.00    330.00    -10.39    -9.42    -6.87      0.2064     48.50 LEFT    3.4026E-05     65.50  3.8068E-05   -271.01
   55.00    330.00    -12.87   -10.15    -8.29      0.2710     55.26 LEFT    2.5593E-05     57.49  3.4975E-05   -270.51
   60.00    330.00    -16.04   -11.10    -9.89      0.3561     65.83 LEFT    1.7754E-05     42.91  3.1380E-05   -269.57
   65.00    330.00    -19.12   -12.31   -11.49      0.4384     82.57 LEFT    1.2461E-05     14.96  2.7290E-05   -268.34
   70.00    330.00    -19.69   -13.90   -12.89      0.4447    -75.21 LEFT    1.1668E-05    -20.99  2.2716E-05   -266.98
   75.00    330.00    -18.64   -16.08   -14.17      0.3577    -55.84 LEFT    1.3173E-05    -44.22  1.7672E-05   -265.66
   80.00    330.00    -18.64   -19.32   -15.95      0.2559    -42.44 LEFT    1.3172E-05    -55.71  1.2180E-05   -264.51
   85.00    330.00    -21.56   -25.08   -19.96      0.1777    -32.92 LEFT    9.4065E-06    -61.76  6.2736E-06   -263.67
   90.00    330.00   -999.99  -999.99  -999.99      0.0000      0.00         7.6609E-16   -245.49  3.7642E-16    -83.20
    0.00    335.00     -2.58    -9.21    -1.73      0.0000     25.00 LINEAR  8.3653E-05   -244.12  3.9008E-05   -244.12
    5.00    335.00     -2.87    -9.04    -1.93      0.0007     26.19 RIGHT   8.0892E-05   -248.47  3.9780E-05   -248.58
   10.00    335.00     -3.23    -8.96    -2.20      0.0046     27.35 LEFT    7.7586E-05   -253.60  4.0129E-05   -252.96
   15.00    335.00     -3.63    -8.96    -2.52      0.0156     28.43 LEFT    7.4108E-05   -259.28  4.0131E-05   -257.15
   20.00    335.00     -4.05    -9.02    -2.85      0.0310     29.40 LEFT    7.0606E-05   -265.16  3.9837E-05   -261.01
   25.00    335.00     -4.51    -9.15    -3.23      0.0493     30.31 LEFT    6.6953E-05   -270.89  3.9265E-05   -264.41
   30.00    335.00     -5.07    -9.34    -3.69      0.0698     31.30 LEFT    6.2816E-05   -276.19  3.8402E-05   -267.21
   35.00    335.00     -5.79    -9.61    -4.29      0.0931     32.55 LEFT    5.7799E-05   -281.00  3.7219E-05   -269.31
   40.00    335.00     -6.77    -9.98    -5.08      0.1217     34.33 LEFT    5.1613E-05   -285.51  3.5678E-05   -270.65
   45.00    335.00     -8.12   -10.46    -6.13      0.1607     36.95 LEFT    4.4201E-05   -290.20  3.3754E-05   -271.25
   50.00    335.00     -9.95   -11.08    -7.47      0.2187     40.89 LEFT    3.5825E-05     63.96  3.1434E-05   -271.14
   55.00    335.00    -12.36   -11.87    -9.09      0.3097     46.96 LEFT    2.7144E-05     55.08  2.8721E-05   -270.43
   60.00    335.00    -15.28   -12.86   -10.89      0.4530     57.21 LEFT    1.9378E-05     39.36  2.5629E-05   -269.26
   65.00    335.00    -17.78   -14.11   -12.56      0.6323     79.23 LEFT    1.4538E-05     12.10  2.2176E-05   -267.78
   70.00    335.00    -18.12   -15.74   -13.76      0.6068    -62.65 LEFT    1.3980E-05    -19.20  1.8377E-05   -266.18
   75.00    335.00    -17.37   -17.96   -14.64      0.4125    -42.26 LEFT    1.5244E-05    -39.68  1.4245E-05   -264.64
   80.00    335.00    -17.61   -21.21   -16.04      0.2673    -31.54 LEFT    1.4823E-05    -50.49  9.7925E-06   -263.33
   85.00    335.00    -20.66   -26.99   -19.75      0.1768    -24.25 LEFT    1.0439E-05    -56.39  5.0358E-06   -262.38
   90.00    335.00   -999.99  -999.99  -999.99      0.0000      0.00         8.4664E-16   -240.11  3.0206E-16    -81.87
    0.00    340.00     -2.27   -11.04    -1.73      0.0000     20.00 LINEAR  8.6735E-05   -244.12  3.1569E-05   -244.12
    5.00    340.00     -2.53   -10.87    -1.94      0.0005     20.96 RIGHT   8.4094E-05   -248.64  3.2214E-05   -248.73
   10.00    340.00     -2.88   -10.79    -2.23      0.0041     21.90 LEFT    8.0837E-05   -253.91  3.2497E-05   -253.23
   15.00    340.00     -3.26   -10.80    -2.56      0.0135     22.77 LEFT    7.7350E-05   -259.69  3.2480E-05   -257.52
   20.00    340.00     -3.67   -10.87    -2.91      0.0267     23.54 LEFT    7.3775E-05   -265.64  3.2205E-05   -261.46
   25.00    340.00     -4.13   -11.01    -3.32      0.0426     24.27 LEFT    6.9974E-05   -271.39  3.1687E-05   -264.89
   30.00    340.00     -4.69   -11.23    -3.82      0.0607     25.06 LEFT    6.5599E-05   -276.71  3.0915E-05   -267.69
   35.00    340.00     -5.43   -11.53    -4.48      0.0820     26.07 LEFT    6.0259E-05   -281.56  2.9869E-05   -269.74
   40.00    340.00     -6.43   -11.93    -5.35      0.1096     27.51 LEFT    5.3689E-05   -286.16  2.8524E-05   -271.01
   45.00    340.00     -7.80   -12.45    -6.52      0.1493     29.62 LEFT    4.5880E-05     68.94  2.6868E-05   -271.49
   50.00    340.00     -9.63   -13.11    -8.02      0.2123     32.70 LEFT    3.7165E-05     62.71  2.4902E-05   -271.23
   55.00    340.00    -11.99   -13.93    -9.85      0.3200     37.18 LEFT    2.8302E-05     53.14  2.2640E-05   -270.34
   60.00    340.00    -14.73   -14.96   -11.84      0.5143     43.70 LEFT    2.0643E-05     36.58  2.0103E-05   -268.96
   65.00    340.00    -16.84   -16.26   -13.53      0.8678     59.02 LEFT    1.6203E-05      9.90  1.7314E-05   -267.26
   70.00    340.00    -17.02   -17.93   -14.44      0.6523    -37.48 LEFT    1.5873E-05    -18.48  1.4291E-05   -265.44
   75.00    340.00    -16.42   -20.17   -14.89      0.3804    -28.52 LEFT    1.6999E-05    -37.04  1.1041E-05   -263.71
   80.00    340.00    -16.81   -23.45   -15.96      0.2318    -22.13 LEFT    1.6248E-05    -47.18  7.5722E-06   -262.24
   85.00    340.00    -19.94   -29.23   -19.46      0.1488    -17.20 LEFT    1.1336E-05    -52.88  3.8884E-06   -261.19
   90.00    340.00   -999.99  -999.99  -999.99      0.0000      0.00         9.1681E-16   -236.55  2.3313E-16    -80.64
    0.00    345.00     -2.03   -13.47    -1.73      0.0000     15.00 LINEAR  8.9156E-05   -244.12  2.3889E-05   -244.12
    5.00    345.00     -2.28   -13.29    -1.95      0.0003     15.73 RIGHT   8.6612E-05   -248.78  2.4389E-05   -248.85
   10.00    345.00     -2.61   -13.21    -2.25      0.0033     16.44 LEFT    8.3392E-05   -254.15  2.4603E-05   -253.45
   15.00    345.00     -2.98   -13.22    -2.59      0.0108     17.09 LEFT    7.9890E-05   -260.01  2.4579E-05   -257.82
   20.00    345.00     -3.39   -13.30    -2.96      0.0212     17.67 LEFT    7.6247E-05   -266.00  2.4347E-05   -261.80
   25.00    345.00     -3.85   -13.46    -3.39      0.0339     18.21 LEFT    7.2313E-05   -271.78  2.3919E-05   -265.26
   30.00    345.00     -4.41   -13.69    -3.93      0.0485     18.80 LEFT    6.7732E-05   -277.11  2.3288E-05   -268.05
   35.00    345.00     -5.17   -14.01    -4.63      0.0663     19.56 LEFT    6.2119E-05   -281.99  2.2441E-05   -270.08
   40.00    345.00     -6.19   -14.44    -5.58      0.0900     20.63 LEFT    5.5230E-05   -286.67  2.1363E-05   -271.28
   45.00    345.00     -7.57   -14.99    -6.85      0.1256     22.16 LEFT    4.7099E-05     68.27  2.0049E-05   -271.66
   50.00    345.00     -9.41   -15.68    -8.49      0.1843     24.27 LEFT    3.8118E-05     61.73  1.8507E-05   -271.28
   55.00    345.00    -11.74   -16.55   -10.50      0.2891     26.76 LEFT    2.9129E-05     51.64  1.6754E-05   -270.24
   60.00    345.00    -14.35   -17.62   -12.67      0.4809     27.43 LEFT    2.1581E-05     34.48  1.4815E-05   -268.69
   65.00    345.00    -16.18   -18.95   -14.34      0.7185      7.60 LEFT    1.7472E-05      8.24  1.2711E-05   -266.81
   70.00    345.00    -16.25   -20.64   -14.90      0.5123    -18.51 LEFT    1.7335E-05    -18.24  1.0455E-05   -264.80
   75.00    345.00    -15.74   -22.91   -14.98      0.2942    -18.14 LEFT    1.8379E-05    -35.48  8.0560E-06   -262.90
   80.00    345.00    -16.23   -26.20   -15.81      0.1755    -14.82 LEFT    1.7382E-05    -45.09  5.5138E-06   -261.30
   85.00    345.00    -19.41   -32.00   -19.18      0.1111    -11.68 LEFT    1.2053E-05    -50.59  2.8280E-06   -260.16
   90.00    345.00   -999.99  -999.99  -999.99      0.0000      0.00         9.7291E-16   -234.22  1.6946E-16    -79.59
    0.00    350.00     -1.86   -16.93    -1.73      0.0000     10.00 LINEAR  9.0899E-05   -244.12  1.6028E-05   -244.12
    5.00    350.00     -2.10   -16.75    -1.95      0.0002     10.49 RIGHT   8.8426E-05   -248.87  1.6369E-05   -248.94
   10.00    350.00     -2.42   -16.67    -2.26      0.0024     10.96 LEFT    8.5230E-05   -254.33  1.6512E-05   -253.61
   15.00    350.00     -2.78   -16.69    -2.61      0.0075     11.40 LEFT    8.1715E-05   -260.24  1.6489E-05   -258.03
   20.00    350.00     -3.19   -16.77    -3.00      0.0147     11.79 LEFT    7.8016E-05   -266.27  1.6322E-05   -262.05
   25.00    350.00     -3.65   -16.94    -3.45      0.0235     12.15 LEFT    7.3977E-05   -272.06  1.6016E-05   -265.53
   30.00    350.00     -4.22   -17.18    -4.01      0.0338     12.53 LEFT    6.9238E-05   -277.40  1.5570E-05   -268.32
   35.00    350.00     -4.99   -17.52    -4.75      0.0466     13.03 LEFT    6.3417E-05   -282.30  1.4974E-05   -270.32
   40.00    350.00     -6.02   -17.97    -5.75      0.0640     13.74 LEFT    5.6289E-05   -287.03  1.4220E-05   -271.47
   45.00    350.00     -7.42   -18.55    -7.10      0.0907     14.71 LEFT    4.7920E-05     67.79  1.3308E-05   -271.79
   50.00    350.00     -9.26   -19.27    -8.85      0.1359     15.94 LEFT    3.8749E-05     61.03  1.2247E-05   -271.32
   55.00    350.00    -11.58   -20.16   -11.02      0.2168     16.90 LEFT    2.9677E-05     50.56  1.1052E-05   -270.16
   60.00    350.00    -14.09   -21.26   -13.33      0.3526     14.77 LEFT    2.2226E-05     33.00  9.7421E-06   -268.48
   65.00    350.00    -15.75   -22.61   -14.94      0.4525      2.01 LEFT    1.8363E-05      7.07  8.3335E-06   -266.45
   70.00    350.00    -15.75   -24.33   -15.18      0.3318     -9.64 LEFT    1.8369E-05    -18.20  6.8371E-06   -264.31
   75.00    350.00    -15.29   -26.61   -14.98      0.1941    -10.76 LEFT    1.9366E-05    -34.58  5.2572E-06   -262.28
   80.00    350.00    -15.83   -29.92   -15.66      0.1152     -9.11 LEFT    1.8197E-05    -43.81  3.5928E-06   -260.57
   85.00    350.00    -19.04   -35.73   -18.95      0.0725     -7.25 LEFT    1.2570E-05    -49.17  1.8411E-06   -259.37
   90.00    350.00   -999.99  -999.99  -999.99      0.0000      0.00         1.0133E-15   -232.76  1.1030E-16    -78.78
    0.00    355.00     -1.76   -22.92    -1.73      0.0000      5.00 LINEAR  9.1950E-05   -244.12  8.0446E-06   -244.12
    5.00    355.00     -1.99   -22.74    -1.96      0.0001      5.24 RIGHT   8.9520E-05   -248.93  8.2174E-06   -248.99
   10.00    355.00     -2.31   -22.66    -2.27      0.0012      5.48 LEFT    8.6339E-05   -254.43  8.2892E-06   -253.70
   15.00    355.00     -2.67   -22.67    -2.62      0.0038      5.70 LEFT    8.2813E-05   -260.38  8.2757E-06   -258.15
   20.00    355.00     -3.07   -22.77    -3.02      0.0075      5.90 LEFT    7.9079E-05   -266.42  8.1876E-06   -262.20
   25.00    355.00     -3.53   -22.94    -3.48      0.0121      6.07 LEFT    7.4973E-05   -272.22  8.0288E-06   -265.69
   30.00    355.00     -4.11   -23.19    -4.06      0.0174      6.27 LEFT    7.0133E-05   -277.58  7.7976E-06   -268.48
   35.00    355.00     -4.88   -23.54    -4.82      0.0240      6.51 LEFT    6.4182E-05   -282.49  7.4897E-06   -270.46
   40.00    355.00     -5.93   -24.00    -5.86      0.0332      6.86 LEFT    5.6907E-05   -287.26  7.1020E-06   -271.59
   45.00    355.00     -7.33   -24.59    -7.25      0.0475      7.33 LEFT    4.8393E-05     67.50  6.6352E-06   -271.86
   50.00    355.00     -9.18   -25.33    -9.08      0.0720      7.87 LEFT    3.9107E-05     60.60  6.0944E-06   -271.33
   55.00    355.00    -11.49   -26.24   -11.35      0.1153      8.09 LEFT    2.9989E-05     49.91  5.4888E-06   -270.11
   60.00    355.00    -13.95   -27.35   -13.75      0.1820      6.39 LEFT    2.2602E-05     32.11  4.8286E-06   -268.34
   65.00    355.00    -15.51   -28.73   -15.30      0.2180      0.60 LEFT    1.8890E-05      6.37  4.1228E-06   -266.23
   70.00    355.00    -15.46   -30.46   -15.33      0.1613     -4.29 LEFT    1.8985E-05    -18.22  3.3770E-06   -264.00
   75.00    355.00    -15.03   -32.75   -14.96      0.0955     -5.04 LEFT    1.9957E-05    -34.11  2.5933E-06   -261.89
   80.00    355.00    -15.60   -36.07   -15.56      0.0567     -4.34 LEFT    1.8686E-05    -43.12  1.7706E-06   -260.12
   85.00    355.00    -18.83   -41.88   -18.81      0.0356     -3.48 LEFT    1.2880E-05    -48.40  9.0682E-07   -258.86
   90.00    355.00   -999.99  -999.99  -999.99      0.0000      0.00         1.0377E-15   -231.95  5.4311E-17    -78.26


  AVERAGE POWER GAIN:  2.3960E-01 - SOLID ANGLE USED IN AVERAGING: (+1.9722)*PI STERADIANS



  DATA CARD No:   8 EN   0     0     0     0  0.00000E+00  0.00000E+00  0.00000E+00  0.00000E+00  0.00000E+00  0.00000E+00

  TOTAL RUN TIME: 50 msec