


                               __________________________________________
                              |                                          |
                              |  NUMERICAL ELECTROMAGNETICS CODE (nec2c) |
                              |   Translated to 'C' in Double Precision  |
                              |__________________________________________|



                               ---------------- COMMENTS ----------------
                               pattern-doublet-58p0-None-20m
                              



                               -------- STRUCTURE SPECIFICATION --------
                                     COORDINATES MUST BE INPUT IN
                                     METERS OR BE SCALED TO METERS
                                     BEFORE STRUCTURE INPUT IS ENDED

  WIRE                                                                                 SEG FIRST  LAST  TAG
   No:        X1         Y1         Z1         X2         Y2         Z2       RADIUS   No:   SEG   SEG  No:
     1    -6.40080    0.00000    3.04800   -0.01000    0.00000    9.14400    0.00024    61     1    61    1
     2    -0.01000    0.00000    9.14400    0.01000    0.00000    9.14400    0.00024     1    62    62    2
     3     0.01000    0.00000    9.14400    6.40080    0.00000    3.04800    0.00024    61    63   123    3

     TOTAL SEGMENTS USED: 123   SEGMENTS IN A SYMMETRIC CELL: 123   SYMMETRY FLAG: 0


                               ---------- SEGMENTATION DATA ----------
                                        COORDINATES IN METERS
                            I+ AND I- INDICATE THE SEGMENTS BEFORE AND AFTER I

   SEG    COORDINATES OF SEGM CENTER     SEGM    ORIENTATION ANGLES    WIRE    CONNECTION DATA   TAG
   No:       X         Y         Z      LENGTH     ALPHA      BETA    RADIUS    I-     I    I+   No:
     1   -6.3484    0.0000    3.0980    0.1448   43.6476    0.0000    0.0002     0     1     2     1
     2   -6.2436    0.0000    3.1979    0.1448   43.6476    0.0000    0.0002     1     2     3     1
     3   -6.1389    0.0000    3.2978    0.1448   43.6476    0.0000    0.0002     2     3     4     1
     4   -6.0341    0.0000    3.3978    0.1448   43.6476    0.0000    0.0002     3     4     5     1
     5   -5.9293    0.0000    3.4977    0.1448   43.6476    0.0000    0.0002     4     5     6     1
     6   -5.8246    0.0000    3.5976    0.1448   43.6476    0.0000    0.0002     5     6     7     1
     7   -5.7198    0.0000    3.6976    0.1448   43.6476    0.0000    0.0002     6     7     8     1
     8   -5.6150    0.0000    3.7975    0.1448   43.6476    0.0000    0.0002     7     8     9     1
     9   -5.5103    0.0000    3.8974    0.1448   43.6476    0.0000    0.0002     8     9    10     1
    10   -5.4055    0.0000    3.9974    0.1448   43.6476    0.0000    0.0002     9    10    11     1
    11   -5.3007    0.0000    4.0973    0.1448   43.6476    0.0000    0.0002    10    11    12     1
    12   -5.1960    0.0000    4.1972    0.1448   43.6476    0.0000    0.0002    11    12    13     1
    13   -5.0912    0.0000    4.2972    0.1448   43.6476    0.0000    0.0002    12    13    14     1
    14   -4.9864    0.0000    4.3971    0.1448   43.6476    0.0000    0.0002    13    14    15     1
    15   -4.8817    0.0000    4.4970    0.1448   43.6476    0.0000    0.0002    14    15    16     1
    16   -4.7769    0.0000    4.5970    0.1448   43.6476    0.0000    0.0002    15    16    17     1
    17   -4.6721    0.0000    4.6969    0.1448   43.6476    0.0000    0.0002    16    17    18     1
    18   -4.5674    0.0000    4.7969    0.1448   43.6476    0.0000    0.0002    17    18    19     1
    19   -4.4626    0.0000    4.8968    0.1448   43.6476    0.0000    0.0002    18    19    20     1
    20   -4.3578    0.0000    4.9967    0.1448   43.6476    0.0000    0.0002    19    20    21     1
    21   -4.2531    0.0000    5.0967    0.1448   43.6476    0.0000    0.0002    20    21    22     1
    22   -4.1483    0.0000    5.1966    0.1448   43.6476    0.0000    0.0002    21    22    23     1
    23   -4.0435    0.0000    5.2965    0.1448   43.6476    0.0000    0.0002    22    23    24     1
    24   -3.9388    0.0000    5.3965    0.1448   43.6476    0.0000    0.0002    23    24    25     1
    25   -3.8340    0.0000    5.4964    0.1448   43.6476    0.0000    0.0002    24    25    26     1
    26   -3.7292    0.0000    5.5963    0.1448   43.6476    0.0000    0.0002    25    26    27     1
    27   -3.6245    0.0000    5.6963    0.1448   43.6476    0.0000    0.0002    26    27    28     1
    28   -3.5197    0.0000    5.7962    0.1448   43.6476    0.0000    0.0002    27    28    29     1
    29   -3.4149    0.0000    5.8961    0.1448   43.6476    0.0000    0.0002    28    29    30     1
    30   -3.3102    0.0000    5.9961    0.1448   43.6476    0.0000    0.0002    29    30    31     1
    31   -3.2054    0.0000    6.0960    0.1448   43.6476    0.0000    0.0002    30    31    32     1
    32   -3.1006    0.0000    6.1959    0.1448   43.6476    0.0000    0.0002    31    32    33     1
    33   -2.9959    0.0000    6.2959    0.1448   43.6476    0.0000    0.0002    32    33    34     1
    34   -2.8911    0.0000    6.3958    0.1448   43.6476    0.0000    0.0002    33    34    35     1
    35   -2.7863    0.0000    6.4957    0.1448   43.6476    0.0000    0.0002    34    35    36     1
    36   -2.6816    0.0000    6.5957    0.1448   43.6476    0.0000    0.0002    35    36    37     1
    37   -2.5768    0.0000    6.6956    0.1448   43.6476    0.0000    0.0002    36    37    38     1
    38   -2.4720    0.0000    6.7955    0.1448   43.6476    0.0000    0.0002    37    38    39     1
    39   -2.3673    0.0000    6.8955    0.1448   43.6476    0.0000    0.0002    38    39    40     1
    40   -2.2625    0.0000    6.9954    0.1448   43.6476    0.0000    0.0002    39    40    41     1
    41   -2.1577    0.0000    7.0953    0.1448   43.6476    0.0000    0.0002    40    41    42     1
    42   -2.0530    0.0000    7.1953    0.1448   43.6476    0.0000    0.0002    41    42    43     1
    43   -1.9482    0.0000    7.2952    0.1448   43.6476    0.0000    0.0002    42    43    44     1
    44   -1.8434    0.0000    7.3951    0.1448   43.6476    0.0000    0.0002    43    44    45     1
    45   -1.7387    0.0000    7.4951    0.1448   43.6476    0.0000    0.0002    44    45    46     1
    46   -1.6339    0.0000    7.5950    0.1448   43.6476    0.0000    0.0002    45    46    47     1
    47   -1.5291    0.0000    7.6950    0.1448   43.6476    0.0000    0.0002    46    47    48     1
    48   -1.4244    0.0000    7.7949    0.1448   43.6476    0.0000    0.0002    47    48    49     1
    49   -1.3196    0.0000    7.8948    0.1448   43.6476    0.0000    0.0002    48    49    50     1
    50   -1.2148    0.0000    7.9948    0.1448   43.6476    0.0000    0.0002    49    50    51     1
    51   -1.1101    0.0000    8.0947    0.1448   43.6476    0.0000    0.0002    50    51    52     1
    52   -1.0053    0.0000    8.1946    0.1448   43.6476    0.0000    0.0002    51    52    53     1
    53   -0.9005    0.0000    8.2946    0.1448   43.6476    0.0000    0.0002    52    53    54     1
    54   -0.7958    0.0000    8.3945    0.1448   43.6476    0.0000    0.0002    53    54    55     1
    55   -0.6910    0.0000    8.4944    0.1448   43.6476    0.0000    0.0002    54    55    56     1
    56   -0.5862    0.0000    8.5944    0.1448   43.6476    0.0000    0.0002    55    56    57     1
    57   -0.4815    0.0000    8.6943    0.1448   43.6476    0.0000    0.0002    56    57    58     1
    58   -0.3767    0.0000    8.7942    0.1448   43.6476    0.0000    0.0002    57    58    59     1
    59   -0.2719    0.0000    8.8942    0.1448   43.6476    0.0000    0.0002    58    59    60     1
    60   -0.1672    0.0000    8.9941    0.1448   43.6476    0.0000    0.0002    59    60    61     1
    61   -0.0624    0.0000    9.0940    0.1448   43.6476    0.0000    0.0002    60    61    62     1
    62    0.0000    0.0000    9.1440    0.0200    0.0000    0.0000    0.0002    61    62    63     2
    63    0.0624    0.0000    9.0940    0.1448  -43.6476    0.0000    0.0002    62    63    64     3
    64    0.1672    0.0000    8.9941    0.1448  -43.6476    0.0000    0.0002    63    64    65     3
    65    0.2719    0.0000    8.8942    0.1448  -43.6476    0.0000    0.0002    64    65    66     3
    66    0.3767    0.0000    8.7942    0.1448  -43.6476    0.0000    0.0002    65    66    67     3
    67    0.4815    0.0000    8.6943    0.1448  -43.6476    0.0000    0.0002    66    67    68     3
    68    0.5862    0.0000    8.5944    0.1448  -43.6476    0.0000    0.0002    67    68    69     3
    69    0.6910    0.0000    8.4944    0.1448  -43.6476    0.0000    0.0002    68    69    70     3
    70    0.7958    0.0000    8.3945    0.1448  -43.6476    0.0000    0.0002    69    70    71     3
    71    0.9005    0.0000    8.2946    0.1448  -43.6476    0.0000    0.0002    70    71    72     3
    72    1.0053    0.0000    8.1946    0.1448  -43.6476    0.0000    0.0002    71    72    73     3
    73    1.1101    0.0000    8.0947    0.1448  -43.6476    0.0000    0.0002    72    73    74     3
    74    1.2148    0.0000    7.9948    0.1448  -43.6476    0.0000    0.0002    73    74    75     3
    75    1.3196    0.0000    7.8948    0.1448  -43.6476    0.0000    0.0002    74    75    76     3
    76    1.4244    0.0000    7.7949    0.1448  -43.6476    0.0000    0.0002    75    76    77     3
    77    1.5291    0.0000    7.6950    0.1448  -43.6476    0.0000    0.0002    76    77    78     3
    78    1.6339    0.0000    7.5950    0.1448  -43.6476    0.0000    0.0002    77    78    79     3
    79    1.7387    0.0000    7.4951    0.1448  -43.6476    0.0000    0.0002    78    79    80     3
    80    1.8434    0.0000    7.3951    0.1448  -43.6476    0.0000    0.0002    79    80    81     3
    81    1.9482    0.0000    7.2952    0.1448  -43.6476    0.0000    0.0002    80    81    82     3
    82    2.0530    0.0000    7.1953    0.1448  -43.6476    0.0000    0.0002    81    82    83     3
    83    2.1577    0.0000    7.0953    0.1448  -43.6476    0.0000    0.0002    82    83    84     3
    84    2.2625    0.0000    6.9954    0.1448  -43.6476    0.0000    0.0002    83    84    85     3
    85    2.3673    0.0000    6.8955    0.1448  -43.6476    0.0000    0.0002    84    85    86     3
    86    2.4720    0.0000    6.7955    0.1448  -43.6476    0.0000    0.0002    85    86    87     3
    87    2.5768    0.0000    6.6956    0.1448  -43.6476    0.0000    0.0002    86    87    88     3
    88    2.6816    0.0000    6.5957    0.1448  -43.6476    0.0000    0.0002    87    88    89     3
    89    2.7863    0.0000    6.4957    0.1448  -43.6476    0.0000    0.0002    88    89    90     3
    90    2.8911    0.0000    6.3958    0.1448  -43.6476    0.0000    0.0002    89    90    91     3
    91    2.9959    0.0000    6.2959    0.1448  -43.6476    0.0000    0.0002    90    91    92     3
    92    3.1006    0.0000    6.1959    0.1448  -43.6476    0.0000    0.0002    91    92    93     3
    93    3.2054    0.0000    6.0960    0.1448  -43.6476    0.0000    0.0002    92    93    94     3
    94    3.3102    0.0000    5.9961    0.1448  -43.6476    0.0000    0.0002    93    94    95     3
    95    3.4149    0.0000    5.8961    0.1448  -43.6476    0.0000    0.0002    94    95    96     3
    96    3.5197    0.0000    5.7962    0.1448  -43.6476    0.0000    0.0002    95    96    97     3
    97    3.6245    0.0000    5.6963    0.1448  -43.6476    0.0000    0.0002    96    97    98     3
    98    3.7292    0.0000    5.5963    0.1448  -43.6476    0.0000    0.0002    97    98    99     3
    99    3.8340    0.0000    5.4964    0.1448  -43.6476    0.0000    0.0002    98    99   100     3
   100    3.9388    0.0000    5.3965    0.1448  -43.6476    0.0000    0.0002    99   100   101     3
   101    4.0435    0.0000    5.2965    0.1448  -43.6476    0.0000    0.0002   100   101   102     3
   102    4.1483    0.0000    5.1966    0.1448  -43.6476    0.0000    0.0002   101   102   103     3
   103    4.2531    0.0000    5.0967    0.1448  -43.6476    0.0000    0.0002   102   103   104     3
   104    4.3578    0.0000    4.9967    0.1448  -43.6476    0.0000    0.0002   103   104   105     3
   105    4.4626    0.0000    4.8968    0.1448  -43.6476    0.0000    0.0002   104   105   106     3
   106    4.5674    0.0000    4.7969    0.1448  -43.6476    0.0000    0.0002   105   106   107     3
   107    4.6721    0.0000    4.6969    0.1448  -43.6476    0.0000    0.0002   106   107   108     3
   108    4.7769    0.0000    4.5970    0.1448  -43.6476    0.0000    0.0002   107   108   109     3
   109    4.8817    0.0000    4.4970    0.1448  -43.6476    0.0000    0.0002   108   109   110     3
   110    4.9864    0.0000    4.3971    0.1448  -43.6476    0.0000    0.0002   109   110   111     3
   111    5.0912    0.0000    4.2972    0.1448  -43.6476    0.0000    0.0002   110   111   112     3
   112    5.1960    0.0000    4.1972    0.1448  -43.6476    0.0000    0.0002   111   112   113     3
   113    5.3007    0.0000    4.0973    0.1448  -43.6476    0.0000    0.0002   112   113   114     3
   114    5.4055    0.0000    3.9974    0.1448  -43.6476    0.0000    0.0002   113   114   115     3
   115    5.5103    0.0000    3.8974    0.1448  -43.6476    0.0000    0.0002   114   115   116     3
   116    5.6150    0.0000    3.7975    0.1448  -43.6476    0.0000    0.0002   115   116   117     3
   117    5.7198    0.0000    3.6976    0.1448  -43.6476    0.0000    0.0002   116   117   118     3
   118    5.8246    0.0000    3.5976    0.1448  -43.6476    0.0000    0.0002   117   118   119     3
   119    5.9293    0.0000    3.4977    0.1448  -43.6476    0.0000    0.0002   118   119   120     3
   120    6.0341    0.0000    3.3978    0.1448  -43.6476    0.0000    0.0002   119   120   121     3
   121    6.1389    0.0000    3.2978    0.1448  -43.6476    0.0000    0.0002   120   121   122     3
   122    6.2436    0.0000    3.1979    0.1448  -43.6476    0.0000    0.0002   121   122   123     3
   123    6.3484    0.0000    3.0980    0.1448  -43.6476    0.0000    0.0002   122   123     0     3



  DATA CARD No:   1 EK   0     0     0     0  0.00000E+00  0.00000E+00  0.00000E+00  0.00000E+00  0.00000E+00  0.00000E+00
  DATA CARD No:   2 LD   5     0     0     0  1.50000E+07  0.00000E+00  0.00000E+00  0.00000E+00  0.00000E+00  0.00000E+00
  DATA CARD No:   3 GN   2     0     0     0  1.30000E+01  5.00000E-03  0.00000E+00  0.00000E+00  0.00000E+00  0.00000E+00
  DATA CARD No:   4 FR   0     1     0     0  1.40500E+01  0.00000E+00  0.00000E+00  0.00000E+00  0.00000E+00  0.00000E+00
  DATA CARD No:   5 EX   0     2     1     0  1.00000E+00  0.00000E+00  0.00000E+00  0.00000E+00  0.00000E+00  0.00000E+00
  DATA CARD No:   6 PT  -1     0     0     0  0.00000E+00  0.00000E+00  0.00000E+00  0.00000E+00  0.00000E+00  0.00000E+00
  DATA CARD No:   7 RP   0    19    72  1001  0.00000E+00  0.00000E+00  5.00000E+00  5.00000E+00  1.00000E+03  0.00000E+00


                               --------- FREQUENCY --------
                                FREQUENCY : 1.4050E+01 MHz
                                WAVELENGTH: 2.1338E+01 Mtr

                        APPROXIMATE INTEGRATION EMPLOYED FOR SEGMENTS 
                        THAT ARE MORE THAN 1.000 WAVELENGTHS APART
                        THE EXTENDED THIN WIRE KERNEL WILL BE USED


                          ------ STRUCTURE IMPEDANCE LOADING ------
  LOCATION        RESISTANCE  INDUCTANCE  CAPACITANCE     IMPEDANCE (OHMS)   CONDUCTIVITY  CIRCUIT
  ITAG FROM THRU     OHMS       HENRYS      FARADS       REAL     IMAGINARY   MHOS/METER      TYPE
  ALL                                                                        1.5000E+07     WIRE  


                            -------- ANTENNA ENVIRONMENT --------
                            FINITE GROUND - SOMMERFELD SOLUTION
                            RELATIVE DIELECTRIC CONST: 13.000
                            CONDUCTIVITY:  5.000E-03 MHOS/METER
                            COMPLEX DIELECTRIC CONSTANT:  1.3000E+01-6.3972E+00j


                             ---------- MATRIX TIMING ----------
                               FILL: 20 msec  FACTOR: 0 msec


                        --------- ANTENNA INPUT PARAMETERS ---------
  TAG   SEG       VOLTAGE (VOLTS)         CURRENT (AMPS)         IMPEDANCE (OHMS)        ADMITTANCE (MHOS)     POWER
  No:   No:     REAL      IMAGINARY     REAL      IMAGINARY     REAL      IMAGINARY    REAL       IMAGINARY   (WATTS)
    2    62  1.0000E+00  0.0000E+00  2.2647E-04 -3.9156E-04  1.1068E+03  1.9137E+03  2.2647E-04 -3.9156E-04  1.1324E-04


                               ---------- POWER BUDGET ---------
                               INPUT POWER   =  1.1324E-04 Watts
                               RADIATED POWER=  1.0434E-04 Watts
                               STRUCTURE LOSS=  8.8985E-06 Watts
                               NETWORK LOSS  =  0.0000E+00 Watts
                               EFFICIENCY    =   92.14 Percent


                             ---------- RADIATION PATTERNS -----------

                             RANGE:  1.000000E+03 METERS
                             EXP(-JKR)/R:  1.00000E-03 AT PHASE: -311.25 DEGREES

 ---- ANGLES -----     ----- POWER GAINS -----       ---- POLARIZATION ----   ---- E(THETA) ----    ----- E(PHI) ------
  THETA      PHI       VERTC    HORIZ    TOTAL       AXIAL      TILT  SENSE   MAGNITUDE    PHASE    MAGNITUDE     PHASE
 DEGREES   DEGREES        DB       DB       DB       RATIO   DEGREES            VOLTS/M   DEGREES     VOLTS/M   DEGREES
    0.00      0.00      3.70  -999.99     3.70      0.0000      0.00 LINEAR  1.2615E-04   -391.01  0.0000E+00   -311.25
    5.00      0.00      3.65  -999.99     3.65      0.0000      0.00 LINEAR  1.2541E-04   -390.97  0.0000E+00   -311.25
   10.00      0.00      3.50  -999.99     3.50      0.0000      0.00 LINEAR  1.2327E-04   -390.85  0.0000E+00   -311.25
   15.00      0.00      3.25  -999.99     3.25      0.0000      0.00 LINEAR  1.1986E-04   -390.65  0.0000E+00   -311.25
   20.00      0.00      2.93  -999.99     2.93      0.0000      0.00 LINEAR  1.1542E-04   -390.38  0.0000E+00   -311.25
   25.00      0.00      2.53  -999.99     2.53      0.0000      0.00 LINEAR  1.1024E-04   -390.02  0.0000E+00   -311.25
   30.00      0.00      2.08  -999.99     2.08      0.0000      0.00 LINEAR  1.0467E-04   -389.60  0.0000E+00   -311.25
   35.00      0.00      1.60  -999.99     1.60      0.0000      0.00 LINEAR  9.9030E-05   -389.12  0.0000E+00   -311.25
   40.00      0.00      1.11  -999.99     1.11      0.0000      0.00 LINEAR  9.3618E-05   -388.63  0.0000E+00   -311.25
   45.00      0.00      0.63  -999.99     0.63      0.0000      0.00 LINEAR  8.8638E-05   -388.16  0.0000E+00   -311.25
   50.00      0.00      0.18  -999.99     0.18      0.0000      0.00 LINEAR  8.4169E-05   -387.77  0.0000E+00   -311.25
   55.00      0.00     -0.24  -999.99    -0.24      0.0000      0.00 LINEAR  8.0130E-05   -387.52  0.0000E+00   -311.25
   60.00      0.00     -0.67  -999.99    -0.67      0.0000      0.00 LINEAR  7.6252E-05   -387.46  0.0000E+00   -311.25
   65.00      0.00     -1.17  -999.99    -1.17      0.0000      0.00 LINEAR  7.2054E-05   -387.62  0.0000E+00   -311.25
   70.00      0.00     -1.82  -999.99    -1.82      0.0000      0.00 LINEAR  6.6811E-05   -388.04  0.0000E+00   -311.25
   75.00      0.00     -2.83  -999.99    -2.83      0.0000      0.00 LINEAR  5.9460E-05   -388.78  0.0000E+00   -311.25
   80.00      0.00     -4.63  -999.99    -4.63      0.0000      0.00 LINEAR  4.8364E-05   -389.93  0.0000E+00   -311.25
   85.00      0.00     -8.60  -999.99    -8.60      0.0000      0.00 LINEAR  3.0630E-05   -391.75  0.0000E+00   -311.25
   90.00      0.00   -999.99  -999.99  -999.99      0.0000      0.00         2.4045E-15   -214.84  0.0000E+00   -311.25
    0.00      5.00      3.67   -17.49     3.70      0.0000     -5.00 LINEAR  1.2567E-04   -391.01  1.0994E-05   -211.01
    5.00      5.00      3.62   -17.49     3.65      0.0002     -5.03 LEFT    1.2494E-04   -390.97  1.0999E-05   -211.09
   10.00      5.00      3.47   -17.48     3.50      0.0007     -5.12 LEFT    1.2281E-04   -390.85  1.1012E-05   -211.33
   15.00      5.00      3.22   -17.47     3.26      0.0017     -5.27 LEFT    1.1943E-04   -390.66  1.1026E-05   -211.71
   20.00      5.00      2.90   -17.47     2.94      0.0030     -5.48 LEFT    1.1503E-04   -390.38  1.1032E-05   -212.21
   25.00      5.00      2.50   -17.48     2.54      0.0048     -5.72 LEFT    1.0990E-04   -390.03  1.1017E-05   -212.79
   30.00      5.00      2.05   -17.52     2.10      0.0069     -5.98 LEFT    1.0437E-04   -389.61  1.0964E-05   -213.42
   35.00      5.00      1.57   -17.61     1.63      0.0093     -6.25 LEFT    9.8771E-05   -389.14  1.0852E-05   -214.07
   40.00      5.00      1.09   -17.76     1.14      0.0119     -6.48 LEFT    9.3397E-05   -388.65  1.0658E-05   -214.70
   45.00      5.00      0.62   -18.01     0.67      0.0143     -6.63 LEFT    8.8448E-05   -388.18  1.0357E-05   -215.29
   50.00      5.00      0.17   -18.38     0.23      0.0163     -6.67 LEFT    8.4002E-05   -387.80  9.9238E-06   -215.82
   55.00      5.00     -0.26   -18.92    -0.20      0.0174     -6.58 LEFT    7.9979E-05   -387.55  9.3340E-06   -216.26
   60.00      5.00     -0.69   -19.66    -0.63      0.0176     -6.34 LEFT    7.6111E-05   -387.50  8.5669E-06   -216.61
   65.00      5.00     -1.18   -20.69    -1.13      0.0167     -5.96 LEFT    7.1920E-05   -387.66  7.6071E-06   -216.86
   70.00      5.00     -1.84   -22.13    -1.80      0.0148     -5.46 LEFT    6.6683E-05   -388.09  6.4470E-06   -217.00
   75.00      5.00     -2.85   -24.19    -2.82      0.0122     -4.85 LEFT    5.9342E-05   -388.83  5.0882E-06   -217.04
   80.00      5.00     -4.65   -27.33    -4.62      0.0089     -4.17 LEFT    4.8265E-05   -389.98  3.5434E-06   -216.97
   85.00      5.00     -8.61   -33.04    -8.60      0.0052     -3.42 LEFT    3.0566E-05   -391.79  1.8360E-06   -216.80
   90.00      5.00   -999.99  -999.99  -999.99      0.0000      0.00         2.3994E-15   -214.88  1.1034E-16   -396.52
    0.00     10.00      3.57   -11.51     3.70      0.0000    -10.00 LINEAR  1.2423E-04   -391.01  2.1905E-05   -211.01
    5.00     10.00      3.52   -11.50     3.65      0.0004    -10.06 LEFT    1.2352E-04   -390.97  2.1917E-05   -211.09
   10.00     10.00      3.37   -11.49     3.51      0.0015    -10.24 LEFT    1.2145E-04   -390.85  2.1947E-05   -211.33
   15.00     10.00      3.13   -11.48     3.28      0.0033    -10.54 LEFT    1.1816E-04   -390.66  2.1984E-05   -211.72
   20.00     10.00      2.81   -11.47     2.97      0.0059    -10.93 LEFT    1.1386E-04   -390.39  2.2009E-05   -212.22
   25.00     10.00      2.42   -11.47     2.59      0.0093    -11.41 LEFT    1.0886E-04   -390.05  2.1995E-05   -212.81
   30.00     10.00      1.98   -11.51     2.17      0.0135    -11.93 LEFT    1.0346E-04   -389.64  2.1905E-05   -213.45
   35.00     10.00      1.51   -11.59     1.71      0.0181    -12.45 LEFT    9.7989E-05   -389.18  2.1699E-05   -214.10
   40.00     10.00      1.03   -11.74     1.25      0.0230    -12.89 LEFT    9.2726E-05   -388.70  2.1329E-05   -214.74
   45.00     10.00      0.56   -11.98     0.79      0.0276    -13.20 LEFT    8.7869E-05   -388.26  2.0745E-05   -215.33
   50.00     10.00      0.11   -12.34     0.35      0.0313    -13.29 LEFT    8.3492E-05   -387.89  1.9893E-05   -215.86
   55.00     10.00     -0.31   -12.87    -0.07      0.0336    -13.12 LEFT    7.9517E-05   -387.66  1.8726E-05   -216.31
   60.00     10.00     -0.74   -13.61    -0.52      0.0341    -12.66 LEFT    7.5679E-05   -387.61  1.7199E-05   -216.67
   65.00     10.00     -1.23   -14.63    -1.04      0.0325    -11.93 LEFT    7.1508E-05   -387.79  1.5282E-05   -216.92
   70.00     10.00     -1.89   -16.07    -1.73      0.0290    -10.94 LEFT    6.6292E-05   -388.22  1.2958E-05   -217.07
   75.00     10.00     -2.90   -18.12    -2.78      0.0239     -9.75 LEFT    5.8982E-05   -388.96  1.0231E-05   -217.11
   80.00     10.00     -4.70   -21.26    -4.61      0.0176     -8.39 LEFT    4.7964E-05   -390.11  7.1272E-06   -217.05
   85.00     10.00     -8.67   -26.97    -8.61      0.0103     -6.91 LEFT    3.0372E-05   -391.93  3.6936E-06   -216.87
   90.00     10.00   -999.99  -999.99  -999.99      0.0000      0.00         2.3841E-15   -215.02  2.2198E-16   -396.60
    0.00     15.00      3.40    -8.04     3.70      0.0000    -15.00 LINEAR  1.2185E-04   -391.01  3.2649E-05   -211.01
    5.00     15.00      3.35    -8.04     3.65      0.0005    -15.09 LEFT    1.2117E-04   -390.97  3.2671E-05   -211.09
   10.00     15.00      3.21    -8.02     3.52      0.0021    -15.35 LEFT    1.1919E-04   -390.86  3.2730E-05   -211.34
   15.00     15.00      2.97    -8.00     3.31      0.0048    -15.79 LEFT    1.1604E-04   -390.67  3.2808E-05   -211.73
   20.00     15.00      2.66    -7.98     3.02      0.0086    -16.36 LEFT    1.1192E-04   -390.41  3.2875E-05   -212.24
   25.00     15.00      2.28    -7.98     2.67      0.0135    -17.05 LEFT    1.0712E-04   -390.08  3.2889E-05   -212.83
   30.00     15.00      1.85    -8.00     2.28      0.0193    -17.81 LEFT    1.0193E-04   -389.69  3.2796E-05   -213.48
   35.00     15.00      1.39    -8.07     1.85      0.0258    -18.55 LEFT    9.6667E-05   -389.25  3.2531E-05   -214.14
   40.00     15.00      0.92    -8.21     1.42      0.0326    -19.19 LEFT    9.1585E-05   -388.80  3.2021E-05   -214.79
   45.00     15.00      0.46    -8.44     0.99      0.0389    -19.64 LEFT    8.6878E-05   -388.38  3.1187E-05   -215.40
   50.00     15.00      0.02    -8.79     0.56      0.0441    -19.79 LEFT    8.2617E-05   -388.04  2.9947E-05   -215.94
   55.00     15.00     -0.40    -9.31     0.13      0.0474    -19.57 LEFT    7.8721E-05   -387.83  2.8225E-05   -216.39
   60.00     15.00     -0.82   -10.03    -0.33      0.0483    -18.93 LEFT    7.4935E-05   -387.80  2.5954E-05   -216.76
   65.00     15.00     -1.32   -11.05    -0.88      0.0464    -17.89 LEFT    7.0800E-05   -387.99  2.3084E-05   -217.02
   70.00     15.00     -1.98   -12.48    -1.61      0.0418    -16.47 LEFT    6.5619E-05   -388.43  1.9591E-05   -217.18
   75.00     15.00     -3.00   -14.52    -2.70      0.0347    -14.73 LEFT    5.8366E-05   -389.18  1.5479E-05   -217.22
   80.00     15.00     -4.79   -17.66    -4.57      0.0257    -12.73 LEFT    4.7449E-05   -390.33  1.0788E-05   -217.16
   85.00     15.00     -8.76   -23.37    -8.62      0.0152    -10.51 LEFT    3.0040E-05   -392.15  5.5925E-06   -216.99
   90.00     15.00   -999.99  -999.99  -999.99      0.0000      0.00         2.3578E-15   -215.24  3.3616E-16   -396.72
    0.00     20.00      3.16    -5.62     3.70      0.0000    -20.00 LINEAR  1.1854E-04   -391.01  4.3145E-05   -211.01
    5.00     20.00      3.11    -5.61     3.66      0.0007    -20.11 LEFT    1.1790E-04   -390.97  4.3182E-05   -211.09
   10.00     20.00      2.97    -5.59     3.54      0.0027    -20.46 LEFT    1.1604E-04   -390.86  4.3284E-05   -211.34
   15.00     20.00      2.75    -5.56     3.35      0.0062    -21.01 LEFT    1.1308E-04   -390.69  4.3427E-05   -211.74
   20.00     20.00      2.45    -5.53     3.09      0.0109    -21.74 LEFT    1.0920E-04   -390.44  4.3569E-05   -212.26
   25.00     20.00      2.08    -5.52     2.77      0.0170    -22.62 LEFT    1.0467E-04   -390.13  4.3653E-05   -212.87
   30.00     20.00      1.66    -5.53     2.42      0.0241    -23.58 LEFT    9.9772E-05   -389.76  4.3602E-05   -213.53
   35.00     20.00      1.22    -5.58     2.04      0.0320    -24.52 LEFT    9.4779E-05   -389.35  4.3328E-05   -214.20
   40.00     20.00      0.76    -5.70     1.64      0.0402    -25.34 LEFT    8.9944E-05   -388.93  4.2729E-05   -214.86
   45.00     20.00      0.32    -5.92     1.24      0.0477    -25.91 LEFT    8.5442E-05   -388.54  4.1694E-05   -215.48
   50.00     20.00     -0.11    -6.25     0.83      0.0540    -26.12 LEFT    8.1337E-05   -388.23  4.0109E-05   -216.03
   55.00     20.00     -0.53    -6.75     0.40      0.0581    -25.87 LEFT    7.7553E-05   -388.05  3.7867E-05   -216.50
   60.00     20.00     -0.95    -7.47    -0.08      0.0595    -25.11 LEFT    7.3841E-05   -388.05  3.4875E-05   -216.88
   65.00     20.00     -1.45    -8.47    -0.66      0.0576    -23.83 LEFT    6.9760E-05   -388.26  3.1061E-05   -217.15
   70.00     20.00     -2.11    -9.89    -1.44      0.0525    -22.05 LEFT    6.4634E-05   -388.72  2.6391E-05   -217.32
   75.00     20.00     -3.13   -11.93    -2.59      0.0442    -19.83 LEFT    5.7467E-05   -389.47  2.0871E-05   -217.37
   80.00     20.00     -4.93   -15.06    -4.53      0.0331    -17.22 LEFT    4.6700E-05   -390.63  1.4556E-05   -217.31
   85.00     20.00     -8.90   -20.76    -8.63      0.0196    -14.29 LEFT    2.9558E-05   -392.45  7.5487E-06   -217.15
   90.00     20.00   -999.99  -999.99  -999.99      0.0000      0.00         2.3198E-15   -215.54  4.5379E-16   -396.87
    0.00     25.00      2.84    -3.78     3.70      0.0000    -25.00 LINEAR  1.1433E-04   -391.01  5.3312E-05   -211.01
    5.00     25.00      2.80    -3.77     3.66      0.0008    -25.14 LEFT    1.1374E-04   -390.97  5.3370E-05   -211.09
   10.00     25.00      2.67    -3.75     3.56      0.0032    -25.54 LEFT    1.1202E-04   -390.87  5.3534E-05   -211.35
   15.00     25.00      2.45    -3.71     3.39      0.0073    -26.20 LEFT    1.0929E-04   -390.71  5.3772E-05   -211.76
   20.00     25.00      2.16    -3.67     3.17      0.0128    -27.07 LEFT    1.0571E-04   -390.47  5.4030E-05   -212.29
   25.00     25.00      1.81    -3.63     2.90      0.0198    -28.10 LEFT    1.0151E-04   -390.18  5.4232E-05   -212.91
   30.00     25.00      1.41    -3.63     2.60      0.0279    -29.22 LEFT    9.6952E-05   -389.84  5.4281E-05   -213.58
   35.00     25.00      0.99    -3.66     2.27      0.0366    -30.32 LEFT    9.2294E-05   -389.46  5.4059E-05   -214.27
   40.00     25.00      0.55    -3.76     1.92      0.0455    -31.27 LEFT    8.7761E-05   -389.08  5.3434E-05   -214.95
   45.00     25.00      0.12    -3.96     1.55      0.0538    -31.96 LEFT    8.3512E-05   -388.74  5.2258E-05   -215.58
   50.00     25.00     -0.30    -4.27     1.16      0.0606    -32.23 LEFT    7.9605E-05   -388.47  5.0384E-05   -216.15
   55.00     25.00     -0.71    -4.75     0.74      0.0653    -31.99 LEFT    7.5962E-05   -388.33  4.7666E-05   -216.64
   60.00     25.00     -1.13    -5.45     0.24      0.0672    -31.16 LEFT    7.2349E-05   -388.36  4.3982E-05   -217.03
   65.00     25.00     -1.62    -6.44    -0.39      0.0657    -29.72 LEFT    6.8344E-05   -388.59  3.9238E-05   -217.31
   70.00     25.00     -2.29    -7.85    -1.22      0.0607    -27.66 LEFT    6.3299E-05   -389.06  3.3385E-05   -217.48
   75.00     25.00     -3.32    -9.88    -2.45      0.0518    -25.04 LEFT    5.6251E-05   -389.83  2.6432E-05   -217.55
   80.00     25.00     -5.12   -13.00    -4.47      0.0394    -21.90 LEFT    4.5691E-05   -390.99  1.8449E-05   -217.49
   85.00     25.00     -9.10   -18.70    -8.65      0.0235    -18.28 LEFT    2.8910E-05   -392.82  9.5723E-06   -217.33
   90.00     25.00   -999.99  -999.99  -999.99      0.0000      0.00         2.2686E-15   -215.91  5.7553E-16   -397.06
    0.00     30.00      2.45    -2.32     3.70      0.0000    -30.00 LINEAR  1.0925E-04   -391.01  6.3073E-05   -211.01
    5.00     30.00      2.41    -2.31     3.67      0.0009    -30.15 LEFT    1.0872E-04   -390.97  6.3160E-05   -211.10
   10.00     30.00      2.28    -2.28     3.59      0.0036    -30.61 LEFT    1.0716E-04   -390.88  6.3405E-05   -211.36
   15.00     30.00      2.08    -2.23     3.45      0.0081    -31.35 LEFT    1.0468E-04   -390.73  6.3770E-05   -211.78
   20.00     30.00      1.80    -2.17     3.27      0.0142    -32.32 LEFT    1.0143E-04   -390.51  6.4188E-05   -212.32
   25.00     30.00      1.47    -2.12     3.05      0.0218    -33.47 LEFT    9.7609E-05   -390.25  6.4563E-05   -212.96
   30.00     30.00      1.09    -2.09     2.80      0.0304    -34.71 LEFT    9.3448E-05   -389.93  6.4775E-05   -213.65
   35.00     30.00      0.69    -2.10     2.52      0.0395    -35.92 LEFT    8.9174E-05   -389.59  6.4675E-05   -214.36
   40.00     30.00      0.27    -2.18     2.22      0.0486    -36.98 LEFT    8.4990E-05   -389.26  6.4095E-05   -215.05
   45.00     30.00     -0.14    -2.35     1.90      0.0571    -37.75 LEFT    8.1036E-05   -388.96  6.2849E-05   -215.70
   50.00     30.00     -0.55    -2.65     1.54      0.0641    -38.08 LEFT    7.7362E-05   -388.74  6.0748E-05   -216.29
   55.00     30.00     -0.95    -3.11     1.12      0.0690    -37.87 LEFT    7.3892E-05   -388.64  5.7609E-05   -216.79
   60.00     30.00     -1.37    -3.79     0.60      0.0713    -37.03 LEFT    7.0404E-05   -388.71  5.3271E-05   -217.19
   65.00     30.00     -1.86    -4.76    -0.06      0.0705    -35.51 LEFT    6.6500E-05   -388.97  4.7615E-05   -217.49
   70.00     30.00     -2.53    -6.15    -0.96      0.0659    -33.28 LEFT    6.1565E-05   -389.46  4.0577E-05   -217.67
   75.00     30.00     -3.56    -8.17    -2.27      0.0573    -30.36 LEFT    5.4680E-05   -390.24  3.2166E-05   -217.74
   80.00     30.00     -5.37   -11.29    -4.38      0.0442    -26.77 LEFT    4.4391E-05   -391.41  2.2472E-05   -217.70
   85.00     30.00     -9.35   -16.98    -8.66      0.0266    -22.52 LEFT    2.8077E-05   -393.24  1.1666E-05   -217.54
   90.00     30.00   -999.99  -999.99  -999.99      0.0000      0.00         2.2030E-15   -216.33  7.0154E-16   -397.27
    0.00     35.00      1.97    -1.13     3.70      0.0000    -35.00 LINEAR  1.0333E-04   -391.01  7.2355E-05   -211.01
    5.00     35.00      1.93    -1.11     3.68      0.0010    -35.17 LEFT    1.0286E-04   -390.98  7.2476E-05   -211.10
   10.00     35.00      1.81    -1.07     3.61      0.0039    -35.66 LEFT    1.0148E-04   -390.89  7.2823E-05   -211.37
   15.00     35.00      1.62    -1.01     3.51      0.0087    -36.46 LEFT    9.9279E-05   -390.75  7.3348E-05   -211.80
   20.00     35.00      1.36    -0.94     3.37      0.0152    -37.50 LEFT    9.6383E-05   -390.56  7.3970E-05   -212.36
   25.00     35.00      1.05    -0.87     3.21      0.0230    -38.73 LEFT    9.2970E-05   -390.32  7.4575E-05   -213.01
   30.00     35.00      0.69    -0.82     3.01      0.0317    -40.04 LEFT    8.9237E-05   -390.04  7.5015E-05   -213.72
   35.00     35.00      0.31    -0.80     2.80      0.0408    -41.32 LEFT    8.5383E-05   -389.74  7.5109E-05   -214.45
   40.00     35.00     -0.09    -0.86     2.56      0.0497    -42.45 LEFT    8.1582E-05   -389.45  7.4649E-05   -215.16
   45.00     35.00     -0.48    -1.00     2.28      0.0578    -43.27 LEFT    7.7957E-05   -389.20  7.3408E-05   -215.83
   50.00     35.00     -0.87    -1.27     1.94      0.0646    -43.65 LEFT    7.4546E-05   -389.03  7.1150E-05   -216.43
   55.00     35.00     -1.26    -1.71     1.53      0.0695    -43.49 LEFT    7.1278E-05   -388.98  6.7648E-05   -216.95
   60.00     35.00     -1.68    -2.37     1.00      0.0721    -42.68 LEFT    6.7943E-05   -389.09  6.2701E-05   -217.37
   65.00     35.00     -2.17    -3.33     0.30      0.0719    -41.15 LEFT    6.4170E-05   -389.38  5.6159E-05   -217.68
   70.00     35.00     -2.85    -4.70    -0.67      0.0682    -38.86 LEFT    5.9382E-05   -389.89  4.7941E-05   -217.88
   75.00     35.00     -3.88    -6.71    -2.06      0.0603    -35.76 LEFT    5.2710E-05   -390.68  3.8056E-05   -217.96
   80.00     35.00     -5.70    -9.82    -4.27      0.0474    -31.83 LEFT    4.2767E-05   -391.87  2.6613E-05   -217.92
   85.00     35.00     -9.68   -15.51    -8.67      0.0288    -27.05 LEFT    2.7039E-05   -393.70  1.3824E-05   -217.76
   90.00     35.00   -999.99  -999.99  -999.99      0.0000      0.00         2.1212E-15   -216.79  8.3151E-16   -397.49
    0.00     40.00      1.38    -0.14     3.70      0.0000    -40.00 LINEAR  9.6634E-05   -391.01  8.1085E-05   -211.01
    5.00     40.00      1.35    -0.12     3.68      0.0010    -40.18 LEFT    9.6226E-05   -390.98  8.1247E-05   -211.10
   10.00     40.00      1.24    -0.07     3.64      0.0041    -40.69 LEFT    9.5026E-05   -390.90  8.1714E-05   -211.38
   15.00     40.00      1.06     0.00     3.57      0.0090    -41.52 LEFT    9.3106E-05   -390.78  8.2430E-05   -211.82
   20.00     40.00      0.82     0.09     3.48      0.0156    -42.60 LEFT    9.0578E-05   -390.60  8.3299E-05   -212.39
   25.00     40.00      0.53     0.19     3.37      0.0233    -43.86 LEFT    8.7588E-05   -390.39  8.4187E-05   -213.06
   30.00     40.00      0.20     0.26     3.24      0.0318    -45.21 LEFT    8.4301E-05   -390.15  8.4918E-05   -213.79
   35.00     40.00     -0.16     0.30     3.09      0.0405    -46.52 LEFT    8.0887E-05   -389.89  8.5275E-05   -214.54
   40.00     40.00     -0.53     0.27     2.90      0.0489    -47.66 LEFT    7.7493E-05   -389.65  8.5010E-05   -215.27
   45.00     40.00     -0.91     0.15     2.66      0.0564    -48.51 LEFT    7.4221E-05   -389.46  8.3849E-05   -215.96
   50.00     40.00     -1.28    -0.09     2.36      0.0627    -48.93 LEFT    7.1099E-05   -389.34  8.1505E-05   -216.58
   55.00     40.00     -1.66    -0.51     1.96      0.0674    -48.82 LEFT    6.8058E-05   -389.34  7.7703E-05   -217.12
   60.00     40.00     -2.07    -1.15     1.42      0.0701    -48.08 LEFT    6.4905E-05   -389.49  7.2198E-05   -217.55
   65.00     40.00     -2.57    -2.09     0.69      0.0704    -46.61 LEFT    6.1297E-05   -389.81  6.4804E-05   -217.88
   70.00     40.00     -3.25    -3.44    -0.33      0.0676    -44.34 LEFT    5.6698E-05   -390.35  5.5422E-05   -218.08
   75.00     40.00     -4.29    -5.44    -1.81      0.0608    -41.19 LEFT    5.0297E-05   -391.16  4.4057E-05   -218.17
   80.00     40.00     -6.11    -8.54    -4.14      0.0487    -37.06 LEFT    4.0785E-05   -392.35  3.0841E-05   -218.14
   85.00     40.00    -10.09   -14.22    -8.67      0.0298    -31.85 LEFT    2.5775E-05   -394.18  1.6031E-05   -217.99
   90.00     40.00   -999.99  -999.99  -999.99      0.0000      0.00         2.0218E-15   -217.28  9.6442E-16   -397.72
    0.00     45.00      0.69     0.69     3.70      0.0000    -45.00 LINEAR  8.9199E-05   -391.01  8.9199E-05   -211.01
    5.00     45.00      0.65     0.71     3.69      0.0011    -45.18 LEFT    8.8852E-05   -390.98  8.9407E-05   -211.10
   10.00     45.00      0.55     0.77     3.67      0.0041    -45.70 LEFT    8.7831E-05   -390.91  9.0009E-05   -211.39
   15.00     45.00      0.39     0.86     3.64      0.0091    -46.54 LEFT    8.6194E-05   -390.80  9.0941E-05   -211.84
   20.00     45.00      0.17     0.97     3.60      0.0155    -47.62 LEFT    8.4032E-05   -390.65  9.2094E-05   -212.43
   25.00     45.00     -0.10     1.08     3.54      0.0230    -48.88 LEFT    8.1465E-05   -390.46  9.3310E-05   -213.12
   30.00     45.00     -0.41     1.18     3.47      0.0310    -50.21 LEFT    7.8629E-05   -390.26  9.4386E-05   -213.87
   35.00     45.00     -0.74     1.24     3.37      0.0391    -51.51 LEFT    7.5662E-05   -390.05  9.5069E-05   -214.64
   40.00     45.00     -1.09     1.24     3.24      0.0466    -52.63 LEFT    7.2684E-05   -389.85  9.5067E-05   -215.39
   45.00     45.00     -1.44     1.15     3.05      0.0534    -53.48 LEFT    6.9779E-05   -389.71  9.4055E-05   -216.10
   50.00     45.00     -1.80     0.93     2.79      0.0590    -53.92 LEFT    6.6966E-05   -389.65  9.1696E-05   -216.74
   55.00     45.00     -2.17     0.54     2.40      0.0632    -53.86 LEFT    6.4177E-05   -389.70  8.7658E-05   -217.29
   60.00     45.00     -2.58    -0.08     1.86      0.0658    -53.20 LEFT    6.1235E-05   -389.89  8.1650E-05   -217.73
   65.00     45.00     -3.08    -1.00     1.10      0.0665    -51.85 LEFT    5.7829E-05   -390.24  7.3448E-05   -218.07
   70.00     45.00     -3.76    -2.34     0.02      0.0645    -49.69 LEFT    5.3468E-05   -390.81  6.2928E-05   -218.29
   75.00     45.00     -4.80    -4.32    -1.55      0.0589    -46.59 LEFT    4.7402E-05   -391.63  5.0097E-05   -218.39
   80.00     45.00     -6.63    -7.41    -3.99      0.0480    -42.41 LEFT    3.8415E-05   -392.84  3.5106E-05   -218.36
   85.00     45.00    -10.62   -13.09    -8.67      0.0296    -36.94 LEFT    2.4267E-05   -394.68  1.8259E-05   -218.22
   90.00     45.00   -999.99  -999.99  -999.99      0.0000      0.00         1.9032E-15   -217.78  1.0987E-15   -397.95
    0.00     50.00     -0.14     1.38     3.70      0.0000    -50.00 LINEAR  8.1085E-05   -391.01  9.6634E-05   -211.01
    5.00     50.00     -0.17     1.41     3.70      0.0010    -50.18 LEFT    8.0797E-05   -390.99  9.6891E-05   -211.11
   10.00     50.00     -0.26     1.47     3.70      0.0041    -50.69 LEFT    7.9948E-05   -390.93  9.7640E-05   -211.40
   15.00     50.00     -0.41     1.58     3.71      0.0088    -51.51 LEFT    7.8583E-05   -390.83  9.8807E-05   -211.87
   20.00     50.00     -0.61     1.70     3.71      0.0150    -52.56 LEFT    7.6774E-05   -390.70  1.0027E-04   -212.47
   25.00     50.00     -0.86     1.84     3.71      0.0220    -53.78 LEFT    7.4617E-05   -390.54  1.0185E-04   -213.18
   30.00     50.00     -1.15     1.96     3.69      0.0293    -55.06 LEFT    7.2221E-05   -390.37  1.0331E-04   -213.94
   35.00     50.00     -1.45     2.05     3.65      0.0366    -56.30 LEFT    6.9693E-05   -390.20  1.0437E-04   -214.73
   40.00     50.00     -1.78     2.08     3.58      0.0432    -57.38 LEFT    6.7132E-05   -390.05  1.0469E-04   -215.50
   45.00     50.00     -2.11     2.01     3.43      0.0491    -58.19 LEFT    6.4600E-05   -389.96  1.0388E-04   -216.23
   50.00     50.00     -2.46     1.82     3.20      0.0539    -58.64 LEFT    6.2107E-05   -389.95  1.0157E-04   -216.88
   55.00     50.00     -2.81     1.45     2.83      0.0576    -58.63 LEFT    5.9591E-05   -390.05  9.7362E-05   -217.45
   60.00     50.00     -3.22     0.85     2.29      0.0599    -58.06 LEFT    5.6890E-05   -390.28  9.0910E-05   -217.91
   65.00     50.00     -3.71    -0.05     1.51      0.0608    -56.85 LEFT    5.3724E-05   -390.67  8.1952E-05   -218.26
   70.00     50.00     -4.40    -1.37     0.38      0.0595    -54.85 LEFT    4.9653E-05   -391.26  7.0340E-05   -218.49
   75.00     50.00     -5.45    -3.34    -1.26      0.0550    -51.93 LEFT    4.3994E-05   -392.11  5.6076E-05   -218.60
   80.00     50.00     -7.28    -6.42    -3.82      0.0456    -47.84 LEFT    3.5633E-05   -393.33  3.9336E-05   -218.58
   85.00     50.00    -11.27   -12.10    -8.66      0.0283    -42.29 LEFT    2.2500E-05   -395.17  2.0472E-05   -218.43
   90.00     50.00   -999.99  -999.99  -999.99      0.0000      0.00         1.7644E-15   -218.27  1.2321E-15   -398.17
    0.00     55.00     -1.13     1.97     3.70      0.0000    -55.00 LINEAR  7.2355E-05   -391.01  1.0333E-04   -211.01
    5.00     55.00     -1.16     1.99     3.71      0.0010    -55.17 LEFT    7.2121E-05   -390.99  1.0364E-04   -211.11
   10.00     55.00     -1.24     2.07     3.73      0.0039    -55.66 LEFT    7.1431E-05   -390.94  1.0454E-04   -211.41
   15.00     55.00     -1.38     2.18     3.77      0.0083    -56.43 LEFT    7.0320E-05   -390.85  1.0595E-04   -211.89
   20.00     55.00     -1.56     2.33     3.82      0.0140    -57.43 LEFT    6.8842E-05   -390.74  1.0774E-04   -212.51
   25.00     55.00     -1.79     2.49     3.87      0.0204    -58.57 LEFT    6.7072E-05   -390.61  1.0970E-04   -213.23
   30.00     55.00     -2.05     2.63     3.91      0.0269    -59.77 LEFT    6.5092E-05   -390.47  1.1158E-04   -214.02
   35.00     55.00     -2.33     2.75     3.92      0.0332    -60.91 LEFT    6.2986E-05   -390.34  1.1304E-04   -214.82
   40.00     55.00     -2.64     2.80     3.89      0.0390    -61.92 LEFT    6.0829E-05   -390.24  1.1372E-04   -215.61
   45.00     55.00     -2.95     2.76     3.79      0.0439    -62.68 LEFT    5.8666E-05   -390.20  1.1317E-04   -216.35
   50.00     55.00     -3.28     2.59     3.59      0.0479    -63.11 LEFT    5.6501E-05   -390.24  1.1096E-04   -217.02
   55.00     55.00     -3.63     2.24     3.24      0.0510    -63.13 LEFT    5.4274E-05   -390.38  1.0664E-04   -217.60
   60.00     55.00     -4.02     1.66     2.70      0.0530    -62.66 LEFT    5.1842E-05   -390.65  9.9800E-05   -218.08
   65.00     55.00     -4.52     0.78     1.90      0.0539    -61.60 LEFT    4.8957E-05   -391.08  9.0148E-05   -218.44
   70.00     55.00     -5.21    -0.53     0.74      0.0531    -59.82 LEFT    4.5231E-05   -391.69  7.7506E-05   -218.68
   75.00     55.00     -6.27    -2.49    -0.97      0.0496    -57.15 LEFT    4.0055E-05   -392.56  6.1872E-05   -218.79
   80.00     55.00     -8.10    -5.56    -3.64      0.0417    -53.29 LEFT    3.2424E-05   -393.79  4.3444E-05   -218.78
   85.00     55.00    -12.10   -11.23    -8.63      0.0260    -47.87 LEFT    2.0466E-05   -395.65  2.2623E-05   -218.64
   90.00     55.00   -999.99  -999.99  -999.99      0.0000      0.00         1.6046E-15   -218.75  1.3619E-15   -398.37
    0.00     60.00     -2.32     2.45     3.70      0.0000    -60.00 LINEAR  6.3073E-05   -391.01  1.0925E-04   -211.01
    5.00     60.00     -2.35     2.48     3.71      0.0009    -60.15 LEFT    6.2889E-05   -390.99  1.0961E-04   -211.11
   10.00     60.00     -2.42     2.56     3.76      0.0035    -60.60 LEFT    6.2343E-05   -390.95  1.1066E-04   -211.42
   15.00     60.00     -2.55     2.69     3.83      0.0076    -61.31 LEFT    6.1462E-05   -390.87  1.1231E-04   -211.91
   20.00     60.00     -2.71     2.85     3.92      0.0127    -62.22 LEFT    6.0286E-05   -390.78  1.1442E-04   -212.54
   25.00     60.00     -2.92     3.03     4.01      0.0183    -63.26 LEFT    5.8870E-05   -390.68  1.1677E-04   -213.28
   30.00     60.00     -3.16     3.20     4.10      0.0240    -64.34 LEFT    5.7275E-05   -390.57  1.1906E-04   -214.08
   35.00     60.00     -3.42     3.33     4.17      0.0293    -65.37 LEFT    5.5563E-05   -390.48  1.2095E-04   -214.90
   40.00     60.00     -3.70     3.41     4.18      0.0341    -66.27 LEFT    5.3790E-05   -390.42  1.2200E-04   -215.71
   45.00     60.00     -4.00     3.39     4.12      0.0381    -66.96 LEFT    5.1986E-05   -390.42  1.2174E-04   -216.47
   50.00     60.00     -4.31     3.24     3.94      0.0414    -67.36 LEFT    5.0149E-05   -390.50  1.1967E-04   -217.15
   55.00     60.00     -4.65     2.92     3.62      0.0438    -67.41 LEFT    4.8224E-05   -390.68  1.1528E-04   -217.74
   60.00     60.00     -5.05     2.36     3.08      0.0455    -67.03 LEFT    4.6087E-05   -390.99  1.0812E-04   -218.23
   65.00     60.00     -5.54     1.49     2.28      0.0463    -66.13 LEFT    4.3524E-05   -391.45  9.7844E-05   -218.60
   70.00     60.00     -6.23     0.19     1.08      0.0458    -64.59 LEFT    4.0199E-05   -392.09  8.4254E-05   -218.85
   75.00     60.00     -7.29    -1.75    -0.68      0.0432    -62.22 LEFT    3.5581E-05   -392.98  6.7343E-05   -218.97
   80.00     60.00     -9.13    -4.82    -3.45      0.0367    -58.73 LEFT    2.8789E-05   -394.22  4.7328E-05   -218.96
   85.00     60.00    -13.13   -10.48    -8.60      0.0228    -53.63 LEFT    1.8165E-05   -396.08  2.4659E-05   -218.82
   90.00     60.00   -999.99  -999.99  -999.99      0.0000      0.00         1.4240E-15   -219.19  1.4846E-15   -398.56
    0.00     65.00     -3.78     2.84     3.70      0.0000    -65.00 LINEAR  5.3312E-05   -391.01  1.1433E-04   -211.01
    5.00     65.00     -3.80     2.88     3.72      0.0008    -65.14 LEFT    5.3170E-05   -390.99  1.1474E-04   -211.11
   10.00     65.00     -3.87     2.97     3.78      0.0031    -65.53 LEFT    5.2752E-05   -390.95  1.1593E-04   -211.43
   15.00     65.00     -3.99     3.11     3.88      0.0067    -66.16 LEFT    5.2074E-05   -390.90  1.1781E-04   -211.93
   20.00     65.00     -4.14     3.28     4.00      0.0110    -66.95 LEFT    5.1166E-05   -390.82  1.2023E-04   -212.57
   25.00     65.00     -4.33     3.48     4.14      0.0158    -67.86 LEFT    5.0067E-05   -390.74  1.2295E-04   -213.33
   30.00     65.00     -4.55     3.66     4.28      0.0205    -68.79 LEFT    4.8820E-05   -390.66  1.2565E-04   -214.14
   35.00     65.00     -4.79     3.82     4.38      0.0249    -69.69 LEFT    4.7469E-05   -390.60  1.2794E-04   -214.98
   40.00     65.00     -5.05     3.92     4.44      0.0288    -70.46 LEFT    4.6054E-05   -390.58  1.2937E-04   -215.80
   45.00     65.00     -5.33     3.92     4.41      0.0320    -71.06 LEFT    4.4593E-05   -390.61  1.2940E-04   -216.57
   50.00     65.00     -5.63     3.79     4.26      0.0345    -71.42 LEFT    4.3081E-05   -390.73  1.2749E-04   -217.26
   55.00     65.00     -5.96     3.48     3.95      0.0365    -71.48 LEFT    4.1467E-05   -390.95  1.2307E-04   -217.87
   60.00     65.00     -6.35     2.94     3.43      0.0378    -71.18 LEFT    3.9648E-05   -391.30  1.1565E-04   -218.36
   65.00     65.00     -6.85     2.09     2.61      0.0384    -70.45 LEFT    3.7446E-05   -391.78  1.0483E-04   -218.74
   70.00     65.00     -7.54     0.80     1.40      0.0381    -69.16 LEFT    3.4575E-05   -392.45  9.0398E-05   -218.99
   75.00     65.00     -8.61    -1.13    -0.42      0.0361    -67.15 LEFT    3.0590E-05   -393.35  7.2333E-05   -219.12
   80.00     65.00    -10.45    -4.19    -3.27      0.0309    -64.11 LEFT    2.4740E-05   -394.61  5.0875E-05   -219.11
   85.00     65.00    -14.45    -9.85    -8.56      0.0191    -59.54 LEFT    1.5605E-05   -396.48  2.6520E-05   -218.98
   90.00     65.00   -999.99  -999.99  -999.99      0.0000      0.00         1.2232E-15   -219.58  1.5970E-15   -398.71
    0.00     70.00     -5.62     3.16     3.70      0.0000    -70.00 LINEAR  4.3145E-05   -391.01  1.1854E-04   -211.01
    5.00     70.00     -5.64     3.19     3.73      0.0007    -70.11 LEFT    4.3040E-05   -390.99  1.1899E-04   -211.12
   10.00     70.00     -5.70     3.29     3.80      0.0026    -70.45 LEFT    4.2731E-05   -390.96  1.2031E-04   -211.44
   15.00     70.00     -5.81     3.44     3.93      0.0055    -70.97 LEFT    4.2230E-05   -390.91  1.2240E-04   -211.94
   20.00     70.00     -5.95     3.63     4.08      0.0091    -71.63 LEFT    4.1555E-05   -390.85  1.2510E-04   -212.60
   25.00     70.00     -6.12     3.84     4.25      0.0130    -72.38 LEFT    4.0734E-05   -390.79  1.2815E-04   -213.37
   30.00     70.00     -6.32     4.04     4.42      0.0168    -73.15 LEFT    3.9796E-05   -390.73  1.3122E-04   -214.19
   35.00     70.00     -6.55     4.22     4.57      0.0202    -73.89 LEFT    3.8772E-05   -390.70  1.3389E-04   -215.04
   40.00     70.00     -6.79     4.33     4.65      0.0232    -74.53 LEFT    3.7685E-05   -390.71  1.3566E-04   -215.87
   45.00     70.00     -7.06     4.35     4.65      0.0257    -75.02 LEFT    3.6549E-05   -390.78  1.3598E-04   -216.65
   50.00     70.00     -7.35     4.24     4.53      0.0276    -75.32 LEFT    3.5354E-05   -390.93  1.3422E-04   -217.36
   55.00     70.00     -7.67     3.95     4.24      0.0290    -75.38 LEFT    3.4058E-05   -391.18  1.2981E-04   -217.97
   60.00     70.00     -8.06     3.42     3.72      0.0300    -75.16 LEFT    3.2578E-05   -391.56  1.2218E-04   -218.48
   65.00     70.00     -8.56     2.58     2.90      0.0305    -74.58 LEFT    3.0770E-05   -392.07  1.1091E-04   -218.86
   70.00     70.00     -9.25     1.30     1.67      0.0303    -73.56 LEFT    2.8405E-05   -392.75  9.5749E-05   -219.12
   75.00     70.00    -10.32    -0.62    -0.18      0.0288    -71.93 LEFT    2.5122E-05   -393.67  7.6686E-05   -219.25
   80.00     70.00    -12.16    -3.67    -3.10      0.0248    -69.42 LEFT    2.0310E-05   -394.94  5.3973E-05   -219.25
   85.00     70.00    -16.17    -9.33    -8.51      0.0151    -65.54 LEFT    1.2808E-05   -396.81  2.8146E-05   -219.11
   90.00     70.00   -999.99  -999.99  -999.99      0.0000      0.00         1.0038E-15   -219.92  1.6951E-15   -398.85
    0.00     75.00     -8.04     3.40     3.70      0.0000    -75.00 LINEAR  3.2649E-05   -391.01  1.2185E-04   -211.01
    5.00     75.00     -8.06     3.43     3.73      0.0005    -75.09 LEFT    3.2576E-05   -391.00  1.2234E-04   -211.12
   10.00     75.00     -8.12     3.53     3.82      0.0020    -75.35 LEFT    3.2361E-05   -390.97  1.2376E-04   -211.44
   15.00     75.00     -8.21     3.69     3.96      0.0043    -75.75 LEFT    3.2010E-05   -390.93  1.2603E-04   -211.96
   20.00     75.00     -8.34     3.89     4.14      0.0070    -76.26 LEFT    3.1537E-05   -390.88  1.2896E-04   -212.62
   25.00     75.00     -8.50     4.11     4.34      0.0099    -76.84 LEFT    3.0958E-05   -390.83  1.3229E-04   -213.40
   30.00     75.00     -8.69     4.33     4.54      0.0128    -77.43 LEFT    3.0292E-05   -390.79  1.3567E-04   -214.23
   35.00     75.00     -8.90     4.52     4.71      0.0153    -78.00 LEFT    2.9559E-05   -390.78  1.3866E-04   -215.09
   40.00     75.00     -9.14     4.65     4.83      0.0175    -78.49 LEFT    2.8774E-05   -390.81  1.4073E-04   -215.93
   45.00     75.00     -9.39     4.68     4.85      0.0193    -78.86 LEFT    2.7942E-05   -390.91  1.4129E-04   -216.72
   50.00     75.00     -9.67     4.58     4.74      0.0206    -79.10 LEFT    2.7056E-05   -391.09  1.3969E-04   -217.44
   55.00     75.00     -9.99     4.31     4.47      0.0217    -79.15 LEFT    2.6083E-05   -391.37  1.3528E-04   -218.06
   60.00     75.00    -10.37     3.79     3.96      0.0223    -78.99 LEFT    2.4958E-05   -391.76  1.2750E-04   -218.57
   65.00     75.00    -10.87     2.96     3.14      0.0227    -78.57 LEFT    2.3574E-05   -392.30  1.1587E-04   -218.96
   70.00     75.00    -11.57     1.69     1.89      0.0225    -77.80 LEFT    2.1758E-05   -393.00  1.0013E-04   -219.22
   75.00     75.00    -12.63    -0.23     0.01      0.0214    -76.57 LEFT    1.9238E-05   -393.93  8.0254E-05   -219.35
   80.00     75.00    -14.48    -3.28    -2.96      0.0185    -74.65 LEFT    1.5549E-05   -395.20  5.6515E-05   -219.35
   85.00     75.00    -18.49    -8.93    -8.47      0.0112    -71.62 LEFT    9.8030E-06   -397.08  2.9481E-05   -219.22
   90.00     75.00   -999.99  -999.99  -999.99      0.0000      0.00         7.6827E-16   -220.20  1.7757E-15   -398.96
    0.00     80.00    -11.51     3.57     3.70      0.0000    -80.00 LINEAR  2.1905E-05   -391.01  1.2423E-04   -211.01
    5.00     80.00    -11.53     3.60     3.73      0.0004    -80.06 LEFT    2.1859E-05   -391.00  1.2474E-04   -211.12
   10.00     80.00    -11.58     3.71     3.83      0.0014    -80.24 LEFT    2.1724E-05   -390.97  1.2625E-04   -211.45
   15.00     80.00    -11.67     3.87     3.99      0.0029    -80.51 LEFT    2.1503E-05   -390.94  1.2865E-04   -211.96
   20.00     80.00    -11.79     4.08     4.19      0.0048    -80.86 LEFT    2.1204E-05   -390.90  1.3176E-04   -212.64
   25.00     80.00    -11.94     4.31     4.41      0.0067    -81.25 LEFT    2.0836E-05   -390.86  1.3530E-04   -213.42
   30.00     80.00    -12.12     4.54     4.63      0.0086    -81.66 LEFT    2.0411E-05   -390.83  1.3891E-04   -214.26
   35.00     80.00    -12.32     4.74     4.82      0.0103    -82.04 LEFT    1.9941E-05   -390.84  1.4215E-04   -215.13
   40.00     80.00    -12.55     4.88     4.95      0.0117    -82.37 LEFT    1.9432E-05   -390.89  1.4445E-04   -215.98
   45.00     80.00    -12.79     4.92     4.99      0.0129    -82.62 LEFT    1.8889E-05   -391.01  1.4519E-04   -216.77
   50.00     80.00    -13.07     4.83     4.90      0.0137    -82.78 LEFT    1.8303E-05   -391.21  1.4371E-04   -217.49
   55.00     80.00    -13.38     4.56     4.63      0.0144    -82.83 LEFT    1.7654E-05   -391.50  1.3933E-04   -218.12
   60.00     80.00    -13.76     4.06     4.13      0.0148    -82.72 LEFT    1.6897E-05   -391.91  1.3144E-04   -218.63
   65.00     80.00    -14.26     3.23     3.31      0.0150    -82.44 LEFT    1.5960E-05   -392.46  1.1955E-04   -219.02
   70.00     80.00    -14.95     1.97     2.06      0.0149    -81.93 LEFT    1.4730E-05   -393.17  1.0338E-04   -219.29
   75.00     80.00    -16.03     0.05     0.16      0.0142    -81.11 LEFT    1.3021E-05   -394.11  8.2905E-05   -219.43
   80.00     80.00    -17.88    -2.99    -2.85      0.0123    -79.81 LEFT    1.0522E-05   -395.40  5.8405E-05   -219.43
   85.00     80.00    -21.88    -8.64    -8.44      0.0073    -77.73 LEFT    6.6325E-06   -397.28  3.0474E-05   -219.30
   90.00     80.00   -999.99  -999.99  -999.99      0.0000      0.00         5.1978E-16   -220.40  1.8357E-15   -399.04
    0.00     85.00    -17.49     3.67     3.70      0.0000    -85.00 LINEAR  1.0994E-05   -391.01  1.2567E-04   -211.01
    5.00     85.00    -17.51     3.70     3.74      0.0002    -85.03 LEFT    1.0972E-05   -391.00  1.2620E-04   -211.12
   10.00     85.00    -17.56     3.81     3.84      0.0007    -85.12 LEFT    1.0907E-05   -390.98  1.2776E-04   -211.45
   15.00     85.00    -17.65     3.98     4.01      0.0015    -85.26 LEFT    1.0801E-05   -390.94  1.3024E-04   -211.97
   20.00     85.00    -17.77     4.19     4.22      0.0024    -85.44 LEFT    1.0656E-05   -390.91  1.3345E-04   -212.65
   25.00     85.00    -17.91     4.42     4.45      0.0034    -85.63 LEFT    1.0478E-05   -390.88  1.3712E-04   -213.43
   30.00     85.00    -18.09     4.66     4.68      0.0043    -85.84 LEFT    1.0272E-05   -390.86  1.4089E-04   -214.28
   35.00     85.00    -18.28     4.87     4.89      0.0052    -86.03 LEFT    1.0042E-05   -390.88  1.4427E-04   -215.15
   40.00     85.00    -18.50     5.01     5.03      0.0059    -86.20 LEFT    9.7923E-06   -390.94  1.4672E-04   -216.00
   45.00     85.00    -18.74     5.06     5.08      0.0064    -86.33 LEFT    9.5241E-06   -391.07  1.4759E-04   -216.80
   50.00     85.00    -19.01     4.98     5.00      0.0068    -86.41 LEFT    9.2331E-06   -391.28  1.4618E-04   -217.53
   55.00     85.00    -19.32     4.72     4.73      0.0072    -86.43 LEFT    8.9082E-06   -391.58  1.4182E-04   -218.15
   60.00     85.00    -19.70     4.21     4.23      0.0074    -86.38 LEFT    8.5276E-06   -392.01  1.3386E-04   -218.67
   65.00     85.00    -20.20     3.40     3.41      0.0075    -86.24 LEFT    8.0552E-06   -392.56  1.2181E-04   -219.07
   70.00     85.00    -20.89     2.14     2.16      0.0074    -85.99 LEFT    7.4336E-06   -393.28  1.0538E-04   -219.33
   75.00     85.00    -21.97     0.22     0.25      0.0071    -85.57 LEFT    6.5705E-06   -394.23  8.4538E-05   -219.47
   80.00     85.00    -23.82    -2.82    -2.78      0.0061    -84.92 LEFT    5.3086E-06   -395.52  5.9570E-05   -219.47
   85.00     85.00    -27.83    -8.47    -8.42      0.0036    -83.86 LEFT    3.3461E-06   -397.40  3.1087E-05   -219.34
   90.00     85.00   -999.99  -999.99  -999.99      0.0000      0.00         2.6222E-16   -220.52  1.8727E-15   -399.08
    0.00     90.00   -999.99     3.70     3.70      0.0000     90.00 LINEAR  6.4378E-16   -211.01  1.2615E-04   -211.01
    5.00     90.00   -999.99     3.74     3.74      0.0000     90.00 LINEAR  5.7015E-15   -163.62  1.2668E-04   -211.12
   10.00     90.00   -197.78     3.84     3.84      0.0000     90.00 LINEAR  1.0634E-14   -162.17  1.2826E-04   -211.45
   15.00     90.00   -194.86     4.01     4.01      0.0000     90.00 LINEAR  1.4884E-14   -163.13  1.3077E-04   -211.97
   20.00     90.00   -193.15     4.22     4.22      0.0000     90.00 LINEAR  1.8129E-14   -165.59  1.3402E-04   -212.65
   25.00     90.00   -192.25     4.46     4.46      0.0000     90.00 LINEAR  2.0113E-14   -169.79  1.3774E-04   -213.44
   30.00     90.00   -191.98     4.70     4.70      0.0000     90.00 LINEAR  2.0735E-14   -176.53  1.4155E-04   -214.29
   35.00     90.00   -192.20     4.91     4.91      0.0000     90.00 LINEAR  2.0219E-14   -187.32  1.4499E-04   -215.16
   40.00     90.00   -192.54     5.06     5.06      0.0000     90.00 LINEAR  1.9442E-14   -204.19  1.4748E-04   -216.01
   45.00     90.00   -192.22     5.11     5.11      0.0000     90.00 LINEAR  2.0180E-14   -227.12  1.4839E-04   -216.81
   50.00     90.00   -190.66     5.03     5.03      0.0000     90.00 LINEAR  2.4146E-14   -250.14  1.4701E-04   -217.54
   55.00     90.00   -188.44     4.77     4.77      0.0000     90.00 LINEAR  3.1195E-14   -267.23  1.4265E-04   -218.17
   60.00     90.00   -186.34     4.27     4.27      0.0000     90.00 LINEAR  3.9728E-14   -278.39  1.3468E-04   -218.68
   65.00     90.00   -184.72     3.45     3.45      0.0000     90.00 LINEAR  4.7834E-14   -285.66  1.2258E-04   -219.08
   70.00     90.00   -183.75     2.19     2.19      0.0000     90.00 LINEAR  5.3536E-14   -290.64  1.0606E-04   -219.35
   75.00     90.00   -183.56     0.28     0.28      0.0000     90.00 LINEAR  5.4707E-14   -294.29  8.5090E-05   -219.49
   80.00     90.00   -184.54    -2.76    -2.76      0.0000     90.00 LINEAR  4.8879E-14   -297.24  5.9964E-05   -219.49
   85.00     90.00   -188.03    -8.41    -8.41      0.0000     90.00 LINEAR  3.2686E-14   -300.03  3.1294E-05   -219.36
   90.00     90.00   -999.99  -999.99  -999.99      0.0000      0.00         1.4365E-20   -482.46  1.8852E-15   -399.10
    0.00     95.00    -17.49     3.67     3.70      0.0000     85.00 LINEAR  1.0994E-05   -211.01  1.2567E-04   -211.01
    5.00     95.00    -17.51     3.70     3.74      0.0002     85.03 RIGHT   1.0972E-05   -211.00  1.2620E-04   -211.12
   10.00     95.00    -17.56     3.81     3.84      0.0007     85.12 RIGHT   1.0907E-05   -210.98  1.2776E-04   -211.45
   15.00     95.00    -17.65     3.98     4.01      0.0015     85.26 RIGHT   1.0801E-05   -210.94  1.3024E-04   -211.97
   20.00     95.00    -17.77     4.19     4.22      0.0024     85.44 RIGHT   1.0656E-05   -210.91  1.3345E-04   -212.65
   25.00     95.00    -17.91     4.42     4.45      0.0034     85.63 RIGHT   1.0478E-05   -210.88  1.3712E-04   -213.43
   30.00     95.00    -18.09     4.66     4.68      0.0043     85.84 RIGHT   1.0272E-05   -210.86  1.4089E-04   -214.28
   35.00     95.00    -18.28     4.87     4.89      0.0052     86.03 RIGHT   1.0042E-05   -210.88  1.4427E-04   -215.15
   40.00     95.00    -18.50     5.01     5.03      0.0059     86.20 RIGHT   9.7923E-06   -210.94  1.4672E-04   -216.00
   45.00     95.00    -18.74     5.06     5.08      0.0064     86.33 RIGHT   9.5241E-06   -211.07  1.4759E-04   -216.80
   50.00     95.00    -19.01     4.98     5.00      0.0068     86.41 RIGHT   9.2331E-06   -211.28  1.4618E-04   -217.53
   55.00     95.00    -19.32     4.72     4.73      0.0072     86.43 RIGHT   8.9082E-06   -211.58  1.4182E-04   -218.15
   60.00     95.00    -19.70     4.21     4.23      0.0074     86.38 RIGHT   8.5276E-06   -212.01  1.3386E-04   -218.67
   65.00     95.00    -20.20     3.40     3.41      0.0075     86.24 RIGHT   8.0552E-06   -212.56  1.2181E-04   -219.07
   70.00     95.00    -20.89     2.14     2.16      0.0074     85.99 RIGHT   7.4336E-06   -213.28  1.0538E-04   -219.33
   75.00     95.00    -21.97     0.22     0.25      0.0071     85.57 RIGHT   6.5705E-06   -214.23  8.4538E-05   -219.47
   80.00     95.00    -23.82    -2.82    -2.78      0.0061     84.92 RIGHT   5.3086E-06   -215.52  5.9570E-05   -219.47
   85.00     95.00    -27.83    -8.47    -8.42      0.0036     83.86 RIGHT   3.3461E-06   -217.40  3.1087E-05   -219.34
   90.00     95.00   -999.99  -999.99  -999.99      0.0000      0.00         2.6223E-16   -400.52  1.8727E-15   -399.08
    0.00    100.00    -11.51     3.57     3.70      0.0000     80.00 LINEAR  2.1905E-05   -211.01  1.2423E-04   -211.01
    5.00    100.00    -11.53     3.60     3.73      0.0004     80.06 RIGHT   2.1859E-05   -211.00  1.2474E-04   -211.12
   10.00    100.00    -11.58     3.71     3.83      0.0014     80.24 RIGHT   2.1724E-05   -210.97  1.2625E-04   -211.45
   15.00    100.00    -11.67     3.87     3.99      0.0029     80.51 RIGHT   2.1503E-05   -210.94  1.2865E-04   -211.96
   20.00    100.00    -11.79     4.08     4.19      0.0048     80.86 RIGHT   2.1204E-05   -210.90  1.3176E-04   -212.64
   25.00    100.00    -11.94     4.31     4.41      0.0067     81.25 RIGHT   2.0836E-05   -210.86  1.3530E-04   -213.42
   30.00    100.00    -12.12     4.54     4.63      0.0086     81.66 RIGHT   2.0411E-05   -210.83  1.3891E-04   -214.26
   35.00    100.00    -12.32     4.74     4.82      0.0103     82.04 RIGHT   1.9941E-05   -210.84  1.4215E-04   -215.13
   40.00    100.00    -12.55     4.88     4.95      0.0117     82.37 RIGHT   1.9432E-05   -210.89  1.4445E-04   -215.98
   45.00    100.00    -12.79     4.92     4.99      0.0129     82.62 RIGHT   1.8889E-05   -211.01  1.4519E-04   -216.77
   50.00    100.00    -13.07     4.83     4.90      0.0137     82.78 RIGHT   1.8303E-05   -211.21  1.4371E-04   -217.49
   55.00    100.00    -13.38     4.56     4.63      0.0144     82.83 RIGHT   1.7654E-05   -211.50  1.3933E-04   -218.12
   60.00    100.00    -13.76     4.06     4.13      0.0148     82.72 RIGHT   1.6897E-05   -211.91  1.3144E-04   -218.63
   65.00    100.00    -14.26     3.23     3.31      0.0150     82.44 RIGHT   1.5960E-05   -212.46  1.1955E-04   -219.02
   70.00    100.00    -14.95     1.97     2.06      0.0149     81.93 RIGHT   1.4730E-05   -213.17  1.0338E-04   -219.29
   75.00    100.00    -16.03     0.05     0.16      0.0142     81.11 RIGHT   1.3021E-05   -214.11  8.2905E-05   -219.43
   80.00    100.00    -17.88    -2.99    -2.85      0.0123     79.81 RIGHT   1.0522E-05   -215.40  5.8405E-05   -219.43
   85.00    100.00    -21.88    -8.64    -8.44      0.0073     77.73 RIGHT   6.6325E-06   -217.28  3.0474E-05   -219.30
   90.00    100.00   -999.99  -999.99  -999.99      0.0000      0.00         5.1979E-16   -400.39  1.8357E-15   -399.03
    0.00    105.00     -8.04     3.40     3.70      0.0000     75.00 LINEAR  3.2649E-05   -211.01  1.2185E-04   -211.01
    5.00    105.00     -8.06     3.43     3.73      0.0005     75.09 RIGHT   3.2576E-05   -211.00  1.2234E-04   -211.12
   10.00    105.00     -8.12     3.53     3.82      0.0020     75.35 RIGHT   3.2361E-05   -210.97  1.2376E-04   -211.44
   15.00    105.00     -8.21     3.69     3.96      0.0043     75.75 RIGHT   3.2010E-05   -210.93  1.2603E-04   -211.96
   20.00    105.00     -8.34     3.89     4.14      0.0070     76.26 RIGHT   3.1537E-05   -210.88  1.2896E-04   -212.62
   25.00    105.00     -8.50     4.11     4.34      0.0099     76.84 RIGHT   3.0958E-05   -210.83  1.3229E-04   -213.40
   30.00    105.00     -8.69     4.33     4.54      0.0128     77.43 RIGHT   3.0292E-05   -210.79  1.3567E-04   -214.23
   35.00    105.00     -8.90     4.52     4.71      0.0153     78.00 RIGHT   2.9559E-05   -210.78  1.3866E-04   -215.09
   40.00    105.00     -9.14     4.65     4.83      0.0175     78.49 RIGHT   2.8774E-05   -210.81  1.4073E-04   -215.93
   45.00    105.00     -9.39     4.68     4.85      0.0193     78.86 RIGHT   2.7942E-05   -210.91  1.4129E-04   -216.72
   50.00    105.00     -9.67     4.58     4.74      0.0206     79.10 RIGHT   2.7056E-05   -211.09  1.3969E-04   -217.44
   55.00    105.00     -9.99     4.31     4.47      0.0217     79.15 RIGHT   2.6083E-05   -211.37  1.3528E-04   -218.06
   60.00    105.00    -10.37     3.79     3.96      0.0223     78.99 RIGHT   2.4958E-05   -211.76  1.2750E-04   -218.57
   65.00    105.00    -10.87     2.96     3.14      0.0227     78.57 RIGHT   2.3574E-05   -212.30  1.1587E-04   -218.96
   70.00    105.00    -11.57     1.69     1.89      0.0225     77.80 RIGHT   2.1758E-05   -213.00  1.0013E-04   -219.22
   75.00    105.00    -12.63    -0.23     0.01      0.0214     76.57 RIGHT   1.9238E-05   -213.93  8.0254E-05   -219.35
   80.00    105.00    -14.48    -3.28    -2.96      0.0185     74.65 RIGHT   1.5549E-05   -215.20  5.6515E-05   -219.35
   85.00    105.00    -18.49    -8.93    -8.47      0.0112     71.62 RIGHT   9.8030E-06   -217.08  2.9481E-05   -219.22
   90.00    105.00   -999.99  -999.99  -999.99      0.0000      0.00         7.6826E-16   -400.19  1.7757E-15   -398.96
    0.00    110.00     -5.62     3.16     3.70      0.0000     70.00 LINEAR  4.3145E-05   -211.01  1.1854E-04   -211.01
    5.00    110.00     -5.64     3.19     3.73      0.0007     70.11 RIGHT   4.3040E-05   -210.99  1.1899E-04   -211.12
   10.00    110.00     -5.70     3.29     3.80      0.0026     70.45 RIGHT   4.2731E-05   -210.96  1.2031E-04   -211.44
   15.00    110.00     -5.81     3.44     3.93      0.0055     70.97 RIGHT   4.2230E-05   -210.91  1.2240E-04   -211.94
   20.00    110.00     -5.95     3.63     4.08      0.0091     71.63 RIGHT   4.1555E-05   -210.85  1.2510E-04   -212.60
   25.00    110.00     -6.12     3.84     4.25      0.0130     72.38 RIGHT   4.0734E-05   -210.79  1.2815E-04   -213.37
   30.00    110.00     -6.32     4.04     4.42      0.0168     73.15 RIGHT   3.9796E-05   -210.73  1.3122E-04   -214.19
   35.00    110.00     -6.55     4.22     4.57      0.0202     73.89 RIGHT   3.8772E-05   -210.70  1.3389E-04   -215.04
   40.00    110.00     -6.79     4.33     4.65      0.0232     74.53 RIGHT   3.7685E-05   -210.71  1.3566E-04   -215.87
   45.00    110.00     -7.06     4.35     4.65      0.0257     75.02 RIGHT   3.6549E-05   -210.78  1.3598E-04   -216.65
   50.00    110.00     -7.35     4.24     4.53      0.0276     75.32 RIGHT   3.5354E-05   -210.93  1.3422E-04   -217.36
   55.00    110.00     -7.67     3.95     4.24      0.0290     75.38 RIGHT   3.4058E-05   -211.18  1.2981E-04   -217.97
   60.00    110.00     -8.06     3.42     3.72      0.0300     75.16 RIGHT   3.2578E-05   -211.56  1.2218E-04   -218.48
   65.00    110.00     -8.56     2.58     2.90      0.0305     74.58 RIGHT   3.0770E-05   -212.07  1.1091E-04   -218.86
   70.00    110.00     -9.25     1.30     1.67      0.0303     73.56 RIGHT   2.8405E-05   -212.75  9.5749E-05   -219.12
   75.00    110.00    -10.32    -0.62    -0.18      0.0288     71.93 RIGHT   2.5122E-05   -213.67  7.6686E-05   -219.25
   80.00    110.00    -12.16    -3.67    -3.10      0.0248     69.42 RIGHT   2.0310E-05   -214.94  5.3973E-05   -219.25
   85.00    110.00    -16.17    -9.33    -8.51      0.0151     65.54 RIGHT   1.2808E-05   -216.81  2.8146E-05   -219.11
   90.00    110.00   -999.99  -999.99  -999.99      0.0000      0.00         1.0038E-15   -399.92  1.6951E-15   -398.85
    0.00    115.00     -3.78     2.84     3.70      0.0000     65.00 LINEAR  5.3312E-05   -211.01  1.1433E-04   -211.01
    5.00    115.00     -3.80     2.88     3.72      0.0008     65.14 RIGHT   5.3170E-05   -210.99  1.1474E-04   -211.11
   10.00    115.00     -3.87     2.97     3.78      0.0031     65.53 RIGHT   5.2752E-05   -210.95  1.1593E-04   -211.43
   15.00    115.00     -3.99     3.11     3.88      0.0067     66.16 RIGHT   5.2074E-05   -210.90  1.1781E-04   -211.93
   20.00    115.00     -4.14     3.28     4.00      0.0110     66.95 RIGHT   5.1166E-05   -210.82  1.2023E-04   -212.57
   25.00    115.00     -4.33     3.48     4.14      0.0158     67.86 RIGHT   5.0067E-05   -210.74  1.2295E-04   -213.33
   30.00    115.00     -4.55     3.66     4.28      0.0205     68.79 RIGHT   4.8820E-05   -210.66  1.2565E-04   -214.14
   35.00    115.00     -4.79     3.82     4.38      0.0249     69.69 RIGHT   4.7469E-05   -210.60  1.2794E-04   -214.98
   40.00    115.00     -5.05     3.92     4.44      0.0288     70.46 RIGHT   4.6054E-05   -210.58  1.2937E-04   -215.80
   45.00    115.00     -5.33     3.92     4.41      0.0320     71.06 RIGHT   4.4593E-05   -210.61  1.2940E-04   -216.57
   50.00    115.00     -5.63     3.79     4.26      0.0345     71.42 RIGHT   4.3081E-05   -210.73  1.2749E-04   -217.26
   55.00    115.00     -5.96     3.48     3.95      0.0365     71.48 RIGHT   4.1467E-05   -210.95  1.2307E-04   -217.87
   60.00    115.00     -6.35     2.94     3.43      0.0378     71.18 RIGHT   3.9648E-05   -211.30  1.1565E-04   -218.36
   65.00    115.00     -6.85     2.09     2.61      0.0384     70.45 RIGHT   3.7446E-05   -211.78  1.0483E-04   -218.74
   70.00    115.00     -7.54     0.80     1.40      0.0381     69.16 RIGHT   3.4575E-05   -212.45  9.0398E-05   -218.99
   75.00    115.00     -8.61    -1.13    -0.42      0.0361     67.15 RIGHT   3.0590E-05   -213.35  7.2333E-05   -219.12
   80.00    115.00    -10.45    -4.19    -3.27      0.0309     64.11 RIGHT   2.4740E-05   -214.61  5.0875E-05   -219.11
   85.00    115.00    -14.45    -9.85    -8.56      0.0191     59.54 RIGHT   1.5605E-05   -216.48  2.6520E-05   -218.98
   90.00    115.00   -999.99  -999.99  -999.99      0.0000      0.00         1.2232E-15   -399.58  1.5970E-15   -398.72
    0.00    120.00     -2.32     2.45     3.70      0.0000     60.00 LINEAR  6.3073E-05   -211.01  1.0925E-04   -211.01
    5.00    120.00     -2.35     2.48     3.71      0.0009     60.15 RIGHT   6.2889E-05   -210.99  1.0961E-04   -211.11
   10.00    120.00     -2.42     2.56     3.76      0.0035     60.60 RIGHT   6.2343E-05   -210.95  1.1066E-04   -211.42
   15.00    120.00     -2.55     2.69     3.83      0.0076     61.31 RIGHT   6.1462E-05   -210.87  1.1231E-04   -211.91
   20.00    120.00     -2.71     2.85     3.92      0.0127     62.22 RIGHT   6.0286E-05   -210.78  1.1442E-04   -212.54
   25.00    120.00     -2.92     3.03     4.01      0.0183     63.26 RIGHT   5.8870E-05   -210.68  1.1677E-04   -213.28
   30.00    120.00     -3.16     3.20     4.10      0.0240     64.34 RIGHT   5.7275E-05   -210.57  1.1906E-04   -214.08
   35.00    120.00     -3.42     3.33     4.17      0.0293     65.37 RIGHT   5.5563E-05   -210.48  1.2095E-04   -214.90
   40.00    120.00     -3.70     3.41     4.18      0.0341     66.27 RIGHT   5.3790E-05   -210.42  1.2200E-04   -215.71
   45.00    120.00     -4.00     3.39     4.12      0.0381     66.96 RIGHT   5.1986E-05   -210.42  1.2174E-04   -216.47
   50.00    120.00     -4.31     3.24     3.94      0.0414     67.36 RIGHT   5.0149E-05   -210.50  1.1967E-04   -217.15
   55.00    120.00     -4.65     2.92     3.62      0.0438     67.41 RIGHT   4.8224E-05   -210.68  1.1528E-04   -217.74
   60.00    120.00     -5.05     2.36     3.08      0.0455     67.03 RIGHT   4.6087E-05   -210.99  1.0812E-04   -218.23
   65.00    120.00     -5.54     1.49     2.28      0.0463     66.13 RIGHT   4.3524E-05   -211.45  9.7844E-05   -218.60
   70.00    120.00     -6.23     0.19     1.08      0.0458     64.59 RIGHT   4.0199E-05   -212.09  8.4254E-05   -218.85
   75.00    120.00     -7.29    -1.75    -0.68      0.0432     62.22 RIGHT   3.5581E-05   -212.98  6.7343E-05   -218.97
   80.00    120.00     -9.13    -4.82    -3.45      0.0367     58.73 RIGHT   2.8789E-05   -214.22  4.7328E-05   -218.96
   85.00    120.00    -13.13   -10.48    -8.60      0.0228     53.63 RIGHT   1.8165E-05   -216.08  2.4659E-05   -218.82
   90.00    120.00   -999.99  -999.99  -999.99      0.0000      0.00         1.4240E-15   -399.19  1.4847E-15   -398.55
    0.00    125.00     -1.13     1.97     3.70      0.0000     55.00 LINEAR  7.2355E-05   -211.01  1.0333E-04   -211.01
    5.00    125.00     -1.16     1.99     3.71      0.0010     55.17 RIGHT   7.2121E-05   -210.99  1.0364E-04   -211.11
   10.00    125.00     -1.24     2.07     3.73      0.0039     55.66 RIGHT   7.1431E-05   -210.94  1.0454E-04   -211.41
   15.00    125.00     -1.38     2.18     3.77      0.0083     56.43 RIGHT   7.0320E-05   -210.85  1.0595E-04   -211.89
   20.00    125.00     -1.56     2.33     3.82      0.0140     57.43 RIGHT   6.8842E-05   -210.74  1.0774E-04   -212.51
   25.00    125.00     -1.79     2.49     3.87      0.0204     58.57 RIGHT   6.7072E-05   -210.61  1.0970E-04   -213.23
   30.00    125.00     -2.05     2.63     3.91      0.0269     59.77 RIGHT   6.5092E-05   -210.47  1.1158E-04   -214.02
   35.00    125.00     -2.33     2.75     3.92      0.0332     60.91 RIGHT   6.2986E-05   -210.34  1.1304E-04   -214.82
   40.00    125.00     -2.64     2.80     3.89      0.0390     61.92 RIGHT   6.0829E-05   -210.24  1.1372E-04   -215.61
   45.00    125.00     -2.95     2.76     3.79      0.0439     62.68 RIGHT   5.8666E-05   -210.20  1.1317E-04   -216.35
   50.00    125.00     -3.28     2.59     3.59      0.0479     63.11 RIGHT   5.6501E-05   -210.24  1.1096E-04   -217.02
   55.00    125.00     -3.63     2.24     3.24      0.0510     63.13 RIGHT   5.4274E-05   -210.38  1.0664E-04   -217.60
   60.00    125.00     -4.02     1.66     2.70      0.0530     62.66 RIGHT   5.1842E-05   -210.65  9.9800E-05   -218.08
   65.00    125.00     -4.52     0.78     1.90      0.0539     61.60 RIGHT   4.8957E-05   -211.08  9.0148E-05   -218.44
   70.00    125.00     -5.21    -0.53     0.74      0.0531     59.82 RIGHT   4.5231E-05   -211.69  7.7506E-05   -218.68
   75.00    125.00     -6.27    -2.49    -0.97      0.0496     57.15 RIGHT   4.0055E-05   -212.56  6.1872E-05   -218.79
   80.00    125.00     -8.10    -5.56    -3.64      0.0417     53.29 RIGHT   3.2424E-05   -213.79  4.3444E-05   -218.78
   85.00    125.00    -12.10   -11.23    -8.63      0.0260     47.87 RIGHT   2.0466E-05   -215.65  2.2623E-05   -218.64
   90.00    125.00   -999.99  -999.99  -999.99      0.0000      0.00         1.6046E-15   -398.75  1.3619E-15   -398.37
    0.00    130.00     -0.14     1.38     3.70      0.0000     50.00 LINEAR  8.1085E-05   -211.01  9.6634E-05   -211.01
    5.00    130.00     -0.17     1.41     3.70      0.0010     50.18 RIGHT   8.0797E-05   -210.99  9.6891E-05   -211.11
   10.00    130.00     -0.26     1.47     3.70      0.0041     50.69 RIGHT   7.9948E-05   -210.93  9.7640E-05   -211.40
   15.00    130.00     -0.41     1.58     3.71      0.0088     51.51 RIGHT   7.8583E-05   -210.83  9.8807E-05   -211.87
   20.00    130.00     -0.61     1.70     3.71      0.0150     52.56 RIGHT   7.6774E-05   -210.70  1.0027E-04   -212.47
   25.00    130.00     -0.86     1.84     3.71      0.0220     53.78 RIGHT   7.4617E-05   -210.54  1.0185E-04   -213.18
   30.00    130.00     -1.15     1.96     3.69      0.0293     55.06 RIGHT   7.2221E-05   -210.37  1.0331E-04   -213.94
   35.00    130.00     -1.45     2.05     3.65      0.0366     56.30 RIGHT   6.9693E-05   -210.20  1.0437E-04   -214.73
   40.00    130.00     -1.78     2.08     3.58      0.0432     57.38 RIGHT   6.7132E-05   -210.05  1.0469E-04   -215.50
   45.00    130.00     -2.11     2.01     3.43      0.0491     58.19 RIGHT   6.4600E-05   -209.96  1.0388E-04   -216.23
   50.00    130.00     -2.46     1.82     3.20      0.0539     58.64 RIGHT   6.2107E-05   -209.95  1.0157E-04   -216.88
   55.00    130.00     -2.81     1.45     2.83      0.0576     58.63 RIGHT   5.9591E-05   -210.05  9.7362E-05   -217.45
   60.00    130.00     -3.22     0.85     2.29      0.0599     58.06 RIGHT   5.6890E-05   -210.28  9.0910E-05   -217.91
   65.00    130.00     -3.71    -0.05     1.51      0.0608     56.85 RIGHT   5.3724E-05   -210.67  8.1952E-05   -218.26
   70.00    130.00     -4.40    -1.37     0.38      0.0595     54.85 RIGHT   4.9653E-05   -211.26  7.0340E-05   -218.49
   75.00    130.00     -5.45    -3.34    -1.26      0.0550     51.93 RIGHT   4.3994E-05   -212.11  5.6076E-05   -218.60
   80.00    130.00     -7.28    -6.42    -3.82      0.0456     47.84 RIGHT   3.5633E-05   -213.33  3.9336E-05   -218.58
   85.00    130.00    -11.27   -12.10    -8.66      0.0283     42.29 RIGHT   2.2500E-05   -215.17  2.0472E-05   -218.43
   90.00    130.00   -999.99  -999.99  -999.99      0.0000      0.00         1.7644E-15   -398.27  1.2321E-15   -398.17
    0.00    135.00      0.69     0.69     3.70      0.0000     45.00 LINEAR  8.9199E-05   -211.01  8.9199E-05   -211.01
    5.00    135.00      0.65     0.71     3.69      0.0011     45.18 RIGHT   8.8852E-05   -210.98  8.9407E-05   -211.10
   10.00    135.00      0.55     0.77     3.67      0.0041     45.70 RIGHT   8.7831E-05   -210.91  9.0009E-05   -211.39
   15.00    135.00      0.39     0.86     3.64      0.0091     46.54 RIGHT   8.6194E-05   -210.80  9.0941E-05   -211.84
   20.00    135.00      0.17     0.97     3.60      0.0155     47.62 RIGHT   8.4032E-05   -210.65  9.2094E-05   -212.43
   25.00    135.00     -0.10     1.08     3.54      0.0230     48.88 RIGHT   8.1465E-05   -210.46  9.3310E-05   -213.12
   30.00    135.00     -0.41     1.18     3.47      0.0310     50.21 RIGHT   7.8629E-05   -210.26  9.4386E-05   -213.87
   35.00    135.00     -0.74     1.24     3.37      0.0391     51.51 RIGHT   7.5662E-05   -210.05  9.5069E-05   -214.64
   40.00    135.00     -1.09     1.24     3.24      0.0466     52.63 RIGHT   7.2684E-05   -209.85  9.5067E-05   -215.39
   45.00    135.00     -1.44     1.15     3.05      0.0534     53.48 RIGHT   6.9779E-05   -209.71  9.4055E-05   -216.10
   50.00    135.00     -1.80     0.93     2.79      0.0590     53.92 RIGHT   6.6966E-05   -209.65  9.1696E-05   -216.74
   55.00    135.00     -2.17     0.54     2.40      0.0632     53.86 RIGHT   6.4177E-05   -209.70  8.7658E-05   -217.29
   60.00    135.00     -2.58    -0.08     1.86      0.0658     53.20 RIGHT   6.1235E-05   -209.89  8.1650E-05   -217.73
   65.00    135.00     -3.08    -1.00     1.10      0.0665     51.85 RIGHT   5.7829E-05   -210.24  7.3448E-05   -218.07
   70.00    135.00     -3.76    -2.34     0.02      0.0645     49.69 RIGHT   5.3468E-05   -210.81  6.2928E-05   -218.29
   75.00    135.00     -4.80    -4.32    -1.55      0.0589     46.59 RIGHT   4.7402E-05   -211.63  5.0097E-05   -218.39
   80.00    135.00     -6.63    -7.41    -3.99      0.0480     42.41 RIGHT   3.8415E-05   -212.84  3.5106E-05   -218.36
   85.00    135.00    -10.62   -13.09    -8.67      0.0296     36.94 RIGHT   2.4267E-05   -214.68  1.8259E-05   -218.22
   90.00    135.00   -999.99  -999.99  -999.99      0.0000      0.00         1.9032E-15   -397.78  1.0987E-15   -397.95
    0.00    140.00      1.38    -0.14     3.70      0.0000     40.00 LINEAR  9.6634E-05   -211.01  8.1085E-05   -211.01
    5.00    140.00      1.35    -0.12     3.68      0.0010     40.18 RIGHT   9.6226E-05   -210.98  8.1247E-05   -211.10
   10.00    140.00      1.24    -0.07     3.64      0.0041     40.69 RIGHT   9.5026E-05   -210.90  8.1714E-05   -211.38
   15.00    140.00      1.06     0.00     3.57      0.0090     41.52 RIGHT   9.3106E-05   -210.78  8.2430E-05   -211.82
   20.00    140.00      0.82     0.09     3.48      0.0156     42.60 RIGHT   9.0578E-05   -210.60  8.3299E-05   -212.39
   25.00    140.00      0.53     0.19     3.37      0.0233     43.86 RIGHT   8.7588E-05   -210.39  8.4187E-05   -213.06
   30.00    140.00      0.20     0.26     3.24      0.0318     45.21 RIGHT   8.4301E-05   -210.15  8.4918E-05   -213.79
   35.00    140.00     -0.16     0.30     3.09      0.0405     46.52 RIGHT   8.0887E-05   -209.89  8.5275E-05   -214.54
   40.00    140.00     -0.53     0.27     2.90      0.0489     47.66 RIGHT   7.7493E-05   -209.65  8.5010E-05   -215.27
   45.00    140.00     -0.91     0.15     2.66      0.0564     48.51 RIGHT   7.4221E-05   -209.46  8.3849E-05   -215.96
   50.00    140.00     -1.28    -0.09     2.36      0.0627     48.93 RIGHT   7.1099E-05   -209.34  8.1505E-05   -216.58
   55.00    140.00     -1.66    -0.51     1.96      0.0674     48.82 RIGHT   6.8058E-05   -209.34  7.7703E-05   -217.12
   60.00    140.00     -2.07    -1.15     1.42      0.0701     48.08 RIGHT   6.4905E-05   -209.49  7.2198E-05   -217.55
   65.00    140.00     -2.57    -2.09     0.69      0.0704     46.61 RIGHT   6.1297E-05   -209.81  6.4804E-05   -217.88
   70.00    140.00     -3.25    -3.44    -0.33      0.0676     44.34 RIGHT   5.6698E-05   -210.35  5.5422E-05   -218.08
   75.00    140.00     -4.29    -5.44    -1.81      0.0608     41.19 RIGHT   5.0297E-05   -211.16  4.4057E-05   -218.17
   80.00    140.00     -6.11    -8.54    -4.14      0.0487     37.06 RIGHT   4.0785E-05   -212.35  3.0841E-05   -218.14
   85.00    140.00    -10.09   -14.22    -8.67      0.0298     31.85 RIGHT   2.5775E-05   -214.18  1.6031E-05   -217.99
   90.00    140.00   -999.99  -999.99  -999.99      0.0000      0.00         2.0218E-15   -397.28  9.6442E-16   -397.72
    0.00    145.00      1.97    -1.13     3.70      0.0000     35.00 LINEAR  1.0333E-04   -211.01  7.2355E-05   -211.01
    5.00    145.00      1.93    -1.11     3.68      0.0010     35.17 RIGHT   1.0286E-04   -210.98  7.2476E-05   -211.10
   10.00    145.00      1.81    -1.07     3.61      0.0039     35.66 RIGHT   1.0148E-04   -210.89  7.2823E-05   -211.37
   15.00    145.00      1.62    -1.01     3.51      0.0087     36.46 RIGHT   9.9279E-05   -210.75  7.3348E-05   -211.80
   20.00    145.00      1.36    -0.94     3.37      0.0152     37.50 RIGHT   9.6383E-05   -210.56  7.3970E-05   -212.36
   25.00    145.00      1.05    -0.87     3.21      0.0230     38.73 RIGHT   9.2970E-05   -210.32  7.4575E-05   -213.01
   30.00    145.00      0.69    -0.82     3.01      0.0317     40.04 RIGHT   8.9237E-05   -210.04  7.5015E-05   -213.72
   35.00    145.00      0.31    -0.80     2.80      0.0408     41.32 RIGHT   8.5383E-05   -209.74  7.5109E-05   -214.45
   40.00    145.00     -0.09    -0.86     2.56      0.0497     42.45 RIGHT   8.1582E-05   -209.45  7.4649E-05   -215.16
   45.00    145.00     -0.48    -1.00     2.28      0.0578     43.27 RIGHT   7.7957E-05   -209.20  7.3408E-05   -215.83
   50.00    145.00     -0.87    -1.27     1.94      0.0646     43.65 RIGHT   7.4546E-05   -209.03  7.1150E-05   -216.43
   55.00    145.00     -1.26    -1.71     1.53      0.0695     43.49 RIGHT   7.1278E-05   -208.98  6.7648E-05   -216.95
   60.00    145.00     -1.68    -2.37     1.00      0.0721     42.68 RIGHT   6.7943E-05   -209.09  6.2701E-05   -217.37
   65.00    145.00     -2.17    -3.33     0.30      0.0719     41.15 RIGHT   6.4170E-05   -209.38  5.6159E-05   -217.68
   70.00    145.00     -2.85    -4.70    -0.67      0.0682     38.86 RIGHT   5.9382E-05   -209.89  4.7941E-05   -217.88
   75.00    145.00     -3.88    -6.71    -2.06      0.0603     35.76 RIGHT   5.2710E-05   -210.68  3.8056E-05   -217.96
   80.00    145.00     -5.70    -9.82    -4.27      0.0474     31.83 RIGHT   4.2767E-05   -211.87  2.6613E-05   -217.92
   85.00    145.00     -9.68   -15.51    -8.67      0.0288     27.05 RIGHT   2.7039E-05   -213.70  1.3824E-05   -217.76
   90.00    145.00   -999.99  -999.99  -999.99      0.0000      0.00         2.1213E-15   -396.79  8.3150E-16   -397.49
    0.00    150.00      2.45    -2.32     3.70      0.0000     30.00 LINEAR  1.0925E-04   -211.01  6.3073E-05   -211.01
    5.00    150.00      2.41    -2.31     3.67      0.0009     30.15 RIGHT   1.0872E-04   -210.97  6.3160E-05   -211.10
   10.00    150.00      2.28    -2.28     3.59      0.0036     30.61 RIGHT   1.0716E-04   -210.88  6.3405E-05   -211.36
   15.00    150.00      2.08    -2.23     3.45      0.0081     31.35 RIGHT   1.0468E-04   -210.73  6.3770E-05   -211.78
   20.00    150.00      1.80    -2.17     3.27      0.0142     32.32 RIGHT   1.0143E-04   -210.51  6.4188E-05   -212.32
   25.00    150.00      1.47    -2.12     3.05      0.0218     33.47 RIGHT   9.7609E-05   -210.25  6.4563E-05   -212.96
   30.00    150.00      1.09    -2.09     2.80      0.0304     34.71 RIGHT   9.3448E-05   -209.93  6.4775E-05   -213.65
   35.00    150.00      0.69    -2.10     2.52      0.0395     35.92 RIGHT   8.9174E-05   -209.59  6.4675E-05   -214.36
   40.00    150.00      0.27    -2.18     2.22      0.0486     36.98 RIGHT   8.4990E-05   -209.26  6.4095E-05   -215.05
   45.00    150.00     -0.14    -2.35     1.90      0.0571     37.75 RIGHT   8.1036E-05   -208.96  6.2849E-05   -215.70
   50.00    150.00     -0.55    -2.65     1.54      0.0641     38.08 RIGHT   7.7362E-05   -208.74  6.0748E-05   -216.29
   55.00    150.00     -0.95    -3.11     1.12      0.0690     37.87 RIGHT   7.3892E-05   -208.64  5.7609E-05   -216.79
   60.00    150.00     -1.37    -3.79     0.60      0.0713     37.03 RIGHT   7.0404E-05   -208.71  5.3271E-05   -217.19
   65.00    150.00     -1.86    -4.76    -0.06      0.0705     35.51 RIGHT   6.6500E-05   -208.97  4.7615E-05   -217.49
   70.00    150.00     -2.53    -6.15    -0.96      0.0659     33.28 RIGHT   6.1565E-05   -209.46  4.0577E-05   -217.67
   75.00    150.00     -3.56    -8.17    -2.27      0.0573     30.36 RIGHT   5.4680E-05   -210.24  3.2166E-05   -217.74
   80.00    150.00     -5.37   -11.29    -4.38      0.0442     26.77 RIGHT   4.4391E-05   -211.41  2.2472E-05   -217.70
   85.00    150.00     -9.35   -16.98    -8.66      0.0266     22.52 RIGHT   2.8077E-05   -213.24  1.1666E-05   -217.54
   90.00    150.00   -999.99  -999.99  -999.99      0.0000      0.00         2.2029E-15   -396.33  7.0156E-16   -397.27
    0.00    155.00      2.84    -3.78     3.70      0.0000     25.00 LINEAR  1.1433E-04   -211.01  5.3312E-05   -211.01
    5.00    155.00      2.80    -3.77     3.66      0.0008     25.14 RIGHT   1.1374E-04   -210.97  5.3370E-05   -211.09
   10.00    155.00      2.67    -3.75     3.56      0.0032     25.54 RIGHT   1.1202E-04   -210.87  5.3534E-05   -211.35
   15.00    155.00      2.45    -3.71     3.39      0.0073     26.20 RIGHT   1.0929E-04   -210.71  5.3772E-05   -211.76
   20.00    155.00      2.16    -3.67     3.17      0.0128     27.07 RIGHT   1.0571E-04   -210.47  5.4030E-05   -212.29
   25.00    155.00      1.81    -3.63     2.90      0.0198     28.10 RIGHT   1.0151E-04   -210.18  5.4232E-05   -212.91
   30.00    155.00      1.41    -3.63     2.60      0.0279     29.22 RIGHT   9.6952E-05   -209.84  5.4281E-05   -213.58
   35.00    155.00      0.99    -3.66     2.27      0.0366     30.32 RIGHT   9.2294E-05   -209.46  5.4059E-05   -214.27
   40.00    155.00      0.55    -3.76     1.92      0.0455     31.27 RIGHT   8.7761E-05   -209.08  5.3434E-05   -214.95
   45.00    155.00      0.12    -3.96     1.55      0.0538     31.96 RIGHT   8.3512E-05   -208.74  5.2258E-05   -215.58
   50.00    155.00     -0.30    -4.27     1.16      0.0606     32.23 RIGHT   7.9605E-05   -208.47  5.0384E-05   -216.15
   55.00    155.00     -0.71    -4.75     0.74      0.0653     31.99 RIGHT   7.5962E-05   -208.33  4.7666E-05   -216.64
   60.00    155.00     -1.13    -5.45     0.24      0.0672     31.16 RIGHT   7.2349E-05   -208.36  4.3982E-05   -217.03
   65.00    155.00     -1.62    -6.44    -0.39      0.0657     29.72 RIGHT   6.8344E-05   -208.59  3.9238E-05   -217.31
   70.00    155.00     -2.29    -7.85    -1.22      0.0607     27.66 RIGHT   6.3299E-05   -209.06  3.3385E-05   -217.48
   75.00    155.00     -3.32    -9.88    -2.45      0.0518     25.04 RIGHT   5.6251E-05   -209.83  2.6432E-05   -217.55
   80.00    155.00     -5.12   -13.00    -4.47      0.0394     21.90 RIGHT   4.5691E-05   -210.99  1.8449E-05   -217.49
   85.00    155.00     -9.10   -18.70    -8.65      0.0235     18.28 RIGHT   2.8910E-05   -212.82  9.5723E-06   -217.33
   90.00    155.00   -999.99  -999.99  -999.99      0.0000      0.00         2.2686E-15   -395.91  5.7553E-16   -397.06
    0.00    160.00      3.16    -5.62     3.70      0.0000     20.00 LINEAR  1.1854E-04   -211.01  4.3145E-05   -211.01
    5.00    160.00      3.11    -5.61     3.66      0.0007     20.11 RIGHT   1.1790E-04   -210.97  4.3182E-05   -211.09
   10.00    160.00      2.97    -5.59     3.54      0.0027     20.46 RIGHT   1.1604E-04   -210.86  4.3284E-05   -211.34
   15.00    160.00      2.75    -5.56     3.35      0.0062     21.01 RIGHT   1.1308E-04   -210.69  4.3427E-05   -211.74
   20.00    160.00      2.45    -5.53     3.09      0.0109     21.74 RIGHT   1.0920E-04   -210.44  4.3569E-05   -212.26
   25.00    160.00      2.08    -5.52     2.77      0.0170     22.62 RIGHT   1.0467E-04   -210.13  4.3653E-05   -212.87
   30.00    160.00      1.66    -5.53     2.42      0.0241     23.58 RIGHT   9.9772E-05   -209.76  4.3602E-05   -213.53
   35.00    160.00      1.22    -5.58     2.04      0.0320     24.52 RIGHT   9.4779E-05   -209.35  4.3328E-05   -214.20
   40.00    160.00      0.76    -5.70     1.64      0.0402     25.34 RIGHT   8.9944E-05   -208.93  4.2729E-05   -214.86
   45.00    160.00      0.32    -5.92     1.24      0.0477     25.91 RIGHT   8.5442E-05   -208.54  4.1694E-05   -215.48
   50.00    160.00     -0.11    -6.25     0.83      0.0540     26.12 RIGHT   8.1337E-05   -208.23  4.0109E-05   -216.03
   55.00    160.00     -0.53    -6.75     0.40      0.0581     25.87 RIGHT   7.7553E-05   -208.05  3.7867E-05   -216.50
   60.00    160.00     -0.95    -7.47    -0.08      0.0595     25.11 RIGHT   7.3841E-05   -208.05  3.4875E-05   -216.88
   65.00    160.00     -1.45    -8.47    -0.66      0.0576     23.83 RIGHT   6.9760E-05   -208.26  3.1061E-05   -217.15
   70.00    160.00     -2.11    -9.89    -1.44      0.0525     22.05 RIGHT   6.4634E-05   -208.72  2.6391E-05   -217.32
   75.00    160.00     -3.13   -11.93    -2.59      0.0442     19.83 RIGHT   5.7467E-05   -209.47  2.0871E-05   -217.37
   80.00    160.00     -4.93   -15.06    -4.53      0.0331     17.22 RIGHT   4.6700E-05   -210.63  1.4556E-05   -217.31
   85.00    160.00     -8.90   -20.76    -8.63      0.0196     14.29 RIGHT   2.9558E-05   -212.45  7.5487E-06   -217.15
   90.00    160.00   -999.99  -999.99  -999.99      0.0000      0.00         2.3198E-15   -395.54  4.5378E-16   -396.87
    0.00    165.00      3.40    -8.04     3.70      0.0000     15.00 LINEAR  1.2185E-04   -211.01  3.2649E-05   -211.01
    5.00    165.00      3.35    -8.04     3.65      0.0005     15.09 RIGHT   1.2117E-04   -210.97  3.2671E-05   -211.09
   10.00    165.00      3.21    -8.02     3.52      0.0021     15.35 RIGHT   1.1919E-04   -210.86  3.2730E-05   -211.34
   15.00    165.00      2.97    -8.00     3.31      0.0048     15.79 RIGHT   1.1604E-04   -210.67  3.2808E-05   -211.73
   20.00    165.00      2.66    -7.98     3.02      0.0086     16.36 RIGHT   1.1192E-04   -210.41  3.2875E-05   -212.24
   25.00    165.00      2.28    -7.98     2.67      0.0135     17.05 RIGHT   1.0712E-04   -210.08  3.2889E-05   -212.83
   30.00    165.00      1.85    -8.00     2.28      0.0193     17.81 RIGHT   1.0193E-04   -209.69  3.2796E-05   -213.48
   35.00    165.00      1.39    -8.07     1.85      0.0258     18.55 RIGHT   9.6667E-05   -209.25  3.2531E-05   -214.14
   40.00    165.00      0.92    -8.21     1.42      0.0326     19.19 RIGHT   9.1585E-05   -208.80  3.2021E-05   -214.79
   45.00    165.00      0.46    -8.44     0.99      0.0389     19.64 RIGHT   8.6878E-05   -208.38  3.1187E-05   -215.40
   50.00    165.00      0.02    -8.79     0.56      0.0441     19.79 RIGHT   8.2617E-05   -208.04  2.9947E-05   -215.94
   55.00    165.00     -0.40    -9.31     0.13      0.0474     19.57 RIGHT   7.8721E-05   -207.83  2.8225E-05   -216.39
   60.00    165.00     -0.82   -10.03    -0.33      0.0483     18.93 RIGHT   7.4935E-05   -207.80  2.5954E-05   -216.76
   65.00    165.00     -1.32   -11.05    -0.88      0.0464     17.89 RIGHT   7.0800E-05   -207.99  2.3084E-05   -217.02
   70.00    165.00     -1.98   -12.48    -1.61      0.0418     16.47 RIGHT   6.5619E-05   -208.43  1.9591E-05   -217.18
   75.00    165.00     -3.00   -14.52    -2.70      0.0347     14.73 RIGHT   5.8366E-05   -209.18  1.5479E-05   -217.22
   80.00    165.00     -4.79   -17.66    -4.57      0.0257     12.73 RIGHT   4.7449E-05   -210.33  1.0788E-05   -217.16
   85.00    165.00     -8.76   -23.37    -8.62      0.0152     10.51 RIGHT   3.0040E-05   -212.15  5.5925E-06   -216.99
   90.00    165.00   -999.99  -999.99  -999.99      0.0000      0.00         2.3578E-15   -395.24  3.3615E-16   -396.71
    0.00    170.00      3.57   -11.51     3.70      0.0000     10.00 LINEAR  1.2423E-04   -211.01  2.1905E-05   -211.01
    5.00    170.00      3.52   -11.50     3.65      0.0004     10.06 RIGHT   1.2352E-04   -210.97  2.1917E-05   -211.09
   10.00    170.00      3.37   -11.49     3.51      0.0015     10.24 RIGHT   1.2145E-04   -210.85  2.1947E-05   -211.33
   15.00    170.00      3.13   -11.48     3.28      0.0033     10.54 RIGHT   1.1816E-04   -210.66  2.1984E-05   -211.72
   20.00    170.00      2.81   -11.47     2.97      0.0059     10.93 RIGHT   1.1386E-04   -210.39  2.2009E-05   -212.22
   25.00    170.00      2.42   -11.47     2.59      0.0093     11.41 RIGHT   1.0886E-04   -210.05  2.1995E-05   -212.81
   30.00    170.00      1.98   -11.51     2.17      0.0135     11.93 RIGHT   1.0346E-04   -209.64  2.1905E-05   -213.45
   35.00    170.00      1.51   -11.59     1.71      0.0181     12.45 RIGHT   9.7989E-05   -209.18  2.1699E-05   -214.10
   40.00    170.00      1.03   -11.74     1.25      0.0230     12.89 RIGHT   9.2726E-05   -208.70  2.1329E-05   -214.74
   45.00    170.00      0.56   -11.98     0.79      0.0276     13.20 RIGHT   8.7869E-05   -208.26  2.0745E-05   -215.33
   50.00    170.00      0.11   -12.34     0.35      0.0313     13.29 RIGHT   8.3492E-05   -207.89  1.9893E-05   -215.86
   55.00    170.00     -0.31   -12.87    -0.07      0.0336     13.12 RIGHT   7.9517E-05   -207.66  1.8726E-05   -216.31
   60.00    170.00     -0.74   -13.61    -0.52      0.0341     12.66 RIGHT   7.5679E-05   -207.61  1.7199E-05   -216.67
   65.00    170.00     -1.23   -14.63    -1.04      0.0325     11.93 RIGHT   7.1508E-05   -207.79  1.5282E-05   -216.92
   70.00    170.00     -1.89   -16.07    -1.73      0.0290     10.94 RIGHT   6.6292E-05   -208.22  1.2958E-05   -217.07
   75.00    170.00     -2.90   -18.12    -2.78      0.0239      9.75 RIGHT   5.8982E-05   -208.96  1.0231E-05   -217.11
   80.00    170.00     -4.70   -21.26    -4.61      0.0176      8.39 RIGHT   4.7964E-05   -210.11  7.1272E-06   -217.05
   85.00    170.00     -8.67   -26.97    -8.61      0.0103      6.91 RIGHT   3.0372E-05   -211.93  3.6936E-06   -216.87
   90.00    170.00   -999.99  -999.99  -999.99      0.0000      0.00         2.3841E-15   -395.02  2.2198E-16   -396.60
    0.00    175.00      3.67   -17.49     3.70      0.0000      5.00 LINEAR  1.2567E-04   -211.01  1.0994E-05   -211.01
    5.00    175.00      3.62   -17.49     3.65      0.0002      5.03 RIGHT   1.2494E-04   -210.97  1.0999E-05   -211.09
   10.00    175.00      3.47   -17.48     3.50      0.0007      5.12 RIGHT   1.2281E-04   -210.85  1.1012E-05   -211.33
   15.00    175.00      3.22   -17.47     3.26      0.0017      5.27 RIGHT   1.1943E-04   -210.66  1.1026E-05   -211.71
   20.00    175.00      2.90   -17.47     2.94      0.0030      5.48 RIGHT   1.1503E-04   -210.38  1.1032E-05   -212.21
   25.00    175.00      2.50   -17.48     2.54      0.0048      5.72 RIGHT   1.0990E-04   -210.03  1.1017E-05   -212.79
   30.00    175.00      2.05   -17.52     2.10      0.0069      5.98 RIGHT   1.0437E-04   -209.61  1.0964E-05   -213.42
   35.00    175.00      1.57   -17.61     1.63      0.0093      6.25 RIGHT   9.8771E-05   -209.14  1.0852E-05   -214.07
   40.00    175.00      1.09   -17.76     1.14      0.0119      6.48 RIGHT   9.3397E-05   -208.65  1.0658E-05   -214.70
   45.00    175.00      0.62   -18.01     0.67      0.0143      6.63 RIGHT   8.8448E-05   -208.18  1.0357E-05   -215.29
   50.00    175.00      0.17   -18.38     0.23      0.0163      6.67 RIGHT   8.4002E-05   -207.80  9.9238E-06   -215.82
   55.00    175.00     -0.26   -18.92    -0.20      0.0174      6.58 RIGHT   7.9979E-05   -207.55  9.3340E-06   -216.26
   60.00    175.00     -0.69   -19.66    -0.63      0.0176      6.34 RIGHT   7.6111E-05   -207.50  8.5669E-06   -216.61
   65.00    175.00     -1.18   -20.69    -1.13      0.0167      5.96 RIGHT   7.1920E-05   -207.66  7.6071E-06   -216.86
   70.00    175.00     -1.84   -22.13    -1.80      0.0148      5.46 RIGHT   6.6683E-05   -208.09  6.4470E-06   -217.00
   75.00    175.00     -2.85   -24.19    -2.82      0.0122      4.85 RIGHT   5.9342E-05   -208.83  5.0882E-06   -217.04
   80.00    175.00     -4.65   -27.33    -4.62      0.0089      4.17 RIGHT   4.8265E-05   -209.98  3.5434E-06   -216.97
   85.00    175.00     -8.61   -33.04    -8.60      0.0052      3.42 RIGHT   3.0566E-05   -211.79  1.8360E-06   -216.80
   90.00    175.00   -999.99  -999.99  -999.99      0.0000      0.00         2.3994E-15   -394.88  1.1034E-16   -396.52
    0.00    180.00      3.70  -999.99     3.70      0.0000     -0.00 LINEAR  1.2615E-04   -211.01  1.2876E-15   -391.01
    5.00    180.00      3.65  -999.99     3.65      0.0000     -0.00 LINEAR  1.2541E-04   -210.97  1.2881E-15   -391.09
   10.00    180.00      3.50  -999.99     3.50      0.0000     -0.00 LINEAR  1.2327E-04   -210.85  1.2894E-15   -391.33
   15.00    180.00      3.25  -999.99     3.25      0.0000     -0.00 LINEAR  1.1986E-04   -210.65  1.2909E-15   -391.71
   20.00    180.00      2.93  -999.99     2.93      0.0000     -0.00 LINEAR  1.1542E-04   -210.38  1.2914E-15   -392.21
   25.00    180.00      2.53  -999.99     2.53      0.0000     -0.00 LINEAR  1.1024E-04   -210.02  1.2894E-15   -392.79
   30.00    180.00      2.08  -999.99     2.08      0.0000     -0.00 LINEAR  1.0467E-04   -209.60  1.2828E-15   -393.42
   35.00    180.00      1.60  -999.99     1.60      0.0000     -0.00 LINEAR  9.9030E-05   -209.12  1.2694E-15   -394.06
   40.00    180.00      1.11  -999.99     1.11      0.0000     -0.00 LINEAR  9.3618E-05   -208.63  1.2463E-15   -394.69
   45.00    180.00      0.63  -999.99     0.63      0.0000     -0.00 LINEAR  8.8638E-05   -208.16  1.2108E-15   -395.28
   50.00    180.00      0.18  -999.99     0.18      0.0000     -0.00 LINEAR  8.4169E-05   -207.77  1.1598E-15   -395.80
   55.00    180.00     -0.24  -999.99    -0.24      0.0000     -0.00 LINEAR  8.0130E-05   -207.52  1.0906E-15   -396.24
   60.00    180.00     -0.67  -999.99    -0.67      0.0000     -0.00 LINEAR  7.6252E-05   -207.46  1.0007E-15   -396.59
   65.00    180.00     -1.17  -999.99    -1.17      0.0000     -0.00 LINEAR  7.2054E-05   -207.62  8.8840E-16   -396.84
   70.00    180.00     -1.82  -999.99    -1.82      0.0000     -0.00 LINEAR  6.6811E-05   -208.04  7.5278E-16   -396.98
   75.00    180.00     -2.83  -999.99    -2.83      0.0000     -0.00 LINEAR  5.9460E-05   -208.78  5.9404E-16   -397.02
   80.00    180.00     -4.63  -999.99    -4.63      0.0000     -0.00 LINEAR  4.8364E-05   -209.93  4.1364E-16   -396.95
   85.00    180.00     -8.60  -999.99    -8.60      0.0000     -0.00 LINEAR  3.0630E-05   -211.75  2.1431E-16   -396.78
   90.00    180.00   -999.99  -999.99  -999.99      0.0000      0.00         2.4045E-15   -394.84  1.2879E-26   -216.50
    0.00    185.00      3.67   -17.49     3.70      0.0000     -5.00 LINEAR  1.2567E-04   -211.01  1.0994E-05   -391.01
    5.00    185.00      3.62   -17.49     3.65      0.0002     -5.03 LEFT    1.2494E-04   -210.97  1.0999E-05   -391.09
   10.00    185.00      3.47   -17.48     3.50      0.0007     -5.12 LEFT    1.2281E-04   -210.85  1.1012E-05   -391.33
   15.00    185.00      3.22   -17.47     3.26      0.0017     -5.27 LEFT    1.1943E-04   -210.66  1.1026E-05   -391.71
   20.00    185.00      2.90   -17.47     2.94      0.0030     -5.48 LEFT    1.1503E-04   -210.38  1.1032E-05   -392.21
   25.00    185.00      2.50   -17.48     2.54      0.0048     -5.72 LEFT    1.0990E-04   -210.03  1.1017E-05   -392.79
   30.00    185.00      2.05   -17.52     2.10      0.0069     -5.98 LEFT    1.0437E-04   -209.61  1.0964E-05   -393.42
   35.00    185.00      1.57   -17.61     1.63      0.0093     -6.25 LEFT    9.8771E-05   -209.14  1.0852E-05   -394.07
   40.00    185.00      1.09   -17.76     1.14      0.0119     -6.48 LEFT    9.3397E-05   -208.65  1.0658E-05   -394.70
   45.00    185.00      0.62   -18.01     0.67      0.0143     -6.63 LEFT    8.8448E-05   -208.18  1.0357E-05   -395.29
   50.00    185.00      0.17   -18.38     0.23      0.0163     -6.67 LEFT    8.4002E-05   -207.80  9.9238E-06   -395.82
   55.00    185.00     -0.26   -18.92    -0.20      0.0174     -6.58 LEFT    7.9979E-05   -207.55  9.3340E-06   -396.26
   60.00    185.00     -0.69   -19.66    -0.63      0.0176     -6.34 LEFT    7.6111E-05   -207.50  8.5669E-06   -396.61
   65.00    185.00     -1.18   -20.69    -1.13      0.0167     -5.96 LEFT    7.1920E-05   -207.66  7.6071E-06   -396.86
   70.00    185.00     -1.84   -22.13    -1.80      0.0148     -5.46 LEFT    6.6683E-05   -208.09  6.4470E-06   -397.00
   75.00    185.00     -2.85   -24.19    -2.82      0.0122     -4.85 LEFT    5.9342E-05   -208.83  5.0882E-06   -397.04
   80.00    185.00     -4.65   -27.33    -4.62      0.0089     -4.17 LEFT    4.8265E-05   -209.98  3.5434E-06   -396.97
   85.00    185.00     -8.61   -33.04    -8.60      0.0052     -3.42 LEFT    3.0566E-05   -211.79  1.8360E-06   -396.80
   90.00    185.00   -999.99  -999.99  -999.99      0.0000      0.00         2.3994E-15   -394.88  1.1033E-16   -216.52
    0.00    190.00      3.57   -11.51     3.70      0.0000    -10.00 LINEAR  1.2423E-04   -211.01  2.1905E-05   -391.01
    5.00    190.00      3.52   -11.50     3.65      0.0004    -10.06 LEFT    1.2352E-04   -210.97  2.1917E-05   -391.09
   10.00    190.00      3.37   -11.49     3.51      0.0015    -10.24 LEFT    1.2145E-04   -210.85  2.1947E-05   -391.33
   15.00    190.00      3.13   -11.48     3.28      0.0033    -10.54 LEFT    1.1816E-04   -210.66  2.1984E-05   -391.72
   20.00    190.00      2.81   -11.47     2.97      0.0059    -10.93 LEFT    1.1386E-04   -210.39  2.2009E-05   -392.22
   25.00    190.00      2.42   -11.47     2.59      0.0093    -11.41 LEFT    1.0886E-04   -210.05  2.1995E-05   -392.81
   30.00    190.00      1.98   -11.51     2.17      0.0135    -11.93 LEFT    1.0346E-04   -209.64  2.1905E-05   -393.45
   35.00    190.00      1.51   -11.59     1.71      0.0181    -12.45 LEFT    9.7989E-05   -209.18  2.1699E-05   -394.10
   40.00    190.00      1.03   -11.74     1.25      0.0230    -12.89 LEFT    9.2726E-05   -208.70  2.1329E-05   -394.74
   45.00    190.00      0.56   -11.98     0.79      0.0276    -13.20 LEFT    8.7869E-05   -208.26  2.0745E-05   -395.33
   50.00    190.00      0.11   -12.34     0.35      0.0313    -13.29 LEFT    8.3492E-05   -207.89  1.9893E-05   -395.86
   55.00    190.00     -0.31   -12.87    -0.07      0.0336    -13.12 LEFT    7.9517E-05   -207.66  1.8726E-05   -396.31
   60.00    190.00     -0.74   -13.61    -0.52      0.0341    -12.66 LEFT    7.5679E-05   -207.61  1.7199E-05   -396.67
   65.00    190.00     -1.23   -14.63    -1.04      0.0325    -11.93 LEFT    7.1508E-05   -207.79  1.5282E-05   -396.92
   70.00    190.00     -1.89   -16.07    -1.73      0.0290    -10.94 LEFT    6.6292E-05   -208.22  1.2958E-05   -397.07
   75.00    190.00     -2.90   -18.12    -2.78      0.0239     -9.75 LEFT    5.8982E-05   -208.96  1.0231E-05   -397.11
   80.00    190.00     -4.70   -21.26    -4.61      0.0176     -8.39 LEFT    4.7964E-05   -210.11  7.1272E-06   -397.05
   85.00    190.00     -8.67   -26.97    -8.61      0.0103     -6.91 LEFT    3.0372E-05   -211.93  3.6936E-06   -396.87
   90.00    190.00   -999.99  -999.99  -999.99      0.0000      0.00         2.3841E-15   -395.02  2.2199E-16   -216.60
    0.00    195.00      3.40    -8.04     3.70      0.0000    -15.00 LINEAR  1.2185E-04   -211.01  3.2649E-05   -391.01
    5.00    195.00      3.35    -8.04     3.65      0.0005    -15.09 LEFT    1.2117E-04   -210.97  3.2671E-05   -391.09
   10.00    195.00      3.21    -8.02     3.52      0.0021    -15.35 LEFT    1.1919E-04   -210.86  3.2730E-05   -391.34
   15.00    195.00      2.97    -8.00     3.31      0.0048    -15.79 LEFT    1.1604E-04   -210.67  3.2808E-05   -391.73
   20.00    195.00      2.66    -7.98     3.02      0.0086    -16.36 LEFT    1.1192E-04   -210.41  3.2875E-05   -392.24
   25.00    195.00      2.28    -7.98     2.67      0.0135    -17.05 LEFT    1.0712E-04   -210.08  3.2889E-05   -392.83
   30.00    195.00      1.85    -8.00     2.28      0.0193    -17.81 LEFT    1.0193E-04   -209.69  3.2796E-05   -393.48
   35.00    195.00      1.39    -8.07     1.85      0.0258    -18.55 LEFT    9.6667E-05   -209.25  3.2531E-05   -394.14
   40.00    195.00      0.92    -8.21     1.42      0.0326    -19.19 LEFT    9.1585E-05   -208.80  3.2021E-05   -394.79
   45.00    195.00      0.46    -8.44     0.99      0.0389    -19.64 LEFT    8.6878E-05   -208.38  3.1187E-05   -395.40
   50.00    195.00      0.02    -8.79     0.56      0.0441    -19.79 LEFT    8.2617E-05   -208.04  2.9947E-05   -395.94
   55.00    195.00     -0.40    -9.31     0.13      0.0474    -19.57 LEFT    7.8721E-05   -207.83  2.8225E-05   -396.39
   60.00    195.00     -0.82   -10.03    -0.33      0.0483    -18.93 LEFT    7.4935E-05   -207.80  2.5954E-05   -396.76
   65.00    195.00     -1.32   -11.05    -0.88      0.0464    -17.89 LEFT    7.0800E-05   -207.99  2.3084E-05   -397.02
   70.00    195.00     -1.98   -12.48    -1.61      0.0418    -16.47 LEFT    6.5619E-05   -208.43  1.9591E-05   -397.18
   75.00    195.00     -3.00   -14.52    -2.70      0.0347    -14.73 LEFT    5.8366E-05   -209.18  1.5479E-05   -397.22
   80.00    195.00     -4.79   -17.66    -4.57      0.0257    -12.73 LEFT    4.7449E-05   -210.33  1.0788E-05   -397.16
   85.00    195.00     -8.76   -23.37    -8.62      0.0152    -10.51 LEFT    3.0040E-05   -212.15  5.5925E-06   -396.99
   90.00    195.00   -999.99  -999.99  -999.99      0.0000      0.00         2.3579E-15   -395.24  3.3615E-16   -216.71
    0.00    200.00      3.16    -5.62     3.70      0.0000    -20.00 LINEAR  1.1854E-04   -211.01  4.3145E-05   -391.01
    5.00    200.00      3.11    -5.61     3.66      0.0007    -20.11 LEFT    1.1790E-04   -210.97  4.3182E-05   -391.09
   10.00    200.00      2.97    -5.59     3.54      0.0027    -20.46 LEFT    1.1604E-04   -210.86  4.3284E-05   -391.34
   15.00    200.00      2.75    -5.56     3.35      0.0062    -21.01 LEFT    1.1308E-04   -210.69  4.3427E-05   -391.74
   20.00    200.00      2.45    -5.53     3.09      0.0109    -21.74 LEFT    1.0920E-04   -210.44  4.3569E-05   -392.26
   25.00    200.00      2.08    -5.52     2.77      0.0170    -22.62 LEFT    1.0467E-04   -210.13  4.3653E-05   -392.87
   30.00    200.00      1.66    -5.53     2.42      0.0241    -23.58 LEFT    9.9772E-05   -209.76  4.3602E-05   -393.53
   35.00    200.00      1.22    -5.58     2.04      0.0320    -24.52 LEFT    9.4779E-05   -209.35  4.3328E-05   -394.20
   40.00    200.00      0.76    -5.70     1.64      0.0402    -25.34 LEFT    8.9944E-05   -208.93  4.2729E-05   -394.86
   45.00    200.00      0.32    -5.92     1.24      0.0477    -25.91 LEFT    8.5442E-05   -208.54  4.1694E-05   -395.48
   50.00    200.00     -0.11    -6.25     0.83      0.0540    -26.12 LEFT    8.1337E-05   -208.23  4.0109E-05   -396.03
   55.00    200.00     -0.53    -6.75     0.40      0.0581    -25.87 LEFT    7.7553E-05   -208.05  3.7867E-05   -396.50
   60.00    200.00     -0.95    -7.47    -0.08      0.0595    -25.11 LEFT    7.3841E-05   -208.05  3.4875E-05   -396.88
   65.00    200.00     -1.45    -8.47    -0.66      0.0576    -23.83 LEFT    6.9760E-05   -208.26  3.1061E-05   -397.15
   70.00    200.00     -2.11    -9.89    -1.44      0.0525    -22.05 LEFT    6.4634E-05   -208.72  2.6391E-05   -397.32
   75.00    200.00     -3.13   -11.93    -2.59      0.0442    -19.83 LEFT    5.7467E-05   -209.47  2.0871E-05   -397.37
   80.00    200.00     -4.93   -15.06    -4.53      0.0331    -17.22 LEFT    4.6700E-05   -210.63  1.4556E-05   -397.31
   85.00    200.00     -8.90   -20.76    -8.63      0.0196    -14.29 LEFT    2.9558E-05   -212.45  7.5487E-06   -397.15
   90.00    200.00   -999.99  -999.99  -999.99      0.0000      0.00         2.3198E-15   -395.54  4.5379E-16   -216.87
    0.00    205.00      2.84    -3.78     3.70      0.0000    -25.00 LINEAR  1.1433E-04   -211.01  5.3312E-05   -391.01
    5.00    205.00      2.80    -3.77     3.66      0.0008    -25.14 LEFT    1.1374E-04   -210.97  5.3370E-05   -391.09
   10.00    205.00      2.67    -3.75     3.56      0.0032    -25.54 LEFT    1.1202E-04   -210.87  5.3534E-05   -391.35
   15.00    205.00      2.45    -3.71     3.39      0.0073    -26.20 LEFT    1.0929E-04   -210.71  5.3772E-05   -391.76
   20.00    205.00      2.16    -3.67     3.17      0.0128    -27.07 LEFT    1.0571E-04   -210.47  5.4030E-05   -392.29
   25.00    205.00      1.81    -3.63     2.90      0.0198    -28.10 LEFT    1.0151E-04   -210.18  5.4232E-05   -392.91
   30.00    205.00      1.41    -3.63     2.60      0.0279    -29.22 LEFT    9.6952E-05   -209.84  5.4281E-05   -393.58
   35.00    205.00      0.99    -3.66     2.27      0.0366    -30.32 LEFT    9.2294E-05   -209.46  5.4059E-05   -394.27
   40.00    205.00      0.55    -3.76     1.92      0.0455    -31.27 LEFT    8.7761E-05   -209.08  5.3434E-05   -394.95
   45.00    205.00      0.12    -3.96     1.55      0.0538    -31.96 LEFT    8.3512E-05   -208.74  5.2258E-05   -395.58
   50.00    205.00     -0.30    -4.27     1.16      0.0606    -32.23 LEFT    7.9605E-05   -208.47  5.0384E-05   -396.15
   55.00    205.00     -0.71    -4.75     0.74      0.0653    -31.99 LEFT    7.5962E-05   -208.33  4.7666E-05   -396.64
   60.00    205.00     -1.13    -5.45     0.24      0.0672    -31.16 LEFT    7.2349E-05   -208.36  4.3982E-05   -397.03
   65.00    205.00     -1.62    -6.44    -0.39      0.0657    -29.72 LEFT    6.8344E-05   -208.59  3.9238E-05   -397.31
   70.00    205.00     -2.29    -7.85    -1.22      0.0607    -27.66 LEFT    6.3299E-05   -209.06  3.3385E-05   -397.48
   75.00    205.00     -3.32    -9.88    -2.45      0.0518    -25.04 LEFT    5.6251E-05   -209.83  2.6432E-05   -397.55
   80.00    205.00     -5.12   -13.00    -4.47      0.0394    -21.90 LEFT    4.5691E-05   -210.99  1.8449E-05   -397.49
   85.00    205.00     -9.10   -18.70    -8.65      0.0235    -18.28 LEFT    2.8910E-05   -212.82  9.5723E-06   -397.33
   90.00    205.00   -999.99  -999.99  -999.99      0.0000      0.00         2.2687E-15   -395.91  5.7554E-16   -217.06
    0.00    210.00      2.45    -2.32     3.70      0.0000    -30.00 LINEAR  1.0925E-04   -211.01  6.3073E-05   -391.01
    5.00    210.00      2.41    -2.31     3.67      0.0009    -30.15 LEFT    1.0872E-04   -210.97  6.3160E-05   -391.10
   10.00    210.00      2.28    -2.28     3.59      0.0036    -30.61 LEFT    1.0716E-04   -210.88  6.3405E-05   -391.36
   15.00    210.00      2.08    -2.23     3.45      0.0081    -31.35 LEFT    1.0468E-04   -210.73  6.3770E-05   -391.78
   20.00    210.00      1.80    -2.17     3.27      0.0142    -32.32 LEFT    1.0143E-04   -210.51  6.4188E-05   -392.32
   25.00    210.00      1.47    -2.12     3.05      0.0218    -33.47 LEFT    9.7609E-05   -210.25  6.4563E-05   -392.96
   30.00    210.00      1.09    -2.09     2.80      0.0304    -34.71 LEFT    9.3448E-05   -209.93  6.4775E-05   -393.65
   35.00    210.00      0.69    -2.10     2.52      0.0395    -35.92 LEFT    8.9174E-05   -209.59  6.4675E-05   -394.36
   40.00    210.00      0.27    -2.18     2.22      0.0486    -36.98 LEFT    8.4990E-05   -209.26  6.4095E-05   -395.05
   45.00    210.00     -0.14    -2.35     1.90      0.0571    -37.75 LEFT    8.1036E-05   -208.96  6.2849E-05   -395.70
   50.00    210.00     -0.55    -2.65     1.54      0.0641    -38.08 LEFT    7.7362E-05   -208.74  6.0748E-05   -396.29
   55.00    210.00     -0.95    -3.11     1.12      0.0690    -37.87 LEFT    7.3892E-05   -208.64  5.7609E-05   -396.79
   60.00    210.00     -1.37    -3.79     0.60      0.0713    -37.03 LEFT    7.0404E-05   -208.71  5.3271E-05   -397.19
   65.00    210.00     -1.86    -4.76    -0.06      0.0705    -35.51 LEFT    6.6500E-05   -208.97  4.7615E-05   -397.49
   70.00    210.00     -2.53    -6.15    -0.96      0.0659    -33.28 LEFT    6.1565E-05   -209.46  4.0577E-05   -397.67
   75.00    210.00     -3.56    -8.17    -2.27      0.0573    -30.36 LEFT    5.4680E-05   -210.24  3.2166E-05   -397.74
   80.00    210.00     -5.37   -11.29    -4.38      0.0442    -26.77 LEFT    4.4391E-05   -211.41  2.2472E-05   -397.70
   85.00    210.00     -9.35   -16.98    -8.66      0.0266    -22.52 LEFT    2.8077E-05   -213.24  1.1666E-05   -397.54
   90.00    210.00   -999.99  -999.99  -999.99      0.0000      0.00         2.2030E-15   -396.33  7.0156E-16   -217.27
    0.00    215.00      1.97    -1.13     3.70      0.0000    -35.00 LINEAR  1.0333E-04   -211.01  7.2355E-05   -391.01
    5.00    215.00      1.93    -1.11     3.68      0.0010    -35.17 LEFT    1.0286E-04   -210.98  7.2476E-05   -391.10
   10.00    215.00      1.81    -1.07     3.61      0.0039    -35.66 LEFT    1.0148E-04   -210.89  7.2823E-05   -391.37
   15.00    215.00      1.62    -1.01     3.51      0.0087    -36.46 LEFT    9.9279E-05   -210.75  7.3348E-05   -391.80
   20.00    215.00      1.36    -0.94     3.37      0.0152    -37.50 LEFT    9.6383E-05   -210.56  7.3970E-05   -392.36
   25.00    215.00      1.05    -0.87     3.21      0.0230    -38.73 LEFT    9.2970E-05   -210.32  7.4575E-05   -393.01
   30.00    215.00      0.69    -0.82     3.01      0.0317    -40.04 LEFT    8.9237E-05   -210.04  7.5015E-05   -393.72
   35.00    215.00      0.31    -0.80     2.80      0.0408    -41.32 LEFT    8.5383E-05   -209.74  7.5109E-05   -394.45
   40.00    215.00     -0.09    -0.86     2.56      0.0497    -42.45 LEFT    8.1582E-05   -209.45  7.4649E-05   -395.16
   45.00    215.00     -0.48    -1.00     2.28      0.0578    -43.27 LEFT    7.7957E-05   -209.20  7.3408E-05   -395.83
   50.00    215.00     -0.87    -1.27     1.94      0.0646    -43.65 LEFT    7.4546E-05   -209.03  7.1150E-05   -396.43
   55.00    215.00     -1.26    -1.71     1.53      0.0695    -43.49 LEFT    7.1278E-05   -208.98  6.7648E-05   -396.95
   60.00    215.00     -1.68    -2.37     1.00      0.0721    -42.68 LEFT    6.7943E-05   -209.09  6.2701E-05   -397.37
   65.00    215.00     -2.17    -3.33     0.30      0.0719    -41.15 LEFT    6.4170E-05   -209.38  5.6159E-05   -397.68
   70.00    215.00     -2.85    -4.70    -0.67      0.0682    -38.86 LEFT    5.9382E-05   -209.89  4.7941E-05   -397.88
   75.00    215.00     -3.88    -6.71    -2.06      0.0603    -35.76 LEFT    5.2710E-05   -210.68  3.8056E-05   -397.96
   80.00    215.00     -5.70    -9.82    -4.27      0.0474    -31.83 LEFT    4.2767E-05   -211.87  2.6613E-05   -397.92
   85.00    215.00     -9.68   -15.51    -8.67      0.0288    -27.05 LEFT    2.7039E-05   -213.70  1.3824E-05   -397.76
   90.00    215.00   -999.99  -999.99  -999.99      0.0000      0.00         2.1212E-15   -396.79  8.3152E-16   -217.49
    0.00    220.00      1.38    -0.14     3.70      0.0000    -40.00 LINEAR  9.6634E-05   -211.01  8.1085E-05   -391.01
    5.00    220.00      1.35    -0.12     3.68      0.0010    -40.18 LEFT    9.6226E-05   -210.98  8.1247E-05   -391.10
   10.00    220.00      1.24    -0.07     3.64      0.0041    -40.69 LEFT    9.5026E-05   -210.90  8.1714E-05   -391.38
   15.00    220.00      1.06     0.00     3.57      0.0090    -41.52 LEFT    9.3106E-05   -210.78  8.2430E-05   -391.82
   20.00    220.00      0.82     0.09     3.48      0.0156    -42.60 LEFT    9.0578E-05   -210.60  8.3299E-05   -392.39
   25.00    220.00      0.53     0.19     3.37      0.0233    -43.86 LEFT    8.7588E-05   -210.39  8.4187E-05   -393.06
   30.00    220.00      0.20     0.26     3.24      0.0318    -45.21 LEFT    8.4301E-05   -210.15  8.4918E-05   -393.79
   35.00    220.00     -0.16     0.30     3.09      0.0405    -46.52 LEFT    8.0887E-05   -209.89  8.5275E-05   -394.54
   40.00    220.00     -0.53     0.27     2.90      0.0489    -47.66 LEFT    7.7493E-05   -209.65  8.5010E-05   -395.27
   45.00    220.00     -0.91     0.15     2.66      0.0564    -48.51 LEFT    7.4221E-05   -209.46  8.3849E-05   -395.96
   50.00    220.00     -1.28    -0.09     2.36      0.0627    -48.93 LEFT    7.1099E-05   -209.34  8.1505E-05   -396.58
   55.00    220.00     -1.66    -0.51     1.96      0.0674    -48.82 LEFT    6.8058E-05   -209.34  7.7703E-05   -397.12
   60.00    220.00     -2.07    -1.15     1.42      0.0701    -48.08 LEFT    6.4905E-05   -209.49  7.2198E-05   -397.55
   65.00    220.00     -2.57    -2.09     0.69      0.0704    -46.61 LEFT    6.1297E-05   -209.81  6.4804E-05   -397.88
   70.00    220.00     -3.25    -3.44    -0.33      0.0676    -44.34 LEFT    5.6698E-05   -210.35  5.5422E-05   -398.08
   75.00    220.00     -4.29    -5.44    -1.81      0.0608    -41.19 LEFT    5.0297E-05   -211.16  4.4057E-05   -398.17
   80.00    220.00     -6.11    -8.54    -4.14      0.0487    -37.06 LEFT    4.0785E-05   -212.35  3.0841E-05   -398.14
   85.00    220.00    -10.09   -14.22    -8.67      0.0298    -31.85 LEFT    2.5775E-05   -214.18  1.6031E-05   -397.99
   90.00    220.00   -999.99  -999.99  -999.99      0.0000      0.00         2.0218E-15   -397.28  9.6441E-16   -217.72
    0.00    225.00      0.69     0.69     3.70      0.0000    -45.00 LINEAR  8.9199E-05   -211.01  8.9199E-05   -391.01
    5.00    225.00      0.65     0.71     3.69      0.0011    -45.18 LEFT    8.8852E-05   -210.98  8.9407E-05   -391.10
   10.00    225.00      0.55     0.77     3.67      0.0041    -45.70 LEFT    8.7831E-05   -210.91  9.0009E-05   -391.39
   15.00    225.00      0.39     0.86     3.64      0.0091    -46.54 LEFT    8.6194E-05   -210.80  9.0941E-05   -391.84
   20.00    225.00      0.17     0.97     3.60      0.0155    -47.62 LEFT    8.4032E-05   -210.65  9.2094E-05   -392.43
   25.00    225.00     -0.10     1.08     3.54      0.0230    -48.88 LEFT    8.1465E-05   -210.46  9.3310E-05   -393.12
   30.00    225.00     -0.41     1.18     3.47      0.0310    -50.21 LEFT    7.8629E-05   -210.26  9.4386E-05   -393.87
   35.00    225.00     -0.74     1.24     3.37      0.0391    -51.51 LEFT    7.5662E-05   -210.05  9.5069E-05   -394.64
   40.00    225.00     -1.09     1.24     3.24      0.0466    -52.63 LEFT    7.2684E-05   -209.85  9.5067E-05   -395.39
   45.00    225.00     -1.44     1.15     3.05      0.0534    -53.48 LEFT    6.9779E-05   -209.71  9.4055E-05   -396.10
   50.00    225.00     -1.80     0.93     2.79      0.0590    -53.92 LEFT    6.6966E-05   -209.65  9.1696E-05   -396.74
   55.00    225.00     -2.17     0.54     2.40      0.0632    -53.86 LEFT    6.4177E-05   -209.70  8.7658E-05   -397.29
   60.00    225.00     -2.58    -0.08     1.86      0.0658    -53.20 LEFT    6.1235E-05   -209.89  8.1650E-05   -397.73
   65.00    225.00     -3.08    -1.00     1.10      0.0665    -51.85 LEFT    5.7829E-05   -210.24  7.3448E-05   -398.07
   70.00    225.00     -3.76    -2.34     0.02      0.0645    -49.69 LEFT    5.3468E-05   -210.81  6.2928E-05   -398.29
   75.00    225.00     -4.80    -4.32    -1.55      0.0589    -46.59 LEFT    4.7402E-05   -211.63  5.0097E-05   -398.39
   80.00    225.00     -6.63    -7.41    -3.99      0.0480    -42.41 LEFT    3.8415E-05   -212.84  3.5106E-05   -398.36
   85.00    225.00    -10.62   -13.09    -8.67      0.0296    -36.94 LEFT    2.4267E-05   -214.68  1.8259E-05   -398.22
   90.00    225.00   -999.99  -999.99  -999.99      0.0000      0.00         1.9032E-15   -397.78  1.0987E-15   -217.95
    0.00    230.00     -0.14     1.38     3.70      0.0000    -50.00 LINEAR  8.1085E-05   -211.01  9.6634E-05   -391.01
    5.00    230.00     -0.17     1.41     3.70      0.0010    -50.18 LEFT    8.0797E-05   -210.99  9.6891E-05   -391.11
   10.00    230.00     -0.26     1.47     3.70      0.0041    -50.69 LEFT    7.9948E-05   -210.93  9.7640E-05   -391.40
   15.00    230.00     -0.41     1.58     3.71      0.0088    -51.51 LEFT    7.8583E-05   -210.83  9.8807E-05   -391.87
   20.00    230.00     -0.61     1.70     3.71      0.0150    -52.56 LEFT    7.6774E-05   -210.70  1.0027E-04   -392.47
   25.00    230.00     -0.86     1.84     3.71      0.0220    -53.78 LEFT    7.4617E-05   -210.54  1.0185E-04   -393.18
   30.00    230.00     -1.15     1.96     3.69      0.0293    -55.06 LEFT    7.2221E-05   -210.37  1.0331E-04   -393.94
   35.00    230.00     -1.45     2.05     3.65      0.0366    -56.30 LEFT    6.9693E-05   -210.20  1.0437E-04   -394.73
   40.00    230.00     -1.78     2.08     3.58      0.0432    -57.38 LEFT    6.7132E-05   -210.05  1.0469E-04   -395.50
   45.00    230.00     -2.11     2.01     3.43      0.0491    -58.19 LEFT    6.4600E-05   -209.96  1.0388E-04   -396.23
   50.00    230.00     -2.46     1.82     3.20      0.0539    -58.64 LEFT    6.2107E-05   -209.95  1.0157E-04   -396.88
   55.00    230.00     -2.81     1.45     2.83      0.0576    -58.63 LEFT    5.9591E-05   -210.05  9.7362E-05   -397.45
   60.00    230.00     -3.22     0.85     2.29      0.0599    -58.06 LEFT    5.6890E-05   -210.28  9.0910E-05   -397.91
   65.00    230.00     -3.71    -0.05     1.51      0.0608    -56.85 LEFT    5.3724E-05   -210.67  8.1952E-05   -398.26
   70.00    230.00     -4.40    -1.37     0.38      0.0595    -54.85 LEFT    4.9653E-05   -211.26  7.0340E-05   -398.49
   75.00    230.00     -5.45    -3.34    -1.26      0.0550    -51.93 LEFT    4.3994E-05   -212.11  5.6076E-05   -398.60
   80.00    230.00     -7.28    -6.42    -3.82      0.0456    -47.84 LEFT    3.5633E-05   -213.33  3.9336E-05   -398.58
   85.00    230.00    -11.27   -12.10    -8.66      0.0283    -42.29 LEFT    2.2500E-05   -215.17  2.0472E-05   -398.43
   90.00    230.00   -999.99  -999.99  -999.99      0.0000      0.00         1.7643E-15   -398.27  1.2321E-15   -218.16
    0.00    235.00     -1.13     1.97     3.70      0.0000    -55.00 LINEAR  7.2355E-05   -211.01  1.0333E-04   -391.01
    5.00    235.00     -1.16     1.99     3.71      0.0010    -55.17 LEFT    7.2121E-05   -210.99  1.0364E-04   -391.11
   10.00    235.00     -1.24     2.07     3.73      0.0039    -55.66 LEFT    7.1431E-05   -210.94  1.0454E-04   -391.41
   15.00    235.00     -1.38     2.18     3.77      0.0083    -56.43 LEFT    7.0320E-05   -210.85  1.0595E-04   -391.89
   20.00    235.00     -1.56     2.33     3.82      0.0140    -57.43 LEFT    6.8842E-05   -210.74  1.0774E-04   -392.51
   25.00    235.00     -1.79     2.49     3.87      0.0204    -58.57 LEFT    6.7072E-05   -210.61  1.0970E-04   -393.23
   30.00    235.00     -2.05     2.63     3.91      0.0269    -59.77 LEFT    6.5092E-05   -210.47  1.1158E-04   -394.02
   35.00    235.00     -2.33     2.75     3.92      0.0332    -60.91 LEFT    6.2986E-05   -210.34  1.1304E-04   -394.82
   40.00    235.00     -2.64     2.80     3.89      0.0390    -61.92 LEFT    6.0829E-05   -210.24  1.1372E-04   -395.61
   45.00    235.00     -2.95     2.76     3.79      0.0439    -62.68 LEFT    5.8666E-05   -210.20  1.1317E-04   -396.35
   50.00    235.00     -3.28     2.59     3.59      0.0479    -63.11 LEFT    5.6501E-05   -210.24  1.1096E-04   -397.02
   55.00    235.00     -3.63     2.24     3.24      0.0510    -63.13 LEFT    5.4274E-05   -210.38  1.0664E-04   -397.60
   60.00    235.00     -4.02     1.66     2.70      0.0530    -62.66 LEFT    5.1842E-05   -210.65  9.9800E-05   -398.08
   65.00    235.00     -4.52     0.78     1.90      0.0539    -61.60 LEFT    4.8957E-05   -211.08  9.0148E-05   -398.44
   70.00    235.00     -5.21    -0.53     0.74      0.0531    -59.82 LEFT    4.5231E-05   -211.69  7.7506E-05   -398.68
   75.00    235.00     -6.27    -2.49    -0.97      0.0496    -57.15 LEFT    4.0055E-05   -212.56  6.1872E-05   -398.79
   80.00    235.00     -8.10    -5.56    -3.64      0.0417    -53.29 LEFT    3.2424E-05   -213.79  4.3444E-05   -398.78
   85.00    235.00    -12.10   -11.23    -8.63      0.0260    -47.87 LEFT    2.0466E-05   -215.65  2.2623E-05   -398.64
   90.00    235.00   -999.99  -999.99  -999.99      0.0000      0.00         1.6047E-15   -398.75  1.3619E-15   -218.37
    0.00    240.00     -2.32     2.45     3.70      0.0000    -60.00 LINEAR  6.3073E-05   -211.01  1.0925E-04   -391.01
    5.00    240.00     -2.35     2.48     3.71      0.0009    -60.15 LEFT    6.2889E-05   -210.99  1.0961E-04   -391.11
   10.00    240.00     -2.42     2.56     3.76      0.0035    -60.60 LEFT    6.2343E-05   -210.95  1.1066E-04   -391.42
   15.00    240.00     -2.55     2.69     3.83      0.0076    -61.31 LEFT    6.1462E-05   -210.87  1.1231E-04   -391.91
   20.00    240.00     -2.71     2.85     3.92      0.0127    -62.22 LEFT    6.0286E-05   -210.78  1.1442E-04   -392.54
   25.00    240.00     -2.92     3.03     4.01      0.0183    -63.26 LEFT    5.8870E-05   -210.68  1.1677E-04   -393.28
   30.00    240.00     -3.16     3.20     4.10      0.0240    -64.34 LEFT    5.7275E-05   -210.57  1.1906E-04   -394.08
   35.00    240.00     -3.42     3.33     4.17      0.0293    -65.37 LEFT    5.5563E-05   -210.48  1.2095E-04   -394.90
   40.00    240.00     -3.70     3.41     4.18      0.0341    -66.27 LEFT    5.3790E-05   -210.42  1.2200E-04   -395.71
   45.00    240.00     -4.00     3.39     4.12      0.0381    -66.96 LEFT    5.1986E-05   -210.42  1.2174E-04   -396.47
   50.00    240.00     -4.31     3.24     3.94      0.0414    -67.36 LEFT    5.0149E-05   -210.50  1.1967E-04   -397.15
   55.00    240.00     -4.65     2.92     3.62      0.0438    -67.41 LEFT    4.8224E-05   -210.68  1.1528E-04   -397.74
   60.00    240.00     -5.05     2.36     3.08      0.0455    -67.03 LEFT    4.6087E-05   -210.99  1.0812E-04   -398.23
   65.00    240.00     -5.54     1.49     2.28      0.0463    -66.13 LEFT    4.3524E-05   -211.45  9.7844E-05   -398.60
   70.00    240.00     -6.23     0.19     1.08      0.0458    -64.59 LEFT    4.0199E-05   -212.09  8.4254E-05   -398.85
   75.00    240.00     -7.29    -1.75    -0.68      0.0432    -62.22 LEFT    3.5581E-05   -212.98  6.7343E-05   -398.97
   80.00    240.00     -9.13    -4.82    -3.45      0.0367    -58.73 LEFT    2.8789E-05   -214.22  4.7328E-05   -398.96
   85.00    240.00    -13.13   -10.48    -8.60      0.0228    -53.63 LEFT    1.8165E-05   -216.08  2.4659E-05   -398.82
   90.00    240.00   -999.99  -999.99  -999.99      0.0000      0.00         1.4240E-15   -399.19  1.4847E-15   -218.55
    0.00    245.00     -3.78     2.84     3.70      0.0000    -65.00 LINEAR  5.3312E-05   -211.01  1.1433E-04   -391.01
    5.00    245.00     -3.80     2.88     3.72      0.0008    -65.14 LEFT    5.3170E-05   -210.99  1.1474E-04   -391.11
   10.00    245.00     -3.87     2.97     3.78      0.0031    -65.53 LEFT    5.2752E-05   -210.95  1.1593E-04   -391.43
   15.00    245.00     -3.99     3.11     3.88      0.0067    -66.16 LEFT    5.2074E-05   -210.90  1.1781E-04   -391.93
   20.00    245.00     -4.14     3.28     4.00      0.0110    -66.95 LEFT    5.1166E-05   -210.82  1.2023E-04   -392.57
   25.00    245.00     -4.33     3.48     4.14      0.0158    -67.86 LEFT    5.0067E-05   -210.74  1.2295E-04   -393.33
   30.00    245.00     -4.55     3.66     4.28      0.0205    -68.79 LEFT    4.8820E-05   -210.66  1.2565E-04   -394.14
   35.00    245.00     -4.79     3.82     4.38      0.0249    -69.69 LEFT    4.7469E-05   -210.60  1.2794E-04   -394.98
   40.00    245.00     -5.05     3.92     4.44      0.0288    -70.46 LEFT    4.6054E-05   -210.58  1.2937E-04   -395.80
   45.00    245.00     -5.33     3.92     4.41      0.0320    -71.06 LEFT    4.4593E-05   -210.61  1.2940E-04   -396.57
   50.00    245.00     -5.63     3.79     4.26      0.0345    -71.42 LEFT    4.3081E-05   -210.73  1.2749E-04   -397.26
   55.00    245.00     -5.96     3.48     3.95      0.0365    -71.48 LEFT    4.1467E-05   -210.95  1.2307E-04   -397.87
   60.00    245.00     -6.35     2.94     3.43      0.0378    -71.18 LEFT    3.9648E-05   -211.30  1.1565E-04   -398.36
   65.00    245.00     -6.85     2.09     2.61      0.0384    -70.45 LEFT    3.7446E-05   -211.78  1.0483E-04   -398.74
   70.00    245.00     -7.54     0.80     1.40      0.0381    -69.16 LEFT    3.4575E-05   -212.45  9.0398E-05   -398.99
   75.00    245.00     -8.61    -1.13    -0.42      0.0361    -67.15 LEFT    3.0590E-05   -213.35  7.2333E-05   -399.12
   80.00    245.00    -10.45    -4.19    -3.27      0.0309    -64.11 LEFT    2.4740E-05   -214.61  5.0875E-05   -399.11
   85.00    245.00    -14.45    -9.85    -8.56      0.0191    -59.54 LEFT    1.5605E-05   -216.48  2.6520E-05   -398.98
   90.00    245.00   -999.99  -999.99  -999.99      0.0000      0.00         1.2232E-15   -399.58  1.5970E-15   -218.71
    0.00    250.00     -5.62     3.16     3.70      0.0000    -70.00 LINEAR  4.3145E-05   -211.01  1.1854E-04   -391.01
    5.00    250.00     -5.64     3.19     3.73      0.0007    -70.11 LEFT    4.3040E-05   -210.99  1.1899E-04   -391.12
   10.00    250.00     -5.70     3.29     3.80      0.0026    -70.45 LEFT    4.2731E-05   -210.96  1.2031E-04   -391.44
   15.00    250.00     -5.81     3.44     3.93      0.0055    -70.97 LEFT    4.2230E-05   -210.91  1.2240E-04   -391.94
   20.00    250.00     -5.95     3.63     4.08      0.0091    -71.63 LEFT    4.1555E-05   -210.85  1.2510E-04   -392.60
   25.00    250.00     -6.12     3.84     4.25      0.0130    -72.38 LEFT    4.0734E-05   -210.79  1.2815E-04   -393.37
   30.00    250.00     -6.32     4.04     4.42      0.0168    -73.15 LEFT    3.9796E-05   -210.73  1.3122E-04   -394.19
   35.00    250.00     -6.55     4.22     4.57      0.0202    -73.89 LEFT    3.8772E-05   -210.70  1.3389E-04   -395.04
   40.00    250.00     -6.79     4.33     4.65      0.0232    -74.53 LEFT    3.7685E-05   -210.71  1.3566E-04   -395.87
   45.00    250.00     -7.06     4.35     4.65      0.0257    -75.02 LEFT    3.6549E-05   -210.78  1.3598E-04   -396.65
   50.00    250.00     -7.35     4.24     4.53      0.0276    -75.32 LEFT    3.5354E-05   -210.93  1.3422E-04   -397.36
   55.00    250.00     -7.67     3.95     4.24      0.0290    -75.38 LEFT    3.4058E-05   -211.18  1.2981E-04   -397.97
   60.00    250.00     -8.06     3.42     3.72      0.0300    -75.16 LEFT    3.2578E-05   -211.56  1.2218E-04   -398.48
   65.00    250.00     -8.56     2.58     2.90      0.0305    -74.58 LEFT    3.0770E-05   -212.07  1.1091E-04   -398.86
   70.00    250.00     -9.25     1.30     1.67      0.0303    -73.56 LEFT    2.8405E-05   -212.75  9.5749E-05   -399.12
   75.00    250.00    -10.32    -0.62    -0.18      0.0288    -71.93 LEFT    2.5122E-05   -213.67  7.6686E-05   -399.25
   80.00    250.00    -12.16    -3.67    -3.10      0.0248    -69.42 LEFT    2.0310E-05   -214.94  5.3973E-05   -399.25
   85.00    250.00    -16.17    -9.33    -8.51      0.0151    -65.54 LEFT    1.2808E-05   -216.81  2.8146E-05   -399.11
   90.00    250.00   -999.99  -999.99  -999.99      0.0000      0.00         1.0039E-15   -399.92  1.6951E-15   -218.85
    0.00    255.00     -8.04     3.40     3.70      0.0000    -75.00 LINEAR  3.2649E-05   -211.01  1.2185E-04   -391.01
    5.00    255.00     -8.06     3.43     3.73      0.0005    -75.09 LEFT    3.2576E-05   -211.00  1.2234E-04   -391.12
   10.00    255.00     -8.12     3.53     3.82      0.0020    -75.35 LEFT    3.2361E-05   -210.97  1.2376E-04   -391.44
   15.00    255.00     -8.21     3.69     3.96      0.0043    -75.75 LEFT    3.2010E-05   -210.93  1.2603E-04   -391.96
   20.00    255.00     -8.34     3.89     4.14      0.0070    -76.26 LEFT    3.1537E-05   -210.88  1.2896E-04   -392.62
   25.00    255.00     -8.50     4.11     4.34      0.0099    -76.84 LEFT    3.0958E-05   -210.83  1.3229E-04   -393.40
   30.00    255.00     -8.69     4.33     4.54      0.0128    -77.43 LEFT    3.0292E-05   -210.79  1.3567E-04   -394.23
   35.00    255.00     -8.90     4.52     4.71      0.0153    -78.00 LEFT    2.9559E-05   -210.78  1.3866E-04   -395.09
   40.00    255.00     -9.14     4.65     4.83      0.0175    -78.49 LEFT    2.8774E-05   -210.81  1.4073E-04   -395.93
   45.00    255.00     -9.39     4.68     4.85      0.0193    -78.86 LEFT    2.7942E-05   -210.91  1.4129E-04   -396.72
   50.00    255.00     -9.67     4.58     4.74      0.0206    -79.10 LEFT    2.7056E-05   -211.09  1.3969E-04   -397.44
   55.00    255.00     -9.99     4.31     4.47      0.0217    -79.15 LEFT    2.6083E-05   -211.37  1.3528E-04   -398.06
   60.00    255.00    -10.37     3.79     3.96      0.0223    -78.99 LEFT    2.4958E-05   -211.76  1.2750E-04   -398.57
   65.00    255.00    -10.87     2.96     3.14      0.0227    -78.57 LEFT    2.3574E-05   -212.30  1.1587E-04   -398.96
   70.00    255.00    -11.57     1.69     1.89      0.0225    -77.80 LEFT    2.1758E-05   -213.00  1.0013E-04   -399.22
   75.00    255.00    -12.63    -0.23     0.01      0.0214    -76.57 LEFT    1.9238E-05   -213.93  8.0254E-05   -399.35
   80.00    255.00    -14.48    -3.28    -2.96      0.0185    -74.65 LEFT    1.5549E-05   -215.20  5.6515E-05   -399.35
   85.00    255.00    -18.49    -8.93    -8.47      0.0112    -71.62 LEFT    9.8030E-06   -217.08  2.9481E-05   -399.22
   90.00    255.00   -999.99  -999.99  -999.99      0.0000      0.00         7.6828E-16   -400.19  1.7757E-15   -218.96
    0.00    260.00    -11.51     3.57     3.70      0.0000    -80.00 LINEAR  2.1905E-05   -211.01  1.2423E-04   -391.01
    5.00    260.00    -11.53     3.60     3.73      0.0004    -80.06 LEFT    2.1859E-05   -211.00  1.2474E-04   -391.12
   10.00    260.00    -11.58     3.71     3.83      0.0014    -80.24 LEFT    2.1724E-05   -210.97  1.2625E-04   -391.45
   15.00    260.00    -11.67     3.87     3.99      0.0029    -80.51 LEFT    2.1503E-05   -210.94  1.2865E-04   -391.96
   20.00    260.00    -11.79     4.08     4.19      0.0048    -80.86 LEFT    2.1204E-05   -210.90  1.3176E-04   -392.64
   25.00    260.00    -11.94     4.31     4.41      0.0067    -81.25 LEFT    2.0836E-05   -210.86  1.3530E-04   -393.42
   30.00    260.00    -12.12     4.54     4.63      0.0086    -81.66 LEFT    2.0411E-05   -210.83  1.3891E-04   -394.26
   35.00    260.00    -12.32     4.74     4.82      0.0103    -82.04 LEFT    1.9941E-05   -210.84  1.4215E-04   -395.13
   40.00    260.00    -12.55     4.88     4.95      0.0117    -82.37 LEFT    1.9432E-05   -210.89  1.4445E-04   -395.98
   45.00    260.00    -12.79     4.92     4.99      0.0129    -82.62 LEFT    1.8889E-05   -211.01  1.4519E-04   -396.77
   50.00    260.00    -13.07     4.83     4.90      0.0137    -82.78 LEFT    1.8303E-05   -211.21  1.4371E-04   -397.49
   55.00    260.00    -13.38     4.56     4.63      0.0144    -82.83 LEFT    1.7654E-05   -211.50  1.3933E-04   -398.12
   60.00    260.00    -13.76     4.06     4.13      0.0148    -82.72 LEFT    1.6897E-05   -211.91  1.3144E-04   -398.63
   65.00    260.00    -14.26     3.23     3.31      0.0150    -82.44 LEFT    1.5960E-05   -212.46  1.1955E-04   -399.02
   70.00    260.00    -14.95     1.97     2.06      0.0149    -81.93 LEFT    1.4730E-05   -213.17  1.0338E-04   -399.29
   75.00    260.00    -16.03     0.05     0.16      0.0142    -81.11 LEFT    1.3021E-05   -214.11  8.2905E-05   -399.43
   80.00    260.00    -17.88    -2.99    -2.85      0.0123    -79.81 LEFT    1.0522E-05   -215.40  5.8405E-05   -399.43
   85.00    260.00    -21.88    -8.64    -8.44      0.0073    -77.73 LEFT    6.6325E-06   -217.28  3.0474E-05   -399.30
   90.00    260.00   -999.99  -999.99  -999.99      0.0000      0.00         5.1977E-16   -400.40  1.8357E-15   -219.03
    0.00    265.00    -17.49     3.67     3.70      0.0000    -85.00 LINEAR  1.0994E-05   -211.01  1.2567E-04   -391.01
    5.00    265.00    -17.51     3.70     3.74      0.0002    -85.03 LEFT    1.0972E-05   -211.00  1.2620E-04   -391.12
   10.00    265.00    -17.56     3.81     3.84      0.0007    -85.12 LEFT    1.0907E-05   -210.98  1.2776E-04   -391.45
   15.00    265.00    -17.65     3.98     4.01      0.0015    -85.26 LEFT    1.0801E-05   -210.94  1.3024E-04   -391.97
   20.00    265.00    -17.77     4.19     4.22      0.0024    -85.44 LEFT    1.0656E-05   -210.91  1.3345E-04   -392.65
   25.00    265.00    -17.91     4.42     4.45      0.0034    -85.63 LEFT    1.0478E-05   -210.88  1.3712E-04   -393.43
   30.00    265.00    -18.09     4.66     4.68      0.0043    -85.84 LEFT    1.0272E-05   -210.86  1.4089E-04   -394.28
   35.00    265.00    -18.28     4.87     4.89      0.0052    -86.03 LEFT    1.0042E-05   -210.88  1.4427E-04   -395.15
   40.00    265.00    -18.50     5.01     5.03      0.0059    -86.20 LEFT    9.7923E-06   -210.94  1.4672E-04   -396.00
   45.00    265.00    -18.74     5.06     5.08      0.0064    -86.33 LEFT    9.5241E-06   -211.07  1.4759E-04   -396.80
   50.00    265.00    -19.01     4.98     5.00      0.0068    -86.41 LEFT    9.2331E-06   -211.28  1.4618E-04   -397.53
   55.00    265.00    -19.32     4.72     4.73      0.0072    -86.43 LEFT    8.9082E-06   -211.58  1.4182E-04   -398.15
   60.00    265.00    -19.70     4.21     4.23      0.0074    -86.38 LEFT    8.5276E-06   -212.01  1.3386E-04   -398.67
   65.00    265.00    -20.20     3.40     3.41      0.0075    -86.24 LEFT    8.0552E-06   -212.56  1.2181E-04   -399.07
   70.00    265.00    -20.89     2.14     2.16      0.0074    -85.99 LEFT    7.4336E-06   -213.28  1.0538E-04   -399.33
   75.00    265.00    -21.97     0.22     0.25      0.0071    -85.57 LEFT    6.5705E-06   -214.23  8.4538E-05   -399.47
   80.00    265.00    -23.82    -2.82    -2.78      0.0061    -84.92 LEFT    5.3086E-06   -215.52  5.9570E-05   -399.47
   85.00    265.00    -27.83    -8.47    -8.42      0.0036    -83.86 LEFT    3.3461E-06   -217.40  3.1087E-05   -399.34
   90.00    265.00   -999.99  -999.99  -999.99      0.0000      0.00         2.6222E-16   -400.52  1.8727E-15   -219.08
    0.00    270.00   -999.99     3.70     3.70      0.0000     90.00 LINEAR  1.9313E-15   -391.01  1.2615E-04   -391.01
    5.00    270.00   -999.99     3.74     3.74      0.0000    -90.00 LINEAR  4.3893E-15   -138.10  1.2668E-04   -391.12
   10.00    270.00   -199.09     3.84     3.84      0.0000    -90.00 LINEAR  9.1552E-15   -150.05  1.2826E-04   -391.45
   15.00    270.00   -195.83     4.01     4.01      0.0000    -90.00 LINEAR  1.3318E-14   -155.04  1.3077E-04   -391.97
   20.00    270.00   -193.98     4.22     4.22      0.0000    -90.00 LINEAR  1.6469E-14   -159.40  1.3402E-04   -392.65
   25.00    270.00   -193.05     4.46     4.46      0.0000    -90.00 LINEAR  1.8334E-14   -164.74  1.3774E-04   -393.44
   30.00    270.00   -192.84     4.70     4.70      0.0000    -90.00 LINEAR  1.8796E-14   -172.39  1.4155E-04   -394.29
   35.00    270.00   -193.17     4.91     4.91      0.0000    -90.00 LINEAR  1.8085E-14   -184.34  1.4499E-04   -395.16
   40.00    270.00   -193.63     5.06     5.06      0.0000    -90.00 LINEAR  1.7163E-14   -203.28  1.4748E-04   -396.01
   45.00    270.00   -193.19     5.11     5.11      0.0000    -90.00 LINEAR  1.8044E-14   -229.08  1.4839E-04   -396.81
   50.00    270.00   -191.27     5.03     5.03      0.0000    -90.00 LINEAR  2.2500E-14   -253.60  1.4701E-04   -397.54
   55.00    270.00   -188.76     4.77     4.77      0.0000    -90.00 LINEAR  3.0064E-14   -270.52  1.4265E-04   -398.17
   60.00    270.00   -186.50     4.27     4.27      0.0000    -90.00 LINEAR  3.8969E-14   -281.08  1.3468E-04   -398.68
   65.00    270.00   -184.82     3.45     3.45      0.0000    -90.00 LINEAR  4.7318E-14   -287.85  1.2258E-04   -399.08
   70.00    270.00   -183.80     2.19     2.19      0.0000    -90.00 LINEAR  5.3180E-14   -292.47  1.0606E-04   -399.35
   75.00    270.00   -183.60     0.28     0.28      0.0000    -90.00 LINEAR  5.4461E-14   -295.89  8.5090E-05   -399.49
   80.00    270.00   -184.57    -2.76    -2.76      0.0000    -90.00 LINEAR  4.8715E-14   -298.69  5.9964E-05   -399.49
   85.00    270.00   -188.06    -8.41    -8.41      0.0000    -90.00 LINEAR  3.2594E-14   -301.40  3.1294E-05   -399.36
   90.00    270.00   -999.99  -999.99  -999.99      0.0000      0.00         1.2898E-20   -310.22  1.8852E-15   -219.09
    0.00    275.00    -17.49     3.67     3.70      0.0000     85.00 LINEAR  1.0994E-05   -391.01  1.2567E-04   -391.01
    5.00    275.00    -17.51     3.70     3.74      0.0002     85.03 RIGHT   1.0972E-05   -391.00  1.2620E-04   -391.12
   10.00    275.00    -17.56     3.81     3.84      0.0007     85.12 RIGHT   1.0907E-05   -390.98  1.2776E-04   -391.45
   15.00    275.00    -17.65     3.98     4.01      0.0015     85.26 RIGHT   1.0801E-05   -390.94  1.3024E-04   -391.97
   20.00    275.00    -17.77     4.19     4.22      0.0024     85.44 RIGHT   1.0656E-05   -390.91  1.3345E-04   -392.65
   25.00    275.00    -17.91     4.42     4.45      0.0034     85.63 RIGHT   1.0478E-05   -390.88  1.3712E-04   -393.43
   30.00    275.00    -18.09     4.66     4.68      0.0043     85.84 RIGHT   1.0272E-05   -390.86  1.4089E-04   -394.28
   35.00    275.00    -18.28     4.87     4.89      0.0052     86.03 RIGHT   1.0042E-05   -390.88  1.4427E-04   -395.15
   40.00    275.00    -18.50     5.01     5.03      0.0059     86.20 RIGHT   9.7923E-06   -390.94  1.4672E-04   -396.00
   45.00    275.00    -18.74     5.06     5.08      0.0064     86.33 RIGHT   9.5241E-06   -391.07  1.4759E-04   -396.80
   50.00    275.00    -19.01     4.98     5.00      0.0068     86.41 RIGHT   9.2331E-06   -391.28  1.4618E-04   -397.53
   55.00    275.00    -19.32     4.72     4.73      0.0072     86.43 RIGHT   8.9082E-06   -391.58  1.4182E-04   -398.15
   60.00    275.00    -19.70     4.21     4.23      0.0074     86.38 RIGHT   8.5276E-06   -392.01  1.3386E-04   -398.67
   65.00    275.00    -20.20     3.40     3.41      0.0075     86.24 RIGHT   8.0552E-06   -392.56  1.2181E-04   -399.07
   70.00    275.00    -20.89     2.14     2.16      0.0074     85.99 RIGHT   7.4336E-06   -393.28  1.0538E-04   -399.33
   75.00    275.00    -21.97     0.22     0.25      0.0071     85.57 RIGHT   6.5705E-06   -394.23  8.4538E-05   -399.47
   80.00    275.00    -23.82    -2.82    -2.78      0.0061     84.92 RIGHT   5.3086E-06   -395.52  5.9570E-05   -399.47
   85.00    275.00    -27.83    -8.47    -8.42      0.0036     83.86 RIGHT   3.3461E-06   -397.40  3.1087E-05   -399.34
   90.00    275.00   -999.99  -999.99  -999.99      0.0000      0.00         2.6221E-16   -220.51  1.8727E-15   -219.08
    0.00    280.00    -11.51     3.57     3.70      0.0000     80.00 LINEAR  2.1905E-05   -391.01  1.2423E-04   -391.01
    5.00    280.00    -11.53     3.60     3.73      0.0004     80.06 RIGHT   2.1859E-05   -391.00  1.2474E-04   -391.12
   10.00    280.00    -11.58     3.71     3.83      0.0014     80.24 RIGHT   2.1724E-05   -390.97  1.2625E-04   -391.45
   15.00    280.00    -11.67     3.87     3.99      0.0029     80.51 RIGHT   2.1503E-05   -390.94  1.2865E-04   -391.96
   20.00    280.00    -11.79     4.08     4.19      0.0048     80.86 RIGHT   2.1204E-05   -390.90  1.3176E-04   -392.64
   25.00    280.00    -11.94     4.31     4.41      0.0067     81.25 RIGHT   2.0836E-05   -390.86  1.3530E-04   -393.42
   30.00    280.00    -12.12     4.54     4.63      0.0086     81.66 RIGHT   2.0411E-05   -390.83  1.3891E-04   -394.26
   35.00    280.00    -12.32     4.74     4.82      0.0103     82.04 RIGHT   1.9941E-05   -390.84  1.4215E-04   -395.13
   40.00    280.00    -12.55     4.88     4.95      0.0117     82.37 RIGHT   1.9432E-05   -390.89  1.4445E-04   -395.98
   45.00    280.00    -12.79     4.92     4.99      0.0129     82.62 RIGHT   1.8889E-05   -391.01  1.4519E-04   -396.77
   50.00    280.00    -13.07     4.83     4.90      0.0137     82.78 RIGHT   1.8303E-05   -391.21  1.4371E-04   -397.49
   55.00    280.00    -13.38     4.56     4.63      0.0144     82.83 RIGHT   1.7654E-05   -391.50  1.3933E-04   -398.12
   60.00    280.00    -13.76     4.06     4.13      0.0148     82.72 RIGHT   1.6897E-05   -391.91  1.3144E-04   -398.63
   65.00    280.00    -14.26     3.23     3.31      0.0150     82.44 RIGHT   1.5960E-05   -392.46  1.1955E-04   -399.02
   70.00    280.00    -14.95     1.97     2.06      0.0149     81.93 RIGHT   1.4730E-05   -393.17  1.0338E-04   -399.29
   75.00    280.00    -16.03     0.05     0.16      0.0142     81.11 RIGHT   1.3021E-05   -394.11  8.2905E-05   -399.43
   80.00    280.00    -17.88    -2.99    -2.85      0.0123     79.81 RIGHT   1.0522E-05   -395.40  5.8405E-05   -399.43
   85.00    280.00    -21.88    -8.64    -8.44      0.0073     77.73 RIGHT   6.6325E-06   -397.28  3.0474E-05   -399.30
   90.00    280.00   -999.99  -999.99  -999.99      0.0000      0.00         5.1977E-16   -220.40  1.8357E-15   -219.03
    0.00    285.00     -8.04     3.40     3.70      0.0000     75.00 LINEAR  3.2649E-05   -391.01  1.2185E-04   -391.01
    5.00    285.00     -8.06     3.43     3.73      0.0005     75.09 RIGHT   3.2576E-05   -391.00  1.2234E-04   -391.12
   10.00    285.00     -8.12     3.53     3.82      0.0020     75.35 RIGHT   3.2361E-05   -390.97  1.2376E-04   -391.44
   15.00    285.00     -8.21     3.69     3.96      0.0043     75.75 RIGHT   3.2010E-05   -390.93  1.2603E-04   -391.96
   20.00    285.00     -8.34     3.89     4.14      0.0070     76.26 RIGHT   3.1537E-05   -390.88  1.2896E-04   -392.62
   25.00    285.00     -8.50     4.11     4.34      0.0099     76.84 RIGHT   3.0958E-05   -390.83  1.3229E-04   -393.40
   30.00    285.00     -8.69     4.33     4.54      0.0128     77.43 RIGHT   3.0292E-05   -390.79  1.3567E-04   -394.23
   35.00    285.00     -8.90     4.52     4.71      0.0153     78.00 RIGHT   2.9559E-05   -390.78  1.3866E-04   -395.09
   40.00    285.00     -9.14     4.65     4.83      0.0175     78.49 RIGHT   2.8774E-05   -390.81  1.4073E-04   -395.93
   45.00    285.00     -9.39     4.68     4.85      0.0193     78.86 RIGHT   2.7942E-05   -390.91  1.4129E-04   -396.72
   50.00    285.00     -9.67     4.58     4.74      0.0206     79.10 RIGHT   2.7056E-05   -391.09  1.3969E-04   -397.44
   55.00    285.00     -9.99     4.31     4.47      0.0217     79.15 RIGHT   2.6083E-05   -391.37  1.3528E-04   -398.06
   60.00    285.00    -10.37     3.79     3.96      0.0223     78.99 RIGHT   2.4958E-05   -391.76  1.2750E-04   -398.57
   65.00    285.00    -10.87     2.96     3.14      0.0227     78.57 RIGHT   2.3574E-05   -392.30  1.1587E-04   -398.96
   70.00    285.00    -11.57     1.69     1.89      0.0225     77.80 RIGHT   2.1758E-05   -393.00  1.0013E-04   -399.22
   75.00    285.00    -12.63    -0.23     0.01      0.0214     76.57 RIGHT   1.9238E-05   -393.93  8.0254E-05   -399.35
   80.00    285.00    -14.48    -3.28    -2.96      0.0185     74.65 RIGHT   1.5549E-05   -395.20  5.6515E-05   -399.35
   85.00    285.00    -18.49    -8.93    -8.47      0.0112     71.62 RIGHT   9.8030E-06   -397.08  2.9481E-05   -399.22
   90.00    285.00   -999.99  -999.99  -999.99      0.0000      0.00         7.6827E-16   -220.20  1.7757E-15   -218.95
    0.00    290.00     -5.62     3.16     3.70      0.0000     70.00 LINEAR  4.3145E-05   -391.01  1.1854E-04   -391.01
    5.00    290.00     -5.64     3.19     3.73      0.0007     70.11 RIGHT   4.3040E-05   -390.99  1.1899E-04   -391.12
   10.00    290.00     -5.70     3.29     3.80      0.0026     70.45 RIGHT   4.2731E-05   -390.96  1.2031E-04   -391.44
   15.00    290.00     -5.81     3.44     3.93      0.0055     70.97 RIGHT   4.2230E-05   -390.91  1.2240E-04   -391.94
   20.00    290.00     -5.95     3.63     4.08      0.0091     71.63 RIGHT   4.1555E-05   -390.85  1.2510E-04   -392.60
   25.00    290.00     -6.12     3.84     4.25      0.0130     72.38 RIGHT   4.0734E-05   -390.79  1.2815E-04   -393.37
   30.00    290.00     -6.32     4.04     4.42      0.0168     73.15 RIGHT   3.9796E-05   -390.73  1.3122E-04   -394.19
   35.00    290.00     -6.55     4.22     4.57      0.0202     73.89 RIGHT   3.8772E-05   -390.70  1.3389E-04   -395.04
   40.00    290.00     -6.79     4.33     4.65      0.0232     74.53 RIGHT   3.7685E-05   -390.71  1.3566E-04   -395.87
   45.00    290.00     -7.06     4.35     4.65      0.0257     75.02 RIGHT   3.6549E-05   -390.78  1.3598E-04   -396.65
   50.00    290.00     -7.35     4.24     4.53      0.0276     75.32 RIGHT   3.5354E-05   -390.93  1.3422E-04   -397.36
   55.00    290.00     -7.67     3.95     4.24      0.0290     75.38 RIGHT   3.4058E-05   -391.18  1.2981E-04   -397.97
   60.00    290.00     -8.06     3.42     3.72      0.0300     75.16 RIGHT   3.2578E-05   -391.56  1.2218E-04   -398.48
   65.00    290.00     -8.56     2.58     2.90      0.0305     74.58 RIGHT   3.0770E-05   -392.07  1.1091E-04   -398.86
   70.00    290.00     -9.25     1.30     1.67      0.0303     73.56 RIGHT   2.8405E-05   -392.75  9.5749E-05   -399.12
   75.00    290.00    -10.32    -0.62    -0.18      0.0288     71.93 RIGHT   2.5122E-05   -393.67  7.6686E-05   -399.25
   80.00    290.00    -12.16    -3.67    -3.10      0.0248     69.42 RIGHT   2.0310E-05   -394.94  5.3973E-05   -399.25
   85.00    290.00    -16.17    -9.33    -8.51      0.0151     65.54 RIGHT   1.2808E-05   -396.81  2.8146E-05   -399.11
   90.00    290.00   -999.99  -999.99  -999.99      0.0000      0.00         1.0039E-15   -219.92  1.6951E-15   -218.85
    0.00    295.00     -3.78     2.84     3.70      0.0000     65.00 LINEAR  5.3312E-05   -391.01  1.1433E-04   -391.01
    5.00    295.00     -3.80     2.88     3.72      0.0008     65.14 RIGHT   5.3170E-05   -390.99  1.1474E-04   -391.11
   10.00    295.00     -3.87     2.97     3.78      0.0031     65.53 RIGHT   5.2752E-05   -390.95  1.1593E-04   -391.43
   15.00    295.00     -3.99     3.11     3.88      0.0067     66.16 RIGHT   5.2074E-05   -390.90  1.1781E-04   -391.93
   20.00    295.00     -4.14     3.28     4.00      0.0110     66.95 RIGHT   5.1166E-05   -390.82  1.2023E-04   -392.57
   25.00    295.00     -4.33     3.48     4.14      0.0158     67.86 RIGHT   5.0067E-05   -390.74  1.2295E-04   -393.33
   30.00    295.00     -4.55     3.66     4.28      0.0205     68.79 RIGHT   4.8820E-05   -390.66  1.2565E-04   -394.14
   35.00    295.00     -4.79     3.82     4.38      0.0249     69.69 RIGHT   4.7469E-05   -390.60  1.2794E-04   -394.98
   40.00    295.00     -5.05     3.92     4.44      0.0288     70.46 RIGHT   4.6054E-05   -390.58  1.2937E-04   -395.80
   45.00    295.00     -5.33     3.92     4.41      0.0320     71.06 RIGHT   4.4593E-05   -390.61  1.2940E-04   -396.57
   50.00    295.00     -5.63     3.79     4.26      0.0345     71.42 RIGHT   4.3081E-05   -390.73  1.2749E-04   -397.26
   55.00    295.00     -5.96     3.48     3.95      0.0365     71.48 RIGHT   4.1467E-05   -390.95  1.2307E-04   -397.87
   60.00    295.00     -6.35     2.94     3.43      0.0378     71.18 RIGHT   3.9648E-05   -391.30  1.1565E-04   -398.36
   65.00    295.00     -6.85     2.09     2.61      0.0384     70.45 RIGHT   3.7446E-05   -391.78  1.0483E-04   -398.74
   70.00    295.00     -7.54     0.80     1.40      0.0381     69.16 RIGHT   3.4575E-05   -392.45  9.0398E-05   -398.99
   75.00    295.00     -8.61    -1.13    -0.42      0.0361     67.15 RIGHT   3.0590E-05   -393.35  7.2333E-05   -399.12
   80.00    295.00    -10.45    -4.19    -3.27      0.0309     64.11 RIGHT   2.4740E-05   -394.61  5.0875E-05   -399.11
   85.00    295.00    -14.45    -9.85    -8.56      0.0191     59.54 RIGHT   1.5605E-05   -396.48  2.6520E-05   -398.98
   90.00    295.00   -999.99  -999.99  -999.99      0.0000      0.00         1.2232E-15   -219.58  1.5970E-15   -218.71
    0.00    300.00     -2.32     2.45     3.70      0.0000     60.00 LINEAR  6.3073E-05   -391.01  1.0925E-04   -391.01
    5.00    300.00     -2.35     2.48     3.71      0.0009     60.15 RIGHT   6.2889E-05   -390.99  1.0961E-04   -391.11
   10.00    300.00     -2.42     2.56     3.76      0.0035     60.60 RIGHT   6.2343E-05   -390.95  1.1066E-04   -391.42
   15.00    300.00     -2.55     2.69     3.83      0.0076     61.31 RIGHT   6.1462E-05   -390.87  1.1231E-04   -391.91
   20.00    300.00     -2.71     2.85     3.92      0.0127     62.22 RIGHT   6.0286E-05   -390.78  1.1442E-04   -392.54
   25.00    300.00     -2.92     3.03     4.01      0.0183     63.26 RIGHT   5.8870E-05   -390.68  1.1677E-04   -393.28
   30.00    300.00     -3.16     3.20     4.10      0.0240     64.34 RIGHT   5.7275E-05   -390.57  1.1906E-04   -394.08
   35.00    300.00     -3.42     3.33     4.17      0.0293     65.37 RIGHT   5.5563E-05   -390.48  1.2095E-04   -394.90
   40.00    300.00     -3.70     3.41     4.18      0.0341     66.27 RIGHT   5.3790E-05   -390.42  1.2200E-04   -395.71
   45.00    300.00     -4.00     3.39     4.12      0.0381     66.96 RIGHT   5.1986E-05   -390.42  1.2174E-04   -396.47
   50.00    300.00     -4.31     3.24     3.94      0.0414     67.36 RIGHT   5.0149E-05   -390.50  1.1967E-04   -397.15
   55.00    300.00     -4.65     2.92     3.62      0.0438     67.41 RIGHT   4.8224E-05   -390.68  1.1528E-04   -397.74
   60.00    300.00     -5.05     2.36     3.08      0.0455     67.03 RIGHT   4.6087E-05   -390.99  1.0812E-04   -398.23
   65.00    300.00     -5.54     1.49     2.28      0.0463     66.13 RIGHT   4.3524E-05   -391.45  9.7844E-05   -398.60
   70.00    300.00     -6.23     0.19     1.08      0.0458     64.59 RIGHT   4.0199E-05   -392.09  8.4254E-05   -398.85
   75.00    300.00     -7.29    -1.75    -0.68      0.0432     62.22 RIGHT   3.5581E-05   -392.98  6.7343E-05   -398.97
   80.00    300.00     -9.13    -4.82    -3.45      0.0367     58.73 RIGHT   2.8789E-05   -394.22  4.7328E-05   -398.96
   85.00    300.00    -13.13   -10.48    -8.60      0.0228     53.63 RIGHT   1.8165E-05   -396.08  2.4659E-05   -398.82
   90.00    300.00   -999.99  -999.99  -999.99      0.0000      0.00         1.4240E-15   -219.19  1.4846E-15   -218.55
    0.00    305.00     -1.13     1.97     3.70      0.0000     55.00 LINEAR  7.2355E-05   -391.01  1.0333E-04   -391.01
    5.00    305.00     -1.16     1.99     3.71      0.0010     55.17 RIGHT   7.2121E-05   -390.99  1.0364E-04   -391.11
   10.00    305.00     -1.24     2.07     3.73      0.0039     55.66 RIGHT   7.1431E-05   -390.94  1.0454E-04   -391.41
   15.00    305.00     -1.38     2.18     3.77      0.0083     56.43 RIGHT   7.0320E-05   -390.85  1.0595E-04   -391.89
   20.00    305.00     -1.56     2.33     3.82      0.0140     57.43 RIGHT   6.8842E-05   -390.74  1.0774E-04   -392.51
   25.00    305.00     -1.79     2.49     3.87      0.0204     58.57 RIGHT   6.7072E-05   -390.61  1.0970E-04   -393.23
   30.00    305.00     -2.05     2.63     3.91      0.0269     59.77 RIGHT   6.5092E-05   -390.47  1.1158E-04   -394.02
   35.00    305.00     -2.33     2.75     3.92      0.0332     60.91 RIGHT   6.2986E-05   -390.34  1.1304E-04   -394.82
   40.00    305.00     -2.64     2.80     3.89      0.0390     61.92 RIGHT   6.0829E-05   -390.24  1.1372E-04   -395.61
   45.00    305.00     -2.95     2.76     3.79      0.0439     62.68 RIGHT   5.8666E-05   -390.20  1.1317E-04   -396.35
   50.00    305.00     -3.28     2.59     3.59      0.0479     63.11 RIGHT   5.6501E-05   -390.24  1.1096E-04   -397.02
   55.00    305.00     -3.63     2.24     3.24      0.0510     63.13 RIGHT   5.4274E-05   -390.38  1.0664E-04   -397.60
   60.00    305.00     -4.02     1.66     2.70      0.0530     62.66 RIGHT   5.1842E-05   -390.65  9.9800E-05   -398.08
   65.00    305.00     -4.52     0.78     1.90      0.0539     61.60 RIGHT   4.8957E-05   -391.08  9.0148E-05   -398.44
   70.00    305.00     -5.21    -0.53     0.74      0.0531     59.82 RIGHT   4.5231E-05   -391.69  7.7506E-05   -398.68
   75.00    305.00     -6.27    -2.49    -0.97      0.0496     57.15 RIGHT   4.0055E-05   -392.56  6.1872E-05   -398.79
   80.00    305.00     -8.10    -5.56    -3.64      0.0417     53.29 RIGHT   3.2424E-05   -393.79  4.3444E-05   -398.78
   85.00    305.00    -12.10   -11.23    -8.63      0.0260     47.87 RIGHT   2.0466E-05   -395.65  2.2623E-05   -398.64
   90.00    305.00   -999.99  -999.99  -999.99      0.0000      0.00         1.6046E-15   -218.75  1.3619E-15   -218.37
    0.00    310.00     -0.14     1.38     3.70      0.0000     50.00 LINEAR  8.1085E-05   -391.01  9.6634E-05   -391.01
    5.00    310.00     -0.17     1.41     3.70      0.0010     50.18 RIGHT   8.0797E-05   -390.99  9.6891E-05   -391.11
   10.00    310.00     -0.26     1.47     3.70      0.0041     50.69 RIGHT   7.9948E-05   -390.93  9.7640E-05   -391.40
   15.00    310.00     -0.41     1.58     3.71      0.0088     51.51 RIGHT   7.8583E-05   -390.83  9.8807E-05   -391.87
   20.00    310.00     -0.61     1.70     3.71      0.0150     52.56 RIGHT   7.6774E-05   -390.70  1.0027E-04   -392.47
   25.00    310.00     -0.86     1.84     3.71      0.0220     53.78 RIGHT   7.4617E-05   -390.54  1.0185E-04   -393.18
   30.00    310.00     -1.15     1.96     3.69      0.0293     55.06 RIGHT   7.2221E-05   -390.37  1.0331E-04   -393.94
   35.00    310.00     -1.45     2.05     3.65      0.0366     56.30 RIGHT   6.9693E-05   -390.20  1.0437E-04   -394.73
   40.00    310.00     -1.78     2.08     3.58      0.0432     57.38 RIGHT   6.7132E-05   -390.05  1.0469E-04   -395.50
   45.00    310.00     -2.11     2.01     3.43      0.0491     58.19 RIGHT   6.4600E-05   -389.96  1.0388E-04   -396.23
   50.00    310.00     -2.46     1.82     3.20      0.0539     58.64 RIGHT   6.2107E-05   -389.95  1.0157E-04   -396.88
   55.00    310.00     -2.81     1.45     2.83      0.0576     58.63 RIGHT   5.9591E-05   -390.05  9.7362E-05   -397.45
   60.00    310.00     -3.22     0.85     2.29      0.0599     58.06 RIGHT   5.6890E-05   -390.28  9.0910E-05   -397.91
   65.00    310.00     -3.71    -0.05     1.51      0.0608     56.85 RIGHT   5.3724E-05   -390.67  8.1952E-05   -398.26
   70.00    310.00     -4.40    -1.37     0.38      0.0595     54.85 RIGHT   4.9653E-05   -391.26  7.0340E-05   -398.49
   75.00    310.00     -5.45    -3.34    -1.26      0.0550     51.93 RIGHT   4.3994E-05   -392.11  5.6076E-05   -398.60
   80.00    310.00     -7.28    -6.42    -3.82      0.0456     47.84 RIGHT   3.5633E-05   -393.33  3.9336E-05   -398.58
   85.00    310.00    -11.27   -12.10    -8.66      0.0283     42.29 RIGHT   2.2500E-05   -395.17  2.0472E-05   -398.43
   90.00    310.00   -999.99  -999.99  -999.99      0.0000      0.00         1.7644E-15   -218.27  1.2321E-15   -218.17
    0.00    315.00      0.69     0.69     3.70      0.0000     45.00 LINEAR  8.9199E-05   -391.01  8.9199E-05   -391.01
    5.00    315.00      0.65     0.71     3.69      0.0011     45.18 RIGHT   8.8852E-05   -390.98  8.9407E-05   -391.10
   10.00    315.00      0.55     0.77     3.67      0.0041     45.70 RIGHT   8.7831E-05   -390.91  9.0009E-05   -391.39
   15.00    315.00      0.39     0.86     3.64      0.0091     46.54 RIGHT   8.6194E-05   -390.80  9.0941E-05   -391.84
   20.00    315.00      0.17     0.97     3.60      0.0155     47.62 RIGHT   8.4032E-05   -390.65  9.2094E-05   -392.43
   25.00    315.00     -0.10     1.08     3.54      0.0230     48.88 RIGHT   8.1465E-05   -390.46  9.3310E-05   -393.12
   30.00    315.00     -0.41     1.18     3.47      0.0310     50.21 RIGHT   7.8629E-05   -390.26  9.4386E-05   -393.87
   35.00    315.00     -0.74     1.24     3.37      0.0391     51.51 RIGHT   7.5662E-05   -390.05  9.5069E-05   -394.64
   40.00    315.00     -1.09     1.24     3.24      0.0466     52.63 RIGHT   7.2684E-05   -389.85  9.5067E-05   -395.39
   45.00    315.00     -1.44     1.15     3.05      0.0534     53.48 RIGHT   6.9779E-05   -389.71  9.4055E-05   -396.10
   50.00    315.00     -1.80     0.93     2.79      0.0590     53.92 RIGHT   6.6966E-05   -389.65  9.1696E-05   -396.74
   55.00    315.00     -2.17     0.54     2.40      0.0632     53.86 RIGHT   6.4177E-05   -389.70  8.7658E-05   -397.29
   60.00    315.00     -2.58    -0.08     1.86      0.0658     53.20 RIGHT   6.1235E-05   -389.89  8.1650E-05   -397.73
   65.00    315.00     -3.08    -1.00     1.10      0.0665     51.85 RIGHT   5.7829E-05   -390.24  7.3448E-05   -398.07
   70.00    315.00     -3.76    -2.34     0.02      0.0645     49.69 RIGHT   5.3468E-05   -390.81  6.2928E-05   -398.29
   75.00    315.00     -4.80    -4.32    -1.55      0.0589     46.59 RIGHT   4.7402E-05   -391.63  5.0097E-05   -398.39
   80.00    315.00     -6.63    -7.41    -3.99      0.0480     42.41 RIGHT   3.8415E-05   -392.84  3.5106E-05   -398.36
   85.00    315.00    -10.62   -13.09    -8.67      0.0296     36.94 RIGHT   2.4267E-05   -394.68  1.8259E-05   -398.22
   90.00    315.00   -999.99  -999.99  -999.99      0.0000      0.00         1.9032E-15   -217.78  1.0987E-15   -217.95
    0.00    320.00      1.38    -0.14     3.70      0.0000     40.00 LINEAR  9.6634E-05   -391.01  8.1085E-05   -391.01
    5.00    320.00      1.35    -0.12     3.68      0.0010     40.18 RIGHT   9.6226E-05   -390.98  8.1247E-05   -391.10
   10.00    320.00      1.24    -0.07     3.64      0.0041     40.69 RIGHT   9.5026E-05   -390.90  8.1714E-05   -391.38
   15.00    320.00      1.06     0.00     3.57      0.0090     41.52 RIGHT   9.3106E-05   -390.78  8.2430E-05   -391.82
   20.00    320.00      0.82     0.09     3.48      0.0156     42.60 RIGHT   9.0578E-05   -390.60  8.3299E-05   -392.39
   25.00    320.00      0.53     0.19     3.37      0.0233     43.86 RIGHT   8.7588E-05   -390.39  8.4187E-05   -393.06
   30.00    320.00      0.20     0.26     3.24      0.0318     45.21 RIGHT   8.4301E-05   -390.15  8.4918E-05   -393.79
   35.00    320.00     -0.16     0.30     3.09      0.0405     46.52 RIGHT   8.0887E-05   -389.89  8.5275E-05   -394.54
   40.00    320.00     -0.53     0.27     2.90      0.0489     47.66 RIGHT   7.7493E-05   -389.65  8.5010E-05   -395.27
   45.00    320.00     -0.91     0.15     2.66      0.0564     48.51 RIGHT   7.4221E-05   -389.46  8.3849E-05   -395.96
   50.00    320.00     -1.28    -0.09     2.36      0.0627     48.93 RIGHT   7.1099E-05   -389.34  8.1505E-05   -396.58
   55.00    320.00     -1.66    -0.51     1.96      0.0674     48.82 RIGHT   6.8058E-05   -389.34  7.7703E-05   -397.12
   60.00    320.00     -2.07    -1.15     1.42      0.0701     48.08 RIGHT   6.4905E-05   -389.49  7.2198E-05   -397.55
   65.00    320.00     -2.57    -2.09     0.69      0.0704     46.61 RIGHT   6.1297E-05   -389.81  6.4804E-05   -397.88
   70.00    320.00     -3.25    -3.44    -0.33      0.0676     44.34 RIGHT   5.6698E-05   -390.35  5.5422E-05   -398.08
   75.00    320.00     -4.29    -5.44    -1.81      0.0608     41.19 RIGHT   5.0297E-05   -391.16  4.4057E-05   -398.17
   80.00    320.00     -6.11    -8.54    -4.14      0.0487     37.06 RIGHT   4.0785E-05   -392.35  3.0841E-05   -398.14
   85.00    320.00    -10.09   -14.22    -8.67      0.0298     31.85 RIGHT   2.5775E-05   -394.18  1.6031E-05   -397.99
   90.00    320.00   -999.99  -999.99  -999.99      0.0000      0.00         2.0218E-15   -217.28  9.6444E-16   -217.72
    0.00    325.00      1.97    -1.13     3.70      0.0000     35.00 LINEAR  1.0333E-04   -391.01  7.2355E-05   -391.01
    5.00    325.00      1.93    -1.11     3.68      0.0010     35.17 RIGHT   1.0286E-04   -390.98  7.2476E-05   -391.10
   10.00    325.00      1.81    -1.07     3.61      0.0039     35.66 RIGHT   1.0148E-04   -390.89  7.2823E-05   -391.37
   15.00    325.00      1.62    -1.01     3.51      0.0087     36.46 RIGHT   9.9279E-05   -390.75  7.3348E-05   -391.80
   20.00    325.00      1.36    -0.94     3.37      0.0152     37.50 RIGHT   9.6383E-05   -390.56  7.3970E-05   -392.36
   25.00    325.00      1.05    -0.87     3.21      0.0230     38.73 RIGHT   9.2970E-05   -390.32  7.4575E-05   -393.01
   30.00    325.00      0.69    -0.82     3.01      0.0317     40.04 RIGHT   8.9237E-05   -390.04  7.5015E-05   -393.72
   35.00    325.00      0.31    -0.80     2.80      0.0408     41.32 RIGHT   8.5383E-05   -389.74  7.5109E-05   -394.45
   40.00    325.00     -0.09    -0.86     2.56      0.0497     42.45 RIGHT   8.1582E-05   -389.45  7.4649E-05   -395.16
   45.00    325.00     -0.48    -1.00     2.28      0.0578     43.27 RIGHT   7.7957E-05   -389.20  7.3408E-05   -395.83
   50.00    325.00     -0.87    -1.27     1.94      0.0646     43.65 RIGHT   7.4546E-05   -389.03  7.1150E-05   -396.43
   55.00    325.00     -1.26    -1.71     1.53      0.0695     43.49 RIGHT   7.1278E-05   -388.98  6.7648E-05   -396.95
   60.00    325.00     -1.68    -2.37     1.00      0.0721     42.68 RIGHT   6.7943E-05   -389.09  6.2701E-05   -397.37
   65.00    325.00     -2.17    -3.33     0.30      0.0719     41.15 RIGHT   6.4170E-05   -389.38  5.6159E-05   -397.68
   70.00    325.00     -2.85    -4.70    -0.67      0.0682     38.86 RIGHT   5.9382E-05   -389.89  4.7941E-05   -397.88
   75.00    325.00     -3.88    -6.71    -2.06      0.0603     35.76 RIGHT   5.2710E-05   -390.68  3.8056E-05   -397.96
   80.00    325.00     -5.70    -9.82    -4.27      0.0474     31.83 RIGHT   4.2767E-05   -391.87  2.6613E-05   -397.92
   85.00    325.00     -9.68   -15.51    -8.67      0.0288     27.05 RIGHT   2.7039E-05   -393.70  1.3824E-05   -397.76
   90.00    325.00   -999.99  -999.99  -999.99      0.0000      0.00         2.1212E-15   -216.79  8.3150E-16   -217.49
    0.00    330.00      2.45    -2.32     3.70      0.0000     30.00 LINEAR  1.0925E-04   -391.01  6.3073E-05   -391.01
    5.00    330.00      2.41    -2.31     3.67      0.0009     30.15 RIGHT   1.0872E-04   -390.97  6.3160E-05   -391.10
   10.00    330.00      2.28    -2.28     3.59      0.0036     30.61 RIGHT   1.0716E-04   -390.88  6.3405E-05   -391.36
   15.00    330.00      2.08    -2.23     3.45      0.0081     31.35 RIGHT   1.0468E-04   -390.73  6.3770E-05   -391.78
   20.00    330.00      1.80    -2.17     3.27      0.0142     32.32 RIGHT   1.0143E-04   -390.51  6.4188E-05   -392.32
   25.00    330.00      1.47    -2.12     3.05      0.0218     33.47 RIGHT   9.7609E-05   -390.25  6.4563E-05   -392.96
   30.00    330.00      1.09    -2.09     2.80      0.0304     34.71 RIGHT   9.3448E-05   -389.93  6.4775E-05   -393.65
   35.00    330.00      0.69    -2.10     2.52      0.0395     35.92 RIGHT   8.9174E-05   -389.59  6.4675E-05   -394.36
   40.00    330.00      0.27    -2.18     2.22      0.0486     36.98 RIGHT   8.4990E-05   -389.26  6.4095E-05   -395.05
   45.00    330.00     -0.14    -2.35     1.90      0.0571     37.75 RIGHT   8.1036E-05   -388.96  6.2849E-05   -395.70
   50.00    330.00     -0.55    -2.65     1.54      0.0641     38.08 RIGHT   7.7362E-05   -388.74  6.0748E-05   -396.29
   55.00    330.00     -0.95    -3.11     1.12      0.0690     37.87 RIGHT   7.3892E-05   -388.64  5.7609E-05   -396.79
   60.00    330.00     -1.37    -3.79     0.60      0.0713     37.03 RIGHT   7.0404E-05   -388.71  5.3271E-05   -397.19
   65.00    330.00     -1.86    -4.76    -0.06      0.0705     35.51 RIGHT   6.6500E-05   -388.97  4.7615E-05   -397.49
   70.00    330.00     -2.53    -6.15    -0.96      0.0659     33.28 RIGHT   6.1565E-05   -389.46  4.0577E-05   -397.67
   75.00    330.00     -3.56    -8.17    -2.27      0.0573     30.36 RIGHT   5.4680E-05   -390.24  3.2166E-05   -397.74
   80.00    330.00     -5.37   -11.29    -4.38      0.0442     26.77 RIGHT   4.4391E-05   -391.41  2.2472E-05   -397.70
   85.00    330.00     -9.35   -16.98    -8.66      0.0266     22.52 RIGHT   2.8077E-05   -393.24  1.1666E-05   -397.54
   90.00    330.00   -999.99  -999.99  -999.99      0.0000      0.00         2.2029E-15   -216.33  7.0154E-16   -217.27
    0.00    335.00      2.84    -3.78     3.70      0.0000     25.00 LINEAR  1.1433E-04   -391.01  5.3312E-05   -391.01
    5.00    335.00      2.80    -3.77     3.66      0.0008     25.14 RIGHT   1.1374E-04   -390.97  5.3370E-05   -391.09
   10.00    335.00      2.67    -3.75     3.56      0.0032     25.54 RIGHT   1.1202E-04   -390.87  5.3534E-05   -391.35
   15.00    335.00      2.45    -3.71     3.39      0.0073     26.20 RIGHT   1.0929E-04   -390.71  5.3772E-05   -391.76
   20.00    335.00      2.16    -3.67     3.17      0.0128     27.07 RIGHT   1.0571E-04   -390.47  5.4030E-05   -392.29
   25.00    335.00      1.81    -3.63     2.90      0.0198     28.10 RIGHT   1.0151E-04   -390.18  5.4232E-05   -392.91
   30.00    335.00      1.41    -3.63     2.60      0.0279     29.22 RIGHT   9.6952E-05   -389.84  5.4281E-05   -393.58
   35.00    335.00      0.99    -3.66     2.27      0.0366     30.32 RIGHT   9.2294E-05   -389.46  5.4059E-05   -394.27
   40.00    335.00      0.55    -3.76     1.92      0.0455     31.27 RIGHT   8.7761E-05   -389.08  5.3434E-05   -394.95
   45.00    335.00      0.12    -3.96     1.55      0.0538     31.96 RIGHT   8.3512E-05   -388.74  5.2258E-05   -395.58
   50.00    335.00     -0.30    -4.27     1.16      0.0606     32.23 RIGHT   7.9605E-05   -388.47  5.0384E-05   -396.15
   55.00    335.00     -0.71    -4.75     0.74      0.0653     31.99 RIGHT   7.5962E-05   -388.33  4.7666E-05   -396.64
   60.00    335.00     -1.13    -5.45     0.24      0.0672     31.16 RIGHT   7.2349E-05   -388.36  4.3982E-05   -397.03
   65.00    335.00     -1.62    -6.44    -0.39      0.0657     29.72 RIGHT   6.8344E-05   -388.59  3.9238E-05   -397.31
   70.00    335.00     -2.29    -7.85    -1.22      0.0607     27.66 RIGHT   6.3299E-05   -389.06  3.3385E-05   -397.48
   75.00    335.00     -3.32    -9.88    -2.45      0.0518     25.04 RIGHT   5.6251E-05   -389.83  2.6432E-05   -397.55
   80.00    335.00     -5.12   -13.00    -4.47      0.0394     21.90 RIGHT   4.5691E-05   -390.99  1.8449E-05   -397.49
   85.00    335.00     -9.10   -18.70    -8.65      0.0235     18.28 RIGHT   2.8910E-05   -392.82  9.5723E-06   -397.33
   90.00    335.00   -999.99  -999.99  -999.99      0.0000      0.00         2.2687E-15   -215.91  5.7552E-16   -217.06
    0.00    340.00      3.16    -5.62     3.70      0.0000     20.00 LINEAR  1.1854E-04   -391.01  4.3145E-05   -391.01
    5.00    340.00      3.11    -5.61     3.66      0.0007     20.11 RIGHT   1.1790E-04   -390.97  4.3182E-05   -391.09
   10.00    340.00      2.97    -5.59     3.54      0.0027     20.46 RIGHT   1.1604E-04   -390.86  4.3284E-05   -391.34
   15.00    340.00      2.75    -5.56     3.35      0.0062     21.01 RIGHT   1.1308E-04   -390.69  4.3427E-05   -391.74
   20.00    340.00      2.45    -5.53     3.09      0.0109     21.74 RIGHT   1.0920E-04   -390.44  4.3569E-05   -392.26
   25.00    340.00      2.08    -5.52     2.77      0.0170     22.62 RIGHT   1.0467E-04   -390.13  4.3653E-05   -392.87
   30.00    340.00      1.66    -5.53     2.42      0.0241     23.58 RIGHT   9.9772E-05   -389.76  4.3602E-05   -393.53
   35.00    340.00      1.22    -5.58     2.04      0.0320     24.52 RIGHT   9.4779E-05   -389.35  4.3328E-05   -394.20
   40.00    340.00      0.76    -5.70     1.64      0.0402     25.34 RIGHT   8.9944E-05   -388.93  4.2729E-05   -394.86
   45.00    340.00      0.32    -5.92     1.24      0.0477     25.91 RIGHT   8.5442E-05   -388.54  4.1694E-05   -395.48
   50.00    340.00     -0.11    -6.25     0.83      0.0540     26.12 RIGHT   8.1337E-05   -388.23  4.0109E-05   -396.03
   55.00    340.00     -0.53    -6.75     0.40      0.0581     25.87 RIGHT   7.7553E-05   -388.05  3.7867E-05   -396.50
   60.00    340.00     -0.95    -7.47    -0.08      0.0595     25.11 RIGHT   7.3841E-05   -388.05  3.4875E-05   -396.88
   65.00    340.00     -1.45    -8.47    -0.66      0.0576     23.83 RIGHT   6.9760E-05   -388.26  3.1061E-05   -397.15
   70.00    340.00     -2.11    -9.89    -1.44      0.0525     22.05 RIGHT   6.4634E-05   -388.72  2.6391E-05   -397.32
   75.00    340.00     -3.13   -11.93    -2.59      0.0442     19.83 RIGHT   5.7467E-05   -389.47  2.0871E-05   -397.37
   80.00    340.00     -4.93   -15.06    -4.53      0.0331     17.22 RIGHT   4.6700E-05   -390.63  1.4556E-05   -397.31
   85.00    340.00     -8.90   -20.76    -8.63      0.0196     14.29 RIGHT   2.9558E-05   -392.45  7.5487E-06   -397.15
   90.00    340.00   -999.99  -999.99  -999.99      0.0000      0.00         2.3198E-15   -215.54  4.5379E-16   -216.87
    0.00    345.00      3.40    -8.04     3.70      0.0000     15.00 LINEAR  1.2185E-04   -391.01  3.2649E-05   -391.01
    5.00    345.00      3.35    -8.04     3.65      0.0005     15.09 RIGHT   1.2117E-04   -390.97  3.2671E-05   -391.09
   10.00    345.00      3.21    -8.02     3.52      0.0021     15.35 RIGHT   1.1919E-04   -390.86  3.2730E-05   -391.34
   15.00    345.00      2.97    -8.00     3.31      0.0048     15.79 RIGHT   1.1604E-04   -390.67  3.2808E-05   -391.73
   20.00    345.00      2.66    -7.98     3.02      0.0086     16.36 RIGHT   1.1192E-04   -390.41  3.2875E-05   -392.24
   25.00    345.00      2.28    -7.98     2.67      0.0135     17.05 RIGHT   1.0712E-04   -390.08  3.2889E-05   -392.83
   30.00    345.00      1.85    -8.00     2.28      0.0193     17.81 RIGHT   1.0193E-04   -389.69  3.2796E-05   -393.48
   35.00    345.00      1.39    -8.07     1.85      0.0258     18.55 RIGHT   9.6667E-05   -389.25  3.2531E-05   -394.14
   40.00    345.00      0.92    -8.21     1.42      0.0326     19.19 RIGHT   9.1585E-05   -388.80  3.2021E-05   -394.79
   45.00    345.00      0.46    -8.44     0.99      0.0389     19.64 RIGHT   8.6878E-05   -388.38  3.1187E-05   -395.40
   50.00    345.00      0.02    -8.79     0.56      0.0441     19.79 RIGHT   8.2617E-05   -388.04  2.9947E-05   -395.94
   55.00    345.00     -0.40    -9.31     0.13      0.0474     19.57 RIGHT   7.8721E-05   -387.83  2.8225E-05   -396.39
   60.00    345.00     -0.82   -10.03    -0.33      0.0483     18.93 RIGHT   7.4935E-05   -387.80  2.5954E-05   -396.76
   65.00    345.00     -1.32   -11.05    -0.88      0.0464     17.89 RIGHT   7.0800E-05   -387.99  2.3084E-05   -397.02
   70.00    345.00     -1.98   -12.48    -1.61      0.0418     16.47 RIGHT   6.5619E-05   -388.43  1.9591E-05   -397.18
   75.00    345.00     -3.00   -14.52    -2.70      0.0347     14.73 RIGHT   5.8366E-05   -389.18  1.5479E-05   -397.22
   80.00    345.00     -4.79   -17.66    -4.57      0.0257     12.73 RIGHT   4.7449E-05   -390.33  1.0788E-05   -397.16
   85.00    345.00     -8.76   -23.37    -8.62      0.0152     10.51 RIGHT   3.0040E-05   -392.15  5.5925E-06   -396.99
   90.00    345.00   -999.99  -999.99  -999.99      0.0000      0.00         2.3578E-15   -215.24  3.3615E-16   -216.71
    0.00    350.00      3.57   -11.51     3.70      0.0000     10.00 LINEAR  1.2423E-04   -391.01  2.1905E-05   -391.01
    5.00    350.00      3.52   -11.50     3.65      0.0004     10.06 RIGHT   1.2352E-04   -390.97  2.1917E-05   -391.09
   10.00    350.00      3.37   -11.49     3.51      0.0015     10.24 RIGHT   1.2145E-04   -390.85  2.1947E-05   -391.33
   15.00    350.00      3.13   -11.48     3.28      0.0033     10.54 RIGHT   1.1816E-04   -390.66  2.1984E-05   -391.72
   20.00    350.00      2.81   -11.47     2.97      0.0059     10.93 RIGHT   1.1386E-04   -390.39  2.2009E-05   -392.22
   25.00    350.00      2.42   -11.47     2.59      0.0093     11.41 RIGHT   1.0886E-04   -390.05  2.1995E-05   -392.81
   30.00    350.00      1.98   -11.51     2.17      0.0135     11.93 RIGHT   1.0346E-04   -389.64  2.1905E-05   -393.45
   35.00    350.00      1.51   -11.59     1.71      0.0181     12.45 RIGHT   9.7989E-05   -389.18  2.1699E-05   -394.10
   40.00    350.00      1.03   -11.74     1.25      0.0230     12.89 RIGHT   9.2726E-05   -388.70  2.1329E-05   -394.74
   45.00    350.00      0.56   -11.98     0.79      0.0276     13.20 RIGHT   8.7869E-05   -388.26  2.0745E-05   -395.33
   50.00    350.00      0.11   -12.34     0.35      0.0313     13.29 RIGHT   8.3492E-05   -387.89  1.9893E-05   -395.86
   55.00    350.00     -0.31   -12.87    -0.07      0.0336     13.12 RIGHT   7.9517E-05   -387.66  1.8726E-05   -396.31
   60.00    350.00     -0.74   -13.61    -0.52      0.0341     12.66 RIGHT   7.5679E-05   -387.61  1.7199E-05   -396.67
   65.00    350.00     -1.23   -14.63    -1.04      0.0325     11.93 RIGHT   7.1508E-05   -387.79  1.5282E-05   -396.92
   70.00    350.00     -1.89   -16.07    -1.73      0.0290     10.94 RIGHT   6.6292E-05   -388.22  1.2958E-05   -397.07
   75.00    350.00     -2.90   -18.12    -2.78      0.0239      9.75 RIGHT   5.8982E-05   -388.96  1.0231E-05   -397.11
   80.00    350.00     -4.70   -21.26    -4.61      0.0176      8.39 RIGHT   4.7964E-05   -390.11  7.1272E-06   -397.05
   85.00    350.00     -8.67   -26.97    -8.61      0.0103      6.91 RIGHT   3.0372E-05   -391.93  3.6936E-06   -396.87
   90.00    350.00   -999.99  -999.99  -999.99      0.0000      0.00         2.3841E-15   -215.02  2.2199E-16   -216.60
    0.00    355.00      3.67   -17.49     3.70      0.0000      5.00 LINEAR  1.2567E-04   -391.01  1.0994E-05   -391.01
    5.00    355.00      3.62   -17.49     3.65      0.0002      5.03 RIGHT   1.2494E-04   -390.97  1.0999E-05   -391.09
   10.00    355.00      3.47   -17.48     3.50      0.0007      5.12 RIGHT   1.2281E-04   -390.85  1.1012E-05   -391.33
   15.00    355.00      3.22   -17.47     3.26      0.0017      5.27 RIGHT   1.1943E-04   -390.66  1.1026E-05   -391.71
   20.00    355.00      2.90   -17.47     2.94      0.0030      5.48 RIGHT   1.1503E-04   -390.38  1.1032E-05   -392.21
   25.00    355.00      2.50   -17.48     2.54      0.0048      5.72 RIGHT   1.0990E-04   -390.03  1.1017E-05   -392.79
   30.00    355.00      2.05   -17.52     2.10      0.0069      5.98 RIGHT   1.0437E-04   -389.61  1.0964E-05   -393.42
   35.00    355.00      1.57   -17.61     1.63      0.0093      6.25 RIGHT   9.8771E-05   -389.14  1.0852E-05   -394.07
   40.00    355.00      1.09   -17.76     1.14      0.0119      6.48 RIGHT   9.3397E-05   -388.65  1.0658E-05   -394.70
   45.00    355.00      0.62   -18.01     0.67      0.0143      6.63 RIGHT   8.8448E-05   -388.18  1.0357E-05   -395.29
   50.00    355.00      0.17   -18.38     0.23      0.0163      6.67 RIGHT   8.4002E-05   -387.80  9.9238E-06   -395.82
   55.00    355.00     -0.26   -18.92    -0.20      0.0174      6.58 RIGHT   7.9979E-05   -387.55  9.3340E-06   -396.26
   60.00    355.00     -0.69   -19.66    -0.63      0.0176      6.34 RIGHT   7.6111E-05   -387.50  8.5669E-06   -396.61
   65.00    355.00     -1.18   -20.69    -1.13      0.0167      5.96 RIGHT   7.1920E-05   -387.66  7.6071E-06   -396.86
   70.00    355.00     -1.84   -22.13    -1.80      0.0148      5.46 RIGHT   6.6683E-05   -388.09  6.4470E-06   -397.00
   75.00    355.00     -2.85   -24.19    -2.82      0.0122      4.85 RIGHT   5.9342E-05   -388.83  5.0882E-06   -397.04
   80.00    355.00     -4.65   -27.33    -4.62      0.0089      4.17 RIGHT   4.8265E-05   -389.98  3.5434E-06   -396.97
   85.00    355.00     -8.61   -33.04    -8.60      0.0052      3.42 RIGHT   3.0566E-05   -391.79  1.8360E-06   -396.80
   90.00    355.00   -999.99  -999.99  -999.99      0.0000      0.00         2.3994E-15   -214.88  1.1034E-16   -216.52


  AVERAGE POWER GAIN:  1.4292E+00 - SOLID ANGLE USED IN AVERAGING: (+1.9722)*PI STERADIANS



  DATA CARD No:   8 EN   0     0     0     0  0.00000E+00  0.00000E+00  0.00000E+00  0.00000E+00  0.00000E+00  0.00000E+00

  TOTAL RUN TIME: 60 msec