


                               __________________________________________
                              |                                          |
                              |  NUMERICAL ELECTROMAGNETICS CODE (nec2c) |
                              |   Translated to 'C' in Double Precision  |
                              |__________________________________________|



                               ---------------- COMMENTS ----------------
                               pattern-doublet-44p0-None-20m
                              



                               -------- STRUCTURE SPECIFICATION --------
                                     COORDINATES MUST BE INPUT IN
                                     METERS OR BE SCALED TO METERS
                                     BEFORE STRUCTURE INPUT IS ENDED

  WIRE                                                                                 SEG FIRST  LAST  TAG
   No:        X1         Y1         Z1         X2         Y2         Z2       RADIUS   No:   SEG   SEG  No:
     1    -2.79354    0.00000    3.04800   -0.01000    0.00000    9.14400    0.00024    61     1    61    1
     2    -0.01000    0.00000    9.14400    0.01000    0.00000    9.14400    0.00024     1    62    62    2
     3     0.01000    0.00000    9.14400    2.79354    0.00000    3.04800    0.00024    61    63   123    3

     TOTAL SEGMENTS USED: 123   SEGMENTS IN A SYMMETRIC CELL: 123   SYMMETRY FLAG: 0


                               ---------- SEGMENTATION DATA ----------
                                        COORDINATES IN METERS
                            I+ AND I- INDICATE THE SEGMENTS BEFORE AND AFTER I

   SEG    COORDINATES OF SEGM CENTER     SEGM    ORIENTATION ANGLES    WIRE    CONNECTION DATA   TAG
   No:       X         Y         Z      LENGTH     ALPHA      BETA    RADIUS    I-     I    I+   No:
     1   -2.7707    0.0000    3.0980    0.1099   65.4577    0.0000    0.0002     0     1     2     1
     2   -2.7251    0.0000    3.1979    0.1099   65.4577    0.0000    0.0002     1     2     3     1
     3   -2.6795    0.0000    3.2978    0.1099   65.4577    0.0000    0.0002     2     3     4     1
     4   -2.6338    0.0000    3.3978    0.1099   65.4577    0.0000    0.0002     3     4     5     1
     5   -2.5882    0.0000    3.4977    0.1099   65.4577    0.0000    0.0002     4     5     6     1
     6   -2.5426    0.0000    3.5976    0.1099   65.4577    0.0000    0.0002     5     6     7     1
     7   -2.4969    0.0000    3.6976    0.1099   65.4577    0.0000    0.0002     6     7     8     1
     8   -2.4513    0.0000    3.7975    0.1099   65.4577    0.0000    0.0002     7     8     9     1
     9   -2.4057    0.0000    3.8974    0.1099   65.4577    0.0000    0.0002     8     9    10     1
    10   -2.3600    0.0000    3.9974    0.1099   65.4577    0.0000    0.0002     9    10    11     1
    11   -2.3144    0.0000    4.0973    0.1099   65.4577    0.0000    0.0002    10    11    12     1
    12   -2.2688    0.0000    4.1972    0.1099   65.4577    0.0000    0.0002    11    12    13     1
    13   -2.2231    0.0000    4.2972    0.1099   65.4577    0.0000    0.0002    12    13    14     1
    14   -2.1775    0.0000    4.3971    0.1099   65.4577    0.0000    0.0002    13    14    15     1
    15   -2.1319    0.0000    4.4970    0.1099   65.4577    0.0000    0.0002    14    15    16     1
    16   -2.0862    0.0000    4.5970    0.1099   65.4577    0.0000    0.0002    15    16    17     1
    17   -2.0406    0.0000    4.6969    0.1099   65.4577    0.0000    0.0002    16    17    18     1
    18   -1.9950    0.0000    4.7969    0.1099   65.4577    0.0000    0.0002    17    18    19     1
    19   -1.9494    0.0000    4.8968    0.1099   65.4577    0.0000    0.0002    18    19    20     1
    20   -1.9037    0.0000    4.9967    0.1099   65.4577    0.0000    0.0002    19    20    21     1
    21   -1.8581    0.0000    5.0967    0.1099   65.4577    0.0000    0.0002    20    21    22     1
    22   -1.8125    0.0000    5.1966    0.1099   65.4577    0.0000    0.0002    21    22    23     1
    23   -1.7668    0.0000    5.2965    0.1099   65.4577    0.0000    0.0002    22    23    24     1
    24   -1.7212    0.0000    5.3965    0.1099   65.4577    0.0000    0.0002    23    24    25     1
    25   -1.6756    0.0000    5.4964    0.1099   65.4577    0.0000    0.0002    24    25    26     1
    26   -1.6299    0.0000    5.5963    0.1099   65.4577    0.0000    0.0002    25    26    27     1
    27   -1.5843    0.0000    5.6963    0.1099   65.4577    0.0000    0.0002    26    27    28     1
    28   -1.5387    0.0000    5.7962    0.1099   65.4577    0.0000    0.0002    27    28    29     1
    29   -1.4930    0.0000    5.8961    0.1099   65.4577    0.0000    0.0002    28    29    30     1
    30   -1.4474    0.0000    5.9961    0.1099   65.4577    0.0000    0.0002    29    30    31     1
    31   -1.4018    0.0000    6.0960    0.1099   65.4577    0.0000    0.0002    30    31    32     1
    32   -1.3561    0.0000    6.1959    0.1099   65.4577    0.0000    0.0002    31    32    33     1
    33   -1.3105    0.0000    6.2959    0.1099   65.4577    0.0000    0.0002    32    33    34     1
    34   -1.2649    0.0000    6.3958    0.1099   65.4577    0.0000    0.0002    33    34    35     1
    35   -1.2192    0.0000    6.4957    0.1099   65.4577    0.0000    0.0002    34    35    36     1
    36   -1.1736    0.0000    6.5957    0.1099   65.4577    0.0000    0.0002    35    36    37     1
    37   -1.1280    0.0000    6.6956    0.1099   65.4577    0.0000    0.0002    36    37    38     1
    38   -1.0823    0.0000    6.7955    0.1099   65.4577    0.0000    0.0002    37    38    39     1
    39   -1.0367    0.0000    6.8955    0.1099   65.4577    0.0000    0.0002    38    39    40     1
    40   -0.9911    0.0000    6.9954    0.1099   65.4577    0.0000    0.0002    39    40    41     1
    41   -0.9455    0.0000    7.0953    0.1099   65.4577    0.0000    0.0002    40    41    42     1
    42   -0.8998    0.0000    7.1953    0.1099   65.4577    0.0000    0.0002    41    42    43     1
    43   -0.8542    0.0000    7.2952    0.1099   65.4577    0.0000    0.0002    42    43    44     1
    44   -0.8086    0.0000    7.3951    0.1099   65.4577    0.0000    0.0002    43    44    45     1
    45   -0.7629    0.0000    7.4951    0.1099   65.4577    0.0000    0.0002    44    45    46     1
    46   -0.7173    0.0000    7.5950    0.1099   65.4577    0.0000    0.0002    45    46    47     1
    47   -0.6717    0.0000    7.6950    0.1099   65.4577    0.0000    0.0002    46    47    48     1
    48   -0.6260    0.0000    7.7949    0.1099   65.4577    0.0000    0.0002    47    48    49     1
    49   -0.5804    0.0000    7.8948    0.1099   65.4577    0.0000    0.0002    48    49    50     1
    50   -0.5348    0.0000    7.9948    0.1099   65.4577    0.0000    0.0002    49    50    51     1
    51   -0.4891    0.0000    8.0947    0.1099   65.4577    0.0000    0.0002    50    51    52     1
    52   -0.4435    0.0000    8.1946    0.1099   65.4577    0.0000    0.0002    51    52    53     1
    53   -0.3979    0.0000    8.2946    0.1099   65.4577    0.0000    0.0002    52    53    54     1
    54   -0.3522    0.0000    8.3945    0.1099   65.4577    0.0000    0.0002    53    54    55     1
    55   -0.3066    0.0000    8.4944    0.1099   65.4577    0.0000    0.0002    54    55    56     1
    56   -0.2610    0.0000    8.5944    0.1099   65.4577    0.0000    0.0002    55    56    57     1
    57   -0.2153    0.0000    8.6943    0.1099   65.4577    0.0000    0.0002    56    57    58     1
    58   -0.1697    0.0000    8.7942    0.1099   65.4577    0.0000    0.0002    57    58    59     1
    59   -0.1241    0.0000    8.8942    0.1099   65.4577    0.0000    0.0002    58    59    60     1
    60   -0.0784    0.0000    8.9941    0.1099   65.4577    0.0000    0.0002    59    60    61     1
    61   -0.0328    0.0000    9.0940    0.1099   65.4577    0.0000    0.0002    60    61    62     1
    62    0.0000    0.0000    9.1440    0.0200    0.0000    0.0000    0.0002    61    62    63     2
    63    0.0328    0.0000    9.0940    0.1099  -65.4577    0.0000    0.0002    62    63    64     3
    64    0.0784    0.0000    8.9941    0.1099  -65.4577    0.0000    0.0002    63    64    65     3
    65    0.1241    0.0000    8.8942    0.1099  -65.4577    0.0000    0.0002    64    65    66     3
    66    0.1697    0.0000    8.7942    0.1099  -65.4577    0.0000    0.0002    65    66    67     3
    67    0.2153    0.0000    8.6943    0.1099  -65.4577    0.0000    0.0002    66    67    68     3
    68    0.2610    0.0000    8.5944    0.1099  -65.4577    0.0000    0.0002    67    68    69     3
    69    0.3066    0.0000    8.4944    0.1099  -65.4577    0.0000    0.0002    68    69    70     3
    70    0.3522    0.0000    8.3945    0.1099  -65.4577    0.0000    0.0002    69    70    71     3
    71    0.3979    0.0000    8.2946    0.1099  -65.4577    0.0000    0.0002    70    71    72     3
    72    0.4435    0.0000    8.1946    0.1099  -65.4577    0.0000    0.0002    71    72    73     3
    73    0.4891    0.0000    8.0947    0.1099  -65.4577    0.0000    0.0002    72    73    74     3
    74    0.5348    0.0000    7.9948    0.1099  -65.4577    0.0000    0.0002    73    74    75     3
    75    0.5804    0.0000    7.8948    0.1099  -65.4577    0.0000    0.0002    74    75    76     3
    76    0.6260    0.0000    7.7949    0.1099  -65.4577    0.0000    0.0002    75    76    77     3
    77    0.6717    0.0000    7.6950    0.1099  -65.4577    0.0000    0.0002    76    77    78     3
    78    0.7173    0.0000    7.5950    0.1099  -65.4577    0.0000    0.0002    77    78    79     3
    79    0.7629    0.0000    7.4951    0.1099  -65.4577    0.0000    0.0002    78    79    80     3
    80    0.8086    0.0000    7.3951    0.1099  -65.4577    0.0000    0.0002    79    80    81     3
    81    0.8542    0.0000    7.2952    0.1099  -65.4577    0.0000    0.0002    80    81    82     3
    82    0.8998    0.0000    7.1953    0.1099  -65.4577    0.0000    0.0002    81    82    83     3
    83    0.9455    0.0000    7.0953    0.1099  -65.4577    0.0000    0.0002    82    83    84     3
    84    0.9911    0.0000    6.9954    0.1099  -65.4577    0.0000    0.0002    83    84    85     3
    85    1.0367    0.0000    6.8955    0.1099  -65.4577    0.0000    0.0002    84    85    86     3
    86    1.0823    0.0000    6.7955    0.1099  -65.4577    0.0000    0.0002    85    86    87     3
    87    1.1280    0.0000    6.6956    0.1099  -65.4577    0.0000    0.0002    86    87    88     3
    88    1.1736    0.0000    6.5957    0.1099  -65.4577    0.0000    0.0002    87    88    89     3
    89    1.2192    0.0000    6.4957    0.1099  -65.4577    0.0000    0.0002    88    89    90     3
    90    1.2649    0.0000    6.3958    0.1099  -65.4577    0.0000    0.0002    89    90    91     3
    91    1.3105    0.0000    6.2959    0.1099  -65.4577    0.0000    0.0002    90    91    92     3
    92    1.3561    0.0000    6.1959    0.1099  -65.4577    0.0000    0.0002    91    92    93     3
    93    1.4018    0.0000    6.0960    0.1099  -65.4577    0.0000    0.0002    92    93    94     3
    94    1.4474    0.0000    5.9961    0.1099  -65.4577    0.0000    0.0002    93    94    95     3
    95    1.4930    0.0000    5.8961    0.1099  -65.4577    0.0000    0.0002    94    95    96     3
    96    1.5387    0.0000    5.7962    0.1099  -65.4577    0.0000    0.0002    95    96    97     3
    97    1.5843    0.0000    5.6963    0.1099  -65.4577    0.0000    0.0002    96    97    98     3
    98    1.6299    0.0000    5.5963    0.1099  -65.4577    0.0000    0.0002    97    98    99     3
    99    1.6756    0.0000    5.4964    0.1099  -65.4577    0.0000    0.0002    98    99   100     3
   100    1.7212    0.0000    5.3965    0.1099  -65.4577    0.0000    0.0002    99   100   101     3
   101    1.7668    0.0000    5.2965    0.1099  -65.4577    0.0000    0.0002   100   101   102     3
   102    1.8125    0.0000    5.1966    0.1099  -65.4577    0.0000    0.0002   101   102   103     3
   103    1.8581    0.0000    5.0967    0.1099  -65.4577    0.0000    0.0002   102   103   104     3
   104    1.9037    0.0000    4.9967    0.1099  -65.4577    0.0000    0.0002   103   104   105     3
   105    1.9494    0.0000    4.8968    0.1099  -65.4577    0.0000    0.0002   104   105   106     3
   106    1.9950    0.0000    4.7969    0.1099  -65.4577    0.0000    0.0002   105   106   107     3
   107    2.0406    0.0000    4.6969    0.1099  -65.4577    0.0000    0.0002   106   107   108     3
   108    2.0862    0.0000    4.5970    0.1099  -65.4577    0.0000    0.0002   107   108   109     3
   109    2.1319    0.0000    4.4970    0.1099  -65.4577    0.0000    0.0002   108   109   110     3
   110    2.1775    0.0000    4.3971    0.1099  -65.4577    0.0000    0.0002   109   110   111     3
   111    2.2231    0.0000    4.2972    0.1099  -65.4577    0.0000    0.0002   110   111   112     3
   112    2.2688    0.0000    4.1972    0.1099  -65.4577    0.0000    0.0002   111   112   113     3
   113    2.3144    0.0000    4.0973    0.1099  -65.4577    0.0000    0.0002   112   113   114     3
   114    2.3600    0.0000    3.9974    0.1099  -65.4577    0.0000    0.0002   113   114   115     3
   115    2.4057    0.0000    3.8974    0.1099  -65.4577    0.0000    0.0002   114   115   116     3
   116    2.4513    0.0000    3.7975    0.1099  -65.4577    0.0000    0.0002   115   116   117     3
   117    2.4969    0.0000    3.6976    0.1099  -65.4577    0.0000    0.0002   116   117   118     3
   118    2.5426    0.0000    3.5976    0.1099  -65.4577    0.0000    0.0002   117   118   119     3
   119    2.5882    0.0000    3.4977    0.1099  -65.4577    0.0000    0.0002   118   119   120     3
   120    2.6338    0.0000    3.3978    0.1099  -65.4577    0.0000    0.0002   119   120   121     3
   121    2.6795    0.0000    3.2978    0.1099  -65.4577    0.0000    0.0002   120   121   122     3
   122    2.7251    0.0000    3.1979    0.1099  -65.4577    0.0000    0.0002   121   122   123     3
   123    2.7707    0.0000    3.0980    0.1099  -65.4577    0.0000    0.0002   122   123     0     3



  DATA CARD No:   1 EK   0     0     0     0  0.00000E+00  0.00000E+00  0.00000E+00  0.00000E+00  0.00000E+00  0.00000E+00
  DATA CARD No:   2 LD   5     0     0     0  1.50000E+07  0.00000E+00  0.00000E+00  0.00000E+00  0.00000E+00  0.00000E+00
  DATA CARD No:   3 GN   2     0     0     0  1.30000E+01  5.00000E-03  0.00000E+00  0.00000E+00  0.00000E+00  0.00000E+00
  DATA CARD No:   4 FR   0     1     0     0  1.40500E+01  0.00000E+00  0.00000E+00  0.00000E+00  0.00000E+00  0.00000E+00
  DATA CARD No:   5 EX   0     2     1     0  1.00000E+00  0.00000E+00  0.00000E+00  0.00000E+00  0.00000E+00  0.00000E+00
  DATA CARD No:   6 PT  -1     0     0     0  0.00000E+00  0.00000E+00  0.00000E+00  0.00000E+00  0.00000E+00  0.00000E+00
  DATA CARD No:   7 RP   0    19    72  1001  0.00000E+00  0.00000E+00  5.00000E+00  5.00000E+00  1.00000E+03  0.00000E+00


                               --------- FREQUENCY --------
                                FREQUENCY : 1.4050E+01 MHz
                                WAVELENGTH: 2.1338E+01 Mtr

                        APPROXIMATE INTEGRATION EMPLOYED FOR SEGMENTS 
                        THAT ARE MORE THAN 1.000 WAVELENGTHS APART
                        THE EXTENDED THIN WIRE KERNEL WILL BE USED


                          ------ STRUCTURE IMPEDANCE LOADING ------
  LOCATION        RESISTANCE  INDUCTANCE  CAPACITANCE     IMPEDANCE (OHMS)   CONDUCTIVITY  CIRCUIT
  ITAG FROM THRU     OHMS       HENRYS      FARADS       REAL     IMAGINARY   MHOS/METER      TYPE
  ALL                                                                        1.5000E+07     WIRE  


                            -------- ANTENNA ENVIRONMENT --------
                            FINITE GROUND - SOMMERFELD SOLUTION
                            RELATIVE DIELECTRIC CONST: 13.000
                            CONDUCTIVITY:  5.000E-03 MHOS/METER
                            COMPLEX DIELECTRIC CONSTANT:  1.3000E+01-6.3972E+00j


                             ---------- MATRIX TIMING ----------
                               FILL: 10 msec  FACTOR: 10 msec


                        --------- ANTENNA INPUT PARAMETERS ---------
  TAG   SEG       VOLTAGE (VOLTS)         CURRENT (AMPS)         IMPEDANCE (OHMS)        ADMITTANCE (MHOS)     POWER
  No:   No:     REAL      IMAGINARY     REAL      IMAGINARY     REAL      IMAGINARY    REAL       IMAGINARY   (WATTS)
    2    62  1.0000E+00  0.0000E+00  3.3101E-04 -2.3242E-03  6.0059E+01  4.2170E+02  3.3101E-04 -2.3242E-03  1.6551E-04


                               ---------- POWER BUDGET ---------
                               INPUT POWER   =  1.6551E-04 Watts
                               RADIATED POWER=  1.2935E-04 Watts
                               STRUCTURE LOSS=  3.6157E-05 Watts
                               NETWORK LOSS  =  0.0000E+00 Watts
                               EFFICIENCY    =   78.15 Percent


                             ---------- RADIATION PATTERNS -----------

                             RANGE:  1.000000E+03 METERS
                             EXP(-JKR)/R:  1.00000E-03 AT PHASE: -311.25 DEGREES

 ---- ANGLES -----     ----- POWER GAINS -----       ---- POLARIZATION ----   ---- E(THETA) ----    ----- E(PHI) ------
  THETA      PHI       VERTC    HORIZ    TOTAL       AXIAL      TILT  SENSE   MAGNITUDE    PHASE    MAGNITUDE     PHASE
 DEGREES   DEGREES        DB       DB       DB       RATIO   DEGREES            VOLTS/M   DEGREES     VOLTS/M   DEGREES
    0.00      0.00      1.67  -999.99     1.67      0.0000      0.00 LINEAR  1.2071E-04   -391.02  0.0000E+00   -311.25
    5.00      0.00      1.65  -999.99     1.65      0.0000      0.00 LINEAR  1.2050E-04   -391.03  0.0000E+00   -311.25
   10.00      0.00      1.61  -999.99     1.61      0.0000      0.00 LINEAR  1.1986E-04   -391.09  0.0000E+00   -311.25
   15.00      0.00      1.53  -999.99     1.53      0.0000      0.00 LINEAR  1.1878E-04   -391.18  0.0000E+00   -311.25
   20.00      0.00      1.42  -999.99     1.42      0.0000      0.00 LINEAR  1.1725E-04   -391.30  0.0000E+00   -311.25
   25.00      0.00      1.27  -999.99     1.27      0.0000      0.00 LINEAR  1.1528E-04   -391.46  0.0000E+00   -311.25
   30.00      0.00      1.08  -999.99     1.08      0.0000      0.00 LINEAR  1.1286E-04   -391.65  0.0000E+00   -311.25
   35.00      0.00      0.86  -999.99     0.86      0.0000      0.00 LINEAR  1.0998E-04   -391.89  0.0000E+00   -311.25
   40.00      0.00      0.59  -999.99     0.59      0.0000      0.00 LINEAR  1.0665E-04   -392.16  0.0000E+00   -311.25
   45.00      0.00      0.28  -999.99     0.28      0.0000      0.00 LINEAR  1.0285E-04   -392.48  0.0000E+00   -311.25
   50.00      0.00     -0.09  -999.99    -0.09      0.0000      0.00 LINEAR  9.8576E-05   -392.85  0.0000E+00   -311.25
   55.00      0.00     -0.53  -999.99    -0.53      0.0000      0.00 LINEAR  9.3764E-05   -393.29  0.0000E+00   -311.25
   60.00      0.00     -1.05  -999.99    -1.05      0.0000      0.00 LINEAR  8.8297E-05   -393.80  0.0000E+00   -311.25
   65.00      0.00     -1.70  -999.99    -1.70      0.0000      0.00 LINEAR  8.1954E-05   -394.40  0.0000E+00   -311.25
   70.00      0.00     -2.54  -999.99    -2.54      0.0000      0.00 LINEAR  7.4327E-05   -395.14  0.0000E+00   -311.25
   75.00      0.00     -3.75  -999.99    -3.75      0.0000      0.00 LINEAR  6.4678E-05   -396.09  0.0000E+00   -311.25
   80.00      0.00     -5.71  -999.99    -5.71      0.0000      0.00 LINEAR  5.1610E-05   -397.37  0.0000E+00   -311.25
   85.00      0.00     -9.79  -999.99    -9.79      0.0000      0.00 LINEAR  3.2270E-05   -399.25  0.0000E+00   -311.25
   90.00      0.00   -999.99  -999.99  -999.99      0.0000      0.00         2.5219E-15   -222.36  0.0000E+00   -311.25
    0.00      5.00      1.64   -19.53     1.67      0.0000     -5.00 LINEAR  1.2026E-04   -391.02  1.0521E-05   -211.02
    5.00      5.00      1.62   -19.49     1.65      0.0002     -5.03 LEFT    1.2004E-04   -391.03  1.0570E-05   -211.17
   10.00      5.00      1.57   -19.37     1.61      0.0008     -5.13 LEFT    1.1940E-04   -391.09  1.0714E-05   -211.61
   15.00      5.00      1.50   -19.18     1.53      0.0018     -5.28 LEFT    1.1833E-04   -391.18  1.0944E-05   -212.30
   20.00      5.00      1.38   -18.95     1.42      0.0031     -5.50 LEFT    1.1682E-04   -391.30  1.1245E-05   -213.19
   25.00      5.00      1.24   -18.68     1.28      0.0048     -5.76 LEFT    1.1486E-04   -391.46  1.1592E-05   -214.22
   30.00      5.00      1.05   -18.42     1.10      0.0067     -6.06 LEFT    1.1244E-04   -391.66  1.1954E-05   -215.34
   35.00      5.00      0.83   -18.18     0.88      0.0088     -6.38 LEFT    1.0958E-04   -391.89  1.2290E-05   -216.47
   40.00      5.00      0.56   -18.00     0.62      0.0110     -6.71 LEFT    1.0626E-04   -392.16  1.2548E-05   -217.58
   45.00      5.00      0.25   -17.91     0.31      0.0130     -7.01 LEFT    1.0249E-04   -392.48  1.2672E-05   -218.62
   50.00      5.00     -0.12   -17.96    -0.05      0.0147     -7.26 LEFT    9.8229E-05   -392.86  1.2598E-05   -219.56
   55.00      5.00     -0.56   -18.19    -0.48      0.0159     -7.42 LEFT    9.3435E-05   -393.29  1.2264E-05   -220.38
   60.00      5.00     -1.08   -18.67    -1.00      0.0164     -7.46 LEFT    8.7989E-05   -393.80  1.1613E-05   -221.06
   65.00      5.00     -1.73   -19.46    -1.65      0.0160     -7.34 LEFT    8.1668E-05   -394.41  1.0596E-05   -221.60
   70.00      5.00     -2.57   -20.70    -2.51      0.0145     -7.02 LEFT    7.4068E-05   -395.15  9.1875E-06   -221.98
   75.00      5.00     -3.78   -22.60    -3.73      0.0120     -6.50 LEFT    6.4452E-05   -396.10  7.3835E-06   -222.21
   80.00      5.00     -5.74   -25.63    -5.70      0.0086     -5.76 LEFT    5.1429E-05   -397.38  5.2095E-06   -222.28
   85.00      5.00     -9.82   -31.27    -9.79      0.0043     -4.83 LEFT    3.2157E-05   -399.26  2.7207E-06   -222.18
   90.00      5.00   -999.99  -999.99  -999.99      0.0000      0.00         2.5130E-15   -222.37  1.6394E-16   -401.93
    0.00     10.00      1.54   -13.54     1.67      0.0000    -10.00 LINEAR  1.1888E-04   -391.02  2.0962E-05   -211.02
    5.00     10.00      1.52   -13.50     1.65      0.0004    -10.06 LEFT    1.1867E-04   -391.03  2.1060E-05   -211.17
   10.00     10.00      1.47   -13.38     1.61      0.0016    -10.25 LEFT    1.1804E-04   -391.09  2.1348E-05   -211.61
   15.00     10.00      1.40   -13.19     1.54      0.0035    -10.56 LEFT    1.1699E-04   -391.18  2.1808E-05   -212.30
   20.00     10.00      1.29   -12.96     1.45      0.0062    -10.97 LEFT    1.1550E-04   -391.30  2.2409E-05   -213.19
   25.00     10.00      1.14   -12.69     1.32      0.0094    -11.49 LEFT    1.1358E-04   -391.46  2.3104E-05   -214.22
   30.00     10.00      0.96   -12.42     1.15      0.0131    -12.07 LEFT    1.1121E-04   -391.66  2.3828E-05   -215.34
   35.00     10.00      0.73   -12.18     0.95      0.0172    -12.70 LEFT    1.0839E-04   -391.89  2.4499E-05   -216.47
   40.00     10.00      0.47   -12.00     0.71      0.0212    -13.34 LEFT    1.0512E-04   -392.17  2.5017E-05   -217.58
   45.00     10.00      0.15   -11.92     0.42      0.0251    -13.92 LEFT    1.0139E-04   -392.49  2.5266E-05   -218.62
   50.00     10.00     -0.21   -11.97     0.07      0.0283    -14.41 LEFT    9.7187E-05   -392.87  2.5122E-05   -219.56
   55.00     10.00     -0.65   -12.20    -0.35      0.0305    -14.73 LEFT    9.2450E-05   -393.30  2.4459E-05   -220.38
   60.00     10.00     -1.17   -12.67    -0.87      0.0314    -14.80 LEFT    8.7064E-05   -393.81  2.3161E-05   -221.07
   65.00     10.00     -1.82   -13.47    -1.53      0.0306    -14.56 LEFT    8.0811E-05   -394.42  2.1135E-05   -221.60
   70.00     10.00     -2.67   -14.70    -2.40      0.0280    -13.95 LEFT    7.3291E-05   -395.17  1.8327E-05   -221.99
   75.00     10.00     -3.87   -16.60    -3.65      0.0233    -12.94 LEFT    6.3775E-05   -396.12  1.4729E-05   -222.21
   80.00     10.00     -5.83   -19.63    -5.66      0.0167    -11.50 LEFT    5.0888E-05   -397.40  1.0393E-05   -222.28
   85.00     10.00     -9.91   -25.27    -9.79      0.0084     -9.67 LEFT    3.1818E-05   -399.28  5.4277E-06   -222.19
   90.00     10.00   -999.99  -999.99  -999.99      0.0000      0.00         2.4866E-15   -222.39  3.2706E-16   -401.93
    0.00     15.00      1.37   -10.07     1.67      0.0000    -15.00 LINEAR  1.1660E-04   -391.02  3.1243E-05   -211.02
    5.00     15.00      1.35   -10.03     1.66      0.0006    -15.09 LEFT    1.1640E-04   -391.04  3.1390E-05   -211.17
   10.00     15.00      1.31    -9.91     1.62      0.0023    -15.37 LEFT    1.1579E-04   -391.09  3.1822E-05   -211.61
   15.00     15.00      1.23    -9.73     1.57      0.0051    -15.81 LEFT    1.1477E-04   -391.18  3.2511E-05   -212.30
   20.00     15.00      1.12    -9.49     1.48      0.0089    -16.42 LEFT    1.1333E-04   -391.30  3.3412E-05   -213.19
   25.00     15.00      0.98    -9.22     1.37      0.0136    -17.16 LEFT    1.1146E-04   -391.47  3.4453E-05   -214.23
   30.00     15.00      0.79    -8.95     1.23      0.0189    -18.01 LEFT    1.0915E-04   -391.67  3.5539E-05   -215.34
   35.00     15.00      0.57    -8.71     1.06      0.0245    -18.91 LEFT    1.0640E-04   -391.90  3.6547E-05   -216.48
   40.00     15.00      0.31    -8.53     0.84      0.0301    -19.82 LEFT    1.0321E-04   -392.18  3.7327E-05   -217.58
   45.00     15.00     -0.00    -8.44     0.58      0.0353    -20.66 LEFT    9.9570E-05   -392.51  3.7706E-05   -218.62
   50.00     15.00     -0.37    -8.49     0.25      0.0397    -21.35 LEFT    9.5454E-05   -392.88  3.7498E-05   -219.57
   55.00     15.00     -0.80    -8.72    -0.15      0.0427    -21.80 LEFT    9.0810E-05   -393.32  3.6514E-05   -220.39
   60.00     15.00     -1.32    -9.19    -0.67      0.0439    -21.90 LEFT    8.5525E-05   -393.83  3.4580E-05   -221.07
   65.00     15.00     -1.97    -9.98    -1.33      0.0429    -21.57 LEFT    7.9385E-05   -394.45  3.1560E-05   -221.61
   70.00     15.00     -2.82   -11.22    -2.23      0.0394    -20.71 LEFT    7.1998E-05   -395.19  2.7369E-05   -221.99
   75.00     15.00     -4.03   -13.12    -3.52      0.0331    -19.27 LEFT    6.2649E-05   -396.14  2.1998E-05   -222.22
   80.00     15.00     -5.99   -16.15    -5.59      0.0240    -17.20 LEFT    4.9988E-05   -397.43  1.5522E-05   -222.28
   85.00     15.00    -10.07   -21.79    -9.79      0.0122    -14.53 LEFT    3.1255E-05   -399.31  8.1070E-06   -222.19
   90.00     15.00   -999.99  -999.99  -999.99      0.0000      0.00         2.4425E-15   -222.42  4.8851E-16   -401.94
    0.00     20.00      1.13    -7.65     1.67      0.0000    -20.00 LINEAR  1.1343E-04   -391.02  4.1287E-05   -211.02
    5.00     20.00      1.11    -7.61     1.66      0.0007    -20.12 LEFT    1.1324E-04   -391.04  4.1482E-05   -211.17
   10.00     20.00      1.07    -7.49     1.64      0.0030    -20.47 LEFT    1.1266E-04   -391.09  4.2056E-05   -211.61
   15.00     20.00      0.99    -7.30     1.59      0.0065    -21.04 LEFT    1.1168E-04   -391.18  4.2974E-05   -212.30
   20.00     20.00      0.89    -7.06     1.53      0.0114    -21.82 LEFT    1.1030E-04   -391.31  4.4173E-05   -213.20
   25.00     20.00      0.74    -6.80     1.45      0.0172    -22.76 LEFT    1.0851E-04   -391.47  4.5560E-05   -214.23
   30.00     20.00      0.56    -6.52     1.34      0.0237    -23.83 LEFT    1.0629E-04   -391.67  4.7008E-05   -215.35
   35.00     20.00      0.34    -6.28     1.20      0.0306    -24.97 LEFT    1.0364E-04   -391.91  4.8353E-05   -216.48
   40.00     20.00      0.08    -6.09     1.02      0.0373    -26.10 LEFT    1.0055E-04   -392.20  4.9397E-05   -217.59
   45.00     20.00     -0.23    -6.00     0.79      0.0434    -27.14 LEFT    9.7027E-05   -392.52  4.9911E-05   -218.63
   50.00     20.00     -0.59    -6.05     0.49      0.0483    -28.00 LEFT    9.3033E-05   -392.91  4.9647E-05   -219.57
   55.00     20.00     -1.03    -6.28     0.11      0.0518    -28.55 LEFT    8.8519E-05   -393.35  4.8355E-05   -220.39
   60.00     20.00     -1.55    -6.75    -0.40      0.0532    -28.68 LEFT    8.3375E-05   -393.86  4.5804E-05   -221.08
   65.00     20.00     -2.19    -7.54    -1.08      0.0521    -28.28 LEFT    7.7392E-05   -394.48  4.1810E-05   -221.62
   70.00     20.00     -3.04    -8.78    -2.01      0.0482    -27.23 LEFT    7.0190E-05   -395.23  3.6263E-05   -222.00
   75.00     20.00     -4.25   -10.67    -3.36      0.0410    -25.44 LEFT    6.1074E-05   -396.18  2.9149E-05   -222.23
   80.00     20.00     -6.21   -13.70    -5.50      0.0302    -22.83 LEFT    4.8730E-05   -397.47  2.0570E-05   -222.29
   85.00     20.00    -10.29   -19.34    -9.78      0.0156    -19.41 LEFT    3.0468E-05   -399.35  1.0744E-05   -222.20
   90.00     20.00   -999.99  -999.99  -999.99      0.0000      0.00         2.3809E-15   -222.47  6.4741E-16   -401.95
    0.00     25.00      0.81    -5.81     1.67      0.0000    -25.00 LINEAR  1.0940E-04   -391.02  5.1016E-05   -211.02
    5.00     25.00      0.80    -5.77     1.66      0.0009    -25.14 LEFT    1.0922E-04   -391.04  5.1259E-05   -211.17
   10.00     25.00      0.76    -5.65     1.65      0.0035    -25.56 LEFT    1.0867E-04   -391.09  5.1975E-05   -211.61
   15.00     25.00      0.68    -5.46     1.63      0.0077    -26.24 LEFT    1.0775E-04   -391.18  5.3119E-05   -212.30
   20.00     25.00      0.58    -5.22     1.59      0.0134    -27.15 LEFT    1.0644E-04   -391.31  5.4613E-05   -213.20
   25.00     25.00      0.44    -4.95     1.54      0.0201    -28.26 LEFT    1.0474E-04   -391.48  5.6344E-05   -214.24
   30.00     25.00      0.26    -4.68     1.47      0.0275    -29.51 LEFT    1.0263E-04   -391.68  5.8152E-05   -215.35
   35.00     25.00      0.04    -4.43     1.37      0.0351    -30.83 LEFT    1.0010E-04   -391.93  5.9835E-05   -216.49
   40.00     25.00     -0.22    -4.24     1.23      0.0424    -32.14 LEFT    9.7155E-05   -392.21  6.1147E-05   -217.60
   45.00     25.00     -0.53    -4.15     1.04      0.0489    -33.33 LEFT    9.3773E-05   -392.55  6.1802E-05   -218.64
   50.00     25.00     -0.89    -4.19     0.78      0.0541    -34.30 LEFT    8.9933E-05   -392.93  6.1493E-05   -219.58
   55.00     25.00     -1.32    -4.42     0.41      0.0577    -34.92 LEFT    8.5583E-05   -393.38  5.9908E-05   -220.40
   60.00     25.00     -1.84    -4.89    -0.09      0.0591    -35.08 LEFT    8.0618E-05   -393.90  5.6760E-05   -221.09
   65.00     25.00     -2.48    -5.68    -0.78      0.0581    -34.63 LEFT    7.4836E-05   -394.52  5.1822E-05   -221.63
   70.00     25.00     -3.33    -6.91    -1.75      0.0542    -33.45 LEFT    6.7872E-05   -395.27  4.4954E-05   -222.01
   75.00     25.00     -4.54    -8.81    -3.16      0.0467    -31.40 LEFT    5.9056E-05   -396.23  3.6140E-05   -222.24
   80.00     25.00     -6.50   -11.83    -5.39      0.0349    -28.38 LEFT    4.7118E-05   -397.52  2.5506E-05   -222.30
   85.00     25.00    -10.58   -17.47    -9.77      0.0184    -24.32 LEFT    2.9459E-05   -399.41  1.3323E-05   -222.21
   90.00     25.00   -999.99  -999.99  -999.99      0.0000      0.00         2.3021E-15   -222.52  8.0282E-16   -401.96
    0.00     30.00      0.42    -4.35     1.67      0.0000    -30.00 LINEAR  1.0454E-04   -391.02  6.0357E-05   -211.02
    5.00     30.00      0.41    -4.31     1.67      0.0010    -30.16 LEFT    1.0437E-04   -391.04  6.0648E-05   -211.17
   10.00     30.00      0.36    -4.19     1.67      0.0040    -30.63 LEFT    1.0386E-04   -391.09  6.1502E-05   -211.61
   15.00     30.00      0.29    -4.00     1.67      0.0087    -31.40 LEFT    1.0300E-04   -391.19  6.2869E-05   -212.31
   20.00     30.00      0.19    -3.75     1.66      0.0149    -32.42 LEFT    1.0178E-04   -391.32  6.4655E-05   -213.20
   25.00     30.00      0.05    -3.48     1.64      0.0222    -33.65 LEFT    1.0019E-04   -391.49  6.6725E-05   -214.24
   30.00     30.00     -0.12    -3.20     1.61      0.0301    -35.03 LEFT    9.8201E-05   -391.70  6.8891E-05   -215.36
   35.00     30.00     -0.34    -2.95     1.56      0.0380    -36.48 LEFT    9.5819E-05   -391.94  7.0911E-05   -216.50
   40.00     30.00     -0.59    -2.76     1.47      0.0455    -37.90 LEFT    9.3029E-05   -392.23  7.2492E-05   -217.61
   45.00     30.00     -0.90    -2.67     1.32      0.0520    -39.18 LEFT    8.9818E-05   -392.57  7.3295E-05   -218.65
   50.00     30.00     -1.26    -2.71     1.09      0.0571    -40.22 LEFT    8.6162E-05   -392.96  7.2953E-05   -219.59
   55.00     30.00     -1.69    -2.93     0.74      0.0605    -40.89 LEFT    8.2011E-05   -393.42  7.1094E-05   -220.42
   60.00     30.00     -2.21    -3.40     0.25      0.0620    -41.06 LEFT    7.7262E-05   -393.94  6.7377E-05   -221.10
   65.00     30.00     -2.85    -4.19    -0.46      0.0611    -40.59 LEFT    7.1725E-05   -394.57  6.1529E-05   -221.64
   70.00     30.00     -3.70    -5.42    -1.47      0.0574    -39.34 LEFT    6.5051E-05   -395.33  5.3385E-05   -222.02
   75.00     30.00     -4.91    -7.31    -2.94      0.0501    -37.14 LEFT    5.6599E-05   -396.29  4.2925E-05   -222.25
   80.00     30.00     -6.87   -10.34    -5.26      0.0382    -33.83 LEFT    4.5156E-05   -397.58  3.0297E-05   -222.31
   85.00     30.00    -10.95   -15.98    -9.77      0.0205    -29.26 LEFT    2.8231E-05   -399.47  1.5827E-05   -222.22
   90.00     30.00   -999.99  -999.99  -999.99      0.0000      0.00         2.2061E-15   -222.58  9.5373E-16   -401.97
    0.00     35.00     -0.06    -3.16     1.67      0.0000    -35.00 LINEAR  9.8883E-05   -391.02  6.9239E-05   -211.02
    5.00     35.00     -0.08    -3.12     1.67      0.0011    -35.17 LEFT    9.8728E-05   -391.04  6.9576E-05   -211.17
   10.00     35.00     -0.12    -2.99     1.69      0.0043    -35.68 LEFT    9.8260E-05   -391.09  7.0566E-05   -211.61
   15.00     35.00     -0.19    -2.80     1.71      0.0093    -36.51 LEFT    9.7470E-05   -391.19  7.2151E-05   -212.31
   20.00     35.00     -0.29    -2.56     1.73      0.0159    -37.61 LEFT    9.6344E-05   -391.32  7.4224E-05   -213.21
   25.00     35.00     -0.42    -2.28     1.76      0.0235    -38.92 LEFT    9.4867E-05   -391.50  7.6627E-05   -214.25
   30.00     35.00     -0.59    -2.00     1.77      0.0315    -40.38 LEFT    9.3025E-05   -391.71  7.9145E-05   -215.37
   35.00     35.00     -0.80    -1.74     1.76      0.0395    -41.90 LEFT    9.0805E-05   -391.96  8.1499E-05   -216.51
   40.00     35.00     -1.06    -1.55     1.71      0.0468    -43.37 LEFT    8.8195E-05   -392.26  8.3349E-05   -217.62
   45.00     35.00     -1.36    -1.45     1.61      0.0529    -44.70 LEFT    8.5180E-05   -392.60  8.4305E-05   -218.66
   50.00     35.00     -1.72    -1.49     1.41      0.0577    -45.77 LEFT    8.1737E-05   -393.00  8.3943E-05   -219.61
   55.00     35.00     -2.15    -1.71     1.09      0.0608    -46.45 LEFT    7.7815E-05   -393.46  8.1832E-05   -220.43
   60.00     35.00     -2.66    -2.17     0.60      0.0621    -46.63 LEFT    7.3319E-05   -393.99  7.7577E-05   -221.11
   65.00     35.00     -3.31    -2.96    -0.12      0.0614    -46.16 LEFT    6.8069E-05   -394.62  7.0862E-05   -221.65
   70.00     35.00     -4.16    -4.19    -1.16      0.0581    -44.89 LEFT    6.1735E-05   -395.38  6.1496E-05   -222.03
   75.00     35.00     -5.37    -6.08    -2.70      0.0514    -42.62 LEFT    5.3712E-05   -396.35  4.9455E-05   -222.26
   80.00     35.00     -7.33    -9.11    -5.12      0.0400    -39.15 LEFT    4.2850E-05   -397.64  3.4910E-05   -222.33
   85.00     35.00    -11.41   -14.75    -9.75      0.0219    -34.24 LEFT    2.6788E-05   -399.53  1.8238E-05   -222.23
   90.00     35.00   -999.99  -999.99  -999.99      0.0000      0.00         2.0934E-15   -222.65  1.0990E-15   -401.98
    0.00     40.00     -0.65    -2.17     1.67      0.0000    -40.00 LINEAR  9.2473E-05   -391.02  7.7594E-05   -211.02
    5.00     40.00     -0.66    -2.13     1.68      0.0011    -40.18 LEFT    9.2333E-05   -391.04  7.7975E-05   -211.17
   10.00     40.00     -0.70    -2.00     1.71      0.0045    -40.72 LEFT    9.1909E-05   -391.10  7.9098E-05   -211.61
   15.00     40.00     -0.77    -1.81     1.75      0.0097    -41.57 LEFT    9.1192E-05   -391.19  8.0894E-05   -212.31
   20.00     40.00     -0.87    -1.56     1.81      0.0164    -42.71 LEFT    9.0168E-05   -391.33  8.3244E-05   -213.21
   25.00     40.00     -1.00    -1.28     1.87      0.0240    -44.07 LEFT    8.8820E-05   -391.51  8.5972E-05   -214.26
   30.00     40.00     -1.16    -1.00     1.93      0.0319    -45.56 LEFT    8.7132E-05   -391.72  8.8834E-05   -215.38
   35.00     40.00     -1.37    -0.74     1.97      0.0395    -47.09 LEFT    8.5089E-05   -391.98  9.1515E-05   -216.52
   40.00     40.00     -1.62    -0.54     1.97      0.0464    -48.57 LEFT    8.2678E-05   -392.28  9.3634E-05   -217.63
   45.00     40.00     -1.92    -0.44     1.90      0.0520    -49.89 LEFT    7.9881E-05   -392.63  9.4747E-05   -218.67
   50.00     40.00     -2.27    -0.47     1.73      0.0563    -50.95 LEFT    7.6676E-05   -393.03  9.4377E-05   -219.62
   55.00     40.00     -2.70    -0.69     1.43      0.0591    -51.62 LEFT    7.3013E-05   -393.50  9.2036E-05   -220.44
   60.00     40.00     -3.21    -1.15     0.95      0.0602    -51.80 LEFT    6.8805E-05   -394.04  8.7279E-05   -221.13
   65.00     40.00     -3.86    -1.93     0.22      0.0596    -51.35 LEFT    6.3882E-05   -394.67  7.9746E-05   -221.66
   70.00     40.00     -4.71    -3.16    -0.86      0.0568    -50.10 LEFT    5.7937E-05   -395.45  6.9222E-05   -222.05
   75.00     40.00     -5.92    -5.05    -2.45      0.0509    -47.86 LEFT    5.0406E-05   -396.42  5.5678E-05   -222.27
   80.00     40.00     -7.88    -8.08    -4.97      0.0404    -44.35 LEFT    4.0211E-05   -397.71  3.9309E-05   -222.34
   85.00     40.00    -11.96   -13.72    -9.74      0.0226    -39.24 LEFT    2.5137E-05   -399.61  2.0537E-05   -222.25
   90.00     40.00   -999.99  -999.99  -999.99      0.0000      0.00         1.9643E-15   -222.72  1.2376E-15   -402.00
    0.00     45.00     -1.34    -1.34     1.67      0.0000    -45.00 LINEAR  8.5358E-05   -391.02  8.5358E-05   -211.02
    5.00     45.00     -1.35    -1.30     1.68      0.0012    -45.18 LEFT    8.5233E-05   -391.04  8.5782E-05   -211.17
   10.00     45.00     -1.39    -1.17     1.73      0.0045    -45.73 LEFT    8.4856E-05   -391.10  8.7031E-05   -211.61
   15.00     45.00     -1.46    -0.98     1.80      0.0097    -46.59 LEFT    8.4216E-05   -391.20  8.9030E-05   -212.31
   20.00     45.00     -1.55    -0.72     1.89      0.0163    -47.73 LEFT    8.3298E-05   -391.34  9.1647E-05   -213.22
   25.00     45.00     -1.68    -0.44     1.99      0.0237    -49.08 LEFT    8.2086E-05   -391.52  9.4687E-05   -214.26
   30.00     45.00     -1.84    -0.15     2.09      0.0313    -50.55 LEFT    8.0561E-05   -391.74  9.7881E-05   -215.39
   35.00     45.00     -2.05     0.11     2.17      0.0384    -52.06 LEFT    7.8707E-05   -392.00  1.0088E-04   -216.53
   40.00     45.00     -2.29     0.31     2.21      0.0446    -53.50 LEFT    7.6508E-05   -392.31  1.0326E-04   -217.64
   45.00     45.00     -2.59     0.42     2.18      0.0496    -54.77 LEFT    7.3949E-05   -392.66  1.0453E-04   -218.69
   50.00     45.00     -2.94     0.39     2.05      0.0533    -55.78 LEFT    7.1003E-05   -393.07  1.0417E-04   -219.63
   55.00     45.00     -3.36     0.17     1.77      0.0557    -56.43 LEFT    6.7628E-05   -393.54  1.0162E-04   -220.45
   60.00     45.00     -3.88    -0.29     1.29      0.0567    -56.61 LEFT    6.3739E-05   -394.09  9.6401E-05   -221.14
   65.00     45.00     -4.52    -1.07     0.55      0.0562    -56.18 LEFT    5.9183E-05   -394.73  8.8106E-05   -221.68
   70.00     45.00     -5.37    -2.29    -0.56      0.0538    -55.00 LEFT    5.3676E-05   -395.51  7.6496E-05   -222.06
   75.00     45.00     -6.58    -4.18    -2.21      0.0488    -52.85 LEFT    4.6696E-05   -396.48  6.1541E-05   -222.29
   80.00     45.00     -8.54    -7.21    -4.81      0.0394    -49.41 LEFT    3.7249E-05   -397.79  4.3453E-05   -222.35
   85.00     45.00    -12.63   -12.84    -9.72      0.0225    -44.28 LEFT    2.3285E-05   -399.68  2.2704E-05   -222.26
   90.00     45.00   -999.99  -999.99  -999.99      0.0000      0.00         1.8196E-15   -222.79  1.3683E-15   -402.01
    0.00     50.00     -2.17    -0.65     1.67      0.0000    -50.00 LINEAR  7.7594E-05   -391.02  9.2473E-05   -211.02
    5.00     50.00     -2.18    -0.60     1.69      0.0011    -50.18 LEFT    7.7485E-05   -391.04  9.2937E-05   -211.17
   10.00     50.00     -2.22    -0.48     1.75      0.0044    -50.71 LEFT    7.7154E-05   -391.10  9.4305E-05   -211.62
   15.00     50.00     -2.28    -0.28     1.85      0.0095    -51.56 LEFT    7.6591E-05   -391.20  9.6495E-05   -212.32
   20.00     50.00     -2.38    -0.02     1.97      0.0158    -52.67 LEFT    7.5782E-05   -391.34  9.9365E-05   -213.22
   25.00     50.00     -2.50     0.26     2.11      0.0228    -53.98 LEFT    7.4709E-05   -391.53  1.0270E-04   -214.27
   30.00     50.00     -2.66     0.56     2.25      0.0297    -55.39 LEFT    7.3353E-05   -391.75  1.0621E-04   -215.40
   35.00     50.00     -2.86     0.82     2.37      0.0362    -56.82 LEFT    7.1696E-05   -392.02  1.0951E-04   -216.54
   40.00     50.00     -3.10     1.03     2.45      0.0417    -58.18 LEFT    6.9723E-05   -392.33  1.1215E-04   -217.65
   45.00     50.00     -3.39     1.14     2.45      0.0460    -59.37 LEFT    6.7416E-05   -392.69  1.1358E-04   -218.70
   50.00     50.00     -3.74     1.11     2.34      0.0492    -60.32 LEFT    6.4751E-05   -393.11  1.1323E-04   -219.64
   55.00     50.00     -4.16     0.90     2.08      0.0511    -60.92 LEFT    6.1687E-05   -393.59  1.1050E-04   -220.47
   60.00     50.00     -4.68     0.45     1.61      0.0519    -61.09 LEFT    5.8149E-05   -394.14  1.0486E-04   -221.15
   65.00     50.00     -5.32    -0.33     0.86      0.0515    -60.70 LEFT    5.3996E-05   -394.79  9.5862E-05   -221.69
   70.00     50.00     -6.17    -1.56    -0.27      0.0496    -59.61 LEFT    4.8972E-05   -395.57  8.3250E-05   -222.08
   75.00     50.00     -7.38    -3.45    -1.97      0.0455    -57.60 LEFT    4.2602E-05   -396.55  6.6986E-05   -222.30
   80.00     50.00     -9.34    -6.47    -4.66      0.0373    -54.33 LEFT    3.3982E-05   -397.86  4.7305E-05   -222.37
   85.00     50.00    -13.42   -12.11    -9.70      0.0217    -49.33 LEFT    2.1241E-05   -399.75  2.4719E-05   -222.27
   90.00     50.00   -999.99  -999.99  -999.99      0.0000      0.00         1.6598E-15   -222.87  1.4897E-15   -402.02
    0.00     55.00     -3.16    -0.06     1.67      0.0000    -55.00 LINEAR  6.9239E-05   -391.02  9.8883E-05   -211.02
    5.00     55.00     -3.17    -0.02     1.69      0.0011    -55.17 LEFT    6.9145E-05   -391.04  9.9386E-05   -211.17
   10.00     55.00     -3.21     0.11     1.77      0.0042    -55.68 LEFT    6.8861E-05   -391.10  1.0086E-04   -211.62
   15.00     55.00     -3.27     0.31     1.89      0.0090    -56.48 LEFT    6.8376E-05   -391.20  1.0323E-04   -212.32
   20.00     55.00     -3.36     0.57     2.04      0.0149    -57.53 LEFT    6.7676E-05   -391.35  1.0634E-04   -213.23
   25.00     55.00     -3.48     0.86     2.22      0.0212    -58.75 LEFT    6.6743E-05   -391.54  1.0995E-04   -214.28
   30.00     55.00     -3.63     1.15     2.40      0.0275    -60.07 LEFT    6.5559E-05   -391.77  1.1375E-04   -215.40
   35.00     55.00     -3.83     1.42     2.56      0.0331    -61.39 LEFT    6.4106E-05   -392.04  1.1734E-04   -216.55
   40.00     55.00     -4.07     1.63     2.67      0.0379    -62.64 LEFT    6.2367E-05   -392.36  1.2021E-04   -217.67
   45.00     55.00     -4.36     1.75     2.70      0.0416    -63.73 LEFT    6.0326E-05   -392.72  1.2180E-04   -218.71
   50.00     55.00     -4.70     1.72     2.61      0.0442    -64.58 LEFT    5.7959E-05   -393.14  1.2147E-04   -219.66
   55.00     55.00     -5.12     1.51     2.37      0.0458    -65.13 LEFT    5.5229E-05   -393.63  1.1859E-04   -220.48
   60.00     55.00     -5.64     1.06     1.90      0.0464    -65.28 LEFT    5.2068E-05   -394.19  1.1257E-04   -221.17
   65.00     55.00     -6.28     0.28     1.15      0.0461    -64.94 LEFT    4.8353E-05   -394.84  1.0294E-04   -221.70
   70.00     55.00     -7.13    -0.94    -0.00      0.0445    -63.96 LEFT    4.3854E-05   -395.63  8.9415E-05   -222.09
   75.00     55.00     -8.34    -2.82    -1.75      0.0412    -62.14 LEFT    3.8149E-05   -396.62  7.1960E-05   -222.31
   80.00     55.00    -10.30    -5.85    -4.52      0.0343    -59.13 LEFT    3.0428E-05   -397.93  5.0823E-05   -222.38
   85.00     55.00    -14.38   -11.48    -9.68      0.0203    -54.40 LEFT    1.9019E-05   -399.83  2.6559E-05   -222.29
   90.00     55.00   -999.99  -999.99  -999.99      0.0000      0.00         1.4862E-15   -222.95  1.6007E-15   -402.04
    0.00     60.00     -4.35     0.42     1.67      0.0000    -60.00 LINEAR  6.0357E-05   -391.02  1.0454E-04   -211.02
    5.00     60.00     -4.36     0.46     1.70      0.0010    -60.16 LEFT    6.0279E-05   -391.04  1.0508E-04   -211.17
   10.00     60.00     -4.40     0.59     1.79      0.0039    -60.62 LEFT    6.0039E-05   -391.10  1.0666E-04   -211.62
   15.00     60.00     -4.46     0.80     1.93      0.0082    -61.36 LEFT    5.9630E-05   -391.21  1.0919E-04   -212.32
   20.00     60.00     -4.54     1.06     2.11      0.0135    -62.32 LEFT    5.9038E-05   -391.36  1.1250E-04   -213.23
   25.00     60.00     -4.66     1.35     2.32      0.0191    -63.43 LEFT    5.8245E-05   -391.55  1.1636E-04   -214.28
   30.00     60.00     -4.81     1.65     2.53      0.0246    -64.61 LEFT    5.7234E-05   -391.78  1.2044E-04   -215.41
   35.00     60.00     -5.00     1.92     2.72      0.0294    -65.79 LEFT    5.5988E-05   -392.06  1.2429E-04   -216.56
   40.00     60.00     -5.24     2.14     2.87      0.0334    -66.90 LEFT    5.4491E-05   -392.38  1.2738E-04   -217.68
   45.00     60.00     -5.53     2.25     2.92      0.0365    -67.86 LEFT    5.2725E-05   -392.75  1.2911E-04   -218.72
   50.00     60.00     -5.87     2.23     2.86      0.0386    -68.62 LEFT    5.0671E-05   -393.18  1.2881E-04   -219.67
   55.00     60.00     -6.29     2.03     2.62      0.0398    -69.10 LEFT    4.8294E-05   -393.67  1.2579E-04   -220.49
   60.00     60.00     -6.80     1.58     2.17      0.0403    -69.24 LEFT    4.5537E-05   -394.23  1.1944E-04   -221.18
   65.00     60.00     -7.44     0.80     1.41      0.0401    -68.94 LEFT    4.2290E-05   -394.90  1.0925E-04   -221.72
   70.00     60.00     -8.29    -0.42     0.24      0.0389    -68.09 LEFT    3.8355E-05   -395.69  9.4923E-05   -222.10
   75.00     60.00     -9.50    -2.30    -1.55      0.0361    -66.48 LEFT    3.3365E-05   -396.68  7.6405E-05   -222.33
   80.00     60.00    -11.47    -5.32    -4.38      0.0305    -63.79 LEFT    2.6611E-05   -397.99  5.3970E-05   -222.39
   85.00     60.00    -15.55   -10.96    -9.66      0.0184    -59.48 LEFT    1.6632E-05   -399.89  2.8206E-05   -222.30
   90.00     60.00   -999.99  -999.99  -999.99      0.0000      0.00         1.2996E-15   -223.01  1.6999E-15   -402.05
    0.00     65.00     -5.81     0.81     1.67      0.0000    -65.00 LINEAR  5.1016E-05   -391.02  1.0940E-04   -211.02
    5.00     65.00     -5.82     0.86     1.70      0.0009    -65.14 LEFT    5.0952E-05   -391.04  1.0997E-04   -211.17
   10.00     65.00     -5.86     0.99     1.81      0.0034    -65.55 LEFT    5.0756E-05   -391.10  1.1164E-04   -211.62
   15.00     65.00     -5.91     1.19     1.97      0.0072    -66.20 LEFT    5.0421E-05   -391.21  1.1431E-04   -212.33
   20.00     65.00     -6.00     1.46     2.17      0.0118    -67.04 LEFT    4.9934E-05   -391.36  1.1781E-04   -213.24
   25.00     65.00     -6.11     1.75     2.41      0.0166    -68.00 LEFT    4.9280E-05   -391.55  1.2190E-04   -214.29
   30.00     65.00     -6.26     2.05     2.65      0.0212    -69.03 LEFT    4.8442E-05   -391.79  1.2621E-04   -215.42
   35.00     65.00     -6.45     2.33     2.87      0.0252    -70.05 LEFT    4.7404E-05   -392.07  1.3029E-04   -216.57
   40.00     65.00     -6.68     2.55     3.04      0.0285    -71.00 LEFT    4.6152E-05   -392.40  1.3358E-04   -217.69
   45.00     65.00     -6.97     2.67     3.12      0.0309    -71.82 LEFT    4.4671E-05   -392.78  1.3544E-04   -218.73
   50.00     65.00     -7.31     2.65     3.07      0.0326    -72.46 LEFT    4.2941E-05   -393.21  1.3517E-04   -219.68
   55.00     65.00     -7.72     2.45     2.85      0.0335    -72.87 LEFT    4.0935E-05   -393.70  1.3204E-04   -220.50
   60.00     65.00     -8.23     2.00     2.39      0.0339    -72.99 LEFT    3.8603E-05   -394.27  1.2541E-04   -221.19
   65.00     65.00     -8.88     1.23     1.63      0.0337    -72.74 LEFT    3.5852E-05   -394.94  1.1474E-04   -221.73
   70.00     65.00     -9.72     0.01     0.45      0.0328    -72.02 LEFT    3.2517E-05   -395.74  9.9709E-05   -222.11
   75.00     65.00    -10.94    -1.88    -1.37      0.0306    -70.66 LEFT    2.8285E-05   -396.73  8.0270E-05   -222.34
   80.00     65.00    -12.90    -4.89    -4.26      0.0261    -68.35 LEFT    2.2558E-05   -398.05  5.6706E-05   -222.40
   85.00     65.00    -16.98   -10.53    -9.64      0.0160    -64.57 LEFT    1.4099E-05   -399.95  2.9638E-05   -222.31
   90.00     65.00   -999.99  -999.99  -999.99      0.0000      0.00         1.1016E-15   -223.07  1.7863E-15   -402.06
    0.00     70.00     -7.65     1.13     1.67      0.0000    -70.00 LINEAR  4.1287E-05   -391.02  1.1343E-04   -211.02
    5.00     70.00     -7.66     1.17     1.71      0.0007    -70.12 LEFT    4.1236E-05   -391.04  1.1403E-04   -211.17
   10.00     70.00     -7.69     1.31     1.82      0.0028    -70.46 LEFT    4.1083E-05   -391.10  1.1577E-04   -211.62
   15.00     70.00     -7.75     1.51     2.00      0.0060    -71.00 LEFT    4.0819E-05   -391.21  1.1856E-04   -212.33
   20.00     70.00     -7.83     1.78     2.23      0.0098    -71.70 LEFT    4.0434E-05   -391.37  1.2222E-04   -213.24
   25.00     70.00     -7.94     2.07     2.49      0.0137    -72.50 LEFT    3.9915E-05   -391.56  1.2649E-04   -214.30
   30.00     70.00     -8.09     2.38     2.75      0.0174    -73.35 LEFT    3.9249E-05   -391.80  1.3100E-04   -215.43
   35.00     70.00     -8.28     2.66     2.99      0.0206    -74.18 LEFT    3.8420E-05   -392.09  1.3528E-04   -216.58
   40.00     70.00     -8.51     2.88     3.18      0.0231    -74.96 LEFT    3.7417E-05   -392.42  1.3875E-04   -217.69
   45.00     70.00     -8.79     3.00     3.28      0.0250    -75.63 LEFT    3.6226E-05   -392.80  1.4072E-04   -218.74
   50.00     70.00     -9.13     2.99     3.24      0.0263    -76.15 LEFT    3.4831E-05   -393.23  1.4048E-04   -219.69
   55.00     70.00     -9.54     2.78     3.03      0.0270    -76.48 LEFT    3.3209E-05   -393.73  1.3727E-04   -220.51
   60.00     70.00    -10.05     2.34     2.58      0.0273    -76.58 LEFT    3.1320E-05   -394.31  1.3040E-04   -221.20
   65.00     70.00    -10.69     1.57     1.82      0.0271    -76.38 LEFT    2.9090E-05   -394.98  1.1933E-04   -221.74
   70.00     70.00    -11.54     0.35     0.62      0.0264    -75.80 LEFT    2.6384E-05   -395.78  1.0371E-04   -222.12
   75.00     70.00    -12.75    -1.53    -1.22      0.0248    -74.69 LEFT    2.2949E-05   -396.78  8.3506E-05   -222.35
   80.00     70.00    -14.72    -4.55    -4.15      0.0213    -72.80 LEFT    1.8302E-05   -398.10  5.8997E-05   -222.41
   85.00     70.00    -18.80   -10.19    -9.63      0.0132    -69.66 LEFT    1.1439E-05   -400.01  3.0837E-05   -222.32
   90.00     70.00   -999.99  -999.99  -999.99      0.0000      0.00         8.9376E-16   -223.12  1.8586E-15   -402.07
    0.00     75.00    -10.07     1.37     1.67      0.0000    -75.00 LINEAR  3.1243E-05   -391.02  1.1660E-04   -211.02
    5.00     75.00    -10.08     1.41     1.71      0.0006    -75.09 LEFT    3.1206E-05   -391.04  1.1721E-04   -211.17
   10.00     75.00    -10.11     1.55     1.83      0.0022    -75.36 LEFT    3.1093E-05   -391.11  1.1901E-04   -211.62
   15.00     75.00    -10.17     1.75     2.02      0.0046    -75.78 LEFT    3.0898E-05   -391.22  1.2190E-04   -212.33
   20.00     75.00    -10.25     2.02     2.27      0.0075    -76.32 LEFT    3.0612E-05   -391.37  1.2569E-04   -213.24
   25.00     75.00    -10.36     2.32     2.55      0.0105    -76.93 LEFT    3.0226E-05   -391.57  1.3011E-04   -214.30
   30.00     75.00    -10.50     2.63     2.83      0.0133    -77.58 LEFT    2.9729E-05   -391.81  1.3479E-04   -215.43
   35.00     75.00    -10.69     2.91     3.09      0.0157    -78.22 LEFT    2.9109E-05   -392.10  1.3922E-04   -216.58
   40.00     75.00    -10.91     3.13     3.30      0.0175    -78.81 LEFT    2.8355E-05   -392.43  1.4282E-04   -217.70
   45.00     75.00    -11.19     3.25     3.41      0.0189    -79.32 LEFT    2.7459E-05   -392.82  1.4489E-04   -218.75
   50.00     75.00    -11.53     3.24     3.38      0.0198    -79.72 LEFT    2.6406E-05   -393.26  1.4467E-04   -219.70
   55.00     75.00    -11.95     3.04     3.18      0.0203    -79.97 LEFT    2.5180E-05   -393.76  1.4140E-04   -220.52
   60.00     75.00    -12.45     2.60     2.73      0.0205    -80.04 LEFT    2.3750E-05   -394.34  1.3435E-04   -221.21
   65.00     75.00    -13.09     1.83     1.97      0.0204    -79.89 LEFT    2.2060E-05   -395.01  1.2297E-04   -221.75
   70.00     75.00    -13.94     0.61     0.76      0.0199    -79.46 LEFT    2.0007E-05   -395.82  1.0689E-04   -222.13
   75.00     75.00    -15.15    -1.27    -1.10      0.0187    -78.62 LEFT    1.7403E-05   -396.82  8.6070E-05   -222.35
   80.00     75.00    -17.12    -4.29    -4.07      0.0162    -77.18 LEFT    1.3878E-05   -398.14  6.0814E-05   -222.42
   85.00     75.00    -21.20    -9.92    -9.61      0.0101    -74.75 LEFT    8.6736E-06   -400.05  3.1788E-05   -222.33
   90.00     75.00   -999.99  -999.99  -999.99      0.0000      0.00         6.7772E-16   -223.16  1.9160E-15   -402.08
    0.00     80.00    -13.54     1.54     1.67      0.0000    -80.00 LINEAR  2.0962E-05   -391.02  1.1888E-04   -211.02
    5.00     80.00    -13.55     1.58     1.71      0.0004    -80.06 LEFT    2.0937E-05   -391.04  1.1951E-04   -211.17
   10.00     80.00    -13.58     1.71     1.84      0.0015    -80.25 LEFT    2.0863E-05   -391.11  1.2135E-04   -211.62
   15.00     80.00    -13.63     1.92     2.04      0.0032    -80.53 LEFT    2.0734E-05   -391.22  1.2431E-04   -212.33
   20.00     80.00    -13.71     2.19     2.30      0.0051    -80.90 LEFT    2.0546E-05   -391.37  1.2819E-04   -213.25
   25.00     80.00    -13.82     2.49     2.59      0.0071    -81.32 LEFT    2.0290E-05   -391.57  1.3272E-04   -214.30
   30.00     80.00    -13.96     2.80     2.89      0.0090    -81.76 LEFT    1.9960E-05   -391.82  1.3751E-04   -215.44
   35.00     80.00    -14.15     3.08     3.16      0.0106    -82.19 LEFT    1.9547E-05   -392.10  1.4207E-04   -216.59
   40.00     80.00    -14.37     3.31     3.38      0.0118    -82.59 LEFT    1.9044E-05   -392.44  1.4577E-04   -217.71
   45.00     80.00    -14.65     3.43     3.50      0.0127    -82.93 LEFT    1.8445E-05   -392.83  1.4791E-04   -218.75
   50.00     80.00    -14.99     3.42     3.48      0.0133    -83.19 LEFT    1.7740E-05   -393.27  1.4771E-04   -219.70
   55.00     80.00    -15.40     3.22     3.28      0.0136    -83.36 LEFT    1.6918E-05   -393.78  1.4439E-04   -220.53
   60.00     80.00    -15.91     2.78     2.84      0.0137    -83.41 LEFT    1.5958E-05   -394.36  1.3721E-04   -221.21
   65.00     80.00    -16.55     2.01     2.07      0.0136    -83.31 LEFT    1.4823E-05   -395.04  1.2560E-04   -221.75
   70.00     80.00    -17.40     0.80     0.86      0.0133    -83.02 LEFT    1.3444E-05   -395.85  1.0919E-04   -222.13
   75.00     80.00    -18.61    -1.08    -1.01      0.0126    -82.46 LEFT    1.1694E-05   -396.85  8.7928E-05   -222.36
   80.00     80.00    -20.57    -4.10    -4.00      0.0109    -81.49 LEFT    9.3254E-06   -398.17  6.2130E-05   -222.43
   85.00     80.00    -24.66    -9.74    -9.60      0.0068    -79.83 LEFT    5.8280E-06   -400.08  3.2477E-05   -222.33
   90.00     80.00   -999.99  -999.99  -999.99      0.0000      0.00         4.5537E-16   -223.20  1.9575E-15   -402.08
    0.00     85.00    -19.53     1.64     1.67      0.0000    -85.00 LINEAR  1.0521E-05   -391.02  1.2026E-04   -211.02
    5.00     85.00    -19.54     1.68     1.71      0.0002    -85.03 LEFT    1.0509E-05   -391.04  1.2089E-04   -211.17
   10.00     85.00    -19.57     1.81     1.85      0.0008    -85.12 LEFT    1.0472E-05   -391.11  1.2276E-04   -211.62
   15.00     85.00    -19.62     2.02     2.05      0.0016    -85.27 LEFT    1.0408E-05   -391.22  1.2576E-04   -212.33
   20.00     85.00    -19.70     2.29     2.32      0.0026    -85.46 LEFT    1.0314E-05   -391.37  1.2970E-04   -213.25
   25.00     85.00    -19.81     2.59     2.62      0.0036    -85.67 LEFT    1.0187E-05   -391.57  1.3430E-04   -214.30
   30.00     85.00    -19.95     2.90     2.93      0.0045    -85.89 LEFT    1.0022E-05   -391.82  1.3916E-04   -215.44
   35.00     85.00    -20.13     3.19     3.21      0.0053    -86.11 LEFT    9.8161E-06   -392.11  1.4379E-04   -216.59
   40.00     85.00    -20.35     3.41     3.43      0.0059    -86.31 LEFT    9.5648E-06   -392.45  1.4755E-04   -217.71
   45.00     85.00    -20.63     3.54     3.56      0.0064    -86.48 LEFT    9.2647E-06   -392.84  1.4973E-04   -218.76
   50.00     85.00    -20.97     3.53     3.54      0.0066    -86.61 LEFT    8.9115E-06   -393.28  1.4955E-04   -219.70
   55.00     85.00    -21.38     3.33     3.35      0.0068    -86.70 LEFT    8.4991E-06   -393.79  1.4620E-04   -220.53
   60.00     85.00    -21.89     2.89     2.90      0.0069    -86.72 LEFT    8.0172E-06   -394.37  1.3894E-04   -221.22
   65.00     85.00    -22.53     2.12     2.14      0.0068    -86.67 LEFT    7.4470E-06   -395.05  1.2719E-04   -221.75
   70.00     85.00    -23.38     0.91     0.92      0.0067    -86.53 LEFT    6.7542E-06   -395.86  1.1058E-04   -222.14
   75.00     85.00    -24.59    -0.97    -0.95      0.0063    -86.24 LEFT    5.8748E-06   -396.87  8.9054E-05   -222.36
   80.00     85.00    -26.55    -3.99    -3.97      0.0055    -85.75 LEFT    4.6849E-06   -398.19  6.2927E-05   -222.43
   85.00     85.00    -30.64    -9.62    -9.59      0.0035    -84.92 LEFT    2.9278E-06   -400.10  3.2894E-05   -222.34
   90.00     85.00   -999.99  -999.99  -999.99      0.0000      0.00         2.2877E-16   -223.23  1.9827E-15   -402.08
    0.00     90.00   -999.99     1.67     1.67      0.0000     90.00 LINEAR  6.1606E-16   -211.02  1.2071E-04   -211.02
    5.00     90.00   -999.99     1.71     1.71      0.0000    -90.00 LINEAR  2.1904E-15   -479.69  1.2135E-04   -211.17
   10.00     90.00   -999.99     1.85     1.85      0.0000    -90.00 LINEAR  4.5270E-15   -471.99  1.2323E-04   -211.62
   15.00     90.00   -999.99     2.06     2.06      0.0000    -90.00 LINEAR  7.0537E-15   -469.94  1.2625E-04   -212.33
   20.00     90.00   -999.99     2.33     2.33      0.0000    -90.00 LINEAR  9.7990E-15   -469.37  1.3020E-04   -213.25
   25.00     90.00   -197.84     2.63     2.63      0.0000    -90.00 LINEAR  1.2776E-14   -469.38  1.3483E-04   -214.31
   30.00     90.00   -195.91     2.94     2.94      0.0000    -90.00 LINEAR  1.5960E-14   -469.66  1.3971E-04   -215.44
   35.00     90.00   -194.26     3.22     3.22      0.0000    -90.00 LINEAR  1.9280E-14   -470.03  1.4436E-04   -216.59
   40.00     90.00   -192.88     3.45     3.45      0.0000    -90.00 LINEAR  2.2623E-14   -470.40  1.4815E-04   -217.71
   45.00     90.00   -191.72     3.57     3.57      0.0000    -90.00 LINEAR  2.5833E-14   -470.74  1.5034E-04   -218.76
   50.00     90.00   -190.80     3.56     3.56      0.0000    -90.00 LINEAR  2.8722E-14   -471.03  1.5016E-04   -219.71
   55.00     90.00   -190.12     3.37     3.37      0.0000    -90.00 LINEAR  3.1076E-14   -471.29  1.4680E-04   -220.53
   60.00     90.00   -189.69     2.93     2.93      0.0000    -90.00 LINEAR  3.2661E-14   -471.55  1.3952E-04   -221.22
   65.00     90.00   -189.54     2.16     2.16      0.0000    -90.00 LINEAR  3.3215E-14   -471.85  1.2773E-04   -221.76
   70.00     90.00   -189.75     0.94     0.94      0.0000    -90.00 LINEAR  3.2422E-14   -472.27  1.1105E-04   -222.14
   75.00     90.00   -190.47    -0.94    -0.94      0.0000    -90.00 LINEAR  2.9847E-14   -472.91  8.9431E-05   -222.37
   80.00     90.00   -192.08    -3.95    -3.95      0.0000    -90.00 LINEAR  2.4780E-14   -473.94  6.3195E-05   -222.43
   85.00     90.00   -195.96    -9.59    -9.59      0.0000    -90.00 LINEAR  1.5864E-14   -475.66  3.3034E-05   -222.34
   90.00     90.00   -999.99  -999.99  -999.99      0.0000      0.00         4.6266E-20   -307.69  1.9911E-15   -402.09
    0.00     95.00    -19.53     1.64     1.67      0.0000     85.00 LINEAR  1.0521E-05   -211.02  1.2026E-04   -211.02
    5.00     95.00    -19.54     1.68     1.71      0.0002     85.03 RIGHT   1.0509E-05   -211.04  1.2089E-04   -211.17
   10.00     95.00    -19.57     1.81     1.85      0.0008     85.12 RIGHT   1.0472E-05   -211.11  1.2276E-04   -211.62
   15.00     95.00    -19.62     2.02     2.05      0.0016     85.27 RIGHT   1.0408E-05   -211.22  1.2576E-04   -212.33
   20.00     95.00    -19.70     2.29     2.32      0.0026     85.46 RIGHT   1.0314E-05   -211.37  1.2970E-04   -213.25
   25.00     95.00    -19.81     2.59     2.62      0.0036     85.67 RIGHT   1.0187E-05   -211.57  1.3430E-04   -214.30
   30.00     95.00    -19.95     2.90     2.93      0.0045     85.89 RIGHT   1.0022E-05   -211.82  1.3916E-04   -215.44
   35.00     95.00    -20.13     3.19     3.21      0.0053     86.11 RIGHT   9.8161E-06   -212.11  1.4379E-04   -216.59
   40.00     95.00    -20.35     3.41     3.43      0.0059     86.31 RIGHT   9.5648E-06   -212.45  1.4755E-04   -217.71
   45.00     95.00    -20.63     3.54     3.56      0.0064     86.48 RIGHT   9.2647E-06   -212.84  1.4973E-04   -218.76
   50.00     95.00    -20.97     3.53     3.54      0.0066     86.61 RIGHT   8.9115E-06   -213.28  1.4955E-04   -219.70
   55.00     95.00    -21.38     3.33     3.35      0.0068     86.70 RIGHT   8.4991E-06   -213.79  1.4620E-04   -220.53
   60.00     95.00    -21.89     2.89     2.90      0.0069     86.72 RIGHT   8.0172E-06   -214.37  1.3894E-04   -221.22
   65.00     95.00    -22.53     2.12     2.14      0.0068     86.67 RIGHT   7.4470E-06   -215.05  1.2719E-04   -221.75
   70.00     95.00    -23.38     0.91     0.92      0.0067     86.53 RIGHT   6.7542E-06   -215.86  1.1058E-04   -222.14
   75.00     95.00    -24.59    -0.97    -0.95      0.0063     86.24 RIGHT   5.8748E-06   -216.87  8.9054E-05   -222.36
   80.00     95.00    -26.55    -3.99    -3.97      0.0055     85.75 RIGHT   4.6849E-06   -218.19  6.2927E-05   -222.43
   85.00     95.00    -30.64    -9.62    -9.59      0.0035     84.92 RIGHT   2.9278E-06   -220.10  3.2894E-05   -222.34
   90.00     95.00   -999.99  -999.99  -999.99      0.0000      0.00         2.2876E-16   -403.20  1.9827E-15   -402.09
    0.00    100.00    -13.54     1.54     1.67      0.0000     80.00 LINEAR  2.0962E-05   -211.02  1.1888E-04   -211.02
    5.00    100.00    -13.55     1.58     1.71      0.0004     80.06 RIGHT   2.0937E-05   -211.04  1.1951E-04   -211.17
   10.00    100.00    -13.58     1.71     1.84      0.0015     80.25 RIGHT   2.0863E-05   -211.11  1.2135E-04   -211.62
   15.00    100.00    -13.63     1.92     2.04      0.0032     80.53 RIGHT   2.0734E-05   -211.22  1.2431E-04   -212.33
   20.00    100.00    -13.71     2.19     2.30      0.0051     80.90 RIGHT   2.0546E-05   -211.37  1.2819E-04   -213.25
   25.00    100.00    -13.82     2.49     2.59      0.0071     81.32 RIGHT   2.0290E-05   -211.57  1.3272E-04   -214.30
   30.00    100.00    -13.96     2.80     2.89      0.0090     81.76 RIGHT   1.9960E-05   -211.82  1.3751E-04   -215.44
   35.00    100.00    -14.15     3.08     3.16      0.0106     82.19 RIGHT   1.9547E-05   -212.10  1.4207E-04   -216.59
   40.00    100.00    -14.37     3.31     3.38      0.0118     82.59 RIGHT   1.9044E-05   -212.44  1.4577E-04   -217.71
   45.00    100.00    -14.65     3.43     3.50      0.0127     82.93 RIGHT   1.8445E-05   -212.83  1.4791E-04   -218.75
   50.00    100.00    -14.99     3.42     3.48      0.0133     83.19 RIGHT   1.7740E-05   -213.27  1.4771E-04   -219.70
   55.00    100.00    -15.40     3.22     3.28      0.0136     83.36 RIGHT   1.6918E-05   -213.78  1.4439E-04   -220.53
   60.00    100.00    -15.91     2.78     2.84      0.0137     83.41 RIGHT   1.5958E-05   -214.36  1.3721E-04   -221.21
   65.00    100.00    -16.55     2.01     2.07      0.0136     83.31 RIGHT   1.4823E-05   -215.04  1.2560E-04   -221.75
   70.00    100.00    -17.40     0.80     0.86      0.0133     83.02 RIGHT   1.3444E-05   -215.85  1.0919E-04   -222.13
   75.00    100.00    -18.61    -1.08    -1.01      0.0126     82.46 RIGHT   1.1694E-05   -216.85  8.7928E-05   -222.36
   80.00    100.00    -20.57    -4.10    -4.00      0.0109     81.49 RIGHT   9.3254E-06   -218.17  6.2130E-05   -222.43
   85.00    100.00    -24.66    -9.74    -9.60      0.0068     79.83 RIGHT   5.8280E-06   -220.08  3.2477E-05   -222.33
   90.00    100.00   -999.99  -999.99  -999.99      0.0000      0.00         4.5538E-16   -403.19  1.9575E-15   -402.08
    0.00    105.00    -10.07     1.37     1.67      0.0000     75.00 LINEAR  3.1243E-05   -211.02  1.1660E-04   -211.02
    5.00    105.00    -10.08     1.41     1.71      0.0006     75.09 RIGHT   3.1206E-05   -211.04  1.1721E-04   -211.17
   10.00    105.00    -10.11     1.55     1.83      0.0022     75.36 RIGHT   3.1093E-05   -211.11  1.1901E-04   -211.62
   15.00    105.00    -10.17     1.75     2.02      0.0046     75.78 RIGHT   3.0898E-05   -211.22  1.2190E-04   -212.33
   20.00    105.00    -10.25     2.02     2.27      0.0075     76.32 RIGHT   3.0612E-05   -211.37  1.2569E-04   -213.24
   25.00    105.00    -10.36     2.32     2.55      0.0105     76.93 RIGHT   3.0226E-05   -211.57  1.3011E-04   -214.30
   30.00    105.00    -10.50     2.63     2.83      0.0133     77.58 RIGHT   2.9729E-05   -211.81  1.3479E-04   -215.43
   35.00    105.00    -10.69     2.91     3.09      0.0157     78.22 RIGHT   2.9109E-05   -212.10  1.3922E-04   -216.58
   40.00    105.00    -10.91     3.13     3.30      0.0175     78.81 RIGHT   2.8355E-05   -212.43  1.4282E-04   -217.70
   45.00    105.00    -11.19     3.25     3.41      0.0189     79.32 RIGHT   2.7459E-05   -212.82  1.4489E-04   -218.75
   50.00    105.00    -11.53     3.24     3.38      0.0198     79.72 RIGHT   2.6406E-05   -213.26  1.4467E-04   -219.70
   55.00    105.00    -11.95     3.04     3.18      0.0203     79.97 RIGHT   2.5180E-05   -213.76  1.4140E-04   -220.52
   60.00    105.00    -12.45     2.60     2.73      0.0205     80.04 RIGHT   2.3750E-05   -214.34  1.3435E-04   -221.21
   65.00    105.00    -13.09     1.83     1.97      0.0204     79.89 RIGHT   2.2060E-05   -215.01  1.2297E-04   -221.75
   70.00    105.00    -13.94     0.61     0.76      0.0199     79.46 RIGHT   2.0007E-05   -215.82  1.0689E-04   -222.13
   75.00    105.00    -15.15    -1.27    -1.10      0.0187     78.62 RIGHT   1.7403E-05   -216.82  8.6070E-05   -222.35
   80.00    105.00    -17.12    -4.29    -4.07      0.0162     77.18 RIGHT   1.3878E-05   -218.14  6.0814E-05   -222.42
   85.00    105.00    -21.20    -9.92    -9.61      0.0101     74.75 RIGHT   8.6736E-06   -220.05  3.1788E-05   -222.33
   90.00    105.00   -999.99  -999.99  -999.99      0.0000      0.00         6.7773E-16   -403.17  1.9160E-15   -402.08
    0.00    110.00     -7.65     1.13     1.67      0.0000     70.00 LINEAR  4.1287E-05   -211.02  1.1343E-04   -211.02
    5.00    110.00     -7.66     1.17     1.71      0.0007     70.12 RIGHT   4.1236E-05   -211.04  1.1403E-04   -211.17
   10.00    110.00     -7.69     1.31     1.82      0.0028     70.46 RIGHT   4.1083E-05   -211.10  1.1577E-04   -211.62
   15.00    110.00     -7.75     1.51     2.00      0.0060     71.00 RIGHT   4.0819E-05   -211.21  1.1856E-04   -212.33
   20.00    110.00     -7.83     1.78     2.23      0.0098     71.70 RIGHT   4.0434E-05   -211.37  1.2222E-04   -213.24
   25.00    110.00     -7.94     2.07     2.49      0.0137     72.50 RIGHT   3.9915E-05   -211.56  1.2649E-04   -214.30
   30.00    110.00     -8.09     2.38     2.75      0.0174     73.35 RIGHT   3.9249E-05   -211.80  1.3100E-04   -215.43
   35.00    110.00     -8.28     2.66     2.99      0.0206     74.18 RIGHT   3.8420E-05   -212.09  1.3528E-04   -216.58
   40.00    110.00     -8.51     2.88     3.18      0.0231     74.96 RIGHT   3.7417E-05   -212.42  1.3875E-04   -217.69
   45.00    110.00     -8.79     3.00     3.28      0.0250     75.63 RIGHT   3.6226E-05   -212.80  1.4072E-04   -218.74
   50.00    110.00     -9.13     2.99     3.24      0.0263     76.15 RIGHT   3.4831E-05   -213.23  1.4048E-04   -219.69
   55.00    110.00     -9.54     2.78     3.03      0.0270     76.48 RIGHT   3.3209E-05   -213.73  1.3727E-04   -220.51
   60.00    110.00    -10.05     2.34     2.58      0.0273     76.58 RIGHT   3.1320E-05   -214.31  1.3040E-04   -221.20
   65.00    110.00    -10.69     1.57     1.82      0.0271     76.38 RIGHT   2.9090E-05   -214.98  1.1933E-04   -221.74
   70.00    110.00    -11.54     0.35     0.62      0.0264     75.80 RIGHT   2.6384E-05   -215.78  1.0371E-04   -222.12
   75.00    110.00    -12.75    -1.53    -1.22      0.0248     74.69 RIGHT   2.2949E-05   -216.78  8.3506E-05   -222.35
   80.00    110.00    -14.72    -4.55    -4.15      0.0213     72.80 RIGHT   1.8302E-05   -218.10  5.8997E-05   -222.41
   85.00    110.00    -18.80   -10.19    -9.63      0.0132     69.66 RIGHT   1.1439E-05   -220.01  3.0837E-05   -222.32
   90.00    110.00   -999.99  -999.99  -999.99      0.0000      0.00         8.9375E-16   -403.13  1.8586E-15   -402.07
    0.00    115.00     -5.81     0.81     1.67      0.0000     65.00 LINEAR  5.1016E-05   -211.02  1.0940E-04   -211.02
    5.00    115.00     -5.82     0.86     1.70      0.0009     65.14 RIGHT   5.0952E-05   -211.04  1.0997E-04   -211.17
   10.00    115.00     -5.86     0.99     1.81      0.0034     65.55 RIGHT   5.0756E-05   -211.10  1.1164E-04   -211.62
   15.00    115.00     -5.91     1.19     1.97      0.0072     66.20 RIGHT   5.0421E-05   -211.21  1.1431E-04   -212.33
   20.00    115.00     -6.00     1.46     2.17      0.0118     67.04 RIGHT   4.9934E-05   -211.36  1.1781E-04   -213.24
   25.00    115.00     -6.11     1.75     2.41      0.0166     68.00 RIGHT   4.9280E-05   -211.55  1.2190E-04   -214.29
   30.00    115.00     -6.26     2.05     2.65      0.0212     69.03 RIGHT   4.8442E-05   -211.79  1.2621E-04   -215.42
   35.00    115.00     -6.45     2.33     2.87      0.0252     70.05 RIGHT   4.7404E-05   -212.07  1.3029E-04   -216.57
   40.00    115.00     -6.68     2.55     3.04      0.0285     71.00 RIGHT   4.6152E-05   -212.40  1.3358E-04   -217.69
   45.00    115.00     -6.97     2.67     3.12      0.0309     71.82 RIGHT   4.4671E-05   -212.78  1.3544E-04   -218.73
   50.00    115.00     -7.31     2.65     3.07      0.0326     72.46 RIGHT   4.2941E-05   -213.21  1.3517E-04   -219.68
   55.00    115.00     -7.72     2.45     2.85      0.0335     72.87 RIGHT   4.0935E-05   -213.70  1.3204E-04   -220.50
   60.00    115.00     -8.23     2.00     2.39      0.0339     72.99 RIGHT   3.8603E-05   -214.27  1.2541E-04   -221.19
   65.00    115.00     -8.88     1.23     1.63      0.0337     72.74 RIGHT   3.5852E-05   -214.94  1.1474E-04   -221.73
   70.00    115.00     -9.72     0.01     0.45      0.0328     72.02 RIGHT   3.2517E-05   -215.74  9.9709E-05   -222.11
   75.00    115.00    -10.94    -1.88    -1.37      0.0306     70.66 RIGHT   2.8285E-05   -216.73  8.0270E-05   -222.34
   80.00    115.00    -12.90    -4.89    -4.26      0.0261     68.35 RIGHT   2.2558E-05   -218.05  5.6706E-05   -222.40
   85.00    115.00    -16.98   -10.53    -9.64      0.0160     64.57 RIGHT   1.4099E-05   -219.95  2.9638E-05   -222.31
   90.00    115.00   -999.99  -999.99  -999.99      0.0000      0.00         1.1017E-15   -403.07  1.7863E-15   -402.06
    0.00    120.00     -4.35     0.42     1.67      0.0000     60.00 LINEAR  6.0357E-05   -211.02  1.0454E-04   -211.02
    5.00    120.00     -4.36     0.46     1.70      0.0010     60.16 RIGHT   6.0279E-05   -211.04  1.0508E-04   -211.17
   10.00    120.00     -4.40     0.59     1.79      0.0039     60.62 RIGHT   6.0039E-05   -211.10  1.0666E-04   -211.62
   15.00    120.00     -4.46     0.80     1.93      0.0082     61.36 RIGHT   5.9630E-05   -211.21  1.0919E-04   -212.32
   20.00    120.00     -4.54     1.06     2.11      0.0135     62.32 RIGHT   5.9038E-05   -211.36  1.1250E-04   -213.23
   25.00    120.00     -4.66     1.35     2.32      0.0191     63.43 RIGHT   5.8245E-05   -211.55  1.1636E-04   -214.28
   30.00    120.00     -4.81     1.65     2.53      0.0246     64.61 RIGHT   5.7234E-05   -211.78  1.2044E-04   -215.41
   35.00    120.00     -5.00     1.92     2.72      0.0294     65.79 RIGHT   5.5988E-05   -212.06  1.2429E-04   -216.56
   40.00    120.00     -5.24     2.14     2.87      0.0334     66.90 RIGHT   5.4491E-05   -212.38  1.2738E-04   -217.68
   45.00    120.00     -5.53     2.25     2.92      0.0365     67.86 RIGHT   5.2725E-05   -212.75  1.2911E-04   -218.72
   50.00    120.00     -5.87     2.23     2.86      0.0386     68.62 RIGHT   5.0671E-05   -213.18  1.2881E-04   -219.67
   55.00    120.00     -6.29     2.03     2.62      0.0398     69.10 RIGHT   4.8294E-05   -213.67  1.2579E-04   -220.49
   60.00    120.00     -6.80     1.58     2.17      0.0403     69.24 RIGHT   4.5537E-05   -214.23  1.1944E-04   -221.18
   65.00    120.00     -7.44     0.80     1.41      0.0401     68.94 RIGHT   4.2290E-05   -214.90  1.0925E-04   -221.72
   70.00    120.00     -8.29    -0.42     0.24      0.0389     68.09 RIGHT   3.8355E-05   -215.69  9.4923E-05   -222.10
   75.00    120.00     -9.50    -2.30    -1.55      0.0361     66.48 RIGHT   3.3365E-05   -216.68  7.6405E-05   -222.33
   80.00    120.00    -11.47    -5.32    -4.38      0.0305     63.79 RIGHT   2.6611E-05   -217.99  5.3970E-05   -222.39
   85.00    120.00    -15.55   -10.96    -9.66      0.0184     59.48 RIGHT   1.6632E-05   -219.89  2.8206E-05   -222.30
   90.00    120.00   -999.99  -999.99  -999.99      0.0000      0.00         1.2996E-15   -403.01  1.6999E-15   -402.05
    0.00    125.00     -3.16    -0.06     1.67      0.0000     55.00 LINEAR  6.9239E-05   -211.02  9.8883E-05   -211.02
    5.00    125.00     -3.17    -0.02     1.69      0.0011     55.17 RIGHT   6.9145E-05   -211.04  9.9386E-05   -211.17
   10.00    125.00     -3.21     0.11     1.77      0.0042     55.68 RIGHT   6.8861E-05   -211.10  1.0086E-04   -211.62
   15.00    125.00     -3.27     0.31     1.89      0.0090     56.48 RIGHT   6.8376E-05   -211.20  1.0323E-04   -212.32
   20.00    125.00     -3.36     0.57     2.04      0.0149     57.53 RIGHT   6.7676E-05   -211.35  1.0634E-04   -213.23
   25.00    125.00     -3.48     0.86     2.22      0.0212     58.75 RIGHT   6.6743E-05   -211.54  1.0995E-04   -214.28
   30.00    125.00     -3.63     1.15     2.40      0.0275     60.07 RIGHT   6.5559E-05   -211.77  1.1375E-04   -215.40
   35.00    125.00     -3.83     1.42     2.56      0.0331     61.39 RIGHT   6.4106E-05   -212.04  1.1734E-04   -216.55
   40.00    125.00     -4.07     1.63     2.67      0.0379     62.64 RIGHT   6.2367E-05   -212.36  1.2021E-04   -217.67
   45.00    125.00     -4.36     1.75     2.70      0.0416     63.73 RIGHT   6.0326E-05   -212.72  1.2180E-04   -218.71
   50.00    125.00     -4.70     1.72     2.61      0.0442     64.58 RIGHT   5.7959E-05   -213.14  1.2147E-04   -219.66
   55.00    125.00     -5.12     1.51     2.37      0.0458     65.13 RIGHT   5.5229E-05   -213.63  1.1859E-04   -220.48
   60.00    125.00     -5.64     1.06     1.90      0.0464     65.28 RIGHT   5.2068E-05   -214.19  1.1257E-04   -221.17
   65.00    125.00     -6.28     0.28     1.15      0.0461     64.94 RIGHT   4.8353E-05   -214.84  1.0294E-04   -221.70
   70.00    125.00     -7.13    -0.94    -0.00      0.0445     63.96 RIGHT   4.3854E-05   -215.63  8.9415E-05   -222.09
   75.00    125.00     -8.34    -2.82    -1.75      0.0412     62.14 RIGHT   3.8149E-05   -216.62  7.1960E-05   -222.31
   80.00    125.00    -10.30    -5.85    -4.52      0.0343     59.13 RIGHT   3.0428E-05   -217.93  5.0823E-05   -222.38
   85.00    125.00    -14.38   -11.48    -9.68      0.0203     54.40 RIGHT   1.9019E-05   -219.83  2.6559E-05   -222.29
   90.00    125.00   -999.99  -999.99  -999.99      0.0000      0.00         1.4861E-15   -402.95  1.6007E-15   -402.04
    0.00    130.00     -2.17    -0.65     1.67      0.0000     50.00 LINEAR  7.7594E-05   -211.02  9.2473E-05   -211.02
    5.00    130.00     -2.18    -0.60     1.69      0.0011     50.18 RIGHT   7.7485E-05   -211.04  9.2937E-05   -211.17
   10.00    130.00     -2.22    -0.48     1.75      0.0044     50.71 RIGHT   7.7154E-05   -211.10  9.4305E-05   -211.62
   15.00    130.00     -2.28    -0.28     1.85      0.0095     51.56 RIGHT   7.6591E-05   -211.20  9.6495E-05   -212.32
   20.00    130.00     -2.38    -0.02     1.97      0.0158     52.67 RIGHT   7.5782E-05   -211.34  9.9365E-05   -213.22
   25.00    130.00     -2.50     0.26     2.11      0.0228     53.98 RIGHT   7.4709E-05   -211.53  1.0270E-04   -214.27
   30.00    130.00     -2.66     0.56     2.25      0.0297     55.39 RIGHT   7.3353E-05   -211.75  1.0621E-04   -215.40
   35.00    130.00     -2.86     0.82     2.37      0.0362     56.82 RIGHT   7.1696E-05   -212.02  1.0951E-04   -216.54
   40.00    130.00     -3.10     1.03     2.45      0.0417     58.18 RIGHT   6.9723E-05   -212.33  1.1215E-04   -217.65
   45.00    130.00     -3.39     1.14     2.45      0.0460     59.37 RIGHT   6.7416E-05   -212.69  1.1358E-04   -218.70
   50.00    130.00     -3.74     1.11     2.34      0.0492     60.32 RIGHT   6.4751E-05   -213.11  1.1323E-04   -219.64
   55.00    130.00     -4.16     0.90     2.08      0.0511     60.92 RIGHT   6.1687E-05   -213.59  1.1050E-04   -220.47
   60.00    130.00     -4.68     0.45     1.61      0.0519     61.09 RIGHT   5.8149E-05   -214.14  1.0486E-04   -221.15
   65.00    130.00     -5.32    -0.33     0.86      0.0515     60.70 RIGHT   5.3996E-05   -214.79  9.5862E-05   -221.69
   70.00    130.00     -6.17    -1.56    -0.27      0.0496     59.61 RIGHT   4.8972E-05   -215.57  8.3250E-05   -222.08
   75.00    130.00     -7.38    -3.45    -1.97      0.0455     57.60 RIGHT   4.2602E-05   -216.55  6.6986E-05   -222.30
   80.00    130.00     -9.34    -6.47    -4.66      0.0373     54.33 RIGHT   3.3982E-05   -217.86  4.7305E-05   -222.37
   85.00    130.00    -13.42   -12.11    -9.70      0.0217     49.33 RIGHT   2.1241E-05   -219.75  2.4719E-05   -222.27
   90.00    130.00   -999.99  -999.99  -999.99      0.0000      0.00         1.6598E-15   -402.87  1.4897E-15   -402.02
    0.00    135.00     -1.34    -1.34     1.67      0.0000     45.00 LINEAR  8.5358E-05   -211.02  8.5358E-05   -211.02
    5.00    135.00     -1.35    -1.30     1.68      0.0012     45.18 RIGHT   8.5233E-05   -211.04  8.5782E-05   -211.17
   10.00    135.00     -1.39    -1.17     1.73      0.0045     45.73 RIGHT   8.4856E-05   -211.10  8.7031E-05   -211.61
   15.00    135.00     -1.46    -0.98     1.80      0.0097     46.59 RIGHT   8.4216E-05   -211.20  8.9030E-05   -212.31
   20.00    135.00     -1.55    -0.72     1.89      0.0163     47.73 RIGHT   8.3298E-05   -211.34  9.1647E-05   -213.22
   25.00    135.00     -1.68    -0.44     1.99      0.0237     49.08 RIGHT   8.2086E-05   -211.52  9.4687E-05   -214.26
   30.00    135.00     -1.84    -0.15     2.09      0.0313     50.55 RIGHT   8.0561E-05   -211.74  9.7881E-05   -215.39
   35.00    135.00     -2.05     0.11     2.17      0.0384     52.06 RIGHT   7.8707E-05   -212.00  1.0088E-04   -216.53
   40.00    135.00     -2.29     0.31     2.21      0.0446     53.50 RIGHT   7.6508E-05   -212.31  1.0326E-04   -217.64
   45.00    135.00     -2.59     0.42     2.18      0.0496     54.77 RIGHT   7.3949E-05   -212.66  1.0453E-04   -218.69
   50.00    135.00     -2.94     0.39     2.05      0.0533     55.78 RIGHT   7.1003E-05   -213.07  1.0417E-04   -219.63
   55.00    135.00     -3.36     0.17     1.77      0.0557     56.43 RIGHT   6.7628E-05   -213.54  1.0162E-04   -220.45
   60.00    135.00     -3.88    -0.29     1.29      0.0567     56.61 RIGHT   6.3739E-05   -214.09  9.6401E-05   -221.14
   65.00    135.00     -4.52    -1.07     0.55      0.0562     56.18 RIGHT   5.9183E-05   -214.73  8.8106E-05   -221.68
   70.00    135.00     -5.37    -2.29    -0.56      0.0538     55.00 RIGHT   5.3676E-05   -215.51  7.6496E-05   -222.06
   75.00    135.00     -6.58    -4.18    -2.21      0.0488     52.85 RIGHT   4.6696E-05   -216.48  6.1541E-05   -222.29
   80.00    135.00     -8.54    -7.21    -4.81      0.0394     49.41 RIGHT   3.7249E-05   -217.79  4.3453E-05   -222.35
   85.00    135.00    -12.63   -12.84    -9.72      0.0225     44.28 RIGHT   2.3285E-05   -219.68  2.2704E-05   -222.26
   90.00    135.00   -999.99  -999.99  -999.99      0.0000      0.00         1.8195E-15   -402.80  1.3683E-15   -402.01
    0.00    140.00     -0.65    -2.17     1.67      0.0000     40.00 LINEAR  9.2473E-05   -211.02  7.7594E-05   -211.02
    5.00    140.00     -0.66    -2.13     1.68      0.0011     40.18 RIGHT   9.2333E-05   -211.04  7.7975E-05   -211.17
   10.00    140.00     -0.70    -2.00     1.71      0.0045     40.72 RIGHT   9.1909E-05   -211.10  7.9098E-05   -211.61
   15.00    140.00     -0.77    -1.81     1.75      0.0097     41.57 RIGHT   9.1192E-05   -211.19  8.0894E-05   -212.31
   20.00    140.00     -0.87    -1.56     1.81      0.0164     42.71 RIGHT   9.0168E-05   -211.33  8.3244E-05   -213.21
   25.00    140.00     -1.00    -1.28     1.87      0.0240     44.07 RIGHT   8.8820E-05   -211.51  8.5972E-05   -214.26
   30.00    140.00     -1.16    -1.00     1.93      0.0319     45.56 RIGHT   8.7132E-05   -211.72  8.8834E-05   -215.38
   35.00    140.00     -1.37    -0.74     1.97      0.0395     47.09 RIGHT   8.5089E-05   -211.98  9.1515E-05   -216.52
   40.00    140.00     -1.62    -0.54     1.97      0.0464     48.57 RIGHT   8.2678E-05   -212.28  9.3634E-05   -217.63
   45.00    140.00     -1.92    -0.44     1.90      0.0520     49.89 RIGHT   7.9881E-05   -212.63  9.4747E-05   -218.67
   50.00    140.00     -2.27    -0.47     1.73      0.0563     50.95 RIGHT   7.6676E-05   -213.03  9.4377E-05   -219.62
   55.00    140.00     -2.70    -0.69     1.43      0.0591     51.62 RIGHT   7.3013E-05   -213.50  9.2036E-05   -220.44
   60.00    140.00     -3.21    -1.15     0.95      0.0602     51.80 RIGHT   6.8805E-05   -214.04  8.7279E-05   -221.13
   65.00    140.00     -3.86    -1.93     0.22      0.0596     51.35 RIGHT   6.3882E-05   -214.67  7.9746E-05   -221.66
   70.00    140.00     -4.71    -3.16    -0.86      0.0568     50.10 RIGHT   5.7937E-05   -215.45  6.9222E-05   -222.05
   75.00    140.00     -5.92    -5.05    -2.45      0.0509     47.86 RIGHT   5.0406E-05   -216.42  5.5678E-05   -222.27
   80.00    140.00     -7.88    -8.08    -4.97      0.0404     44.35 RIGHT   4.0211E-05   -217.71  3.9309E-05   -222.34
   85.00    140.00    -11.96   -13.72    -9.74      0.0226     39.24 RIGHT   2.5137E-05   -219.61  2.0537E-05   -222.25
   90.00    140.00   -999.99  -999.99  -999.99      0.0000      0.00         1.9643E-15   -402.72  1.2376E-15   -402.00
    0.00    145.00     -0.06    -3.16     1.67      0.0000     35.00 LINEAR  9.8883E-05   -211.02  6.9239E-05   -211.02
    5.00    145.00     -0.08    -3.12     1.67      0.0011     35.17 RIGHT   9.8728E-05   -211.04  6.9576E-05   -211.17
   10.00    145.00     -0.12    -2.99     1.69      0.0043     35.68 RIGHT   9.8260E-05   -211.09  7.0566E-05   -211.61
   15.00    145.00     -0.19    -2.80     1.71      0.0093     36.51 RIGHT   9.7470E-05   -211.19  7.2151E-05   -212.31
   20.00    145.00     -0.29    -2.56     1.73      0.0159     37.61 RIGHT   9.6344E-05   -211.32  7.4224E-05   -213.21
   25.00    145.00     -0.42    -2.28     1.76      0.0235     38.92 RIGHT   9.4867E-05   -211.50  7.6627E-05   -214.25
   30.00    145.00     -0.59    -2.00     1.77      0.0315     40.38 RIGHT   9.3025E-05   -211.71  7.9145E-05   -215.37
   35.00    145.00     -0.80    -1.74     1.76      0.0395     41.90 RIGHT   9.0805E-05   -211.96  8.1499E-05   -216.51
   40.00    145.00     -1.06    -1.55     1.71      0.0468     43.37 RIGHT   8.8195E-05   -212.26  8.3349E-05   -217.62
   45.00    145.00     -1.36    -1.45     1.61      0.0529     44.70 RIGHT   8.5180E-05   -212.60  8.4305E-05   -218.66
   50.00    145.00     -1.72    -1.49     1.41      0.0577     45.77 RIGHT   8.1737E-05   -213.00  8.3943E-05   -219.61
   55.00    145.00     -2.15    -1.71     1.09      0.0608     46.45 RIGHT   7.7815E-05   -213.46  8.1832E-05   -220.43
   60.00    145.00     -2.66    -2.17     0.60      0.0621     46.63 RIGHT   7.3319E-05   -213.99  7.7577E-05   -221.11
   65.00    145.00     -3.31    -2.96    -0.12      0.0614     46.16 RIGHT   6.8069E-05   -214.62  7.0862E-05   -221.65
   70.00    145.00     -4.16    -4.19    -1.16      0.0581     44.89 RIGHT   6.1735E-05   -215.38  6.1496E-05   -222.03
   75.00    145.00     -5.37    -6.08    -2.70      0.0514     42.62 RIGHT   5.3712E-05   -216.35  4.9455E-05   -222.26
   80.00    145.00     -7.33    -9.11    -5.12      0.0400     39.15 RIGHT   4.2850E-05   -217.64  3.4910E-05   -222.33
   85.00    145.00    -11.41   -14.75    -9.75      0.0219     34.24 RIGHT   2.6788E-05   -219.53  1.8238E-05   -222.23
   90.00    145.00   -999.99  -999.99  -999.99      0.0000      0.00         2.0934E-15   -402.65  1.0990E-15   -401.98
    0.00    150.00      0.42    -4.35     1.67      0.0000     30.00 LINEAR  1.0454E-04   -211.02  6.0357E-05   -211.02
    5.00    150.00      0.41    -4.31     1.67      0.0010     30.16 RIGHT   1.0437E-04   -211.04  6.0648E-05   -211.17
   10.00    150.00      0.36    -4.19     1.67      0.0040     30.63 RIGHT   1.0386E-04   -211.09  6.1502E-05   -211.61
   15.00    150.00      0.29    -4.00     1.67      0.0087     31.40 RIGHT   1.0300E-04   -211.19  6.2869E-05   -212.31
   20.00    150.00      0.19    -3.75     1.66      0.0149     32.42 RIGHT   1.0178E-04   -211.32  6.4655E-05   -213.20
   25.00    150.00      0.05    -3.48     1.64      0.0222     33.65 RIGHT   1.0019E-04   -211.49  6.6725E-05   -214.24
   30.00    150.00     -0.12    -3.20     1.61      0.0301     35.03 RIGHT   9.8201E-05   -211.70  6.8891E-05   -215.36
   35.00    150.00     -0.34    -2.95     1.56      0.0380     36.48 RIGHT   9.5819E-05   -211.94  7.0911E-05   -216.50
   40.00    150.00     -0.59    -2.76     1.47      0.0455     37.90 RIGHT   9.3029E-05   -212.23  7.2492E-05   -217.61
   45.00    150.00     -0.90    -2.67     1.32      0.0520     39.18 RIGHT   8.9818E-05   -212.57  7.3295E-05   -218.65
   50.00    150.00     -1.26    -2.71     1.09      0.0571     40.22 RIGHT   8.6162E-05   -212.96  7.2953E-05   -219.59
   55.00    150.00     -1.69    -2.93     0.74      0.0605     40.89 RIGHT   8.2011E-05   -213.42  7.1094E-05   -220.42
   60.00    150.00     -2.21    -3.40     0.25      0.0620     41.06 RIGHT   7.7262E-05   -213.94  6.7377E-05   -221.10
   65.00    150.00     -2.85    -4.19    -0.46      0.0611     40.59 RIGHT   7.1725E-05   -214.57  6.1529E-05   -221.64
   70.00    150.00     -3.70    -5.42    -1.47      0.0574     39.34 RIGHT   6.5051E-05   -215.33  5.3385E-05   -222.02
   75.00    150.00     -4.91    -7.31    -2.94      0.0501     37.14 RIGHT   5.6599E-05   -216.29  4.2925E-05   -222.25
   80.00    150.00     -6.87   -10.34    -5.26      0.0382     33.83 RIGHT   4.5156E-05   -217.58  3.0297E-05   -222.31
   85.00    150.00    -10.95   -15.98    -9.77      0.0205     29.26 RIGHT   2.8231E-05   -219.47  1.5827E-05   -222.22
   90.00    150.00   -999.99  -999.99  -999.99      0.0000      0.00         2.2061E-15   -402.58  9.5373E-16   -401.97
    0.00    155.00      0.81    -5.81     1.67      0.0000     25.00 LINEAR  1.0940E-04   -211.02  5.1016E-05   -211.02
    5.00    155.00      0.80    -5.77     1.66      0.0009     25.14 RIGHT   1.0922E-04   -211.04  5.1259E-05   -211.17
   10.00    155.00      0.76    -5.65     1.65      0.0035     25.56 RIGHT   1.0867E-04   -211.09  5.1975E-05   -211.61
   15.00    155.00      0.68    -5.46     1.63      0.0077     26.24 RIGHT   1.0775E-04   -211.18  5.3119E-05   -212.30
   20.00    155.00      0.58    -5.22     1.59      0.0134     27.15 RIGHT   1.0644E-04   -211.31  5.4613E-05   -213.20
   25.00    155.00      0.44    -4.95     1.54      0.0201     28.26 RIGHT   1.0474E-04   -211.48  5.6344E-05   -214.24
   30.00    155.00      0.26    -4.68     1.47      0.0275     29.51 RIGHT   1.0263E-04   -211.68  5.8152E-05   -215.35
   35.00    155.00      0.04    -4.43     1.37      0.0351     30.83 RIGHT   1.0010E-04   -211.93  5.9835E-05   -216.49
   40.00    155.00     -0.22    -4.24     1.23      0.0424     32.14 RIGHT   9.7155E-05   -212.21  6.1147E-05   -217.60
   45.00    155.00     -0.53    -4.15     1.04      0.0489     33.33 RIGHT   9.3773E-05   -212.55  6.1802E-05   -218.64
   50.00    155.00     -0.89    -4.19     0.78      0.0541     34.30 RIGHT   8.9933E-05   -212.93  6.1493E-05   -219.58
   55.00    155.00     -1.32    -4.42     0.41      0.0577     34.92 RIGHT   8.5583E-05   -213.38  5.9908E-05   -220.40
   60.00    155.00     -1.84    -4.89    -0.09      0.0591     35.08 RIGHT   8.0618E-05   -213.90  5.6760E-05   -221.09
   65.00    155.00     -2.48    -5.68    -0.78      0.0581     34.63 RIGHT   7.4836E-05   -214.52  5.1822E-05   -221.63
   70.00    155.00     -3.33    -6.91    -1.75      0.0542     33.45 RIGHT   6.7872E-05   -215.27  4.4954E-05   -222.01
   75.00    155.00     -4.54    -8.81    -3.16      0.0467     31.40 RIGHT   5.9056E-05   -216.23  3.6140E-05   -222.24
   80.00    155.00     -6.50   -11.83    -5.39      0.0349     28.38 RIGHT   4.7118E-05   -217.52  2.5506E-05   -222.30
   85.00    155.00    -10.58   -17.47    -9.77      0.0184     24.32 RIGHT   2.9459E-05   -219.41  1.3323E-05   -222.21
   90.00    155.00   -999.99  -999.99  -999.99      0.0000      0.00         2.3020E-15   -402.52  8.0281E-16   -401.96
    0.00    160.00      1.13    -7.65     1.67      0.0000     20.00 LINEAR  1.1343E-04   -211.02  4.1287E-05   -211.02
    5.00    160.00      1.11    -7.61     1.66      0.0007     20.12 RIGHT   1.1324E-04   -211.04  4.1482E-05   -211.17
   10.00    160.00      1.07    -7.49     1.64      0.0030     20.47 RIGHT   1.1266E-04   -211.09  4.2056E-05   -211.61
   15.00    160.00      0.99    -7.30     1.59      0.0065     21.04 RIGHT   1.1168E-04   -211.18  4.2974E-05   -212.30
   20.00    160.00      0.89    -7.06     1.53      0.0114     21.82 RIGHT   1.1030E-04   -211.31  4.4173E-05   -213.20
   25.00    160.00      0.74    -6.80     1.45      0.0172     22.76 RIGHT   1.0851E-04   -211.47  4.5560E-05   -214.23
   30.00    160.00      0.56    -6.52     1.34      0.0237     23.83 RIGHT   1.0629E-04   -211.67  4.7008E-05   -215.35
   35.00    160.00      0.34    -6.28     1.20      0.0306     24.97 RIGHT   1.0364E-04   -211.91  4.8353E-05   -216.48
   40.00    160.00      0.08    -6.09     1.02      0.0373     26.10 RIGHT   1.0055E-04   -212.20  4.9397E-05   -217.59
   45.00    160.00     -0.23    -6.00     0.79      0.0434     27.14 RIGHT   9.7027E-05   -212.52  4.9911E-05   -218.63
   50.00    160.00     -0.59    -6.05     0.49      0.0483     28.00 RIGHT   9.3033E-05   -212.91  4.9647E-05   -219.57
   55.00    160.00     -1.03    -6.28     0.11      0.0518     28.55 RIGHT   8.8519E-05   -213.35  4.8355E-05   -220.39
   60.00    160.00     -1.55    -6.75    -0.40      0.0532     28.68 RIGHT   8.3375E-05   -213.86  4.5804E-05   -221.08
   65.00    160.00     -2.19    -7.54    -1.08      0.0521     28.28 RIGHT   7.7392E-05   -214.48  4.1810E-05   -221.62
   70.00    160.00     -3.04    -8.78    -2.01      0.0482     27.23 RIGHT   7.0190E-05   -215.23  3.6263E-05   -222.00
   75.00    160.00     -4.25   -10.67    -3.36      0.0410     25.44 RIGHT   6.1074E-05   -216.18  2.9149E-05   -222.23
   80.00    160.00     -6.21   -13.70    -5.50      0.0302     22.83 RIGHT   4.8730E-05   -217.47  2.0570E-05   -222.29
   85.00    160.00    -10.29   -19.34    -9.78      0.0156     19.41 RIGHT   3.0468E-05   -219.35  1.0744E-05   -222.20
   90.00    160.00   -999.99  -999.99  -999.99      0.0000      0.00         2.3810E-15   -402.46  6.4741E-16   -401.95
    0.00    165.00      1.37   -10.07     1.67      0.0000     15.00 LINEAR  1.1660E-04   -211.02  3.1243E-05   -211.02
    5.00    165.00      1.35   -10.03     1.66      0.0006     15.09 RIGHT   1.1640E-04   -211.04  3.1390E-05   -211.17
   10.00    165.00      1.31    -9.91     1.62      0.0023     15.37 RIGHT   1.1579E-04   -211.09  3.1822E-05   -211.61
   15.00    165.00      1.23    -9.73     1.57      0.0051     15.81 RIGHT   1.1477E-04   -211.18  3.2511E-05   -212.30
   20.00    165.00      1.12    -9.49     1.48      0.0089     16.42 RIGHT   1.1333E-04   -211.30  3.3412E-05   -213.19
   25.00    165.00      0.98    -9.22     1.37      0.0136     17.16 RIGHT   1.1146E-04   -211.47  3.4453E-05   -214.23
   30.00    165.00      0.79    -8.95     1.23      0.0189     18.01 RIGHT   1.0915E-04   -211.67  3.5539E-05   -215.34
   35.00    165.00      0.57    -8.71     1.06      0.0245     18.91 RIGHT   1.0640E-04   -211.90  3.6547E-05   -216.48
   40.00    165.00      0.31    -8.53     0.84      0.0301     19.82 RIGHT   1.0321E-04   -212.18  3.7327E-05   -217.58
   45.00    165.00     -0.00    -8.44     0.58      0.0353     20.66 RIGHT   9.9570E-05   -212.51  3.7706E-05   -218.62
   50.00    165.00     -0.37    -8.49     0.25      0.0397     21.35 RIGHT   9.5454E-05   -212.88  3.7498E-05   -219.57
   55.00    165.00     -0.80    -8.72    -0.15      0.0427     21.80 RIGHT   9.0810E-05   -213.32  3.6514E-05   -220.39
   60.00    165.00     -1.32    -9.19    -0.67      0.0439     21.90 RIGHT   8.5525E-05   -213.83  3.4580E-05   -221.07
   65.00    165.00     -1.97    -9.98    -1.33      0.0429     21.57 RIGHT   7.9385E-05   -214.45  3.1560E-05   -221.61
   70.00    165.00     -2.82   -11.22    -2.23      0.0394     20.71 RIGHT   7.1998E-05   -215.19  2.7369E-05   -221.99
   75.00    165.00     -4.03   -13.12    -3.52      0.0331     19.27 RIGHT   6.2649E-05   -216.14  2.1998E-05   -222.22
   80.00    165.00     -5.99   -16.15    -5.59      0.0240     17.20 RIGHT   4.9988E-05   -217.43  1.5522E-05   -222.28
   85.00    165.00    -10.07   -21.79    -9.79      0.0122     14.53 RIGHT   3.1255E-05   -219.31  8.1070E-06   -222.19
   90.00    165.00   -999.99  -999.99  -999.99      0.0000      0.00         2.4425E-15   -402.42  4.8851E-16   -401.94
    0.00    170.00      1.54   -13.54     1.67      0.0000     10.00 LINEAR  1.1888E-04   -211.02  2.0962E-05   -211.02
    5.00    170.00      1.52   -13.50     1.65      0.0004     10.06 RIGHT   1.1867E-04   -211.03  2.1060E-05   -211.17
   10.00    170.00      1.47   -13.38     1.61      0.0016     10.25 RIGHT   1.1804E-04   -211.09  2.1348E-05   -211.61
   15.00    170.00      1.40   -13.19     1.54      0.0035     10.56 RIGHT   1.1699E-04   -211.18  2.1808E-05   -212.30
   20.00    170.00      1.29   -12.96     1.45      0.0062     10.97 RIGHT   1.1550E-04   -211.30  2.2409E-05   -213.19
   25.00    170.00      1.14   -12.69     1.32      0.0094     11.49 RIGHT   1.1358E-04   -211.46  2.3104E-05   -214.22
   30.00    170.00      0.96   -12.42     1.15      0.0131     12.07 RIGHT   1.1121E-04   -211.66  2.3828E-05   -215.34
   35.00    170.00      0.73   -12.18     0.95      0.0172     12.70 RIGHT   1.0839E-04   -211.89  2.4499E-05   -216.47
   40.00    170.00      0.47   -12.00     0.71      0.0212     13.34 RIGHT   1.0512E-04   -212.17  2.5017E-05   -217.58
   45.00    170.00      0.15   -11.92     0.42      0.0251     13.92 RIGHT   1.0139E-04   -212.49  2.5266E-05   -218.62
   50.00    170.00     -0.21   -11.97     0.07      0.0283     14.41 RIGHT   9.7187E-05   -212.87  2.5122E-05   -219.56
   55.00    170.00     -0.65   -12.20    -0.35      0.0305     14.73 RIGHT   9.2450E-05   -213.30  2.4459E-05   -220.38
   60.00    170.00     -1.17   -12.67    -0.87      0.0314     14.80 RIGHT   8.7064E-05   -213.81  2.3161E-05   -221.07
   65.00    170.00     -1.82   -13.47    -1.53      0.0306     14.56 RIGHT   8.0811E-05   -214.42  2.1135E-05   -221.60
   70.00    170.00     -2.67   -14.70    -2.40      0.0280     13.95 RIGHT   7.3291E-05   -215.17  1.8327E-05   -221.99
   75.00    170.00     -3.87   -16.60    -3.65      0.0233     12.94 RIGHT   6.3775E-05   -216.12  1.4729E-05   -222.21
   80.00    170.00     -5.83   -19.63    -5.66      0.0167     11.50 RIGHT   5.0888E-05   -217.40  1.0393E-05   -222.28
   85.00    170.00     -9.91   -25.27    -9.79      0.0084      9.67 RIGHT   3.1818E-05   -219.28  5.4277E-06   -222.19
   90.00    170.00   -999.99  -999.99  -999.99      0.0000      0.00         2.4865E-15   -402.39  3.2706E-16   -401.93
    0.00    175.00      1.64   -19.53     1.67      0.0000      5.00 LINEAR  1.2026E-04   -211.02  1.0521E-05   -211.02
    5.00    175.00      1.62   -19.49     1.65      0.0002      5.03 RIGHT   1.2004E-04   -211.03  1.0570E-05   -211.17
   10.00    175.00      1.57   -19.37     1.61      0.0008      5.13 RIGHT   1.1940E-04   -211.09  1.0714E-05   -211.61
   15.00    175.00      1.50   -19.18     1.53      0.0018      5.28 RIGHT   1.1833E-04   -211.18  1.0944E-05   -212.30
   20.00    175.00      1.38   -18.95     1.42      0.0031      5.50 RIGHT   1.1682E-04   -211.30  1.1245E-05   -213.19
   25.00    175.00      1.24   -18.68     1.28      0.0048      5.76 RIGHT   1.1486E-04   -211.46  1.1592E-05   -214.22
   30.00    175.00      1.05   -18.42     1.10      0.0067      6.06 RIGHT   1.1244E-04   -211.66  1.1954E-05   -215.34
   35.00    175.00      0.83   -18.18     0.88      0.0088      6.38 RIGHT   1.0958E-04   -211.89  1.2290E-05   -216.47
   40.00    175.00      0.56   -18.00     0.62      0.0110      6.71 RIGHT   1.0626E-04   -212.16  1.2548E-05   -217.58
   45.00    175.00      0.25   -17.91     0.31      0.0130      7.01 RIGHT   1.0249E-04   -212.48  1.2672E-05   -218.62
   50.00    175.00     -0.12   -17.96    -0.05      0.0147      7.26 RIGHT   9.8229E-05   -212.86  1.2598E-05   -219.56
   55.00    175.00     -0.56   -18.19    -0.48      0.0159      7.42 RIGHT   9.3435E-05   -213.29  1.2264E-05   -220.38
   60.00    175.00     -1.08   -18.67    -1.00      0.0164      7.46 RIGHT   8.7989E-05   -213.80  1.1613E-05   -221.06
   65.00    175.00     -1.73   -19.46    -1.65      0.0160      7.34 RIGHT   8.1668E-05   -214.41  1.0596E-05   -221.60
   70.00    175.00     -2.57   -20.70    -2.51      0.0145      7.02 RIGHT   7.4068E-05   -215.15  9.1875E-06   -221.98
   75.00    175.00     -3.78   -22.60    -3.73      0.0120      6.50 RIGHT   6.4452E-05   -216.10  7.3835E-06   -222.21
   80.00    175.00     -5.74   -25.63    -5.70      0.0086      5.76 RIGHT   5.1429E-05   -217.38  5.2095E-06   -222.28
   85.00    175.00     -9.82   -31.27    -9.79      0.0043      4.83 RIGHT   3.2157E-05   -219.26  2.7207E-06   -222.18
   90.00    175.00   -999.99  -999.99  -999.99      0.0000      0.00         2.5130E-15   -402.37  1.6394E-16   -401.93
    0.00    180.00      1.67  -999.99     1.67      0.0000     -0.00 LINEAR  1.2071E-04   -211.02  1.2321E-15   -391.02
    5.00    180.00      1.65  -999.99     1.65      0.0000     -0.00 LINEAR  1.2050E-04   -211.03  1.2378E-15   -391.17
   10.00    180.00      1.61  -999.99     1.61      0.0000     -0.00 LINEAR  1.1986E-04   -211.09  1.2547E-15   -391.61
   15.00    180.00      1.53  -999.99     1.53      0.0000     -0.00 LINEAR  1.1878E-04   -211.18  1.2817E-15   -392.30
   20.00    180.00      1.42  -999.99     1.42      0.0000     -0.00 LINEAR  1.1725E-04   -211.30  1.3168E-15   -393.19
   25.00    180.00      1.27  -999.99     1.27      0.0000     -0.00 LINEAR  1.1528E-04   -211.46  1.3575E-15   -394.22
   30.00    180.00      1.08  -999.99     1.08      0.0000     -0.00 LINEAR  1.1286E-04   -211.65  1.3998E-15   -395.33
   35.00    180.00      0.86  -999.99     0.86      0.0000     -0.00 LINEAR  1.0998E-04   -211.89  1.4390E-15   -396.47
   40.00    180.00      0.59  -999.99     0.59      0.0000     -0.00 LINEAR  1.0665E-04   -212.16  1.4692E-15   -397.58
   45.00    180.00      0.28  -999.99     0.28      0.0000     -0.00 LINEAR  1.0285E-04   -212.48  1.4836E-15   -398.61
   50.00    180.00     -0.09  -999.99    -0.09      0.0000     -0.00 LINEAR  9.8576E-05   -212.85  1.4749E-15   -399.56
   55.00    180.00     -0.53  -999.99    -0.53      0.0000     -0.00 LINEAR  9.3764E-05   -213.29  1.4358E-15   -400.38
   60.00    180.00     -1.05  -999.99    -1.05      0.0000     -0.00 LINEAR  8.8297E-05   -213.80  1.3595E-15   -401.06
   65.00    180.00     -1.70  -999.99    -1.70      0.0000     -0.00 LINEAR  8.1954E-05   -214.40  1.2404E-15   -401.60
   70.00    180.00     -2.54  -999.99    -2.54      0.0000     -0.00 LINEAR  7.4327E-05   -215.14  1.0755E-15   -401.98
   75.00    180.00     -3.75  -999.99    -3.75      0.0000     -0.00 LINEAR  6.4678E-05   -216.09  8.6432E-16   -402.21
   80.00    180.00     -5.71  -999.99    -5.71      0.0000     -0.00 LINEAR  5.1610E-05   -217.37  6.0982E-16   -402.27
   85.00    180.00     -9.79  -999.99    -9.79      0.0000     -0.00 LINEAR  3.2270E-05   -219.25  3.1848E-16   -402.18
   90.00    180.00   -999.99  -999.99  -999.99      0.0000      0.00         2.5219E-15   -402.36  1.9190E-26   -221.93
    0.00    185.00      1.64   -19.53     1.67      0.0000     -5.00 LINEAR  1.2026E-04   -211.02  1.0521E-05   -391.02
    5.00    185.00      1.62   -19.49     1.65      0.0002     -5.03 LEFT    1.2004E-04   -211.03  1.0570E-05   -391.17
   10.00    185.00      1.57   -19.37     1.61      0.0008     -5.13 LEFT    1.1940E-04   -211.09  1.0714E-05   -391.61
   15.00    185.00      1.50   -19.18     1.53      0.0018     -5.28 LEFT    1.1833E-04   -211.18  1.0944E-05   -392.30
   20.00    185.00      1.38   -18.95     1.42      0.0031     -5.50 LEFT    1.1682E-04   -211.30  1.1245E-05   -393.19
   25.00    185.00      1.24   -18.68     1.28      0.0048     -5.76 LEFT    1.1486E-04   -211.46  1.1592E-05   -394.22
   30.00    185.00      1.05   -18.42     1.10      0.0067     -6.06 LEFT    1.1244E-04   -211.66  1.1954E-05   -395.34
   35.00    185.00      0.83   -18.18     0.88      0.0088     -6.38 LEFT    1.0958E-04   -211.89  1.2290E-05   -396.47
   40.00    185.00      0.56   -18.00     0.62      0.0110     -6.71 LEFT    1.0626E-04   -212.16  1.2548E-05   -397.58
   45.00    185.00      0.25   -17.91     0.31      0.0130     -7.01 LEFT    1.0249E-04   -212.48  1.2672E-05   -398.62
   50.00    185.00     -0.12   -17.96    -0.05      0.0147     -7.26 LEFT    9.8229E-05   -212.86  1.2598E-05   -399.56
   55.00    185.00     -0.56   -18.19    -0.48      0.0159     -7.42 LEFT    9.3435E-05   -213.29  1.2264E-05   -400.38
   60.00    185.00     -1.08   -18.67    -1.00      0.0164     -7.46 LEFT    8.7989E-05   -213.80  1.1613E-05   -401.06
   65.00    185.00     -1.73   -19.46    -1.65      0.0160     -7.34 LEFT    8.1668E-05   -214.41  1.0596E-05   -401.60
   70.00    185.00     -2.57   -20.70    -2.51      0.0145     -7.02 LEFT    7.4068E-05   -215.15  9.1875E-06   -401.98
   75.00    185.00     -3.78   -22.60    -3.73      0.0120     -6.50 LEFT    6.4452E-05   -216.10  7.3835E-06   -402.21
   80.00    185.00     -5.74   -25.63    -5.70      0.0086     -5.76 LEFT    5.1429E-05   -217.38  5.2095E-06   -402.28
   85.00    185.00     -9.82   -31.27    -9.79      0.0043     -4.83 LEFT    3.2157E-05   -219.26  2.7207E-06   -402.18
   90.00    185.00   -999.99  -999.99  -999.99      0.0000      0.00         2.5130E-15   -402.37  1.6394E-16   -221.93
    0.00    190.00      1.54   -13.54     1.67      0.0000    -10.00 LINEAR  1.1888E-04   -211.02  2.0962E-05   -391.02
    5.00    190.00      1.52   -13.50     1.65      0.0004    -10.06 LEFT    1.1867E-04   -211.03  2.1060E-05   -391.17
   10.00    190.00      1.47   -13.38     1.61      0.0016    -10.25 LEFT    1.1804E-04   -211.09  2.1348E-05   -391.61
   15.00    190.00      1.40   -13.19     1.54      0.0035    -10.56 LEFT    1.1699E-04   -211.18  2.1808E-05   -392.30
   20.00    190.00      1.29   -12.96     1.45      0.0062    -10.97 LEFT    1.1550E-04   -211.30  2.2409E-05   -393.19
   25.00    190.00      1.14   -12.69     1.32      0.0094    -11.49 LEFT    1.1358E-04   -211.46  2.3104E-05   -394.22
   30.00    190.00      0.96   -12.42     1.15      0.0131    -12.07 LEFT    1.1121E-04   -211.66  2.3828E-05   -395.34
   35.00    190.00      0.73   -12.18     0.95      0.0172    -12.70 LEFT    1.0839E-04   -211.89  2.4499E-05   -396.47
   40.00    190.00      0.47   -12.00     0.71      0.0212    -13.34 LEFT    1.0512E-04   -212.17  2.5017E-05   -397.58
   45.00    190.00      0.15   -11.92     0.42      0.0251    -13.92 LEFT    1.0139E-04   -212.49  2.5266E-05   -398.62
   50.00    190.00     -0.21   -11.97     0.07      0.0283    -14.41 LEFT    9.7187E-05   -212.87  2.5122E-05   -399.56
   55.00    190.00     -0.65   -12.20    -0.35      0.0305    -14.73 LEFT    9.2450E-05   -213.30  2.4459E-05   -400.38
   60.00    190.00     -1.17   -12.67    -0.87      0.0314    -14.80 LEFT    8.7064E-05   -213.81  2.3161E-05   -401.07
   65.00    190.00     -1.82   -13.47    -1.53      0.0306    -14.56 LEFT    8.0811E-05   -214.42  2.1135E-05   -401.60
   70.00    190.00     -2.67   -14.70    -2.40      0.0280    -13.95 LEFT    7.3291E-05   -215.17  1.8327E-05   -401.99
   75.00    190.00     -3.87   -16.60    -3.65      0.0233    -12.94 LEFT    6.3775E-05   -216.12  1.4729E-05   -402.21
   80.00    190.00     -5.83   -19.63    -5.66      0.0167    -11.50 LEFT    5.0888E-05   -217.40  1.0393E-05   -402.28
   85.00    190.00     -9.91   -25.27    -9.79      0.0084     -9.67 LEFT    3.1818E-05   -219.28  5.4277E-06   -402.19
   90.00    190.00   -999.99  -999.99  -999.99      0.0000      0.00         2.4866E-15   -402.39  3.2706E-16   -221.94
    0.00    195.00      1.37   -10.07     1.67      0.0000    -15.00 LINEAR  1.1660E-04   -211.02  3.1243E-05   -391.02
    5.00    195.00      1.35   -10.03     1.66      0.0006    -15.09 LEFT    1.1640E-04   -211.04  3.1390E-05   -391.17
   10.00    195.00      1.31    -9.91     1.62      0.0023    -15.37 LEFT    1.1579E-04   -211.09  3.1822E-05   -391.61
   15.00    195.00      1.23    -9.73     1.57      0.0051    -15.81 LEFT    1.1477E-04   -211.18  3.2511E-05   -392.30
   20.00    195.00      1.12    -9.49     1.48      0.0089    -16.42 LEFT    1.1333E-04   -211.30  3.3412E-05   -393.19
   25.00    195.00      0.98    -9.22     1.37      0.0136    -17.16 LEFT    1.1146E-04   -211.47  3.4453E-05   -394.23
   30.00    195.00      0.79    -8.95     1.23      0.0189    -18.01 LEFT    1.0915E-04   -211.67  3.5539E-05   -395.34
   35.00    195.00      0.57    -8.71     1.06      0.0245    -18.91 LEFT    1.0640E-04   -211.90  3.6547E-05   -396.48
   40.00    195.00      0.31    -8.53     0.84      0.0301    -19.82 LEFT    1.0321E-04   -212.18  3.7327E-05   -397.58
   45.00    195.00     -0.00    -8.44     0.58      0.0353    -20.66 LEFT    9.9570E-05   -212.51  3.7706E-05   -398.62
   50.00    195.00     -0.37    -8.49     0.25      0.0397    -21.35 LEFT    9.5454E-05   -212.88  3.7498E-05   -399.57
   55.00    195.00     -0.80    -8.72    -0.15      0.0427    -21.80 LEFT    9.0810E-05   -213.32  3.6514E-05   -400.39
   60.00    195.00     -1.32    -9.19    -0.67      0.0439    -21.90 LEFT    8.5525E-05   -213.83  3.4580E-05   -401.07
   65.00    195.00     -1.97    -9.98    -1.33      0.0429    -21.57 LEFT    7.9385E-05   -214.45  3.1560E-05   -401.61
   70.00    195.00     -2.82   -11.22    -2.23      0.0394    -20.71 LEFT    7.1998E-05   -215.19  2.7369E-05   -401.99
   75.00    195.00     -4.03   -13.12    -3.52      0.0331    -19.27 LEFT    6.2649E-05   -216.14  2.1998E-05   -402.22
   80.00    195.00     -5.99   -16.15    -5.59      0.0240    -17.20 LEFT    4.9988E-05   -217.43  1.5522E-05   -402.28
   85.00    195.00    -10.07   -21.79    -9.79      0.0122    -14.53 LEFT    3.1255E-05   -219.31  8.1070E-06   -402.19
   90.00    195.00   -999.99  -999.99  -999.99      0.0000      0.00         2.4425E-15   -402.42  4.8850E-16   -221.94
    0.00    200.00      1.13    -7.65     1.67      0.0000    -20.00 LINEAR  1.1343E-04   -211.02  4.1287E-05   -391.02
    5.00    200.00      1.11    -7.61     1.66      0.0007    -20.12 LEFT    1.1324E-04   -211.04  4.1482E-05   -391.17
   10.00    200.00      1.07    -7.49     1.64      0.0030    -20.47 LEFT    1.1266E-04   -211.09  4.2056E-05   -391.61
   15.00    200.00      0.99    -7.30     1.59      0.0065    -21.04 LEFT    1.1168E-04   -211.18  4.2974E-05   -392.30
   20.00    200.00      0.89    -7.06     1.53      0.0114    -21.82 LEFT    1.1030E-04   -211.31  4.4173E-05   -393.20
   25.00    200.00      0.74    -6.80     1.45      0.0172    -22.76 LEFT    1.0851E-04   -211.47  4.5560E-05   -394.23
   30.00    200.00      0.56    -6.52     1.34      0.0237    -23.83 LEFT    1.0629E-04   -211.67  4.7008E-05   -395.35
   35.00    200.00      0.34    -6.28     1.20      0.0306    -24.97 LEFT    1.0364E-04   -211.91  4.8353E-05   -396.48
   40.00    200.00      0.08    -6.09     1.02      0.0373    -26.10 LEFT    1.0055E-04   -212.20  4.9397E-05   -397.59
   45.00    200.00     -0.23    -6.00     0.79      0.0434    -27.14 LEFT    9.7027E-05   -212.52  4.9911E-05   -398.63
   50.00    200.00     -0.59    -6.05     0.49      0.0483    -28.00 LEFT    9.3033E-05   -212.91  4.9647E-05   -399.57
   55.00    200.00     -1.03    -6.28     0.11      0.0518    -28.55 LEFT    8.8519E-05   -213.35  4.8355E-05   -400.39
   60.00    200.00     -1.55    -6.75    -0.40      0.0532    -28.68 LEFT    8.3375E-05   -213.86  4.5804E-05   -401.08
   65.00    200.00     -2.19    -7.54    -1.08      0.0521    -28.28 LEFT    7.7392E-05   -214.48  4.1810E-05   -401.62
   70.00    200.00     -3.04    -8.78    -2.01      0.0482    -27.23 LEFT    7.0190E-05   -215.23  3.6263E-05   -402.00
   75.00    200.00     -4.25   -10.67    -3.36      0.0410    -25.44 LEFT    6.1074E-05   -216.18  2.9149E-05   -402.23
   80.00    200.00     -6.21   -13.70    -5.50      0.0302    -22.83 LEFT    4.8730E-05   -217.47  2.0570E-05   -402.29
   85.00    200.00    -10.29   -19.34    -9.78      0.0156    -19.41 LEFT    3.0468E-05   -219.35  1.0744E-05   -402.20
   90.00    200.00   -999.99  -999.99  -999.99      0.0000      0.00         2.3810E-15   -402.47  6.4741E-16   -221.95
    0.00    205.00      0.81    -5.81     1.67      0.0000    -25.00 LINEAR  1.0940E-04   -211.02  5.1016E-05   -391.02
    5.00    205.00      0.80    -5.77     1.66      0.0009    -25.14 LEFT    1.0922E-04   -211.04  5.1259E-05   -391.17
   10.00    205.00      0.76    -5.65     1.65      0.0035    -25.56 LEFT    1.0867E-04   -211.09  5.1975E-05   -391.61
   15.00    205.00      0.68    -5.46     1.63      0.0077    -26.24 LEFT    1.0775E-04   -211.18  5.3119E-05   -392.30
   20.00    205.00      0.58    -5.22     1.59      0.0134    -27.15 LEFT    1.0644E-04   -211.31  5.4613E-05   -393.20
   25.00    205.00      0.44    -4.95     1.54      0.0201    -28.26 LEFT    1.0474E-04   -211.48  5.6344E-05   -394.24
   30.00    205.00      0.26    -4.68     1.47      0.0275    -29.51 LEFT    1.0263E-04   -211.68  5.8152E-05   -395.35
   35.00    205.00      0.04    -4.43     1.37      0.0351    -30.83 LEFT    1.0010E-04   -211.93  5.9835E-05   -396.49
   40.00    205.00     -0.22    -4.24     1.23      0.0424    -32.14 LEFT    9.7155E-05   -212.21  6.1147E-05   -397.60
   45.00    205.00     -0.53    -4.15     1.04      0.0489    -33.33 LEFT    9.3773E-05   -212.55  6.1802E-05   -398.64
   50.00    205.00     -0.89    -4.19     0.78      0.0541    -34.30 LEFT    8.9933E-05   -212.93  6.1493E-05   -399.58
   55.00    205.00     -1.32    -4.42     0.41      0.0577    -34.92 LEFT    8.5583E-05   -213.38  5.9908E-05   -400.40
   60.00    205.00     -1.84    -4.89    -0.09      0.0591    -35.08 LEFT    8.0618E-05   -213.90  5.6760E-05   -401.09
   65.00    205.00     -2.48    -5.68    -0.78      0.0581    -34.63 LEFT    7.4836E-05   -214.52  5.1822E-05   -401.63
   70.00    205.00     -3.33    -6.91    -1.75      0.0542    -33.45 LEFT    6.7872E-05   -215.27  4.4954E-05   -402.01
   75.00    205.00     -4.54    -8.81    -3.16      0.0467    -31.40 LEFT    5.9056E-05   -216.23  3.6140E-05   -402.24
   80.00    205.00     -6.50   -11.83    -5.39      0.0349    -28.38 LEFT    4.7118E-05   -217.52  2.5506E-05   -402.30
   85.00    205.00    -10.58   -17.47    -9.77      0.0184    -24.32 LEFT    2.9459E-05   -219.41  1.3323E-05   -402.21
   90.00    205.00   -999.99  -999.99  -999.99      0.0000      0.00         2.3021E-15   -402.52  8.0281E-16   -221.96
    0.00    210.00      0.42    -4.35     1.67      0.0000    -30.00 LINEAR  1.0454E-04   -211.02  6.0357E-05   -391.02
    5.00    210.00      0.41    -4.31     1.67      0.0010    -30.16 LEFT    1.0437E-04   -211.04  6.0648E-05   -391.17
   10.00    210.00      0.36    -4.19     1.67      0.0040    -30.63 LEFT    1.0386E-04   -211.09  6.1502E-05   -391.61
   15.00    210.00      0.29    -4.00     1.67      0.0087    -31.40 LEFT    1.0300E-04   -211.19  6.2869E-05   -392.31
   20.00    210.00      0.19    -3.75     1.66      0.0149    -32.42 LEFT    1.0178E-04   -211.32  6.4655E-05   -393.20
   25.00    210.00      0.05    -3.48     1.64      0.0222    -33.65 LEFT    1.0019E-04   -211.49  6.6725E-05   -394.24
   30.00    210.00     -0.12    -3.20     1.61      0.0301    -35.03 LEFT    9.8201E-05   -211.70  6.8891E-05   -395.36
   35.00    210.00     -0.34    -2.95     1.56      0.0380    -36.48 LEFT    9.5819E-05   -211.94  7.0911E-05   -396.50
   40.00    210.00     -0.59    -2.76     1.47      0.0455    -37.90 LEFT    9.3029E-05   -212.23  7.2492E-05   -397.61
   45.00    210.00     -0.90    -2.67     1.32      0.0520    -39.18 LEFT    8.9818E-05   -212.57  7.3295E-05   -398.65
   50.00    210.00     -1.26    -2.71     1.09      0.0571    -40.22 LEFT    8.6162E-05   -212.96  7.2953E-05   -399.59
   55.00    210.00     -1.69    -2.93     0.74      0.0605    -40.89 LEFT    8.2011E-05   -213.42  7.1094E-05   -400.42
   60.00    210.00     -2.21    -3.40     0.25      0.0620    -41.06 LEFT    7.7262E-05   -213.94  6.7377E-05   -401.10
   65.00    210.00     -2.85    -4.19    -0.46      0.0611    -40.59 LEFT    7.1725E-05   -214.57  6.1529E-05   -401.64
   70.00    210.00     -3.70    -5.42    -1.47      0.0574    -39.34 LEFT    6.5051E-05   -215.33  5.3385E-05   -402.02
   75.00    210.00     -4.91    -7.31    -2.94      0.0501    -37.14 LEFT    5.6599E-05   -216.29  4.2925E-05   -402.25
   80.00    210.00     -6.87   -10.34    -5.26      0.0382    -33.83 LEFT    4.5156E-05   -217.58  3.0297E-05   -402.31
   85.00    210.00    -10.95   -15.98    -9.77      0.0205    -29.26 LEFT    2.8231E-05   -219.47  1.5827E-05   -402.22
   90.00    210.00   -999.99  -999.99  -999.99      0.0000      0.00         2.2061E-15   -402.58  9.5372E-16   -221.97
    0.00    215.00     -0.06    -3.16     1.67      0.0000    -35.00 LINEAR  9.8883E-05   -211.02  6.9239E-05   -391.02
    5.00    215.00     -0.08    -3.12     1.67      0.0011    -35.17 LEFT    9.8728E-05   -211.04  6.9576E-05   -391.17
   10.00    215.00     -0.12    -2.99     1.69      0.0043    -35.68 LEFT    9.8260E-05   -211.09  7.0566E-05   -391.61
   15.00    215.00     -0.19    -2.80     1.71      0.0093    -36.51 LEFT    9.7470E-05   -211.19  7.2151E-05   -392.31
   20.00    215.00     -0.29    -2.56     1.73      0.0159    -37.61 LEFT    9.6344E-05   -211.32  7.4224E-05   -393.21
   25.00    215.00     -0.42    -2.28     1.76      0.0235    -38.92 LEFT    9.4867E-05   -211.50  7.6627E-05   -394.25
   30.00    215.00     -0.59    -2.00     1.77      0.0315    -40.38 LEFT    9.3025E-05   -211.71  7.9145E-05   -395.37
   35.00    215.00     -0.80    -1.74     1.76      0.0395    -41.90 LEFT    9.0805E-05   -211.96  8.1499E-05   -396.51
   40.00    215.00     -1.06    -1.55     1.71      0.0468    -43.37 LEFT    8.8195E-05   -212.26  8.3349E-05   -397.62
   45.00    215.00     -1.36    -1.45     1.61      0.0529    -44.70 LEFT    8.5180E-05   -212.60  8.4305E-05   -398.66
   50.00    215.00     -1.72    -1.49     1.41      0.0577    -45.77 LEFT    8.1737E-05   -213.00  8.3943E-05   -399.61
   55.00    215.00     -2.15    -1.71     1.09      0.0608    -46.45 LEFT    7.7815E-05   -213.46  8.1832E-05   -400.43
   60.00    215.00     -2.66    -2.17     0.60      0.0621    -46.63 LEFT    7.3319E-05   -213.99  7.7577E-05   -401.11
   65.00    215.00     -3.31    -2.96    -0.12      0.0614    -46.16 LEFT    6.8069E-05   -214.62  7.0862E-05   -401.65
   70.00    215.00     -4.16    -4.19    -1.16      0.0581    -44.89 LEFT    6.1735E-05   -215.38  6.1496E-05   -402.03
   75.00    215.00     -5.37    -6.08    -2.70      0.0514    -42.62 LEFT    5.3712E-05   -216.35  4.9455E-05   -402.26
   80.00    215.00     -7.33    -9.11    -5.12      0.0400    -39.15 LEFT    4.2850E-05   -217.64  3.4910E-05   -402.33
   85.00    215.00    -11.41   -14.75    -9.75      0.0219    -34.24 LEFT    2.6788E-05   -219.53  1.8238E-05   -402.23
   90.00    215.00   -999.99  -999.99  -999.99      0.0000      0.00         2.0934E-15   -402.65  1.0991E-15   -221.98
    0.00    220.00     -0.65    -2.17     1.67      0.0000    -40.00 LINEAR  9.2473E-05   -211.02  7.7594E-05   -391.02
    5.00    220.00     -0.66    -2.13     1.68      0.0011    -40.18 LEFT    9.2333E-05   -211.04  7.7975E-05   -391.17
   10.00    220.00     -0.70    -2.00     1.71      0.0045    -40.72 LEFT    9.1909E-05   -211.10  7.9098E-05   -391.61
   15.00    220.00     -0.77    -1.81     1.75      0.0097    -41.57 LEFT    9.1192E-05   -211.19  8.0894E-05   -392.31
   20.00    220.00     -0.87    -1.56     1.81      0.0164    -42.71 LEFT    9.0168E-05   -211.33  8.3244E-05   -393.21
   25.00    220.00     -1.00    -1.28     1.87      0.0240    -44.07 LEFT    8.8820E-05   -211.51  8.5972E-05   -394.26
   30.00    220.00     -1.16    -1.00     1.93      0.0319    -45.56 LEFT    8.7132E-05   -211.72  8.8834E-05   -395.38
   35.00    220.00     -1.37    -0.74     1.97      0.0395    -47.09 LEFT    8.5089E-05   -211.98  9.1515E-05   -396.52
   40.00    220.00     -1.62    -0.54     1.97      0.0464    -48.57 LEFT    8.2678E-05   -212.28  9.3634E-05   -397.63
   45.00    220.00     -1.92    -0.44     1.90      0.0520    -49.89 LEFT    7.9881E-05   -212.63  9.4747E-05   -398.67
   50.00    220.00     -2.27    -0.47     1.73      0.0563    -50.95 LEFT    7.6676E-05   -213.03  9.4377E-05   -399.62
   55.00    220.00     -2.70    -0.69     1.43      0.0591    -51.62 LEFT    7.3013E-05   -213.50  9.2036E-05   -400.44
   60.00    220.00     -3.21    -1.15     0.95      0.0602    -51.80 LEFT    6.8805E-05   -214.04  8.7279E-05   -401.13
   65.00    220.00     -3.86    -1.93     0.22      0.0596    -51.35 LEFT    6.3882E-05   -214.67  7.9746E-05   -401.66
   70.00    220.00     -4.71    -3.16    -0.86      0.0568    -50.10 LEFT    5.7937E-05   -215.45  6.9222E-05   -402.05
   75.00    220.00     -5.92    -5.05    -2.45      0.0509    -47.86 LEFT    5.0406E-05   -216.42  5.5678E-05   -402.27
   80.00    220.00     -7.88    -8.08    -4.97      0.0404    -44.35 LEFT    4.0211E-05   -217.71  3.9309E-05   -402.34
   85.00    220.00    -11.96   -13.72    -9.74      0.0226    -39.24 LEFT    2.5137E-05   -219.61  2.0537E-05   -402.25
   90.00    220.00   -999.99  -999.99  -999.99      0.0000      0.00         1.9643E-15   -402.72  1.2376E-15   -222.00
    0.00    225.00     -1.34    -1.34     1.67      0.0000    -45.00 LINEAR  8.5358E-05   -211.02  8.5358E-05   -391.02
    5.00    225.00     -1.35    -1.30     1.68      0.0012    -45.18 LEFT    8.5233E-05   -211.04  8.5782E-05   -391.17
   10.00    225.00     -1.39    -1.17     1.73      0.0045    -45.73 LEFT    8.4856E-05   -211.10  8.7031E-05   -391.61
   15.00    225.00     -1.46    -0.98     1.80      0.0097    -46.59 LEFT    8.4216E-05   -211.20  8.9030E-05   -392.31
   20.00    225.00     -1.55    -0.72     1.89      0.0163    -47.73 LEFT    8.3298E-05   -211.34  9.1647E-05   -393.22
   25.00    225.00     -1.68    -0.44     1.99      0.0237    -49.08 LEFT    8.2086E-05   -211.52  9.4687E-05   -394.26
   30.00    225.00     -1.84    -0.15     2.09      0.0313    -50.55 LEFT    8.0561E-05   -211.74  9.7881E-05   -395.39
   35.00    225.00     -2.05     0.11     2.17      0.0384    -52.06 LEFT    7.8707E-05   -212.00  1.0088E-04   -396.53
   40.00    225.00     -2.29     0.31     2.21      0.0446    -53.50 LEFT    7.6508E-05   -212.31  1.0326E-04   -397.64
   45.00    225.00     -2.59     0.42     2.18      0.0496    -54.77 LEFT    7.3949E-05   -212.66  1.0453E-04   -398.69
   50.00    225.00     -2.94     0.39     2.05      0.0533    -55.78 LEFT    7.1003E-05   -213.07  1.0417E-04   -399.63
   55.00    225.00     -3.36     0.17     1.77      0.0557    -56.43 LEFT    6.7628E-05   -213.54  1.0162E-04   -400.45
   60.00    225.00     -3.88    -0.29     1.29      0.0567    -56.61 LEFT    6.3739E-05   -214.09  9.6401E-05   -401.14
   65.00    225.00     -4.52    -1.07     0.55      0.0562    -56.18 LEFT    5.9183E-05   -214.73  8.8106E-05   -401.68
   70.00    225.00     -5.37    -2.29    -0.56      0.0538    -55.00 LEFT    5.3676E-05   -215.51  7.6496E-05   -402.06
   75.00    225.00     -6.58    -4.18    -2.21      0.0488    -52.85 LEFT    4.6696E-05   -216.48  6.1541E-05   -402.29
   80.00    225.00     -8.54    -7.21    -4.81      0.0394    -49.41 LEFT    3.7249E-05   -217.79  4.3453E-05   -402.35
   85.00    225.00    -12.63   -12.84    -9.72      0.0225    -44.28 LEFT    2.3285E-05   -219.68  2.2704E-05   -402.26
   90.00    225.00   -999.99  -999.99  -999.99      0.0000      0.00         1.8195E-15   -402.80  1.3683E-15   -222.01
    0.00    230.00     -2.17    -0.65     1.67      0.0000    -50.00 LINEAR  7.7594E-05   -211.02  9.2473E-05   -391.02
    5.00    230.00     -2.18    -0.60     1.69      0.0011    -50.18 LEFT    7.7485E-05   -211.04  9.2937E-05   -391.17
   10.00    230.00     -2.22    -0.48     1.75      0.0044    -50.71 LEFT    7.7154E-05   -211.10  9.4305E-05   -391.62
   15.00    230.00     -2.28    -0.28     1.85      0.0095    -51.56 LEFT    7.6591E-05   -211.20  9.6495E-05   -392.32
   20.00    230.00     -2.38    -0.02     1.97      0.0158    -52.67 LEFT    7.5782E-05   -211.34  9.9365E-05   -393.22
   25.00    230.00     -2.50     0.26     2.11      0.0228    -53.98 LEFT    7.4709E-05   -211.53  1.0270E-04   -394.27
   30.00    230.00     -2.66     0.56     2.25      0.0297    -55.39 LEFT    7.3353E-05   -211.75  1.0621E-04   -395.40
   35.00    230.00     -2.86     0.82     2.37      0.0362    -56.82 LEFT    7.1696E-05   -212.02  1.0951E-04   -396.54
   40.00    230.00     -3.10     1.03     2.45      0.0417    -58.18 LEFT    6.9723E-05   -212.33  1.1215E-04   -397.65
   45.00    230.00     -3.39     1.14     2.45      0.0460    -59.37 LEFT    6.7416E-05   -212.69  1.1358E-04   -398.70
   50.00    230.00     -3.74     1.11     2.34      0.0492    -60.32 LEFT    6.4751E-05   -213.11  1.1323E-04   -399.64
   55.00    230.00     -4.16     0.90     2.08      0.0511    -60.92 LEFT    6.1687E-05   -213.59  1.1050E-04   -400.47
   60.00    230.00     -4.68     0.45     1.61      0.0519    -61.09 LEFT    5.8149E-05   -214.14  1.0486E-04   -401.15
   65.00    230.00     -5.32    -0.33     0.86      0.0515    -60.70 LEFT    5.3996E-05   -214.79  9.5862E-05   -401.69
   70.00    230.00     -6.17    -1.56    -0.27      0.0496    -59.61 LEFT    4.8972E-05   -215.57  8.3250E-05   -402.08
   75.00    230.00     -7.38    -3.45    -1.97      0.0455    -57.60 LEFT    4.2602E-05   -216.55  6.6986E-05   -402.30
   80.00    230.00     -9.34    -6.47    -4.66      0.0373    -54.33 LEFT    3.3982E-05   -217.86  4.7305E-05   -402.37
   85.00    230.00    -13.42   -12.11    -9.70      0.0217    -49.33 LEFT    2.1241E-05   -219.75  2.4719E-05   -402.27
   90.00    230.00   -999.99  -999.99  -999.99      0.0000      0.00         1.6598E-15   -402.87  1.4897E-15   -222.02
    0.00    235.00     -3.16    -0.06     1.67      0.0000    -55.00 LINEAR  6.9239E-05   -211.02  9.8883E-05   -391.02
    5.00    235.00     -3.17    -0.02     1.69      0.0011    -55.17 LEFT    6.9145E-05   -211.04  9.9386E-05   -391.17
   10.00    235.00     -3.21     0.11     1.77      0.0042    -55.68 LEFT    6.8861E-05   -211.10  1.0086E-04   -391.62
   15.00    235.00     -3.27     0.31     1.89      0.0090    -56.48 LEFT    6.8376E-05   -211.20  1.0323E-04   -392.32
   20.00    235.00     -3.36     0.57     2.04      0.0149    -57.53 LEFT    6.7676E-05   -211.35  1.0634E-04   -393.23
   25.00    235.00     -3.48     0.86     2.22      0.0212    -58.75 LEFT    6.6743E-05   -211.54  1.0995E-04   -394.28
   30.00    235.00     -3.63     1.15     2.40      0.0275    -60.07 LEFT    6.5559E-05   -211.77  1.1375E-04   -395.40
   35.00    235.00     -3.83     1.42     2.56      0.0331    -61.39 LEFT    6.4106E-05   -212.04  1.1734E-04   -396.55
   40.00    235.00     -4.07     1.63     2.67      0.0379    -62.64 LEFT    6.2367E-05   -212.36  1.2021E-04   -397.67
   45.00    235.00     -4.36     1.75     2.70      0.0416    -63.73 LEFT    6.0326E-05   -212.72  1.2180E-04   -398.71
   50.00    235.00     -4.70     1.72     2.61      0.0442    -64.58 LEFT    5.7959E-05   -213.14  1.2147E-04   -399.66
   55.00    235.00     -5.12     1.51     2.37      0.0458    -65.13 LEFT    5.5229E-05   -213.63  1.1859E-04   -400.48
   60.00    235.00     -5.64     1.06     1.90      0.0464    -65.28 LEFT    5.2068E-05   -214.19  1.1257E-04   -401.17
   65.00    235.00     -6.28     0.28     1.15      0.0461    -64.94 LEFT    4.8353E-05   -214.84  1.0294E-04   -401.70
   70.00    235.00     -7.13    -0.94    -0.00      0.0445    -63.96 LEFT    4.3854E-05   -215.63  8.9415E-05   -402.09
   75.00    235.00     -8.34    -2.82    -1.75      0.0412    -62.14 LEFT    3.8149E-05   -216.62  7.1960E-05   -402.31
   80.00    235.00    -10.30    -5.85    -4.52      0.0343    -59.13 LEFT    3.0428E-05   -217.93  5.0823E-05   -402.38
   85.00    235.00    -14.38   -11.48    -9.68      0.0203    -54.40 LEFT    1.9019E-05   -219.83  2.6559E-05   -402.29
   90.00    235.00   -999.99  -999.99  -999.99      0.0000      0.00         1.4861E-15   -402.94  1.6007E-15   -222.04
    0.00    240.00     -4.35     0.42     1.67      0.0000    -60.00 LINEAR  6.0357E-05   -211.02  1.0454E-04   -391.02
    5.00    240.00     -4.36     0.46     1.70      0.0010    -60.16 LEFT    6.0279E-05   -211.04  1.0508E-04   -391.17
   10.00    240.00     -4.40     0.59     1.79      0.0039    -60.62 LEFT    6.0039E-05   -211.10  1.0666E-04   -391.62
   15.00    240.00     -4.46     0.80     1.93      0.0082    -61.36 LEFT    5.9630E-05   -211.21  1.0919E-04   -392.32
   20.00    240.00     -4.54     1.06     2.11      0.0135    -62.32 LEFT    5.9038E-05   -211.36  1.1250E-04   -393.23
   25.00    240.00     -4.66     1.35     2.32      0.0191    -63.43 LEFT    5.8245E-05   -211.55  1.1636E-04   -394.28
   30.00    240.00     -4.81     1.65     2.53      0.0246    -64.61 LEFT    5.7234E-05   -211.78  1.2044E-04   -395.41
   35.00    240.00     -5.00     1.92     2.72      0.0294    -65.79 LEFT    5.5988E-05   -212.06  1.2429E-04   -396.56
   40.00    240.00     -5.24     2.14     2.87      0.0334    -66.90 LEFT    5.4491E-05   -212.38  1.2738E-04   -397.68
   45.00    240.00     -5.53     2.25     2.92      0.0365    -67.86 LEFT    5.2725E-05   -212.75  1.2911E-04   -398.72
   50.00    240.00     -5.87     2.23     2.86      0.0386    -68.62 LEFT    5.0671E-05   -213.18  1.2881E-04   -399.67
   55.00    240.00     -6.29     2.03     2.62      0.0398    -69.10 LEFT    4.8294E-05   -213.67  1.2579E-04   -400.49
   60.00    240.00     -6.80     1.58     2.17      0.0403    -69.24 LEFT    4.5537E-05   -214.23  1.1944E-04   -401.18
   65.00    240.00     -7.44     0.80     1.41      0.0401    -68.94 LEFT    4.2290E-05   -214.90  1.0925E-04   -401.72
   70.00    240.00     -8.29    -0.42     0.24      0.0389    -68.09 LEFT    3.8355E-05   -215.69  9.4923E-05   -402.10
   75.00    240.00     -9.50    -2.30    -1.55      0.0361    -66.48 LEFT    3.3365E-05   -216.68  7.6405E-05   -402.33
   80.00    240.00    -11.47    -5.32    -4.38      0.0305    -63.79 LEFT    2.6611E-05   -217.99  5.3970E-05   -402.39
   85.00    240.00    -15.55   -10.96    -9.66      0.0184    -59.48 LEFT    1.6632E-05   -219.89  2.8206E-05   -402.30
   90.00    240.00   -999.99  -999.99  -999.99      0.0000      0.00         1.2996E-15   -403.01  1.6999E-15   -222.05
    0.00    245.00     -5.81     0.81     1.67      0.0000    -65.00 LINEAR  5.1016E-05   -211.02  1.0940E-04   -391.02
    5.00    245.00     -5.82     0.86     1.70      0.0009    -65.14 LEFT    5.0952E-05   -211.04  1.0997E-04   -391.17
   10.00    245.00     -5.86     0.99     1.81      0.0034    -65.55 LEFT    5.0756E-05   -211.10  1.1164E-04   -391.62
   15.00    245.00     -5.91     1.19     1.97      0.0072    -66.20 LEFT    5.0421E-05   -211.21  1.1431E-04   -392.33
   20.00    245.00     -6.00     1.46     2.17      0.0118    -67.04 LEFT    4.9934E-05   -211.36  1.1781E-04   -393.24
   25.00    245.00     -6.11     1.75     2.41      0.0166    -68.00 LEFT    4.9280E-05   -211.55  1.2190E-04   -394.29
   30.00    245.00     -6.26     2.05     2.65      0.0212    -69.03 LEFT    4.8442E-05   -211.79  1.2621E-04   -395.42
   35.00    245.00     -6.45     2.33     2.87      0.0252    -70.05 LEFT    4.7404E-05   -212.07  1.3029E-04   -396.57
   40.00    245.00     -6.68     2.55     3.04      0.0285    -71.00 LEFT    4.6152E-05   -212.40  1.3358E-04   -397.69
   45.00    245.00     -6.97     2.67     3.12      0.0309    -71.82 LEFT    4.4671E-05   -212.78  1.3544E-04   -398.73
   50.00    245.00     -7.31     2.65     3.07      0.0326    -72.46 LEFT    4.2941E-05   -213.21  1.3517E-04   -399.68
   55.00    245.00     -7.72     2.45     2.85      0.0335    -72.87 LEFT    4.0935E-05   -213.70  1.3204E-04   -400.50
   60.00    245.00     -8.23     2.00     2.39      0.0339    -72.99 LEFT    3.8603E-05   -214.27  1.2541E-04   -401.19
   65.00    245.00     -8.88     1.23     1.63      0.0337    -72.74 LEFT    3.5852E-05   -214.94  1.1474E-04   -401.73
   70.00    245.00     -9.72     0.01     0.45      0.0328    -72.02 LEFT    3.2517E-05   -215.74  9.9709E-05   -402.11
   75.00    245.00    -10.94    -1.88    -1.37      0.0306    -70.66 LEFT    2.8285E-05   -216.73  8.0270E-05   -402.34
   80.00    245.00    -12.90    -4.89    -4.26      0.0261    -68.35 LEFT    2.2558E-05   -218.05  5.6706E-05   -402.40
   85.00    245.00    -16.98   -10.53    -9.64      0.0160    -64.57 LEFT    1.4099E-05   -219.95  2.9638E-05   -402.31
   90.00    245.00   -999.99  -999.99  -999.99      0.0000      0.00         1.1017E-15   -403.07  1.7863E-15   -222.06
    0.00    250.00     -7.65     1.13     1.67      0.0000    -70.00 LINEAR  4.1287E-05   -211.02  1.1343E-04   -391.02
    5.00    250.00     -7.66     1.17     1.71      0.0007    -70.12 LEFT    4.1236E-05   -211.04  1.1403E-04   -391.17
   10.00    250.00     -7.69     1.31     1.82      0.0028    -70.46 LEFT    4.1083E-05   -211.10  1.1577E-04   -391.62
   15.00    250.00     -7.75     1.51     2.00      0.0060    -71.00 LEFT    4.0819E-05   -211.21  1.1856E-04   -392.33
   20.00    250.00     -7.83     1.78     2.23      0.0098    -71.70 LEFT    4.0434E-05   -211.37  1.2222E-04   -393.24
   25.00    250.00     -7.94     2.07     2.49      0.0137    -72.50 LEFT    3.9915E-05   -211.56  1.2649E-04   -394.30
   30.00    250.00     -8.09     2.38     2.75      0.0174    -73.35 LEFT    3.9249E-05   -211.80  1.3100E-04   -395.43
   35.00    250.00     -8.28     2.66     2.99      0.0206    -74.18 LEFT    3.8420E-05   -212.09  1.3528E-04   -396.58
   40.00    250.00     -8.51     2.88     3.18      0.0231    -74.96 LEFT    3.7417E-05   -212.42  1.3875E-04   -397.69
   45.00    250.00     -8.79     3.00     3.28      0.0250    -75.63 LEFT    3.6226E-05   -212.80  1.4072E-04   -398.74
   50.00    250.00     -9.13     2.99     3.24      0.0263    -76.15 LEFT    3.4831E-05   -213.23  1.4048E-04   -399.69
   55.00    250.00     -9.54     2.78     3.03      0.0270    -76.48 LEFT    3.3209E-05   -213.73  1.3727E-04   -400.51
   60.00    250.00    -10.05     2.34     2.58      0.0273    -76.58 LEFT    3.1320E-05   -214.31  1.3040E-04   -401.20
   65.00    250.00    -10.69     1.57     1.82      0.0271    -76.38 LEFT    2.9090E-05   -214.98  1.1933E-04   -401.74
   70.00    250.00    -11.54     0.35     0.62      0.0264    -75.80 LEFT    2.6384E-05   -215.78  1.0371E-04   -402.12
   75.00    250.00    -12.75    -1.53    -1.22      0.0248    -74.69 LEFT    2.2949E-05   -216.78  8.3506E-05   -402.35
   80.00    250.00    -14.72    -4.55    -4.15      0.0213    -72.80 LEFT    1.8302E-05   -218.10  5.8997E-05   -402.41
   85.00    250.00    -18.80   -10.19    -9.63      0.0132    -69.66 LEFT    1.1439E-05   -220.01  3.0837E-05   -402.32
   90.00    250.00   -999.99  -999.99  -999.99      0.0000      0.00         8.9377E-16   -403.12  1.8586E-15   -222.07
    0.00    255.00    -10.07     1.37     1.67      0.0000    -75.00 LINEAR  3.1243E-05   -211.02  1.1660E-04   -391.02
    5.00    255.00    -10.08     1.41     1.71      0.0006    -75.09 LEFT    3.1206E-05   -211.04  1.1721E-04   -391.17
   10.00    255.00    -10.11     1.55     1.83      0.0022    -75.36 LEFT    3.1093E-05   -211.11  1.1901E-04   -391.62
   15.00    255.00    -10.17     1.75     2.02      0.0046    -75.78 LEFT    3.0898E-05   -211.22  1.2190E-04   -392.33
   20.00    255.00    -10.25     2.02     2.27      0.0075    -76.32 LEFT    3.0612E-05   -211.37  1.2569E-04   -393.24
   25.00    255.00    -10.36     2.32     2.55      0.0105    -76.93 LEFT    3.0226E-05   -211.57  1.3011E-04   -394.30
   30.00    255.00    -10.50     2.63     2.83      0.0133    -77.58 LEFT    2.9729E-05   -211.81  1.3479E-04   -395.43
   35.00    255.00    -10.69     2.91     3.09      0.0157    -78.22 LEFT    2.9109E-05   -212.10  1.3922E-04   -396.58
   40.00    255.00    -10.91     3.13     3.30      0.0175    -78.81 LEFT    2.8355E-05   -212.43  1.4282E-04   -397.70
   45.00    255.00    -11.19     3.25     3.41      0.0189    -79.32 LEFT    2.7459E-05   -212.82  1.4489E-04   -398.75
   50.00    255.00    -11.53     3.24     3.38      0.0198    -79.72 LEFT    2.6406E-05   -213.26  1.4467E-04   -399.70
   55.00    255.00    -11.95     3.04     3.18      0.0203    -79.97 LEFT    2.5180E-05   -213.76  1.4140E-04   -400.52
   60.00    255.00    -12.45     2.60     2.73      0.0205    -80.04 LEFT    2.3750E-05   -214.34  1.3435E-04   -401.21
   65.00    255.00    -13.09     1.83     1.97      0.0204    -79.89 LEFT    2.2060E-05   -215.01  1.2297E-04   -401.75
   70.00    255.00    -13.94     0.61     0.76      0.0199    -79.46 LEFT    2.0007E-05   -215.82  1.0689E-04   -402.13
   75.00    255.00    -15.15    -1.27    -1.10      0.0187    -78.62 LEFT    1.7403E-05   -216.82  8.6070E-05   -402.35
   80.00    255.00    -17.12    -4.29    -4.07      0.0162    -77.18 LEFT    1.3878E-05   -218.14  6.0814E-05   -402.42
   85.00    255.00    -21.20    -9.92    -9.61      0.0101    -74.75 LEFT    8.6736E-06   -220.05  3.1788E-05   -402.33
   90.00    255.00   -999.99  -999.99  -999.99      0.0000      0.00         6.7771E-16   -403.17  1.9160E-15   -222.08
    0.00    260.00    -13.54     1.54     1.67      0.0000    -80.00 LINEAR  2.0962E-05   -211.02  1.1888E-04   -391.02
    5.00    260.00    -13.55     1.58     1.71      0.0004    -80.06 LEFT    2.0937E-05   -211.04  1.1951E-04   -391.17
   10.00    260.00    -13.58     1.71     1.84      0.0015    -80.25 LEFT    2.0863E-05   -211.11  1.2135E-04   -391.62
   15.00    260.00    -13.63     1.92     2.04      0.0032    -80.53 LEFT    2.0734E-05   -211.22  1.2431E-04   -392.33
   20.00    260.00    -13.71     2.19     2.30      0.0051    -80.90 LEFT    2.0546E-05   -211.37  1.2819E-04   -393.25
   25.00    260.00    -13.82     2.49     2.59      0.0071    -81.32 LEFT    2.0290E-05   -211.57  1.3272E-04   -394.30
   30.00    260.00    -13.96     2.80     2.89      0.0090    -81.76 LEFT    1.9960E-05   -211.82  1.3751E-04   -395.44
   35.00    260.00    -14.15     3.08     3.16      0.0106    -82.19 LEFT    1.9547E-05   -212.10  1.4207E-04   -396.59
   40.00    260.00    -14.37     3.31     3.38      0.0118    -82.59 LEFT    1.9044E-05   -212.44  1.4577E-04   -397.71
   45.00    260.00    -14.65     3.43     3.50      0.0127    -82.93 LEFT    1.8445E-05   -212.83  1.4791E-04   -398.75
   50.00    260.00    -14.99     3.42     3.48      0.0133    -83.19 LEFT    1.7740E-05   -213.27  1.4771E-04   -399.70
   55.00    260.00    -15.40     3.22     3.28      0.0136    -83.36 LEFT    1.6918E-05   -213.78  1.4439E-04   -400.53
   60.00    260.00    -15.91     2.78     2.84      0.0137    -83.41 LEFT    1.5958E-05   -214.36  1.3721E-04   -401.21
   65.00    260.00    -16.55     2.01     2.07      0.0136    -83.31 LEFT    1.4823E-05   -215.04  1.2560E-04   -401.75
   70.00    260.00    -17.40     0.80     0.86      0.0133    -83.02 LEFT    1.3444E-05   -215.85  1.0919E-04   -402.13
   75.00    260.00    -18.61    -1.08    -1.01      0.0126    -82.46 LEFT    1.1694E-05   -216.85  8.7928E-05   -402.36
   80.00    260.00    -20.57    -4.10    -4.00      0.0109    -81.49 LEFT    9.3254E-06   -218.17  6.2130E-05   -402.43
   85.00    260.00    -24.66    -9.74    -9.60      0.0068    -79.83 LEFT    5.8280E-06   -220.08  3.2477E-05   -402.33
   90.00    260.00   -999.99  -999.99  -999.99      0.0000      0.00         4.5538E-16   -403.20  1.9575E-15   -222.08
    0.00    265.00    -19.53     1.64     1.67      0.0000    -85.00 LINEAR  1.0521E-05   -211.02  1.2026E-04   -391.02
    5.00    265.00    -19.54     1.68     1.71      0.0002    -85.03 LEFT    1.0509E-05   -211.04  1.2089E-04   -391.17
   10.00    265.00    -19.57     1.81     1.85      0.0008    -85.12 LEFT    1.0472E-05   -211.11  1.2276E-04   -391.62
   15.00    265.00    -19.62     2.02     2.05      0.0016    -85.27 LEFT    1.0408E-05   -211.22  1.2576E-04   -392.33
   20.00    265.00    -19.70     2.29     2.32      0.0026    -85.46 LEFT    1.0314E-05   -211.37  1.2970E-04   -393.25
   25.00    265.00    -19.81     2.59     2.62      0.0036    -85.67 LEFT    1.0187E-05   -211.57  1.3430E-04   -394.30
   30.00    265.00    -19.95     2.90     2.93      0.0045    -85.89 LEFT    1.0022E-05   -211.82  1.3916E-04   -395.44
   35.00    265.00    -20.13     3.19     3.21      0.0053    -86.11 LEFT    9.8161E-06   -212.11  1.4379E-04   -396.59
   40.00    265.00    -20.35     3.41     3.43      0.0059    -86.31 LEFT    9.5648E-06   -212.45  1.4755E-04   -397.71
   45.00    265.00    -20.63     3.54     3.56      0.0064    -86.48 LEFT    9.2647E-06   -212.84  1.4973E-04   -398.76
   50.00    265.00    -20.97     3.53     3.54      0.0066    -86.61 LEFT    8.9115E-06   -213.28  1.4955E-04   -399.70
   55.00    265.00    -21.38     3.33     3.35      0.0068    -86.70 LEFT    8.4991E-06   -213.79  1.4620E-04   -400.53
   60.00    265.00    -21.89     2.89     2.90      0.0069    -86.72 LEFT    8.0172E-06   -214.37  1.3894E-04   -401.22
   65.00    265.00    -22.53     2.12     2.14      0.0068    -86.67 LEFT    7.4470E-06   -215.05  1.2719E-04   -401.75
   70.00    265.00    -23.38     0.91     0.92      0.0067    -86.53 LEFT    6.7542E-06   -215.86  1.1058E-04   -402.14
   75.00    265.00    -24.59    -0.97    -0.95      0.0063    -86.24 LEFT    5.8748E-06   -216.87  8.9054E-05   -402.36
   80.00    265.00    -26.55    -3.99    -3.97      0.0055    -85.75 LEFT    4.6849E-06   -218.19  6.2927E-05   -402.43
   85.00    265.00    -30.64    -9.62    -9.59      0.0035    -84.92 LEFT    2.9278E-06   -220.10  3.2894E-05   -402.34
   90.00    265.00   -999.99  -999.99  -999.99      0.0000      0.00         2.2877E-16   -403.21  1.9827E-15   -222.09
    0.00    270.00   -999.99     1.67     1.67      0.0000     90.00 LINEAR  1.8482E-15   -391.02  1.2071E-04   -391.02
    5.00    270.00   -999.99     1.71     1.71      0.0000     90.00 LINEAR  3.3333E-15   -432.11  1.2135E-04   -391.17
   10.00    270.00   -999.99     1.85     1.85      0.0000     90.00 LINEAR  5.4800E-15   -445.76  1.2323E-04   -391.62
   15.00    270.00   -999.99     2.06     2.06      0.0000     90.00 LINEAR  7.9009E-15   -452.33  1.2625E-04   -392.33
   20.00    270.00   -199.49     2.33     2.33      0.0000     90.00 LINEAR  1.0569E-14   -456.45  1.3020E-04   -393.25
   25.00    270.00   -197.37     2.63     2.63      0.0000     90.00 LINEAR  1.3483E-14   -459.42  1.3483E-04   -394.31
   30.00    270.00   -195.56     2.94     2.94      0.0000     90.00 LINEAR  1.6614E-14   -461.72  1.3971E-04   -395.44
   35.00    270.00   -193.99     3.22     3.22      0.0000     90.00 LINEAR  1.9889E-14   -463.53  1.4436E-04   -396.59
   40.00    270.00   -192.66     3.45     3.45      0.0000     90.00 LINEAR  2.3195E-14   -464.98  1.4815E-04   -397.71
   45.00    270.00   -191.54     3.57     3.57      0.0000     90.00 LINEAR  2.6374E-14   -466.12  1.5034E-04   -398.76
   50.00    270.00   -190.65     3.56     3.56      0.0000     90.00 LINEAR  2.9236E-14   -467.03  1.5016E-04   -399.71
   55.00    270.00   -189.98     3.37     3.37      0.0000     90.00 LINEAR  3.1567E-14   -467.76  1.4680E-04   -400.53
   60.00    270.00   -189.56     2.93     2.93      0.0000     90.00 LINEAR  3.3129E-14   -468.38  1.3952E-04   -401.22
   65.00    270.00   -189.43     2.16     2.16      0.0000     90.00 LINEAR  3.3656E-14   -468.95  1.2773E-04   -401.76
   70.00    270.00   -189.64     0.94     0.94      0.0000     90.00 LINEAR  3.2830E-14   -469.58  1.1105E-04   -402.14
   75.00    270.00   -190.36    -0.94    -0.94      0.0000     90.00 LINEAR  3.0208E-14   -470.37  8.9431E-05   -402.37
   80.00    270.00   -191.98    -3.95    -3.95      0.0000     90.00 LINEAR  2.5073E-14   -471.51  6.3195E-05   -402.43
   85.00    270.00   -195.86    -9.59    -9.59      0.0000     90.00 LINEAR  1.6049E-14   -473.28  3.3034E-05   -402.34
   90.00    270.00   -999.99  -999.99  -999.99      0.0000      0.00         1.1639E-20   -133.31  1.9911E-15   -222.09
    0.00    275.00    -19.53     1.64     1.67      0.0000     85.00 LINEAR  1.0521E-05   -391.02  1.2026E-04   -391.02
    5.00    275.00    -19.54     1.68     1.71      0.0002     85.03 RIGHT   1.0509E-05   -391.04  1.2089E-04   -391.17
   10.00    275.00    -19.57     1.81     1.85      0.0008     85.12 RIGHT   1.0472E-05   -391.11  1.2276E-04   -391.62
   15.00    275.00    -19.62     2.02     2.05      0.0016     85.27 RIGHT   1.0408E-05   -391.22  1.2576E-04   -392.33
   20.00    275.00    -19.70     2.29     2.32      0.0026     85.46 RIGHT   1.0314E-05   -391.37  1.2970E-04   -393.25
   25.00    275.00    -19.81     2.59     2.62      0.0036     85.67 RIGHT   1.0187E-05   -391.57  1.3430E-04   -394.30
   30.00    275.00    -19.95     2.90     2.93      0.0045     85.89 RIGHT   1.0022E-05   -391.82  1.3916E-04   -395.44
   35.00    275.00    -20.13     3.19     3.21      0.0053     86.11 RIGHT   9.8161E-06   -392.11  1.4379E-04   -396.59
   40.00    275.00    -20.35     3.41     3.43      0.0059     86.31 RIGHT   9.5648E-06   -392.45  1.4755E-04   -397.71
   45.00    275.00    -20.63     3.54     3.56      0.0064     86.48 RIGHT   9.2647E-06   -392.84  1.4973E-04   -398.76
   50.00    275.00    -20.97     3.53     3.54      0.0066     86.61 RIGHT   8.9115E-06   -393.28  1.4955E-04   -399.70
   55.00    275.00    -21.38     3.33     3.35      0.0068     86.70 RIGHT   8.4991E-06   -393.79  1.4620E-04   -400.53
   60.00    275.00    -21.89     2.89     2.90      0.0069     86.72 RIGHT   8.0172E-06   -394.37  1.3894E-04   -401.22
   65.00    275.00    -22.53     2.12     2.14      0.0068     86.67 RIGHT   7.4470E-06   -395.05  1.2719E-04   -401.75
   70.00    275.00    -23.38     0.91     0.92      0.0067     86.53 RIGHT   6.7542E-06   -395.86  1.1058E-04   -402.14
   75.00    275.00    -24.59    -0.97    -0.95      0.0063     86.24 RIGHT   5.8748E-06   -396.87  8.9054E-05   -402.36
   80.00    275.00    -26.55    -3.99    -3.97      0.0055     85.75 RIGHT   4.6849E-06   -398.19  6.2927E-05   -402.43
   85.00    275.00    -30.64    -9.62    -9.59      0.0035     84.92 RIGHT   2.9278E-06   -400.10  3.2894E-05   -402.34
   90.00    275.00   -999.99  -999.99  -999.99      0.0000      0.00         2.2877E-16   -223.21  1.9827E-15   -222.09
    0.00    280.00    -13.54     1.54     1.67      0.0000     80.00 LINEAR  2.0962E-05   -391.02  1.1888E-04   -391.02
    5.00    280.00    -13.55     1.58     1.71      0.0004     80.06 RIGHT   2.0937E-05   -391.04  1.1951E-04   -391.17
   10.00    280.00    -13.58     1.71     1.84      0.0015     80.25 RIGHT   2.0863E-05   -391.11  1.2135E-04   -391.62
   15.00    280.00    -13.63     1.92     2.04      0.0032     80.53 RIGHT   2.0734E-05   -391.22  1.2431E-04   -392.33
   20.00    280.00    -13.71     2.19     2.30      0.0051     80.90 RIGHT   2.0546E-05   -391.37  1.2819E-04   -393.25
   25.00    280.00    -13.82     2.49     2.59      0.0071     81.32 RIGHT   2.0290E-05   -391.57  1.3272E-04   -394.30
   30.00    280.00    -13.96     2.80     2.89      0.0090     81.76 RIGHT   1.9960E-05   -391.82  1.3751E-04   -395.44
   35.00    280.00    -14.15     3.08     3.16      0.0106     82.19 RIGHT   1.9547E-05   -392.10  1.4207E-04   -396.59
   40.00    280.00    -14.37     3.31     3.38      0.0118     82.59 RIGHT   1.9044E-05   -392.44  1.4577E-04   -397.71
   45.00    280.00    -14.65     3.43     3.50      0.0127     82.93 RIGHT   1.8445E-05   -392.83  1.4791E-04   -398.75
   50.00    280.00    -14.99     3.42     3.48      0.0133     83.19 RIGHT   1.7740E-05   -393.27  1.4771E-04   -399.70
   55.00    280.00    -15.40     3.22     3.28      0.0136     83.36 RIGHT   1.6918E-05   -393.78  1.4439E-04   -400.53
   60.00    280.00    -15.91     2.78     2.84      0.0137     83.41 RIGHT   1.5958E-05   -394.36  1.3721E-04   -401.21
   65.00    280.00    -16.55     2.01     2.07      0.0136     83.31 RIGHT   1.4823E-05   -395.04  1.2560E-04   -401.75
   70.00    280.00    -17.40     0.80     0.86      0.0133     83.02 RIGHT   1.3444E-05   -395.85  1.0919E-04   -402.13
   75.00    280.00    -18.61    -1.08    -1.01      0.0126     82.46 RIGHT   1.1694E-05   -396.85  8.7928E-05   -402.36
   80.00    280.00    -20.57    -4.10    -4.00      0.0109     81.49 RIGHT   9.3254E-06   -398.17  6.2130E-05   -402.43
   85.00    280.00    -24.66    -9.74    -9.60      0.0068     79.83 RIGHT   5.8280E-06   -400.08  3.2477E-05   -402.33
   90.00    280.00   -999.99  -999.99  -999.99      0.0000      0.00         4.5537E-16   -223.19  1.9575E-15   -222.08
    0.00    285.00    -10.07     1.37     1.67      0.0000     75.00 LINEAR  3.1243E-05   -391.02  1.1660E-04   -391.02
    5.00    285.00    -10.08     1.41     1.71      0.0006     75.09 RIGHT   3.1206E-05   -391.04  1.1721E-04   -391.17
   10.00    285.00    -10.11     1.55     1.83      0.0022     75.36 RIGHT   3.1093E-05   -391.11  1.1901E-04   -391.62
   15.00    285.00    -10.17     1.75     2.02      0.0046     75.78 RIGHT   3.0898E-05   -391.22  1.2190E-04   -392.33
   20.00    285.00    -10.25     2.02     2.27      0.0075     76.32 RIGHT   3.0612E-05   -391.37  1.2569E-04   -393.24
   25.00    285.00    -10.36     2.32     2.55      0.0105     76.93 RIGHT   3.0226E-05   -391.57  1.3011E-04   -394.30
   30.00    285.00    -10.50     2.63     2.83      0.0133     77.58 RIGHT   2.9729E-05   -391.81  1.3479E-04   -395.43
   35.00    285.00    -10.69     2.91     3.09      0.0157     78.22 RIGHT   2.9109E-05   -392.10  1.3922E-04   -396.58
   40.00    285.00    -10.91     3.13     3.30      0.0175     78.81 RIGHT   2.8355E-05   -392.43  1.4282E-04   -397.70
   45.00    285.00    -11.19     3.25     3.41      0.0189     79.32 RIGHT   2.7459E-05   -392.82  1.4489E-04   -398.75
   50.00    285.00    -11.53     3.24     3.38      0.0198     79.72 RIGHT   2.6406E-05   -393.26  1.4467E-04   -399.70
   55.00    285.00    -11.95     3.04     3.18      0.0203     79.97 RIGHT   2.5180E-05   -393.76  1.4140E-04   -400.52
   60.00    285.00    -12.45     2.60     2.73      0.0205     80.04 RIGHT   2.3750E-05   -394.34  1.3435E-04   -401.21
   65.00    285.00    -13.09     1.83     1.97      0.0204     79.89 RIGHT   2.2060E-05   -395.01  1.2297E-04   -401.75
   70.00    285.00    -13.94     0.61     0.76      0.0199     79.46 RIGHT   2.0007E-05   -395.82  1.0689E-04   -402.13
   75.00    285.00    -15.15    -1.27    -1.10      0.0187     78.62 RIGHT   1.7403E-05   -396.82  8.6070E-05   -402.35
   80.00    285.00    -17.12    -4.29    -4.07      0.0162     77.18 RIGHT   1.3878E-05   -398.14  6.0814E-05   -402.42
   85.00    285.00    -21.20    -9.92    -9.61      0.0101     74.75 RIGHT   8.6736E-06   -400.05  3.1788E-05   -402.33
   90.00    285.00   -999.99  -999.99  -999.99      0.0000      0.00         6.7772E-16   -223.17  1.9160E-15   -222.08
    0.00    290.00     -7.65     1.13     1.67      0.0000     70.00 LINEAR  4.1287E-05   -391.02  1.1343E-04   -391.02
    5.00    290.00     -7.66     1.17     1.71      0.0007     70.12 RIGHT   4.1236E-05   -391.04  1.1403E-04   -391.17
   10.00    290.00     -7.69     1.31     1.82      0.0028     70.46 RIGHT   4.1083E-05   -391.10  1.1577E-04   -391.62
   15.00    290.00     -7.75     1.51     2.00      0.0060     71.00 RIGHT   4.0819E-05   -391.21  1.1856E-04   -392.33
   20.00    290.00     -7.83     1.78     2.23      0.0098     71.70 RIGHT   4.0434E-05   -391.37  1.2222E-04   -393.24
   25.00    290.00     -7.94     2.07     2.49      0.0137     72.50 RIGHT   3.9915E-05   -391.56  1.2649E-04   -394.30
   30.00    290.00     -8.09     2.38     2.75      0.0174     73.35 RIGHT   3.9249E-05   -391.80  1.3100E-04   -395.43
   35.00    290.00     -8.28     2.66     2.99      0.0206     74.18 RIGHT   3.8420E-05   -392.09  1.3528E-04   -396.58
   40.00    290.00     -8.51     2.88     3.18      0.0231     74.96 RIGHT   3.7417E-05   -392.42  1.3875E-04   -397.69
   45.00    290.00     -8.79     3.00     3.28      0.0250     75.63 RIGHT   3.6226E-05   -392.80  1.4072E-04   -398.74
   50.00    290.00     -9.13     2.99     3.24      0.0263     76.15 RIGHT   3.4831E-05   -393.23  1.4048E-04   -399.69
   55.00    290.00     -9.54     2.78     3.03      0.0270     76.48 RIGHT   3.3209E-05   -393.73  1.3727E-04   -400.51
   60.00    290.00    -10.05     2.34     2.58      0.0273     76.58 RIGHT   3.1320E-05   -394.31  1.3040E-04   -401.20
   65.00    290.00    -10.69     1.57     1.82      0.0271     76.38 RIGHT   2.9090E-05   -394.98  1.1933E-04   -401.74
   70.00    290.00    -11.54     0.35     0.62      0.0264     75.80 RIGHT   2.6384E-05   -395.78  1.0371E-04   -402.12
   75.00    290.00    -12.75    -1.53    -1.22      0.0248     74.69 RIGHT   2.2949E-05   -396.78  8.3506E-05   -402.35
   80.00    290.00    -14.72    -4.55    -4.15      0.0213     72.80 RIGHT   1.8302E-05   -398.10  5.8997E-05   -402.41
   85.00    290.00    -18.80   -10.19    -9.63      0.0132     69.66 RIGHT   1.1439E-05   -400.01  3.0837E-05   -402.32
   90.00    290.00   -999.99  -999.99  -999.99      0.0000      0.00         8.9378E-16   -223.12  1.8586E-15   -222.07
    0.00    295.00     -5.81     0.81     1.67      0.0000     65.00 LINEAR  5.1016E-05   -391.02  1.0940E-04   -391.02
    5.00    295.00     -5.82     0.86     1.70      0.0009     65.14 RIGHT   5.0952E-05   -391.04  1.0997E-04   -391.17
   10.00    295.00     -5.86     0.99     1.81      0.0034     65.55 RIGHT   5.0756E-05   -391.10  1.1164E-04   -391.62
   15.00    295.00     -5.91     1.19     1.97      0.0072     66.20 RIGHT   5.0421E-05   -391.21  1.1431E-04   -392.33
   20.00    295.00     -6.00     1.46     2.17      0.0118     67.04 RIGHT   4.9934E-05   -391.36  1.1781E-04   -393.24
   25.00    295.00     -6.11     1.75     2.41      0.0166     68.00 RIGHT   4.9280E-05   -391.55  1.2190E-04   -394.29
   30.00    295.00     -6.26     2.05     2.65      0.0212     69.03 RIGHT   4.8442E-05   -391.79  1.2621E-04   -395.42
   35.00    295.00     -6.45     2.33     2.87      0.0252     70.05 RIGHT   4.7404E-05   -392.07  1.3029E-04   -396.57
   40.00    295.00     -6.68     2.55     3.04      0.0285     71.00 RIGHT   4.6152E-05   -392.40  1.3358E-04   -397.69
   45.00    295.00     -6.97     2.67     3.12      0.0309     71.82 RIGHT   4.4671E-05   -392.78  1.3544E-04   -398.73
   50.00    295.00     -7.31     2.65     3.07      0.0326     72.46 RIGHT   4.2941E-05   -393.21  1.3517E-04   -399.68
   55.00    295.00     -7.72     2.45     2.85      0.0335     72.87 RIGHT   4.0935E-05   -393.70  1.3204E-04   -400.50
   60.00    295.00     -8.23     2.00     2.39      0.0339     72.99 RIGHT   3.8603E-05   -394.27  1.2541E-04   -401.19
   65.00    295.00     -8.88     1.23     1.63      0.0337     72.74 RIGHT   3.5852E-05   -394.94  1.1474E-04   -401.73
   70.00    295.00     -9.72     0.01     0.45      0.0328     72.02 RIGHT   3.2517E-05   -395.74  9.9709E-05   -402.11
   75.00    295.00    -10.94    -1.88    -1.37      0.0306     70.66 RIGHT   2.8285E-05   -396.73  8.0270E-05   -402.34
   80.00    295.00    -12.90    -4.89    -4.26      0.0261     68.35 RIGHT   2.2558E-05   -398.05  5.6706E-05   -402.40
   85.00    295.00    -16.98   -10.53    -9.64      0.0160     64.57 RIGHT   1.4099E-05   -399.95  2.9638E-05   -402.31
   90.00    295.00   -999.99  -999.99  -999.99      0.0000      0.00         1.1016E-15   -223.07  1.7863E-15   -222.06
    0.00    300.00     -4.35     0.42     1.67      0.0000     60.00 LINEAR  6.0357E-05   -391.02  1.0454E-04   -391.02
    5.00    300.00     -4.36     0.46     1.70      0.0010     60.16 RIGHT   6.0279E-05   -391.04  1.0508E-04   -391.17
   10.00    300.00     -4.40     0.59     1.79      0.0039     60.62 RIGHT   6.0039E-05   -391.10  1.0666E-04   -391.62
   15.00    300.00     -4.46     0.80     1.93      0.0082     61.36 RIGHT   5.9630E-05   -391.21  1.0919E-04   -392.32
   20.00    300.00     -4.54     1.06     2.11      0.0135     62.32 RIGHT   5.9038E-05   -391.36  1.1250E-04   -393.23
   25.00    300.00     -4.66     1.35     2.32      0.0191     63.43 RIGHT   5.8245E-05   -391.55  1.1636E-04   -394.28
   30.00    300.00     -4.81     1.65     2.53      0.0246     64.61 RIGHT   5.7234E-05   -391.78  1.2044E-04   -395.41
   35.00    300.00     -5.00     1.92     2.72      0.0294     65.79 RIGHT   5.5988E-05   -392.06  1.2429E-04   -396.56
   40.00    300.00     -5.24     2.14     2.87      0.0334     66.90 RIGHT   5.4491E-05   -392.38  1.2738E-04   -397.68
   45.00    300.00     -5.53     2.25     2.92      0.0365     67.86 RIGHT   5.2725E-05   -392.75  1.2911E-04   -398.72
   50.00    300.00     -5.87     2.23     2.86      0.0386     68.62 RIGHT   5.0671E-05   -393.18  1.2881E-04   -399.67
   55.00    300.00     -6.29     2.03     2.62      0.0398     69.10 RIGHT   4.8294E-05   -393.67  1.2579E-04   -400.49
   60.00    300.00     -6.80     1.58     2.17      0.0403     69.24 RIGHT   4.5537E-05   -394.23  1.1944E-04   -401.18
   65.00    300.00     -7.44     0.80     1.41      0.0401     68.94 RIGHT   4.2290E-05   -394.90  1.0925E-04   -401.72
   70.00    300.00     -8.29    -0.42     0.24      0.0389     68.09 RIGHT   3.8355E-05   -395.69  9.4923E-05   -402.10
   75.00    300.00     -9.50    -2.30    -1.55      0.0361     66.48 RIGHT   3.3365E-05   -396.68  7.6405E-05   -402.33
   80.00    300.00    -11.47    -5.32    -4.38      0.0305     63.79 RIGHT   2.6611E-05   -397.99  5.3970E-05   -402.39
   85.00    300.00    -15.55   -10.96    -9.66      0.0184     59.48 RIGHT   1.6632E-05   -399.89  2.8206E-05   -402.30
   90.00    300.00   -999.99  -999.99  -999.99      0.0000      0.00         1.2996E-15   -223.01  1.7000E-15   -222.05
    0.00    305.00     -3.16    -0.06     1.67      0.0000     55.00 LINEAR  6.9239E-05   -391.02  9.8883E-05   -391.02
    5.00    305.00     -3.17    -0.02     1.69      0.0011     55.17 RIGHT   6.9145E-05   -391.04  9.9386E-05   -391.17
   10.00    305.00     -3.21     0.11     1.77      0.0042     55.68 RIGHT   6.8861E-05   -391.10  1.0086E-04   -391.62
   15.00    305.00     -3.27     0.31     1.89      0.0090     56.48 RIGHT   6.8376E-05   -391.20  1.0323E-04   -392.32
   20.00    305.00     -3.36     0.57     2.04      0.0149     57.53 RIGHT   6.7676E-05   -391.35  1.0634E-04   -393.23
   25.00    305.00     -3.48     0.86     2.22      0.0212     58.75 RIGHT   6.6743E-05   -391.54  1.0995E-04   -394.28
   30.00    305.00     -3.63     1.15     2.40      0.0275     60.07 RIGHT   6.5559E-05   -391.77  1.1375E-04   -395.40
   35.00    305.00     -3.83     1.42     2.56      0.0331     61.39 RIGHT   6.4106E-05   -392.04  1.1734E-04   -396.55
   40.00    305.00     -4.07     1.63     2.67      0.0379     62.64 RIGHT   6.2367E-05   -392.36  1.2021E-04   -397.67
   45.00    305.00     -4.36     1.75     2.70      0.0416     63.73 RIGHT   6.0326E-05   -392.72  1.2180E-04   -398.71
   50.00    305.00     -4.70     1.72     2.61      0.0442     64.58 RIGHT   5.7959E-05   -393.14  1.2147E-04   -399.66
   55.00    305.00     -5.12     1.51     2.37      0.0458     65.13 RIGHT   5.5229E-05   -393.63  1.1859E-04   -400.48
   60.00    305.00     -5.64     1.06     1.90      0.0464     65.28 RIGHT   5.2068E-05   -394.19  1.1257E-04   -401.17
   65.00    305.00     -6.28     0.28     1.15      0.0461     64.94 RIGHT   4.8353E-05   -394.84  1.0294E-04   -401.70
   70.00    305.00     -7.13    -0.94    -0.00      0.0445     63.96 RIGHT   4.3854E-05   -395.63  8.9415E-05   -402.09
   75.00    305.00     -8.34    -2.82    -1.75      0.0412     62.14 RIGHT   3.8149E-05   -396.62  7.1960E-05   -402.31
   80.00    305.00    -10.30    -5.85    -4.52      0.0343     59.13 RIGHT   3.0428E-05   -397.93  5.0823E-05   -402.38
   85.00    305.00    -14.38   -11.48    -9.68      0.0203     54.40 RIGHT   1.9019E-05   -399.83  2.6559E-05   -402.29
   90.00    305.00   -999.99  -999.99  -999.99      0.0000      0.00         1.4861E-15   -222.94  1.6007E-15   -222.04
    0.00    310.00     -2.17    -0.65     1.67      0.0000     50.00 LINEAR  7.7594E-05   -391.02  9.2473E-05   -391.02
    5.00    310.00     -2.18    -0.60     1.69      0.0011     50.18 RIGHT   7.7485E-05   -391.04  9.2937E-05   -391.17
   10.00    310.00     -2.22    -0.48     1.75      0.0044     50.71 RIGHT   7.7154E-05   -391.10  9.4305E-05   -391.62
   15.00    310.00     -2.28    -0.28     1.85      0.0095     51.56 RIGHT   7.6591E-05   -391.20  9.6495E-05   -392.32
   20.00    310.00     -2.38    -0.02     1.97      0.0158     52.67 RIGHT   7.5782E-05   -391.34  9.9365E-05   -393.22
   25.00    310.00     -2.50     0.26     2.11      0.0228     53.98 RIGHT   7.4709E-05   -391.53  1.0270E-04   -394.27
   30.00    310.00     -2.66     0.56     2.25      0.0297     55.39 RIGHT   7.3353E-05   -391.75  1.0621E-04   -395.40
   35.00    310.00     -2.86     0.82     2.37      0.0362     56.82 RIGHT   7.1696E-05   -392.02  1.0951E-04   -396.54
   40.00    310.00     -3.10     1.03     2.45      0.0417     58.18 RIGHT   6.9723E-05   -392.33  1.1215E-04   -397.65
   45.00    310.00     -3.39     1.14     2.45      0.0460     59.37 RIGHT   6.7416E-05   -392.69  1.1358E-04   -398.70
   50.00    310.00     -3.74     1.11     2.34      0.0492     60.32 RIGHT   6.4751E-05   -393.11  1.1323E-04   -399.64
   55.00    310.00     -4.16     0.90     2.08      0.0511     60.92 RIGHT   6.1687E-05   -393.59  1.1050E-04   -400.47
   60.00    310.00     -4.68     0.45     1.61      0.0519     61.09 RIGHT   5.8149E-05   -394.14  1.0486E-04   -401.15
   65.00    310.00     -5.32    -0.33     0.86      0.0515     60.70 RIGHT   5.3996E-05   -394.79  9.5862E-05   -401.69
   70.00    310.00     -6.17    -1.56    -0.27      0.0496     59.61 RIGHT   4.8972E-05   -395.57  8.3250E-05   -402.08
   75.00    310.00     -7.38    -3.45    -1.97      0.0455     57.60 RIGHT   4.2602E-05   -396.55  6.6986E-05   -402.30
   80.00    310.00     -9.34    -6.47    -4.66      0.0373     54.33 RIGHT   3.3982E-05   -397.86  4.7305E-05   -402.37
   85.00    310.00    -13.42   -12.11    -9.70      0.0217     49.33 RIGHT   2.1241E-05   -399.75  2.4719E-05   -402.27
   90.00    310.00   -999.99  -999.99  -999.99      0.0000      0.00         1.6598E-15   -222.87  1.4897E-15   -222.03
    0.00    315.00     -1.34    -1.34     1.67      0.0000     45.00 LINEAR  8.5358E-05   -391.02  8.5358E-05   -391.02
    5.00    315.00     -1.35    -1.30     1.68      0.0012     45.18 RIGHT   8.5233E-05   -391.04  8.5782E-05   -391.17
   10.00    315.00     -1.39    -1.17     1.73      0.0045     45.73 RIGHT   8.4856E-05   -391.10  8.7031E-05   -391.61
   15.00    315.00     -1.46    -0.98     1.80      0.0097     46.59 RIGHT   8.4216E-05   -391.20  8.9030E-05   -392.31
   20.00    315.00     -1.55    -0.72     1.89      0.0163     47.73 RIGHT   8.3298E-05   -391.34  9.1647E-05   -393.22
   25.00    315.00     -1.68    -0.44     1.99      0.0237     49.08 RIGHT   8.2086E-05   -391.52  9.4687E-05   -394.26
   30.00    315.00     -1.84    -0.15     2.09      0.0313     50.55 RIGHT   8.0561E-05   -391.74  9.7881E-05   -395.39
   35.00    315.00     -2.05     0.11     2.17      0.0384     52.06 RIGHT   7.8707E-05   -392.00  1.0088E-04   -396.53
   40.00    315.00     -2.29     0.31     2.21      0.0446     53.50 RIGHT   7.6508E-05   -392.31  1.0326E-04   -397.64
   45.00    315.00     -2.59     0.42     2.18      0.0496     54.77 RIGHT   7.3949E-05   -392.66  1.0453E-04   -398.69
   50.00    315.00     -2.94     0.39     2.05      0.0533     55.78 RIGHT   7.1003E-05   -393.07  1.0417E-04   -399.63
   55.00    315.00     -3.36     0.17     1.77      0.0557     56.43 RIGHT   6.7628E-05   -393.54  1.0162E-04   -400.45
   60.00    315.00     -3.88    -0.29     1.29      0.0567     56.61 RIGHT   6.3739E-05   -394.09  9.6401E-05   -401.14
   65.00    315.00     -4.52    -1.07     0.55      0.0562     56.18 RIGHT   5.9183E-05   -394.73  8.8106E-05   -401.68
   70.00    315.00     -5.37    -2.29    -0.56      0.0538     55.00 RIGHT   5.3676E-05   -395.51  7.6496E-05   -402.06
   75.00    315.00     -6.58    -4.18    -2.21      0.0488     52.85 RIGHT   4.6696E-05   -396.48  6.1541E-05   -402.29
   80.00    315.00     -8.54    -7.21    -4.81      0.0394     49.41 RIGHT   3.7249E-05   -397.79  4.3453E-05   -402.35
   85.00    315.00    -12.63   -12.84    -9.72      0.0225     44.28 RIGHT   2.3285E-05   -399.68  2.2704E-05   -402.26
   90.00    315.00   -999.99  -999.99  -999.99      0.0000      0.00         1.8195E-15   -222.80  1.3683E-15   -222.01
    0.00    320.00     -0.65    -2.17     1.67      0.0000     40.00 LINEAR  9.2473E-05   -391.02  7.7594E-05   -391.02
    5.00    320.00     -0.66    -2.13     1.68      0.0011     40.18 RIGHT   9.2333E-05   -391.04  7.7975E-05   -391.17
   10.00    320.00     -0.70    -2.00     1.71      0.0045     40.72 RIGHT   9.1909E-05   -391.10  7.9098E-05   -391.61
   15.00    320.00     -0.77    -1.81     1.75      0.0097     41.57 RIGHT   9.1192E-05   -391.19  8.0894E-05   -392.31
   20.00    320.00     -0.87    -1.56     1.81      0.0164     42.71 RIGHT   9.0168E-05   -391.33  8.3244E-05   -393.21
   25.00    320.00     -1.00    -1.28     1.87      0.0240     44.07 RIGHT   8.8820E-05   -391.51  8.5972E-05   -394.26
   30.00    320.00     -1.16    -1.00     1.93      0.0319     45.56 RIGHT   8.7132E-05   -391.72  8.8834E-05   -395.38
   35.00    320.00     -1.37    -0.74     1.97      0.0395     47.09 RIGHT   8.5089E-05   -391.98  9.1515E-05   -396.52
   40.00    320.00     -1.62    -0.54     1.97      0.0464     48.57 RIGHT   8.2678E-05   -392.28  9.3634E-05   -397.63
   45.00    320.00     -1.92    -0.44     1.90      0.0520     49.89 RIGHT   7.9881E-05   -392.63  9.4747E-05   -398.67
   50.00    320.00     -2.27    -0.47     1.73      0.0563     50.95 RIGHT   7.6676E-05   -393.03  9.4377E-05   -399.62
   55.00    320.00     -2.70    -0.69     1.43      0.0591     51.62 RIGHT   7.3013E-05   -393.50  9.2036E-05   -400.44
   60.00    320.00     -3.21    -1.15     0.95      0.0602     51.80 RIGHT   6.8805E-05   -394.04  8.7279E-05   -401.13
   65.00    320.00     -3.86    -1.93     0.22      0.0596     51.35 RIGHT   6.3882E-05   -394.67  7.9746E-05   -401.66
   70.00    320.00     -4.71    -3.16    -0.86      0.0568     50.10 RIGHT   5.7937E-05   -395.45  6.9222E-05   -402.05
   75.00    320.00     -5.92    -5.05    -2.45      0.0509     47.86 RIGHT   5.0406E-05   -396.42  5.5678E-05   -402.27
   80.00    320.00     -7.88    -8.08    -4.97      0.0404     44.35 RIGHT   4.0211E-05   -397.71  3.9309E-05   -402.34
   85.00    320.00    -11.96   -13.72    -9.74      0.0226     39.24 RIGHT   2.5137E-05   -399.61  2.0537E-05   -402.25
   90.00    320.00   -999.99  -999.99  -999.99      0.0000      0.00         1.9643E-15   -222.72  1.2376E-15   -222.00
    0.00    325.00     -0.06    -3.16     1.67      0.0000     35.00 LINEAR  9.8883E-05   -391.02  6.9239E-05   -391.02
    5.00    325.00     -0.08    -3.12     1.67      0.0011     35.17 RIGHT   9.8728E-05   -391.04  6.9576E-05   -391.17
   10.00    325.00     -0.12    -2.99     1.69      0.0043     35.68 RIGHT   9.8260E-05   -391.09  7.0566E-05   -391.61
   15.00    325.00     -0.19    -2.80     1.71      0.0093     36.51 RIGHT   9.7470E-05   -391.19  7.2151E-05   -392.31
   20.00    325.00     -0.29    -2.56     1.73      0.0159     37.61 RIGHT   9.6344E-05   -391.32  7.4224E-05   -393.21
   25.00    325.00     -0.42    -2.28     1.76      0.0235     38.92 RIGHT   9.4867E-05   -391.50  7.6627E-05   -394.25
   30.00    325.00     -0.59    -2.00     1.77      0.0315     40.38 RIGHT   9.3025E-05   -391.71  7.9145E-05   -395.37
   35.00    325.00     -0.80    -1.74     1.76      0.0395     41.90 RIGHT   9.0805E-05   -391.96  8.1499E-05   -396.51
   40.00    325.00     -1.06    -1.55     1.71      0.0468     43.37 RIGHT   8.8195E-05   -392.26  8.3349E-05   -397.62
   45.00    325.00     -1.36    -1.45     1.61      0.0529     44.70 RIGHT   8.5180E-05   -392.60  8.4305E-05   -398.66
   50.00    325.00     -1.72    -1.49     1.41      0.0577     45.77 RIGHT   8.1737E-05   -393.00  8.3943E-05   -399.61
   55.00    325.00     -2.15    -1.71     1.09      0.0608     46.45 RIGHT   7.7815E-05   -393.46  8.1832E-05   -400.43
   60.00    325.00     -2.66    -2.17     0.60      0.0621     46.63 RIGHT   7.3319E-05   -393.99  7.7577E-05   -401.11
   65.00    325.00     -3.31    -2.96    -0.12      0.0614     46.16 RIGHT   6.8069E-05   -394.62  7.0862E-05   -401.65
   70.00    325.00     -4.16    -4.19    -1.16      0.0581     44.89 RIGHT   6.1735E-05   -395.38  6.1496E-05   -402.03
   75.00    325.00     -5.37    -6.08    -2.70      0.0514     42.62 RIGHT   5.3712E-05   -396.35  4.9455E-05   -402.26
   80.00    325.00     -7.33    -9.11    -5.12      0.0400     39.15 RIGHT   4.2850E-05   -397.64  3.4910E-05   -402.33
   85.00    325.00    -11.41   -14.75    -9.75      0.0219     34.24 RIGHT   2.6788E-05   -399.53  1.8238E-05   -402.23
   90.00    325.00   -999.99  -999.99  -999.99      0.0000      0.00         2.0933E-15   -222.65  1.0991E-15   -221.98
    0.00    330.00      0.42    -4.35     1.67      0.0000     30.00 LINEAR  1.0454E-04   -391.02  6.0357E-05   -391.02
    5.00    330.00      0.41    -4.31     1.67      0.0010     30.16 RIGHT   1.0437E-04   -391.04  6.0648E-05   -391.17
   10.00    330.00      0.36    -4.19     1.67      0.0040     30.63 RIGHT   1.0386E-04   -391.09  6.1502E-05   -391.61
   15.00    330.00      0.29    -4.00     1.67      0.0087     31.40 RIGHT   1.0300E-04   -391.19  6.2869E-05   -392.31
   20.00    330.00      0.19    -3.75     1.66      0.0149     32.42 RIGHT   1.0178E-04   -391.32  6.4655E-05   -393.20
   25.00    330.00      0.05    -3.48     1.64      0.0222     33.65 RIGHT   1.0019E-04   -391.49  6.6725E-05   -394.24
   30.00    330.00     -0.12    -3.20     1.61      0.0301     35.03 RIGHT   9.8201E-05   -391.70  6.8891E-05   -395.36
   35.00    330.00     -0.34    -2.95     1.56      0.0380     36.48 RIGHT   9.5819E-05   -391.94  7.0911E-05   -396.50
   40.00    330.00     -0.59    -2.76     1.47      0.0455     37.90 RIGHT   9.3029E-05   -392.23  7.2492E-05   -397.61
   45.00    330.00     -0.90    -2.67     1.32      0.0520     39.18 RIGHT   8.9818E-05   -392.57  7.3295E-05   -398.65
   50.00    330.00     -1.26    -2.71     1.09      0.0571     40.22 RIGHT   8.6162E-05   -392.96  7.2953E-05   -399.59
   55.00    330.00     -1.69    -2.93     0.74      0.0605     40.89 RIGHT   8.2011E-05   -393.42  7.1094E-05   -400.42
   60.00    330.00     -2.21    -3.40     0.25      0.0620     41.06 RIGHT   7.7262E-05   -393.94  6.7377E-05   -401.10
   65.00    330.00     -2.85    -4.19    -0.46      0.0611     40.59 RIGHT   7.1725E-05   -394.57  6.1529E-05   -401.64
   70.00    330.00     -3.70    -5.42    -1.47      0.0574     39.34 RIGHT   6.5051E-05   -395.33  5.3385E-05   -402.02
   75.00    330.00     -4.91    -7.31    -2.94      0.0501     37.14 RIGHT   5.6599E-05   -396.29  4.2925E-05   -402.25
   80.00    330.00     -6.87   -10.34    -5.26      0.0382     33.83 RIGHT   4.5156E-05   -397.58  3.0297E-05   -402.31
   85.00    330.00    -10.95   -15.98    -9.77      0.0205     29.26 RIGHT   2.8231E-05   -399.47  1.5827E-05   -402.22
   90.00    330.00   -999.99  -999.99  -999.99      0.0000      0.00         2.2061E-15   -222.58  9.5372E-16   -221.97
    0.00    335.00      0.81    -5.81     1.67      0.0000     25.00 LINEAR  1.0940E-04   -391.02  5.1016E-05   -391.02
    5.00    335.00      0.80    -5.77     1.66      0.0009     25.14 RIGHT   1.0922E-04   -391.04  5.1259E-05   -391.17
   10.00    335.00      0.76    -5.65     1.65      0.0035     25.56 RIGHT   1.0867E-04   -391.09  5.1975E-05   -391.61
   15.00    335.00      0.68    -5.46     1.63      0.0077     26.24 RIGHT   1.0775E-04   -391.18  5.3119E-05   -392.30
   20.00    335.00      0.58    -5.22     1.59      0.0134     27.15 RIGHT   1.0644E-04   -391.31  5.4613E-05   -393.20
   25.00    335.00      0.44    -4.95     1.54      0.0201     28.26 RIGHT   1.0474E-04   -391.48  5.6344E-05   -394.24
   30.00    335.00      0.26    -4.68     1.47      0.0275     29.51 RIGHT   1.0263E-04   -391.68  5.8152E-05   -395.35
   35.00    335.00      0.04    -4.43     1.37      0.0351     30.83 RIGHT   1.0010E-04   -391.93  5.9835E-05   -396.49
   40.00    335.00     -0.22    -4.24     1.23      0.0424     32.14 RIGHT   9.7155E-05   -392.21  6.1147E-05   -397.60
   45.00    335.00     -0.53    -4.15     1.04      0.0489     33.33 RIGHT   9.3773E-05   -392.55  6.1802E-05   -398.64
   50.00    335.00     -0.89    -4.19     0.78      0.0541     34.30 RIGHT   8.9933E-05   -392.93  6.1493E-05   -399.58
   55.00    335.00     -1.32    -4.42     0.41      0.0577     34.92 RIGHT   8.5583E-05   -393.38  5.9908E-05   -400.40
   60.00    335.00     -1.84    -4.89    -0.09      0.0591     35.08 RIGHT   8.0618E-05   -393.90  5.6760E-05   -401.09
   65.00    335.00     -2.48    -5.68    -0.78      0.0581     34.63 RIGHT   7.4836E-05   -394.52  5.1822E-05   -401.63
   70.00    335.00     -3.33    -6.91    -1.75      0.0542     33.45 RIGHT   6.7872E-05   -395.27  4.4954E-05   -402.01
   75.00    335.00     -4.54    -8.81    -3.16      0.0467     31.40 RIGHT   5.9056E-05   -396.23  3.6140E-05   -402.24
   80.00    335.00     -6.50   -11.83    -5.39      0.0349     28.38 RIGHT   4.7118E-05   -397.52  2.5506E-05   -402.30
   85.00    335.00    -10.58   -17.47    -9.77      0.0184     24.32 RIGHT   2.9459E-05   -399.41  1.3323E-05   -402.21
   90.00    335.00   -999.99  -999.99  -999.99      0.0000      0.00         2.3021E-15   -222.52  8.0282E-16   -221.96
    0.00    340.00      1.13    -7.65     1.67      0.0000     20.00 LINEAR  1.1343E-04   -391.02  4.1287E-05   -391.02
    5.00    340.00      1.11    -7.61     1.66      0.0007     20.12 RIGHT   1.1324E-04   -391.04  4.1482E-05   -391.17
   10.00    340.00      1.07    -7.49     1.64      0.0030     20.47 RIGHT   1.1266E-04   -391.09  4.2056E-05   -391.61
   15.00    340.00      0.99    -7.30     1.59      0.0065     21.04 RIGHT   1.1168E-04   -391.18  4.2974E-05   -392.30
   20.00    340.00      0.89    -7.06     1.53      0.0114     21.82 RIGHT   1.1030E-04   -391.31  4.4173E-05   -393.20
   25.00    340.00      0.74    -6.80     1.45      0.0172     22.76 RIGHT   1.0851E-04   -391.47  4.5560E-05   -394.23
   30.00    340.00      0.56    -6.52     1.34      0.0237     23.83 RIGHT   1.0629E-04   -391.67  4.7008E-05   -395.35
   35.00    340.00      0.34    -6.28     1.20      0.0306     24.97 RIGHT   1.0364E-04   -391.91  4.8353E-05   -396.48
   40.00    340.00      0.08    -6.09     1.02      0.0373     26.10 RIGHT   1.0055E-04   -392.20  4.9397E-05   -397.59
   45.00    340.00     -0.23    -6.00     0.79      0.0434     27.14 RIGHT   9.7027E-05   -392.52  4.9911E-05   -398.63
   50.00    340.00     -0.59    -6.05     0.49      0.0483     28.00 RIGHT   9.3033E-05   -392.91  4.9647E-05   -399.57
   55.00    340.00     -1.03    -6.28     0.11      0.0518     28.55 RIGHT   8.8519E-05   -393.35  4.8355E-05   -400.39
   60.00    340.00     -1.55    -6.75    -0.40      0.0532     28.68 RIGHT   8.3375E-05   -393.86  4.5804E-05   -401.08
   65.00    340.00     -2.19    -7.54    -1.08      0.0521     28.28 RIGHT   7.7392E-05   -394.48  4.1810E-05   -401.62
   70.00    340.00     -3.04    -8.78    -2.01      0.0482     27.23 RIGHT   7.0190E-05   -395.23  3.6263E-05   -402.00
   75.00    340.00     -4.25   -10.67    -3.36      0.0410     25.44 RIGHT   6.1074E-05   -396.18  2.9149E-05   -402.23
   80.00    340.00     -6.21   -13.70    -5.50      0.0302     22.83 RIGHT   4.8730E-05   -397.47  2.0570E-05   -402.29
   85.00    340.00    -10.29   -19.34    -9.78      0.0156     19.41 RIGHT   3.0468E-05   -399.35  1.0744E-05   -402.20
   90.00    340.00   -999.99  -999.99  -999.99      0.0000      0.00         2.3810E-15   -222.47  6.4741E-16   -221.95
    0.00    345.00      1.37   -10.07     1.67      0.0000     15.00 LINEAR  1.1660E-04   -391.02  3.1243E-05   -391.02
    5.00    345.00      1.35   -10.03     1.66      0.0006     15.09 RIGHT   1.1640E-04   -391.04  3.1390E-05   -391.17
   10.00    345.00      1.31    -9.91     1.62      0.0023     15.37 RIGHT   1.1579E-04   -391.09  3.1822E-05   -391.61
   15.00    345.00      1.23    -9.73     1.57      0.0051     15.81 RIGHT   1.1477E-04   -391.18  3.2511E-05   -392.30
   20.00    345.00      1.12    -9.49     1.48      0.0089     16.42 RIGHT   1.1333E-04   -391.30  3.3412E-05   -393.19
   25.00    345.00      0.98    -9.22     1.37      0.0136     17.16 RIGHT   1.1146E-04   -391.47  3.4453E-05   -394.23
   30.00    345.00      0.79    -8.95     1.23      0.0189     18.01 RIGHT   1.0915E-04   -391.67  3.5539E-05   -395.34
   35.00    345.00      0.57    -8.71     1.06      0.0245     18.91 RIGHT   1.0640E-04   -391.90  3.6547E-05   -396.48
   40.00    345.00      0.31    -8.53     0.84      0.0301     19.82 RIGHT   1.0321E-04   -392.18  3.7327E-05   -397.58
   45.00    345.00     -0.00    -8.44     0.58      0.0353     20.66 RIGHT   9.9570E-05   -392.51  3.7706E-05   -398.62
   50.00    345.00     -0.37    -8.49     0.25      0.0397     21.35 RIGHT   9.5454E-05   -392.88  3.7498E-05   -399.57
   55.00    345.00     -0.80    -8.72    -0.15      0.0427     21.80 RIGHT   9.0810E-05   -393.32  3.6514E-05   -400.39
   60.00    345.00     -1.32    -9.19    -0.67      0.0439     21.90 RIGHT   8.5525E-05   -393.83  3.4580E-05   -401.07
   65.00    345.00     -1.97    -9.98    -1.33      0.0429     21.57 RIGHT   7.9385E-05   -394.45  3.1560E-05   -401.61
   70.00    345.00     -2.82   -11.22    -2.23      0.0394     20.71 RIGHT   7.1998E-05   -395.19  2.7369E-05   -401.99
   75.00    345.00     -4.03   -13.12    -3.52      0.0331     19.27 RIGHT   6.2649E-05   -396.14  2.1998E-05   -402.22
   80.00    345.00     -5.99   -16.15    -5.59      0.0240     17.20 RIGHT   4.9988E-05   -397.43  1.5522E-05   -402.28
   85.00    345.00    -10.07   -21.79    -9.79      0.0122     14.53 RIGHT   3.1255E-05   -399.31  8.1070E-06   -402.19
   90.00    345.00   -999.99  -999.99  -999.99      0.0000      0.00         2.4425E-15   -222.42  4.8851E-16   -221.94
    0.00    350.00      1.54   -13.54     1.67      0.0000     10.00 LINEAR  1.1888E-04   -391.02  2.0962E-05   -391.02
    5.00    350.00      1.52   -13.50     1.65      0.0004     10.06 RIGHT   1.1867E-04   -391.03  2.1060E-05   -391.17
   10.00    350.00      1.47   -13.38     1.61      0.0016     10.25 RIGHT   1.1804E-04   -391.09  2.1348E-05   -391.61
   15.00    350.00      1.40   -13.19     1.54      0.0035     10.56 RIGHT   1.1699E-04   -391.18  2.1808E-05   -392.30
   20.00    350.00      1.29   -12.96     1.45      0.0062     10.97 RIGHT   1.1550E-04   -391.30  2.2409E-05   -393.19
   25.00    350.00      1.14   -12.69     1.32      0.0094     11.49 RIGHT   1.1358E-04   -391.46  2.3104E-05   -394.22
   30.00    350.00      0.96   -12.42     1.15      0.0131     12.07 RIGHT   1.1121E-04   -391.66  2.3828E-05   -395.34
   35.00    350.00      0.73   -12.18     0.95      0.0172     12.70 RIGHT   1.0839E-04   -391.89  2.4499E-05   -396.47
   40.00    350.00      0.47   -12.00     0.71      0.0212     13.34 RIGHT   1.0512E-04   -392.17  2.5017E-05   -397.58
   45.00    350.00      0.15   -11.92     0.42      0.0251     13.92 RIGHT   1.0139E-04   -392.49  2.5266E-05   -398.62
   50.00    350.00     -0.21   -11.97     0.07      0.0283     14.41 RIGHT   9.7187E-05   -392.87  2.5122E-05   -399.56
   55.00    350.00     -0.65   -12.20    -0.35      0.0305     14.73 RIGHT   9.2450E-05   -393.30  2.4459E-05   -400.38
   60.00    350.00     -1.17   -12.67    -0.87      0.0314     14.80 RIGHT   8.7064E-05   -393.81  2.3161E-05   -401.07
   65.00    350.00     -1.82   -13.47    -1.53      0.0306     14.56 RIGHT   8.0811E-05   -394.42  2.1135E-05   -401.60
   70.00    350.00     -2.67   -14.70    -2.40      0.0280     13.95 RIGHT   7.3291E-05   -395.17  1.8327E-05   -401.99
   75.00    350.00     -3.87   -16.60    -3.65      0.0233     12.94 RIGHT   6.3775E-05   -396.12  1.4729E-05   -402.21
   80.00    350.00     -5.83   -19.63    -5.66      0.0167     11.50 RIGHT   5.0888E-05   -397.40  1.0393E-05   -402.28
   85.00    350.00     -9.91   -25.27    -9.79      0.0084      9.67 RIGHT   3.1818E-05   -399.28  5.4277E-06   -402.19
   90.00    350.00   -999.99  -999.99  -999.99      0.0000      0.00         2.4866E-15   -222.39  3.2706E-16   -221.94
    0.00    355.00      1.64   -19.53     1.67      0.0000      5.00 LINEAR  1.2026E-04   -391.02  1.0521E-05   -391.02
    5.00    355.00      1.62   -19.49     1.65      0.0002      5.03 RIGHT   1.2004E-04   -391.03  1.0570E-05   -391.17
   10.00    355.00      1.57   -19.37     1.61      0.0008      5.13 RIGHT   1.1940E-04   -391.09  1.0714E-05   -391.61
   15.00    355.00      1.50   -19.18     1.53      0.0018      5.28 RIGHT   1.1833E-04   -391.18  1.0944E-05   -392.30
   20.00    355.00      1.38   -18.95     1.42      0.0031      5.50 RIGHT   1.1682E-04   -391.30  1.1245E-05   -393.19
   25.00    355.00      1.24   -18.68     1.28      0.0048      5.76 RIGHT   1.1486E-04   -391.46  1.1592E-05   -394.22
   30.00    355.00      1.05   -18.42     1.10      0.0067      6.06 RIGHT   1.1244E-04   -391.66  1.1954E-05   -395.34
   35.00    355.00      0.83   -18.18     0.88      0.0088      6.38 RIGHT   1.0958E-04   -391.89  1.2290E-05   -396.47
   40.00    355.00      0.56   -18.00     0.62      0.0110      6.71 RIGHT   1.0626E-04   -392.16  1.2548E-05   -397.58
   45.00    355.00      0.25   -17.91     0.31      0.0130      7.01 RIGHT   1.0249E-04   -392.48  1.2672E-05   -398.62
   50.00    355.00     -0.12   -17.96    -0.05      0.0147      7.26 RIGHT   9.8229E-05   -392.86  1.2598E-05   -399.56
   55.00    355.00     -0.56   -18.19    -0.48      0.0159      7.42 RIGHT   9.3435E-05   -393.29  1.2264E-05   -400.38
   60.00    355.00     -1.08   -18.67    -1.00      0.0164      7.46 RIGHT   8.7989E-05   -393.80  1.1613E-05   -401.06
   65.00    355.00     -1.73   -19.46    -1.65      0.0160      7.34 RIGHT   8.1668E-05   -394.41  1.0596E-05   -401.60
   70.00    355.00     -2.57   -20.70    -2.51      0.0145      7.02 RIGHT   7.4068E-05   -395.15  9.1875E-06   -401.98
   75.00    355.00     -3.78   -22.60    -3.73      0.0120      6.50 RIGHT   6.4452E-05   -396.10  7.3835E-06   -402.21
   80.00    355.00     -5.74   -25.63    -5.70      0.0086      5.76 RIGHT   5.1429E-05   -397.38  5.2095E-06   -402.28
   85.00    355.00     -9.82   -31.27    -9.79      0.0043      4.83 RIGHT   3.2157E-05   -399.26  2.7207E-06   -402.18
   90.00    355.00   -999.99  -999.99  -999.99      0.0000      0.00         2.5131E-15   -222.37  1.6394E-16   -221.93


  AVERAGE POWER GAIN:  1.1000E+00 - SOLID ANGLE USED IN AVERAGING: (+1.9722)*PI STERADIANS



  DATA CARD No:   8 EN   0     0     0     0  0.00000E+00  0.00000E+00  0.00000E+00  0.00000E+00  0.00000E+00  0.00000E+00

  TOTAL RUN TIME: 50 msec