


                               __________________________________________
                              |                                          |
                              |  NUMERICAL ELECTROMAGNETICS CODE (nec2c) |
                              |   Translated to 'C' in Double Precision  |
                              |__________________________________________|



                               ---------------- COMMENTS ----------------
                               pattern-direct-35p0-25p0-40m
                              



                               -------- STRUCTURE SPECIFICATION --------
                                     COORDINATES MUST BE INPUT IN
                                     METERS OR BE SCALED TO METERS
                                     BEFORE STRUCTURE INPUT IS ENDED

  WIRE                                                                                 SEG FIRST  LAST  TAG
   No:        X1         Y1         Z1         X2         Y2         Z2       RADIUS   No:   SEG   SEG  No:
     1    -7.62000    0.00000    0.15240   -0.01000    0.00000    0.91440    0.00024    41     1    41    1
     2    -0.01000    0.00000    0.91440    0.01000    0.00000    0.91440    0.00024     1    42    42    2
     3     0.01000    0.00000    0.91440    6.78822    0.00000    9.14400    0.00024    61    43   103    3

     TOTAL SEGMENTS USED: 103   SEGMENTS IN A SYMMETRIC CELL: 103   SYMMETRY FLAG: 0


                               ---------- SEGMENTATION DATA ----------
                                        COORDINATES IN METERS
                            I+ AND I- INDICATE THE SEGMENTS BEFORE AND AFTER I

   SEG    COORDINATES OF SEGM CENTER     SEGM    ORIENTATION ANGLES    WIRE    CONNECTION DATA   TAG
   No:       X         Y         Z      LENGTH     ALPHA      BETA    RADIUS    I-     I    I+   No:
     1   -7.5272    0.0000    0.1617    0.1865    5.7180    0.0000    0.0002     0     1     2     1
     2   -7.3416    0.0000    0.1803    0.1865    5.7180    0.0000    0.0002     1     2     3     1
     3   -7.1560    0.0000    0.1989    0.1865    5.7180    0.0000    0.0002     2     3     4     1
     4   -6.9704    0.0000    0.2174    0.1865    5.7180    0.0000    0.0002     3     4     5     1
     5   -6.7848    0.0000    0.2360    0.1865    5.7180    0.0000    0.0002     4     5     6     1
     6   -6.5991    0.0000    0.2546    0.1865    5.7180    0.0000    0.0002     5     6     7     1
     7   -6.4135    0.0000    0.2732    0.1865    5.7180    0.0000    0.0002     6     7     8     1
     8   -6.2279    0.0000    0.2918    0.1865    5.7180    0.0000    0.0002     7     8     9     1
     9   -6.0423    0.0000    0.3104    0.1865    5.7180    0.0000    0.0002     8     9    10     1
    10   -5.8567    0.0000    0.3290    0.1865    5.7180    0.0000    0.0002     9    10    11     1
    11   -5.6711    0.0000    0.3475    0.1865    5.7180    0.0000    0.0002    10    11    12     1
    12   -5.4855    0.0000    0.3661    0.1865    5.7180    0.0000    0.0002    11    12    13     1
    13   -5.2999    0.0000    0.3847    0.1865    5.7180    0.0000    0.0002    12    13    14     1
    14   -5.1143    0.0000    0.4033    0.1865    5.7180    0.0000    0.0002    13    14    15     1
    15   -4.9287    0.0000    0.4219    0.1865    5.7180    0.0000    0.0002    14    15    16     1
    16   -4.7430    0.0000    0.4405    0.1865    5.7180    0.0000    0.0002    15    16    17     1
    17   -4.5574    0.0000    0.4591    0.1865    5.7180    0.0000    0.0002    16    17    18     1
    18   -4.3718    0.0000    0.4776    0.1865    5.7180    0.0000    0.0002    17    18    19     1
    19   -4.1862    0.0000    0.4962    0.1865    5.7180    0.0000    0.0002    18    19    20     1
    20   -4.0006    0.0000    0.5148    0.1865    5.7180    0.0000    0.0002    19    20    21     1
    21   -3.8150    0.0000    0.5334    0.1865    5.7180    0.0000    0.0002    20    21    22     1
    22   -3.6294    0.0000    0.5520    0.1865    5.7180    0.0000    0.0002    21    22    23     1
    23   -3.4438    0.0000    0.5706    0.1865    5.7180    0.0000    0.0002    22    23    24     1
    24   -3.2582    0.0000    0.5892    0.1865    5.7180    0.0000    0.0002    23    24    25     1
    25   -3.0726    0.0000    0.6077    0.1865    5.7180    0.0000    0.0002    24    25    26     1
    26   -2.8870    0.0000    0.6263    0.1865    5.7180    0.0000    0.0002    25    26    27     1
    27   -2.7013    0.0000    0.6449    0.1865    5.7180    0.0000    0.0002    26    27    28     1
    28   -2.5157    0.0000    0.6635    0.1865    5.7180    0.0000    0.0002    27    28    29     1
    29   -2.3301    0.0000    0.6821    0.1865    5.7180    0.0000    0.0002    28    29    30     1
    30   -2.1445    0.0000    0.7007    0.1865    5.7180    0.0000    0.0002    29    30    31     1
    31   -1.9589    0.0000    0.7193    0.1865    5.7180    0.0000    0.0002    30    31    32     1
    32   -1.7733    0.0000    0.7378    0.1865    5.7180    0.0000    0.0002    31    32    33     1
    33   -1.5877    0.0000    0.7564    0.1865    5.7180    0.0000    0.0002    32    33    34     1
    34   -1.4021    0.0000    0.7750    0.1865    5.7180    0.0000    0.0002    33    34    35     1
    35   -1.2165    0.0000    0.7936    0.1865    5.7180    0.0000    0.0002    34    35    36     1
    36   -1.0309    0.0000    0.8122    0.1865    5.7180    0.0000    0.0002    35    36    37     1
    37   -0.8452    0.0000    0.8308    0.1865    5.7180    0.0000    0.0002    36    37    38     1
    38   -0.6596    0.0000    0.8494    0.1865    5.7180    0.0000    0.0002    37    38    39     1
    39   -0.4740    0.0000    0.8679    0.1865    5.7180    0.0000    0.0002    38    39    40     1
    40   -0.2884    0.0000    0.8865    0.1865    5.7180    0.0000    0.0002    39    40    41     1
    41   -0.1028    0.0000    0.9051    0.1865    5.7180    0.0000    0.0002    40    41    42     1
    42    0.0000    0.0000    0.9144    0.0200    0.0000    0.0000    0.0002    41    42    43     2
    43    0.0656    0.0000    0.9819    0.1748   50.5238    0.0000    0.0002    42    43    44     3
    44    0.1767    0.0000    1.1168    0.1748   50.5238    0.0000    0.0002    43    44    45     3
    45    0.2878    0.0000    1.2517    0.1748   50.5238    0.0000    0.0002    44    45    46     3
    46    0.3989    0.0000    1.3866    0.1748   50.5238    0.0000    0.0002    45    46    47     3
    47    0.5100    0.0000    1.5215    0.1748   50.5238    0.0000    0.0002    46    47    48     3
    48    0.6212    0.0000    1.6564    0.1748   50.5238    0.0000    0.0002    47    48    49     3
    49    0.7323    0.0000    1.7913    0.1748   50.5238    0.0000    0.0002    48    49    50     3
    50    0.8434    0.0000    1.9262    0.1748   50.5238    0.0000    0.0002    49    50    51     3
    51    0.9545    0.0000    2.0611    0.1748   50.5238    0.0000    0.0002    50    51    52     3
    52    1.0656    0.0000    2.1961    0.1748   50.5238    0.0000    0.0002    51    52    53     3
    53    1.1767    0.0000    2.3310    0.1748   50.5238    0.0000    0.0002    52    53    54     3
    54    1.2879    0.0000    2.4659    0.1748   50.5238    0.0000    0.0002    53    54    55     3
    55    1.3990    0.0000    2.6008    0.1748   50.5238    0.0000    0.0002    54    55    56     3
    56    1.5101    0.0000    2.7357    0.1748   50.5238    0.0000    0.0002    55    56    57     3
    57    1.6212    0.0000    2.8706    0.1748   50.5238    0.0000    0.0002    56    57    58     3
    58    1.7323    0.0000    3.0055    0.1748   50.5238    0.0000    0.0002    57    58    59     3
    59    1.8435    0.0000    3.1404    0.1748   50.5238    0.0000    0.0002    58    59    60     3
    60    1.9546    0.0000    3.2754    0.1748   50.5238    0.0000    0.0002    59    60    61     3
    61    2.0657    0.0000    3.4103    0.1748   50.5238    0.0000    0.0002    60    61    62     3
    62    2.1768    0.0000    3.5452    0.1748   50.5238    0.0000    0.0002    61    62    63     3
    63    2.2879    0.0000    3.6801    0.1748   50.5238    0.0000    0.0002    62    63    64     3
    64    2.3990    0.0000    3.8150    0.1748   50.5238    0.0000    0.0002    63    64    65     3
    65    2.5102    0.0000    3.9499    0.1748   50.5238    0.0000    0.0002    64    65    66     3
    66    2.6213    0.0000    4.0848    0.1748   50.5238    0.0000    0.0002    65    66    67     3
    67    2.7324    0.0000    4.2197    0.1748   50.5238    0.0000    0.0002    66    67    68     3
    68    2.8435    0.0000    4.3546    0.1748   50.5238    0.0000    0.0002    67    68    69     3
    69    2.9546    0.0000    4.4896    0.1748   50.5238    0.0000    0.0002    68    69    70     3
    70    3.0658    0.0000    4.6245    0.1748   50.5238    0.0000    0.0002    69    70    71     3
    71    3.1769    0.0000    4.7594    0.1748   50.5238    0.0000    0.0002    70    71    72     3
    72    3.2880    0.0000    4.8943    0.1748   50.5238    0.0000    0.0002    71    72    73     3
    73    3.3991    0.0000    5.0292    0.1748   50.5238    0.0000    0.0002    72    73    74     3
    74    3.5102    0.0000    5.1641    0.1748   50.5238    0.0000    0.0002    73    74    75     3
    75    3.6213    0.0000    5.2990    0.1748   50.5238    0.0000    0.0002    74    75    76     3
    76    3.7325    0.0000    5.4339    0.1748   50.5238    0.0000    0.0002    75    76    77     3
    77    3.8436    0.0000    5.5688    0.1748   50.5238    0.0000    0.0002    76    77    78     3
    78    3.9547    0.0000    5.7038    0.1748   50.5238    0.0000    0.0002    77    78    79     3
    79    4.0658    0.0000    5.8387    0.1748   50.5238    0.0000    0.0002    78    79    80     3
    80    4.1769    0.0000    5.9736    0.1748   50.5238    0.0000    0.0002    79    80    81     3
    81    4.2881    0.0000    6.1085    0.1748   50.5238    0.0000    0.0002    80    81    82     3
    82    4.3992    0.0000    6.2434    0.1748   50.5238    0.0000    0.0002    81    82    83     3
    83    4.5103    0.0000    6.3783    0.1748   50.5238    0.0000    0.0002    82    83    84     3
    84    4.6214    0.0000    6.5132    0.1748   50.5238    0.0000    0.0002    83    84    85     3
    85    4.7325    0.0000    6.6481    0.1748   50.5238    0.0000    0.0002    84    85    86     3
    86    4.8436    0.0000    6.7830    0.1748   50.5238    0.0000    0.0002    85    86    87     3
    87    4.9548    0.0000    6.9180    0.1748   50.5238    0.0000    0.0002    86    87    88     3
    88    5.0659    0.0000    7.0529    0.1748   50.5238    0.0000    0.0002    87    88    89     3
    89    5.1770    0.0000    7.1878    0.1748   50.5238    0.0000    0.0002    88    89    90     3
    90    5.2881    0.0000    7.3227    0.1748   50.5238    0.0000    0.0002    89    90    91     3
    91    5.3992    0.0000    7.4576    0.1748   50.5238    0.0000    0.0002    90    91    92     3
    92    5.5104    0.0000    7.5925    0.1748   50.5238    0.0000    0.0002    91    92    93     3
    93    5.6215    0.0000    7.7274    0.1748   50.5238    0.0000    0.0002    92    93    94     3
    94    5.7326    0.0000    7.8623    0.1748   50.5238    0.0000    0.0002    93    94    95     3
    95    5.8437    0.0000    7.9973    0.1748   50.5238    0.0000    0.0002    94    95    96     3
    96    5.9548    0.0000    8.1322    0.1748   50.5238    0.0000    0.0002    95    96    97     3
    97    6.0659    0.0000    8.2671    0.1748   50.5238    0.0000    0.0002    96    97    98     3
    98    6.1771    0.0000    8.4020    0.1748   50.5238    0.0000    0.0002    97    98    99     3
    99    6.2882    0.0000    8.5369    0.1748   50.5238    0.0000    0.0002    98    99   100     3
   100    6.3993    0.0000    8.6718    0.1748   50.5238    0.0000    0.0002    99   100   101     3
   101    6.5104    0.0000    8.8067    0.1748   50.5238    0.0000    0.0002   100   101   102     3
   102    6.6215    0.0000    8.9416    0.1748   50.5238    0.0000    0.0002   101   102   103     3
   103    6.7327    0.0000    9.0765    0.1748   50.5238    0.0000    0.0002   102   103     0     3



  DATA CARD No:   1 EK   0     0     0     0  0.00000E+00  0.00000E+00  0.00000E+00  0.00000E+00  0.00000E+00  0.00000E+00
  DATA CARD No:   2 LD   5     0     0     0  1.50000E+07  0.00000E+00  0.00000E+00  0.00000E+00  0.00000E+00  0.00000E+00
  DATA CARD No:   3 GN   2     0     0     0  1.30000E+01  5.00000E-03  0.00000E+00  0.00000E+00  0.00000E+00  0.00000E+00
  DATA CARD No:   4 FR   0     1     0     0  7.05000E+00  0.00000E+00  0.00000E+00  0.00000E+00  0.00000E+00  0.00000E+00
  DATA CARD No:   5 EX   0     2     1     0  1.00000E+00  0.00000E+00  0.00000E+00  0.00000E+00  0.00000E+00  0.00000E+00
  DATA CARD No:   6 PT  -1     0     0     0  0.00000E+00  0.00000E+00  0.00000E+00  0.00000E+00  0.00000E+00  0.00000E+00
  DATA CARD No:   7 RP   0    19    72  1001  0.00000E+00  0.00000E+00  5.00000E+00  5.00000E+00  1.00000E+03  0.00000E+00


                               --------- FREQUENCY --------
                                FREQUENCY : 7.0500E+00 MHz
                                WAVELENGTH: 4.2525E+01 Mtr

                        APPROXIMATE INTEGRATION EMPLOYED FOR SEGMENTS 
                        THAT ARE MORE THAN 1.000 WAVELENGTHS APART
                        THE EXTENDED THIN WIRE KERNEL WILL BE USED


                          ------ STRUCTURE IMPEDANCE LOADING ------
  LOCATION        RESISTANCE  INDUCTANCE  CAPACITANCE     IMPEDANCE (OHMS)   CONDUCTIVITY  CIRCUIT
  ITAG FROM THRU     OHMS       HENRYS      FARADS       REAL     IMAGINARY   MHOS/METER      TYPE
  ALL                                                                        1.5000E+07     WIRE  


                            -------- ANTENNA ENVIRONMENT --------
                            FINITE GROUND - SOMMERFELD SOLUTION
                            RELATIVE DIELECTRIC CONST: 13.000
                            CONDUCTIVITY:  5.000E-03 MHOS/METER
                            COMPLEX DIELECTRIC CONSTANT:  1.3000E+01-1.2749E+01j


                             ---------- MATRIX TIMING ----------
                               FILL: 10 msec  FACTOR: 0 msec


                        --------- ANTENNA INPUT PARAMETERS ---------
  TAG   SEG       VOLTAGE (VOLTS)         CURRENT (AMPS)         IMPEDANCE (OHMS)        ADMITTANCE (MHOS)     POWER
  No:   No:     REAL      IMAGINARY     REAL      IMAGINARY     REAL      IMAGINARY    REAL       IMAGINARY   (WATTS)
    2    42  1.0000E+00  0.0000E+00  2.9111E-03  6.4060E-03  5.8797E+01 -1.2938E+02  2.9111E-03  6.4060E-03  1.4555E-03


                               ---------- POWER BUDGET ---------
                               INPUT POWER   =  1.4555E-03 Watts
                               RADIATED POWER=  1.2584E-03 Watts
                               STRUCTURE LOSS=  1.9713E-04 Watts
                               NETWORK LOSS  =  0.0000E+00 Watts
                               EFFICIENCY    =   86.46 Percent


                             ---------- RADIATION PATTERNS -----------

                             RANGE:  1.000000E+03 METERS
                             EXP(-JKR)/R:  1.00000E-03 AT PHASE: -185.64 DEGREES

 ---- ANGLES -----     ----- POWER GAINS -----       ---- POLARIZATION ----   ---- E(THETA) ----    ----- E(PHI) ------
  THETA      PHI       VERTC    HORIZ    TOTAL       AXIAL      TILT  SENSE   MAGNITUDE    PHASE    MAGNITUDE     PHASE
 DEGREES   DEGREES        DB       DB       DB       RATIO   DEGREES            VOLTS/M   DEGREES     VOLTS/M   DEGREES
    0.00      0.00     -3.42  -999.99    -3.42      0.0000      0.00 LINEAR  1.9935E-04   -152.68  0.0000E+00   -185.64
    5.00      0.00     -4.06  -999.99    -4.06      0.0000      0.00 LINEAR  1.8505E-04   -146.73  0.0000E+00   -185.64
   10.00      0.00     -4.80  -999.99    -4.80      0.0000      0.00 LINEAR  1.7002E-04   -140.29  0.0000E+00   -185.64
   15.00      0.00     -5.62  -999.99    -5.62      0.0000      0.00 LINEAR  1.5461E-04   -133.11  0.0000E+00   -185.64
   20.00      0.00     -6.53  -999.99    -6.53      0.0000      0.00 LINEAR  1.3936E-04   -124.90  0.0000E+00   -185.64
   25.00      0.00     -7.47  -999.99    -7.47      0.0000      0.00 LINEAR  1.2506E-04   -115.32  0.0000E+00   -185.64
   30.00      0.00     -8.37  -999.99    -8.37      0.0000      0.00 LINEAR  1.1272E-04   -104.06  0.0000E+00   -185.64
   35.00      0.00     -9.11  -999.99    -9.11      0.0000     -0.00 LINEAR  1.0351E-04    -91.07  0.0000E+00   -185.64
   40.00      0.00     -9.55  -999.99    -9.55      0.0000     -0.00 LINEAR  9.8440E-05    -76.91  0.0000E+00   -185.64
   45.00      0.00     -9.60  -999.99    -9.60      0.0000     -0.00 LINEAR  9.7772E-05    -62.79  0.0000E+00   -185.64
   50.00      0.00     -9.35  -999.99    -9.35      0.0000     -0.00 LINEAR  1.0073E-04    -50.05  0.0000E+00   -185.64
   55.00      0.00     -8.93  -999.99    -8.93      0.0000     -0.00 LINEAR  1.0569E-04    -39.51  0.0000E+00   -185.64
   60.00      0.00     -8.53  -999.99    -8.53      0.0000     -0.00 LINEAR  1.1070E-04    -31.34  0.0000E+00   -185.64
   65.00      0.00     -8.29  -999.99    -8.29      0.0000     -0.00 LINEAR  1.1381E-04    -25.36  0.0000E+00   -185.64
   70.00      0.00     -8.34  -999.99    -8.34      0.0000     -0.00 LINEAR  1.1304E-04    -21.33  0.0000E+00   -185.64
   75.00      0.00     -8.89  -999.99    -8.89      0.0000     -0.00 LINEAR  1.0613E-04    -19.09  0.0000E+00   -185.64
   80.00      0.00    -10.33  -999.99   -10.33      0.0000     -0.00 LINEAR  8.9901E-05    -18.71  0.0000E+00   -185.64
   85.00      0.00    -14.03  -999.99   -14.03      0.0000     -0.00 LINEAR  5.8726E-05    -20.56  0.0000E+00   -185.64
   90.00      0.00   -999.99  -999.99  -999.99      0.0000      0.00         4.7192E-15   -205.83  0.0000E+00   -185.64
    0.00      5.00     -3.45   -24.61    -3.42      0.0000     -5.00 LINEAR  1.9859E-04   -152.68  1.7375E-05   -332.68
    5.00      5.00     -4.10   -24.74    -4.06      0.0080     -5.29 LEFT    1.8432E-04   -146.72  1.7121E-05   -331.70
   10.00      5.00     -4.83   -24.92    -4.79      0.0178     -5.56 LEFT    1.6933E-04   -140.25  1.6767E-05   -330.68
   15.00      5.00     -5.66   -25.16    -5.61      0.0299     -5.80 LEFT    1.5398E-04   -133.04  1.6318E-05   -329.62
   20.00      5.00     -6.56   -25.45    -6.50      0.0452     -5.95 LEFT    1.3882E-04   -124.80  1.5778E-05   -328.53
   25.00      5.00     -7.50   -25.80    -7.43      0.0641     -5.90 LEFT    1.2462E-04   -115.18  1.5152E-05   -327.40
   30.00      5.00     -8.39   -26.21    -8.32      0.0858     -5.46 LEFT    1.1241E-04   -103.87  1.4444E-05   -326.23
   35.00      5.00     -9.12   -26.70    -9.05      0.1065     -4.47 LEFT    1.0336E-04    -90.86  1.3657E-05   -325.03
   40.00      5.00     -9.55   -27.27    -9.47      0.1194     -2.93 LEFT    9.8438E-05    -76.70  1.2793E-05   -323.82
   45.00      5.00     -9.59   -27.93    -9.53      0.1192     -1.23 LEFT    9.7904E-05    -62.62  1.1852E-05   -322.59
   50.00      5.00     -9.33   -28.71    -9.28      0.1073      0.16 LEFT    1.0096E-04    -49.95  1.0835E-05   -321.38
   55.00      5.00     -8.91   -29.63    -8.87      0.0903      0.99 LEFT    1.0597E-04    -39.47  9.7435E-06   -320.18
   60.00      5.00     -8.50   -30.74    -8.48      0.0736      1.35 LEFT    1.1101E-04    -31.35  8.5758E-06   -319.02
   65.00      5.00     -8.26   -32.10    -8.24      0.0593      1.41 LEFT    1.1411E-04    -25.41  7.3322E-06   -317.93
   70.00      5.00     -8.32   -33.83    -8.31      0.0479      1.31 LEFT    1.1332E-04    -21.41  6.0126E-06   -316.91
   75.00      5.00     -8.87   -36.12    -8.86      0.0387      1.12 LEFT    1.0638E-04    -19.19  4.6177E-06   -315.99
   80.00      5.00    -10.31   -39.45   -10.31      0.0313      0.89 LEFT    9.0108E-05    -18.82  3.1488E-06   -315.18
   85.00      5.00    -14.01   -45.28   -14.01      0.0250      0.63 LEFT    5.8857E-05    -20.67  1.6083E-06   -314.50
   90.00      5.00   -999.99  -999.99  -999.99      0.0000      0.00         4.7296E-15   -205.95  9.5935E-17   -133.95
    0.00     10.00     -3.55   -18.62    -3.42      0.0000    -10.00 LINEAR  1.9632E-04   -152.68  3.4617E-05   -332.68
    5.00     10.00     -4.20   -18.75    -4.05      0.0159    -10.57 LEFT    1.8213E-04   -146.67  3.4117E-05   -331.71
   10.00     10.00     -4.94   -18.93    -4.77      0.0353    -11.13 LEFT    1.6727E-04   -140.13  3.3418E-05   -330.70
   15.00     10.00     -5.77   -19.16    -5.57      0.0594    -11.61 LEFT    1.5211E-04   -132.84  3.2529E-05   -329.66
   20.00     10.00     -6.66   -19.45    -6.44      0.0896    -11.92 LEFT    1.3720E-04   -124.49  3.1461E-05   -328.58
   25.00     10.00     -7.59   -19.80    -7.33      0.1269    -11.84 LEFT    1.2332E-04   -114.75  3.0222E-05   -327.46
   30.00     10.00     -8.46   -20.22    -8.18      0.1700    -11.03 LEFT    1.1150E-04   -103.32  2.8819E-05   -326.30
   35.00     10.00     -9.16   -20.70    -8.87      0.2116     -9.07 LEFT    1.0290E-04    -90.22  2.7256E-05   -325.12
   40.00     10.00     -9.55   -21.26    -9.26      0.2379     -5.92 LEFT    9.8441E-05    -76.08  2.5539E-05   -323.92
   45.00     10.00     -9.56   -21.93    -9.31      0.2371     -2.39 LEFT    9.8306E-05    -62.12  2.3668E-05   -322.71
   50.00     10.00     -9.27   -22.70    -9.07      0.2128      0.42 LEFT    1.0164E-04    -49.63  2.1644E-05   -321.51
   55.00     10.00     -8.84   -23.62    -8.69      0.1787      2.05 LEFT    1.0682E-04    -39.34  1.9469E-05   -320.33
   60.00     10.00     -8.43   -24.73    -8.33      0.1455      2.74 LEFT    1.1192E-04    -31.39  1.7140E-05   -319.18
   65.00     10.00     -8.19   -26.09    -8.12      0.1174      2.84 LEFT    1.1503E-04    -25.56  1.4658E-05   -318.10
   70.00     10.00     -8.26   -27.81    -8.21      0.0949      2.61 LEFT    1.1418E-04    -21.64  1.2022E-05   -317.09
   75.00     10.00     -8.81   -30.10    -8.78      0.0769      2.23 LEFT    1.0715E-04    -19.49  9.2344E-06   -316.18
   80.00     10.00    -10.25   -33.43   -10.23      0.0622      1.76 LEFT    9.0728E-05    -19.15  6.2975E-06   -315.38
   85.00     10.00    -13.95   -39.26   -13.94      0.0497      1.25 LEFT    5.9251E-05    -21.02  3.2168E-06   -314.70
   90.00     10.00   -999.99  -999.99  -999.99      0.0000      0.00         4.7611E-15   -206.31  1.9191E-16   -134.16
    0.00     15.00     -3.72   -15.16    -3.42      0.0000    -15.00 LINEAR  1.9256E-04   -152.68  5.1596E-05   -332.68
    5.00     15.00     -4.38   -15.28    -4.04      0.0237    -15.85 LEFT    1.7849E-04   -146.58  5.0864E-05   -331.73
   10.00     15.00     -5.12   -15.46    -4.74      0.0524    -16.68 LEFT    1.6385E-04   -139.93  4.9836E-05   -330.74
   15.00     15.00     -5.94   -15.69    -5.51      0.0879    -17.42 LEFT    1.4900E-04   -132.49  4.8529E-05   -329.72
   20.00     15.00     -6.83   -15.98    -6.33      0.1323    -17.92 LEFT    1.3451E-04   -123.96  4.6954E-05   -328.66
   25.00     15.00     -7.74   -16.32    -7.18      0.1871    -17.89 LEFT    1.2117E-04   -114.00  4.5125E-05   -327.56
   30.00     15.00     -8.58   -16.73    -7.96      0.2508    -16.79 LEFT    1.1002E-04   -102.37  4.3051E-05   -326.43
   35.00     15.00     -9.22   -17.21    -8.58      0.3137    -13.93 LEFT    1.0217E-04    -89.15  4.0737E-05   -325.27
   40.00     15.00     -9.54   -17.77    -8.93      0.3544     -9.04 LEFT    9.8474E-05    -75.04  3.8189E-05   -324.09
   45.00     15.00     -9.50   -18.43    -8.97      0.3528     -3.41 LEFT    9.8996E-05    -61.29  3.5409E-05   -322.91
   50.00     15.00     -9.17   -19.20    -8.76      0.3148      0.92 LEFT    1.0280E-04    -49.11  3.2398E-05   -321.73
   55.00     15.00     -8.72   -20.11    -8.42      0.2632      3.28 LEFT    1.0824E-04    -39.13  2.9155E-05   -320.57
   60.00     15.00     -8.31   -21.22    -8.10      0.2141      4.20 LEFT    1.1345E-04    -31.43  2.5678E-05   -319.45
   65.00     15.00     -8.08   -22.57    -7.93      0.1731      4.27 LEFT    1.1655E-04    -25.80  2.1968E-05   -318.38
   70.00     15.00     -8.15   -24.29    -8.04      0.1402      3.90 LEFT    1.1562E-04    -22.02  1.8023E-05   -317.39
   75.00     15.00     -8.71   -26.58    -8.64      0.1139      3.31 LEFT    1.0843E-04    -19.96  1.3847E-05   -316.49
   80.00     15.00    -10.16   -29.90   -10.11      0.0923      2.61 LEFT    9.1766E-05    -19.69  9.4453E-06   -315.70
   85.00     15.00    -13.86   -35.74   -13.83      0.0738      1.84 LEFT    5.9910E-05    -21.60  4.8252E-06   -315.03
   90.00     15.00   -999.99  -999.99  -999.99      0.0000      0.00         4.8134E-15   -206.89  2.8789E-16   -134.49
    0.00     20.00     -3.96   -12.74    -3.42      0.0000    -20.00 LINEAR  1.8733E-04   -152.68  6.8182E-05   -332.68
    5.00     20.00     -4.63   -12.86    -4.02      0.0312    -21.13 LEFT    1.7344E-04   -146.45  6.7238E-05   -331.75
   10.00     20.00     -5.38   -13.03    -4.69      0.0688    -22.23 LEFT    1.5910E-04   -139.62  6.5908E-05   -330.79
   15.00     20.00     -6.20   -13.26    -5.42      0.1150    -23.23 LEFT    1.4469E-04   -131.97  6.4210E-05   -329.80
   20.00     20.00     -7.08   -13.54    -6.19      0.1725    -23.96 LEFT    1.3079E-04   -123.17  6.2162E-05   -328.76
   25.00     20.00     -7.95   -13.88    -6.97      0.2433    -24.07 LEFT    1.1822E-04   -112.91  5.9778E-05   -327.70
   30.00     20.00     -8.74   -14.28    -7.67      0.3266    -22.86 LEFT    1.0800E-04   -101.00  5.7067E-05   -326.60
   35.00     20.00     -9.30   -14.75    -8.21      0.4112    -19.24 LEFT    1.0122E-04    -87.62  5.4037E-05   -325.48
   40.00     20.00     -9.53   -15.31    -8.51      0.4680    -12.38 LEFT    9.8583E-05    -73.59  5.0692E-05   -324.33
   45.00     20.00     -9.41   -15.96    -8.54      0.4649     -4.17 LEFT    1.0000E-04    -60.15  4.7034E-05   -323.18
   50.00     20.00     -9.03   -16.73    -8.35      0.4112      1.80 LEFT    1.0444E-04    -48.39  4.3063E-05   -322.03
   55.00     20.00     -8.56   -17.64    -8.06      0.3419      4.76 LEFT    1.1024E-04    -38.84  3.8776E-05   -320.90
   60.00     20.00     -8.15   -18.74    -7.79      0.2780      5.75 LEFT    1.1560E-04    -31.49  3.4172E-05   -319.81
   65.00     20.00     -7.92   -20.09    -7.66      0.2253      5.71 LEFT    1.1869E-04    -26.13  2.9249E-05   -318.77
   70.00     20.00     -8.00   -21.80    -7.82      0.1831      5.15 LEFT    1.1764E-04    -22.54  2.4008E-05   -317.81
   75.00     20.00     -8.56   -24.09    -8.44      0.1492      4.34 LEFT    1.1022E-04    -20.61  1.8452E-05   -316.93
   80.00     20.00    -10.02   -27.41    -9.94      0.1212      3.41 LEFT    9.3225E-05    -20.42  1.2589E-05   -316.15
   85.00     20.00    -13.73   -33.24   -13.68      0.0971      2.40 LEFT    6.0837E-05    -22.38  6.4322E-06   -315.49
   90.00     20.00   -999.99  -999.99  -999.99      0.0000      0.00         4.8873E-15   -207.69  3.8377E-16   -134.95
    0.00     25.00     -4.27   -10.90    -3.42      0.0000    -25.00 LINEAR  1.8067E-04   -152.68  8.4249E-05   -332.68
    5.00     25.00     -4.95   -11.01    -3.99      0.0384    -26.40 LEFT    1.6700E-04   -146.27  8.3119E-05   -331.79
   10.00     25.00     -5.71   -11.18    -4.63      0.0844    -27.76 LEFT    1.5304E-04   -139.21  8.1518E-05   -330.86
   15.00     25.00     -6.54   -11.40    -5.31      0.1404    -29.04 LEFT    1.3920E-04   -131.25  7.9469E-05   -329.90
   20.00     25.00     -7.40   -11.68    -6.02      0.2095    -30.04 LEFT    1.2608E-04   -122.09  7.6988E-05   -328.90
   25.00     25.00     -8.23   -12.01    -6.71      0.2945    -30.41 LEFT    1.1451E-04   -111.43  7.4092E-05   -327.88
   30.00     25.00     -8.94   -12.41    -7.33      0.3955    -29.34 LEFT    1.0553E-04    -99.16  7.0789E-05   -326.82
   35.00     25.00     -9.40   -12.88    -7.79      0.5021    -25.23 LEFT    1.0012E-04    -85.61  6.7088E-05   -325.73
   40.00     25.00     -9.51   -13.42    -8.03      0.5780    -16.12 LEFT    9.8829E-05    -71.71  6.2989E-05   -324.63
   45.00     25.00     -9.29   -14.07    -8.04      0.5724     -4.43 LEFT    1.0137E-04    -58.70  5.8494E-05   -323.52
   50.00     25.00     -8.86   -14.83    -7.88      0.4998      3.29 LEFT    1.0657E-04    -47.50  5.3599E-05   -322.41
   55.00     25.00     -8.36   -15.73    -7.63      0.4129      6.56 LEFT    1.1282E-04    -38.48  4.8301E-05   -321.33
   60.00     25.00     -7.95   -16.82    -7.42      0.3358      7.43 LEFT    1.1835E-04    -31.56  4.2596E-05   -320.27
   65.00     25.00     -7.72   -18.17    -7.35      0.2731      7.16 LEFT    1.2143E-04    -26.52  3.6483E-05   -319.27
   70.00     25.00     -7.81   -19.88    -7.55      0.2229      6.37 LEFT    1.2023E-04    -23.17  2.9961E-05   -318.33
   75.00     25.00     -8.38   -22.16    -8.20      0.1824      5.32 LEFT    1.1254E-04    -21.40  2.3037E-05   -317.47
   80.00     25.00     -9.84   -25.48    -9.73      0.1486      4.15 LEFT    9.5108E-05    -21.32  1.5723E-05   -316.72
   85.00     25.00    -13.56   -31.31   -13.48      0.1192      2.91 LEFT    6.2035E-05    -23.34  8.0348E-06   -316.06
   90.00     25.00   -999.99  -999.99  -999.99      0.0000      0.00         4.9826E-15   -208.67  4.7945E-16   -135.53
    0.00     30.00     -4.67    -9.44    -3.42      0.0000    -30.00 LINEAR  1.7264E-04   -152.68  9.9675E-05   -332.68
    5.00     30.00     -5.37    -9.55    -3.96      0.0453    -31.65 LEFT    1.5923E-04   -146.03  9.8390E-05   -331.83
   10.00     30.00     -6.14    -9.71    -4.56      0.0990    -33.29 LEFT    1.4574E-04   -138.65  9.6557E-05   -330.94
   15.00     30.00     -6.96    -9.93    -5.18      0.1637    -34.84 LEFT    1.3260E-04   -130.29  9.4199E-05   -330.02
   20.00     30.00     -7.79   -10.20    -5.82      0.2427    -36.16 LEFT    1.2044E-04   -120.64  9.1335E-05   -329.07
   25.00     30.00     -8.57   -10.52    -6.43      0.3394    -36.91 LEFT    1.1014E-04   -109.47  8.7978E-05   -328.09
   30.00     30.00     -9.18   -10.91    -6.95      0.4555    -36.28 LEFT    1.0269E-04    -96.77  8.4138E-05   -327.08
   35.00     30.00     -9.50   -11.37    -7.32      0.5834    -32.25 LEFT    9.8967E-05    -83.08  7.9818E-05   -326.04
   40.00     30.00     -9.47   -11.91    -7.51      0.6832    -20.63 LEFT    9.9293E-05    -69.42  7.5017E-05   -324.99
   45.00     30.00     -9.14   -12.54    -7.51      0.6736     -3.76 LEFT    1.0313E-04    -56.96  6.9733E-05   -323.93
   50.00     30.00     -8.64   -13.29    -7.36      0.5781      5.65 LEFT    1.0923E-04    -46.44  6.3960E-05   -322.87
   55.00     30.00     -8.12   -14.19    -7.16      0.4744      8.75 LEFT    1.1598E-04    -38.04  5.7690E-05   -321.83
   60.00     30.00     -7.70   -15.27    -7.00      0.3865      9.22 LEFT    1.2172E-04    -31.62  5.0918E-05   -320.82
   65.00     30.00     -7.49   -16.61    -6.98      0.3157      8.61 LEFT    1.2478E-04    -26.97  4.3642E-05   -319.85
   70.00     30.00     -7.58   -18.32    -7.23      0.2591      7.52 LEFT    1.2340E-04    -23.89  3.5863E-05   -318.95
   75.00     30.00     -8.17   -20.59    -7.93      0.2129      6.23 LEFT    1.1537E-04    -22.32  2.7589E-05   -318.12
   80.00     30.00     -9.64   -23.91    -9.48      0.1740      4.82 LEFT    9.7418E-05    -22.37  1.8836E-05   -317.38
   85.00     30.00    -13.35   -29.74   -13.25      0.1398      3.36 LEFT    6.3506E-05    -24.46  9.6281E-06   -316.75
   90.00     30.00   -999.99  -999.99  -999.99      0.0000      0.00         5.0999E-15   -209.81  5.7444E-16   -136.21
    0.00     35.00     -5.15    -8.24    -3.42      0.0000    -35.00 LINEAR  1.6330E-04   -152.68  1.1434E-04   -332.68
    5.00     35.00     -5.88    -8.35    -3.93      0.0517    -36.90 LEFT    1.5018E-04   -145.71  1.1294E-04   -331.87
   10.00     35.00     -6.66    -8.51    -4.48      0.1124    -38.79 LEFT    1.3724E-04   -137.92  1.1091E-04   -331.03
   15.00     35.00     -7.47    -8.72    -5.04      0.1846    -40.63 LEFT    1.2494E-04   -129.02  1.0830E-04   -330.17
   20.00     35.00     -8.27    -8.98    -5.60      0.2717    -42.31 LEFT    1.1397E-04   -118.75  1.0510E-04   -329.27
   25.00     35.00     -8.97    -9.29    -6.12      0.3775    -43.57 LEFT    1.0521E-04   -106.94  1.0135E-04   -328.34
   30.00     35.00     -9.44    -9.67    -6.54      0.5048    -43.73 LEFT    9.9624E-05    -93.78  9.7027E-05   -327.38
   35.00     35.00     -9.59   -10.12    -6.84      0.6514    -40.70 LEFT    9.7902E-05    -80.00  9.2148E-05   -326.40
   40.00     35.00     -9.40   -10.65    -6.97      0.7820    -26.89 LEFT    1.0007E-04    -66.74  8.6704E-05   -325.40
   45.00     35.00     -8.96   -11.27    -6.95      0.7657     -1.08 LEFT    1.0536E-04    -54.98  8.0687E-05   -324.40
   50.00     35.00     -8.39   -12.01    -6.83      0.6426      9.15 LEFT    1.1243E-04    -45.24  7.4087E-05   -323.40
   55.00     35.00     -7.85   -12.90    -6.67      0.5250     11.32 LEFT    1.1972E-04    -37.54  6.6892E-05   -322.41
   60.00     35.00     -7.42   -13.98    -6.56      0.4291     11.10 LEFT    1.2568E-04    -31.69  5.9095E-05   -321.44
   65.00     35.00     -7.22   -15.31    -6.59      0.3527     10.03 LEFT    1.2873E-04    -27.46  5.0693E-05   -320.52
   70.00     35.00     -7.32   -17.01    -6.88      0.2911      8.62 LEFT    1.2714E-04    -24.69  4.1686E-05   -319.66
   75.00     35.00     -7.92   -19.28    -7.61      0.2404      7.05 LEFT    1.1873E-04    -23.34  3.2087E-05   -318.86
   80.00     35.00     -9.40   -22.59    -9.19      0.1972      5.42 LEFT    1.0015E-04    -23.53  2.1915E-05   -318.15
   85.00     35.00    -13.12   -28.42   -12.99      0.1588      3.75 LEFT    6.5249E-05    -25.70  1.1205E-05   -317.52
   90.00     35.00   -999.99  -999.99  -999.99      0.0000      0.00         5.2387E-15   -211.08  6.6864E-16   -137.00
    0.00     40.00     -5.73    -7.26    -3.42      0.0000    -40.00 LINEAR  1.5271E-04   -152.68  1.2814E-04   -332.68
    5.00     40.00     -6.49    -7.36    -3.89      0.0576    -42.13 LEFT    1.3993E-04   -145.29  1.2665E-04   -331.93
   10.00     40.00     -7.29    -7.51    -4.39      0.1245    -44.27 LEFT    1.2762E-04   -136.95  1.2449E-04   -331.14
   15.00     40.00     -8.10    -7.71    -4.89      0.2030    -46.40 LEFT    1.1632E-04   -127.36  1.2166E-04   -330.33
   20.00     40.00     -8.84    -7.96    -5.37      0.2963    -48.47 LEFT    1.0678E-04   -116.29  1.1820E-04   -329.49
   25.00     40.00     -9.42    -8.26    -5.79      0.4080    -50.33 LEFT    9.9887E-05   -103.72  1.1410E-04   -328.62
   30.00     40.00     -9.72    -8.63    -6.13      0.5421    -51.59 LEFT    9.6513E-05    -90.10  1.0937E-04   -327.72
   35.00     40.00     -9.67    -9.07    -6.35      0.7008    -50.81 LEFT    9.7080E-05    -76.38  1.0399E-04   -326.80
   40.00     40.00     -9.30    -9.59    -6.43      0.8686    -38.14 LEFT    1.0128E-04    -63.68  9.7971E-05   -325.87
   45.00     40.00     -8.73   -10.20    -6.39      0.8409      6.20 LEFT    1.0810E-04    -52.78  9.1283E-05   -324.92
   50.00     40.00     -8.11   -10.93    -6.28      0.6896     13.91 LEFT    1.1618E-04    -43.92  8.3913E-05   -323.98
   55.00     40.00     -7.54   -11.81    -6.16      0.5634     14.20 LEFT    1.2405E-04    -36.98  7.5848E-05   -323.05
   60.00     40.00     -7.11   -12.88    -6.09      0.4634     13.03 LEFT    1.3024E-04    -31.73  6.7075E-05   -322.14
   65.00     40.00     -6.91   -14.20    -6.17      0.3837     11.40 LEFT    1.3326E-04    -27.97  5.7589E-05   -321.27
   70.00     40.00     -7.03   -15.89    -6.50      0.3188      9.62 LEFT    1.3144E-04    -25.54  4.7392E-05   -320.45
   75.00     40.00     -7.64   -18.16    -7.27      0.2647      7.79 LEFT    1.2258E-04    -24.43  3.6501E-05   -319.69
   80.00     40.00     -9.13   -21.47    -8.88      0.2179      5.94 LEFT    1.0330E-04    -24.78  2.4941E-05   -319.00
   85.00     40.00    -12.85   -27.29   -12.70      0.1758      4.07 LEFT    6.7259E-05    -27.04  1.2755E-05   -318.39
   90.00     40.00   -999.99  -999.99  -999.99      0.0000      0.00         5.3989E-15   -212.45  7.6121E-16   -137.87
    0.00     45.00     -6.43    -6.43    -3.42      0.0000    -45.00 LINEAR  1.4096E-04   -152.68  1.4096E-04   -332.68
    5.00     45.00     -7.23    -6.52    -3.85      0.0630    -47.35 LEFT    1.2854E-04   -144.75  1.3943E-04   -331.98
   10.00     45.00     -8.05    -6.66    -4.29      0.1352    -49.71 LEFT    1.1697E-04   -135.66  1.3717E-04   -331.26
   15.00     45.00     -8.83    -6.85    -4.72      0.2187    -52.13 LEFT    1.0686E-04   -125.15  1.3419E-04   -330.51
   20.00     45.00     -9.49    -7.10    -5.12      0.3162    -54.60 LEFT    9.9038E-05   -113.08  1.3052E-04   -329.73
   25.00     45.00     -9.91    -7.39    -5.46      0.4310    -57.13 LEFT    9.4391E-05    -99.66  1.2614E-04   -328.92
   30.00     45.00     -9.98    -7.75    -5.71      0.5667    -59.68 LEFT    9.3587E-05    -85.66  1.2106E-04   -328.09
   35.00     45.00     -9.70    -8.17    -5.86      0.7272    -62.18 LEFT    9.6688E-05    -72.22  1.1527E-04   -327.24
   40.00     45.00     -9.15    -8.68    -5.90      0.9162    -64.05 LEFT    1.0303E-04    -60.32  1.0873E-04   -326.38
   45.00     45.00     -8.47    -9.28    -5.85      0.8787     21.65 LEFT    1.1142E-04    -50.42  1.0144E-04   -325.50
   50.00     45.00     -7.79   -10.01    -5.75      0.7161     19.56 LEFT    1.2052E-04    -42.51  9.3363E-05   -324.62
   55.00     45.00     -7.20   -10.87    -5.65      0.5895     17.22 LEFT    1.2895E-04    -36.38  8.4487E-05   -323.75
   60.00     45.00     -6.78   -11.93    -5.62      0.4894     14.92 LEFT    1.3537E-04    -31.77  7.4793E-05   -322.90
   65.00     45.00     -6.59   -13.25    -5.74      0.4086     12.69 LEFT    1.3836E-04    -28.48  6.4275E-05   -322.08
   70.00     45.00     -6.72   -14.93    -6.11      0.3420     10.53 LEFT    1.3627E-04    -26.41  5.2937E-05   -321.31
   75.00     45.00     -7.34   -17.20    -6.91      0.2855      8.43 LEFT    1.2693E-04    -25.56  4.0797E-05   -320.58
   80.00     45.00     -8.83   -20.50    -8.55      0.2360      6.38 LEFT    1.0685E-04    -26.08  2.7890E-05   -319.92
   85.00     45.00    -12.57   -26.32   -12.39      0.1907      4.34 LEFT    6.9528E-05    -28.45  1.4267E-05   -319.33
   90.00     45.00   -999.99  -999.99  -999.99      0.0000      0.00         5.5800E-15   -213.89  8.5162E-16   -138.82
    0.00     50.00     -7.26    -5.73    -3.42      0.0000    -50.00 LINEAR  1.2814E-04   -152.68  1.5271E-04   -332.68
    5.00     50.00     -8.11    -5.82    -3.81      0.0679    -52.54 LEFT    1.1611E-04   -144.01  1.5118E-04   -332.05
   10.00     50.00     -8.95    -5.95    -4.19      0.1445    -55.13 LEFT    1.0540E-04   -133.92  1.4886E-04   -331.39
   15.00     50.00     -9.70    -6.13    -4.55      0.2316    -57.82 LEFT    9.6730E-05   -122.20  1.4579E-04   -330.70
   20.00     50.00    -10.23    -6.37    -4.87      0.3316    -60.69 LEFT    9.0999E-05   -108.88  1.4196E-04   -329.99
   25.00     50.00    -10.42    -6.65    -5.13      0.4466    -63.87 LEFT    8.9018E-05    -94.58  1.3738E-04   -329.26
   30.00     50.00    -10.22    -7.00    -5.30      0.5792    -67.73 LEFT    9.1126E-05    -80.42  1.3202E-04   -328.50
   35.00     50.00     -9.68    -7.41    -5.39      0.7303    -73.54 LEFT    9.6931E-05    -67.57  1.2587E-04   -327.72
   40.00     50.00     -8.95    -7.91    -5.39      0.8868     89.10 LEFT    1.0543E-04    -56.71  1.1889E-04   -326.92
   45.00     50.00     -8.17    -8.50    -5.32      0.8621     37.52 LEFT    1.1537E-04    -47.93  1.1106E-04   -326.12
   50.00     50.00     -7.44    -9.21    -5.22      0.7225     25.13 LEFT    1.2545E-04    -41.04  1.0235E-04   -325.31
   55.00     50.00     -6.84   -10.06    -5.15      0.6040     20.13 LEFT    1.3442E-04    -35.74  9.2729E-05   -324.51
   60.00     50.00     -6.42   -11.11    -5.15      0.5073     16.69 LEFT    1.4105E-04    -31.78  8.2178E-05   -323.72
   65.00     50.00     -6.24   -12.42    -5.30      0.4276     13.86 LEFT    1.4398E-04    -29.00  7.0689E-05   -322.95
   70.00     50.00     -6.39   -14.10    -5.71      0.3606     11.33 LEFT    1.4161E-04    -27.30  5.8266E-05   -322.22
   75.00     50.00     -7.02   -16.36    -6.54      0.3027      8.98 LEFT    1.3172E-04    -26.71  4.4933E-05   -321.54
   80.00     50.00     -8.52   -19.66    -8.20      0.2511      6.74 LEFT    1.1078E-04    -27.41  3.0731E-05   -320.90
   85.00     50.00    -12.26   -25.48   -12.06      0.2033      4.55 LEFT    7.2040E-05    -29.88  1.5725E-05   -320.33
   90.00     50.00   -999.99  -999.99  -999.99      0.0000      0.00         5.7802E-15   -215.36  9.3871E-16   -139.82
    0.00     55.00     -8.24    -5.15    -3.42      0.0000    -55.00 LINEAR  1.1434E-04   -152.68  1.6330E-04   -332.68
    5.00     55.00     -9.17    -5.23    -3.76      0.0721    -57.72 LEFT    1.0275E-04   -143.00  1.6180E-04   -332.11
   10.00     55.00    -10.03    -5.35    -4.08      0.1523    -60.51 LEFT    9.3056E-05   -131.53  1.5948E-04   -331.52
   15.00     55.00    -10.70    -5.53    -4.37      0.2419    -63.46 LEFT    8.6161E-05   -118.18  1.5637E-04   -330.91
   20.00     55.00    -11.03    -5.75    -4.62      0.3425    -66.69 LEFT    8.3003E-05   -103.39  1.5245E-04   -330.27
   25.00     55.00    -10.91    -6.02    -4.80      0.4555    -70.49 LEFT    8.4159E-05    -88.32  1.4771E-04   -329.61
   30.00     55.00    -10.38    -6.35    -4.91      0.5813    -75.47 LEFT    8.9458E-05    -74.39  1.4214E-04   -328.93
   35.00     55.00     -9.58    -6.76    -4.93      0.7159    -83.62 LEFT    9.8014E-05    -62.53  1.3570E-04   -328.23
   40.00     55.00     -8.69    -7.24    -4.90      0.8308     77.30 LEFT    1.0860E-04    -52.94  1.2835E-04   -327.51
   45.00     55.00     -7.83    -7.82    -4.81      0.8187     45.10 LEFT    1.1998E-04    -45.39  1.2006E-04   -326.78
   50.00     55.00     -7.07    -8.52    -4.72      0.7134     29.69 LEFT    1.3096E-04    -39.54  1.1078E-04   -326.04
   55.00     55.00     -6.46    -9.37    -4.66      0.6085     22.70 LEFT    1.4043E-04    -35.08  1.0049E-04   -325.31
   60.00     55.00     -6.05   -10.41    -4.69      0.5180     18.27 LEFT    1.4724E-04    -31.78  8.9148E-05   -324.58
   65.00     55.00     -5.88   -11.71    -4.87      0.4411     14.88 LEFT    1.5009E-04    -29.50  7.6757E-05   -323.87
   70.00     55.00     -6.04   -13.38    -5.30      0.3748     12.01 LEFT    1.4740E-04    -28.18  6.3318E-05   -323.19
   75.00     55.00     -6.68   -15.63    -6.16      0.3164      9.43 LEFT    1.3694E-04    -27.86  4.8860E-05   -322.54
   80.00     55.00     -8.19   -18.93    -7.84      0.2634      7.02 LEFT    1.1505E-04    -28.75  3.3433E-05   -321.93
   85.00     55.00    -11.93   -24.74   -11.71      0.2136      4.70 LEFT    7.4772E-05    -31.33  1.7112E-05   -321.38
   90.00     55.00   -999.99  -999.99  -999.99      0.0000      0.00         5.9983E-15   -216.84  1.0215E-15   -140.87
    0.00     60.00     -9.44    -4.67    -3.42      0.0000    -60.00 LINEAR  9.9675E-05   -152.68  1.7264E-04   -332.68
    5.00     60.00    -10.46    -4.74    -3.71      0.0757    -62.88 LEFT    8.8568E-05   -141.56  1.7121E-04   -332.19
   10.00     60.00    -11.33    -4.85    -3.97      0.1586    -65.85 LEFT    8.0143E-05   -128.13  1.6894E-04   -331.67
   15.00     60.00    -11.85    -5.02    -4.20      0.2496    -69.02 LEFT    7.5512E-05   -112.60  1.6583E-04   -331.13
   20.00     60.00    -11.84    -5.23    -4.37      0.3495    -72.59 LEFT    7.5545E-05    -96.21  1.6187E-04   -330.57
   25.00     60.00    -11.31    -5.49    -4.48      0.4586    -76.90 LEFT    8.0299E-05    -80.80  1.5704E-04   -329.99
   30.00     60.00    -10.43    -5.81    -4.52      0.5752    -82.72 LEFT    8.8921E-05    -67.70  1.5132E-04   -329.38
   35.00     60.00     -9.40    -6.20    -4.50      0.6914     87.98 LEFT    1.0012E-04    -57.23  1.4466E-04   -328.76
   40.00     60.00     -8.38    -6.67    -4.43      0.7769     70.77 LEFT    1.1262E-04    -49.10  1.3701E-04   -328.12
   45.00     60.00     -7.45    -7.24    -4.34      0.7717     47.72 LEFT    1.2528E-04    -42.84  1.2832E-04   -327.46
   50.00     60.00     -6.67    -7.93    -4.24      0.6944     32.83 LEFT    1.3706E-04    -38.04  1.1856E-04   -326.80
   55.00     60.00     -6.07    -8.77    -4.20      0.6049     24.75 LEFT    1.4695E-04    -34.41  1.0766E-04   -326.14
   60.00     60.00     -5.66    -9.80    -4.25      0.5224     19.58 LEFT    1.5390E-04    -31.76  9.5615E-05   -325.48
   65.00     60.00     -5.51   -11.09    -4.45      0.4494     15.72 LEFT    1.5664E-04    -29.97  8.2401E-05   -324.83
   70.00     60.00     -5.68   -12.76    -4.90      0.3847     12.55 LEFT    1.5361E-04    -29.03  6.8027E-05   -324.19
   75.00     60.00     -6.33   -15.00    -5.78      0.3265      9.77 LEFT    1.4252E-04    -28.99  5.2526E-05   -323.58
   80.00     60.00     -7.85   -18.29    -7.48      0.2728      7.22 LEFT    1.1963E-04    -30.07  3.5957E-05   -323.01
   85.00     60.00    -11.60   -24.11   -11.36      0.2216      4.81 LEFT    7.7698E-05    -32.76  1.8410E-05   -322.47
   90.00     60.00   -999.99  -999.99  -999.99      0.0000      0.00         6.2318E-15   -218.30  1.0992E-15   -141.97
    0.00     65.00    -10.90    -4.27    -3.42      0.0000    -65.00 LINEAR  8.4249E-05   -152.68  1.8067E-04   -332.68
    5.00     65.00    -12.06    -4.33    -3.66      0.0786    -68.02 LEFT    7.3717E-05   -139.42  1.7935E-04   -332.26
   10.00     65.00    -12.89    -4.44    -3.86      0.1634    -71.14 LEFT    6.6969E-05   -123.06  1.7715E-04   -331.82
   15.00     65.00    -13.10    -4.59    -4.02      0.2547    -74.52 LEFT    6.5350E-05   -104.73  1.7409E-04   -331.36
   20.00     65.00    -12.59    -4.79    -4.13      0.3527    -78.36 LEFT    6.9310E-05    -87.01  1.7014E-04   -330.88
   25.00     65.00    -11.57    -5.04    -4.17      0.4566    -83.07 LEFT    7.7981E-05    -72.11  1.6528E-04   -330.38
   30.00     65.00    -10.34    -5.36    -4.16      0.5632    -89.42 LEFT    8.9828E-05    -60.56  1.5947E-04   -329.85
   35.00     65.00     -9.12    -5.73    -4.09      0.6624     81.01 LEFT    1.0340E-04    -51.86  1.5265E-04   -329.31
   40.00     65.00     -8.01    -6.20    -4.00      0.7285     66.03 LEFT    1.1754E-04    -45.30  1.4476E-04   -328.75
   45.00     65.00     -7.05    -6.75    -3.89      0.7273     48.13 LEFT    1.3127E-04    -40.33  1.3576E-04   -328.18
   50.00     65.00     -6.26    -7.43    -3.80      0.6702     34.67 LEFT    1.4371E-04    -36.56  1.2557E-04   -327.59
   55.00     65.00     -5.66    -8.26    -3.76      0.5954     26.23 LEFT    1.5394E-04    -33.74  1.1416E-04   -327.00
   60.00     65.00     -5.27    -9.28    -3.82      0.5213     20.58 LEFT    1.6097E-04    -31.72  1.0149E-04   -326.40
   65.00     65.00     -5.13   -10.56    -4.04      0.4530     16.37 LEFT    1.6357E-04    -30.42  8.7538E-05   -325.81
   70.00     65.00     -5.32   -12.22    -4.51      0.3906     12.96 LEFT    1.6015E-04    -29.85  7.2321E-05   -325.23
   75.00     65.00     -5.98   -14.46    -5.40      0.3332     10.02 LEFT    1.4840E-04    -30.09  5.5874E-05   -324.66
   80.00     65.00     -7.51   -17.75    -7.12      0.2793      7.36 LEFT    1.2445E-04    -31.36  3.8266E-05   -324.11
   85.00     65.00    -11.26   -23.57   -11.01      0.2272      4.87 LEFT    8.0782E-05    -34.15  1.9596E-05   -323.59
   90.00     65.00   -999.99  -999.99  -999.99      0.0000      0.00         6.4778E-15   -219.74  1.1703E-15   -143.10
    0.00     70.00    -12.74    -3.96    -3.42      0.0000    -70.00 LINEAR  6.8182E-05   -152.68  1.8733E-04   -332.68
    5.00     70.00    -14.08    -4.01    -3.60      0.0809    -73.13 LEFT    5.8396E-05   -135.99  1.8614E-04   -332.34
   10.00     70.00    -14.75    -4.11    -3.75      0.1667    -76.39 LEFT    5.4074E-05   -115.13  1.8406E-04   -331.98
   15.00     70.00    -14.35    -4.25    -3.85      0.2574    -79.92 LEFT    5.6586E-05    -93.60  1.8108E-04   -331.60
   20.00     70.00    -13.13    -4.44    -3.89      0.3526    -83.98 LEFT    6.5162E-05    -75.72  1.7719E-04   -331.20
   25.00     70.00    -11.60    -4.68    -3.88      0.4506    -88.96 LEFT    7.7719E-05    -62.62  1.7235E-04   -330.78
   30.00     70.00    -10.10    -4.98    -3.81      0.5472     84.44 LEFT    9.2401E-05    -53.30  1.6649E-04   -330.34
   35.00     70.00     -8.75    -5.35    -3.71      0.6320     75.08 LEFT    1.0792E-04    -46.58  1.5957E-04   -329.88
   40.00     70.00     -7.58    -5.80    -3.59      0.6850     62.07 LEFT    1.2336E-04    -41.63  1.5151E-04   -329.40
   45.00     70.00     -6.62    -6.35    -3.47      0.6864     47.46 LEFT    1.3794E-04    -37.91  1.4226E-04   -328.91
   50.00     70.00     -5.84    -7.02    -3.38      0.6437     35.49 LEFT    1.5088E-04    -35.13  1.3173E-04   -328.40
   55.00     70.00     -5.25    -7.83    -3.34      0.5815     27.15 LEFT    1.6135E-04    -33.08  1.1988E-04   -327.88
   60.00     70.00     -4.88    -8.85    -3.42      0.5158     21.26 LEFT    1.6839E-04    -31.66  1.0667E-04   -327.35
   65.00     70.00     -4.76   -10.13    -3.65      0.4524     16.83 LEFT    1.7079E-04    -30.84  9.2083E-05   -326.81
   70.00     70.00     -4.96   -11.78    -4.14      0.3928     13.24 LEFT    1.6696E-04    -30.64  7.6128E-05   -326.28
   75.00     70.00     -5.63   -14.01    -5.04      0.3367     10.18 LEFT    1.5451E-04    -31.14  5.8847E-05   -325.75
   80.00     70.00     -7.17   -17.30    -6.76      0.2830      7.44 LEFT    1.2945E-04    -32.59  4.0317E-05   -325.23
   85.00     70.00    -10.92   -23.11   -10.67      0.2306      4.89 LEFT    8.3984E-05    -35.50  2.0652E-05   -324.73
   90.00     70.00   -999.99  -999.99  -999.99      0.0000      0.00         6.7335E-15   -221.12  1.2331E-15   -144.24
    0.00     75.00    -15.16    -3.72    -3.42      0.0000    -75.00 LINEAR  5.1596E-05   -152.68  1.9256E-04   -332.68
    5.00     75.00    -16.75    -3.76    -3.55      0.0825    -78.22 LEFT    4.2944E-05   -129.84  1.9153E-04   -332.42
   10.00     75.00    -16.83    -3.85    -3.64      0.1686    -81.58 LEFT    4.2533E-05   -102.00  1.8959E-04   -332.14
   15.00     75.00    -15.32    -3.98    -3.68      0.2579    -85.24 LEFT    5.0605E-05    -78.51  1.8674E-04   -331.85
   20.00     75.00    -13.29    -4.16    -3.66      0.3496    -89.45 LEFT    6.3974E-05    -62.91  1.8294E-04   -331.53
   25.00     75.00    -11.36    -4.39    -3.60      0.4413     85.41 LEFT    7.9861E-05    -52.92  1.7815E-04   -331.20
   30.00     75.00     -9.70    -4.68    -3.49      0.5285     78.78 LEFT    9.6735E-05    -46.25  1.7230E-04   -330.84
   35.00     75.00     -8.29    -5.04    -3.36      0.6015     69.89 LEFT    1.1370E-04    -41.56  1.6533E-04   -330.47
   40.00     75.00     -7.12    -5.48    -3.22      0.6456     58.50 LEFT    1.3008E-04    -38.15  1.5716E-04   -330.07
   45.00     75.00     -6.17    -6.02    -3.08      0.6488     46.19 LEFT    1.4524E-04    -35.62  1.4772E-04   -329.65
   50.00     75.00     -5.41    -6.68    -2.99      0.6163     35.57 LEFT    1.5852E-04    -33.76  1.3693E-04   -329.22
   55.00     75.00     -4.85    -7.49    -2.96      0.5646     27.56 LEFT    1.6911E-04    -32.44  1.2473E-04   -328.77
   60.00     75.00     -4.49    -8.50    -3.04      0.5065     21.64 LEFT    1.7609E-04    -31.60  1.1108E-04   -328.31
   65.00     75.00     -4.39    -9.77    -3.28      0.4482     17.08 LEFT    1.7825E-04    -31.23  9.5956E-05   -327.83
   70.00     75.00     -4.60   -11.41    -3.78      0.3916     13.39 LEFT    1.7396E-04    -31.38  7.9378E-05   -327.35
   75.00     75.00     -5.28   -13.65    -4.69      0.3371     10.25 LEFT    1.6078E-04    -32.14  6.1388E-05   -326.86
   80.00     75.00     -6.83   -16.93    -6.42      0.2842      7.45 LEFT    1.3458E-04    -33.77  4.2073E-05   -326.37
   85.00     75.00    -10.59   -22.74   -10.34      0.2318      4.88 LEFT    8.7260E-05    -36.79  2.1556E-05   -325.88
   90.00     75.00   -999.99  -999.99  -999.99      0.0000      0.00         6.9948E-15   -222.44  1.2872E-15   -145.40
    0.00     80.00    -18.62    -3.55    -3.42      0.0000    -80.00 LINEAR  3.4617E-05   -152.68  1.9632E-04   -332.68
    5.00     80.00    -20.40    -3.59    -3.50      0.0835    -83.29 LEFT    2.8209E-05   -116.59  1.9547E-04   -332.51
   10.00     80.00    -18.63    -3.67    -3.53      0.1692    -86.72 LEFT    3.4602E-05    -80.49  1.9370E-04   -332.31
   15.00     80.00    -15.60    -3.79    -3.51      0.2564     89.54 LEFT    4.9000E-05    -60.42  1.9100E-04   -332.10
   20.00     80.00    -12.98    -3.96    -3.44      0.3440     85.24 LEFT    6.6278E-05    -49.90  1.8732E-04   -331.87
   25.00     80.00    -10.87    -4.18    -3.34      0.4295     80.05 LEFT    8.4481E-05    -43.71  1.8262E-04   -331.62
   30.00     80.00     -9.17    -4.46    -3.19      0.5081     73.53 LEFT    1.0278E-04    -39.70  1.7682E-04   -331.35
   35.00     80.00     -7.78    -4.81    -3.03      0.5716     65.22 LEFT    1.2066E-04    -36.91  1.6985E-04   -331.06
   40.00     80.00     -6.64    -5.24    -2.87      0.6092     55.17 LEFT    1.3761E-04    -34.92  1.6162E-04   -330.74
   45.00     80.00     -5.71    -5.77    -2.73      0.6136     44.56 LEFT    1.5312E-04    -33.48  1.5206E-04   -330.41
   50.00     80.00     -4.98    -6.42    -2.63      0.5886     35.10 LEFT    1.6655E-04    -32.47  1.4108E-04   -330.05
   55.00     80.00     -4.44    -7.22    -2.60      0.5454     27.56 LEFT    1.7715E-04    -31.82  1.2861E-04   -329.67
   60.00     80.00     -4.11    -8.22    -2.69      0.4942     21.73 LEFT    1.8399E-04    -31.53  1.1462E-04   -329.27
   65.00     80.00     -4.03    -9.49    -2.94      0.4407     17.16 LEFT    1.8584E-04    -31.59  9.9080E-05   -328.85
   70.00     80.00     -4.25   -11.13    -3.44      0.3873     13.42 LEFT    1.8105E-04    -32.07  8.2004E-05   -328.42
   75.00     80.00     -4.95   -13.36    -4.36      0.3348     10.23 LEFT    1.6711E-04    -33.09  6.3446E-05   -327.97
   80.00     80.00     -6.50   -16.64    -6.10      0.2829      7.42 LEFT    1.3975E-04    -34.89  4.3496E-05   -327.51
   85.00     80.00    -10.27   -22.45   -10.01      0.2311      4.85 LEFT    9.0563E-05    -38.01  2.2289E-05   -327.04
   90.00     80.00   -999.99  -999.99  -999.99      0.0000      0.00         7.2582E-15   -223.70  1.3312E-15   -146.56
    0.00     85.00    -24.61    -3.45    -3.42      0.0000    -85.00 LINEAR  1.7375E-05   -152.68  1.9859E-04   -332.68
    5.00     85.00    -24.51    -3.48    -3.44      0.0838    -88.33 LEFT    1.7568E-05    -81.68  1.9793E-04   -332.59
   10.00     85.00    -18.87    -3.55    -3.42      0.1684     88.20 LEFT    3.3636E-05    -52.22  1.9634E-04   -332.48
   15.00     85.00    -14.99    -3.66    -3.35      0.2530     84.41 LEFT    5.2566E-05    -42.63  1.9381E-04   -332.35
   20.00     85.00    -12.26    -3.82    -3.24      0.3363     80.08 LEFT    7.1999E-05    -38.10  1.9028E-04   -332.21
   25.00     85.00    -10.19    -4.03    -3.09      0.4156     74.93 LEFT    9.1381E-05    -35.49  1.8569E-04   -332.04
   30.00     85.00     -8.55    -4.30    -2.92      0.4865     68.63 LEFT    1.1039E-04    -33.83  1.7998E-04   -331.86
   35.00     85.00     -7.22    -4.65    -2.73      0.5423     60.93 LEFT    1.2868E-04    -32.72  1.7305E-04   -331.65
   40.00     85.00     -6.13    -5.07    -2.56      0.5752     51.99 LEFT    1.4588E-04    -31.97  1.6482E-04   -331.42
   45.00     85.00     -5.25    -5.59    -2.40      0.5804     42.70 LEFT    1.6149E-04    -31.50  1.5520E-04   -331.16
   50.00     85.00     -4.55    -6.24    -2.30      0.5609     34.23 LEFT    1.7491E-04    -31.27  1.4410E-04   -330.88
   55.00     85.00     -4.05    -7.03    -2.28      0.5246     27.20 LEFT    1.8539E-04    -31.25  1.3146E-04   -330.57
   60.00     85.00     -3.74    -8.03    -2.37      0.4794     21.58 LEFT    1.9199E-04    -31.45  1.1723E-04   -330.23
   65.00     85.00     -3.68    -9.29    -2.62      0.4305     17.05 LEFT    1.9348E-04    -31.92  1.0139E-04   -329.87
   70.00     85.00     -3.92   -10.93    -3.13      0.3803     13.32 LEFT    1.8815E-04    -32.72  8.3950E-05   -329.49
   75.00     85.00     -4.63   -13.15    -4.06      0.3299     10.15 LEFT    1.7343E-04    -33.98  6.4973E-05   -329.08
   80.00     85.00     -6.19   -16.43    -5.80      0.2794      7.34 LEFT    1.4489E-04    -35.95  4.4554E-05   -328.64
   85.00     85.00     -9.96   -22.24    -9.71      0.2285      4.79 LEFT    9.3845E-05    -39.16  2.2834E-05   -328.19
   90.00     85.00   -999.99  -999.99  -999.99      0.0000      0.00         7.5198E-15   -224.88  1.3638E-15   -147.73
    0.00     90.00   -999.99    -3.42    -3.42      0.0000     90.00 LINEAR  1.0174E-15   -332.68  1.9935E-04   -332.68
    5.00     90.00    -23.28    -3.44    -3.39      0.0835     86.66 LEFT    2.0256E-05    -28.00  1.9889E-04   -332.68
   10.00     90.00    -17.26    -3.50    -3.32      0.1664     83.17 LEFT    4.0476E-05    -28.06  1.9750E-04   -332.65
   15.00     90.00    -13.76    -3.60    -3.20      0.2480     79.38 LEFT    6.0604E-05    -28.17  1.9514E-04   -332.61
   20.00     90.00    -11.29    -3.75    -3.05      0.3267     75.07 LEFT    8.0554E-05    -28.31  1.9177E-04   -332.55
   25.00     90.00     -9.39    -3.96    -2.86      0.4001     70.03 LEFT    1.0019E-04    -28.49  1.8733E-04   -332.47
   30.00     90.00     -7.88    -4.22    -2.66      0.4642     64.02 LEFT    1.1930E-04    -28.72  1.8172E-04   -332.37
   35.00     90.00     -6.64    -4.55    -2.46      0.5137     56.90 LEFT    1.3762E-04    -29.00  1.7488E-04   -332.24
   40.00     90.00     -5.62    -4.97    -2.27      0.5428     48.91 LEFT    1.5477E-04    -29.32  1.6669E-04   -332.09
   45.00     90.00     -4.79    -5.49    -2.11      0.5486     40.69 LEFT    1.7026E-04    -29.71  1.5707E-04   -331.91
   50.00     90.00     -4.14    -6.13    -2.01      0.5332     33.08 LEFT    1.8351E-04    -30.16  1.4593E-04   -331.70
   55.00     90.00     -3.66    -6.92    -1.98      0.5025     26.57 LEFT    1.9374E-04    -30.71  1.3320E-04   -331.46
   60.00     90.00     -3.39    -7.91    -2.07      0.4625     21.20 LEFT    2.0001E-04    -31.38  1.1884E-04   -331.19
   65.00     90.00     -3.34    -9.17    -2.33      0.4178     16.80 LEFT    2.0107E-04    -32.23  1.0282E-04   -330.89
   70.00     90.00     -3.60   -10.80    -2.84      0.3708     13.13 LEFT    1.9516E-04    -33.32  8.5166E-05   -330.55
   75.00     90.00     -4.32   -13.03    -3.77      0.3227      9.99 LEFT    1.7964E-04    -34.80  6.5931E-05   -330.17
   80.00     90.00     -5.89   -16.30    -5.51      0.2739      7.22 LEFT    1.4994E-04    -36.94  4.5219E-05   -329.77
   85.00     90.00     -9.67   -22.11    -9.43      0.2242      4.70 LEFT    9.7058E-05    -40.24  2.3178E-05   -329.33
   90.00     90.00   -999.99  -999.99  -999.99      0.0000      0.00         7.7757E-15   -226.00  1.3844E-15   -148.88
    0.00     95.00    -24.61    -3.45    -3.42      0.0000     85.00 LINEAR  1.7375E-05   -332.68  1.9859E-04   -332.68
    5.00     95.00    -18.95    -3.46    -3.34      0.0825     81.67 LEFT    3.3323E-05   -362.87  1.9833E-04   -332.76
   10.00     95.00    -15.05    -3.51    -3.22      0.1632     78.20 LEFT    5.2227E-05    -12.78  1.9713E-04   -332.82
   15.00     95.00    -12.30    -3.61    -3.06      0.2413     74.44 LEFT    7.1687E-05    -17.62  1.9497E-04   -332.86
   20.00     95.00    -10.21    -3.75    -2.87      0.3154     70.21 LEFT    9.1188E-05    -20.59  1.9177E-04   -332.89
   25.00     95.00     -8.54    -3.95    -2.66      0.3832     65.33 LEFT    1.1047E-04    -22.71  1.8748E-04   -332.89
   30.00     95.00     -7.18    -4.21    -2.43      0.4414     59.63 LEFT    1.2927E-04    -24.36  1.8202E-04   -332.87
   35.00     95.00     -6.05    -4.53    -2.21      0.4856     53.09 LEFT    1.4728E-04    -25.75  1.7528E-04   -332.83
   40.00     95.00     -5.10    -4.94    -2.01      0.5117     45.90 LEFT    1.6413E-04    -26.97  1.6718E-04   -332.76
   45.00     95.00     -4.34    -5.46    -1.85      0.5178     38.58 LEFT    1.7932E-04    -28.09  1.5762E-04   -332.66
   50.00     95.00     -3.73    -6.09    -1.74      0.5056     31.72 LEFT    1.9224E-04    -29.16  1.4651E-04   -332.52
   55.00     95.00     -3.30    -6.88    -1.72      0.4793     25.71 LEFT    2.0211E-04    -30.22  1.3379E-04   -332.35
   60.00     95.00     -3.05    -7.87    -1.81      0.4439     20.64 LEFT    2.0797E-04    -31.32  1.1941E-04   -332.14
   65.00     95.00     -3.03    -9.12    -2.07      0.4030     16.40 LEFT    2.0853E-04    -32.51  1.0334E-04   -331.89
   70.00     95.00     -3.30   -10.76    -2.58      0.3591     12.83 LEFT    2.0201E-04    -33.88  8.5618E-05   -331.59
   75.00     95.00     -4.03   -12.98    -3.51      0.3134      9.76 LEFT    1.8567E-04    -35.58  6.6293E-05   -331.26
   80.00     95.00     -5.61   -16.25    -5.25      0.2665      7.06 LEFT    1.5482E-04    -37.86  4.5472E-05   -330.88
   85.00     95.00     -9.40   -22.06    -9.17      0.2184      4.60 LEFT    1.0016E-04    -41.26  2.3309E-05   -330.46
   90.00     95.00   -999.99  -999.99  -999.99      0.0000      0.00         8.0225E-15   -227.04  1.3921E-15   -150.00
    0.00    100.00    -18.62    -3.55    -3.42      0.0000     80.00 LINEAR  3.4617E-05   -332.68  1.9632E-04   -332.68
    5.00    100.00    -15.61    -3.55    -3.29      0.0810     76.71 LEFT    4.8992E-05   -352.86  1.9626E-04   -332.84
   10.00    100.00    -12.98    -3.60    -3.12      0.1590     73.29 LEFT    6.6267E-05   -363.62  1.9525E-04   -332.99
   15.00    100.00    -10.86    -3.69    -2.92      0.2333     69.59 LEFT    8.4577E-05    -10.16  1.9328E-04   -333.11
   20.00    100.00     -9.13    -3.82    -2.70      0.3027     65.47 LEFT    1.0322E-04    -14.65  1.9026E-04   -333.22
   25.00    100.00     -7.70    -4.01    -2.46      0.3652     60.79 LEFT    1.2180E-04    -18.01  1.8614E-04   -333.31
   30.00    100.00     -6.49    -4.26    -2.22      0.4180     55.45 LEFT    1.4000E-04    -20.69  1.8083E-04   -333.37
   35.00    100.00     -5.46    -4.59    -1.99      0.4578     49.44 LEFT    1.5748E-04    -22.94  1.7424E-04   -333.41
   40.00    100.00     -4.61    -4.99    -1.78      0.4814     42.96 LEFT    1.7384E-04    -24.89  1.6627E-04   -333.41
   45.00    100.00     -3.90    -5.50    -1.62      0.4876     36.40 LEFT    1.8855E-04    -26.64  1.5683E-04   -333.39
   50.00    100.00     -3.34    -6.13    -1.51      0.4779     30.20 LEFT    2.0100E-04    -28.25  1.4583E-04   -333.32
   55.00    100.00     -2.95    -6.92    -1.48      0.4553     24.67 LEFT    2.1040E-04    -29.77  1.3320E-04   -333.22
   60.00    100.00     -2.73    -7.90    -1.58      0.4237     19.92 LEFT    2.1576E-04    -31.26  1.1891E-04   -333.07
   65.00    100.00     -2.73    -9.16    -1.84      0.3864     15.89 LEFT    2.1577E-04    -32.77  1.0293E-04   -332.87
   70.00    100.00     -3.02   -10.79    -2.35      0.3455     12.45 LEFT    2.0860E-04    -34.40  8.5285E-05   -332.62
   75.00    100.00     -3.77   -13.01    -3.28      0.3024      9.48 LEFT    1.9144E-04    -36.30  6.6041E-05   -332.32
   80.00    100.00     -5.36   -16.29    -5.02      0.2576      6.85 LEFT    1.5946E-04    -38.72  4.5302E-05   -331.97
   85.00    100.00     -9.14   -22.09    -8.93      0.2113      4.47 LEFT    1.0310E-04    -42.21  2.3223E-05   -331.57
   90.00    100.00   -999.99  -999.99  -999.99      0.0000      0.00         8.2569E-15   -228.02  1.3872E-15   -151.12
    0.00    105.00    -15.16    -3.72    -3.42      0.0000     75.00 LINEAR  5.1596E-05   -332.68  1.9256E-04   -332.68
    5.00    105.00    -13.12    -3.71    -3.24      0.0788     71.77 LEFT    6.5215E-05   -347.88  1.9268E-04   -332.93
   10.00    105.00    -11.21    -3.75    -3.03      0.1537     68.42 LEFT    8.1256E-05   -357.87  1.9186E-04   -333.15
   15.00    105.00     -9.55    -3.83    -2.80      0.2240     64.82 LEFT    9.8433E-05   -364.86  1.9007E-04   -333.36
   20.00    105.00     -8.11    -3.96    -2.55      0.2888     60.85 LEFT    1.1609E-04    -10.08  1.8724E-04   -333.55
   25.00    105.00     -6.88    -4.15    -2.29      0.3463     56.41 LEFT    1.3381E-04    -14.21  1.8330E-04   -333.72
   30.00    105.00     -5.82    -4.39    -2.04      0.3943     51.42 LEFT    1.5124E-04    -17.62  1.7817E-04   -333.86
   35.00    105.00     -4.90    -4.71    -1.79      0.4301     45.91 LEFT    1.6802E-04    -20.54  1.7175E-04   -333.97
   40.00    105.00     -4.13    -5.11    -1.58      0.4516     40.06 LEFT    1.8373E-04    -23.09  1.6395E-04   -334.06
   45.00    105.00     -3.48    -5.62    -1.41      0.4579     34.17 LEFT    1.9783E-04    -25.37  1.5468E-04   -334.10
   50.00    105.00     -2.98    -6.25    -1.30      0.4500     28.57 LEFT    2.0970E-04    -27.45  1.4386E-04   -334.11
   55.00    105.00     -2.62    -7.04    -1.28      0.4304     23.50 LEFT    2.1852E-04    -29.37  1.3142E-04   -334.06
   60.00    105.00     -2.43    -8.02    -1.37      0.4023     19.08 LEFT    2.2330E-04    -31.21  1.1733E-04   -333.97
   65.00    105.00     -2.45    -9.27    -1.63      0.3682     15.27 LEFT    2.2271E-04    -33.02  1.0157E-04   -333.83
   70.00    105.00     -2.77   -10.91    -2.15      0.3303     11.99 LEFT    2.1486E-04    -34.89  8.4161E-05   -333.62
   75.00    105.00     -3.52   -13.13    -3.07      0.2897      9.14 LEFT    1.9689E-04    -36.97  6.5171E-05   -333.36
   80.00    105.00     -5.12   -16.40    -4.81      0.2471      6.62 LEFT    1.6383E-04    -39.53  4.4706E-05   -333.03
   85.00    105.00     -8.91   -22.21    -8.72      0.2029      4.32 LEFT    1.0586E-04    -43.09  2.2917E-05   -332.64
   90.00    105.00   -999.99  -999.99  -999.99      0.0000      0.00         8.4760E-15   -228.92  1.3689E-15   -152.20
    0.00    110.00    -12.74    -3.96    -3.42      0.0000     70.00 LINEAR  6.8182E-05   -332.68  1.8733E-04   -332.68
    5.00    110.00    -11.20    -3.94    -3.19      0.0761     66.86 LEFT    8.1389E-05   -344.98  1.8762E-04   -333.01
   10.00    110.00     -9.72    -3.97    -2.95      0.1475     63.61 LEFT    9.6526E-05   -354.05  1.8698E-04   -333.31
   15.00    110.00     -8.37    -4.05    -2.68      0.2136     60.14 LEFT    1.1271E-04   -361.00  1.8537E-04   -333.60
   20.00    110.00     -7.17    -4.17    -2.41      0.2738     56.35 LEFT    1.2939E-04     -6.56  1.8272E-04   -333.87
   25.00    110.00     -6.11    -4.35    -2.13      0.3266     52.16 LEFT    1.4618E-04    -11.15  1.7897E-04   -334.11
   30.00    110.00     -5.18    -4.60    -1.87      0.3702     47.53 LEFT    1.6275E-04    -15.07  1.7403E-04   -334.33
   35.00    110.00     -4.37    -4.91    -1.62      0.4026     42.50 LEFT    1.7872E-04    -18.49  1.6781E-04   -334.52
   40.00    110.00     -3.67    -5.31    -1.40      0.4222     37.21 LEFT    1.9366E-04    -21.52  1.6022E-04   -334.68
   45.00    110.00     -3.09    -5.82    -1.23      0.4283     31.91 LEFT    2.0704E-04    -24.25  1.5118E-04   -334.79
   50.00    110.00     -2.63    -6.45    -1.12      0.4219     26.85 LEFT    2.1822E-04    -26.73  1.4062E-04   -334.87
   55.00    110.00     -2.31    -7.23    -1.10      0.4049     22.22 LEFT    2.2639E-04    -29.02  1.2846E-04   -334.89
   60.00    110.00     -2.15    -8.22    -1.19      0.3797     18.12 LEFT    2.3053E-04    -31.17  1.1468E-04   -334.85
   65.00    110.00     -2.20    -9.47    -1.46      0.3487     14.56 LEFT    2.2928E-04    -33.25  9.9273E-05   -334.75
   70.00    110.00     -2.53   -11.11    -1.97      0.3135     11.46 LEFT    2.2073E-04    -35.34  8.2254E-05   -334.59
   75.00    110.00     -3.30   -13.33    -2.89      0.2755      8.75 LEFT    2.0196E-04    -37.59  6.3690E-05   -334.36
   80.00    110.00     -4.91   -16.60    -4.62      0.2354      6.35 LEFT    1.6787E-04    -40.27  4.3688E-05   -334.06
   85.00    110.00     -8.71   -22.41    -8.53      0.1934      4.16 LEFT    1.0840E-04    -43.91  2.2395E-05   -333.69
   90.00    110.00   -999.99  -999.99  -999.99      0.0000      0.00         8.6777E-15   -229.77  1.3374E-15   -153.25
    0.00    115.00    -10.90    -4.27    -3.42      0.0000     65.00 LINEAR  8.4249E-05   -332.68  1.8067E-04   -332.68
    5.00    115.00     -9.65    -4.25    -3.15      0.0729     61.98 LEFT    9.7226E-05   -343.11  1.8111E-04   -333.09
   10.00    115.00     -8.45    -4.27    -2.87      0.1404     58.85 LEFT    1.1169E-04   -351.40  1.8064E-04   -333.47
   15.00    115.00     -7.33    -4.34    -2.57      0.2022     55.53 LEFT    1.2702E-04   -358.15  1.7919E-04   -333.83
   20.00    115.00     -6.32    -4.46    -2.28      0.2578     51.95 LEFT    1.4278E-04   -363.82  1.7673E-04   -334.18
   25.00    115.00     -5.40    -4.64    -1.99      0.3061     48.03 LEFT    1.5865E-04     -8.69  1.7317E-04   -334.50
   30.00    115.00     -4.58    -4.88    -1.72      0.3457     43.75 LEFT    1.7431E-04    -12.96  1.6844E-04   -334.79
   35.00    115.00     -3.86    -5.19    -1.47      0.3750     39.17 LEFT    1.8939E-04    -16.76  1.6245E-04   -335.05
   40.00    115.00     -3.24    -5.60    -1.25      0.3929     34.40 LEFT    2.0349E-04    -20.18  1.5512E-04   -335.28
   45.00    115.00     -2.72    -6.10    -1.08      0.3988     29.63 LEFT    2.1607E-04    -23.28  1.4637E-04   -335.46
   50.00    115.00     -2.31    -6.73    -0.97      0.3935     25.06 LEFT    2.2648E-04    -26.11  1.3613E-04   -335.60
   55.00    115.00     -2.03    -7.52    -0.95      0.3786     20.85 LEFT    2.3393E-04    -28.72  1.2435E-04   -335.68
   60.00    115.00     -1.90    -8.50    -1.04      0.3561     17.09 LEFT    2.3737E-04    -31.15  1.1100E-04   -335.70
   65.00    115.00     -1.97    -9.76    -1.30      0.3279     13.77 LEFT    2.3543E-04    -33.47  9.6070E-05   -335.65
   70.00    115.00     -2.32   -11.39    -1.81      0.2955     10.87 LEFT    2.2617E-04    -35.76  7.9588E-05   -335.53
   75.00    115.00     -3.11   -13.61    -2.74      0.2602      8.32 LEFT    2.0661E-04    -38.17  6.1618E-05   -335.33
   80.00    115.00     -4.72   -16.89    -4.47      0.2225      6.04 LEFT    1.7155E-04    -40.96  4.2262E-05   -335.05
   85.00    115.00     -8.53   -22.69    -8.36      0.1830      3.97 LEFT    1.1071E-04    -44.67  2.1662E-05   -334.70
   90.00    115.00   -999.99  -999.99  -999.99      0.0000      0.00         8.8606E-15   -230.55  1.2939E-15   -154.26
    0.00    120.00     -9.44    -4.67    -3.42      0.0000     60.00 LINEAR  9.9675E-05   -332.68  1.7264E-04   -332.68
    5.00    120.00     -8.38    -4.64    -3.11      0.0693     57.11 LEFT    1.1253E-04   -341.84  1.7321E-04   -333.16
   10.00    120.00     -7.37    -4.65    -2.79      0.1325     54.13 LEFT    1.2648E-04   -349.48  1.7287E-04   -333.62
   15.00    120.00     -6.42    -4.72    -2.48      0.1899     51.00 LEFT    1.4108E-04   -355.99  1.7159E-04   -334.05
   20.00    120.00     -5.55    -4.84    -2.17      0.2410     47.63 LEFT    1.5601E-04   -361.67  1.6931E-04   -334.47
   25.00    120.00     -4.75    -5.01    -1.87      0.2850     43.99 LEFT    1.7098E-04     -6.70  1.6595E-04   -334.86
   30.00    120.00     -4.03    -5.25    -1.59      0.3209     40.08 LEFT    1.8571E-04    -11.21  1.6144E-04   -335.22
   35.00    120.00     -3.39    -5.56    -1.33      0.3474     35.92 LEFT    1.9988E-04    -15.30  1.5572E-04   -335.56
   40.00    120.00     -2.84    -5.96    -1.12      0.3636     31.62 LEFT    2.1308E-04    -19.03  1.4869E-04   -335.85
   45.00    120.00     -2.37    -6.47    -0.94      0.3692     27.34 LEFT    2.2479E-04    -22.44  1.4028E-04   -336.10
   50.00    120.00     -2.01    -7.10    -0.84      0.3649     23.23 LEFT    2.3439E-04    -25.57  1.3045E-04   -336.30
   55.00    120.00     -1.77    -7.89    -0.82      0.3518     19.42 LEFT    2.4106E-04    -28.45  1.1914E-04   -336.44
   60.00    120.00     -1.67    -8.88    -0.91      0.3317     15.97 LEFT    2.4376E-04    -31.14  1.0632E-04   -336.51
   65.00    120.00     -1.76   -10.13    -1.17      0.3061     12.92 LEFT    2.4111E-04    -33.68  9.1998E-05   -336.51
   70.00    120.00     -2.13   -11.77    -1.68      0.2764     10.22 LEFT    2.3114E-04    -36.15  7.6198E-05   -336.42
   75.00    120.00     -2.93   -13.99    -2.60      0.2437      7.84 LEFT    2.1082E-04    -38.71  5.8982E-05   -336.26
   80.00    120.00     -4.56   -17.27    -4.33      0.2087      5.71 LEFT    1.7486E-04    -41.61  4.0448E-05   -336.00
   85.00    120.00     -8.36   -23.08    -8.22      0.1717      3.76 LEFT    1.1277E-04    -45.37  2.0731E-05   -335.66
   90.00    120.00   -999.99  -999.99  -999.99      0.0000      0.00         9.0237E-15   -231.28  1.2380E-15   -155.23
    0.00    125.00     -8.24    -5.15    -3.42      0.0000     55.00 LINEAR  1.1434E-04   -332.68  1.6330E-04   -332.68
    5.00    125.00     -7.32    -5.11    -3.07      0.0651     52.27 LEFT    1.2715E-04   -340.93  1.6396E-04   -333.23
   10.00    125.00     -6.44    -5.13    -2.72      0.1239     49.46 LEFT    1.4071E-04   -348.05  1.6375E-04   -333.76
   15.00    125.00     -5.62    -5.19    -2.39      0.1768     46.52 LEFT    1.5469E-04   -354.34  1.6262E-04   -334.26
   20.00    125.00     -4.86    -5.30    -2.06      0.2234     43.40 LEFT    1.6885E-04   -359.97  1.6051E-04   -334.75
   25.00    125.00     -4.16    -5.47    -1.76      0.2633     40.05 LEFT    1.8296E-04   -365.08  1.5736E-04   -335.21
   30.00    125.00     -3.53    -5.71    -1.47      0.2957     36.48 LEFT    1.9678E-04     -9.77  1.5311E-04   -335.64
   35.00    125.00     -2.96    -6.02    -1.22      0.3195     32.73 LEFT    2.1003E-04    -14.08  1.4767E-04   -336.04
   40.00    125.00     -2.47    -6.43    -1.00      0.3342     28.88 LEFT    2.2230E-04    -18.05  1.4099E-04   -336.39
   45.00    125.00     -2.06    -6.93    -0.83      0.3395     25.05 LEFT    2.3313E-04    -21.72  1.3299E-04   -336.70
   50.00    125.00     -1.74    -7.57    -0.73      0.3359     21.36 LEFT    2.4187E-04    -25.10  1.2364E-04   -336.96
   55.00    125.00     -1.53    -8.36    -0.71      0.3245     17.93 LEFT    2.4773E-04    -28.23  1.1288E-04   -337.15
   60.00    125.00     -1.46    -9.35    -0.81      0.3065     14.80 LEFT    2.4967E-04    -31.14  1.0071E-04   -337.28
   65.00    125.00     -1.58   -10.61    -1.07      0.2834     12.01 LEFT    2.4629E-04    -33.87  8.7113E-05   -337.32
   70.00    125.00     -1.96   -12.25    -1.58      0.2563      9.53 LEFT    2.3562E-04    -36.52  7.2132E-05   -337.27
   75.00    125.00     -2.78   -14.47    -2.49      0.2263      7.33 LEFT    2.1457E-04    -39.20  5.5821E-05   -337.14
   80.00    125.00     -4.41   -17.75    -4.21      0.1939      5.34 LEFT    1.7778E-04    -42.20  3.8274E-05   -336.91
   85.00    125.00     -8.23   -23.56    -8.10      0.1597      3.53 LEFT    1.1458E-04    -46.02  1.9614E-05   -336.58
   90.00    125.00   -999.99  -999.99  -999.99      0.0000      0.00         9.1669E-15   -231.94  1.1714E-15   -156.15
    0.00    130.00     -7.26    -5.73    -3.42      0.0000     50.00 LINEAR  1.2814E-04   -332.68  1.5271E-04   -332.68
    5.00    130.00     -6.43    -5.69    -3.03      0.0605     47.45 LEFT    1.4095E-04   -340.25  1.5344E-04   -333.30
   10.00    130.00     -5.65    -5.70    -2.66      0.1147     44.83 LEFT    1.5421E-04   -346.98  1.5334E-04   -333.89
   15.00    130.00     -4.92    -5.75    -2.31      0.1629     42.11 LEFT    1.6765E-04   -353.05  1.5234E-04   -334.46
   20.00    130.00     -4.25    -5.86    -1.97      0.2052     39.24 LEFT    1.8112E-04   -358.62  1.5041E-04   -335.01
   25.00    130.00     -3.63    -6.03    -1.66      0.2411     36.19 LEFT    1.9442E-04   -363.78  1.4748E-04   -335.53
   30.00    130.00     -3.07    -6.27    -1.37      0.2701     32.96 LEFT    2.0737E-04     -8.58  1.4349E-04   -336.03
   35.00    130.00     -2.57    -6.59    -1.12      0.2915     29.60 LEFT    2.1970E-04    -13.05  1.3838E-04   -336.49
   40.00    130.00     -2.13    -6.99    -0.91      0.3047     26.16 LEFT    2.3106E-04    -17.22  1.3209E-04   -336.90
   45.00    130.00     -1.77    -7.50    -0.74      0.3096     22.75 LEFT    2.4097E-04    -21.11  1.2457E-04   -337.27
   50.00    130.00     -1.49    -8.14    -0.64      0.3066     19.47 LEFT    2.4885E-04    -24.71  1.1577E-04   -337.58
   55.00    130.00     -1.32    -8.93    -0.62      0.2966     16.39 LEFT    2.5388E-04    -28.05  1.0566E-04   -337.83
   60.00    130.00     -1.28    -9.93    -0.72      0.2806     13.58 LEFT    2.5505E-04    -31.15  9.4227E-05   -338.00
   65.00    130.00     -1.42   -11.19    -0.98      0.2599     11.05 LEFT    2.5096E-04    -34.06  8.1478E-05   -338.08
   70.00    130.00     -1.82   -12.83    -1.49      0.2354      8.79 LEFT    2.3960E-04    -36.85  6.7443E-05   -338.07
   75.00    130.00     -2.65   -15.06    -2.40      0.2081      6.77 LEFT    2.1786E-04    -39.66  5.2179E-05   -337.96
   80.00    130.00     -4.29   -18.34    -4.12      0.1785      4.95 LEFT    1.8032E-04    -42.74  3.5769E-05   -337.75
   85.00    130.00     -8.11   -24.15    -8.00      0.1470      3.28 LEFT    1.1615E-04    -46.62  1.8328E-05   -337.44
   90.00    130.00   -999.99  -999.99  -999.99      0.0000      0.00         9.2903E-15   -232.56  1.0944E-15   -157.01
    0.00    135.00     -6.43    -6.43    -3.42      0.0000     45.00 LINEAR  1.4096E-04   -332.68  1.4096E-04   -332.68
    5.00    135.00     -5.67    -6.38    -3.00      0.0556     42.64 LEFT    1.5381E-04   -339.75  1.4173E-04   -333.36
   10.00    135.00     -4.96    -6.38    -2.60      0.1048     40.24 LEFT    1.6683E-04   -346.15  1.4171E-04   -334.01
   15.00    135.00     -4.31    -6.43    -2.23      0.1484     37.75 LEFT    1.7982E-04   -352.05  1.4084E-04   -334.65
   20.00    135.00     -3.71    -6.54    -1.89      0.1863     35.14 LEFT    1.9266E-04   -357.55  1.3909E-04   -335.25
   25.00    135.00     -3.16    -6.71    -1.58      0.2184     32.39 LEFT    2.0522E-04   -362.72  1.3639E-04   -335.83
   30.00    135.00     -2.67    -6.95    -1.29      0.2442     29.51 LEFT    2.1733E-04     -7.60  1.3269E-04   -336.39
   35.00    135.00     -2.22    -7.27    -1.04      0.2632     26.51 LEFT    2.2878E-04    -12.20  1.2795E-04   -336.90
   40.00    135.00     -1.83    -7.67    -0.83      0.2750     23.47 LEFT    2.3923E-04    -16.53  1.2210E-04   -337.38
   45.00    135.00     -1.51    -8.19    -0.67      0.2795     20.46 LEFT    2.4826E-04    -20.59  1.1510E-04   -337.80
   50.00    135.00     -1.27    -8.83    -0.57      0.2770     17.56 LEFT    2.5526E-04    -24.38  1.0693E-04   -338.16
   55.00    135.00     -1.13    -9.62    -0.55      0.2683     14.83 LEFT    2.5949E-04    -27.90  9.7552E-05   -338.45
   60.00    135.00     -1.11   -10.62    -0.65      0.2542     12.32 LEFT    2.5989E-04    -31.17  8.6960E-05   -338.67
   65.00    135.00     -1.27   -11.89    -0.91      0.2357     10.05 LEFT    2.5510E-04    -34.24  7.5164E-05   -338.79
   70.00    135.00     -1.69   -13.53    -1.42      0.2138      8.02 LEFT    2.4308E-04    -37.16  6.2194E-05   -338.81
   75.00    135.00     -2.53   -15.77    -2.33      0.1891      6.19 LEFT    2.2071E-04    -40.08  4.8103E-05   -338.73
   80.00    135.00     -4.18   -19.05    -4.04      0.1623      4.54 LEFT    1.8249E-04    -43.23  3.2967E-05   -338.54
   85.00    135.00     -8.01   -24.86    -7.92      0.1338      3.01 LEFT    1.1748E-04    -47.16  1.6890E-05   -338.24
   90.00    135.00   -999.99  -999.99  -999.99      0.0000      0.00         9.3950E-15   -233.12  1.0086E-15   -157.82
    0.00    140.00     -5.73    -7.26    -3.42      0.0000     40.00 LINEAR  1.5271E-04   -332.68  1.2814E-04   -332.68
    5.00    140.00     -5.03    -7.20    -2.97      0.0503     37.86 LEFT    1.6562E-04   -339.36  1.2892E-04   -333.42
   10.00    140.00     -4.38    -7.20    -2.55      0.0945     35.68 LEFT    1.7845E-04   -345.50  1.2896E-04   -334.13
   15.00    140.00     -3.79    -7.25    -2.17      0.1333     33.44 LEFT    1.9105E-04   -351.25  1.2821E-04   -334.81
   20.00    140.00     -3.24    -7.36    -1.82      0.1669     31.10 LEFT    2.0333E-04   -356.69  1.2663E-04   -335.47
   25.00    140.00     -2.75    -7.53    -1.50      0.1953     28.65 LEFT    2.1521E-04   -361.86  1.2418E-04   -336.11
   30.00    140.00     -2.31    -7.77    -1.22      0.2180     26.10 LEFT    2.2655E-04     -6.80  1.2080E-04   -336.71
   35.00    140.00     -1.91    -8.09    -0.97      0.2347     23.47 LEFT    2.3716E-04    -11.50  1.1645E-04   -337.28
   40.00    140.00     -1.56    -8.49    -0.76      0.2451     20.81 LEFT    2.4675E-04    -15.95  1.1110E-04   -337.81
   45.00    140.00     -1.28    -9.01    -0.60      0.2492     18.17 LEFT    2.5491E-04    -20.16  1.0469E-04   -338.28
   50.00    140.00     -1.07    -9.65    -0.51      0.2471     15.63 LEFT    2.6108E-04    -24.10  9.7217E-05   -338.69
   55.00    140.00     -0.96   -10.46    -0.50      0.2395     13.23 LEFT    2.6451E-04    -27.78  8.8650E-05   -339.03
   60.00    140.00     -0.97   -11.46    -0.60      0.2272     11.02 LEFT    2.6419E-04    -31.20  7.8990E-05   -339.28
   65.00    140.00     -1.15   -12.73    -0.86      0.2109      9.02 LEFT    2.5872E-04    -34.40  6.8246E-05   -339.44
   70.00    140.00     -1.59   -14.38    -1.36      0.1915      7.21 LEFT    2.4609E-04    -37.45  5.6449E-05   -339.50
   75.00    140.00     -2.44   -16.61    -2.27      0.1695      5.58 LEFT    2.2313E-04    -40.46  4.3646E-05   -339.44
   80.00    140.00     -4.10   -19.89    -3.98      0.1456      4.10 LEFT    1.8432E-04    -43.68  2.9905E-05   -339.27
   85.00    140.00     -7.93   -25.70    -7.86      0.1201      2.73 LEFT    1.1859E-04    -47.65  1.5319E-05   -338.97
   90.00    140.00   -999.99  -999.99  -999.99      0.0000      0.00         9.4820E-15   -233.62  9.1486E-16   -158.56
    0.00    145.00     -5.15    -8.24    -3.42      0.0000     35.00 LINEAR  1.6330E-04   -332.68  1.1434E-04   -332.68
    5.00    145.00     -4.48    -8.19    -2.94      0.0447     33.09 LEFT    1.7628E-04   -339.06  1.1510E-04   -333.47
   10.00    145.00     -3.88    -8.18    -2.51      0.0837     31.16 LEFT    1.8896E-04   -345.00  1.1518E-04   -334.23
   15.00    145.00     -3.33    -8.23    -2.12      0.1177     29.17 LEFT    2.0123E-04   -350.63  1.1454E-04   -334.96
   20.00    145.00     -2.84    -8.34    -1.76      0.1470     27.11 LEFT    2.1302E-04   -356.01  1.1314E-04   -335.67
   25.00    145.00     -2.39    -8.51    -1.44      0.1717     24.97 LEFT    2.2428E-04   -361.17  1.1095E-04   -336.36
   30.00    145.00     -1.99    -8.75    -1.16      0.1915     22.74 LEFT    2.3491E-04     -6.15  1.0792E-04   -337.01
   35.00    145.00     -1.63    -9.07    -0.91      0.2060     20.46 LEFT    2.4474E-04    -10.92  1.0401E-04   -337.63
   40.00    145.00     -1.33    -9.48    -0.71      0.2150     18.16 LEFT    2.5352E-04    -15.48  9.9192E-05   -338.20
   45.00    145.00     -1.08   -10.00    -0.56      0.2186     15.89 LEFT    2.6088E-04    -19.80  9.3438E-05   -338.72
   50.00    145.00     -0.90   -10.65    -0.46      0.2169     13.69 LEFT    2.6626E-04    -23.88  8.6728E-05   -339.17
   55.00    145.00     -0.82   -11.45    -0.46      0.2104     11.62 LEFT    2.6895E-04    -27.69  7.9049E-05   -339.55
   60.00    145.00     -0.85   -12.46    -0.56      0.1998      9.70 LEFT    2.6793E-04    -31.24  7.0403E-05   -339.84
   65.00    145.00     -1.05   -13.73    -0.82      0.1856      7.95 LEFT    2.6183E-04    -34.56  6.0801E-05   -340.03
   70.00    145.00     -1.50   -15.38    -1.32      0.1687      6.37 LEFT    2.4864E-04    -37.70  5.0272E-05   -340.11
   75.00    145.00     -2.36   -17.62    -2.23      0.1494      4.94 LEFT    2.2516E-04    -40.79  3.8857E-05   -340.08
   80.00    145.00     -4.03   -20.91    -3.94      0.1284      3.63 LEFT    1.8583E-04    -44.08  2.6618E-05   -339.92
   85.00    145.00     -7.86   -26.72    -7.81      0.1059      2.43 LEFT    1.1950E-04    -48.09  1.3633E-05   -339.64
   90.00    145.00   -999.99  -999.99  -999.99      0.0000      0.00         9.5532E-15   -234.07  8.1403E-16   -159.23
    0.00    150.00     -4.67    -9.44    -3.42      0.0000     30.00 LINEAR  1.7264E-04   -332.68  9.9675E-05   -332.68
    5.00    150.00     -4.03    -9.38    -2.92      0.0388     28.34 LEFT    1.8571E-04   -338.83  1.0038E-04   -333.51
   10.00    150.00     -3.46    -9.37    -2.47      0.0724     26.65 LEFT    1.9827E-04   -344.61  1.0049E-04   -334.32
   15.00    150.00     -2.95    -9.41    -2.07      0.1017     24.93 LEFT    2.1025E-04   -350.14  9.9950E-05   -335.10
   20.00    150.00     -2.50    -9.52    -1.71      0.1268     23.16 LEFT    2.2162E-04   -355.46  9.8739E-05   -335.85
   25.00    150.00     -2.09    -9.69    -1.39      0.1478     21.32 LEFT    2.3233E-04   -360.62  9.6819E-05   -336.58
   30.00    150.00     -1.72    -9.93    -1.11      0.1647     19.43 LEFT    2.4232E-04   -365.62  9.4158E-05   -337.27
   35.00    150.00     -1.40   -10.25    -0.87      0.1770     17.49 LEFT    2.5145E-04    -10.45  9.0725E-05   -337.93
   40.00    150.00     -1.13   -10.67    -0.67      0.1847     15.53 LEFT    2.5950E-04    -15.09  8.6495E-05   -338.54
   45.00    150.00     -0.91   -11.19    -0.52      0.1878     13.61 LEFT    2.6611E-04    -19.51  8.1446E-05   -339.10
   50.00    150.00     -0.76   -11.84    -0.43      0.1864     11.75 LEFT    2.7078E-04    -23.69  7.5564E-05   -339.59
   55.00    150.00     -0.69   -12.65    -0.42      0.1810      9.99 LEFT    2.7278E-04    -27.61  6.8843E-05   -340.00
   60.00    150.00     -0.75   -13.66    -0.53      0.1719      8.35 LEFT    2.7113E-04    -31.27  6.1286E-05   -340.33
   65.00    150.00     -0.96   -14.94    -0.79      0.1599      6.86 LEFT    2.6446E-04    -34.69  5.2906E-05   -340.55
   70.00    150.00     -1.42   -16.59    -1.29      0.1454      5.50 LEFT    2.5076E-04    -37.92  4.3728E-05   -340.66
   75.00    150.00     -2.29   -18.83    -2.20      0.1289      4.27 LEFT    2.2682E-04    -41.09  3.3789E-05   -340.64
   80.00    150.00     -3.97   -22.12    -3.90      0.1108      3.15 LEFT    1.8705E-04    -44.43  2.3141E-05   -340.50
   85.00    150.00     -7.81   -27.93    -7.77      0.0914      2.11 LEFT    1.2023E-04    -48.47  1.1851E-05   -340.23
   90.00    150.00   -999.99  -999.99  -999.99      0.0000      0.00         9.6099E-15   -234.46  7.0751E-16   -159.82
    0.00    155.00     -4.27   -10.90    -3.42      0.0000     25.00 LINEAR  1.8067E-04   -332.68  8.4249E-05   -332.68
    5.00    155.00     -3.66   -10.83    -2.90      0.0327     23.60 LEFT    1.9381E-04   -338.65  8.4883E-05   -333.55
   10.00    155.00     -3.12   -10.82    -2.44      0.0609     22.18 LEFT    2.0629E-04   -344.31  8.4994E-05   -334.39
   15.00    155.00     -2.64   -10.87    -2.03      0.0853     20.73 LEFT    2.1804E-04   -349.75  8.4554E-05   -335.21
   20.00    155.00     -2.21   -10.97    -1.67      0.1062     19.25 LEFT    2.2904E-04   -355.04  8.3533E-05   -336.00
   25.00    155.00     -1.83   -11.14    -1.35      0.1237     17.72 LEFT    2.3928E-04   -360.19  8.1904E-05   -336.76
   30.00    155.00     -1.49   -11.39    -1.07      0.1376     16.14 LEFT    2.4872E-04   -365.21  7.9640E-05   -337.50
   35.00    155.00     -1.20   -11.71    -0.83      0.1479     14.53 LEFT    2.5723E-04    -10.08  7.6717E-05   -338.19
   40.00    155.00     -0.96   -12.13    -0.64      0.1543     12.92 LEFT    2.6464E-04    -14.78  7.3117E-05   -338.84
   45.00    155.00     -0.76   -12.65    -0.49      0.1569     11.33 LEFT    2.7059E-04    -19.28  6.8823E-05   -339.43
   50.00    155.00     -0.63   -13.31    -0.41      0.1557      9.79 LEFT    2.7461E-04    -23.55  6.3827E-05   -339.95
   55.00    155.00     -0.59   -14.12    -0.40      0.1513      8.34 LEFT    2.7601E-04    -27.56  5.8127E-05   -340.40
   60.00    155.00     -0.66   -15.13    -0.51      0.1438      6.99 LEFT    2.7380E-04    -31.31  5.1725E-05   -340.75
   65.00    155.00     -0.89   -16.42    -0.77      0.1338      5.75 LEFT    2.6663E-04    -34.81  4.4635E-05   -341.00
   70.00    155.00     -1.36   -18.07    -1.27      0.1217      4.62 LEFT    2.5248E-04    -38.12  3.6880E-05   -341.13
   75.00    155.00     -2.24   -20.32    -2.18      0.1079      3.59 LEFT    2.2816E-04    -41.34  2.8489E-05   -341.13
   80.00    155.00     -3.92   -23.60    -3.88      0.0928      2.65 LEFT    1.8802E-04    -44.73  1.9507E-05   -341.00
   85.00    155.00     -7.77   -29.42    -7.74      0.0766      1.78 LEFT    1.2080E-04    -48.80  9.9885E-06   -340.74
   90.00    155.00   -999.99  -999.99  -999.99      0.0000      0.00         9.6541E-15   -234.80  5.9634E-16   -160.33
    0.00    160.00     -3.96   -12.74    -3.42      0.0000     20.00 LINEAR  1.8733E-04   -332.68  6.8182E-05   -332.68
    5.00    160.00     -3.36   -12.67    -2.88      0.0264     18.86 LEFT    2.0054E-04   -338.52  6.8718E-05   -333.58
   10.00    160.00     -2.84   -12.65    -2.41      0.0490     17.72 LEFT    2.1295E-04   -344.08  6.8824E-05   -334.46
   15.00    160.00     -2.38   -12.70    -2.00      0.0686     16.56 LEFT    2.2451E-04   -349.46  6.8476E-05   -335.30
   20.00    160.00     -1.98   -12.80    -1.63      0.0853     15.36 LEFT    2.3521E-04   -354.71  6.7651E-05   -336.13
   25.00    160.00     -1.62   -12.97    -1.32      0.0992     14.14 LEFT    2.4506E-04   -359.85  6.6327E-05   -336.92
   30.00    160.00     -1.31   -13.22    -1.04      0.1103     12.88 LEFT    2.5403E-04   -364.88  6.4483E-05   -337.68
   35.00    160.00     -1.04   -13.55    -0.80      0.1185     11.60 LEFT    2.6203E-04     -9.79  6.2103E-05   -338.40
   40.00    160.00     -0.82   -13.97    -0.61      0.1236     10.32 LEFT    2.6888E-04    -14.54  5.9172E-05   -339.08
   45.00    160.00     -0.64   -14.49    -0.47      0.1257      9.06 LEFT    2.7428E-04    -19.10  5.5679E-05   -339.70
   50.00    160.00     -0.54   -15.15    -0.39      0.1248      7.84 LEFT    2.7776E-04    -23.44  5.1619E-05   -340.25
   55.00    160.00     -0.51   -15.97    -0.39      0.1213      6.68 LEFT    2.7864E-04    -27.52  4.6991E-05   -340.72
   60.00    160.00     -0.59   -16.99    -0.49      0.1154      5.61 LEFT    2.7596E-04    -31.34  4.1801E-05   -341.10
   65.00    160.00     -0.83   -18.27    -0.76      0.1074      4.62 LEFT    2.6836E-04    -34.91  3.6060E-05   -341.37
   70.00    160.00     -1.32   -19.93    -1.26      0.0977      3.72 LEFT    2.5384E-04    -38.28  2.9785E-05   -341.52
   75.00    160.00     -2.20   -22.17    -2.16      0.0867      2.89 LEFT    2.2919E-04    -41.56  2.3003E-05   -341.54
   80.00    160.00     -3.89   -25.46    -3.86      0.0746      2.14 LEFT    1.8876E-04    -44.98  1.5748E-05   -341.42
   85.00    160.00     -7.74   -31.28    -7.72      0.0616      1.44 LEFT    1.2124E-04    -49.07  8.0627E-06   -341.16
   90.00    160.00   -999.99  -999.99  -999.99      0.0000      0.00         9.6877E-15   -235.08  4.8133E-16   -160.75
    0.00    165.00     -3.72   -15.16    -3.42      0.0000     15.00 LINEAR  1.9256E-04   -332.68  5.1596E-05   -332.68
    5.00    165.00     -3.14   -15.09    -2.87      0.0199     14.14 LEFT    2.0583E-04   -338.42  5.2015E-05   -333.61
   10.00    165.00     -2.63   -15.07    -2.39      0.0370     13.28 LEFT    2.1819E-04   -343.92  5.2104E-05   -334.51
   15.00    165.00     -2.19   -15.11    -1.97      0.0516     12.40 LEFT    2.2960E-04   -349.25  5.1846E-05   -335.38
   20.00    165.00     -1.80   -15.22    -1.61      0.0642     11.50 LEFT    2.4007E-04   -354.47  5.1222E-05   -336.22
   25.00    165.00     -1.46   -15.39    -1.29      0.0746     10.58 LEFT    2.4961E-04   -359.60  5.0216E-05   -337.04
   30.00    165.00     -1.17   -15.64    -1.02      0.0829      9.64 LEFT    2.5821E-04   -364.64  4.8814E-05   -337.83
   35.00    165.00     -0.92   -15.97    -0.78      0.0890      8.69 LEFT    2.6580E-04     -9.57  4.7003E-05   -338.57
   40.00    165.00     -0.71   -16.39    -0.59      0.0928      7.73 LEFT    2.7221E-04    -14.36  4.4774E-05   -339.27
   45.00    165.00     -0.55   -16.92    -0.45      0.0944      6.79 LEFT    2.7717E-04    -18.97  4.2119E-05   -339.92
   50.00    165.00     -0.46   -17.58    -0.38      0.0938      5.88 LEFT    2.8021E-04    -23.35  3.9037E-05   -340.49
   55.00    165.00     -0.44   -18.40    -0.38      0.0911      5.02 LEFT    2.8067E-04    -27.50  3.5526E-05   -340.98
   60.00    165.00     -0.54   -19.42    -0.48      0.0867      4.22 LEFT    2.7761E-04    -31.37  3.1593E-05   -341.38
   65.00    165.00     -0.79   -20.70    -0.75      0.0807      3.48 LEFT    2.6968E-04    -35.00  2.7246E-05   -341.66
   70.00    165.00     -1.28   -22.37    -1.25      0.0735      2.80 LEFT    2.5486E-04    -38.41  2.2500E-05   -341.82
   75.00    165.00     -2.18   -24.61    -2.15      0.0652      2.18 LEFT    2.2996E-04    -41.72  1.7373E-05   -341.86
   80.00    165.00     -3.87   -27.90    -3.85      0.0561      1.61 LEFT    1.8931E-04    -45.17  1.1892E-05   -341.75
   85.00    165.00     -7.71   -33.72    -7.70      0.0464      1.09 LEFT    1.2155E-04    -49.28  6.0879E-06   -341.49
   90.00    165.00   -999.99  -999.99  -999.99      0.0000      0.00         9.7120E-15   -235.30  3.6349E-16   -161.09
    0.00    170.00     -3.55   -18.62    -3.42      0.0000     10.00 LINEAR  1.9632E-04   -332.68  3.4617E-05   -332.68
    5.00    170.00     -2.98   -18.55    -2.86      0.0134      9.42 LEFT    2.0964E-04   -338.36  3.4905E-05   -333.63
   10.00    170.00     -2.48   -18.54    -2.38      0.0247      8.84 LEFT    2.2196E-04   -343.80  3.4969E-05   -334.54
   15.00    170.00     -2.05   -18.58    -1.96      0.0345      8.26 LEFT    2.3328E-04   -349.10  3.4798E-05   -335.43
   20.00    170.00     -1.68   -18.68    -1.59      0.0429      7.66 LEFT    2.4358E-04   -354.31  3.4379E-05   -336.29
   25.00    170.00     -1.35   -18.86    -1.27      0.0498      7.05 LEFT    2.5289E-04   -359.43  3.3702E-05   -337.13
   30.00    170.00     -1.07   -19.10    -1.00      0.0553      6.42 LEFT    2.6123E-04   -364.48  3.2758E-05   -337.93
   35.00    170.00     -0.83   -19.43    -0.77      0.0594      5.79 LEFT    2.6851E-04     -9.42  3.1538E-05   -338.70
   40.00    170.00     -0.63   -19.86    -0.58      0.0620      5.15 LEFT    2.7461E-04    -14.24  3.0037E-05   -339.41
   45.00    170.00     -0.49   -20.39    -0.45      0.0630      4.53 LEFT    2.7924E-04    -18.87  2.8250E-05   -340.07
   50.00    170.00     -0.40   -21.05    -0.37      0.0626      3.92 LEFT    2.8196E-04    -23.30  2.6177E-05   -340.66
   55.00    170.00     -0.40   -21.87    -0.37      0.0608      3.35 LEFT    2.8212E-04    -27.48  2.3818E-05   -341.17
   60.00    170.00     -0.50   -22.89    -0.48      0.0579      2.82 LEFT    2.7878E-04    -31.40  2.1176E-05   -341.57
   65.00    170.00     -0.76   -24.18    -0.74      0.0539      2.32 LEFT    2.7060E-04    -35.05  1.8259E-05   -341.87
   70.00    170.00     -1.26   -25.84    -1.24      0.0491      1.87 LEFT    2.5558E-04    -38.50  1.5076E-05   -342.05
   75.00    170.00     -2.16   -28.09    -2.14      0.0436      1.46 LEFT    2.3049E-04    -41.84  1.1639E-05   -342.09
   80.00    170.00     -3.85   -31.38    -3.84      0.0375      1.08 LEFT    1.8968E-04    -45.31  7.9659E-06   -341.98
   85.00    170.00     -7.70   -37.20    -7.69      0.0310      0.73 LEFT    1.2176E-04    -49.43  4.0777E-06   -341.73
   90.00    170.00   -999.99  -999.99  -999.99      0.0000      0.00         9.7284E-15   -235.46  2.4344E-16   -161.33
    0.00    175.00     -3.45   -24.61    -3.42      0.0000      5.00 LINEAR  1.9859E-04   -332.68  1.7375E-05   -332.68
    5.00    175.00     -2.88   -24.54    -2.86      0.0067      4.71 LEFT    2.1193E-04   -338.32  1.7521E-05   -333.64
   10.00    175.00     -2.39   -24.52    -2.37      0.0124      4.42 LEFT    2.2424E-04   -343.73  1.7555E-05   -334.56
   15.00    175.00     -1.97   -24.56    -1.95      0.0173      4.13 LEFT    2.3549E-04   -349.02  1.7469E-05   -335.46
   20.00    175.00     -1.60   -24.67    -1.58      0.0215      3.83 LEFT    2.4569E-04   -354.21  1.7259E-05   -336.34
   25.00    175.00     -1.28   -24.84    -1.26      0.0249      3.52 LEFT    2.5488E-04   -359.33  1.6919E-05   -337.18
   30.00    175.00     -1.01   -25.09    -0.99      0.0277      3.21 LEFT    2.6304E-04   -364.38  1.6444E-05   -337.99
   35.00    175.00     -0.78   -25.42    -0.76      0.0297      2.89 LEFT    2.7015E-04     -9.34  1.5830E-05   -338.77
   40.00    175.00     -0.59   -25.84    -0.58      0.0310      2.57 LEFT    2.7605E-04    -14.16  1.5075E-05   -339.50
   45.00    175.00     -0.45   -26.38    -0.44      0.0315      2.26 LEFT    2.8048E-04    -18.82  1.4176E-05   -340.16
   50.00    175.00     -0.37   -27.04    -0.36      0.0313      1.96 LEFT    2.8301E-04    -23.27  1.3134E-05   -340.76
   55.00    175.00     -0.37   -27.86    -0.37      0.0304      1.68 LEFT    2.8299E-04    -27.47  1.1949E-05   -341.28
   60.00    175.00     -0.48   -28.88    -0.48      0.0290      1.41 LEFT    2.7948E-04    -31.41  1.0622E-05   -341.69
   65.00    175.00     -0.74   -30.17    -0.74      0.0270      1.16 LEFT    2.7115E-04    -35.09  9.1577E-06   -342.00
   70.00    175.00     -1.24   -31.84    -1.24      0.0246      0.94 LEFT    2.5599E-04    -38.56  7.5602E-06   -342.18
   75.00    175.00     -2.14   -34.09    -2.14      0.0218      0.73 LEFT    2.3080E-04    -41.91  5.8362E-06   -342.23
   80.00    175.00     -3.84   -37.38    -3.84      0.0188      0.54 LEFT    1.8989E-04    -45.40  3.9942E-06   -342.13
   85.00    175.00     -7.69   -43.20    -7.69      0.0155      0.37 LEFT    1.2189E-04    -49.52  2.0445E-06   -341.88
   90.00    175.00   -999.99  -999.99  -999.99      0.0000      0.00         9.7377E-15   -235.55  1.2207E-16   -161.48
    0.00    180.00     -3.42  -999.99    -3.42      0.0000     -0.00 LINEAR  1.9935E-04   -332.68  2.0347E-15   -152.68
    5.00    180.00     -2.85  -999.99    -2.85      0.0000     -0.00 LINEAR  2.1270E-04   -338.30  2.0520E-15   -153.64
   10.00    180.00     -2.36  -999.99    -2.36      0.0000     -0.00 LINEAR  2.2501E-04   -343.71  2.0560E-15   -154.57
   15.00    180.00     -1.94  -999.99    -1.94      0.0000     -0.00 LINEAR  2.3623E-04   -348.99  2.0460E-15   -155.48
   20.00    180.00     -1.58  -999.99    -1.58      0.0000     -0.00 LINEAR  2.4640E-04   -354.18  2.0214E-15   -156.35
   25.00    180.00     -1.26  -999.99    -1.26      0.0000     -0.00 LINEAR  2.5554E-04   -359.30  1.9815E-15   -157.20
   30.00    180.00     -0.99  -999.99    -0.99      0.0000     -0.00 LINEAR  2.6365E-04   -364.35  1.9258E-15   -158.02
   35.00    180.00     -0.76  -999.99    -0.76      0.0000     -0.00 LINEAR  2.7070E-04     -9.31  1.8539E-15   -158.79
   40.00    180.00     -0.57  -999.99    -0.57      0.0000     -0.00 LINEAR  2.7653E-04    -14.14  1.7654E-15   -159.52
   45.00    180.00     -0.44  -999.99    -0.44      0.0000     -0.00 LINEAR  2.8090E-04    -18.80  1.6601E-15   -160.20
   50.00    180.00     -0.36  -999.99    -0.36      0.0000     -0.00 LINEAR  2.8336E-04    -23.25  1.5380E-15   -160.80
   55.00    180.00     -0.36  -999.99    -0.36      0.0000     -0.00 LINEAR  2.8328E-04    -27.47  1.3991E-15   -161.31
   60.00    180.00     -0.47  -999.99    -0.47      0.0000     -0.00 LINEAR  2.7971E-04    -31.41  1.2437E-15   -161.73
   65.00    180.00     -0.74  -999.99    -0.74      0.0000     -0.00 LINEAR  2.7133E-04    -35.10  1.0722E-15   -162.04
   70.00    180.00     -1.24  -999.99    -1.24      0.0000     -0.00 LINEAR  2.5613E-04    -38.57  8.8512E-16   -162.23
   75.00    180.00     -2.14  -999.99    -2.14      0.0000     -0.00 LINEAR  2.3090E-04    -41.94  6.8326E-16   -162.27
   80.00    180.00     -3.84  -999.99    -3.84      0.0000     -0.00 LINEAR  1.8996E-04    -45.43  4.6760E-16   -162.18
   85.00    180.00     -7.69  -999.99    -7.69      0.0000     -0.00 LINEAR  1.2193E-04    -49.56  2.3935E-16   -161.93
   90.00    180.00   -999.99  -999.99  -999.99      0.0000      0.00         9.7408E-15   -235.58  1.4291E-26   -341.53
    0.00    185.00     -3.45   -24.61    -3.42      0.0000     -5.00 LINEAR  1.9859E-04   -332.68  1.7375E-05   -152.68
    5.00    185.00     -2.88   -24.54    -2.86      0.0067     -4.71 RIGHT   2.1193E-04   -338.32  1.7521E-05   -153.64
   10.00    185.00     -2.39   -24.52    -2.37      0.0124     -4.42 RIGHT   2.2424E-04   -343.73  1.7555E-05   -154.56
   15.00    185.00     -1.97   -24.56    -1.95      0.0173     -4.13 RIGHT   2.3549E-04   -349.02  1.7469E-05   -155.46
   20.00    185.00     -1.60   -24.67    -1.58      0.0215     -3.83 RIGHT   2.4569E-04   -354.21  1.7259E-05   -156.34
   25.00    185.00     -1.28   -24.84    -1.26      0.0249     -3.52 RIGHT   2.5488E-04   -359.33  1.6919E-05   -157.18
   30.00    185.00     -1.01   -25.09    -0.99      0.0277     -3.21 RIGHT   2.6304E-04   -364.38  1.6444E-05   -157.99
   35.00    185.00     -0.78   -25.42    -0.76      0.0297     -2.89 RIGHT   2.7015E-04     -9.34  1.5830E-05   -158.77
   40.00    185.00     -0.59   -25.84    -0.58      0.0310     -2.57 RIGHT   2.7605E-04    -14.16  1.5075E-05   -159.50
   45.00    185.00     -0.45   -26.38    -0.44      0.0315     -2.26 RIGHT   2.8048E-04    -18.82  1.4176E-05   -160.16
   50.00    185.00     -0.37   -27.04    -0.36      0.0313     -1.96 RIGHT   2.8301E-04    -23.27  1.3134E-05   -160.76
   55.00    185.00     -0.37   -27.86    -0.37      0.0304     -1.68 RIGHT   2.8299E-04    -27.47  1.1949E-05   -161.28
   60.00    185.00     -0.48   -28.88    -0.48      0.0290     -1.41 RIGHT   2.7948E-04    -31.41  1.0622E-05   -161.69
   65.00    185.00     -0.74   -30.17    -0.74      0.0270     -1.16 RIGHT   2.7115E-04    -35.09  9.1577E-06   -162.00
   70.00    185.00     -1.24   -31.84    -1.24      0.0246     -0.94 RIGHT   2.5599E-04    -38.56  7.5602E-06   -162.18
   75.00    185.00     -2.14   -34.09    -2.14      0.0218     -0.73 RIGHT   2.3080E-04    -41.91  5.8362E-06   -162.23
   80.00    185.00     -3.84   -37.38    -3.84      0.0188     -0.54 RIGHT   1.8989E-04    -45.40  3.9942E-06   -162.13
   85.00    185.00     -7.69   -43.20    -7.69      0.0155     -0.37 RIGHT   1.2189E-04    -49.52  2.0445E-06   -161.88
   90.00    185.00   -999.99  -999.99  -999.99      0.0000      0.00         9.7377E-15   -235.55  1.2205E-16   -341.48
    0.00    190.00     -3.55   -18.62    -3.42      0.0000    -10.00 LINEAR  1.9632E-04   -332.68  3.4617E-05   -152.68
    5.00    190.00     -2.98   -18.55    -2.86      0.0134     -9.42 RIGHT   2.0964E-04   -338.36  3.4905E-05   -153.63
   10.00    190.00     -2.48   -18.54    -2.38      0.0247     -8.84 RIGHT   2.2196E-04   -343.80  3.4969E-05   -154.54
   15.00    190.00     -2.05   -18.58    -1.96      0.0345     -8.26 RIGHT   2.3328E-04   -349.10  3.4798E-05   -155.43
   20.00    190.00     -1.68   -18.68    -1.59      0.0429     -7.66 RIGHT   2.4358E-04   -354.31  3.4379E-05   -156.29
   25.00    190.00     -1.35   -18.86    -1.27      0.0498     -7.05 RIGHT   2.5289E-04   -359.43  3.3702E-05   -157.13
   30.00    190.00     -1.07   -19.10    -1.00      0.0553     -6.42 RIGHT   2.6123E-04   -364.48  3.2758E-05   -157.93
   35.00    190.00     -0.83   -19.43    -0.77      0.0594     -5.79 RIGHT   2.6851E-04     -9.42  3.1538E-05   -158.70
   40.00    190.00     -0.63   -19.86    -0.58      0.0620     -5.15 RIGHT   2.7461E-04    -14.24  3.0037E-05   -159.41
   45.00    190.00     -0.49   -20.39    -0.45      0.0630     -4.53 RIGHT   2.7924E-04    -18.87  2.8250E-05   -160.07
   50.00    190.00     -0.40   -21.05    -0.37      0.0626     -3.92 RIGHT   2.8196E-04    -23.30  2.6177E-05   -160.66
   55.00    190.00     -0.40   -21.87    -0.37      0.0608     -3.35 RIGHT   2.8212E-04    -27.48  2.3818E-05   -161.17
   60.00    190.00     -0.50   -22.89    -0.48      0.0579     -2.82 RIGHT   2.7878E-04    -31.40  2.1176E-05   -161.57
   65.00    190.00     -0.76   -24.18    -0.74      0.0539     -2.32 RIGHT   2.7060E-04    -35.05  1.8259E-05   -161.87
   70.00    190.00     -1.26   -25.84    -1.24      0.0491     -1.87 RIGHT   2.5558E-04    -38.50  1.5076E-05   -162.05
   75.00    190.00     -2.16   -28.09    -2.14      0.0436     -1.46 RIGHT   2.3049E-04    -41.84  1.1639E-05   -162.09
   80.00    190.00     -3.85   -31.38    -3.84      0.0375     -1.08 RIGHT   1.8968E-04    -45.31  7.9659E-06   -161.98
   85.00    190.00     -7.70   -37.20    -7.69      0.0310     -0.73 RIGHT   1.2176E-04    -49.43  4.0777E-06   -161.73
   90.00    190.00   -999.99  -999.99  -999.99      0.0000      0.00         9.7283E-15   -235.46  2.4343E-16   -341.33
    0.00    195.00     -3.72   -15.16    -3.42      0.0000    -15.00 LINEAR  1.9256E-04   -332.68  5.1596E-05   -152.68
    5.00    195.00     -3.14   -15.09    -2.87      0.0199    -14.14 RIGHT   2.0583E-04   -338.42  5.2015E-05   -153.61
   10.00    195.00     -2.63   -15.07    -2.39      0.0370    -13.28 RIGHT   2.1819E-04   -343.92  5.2104E-05   -154.51
   15.00    195.00     -2.19   -15.11    -1.97      0.0516    -12.40 RIGHT   2.2960E-04   -349.25  5.1846E-05   -155.38
   20.00    195.00     -1.80   -15.22    -1.61      0.0642    -11.50 RIGHT   2.4007E-04   -354.47  5.1222E-05   -156.22
   25.00    195.00     -1.46   -15.39    -1.29      0.0746    -10.58 RIGHT   2.4961E-04   -359.60  5.0216E-05   -157.04
   30.00    195.00     -1.17   -15.64    -1.02      0.0829     -9.64 RIGHT   2.5821E-04   -364.64  4.8814E-05   -157.83
   35.00    195.00     -0.92   -15.97    -0.78      0.0890     -8.69 RIGHT   2.6580E-04     -9.57  4.7003E-05   -158.57
   40.00    195.00     -0.71   -16.39    -0.59      0.0928     -7.73 RIGHT   2.7221E-04    -14.36  4.4774E-05   -159.27
   45.00    195.00     -0.55   -16.92    -0.45      0.0944     -6.79 RIGHT   2.7717E-04    -18.97  4.2119E-05   -159.92
   50.00    195.00     -0.46   -17.58    -0.38      0.0938     -5.88 RIGHT   2.8021E-04    -23.35  3.9037E-05   -160.49
   55.00    195.00     -0.44   -18.40    -0.38      0.0911     -5.02 RIGHT   2.8067E-04    -27.50  3.5526E-05   -160.98
   60.00    195.00     -0.54   -19.42    -0.48      0.0867     -4.22 RIGHT   2.7761E-04    -31.37  3.1593E-05   -161.38
   65.00    195.00     -0.79   -20.70    -0.75      0.0807     -3.48 RIGHT   2.6968E-04    -35.00  2.7246E-05   -161.66
   70.00    195.00     -1.28   -22.37    -1.25      0.0735     -2.80 RIGHT   2.5486E-04    -38.41  2.2500E-05   -161.82
   75.00    195.00     -2.18   -24.61    -2.15      0.0652     -2.18 RIGHT   2.2996E-04    -41.72  1.7373E-05   -161.86
   80.00    195.00     -3.87   -27.90    -3.85      0.0561     -1.61 RIGHT   1.8931E-04    -45.17  1.1892E-05   -161.75
   85.00    195.00     -7.71   -33.72    -7.70      0.0464     -1.09 RIGHT   1.2155E-04    -49.28  6.0879E-06   -161.49
   90.00    195.00   -999.99  -999.99  -999.99      0.0000      0.00         9.7119E-15   -235.30  3.6345E-16   -341.09
    0.00    200.00     -3.96   -12.74    -3.42      0.0000    -20.00 LINEAR  1.8733E-04   -332.68  6.8182E-05   -152.68
    5.00    200.00     -3.36   -12.67    -2.88      0.0264    -18.86 RIGHT   2.0054E-04   -338.52  6.8718E-05   -153.58
   10.00    200.00     -2.84   -12.65    -2.41      0.0490    -17.72 RIGHT   2.1295E-04   -344.08  6.8824E-05   -154.46
   15.00    200.00     -2.38   -12.70    -2.00      0.0686    -16.56 RIGHT   2.2451E-04   -349.46  6.8476E-05   -155.30
   20.00    200.00     -1.98   -12.80    -1.63      0.0853    -15.36 RIGHT   2.3521E-04   -354.71  6.7651E-05   -156.13
   25.00    200.00     -1.62   -12.97    -1.32      0.0992    -14.14 RIGHT   2.4506E-04   -359.85  6.6327E-05   -156.92
   30.00    200.00     -1.31   -13.22    -1.04      0.1103    -12.88 RIGHT   2.5403E-04   -364.88  6.4483E-05   -157.68
   35.00    200.00     -1.04   -13.55    -0.80      0.1185    -11.60 RIGHT   2.6203E-04     -9.79  6.2103E-05   -158.40
   40.00    200.00     -0.82   -13.97    -0.61      0.1236    -10.32 RIGHT   2.6888E-04    -14.54  5.9172E-05   -159.08
   45.00    200.00     -0.64   -14.49    -0.47      0.1257     -9.06 RIGHT   2.7428E-04    -19.10  5.5679E-05   -159.70
   50.00    200.00     -0.54   -15.15    -0.39      0.1248     -7.84 RIGHT   2.7776E-04    -23.44  5.1619E-05   -160.25
   55.00    200.00     -0.51   -15.97    -0.39      0.1213     -6.68 RIGHT   2.7864E-04    -27.52  4.6991E-05   -160.72
   60.00    200.00     -0.59   -16.99    -0.49      0.1154     -5.61 RIGHT   2.7596E-04    -31.34  4.1801E-05   -161.10
   65.00    200.00     -0.83   -18.27    -0.76      0.1074     -4.62 RIGHT   2.6836E-04    -34.91  3.6060E-05   -161.37
   70.00    200.00     -1.32   -19.93    -1.26      0.0977     -3.72 RIGHT   2.5384E-04    -38.28  2.9785E-05   -161.52
   75.00    200.00     -2.20   -22.17    -2.16      0.0867     -2.89 RIGHT   2.2919E-04    -41.56  2.3003E-05   -161.54
   80.00    200.00     -3.89   -25.46    -3.86      0.0746     -2.14 RIGHT   1.8876E-04    -44.98  1.5748E-05   -161.42
   85.00    200.00     -7.74   -31.28    -7.72      0.0616     -1.44 RIGHT   1.2124E-04    -49.07  8.0627E-06   -161.16
   90.00    200.00   -999.99  -999.99  -999.99      0.0000      0.00         9.6878E-15   -235.08  4.8142E-16   -340.76
    0.00    205.00     -4.27   -10.90    -3.42      0.0000    -25.00 LINEAR  1.8067E-04   -332.68  8.4249E-05   -152.68
    5.00    205.00     -3.66   -10.83    -2.90      0.0327    -23.60 RIGHT   1.9381E-04   -338.65  8.4883E-05   -153.55
   10.00    205.00     -3.12   -10.82    -2.44      0.0609    -22.18 RIGHT   2.0629E-04   -344.31  8.4994E-05   -154.39
   15.00    205.00     -2.64   -10.87    -2.03      0.0853    -20.73 RIGHT   2.1804E-04   -349.75  8.4554E-05   -155.21
   20.00    205.00     -2.21   -10.97    -1.67      0.1062    -19.25 RIGHT   2.2904E-04   -355.04  8.3533E-05   -156.00
   25.00    205.00     -1.83   -11.14    -1.35      0.1237    -17.72 RIGHT   2.3928E-04   -360.19  8.1904E-05   -156.76
   30.00    205.00     -1.49   -11.39    -1.07      0.1376    -16.14 RIGHT   2.4872E-04   -365.21  7.9640E-05   -157.50
   35.00    205.00     -1.20   -11.71    -0.83      0.1479    -14.53 RIGHT   2.5723E-04    -10.08  7.6717E-05   -158.19
   40.00    205.00     -0.96   -12.13    -0.64      0.1543    -12.92 RIGHT   2.6464E-04    -14.78  7.3117E-05   -158.84
   45.00    205.00     -0.76   -12.65    -0.49      0.1569    -11.33 RIGHT   2.7059E-04    -19.28  6.8823E-05   -159.43
   50.00    205.00     -0.63   -13.31    -0.41      0.1557     -9.79 RIGHT   2.7461E-04    -23.55  6.3827E-05   -159.95
   55.00    205.00     -0.59   -14.12    -0.40      0.1513     -8.34 RIGHT   2.7601E-04    -27.56  5.8127E-05   -160.40
   60.00    205.00     -0.66   -15.13    -0.51      0.1438     -6.99 RIGHT   2.7380E-04    -31.31  5.1725E-05   -160.75
   65.00    205.00     -0.89   -16.42    -0.77      0.1338     -5.75 RIGHT   2.6663E-04    -34.81  4.4635E-05   -161.00
   70.00    205.00     -1.36   -18.07    -1.27      0.1217     -4.62 RIGHT   2.5248E-04    -38.12  3.6880E-05   -161.13
   75.00    205.00     -2.24   -20.32    -2.18      0.1079     -3.59 RIGHT   2.2816E-04    -41.34  2.8489E-05   -161.13
   80.00    205.00     -3.92   -23.60    -3.88      0.0928     -2.65 RIGHT   1.8802E-04    -44.73  1.9507E-05   -161.00
   85.00    205.00     -7.77   -29.42    -7.74      0.0766     -1.78 RIGHT   1.2080E-04    -48.80  9.9885E-06   -160.74
   90.00    205.00   -999.99  -999.99  -999.99      0.0000      0.00         9.6543E-15   -234.80  5.9637E-16   -340.34
    0.00    210.00     -4.67    -9.44    -3.42      0.0000    -30.00 LINEAR  1.7264E-04   -332.68  9.9675E-05   -152.68
    5.00    210.00     -4.03    -9.38    -2.92      0.0388    -28.34 RIGHT   1.8571E-04   -338.83  1.0038E-04   -153.51
   10.00    210.00     -3.46    -9.37    -2.47      0.0724    -26.65 RIGHT   1.9827E-04   -344.61  1.0049E-04   -154.32
   15.00    210.00     -2.95    -9.41    -2.07      0.1017    -24.93 RIGHT   2.1025E-04   -350.14  9.9950E-05   -155.10
   20.00    210.00     -2.50    -9.52    -1.71      0.1268    -23.16 RIGHT   2.2162E-04   -355.46  9.8739E-05   -155.85
   25.00    210.00     -2.09    -9.69    -1.39      0.1478    -21.32 RIGHT   2.3233E-04   -360.62  9.6819E-05   -156.58
   30.00    210.00     -1.72    -9.93    -1.11      0.1647    -19.43 RIGHT   2.4232E-04   -365.62  9.4158E-05   -157.27
   35.00    210.00     -1.40   -10.25    -0.87      0.1770    -17.49 RIGHT   2.5145E-04    -10.45  9.0725E-05   -157.93
   40.00    210.00     -1.13   -10.67    -0.67      0.1847    -15.53 RIGHT   2.5950E-04    -15.09  8.6495E-05   -158.54
   45.00    210.00     -0.91   -11.19    -0.52      0.1878    -13.61 RIGHT   2.6611E-04    -19.51  8.1446E-05   -159.10
   50.00    210.00     -0.76   -11.84    -0.43      0.1864    -11.75 RIGHT   2.7078E-04    -23.69  7.5564E-05   -159.59
   55.00    210.00     -0.69   -12.65    -0.42      0.1810     -9.99 RIGHT   2.7278E-04    -27.61  6.8843E-05   -160.00
   60.00    210.00     -0.75   -13.66    -0.53      0.1719     -8.35 RIGHT   2.7113E-04    -31.27  6.1286E-05   -160.33
   65.00    210.00     -0.96   -14.94    -0.79      0.1599     -6.86 RIGHT   2.6446E-04    -34.69  5.2906E-05   -160.55
   70.00    210.00     -1.42   -16.59    -1.29      0.1454     -5.50 RIGHT   2.5076E-04    -37.92  4.3728E-05   -160.66
   75.00    210.00     -2.29   -18.83    -2.20      0.1289     -4.27 RIGHT   2.2682E-04    -41.09  3.3789E-05   -160.64
   80.00    210.00     -3.97   -22.12    -3.90      0.1108     -3.15 RIGHT   1.8705E-04    -44.43  2.3141E-05   -160.50
   85.00    210.00     -7.81   -27.93    -7.77      0.0914     -2.11 RIGHT   1.2023E-04    -48.47  1.1851E-05   -160.23
   90.00    210.00   -999.99  -999.99  -999.99      0.0000      0.00         9.6099E-15   -234.46  7.0763E-16   -339.82
    0.00    215.00     -5.15    -8.24    -3.42      0.0000    -35.00 LINEAR  1.6330E-04   -332.68  1.1434E-04   -152.68
    5.00    215.00     -4.48    -8.19    -2.94      0.0447    -33.09 RIGHT   1.7628E-04   -339.06  1.1510E-04   -153.47
   10.00    215.00     -3.88    -8.18    -2.51      0.0837    -31.16 RIGHT   1.8896E-04   -345.00  1.1518E-04   -154.23
   15.00    215.00     -3.33    -8.23    -2.12      0.1177    -29.17 RIGHT   2.0123E-04   -350.63  1.1454E-04   -154.96
   20.00    215.00     -2.84    -8.34    -1.76      0.1470    -27.11 RIGHT   2.1302E-04   -356.01  1.1314E-04   -155.67
   25.00    215.00     -2.39    -8.51    -1.44      0.1717    -24.97 RIGHT   2.2428E-04   -361.17  1.1095E-04   -156.36
   30.00    215.00     -1.99    -8.75    -1.16      0.1915    -22.74 RIGHT   2.3491E-04     -6.15  1.0792E-04   -157.01
   35.00    215.00     -1.63    -9.07    -0.91      0.2060    -20.46 RIGHT   2.4474E-04    -10.92  1.0401E-04   -157.63
   40.00    215.00     -1.33    -9.48    -0.71      0.2150    -18.16 RIGHT   2.5352E-04    -15.48  9.9192E-05   -158.20
   45.00    215.00     -1.08   -10.00    -0.56      0.2186    -15.89 RIGHT   2.6088E-04    -19.80  9.3438E-05   -158.72
   50.00    215.00     -0.90   -10.65    -0.46      0.2169    -13.69 RIGHT   2.6626E-04    -23.88  8.6728E-05   -159.17
   55.00    215.00     -0.82   -11.45    -0.46      0.2104    -11.62 RIGHT   2.6895E-04    -27.69  7.9049E-05   -159.55
   60.00    215.00     -0.85   -12.46    -0.56      0.1998     -9.70 RIGHT   2.6793E-04    -31.24  7.0403E-05   -159.84
   65.00    215.00     -1.05   -13.73    -0.82      0.1856     -7.95 RIGHT   2.6183E-04    -34.56  6.0801E-05   -160.03
   70.00    215.00     -1.50   -15.38    -1.32      0.1687     -6.37 RIGHT   2.4864E-04    -37.70  5.0272E-05   -160.11
   75.00    215.00     -2.36   -17.62    -2.23      0.1494     -4.94 RIGHT   2.2516E-04    -40.79  3.8857E-05   -160.08
   80.00    215.00     -4.03   -20.91    -3.94      0.1284     -3.63 RIGHT   1.8583E-04    -44.08  2.6618E-05   -159.92
   85.00    215.00     -7.86   -26.72    -7.81      0.1059     -2.43 RIGHT   1.1950E-04    -48.09  1.3633E-05   -159.64
   90.00    215.00   -999.99  -999.99  -999.99      0.0000      0.00         9.5531E-15   -234.07  8.1407E-16   -339.23
    0.00    220.00     -5.73    -7.26    -3.42      0.0000    -40.00 LINEAR  1.5271E-04   -332.68  1.2814E-04   -152.68
    5.00    220.00     -5.03    -7.20    -2.97      0.0503    -37.86 RIGHT   1.6562E-04   -339.36  1.2892E-04   -153.42
   10.00    220.00     -4.38    -7.20    -2.55      0.0945    -35.68 RIGHT   1.7845E-04   -345.50  1.2896E-04   -154.13
   15.00    220.00     -3.79    -7.25    -2.17      0.1333    -33.44 RIGHT   1.9105E-04   -351.25  1.2821E-04   -154.81
   20.00    220.00     -3.24    -7.36    -1.82      0.1669    -31.10 RIGHT   2.0333E-04   -356.69  1.2663E-04   -155.47
   25.00    220.00     -2.75    -7.53    -1.50      0.1953    -28.65 RIGHT   2.1521E-04   -361.86  1.2418E-04   -156.11
   30.00    220.00     -2.31    -7.77    -1.22      0.2180    -26.10 RIGHT   2.2655E-04     -6.80  1.2080E-04   -156.71
   35.00    220.00     -1.91    -8.09    -0.97      0.2347    -23.47 RIGHT   2.3716E-04    -11.50  1.1645E-04   -157.28
   40.00    220.00     -1.56    -8.49    -0.76      0.2451    -20.81 RIGHT   2.4675E-04    -15.95  1.1110E-04   -157.81
   45.00    220.00     -1.28    -9.01    -0.60      0.2492    -18.17 RIGHT   2.5491E-04    -20.16  1.0469E-04   -158.28
   50.00    220.00     -1.07    -9.65    -0.51      0.2471    -15.63 RIGHT   2.6108E-04    -24.10  9.7217E-05   -158.69
   55.00    220.00     -0.96   -10.46    -0.50      0.2395    -13.23 RIGHT   2.6451E-04    -27.78  8.8650E-05   -159.03
   60.00    220.00     -0.97   -11.46    -0.60      0.2272    -11.02 RIGHT   2.6419E-04    -31.20  7.8990E-05   -159.28
   65.00    220.00     -1.15   -12.73    -0.86      0.2109     -9.02 RIGHT   2.5872E-04    -34.40  6.8246E-05   -159.44
   70.00    220.00     -1.59   -14.38    -1.36      0.1915     -7.21 RIGHT   2.4609E-04    -37.45  5.6449E-05   -159.50
   75.00    220.00     -2.44   -16.61    -2.27      0.1695     -5.58 RIGHT   2.2313E-04    -40.46  4.3646E-05   -159.44
   80.00    220.00     -4.10   -19.89    -3.98      0.1456     -4.10 RIGHT   1.8432E-04    -43.68  2.9905E-05   -159.27
   85.00    220.00     -7.93   -25.70    -7.86      0.1201     -2.73 RIGHT   1.1859E-04    -47.65  1.5319E-05   -158.97
   90.00    220.00   -999.99  -999.99  -999.99      0.0000      0.00         9.4819E-15   -233.62  9.1481E-16   -338.56
    0.00    225.00     -6.43    -6.43    -3.42      0.0000    -45.00 LINEAR  1.4096E-04   -332.68  1.4096E-04   -152.68
    5.00    225.00     -5.67    -6.38    -3.00      0.0556    -42.64 RIGHT   1.5381E-04   -339.75  1.4173E-04   -153.36
   10.00    225.00     -4.96    -6.38    -2.60      0.1048    -40.24 RIGHT   1.6683E-04   -346.15  1.4171E-04   -154.01
   15.00    225.00     -4.31    -6.43    -2.23      0.1484    -37.75 RIGHT   1.7982E-04   -352.05  1.4084E-04   -154.65
   20.00    225.00     -3.71    -6.54    -1.89      0.1863    -35.14 RIGHT   1.9266E-04   -357.55  1.3909E-04   -155.25
   25.00    225.00     -3.16    -6.71    -1.58      0.2184    -32.39 RIGHT   2.0522E-04   -362.72  1.3639E-04   -155.83
   30.00    225.00     -2.67    -6.95    -1.29      0.2442    -29.51 RIGHT   2.1733E-04     -7.60  1.3269E-04   -156.39
   35.00    225.00     -2.22    -7.27    -1.04      0.2632    -26.51 RIGHT   2.2878E-04    -12.20  1.2795E-04   -156.90
   40.00    225.00     -1.83    -7.67    -0.83      0.2750    -23.47 RIGHT   2.3923E-04    -16.53  1.2210E-04   -157.38
   45.00    225.00     -1.51    -8.19    -0.67      0.2795    -20.46 RIGHT   2.4826E-04    -20.59  1.1510E-04   -157.80
   50.00    225.00     -1.27    -8.83    -0.57      0.2770    -17.56 RIGHT   2.5526E-04    -24.38  1.0693E-04   -158.16
   55.00    225.00     -1.13    -9.62    -0.55      0.2683    -14.83 RIGHT   2.5949E-04    -27.90  9.7552E-05   -158.45
   60.00    225.00     -1.11   -10.62    -0.65      0.2542    -12.32 RIGHT   2.5989E-04    -31.17  8.6960E-05   -158.67
   65.00    225.00     -1.27   -11.89    -0.91      0.2357    -10.05 RIGHT   2.5510E-04    -34.24  7.5164E-05   -158.79
   70.00    225.00     -1.69   -13.53    -1.42      0.2138     -8.02 RIGHT   2.4308E-04    -37.16  6.2194E-05   -158.81
   75.00    225.00     -2.53   -15.77    -2.33      0.1891     -6.19 RIGHT   2.2071E-04    -40.08  4.8103E-05   -158.73
   80.00    225.00     -4.18   -19.05    -4.04      0.1623     -4.54 RIGHT   1.8249E-04    -43.23  3.2967E-05   -158.54
   85.00    225.00     -8.01   -24.86    -7.92      0.1338     -3.01 RIGHT   1.1748E-04    -47.16  1.6890E-05   -158.24
   90.00    225.00   -999.99  -999.99  -999.99      0.0000      0.00         9.3949E-15   -233.12  1.0086E-15   -337.82
    0.00    230.00     -7.26    -5.73    -3.42      0.0000    -50.00 LINEAR  1.2814E-04   -332.68  1.5271E-04   -152.68
    5.00    230.00     -6.43    -5.69    -3.03      0.0605    -47.45 RIGHT   1.4095E-04   -340.25  1.5344E-04   -153.30
   10.00    230.00     -5.65    -5.70    -2.66      0.1147    -44.83 RIGHT   1.5421E-04   -346.98  1.5334E-04   -153.89
   15.00    230.00     -4.92    -5.75    -2.31      0.1629    -42.11 RIGHT   1.6765E-04   -353.05  1.5234E-04   -154.46
   20.00    230.00     -4.25    -5.86    -1.97      0.2052    -39.24 RIGHT   1.8112E-04   -358.62  1.5041E-04   -155.01
   25.00    230.00     -3.63    -6.03    -1.66      0.2411    -36.19 RIGHT   1.9442E-04   -363.78  1.4748E-04   -155.53
   30.00    230.00     -3.07    -6.27    -1.37      0.2701    -32.96 RIGHT   2.0737E-04     -8.58  1.4349E-04   -156.03
   35.00    230.00     -2.57    -6.59    -1.12      0.2915    -29.60 RIGHT   2.1970E-04    -13.05  1.3838E-04   -156.49
   40.00    230.00     -2.13    -6.99    -0.91      0.3047    -26.16 RIGHT   2.3106E-04    -17.22  1.3209E-04   -156.90
   45.00    230.00     -1.77    -7.50    -0.74      0.3096    -22.75 RIGHT   2.4097E-04    -21.11  1.2457E-04   -157.27
   50.00    230.00     -1.49    -8.14    -0.64      0.3066    -19.47 RIGHT   2.4885E-04    -24.71  1.1577E-04   -157.58
   55.00    230.00     -1.32    -8.93    -0.62      0.2966    -16.39 RIGHT   2.5388E-04    -28.05  1.0566E-04   -157.83
   60.00    230.00     -1.28    -9.93    -0.72      0.2806    -13.58 RIGHT   2.5505E-04    -31.15  9.4227E-05   -158.00
   65.00    230.00     -1.42   -11.19    -0.98      0.2599    -11.05 RIGHT   2.5096E-04    -34.06  8.1478E-05   -158.08
   70.00    230.00     -1.82   -12.83    -1.49      0.2354     -8.79 RIGHT   2.3960E-04    -36.85  6.7443E-05   -158.07
   75.00    230.00     -2.65   -15.06    -2.40      0.2081     -6.77 RIGHT   2.1786E-04    -39.66  5.2179E-05   -157.96
   80.00    230.00     -4.29   -18.34    -4.12      0.1785     -4.95 RIGHT   1.8032E-04    -42.74  3.5769E-05   -157.75
   85.00    230.00     -8.11   -24.15    -8.00      0.1470     -3.28 RIGHT   1.1615E-04    -46.62  1.8328E-05   -157.44
   90.00    230.00   -999.99  -999.99  -999.99      0.0000      0.00         9.2903E-15   -232.56  1.0945E-15   -337.01
    0.00    235.00     -8.24    -5.15    -3.42      0.0000    -55.00 LINEAR  1.1434E-04   -332.68  1.6330E-04   -152.68
    5.00    235.00     -7.32    -5.11    -3.07      0.0651    -52.27 RIGHT   1.2715E-04   -340.93  1.6396E-04   -153.23
   10.00    235.00     -6.44    -5.13    -2.72      0.1239    -49.46 RIGHT   1.4071E-04   -348.05  1.6375E-04   -153.76
   15.00    235.00     -5.62    -5.19    -2.39      0.1768    -46.52 RIGHT   1.5469E-04   -354.34  1.6262E-04   -154.26
   20.00    235.00     -4.86    -5.30    -2.06      0.2234    -43.40 RIGHT   1.6885E-04   -359.97  1.6051E-04   -154.75
   25.00    235.00     -4.16    -5.47    -1.76      0.2633    -40.05 RIGHT   1.8296E-04   -365.08  1.5736E-04   -155.21
   30.00    235.00     -3.53    -5.71    -1.47      0.2957    -36.48 RIGHT   1.9678E-04     -9.77  1.5311E-04   -155.64
   35.00    235.00     -2.96    -6.02    -1.22      0.3195    -32.73 RIGHT   2.1003E-04    -14.08  1.4767E-04   -156.04
   40.00    235.00     -2.47    -6.43    -1.00      0.3342    -28.88 RIGHT   2.2230E-04    -18.05  1.4099E-04   -156.39
   45.00    235.00     -2.06    -6.93    -0.83      0.3395    -25.05 RIGHT   2.3313E-04    -21.72  1.3299E-04   -156.70
   50.00    235.00     -1.74    -7.57    -0.73      0.3359    -21.36 RIGHT   2.4187E-04    -25.10  1.2364E-04   -156.96
   55.00    235.00     -1.53    -8.36    -0.71      0.3245    -17.93 RIGHT   2.4773E-04    -28.23  1.1288E-04   -157.15
   60.00    235.00     -1.46    -9.35    -0.81      0.3065    -14.80 RIGHT   2.4967E-04    -31.14  1.0071E-04   -157.28
   65.00    235.00     -1.58   -10.61    -1.07      0.2834    -12.01 RIGHT   2.4629E-04    -33.87  8.7113E-05   -157.32
   70.00    235.00     -1.96   -12.25    -1.58      0.2563     -9.53 RIGHT   2.3562E-04    -36.52  7.2132E-05   -157.27
   75.00    235.00     -2.78   -14.47    -2.49      0.2263     -7.33 RIGHT   2.1457E-04    -39.20  5.5821E-05   -157.14
   80.00    235.00     -4.41   -17.75    -4.21      0.1939     -5.34 RIGHT   1.7778E-04    -42.20  3.8274E-05   -156.91
   85.00    235.00     -8.23   -23.56    -8.10      0.1597     -3.53 RIGHT   1.1458E-04    -46.02  1.9614E-05   -156.58
   90.00    235.00   -999.99  -999.99  -999.99      0.0000      0.00         9.1668E-15   -231.94  1.1714E-15   -336.15
    0.00    240.00     -9.44    -4.67    -3.42      0.0000    -60.00 LINEAR  9.9675E-05   -332.68  1.7264E-04   -152.68
    5.00    240.00     -8.38    -4.64    -3.11      0.0693    -57.11 RIGHT   1.1253E-04   -341.84  1.7321E-04   -153.16
   10.00    240.00     -7.37    -4.65    -2.79      0.1325    -54.13 RIGHT   1.2648E-04   -349.48  1.7287E-04   -153.62
   15.00    240.00     -6.42    -4.72    -2.48      0.1899    -51.00 RIGHT   1.4108E-04   -355.99  1.7159E-04   -154.05
   20.00    240.00     -5.55    -4.84    -2.17      0.2410    -47.63 RIGHT   1.5601E-04   -361.67  1.6931E-04   -154.47
   25.00    240.00     -4.75    -5.01    -1.87      0.2850    -43.99 RIGHT   1.7098E-04     -6.70  1.6595E-04   -154.86
   30.00    240.00     -4.03    -5.25    -1.59      0.3209    -40.08 RIGHT   1.8571E-04    -11.21  1.6144E-04   -155.22
   35.00    240.00     -3.39    -5.56    -1.33      0.3474    -35.92 RIGHT   1.9988E-04    -15.30  1.5572E-04   -155.56
   40.00    240.00     -2.84    -5.96    -1.12      0.3636    -31.62 RIGHT   2.1308E-04    -19.03  1.4869E-04   -155.85
   45.00    240.00     -2.37    -6.47    -0.94      0.3692    -27.34 RIGHT   2.2479E-04    -22.44  1.4028E-04   -156.10
   50.00    240.00     -2.01    -7.10    -0.84      0.3649    -23.23 RIGHT   2.3439E-04    -25.57  1.3045E-04   -156.30
   55.00    240.00     -1.77    -7.89    -0.82      0.3518    -19.42 RIGHT   2.4106E-04    -28.45  1.1914E-04   -156.44
   60.00    240.00     -1.67    -8.88    -0.91      0.3317    -15.97 RIGHT   2.4376E-04    -31.14  1.0632E-04   -156.51
   65.00    240.00     -1.76   -10.13    -1.17      0.3061    -12.92 RIGHT   2.4111E-04    -33.68  9.1998E-05   -156.51
   70.00    240.00     -2.13   -11.77    -1.68      0.2764    -10.22 RIGHT   2.3114E-04    -36.15  7.6198E-05   -156.42
   75.00    240.00     -2.93   -13.99    -2.60      0.2437     -7.84 RIGHT   2.1082E-04    -38.71  5.8982E-05   -156.26
   80.00    240.00     -4.56   -17.27    -4.33      0.2087     -5.71 RIGHT   1.7486E-04    -41.61  4.0448E-05   -156.00
   85.00    240.00     -8.36   -23.08    -8.22      0.1717     -3.76 RIGHT   1.1277E-04    -45.37  2.0731E-05   -155.66
   90.00    240.00   -999.99  -999.99  -999.99      0.0000      0.00         9.0237E-15   -231.28  1.2381E-15   -335.23
    0.00    245.00    -10.90    -4.27    -3.42      0.0000    -65.00 LINEAR  8.4249E-05   -332.68  1.8067E-04   -152.68
    5.00    245.00     -9.65    -4.25    -3.15      0.0729    -61.98 RIGHT   9.7226E-05   -343.11  1.8111E-04   -153.09
   10.00    245.00     -8.45    -4.27    -2.87      0.1404    -58.85 RIGHT   1.1169E-04   -351.40  1.8064E-04   -153.47
   15.00    245.00     -7.33    -4.34    -2.57      0.2022    -55.53 RIGHT   1.2702E-04   -358.15  1.7919E-04   -153.83
   20.00    245.00     -6.32    -4.46    -2.28      0.2578    -51.95 RIGHT   1.4278E-04   -363.82  1.7673E-04   -154.18
   25.00    245.00     -5.40    -4.64    -1.99      0.3061    -48.03 RIGHT   1.5865E-04     -8.69  1.7317E-04   -154.50
   30.00    245.00     -4.58    -4.88    -1.72      0.3457    -43.75 RIGHT   1.7431E-04    -12.96  1.6844E-04   -154.79
   35.00    245.00     -3.86    -5.19    -1.47      0.3750    -39.17 RIGHT   1.8939E-04    -16.76  1.6245E-04   -155.05
   40.00    245.00     -3.24    -5.60    -1.25      0.3929    -34.40 RIGHT   2.0349E-04    -20.18  1.5512E-04   -155.28
   45.00    245.00     -2.72    -6.10    -1.08      0.3988    -29.63 RIGHT   2.1607E-04    -23.28  1.4637E-04   -155.46
   50.00    245.00     -2.31    -6.73    -0.97      0.3935    -25.06 RIGHT   2.2648E-04    -26.11  1.3613E-04   -155.60
   55.00    245.00     -2.03    -7.52    -0.95      0.3786    -20.85 RIGHT   2.3393E-04    -28.72  1.2435E-04   -155.68
   60.00    245.00     -1.90    -8.50    -1.04      0.3561    -17.09 RIGHT   2.3737E-04    -31.15  1.1100E-04   -155.70
   65.00    245.00     -1.97    -9.76    -1.30      0.3279    -13.77 RIGHT   2.3543E-04    -33.47  9.6070E-05   -155.65
   70.00    245.00     -2.32   -11.39    -1.81      0.2955    -10.87 RIGHT   2.2617E-04    -35.76  7.9588E-05   -155.53
   75.00    245.00     -3.11   -13.61    -2.74      0.2602     -8.32 RIGHT   2.0661E-04    -38.17  6.1618E-05   -155.33
   80.00    245.00     -4.72   -16.89    -4.47      0.2225     -6.04 RIGHT   1.7155E-04    -40.96  4.2262E-05   -155.05
   85.00    245.00     -8.53   -22.69    -8.36      0.1830     -3.97 RIGHT   1.1071E-04    -44.67  2.1662E-05   -154.70
   90.00    245.00   -999.99  -999.99  -999.99      0.0000      0.00         8.8606E-15   -230.55  1.2935E-15   -334.26
    0.00    250.00    -12.74    -3.96    -3.42      0.0000    -70.00 LINEAR  6.8182E-05   -332.68  1.8733E-04   -152.68
    5.00    250.00    -11.20    -3.94    -3.19      0.0761    -66.86 RIGHT   8.1389E-05   -344.98  1.8762E-04   -153.01
   10.00    250.00     -9.72    -3.97    -2.95      0.1475    -63.61 RIGHT   9.6526E-05   -354.05  1.8698E-04   -153.31
   15.00    250.00     -8.37    -4.05    -2.68      0.2136    -60.14 RIGHT   1.1271E-04   -361.00  1.8537E-04   -153.60
   20.00    250.00     -7.17    -4.17    -2.41      0.2738    -56.35 RIGHT   1.2939E-04     -6.56  1.8272E-04   -153.87
   25.00    250.00     -6.11    -4.35    -2.13      0.3266    -52.16 RIGHT   1.4618E-04    -11.15  1.7897E-04   -154.11
   30.00    250.00     -5.18    -4.60    -1.87      0.3702    -47.53 RIGHT   1.6275E-04    -15.07  1.7403E-04   -154.33
   35.00    250.00     -4.37    -4.91    -1.62      0.4026    -42.50 RIGHT   1.7872E-04    -18.49  1.6781E-04   -154.52
   40.00    250.00     -3.67    -5.31    -1.40      0.4222    -37.21 RIGHT   1.9366E-04    -21.52  1.6022E-04   -154.68
   45.00    250.00     -3.09    -5.82    -1.23      0.4283    -31.91 RIGHT   2.0704E-04    -24.25  1.5118E-04   -154.79
   50.00    250.00     -2.63    -6.45    -1.12      0.4219    -26.85 RIGHT   2.1822E-04    -26.73  1.4062E-04   -154.87
   55.00    250.00     -2.31    -7.23    -1.10      0.4049    -22.22 RIGHT   2.2639E-04    -29.02  1.2846E-04   -154.89
   60.00    250.00     -2.15    -8.22    -1.19      0.3797    -18.12 RIGHT   2.3053E-04    -31.17  1.1468E-04   -154.85
   65.00    250.00     -2.20    -9.47    -1.46      0.3487    -14.56 RIGHT   2.2928E-04    -33.25  9.9273E-05   -154.75
   70.00    250.00     -2.53   -11.11    -1.97      0.3135    -11.46 RIGHT   2.2073E-04    -35.34  8.2254E-05   -154.59
   75.00    250.00     -3.30   -13.33    -2.89      0.2755     -8.75 RIGHT   2.0196E-04    -37.59  6.3690E-05   -154.36
   80.00    250.00     -4.91   -16.60    -4.62      0.2354     -6.35 RIGHT   1.6787E-04    -40.27  4.3688E-05   -154.06
   85.00    250.00     -8.71   -22.41    -8.53      0.1934     -4.16 RIGHT   1.0840E-04    -43.91  2.2395E-05   -153.69
   90.00    250.00   -999.99  -999.99  -999.99      0.0000      0.00         8.6778E-15   -229.77  1.3377E-15   -333.25
    0.00    255.00    -15.16    -3.72    -3.42      0.0000    -75.00 LINEAR  5.1596E-05   -332.68  1.9256E-04   -152.68
    5.00    255.00    -13.12    -3.71    -3.24      0.0788    -71.77 RIGHT   6.5215E-05   -347.88  1.9268E-04   -152.93
   10.00    255.00    -11.21    -3.75    -3.03      0.1537    -68.42 RIGHT   8.1256E-05   -357.87  1.9186E-04   -153.15
   15.00    255.00     -9.55    -3.83    -2.80      0.2240    -64.82 RIGHT   9.8433E-05   -364.86  1.9007E-04   -153.36
   20.00    255.00     -8.11    -3.96    -2.55      0.2888    -60.85 RIGHT   1.1609E-04    -10.08  1.8724E-04   -153.55
   25.00    255.00     -6.88    -4.15    -2.29      0.3463    -56.41 RIGHT   1.3381E-04    -14.21  1.8330E-04   -153.72
   30.00    255.00     -5.82    -4.39    -2.04      0.3943    -51.42 RIGHT   1.5124E-04    -17.62  1.7817E-04   -153.86
   35.00    255.00     -4.90    -4.71    -1.79      0.4301    -45.91 RIGHT   1.6802E-04    -20.54  1.7175E-04   -153.97
   40.00    255.00     -4.13    -5.11    -1.58      0.4516    -40.06 RIGHT   1.8373E-04    -23.09  1.6395E-04   -154.06
   45.00    255.00     -3.48    -5.62    -1.41      0.4579    -34.17 RIGHT   1.9783E-04    -25.37  1.5468E-04   -154.10
   50.00    255.00     -2.98    -6.25    -1.30      0.4500    -28.57 RIGHT   2.0970E-04    -27.45  1.4386E-04   -154.11
   55.00    255.00     -2.62    -7.04    -1.28      0.4304    -23.50 RIGHT   2.1852E-04    -29.37  1.3142E-04   -154.06
   60.00    255.00     -2.43    -8.02    -1.37      0.4023    -19.08 RIGHT   2.2330E-04    -31.21  1.1733E-04   -153.97
   65.00    255.00     -2.45    -9.27    -1.63      0.3682    -15.27 RIGHT   2.2271E-04    -33.02  1.0157E-04   -153.83
   70.00    255.00     -2.77   -10.91    -2.15      0.3303    -11.99 RIGHT   2.1486E-04    -34.89  8.4161E-05   -153.62
   75.00    255.00     -3.52   -13.13    -3.07      0.2897     -9.14 RIGHT   1.9689E-04    -36.97  6.5171E-05   -153.36
   80.00    255.00     -5.12   -16.40    -4.81      0.2471     -6.62 RIGHT   1.6383E-04    -39.53  4.4706E-05   -153.03
   85.00    255.00     -8.91   -22.21    -8.72      0.2029     -4.32 RIGHT   1.0586E-04    -43.09  2.2917E-05   -152.64
   90.00    255.00   -999.99  -999.99  -999.99      0.0000      0.00         8.4759E-15   -228.92  1.3688E-15   -332.20
    0.00    260.00    -18.62    -3.55    -3.42      0.0000    -80.00 LINEAR  3.4617E-05   -332.68  1.9632E-04   -152.68
    5.00    260.00    -15.61    -3.55    -3.29      0.0810    -76.71 RIGHT   4.8992E-05   -352.86  1.9626E-04   -152.84
   10.00    260.00    -12.98    -3.60    -3.12      0.1590    -73.29 RIGHT   6.6267E-05   -363.62  1.9525E-04   -152.99
   15.00    260.00    -10.86    -3.69    -2.92      0.2333    -69.59 RIGHT   8.4577E-05    -10.16  1.9328E-04   -153.11
   20.00    260.00     -9.13    -3.82    -2.70      0.3027    -65.47 RIGHT   1.0322E-04    -14.65  1.9026E-04   -153.22
   25.00    260.00     -7.70    -4.01    -2.46      0.3652    -60.79 RIGHT   1.2180E-04    -18.01  1.8614E-04   -153.31
   30.00    260.00     -6.49    -4.26    -2.22      0.4180    -55.45 RIGHT   1.4000E-04    -20.69  1.8083E-04   -153.37
   35.00    260.00     -5.46    -4.59    -1.99      0.4578    -49.44 RIGHT   1.5748E-04    -22.94  1.7424E-04   -153.41
   40.00    260.00     -4.61    -4.99    -1.78      0.4814    -42.96 RIGHT   1.7384E-04    -24.89  1.6627E-04   -153.41
   45.00    260.00     -3.90    -5.50    -1.62      0.4876    -36.40 RIGHT   1.8855E-04    -26.64  1.5683E-04   -153.39
   50.00    260.00     -3.34    -6.13    -1.51      0.4779    -30.20 RIGHT   2.0100E-04    -28.25  1.4583E-04   -153.32
   55.00    260.00     -2.95    -6.92    -1.48      0.4553    -24.67 RIGHT   2.1040E-04    -29.77  1.3320E-04   -153.22
   60.00    260.00     -2.73    -7.90    -1.58      0.4237    -19.92 RIGHT   2.1576E-04    -31.26  1.1891E-04   -153.07
   65.00    260.00     -2.73    -9.16    -1.84      0.3864    -15.89 RIGHT   2.1577E-04    -32.77  1.0293E-04   -152.87
   70.00    260.00     -3.02   -10.79    -2.35      0.3455    -12.45 RIGHT   2.0860E-04    -34.40  8.5285E-05   -152.62
   75.00    260.00     -3.77   -13.01    -3.28      0.3024     -9.48 RIGHT   1.9144E-04    -36.30  6.6041E-05   -152.32
   80.00    260.00     -5.36   -16.29    -5.02      0.2576     -6.85 RIGHT   1.5946E-04    -38.72  4.5302E-05   -151.97
   85.00    260.00     -9.14   -22.09    -8.93      0.2113     -4.47 RIGHT   1.0310E-04    -42.21  2.3223E-05   -151.57
   90.00    260.00   -999.99  -999.99  -999.99      0.0000      0.00         8.2568E-15   -228.02  1.3871E-15   -331.12
    0.00    265.00    -24.61    -3.45    -3.42      0.0000    -85.00 LINEAR  1.7375E-05   -332.68  1.9859E-04   -152.68
    5.00    265.00    -18.95    -3.46    -3.34      0.0825    -81.67 RIGHT   3.3323E-05   -362.87  1.9833E-04   -152.76
   10.00    265.00    -15.05    -3.51    -3.22      0.1632    -78.20 RIGHT   5.2227E-05    -12.78  1.9713E-04   -152.82
   15.00    265.00    -12.30    -3.61    -3.06      0.2413    -74.44 RIGHT   7.1687E-05    -17.62  1.9497E-04   -152.86
   20.00    265.00    -10.21    -3.75    -2.87      0.3154    -70.21 RIGHT   9.1188E-05    -20.59  1.9177E-04   -152.89
   25.00    265.00     -8.54    -3.95    -2.66      0.3832    -65.33 RIGHT   1.1047E-04    -22.71  1.8748E-04   -152.89
   30.00    265.00     -7.18    -4.21    -2.43      0.4414    -59.63 RIGHT   1.2927E-04    -24.36  1.8202E-04   -152.87
   35.00    265.00     -6.05    -4.53    -2.21      0.4856    -53.09 RIGHT   1.4728E-04    -25.75  1.7528E-04   -152.83
   40.00    265.00     -5.10    -4.94    -2.01      0.5117    -45.90 RIGHT   1.6413E-04    -26.97  1.6718E-04   -152.76
   45.00    265.00     -4.34    -5.46    -1.85      0.5178    -38.58 RIGHT   1.7932E-04    -28.09  1.5762E-04   -152.66
   50.00    265.00     -3.73    -6.09    -1.74      0.5056    -31.72 RIGHT   1.9224E-04    -29.16  1.4651E-04   -152.52
   55.00    265.00     -3.30    -6.88    -1.72      0.4793    -25.71 RIGHT   2.0211E-04    -30.22  1.3379E-04   -152.35
   60.00    265.00     -3.05    -7.87    -1.81      0.4439    -20.64 RIGHT   2.0797E-04    -31.32  1.1941E-04   -152.14
   65.00    265.00     -3.03    -9.12    -2.07      0.4030    -16.40 RIGHT   2.0853E-04    -32.51  1.0334E-04   -151.89
   70.00    265.00     -3.30   -10.76    -2.58      0.3591    -12.83 RIGHT   2.0201E-04    -33.88  8.5618E-05   -151.59
   75.00    265.00     -4.03   -12.98    -3.51      0.3134     -9.76 RIGHT   1.8567E-04    -35.58  6.6293E-05   -151.26
   80.00    265.00     -5.61   -16.25    -5.25      0.2665     -7.06 RIGHT   1.5482E-04    -37.86  4.5472E-05   -150.88
   85.00    265.00     -9.40   -22.06    -9.17      0.2184     -4.60 RIGHT   1.0016E-04    -41.26  2.3309E-05   -150.46
   90.00    265.00   -999.99  -999.99  -999.99      0.0000      0.00         8.0226E-15   -227.04  1.3923E-15   -330.01
    0.00    270.00   -999.99    -3.42    -3.42      0.0000     90.00 LINEAR  3.0521E-15   -152.68  1.9935E-04   -152.68
    5.00    270.00    -23.28    -3.44    -3.39      0.0835    -86.66 RIGHT   2.0256E-05    -28.00  1.9889E-04   -152.68
   10.00    270.00    -17.26    -3.50    -3.32      0.1664    -83.17 RIGHT   4.0476E-05    -28.06  1.9750E-04   -152.65
   15.00    270.00    -13.76    -3.60    -3.20      0.2480    -79.38 RIGHT   6.0604E-05    -28.17  1.9514E-04   -152.61
   20.00    270.00    -11.29    -3.75    -3.05      0.3267    -75.07 RIGHT   8.0554E-05    -28.31  1.9177E-04   -152.55
   25.00    270.00     -9.39    -3.96    -2.86      0.4001    -70.03 RIGHT   1.0019E-04    -28.49  1.8733E-04   -152.47
   30.00    270.00     -7.88    -4.22    -2.66      0.4642    -64.02 RIGHT   1.1930E-04    -28.72  1.8172E-04   -152.37
   35.00    270.00     -6.64    -4.55    -2.46      0.5137    -56.90 RIGHT   1.3762E-04    -29.00  1.7488E-04   -152.24
   40.00    270.00     -5.62    -4.97    -2.27      0.5428    -48.91 RIGHT   1.5477E-04    -29.32  1.6669E-04   -152.09
   45.00    270.00     -4.79    -5.49    -2.11      0.5486    -40.69 RIGHT   1.7026E-04    -29.71  1.5707E-04   -151.91
   50.00    270.00     -4.14    -6.13    -2.01      0.5332    -33.08 RIGHT   1.8351E-04    -30.16  1.4593E-04   -151.70
   55.00    270.00     -3.66    -6.92    -1.98      0.5025    -26.57 RIGHT   1.9374E-04    -30.71  1.3320E-04   -151.46
   60.00    270.00     -3.39    -7.91    -2.07      0.4625    -21.20 RIGHT   2.0001E-04    -31.38  1.1884E-04   -151.19
   65.00    270.00     -3.34    -9.17    -2.33      0.4178    -16.80 RIGHT   2.0107E-04    -32.23  1.0282E-04   -150.89
   70.00    270.00     -3.60   -10.80    -2.84      0.3708    -13.13 RIGHT   1.9516E-04    -33.32  8.5166E-05   -150.55
   75.00    270.00     -4.32   -13.03    -3.77      0.3227     -9.99 RIGHT   1.7964E-04    -34.80  6.5931E-05   -150.17
   80.00    270.00     -5.89   -16.30    -5.51      0.2739     -7.22 RIGHT   1.4994E-04    -36.94  4.5219E-05   -149.77
   85.00    270.00     -9.67   -22.11    -9.43      0.2242     -4.70 RIGHT   9.7058E-05    -40.24  2.3178E-05   -149.33
   90.00    270.00   -999.99  -999.99  -999.99      0.0000      0.00         7.7757E-15   -226.00  1.3843E-15   -328.88
    0.00    275.00    -24.61    -3.45    -3.42      0.0000     85.00 LINEAR  1.7375E-05   -152.68  1.9859E-04   -152.68
    5.00    275.00    -24.51    -3.48    -3.44      0.0838     88.33 RIGHT   1.7568E-05    -81.68  1.9793E-04   -152.59
   10.00    275.00    -18.87    -3.55    -3.42      0.1684    -88.20 RIGHT   3.3636E-05    -52.22  1.9634E-04   -152.48
   15.00    275.00    -14.99    -3.66    -3.35      0.2530    -84.41 RIGHT   5.2566E-05    -42.63  1.9381E-04   -152.35
   20.00    275.00    -12.26    -3.82    -3.24      0.3363    -80.08 RIGHT   7.1999E-05    -38.10  1.9028E-04   -152.21
   25.00    275.00    -10.19    -4.03    -3.09      0.4156    -74.93 RIGHT   9.1381E-05    -35.49  1.8569E-04   -152.04
   30.00    275.00     -8.55    -4.30    -2.92      0.4865    -68.63 RIGHT   1.1039E-04    -33.83  1.7998E-04   -151.86
   35.00    275.00     -7.22    -4.65    -2.73      0.5423    -60.93 RIGHT   1.2868E-04    -32.72  1.7305E-04   -151.65
   40.00    275.00     -6.13    -5.07    -2.56      0.5752    -51.99 RIGHT   1.4588E-04    -31.97  1.6482E-04   -151.42
   45.00    275.00     -5.25    -5.59    -2.40      0.5804    -42.70 RIGHT   1.6149E-04    -31.50  1.5520E-04   -151.16
   50.00    275.00     -4.55    -6.24    -2.30      0.5609    -34.23 RIGHT   1.7491E-04    -31.27  1.4410E-04   -150.88
   55.00    275.00     -4.05    -7.03    -2.28      0.5246    -27.20 RIGHT   1.8539E-04    -31.25  1.3146E-04   -150.57
   60.00    275.00     -3.74    -8.03    -2.37      0.4794    -21.58 RIGHT   1.9199E-04    -31.45  1.1723E-04   -150.23
   65.00    275.00     -3.68    -9.29    -2.62      0.4305    -17.05 RIGHT   1.9348E-04    -31.92  1.0139E-04   -149.87
   70.00    275.00     -3.92   -10.93    -3.13      0.3803    -13.32 RIGHT   1.8815E-04    -32.72  8.3950E-05   -149.49
   75.00    275.00     -4.63   -13.15    -4.06      0.3299    -10.15 RIGHT   1.7343E-04    -33.98  6.4973E-05   -149.08
   80.00    275.00     -6.19   -16.43    -5.80      0.2794     -7.34 RIGHT   1.4489E-04    -35.95  4.4554E-05   -148.64
   85.00    275.00     -9.96   -22.24    -9.71      0.2285     -4.79 RIGHT   9.3845E-05    -39.16  2.2834E-05   -148.19
   90.00    275.00   -999.99  -999.99  -999.99      0.0000      0.00         7.5198E-15   -224.88  1.3639E-15   -327.73
    0.00    280.00    -18.62    -3.55    -3.42      0.0000     80.00 LINEAR  3.4617E-05   -152.68  1.9632E-04   -152.68
    5.00    280.00    -20.40    -3.59    -3.50      0.0835     83.29 RIGHT   2.8209E-05   -116.59  1.9547E-04   -152.51
   10.00    280.00    -18.63    -3.67    -3.53      0.1692     86.72 RIGHT   3.4602E-05    -80.49  1.9370E-04   -152.31
   15.00    280.00    -15.60    -3.79    -3.51      0.2564    -89.54 RIGHT   4.9000E-05    -60.42  1.9100E-04   -152.10
   20.00    280.00    -12.98    -3.96    -3.44      0.3440    -85.24 RIGHT   6.6278E-05    -49.90  1.8732E-04   -151.87
   25.00    280.00    -10.87    -4.18    -3.34      0.4295    -80.05 RIGHT   8.4481E-05    -43.71  1.8262E-04   -151.62
   30.00    280.00     -9.17    -4.46    -3.19      0.5081    -73.53 RIGHT   1.0278E-04    -39.70  1.7682E-04   -151.35
   35.00    280.00     -7.78    -4.81    -3.03      0.5716    -65.22 RIGHT   1.2066E-04    -36.91  1.6985E-04   -151.06
   40.00    280.00     -6.64    -5.24    -2.87      0.6092    -55.17 RIGHT   1.3761E-04    -34.92  1.6162E-04   -150.74
   45.00    280.00     -5.71    -5.77    -2.73      0.6136    -44.56 RIGHT   1.5312E-04    -33.48  1.5206E-04   -150.41
   50.00    280.00     -4.98    -6.42    -2.63      0.5886    -35.10 RIGHT   1.6655E-04    -32.47  1.4108E-04   -150.05
   55.00    280.00     -4.44    -7.22    -2.60      0.5454    -27.56 RIGHT   1.7715E-04    -31.82  1.2861E-04   -149.67
   60.00    280.00     -4.11    -8.22    -2.69      0.4942    -21.73 RIGHT   1.8399E-04    -31.53  1.1462E-04   -149.27
   65.00    280.00     -4.03    -9.49    -2.94      0.4407    -17.16 RIGHT   1.8584E-04    -31.59  9.9080E-05   -148.85
   70.00    280.00     -4.25   -11.13    -3.44      0.3873    -13.42 RIGHT   1.8105E-04    -32.07  8.2004E-05   -148.42
   75.00    280.00     -4.95   -13.36    -4.36      0.3348    -10.23 RIGHT   1.6711E-04    -33.09  6.3446E-05   -147.97
   80.00    280.00     -6.50   -16.64    -6.10      0.2829     -7.42 RIGHT   1.3975E-04    -34.89  4.3496E-05   -147.51
   85.00    280.00    -10.27   -22.45   -10.01      0.2311     -4.85 RIGHT   9.0563E-05    -38.01  2.2289E-05   -147.04
   90.00    280.00   -999.99  -999.99  -999.99      0.0000      0.00         7.2582E-15   -223.70  1.3310E-15   -326.56
    0.00    285.00    -15.16    -3.72    -3.42      0.0000     75.00 LINEAR  5.1596E-05   -152.68  1.9256E-04   -152.68
    5.00    285.00    -16.75    -3.76    -3.55      0.0825     78.22 RIGHT   4.2944E-05   -129.84  1.9153E-04   -152.42
   10.00    285.00    -16.83    -3.85    -3.64      0.1686     81.58 RIGHT   4.2533E-05   -102.00  1.8959E-04   -152.14
   15.00    285.00    -15.32    -3.98    -3.68      0.2579     85.24 RIGHT   5.0605E-05    -78.51  1.8674E-04   -151.85
   20.00    285.00    -13.29    -4.16    -3.66      0.3496     89.45 RIGHT   6.3974E-05    -62.91  1.8294E-04   -151.53
   25.00    285.00    -11.36    -4.39    -3.60      0.4413    -85.41 RIGHT   7.9861E-05    -52.92  1.7815E-04   -151.20
   30.00    285.00     -9.70    -4.68    -3.49      0.5285    -78.78 RIGHT   9.6735E-05    -46.25  1.7230E-04   -150.84
   35.00    285.00     -8.29    -5.04    -3.36      0.6015    -69.89 RIGHT   1.1370E-04    -41.56  1.6533E-04   -150.47
   40.00    285.00     -7.12    -5.48    -3.22      0.6456    -58.50 RIGHT   1.3008E-04    -38.15  1.5716E-04   -150.07
   45.00    285.00     -6.17    -6.02    -3.08      0.6488    -46.19 RIGHT   1.4524E-04    -35.62  1.4772E-04   -149.65
   50.00    285.00     -5.41    -6.68    -2.99      0.6163    -35.57 RIGHT   1.5852E-04    -33.76  1.3693E-04   -149.22
   55.00    285.00     -4.85    -7.49    -2.96      0.5646    -27.56 RIGHT   1.6911E-04    -32.44  1.2473E-04   -148.77
   60.00    285.00     -4.49    -8.50    -3.04      0.5065    -21.64 RIGHT   1.7609E-04    -31.60  1.1108E-04   -148.31
   65.00    285.00     -4.39    -9.77    -3.28      0.4482    -17.08 RIGHT   1.7825E-04    -31.23  9.5956E-05   -147.83
   70.00    285.00     -4.60   -11.41    -3.78      0.3916    -13.39 RIGHT   1.7396E-04    -31.38  7.9378E-05   -147.35
   75.00    285.00     -5.28   -13.65    -4.69      0.3371    -10.25 RIGHT   1.6078E-04    -32.14  6.1388E-05   -146.86
   80.00    285.00     -6.83   -16.93    -6.42      0.2842     -7.45 RIGHT   1.3458E-04    -33.77  4.2073E-05   -146.37
   85.00    285.00    -10.59   -22.74   -10.34      0.2318     -4.88 RIGHT   8.7260E-05    -36.79  2.1556E-05   -145.88
   90.00    285.00   -999.99  -999.99  -999.99      0.0000      0.00         6.9946E-15   -222.44  1.2872E-15   -325.40
    0.00    290.00    -12.74    -3.96    -3.42      0.0000     70.00 LINEAR  6.8182E-05   -152.68  1.8733E-04   -152.68
    5.00    290.00    -14.08    -4.01    -3.60      0.0809     73.13 RIGHT   5.8396E-05   -135.99  1.8614E-04   -152.34
   10.00    290.00    -14.75    -4.11    -3.75      0.1667     76.39 RIGHT   5.4074E-05   -115.13  1.8406E-04   -151.98
   15.00    290.00    -14.35    -4.25    -3.85      0.2574     79.92 RIGHT   5.6586E-05    -93.60  1.8108E-04   -151.60
   20.00    290.00    -13.13    -4.44    -3.89      0.3526     83.98 RIGHT   6.5162E-05    -75.72  1.7719E-04   -151.20
   25.00    290.00    -11.60    -4.68    -3.88      0.4506     88.96 RIGHT   7.7719E-05    -62.62  1.7235E-04   -150.78
   30.00    290.00    -10.10    -4.98    -3.81      0.5472    -84.44 RIGHT   9.2401E-05    -53.30  1.6649E-04   -150.34
   35.00    290.00     -8.75    -5.35    -3.71      0.6320    -75.08 RIGHT   1.0792E-04    -46.58  1.5957E-04   -149.88
   40.00    290.00     -7.58    -5.80    -3.59      0.6850    -62.07 RIGHT   1.2336E-04    -41.63  1.5151E-04   -149.40
   45.00    290.00     -6.62    -6.35    -3.47      0.6864    -47.46 RIGHT   1.3794E-04    -37.91  1.4226E-04   -148.91
   50.00    290.00     -5.84    -7.02    -3.38      0.6437    -35.49 RIGHT   1.5088E-04    -35.13  1.3173E-04   -148.40
   55.00    290.00     -5.25    -7.83    -3.34      0.5815    -27.15 RIGHT   1.6135E-04    -33.08  1.1988E-04   -147.88
   60.00    290.00     -4.88    -8.85    -3.42      0.5158    -21.26 RIGHT   1.6839E-04    -31.66  1.0667E-04   -147.35
   65.00    290.00     -4.76   -10.13    -3.65      0.4524    -16.83 RIGHT   1.7079E-04    -30.84  9.2083E-05   -146.81
   70.00    290.00     -4.96   -11.78    -4.14      0.3928    -13.24 RIGHT   1.6696E-04    -30.64  7.6128E-05   -146.28
   75.00    290.00     -5.63   -14.01    -5.04      0.3367    -10.18 RIGHT   1.5451E-04    -31.14  5.8847E-05   -145.75
   80.00    290.00     -7.17   -17.30    -6.76      0.2830     -7.44 RIGHT   1.2945E-04    -32.59  4.0317E-05   -145.23
   85.00    290.00    -10.92   -23.11   -10.67      0.2306     -4.89 RIGHT   8.3984E-05    -35.50  2.0652E-05   -144.73
   90.00    290.00   -999.99  -999.99  -999.99      0.0000      0.00         6.7334E-15   -221.12  1.2331E-15   -324.24
    0.00    295.00    -10.90    -4.27    -3.42      0.0000     65.00 LINEAR  8.4249E-05   -152.68  1.8067E-04   -152.68
    5.00    295.00    -12.06    -4.33    -3.66      0.0786     68.02 RIGHT   7.3717E-05   -139.42  1.7935E-04   -152.26
   10.00    295.00    -12.89    -4.44    -3.86      0.1634     71.14 RIGHT   6.6969E-05   -123.06  1.7715E-04   -151.82
   15.00    295.00    -13.10    -4.59    -4.02      0.2547     74.52 RIGHT   6.5350E-05   -104.73  1.7409E-04   -151.36
   20.00    295.00    -12.59    -4.79    -4.13      0.3527     78.36 RIGHT   6.9310E-05    -87.01  1.7014E-04   -150.88
   25.00    295.00    -11.57    -5.04    -4.17      0.4566     83.07 RIGHT   7.7981E-05    -72.11  1.6528E-04   -150.38
   30.00    295.00    -10.34    -5.36    -4.16      0.5632     89.42 RIGHT   8.9828E-05    -60.56  1.5947E-04   -149.85
   35.00    295.00     -9.12    -5.73    -4.09      0.6624    -81.01 RIGHT   1.0340E-04    -51.86  1.5265E-04   -149.31
   40.00    295.00     -8.01    -6.20    -4.00      0.7285    -66.03 RIGHT   1.1754E-04    -45.30  1.4476E-04   -148.75
   45.00    295.00     -7.05    -6.75    -3.89      0.7273    -48.13 RIGHT   1.3127E-04    -40.33  1.3576E-04   -148.18
   50.00    295.00     -6.26    -7.43    -3.80      0.6702    -34.67 RIGHT   1.4371E-04    -36.56  1.2557E-04   -147.59
   55.00    295.00     -5.66    -8.26    -3.76      0.5954    -26.23 RIGHT   1.5394E-04    -33.74  1.1416E-04   -147.00
   60.00    295.00     -5.27    -9.28    -3.82      0.5213    -20.58 RIGHT   1.6097E-04    -31.72  1.0149E-04   -146.40
   65.00    295.00     -5.13   -10.56    -4.04      0.4530    -16.37 RIGHT   1.6357E-04    -30.42  8.7538E-05   -145.81
   70.00    295.00     -5.32   -12.22    -4.51      0.3906    -12.96 RIGHT   1.6015E-04    -29.85  7.2321E-05   -145.23
   75.00    295.00     -5.98   -14.46    -5.40      0.3332    -10.02 RIGHT   1.4840E-04    -30.09  5.5874E-05   -144.66
   80.00    295.00     -7.51   -17.75    -7.12      0.2793     -7.36 RIGHT   1.2445E-04    -31.36  3.8266E-05   -144.11
   85.00    295.00    -11.26   -23.57   -11.01      0.2272     -4.87 RIGHT   8.0782E-05    -34.15  1.9596E-05   -143.59
   90.00    295.00   -999.99  -999.99  -999.99      0.0000      0.00         6.4778E-15   -219.73  1.1701E-15   -323.10
    0.00    300.00     -9.44    -4.67    -3.42      0.0000     60.00 LINEAR  9.9675E-05   -152.68  1.7264E-04   -152.68
    5.00    300.00    -10.46    -4.74    -3.71      0.0757     62.88 RIGHT   8.8568E-05   -141.56  1.7121E-04   -152.19
   10.00    300.00    -11.33    -4.85    -3.97      0.1586     65.85 RIGHT   8.0143E-05   -128.13  1.6894E-04   -151.67
   15.00    300.00    -11.85    -5.02    -4.20      0.2496     69.02 RIGHT   7.5512E-05   -112.60  1.6583E-04   -151.13
   20.00    300.00    -11.84    -5.23    -4.37      0.3495     72.59 RIGHT   7.5545E-05    -96.21  1.6187E-04   -150.57
   25.00    300.00    -11.31    -5.49    -4.48      0.4586     76.90 RIGHT   8.0299E-05    -80.80  1.5704E-04   -149.99
   30.00    300.00    -10.43    -5.81    -4.52      0.5752     82.72 RIGHT   8.8921E-05    -67.70  1.5132E-04   -149.38
   35.00    300.00     -9.40    -6.20    -4.50      0.6914    -87.98 RIGHT   1.0012E-04    -57.23  1.4466E-04   -148.76
   40.00    300.00     -8.38    -6.67    -4.43      0.7769    -70.77 RIGHT   1.1262E-04    -49.10  1.3701E-04   -148.12
   45.00    300.00     -7.45    -7.24    -4.34      0.7717    -47.72 RIGHT   1.2528E-04    -42.84  1.2832E-04   -147.46
   50.00    300.00     -6.67    -7.93    -4.24      0.6944    -32.83 RIGHT   1.3706E-04    -38.04  1.1856E-04   -146.80
   55.00    300.00     -6.07    -8.77    -4.20      0.6049    -24.75 RIGHT   1.4695E-04    -34.41  1.0766E-04   -146.14
   60.00    300.00     -5.66    -9.80    -4.25      0.5224    -19.58 RIGHT   1.5390E-04    -31.76  9.5615E-05   -145.48
   65.00    300.00     -5.51   -11.09    -4.45      0.4494    -15.72 RIGHT   1.5664E-04    -29.97  8.2401E-05   -144.83
   70.00    300.00     -5.68   -12.76    -4.90      0.3847    -12.55 RIGHT   1.5361E-04    -29.03  6.8027E-05   -144.19
   75.00    300.00     -6.33   -15.00    -5.78      0.3265     -9.77 RIGHT   1.4252E-04    -28.99  5.2526E-05   -143.58
   80.00    300.00     -7.85   -18.29    -7.48      0.2728     -7.22 RIGHT   1.1963E-04    -30.07  3.5957E-05   -143.01
   85.00    300.00    -11.60   -24.11   -11.36      0.2216     -4.81 RIGHT   7.7698E-05    -32.76  1.8410E-05   -142.47
   90.00    300.00   -999.99  -999.99  -999.99      0.0000      0.00         6.2318E-15   -218.30  1.0991E-15   -321.97
    0.00    305.00     -8.24    -5.15    -3.42      0.0000     55.00 LINEAR  1.1434E-04   -152.68  1.6330E-04   -152.68
    5.00    305.00     -9.17    -5.23    -3.76      0.0721     57.72 RIGHT   1.0275E-04   -143.00  1.6180E-04   -152.11
   10.00    305.00    -10.03    -5.35    -4.08      0.1523     60.51 RIGHT   9.3056E-05   -131.53  1.5948E-04   -151.52
   15.00    305.00    -10.70    -5.53    -4.37      0.2419     63.46 RIGHT   8.6161E-05   -118.18  1.5637E-04   -150.91
   20.00    305.00    -11.03    -5.75    -4.62      0.3425     66.69 RIGHT   8.3003E-05   -103.39  1.5245E-04   -150.27
   25.00    305.00    -10.91    -6.02    -4.80      0.4555     70.49 RIGHT   8.4159E-05    -88.32  1.4771E-04   -149.61
   30.00    305.00    -10.38    -6.35    -4.91      0.5813     75.47 RIGHT   8.9458E-05    -74.39  1.4214E-04   -148.93
   35.00    305.00     -9.58    -6.76    -4.93      0.7159     83.62 RIGHT   9.8014E-05    -62.53  1.3570E-04   -148.23
   40.00    305.00     -8.69    -7.24    -4.90      0.8308    -77.30 RIGHT   1.0860E-04    -52.94  1.2835E-04   -147.51
   45.00    305.00     -7.83    -7.82    -4.81      0.8187    -45.10 RIGHT   1.1998E-04    -45.39  1.2006E-04   -146.78
   50.00    305.00     -7.07    -8.52    -4.72      0.7134    -29.69 RIGHT   1.3096E-04    -39.54  1.1078E-04   -146.04
   55.00    305.00     -6.46    -9.37    -4.66      0.6085    -22.70 RIGHT   1.4043E-04    -35.08  1.0049E-04   -145.31
   60.00    305.00     -6.05   -10.41    -4.69      0.5180    -18.27 RIGHT   1.4724E-04    -31.78  8.9148E-05   -144.58
   65.00    305.00     -5.88   -11.71    -4.87      0.4411    -14.88 RIGHT   1.5009E-04    -29.50  7.6757E-05   -143.87
   70.00    305.00     -6.04   -13.38    -5.30      0.3748    -12.01 RIGHT   1.4740E-04    -28.18  6.3318E-05   -143.19
   75.00    305.00     -6.68   -15.63    -6.16      0.3164     -9.43 RIGHT   1.3694E-04    -27.86  4.8860E-05   -142.54
   80.00    305.00     -8.19   -18.93    -7.84      0.2634     -7.02 RIGHT   1.1505E-04    -28.75  3.3433E-05   -141.93
   85.00    305.00    -11.93   -24.74   -11.71      0.2136     -4.70 RIGHT   7.4772E-05    -31.33  1.7112E-05   -141.38
   90.00    305.00   -999.99  -999.99  -999.99      0.0000      0.00         5.9983E-15   -216.84  1.0216E-15   -320.87
    0.00    310.00     -7.26    -5.73    -3.42      0.0000     50.00 LINEAR  1.2814E-04   -152.68  1.5271E-04   -152.68
    5.00    310.00     -8.11    -5.82    -3.81      0.0679     52.54 RIGHT   1.1611E-04   -144.01  1.5118E-04   -152.05
   10.00    310.00     -8.95    -5.95    -4.19      0.1445     55.13 RIGHT   1.0540E-04   -133.92  1.4886E-04   -151.39
   15.00    310.00     -9.70    -6.13    -4.55      0.2316     57.82 RIGHT   9.6730E-05   -122.20  1.4579E-04   -150.70
   20.00    310.00    -10.23    -6.37    -4.87      0.3316     60.69 RIGHT   9.0999E-05   -108.88  1.4196E-04   -149.99
   25.00    310.00    -10.42    -6.65    -5.13      0.4466     63.87 RIGHT   8.9018E-05    -94.58  1.3738E-04   -149.26
   30.00    310.00    -10.22    -7.00    -5.30      0.5792     67.73 RIGHT   9.1126E-05    -80.42  1.3202E-04   -148.50
   35.00    310.00     -9.68    -7.41    -5.39      0.7303     73.54 RIGHT   9.6931E-05    -67.57  1.2587E-04   -147.72
   40.00    310.00     -8.95    -7.91    -5.39      0.8868    -89.10 RIGHT   1.0543E-04    -56.71  1.1889E-04   -146.92
   45.00    310.00     -8.17    -8.50    -5.32      0.8621    -37.52 RIGHT   1.1537E-04    -47.93  1.1106E-04   -146.12
   50.00    310.00     -7.44    -9.21    -5.22      0.7225    -25.13 RIGHT   1.2545E-04    -41.04  1.0235E-04   -145.31
   55.00    310.00     -6.84   -10.06    -5.15      0.6040    -20.13 RIGHT   1.3442E-04    -35.74  9.2729E-05   -144.51
   60.00    310.00     -6.42   -11.11    -5.15      0.5073    -16.69 RIGHT   1.4105E-04    -31.78  8.2178E-05   -143.72
   65.00    310.00     -6.24   -12.42    -5.30      0.4276    -13.86 RIGHT   1.4398E-04    -29.00  7.0689E-05   -142.95
   70.00    310.00     -6.39   -14.10    -5.71      0.3606    -11.33 RIGHT   1.4161E-04    -27.30  5.8266E-05   -142.22
   75.00    310.00     -7.02   -16.36    -6.54      0.3027     -8.98 RIGHT   1.3172E-04    -26.71  4.4933E-05   -141.54
   80.00    310.00     -8.52   -19.66    -8.20      0.2511     -6.74 RIGHT   1.1078E-04    -27.41  3.0731E-05   -140.90
   85.00    310.00    -12.26   -25.48   -12.06      0.2033     -4.55 RIGHT   7.2040E-05    -29.88  1.5725E-05   -140.33
   90.00    310.00   -999.99  -999.99  -999.99      0.0000      0.00         5.7802E-15   -215.36  9.3869E-16   -319.81
    0.00    315.00     -6.43    -6.43    -3.42      0.0000     45.00 LINEAR  1.4096E-04   -152.68  1.4096E-04   -152.68
    5.00    315.00     -7.23    -6.52    -3.85      0.0630     47.35 RIGHT   1.2854E-04   -144.75  1.3943E-04   -151.98
   10.00    315.00     -8.05    -6.66    -4.29      0.1352     49.71 RIGHT   1.1697E-04   -135.66  1.3717E-04   -151.26
   15.00    315.00     -8.83    -6.85    -4.72      0.2187     52.13 RIGHT   1.0686E-04   -125.15  1.3419E-04   -150.51
   20.00    315.00     -9.49    -7.10    -5.12      0.3162     54.60 RIGHT   9.9038E-05   -113.08  1.3052E-04   -149.73
   25.00    315.00     -9.91    -7.39    -5.46      0.4310     57.13 RIGHT   9.4391E-05    -99.66  1.2614E-04   -148.92
   30.00    315.00     -9.98    -7.75    -5.71      0.5667     59.68 RIGHT   9.3587E-05    -85.66  1.2106E-04   -148.09
   35.00    315.00     -9.70    -8.17    -5.86      0.7272     62.18 RIGHT   9.6688E-05    -72.22  1.1527E-04   -147.24
   40.00    315.00     -9.15    -8.68    -5.90      0.9162     64.05 RIGHT   1.0303E-04    -60.32  1.0873E-04   -146.38
   45.00    315.00     -8.47    -9.28    -5.85      0.8787    -21.65 RIGHT   1.1142E-04    -50.42  1.0144E-04   -145.50
   50.00    315.00     -7.79   -10.01    -5.75      0.7161    -19.56 RIGHT   1.2052E-04    -42.51  9.3363E-05   -144.62
   55.00    315.00     -7.20   -10.87    -5.65      0.5895    -17.22 RIGHT   1.2895E-04    -36.38  8.4487E-05   -143.75
   60.00    315.00     -6.78   -11.93    -5.62      0.4894    -14.92 RIGHT   1.3537E-04    -31.77  7.4793E-05   -142.90
   65.00    315.00     -6.59   -13.25    -5.74      0.4086    -12.69 RIGHT   1.3836E-04    -28.48  6.4275E-05   -142.08
   70.00    315.00     -6.72   -14.93    -6.11      0.3420    -10.53 RIGHT   1.3627E-04    -26.41  5.2937E-05   -141.31
   75.00    315.00     -7.34   -17.20    -6.91      0.2855     -8.43 RIGHT   1.2693E-04    -25.56  4.0797E-05   -140.58
   80.00    315.00     -8.83   -20.50    -8.55      0.2360     -6.38 RIGHT   1.0685E-04    -26.08  2.7890E-05   -139.92
   85.00    315.00    -12.57   -26.32   -12.39      0.1907     -4.34 RIGHT   6.9528E-05    -28.45  1.4267E-05   -139.33
   90.00    315.00   -999.99  -999.99  -999.99      0.0000      0.00         5.5799E-15   -213.89  8.5149E-16   -318.81
    0.00    320.00     -5.73    -7.26    -3.42      0.0000     40.00 LINEAR  1.5271E-04   -152.68  1.2814E-04   -152.68
    5.00    320.00     -6.49    -7.36    -3.89      0.0576     42.13 RIGHT   1.3993E-04   -145.29  1.2665E-04   -151.93
   10.00    320.00     -7.29    -7.51    -4.39      0.1245     44.27 RIGHT   1.2762E-04   -136.95  1.2449E-04   -151.14
   15.00    320.00     -8.10    -7.71    -4.89      0.2030     46.40 RIGHT   1.1632E-04   -127.36  1.2166E-04   -150.33
   20.00    320.00     -8.84    -7.96    -5.37      0.2963     48.47 RIGHT   1.0678E-04   -116.29  1.1820E-04   -149.49
   25.00    320.00     -9.42    -8.26    -5.79      0.4080     50.33 RIGHT   9.9887E-05   -103.72  1.1410E-04   -148.62
   30.00    320.00     -9.72    -8.63    -6.13      0.5421     51.59 RIGHT   9.6513E-05    -90.10  1.0937E-04   -147.72
   35.00    320.00     -9.67    -9.07    -6.35      0.7008     50.81 RIGHT   9.7080E-05    -76.38  1.0399E-04   -146.80
   40.00    320.00     -9.30    -9.59    -6.43      0.8686     38.14 RIGHT   1.0128E-04    -63.68  9.7971E-05   -145.87
   45.00    320.00     -8.73   -10.20    -6.39      0.8409     -6.20 RIGHT   1.0810E-04    -52.78  9.1283E-05   -144.92
   50.00    320.00     -8.11   -10.93    -6.28      0.6896    -13.91 RIGHT   1.1618E-04    -43.92  8.3913E-05   -143.98
   55.00    320.00     -7.54   -11.81    -6.16      0.5634    -14.20 RIGHT   1.2405E-04    -36.98  7.5848E-05   -143.05
   60.00    320.00     -7.11   -12.88    -6.09      0.4634    -13.03 RIGHT   1.3024E-04    -31.73  6.7075E-05   -142.14
   65.00    320.00     -6.91   -14.20    -6.17      0.3837    -11.40 RIGHT   1.3326E-04    -27.97  5.7589E-05   -141.27
   70.00    320.00     -7.03   -15.89    -6.50      0.3188     -9.62 RIGHT   1.3144E-04    -25.54  4.7392E-05   -140.45
   75.00    320.00     -7.64   -18.16    -7.27      0.2647     -7.79 RIGHT   1.2258E-04    -24.43  3.6501E-05   -139.69
   80.00    320.00     -9.13   -21.47    -8.88      0.2179     -5.94 RIGHT   1.0330E-04    -24.78  2.4941E-05   -139.00
   85.00    320.00    -12.85   -27.29   -12.70      0.1758     -4.07 RIGHT   6.7259E-05    -27.04  1.2755E-05   -138.39
   90.00    320.00   -999.99  -999.99  -999.99      0.0000      0.00         5.3989E-15   -212.45  7.6123E-16   -317.87
    0.00    325.00     -5.15    -8.24    -3.42      0.0000     35.00 LINEAR  1.6330E-04   -152.68  1.1434E-04   -152.68
    5.00    325.00     -5.88    -8.35    -3.93      0.0517     36.90 RIGHT   1.5018E-04   -145.71  1.1294E-04   -151.87
   10.00    325.00     -6.66    -8.51    -4.48      0.1124     38.79 RIGHT   1.3724E-04   -137.92  1.1091E-04   -151.03
   15.00    325.00     -7.47    -8.72    -5.04      0.1846     40.63 RIGHT   1.2494E-04   -129.02  1.0830E-04   -150.17
   20.00    325.00     -8.27    -8.98    -5.60      0.2717     42.31 RIGHT   1.1397E-04   -118.75  1.0510E-04   -149.27
   25.00    325.00     -8.97    -9.29    -6.12      0.3775     43.57 RIGHT   1.0521E-04   -106.94  1.0135E-04   -148.34
   30.00    325.00     -9.44    -9.67    -6.54      0.5048     43.73 RIGHT   9.9624E-05    -93.78  9.7027E-05   -147.38
   35.00    325.00     -9.59   -10.12    -6.84      0.6514     40.70 RIGHT   9.7902E-05    -80.00  9.2148E-05   -146.40
   40.00    325.00     -9.40   -10.65    -6.97      0.7820     26.89 RIGHT   1.0007E-04    -66.74  8.6704E-05   -145.40
   45.00    325.00     -8.96   -11.27    -6.95      0.7657      1.08 RIGHT   1.0536E-04    -54.98  8.0687E-05   -144.40
   50.00    325.00     -8.39   -12.01    -6.83      0.6426     -9.15 RIGHT   1.1243E-04    -45.24  7.4087E-05   -143.40
   55.00    325.00     -7.85   -12.90    -6.67      0.5250    -11.32 RIGHT   1.1972E-04    -37.54  6.6892E-05   -142.41
   60.00    325.00     -7.42   -13.98    -6.56      0.4291    -11.10 RIGHT   1.2568E-04    -31.69  5.9095E-05   -141.44
   65.00    325.00     -7.22   -15.31    -6.59      0.3527    -10.03 RIGHT   1.2873E-04    -27.46  5.0693E-05   -140.52
   70.00    325.00     -7.32   -17.01    -6.88      0.2911     -8.62 RIGHT   1.2714E-04    -24.69  4.1686E-05   -139.66
   75.00    325.00     -7.92   -19.28    -7.61      0.2404     -7.05 RIGHT   1.1873E-04    -23.34  3.2087E-05   -138.86
   80.00    325.00     -9.40   -22.59    -9.19      0.1972     -5.42 RIGHT   1.0015E-04    -23.53  2.1915E-05   -138.15
   85.00    325.00    -13.12   -28.42   -12.99      0.1588     -3.75 RIGHT   6.5249E-05    -25.70  1.1205E-05   -137.52
   90.00    325.00   -999.99  -999.99  -999.99      0.0000      0.00         5.2387E-15   -211.08  6.6863E-16   -317.00
    0.00    330.00     -4.67    -9.44    -3.42      0.0000     30.00 LINEAR  1.7264E-04   -152.68  9.9675E-05   -152.68
    5.00    330.00     -5.37    -9.55    -3.96      0.0453     31.65 RIGHT   1.5923E-04   -146.03  9.8390E-05   -151.83
   10.00    330.00     -6.14    -9.71    -4.56      0.0990     33.29 RIGHT   1.4574E-04   -138.65  9.6557E-05   -150.94
   15.00    330.00     -6.96    -9.93    -5.18      0.1637     34.84 RIGHT   1.3260E-04   -130.29  9.4199E-05   -150.02
   20.00    330.00     -7.79   -10.20    -5.82      0.2427     36.16 RIGHT   1.2044E-04   -120.64  9.1335E-05   -149.07
   25.00    330.00     -8.57   -10.52    -6.43      0.3394     36.91 RIGHT   1.1014E-04   -109.47  8.7978E-05   -148.09
   30.00    330.00     -9.18   -10.91    -6.95      0.4555     36.28 RIGHT   1.0269E-04    -96.77  8.4138E-05   -147.08
   35.00    330.00     -9.50   -11.37    -7.32      0.5834     32.25 RIGHT   9.8967E-05    -83.08  7.9818E-05   -146.04
   40.00    330.00     -9.47   -11.91    -7.51      0.6832     20.63 RIGHT   9.9293E-05    -69.42  7.5017E-05   -144.99
   45.00    330.00     -9.14   -12.54    -7.51      0.6736      3.76 RIGHT   1.0313E-04    -56.96  6.9733E-05   -143.93
   50.00    330.00     -8.64   -13.29    -7.36      0.5781     -5.65 RIGHT   1.0923E-04    -46.44  6.3960E-05   -142.87
   55.00    330.00     -8.12   -14.19    -7.16      0.4744     -8.75 RIGHT   1.1598E-04    -38.04  5.7690E-05   -141.83
   60.00    330.00     -7.70   -15.27    -7.00      0.3865     -9.22 RIGHT   1.2172E-04    -31.62  5.0918E-05   -140.82
   65.00    330.00     -7.49   -16.61    -6.98      0.3157     -8.61 RIGHT   1.2478E-04    -26.97  4.3642E-05   -139.85
   70.00    330.00     -7.58   -18.32    -7.23      0.2591     -7.52 RIGHT   1.2340E-04    -23.89  3.5863E-05   -138.95
   75.00    330.00     -8.17   -20.59    -7.93      0.2129     -6.23 RIGHT   1.1537E-04    -22.32  2.7589E-05   -138.12
   80.00    330.00     -9.64   -23.91    -9.48      0.1740     -4.82 RIGHT   9.7418E-05    -22.37  1.8836E-05   -137.38
   85.00    330.00    -13.35   -29.74   -13.25      0.1398     -3.36 RIGHT   6.3506E-05    -24.46  9.6281E-06   -136.75
   90.00    330.00   -999.99  -999.99  -999.99      0.0000      0.00         5.0998E-15   -209.81  5.7453E-16   -316.22
    0.00    335.00     -4.27   -10.90    -3.42      0.0000     25.00 LINEAR  1.8067E-04   -152.68  8.4249E-05   -152.68
    5.00    335.00     -4.95   -11.01    -3.99      0.0384     26.40 RIGHT   1.6700E-04   -146.27  8.3119E-05   -151.79
   10.00    335.00     -5.71   -11.18    -4.63      0.0844     27.76 RIGHT   1.5304E-04   -139.21  8.1518E-05   -150.86
   15.00    335.00     -6.54   -11.40    -5.31      0.1404     29.04 RIGHT   1.3920E-04   -131.25  7.9469E-05   -149.90
   20.00    335.00     -7.40   -11.68    -6.02      0.2095     30.04 RIGHT   1.2608E-04   -122.09  7.6988E-05   -148.90
   25.00    335.00     -8.23   -12.01    -6.71      0.2945     30.41 RIGHT   1.1451E-04   -111.43  7.4092E-05   -147.88
   30.00    335.00     -8.94   -12.41    -7.33      0.3955     29.34 RIGHT   1.0553E-04    -99.16  7.0789E-05   -146.82
   35.00    335.00     -9.40   -12.88    -7.79      0.5021     25.23 RIGHT   1.0012E-04    -85.61  6.7088E-05   -145.73
   40.00    335.00     -9.51   -13.42    -8.03      0.5780     16.12 RIGHT   9.8829E-05    -71.71  6.2989E-05   -144.63
   45.00    335.00     -9.29   -14.07    -8.04      0.5724      4.43 RIGHT   1.0137E-04    -58.70  5.8494E-05   -143.52
   50.00    335.00     -8.86   -14.83    -7.88      0.4998     -3.29 RIGHT   1.0657E-04    -47.50  5.3599E-05   -142.41
   55.00    335.00     -8.36   -15.73    -7.63      0.4129     -6.56 RIGHT   1.1282E-04    -38.48  4.8301E-05   -141.33
   60.00    335.00     -7.95   -16.82    -7.42      0.3358     -7.43 RIGHT   1.1835E-04    -31.56  4.2596E-05   -140.27
   65.00    335.00     -7.72   -18.17    -7.35      0.2731     -7.16 RIGHT   1.2143E-04    -26.52  3.6483E-05   -139.27
   70.00    335.00     -7.81   -19.88    -7.55      0.2229     -6.37 RIGHT   1.2023E-04    -23.17  2.9961E-05   -138.33
   75.00    335.00     -8.38   -22.16    -8.20      0.1824     -5.32 RIGHT   1.1254E-04    -21.40  2.3037E-05   -137.47
   80.00    335.00     -9.84   -25.48    -9.73      0.1486     -4.15 RIGHT   9.5108E-05    -21.32  1.5723E-05   -136.72
   85.00    335.00    -13.56   -31.31   -13.48      0.1192     -2.91 RIGHT   6.2035E-05    -23.34  8.0348E-06   -136.06
   90.00    335.00   -999.99  -999.99  -999.99      0.0000      0.00         4.9827E-15   -208.67  4.7944E-16   -315.54
    0.00    340.00     -3.96   -12.74    -3.42      0.0000     20.00 LINEAR  1.8733E-04   -152.68  6.8182E-05   -152.68
    5.00    340.00     -4.63   -12.86    -4.02      0.0312     21.13 RIGHT   1.7344E-04   -146.45  6.7238E-05   -151.75
   10.00    340.00     -5.38   -13.03    -4.69      0.0688     22.23 RIGHT   1.5910E-04   -139.62  6.5908E-05   -150.79
   15.00    340.00     -6.20   -13.26    -5.42      0.1150     23.23 RIGHT   1.4469E-04   -131.97  6.4210E-05   -149.80
   20.00    340.00     -7.08   -13.54    -6.19      0.1725     23.96 RIGHT   1.3079E-04   -123.17  6.2162E-05   -148.76
   25.00    340.00     -7.95   -13.88    -6.97      0.2433     24.07 RIGHT   1.1822E-04   -112.91  5.9778E-05   -147.70
   30.00    340.00     -8.74   -14.28    -7.67      0.3266     22.86 RIGHT   1.0800E-04   -101.00  5.7067E-05   -146.60
   35.00    340.00     -9.30   -14.75    -8.21      0.4112     19.24 RIGHT   1.0122E-04    -87.62  5.4037E-05   -145.48
   40.00    340.00     -9.53   -15.31    -8.51      0.4680     12.38 RIGHT   9.8583E-05    -73.59  5.0692E-05   -144.33
   45.00    340.00     -9.41   -15.96    -8.54      0.4649      4.17 RIGHT   1.0000E-04    -60.15  4.7034E-05   -143.18
   50.00    340.00     -9.03   -16.73    -8.35      0.4112     -1.80 RIGHT   1.0444E-04    -48.39  4.3063E-05   -142.03
   55.00    340.00     -8.56   -17.64    -8.06      0.3419     -4.76 RIGHT   1.1024E-04    -38.84  3.8776E-05   -140.90
   60.00    340.00     -8.15   -18.74    -7.79      0.2780     -5.75 RIGHT   1.1560E-04    -31.49  3.4172E-05   -139.81
   65.00    340.00     -7.92   -20.09    -7.66      0.2253     -5.71 RIGHT   1.1869E-04    -26.13  2.9249E-05   -138.77
   70.00    340.00     -8.00   -21.80    -7.82      0.1831     -5.15 RIGHT   1.1764E-04    -22.54  2.4008E-05   -137.81
   75.00    340.00     -8.56   -24.09    -8.44      0.1492     -4.34 RIGHT   1.1022E-04    -20.61  1.8452E-05   -136.93
   80.00    340.00    -10.02   -27.41    -9.94      0.1212     -3.41 RIGHT   9.3225E-05    -20.42  1.2589E-05   -136.15
   85.00    340.00    -13.73   -33.24   -13.68      0.0971     -2.40 RIGHT   6.0837E-05    -22.38  6.4322E-06   -135.49
   90.00    340.00   -999.99  -999.99  -999.99      0.0000      0.00         4.8873E-15   -207.69  3.8377E-16   -314.95
    0.00    345.00     -3.72   -15.16    -3.42      0.0000     15.00 LINEAR  1.9256E-04   -152.68  5.1596E-05   -152.68
    5.00    345.00     -4.38   -15.28    -4.04      0.0237     15.85 RIGHT   1.7849E-04   -146.58  5.0864E-05   -151.73
   10.00    345.00     -5.12   -15.46    -4.74      0.0524     16.68 RIGHT   1.6385E-04   -139.93  4.9836E-05   -150.74
   15.00    345.00     -5.94   -15.69    -5.51      0.0879     17.42 RIGHT   1.4900E-04   -132.49  4.8529E-05   -149.72
   20.00    345.00     -6.83   -15.98    -6.33      0.1323     17.92 RIGHT   1.3451E-04   -123.96  4.6954E-05   -148.66
   25.00    345.00     -7.74   -16.32    -7.18      0.1871     17.89 RIGHT   1.2117E-04   -114.00  4.5125E-05   -147.56
   30.00    345.00     -8.58   -16.73    -7.96      0.2508     16.79 RIGHT   1.1002E-04   -102.37  4.3051E-05   -146.43
   35.00    345.00     -9.22   -17.21    -8.58      0.3137     13.93 RIGHT   1.0217E-04    -89.15  4.0737E-05   -145.27
   40.00    345.00     -9.54   -17.77    -8.93      0.3544      9.04 RIGHT   9.8474E-05    -75.04  3.8189E-05   -144.09
   45.00    345.00     -9.50   -18.43    -8.97      0.3528      3.41 RIGHT   9.8996E-05    -61.29  3.5409E-05   -142.91
   50.00    345.00     -9.17   -19.20    -8.76      0.3148     -0.92 RIGHT   1.0280E-04    -49.11  3.2398E-05   -141.73
   55.00    345.00     -8.72   -20.11    -8.42      0.2632     -3.28 RIGHT   1.0824E-04    -39.13  2.9155E-05   -140.57
   60.00    345.00     -8.31   -21.22    -8.10      0.2141     -4.20 RIGHT   1.1345E-04    -31.43  2.5678E-05   -139.45
   65.00    345.00     -8.08   -22.57    -7.93      0.1731     -4.27 RIGHT   1.1655E-04    -25.80  2.1968E-05   -138.38
   70.00    345.00     -8.15   -24.29    -8.04      0.1402     -3.90 RIGHT   1.1562E-04    -22.02  1.8023E-05   -137.39
   75.00    345.00     -8.71   -26.58    -8.64      0.1139     -3.31 RIGHT   1.0843E-04    -19.96  1.3847E-05   -136.49
   80.00    345.00    -10.16   -29.90   -10.11      0.0923     -2.61 RIGHT   9.1766E-05    -19.69  9.4453E-06   -135.70
   85.00    345.00    -13.86   -35.74   -13.83      0.0738     -1.84 RIGHT   5.9910E-05    -21.60  4.8252E-06   -135.03
   90.00    345.00   -999.99  -999.99  -999.99      0.0000      0.00         4.8134E-15   -206.89  2.8788E-16   -314.49
    0.00    350.00     -3.55   -18.62    -3.42      0.0000     10.00 LINEAR  1.9632E-04   -152.68  3.4617E-05   -152.68
    5.00    350.00     -4.20   -18.75    -4.05      0.0159     10.57 RIGHT   1.8213E-04   -146.67  3.4117E-05   -151.71
   10.00    350.00     -4.94   -18.93    -4.77      0.0353     11.13 RIGHT   1.6727E-04   -140.13  3.3418E-05   -150.70
   15.00    350.00     -5.77   -19.16    -5.57      0.0594     11.61 RIGHT   1.5211E-04   -132.84  3.2529E-05   -149.66
   20.00    350.00     -6.66   -19.45    -6.44      0.0896     11.92 RIGHT   1.3720E-04   -124.49  3.1461E-05   -148.58
   25.00    350.00     -7.59   -19.80    -7.33      0.1269     11.84 RIGHT   1.2332E-04   -114.75  3.0222E-05   -147.46
   30.00    350.00     -8.46   -20.22    -8.18      0.1700     11.03 RIGHT   1.1150E-04   -103.32  2.8819E-05   -146.30
   35.00    350.00     -9.16   -20.70    -8.87      0.2116      9.07 RIGHT   1.0290E-04    -90.22  2.7256E-05   -145.12
   40.00    350.00     -9.55   -21.26    -9.26      0.2379      5.92 RIGHT   9.8441E-05    -76.08  2.5539E-05   -143.92
   45.00    350.00     -9.56   -21.93    -9.31      0.2371      2.39 RIGHT   9.8306E-05    -62.12  2.3668E-05   -142.71
   50.00    350.00     -9.27   -22.70    -9.07      0.2128     -0.42 RIGHT   1.0164E-04    -49.63  2.1644E-05   -141.51
   55.00    350.00     -8.84   -23.62    -8.69      0.1787     -2.05 RIGHT   1.0682E-04    -39.34  1.9469E-05   -140.33
   60.00    350.00     -8.43   -24.73    -8.33      0.1455     -2.74 RIGHT   1.1192E-04    -31.39  1.7140E-05   -139.18
   65.00    350.00     -8.19   -26.09    -8.12      0.1174     -2.84 RIGHT   1.1503E-04    -25.56  1.4658E-05   -138.10
   70.00    350.00     -8.26   -27.81    -8.21      0.0949     -2.61 RIGHT   1.1418E-04    -21.64  1.2022E-05   -137.09
   75.00    350.00     -8.81   -30.10    -8.78      0.0769     -2.23 RIGHT   1.0715E-04    -19.49  9.2344E-06   -136.18
   80.00    350.00    -10.25   -33.43   -10.23      0.0622     -1.76 RIGHT   9.0728E-05    -19.15  6.2975E-06   -135.38
   85.00    350.00    -13.95   -39.26   -13.94      0.0497     -1.25 RIGHT   5.9251E-05    -21.02  3.2168E-06   -134.70
   90.00    350.00   -999.99  -999.99  -999.99      0.0000      0.00         4.7609E-15   -206.31  1.9190E-16   -314.16
    0.00    355.00     -3.45   -24.61    -3.42      0.0000      5.00 LINEAR  1.9859E-04   -152.68  1.7375E-05   -152.68
    5.00    355.00     -4.10   -24.74    -4.06      0.0080      5.29 RIGHT   1.8432E-04   -146.72  1.7121E-05   -151.70
   10.00    355.00     -4.83   -24.92    -4.79      0.0178      5.56 RIGHT   1.6933E-04   -140.25  1.6767E-05   -150.68
   15.00    355.00     -5.66   -25.16    -5.61      0.0299      5.80 RIGHT   1.5398E-04   -133.04  1.6318E-05   -149.62
   20.00    355.00     -6.56   -25.45    -6.50      0.0452      5.95 RIGHT   1.3882E-04   -124.80  1.5778E-05   -148.53
   25.00    355.00     -7.50   -25.80    -7.43      0.0641      5.90 RIGHT   1.2462E-04   -115.18  1.5152E-05   -147.40
   30.00    355.00     -8.39   -26.21    -8.32      0.0858      5.46 RIGHT   1.1241E-04   -103.87  1.4444E-05   -146.23
   35.00    355.00     -9.12   -26.70    -9.05      0.1065      4.47 RIGHT   1.0336E-04    -90.86  1.3657E-05   -145.03
   40.00    355.00     -9.55   -27.27    -9.47      0.1194      2.93 RIGHT   9.8438E-05    -76.70  1.2793E-05   -143.82
   45.00    355.00     -9.59   -27.93    -9.53      0.1192      1.23 RIGHT   9.7904E-05    -62.62  1.1852E-05   -142.59
   50.00    355.00     -9.33   -28.71    -9.28      0.1073     -0.16 RIGHT   1.0096E-04    -49.95  1.0835E-05   -141.38
   55.00    355.00     -8.91   -29.63    -8.87      0.0903     -0.99 RIGHT   1.0597E-04    -39.47  9.7435E-06   -140.18
   60.00    355.00     -8.50   -30.74    -8.48      0.0736     -1.35 RIGHT   1.1101E-04    -31.35  8.5758E-06   -139.02
   65.00    355.00     -8.26   -32.10    -8.24      0.0593     -1.41 RIGHT   1.1411E-04    -25.41  7.3322E-06   -137.93
   70.00    355.00     -8.32   -33.83    -8.31      0.0479     -1.31 RIGHT   1.1332E-04    -21.41  6.0126E-06   -136.91
   75.00    355.00     -8.87   -36.12    -8.86      0.0387     -1.12 RIGHT   1.0638E-04    -19.19  4.6177E-06   -135.99
   80.00    355.00    -10.31   -39.45   -10.31      0.0313     -0.89 RIGHT   9.0108E-05    -18.82  3.1488E-06   -135.18
   85.00    355.00    -14.01   -45.28   -14.01      0.0250     -0.63 RIGHT   5.8857E-05    -20.67  1.6083E-06   -134.50
   90.00    355.00   -999.99  -999.99  -999.99      0.0000      0.00         4.7296E-15   -205.95  9.5949E-17   -313.96


  AVERAGE POWER GAIN:  4.4187E-01 - SOLID ANGLE USED IN AVERAGING: (+1.9722)*PI STERADIANS



  DATA CARD No:   8 EN   0     0     0     0  0.00000E+00  0.00000E+00  0.00000E+00  0.00000E+00  0.00000E+00  0.00000E+00

  TOTAL RUN TIME: 50 msec