


                               __________________________________________
                              |                                          |
                              |  NUMERICAL ELECTROMAGNETICS CODE (nec2c) |
                              |   Translated to 'C' in Double Precision  |
                              |__________________________________________|



                               ---------------- COMMENTS ----------------
                               pattern-doublet-44p0-None-30m
                              



                               -------- STRUCTURE SPECIFICATION --------
                                     COORDINATES MUST BE INPUT IN
                                     METERS OR BE SCALED TO METERS
                                     BEFORE STRUCTURE INPUT IS ENDED

  WIRE                                                                                 SEG FIRST  LAST  TAG
   No:        X1         Y1         Z1         X2         Y2         Z2       RADIUS   No:   SEG   SEG  No:
     1    -2.79354    0.00000    3.04800   -0.01000    0.00000    9.14400    0.00024    61     1    61    1
     2    -0.01000    0.00000    9.14400    0.01000    0.00000    9.14400    0.00024     1    62    62    2
     3     0.01000    0.00000    9.14400    2.79354    0.00000    3.04800    0.00024    61    63   123    3

     TOTAL SEGMENTS USED: 123   SEGMENTS IN A SYMMETRIC CELL: 123   SYMMETRY FLAG: 0


                               ---------- SEGMENTATION DATA ----------
                                        COORDINATES IN METERS
                            I+ AND I- INDICATE THE SEGMENTS BEFORE AND AFTER I

   SEG    COORDINATES OF SEGM CENTER     SEGM    ORIENTATION ANGLES    WIRE    CONNECTION DATA   TAG
   No:       X         Y         Z      LENGTH     ALPHA      BETA    RADIUS    I-     I    I+   No:
     1   -2.7707    0.0000    3.0980    0.1099   65.4577    0.0000    0.0002     0     1     2     1
     2   -2.7251    0.0000    3.1979    0.1099   65.4577    0.0000    0.0002     1     2     3     1
     3   -2.6795    0.0000    3.2978    0.1099   65.4577    0.0000    0.0002     2     3     4     1
     4   -2.6338    0.0000    3.3978    0.1099   65.4577    0.0000    0.0002     3     4     5     1
     5   -2.5882    0.0000    3.4977    0.1099   65.4577    0.0000    0.0002     4     5     6     1
     6   -2.5426    0.0000    3.5976    0.1099   65.4577    0.0000    0.0002     5     6     7     1
     7   -2.4969    0.0000    3.6976    0.1099   65.4577    0.0000    0.0002     6     7     8     1
     8   -2.4513    0.0000    3.7975    0.1099   65.4577    0.0000    0.0002     7     8     9     1
     9   -2.4057    0.0000    3.8974    0.1099   65.4577    0.0000    0.0002     8     9    10     1
    10   -2.3600    0.0000    3.9974    0.1099   65.4577    0.0000    0.0002     9    10    11     1
    11   -2.3144    0.0000    4.0973    0.1099   65.4577    0.0000    0.0002    10    11    12     1
    12   -2.2688    0.0000    4.1972    0.1099   65.4577    0.0000    0.0002    11    12    13     1
    13   -2.2231    0.0000    4.2972    0.1099   65.4577    0.0000    0.0002    12    13    14     1
    14   -2.1775    0.0000    4.3971    0.1099   65.4577    0.0000    0.0002    13    14    15     1
    15   -2.1319    0.0000    4.4970    0.1099   65.4577    0.0000    0.0002    14    15    16     1
    16   -2.0862    0.0000    4.5970    0.1099   65.4577    0.0000    0.0002    15    16    17     1
    17   -2.0406    0.0000    4.6969    0.1099   65.4577    0.0000    0.0002    16    17    18     1
    18   -1.9950    0.0000    4.7969    0.1099   65.4577    0.0000    0.0002    17    18    19     1
    19   -1.9494    0.0000    4.8968    0.1099   65.4577    0.0000    0.0002    18    19    20     1
    20   -1.9037    0.0000    4.9967    0.1099   65.4577    0.0000    0.0002    19    20    21     1
    21   -1.8581    0.0000    5.0967    0.1099   65.4577    0.0000    0.0002    20    21    22     1
    22   -1.8125    0.0000    5.1966    0.1099   65.4577    0.0000    0.0002    21    22    23     1
    23   -1.7668    0.0000    5.2965    0.1099   65.4577    0.0000    0.0002    22    23    24     1
    24   -1.7212    0.0000    5.3965    0.1099   65.4577    0.0000    0.0002    23    24    25     1
    25   -1.6756    0.0000    5.4964    0.1099   65.4577    0.0000    0.0002    24    25    26     1
    26   -1.6299    0.0000    5.5963    0.1099   65.4577    0.0000    0.0002    25    26    27     1
    27   -1.5843    0.0000    5.6963    0.1099   65.4577    0.0000    0.0002    26    27    28     1
    28   -1.5387    0.0000    5.7962    0.1099   65.4577    0.0000    0.0002    27    28    29     1
    29   -1.4930    0.0000    5.8961    0.1099   65.4577    0.0000    0.0002    28    29    30     1
    30   -1.4474    0.0000    5.9961    0.1099   65.4577    0.0000    0.0002    29    30    31     1
    31   -1.4018    0.0000    6.0960    0.1099   65.4577    0.0000    0.0002    30    31    32     1
    32   -1.3561    0.0000    6.1959    0.1099   65.4577    0.0000    0.0002    31    32    33     1
    33   -1.3105    0.0000    6.2959    0.1099   65.4577    0.0000    0.0002    32    33    34     1
    34   -1.2649    0.0000    6.3958    0.1099   65.4577    0.0000    0.0002    33    34    35     1
    35   -1.2192    0.0000    6.4957    0.1099   65.4577    0.0000    0.0002    34    35    36     1
    36   -1.1736    0.0000    6.5957    0.1099   65.4577    0.0000    0.0002    35    36    37     1
    37   -1.1280    0.0000    6.6956    0.1099   65.4577    0.0000    0.0002    36    37    38     1
    38   -1.0823    0.0000    6.7955    0.1099   65.4577    0.0000    0.0002    37    38    39     1
    39   -1.0367    0.0000    6.8955    0.1099   65.4577    0.0000    0.0002    38    39    40     1
    40   -0.9911    0.0000    6.9954    0.1099   65.4577    0.0000    0.0002    39    40    41     1
    41   -0.9455    0.0000    7.0953    0.1099   65.4577    0.0000    0.0002    40    41    42     1
    42   -0.8998    0.0000    7.1953    0.1099   65.4577    0.0000    0.0002    41    42    43     1
    43   -0.8542    0.0000    7.2952    0.1099   65.4577    0.0000    0.0002    42    43    44     1
    44   -0.8086    0.0000    7.3951    0.1099   65.4577    0.0000    0.0002    43    44    45     1
    45   -0.7629    0.0000    7.4951    0.1099   65.4577    0.0000    0.0002    44    45    46     1
    46   -0.7173    0.0000    7.5950    0.1099   65.4577    0.0000    0.0002    45    46    47     1
    47   -0.6717    0.0000    7.6950    0.1099   65.4577    0.0000    0.0002    46    47    48     1
    48   -0.6260    0.0000    7.7949    0.1099   65.4577    0.0000    0.0002    47    48    49     1
    49   -0.5804    0.0000    7.8948    0.1099   65.4577    0.0000    0.0002    48    49    50     1
    50   -0.5348    0.0000    7.9948    0.1099   65.4577    0.0000    0.0002    49    50    51     1
    51   -0.4891    0.0000    8.0947    0.1099   65.4577    0.0000    0.0002    50    51    52     1
    52   -0.4435    0.0000    8.1946    0.1099   65.4577    0.0000    0.0002    51    52    53     1
    53   -0.3979    0.0000    8.2946    0.1099   65.4577    0.0000    0.0002    52    53    54     1
    54   -0.3522    0.0000    8.3945    0.1099   65.4577    0.0000    0.0002    53    54    55     1
    55   -0.3066    0.0000    8.4944    0.1099   65.4577    0.0000    0.0002    54    55    56     1
    56   -0.2610    0.0000    8.5944    0.1099   65.4577    0.0000    0.0002    55    56    57     1
    57   -0.2153    0.0000    8.6943    0.1099   65.4577    0.0000    0.0002    56    57    58     1
    58   -0.1697    0.0000    8.7942    0.1099   65.4577    0.0000    0.0002    57    58    59     1
    59   -0.1241    0.0000    8.8942    0.1099   65.4577    0.0000    0.0002    58    59    60     1
    60   -0.0784    0.0000    8.9941    0.1099   65.4577    0.0000    0.0002    59    60    61     1
    61   -0.0328    0.0000    9.0940    0.1099   65.4577    0.0000    0.0002    60    61    62     1
    62    0.0000    0.0000    9.1440    0.0200    0.0000    0.0000    0.0002    61    62    63     2
    63    0.0328    0.0000    9.0940    0.1099  -65.4577    0.0000    0.0002    62    63    64     3
    64    0.0784    0.0000    8.9941    0.1099  -65.4577    0.0000    0.0002    63    64    65     3
    65    0.1241    0.0000    8.8942    0.1099  -65.4577    0.0000    0.0002    64    65    66     3
    66    0.1697    0.0000    8.7942    0.1099  -65.4577    0.0000    0.0002    65    66    67     3
    67    0.2153    0.0000    8.6943    0.1099  -65.4577    0.0000    0.0002    66    67    68     3
    68    0.2610    0.0000    8.5944    0.1099  -65.4577    0.0000    0.0002    67    68    69     3
    69    0.3066    0.0000    8.4944    0.1099  -65.4577    0.0000    0.0002    68    69    70     3
    70    0.3522    0.0000    8.3945    0.1099  -65.4577    0.0000    0.0002    69    70    71     3
    71    0.3979    0.0000    8.2946    0.1099  -65.4577    0.0000    0.0002    70    71    72     3
    72    0.4435    0.0000    8.1946    0.1099  -65.4577    0.0000    0.0002    71    72    73     3
    73    0.4891    0.0000    8.0947    0.1099  -65.4577    0.0000    0.0002    72    73    74     3
    74    0.5348    0.0000    7.9948    0.1099  -65.4577    0.0000    0.0002    73    74    75     3
    75    0.5804    0.0000    7.8948    0.1099  -65.4577    0.0000    0.0002    74    75    76     3
    76    0.6260    0.0000    7.7949    0.1099  -65.4577    0.0000    0.0002    75    76    77     3
    77    0.6717    0.0000    7.6950    0.1099  -65.4577    0.0000    0.0002    76    77    78     3
    78    0.7173    0.0000    7.5950    0.1099  -65.4577    0.0000    0.0002    77    78    79     3
    79    0.7629    0.0000    7.4951    0.1099  -65.4577    0.0000    0.0002    78    79    80     3
    80    0.8086    0.0000    7.3951    0.1099  -65.4577    0.0000    0.0002    79    80    81     3
    81    0.8542    0.0000    7.2952    0.1099  -65.4577    0.0000    0.0002    80    81    82     3
    82    0.8998    0.0000    7.1953    0.1099  -65.4577    0.0000    0.0002    81    82    83     3
    83    0.9455    0.0000    7.0953    0.1099  -65.4577    0.0000    0.0002    82    83    84     3
    84    0.9911    0.0000    6.9954    0.1099  -65.4577    0.0000    0.0002    83    84    85     3
    85    1.0367    0.0000    6.8955    0.1099  -65.4577    0.0000    0.0002    84    85    86     3
    86    1.0823    0.0000    6.7955    0.1099  -65.4577    0.0000    0.0002    85    86    87     3
    87    1.1280    0.0000    6.6956    0.1099  -65.4577    0.0000    0.0002    86    87    88     3
    88    1.1736    0.0000    6.5957    0.1099  -65.4577    0.0000    0.0002    87    88    89     3
    89    1.2192    0.0000    6.4957    0.1099  -65.4577    0.0000    0.0002    88    89    90     3
    90    1.2649    0.0000    6.3958    0.1099  -65.4577    0.0000    0.0002    89    90    91     3
    91    1.3105    0.0000    6.2959    0.1099  -65.4577    0.0000    0.0002    90    91    92     3
    92    1.3561    0.0000    6.1959    0.1099  -65.4577    0.0000    0.0002    91    92    93     3
    93    1.4018    0.0000    6.0960    0.1099  -65.4577    0.0000    0.0002    92    93    94     3
    94    1.4474    0.0000    5.9961    0.1099  -65.4577    0.0000    0.0002    93    94    95     3
    95    1.4930    0.0000    5.8961    0.1099  -65.4577    0.0000    0.0002    94    95    96     3
    96    1.5387    0.0000    5.7962    0.1099  -65.4577    0.0000    0.0002    95    96    97     3
    97    1.5843    0.0000    5.6963    0.1099  -65.4577    0.0000    0.0002    96    97    98     3
    98    1.6299    0.0000    5.5963    0.1099  -65.4577    0.0000    0.0002    97    98    99     3
    99    1.6756    0.0000    5.4964    0.1099  -65.4577    0.0000    0.0002    98    99   100     3
   100    1.7212    0.0000    5.3965    0.1099  -65.4577    0.0000    0.0002    99   100   101     3
   101    1.7668    0.0000    5.2965    0.1099  -65.4577    0.0000    0.0002   100   101   102     3
   102    1.8125    0.0000    5.1966    0.1099  -65.4577    0.0000    0.0002   101   102   103     3
   103    1.8581    0.0000    5.0967    0.1099  -65.4577    0.0000    0.0002   102   103   104     3
   104    1.9037    0.0000    4.9967    0.1099  -65.4577    0.0000    0.0002   103   104   105     3
   105    1.9494    0.0000    4.8968    0.1099  -65.4577    0.0000    0.0002   104   105   106     3
   106    1.9950    0.0000    4.7969    0.1099  -65.4577    0.0000    0.0002   105   106   107     3
   107    2.0406    0.0000    4.6969    0.1099  -65.4577    0.0000    0.0002   106   107   108     3
   108    2.0862    0.0000    4.5970    0.1099  -65.4577    0.0000    0.0002   107   108   109     3
   109    2.1319    0.0000    4.4970    0.1099  -65.4577    0.0000    0.0002   108   109   110     3
   110    2.1775    0.0000    4.3971    0.1099  -65.4577    0.0000    0.0002   109   110   111     3
   111    2.2231    0.0000    4.2972    0.1099  -65.4577    0.0000    0.0002   110   111   112     3
   112    2.2688    0.0000    4.1972    0.1099  -65.4577    0.0000    0.0002   111   112   113     3
   113    2.3144    0.0000    4.0973    0.1099  -65.4577    0.0000    0.0002   112   113   114     3
   114    2.3600    0.0000    3.9974    0.1099  -65.4577    0.0000    0.0002   113   114   115     3
   115    2.4057    0.0000    3.8974    0.1099  -65.4577    0.0000    0.0002   114   115   116     3
   116    2.4513    0.0000    3.7975    0.1099  -65.4577    0.0000    0.0002   115   116   117     3
   117    2.4969    0.0000    3.6976    0.1099  -65.4577    0.0000    0.0002   116   117   118     3
   118    2.5426    0.0000    3.5976    0.1099  -65.4577    0.0000    0.0002   117   118   119     3
   119    2.5882    0.0000    3.4977    0.1099  -65.4577    0.0000    0.0002   118   119   120     3
   120    2.6338    0.0000    3.3978    0.1099  -65.4577    0.0000    0.0002   119   120   121     3
   121    2.6795    0.0000    3.2978    0.1099  -65.4577    0.0000    0.0002   120   121   122     3
   122    2.7251    0.0000    3.1979    0.1099  -65.4577    0.0000    0.0002   121   122   123     3
   123    2.7707    0.0000    3.0980    0.1099  -65.4577    0.0000    0.0002   122   123     0     3



  DATA CARD No:   1 EK   0     0     0     0  0.00000E+00  0.00000E+00  0.00000E+00  0.00000E+00  0.00000E+00  0.00000E+00
  DATA CARD No:   2 LD   5     0     0     0  1.50000E+07  0.00000E+00  0.00000E+00  0.00000E+00  0.00000E+00  0.00000E+00
  DATA CARD No:   3 GN   2     0     0     0  1.30000E+01  5.00000E-03  0.00000E+00  0.00000E+00  0.00000E+00  0.00000E+00
  DATA CARD No:   4 FR   0     1     0     0  1.01200E+01  0.00000E+00  0.00000E+00  0.00000E+00  0.00000E+00  0.00000E+00
  DATA CARD No:   5 EX   0     2     1     0  1.00000E+00  0.00000E+00  0.00000E+00  0.00000E+00  0.00000E+00  0.00000E+00
  DATA CARD No:   6 PT  -1     0     0     0  0.00000E+00  0.00000E+00  0.00000E+00  0.00000E+00  0.00000E+00  0.00000E+00
  DATA CARD No:   7 RP   0    19    72  1001  0.00000E+00  0.00000E+00  5.00000E+00  5.00000E+00  1.00000E+03  0.00000E+00


                               --------- FREQUENCY --------
                                FREQUENCY : 1.0120E+01 MHz
                                WAVELENGTH: 2.9625E+01 Mtr

                        APPROXIMATE INTEGRATION EMPLOYED FOR SEGMENTS 
                        THAT ARE MORE THAN 1.000 WAVELENGTHS APART
                        THE EXTENDED THIN WIRE KERNEL WILL BE USED


                          ------ STRUCTURE IMPEDANCE LOADING ------
  LOCATION        RESISTANCE  INDUCTANCE  CAPACITANCE     IMPEDANCE (OHMS)   CONDUCTIVITY  CIRCUIT
  ITAG FROM THRU     OHMS       HENRYS      FARADS       REAL     IMAGINARY   MHOS/METER      TYPE
  ALL                                                                        1.5000E+07     WIRE  


                            -------- ANTENNA ENVIRONMENT --------
                            FINITE GROUND - SOMMERFELD SOLUTION
                            RELATIVE DIELECTRIC CONST: 13.000
                            CONDUCTIVITY:  5.000E-03 MHOS/METER
                            COMPLEX DIELECTRIC CONSTANT:  1.3000E+01-8.8814E+00j


                             ---------- MATRIX TIMING ----------
                               FILL: 10 msec  FACTOR: 10 msec


                        --------- ANTENNA INPUT PARAMETERS ---------
  TAG   SEG       VOLTAGE (VOLTS)         CURRENT (AMPS)         IMPEDANCE (OHMS)        ADMITTANCE (MHOS)     POWER
  No:   No:     REAL      IMAGINARY     REAL      IMAGINARY     REAL      IMAGINARY    REAL       IMAGINARY   (WATTS)
    2    62  1.0000E+00  0.0000E+00  7.0766E-04  6.0552E-03  1.9040E+01 -1.6292E+02  7.0766E-04  6.0552E-03  3.5383E-04


                               ---------- POWER BUDGET ---------
                               INPUT POWER   =  3.5383E-04 Watts
                               RADIATED POWER=  2.3225E-04 Watts
                               STRUCTURE LOSS=  1.2158E-04 Watts
                               NETWORK LOSS  =  0.0000E+00 Watts
                               EFFICIENCY    =   65.64 Percent


                             ---------- RADIATION PATTERNS -----------

                             RANGE:  1.000000E+03 METERS
                             EXP(-JKR)/R:  1.00000E-03 AT PHASE: -272.10 DEGREES

 ---- ANGLES -----     ----- POWER GAINS -----       ---- POLARIZATION ----   ---- E(THETA) ----    ----- E(PHI) ------
  THETA      PHI       VERTC    HORIZ    TOTAL       AXIAL      TILT  SENSE   MAGNITUDE    PHASE    MAGNITUDE     PHASE
 DEGREES   DEGREES        DB       DB       DB       RATIO   DEGREES            VOLTS/M   DEGREES     VOLTS/M   DEGREES
    0.00      0.00      2.81  -999.99     2.81      0.0000      0.00 LINEAR  2.0139E-04   -193.98  0.0000E+00   -272.10
    5.00      0.00      2.78  -999.99     2.78      0.0000      0.00 LINEAR  2.0066E-04   -194.03  0.0000E+00   -272.10
   10.00      0.00      2.69  -999.99     2.69      0.0000      0.00 LINEAR  1.9847E-04   -194.15  0.0000E+00   -272.10
   15.00      0.00      2.53  -999.99     2.53      0.0000      0.00 LINEAR  1.9485E-04   -194.36  0.0000E+00   -272.10
   20.00      0.00      2.30  -999.99     2.30      0.0000      0.00 LINEAR  1.8981E-04   -194.66  0.0000E+00   -272.10
   25.00      0.00      2.00  -999.99     2.00      0.0000      0.00 LINEAR  1.8342E-04   -195.05  0.0000E+00   -272.10
   30.00      0.00      1.63  -999.99     1.63      0.0000      0.00 LINEAR  1.7576E-04   -195.55  0.0000E+00   -272.10
   35.00      0.00      1.18  -999.99     1.18      0.0000      0.00 LINEAR  1.6694E-04   -196.16  0.0000E+00   -272.10
   40.00      0.00      0.66  -999.99     0.66      0.0000      0.00 LINEAR  1.5709E-04   -196.90  0.0000E+00   -272.10
   45.00      0.00      0.04  -999.99     0.04      0.0000      0.00 LINEAR  1.4641E-04   -197.77  0.0000E+00   -272.10
   50.00      0.00     -0.66  -999.99    -0.66      0.0000      0.00 LINEAR  1.3506E-04   -198.80  0.0000E+00   -272.10
   55.00      0.00     -1.45  -999.99    -1.45      0.0000      0.00 LINEAR  1.2326E-04   -199.98  0.0000E+00   -272.10
   60.00      0.00     -2.35  -999.99    -2.35      0.0000      0.00 LINEAR  1.1115E-04   -201.33  0.0000E+00   -272.10
   65.00      0.00     -3.37  -999.99    -3.37      0.0000      0.00 LINEAR  9.8769E-05   -202.87  0.0000E+00   -272.10
   70.00      0.00     -4.58  -999.99    -4.58      0.0000      0.00 LINEAR  8.5971E-05   -204.59  0.0000E+00   -272.10
   75.00      0.00     -6.10  -999.99    -6.10      0.0000      0.00 LINEAR  7.2193E-05   -206.54  0.0000E+00   -272.10
   80.00      0.00     -8.29  -999.99    -8.29      0.0000      0.00 LINEAR  5.6084E-05   -208.82  0.0000E+00   -272.10
   85.00      0.00    -12.50  -999.99   -12.50      0.0000      0.00 LINEAR  3.4552E-05   -211.72  0.0000E+00   -272.10
   90.00      0.00   -999.99  -999.99  -999.99      0.0000      0.00         2.6984E-15   -396.07  0.0000E+00   -272.10
    0.00      5.00      2.78   -18.38     2.81      0.0000     -5.00 LINEAR  2.0063E-04   -193.98  1.7553E-05   -373.98
    5.00      5.00      2.75   -18.37     2.78      0.0000     -5.02 LEFT    1.9990E-04   -194.03  1.7566E-05   -374.05
   10.00      5.00      2.65   -18.36     2.69      0.0001     -5.09 LEFT    1.9772E-04   -194.15  1.7601E-05   -374.23
   15.00      5.00      2.49   -18.33     2.53      0.0003     -5.20 LEFT    1.9411E-04   -194.36  1.7650E-05   -374.52
   20.00      5.00      2.27   -18.31     2.30      0.0004     -5.35 LEFT    1.8910E-04   -194.66  1.7693E-05   -374.91
   25.00      5.00      1.97   -18.30     2.01      0.0005     -5.53 LEFT    1.8273E-04   -195.05  1.7708E-05   -375.37
   30.00      5.00      1.60   -18.32     1.64      0.0006     -5.76 LEFT    1.7510E-04   -195.55  1.7664E-05   -375.87
   35.00      5.00      1.15   -18.39     1.20      0.0004     -6.02 LEFT    1.6632E-04   -196.16  1.7526E-05   -376.40
   40.00      5.00      0.62   -18.53     0.68      0.0000     -6.29 LEFT    1.5651E-04   -196.90  1.7251E-05   -376.92
   45.00      5.00      0.01   -18.76     0.07      0.0007     -6.57 RIGHT   1.4586E-04   -197.78  1.6799E-05   -377.42
   50.00      5.00     -0.69   -19.12    -0.63      0.0019     -6.83 RIGHT   1.3457E-04   -198.80  1.6124E-05   -377.86
   55.00      5.00     -1.48   -19.64    -1.42      0.0037     -7.05 RIGHT   1.2281E-04   -199.98  1.5186E-05   -378.24
   60.00      5.00     -2.38   -20.37    -2.31      0.0061     -7.17 RIGHT   1.1074E-04   -201.34  1.3951E-05   -378.54
   65.00      5.00     -3.41   -21.40    -3.34      0.0089     -7.16 RIGHT   9.8408E-05   -202.87  1.2394E-05   -378.74
   70.00      5.00     -4.61   -22.84    -4.55      0.0121     -6.96 RIGHT   8.5658E-05   -204.59  1.0505E-05   -378.84
   75.00      5.00     -6.13   -24.90    -6.07      0.0153     -6.52 RIGHT   7.1930E-05   -206.54  8.2878E-06   -378.84
   80.00      5.00     -8.32   -28.05    -8.28      0.0179     -5.80 RIGHT   5.5880E-05   -208.82  5.7674E-06   -378.71
   85.00      5.00    -12.53   -33.77   -12.50      0.0197     -4.83 RIGHT   3.4427E-05   -211.72  2.9852E-06   -378.48
   90.00      5.00   -999.99  -999.99  -999.99      0.0000      0.00         2.6887E-15   -396.08  1.7915E-16   -198.13
    0.00     10.00      2.68   -12.39     2.81      0.0000    -10.00 LINEAR  1.9833E-04   -193.98  3.4972E-05   -373.98
    5.00     10.00      2.65   -12.39     2.78      0.0001    -10.04 LEFT    1.9762E-04   -194.03  3.4998E-05   -374.05
   10.00     10.00      2.55   -12.37     2.69      0.0002    -10.17 LEFT    1.9546E-04   -194.15  3.5070E-05   -374.23
   15.00     10.00      2.39   -12.34     2.54      0.0005    -10.38 LEFT    1.9190E-04   -194.36  3.5167E-05   -374.52
   20.00     10.00      2.17   -12.32     2.32      0.0008    -10.68 LEFT    1.8695E-04   -194.66  3.5255E-05   -374.91
   25.00     10.00      1.87   -12.31     2.03      0.0010    -11.05 LEFT    1.8067E-04   -195.05  3.5286E-05   -375.37
   30.00     10.00      1.50   -12.34     1.68      0.0011    -11.49 LEFT    1.7313E-04   -195.55  3.5200E-05   -375.87
   35.00     10.00      1.05   -12.40     1.25      0.0008    -11.99 LEFT    1.6445E-04   -196.17  3.4925E-05   -376.40
   40.00     10.00      0.53   -12.54     0.74      0.0001    -12.52 LEFT    1.5476E-04   -196.90  3.4381E-05   -376.92
   45.00     10.00     -0.08   -12.77     0.14      0.0014    -13.07 RIGHT   1.4424E-04   -197.78  3.3480E-05   -377.42
   50.00     10.00     -0.78   -13.13    -0.54      0.0037    -13.58 RIGHT   1.3308E-04   -198.80  3.2137E-05   -377.86
   55.00     10.00     -1.58   -13.65    -1.32      0.0071    -13.99 RIGHT   1.2145E-04   -199.99  3.0269E-05   -378.24
   60.00     10.00     -2.48   -14.38    -2.21      0.0117    -14.23 RIGHT   1.0952E-04   -201.34  2.7809E-05   -378.54
   65.00     10.00     -3.50   -15.41    -3.23      0.0172    -14.21 RIGHT   9.7329E-05   -202.88  2.4706E-05   -378.74
   70.00     10.00     -4.71   -16.85    -4.45      0.0234    -13.82 RIGHT   8.4719E-05   -204.60  2.0940E-05   -378.85
   75.00     10.00     -6.22   -18.91    -6.00      0.0296    -12.97 RIGHT   7.1143E-05   -206.55  1.6522E-05   -378.84
   80.00     10.00     -8.42   -22.05    -8.23      0.0351    -11.59 RIGHT   5.5269E-05   -208.83  1.1498E-05   -378.72
   85.00     10.00    -12.62   -27.77   -12.49      0.0389     -9.67 RIGHT   3.4050E-05   -211.73  5.9512E-06   -378.48
   90.00     10.00   -999.99  -999.99  -999.99      0.0000      0.00         2.6592E-15   -396.08  3.5715E-16   -198.13
    0.00     15.00      2.51    -8.93     2.81      0.0000    -15.00 LINEAR  1.9453E-04   -193.98  5.2125E-05   -373.98
    5.00     15.00      2.48    -8.92     2.79      0.0001    -15.06 LEFT    1.9383E-04   -194.03  5.2164E-05   -374.05
   10.00     15.00      2.39    -8.90     2.70      0.0004    -15.25 LEFT    1.9172E-04   -194.15  5.2273E-05   -374.23
   15.00     15.00      2.23    -8.88     2.55      0.0007    -15.56 LEFT    1.8823E-04   -194.36  5.2419E-05   -374.52
   20.00     15.00      2.00    -8.85     2.34      0.0012    -15.99 LEFT    1.8339E-04   -194.66  5.2553E-05   -374.91
   25.00     15.00      1.70    -8.85     2.07      0.0015    -16.53 LEFT    1.7724E-04   -195.06  5.2603E-05   -375.37
   30.00     15.00      1.34    -8.87     1.73      0.0016    -17.17 LEFT    1.6986E-04   -195.56  5.2479E-05   -375.87
   35.00     15.00      0.89    -8.93     1.32      0.0012    -17.89 LEFT    1.6136E-04   -196.17  5.2074E-05   -376.40
   40.00     15.00      0.36    -9.07     0.83      0.0001    -18.65 LEFT    1.5186E-04   -196.91  5.1267E-05   -376.92
   45.00     15.00     -0.25    -9.30     0.26      0.0020    -19.43 RIGHT   1.4155E-04   -197.78  4.9928E-05   -377.42
   50.00     15.00     -0.95    -9.65    -0.40      0.0053    -20.15 RIGHT   1.3060E-04   -198.81  4.7929E-05   -377.86
   55.00     15.00     -1.74   -10.17    -1.16      0.0101    -20.74 RIGHT   1.1920E-04   -199.99  4.5147E-05   -378.24
   60.00     15.00     -2.64   -10.91    -2.04      0.0165    -21.08 RIGHT   1.0750E-04   -201.35  4.1480E-05   -378.54
   65.00     15.00     -3.66   -11.94    -3.06      0.0242    -21.06 RIGHT   9.5535E-05   -202.88  3.6855E-05   -378.75
   70.00     15.00     -4.87   -13.37    -4.29      0.0331    -20.52 RIGHT   8.3160E-05   -204.61  3.1239E-05   -378.85
   75.00     15.00     -6.39   -15.43    -5.88      0.0422    -19.31 RIGHT   6.9835E-05   -206.56  2.4648E-05   -378.84
   80.00     15.00     -8.58   -18.58    -8.16      0.0507    -17.33 RIGHT   5.4254E-05   -208.84  1.7153E-05   -378.72
   85.00     15.00    -12.79   -24.30   -12.49      0.0571    -14.54 RIGHT   3.3425E-05   -211.75  8.8786E-06   -378.48
   90.00     15.00   -999.99  -999.99  -999.99      0.0000      0.00         2.6104E-15   -396.10  5.3287E-16   -198.14
    0.00     20.00      2.27    -6.50     2.81      0.0000    -20.00 LINEAR  1.8925E-04   -193.98  6.8881E-05   -373.98
    5.00     20.00      2.24    -6.50     2.79      0.0001    -20.08 LEFT    1.8857E-04   -194.03  6.8934E-05   -374.05
   10.00     20.00      2.15    -6.48     2.71      0.0005    -20.32 LEFT    1.8653E-04   -194.15  6.9080E-05   -374.23
   15.00     20.00      1.99    -6.45     2.57      0.0009    -20.72 LEFT    1.8314E-04   -194.36  6.9278E-05   -374.52
   20.00     20.00      1.76    -6.43     2.38      0.0015    -21.27 LEFT    1.7844E-04   -194.66  6.9460E-05   -374.91
   25.00     20.00      1.47    -6.42     2.12      0.0019    -21.96 LEFT    1.7247E-04   -195.06  6.9533E-05   -375.37
   30.00     20.00      1.10    -6.44     1.80      0.0020    -22.77 LEFT    1.6531E-04   -195.56  6.9376E-05   -375.88
   35.00     20.00      0.65    -6.51     1.42      0.0015    -23.67 LEFT    1.5705E-04   -196.17  6.8848E-05   -376.40
   40.00     20.00      0.13    -6.64     0.96      0.0001    -24.63 LEFT    1.4783E-04   -196.91  6.7788E-05   -376.93
   45.00     20.00     -0.48    -6.87     0.42      0.0025    -25.60 RIGHT   1.3780E-04   -197.79  6.6026E-05   -377.42
   50.00     20.00     -1.18    -7.23    -0.22      0.0066    -26.49 RIGHT   1.2716E-04   -198.81  6.3389E-05   -377.87
   55.00     20.00     -1.97    -7.74    -0.95      0.0125    -27.22 RIGHT   1.1607E-04   -200.00  5.9716E-05   -378.25
   60.00     20.00     -2.87    -8.48    -1.81      0.0202    -27.65 RIGHT   1.0468E-04   -201.36  5.4871E-05   -378.55
   65.00     20.00     -3.89    -9.51    -2.84      0.0298    -27.62 RIGHT   9.3035E-05   -202.90  4.8756E-05   -378.75
   70.00     20.00     -5.10   -10.94    -4.09      0.0408    -26.97 RIGHT   8.0988E-05   -204.63  4.1330E-05   -378.85
   75.00     20.00     -6.61   -13.00    -5.72      0.0526    -25.49 RIGHT   6.8013E-05   -206.58  3.2612E-05   -378.84
   80.00     20.00     -8.81   -16.15    -8.07      0.0641    -23.02 RIGHT   5.2839E-05   -208.86  2.2696E-05   -378.72
   85.00     20.00    -13.01   -21.87   -12.48      0.0738    -19.46 RIGHT   3.2554E-05   -211.77  1.1748E-05   -378.49
   90.00     20.00   -999.99  -999.99  -999.99      0.0000      0.00         2.5423E-15   -396.12  7.0508E-16   -198.14
    0.00     25.00      1.96    -4.67     2.81      0.0000    -25.00 LINEAR  1.8252E-04   -193.98  8.5113E-05   -373.98
    5.00     25.00      1.93    -4.66     2.79      0.0001    -25.10 LEFT    1.8187E-04   -194.03  8.5180E-05   -374.05
   10.00     25.00      1.83    -4.64     2.72      0.0005    -25.38 LEFT    1.7991E-04   -194.15  8.5363E-05   -374.23
   15.00     25.00      1.68    -4.62     2.59      0.0011    -25.86 LEFT    1.7666E-04   -194.36  8.5614E-05   -374.53
   20.00     25.00      1.45    -4.59     2.42      0.0017    -26.51 LEFT    1.7214E-04   -194.66  8.5847E-05   -374.91
   25.00     25.00      1.16    -4.58     2.18      0.0022    -27.32 LEFT    1.6640E-04   -195.06  8.5947E-05   -375.37
   30.00     25.00      0.79    -4.60     1.89      0.0023    -28.27 LEFT    1.5951E-04   -195.56  8.5764E-05   -375.88
   35.00     25.00      0.35    -4.67     1.54      0.0017    -29.32 LEFT    1.5156E-04   -196.18  8.5123E-05   -376.41
   40.00     25.00     -0.18    -4.80     1.11      0.0001    -30.43 LEFT    1.4268E-04   -196.92  8.3825E-05   -376.93
   45.00     25.00     -0.79    -5.03     0.60      0.0029    -31.54 RIGHT   1.3302E-04   -197.79  8.1657E-05   -377.42
   50.00     25.00     -1.49    -5.38     0.00      0.0075    -32.56 RIGHT   1.2276E-04   -198.82  7.8406E-05   -377.87
   55.00     25.00     -2.28    -5.90    -0.71      0.0141    -33.39 RIGHT   1.1207E-04   -200.01  7.3873E-05   -378.25
   60.00     25.00     -3.17    -6.63    -1.56      0.0228    -33.87 RIGHT   1.0108E-04   -201.37  6.7887E-05   -378.55
   65.00     25.00     -4.20    -7.66    -2.58      0.0336    -33.85 RIGHT   8.9844E-05   -202.91  6.0329E-05   -378.75
   70.00     25.00     -5.40    -9.09    -3.85      0.0463    -33.13 RIGHT   7.8213E-05   -204.64  5.1144E-05   -378.86
   75.00     25.00     -6.92   -11.15    -5.53      0.0604    -31.46 RIGHT   6.5685E-05   -206.60  4.0359E-05   -378.85
   80.00     25.00     -9.11   -14.30    -7.96      0.0749    -28.62 RIGHT   5.1031E-05   -208.88  2.8089E-05   -378.73
   85.00     25.00    -13.32   -20.02   -12.48      0.0883    -24.43 RIGHT   3.1440E-05   -211.79  1.4540E-05   -378.49
   90.00     25.00   -999.99  -999.99  -999.99      0.0000      0.00         2.4554E-15   -396.15  8.7265E-16   -198.14
    0.00     30.00      1.57    -3.21     2.81      0.0000    -30.00 LINEAR  1.7441E-04   -193.98  1.0070E-04   -373.98
    5.00     30.00      1.53    -3.20     2.79      0.0002    -30.11 LEFT    1.7379E-04   -194.03  1.0078E-04   -374.05
   10.00     30.00      1.44    -3.18     2.73      0.0006    -30.43 LEFT    1.7192E-04   -194.15  1.0100E-04   -374.23
   15.00     30.00      1.28    -3.15     2.62      0.0013    -30.97 LEFT    1.6883E-04   -194.36  1.0131E-04   -374.53
   20.00     30.00      1.06    -3.13     2.46      0.0020    -31.69 LEFT    1.6453E-04   -194.66  1.0159E-04   -374.91
   25.00     30.00      0.77    -3.12     2.25      0.0025    -32.60 LEFT    1.5907E-04   -195.06  1.0172E-04   -375.37
   30.00     30.00      0.40    -3.14     1.99      0.0025    -33.65 LEFT    1.5250E-04   -195.56  1.0152E-04   -375.88
   35.00     30.00     -0.04    -3.20     1.67      0.0019    -34.81 LEFT    1.4493E-04   -196.18  1.0078E-04   -376.41
   40.00     30.00     -0.57    -3.33     1.28      0.0001    -36.03 LEFT    1.3646E-04   -196.92  9.9258E-05   -376.93
   45.00     30.00     -1.17    -3.56     0.81      0.0031    -37.24 RIGHT   1.2724E-04   -197.80  9.6707E-05   -377.43
   50.00     30.00     -1.87    -3.91     0.24      0.0081    -38.34 RIGHT   1.1744E-04   -198.83  9.2873E-05   -377.88
   55.00     30.00     -2.66    -4.42    -0.44      0.0151    -39.22 RIGHT   1.0722E-04   -200.02  8.7516E-05   -378.26
   60.00     30.00     -3.56    -5.16    -1.27      0.0243    -39.74 RIGHT   9.6722E-05   -201.39  8.0435E-05   -378.55
   65.00     30.00     -4.58    -6.18    -2.30      0.0358    -39.73 RIGHT   8.5976E-05   -202.93  7.1488E-05   -378.76
   70.00     30.00     -5.78    -7.62    -3.59      0.0496    -38.97 RIGHT   7.4851E-05   -204.66  6.0610E-05   -378.86
   75.00     30.00     -7.30    -9.67    -5.31      0.0654    -37.20 RIGHT   6.2863E-05   -206.62  4.7833E-05   -378.85
   80.00     30.00     -9.49   -12.82    -7.83      0.0828    -34.13 RIGHT   4.8840E-05   -208.91  3.3293E-05   -378.73
   85.00     30.00    -13.70   -18.54   -12.47      0.1004    -29.46 RIGHT   3.0091E-05   -211.82  1.7234E-05   -378.50
   90.00     30.00   -999.99  -999.99  -999.99      0.0000      0.00         2.3500E-15   -396.17  1.0344E-15   -198.15
    0.00     35.00      1.08    -2.01     2.81      0.0000    -35.00 LINEAR  1.6497E-04   -193.98  1.1551E-04   -373.98
    5.00     35.00      1.05    -2.01     2.80      0.0002    -35.12 LEFT    1.6439E-04   -194.03  1.1561E-04   -374.05
   10.00     35.00      0.96    -1.99     2.74      0.0007    -35.47 LEFT    1.6263E-04   -194.15  1.1587E-04   -374.23
   15.00     35.00      0.80    -1.96     2.65      0.0014    -36.04 LEFT    1.5972E-04   -194.36  1.1623E-04   -374.53
   20.00     35.00      0.58    -1.93     2.51      0.0021    -36.83 LEFT    1.5567E-04   -194.67  1.1658E-04   -374.92
   25.00     35.00      0.29    -1.92     2.33      0.0026    -37.80 LEFT    1.5052E-04   -195.06  1.1674E-04   -375.38
   30.00     35.00     -0.08    -1.94     2.10      0.0027    -38.92 LEFT    1.4433E-04   -195.57  1.1653E-04   -375.88
   35.00     35.00     -0.52    -2.00     1.81      0.0019    -40.14 LEFT    1.3719E-04   -196.19  1.1570E-04   -376.41
   40.00     35.00     -1.04    -2.13     1.46      0.0001    -41.42 LEFT    1.2919E-04   -196.93  1.1397E-04   -376.94
   45.00     35.00     -1.65    -2.36     1.02      0.0033    -42.67 RIGHT   1.2049E-04   -197.81  1.1106E-04   -377.43
   50.00     35.00     -2.34    -2.70     0.49      0.0084    -43.80 RIGHT   1.1123E-04   -198.84  1.0668E-04   -377.88
   55.00     35.00     -3.13    -3.22    -0.17      0.0155    -44.71 RIGHT   1.0156E-04   -200.04  1.0054E-04   -378.26
   60.00     35.00     -4.03    -3.95    -0.98      0.0248    -45.25 RIGHT   9.1627E-05   -201.40  9.2421E-05   -378.56
   65.00     35.00     -5.05    -4.97    -2.00      0.0366    -45.24 RIGHT   8.1454E-05   -202.95  8.2152E-05   -378.76
   70.00     35.00     -6.25    -6.41    -3.32      0.0508    -44.48 RIGHT   7.0919E-05   -204.69  6.9659E-05   -378.87
   75.00     35.00     -7.77    -8.46    -5.09      0.0679    -42.69 RIGHT   5.9564E-05   -206.65  5.4979E-05   -378.86
   80.00     35.00     -9.96   -11.61    -7.70      0.0877    -39.50 RIGHT   4.6278E-05   -208.94  3.8269E-05   -378.74
   85.00     35.00    -14.17   -17.33   -12.46      0.1095    -34.53 RIGHT   2.8512E-05   -211.85  1.9811E-05   -378.50
   90.00     35.00   -999.99  -999.99  -999.99      0.0000      0.00         2.2268E-15   -396.21  1.1890E-15   -198.16
    0.00     40.00      0.50    -1.02     2.81      0.0000    -40.00 LINEAR  1.5428E-04   -193.98  1.2945E-04   -373.98
    5.00     40.00      0.47    -1.02     2.80      0.0002    -40.12 LEFT    1.5373E-04   -194.03  1.2956E-04   -374.05
   10.00     40.00      0.38    -1.00     2.75      0.0007    -40.49 LEFT    1.5210E-04   -194.15  1.2986E-04   -374.23
   15.00     40.00      0.22    -0.97     2.68      0.0014    -41.09 LEFT    1.4939E-04   -194.36  1.3028E-04   -374.53
   20.00     40.00     -0.00    -0.94     2.56      0.0022    -41.90 LEFT    1.4562E-04   -194.67  1.3068E-04   -374.92
   25.00     40.00     -0.29    -0.93     2.41      0.0027    -42.91 LEFT    1.4083E-04   -195.07  1.3089E-04   -375.38
   30.00     40.00     -0.66    -0.94     2.21      0.0027    -44.05 LEFT    1.3506E-04   -195.57  1.3067E-04   -375.89
   35.00     40.00     -1.10    -1.00     1.96      0.0020    -45.30 LEFT    1.2840E-04   -196.19  1.2977E-04   -376.41
   40.00     40.00     -1.62    -1.13     1.64      0.0000    -46.59 LEFT    1.2094E-04   -196.94  1.2785E-04   -376.94
   45.00     40.00     -2.22    -1.36     1.24      0.0033    -47.85 RIGHT   1.1281E-04   -197.82  1.2462E-04   -377.44
   50.00     40.00     -2.91    -1.70     0.74      0.0084    -48.98 RIGHT   1.0416E-04   -198.85  1.1972E-04   -377.88
   55.00     40.00     -3.70    -2.22     0.11      0.0154    -49.87 RIGHT   9.5123E-05   -200.05  1.1285E-04   -378.27
   60.00     40.00     -4.59    -2.95    -0.68      0.0245    -50.41 RIGHT   8.5826E-05   -201.42  1.0375E-04   -378.56
   65.00     40.00     -5.62    -3.97    -1.70      0.0360    -50.41 RIGHT   7.6305E-05   -202.97  9.2238E-05   -378.77
   70.00     40.00     -6.82    -5.40    -3.04      0.0503    -49.68 RIGHT   6.6440E-05   -204.71  7.8220E-05   -378.87
   75.00     40.00     -8.33    -7.45    -4.86      0.0680    -47.92 RIGHT   5.5805E-05   -206.68  6.1742E-05   -378.86
   80.00     40.00    -10.53   -10.60    -7.55      0.0895    -44.74 RIGHT   4.3358E-05   -208.97  4.2980E-05   -378.74
   85.00     40.00    -14.73   -16.32   -12.44      0.1153    -39.65 RIGHT   2.6714E-05   -211.89  2.2251E-05   -378.51
   90.00     40.00   -999.99  -999.99  -999.99      0.0000      0.00         2.0863E-15   -396.24  1.3355E-15   -198.16
    0.00     45.00     -0.20    -0.20     2.81      0.0000    -45.00 LINEAR  1.4241E-04   -193.98  1.4241E-04   -373.98
    5.00     45.00     -0.23    -0.19     2.80      0.0002    -45.13 LEFT    1.4191E-04   -194.03  1.4253E-04   -374.05
   10.00     45.00     -0.32    -0.17     2.77      0.0007    -45.50 LEFT    1.4041E-04   -194.15  1.4287E-04   -374.23
   15.00     45.00     -0.47    -0.14     2.71      0.0014    -46.10 LEFT    1.3792E-04   -194.36  1.4334E-04   -374.53
   20.00     45.00     -0.69    -0.11     2.62      0.0022    -46.92 LEFT    1.3446E-04   -194.67  1.4380E-04   -374.92
   25.00     45.00     -0.98    -0.10     2.49      0.0027    -47.92 LEFT    1.3006E-04   -195.07  1.4405E-04   -375.38
   30.00     45.00     -1.35    -0.11     2.33      0.0027    -49.07 LEFT    1.2475E-04   -195.58  1.4384E-04   -375.89
   35.00     45.00     -1.78    -0.17     2.11      0.0019    -50.30 LEFT    1.1862E-04   -196.20  1.4287E-04   -376.42
   40.00     45.00     -2.30    -0.29     1.83      0.0000    -51.56 LINEAR  1.1175E-04   -196.94  1.4080E-04   -376.94
   45.00     45.00     -2.90    -0.52     1.46      0.0033    -52.78 RIGHT   1.0426E-04   -197.83  1.3726E-04   -377.44
   50.00     45.00     -3.60    -0.86     0.99      0.0081    -53.87 RIGHT   9.6277E-05   -198.87  1.3189E-04   -377.89
   55.00     45.00     -4.38    -1.37     0.39      0.0148    -54.74 RIGHT   8.7941E-05   -200.07  1.2434E-04   -378.27
   60.00     45.00     -5.27    -2.10    -0.40      0.0235    -55.25 RIGHT   7.9356E-05   -201.44  1.1434E-04   -378.57
   65.00     45.00     -6.30    -3.12    -1.42      0.0345    -55.26 RIGHT   7.0560E-05   -202.99  1.0166E-04   -378.78
   70.00     45.00     -7.50    -4.55    -2.77      0.0484    -54.57 RIGHT   6.1442E-05   -204.74  8.6224E-05   -378.88
   75.00     45.00     -9.01    -6.61    -4.64      0.0659    -52.90 RIGHT   5.1609E-05   -206.71  6.8066E-05   -378.87
   80.00     45.00    -11.20    -9.75    -7.41      0.0885    -49.84 RIGHT   4.0100E-05   -209.00  4.7385E-05   -378.75
   85.00     45.00    -15.41   -15.47   -12.43      0.1175    -44.79 RIGHT   2.4707E-05   -211.92  2.4533E-05   -378.51
   90.00     45.00   -999.99  -999.99  -999.99      0.0000      0.00         1.9296E-15   -396.27  1.4725E-15   -198.17
    0.00     50.00     -1.02     0.50     2.81      0.0000    -50.00 LINEAR  1.2945E-04   -193.98  1.5428E-04   -373.98
    5.00     50.00     -1.05     0.51     2.81      0.0002    -50.12 LEFT    1.2900E-04   -194.03  1.5441E-04   -374.05
   10.00     50.00     -1.15     0.53     2.78      0.0007    -50.49 LEFT    1.2765E-04   -194.15  1.5479E-04   -374.23
   15.00     50.00     -1.30     0.56     2.74      0.0014    -51.08 LEFT    1.2540E-04   -194.37  1.5532E-04   -374.53
   20.00     50.00     -1.52     0.59     2.67      0.0021    -51.88 LEFT    1.2227E-04   -194.67  1.5584E-04   -374.92
   25.00     50.00     -1.81     0.60     2.57      0.0026    -52.85 LEFT    1.1828E-04   -195.07  1.5614E-04   -375.38
   30.00     50.00     -2.17     0.59     2.44      0.0026    -53.96 LEFT    1.1348E-04   -195.58  1.5594E-04   -375.89
   35.00     50.00     -2.60     0.54     2.25      0.0018    -55.14 LEFT    1.0792E-04   -196.20  1.5491E-04   -376.42
   40.00     50.00     -3.12     0.41     2.00      0.0000    -56.34 RIGHT   1.0169E-04   -196.95  1.5269E-04   -376.95
   45.00     50.00     -3.72     0.19     1.67      0.0031    -57.49 RIGHT   9.4890E-05   -197.84  1.4888E-04   -377.45
   50.00     50.00     -4.41    -0.15     1.23      0.0076    -58.51 RIGHT   8.7642E-05   -198.88  1.4308E-04   -377.89
   55.00     50.00     -5.20    -0.66     0.65      0.0138    -59.32 RIGHT   8.0066E-05   -200.08  1.3493E-04   -378.28
   60.00     50.00     -6.09    -1.39    -0.12      0.0219    -59.80 RIGHT   7.2259E-05   -201.46  1.2409E-04   -378.58
   65.00     50.00     -7.11    -2.41    -1.14      0.0321    -59.82 RIGHT   6.4256E-05   -203.02  1.1035E-04   -378.78
   70.00     50.00     -8.31    -3.84    -2.51      0.0452    -59.19 RIGHT   5.5957E-05   -204.76  9.3603E-05   -378.88
   75.00     50.00     -9.82    -5.89    -4.42      0.0622    -57.65 RIGHT   4.7004E-05   -206.74  7.3898E-05   -378.88
   80.00     50.00    -12.02    -9.04    -7.27      0.0848    -54.78 RIGHT   3.6522E-05   -209.04  5.1449E-05   -378.76
   85.00     50.00    -16.22   -14.76   -12.42      0.1161    -49.94 RIGHT   2.2503E-05   -211.95  2.6638E-05   -378.52
   90.00     50.00   -999.99  -999.99  -999.99      0.0000      0.00         1.7575E-15   -396.31  1.5988E-15   -198.18
    0.00     55.00     -2.01     1.08     2.81      0.0000    -55.00 LINEAR  1.1551E-04   -193.98  1.6497E-04   -373.98
    5.00     55.00     -2.04     1.09     2.81      0.0002    -55.12 LEFT    1.1511E-04   -194.03  1.6512E-04   -374.05
   10.00     55.00     -2.14     1.11     2.79      0.0007    -55.47 LEFT    1.1391E-04   -194.15  1.6554E-04   -374.23
   15.00     55.00     -2.29     1.14     2.77      0.0013    -56.03 LEFT    1.1192E-04   -194.37  1.6611E-04   -374.53
   20.00     55.00     -2.51     1.17     2.72      0.0020    -56.79 LEFT    1.0914E-04   -194.67  1.6669E-04   -374.92
   25.00     55.00     -2.79     1.19     2.65      0.0024    -57.70 LEFT    1.0559E-04   -195.07  1.6704E-04   -375.38
   30.00     55.00     -3.15     1.18     2.54      0.0024    -58.73 LEFT    1.0132E-04   -195.58  1.6685E-04   -375.89
   35.00     55.00     -3.59     1.12     2.39      0.0017    -59.83 LEFT    9.6379E-05   -196.21  1.6578E-04   -376.42
   40.00     55.00     -4.10     1.00     2.17      0.0000    -60.94 RIGHT   9.0831E-05   -196.96  1.6344E-04   -376.95
   45.00     55.00     -4.70     0.78     1.86      0.0029    -61.99 RIGHT   8.4774E-05   -197.85  1.5939E-04   -377.45
   50.00     55.00     -5.39     0.44     1.45      0.0070    -62.93 RIGHT   7.8311E-05   -198.89  1.5322E-04   -377.90
   55.00     55.00     -6.17    -0.07     0.88      0.0126    -63.66 RIGHT   7.1552E-05   -200.10  1.4451E-04   -378.28
   60.00     55.00     -7.06    -0.79     0.13      0.0199    -64.10 RIGHT   6.4584E-05   -201.48  1.3292E-04   -378.58
   65.00     55.00     -8.08    -1.81    -0.89      0.0292    -64.13 RIGHT   5.7436E-05   -203.04  1.1822E-04   -378.79
   70.00     55.00     -9.28    -3.24    -2.28      0.0411    -63.56 RIGHT   5.0021E-05   -204.79  1.0029E-04   -378.89
   75.00     55.00    -10.80    -5.29    -4.22      0.0570    -62.17 RIGHT   4.2020E-05   -206.77  7.9186E-05   -378.88
   80.00     55.00    -12.99    -8.44    -7.13      0.0789    -59.56 RIGHT   3.2651E-05   -209.07  5.5135E-05   -378.76
   85.00     55.00    -17.19   -14.16   -12.40      0.1110    -55.08 RIGHT   2.0118E-05   -211.99  2.8547E-05   -378.53
   90.00     55.00   -999.99  -999.99  -999.99      0.0000      0.00         1.5712E-15   -396.34  1.7134E-15   -198.18
    0.00     60.00     -3.21     1.57     2.81      0.0000    -60.00 LINEAR  1.0070E-04   -193.98  1.7441E-04   -373.98
    5.00     60.00     -3.24     1.57     2.81      0.0002    -60.11 LEFT    1.0035E-04   -194.03  1.7457E-04   -374.05
   10.00     60.00     -3.33     1.60     2.81      0.0006    -60.43 LEFT    9.9308E-05   -194.15  1.7502E-04   -374.23
   15.00     60.00     -3.48     1.63     2.79      0.0012    -60.95 LEFT    9.7576E-05   -194.37  1.7565E-04   -374.53
   20.00     60.00     -3.70     1.66     2.77      0.0018    -61.64 LEFT    9.5164E-05   -194.67  1.7628E-04   -374.92
   25.00     60.00     -3.98     1.68     2.72      0.0022    -62.47 LEFT    9.2088E-05   -195.08  1.7667E-04   -375.39
   30.00     60.00     -4.34     1.67     2.64      0.0022    -63.40 LEFT    8.8379E-05   -195.59  1.7650E-04   -375.90
   35.00     60.00     -4.77     1.61     2.51      0.0015    -64.39 LEFT    8.4080E-05   -196.21  1.7541E-04   -376.43
   40.00     60.00     -5.29     1.49     2.32      0.0001    -65.38 RIGHT   7.9255E-05   -196.96  1.7296E-04   -376.96
   45.00     60.00     -5.88     1.28     2.04      0.0026    -66.32 RIGHT   7.3982E-05   -197.86  1.6871E-04   -377.45
   50.00     60.00     -6.57     0.93     1.64      0.0062    -67.15 RIGHT   6.8353E-05   -198.90  1.6220E-04   -377.90
   55.00     60.00     -7.35     0.43     1.10      0.0111    -67.80 RIGHT   6.2462E-05   -200.11  1.5300E-04   -378.29
   60.00     60.00     -8.24    -0.30     0.35      0.0175    -68.19 RIGHT   5.6385E-05   -201.49  1.4076E-04   -378.59
   65.00     60.00     -9.26    -1.31    -0.67      0.0257    -68.21 RIGHT   5.0150E-05   -203.06  1.2520E-04   -378.79
   70.00     60.00    -10.46    -2.74    -2.06      0.0363    -67.73 RIGHT   4.3678E-05   -204.81  1.0623E-04   -378.89
   75.00     60.00    -11.97    -4.79    -4.03      0.0506    -66.51 RIGHT   3.6693E-05   -206.79  8.3881E-05   -378.89
   80.00     60.00    -14.17    -7.94    -7.01      0.0710    -64.21 RIGHT   2.8512E-05   -209.10  5.8407E-05   -378.77
   85.00     60.00    -18.37   -13.65   -12.39      0.1024    -60.19 RIGHT   1.7568E-05   -212.02  3.0243E-05   -378.53
   90.00     60.00   -999.99  -999.99  -999.99      0.0000      0.00         1.3721E-15   -396.38  1.8152E-15   -198.18
    0.00     65.00     -4.67     1.96     2.81      0.0000    -65.00 LINEAR  8.5113E-05   -193.98  1.8252E-04   -373.98
    5.00     65.00     -4.70     1.97     2.82      0.0001    -65.10 LEFT    8.4820E-05   -194.03  1.8270E-04   -374.05
   10.00     65.00     -4.79     1.99     2.82      0.0005    -65.38 LEFT    8.3944E-05   -194.15  1.8317E-04   -374.23
   15.00     65.00     -4.94     2.02     2.82      0.0011    -65.84 LEFT    8.2487E-05   -194.37  1.8385E-04   -374.53
   20.00     65.00     -5.16     2.05     2.81      0.0016    -66.44 LEFT    8.0457E-05   -194.67  1.8453E-04   -374.92
   25.00     65.00     -5.44     2.08     2.78      0.0019    -67.17 LEFT    7.7867E-05   -195.08  1.8496E-04   -375.39
   30.00     65.00     -5.80     2.07     2.73      0.0019    -67.98 LEFT    7.4741E-05   -195.59  1.8481E-04   -375.90
   35.00     65.00     -6.23     2.02     2.62      0.0013    -68.84 LEFT    7.1117E-05   -196.22  1.8369E-04   -376.43
   40.00     65.00     -6.74     1.89     2.45      0.0001    -69.69 RIGHT   6.7046E-05   -196.97  1.8116E-04   -376.96
   45.00     65.00     -7.34     1.68     2.19      0.0022    -70.50 RIGHT   6.2595E-05   -197.86  1.7673E-04   -377.46
   50.00     65.00     -8.02     1.34     1.82      0.0053    -71.21 RIGHT   5.7841E-05   -198.91  1.6994E-04   -377.91
   55.00     65.00     -8.80     0.83     1.28      0.0095    -71.76 RIGHT   5.2862E-05   -200.12  1.6033E-04   -378.29
   60.00     65.00     -9.69     0.11     0.54      0.0149    -72.09 RIGHT   4.7725E-05   -201.51  1.4752E-04   -378.59
   65.00     65.00    -10.71    -0.91    -0.47      0.0219    -72.11 RIGHT   4.2450E-05   -203.07  1.3124E-04   -378.80
   70.00     65.00    -11.91    -2.33    -1.88      0.0309    -71.71 RIGHT   3.6975E-05   -204.83  1.1136E-04   -378.90
   75.00     65.00    -13.42    -4.38    -3.87      0.0434    -70.68 RIGHT   3.1063E-05   -206.82  8.7938E-05   -378.89
   80.00     65.00    -15.61    -7.53    -6.90      0.0615    -68.72 RIGHT   2.4138E-05   -209.12  6.1236E-05   -378.77
   85.00     65.00    -19.82   -13.24   -12.38      0.0906    -65.27 RIGHT   1.4873E-05   -212.05  3.1708E-05   -378.54
   90.00     65.00   -999.99  -999.99  -999.99      0.0000      0.00         1.1616E-15   -396.40  1.9032E-15   -198.19
    0.00     70.00     -6.50     2.27     2.81      0.0000    -70.00 LINEAR  6.8881E-05   -193.98  1.8925E-04   -373.98
    5.00     70.00     -6.53     2.28     2.82      0.0001    -70.08 LEFT    6.8645E-05   -194.03  1.8943E-04   -374.05
   10.00     70.00     -6.62     2.31     2.83      0.0004    -70.32 LEFT    6.7939E-05   -194.15  1.8993E-04   -374.23
   15.00     70.00     -6.78     2.34     2.84      0.0009    -70.70 LEFT    6.6765E-05   -194.37  1.9064E-04   -374.53
   20.00     70.00     -6.99     2.37     2.85      0.0013    -71.21 LEFT    6.5127E-05   -194.68  1.9137E-04   -374.93
   25.00     70.00     -7.27     2.39     2.84      0.0016    -71.81 LEFT    6.3038E-05   -195.08  1.9184E-04   -375.39
   30.00     70.00     -7.63     2.39     2.80      0.0015    -72.48 LEFT    6.0515E-05   -195.59  1.9171E-04   -375.90
   35.00     70.00     -8.06     2.33     2.71      0.0010    -73.19 LEFT    5.7589E-05   -196.22  1.9057E-04   -376.43
   40.00     70.00     -8.57     2.22     2.56      0.0001    -73.89 RIGHT   5.4299E-05   -196.98  1.8797E-04   -376.96
   45.00     70.00     -9.17     2.00     2.32      0.0018    -74.55 RIGHT   5.0701E-05   -197.87  1.8341E-04   -377.46
   50.00     70.00     -9.85     1.66     1.96      0.0044    -75.12 RIGHT   4.6856E-05   -198.92  1.7638E-04   -377.91
   55.00     70.00    -10.63     1.16     1.44      0.0077    -75.57 RIGHT   4.2828E-05   -200.13  1.6643E-04   -378.29
   60.00     70.00    -11.52     0.44     0.70      0.0121    -75.84 RIGHT   3.8669E-05   -201.52  1.5315E-04   -378.59
   65.00     70.00    -12.54    -0.58    -0.31      0.0178    -75.87 RIGHT   3.4398E-05   -203.09  1.3626E-04   -378.80
   70.00     70.00    -13.73    -2.01    -1.72      0.0252    -75.54 RIGHT   2.9963E-05   -204.85  1.1563E-04   -378.90
   75.00     70.00    -15.25    -4.06    -3.74      0.0354    -74.71 RIGHT   2.5173E-05   -206.84  9.1316E-05   -378.90
   80.00     70.00    -17.44    -7.20    -6.81      0.0507    -73.12 RIGHT   1.9561E-05   -209.15  6.3591E-05   -378.78
   85.00     70.00    -21.64   -12.91   -12.37      0.0759    -70.29 RIGHT   1.2053E-05   -212.07  3.2929E-05   -378.54
   90.00     70.00   -999.99  -999.99  -999.99      0.0000      0.00         9.4127E-16   -396.42  1.9765E-15   -198.19
    0.00     75.00     -8.93     2.51     2.81      0.0000    -75.00 LINEAR  5.2125E-05   -193.98  1.9453E-04   -373.98
    5.00     75.00     -8.96     2.52     2.82      0.0001    -75.06 LEFT    5.1947E-05   -194.03  1.9472E-04   -374.05
   10.00     75.00     -9.04     2.55     2.84      0.0003    -75.25 LEFT    5.1414E-05   -194.15  1.9524E-04   -374.23
   15.00     75.00     -9.20     2.58     2.86      0.0007    -75.54 LEFT    5.0529E-05   -194.37  1.9599E-04   -374.53
   20.00     75.00     -9.41     2.61     2.88      0.0010    -75.93 LEFT    4.9293E-05   -194.68  1.9675E-04   -374.93
   25.00     75.00     -9.69     2.63     2.88      0.0012    -76.40 LEFT    4.7716E-05   -195.08  1.9725E-04   -375.39
   30.00     75.00    -10.05     2.63     2.86      0.0012    -76.92 LEFT    4.5811E-05   -195.60  1.9713E-04   -375.90
   35.00     75.00    -10.48     2.58     2.79      0.0008    -77.46 LEFT    4.3600E-05   -196.22  1.9599E-04   -376.44
   40.00     75.00    -10.99     2.46     2.65      0.0001    -77.99 RIGHT   4.1115E-05   -196.98  1.9333E-04   -376.96
   45.00     75.00    -11.58     2.25     2.42      0.0014    -78.50 RIGHT   3.8395E-05   -197.88  1.8866E-04   -377.46
   50.00     75.00    -12.27     1.91     2.07      0.0033    -78.94 RIGHT   3.5486E-05   -198.93  1.8145E-04   -377.91
   55.00     75.00    -13.05     1.41     1.56      0.0059    -79.28 RIGHT   3.2439E-05   -200.14  1.7123E-04   -378.30
   60.00     75.00    -13.93     0.68     0.83      0.0092    -79.48 RIGHT   2.9291E-05   -201.53  1.5758E-04   -378.60
   65.00     75.00    -14.95    -0.33    -0.18      0.0135    -79.50 RIGHT   2.6057E-05   -203.10  1.4022E-04   -378.80
   70.00     75.00    -16.15    -1.76    -1.60      0.0191    -79.25 RIGHT   2.2698E-05   -204.87  1.1900E-04   -378.91
   75.00     75.00    -17.66    -3.81    -3.63      0.0270    -78.63 RIGHT   1.9070E-05   -206.85  9.3982E-05   -378.90
   80.00     75.00    -19.85    -6.95    -6.73      0.0389    -77.43 RIGHT   1.4819E-05   -209.16  6.5450E-05   -378.78
   85.00     75.00    -24.06   -12.66   -12.36      0.0590    -75.27 RIGHT   9.1311E-06   -212.09  3.3893E-05   -378.55
   90.00     75.00   -999.99  -999.99  -999.99      0.0000      0.00         7.1311E-16   -396.45  2.0344E-15   -198.20
    0.00     80.00    -12.39     2.68     2.81      0.0000    -80.00 LINEAR  3.4972E-05   -193.98  1.9833E-04   -373.98
    5.00     80.00    -12.42     2.69     2.82      0.0001    -80.04 LEFT    3.4853E-05   -194.03  1.9853E-04   -374.05
   10.00     80.00    -12.51     2.71     2.84      0.0002    -80.17 LEFT    3.4496E-05   -194.15  1.9907E-04   -374.23
   15.00     80.00    -12.66     2.75     2.87      0.0005    -80.37 LEFT    3.3904E-05   -194.37  1.9983E-04   -374.53
   20.00     80.00    -12.88     2.78     2.90      0.0007    -80.64 LEFT    3.3076E-05   -194.68  2.0062E-04   -374.93
   25.00     80.00    -13.16     2.80     2.91      0.0008    -80.95 LEFT    3.2020E-05   -195.08  2.0114E-04   -375.39
   30.00     80.00    -13.51     2.80     2.90      0.0008    -81.31 LEFT    3.0744E-05   -195.60  2.0104E-04   -375.90
   35.00     80.00    -13.94     2.75     2.84      0.0005    -81.67 LEFT    2.9263E-05   -196.23  1.9989E-04   -376.44
   40.00     80.00    -14.45     2.63     2.72      0.0000    -82.03 RIGHT   2.7597E-05   -196.98  1.9720E-04   -376.97
   45.00     80.00    -15.04     2.42     2.50      0.0010    -82.37 RIGHT   2.5773E-05   -197.88  1.9245E-04   -377.47
   50.00     80.00    -15.73     2.08     2.15      0.0022    -82.67 RIGHT   2.3823E-05   -198.93  1.8511E-04   -377.92
   55.00     80.00    -16.51     1.58     1.65      0.0040    -82.90 RIGHT   2.1778E-05   -200.15  1.7470E-04   -378.30
   60.00     80.00    -17.39     0.86     0.92      0.0062    -83.04 RIGHT   1.9666E-05   -201.54  1.6079E-04   -378.60
   65.00     80.00    -18.41    -0.16    -0.09      0.0090    -83.05 RIGHT   1.7495E-05   -203.11  1.4307E-04   -378.81
   70.00     80.00    -19.61    -1.58    -1.51      0.0128    -82.88 RIGHT   1.5241E-05   -204.88  1.2143E-04   -378.91
   75.00     80.00    -21.12    -3.63    -3.55      0.0182    -82.47 RIGHT   1.2805E-05   -206.87  9.5906E-05   -378.90
   80.00     80.00    -23.31    -6.77    -6.68      0.0263    -81.66 RIGHT   9.9506E-06   -209.18  6.6792E-05   -378.78
   85.00     80.00    -27.52   -12.49   -12.35      0.0404    -80.21 RIGHT   6.1313E-06   -212.11  3.4588E-05   -378.55
   90.00     80.00   -999.99  -999.99  -999.99      0.0000      0.00         4.7885E-16   -396.46  2.0761E-15   -198.20
    0.00     85.00    -18.38     2.78     2.81      0.0000    -85.00 LINEAR  1.7553E-05   -193.98  2.0063E-04   -373.98
    5.00     85.00    -18.41     2.79     2.82      0.0000    -85.02 LEFT    1.7493E-05   -194.03  2.0082E-04   -374.05
   10.00     85.00    -18.50     2.81     2.85      0.0001    -85.09 LEFT    1.7314E-05   -194.15  2.0137E-04   -374.23
   15.00     85.00    -18.65     2.85     2.88      0.0002    -85.19 LEFT    1.7017E-05   -194.37  2.0215E-04   -374.53
   20.00     85.00    -18.86     2.88     2.91      0.0004    -85.32 LEFT    1.6603E-05   -194.68  2.0295E-04   -374.93
   25.00     85.00    -19.14     2.90     2.93      0.0004    -85.48 LEFT    1.6073E-05   -195.08  2.0349E-04   -375.39
   30.00     85.00    -19.50     2.90     2.93      0.0004    -85.66 LEFT    1.5434E-05   -195.60  2.0340E-04   -375.90
   35.00     85.00    -19.93     2.85     2.87      0.0003    -85.85 LEFT    1.4691E-05   -196.23  2.0225E-04   -376.44
   40.00     85.00    -20.43     2.73     2.75      0.0000    -86.03 RIGHT   1.3855E-05   -196.98  1.9954E-04   -376.97
   45.00     85.00    -21.03     2.52     2.54      0.0005    -86.20 RIGHT   1.2940E-05   -197.88  1.9474E-04   -377.47
   50.00     85.00    -21.71     2.19     2.20      0.0011    -86.35 RIGHT   1.1961E-05   -198.93  1.8732E-04   -377.92
   55.00     85.00    -22.49     1.68     1.70      0.0020    -86.46 RIGHT   1.0935E-05   -200.15  1.7679E-04   -378.30
   60.00     85.00    -23.38     0.96     0.98      0.0031    -86.53 RIGHT   9.8747E-06   -201.54  1.6272E-04   -378.60
   65.00     85.00    -24.39    -0.05    -0.04      0.0045    -86.54 RIGHT   8.7851E-06   -203.12  1.4480E-04   -378.81
   70.00     85.00    -25.59    -1.48    -1.46      0.0065    -86.46 RIGHT   7.6530E-06   -204.88  1.2290E-04   -378.91
   75.00     85.00    -27.10    -3.52    -3.51      0.0091    -86.25 RIGHT   6.4300E-06   -206.87  9.7069E-05   -378.90
   80.00     85.00    -29.29    -6.67    -6.64      0.0133    -85.84 RIGHT   4.9968E-06   -209.19  6.7604E-05   -378.78
   85.00     85.00    -33.50   -12.38   -12.35      0.0205    -85.11 RIGHT   3.0789E-06   -212.11  3.5009E-05   -378.55
   90.00     85.00   -999.99  -999.99  -999.99      0.0000      0.00         2.4050E-16   -396.48  2.1014E-15   -198.20
    0.00     90.00   -999.99     2.81     2.81      0.0000     90.00 LINEAR  1.0278E-15   -373.98  2.0139E-04   -373.98
    5.00     90.00   -999.99     2.82     2.82      0.0000    -90.00 LINEAR  4.8398E-15   -254.63  2.0159E-04   -374.05
   10.00     90.00   -999.99     2.85     2.85      0.0000    -90.00 LINEAR  1.0512E-14   -250.55  2.0214E-04   -374.23
   15.00     90.00   -198.79     2.88     2.88      0.0000    -90.00 LINEAR  1.6752E-14   -250.51  2.0293E-04   -374.53
   20.00     90.00   -195.75     2.91     2.91      0.0000    -90.00 LINEAR  2.3771E-14   -251.66  2.0374E-04   -374.93
   25.00     90.00   -193.23     2.94     2.94      0.0000    -90.00 LINEAR  3.1739E-14   -253.32  2.0428E-04   -375.39
   30.00     90.00   -191.07     2.93     2.93      0.0000    -90.00 LINEAR  4.0743E-14   -255.19  2.0419E-04   -375.90
   35.00     90.00   -189.16     2.88     2.88      0.0000    -90.00 LINEAR  5.0750E-14   -257.10  2.0303E-04   -376.44
   40.00     90.00   -187.48     2.77     2.77      0.0000    -90.00 LINEAR  6.1574E-14   -258.93  2.0032E-04   -376.97
   45.00     90.00   -186.02     2.56     2.56      0.0000    -90.00 LINEAR  7.2853E-14   -260.65  1.9550E-04   -377.47
   50.00     90.00   -184.78     2.22     2.22      0.0000    -90.00 LINEAR  8.4027E-14   -262.25  1.8806E-04   -377.92
   55.00     90.00   -183.77     1.72     1.72      0.0000    -90.00 LINEAR  9.4330E-14   -263.73  1.7749E-04   -378.30
   60.00     90.00   -183.03     1.00     1.00      0.0000    -90.00 LINEAR  1.0277E-13   -265.13  1.6337E-04   -378.60
   65.00     90.00   -182.59    -0.02    -0.02      0.0000    -90.00 LINEAR  1.0812E-13   -266.49  1.4538E-04   -378.81
   70.00     90.00   -182.53    -1.44    -1.44      0.0000    -90.00 LINEAR  1.0884E-13   -267.89  1.2339E-04   -378.91
   75.00     90.00   -183.02    -3.49    -3.49      0.0000    -90.00 LINEAR  1.0288E-13   -269.45  9.7458E-05   -378.90
   80.00     90.00   -184.45    -6.63    -6.63      0.0000    -90.00 LINEAR  8.7267E-14   -271.36  6.7875E-05   -378.78
   85.00     90.00   -188.19   -12.35   -12.35      0.0000    -90.00 LINEAR  5.6758E-14   -273.99  3.5149E-05   -378.55
   90.00     90.00   -999.99  -999.99  -999.99      0.0000      0.00         1.3374E-20   -103.25  2.1099E-15   -198.20
    0.00     95.00    -18.38     2.78     2.81      0.0000     85.00 LINEAR  1.7553E-05   -373.98  2.0063E-04   -373.98
    5.00     95.00    -18.41     2.79     2.82      0.0000     85.02 RIGHT   1.7493E-05   -374.03  2.0082E-04   -374.05
   10.00     95.00    -18.50     2.81     2.85      0.0001     85.09 RIGHT   1.7314E-05   -374.15  2.0137E-04   -374.23
   15.00     95.00    -18.65     2.85     2.88      0.0002     85.19 RIGHT   1.7017E-05   -374.37  2.0215E-04   -374.53
   20.00     95.00    -18.86     2.88     2.91      0.0004     85.32 RIGHT   1.6603E-05   -374.68  2.0295E-04   -374.93
   25.00     95.00    -19.14     2.90     2.93      0.0004     85.48 RIGHT   1.6073E-05   -375.08  2.0349E-04   -375.39
   30.00     95.00    -19.50     2.90     2.93      0.0004     85.66 RIGHT   1.5434E-05   -375.60  2.0340E-04   -375.90
   35.00     95.00    -19.93     2.85     2.87      0.0003     85.85 RIGHT   1.4691E-05   -376.23  2.0225E-04   -376.44
   40.00     95.00    -20.43     2.73     2.75      0.0000     86.03 LEFT    1.3855E-05   -376.98  1.9954E-04   -376.97
   45.00     95.00    -21.03     2.52     2.54      0.0005     86.20 LEFT    1.2940E-05   -377.88  1.9474E-04   -377.47
   50.00     95.00    -21.71     2.19     2.20      0.0011     86.35 LEFT    1.1961E-05   -378.93  1.8732E-04   -377.92
   55.00     95.00    -22.49     1.68     1.70      0.0020     86.46 LEFT    1.0935E-05   -380.15  1.7679E-04   -378.30
   60.00     95.00    -23.38     0.96     0.98      0.0031     86.53 LEFT    9.8747E-06   -381.54  1.6272E-04   -378.60
   65.00     95.00    -24.39    -0.05    -0.04      0.0045     86.54 LEFT    8.7851E-06   -383.12  1.4480E-04   -378.81
   70.00     95.00    -25.59    -1.48    -1.46      0.0065     86.46 LEFT    7.6530E-06   -384.88  1.2290E-04   -378.91
   75.00     95.00    -27.10    -3.52    -3.51      0.0091     86.25 LEFT    6.4300E-06   -386.87  9.7069E-05   -378.90
   80.00     95.00    -29.29    -6.67    -6.64      0.0133     85.84 LEFT    4.9968E-06   -389.19  6.7604E-05   -378.78
   85.00     95.00    -33.50   -12.38   -12.35      0.0205     85.11 LEFT    3.0789E-06   -392.11  3.5009E-05   -378.55
   90.00     95.00   -999.99  -999.99  -999.99      0.0000      0.00         2.4047E-16   -216.47  2.1014E-15   -198.20
    0.00    100.00    -12.39     2.68     2.81      0.0000     80.00 LINEAR  3.4972E-05   -373.98  1.9833E-04   -373.98
    5.00    100.00    -12.42     2.69     2.82      0.0001     80.04 RIGHT   3.4853E-05   -374.03  1.9853E-04   -374.05
   10.00    100.00    -12.51     2.71     2.84      0.0002     80.17 RIGHT   3.4496E-05   -374.15  1.9907E-04   -374.23
   15.00    100.00    -12.66     2.75     2.87      0.0005     80.37 RIGHT   3.3904E-05   -374.37  1.9983E-04   -374.53
   20.00    100.00    -12.88     2.78     2.90      0.0007     80.64 RIGHT   3.3076E-05   -374.68  2.0062E-04   -374.93
   25.00    100.00    -13.16     2.80     2.91      0.0008     80.95 RIGHT   3.2020E-05   -375.08  2.0114E-04   -375.39
   30.00    100.00    -13.51     2.80     2.90      0.0008     81.31 RIGHT   3.0744E-05   -375.60  2.0104E-04   -375.90
   35.00    100.00    -13.94     2.75     2.84      0.0005     81.67 RIGHT   2.9263E-05   -376.23  1.9989E-04   -376.44
   40.00    100.00    -14.45     2.63     2.72      0.0000     82.03 LEFT    2.7597E-05   -376.98  1.9720E-04   -376.97
   45.00    100.00    -15.04     2.42     2.50      0.0010     82.37 LEFT    2.5773E-05   -377.88  1.9245E-04   -377.47
   50.00    100.00    -15.73     2.08     2.15      0.0022     82.67 LEFT    2.3823E-05   -378.93  1.8511E-04   -377.92
   55.00    100.00    -16.51     1.58     1.65      0.0040     82.90 LEFT    2.1778E-05   -380.15  1.7470E-04   -378.30
   60.00    100.00    -17.39     0.86     0.92      0.0062     83.04 LEFT    1.9666E-05   -381.54  1.6079E-04   -378.60
   65.00    100.00    -18.41    -0.16    -0.09      0.0090     83.05 LEFT    1.7495E-05   -383.11  1.4307E-04   -378.81
   70.00    100.00    -19.61    -1.58    -1.51      0.0128     82.88 LEFT    1.5241E-05   -384.88  1.2143E-04   -378.91
   75.00    100.00    -21.12    -3.63    -3.55      0.0182     82.47 LEFT    1.2805E-05   -386.87  9.5906E-05   -378.90
   80.00    100.00    -23.31    -6.77    -6.68      0.0263     81.66 LEFT    9.9506E-06   -389.18  6.6792E-05   -378.78
   85.00    100.00    -27.52   -12.49   -12.35      0.0404     80.21 LEFT    6.1313E-06   -392.11  3.4588E-05   -378.55
   90.00    100.00   -999.99  -999.99  -999.99      0.0000      0.00         4.7887E-16   -216.46  2.0761E-15   -198.20
    0.00    105.00     -8.93     2.51     2.81      0.0000     75.00 LINEAR  5.2125E-05   -373.98  1.9453E-04   -373.98
    5.00    105.00     -8.96     2.52     2.82      0.0001     75.06 RIGHT   5.1947E-05   -374.03  1.9472E-04   -374.05
   10.00    105.00     -9.04     2.55     2.84      0.0003     75.25 RIGHT   5.1414E-05   -374.15  1.9524E-04   -374.23
   15.00    105.00     -9.20     2.58     2.86      0.0007     75.54 RIGHT   5.0529E-05   -374.37  1.9599E-04   -374.53
   20.00    105.00     -9.41     2.61     2.88      0.0010     75.93 RIGHT   4.9293E-05   -374.68  1.9675E-04   -374.93
   25.00    105.00     -9.69     2.63     2.88      0.0012     76.40 RIGHT   4.7716E-05   -375.08  1.9725E-04   -375.39
   30.00    105.00    -10.05     2.63     2.86      0.0012     76.92 RIGHT   4.5811E-05   -375.60  1.9713E-04   -375.90
   35.00    105.00    -10.48     2.58     2.79      0.0008     77.46 RIGHT   4.3600E-05   -376.22  1.9599E-04   -376.44
   40.00    105.00    -10.99     2.46     2.65      0.0001     77.99 LEFT    4.1115E-05   -376.98  1.9333E-04   -376.96
   45.00    105.00    -11.58     2.25     2.42      0.0014     78.50 LEFT    3.8395E-05   -377.88  1.8866E-04   -377.46
   50.00    105.00    -12.27     1.91     2.07      0.0033     78.94 LEFT    3.5486E-05   -378.93  1.8145E-04   -377.91
   55.00    105.00    -13.05     1.41     1.56      0.0059     79.28 LEFT    3.2439E-05   -380.14  1.7123E-04   -378.30
   60.00    105.00    -13.93     0.68     0.83      0.0092     79.48 LEFT    2.9291E-05   -381.53  1.5758E-04   -378.60
   65.00    105.00    -14.95    -0.33    -0.18      0.0135     79.50 LEFT    2.6057E-05   -383.10  1.4022E-04   -378.80
   70.00    105.00    -16.15    -1.76    -1.60      0.0191     79.25 LEFT    2.2698E-05   -384.87  1.1900E-04   -378.91
   75.00    105.00    -17.66    -3.81    -3.63      0.0270     78.63 LEFT    1.9070E-05   -386.85  9.3982E-05   -378.90
   80.00    105.00    -19.85    -6.95    -6.73      0.0389     77.43 LEFT    1.4819E-05   -389.16  6.5450E-05   -378.78
   85.00    105.00    -24.06   -12.66   -12.36      0.0590     75.27 LEFT    9.1311E-06   -392.09  3.3893E-05   -378.55
   90.00    105.00   -999.99  -999.99  -999.99      0.0000      0.00         7.1318E-16   -216.45  2.0344E-15   -198.20
    0.00    110.00     -6.50     2.27     2.81      0.0000     70.00 LINEAR  6.8881E-05   -373.98  1.8925E-04   -373.98
    5.00    110.00     -6.53     2.28     2.82      0.0001     70.08 RIGHT   6.8645E-05   -374.03  1.8943E-04   -374.05
   10.00    110.00     -6.62     2.31     2.83      0.0004     70.32 RIGHT   6.7939E-05   -374.15  1.8993E-04   -374.23
   15.00    110.00     -6.78     2.34     2.84      0.0009     70.70 RIGHT   6.6765E-05   -374.37  1.9064E-04   -374.53
   20.00    110.00     -6.99     2.37     2.85      0.0013     71.21 RIGHT   6.5127E-05   -374.68  1.9137E-04   -374.93
   25.00    110.00     -7.27     2.39     2.84      0.0016     71.81 RIGHT   6.3038E-05   -375.08  1.9184E-04   -375.39
   30.00    110.00     -7.63     2.39     2.80      0.0015     72.48 RIGHT   6.0515E-05   -375.59  1.9171E-04   -375.90
   35.00    110.00     -8.06     2.33     2.71      0.0010     73.19 RIGHT   5.7589E-05   -376.22  1.9057E-04   -376.43
   40.00    110.00     -8.57     2.22     2.56      0.0001     73.89 LEFT    5.4299E-05   -376.98  1.8797E-04   -376.96
   45.00    110.00     -9.17     2.00     2.32      0.0018     74.55 LEFT    5.0701E-05   -377.87  1.8341E-04   -377.46
   50.00    110.00     -9.85     1.66     1.96      0.0044     75.12 LEFT    4.6856E-05   -378.92  1.7638E-04   -377.91
   55.00    110.00    -10.63     1.16     1.44      0.0077     75.57 LEFT    4.2828E-05   -380.13  1.6643E-04   -378.29
   60.00    110.00    -11.52     0.44     0.70      0.0121     75.84 LEFT    3.8669E-05   -381.52  1.5315E-04   -378.59
   65.00    110.00    -12.54    -0.58    -0.31      0.0178     75.87 LEFT    3.4398E-05   -383.09  1.3626E-04   -378.80
   70.00    110.00    -13.73    -2.01    -1.72      0.0252     75.54 LEFT    2.9963E-05   -384.85  1.1563E-04   -378.90
   75.00    110.00    -15.25    -4.06    -3.74      0.0354     74.71 LEFT    2.5173E-05   -386.84  9.1316E-05   -378.90
   80.00    110.00    -17.44    -7.20    -6.81      0.0507     73.12 LEFT    1.9561E-05   -389.15  6.3591E-05   -378.78
   85.00    110.00    -21.64   -12.91   -12.37      0.0759     70.29 LEFT    1.2053E-05   -392.07  3.2929E-05   -378.54
   90.00    110.00   -999.99  -999.99  -999.99      0.0000      0.00         9.4137E-16   -216.43  1.9765E-15   -198.19
    0.00    115.00     -4.67     1.96     2.81      0.0000     65.00 LINEAR  8.5113E-05   -373.98  1.8252E-04   -373.98
    5.00    115.00     -4.70     1.97     2.82      0.0001     65.10 RIGHT   8.4820E-05   -374.03  1.8270E-04   -374.05
   10.00    115.00     -4.79     1.99     2.82      0.0005     65.38 RIGHT   8.3944E-05   -374.15  1.8317E-04   -374.23
   15.00    115.00     -4.94     2.02     2.82      0.0011     65.84 RIGHT   8.2487E-05   -374.37  1.8385E-04   -374.53
   20.00    115.00     -5.16     2.05     2.81      0.0016     66.44 RIGHT   8.0457E-05   -374.67  1.8453E-04   -374.92
   25.00    115.00     -5.44     2.08     2.78      0.0019     67.17 RIGHT   7.7867E-05   -375.08  1.8496E-04   -375.39
   30.00    115.00     -5.80     2.07     2.73      0.0019     67.98 RIGHT   7.4741E-05   -375.59  1.8481E-04   -375.90
   35.00    115.00     -6.23     2.02     2.62      0.0013     68.84 RIGHT   7.1117E-05   -376.22  1.8369E-04   -376.43
   40.00    115.00     -6.74     1.89     2.45      0.0001     69.69 LEFT    6.7046E-05   -376.97  1.8116E-04   -376.96
   45.00    115.00     -7.34     1.68     2.19      0.0022     70.50 LEFT    6.2595E-05   -377.86  1.7673E-04   -377.46
   50.00    115.00     -8.02     1.34     1.82      0.0053     71.21 LEFT    5.7841E-05   -378.91  1.6994E-04   -377.91
   55.00    115.00     -8.80     0.83     1.28      0.0095     71.76 LEFT    5.2862E-05   -380.12  1.6033E-04   -378.29
   60.00    115.00     -9.69     0.11     0.54      0.0149     72.09 LEFT    4.7725E-05   -381.51  1.4752E-04   -378.59
   65.00    115.00    -10.71    -0.91    -0.47      0.0219     72.11 LEFT    4.2450E-05   -383.07  1.3124E-04   -378.80
   70.00    115.00    -11.91    -2.33    -1.88      0.0309     71.71 LEFT    3.6975E-05   -384.83  1.1136E-04   -378.90
   75.00    115.00    -13.42    -4.38    -3.87      0.0434     70.68 LEFT    3.1063E-05   -386.82  8.7938E-05   -378.89
   80.00    115.00    -15.61    -7.53    -6.90      0.0615     68.72 LEFT    2.4138E-05   -389.12  6.1236E-05   -378.77
   85.00    115.00    -19.82   -13.24   -12.38      0.0906     65.27 LEFT    1.4873E-05   -392.05  3.1708E-05   -378.54
   90.00    115.00   -999.99  -999.99  -999.99      0.0000      0.00         1.1615E-15   -216.40  1.9033E-15   -198.19
    0.00    120.00     -3.21     1.57     2.81      0.0000     60.00 LINEAR  1.0070E-04   -373.98  1.7441E-04   -373.98
    5.00    120.00     -3.24     1.57     2.81      0.0002     60.11 RIGHT   1.0035E-04   -374.03  1.7457E-04   -374.05
   10.00    120.00     -3.33     1.60     2.81      0.0006     60.43 RIGHT   9.9308E-05   -374.15  1.7502E-04   -374.23
   15.00    120.00     -3.48     1.63     2.79      0.0012     60.95 RIGHT   9.7576E-05   -374.37  1.7565E-04   -374.53
   20.00    120.00     -3.70     1.66     2.77      0.0018     61.64 RIGHT   9.5164E-05   -374.67  1.7628E-04   -374.92
   25.00    120.00     -3.98     1.68     2.72      0.0022     62.47 RIGHT   9.2088E-05   -375.08  1.7667E-04   -375.39
   30.00    120.00     -4.34     1.67     2.64      0.0022     63.40 RIGHT   8.8379E-05   -375.59  1.7650E-04   -375.90
   35.00    120.00     -4.77     1.61     2.51      0.0015     64.39 RIGHT   8.4080E-05   -376.21  1.7541E-04   -376.43
   40.00    120.00     -5.29     1.49     2.32      0.0001     65.38 LEFT    7.9255E-05   -376.96  1.7296E-04   -376.96
   45.00    120.00     -5.88     1.28     2.04      0.0026     66.32 LEFT    7.3982E-05   -377.86  1.6871E-04   -377.45
   50.00    120.00     -6.57     0.93     1.64      0.0062     67.15 LEFT    6.8353E-05   -378.90  1.6220E-04   -377.90
   55.00    120.00     -7.35     0.43     1.10      0.0111     67.80 LEFT    6.2462E-05   -380.11  1.5300E-04   -378.29
   60.00    120.00     -8.24    -0.30     0.35      0.0175     68.19 LEFT    5.6385E-05   -381.49  1.4076E-04   -378.59
   65.00    120.00     -9.26    -1.31    -0.67      0.0257     68.21 LEFT    5.0150E-05   -383.06  1.2520E-04   -378.79
   70.00    120.00    -10.46    -2.74    -2.06      0.0363     67.73 LEFT    4.3678E-05   -384.81  1.0623E-04   -378.89
   75.00    120.00    -11.97    -4.79    -4.03      0.0506     66.51 LEFT    3.6693E-05   -386.79  8.3881E-05   -378.89
   80.00    120.00    -14.17    -7.94    -7.01      0.0710     64.21 LEFT    2.8512E-05   -389.10  5.8407E-05   -378.77
   85.00    120.00    -18.37   -13.65   -12.39      0.1024     60.19 LEFT    1.7568E-05   -392.02  3.0243E-05   -378.53
   90.00    120.00   -999.99  -999.99  -999.99      0.0000      0.00         1.3721E-15   -216.38  1.8152E-15   -198.18
    0.00    125.00     -2.01     1.08     2.81      0.0000     55.00 LINEAR  1.1551E-04   -373.98  1.6497E-04   -373.98
    5.00    125.00     -2.04     1.09     2.81      0.0002     55.12 RIGHT   1.1511E-04   -374.03  1.6512E-04   -374.05
   10.00    125.00     -2.14     1.11     2.79      0.0007     55.47 RIGHT   1.1391E-04   -374.15  1.6554E-04   -374.23
   15.00    125.00     -2.29     1.14     2.77      0.0013     56.03 RIGHT   1.1192E-04   -374.37  1.6611E-04   -374.53
   20.00    125.00     -2.51     1.17     2.72      0.0020     56.79 RIGHT   1.0914E-04   -374.67  1.6669E-04   -374.92
   25.00    125.00     -2.79     1.19     2.65      0.0024     57.70 RIGHT   1.0559E-04   -375.07  1.6704E-04   -375.38
   30.00    125.00     -3.15     1.18     2.54      0.0024     58.73 RIGHT   1.0132E-04   -375.58  1.6685E-04   -375.89
   35.00    125.00     -3.59     1.12     2.39      0.0017     59.83 RIGHT   9.6379E-05   -376.21  1.6578E-04   -376.42
   40.00    125.00     -4.10     1.00     2.17      0.0000     60.94 LEFT    9.0831E-05   -376.96  1.6344E-04   -376.95
   45.00    125.00     -4.70     0.78     1.86      0.0029     61.99 LEFT    8.4774E-05   -377.85  1.5939E-04   -377.45
   50.00    125.00     -5.39     0.44     1.45      0.0070     62.93 LEFT    7.8311E-05   -378.89  1.5322E-04   -377.90
   55.00    125.00     -6.17    -0.07     0.88      0.0126     63.66 LEFT    7.1552E-05   -380.10  1.4451E-04   -378.28
   60.00    125.00     -7.06    -0.79     0.13      0.0199     64.10 LEFT    6.4584E-05   -381.48  1.3292E-04   -378.58
   65.00    125.00     -8.08    -1.81    -0.89      0.0292     64.13 LEFT    5.7436E-05   -383.04  1.1822E-04   -378.79
   70.00    125.00     -9.28    -3.24    -2.28      0.0411     63.56 LEFT    5.0021E-05   -384.79  1.0029E-04   -378.89
   75.00    125.00    -10.80    -5.29    -4.22      0.0570     62.17 LEFT    4.2020E-05   -386.77  7.9186E-05   -378.88
   80.00    125.00    -12.99    -8.44    -7.13      0.0789     59.56 LEFT    3.2651E-05   -389.07  5.5135E-05   -378.76
   85.00    125.00    -17.19   -14.16   -12.40      0.1110     55.08 LEFT    2.0118E-05   -391.99  2.8547E-05   -378.53
   90.00    125.00   -999.99  -999.99  -999.99      0.0000      0.00         1.5711E-15   -216.34  1.7134E-15   -198.18
    0.00    130.00     -1.02     0.50     2.81      0.0000     50.00 LINEAR  1.2945E-04   -373.98  1.5428E-04   -373.98
    5.00    130.00     -1.05     0.51     2.81      0.0002     50.12 RIGHT   1.2900E-04   -374.03  1.5441E-04   -374.05
   10.00    130.00     -1.15     0.53     2.78      0.0007     50.49 RIGHT   1.2765E-04   -374.15  1.5479E-04   -374.23
   15.00    130.00     -1.30     0.56     2.74      0.0014     51.08 RIGHT   1.2540E-04   -374.37  1.5532E-04   -374.53
   20.00    130.00     -1.52     0.59     2.67      0.0021     51.88 RIGHT   1.2227E-04   -374.67  1.5584E-04   -374.92
   25.00    130.00     -1.81     0.60     2.57      0.0026     52.85 RIGHT   1.1828E-04   -375.07  1.5614E-04   -375.38
   30.00    130.00     -2.17     0.59     2.44      0.0026     53.96 RIGHT   1.1348E-04   -375.58  1.5594E-04   -375.89
   35.00    130.00     -2.60     0.54     2.25      0.0018     55.14 RIGHT   1.0792E-04   -376.20  1.5491E-04   -376.42
   40.00    130.00     -3.12     0.41     2.00      0.0000     56.34 LEFT    1.0169E-04   -376.95  1.5269E-04   -376.95
   45.00    130.00     -3.72     0.19     1.67      0.0031     57.49 LEFT    9.4890E-05   -377.84  1.4888E-04   -377.45
   50.00    130.00     -4.41    -0.15     1.23      0.0076     58.51 LEFT    8.7642E-05   -378.88  1.4308E-04   -377.89
   55.00    130.00     -5.20    -0.66     0.65      0.0138     59.32 LEFT    8.0066E-05   -380.08  1.3493E-04   -378.28
   60.00    130.00     -6.09    -1.39    -0.12      0.0219     59.80 LEFT    7.2259E-05   -381.46  1.2409E-04   -378.58
   65.00    130.00     -7.11    -2.41    -1.14      0.0321     59.82 LEFT    6.4256E-05   -383.02  1.1035E-04   -378.78
   70.00    130.00     -8.31    -3.84    -2.51      0.0452     59.19 LEFT    5.5957E-05   -384.76  9.3603E-05   -378.88
   75.00    130.00     -9.82    -5.89    -4.42      0.0622     57.65 LEFT    4.7004E-05   -386.74  7.3898E-05   -378.88
   80.00    130.00    -12.02    -9.04    -7.27      0.0848     54.78 LEFT    3.6522E-05   -389.04  5.1449E-05   -378.76
   85.00    130.00    -16.22   -14.76   -12.42      0.1161     49.94 LEFT    2.2503E-05   -391.95  2.6638E-05   -378.52
   90.00    130.00   -999.99  -999.99  -999.99      0.0000      0.00         1.7574E-15   -216.31  1.5988E-15   -198.17
    0.00    135.00     -0.20    -0.20     2.81      0.0000     45.00 LINEAR  1.4241E-04   -373.98  1.4241E-04   -373.98
    5.00    135.00     -0.23    -0.19     2.80      0.0002     45.13 RIGHT   1.4191E-04   -374.03  1.4253E-04   -374.05
   10.00    135.00     -0.32    -0.17     2.77      0.0007     45.50 RIGHT   1.4041E-04   -374.15  1.4287E-04   -374.23
   15.00    135.00     -0.47    -0.14     2.71      0.0014     46.10 RIGHT   1.3792E-04   -374.36  1.4334E-04   -374.53
   20.00    135.00     -0.69    -0.11     2.62      0.0022     46.92 RIGHT   1.3446E-04   -374.67  1.4380E-04   -374.92
   25.00    135.00     -0.98    -0.10     2.49      0.0027     47.92 RIGHT   1.3006E-04   -375.07  1.4405E-04   -375.38
   30.00    135.00     -1.35    -0.11     2.33      0.0027     49.07 RIGHT   1.2475E-04   -375.58  1.4384E-04   -375.89
   35.00    135.00     -1.78    -0.17     2.11      0.0019     50.30 RIGHT   1.1862E-04   -376.20  1.4287E-04   -376.42
   40.00    135.00     -2.30    -0.29     1.83      0.0000     51.56 LINEAR  1.1175E-04   -376.94  1.4080E-04   -376.94
   45.00    135.00     -2.90    -0.52     1.46      0.0033     52.78 LEFT    1.0426E-04   -377.83  1.3726E-04   -377.44
   50.00    135.00     -3.60    -0.86     0.99      0.0081     53.87 LEFT    9.6277E-05   -378.87  1.3189E-04   -377.89
   55.00    135.00     -4.38    -1.37     0.39      0.0148     54.74 LEFT    8.7941E-05   -380.07  1.2434E-04   -378.27
   60.00    135.00     -5.27    -2.10    -0.40      0.0235     55.25 LEFT    7.9356E-05   -381.44  1.1434E-04   -378.57
   65.00    135.00     -6.30    -3.12    -1.42      0.0345     55.26 LEFT    7.0560E-05   -382.99  1.0166E-04   -378.78
   70.00    135.00     -7.50    -4.55    -2.77      0.0484     54.57 LEFT    6.1442E-05   -384.74  8.6224E-05   -378.88
   75.00    135.00     -9.01    -6.61    -4.64      0.0659     52.90 LEFT    5.1609E-05   -386.71  6.8066E-05   -378.87
   80.00    135.00    -11.20    -9.75    -7.41      0.0885     49.84 LEFT    4.0100E-05   -389.00  4.7385E-05   -378.75
   85.00    135.00    -15.41   -15.47   -12.43      0.1175     44.79 LEFT    2.4707E-05   -391.92  2.4533E-05   -378.51
   90.00    135.00   -999.99  -999.99  -999.99      0.0000      0.00         1.9296E-15   -216.28  1.4724E-15   -198.17
    0.00    140.00      0.50    -1.02     2.81      0.0000     40.00 LINEAR  1.5428E-04   -373.98  1.2945E-04   -373.98
    5.00    140.00      0.47    -1.02     2.80      0.0002     40.12 RIGHT   1.5373E-04   -374.03  1.2956E-04   -374.05
   10.00    140.00      0.38    -1.00     2.75      0.0007     40.49 RIGHT   1.5210E-04   -374.15  1.2986E-04   -374.23
   15.00    140.00      0.22    -0.97     2.68      0.0014     41.09 RIGHT   1.4939E-04   -374.36  1.3028E-04   -374.53
   20.00    140.00     -0.00    -0.94     2.56      0.0022     41.90 RIGHT   1.4562E-04   -374.67  1.3068E-04   -374.92
   25.00    140.00     -0.29    -0.93     2.41      0.0027     42.91 RIGHT   1.4083E-04   -375.07  1.3089E-04   -375.38
   30.00    140.00     -0.66    -0.94     2.21      0.0027     44.05 RIGHT   1.3506E-04   -375.57  1.3067E-04   -375.89
   35.00    140.00     -1.10    -1.00     1.96      0.0020     45.30 RIGHT   1.2840E-04   -376.19  1.2977E-04   -376.41
   40.00    140.00     -1.62    -1.13     1.64      0.0000     46.59 RIGHT   1.2094E-04   -376.94  1.2785E-04   -376.94
   45.00    140.00     -2.22    -1.36     1.24      0.0033     47.85 LEFT    1.1281E-04   -377.82  1.2462E-04   -377.44
   50.00    140.00     -2.91    -1.70     0.74      0.0084     48.98 LEFT    1.0416E-04   -378.85  1.1972E-04   -377.88
   55.00    140.00     -3.70    -2.22     0.11      0.0154     49.87 LEFT    9.5123E-05   -380.05  1.1285E-04   -378.27
   60.00    140.00     -4.59    -2.95    -0.68      0.0245     50.41 LEFT    8.5826E-05   -381.42  1.0375E-04   -378.56
   65.00    140.00     -5.62    -3.97    -1.70      0.0360     50.41 LEFT    7.6305E-05   -382.97  9.2238E-05   -378.77
   70.00    140.00     -6.82    -5.40    -3.04      0.0503     49.68 LEFT    6.6440E-05   -384.71  7.8220E-05   -378.87
   75.00    140.00     -8.33    -7.45    -4.86      0.0680     47.92 LEFT    5.5805E-05   -386.68  6.1742E-05   -378.86
   80.00    140.00    -10.53   -10.60    -7.55      0.0895     44.74 LEFT    4.3358E-05   -388.97  4.2980E-05   -378.74
   85.00    140.00    -14.73   -16.32   -12.44      0.1153     39.65 LEFT    2.6714E-05   -391.89  2.2251E-05   -378.51
   90.00    140.00   -999.99  -999.99  -999.99      0.0000      0.00         2.0863E-15   -216.24  1.3355E-15   -198.16
    0.00    145.00      1.08    -2.01     2.81      0.0000     35.00 LINEAR  1.6497E-04   -373.98  1.1551E-04   -373.98
    5.00    145.00      1.05    -2.01     2.80      0.0002     35.12 RIGHT   1.6439E-04   -374.03  1.1561E-04   -374.05
   10.00    145.00      0.96    -1.99     2.74      0.0007     35.47 RIGHT   1.6263E-04   -374.15  1.1587E-04   -374.23
   15.00    145.00      0.80    -1.96     2.65      0.0014     36.04 RIGHT   1.5972E-04   -374.36  1.1623E-04   -374.53
   20.00    145.00      0.58    -1.93     2.51      0.0021     36.83 RIGHT   1.5567E-04   -374.67  1.1658E-04   -374.92
   25.00    145.00      0.29    -1.92     2.33      0.0026     37.80 RIGHT   1.5052E-04   -375.06  1.1674E-04   -375.38
   30.00    145.00     -0.08    -1.94     2.10      0.0027     38.92 RIGHT   1.4433E-04   -375.57  1.1653E-04   -375.88
   35.00    145.00     -0.52    -2.00     1.81      0.0019     40.14 RIGHT   1.3719E-04   -376.19  1.1570E-04   -376.41
   40.00    145.00     -1.04    -2.13     1.46      0.0001     41.42 RIGHT   1.2919E-04   -376.93  1.1397E-04   -376.94
   45.00    145.00     -1.65    -2.36     1.02      0.0033     42.67 LEFT    1.2049E-04   -377.81  1.1106E-04   -377.43
   50.00    145.00     -2.34    -2.70     0.49      0.0084     43.80 LEFT    1.1123E-04   -378.84  1.0668E-04   -377.88
   55.00    145.00     -3.13    -3.22    -0.17      0.0155     44.71 LEFT    1.0156E-04   -380.04  1.0054E-04   -378.26
   60.00    145.00     -4.03    -3.95    -0.98      0.0248     45.25 LEFT    9.1627E-05   -381.40  9.2421E-05   -378.56
   65.00    145.00     -5.05    -4.97    -2.00      0.0366     45.24 LEFT    8.1454E-05   -382.95  8.2152E-05   -378.76
   70.00    145.00     -6.25    -6.41    -3.32      0.0508     44.48 LEFT    7.0919E-05   -384.69  6.9659E-05   -378.87
   75.00    145.00     -7.77    -8.46    -5.09      0.0679     42.69 LEFT    5.9564E-05   -386.65  5.4979E-05   -378.86
   80.00    145.00     -9.96   -11.61    -7.70      0.0877     39.50 LEFT    4.6278E-05   -388.94  3.8269E-05   -378.74
   85.00    145.00    -14.17   -17.33   -12.46      0.1095     34.53 LEFT    2.8512E-05   -391.85  1.9811E-05   -378.50
   90.00    145.00   -999.99  -999.99  -999.99      0.0000      0.00         2.2268E-15   -216.21  1.1890E-15   -198.15
    0.00    150.00      1.57    -3.21     2.81      0.0000     30.00 LINEAR  1.7441E-04   -373.98  1.0070E-04   -373.98
    5.00    150.00      1.53    -3.20     2.79      0.0002     30.11 RIGHT   1.7379E-04   -374.03  1.0078E-04   -374.05
   10.00    150.00      1.44    -3.18     2.73      0.0006     30.43 RIGHT   1.7192E-04   -374.15  1.0100E-04   -374.23
   15.00    150.00      1.28    -3.15     2.62      0.0013     30.97 RIGHT   1.6883E-04   -374.36  1.0131E-04   -374.53
   20.00    150.00      1.06    -3.13     2.46      0.0020     31.69 RIGHT   1.6453E-04   -374.66  1.0159E-04   -374.91
   25.00    150.00      0.77    -3.12     2.25      0.0025     32.60 RIGHT   1.5907E-04   -375.06  1.0172E-04   -375.37
   30.00    150.00      0.40    -3.14     1.99      0.0025     33.65 RIGHT   1.5250E-04   -375.56  1.0152E-04   -375.88
   35.00    150.00     -0.04    -3.20     1.67      0.0019     34.81 RIGHT   1.4493E-04   -376.18  1.0078E-04   -376.41
   40.00    150.00     -0.57    -3.33     1.28      0.0001     36.03 RIGHT   1.3646E-04   -376.92  9.9258E-05   -376.93
   45.00    150.00     -1.17    -3.56     0.81      0.0031     37.24 LEFT    1.2724E-04   -377.80  9.6707E-05   -377.43
   50.00    150.00     -1.87    -3.91     0.24      0.0081     38.34 LEFT    1.1744E-04   -378.83  9.2873E-05   -377.88
   55.00    150.00     -2.66    -4.42    -0.44      0.0151     39.22 LEFT    1.0722E-04   -380.02  8.7516E-05   -378.26
   60.00    150.00     -3.56    -5.16    -1.27      0.0243     39.74 LEFT    9.6722E-05   -381.39  8.0435E-05   -378.55
   65.00    150.00     -4.58    -6.18    -2.30      0.0358     39.73 LEFT    8.5976E-05   -382.93  7.1488E-05   -378.76
   70.00    150.00     -5.78    -7.62    -3.59      0.0496     38.97 LEFT    7.4851E-05   -384.66  6.0610E-05   -378.86
   75.00    150.00     -7.30    -9.67    -5.31      0.0654     37.20 LEFT    6.2863E-05   -386.62  4.7833E-05   -378.85
   80.00    150.00     -9.49   -12.82    -7.83      0.0828     34.13 LEFT    4.8840E-05   -388.91  3.3293E-05   -378.73
   85.00    150.00    -13.70   -18.54   -12.47      0.1004     29.46 LEFT    3.0091E-05   -391.82  1.7234E-05   -378.50
   90.00    150.00   -999.99  -999.99  -999.99      0.0000      0.00         2.3500E-15   -216.17  1.0344E-15   -198.15
    0.00    155.00      1.96    -4.67     2.81      0.0000     25.00 LINEAR  1.8252E-04   -373.98  8.5113E-05   -373.98
    5.00    155.00      1.93    -4.66     2.79      0.0001     25.10 RIGHT   1.8187E-04   -374.03  8.5180E-05   -374.05
   10.00    155.00      1.83    -4.64     2.72      0.0005     25.38 RIGHT   1.7991E-04   -374.15  8.5363E-05   -374.23
   15.00    155.00      1.68    -4.62     2.59      0.0011     25.86 RIGHT   1.7666E-04   -374.36  8.5614E-05   -374.53
   20.00    155.00      1.45    -4.59     2.42      0.0017     26.51 RIGHT   1.7214E-04   -374.66  8.5847E-05   -374.91
   25.00    155.00      1.16    -4.58     2.18      0.0022     27.32 RIGHT   1.6640E-04   -375.06  8.5947E-05   -375.37
   30.00    155.00      0.79    -4.60     1.89      0.0023     28.27 RIGHT   1.5951E-04   -375.56  8.5764E-05   -375.88
   35.00    155.00      0.35    -4.67     1.54      0.0017     29.32 RIGHT   1.5156E-04   -376.18  8.5123E-05   -376.41
   40.00    155.00     -0.18    -4.80     1.11      0.0001     30.43 RIGHT   1.4268E-04   -376.92  8.3825E-05   -376.93
   45.00    155.00     -0.79    -5.03     0.60      0.0029     31.54 LEFT    1.3302E-04   -377.79  8.1657E-05   -377.42
   50.00    155.00     -1.49    -5.38     0.00      0.0075     32.56 LEFT    1.2276E-04   -378.82  7.8406E-05   -377.87
   55.00    155.00     -2.28    -5.90    -0.71      0.0141     33.39 LEFT    1.1207E-04   -380.01  7.3873E-05   -378.25
   60.00    155.00     -3.17    -6.63    -1.56      0.0228     33.87 LEFT    1.0108E-04   -381.37  6.7887E-05   -378.55
   65.00    155.00     -4.20    -7.66    -2.58      0.0336     33.85 LEFT    8.9844E-05   -382.91  6.0329E-05   -378.75
   70.00    155.00     -5.40    -9.09    -3.85      0.0463     33.13 LEFT    7.8213E-05   -384.64  5.1144E-05   -378.86
   75.00    155.00     -6.92   -11.15    -5.53      0.0604     31.46 LEFT    6.5685E-05   -386.60  4.0359E-05   -378.85
   80.00    155.00     -9.11   -14.30    -7.96      0.0749     28.62 LEFT    5.1031E-05   -388.88  2.8089E-05   -378.73
   85.00    155.00    -13.32   -20.02   -12.48      0.0883     24.43 LEFT    3.1440E-05   -391.79  1.4540E-05   -378.49
   90.00    155.00   -999.99  -999.99  -999.99      0.0000      0.00         2.4554E-15   -216.14  8.7266E-16   -198.15
    0.00    160.00      2.27    -6.50     2.81      0.0000     20.00 LINEAR  1.8925E-04   -373.98  6.8881E-05   -373.98
    5.00    160.00      2.24    -6.50     2.79      0.0001     20.08 RIGHT   1.8857E-04   -374.03  6.8934E-05   -374.05
   10.00    160.00      2.15    -6.48     2.71      0.0005     20.32 RIGHT   1.8653E-04   -374.15  6.9080E-05   -374.23
   15.00    160.00      1.99    -6.45     2.57      0.0009     20.72 RIGHT   1.8314E-04   -374.36  6.9278E-05   -374.52
   20.00    160.00      1.76    -6.43     2.38      0.0015     21.27 RIGHT   1.7844E-04   -374.66  6.9460E-05   -374.91
   25.00    160.00      1.47    -6.42     2.12      0.0019     21.96 RIGHT   1.7247E-04   -375.06  6.9533E-05   -375.37
   30.00    160.00      1.10    -6.44     1.80      0.0020     22.77 RIGHT   1.6531E-04   -375.56  6.9376E-05   -375.88
   35.00    160.00      0.65    -6.51     1.42      0.0015     23.67 RIGHT   1.5705E-04   -376.17  6.8848E-05   -376.40
   40.00    160.00      0.13    -6.64     0.96      0.0001     24.63 RIGHT   1.4783E-04   -376.91  6.7788E-05   -376.93
   45.00    160.00     -0.48    -6.87     0.42      0.0025     25.60 LEFT    1.3780E-04   -377.79  6.6026E-05   -377.42
   50.00    160.00     -1.18    -7.23    -0.22      0.0066     26.49 LEFT    1.2716E-04   -378.81  6.3389E-05   -377.87
   55.00    160.00     -1.97    -7.74    -0.95      0.0125     27.22 LEFT    1.1607E-04   -380.00  5.9716E-05   -378.25
   60.00    160.00     -2.87    -8.48    -1.81      0.0202     27.65 LEFT    1.0468E-04   -381.36  5.4871E-05   -378.55
   65.00    160.00     -3.89    -9.51    -2.84      0.0298     27.62 LEFT    9.3035E-05   -382.90  4.8756E-05   -378.75
   70.00    160.00     -5.10   -10.94    -4.09      0.0408     26.97 LEFT    8.0988E-05   -384.63  4.1330E-05   -378.85
   75.00    160.00     -6.61   -13.00    -5.72      0.0526     25.49 LEFT    6.8013E-05   -386.58  3.2612E-05   -378.84
   80.00    160.00     -8.81   -16.15    -8.07      0.0641     23.02 LEFT    5.2839E-05   -388.86  2.2696E-05   -378.72
   85.00    160.00    -13.01   -21.87   -12.48      0.0738     19.46 LEFT    3.2554E-05   -391.77  1.1748E-05   -378.49
   90.00    160.00   -999.99  -999.99  -999.99      0.0000      0.00         2.5423E-15   -216.12  7.0508E-16   -198.14
    0.00    165.00      2.51    -8.93     2.81      0.0000     15.00 LINEAR  1.9453E-04   -373.98  5.2125E-05   -373.98
    5.00    165.00      2.48    -8.92     2.79      0.0001     15.06 RIGHT   1.9383E-04   -374.03  5.2164E-05   -374.05
   10.00    165.00      2.39    -8.90     2.70      0.0004     15.25 RIGHT   1.9172E-04   -374.15  5.2273E-05   -374.23
   15.00    165.00      2.23    -8.88     2.55      0.0007     15.56 RIGHT   1.8823E-04   -374.36  5.2419E-05   -374.52
   20.00    165.00      2.00    -8.85     2.34      0.0012     15.99 RIGHT   1.8339E-04   -374.66  5.2553E-05   -374.91
   25.00    165.00      1.70    -8.85     2.07      0.0015     16.53 RIGHT   1.7724E-04   -375.06  5.2603E-05   -375.37
   30.00    165.00      1.34    -8.87     1.73      0.0016     17.17 RIGHT   1.6986E-04   -375.56  5.2479E-05   -375.87
   35.00    165.00      0.89    -8.93     1.32      0.0012     17.89 RIGHT   1.6136E-04   -376.17  5.2074E-05   -376.40
   40.00    165.00      0.36    -9.07     0.83      0.0001     18.65 RIGHT   1.5186E-04   -376.91  5.1267E-05   -376.92
   45.00    165.00     -0.25    -9.30     0.26      0.0020     19.43 LEFT    1.4155E-04   -377.78  4.9928E-05   -377.42
   50.00    165.00     -0.95    -9.65    -0.40      0.0053     20.15 LEFT    1.3060E-04   -378.81  4.7929E-05   -377.86
   55.00    165.00     -1.74   -10.17    -1.16      0.0101     20.74 LEFT    1.1920E-04   -379.99  4.5147E-05   -378.24
   60.00    165.00     -2.64   -10.91    -2.04      0.0165     21.08 LEFT    1.0750E-04   -381.35  4.1480E-05   -378.54
   65.00    165.00     -3.66   -11.94    -3.06      0.0242     21.06 LEFT    9.5535E-05   -382.88  3.6855E-05   -378.75
   70.00    165.00     -4.87   -13.37    -4.29      0.0331     20.52 LEFT    8.3160E-05   -384.61  3.1239E-05   -378.85
   75.00    165.00     -6.39   -15.43    -5.88      0.0422     19.31 LEFT    6.9835E-05   -386.56  2.4648E-05   -378.84
   80.00    165.00     -8.58   -18.58    -8.16      0.0507     17.33 LEFT    5.4254E-05   -388.84  1.7153E-05   -378.72
   85.00    165.00    -12.79   -24.30   -12.49      0.0571     14.54 LEFT    3.3425E-05   -391.75  8.8786E-06   -378.48
   90.00    165.00   -999.99  -999.99  -999.99      0.0000      0.00         2.6104E-15   -216.10  5.3285E-16   -198.13
    0.00    170.00      2.68   -12.39     2.81      0.0000     10.00 LINEAR  1.9833E-04   -373.98  3.4972E-05   -373.98
    5.00    170.00      2.65   -12.39     2.78      0.0001     10.04 RIGHT   1.9762E-04   -374.03  3.4998E-05   -374.05
   10.00    170.00      2.55   -12.37     2.69      0.0002     10.17 RIGHT   1.9546E-04   -374.15  3.5070E-05   -374.23
   15.00    170.00      2.39   -12.34     2.54      0.0005     10.38 RIGHT   1.9190E-04   -374.36  3.5167E-05   -374.52
   20.00    170.00      2.17   -12.32     2.32      0.0008     10.68 RIGHT   1.8695E-04   -374.66  3.5255E-05   -374.91
   25.00    170.00      1.87   -12.31     2.03      0.0010     11.05 RIGHT   1.8067E-04   -375.05  3.5286E-05   -375.37
   30.00    170.00      1.50   -12.34     1.68      0.0011     11.49 RIGHT   1.7313E-04   -375.55  3.5200E-05   -375.87
   35.00    170.00      1.05   -12.40     1.25      0.0008     11.99 RIGHT   1.6445E-04   -376.17  3.4925E-05   -376.40
   40.00    170.00      0.53   -12.54     0.74      0.0001     12.52 RIGHT   1.5476E-04   -376.90  3.4381E-05   -376.92
   45.00    170.00     -0.08   -12.77     0.14      0.0014     13.07 LEFT    1.4424E-04   -377.78  3.3480E-05   -377.42
   50.00    170.00     -0.78   -13.13    -0.54      0.0037     13.58 LEFT    1.3308E-04   -378.80  3.2137E-05   -377.86
   55.00    170.00     -1.58   -13.65    -1.32      0.0071     13.99 LEFT    1.2145E-04   -379.99  3.0269E-05   -378.24
   60.00    170.00     -2.48   -14.38    -2.21      0.0117     14.23 LEFT    1.0952E-04   -381.34  2.7809E-05   -378.54
   65.00    170.00     -3.50   -15.41    -3.23      0.0172     14.21 LEFT    9.7329E-05   -382.88  2.4706E-05   -378.74
   70.00    170.00     -4.71   -16.85    -4.45      0.0234     13.82 LEFT    8.4719E-05   -384.60  2.0940E-05   -378.85
   75.00    170.00     -6.22   -18.91    -6.00      0.0296     12.97 LEFT    7.1143E-05   -386.55  1.6522E-05   -378.84
   80.00    170.00     -8.42   -22.05    -8.23      0.0351     11.59 LEFT    5.5269E-05   -388.83  1.1498E-05   -378.72
   85.00    170.00    -12.62   -27.77   -12.49      0.0389      9.67 LEFT    3.4050E-05   -391.73  5.9512E-06   -378.48
   90.00    170.00   -999.99  -999.99  -999.99      0.0000      0.00         2.6592E-15   -216.08  3.5716E-16   -198.13
    0.00    175.00      2.78   -18.38     2.81      0.0000      5.00 LINEAR  2.0063E-04   -373.98  1.7553E-05   -373.98
    5.00    175.00      2.75   -18.37     2.78      0.0000      5.02 RIGHT   1.9990E-04   -374.03  1.7566E-05   -374.05
   10.00    175.00      2.65   -18.36     2.69      0.0001      5.09 RIGHT   1.9772E-04   -374.15  1.7601E-05   -374.23
   15.00    175.00      2.49   -18.33     2.53      0.0003      5.20 RIGHT   1.9411E-04   -374.36  1.7650E-05   -374.52
   20.00    175.00      2.27   -18.31     2.30      0.0004      5.35 RIGHT   1.8910E-04   -374.66  1.7693E-05   -374.91
   25.00    175.00      1.97   -18.30     2.01      0.0005      5.53 RIGHT   1.8273E-04   -375.05  1.7708E-05   -375.37
   30.00    175.00      1.60   -18.32     1.64      0.0006      5.76 RIGHT   1.7510E-04   -375.55  1.7664E-05   -375.87
   35.00    175.00      1.15   -18.39     1.20      0.0004      6.02 RIGHT   1.6632E-04   -376.16  1.7526E-05   -376.40
   40.00    175.00      0.62   -18.53     0.68      0.0000      6.29 RIGHT   1.5651E-04   -376.90  1.7251E-05   -376.92
   45.00    175.00      0.01   -18.76     0.07      0.0007      6.57 LEFT    1.4586E-04   -377.78  1.6799E-05   -377.42
   50.00    175.00     -0.69   -19.12    -0.63      0.0019      6.83 LEFT    1.3457E-04   -378.80  1.6124E-05   -377.86
   55.00    175.00     -1.48   -19.64    -1.42      0.0037      7.05 LEFT    1.2281E-04   -379.98  1.5186E-05   -378.24
   60.00    175.00     -2.38   -20.37    -2.31      0.0061      7.17 LEFT    1.1074E-04   -381.34  1.3951E-05   -378.54
   65.00    175.00     -3.41   -21.40    -3.34      0.0089      7.16 LEFT    9.8408E-05   -382.87  1.2394E-05   -378.74
   70.00    175.00     -4.61   -22.84    -4.55      0.0121      6.96 LEFT    8.5658E-05   -384.59  1.0505E-05   -378.84
   75.00    175.00     -6.13   -24.90    -6.07      0.0153      6.52 LEFT    7.1930E-05   -386.54  8.2878E-06   -378.84
   80.00    175.00     -8.32   -28.05    -8.28      0.0179      5.80 LEFT    5.5880E-05   -388.82  5.7674E-06   -378.71
   85.00    175.00    -12.53   -33.77   -12.50      0.0197      4.83 LEFT    3.4427E-05   -391.72  2.9852E-06   -378.48
   90.00    175.00   -999.99  -999.99  -999.99      0.0000      0.00         2.6886E-15   -216.07  1.7916E-16   -198.13
    0.00    180.00      2.81  -999.99     2.81      0.0000     -0.00 LINEAR  2.0139E-04   -373.98  2.0556E-15   -193.98
    5.00    180.00      2.78  -999.99     2.78      0.0000     -0.00 LINEAR  2.0066E-04   -374.03  2.0571E-15   -194.05
   10.00    180.00      2.69  -999.99     2.69      0.0000     -0.00 LINEAR  1.9847E-04   -374.15  2.0613E-15   -194.23
   15.00    180.00      2.53  -999.99     2.53      0.0000     -0.00 LINEAR  1.9485E-04   -374.36  2.0669E-15   -194.52
   20.00    180.00      2.30  -999.99     2.30      0.0000     -0.00 LINEAR  1.8981E-04   -374.66  2.0720E-15   -194.91
   25.00    180.00      2.00  -999.99     2.00      0.0000     -0.00 LINEAR  1.8342E-04   -375.05  2.0737E-15   -195.37
   30.00    180.00      1.63  -999.99     1.63      0.0000     -0.00 LINEAR  1.7576E-04   -375.55  2.0685E-15   -195.87
   35.00    180.00      1.18  -999.99     1.18      0.0000     -0.00 LINEAR  1.6694E-04   -376.16  2.0523E-15   -196.40
   40.00    180.00      0.66  -999.99     0.66      0.0000     -0.00 LINEAR  1.5709E-04   -376.90  2.0201E-15   -196.92
   45.00    180.00      0.04  -999.99     0.04      0.0000     -0.00 LINEAR  1.4641E-04   -377.77  1.9671E-15   -197.41
   50.00    180.00     -0.66  -999.99    -0.66      0.0000     -0.00 LINEAR  1.3506E-04   -378.80  1.8880E-15   -197.86
   55.00    180.00     -1.45  -999.99    -1.45      0.0000     -0.00 LINEAR  1.2326E-04   -379.98  1.7782E-15   -198.24
   60.00    180.00     -2.35  -999.99    -2.35      0.0000     -0.00 LINEAR  1.1115E-04   -381.33  1.6336E-15   -198.54
   65.00    180.00     -3.37  -999.99    -3.37      0.0000     -0.00 LINEAR  9.8769E-05   -382.87  1.4512E-15   -198.74
   70.00    180.00     -4.58  -999.99    -4.58      0.0000     -0.00 LINEAR  8.5971E-05   -384.59  1.2300E-15   -198.84
   75.00    180.00     -6.10  -999.99    -6.10      0.0000     -0.00 LINEAR  7.2193E-05   -386.54  9.7041E-16   -198.84
   80.00    180.00     -8.29  -999.99    -8.29      0.0000     -0.00 LINEAR  5.6084E-05   -388.82  6.7529E-16   -198.71
   85.00    180.00    -12.50  -999.99   -12.50      0.0000     -0.00 LINEAR  3.4552E-05   -391.72  3.4953E-16   -198.48
   90.00    180.00   -999.99  -999.99  -999.99      0.0000      0.00         2.6984E-15   -216.07  2.0977E-26   -378.13
    0.00    185.00      2.78   -18.38     2.81      0.0000     -5.00 LINEAR  2.0063E-04   -373.98  1.7553E-05   -193.98
    5.00    185.00      2.75   -18.37     2.78      0.0000     -5.02 LEFT    1.9990E-04   -374.03  1.7566E-05   -194.05
   10.00    185.00      2.65   -18.36     2.69      0.0001     -5.09 LEFT    1.9772E-04   -374.15  1.7601E-05   -194.23
   15.00    185.00      2.49   -18.33     2.53      0.0003     -5.20 LEFT    1.9411E-04   -374.36  1.7650E-05   -194.52
   20.00    185.00      2.27   -18.31     2.30      0.0004     -5.35 LEFT    1.8910E-04   -374.66  1.7693E-05   -194.91
   25.00    185.00      1.97   -18.30     2.01      0.0005     -5.53 LEFT    1.8273E-04   -375.05  1.7708E-05   -195.37
   30.00    185.00      1.60   -18.32     1.64      0.0006     -5.76 LEFT    1.7510E-04   -375.55  1.7664E-05   -195.87
   35.00    185.00      1.15   -18.39     1.20      0.0004     -6.02 LEFT    1.6632E-04   -376.16  1.7526E-05   -196.40
   40.00    185.00      0.62   -18.53     0.68      0.0000     -6.29 LEFT    1.5651E-04   -376.90  1.7251E-05   -196.92
   45.00    185.00      0.01   -18.76     0.07      0.0007     -6.57 RIGHT   1.4586E-04   -377.78  1.6799E-05   -197.42
   50.00    185.00     -0.69   -19.12    -0.63      0.0019     -6.83 RIGHT   1.3457E-04   -378.80  1.6124E-05   -197.86
   55.00    185.00     -1.48   -19.64    -1.42      0.0037     -7.05 RIGHT   1.2281E-04   -379.98  1.5186E-05   -198.24
   60.00    185.00     -2.38   -20.37    -2.31      0.0061     -7.17 RIGHT   1.1074E-04   -381.34  1.3951E-05   -198.54
   65.00    185.00     -3.41   -21.40    -3.34      0.0089     -7.16 RIGHT   9.8408E-05   -382.87  1.2394E-05   -198.74
   70.00    185.00     -4.61   -22.84    -4.55      0.0121     -6.96 RIGHT   8.5658E-05   -384.59  1.0505E-05   -198.84
   75.00    185.00     -6.13   -24.90    -6.07      0.0153     -6.52 RIGHT   7.1930E-05   -386.54  8.2878E-06   -198.84
   80.00    185.00     -8.32   -28.05    -8.28      0.0179     -5.80 RIGHT   5.5880E-05   -388.82  5.7674E-06   -198.71
   85.00    185.00    -12.53   -33.77   -12.50      0.0197     -4.83 RIGHT   3.4427E-05   -391.72  2.9852E-06   -198.48
   90.00    185.00   -999.99  -999.99  -999.99      0.0000      0.00         2.6887E-15   -216.08  1.7916E-16   -378.13
    0.00    190.00      2.68   -12.39     2.81      0.0000    -10.00 LINEAR  1.9833E-04   -373.98  3.4972E-05   -193.98
    5.00    190.00      2.65   -12.39     2.78      0.0001    -10.04 LEFT    1.9762E-04   -374.03  3.4998E-05   -194.05
   10.00    190.00      2.55   -12.37     2.69      0.0002    -10.17 LEFT    1.9546E-04   -374.15  3.5070E-05   -194.23
   15.00    190.00      2.39   -12.34     2.54      0.0005    -10.38 LEFT    1.9190E-04   -374.36  3.5167E-05   -194.52
   20.00    190.00      2.17   -12.32     2.32      0.0008    -10.68 LEFT    1.8695E-04   -374.66  3.5255E-05   -194.91
   25.00    190.00      1.87   -12.31     2.03      0.0010    -11.05 LEFT    1.8067E-04   -375.05  3.5286E-05   -195.37
   30.00    190.00      1.50   -12.34     1.68      0.0011    -11.49 LEFT    1.7313E-04   -375.55  3.5200E-05   -195.87
   35.00    190.00      1.05   -12.40     1.25      0.0008    -11.99 LEFT    1.6445E-04   -376.17  3.4925E-05   -196.40
   40.00    190.00      0.53   -12.54     0.74      0.0001    -12.52 LEFT    1.5476E-04   -376.90  3.4381E-05   -196.92
   45.00    190.00     -0.08   -12.77     0.14      0.0014    -13.07 RIGHT   1.4424E-04   -377.78  3.3480E-05   -197.42
   50.00    190.00     -0.78   -13.13    -0.54      0.0037    -13.58 RIGHT   1.3308E-04   -378.80  3.2137E-05   -197.86
   55.00    190.00     -1.58   -13.65    -1.32      0.0071    -13.99 RIGHT   1.2145E-04   -379.99  3.0269E-05   -198.24
   60.00    190.00     -2.48   -14.38    -2.21      0.0117    -14.23 RIGHT   1.0952E-04   -381.34  2.7809E-05   -198.54
   65.00    190.00     -3.50   -15.41    -3.23      0.0172    -14.21 RIGHT   9.7329E-05   -382.88  2.4706E-05   -198.74
   70.00    190.00     -4.71   -16.85    -4.45      0.0234    -13.82 RIGHT   8.4719E-05   -384.60  2.0940E-05   -198.85
   75.00    190.00     -6.22   -18.91    -6.00      0.0296    -12.97 RIGHT   7.1143E-05   -386.55  1.6522E-05   -198.84
   80.00    190.00     -8.42   -22.05    -8.23      0.0351    -11.59 RIGHT   5.5269E-05   -388.83  1.1498E-05   -198.72
   85.00    190.00    -12.62   -27.77   -12.49      0.0389     -9.67 RIGHT   3.4050E-05   -391.73  5.9512E-06   -198.48
   90.00    190.00   -999.99  -999.99  -999.99      0.0000      0.00         2.6593E-15   -216.08  3.5716E-16   -378.13
    0.00    195.00      2.51    -8.93     2.81      0.0000    -15.00 LINEAR  1.9453E-04   -373.98  5.2125E-05   -193.98
    5.00    195.00      2.48    -8.92     2.79      0.0001    -15.06 LEFT    1.9383E-04   -374.03  5.2164E-05   -194.05
   10.00    195.00      2.39    -8.90     2.70      0.0004    -15.25 LEFT    1.9172E-04   -374.15  5.2273E-05   -194.23
   15.00    195.00      2.23    -8.88     2.55      0.0007    -15.56 LEFT    1.8823E-04   -374.36  5.2419E-05   -194.52
   20.00    195.00      2.00    -8.85     2.34      0.0012    -15.99 LEFT    1.8339E-04   -374.66  5.2553E-05   -194.91
   25.00    195.00      1.70    -8.85     2.07      0.0015    -16.53 LEFT    1.7724E-04   -375.06  5.2603E-05   -195.37
   30.00    195.00      1.34    -8.87     1.73      0.0016    -17.17 LEFT    1.6986E-04   -375.56  5.2479E-05   -195.87
   35.00    195.00      0.89    -8.93     1.32      0.0012    -17.89 LEFT    1.6136E-04   -376.17  5.2074E-05   -196.40
   40.00    195.00      0.36    -9.07     0.83      0.0001    -18.65 LEFT    1.5186E-04   -376.91  5.1267E-05   -196.92
   45.00    195.00     -0.25    -9.30     0.26      0.0020    -19.43 RIGHT   1.4155E-04   -377.78  4.9928E-05   -197.42
   50.00    195.00     -0.95    -9.65    -0.40      0.0053    -20.15 RIGHT   1.3060E-04   -378.81  4.7929E-05   -197.86
   55.00    195.00     -1.74   -10.17    -1.16      0.0101    -20.74 RIGHT   1.1920E-04   -379.99  4.5147E-05   -198.24
   60.00    195.00     -2.64   -10.91    -2.04      0.0165    -21.08 RIGHT   1.0750E-04   -381.35  4.1480E-05   -198.54
   65.00    195.00     -3.66   -11.94    -3.06      0.0242    -21.06 RIGHT   9.5535E-05   -382.88  3.6855E-05   -198.75
   70.00    195.00     -4.87   -13.37    -4.29      0.0331    -20.52 RIGHT   8.3160E-05   -384.61  3.1239E-05   -198.85
   75.00    195.00     -6.39   -15.43    -5.88      0.0422    -19.31 RIGHT   6.9835E-05   -386.56  2.4648E-05   -198.84
   80.00    195.00     -8.58   -18.58    -8.16      0.0507    -17.33 RIGHT   5.4254E-05   -388.84  1.7153E-05   -198.72
   85.00    195.00    -12.79   -24.30   -12.49      0.0571    -14.54 RIGHT   3.3425E-05   -391.75  8.8786E-06   -198.48
   90.00    195.00   -999.99  -999.99  -999.99      0.0000      0.00         2.6104E-15   -216.10  5.3285E-16   -378.13
    0.00    200.00      2.27    -6.50     2.81      0.0000    -20.00 LINEAR  1.8925E-04   -373.98  6.8881E-05   -193.98
    5.00    200.00      2.24    -6.50     2.79      0.0001    -20.08 LEFT    1.8857E-04   -374.03  6.8934E-05   -194.05
   10.00    200.00      2.15    -6.48     2.71      0.0005    -20.32 LEFT    1.8653E-04   -374.15  6.9080E-05   -194.23
   15.00    200.00      1.99    -6.45     2.57      0.0009    -20.72 LEFT    1.8314E-04   -374.36  6.9278E-05   -194.52
   20.00    200.00      1.76    -6.43     2.38      0.0015    -21.27 LEFT    1.7844E-04   -374.66  6.9460E-05   -194.91
   25.00    200.00      1.47    -6.42     2.12      0.0019    -21.96 LEFT    1.7247E-04   -375.06  6.9533E-05   -195.37
   30.00    200.00      1.10    -6.44     1.80      0.0020    -22.77 LEFT    1.6531E-04   -375.56  6.9376E-05   -195.88
   35.00    200.00      0.65    -6.51     1.42      0.0015    -23.67 LEFT    1.5705E-04   -376.17  6.8848E-05   -196.40
   40.00    200.00      0.13    -6.64     0.96      0.0001    -24.63 LEFT    1.4783E-04   -376.91  6.7788E-05   -196.93
   45.00    200.00     -0.48    -6.87     0.42      0.0025    -25.60 RIGHT   1.3780E-04   -377.79  6.6026E-05   -197.42
   50.00    200.00     -1.18    -7.23    -0.22      0.0066    -26.49 RIGHT   1.2716E-04   -378.81  6.3389E-05   -197.87
   55.00    200.00     -1.97    -7.74    -0.95      0.0125    -27.22 RIGHT   1.1607E-04   -380.00  5.9716E-05   -198.25
   60.00    200.00     -2.87    -8.48    -1.81      0.0202    -27.65 RIGHT   1.0468E-04   -381.36  5.4871E-05   -198.55
   65.00    200.00     -3.89    -9.51    -2.84      0.0298    -27.62 RIGHT   9.3035E-05   -382.90  4.8756E-05   -198.75
   70.00    200.00     -5.10   -10.94    -4.09      0.0408    -26.97 RIGHT   8.0988E-05   -384.63  4.1330E-05   -198.85
   75.00    200.00     -6.61   -13.00    -5.72      0.0526    -25.49 RIGHT   6.8013E-05   -386.58  3.2612E-05   -198.84
   80.00    200.00     -8.81   -16.15    -8.07      0.0641    -23.02 RIGHT   5.2839E-05   -388.86  2.2696E-05   -198.72
   85.00    200.00    -13.01   -21.87   -12.48      0.0738    -19.46 RIGHT   3.2554E-05   -391.77  1.1748E-05   -198.49
   90.00    200.00   -999.99  -999.99  -999.99      0.0000      0.00         2.5423E-15   -216.12  7.0508E-16   -378.14
    0.00    205.00      1.96    -4.67     2.81      0.0000    -25.00 LINEAR  1.8252E-04   -373.98  8.5113E-05   -193.98
    5.00    205.00      1.93    -4.66     2.79      0.0001    -25.10 LEFT    1.8187E-04   -374.03  8.5180E-05   -194.05
   10.00    205.00      1.83    -4.64     2.72      0.0005    -25.38 LEFT    1.7991E-04   -374.15  8.5363E-05   -194.23
   15.00    205.00      1.68    -4.62     2.59      0.0011    -25.86 LEFT    1.7666E-04   -374.36  8.5614E-05   -194.53
   20.00    205.00      1.45    -4.59     2.42      0.0017    -26.51 LEFT    1.7214E-04   -374.66  8.5847E-05   -194.91
   25.00    205.00      1.16    -4.58     2.18      0.0022    -27.32 LEFT    1.6640E-04   -375.06  8.5947E-05   -195.37
   30.00    205.00      0.79    -4.60     1.89      0.0023    -28.27 LEFT    1.5951E-04   -375.56  8.5764E-05   -195.88
   35.00    205.00      0.35    -4.67     1.54      0.0017    -29.32 LEFT    1.5156E-04   -376.18  8.5123E-05   -196.41
   40.00    205.00     -0.18    -4.80     1.11      0.0001    -30.43 LEFT    1.4268E-04   -376.92  8.3825E-05   -196.93
   45.00    205.00     -0.79    -5.03     0.60      0.0029    -31.54 RIGHT   1.3302E-04   -377.79  8.1657E-05   -197.42
   50.00    205.00     -1.49    -5.38     0.00      0.0075    -32.56 RIGHT   1.2276E-04   -378.82  7.8406E-05   -197.87
   55.00    205.00     -2.28    -5.90    -0.71      0.0141    -33.39 RIGHT   1.1207E-04   -380.01  7.3873E-05   -198.25
   60.00    205.00     -3.17    -6.63    -1.56      0.0228    -33.87 RIGHT   1.0108E-04   -381.37  6.7887E-05   -198.55
   65.00    205.00     -4.20    -7.66    -2.58      0.0336    -33.85 RIGHT   8.9844E-05   -382.91  6.0329E-05   -198.75
   70.00    205.00     -5.40    -9.09    -3.85      0.0463    -33.13 RIGHT   7.8213E-05   -384.64  5.1144E-05   -198.86
   75.00    205.00     -6.92   -11.15    -5.53      0.0604    -31.46 RIGHT   6.5685E-05   -386.60  4.0359E-05   -198.85
   80.00    205.00     -9.11   -14.30    -7.96      0.0749    -28.62 RIGHT   5.1031E-05   -388.88  2.8089E-05   -198.73
   85.00    205.00    -13.32   -20.02   -12.48      0.0883    -24.43 RIGHT   3.1440E-05   -391.79  1.4540E-05   -198.49
   90.00    205.00   -999.99  -999.99  -999.99      0.0000      0.00         2.4555E-15   -216.15  8.7265E-16   -378.14
    0.00    210.00      1.57    -3.21     2.81      0.0000    -30.00 LINEAR  1.7441E-04   -373.98  1.0070E-04   -193.98
    5.00    210.00      1.53    -3.20     2.79      0.0002    -30.11 LEFT    1.7379E-04   -374.03  1.0078E-04   -194.05
   10.00    210.00      1.44    -3.18     2.73      0.0006    -30.43 LEFT    1.7192E-04   -374.15  1.0100E-04   -194.23
   15.00    210.00      1.28    -3.15     2.62      0.0013    -30.97 LEFT    1.6883E-04   -374.36  1.0131E-04   -194.53
   20.00    210.00      1.06    -3.13     2.46      0.0020    -31.69 LEFT    1.6453E-04   -374.66  1.0159E-04   -194.91
   25.00    210.00      0.77    -3.12     2.25      0.0025    -32.60 LEFT    1.5907E-04   -375.06  1.0172E-04   -195.37
   30.00    210.00      0.40    -3.14     1.99      0.0025    -33.65 LEFT    1.5250E-04   -375.56  1.0152E-04   -195.88
   35.00    210.00     -0.04    -3.20     1.67      0.0019    -34.81 LEFT    1.4493E-04   -376.18  1.0078E-04   -196.41
   40.00    210.00     -0.57    -3.33     1.28      0.0001    -36.03 LEFT    1.3646E-04   -376.92  9.9258E-05   -196.93
   45.00    210.00     -1.17    -3.56     0.81      0.0031    -37.24 RIGHT   1.2724E-04   -377.80  9.6707E-05   -197.43
   50.00    210.00     -1.87    -3.91     0.24      0.0081    -38.34 RIGHT   1.1744E-04   -378.83  9.2873E-05   -197.88
   55.00    210.00     -2.66    -4.42    -0.44      0.0151    -39.22 RIGHT   1.0722E-04   -380.02  8.7516E-05   -198.26
   60.00    210.00     -3.56    -5.16    -1.27      0.0243    -39.74 RIGHT   9.6722E-05   -381.39  8.0435E-05   -198.55
   65.00    210.00     -4.58    -6.18    -2.30      0.0358    -39.73 RIGHT   8.5976E-05   -382.93  7.1488E-05   -198.76
   70.00    210.00     -5.78    -7.62    -3.59      0.0496    -38.97 RIGHT   7.4851E-05   -384.66  6.0610E-05   -198.86
   75.00    210.00     -7.30    -9.67    -5.31      0.0654    -37.20 RIGHT   6.2863E-05   -386.62  4.7833E-05   -198.85
   80.00    210.00     -9.49   -12.82    -7.83      0.0828    -34.13 RIGHT   4.8840E-05   -388.91  3.3293E-05   -198.73
   85.00    210.00    -13.70   -18.54   -12.47      0.1004    -29.46 RIGHT   3.0091E-05   -391.82  1.7234E-05   -198.50
   90.00    210.00   -999.99  -999.99  -999.99      0.0000      0.00         2.3500E-15   -216.17  1.0344E-15   -378.15
    0.00    215.00      1.08    -2.01     2.81      0.0000    -35.00 LINEAR  1.6497E-04   -373.98  1.1551E-04   -193.98
    5.00    215.00      1.05    -2.01     2.80      0.0002    -35.12 LEFT    1.6439E-04   -374.03  1.1561E-04   -194.05
   10.00    215.00      0.96    -1.99     2.74      0.0007    -35.47 LEFT    1.6263E-04   -374.15  1.1587E-04   -194.23
   15.00    215.00      0.80    -1.96     2.65      0.0014    -36.04 LEFT    1.5972E-04   -374.36  1.1623E-04   -194.53
   20.00    215.00      0.58    -1.93     2.51      0.0021    -36.83 LEFT    1.5567E-04   -374.67  1.1658E-04   -194.92
   25.00    215.00      0.29    -1.92     2.33      0.0026    -37.80 LEFT    1.5052E-04   -375.06  1.1674E-04   -195.38
   30.00    215.00     -0.08    -1.94     2.10      0.0027    -38.92 LEFT    1.4433E-04   -375.57  1.1653E-04   -195.88
   35.00    215.00     -0.52    -2.00     1.81      0.0019    -40.14 LEFT    1.3719E-04   -376.19  1.1570E-04   -196.41
   40.00    215.00     -1.04    -2.13     1.46      0.0001    -41.42 LEFT    1.2919E-04   -376.93  1.1397E-04   -196.94
   45.00    215.00     -1.65    -2.36     1.02      0.0033    -42.67 RIGHT   1.2049E-04   -377.81  1.1106E-04   -197.43
   50.00    215.00     -2.34    -2.70     0.49      0.0084    -43.80 RIGHT   1.1123E-04   -378.84  1.0668E-04   -197.88
   55.00    215.00     -3.13    -3.22    -0.17      0.0155    -44.71 RIGHT   1.0156E-04   -380.04  1.0054E-04   -198.26
   60.00    215.00     -4.03    -3.95    -0.98      0.0248    -45.25 RIGHT   9.1627E-05   -381.40  9.2421E-05   -198.56
   65.00    215.00     -5.05    -4.97    -2.00      0.0366    -45.24 RIGHT   8.1454E-05   -382.95  8.2152E-05   -198.76
   70.00    215.00     -6.25    -6.41    -3.32      0.0508    -44.48 RIGHT   7.0919E-05   -384.69  6.9659E-05   -198.87
   75.00    215.00     -7.77    -8.46    -5.09      0.0679    -42.69 RIGHT   5.9564E-05   -386.65  5.4979E-05   -198.86
   80.00    215.00     -9.96   -11.61    -7.70      0.0877    -39.50 RIGHT   4.6278E-05   -388.94  3.8269E-05   -198.74
   85.00    215.00    -14.17   -17.33   -12.46      0.1095    -34.53 RIGHT   2.8512E-05   -391.85  1.9811E-05   -198.50
   90.00    215.00   -999.99  -999.99  -999.99      0.0000      0.00         2.2267E-15   -216.20  1.1891E-15   -378.16
    0.00    220.00      0.50    -1.02     2.81      0.0000    -40.00 LINEAR  1.5428E-04   -373.98  1.2945E-04   -193.98
    5.00    220.00      0.47    -1.02     2.80      0.0002    -40.12 LEFT    1.5373E-04   -374.03  1.2956E-04   -194.05
   10.00    220.00      0.38    -1.00     2.75      0.0007    -40.49 LEFT    1.5210E-04   -374.15  1.2986E-04   -194.23
   15.00    220.00      0.22    -0.97     2.68      0.0014    -41.09 LEFT    1.4939E-04   -374.36  1.3028E-04   -194.53
   20.00    220.00     -0.00    -0.94     2.56      0.0022    -41.90 LEFT    1.4562E-04   -374.67  1.3068E-04   -194.92
   25.00    220.00     -0.29    -0.93     2.41      0.0027    -42.91 LEFT    1.4083E-04   -375.07  1.3089E-04   -195.38
   30.00    220.00     -0.66    -0.94     2.21      0.0027    -44.05 LEFT    1.3506E-04   -375.57  1.3067E-04   -195.89
   35.00    220.00     -1.10    -1.00     1.96      0.0020    -45.30 LEFT    1.2840E-04   -376.19  1.2977E-04   -196.41
   40.00    220.00     -1.62    -1.13     1.64      0.0000    -46.59 LEFT    1.2094E-04   -376.94  1.2785E-04   -196.94
   45.00    220.00     -2.22    -1.36     1.24      0.0033    -47.85 RIGHT   1.1281E-04   -377.82  1.2462E-04   -197.44
   50.00    220.00     -2.91    -1.70     0.74      0.0084    -48.98 RIGHT   1.0416E-04   -378.85  1.1972E-04   -197.88
   55.00    220.00     -3.70    -2.22     0.11      0.0154    -49.87 RIGHT   9.5123E-05   -380.05  1.1285E-04   -198.27
   60.00    220.00     -4.59    -2.95    -0.68      0.0245    -50.41 RIGHT   8.5826E-05   -381.42  1.0375E-04   -198.56
   65.00    220.00     -5.62    -3.97    -1.70      0.0360    -50.41 RIGHT   7.6305E-05   -382.97  9.2238E-05   -198.77
   70.00    220.00     -6.82    -5.40    -3.04      0.0503    -49.68 RIGHT   6.6440E-05   -384.71  7.8220E-05   -198.87
   75.00    220.00     -8.33    -7.45    -4.86      0.0680    -47.92 RIGHT   5.5805E-05   -386.68  6.1742E-05   -198.86
   80.00    220.00    -10.53   -10.60    -7.55      0.0895    -44.74 RIGHT   4.3358E-05   -388.97  4.2980E-05   -198.74
   85.00    220.00    -14.73   -16.32   -12.44      0.1153    -39.65 RIGHT   2.6714E-05   -391.89  2.2251E-05   -198.51
   90.00    220.00   -999.99  -999.99  -999.99      0.0000      0.00         2.0864E-15   -216.24  1.3355E-15   -378.16
    0.00    225.00     -0.20    -0.20     2.81      0.0000    -45.00 LINEAR  1.4241E-04   -373.98  1.4241E-04   -193.98
    5.00    225.00     -0.23    -0.19     2.80      0.0002    -45.13 LEFT    1.4191E-04   -374.03  1.4253E-04   -194.05
   10.00    225.00     -0.32    -0.17     2.77      0.0007    -45.50 LEFT    1.4041E-04   -374.15  1.4287E-04   -194.23
   15.00    225.00     -0.47    -0.14     2.71      0.0014    -46.10 LEFT    1.3792E-04   -374.36  1.4334E-04   -194.53
   20.00    225.00     -0.69    -0.11     2.62      0.0022    -46.92 LEFT    1.3446E-04   -374.67  1.4380E-04   -194.92
   25.00    225.00     -0.98    -0.10     2.49      0.0027    -47.92 LEFT    1.3006E-04   -375.07  1.4405E-04   -195.38
   30.00    225.00     -1.35    -0.11     2.33      0.0027    -49.07 LEFT    1.2475E-04   -375.58  1.4384E-04   -195.89
   35.00    225.00     -1.78    -0.17     2.11      0.0019    -50.30 LEFT    1.1862E-04   -376.20  1.4287E-04   -196.42
   40.00    225.00     -2.30    -0.29     1.83      0.0000    -51.56 LINEAR  1.1175E-04   -376.94  1.4080E-04   -196.94
   45.00    225.00     -2.90    -0.52     1.46      0.0033    -52.78 RIGHT   1.0426E-04   -377.83  1.3726E-04   -197.44
   50.00    225.00     -3.60    -0.86     0.99      0.0081    -53.87 RIGHT   9.6277E-05   -378.87  1.3189E-04   -197.89
   55.00    225.00     -4.38    -1.37     0.39      0.0148    -54.74 RIGHT   8.7941E-05   -380.07  1.2434E-04   -198.27
   60.00    225.00     -5.27    -2.10    -0.40      0.0235    -55.25 RIGHT   7.9356E-05   -381.44  1.1434E-04   -198.57
   65.00    225.00     -6.30    -3.12    -1.42      0.0345    -55.26 RIGHT   7.0560E-05   -382.99  1.0166E-04   -198.78
   70.00    225.00     -7.50    -4.55    -2.77      0.0484    -54.57 RIGHT   6.1442E-05   -384.74  8.6224E-05   -198.88
   75.00    225.00     -9.01    -6.61    -4.64      0.0659    -52.90 RIGHT   5.1609E-05   -386.71  6.8066E-05   -198.87
   80.00    225.00    -11.20    -9.75    -7.41      0.0885    -49.84 RIGHT   4.0100E-05   -389.00  4.7385E-05   -198.75
   85.00    225.00    -15.41   -15.47   -12.43      0.1175    -44.79 RIGHT   2.4707E-05   -391.92  2.4533E-05   -198.51
   90.00    225.00   -999.99  -999.99  -999.99      0.0000      0.00         1.9295E-15   -216.27  1.4724E-15   -378.17
    0.00    230.00     -1.02     0.50     2.81      0.0000    -50.00 LINEAR  1.2945E-04   -373.98  1.5428E-04   -193.98
    5.00    230.00     -1.05     0.51     2.81      0.0002    -50.12 LEFT    1.2900E-04   -374.03  1.5441E-04   -194.05
   10.00    230.00     -1.15     0.53     2.78      0.0007    -50.49 LEFT    1.2765E-04   -374.15  1.5479E-04   -194.23
   15.00    230.00     -1.30     0.56     2.74      0.0014    -51.08 LEFT    1.2540E-04   -374.37  1.5532E-04   -194.53
   20.00    230.00     -1.52     0.59     2.67      0.0021    -51.88 LEFT    1.2227E-04   -374.67  1.5584E-04   -194.92
   25.00    230.00     -1.81     0.60     2.57      0.0026    -52.85 LEFT    1.1828E-04   -375.07  1.5614E-04   -195.38
   30.00    230.00     -2.17     0.59     2.44      0.0026    -53.96 LEFT    1.1348E-04   -375.58  1.5594E-04   -195.89
   35.00    230.00     -2.60     0.54     2.25      0.0018    -55.14 LEFT    1.0792E-04   -376.20  1.5491E-04   -196.42
   40.00    230.00     -3.12     0.41     2.00      0.0000    -56.34 RIGHT   1.0169E-04   -376.95  1.5269E-04   -196.95
   45.00    230.00     -3.72     0.19     1.67      0.0031    -57.49 RIGHT   9.4890E-05   -377.84  1.4888E-04   -197.45
   50.00    230.00     -4.41    -0.15     1.23      0.0076    -58.51 RIGHT   8.7642E-05   -378.88  1.4308E-04   -197.89
   55.00    230.00     -5.20    -0.66     0.65      0.0138    -59.32 RIGHT   8.0066E-05   -380.08  1.3493E-04   -198.28
   60.00    230.00     -6.09    -1.39    -0.12      0.0219    -59.80 RIGHT   7.2259E-05   -381.46  1.2409E-04   -198.58
   65.00    230.00     -7.11    -2.41    -1.14      0.0321    -59.82 RIGHT   6.4256E-05   -383.02  1.1035E-04   -198.78
   70.00    230.00     -8.31    -3.84    -2.51      0.0452    -59.19 RIGHT   5.5957E-05   -384.76  9.3603E-05   -198.88
   75.00    230.00     -9.82    -5.89    -4.42      0.0622    -57.65 RIGHT   4.7004E-05   -386.74  7.3898E-05   -198.88
   80.00    230.00    -12.02    -9.04    -7.27      0.0848    -54.78 RIGHT   3.6522E-05   -389.04  5.1449E-05   -198.76
   85.00    230.00    -16.22   -14.76   -12.42      0.1161    -49.94 RIGHT   2.2503E-05   -391.95  2.6638E-05   -198.52
   90.00    230.00   -999.99  -999.99  -999.99      0.0000      0.00         1.7574E-15   -216.31  1.5988E-15   -378.17
    0.00    235.00     -2.01     1.08     2.81      0.0000    -55.00 LINEAR  1.1551E-04   -373.98  1.6497E-04   -193.98
    5.00    235.00     -2.04     1.09     2.81      0.0002    -55.12 LEFT    1.1511E-04   -374.03  1.6512E-04   -194.05
   10.00    235.00     -2.14     1.11     2.79      0.0007    -55.47 LEFT    1.1391E-04   -374.15  1.6554E-04   -194.23
   15.00    235.00     -2.29     1.14     2.77      0.0013    -56.03 LEFT    1.1192E-04   -374.37  1.6611E-04   -194.53
   20.00    235.00     -2.51     1.17     2.72      0.0020    -56.79 LEFT    1.0914E-04   -374.67  1.6669E-04   -194.92
   25.00    235.00     -2.79     1.19     2.65      0.0024    -57.70 LEFT    1.0559E-04   -375.07  1.6704E-04   -195.38
   30.00    235.00     -3.15     1.18     2.54      0.0024    -58.73 LEFT    1.0132E-04   -375.58  1.6685E-04   -195.89
   35.00    235.00     -3.59     1.12     2.39      0.0017    -59.83 LEFT    9.6379E-05   -376.21  1.6578E-04   -196.42
   40.00    235.00     -4.10     1.00     2.17      0.0000    -60.94 RIGHT   9.0831E-05   -376.96  1.6344E-04   -196.95
   45.00    235.00     -4.70     0.78     1.86      0.0029    -61.99 RIGHT   8.4774E-05   -377.85  1.5939E-04   -197.45
   50.00    235.00     -5.39     0.44     1.45      0.0070    -62.93 RIGHT   7.8311E-05   -378.89  1.5322E-04   -197.90
   55.00    235.00     -6.17    -0.07     0.88      0.0126    -63.66 RIGHT   7.1552E-05   -380.10  1.4451E-04   -198.28
   60.00    235.00     -7.06    -0.79     0.13      0.0199    -64.10 RIGHT   6.4584E-05   -381.48  1.3292E-04   -198.58
   65.00    235.00     -8.08    -1.81    -0.89      0.0292    -64.13 RIGHT   5.7436E-05   -383.04  1.1822E-04   -198.79
   70.00    235.00     -9.28    -3.24    -2.28      0.0411    -63.56 RIGHT   5.0021E-05   -384.79  1.0029E-04   -198.89
   75.00    235.00    -10.80    -5.29    -4.22      0.0570    -62.17 RIGHT   4.2020E-05   -386.77  7.9186E-05   -198.88
   80.00    235.00    -12.99    -8.44    -7.13      0.0789    -59.56 RIGHT   3.2651E-05   -389.07  5.5135E-05   -198.76
   85.00    235.00    -17.19   -14.16   -12.40      0.1110    -55.08 RIGHT   2.0118E-05   -391.99  2.8547E-05   -198.53
   90.00    235.00   -999.99  -999.99  -999.99      0.0000      0.00         1.5712E-15   -216.34  1.7134E-15   -378.18
    0.00    240.00     -3.21     1.57     2.81      0.0000    -60.00 LINEAR  1.0070E-04   -373.98  1.7441E-04   -193.98
    5.00    240.00     -3.24     1.57     2.81      0.0002    -60.11 LEFT    1.0035E-04   -374.03  1.7457E-04   -194.05
   10.00    240.00     -3.33     1.60     2.81      0.0006    -60.43 LEFT    9.9308E-05   -374.15  1.7502E-04   -194.23
   15.00    240.00     -3.48     1.63     2.79      0.0012    -60.95 LEFT    9.7576E-05   -374.37  1.7565E-04   -194.53
   20.00    240.00     -3.70     1.66     2.77      0.0018    -61.64 LEFT    9.5164E-05   -374.67  1.7628E-04   -194.92
   25.00    240.00     -3.98     1.68     2.72      0.0022    -62.47 LEFT    9.2088E-05   -375.08  1.7667E-04   -195.39
   30.00    240.00     -4.34     1.67     2.64      0.0022    -63.40 LEFT    8.8379E-05   -375.59  1.7650E-04   -195.90
   35.00    240.00     -4.77     1.61     2.51      0.0015    -64.39 LEFT    8.4080E-05   -376.21  1.7541E-04   -196.43
   40.00    240.00     -5.29     1.49     2.32      0.0001    -65.38 RIGHT   7.9255E-05   -376.96  1.7296E-04   -196.96
   45.00    240.00     -5.88     1.28     2.04      0.0026    -66.32 RIGHT   7.3982E-05   -377.86  1.6871E-04   -197.45
   50.00    240.00     -6.57     0.93     1.64      0.0062    -67.15 RIGHT   6.8353E-05   -378.90  1.6220E-04   -197.90
   55.00    240.00     -7.35     0.43     1.10      0.0111    -67.80 RIGHT   6.2462E-05   -380.11  1.5300E-04   -198.29
   60.00    240.00     -8.24    -0.30     0.35      0.0175    -68.19 RIGHT   5.6385E-05   -381.49  1.4076E-04   -198.59
   65.00    240.00     -9.26    -1.31    -0.67      0.0257    -68.21 RIGHT   5.0150E-05   -383.06  1.2520E-04   -198.79
   70.00    240.00    -10.46    -2.74    -2.06      0.0363    -67.73 RIGHT   4.3678E-05   -384.81  1.0623E-04   -198.89
   75.00    240.00    -11.97    -4.79    -4.03      0.0506    -66.51 RIGHT   3.6693E-05   -386.79  8.3881E-05   -198.89
   80.00    240.00    -14.17    -7.94    -7.01      0.0710    -64.21 RIGHT   2.8512E-05   -389.10  5.8407E-05   -198.77
   85.00    240.00    -18.37   -13.65   -12.39      0.1024    -60.19 RIGHT   1.7568E-05   -392.02  3.0243E-05   -198.53
   90.00    240.00   -999.99  -999.99  -999.99      0.0000      0.00         1.3720E-15   -216.37  1.8152E-15   -378.18
    0.00    245.00     -4.67     1.96     2.81      0.0000    -65.00 LINEAR  8.5113E-05   -373.98  1.8252E-04   -193.98
    5.00    245.00     -4.70     1.97     2.82      0.0001    -65.10 LEFT    8.4820E-05   -374.03  1.8270E-04   -194.05
   10.00    245.00     -4.79     1.99     2.82      0.0005    -65.38 LEFT    8.3944E-05   -374.15  1.8317E-04   -194.23
   15.00    245.00     -4.94     2.02     2.82      0.0011    -65.84 LEFT    8.2487E-05   -374.37  1.8385E-04   -194.53
   20.00    245.00     -5.16     2.05     2.81      0.0016    -66.44 LEFT    8.0457E-05   -374.67  1.8453E-04   -194.92
   25.00    245.00     -5.44     2.08     2.78      0.0019    -67.17 LEFT    7.7867E-05   -375.08  1.8496E-04   -195.39
   30.00    245.00     -5.80     2.07     2.73      0.0019    -67.98 LEFT    7.4741E-05   -375.59  1.8481E-04   -195.90
   35.00    245.00     -6.23     2.02     2.62      0.0013    -68.84 LEFT    7.1117E-05   -376.22  1.8369E-04   -196.43
   40.00    245.00     -6.74     1.89     2.45      0.0001    -69.69 RIGHT   6.7046E-05   -376.97  1.8116E-04   -196.96
   45.00    245.00     -7.34     1.68     2.19      0.0022    -70.50 RIGHT   6.2595E-05   -377.86  1.7673E-04   -197.46
   50.00    245.00     -8.02     1.34     1.82      0.0053    -71.21 RIGHT   5.7841E-05   -378.91  1.6994E-04   -197.91
   55.00    245.00     -8.80     0.83     1.28      0.0095    -71.76 RIGHT   5.2862E-05   -380.12  1.6033E-04   -198.29
   60.00    245.00     -9.69     0.11     0.54      0.0149    -72.09 RIGHT   4.7725E-05   -381.51  1.4752E-04   -198.59
   65.00    245.00    -10.71    -0.91    -0.47      0.0219    -72.11 RIGHT   4.2450E-05   -383.07  1.3124E-04   -198.80
   70.00    245.00    -11.91    -2.33    -1.88      0.0309    -71.71 RIGHT   3.6975E-05   -384.83  1.1136E-04   -198.90
   75.00    245.00    -13.42    -4.38    -3.87      0.0434    -70.68 RIGHT   3.1063E-05   -386.82  8.7938E-05   -198.89
   80.00    245.00    -15.61    -7.53    -6.90      0.0615    -68.72 RIGHT   2.4138E-05   -389.12  6.1236E-05   -198.77
   85.00    245.00    -19.82   -13.24   -12.38      0.0906    -65.27 RIGHT   1.4873E-05   -392.05  3.1708E-05   -198.54
   90.00    245.00   -999.99  -999.99  -999.99      0.0000      0.00         1.1615E-15   -216.40  1.9032E-15   -378.19
    0.00    250.00     -6.50     2.27     2.81      0.0000    -70.00 LINEAR  6.8881E-05   -373.98  1.8925E-04   -193.98
    5.00    250.00     -6.53     2.28     2.82      0.0001    -70.08 LEFT    6.8645E-05   -374.03  1.8943E-04   -194.05
   10.00    250.00     -6.62     2.31     2.83      0.0004    -70.32 LEFT    6.7939E-05   -374.15  1.8993E-04   -194.23
   15.00    250.00     -6.78     2.34     2.84      0.0009    -70.70 LEFT    6.6765E-05   -374.37  1.9064E-04   -194.53
   20.00    250.00     -6.99     2.37     2.85      0.0013    -71.21 LEFT    6.5127E-05   -374.68  1.9137E-04   -194.93
   25.00    250.00     -7.27     2.39     2.84      0.0016    -71.81 LEFT    6.3038E-05   -375.08  1.9184E-04   -195.39
   30.00    250.00     -7.63     2.39     2.80      0.0015    -72.48 LEFT    6.0515E-05   -375.59  1.9171E-04   -195.90
   35.00    250.00     -8.06     2.33     2.71      0.0010    -73.19 LEFT    5.7589E-05   -376.22  1.9057E-04   -196.43
   40.00    250.00     -8.57     2.22     2.56      0.0001    -73.89 RIGHT   5.4299E-05   -376.98  1.8797E-04   -196.96
   45.00    250.00     -9.17     2.00     2.32      0.0018    -74.55 RIGHT   5.0701E-05   -377.87  1.8341E-04   -197.46
   50.00    250.00     -9.85     1.66     1.96      0.0044    -75.12 RIGHT   4.6856E-05   -378.92  1.7638E-04   -197.91
   55.00    250.00    -10.63     1.16     1.44      0.0077    -75.57 RIGHT   4.2828E-05   -380.13  1.6643E-04   -198.29
   60.00    250.00    -11.52     0.44     0.70      0.0121    -75.84 RIGHT   3.8669E-05   -381.52  1.5315E-04   -198.59
   65.00    250.00    -12.54    -0.58    -0.31      0.0178    -75.87 RIGHT   3.4398E-05   -383.09  1.3626E-04   -198.80
   70.00    250.00    -13.73    -2.01    -1.72      0.0252    -75.54 RIGHT   2.9963E-05   -384.85  1.1563E-04   -198.90
   75.00    250.00    -15.25    -4.06    -3.74      0.0354    -74.71 RIGHT   2.5173E-05   -386.84  9.1316E-05   -198.90
   80.00    250.00    -17.44    -7.20    -6.81      0.0507    -73.12 RIGHT   1.9561E-05   -389.15  6.3591E-05   -198.78
   85.00    250.00    -21.64   -12.91   -12.37      0.0759    -70.29 RIGHT   1.2053E-05   -392.07  3.2929E-05   -198.54
   90.00    250.00   -999.99  -999.99  -999.99      0.0000      0.00         9.4135E-16   -216.43  1.9765E-15   -378.19
    0.00    255.00     -8.93     2.51     2.81      0.0000    -75.00 LINEAR  5.2125E-05   -373.98  1.9453E-04   -193.98
    5.00    255.00     -8.96     2.52     2.82      0.0001    -75.06 LEFT    5.1947E-05   -374.03  1.9472E-04   -194.05
   10.00    255.00     -9.04     2.55     2.84      0.0003    -75.25 LEFT    5.1414E-05   -374.15  1.9524E-04   -194.23
   15.00    255.00     -9.20     2.58     2.86      0.0007    -75.54 LEFT    5.0529E-05   -374.37  1.9599E-04   -194.53
   20.00    255.00     -9.41     2.61     2.88      0.0010    -75.93 LEFT    4.9293E-05   -374.68  1.9675E-04   -194.93
   25.00    255.00     -9.69     2.63     2.88      0.0012    -76.40 LEFT    4.7716E-05   -375.08  1.9725E-04   -195.39
   30.00    255.00    -10.05     2.63     2.86      0.0012    -76.92 LEFT    4.5811E-05   -375.60  1.9713E-04   -195.90
   35.00    255.00    -10.48     2.58     2.79      0.0008    -77.46 LEFT    4.3600E-05   -376.22  1.9599E-04   -196.44
   40.00    255.00    -10.99     2.46     2.65      0.0001    -77.99 RIGHT   4.1115E-05   -376.98  1.9333E-04   -196.96
   45.00    255.00    -11.58     2.25     2.42      0.0014    -78.50 RIGHT   3.8395E-05   -377.88  1.8866E-04   -197.46
   50.00    255.00    -12.27     1.91     2.07      0.0033    -78.94 RIGHT   3.5486E-05   -378.93  1.8145E-04   -197.91
   55.00    255.00    -13.05     1.41     1.56      0.0059    -79.28 RIGHT   3.2439E-05   -380.14  1.7123E-04   -198.30
   60.00    255.00    -13.93     0.68     0.83      0.0092    -79.48 RIGHT   2.9291E-05   -381.53  1.5758E-04   -198.60
   65.00    255.00    -14.95    -0.33    -0.18      0.0135    -79.50 RIGHT   2.6057E-05   -383.10  1.4022E-04   -198.80
   70.00    255.00    -16.15    -1.76    -1.60      0.0191    -79.25 RIGHT   2.2698E-05   -384.87  1.1900E-04   -198.91
   75.00    255.00    -17.66    -3.81    -3.63      0.0270    -78.63 RIGHT   1.9070E-05   -386.85  9.3982E-05   -198.90
   80.00    255.00    -19.85    -6.95    -6.73      0.0389    -77.43 RIGHT   1.4819E-05   -389.16  6.5450E-05   -198.78
   85.00    255.00    -24.06   -12.66   -12.36      0.0590    -75.27 RIGHT   9.1311E-06   -392.09  3.3893E-05   -198.55
   90.00    255.00   -999.99  -999.99  -999.99      0.0000      0.00         7.1316E-16   -216.45  2.0344E-15   -378.20
    0.00    260.00    -12.39     2.68     2.81      0.0000    -80.00 LINEAR  3.4972E-05   -373.98  1.9833E-04   -193.98
    5.00    260.00    -12.42     2.69     2.82      0.0001    -80.04 LEFT    3.4853E-05   -374.03  1.9853E-04   -194.05
   10.00    260.00    -12.51     2.71     2.84      0.0002    -80.17 LEFT    3.4496E-05   -374.15  1.9907E-04   -194.23
   15.00    260.00    -12.66     2.75     2.87      0.0005    -80.37 LEFT    3.3904E-05   -374.37  1.9983E-04   -194.53
   20.00    260.00    -12.88     2.78     2.90      0.0007    -80.64 LEFT    3.3076E-05   -374.68  2.0062E-04   -194.93
   25.00    260.00    -13.16     2.80     2.91      0.0008    -80.95 LEFT    3.2020E-05   -375.08  2.0114E-04   -195.39
   30.00    260.00    -13.51     2.80     2.90      0.0008    -81.31 LEFT    3.0744E-05   -375.60  2.0104E-04   -195.90
   35.00    260.00    -13.94     2.75     2.84      0.0005    -81.67 LEFT    2.9263E-05   -376.23  1.9989E-04   -196.44
   40.00    260.00    -14.45     2.63     2.72      0.0000    -82.03 RIGHT   2.7597E-05   -376.98  1.9720E-04   -196.97
   45.00    260.00    -15.04     2.42     2.50      0.0010    -82.37 RIGHT   2.5773E-05   -377.88  1.9245E-04   -197.47
   50.00    260.00    -15.73     2.08     2.15      0.0022    -82.67 RIGHT   2.3823E-05   -378.93  1.8511E-04   -197.92
   55.00    260.00    -16.51     1.58     1.65      0.0040    -82.90 RIGHT   2.1778E-05   -380.15  1.7470E-04   -198.30
   60.00    260.00    -17.39     0.86     0.92      0.0062    -83.04 RIGHT   1.9666E-05   -381.54  1.6079E-04   -198.60
   65.00    260.00    -18.41    -0.16    -0.09      0.0090    -83.05 RIGHT   1.7495E-05   -383.11  1.4307E-04   -198.81
   70.00    260.00    -19.61    -1.58    -1.51      0.0128    -82.88 RIGHT   1.5241E-05   -384.88  1.2143E-04   -198.91
   75.00    260.00    -21.12    -3.63    -3.55      0.0182    -82.47 RIGHT   1.2805E-05   -386.87  9.5906E-05   -198.90
   80.00    260.00    -23.31    -6.77    -6.68      0.0263    -81.66 RIGHT   9.9506E-06   -389.18  6.6792E-05   -198.78
   85.00    260.00    -27.52   -12.49   -12.35      0.0404    -80.21 RIGHT   6.1313E-06   -392.11  3.4588E-05   -198.55
   90.00    260.00   -999.99  -999.99  -999.99      0.0000      0.00         4.7894E-16   -216.48  2.0762E-15   -378.20
    0.00    265.00    -18.38     2.78     2.81      0.0000    -85.00 LINEAR  1.7553E-05   -373.98  2.0063E-04   -193.98
    5.00    265.00    -18.41     2.79     2.82      0.0000    -85.02 LEFT    1.7493E-05   -374.03  2.0082E-04   -194.05
   10.00    265.00    -18.50     2.81     2.85      0.0001    -85.09 LEFT    1.7314E-05   -374.15  2.0137E-04   -194.23
   15.00    265.00    -18.65     2.85     2.88      0.0002    -85.19 LEFT    1.7017E-05   -374.37  2.0215E-04   -194.53
   20.00    265.00    -18.86     2.88     2.91      0.0004    -85.32 LEFT    1.6603E-05   -374.68  2.0295E-04   -194.93
   25.00    265.00    -19.14     2.90     2.93      0.0004    -85.48 LEFT    1.6073E-05   -375.08  2.0349E-04   -195.39
   30.00    265.00    -19.50     2.90     2.93      0.0004    -85.66 LEFT    1.5434E-05   -375.60  2.0340E-04   -195.90
   35.00    265.00    -19.93     2.85     2.87      0.0003    -85.85 LEFT    1.4691E-05   -376.23  2.0225E-04   -196.44
   40.00    265.00    -20.43     2.73     2.75      0.0000    -86.03 RIGHT   1.3855E-05   -376.98  1.9954E-04   -196.97
   45.00    265.00    -21.03     2.52     2.54      0.0005    -86.20 RIGHT   1.2940E-05   -377.88  1.9474E-04   -197.47
   50.00    265.00    -21.71     2.19     2.20      0.0011    -86.35 RIGHT   1.1961E-05   -378.93  1.8732E-04   -197.92
   55.00    265.00    -22.49     1.68     1.70      0.0020    -86.46 RIGHT   1.0935E-05   -380.15  1.7679E-04   -198.30
   60.00    265.00    -23.38     0.96     0.98      0.0031    -86.53 RIGHT   9.8747E-06   -381.54  1.6272E-04   -198.60
   65.00    265.00    -24.39    -0.05    -0.04      0.0045    -86.54 RIGHT   8.7851E-06   -383.12  1.4480E-04   -198.81
   70.00    265.00    -25.59    -1.48    -1.46      0.0065    -86.46 RIGHT   7.6530E-06   -384.88  1.2290E-04   -198.91
   75.00    265.00    -27.10    -3.52    -3.51      0.0091    -86.25 RIGHT   6.4300E-06   -386.87  9.7069E-05   -198.90
   80.00    265.00    -29.29    -6.67    -6.64      0.0133    -85.84 RIGHT   4.9968E-06   -389.19  6.7604E-05   -198.78
   85.00    265.00    -33.50   -12.38   -12.35      0.0205    -85.11 RIGHT   3.0789E-06   -392.11  3.5009E-05   -198.55
   90.00    265.00   -999.99  -999.99  -999.99      0.0000      0.00         2.4052E-16   -216.49  2.1014E-15   -378.20
    0.00    270.00   -999.99     2.81     2.81      0.0000     90.00 LINEAR  3.0834E-15   -193.98  2.0139E-04   -193.98
    5.00    270.00   -999.99     2.82     2.82      0.0000     90.00 LINEAR  7.7250E-15   -227.11  2.0159E-04   -194.05
   10.00    270.00   -999.99     2.85     2.85      0.0000     90.00 LINEAR  1.3196E-14   -235.72  2.0214E-04   -194.23
   15.00    270.00   -197.57     2.88     2.88      0.0000     90.00 LINEAR  1.9260E-14   -240.62  2.0293E-04   -194.53
   20.00    270.00   -194.94     2.91     2.91      0.0000     90.00 LINEAR  2.6095E-14   -244.48  2.0374E-04   -194.93
   25.00    270.00   -192.67     2.94     2.94      0.0000     90.00 LINEAR  3.3873E-14   -247.90  2.0428E-04   -195.39
   30.00    270.00   -190.66     2.93     2.93      0.0000     90.00 LINEAR  4.2687E-14   -251.01  2.0419E-04   -195.90
   35.00    270.00   -188.86     2.88     2.88      0.0000     90.00 LINEAR  5.2511E-14   -253.82  2.0303E-04   -196.44
   40.00    270.00   -187.26     2.77     2.77      0.0000     90.00 LINEAR  6.3165E-14   -256.33  2.0032E-04   -196.97
   45.00    270.00   -185.85     2.56     2.56      0.0000     90.00 LINEAR  7.4289E-14   -258.57  1.9550E-04   -197.47
   50.00    270.00   -184.65     2.22     2.22      0.0000     90.00 LINEAR  8.5323E-14   -260.56  1.8806E-04   -197.92
   55.00    270.00   -183.67     1.72     1.72      0.0000     90.00 LINEAR  9.5498E-14   -262.35  1.7749E-04   -198.30
   60.00    270.00   -182.94     1.00     1.00      0.0000     90.00 LINEAR  1.0382E-13   -263.98  1.6337E-04   -198.60
   65.00    270.00   -182.51    -0.02    -0.02      0.0000     90.00 LINEAR  1.0906E-13   -265.52  1.4538E-04   -198.81
   70.00    270.00   -182.47    -1.44    -1.44      0.0000     90.00 LINEAR  1.0966E-13   -267.06  1.2339E-04   -198.91
   75.00    270.00   -182.96    -3.49    -3.49      0.0000     90.00 LINEAR  1.0358E-13   -268.71  9.7458E-05   -198.90
   80.00    270.00   -184.39    -6.63    -6.63      0.0000     90.00 LINEAR  8.7820E-14   -270.68  6.7875E-05   -198.78
   85.00    270.00   -188.13   -12.35   -12.35      0.0000     90.00 LINEAR  5.7101E-14   -273.35  3.5149E-05   -198.55
   90.00    270.00   -999.99  -999.99  -999.99      0.0000      0.00         6.8931E-20   -273.86  2.1098E-15   -378.20
    0.00    275.00    -18.38     2.78     2.81      0.0000     85.00 LINEAR  1.7553E-05   -193.98  2.0063E-04   -193.98
    5.00    275.00    -18.41     2.79     2.82      0.0000     85.02 RIGHT   1.7493E-05   -194.03  2.0082E-04   -194.05
   10.00    275.00    -18.50     2.81     2.85      0.0001     85.09 RIGHT   1.7314E-05   -194.15  2.0137E-04   -194.23
   15.00    275.00    -18.65     2.85     2.88      0.0002     85.19 RIGHT   1.7017E-05   -194.37  2.0215E-04   -194.53
   20.00    275.00    -18.86     2.88     2.91      0.0004     85.32 RIGHT   1.6603E-05   -194.68  2.0295E-04   -194.93
   25.00    275.00    -19.14     2.90     2.93      0.0004     85.48 RIGHT   1.6073E-05   -195.08  2.0349E-04   -195.39
   30.00    275.00    -19.50     2.90     2.93      0.0004     85.66 RIGHT   1.5434E-05   -195.60  2.0340E-04   -195.90
   35.00    275.00    -19.93     2.85     2.87      0.0003     85.85 RIGHT   1.4691E-05   -196.23  2.0225E-04   -196.44
   40.00    275.00    -20.43     2.73     2.75      0.0000     86.03 LEFT    1.3855E-05   -196.98  1.9954E-04   -196.97
   45.00    275.00    -21.03     2.52     2.54      0.0005     86.20 LEFT    1.2940E-05   -197.88  1.9474E-04   -197.47
   50.00    275.00    -21.71     2.19     2.20      0.0011     86.35 LEFT    1.1961E-05   -198.93  1.8732E-04   -197.92
   55.00    275.00    -22.49     1.68     1.70      0.0020     86.46 LEFT    1.0935E-05   -200.15  1.7679E-04   -198.30
   60.00    275.00    -23.38     0.96     0.98      0.0031     86.53 LEFT    9.8747E-06   -201.54  1.6272E-04   -198.60
   65.00    275.00    -24.39    -0.05    -0.04      0.0045     86.54 LEFT    8.7851E-06   -203.12  1.4480E-04   -198.81
   70.00    275.00    -25.59    -1.48    -1.46      0.0065     86.46 LEFT    7.6530E-06   -204.88  1.2290E-04   -198.91
   75.00    275.00    -27.10    -3.52    -3.51      0.0091     86.25 LEFT    6.4300E-06   -206.87  9.7069E-05   -198.90
   80.00    275.00    -29.29    -6.67    -6.64      0.0133     85.84 LEFT    4.9968E-06   -209.19  6.7604E-05   -198.78
   85.00    275.00    -33.50   -12.38   -12.35      0.0205     85.11 LEFT    3.0789E-06   -212.11  3.5009E-05   -198.55
   90.00    275.00   -999.99  -999.99  -999.99      0.0000      0.00         2.4049E-16   -396.49  2.1014E-15   -378.20
    0.00    280.00    -12.39     2.68     2.81      0.0000     80.00 LINEAR  3.4972E-05   -193.98  1.9833E-04   -193.98
    5.00    280.00    -12.42     2.69     2.82      0.0001     80.04 RIGHT   3.4853E-05   -194.03  1.9853E-04   -194.05
   10.00    280.00    -12.51     2.71     2.84      0.0002     80.17 RIGHT   3.4496E-05   -194.15  1.9907E-04   -194.23
   15.00    280.00    -12.66     2.75     2.87      0.0005     80.37 RIGHT   3.3904E-05   -194.37  1.9983E-04   -194.53
   20.00    280.00    -12.88     2.78     2.90      0.0007     80.64 RIGHT   3.3076E-05   -194.68  2.0062E-04   -194.93
   25.00    280.00    -13.16     2.80     2.91      0.0008     80.95 RIGHT   3.2020E-05   -195.08  2.0114E-04   -195.39
   30.00    280.00    -13.51     2.80     2.90      0.0008     81.31 RIGHT   3.0744E-05   -195.60  2.0104E-04   -195.90
   35.00    280.00    -13.94     2.75     2.84      0.0005     81.67 RIGHT   2.9263E-05   -196.23  1.9989E-04   -196.44
   40.00    280.00    -14.45     2.63     2.72      0.0000     82.03 LEFT    2.7597E-05   -196.98  1.9720E-04   -196.97
   45.00    280.00    -15.04     2.42     2.50      0.0010     82.37 LEFT    2.5773E-05   -197.88  1.9245E-04   -197.47
   50.00    280.00    -15.73     2.08     2.15      0.0022     82.67 LEFT    2.3823E-05   -198.93  1.8511E-04   -197.92
   55.00    280.00    -16.51     1.58     1.65      0.0040     82.90 LEFT    2.1778E-05   -200.15  1.7470E-04   -198.30
   60.00    280.00    -17.39     0.86     0.92      0.0062     83.04 LEFT    1.9666E-05   -201.54  1.6079E-04   -198.60
   65.00    280.00    -18.41    -0.16    -0.09      0.0090     83.05 LEFT    1.7495E-05   -203.11  1.4307E-04   -198.81
   70.00    280.00    -19.61    -1.58    -1.51      0.0128     82.88 LEFT    1.5241E-05   -204.88  1.2143E-04   -198.91
   75.00    280.00    -21.12    -3.63    -3.55      0.0182     82.47 LEFT    1.2805E-05   -206.87  9.5906E-05   -198.90
   80.00    280.00    -23.31    -6.77    -6.68      0.0263     81.66 LEFT    9.9506E-06   -209.18  6.6792E-05   -198.78
   85.00    280.00    -27.52   -12.49   -12.35      0.0404     80.21 LEFT    6.1313E-06   -212.11  3.4588E-05   -198.55
   90.00    280.00   -999.99  -999.99  -999.99      0.0000      0.00         4.7886E-16   -396.46  2.0761E-15   -378.20
    0.00    285.00     -8.93     2.51     2.81      0.0000     75.00 LINEAR  5.2125E-05   -193.98  1.9453E-04   -193.98
    5.00    285.00     -8.96     2.52     2.82      0.0001     75.06 RIGHT   5.1947E-05   -194.03  1.9472E-04   -194.05
   10.00    285.00     -9.04     2.55     2.84      0.0003     75.25 RIGHT   5.1414E-05   -194.15  1.9524E-04   -194.23
   15.00    285.00     -9.20     2.58     2.86      0.0007     75.54 RIGHT   5.0529E-05   -194.37  1.9599E-04   -194.53
   20.00    285.00     -9.41     2.61     2.88      0.0010     75.93 RIGHT   4.9293E-05   -194.68  1.9675E-04   -194.93
   25.00    285.00     -9.69     2.63     2.88      0.0012     76.40 RIGHT   4.7716E-05   -195.08  1.9725E-04   -195.39
   30.00    285.00    -10.05     2.63     2.86      0.0012     76.92 RIGHT   4.5811E-05   -195.60  1.9713E-04   -195.90
   35.00    285.00    -10.48     2.58     2.79      0.0008     77.46 RIGHT   4.3600E-05   -196.22  1.9599E-04   -196.44
   40.00    285.00    -10.99     2.46     2.65      0.0001     77.99 LEFT    4.1115E-05   -196.98  1.9333E-04   -196.96
   45.00    285.00    -11.58     2.25     2.42      0.0014     78.50 LEFT    3.8395E-05   -197.88  1.8866E-04   -197.46
   50.00    285.00    -12.27     1.91     2.07      0.0033     78.94 LEFT    3.5486E-05   -198.93  1.8145E-04   -197.91
   55.00    285.00    -13.05     1.41     1.56      0.0059     79.28 LEFT    3.2439E-05   -200.14  1.7123E-04   -198.30
   60.00    285.00    -13.93     0.68     0.83      0.0092     79.48 LEFT    2.9291E-05   -201.53  1.5758E-04   -198.60
   65.00    285.00    -14.95    -0.33    -0.18      0.0135     79.50 LEFT    2.6057E-05   -203.10  1.4022E-04   -198.80
   70.00    285.00    -16.15    -1.76    -1.60      0.0191     79.25 LEFT    2.2698E-05   -204.87  1.1900E-04   -198.91
   75.00    285.00    -17.66    -3.81    -3.63      0.0270     78.63 LEFT    1.9070E-05   -206.85  9.3982E-05   -198.90
   80.00    285.00    -19.85    -6.95    -6.73      0.0389     77.43 LEFT    1.4819E-05   -209.16  6.5450E-05   -198.78
   85.00    285.00    -24.06   -12.66   -12.36      0.0590     75.27 LEFT    9.1311E-06   -212.09  3.3893E-05   -198.55
   90.00    285.00   -999.99  -999.99  -999.99      0.0000      0.00         7.1315E-16   -396.45  2.0344E-15   -378.20
    0.00    290.00     -6.50     2.27     2.81      0.0000     70.00 LINEAR  6.8881E-05   -193.98  1.8925E-04   -193.98
    5.00    290.00     -6.53     2.28     2.82      0.0001     70.08 RIGHT   6.8645E-05   -194.03  1.8943E-04   -194.05
   10.00    290.00     -6.62     2.31     2.83      0.0004     70.32 RIGHT   6.7939E-05   -194.15  1.8993E-04   -194.23
   15.00    290.00     -6.78     2.34     2.84      0.0009     70.70 RIGHT   6.6765E-05   -194.37  1.9064E-04   -194.53
   20.00    290.00     -6.99     2.37     2.85      0.0013     71.21 RIGHT   6.5127E-05   -194.68  1.9137E-04   -194.93
   25.00    290.00     -7.27     2.39     2.84      0.0016     71.81 RIGHT   6.3038E-05   -195.08  1.9184E-04   -195.39
   30.00    290.00     -7.63     2.39     2.80      0.0015     72.48 RIGHT   6.0515E-05   -195.59  1.9171E-04   -195.90
   35.00    290.00     -8.06     2.33     2.71      0.0010     73.19 RIGHT   5.7589E-05   -196.22  1.9057E-04   -196.43
   40.00    290.00     -8.57     2.22     2.56      0.0001     73.89 LEFT    5.4299E-05   -196.98  1.8797E-04   -196.96
   45.00    290.00     -9.17     2.00     2.32      0.0018     74.55 LEFT    5.0701E-05   -197.87  1.8341E-04   -197.46
   50.00    290.00     -9.85     1.66     1.96      0.0044     75.12 LEFT    4.6856E-05   -198.92  1.7638E-04   -197.91
   55.00    290.00    -10.63     1.16     1.44      0.0077     75.57 LEFT    4.2828E-05   -200.13  1.6643E-04   -198.29
   60.00    290.00    -11.52     0.44     0.70      0.0121     75.84 LEFT    3.8669E-05   -201.52  1.5315E-04   -198.59
   65.00    290.00    -12.54    -0.58    -0.31      0.0178     75.87 LEFT    3.4398E-05   -203.09  1.3626E-04   -198.80
   70.00    290.00    -13.73    -2.01    -1.72      0.0252     75.54 LEFT    2.9963E-05   -204.85  1.1563E-04   -198.90
   75.00    290.00    -15.25    -4.06    -3.74      0.0354     74.71 LEFT    2.5173E-05   -206.84  9.1316E-05   -198.90
   80.00    290.00    -17.44    -7.20    -6.81      0.0507     73.12 LEFT    1.9561E-05   -209.15  6.3591E-05   -198.78
   85.00    290.00    -21.64   -12.91   -12.37      0.0759     70.29 LEFT    1.2053E-05   -212.07  3.2929E-05   -198.54
   90.00    290.00   -999.99  -999.99  -999.99      0.0000      0.00         9.4134E-16   -396.43  1.9765E-15   -378.19
    0.00    295.00     -4.67     1.96     2.81      0.0000     65.00 LINEAR  8.5113E-05   -193.98  1.8252E-04   -193.98
    5.00    295.00     -4.70     1.97     2.82      0.0001     65.10 RIGHT   8.4820E-05   -194.03  1.8270E-04   -194.05
   10.00    295.00     -4.79     1.99     2.82      0.0005     65.38 RIGHT   8.3944E-05   -194.15  1.8317E-04   -194.23
   15.00    295.00     -4.94     2.02     2.82      0.0011     65.84 RIGHT   8.2487E-05   -194.37  1.8385E-04   -194.53
   20.00    295.00     -5.16     2.05     2.81      0.0016     66.44 RIGHT   8.0457E-05   -194.67  1.8453E-04   -194.92
   25.00    295.00     -5.44     2.08     2.78      0.0019     67.17 RIGHT   7.7867E-05   -195.08  1.8496E-04   -195.39
   30.00    295.00     -5.80     2.07     2.73      0.0019     67.98 RIGHT   7.4741E-05   -195.59  1.8481E-04   -195.90
   35.00    295.00     -6.23     2.02     2.62      0.0013     68.84 RIGHT   7.1117E-05   -196.22  1.8369E-04   -196.43
   40.00    295.00     -6.74     1.89     2.45      0.0001     69.69 LEFT    6.7046E-05   -196.97  1.8116E-04   -196.96
   45.00    295.00     -7.34     1.68     2.19      0.0022     70.50 LEFT    6.2595E-05   -197.86  1.7673E-04   -197.46
   50.00    295.00     -8.02     1.34     1.82      0.0053     71.21 LEFT    5.7841E-05   -198.91  1.6994E-04   -197.91
   55.00    295.00     -8.80     0.83     1.28      0.0095     71.76 LEFT    5.2862E-05   -200.12  1.6033E-04   -198.29
   60.00    295.00     -9.69     0.11     0.54      0.0149     72.09 LEFT    4.7725E-05   -201.51  1.4752E-04   -198.59
   65.00    295.00    -10.71    -0.91    -0.47      0.0219     72.11 LEFT    4.2450E-05   -203.07  1.3124E-04   -198.80
   70.00    295.00    -11.91    -2.33    -1.88      0.0309     71.71 LEFT    3.6975E-05   -204.83  1.1136E-04   -198.90
   75.00    295.00    -13.42    -4.38    -3.87      0.0434     70.68 LEFT    3.1063E-05   -206.82  8.7938E-05   -198.89
   80.00    295.00    -15.61    -7.53    -6.90      0.0615     68.72 LEFT    2.4138E-05   -209.12  6.1236E-05   -198.77
   85.00    295.00    -19.82   -13.24   -12.38      0.0906     65.27 LEFT    1.4873E-05   -212.05  3.1708E-05   -198.54
   90.00    295.00   -999.99  -999.99  -999.99      0.0000      0.00         1.1615E-15   -396.40  1.9032E-15   -378.19
    0.00    300.00     -3.21     1.57     2.81      0.0000     60.00 LINEAR  1.0070E-04   -193.98  1.7441E-04   -193.98
    5.00    300.00     -3.24     1.57     2.81      0.0002     60.11 RIGHT   1.0035E-04   -194.03  1.7457E-04   -194.05
   10.00    300.00     -3.33     1.60     2.81      0.0006     60.43 RIGHT   9.9308E-05   -194.15  1.7502E-04   -194.23
   15.00    300.00     -3.48     1.63     2.79      0.0012     60.95 RIGHT   9.7576E-05   -194.37  1.7565E-04   -194.53
   20.00    300.00     -3.70     1.66     2.77      0.0018     61.64 RIGHT   9.5164E-05   -194.67  1.7628E-04   -194.92
   25.00    300.00     -3.98     1.68     2.72      0.0022     62.47 RIGHT   9.2088E-05   -195.08  1.7667E-04   -195.39
   30.00    300.00     -4.34     1.67     2.64      0.0022     63.40 RIGHT   8.8379E-05   -195.59  1.7650E-04   -195.90
   35.00    300.00     -4.77     1.61     2.51      0.0015     64.39 RIGHT   8.4080E-05   -196.21  1.7541E-04   -196.43
   40.00    300.00     -5.29     1.49     2.32      0.0001     65.38 LEFT    7.9255E-05   -196.96  1.7296E-04   -196.96
   45.00    300.00     -5.88     1.28     2.04      0.0026     66.32 LEFT    7.3982E-05   -197.86  1.6871E-04   -197.45
   50.00    300.00     -6.57     0.93     1.64      0.0062     67.15 LEFT    6.8353E-05   -198.90  1.6220E-04   -197.90
   55.00    300.00     -7.35     0.43     1.10      0.0111     67.80 LEFT    6.2462E-05   -200.11  1.5300E-04   -198.29
   60.00    300.00     -8.24    -0.30     0.35      0.0175     68.19 LEFT    5.6385E-05   -201.49  1.4076E-04   -198.59
   65.00    300.00     -9.26    -1.31    -0.67      0.0257     68.21 LEFT    5.0150E-05   -203.06  1.2520E-04   -198.79
   70.00    300.00    -10.46    -2.74    -2.06      0.0363     67.73 LEFT    4.3678E-05   -204.81  1.0623E-04   -198.89
   75.00    300.00    -11.97    -4.79    -4.03      0.0506     66.51 LEFT    3.6693E-05   -206.79  8.3881E-05   -198.89
   80.00    300.00    -14.17    -7.94    -7.01      0.0710     64.21 LEFT    2.8512E-05   -209.10  5.8407E-05   -198.77
   85.00    300.00    -18.37   -13.65   -12.39      0.1024     60.19 LEFT    1.7568E-05   -212.02  3.0243E-05   -198.53
   90.00    300.00   -999.99  -999.99  -999.99      0.0000      0.00         1.3721E-15   -396.38  1.8153E-15   -378.19
    0.00    305.00     -2.01     1.08     2.81      0.0000     55.00 LINEAR  1.1551E-04   -193.98  1.6497E-04   -193.98
    5.00    305.00     -2.04     1.09     2.81      0.0002     55.12 RIGHT   1.1511E-04   -194.03  1.6512E-04   -194.05
   10.00    305.00     -2.14     1.11     2.79      0.0007     55.47 RIGHT   1.1391E-04   -194.15  1.6554E-04   -194.23
   15.00    305.00     -2.29     1.14     2.77      0.0013     56.03 RIGHT   1.1192E-04   -194.37  1.6611E-04   -194.53
   20.00    305.00     -2.51     1.17     2.72      0.0020     56.79 RIGHT   1.0914E-04   -194.67  1.6669E-04   -194.92
   25.00    305.00     -2.79     1.19     2.65      0.0024     57.70 RIGHT   1.0559E-04   -195.07  1.6704E-04   -195.38
   30.00    305.00     -3.15     1.18     2.54      0.0024     58.73 RIGHT   1.0132E-04   -195.58  1.6685E-04   -195.89
   35.00    305.00     -3.59     1.12     2.39      0.0017     59.83 RIGHT   9.6379E-05   -196.21  1.6578E-04   -196.42
   40.00    305.00     -4.10     1.00     2.17      0.0000     60.94 LEFT    9.0831E-05   -196.96  1.6344E-04   -196.95
   45.00    305.00     -4.70     0.78     1.86      0.0029     61.99 LEFT    8.4774E-05   -197.85  1.5939E-04   -197.45
   50.00    305.00     -5.39     0.44     1.45      0.0070     62.93 LEFT    7.8311E-05   -198.89  1.5322E-04   -197.90
   55.00    305.00     -6.17    -0.07     0.88      0.0126     63.66 LEFT    7.1552E-05   -200.10  1.4451E-04   -198.28
   60.00    305.00     -7.06    -0.79     0.13      0.0199     64.10 LEFT    6.4584E-05   -201.48  1.3292E-04   -198.58
   65.00    305.00     -8.08    -1.81    -0.89      0.0292     64.13 LEFT    5.7436E-05   -203.04  1.1822E-04   -198.79
   70.00    305.00     -9.28    -3.24    -2.28      0.0411     63.56 LEFT    5.0021E-05   -204.79  1.0029E-04   -198.89
   75.00    305.00    -10.80    -5.29    -4.22      0.0570     62.17 LEFT    4.2020E-05   -206.77  7.9186E-05   -198.88
   80.00    305.00    -12.99    -8.44    -7.13      0.0789     59.56 LEFT    3.2651E-05   -209.07  5.5135E-05   -198.76
   85.00    305.00    -17.19   -14.16   -12.40      0.1110     55.08 LEFT    2.0118E-05   -211.99  2.8547E-05   -198.53
   90.00    305.00   -999.99  -999.99  -999.99      0.0000      0.00         1.5711E-15   -396.34  1.7135E-15   -378.18
    0.00    310.00     -1.02     0.50     2.81      0.0000     50.00 LINEAR  1.2945E-04   -193.98  1.5428E-04   -193.98
    5.00    310.00     -1.05     0.51     2.81      0.0002     50.12 RIGHT   1.2900E-04   -194.03  1.5441E-04   -194.05
   10.00    310.00     -1.15     0.53     2.78      0.0007     50.49 RIGHT   1.2765E-04   -194.15  1.5479E-04   -194.23
   15.00    310.00     -1.30     0.56     2.74      0.0014     51.08 RIGHT   1.2540E-04   -194.37  1.5532E-04   -194.53
   20.00    310.00     -1.52     0.59     2.67      0.0021     51.88 RIGHT   1.2227E-04   -194.67  1.5584E-04   -194.92
   25.00    310.00     -1.81     0.60     2.57      0.0026     52.85 RIGHT   1.1828E-04   -195.07  1.5614E-04   -195.38
   30.00    310.00     -2.17     0.59     2.44      0.0026     53.96 RIGHT   1.1348E-04   -195.58  1.5594E-04   -195.89
   35.00    310.00     -2.60     0.54     2.25      0.0018     55.14 RIGHT   1.0792E-04   -196.20  1.5491E-04   -196.42
   40.00    310.00     -3.12     0.41     2.00      0.0000     56.34 LEFT    1.0169E-04   -196.95  1.5269E-04   -196.95
   45.00    310.00     -3.72     0.19     1.67      0.0031     57.49 LEFT    9.4890E-05   -197.84  1.4888E-04   -197.45
   50.00    310.00     -4.41    -0.15     1.23      0.0076     58.51 LEFT    8.7642E-05   -198.88  1.4308E-04   -197.89
   55.00    310.00     -5.20    -0.66     0.65      0.0138     59.32 LEFT    8.0066E-05   -200.08  1.3493E-04   -198.28
   60.00    310.00     -6.09    -1.39    -0.12      0.0219     59.80 LEFT    7.2259E-05   -201.46  1.2409E-04   -198.58
   65.00    310.00     -7.11    -2.41    -1.14      0.0321     59.82 LEFT    6.4256E-05   -203.02  1.1035E-04   -198.78
   70.00    310.00     -8.31    -3.84    -2.51      0.0452     59.19 LEFT    5.5957E-05   -204.76  9.3603E-05   -198.88
   75.00    310.00     -9.82    -5.89    -4.42      0.0622     57.65 LEFT    4.7004E-05   -206.74  7.3898E-05   -198.88
   80.00    310.00    -12.02    -9.04    -7.27      0.0848     54.78 LEFT    3.6522E-05   -209.04  5.1449E-05   -198.76
   85.00    310.00    -16.22   -14.76   -12.42      0.1161     49.94 LEFT    2.2503E-05   -211.95  2.6638E-05   -198.52
   90.00    310.00   -999.99  -999.99  -999.99      0.0000      0.00         1.7574E-15   -396.31  1.5988E-15   -378.17
    0.00    315.00     -0.20    -0.20     2.81      0.0000     45.00 LINEAR  1.4241E-04   -193.98  1.4241E-04   -193.98
    5.00    315.00     -0.23    -0.19     2.80      0.0002     45.13 RIGHT   1.4191E-04   -194.03  1.4253E-04   -194.05
   10.00    315.00     -0.32    -0.17     2.77      0.0007     45.50 RIGHT   1.4041E-04   -194.15  1.4287E-04   -194.23
   15.00    315.00     -0.47    -0.14     2.71      0.0014     46.10 RIGHT   1.3792E-04   -194.36  1.4334E-04   -194.53
   20.00    315.00     -0.69    -0.11     2.62      0.0022     46.92 RIGHT   1.3446E-04   -194.67  1.4380E-04   -194.92
   25.00    315.00     -0.98    -0.10     2.49      0.0027     47.92 RIGHT   1.3006E-04   -195.07  1.4405E-04   -195.38
   30.00    315.00     -1.35    -0.11     2.33      0.0027     49.07 RIGHT   1.2475E-04   -195.58  1.4384E-04   -195.89
   35.00    315.00     -1.78    -0.17     2.11      0.0019     50.30 RIGHT   1.1862E-04   -196.20  1.4287E-04   -196.42
   40.00    315.00     -2.30    -0.29     1.83      0.0000     51.56 LINEAR  1.1175E-04   -196.94  1.4080E-04   -196.94
   45.00    315.00     -2.90    -0.52     1.46      0.0033     52.78 LEFT    1.0426E-04   -197.83  1.3726E-04   -197.44
   50.00    315.00     -3.60    -0.86     0.99      0.0081     53.87 LEFT    9.6277E-05   -198.87  1.3189E-04   -197.89
   55.00    315.00     -4.38    -1.37     0.39      0.0148     54.74 LEFT    8.7941E-05   -200.07  1.2434E-04   -198.27
   60.00    315.00     -5.27    -2.10    -0.40      0.0235     55.25 LEFT    7.9356E-05   -201.44  1.1434E-04   -198.57
   65.00    315.00     -6.30    -3.12    -1.42      0.0345     55.26 LEFT    7.0560E-05   -202.99  1.0166E-04   -198.78
   70.00    315.00     -7.50    -4.55    -2.77      0.0484     54.57 LEFT    6.1442E-05   -204.74  8.6224E-05   -198.88
   75.00    315.00     -9.01    -6.61    -4.64      0.0659     52.90 LEFT    5.1609E-05   -206.71  6.8066E-05   -198.87
   80.00    315.00    -11.20    -9.75    -7.41      0.0885     49.84 LEFT    4.0100E-05   -209.00  4.7385E-05   -198.75
   85.00    315.00    -15.41   -15.47   -12.43      0.1175     44.79 LEFT    2.4707E-05   -211.92  2.4533E-05   -198.51
   90.00    315.00   -999.99  -999.99  -999.99      0.0000      0.00         1.9296E-15   -396.27  1.4725E-15   -378.17
    0.00    320.00      0.50    -1.02     2.81      0.0000     40.00 LINEAR  1.5428E-04   -193.98  1.2945E-04   -193.98
    5.00    320.00      0.47    -1.02     2.80      0.0002     40.12 RIGHT   1.5373E-04   -194.03  1.2956E-04   -194.05
   10.00    320.00      0.38    -1.00     2.75      0.0007     40.49 RIGHT   1.5210E-04   -194.15  1.2986E-04   -194.23
   15.00    320.00      0.22    -0.97     2.68      0.0014     41.09 RIGHT   1.4939E-04   -194.36  1.3028E-04   -194.53
   20.00    320.00     -0.00    -0.94     2.56      0.0022     41.90 RIGHT   1.4562E-04   -194.67  1.3068E-04   -194.92
   25.00    320.00     -0.29    -0.93     2.41      0.0027     42.91 RIGHT   1.4083E-04   -195.07  1.3089E-04   -195.38
   30.00    320.00     -0.66    -0.94     2.21      0.0027     44.05 RIGHT   1.3506E-04   -195.57  1.3067E-04   -195.89
   35.00    320.00     -1.10    -1.00     1.96      0.0020     45.30 RIGHT   1.2840E-04   -196.19  1.2977E-04   -196.41
   40.00    320.00     -1.62    -1.13     1.64      0.0000     46.59 RIGHT   1.2094E-04   -196.94  1.2785E-04   -196.94
   45.00    320.00     -2.22    -1.36     1.24      0.0033     47.85 LEFT    1.1281E-04   -197.82  1.2462E-04   -197.44
   50.00    320.00     -2.91    -1.70     0.74      0.0084     48.98 LEFT    1.0416E-04   -198.85  1.1972E-04   -197.88
   55.00    320.00     -3.70    -2.22     0.11      0.0154     49.87 LEFT    9.5123E-05   -200.05  1.1285E-04   -198.27
   60.00    320.00     -4.59    -2.95    -0.68      0.0245     50.41 LEFT    8.5826E-05   -201.42  1.0375E-04   -198.56
   65.00    320.00     -5.62    -3.97    -1.70      0.0360     50.41 LEFT    7.6305E-05   -202.97  9.2238E-05   -198.77
   70.00    320.00     -6.82    -5.40    -3.04      0.0503     49.68 LEFT    6.6440E-05   -204.71  7.8220E-05   -198.87
   75.00    320.00     -8.33    -7.45    -4.86      0.0680     47.92 LEFT    5.5805E-05   -206.68  6.1742E-05   -198.86
   80.00    320.00    -10.53   -10.60    -7.55      0.0895     44.74 LEFT    4.3358E-05   -208.97  4.2980E-05   -198.74
   85.00    320.00    -14.73   -16.32   -12.44      0.1153     39.65 LEFT    2.6714E-05   -211.89  2.2251E-05   -198.51
   90.00    320.00   -999.99  -999.99  -999.99      0.0000      0.00         2.0863E-15   -396.24  1.3355E-15   -378.16
    0.00    325.00      1.08    -2.01     2.81      0.0000     35.00 LINEAR  1.6497E-04   -193.98  1.1551E-04   -193.98
    5.00    325.00      1.05    -2.01     2.80      0.0002     35.12 RIGHT   1.6439E-04   -194.03  1.1561E-04   -194.05
   10.00    325.00      0.96    -1.99     2.74      0.0007     35.47 RIGHT   1.6263E-04   -194.15  1.1587E-04   -194.23
   15.00    325.00      0.80    -1.96     2.65      0.0014     36.04 RIGHT   1.5972E-04   -194.36  1.1623E-04   -194.53
   20.00    325.00      0.58    -1.93     2.51      0.0021     36.83 RIGHT   1.5567E-04   -194.67  1.1658E-04   -194.92
   25.00    325.00      0.29    -1.92     2.33      0.0026     37.80 RIGHT   1.5052E-04   -195.06  1.1674E-04   -195.38
   30.00    325.00     -0.08    -1.94     2.10      0.0027     38.92 RIGHT   1.4433E-04   -195.57  1.1653E-04   -195.88
   35.00    325.00     -0.52    -2.00     1.81      0.0019     40.14 RIGHT   1.3719E-04   -196.19  1.1570E-04   -196.41
   40.00    325.00     -1.04    -2.13     1.46      0.0001     41.42 RIGHT   1.2919E-04   -196.93  1.1397E-04   -196.94
   45.00    325.00     -1.65    -2.36     1.02      0.0033     42.67 LEFT    1.2049E-04   -197.81  1.1106E-04   -197.43
   50.00    325.00     -2.34    -2.70     0.49      0.0084     43.80 LEFT    1.1123E-04   -198.84  1.0668E-04   -197.88
   55.00    325.00     -3.13    -3.22    -0.17      0.0155     44.71 LEFT    1.0156E-04   -200.04  1.0054E-04   -198.26
   60.00    325.00     -4.03    -3.95    -0.98      0.0248     45.25 LEFT    9.1627E-05   -201.40  9.2421E-05   -198.56
   65.00    325.00     -5.05    -4.97    -2.00      0.0366     45.24 LEFT    8.1454E-05   -202.95  8.2152E-05   -198.76
   70.00    325.00     -6.25    -6.41    -3.32      0.0508     44.48 LEFT    7.0919E-05   -204.69  6.9659E-05   -198.87
   75.00    325.00     -7.77    -8.46    -5.09      0.0679     42.69 LEFT    5.9564E-05   -206.65  5.4979E-05   -198.86
   80.00    325.00     -9.96   -11.61    -7.70      0.0877     39.50 LEFT    4.6278E-05   -208.94  3.8269E-05   -198.74
   85.00    325.00    -14.17   -17.33   -12.46      0.1095     34.53 LEFT    2.8512E-05   -211.85  1.9811E-05   -198.50
   90.00    325.00   -999.99  -999.99  -999.99      0.0000      0.00         2.2268E-15   -396.21  1.1890E-15   -378.15
    0.00    330.00      1.57    -3.21     2.81      0.0000     30.00 LINEAR  1.7441E-04   -193.98  1.0070E-04   -193.98
    5.00    330.00      1.53    -3.20     2.79      0.0002     30.11 RIGHT   1.7379E-04   -194.03  1.0078E-04   -194.05
   10.00    330.00      1.44    -3.18     2.73      0.0006     30.43 RIGHT   1.7192E-04   -194.15  1.0100E-04   -194.23
   15.00    330.00      1.28    -3.15     2.62      0.0013     30.97 RIGHT   1.6883E-04   -194.36  1.0131E-04   -194.53
   20.00    330.00      1.06    -3.13     2.46      0.0020     31.69 RIGHT   1.6453E-04   -194.66  1.0159E-04   -194.91
   25.00    330.00      0.77    -3.12     2.25      0.0025     32.60 RIGHT   1.5907E-04   -195.06  1.0172E-04   -195.37
   30.00    330.00      0.40    -3.14     1.99      0.0025     33.65 RIGHT   1.5250E-04   -195.56  1.0152E-04   -195.88
   35.00    330.00     -0.04    -3.20     1.67      0.0019     34.81 RIGHT   1.4493E-04   -196.18  1.0078E-04   -196.41
   40.00    330.00     -0.57    -3.33     1.28      0.0001     36.03 RIGHT   1.3646E-04   -196.92  9.9258E-05   -196.93
   45.00    330.00     -1.17    -3.56     0.81      0.0031     37.24 LEFT    1.2724E-04   -197.80  9.6707E-05   -197.43
   50.00    330.00     -1.87    -3.91     0.24      0.0081     38.34 LEFT    1.1744E-04   -198.83  9.2873E-05   -197.88
   55.00    330.00     -2.66    -4.42    -0.44      0.0151     39.22 LEFT    1.0722E-04   -200.02  8.7516E-05   -198.26
   60.00    330.00     -3.56    -5.16    -1.27      0.0243     39.74 LEFT    9.6722E-05   -201.39  8.0435E-05   -198.55
   65.00    330.00     -4.58    -6.18    -2.30      0.0358     39.73 LEFT    8.5976E-05   -202.93  7.1488E-05   -198.76
   70.00    330.00     -5.78    -7.62    -3.59      0.0496     38.97 LEFT    7.4851E-05   -204.66  6.0610E-05   -198.86
   75.00    330.00     -7.30    -9.67    -5.31      0.0654     37.20 LEFT    6.2863E-05   -206.62  4.7833E-05   -198.85
   80.00    330.00     -9.49   -12.82    -7.83      0.0828     34.13 LEFT    4.8840E-05   -208.91  3.3293E-05   -198.73
   85.00    330.00    -13.70   -18.54   -12.47      0.1004     29.46 LEFT    3.0091E-05   -211.82  1.7234E-05   -198.50
   90.00    330.00   -999.99  -999.99  -999.99      0.0000      0.00         2.3500E-15   -396.17  1.0343E-15   -378.15
    0.00    335.00      1.96    -4.67     2.81      0.0000     25.00 LINEAR  1.8252E-04   -193.98  8.5113E-05   -193.98
    5.00    335.00      1.93    -4.66     2.79      0.0001     25.10 RIGHT   1.8187E-04   -194.03  8.5180E-05   -194.05
   10.00    335.00      1.83    -4.64     2.72      0.0005     25.38 RIGHT   1.7991E-04   -194.15  8.5363E-05   -194.23
   15.00    335.00      1.68    -4.62     2.59      0.0011     25.86 RIGHT   1.7666E-04   -194.36  8.5614E-05   -194.53
   20.00    335.00      1.45    -4.59     2.42      0.0017     26.51 RIGHT   1.7214E-04   -194.66  8.5847E-05   -194.91
   25.00    335.00      1.16    -4.58     2.18      0.0022     27.32 RIGHT   1.6640E-04   -195.06  8.5947E-05   -195.37
   30.00    335.00      0.79    -4.60     1.89      0.0023     28.27 RIGHT   1.5951E-04   -195.56  8.5764E-05   -195.88
   35.00    335.00      0.35    -4.67     1.54      0.0017     29.32 RIGHT   1.5156E-04   -196.18  8.5123E-05   -196.41
   40.00    335.00     -0.18    -4.80     1.11      0.0001     30.43 RIGHT   1.4268E-04   -196.92  8.3825E-05   -196.93
   45.00    335.00     -0.79    -5.03     0.60      0.0029     31.54 LEFT    1.3302E-04   -197.79  8.1657E-05   -197.42
   50.00    335.00     -1.49    -5.38     0.00      0.0075     32.56 LEFT    1.2276E-04   -198.82  7.8406E-05   -197.87
   55.00    335.00     -2.28    -5.90    -0.71      0.0141     33.39 LEFT    1.1207E-04   -200.01  7.3873E-05   -198.25
   60.00    335.00     -3.17    -6.63    -1.56      0.0228     33.87 LEFT    1.0108E-04   -201.37  6.7887E-05   -198.55
   65.00    335.00     -4.20    -7.66    -2.58      0.0336     33.85 LEFT    8.9844E-05   -202.91  6.0329E-05   -198.75
   70.00    335.00     -5.40    -9.09    -3.85      0.0463     33.13 LEFT    7.8213E-05   -204.64  5.1144E-05   -198.86
   75.00    335.00     -6.92   -11.15    -5.53      0.0604     31.46 LEFT    6.5685E-05   -206.60  4.0359E-05   -198.85
   80.00    335.00     -9.11   -14.30    -7.96      0.0749     28.62 LEFT    5.1031E-05   -208.88  2.8089E-05   -198.73
   85.00    335.00    -13.32   -20.02   -12.48      0.0883     24.43 LEFT    3.1440E-05   -211.79  1.4540E-05   -198.49
   90.00    335.00   -999.99  -999.99  -999.99      0.0000      0.00         2.4554E-15   -396.14  8.7265E-16   -378.15
    0.00    340.00      2.27    -6.50     2.81      0.0000     20.00 LINEAR  1.8925E-04   -193.98  6.8881E-05   -193.98
    5.00    340.00      2.24    -6.50     2.79      0.0001     20.08 RIGHT   1.8857E-04   -194.03  6.8934E-05   -194.05
   10.00    340.00      2.15    -6.48     2.71      0.0005     20.32 RIGHT   1.8653E-04   -194.15  6.9080E-05   -194.23
   15.00    340.00      1.99    -6.45     2.57      0.0009     20.72 RIGHT   1.8314E-04   -194.36  6.9278E-05   -194.52
   20.00    340.00      1.76    -6.43     2.38      0.0015     21.27 RIGHT   1.7844E-04   -194.66  6.9460E-05   -194.91
   25.00    340.00      1.47    -6.42     2.12      0.0019     21.96 RIGHT   1.7247E-04   -195.06  6.9533E-05   -195.37
   30.00    340.00      1.10    -6.44     1.80      0.0020     22.77 RIGHT   1.6531E-04   -195.56  6.9376E-05   -195.88
   35.00    340.00      0.65    -6.51     1.42      0.0015     23.67 RIGHT   1.5705E-04   -196.17  6.8848E-05   -196.40
   40.00    340.00      0.13    -6.64     0.96      0.0001     24.63 RIGHT   1.4783E-04   -196.91  6.7788E-05   -196.93
   45.00    340.00     -0.48    -6.87     0.42      0.0025     25.60 LEFT    1.3780E-04   -197.79  6.6026E-05   -197.42
   50.00    340.00     -1.18    -7.23    -0.22      0.0066     26.49 LEFT    1.2716E-04   -198.81  6.3389E-05   -197.87
   55.00    340.00     -1.97    -7.74    -0.95      0.0125     27.22 LEFT    1.1607E-04   -200.00  5.9716E-05   -198.25
   60.00    340.00     -2.87    -8.48    -1.81      0.0202     27.65 LEFT    1.0468E-04   -201.36  5.4871E-05   -198.55
   65.00    340.00     -3.89    -9.51    -2.84      0.0298     27.62 LEFT    9.3035E-05   -202.90  4.8756E-05   -198.75
   70.00    340.00     -5.10   -10.94    -4.09      0.0408     26.97 LEFT    8.0988E-05   -204.63  4.1330E-05   -198.85
   75.00    340.00     -6.61   -13.00    -5.72      0.0526     25.49 LEFT    6.8013E-05   -206.58  3.2612E-05   -198.84
   80.00    340.00     -8.81   -16.15    -8.07      0.0641     23.02 LEFT    5.2839E-05   -208.86  2.2696E-05   -198.72
   85.00    340.00    -13.01   -21.87   -12.48      0.0738     19.46 LEFT    3.2554E-05   -211.77  1.1748E-05   -198.49
   90.00    340.00   -999.99  -999.99  -999.99      0.0000      0.00         2.5423E-15   -396.12  7.0509E-16   -378.14
    0.00    345.00      2.51    -8.93     2.81      0.0000     15.00 LINEAR  1.9453E-04   -193.98  5.2125E-05   -193.98
    5.00    345.00      2.48    -8.92     2.79      0.0001     15.06 RIGHT   1.9383E-04   -194.03  5.2164E-05   -194.05
   10.00    345.00      2.39    -8.90     2.70      0.0004     15.25 RIGHT   1.9172E-04   -194.15  5.2273E-05   -194.23
   15.00    345.00      2.23    -8.88     2.55      0.0007     15.56 RIGHT   1.8823E-04   -194.36  5.2419E-05   -194.52
   20.00    345.00      2.00    -8.85     2.34      0.0012     15.99 RIGHT   1.8339E-04   -194.66  5.2553E-05   -194.91
   25.00    345.00      1.70    -8.85     2.07      0.0015     16.53 RIGHT   1.7724E-04   -195.06  5.2603E-05   -195.37
   30.00    345.00      1.34    -8.87     1.73      0.0016     17.17 RIGHT   1.6986E-04   -195.56  5.2479E-05   -195.87
   35.00    345.00      0.89    -8.93     1.32      0.0012     17.89 RIGHT   1.6136E-04   -196.17  5.2074E-05   -196.40
   40.00    345.00      0.36    -9.07     0.83      0.0001     18.65 RIGHT   1.5186E-04   -196.91  5.1267E-05   -196.92
   45.00    345.00     -0.25    -9.30     0.26      0.0020     19.43 LEFT    1.4155E-04   -197.78  4.9928E-05   -197.42
   50.00    345.00     -0.95    -9.65    -0.40      0.0053     20.15 LEFT    1.3060E-04   -198.81  4.7929E-05   -197.86
   55.00    345.00     -1.74   -10.17    -1.16      0.0101     20.74 LEFT    1.1920E-04   -199.99  4.5147E-05   -198.24
   60.00    345.00     -2.64   -10.91    -2.04      0.0165     21.08 LEFT    1.0750E-04   -201.35  4.1480E-05   -198.54
   65.00    345.00     -3.66   -11.94    -3.06      0.0242     21.06 LEFT    9.5535E-05   -202.88  3.6855E-05   -198.75
   70.00    345.00     -4.87   -13.37    -4.29      0.0331     20.52 LEFT    8.3160E-05   -204.61  3.1239E-05   -198.85
   75.00    345.00     -6.39   -15.43    -5.88      0.0422     19.31 LEFT    6.9835E-05   -206.56  2.4648E-05   -198.84
   80.00    345.00     -8.58   -18.58    -8.16      0.0507     17.33 LEFT    5.4254E-05   -208.84  1.7153E-05   -198.72
   85.00    345.00    -12.79   -24.30   -12.49      0.0571     14.54 LEFT    3.3425E-05   -211.75  8.8786E-06   -198.48
   90.00    345.00   -999.99  -999.99  -999.99      0.0000      0.00         2.6105E-15   -396.10  5.3285E-16   -378.13
    0.00    350.00      2.68   -12.39     2.81      0.0000     10.00 LINEAR  1.9833E-04   -193.98  3.4972E-05   -193.98
    5.00    350.00      2.65   -12.39     2.78      0.0001     10.04 RIGHT   1.9762E-04   -194.03  3.4998E-05   -194.05
   10.00    350.00      2.55   -12.37     2.69      0.0002     10.17 RIGHT   1.9546E-04   -194.15  3.5070E-05   -194.23
   15.00    350.00      2.39   -12.34     2.54      0.0005     10.38 RIGHT   1.9190E-04   -194.36  3.5167E-05   -194.52
   20.00    350.00      2.17   -12.32     2.32      0.0008     10.68 RIGHT   1.8695E-04   -194.66  3.5255E-05   -194.91
   25.00    350.00      1.87   -12.31     2.03      0.0010     11.05 RIGHT   1.8067E-04   -195.05  3.5286E-05   -195.37
   30.00    350.00      1.50   -12.34     1.68      0.0011     11.49 RIGHT   1.7313E-04   -195.55  3.5200E-05   -195.87
   35.00    350.00      1.05   -12.40     1.25      0.0008     11.99 RIGHT   1.6445E-04   -196.17  3.4925E-05   -196.40
   40.00    350.00      0.53   -12.54     0.74      0.0001     12.52 RIGHT   1.5476E-04   -196.90  3.4381E-05   -196.92
   45.00    350.00     -0.08   -12.77     0.14      0.0014     13.07 LEFT    1.4424E-04   -197.78  3.3480E-05   -197.42
   50.00    350.00     -0.78   -13.13    -0.54      0.0037     13.58 LEFT    1.3308E-04   -198.80  3.2137E-05   -197.86
   55.00    350.00     -1.58   -13.65    -1.32      0.0071     13.99 LEFT    1.2145E-04   -199.99  3.0269E-05   -198.24
   60.00    350.00     -2.48   -14.38    -2.21      0.0117     14.23 LEFT    1.0952E-04   -201.34  2.7809E-05   -198.54
   65.00    350.00     -3.50   -15.41    -3.23      0.0172     14.21 LEFT    9.7329E-05   -202.88  2.4706E-05   -198.74
   70.00    350.00     -4.71   -16.85    -4.45      0.0234     13.82 LEFT    8.4719E-05   -204.60  2.0940E-05   -198.85
   75.00    350.00     -6.22   -18.91    -6.00      0.0296     12.97 LEFT    7.1143E-05   -206.55  1.6522E-05   -198.84
   80.00    350.00     -8.42   -22.05    -8.23      0.0351     11.59 LEFT    5.5269E-05   -208.83  1.1498E-05   -198.72
   85.00    350.00    -12.62   -27.77   -12.49      0.0389      9.67 LEFT    3.4050E-05   -211.73  5.9512E-06   -198.48
   90.00    350.00   -999.99  -999.99  -999.99      0.0000      0.00         2.6592E-15   -396.08  3.5716E-16   -378.13
    0.00    355.00      2.78   -18.38     2.81      0.0000      5.00 LINEAR  2.0063E-04   -193.98  1.7553E-05   -193.98
    5.00    355.00      2.75   -18.37     2.78      0.0000      5.02 RIGHT   1.9990E-04   -194.03  1.7566E-05   -194.05
   10.00    355.00      2.65   -18.36     2.69      0.0001      5.09 RIGHT   1.9772E-04   -194.15  1.7601E-05   -194.23
   15.00    355.00      2.49   -18.33     2.53      0.0003      5.20 RIGHT   1.9411E-04   -194.36  1.7650E-05   -194.52
   20.00    355.00      2.27   -18.31     2.30      0.0004      5.35 RIGHT   1.8910E-04   -194.66  1.7693E-05   -194.91
   25.00    355.00      1.97   -18.30     2.01      0.0005      5.53 RIGHT   1.8273E-04   -195.05  1.7708E-05   -195.37
   30.00    355.00      1.60   -18.32     1.64      0.0006      5.76 RIGHT   1.7510E-04   -195.55  1.7664E-05   -195.87
   35.00    355.00      1.15   -18.39     1.20      0.0004      6.02 RIGHT   1.6632E-04   -196.16  1.7526E-05   -196.40
   40.00    355.00      0.62   -18.53     0.68      0.0000      6.29 RIGHT   1.5651E-04   -196.90  1.7251E-05   -196.92
   45.00    355.00      0.01   -18.76     0.07      0.0007      6.57 LEFT    1.4586E-04   -197.78  1.6799E-05   -197.42
   50.00    355.00     -0.69   -19.12    -0.63      0.0019      6.83 LEFT    1.3457E-04   -198.80  1.6124E-05   -197.86
   55.00    355.00     -1.48   -19.64    -1.42      0.0037      7.05 LEFT    1.2281E-04   -199.98  1.5186E-05   -198.24
   60.00    355.00     -2.38   -20.37    -2.31      0.0061      7.17 LEFT    1.1074E-04   -201.34  1.3951E-05   -198.54
   65.00    355.00     -3.41   -21.40    -3.34      0.0089      7.16 LEFT    9.8408E-05   -202.87  1.2394E-05   -198.74
   70.00    355.00     -4.61   -22.84    -4.55      0.0121      6.96 LEFT    8.5658E-05   -204.59  1.0505E-05   -198.84
   75.00    355.00     -6.13   -24.90    -6.07      0.0153      6.52 LEFT    7.1930E-05   -206.54  8.2878E-06   -198.84
   80.00    355.00     -8.32   -28.05    -8.28      0.0179      5.80 LEFT    5.5880E-05   -208.82  5.7674E-06   -198.71
   85.00    355.00    -12.53   -33.77   -12.50      0.0197      4.83 LEFT    3.4427E-05   -211.72  2.9852E-06   -198.48
   90.00    355.00   -999.99  -999.99  -999.99      0.0000      0.00         2.6886E-15   -396.07  1.7916E-16   -378.13


  AVERAGE POWER GAIN:  9.2049E-01 - SOLID ANGLE USED IN AVERAGING: (+1.9722)*PI STERADIANS



  DATA CARD No:   8 EN   0     0     0     0  0.00000E+00  0.00000E+00  0.00000E+00  0.00000E+00  0.00000E+00  0.00000E+00

  TOTAL RUN TIME: 60 msec