


                               __________________________________________
                              |                                          |
                              |  NUMERICAL ELECTROMAGNETICS CODE (nec2c) |
                              |   Translated to 'C' in Double Precision  |
                              |__________________________________________|



                               ---------------- COMMENTS ----------------
                               pattern-doublet-44p0-None-15m
                              



                               -------- STRUCTURE SPECIFICATION --------
                                     COORDINATES MUST BE INPUT IN
                                     METERS OR BE SCALED TO METERS
                                     BEFORE STRUCTURE INPUT IS ENDED

  WIRE                                                                                 SEG FIRST  LAST  TAG
   No:        X1         Y1         Z1         X2         Y2         Z2       RADIUS   No:   SEG   SEG  No:
     1    -2.79354    0.00000    3.04800   -0.01000    0.00000    9.14400    0.00024    61     1    61    1
     2    -0.01000    0.00000    9.14400    0.01000    0.00000    9.14400    0.00024     1    62    62    2
     3     0.01000    0.00000    9.14400    2.79354    0.00000    3.04800    0.00024    61    63   123    3

     TOTAL SEGMENTS USED: 123   SEGMENTS IN A SYMMETRIC CELL: 123   SYMMETRY FLAG: 0


                               ---------- SEGMENTATION DATA ----------
                                        COORDINATES IN METERS
                            I+ AND I- INDICATE THE SEGMENTS BEFORE AND AFTER I

   SEG    COORDINATES OF SEGM CENTER     SEGM    ORIENTATION ANGLES    WIRE    CONNECTION DATA   TAG
   No:       X         Y         Z      LENGTH     ALPHA      BETA    RADIUS    I-     I    I+   No:
     1   -2.7707    0.0000    3.0980    0.1099   65.4577    0.0000    0.0002     0     1     2     1
     2   -2.7251    0.0000    3.1979    0.1099   65.4577    0.0000    0.0002     1     2     3     1
     3   -2.6795    0.0000    3.2978    0.1099   65.4577    0.0000    0.0002     2     3     4     1
     4   -2.6338    0.0000    3.3978    0.1099   65.4577    0.0000    0.0002     3     4     5     1
     5   -2.5882    0.0000    3.4977    0.1099   65.4577    0.0000    0.0002     4     5     6     1
     6   -2.5426    0.0000    3.5976    0.1099   65.4577    0.0000    0.0002     5     6     7     1
     7   -2.4969    0.0000    3.6976    0.1099   65.4577    0.0000    0.0002     6     7     8     1
     8   -2.4513    0.0000    3.7975    0.1099   65.4577    0.0000    0.0002     7     8     9     1
     9   -2.4057    0.0000    3.8974    0.1099   65.4577    0.0000    0.0002     8     9    10     1
    10   -2.3600    0.0000    3.9974    0.1099   65.4577    0.0000    0.0002     9    10    11     1
    11   -2.3144    0.0000    4.0973    0.1099   65.4577    0.0000    0.0002    10    11    12     1
    12   -2.2688    0.0000    4.1972    0.1099   65.4577    0.0000    0.0002    11    12    13     1
    13   -2.2231    0.0000    4.2972    0.1099   65.4577    0.0000    0.0002    12    13    14     1
    14   -2.1775    0.0000    4.3971    0.1099   65.4577    0.0000    0.0002    13    14    15     1
    15   -2.1319    0.0000    4.4970    0.1099   65.4577    0.0000    0.0002    14    15    16     1
    16   -2.0862    0.0000    4.5970    0.1099   65.4577    0.0000    0.0002    15    16    17     1
    17   -2.0406    0.0000    4.6969    0.1099   65.4577    0.0000    0.0002    16    17    18     1
    18   -1.9950    0.0000    4.7969    0.1099   65.4577    0.0000    0.0002    17    18    19     1
    19   -1.9494    0.0000    4.8968    0.1099   65.4577    0.0000    0.0002    18    19    20     1
    20   -1.9037    0.0000    4.9967    0.1099   65.4577    0.0000    0.0002    19    20    21     1
    21   -1.8581    0.0000    5.0967    0.1099   65.4577    0.0000    0.0002    20    21    22     1
    22   -1.8125    0.0000    5.1966    0.1099   65.4577    0.0000    0.0002    21    22    23     1
    23   -1.7668    0.0000    5.2965    0.1099   65.4577    0.0000    0.0002    22    23    24     1
    24   -1.7212    0.0000    5.3965    0.1099   65.4577    0.0000    0.0002    23    24    25     1
    25   -1.6756    0.0000    5.4964    0.1099   65.4577    0.0000    0.0002    24    25    26     1
    26   -1.6299    0.0000    5.5963    0.1099   65.4577    0.0000    0.0002    25    26    27     1
    27   -1.5843    0.0000    5.6963    0.1099   65.4577    0.0000    0.0002    26    27    28     1
    28   -1.5387    0.0000    5.7962    0.1099   65.4577    0.0000    0.0002    27    28    29     1
    29   -1.4930    0.0000    5.8961    0.1099   65.4577    0.0000    0.0002    28    29    30     1
    30   -1.4474    0.0000    5.9961    0.1099   65.4577    0.0000    0.0002    29    30    31     1
    31   -1.4018    0.0000    6.0960    0.1099   65.4577    0.0000    0.0002    30    31    32     1
    32   -1.3561    0.0000    6.1959    0.1099   65.4577    0.0000    0.0002    31    32    33     1
    33   -1.3105    0.0000    6.2959    0.1099   65.4577    0.0000    0.0002    32    33    34     1
    34   -1.2649    0.0000    6.3958    0.1099   65.4577    0.0000    0.0002    33    34    35     1
    35   -1.2192    0.0000    6.4957    0.1099   65.4577    0.0000    0.0002    34    35    36     1
    36   -1.1736    0.0000    6.5957    0.1099   65.4577    0.0000    0.0002    35    36    37     1
    37   -1.1280    0.0000    6.6956    0.1099   65.4577    0.0000    0.0002    36    37    38     1
    38   -1.0823    0.0000    6.7955    0.1099   65.4577    0.0000    0.0002    37    38    39     1
    39   -1.0367    0.0000    6.8955    0.1099   65.4577    0.0000    0.0002    38    39    40     1
    40   -0.9911    0.0000    6.9954    0.1099   65.4577    0.0000    0.0002    39    40    41     1
    41   -0.9455    0.0000    7.0953    0.1099   65.4577    0.0000    0.0002    40    41    42     1
    42   -0.8998    0.0000    7.1953    0.1099   65.4577    0.0000    0.0002    41    42    43     1
    43   -0.8542    0.0000    7.2952    0.1099   65.4577    0.0000    0.0002    42    43    44     1
    44   -0.8086    0.0000    7.3951    0.1099   65.4577    0.0000    0.0002    43    44    45     1
    45   -0.7629    0.0000    7.4951    0.1099   65.4577    0.0000    0.0002    44    45    46     1
    46   -0.7173    0.0000    7.5950    0.1099   65.4577    0.0000    0.0002    45    46    47     1
    47   -0.6717    0.0000    7.6950    0.1099   65.4577    0.0000    0.0002    46    47    48     1
    48   -0.6260    0.0000    7.7949    0.1099   65.4577    0.0000    0.0002    47    48    49     1
    49   -0.5804    0.0000    7.8948    0.1099   65.4577    0.0000    0.0002    48    49    50     1
    50   -0.5348    0.0000    7.9948    0.1099   65.4577    0.0000    0.0002    49    50    51     1
    51   -0.4891    0.0000    8.0947    0.1099   65.4577    0.0000    0.0002    50    51    52     1
    52   -0.4435    0.0000    8.1946    0.1099   65.4577    0.0000    0.0002    51    52    53     1
    53   -0.3979    0.0000    8.2946    0.1099   65.4577    0.0000    0.0002    52    53    54     1
    54   -0.3522    0.0000    8.3945    0.1099   65.4577    0.0000    0.0002    53    54    55     1
    55   -0.3066    0.0000    8.4944    0.1099   65.4577    0.0000    0.0002    54    55    56     1
    56   -0.2610    0.0000    8.5944    0.1099   65.4577    0.0000    0.0002    55    56    57     1
    57   -0.2153    0.0000    8.6943    0.1099   65.4577    0.0000    0.0002    56    57    58     1
    58   -0.1697    0.0000    8.7942    0.1099   65.4577    0.0000    0.0002    57    58    59     1
    59   -0.1241    0.0000    8.8942    0.1099   65.4577    0.0000    0.0002    58    59    60     1
    60   -0.0784    0.0000    8.9941    0.1099   65.4577    0.0000    0.0002    59    60    61     1
    61   -0.0328    0.0000    9.0940    0.1099   65.4577    0.0000    0.0002    60    61    62     1
    62    0.0000    0.0000    9.1440    0.0200    0.0000    0.0000    0.0002    61    62    63     2
    63    0.0328    0.0000    9.0940    0.1099  -65.4577    0.0000    0.0002    62    63    64     3
    64    0.0784    0.0000    8.9941    0.1099  -65.4577    0.0000    0.0002    63    64    65     3
    65    0.1241    0.0000    8.8942    0.1099  -65.4577    0.0000    0.0002    64    65    66     3
    66    0.1697    0.0000    8.7942    0.1099  -65.4577    0.0000    0.0002    65    66    67     3
    67    0.2153    0.0000    8.6943    0.1099  -65.4577    0.0000    0.0002    66    67    68     3
    68    0.2610    0.0000    8.5944    0.1099  -65.4577    0.0000    0.0002    67    68    69     3
    69    0.3066    0.0000    8.4944    0.1099  -65.4577    0.0000    0.0002    68    69    70     3
    70    0.3522    0.0000    8.3945    0.1099  -65.4577    0.0000    0.0002    69    70    71     3
    71    0.3979    0.0000    8.2946    0.1099  -65.4577    0.0000    0.0002    70    71    72     3
    72    0.4435    0.0000    8.1946    0.1099  -65.4577    0.0000    0.0002    71    72    73     3
    73    0.4891    0.0000    8.0947    0.1099  -65.4577    0.0000    0.0002    72    73    74     3
    74    0.5348    0.0000    7.9948    0.1099  -65.4577    0.0000    0.0002    73    74    75     3
    75    0.5804    0.0000    7.8948    0.1099  -65.4577    0.0000    0.0002    74    75    76     3
    76    0.6260    0.0000    7.7949    0.1099  -65.4577    0.0000    0.0002    75    76    77     3
    77    0.6717    0.0000    7.6950    0.1099  -65.4577    0.0000    0.0002    76    77    78     3
    78    0.7173    0.0000    7.5950    0.1099  -65.4577    0.0000    0.0002    77    78    79     3
    79    0.7629    0.0000    7.4951    0.1099  -65.4577    0.0000    0.0002    78    79    80     3
    80    0.8086    0.0000    7.3951    0.1099  -65.4577    0.0000    0.0002    79    80    81     3
    81    0.8542    0.0000    7.2952    0.1099  -65.4577    0.0000    0.0002    80    81    82     3
    82    0.8998    0.0000    7.1953    0.1099  -65.4577    0.0000    0.0002    81    82    83     3
    83    0.9455    0.0000    7.0953    0.1099  -65.4577    0.0000    0.0002    82    83    84     3
    84    0.9911    0.0000    6.9954    0.1099  -65.4577    0.0000    0.0002    83    84    85     3
    85    1.0367    0.0000    6.8955    0.1099  -65.4577    0.0000    0.0002    84    85    86     3
    86    1.0823    0.0000    6.7955    0.1099  -65.4577    0.0000    0.0002    85    86    87     3
    87    1.1280    0.0000    6.6956    0.1099  -65.4577    0.0000    0.0002    86    87    88     3
    88    1.1736    0.0000    6.5957    0.1099  -65.4577    0.0000    0.0002    87    88    89     3
    89    1.2192    0.0000    6.4957    0.1099  -65.4577    0.0000    0.0002    88    89    90     3
    90    1.2649    0.0000    6.3958    0.1099  -65.4577    0.0000    0.0002    89    90    91     3
    91    1.3105    0.0000    6.2959    0.1099  -65.4577    0.0000    0.0002    90    91    92     3
    92    1.3561    0.0000    6.1959    0.1099  -65.4577    0.0000    0.0002    91    92    93     3
    93    1.4018    0.0000    6.0960    0.1099  -65.4577    0.0000    0.0002    92    93    94     3
    94    1.4474    0.0000    5.9961    0.1099  -65.4577    0.0000    0.0002    93    94    95     3
    95    1.4930    0.0000    5.8961    0.1099  -65.4577    0.0000    0.0002    94    95    96     3
    96    1.5387    0.0000    5.7962    0.1099  -65.4577    0.0000    0.0002    95    96    97     3
    97    1.5843    0.0000    5.6963    0.1099  -65.4577    0.0000    0.0002    96    97    98     3
    98    1.6299    0.0000    5.5963    0.1099  -65.4577    0.0000    0.0002    97    98    99     3
    99    1.6756    0.0000    5.4964    0.1099  -65.4577    0.0000    0.0002    98    99   100     3
   100    1.7212    0.0000    5.3965    0.1099  -65.4577    0.0000    0.0002    99   100   101     3
   101    1.7668    0.0000    5.2965    0.1099  -65.4577    0.0000    0.0002   100   101   102     3
   102    1.8125    0.0000    5.1966    0.1099  -65.4577    0.0000    0.0002   101   102   103     3
   103    1.8581    0.0000    5.0967    0.1099  -65.4577    0.0000    0.0002   102   103   104     3
   104    1.9037    0.0000    4.9967    0.1099  -65.4577    0.0000    0.0002   103   104   105     3
   105    1.9494    0.0000    4.8968    0.1099  -65.4577    0.0000    0.0002   104   105   106     3
   106    1.9950    0.0000    4.7969    0.1099  -65.4577    0.0000    0.0002   105   106   107     3
   107    2.0406    0.0000    4.6969    0.1099  -65.4577    0.0000    0.0002   106   107   108     3
   108    2.0862    0.0000    4.5970    0.1099  -65.4577    0.0000    0.0002   107   108   109     3
   109    2.1319    0.0000    4.4970    0.1099  -65.4577    0.0000    0.0002   108   109   110     3
   110    2.1775    0.0000    4.3971    0.1099  -65.4577    0.0000    0.0002   109   110   111     3
   111    2.2231    0.0000    4.2972    0.1099  -65.4577    0.0000    0.0002   110   111   112     3
   112    2.2688    0.0000    4.1972    0.1099  -65.4577    0.0000    0.0002   111   112   113     3
   113    2.3144    0.0000    4.0973    0.1099  -65.4577    0.0000    0.0002   112   113   114     3
   114    2.3600    0.0000    3.9974    0.1099  -65.4577    0.0000    0.0002   113   114   115     3
   115    2.4057    0.0000    3.8974    0.1099  -65.4577    0.0000    0.0002   114   115   116     3
   116    2.4513    0.0000    3.7975    0.1099  -65.4577    0.0000    0.0002   115   116   117     3
   117    2.4969    0.0000    3.6976    0.1099  -65.4577    0.0000    0.0002   116   117   118     3
   118    2.5426    0.0000    3.5976    0.1099  -65.4577    0.0000    0.0002   117   118   119     3
   119    2.5882    0.0000    3.4977    0.1099  -65.4577    0.0000    0.0002   118   119   120     3
   120    2.6338    0.0000    3.3978    0.1099  -65.4577    0.0000    0.0002   119   120   121     3
   121    2.6795    0.0000    3.2978    0.1099  -65.4577    0.0000    0.0002   120   121   122     3
   122    2.7251    0.0000    3.1979    0.1099  -65.4577    0.0000    0.0002   121   122   123     3
   123    2.7707    0.0000    3.0980    0.1099  -65.4577    0.0000    0.0002   122   123     0     3



  DATA CARD No:   1 EK   0     0     0     0  0.00000E+00  0.00000E+00  0.00000E+00  0.00000E+00  0.00000E+00  0.00000E+00
  DATA CARD No:   2 LD   5     0     0     0  1.50000E+07  0.00000E+00  0.00000E+00  0.00000E+00  0.00000E+00  0.00000E+00
  DATA CARD No:   3 GN   2     0     0     0  1.30000E+01  5.00000E-03  0.00000E+00  0.00000E+00  0.00000E+00  0.00000E+00
  DATA CARD No:   4 FR   0     1     0     0  2.10500E+01  0.00000E+00  0.00000E+00  0.00000E+00  0.00000E+00  0.00000E+00
  DATA CARD No:   5 EX   0     2     1     0  1.00000E+00  0.00000E+00  0.00000E+00  0.00000E+00  0.00000E+00  0.00000E+00
  DATA CARD No:   6 PT  -1     0     0     0  0.00000E+00  0.00000E+00  0.00000E+00  0.00000E+00  0.00000E+00  0.00000E+00
  DATA CARD No:   7 RP   0    19    72  1001  0.00000E+00  0.00000E+00  5.00000E+00  5.00000E+00  1.00000E+03  0.00000E+00


                               --------- FREQUENCY --------
                                FREQUENCY : 2.1050E+01 MHz
                                WAVELENGTH: 1.4242E+01 Mtr

                        APPROXIMATE INTEGRATION EMPLOYED FOR SEGMENTS 
                        THAT ARE MORE THAN 1.000 WAVELENGTHS APART
                        THE EXTENDED THIN WIRE KERNEL WILL BE USED


                          ------ STRUCTURE IMPEDANCE LOADING ------
  LOCATION        RESISTANCE  INDUCTANCE  CAPACITANCE     IMPEDANCE (OHMS)   CONDUCTIVITY  CIRCUIT
  ITAG FROM THRU     OHMS       HENRYS      FARADS       REAL     IMAGINARY   MHOS/METER      TYPE
  ALL                                                                        1.5000E+07     WIRE  


                            -------- ANTENNA ENVIRONMENT --------
                            FINITE GROUND - SOMMERFELD SOLUTION
                            RELATIVE DIELECTRIC CONST: 13.000
                            CONDUCTIVITY:  5.000E-03 MHOS/METER
                            COMPLEX DIELECTRIC CONSTANT:  1.3000E+01-4.2698E+00j


                             ---------- MATRIX TIMING ----------
                               FILL: 20 msec  FACTOR: 0 msec


                        --------- ANTENNA INPUT PARAMETERS ---------
  TAG   SEG       VOLTAGE (VOLTS)         CURRENT (AMPS)         IMPEDANCE (OHMS)        ADMITTANCE (MHOS)     POWER
  No:   No:     REAL      IMAGINARY     REAL      IMAGINARY     REAL      IMAGINARY    REAL       IMAGINARY   (WATTS)
    2    62  1.0000E+00  0.0000E+00  9.5123E-05  1.9845E-05  1.0074E+04 -2.1017E+03  9.5123E-05  1.9845E-05  4.7561E-05


                               ---------- POWER BUDGET ---------
                               INPUT POWER   =  4.7561E-05 Watts
                               RADIATED POWER=  4.1512E-05 Watts
                               STRUCTURE LOSS=  6.0494E-06 Watts
                               NETWORK LOSS  =  0.0000E+00 Watts
                               EFFICIENCY    =   87.28 Percent


                             ---------- RADIATION PATTERNS -----------

                             RANGE:  1.000000E+03 METERS
                             EXP(-JKR)/R:  1.00000E-03 AT PHASE:  -76.85 DEGREES

 ---- ANGLES -----     ----- POWER GAINS -----       ---- POLARIZATION ----   ---- E(THETA) ----    ----- E(PHI) ------
  THETA      PHI       VERTC    HORIZ    TOTAL       AXIAL      TILT  SENSE   MAGNITUDE    PHASE    MAGNITUDE     PHASE
 DEGREES   DEGREES        DB       DB       DB       RATIO   DEGREES            VOLTS/M   DEGREES     VOLTS/M   DEGREES
    0.00      0.00     -5.29  -999.99    -5.29      0.0000      0.00 LINEAR  2.9032E-05   -137.23  0.0000E+00    -76.85
    5.00      0.00     -5.31  -999.99    -5.31      0.0000      0.00 LINEAR  2.8977E-05   -137.02  0.0000E+00    -76.85
   10.00      0.00     -5.35  -999.99    -5.35      0.0000      0.00 LINEAR  2.8836E-05   -136.39  0.0000E+00    -76.85
   15.00      0.00     -5.40  -999.99    -5.40      0.0000      0.00 LINEAR  2.8680E-05   -135.35  0.0000E+00    -76.85
   20.00      0.00     -5.42  -999.99    -5.42      0.0000      0.00 LINEAR  2.8627E-05   -133.98  0.0000E+00    -76.85
   25.00      0.00     -5.35  -999.99    -5.35      0.0000      0.00 LINEAR  2.8845E-05   -132.41  0.0000E+00    -76.85
   30.00      0.00     -5.14  -999.99    -5.14      0.0000      0.00 LINEAR  2.9534E-05   -130.89  0.0000E+00    -76.85
   35.00      0.00     -4.75  -999.99    -4.75      0.0000      0.00 LINEAR  3.0903E-05   -129.75  0.0000E+00    -76.85
   40.00      0.00     -4.15  -999.99    -4.15      0.0000      0.00 LINEAR  3.3134E-05   -129.31  0.0000E+00    -76.85
   45.00      0.00     -3.34  -999.99    -3.34      0.0000      0.00 LINEAR  3.6336E-05   -129.72  0.0000E+00    -76.85
   50.00      0.00     -2.40  -999.99    -2.40      0.0000      0.00 LINEAR  4.0487E-05   -130.91  0.0000E+00    -76.85
   55.00      0.00     -1.42  -999.99    -1.42      0.0000      0.00 LINEAR  4.5359E-05   -132.67  0.0000E+00    -76.85
   60.00      0.00     -0.50  -999.99    -0.50      0.0000      0.00 LINEAR  5.0427E-05   -134.71  0.0000E+00    -76.85
   65.00      0.00      0.22  -999.99     0.22      0.0000      0.00 LINEAR  5.4795E-05   -136.78  0.0000E+00    -76.85
   70.00      0.00      0.59  -999.99     0.59      0.0000      0.00 LINEAR  5.7162E-05   -138.76  0.0000E+00    -76.85
   75.00      0.00      0.38  -999.99     0.38      0.0000      0.00 LINEAR  5.5800E-05   -140.58  0.0000E+00    -76.85
   80.00      0.00     -0.85  -999.99    -0.85      0.0000      0.00 LINEAR  4.8450E-05   -142.30  0.0000E+00    -76.85
   85.00      0.00     -4.49  -999.99    -4.49      0.0000      0.00 LINEAR  3.1858E-05   -144.09  0.0000E+00    -76.85
   90.00      0.00   -999.99  -999.99  -999.99      0.0000      0.00         2.5251E-15     33.63  0.0000E+00    -76.85
    0.00      5.00     -5.33   -26.49    -5.29      0.0000     -5.00 LINEAR  2.8921E-05   -137.23  2.5303E-06     42.77
    5.00      5.00     -5.34   -26.34    -5.31      0.0014     -5.09 LEFT    2.8867E-05   -137.02  2.5725E-06     42.04
   10.00      5.00     -5.38   -25.92    -5.35      0.0059     -5.36 LEFT    2.8729E-05   -136.39  2.7006E-06     40.01
   15.00      5.00     -5.43   -25.25    -5.39      0.0134     -5.78 LEFT    2.8576E-05   -135.36  2.9169E-06     37.04
   20.00      5.00     -5.45   -24.39    -5.39      0.0240     -6.30 LEFT    2.8528E-05   -133.99  3.2218E-06     33.58
   25.00      5.00     -5.38   -23.40    -5.31      0.0373     -6.84 LEFT    2.8750E-05   -132.42  3.6103E-06     30.05
   30.00      5.00     -5.17   -22.36    -5.09      0.0517     -7.30 LEFT    2.9441E-05   -130.91  4.0687E-06     26.73
   35.00      5.00     -4.78   -21.35    -4.68      0.0650     -7.60 LEFT    3.0811E-05   -129.78  4.5731E-06     23.77
   40.00      5.00     -4.17   -20.42    -4.07      0.0743     -7.68 LEFT    3.3039E-05   -129.34  5.0885E-06     21.23
   45.00      5.00     -3.37   -19.64    -3.27      0.0782     -7.54 LEFT    3.6233E-05   -129.75  5.5685E-06     19.08
   50.00      5.00     -2.43   -19.05    -2.34      0.0764     -7.19 LEFT    4.0373E-05   -130.94  5.9570E-06     17.31
   55.00      5.00     -1.44   -18.72    -1.36      0.0704     -6.70 LEFT    4.5230E-05   -132.70  6.1908E-06     15.88
   60.00      5.00     -0.52   -18.70    -0.46      0.0620     -6.09 LEFT    5.0281E-05   -134.73  6.2057E-06     14.74
   65.00      5.00      0.20   -19.07     0.25      0.0528     -5.43 LEFT    5.4633E-05   -136.81  5.9442E-06     13.86
   70.00      5.00      0.57   -19.96     0.60      0.0439     -4.76 LEFT    5.6990E-05   -138.78  5.3642E-06     13.22
   75.00      5.00      0.36   -21.59     0.38      0.0356     -4.09 LEFT    5.5630E-05   -140.60  4.4482E-06     12.80
   80.00      5.00     -0.87   -24.42    -0.85      0.0281     -3.45 LEFT    4.8301E-05   -142.32  3.2106E-06     12.58
   85.00      5.00     -4.51   -29.94    -4.50      0.0212     -2.82 LEFT    3.1759E-05   -144.11  1.7006E-06     12.55
   90.00      5.00   -999.99  -999.99  -999.99      0.0000      0.00         2.5172E-15     33.62  1.0303E-16   -167.31
    0.00     10.00     -5.43   -20.50    -5.29      0.0000    -10.00 LINEAR  2.8591E-05   -137.23  5.0413E-06     42.77
    5.00     10.00     -5.44   -20.36    -5.30      0.0028    -10.18 LEFT    2.8539E-05   -137.02  5.1258E-06     42.04
   10.00     10.00     -5.48   -19.93    -5.33      0.0115    -10.71 LEFT    2.8409E-05   -136.39  5.3820E-06     40.01
   15.00     10.00     -5.53   -19.26    -5.35      0.0261    -11.53 LEFT    2.8267E-05   -135.37  5.8148E-06     37.03
   20.00     10.00     -5.54   -18.39    -5.32      0.0466    -12.56 LEFT    2.8231E-05   -134.01  6.4253E-06     33.57
   25.00     10.00     -5.47   -17.40    -5.20      0.0719    -13.64 LEFT    2.8464E-05   -132.46  7.2030E-06     30.04
   30.00     10.00     -5.25   -16.36    -4.93      0.0991    -14.59 LEFT    2.9163E-05   -130.96  8.1210E-06     26.72
   35.00     10.00     -4.86   -15.34    -4.48      0.1239    -15.24 LEFT    3.0533E-05   -129.85  9.1316E-06     23.76
   40.00     10.00     -4.25   -14.41    -3.85      0.1416    -15.45 LEFT    3.2750E-05   -129.42  1.0165E-05     21.21
   45.00     10.00     -3.44   -13.62    -3.05      0.1492    -15.20 LEFT    3.5922E-05   -129.84  1.1128E-05     19.07
   50.00     10.00     -2.50   -13.03    -2.14      0.1466    -14.53 LEFT    4.0028E-05   -131.03  1.1908E-05     17.30
   55.00     10.00     -1.52   -12.70    -1.20      0.1360    -13.52 LEFT    4.4841E-05   -132.78  1.2379E-05     15.86
   60.00     10.00     -0.60   -12.67    -0.34      0.1207    -12.30 LEFT    4.9841E-05   -134.80  1.2412E-05     14.72
   65.00     10.00      0.12   -13.05     0.32      0.1036    -10.96 LEFT    5.4146E-05   -136.87  1.1892E-05     13.84
   70.00     10.00      0.49   -13.94     0.64      0.0867     -9.60 LEFT    5.6473E-05   -138.83  1.0734E-05     13.20
   75.00     10.00      0.27   -15.56     0.39      0.0708     -8.26 LEFT    5.5117E-05   -140.65  8.9020E-06     12.78
   80.00     10.00     -0.95   -18.39    -0.88      0.0561     -6.96 LEFT    4.7850E-05   -142.37  6.4260E-06     12.56
   85.00     10.00     -4.60   -23.91    -4.55      0.0424     -5.68 LEFT    3.1461E-05   -144.15  3.4039E-06     12.52
   90.00     10.00   -999.99  -999.99  -999.99      0.0000      0.00         2.4935E-15     33.57  2.0623E-16   -167.33
    0.00     15.00     -5.59   -17.03    -5.29      0.0000    -15.00 LINEAR  2.8042E-05   -137.23  7.5139E-06     42.77
    5.00     15.00     -5.61   -16.89    -5.30      0.0042    -15.26 LEFT    2.7995E-05   -137.02  7.6408E-06     42.04
   10.00     15.00     -5.65   -16.46    -5.30      0.0167    -16.04 LEFT    2.7876E-05   -136.40  8.0253E-06     40.00
   15.00     15.00     -5.69   -15.79    -5.28      0.0377    -17.24 LEFT    2.7752E-05   -135.39  8.6750E-06     37.01
   20.00     15.00     -5.69   -14.91    -5.20      0.0666    -18.75 LEFT    2.7736E-05   -134.05  9.5916E-06     33.55
   25.00     15.00     -5.61   -13.91    -5.01      0.1016    -20.36 LEFT    2.7988E-05   -132.52  1.0760E-05     30.01
   30.00     15.00     -5.39   -12.87    -4.68      0.1385    -21.82 LEFT    2.8698E-05   -131.05  1.2140E-05     26.69
   35.00     15.00     -4.99   -11.84    -4.17      0.1718    -22.87 LEFT    3.0066E-05   -129.97  1.3660E-05     23.73
   40.00     15.00     -4.38   -10.91    -3.50      0.1958    -23.31 LEFT    3.2266E-05   -129.56  1.5215E-05     21.18
   45.00     15.00     -3.57   -10.11    -2.70      0.2069    -23.02 LEFT    3.5400E-05   -129.98  1.6667E-05     19.04
   50.00     15.00     -2.63    -9.52    -1.82      0.2048    -22.05 LEFT    3.9448E-05   -131.17  1.7845E-05     17.27
   55.00     15.00     -1.65    -9.18    -0.94      0.1921    -20.54 LEFT    4.4186E-05   -132.91  1.8560E-05     15.83
   60.00     15.00     -0.73    -9.15    -0.15      0.1727    -18.69 LEFT    4.9102E-05   -134.92  1.8618E-05     14.69
   65.00     15.00     -0.01    -9.52     0.45      0.1502    -16.67 LEFT    5.3329E-05   -136.97  1.7844E-05     13.81
   70.00     15.00      0.35   -10.41     0.70      0.1271    -14.60 LEFT    5.5606E-05   -138.92  1.6110E-05     13.17
   75.00     15.00      0.14   -12.03     0.39      0.1048    -12.57 LEFT    5.4258E-05   -140.73  1.3365E-05     12.75
   80.00     15.00     -1.09   -14.86    -0.91      0.0838    -10.59 LEFT    4.7097E-05   -142.44  9.6489E-06     12.52
   85.00     15.00     -4.73   -20.38    -4.62      0.0638     -8.66 LEFT    3.0962E-05   -144.22  5.1117E-06     12.49
   90.00     15.00   -999.99  -999.99  -999.99      0.0000      0.00         2.4538E-15     33.50  3.0971E-16   -167.36
    0.00     20.00     -5.83   -14.61    -5.29      0.0000    -20.00 LINEAR  2.7281E-05   -137.23  9.9294E-06     42.77
    5.00     20.00     -5.85   -14.47    -5.29      0.0053    -20.34 LEFT    2.7239E-05   -137.03  1.0099E-05     42.04
   10.00     20.00     -5.88   -14.04    -5.26      0.0213    -21.33 LEFT    2.7136E-05   -136.41  1.0611E-05     39.99
   15.00     20.00     -5.91   -13.35    -5.19      0.0476    -22.88 LEFT    2.7034E-05   -135.42  1.1478E-05     37.00
   20.00     20.00     -5.91   -12.47    -5.04      0.0830    -24.83 LEFT    2.7044E-05   -134.10  1.2702E-05     33.52
   25.00     20.00     -5.82   -11.47    -4.77      0.1247    -26.93 LEFT    2.7319E-05   -132.61  1.4262E-05     29.98
   30.00     20.00     -5.59   -10.41    -4.36      0.1675    -28.90 LEFT    2.8042E-05   -131.18  1.6106E-05     26.66
   35.00     20.00     -5.18    -9.38    -3.78      0.2055    -30.39 LEFT    2.9407E-05   -130.13  1.8140E-05     23.69
   40.00     20.00     -4.56    -8.43    -3.07      0.2329    -31.10 LEFT    3.1579E-05   -129.74  2.0223E-05     21.14
   45.00     20.00     -3.75    -7.64    -2.26      0.2467    -30.86 LEFT    3.4660E-05   -130.18  2.2170E-05     19.00
   50.00     20.00     -2.81    -7.04    -1.42      0.2467    -29.68 LEFT    3.8626E-05   -131.37  2.3755E-05     17.23
   55.00     20.00     -1.83    -6.69    -0.60      0.2349    -27.73 LEFT    4.3258E-05   -133.09  2.4723E-05     15.79
   60.00     20.00     -0.92    -6.66     0.11      0.2150    -25.29 LEFT    4.8056E-05   -135.08  2.4814E-05     14.65
   65.00     20.00     -0.20    -7.02     0.62      0.1904    -22.59 LEFT    5.2173E-05   -137.11  2.3794E-05     13.77
   70.00     20.00      0.16    -7.91     0.79      0.1638    -19.82 LEFT    5.4381E-05   -139.05  2.1492E-05     13.13
   75.00     20.00     -0.06    -9.53     0.41      0.1371    -17.08 LEFT    5.3046E-05   -140.84  1.7834E-05     12.70
   80.00     20.00     -1.29   -12.35    -0.96      0.1109    -14.41 LEFT    4.6034E-05   -142.54  1.2879E-05     12.48
   85.00     20.00     -4.93   -17.87    -4.72      0.0853    -11.79 LEFT    3.0259E-05   -144.32  6.8237E-06     12.44
   90.00     20.00   -999.99  -999.99  -999.99      0.0000      0.00         2.3981E-15     33.41  4.1347E-16   -167.41
    0.00     25.00     -6.15   -12.77    -5.29      0.0000    -25.00 LINEAR  2.6312E-05   -137.23  1.2269E-05     42.77
    5.00     25.00     -6.16   -12.63    -5.28      0.0063    -25.40 LEFT    2.6276E-05   -137.03  1.2481E-05     42.03
   10.00     25.00     -6.19   -12.19    -5.22      0.0251    -26.58 LEFT    2.6191E-05   -136.43  1.3122E-05     39.98
   15.00     25.00     -6.21   -11.50    -5.09      0.0555    -28.43 LEFT    2.6116E-05   -135.45  1.4205E-05     36.97
   20.00     25.00     -6.20   -10.61    -4.86      0.0953    -30.75 LEFT    2.6157E-05   -134.17  1.5736E-05     33.49
   25.00     25.00     -6.10    -9.60    -4.50      0.1405    -33.29 LEFT    2.6458E-05   -132.71  1.7689E-05     29.94
   30.00     25.00     -5.86    -8.53    -3.98      0.1854    -35.69 LEFT    2.7194E-05   -131.33  1.9999E-05     26.61
   35.00     25.00     -5.44    -7.49    -3.33      0.2242    -37.58 LEFT    2.8550E-05   -130.32  2.2550E-05     23.65
   40.00     25.00     -4.81    -6.53    -2.58      0.2523    -38.58 LEFT    3.0684E-05   -129.97  2.5166E-05     21.10
   45.00     25.00     -4.00    -5.73    -1.77      0.2677    -38.45 LEFT    3.3692E-05   -130.42  2.7617E-05     18.95
   50.00     25.00     -3.06    -5.12    -0.96      0.2704    -37.18 LEFT    3.7551E-05   -131.60  2.9618E-05     17.18
   55.00     25.00     -2.08    -4.77    -0.21      0.2621    -34.93 LEFT    4.2046E-05   -133.31  3.0850E-05     15.74
   60.00     25.00     -1.17    -4.73     0.42      0.2451    -32.01 LEFT    4.6692E-05   -135.28  3.0986E-05     14.60
   65.00     25.00     -0.46    -5.09     0.83      0.2220    -28.71 LEFT    5.0669E-05   -137.28  2.9730E-05     13.72
   70.00     25.00     -0.10    -5.97     0.90      0.1952    -25.28 LEFT    5.2790E-05   -139.20  2.6866E-05     13.08
   75.00     25.00     -0.32    -7.58     0.43      0.1666    -21.85 LEFT    5.1475E-05   -140.97  2.2303E-05     12.65
   80.00     25.00     -1.55   -10.41    -1.02      0.1370    -18.48 LEFT    4.4658E-05   -142.66  1.6110E-05     12.42
   85.00     25.00     -5.20   -15.92    -4.85      0.1067    -15.15 LEFT    2.9349E-05   -144.44  8.5372E-06     12.39
   90.00     25.00   -999.99  -999.99  -999.99      0.0000      0.00         2.3258E-15     33.29  5.1732E-16   -167.46
    0.00     30.00     -6.54   -11.31    -5.29      0.0000    -30.00 LINEAR  2.5142E-05   -137.23  1.4516E-05     42.77
    5.00     30.00     -6.55   -11.16    -5.26      0.0071    -30.46 LEFT    2.5114E-05   -137.03  1.4769E-05     42.03
   10.00     30.00     -6.58   -10.72    -5.16      0.0281    -31.79 LEFT    2.5049E-05   -136.45  1.5537E-05     39.96
   15.00     30.00     -6.59   -10.03    -4.97      0.0612    -33.87 LEFT    2.5003E-05   -135.49  1.6837E-05     36.95
   20.00     30.00     -6.57    -9.13    -4.65      0.1032    -36.49 LEFT    2.5076E-05   -134.24  1.8673E-05     33.45
   25.00     30.00     -6.45    -8.10    -4.19      0.1491    -39.36 LEFT    2.5403E-05   -132.83  2.1018E-05     29.90
   30.00     30.00     -6.20    -7.02    -3.58      0.1929    -42.09 LEFT    2.6150E-05   -131.50  2.3795E-05     26.56
   35.00     30.00     -5.77    -5.97    -2.86      0.2295    -44.27 LEFT    2.7489E-05   -130.54  2.6865E-05     23.60
   40.00     30.00     -5.13    -5.00    -2.06      0.2560    -45.49 LEFT    2.9573E-05   -130.23  3.0019E-05     21.05
   45.00     30.00     -4.32    -4.19    -1.24      0.2717    -45.50 LEFT    3.2489E-05   -130.69  3.2980E-05     18.90
   50.00     30.00     -3.37    -3.57    -0.46      0.2772    -44.25 LEFT    3.6214E-05   -131.87  3.5406E-05     17.13
   55.00     30.00     -2.39    -3.21     0.23      0.2736    -41.88 LEFT    4.0539E-05   -133.56  3.6913E-05     15.69
   60.00     30.00     -1.49    -3.16     0.77      0.2619    -38.69 LEFT    4.4999E-05   -135.50  3.7105E-05     14.54
   65.00     30.00     -0.78    -3.52     1.07      0.2435    -34.96 LEFT    4.8807E-05   -137.48  3.5626E-05     13.66
   70.00     30.00     -0.43    -4.39     1.04      0.2197    -30.98 LEFT    5.0824E-05   -139.37  3.2213E-05     13.02
   75.00     30.00     -0.65    -6.00     0.46      0.1920    -26.91 LEFT    4.9536E-05   -141.13  2.6753E-05     12.59
   80.00     30.00     -1.89    -8.83    -1.09      0.1612    -22.84 LEFT    4.2961E-05   -142.81  1.9331E-05     12.36
   85.00     30.00     -5.54   -14.34    -5.00      0.1279    -18.78 LEFT    2.8229E-05   -144.57  1.0246E-05     12.33
   90.00     30.00   -999.99  -999.99  -999.99      0.0000      0.00         2.2369E-15     33.16  6.2090E-16   -167.53
    0.00     35.00     -7.03   -10.12    -5.29      0.0000    -35.00 LINEAR  2.3781E-05   -137.23  1.6652E-05     42.77
    5.00     35.00     -7.03    -9.97    -5.25      0.0077    -35.50 LEFT    2.3760E-05   -137.04  1.6946E-05     42.03
   10.00     35.00     -7.05    -9.52    -5.10      0.0301    -36.94 LEFT    2.3715E-05   -136.47  1.7840E-05     39.95
   15.00     35.00     -7.06    -8.82    -4.84      0.0646    -39.19 LEFT    2.3700E-05   -135.54  1.9353E-05     36.92
   20.00     35.00     -7.02    -7.91    -4.43      0.1069    -42.01 LEFT    2.3804E-05   -134.32  2.1492E-05     33.41
   25.00     35.00     -6.89    -6.87    -3.87      0.1511    -45.09 LEFT    2.4155E-05   -132.96  2.4226E-05     29.85
   30.00     35.00     -6.62    -5.77    -3.17      0.1916    -48.01 LEFT    2.4907E-05   -131.69  2.7467E-05     26.51
   35.00     35.00     -6.18    -4.71    -2.37      0.2243    -50.34 LEFT    2.6221E-05   -130.78  3.1055E-05     23.54
   40.00     35.00     -5.53    -3.73    -1.53      0.2479    -51.69 LEFT    2.8238E-05   -130.51  3.4748E-05     20.99
   45.00     35.00     -4.71    -2.90    -0.70      0.2629    -51.82 LEFT    3.1041E-05   -130.99  3.8223E-05     18.84
   50.00     35.00     -3.77    -2.28     0.05      0.2705    -50.67 LEFT    3.4603E-05   -132.17  4.1082E-05     17.07
   55.00     35.00     -2.79    -1.91     0.68      0.2714    -48.37 LEFT    3.8727E-05   -133.83  4.2874E-05     15.63
   60.00     35.00     -1.89    -1.85     1.14      0.2658    -45.13 LEFT    4.2967E-05   -135.75  4.3136E-05     14.48
   65.00     35.00     -1.19    -2.20     1.35      0.2539    -41.20 LEFT    4.6576E-05   -137.70  4.1448E-05     13.60
   70.00     35.00     -0.84    -3.07     1.20      0.2358    -36.85 LEFT    4.8473E-05   -139.56  3.7500E-05     12.95
   75.00     35.00     -1.07    -4.68     0.50      0.2119    -32.26 LEFT    4.7222E-05   -141.30  3.1159E-05     12.52
   80.00     35.00     -2.31    -7.50    -1.16      0.1826    -27.55 LEFT    4.0940E-05   -142.97  2.2523E-05     12.29
   85.00     35.00     -5.96   -13.01    -5.18      0.1482    -22.75 LEFT    2.6895E-05   -144.72  1.1940E-05     12.26
   90.00     35.00   -999.99  -999.99  -999.99      0.0000      0.00         2.1310E-15     33.01  7.2361E-16   -167.59
    0.00     40.00     -7.61    -9.13    -5.29      0.0000    -40.00 LINEAR  2.2239E-05   -137.23  1.8661E-05     42.77
    5.00     40.00     -7.61    -8.98    -5.23      0.0081    -40.52 LEFT    2.2226E-05   -137.04  1.8996E-05     42.02
   10.00     40.00     -7.62    -8.52    -5.04      0.0311    -42.03 LEFT    2.2200E-05   -136.49  2.0013E-05     39.93
   15.00     40.00     -7.62    -7.81    -4.70      0.0658    -44.37 LEFT    2.2213E-05   -135.59  2.1734E-05     36.89
   20.00     40.00     -7.57    -6.89    -4.20      0.1067    -47.30 LEFT    2.2345E-05   -134.41  2.4170E-05     33.37
   25.00     40.00     -7.42    -5.83    -3.55      0.1477    -50.46 LEFT    2.2716E-05   -133.10  2.7287E-05     29.79
   30.00     40.00     -7.14    -4.73    -2.76      0.1836    -53.43 LEFT    2.3465E-05   -131.89  3.0986E-05     26.45
   35.00     40.00     -6.68    -3.65    -1.90      0.2117    -55.77 LEFT    2.4741E-05   -131.04  3.5086E-05     23.48
   40.00     40.00     -6.03    -2.66    -1.02      0.2318    -57.15 LEFT    2.6674E-05   -130.81  3.9315E-05     20.93
   45.00     40.00     -5.20    -1.82    -0.18      0.2455    -57.36 LEFT    2.9340E-05   -131.31  4.3304E-05     18.78
   50.00     40.00     -4.26    -1.18     0.56      0.2542    -56.38 LEFT    3.2711E-05   -132.48  4.6598E-05     17.01
   55.00     40.00     -3.28    -0.80     1.14      0.2586    -54.26 LEFT    3.6600E-05   -134.12  4.8683E-05     15.57
   60.00     40.00     -2.38    -0.74     1.52      0.2587    -51.16 LEFT    4.0587E-05   -136.00  4.9027E-05     14.42
   65.00     40.00     -1.69    -1.08     1.64      0.2537    -47.27 LEFT    4.3969E-05   -137.93  4.7146E-05     13.53
   70.00     40.00     -1.35    -1.95     1.37      0.2427    -42.78 LEFT    4.5733E-05   -139.76  4.2683E-05     12.88
   75.00     40.00     -1.58    -3.55     0.56      0.2250    -37.85 LEFT    4.4530E-05   -141.48  3.5484E-05     12.45
   80.00     40.00     -2.82    -6.37    -1.23      0.1999    -32.61 LEFT    3.8591E-05   -143.13  2.5658E-05     12.22
   85.00     40.00     -6.47   -11.88    -5.37      0.1669    -27.12 LEFT    2.5345E-05   -144.88  1.3605E-05     12.19
   90.00     40.00   -999.99  -999.99  -999.99      0.0000      0.00         2.0081E-15     32.86  8.2461E-16   -167.67
    0.00     45.00     -8.30    -8.30    -5.29      0.0000    -45.00 LINEAR  2.0528E-05   -137.23  2.0528E-05     42.77
    5.00     45.00     -8.31    -8.15    -5.22      0.0082    -45.53 LEFT    2.0521E-05   -137.05  2.0903E-05     42.02
   10.00     45.00     -8.31    -7.69    -4.98      0.0312    -47.06 LEFT    2.0514E-05   -136.51  2.2038E-05     39.91
   15.00     45.00     -8.29    -6.96    -4.57      0.0649    -49.42 LEFT    2.0551E-05   -135.63  2.3961E-05     36.85
   20.00     45.00     -8.23    -6.03    -3.98      0.1033    -52.35 LEFT    2.0707E-05   -134.50  2.6685E-05     33.32
   25.00     45.00     -8.07    -4.96    -3.23      0.1401    -55.47 LEFT    2.1089E-05   -133.25  3.0174E-05     29.74
   30.00     45.00     -7.77    -3.84    -2.37      0.1709    -58.36 LEFT    2.1825E-05   -132.09  3.4319E-05     26.39
   35.00     45.00     -7.30    -2.75    -1.44      0.1943    -60.61 LEFT    2.3048E-05   -131.30  3.8921E-05     23.42
   40.00     45.00     -6.63    -1.75    -0.53      0.2111    -61.95 LEFT    2.4878E-05   -131.11  4.3675E-05     20.87
   45.00     45.00     -5.80    -0.90     0.32      0.2231    -62.21 LEFT    2.7381E-05   -131.63  4.8171E-05     18.72
   50.00     45.00     -4.86    -0.25     1.04      0.2321    -61.38 LEFT    3.0532E-05   -132.79  5.1900E-05     16.95
   55.00     45.00     -3.88     0.14     1.59      0.2388    -59.51 LEFT    3.4152E-05   -134.42  5.4281E-05     15.50
   60.00     45.00     -2.99     0.21     1.91      0.2431    -56.69 LEFT    3.7853E-05   -136.27  5.4716E-05     14.35
   65.00     45.00     -2.30    -0.12     1.94      0.2441    -53.03 LEFT    4.0983E-05   -138.16  5.2660E-05     13.47
   70.00     45.00     -1.96    -0.98     1.57      0.2403    -48.64 LEFT    4.2600E-05   -139.97  4.7707E-05     12.82
   75.00     45.00     -2.20    -2.58     0.63      0.2302    -43.61 LEFT    4.1458E-05   -141.67  3.9682E-05     12.38
   80.00     45.00     -3.45    -5.39    -1.30      0.2117    -38.02 LEFT    3.5914E-05   -143.30  2.8704E-05     12.15
   85.00     45.00     -7.10   -10.90    -5.59      0.1828    -31.94 LEFT    2.3582E-05   -145.04  1.5224E-05     12.11
   90.00     45.00   -999.99  -999.99  -999.99      0.0000      0.00         1.8681E-15     32.70  9.2277E-16   -167.74
    0.00     50.00     -9.13    -7.61    -5.29      0.0000    -50.00 LINEAR  1.8661E-05   -137.23  2.2239E-05     42.77
    5.00     50.00     -9.13    -7.45    -5.20      0.0080    -50.52 LEFT    1.8659E-05   -137.05  2.2651E-05     42.01
   10.00     50.00     -9.13    -6.98    -4.91      0.0303    -52.02 LEFT    1.8667E-05   -136.53  2.3899E-05     39.90
   15.00     50.00     -9.10    -6.25    -4.43      0.0621    -54.33 LEFT    1.8724E-05   -135.68  2.6015E-05     36.82
   20.00     50.00     -9.02    -5.30    -3.76      0.0970    -57.16 LEFT    1.8898E-05   -134.59  2.9014E-05     33.28
   25.00     50.00     -8.85    -4.22    -2.93      0.1292    -60.14 LEFT    1.9282E-05   -133.39  3.2859E-05     29.69
   30.00     50.00     -8.53    -3.09    -2.00      0.1551    -62.85 LEFT    1.9990E-05   -132.29  3.7432E-05     26.33
   35.00     50.00     -8.05    -1.98    -1.02      0.1742    -64.94 LEFT    2.1144E-05   -131.56  4.2516E-05     23.36
   40.00     50.00     -7.37    -0.97    -0.07      0.1879    -66.18 LEFT    2.2849E-05   -131.41  4.7779E-05     20.81
   45.00     50.00     -6.54    -0.10     0.79      0.1982    -66.46 LEFT    2.5164E-05   -131.94  5.2768E-05     18.66
   50.00     50.00     -5.59     0.55     1.50      0.2069    -65.78 LEFT    2.8064E-05   -133.10  5.6922E-05     16.88
   55.00     50.00     -4.62     0.95     2.02      0.2147    -64.18 LEFT    3.1384E-05   -134.71  5.9598E-05     15.44
   60.00     50.00     -3.73     1.03     2.28      0.2217    -61.70 LEFT    3.4767E-05   -136.53  6.0132E-05     14.29
   65.00     50.00     -3.04     0.71     2.23      0.2271    -58.40 LEFT    3.7618E-05   -138.39  5.7919E-05     13.40
   70.00     50.00     -2.71    -0.15     1.77      0.2295    -54.30 LEFT    3.9079E-05   -140.18  5.2507E-05     12.75
   75.00     50.00     -2.95    -1.74     0.70      0.2269    -49.42 LEFT    3.8011E-05   -141.85  4.3697E-05     12.31
   80.00     50.00     -4.20    -4.55    -1.36      0.2164    -43.74 LEFT    3.2915E-05   -143.48  3.1620E-05     12.08
   85.00     50.00     -7.86   -10.06    -5.81      0.1944    -37.25 LEFT    2.1607E-05   -145.21  1.6774E-05     12.04
   90.00     50.00   -999.99  -999.99  -999.99      0.0000      0.00         1.7116E-15     32.54  1.0168E-15   -167.81
    0.00     55.00    -10.12    -7.03    -5.29      0.0000    -55.00 LINEAR  1.6652E-05   -137.23  2.3781E-05     42.77
    5.00     55.00    -10.12    -6.86    -5.18      0.0076    -55.50 LEFT    1.6655E-05   -137.06  2.4227E-05     42.01
   10.00     55.00    -10.11    -6.39    -4.85      0.0285    -56.92 LEFT    1.6674E-05   -136.55  2.5581E-05     39.88
   15.00     55.00    -10.07    -5.65    -4.31      0.0577    -59.11 LEFT    1.6746E-05   -135.73  2.7878E-05     36.79
   20.00     55.00     -9.98    -4.69    -3.56      0.0886    -61.76 LEFT    1.6927E-05   -134.68  3.1134E-05     33.23
   25.00     55.00     -9.79    -3.59    -2.66      0.1160    -64.51 LEFT    1.7301E-05   -133.53  3.5313E-05     29.64
   30.00     55.00     -9.46    -2.45    -1.66      0.1373    -66.97 LEFT    1.7969E-05   -132.48  4.0290E-05     26.28
   35.00     55.00     -8.96    -1.33    -0.64      0.1526    -68.84 LEFT    1.9035E-05   -131.80  4.5830E-05     23.30
   40.00     55.00     -8.28    -0.30     0.34      0.1636    -69.95 LEFT    2.0593E-05   -131.69  5.1575E-05     20.75
   45.00     55.00     -7.43     0.57     1.21      0.1723    -70.23 LEFT    2.2693E-05   -132.24  5.7033E-05     18.60
   50.00     55.00     -6.48     1.24     1.92      0.1803    -69.68 LEFT    2.5311E-05   -133.40  6.1594E-05     16.82
   55.00     55.00     -5.52     1.65     2.41      0.1883    -68.34 LEFT    2.8299E-05   -134.98  6.4557E-05     15.38
   60.00     55.00     -4.63     1.73     2.64      0.1966    -66.22 LEFT    3.1335E-05   -136.78  6.5195E-05     14.23
   65.00     55.00     -3.95     1.41     2.52      0.2047    -63.35 LEFT    3.3884E-05   -138.61  6.2844E-05     13.34
   70.00     55.00     -3.63     0.57     1.97      0.2116    -59.68 LEFT    3.5180E-05   -140.37  5.7008E-05     12.68
   75.00     55.00     -3.87    -1.02     0.79      0.2154    -55.16 LEFT    3.4201E-05   -142.03  4.7466E-05     12.25
   80.00     55.00     -5.12    -3.83    -1.42      0.2131    -49.66 LEFT    2.9605E-05   -143.64  3.4360E-05     12.02
   85.00     55.00     -8.78    -9.33    -6.04      0.1999    -43.03 LEFT    1.9430E-05   -145.36  1.8232E-05     11.98
   90.00     55.00   -999.99  -999.99  -999.99      0.0000      0.00         1.5390E-15     32.38  1.1052E-15   -167.88
    0.00     60.00    -11.31    -6.54    -5.29      0.0000    -60.00 LINEAR  1.4516E-05   -137.23  2.5142E-05     42.77
    5.00     60.00    -11.31    -6.38    -5.17      0.0070    -60.46 LEFT    1.4522E-05   -137.06  2.5620E-05     42.00
   10.00     60.00    -11.29    -5.90    -4.80      0.0260    -61.77 LEFT    1.4549E-05   -136.57  2.7070E-05     39.86
   15.00     60.00    -11.25    -5.15    -4.19      0.0518    -63.77 LEFT    1.4628E-05   -135.77  2.9531E-05     36.76
   20.00     60.00    -11.14    -4.17    -3.38      0.0784    -66.17 LEFT    1.4808E-05   -134.76  3.3024E-05     33.19
   25.00     60.00    -10.94    -3.07    -2.41      0.1012    -68.61 LEFT    1.5161E-05   -133.65  3.7509E-05     29.59
   30.00     60.00    -10.59    -1.91    -1.36      0.1184    -70.77 LEFT    1.5771E-05   -132.66  4.2856E-05     26.23
   35.00     60.00    -10.08    -0.78    -0.30      0.1305    -72.40 LEFT    1.6731E-05   -132.03  4.8817E-05     23.25
   40.00     60.00     -9.39     0.26     0.70      0.1392    -73.36 LEFT    1.8119E-05   -131.95  5.5007E-05     20.69
   45.00     60.00     -8.54     1.14     1.59      0.1463    -73.62 LEFT    1.9979E-05   -132.52  6.0902E-05     18.55
   50.00     60.00     -7.59     1.82     2.29      0.1533    -73.19 LEFT    2.2287E-05   -133.67  6.5843E-05     16.77
   55.00     60.00     -6.62     2.24     2.77      0.1609    -72.08 LEFT    2.4912E-05   -135.24  6.9077E-05     15.32
   60.00     60.00     -5.74     2.33     2.96      0.1694    -70.33 LEFT    2.7572E-05   -137.01  6.9818E-05     14.17
   65.00     60.00     -5.07     2.02     2.79      0.1787    -67.90 LEFT    2.9799E-05   -138.82  6.7349E-05     13.28
   70.00     60.00     -4.75     1.17     2.16      0.1881    -64.75 LEFT    3.0921E-05   -140.56  6.1130E-05     12.62
   75.00     60.00     -5.00    -0.41     0.88      0.1965    -60.74 LEFT    3.0047E-05   -142.20  5.0922E-05     12.19
   80.00     60.00     -6.25    -3.22    -1.46      0.2013    -55.68 LEFT    2.6000E-05   -143.80  3.6874E-05     11.95
   85.00     60.00     -9.91    -8.72    -6.26      0.1976    -49.24 LEFT    1.7060E-05   -145.51  1.9569E-05     11.91
   90.00     60.00   -999.99  -999.99  -999.99      0.0000      0.00         1.3512E-15     32.24  1.1864E-15   -167.94
    0.00     65.00    -12.77    -6.15    -5.29      0.0000    -65.00 LINEAR  1.2269E-05   -137.23  2.6312E-05     42.77
    5.00     65.00    -12.77    -5.98    -5.16      0.0062    -65.40 LEFT    1.2277E-05   -137.07  2.6817E-05     42.00
   10.00     65.00    -12.75    -5.50    -4.75      0.0227    -66.56 LEFT    1.2308E-05   -136.58  2.8353E-05     39.85
   15.00     65.00    -12.69    -4.73    -4.09      0.0448    -68.31 LEFT    1.2387E-05   -135.81  3.0961E-05     36.73
   20.00     65.00    -12.57    -3.75    -3.22      0.0670    -70.40 LEFT    1.2557E-05   -134.83  3.4662E-05     33.16
   25.00     65.00    -12.36    -2.64    -2.20      0.0854    -72.50 LEFT    1.2875E-05   -133.77  3.9420E-05     29.54
   30.00     65.00    -12.00    -1.47    -1.10      0.0989    -74.32 LEFT    1.3413E-05   -132.82  4.5098E-05     26.18
   35.00     65.00    -11.48    -0.33    -0.01      0.1082    -75.69 LEFT    1.4248E-05   -132.23  5.1433E-05     23.20
   40.00     65.00    -10.78     0.72     1.02      0.1150    -76.50 LEFT    1.5444E-05   -132.19  5.8023E-05     20.65
   45.00     65.00     -9.92     1.61     1.91      0.1207    -76.72 LEFT    1.7038E-05   -132.77  6.4309E-05     18.50
   50.00     65.00     -8.97     2.30     2.61      0.1266    -76.39 LEFT    1.9009E-05   -133.92  6.9594E-05     16.72
   55.00     65.00     -8.01     2.72     3.08      0.1333    -75.50 LEFT    2.1243E-05   -135.47  7.3075E-05     15.28
   60.00     65.00     -7.13     2.82     3.24      0.1412    -74.08 LEFT    2.3502E-05   -137.22  7.3916E-05     14.12
   65.00     65.00     -6.46     2.52     3.03      0.1505    -72.10 LEFT    2.5388E-05   -139.01  7.1348E-05     13.23
   70.00     65.00     -6.14     1.68     2.34      0.1608    -69.49 LEFT    2.6332E-05   -140.73  6.4794E-05     12.57
   75.00     65.00     -6.39     0.10     0.98      0.1716    -66.11 LEFT    2.5576E-05   -142.35  5.3996E-05     12.13
   80.00     65.00     -7.65    -2.70    -1.50      0.1812    -61.69 LEFT    2.2124E-05   -143.93  3.9111E-05     11.90
   85.00     65.00    -11.32    -8.21    -6.48      0.1859    -55.80 LEFT    1.4514E-05   -145.64  2.0761E-05     11.86
   90.00     65.00   -999.99  -999.99  -999.99      0.0000      0.00         1.1494E-15     32.11  1.2587E-15   -167.99
    0.00     70.00    -14.61    -5.83    -5.29      0.0000    -70.00 LINEAR  9.9294E-06   -137.23  2.7281E-05     42.77
    5.00     70.00    -14.61    -5.67    -5.15      0.0052    -70.34 LEFT    9.9375E-06   -137.07  2.7810E-05     41.99
   10.00     70.00    -14.58    -5.18    -4.71      0.0189    -71.31 LEFT    9.9683E-06   -136.60  2.9419E-05     39.84
   15.00     70.00    -14.52    -4.41    -4.00      0.0369    -72.77 LEFT    1.0041E-05   -135.85  3.2151E-05     36.71
   20.00     70.00    -14.39    -3.42    -3.08      0.0545    -74.49 LEFT    1.0190E-05   -134.89  3.6031E-05     33.13
   25.00     70.00    -14.16    -2.29    -2.02      0.0689    -76.20 LEFT    1.0462E-05   -133.86  4.1021E-05     29.51
   30.00     70.00    -13.79    -1.11    -0.88      0.0791    -77.68 LEFT    1.0913E-05   -132.96  4.6981E-05     26.14
   35.00     70.00    -13.26     0.04     0.24      0.0861    -78.77 LEFT    1.1605E-05   -132.40  5.3638E-05     23.16
   40.00     70.00    -12.55     1.09     1.28      0.0912    -79.42 LEFT    1.2589E-05   -132.39  6.0571E-05     20.61
   45.00     70.00    -11.69     2.00     2.18      0.0957    -79.61 LEFT    1.3895E-05   -132.98  6.7195E-05     18.46
   50.00     70.00    -10.74     2.69     2.88      0.1004    -79.36 LEFT    1.5504E-05   -134.13  7.2777E-05     16.68
   55.00     70.00     -9.78     3.12     3.34      0.1060    -78.68 LEFT    1.7324E-05   -135.67  7.6474E-05     15.23
   60.00     70.00     -8.90     3.22     3.48      0.1128    -77.57 LEFT    1.9159E-05   -137.40  7.7404E-05     14.08
   65.00     70.00     -8.24     2.92     3.24      0.1210    -76.02 LEFT    2.0688E-05   -139.17  7.4755E-05     13.18
   70.00     70.00     -7.92     2.09     2.50      0.1308    -73.95 LEFT    2.1447E-05   -140.87  6.7920E-05     12.53
   75.00     70.00     -8.18     0.51     1.06      0.1419    -71.23 LEFT    2.0824E-05   -142.48  5.6621E-05     12.09
   80.00     70.00     -9.44    -2.29    -1.53      0.1538    -67.60 LEFT    1.8009E-05   -144.05  4.1023E-05     11.85
   85.00     70.00    -13.10    -7.79    -6.67      0.1642    -62.57 LEFT    1.1812E-05   -145.76  2.1778E-05     11.81
   90.00     70.00   -999.99  -999.99  -999.99      0.0000      0.00         9.3544E-16     32.00  1.3205E-15   -168.04
    0.00     75.00    -17.03    -5.59    -5.29      0.0000    -75.00 LINEAR  7.5139E-06   -137.23  2.8042E-05     42.77
    5.00     75.00    -17.03    -5.43    -5.14      0.0040    -75.26 LEFT    7.5212E-06   -137.07  2.8591E-05     41.99
   10.00     75.00    -16.99    -4.93    -4.67      0.0146    -76.02 LEFT    7.5479E-06   -136.61  3.0258E-05     39.83
   15.00     75.00    -16.92    -4.16    -3.93      0.0283    -77.15 LEFT    7.6086E-06   -135.87  3.3090E-05     36.69
   20.00     75.00    -16.79    -3.16    -2.98      0.0414    -78.47 LEFT    7.7285E-06   -134.94  3.7113E-05     33.10
   25.00     75.00    -16.55    -2.03    -1.88      0.0519    -79.77 LEFT    7.9426E-06   -133.94  4.2291E-05     29.48
   30.00     75.00    -16.18    -0.84    -0.71      0.0593    -80.88 LEFT    8.2938E-06   -133.07  4.8478E-05     26.11
   35.00     75.00    -15.63     0.32     0.43      0.0643    -81.70 LEFT    8.8273E-06   -132.54  5.5395E-05     23.13
   40.00     75.00    -14.92     1.38     1.48      0.0679    -82.19 LEFT    9.5825E-06   -132.55  6.2605E-05     20.57
   45.00     75.00    -14.06     2.29     2.39      0.0712    -82.34 LEFT    1.0580E-05   -133.15  6.9503E-05     18.42
   50.00     75.00    -13.11     2.99     3.09      0.0747    -82.15 LEFT    1.1806E-05   -134.30  7.5327E-05     16.65
   55.00     75.00    -12.15     3.42     3.54      0.0790    -81.66 LEFT    1.3190E-05   -135.82  7.9201E-05     15.20
   60.00     75.00    -11.27     3.53     3.67      0.0843    -80.85 LEFT    1.4584E-05   -137.54  8.0206E-05     14.04
   65.00     75.00    -10.61     3.23     3.41      0.0910    -79.70 LEFT    1.5742E-05   -139.29  7.7496E-05     13.15
   70.00     75.00    -10.30     2.40     2.63      0.0991    -78.17 LEFT    1.6315E-05   -140.98  7.0435E-05     12.49
   75.00     75.00    -10.56     0.83     1.13      0.1090    -76.14 LEFT    1.5836E-05   -142.58  5.8734E-05     12.05
   80.00     75.00    -11.82    -1.97    -1.54      0.1204    -73.38 LEFT    1.3692E-05   -144.15  4.2563E-05     11.82
   85.00     75.00    -15.49    -7.47    -6.83      0.1329    -69.45 LEFT    8.9795E-06   -145.85  2.2599E-05     11.77
   90.00     75.00   -999.99  -999.99  -999.99      0.0000      0.00         7.1108E-16     31.90  1.3703E-15   -168.08
    0.00     80.00    -20.50    -5.43    -5.29      0.0000    -80.00 LINEAR  5.0413E-06   -137.23  2.8591E-05     42.77
    5.00     80.00    -20.49    -5.26    -5.13      0.0027    -80.18 LEFT    5.0467E-06   -137.08  2.9153E-05     41.99
   10.00     80.00    -20.46    -4.76    -4.65      0.0099    -80.69 LEFT    5.0663E-06   -136.62  3.0863E-05     39.82
   15.00     80.00    -20.38    -3.98    -3.88      0.0191    -81.46 LEFT    5.1098E-06   -135.90  3.3767E-05     36.68
   20.00     80.00    -20.24    -2.98    -2.90      0.0279    -82.36 LEFT    5.1938E-06   -134.98  3.7896E-05     33.08
   25.00     80.00    -20.00    -1.84    -1.77      0.0347    -83.23 LEFT    5.3418E-06   -134.00  4.3211E-05     29.46
   30.00     80.00    -19.61    -0.65    -0.59      0.0395    -83.98 LEFT    5.5822E-06   -133.15  4.9566E-05     26.09
   35.00     80.00    -19.07     0.52     0.56      0.0427    -84.53 LEFT    5.9451E-06   -132.65  5.6673E-05     23.10
   40.00     80.00    -18.35     1.58     1.63      0.0450    -84.85 LEFT    6.4568E-06   -132.66  6.4087E-05     20.55
   45.00     80.00    -17.49     2.50     2.54      0.0472    -84.95 LEFT    7.1310E-06   -133.28  7.1187E-05     18.40
   50.00     80.00    -16.54     3.20     3.25      0.0495    -84.83 LEFT    7.9580E-06   -134.42  7.7191E-05     16.62
   55.00     80.00    -15.57     3.64     3.69      0.0524    -84.51 LEFT    8.8901E-06   -135.94  8.1196E-05     15.18
   60.00     80.00    -14.70     3.75     3.81      0.0561    -83.98 LEFT    9.8273E-06   -137.65  8.2257E-05     14.02
   65.00     80.00    -14.04     3.46     3.53      0.0607    -83.23 LEFT    1.0605E-05   -139.39  7.9504E-05     13.12
   70.00     80.00    -13.73     2.63     2.73      0.0665    -82.22 LEFT    1.0988E-05   -141.07  7.2279E-05     12.47
   75.00     80.00    -13.99     1.05     1.19      0.0737    -80.87 LEFT    1.0663E-05   -142.66  6.0285E-05     12.03
   80.00     80.00    -15.26    -1.74    -1.55      0.0827    -79.01 LEFT    9.2181E-06   -144.22  4.3693E-05     11.79
   85.00     80.00    -18.92    -7.24    -6.96      0.0935    -76.33 LEFT    6.0448E-06   -145.92  2.3201E-05     11.75
   90.00     80.00   -999.99  -999.99  -999.99      0.0000      0.00         4.7869E-16     31.84  1.4068E-15   -168.11
    0.00     85.00    -26.49    -5.33    -5.29      0.0000    -85.00 LINEAR  2.5303E-06   -137.23  2.8921E-05     42.77
    5.00     85.00    -26.48    -5.16    -5.12      0.0014    -85.09 LEFT    2.5332E-06   -137.08  2.9492E-05     41.99
   10.00     85.00    -26.44    -4.66    -4.63      0.0050    -85.35 LEFT    2.5435E-06   -136.62  3.1228E-05     39.82
   15.00     85.00    -26.37    -3.88    -3.85      0.0096    -85.74 LEFT    2.5662E-06   -135.91  3.4177E-05     36.67
   20.00     85.00    -26.22    -2.87    -2.85      0.0140    -86.19 LEFT    2.6094E-06   -135.00  3.8370E-05     33.07
   25.00     85.00    -25.97    -1.73    -1.71      0.0174    -86.63 LEFT    2.6850E-06   -134.03  4.3769E-05     29.44
   30.00     85.00    -25.59    -0.53    -0.52      0.0197    -87.01 LEFT    2.8072E-06   -133.20  5.0225E-05     26.07
   35.00     85.00    -25.03     0.63     0.65      0.0213    -87.28 LEFT    2.9909E-06   -132.71  5.7450E-05     23.09
   40.00     85.00    -24.32     1.71     1.72      0.0224    -87.44 LEFT    3.2493E-06   -132.74  6.4988E-05     20.53
   45.00     85.00    -23.45     2.62     2.63      0.0235    -87.49 LEFT    3.5892E-06   -133.35  7.2212E-05     18.39
   50.00     85.00    -22.50     3.33     3.34      0.0247    -87.43 LEFT    4.0055E-06   -134.50  7.8326E-05     16.61
   55.00     85.00    -21.54     3.77     3.78      0.0261    -87.27 LEFT    4.4744E-06   -136.01  8.2412E-05     15.16
   60.00     85.00    -20.67     3.88     3.90      0.0280    -87.01 LEFT    4.9455E-06   -137.71  8.3508E-05     14.00
   65.00     85.00    -20.01     3.59     3.61      0.0304    -86.64 LEFT    5.3362E-06   -139.45  8.0729E-05     13.11
   70.00     85.00    -19.70     2.76     2.79      0.0334    -86.14 LEFT    5.5280E-06   -141.12  7.3405E-05     12.45
   75.00     85.00    -19.96     1.19     1.22      0.0372    -85.46 LEFT    5.3640E-06   -142.71  6.1232E-05     12.01
   80.00     85.00    -21.23    -1.61    -1.56      0.0420    -84.54 LEFT    4.6365E-06   -144.27  4.4383E-05     11.77
   85.00     85.00    -24.89    -7.10    -7.03      0.0483    -83.18 LEFT    3.0402E-06   -145.96  2.3569E-05     11.73
   90.00     85.00   -999.99  -999.99  -999.99      0.0000      0.00         2.4075E-16     31.80  1.4292E-15   -168.12
    0.00     90.00   -999.99    -5.29    -5.29      0.0000     90.00 LINEAR  1.4816E-16     42.77  2.9032E-05     42.77
    5.00     90.00   -185.50    -5.12    -5.12      0.0000     90.00 LINEAR  2.8346E-14     60.80  2.9606E-05     41.99
   10.00     90.00   -179.59    -4.63    -4.63      0.0000     90.00 LINEAR  5.6003E-14     60.50  3.1350E-05     39.81
   15.00     90.00   -176.24    -3.84    -3.84      0.0000     90.00 LINEAR  8.2371E-14     59.89  3.4314E-05     36.67
   20.00     90.00   -174.02    -2.84    -2.84      0.0000     90.00 LINEAR  1.0635E-13     58.89  3.8529E-05     33.07
   25.00     90.00   -172.52    -1.69    -1.69      0.0000     90.00 LINEAR  1.2641E-13     57.36  4.3956E-05     29.44
   30.00     90.00   -171.59    -0.49    -0.49      0.0000     90.00 LINEAR  1.4065E-13     55.04  5.0446E-05     26.07
   35.00     90.00   -171.20     0.67     0.67      0.0000     90.00 LINEAR  1.4704E-13     51.48  5.7710E-05     23.08
   40.00     90.00   -171.38     1.75     1.75      0.0000     90.00 LINEAR  1.4409E-13     45.80  6.5291E-05     20.53
   45.00     90.00   -172.13     2.66     2.66      0.0000     90.00 LINEAR  1.3213E-13     36.31  7.2556E-05     18.38
   50.00     90.00   -173.27     3.37     3.37      0.0000     90.00 LINEAR  1.1584E-13     19.83  7.8707E-05     16.60
   55.00     90.00   -173.87     3.81     3.81      0.0000     90.00 LINEAR  1.0811E-13     -6.34  8.2820E-05     15.16
   60.00     90.00   -172.67     3.93     3.93      0.0000     90.00 LINEAR  1.2415E-13    -34.99  8.3929E-05     14.00
   65.00     90.00   -170.46     3.63     3.63      0.0000     90.00 LINEAR  1.6015E-13    -54.99  8.1141E-05     13.10
   70.00     90.00   -168.62     2.81     2.81      0.0000     90.00 LINEAR  1.9786E-13    -66.64  7.3784E-05     12.44
   75.00     90.00   -167.74     1.23     1.23      0.0000     90.00 LINEAR  2.1902E-13    -73.56  6.1550E-05     12.00
   80.00     90.00   -168.25    -1.56    -1.56      0.0000     90.00 LINEAR  2.0659E-13    -77.96  4.4616E-05     11.77
   85.00     90.00   -171.49    -7.06    -7.06      0.0000    -90.00 LINEAR  1.4231E-13    -81.05  2.3693E-05     11.73
   90.00     90.00   -999.99  -999.99  -999.99      0.0000      0.00         5.1364E-20   -256.39  1.4367E-15   -168.13
    0.00     95.00    -26.49    -5.33    -5.29      0.0000     85.00 LINEAR  2.5303E-06     42.77  2.8921E-05     42.77
    5.00     95.00    -26.48    -5.16    -5.12      0.0014     85.09 RIGHT   2.5332E-06     42.92  2.9492E-05     41.99
   10.00     95.00    -26.44    -4.66    -4.63      0.0050     85.35 RIGHT   2.5435E-06     43.38  3.1228E-05     39.82
   15.00     95.00    -26.37    -3.88    -3.85      0.0096     85.74 RIGHT   2.5662E-06     44.09  3.4177E-05     36.67
   20.00     95.00    -26.22    -2.87    -2.85      0.0140     86.19 RIGHT   2.6094E-06     45.00  3.8370E-05     33.07
   25.00     95.00    -25.97    -1.73    -1.71      0.0174     86.63 RIGHT   2.6850E-06     45.97  4.3769E-05     29.44
   30.00     95.00    -25.59    -0.53    -0.52      0.0197     87.01 RIGHT   2.8072E-06     46.80  5.0225E-05     26.07
   35.00     95.00    -25.03     0.63     0.65      0.0213     87.28 RIGHT   2.9909E-06     47.29  5.7450E-05     23.09
   40.00     95.00    -24.32     1.71     1.72      0.0224     87.44 RIGHT   3.2493E-06     47.26  6.4988E-05     20.53
   45.00     95.00    -23.45     2.62     2.63      0.0235     87.49 RIGHT   3.5892E-06     46.65  7.2212E-05     18.39
   50.00     95.00    -22.50     3.33     3.34      0.0247     87.43 RIGHT   4.0055E-06     45.50  7.8326E-05     16.61
   55.00     95.00    -21.54     3.77     3.78      0.0261     87.27 RIGHT   4.4744E-06     43.99  8.2412E-05     15.16
   60.00     95.00    -20.67     3.88     3.90      0.0280     87.01 RIGHT   4.9455E-06     42.29  8.3508E-05     14.00
   65.00     95.00    -20.01     3.59     3.61      0.0304     86.64 RIGHT   5.3362E-06     40.55  8.0729E-05     13.11
   70.00     95.00    -19.70     2.76     2.79      0.0334     86.14 RIGHT   5.5280E-06     38.88  7.3405E-05     12.45
   75.00     95.00    -19.96     1.19     1.22      0.0372     85.46 RIGHT   5.3640E-06     37.29  6.1232E-05     12.01
   80.00     95.00    -21.23    -1.61    -1.56      0.0420     84.54 RIGHT   4.6365E-06     35.73  4.4383E-05     11.77
   85.00     95.00    -24.89    -7.10    -7.03      0.0483     83.18 RIGHT   3.0402E-06     34.04  2.3569E-05     11.73
   90.00     95.00   -999.99  -999.99  -999.99      0.0000      0.00         2.4075E-16   -148.20  1.4292E-15   -168.12
    0.00    100.00    -20.50    -5.43    -5.29      0.0000     80.00 LINEAR  5.0413E-06     42.77  2.8591E-05     42.77
    5.00    100.00    -20.49    -5.26    -5.13      0.0027     80.18 RIGHT   5.0467E-06     42.92  2.9153E-05     41.99
   10.00    100.00    -20.46    -4.76    -4.65      0.0099     80.69 RIGHT   5.0663E-06     43.38  3.0863E-05     39.82
   15.00    100.00    -20.38    -3.98    -3.88      0.0191     81.46 RIGHT   5.1098E-06     44.10  3.3767E-05     36.68
   20.00    100.00    -20.24    -2.98    -2.90      0.0279     82.36 RIGHT   5.1938E-06     45.02  3.7896E-05     33.08
   25.00    100.00    -20.00    -1.84    -1.77      0.0347     83.23 RIGHT   5.3418E-06     46.00  4.3211E-05     29.46
   30.00    100.00    -19.61    -0.65    -0.59      0.0395     83.98 RIGHT   5.5822E-06     46.85  4.9566E-05     26.09
   35.00    100.00    -19.07     0.52     0.56      0.0427     84.53 RIGHT   5.9451E-06     47.35  5.6673E-05     23.10
   40.00    100.00    -18.35     1.58     1.63      0.0450     84.85 RIGHT   6.4568E-06     47.34  6.4087E-05     20.55
   45.00    100.00    -17.49     2.50     2.54      0.0472     84.95 RIGHT   7.1310E-06     46.72  7.1187E-05     18.40
   50.00    100.00    -16.54     3.20     3.25      0.0495     84.83 RIGHT   7.9580E-06     45.58  7.7191E-05     16.62
   55.00    100.00    -15.57     3.64     3.69      0.0524     84.51 RIGHT   8.8901E-06     44.06  8.1196E-05     15.18
   60.00    100.00    -14.70     3.75     3.81      0.0561     83.98 RIGHT   9.8273E-06     42.35  8.2257E-05     14.02
   65.00    100.00    -14.04     3.46     3.53      0.0607     83.23 RIGHT   1.0605E-05     40.61  7.9504E-05     13.12
   70.00    100.00    -13.73     2.63     2.73      0.0665     82.22 RIGHT   1.0988E-05     38.93  7.2279E-05     12.47
   75.00    100.00    -13.99     1.05     1.19      0.0737     80.87 RIGHT   1.0663E-05     37.34  6.0285E-05     12.03
   80.00    100.00    -15.26    -1.74    -1.55      0.0827     79.01 RIGHT   9.2181E-06     35.78  4.3693E-05     11.79
   85.00    100.00    -18.92    -7.24    -6.96      0.0935     76.33 RIGHT   6.0448E-06     34.08  2.3201E-05     11.75
   90.00    100.00   -999.99  -999.99  -999.99      0.0000      0.00         4.7868E-16   -148.16  1.4068E-15   -168.11
    0.00    105.00    -17.03    -5.59    -5.29      0.0000     75.00 LINEAR  7.5139E-06     42.77  2.8042E-05     42.77
    5.00    105.00    -17.03    -5.43    -5.14      0.0040     75.26 RIGHT   7.5212E-06     42.93  2.8591E-05     41.99
   10.00    105.00    -16.99    -4.93    -4.67      0.0146     76.02 RIGHT   7.5479E-06     43.39  3.0258E-05     39.83
   15.00    105.00    -16.92    -4.16    -3.93      0.0283     77.15 RIGHT   7.6086E-06     44.13  3.3090E-05     36.69
   20.00    105.00    -16.79    -3.16    -2.98      0.0414     78.47 RIGHT   7.7285E-06     45.06  3.7113E-05     33.10
   25.00    105.00    -16.55    -2.03    -1.88      0.0519     79.77 RIGHT   7.9426E-06     46.06  4.2291E-05     29.48
   30.00    105.00    -16.18    -0.84    -0.71      0.0593     80.88 RIGHT   8.2938E-06     46.93  4.8478E-05     26.11
   35.00    105.00    -15.63     0.32     0.43      0.0643     81.70 RIGHT   8.8273E-06     47.46  5.5395E-05     23.13
   40.00    105.00    -14.92     1.38     1.48      0.0679     82.19 RIGHT   9.5825E-06     47.45  6.2605E-05     20.57
   45.00    105.00    -14.06     2.29     2.39      0.0712     82.34 RIGHT   1.0580E-05     46.85  6.9503E-05     18.42
   50.00    105.00    -13.11     2.99     3.09      0.0747     82.15 RIGHT   1.1806E-05     45.70  7.5327E-05     16.65
   55.00    105.00    -12.15     3.42     3.54      0.0790     81.66 RIGHT   1.3190E-05     44.18  7.9201E-05     15.20
   60.00    105.00    -11.27     3.53     3.67      0.0843     80.85 RIGHT   1.4584E-05     42.46  8.0206E-05     14.04
   65.00    105.00    -10.61     3.23     3.41      0.0910     79.70 RIGHT   1.5742E-05     40.71  7.7496E-05     13.15
   70.00    105.00    -10.30     2.40     2.63      0.0991     78.17 RIGHT   1.6315E-05     39.02  7.0435E-05     12.49
   75.00    105.00    -10.56     0.83     1.13      0.1090     76.14 RIGHT   1.5836E-05     37.42  5.8734E-05     12.05
   80.00    105.00    -11.82    -1.97    -1.54      0.1204     73.38 RIGHT   1.3692E-05     35.85  4.2563E-05     11.82
   85.00    105.00    -15.49    -7.47    -6.83      0.1329     69.45 RIGHT   8.9795E-06     34.15  2.2599E-05     11.77
   90.00    105.00   -999.99  -999.99  -999.99      0.0000      0.00         7.1107E-16   -148.09  1.3703E-15   -168.08
    0.00    110.00    -14.61    -5.83    -5.29      0.0000     70.00 LINEAR  9.9294E-06     42.77  2.7281E-05     42.77
    5.00    110.00    -14.61    -5.67    -5.15      0.0052     70.34 RIGHT   9.9375E-06     42.93  2.7810E-05     41.99
   10.00    110.00    -14.58    -5.18    -4.71      0.0189     71.31 RIGHT   9.9683E-06     43.40  2.9419E-05     39.84
   15.00    110.00    -14.52    -4.41    -4.00      0.0369     72.77 RIGHT   1.0041E-05     44.15  3.2151E-05     36.71
   20.00    110.00    -14.39    -3.42    -3.08      0.0545     74.49 RIGHT   1.0190E-05     45.11  3.6031E-05     33.13
   25.00    110.00    -14.16    -2.29    -2.02      0.0689     76.20 RIGHT   1.0462E-05     46.14  4.1021E-05     29.51
   30.00    110.00    -13.79    -1.11    -0.88      0.0791     77.68 RIGHT   1.0913E-05     47.04  4.6981E-05     26.14
   35.00    110.00    -13.26     0.04     0.24      0.0861     78.77 RIGHT   1.1605E-05     47.60  5.3638E-05     23.16
   40.00    110.00    -12.55     1.09     1.28      0.0912     79.42 RIGHT   1.2589E-05     47.61  6.0571E-05     20.61
   45.00    110.00    -11.69     2.00     2.18      0.0957     79.61 RIGHT   1.3895E-05     47.02  6.7195E-05     18.46
   50.00    110.00    -10.74     2.69     2.88      0.1004     79.36 RIGHT   1.5504E-05     45.87  7.2777E-05     16.68
   55.00    110.00     -9.78     3.12     3.34      0.1060     78.68 RIGHT   1.7324E-05     44.33  7.6474E-05     15.23
   60.00    110.00     -8.90     3.22     3.48      0.1128     77.57 RIGHT   1.9159E-05     42.60  7.7404E-05     14.08
   65.00    110.00     -8.24     2.92     3.24      0.1210     76.02 RIGHT   2.0688E-05     40.83  7.4755E-05     13.18
   70.00    110.00     -7.92     2.09     2.50      0.1308     73.95 RIGHT   2.1447E-05     39.13  6.7920E-05     12.53
   75.00    110.00     -8.18     0.51     1.06      0.1419     71.23 RIGHT   2.0824E-05     37.52  5.6621E-05     12.09
   80.00    110.00     -9.44    -2.29    -1.53      0.1538     67.60 RIGHT   1.8009E-05     35.95  4.1023E-05     11.85
   85.00    110.00    -13.10    -7.79    -6.67      0.1642     62.57 RIGHT   1.1812E-05     34.24  2.1778E-05     11.81
   90.00    110.00   -999.99  -999.99  -999.99      0.0000      0.00         9.3542E-16   -148.01  1.3205E-15   -168.04
    0.00    115.00    -12.77    -6.15    -5.29      0.0000     65.00 LINEAR  1.2269E-05     42.77  2.6312E-05     42.77
    5.00    115.00    -12.77    -5.98    -5.16      0.0062     65.40 RIGHT   1.2277E-05     42.93  2.6817E-05     42.00
   10.00    115.00    -12.75    -5.50    -4.75      0.0227     66.56 RIGHT   1.2308E-05     43.42  2.8353E-05     39.85
   15.00    115.00    -12.69    -4.73    -4.09      0.0448     68.31 RIGHT   1.2387E-05     44.19  3.0961E-05     36.73
   20.00    115.00    -12.57    -3.75    -3.22      0.0670     70.40 RIGHT   1.2557E-05     45.17  3.4662E-05     33.16
   25.00    115.00    -12.36    -2.64    -2.20      0.0854     72.50 RIGHT   1.2875E-05     46.23  3.9420E-05     29.54
   30.00    115.00    -12.00    -1.47    -1.10      0.0989     74.32 RIGHT   1.3413E-05     47.18  4.5098E-05     26.18
   35.00    115.00    -11.48    -0.33    -0.01      0.1082     75.69 RIGHT   1.4248E-05     47.77  5.1433E-05     23.20
   40.00    115.00    -10.78     0.72     1.02      0.1150     76.50 RIGHT   1.5444E-05     47.81  5.8023E-05     20.65
   45.00    115.00     -9.92     1.61     1.91      0.1207     76.72 RIGHT   1.7038E-05     47.23  6.4309E-05     18.50
   50.00    115.00     -8.97     2.30     2.61      0.1266     76.39 RIGHT   1.9009E-05     46.08  6.9594E-05     16.72
   55.00    115.00     -8.01     2.72     3.08      0.1333     75.50 RIGHT   2.1243E-05     44.53  7.3075E-05     15.28
   60.00    115.00     -7.13     2.82     3.24      0.1412     74.08 RIGHT   2.3502E-05     42.78  7.3916E-05     14.12
   65.00    115.00     -6.46     2.52     3.03      0.1505     72.10 RIGHT   2.5388E-05     40.99  7.1348E-05     13.23
   70.00    115.00     -6.14     1.68     2.34      0.1608     69.49 RIGHT   2.6332E-05     39.27  6.4794E-05     12.57
   75.00    115.00     -6.39     0.10     0.98      0.1716     66.11 RIGHT   2.5576E-05     37.65  5.3996E-05     12.13
   80.00    115.00     -7.65    -2.70    -1.50      0.1812     61.69 RIGHT   2.2124E-05     36.07  3.9111E-05     11.90
   85.00    115.00    -11.32    -8.21    -6.48      0.1859     55.80 RIGHT   1.4514E-05     34.36  2.0761E-05     11.86
   90.00    115.00   -999.99  -999.99  -999.99      0.0000      0.00         1.1494E-15   -147.89  1.2587E-15   -168.00
    0.00    120.00    -11.31    -6.54    -5.29      0.0000     60.00 LINEAR  1.4516E-05     42.77  2.5142E-05     42.77
    5.00    120.00    -11.31    -6.38    -5.17      0.0070     60.46 RIGHT   1.4522E-05     42.94  2.5620E-05     42.00
   10.00    120.00    -11.29    -5.90    -4.80      0.0260     61.77 RIGHT   1.4549E-05     43.43  2.7070E-05     39.86
   15.00    120.00    -11.25    -5.15    -4.19      0.0518     63.77 RIGHT   1.4628E-05     44.23  2.9531E-05     36.76
   20.00    120.00    -11.14    -4.17    -3.38      0.0784     66.17 RIGHT   1.4808E-05     45.24  3.3024E-05     33.19
   25.00    120.00    -10.94    -3.07    -2.41      0.1012     68.61 RIGHT   1.5161E-05     46.35  3.7509E-05     29.59
   30.00    120.00    -10.59    -1.91    -1.36      0.1184     70.77 RIGHT   1.5771E-05     47.34  4.2856E-05     26.23
   35.00    120.00    -10.08    -0.78    -0.30      0.1305     72.40 RIGHT   1.6731E-05     47.97  4.8817E-05     23.25
   40.00    120.00     -9.39     0.26     0.70      0.1392     73.36 RIGHT   1.8119E-05     48.05  5.5007E-05     20.69
   45.00    120.00     -8.54     1.14     1.59      0.1463     73.62 RIGHT   1.9979E-05     47.48  6.0902E-05     18.55
   50.00    120.00     -7.59     1.82     2.29      0.1533     73.19 RIGHT   2.2287E-05     46.33  6.5843E-05     16.77
   55.00    120.00     -6.62     2.24     2.77      0.1609     72.08 RIGHT   2.4912E-05     44.76  6.9077E-05     15.32
   60.00    120.00     -5.74     2.33     2.96      0.1694     70.33 RIGHT   2.7572E-05     42.99  6.9818E-05     14.17
   65.00    120.00     -5.07     2.02     2.79      0.1787     67.90 RIGHT   2.9799E-05     41.18  6.7349E-05     13.28
   70.00    120.00     -4.75     1.17     2.16      0.1881     64.75 RIGHT   3.0921E-05     39.44  6.1130E-05     12.62
   75.00    120.00     -5.00    -0.41     0.88      0.1965     60.74 RIGHT   3.0047E-05     37.80  5.0922E-05     12.19
   80.00    120.00     -6.25    -3.22    -1.46      0.2013     55.68 RIGHT   2.6000E-05     36.20  3.6874E-05     11.95
   85.00    120.00     -9.91    -8.72    -6.26      0.1976     49.24 RIGHT   1.7060E-05     34.49  1.9569E-05     11.91
   90.00    120.00   -999.99  -999.99  -999.99      0.0000      0.00         1.3512E-15   -147.76  1.1864E-15   -167.94
    0.00    125.00    -10.12    -7.03    -5.29      0.0000     55.00 LINEAR  1.6652E-05     42.77  2.3781E-05     42.77
    5.00    125.00    -10.12    -6.86    -5.18      0.0076     55.50 RIGHT   1.6655E-05     42.94  2.4227E-05     42.01
   10.00    125.00    -10.11    -6.39    -4.85      0.0285     56.92 RIGHT   1.6674E-05     43.45  2.5581E-05     39.88
   15.00    125.00    -10.07    -5.65    -4.31      0.0577     59.11 RIGHT   1.6746E-05     44.27  2.7878E-05     36.79
   20.00    125.00     -9.98    -4.69    -3.56      0.0886     61.76 RIGHT   1.6927E-05     45.32  3.1134E-05     33.23
   25.00    125.00     -9.79    -3.59    -2.66      0.1160     64.51 RIGHT   1.7301E-05     46.47  3.5313E-05     29.64
   30.00    125.00     -9.46    -2.45    -1.66      0.1373     66.97 RIGHT   1.7969E-05     47.52  4.0290E-05     26.28
   35.00    125.00     -8.96    -1.33    -0.64      0.1526     68.84 RIGHT   1.9035E-05     48.20  4.5830E-05     23.30
   40.00    125.00     -8.28    -0.30     0.34      0.1636     69.95 RIGHT   2.0593E-05     48.31  5.1575E-05     20.75
   45.00    125.00     -7.43     0.57     1.21      0.1723     70.23 RIGHT   2.2693E-05     47.76  5.7033E-05     18.60
   50.00    125.00     -6.48     1.24     1.92      0.1803     69.68 RIGHT   2.5311E-05     46.60  6.1594E-05     16.82
   55.00    125.00     -5.52     1.65     2.41      0.1883     68.34 RIGHT   2.8299E-05     45.02  6.4557E-05     15.38
   60.00    125.00     -4.63     1.73     2.64      0.1966     66.22 RIGHT   3.1335E-05     43.22  6.5195E-05     14.23
   65.00    125.00     -3.95     1.41     2.52      0.2047     63.35 RIGHT   3.3884E-05     41.39  6.2844E-05     13.34
   70.00    125.00     -3.63     0.57     1.97      0.2116     59.68 RIGHT   3.5180E-05     39.63  5.7008E-05     12.68
   75.00    125.00     -3.87    -1.02     0.79      0.2154     55.16 RIGHT   3.4201E-05     37.97  4.7466E-05     12.25
   80.00    125.00     -5.12    -3.83    -1.42      0.2131     49.66 RIGHT   2.9605E-05     36.36  3.4360E-05     12.02
   85.00    125.00     -8.78    -9.33    -6.04      0.1999     43.03 RIGHT   1.9430E-05     34.64  1.8232E-05     11.98
   90.00    125.00   -999.99  -999.99  -999.99      0.0000      0.00         1.5390E-15   -147.62  1.1052E-15   -167.88
    0.00    130.00     -9.13    -7.61    -5.29      0.0000     50.00 LINEAR  1.8661E-05     42.77  2.2239E-05     42.77
    5.00    130.00     -9.13    -7.45    -5.20      0.0080     50.52 RIGHT   1.8659E-05     42.95  2.2651E-05     42.01
   10.00    130.00     -9.13    -6.98    -4.91      0.0303     52.02 RIGHT   1.8667E-05     43.47  2.3899E-05     39.90
   15.00    130.00     -9.10    -6.25    -4.43      0.0621     54.33 RIGHT   1.8724E-05     44.32  2.6015E-05     36.82
   20.00    130.00     -9.02    -5.30    -3.76      0.0970     57.16 RIGHT   1.8898E-05     45.41  2.9014E-05     33.28
   25.00    130.00     -8.85    -4.22    -2.93      0.1292     60.14 RIGHT   1.9282E-05     46.61  3.2859E-05     29.69
   30.00    130.00     -8.53    -3.09    -2.00      0.1551     62.85 RIGHT   1.9990E-05     47.71  3.7432E-05     26.33
   35.00    130.00     -8.05    -1.98    -1.02      0.1742     64.94 RIGHT   2.1144E-05     48.44  4.2516E-05     23.36
   40.00    130.00     -7.37    -0.97    -0.07      0.1879     66.18 RIGHT   2.2849E-05     48.59  4.7779E-05     20.81
   45.00    130.00     -6.54    -0.10     0.79      0.1982     66.46 RIGHT   2.5164E-05     48.06  5.2768E-05     18.66
   50.00    130.00     -5.59     0.55     1.50      0.2069     65.78 RIGHT   2.8064E-05     46.90  5.6922E-05     16.88
   55.00    130.00     -4.62     0.95     2.02      0.2147     64.18 RIGHT   3.1384E-05     45.29  5.9598E-05     15.44
   60.00    130.00     -3.73     1.03     2.28      0.2217     61.70 RIGHT   3.4767E-05     43.47  6.0132E-05     14.29
   65.00    130.00     -3.04     0.71     2.23      0.2271     58.40 RIGHT   3.7618E-05     41.61  5.7919E-05     13.40
   70.00    130.00     -2.71    -0.15     1.77      0.2295     54.30 RIGHT   3.9079E-05     39.82  5.2507E-05     12.75
   75.00    130.00     -2.95    -1.74     0.70      0.2269     49.42 RIGHT   3.8011E-05     38.15  4.3697E-05     12.31
   80.00    130.00     -4.20    -4.55    -1.36      0.2164     43.74 RIGHT   3.2915E-05     36.52  3.1620E-05     12.08
   85.00    130.00     -7.86   -10.06    -5.81      0.1944     37.25 RIGHT   2.1607E-05     34.79  1.6774E-05     12.04
   90.00    130.00   -999.99  -999.99  -999.99      0.0000      0.00         1.7116E-15   -147.46  1.0168E-15   -167.81
    0.00    135.00     -8.30    -8.30    -5.29      0.0000     45.00 LINEAR  2.0528E-05     42.77  2.0528E-05     42.77
    5.00    135.00     -8.31    -8.15    -5.22      0.0082     45.53 RIGHT   2.0521E-05     42.95  2.0903E-05     42.02
   10.00    135.00     -8.31    -7.69    -4.98      0.0312     47.06 RIGHT   2.0514E-05     43.49  2.2038E-05     39.91
   15.00    135.00     -8.29    -6.96    -4.57      0.0649     49.42 RIGHT   2.0551E-05     44.37  2.3961E-05     36.85
   20.00    135.00     -8.23    -6.03    -3.98      0.1033     52.35 RIGHT   2.0707E-05     45.50  2.6685E-05     33.32
   25.00    135.00     -8.07    -4.96    -3.23      0.1401     55.47 RIGHT   2.1089E-05     46.75  3.0174E-05     29.74
   30.00    135.00     -7.77    -3.84    -2.37      0.1709     58.36 RIGHT   2.1825E-05     47.91  3.4319E-05     26.39
   35.00    135.00     -7.30    -2.75    -1.44      0.1943     60.61 RIGHT   2.3048E-05     48.70  3.8921E-05     23.42
   40.00    135.00     -6.63    -1.75    -0.53      0.2111     61.95 RIGHT   2.4878E-05     48.89  4.3675E-05     20.87
   45.00    135.00     -5.80    -0.90     0.32      0.2231     62.21 RIGHT   2.7381E-05     48.37  4.8171E-05     18.72
   50.00    135.00     -4.86    -0.25     1.04      0.2321     61.38 RIGHT   3.0532E-05     47.21  5.1900E-05     16.95
   55.00    135.00     -3.88     0.14     1.59      0.2388     59.51 RIGHT   3.4152E-05     45.58  5.4281E-05     15.50
   60.00    135.00     -2.99     0.21     1.91      0.2431     56.69 RIGHT   3.7853E-05     43.73  5.4716E-05     14.35
   65.00    135.00     -2.30    -0.12     1.94      0.2441     53.03 RIGHT   4.0983E-05     41.84  5.2660E-05     13.47
   70.00    135.00     -1.96    -0.98     1.57      0.2403     48.64 RIGHT   4.2600E-05     40.03  4.7707E-05     12.82
   75.00    135.00     -2.20    -2.58     0.63      0.2302     43.61 RIGHT   4.1458E-05     38.33  3.9682E-05     12.38
   80.00    135.00     -3.45    -5.39    -1.30      0.2117     38.02 RIGHT   3.5914E-05     36.70  2.8704E-05     12.15
   85.00    135.00     -7.10   -10.90    -5.59      0.1828     31.94 RIGHT   2.3582E-05     34.96  1.5224E-05     12.11
   90.00    135.00   -999.99  -999.99  -999.99      0.0000      0.00         1.8682E-15   -147.30  9.2276E-16   -167.74
    0.00    140.00     -7.61    -9.13    -5.29      0.0000     40.00 LINEAR  2.2239E-05     42.77  1.8661E-05     42.77
    5.00    140.00     -7.61    -8.98    -5.23      0.0081     40.52 RIGHT   2.2226E-05     42.96  1.8996E-05     42.02
   10.00    140.00     -7.62    -8.52    -5.04      0.0311     42.03 RIGHT   2.2200E-05     43.51  2.0013E-05     39.93
   15.00    140.00     -7.62    -7.81    -4.70      0.0658     44.37 RIGHT   2.2213E-05     44.41  2.1734E-05     36.89
   20.00    140.00     -7.57    -6.89    -4.20      0.1067     47.30 RIGHT   2.2345E-05     45.59  2.4170E-05     33.37
   25.00    140.00     -7.42    -5.83    -3.55      0.1477     50.46 RIGHT   2.2716E-05     46.90  2.7287E-05     29.79
   30.00    140.00     -7.14    -4.73    -2.76      0.1836     53.43 RIGHT   2.3465E-05     48.11  3.0986E-05     26.45
   35.00    140.00     -6.68    -3.65    -1.90      0.2117     55.77 RIGHT   2.4741E-05     48.96  3.5086E-05     23.48
   40.00    140.00     -6.03    -2.66    -1.02      0.2318     57.15 RIGHT   2.6674E-05     49.19  3.9315E-05     20.93
   45.00    140.00     -5.20    -1.82    -0.18      0.2455     57.36 RIGHT   2.9340E-05     48.69  4.3304E-05     18.78
   50.00    140.00     -4.26    -1.18     0.56      0.2542     56.38 RIGHT   3.2711E-05     47.52  4.6598E-05     17.01
   55.00    140.00     -3.28    -0.80     1.14      0.2586     54.26 RIGHT   3.6600E-05     45.88  4.8683E-05     15.57
   60.00    140.00     -2.38    -0.74     1.52      0.2587     51.16 RIGHT   4.0587E-05     44.00  4.9027E-05     14.42
   65.00    140.00     -1.69    -1.08     1.64      0.2537     47.27 RIGHT   4.3969E-05     42.07  4.7146E-05     13.53
   70.00    140.00     -1.35    -1.95     1.37      0.2427     42.78 RIGHT   4.5733E-05     40.24  4.2683E-05     12.88
   75.00    140.00     -1.58    -3.55     0.56      0.2250     37.85 RIGHT   4.4530E-05     38.52  3.5484E-05     12.45
   80.00    140.00     -2.82    -6.37    -1.23      0.1999     32.61 RIGHT   3.8591E-05     36.87  2.5658E-05     12.22
   85.00    140.00     -6.47   -11.88    -5.37      0.1669     27.12 RIGHT   2.5345E-05     35.12  1.3605E-05     12.19
   90.00    140.00   -999.99  -999.99  -999.99      0.0000      0.00         2.0081E-15   -147.14  8.2459E-16   -167.67
    0.00    145.00     -7.03   -10.12    -5.29      0.0000     35.00 LINEAR  2.3781E-05     42.77  1.6652E-05     42.77
    5.00    145.00     -7.03    -9.97    -5.25      0.0077     35.50 RIGHT   2.3760E-05     42.96  1.6946E-05     42.03
   10.00    145.00     -7.05    -9.52    -5.10      0.0301     36.94 RIGHT   2.3715E-05     43.53  1.7840E-05     39.95
   15.00    145.00     -7.06    -8.82    -4.84      0.0646     39.19 RIGHT   2.3700E-05     44.46  1.9353E-05     36.92
   20.00    145.00     -7.02    -7.91    -4.43      0.1069     42.01 RIGHT   2.3804E-05     45.68  2.1492E-05     33.41
   25.00    145.00     -6.89    -6.87    -3.87      0.1511     45.09 RIGHT   2.4155E-05     47.04  2.4226E-05     29.85
   30.00    145.00     -6.62    -5.77    -3.17      0.1916     48.01 RIGHT   2.4907E-05     48.31  2.7467E-05     26.51
   35.00    145.00     -6.18    -4.71    -2.37      0.2243     50.34 RIGHT   2.6221E-05     49.22  3.1055E-05     23.54
   40.00    145.00     -5.53    -3.73    -1.53      0.2479     51.69 RIGHT   2.8238E-05     49.49  3.4748E-05     20.99
   45.00    145.00     -4.71    -2.90    -0.70      0.2629     51.82 RIGHT   3.1041E-05     49.01  3.8223E-05     18.84
   50.00    145.00     -3.77    -2.28     0.05      0.2705     50.67 RIGHT   3.4603E-05     47.83  4.1082E-05     17.07
   55.00    145.00     -2.79    -1.91     0.68      0.2714     48.37 RIGHT   3.8727E-05     46.17  4.2874E-05     15.63
   60.00    145.00     -1.89    -1.85     1.14      0.2658     45.13 RIGHT   4.2967E-05     44.25  4.3136E-05     14.48
   65.00    145.00     -1.19    -2.20     1.35      0.2539     41.20 RIGHT   4.6576E-05     42.30  4.1448E-05     13.60
   70.00    145.00     -0.84    -3.07     1.20      0.2358     36.85 RIGHT   4.8473E-05     40.44  3.7500E-05     12.95
   75.00    145.00     -1.07    -4.68     0.50      0.2119     32.26 RIGHT   4.7222E-05     38.70  3.1159E-05     12.52
   80.00    145.00     -2.31    -7.50    -1.16      0.1826     27.55 RIGHT   4.0940E-05     37.03  2.2523E-05     12.29
   85.00    145.00     -5.96   -13.01    -5.18      0.1482     22.75 RIGHT   2.6895E-05     35.28  1.1940E-05     12.26
   90.00    145.00   -999.99  -999.99  -999.99      0.0000      0.00         2.1310E-15   -146.99  7.2362E-16   -167.59
    0.00    150.00     -6.54   -11.31    -5.29      0.0000     30.00 LINEAR  2.5142E-05     42.77  1.4516E-05     42.77
    5.00    150.00     -6.55   -11.16    -5.26      0.0071     30.46 RIGHT   2.5114E-05     42.97  1.4769E-05     42.03
   10.00    150.00     -6.58   -10.72    -5.16      0.0281     31.79 RIGHT   2.5049E-05     43.55  1.5537E-05     39.96
   15.00    150.00     -6.59   -10.03    -4.97      0.0612     33.87 RIGHT   2.5003E-05     44.51  1.6837E-05     36.95
   20.00    150.00     -6.57    -9.13    -4.65      0.1032     36.49 RIGHT   2.5076E-05     45.76  1.8673E-05     33.45
   25.00    150.00     -6.45    -8.10    -4.19      0.1491     39.36 RIGHT   2.5403E-05     47.17  2.1018E-05     29.90
   30.00    150.00     -6.20    -7.02    -3.58      0.1929     42.09 RIGHT   2.6150E-05     48.50  2.3795E-05     26.56
   35.00    150.00     -5.77    -5.97    -2.86      0.2295     44.27 RIGHT   2.7489E-05     49.46  2.6865E-05     23.60
   40.00    150.00     -5.13    -5.00    -2.06      0.2560     45.49 RIGHT   2.9573E-05     49.77  3.0019E-05     21.05
   45.00    150.00     -4.32    -4.19    -1.24      0.2717     45.50 RIGHT   3.2489E-05     49.31  3.2980E-05     18.90
   50.00    150.00     -3.37    -3.57    -0.46      0.2772     44.25 RIGHT   3.6214E-05     48.13  3.5406E-05     17.13
   55.00    150.00     -2.39    -3.21     0.23      0.2736     41.88 RIGHT   4.0539E-05     46.44  3.6913E-05     15.69
   60.00    150.00     -1.49    -3.16     0.77      0.2619     38.69 RIGHT   4.4999E-05     44.50  3.7105E-05     14.54
   65.00    150.00     -0.78    -3.52     1.07      0.2435     34.96 RIGHT   4.8807E-05     42.52  3.5626E-05     13.66
   70.00    150.00     -0.43    -4.39     1.04      0.2197     30.98 RIGHT   5.0824E-05     40.63  3.2213E-05     13.02
   75.00    150.00     -0.65    -6.00     0.46      0.1920     26.91 RIGHT   4.9536E-05     38.87  2.6753E-05     12.59
   80.00    150.00     -1.89    -8.83    -1.09      0.1612     22.84 RIGHT   4.2961E-05     37.19  1.9331E-05     12.36
   85.00    150.00     -5.54   -14.34    -5.00      0.1279     18.78 RIGHT   2.8229E-05     35.43  1.0246E-05     12.33
   90.00    150.00   -999.99  -999.99  -999.99      0.0000      0.00         2.2369E-15   -146.84  6.2089E-16   -167.53
    0.00    155.00     -6.15   -12.77    -5.29      0.0000     25.00 LINEAR  2.6312E-05     42.77  1.2269E-05     42.77
    5.00    155.00     -6.16   -12.63    -5.28      0.0063     25.40 RIGHT   2.6276E-05     42.97  1.2481E-05     42.03
   10.00    155.00     -6.19   -12.19    -5.22      0.0251     26.58 RIGHT   2.6191E-05     43.57  1.3122E-05     39.98
   15.00    155.00     -6.21   -11.50    -5.09      0.0555     28.43 RIGHT   2.6116E-05     44.55  1.4205E-05     36.97
   20.00    155.00     -6.20   -10.61    -4.86      0.0953     30.75 RIGHT   2.6157E-05     45.83  1.5736E-05     33.49
   25.00    155.00     -6.10    -9.60    -4.50      0.1405     33.29 RIGHT   2.6458E-05     47.29  1.7689E-05     29.94
   30.00    155.00     -5.86    -8.53    -3.98      0.1854     35.69 RIGHT   2.7194E-05     48.67  1.9999E-05     26.61
   35.00    155.00     -5.44    -7.49    -3.33      0.2242     37.58 RIGHT   2.8550E-05     49.68  2.2550E-05     23.65
   40.00    155.00     -4.81    -6.53    -2.58      0.2523     38.58 RIGHT   3.0684E-05     50.03  2.5166E-05     21.10
   45.00    155.00     -4.00    -5.73    -1.77      0.2677     38.45 RIGHT   3.3692E-05     49.58  2.7617E-05     18.95
   50.00    155.00     -3.06    -5.12    -0.96      0.2704     37.18 RIGHT   3.7551E-05     48.40  2.9618E-05     17.18
   55.00    155.00     -2.08    -4.77    -0.21      0.2621     34.93 RIGHT   4.2046E-05     46.69  3.0850E-05     15.74
   60.00    155.00     -1.17    -4.73     0.42      0.2451     32.01 RIGHT   4.6692E-05     44.72  3.0986E-05     14.60
   65.00    155.00     -0.46    -5.09     0.83      0.2220     28.71 RIGHT   5.0669E-05     42.72  2.9730E-05     13.72
   70.00    155.00     -0.10    -5.97     0.90      0.1952     25.28 RIGHT   5.2790E-05     40.80  2.6866E-05     13.08
   75.00    155.00     -0.32    -7.58     0.43      0.1666     21.85 RIGHT   5.1475E-05     39.03  2.2303E-05     12.65
   80.00    155.00     -1.55   -10.41    -1.02      0.1370     18.48 RIGHT   4.4658E-05     37.34  1.6110E-05     12.42
   85.00    155.00     -5.20   -15.92    -4.85      0.1067     15.15 RIGHT   2.9349E-05     35.56  8.5372E-06     12.39
   90.00    155.00   -999.99  -999.99  -999.99      0.0000      0.00         2.3258E-15   -146.71  5.1732E-16   -167.46
    0.00    160.00     -5.83   -14.61    -5.29      0.0000     20.00 LINEAR  2.7281E-05     42.77  9.9294E-06     42.77
    5.00    160.00     -5.85   -14.47    -5.29      0.0053     20.34 RIGHT   2.7239E-05     42.97  1.0099E-05     42.04
   10.00    160.00     -5.88   -14.04    -5.26      0.0213     21.33 RIGHT   2.7136E-05     43.59  1.0611E-05     39.99
   15.00    160.00     -5.91   -13.35    -5.19      0.0476     22.88 RIGHT   2.7034E-05     44.58  1.1478E-05     37.00
   20.00    160.00     -5.91   -12.47    -5.04      0.0830     24.83 RIGHT   2.7044E-05     45.90  1.2702E-05     33.52
   25.00    160.00     -5.82   -11.47    -4.77      0.1247     26.93 RIGHT   2.7319E-05     47.39  1.4262E-05     29.98
   30.00    160.00     -5.59   -10.41    -4.36      0.1675     28.90 RIGHT   2.8042E-05     48.82  1.6106E-05     26.66
   35.00    160.00     -5.18    -9.38    -3.78      0.2055     30.39 RIGHT   2.9407E-05     49.87  1.8140E-05     23.69
   40.00    160.00     -4.56    -8.43    -3.07      0.2329     31.10 RIGHT   3.1579E-05     50.26  2.0223E-05     21.14
   45.00    160.00     -3.75    -7.64    -2.26      0.2467     30.86 RIGHT   3.4660E-05     49.82  2.2170E-05     19.00
   50.00    160.00     -2.81    -7.04    -1.42      0.2467     29.68 RIGHT   3.8626E-05     48.63  2.3755E-05     17.23
   55.00    160.00     -1.83    -6.69    -0.60      0.2349     27.73 RIGHT   4.3258E-05     46.91  2.4723E-05     15.79
   60.00    160.00     -0.92    -6.66     0.11      0.2150     25.29 RIGHT   4.8056E-05     44.92  2.4814E-05     14.65
   65.00    160.00     -0.20    -7.02     0.62      0.1904     22.59 RIGHT   5.2173E-05     42.89  2.3794E-05     13.77
   70.00    160.00      0.16    -7.91     0.79      0.1638     19.82 RIGHT   5.4381E-05     40.95  2.1492E-05     13.13
   75.00    160.00     -0.06    -9.53     0.41      0.1371     17.08 RIGHT   5.3046E-05     39.16  1.7834E-05     12.70
   80.00    160.00     -1.29   -12.35    -0.96      0.1109     14.41 RIGHT   4.6034E-05     37.46  1.2879E-05     12.48
   85.00    160.00     -4.93   -17.87    -4.72      0.0853     11.79 RIGHT   3.0259E-05     35.68  6.8237E-06     12.44
   90.00    160.00   -999.99  -999.99  -999.99      0.0000      0.00         2.3981E-15   -146.59  4.1345E-16   -167.41
    0.00    165.00     -5.59   -17.03    -5.29      0.0000     15.00 LINEAR  2.8042E-05     42.77  7.5139E-06     42.77
    5.00    165.00     -5.61   -16.89    -5.30      0.0042     15.26 RIGHT   2.7995E-05     42.98  7.6408E-06     42.04
   10.00    165.00     -5.65   -16.46    -5.30      0.0167     16.04 RIGHT   2.7876E-05     43.60  8.0253E-06     40.00
   15.00    165.00     -5.69   -15.79    -5.28      0.0377     17.24 RIGHT   2.7752E-05     44.61  8.6750E-06     37.01
   20.00    165.00     -5.69   -14.91    -5.20      0.0666     18.75 RIGHT   2.7736E-05     45.95  9.5916E-06     33.55
   25.00    165.00     -5.61   -13.91    -5.01      0.1016     20.36 RIGHT   2.7988E-05     47.48  1.0760E-05     30.01
   30.00    165.00     -5.39   -12.87    -4.68      0.1385     21.82 RIGHT   2.8698E-05     48.95  1.2140E-05     26.69
   35.00    165.00     -4.99   -11.84    -4.17      0.1718     22.87 RIGHT   3.0066E-05     50.03  1.3660E-05     23.73
   40.00    165.00     -4.38   -10.91    -3.50      0.1958     23.31 RIGHT   3.2266E-05     50.44  1.5215E-05     21.18
   45.00    165.00     -3.57   -10.11    -2.70      0.2069     23.02 RIGHT   3.5400E-05     50.02  1.6667E-05     19.04
   50.00    165.00     -2.63    -9.52    -1.82      0.2048     22.05 RIGHT   3.9448E-05     48.83  1.7845E-05     17.27
   55.00    165.00     -1.65    -9.18    -0.94      0.1921     20.54 RIGHT   4.4186E-05     47.09  1.8560E-05     15.83
   60.00    165.00     -0.73    -9.15    -0.15      0.1727     18.69 RIGHT   4.9102E-05     45.08  1.8618E-05     14.69
   65.00    165.00     -0.01    -9.52     0.45      0.1502     16.67 RIGHT   5.3329E-05     43.03  1.7844E-05     13.81
   70.00    165.00      0.35   -10.41     0.70      0.1271     14.60 RIGHT   5.5606E-05     41.08  1.6110E-05     13.17
   75.00    165.00      0.14   -12.03     0.39      0.1048     12.57 RIGHT   5.4258E-05     39.27  1.3365E-05     12.75
   80.00    165.00     -1.09   -14.86    -0.91      0.0838     10.59 RIGHT   4.7097E-05     37.56  9.6489E-06     12.52
   85.00    165.00     -4.73   -20.38    -4.62      0.0638      8.66 RIGHT   3.0962E-05     35.78  5.1117E-06     12.49
   90.00    165.00   -999.99  -999.99  -999.99      0.0000      0.00         2.4539E-15   -146.50  3.0972E-16   -167.36
    0.00    170.00     -5.43   -20.50    -5.29      0.0000     10.00 LINEAR  2.8591E-05     42.77  5.0413E-06     42.77
    5.00    170.00     -5.44   -20.36    -5.30      0.0028     10.18 RIGHT   2.8539E-05     42.98  5.1258E-06     42.04
   10.00    170.00     -5.48   -19.93    -5.33      0.0115     10.71 RIGHT   2.8409E-05     43.61  5.3820E-06     40.01
   15.00    170.00     -5.53   -19.26    -5.35      0.0261     11.53 RIGHT   2.8267E-05     44.63  5.8148E-06     37.03
   20.00    170.00     -5.54   -18.39    -5.32      0.0466     12.56 RIGHT   2.8231E-05     45.99  6.4253E-06     33.57
   25.00    170.00     -5.47   -17.40    -5.20      0.0719     13.64 RIGHT   2.8464E-05     47.54  7.2030E-06     30.04
   30.00    170.00     -5.25   -16.36    -4.93      0.0991     14.59 RIGHT   2.9163E-05     49.04  8.1210E-06     26.72
   35.00    170.00     -4.86   -15.34    -4.48      0.1239     15.24 RIGHT   3.0533E-05     50.15  9.1316E-06     23.76
   40.00    170.00     -4.25   -14.41    -3.85      0.1416     15.45 RIGHT   3.2750E-05     50.58  1.0165E-05     21.21
   45.00    170.00     -3.44   -13.62    -3.05      0.1492     15.20 RIGHT   3.5922E-05     50.16  1.1128E-05     19.07
   50.00    170.00     -2.50   -13.03    -2.14      0.1466     14.53 RIGHT   4.0028E-05     48.97  1.1908E-05     17.30
   55.00    170.00     -1.52   -12.70    -1.20      0.1360     13.52 RIGHT   4.4841E-05     47.22  1.2379E-05     15.86
   60.00    170.00     -0.60   -12.67    -0.34      0.1207     12.30 RIGHT   4.9841E-05     45.20  1.2412E-05     14.72
   65.00    170.00      0.12   -13.05     0.32      0.1036     10.96 RIGHT   5.4146E-05     43.13  1.1892E-05     13.84
   70.00    170.00      0.49   -13.94     0.64      0.0867      9.60 RIGHT   5.6473E-05     41.17  1.0734E-05     13.20
   75.00    170.00      0.27   -15.56     0.39      0.0708      8.26 RIGHT   5.5117E-05     39.35  8.9020E-06     12.78
   80.00    170.00     -0.95   -18.39    -0.88      0.0561      6.96 RIGHT   4.7850E-05     37.63  6.4260E-06     12.56
   85.00    170.00     -4.60   -23.91    -4.55      0.0424      5.68 RIGHT   3.1461E-05     35.85  3.4039E-06     12.52
   90.00    170.00   -999.99  -999.99  -999.99      0.0000      0.00         2.4935E-15   -146.43  2.0624E-16   -167.33
    0.00    175.00     -5.33   -26.49    -5.29      0.0000      5.00 LINEAR  2.8921E-05     42.77  2.5303E-06     42.77
    5.00    175.00     -5.34   -26.34    -5.31      0.0014      5.09 RIGHT   2.8867E-05     42.98  2.5725E-06     42.04
   10.00    175.00     -5.38   -25.92    -5.35      0.0059      5.36 RIGHT   2.8729E-05     43.61  2.7006E-06     40.01
   15.00    175.00     -5.43   -25.25    -5.39      0.0134      5.78 RIGHT   2.8576E-05     44.64  2.9169E-06     37.04
   20.00    175.00     -5.45   -24.39    -5.39      0.0240      6.30 RIGHT   2.8528E-05     46.01  3.2218E-06     33.58
   25.00    175.00     -5.38   -23.40    -5.31      0.0373      6.84 RIGHT   2.8750E-05     47.58  3.6103E-06     30.05
   30.00    175.00     -5.17   -22.36    -5.09      0.0517      7.30 RIGHT   2.9441E-05     49.09  4.0687E-06     26.73
   35.00    175.00     -4.78   -21.35    -4.68      0.0650      7.60 RIGHT   3.0811E-05     50.22  4.5731E-06     23.77
   40.00    175.00     -4.17   -20.42    -4.07      0.0743      7.68 RIGHT   3.3039E-05     50.66  5.0885E-06     21.23
   45.00    175.00     -3.37   -19.64    -3.27      0.0782      7.54 RIGHT   3.6233E-05     50.25  5.5685E-06     19.08
   50.00    175.00     -2.43   -19.05    -2.34      0.0764      7.19 RIGHT   4.0373E-05     49.06  5.9570E-06     17.31
   55.00    175.00     -1.44   -18.72    -1.36      0.0704      6.70 RIGHT   4.5230E-05     47.30  6.1908E-06     15.88
   60.00    175.00     -0.52   -18.70    -0.46      0.0620      6.09 RIGHT   5.0281E-05     45.27  6.2057E-06     14.74
   65.00    175.00      0.20   -19.07     0.25      0.0528      5.43 RIGHT   5.4633E-05     43.19  5.9442E-06     13.86
   70.00    175.00      0.57   -19.96     0.60      0.0439      4.76 RIGHT   5.6990E-05     41.22  5.3642E-06     13.22
   75.00    175.00      0.36   -21.59     0.38      0.0356      4.09 RIGHT   5.5630E-05     39.40  4.4482E-06     12.80
   80.00    175.00     -0.87   -24.42    -0.85      0.0281      3.45 RIGHT   4.8301E-05     37.68  3.2106E-06     12.58
   85.00    175.00     -4.51   -29.94    -4.50      0.0212      2.82 RIGHT   3.1759E-05     35.89  1.7006E-06     12.55
   90.00    175.00   -999.99  -999.99  -999.99      0.0000      0.00         2.5171E-15   -146.39  1.0303E-16   -167.31
    0.00    180.00     -5.29  -999.99    -5.29      0.0000     -0.00 LINEAR  2.9032E-05     42.77  2.9632E-16   -137.23
    5.00    180.00     -5.31  -999.99    -5.31      0.0000     -0.00 LINEAR  2.8977E-05     42.98  3.0126E-16   -137.96
   10.00    180.00     -5.35  -999.99    -5.35      0.0000     -0.00 LINEAR  2.8836E-05     43.61  3.1624E-16   -139.99
   15.00    180.00     -5.40  -999.99    -5.40      0.0000     -0.00 LINEAR  2.8680E-05     44.65  3.4153E-16   -142.96
   20.00    180.00     -5.42  -999.99    -5.42      0.0000     -0.00 LINEAR  2.8627E-05     46.02  3.7719E-16   -146.42
   25.00    180.00     -5.35  -999.99    -5.35      0.0000     -0.00 LINEAR  2.8845E-05     47.59  4.2261E-16   -149.94
   30.00    180.00     -5.14  -999.99    -5.14      0.0000     -0.00 LINEAR  2.9534E-05     49.11  4.7620E-16   -153.26
   35.00    180.00     -4.75  -999.99    -4.75      0.0000     -0.00 LINEAR  3.0903E-05     50.25  5.3516E-16   -156.22
   40.00    180.00     -4.15  -999.99    -4.15      0.0000     -0.00 LINEAR  3.3134E-05     50.69  5.9539E-16   -158.77
   45.00    180.00     -3.34  -999.99    -3.34      0.0000     -0.00 LINEAR  3.6336E-05     50.28  6.5148E-16   -160.91
   50.00    180.00     -2.40  -999.99    -2.40      0.0000     -0.00 LINEAR  4.0487E-05     49.09  6.9684E-16   -162.68
   55.00    180.00     -1.42  -999.99    -1.42      0.0000     -0.00 LINEAR  4.5359E-05     47.33  7.2412E-16   -164.12
   60.00    180.00     -0.50  -999.99    -0.50      0.0000     -0.00 LINEAR  5.0427E-05     45.29  7.2580E-16   -165.25
   65.00    180.00      0.22  -999.99     0.22      0.0000     -0.00 LINEAR  5.4795E-05     43.22  6.9517E-16   -166.13
   70.00    180.00      0.59  -999.99     0.59      0.0000     -0.00 LINEAR  5.7162E-05     41.24  6.2729E-16   -166.77
   75.00    180.00      0.38  -999.99     0.38      0.0000     -0.00 LINEAR  5.5800E-05     39.42  5.2015E-16   -167.19
   80.00    180.00     -0.85  -999.99    -0.85      0.0000     -0.00 LINEAR  4.8450E-05     37.70  3.7542E-16   -167.41
   85.00    180.00     -4.49  -999.99    -4.49      0.0000     -0.00 LINEAR  3.1858E-05     35.91  1.9885E-16   -167.45
   90.00    180.00   -999.99  -999.99  -999.99      0.0000      0.00         2.5250E-15   -146.37  1.2047E-26     12.70
    0.00    185.00     -5.33   -26.49    -5.29      0.0000     -5.00 LINEAR  2.8921E-05     42.77  2.5303E-06   -137.23
    5.00    185.00     -5.34   -26.34    -5.31      0.0014     -5.09 LEFT    2.8867E-05     42.98  2.5725E-06   -137.96
   10.00    185.00     -5.38   -25.92    -5.35      0.0059     -5.36 LEFT    2.8729E-05     43.61  2.7006E-06   -139.99
   15.00    185.00     -5.43   -25.25    -5.39      0.0134     -5.78 LEFT    2.8576E-05     44.64  2.9169E-06   -142.96
   20.00    185.00     -5.45   -24.39    -5.39      0.0240     -6.30 LEFT    2.8528E-05     46.01  3.2218E-06   -146.42
   25.00    185.00     -5.38   -23.40    -5.31      0.0373     -6.84 LEFT    2.8750E-05     47.58  3.6103E-06   -149.95
   30.00    185.00     -5.17   -22.36    -5.09      0.0517     -7.30 LEFT    2.9441E-05     49.09  4.0687E-06   -153.27
   35.00    185.00     -4.78   -21.35    -4.68      0.0650     -7.60 LEFT    3.0811E-05     50.22  4.5731E-06   -156.23
   40.00    185.00     -4.17   -20.42    -4.07      0.0743     -7.68 LEFT    3.3039E-05     50.66  5.0885E-06   -158.77
   45.00    185.00     -3.37   -19.64    -3.27      0.0782     -7.54 LEFT    3.6233E-05     50.25  5.5685E-06   -160.92
   50.00    185.00     -2.43   -19.05    -2.34      0.0764     -7.19 LEFT    4.0373E-05     49.06  5.9570E-06   -162.69
   55.00    185.00     -1.44   -18.72    -1.36      0.0704     -6.70 LEFT    4.5230E-05     47.30  6.1908E-06   -164.12
   60.00    185.00     -0.52   -18.70    -0.46      0.0620     -6.09 LEFT    5.0281E-05     45.27  6.2057E-06   -165.26
   65.00    185.00      0.20   -19.07     0.25      0.0528     -5.43 LEFT    5.4633E-05     43.19  5.9442E-06   -166.14
   70.00    185.00      0.57   -19.96     0.60      0.0439     -4.76 LEFT    5.6990E-05     41.22  5.3642E-06   -166.78
   75.00    185.00      0.36   -21.59     0.38      0.0356     -4.09 LEFT    5.5630E-05     39.40  4.4482E-06   -167.20
   80.00    185.00     -0.87   -24.42    -0.85      0.0281     -3.45 LEFT    4.8301E-05     37.68  3.2106E-06   -167.42
   85.00    185.00     -4.51   -29.94    -4.50      0.0212     -2.82 LEFT    3.1759E-05     35.89  1.7006E-06   -167.45
   90.00    185.00   -999.99  -999.99  -999.99      0.0000      0.00         2.5171E-15   -146.39  1.0303E-16     12.70
    0.00    190.00     -5.43   -20.50    -5.29      0.0000    -10.00 LINEAR  2.8591E-05     42.77  5.0413E-06   -137.23
    5.00    190.00     -5.44   -20.36    -5.30      0.0028    -10.18 LEFT    2.8539E-05     42.98  5.1258E-06   -137.96
   10.00    190.00     -5.48   -19.93    -5.33      0.0115    -10.71 LEFT    2.8409E-05     43.61  5.3820E-06   -139.99
   15.00    190.00     -5.53   -19.26    -5.35      0.0261    -11.53 LEFT    2.8267E-05     44.63  5.8148E-06   -142.97
   20.00    190.00     -5.54   -18.39    -5.32      0.0466    -12.56 LEFT    2.8231E-05     45.99  6.4253E-06   -146.43
   25.00    190.00     -5.47   -17.40    -5.20      0.0719    -13.64 LEFT    2.8464E-05     47.54  7.2030E-06   -149.96
   30.00    190.00     -5.25   -16.36    -4.93      0.0991    -14.59 LEFT    2.9163E-05     49.04  8.1210E-06   -153.28
   35.00    190.00     -4.86   -15.34    -4.48      0.1239    -15.24 LEFT    3.0533E-05     50.15  9.1316E-06   -156.24
   40.00    190.00     -4.25   -14.41    -3.85      0.1416    -15.45 LEFT    3.2750E-05     50.58  1.0165E-05   -158.79
   45.00    190.00     -3.44   -13.62    -3.05      0.1492    -15.20 LEFT    3.5922E-05     50.16  1.1128E-05   -160.93
   50.00    190.00     -2.50   -13.03    -2.14      0.1466    -14.53 LEFT    4.0028E-05     48.97  1.1908E-05   -162.70
   55.00    190.00     -1.52   -12.70    -1.20      0.1360    -13.52 LEFT    4.4841E-05     47.22  1.2379E-05   -164.14
   60.00    190.00     -0.60   -12.67    -0.34      0.1207    -12.30 LEFT    4.9841E-05     45.20  1.2412E-05   -165.28
   65.00    190.00      0.12   -13.05     0.32      0.1036    -10.96 LEFT    5.4146E-05     43.13  1.1892E-05   -166.16
   70.00    190.00      0.49   -13.94     0.64      0.0867     -9.60 LEFT    5.6473E-05     41.17  1.0734E-05   -166.80
   75.00    190.00      0.27   -15.56     0.39      0.0708     -8.26 LEFT    5.5117E-05     39.35  8.9020E-06   -167.22
   80.00    190.00     -0.95   -18.39    -0.88      0.0561     -6.96 LEFT    4.7850E-05     37.63  6.4260E-06   -167.44
   85.00    190.00     -4.60   -23.91    -4.55      0.0424     -5.68 LEFT    3.1461E-05     35.85  3.4039E-06   -167.48
   90.00    190.00   -999.99  -999.99  -999.99      0.0000      0.00         2.4935E-15   -146.43  2.0624E-16     12.67
    0.00    195.00     -5.59   -17.03    -5.29      0.0000    -15.00 LINEAR  2.8042E-05     42.77  7.5139E-06   -137.23
    5.00    195.00     -5.61   -16.89    -5.30      0.0042    -15.26 LEFT    2.7995E-05     42.98  7.6408E-06   -137.96
   10.00    195.00     -5.65   -16.46    -5.30      0.0167    -16.04 LEFT    2.7876E-05     43.60  8.0253E-06   -140.00
   15.00    195.00     -5.69   -15.79    -5.28      0.0377    -17.24 LEFT    2.7752E-05     44.61  8.6750E-06   -142.99
   20.00    195.00     -5.69   -14.91    -5.20      0.0666    -18.75 LEFT    2.7736E-05     45.95  9.5916E-06   -146.45
   25.00    195.00     -5.61   -13.91    -5.01      0.1016    -20.36 LEFT    2.7988E-05     47.48  1.0760E-05   -149.99
   30.00    195.00     -5.39   -12.87    -4.68      0.1385    -21.82 LEFT    2.8698E-05     48.95  1.2140E-05   -153.31
   35.00    195.00     -4.99   -11.84    -4.17      0.1718    -22.87 LEFT    3.0066E-05     50.03  1.3660E-05   -156.27
   40.00    195.00     -4.38   -10.91    -3.50      0.1958    -23.31 LEFT    3.2266E-05     50.44  1.5215E-05   -158.82
   45.00    195.00     -3.57   -10.11    -2.70      0.2069    -23.02 LEFT    3.5400E-05     50.02  1.6667E-05   -160.96
   50.00    195.00     -2.63    -9.52    -1.82      0.2048    -22.05 LEFT    3.9448E-05     48.83  1.7845E-05   -162.73
   55.00    195.00     -1.65    -9.18    -0.94      0.1921    -20.54 LEFT    4.4186E-05     47.09  1.8560E-05   -164.17
   60.00    195.00     -0.73    -9.15    -0.15      0.1727    -18.69 LEFT    4.9102E-05     45.08  1.8618E-05   -165.31
   65.00    195.00     -0.01    -9.52     0.45      0.1502    -16.67 LEFT    5.3329E-05     43.03  1.7844E-05   -166.19
   70.00    195.00      0.35   -10.41     0.70      0.1271    -14.60 LEFT    5.5606E-05     41.08  1.6110E-05   -166.83
   75.00    195.00      0.14   -12.03     0.39      0.1048    -12.57 LEFT    5.4258E-05     39.27  1.3365E-05   -167.25
   80.00    195.00     -1.09   -14.86    -0.91      0.0838    -10.59 LEFT    4.7097E-05     37.56  9.6489E-06   -167.48
   85.00    195.00     -4.73   -20.38    -4.62      0.0638     -8.66 LEFT    3.0962E-05     35.78  5.1117E-06   -167.51
   90.00    195.00   -999.99  -999.99  -999.99      0.0000      0.00         2.4539E-15   -146.50  3.0971E-16     12.64
    0.00    200.00     -5.83   -14.61    -5.29      0.0000    -20.00 LINEAR  2.7281E-05     42.77  9.9294E-06   -137.23
    5.00    200.00     -5.85   -14.47    -5.29      0.0053    -20.34 LEFT    2.7239E-05     42.97  1.0099E-05   -137.96
   10.00    200.00     -5.88   -14.04    -5.26      0.0213    -21.33 LEFT    2.7136E-05     43.59  1.0611E-05   -140.01
   15.00    200.00     -5.91   -13.35    -5.19      0.0476    -22.88 LEFT    2.7034E-05     44.58  1.1478E-05   -143.00
   20.00    200.00     -5.91   -12.47    -5.04      0.0830    -24.83 LEFT    2.7044E-05     45.90  1.2702E-05   -146.48
   25.00    200.00     -5.82   -11.47    -4.77      0.1247    -26.93 LEFT    2.7319E-05     47.39  1.4262E-05   -150.02
   30.00    200.00     -5.59   -10.41    -4.36      0.1675    -28.90 LEFT    2.8042E-05     48.82  1.6106E-05   -153.34
   35.00    200.00     -5.18    -9.38    -3.78      0.2055    -30.39 LEFT    2.9407E-05     49.87  1.8140E-05   -156.31
   40.00    200.00     -4.56    -8.43    -3.07      0.2329    -31.10 LEFT    3.1579E-05     50.26  2.0223E-05   -158.86
   45.00    200.00     -3.75    -7.64    -2.26      0.2467    -30.86 LEFT    3.4660E-05     49.82  2.2170E-05   -161.00
   50.00    200.00     -2.81    -7.04    -1.42      0.2467    -29.68 LEFT    3.8626E-05     48.63  2.3755E-05   -162.77
   55.00    200.00     -1.83    -6.69    -0.60      0.2349    -27.73 LEFT    4.3258E-05     46.91  2.4723E-05   -164.21
   60.00    200.00     -0.92    -6.66     0.11      0.2150    -25.29 LEFT    4.8056E-05     44.92  2.4814E-05   -165.35
   65.00    200.00     -0.20    -7.02     0.62      0.1904    -22.59 LEFT    5.2173E-05     42.89  2.3794E-05   -166.23
   70.00    200.00      0.16    -7.91     0.79      0.1638    -19.82 LEFT    5.4381E-05     40.95  2.1492E-05   -166.87
   75.00    200.00     -0.06    -9.53     0.41      0.1371    -17.08 LEFT    5.3046E-05     39.16  1.7834E-05   -167.30
   80.00    200.00     -1.29   -12.35    -0.96      0.1109    -14.41 LEFT    4.6034E-05     37.46  1.2879E-05   -167.52
   85.00    200.00     -4.93   -17.87    -4.72      0.0853    -11.79 LEFT    3.0259E-05     35.68  6.8237E-06   -167.56
   90.00    200.00   -999.99  -999.99  -999.99      0.0000      0.00         2.3980E-15   -146.59  4.1347E-16     12.59
    0.00    205.00     -6.15   -12.77    -5.29      0.0000    -25.00 LINEAR  2.6312E-05     42.77  1.2269E-05   -137.23
    5.00    205.00     -6.16   -12.63    -5.28      0.0063    -25.40 LEFT    2.6276E-05     42.97  1.2481E-05   -137.97
   10.00    205.00     -6.19   -12.19    -5.22      0.0251    -26.58 LEFT    2.6191E-05     43.57  1.3122E-05   -140.02
   15.00    205.00     -6.21   -11.50    -5.09      0.0555    -28.43 LEFT    2.6116E-05     44.55  1.4205E-05   -143.03
   20.00    205.00     -6.20   -10.61    -4.86      0.0953    -30.75 LEFT    2.6157E-05     45.83  1.5736E-05   -146.51
   25.00    205.00     -6.10    -9.60    -4.50      0.1405    -33.29 LEFT    2.6458E-05     47.29  1.7689E-05   -150.06
   30.00    205.00     -5.86    -8.53    -3.98      0.1854    -35.69 LEFT    2.7194E-05     48.67  1.9999E-05   -153.39
   35.00    205.00     -5.44    -7.49    -3.33      0.2242    -37.58 LEFT    2.8550E-05     49.68  2.2550E-05   -156.35
   40.00    205.00     -4.81    -6.53    -2.58      0.2523    -38.58 LEFT    3.0684E-05     50.03  2.5166E-05   -158.90
   45.00    205.00     -4.00    -5.73    -1.77      0.2677    -38.45 LEFT    3.3692E-05     49.58  2.7617E-05   -161.05
   50.00    205.00     -3.06    -5.12    -0.96      0.2704    -37.18 LEFT    3.7551E-05     48.40  2.9618E-05   -162.82
   55.00    205.00     -2.08    -4.77    -0.21      0.2621    -34.93 LEFT    4.2046E-05     46.69  3.0850E-05   -164.26
   60.00    205.00     -1.17    -4.73     0.42      0.2451    -32.01 LEFT    4.6692E-05     44.72  3.0986E-05   -165.40
   65.00    205.00     -0.46    -5.09     0.83      0.2220    -28.71 LEFT    5.0669E-05     42.72  2.9730E-05   -166.28
   70.00    205.00     -0.10    -5.97     0.90      0.1952    -25.28 LEFT    5.2790E-05     40.80  2.6866E-05   -166.92
   75.00    205.00     -0.32    -7.58     0.43      0.1666    -21.85 LEFT    5.1475E-05     39.03  2.2303E-05   -167.35
   80.00    205.00     -1.55   -10.41    -1.02      0.1370    -18.48 LEFT    4.4658E-05     37.34  1.6110E-05   -167.58
   85.00    205.00     -5.20   -15.92    -4.85      0.1067    -15.15 LEFT    2.9349E-05     35.56  8.5372E-06   -167.61
   90.00    205.00   -999.99  -999.99  -999.99      0.0000      0.00         2.3258E-15   -146.71  5.1732E-16     12.54
    0.00    210.00     -6.54   -11.31    -5.29      0.0000    -30.00 LINEAR  2.5142E-05     42.77  1.4516E-05   -137.23
    5.00    210.00     -6.55   -11.16    -5.26      0.0071    -30.46 LEFT    2.5114E-05     42.97  1.4769E-05   -137.97
   10.00    210.00     -6.58   -10.72    -5.16      0.0281    -31.79 LEFT    2.5049E-05     43.55  1.5537E-05   -140.04
   15.00    210.00     -6.59   -10.03    -4.97      0.0612    -33.87 LEFT    2.5003E-05     44.51  1.6837E-05   -143.05
   20.00    210.00     -6.57    -9.13    -4.65      0.1032    -36.49 LEFT    2.5076E-05     45.76  1.8673E-05   -146.55
   25.00    210.00     -6.45    -8.10    -4.19      0.1491    -39.36 LEFT    2.5403E-05     47.17  2.1018E-05   -150.10
   30.00    210.00     -6.20    -7.02    -3.58      0.1929    -42.09 LEFT    2.6150E-05     48.50  2.3795E-05   -153.44
   35.00    210.00     -5.77    -5.97    -2.86      0.2295    -44.27 LEFT    2.7489E-05     49.46  2.6865E-05   -156.40
   40.00    210.00     -5.13    -5.00    -2.06      0.2560    -45.49 LEFT    2.9573E-05     49.77  3.0019E-05   -158.95
   45.00    210.00     -4.32    -4.19    -1.24      0.2717    -45.50 LEFT    3.2489E-05     49.31  3.2980E-05   -161.10
   50.00    210.00     -3.37    -3.57    -0.46      0.2772    -44.25 LEFT    3.6214E-05     48.13  3.5406E-05   -162.87
   55.00    210.00     -2.39    -3.21     0.23      0.2736    -41.88 LEFT    4.0539E-05     46.44  3.6913E-05   -164.31
   60.00    210.00     -1.49    -3.16     0.77      0.2619    -38.69 LEFT    4.4999E-05     44.50  3.7105E-05   -165.46
   65.00    210.00     -0.78    -3.52     1.07      0.2435    -34.96 LEFT    4.8807E-05     42.52  3.5626E-05   -166.34
   70.00    210.00     -0.43    -4.39     1.04      0.2197    -30.98 LEFT    5.0824E-05     40.63  3.2213E-05   -166.98
   75.00    210.00     -0.65    -6.00     0.46      0.1920    -26.91 LEFT    4.9536E-05     38.87  2.6753E-05   -167.41
   80.00    210.00     -1.89    -8.83    -1.09      0.1612    -22.84 LEFT    4.2961E-05     37.19  1.9331E-05   -167.64
   85.00    210.00     -5.54   -14.34    -5.00      0.1279    -18.78 LEFT    2.8229E-05     35.43  1.0246E-05   -167.67
   90.00    210.00   -999.99  -999.99  -999.99      0.0000      0.00         2.2368E-15   -146.84  6.2090E-16     12.47
    0.00    215.00     -7.03   -10.12    -5.29      0.0000    -35.00 LINEAR  2.3781E-05     42.77  1.6652E-05   -137.23
    5.00    215.00     -7.03    -9.97    -5.25      0.0077    -35.50 LEFT    2.3760E-05     42.96  1.6946E-05   -137.97
   10.00    215.00     -7.05    -9.52    -5.10      0.0301    -36.94 LEFT    2.3715E-05     43.53  1.7840E-05   -140.05
   15.00    215.00     -7.06    -8.82    -4.84      0.0646    -39.19 LEFT    2.3700E-05     44.46  1.9353E-05   -143.08
   20.00    215.00     -7.02    -7.91    -4.43      0.1069    -42.01 LEFT    2.3804E-05     45.68  2.1492E-05   -146.59
   25.00    215.00     -6.89    -6.87    -3.87      0.1511    -45.09 LEFT    2.4155E-05     47.04  2.4226E-05   -150.15
   30.00    215.00     -6.62    -5.77    -3.17      0.1916    -48.01 LEFT    2.4907E-05     48.31  2.7467E-05   -153.49
   35.00    215.00     -6.18    -4.71    -2.37      0.2243    -50.34 LEFT    2.6221E-05     49.22  3.1055E-05   -156.46
   40.00    215.00     -5.53    -3.73    -1.53      0.2479    -51.69 LEFT    2.8238E-05     49.49  3.4748E-05   -159.01
   45.00    215.00     -4.71    -2.90    -0.70      0.2629    -51.82 LEFT    3.1041E-05     49.01  3.8223E-05   -161.16
   50.00    215.00     -3.77    -2.28     0.05      0.2705    -50.67 LEFT    3.4603E-05     47.83  4.1082E-05   -162.93
   55.00    215.00     -2.79    -1.91     0.68      0.2714    -48.37 LEFT    3.8727E-05     46.17  4.2874E-05   -164.37
   60.00    215.00     -1.89    -1.85     1.14      0.2658    -45.13 LEFT    4.2967E-05     44.25  4.3136E-05   -165.52
   65.00    215.00     -1.19    -2.20     1.35      0.2539    -41.20 LEFT    4.6576E-05     42.30  4.1448E-05   -166.40
   70.00    215.00     -0.84    -3.07     1.20      0.2358    -36.85 LEFT    4.8473E-05     40.44  3.7500E-05   -167.05
   75.00    215.00     -1.07    -4.68     0.50      0.2119    -32.26 LEFT    4.7222E-05     38.70  3.1159E-05   -167.48
   80.00    215.00     -2.31    -7.50    -1.16      0.1826    -27.55 LEFT    4.0940E-05     37.03  2.2523E-05   -167.71
   85.00    215.00     -5.96   -13.01    -5.18      0.1482    -22.75 LEFT    2.6895E-05     35.28  1.1940E-05   -167.74
   90.00    215.00   -999.99  -999.99  -999.99      0.0000      0.00         2.1310E-15   -146.99  7.2362E-16     12.40
    0.00    220.00     -7.61    -9.13    -5.29      0.0000    -40.00 LINEAR  2.2239E-05     42.77  1.8661E-05   -137.23
    5.00    220.00     -7.61    -8.98    -5.23      0.0081    -40.52 LEFT    2.2226E-05     42.96  1.8996E-05   -137.98
   10.00    220.00     -7.62    -8.52    -5.04      0.0311    -42.03 LEFT    2.2200E-05     43.51  2.0013E-05   -140.07
   15.00    220.00     -7.62    -7.81    -4.70      0.0658    -44.37 LEFT    2.2213E-05     44.41  2.1734E-05   -143.11
   20.00    220.00     -7.57    -6.89    -4.20      0.1067    -47.30 LEFT    2.2345E-05     45.59  2.4170E-05   -146.63
   25.00    220.00     -7.42    -5.83    -3.55      0.1477    -50.46 LEFT    2.2716E-05     46.90  2.7287E-05   -150.21
   30.00    220.00     -7.14    -4.73    -2.76      0.1836    -53.43 LEFT    2.3465E-05     48.11  3.0986E-05   -153.55
   35.00    220.00     -6.68    -3.65    -1.90      0.2117    -55.77 LEFT    2.4741E-05     48.96  3.5086E-05   -156.52
   40.00    220.00     -6.03    -2.66    -1.02      0.2318    -57.15 LEFT    2.6674E-05     49.19  3.9315E-05   -159.07
   45.00    220.00     -5.20    -1.82    -0.18      0.2455    -57.36 LEFT    2.9340E-05     48.69  4.3304E-05   -161.22
   50.00    220.00     -4.26    -1.18     0.56      0.2542    -56.38 LEFT    3.2711E-05     47.52  4.6598E-05   -162.99
   55.00    220.00     -3.28    -0.80     1.14      0.2586    -54.26 LEFT    3.6600E-05     45.88  4.8683E-05   -164.43
   60.00    220.00     -2.38    -0.74     1.52      0.2587    -51.16 LEFT    4.0587E-05     44.00  4.9027E-05   -165.58
   65.00    220.00     -1.69    -1.08     1.64      0.2537    -47.27 LEFT    4.3969E-05     42.07  4.7146E-05   -166.47
   70.00    220.00     -1.35    -1.95     1.37      0.2427    -42.78 LEFT    4.5733E-05     40.24  4.2683E-05   -167.12
   75.00    220.00     -1.58    -3.55     0.56      0.2250    -37.85 LEFT    4.4530E-05     38.52  3.5484E-05   -167.55
   80.00    220.00     -2.82    -6.37    -1.23      0.1999    -32.61 LEFT    3.8591E-05     36.87  2.5658E-05   -167.78
   85.00    220.00     -6.47   -11.88    -5.37      0.1669    -27.12 LEFT    2.5345E-05     35.12  1.3605E-05   -167.81
   90.00    220.00   -999.99  -999.99  -999.99      0.0000      0.00         2.0081E-15   -147.14  8.2460E-16     12.33
    0.00    225.00     -8.30    -8.30    -5.29      0.0000    -45.00 LINEAR  2.0528E-05     42.77  2.0528E-05   -137.23
    5.00    225.00     -8.31    -8.15    -5.22      0.0082    -45.53 LEFT    2.0521E-05     42.95  2.0903E-05   -137.98
   10.00    225.00     -8.31    -7.69    -4.98      0.0312    -47.06 LEFT    2.0514E-05     43.49  2.2038E-05   -140.09
   15.00    225.00     -8.29    -6.96    -4.57      0.0649    -49.42 LEFT    2.0551E-05     44.37  2.3961E-05   -143.15
   20.00    225.00     -8.23    -6.03    -3.98      0.1033    -52.35 LEFT    2.0707E-05     45.50  2.6685E-05   -146.68
   25.00    225.00     -8.07    -4.96    -3.23      0.1401    -55.47 LEFT    2.1089E-05     46.75  3.0174E-05   -150.26
   30.00    225.00     -7.77    -3.84    -2.37      0.1709    -58.36 LEFT    2.1825E-05     47.91  3.4319E-05   -153.61
   35.00    225.00     -7.30    -2.75    -1.44      0.1943    -60.61 LEFT    2.3048E-05     48.70  3.8921E-05   -156.58
   40.00    225.00     -6.63    -1.75    -0.53      0.2111    -61.95 LEFT    2.4878E-05     48.89  4.3675E-05   -159.13
   45.00    225.00     -5.80    -0.90     0.32      0.2231    -62.21 LEFT    2.7381E-05     48.37  4.8171E-05   -161.28
   50.00    225.00     -4.86    -0.25     1.04      0.2321    -61.38 LEFT    3.0532E-05     47.21  5.1900E-05   -163.05
   55.00    225.00     -3.88     0.14     1.59      0.2388    -59.51 LEFT    3.4152E-05     45.58  5.4281E-05   -164.50
   60.00    225.00     -2.99     0.21     1.91      0.2431    -56.69 LEFT    3.7853E-05     43.73  5.4716E-05   -165.65
   65.00    225.00     -2.30    -0.12     1.94      0.2441    -53.03 LEFT    4.0983E-05     41.84  5.2660E-05   -166.53
   70.00    225.00     -1.96    -0.98     1.57      0.2403    -48.64 LEFT    4.2600E-05     40.03  4.7707E-05   -167.18
   75.00    225.00     -2.20    -2.58     0.63      0.2302    -43.61 LEFT    4.1458E-05     38.33  3.9682E-05   -167.62
   80.00    225.00     -3.45    -5.39    -1.30      0.2117    -38.02 LEFT    3.5914E-05     36.70  2.8704E-05   -167.85
   85.00    225.00     -7.10   -10.90    -5.59      0.1828    -31.94 LEFT    2.3582E-05     34.96  1.5224E-05   -167.89
   90.00    225.00   -999.99  -999.99  -999.99      0.0000      0.00         1.8682E-15   -147.30  9.2277E-16     12.26
    0.00    230.00     -9.13    -7.61    -5.29      0.0000    -50.00 LINEAR  1.8661E-05     42.77  2.2239E-05   -137.23
    5.00    230.00     -9.13    -7.45    -5.20      0.0080    -50.52 LEFT    1.8659E-05     42.95  2.2651E-05   -137.99
   10.00    230.00     -9.13    -6.98    -4.91      0.0303    -52.02 LEFT    1.8667E-05     43.47  2.3899E-05   -140.10
   15.00    230.00     -9.10    -6.25    -4.43      0.0621    -54.33 LEFT    1.8724E-05     44.32  2.6015E-05   -143.18
   20.00    230.00     -9.02    -5.30    -3.76      0.0970    -57.16 LEFT    1.8898E-05     45.41  2.9014E-05   -146.72
   25.00    230.00     -8.85    -4.22    -2.93      0.1292    -60.14 LEFT    1.9282E-05     46.61  3.2859E-05   -150.31
   30.00    230.00     -8.53    -3.09    -2.00      0.1551    -62.85 LEFT    1.9990E-05     47.71  3.7432E-05   -153.67
   35.00    230.00     -8.05    -1.98    -1.02      0.1742    -64.94 LEFT    2.1144E-05     48.44  4.2516E-05   -156.64
   40.00    230.00     -7.37    -0.97    -0.07      0.1879    -66.18 LEFT    2.2849E-05     48.59  4.7779E-05   -159.19
   45.00    230.00     -6.54    -0.10     0.79      0.1982    -66.46 LEFT    2.5164E-05     48.06  5.2768E-05   -161.34
   50.00    230.00     -5.59     0.55     1.50      0.2069    -65.78 LEFT    2.8064E-05     46.90  5.6922E-05   -163.12
   55.00    230.00     -4.62     0.95     2.02      0.2147    -64.18 LEFT    3.1384E-05     45.29  5.9598E-05   -164.56
   60.00    230.00     -3.73     1.03     2.28      0.2217    -61.70 LEFT    3.4767E-05     43.47  6.0132E-05   -165.71
   65.00    230.00     -3.04     0.71     2.23      0.2271    -58.40 LEFT    3.7618E-05     41.61  5.7919E-05   -166.60
   70.00    230.00     -2.71    -0.15     1.77      0.2295    -54.30 LEFT    3.9079E-05     39.82  5.2507E-05   -167.25
   75.00    230.00     -2.95    -1.74     0.70      0.2269    -49.42 LEFT    3.8011E-05     38.15  4.3697E-05   -167.69
   80.00    230.00     -4.20    -4.55    -1.36      0.2164    -43.74 LEFT    3.2915E-05     36.52  3.1620E-05   -167.92
   85.00    230.00     -7.86   -10.06    -5.81      0.1944    -37.25 LEFT    2.1607E-05     34.79  1.6774E-05   -167.96
   90.00    230.00   -999.99  -999.99  -999.99      0.0000      0.00         1.7116E-15   -147.46  1.0168E-15     12.19
    0.00    235.00    -10.12    -7.03    -5.29      0.0000    -55.00 LINEAR  1.6652E-05     42.77  2.3781E-05   -137.23
    5.00    235.00    -10.12    -6.86    -5.18      0.0076    -55.50 LEFT    1.6655E-05     42.94  2.4227E-05   -137.99
   10.00    235.00    -10.11    -6.39    -4.85      0.0285    -56.92 LEFT    1.6674E-05     43.45  2.5581E-05   -140.12
   15.00    235.00    -10.07    -5.65    -4.31      0.0577    -59.11 LEFT    1.6746E-05     44.27  2.7878E-05   -143.21
   20.00    235.00     -9.98    -4.69    -3.56      0.0886    -61.76 LEFT    1.6927E-05     45.32  3.1134E-05   -146.77
   25.00    235.00     -9.79    -3.59    -2.66      0.1160    -64.51 LEFT    1.7301E-05     46.47  3.5313E-05   -150.36
   30.00    235.00     -9.46    -2.45    -1.66      0.1373    -66.97 LEFT    1.7969E-05     47.52  4.0290E-05   -153.72
   35.00    235.00     -8.96    -1.33    -0.64      0.1526    -68.84 LEFT    1.9035E-05     48.20  4.5830E-05   -156.70
   40.00    235.00     -8.28    -0.30     0.34      0.1636    -69.95 LEFT    2.0593E-05     48.31  5.1575E-05   -159.25
   45.00    235.00     -7.43     0.57     1.21      0.1723    -70.23 LEFT    2.2693E-05     47.76  5.7033E-05   -161.40
   50.00    235.00     -6.48     1.24     1.92      0.1803    -69.68 LEFT    2.5311E-05     46.60  6.1594E-05   -163.18
   55.00    235.00     -5.52     1.65     2.41      0.1883    -68.34 LEFT    2.8299E-05     45.02  6.4557E-05   -164.62
   60.00    235.00     -4.63     1.73     2.64      0.1966    -66.22 LEFT    3.1335E-05     43.22  6.5195E-05   -165.77
   65.00    235.00     -3.95     1.41     2.52      0.2047    -63.35 LEFT    3.3884E-05     41.39  6.2844E-05   -166.66
   70.00    235.00     -3.63     0.57     1.97      0.2116    -59.68 LEFT    3.5180E-05     39.63  5.7008E-05   -167.32
   75.00    235.00     -3.87    -1.02     0.79      0.2154    -55.16 LEFT    3.4201E-05     37.97  4.7466E-05   -167.75
   80.00    235.00     -5.12    -3.83    -1.42      0.2131    -49.66 LEFT    2.9605E-05     36.36  3.4360E-05   -167.98
   85.00    235.00     -8.78    -9.33    -6.04      0.1999    -43.03 LEFT    1.9430E-05     34.64  1.8232E-05   -168.02
   90.00    235.00   -999.99  -999.99  -999.99      0.0000      0.00         1.5390E-15   -147.62  1.1052E-15     12.12
    0.00    240.00    -11.31    -6.54    -5.29      0.0000    -60.00 LINEAR  1.4516E-05     42.77  2.5142E-05   -137.23
    5.00    240.00    -11.31    -6.38    -5.17      0.0070    -60.46 LEFT    1.4522E-05     42.94  2.5620E-05   -138.00
   10.00    240.00    -11.29    -5.90    -4.80      0.0260    -61.77 LEFT    1.4549E-05     43.43  2.7070E-05   -140.14
   15.00    240.00    -11.25    -5.15    -4.19      0.0518    -63.77 LEFT    1.4628E-05     44.23  2.9531E-05   -143.24
   20.00    240.00    -11.14    -4.17    -3.38      0.0784    -66.17 LEFT    1.4808E-05     45.24  3.3024E-05   -146.81
   25.00    240.00    -10.94    -3.07    -2.41      0.1012    -68.61 LEFT    1.5161E-05     46.35  3.7509E-05   -150.41
   30.00    240.00    -10.59    -1.91    -1.36      0.1184    -70.77 LEFT    1.5771E-05     47.34  4.2856E-05   -153.77
   35.00    240.00    -10.08    -0.78    -0.30      0.1305    -72.40 LEFT    1.6731E-05     47.97  4.8817E-05   -156.75
   40.00    240.00     -9.39     0.26     0.70      0.1392    -73.36 LEFT    1.8119E-05     48.05  5.5007E-05   -159.31
   45.00    240.00     -8.54     1.14     1.59      0.1463    -73.62 LEFT    1.9979E-05     47.48  6.0902E-05   -161.45
   50.00    240.00     -7.59     1.82     2.29      0.1533    -73.19 LEFT    2.2287E-05     46.33  6.5843E-05   -163.23
   55.00    240.00     -6.62     2.24     2.77      0.1609    -72.08 LEFT    2.4912E-05     44.76  6.9077E-05   -164.68
   60.00    240.00     -5.74     2.33     2.96      0.1694    -70.33 LEFT    2.7572E-05     42.99  6.9818E-05   -165.83
   65.00    240.00     -5.07     2.02     2.79      0.1787    -67.90 LEFT    2.9799E-05     41.18  6.7349E-05   -166.72
   70.00    240.00     -4.75     1.17     2.16      0.1881    -64.75 LEFT    3.0921E-05     39.44  6.1130E-05   -167.38
   75.00    240.00     -5.00    -0.41     0.88      0.1965    -60.74 LEFT    3.0047E-05     37.80  5.0922E-05   -167.81
   80.00    240.00     -6.25    -3.22    -1.46      0.2013    -55.68 LEFT    2.6000E-05     36.20  3.6874E-05   -168.05
   85.00    240.00     -9.91    -8.72    -6.26      0.1976    -49.24 LEFT    1.7060E-05     34.49  1.9569E-05   -168.09
   90.00    240.00   -999.99  -999.99  -999.99      0.0000      0.00         1.3512E-15   -147.76  1.1864E-15     12.06
    0.00    245.00    -12.77    -6.15    -5.29      0.0000    -65.00 LINEAR  1.2269E-05     42.77  2.6312E-05   -137.23
    5.00    245.00    -12.77    -5.98    -5.16      0.0062    -65.40 LEFT    1.2277E-05     42.93  2.6817E-05   -138.00
   10.00    245.00    -12.75    -5.50    -4.75      0.0227    -66.56 LEFT    1.2308E-05     43.42  2.8353E-05   -140.15
   15.00    245.00    -12.69    -4.73    -4.09      0.0448    -68.31 LEFT    1.2387E-05     44.19  3.0961E-05   -143.27
   20.00    245.00    -12.57    -3.75    -3.22      0.0670    -70.40 LEFT    1.2557E-05     45.17  3.4662E-05   -146.84
   25.00    245.00    -12.36    -2.64    -2.20      0.0854    -72.50 LEFT    1.2875E-05     46.23  3.9420E-05   -150.46
   30.00    245.00    -12.00    -1.47    -1.10      0.0989    -74.32 LEFT    1.3413E-05     47.18  4.5098E-05   -153.82
   35.00    245.00    -11.48    -0.33    -0.01      0.1082    -75.69 LEFT    1.4248E-05     47.77  5.1433E-05   -156.80
   40.00    245.00    -10.78     0.72     1.02      0.1150    -76.50 LEFT    1.5444E-05     47.81  5.8023E-05   -159.35
   45.00    245.00     -9.92     1.61     1.91      0.1207    -76.72 LEFT    1.7038E-05     47.23  6.4309E-05   -161.50
   50.00    245.00     -8.97     2.30     2.61      0.1266    -76.39 LEFT    1.9009E-05     46.08  6.9594E-05   -163.28
   55.00    245.00     -8.01     2.72     3.08      0.1333    -75.50 LEFT    2.1243E-05     44.53  7.3075E-05   -164.72
   60.00    245.00     -7.13     2.82     3.24      0.1412    -74.08 LEFT    2.3502E-05     42.78  7.3916E-05   -165.88
   65.00    245.00     -6.46     2.52     3.03      0.1505    -72.10 LEFT    2.5388E-05     40.99  7.1348E-05   -166.77
   70.00    245.00     -6.14     1.68     2.34      0.1608    -69.49 LEFT    2.6332E-05     39.27  6.4794E-05   -167.43
   75.00    245.00     -6.39     0.10     0.98      0.1716    -66.11 LEFT    2.5576E-05     37.65  5.3996E-05   -167.87
   80.00    245.00     -7.65    -2.70    -1.50      0.1812    -61.69 LEFT    2.2124E-05     36.07  3.9111E-05   -168.10
   85.00    245.00    -11.32    -8.21    -6.48      0.1859    -55.80 LEFT    1.4514E-05     34.36  2.0761E-05   -168.14
   90.00    245.00   -999.99  -999.99  -999.99      0.0000      0.00         1.1494E-15   -147.89  1.2587E-15     12.01
    0.00    250.00    -14.61    -5.83    -5.29      0.0000    -70.00 LINEAR  9.9294E-06     42.77  2.7281E-05   -137.23
    5.00    250.00    -14.61    -5.67    -5.15      0.0052    -70.34 LEFT    9.9375E-06     42.93  2.7810E-05   -138.01
   10.00    250.00    -14.58    -5.18    -4.71      0.0189    -71.31 LEFT    9.9683E-06     43.40  2.9419E-05   -140.16
   15.00    250.00    -14.52    -4.41    -4.00      0.0369    -72.77 LEFT    1.0041E-05     44.15  3.2151E-05   -143.29
   20.00    250.00    -14.39    -3.42    -3.08      0.0545    -74.49 LEFT    1.0190E-05     45.11  3.6031E-05   -146.87
   25.00    250.00    -14.16    -2.29    -2.02      0.0689    -76.20 LEFT    1.0462E-05     46.14  4.1021E-05   -150.49
   30.00    250.00    -13.79    -1.11    -0.88      0.0791    -77.68 LEFT    1.0913E-05     47.04  4.6981E-05   -153.86
   35.00    250.00    -13.26     0.04     0.24      0.0861    -78.77 LEFT    1.1605E-05     47.60  5.3638E-05   -156.84
   40.00    250.00    -12.55     1.09     1.28      0.0912    -79.42 LEFT    1.2589E-05     47.61  6.0571E-05   -159.39
   45.00    250.00    -11.69     2.00     2.18      0.0957    -79.61 LEFT    1.3895E-05     47.02  6.7195E-05   -161.54
   50.00    250.00    -10.74     2.69     2.88      0.1004    -79.36 LEFT    1.5504E-05     45.87  7.2777E-05   -163.32
   55.00    250.00     -9.78     3.12     3.34      0.1060    -78.68 LEFT    1.7324E-05     44.33  7.6474E-05   -164.77
   60.00    250.00     -8.90     3.22     3.48      0.1128    -77.57 LEFT    1.9159E-05     42.60  7.7404E-05   -165.92
   65.00    250.00     -8.24     2.92     3.24      0.1210    -76.02 LEFT    2.0688E-05     40.83  7.4755E-05   -166.82
   70.00    250.00     -7.92     2.09     2.50      0.1308    -73.95 LEFT    2.1447E-05     39.13  6.7920E-05   -167.47
   75.00    250.00     -8.18     0.51     1.06      0.1419    -71.23 LEFT    2.0824E-05     37.52  5.6621E-05   -167.91
   80.00    250.00     -9.44    -2.29    -1.53      0.1538    -67.60 LEFT    1.8009E-05     35.95  4.1023E-05   -168.15
   85.00    250.00    -13.10    -7.79    -6.67      0.1642    -62.57 LEFT    1.1812E-05     34.24  2.1778E-05   -168.19
   90.00    250.00   -999.99  -999.99  -999.99      0.0000      0.00         9.3543E-16   -148.01  1.3205E-15     11.96
    0.00    255.00    -17.03    -5.59    -5.29      0.0000    -75.00 LINEAR  7.5139E-06     42.77  2.8042E-05   -137.23
    5.00    255.00    -17.03    -5.43    -5.14      0.0040    -75.26 LEFT    7.5212E-06     42.93  2.8591E-05   -138.01
   10.00    255.00    -16.99    -4.93    -4.67      0.0146    -76.02 LEFT    7.5479E-06     43.39  3.0258E-05   -140.17
   15.00    255.00    -16.92    -4.16    -3.93      0.0283    -77.15 LEFT    7.6086E-06     44.13  3.3090E-05   -143.31
   20.00    255.00    -16.79    -3.16    -2.98      0.0414    -78.47 LEFT    7.7285E-06     45.06  3.7113E-05   -146.90
   25.00    255.00    -16.55    -2.03    -1.88      0.0519    -79.77 LEFT    7.9426E-06     46.06  4.2291E-05   -150.52
   30.00    255.00    -16.18    -0.84    -0.71      0.0593    -80.88 LEFT    8.2938E-06     46.93  4.8478E-05   -153.89
   35.00    255.00    -15.63     0.32     0.43      0.0643    -81.70 LEFT    8.8273E-06     47.46  5.5395E-05   -156.87
   40.00    255.00    -14.92     1.38     1.48      0.0679    -82.19 LEFT    9.5825E-06     47.45  6.2605E-05   -159.43
   45.00    255.00    -14.06     2.29     2.39      0.0712    -82.34 LEFT    1.0580E-05     46.85  6.9503E-05   -161.58
   50.00    255.00    -13.11     2.99     3.09      0.0747    -82.15 LEFT    1.1806E-05     45.70  7.5327E-05   -163.35
   55.00    255.00    -12.15     3.42     3.54      0.0790    -81.66 LEFT    1.3190E-05     44.18  7.9201E-05   -164.80
   60.00    255.00    -11.27     3.53     3.67      0.0843    -80.85 LEFT    1.4584E-05     42.46  8.0206E-05   -165.96
   65.00    255.00    -10.61     3.23     3.41      0.0910    -79.70 LEFT    1.5742E-05     40.71  7.7496E-05   -166.85
   70.00    255.00    -10.30     2.40     2.63      0.0991    -78.17 LEFT    1.6315E-05     39.02  7.0435E-05   -167.51
   75.00    255.00    -10.56     0.83     1.13      0.1090    -76.14 LEFT    1.5836E-05     37.42  5.8734E-05   -167.95
   80.00    255.00    -11.82    -1.97    -1.54      0.1204    -73.38 LEFT    1.3692E-05     35.85  4.2563E-05   -168.18
   85.00    255.00    -15.49    -7.47    -6.83      0.1329    -69.45 LEFT    8.9795E-06     34.15  2.2599E-05   -168.23
   90.00    255.00   -999.99  -999.99  -999.99      0.0000      0.00         7.1107E-16   -148.10  1.3703E-15     11.92
    0.00    260.00    -20.50    -5.43    -5.29      0.0000    -80.00 LINEAR  5.0413E-06     42.77  2.8591E-05   -137.23
    5.00    260.00    -20.49    -5.26    -5.13      0.0027    -80.18 LEFT    5.0467E-06     42.92  2.9153E-05   -138.01
   10.00    260.00    -20.46    -4.76    -4.65      0.0099    -80.69 LEFT    5.0663E-06     43.38  3.0863E-05   -140.18
   15.00    260.00    -20.38    -3.98    -3.88      0.0191    -81.46 LEFT    5.1098E-06     44.10  3.3767E-05   -143.32
   20.00    260.00    -20.24    -2.98    -2.90      0.0279    -82.36 LEFT    5.1938E-06     45.02  3.7896E-05   -146.92
   25.00    260.00    -20.00    -1.84    -1.77      0.0347    -83.23 LEFT    5.3418E-06     46.00  4.3211E-05   -150.54
   30.00    260.00    -19.61    -0.65    -0.59      0.0395    -83.98 LEFT    5.5822E-06     46.85  4.9566E-05   -153.91
   35.00    260.00    -19.07     0.52     0.56      0.0427    -84.53 LEFT    5.9451E-06     47.35  5.6673E-05   -156.90
   40.00    260.00    -18.35     1.58     1.63      0.0450    -84.85 LEFT    6.4568E-06     47.34  6.4087E-05   -159.45
   45.00    260.00    -17.49     2.50     2.54      0.0472    -84.95 LEFT    7.1310E-06     46.72  7.1187E-05   -161.60
   50.00    260.00    -16.54     3.20     3.25      0.0495    -84.83 LEFT    7.9580E-06     45.58  7.7191E-05   -163.38
   55.00    260.00    -15.57     3.64     3.69      0.0524    -84.51 LEFT    8.8901E-06     44.06  8.1196E-05   -164.82
   60.00    260.00    -14.70     3.75     3.81      0.0561    -83.98 LEFT    9.8273E-06     42.35  8.2257E-05   -165.98
   65.00    260.00    -14.04     3.46     3.53      0.0607    -83.23 LEFT    1.0605E-05     40.61  7.9504E-05   -166.88
   70.00    260.00    -13.73     2.63     2.73      0.0665    -82.22 LEFT    1.0988E-05     38.93  7.2279E-05   -167.53
   75.00    260.00    -13.99     1.05     1.19      0.0737    -80.87 LEFT    1.0663E-05     37.34  6.0285E-05   -167.97
   80.00    260.00    -15.26    -1.74    -1.55      0.0827    -79.01 LEFT    9.2181E-06     35.78  4.3693E-05   -168.21
   85.00    260.00    -18.92    -7.24    -6.96      0.0935    -76.33 LEFT    6.0448E-06     34.08  2.3201E-05   -168.25
   90.00    260.00   -999.99  -999.99  -999.99      0.0000      0.00         4.7868E-16   -148.16  1.4068E-15     11.89
    0.00    265.00    -26.49    -5.33    -5.29      0.0000    -85.00 LINEAR  2.5303E-06     42.77  2.8921E-05   -137.23
    5.00    265.00    -26.48    -5.16    -5.12      0.0014    -85.09 LEFT    2.5332E-06     42.92  2.9492E-05   -138.01
   10.00    265.00    -26.44    -4.66    -4.63      0.0050    -85.35 LEFT    2.5435E-06     43.38  3.1228E-05   -140.18
   15.00    265.00    -26.37    -3.88    -3.85      0.0096    -85.74 LEFT    2.5662E-06     44.09  3.4177E-05   -143.33
   20.00    265.00    -26.22    -2.87    -2.85      0.0140    -86.19 LEFT    2.6094E-06     45.00  3.8370E-05   -146.93
   25.00    265.00    -25.97    -1.73    -1.71      0.0174    -86.63 LEFT    2.6850E-06     45.97  4.3769E-05   -150.56
   30.00    265.00    -25.59    -0.53    -0.52      0.0197    -87.01 LEFT    2.8072E-06     46.80  5.0225E-05   -153.93
   35.00    265.00    -25.03     0.63     0.65      0.0213    -87.28 LEFT    2.9909E-06     47.29  5.7450E-05   -156.91
   40.00    265.00    -24.32     1.71     1.72      0.0224    -87.44 LEFT    3.2493E-06     47.26  6.4988E-05   -159.47
   45.00    265.00    -23.45     2.62     2.63      0.0235    -87.49 LEFT    3.5892E-06     46.65  7.2212E-05   -161.61
   50.00    265.00    -22.50     3.33     3.34      0.0247    -87.43 LEFT    4.0055E-06     45.50  7.8326E-05   -163.39
   55.00    265.00    -21.54     3.77     3.78      0.0261    -87.27 LEFT    4.4744E-06     43.99  8.2412E-05   -164.84
   60.00    265.00    -20.67     3.88     3.90      0.0280    -87.01 LEFT    4.9455E-06     42.29  8.3508E-05   -166.00
   65.00    265.00    -20.01     3.59     3.61      0.0304    -86.64 LEFT    5.3362E-06     40.55  8.0729E-05   -166.89
   70.00    265.00    -19.70     2.76     2.79      0.0334    -86.14 LEFT    5.5280E-06     38.88  7.3405E-05   -167.55
   75.00    265.00    -19.96     1.19     1.22      0.0372    -85.46 LEFT    5.3640E-06     37.29  6.1232E-05   -167.99
   80.00    265.00    -21.23    -1.61    -1.56      0.0420    -84.54 LEFT    4.6365E-06     35.73  4.4383E-05   -168.23
   85.00    265.00    -24.89    -7.10    -7.03      0.0483    -83.18 LEFT    3.0402E-06     34.04  2.3569E-05   -168.27
   90.00    265.00   -999.99  -999.99  -999.99      0.0000      0.00         2.4075E-16   -148.20  1.4292E-15     11.88
    0.00    270.00   -999.99    -5.29    -5.29      0.0000     90.00 LINEAR  4.4448E-16   -137.23  2.9032E-05   -137.23
    5.00    270.00   -185.68    -5.12    -5.12      0.0000    -90.00 LINEAR  2.7782E-14     61.18  2.9606E-05   -138.01
   10.00    270.00   -179.68    -4.63    -4.63      0.0000    -90.00 LINEAR  5.5434E-14     60.68  3.1350E-05   -140.19
   15.00    270.00   -176.30    -3.84    -3.84      0.0000    -90.00 LINEAR  8.1792E-14     60.00  3.4314E-05   -143.33
   20.00    270.00   -174.06    -2.84    -2.84      0.0000    -90.00 LINEAR  1.0576E-13     58.97  3.8529E-05   -146.93
   25.00    270.00   -172.56    -1.69    -1.69      0.0000    -90.00 LINEAR  1.2580E-13     57.42  4.3956E-05   -150.56
   30.00    270.00   -171.63    -0.49    -0.49      0.0000    -90.00 LINEAR  1.4000E-13     55.08  5.0446E-05   -153.93
   35.00    270.00   -171.24     0.67     0.67      0.0000    -90.00 LINEAR  1.4634E-13     51.50  5.7710E-05   -156.92
   40.00    270.00   -171.42     1.75     1.75      0.0000    -90.00 LINEAR  1.4333E-13     45.80  6.5291E-05   -159.47
   45.00    270.00   -172.19     2.66     2.66      0.0000    -90.00 LINEAR  1.3130E-13     36.24  7.2556E-05   -161.62
   50.00    270.00   -173.34     3.37     3.37      0.0000    -90.00 LINEAR  1.1499E-13     19.63  7.8707E-05   -163.40
   55.00    270.00   -173.93     3.81     3.81      0.0000    -90.00 LINEAR  1.0744E-13     -6.77  8.2820E-05   -164.84
   60.00    270.00   -172.69     3.93     3.93      0.0000    -90.00 LINEAR  1.2390E-13    -35.52  8.3929E-05   -166.00
   65.00    270.00   -170.45     3.63     3.63      0.0000    -90.00 LINEAR  1.6028E-13    -55.43  8.1141E-05   -166.90
   70.00    270.00   -168.61     2.81     2.81      0.0000    -90.00 LINEAR  1.9821E-13    -67.00  7.3784E-05   -167.56
   75.00    270.00   -167.72     1.23     1.23      0.0000    -90.00 LINEAR  2.1947E-13    -73.86  6.1550E-05   -168.00
   80.00    270.00   -168.23    -1.56    -1.56      0.0000     90.00 LINEAR  2.0703E-13    -78.23  4.4616E-05   -168.23
   85.00    270.00   -171.47    -7.06    -7.06      0.0000     90.00 LINEAR  1.4261E-13    -81.31  2.3693E-05   -168.27
   90.00    270.00   -999.99  -999.99  -999.99      0.0000      0.00         5.9084E-21   -255.36  1.4367E-15     11.87
    0.00    275.00    -26.49    -5.33    -5.29      0.0000     85.00 LINEAR  2.5303E-06   -137.23  2.8921E-05   -137.23
    5.00    275.00    -26.48    -5.16    -5.12      0.0014     85.09 RIGHT   2.5332E-06   -137.08  2.9492E-05   -138.01
   10.00    275.00    -26.44    -4.66    -4.63      0.0050     85.35 RIGHT   2.5435E-06   -136.62  3.1228E-05   -140.18
   15.00    275.00    -26.37    -3.88    -3.85      0.0096     85.74 RIGHT   2.5662E-06   -135.91  3.4177E-05   -143.33
   20.00    275.00    -26.22    -2.87    -2.85      0.0140     86.19 RIGHT   2.6094E-06   -135.00  3.8370E-05   -146.93
   25.00    275.00    -25.97    -1.73    -1.71      0.0174     86.63 RIGHT   2.6850E-06   -134.03  4.3769E-05   -150.56
   30.00    275.00    -25.59    -0.53    -0.52      0.0197     87.01 RIGHT   2.8072E-06   -133.20  5.0225E-05   -153.93
   35.00    275.00    -25.03     0.63     0.65      0.0213     87.28 RIGHT   2.9909E-06   -132.71  5.7450E-05   -156.91
   40.00    275.00    -24.32     1.71     1.72      0.0224     87.44 RIGHT   3.2493E-06   -132.74  6.4988E-05   -159.47
   45.00    275.00    -23.45     2.62     2.63      0.0235     87.49 RIGHT   3.5892E-06   -133.35  7.2212E-05   -161.61
   50.00    275.00    -22.50     3.33     3.34      0.0247     87.43 RIGHT   4.0055E-06   -134.50  7.8326E-05   -163.39
   55.00    275.00    -21.54     3.77     3.78      0.0261     87.27 RIGHT   4.4744E-06   -136.01  8.2412E-05   -164.84
   60.00    275.00    -20.67     3.88     3.90      0.0280     87.01 RIGHT   4.9455E-06   -137.71  8.3508E-05   -166.00
   65.00    275.00    -20.01     3.59     3.61      0.0304     86.64 RIGHT   5.3362E-06   -139.45  8.0729E-05   -166.89
   70.00    275.00    -19.70     2.76     2.79      0.0334     86.14 RIGHT   5.5280E-06   -141.12  7.3405E-05   -167.55
   75.00    275.00    -19.96     1.19     1.22      0.0372     85.46 RIGHT   5.3640E-06   -142.71  6.1232E-05   -167.99
   80.00    275.00    -21.23    -1.61    -1.56      0.0420     84.54 RIGHT   4.6365E-06   -144.27  4.4383E-05   -168.23
   85.00    275.00    -24.89    -7.10    -7.03      0.0483     83.18 RIGHT   3.0402E-06   -145.96  2.3569E-05   -168.27
   90.00    275.00   -999.99  -999.99  -999.99      0.0000      0.00         2.4073E-16     31.80  1.4292E-15     11.88
    0.00    280.00    -20.50    -5.43    -5.29      0.0000     80.00 LINEAR  5.0413E-06   -137.23  2.8591E-05   -137.23
    5.00    280.00    -20.49    -5.26    -5.13      0.0027     80.18 RIGHT   5.0467E-06   -137.08  2.9153E-05   -138.01
   10.00    280.00    -20.46    -4.76    -4.65      0.0099     80.69 RIGHT   5.0663E-06   -136.62  3.0863E-05   -140.18
   15.00    280.00    -20.38    -3.98    -3.88      0.0191     81.46 RIGHT   5.1098E-06   -135.90  3.3767E-05   -143.32
   20.00    280.00    -20.24    -2.98    -2.90      0.0279     82.36 RIGHT   5.1938E-06   -134.98  3.7896E-05   -146.92
   25.00    280.00    -20.00    -1.84    -1.77      0.0347     83.23 RIGHT   5.3418E-06   -134.00  4.3211E-05   -150.54
   30.00    280.00    -19.61    -0.65    -0.59      0.0395     83.98 RIGHT   5.5822E-06   -133.15  4.9566E-05   -153.91
   35.00    280.00    -19.07     0.52     0.56      0.0427     84.53 RIGHT   5.9451E-06   -132.65  5.6673E-05   -156.90
   40.00    280.00    -18.35     1.58     1.63      0.0450     84.85 RIGHT   6.4568E-06   -132.66  6.4087E-05   -159.45
   45.00    280.00    -17.49     2.50     2.54      0.0472     84.95 RIGHT   7.1310E-06   -133.28  7.1187E-05   -161.60
   50.00    280.00    -16.54     3.20     3.25      0.0495     84.83 RIGHT   7.9580E-06   -134.42  7.7191E-05   -163.38
   55.00    280.00    -15.57     3.64     3.69      0.0524     84.51 RIGHT   8.8901E-06   -135.94  8.1196E-05   -164.82
   60.00    280.00    -14.70     3.75     3.81      0.0561     83.98 RIGHT   9.8273E-06   -137.65  8.2257E-05   -165.98
   65.00    280.00    -14.04     3.46     3.53      0.0607     83.23 RIGHT   1.0605E-05   -139.39  7.9504E-05   -166.88
   70.00    280.00    -13.73     2.63     2.73      0.0665     82.22 RIGHT   1.0988E-05   -141.07  7.2279E-05   -167.53
   75.00    280.00    -13.99     1.05     1.19      0.0737     80.87 RIGHT   1.0663E-05   -142.66  6.0285E-05   -167.97
   80.00    280.00    -15.26    -1.74    -1.55      0.0827     79.01 RIGHT   9.2181E-06   -144.22  4.3693E-05   -168.21
   85.00    280.00    -18.92    -7.24    -6.96      0.0935     76.33 RIGHT   6.0448E-06   -145.92  2.3201E-05   -168.25
   90.00    280.00   -999.99  -999.99  -999.99      0.0000      0.00         4.7867E-16     31.84  1.4068E-15     11.89
    0.00    285.00    -17.03    -5.59    -5.29      0.0000     75.00 LINEAR  7.5139E-06   -137.23  2.8042E-05   -137.23
    5.00    285.00    -17.03    -5.43    -5.14      0.0040     75.26 RIGHT   7.5212E-06   -137.07  2.8591E-05   -138.01
   10.00    285.00    -16.99    -4.93    -4.67      0.0146     76.02 RIGHT   7.5479E-06   -136.61  3.0258E-05   -140.17
   15.00    285.00    -16.92    -4.16    -3.93      0.0283     77.15 RIGHT   7.6086E-06   -135.87  3.3090E-05   -143.31
   20.00    285.00    -16.79    -3.16    -2.98      0.0414     78.47 RIGHT   7.7285E-06   -134.94  3.7113E-05   -146.90
   25.00    285.00    -16.55    -2.03    -1.88      0.0519     79.77 RIGHT   7.9426E-06   -133.94  4.2291E-05   -150.52
   30.00    285.00    -16.18    -0.84    -0.71      0.0593     80.88 RIGHT   8.2938E-06   -133.07  4.8478E-05   -153.89
   35.00    285.00    -15.63     0.32     0.43      0.0643     81.70 RIGHT   8.8273E-06   -132.54  5.5395E-05   -156.87
   40.00    285.00    -14.92     1.38     1.48      0.0679     82.19 RIGHT   9.5825E-06   -132.55  6.2605E-05   -159.43
   45.00    285.00    -14.06     2.29     2.39      0.0712     82.34 RIGHT   1.0580E-05   -133.15  6.9503E-05   -161.58
   50.00    285.00    -13.11     2.99     3.09      0.0747     82.15 RIGHT   1.1806E-05   -134.30  7.5327E-05   -163.35
   55.00    285.00    -12.15     3.42     3.54      0.0790     81.66 RIGHT   1.3190E-05   -135.82  7.9201E-05   -164.80
   60.00    285.00    -11.27     3.53     3.67      0.0843     80.85 RIGHT   1.4584E-05   -137.54  8.0206E-05   -165.96
   65.00    285.00    -10.61     3.23     3.41      0.0910     79.70 RIGHT   1.5742E-05   -139.29  7.7496E-05   -166.85
   70.00    285.00    -10.30     2.40     2.63      0.0991     78.17 RIGHT   1.6315E-05   -140.98  7.0435E-05   -167.51
   75.00    285.00    -10.56     0.83     1.13      0.1090     76.14 RIGHT   1.5836E-05   -142.58  5.8734E-05   -167.95
   80.00    285.00    -11.82    -1.97    -1.54      0.1204     73.38 RIGHT   1.3692E-05   -144.15  4.2563E-05   -168.18
   85.00    285.00    -15.49    -7.47    -6.83      0.1329     69.45 RIGHT   8.9795E-06   -145.85  2.2599E-05   -168.23
   90.00    285.00   -999.99  -999.99  -999.99      0.0000      0.00         7.1107E-16     31.90  1.3703E-15     11.92
    0.00    290.00    -14.61    -5.83    -5.29      0.0000     70.00 LINEAR  9.9294E-06   -137.23  2.7281E-05   -137.23
    5.00    290.00    -14.61    -5.67    -5.15      0.0052     70.34 RIGHT   9.9375E-06   -137.07  2.7810E-05   -138.01
   10.00    290.00    -14.58    -5.18    -4.71      0.0189     71.31 RIGHT   9.9683E-06   -136.60  2.9419E-05   -140.16
   15.00    290.00    -14.52    -4.41    -4.00      0.0369     72.77 RIGHT   1.0041E-05   -135.85  3.2151E-05   -143.29
   20.00    290.00    -14.39    -3.42    -3.08      0.0545     74.49 RIGHT   1.0190E-05   -134.89  3.6031E-05   -146.87
   25.00    290.00    -14.16    -2.29    -2.02      0.0689     76.20 RIGHT   1.0462E-05   -133.86  4.1021E-05   -150.49
   30.00    290.00    -13.79    -1.11    -0.88      0.0791     77.68 RIGHT   1.0913E-05   -132.96  4.6981E-05   -153.86
   35.00    290.00    -13.26     0.04     0.24      0.0861     78.77 RIGHT   1.1605E-05   -132.40  5.3638E-05   -156.84
   40.00    290.00    -12.55     1.09     1.28      0.0912     79.42 RIGHT   1.2589E-05   -132.39  6.0571E-05   -159.39
   45.00    290.00    -11.69     2.00     2.18      0.0957     79.61 RIGHT   1.3895E-05   -132.98  6.7195E-05   -161.54
   50.00    290.00    -10.74     2.69     2.88      0.1004     79.36 RIGHT   1.5504E-05   -134.13  7.2777E-05   -163.32
   55.00    290.00     -9.78     3.12     3.34      0.1060     78.68 RIGHT   1.7324E-05   -135.67  7.6474E-05   -164.77
   60.00    290.00     -8.90     3.22     3.48      0.1128     77.57 RIGHT   1.9159E-05   -137.40  7.7404E-05   -165.92
   65.00    290.00     -8.24     2.92     3.24      0.1210     76.02 RIGHT   2.0688E-05   -139.17  7.4755E-05   -166.82
   70.00    290.00     -7.92     2.09     2.50      0.1308     73.95 RIGHT   2.1447E-05   -140.87  6.7920E-05   -167.47
   75.00    290.00     -8.18     0.51     1.06      0.1419     71.23 RIGHT   2.0824E-05   -142.48  5.6621E-05   -167.91
   80.00    290.00     -9.44    -2.29    -1.53      0.1538     67.60 RIGHT   1.8009E-05   -144.05  4.1023E-05   -168.15
   85.00    290.00    -13.10    -7.79    -6.67      0.1642     62.57 RIGHT   1.1812E-05   -145.76  2.1778E-05   -168.19
   90.00    290.00   -999.99  -999.99  -999.99      0.0000      0.00         9.3544E-16     32.00  1.3205E-15     11.96
    0.00    295.00    -12.77    -6.15    -5.29      0.0000     65.00 LINEAR  1.2269E-05   -137.23  2.6312E-05   -137.23
    5.00    295.00    -12.77    -5.98    -5.16      0.0062     65.40 RIGHT   1.2277E-05   -137.07  2.6817E-05   -138.00
   10.00    295.00    -12.75    -5.50    -4.75      0.0227     66.56 RIGHT   1.2308E-05   -136.58  2.8353E-05   -140.15
   15.00    295.00    -12.69    -4.73    -4.09      0.0448     68.31 RIGHT   1.2387E-05   -135.81  3.0961E-05   -143.27
   20.00    295.00    -12.57    -3.75    -3.22      0.0670     70.40 RIGHT   1.2557E-05   -134.83  3.4662E-05   -146.84
   25.00    295.00    -12.36    -2.64    -2.20      0.0854     72.50 RIGHT   1.2875E-05   -133.77  3.9420E-05   -150.46
   30.00    295.00    -12.00    -1.47    -1.10      0.0989     74.32 RIGHT   1.3413E-05   -132.82  4.5098E-05   -153.82
   35.00    295.00    -11.48    -0.33    -0.01      0.1082     75.69 RIGHT   1.4248E-05   -132.23  5.1433E-05   -156.80
   40.00    295.00    -10.78     0.72     1.02      0.1150     76.50 RIGHT   1.5444E-05   -132.19  5.8023E-05   -159.35
   45.00    295.00     -9.92     1.61     1.91      0.1207     76.72 RIGHT   1.7038E-05   -132.77  6.4309E-05   -161.50
   50.00    295.00     -8.97     2.30     2.61      0.1266     76.39 RIGHT   1.9009E-05   -133.92  6.9594E-05   -163.28
   55.00    295.00     -8.01     2.72     3.08      0.1333     75.50 RIGHT   2.1243E-05   -135.47  7.3075E-05   -164.72
   60.00    295.00     -7.13     2.82     3.24      0.1412     74.08 RIGHT   2.3502E-05   -137.22  7.3916E-05   -165.88
   65.00    295.00     -6.46     2.52     3.03      0.1505     72.10 RIGHT   2.5388E-05   -139.01  7.1348E-05   -166.77
   70.00    295.00     -6.14     1.68     2.34      0.1608     69.49 RIGHT   2.6332E-05   -140.73  6.4794E-05   -167.43
   75.00    295.00     -6.39     0.10     0.98      0.1716     66.11 RIGHT   2.5576E-05   -142.35  5.3996E-05   -167.87
   80.00    295.00     -7.65    -2.70    -1.50      0.1812     61.69 RIGHT   2.2124E-05   -143.93  3.9111E-05   -168.10
   85.00    295.00    -11.32    -8.21    -6.48      0.1859     55.80 RIGHT   1.4514E-05   -145.64  2.0761E-05   -168.14
   90.00    295.00   -999.99  -999.99  -999.99      0.0000      0.00         1.1495E-15     32.11  1.2587E-15     12.01
    0.00    300.00    -11.31    -6.54    -5.29      0.0000     60.00 LINEAR  1.4516E-05   -137.23  2.5142E-05   -137.23
    5.00    300.00    -11.31    -6.38    -5.17      0.0070     60.46 RIGHT   1.4522E-05   -137.06  2.5620E-05   -138.00
   10.00    300.00    -11.29    -5.90    -4.80      0.0260     61.77 RIGHT   1.4549E-05   -136.57  2.7070E-05   -140.14
   15.00    300.00    -11.25    -5.15    -4.19      0.0518     63.77 RIGHT   1.4628E-05   -135.77  2.9531E-05   -143.24
   20.00    300.00    -11.14    -4.17    -3.38      0.0784     66.17 RIGHT   1.4808E-05   -134.76  3.3024E-05   -146.81
   25.00    300.00    -10.94    -3.07    -2.41      0.1012     68.61 RIGHT   1.5161E-05   -133.65  3.7509E-05   -150.41
   30.00    300.00    -10.59    -1.91    -1.36      0.1184     70.77 RIGHT   1.5771E-05   -132.66  4.2856E-05   -153.77
   35.00    300.00    -10.08    -0.78    -0.30      0.1305     72.40 RIGHT   1.6731E-05   -132.03  4.8817E-05   -156.75
   40.00    300.00     -9.39     0.26     0.70      0.1392     73.36 RIGHT   1.8119E-05   -131.95  5.5007E-05   -159.31
   45.00    300.00     -8.54     1.14     1.59      0.1463     73.62 RIGHT   1.9979E-05   -132.52  6.0902E-05   -161.45
   50.00    300.00     -7.59     1.82     2.29      0.1533     73.19 RIGHT   2.2287E-05   -133.67  6.5843E-05   -163.23
   55.00    300.00     -6.62     2.24     2.77      0.1609     72.08 RIGHT   2.4912E-05   -135.24  6.9077E-05   -164.68
   60.00    300.00     -5.74     2.33     2.96      0.1694     70.33 RIGHT   2.7572E-05   -137.01  6.9818E-05   -165.83
   65.00    300.00     -5.07     2.02     2.79      0.1787     67.90 RIGHT   2.9799E-05   -138.82  6.7349E-05   -166.72
   70.00    300.00     -4.75     1.17     2.16      0.1881     64.75 RIGHT   3.0921E-05   -140.56  6.1130E-05   -167.38
   75.00    300.00     -5.00    -0.41     0.88      0.1965     60.74 RIGHT   3.0047E-05   -142.20  5.0922E-05   -167.81
   80.00    300.00     -6.25    -3.22    -1.46      0.2013     55.68 RIGHT   2.6000E-05   -143.80  3.6874E-05   -168.05
   85.00    300.00     -9.91    -8.72    -6.26      0.1976     49.24 RIGHT   1.7060E-05   -145.51  1.9569E-05   -168.09
   90.00    300.00   -999.99  -999.99  -999.99      0.0000      0.00         1.3512E-15     32.24  1.1864E-15     12.06
    0.00    305.00    -10.12    -7.03    -5.29      0.0000     55.00 LINEAR  1.6652E-05   -137.23  2.3781E-05   -137.23
    5.00    305.00    -10.12    -6.86    -5.18      0.0076     55.50 RIGHT   1.6655E-05   -137.06  2.4227E-05   -137.99
   10.00    305.00    -10.11    -6.39    -4.85      0.0285     56.92 RIGHT   1.6674E-05   -136.55  2.5581E-05   -140.12
   15.00    305.00    -10.07    -5.65    -4.31      0.0577     59.11 RIGHT   1.6746E-05   -135.73  2.7878E-05   -143.21
   20.00    305.00     -9.98    -4.69    -3.56      0.0886     61.76 RIGHT   1.6927E-05   -134.68  3.1134E-05   -146.77
   25.00    305.00     -9.79    -3.59    -2.66      0.1160     64.51 RIGHT   1.7301E-05   -133.53  3.5313E-05   -150.36
   30.00    305.00     -9.46    -2.45    -1.66      0.1373     66.97 RIGHT   1.7969E-05   -132.48  4.0290E-05   -153.72
   35.00    305.00     -8.96    -1.33    -0.64      0.1526     68.84 RIGHT   1.9035E-05   -131.80  4.5830E-05   -156.70
   40.00    305.00     -8.28    -0.30     0.34      0.1636     69.95 RIGHT   2.0593E-05   -131.69  5.1575E-05   -159.25
   45.00    305.00     -7.43     0.57     1.21      0.1723     70.23 RIGHT   2.2693E-05   -132.24  5.7033E-05   -161.40
   50.00    305.00     -6.48     1.24     1.92      0.1803     69.68 RIGHT   2.5311E-05   -133.40  6.1594E-05   -163.18
   55.00    305.00     -5.52     1.65     2.41      0.1883     68.34 RIGHT   2.8299E-05   -134.98  6.4557E-05   -164.62
   60.00    305.00     -4.63     1.73     2.64      0.1966     66.22 RIGHT   3.1335E-05   -136.78  6.5195E-05   -165.77
   65.00    305.00     -3.95     1.41     2.52      0.2047     63.35 RIGHT   3.3884E-05   -138.61  6.2844E-05   -166.66
   70.00    305.00     -3.63     0.57     1.97      0.2116     59.68 RIGHT   3.5180E-05   -140.37  5.7008E-05   -167.32
   75.00    305.00     -3.87    -1.02     0.79      0.2154     55.16 RIGHT   3.4201E-05   -142.03  4.7466E-05   -167.75
   80.00    305.00     -5.12    -3.83    -1.42      0.2131     49.66 RIGHT   2.9605E-05   -143.64  3.4360E-05   -167.98
   85.00    305.00     -8.78    -9.33    -6.04      0.1999     43.03 RIGHT   1.9430E-05   -145.36  1.8232E-05   -168.02
   90.00    305.00   -999.99  -999.99  -999.99      0.0000      0.00         1.5390E-15     32.38  1.1052E-15     12.12
    0.00    310.00     -9.13    -7.61    -5.29      0.0000     50.00 LINEAR  1.8661E-05   -137.23  2.2239E-05   -137.23
    5.00    310.00     -9.13    -7.45    -5.20      0.0080     50.52 RIGHT   1.8659E-05   -137.05  2.2651E-05   -137.99
   10.00    310.00     -9.13    -6.98    -4.91      0.0303     52.02 RIGHT   1.8667E-05   -136.53  2.3899E-05   -140.10
   15.00    310.00     -9.10    -6.25    -4.43      0.0621     54.33 RIGHT   1.8724E-05   -135.68  2.6015E-05   -143.18
   20.00    310.00     -9.02    -5.30    -3.76      0.0970     57.16 RIGHT   1.8898E-05   -134.59  2.9014E-05   -146.72
   25.00    310.00     -8.85    -4.22    -2.93      0.1292     60.14 RIGHT   1.9282E-05   -133.39  3.2859E-05   -150.31
   30.00    310.00     -8.53    -3.09    -2.00      0.1551     62.85 RIGHT   1.9990E-05   -132.29  3.7432E-05   -153.67
   35.00    310.00     -8.05    -1.98    -1.02      0.1742     64.94 RIGHT   2.1144E-05   -131.56  4.2516E-05   -156.64
   40.00    310.00     -7.37    -0.97    -0.07      0.1879     66.18 RIGHT   2.2849E-05   -131.41  4.7779E-05   -159.19
   45.00    310.00     -6.54    -0.10     0.79      0.1982     66.46 RIGHT   2.5164E-05   -131.94  5.2768E-05   -161.34
   50.00    310.00     -5.59     0.55     1.50      0.2069     65.78 RIGHT   2.8064E-05   -133.10  5.6922E-05   -163.12
   55.00    310.00     -4.62     0.95     2.02      0.2147     64.18 RIGHT   3.1384E-05   -134.71  5.9598E-05   -164.56
   60.00    310.00     -3.73     1.03     2.28      0.2217     61.70 RIGHT   3.4767E-05   -136.53  6.0132E-05   -165.71
   65.00    310.00     -3.04     0.71     2.23      0.2271     58.40 RIGHT   3.7618E-05   -138.39  5.7919E-05   -166.60
   70.00    310.00     -2.71    -0.15     1.77      0.2295     54.30 RIGHT   3.9079E-05   -140.18  5.2507E-05   -167.25
   75.00    310.00     -2.95    -1.74     0.70      0.2269     49.42 RIGHT   3.8011E-05   -141.85  4.3697E-05   -167.69
   80.00    310.00     -4.20    -4.55    -1.36      0.2164     43.74 RIGHT   3.2915E-05   -143.48  3.1620E-05   -167.92
   85.00    310.00     -7.86   -10.06    -5.81      0.1944     37.25 RIGHT   2.1607E-05   -145.21  1.6774E-05   -167.96
   90.00    310.00   -999.99  -999.99  -999.99      0.0000      0.00         1.7116E-15     32.54  1.0168E-15     12.19
    0.00    315.00     -8.30    -8.30    -5.29      0.0000     45.00 LINEAR  2.0528E-05   -137.23  2.0528E-05   -137.23
    5.00    315.00     -8.31    -8.15    -5.22      0.0082     45.53 RIGHT   2.0521E-05   -137.05  2.0903E-05   -137.98
   10.00    315.00     -8.31    -7.69    -4.98      0.0312     47.06 RIGHT   2.0514E-05   -136.51  2.2038E-05   -140.09
   15.00    315.00     -8.29    -6.96    -4.57      0.0649     49.42 RIGHT   2.0551E-05   -135.63  2.3961E-05   -143.15
   20.00    315.00     -8.23    -6.03    -3.98      0.1033     52.35 RIGHT   2.0707E-05   -134.50  2.6685E-05   -146.68
   25.00    315.00     -8.07    -4.96    -3.23      0.1401     55.47 RIGHT   2.1089E-05   -133.25  3.0174E-05   -150.26
   30.00    315.00     -7.77    -3.84    -2.37      0.1709     58.36 RIGHT   2.1825E-05   -132.09  3.4319E-05   -153.61
   35.00    315.00     -7.30    -2.75    -1.44      0.1943     60.61 RIGHT   2.3048E-05   -131.30  3.8921E-05   -156.58
   40.00    315.00     -6.63    -1.75    -0.53      0.2111     61.95 RIGHT   2.4878E-05   -131.11  4.3675E-05   -159.13
   45.00    315.00     -5.80    -0.90     0.32      0.2231     62.21 RIGHT   2.7381E-05   -131.63  4.8171E-05   -161.28
   50.00    315.00     -4.86    -0.25     1.04      0.2321     61.38 RIGHT   3.0532E-05   -132.79  5.1900E-05   -163.05
   55.00    315.00     -3.88     0.14     1.59      0.2388     59.51 RIGHT   3.4152E-05   -134.42  5.4281E-05   -164.50
   60.00    315.00     -2.99     0.21     1.91      0.2431     56.69 RIGHT   3.7853E-05   -136.27  5.4716E-05   -165.65
   65.00    315.00     -2.30    -0.12     1.94      0.2441     53.03 RIGHT   4.0983E-05   -138.16  5.2660E-05   -166.53
   70.00    315.00     -1.96    -0.98     1.57      0.2403     48.64 RIGHT   4.2600E-05   -139.97  4.7707E-05   -167.18
   75.00    315.00     -2.20    -2.58     0.63      0.2302     43.61 RIGHT   4.1458E-05   -141.67  3.9682E-05   -167.62
   80.00    315.00     -3.45    -5.39    -1.30      0.2117     38.02 RIGHT   3.5914E-05   -143.30  2.8704E-05   -167.85
   85.00    315.00     -7.10   -10.90    -5.59      0.1828     31.94 RIGHT   2.3582E-05   -145.04  1.5224E-05   -167.89
   90.00    315.00   -999.99  -999.99  -999.99      0.0000      0.00         1.8682E-15     32.70  9.2277E-16     12.26
    0.00    320.00     -7.61    -9.13    -5.29      0.0000     40.00 LINEAR  2.2239E-05   -137.23  1.8661E-05   -137.23
    5.00    320.00     -7.61    -8.98    -5.23      0.0081     40.52 RIGHT   2.2226E-05   -137.04  1.8996E-05   -137.98
   10.00    320.00     -7.62    -8.52    -5.04      0.0311     42.03 RIGHT   2.2200E-05   -136.49  2.0013E-05   -140.07
   15.00    320.00     -7.62    -7.81    -4.70      0.0658     44.37 RIGHT   2.2213E-05   -135.59  2.1734E-05   -143.11
   20.00    320.00     -7.57    -6.89    -4.20      0.1067     47.30 RIGHT   2.2345E-05   -134.41  2.4170E-05   -146.63
   25.00    320.00     -7.42    -5.83    -3.55      0.1477     50.46 RIGHT   2.2716E-05   -133.10  2.7287E-05   -150.21
   30.00    320.00     -7.14    -4.73    -2.76      0.1836     53.43 RIGHT   2.3465E-05   -131.89  3.0986E-05   -153.55
   35.00    320.00     -6.68    -3.65    -1.90      0.2117     55.77 RIGHT   2.4741E-05   -131.04  3.5086E-05   -156.52
   40.00    320.00     -6.03    -2.66    -1.02      0.2318     57.15 RIGHT   2.6674E-05   -130.81  3.9315E-05   -159.07
   45.00    320.00     -5.20    -1.82    -0.18      0.2455     57.36 RIGHT   2.9340E-05   -131.31  4.3304E-05   -161.22
   50.00    320.00     -4.26    -1.18     0.56      0.2542     56.38 RIGHT   3.2711E-05   -132.48  4.6598E-05   -162.99
   55.00    320.00     -3.28    -0.80     1.14      0.2586     54.26 RIGHT   3.6600E-05   -134.12  4.8683E-05   -164.43
   60.00    320.00     -2.38    -0.74     1.52      0.2587     51.16 RIGHT   4.0587E-05   -136.00  4.9027E-05   -165.58
   65.00    320.00     -1.69    -1.08     1.64      0.2537     47.27 RIGHT   4.3969E-05   -137.93  4.7146E-05   -166.47
   70.00    320.00     -1.35    -1.95     1.37      0.2427     42.78 RIGHT   4.5733E-05   -139.76  4.2683E-05   -167.12
   75.00    320.00     -1.58    -3.55     0.56      0.2250     37.85 RIGHT   4.4530E-05   -141.48  3.5484E-05   -167.55
   80.00    320.00     -2.82    -6.37    -1.23      0.1999     32.61 RIGHT   3.8591E-05   -143.13  2.5658E-05   -167.78
   85.00    320.00     -6.47   -11.88    -5.37      0.1669     27.12 RIGHT   2.5345E-05   -144.88  1.3605E-05   -167.81
   90.00    320.00   -999.99  -999.99  -999.99      0.0000      0.00         2.0080E-15     32.86  8.2460E-16     12.33
    0.00    325.00     -7.03   -10.12    -5.29      0.0000     35.00 LINEAR  2.3781E-05   -137.23  1.6652E-05   -137.23
    5.00    325.00     -7.03    -9.97    -5.25      0.0077     35.50 RIGHT   2.3760E-05   -137.04  1.6946E-05   -137.97
   10.00    325.00     -7.05    -9.52    -5.10      0.0301     36.94 RIGHT   2.3715E-05   -136.47  1.7840E-05   -140.05
   15.00    325.00     -7.06    -8.82    -4.84      0.0646     39.19 RIGHT   2.3700E-05   -135.54  1.9353E-05   -143.08
   20.00    325.00     -7.02    -7.91    -4.43      0.1069     42.01 RIGHT   2.3804E-05   -134.32  2.1492E-05   -146.59
   25.00    325.00     -6.89    -6.87    -3.87      0.1511     45.09 RIGHT   2.4155E-05   -132.96  2.4226E-05   -150.15
   30.00    325.00     -6.62    -5.77    -3.17      0.1916     48.01 RIGHT   2.4907E-05   -131.69  2.7467E-05   -153.49
   35.00    325.00     -6.18    -4.71    -2.37      0.2243     50.34 RIGHT   2.6221E-05   -130.78  3.1055E-05   -156.46
   40.00    325.00     -5.53    -3.73    -1.53      0.2479     51.69 RIGHT   2.8238E-05   -130.51  3.4748E-05   -159.01
   45.00    325.00     -4.71    -2.90    -0.70      0.2629     51.82 RIGHT   3.1041E-05   -130.99  3.8223E-05   -161.16
   50.00    325.00     -3.77    -2.28     0.05      0.2705     50.67 RIGHT   3.4603E-05   -132.17  4.1082E-05   -162.93
   55.00    325.00     -2.79    -1.91     0.68      0.2714     48.37 RIGHT   3.8727E-05   -133.83  4.2874E-05   -164.37
   60.00    325.00     -1.89    -1.85     1.14      0.2658     45.13 RIGHT   4.2967E-05   -135.75  4.3136E-05   -165.52
   65.00    325.00     -1.19    -2.20     1.35      0.2539     41.20 RIGHT   4.6576E-05   -137.70  4.1448E-05   -166.40
   70.00    325.00     -0.84    -3.07     1.20      0.2358     36.85 RIGHT   4.8473E-05   -139.56  3.7500E-05   -167.05
   75.00    325.00     -1.07    -4.68     0.50      0.2119     32.26 RIGHT   4.7222E-05   -141.30  3.1159E-05   -167.48
   80.00    325.00     -2.31    -7.50    -1.16      0.1826     27.55 RIGHT   4.0940E-05   -142.97  2.2523E-05   -167.71
   85.00    325.00     -5.96   -13.01    -5.18      0.1482     22.75 RIGHT   2.6895E-05   -144.72  1.1940E-05   -167.74
   90.00    325.00   -999.99  -999.99  -999.99      0.0000      0.00         2.1310E-15     33.01  7.2361E-16     12.41
    0.00    330.00     -6.54   -11.31    -5.29      0.0000     30.00 LINEAR  2.5142E-05   -137.23  1.4516E-05   -137.23
    5.00    330.00     -6.55   -11.16    -5.26      0.0071     30.46 RIGHT   2.5114E-05   -137.03  1.4769E-05   -137.97
   10.00    330.00     -6.58   -10.72    -5.16      0.0281     31.79 RIGHT   2.5049E-05   -136.45  1.5537E-05   -140.04
   15.00    330.00     -6.59   -10.03    -4.97      0.0612     33.87 RIGHT   2.5003E-05   -135.49  1.6837E-05   -143.05
   20.00    330.00     -6.57    -9.13    -4.65      0.1032     36.49 RIGHT   2.5076E-05   -134.24  1.8673E-05   -146.55
   25.00    330.00     -6.45    -8.10    -4.19      0.1491     39.36 RIGHT   2.5403E-05   -132.83  2.1018E-05   -150.10
   30.00    330.00     -6.20    -7.02    -3.58      0.1929     42.09 RIGHT   2.6150E-05   -131.50  2.3795E-05   -153.44
   35.00    330.00     -5.77    -5.97    -2.86      0.2295     44.27 RIGHT   2.7489E-05   -130.54  2.6865E-05   -156.40
   40.00    330.00     -5.13    -5.00    -2.06      0.2560     45.49 RIGHT   2.9573E-05   -130.23  3.0019E-05   -158.95
   45.00    330.00     -4.32    -4.19    -1.24      0.2717     45.50 RIGHT   3.2489E-05   -130.69  3.2980E-05   -161.10
   50.00    330.00     -3.37    -3.57    -0.46      0.2772     44.25 RIGHT   3.6214E-05   -131.87  3.5406E-05   -162.87
   55.00    330.00     -2.39    -3.21     0.23      0.2736     41.88 RIGHT   4.0539E-05   -133.56  3.6913E-05   -164.31
   60.00    330.00     -1.49    -3.16     0.77      0.2619     38.69 RIGHT   4.4999E-05   -135.50  3.7105E-05   -165.46
   65.00    330.00     -0.78    -3.52     1.07      0.2435     34.96 RIGHT   4.8807E-05   -137.48  3.5626E-05   -166.34
   70.00    330.00     -0.43    -4.39     1.04      0.2197     30.98 RIGHT   5.0824E-05   -139.37  3.2213E-05   -166.98
   75.00    330.00     -0.65    -6.00     0.46      0.1920     26.91 RIGHT   4.9536E-05   -141.13  2.6753E-05   -167.41
   80.00    330.00     -1.89    -8.83    -1.09      0.1612     22.84 RIGHT   4.2961E-05   -142.81  1.9331E-05   -167.64
   85.00    330.00     -5.54   -14.34    -5.00      0.1279     18.78 RIGHT   2.8229E-05   -144.57  1.0246E-05   -167.67
   90.00    330.00   -999.99  -999.99  -999.99      0.0000      0.00         2.2369E-15     33.16  6.2090E-16     12.47
    0.00    335.00     -6.15   -12.77    -5.29      0.0000     25.00 LINEAR  2.6312E-05   -137.23  1.2269E-05   -137.23
    5.00    335.00     -6.16   -12.63    -5.28      0.0063     25.40 RIGHT   2.6276E-05   -137.03  1.2481E-05   -137.97
   10.00    335.00     -6.19   -12.19    -5.22      0.0251     26.58 RIGHT   2.6191E-05   -136.43  1.3122E-05   -140.02
   15.00    335.00     -6.21   -11.50    -5.09      0.0555     28.43 RIGHT   2.6116E-05   -135.45  1.4205E-05   -143.03
   20.00    335.00     -6.20   -10.61    -4.86      0.0953     30.75 RIGHT   2.6157E-05   -134.17  1.5736E-05   -146.51
   25.00    335.00     -6.10    -9.60    -4.50      0.1405     33.29 RIGHT   2.6458E-05   -132.71  1.7689E-05   -150.06
   30.00    335.00     -5.86    -8.53    -3.98      0.1854     35.69 RIGHT   2.7194E-05   -131.33  1.9999E-05   -153.39
   35.00    335.00     -5.44    -7.49    -3.33      0.2242     37.58 RIGHT   2.8550E-05   -130.32  2.2550E-05   -156.35
   40.00    335.00     -4.81    -6.53    -2.58      0.2523     38.58 RIGHT   3.0684E-05   -129.97  2.5166E-05   -158.90
   45.00    335.00     -4.00    -5.73    -1.77      0.2677     38.45 RIGHT   3.3692E-05   -130.42  2.7617E-05   -161.05
   50.00    335.00     -3.06    -5.12    -0.96      0.2704     37.18 RIGHT   3.7551E-05   -131.60  2.9618E-05   -162.82
   55.00    335.00     -2.08    -4.77    -0.21      0.2621     34.93 RIGHT   4.2046E-05   -133.31  3.0850E-05   -164.26
   60.00    335.00     -1.17    -4.73     0.42      0.2451     32.01 RIGHT   4.6692E-05   -135.28  3.0986E-05   -165.40
   65.00    335.00     -0.46    -5.09     0.83      0.2220     28.71 RIGHT   5.0669E-05   -137.28  2.9730E-05   -166.28
   70.00    335.00     -0.10    -5.97     0.90      0.1952     25.28 RIGHT   5.2790E-05   -139.20  2.6866E-05   -166.92
   75.00    335.00     -0.32    -7.58     0.43      0.1666     21.85 RIGHT   5.1475E-05   -140.97  2.2303E-05   -167.35
   80.00    335.00     -1.55   -10.41    -1.02      0.1370     18.48 RIGHT   4.4658E-05   -142.66  1.6110E-05   -167.58
   85.00    335.00     -5.20   -15.92    -4.85      0.1067     15.15 RIGHT   2.9349E-05   -144.44  8.5372E-06   -167.61
   90.00    335.00   -999.99  -999.99  -999.99      0.0000      0.00         2.3258E-15     33.29  5.1732E-16     12.54
    0.00    340.00     -5.83   -14.61    -5.29      0.0000     20.00 LINEAR  2.7281E-05   -137.23  9.9294E-06   -137.23
    5.00    340.00     -5.85   -14.47    -5.29      0.0053     20.34 RIGHT   2.7239E-05   -137.03  1.0099E-05   -137.96
   10.00    340.00     -5.88   -14.04    -5.26      0.0213     21.33 RIGHT   2.7136E-05   -136.41  1.0611E-05   -140.01
   15.00    340.00     -5.91   -13.35    -5.19      0.0476     22.88 RIGHT   2.7034E-05   -135.42  1.1478E-05   -143.00
   20.00    340.00     -5.91   -12.47    -5.04      0.0830     24.83 RIGHT   2.7044E-05   -134.10  1.2702E-05   -146.48
   25.00    340.00     -5.82   -11.47    -4.77      0.1247     26.93 RIGHT   2.7319E-05   -132.61  1.4262E-05   -150.02
   30.00    340.00     -5.59   -10.41    -4.36      0.1675     28.90 RIGHT   2.8042E-05   -131.18  1.6106E-05   -153.34
   35.00    340.00     -5.18    -9.38    -3.78      0.2055     30.39 RIGHT   2.9407E-05   -130.13  1.8140E-05   -156.31
   40.00    340.00     -4.56    -8.43    -3.07      0.2329     31.10 RIGHT   3.1579E-05   -129.74  2.0223E-05   -158.86
   45.00    340.00     -3.75    -7.64    -2.26      0.2467     30.86 RIGHT   3.4660E-05   -130.18  2.2170E-05   -161.00
   50.00    340.00     -2.81    -7.04    -1.42      0.2467     29.68 RIGHT   3.8626E-05   -131.37  2.3755E-05   -162.77
   55.00    340.00     -1.83    -6.69    -0.60      0.2349     27.73 RIGHT   4.3258E-05   -133.09  2.4723E-05   -164.21
   60.00    340.00     -0.92    -6.66     0.11      0.2150     25.29 RIGHT   4.8056E-05   -135.08  2.4814E-05   -165.35
   65.00    340.00     -0.20    -7.02     0.62      0.1904     22.59 RIGHT   5.2173E-05   -137.11  2.3794E-05   -166.23
   70.00    340.00      0.16    -7.91     0.79      0.1638     19.82 RIGHT   5.4381E-05   -139.05  2.1492E-05   -166.87
   75.00    340.00     -0.06    -9.53     0.41      0.1371     17.08 RIGHT   5.3046E-05   -140.84  1.7834E-05   -167.30
   80.00    340.00     -1.29   -12.35    -0.96      0.1109     14.41 RIGHT   4.6034E-05   -142.54  1.2879E-05   -167.52
   85.00    340.00     -4.93   -17.87    -4.72      0.0853     11.79 RIGHT   3.0259E-05   -144.32  6.8237E-06   -167.56
   90.00    340.00   -999.99  -999.99  -999.99      0.0000      0.00         2.3981E-15     33.41  4.1346E-16     12.59
    0.00    345.00     -5.59   -17.03    -5.29      0.0000     15.00 LINEAR  2.8042E-05   -137.23  7.5139E-06   -137.23
    5.00    345.00     -5.61   -16.89    -5.30      0.0042     15.26 RIGHT   2.7995E-05   -137.02  7.6408E-06   -137.96
   10.00    345.00     -5.65   -16.46    -5.30      0.0167     16.04 RIGHT   2.7876E-05   -136.40  8.0253E-06   -140.00
   15.00    345.00     -5.69   -15.79    -5.28      0.0377     17.24 RIGHT   2.7752E-05   -135.39  8.6750E-06   -142.99
   20.00    345.00     -5.69   -14.91    -5.20      0.0666     18.75 RIGHT   2.7736E-05   -134.05  9.5916E-06   -146.45
   25.00    345.00     -5.61   -13.91    -5.01      0.1016     20.36 RIGHT   2.7988E-05   -132.52  1.0760E-05   -149.99
   30.00    345.00     -5.39   -12.87    -4.68      0.1385     21.82 RIGHT   2.8698E-05   -131.05  1.2140E-05   -153.31
   35.00    345.00     -4.99   -11.84    -4.17      0.1718     22.87 RIGHT   3.0066E-05   -129.97  1.3660E-05   -156.27
   40.00    345.00     -4.38   -10.91    -3.50      0.1958     23.31 RIGHT   3.2266E-05   -129.56  1.5215E-05   -158.82
   45.00    345.00     -3.57   -10.11    -2.70      0.2069     23.02 RIGHT   3.5400E-05   -129.98  1.6667E-05   -160.96
   50.00    345.00     -2.63    -9.52    -1.82      0.2048     22.05 RIGHT   3.9448E-05   -131.17  1.7845E-05   -162.73
   55.00    345.00     -1.65    -9.18    -0.94      0.1921     20.54 RIGHT   4.4186E-05   -132.91  1.8560E-05   -164.17
   60.00    345.00     -0.73    -9.15    -0.15      0.1727     18.69 RIGHT   4.9102E-05   -134.92  1.8618E-05   -165.31
   65.00    345.00     -0.01    -9.52     0.45      0.1502     16.67 RIGHT   5.3329E-05   -136.97  1.7844E-05   -166.19
   70.00    345.00      0.35   -10.41     0.70      0.1271     14.60 RIGHT   5.5606E-05   -138.92  1.6110E-05   -166.83
   75.00    345.00      0.14   -12.03     0.39      0.1048     12.57 RIGHT   5.4258E-05   -140.73  1.3365E-05   -167.25
   80.00    345.00     -1.09   -14.86    -0.91      0.0838     10.59 RIGHT   4.7097E-05   -142.44  9.6489E-06   -167.48
   85.00    345.00     -4.73   -20.38    -4.62      0.0638      8.66 RIGHT   3.0962E-05   -144.22  5.1117E-06   -167.51
   90.00    345.00   -999.99  -999.99  -999.99      0.0000      0.00         2.4539E-15     33.50  3.0971E-16     12.64
    0.00    350.00     -5.43   -20.50    -5.29      0.0000     10.00 LINEAR  2.8591E-05   -137.23  5.0413E-06   -137.23
    5.00    350.00     -5.44   -20.36    -5.30      0.0028     10.18 RIGHT   2.8539E-05   -137.02  5.1258E-06   -137.96
   10.00    350.00     -5.48   -19.93    -5.33      0.0115     10.71 RIGHT   2.8409E-05   -136.39  5.3820E-06   -139.99
   15.00    350.00     -5.53   -19.26    -5.35      0.0261     11.53 RIGHT   2.8267E-05   -135.37  5.8148E-06   -142.97
   20.00    350.00     -5.54   -18.39    -5.32      0.0466     12.56 RIGHT   2.8231E-05   -134.01  6.4253E-06   -146.43
   25.00    350.00     -5.47   -17.40    -5.20      0.0719     13.64 RIGHT   2.8464E-05   -132.46  7.2030E-06   -149.96
   30.00    350.00     -5.25   -16.36    -4.93      0.0991     14.59 RIGHT   2.9163E-05   -130.96  8.1210E-06   -153.28
   35.00    350.00     -4.86   -15.34    -4.48      0.1239     15.24 RIGHT   3.0533E-05   -129.85  9.1316E-06   -156.24
   40.00    350.00     -4.25   -14.41    -3.85      0.1416     15.45 RIGHT   3.2750E-05   -129.42  1.0165E-05   -158.79
   45.00    350.00     -3.44   -13.62    -3.05      0.1492     15.20 RIGHT   3.5922E-05   -129.84  1.1128E-05   -160.93
   50.00    350.00     -2.50   -13.03    -2.14      0.1466     14.53 RIGHT   4.0028E-05   -131.03  1.1908E-05   -162.70
   55.00    350.00     -1.52   -12.70    -1.20      0.1360     13.52 RIGHT   4.4841E-05   -132.78  1.2379E-05   -164.14
   60.00    350.00     -0.60   -12.67    -0.34      0.1207     12.30 RIGHT   4.9841E-05   -134.80  1.2412E-05   -165.28
   65.00    350.00      0.12   -13.05     0.32      0.1036     10.96 RIGHT   5.4146E-05   -136.87  1.1892E-05   -166.16
   70.00    350.00      0.49   -13.94     0.64      0.0867      9.60 RIGHT   5.6473E-05   -138.83  1.0734E-05   -166.80
   75.00    350.00      0.27   -15.56     0.39      0.0708      8.26 RIGHT   5.5117E-05   -140.65  8.9020E-06   -167.22
   80.00    350.00     -0.95   -18.39    -0.88      0.0561      6.96 RIGHT   4.7850E-05   -142.37  6.4260E-06   -167.44
   85.00    350.00     -4.60   -23.91    -4.55      0.0424      5.68 RIGHT   3.1461E-05   -144.15  3.4039E-06   -167.48
   90.00    350.00   -999.99  -999.99  -999.99      0.0000      0.00         2.4935E-15     33.57  2.0623E-16     12.67
    0.00    355.00     -5.33   -26.49    -5.29      0.0000      5.00 LINEAR  2.8921E-05   -137.23  2.5303E-06   -137.23
    5.00    355.00     -5.34   -26.34    -5.31      0.0014      5.09 RIGHT   2.8867E-05   -137.02  2.5725E-06   -137.96
   10.00    355.00     -5.38   -25.92    -5.35      0.0059      5.36 RIGHT   2.8729E-05   -136.39  2.7006E-06   -139.99
   15.00    355.00     -5.43   -25.25    -5.39      0.0134      5.78 RIGHT   2.8576E-05   -135.36  2.9169E-06   -142.96
   20.00    355.00     -5.45   -24.39    -5.39      0.0240      6.30 RIGHT   2.8528E-05   -133.99  3.2218E-06   -146.42
   25.00    355.00     -5.38   -23.40    -5.31      0.0373      6.84 RIGHT   2.8750E-05   -132.42  3.6103E-06   -149.95
   30.00    355.00     -5.17   -22.36    -5.09      0.0517      7.30 RIGHT   2.9441E-05   -130.91  4.0687E-06   -153.27
   35.00    355.00     -4.78   -21.35    -4.68      0.0650      7.60 RIGHT   3.0811E-05   -129.78  4.5731E-06   -156.23
   40.00    355.00     -4.17   -20.42    -4.07      0.0743      7.68 RIGHT   3.3039E-05   -129.34  5.0885E-06   -158.77
   45.00    355.00     -3.37   -19.64    -3.27      0.0782      7.54 RIGHT   3.6233E-05   -129.75  5.5685E-06   -160.92
   50.00    355.00     -2.43   -19.05    -2.34      0.0764      7.19 RIGHT   4.0373E-05   -130.94  5.9570E-06   -162.69
   55.00    355.00     -1.44   -18.72    -1.36      0.0704      6.70 RIGHT   4.5230E-05   -132.70  6.1908E-06   -164.12
   60.00    355.00     -0.52   -18.70    -0.46      0.0620      6.09 RIGHT   5.0281E-05   -134.73  6.2057E-06   -165.26
   65.00    355.00      0.20   -19.07     0.25      0.0528      5.43 RIGHT   5.4633E-05   -136.81  5.9442E-06   -166.14
   70.00    355.00      0.57   -19.96     0.60      0.0439      4.76 RIGHT   5.6990E-05   -138.78  5.3642E-06   -166.78
   75.00    355.00      0.36   -21.59     0.38      0.0356      4.09 RIGHT   5.5630E-05   -140.60  4.4482E-06   -167.20
   80.00    355.00     -0.87   -24.42    -0.85      0.0281      3.45 RIGHT   4.8301E-05   -142.32  3.2106E-06   -167.42
   85.00    355.00     -4.51   -29.94    -4.50      0.0212      2.82 RIGHT   3.1759E-05   -144.11  1.7006E-06   -167.45
   90.00    355.00   -999.99  -999.99  -999.99      0.0000      0.00         2.5172E-15     33.61  1.0303E-16     12.69


  AVERAGE POWER GAIN:  9.8789E-01 - SOLID ANGLE USED IN AVERAGING: (+1.9722)*PI STERADIANS



  DATA CARD No:   8 EN   0     0     0     0  0.00000E+00  0.00000E+00  0.00000E+00  0.00000E+00  0.00000E+00  0.00000E+00

  TOTAL RUN TIME: 60 msec