


                               __________________________________________
                              |                                          |
                              |  NUMERICAL ELECTROMAGNETICS CODE (nec2c) |
                              |   Translated to 'C' in Double Precision  |
                              |__________________________________________|



                               ---------------- COMMENTS ----------------
                               pattern-direct-35p0-17p0-15m
                              



                               -------- STRUCTURE SPECIFICATION --------
                                     COORDINATES MUST BE INPUT IN
                                     METERS OR BE SCALED TO METERS
                                     BEFORE STRUCTURE INPUT IS ENDED

  WIRE                                                                                 SEG FIRST  LAST  TAG
   No:        X1         Y1         Z1         X2         Y2         Z2       RADIUS   No:   SEG   SEG  No:
     1    -5.18160    0.00000    0.15240   -0.01000    0.00000    0.91440    0.00024    41     1    41    1
     2    -0.01000    0.00000    0.91440    0.01000    0.00000    0.91440    0.00024     1    42    42    2
     3     0.01000    0.00000    0.91440    6.78822    0.00000    9.14400    0.00024    61    43   103    3

     TOTAL SEGMENTS USED: 103   SEGMENTS IN A SYMMETRIC CELL: 103   SYMMETRY FLAG: 0


                               ---------- SEGMENTATION DATA ----------
                                        COORDINATES IN METERS
                            I+ AND I- INDICATE THE SEGMENTS BEFORE AND AFTER I

   SEG    COORDINATES OF SEGM CENTER     SEGM    ORIENTATION ANGLES    WIRE    CONNECTION DATA   TAG
   No:       X         Y         Z      LENGTH     ALPHA      BETA    RADIUS    I-     I    I+   No:
     1   -5.1185    0.0000    0.1617    0.1275    8.3818    0.0000    0.0002     0     1     2     1
     2   -4.9924    0.0000    0.1803    0.1275    8.3818    0.0000    0.0002     1     2     3     1
     3   -4.8663    0.0000    0.1989    0.1275    8.3818    0.0000    0.0002     2     3     4     1
     4   -4.7401    0.0000    0.2174    0.1275    8.3818    0.0000    0.0002     3     4     5     1
     5   -4.6140    0.0000    0.2360    0.1275    8.3818    0.0000    0.0002     4     5     6     1
     6   -4.4878    0.0000    0.2546    0.1275    8.3818    0.0000    0.0002     5     6     7     1
     7   -4.3617    0.0000    0.2732    0.1275    8.3818    0.0000    0.0002     6     7     8     1
     8   -4.2356    0.0000    0.2918    0.1275    8.3818    0.0000    0.0002     7     8     9     1
     9   -4.1094    0.0000    0.3104    0.1275    8.3818    0.0000    0.0002     8     9    10     1
    10   -3.9833    0.0000    0.3290    0.1275    8.3818    0.0000    0.0002     9    10    11     1
    11   -3.8572    0.0000    0.3475    0.1275    8.3818    0.0000    0.0002    10    11    12     1
    12   -3.7310    0.0000    0.3661    0.1275    8.3818    0.0000    0.0002    11    12    13     1
    13   -3.6049    0.0000    0.3847    0.1275    8.3818    0.0000    0.0002    12    13    14     1
    14   -3.4788    0.0000    0.4033    0.1275    8.3818    0.0000    0.0002    13    14    15     1
    15   -3.3526    0.0000    0.4219    0.1275    8.3818    0.0000    0.0002    14    15    16     1
    16   -3.2265    0.0000    0.4405    0.1275    8.3818    0.0000    0.0002    15    16    17     1
    17   -3.1003    0.0000    0.4591    0.1275    8.3818    0.0000    0.0002    16    17    18     1
    18   -2.9742    0.0000    0.4776    0.1275    8.3818    0.0000    0.0002    17    18    19     1
    19   -2.8481    0.0000    0.4962    0.1275    8.3818    0.0000    0.0002    18    19    20     1
    20   -2.7219    0.0000    0.5148    0.1275    8.3818    0.0000    0.0002    19    20    21     1
    21   -2.5958    0.0000    0.5334    0.1275    8.3818    0.0000    0.0002    20    21    22     1
    22   -2.4697    0.0000    0.5520    0.1275    8.3818    0.0000    0.0002    21    22    23     1
    23   -2.3435    0.0000    0.5706    0.1275    8.3818    0.0000    0.0002    22    23    24     1
    24   -2.2174    0.0000    0.5892    0.1275    8.3818    0.0000    0.0002    23    24    25     1
    25   -2.0913    0.0000    0.6077    0.1275    8.3818    0.0000    0.0002    24    25    26     1
    26   -1.9651    0.0000    0.6263    0.1275    8.3818    0.0000    0.0002    25    26    27     1
    27   -1.8390    0.0000    0.6449    0.1275    8.3818    0.0000    0.0002    26    27    28     1
    28   -1.7128    0.0000    0.6635    0.1275    8.3818    0.0000    0.0002    27    28    29     1
    29   -1.5867    0.0000    0.6821    0.1275    8.3818    0.0000    0.0002    28    29    30     1
    30   -1.4606    0.0000    0.7007    0.1275    8.3818    0.0000    0.0002    29    30    31     1
    31   -1.3344    0.0000    0.7193    0.1275    8.3818    0.0000    0.0002    30    31    32     1
    32   -1.2083    0.0000    0.7378    0.1275    8.3818    0.0000    0.0002    31    32    33     1
    33   -1.0822    0.0000    0.7564    0.1275    8.3818    0.0000    0.0002    32    33    34     1
    34   -0.9560    0.0000    0.7750    0.1275    8.3818    0.0000    0.0002    33    34    35     1
    35   -0.8299    0.0000    0.7936    0.1275    8.3818    0.0000    0.0002    34    35    36     1
    36   -0.7038    0.0000    0.8122    0.1275    8.3818    0.0000    0.0002    35    36    37     1
    37   -0.5776    0.0000    0.8308    0.1275    8.3818    0.0000    0.0002    36    37    38     1
    38   -0.4515    0.0000    0.8494    0.1275    8.3818    0.0000    0.0002    37    38    39     1
    39   -0.3253    0.0000    0.8679    0.1275    8.3818    0.0000    0.0002    38    39    40     1
    40   -0.1992    0.0000    0.8865    0.1275    8.3818    0.0000    0.0002    39    40    41     1
    41   -0.0731    0.0000    0.9051    0.1275    8.3818    0.0000    0.0002    40    41    42     1
    42    0.0000    0.0000    0.9144    0.0200    0.0000    0.0000    0.0002    41    42    43     2
    43    0.0656    0.0000    0.9819    0.1748   50.5238    0.0000    0.0002    42    43    44     3
    44    0.1767    0.0000    1.1168    0.1748   50.5238    0.0000    0.0002    43    44    45     3
    45    0.2878    0.0000    1.2517    0.1748   50.5238    0.0000    0.0002    44    45    46     3
    46    0.3989    0.0000    1.3866    0.1748   50.5238    0.0000    0.0002    45    46    47     3
    47    0.5100    0.0000    1.5215    0.1748   50.5238    0.0000    0.0002    46    47    48     3
    48    0.6212    0.0000    1.6564    0.1748   50.5238    0.0000    0.0002    47    48    49     3
    49    0.7323    0.0000    1.7913    0.1748   50.5238    0.0000    0.0002    48    49    50     3
    50    0.8434    0.0000    1.9262    0.1748   50.5238    0.0000    0.0002    49    50    51     3
    51    0.9545    0.0000    2.0611    0.1748   50.5238    0.0000    0.0002    50    51    52     3
    52    1.0656    0.0000    2.1961    0.1748   50.5238    0.0000    0.0002    51    52    53     3
    53    1.1767    0.0000    2.3310    0.1748   50.5238    0.0000    0.0002    52    53    54     3
    54    1.2879    0.0000    2.4659    0.1748   50.5238    0.0000    0.0002    53    54    55     3
    55    1.3990    0.0000    2.6008    0.1748   50.5238    0.0000    0.0002    54    55    56     3
    56    1.5101    0.0000    2.7357    0.1748   50.5238    0.0000    0.0002    55    56    57     3
    57    1.6212    0.0000    2.8706    0.1748   50.5238    0.0000    0.0002    56    57    58     3
    58    1.7323    0.0000    3.0055    0.1748   50.5238    0.0000    0.0002    57    58    59     3
    59    1.8435    0.0000    3.1404    0.1748   50.5238    0.0000    0.0002    58    59    60     3
    60    1.9546    0.0000    3.2754    0.1748   50.5238    0.0000    0.0002    59    60    61     3
    61    2.0657    0.0000    3.4103    0.1748   50.5238    0.0000    0.0002    60    61    62     3
    62    2.1768    0.0000    3.5452    0.1748   50.5238    0.0000    0.0002    61    62    63     3
    63    2.2879    0.0000    3.6801    0.1748   50.5238    0.0000    0.0002    62    63    64     3
    64    2.3990    0.0000    3.8150    0.1748   50.5238    0.0000    0.0002    63    64    65     3
    65    2.5102    0.0000    3.9499    0.1748   50.5238    0.0000    0.0002    64    65    66     3
    66    2.6213    0.0000    4.0848    0.1748   50.5238    0.0000    0.0002    65    66    67     3
    67    2.7324    0.0000    4.2197    0.1748   50.5238    0.0000    0.0002    66    67    68     3
    68    2.8435    0.0000    4.3546    0.1748   50.5238    0.0000    0.0002    67    68    69     3
    69    2.9546    0.0000    4.4896    0.1748   50.5238    0.0000    0.0002    68    69    70     3
    70    3.0658    0.0000    4.6245    0.1748   50.5238    0.0000    0.0002    69    70    71     3
    71    3.1769    0.0000    4.7594    0.1748   50.5238    0.0000    0.0002    70    71    72     3
    72    3.2880    0.0000    4.8943    0.1748   50.5238    0.0000    0.0002    71    72    73     3
    73    3.3991    0.0000    5.0292    0.1748   50.5238    0.0000    0.0002    72    73    74     3
    74    3.5102    0.0000    5.1641    0.1748   50.5238    0.0000    0.0002    73    74    75     3
    75    3.6213    0.0000    5.2990    0.1748   50.5238    0.0000    0.0002    74    75    76     3
    76    3.7325    0.0000    5.4339    0.1748   50.5238    0.0000    0.0002    75    76    77     3
    77    3.8436    0.0000    5.5688    0.1748   50.5238    0.0000    0.0002    76    77    78     3
    78    3.9547    0.0000    5.7038    0.1748   50.5238    0.0000    0.0002    77    78    79     3
    79    4.0658    0.0000    5.8387    0.1748   50.5238    0.0000    0.0002    78    79    80     3
    80    4.1769    0.0000    5.9736    0.1748   50.5238    0.0000    0.0002    79    80    81     3
    81    4.2881    0.0000    6.1085    0.1748   50.5238    0.0000    0.0002    80    81    82     3
    82    4.3992    0.0000    6.2434    0.1748   50.5238    0.0000    0.0002    81    82    83     3
    83    4.5103    0.0000    6.3783    0.1748   50.5238    0.0000    0.0002    82    83    84     3
    84    4.6214    0.0000    6.5132    0.1748   50.5238    0.0000    0.0002    83    84    85     3
    85    4.7325    0.0000    6.6481    0.1748   50.5238    0.0000    0.0002    84    85    86     3
    86    4.8436    0.0000    6.7830    0.1748   50.5238    0.0000    0.0002    85    86    87     3
    87    4.9548    0.0000    6.9180    0.1748   50.5238    0.0000    0.0002    86    87    88     3
    88    5.0659    0.0000    7.0529    0.1748   50.5238    0.0000    0.0002    87    88    89     3
    89    5.1770    0.0000    7.1878    0.1748   50.5238    0.0000    0.0002    88    89    90     3
    90    5.2881    0.0000    7.3227    0.1748   50.5238    0.0000    0.0002    89    90    91     3
    91    5.3992    0.0000    7.4576    0.1748   50.5238    0.0000    0.0002    90    91    92     3
    92    5.5104    0.0000    7.5925    0.1748   50.5238    0.0000    0.0002    91    92    93     3
    93    5.6215    0.0000    7.7274    0.1748   50.5238    0.0000    0.0002    92    93    94     3
    94    5.7326    0.0000    7.8623    0.1748   50.5238    0.0000    0.0002    93    94    95     3
    95    5.8437    0.0000    7.9973    0.1748   50.5238    0.0000    0.0002    94    95    96     3
    96    5.9548    0.0000    8.1322    0.1748   50.5238    0.0000    0.0002    95    96    97     3
    97    6.0659    0.0000    8.2671    0.1748   50.5238    0.0000    0.0002    96    97    98     3
    98    6.1771    0.0000    8.4020    0.1748   50.5238    0.0000    0.0002    97    98    99     3
    99    6.2882    0.0000    8.5369    0.1748   50.5238    0.0000    0.0002    98    99   100     3
   100    6.3993    0.0000    8.6718    0.1748   50.5238    0.0000    0.0002    99   100   101     3
   101    6.5104    0.0000    8.8067    0.1748   50.5238    0.0000    0.0002   100   101   102     3
   102    6.6215    0.0000    8.9416    0.1748   50.5238    0.0000    0.0002   101   102   103     3
   103    6.7327    0.0000    9.0765    0.1748   50.5238    0.0000    0.0002   102   103     0     3



  DATA CARD No:   1 EK   0     0     0     0  0.00000E+00  0.00000E+00  0.00000E+00  0.00000E+00  0.00000E+00  0.00000E+00
  DATA CARD No:   2 LD   5     0     0     0  1.50000E+07  0.00000E+00  0.00000E+00  0.00000E+00  0.00000E+00  0.00000E+00
  DATA CARD No:   3 GN   2     0     0     0  1.30000E+01  5.00000E-03  0.00000E+00  0.00000E+00  0.00000E+00  0.00000E+00
  DATA CARD No:   4 FR   0     1     0     0  2.10500E+01  0.00000E+00  0.00000E+00  0.00000E+00  0.00000E+00  0.00000E+00
  DATA CARD No:   5 EX   0     2     1     0  1.00000E+00  0.00000E+00  0.00000E+00  0.00000E+00  0.00000E+00  0.00000E+00
  DATA CARD No:   6 PT  -1     0     0     0  0.00000E+00  0.00000E+00  0.00000E+00  0.00000E+00  0.00000E+00  0.00000E+00
  DATA CARD No:   7 RP   0    19    72  1001  0.00000E+00  0.00000E+00  5.00000E+00  5.00000E+00  1.00000E+03  0.00000E+00


                               --------- FREQUENCY --------
                                FREQUENCY : 2.1050E+01 MHz
                                WAVELENGTH: 1.4242E+01 Mtr

                        APPROXIMATE INTEGRATION EMPLOYED FOR SEGMENTS 
                        THAT ARE MORE THAN 1.000 WAVELENGTHS APART
                        THE EXTENDED THIN WIRE KERNEL WILL BE USED


                          ------ STRUCTURE IMPEDANCE LOADING ------
  LOCATION        RESISTANCE  INDUCTANCE  CAPACITANCE     IMPEDANCE (OHMS)   CONDUCTIVITY  CIRCUIT
  ITAG FROM THRU     OHMS       HENRYS      FARADS       REAL     IMAGINARY   MHOS/METER      TYPE
  ALL                                                                        1.5000E+07     WIRE  


                            -------- ANTENNA ENVIRONMENT --------
                            FINITE GROUND - SOMMERFELD SOLUTION
                            RELATIVE DIELECTRIC CONST: 13.000
                            CONDUCTIVITY:  5.000E-03 MHOS/METER
                            COMPLEX DIELECTRIC CONSTANT:  1.3000E+01-4.2698E+00j


                             ---------- MATRIX TIMING ----------
                               FILL: 10 msec  FACTOR: 0 msec


                        --------- ANTENNA INPUT PARAMETERS ---------
  TAG   SEG       VOLTAGE (VOLTS)         CURRENT (AMPS)         IMPEDANCE (OHMS)        ADMITTANCE (MHOS)     POWER
  No:   No:     REAL      IMAGINARY     REAL      IMAGINARY     REAL      IMAGINARY    REAL       IMAGINARY   (WATTS)
    2    42  1.0000E+00  0.0000E+00  6.6920E-04 -1.7245E-03  1.9557E+02  5.0398E+02  6.6920E-04 -1.7245E-03  3.3460E-04


                               ---------- POWER BUDGET ---------
                               INPUT POWER   =  3.3460E-04 Watts
                               RADIATED POWER=  2.9801E-04 Watts
                               STRUCTURE LOSS=  3.6589E-05 Watts
                               NETWORK LOSS  =  0.0000E+00 Watts
                               EFFICIENCY    =   89.06 Percent


                             ---------- RADIATION PATTERNS -----------

                             RANGE:  1.000000E+03 METERS
                             EXP(-JKR)/R:  1.00000E-03 AT PHASE:  -76.85 DEGREES

 ---- ANGLES -----     ----- POWER GAINS -----       ---- POLARIZATION ----   ---- E(THETA) ----    ----- E(PHI) ------
  THETA      PHI       VERTC    HORIZ    TOTAL       AXIAL      TILT  SENSE   MAGNITUDE    PHASE    MAGNITUDE     PHASE
 DEGREES   DEGREES        DB       DB       DB       RATIO   DEGREES            VOLTS/M   DEGREES     VOLTS/M   DEGREES
    0.00      0.00     -0.27  -999.99    -0.27      0.0000     -0.00 LINEAR  1.3731E-04   -202.26  0.0000E+00    -76.85
    5.00      0.00     -1.10  -999.99    -1.10      0.0000     -0.00 LINEAR  1.2473E-04   -200.02  0.0000E+00    -76.85
   10.00      0.00     -2.35  -999.99    -2.35      0.0000     -0.00 LINEAR  1.0809E-04   -200.05  0.0000E+00    -76.85
   15.00      0.00     -3.95  -999.99    -3.95      0.0000     -0.00 LINEAR  8.9842E-05   -203.47  0.0000E+00    -76.85
   20.00      0.00     -5.72  -999.99    -5.72      0.0000     -0.00 LINEAR  7.3336E-05   -211.82  0.0000E+00    -76.85
   25.00      0.00     -7.13  -999.99    -7.13      0.0000     -0.00 LINEAR  6.2294E-05   -225.54  0.0000E+00    -76.85
   30.00      0.00     -7.70  -999.99    -7.70      0.0000     -0.00 LINEAR  5.8368E-05   -241.19  0.0000E+00    -76.85
   35.00      0.00     -7.67  -999.99    -7.67      0.0000     -0.00 LINEAR  5.8597E-05   -253.48  0.0000E+00    -76.85
   40.00      0.00     -7.79  -999.99    -7.79      0.0000     -0.00 LINEAR  5.7773E-05     98.96  0.0000E+00    -76.85
   45.00      0.00     -8.69  -999.99    -8.69      0.0000     -0.00 LINEAR  5.2068E-05     94.30  0.0000E+00    -76.85
   50.00      0.00    -10.99  -999.99   -10.99      0.0000     -0.00 LINEAR  3.9972E-05     89.41  0.0000E+00    -76.85
   55.00      0.00    -15.94  -999.99   -15.94      0.0000     -0.00 LINEAR  2.2616E-05     75.45  0.0000E+00    -76.85
   60.00      0.00    -20.82  -999.99   -20.82      0.0000      0.00 LINEAR  1.2894E-05     -0.90  0.0000E+00    -76.85
   65.00      0.00    -13.01  -999.99   -13.01      0.0000      0.00 LINEAR  3.1690E-05    -46.64  0.0000E+00    -76.85
   70.00      0.00     -8.62  -999.99    -8.62      0.0000      0.00 LINEAR  5.2485E-05    -54.42  0.0000E+00    -76.85
   75.00      0.00     -6.65  -999.99    -6.65      0.0000      0.00 LINEAR  6.5861E-05    -56.57  0.0000E+00    -76.85
   80.00      0.00     -6.64  -999.99    -6.64      0.0000      0.00 LINEAR  6.5938E-05    -57.52  0.0000E+00    -76.85
   85.00      0.00     -9.64  -999.99    -9.64      0.0000      0.00 LINEAR  4.6697E-05    -58.59  0.0000E+00    -76.85
   90.00      0.00   -999.99  -999.99  -999.99      0.0000      0.00         3.7877E-15   -240.60  0.0000E+00    -76.85
    0.00      5.00     -0.30   -21.46    -0.27      0.0000     -5.00 LINEAR  1.3679E-04   -202.26  1.1968E-05    -22.26
    5.00      5.00     -1.14   -21.32    -1.10      0.0062     -5.59 LEFT    1.2420E-04   -200.00  1.2172E-05    -23.66
   10.00      5.00     -2.39   -21.32    -2.34      0.0113     -6.42 LEFT    1.0756E-04   -199.99  1.2167E-05    -25.81
   15.00      5.00     -4.01   -21.38    -3.93      0.0126     -7.67 LEFT    8.9316E-05   -203.39  1.2080E-05    -28.82
   20.00      5.00     -5.78   -21.41    -5.67      0.0024     -9.40 LEFT    7.2783E-05   -211.71  1.2046E-05    -32.56
   25.00      5.00     -7.22   -21.31    -7.05      0.0293    -11.05 RIGHT   6.1685E-05   -225.49  1.2177E-05    -36.62
   30.00      5.00     -7.80   -21.07    -7.60      0.0744    -11.52 RIGHT   5.7718E-05   -241.29  1.2525E-05    -40.37
   35.00      5.00     -7.76   -20.70    -7.55      0.1103    -11.13 RIGHT   5.7957E-05   -253.72  1.3064E-05    -43.19
   40.00      5.00     -7.88   -20.29    -7.64      0.1378    -11.10 RIGHT   5.7182E-05     98.61  1.3704E-05    -44.76
   45.00      5.00     -8.78   -19.91    -8.46      0.1746    -12.19 RIGHT   5.1553E-05     93.88  1.4312E-05    -45.02
   50.00      5.00    -11.08   -19.65   -10.51      0.2546    -15.29 RIGHT   3.9555E-05     88.89  1.4742E-05    -44.17
   55.00      5.00    -16.05   -19.59   -14.46      0.5222    -23.71 RIGHT   2.2328E-05     74.64  1.4850E-05    -42.51
   60.00      5.00    -20.77   -19.79   -17.24      0.3420     49.07 RIGHT   1.2967E-05     -2.29  1.4507E-05    -40.34
   65.00      5.00    -12.97   -20.35   -12.24      0.0581     22.96 LEFT    3.1821E-05    -47.18  1.3606E-05    -37.96
   70.00      5.00     -8.61   -21.39    -8.39      0.0723     12.30 LEFT    5.2554E-05    -54.89  1.2074E-05    -35.64
   75.00      5.00     -6.65   -23.12    -6.55      0.0586      7.86 LEFT    6.5880E-05    -57.04  9.8861E-06    -33.57
   80.00      5.00     -6.64   -26.03    -6.59      0.0467      5.52 LEFT    6.5929E-05    -58.00  7.0725E-06    -31.91
   85.00      5.00     -9.64   -31.60    -9.61      0.0377      4.03 LEFT    4.6682E-05    -59.07  3.7266E-06    -30.78
   90.00      5.00   -999.99  -999.99  -999.99      0.0000      0.00         3.7863E-15   -241.08  2.2540E-16   -210.23
    0.00     10.00     -0.40   -15.48    -0.27      0.0000    -10.00 LINEAR  1.3523E-04   -202.26  2.3844E-05    -22.26
    5.00     10.00     -1.25   -15.33    -1.09      0.0124    -11.17 LEFT    1.2259E-04   -199.93  2.4247E-05    -23.65
   10.00     10.00     -2.52   -15.34    -2.30      0.0226    -12.82 LEFT    1.0598E-04   -199.83  2.4235E-05    -25.79
   15.00     10.00     -4.16   -15.40    -3.84      0.0252    -15.27 LEFT    8.7743E-05   -203.13  2.4059E-05    -28.80
   20.00     10.00     -5.98   -15.42    -5.51      0.0061    -18.63 LEFT    7.1131E-05   -211.40  2.3989E-05    -32.55
   25.00     10.00     -7.48   -15.33    -6.82      0.0528    -21.88 RIGHT   5.9863E-05   -225.35  2.4244E-05    -36.65
   30.00     10.00     -8.10   -15.09    -7.30      0.1369    -23.09 RIGHT   5.5773E-05   -241.59  2.4930E-05    -40.45
   35.00     10.00     -8.05   -14.72    -7.21      0.2057    -22.68 RIGHT   5.6038E-05   -254.49  2.6003E-05    -43.36
   40.00     10.00     -8.15   -14.31    -7.21      0.2567    -22.95 RIGHT   5.5413E-05     97.54  2.7282E-05    -45.03
   45.00     10.00     -9.04   -13.93    -7.82      0.3169    -25.72 RIGHT   5.0012E-05     92.57  2.8505E-05    -45.41
   50.00     10.00    -11.36   -13.66    -9.35      0.4235    -34.06 RIGHT   3.8305E-05     87.28  2.9378E-05    -44.68
   55.00     10.00    -16.39   -13.59   -11.76      0.5694    -63.75 RIGHT   2.1474E-05     72.08  2.9612E-05    -43.12
   60.00     10.00    -20.60   -13.79   -12.97      0.2257     68.23 RIGHT   1.3224E-05     -6.44  2.8945E-05    -41.06
   65.00     10.00    -12.86   -14.34   -10.53      0.0864     40.05 LEFT    3.2230E-05    -48.80  2.7162E-05    -38.77
   70.00     10.00     -8.58   -15.38    -7.75      0.1300     23.69 LEFT    5.2775E-05    -56.30  2.4115E-05    -36.53
   75.00     10.00     -6.64   -17.11    -6.27      0.1128     15.51 LEFT    6.5950E-05    -58.44  1.9751E-05    -34.52
   80.00     10.00     -6.64   -20.02    -6.45      0.0922     10.96 LEFT    6.5910E-05    -59.41  1.4133E-05    -32.91
   85.00     10.00     -9.65   -25.58    -9.54      0.0752      8.02 LEFT    4.6642E-05    -60.50  7.4480E-06    -31.81
   90.00     10.00   -999.99  -999.99  -999.99      0.0000      0.00         3.7825E-15   -242.51  4.5050E-16   -211.27
    0.00     15.00     -0.57   -12.01    -0.27      0.0000    -15.00 LINEAR  1.3263E-04   -202.26  3.5539E-05    -22.26
    5.00     15.00     -1.44   -11.87    -1.07      0.0184    -16.73 LEFT    1.1994E-04   -199.81  3.6126E-05    -23.64
   10.00     15.00     -2.74   -11.87    -2.24      0.0337    -19.17 LEFT    1.0336E-04   -199.56  3.6103E-05    -25.77
   15.00     15.00     -4.42   -11.94    -3.71      0.0380    -22.75 LEFT    8.5140E-05   -202.67  3.5838E-05    -28.77
   20.00     15.00     -6.32   -11.96    -5.28      0.0121    -27.57 LEFT    6.8398E-05   -210.85  3.5723E-05    -32.54
   25.00     15.00     -7.93   -11.88    -6.46      0.0664    -32.29 RIGHT   5.6843E-05   -225.09  3.6087E-05    -36.69
   30.00     15.00     -8.61   -11.64    -6.86      0.1785    -34.55 RIGHT   5.2540E-05   -242.13  3.7094E-05    -40.59
   35.00     15.00     -8.56   -11.27    -6.70      0.2729    -34.73 RIGHT   5.2853E-05   -255.84  3.8685E-05    -43.64
   40.00     15.00     -8.62   -10.85    -6.59      0.3386    -35.78 RIGHT   5.2477E-05     95.63  4.0600E-05    -45.49
   45.00     15.00     -9.50   -10.47    -6.95      0.3975    -40.61 RIGHT   4.7454E-05     90.25  4.2448E-05    -46.05
   50.00     15.00    -11.84   -10.20    -7.93      0.4546    -53.27 RIGHT   3.6233E-05     84.40  4.3788E-05    -45.51
   55.00     15.00    -16.96   -10.12    -9.30      0.4093    -78.60 RIGHT   2.0093E-05     67.37  4.4182E-05    -44.14
   60.00     15.00    -20.23   -10.31    -9.89      0.1439     74.09 RIGHT   1.3789E-05    -13.11  4.3230E-05    -42.25
   65.00     15.00    -12.66   -10.85    -8.65      0.0969     51.04 LEFT    3.2968E-05    -51.43  4.0602E-05    -40.12
   70.00     15.00     -8.51   -11.88    -6.86      0.1683     33.48 LEFT    5.3190E-05    -58.63  3.6073E-05    -38.00
   75.00     15.00     -6.62   -13.61    -5.83      0.1594     22.73 LEFT    6.6104E-05    -60.76  2.9563E-05    -36.10
   80.00     15.00     -6.64   -16.51    -6.22      0.1355     16.24 LEFT    6.5909E-05    -61.76  2.1162E-05    -34.56
   85.00     15.00     -9.66   -22.07    -9.42      0.1125     11.94 LEFT    4.6593E-05    -62.87  1.1155E-05    -33.50
   90.00     15.00   -999.99  -999.99  -999.99      0.0000      0.00         3.7774E-15   -244.89  6.7475E-16   -212.99
    0.00     20.00     -0.81    -9.59    -0.27      0.0000    -20.00 LINEAR  1.2903E-04   -202.26  4.6964E-05    -22.26
    5.00     20.00     -1.72    -9.45    -1.04      0.0244    -22.28 LEFT    1.1625E-04   -199.64  4.7715E-05    -23.61
   10.00     20.00     -3.05    -9.46    -2.15      0.0446    -25.46 LEFT    9.9727E-05   -199.16  4.7675E-05    -25.73
   15.00     20.00     -4.80    -9.52    -3.54      0.0510    -30.04 LEFT    8.1535E-05   -202.00  4.7315E-05    -28.73
   20.00     20.00     -6.82    -9.56    -4.96      0.0209    -36.11 LEFT    6.4616E-05   -210.00  4.7143E-05    -32.52
   25.00     20.00     -8.60    -9.47    -6.00      0.0687    -42.08 RIGHT   5.2649E-05   -224.64  4.7592E-05    -36.74
   30.00     20.00     -9.39    -9.24    -6.30      0.1959    -45.54 RIGHT   4.8038E-05   -242.94  4.8888E-05    -40.77
   35.00     20.00     -9.32    -8.88    -6.08      0.3046    -46.77 RIGHT   4.8428E-05    102.05  5.0970E-05    -44.02
   40.00     20.00     -9.33    -8.46    -5.86      0.3735    -48.80 RIGHT   4.8410E-05     92.68  5.3508E-05    -46.11
   45.00     20.00    -10.17    -8.06    -5.98      0.4112    -54.79 RIGHT   4.3916E-05     86.65  5.5990E-05    -46.94
   50.00     20.00    -12.55    -7.78    -6.53      0.4050    -67.07 RIGHT   3.3378E-05     79.87  5.7827E-05    -46.66
   55.00     20.00    -17.77    -7.69    -7.28      0.3001    -84.84 RIGHT   1.8303E-05     59.64  5.8427E-05    -45.54
   60.00     20.00    -19.59    -7.87    -7.59      0.0922     76.37 RIGHT   1.4851E-05    -21.79  5.7244E-05    -43.89
   65.00     20.00    -12.37    -8.40    -6.94      0.1030     57.93 LEFT    3.4112E-05    -54.99  5.3829E-05    -41.96
   70.00     20.00     -8.40    -9.42    -5.87      0.1911     41.37 LEFT    5.3862E-05    -61.82  4.7874E-05    -40.03
   75.00     20.00     -6.58   -11.14    -5.28      0.1974     29.30 LEFT    6.6399E-05    -63.97  3.9264E-05    -38.27
   80.00     20.00     -6.64   -14.04    -5.91      0.1757     21.28 LEFT    6.5968E-05    -65.02  2.8123E-05    -36.84
   85.00     20.00     -9.66   -19.60    -9.24      0.1493     15.73 LEFT    4.6562E-05    -66.18  1.4829E-05    -35.84
   90.00     20.00   -999.99  -999.99  -999.99      0.0000      0.00         3.7733E-15   -248.21  8.9706E-16   -215.34
    0.00     25.00     -1.12    -7.75    -0.27      0.0000    -25.00 LINEAR  1.2445E-04   -202.26  5.8031E-05    -22.26
    5.00     25.00     -2.07    -7.62    -1.01      0.0302    -27.81 LEFT    1.1156E-04   -199.40  5.8920E-05    -23.58
   10.00     25.00     -3.46    -7.63    -2.05      0.0552    -31.66 LEFT    9.5114E-05   -198.61  5.8853E-05    -25.68
   15.00     25.00     -5.30    -7.70    -3.32      0.0641    -37.12 LEFT    7.6971E-05   -201.05  5.8391E-05    -28.67
   20.00     25.00     -7.48    -7.73    -4.60      0.0326    -44.18 LEFT    5.9836E-05   -208.76  5.8143E-05    -32.49
   25.00     25.00     -9.52    -7.66    -5.48      0.0608    -51.14 RIGHT   4.7324E-05   -223.92  5.8640E-05    -36.79
   30.00     25.00    -10.50    -7.44    -5.69      0.1916    -55.69 RIGHT   4.2299E-05   -244.12  6.0176E-05    -41.00
   35.00     25.00    -10.39    -7.08    -5.42      0.3035    -57.98 RIGHT   4.2823E-05     98.87  6.2705E-05    -44.49
   40.00     25.00    -10.29    -6.65    -5.09      0.3676    -60.66 RIGHT   4.3299E-05     88.26  6.5839E-05    -46.88
   45.00     25.00    -11.09    -6.25    -5.02      0.3824    -66.39 RIGHT   3.9495E-05     81.28  6.8954E-05    -48.04
   50.00     25.00    -13.52    -5.96    -5.26      0.3405    -76.17 RIGHT   2.9866E-05     72.97  7.1317E-05    -48.11
   55.00     25.00    -18.72    -5.86    -5.64      0.2264    -88.87 RIGHT   1.6405E-05     47.43  7.2174E-05    -47.31
   60.00     25.00    -18.61    -6.02    -5.79      0.0556     77.15 RIGHT   1.6631E-05    -31.52  7.0830E-05    -45.95
   65.00     25.00    -11.96    -6.54    -5.44      0.1091     62.27 LEFT    3.5754E-05    -59.30  6.6705E-05    -44.29
   70.00     25.00     -8.24    -7.55    -4.87      0.2048     47.47 LEFT    5.4872E-05    -65.81  5.9400E-05    -42.58
   75.00     25.00     -6.51    -9.26    -4.66      0.2274     35.08 LEFT    6.6902E-05    -68.02  4.8766E-05    -41.00
   80.00     25.00     -6.61   -12.15    -5.54      0.2124     25.97 LEFT    6.6142E-05    -69.16  3.4953E-05    -39.70
   85.00     25.00     -9.66   -17.71    -9.03      0.1854     19.32 LEFT    4.6583E-05    -70.37  1.8438E-05    -38.78
   90.00     25.00   -999.99  -999.99  -999.99      0.0000      0.00         3.7725E-15   -252.42  1.1155E-15   -218.31
    0.00     30.00     -1.52    -6.29    -0.27      0.0000    -30.00 LINEAR  1.1892E-04   -202.26  6.8656E-05    -22.26
    5.00     30.00     -2.52    -6.17    -0.96      0.0357    -33.30 LEFT    1.0591E-04   -199.09  6.9651E-05    -23.55
   10.00     30.00     -3.98    -6.18    -1.93      0.0656    -37.76 LEFT    8.9566E-05   -197.87  6.9543E-05    -25.62
   15.00     30.00     -5.94    -6.25    -3.08      0.0774    -43.95 LEFT    7.1504E-05   -199.75  6.8967E-05    -28.60
   20.00     30.00     -8.36    -6.30    -4.19      0.0466    -51.76 LEFT    5.4129E-05   -206.96  6.8615E-05    -32.45
   25.00     30.00    -10.78    -6.23    -4.93      0.0449    -59.43 RIGHT   4.0928E-05   -222.71  6.9108E-05    -36.85
   30.00     30.00    -12.05    -6.02    -5.05      0.1715    -64.78 RIGHT   3.5375E-05   -245.88  7.0817E-05    -41.25
   35.00     30.00    -11.86    -5.67    -4.74      0.2797    -67.86 RIGHT   3.6162E-05     93.96  7.3721E-05    -45.04
   40.00     30.00    -11.58    -5.25    -4.34      0.3369    -70.71 RIGHT   3.7338E-05     81.58  7.7399E-05    -47.79
   45.00     30.00    -12.28    -4.84    -4.12      0.3376    -75.43 RIGHT   3.4430E-05     73.22  8.1130E-05    -49.36
   50.00     30.00    -14.72    -4.53    -4.14      0.2823    -82.73 RIGHT   2.6015E-05     62.41  8.4034E-05    -49.83
   55.00     30.00    -19.46    -4.41    -4.28      0.1732     87.91 RIGHT   1.5080E-05     29.03  8.5201E-05    -49.42
   60.00     30.00    -17.30    -4.56    -4.34      0.0274     77.10 RIGHT   1.9317E-05    -41.23  8.3772E-05    -48.42
   65.00     30.00    -11.43    -5.07    -4.17      0.1162     64.96 LEFT    3.7986E-05    -64.15  7.9032E-05    -47.08
   70.00     30.00     -8.01    -6.06    -3.92      0.2142     52.01 LEFT    5.6297E-05    -70.46  7.0484E-05    -45.63
   75.00     30.00     -6.41    -7.77    -4.03      0.2511     39.96 LEFT    6.7683E-05    -72.82  5.7934E-05    -44.26
   80.00     30.00     -6.57   -10.65    -5.14      0.2453     30.19 LEFT    6.6487E-05    -74.10  4.1560E-05    -43.12
   85.00     30.00     -9.64   -16.20    -8.77      0.2204     22.64 LEFT    4.6690E-05    -75.40  2.1934E-05    -42.29
   90.00     30.00   -999.99  -999.99  -999.99      0.0000      0.00         3.7779E-15    102.52  1.3272E-15   -221.86
    0.00     35.00     -2.00    -5.10    -0.27      0.0000    -35.00 LINEAR  1.1248E-04   -202.26  7.8759E-05    -22.26
    5.00     35.00     -3.08    -4.98    -0.92      0.0410    -38.76 LEFT    9.9353E-05   -198.69  7.9822E-05    -23.51
   10.00     35.00     -4.63    -5.00    -1.80      0.0755    -43.76 LEFT    8.3143E-05   -196.91  7.9656E-05    -25.55
   15.00     35.00     -6.74    -5.08    -2.82      0.0906    -50.53 LEFT    6.5211E-05   -197.98  7.8946E-05    -28.52
   20.00     35.00     -9.47    -5.13    -3.77      0.0626    -58.87 LEFT    4.7604E-05   -204.31  7.8451E-05    -32.40
   25.00     35.00    -12.51    -5.09    -4.36      0.0234    -66.98 RIGHT   3.3555E-05   -220.62  7.8873E-05    -36.90
   30.00     35.00    -14.28    -4.89    -4.42      0.1418    -72.86 RIGHT   2.7350E-05   -248.73  8.0659E-05    -41.52
   35.00     35.00    -13.86    -4.55    -4.07      0.2433    -76.39 RIGHT   2.8731E-05     85.84  8.3838E-05    -45.65
   40.00     35.00    -13.20    -4.14    -3.63      0.2953    -79.09 RIGHT   3.0973E-05     71.04  8.7976E-05    -48.83
   45.00     35.00    -13.70    -3.72    -3.31      0.2905    -82.70 RIGHT   2.9271E-05     60.80  9.2272E-05    -50.86
   50.00     35.00    -15.95    -3.40    -3.17      0.2333    -88.02 RIGHT   2.2568E-05     46.15  9.5714E-05    -51.80
   55.00     35.00    -19.24    -3.27    -3.16      0.1325     84.98 RIGHT   1.5459E-05      5.29  9.7230E-05    -51.85
   60.00     35.00    -15.78    -3.40    -3.15      0.0045     76.49 RIGHT   2.3015E-05    -50.11  9.5798E-05    -51.26
   65.00     35.00    -10.80    -3.89    -3.08      0.1240     66.51 LEFT    4.0872E-05    -69.29  9.0555E-05    -50.28
   70.00     35.00     -7.73    -4.87    -3.05      0.2217     55.27 LEFT    5.8193E-05    -75.61  8.0898E-05    -49.14
   75.00     35.00     -6.27    -6.56    -3.40      0.2699     43.92 LEFT    6.8793E-05    -78.24  6.6585E-05    -48.02
   80.00     35.00     -6.50    -9.43    -4.71      0.2746     33.87 LEFT    6.7045E-05    -79.74  4.7813E-05    -47.05
   85.00     35.00     -9.60   -14.98    -8.49      0.2537     25.60 LEFT    4.6911E-05    -81.16  2.5249E-05    -46.33
   90.00     35.00   -999.99  -999.99  -999.99      0.0000      0.00         3.7918E-15     96.71  1.5282E-15   -225.93
    0.00     40.00     -2.58    -4.11    -0.27      0.0000    -40.00 LINEAR  1.0519E-04   -202.26  8.8263E-05    -22.26
    5.00     40.00     -3.75    -4.00    -0.87      0.0460    -44.18 LEFT    9.1940E-05   -198.18  8.9353E-05    -23.46
   10.00     40.00     -5.42    -4.03    -1.66      0.0849    -49.64 LEFT    7.5913E-05   -195.63  8.9104E-05    -25.46
   15.00     40.00     -7.73    -4.11    -2.54      0.1036    -56.86 LEFT    5.8198E-05   -195.52  8.8234E-05    -28.41
   20.00     40.00    -10.89    -4.18    -3.34      0.0798    -65.53 LEFT    4.0422E-05   -200.29  8.7547E-05    -32.32
   25.00     40.00    -14.94    -4.15    -3.81      0.0014    -73.89 LEFT    2.5357E-05   -216.63  8.7810E-05    -36.93
   30.00     40.00    -17.73    -3.98    -3.80      0.1072    -80.06 RIGHT   1.8386E-05   -254.33  8.9551E-05    -41.79
   35.00     40.00    -16.47    -3.67    -3.44      0.2017    -83.81 RIGHT   2.1264E-05     70.74  9.2867E-05    -46.30
   40.00     40.00    -14.98    -3.26    -2.98      0.2510    -86.25 RIGHT   2.5243E-05     53.72  9.7338E-05    -49.96
   45.00     40.00    -14.99    -2.84    -2.59      0.2461    -88.89 RIGHT   2.5210E-05     41.71  1.0211E-04    -52.52
   50.00     40.00    -16.59    -2.51    -2.35      0.1923     87.34 RIGHT   2.0985E-05     22.91  1.0605E-04    -54.00
   55.00     40.00    -17.70    -2.36    -2.24      0.1005     82.12 RIGHT   1.8454E-05    -17.76  1.0794E-04    -54.57
   60.00     40.00    -14.16    -2.47    -2.19      0.0143     75.43 LEFT    2.7735E-05    -57.81  1.0658E-04    -54.44
   65.00     40.00    -10.07    -2.94    -2.17      0.1319     67.19 LEFT    4.4427E-05    -74.46  1.0095E-04    -53.88
   70.00     40.00     -7.38    -3.90    -2.29      0.2283     57.47 LEFT    6.0567E-05    -81.07  9.0356E-05    -53.08
   75.00     40.00     -6.09    -5.58    -2.82      0.2851     46.98 LEFT    7.0239E-05    -84.12  7.4482E-05    -52.23
   80.00     40.00     -6.40    -8.45    -4.29      0.3000     36.93 LEFT    6.7826E-05    -85.93  5.3542E-05    -51.46
   85.00     40.00     -9.53   -13.99    -8.20      0.2845     28.13 LEFT    4.7254E-05    -87.53  2.8293E-05    -50.87
   90.00     40.00   -999.99  -999.99  -999.99      0.0000      0.00         3.8147E-15     90.29  1.7129E-15   -230.50
    0.00     45.00     -3.28    -3.28    -0.27      0.0000    -45.00 LINEAR  9.7094E-05   -202.26  9.7094E-05    -22.26
    5.00     45.00     -4.57    -3.18    -0.81      0.0507    -49.56 LEFT    8.3739E-05   -197.52  9.8166E-05    -23.40
   10.00     45.00     -6.38    -3.22    -1.51      0.0939    -55.40 LEFT    6.7963E-05   -193.91  9.7807E-05    -25.36
   15.00     45.00     -8.94    -3.31    -2.26      0.1164    -62.94 LEFT    5.0607E-05   -192.05  9.6742E-05    -28.29
   20.00     45.00    -12.69    -3.40    -2.91      0.0977    -71.79 LEFT    3.2862E-05   -193.83  9.5800E-05    -32.21
   25.00     45.00    -18.58    -3.40    -3.27      0.0280    -80.25 LEFT    1.6676E-05   -207.40  9.5797E-05    -36.94
   30.00     45.00    -23.93    -3.26    -3.22      0.0705    -86.57 RIGHT   9.0102E-06     88.10  9.7341E-05    -42.05
   35.00     45.00    -18.95    -2.97    -2.86      0.1587     89.60 RIGHT   1.5980E-05     40.58  1.0061E-04    -46.97
   40.00     45.00    -16.04    -2.58    -2.39      0.2073     87.40 RIGHT   2.2336E-05     27.04  1.0524E-04    -51.16
   45.00     45.00    -15.32    -2.17    -1.96      0.2059     85.56 RIGHT   2.4284E-05     15.92  1.1035E-04    -54.33
   50.00     45.00    -15.80    -1.83    -1.66      0.1582     83.00 RIGHT   2.2961E-05     -3.11  1.1471E-04    -56.42
   55.00     45.00    -15.44    -1.66    -1.49      0.0750     79.21 RIGHT   2.3947E-05    -35.25  1.1695E-04    -57.55
   60.00     45.00    -12.55    -1.76    -1.41      0.0296     73.98 LEFT    3.3401E-05    -64.33  1.1572E-04    -57.96
   65.00     45.00     -9.29    -2.21    -1.43      0.1390     67.18 LEFT    4.8593E-05    -79.48  1.0986E-04    -57.85
   70.00     45.00     -6.99    -3.15    -1.65      0.2340     58.79 LEFT    6.3355E-05    -86.62  9.8522E-05    -57.43
   75.00     45.00     -5.88    -4.82    -2.31      0.2972     49.19 LEFT    7.1959E-05    -90.27  8.1346E-05    -56.88
   80.00     45.00     -6.27    -7.67    -3.91      0.3214     39.33 LEFT    6.8780E-05    -92.50  5.8546E-05    -56.33
   85.00     45.00     -9.46   -13.21    -7.93      0.3118     30.18 LEFT    4.7688E-05    -94.34  3.0960E-05    -55.87
   90.00     45.00   -999.99  -999.99  -999.99      0.0000      0.00         3.8443E-15     83.40  1.8747E-15   -235.55
    0.00     50.00     -4.11    -2.58    -0.27      0.0000    -50.00 LINEAR  8.8263E-05   -202.26  1.0519E-04    -22.26
    5.00     50.00     -5.54    -2.50    -0.75      0.0550    -54.89 LEFT    7.4824E-05   -196.65  1.0619E-04    -23.34
   10.00     50.00     -7.55    -2.54    -1.35      0.1022    -61.03 LEFT    5.9403E-05   -191.55  1.0569E-04    -25.25
   15.00     50.00    -10.42    -2.65    -1.98      0.1288    -68.78 LEFT    4.2657E-05   -186.94  1.0439E-04    -28.15
   20.00     50.00    -14.90    -2.76    -2.50      0.1158    -77.69 LEFT    2.5467E-05   -182.67  1.0311E-04    -32.08
   25.00     50.00    -24.00    -2.79    -2.76      0.0552    -86.15 LEFT    8.9358E-06   -177.31  1.0272E-04    -36.91
   30.00     50.00    -27.80    -2.69    -2.68      0.0336     87.47 RIGHT   5.7676E-06     -4.97  1.0388E-04    -42.29
   35.00     50.00    -18.27    -2.45    -2.33      0.1163     83.59 RIGHT   1.7284E-05     -0.89  1.0689E-04    -47.64
   40.00     50.00    -15.15    -2.08    -1.87      0.1658     81.59 RIGHT   2.4757E-05     -2.74  1.1145E-04    -52.42
   45.00     50.00    -14.07    -1.68    -1.44      0.1699     80.35 RIGHT   2.8040E-05     -9.62  1.1669E-04    -56.25
   50.00     50.00    -13.85    -1.34    -1.11      0.1297     78.78 RIGHT   2.8761E-05    -24.36  1.2134E-04    -59.01
   55.00     50.00    -13.12    -1.16    -0.89      0.0550     76.16 RIGHT   3.1274E-05    -47.43  1.2389E-04    -60.80
   60.00     50.00    -11.01    -1.24    -0.80      0.0413     72.16 LEFT    3.9857E-05    -69.85  1.2284E-04    -61.78
   65.00     50.00     -8.50    -1.67    -0.85      0.1444     66.59 LEFT    5.3230E-05    -84.19  1.1687E-04    -62.17
   70.00     50.00     -6.58    -2.60    -1.14      0.2380     59.35 LEFT    6.6401E-05    -92.09  1.0502E-04    -62.18
   75.00     50.00     -5.66    -4.25    -1.89      0.3062     50.62 LEFT    7.3802E-05    -96.52  8.6863E-05    -61.96
   80.00     50.00     -6.15    -7.09    -3.59      0.3383     41.09 LEFT    6.9780E-05    -99.29  6.2597E-05    -61.64
   85.00     50.00     -9.37   -12.62    -7.69      0.3346     31.72 LEFT    4.8133E-05   -101.44  3.3128E-05    -61.32
   90.00     50.00   -999.99  -999.99  -999.99      0.0000      0.00         3.8742E-15     76.20  2.0065E-15   -241.05
    0.00     55.00     -5.10    -2.00    -0.27      0.0000    -55.00 LINEAR  7.8759E-05   -202.26  1.1248E-04    -22.26
    5.00     55.00     -6.73    -1.93    -0.69      0.0589    -60.18 LEFT    6.5279E-05   -195.46  1.1337E-04    -23.27
   10.00     55.00     -8.98    -1.99    -1.20      0.1099    -66.55 LEFT    5.0377E-05   -188.18  1.1268E-04    -25.13
   15.00     55.00    -12.22    -2.11    -1.71      0.1406    -74.40 LEFT    3.4708E-05   -179.01  1.1109E-04    -27.98
   20.00     55.00    -17.22    -2.24    -2.11      0.1338    -83.28 LEFT    1.9500E-05   -162.38  1.0940E-04    -31.91
   25.00     55.00    -23.50    -2.32    -2.28      0.0822     88.32 LEFT    9.4709E-06   -107.29  1.0847E-04    -36.84
   30.00     55.00    -19.22    -2.27    -2.18      0.0025     81.91 LEFT    1.5498E-05    -43.51  1.0905E-04    -42.47
   35.00     55.00    -15.00    -2.08    -1.86      0.0756     77.98 RIGHT   2.5185E-05    -27.81  1.1153E-04    -48.28
   40.00     55.00    -12.87    -1.75    -1.43      0.1269     76.09 RIGHT   3.2185E-05    -24.76  1.1573E-04    -53.69
   45.00     55.00    -11.95    -1.38    -1.01      0.1377     75.30 RIGHT   3.5792E-05    -28.49  1.2086E-04    -58.26
   50.00     55.00    -11.60    -1.04    -0.68      0.1063     74.52 RIGHT   3.7251E-05    -39.09  1.2561E-04    -61.78
   55.00     55.00    -11.02    -0.85    -0.46      0.0401     72.90 RIGHT   3.9815E-05    -56.14  1.2837E-04    -64.28
   60.00     55.00     -9.61    -0.91    -0.36      0.0488     69.98 LEFT    4.6873E-05    -74.56  1.2752E-04    -65.91
   65.00     55.00     -7.74    -1.33    -0.43      0.1469     65.49 LEFT    5.8112E-05    -88.54  1.2158E-04    -66.86
   70.00     55.00     -6.19    -2.24    -0.77      0.2394     59.27 LEFT    6.9457E-05    -97.36  1.0949E-04    -67.32
   75.00     55.00     -5.46    -3.87    -1.58      0.3113     51.36 LEFT    7.5524E-05   -102.71  9.0718E-05    -67.46
   80.00     55.00     -6.05    -6.70    -3.35      0.3502     42.22 LEFT    7.0617E-05   -106.13  6.5463E-05    -67.40
   85.00     55.00     -9.32   -12.22    -7.52      0.3519     32.78 LEFT    4.8453E-05   -108.66  3.4674E-05    -67.24
   90.00     55.00   -999.99  -999.99  -999.99      0.0000      0.00         3.8939E-15     68.86  2.1010E-15   -247.02
    0.00     60.00     -6.29    -1.52    -0.27      0.0000    -60.00 LINEAR  6.8656E-05   -202.26  1.1892E-04    -22.26
    5.00     60.00     -8.18    -1.47    -0.63      0.0624    -65.42 LEFT    5.5201E-05   -193.79  1.1964E-04    -23.20
   10.00     60.00    -10.75    -1.53    -1.04      0.1169    -71.94 LEFT    4.1095E-05   -183.08  1.1873E-04    -24.99
   15.00     60.00    -14.25    -1.68    -1.44      0.1517    -79.81 LEFT    2.7454E-05   -166.05  1.1679E-04    -27.78
   20.00     60.00    -18.14    -1.84    -1.74      0.1511    -88.60 LEFT    1.7544E-05   -130.68  1.1460E-04    -31.69
   25.00     60.00    -17.74    -1.96    -1.85      0.1085     83.09 LEFT    1.8378E-05    -79.27  1.1298E-04    -36.70
   30.00     60.00    -14.38    -1.98    -1.74      0.0374     76.66 LEFT    2.7056E-05    -52.04  1.1274E-04    -42.57
   35.00     60.00    -11.90    -1.86    -1.45      0.0367     72.65 RIGHT   3.5974E-05    -41.50  1.1439E-04    -48.86
   40.00     60.00    -10.47    -1.59    -1.06      0.0905     70.78 RIGHT   4.2449E-05    -38.59  1.1791E-04    -54.95
   45.00     60.00     -9.79    -1.25    -0.68      0.1091     70.28 RIGHT   4.5904E-05    -41.16  1.2262E-04    -60.33
   50.00     60.00     -9.53    -0.93    -0.37      0.0876     70.14 RIGHT   4.7267E-05    -49.26  1.2722E-04    -64.70
   55.00     60.00     -9.21    -0.74    -0.16      0.0305     69.40 RIGHT   4.9046E-05    -62.71  1.3006E-04    -68.00
   60.00     60.00     -8.35    -0.78    -0.08      0.0515     67.45 LEFT    5.4141E-05    -78.64  1.2940E-04    -70.35
   65.00     60.00     -7.05    -1.18    -0.18      0.1452     63.93 LEFT    6.2933E-05    -92.51  1.2364E-04    -71.92
   70.00     60.00     -5.85    -2.07    -0.55      0.2369     58.64 LEFT    7.2197E-05   -102.34  1.1158E-04    -72.88
   75.00     60.00     -5.32    -3.69    -1.42      0.3117     51.50 LEFT    7.6795E-05   -108.73  9.2621E-05    -73.41
   80.00     60.00     -6.00    -6.51    -3.24      0.3562     42.82 LEFT    7.1005E-05   -112.92  6.6933E-05    -73.63
   85.00     60.00     -9.32   -12.02    -7.45      0.3628     33.41 LEFT    4.8464E-05   -115.90  3.5484E-05    -73.63
   90.00     60.00   -999.99  -999.99  -999.99      0.0000      0.00         3.8887E-15     61.47  2.1506E-15   -253.47
    0.00     65.00     -7.75    -1.12    -0.27      0.0000    -65.00 LINEAR  5.8031E-05   -202.26  1.2445E-04    -22.26
    5.00     65.00    -10.02    -1.09    -0.56      0.0655    -70.62 LEFT    4.4706E-05   -191.25  1.2496E-04    -23.12
   10.00     65.00    -12.94    -1.17    -0.89      0.1231    -77.22 LEFT    3.1928E-05   -174.73  1.2378E-04    -24.83
   15.00     65.00    -16.06    -1.34    -1.19      0.1620    -85.05 LEFT    2.2305E-05   -144.90  1.2144E-04    -27.56
   20.00     65.00    -16.45    -1.54    -1.40      0.1677     86.32 LEFT    2.1307E-05   -101.04  1.1863E-04    -31.43
   25.00     65.00    -13.79    -1.72    -1.46      0.1336     78.11 LEFT    2.8966E-05    -70.49  1.1617E-04    -36.48
   30.00     65.00    -11.21    -1.82    -1.35      0.0705     71.64 LEFT    3.8955E-05    -55.92  1.1487E-04    -42.58
   35.00     65.00     -9.44    -1.78    -1.09      0.0001     67.51 LEFT    4.7778E-05    -49.35  1.1538E-04    -49.34
   40.00     65.00     -8.38    -1.60    -0.77      0.0566     65.56 RIGHT   5.3969E-05    -47.59  1.1786E-04    -56.16
   45.00     65.00     -7.89    -1.31    -0.45      0.0838     65.21 RIGHT   5.7120E-05    -49.94  1.2178E-04    -62.44
   50.00     65.00     -7.76    -1.02    -0.19      0.0734     65.56 RIGHT   5.7950E-05    -56.68  1.2596E-04    -67.77
   55.00     65.00     -7.68    -0.83    -0.02      0.0265     65.60 RIGHT   5.8473E-05    -67.96  1.2872E-04    -71.98
   60.00     65.00     -7.28    -0.86     0.03      0.0482     64.56 LEFT    6.1284E-05    -82.24  1.2822E-04    -75.14
   65.00     65.00     -6.46    -1.24    -0.10      0.1379     61.97 LEFT    6.7327E-05    -96.11  1.2276E-04    -77.39
   70.00     65.00     -5.61    -2.11    -0.51      0.2287     57.56 LEFT    7.4235E-05   -106.98  1.1104E-04    -78.92
   75.00     65.00     -5.27    -3.71    -1.41      0.3061     51.17 LEFT    7.7233E-05   -114.54  9.2359E-05    -79.88
   80.00     65.00     -6.05    -6.52    -3.27      0.3554     42.98 LEFT    7.0612E-05   -119.60  6.6848E-05    -80.40
   85.00     65.00     -9.41   -12.03    -7.51      0.3665     33.73 LEFT    4.7946E-05   -123.10  3.5474E-05    -80.58
   90.00     65.00   -999.99  -999.99  -999.99      0.0000      0.00         3.8413E-15     54.11  2.1506E-15     99.52
    0.00     70.00     -9.59    -0.81    -0.27      0.0000    -70.00 LINEAR  4.6964E-05   -202.26  1.2903E-04    -22.26
    5.00     70.00    -12.40    -0.79    -0.50      0.0680    -75.76 LEFT    3.3959E-05   -187.03  1.2930E-04    -23.03
   10.00     70.00    -15.54    -0.89    -0.75      0.1286    -82.40 LEFT    2.3682E-05   -159.76  1.2779E-04    -24.67
   15.00     70.00    -16.41    -1.09    -0.96      0.1713     89.89 LEFT    2.1409E-05   -116.67  1.2498E-04    -27.31
   20.00     70.00    -13.84    -1.33    -1.10      0.1832     81.43 LEFT    2.8802E-05    -83.25  1.2148E-04    -31.11
   25.00     70.00    -11.01    -1.58    -1.12      0.1574     73.33 LEFT    3.9887E-05    -66.61  1.1802E-04    -36.18
   30.00     70.00     -8.91    -1.78    -1.01      0.1019     66.80 LEFT    5.0798E-05    -58.34  1.1543E-04    -42.47
   35.00     70.00     -7.49    -1.85    -0.80      0.0347     62.48 LEFT    5.9764E-05    -54.53  1.1447E-04    -49.69
   40.00     70.00     -6.66    -1.77    -0.55      0.0250     60.35 RIGHT   6.5803E-05    -53.94  1.1552E-04    -57.28
   45.00     70.00     -6.30    -1.57    -0.31      0.0614     60.02 RIGHT   6.8572E-05    -56.45  1.1828E-04    -64.56
   50.00     70.00     -6.30    -1.32    -0.12      0.0637     60.73 RIGHT   6.8615E-05    -62.45  1.2172E-04    -70.98
   55.00     70.00     -6.43    -1.14    -0.01      0.0287     61.48 RIGHT   6.7589E-05    -72.33  1.2421E-04    -76.25
   60.00     70.00     -6.39    -1.17    -0.03      0.0376     61.33 LEFT    6.7871E-05    -85.45  1.2384E-04    -80.34
   65.00     70.00     -6.01    -1.53    -0.20      0.1230     59.66 LEFT    7.0884E-05    -99.36  1.1883E-04    -83.37
   70.00     70.00     -5.50    -2.38    -0.65      0.2133     56.11 LEFT    7.5160E-05   -111.29  1.0775E-04    -85.52
   75.00     70.00     -5.36    -3.96    -1.59      0.2931     50.48 LEFT    7.6437E-05   -120.11  8.9832E-05    -86.96
   80.00     70.00     -6.24    -6.75    -3.47      0.3469     42.85 LEFT    6.9092E-05   -126.16  6.5137E-05    -87.82
   85.00     70.00     -9.64   -12.24    -7.74      0.3626     33.88 LEFT    4.6676E-05   -130.25  3.4606E-05    -88.20
   90.00     70.00   -999.99  -999.99  -999.99      0.0000      0.00         3.7343E-15     46.76  2.0987E-15     91.84
    0.00     75.00    -12.01    -0.57    -0.27      0.0000    -75.00 LINEAR  3.5539E-05   -202.26  1.3263E-04    -22.26
    5.00     75.00    -15.69    -0.57    -0.44      0.0701    -80.86 LEFT    2.3270E-05   -178.74  1.3261E-04    -22.94
   10.00     75.00    -17.75    -0.70    -0.61      0.1331    -87.47 LEFT    1.8343E-05   -132.53  1.3074E-04    -24.48
   15.00     75.00    -14.90    -0.92    -0.75      0.1795     84.97 LEFT    2.5471E-05    -91.82  1.2741E-04    -27.02
   20.00     75.00    -11.46    -1.22    -0.83      0.1974     76.72 LEFT    3.7840E-05    -73.31  1.2311E-04    -30.73
   25.00     75.00     -8.92    -1.55    -0.82      0.1796     68.72 LEFT    5.0716E-05    -64.52  1.1852E-04    -35.77
   30.00     75.00     -7.14    -1.85    -0.73      0.1313     62.10 LEFT    6.2277E-05    -60.09  1.1442E-04    -42.19
   35.00     75.00     -5.95    -2.06    -0.58      0.0672     57.53 LEFT    7.1402E-05    -58.31  1.1169E-04    -49.84
   40.00     75.00     -5.26    -2.12    -0.40      0.0043     55.13 LEFT    7.7290E-05    -58.77  1.1092E-04    -58.24
   45.00     75.00     -5.01    -2.03    -0.26      0.0419     54.67 RIGHT   7.9584E-05    -61.56  1.1214E-04    -66.65
   50.00     75.00     -5.11    -1.85    -0.17      0.0585     55.60 RIGHT   7.8657E-05    -67.17  1.1453E-04    -74.35
   55.00     75.00     -5.42    -1.69    -0.16      0.0380     56.97 RIGHT   7.5877E-05    -76.11  1.1656E-04    -80.86
   60.00     75.00     -5.70    -1.71    -0.25      0.0179     57.74 LEFT    7.3444E-05    -88.32  1.1632E-04    -86.05
   65.00     75.00     -5.74    -2.05    -0.50      0.0983     57.06 LEFT    7.3187E-05   -102.27  1.1190E-04    -90.00
   70.00     75.00     -5.57    -2.87    -1.00      0.1881     54.44 LEFT    7.4576E-05   -115.27  1.0178E-04    -92.86
   75.00     75.00     -5.64    -4.42    -1.98      0.2709     49.62 LEFT    7.4034E-05   -125.48  8.5108E-05    -94.84
   80.00     75.00     -6.62    -7.20    -3.89      0.3298     42.62 LEFT    6.6130E-05   -132.67  6.1853E-05    -96.06
   85.00     75.00    -10.07   -12.68    -8.17      0.3508     34.02 LEFT    4.4453E-05   -137.45  3.2908E-05    -96.66
   90.00     75.00   -999.99  -999.99  -999.99      0.0000      0.00         3.5517E-15     39.33  1.9969E-15     83.31
    0.00     80.00    -15.48    -0.40    -0.27      0.0000    -80.00 LINEAR  2.3844E-05   -202.26  1.3523E-04    -22.26
    5.00     80.00    -20.32    -0.42    -0.38      0.0717    -85.91 LEFT    1.3654E-05   -157.47  1.3488E-04    -22.85
   10.00     80.00    -17.45    -0.57    -0.48      0.1368     87.56 LEFT    1.8998E-05    -97.32  1.3261E-04    -24.29
   15.00     80.00    -12.73    -0.83    -0.56      0.1866     80.19 LEFT    3.2723E-05    -75.74  1.2870E-04    -26.70
   20.00     80.00     -9.51    -1.19    -0.59      0.2102     72.16 LEFT    4.7381E-05    -67.31  1.2355E-04    -30.28
   25.00     80.00     -7.29    -1.61    -0.57      0.2001     64.25 LEFT    6.1180E-05    -63.27  1.1770E-04    -35.23
   30.00     80.00     -5.74    -2.05    -0.50      0.1586     57.50 LEFT    7.3108E-05    -61.47  1.1193E-04    -41.72
   35.00     80.00     -4.72    -2.42    -0.41      0.0975     52.63 LEFT    8.2268E-05    -61.28  1.0715E-04    -49.75
   40.00     80.00     -4.14    -2.67    -0.33      0.0315     49.86 LEFT    8.7898E-05    -62.64  1.0421E-04    -58.98
   45.00     80.00     -3.98    -2.72    -0.30      0.0251     49.13 RIGHT   8.9578E-05    -65.77  1.0350E-04    -68.68
   50.00     80.00     -4.18    -2.64    -0.33      0.0580     50.10 RIGHT   8.7516E-05    -71.16  1.0456E-04    -77.91
   55.00     80.00     -4.66    -2.52    -0.45      0.0554     52.04 RIGHT   8.2827E-05    -79.42  1.0600E-04    -85.96
   60.00     80.00     -5.23    -2.53    -0.66      0.0132     53.79 RIGHT   7.7552E-05    -90.90  1.0591E-04    -92.49
   65.00     80.00     -5.66    -2.83    -1.01      0.0608     54.24 LEFT    7.3848E-05   -104.85  1.0227E-04    -97.51
   70.00     80.00     -5.86    -3.61    -1.58      0.1506     52.68 LEFT    7.2137E-05   -118.93  9.3447E-05   -101.20
   75.00     80.00     -6.16    -5.13    -2.60      0.2376     48.78 LEFT    6.9722E-05   -130.71  7.8461E-05   -103.78
   80.00     80.00     -7.25    -7.88    -4.54      0.3031     42.51 LEFT    6.1493E-05   -139.25  5.7204E-05   -105.42
   85.00     80.00    -10.74   -13.34    -8.84      0.3312     34.38 LEFT    4.1136E-05   -144.86  3.0495E-05   -106.26
   90.00     80.00   -999.99  -999.99  -999.99      0.0000      0.00         3.2828E-15     31.64  1.8517E-15     73.63
    0.00     85.00    -21.46    -0.30    -0.27      0.0000    -85.00 LINEAR  1.1968E-05   -202.26  1.3679E-04    -22.26
    5.00     85.00    -22.91    -0.35    -0.32      0.0727     89.08 LEFT    1.0133E-05   -100.42  1.3609E-04    -22.75
   10.00     85.00    -14.96    -0.52    -0.37      0.1395     82.68 LEFT    2.5293E-05    -72.45  1.3340E-04    -24.08
   15.00     85.00    -10.68    -0.82    -0.39      0.1924     75.53 LEFT    4.1425E-05    -65.91  1.2888E-04    -26.35
   20.00     85.00     -7.92    -1.24    -0.39      0.2215     67.74 LEFT    5.6925E-05    -63.36  1.2281E-04    -29.76
   25.00     85.00     -5.99    -1.76    -0.37      0.2186     59.91 LEFT    7.1055E-05    -62.45  1.1564E-04    -34.56
   30.00     85.00     -4.64    -2.35    -0.34      0.1838     53.00 LEFT    8.3028E-05    -62.60  1.0806E-04    -41.01
   35.00     85.00     -3.75    -2.94    -0.31      0.1256     47.76 LEFT    9.1997E-05    -63.71  1.0102E-04    -49.32
   40.00     85.00     -3.27    -3.41    -0.33      0.0566     44.53 LEFT    9.7176E-05    -65.87  9.5615E-05    -59.39
   45.00     85.00     -3.19    -3.69    -0.42      0.0106     43.38 RIGHT   9.8057E-05    -69.36  9.2653E-05    -70.58
   50.00     85.00     -3.50    -3.74    -0.60      0.0620     44.21 RIGHT   9.4690E-05    -74.64  9.2136E-05    -81.74
   55.00     85.00     -4.14    -3.66    -0.88      0.0820     46.59 RIGHT   8.7976E-05    -82.36  9.2946E-05    -91.75
   60.00     85.00     -4.98    -3.64    -1.25      0.0586     49.44 RIGHT   7.9793E-05    -93.18  9.3130E-05    -99.97
   65.00     85.00     -5.81    -3.89    -1.73      0.0064     51.29 LEFT    7.2546E-05   -107.06  9.0527E-05   -106.31
   70.00     85.00     -6.43    -4.61    -2.41      0.0968     51.06 LEFT    6.7594E-05   -122.27  8.3325E-05   -110.97
   75.00     85.00     -6.99    -6.07    -3.50      0.1905     48.27 LEFT    6.3312E-05   -135.92  7.0413E-05   -114.23
   80.00     85.00     -8.21    -8.77    -5.47      0.2658     42.85 LEFT    5.5064E-05   -146.15  5.1584E-05   -116.31
   85.00     85.00    -11.74   -14.21    -9.79      0.3042     35.24 LEFT    3.6673E-05   -152.82  2.7580E-05   -117.40
   90.00     85.00   -999.99  -999.99  -999.99      0.0000      0.00         2.9242E-15     23.33  1.6763E-15     62.41
    0.00     90.00   -999.99    -0.27    -0.27      0.0000     90.00 LINEAR  7.0076E-16    -22.26  1.3731E-04    -22.26
    5.00     90.00    -18.31    -0.34    -0.27      0.0732     84.12 LEFT    1.7208E-05    -58.51  1.3626E-04    -22.65
   10.00     90.00    -12.34    -0.54    -0.26      0.1412     77.88 LEFT    3.4194E-05    -58.90  1.3311E-04    -23.85
   15.00     90.00     -8.93    -0.88    -0.25      0.1968     70.99 LEFT    5.0661E-05    -59.58  1.2796E-04    -25.97
   20.00     90.00     -6.61    -1.37    -0.23      0.2309     63.43 LEFT    6.6179E-05    -60.54  1.2095E-04    -29.17
   25.00     90.00     -4.95    -2.01    -0.22      0.2351     55.68 LEFT    8.0149E-05    -61.85  1.1243E-04    -33.73
   30.00     90.00     -3.77    -2.77    -0.23      0.2068     48.58 LEFT    9.1807E-05    -63.55  1.0300E-04    -40.02
   35.00     90.00     -3.00    -3.60    -0.28      0.1516     42.93 LEFT    1.0029E-04    -65.76  9.3589E-05    -48.47
   40.00     90.00     -2.62    -4.39    -0.40      0.0797     39.14 LEFT    1.0475E-04    -68.64  8.5479E-05    -59.34
   45.00     90.00     -2.63    -4.96    -0.63      0.0017     37.40 LEFT    1.0460E-04    -72.47  7.9988E-05    -72.27
   50.00     90.00     -3.04    -5.21    -0.98      0.0702     37.86 RIGHT   9.9762E-05    -77.69  7.7752E-05    -85.98
   55.00     90.00     -3.85    -5.18    -1.45      0.1187     40.50 RIGHT   9.0938E-05    -84.96  7.8025E-05    -98.66
   60.00     90.00     -4.98    -5.10    -2.03      0.1225     44.60 RIGHT   7.9851E-05    -95.13  7.8781E-05   -109.11
   65.00     90.00     -6.24    -5.23    -2.69      0.0713     48.36 RIGHT   6.9063E-05   -108.85  7.7573E-05   -117.06
   70.00     90.00     -7.34    -5.84    -3.52      0.0212     49.95 LEFT    6.0817E-05   -125.28  7.2329E-05   -122.82
   75.00     90.00     -8.25    -7.21    -4.69      0.1267     48.56 LEFT    5.4760E-05   -141.34  6.1772E-05   -126.79
   80.00     90.00     -9.60    -9.84    -6.71      0.2176     44.12 LEFT    4.6889E-05   -153.88  4.5598E-05   -129.32
   85.00     90.00    -13.16   -15.24   -11.07      0.2714     37.07 LEFT    3.1143E-05   -161.99  2.4489E-05   -130.65
   90.00     90.00   -999.99  -999.99  -999.99      0.0000      0.00         2.4836E-15     13.69  1.4906E-15     49.08
    0.00     95.00    -21.46    -0.30    -0.27      0.0000     85.00 LINEAR  1.1968E-05    -22.26  1.3679E-04    -22.26
    5.00     95.00    -14.19    -0.39    -0.22      0.0731     79.21 LEFT    2.7638E-05    -44.33  1.3537E-04    -22.54
   10.00     95.00    -10.15    -0.63    -0.17      0.1418     73.16 LEFT    4.4009E-05    -51.17  1.3177E-04    -23.61
   15.00     95.00     -7.47    -1.02    -0.13      0.1997     66.54 LEFT    5.9963E-05    -55.21  1.2598E-04    -25.54
   20.00     95.00     -5.53    -1.58    -0.11      0.2386     59.24 LEFT    7.4945E-05    -58.41  1.1805E-04    -28.49
   25.00     95.00     -4.10    -2.34    -0.12      0.2494     51.56 LEFT    8.8307E-05    -61.37  1.0821E-04    -32.73
   30.00     95.00     -3.09    -3.29    -0.18      0.2274     44.26 LEFT    9.9257E-05    -64.34  9.6960E-05    -38.70
   35.00     95.00     -2.44    -4.42    -0.31      0.1754     38.13 LEFT    1.0689E-04    -67.50  8.5165E-05    -47.06
   40.00     95.00     -2.17    -5.61    -0.55      0.1009     33.69 LEFT    1.1033E-04    -71.04  7.4233E-05    -58.59
   45.00     95.00     -2.28    -6.63    -0.92      0.0123     31.21 LEFT    1.0890E-04    -75.21  6.6005E-05    -73.62
   50.00     95.00     -2.82    -7.17    -1.46      0.0815     31.00 RIGHT   1.0242E-04    -80.40  6.2020E-05    -90.93
   55.00     95.00     -3.80    -7.16    -2.15      0.1658     33.54 RIGHT   9.1445E-05    -87.22  6.2113E-05   -107.54
   60.00     95.00     -5.23    -6.90    -2.98      0.2112     39.03 RIGHT   7.7538E-05    -96.68  6.4024E-05   -121.00
   65.00     95.00     -6.99    -6.80    -3.89      0.1832     45.67 RIGHT   6.3322E-05   -110.07  6.4731E-05   -130.83
   70.00     95.00     -8.73    -7.21    -4.89      0.0841     50.07 RIGHT   5.1819E-05   -127.88  6.1759E-05   -137.65
   75.00     95.00    -10.12    -8.43    -6.18      0.0445     50.55 LEFT    4.4186E-05   -147.40  5.3658E-05   -142.21
   80.00     95.00    -11.60   -10.97    -8.26      0.1620     47.21 LEFT    3.7237E-05   -163.52  4.0066E-05   -145.07
   85.00     95.00    -15.13   -16.31   -12.67      0.2398     40.64 LEFT    2.4816E-05   -173.81  2.1659E-05   -146.56
   90.00     95.00   -999.99  -999.99  -999.99      0.0000      0.00         1.9852E-15      1.20  1.3211E-15     33.12
    0.00    100.00    -15.48    -0.40    -0.27      0.0000     80.00 LINEAR  2.3844E-05    -22.26  1.3523E-04    -22.26
    5.00    100.00    -11.28    -0.52    -0.17      0.0725     74.33 LEFT    3.8658E-05    -38.10  1.3346E-04    -22.44
   10.00    100.00     -8.37    -0.78    -0.09      0.1414     68.51 LEFT    5.4054E-05    -46.30  1.2941E-04    -23.37
   15.00    100.00     -6.24    -1.23    -0.04      0.2011     62.18 LEFT    6.9067E-05    -52.01  1.2300E-04    -25.09
   20.00    100.00     -4.63    -1.87    -0.03      0.2441     55.15 LEFT    8.3079E-05    -56.70  1.1419E-04    -27.73
   25.00    100.00     -3.43    -2.76    -0.07      0.2613     47.55 LEFT    9.5410E-05    -60.93  1.0313E-04    -31.55
   30.00    100.00     -2.58    -3.92    -0.19      0.2457     40.02 LEFT    1.0524E-04    -64.97  9.0192E-05    -37.00
   35.00    100.00     -2.07    -5.39    -0.41      0.1971     33.38 LEFT    1.1165E-04    -68.99  7.6140E-05    -44.94
   40.00    100.00     -1.91    -7.12    -0.76      0.1204     28.21 LEFT    1.1373E-04    -73.14  6.2392E-05    -56.79
   45.00    100.00     -2.14    -8.82    -1.29      0.0218     24.82 LEFT    1.1077E-04    -77.62  5.1280E-05    -74.35
   50.00    100.00     -2.81    -9.83    -2.02      0.0946     23.55 RIGHT   1.0249E-04    -82.76  4.5675E-05    -97.36
   55.00    100.00     -4.00    -9.68    -2.96      0.2222     25.31 RIGHT   8.9369E-05    -89.11  4.6450E-05   -120.27
   60.00    100.00     -5.78    -8.95    -4.07      0.3337     32.06 RIGHT   7.2815E-05    -97.69  5.0575E-05   -137.55
   65.00    100.00     -8.15    -8.40    -5.26      0.3494     43.95 RIGHT   5.5404E-05   -110.41  5.3845E-05   -148.95
   70.00    100.00    -10.82    -8.49    -6.49      0.2256     53.43 RIGHT   4.0766E-05   -129.86  5.3301E-05   -156.27
   75.00    100.00    -12.94    -9.50    -7.88      0.0454     56.12 RIGHT   3.1911E-05   -155.32  4.7429E-05   -160.93
   80.00    100.00    -14.47   -11.91    -9.99      0.1194     53.55 LEFT    2.6779E-05   -177.99  3.5936E-05   -163.77
   85.00    100.00    -17.75   -17.19   -14.45      0.2349     47.05 LEFT    1.8361E-05   -191.73  1.9579E-05   -165.23
   90.00    100.00   -999.99  -999.99  -999.99      0.0000      0.00         1.4879E-15    -17.66  1.1973E-15     14.47
    0.00    105.00    -12.01    -0.57    -0.27      0.0000     75.00 LINEAR  3.5539E-05    -22.26  1.3263E-04    -22.26
    5.00    105.00     -9.10    -0.71    -0.12      0.0714     69.49 LEFT    4.9682E-05    -34.66  1.3053E-04    -22.33
   10.00    105.00     -6.90    -1.01    -0.02      0.1399     63.93 LEFT    6.4009E-05    -42.98  1.2607E-04    -23.11
   15.00    105.00     -5.20    -1.51     0.04      0.2009     57.91 LEFT    7.7803E-05    -49.55  1.1908E-04    -24.61
   20.00    105.00     -3.89    -2.24     0.02      0.2476     51.15 LEFT    9.0483E-05    -55.26  1.0949E-04    -26.89
   25.00    105.00     -2.90    -3.26    -0.07      0.2707     43.66 LEFT    1.0138E-04    -60.50  9.7359E-05    -30.17
   30.00    105.00     -2.22    -4.65    -0.26      0.2616     35.90 LEFT    1.0969E-04    -65.45  8.2963E-05    -34.87
   35.00    105.00     -1.85    -6.51    -0.57      0.2166     28.70 LEFT    1.1449E-04    -70.24  6.6936E-05    -41.89
   40.00    105.00     -1.82    -8.95    -1.05      0.1384     22.71 LEFT    1.1488E-04    -74.95  5.0554E-05    -53.33
   45.00    105.00     -2.19   -11.79    -1.73      0.0309     18.24 LEFT    1.1013E-04    -79.73  3.6442E-05    -73.78
   50.00    105.00     -3.03   -13.59    -2.66      0.1066     15.47 RIGHT   9.9950E-05    -84.78  2.9633E-05   -107.54
   55.00    105.00     -4.46   -12.63    -3.85      0.2820     15.20 RIGHT   8.4743E-05    -90.54  3.3086E-05   -141.00
   60.00    105.00     -6.66   -10.78    -5.24      0.4994     21.35 RIGHT   6.5813E-05    -97.94  4.0962E-05   -160.93
   65.00    105.00     -9.85    -9.56    -6.69      0.6069     47.08 RIGHT   4.5585E-05   -109.23  4.7139E-05   -171.80
   70.00    105.00    -14.09    -9.28    -8.04      0.3612     65.42 RIGHT   2.7973E-05   -130.47  4.8650E-05   -178.15
   75.00    105.00    -17.61   -10.10    -9.39      0.0755     67.48 RIGHT   1.8657E-05   -169.91  4.4282E-05   -182.03
   80.00    105.00    -18.18   -12.40   -11.38      0.1562     63.82 LEFT    1.7470E-05   -206.36  3.3968E-05   -184.34
   85.00    105.00    -20.39   -17.62   -15.78      0.3217     56.16 LEFT    1.3536E-05   -223.31  1.8622E-05   -185.51
   90.00    105.00   -999.99  -999.99  -999.99      0.0000      0.00         1.1390E-15    -49.53  1.1408E-15     -5.72
    0.00    110.00     -9.59    -0.81    -0.27      0.0000     70.00 LINEAR  4.6964E-05    -22.26  1.2903E-04    -22.26
    5.00    110.00     -7.39    -0.97    -0.08      0.0696     64.69 LEFT    6.0487E-05    -32.49  1.2663E-04    -22.22
   10.00    110.00     -5.68    -1.31     0.04      0.1372     59.40 LEFT    7.3685E-05    -40.55  1.2179E-04    -22.85
   15.00    110.00     -4.33    -1.86     0.09      0.1989     53.71 LEFT    8.6053E-05    -47.56  1.1430E-04    -24.09
   20.00    110.00     -3.28    -2.68     0.04      0.2488     47.25 LEFT    9.7091E-05    -53.99  1.0406E-04    -25.98
   25.00    110.00     -2.50    -3.84    -0.11      0.2775     39.88 LEFT    1.0619E-04    -60.03  9.1064E-05    -28.60
   30.00    110.00     -1.99    -5.46    -0.38      0.2748     31.91 LEFT    1.1259E-04    -65.77  7.5542E-05    -32.25
   35.00    110.00     -1.78    -7.76    -0.80      0.2341     24.12 LEFT    1.1542E-04    -71.25  5.7998E-05    -37.67
   40.00    110.00     -1.90   -11.11    -1.41      0.1553     17.23 LEFT    1.1380E-04    -76.48  3.9423E-05    -47.13
   45.00    110.00     -2.43   -16.10    -2.25      0.0406     11.49 LEFT    1.0705E-04    -81.51  2.2196E-05    -69.75
   50.00    110.00     -3.48   -19.18    -3.36      0.1141      6.73 RIGHT   9.4910E-05    -86.41  1.5574E-05   -131.23
   55.00    110.00     -5.21   -14.79    -4.75      0.3291      2.45 RIGHT   7.7759E-05    -91.38  2.5806E-05   -174.78
   60.00    110.00     -7.93   -11.46    -6.33      0.6644     -3.04 RIGHT   5.6851E-05    -96.96  3.7869E-05   -189.51
   65.00    110.00    -12.29    -9.76    -7.84      0.7466    -87.51 RIGHT   3.4404E-05   -104.92  4.6027E-05   -196.39
   70.00    110.00    -20.13    -9.32    -8.97      0.2758     85.23 RIGHT   1.3961E-05   -125.88  4.8464E-05   -200.37
   75.00    110.00    -24.67   -10.06    -9.91      0.0698     80.21 LEFT    8.2756E-06   -225.59  4.4476E-05   -202.86
   80.00    110.00    -19.26   -12.33   -11.53      0.3415     73.45 LEFT    1.5418E-05    100.85  3.4237E-05   -204.37
   85.00    110.00    -20.25   -17.54   -15.68      0.5467     62.02 LEFT    1.3761E-05     92.86  1.8797E-05   -205.13
   90.00    110.00   -999.99  -999.99  -999.99      0.0000      0.00         1.1864E-15    -90.81  1.1520E-15    -25.21
    0.00    115.00     -7.75    -1.12    -0.27      0.0000     65.00 LINEAR  5.8031E-05    -22.26  1.2445E-04    -22.26
    5.00    115.00     -6.01    -1.31    -0.04      0.0674     59.93 LEFT    7.0940E-05    -30.98  1.2178E-04    -22.11
   10.00    115.00     -4.65    -1.69     0.09      0.1335     54.94 LEFT    8.2961E-05    -38.70  1.1663E-04    -22.58
   15.00    115.00     -3.59    -2.30     0.12      0.1953     49.58 LEFT    9.3738E-05    -45.91  1.0875E-04    -23.56
   20.00    115.00     -2.78    -3.20     0.03      0.2475     43.43 LEFT    1.0287E-04    -52.83  9.8005E-05    -24.99
   25.00    115.00     -2.21    -4.50    -0.19      0.2814     36.22 LEFT    1.0985E-04    -59.51  8.4414E-05    -26.84
   30.00    115.00     -1.89    -6.35    -0.56      0.2853     28.08 LEFT    1.1400E-04    -65.93  6.8182E-05    -29.13
   35.00    115.00     -1.85    -9.09    -1.09      0.2495     19.69 LEFT    1.1452E-04    -72.03  4.9760E-05    -32.03
   40.00    115.00     -2.14   -13.51    -1.84      0.1713     11.81 LEFT    1.1065E-04    -77.73  2.9888E-05    -36.35
   45.00    115.00     -2.87   -23.22    -2.83      0.0519      4.63 LEFT    1.0175E-04    -82.95  9.7781E-06    -50.04
   50.00    115.00     -4.17   -22.48    -4.11      0.1123     -2.64 RIGHT   8.7635E-05    -87.57  1.0640E-05   -199.58
   55.00    115.00     -6.28   -14.17    -5.62      0.3339    -12.84 RIGHT   6.8766E-05    -91.38  2.7722E-05   -211.35
   60.00    115.00     -9.68   -10.73    -7.16      0.5533    -38.49 RIGHT   4.6463E-05    -93.84  4.1201E-05   -215.27
   65.00    115.00    -15.78    -9.13    -8.28      0.3506    -72.80 RIGHT   2.3026E-05    -92.52  4.9520E-05   -217.77
   70.00    115.00    -31.27    -8.77    -8.74      0.0147    -85.79 LEFT    3.8714E-06    -28.20  5.1617E-05   -219.59
   75.00    115.00    -18.90    -9.58    -9.10      0.3350     86.04 LEFT    1.6084E-05     59.45  4.7024E-05   -220.90
   80.00    115.00    -15.56   -11.89   -10.34      0.6091     75.19 LEFT    2.3615E-05     62.55  3.6024E-05   -221.77
   85.00    115.00    -17.34   -17.12   -14.22      0.7791     47.96 LEFT    1.9233E-05     61.90  1.9724E-05   -222.19
   90.00    115.00   -999.99  -999.99  -999.99      0.0000      0.00         1.6206E-15   -120.13  1.2076E-15    -42.17
    0.00    120.00     -6.29    -1.52    -0.27      0.0000     60.00 LINEAR  6.8656E-05    -22.26  1.1892E-04    -22.26
    5.00    120.00     -4.86    -1.73    -0.01      0.0646     55.19 LEFT    8.0941E-05    -29.89  1.1605E-04    -22.01
   10.00    120.00     -3.77    -2.14     0.13      0.1286     50.52 LEFT    9.1743E-05    -37.23  1.1066E-04    -22.31
   15.00    120.00     -2.95    -2.81     0.13      0.1898     45.51 LEFT    1.0081E-04    -44.50  1.0250E-04    -23.00
   20.00    120.00     -2.37    -3.80    -0.02      0.2437     39.70 LEFT    1.0783E-04    -51.74  9.1453E-05    -23.94
   25.00    120.00     -2.01    -5.23    -0.32      0.2823     32.69 LEFT    1.1242E-04    -58.91  7.7561E-05    -24.90
   30.00    120.00     -1.88    -7.30    -0.79      0.2929     24.43 LEFT    1.1403E-04    -65.90  6.1097E-05    -25.50
   35.00    120.00     -2.04   -10.43    -1.45      0.2631     15.44 LEFT    1.1200E-04    -72.55  4.2612E-05    -24.78
   40.00    120.00     -2.55   -15.74    -2.34      0.1870      6.50 LEFT    1.0566E-04    -78.67  2.3126E-05    -18.78
   45.00    120.00     -3.51   -25.73    -3.49      0.0659     -2.33 LEFT    9.4521E-05    -84.00  7.3208E-06     37.49
   50.00    120.00     -5.13   -17.47    -4.88      0.0965    -12.49 RIGHT   7.8508E-05    -88.12  1.8960E-05   -243.35
   55.00    120.00     -7.72   -12.12    -6.37      0.2721    -28.58 RIGHT   5.8260E-05    -90.07  3.5091E-05   -235.09
   60.00    120.00    -12.01    -9.46    -7.54      0.2797    -54.77 RIGHT   3.5531E-05    -86.56  4.7683E-05   -233.78
   65.00    120.00    -19.39    -8.21    -7.89      0.0143    -74.58 RIGHT   1.5199E-05    -57.23  5.5038E-05   -234.04
   70.00    120.00    -18.15    -8.05    -7.64      0.3035    -85.76 LEFT    1.7518E-05     22.85  5.6096E-05   -234.72
   75.00    120.00    -13.30    -8.97    -7.61      0.5978     83.44 LEFT    3.0620E-05     41.54  5.0416E-05   -235.41
   80.00    120.00    -12.03   -11.36    -8.67      0.8131     56.06 LEFT    3.5467E-05     45.00  3.8306E-05   -235.93
   85.00    120.00    -14.47   -16.63   -12.41      0.7280     18.79 LEFT    2.6768E-05     44.96  2.0880E-05   -236.18
   90.00    120.00   -999.99  -999.99  -999.99      0.0000      0.00         2.2114E-15   -136.87  1.2767E-15    -56.11
    0.00    125.00     -5.10    -2.00    -0.27      0.0000     55.00 LINEAR  7.8759E-05    -22.26  1.1248E-04    -22.26
    5.00    125.00     -3.90    -2.24     0.02      0.0613     50.49 LEFT    9.0409E-05    -29.05  1.0947E-04    -21.91
   10.00    125.00     -3.03    -2.69     0.16      0.1226     46.15 LEFT    9.9963E-05    -36.03  1.0395E-04    -22.04
   15.00    125.00     -2.42    -3.41     0.12      0.1825     41.51 LEFT    1.0722E-04    -43.26  9.5653E-05    -22.44
   20.00    125.00     -2.04    -4.49    -0.08      0.2373     36.06 LEFT    1.1199E-04    -50.70  8.4508E-05    -22.85
   25.00    125.00     -1.89    -6.04    -0.47      0.2799     29.31 LEFT    1.1400E-04    -58.24  7.0634E-05    -22.81
   30.00    125.00     -1.97    -8.31    -1.06      0.2974     21.00 LEFT    1.1285E-04    -65.68  5.4442E-05    -21.40
   35.00    125.00     -2.35   -11.70    -1.87      0.2747     11.44 LEFT    1.0807E-04    -72.79  3.6824E-05    -15.99
   40.00    125.00     -3.10   -16.90    -2.92      0.2028      1.35 LEFT    9.9158E-05    -79.25  2.0247E-05      4.40
   45.00    125.00     -4.36   -19.05    -4.21      0.0841     -9.31 LEFT    8.5766E-05    -84.56  1.5805E-05     67.50
   50.00    125.00     -6.37   -13.90    -5.66      0.0629    -22.59 RIGHT   6.8011E-05    -87.82  2.8603E-05    102.28
   55.00    125.00     -9.60   -10.34    -6.94      0.1540    -42.44 RIGHT   4.6906E-05    -86.54  4.3077E-05   -248.96
   60.00    125.00    -14.80    -8.33    -7.45      0.0262    -64.64 RIGHT   2.5766E-05    -70.38  5.4292E-05   -246.51
   65.00    125.00    -17.57    -7.41    -7.01      0.2522    -79.72 LEFT    1.8730E-05     -9.18  6.0367E-05   -246.09
   70.00    125.00    -12.71    -7.43    -6.30      0.5436     88.24 LEFT    3.2781E-05     25.88  6.0212E-05   -246.39
   75.00    125.00     -9.88    -8.47    -6.11      0.7820     65.82 LEFT    4.5431E-05     33.64  5.3397E-05   -246.87
   80.00    125.00     -9.43   -10.93    -7.11      0.7563     25.60 LEFT    4.7807E-05     35.15  4.0240E-05   -247.29
   85.00    125.00    -12.23   -16.24   -10.78      0.5998     11.77 LEFT    3.4656E-05     34.55  2.1835E-05   -247.48
   90.00    125.00   -999.99  -999.99  -999.99      0.0000      0.00         2.8306E-15   -147.41  1.3332E-15    -67.40
    0.00    130.00     -4.11    -2.58    -0.27      0.0000     50.00 LINEAR  8.8263E-05    -22.26  1.0519E-04    -22.26
    5.00    130.00     -3.09    -2.84     0.05      0.0574     45.81 LEFT    9.9271E-05    -28.39  1.0211E-04    -21.81
   10.00    130.00     -2.39    -3.33     0.18      0.1156     41.83 LEFT    1.0757E-04    -35.04  9.6549E-05    -21.77
   15.00    130.00     -1.96    -4.11     0.11      0.1733     37.56 LEFT    1.1298E-04    -42.17  8.8279E-05    -21.88
   20.00    130.00     -1.78    -5.26    -0.17      0.2282     32.49 LEFT    1.1540E-04    -49.70  7.7265E-05    -21.72
   25.00    130.00     -1.83    -6.94    -0.66      0.2739     26.06 LEFT    1.1470E-04    -57.48  6.3733E-05    -20.60
   30.00    130.00     -2.14    -9.34    -1.38      0.2983     17.81 LEFT    1.1068E-04    -65.27  4.8305E-05    -16.93
   35.00    130.00     -2.76   -12.79    -2.35      0.2843      7.76 LEFT    1.0306E-04    -72.75  3.2469E-05     -6.15
   40.00    130.00     -3.79   -16.64    -3.57      0.2193     -3.55 LEFT    9.1526E-05    -79.43  2.0862E-05     25.59
   45.00    130.00     -5.41   -15.55    -5.01      0.1077    -16.28 LEFT    7.5947E-05    -84.52  2.3631E-05     73.43
   50.00    130.00     -7.95   -11.80    -6.45      0.0098    -32.71 RIGHT   5.6710E-05    -86.25  3.6419E-05     94.98
   55.00    130.00    -11.98    -9.12    -7.31      0.0079    -54.27 RIGHT   3.5644E-05    -78.86  4.9543E-05    102.09
   60.00    130.00    -16.62    -7.55    -7.04      0.1922    -73.55 LEFT    2.0892E-05    -39.33  5.9397E-05   -255.64
   65.00    130.00    -13.49    -6.87    -6.02      0.4657    -88.11 LEFT    2.9973E-05     11.61  6.4205E-05   -255.22
   70.00    130.00     -9.47    -7.05    -5.08      0.7104     72.89 LEFT    4.7596E-05     25.57  6.2930E-05   -255.53
   75.00    130.00     -7.52    -8.19    -4.83      0.7645     36.55 LEFT    5.9564E-05     28.54  5.5185E-05   -256.04
   80.00    130.00     -7.52   -10.71    -5.81      0.6340     17.24 LEFT    5.9617E-05     28.47  4.1294E-05   -256.48
   85.00    130.00    -10.51   -16.05    -9.44      0.5022      9.74 LEFT    4.2214E-05     27.25  2.2320E-05   -256.69
   90.00    130.00   -999.99  -999.99  -999.99      0.0000      0.00         3.4239E-15   -154.89  1.3611E-15    -76.62
    0.00    135.00     -3.28    -3.28    -0.27      0.0000     45.00 LINEAR  9.7094E-05    -22.26  9.7094E-05    -22.26
    5.00    135.00     -2.40    -3.56     0.07      0.0532     41.16 LEFT    1.0747E-04    -27.86  9.4020E-05    -21.72
   10.00    135.00     -1.85    -4.08     0.19      0.1075     37.54 LEFT    1.1451E-04    -34.20  8.8544E-05    -21.52
   15.00    135.00     -1.58    -4.91     0.08      0.1624     33.66 LEFT    1.1808E-04    -41.20  8.0464E-05    -21.32
   20.00    135.00     -1.58    -6.15    -0.28      0.2163     29.01 LEFT    1.1814E-04    -48.74  6.9809E-05    -20.59
   25.00    135.00     -1.83    -7.92    -0.88      0.2641     22.97 LEFT    1.1470E-04    -56.65  5.6924E-05    -18.33
   30.00    135.00     -2.37   -10.42    -1.74      0.2951     14.91 LEFT    1.0776E-04    -64.66  4.2694E-05    -12.23
   35.00    135.00     -3.26   -13.67    -2.88      0.2914      4.48 LEFT    9.7279E-05    -72.38  2.9350E-05      3.87
   40.00    135.00     -4.62   -15.79    -4.30      0.2371     -8.11 LEFT    8.3178E-05    -79.13  2.2991E-05     39.93
   45.00    135.00     -6.69   -13.64    -5.89      0.1385    -23.17 LEFT    6.5563E-05    -83.66  2.9440E-05     75.02
   50.00    135.00     -9.91   -10.60    -7.23      0.0624    -42.72 LEFT    4.5256E-05    -82.63  4.1823E-05     90.21
   55.00    135.00    -14.70    -8.42    -7.50      0.1460    -65.10 LEFT    2.6076E-05    -62.93  5.3705E-05     95.73
   60.00    135.00    -15.25    -7.14    -6.52      0.3773    -83.67 LEFT    2.4467E-05     -6.53  6.2265E-05     97.46
   65.00    135.00    -10.40    -6.64    -5.12      0.6185     77.92 LEFT    4.2772E-05     19.17  6.5922E-05     97.62
   70.00    135.00     -7.25    -6.94    -4.08      0.7344     48.43 LEFT    6.1504E-05     24.44  6.3740E-05     97.14
   75.00    135.00     -5.81    -8.15    -3.81      0.6546     24.36 LEFT    7.2588E-05     24.67  5.5391E-05     96.50
   80.00    135.00     -6.07   -10.72    -4.79      0.5346     14.04 LEFT    7.0435E-05     23.43  4.1207E-05     95.97
   85.00    135.00     -9.20   -16.10    -8.39      0.4264      8.68 LEFT    4.9115E-05     21.67  2.2200E-05     95.70
   90.00    135.00   -999.99  -999.99  -999.99      0.0000      0.00         3.9651E-15   -160.63  1.3523E-15    -84.24
    0.00    140.00     -2.58    -4.11    -0.27      0.0000     40.00 LINEAR  1.0519E-04    -22.26  8.8263E-05    -22.26
    5.00    140.00     -1.81    -4.41     0.09      0.0484     36.53 LEFT    1.1494E-04    -27.43  8.5271E-05    -21.63
   10.00    140.00     -1.38    -4.96     0.20      0.0984     33.28 LEFT    1.2077E-04    -33.49  7.9999E-05    -21.28
   15.00    140.00     -1.26    -5.84     0.04      0.1497     29.80 LEFT    1.2254E-04    -40.33  7.2279E-05    -20.78
   20.00    140.00     -1.42    -7.15    -0.39      0.2015     25.59 LEFT    1.2027E-04    -47.81  6.2206E-05    -19.48
   25.00    140.00     -1.88    -9.00    -1.11      0.2503     20.02 LEFT    1.1413E-04    -55.75  5.0243E-05    -16.05
   30.00    140.00     -2.65   -11.53    -2.13      0.2872     12.30 LEFT    1.0434E-04    -63.87  3.7548E-05     -7.49
   35.00    140.00     -3.83   -14.38    -3.47      0.2954      1.69 LEFT    9.1085E-05    -71.68  2.7041E-05     13.11
   40.00    140.00     -5.58   -15.09    -5.11      0.2564    -12.17 LEFT    7.4547E-05    -78.29  2.4934E-05     48.61
   45.00    140.00     -8.19   -12.65    -6.86      0.1782    -29.91 LEFT    5.5137E-05    -81.70  3.3029E-05     75.23
   50.00    140.00    -12.28   -10.02    -7.99      0.1525    -52.73 LEFT    3.4450E-05    -75.39  4.4689E-05     86.66
   55.00    140.00    -16.50    -8.17    -7.57      0.2963    -76.27 LEFT    2.1192E-05    -34.48  5.5320E-05     90.88
   60.00    140.00    -12.54    -7.09    -6.00      0.5201     82.95 LEFT    3.3422E-05     11.73  6.2651E-05     92.04
   65.00    140.00     -8.17    -6.72    -4.38      0.6698     57.82 LEFT    5.5306E-05     22.22  6.5306E-05     91.86
   70.00    140.00     -5.62    -7.11    -3.29      0.6505     32.58 LEFT    7.4197E-05     23.07  6.2476E-05     91.15
   75.00    140.00     -4.51    -8.39    -3.02      0.5526     19.02 LEFT    8.4247E-05     21.52  5.3898E-05     90.34
   80.00    140.00     -4.96   -11.00    -3.99      0.4532     12.05 LEFT    8.0023E-05     19.39  3.9905E-05     89.69
   85.00    140.00     -8.19   -16.40    -7.58      0.3638      7.83 LEFT    5.5197E-05     17.19  2.1439E-05     89.34
   90.00    140.00   -999.99  -999.99  -999.99      0.0000      0.00         4.4412E-15   -165.25  1.3048E-15    -90.62
    0.00    145.00     -2.00    -5.10    -0.27      0.0000     35.00 LINEAR  1.1248E-04    -22.26  7.8759E-05    -22.26
    5.00    145.00     -1.32    -5.42     0.11      0.0433     31.92 LEFT    1.2164E-04    -27.07  7.5929E-05    -21.55
   10.00    145.00     -0.99    -6.00     0.20      0.0883     29.06 LEFT    1.2632E-04    -32.89  7.0983E-05    -21.05
   15.00    145.00     -0.99    -6.93    -0.00      0.1353     25.99 LEFT    1.2637E-04    -39.55  6.3793E-05    -20.27
   20.00    145.00     -1.30    -8.29    -0.51      0.1839     22.24 LEFT    1.2189E-04    -46.92  5.4509E-05    -18.41
   25.00    145.00     -1.95   -10.21    -1.34      0.2323     17.21 LEFT    1.1319E-04    -54.82  4.3699E-05    -13.83
   30.00    145.00     -2.96   -12.72    -2.53      0.2738     10.00 LEFT    1.0068E-04    -62.92  3.2751E-05     -2.93
   35.00    145.00     -4.45   -15.05    -4.09      0.2950     -0.51 LEFT    8.4818E-05    -70.65  2.5035E-05     20.94
   40.00    145.00     -6.63   -14.77    -6.01      0.2773    -15.53 LEFT    6.6055E-05    -76.81  2.5855E-05     53.84
   45.00    145.00     -9.92   -12.29    -7.94      0.2298    -36.39 LEFT    4.5200E-05    -78.16  3.4409E-05     74.91
   50.00    145.00    -14.91    -9.94    -8.74      0.2591    -63.12 LEFT    2.5444E-05    -61.59  4.5075E-05     83.86
   55.00    145.00    -15.63    -8.31    -7.57      0.4304    -89.42 LEFT    2.3427E-05     -4.05  5.4416E-05     87.05
   60.00    145.00    -10.20    -7.38    -5.55      0.5905     65.25 LEFT    4.3790E-05     20.43  6.0578E-05     87.68
   65.00    145.00     -6.51    -7.12    -3.80      0.6182     40.52 LEFT    6.6906E-05     23.43  6.2398E-05     87.15
   70.00    145.00     -4.39    -7.58    -2.69      0.5506     24.44 LEFT    8.5468E-05     21.68  5.9192E-05     86.20
   75.00    145.00     -3.52    -8.91    -2.42      0.4645     15.63 LEFT    9.4402E-05     18.87  5.0763E-05     85.21
   80.00    145.00     -4.11   -11.56    -3.39      0.3832     10.43 LEFT    8.8275E-05     16.06  3.7436E-05     84.43
   85.00    145.00     -7.40   -16.97    -6.95      0.3090      7.00 LEFT    6.0396E-05     13.50  2.0067E-05     84.01
   90.00    145.00   -999.99  -999.99  -999.99      0.0000      0.00         4.8472E-15   -169.05  1.2204E-15    -95.98
    0.00    150.00     -1.52    -6.29    -0.27      0.0000     30.00 LINEAR  1.1892E-04    -22.26  6.8656E-05    -22.26
    5.00    150.00     -0.91    -6.62     0.12      0.0378     27.33 LEFT    1.2752E-04    -26.79  6.6064E-05    -21.48
   10.00    150.00     -0.67    -7.24     0.20      0.0774     24.86 LEFT    1.3115E-04    -32.39  6.1564E-05    -20.85
   15.00    150.00     -0.77    -8.21    -0.05      0.1193     22.21 LEFT    1.2961E-04    -38.88  5.5063E-05    -19.80
   20.00    150.00     -1.22    -9.63    -0.63      0.1637     18.96 LEFT    1.2309E-04    -46.10  4.6757E-05    -17.40
   25.00    150.00     -2.04   -11.59    -1.58      0.2099     14.52 LEFT    1.1202E-04    -53.88  3.7281E-05    -11.74
   30.00    150.00     -3.29   -14.03    -2.93      0.2543      8.00 LEFT    9.7027E-05    -61.85  2.8167E-05      1.28
   35.00    150.00     -5.09   -15.83    -4.74      0.2883     -2.05 LEFT    7.8800E-05    -69.32  2.2894E-05     27.18
   40.00    150.00     -7.74   -14.91    -6.98      0.2988    -17.89 LEFT    5.8098E-05    -74.64  2.5441E-05     57.06
   45.00    150.00    -11.83   -12.47    -9.13      0.2975    -42.47 LEFT    3.6294E-05    -72.39  3.3705E-05     74.37
   50.00    150.00    -16.98   -10.32    -9.47      0.3799    -74.81 LEFT    2.0048E-05    -38.07  4.3160E-05     81.59
   55.00    150.00    -13.42    -8.84    -7.55      0.5214     73.79 LEFT    3.0199E-05     14.49  5.1170E-05     83.97
   60.00    150.00     -8.40    -8.02    -5.20      0.5688     47.42 LEFT    5.3857E-05     24.77  5.6233E-05     84.13
   65.00    150.00     -5.27    -7.85    -3.36      0.5271     29.65 LEFT    7.7228E-05     23.78  5.7386E-05     83.29
   70.00    150.00     -3.45    -8.36    -2.24      0.4574     19.23 LEFT    9.5198E-05     20.36  5.4072E-05     82.10
   75.00    150.00     -2.77    -9.74    -1.97      0.3864     12.96 LEFT    1.0301E-04     16.64  4.6150E-05     80.94
   80.00    150.00     -3.45   -12.41    -2.93      0.3204      8.93 LEFT    9.5176E-05     13.29  3.3923E-05     80.04
   85.00    150.00     -6.80   -17.85    -6.48      0.2593      6.12 LEFT    6.4709E-05     10.43  1.8150E-05     79.55
   90.00    150.00   -999.99  -999.99  -999.99      0.0000      0.00         5.1832E-15   -172.21  1.1032E-15   -100.47
    0.00    155.00     -1.12    -7.75    -0.27      0.0000     25.00 LINEAR  1.2445E-04    -22.26  5.8031E-05    -22.26
    5.00    155.00     -0.58    -8.10     0.13      0.0320     22.75 LEFT    1.3256E-04    -26.56  5.5748E-05    -21.42
   10.00    155.00     -0.40    -8.74     0.19      0.0658     20.68 LEFT    1.3524E-04    -31.97  5.1805E-05    -20.66
   15.00    155.00     -0.59    -9.74    -0.09      0.1018     18.46 LEFT    1.3229E-04    -38.29  4.6142E-05    -19.38
   20.00    155.00     -1.16   -11.21    -0.75      0.1409     15.72 LEFT    1.2394E-04    -45.36  3.8976E-05    -16.50
   25.00    155.00     -2.14   -13.21    -1.81      0.1832     11.94 LEFT    1.1077E-04    -52.97  3.0962E-05     -9.85
   30.00    155.00     -3.60   -15.54    -3.33      0.2278      6.27 LEFT    9.3588E-05    -60.72  2.3660E-05      4.98
   35.00    155.00     -5.72   -16.86    -5.40      0.2727     -2.89 LEFT    7.3312E-05    -67.75  2.0328E-05     31.95
   40.00    155.00     -8.87   -15.55    -8.02      0.3178    -18.84 LEFT    5.1022E-05    -71.76  2.3653E-05     59.09
   45.00    155.00    -13.79   -13.16   -10.45      0.3885    -47.78 LEFT    2.8968E-05    -63.61  3.1120E-05     73.79
   50.00    155.00    -17.11   -11.16   -10.18      0.5042    -89.92 LEFT    1.9763E-05    -10.37  3.9194E-05     79.75
   55.00    155.00    -11.42    -9.80    -7.52      0.5317     54.63 LEFT    3.8047E-05     23.98  4.5851E-05     81.49
   60.00    155.00     -7.05    -9.06    -4.93      0.4896     34.11 LEFT    6.2901E-05     27.05  4.9894E-05     81.26
   65.00    155.00     -4.33    -8.95    -3.04      0.4314     22.38 LEFT    8.6080E-05     23.74  5.0548E-05     80.14
   70.00    155.00     -2.74    -9.51    -1.91      0.3718     15.22 LEFT    1.0334E-04     19.17  4.7373E-05     78.75
   75.00    155.00     -2.19   -10.92    -1.64      0.3151     10.60 LEFT    1.1008E-04     14.77  4.0275E-05     77.43
   80.00    155.00     -2.96   -13.62    -2.60      0.2623      7.46 LEFT    1.0077E-04     11.00  2.9526E-05     76.42
   85.00    155.00     -6.35   -19.07    -6.12      0.2128      5.20 LEFT    6.8180E-05      7.91  1.5773E-05     75.86
   90.00    155.00   -999.99  -999.99  -999.99      0.0000      0.00         5.4528E-15   -174.81  9.5820E-16   -104.17
    0.00    160.00     -0.81    -9.59    -0.27      0.0000     20.00 LINEAR  1.2903E-04    -22.26  4.6964E-05    -22.26
    5.00    160.00     -0.31    -9.95     0.14      0.0260     18.19 LEFT    1.3673E-04    -26.37  4.5054E-05    -21.36
   10.00    160.00     -0.19   -10.61     0.19      0.0534     16.52 LEFT    1.3859E-04    -31.63  4.1769E-05    -20.51
   15.00    160.00     -0.45   -11.64    -0.14      0.0831     14.74 LEFT    1.3443E-04    -37.81  3.7073E-05    -19.03
   20.00    160.00     -1.12   -13.15    -0.85      0.1158     12.52 LEFT    1.2453E-04    -44.72  3.1183E-05    -15.72
   25.00    160.00     -2.23   -15.16    -2.01      0.1524      9.45 LEFT    1.0958E-04    -52.14  2.4716E-05     -8.21
   30.00    160.00     -3.89   -17.39    -3.70      0.1941      4.77 LEFT    9.0551E-05    -59.60  1.9124E-05      8.07
   35.00    160.00     -6.30   -18.31    -6.03      0.2451     -3.06 LEFT    6.8584E-05    -66.06  1.7202E-05     35.47
   40.00    160.00     -9.94   -16.75    -9.12      0.3265    -17.89 LEFT    4.5096E-05    -68.29  2.0593E-05     60.37
   45.00    160.00    -15.52   -14.43   -11.93      0.5160    -51.26 LEFT    2.3717E-05    -51.53  2.6911E-05     73.24
   50.00    160.00    -15.74   -12.53   -10.83      0.5852     68.09 LEFT    2.3142E-05      9.54  3.3482E-05     78.29
   55.00    160.00     -9.89   -11.25    -7.51      0.4633     38.06 LEFT    4.5345E-05     28.98  3.8781E-05     79.53
   60.00    160.00     -6.05   -10.58    -4.74      0.3919     24.63 LEFT    7.0563E-05     28.26  4.1886E-05     78.98
   65.00    160.00     -3.62   -10.52    -2.81      0.3390     16.83 LEFT    9.3361E-05     23.51  4.2196E-05     77.63
   70.00    160.00     -2.20   -11.12    -1.68      0.2919     11.80 LEFT    1.0990E-04     18.16  3.9379E-05     76.06
   75.00    160.00     -1.76   -12.56    -1.41      0.2482      8.39 LEFT    1.1568E-04     13.25  3.3375E-05     74.62
   80.00    160.00     -2.59   -15.27    -2.36      0.2072      5.99 LEFT    1.0516E-04      9.14  2.4417E-05     73.51
   85.00    160.00     -6.01   -20.73    -5.87      0.1683      4.22 LEFT    7.0875E-05      5.87  1.3028E-05     72.89
   90.00    160.00   -999.99  -999.99  -999.99      0.0000      0.00         5.6615E-15   -176.91  7.9114E-16   -107.17
    0.00    165.00     -0.57   -12.01    -0.27      0.0000     15.00 LINEAR  1.3263E-04    -22.26  3.5539E-05    -22.26
    5.00    165.00     -0.10   -12.38     0.15      0.0197     13.63 LEFT    1.3999E-04    -26.24  3.4057E-05    -21.32
   10.00    165.00     -0.03   -13.05     0.18      0.0406     12.38 LEFT    1.4120E-04    -31.37  3.1514E-05    -20.39
   15.00    165.00     -0.35   -14.11    -0.17      0.0633     11.03 LEFT    1.3606E-04    -37.43  2.7894E-05    -18.74
   20.00    165.00     -1.09   -15.64    -0.94      0.0887      9.36 LEFT    1.2492E-04    -44.20  2.3385E-05    -15.09
   25.00    165.00     -2.31   -17.67    -2.19      0.1179      7.03 LEFT    1.0854E-04    -51.43  1.8513E-05     -6.89
   30.00    165.00     -4.13   -19.80    -4.01      0.1532      3.44 LEFT    8.8057E-05    -58.60  1.4495E-05     10.50
   35.00    165.00     -6.79   -20.42    -6.61      0.2031     -2.67 LEFT    6.4782E-05    -64.43  1.3502E-05     37.98
   40.00    165.00    -10.88   -18.70   -10.21      0.3101    -14.81 LEFT    4.0492E-05    -64.58  1.6446E-05     61.18
   45.00    165.00    -16.69   -16.43   -13.55      0.6948    -47.47 LEFT    2.0736E-05    -37.58  2.1370E-05     72.77
   50.00    165.00    -14.25   -14.61   -11.41      0.5366     42.86 LEFT    2.7468E-05     20.66  2.6355E-05     77.17
   55.00    165.00     -8.80   -13.39    -7.51      0.3567     25.65 LEFT    5.1401E-05     31.72  3.0308E-05     78.04
   60.00    165.00     -5.33   -12.77    -4.61      0.2917     17.28 LEFT    7.6648E-05     28.90  3.2553E-05     77.24
   65.00    165.00     -3.11   -12.74    -2.66      0.2507     12.13 LEFT    9.9024E-05     23.24  3.2656E-05     75.72
   70.00    165.00     -1.82   -13.37    -1.52      0.2161      8.67 LEFT    1.1492E-04     17.34  3.0379E-05     74.01
   75.00    165.00     -1.45   -14.83    -1.25      0.1841      6.25 LEFT    1.1991E-04     12.06  2.5686E-05     72.45
   80.00    165.00     -2.32   -17.56    -2.19      0.1540      4.51 LEFT    1.0842E-04      7.72  1.8761E-05     71.27
   85.00    165.00     -5.77   -23.02    -5.69      0.1253      3.21 LEFT    7.2869E-05      4.30  1.0000E-05     70.61
   90.00    165.00   -999.99  -999.99  -999.99      0.0000      0.00         5.8156E-15   -178.53  6.0706E-16   -109.46
    0.00    170.00     -0.40   -15.48    -0.27      0.0000     10.00 LINEAR  1.3523E-04    -22.26  2.3844E-05    -22.26
    5.00    170.00      0.04   -15.85     0.15      0.0132      9.08 LEFT    1.4233E-04    -26.14  2.2832E-05    -21.29
   10.00    170.00      0.09   -16.54     0.18      0.0273      8.25 LEFT    1.4306E-04    -31.19  2.1098E-05    -20.30
   15.00    170.00     -0.28   -17.62    -0.20      0.0427      7.35 LEFT    1.3721E-04    -37.15  1.8637E-05    -18.52
   20.00    170.00     -1.07   -19.17    -1.01      0.0600      6.23 LEFT    1.2515E-04    -43.81  1.5589E-05    -14.63
   25.00    170.00     -2.38   -21.20    -2.32      0.0804      4.66 LEFT    1.0775E-04    -50.89  1.2335E-05     -5.91
   30.00    170.00     -4.31   -23.24    -4.26      0.1061      2.24 LEFT    8.6209E-05    -57.80  9.7494E-06     12.23
   35.00    170.00     -7.17   -23.65    -7.08      0.1462     -1.93 LEFT    6.2015E-05    -63.04  9.3052E-06     39.64
   40.00    170.00    -11.60   -21.85   -11.21      0.2507    -10.10 LEFT    3.7267E-05    -61.18  1.1449E-05     61.66
   45.00    170.00    -17.18   -19.61   -15.21      0.7331    -12.41 LEFT    1.9606E-05    -25.12  1.4815E-05     72.42
   50.00    170.00    -13.15   -17.84   -11.88      0.3807     24.34 LEFT    3.1173E-05     26.51  1.8163E-05     76.37
   55.00    170.00     -8.08   -16.67    -7.51      0.2388     15.97 LEFT    5.5887E-05     33.23  2.0784E-05     76.99
   60.00    170.00     -4.85   -16.08    -4.53      0.1929     11.06 LEFT    8.1048E-05     29.23  2.2239E-05     76.02
   65.00    170.00     -2.76   -16.08    -2.56      0.1655      7.89 LEFT    1.0306E-04     23.01  2.2244E-05     74.36
   70.00    170.00     -1.55   -16.73    -1.42      0.1428      5.71 LEFT    1.1846E-04     16.74  2.0646E-05     72.55
   75.00    170.00     -1.24   -18.20    -1.15      0.1219      4.16 LEFT    1.2286E-04     11.22  1.7428E-05     70.92
   80.00    170.00     -2.14   -20.94    -2.09      0.1021      3.02 LEFT    1.1068E-04      6.70  1.2715E-05     69.68
   85.00    170.00     -5.61   -26.41    -5.58      0.0831      2.16 LEFT    7.4234E-05      3.18  6.7729E-06     68.98
   90.00    170.00   -999.99  -999.99  -999.99      0.0000      0.00         5.9208E-15   -179.68  4.1107E-16   -111.10
    0.00    175.00     -0.30   -21.46    -0.27      0.0000      5.00 LINEAR  1.3679E-04    -22.26  1.1968E-05    -22.26
    5.00    175.00      0.13   -21.84     0.16      0.0066      4.54 LEFT    1.4374E-04    -26.08  1.1454E-05    -21.28
   10.00    175.00      0.15   -22.54     0.18      0.0137      4.12 LEFT    1.4418E-04    -31.08  1.0575E-05    -20.24
   15.00    175.00     -0.23   -23.63    -0.21      0.0215      3.67 LEFT    1.3789E-04    -36.98  9.3307E-06    -18.40
   20.00    175.00     -1.07   -25.19    -1.05      0.0303      3.11 LEFT    1.2528E-04    -43.58  7.7937E-06    -14.34
   25.00    175.00     -2.42   -27.22    -2.40      0.0408      2.32 LEFT    1.0725E-04    -50.55  6.1657E-06     -5.31
   30.00    175.00     -4.43   -29.21    -4.41      0.0543      1.10 LEFT    8.5076E-05    -57.29  4.9033E-06     13.27
   35.00    175.00     -7.41   -29.50    -7.38      0.0767     -1.00 LEFT    6.0339E-05    -62.11  4.7471E-06     40.58
   40.00    175.00    -12.05   -27.65   -11.93      0.1417     -4.94 LEFT    3.5384E-05    -58.75  5.8719E-06     61.92
   45.00    175.00    -17.25   -25.43   -16.63      0.3897      0.35 LEFT    1.9443E-05    -17.04  7.5788E-06     72.20
   50.00    175.00    -12.50   -23.69   -12.18      0.1929     11.16 LEFT    3.3581E-05     29.37  9.2593E-06     75.90
   55.00    175.00     -7.66   -22.55    -7.52      0.1193      7.69 LEFT    5.8633E-05     34.00  1.0565E-05     76.37
   60.00    175.00     -4.57   -21.98    -4.49      0.0959      5.41 LEFT    8.3706E-05     29.38  1.1279E-05     75.29
   65.00    175.00     -2.56   -21.99    -2.51      0.0823      3.89 LEFT    1.0548E-04     22.85  1.1262E-05     73.55
   70.00    175.00     -1.40   -22.65    -1.37      0.0710      2.84 LEFT    1.2055E-04     16.38  1.0439E-05     71.68
   75.00    175.00     -1.11   -24.13    -1.09      0.0607      2.07 LEFT    1.2459E-04     10.71  8.8035E-06     70.00
   80.00    175.00     -2.04   -26.88    -2.03      0.0509      1.51 LEFT    1.1199E-04      6.09  6.4182E-06     68.73
   85.00    175.00     -5.52   -32.35    -5.51      0.0414      1.08 LEFT    7.5028E-05      2.51  3.4175E-06     68.01
   90.00    175.00   -999.99  -999.99  -999.99      0.0000      0.00         5.9819E-15   -180.37  2.0739E-16   -112.08
    0.00    180.00     -0.27  -999.99    -0.27      0.0000     -0.00 LINEAR  1.3731E-04    -22.26  1.4015E-15   -202.26
    5.00    180.00      0.16  -999.99     0.16      0.0000     -0.00 LINEAR  1.4421E-04    -26.06  1.3412E-15   -201.27
   10.00    180.00      0.18  -999.99     0.18      0.0000     -0.00 LINEAR  1.4455E-04    -31.04  1.2380E-15   -200.23
   15.00    180.00     -0.22  -999.99    -0.22      0.0000     -0.00 LINEAR  1.3812E-04    -36.93  1.0918E-15   -198.35
   20.00    180.00     -1.06  -999.99    -1.06      0.0000     -0.00 LINEAR  1.2532E-04    -43.50  9.1153E-16   -194.24
   25.00    180.00     -2.43  -999.99    -2.43      0.0000     -0.00 LINEAR  1.0708E-04    -50.44  7.2111E-16   -185.11
   30.00    180.00     -4.47  -999.99    -4.47      0.0000     -0.00 LINEAR  8.4695E-05    -57.11  5.7468E-16   -166.38
   35.00    180.00     -7.49  -999.99    -7.49      0.0000      0.00 LINEAR  5.9779E-05    -61.79  5.5898E-16   -139.11
   40.00    180.00    -12.20  -999.99   -12.20      0.0000      0.00 LINEAR  3.4768E-05    -57.87  6.9257E-16   -118.00
   45.00    180.00    -17.23  -999.99   -17.23      0.0000     -0.00 LINEAR  1.9483E-05    -14.31  8.9311E-16   -107.88
   50.00    180.00    -12.29  -999.99   -12.29      0.0000     -0.00 LINEAR  3.4409E-05     30.22  1.0899E-15   -104.26
   55.00    180.00     -7.53  -999.99    -7.53      0.0000     -0.00 LINEAR  5.9557E-05     34.23  1.2425E-15   -103.84
   60.00    180.00     -4.48  -999.99    -4.48      0.0000     -0.00 LINEAR  8.4594E-05     29.42  1.3255E-15   -104.95
   65.00    180.00     -2.49  -999.99    -2.49      0.0000     -0.00 LINEAR  1.0628E-04     22.79  1.3227E-15   -106.71
   70.00    180.00     -1.35  -999.99    -1.35      0.0000     -0.00 LINEAR  1.2125E-04     16.26  1.2255E-15   -108.61
   75.00    180.00     -1.07  -999.99    -1.07      0.0000     -0.00 LINEAR  1.2516E-04     10.53  1.0331E-15   -110.30
   80.00    180.00     -2.01  -999.99    -2.01      0.0000     -0.00 LINEAR  1.1242E-04      5.88  7.5302E-16   -111.58
   85.00    180.00     -5.49  -999.99    -5.49      0.0000     -0.00 LINEAR  7.5288E-05      2.29  4.0091E-16   -112.31
   90.00    180.00   -999.99  -999.99  -999.99      0.0000      0.00         6.0019E-15   -180.60  2.4328E-26     67.60
    0.00    185.00     -0.30   -21.46    -0.27      0.0000     -5.00 LINEAR  1.3679E-04    -22.26  1.1968E-05   -202.26
    5.00    185.00      0.13   -21.84     0.16      0.0066     -4.54 RIGHT   1.4374E-04    -26.08  1.1454E-05   -201.28
   10.00    185.00      0.15   -22.54     0.18      0.0137     -4.12 RIGHT   1.4418E-04    -31.08  1.0575E-05   -200.24
   15.00    185.00     -0.23   -23.63    -0.21      0.0215     -3.67 RIGHT   1.3789E-04    -36.98  9.3307E-06   -198.40
   20.00    185.00     -1.07   -25.19    -1.05      0.0303     -3.11 RIGHT   1.2528E-04    -43.58  7.7937E-06   -194.34
   25.00    185.00     -2.42   -27.22    -2.40      0.0408     -2.32 RIGHT   1.0725E-04    -50.55  6.1657E-06   -185.31
   30.00    185.00     -4.43   -29.21    -4.41      0.0543     -1.10 RIGHT   8.5076E-05    -57.29  4.9033E-06   -166.73
   35.00    185.00     -7.41   -29.50    -7.38      0.0767      1.00 RIGHT   6.0339E-05    -62.11  4.7471E-06   -139.42
   40.00    185.00    -12.05   -27.65   -11.93      0.1417      4.94 RIGHT   3.5384E-05    -58.75  5.8719E-06   -118.08
   45.00    185.00    -17.25   -25.43   -16.63      0.3897     -0.35 RIGHT   1.9443E-05    -17.04  7.5788E-06   -107.80
   50.00    185.00    -12.50   -23.69   -12.18      0.1929    -11.16 RIGHT   3.3581E-05     29.37  9.2593E-06   -104.10
   55.00    185.00     -7.66   -22.55    -7.52      0.1193     -7.69 RIGHT   5.8633E-05     34.00  1.0565E-05   -103.63
   60.00    185.00     -4.57   -21.98    -4.49      0.0959     -5.41 RIGHT   8.3706E-05     29.38  1.1279E-05   -104.71
   65.00    185.00     -2.56   -21.99    -2.51      0.0823     -3.89 RIGHT   1.0548E-04     22.85  1.1262E-05   -106.45
   70.00    185.00     -1.40   -22.65    -1.37      0.0710     -2.84 RIGHT   1.2055E-04     16.38  1.0439E-05   -108.32
   75.00    185.00     -1.11   -24.13    -1.09      0.0607     -2.07 RIGHT   1.2459E-04     10.71  8.8035E-06   -110.00
   80.00    185.00     -2.04   -26.88    -2.03      0.0509     -1.51 RIGHT   1.1199E-04      6.09  6.4182E-06   -111.27
   85.00    185.00     -5.52   -32.35    -5.51      0.0414     -1.08 RIGHT   7.5028E-05      2.51  3.4175E-06   -111.99
   90.00    185.00   -999.99  -999.99  -999.99      0.0000      0.00         5.9819E-15   -180.37  2.0738E-16     67.92
    0.00    190.00     -0.40   -15.48    -0.27      0.0000    -10.00 LINEAR  1.3523E-04    -22.26  2.3844E-05   -202.26
    5.00    190.00      0.04   -15.85     0.15      0.0132     -9.08 RIGHT   1.4233E-04    -26.14  2.2832E-05   -201.29
   10.00    190.00      0.09   -16.54     0.18      0.0273     -8.25 RIGHT   1.4306E-04    -31.19  2.1098E-05   -200.30
   15.00    190.00     -0.28   -17.62    -0.20      0.0427     -7.35 RIGHT   1.3721E-04    -37.15  1.8637E-05   -198.52
   20.00    190.00     -1.07   -19.17    -1.01      0.0600     -6.23 RIGHT   1.2515E-04    -43.81  1.5589E-05   -194.63
   25.00    190.00     -2.38   -21.20    -2.32      0.0804     -4.66 RIGHT   1.0775E-04    -50.89  1.2335E-05   -185.91
   30.00    190.00     -4.31   -23.24    -4.26      0.1061     -2.24 RIGHT   8.6209E-05    -57.80  9.7494E-06   -167.77
   35.00    190.00     -7.17   -23.65    -7.08      0.1462      1.93 RIGHT   6.2015E-05    -63.04  9.3052E-06   -140.36
   40.00    190.00    -11.60   -21.85   -11.21      0.2507     10.10 RIGHT   3.7267E-05    -61.18  1.1449E-05   -118.34
   45.00    190.00    -17.18   -19.61   -15.21      0.7331     12.41 RIGHT   1.9606E-05    -25.12  1.4815E-05   -107.58
   50.00    190.00    -13.15   -17.84   -11.88      0.3807    -24.34 RIGHT   3.1173E-05     26.51  1.8163E-05   -103.63
   55.00    190.00     -8.08   -16.67    -7.51      0.2388    -15.97 RIGHT   5.5887E-05     33.23  2.0784E-05   -103.01
   60.00    190.00     -4.85   -16.08    -4.53      0.1929    -11.06 RIGHT   8.1048E-05     29.23  2.2239E-05   -103.98
   65.00    190.00     -2.76   -16.08    -2.56      0.1655     -7.89 RIGHT   1.0306E-04     23.01  2.2244E-05   -105.64
   70.00    190.00     -1.55   -16.73    -1.42      0.1428     -5.71 RIGHT   1.1846E-04     16.74  2.0646E-05   -107.45
   75.00    190.00     -1.24   -18.20    -1.15      0.1219     -4.16 RIGHT   1.2286E-04     11.22  1.7428E-05   -109.08
   80.00    190.00     -2.14   -20.94    -2.09      0.1021     -3.02 RIGHT   1.1068E-04      6.70  1.2715E-05   -110.32
   85.00    190.00     -5.61   -26.41    -5.58      0.0831     -2.16 RIGHT   7.4234E-05      3.18  6.7729E-06   -111.02
   90.00    190.00   -999.99  -999.99  -999.99      0.0000      0.00         5.9208E-15   -179.68  4.1107E-16     68.90
    0.00    195.00     -0.57   -12.01    -0.27      0.0000    -15.00 LINEAR  1.3263E-04    -22.26  3.5539E-05   -202.26
    5.00    195.00     -0.10   -12.38     0.15      0.0197    -13.63 RIGHT   1.3999E-04    -26.24  3.4057E-05   -201.32
   10.00    195.00     -0.03   -13.05     0.18      0.0406    -12.38 RIGHT   1.4120E-04    -31.37  3.1514E-05   -200.39
   15.00    195.00     -0.35   -14.11    -0.17      0.0633    -11.03 RIGHT   1.3606E-04    -37.43  2.7894E-05   -198.74
   20.00    195.00     -1.09   -15.64    -0.94      0.0887     -9.36 RIGHT   1.2492E-04    -44.20  2.3385E-05   -195.09
   25.00    195.00     -2.31   -17.67    -2.19      0.1179     -7.03 RIGHT   1.0854E-04    -51.43  1.8513E-05   -186.89
   30.00    195.00     -4.13   -19.80    -4.01      0.1532     -3.44 RIGHT   8.8057E-05    -58.60  1.4495E-05   -169.50
   35.00    195.00     -6.79   -20.42    -6.61      0.2031      2.67 RIGHT   6.4782E-05    -64.43  1.3502E-05   -142.02
   40.00    195.00    -10.88   -18.70   -10.21      0.3101     14.81 RIGHT   4.0492E-05    -64.58  1.6446E-05   -118.82
   45.00    195.00    -16.69   -16.43   -13.55      0.6948     47.47 RIGHT   2.0736E-05    -37.58  2.1370E-05   -107.23
   50.00    195.00    -14.25   -14.61   -11.41      0.5366    -42.86 RIGHT   2.7468E-05     20.66  2.6355E-05   -102.83
   55.00    195.00     -8.80   -13.39    -7.51      0.3567    -25.65 RIGHT   5.1401E-05     31.72  3.0308E-05   -101.96
   60.00    195.00     -5.33   -12.77    -4.61      0.2917    -17.28 RIGHT   7.6648E-05     28.90  3.2553E-05   -102.76
   65.00    195.00     -3.11   -12.74    -2.66      0.2507    -12.13 RIGHT   9.9024E-05     23.24  3.2656E-05   -104.28
   70.00    195.00     -1.82   -13.37    -1.52      0.2161     -8.67 RIGHT   1.1492E-04     17.34  3.0379E-05   -105.99
   75.00    195.00     -1.45   -14.83    -1.25      0.1841     -6.25 RIGHT   1.1991E-04     12.06  2.5686E-05   -107.55
   80.00    195.00     -2.32   -17.56    -2.19      0.1540     -4.51 RIGHT   1.0842E-04      7.72  1.8761E-05   -108.73
   85.00    195.00     -5.77   -23.02    -5.69      0.1253     -3.21 RIGHT   7.2869E-05      4.30  1.0000E-05   -109.39
   90.00    195.00   -999.99  -999.99  -999.99      0.0000      0.00         5.8156E-15   -178.53  6.0709E-16     70.54
    0.00    200.00     -0.81    -9.59    -0.27      0.0000    -20.00 LINEAR  1.2903E-04    -22.26  4.6964E-05   -202.26
    5.00    200.00     -0.31    -9.95     0.14      0.0260    -18.19 RIGHT   1.3673E-04    -26.37  4.5054E-05   -201.36
   10.00    200.00     -0.19   -10.61     0.19      0.0534    -16.52 RIGHT   1.3859E-04    -31.63  4.1769E-05   -200.51
   15.00    200.00     -0.45   -11.64    -0.14      0.0831    -14.74 RIGHT   1.3443E-04    -37.81  3.7073E-05   -199.03
   20.00    200.00     -1.12   -13.15    -0.85      0.1158    -12.52 RIGHT   1.2453E-04    -44.72  3.1183E-05   -195.72
   25.00    200.00     -2.23   -15.16    -2.01      0.1524     -9.45 RIGHT   1.0958E-04    -52.14  2.4716E-05   -188.21
   30.00    200.00     -3.89   -17.39    -3.70      0.1941     -4.77 RIGHT   9.0551E-05    -59.60  1.9124E-05   -171.93
   35.00    200.00     -6.30   -18.31    -6.03      0.2451      3.06 RIGHT   6.8584E-05    -66.06  1.7202E-05   -144.53
   40.00    200.00     -9.94   -16.75    -9.12      0.3265     17.89 RIGHT   4.5096E-05    -68.29  2.0593E-05   -119.63
   45.00    200.00    -15.52   -14.43   -11.93      0.5160     51.26 RIGHT   2.3717E-05    -51.53  2.6911E-05   -106.76
   50.00    200.00    -15.74   -12.53   -10.83      0.5852    -68.09 RIGHT   2.3142E-05      9.54  3.3482E-05   -101.71
   55.00    200.00     -9.89   -11.25    -7.51      0.4633    -38.06 RIGHT   4.5345E-05     28.98  3.8781E-05   -100.47
   60.00    200.00     -6.05   -10.58    -4.74      0.3919    -24.63 RIGHT   7.0563E-05     28.26  4.1886E-05   -101.02
   65.00    200.00     -3.62   -10.52    -2.81      0.3390    -16.83 RIGHT   9.3361E-05     23.51  4.2196E-05   -102.37
   70.00    200.00     -2.20   -11.12    -1.68      0.2919    -11.80 RIGHT   1.0990E-04     18.16  3.9379E-05   -103.94
   75.00    200.00     -1.76   -12.56    -1.41      0.2482     -8.39 RIGHT   1.1568E-04     13.25  3.3375E-05   -105.38
   80.00    200.00     -2.59   -15.27    -2.36      0.2072     -5.99 RIGHT   1.0516E-04      9.14  2.4417E-05   -106.49
   85.00    200.00     -6.01   -20.73    -5.87      0.1683     -4.22 RIGHT   7.0875E-05      5.87  1.3028E-05   -107.11
   90.00    200.00   -999.99  -999.99  -999.99      0.0000      0.00         5.6615E-15   -176.91  7.9110E-16     72.84
    0.00    205.00     -1.12    -7.75    -0.27      0.0000    -25.00 LINEAR  1.2445E-04    -22.26  5.8031E-05   -202.26
    5.00    205.00     -0.58    -8.10     0.13      0.0320    -22.75 RIGHT   1.3256E-04    -26.56  5.5748E-05   -201.42
   10.00    205.00     -0.40    -8.74     0.19      0.0658    -20.68 RIGHT   1.3524E-04    -31.97  5.1805E-05   -200.66
   15.00    205.00     -0.59    -9.74    -0.09      0.1018    -18.46 RIGHT   1.3229E-04    -38.29  4.6142E-05   -199.38
   20.00    205.00     -1.16   -11.21    -0.75      0.1409    -15.72 RIGHT   1.2394E-04    -45.36  3.8976E-05   -196.50
   25.00    205.00     -2.14   -13.21    -1.81      0.1832    -11.94 RIGHT   1.1077E-04    -52.97  3.0962E-05   -189.85
   30.00    205.00     -3.60   -15.54    -3.33      0.2278     -6.27 RIGHT   9.3588E-05    -60.72  2.3660E-05   -175.02
   35.00    205.00     -5.72   -16.86    -5.40      0.2727      2.89 RIGHT   7.3312E-05    -67.75  2.0328E-05   -148.05
   40.00    205.00     -8.87   -15.55    -8.02      0.3178     18.84 RIGHT   5.1022E-05    -71.76  2.3653E-05   -120.91
   45.00    205.00    -13.79   -13.16   -10.45      0.3885     47.78 RIGHT   2.8968E-05    -63.61  3.1120E-05   -106.21
   50.00    205.00    -17.11   -11.16   -10.18      0.5042     89.92 RIGHT   1.9763E-05    -10.37  3.9194E-05   -100.25
   55.00    205.00    -11.42    -9.80    -7.52      0.5317    -54.63 RIGHT   3.8047E-05     23.98  4.5851E-05    -98.51
   60.00    205.00     -7.05    -9.06    -4.93      0.4896    -34.11 RIGHT   6.2901E-05     27.05  4.9894E-05    -98.74
   65.00    205.00     -4.33    -8.95    -3.04      0.4314    -22.38 RIGHT   8.6080E-05     23.74  5.0548E-05    -99.86
   70.00    205.00     -2.74    -9.51    -1.91      0.3718    -15.22 RIGHT   1.0334E-04     19.17  4.7373E-05   -101.25
   75.00    205.00     -2.19   -10.92    -1.64      0.3151    -10.60 RIGHT   1.1008E-04     14.77  4.0275E-05   -102.57
   80.00    205.00     -2.96   -13.62    -2.60      0.2623     -7.46 RIGHT   1.0077E-04     11.00  2.9526E-05   -103.58
   85.00    205.00     -6.35   -19.07    -6.12      0.2128     -5.20 RIGHT   6.8180E-05      7.91  1.5773E-05   -104.14
   90.00    205.00   -999.99  -999.99  -999.99      0.0000      0.00         5.4528E-15   -174.81  9.5824E-16     75.82
    0.00    210.00     -1.52    -6.29    -0.27      0.0000    -30.00 LINEAR  1.1892E-04    -22.26  6.8656E-05   -202.26
    5.00    210.00     -0.91    -6.62     0.12      0.0378    -27.33 RIGHT   1.2752E-04    -26.79  6.6064E-05   -201.48
   10.00    210.00     -0.67    -7.24     0.20      0.0774    -24.86 RIGHT   1.3115E-04    -32.39  6.1564E-05   -200.85
   15.00    210.00     -0.77    -8.21    -0.05      0.1193    -22.21 RIGHT   1.2961E-04    -38.88  5.5063E-05   -199.80
   20.00    210.00     -1.22    -9.63    -0.63      0.1637    -18.96 RIGHT   1.2309E-04    -46.10  4.6757E-05   -197.40
   25.00    210.00     -2.04   -11.59    -1.58      0.2099    -14.52 RIGHT   1.1202E-04    -53.88  3.7281E-05   -191.74
   30.00    210.00     -3.29   -14.03    -2.93      0.2543     -8.00 RIGHT   9.7027E-05    -61.85  2.8167E-05   -178.72
   35.00    210.00     -5.09   -15.83    -4.74      0.2883      2.05 RIGHT   7.8800E-05    -69.32  2.2894E-05   -152.82
   40.00    210.00     -7.74   -14.91    -6.98      0.2988     17.89 RIGHT   5.8098E-05    -74.64  2.5441E-05   -122.94
   45.00    210.00    -11.83   -12.47    -9.13      0.2975     42.47 RIGHT   3.6294E-05    -72.39  3.3705E-05   -105.63
   50.00    210.00    -16.98   -10.32    -9.47      0.3799     74.81 RIGHT   2.0048E-05    -38.07  4.3160E-05    -98.41
   55.00    210.00    -13.42    -8.84    -7.55      0.5214    -73.79 RIGHT   3.0199E-05     14.49  5.1170E-05    -96.03
   60.00    210.00     -8.40    -8.02    -5.20      0.5688    -47.42 RIGHT   5.3857E-05     24.77  5.6233E-05    -95.87
   65.00    210.00     -5.27    -7.85    -3.36      0.5271    -29.65 RIGHT   7.7228E-05     23.78  5.7386E-05    -96.71
   70.00    210.00     -3.45    -8.36    -2.24      0.4574    -19.23 RIGHT   9.5198E-05     20.36  5.4072E-05    -97.90
   75.00    210.00     -2.77    -9.74    -1.97      0.3864    -12.96 RIGHT   1.0301E-04     16.64  4.6150E-05    -99.06
   80.00    210.00     -3.45   -12.41    -2.93      0.3204     -8.93 RIGHT   9.5176E-05     13.29  3.3923E-05    -99.96
   85.00    210.00     -6.80   -17.85    -6.48      0.2593     -6.12 RIGHT   6.4709E-05     10.43  1.8150E-05   -100.45
   90.00    210.00   -999.99  -999.99  -999.99      0.0000      0.00         5.1831E-15   -172.21  1.1032E-15     79.54
    0.00    215.00     -2.00    -5.10    -0.27      0.0000    -35.00 LINEAR  1.1248E-04    -22.26  7.8759E-05   -202.26
    5.00    215.00     -1.32    -5.42     0.11      0.0433    -31.92 RIGHT   1.2164E-04    -27.07  7.5929E-05   -201.55
   10.00    215.00     -0.99    -6.00     0.20      0.0883    -29.06 RIGHT   1.2632E-04    -32.89  7.0983E-05   -201.05
   15.00    215.00     -0.99    -6.93    -0.00      0.1353    -25.99 RIGHT   1.2637E-04    -39.55  6.3793E-05   -200.27
   20.00    215.00     -1.30    -8.29    -0.51      0.1839    -22.24 RIGHT   1.2189E-04    -46.92  5.4509E-05   -198.41
   25.00    215.00     -1.95   -10.21    -1.34      0.2323    -17.21 RIGHT   1.1319E-04    -54.82  4.3699E-05   -193.83
   30.00    215.00     -2.96   -12.72    -2.53      0.2738    -10.00 RIGHT   1.0068E-04    -62.92  3.2751E-05   -182.93
   35.00    215.00     -4.45   -15.05    -4.09      0.2950      0.51 RIGHT   8.4818E-05    -70.65  2.5035E-05   -159.06
   40.00    215.00     -6.63   -14.77    -6.01      0.2773     15.53 RIGHT   6.6055E-05    -76.81  2.5855E-05   -126.16
   45.00    215.00     -9.92   -12.29    -7.94      0.2298     36.39 RIGHT   4.5200E-05    -78.16  3.4409E-05   -105.09
   50.00    215.00    -14.91    -9.94    -8.74      0.2591     63.12 RIGHT   2.5444E-05    -61.59  4.5075E-05    -96.14
   55.00    215.00    -15.63    -8.31    -7.57      0.4304     89.42 RIGHT   2.3427E-05     -4.05  5.4416E-05    -92.95
   60.00    215.00    -10.20    -7.38    -5.55      0.5905    -65.25 RIGHT   4.3790E-05     20.43  6.0578E-05    -92.32
   65.00    215.00     -6.51    -7.12    -3.80      0.6182    -40.52 RIGHT   6.6906E-05     23.43  6.2398E-05    -92.85
   70.00    215.00     -4.39    -7.58    -2.69      0.5506    -24.44 RIGHT   8.5468E-05     21.68  5.9192E-05    -93.80
   75.00    215.00     -3.52    -8.91    -2.42      0.4645    -15.63 RIGHT   9.4402E-05     18.87  5.0763E-05    -94.79
   80.00    215.00     -4.11   -11.56    -3.39      0.3832    -10.43 RIGHT   8.8275E-05     16.06  3.7436E-05    -95.57
   85.00    215.00     -7.40   -16.97    -6.95      0.3090     -7.00 RIGHT   6.0396E-05     13.50  2.0067E-05    -95.99
   90.00    215.00   -999.99  -999.99  -999.99      0.0000      0.00         4.8472E-15   -169.05  1.2205E-15     84.02
    0.00    220.00     -2.58    -4.11    -0.27      0.0000    -40.00 LINEAR  1.0519E-04    -22.26  8.8263E-05   -202.26
    5.00    220.00     -1.81    -4.41     0.09      0.0484    -36.53 RIGHT   1.1494E-04    -27.43  8.5271E-05   -201.63
   10.00    220.00     -1.38    -4.96     0.20      0.0984    -33.28 RIGHT   1.2077E-04    -33.49  7.9999E-05   -201.28
   15.00    220.00     -1.26    -5.84     0.04      0.1497    -29.80 RIGHT   1.2254E-04    -40.33  7.2279E-05   -200.78
   20.00    220.00     -1.42    -7.15    -0.39      0.2015    -25.59 RIGHT   1.2027E-04    -47.81  6.2206E-05   -199.48
   25.00    220.00     -1.88    -9.00    -1.11      0.2503    -20.02 RIGHT   1.1413E-04    -55.75  5.0243E-05   -196.05
   30.00    220.00     -2.65   -11.53    -2.13      0.2872    -12.30 RIGHT   1.0434E-04    -63.87  3.7548E-05   -187.49
   35.00    220.00     -3.83   -14.38    -3.47      0.2954     -1.69 RIGHT   9.1085E-05    -71.68  2.7041E-05   -166.89
   40.00    220.00     -5.58   -15.09    -5.11      0.2564     12.17 RIGHT   7.4547E-05    -78.29  2.4934E-05   -131.39
   45.00    220.00     -8.19   -12.65    -6.86      0.1782     29.91 RIGHT   5.5137E-05    -81.70  3.3029E-05   -104.77
   50.00    220.00    -12.28   -10.02    -7.99      0.1525     52.73 RIGHT   3.4450E-05    -75.39  4.4689E-05    -93.34
   55.00    220.00    -16.50    -8.17    -7.57      0.2963     76.27 RIGHT   2.1192E-05    -34.48  5.5320E-05    -89.12
   60.00    220.00    -12.54    -7.09    -6.00      0.5201    -82.95 RIGHT   3.3422E-05     11.73  6.2651E-05    -87.96
   65.00    220.00     -8.17    -6.72    -4.38      0.6698    -57.82 RIGHT   5.5306E-05     22.22  6.5306E-05    -88.14
   70.00    220.00     -5.62    -7.11    -3.29      0.6505    -32.58 RIGHT   7.4197E-05     23.07  6.2476E-05    -88.85
   75.00    220.00     -4.51    -8.39    -3.02      0.5526    -19.02 RIGHT   8.4247E-05     21.52  5.3898E-05    -89.66
   80.00    220.00     -4.96   -11.00    -3.99      0.4532    -12.05 RIGHT   8.0023E-05     19.39  3.9905E-05    -90.31
   85.00    220.00     -8.19   -16.40    -7.58      0.3638     -7.83 RIGHT   5.5197E-05     17.19  2.1439E-05    -90.66
   90.00    220.00   -999.99  -999.99  -999.99      0.0000      0.00         4.4412E-15   -165.25  1.3049E-15     89.38
    0.00    225.00     -3.28    -3.28    -0.27      0.0000    -45.00 LINEAR  9.7094E-05    -22.26  9.7094E-05   -202.26
    5.00    225.00     -2.40    -3.56     0.07      0.0532    -41.16 RIGHT   1.0747E-04    -27.86  9.4020E-05   -201.72
   10.00    225.00     -1.85    -4.08     0.19      0.1075    -37.54 RIGHT   1.1451E-04    -34.20  8.8544E-05   -201.52
   15.00    225.00     -1.58    -4.91     0.08      0.1624    -33.66 RIGHT   1.1808E-04    -41.20  8.0464E-05   -201.32
   20.00    225.00     -1.58    -6.15    -0.28      0.2163    -29.01 RIGHT   1.1814E-04    -48.74  6.9809E-05   -200.59
   25.00    225.00     -1.83    -7.92    -0.88      0.2641    -22.97 RIGHT   1.1470E-04    -56.65  5.6924E-05   -198.33
   30.00    225.00     -2.37   -10.42    -1.74      0.2951    -14.91 RIGHT   1.0776E-04    -64.66  4.2694E-05   -192.23
   35.00    225.00     -3.26   -13.67    -2.88      0.2914     -4.48 RIGHT   9.7279E-05    -72.38  2.9350E-05   -176.13
   40.00    225.00     -4.62   -15.79    -4.30      0.2371      8.11 RIGHT   8.3178E-05    -79.13  2.2991E-05   -140.07
   45.00    225.00     -6.69   -13.64    -5.89      0.1385     23.17 RIGHT   6.5563E-05    -83.66  2.9440E-05   -104.98
   50.00    225.00     -9.91   -10.60    -7.23      0.0624     42.72 RIGHT   4.5256E-05    -82.63  4.1823E-05    -89.79
   55.00    225.00    -14.70    -8.42    -7.50      0.1460     65.10 RIGHT   2.6076E-05    -62.93  5.3705E-05    -84.27
   60.00    225.00    -15.25    -7.14    -6.52      0.3773     83.67 RIGHT   2.4467E-05     -6.53  6.2265E-05    -82.54
   65.00    225.00    -10.40    -6.64    -5.12      0.6185    -77.92 RIGHT   4.2772E-05     19.17  6.5922E-05    -82.38
   70.00    225.00     -7.25    -6.94    -4.08      0.7344    -48.43 RIGHT   6.1504E-05     24.44  6.3740E-05    -82.86
   75.00    225.00     -5.81    -8.15    -3.81      0.6546    -24.36 RIGHT   7.2588E-05     24.67  5.5391E-05    -83.50
   80.00    225.00     -6.07   -10.72    -4.79      0.5346    -14.04 RIGHT   7.0435E-05     23.43  4.1207E-05    -84.03
   85.00    225.00     -9.20   -16.10    -8.39      0.4264     -8.68 RIGHT   4.9115E-05     21.67  2.2200E-05    -84.30
   90.00    225.00   -999.99  -999.99  -999.99      0.0000      0.00         3.9651E-15   -160.63  1.3524E-15     95.76
    0.00    230.00     -4.11    -2.58    -0.27      0.0000    -50.00 LINEAR  8.8263E-05    -22.26  1.0519E-04   -202.26
    5.00    230.00     -3.09    -2.84     0.05      0.0574    -45.81 RIGHT   9.9271E-05    -28.39  1.0211E-04   -201.81
   10.00    230.00     -2.39    -3.33     0.18      0.1156    -41.83 RIGHT   1.0757E-04    -35.04  9.6549E-05   -201.77
   15.00    230.00     -1.96    -4.11     0.11      0.1733    -37.56 RIGHT   1.1298E-04    -42.17  8.8279E-05   -201.88
   20.00    230.00     -1.78    -5.26    -0.17      0.2282    -32.49 RIGHT   1.1540E-04    -49.70  7.7265E-05   -201.72
   25.00    230.00     -1.83    -6.94    -0.66      0.2739    -26.06 RIGHT   1.1470E-04    -57.48  6.3733E-05   -200.60
   30.00    230.00     -2.14    -9.34    -1.38      0.2983    -17.81 RIGHT   1.1068E-04    -65.27  4.8305E-05   -196.93
   35.00    230.00     -2.76   -12.79    -2.35      0.2843     -7.76 RIGHT   1.0306E-04    -72.75  3.2469E-05   -186.15
   40.00    230.00     -3.79   -16.64    -3.57      0.2193      3.55 RIGHT   9.1526E-05    -79.43  2.0862E-05   -154.41
   45.00    230.00     -5.41   -15.55    -5.01      0.1077     16.28 RIGHT   7.5947E-05    -84.52  2.3631E-05   -106.57
   50.00    230.00     -7.95   -11.80    -6.45      0.0098     32.71 LEFT    5.6710E-05    -86.25  3.6419E-05    -85.02
   55.00    230.00    -11.98    -9.12    -7.31      0.0079     54.27 LEFT    3.5644E-05    -78.86  4.9543E-05    -77.91
   60.00    230.00    -16.62    -7.55    -7.04      0.1922     73.55 RIGHT   2.0892E-05    -39.33  5.9397E-05    -75.64
   65.00    230.00    -13.49    -6.87    -6.02      0.4657     88.11 RIGHT   2.9973E-05     11.61  6.4205E-05    -75.22
   70.00    230.00     -9.47    -7.05    -5.08      0.7104    -72.89 RIGHT   4.7596E-05     25.57  6.2930E-05    -75.53
   75.00    230.00     -7.52    -8.19    -4.83      0.7645    -36.55 RIGHT   5.9564E-05     28.54  5.5185E-05    -76.04
   80.00    230.00     -7.52   -10.71    -5.81      0.6340    -17.24 RIGHT   5.9617E-05     28.47  4.1294E-05    -76.48
   85.00    230.00    -10.51   -16.05    -9.44      0.5022     -9.74 RIGHT   4.2214E-05     27.25  2.2320E-05    -76.69
   90.00    230.00   -999.99  -999.99  -999.99      0.0000      0.00         3.4238E-15   -154.89  1.3611E-15   -256.62
    0.00    235.00     -5.10    -2.00    -0.27      0.0000    -55.00 LINEAR  7.8759E-05    -22.26  1.1248E-04   -202.26
    5.00    235.00     -3.90    -2.24     0.02      0.0613    -50.49 RIGHT   9.0409E-05    -29.05  1.0947E-04   -201.91
   10.00    235.00     -3.03    -2.69     0.16      0.1226    -46.15 RIGHT   9.9963E-05    -36.03  1.0395E-04   -202.04
   15.00    235.00     -2.42    -3.41     0.12      0.1825    -41.51 RIGHT   1.0722E-04    -43.26  9.5653E-05   -202.44
   20.00    235.00     -2.04    -4.49    -0.08      0.2373    -36.06 RIGHT   1.1199E-04    -50.70  8.4508E-05   -202.85
   25.00    235.00     -1.89    -6.04    -0.47      0.2799    -29.31 RIGHT   1.1400E-04    -58.24  7.0634E-05   -202.81
   30.00    235.00     -1.97    -8.31    -1.06      0.2974    -21.00 RIGHT   1.1285E-04    -65.68  5.4442E-05   -201.40
   35.00    235.00     -2.35   -11.70    -1.87      0.2747    -11.44 RIGHT   1.0807E-04    -72.79  3.6824E-05   -195.99
   40.00    235.00     -3.10   -16.90    -2.92      0.2028     -1.35 RIGHT   9.9158E-05    -79.25  2.0247E-05   -175.60
   45.00    235.00     -4.36   -19.05    -4.21      0.0841      9.31 RIGHT   8.5766E-05    -84.56  1.5805E-05   -112.50
   50.00    235.00     -6.37   -13.90    -5.66      0.0629     22.59 LEFT    6.8011E-05    -87.82  2.8603E-05    -77.72
   55.00    235.00     -9.60   -10.34    -6.94      0.1540     42.44 LEFT    4.6906E-05    -86.54  4.3077E-05    -68.96
   60.00    235.00    -14.80    -8.33    -7.45      0.0262     64.64 LEFT    2.5766E-05    -70.38  5.4292E-05    -66.51
   65.00    235.00    -17.57    -7.41    -7.01      0.2522     79.72 RIGHT   1.8730E-05     -9.18  6.0367E-05    -66.09
   70.00    235.00    -12.71    -7.43    -6.30      0.5436    -88.24 RIGHT   3.2781E-05     25.88  6.0212E-05    -66.39
   75.00    235.00     -9.88    -8.47    -6.11      0.7820    -65.82 RIGHT   4.5431E-05     33.64  5.3397E-05    -66.87
   80.00    235.00     -9.43   -10.93    -7.11      0.7563    -25.60 RIGHT   4.7807E-05     35.15  4.0240E-05    -67.29
   85.00    235.00    -12.23   -16.24   -10.78      0.5998    -11.77 RIGHT   3.4656E-05     34.55  2.1835E-05    -67.48
   90.00    235.00   -999.99  -999.99  -999.99      0.0000      0.00         2.8306E-15   -147.41  1.3332E-15   -247.40
    0.00    240.00     -6.29    -1.52    -0.27      0.0000    -60.00 LINEAR  6.8656E-05    -22.26  1.1892E-04   -202.26
    5.00    240.00     -4.86    -1.73    -0.01      0.0646    -55.19 RIGHT   8.0941E-05    -29.89  1.1605E-04   -202.01
   10.00    240.00     -3.77    -2.14     0.13      0.1286    -50.52 RIGHT   9.1743E-05    -37.23  1.1066E-04   -202.31
   15.00    240.00     -2.95    -2.81     0.13      0.1898    -45.51 RIGHT   1.0081E-04    -44.50  1.0250E-04   -203.00
   20.00    240.00     -2.37    -3.80    -0.02      0.2437    -39.70 RIGHT   1.0783E-04    -51.74  9.1453E-05   -203.94
   25.00    240.00     -2.01    -5.23    -0.32      0.2823    -32.69 RIGHT   1.1242E-04    -58.91  7.7561E-05   -204.90
   30.00    240.00     -1.88    -7.30    -0.79      0.2929    -24.43 RIGHT   1.1403E-04    -65.90  6.1097E-05   -205.50
   35.00    240.00     -2.04   -10.43    -1.45      0.2631    -15.44 RIGHT   1.1200E-04    -72.55  4.2612E-05   -204.78
   40.00    240.00     -2.55   -15.74    -2.34      0.1870     -6.50 RIGHT   1.0566E-04    -78.67  2.3126E-05   -198.78
   45.00    240.00     -3.51   -25.73    -3.49      0.0659      2.33 RIGHT   9.4521E-05    -84.00  7.3208E-06   -142.51
   50.00    240.00     -5.13   -17.47    -4.88      0.0965     12.49 LEFT    7.8508E-05    -88.12  1.8960E-05    -63.35
   55.00    240.00     -7.72   -12.12    -6.37      0.2721     28.58 LEFT    5.8260E-05    -90.07  3.5091E-05    -55.09
   60.00    240.00    -12.01    -9.46    -7.54      0.2797     54.77 LEFT    3.5531E-05    -86.56  4.7683E-05    -53.78
   65.00    240.00    -19.39    -8.21    -7.89      0.0143     74.58 LEFT    1.5199E-05    -57.23  5.5038E-05    -54.04
   70.00    240.00    -18.15    -8.05    -7.64      0.3035     85.76 RIGHT   1.7518E-05     22.85  5.6096E-05    -54.72
   75.00    240.00    -13.30    -8.97    -7.61      0.5978    -83.44 RIGHT   3.0620E-05     41.54  5.0416E-05    -55.41
   80.00    240.00    -12.03   -11.36    -8.67      0.8131    -56.06 RIGHT   3.5467E-05     45.00  3.8306E-05    -55.93
   85.00    240.00    -14.47   -16.63   -12.41      0.7280    -18.79 RIGHT   2.6768E-05     44.96  2.0880E-05    -56.18
   90.00    240.00   -999.99  -999.99  -999.99      0.0000      0.00         2.2114E-15   -136.87  1.2766E-15   -236.10
    0.00    245.00     -7.75    -1.12    -0.27      0.0000    -65.00 LINEAR  5.8031E-05    -22.26  1.2445E-04   -202.26
    5.00    245.00     -6.01    -1.31    -0.04      0.0674    -59.93 RIGHT   7.0940E-05    -30.98  1.2178E-04   -202.11
   10.00    245.00     -4.65    -1.69     0.09      0.1335    -54.94 RIGHT   8.2961E-05    -38.70  1.1663E-04   -202.58
   15.00    245.00     -3.59    -2.30     0.12      0.1953    -49.58 RIGHT   9.3738E-05    -45.91  1.0875E-04   -203.56
   20.00    245.00     -2.78    -3.20     0.03      0.2475    -43.43 RIGHT   1.0287E-04    -52.83  9.8005E-05   -204.99
   25.00    245.00     -2.21    -4.50    -0.19      0.2814    -36.22 RIGHT   1.0985E-04    -59.51  8.4414E-05   -206.84
   30.00    245.00     -1.89    -6.35    -0.56      0.2853    -28.08 RIGHT   1.1400E-04    -65.93  6.8182E-05   -209.13
   35.00    245.00     -1.85    -9.09    -1.09      0.2495    -19.69 RIGHT   1.1452E-04    -72.03  4.9760E-05   -212.03
   40.00    245.00     -2.14   -13.51    -1.84      0.1713    -11.81 RIGHT   1.1065E-04    -77.73  2.9888E-05   -216.35
   45.00    245.00     -2.87   -23.22    -2.83      0.0519     -4.63 RIGHT   1.0175E-04    -82.95  9.7781E-06   -230.04
   50.00    245.00     -4.17   -22.48    -4.11      0.1123      2.64 LEFT    8.7635E-05    -87.57  1.0640E-05    -19.58
   55.00    245.00     -6.28   -14.17    -5.62      0.3339     12.84 LEFT    6.8766E-05    -91.38  2.7722E-05    -31.35
   60.00    245.00     -9.68   -10.73    -7.16      0.5533     38.49 LEFT    4.6463E-05    -93.84  4.1201E-05    -35.27
   65.00    245.00    -15.78    -9.13    -8.28      0.3506     72.80 LEFT    2.3026E-05    -92.52  4.9520E-05    -37.77
   70.00    245.00    -31.27    -8.77    -8.74      0.0147     85.79 RIGHT   3.8714E-06    -28.20  5.1617E-05    -39.59
   75.00    245.00    -18.90    -9.58    -9.10      0.3350    -86.04 RIGHT   1.6084E-05     59.45  4.7024E-05    -40.90
   80.00    245.00    -15.56   -11.89   -10.34      0.6091    -75.19 RIGHT   2.3615E-05     62.55  3.6024E-05    -41.77
   85.00    245.00    -17.34   -17.12   -14.22      0.7791    -47.96 RIGHT   1.9233E-05     61.90  1.9724E-05    -42.19
   90.00    245.00   -999.99  -999.99  -999.99      0.0000      0.00         1.6205E-15   -120.13  1.2077E-15   -222.17
    0.00    250.00     -9.59    -0.81    -0.27      0.0000    -70.00 LINEAR  4.6964E-05    -22.26  1.2903E-04   -202.26
    5.00    250.00     -7.39    -0.97    -0.08      0.0696    -64.69 RIGHT   6.0487E-05    -32.49  1.2663E-04   -202.22
   10.00    250.00     -5.68    -1.31     0.04      0.1372    -59.40 RIGHT   7.3685E-05    -40.55  1.2179E-04   -202.85
   15.00    250.00     -4.33    -1.86     0.09      0.1989    -53.71 RIGHT   8.6053E-05    -47.56  1.1430E-04   -204.09
   20.00    250.00     -3.28    -2.68     0.04      0.2488    -47.25 RIGHT   9.7091E-05    -53.99  1.0406E-04   -205.98
   25.00    250.00     -2.50    -3.84    -0.11      0.2775    -39.88 RIGHT   1.0619E-04    -60.03  9.1064E-05   -208.60
   30.00    250.00     -1.99    -5.46    -0.38      0.2748    -31.91 RIGHT   1.1259E-04    -65.77  7.5542E-05   -212.25
   35.00    250.00     -1.78    -7.76    -0.80      0.2341    -24.12 RIGHT   1.1542E-04    -71.25  5.7998E-05   -217.67
   40.00    250.00     -1.90   -11.11    -1.41      0.1553    -17.23 RIGHT   1.1380E-04    -76.48  3.9423E-05   -227.13
   45.00    250.00     -2.43   -16.10    -2.25      0.0406    -11.49 RIGHT   1.0705E-04    -81.51  2.2196E-05   -249.75
   50.00    250.00     -3.48   -19.18    -3.36      0.1141     -6.73 LEFT    9.4910E-05    -86.41  1.5574E-05     48.77
   55.00    250.00     -5.21   -14.79    -4.75      0.3291     -2.45 LEFT    7.7759E-05    -91.38  2.5806E-05      5.22
   60.00    250.00     -7.93   -11.46    -6.33      0.6644      3.04 LEFT    5.6851E-05    -96.96  3.7869E-05     -9.51
   65.00    250.00    -12.29    -9.76    -7.84      0.7466     87.51 LEFT    3.4404E-05   -104.92  4.6027E-05    -16.39
   70.00    250.00    -20.13    -9.32    -8.97      0.2758    -85.23 LEFT    1.3961E-05   -125.88  4.8464E-05    -20.37
   75.00    250.00    -24.67   -10.06    -9.91      0.0698    -80.21 RIGHT   8.2756E-06   -225.59  4.4476E-05    -22.86
   80.00    250.00    -19.26   -12.33   -11.53      0.3415    -73.45 RIGHT   1.5418E-05    100.85  3.4237E-05    -24.37
   85.00    250.00    -20.25   -17.54   -15.68      0.5467    -62.02 RIGHT   1.3761E-05     92.86  1.8797E-05    -25.13
   90.00    250.00   -999.99  -999.99  -999.99      0.0000      0.00         1.1864E-15    -90.81  1.1520E-15   -205.21
    0.00    255.00    -12.01    -0.57    -0.27      0.0000    -75.00 LINEAR  3.5539E-05    -22.26  1.3263E-04   -202.26
    5.00    255.00     -9.10    -0.71    -0.12      0.0714    -69.49 RIGHT   4.9682E-05    -34.66  1.3053E-04   -202.33
   10.00    255.00     -6.90    -1.01    -0.02      0.1399    -63.93 RIGHT   6.4009E-05    -42.98  1.2607E-04   -203.11
   15.00    255.00     -5.20    -1.51     0.04      0.2009    -57.91 RIGHT   7.7803E-05    -49.55  1.1908E-04   -204.61
   20.00    255.00     -3.89    -2.24     0.02      0.2476    -51.15 RIGHT   9.0483E-05    -55.26  1.0949E-04   -206.89
   25.00    255.00     -2.90    -3.26    -0.07      0.2707    -43.66 RIGHT   1.0138E-04    -60.50  9.7359E-05   -210.17
   30.00    255.00     -2.22    -4.65    -0.26      0.2616    -35.90 RIGHT   1.0969E-04    -65.45  8.2963E-05   -214.87
   35.00    255.00     -1.85    -6.51    -0.57      0.2166    -28.70 RIGHT   1.1449E-04    -70.24  6.6936E-05   -221.89
   40.00    255.00     -1.82    -8.95    -1.05      0.1384    -22.71 RIGHT   1.1488E-04    -74.95  5.0554E-05   -233.33
   45.00    255.00     -2.19   -11.79    -1.73      0.0309    -18.24 RIGHT   1.1013E-04    -79.73  3.6442E-05   -253.78
   50.00    255.00     -3.03   -13.59    -2.66      0.1066    -15.47 LEFT    9.9950E-05    -84.78  2.9633E-05     72.46
   55.00    255.00     -4.46   -12.63    -3.85      0.2820    -15.20 LEFT    8.4743E-05    -90.54  3.3086E-05     39.00
   60.00    255.00     -6.66   -10.78    -5.24      0.4994    -21.35 LEFT    6.5813E-05    -97.94  4.0962E-05     19.07
   65.00    255.00     -9.85    -9.56    -6.69      0.6069    -47.08 LEFT    4.5585E-05   -109.23  4.7139E-05      8.20
   70.00    255.00    -14.09    -9.28    -8.04      0.3612    -65.42 LEFT    2.7973E-05   -130.47  4.8650E-05      1.85
   75.00    255.00    -17.61   -10.10    -9.39      0.0755    -67.48 LEFT    1.8657E-05   -169.91  4.4282E-05     -2.03
   80.00    255.00    -18.18   -12.40   -11.38      0.1562    -63.82 RIGHT   1.7470E-05   -206.36  3.3968E-05     -4.34
   85.00    255.00    -20.39   -17.62   -15.78      0.3217    -56.16 RIGHT   1.3536E-05   -223.31  1.8622E-05     -5.51
   90.00    255.00   -999.99  -999.99  -999.99      0.0000      0.00         1.1390E-15    -49.53  1.1408E-15   -185.72
    0.00    260.00    -15.48    -0.40    -0.27      0.0000    -80.00 LINEAR  2.3844E-05    -22.26  1.3523E-04   -202.26
    5.00    260.00    -11.28    -0.52    -0.17      0.0725    -74.33 RIGHT   3.8658E-05    -38.10  1.3346E-04   -202.44
   10.00    260.00     -8.37    -0.78    -0.09      0.1414    -68.51 RIGHT   5.4054E-05    -46.30  1.2941E-04   -203.37
   15.00    260.00     -6.24    -1.23    -0.04      0.2011    -62.18 RIGHT   6.9067E-05    -52.01  1.2300E-04   -205.09
   20.00    260.00     -4.63    -1.87    -0.03      0.2441    -55.15 RIGHT   8.3079E-05    -56.70  1.1419E-04   -207.73
   25.00    260.00     -3.43    -2.76    -0.07      0.2613    -47.55 RIGHT   9.5410E-05    -60.93  1.0313E-04   -211.55
   30.00    260.00     -2.58    -3.92    -0.19      0.2457    -40.02 RIGHT   1.0524E-04    -64.97  9.0192E-05   -217.00
   35.00    260.00     -2.07    -5.39    -0.41      0.1971    -33.38 RIGHT   1.1165E-04    -68.99  7.6140E-05   -224.94
   40.00    260.00     -1.91    -7.12    -0.76      0.1204    -28.21 RIGHT   1.1373E-04    -73.14  6.2392E-05   -236.79
   45.00    260.00     -2.14    -8.82    -1.29      0.0218    -24.82 RIGHT   1.1077E-04    -77.62  5.1280E-05   -254.35
   50.00    260.00     -2.81    -9.83    -2.02      0.0946    -23.55 LEFT    1.0249E-04    -82.76  4.5675E-05     82.64
   55.00    260.00     -4.00    -9.68    -2.96      0.2222    -25.31 LEFT    8.9369E-05    -89.11  4.6450E-05     59.73
   60.00    260.00     -5.78    -8.95    -4.07      0.3337    -32.06 LEFT    7.2815E-05    -97.69  5.0575E-05     42.45
   65.00    260.00     -8.15    -8.40    -5.26      0.3494    -43.95 LEFT    5.5404E-05   -110.41  5.3845E-05     31.05
   70.00    260.00    -10.82    -8.49    -6.49      0.2256    -53.43 LEFT    4.0766E-05   -129.86  5.3301E-05     23.73
   75.00    260.00    -12.94    -9.50    -7.88      0.0454    -56.12 LEFT    3.1911E-05   -155.32  4.7429E-05     19.07
   80.00    260.00    -14.47   -11.91    -9.99      0.1194    -53.55 RIGHT   2.6779E-05   -177.99  3.5936E-05     16.23
   85.00    260.00    -17.75   -17.19   -14.45      0.2349    -47.05 RIGHT   1.8361E-05   -191.73  1.9579E-05     14.77
   90.00    260.00   -999.99  -999.99  -999.99      0.0000      0.00         1.4879E-15    -17.66  1.1973E-15   -165.54
    0.00    265.00    -21.46    -0.30    -0.27      0.0000    -85.00 LINEAR  1.1968E-05    -22.26  1.3679E-04   -202.26
    5.00    265.00    -14.19    -0.39    -0.22      0.0731    -79.21 RIGHT   2.7638E-05    -44.33  1.3537E-04   -202.54
   10.00    265.00    -10.15    -0.63    -0.17      0.1418    -73.16 RIGHT   4.4009E-05    -51.17  1.3177E-04   -203.61
   15.00    265.00     -7.47    -1.02    -0.13      0.1997    -66.54 RIGHT   5.9963E-05    -55.21  1.2598E-04   -205.54
   20.00    265.00     -5.53    -1.58    -0.11      0.2386    -59.24 RIGHT   7.4945E-05    -58.41  1.1805E-04   -208.49
   25.00    265.00     -4.10    -2.34    -0.12      0.2494    -51.56 RIGHT   8.8307E-05    -61.37  1.0821E-04   -212.73
   30.00    265.00     -3.09    -3.29    -0.18      0.2274    -44.26 RIGHT   9.9257E-05    -64.34  9.6960E-05   -218.70
   35.00    265.00     -2.44    -4.42    -0.31      0.1754    -38.13 RIGHT   1.0689E-04    -67.50  8.5165E-05   -227.06
   40.00    265.00     -2.17    -5.61    -0.55      0.1009    -33.69 RIGHT   1.1033E-04    -71.04  7.4233E-05   -238.59
   45.00    265.00     -2.28    -6.63    -0.92      0.0123    -31.21 RIGHT   1.0890E-04    -75.21  6.6005E-05   -253.62
   50.00    265.00     -2.82    -7.17    -1.46      0.0815    -31.00 LEFT    1.0242E-04    -80.40  6.2020E-05     89.07
   55.00    265.00     -3.80    -7.16    -2.15      0.1658    -33.54 LEFT    9.1445E-05    -87.22  6.2113E-05     72.46
   60.00    265.00     -5.23    -6.90    -2.98      0.2112    -39.03 LEFT    7.7538E-05    -96.68  6.4024E-05     59.00
   65.00    265.00     -6.99    -6.80    -3.89      0.1832    -45.67 LEFT    6.3322E-05   -110.07  6.4731E-05     49.17
   70.00    265.00     -8.73    -7.21    -4.89      0.0841    -50.07 LEFT    5.1819E-05   -127.88  6.1759E-05     42.35
   75.00    265.00    -10.12    -8.43    -6.18      0.0445    -50.55 RIGHT   4.4186E-05   -147.40  5.3658E-05     37.79
   80.00    265.00    -11.60   -10.97    -8.26      0.1620    -47.21 RIGHT   3.7237E-05   -163.52  4.0066E-05     34.93
   85.00    265.00    -15.13   -16.31   -12.67      0.2398    -40.64 RIGHT   2.4816E-05   -173.81  2.1659E-05     33.44
   90.00    265.00   -999.99  -999.99  -999.99      0.0000      0.00         1.9852E-15      1.20  1.3211E-15   -146.88
    0.00    270.00   -999.99    -0.27    -0.27      0.0000     90.00 LINEAR  2.1023E-15   -202.26  1.3731E-04   -202.26
    5.00    270.00    -18.31    -0.34    -0.27      0.0732    -84.12 RIGHT   1.7208E-05    -58.51  1.3626E-04   -202.65
   10.00    270.00    -12.34    -0.54    -0.26      0.1412    -77.88 RIGHT   3.4194E-05    -58.90  1.3311E-04   -203.85
   15.00    270.00     -8.93    -0.88    -0.25      0.1968    -70.99 RIGHT   5.0661E-05    -59.58  1.2796E-04   -205.97
   20.00    270.00     -6.61    -1.37    -0.23      0.2309    -63.43 RIGHT   6.6179E-05    -60.54  1.2095E-04   -209.17
   25.00    270.00     -4.95    -2.01    -0.22      0.2351    -55.68 RIGHT   8.0149E-05    -61.85  1.1243E-04   -213.73
   30.00    270.00     -3.77    -2.77    -0.23      0.2068    -48.58 RIGHT   9.1807E-05    -63.55  1.0300E-04   -220.02
   35.00    270.00     -3.00    -3.60    -0.28      0.1516    -42.93 RIGHT   1.0029E-04    -65.76  9.3589E-05   -228.47
   40.00    270.00     -2.62    -4.39    -0.40      0.0797    -39.14 RIGHT   1.0475E-04    -68.64  8.5479E-05   -239.34
   45.00    270.00     -2.63    -4.96    -0.63      0.0017    -37.40 RIGHT   1.0460E-04    -72.47  7.9988E-05   -252.27
   50.00    270.00     -3.04    -5.21    -0.98      0.0702    -37.86 LEFT    9.9762E-05    -77.69  7.7752E-05     94.02
   55.00    270.00     -3.85    -5.18    -1.45      0.1187    -40.50 LEFT    9.0938E-05    -84.96  7.8025E-05     81.34
   60.00    270.00     -4.98    -5.10    -2.03      0.1225    -44.60 LEFT    7.9851E-05    -95.13  7.8781E-05     70.89
   65.00    270.00     -6.24    -5.23    -2.69      0.0713    -48.36 LEFT    6.9063E-05   -108.85  7.7573E-05     62.94
   70.00    270.00     -7.34    -5.84    -3.52      0.0212    -49.95 RIGHT   6.0817E-05   -125.28  7.2329E-05     57.18
   75.00    270.00     -8.25    -7.21    -4.69      0.1267    -48.56 RIGHT   5.4760E-05   -141.34  6.1772E-05     53.21
   80.00    270.00     -9.60    -9.84    -6.71      0.2176    -44.12 RIGHT   4.6889E-05   -153.88  4.5598E-05     50.68
   85.00    270.00    -13.16   -15.24   -11.07      0.2714    -37.07 RIGHT   3.1143E-05   -161.99  2.4489E-05     49.35
   90.00    270.00   -999.99  -999.99  -999.99      0.0000      0.00         2.4836E-15     13.69  1.4906E-15   -130.92
    0.00    275.00    -21.46    -0.30    -0.27      0.0000     85.00 LINEAR  1.1968E-05   -202.26  1.3679E-04   -202.26
    5.00    275.00    -22.91    -0.35    -0.32      0.0727    -89.08 RIGHT   1.0133E-05   -100.42  1.3609E-04   -202.75
   10.00    275.00    -14.96    -0.52    -0.37      0.1395    -82.68 RIGHT   2.5293E-05    -72.45  1.3340E-04   -204.08
   15.00    275.00    -10.68    -0.82    -0.39      0.1924    -75.53 RIGHT   4.1425E-05    -65.91  1.2888E-04   -206.35
   20.00    275.00     -7.92    -1.24    -0.39      0.2215    -67.74 RIGHT   5.6925E-05    -63.36  1.2281E-04   -209.76
   25.00    275.00     -5.99    -1.76    -0.37      0.2186    -59.91 RIGHT   7.1055E-05    -62.45  1.1564E-04   -214.56
   30.00    275.00     -4.64    -2.35    -0.34      0.1838    -53.00 RIGHT   8.3028E-05    -62.60  1.0806E-04   -221.01
   35.00    275.00     -3.75    -2.94    -0.31      0.1256    -47.76 RIGHT   9.1997E-05    -63.71  1.0102E-04   -229.32
   40.00    275.00     -3.27    -3.41    -0.33      0.0566    -44.53 RIGHT   9.7176E-05    -65.87  9.5615E-05   -239.39
   45.00    275.00     -3.19    -3.69    -0.42      0.0106    -43.38 LEFT    9.8057E-05    -69.36  9.2653E-05   -250.58
   50.00    275.00     -3.50    -3.74    -0.60      0.0620    -44.21 LEFT    9.4690E-05    -74.64  9.2136E-05     98.26
   55.00    275.00     -4.14    -3.66    -0.88      0.0820    -46.59 LEFT    8.7976E-05    -82.36  9.2946E-05     88.25
   60.00    275.00     -4.98    -3.64    -1.25      0.0586    -49.44 LEFT    7.9793E-05    -93.18  9.3130E-05     80.03
   65.00    275.00     -5.81    -3.89    -1.73      0.0064    -51.29 RIGHT   7.2546E-05   -107.06  9.0527E-05     73.69
   70.00    275.00     -6.43    -4.61    -2.41      0.0968    -51.06 RIGHT   6.7594E-05   -122.27  8.3325E-05     69.03
   75.00    275.00     -6.99    -6.07    -3.50      0.1905    -48.27 RIGHT   6.3312E-05   -135.92  7.0413E-05     65.77
   80.00    275.00     -8.21    -8.77    -5.47      0.2658    -42.85 RIGHT   5.5064E-05   -146.15  5.1584E-05     63.69
   85.00    275.00    -11.74   -14.21    -9.79      0.3042    -35.24 RIGHT   3.6673E-05   -152.82  2.7580E-05     62.60
   90.00    275.00   -999.99  -999.99  -999.99      0.0000      0.00         2.9242E-15     23.33  1.6763E-15   -117.59
    0.00    280.00    -15.48    -0.40    -0.27      0.0000     80.00 LINEAR  2.3844E-05   -202.26  1.3523E-04   -202.26
    5.00    280.00    -20.32    -0.42    -0.38      0.0717     85.91 RIGHT   1.3654E-05   -157.47  1.3488E-04   -202.85
   10.00    280.00    -17.45    -0.57    -0.48      0.1368    -87.56 RIGHT   1.8998E-05    -97.32  1.3261E-04   -204.29
   15.00    280.00    -12.73    -0.83    -0.56      0.1866    -80.19 RIGHT   3.2723E-05    -75.74  1.2870E-04   -206.70
   20.00    280.00     -9.51    -1.19    -0.59      0.2102    -72.16 RIGHT   4.7381E-05    -67.31  1.2355E-04   -210.28
   25.00    280.00     -7.29    -1.61    -0.57      0.2001    -64.25 RIGHT   6.1180E-05    -63.27  1.1770E-04   -215.23
   30.00    280.00     -5.74    -2.05    -0.50      0.1586    -57.50 RIGHT   7.3108E-05    -61.47  1.1193E-04   -221.72
   35.00    280.00     -4.72    -2.42    -0.41      0.0975    -52.63 RIGHT   8.2268E-05    -61.28  1.0715E-04   -229.75
   40.00    280.00     -4.14    -2.67    -0.33      0.0315    -49.86 RIGHT   8.7898E-05    -62.64  1.0421E-04   -238.98
   45.00    280.00     -3.98    -2.72    -0.30      0.0251    -49.13 LEFT    8.9578E-05    -65.77  1.0350E-04   -248.68
   50.00    280.00     -4.18    -2.64    -0.33      0.0580    -50.10 LEFT    8.7516E-05    -71.16  1.0456E-04    102.09
   55.00    280.00     -4.66    -2.52    -0.45      0.0554    -52.04 LEFT    8.2827E-05    -79.42  1.0600E-04     94.04
   60.00    280.00     -5.23    -2.53    -0.66      0.0132    -53.79 LEFT    7.7552E-05    -90.90  1.0591E-04     87.51
   65.00    280.00     -5.66    -2.83    -1.01      0.0608    -54.24 RIGHT   7.3848E-05   -104.85  1.0227E-04     82.49
   70.00    280.00     -5.86    -3.61    -1.58      0.1506    -52.68 RIGHT   7.2137E-05   -118.93  9.3447E-05     78.80
   75.00    280.00     -6.16    -5.13    -2.60      0.2376    -48.78 RIGHT   6.9722E-05   -130.71  7.8461E-05     76.22
   80.00    280.00     -7.25    -7.88    -4.54      0.3031    -42.51 RIGHT   6.1493E-05   -139.25  5.7204E-05     74.58
   85.00    280.00    -10.74   -13.34    -8.84      0.3312    -34.38 RIGHT   4.1136E-05   -144.86  3.0495E-05     73.74
   90.00    280.00   -999.99  -999.99  -999.99      0.0000      0.00         3.2827E-15     31.65  1.8515E-15   -106.37
    0.00    285.00    -12.01    -0.57    -0.27      0.0000     75.00 LINEAR  3.5539E-05   -202.26  1.3263E-04   -202.26
    5.00    285.00    -15.69    -0.57    -0.44      0.0701     80.86 RIGHT   2.3270E-05   -178.74  1.3261E-04   -202.94
   10.00    285.00    -17.75    -0.70    -0.61      0.1331     87.47 RIGHT   1.8343E-05   -132.53  1.3074E-04   -204.48
   15.00    285.00    -14.90    -0.92    -0.75      0.1795    -84.97 RIGHT   2.5471E-05    -91.82  1.2741E-04   -207.02
   20.00    285.00    -11.46    -1.22    -0.83      0.1974    -76.72 RIGHT   3.7840E-05    -73.31  1.2311E-04   -210.73
   25.00    285.00     -8.92    -1.55    -0.82      0.1796    -68.72 RIGHT   5.0716E-05    -64.52  1.1852E-04   -215.77
   30.00    285.00     -7.14    -1.85    -0.73      0.1313    -62.10 RIGHT   6.2277E-05    -60.09  1.1442E-04   -222.19
   35.00    285.00     -5.95    -2.06    -0.58      0.0672    -57.53 RIGHT   7.1402E-05    -58.31  1.1169E-04   -229.84
   40.00    285.00     -5.26    -2.12    -0.40      0.0043    -55.13 RIGHT   7.7290E-05    -58.77  1.1092E-04   -238.24
   45.00    285.00     -5.01    -2.03    -0.26      0.0419    -54.67 LEFT    7.9584E-05    -61.56  1.1214E-04   -246.65
   50.00    285.00     -5.11    -1.85    -0.17      0.0585    -55.60 LEFT    7.8657E-05    -67.17  1.1453E-04   -254.35
   55.00    285.00     -5.42    -1.69    -0.16      0.0380    -56.97 LEFT    7.5877E-05    -76.11  1.1656E-04     99.14
   60.00    285.00     -5.70    -1.71    -0.25      0.0179    -57.74 RIGHT   7.3444E-05    -88.32  1.1632E-04     93.95
   65.00    285.00     -5.74    -2.05    -0.50      0.0983    -57.06 RIGHT   7.3187E-05   -102.27  1.1190E-04     90.00
   70.00    285.00     -5.57    -2.87    -1.00      0.1881    -54.44 RIGHT   7.4576E-05   -115.27  1.0178E-04     87.14
   75.00    285.00     -5.64    -4.42    -1.98      0.2709    -49.62 RIGHT   7.4034E-05   -125.48  8.5108E-05     85.16
   80.00    285.00     -6.62    -7.20    -3.89      0.3298    -42.62 RIGHT   6.6130E-05   -132.67  6.1853E-05     83.94
   85.00    285.00    -10.07   -12.68    -8.17      0.3508    -34.02 RIGHT   4.4453E-05   -137.45  3.2908E-05     83.34
   90.00    285.00   -999.99  -999.99  -999.99      0.0000      0.00         3.5517E-15     39.33  1.9969E-15    -96.69
    0.00    290.00     -9.59    -0.81    -0.27      0.0000     70.00 LINEAR  4.6964E-05   -202.26  1.2903E-04   -202.26
    5.00    290.00    -12.40    -0.79    -0.50      0.0680     75.76 RIGHT   3.3959E-05   -187.03  1.2930E-04   -203.03
   10.00    290.00    -15.54    -0.89    -0.75      0.1286     82.40 RIGHT   2.3682E-05   -159.76  1.2779E-04   -204.67
   15.00    290.00    -16.41    -1.09    -0.96      0.1713    -89.89 RIGHT   2.1409E-05   -116.67  1.2498E-04   -207.31
   20.00    290.00    -13.84    -1.33    -1.10      0.1832    -81.43 RIGHT   2.8802E-05    -83.25  1.2148E-04   -211.11
   25.00    290.00    -11.01    -1.58    -1.12      0.1574    -73.33 RIGHT   3.9887E-05    -66.61  1.1802E-04   -216.18
   30.00    290.00     -8.91    -1.78    -1.01      0.1019    -66.80 RIGHT   5.0798E-05    -58.34  1.1543E-04   -222.47
   35.00    290.00     -7.49    -1.85    -0.80      0.0347    -62.48 RIGHT   5.9764E-05    -54.53  1.1447E-04   -229.69
   40.00    290.00     -6.66    -1.77    -0.55      0.0250    -60.35 LEFT    6.5803E-05    -53.94  1.1552E-04   -237.28
   45.00    290.00     -6.30    -1.57    -0.31      0.0614    -60.02 LEFT    6.8572E-05    -56.45  1.1828E-04   -244.56
   50.00    290.00     -6.30    -1.32    -0.12      0.0637    -60.73 LEFT    6.8615E-05    -62.45  1.2172E-04   -250.98
   55.00    290.00     -6.43    -1.14    -0.01      0.0287    -61.48 LEFT    6.7589E-05    -72.33  1.2421E-04   -256.25
   60.00    290.00     -6.39    -1.17    -0.03      0.0376    -61.33 RIGHT   6.7871E-05    -85.45  1.2384E-04     99.66
   65.00    290.00     -6.01    -1.53    -0.20      0.1230    -59.66 RIGHT   7.0884E-05    -99.36  1.1883E-04     96.63
   70.00    290.00     -5.50    -2.38    -0.65      0.2133    -56.11 RIGHT   7.5160E-05   -111.29  1.0775E-04     94.48
   75.00    290.00     -5.36    -3.96    -1.59      0.2931    -50.48 RIGHT   7.6437E-05   -120.11  8.9832E-05     93.04
   80.00    290.00     -6.24    -6.75    -3.47      0.3469    -42.85 RIGHT   6.9092E-05   -126.16  6.5137E-05     92.18
   85.00    290.00     -9.64   -12.24    -7.74      0.3626    -33.88 RIGHT   4.6676E-05   -130.25  3.4606E-05     91.80
   90.00    290.00   -999.99  -999.99  -999.99      0.0000      0.00         3.7342E-15     46.76  2.0986E-15    -88.16
    0.00    295.00     -7.75    -1.12    -0.27      0.0000     65.00 LINEAR  5.8031E-05   -202.26  1.2445E-04   -202.26
    5.00    295.00    -10.02    -1.09    -0.56      0.0655     70.62 RIGHT   4.4706E-05   -191.25  1.2496E-04   -203.12
   10.00    295.00    -12.94    -1.17    -0.89      0.1231     77.22 RIGHT   3.1928E-05   -174.73  1.2378E-04   -204.83
   15.00    295.00    -16.06    -1.34    -1.19      0.1620     85.05 RIGHT   2.2305E-05   -144.90  1.2144E-04   -207.56
   20.00    295.00    -16.45    -1.54    -1.40      0.1677    -86.32 RIGHT   2.1307E-05   -101.04  1.1863E-04   -211.43
   25.00    295.00    -13.79    -1.72    -1.46      0.1336    -78.11 RIGHT   2.8966E-05    -70.49  1.1617E-04   -216.48
   30.00    295.00    -11.21    -1.82    -1.35      0.0705    -71.64 RIGHT   3.8955E-05    -55.92  1.1487E-04   -222.58
   35.00    295.00     -9.44    -1.78    -1.09      0.0001    -67.51 RIGHT   4.7778E-05    -49.35  1.1538E-04   -229.34
   40.00    295.00     -8.38    -1.60    -0.77      0.0566    -65.56 LEFT    5.3969E-05    -47.59  1.1786E-04   -236.16
   45.00    295.00     -7.89    -1.31    -0.45      0.0838    -65.21 LEFT    5.7120E-05    -49.94  1.2178E-04   -242.44
   50.00    295.00     -7.76    -1.02    -0.19      0.0734    -65.56 LEFT    5.7950E-05    -56.68  1.2596E-04   -247.77
   55.00    295.00     -7.68    -0.83    -0.02      0.0265    -65.60 LEFT    5.8473E-05    -67.96  1.2872E-04   -251.98
   60.00    295.00     -7.28    -0.86     0.03      0.0482    -64.56 RIGHT   6.1284E-05    -82.24  1.2822E-04   -255.14
   65.00    295.00     -6.46    -1.24    -0.10      0.1379    -61.97 RIGHT   6.7327E-05    -96.11  1.2276E-04    102.61
   70.00    295.00     -5.61    -2.11    -0.51      0.2287    -57.56 RIGHT   7.4235E-05   -106.98  1.1104E-04    101.08
   75.00    295.00     -5.27    -3.71    -1.41      0.3061    -51.17 RIGHT   7.7233E-05   -114.54  9.2359E-05    100.12
   80.00    295.00     -6.05    -6.52    -3.27      0.3554    -42.98 RIGHT   7.0612E-05   -119.60  6.6848E-05     99.60
   85.00    295.00     -9.41   -12.03    -7.51      0.3665    -33.73 RIGHT   4.7946E-05   -123.10  3.5474E-05     99.42
   90.00    295.00   -999.99  -999.99  -999.99      0.0000      0.00         3.8414E-15     54.11  2.1506E-15    -80.48
    0.00    300.00     -6.29    -1.52    -0.27      0.0000     60.00 LINEAR  6.8656E-05   -202.26  1.1892E-04   -202.26
    5.00    300.00     -8.18    -1.47    -0.63      0.0624     65.42 RIGHT   5.5201E-05   -193.79  1.1964E-04   -203.20
   10.00    300.00    -10.75    -1.53    -1.04      0.1169     71.94 RIGHT   4.1095E-05   -183.08  1.1873E-04   -204.99
   15.00    300.00    -14.25    -1.68    -1.44      0.1517     79.81 RIGHT   2.7454E-05   -166.05  1.1679E-04   -207.78
   20.00    300.00    -18.14    -1.84    -1.74      0.1511     88.60 RIGHT   1.7544E-05   -130.68  1.1460E-04   -211.69
   25.00    300.00    -17.74    -1.96    -1.85      0.1085    -83.09 RIGHT   1.8378E-05    -79.27  1.1298E-04   -216.70
   30.00    300.00    -14.38    -1.98    -1.74      0.0374    -76.66 RIGHT   2.7056E-05    -52.04  1.1274E-04   -222.57
   35.00    300.00    -11.90    -1.86    -1.45      0.0367    -72.65 LEFT    3.5974E-05    -41.50  1.1439E-04   -228.86
   40.00    300.00    -10.47    -1.59    -1.06      0.0905    -70.78 LEFT    4.2449E-05    -38.59  1.1791E-04   -234.95
   45.00    300.00     -9.79    -1.25    -0.68      0.1091    -70.28 LEFT    4.5904E-05    -41.16  1.2262E-04   -240.33
   50.00    300.00     -9.53    -0.93    -0.37      0.0876    -70.14 LEFT    4.7267E-05    -49.26  1.2722E-04   -244.70
   55.00    300.00     -9.21    -0.74    -0.16      0.0305    -69.40 LEFT    4.9046E-05    -62.71  1.3006E-04   -248.00
   60.00    300.00     -8.35    -0.78    -0.08      0.0515    -67.45 RIGHT   5.4141E-05    -78.64  1.2940E-04   -250.35
   65.00    300.00     -7.05    -1.18    -0.18      0.1452    -63.93 RIGHT   6.2933E-05    -92.51  1.2364E-04   -251.92
   70.00    300.00     -5.85    -2.07    -0.55      0.2369    -58.64 RIGHT   7.2197E-05   -102.34  1.1158E-04   -252.88
   75.00    300.00     -5.32    -3.69    -1.42      0.3117    -51.50 RIGHT   7.6795E-05   -108.73  9.2621E-05   -253.41
   80.00    300.00     -6.00    -6.51    -3.24      0.3562    -42.82 RIGHT   7.1005E-05   -112.92  6.6933E-05   -253.63
   85.00    300.00     -9.32   -12.02    -7.45      0.3628    -33.41 RIGHT   4.8464E-05   -115.90  3.5484E-05   -253.63
   90.00    300.00   -999.99  -999.99  -999.99      0.0000      0.00         3.8887E-15     61.47  2.1506E-15    -73.47
    0.00    305.00     -5.10    -2.00    -0.27      0.0000     55.00 LINEAR  7.8759E-05   -202.26  1.1248E-04   -202.26
    5.00    305.00     -6.73    -1.93    -0.69      0.0589     60.18 RIGHT   6.5279E-05   -195.46  1.1337E-04   -203.27
   10.00    305.00     -8.98    -1.99    -1.20      0.1099     66.55 RIGHT   5.0377E-05   -188.18  1.1268E-04   -205.13
   15.00    305.00    -12.22    -2.11    -1.71      0.1406     74.40 RIGHT   3.4708E-05   -179.01  1.1109E-04   -207.98
   20.00    305.00    -17.22    -2.24    -2.11      0.1338     83.28 RIGHT   1.9500E-05   -162.38  1.0940E-04   -211.91
   25.00    305.00    -23.50    -2.32    -2.28      0.0822    -88.32 RIGHT   9.4709E-06   -107.29  1.0847E-04   -216.84
   30.00    305.00    -19.22    -2.27    -2.18      0.0025    -81.91 RIGHT   1.5498E-05    -43.51  1.0905E-04   -222.47
   35.00    305.00    -15.00    -2.08    -1.86      0.0756    -77.98 LEFT    2.5185E-05    -27.81  1.1153E-04   -228.28
   40.00    305.00    -12.87    -1.75    -1.43      0.1269    -76.09 LEFT    3.2185E-05    -24.76  1.1573E-04   -233.69
   45.00    305.00    -11.95    -1.38    -1.01      0.1377    -75.30 LEFT    3.5792E-05    -28.49  1.2086E-04   -238.26
   50.00    305.00    -11.60    -1.04    -0.68      0.1063    -74.52 LEFT    3.7251E-05    -39.09  1.2561E-04   -241.78
   55.00    305.00    -11.02    -0.85    -0.46      0.0401    -72.90 LEFT    3.9815E-05    -56.14  1.2837E-04   -244.28
   60.00    305.00     -9.61    -0.91    -0.36      0.0488    -69.98 RIGHT   4.6873E-05    -74.56  1.2752E-04   -245.91
   65.00    305.00     -7.74    -1.33    -0.43      0.1469    -65.49 RIGHT   5.8112E-05    -88.54  1.2158E-04   -246.86
   70.00    305.00     -6.19    -2.24    -0.77      0.2394    -59.27 RIGHT   6.9457E-05    -97.36  1.0949E-04   -247.32
   75.00    305.00     -5.46    -3.87    -1.58      0.3113    -51.36 RIGHT   7.5524E-05   -102.71  9.0718E-05   -247.46
   80.00    305.00     -6.05    -6.70    -3.35      0.3502    -42.22 RIGHT   7.0617E-05   -106.13  6.5463E-05   -247.40
   85.00    305.00     -9.32   -12.22    -7.52      0.3519    -32.78 RIGHT   4.8453E-05   -108.66  3.4674E-05   -247.24
   90.00    305.00   -999.99  -999.99  -999.99      0.0000      0.00         3.8939E-15     68.86  2.1009E-15    -67.02
    0.00    310.00     -4.11    -2.58    -0.27      0.0000     50.00 LINEAR  8.8263E-05   -202.26  1.0519E-04   -202.26
    5.00    310.00     -5.54    -2.50    -0.75      0.0550     54.89 RIGHT   7.4824E-05   -196.65  1.0619E-04   -203.34
   10.00    310.00     -7.55    -2.54    -1.35      0.1022     61.03 RIGHT   5.9403E-05   -191.55  1.0569E-04   -205.25
   15.00    310.00    -10.42    -2.65    -1.98      0.1288     68.78 RIGHT   4.2657E-05   -186.94  1.0439E-04   -208.15
   20.00    310.00    -14.90    -2.76    -2.50      0.1158     77.69 RIGHT   2.5467E-05   -182.67  1.0311E-04   -212.08
   25.00    310.00    -24.00    -2.79    -2.76      0.0552     86.15 RIGHT   8.9358E-06   -177.31  1.0272E-04   -216.91
   30.00    310.00    -27.80    -2.69    -2.68      0.0336    -87.47 LEFT    5.7676E-06     -4.97  1.0388E-04   -222.29
   35.00    310.00    -18.27    -2.45    -2.33      0.1163    -83.59 LEFT    1.7284E-05     -0.89  1.0689E-04   -227.64
   40.00    310.00    -15.15    -2.08    -1.87      0.1658    -81.59 LEFT    2.4757E-05     -2.74  1.1145E-04   -232.42
   45.00    310.00    -14.07    -1.68    -1.44      0.1699    -80.35 LEFT    2.8040E-05     -9.62  1.1669E-04   -236.25
   50.00    310.00    -13.85    -1.34    -1.11      0.1297    -78.78 LEFT    2.8761E-05    -24.36  1.2134E-04   -239.01
   55.00    310.00    -13.12    -1.16    -0.89      0.0550    -76.16 LEFT    3.1274E-05    -47.43  1.2389E-04   -240.80
   60.00    310.00    -11.01    -1.24    -0.80      0.0413    -72.16 RIGHT   3.9857E-05    -69.85  1.2284E-04   -241.78
   65.00    310.00     -8.50    -1.67    -0.85      0.1444    -66.59 RIGHT   5.3230E-05    -84.19  1.1687E-04   -242.17
   70.00    310.00     -6.58    -2.60    -1.14      0.2380    -59.35 RIGHT   6.6401E-05    -92.09  1.0502E-04   -242.18
   75.00    310.00     -5.66    -4.25    -1.89      0.3062    -50.62 RIGHT   7.3802E-05    -96.52  8.6863E-05   -241.96
   80.00    310.00     -6.15    -7.09    -3.59      0.3383    -41.09 RIGHT   6.9780E-05    -99.29  6.2597E-05   -241.64
   85.00    310.00     -9.37   -12.62    -7.69      0.3346    -31.72 RIGHT   4.8133E-05   -101.44  3.3128E-05   -241.32
   90.00    310.00   -999.99  -999.99  -999.99      0.0000      0.00         3.8742E-15     76.20  2.0065E-15    -61.05
    0.00    315.00     -3.28    -3.28    -0.27      0.0000     45.00 LINEAR  9.7094E-05   -202.26  9.7094E-05   -202.26
    5.00    315.00     -4.57    -3.18    -0.81      0.0507     49.56 RIGHT   8.3739E-05   -197.52  9.8166E-05   -203.40
   10.00    315.00     -6.38    -3.22    -1.51      0.0939     55.40 RIGHT   6.7963E-05   -193.91  9.7807E-05   -205.36
   15.00    315.00     -8.94    -3.31    -2.26      0.1164     62.94 RIGHT   5.0607E-05   -192.05  9.6742E-05   -208.29
   20.00    315.00    -12.69    -3.40    -2.91      0.0977     71.79 RIGHT   3.2862E-05   -193.83  9.5800E-05   -212.21
   25.00    315.00    -18.58    -3.40    -3.27      0.0280     80.25 RIGHT   1.6676E-05   -207.40  9.5797E-05   -216.94
   30.00    315.00    -23.93    -3.26    -3.22      0.0705     86.57 LEFT    9.0102E-06     88.10  9.7341E-05   -222.05
   35.00    315.00    -18.95    -2.97    -2.86      0.1587    -89.60 LEFT    1.5980E-05     40.58  1.0061E-04   -226.97
   40.00    315.00    -16.04    -2.58    -2.39      0.2073    -87.40 LEFT    2.2336E-05     27.04  1.0524E-04   -231.16
   45.00    315.00    -15.32    -2.17    -1.96      0.2059    -85.56 LEFT    2.4284E-05     15.92  1.1035E-04   -234.33
   50.00    315.00    -15.80    -1.83    -1.66      0.1582    -83.00 LEFT    2.2961E-05     -3.11  1.1471E-04   -236.42
   55.00    315.00    -15.44    -1.66    -1.49      0.0750    -79.21 LEFT    2.3947E-05    -35.25  1.1695E-04   -237.55
   60.00    315.00    -12.55    -1.76    -1.41      0.0296    -73.98 RIGHT   3.3401E-05    -64.33  1.1572E-04   -237.96
   65.00    315.00     -9.29    -2.21    -1.43      0.1390    -67.18 RIGHT   4.8593E-05    -79.48  1.0986E-04   -237.85
   70.00    315.00     -6.99    -3.15    -1.65      0.2340    -58.79 RIGHT   6.3355E-05    -86.62  9.8522E-05   -237.43
   75.00    315.00     -5.88    -4.82    -2.31      0.2972    -49.19 RIGHT   7.1959E-05    -90.27  8.1346E-05   -236.88
   80.00    315.00     -6.27    -7.67    -3.91      0.3214    -39.33 RIGHT   6.8780E-05    -92.50  5.8546E-05   -236.33
   85.00    315.00     -9.46   -13.21    -7.93      0.3118    -30.18 RIGHT   4.7688E-05    -94.34  3.0960E-05   -235.87
   90.00    315.00   -999.99  -999.99  -999.99      0.0000      0.00         3.8444E-15     83.40  1.8749E-15    -55.55
    0.00    320.00     -2.58    -4.11    -0.27      0.0000     40.00 LINEAR  1.0519E-04   -202.26  8.8263E-05   -202.26
    5.00    320.00     -3.75    -4.00    -0.87      0.0460     44.18 RIGHT   9.1940E-05   -198.18  8.9353E-05   -203.46
   10.00    320.00     -5.42    -4.03    -1.66      0.0849     49.64 RIGHT   7.5913E-05   -195.63  8.9104E-05   -205.46
   15.00    320.00     -7.73    -4.11    -2.54      0.1036     56.86 RIGHT   5.8198E-05   -195.52  8.8234E-05   -208.41
   20.00    320.00    -10.89    -4.18    -3.34      0.0798     65.53 RIGHT   4.0422E-05   -200.29  8.7547E-05   -212.32
   25.00    320.00    -14.94    -4.15    -3.81      0.0014     73.89 RIGHT   2.5357E-05   -216.63  8.7810E-05   -216.93
   30.00    320.00    -17.73    -3.98    -3.80      0.1072     80.06 LEFT    1.8386E-05   -254.33  8.9551E-05   -221.79
   35.00    320.00    -16.47    -3.67    -3.44      0.2017     83.81 LEFT    2.1264E-05     70.74  9.2867E-05   -226.30
   40.00    320.00    -14.98    -3.26    -2.98      0.2510     86.25 LEFT    2.5243E-05     53.72  9.7338E-05   -229.96
   45.00    320.00    -14.99    -2.84    -2.59      0.2461     88.89 LEFT    2.5210E-05     41.71  1.0211E-04   -232.52
   50.00    320.00    -16.59    -2.51    -2.35      0.1923    -87.34 LEFT    2.0985E-05     22.91  1.0605E-04   -234.00
   55.00    320.00    -17.70    -2.36    -2.24      0.1005    -82.12 LEFT    1.8454E-05    -17.76  1.0794E-04   -234.57
   60.00    320.00    -14.16    -2.47    -2.19      0.0143    -75.43 RIGHT   2.7735E-05    -57.81  1.0658E-04   -234.44
   65.00    320.00    -10.07    -2.94    -2.17      0.1319    -67.19 RIGHT   4.4427E-05    -74.46  1.0095E-04   -233.88
   70.00    320.00     -7.38    -3.90    -2.29      0.2283    -57.47 RIGHT   6.0567E-05    -81.07  9.0356E-05   -233.08
   75.00    320.00     -6.09    -5.58    -2.82      0.2851    -46.98 RIGHT   7.0239E-05    -84.12  7.4482E-05   -232.23
   80.00    320.00     -6.40    -8.45    -4.29      0.3000    -36.93 RIGHT   6.7826E-05    -85.93  5.3542E-05   -231.46
   85.00    320.00     -9.53   -13.99    -8.20      0.2845    -28.13 RIGHT   4.7254E-05    -87.53  2.8293E-05   -230.87
   90.00    320.00   -999.99  -999.99  -999.99      0.0000      0.00         3.8148E-15     90.29  1.7129E-15    -50.50
    0.00    325.00     -2.00    -5.10    -0.27      0.0000     35.00 LINEAR  1.1248E-04   -202.26  7.8759E-05   -202.26
    5.00    325.00     -3.08    -4.98    -0.92      0.0410     38.76 RIGHT   9.9353E-05   -198.69  7.9822E-05   -203.51
   10.00    325.00     -4.63    -5.00    -1.80      0.0755     43.76 RIGHT   8.3143E-05   -196.91  7.9656E-05   -205.55
   15.00    325.00     -6.74    -5.08    -2.82      0.0906     50.53 RIGHT   6.5211E-05   -197.98  7.8946E-05   -208.52
   20.00    325.00     -9.47    -5.13    -3.77      0.0626     58.87 RIGHT   4.7604E-05   -204.31  7.8451E-05   -212.40
   25.00    325.00    -12.51    -5.09    -4.36      0.0234     66.98 LEFT    3.3555E-05   -220.62  7.8873E-05   -216.90
   30.00    325.00    -14.28    -4.89    -4.42      0.1418     72.86 LEFT    2.7350E-05   -248.73  8.0659E-05   -221.52
   35.00    325.00    -13.86    -4.55    -4.07      0.2433     76.39 LEFT    2.8731E-05     85.84  8.3838E-05   -225.65
   40.00    325.00    -13.20    -4.14    -3.63      0.2953     79.09 LEFT    3.0973E-05     71.04  8.7976E-05   -228.83
   45.00    325.00    -13.70    -3.72    -3.31      0.2905     82.70 LEFT    2.9271E-05     60.80  9.2272E-05   -230.86
   50.00    325.00    -15.95    -3.40    -3.17      0.2333     88.02 LEFT    2.2568E-05     46.15  9.5714E-05   -231.80
   55.00    325.00    -19.24    -3.27    -3.16      0.1325    -84.98 LEFT    1.5459E-05      5.29  9.7230E-05   -231.85
   60.00    325.00    -15.78    -3.40    -3.15      0.0045    -76.49 LEFT    2.3015E-05    -50.11  9.5798E-05   -231.26
   65.00    325.00    -10.80    -3.89    -3.08      0.1240    -66.51 RIGHT   4.0872E-05    -69.29  9.0555E-05   -230.28
   70.00    325.00     -7.73    -4.87    -3.05      0.2217    -55.27 RIGHT   5.8193E-05    -75.61  8.0898E-05   -229.14
   75.00    325.00     -6.27    -6.56    -3.40      0.2699    -43.92 RIGHT   6.8793E-05    -78.24  6.6585E-05   -228.02
   80.00    325.00     -6.50    -9.43    -4.71      0.2746    -33.87 RIGHT   6.7045E-05    -79.74  4.7813E-05   -227.05
   85.00    325.00     -9.60   -14.98    -8.49      0.2537    -25.60 RIGHT   4.6911E-05    -81.16  2.5249E-05   -226.33
   90.00    325.00   -999.99  -999.99  -999.99      0.0000      0.00         3.7919E-15     96.71  1.5282E-15    -45.93
    0.00    330.00     -1.52    -6.29    -0.27      0.0000     30.00 LINEAR  1.1892E-04   -202.26  6.8656E-05   -202.26
    5.00    330.00     -2.52    -6.17    -0.96      0.0357     33.30 RIGHT   1.0591E-04   -199.09  6.9651E-05   -203.55
   10.00    330.00     -3.98    -6.18    -1.93      0.0656     37.76 RIGHT   8.9566E-05   -197.87  6.9543E-05   -205.62
   15.00    330.00     -5.94    -6.25    -3.08      0.0774     43.95 RIGHT   7.1504E-05   -199.75  6.8967E-05   -208.60
   20.00    330.00     -8.36    -6.30    -4.19      0.0466     51.76 RIGHT   5.4129E-05   -206.96  6.8615E-05   -212.45
   25.00    330.00    -10.78    -6.23    -4.93      0.0449     59.43 LEFT    4.0928E-05   -222.71  6.9108E-05   -216.85
   30.00    330.00    -12.05    -6.02    -5.05      0.1715     64.78 LEFT    3.5375E-05   -245.88  7.0817E-05   -221.25
   35.00    330.00    -11.86    -5.67    -4.74      0.2797     67.86 LEFT    3.6162E-05     93.96  7.3721E-05   -225.04
   40.00    330.00    -11.58    -5.25    -4.34      0.3369     70.71 LEFT    3.7338E-05     81.58  7.7399E-05   -227.79
   45.00    330.00    -12.28    -4.84    -4.12      0.3376     75.43 LEFT    3.4430E-05     73.22  8.1130E-05   -229.36
   50.00    330.00    -14.72    -4.53    -4.14      0.2823     82.73 LEFT    2.6015E-05     62.41  8.4034E-05   -229.83
   55.00    330.00    -19.46    -4.41    -4.28      0.1732    -87.91 LEFT    1.5080E-05     29.03  8.5201E-05   -229.42
   60.00    330.00    -17.30    -4.56    -4.34      0.0274    -77.10 LEFT    1.9317E-05    -41.23  8.3772E-05   -228.42
   65.00    330.00    -11.43    -5.07    -4.17      0.1162    -64.96 RIGHT   3.7986E-05    -64.15  7.9032E-05   -227.08
   70.00    330.00     -8.01    -6.06    -3.92      0.2142    -52.01 RIGHT   5.6297E-05    -70.46  7.0484E-05   -225.63
   75.00    330.00     -6.41    -7.77    -4.03      0.2511    -39.96 RIGHT   6.7683E-05    -72.82  5.7934E-05   -224.26
   80.00    330.00     -6.57   -10.65    -5.14      0.2453    -30.19 RIGHT   6.6487E-05    -74.10  4.1560E-05   -223.12
   85.00    330.00     -9.64   -16.20    -8.77      0.2204    -22.64 RIGHT   4.6690E-05    -75.40  2.1934E-05   -222.29
   90.00    330.00   -999.99  -999.99  -999.99      0.0000      0.00         3.7780E-15    102.52  1.3273E-15    -41.85
    0.00    335.00     -1.12    -7.75    -0.27      0.0000     25.00 LINEAR  1.2445E-04   -202.26  5.8031E-05   -202.26
    5.00    335.00     -2.07    -7.62    -1.01      0.0302     27.81 RIGHT   1.1156E-04   -199.40  5.8920E-05   -203.58
   10.00    335.00     -3.46    -7.63    -2.05      0.0552     31.66 RIGHT   9.5114E-05   -198.61  5.8853E-05   -205.68
   15.00    335.00     -5.30    -7.70    -3.32      0.0641     37.12 RIGHT   7.6971E-05   -201.05  5.8391E-05   -208.67
   20.00    335.00     -7.48    -7.73    -4.60      0.0326     44.18 RIGHT   5.9836E-05   -208.76  5.8143E-05   -212.49
   25.00    335.00     -9.52    -7.66    -5.48      0.0608     51.14 LEFT    4.7324E-05   -223.92  5.8640E-05   -216.79
   30.00    335.00    -10.50    -7.44    -5.69      0.1916     55.69 LEFT    4.2299E-05   -244.12  6.0176E-05   -221.00
   35.00    335.00    -10.39    -7.08    -5.42      0.3035     57.98 LEFT    4.2823E-05     98.87  6.2705E-05   -224.49
   40.00    335.00    -10.29    -6.65    -5.09      0.3676     60.66 LEFT    4.3299E-05     88.26  6.5839E-05   -226.88
   45.00    335.00    -11.09    -6.25    -5.02      0.3824     66.39 LEFT    3.9495E-05     81.28  6.8954E-05   -228.04
   50.00    335.00    -13.52    -5.96    -5.26      0.3405     76.17 LEFT    2.9866E-05     72.97  7.1317E-05   -228.11
   55.00    335.00    -18.72    -5.86    -5.64      0.2264     88.87 LEFT    1.6405E-05     47.43  7.2174E-05   -227.31
   60.00    335.00    -18.61    -6.02    -5.79      0.0556    -77.15 LEFT    1.6631E-05    -31.52  7.0830E-05   -225.95
   65.00    335.00    -11.96    -6.54    -5.44      0.1091    -62.27 RIGHT   3.5754E-05    -59.30  6.6705E-05   -224.29
   70.00    335.00     -8.24    -7.55    -4.87      0.2048    -47.47 RIGHT   5.4872E-05    -65.81  5.9400E-05   -222.58
   75.00    335.00     -6.51    -9.26    -4.66      0.2274    -35.08 RIGHT   6.6902E-05    -68.02  4.8766E-05   -221.00
   80.00    335.00     -6.61   -12.15    -5.54      0.2124    -25.97 RIGHT   6.6142E-05    -69.16  3.4953E-05   -219.70
   85.00    335.00     -9.66   -17.71    -9.03      0.1854    -19.32 RIGHT   4.6583E-05    -70.37  1.8438E-05   -218.78
   90.00    335.00   -999.99  -999.99  -999.99      0.0000      0.00         3.7724E-15   -252.42  1.1156E-15    -38.31
    0.00    340.00     -0.81    -9.59    -0.27      0.0000     20.00 LINEAR  1.2903E-04   -202.26  4.6964E-05   -202.26
    5.00    340.00     -1.72    -9.45    -1.04      0.0244     22.28 RIGHT   1.1625E-04   -199.64  4.7715E-05   -203.61
   10.00    340.00     -3.05    -9.46    -2.15      0.0446     25.46 RIGHT   9.9727E-05   -199.16  4.7675E-05   -205.73
   15.00    340.00     -4.80    -9.52    -3.54      0.0510     30.04 RIGHT   8.1535E-05   -202.00  4.7315E-05   -208.73
   20.00    340.00     -6.82    -9.56    -4.96      0.0209     36.11 RIGHT   6.4616E-05   -210.00  4.7143E-05   -212.52
   25.00    340.00     -8.60    -9.47    -6.00      0.0687     42.08 LEFT    5.2649E-05   -224.64  4.7592E-05   -216.74
   30.00    340.00     -9.39    -9.24    -6.30      0.1959     45.54 LEFT    4.8038E-05   -242.94  4.8888E-05   -220.77
   35.00    340.00     -9.32    -8.88    -6.08      0.3046     46.77 LEFT    4.8428E-05    102.05  5.0970E-05   -224.02
   40.00    340.00     -9.33    -8.46    -5.86      0.3735     48.80 LEFT    4.8410E-05     92.68  5.3508E-05   -226.11
   45.00    340.00    -10.17    -8.06    -5.98      0.4112     54.79 LEFT    4.3916E-05     86.65  5.5990E-05   -226.94
   50.00    340.00    -12.55    -7.78    -6.53      0.4050     67.07 LEFT    3.3378E-05     79.87  5.7827E-05   -226.66
   55.00    340.00    -17.77    -7.69    -7.28      0.3001     84.84 LEFT    1.8303E-05     59.64  5.8427E-05   -225.54
   60.00    340.00    -19.59    -7.87    -7.59      0.0922    -76.37 LEFT    1.4851E-05    -21.79  5.7244E-05   -223.89
   65.00    340.00    -12.37    -8.40    -6.94      0.1030    -57.93 RIGHT   3.4112E-05    -54.99  5.3829E-05   -221.96
   70.00    340.00     -8.40    -9.42    -5.87      0.1911    -41.37 RIGHT   5.3862E-05    -61.82  4.7874E-05   -220.03
   75.00    340.00     -6.58   -11.14    -5.28      0.1974    -29.30 RIGHT   6.6399E-05    -63.97  3.9264E-05   -218.27
   80.00    340.00     -6.64   -14.04    -5.91      0.1757    -21.28 RIGHT   6.5968E-05    -65.02  2.8123E-05   -216.84
   85.00    340.00     -9.66   -19.60    -9.24      0.1493    -15.73 RIGHT   4.6562E-05    -66.18  1.4829E-05   -215.84
   90.00    340.00   -999.99  -999.99  -999.99      0.0000      0.00         3.7732E-15   -248.21  8.9711E-16    -35.35
    0.00    345.00     -0.57   -12.01    -0.27      0.0000     15.00 LINEAR  1.3263E-04   -202.26  3.5539E-05   -202.26
    5.00    345.00     -1.44   -11.87    -1.07      0.0184     16.73 RIGHT   1.1994E-04   -199.81  3.6126E-05   -203.64
   10.00    345.00     -2.74   -11.87    -2.24      0.0337     19.17 RIGHT   1.0336E-04   -199.56  3.6103E-05   -205.77
   15.00    345.00     -4.42   -11.94    -3.71      0.0380     22.75 RIGHT   8.5140E-05   -202.67  3.5838E-05   -208.77
   20.00    345.00     -6.32   -11.96    -5.28      0.0121     27.57 RIGHT   6.8398E-05   -210.85  3.5723E-05   -212.54
   25.00    345.00     -7.93   -11.88    -6.46      0.0664     32.29 LEFT    5.6843E-05   -225.09  3.6087E-05   -216.69
   30.00    345.00     -8.61   -11.64    -6.86      0.1785     34.55 LEFT    5.2540E-05   -242.13  3.7094E-05   -220.59
   35.00    345.00     -8.56   -11.27    -6.70      0.2729     34.73 LEFT    5.2853E-05   -255.84  3.8685E-05   -223.64
   40.00    345.00     -8.62   -10.85    -6.59      0.3386     35.78 LEFT    5.2477E-05     95.63  4.0600E-05   -225.49
   45.00    345.00     -9.50   -10.47    -6.95      0.3975     40.61 LEFT    4.7454E-05     90.25  4.2448E-05   -226.05
   50.00    345.00    -11.84   -10.20    -7.93      0.4546     53.27 LEFT    3.6233E-05     84.40  4.3788E-05   -225.51
   55.00    345.00    -16.96   -10.12    -9.30      0.4093     78.60 LEFT    2.0093E-05     67.37  4.4182E-05   -224.14
   60.00    345.00    -20.23   -10.31    -9.89      0.1439    -74.09 LEFT    1.3789E-05    -13.11  4.3230E-05   -222.25
   65.00    345.00    -12.66   -10.85    -8.65      0.0969    -51.04 RIGHT   3.2968E-05    -51.43  4.0602E-05   -220.12
   70.00    345.00     -8.51   -11.88    -6.86      0.1683    -33.48 RIGHT   5.3190E-05    -58.63  3.6073E-05   -218.00
   75.00    345.00     -6.62   -13.61    -5.83      0.1594    -22.73 RIGHT   6.6104E-05    -60.76  2.9563E-05   -216.10
   80.00    345.00     -6.64   -16.51    -6.22      0.1355    -16.24 RIGHT   6.5909E-05    -61.76  2.1162E-05   -214.56
   85.00    345.00     -9.66   -22.07    -9.42      0.1125    -11.94 RIGHT   4.6593E-05    -62.87  1.1155E-05   -213.50
   90.00    345.00   -999.99  -999.99  -999.99      0.0000      0.00         3.7774E-15   -244.89  6.7473E-16    -32.98
    0.00    350.00     -0.40   -15.48    -0.27      0.0000     10.00 LINEAR  1.3523E-04   -202.26  2.3844E-05   -202.26
    5.00    350.00     -1.25   -15.33    -1.09      0.0124     11.17 RIGHT   1.2259E-04   -199.93  2.4247E-05   -203.65
   10.00    350.00     -2.52   -15.34    -2.30      0.0226     12.82 RIGHT   1.0598E-04   -199.83  2.4235E-05   -205.79
   15.00    350.00     -4.16   -15.40    -3.84      0.0252     15.27 RIGHT   8.7743E-05   -203.13  2.4059E-05   -208.80
   20.00    350.00     -5.98   -15.42    -5.51      0.0061     18.63 RIGHT   7.1131E-05   -211.40  2.3989E-05   -212.55
   25.00    350.00     -7.48   -15.33    -6.82      0.0528     21.88 LEFT    5.9863E-05   -225.35  2.4244E-05   -216.65
   30.00    350.00     -8.10   -15.09    -7.30      0.1369     23.09 LEFT    5.5773E-05   -241.59  2.4930E-05   -220.45
   35.00    350.00     -8.05   -14.72    -7.21      0.2057     22.68 LEFT    5.6038E-05   -254.49  2.6003E-05   -223.36
   40.00    350.00     -8.15   -14.31    -7.21      0.2567     22.95 LEFT    5.5413E-05     97.54  2.7282E-05   -225.03
   45.00    350.00     -9.04   -13.93    -7.82      0.3169     25.72 LEFT    5.0012E-05     92.57  2.8505E-05   -225.41
   50.00    350.00    -11.36   -13.66    -9.35      0.4235     34.06 LEFT    3.8305E-05     87.28  2.9378E-05   -224.68
   55.00    350.00    -16.39   -13.59   -11.76      0.5694     63.75 LEFT    2.1474E-05     72.08  2.9612E-05   -223.12
   60.00    350.00    -20.60   -13.79   -12.97      0.2257    -68.23 LEFT    1.3224E-05     -6.44  2.8945E-05   -221.06
   65.00    350.00    -12.86   -14.34   -10.53      0.0864    -40.05 RIGHT   3.2230E-05    -48.80  2.7162E-05   -218.77
   70.00    350.00     -8.58   -15.38    -7.75      0.1300    -23.69 RIGHT   5.2775E-05    -56.30  2.4115E-05   -216.53
   75.00    350.00     -6.64   -17.11    -6.27      0.1128    -15.51 RIGHT   6.5950E-05    -58.44  1.9751E-05   -214.52
   80.00    350.00     -6.64   -20.02    -6.45      0.0922    -10.96 RIGHT   6.5910E-05    -59.41  1.4133E-05   -212.91
   85.00    350.00     -9.65   -25.58    -9.54      0.0752     -8.02 RIGHT   4.6642E-05    -60.50  7.4480E-06   -211.81
   90.00    350.00   -999.99  -999.99  -999.99      0.0000      0.00         3.7824E-15   -242.51  4.5051E-16    -31.27
    0.00    355.00     -0.30   -21.46    -0.27      0.0000      5.00 LINEAR  1.3679E-04   -202.26  1.1968E-05   -202.26
    5.00    355.00     -1.14   -21.32    -1.10      0.0062      5.59 RIGHT   1.2420E-04   -200.00  1.2172E-05   -203.66
   10.00    355.00     -2.39   -21.32    -2.34      0.0113      6.42 RIGHT   1.0756E-04   -199.99  1.2167E-05   -205.81
   15.00    355.00     -4.01   -21.38    -3.93      0.0126      7.67 RIGHT   8.9316E-05   -203.39  1.2080E-05   -208.82
   20.00    355.00     -5.78   -21.41    -5.67      0.0024      9.40 RIGHT   7.2783E-05   -211.71  1.2046E-05   -212.56
   25.00    355.00     -7.22   -21.31    -7.05      0.0293     11.05 LEFT    6.1685E-05   -225.49  1.2177E-05   -216.62
   30.00    355.00     -7.80   -21.07    -7.60      0.0744     11.52 LEFT    5.7718E-05   -241.29  1.2525E-05   -220.37
   35.00    355.00     -7.76   -20.70    -7.55      0.1103     11.13 LEFT    5.7957E-05   -253.72  1.3064E-05   -223.19
   40.00    355.00     -7.88   -20.29    -7.64      0.1378     11.10 LEFT    5.7182E-05     98.61  1.3704E-05   -224.76
   45.00    355.00     -8.78   -19.91    -8.46      0.1746     12.19 LEFT    5.1553E-05     93.88  1.4312E-05   -225.02
   50.00    355.00    -11.08   -19.65   -10.51      0.2546     15.29 LEFT    3.9555E-05     88.89  1.4742E-05   -224.17
   55.00    355.00    -16.05   -19.59   -14.46      0.5222     23.71 LEFT    2.2328E-05     74.64  1.4850E-05   -222.51
   60.00    355.00    -20.77   -19.79   -17.24      0.3420    -49.07 LEFT    1.2967E-05     -2.29  1.4507E-05   -220.34
   65.00    355.00    -12.97   -20.35   -12.24      0.0581    -22.96 RIGHT   3.1821E-05    -47.18  1.3606E-05   -217.96
   70.00    355.00     -8.61   -21.39    -8.39      0.0723    -12.30 RIGHT   5.2554E-05    -54.89  1.2074E-05   -215.64
   75.00    355.00     -6.65   -23.12    -6.55      0.0586     -7.86 RIGHT   6.5880E-05    -57.04  9.8861E-06   -213.57
   80.00    355.00     -6.64   -26.03    -6.59      0.0467     -5.52 RIGHT   6.5929E-05    -58.00  7.0725E-06   -211.91
   85.00    355.00     -9.64   -31.60    -9.61      0.0377     -4.03 RIGHT   4.6682E-05    -59.07  3.7266E-06   -210.78
   90.00    355.00   -999.99  -999.99  -999.99      0.0000      0.00         3.7862E-15   -241.08  2.2540E-16    -30.24


  AVERAGE POWER GAIN:  4.4895E-01 - SOLID ANGLE USED IN AVERAGING: (+1.9722)*PI STERADIANS



  DATA CARD No:   8 EN   0     0     0     0  0.00000E+00  0.00000E+00  0.00000E+00  0.00000E+00  0.00000E+00  0.00000E+00

  TOTAL RUN TIME: 50 msec