


                               __________________________________________
                              |                                          |
                              |  NUMERICAL ELECTROMAGNETICS CODE (nec2c) |
                              |   Translated to 'C' in Double Precision  |
                              |__________________________________________|



                               ---------------- COMMENTS ----------------
                               pattern-direct-35p0-25p0-20m
                              



                               -------- STRUCTURE SPECIFICATION --------
                                     COORDINATES MUST BE INPUT IN
                                     METERS OR BE SCALED TO METERS
                                     BEFORE STRUCTURE INPUT IS ENDED

  WIRE                                                                                 SEG FIRST  LAST  TAG
   No:        X1         Y1         Z1         X2         Y2         Z2       RADIUS   No:   SEG   SEG  No:
     1    -7.62000    0.00000    0.15240   -0.01000    0.00000    0.91440    0.00024    41     1    41    1
     2    -0.01000    0.00000    0.91440    0.01000    0.00000    0.91440    0.00024     1    42    42    2
     3     0.01000    0.00000    0.91440    6.78822    0.00000    9.14400    0.00024    61    43   103    3

     TOTAL SEGMENTS USED: 103   SEGMENTS IN A SYMMETRIC CELL: 103   SYMMETRY FLAG: 0


                               ---------- SEGMENTATION DATA ----------
                                        COORDINATES IN METERS
                            I+ AND I- INDICATE THE SEGMENTS BEFORE AND AFTER I

   SEG    COORDINATES OF SEGM CENTER     SEGM    ORIENTATION ANGLES    WIRE    CONNECTION DATA   TAG
   No:       X         Y         Z      LENGTH     ALPHA      BETA    RADIUS    I-     I    I+   No:
     1   -7.5272    0.0000    0.1617    0.1865    5.7180    0.0000    0.0002     0     1     2     1
     2   -7.3416    0.0000    0.1803    0.1865    5.7180    0.0000    0.0002     1     2     3     1
     3   -7.1560    0.0000    0.1989    0.1865    5.7180    0.0000    0.0002     2     3     4     1
     4   -6.9704    0.0000    0.2174    0.1865    5.7180    0.0000    0.0002     3     4     5     1
     5   -6.7848    0.0000    0.2360    0.1865    5.7180    0.0000    0.0002     4     5     6     1
     6   -6.5991    0.0000    0.2546    0.1865    5.7180    0.0000    0.0002     5     6     7     1
     7   -6.4135    0.0000    0.2732    0.1865    5.7180    0.0000    0.0002     6     7     8     1
     8   -6.2279    0.0000    0.2918    0.1865    5.7180    0.0000    0.0002     7     8     9     1
     9   -6.0423    0.0000    0.3104    0.1865    5.7180    0.0000    0.0002     8     9    10     1
    10   -5.8567    0.0000    0.3290    0.1865    5.7180    0.0000    0.0002     9    10    11     1
    11   -5.6711    0.0000    0.3475    0.1865    5.7180    0.0000    0.0002    10    11    12     1
    12   -5.4855    0.0000    0.3661    0.1865    5.7180    0.0000    0.0002    11    12    13     1
    13   -5.2999    0.0000    0.3847    0.1865    5.7180    0.0000    0.0002    12    13    14     1
    14   -5.1143    0.0000    0.4033    0.1865    5.7180    0.0000    0.0002    13    14    15     1
    15   -4.9287    0.0000    0.4219    0.1865    5.7180    0.0000    0.0002    14    15    16     1
    16   -4.7430    0.0000    0.4405    0.1865    5.7180    0.0000    0.0002    15    16    17     1
    17   -4.5574    0.0000    0.4591    0.1865    5.7180    0.0000    0.0002    16    17    18     1
    18   -4.3718    0.0000    0.4776    0.1865    5.7180    0.0000    0.0002    17    18    19     1
    19   -4.1862    0.0000    0.4962    0.1865    5.7180    0.0000    0.0002    18    19    20     1
    20   -4.0006    0.0000    0.5148    0.1865    5.7180    0.0000    0.0002    19    20    21     1
    21   -3.8150    0.0000    0.5334    0.1865    5.7180    0.0000    0.0002    20    21    22     1
    22   -3.6294    0.0000    0.5520    0.1865    5.7180    0.0000    0.0002    21    22    23     1
    23   -3.4438    0.0000    0.5706    0.1865    5.7180    0.0000    0.0002    22    23    24     1
    24   -3.2582    0.0000    0.5892    0.1865    5.7180    0.0000    0.0002    23    24    25     1
    25   -3.0726    0.0000    0.6077    0.1865    5.7180    0.0000    0.0002    24    25    26     1
    26   -2.8870    0.0000    0.6263    0.1865    5.7180    0.0000    0.0002    25    26    27     1
    27   -2.7013    0.0000    0.6449    0.1865    5.7180    0.0000    0.0002    26    27    28     1
    28   -2.5157    0.0000    0.6635    0.1865    5.7180    0.0000    0.0002    27    28    29     1
    29   -2.3301    0.0000    0.6821    0.1865    5.7180    0.0000    0.0002    28    29    30     1
    30   -2.1445    0.0000    0.7007    0.1865    5.7180    0.0000    0.0002    29    30    31     1
    31   -1.9589    0.0000    0.7193    0.1865    5.7180    0.0000    0.0002    30    31    32     1
    32   -1.7733    0.0000    0.7378    0.1865    5.7180    0.0000    0.0002    31    32    33     1
    33   -1.5877    0.0000    0.7564    0.1865    5.7180    0.0000    0.0002    32    33    34     1
    34   -1.4021    0.0000    0.7750    0.1865    5.7180    0.0000    0.0002    33    34    35     1
    35   -1.2165    0.0000    0.7936    0.1865    5.7180    0.0000    0.0002    34    35    36     1
    36   -1.0309    0.0000    0.8122    0.1865    5.7180    0.0000    0.0002    35    36    37     1
    37   -0.8452    0.0000    0.8308    0.1865    5.7180    0.0000    0.0002    36    37    38     1
    38   -0.6596    0.0000    0.8494    0.1865    5.7180    0.0000    0.0002    37    38    39     1
    39   -0.4740    0.0000    0.8679    0.1865    5.7180    0.0000    0.0002    38    39    40     1
    40   -0.2884    0.0000    0.8865    0.1865    5.7180    0.0000    0.0002    39    40    41     1
    41   -0.1028    0.0000    0.9051    0.1865    5.7180    0.0000    0.0002    40    41    42     1
    42    0.0000    0.0000    0.9144    0.0200    0.0000    0.0000    0.0002    41    42    43     2
    43    0.0656    0.0000    0.9819    0.1748   50.5238    0.0000    0.0002    42    43    44     3
    44    0.1767    0.0000    1.1168    0.1748   50.5238    0.0000    0.0002    43    44    45     3
    45    0.2878    0.0000    1.2517    0.1748   50.5238    0.0000    0.0002    44    45    46     3
    46    0.3989    0.0000    1.3866    0.1748   50.5238    0.0000    0.0002    45    46    47     3
    47    0.5100    0.0000    1.5215    0.1748   50.5238    0.0000    0.0002    46    47    48     3
    48    0.6212    0.0000    1.6564    0.1748   50.5238    0.0000    0.0002    47    48    49     3
    49    0.7323    0.0000    1.7913    0.1748   50.5238    0.0000    0.0002    48    49    50     3
    50    0.8434    0.0000    1.9262    0.1748   50.5238    0.0000    0.0002    49    50    51     3
    51    0.9545    0.0000    2.0611    0.1748   50.5238    0.0000    0.0002    50    51    52     3
    52    1.0656    0.0000    2.1961    0.1748   50.5238    0.0000    0.0002    51    52    53     3
    53    1.1767    0.0000    2.3310    0.1748   50.5238    0.0000    0.0002    52    53    54     3
    54    1.2879    0.0000    2.4659    0.1748   50.5238    0.0000    0.0002    53    54    55     3
    55    1.3990    0.0000    2.6008    0.1748   50.5238    0.0000    0.0002    54    55    56     3
    56    1.5101    0.0000    2.7357    0.1748   50.5238    0.0000    0.0002    55    56    57     3
    57    1.6212    0.0000    2.8706    0.1748   50.5238    0.0000    0.0002    56    57    58     3
    58    1.7323    0.0000    3.0055    0.1748   50.5238    0.0000    0.0002    57    58    59     3
    59    1.8435    0.0000    3.1404    0.1748   50.5238    0.0000    0.0002    58    59    60     3
    60    1.9546    0.0000    3.2754    0.1748   50.5238    0.0000    0.0002    59    60    61     3
    61    2.0657    0.0000    3.4103    0.1748   50.5238    0.0000    0.0002    60    61    62     3
    62    2.1768    0.0000    3.5452    0.1748   50.5238    0.0000    0.0002    61    62    63     3
    63    2.2879    0.0000    3.6801    0.1748   50.5238    0.0000    0.0002    62    63    64     3
    64    2.3990    0.0000    3.8150    0.1748   50.5238    0.0000    0.0002    63    64    65     3
    65    2.5102    0.0000    3.9499    0.1748   50.5238    0.0000    0.0002    64    65    66     3
    66    2.6213    0.0000    4.0848    0.1748   50.5238    0.0000    0.0002    65    66    67     3
    67    2.7324    0.0000    4.2197    0.1748   50.5238    0.0000    0.0002    66    67    68     3
    68    2.8435    0.0000    4.3546    0.1748   50.5238    0.0000    0.0002    67    68    69     3
    69    2.9546    0.0000    4.4896    0.1748   50.5238    0.0000    0.0002    68    69    70     3
    70    3.0658    0.0000    4.6245    0.1748   50.5238    0.0000    0.0002    69    70    71     3
    71    3.1769    0.0000    4.7594    0.1748   50.5238    0.0000    0.0002    70    71    72     3
    72    3.2880    0.0000    4.8943    0.1748   50.5238    0.0000    0.0002    71    72    73     3
    73    3.3991    0.0000    5.0292    0.1748   50.5238    0.0000    0.0002    72    73    74     3
    74    3.5102    0.0000    5.1641    0.1748   50.5238    0.0000    0.0002    73    74    75     3
    75    3.6213    0.0000    5.2990    0.1748   50.5238    0.0000    0.0002    74    75    76     3
    76    3.7325    0.0000    5.4339    0.1748   50.5238    0.0000    0.0002    75    76    77     3
    77    3.8436    0.0000    5.5688    0.1748   50.5238    0.0000    0.0002    76    77    78     3
    78    3.9547    0.0000    5.7038    0.1748   50.5238    0.0000    0.0002    77    78    79     3
    79    4.0658    0.0000    5.8387    0.1748   50.5238    0.0000    0.0002    78    79    80     3
    80    4.1769    0.0000    5.9736    0.1748   50.5238    0.0000    0.0002    79    80    81     3
    81    4.2881    0.0000    6.1085    0.1748   50.5238    0.0000    0.0002    80    81    82     3
    82    4.3992    0.0000    6.2434    0.1748   50.5238    0.0000    0.0002    81    82    83     3
    83    4.5103    0.0000    6.3783    0.1748   50.5238    0.0000    0.0002    82    83    84     3
    84    4.6214    0.0000    6.5132    0.1748   50.5238    0.0000    0.0002    83    84    85     3
    85    4.7325    0.0000    6.6481    0.1748   50.5238    0.0000    0.0002    84    85    86     3
    86    4.8436    0.0000    6.7830    0.1748   50.5238    0.0000    0.0002    85    86    87     3
    87    4.9548    0.0000    6.9180    0.1748   50.5238    0.0000    0.0002    86    87    88     3
    88    5.0659    0.0000    7.0529    0.1748   50.5238    0.0000    0.0002    87    88    89     3
    89    5.1770    0.0000    7.1878    0.1748   50.5238    0.0000    0.0002    88    89    90     3
    90    5.2881    0.0000    7.3227    0.1748   50.5238    0.0000    0.0002    89    90    91     3
    91    5.3992    0.0000    7.4576    0.1748   50.5238    0.0000    0.0002    90    91    92     3
    92    5.5104    0.0000    7.5925    0.1748   50.5238    0.0000    0.0002    91    92    93     3
    93    5.6215    0.0000    7.7274    0.1748   50.5238    0.0000    0.0002    92    93    94     3
    94    5.7326    0.0000    7.8623    0.1748   50.5238    0.0000    0.0002    93    94    95     3
    95    5.8437    0.0000    7.9973    0.1748   50.5238    0.0000    0.0002    94    95    96     3
    96    5.9548    0.0000    8.1322    0.1748   50.5238    0.0000    0.0002    95    96    97     3
    97    6.0659    0.0000    8.2671    0.1748   50.5238    0.0000    0.0002    96    97    98     3
    98    6.1771    0.0000    8.4020    0.1748   50.5238    0.0000    0.0002    97    98    99     3
    99    6.2882    0.0000    8.5369    0.1748   50.5238    0.0000    0.0002    98    99   100     3
   100    6.3993    0.0000    8.6718    0.1748   50.5238    0.0000    0.0002    99   100   101     3
   101    6.5104    0.0000    8.8067    0.1748   50.5238    0.0000    0.0002   100   101   102     3
   102    6.6215    0.0000    8.9416    0.1748   50.5238    0.0000    0.0002   101   102   103     3
   103    6.7327    0.0000    9.0765    0.1748   50.5238    0.0000    0.0002   102   103     0     3



  DATA CARD No:   1 EK   0     0     0     0  0.00000E+00  0.00000E+00  0.00000E+00  0.00000E+00  0.00000E+00  0.00000E+00
  DATA CARD No:   2 LD   5     0     0     0  1.50000E+07  0.00000E+00  0.00000E+00  0.00000E+00  0.00000E+00  0.00000E+00
  DATA CARD No:   3 GN   2     0     0     0  1.30000E+01  5.00000E-03  0.00000E+00  0.00000E+00  0.00000E+00  0.00000E+00
  DATA CARD No:   4 FR   0     1     0     0  1.40500E+01  0.00000E+00  0.00000E+00  0.00000E+00  0.00000E+00  0.00000E+00
  DATA CARD No:   5 EX   0     2     1     0  1.00000E+00  0.00000E+00  0.00000E+00  0.00000E+00  0.00000E+00  0.00000E+00
  DATA CARD No:   6 PT  -1     0     0     0  0.00000E+00  0.00000E+00  0.00000E+00  0.00000E+00  0.00000E+00  0.00000E+00
  DATA CARD No:   7 RP   0    19    72  1001  0.00000E+00  0.00000E+00  5.00000E+00  5.00000E+00  1.00000E+03  0.00000E+00


                               --------- FREQUENCY --------
                                FREQUENCY : 1.4050E+01 MHz
                                WAVELENGTH: 2.1338E+01 Mtr

                        APPROXIMATE INTEGRATION EMPLOYED FOR SEGMENTS 
                        THAT ARE MORE THAN 1.000 WAVELENGTHS APART
                        THE EXTENDED THIN WIRE KERNEL WILL BE USED


                          ------ STRUCTURE IMPEDANCE LOADING ------
  LOCATION        RESISTANCE  INDUCTANCE  CAPACITANCE     IMPEDANCE (OHMS)   CONDUCTIVITY  CIRCUIT
  ITAG FROM THRU     OHMS       HENRYS      FARADS       REAL     IMAGINARY   MHOS/METER      TYPE
  ALL                                                                        1.5000E+07     WIRE  


                            -------- ANTENNA ENVIRONMENT --------
                            FINITE GROUND - SOMMERFELD SOLUTION
                            RELATIVE DIELECTRIC CONST: 13.000
                            CONDUCTIVITY:  5.000E-03 MHOS/METER
                            COMPLEX DIELECTRIC CONSTANT:  1.3000E+01-6.3972E+00j


                             ---------- MATRIX TIMING ----------
                               FILL: 10 msec  FACTOR: 0 msec


                        --------- ANTENNA INPUT PARAMETERS ---------
  TAG   SEG       VOLTAGE (VOLTS)         CURRENT (AMPS)         IMPEDANCE (OHMS)        ADMITTANCE (MHOS)     POWER
  No:   No:     REAL      IMAGINARY     REAL      IMAGINARY     REAL      IMAGINARY    REAL       IMAGINARY   (WATTS)
    2    42  1.0000E+00  0.0000E+00  3.6649E-04  2.3325E-04  1.9420E+03 -1.2360E+03  3.6649E-04  2.3325E-04  1.8324E-04


                               ---------- POWER BUDGET ---------
                               INPUT POWER   =  1.8324E-04 Watts
                               RADIATED POWER=  1.6582E-04 Watts
                               STRUCTURE LOSS=  1.7429E-05 Watts
                               NETWORK LOSS  =  0.0000E+00 Watts
                               EFFICIENCY    =   90.49 Percent


                             ---------- RADIATION PATTERNS -----------

                             RANGE:  1.000000E+03 METERS
                             EXP(-JKR)/R:  1.00000E-03 AT PHASE: -311.25 DEGREES

 ---- ANGLES -----     ----- POWER GAINS -----       ---- POLARIZATION ----   ---- E(THETA) ----    ----- E(PHI) ------
  THETA      PHI       VERTC    HORIZ    TOTAL       AXIAL      TILT  SENSE   MAGNITUDE    PHASE    MAGNITUDE     PHASE
 DEGREES   DEGREES        DB       DB       DB       RATIO   DEGREES            VOLTS/M   DEGREES     VOLTS/M   DEGREES
    0.00      0.00      1.51  -999.99     1.51      0.0000     -0.00 LINEAR  1.2471E-04   -401.37  0.0000E+00   -311.25
    5.00      0.00      1.30  -999.99     1.30      0.0000      0.00 LINEAR  1.2180E-04   -396.97  0.0000E+00   -311.25
   10.00      0.00      1.03  -999.99     1.03      0.0000      0.00 LINEAR  1.1803E-04   -392.71  0.0000E+00   -311.25
   15.00      0.00      0.67  -999.99     0.67      0.0000      0.00 LINEAR  1.1325E-04   -388.36  0.0000E+00   -311.25
   20.00      0.00      0.20  -999.99     0.20      0.0000      0.00 LINEAR  1.0728E-04   -383.67  0.0000E+00   -311.25
   25.00      0.00     -0.41  -999.99    -0.41      0.0000      0.00 LINEAR  9.9939E-05   -378.37  0.0000E+00   -311.25
   30.00      0.00     -1.21  -999.99    -1.21      0.0000      0.00 LINEAR  9.1168E-05   -372.09  0.0000E+00   -311.25
   35.00      0.00     -2.23  -999.99    -2.23      0.0000      0.00 LINEAR  8.1117E-05   -364.31  0.0000E+00   -311.25
   40.00      0.00     -3.47  -999.99    -3.47      0.0000      0.00 LINEAR  7.0316E-05   -354.23  0.0000E+00   -311.25
   45.00      0.00     -4.86  -999.99    -4.86      0.0000      0.00 LINEAR  5.9879E-05   -340.68  0.0000E+00   -311.25
   50.00      0.00     -6.14  -999.99    -6.14      0.0000      0.00 LINEAR  5.1681E-05   -322.54  0.0000E+00   -311.25
   55.00      0.00     -6.80  -999.99    -6.80      0.0000      0.00 LINEAR  4.7937E-05   -300.55  0.0000E+00   -311.25
   60.00      0.00     -6.54  -999.99    -6.54      0.0000      0.00 LINEAR  4.9376E-05   -279.04  0.0000E+00   -311.25
   65.00      0.00     -5.78  -999.99    -5.78      0.0000      0.00 LINEAR  5.3885E-05   -262.21  0.0000E+00   -311.25
   70.00      0.00     -5.15  -999.99    -5.15      0.0000      0.00 LINEAR  5.7963E-05   -250.72  0.0000E+00   -311.25
   75.00      0.00     -5.10  -999.99    -5.10      0.0000      0.00 LINEAR  5.8272E-05   -243.50  0.0000E+00   -311.25
   80.00      0.00     -6.14  -999.99    -6.14      0.0000      0.00 LINEAR  5.1683E-05   -239.60  0.0000E+00   -311.25
   85.00      0.00     -9.67  -999.99    -9.67      0.0000      0.00 LINEAR  3.4442E-05   -238.59  0.0000E+00   -311.25
   90.00      0.00   -999.99  -999.99  -999.99      0.0000      0.00         2.7494E-15   -420.78  0.0000E+00   -311.25
    0.00      5.00      1.48   -19.68     1.51      0.0000     -5.00 LINEAR  1.2424E-04   -401.37  1.0869E-05   -221.37
    5.00      5.00      1.27   -19.57     1.31      0.0002     -5.19 LEFT    1.2132E-04   -396.99  1.1015E-05   -217.10
   10.00      5.00      1.00   -19.46     1.03      0.0006     -5.42 LEFT    1.1754E-04   -392.74  1.1148E-05   -213.11
   15.00      5.00      0.63   -19.38     0.68      0.0016     -5.70 LEFT    1.1277E-04   -388.40  1.1263E-05   -209.34
   20.00      5.00      0.16   -19.31     0.21      0.0037     -6.06 LEFT    1.0681E-04   -383.73  1.1350E-05   -205.73
   25.00      5.00     -0.45   -19.27    -0.40      0.0075     -6.52 LEFT    9.9490E-05   -378.43  1.1396E-05   -202.23
   30.00      5.00     -1.25   -19.28    -1.18      0.0143     -7.11 LEFT    9.0751E-05   -372.14  1.1387E-05   -198.79
   35.00      5.00     -2.27   -19.35    -2.18      0.0264     -7.83 LEFT    8.0744E-05   -364.34  1.1303E-05   -195.41
   40.00      5.00     -3.51   -19.49    -3.40      0.0476     -8.62 LEFT    7.0001E-05   -354.23  1.1122E-05   -192.09
   45.00      5.00     -4.90   -19.72    -4.76      0.0836     -9.15 LEFT    5.9644E-05   -340.64  1.0822E-05   -188.85
   50.00      5.00     -6.16   -20.09    -5.99      0.1350     -8.49 LEFT    5.1553E-05   -322.44  1.0378E-05   -185.71
   55.00      5.00     -6.80   -20.61    -6.62      0.1787     -5.59 LEFT    4.7930E-05   -300.46  9.7666E-06   -182.74
   60.00      5.00     -6.52   -21.36    -6.38      0.1789     -1.69 LEFT    4.9467E-05   -279.03  8.9674E-06   -179.98
   65.00      5.00     -5.76   -22.38    -5.66      0.1468      0.78 LEFT    5.4026E-05   -262.30  7.9651E-06   -177.48
   70.00      5.00     -5.12   -23.82    -5.06      0.1124      1.68 LEFT    5.8117E-05   -250.89  6.7520E-06   -175.30
   75.00      5.00     -5.08   -25.87    -5.04      0.0858      1.78 LEFT    5.8416E-05   -243.72  5.3300E-06   -173.47
   80.00      5.00     -6.12   -29.02    -6.10      0.0663      1.56 LEFT    5.1801E-05   -239.84  3.7123E-06   -172.05
   85.00      5.00     -9.65   -34.73    -9.63      0.0516      1.21 LEFT    3.4517E-05   -238.85  1.9237E-06   -171.05
   90.00      5.00   -999.99  -999.99  -999.99      0.0000      0.00         2.7553E-15   -421.04  1.1561E-16   -350.49
    0.00     10.00      1.38   -13.70     1.51      0.0000    -10.00 LINEAR  1.2282E-04   -401.37  2.1656E-05   -221.37
    5.00     10.00      1.17   -13.58     1.31      0.0003    -10.37 LEFT    1.1987E-04   -397.04  2.1943E-05   -217.15
   10.00     10.00      0.89   -13.48     1.04      0.0012    -10.83 LEFT    1.1608E-04   -392.83  2.2208E-05   -213.20
   15.00     10.00      0.52   -13.39     0.70      0.0032    -11.39 LEFT    1.1132E-04   -388.53  2.2438E-05   -209.48
   20.00     10.00      0.05   -13.32     0.24      0.0073    -12.10 LEFT    1.0540E-04   -383.88  2.2614E-05   -205.92
   25.00     10.00     -0.57   -13.28    -0.34      0.0148    -13.00 LEFT    9.8146E-05   -378.59  2.2711E-05   -202.47
   30.00     10.00     -1.37   -13.29    -1.10      0.0282    -14.15 LEFT    8.9501E-05   -372.29  2.2697E-05   -199.08
   35.00     10.00     -2.39   -13.35    -2.05      0.0515    -15.55 LEFT    7.9624E-05   -364.45  2.2535E-05   -195.75
   40.00     10.00     -3.62   -13.49    -3.20      0.0919    -17.11 LEFT    6.9059E-05   -354.24  2.2182E-05   -192.48
   45.00     10.00     -5.00   -13.72    -4.45      0.1595    -18.28 LEFT    5.8942E-05   -340.49  2.1590E-05   -189.28
   50.00     10.00     -6.23   -14.09    -5.57      0.2579    -17.41 LEFT    5.1172E-05   -322.14  2.0710E-05   -186.20
   55.00     10.00     -6.80   -14.61    -6.13      0.3494    -11.90 LEFT    4.7914E-05   -300.16  1.9495E-05   -183.28
   60.00     10.00     -6.47   -15.35    -5.95      0.3549     -3.45 LEFT    4.9742E-05   -278.98  1.7904E-05   -180.56
   65.00     10.00     -5.69   -16.38    -5.33      0.2905      1.76 LEFT    5.4450E-05   -262.56  1.5906E-05   -178.10
   70.00     10.00     -5.05   -17.81    -4.83      0.2220      3.49 LEFT    5.8579E-05   -251.38  1.3486E-05   -175.95
   75.00     10.00     -5.01   -19.86    -4.87      0.1696      3.61 LEFT    5.8849E-05   -244.36  1.0647E-05   -174.15
   80.00     10.00     -6.06   -23.00    -5.98      0.1313      3.13 LEFT    5.2156E-05   -240.57  7.4165E-06   -172.74
   85.00     10.00     -9.59   -28.71    -9.54      0.1023      2.41 LEFT    3.4741E-05   -239.63  3.8434E-06   -171.75
   90.00     10.00   -999.99  -999.99  -999.99      0.0000      0.00         2.7728E-15   -421.83  2.3098E-16   -351.20
    0.00     15.00      1.21   -10.23     1.51      0.0000    -15.00 LINEAR  1.2046E-04   -401.37  3.2277E-05   -221.37
    5.00     15.00      0.99   -10.12     1.31      0.0005    -15.56 LEFT    1.1747E-04   -397.12  3.2699E-05   -217.23
   10.00     15.00      0.70   -10.01     1.06      0.0018    -16.23 LEFT    1.1367E-04   -392.98  3.3092E-05   -213.36
   15.00     15.00      0.33    -9.92     0.72      0.0048    -17.06 LEFT    1.0892E-04   -388.74  3.3437E-05   -209.72
   20.00     15.00     -0.15    -9.85     0.29      0.0108    -18.10 LEFT    1.0306E-04   -384.13  3.3706E-05   -206.24
   25.00     15.00     -0.77    -9.82    -0.26      0.0219    -19.41 LEFT    9.5912E-05   -378.86  3.3860E-05   -202.86
   30.00     15.00     -1.58    -9.82    -0.97      0.0412    -21.06 LEFT    8.7423E-05   -372.54  3.3853E-05   -199.56
   35.00     15.00     -2.59    -9.88    -1.85      0.0743    -23.08 LEFT    7.7762E-05   -364.61  3.3626E-05   -196.31
   40.00     15.00     -3.82   -10.01    -2.89      0.1302    -25.36 LEFT    6.7492E-05   -354.23  3.3115E-05   -193.12
   45.00     15.00     -5.17   -10.24    -4.00      0.2218    -27.30 LEFT    5.7782E-05   -340.22  3.2247E-05   -190.01
   50.00     15.00     -6.33   -10.60    -4.95      0.3577    -26.98 LEFT    5.0554E-05   -321.60  3.0947E-05   -187.01
   55.00     15.00     -6.80   -11.12    -5.43      0.5017    -19.87 LEFT    4.7905E-05   -299.65  2.9145E-05   -184.16
   60.00     15.00     -6.39   -11.85    -5.31      0.5255     -5.42 LEFT    5.0210E-05   -278.89  2.6777E-05   -181.51
   65.00     15.00     -5.58   -12.88    -4.83      0.4279      3.23 LEFT    5.5161E-05   -262.99  2.3798E-05   -179.11
   70.00     15.00     -4.94   -14.31    -4.47      0.3260      5.57 LEFT    5.9350E-05   -252.19  2.0182E-05   -177.02
   75.00     15.00     -4.91   -16.36    -4.61      0.2495      5.54 LEFT    5.9570E-05   -245.41  1.5938E-05   -175.26
   80.00     15.00     -5.96   -19.50    -5.78      0.1937      4.71 LEFT    5.2748E-05   -241.77  1.1103E-05   -173.89
   85.00     15.00     -9.50   -25.21    -9.38      0.1513      3.60 LEFT    3.5116E-05   -240.91  5.7546E-06   -172.92
   90.00     15.00   -999.99  -999.99  -999.99      0.0000      0.00         2.8022E-15   -423.13  3.4585E-16   -352.37
    0.00     20.00      0.97    -7.81     1.51      0.0000    -20.00 LINEAR  1.1719E-04   -401.37  4.2653E-05   -221.37
    5.00     20.00      0.74    -7.70     1.32      0.0007    -20.73 LEFT    1.1413E-04   -397.23  4.3198E-05   -217.34
   10.00     20.00      0.44    -7.60     1.08      0.0024    -21.62 LEFT    1.1031E-04   -393.19  4.3714E-05   -213.59
   15.00     20.00      0.06    -7.51     0.76      0.0063    -22.70 LEFT    1.0559E-04   -389.03  4.4173E-05   -210.05
   20.00     20.00     -0.43    -7.43     0.36      0.0143    -24.04 LEFT    9.9807E-05   -384.48  4.4540E-05   -206.68
   25.00     20.00     -1.06    -7.39    -0.15      0.0286    -25.71 LEFT    9.2801E-05   -379.23  4.4762E-05   -203.41
   30.00     20.00     -1.87    -7.39    -0.79      0.0531    -27.80 LEFT    8.4525E-05   -372.87  4.4775E-05   -200.22
   35.00     20.00     -2.89    -7.44    -1.58      0.0941    -30.35 LEFT    7.5163E-05   -364.81  4.4502E-05   -197.09
   40.00     20.00     -4.11    -7.57    -2.49      0.1612    -33.25 LEFT    6.5307E-05   -354.17  4.3853E-05   -194.02
   45.00     20.00     -5.42    -7.79    -3.43      0.2680    -36.02 LEFT    5.6177E-05   -339.76  4.2731E-05   -191.02
   50.00     20.00     -6.48    -8.15    -4.22      0.4269    -37.04 LEFT    4.9724E-05   -320.77  4.1036E-05   -188.13
   55.00     20.00     -6.80    -8.66    -4.62      0.6207    -30.77 LEFT    4.7928E-05   -298.91  3.8669E-05   -185.38
   60.00     20.00     -6.28    -9.39    -4.55      0.6879     -7.90 LEFT    5.0887E-05   -278.78  3.5547E-05   -182.83
   65.00     20.00     -5.42   -10.41    -4.22      0.5549      5.62 LEFT    5.6163E-05   -263.59  3.1607E-05   -180.52
   70.00     20.00     -4.78   -11.84    -4.00      0.4213      8.07 LEFT    6.0431E-05   -253.32  2.6816E-05   -178.50
   75.00     20.00     -4.76   -13.89    -4.26      0.3236      7.60 LEFT    6.0580E-05   -246.87  2.1182E-05   -176.81
   80.00     20.00     -5.83   -17.03    -5.51      0.2525      6.31 LEFT    5.3579E-05   -243.43  1.4760E-05   -175.47
   85.00     20.00     -9.37   -22.73    -9.17      0.1979      4.76 LEFT    3.5641E-05   -242.67  7.6509E-06   -174.53
   90.00     20.00   -999.99  -999.99  -999.99      0.0000      0.00         2.8434E-15   -424.93  4.5986E-16   -354.00
    0.00     25.00      0.65    -5.97     1.51      0.0000    -25.00 LINEAR  1.1303E-04   -401.37  5.2705E-05   -221.37
    5.00     25.00      0.41    -5.86     1.33      0.0008    -25.90 LEFT    1.0988E-04   -397.37  5.3359E-05   -217.49
   10.00     25.00      0.10    -5.76     1.10      0.0029    -26.98 LEFT    1.0603E-04   -393.46  5.3989E-05   -213.87
   15.00     25.00     -0.29    -5.67     0.81      0.0078    -28.29 LEFT    1.0135E-04   -389.40  5.4562E-05   -210.48
   20.00     25.00     -0.79    -5.60     0.45      0.0175    -29.90 LEFT    9.5661E-05   -384.92  5.5031E-05   -207.24
   25.00     25.00     -1.44    -5.55    -0.01      0.0348    -31.88 LEFT    8.8830E-05   -379.68  5.5331E-05   -204.11
   30.00     25.00     -2.26    -5.54    -0.59      0.0637    -34.33 LEFT    8.0819E-05   -373.24  5.5382E-05   -201.07
   35.00     25.00     -3.28    -5.59    -1.27      0.1107    -37.29 LEFT    7.1837E-05   -364.99  5.5084E-05   -198.08
   40.00     25.00     -4.49    -5.71    -2.05      0.1850    -40.70 LEFT    6.2521E-05   -353.98  5.4324E-05   -195.15
   45.00     25.00     -5.74    -5.93    -2.82      0.2988    -44.25 LEFT    5.4154E-05   -339.02  5.2976E-05   -192.30
   50.00     25.00     -6.65    -6.27    -3.45      0.4652    -46.96 LEFT    4.8722E-05   -319.59  5.0914E-05   -189.55
   55.00     25.00     -6.78    -6.78    -3.77      0.6875    -44.99 LEFT    4.8021E-05   -297.92  4.8014E-05   -186.94
   60.00     25.00     -6.12    -7.51    -3.75      0.8395    -12.15 LEFT    5.1789E-05   -278.65  4.4167E-05   -184.51
   65.00     25.00     -5.22    -8.52    -3.56      0.6664      9.78 LEFT    5.7460E-05   -264.36  3.9294E-05   -182.31
   70.00     25.00     -4.59    -9.95    -3.48      0.5050     11.16 LEFT    6.1822E-05   -254.74  3.3354E-05   -180.38
   75.00     25.00     -4.58   -11.99    -3.85      0.3903      9.82 LEFT    6.1879E-05   -248.71  2.6357E-05   -178.76
   80.00     25.00     -5.66   -15.13    -5.19      0.3064      7.92 LEFT    5.4647E-05   -245.51  1.8371E-05   -177.49
   85.00     25.00     -9.21   -20.83    -8.92      0.2413      5.88 LEFT    3.6317E-05   -244.89  9.5243E-06   -176.58
   90.00     25.00   -999.99  -999.99  -999.99      0.0000      0.00         2.8964E-15   -427.19  5.7248E-16   -356.05
    0.00     30.00      0.26    -4.51     1.51      0.0000    -30.00 LINEAR  1.0800E-04   -401.37  6.2355E-05   -221.37
    5.00     30.00     -0.00    -4.41     1.34      0.0010    -31.06 LEFT    1.0476E-04   -397.54  6.3102E-05   -217.66
   10.00     30.00     -0.33    -4.31     1.13      0.0035    -32.33 LEFT    1.0088E-04   -393.78  6.3836E-05   -214.22
   15.00     30.00     -0.74    -4.22     0.87      0.0093    -33.84 LEFT    9.6225E-05   -389.84  6.4519E-05   -210.99
   20.00     30.00     -1.26    -4.14     0.54      0.0206    -35.67 LEFT    9.0651E-05   -385.43  6.5094E-05   -207.92
   25.00     30.00     -1.92    -4.09     0.14      0.0404    -37.91 LEFT    8.4022E-05   -380.19  6.5484E-05   -204.96
   30.00     30.00     -2.76    -4.07    -0.35      0.0730    -40.63 LEFT    7.6324E-05   -373.64  6.5590E-05   -202.09
   35.00     30.00     -3.78    -4.11    -0.93      0.1242    -43.88 LEFT    6.7803E-05   -365.10  6.5291E-05   -199.27
   40.00     30.00     -4.97    -4.22    -1.57      0.2022    -47.66 LEFT    5.9156E-05   -353.57  6.4447E-05   -196.52
   45.00     30.00     -6.13    -4.43    -2.19      0.3169    -51.82 LEFT    5.1757E-05   -337.90  6.2906E-05   -193.84
   50.00     30.00     -6.86    -4.77    -2.68      0.4789    -56.03 LEFT    4.7608E-05   -317.97  6.0512E-05   -191.25
   55.00     30.00     -6.74    -5.27    -2.94      0.6972    -59.48 LEFT    4.8233E-05   -296.68  5.7114E-05   -188.80
   60.00     30.00     -5.93    -5.99    -2.95      0.9653    -39.45 LEFT    5.2938E-05   -278.50  5.2580E-05   -186.52
   65.00     30.00     -4.98    -7.00    -2.87      0.7533     17.09 LEFT    5.9056E-05   -265.29  4.6810E-05   -184.45
   70.00     30.00     -4.35    -8.42    -2.92      0.5743     14.93 LEFT    6.3519E-05   -256.44  3.9757E-05   -182.64
   75.00     30.00     -4.36   -10.46    -3.41      0.4482     12.20 LEFT    6.3461E-05   -250.90  3.1431E-05   -181.11
   80.00     30.00     -5.45   -13.59    -4.83      0.3547      9.52 LEFT    5.5949E-05   -248.00  2.1915E-05   -179.90
   85.00     30.00     -9.01   -19.30    -8.62      0.2808      6.95 LEFT    3.7141E-05   -247.53  1.1364E-05   -179.03
   90.00     30.00   -999.99  -999.99  -999.99      0.0000      0.00         2.9610E-15   -429.88  6.8308E-16   -358.52
    0.00     35.00     -0.22    -3.32     1.51      0.0000    -35.00 LINEAR  1.0216E-04   -401.37  7.1531E-05   -221.37
    5.00     35.00     -0.51    -3.22     1.35      0.0011    -36.21 LEFT    9.8813E-05   -397.74  7.2351E-05   -217.87
   10.00     35.00     -0.86    -3.12     1.16      0.0040    -37.64 LEFT    9.4886E-05   -394.15  7.3176E-05   -214.62
   15.00     35.00     -1.30    -3.03     0.93      0.0106    -39.33 LEFT    9.0266E-05   -390.35  7.3963E-05   -211.59
   20.00     35.00     -1.84    -2.95     0.65      0.0234    -41.35 LEFT    8.4812E-05   -386.01  7.4647E-05   -208.71
   25.00     35.00     -2.52    -2.89     0.31      0.0455    -43.77 LEFT    7.8407E-05   -380.74  7.5136E-05   -205.95
   30.00     35.00     -3.38    -2.87    -0.11      0.0809    -46.68 LEFT    7.1067E-05   -374.01  7.5313E-05   -203.27
   35.00     35.00     -4.41    -2.90    -0.58      0.1349    -50.13 LEFT    6.3088E-05   -365.06  7.5035E-05   -200.66
   40.00     35.00     -5.56    -3.01    -1.09      0.2142    -54.13 LEFT    5.5255E-05   -352.81  7.4137E-05   -198.11
   45.00     35.00     -6.60    -3.21    -1.57      0.3260    -58.68 LEFT    4.9054E-05   -336.22  7.2437E-05   -195.63
   50.00     35.00     -7.07    -3.54    -1.94      0.4775    -63.89 LEFT    4.6468E-05   -315.81  6.9750E-05   -193.24
   55.00     35.00     -6.67    -4.03    -2.14      0.6727    -70.74 LEFT    4.8622E-05   -295.19  6.5895E-05   -190.97
   60.00     35.00     -5.70    -4.74    -2.19      0.8949     87.80 LEFT    5.4354E-05   -278.37  6.0716E-05   -188.86
   65.00     35.00     -4.71    -5.75    -2.19      0.8020     28.43 LEFT    6.0948E-05   -266.38  5.4095E-05   -186.94
   70.00     35.00     -4.08    -7.16    -2.34      0.6268     19.36 LEFT    6.5512E-05   -258.39  4.5973E-05   -185.25
   75.00     35.00     -4.11    -9.20    -2.94      0.4965     14.69 LEFT    6.5317E-05   -253.41  3.6364E-05   -183.82
   80.00     35.00     -5.22   -12.32    -4.45      0.3969     11.09 LEFT    5.7476E-05   -250.85  2.5364E-05   -182.69
   85.00     35.00     -8.79   -18.03    -8.30      0.3161      7.95 LEFT    3.8109E-05   -250.56  1.3155E-05   -181.86
   90.00     35.00   -999.99  -999.99  -999.99      0.0000      0.00         3.0369E-15   -432.97  7.9083E-16   -361.37
    0.00     40.00     -0.81    -2.33     1.51      0.0000    -40.00 LINEAR  9.5533E-05   -401.37  8.0162E-05   -221.37
    5.00     40.00     -1.13    -2.24     1.37      0.0012    -41.35 LEFT    9.2077E-05   -397.96  8.1034E-05   -218.10
   10.00     40.00     -1.51    -2.14     1.20      0.0045    -42.92 LEFT    8.8103E-05   -394.57  8.1935E-05   -215.08
   15.00     40.00     -1.97    -2.05     1.00      0.0119    -44.76 LEFT    8.3516E-05   -390.90  8.2818E-05   -212.26
   20.00     40.00     -2.55    -1.96     0.77      0.0260    -46.92 LEFT    7.8187E-05   -386.62  8.3608E-05   -209.61
   25.00     40.00     -3.26    -1.90     0.48      0.0500    -49.48 LEFT    7.2026E-05   -381.28  8.4202E-05   -207.07
   30.00     40.00     -4.14    -1.88     0.15      0.0875    -52.50 LEFT    6.5087E-05   -374.27  8.4464E-05   -204.62
   35.00     40.00     -5.18    -1.90    -0.23      0.1432    -56.03 LEFT    5.7738E-05   -364.72  8.4228E-05   -202.24
   40.00     40.00     -6.28    -2.00    -0.62      0.2222    -60.13 LEFT    5.0886E-05   -351.49  8.3302E-05   -199.91
   45.00     40.00     -7.13    -2.19    -0.98      0.3293    -64.87 LEFT    4.6151E-05   -333.80  8.1478E-05   -197.65
   50.00     40.00     -7.27    -2.51    -1.25      0.4684    -70.59 LEFT    4.5414E-05   -313.06  7.8537E-05   -195.48
   55.00     40.00     -6.56    -2.99    -1.41      0.6383    -78.77 LEFT    4.9254E-05   -293.47  7.4270E-05   -193.41
   60.00     40.00     -5.44    -3.70    -1.47      0.8120     82.21 LEFT    5.6054E-05   -278.26  6.8495E-05   -191.49
   65.00     40.00     -4.40    -4.69    -1.54      0.8062     40.52 LEFT    6.3130E-05   -267.63  6.1075E-05   -189.74
   70.00     40.00     -3.79    -6.10    -1.78      0.6615     24.16 LEFT    6.7786E-05   -260.58  5.1941E-05   -188.19
   75.00     40.00     -3.83    -8.13    -2.46      0.5347     17.21 LEFT    6.7428E-05   -256.20  4.1107E-05   -186.88
   80.00     40.00     -4.96   -11.26    -4.05      0.4323     12.59 LEFT    5.9213E-05   -254.02  2.8683E-05   -185.83
   85.00     40.00     -8.54   -16.96    -7.96      0.3466      8.86 LEFT    3.9210E-05   -253.94  1.4880E-05   -185.06
   90.00     40.00   -999.99  -999.99  -999.99      0.0000      0.00         3.1233E-15   -436.41  8.9460E-16   -364.58
    0.00     45.00     -1.50    -1.50     1.51      0.0000    -45.00 LINEAR  8.8183E-05   -401.37  8.8183E-05   -221.37
    5.00     45.00     -1.86    -1.41     1.38      0.0013    -46.48 LEFT    8.4609E-05   -398.20  8.9083E-05   -218.36
   10.00     45.00     -2.28    -1.32     1.24      0.0049    -48.17 LEFT    8.0586E-05   -395.02  9.0042E-05   -215.59
   15.00     45.00     -2.79    -1.23     1.07      0.0130    -50.13 LEFT    7.6029E-05   -391.50  9.1009E-05   -213.02
   20.00     45.00     -3.40    -1.14     0.88      0.0283    -52.39 LEFT    7.0830E-05   -387.26  9.1900E-05   -210.61
   25.00     45.00     -4.16    -1.08     0.66      0.0538    -55.02 LEFT    6.4928E-05   -381.76  9.2600E-05   -208.32
   30.00     45.00     -5.08    -1.04     0.40      0.0930    -58.09 LEFT    5.8435E-05   -374.31  9.2954E-05   -206.12
   35.00     45.00     -6.12    -1.06     0.12      0.1495    -61.63 LEFT    5.1820E-05   -363.89  9.2775E-05   -203.99
   40.00     45.00     -7.12    -1.15    -0.17      0.2272    -65.71 LEFT    4.6159E-05   -349.33  9.1847E-05   -201.91
   45.00     45.00     -7.70    -1.33    -0.43      0.3291    -70.48 LEFT    4.3206E-05   -330.37  8.9928E-05   -199.90
   50.00     45.00     -7.42    -1.64    -0.62      0.4564    -76.35 LEFT    4.4588E-05   -309.65  8.6773E-05   -197.96
   55.00     45.00     -6.40    -2.12    -0.74      0.6051    -84.74 LEFT    5.0197E-05   -291.58  8.2142E-05   -196.12
   60.00     45.00     -5.13    -2.81    -0.81      0.7493     79.14 LEFT    5.8051E-05   -278.22  7.5825E-05   -194.40
   65.00     45.00     -4.07    -3.80    -0.92      0.7826     48.74 LEFT    6.5585E-05   -269.04  6.7668E-05   -192.83
   70.00     45.00     -3.47    -5.20    -1.24      0.6799     28.80 LEFT    7.0313E-05   -262.97  5.7588E-05   -191.44
   75.00     45.00     -3.54    -7.23    -1.99      0.5631     19.64 LEFT    6.9768E-05   -259.25  4.5601E-05   -190.25
   80.00     45.00     -4.68   -10.35    -3.64      0.4611     13.99 LEFT    6.1137E-05   -257.47  3.1832E-05   -189.29
   85.00     45.00     -8.27   -16.05    -7.60      0.3722      9.67 LEFT    4.0430E-05   -257.61  1.6517E-05   -188.58
   90.00     45.00   -999.99  -999.99  -999.99      0.0000      0.00         3.2190E-15   -440.16  9.9316E-16   -368.12
    0.00     50.00     -2.33    -0.81     1.51      0.0000    -50.00 LINEAR  8.0162E-05   -401.37  9.5533E-05   -221.37
    5.00     50.00     -2.74    -0.72     1.39      0.0015    -51.59 LEFT    7.6469E-05   -398.47  9.6437E-05   -218.64
   10.00     50.00     -3.21    -0.63     1.27      0.0053    -53.39 LEFT    7.2395E-05   -395.51  9.7434E-05   -216.14
   15.00     50.00     -3.78    -0.54     1.15      0.0140    -55.43 LEFT    6.7867E-05   -392.12  9.8469E-05   -213.84
   20.00     50.00     -4.45    -0.46     1.00      0.0303    -57.75 LEFT    6.2799E-05   -387.86  9.9450E-05   -211.71
   25.00     50.00     -5.26    -0.39     0.84      0.0571    -60.41 LEFT    5.7174E-05   -382.08  1.0025E-04   -209.69
   30.00     50.00     -6.23    -0.35     0.65      0.0974    -63.46 LEFT    5.1181E-05   -373.94  1.0070E-04   -207.76
   35.00     50.00     -7.26    -0.36     0.45      0.1542    -66.94 LEFT    4.5440E-05   -362.23  1.0059E-04   -205.90
   40.00     50.00     -8.10    -0.44     0.25      0.2301    -70.94 LEFT    4.1248E-05   -345.89  9.9671E-05   -204.09
   45.00     50.00     -8.27    -0.61     0.07      0.3268    -75.61 LEFT    4.0444E-05   -325.69  9.7686E-05   -202.35
   50.00     50.00     -7.51    -0.91    -0.05      0.4440    -81.40 LEFT    4.4154E-05   -305.63  9.4354E-05   -200.66
   55.00     50.00     -6.17    -1.38    -0.14      0.5761    -89.53 LEFT    5.1514E-05   -289.61  8.9405E-05   -199.06
   60.00     50.00     -4.80    -2.07    -0.21      0.7012     76.58 LEFT    6.0347E-05   -278.28  8.2605E-05   -197.57
   65.00     50.00     -3.72    -3.05    -0.36      0.7509     53.03 LEFT    6.8288E-05   -270.60  7.3778E-05   -196.19
   70.00     50.00     -3.14    -4.45    -0.73      0.6852     32.76 LEFT    7.3057E-05   -265.56  6.2831E-05   -194.97
   75.00     50.00     -3.23    -6.47    -1.54      0.5824     21.85 LEFT    7.2296E-05   -262.51  4.9780E-05   -193.92
   80.00     50.00     -4.39    -9.59    -3.25      0.4833     15.23 LEFT    6.3214E-05   -261.16  3.4763E-05   -193.06
   85.00     50.00     -8.00   -15.28    -7.25      0.3928     10.37 LEFT    4.1747E-05   -261.54  1.8043E-05   -192.40
   90.00     50.00   -999.99  -999.99  -999.99      0.0000      0.00         3.3222E-15   -444.16  1.0849E-15   -371.96
    0.00     55.00     -3.32    -0.22     1.51      0.0000    -55.00 LINEAR  7.1531E-05   -401.37  1.0216E-04   -221.37
    5.00     55.00     -3.79    -0.15     1.41      0.0016    -56.69 LEFT    6.7723E-05   -398.75  1.0304E-04   -218.94
   10.00     55.00     -4.34    -0.06     1.31      0.0057    -58.57 LEFT    6.3598E-05   -396.01  1.0405E-04   -216.74
   15.00     55.00     -4.98     0.03     1.22      0.0149    -60.67 LEFT    5.9098E-05   -392.73  1.0513E-04   -214.74
   20.00     55.00     -5.73     0.11     1.12      0.0321    -63.02 LEFT    5.4166E-05   -388.35  1.0619E-04   -212.89
   25.00     55.00     -6.63     0.19     1.01      0.0598    -65.66 LEFT    4.8840E-05   -382.08  1.0708E-04   -211.16
   30.00     55.00     -7.65     0.23     0.88      0.1009    -68.64 LEFT    4.3426E-05   -372.81  1.0761E-04   -209.53
   35.00     55.00     -8.64     0.22     0.76      0.1575    -72.01 LEFT    3.8765E-05   -359.16  1.0757E-04   -207.96
   40.00     55.00     -9.18     0.15     0.63      0.2314    -75.86 LEFT    3.6432E-05   -340.54  1.0668E-04   -206.45
   45.00     55.00     -8.77    -0.01     0.53      0.3234    -80.36 LEFT    3.8169E-05   -319.54  1.0465E-04   -204.99
   50.00     55.00     -7.48    -0.31     0.45      0.4321    -85.95 LEFT    4.4282E-05   -301.13  1.0117E-04   -203.58
   55.00     55.00     -5.88    -0.77     0.40      0.5517     86.35 LEFT    5.3252E-05   -287.66  9.5951E-05   -202.23
   60.00     55.00     -4.43    -1.45     0.32      0.6635     74.15 LEFT    6.2929E-05   -278.47  8.8728E-05   -200.97
   65.00     55.00     -3.36    -2.42     0.14      0.7198     54.89 LEFT    7.1201E-05   -272.32  7.9307E-05   -199.81
   70.00     55.00     -2.80    -3.81    -0.26      0.6814     35.72 LEFT    7.5969E-05   -268.32  6.7584E-05   -198.76
   75.00     55.00     -2.91    -5.83    -1.12      0.5936     23.72 LEFT    7.4963E-05   -265.96  5.3574E-05   -197.85
   80.00     55.00     -4.10    -8.95    -2.87      0.4991     16.28 LEFT    6.5400E-05   -265.05  3.7427E-05   -197.09
   85.00     55.00     -7.71   -14.64    -6.91      0.4084     10.95 LEFT    4.3131E-05   -265.68  1.9430E-05   -196.50
   90.00     55.00   -999.99  -999.99  -999.99      0.0000      0.00         3.4309E-15   -448.38  1.1684E-15   -376.08
    0.00     60.00     -4.51     0.26     1.51      0.0000    -60.00 LINEAR  6.2355E-05   -401.37  1.0800E-04   -221.37
    5.00     60.00     -5.07     0.33     1.43      0.0016    -61.77 LEFT    5.8439E-05   -399.04  1.0884E-04   -219.27
   10.00     60.00     -5.72     0.41     1.36      0.0060    -63.71 LEFT    5.4266E-05   -396.52  1.0984E-04   -217.38
   15.00     60.00     -6.46     0.49     1.29      0.0157    -65.84 LEFT    4.9796E-05   -393.28  1.1095E-04   -215.69
   20.00     60.00     -7.34     0.58     1.23      0.0335    -68.18 LEFT    4.5008E-05   -388.60  1.1206E-04   -214.16
   25.00     60.00     -8.36     0.65     1.17      0.0620    -70.77 LEFT    4.0021E-05   -381.43  1.1302E-04   -212.74
   30.00     60.00     -9.45     0.70     1.10      0.1034    -73.65 LEFT    3.5323E-05   -370.27  1.1363E-04   -211.42
   35.00     60.00    -10.28     0.70     1.04      0.1596    -76.87 LEFT    3.2088E-05   -353.66  1.1364E-04   -210.17
   40.00     60.00    -10.26     0.64     0.98      0.2316    -80.53 LEFT    3.2157E-05   -332.51  1.1278E-04   -208.96
   45.00     60.00     -9.11     0.48     0.93      0.3194    -84.82 LEFT    3.6744E-05   -311.98  1.1071E-04   -207.80
   50.00     60.00     -7.32     0.19     0.90      0.4212     89.86 LEFT    4.5117E-05   -296.40  1.0712E-04   -206.68
   55.00     60.00     -5.53    -0.26     0.87      0.5310     82.63 LEFT    5.5435E-05   -285.84  1.0167E-04   -205.61
   60.00     60.00     -4.05    -0.94     0.79      0.6331     71.71 LEFT    6.5775E-05   -278.84  9.4088E-05   -204.59
   65.00     60.00     -2.99    -1.91     0.59      0.6916     55.31 LEFT    7.4275E-05   -274.20  8.4154E-05   -203.64
   70.00     60.00     -2.46    -3.29     0.16      0.6718     37.67 LEFT    7.8988E-05   -271.23  7.1757E-05   -202.78
   75.00     60.00     -2.60    -5.31    -0.73      0.5982     25.18 LEFT    7.7706E-05   -269.57  5.6909E-05   -202.02
   80.00     60.00     -3.80    -8.42    -2.52      0.5092     17.13 LEFT    6.7641E-05   -269.11  3.9770E-05   -201.37
   85.00     60.00     -7.43   -14.11    -6.59      0.4192     11.40 LEFT    4.4548E-05   -269.98  2.0651E-05   -200.85
   90.00     60.00   -999.99  -999.99  -999.99      0.0000      0.00         3.5420E-15   -452.77  1.2419E-15   -380.45
    0.00     65.00     -5.97     0.65     1.51      0.0000    -65.00 LINEAR  5.2705E-05   -401.37  1.1303E-04   -221.37
    5.00     65.00     -6.66     0.71     1.44      0.0017    -66.83 LEFT    4.8691E-05   -399.34  1.1380E-04   -219.61
   10.00     65.00     -7.45     0.79     1.40      0.0062    -68.82 LEFT    4.4478E-05   -397.00  1.1477E-04   -218.06
   15.00     65.00     -8.36     0.87     1.36      0.0163    -70.95 LEFT    4.0044E-05   -393.67  1.1587E-04   -216.70
   20.00     65.00     -9.42     0.96     1.34      0.0346    -73.26 LEFT    3.5419E-05   -388.34  1.1700E-04   -215.49
   25.00     65.00    -10.62     1.03     1.32      0.0635    -75.77 LEFT    3.0853E-05   -379.43  1.1801E-04   -214.41
   30.00     65.00    -11.74     1.08     1.30      0.1051    -78.51 LEFT    2.7143E-05   -364.86  1.1867E-04   -213.43
   35.00     65.00    -12.12     1.08     1.28      0.1606    -81.56 LEFT    2.5957E-05   -343.87  1.1873E-04   -212.50
   40.00     65.00    -11.14     1.02     1.28      0.2308    -85.01 LEFT    2.9078E-05   -321.20  1.1788E-04   -211.62
   45.00     65.00     -9.16     0.86     1.28      0.3150    -89.06 LEFT    3.6520E-05   -303.47  1.1579E-04   -210.78
   50.00     65.00     -7.01     0.58     1.28      0.4111     85.91 LEFT    4.6750E-05   -291.77  1.1210E-04   -209.96
   55.00     65.00     -5.13     0.14     1.27      0.5133     79.13 LEFT    5.8059E-05   -284.29  1.0646E-04   -209.17
   60.00     65.00     -3.65    -0.53     1.19      0.6079     69.21 LEFT    6.8844E-05   -279.42  9.8583E-05   -208.41
   65.00     65.00     -2.63    -1.50     0.98      0.6664     54.83 LEFT    7.7452E-05   -276.25  8.8225E-05   -207.69
   70.00     65.00     -2.13    -2.88     0.52      0.6589     38.70 LEFT    8.2046E-05   -274.29  7.5264E-05   -207.02
   75.00     65.00     -2.30    -4.89    -0.39      0.5971     26.18 LEFT    8.0456E-05   -273.31  5.9714E-05   -206.42
   80.00     65.00     -3.52    -8.00    -2.20      0.5139     17.75 LEFT    6.9874E-05   -273.30  4.1743E-05   -205.88
   85.00     65.00     -7.16   -13.69    -6.29      0.4255     11.75 LEFT    4.5957E-05   -274.44  2.1679E-05   -205.42
   90.00     65.00   -999.99  -999.99  -999.99      0.0000      0.00         3.6524E-15   -457.30  1.3038E-15   -385.05
    0.00     70.00     -7.81     0.97     1.51      0.0000    -70.00 LINEAR  4.2653E-05   -401.37  1.1719E-04   -221.37
    5.00     70.00     -8.69     1.02     1.46      0.0018    -71.89 LEFT    3.8557E-05   -399.62  1.1787E-04   -219.96
   10.00     70.00     -9.70     1.09     1.43      0.0064    -73.89 LEFT    3.4315E-05   -397.38  1.1878E-04   -218.76
   15.00     70.00    -10.89     1.16     1.43      0.0167    -76.01 LEFT    2.9930E-05   -393.67  1.1986E-04   -217.75
   20.00     70.00    -12.27     1.25     1.43      0.0354    -78.26 LEFT    2.5514E-05   -386.82  1.2098E-04   -216.90
   25.00     70.00    -13.73     1.32     1.45      0.0646    -80.65 LEFT    2.1569E-05   -374.14  1.2200E-04   -216.17
   30.00     70.00    -14.61     1.37     1.48      0.1060    -83.24 LEFT    1.9500E-05   -352.99  1.2268E-04   -215.53
   35.00     70.00    -13.79     1.37     1.50      0.1608    -86.10 LEFT    2.1437E-05   -327.32  1.2276E-04   -214.95
   40.00     70.00    -11.48     1.31     1.54      0.2291    -89.32 LEFT    2.7965E-05   -307.20  1.2192E-04   -214.41
   45.00     70.00     -8.88     1.16     1.57      0.3101     86.87 LEFT    3.7720E-05   -294.88  1.1980E-04   -213.90
   50.00     70.00     -6.57     0.88     1.60      0.4015     82.13 LEFT    4.9192E-05   -287.57  1.1602E-04   -213.39
   55.00     70.00     -4.69     0.44     1.60      0.4976     75.77 LEFT    6.1087E-05   -283.08  1.1024E-04   -212.90
   60.00     70.00     -3.25    -0.23     1.53      0.5862     66.65 LEFT    7.2081E-05   -280.24  1.0213E-04   -212.41
   65.00     70.00     -2.28    -1.19     1.31      0.6436     53.76 LEFT    8.0665E-05   -278.46  9.1434E-05   -211.93
   70.00     70.00     -1.81    -2.56     0.84      0.6437     39.00 LEFT    8.5067E-05   -277.48  7.8031E-05   -211.46
   75.00     70.00     -2.01    -4.57    -0.10      0.5916     26.76 LEFT    8.3137E-05   -277.18  6.1929E-05   -211.01
   80.00     70.00     -3.26    -7.68    -1.92      0.5139     18.16 LEFT    7.2035E-05   -277.62  4.3301E-05   -210.59
   85.00     70.00     -6.91   -13.37    -6.02      0.4276     11.98 LEFT    4.7314E-05   -279.00  2.2491E-05   -210.21
   90.00     70.00   -999.99  -999.99  -999.99      0.0000      0.00         3.7586E-15   -461.95  1.3528E-15   -389.86
    0.00     75.00    -10.23     1.21     1.51      0.0000    -75.00 LINEAR  3.2277E-05   -401.37  1.2046E-04   -221.37
    5.00     75.00    -11.43     1.25     1.48      0.0018    -76.92 LEFT    2.8117E-05   -399.86  1.2103E-04   -220.33
   10.00     75.00    -12.86     1.31     1.47      0.0065    -78.93 LEFT    2.3860E-05   -397.51  1.2186E-04   -219.50
   15.00     75.00    -14.58     1.38     1.49      0.0170    -81.01 LEFT    1.9554E-05   -392.55  1.2288E-04   -218.85
   20.00     75.00    -16.61     1.46     1.52      0.0358    -83.17 LEFT    1.5491E-05   -381.45  1.2397E-04   -218.36
   25.00     75.00    -18.23     1.53     1.57      0.0650    -85.44 LEFT    1.2852E-05   -358.48  1.2496E-04   -217.99
   30.00     75.00    -17.40     1.57     1.63      0.1061    -87.87 LEFT    1.4132E-05   -326.83  1.2563E-04   -217.71
   35.00     75.00    -14.33     1.58     1.69      0.1600     89.48 LEFT    2.0143E-05   -304.36  1.2570E-04   -217.50
   40.00     75.00    -11.07     1.52     1.75      0.2266     86.48 LEFT    2.9304E-05   -292.94  1.2484E-04   -217.32
   45.00     75.00     -8.29     1.37     1.81      0.3049     82.93 LEFT    4.0349E-05   -287.17  1.2268E-04   -217.14
   50.00     75.00     -6.03     1.09     1.86      0.3923     78.46 LEFT    5.2381E-05   -284.05  1.1884E-04   -216.97
   55.00     75.00     -4.22     0.65     1.87      0.4833     72.48 LEFT    6.4458E-05   -282.30  1.1294E-04   -216.78
   60.00     75.00     -2.86    -0.01     1.80      0.5669     64.01 LEFT    7.5422E-05   -281.32  1.0465E-04   -216.57
   65.00     75.00     -1.94    -0.97     1.58      0.6223     52.27 LEFT    8.3842E-05   -280.85  9.3719E-05   -216.33
   70.00     75.00     -1.52    -2.35     1.10      0.6271     38.72 LEFT    8.7977E-05   -280.80  8.0000E-05   -216.07
   75.00     75.00     -1.75    -4.35     0.15      0.5823     26.95 LEFT    8.5675E-05   -281.16  6.3503E-05   -215.79
   80.00     75.00     -3.02    -7.46    -1.68      0.5097     18.35 LEFT    7.4058E-05   -282.03  4.4408E-05   -215.50
   85.00     75.00     -6.68   -13.15    -5.80      0.4259     12.11 LEFT    4.8577E-05   -283.67  2.3069E-05   -215.18
   90.00     75.00   -999.99  -999.99  -999.99      0.0000      0.00         3.8572E-15   -466.70  1.3875E-15   -394.86
    0.00     80.00    -13.70     1.38     1.51      0.0000    -80.00 LINEAR  2.1656E-05   -401.37  1.2282E-04   -221.37
    5.00     80.00    -15.57     1.41     1.49      0.0018    -81.94 LEFT    1.7452E-05   -399.95  1.2326E-04   -220.71
   10.00     80.00    -17.99     1.46     1.51      0.0066    -83.93 LEFT    1.3205E-05   -396.65  1.2398E-04   -220.25
   15.00     80.00    -21.24     1.52     1.55      0.0172    -85.96 LEFT    9.0840E-06   -386.25  1.2491E-04   -219.98
   20.00     80.00    -24.45     1.59     1.60      0.0360    -88.02 LEFT    6.2762E-06   -353.62  1.2593E-04   -219.86
   25.00     80.00    -22.08     1.66     1.68      0.0650     89.85 LEFT    8.2486E-06   -307.53  1.2686E-04   -219.87
   30.00     80.00    -17.20     1.70     1.76      0.1056     87.60 LEFT    1.4477E-05   -288.60  1.2748E-04   -219.98
   35.00     80.00    -13.21     1.70     1.84      0.1584     85.16 LEFT    2.2898E-05   -282.79  1.2751E-04   -220.14
   40.00     80.00    -10.06     1.64     1.92      0.2233     82.39 LEFT    3.2931E-05   -281.13  1.2661E-04   -220.32
   45.00     80.00     -7.50     1.49     2.00      0.2991     79.07 LEFT    4.4207E-05   -280.97  1.2440E-04   -220.51
   50.00     80.00     -5.42     1.21     2.07      0.3830     74.87 LEFT    5.6192E-05   -281.37  1.2050E-04   -220.67
   55.00     80.00     -3.75     0.77     2.08      0.4698     69.22 LEFT    6.8087E-05   -281.97  1.1452E-04   -220.80
   60.00     80.00     -2.48     0.11     2.01      0.5488     61.29 LEFT    7.8797E-05   -282.67  1.0612E-04   -220.87
   65.00     80.00     -1.63    -0.85     1.79      0.6019     50.49 LEFT    8.6915E-05   -283.41  9.5040E-05   -220.89
   70.00     80.00     -1.26    -2.22     1.30      0.6092     37.99 LEFT    9.0706E-05   -284.25  8.1134E-05   -220.85
   75.00     80.00     -1.52    -4.23     0.34      0.5699     26.81 LEFT    8.8002E-05   -285.24  6.4409E-05   -220.74
   80.00     80.00     -2.81    -7.34    -1.49      0.5019     18.37 LEFT    7.5885E-05   -286.54  4.5045E-05   -220.57
   85.00     80.00     -6.48   -13.02    -5.61      0.4209     12.14 LEFT    4.9707E-05   -288.43  2.3400E-05   -220.33
   90.00     80.00   -999.99  -999.99  -999.99      0.0000      0.00         3.9452E-15   -471.54  1.4075E-15   -400.03
    0.00     85.00    -19.68     1.48     1.51      0.0000    -85.00 LINEAR  1.0869E-05   -401.37  1.2424E-04   -221.37
    5.00     85.00    -23.96     1.50     1.51      0.0018    -86.95 LEFT    6.6468E-06   -399.12  1.2454E-04   -221.09
   10.00     85.00    -32.34     1.54     1.54      0.0066    -88.90 LEFT    2.5321E-06   -381.89  1.2514E-04   -221.02
   15.00     85.00    -31.26     1.60     1.60      0.0171     89.14 LEFT    2.8680E-06   -269.95  1.2595E-04   -221.13
   20.00     85.00    -22.67     1.66     1.67      0.0358     87.19 LEFT    7.7096E-06   -257.55  1.2686E-04   -221.41
   25.00     85.00    -17.80     1.72     1.76      0.0644     85.21 LEFT    1.3499E-05   -259.65  1.2770E-04   -221.81
   30.00     85.00    -14.22     1.75     1.86      0.1043     83.15 LEFT    2.0401E-05   -263.98  1.2824E-04   -222.30
   35.00     85.00    -11.27     1.75     1.96      0.1560     80.92 LEFT    2.8624E-05   -268.57  1.2819E-04   -222.85
   40.00     85.00     -8.76     1.68     2.06      0.2192     78.37 LEFT    3.8216E-05   -272.79  1.2722E-04   -223.41
   45.00     85.00     -6.61     1.53     2.15      0.2926     75.28 LEFT    4.8988E-05   -276.46  1.2495E-04   -223.97
   50.00     85.00     -4.78     1.25     2.21      0.3735     71.33 LEFT    6.0467E-05   -279.54  1.2099E-04   -224.49
   55.00     85.00     -3.28     0.80     2.24      0.4565     65.97 LEFT    7.1878E-05   -282.12  1.1496E-04   -224.94
   60.00     85.00     -2.12     0.14     2.17      0.5314     58.51 LEFT    8.2131E-05   -284.29  1.0652E-04   -225.31
   65.00     85.00     -1.34    -0.82     1.94      0.5818     48.49 LEFT    8.9819E-05   -286.15  9.5385E-05   -225.59
   70.00     85.00     -1.02    -2.19     1.44      0.5901     36.94 LEFT    9.3192E-05   -287.82  8.1423E-05   -225.77
   75.00     85.00     -1.32    -4.20     0.49      0.5549     26.39 LEFT    9.0063E-05   -289.43  6.4636E-05   -225.83
   80.00     85.00     -2.63    -7.31    -1.35      0.4910     18.21 LEFT    7.7469E-05   -291.14  4.5203E-05   -225.79
   85.00     85.00     -6.31   -12.99    -5.47      0.4130     12.09 LEFT    5.0675E-05   -293.27  2.3482E-05   -225.63
   90.00     85.00   -999.99  -999.99  -999.99      0.0000      0.00         4.0202E-15   -476.46  1.4125E-15   -405.36
    0.00     90.00   -999.99     1.51     1.51      0.0000     90.00 LINEAR  6.3644E-16   -221.37  1.2471E-04   -221.37
    5.00     90.00    -27.89     1.52     1.53      0.0018     88.06 LEFT    4.2280E-06   -224.58  1.2487E-04   -221.48
   10.00     90.00    -21.85     1.55     1.57      0.0066     86.15 LEFT    8.4689E-06   -227.40  1.2532E-04   -221.80
   15.00     90.00    -18.27     1.60     1.64      0.0169     84.28 LEFT    1.2796E-05   -232.00  1.2599E-04   -222.30
   20.00     90.00    -15.60     1.65     1.73      0.0353     82.45 LEFT    1.7387E-05   -238.14  1.2677E-04   -222.97
   25.00     90.00    -13.35     1.70     1.83      0.0633     80.63 LEFT    2.2535E-05   -245.37  1.2748E-04   -223.78
   30.00     90.00    -11.28     1.73     1.94      0.1023     78.76 LEFT    2.8594E-05   -253.07  1.2790E-04   -224.67
   35.00     90.00     -9.31     1.72     2.05      0.1528     76.73 LEFT    3.5872E-05   -260.61  1.2774E-04   -225.62
   40.00     90.00     -7.44     1.65     2.15      0.2143     74.40 LEFT    4.4508E-05   -267.50  1.2668E-04   -226.58
   45.00     90.00     -5.70     1.48     2.24      0.2855     71.54 LEFT    5.4377E-05   -273.49  1.2434E-04   -227.51
   50.00     90.00     -4.15     1.20     2.31      0.3636     67.81 LEFT    6.5041E-05   -278.54  1.2034E-04   -228.39
   55.00     90.00     -2.82     0.75     2.33      0.4431     62.73 LEFT    7.5733E-05   -282.73  1.1430E-04   -229.18
   60.00     90.00     -1.78     0.09     2.26      0.5142     55.68 LEFT    8.5360E-05   -286.19  1.0586E-04   -229.86
   65.00     90.00     -1.09    -0.88     2.03      0.5616     46.34 LEFT    9.2502E-05   -289.07  9.4774E-05   -230.41
   70.00     90.00     -0.82    -2.25     1.53      0.5700     35.64 LEFT    9.5393E-05   -291.52  8.0886E-05   -230.81
   75.00     90.00     -1.15    -4.26     0.58      0.5377     25.75 LEFT    9.1820E-05   -293.71  6.4201E-05   -231.06
   80.00     90.00     -2.48    -7.36    -1.26      0.4775     17.91 LEFT    7.8781E-05   -295.82  4.4895E-05   -231.14
   85.00     90.00     -6.18   -13.05    -5.37      0.4025     11.96 LEFT    5.1461E-05   -298.19  2.3321E-05   -231.06
   90.00     90.00   -999.99  -999.99  -999.99      0.0000      0.00         4.0808E-15   -481.45  1.4027E-15   -410.82
    0.00     95.00    -19.68     1.48     1.51      0.0000     85.00 LINEAR  1.0869E-05   -221.37  1.2424E-04   -221.37
    5.00     95.00    -16.85     1.48     1.54      0.0018     83.09 LEFT    1.5062E-05   -222.74  1.2424E-04   -221.87
   10.00     95.00    -14.74     1.50     1.60      0.0065     81.24 LEFT    1.9214E-05   -225.04  1.2454E-04   -222.58
   15.00     95.00    -13.04     1.53     1.68      0.0166     79.46 LEFT    2.3357E-05   -228.76  1.2505E-04   -223.48
   20.00     95.00    -11.59     1.58     1.78      0.0345     77.76 LEFT    2.7609E-05   -234.01  1.2567E-04   -224.56
   25.00     95.00    -10.25     1.61     1.89      0.0618     76.10 LEFT    3.2201E-05   -240.66  1.2622E-04   -225.77
   30.00     95.00     -8.94     1.63     2.00      0.0998     74.41 LEFT    3.7468E-05   -248.34  1.2649E-04   -227.07
   35.00     95.00     -7.59     1.61     2.11      0.1488     72.59 LEFT    4.3761E-05   -256.48  1.2620E-04   -228.43
   40.00     95.00     -6.20     1.53     2.21      0.2085     70.47 LEFT    5.1311E-05   -264.47  1.2504E-04   -229.79
   45.00     95.00     -4.83     1.36     2.30      0.2776     67.82 LEFT    6.0097E-05   -271.83  1.2262E-04   -231.12
   50.00     95.00     -3.54     1.07     2.36      0.3530     64.31 LEFT    6.9755E-05   -278.28  1.1859E-04   -232.37
   55.00     95.00     -2.39     0.62     2.38      0.4292     59.49 LEFT    7.9559E-05   -283.76  1.1257E-04   -233.50
   60.00     95.00     -1.48    -0.05     2.30      0.4966     52.81 LEFT    8.8425E-05   -288.34  1.0421E-04   -234.49
   65.00     95.00     -0.86    -1.02     2.07      0.5409     44.07 LEFT    9.4927E-05   -292.15  9.3255E-05   -235.32
   70.00     95.00     -0.65    -2.39     1.58      0.5488     34.16 LEFT    9.7284E-05   -295.34  7.9565E-05   -235.95
   75.00     95.00     -1.02    -4.40     0.62      0.5187     24.93 LEFT    9.3258E-05   -298.08  6.3139E-05   -236.39
   80.00     95.00     -2.37    -7.51    -1.21      0.4617     17.49 LEFT    7.9810E-05   -300.58  4.4145E-05   -236.61
   85.00     95.00     -6.08   -13.20    -5.31      0.3899     11.75 LEFT    5.2060E-05   -303.17  2.2930E-05   -236.61
   90.00     95.00   -999.99  -999.99  -999.99      0.0000      0.00         4.1264E-15   -486.51  1.3791E-15   -416.39
    0.00    100.00    -13.70     1.38     1.51      0.0000     80.00 LINEAR  2.1656E-05   -221.37  1.2282E-04   -221.37
    5.00    100.00    -12.18     1.37     1.55      0.0018     78.13 LEFT    2.5791E-05   -222.76  1.2267E-04   -222.26
   10.00    100.00    -10.91     1.38     1.62      0.0063     76.35 LEFT    2.9840E-05   -224.93  1.2280E-04   -223.36
   15.00    100.00     -9.83     1.40     1.72      0.0161     74.67 LEFT    3.3807E-05   -228.28  1.2314E-04   -224.66
   20.00    100.00     -8.87     1.43     1.82      0.0334     73.10 LEFT    3.7762E-05   -233.01  1.2358E-04   -226.15
   25.00    100.00     -7.97     1.46     1.93      0.0598     71.60 LEFT    4.1881E-05   -239.11  1.2396E-04   -227.77
   30.00    100.00     -7.07     1.46     2.03      0.0966     70.10 LEFT    4.6452E-05   -246.43  1.2406E-04   -229.49
   35.00    100.00     -6.12     1.43     2.14      0.1441     68.48 LEFT    5.1823E-05   -254.59  1.2362E-04   -231.27
   40.00    100.00     -5.10     1.34     2.23      0.2020     66.56 LEFT    5.8288E-05   -263.03  1.2234E-04   -233.04
   45.00    100.00     -4.03     1.16     2.31      0.2689     64.12 LEFT    6.5925E-05   -271.19  1.1986E-04   -234.76
   50.00    100.00     -2.97     0.87     2.37      0.3417     60.82 LEFT    7.4474E-05   -278.66  1.1581E-04   -236.39
   55.00    100.00     -2.00     0.41     2.38      0.4147     56.23 LEFT    8.3278E-05   -285.19  1.0984E-04   -237.88
   60.00    100.00     -1.20    -0.27     2.30      0.4785     49.90 LEFT    9.1286E-05   -290.74  1.0162E-04   -239.19
   65.00    100.00     -0.67    -1.24     2.07      0.5196     41.72 LEFT    9.7078E-05   -295.39  9.0898E-05   -240.30
   70.00    100.00     -0.51    -2.62     1.57      0.5264     32.54 LEFT    9.8862E-05   -299.26  7.7525E-05   -241.17
   75.00    100.00     -0.91    -4.63     0.63      0.4980     23.96 LEFT    9.4381E-05   -302.53  6.1502E-05   -241.79
   80.00    100.00     -2.29    -7.74    -1.20      0.4440     16.95 LEFT    8.0564E-05   -305.40  4.2993E-05   -242.15
   85.00    100.00     -6.01   -13.43    -5.29      0.3754     11.47 LEFT    5.2479E-05   -308.21  2.2328E-05   -242.24
   90.00    100.00   -999.99  -999.99  -999.99      0.0000      0.00         4.1578E-15   -131.62  1.3429E-15   -422.05
    0.00    105.00    -10.23     1.21     1.51      0.0000     75.00 LINEAR  3.2277E-05   -221.37  1.2046E-04   -221.37
    5.00    105.00     -9.20     1.19     1.57      0.0017     73.18 LEFT    3.6329E-05   -223.00  1.2017E-04   -222.64
   10.00    105.00     -8.31     1.18     1.65      0.0061     71.48 LEFT    4.0249E-05   -225.29  1.2014E-04   -224.13
   15.00    105.00     -7.54     1.20     1.74      0.0155     69.92 LEFT    4.4022E-05   -228.59  1.2030E-04   -225.84
   20.00    105.00     -6.84     1.21     1.85      0.0321     68.48 LEFT    4.7682E-05   -233.11  1.2055E-04   -227.73
   25.00    105.00     -6.20     1.23     1.95      0.0575     67.14 LEFT    5.1355E-05   -238.92  1.2074E-04   -229.77
   30.00    105.00     -5.56     1.22     2.05      0.0928     65.82 LEFT    5.5283E-05   -245.98  1.2066E-04   -231.91
   35.00    105.00     -4.88     1.18     2.14      0.1386     64.38 LEFT    5.9793E-05   -254.04  1.2006E-04   -234.11
   40.00    105.00     -4.12     1.08     2.22      0.1946     62.67 LEFT    6.5208E-05   -262.68  1.1866E-04   -236.30
   45.00    105.00     -3.30     0.89     2.29      0.2593     60.42 LEFT    7.1691E-05   -271.35  1.1612E-04   -238.43
   50.00    105.00     -2.45     0.58     2.34      0.3295     57.32 LEFT    7.9086E-05   -279.56  1.1209E-04   -240.44
   55.00    105.00     -1.64     0.12     2.34      0.3994     52.97 LEFT    8.6827E-05   -286.95  1.0622E-04   -242.29
   60.00    105.00     -0.95    -0.57     2.25      0.4596     46.97 LEFT    9.3916E-05   -293.35  9.8206E-05   -243.92
   65.00    105.00     -0.50    -1.54     2.02      0.4975     39.31 LEFT    9.8953E-05   -298.76  8.7793E-05   -245.31
   70.00    105.00     -0.40    -2.93     1.53      0.5031     30.82 LEFT    1.0014E-04   -303.27  7.4845E-05   -246.43
   75.00    105.00     -0.83    -4.94     0.59      0.4758     22.87 LEFT    9.5215E-05   -307.04  5.9358E-05   -247.24
   80.00    105.00     -2.23    -8.05    -1.22      0.4246     16.30 LEFT    8.1071E-05   -310.26  4.1485E-05   -247.74
   85.00    105.00     -5.97   -13.74    -5.30      0.3593     11.11 LEFT    5.2736E-05   -313.28  2.1543E-05   -247.91
   90.00    105.00   -999.99  -999.99  -999.99      0.0000      0.00         4.1763E-15   -136.77  1.2956E-15   -427.75
    0.00    110.00     -7.81     0.97     1.51      0.0000     70.00 LINEAR  4.2653E-05   -221.37  1.1719E-04   -221.37
    5.00    110.00     -7.04     0.94     1.58      0.0017     68.24 LEFT    4.6598E-05   -223.29  1.1676E-04   -223.02
   10.00    110.00     -6.37     0.92     1.67      0.0058     66.64 LEFT    5.0363E-05   -225.81  1.1657E-04   -224.89
   15.00    110.00     -5.77     0.92     1.76      0.0148     65.18 LEFT    5.3918E-05   -229.21  1.1655E-04   -226.99
   20.00    110.00     -5.25     0.93     1.86      0.0306     63.89 LEFT    5.7267E-05   -233.72  1.1661E-04   -229.29
   25.00    110.00     -4.77     0.93     1.96      0.0548     62.70 LEFT    6.0498E-05   -239.42  1.1660E-04   -231.75
   30.00    110.00     -4.31     0.91     2.05      0.0886     61.55 LEFT    6.3809E-05   -246.34  1.1634E-04   -234.31
   35.00    110.00     -3.82     0.85     2.12      0.1326     60.30 LEFT    6.7503E-05   -254.34  1.1560E-04   -236.93
   40.00    110.00     -3.27     0.74     2.19      0.1865     58.77 LEFT    7.1914E-05   -263.09  1.1409E-04   -239.54
   45.00    110.00     -2.65     0.54     2.24      0.2489     56.71 LEFT    7.7267E-05   -272.12  1.1151E-04   -242.08
   50.00    110.00     -1.97     0.22     2.27      0.3164     53.81 LEFT    8.3507E-05   -280.90  1.0753E-04   -244.48
   55.00    110.00     -1.31    -0.25     2.26      0.3832     49.68 LEFT    9.0163E-05   -289.00  1.0181E-04   -246.69
   60.00    110.00     -0.74    -0.94     2.17      0.4398     44.00 LEFT    9.6307E-05   -296.15  9.4058E-05   -248.65
   65.00    110.00     -0.36    -1.92     1.94      0.4745     36.84 LEFT    1.0057E-04   -302.25  8.4037E-05   -250.33
   70.00    110.00     -0.31    -3.31     1.46      0.4786     29.00 LEFT    1.0116E-04   -307.35  7.1613E-05   -251.68
   75.00    110.00     -0.78    -5.33     0.53      0.4523     21.67 LEFT    9.5804E-05   -311.58  5.6776E-05   -252.69
   80.00    110.00     -2.20    -8.44    -1.27      0.4038     15.57 LEFT    8.1372E-05   -315.14  3.9672E-05   -253.33
   85.00    110.00     -5.95   -14.13    -5.33      0.3418     10.69 LEFT    5.2862E-05   -318.36  2.0599E-05   -253.58
   90.00    110.00   -999.99  -999.99  -999.99      0.0000      0.00         4.1846E-15   -141.91  1.2388E-15   -433.45
    0.00    115.00     -5.97     0.65     1.51      0.0000     65.00 LINEAR  5.2705E-05   -221.37  1.1303E-04   -221.37
    5.00    115.00     -5.36     0.61     1.59      0.0016     63.32 LEFT    5.6520E-05   -223.61  1.1248E-04   -223.38
   10.00    115.00     -4.83     0.59     1.68      0.0055     61.81 LEFT    6.0106E-05   -226.39  1.1213E-04   -225.63
   15.00    115.00     -4.36     0.57     1.78      0.0140     60.47 LEFT    6.3418E-05   -229.98  1.1194E-04   -228.12
   20.00    115.00     -3.96     0.56     1.87      0.0288     59.31 LEFT    6.6438E-05   -234.58  1.1182E-04   -230.82
   25.00    115.00     -3.60     0.55     1.96      0.0517     58.27 LEFT    6.9220E-05   -240.30  1.1162E-04   -233.69
   30.00    115.00     -3.27     0.51     2.03      0.0839     57.28 LEFT    7.1929E-05   -247.20  1.1119E-04   -236.68
   35.00    115.00     -2.93     0.44     2.09      0.1259     56.21 LEFT    7.4842E-05   -255.19  1.1030E-04   -239.72
   40.00    115.00     -2.53     0.32     2.13      0.1776     54.86 LEFT    7.8296E-05   -264.04  1.0871E-04   -242.75
   45.00    115.00     -2.07     0.11     2.16      0.2376     52.99 LEFT    8.2565E-05   -273.34  1.0612E-04   -245.69
   50.00    115.00     -1.55    -0.22     2.18      0.3024     50.27 LEFT    8.7677E-05   -282.58  1.0223E-04   -248.48
   55.00    115.00     -1.01    -0.70     2.16      0.3659     46.36 LEFT    9.3261E-05   -291.28  9.6707E-05   -251.05
   60.00    115.00     -0.54    -1.39     2.06      0.4189     41.00 LEFT    9.8465E-05   -299.07  8.9282E-05   -253.34
   65.00    115.00     -0.24    -2.38     1.83      0.4504     34.33 LEFT    1.0196E-04   -305.80  7.9729E-05   -255.30
   70.00    115.00     -0.24    -3.77     1.36      0.4530     27.12 LEFT    1.0197E-04   -311.45  6.7914E-05   -256.90
   75.00    115.00     -0.75    -5.79     0.44      0.4276     20.39 LEFT    9.6200E-05   -316.12  5.3829E-05   -258.09
   80.00    115.00     -2.18    -8.90    -1.35      0.3816     14.75 LEFT    8.1517E-05   -320.00  3.7606E-05   -258.87
   85.00    115.00     -5.94   -14.60    -5.39      0.3230     10.20 LEFT    5.2888E-05   -323.41  1.9524E-05   -259.21
   90.00    115.00   -999.99  -999.99  -999.99      0.0000      0.00         4.1850E-15   -147.03  1.1741E-15   -439.10
    0.00    120.00     -4.51     0.26     1.51      0.0000     60.00 LINEAR  6.2355E-05   -221.37  1.0800E-04   -221.37
    5.00    120.00     -4.02     0.21     1.60      0.0015     58.41 LEFT    6.6022E-05   -223.92  1.0735E-04   -223.73
   10.00    120.00     -3.58     0.17     1.70      0.0052     57.00 LEFT    6.9407E-05   -226.99  1.0687E-04   -226.34
   15.00    120.00     -3.21     0.14     1.79      0.0130     55.78 LEFT    7.2453E-05   -230.82  1.0653E-04   -229.21
   20.00    120.00     -2.89     0.12     1.88      0.0270     54.75 LEFT    7.5125E-05   -235.58  1.0623E-04   -232.30
   25.00    120.00     -2.63     0.09     1.95      0.0484     53.85 LEFT    7.7453E-05   -241.40  1.0586E-04   -235.58
   30.00    120.00     -2.39     0.04     2.00      0.0787     53.02 LEFT    7.9571E-05   -248.34  1.0527E-04   -238.98
   35.00    120.00     -2.16    -0.05     2.03      0.1186     52.11 LEFT    8.1735E-05   -256.38  1.0427E-04   -242.44
   40.00    120.00     -1.89    -0.18     2.06      0.1680     50.94 LEFT    8.4283E-05   -265.35  1.0263E-04   -245.89
   45.00    120.00     -1.57    -0.40     2.06      0.2254     49.24 LEFT    8.7523E-05   -274.88  1.0006E-04   -249.23
   50.00    120.00     -1.17    -0.74     2.06      0.2873     46.70 LEFT    9.1561E-05   -284.51  9.6289E-05   -252.41
   55.00    120.00     -0.75    -1.23     2.03      0.3475     43.01 LEFT    9.6113E-05   -293.72  9.1018E-05   -255.33
   60.00    120.00     -0.37    -1.93     1.93      0.3968     37.97 LEFT    1.0041E-04   -302.09  8.3979E-05   -257.94
   65.00    120.00     -0.14    -2.91     1.70      0.4251     31.78 LEFT    1.0316E-04   -309.39  7.4958E-05   -260.18
   70.00    120.00     -0.18    -4.31     1.24      0.4262     25.17 LEFT    1.0261E-04   -315.54  6.3830E-05   -262.01
   75.00    120.00     -0.72    -6.33     0.33      0.4016     19.03 LEFT    9.6459E-05   -320.62  5.0580E-05   -263.39
   80.00    120.00     -2.18    -9.45    -1.43      0.3582     13.86 LEFT    8.1556E-05   -324.79  3.5331E-05   -264.30
   85.00    120.00     -5.95   -15.14    -5.45      0.3031      9.65 LEFT    5.2851E-05   -328.38  1.8342E-05   -264.72
   90.00    120.00   -999.99  -999.99  -999.99      0.0000      0.00         4.1804E-15   -152.06  1.1030E-15   -444.64
    0.00    125.00     -3.32    -0.22     1.51      0.0000     55.00 LINEAR  7.1531E-05   -221.37  1.0216E-04   -221.37
    5.00    125.00     -2.90    -0.29     1.61      0.0014     53.51 LEFT    7.5035E-05   -224.23  1.0142E-04   -224.07
   10.00    125.00     -2.54    -0.34     1.71      0.0048     52.21 LEFT    7.8200E-05   -227.59  1.0083E-04   -227.03
   15.00    125.00     -2.24    -0.38     1.80      0.0121     51.10 LEFT    8.0963E-05   -231.67  1.0035E-04   -230.25
   20.00    125.00     -2.00    -0.42     1.87      0.0249     50.19 LEFT    8.3274E-05   -236.63  9.9900E-05   -233.73
   25.00    125.00     -1.81    -0.46     1.93      0.0449     49.43 LEFT    8.5142E-05   -242.60  9.9387E-05   -237.40
   30.00    125.00     -1.65    -0.52     1.96      0.0733     48.74 LEFT    8.6682E-05   -249.66  9.8674E-05   -241.21
   35.00    125.00     -1.51    -0.62     1.97      0.1108     47.99 LEFT    8.8131E-05   -257.79  9.7588E-05   -245.08
   40.00    125.00     -1.34    -0.77     1.96      0.1577     46.97 LEFT    8.9827E-05   -266.89  9.5916E-05   -248.93
   45.00    125.00     -1.12    -1.00     1.95      0.2123     45.44 LEFT    9.2107E-05   -276.64  9.3414E-05   -252.67
   50.00    125.00     -0.84    -1.34     1.93      0.2711     43.09 LEFT    9.5138E-05   -286.61  8.9812E-05   -256.21
   55.00    125.00     -0.52    -1.84     1.88      0.3278     39.62 LEFT    9.8721E-05   -296.26  8.4836E-05   -259.48
   60.00    125.00     -0.22    -2.54     1.78      0.3733     34.91 LEFT    1.0216E-04   -305.14  7.8235E-05   -262.40
   65.00    125.00     -0.05    -3.53     1.56      0.3984     29.19 LEFT    1.0421E-04   -312.95  6.9807E-05   -264.91
   70.00    125.00     -0.14    -4.93     1.10      0.3981     23.17 LEFT    1.0314E-04   -319.56  5.9428E-05   -266.97
   75.00    125.00     -0.71    -6.95     0.22      0.3743     17.60 LEFT    9.6633E-05   -325.02  4.7085E-05   -268.53
   80.00    125.00     -2.18   -10.07    -1.53      0.3335     12.90 LEFT    8.1536E-05   -329.46  3.2887E-05   -269.57
   85.00    125.00     -5.96   -15.76    -5.53      0.2820      9.03 LEFT    5.2780E-05   -333.22  1.7072E-05   -270.07
   90.00    125.00   -999.99  -999.99  -999.99      0.0000      0.00         4.1734E-15   -156.95  1.0266E-15   -450.01
    0.00    130.00     -2.33    -0.81     1.51      0.0000     50.00 LINEAR  8.0162E-05   -221.37  9.5533E-05   -221.37
    5.00    130.00     -1.98    -0.88     1.62      0.0013     48.61 LEFT    8.3492E-05   -224.53  9.4745E-05   -224.38
   10.00    130.00     -1.68    -0.94     1.72      0.0044     47.42 LEFT    8.6426E-05   -228.18  9.4068E-05   -227.67
   15.00    130.00     -1.43    -1.00     1.80      0.0110     46.44 LEFT    8.8893E-05   -232.51  9.3472E-05   -231.25
   20.00    130.00     -1.24    -1.05     1.87      0.0228     45.65 LEFT    9.0834E-05   -237.70  9.2901E-05   -235.08
   25.00    130.00     -1.11    -1.11     1.90      0.0412     45.01 LEFT    9.2246E-05   -243.85  9.2271E-05   -239.13
   30.00    130.00     -1.02    -1.18     1.91      0.0675     44.45 LEFT    9.3225E-05   -251.05  9.1464E-05   -243.33
   35.00    130.00     -0.95    -1.29     1.89      0.1026     43.83 LEFT    9.3998E-05   -259.32  9.0327E-05   -247.60
   40.00    130.00     -0.86    -1.45     1.86      0.1466     42.97 LEFT    9.4901E-05   -268.56  8.8670E-05   -251.84
   45.00    130.00     -0.74    -1.69     1.82      0.1982     41.60 LEFT    9.6297E-05   -278.52  8.6270E-05   -255.96
   50.00    130.00     -0.55    -2.04     1.78      0.2537     39.42 LEFT    9.8403E-05   -288.79  8.2879E-05   -259.86
   55.00    130.00     -0.31    -2.54     1.72      0.3066     36.19 LEFT    1.0109E-04   -298.84  7.8243E-05   -263.46
   60.00    130.00     -0.09    -3.25     1.62      0.3482     31.81 LEFT    1.0374E-04   -308.17  7.2127E-05   -266.67
   65.00    130.00      0.03    -4.24     1.41      0.3702     26.58 LEFT    1.0515E-04   -316.43  6.4340E-05   -269.44
   70.00    130.00     -0.10    -5.64     0.97      0.3686     21.13 LEFT    1.0359E-04   -323.46  5.4766E-05   -271.71
   75.00    130.00     -0.69    -7.66     0.10      0.3457     16.12 LEFT    9.6768E-05   -329.26  4.3387E-05   -273.44
   80.00    130.00     -2.19   -10.78    -1.62      0.3076     11.87 LEFT    8.1498E-05   -333.96  3.0303E-05   -274.60
   85.00    130.00     -5.97   -16.47    -5.60      0.2600      8.37 LEFT    5.2703E-05   -337.86  1.5730E-05   -275.17
   90.00    130.00   -999.99  -999.99  -999.99      0.0000      0.00         4.1660E-15   -161.65  9.4591E-16   -455.15
    0.00    135.00     -1.50    -1.50     1.51      0.0000     45.00 LINEAR  8.8183E-05   -221.37  8.8183E-05   -221.37
    5.00    135.00     -1.20    -1.58     1.63      0.0012     43.73 LEFT    9.1334E-05   -224.81  8.7365E-05   -224.67
   10.00    135.00     -0.94    -1.66     1.73      0.0040     42.65 LEFT    9.4029E-05   -228.73  8.6630E-05   -228.27
   15.00    135.00     -0.75    -1.72     1.80      0.0100     41.78 LEFT    9.6195E-05   -233.32  8.5955E-05   -232.17
   20.00    135.00     -0.60    -1.79     1.85      0.0206     41.10 LEFT    9.7767E-05   -238.74  8.5296E-05   -236.35
   25.00    135.00     -0.52    -1.86     1.87      0.0373     40.57 LEFT    9.8731E-05   -245.09  8.4583E-05   -240.76
   30.00    135.00     -0.48    -1.95     1.86      0.0614     40.13 LEFT    9.9174E-05   -252.46  8.3718E-05   -245.33
   35.00    135.00     -0.47    -2.07     1.81      0.0939     39.64 LEFT    9.9315E-05   -260.89  8.2567E-05   -249.97
   40.00    135.00     -0.45    -2.24     1.75      0.1349     38.92 LEFT    9.9492E-05   -270.29  8.0963E-05   -254.59
   45.00    135.00     -0.40    -2.49     1.69      0.1832     37.70 LEFT    1.0009E-04   -280.46  7.8703E-05   -259.06
   50.00    135.00     -0.29    -2.84     1.63      0.2349     35.70 LEFT    1.0136E-04   -290.99  7.5561E-05   -263.31
   55.00    135.00     -0.13    -3.35     1.56      0.2838     32.70 LEFT    1.0324E-04   -301.38  7.1304E-05   -267.21
   60.00    135.00      0.03    -4.06     1.46      0.3214     28.68 LEFT    1.0517E-04   -311.11  6.5713E-05   -270.71
   65.00    135.00      0.10    -5.05     1.26      0.3403     23.93 LEFT    1.0600E-04   -319.78  5.8610E-05   -273.72
   70.00    135.00     -0.07    -6.45     0.83      0.3375     19.05 LEFT    1.0401E-04   -327.18  4.9885E-05   -276.19
   75.00    135.00     -0.68    -8.47    -0.01      0.3159     14.59 LEFT    9.6893E-05   -333.28  3.9520E-05   -278.07
   80.00    135.00     -2.19   -11.59    -1.72      0.2806     10.80 LEFT    8.1467E-05   -338.21  2.7601E-05   -279.34
   85.00    135.00     -5.98   -17.29    -5.67      0.2369      7.65 LEFT    5.2636E-05   -342.25  1.4328E-05   -279.98
   90.00    135.00   -999.99  -999.99  -999.99      0.0000      0.00         4.1595E-15   -166.08  8.6158E-16   -459.98
    0.00    140.00     -0.81    -2.33     1.51      0.0000     40.00 LINEAR  9.5533E-05   -221.37  8.0162E-05   -221.37
    5.00    140.00     -0.54    -2.42     1.63      0.0011     38.85 LEFT    9.8505E-05   -225.07  7.9343E-05   -224.94
   10.00    140.00     -0.33    -2.50     1.73      0.0035     37.89 LEFT    1.0096E-04   -229.25  7.8580E-05   -228.83
   15.00    140.00     -0.17    -2.58     1.80      0.0089     37.13 LEFT    1.0283E-04   -234.09  7.7860E-05   -233.03
   20.00    140.00     -0.06    -2.66     1.84      0.0184     36.55 LEFT    1.0404E-04   -239.73  7.7148E-05   -237.53
   25.00    140.00     -0.02    -2.75     1.84      0.0334     36.13 LEFT    1.0457E-04   -246.29  7.6391E-05   -242.27
   30.00    140.00     -0.03    -2.85     1.80      0.0552     35.79 LEFT    1.0451E-04   -253.84  7.5505E-05   -247.19
   35.00    140.00     -0.06    -2.98     1.73      0.0848     35.41 LEFT    1.0407E-04   -262.43  7.4379E-05   -252.18
   40.00    140.00     -0.10    -3.16     1.64      0.1225     34.81 LEFT    1.0359E-04   -272.00  7.2863E-05   -257.14
   45.00    140.00     -0.11    -3.41     1.55      0.1670     33.73 LEFT    1.0347E-04   -282.36  7.0779E-05   -261.96
   50.00    140.00     -0.07    -3.77     1.47      0.2147     31.92 LEFT    1.0400E-04   -293.14  6.7920E-05   -266.51
   55.00    140.00      0.03    -4.28     1.40      0.2592     29.18 LEFT    1.0518E-04   -303.84  6.4075E-05   -270.71
   60.00    140.00      0.14    -4.99     1.30      0.2926     25.52 LEFT    1.0647E-04   -313.91  5.9041E-05   -274.45
   65.00    140.00      0.16    -5.98     1.11      0.3086     21.26 LEFT    1.0678E-04   -322.94  5.2656E-05   -277.68
   70.00    140.00     -0.03    -7.38     0.70      0.3050     16.95 LEFT    1.0440E-04   -330.67  4.4818E-05   -280.33
   75.00    140.00     -0.67    -9.40    -0.12      0.2847     13.02 LEFT    9.7029E-05   -337.04  3.5506E-05   -282.36
   80.00    140.00     -2.19   -12.52    -1.80      0.2525      9.68 LEFT    8.1460E-05   -342.16  2.4799E-05   -283.73
   85.00    140.00     -5.99   -18.21    -5.74      0.2130      6.89 LEFT    5.2589E-05   -346.33  1.2873E-05   -284.43
   90.00    140.00   -999.99  -999.99  -999.99      0.0000      0.00         4.1548E-15   -170.20  7.7413E-16   -464.44
    0.00    145.00     -0.22    -3.32     1.51      0.0000     35.00 LINEAR  1.0216E-04   -221.37  7.1531E-05   -221.37
    5.00    145.00      0.01    -3.42     1.64      0.0009     33.98 LEFT    1.0495E-04   -225.30  7.0738E-05   -225.19
   10.00    145.00      0.19    -3.51     1.74      0.0031     33.14 LEFT    1.0718E-04   -229.72  6.9980E-05   -229.33
   15.00    145.00      0.32    -3.60     1.80      0.0078     32.49 LEFT    1.0876E-04   -234.79  6.9250E-05   -233.81
   20.00    145.00      0.39    -3.69     1.82      0.0161     32.00 LEFT    1.0962E-04   -240.65  6.8524E-05   -238.60
   25.00    145.00      0.40    -3.79     1.80      0.0293     31.67 LEFT    1.0975E-04   -247.41  6.7759E-05   -243.65
   30.00    145.00      0.36    -3.90     1.74      0.0487     31.41 LEFT    1.0923E-04   -255.15  6.6892E-05   -248.88
   35.00    145.00      0.28    -4.04     1.65      0.0753     31.13 LEFT    1.0827E-04   -263.91  6.5825E-05   -254.20
   40.00    145.00      0.20    -4.23     1.53      0.1094     30.64 LEFT    1.0721E-04   -273.65  6.4431E-05   -259.48
   45.00    145.00      0.13    -4.48     1.42      0.1497     29.70 LEFT    1.0646E-04   -284.19  6.2552E-05   -264.60
   50.00    145.00      0.13    -4.85     1.33      0.1929     28.08 LEFT    1.0635E-04   -295.19  6.0005E-05   -269.44
   55.00    145.00      0.17    -5.35     1.24      0.2326     25.60 LEFT    1.0690E-04   -306.15  5.6597E-05   -273.89
   60.00    145.00      0.23    -6.06     1.15      0.2619     22.34 LEFT    1.0765E-04   -316.52  5.2148E-05   -277.87
   65.00    145.00      0.22    -7.06     0.96      0.2750     18.59 LEFT    1.0751E-04   -325.85  4.6510E-05   -281.29
   70.00    145.00     -0.00    -8.46     0.58      0.2709     14.83 LEFT    1.0479E-04   -333.86  3.9588E-05   -284.10
   75.00    145.00     -0.66   -10.48    -0.23      0.2522     11.42 LEFT    9.7182E-05   -340.46  3.1365E-05   -286.25
   80.00    145.00     -2.19   -13.60    -1.88      0.2234      8.53 LEFT    8.1482E-05   -345.76  2.1908E-05   -287.71
   85.00    145.00     -5.99   -19.29    -5.80      0.1882      6.10 LEFT    5.2566E-05   -350.04  1.1373E-05   -288.47
   90.00    145.00   -999.99  -999.99  -999.99      0.0000      0.00         4.1520E-15   -173.94  6.8393E-16   -468.50
    0.00    150.00      0.26    -4.51     1.51      0.0000     30.00 LINEAR  1.0800E-04   -221.37  6.2355E-05   -221.37
    5.00    150.00      0.47    -4.61     1.64      0.0008     29.11 LEFT    1.1063E-04   -225.51  6.1616E-05   -225.40
   10.00    150.00      0.63    -4.72     1.74      0.0027     28.40 LEFT    1.1264E-04   -230.14  6.0895E-05   -229.77
   15.00    150.00      0.73    -4.82     1.79      0.0066     27.84 LEFT    1.1395E-04   -235.42  6.0190E-05   -234.50
   20.00    150.00      0.77    -4.92     1.80      0.0138     27.45 LEFT    1.1450E-04   -241.48  5.9486E-05   -239.55
   25.00    150.00      0.75    -5.03     1.77      0.0252     27.19 LEFT    1.1426E-04   -248.42  5.8753E-05   -244.88
   30.00    150.00      0.68    -5.15     1.69      0.0421     27.01 LEFT    1.1332E-04   -256.34  5.7938E-05   -250.40
   35.00    150.00      0.57    -5.30     1.57      0.0654     26.80 LEFT    1.1190E-04   -265.27  5.6963E-05   -256.00
   40.00    150.00      0.45    -5.49     1.43      0.0955     26.40 LEFT    1.1033E-04   -275.16  5.5720E-05   -261.56
   45.00    150.00      0.34    -5.75     1.30      0.1313     25.60 LEFT    1.0905E-04   -285.87  5.4072E-05   -266.95
   50.00    150.00      0.29    -6.11     1.19      0.1694     24.18 LEFT    1.0839E-04   -297.07  5.1857E-05   -272.04
   55.00    150.00      0.29    -6.62     1.10      0.2042     22.00 LEFT    1.0842E-04   -308.25  4.8908E-05   -276.73
   60.00    150.00      0.32    -7.33     1.00      0.2291     19.14 LEFT    1.0870E-04   -318.88  4.5064E-05   -280.90
   65.00    150.00      0.27    -8.33     0.83      0.2397     15.91 LEFT    1.0817E-04   -328.46  4.0194E-05   -284.50
   70.00    150.00      0.03    -9.72     0.46      0.2353     12.70 LEFT    1.0516E-04   -336.71  3.4216E-05   -287.45
   75.00    150.00     -0.64   -11.75    -0.32      0.2186      9.81 LEFT    9.7348E-05   -343.52  2.7111E-05   -289.71
   80.00    150.00     -2.18   -14.86    -1.95      0.1933      7.35 LEFT    8.1529E-05   -348.97  1.8938E-05   -291.25
   85.00    150.00     -6.00   -20.56    -5.85      0.1627      5.28 LEFT    5.2564E-05   -353.33  9.8315E-06   -292.05
   90.00    150.00   -999.99  -999.99  -999.99      0.0000      0.00         4.1511E-15   -177.26  5.9123E-16   -472.09
    0.00    155.00      0.65    -5.97     1.51      0.0000     25.00 LINEAR  1.1303E-04   -221.37  5.2705E-05   -221.37
    5.00    155.00      0.84    -6.08     1.65      0.0007     24.26 LEFT    1.1551E-04   -225.69  5.2045E-05   -225.59
   10.00    155.00      0.98    -6.19     1.74      0.0022     23.66 LEFT    1.1732E-04   -230.50  5.1392E-05   -230.16
   15.00    155.00      1.06    -6.30     1.79      0.0055     23.20 LEFT    1.1838E-04   -235.96  5.0745E-05   -235.09
   20.00    155.00      1.08    -6.41     1.79      0.0115     22.88 LEFT    1.1865E-04   -242.20  5.0098E-05   -240.37
   25.00    155.00      1.04    -6.53     1.74      0.0210     22.69 LEFT    1.1809E-04   -249.32  4.9430E-05   -245.94
   30.00    155.00      0.94    -6.66     1.64      0.0353     22.57 LEFT    1.1679E-04   -257.40  4.8700E-05   -251.71
   35.00    155.00      0.80    -6.81     1.50      0.0551     22.42 LEFT    1.1496E-04   -266.47  4.7845E-05   -257.56
   40.00    155.00      0.65    -7.01     1.34      0.0809     22.11 LEFT    1.1297E-04   -276.52  4.6777E-05   -263.37
   45.00    155.00      0.52    -7.27     1.18      0.1117     21.44 LEFT    1.1124E-04   -287.38  4.5379E-05   -268.99
   50.00    155.00      0.43    -7.64     1.06      0.1443     20.23 LEFT    1.1013E-04   -298.73  4.3514E-05   -274.30
   55.00    155.00      0.40    -8.14     0.97      0.1737     18.36 LEFT    1.0973E-04   -310.11  4.1039E-05   -279.18
   60.00    155.00      0.39    -8.86     0.88      0.1944     15.94 LEFT    1.0961E-04   -320.94  3.7816E-05   -283.53
   65.00    155.00      0.32    -9.85     0.72      0.2027     13.24 LEFT    1.0876E-04   -330.74  3.3732E-05   -287.27
   70.00    155.00      0.06   -11.25     0.37      0.1983     10.58 LEFT    1.0550E-04   -339.19  2.8718E-05   -290.33
   75.00    155.00     -0.63   -13.27    -0.40      0.1838      8.19 LEFT    9.7520E-05   -346.16  2.2756E-05   -292.69
   80.00    155.00     -2.18   -16.38    -2.01      0.1624      6.15 LEFT    8.1595E-05   -351.73  1.5897E-05   -294.29
   85.00    155.00     -5.99   -22.08    -5.89      0.1365      4.43 LEFT    5.2579E-05   -356.17  8.2532E-06   -295.13
   90.00    155.00   -999.99  -999.99  -999.99      0.0000      0.00         4.1515E-15   -180.13  4.9633E-16   -475.19
    0.00    160.00      0.97    -7.81     1.51      0.0000     20.00 LINEAR  1.1719E-04   -221.37  4.2653E-05   -221.37
    5.00    160.00      1.14    -7.92     1.65      0.0005     19.40 LEFT    1.1954E-04   -225.84  4.2096E-05   -225.74
   10.00    160.00      1.26    -8.04     1.74      0.0018     18.92 LEFT    1.2118E-04   -230.80  4.1537E-05   -230.47
   15.00    160.00      1.32    -8.16     1.79      0.0044     18.56 LEFT    1.2204E-04   -236.42  4.0980E-05   -235.59
   20.00    160.00      1.32    -8.28     1.77      0.0092     18.32 LEFT    1.2205E-04   -242.81  4.0421E-05   -241.06
   25.00    160.00      1.26    -8.40     1.71      0.0168     18.17 LEFT    1.2122E-04   -250.08  3.9848E-05   -246.82
   30.00    160.00      1.15    -8.54     1.59      0.0284     18.09 LEFT    1.1962E-04   -258.30  3.9230E-05   -252.80
   35.00    160.00      0.99    -8.70     1.43      0.0445     18.00 LEFT    1.1747E-04   -267.50  3.8520E-05   -258.87
   40.00    160.00      0.82    -8.89     1.26      0.0657     17.76 LEFT    1.1513E-04   -277.67  3.7645E-05   -264.88
   45.00    160.00      0.66    -9.16     1.09      0.0909     17.23 LEFT    1.1304E-04   -288.66  3.6511E-05   -270.70
   50.00    160.00      0.54    -9.53     0.95      0.1176     16.23 LEFT    1.1156E-04   -300.15  3.5008E-05   -276.19
   55.00    160.00      0.48   -10.03     0.85      0.1415     14.71 LEFT    1.1081E-04   -311.68  3.3018E-05   -281.23
   60.00    160.00      0.45   -10.74     0.77      0.1579     12.74 LEFT    1.1039E-04   -322.68  3.0427E-05   -285.71
   65.00    160.00      0.36   -11.74     0.62      0.1641     10.57 LEFT    1.0927E-04   -332.65  2.7144E-05   -289.57
   70.00    160.00      0.08   -13.13     0.28      0.1602      8.45 LEFT    1.0581E-04   -341.25  2.3111E-05   -292.73
   75.00    160.00     -0.61   -15.15    -0.46      0.1482      6.55 LEFT    9.7684E-05   -348.36  1.8315E-05   -295.16
   80.00    160.00     -2.17   -18.27    -2.06      0.1308      4.93 LEFT    8.1667E-05   -354.03  1.2795E-05   -296.82
   85.00    160.00     -5.99   -23.96    -5.92      0.1099      3.56 LEFT    5.2603E-05   -358.53  6.6431E-06   -297.69
   90.00    160.00   -999.99  -999.99  -999.99      0.0000      0.00         4.1528E-15   -182.51  3.9949E-16   -477.76
    0.00    165.00      1.21   -10.23     1.51      0.0000     15.00 LINEAR  1.2046E-04   -221.37  3.2277E-05   -221.37
    5.00    165.00      1.37   -10.35     1.65      0.0004     14.55 LEFT    1.2271E-04   -225.96  3.1842E-05   -225.86
   10.00    165.00      1.47   -10.47     1.74      0.0013     14.19 LEFT    1.2421E-04   -231.04  3.1400E-05   -230.72
   15.00    165.00      1.52   -10.59     1.78      0.0033     13.92 LEFT    1.2489E-04   -236.78  3.0958E-05   -235.98
   20.00    165.00      1.51   -10.72     1.76      0.0069     13.74 LEFT    1.2472E-04   -243.30  3.0515E-05   -241.60
   25.00    165.00      1.44   -10.85     1.69      0.0126     13.65 LEFT    1.2366E-04   -250.68  3.0062E-05   -247.52
   30.00    165.00      1.31   -10.99     1.55      0.0214     13.60 LEFT    1.2182E-04   -259.01  2.9579E-05   -253.67
   35.00    165.00      1.13   -11.15     1.38      0.0337     13.54 LEFT    1.1942E-04   -268.33  2.9030E-05   -259.90
   40.00    165.00      0.94   -11.35     1.19      0.0498     13.37 LEFT    1.1681E-04   -278.60  2.8363E-05   -266.07
   45.00    165.00      0.76   -11.62     1.01      0.0692     12.96 LEFT    1.1444E-04   -289.69  2.7505E-05   -272.05
   50.00    165.00      0.63   -11.99     0.86      0.0896     12.20 LEFT    1.1269E-04   -301.29  2.6372E-05   -277.68
   55.00    165.00      0.55   -12.49     0.76      0.1076     11.04 LEFT    1.1167E-04   -312.94  2.4873E-05   -282.84
   60.00    165.00      0.50   -13.20     0.68      0.1199      9.55 LEFT    1.1100E-04   -324.06  2.2923E-05   -287.44
   65.00    165.00      0.39   -14.19     0.54      0.1243      7.92 LEFT    1.0969E-04   -334.16  2.0452E-05   -291.39
   70.00    165.00      0.10   -15.59     0.22      0.1210      6.33 LEFT    1.0607E-04   -342.88  1.7415E-05   -294.62
   75.00    165.00     -0.60   -17.61    -0.51      0.1118      4.92 LEFT    9.7828E-05   -350.09  1.3802E-05   -297.11
   80.00    165.00     -2.16   -20.72    -2.10      0.0986      3.71 LEFT    8.1737E-05   -355.84  9.6426E-06   -298.80
   85.00    165.00     -5.98   -26.42    -5.95      0.0828      2.69 LEFT    5.2629E-05   -360.38  5.0065E-06   -299.70
   90.00    165.00   -999.99  -999.99  -999.99      0.0000      0.00         4.1545E-15   -184.38  3.0108E-16   -479.78
    0.00    170.00      1.38   -13.70     1.51      0.0000     10.00 LINEAR  1.2282E-04   -221.37  2.1656E-05   -221.37
    5.00    170.00      1.53   -13.82     1.65      0.0003      9.70 LEFT    1.2499E-04   -226.04  2.1356E-05   -225.95
   10.00    170.00      1.62   -13.94     1.74      0.0009      9.46 LEFT    1.2638E-04   -231.22  2.1052E-05   -230.90
   15.00    170.00      1.66   -14.07     1.78      0.0022      9.28 LEFT    1.2694E-04   -237.05  2.0745E-05   -236.26
   20.00    170.00      1.64   -14.20     1.75      0.0046      9.17 LEFT    1.2662E-04   -243.65  2.0438E-05   -241.99
   25.00    170.00      1.56   -14.33     1.67      0.0084      9.10 LEFT    1.2541E-04   -251.12  2.0124E-05   -248.03
   30.00    170.00      1.42   -14.48     1.53      0.0143      9.08 LEFT    1.2340E-04   -259.54  1.9793E-05   -254.29
   35.00    170.00      1.23   -14.64     1.34      0.0226      9.04 LEFT    1.2081E-04   -268.93  1.9420E-05   -260.64
   40.00    170.00      1.03   -14.85     1.14      0.0335      8.93 LEFT    1.1801E-04   -279.28  1.8970E-05   -266.94
   45.00    170.00      0.84   -15.12     0.95      0.0466      8.66 LEFT    1.1544E-04   -290.44  1.8394E-05   -273.02
   50.00    170.00      0.69   -15.48     0.79      0.0604      8.15 LEFT    1.1350E-04   -302.12  1.7637E-05   -278.75
   55.00    170.00      0.60   -15.99     0.69      0.0725      7.36 LEFT    1.1229E-04   -313.85  1.6635E-05   -284.01
   60.00    170.00      0.53   -16.70     0.61      0.0806      6.36 LEFT    1.1146E-04   -325.07  1.5332E-05   -288.68
   65.00    170.00      0.42   -17.69     0.49      0.0834      5.27 LEFT    1.0999E-04   -335.26  1.3680E-05   -292.69
   70.00    170.00      0.12   -19.08     0.17      0.0811      4.22 LEFT    1.0626E-04   -344.06  1.1649E-05   -295.98
   75.00    170.00     -0.59   -21.10    -0.55      0.0749      3.28 LEFT    9.7940E-05   -351.34  9.2331E-06   -298.51
   80.00    170.00     -2.15   -24.22    -2.13      0.0659      2.48 LEFT    8.1794E-05   -357.14  6.4508E-06   -300.23
   85.00    170.00     -5.98   -29.91    -5.96      0.0553      1.80 LEFT    5.2653E-05   -361.72  3.3493E-06   -301.15
   90.00    170.00   -999.99  -999.99  -999.99      0.0000      0.00         4.1560E-15   -185.72  2.0142E-16   -481.23
    0.00    175.00      1.48   -19.68     1.51      0.0000      5.00 LINEAR  1.2424E-04   -221.37  1.0869E-05   -221.37
    5.00    175.00      1.62   -19.81     1.65      0.0001      4.85 LEFT    1.2636E-04   -226.09  1.0717E-05   -226.00
   10.00    175.00      1.71   -19.93     1.74      0.0004      4.73 LEFT    1.2769E-04   -231.32  1.0561E-05   -231.01
   15.00    175.00      1.75   -20.06     1.78      0.0011      4.64 LEFT    1.2818E-04   -237.20  1.0404E-05   -236.43
   20.00    175.00      1.72   -20.20     1.75      0.0023      4.58 LEFT    1.2777E-04   -243.86  1.0247E-05   -242.22
   25.00    175.00      1.63   -20.33     1.66      0.0042      4.55 LEFT    1.2645E-04   -251.39  1.0087E-05   -248.34
   30.00    175.00      1.48   -20.48     1.51      0.0072      4.54 LEFT    1.2434E-04   -259.85  9.9186E-06   -254.67
   35.00    175.00      1.29   -20.65     1.32      0.0113      4.53 LEFT    1.2164E-04   -269.30  9.7300E-06   -261.10
   40.00    175.00      1.08   -20.85     1.11      0.0169      4.47 LEFT    1.1873E-04   -279.69  9.5034E-06   -267.46
   45.00    175.00      0.88   -21.12     0.91      0.0235      4.34 LEFT    1.1605E-04   -290.90  9.2146E-06   -273.61
   50.00    175.00      0.73   -21.48     0.75      0.0304      4.08 LEFT    1.1398E-04   -302.62  8.8350E-06   -279.40
   55.00    175.00      0.63   -21.99     0.65      0.0365      3.68 LEFT    1.1267E-04   -314.40  8.3336E-06   -284.71
   60.00    175.00      0.55   -22.70     0.58      0.0405      3.18 LEFT    1.1173E-04   -325.67  7.6812E-06   -289.43
   65.00    175.00      0.43   -23.69     0.45      0.0419      2.63 LEFT    1.1018E-04   -335.92  6.8539E-06   -293.48
   70.00    175.00      0.13   -25.09     0.14      0.0407      2.11 LEFT    1.0638E-04   -344.77  5.8367E-06   -296.80
   75.00    175.00     -0.58   -27.10    -0.57      0.0375      1.64 LEFT    9.8011E-05   -352.09  4.6262E-06   -299.35
   80.00    175.00     -2.15   -30.22    -2.14      0.0330      1.24 LEFT    8.1831E-05   -357.92  3.2322E-06   -301.10
   85.00    175.00     -5.98   -35.91    -5.97      0.0277      0.90 LEFT    5.2668E-05   -362.52  1.6782E-06   -302.02
   90.00    175.00   -999.99  -999.99  -999.99      0.0000      0.00         4.1571E-15   -186.53  1.0093E-16   -482.11
    0.00    180.00      1.51  -999.99     1.51      0.0000     -0.00 LINEAR  1.2471E-04   -221.37  1.2729E-15   -401.37
    5.00    180.00      1.65  -999.99     1.65      0.0000     -0.00 LINEAR  1.2682E-04   -226.11  1.2550E-15   -406.02
   10.00    180.00      1.74  -999.99     1.74      0.0000     -0.00 LINEAR  1.2813E-04   -231.36  1.2366E-15   -411.05
   15.00    180.00      1.78  -999.99     1.78      0.0000     -0.00 LINEAR  1.2859E-04   -237.26  1.2182E-15   -416.48
   20.00    180.00      1.75  -999.99     1.75      0.0000     -0.00 LINEAR  1.2815E-04   -243.93  1.1996E-15   -422.30
   25.00    180.00      1.65  -999.99     1.65      0.0000     -0.00 LINEAR  1.2680E-04   -251.48  1.1808E-15   -428.44
   30.00    180.00      1.51  -999.99     1.51      0.0000     -0.00 LINEAR  1.2465E-04   -259.96  1.1610E-15   -434.80
   35.00    180.00      1.31  -999.99     1.31      0.0000     -0.00 LINEAR  1.2192E-04   -269.42  1.1388E-15   -441.25
   40.00    180.00      1.10  -999.99     1.10      0.0000     -0.00 LINEAR  1.1897E-04   -279.83  1.1122E-15   -447.63
   45.00    180.00      0.90  -999.99     0.90      0.0000     -0.00 LINEAR  1.1625E-04   -291.05  1.0784E-15   -453.81
   50.00    180.00      0.74  -999.99     0.74      0.0000     -0.00 LINEAR  1.1415E-04   -302.79  1.0340E-15   -459.62
   55.00    180.00      0.64  -999.99     0.64      0.0000     -0.00 LINEAR  1.1279E-04   -314.59  9.7534E-16   -464.95
   60.00    180.00      0.56  -999.99     0.56      0.0000     -0.00 LINEAR  1.1182E-04   -325.88  8.9900E-16   -469.68
   65.00    180.00      0.44  -999.99     0.44      0.0000     -0.00 LINEAR  1.1025E-04   -336.14  8.0219E-16   -473.75
   70.00    180.00      0.13  -999.99     0.13      0.0000     -0.00 LINEAR  1.0642E-04   -345.01  6.8314E-16   -477.08
   75.00    180.00     -0.58  -999.99    -0.58      0.0000     -0.00 LINEAR  9.8035E-05   -352.34  5.4146E-16   -479.63
   80.00    180.00     -2.15  -999.99    -2.15      0.0000     -0.00 LINEAR  8.1843E-05   -358.18  3.7831E-16   -481.38
   85.00    180.00     -5.98  -999.99    -5.98      0.0000     -0.00 LINEAR  5.2674E-05   -362.79  1.9643E-16   -482.31
   90.00    180.00   -999.99  -999.99  -999.99      0.0000      0.00         4.1575E-15   -186.81  1.1813E-26   -302.40
    0.00    185.00      1.48   -19.68     1.51      0.0000     -5.00 LINEAR  1.2424E-04   -221.37  1.0869E-05   -401.37
    5.00    185.00      1.62   -19.81     1.65      0.0001     -4.85 RIGHT   1.2636E-04   -226.09  1.0717E-05   -406.00
   10.00    185.00      1.71   -19.93     1.74      0.0004     -4.73 RIGHT   1.2769E-04   -231.32  1.0561E-05   -411.01
   15.00    185.00      1.75   -20.06     1.78      0.0011     -4.64 RIGHT   1.2818E-04   -237.20  1.0404E-05   -416.43
   20.00    185.00      1.72   -20.20     1.75      0.0023     -4.58 RIGHT   1.2777E-04   -243.86  1.0247E-05   -422.22
   25.00    185.00      1.63   -20.33     1.66      0.0042     -4.55 RIGHT   1.2645E-04   -251.39  1.0087E-05   -428.34
   30.00    185.00      1.48   -20.48     1.51      0.0072     -4.54 RIGHT   1.2434E-04   -259.85  9.9186E-06   -434.67
   35.00    185.00      1.29   -20.65     1.32      0.0113     -4.53 RIGHT   1.2164E-04   -269.30  9.7300E-06   -441.10
   40.00    185.00      1.08   -20.85     1.11      0.0169     -4.47 RIGHT   1.1873E-04   -279.69  9.5034E-06   -447.46
   45.00    185.00      0.88   -21.12     0.91      0.0235     -4.34 RIGHT   1.1605E-04   -290.90  9.2146E-06   -453.61
   50.00    185.00      0.73   -21.48     0.75      0.0304     -4.08 RIGHT   1.1398E-04   -302.62  8.8350E-06   -459.40
   55.00    185.00      0.63   -21.99     0.65      0.0365     -3.68 RIGHT   1.1267E-04   -314.40  8.3336E-06   -464.71
   60.00    185.00      0.55   -22.70     0.58      0.0405     -3.18 RIGHT   1.1173E-04   -325.67  7.6812E-06   -469.43
   65.00    185.00      0.43   -23.69     0.45      0.0419     -2.63 RIGHT   1.1018E-04   -335.92  6.8539E-06   -473.48
   70.00    185.00      0.13   -25.09     0.14      0.0407     -2.11 RIGHT   1.0638E-04   -344.77  5.8367E-06   -476.80
   75.00    185.00     -0.58   -27.10    -0.57      0.0375     -1.64 RIGHT   9.8011E-05   -352.09  4.6262E-06   -479.35
   80.00    185.00     -2.15   -30.22    -2.14      0.0330     -1.24 RIGHT   8.1831E-05   -357.92  3.2322E-06   -481.10
   85.00    185.00     -5.98   -35.91    -5.97      0.0277     -0.90 RIGHT   5.2668E-05   -362.52  1.6782E-06   -482.02
   90.00    185.00   -999.99  -999.99  -999.99      0.0000      0.00         4.1570E-15   -186.53  1.0093E-16   -302.10
    0.00    190.00      1.38   -13.70     1.51      0.0000    -10.00 LINEAR  1.2282E-04   -221.37  2.1656E-05   -401.37
    5.00    190.00      1.53   -13.82     1.65      0.0003     -9.70 RIGHT   1.2499E-04   -226.04  2.1356E-05   -405.95
   10.00    190.00      1.62   -13.94     1.74      0.0009     -9.46 RIGHT   1.2638E-04   -231.22  2.1052E-05   -410.90
   15.00    190.00      1.66   -14.07     1.78      0.0022     -9.28 RIGHT   1.2694E-04   -237.05  2.0745E-05   -416.26
   20.00    190.00      1.64   -14.20     1.75      0.0046     -9.17 RIGHT   1.2662E-04   -243.65  2.0438E-05   -421.99
   25.00    190.00      1.56   -14.33     1.67      0.0084     -9.10 RIGHT   1.2541E-04   -251.12  2.0124E-05   -428.03
   30.00    190.00      1.42   -14.48     1.53      0.0143     -9.08 RIGHT   1.2340E-04   -259.54  1.9793E-05   -434.29
   35.00    190.00      1.23   -14.64     1.34      0.0226     -9.04 RIGHT   1.2081E-04   -268.93  1.9420E-05   -440.64
   40.00    190.00      1.03   -14.85     1.14      0.0335     -8.93 RIGHT   1.1801E-04   -279.28  1.8970E-05   -446.94
   45.00    190.00      0.84   -15.12     0.95      0.0466     -8.66 RIGHT   1.1544E-04   -290.44  1.8394E-05   -453.02
   50.00    190.00      0.69   -15.48     0.79      0.0604     -8.15 RIGHT   1.1350E-04   -302.12  1.7637E-05   -458.75
   55.00    190.00      0.60   -15.99     0.69      0.0725     -7.36 RIGHT   1.1229E-04   -313.85  1.6635E-05   -464.01
   60.00    190.00      0.53   -16.70     0.61      0.0806     -6.36 RIGHT   1.1146E-04   -325.07  1.5332E-05   -468.68
   65.00    190.00      0.42   -17.69     0.49      0.0834     -5.27 RIGHT   1.0999E-04   -335.26  1.3680E-05   -472.69
   70.00    190.00      0.12   -19.08     0.17      0.0811     -4.22 RIGHT   1.0626E-04   -344.06  1.1649E-05   -475.98
   75.00    190.00     -0.59   -21.10    -0.55      0.0749     -3.28 RIGHT   9.7940E-05   -351.34  9.2331E-06   -478.51
   80.00    190.00     -2.15   -24.22    -2.13      0.0659     -2.48 RIGHT   8.1794E-05   -357.14  6.4508E-06   -480.23
   85.00    190.00     -5.98   -29.91    -5.96      0.0553     -1.80 RIGHT   5.2653E-05   -361.72  3.3493E-06   -481.15
   90.00    190.00   -999.99  -999.99  -999.99      0.0000      0.00         4.1560E-15   -185.72  2.0142E-16   -301.23
    0.00    195.00      1.21   -10.23     1.51      0.0000    -15.00 LINEAR  1.2046E-04   -221.37  3.2277E-05   -401.37
    5.00    195.00      1.37   -10.35     1.65      0.0004    -14.55 RIGHT   1.2271E-04   -225.96  3.1842E-05   -405.86
   10.00    195.00      1.47   -10.47     1.74      0.0013    -14.19 RIGHT   1.2421E-04   -231.04  3.1400E-05   -410.72
   15.00    195.00      1.52   -10.59     1.78      0.0033    -13.92 RIGHT   1.2489E-04   -236.78  3.0958E-05   -415.98
   20.00    195.00      1.51   -10.72     1.76      0.0069    -13.74 RIGHT   1.2472E-04   -243.30  3.0515E-05   -421.60
   25.00    195.00      1.44   -10.85     1.69      0.0126    -13.65 RIGHT   1.2366E-04   -250.68  3.0062E-05   -427.52
   30.00    195.00      1.31   -10.99     1.55      0.0214    -13.60 RIGHT   1.2182E-04   -259.01  2.9579E-05   -433.67
   35.00    195.00      1.13   -11.15     1.38      0.0337    -13.54 RIGHT   1.1942E-04   -268.33  2.9030E-05   -439.90
   40.00    195.00      0.94   -11.35     1.19      0.0498    -13.37 RIGHT   1.1681E-04   -278.60  2.8363E-05   -446.07
   45.00    195.00      0.76   -11.62     1.01      0.0692    -12.96 RIGHT   1.1444E-04   -289.69  2.7505E-05   -452.05
   50.00    195.00      0.63   -11.99     0.86      0.0896    -12.20 RIGHT   1.1269E-04   -301.29  2.6372E-05   -457.68
   55.00    195.00      0.55   -12.49     0.76      0.1076    -11.04 RIGHT   1.1167E-04   -312.94  2.4873E-05   -462.84
   60.00    195.00      0.50   -13.20     0.68      0.1199     -9.55 RIGHT   1.1100E-04   -324.06  2.2923E-05   -467.44
   65.00    195.00      0.39   -14.19     0.54      0.1243     -7.92 RIGHT   1.0969E-04   -334.16  2.0452E-05   -471.39
   70.00    195.00      0.10   -15.59     0.22      0.1210     -6.33 RIGHT   1.0607E-04   -342.88  1.7415E-05   -474.62
   75.00    195.00     -0.60   -17.61    -0.51      0.1118     -4.92 RIGHT   9.7828E-05   -350.09  1.3802E-05   -477.11
   80.00    195.00     -2.16   -20.72    -2.10      0.0986     -3.71 RIGHT   8.1737E-05   -355.84  9.6426E-06   -478.80
   85.00    195.00     -5.98   -26.42    -5.95      0.0828     -2.69 RIGHT   5.2629E-05   -360.38  5.0065E-06   -479.70
   90.00    195.00   -999.99  -999.99  -999.99      0.0000      0.00         4.1545E-15   -184.38  3.0108E-16   -299.78
    0.00    200.00      0.97    -7.81     1.51      0.0000    -20.00 LINEAR  1.1719E-04   -221.37  4.2653E-05   -401.37
    5.00    200.00      1.14    -7.92     1.65      0.0005    -19.40 RIGHT   1.1954E-04   -225.84  4.2096E-05   -405.74
   10.00    200.00      1.26    -8.04     1.74      0.0018    -18.92 RIGHT   1.2118E-04   -230.80  4.1537E-05   -410.47
   15.00    200.00      1.32    -8.16     1.79      0.0044    -18.56 RIGHT   1.2204E-04   -236.42  4.0980E-05   -415.59
   20.00    200.00      1.32    -8.28     1.77      0.0092    -18.32 RIGHT   1.2205E-04   -242.81  4.0421E-05   -421.06
   25.00    200.00      1.26    -8.40     1.71      0.0168    -18.17 RIGHT   1.2122E-04   -250.08  3.9848E-05   -426.82
   30.00    200.00      1.15    -8.54     1.59      0.0284    -18.09 RIGHT   1.1962E-04   -258.30  3.9230E-05   -432.80
   35.00    200.00      0.99    -8.70     1.43      0.0445    -18.00 RIGHT   1.1747E-04   -267.50  3.8520E-05   -438.87
   40.00    200.00      0.82    -8.89     1.26      0.0657    -17.76 RIGHT   1.1513E-04   -277.67  3.7645E-05   -444.88
   45.00    200.00      0.66    -9.16     1.09      0.0909    -17.23 RIGHT   1.1304E-04   -288.66  3.6511E-05   -450.70
   50.00    200.00      0.54    -9.53     0.95      0.1176    -16.23 RIGHT   1.1156E-04   -300.15  3.5008E-05   -456.19
   55.00    200.00      0.48   -10.03     0.85      0.1415    -14.71 RIGHT   1.1081E-04   -311.68  3.3018E-05   -461.23
   60.00    200.00      0.45   -10.74     0.77      0.1579    -12.74 RIGHT   1.1039E-04   -322.68  3.0427E-05   -465.71
   65.00    200.00      0.36   -11.74     0.62      0.1641    -10.57 RIGHT   1.0927E-04   -332.65  2.7144E-05   -469.57
   70.00    200.00      0.08   -13.13     0.28      0.1602     -8.45 RIGHT   1.0581E-04   -341.25  2.3111E-05   -472.73
   75.00    200.00     -0.61   -15.15    -0.46      0.1482     -6.55 RIGHT   9.7684E-05   -348.36  1.8315E-05   -475.16
   80.00    200.00     -2.17   -18.27    -2.06      0.1308     -4.93 RIGHT   8.1667E-05   -354.03  1.2795E-05   -476.82
   85.00    200.00     -5.99   -23.96    -5.92      0.1099     -3.56 RIGHT   5.2603E-05   -358.53  6.6431E-06   -477.69
   90.00    200.00   -999.99  -999.99  -999.99      0.0000      0.00         4.1528E-15   -182.51  3.9949E-16   -297.76
    0.00    205.00      0.65    -5.97     1.51      0.0000    -25.00 LINEAR  1.1303E-04   -221.37  5.2705E-05   -401.37
    5.00    205.00      0.84    -6.08     1.65      0.0007    -24.26 RIGHT   1.1551E-04   -225.69  5.2045E-05   -405.59
   10.00    205.00      0.98    -6.19     1.74      0.0022    -23.66 RIGHT   1.1732E-04   -230.50  5.1392E-05   -410.16
   15.00    205.00      1.06    -6.30     1.79      0.0055    -23.20 RIGHT   1.1838E-04   -235.96  5.0745E-05   -415.09
   20.00    205.00      1.08    -6.41     1.79      0.0115    -22.88 RIGHT   1.1865E-04   -242.20  5.0098E-05   -420.37
   25.00    205.00      1.04    -6.53     1.74      0.0210    -22.69 RIGHT   1.1809E-04   -249.32  4.9430E-05   -425.94
   30.00    205.00      0.94    -6.66     1.64      0.0353    -22.57 RIGHT   1.1679E-04   -257.40  4.8700E-05   -431.71
   35.00    205.00      0.80    -6.81     1.50      0.0551    -22.42 RIGHT   1.1496E-04   -266.47  4.7845E-05   -437.56
   40.00    205.00      0.65    -7.01     1.34      0.0809    -22.11 RIGHT   1.1297E-04   -276.52  4.6777E-05   -443.37
   45.00    205.00      0.52    -7.27     1.18      0.1117    -21.44 RIGHT   1.1124E-04   -287.38  4.5379E-05   -448.99
   50.00    205.00      0.43    -7.64     1.06      0.1443    -20.23 RIGHT   1.1013E-04   -298.73  4.3514E-05   -454.30
   55.00    205.00      0.40    -8.14     0.97      0.1737    -18.36 RIGHT   1.0973E-04   -310.11  4.1039E-05   -459.18
   60.00    205.00      0.39    -8.86     0.88      0.1944    -15.94 RIGHT   1.0961E-04   -320.94  3.7816E-05   -463.53
   65.00    205.00      0.32    -9.85     0.72      0.2027    -13.24 RIGHT   1.0876E-04   -330.74  3.3732E-05   -467.27
   70.00    205.00      0.06   -11.25     0.37      0.1983    -10.58 RIGHT   1.0550E-04   -339.19  2.8718E-05   -470.33
   75.00    205.00     -0.63   -13.27    -0.40      0.1838     -8.19 RIGHT   9.7520E-05   -346.16  2.2756E-05   -472.69
   80.00    205.00     -2.18   -16.38    -2.01      0.1624     -6.15 RIGHT   8.1595E-05   -351.73  1.5897E-05   -474.29
   85.00    205.00     -5.99   -22.08    -5.89      0.1365     -4.43 RIGHT   5.2579E-05   -356.17  8.2532E-06   -475.13
   90.00    205.00   -999.99  -999.99  -999.99      0.0000      0.00         4.1516E-15   -180.13  4.9632E-16   -295.19
    0.00    210.00      0.26    -4.51     1.51      0.0000    -30.00 LINEAR  1.0800E-04   -221.37  6.2355E-05   -401.37
    5.00    210.00      0.47    -4.61     1.64      0.0008    -29.11 RIGHT   1.1063E-04   -225.51  6.1616E-05   -405.40
   10.00    210.00      0.63    -4.72     1.74      0.0027    -28.40 RIGHT   1.1264E-04   -230.14  6.0895E-05   -409.77
   15.00    210.00      0.73    -4.82     1.79      0.0066    -27.84 RIGHT   1.1395E-04   -235.42  6.0190E-05   -414.50
   20.00    210.00      0.77    -4.92     1.80      0.0138    -27.45 RIGHT   1.1450E-04   -241.48  5.9486E-05   -419.55
   25.00    210.00      0.75    -5.03     1.77      0.0252    -27.19 RIGHT   1.1426E-04   -248.42  5.8753E-05   -424.88
   30.00    210.00      0.68    -5.15     1.69      0.0421    -27.01 RIGHT   1.1332E-04   -256.34  5.7938E-05   -430.40
   35.00    210.00      0.57    -5.30     1.57      0.0654    -26.80 RIGHT   1.1190E-04   -265.27  5.6963E-05   -436.00
   40.00    210.00      0.45    -5.49     1.43      0.0955    -26.40 RIGHT   1.1033E-04   -275.16  5.5720E-05   -441.56
   45.00    210.00      0.34    -5.75     1.30      0.1313    -25.60 RIGHT   1.0905E-04   -285.87  5.4072E-05   -446.95
   50.00    210.00      0.29    -6.11     1.19      0.1694    -24.18 RIGHT   1.0839E-04   -297.07  5.1857E-05   -452.04
   55.00    210.00      0.29    -6.62     1.10      0.2042    -22.00 RIGHT   1.0842E-04   -308.25  4.8908E-05   -456.73
   60.00    210.00      0.32    -7.33     1.00      0.2291    -19.14 RIGHT   1.0870E-04   -318.88  4.5064E-05   -460.90
   65.00    210.00      0.27    -8.33     0.83      0.2397    -15.91 RIGHT   1.0817E-04   -328.46  4.0194E-05   -464.50
   70.00    210.00      0.03    -9.72     0.46      0.2353    -12.70 RIGHT   1.0516E-04   -336.71  3.4216E-05   -467.45
   75.00    210.00     -0.64   -11.75    -0.32      0.2186     -9.81 RIGHT   9.7348E-05   -343.52  2.7111E-05   -469.71
   80.00    210.00     -2.18   -14.86    -1.95      0.1933     -7.35 RIGHT   8.1529E-05   -348.97  1.8938E-05   -471.25
   85.00    210.00     -6.00   -20.56    -5.85      0.1627     -5.28 RIGHT   5.2564E-05   -353.33  9.8315E-06   -472.05
   90.00    210.00   -999.99  -999.99  -999.99      0.0000      0.00         4.1511E-15   -177.26  5.9122E-16   -292.09
    0.00    215.00     -0.22    -3.32     1.51      0.0000    -35.00 LINEAR  1.0216E-04   -221.37  7.1531E-05   -401.37
    5.00    215.00      0.01    -3.42     1.64      0.0009    -33.98 RIGHT   1.0495E-04   -225.30  7.0738E-05   -405.19
   10.00    215.00      0.19    -3.51     1.74      0.0031    -33.14 RIGHT   1.0718E-04   -229.72  6.9980E-05   -409.33
   15.00    215.00      0.32    -3.60     1.80      0.0078    -32.49 RIGHT   1.0876E-04   -234.79  6.9250E-05   -413.81
   20.00    215.00      0.39    -3.69     1.82      0.0161    -32.00 RIGHT   1.0962E-04   -240.65  6.8524E-05   -418.60
   25.00    215.00      0.40    -3.79     1.80      0.0293    -31.67 RIGHT   1.0975E-04   -247.41  6.7759E-05   -423.65
   30.00    215.00      0.36    -3.90     1.74      0.0487    -31.41 RIGHT   1.0923E-04   -255.15  6.6892E-05   -428.88
   35.00    215.00      0.28    -4.04     1.65      0.0753    -31.13 RIGHT   1.0827E-04   -263.91  6.5825E-05   -434.20
   40.00    215.00      0.20    -4.23     1.53      0.1094    -30.64 RIGHT   1.0721E-04   -273.65  6.4431E-05   -439.48
   45.00    215.00      0.13    -4.48     1.42      0.1497    -29.70 RIGHT   1.0646E-04   -284.19  6.2552E-05   -444.60
   50.00    215.00      0.13    -4.85     1.33      0.1929    -28.08 RIGHT   1.0635E-04   -295.19  6.0005E-05   -449.44
   55.00    215.00      0.17    -5.35     1.24      0.2326    -25.60 RIGHT   1.0690E-04   -306.15  5.6597E-05   -453.89
   60.00    215.00      0.23    -6.06     1.15      0.2619    -22.34 RIGHT   1.0765E-04   -316.52  5.2148E-05   -457.87
   65.00    215.00      0.22    -7.06     0.96      0.2750    -18.59 RIGHT   1.0751E-04   -325.85  4.6510E-05   -461.29
   70.00    215.00     -0.00    -8.46     0.58      0.2709    -14.83 RIGHT   1.0479E-04   -333.86  3.9588E-05   -464.10
   75.00    215.00     -0.66   -10.48    -0.23      0.2522    -11.42 RIGHT   9.7182E-05   -340.46  3.1365E-05   -466.25
   80.00    215.00     -2.19   -13.60    -1.88      0.2234     -8.53 RIGHT   8.1482E-05   -345.76  2.1908E-05   -467.71
   85.00    215.00     -5.99   -19.29    -5.80      0.1882     -6.10 RIGHT   5.2566E-05   -350.04  1.1373E-05   -468.47
   90.00    215.00   -999.99  -999.99  -999.99      0.0000      0.00         4.1521E-15   -173.94  6.8391E-16   -288.50
    0.00    220.00     -0.81    -2.33     1.51      0.0000    -40.00 LINEAR  9.5533E-05   -221.37  8.0162E-05   -401.37
    5.00    220.00     -0.54    -2.42     1.63      0.0011    -38.85 RIGHT   9.8505E-05   -225.07  7.9343E-05   -404.94
   10.00    220.00     -0.33    -2.50     1.73      0.0035    -37.89 RIGHT   1.0096E-04   -229.25  7.8580E-05   -408.83
   15.00    220.00     -0.17    -2.58     1.80      0.0089    -37.13 RIGHT   1.0283E-04   -234.09  7.7860E-05   -413.03
   20.00    220.00     -0.06    -2.66     1.84      0.0184    -36.55 RIGHT   1.0404E-04   -239.73  7.7148E-05   -417.53
   25.00    220.00     -0.02    -2.75     1.84      0.0334    -36.13 RIGHT   1.0457E-04   -246.29  7.6391E-05   -422.27
   30.00    220.00     -0.03    -2.85     1.80      0.0552    -35.79 RIGHT   1.0451E-04   -253.84  7.5505E-05   -427.19
   35.00    220.00     -0.06    -2.98     1.73      0.0848    -35.41 RIGHT   1.0407E-04   -262.43  7.4379E-05   -432.18
   40.00    220.00     -0.10    -3.16     1.64      0.1225    -34.81 RIGHT   1.0359E-04   -272.00  7.2863E-05   -437.14
   45.00    220.00     -0.11    -3.41     1.55      0.1670    -33.73 RIGHT   1.0347E-04   -282.36  7.0779E-05   -441.96
   50.00    220.00     -0.07    -3.77     1.47      0.2147    -31.92 RIGHT   1.0400E-04   -293.14  6.7920E-05   -446.51
   55.00    220.00      0.03    -4.28     1.40      0.2592    -29.18 RIGHT   1.0518E-04   -303.84  6.4075E-05   -450.71
   60.00    220.00      0.14    -4.99     1.30      0.2926    -25.52 RIGHT   1.0647E-04   -313.91  5.9041E-05   -454.45
   65.00    220.00      0.16    -5.98     1.11      0.3086    -21.26 RIGHT   1.0678E-04   -322.94  5.2656E-05   -457.68
   70.00    220.00     -0.03    -7.38     0.70      0.3050    -16.95 RIGHT   1.0440E-04   -330.67  4.4818E-05   -460.33
   75.00    220.00     -0.67    -9.40    -0.12      0.2847    -13.02 RIGHT   9.7029E-05   -337.04  3.5506E-05   -462.36
   80.00    220.00     -2.19   -12.52    -1.80      0.2525     -9.68 RIGHT   8.1460E-05   -342.16  2.4799E-05   -463.73
   85.00    220.00     -5.99   -18.21    -5.74      0.2130     -6.89 RIGHT   5.2589E-05   -346.33  1.2873E-05   -464.43
   90.00    220.00   -999.99  -999.99  -999.99      0.0000      0.00         4.1547E-15   -170.20  7.7412E-16   -284.44
    0.00    225.00     -1.50    -1.50     1.51      0.0000    -45.00 LINEAR  8.8183E-05   -221.37  8.8183E-05   -401.37
    5.00    225.00     -1.20    -1.58     1.63      0.0012    -43.73 RIGHT   9.1334E-05   -224.81  8.7365E-05   -404.67
   10.00    225.00     -0.94    -1.66     1.73      0.0040    -42.65 RIGHT   9.4029E-05   -228.73  8.6630E-05   -408.27
   15.00    225.00     -0.75    -1.72     1.80      0.0100    -41.78 RIGHT   9.6195E-05   -233.32  8.5955E-05   -412.17
   20.00    225.00     -0.60    -1.79     1.85      0.0206    -41.10 RIGHT   9.7767E-05   -238.74  8.5296E-05   -416.35
   25.00    225.00     -0.52    -1.86     1.87      0.0373    -40.57 RIGHT   9.8731E-05   -245.09  8.4583E-05   -420.76
   30.00    225.00     -0.48    -1.95     1.86      0.0614    -40.13 RIGHT   9.9174E-05   -252.46  8.3718E-05   -425.33
   35.00    225.00     -0.47    -2.07     1.81      0.0939    -39.64 RIGHT   9.9315E-05   -260.89  8.2567E-05   -429.97
   40.00    225.00     -0.45    -2.24     1.75      0.1349    -38.92 RIGHT   9.9492E-05   -270.29  8.0963E-05   -434.59
   45.00    225.00     -0.40    -2.49     1.69      0.1832    -37.70 RIGHT   1.0009E-04   -280.46  7.8703E-05   -439.06
   50.00    225.00     -0.29    -2.84     1.63      0.2349    -35.70 RIGHT   1.0136E-04   -290.99  7.5561E-05   -443.31
   55.00    225.00     -0.13    -3.35     1.56      0.2838    -32.70 RIGHT   1.0324E-04   -301.38  7.1304E-05   -447.21
   60.00    225.00      0.03    -4.06     1.46      0.3214    -28.68 RIGHT   1.0517E-04   -311.11  6.5713E-05   -450.71
   65.00    225.00      0.10    -5.05     1.26      0.3403    -23.93 RIGHT   1.0600E-04   -319.78  5.8610E-05   -453.72
   70.00    225.00     -0.07    -6.45     0.83      0.3375    -19.05 RIGHT   1.0401E-04   -327.18  4.9885E-05   -456.19
   75.00    225.00     -0.68    -8.47    -0.01      0.3159    -14.59 RIGHT   9.6893E-05   -333.28  3.9520E-05   -458.07
   80.00    225.00     -2.19   -11.59    -1.72      0.2806    -10.80 RIGHT   8.1467E-05   -338.21  2.7601E-05   -459.34
   85.00    225.00     -5.98   -17.29    -5.67      0.2369     -7.65 RIGHT   5.2636E-05   -342.25  1.4328E-05   -459.98
   90.00    225.00   -999.99  -999.99  -999.99      0.0000      0.00         4.1595E-15   -166.08  8.6159E-16   -279.97
    0.00    230.00     -2.33    -0.81     1.51      0.0000    -50.00 LINEAR  8.0162E-05   -221.37  9.5533E-05   -401.37
    5.00    230.00     -1.98    -0.88     1.62      0.0013    -48.61 RIGHT   8.3492E-05   -224.53  9.4745E-05   -404.38
   10.00    230.00     -1.68    -0.94     1.72      0.0044    -47.42 RIGHT   8.6426E-05   -228.18  9.4068E-05   -407.67
   15.00    230.00     -1.43    -1.00     1.80      0.0110    -46.44 RIGHT   8.8893E-05   -232.51  9.3472E-05   -411.25
   20.00    230.00     -1.24    -1.05     1.87      0.0228    -45.65 RIGHT   9.0834E-05   -237.70  9.2901E-05   -415.08
   25.00    230.00     -1.11    -1.11     1.90      0.0412    -45.01 RIGHT   9.2246E-05   -243.85  9.2271E-05   -419.13
   30.00    230.00     -1.02    -1.18     1.91      0.0675    -44.45 RIGHT   9.3225E-05   -251.05  9.1464E-05   -423.33
   35.00    230.00     -0.95    -1.29     1.89      0.1026    -43.83 RIGHT   9.3998E-05   -259.32  9.0327E-05   -427.60
   40.00    230.00     -0.86    -1.45     1.86      0.1466    -42.97 RIGHT   9.4901E-05   -268.56  8.8670E-05   -431.84
   45.00    230.00     -0.74    -1.69     1.82      0.1982    -41.60 RIGHT   9.6297E-05   -278.52  8.6270E-05   -435.96
   50.00    230.00     -0.55    -2.04     1.78      0.2537    -39.42 RIGHT   9.8403E-05   -288.79  8.2879E-05   -439.86
   55.00    230.00     -0.31    -2.54     1.72      0.3066    -36.19 RIGHT   1.0109E-04   -298.84  7.8243E-05   -443.46
   60.00    230.00     -0.09    -3.25     1.62      0.3482    -31.81 RIGHT   1.0374E-04   -308.17  7.2127E-05   -446.67
   65.00    230.00      0.03    -4.24     1.41      0.3702    -26.58 RIGHT   1.0515E-04   -316.43  6.4340E-05   -449.44
   70.00    230.00     -0.10    -5.64     0.97      0.3686    -21.13 RIGHT   1.0359E-04   -323.46  5.4766E-05   -451.71
   75.00    230.00     -0.69    -7.66     0.10      0.3457    -16.12 RIGHT   9.6768E-05   -329.26  4.3387E-05   -453.44
   80.00    230.00     -2.19   -10.78    -1.62      0.3076    -11.87 RIGHT   8.1498E-05   -333.96  3.0303E-05   -454.60
   85.00    230.00     -5.97   -16.47    -5.60      0.2600     -8.37 RIGHT   5.2703E-05   -337.86  1.5730E-05   -455.17
   90.00    230.00   -999.99  -999.99  -999.99      0.0000      0.00         4.1660E-15   -161.65  9.4591E-16   -275.14
    0.00    235.00     -3.32    -0.22     1.51      0.0000    -55.00 LINEAR  7.1531E-05   -221.37  1.0216E-04   -401.37
    5.00    235.00     -2.90    -0.29     1.61      0.0014    -53.51 RIGHT   7.5035E-05   -224.23  1.0142E-04   -404.07
   10.00    235.00     -2.54    -0.34     1.71      0.0048    -52.21 RIGHT   7.8200E-05   -227.59  1.0083E-04   -407.03
   15.00    235.00     -2.24    -0.38     1.80      0.0121    -51.10 RIGHT   8.0963E-05   -231.67  1.0035E-04   -410.25
   20.00    235.00     -2.00    -0.42     1.87      0.0249    -50.19 RIGHT   8.3274E-05   -236.63  9.9900E-05   -413.73
   25.00    235.00     -1.81    -0.46     1.93      0.0449    -49.43 RIGHT   8.5142E-05   -242.60  9.9387E-05   -417.40
   30.00    235.00     -1.65    -0.52     1.96      0.0733    -48.74 RIGHT   8.6682E-05   -249.66  9.8674E-05   -421.21
   35.00    235.00     -1.51    -0.62     1.97      0.1108    -47.99 RIGHT   8.8131E-05   -257.79  9.7588E-05   -425.08
   40.00    235.00     -1.34    -0.77     1.96      0.1577    -46.97 RIGHT   8.9827E-05   -266.89  9.5916E-05   -428.93
   45.00    235.00     -1.12    -1.00     1.95      0.2123    -45.44 RIGHT   9.2107E-05   -276.64  9.3414E-05   -432.67
   50.00    235.00     -0.84    -1.34     1.93      0.2711    -43.09 RIGHT   9.5138E-05   -286.61  8.9812E-05   -436.21
   55.00    235.00     -0.52    -1.84     1.88      0.3278    -39.62 RIGHT   9.8721E-05   -296.26  8.4836E-05   -439.48
   60.00    235.00     -0.22    -2.54     1.78      0.3733    -34.91 RIGHT   1.0216E-04   -305.14  7.8235E-05   -442.40
   65.00    235.00     -0.05    -3.53     1.56      0.3984    -29.19 RIGHT   1.0421E-04   -312.95  6.9807E-05   -444.91
   70.00    235.00     -0.14    -4.93     1.10      0.3981    -23.17 RIGHT   1.0314E-04   -319.56  5.9428E-05   -446.97
   75.00    235.00     -0.71    -6.95     0.22      0.3743    -17.60 RIGHT   9.6633E-05   -325.02  4.7085E-05   -448.53
   80.00    235.00     -2.18   -10.07    -1.53      0.3335    -12.90 RIGHT   8.1536E-05   -329.46  3.2887E-05   -449.57
   85.00    235.00     -5.96   -15.76    -5.53      0.2820     -9.03 RIGHT   5.2780E-05   -333.22  1.7072E-05   -450.07
   90.00    235.00   -999.99  -999.99  -999.99      0.0000      0.00         4.1734E-15   -156.95  1.0266E-15   -270.01
    0.00    240.00     -4.51     0.26     1.51      0.0000    -60.00 LINEAR  6.2355E-05   -221.37  1.0800E-04   -401.37
    5.00    240.00     -4.02     0.21     1.60      0.0015    -58.41 RIGHT   6.6022E-05   -223.92  1.0735E-04   -403.73
   10.00    240.00     -3.58     0.17     1.70      0.0052    -57.00 RIGHT   6.9407E-05   -226.99  1.0687E-04   -406.34
   15.00    240.00     -3.21     0.14     1.79      0.0130    -55.78 RIGHT   7.2453E-05   -230.82  1.0653E-04   -409.21
   20.00    240.00     -2.89     0.12     1.88      0.0270    -54.75 RIGHT   7.5125E-05   -235.58  1.0623E-04   -412.30
   25.00    240.00     -2.63     0.09     1.95      0.0484    -53.85 RIGHT   7.7453E-05   -241.40  1.0586E-04   -415.58
   30.00    240.00     -2.39     0.04     2.00      0.0787    -53.02 RIGHT   7.9571E-05   -248.34  1.0527E-04   -418.98
   35.00    240.00     -2.16    -0.05     2.03      0.1186    -52.11 RIGHT   8.1735E-05   -256.38  1.0427E-04   -422.44
   40.00    240.00     -1.89    -0.18     2.06      0.1680    -50.94 RIGHT   8.4283E-05   -265.35  1.0263E-04   -425.89
   45.00    240.00     -1.57    -0.40     2.06      0.2254    -49.24 RIGHT   8.7523E-05   -274.88  1.0006E-04   -429.23
   50.00    240.00     -1.17    -0.74     2.06      0.2873    -46.70 RIGHT   9.1561E-05   -284.51  9.6289E-05   -432.41
   55.00    240.00     -0.75    -1.23     2.03      0.3475    -43.01 RIGHT   9.6113E-05   -293.72  9.1018E-05   -435.33
   60.00    240.00     -0.37    -1.93     1.93      0.3968    -37.97 RIGHT   1.0041E-04   -302.09  8.3979E-05   -437.94
   65.00    240.00     -0.14    -2.91     1.70      0.4251    -31.78 RIGHT   1.0316E-04   -309.39  7.4958E-05   -440.18
   70.00    240.00     -0.18    -4.31     1.24      0.4262    -25.17 RIGHT   1.0261E-04   -315.54  6.3830E-05   -442.01
   75.00    240.00     -0.72    -6.33     0.33      0.4016    -19.03 RIGHT   9.6459E-05   -320.62  5.0580E-05   -443.39
   80.00    240.00     -2.18    -9.45    -1.43      0.3582    -13.86 RIGHT   8.1556E-05   -324.79  3.5331E-05   -444.30
   85.00    240.00     -5.95   -15.14    -5.45      0.3031     -9.65 RIGHT   5.2851E-05   -328.38  1.8342E-05   -444.72
   90.00    240.00   -999.99  -999.99  -999.99      0.0000      0.00         4.1804E-15   -152.06  1.1030E-15   -264.64
    0.00    245.00     -5.97     0.65     1.51      0.0000    -65.00 LINEAR  5.2705E-05   -221.37  1.1303E-04   -401.37
    5.00    245.00     -5.36     0.61     1.59      0.0016    -63.32 RIGHT   5.6520E-05   -223.61  1.1248E-04   -403.38
   10.00    245.00     -4.83     0.59     1.68      0.0055    -61.81 RIGHT   6.0106E-05   -226.39  1.1213E-04   -405.63
   15.00    245.00     -4.36     0.57     1.78      0.0140    -60.47 RIGHT   6.3418E-05   -229.98  1.1194E-04   -408.12
   20.00    245.00     -3.96     0.56     1.87      0.0288    -59.31 RIGHT   6.6438E-05   -234.58  1.1182E-04   -410.82
   25.00    245.00     -3.60     0.55     1.96      0.0517    -58.27 RIGHT   6.9220E-05   -240.30  1.1162E-04   -413.69
   30.00    245.00     -3.27     0.51     2.03      0.0839    -57.28 RIGHT   7.1929E-05   -247.20  1.1119E-04   -416.68
   35.00    245.00     -2.93     0.44     2.09      0.1259    -56.21 RIGHT   7.4842E-05   -255.19  1.1030E-04   -419.72
   40.00    245.00     -2.53     0.32     2.13      0.1776    -54.86 RIGHT   7.8296E-05   -264.04  1.0871E-04   -422.75
   45.00    245.00     -2.07     0.11     2.16      0.2376    -52.99 RIGHT   8.2565E-05   -273.34  1.0612E-04   -425.69
   50.00    245.00     -1.55    -0.22     2.18      0.3024    -50.27 RIGHT   8.7677E-05   -282.58  1.0223E-04   -428.48
   55.00    245.00     -1.01    -0.70     2.16      0.3659    -46.36 RIGHT   9.3261E-05   -291.28  9.6707E-05   -431.05
   60.00    245.00     -0.54    -1.39     2.06      0.4189    -41.00 RIGHT   9.8465E-05   -299.07  8.9282E-05   -433.34
   65.00    245.00     -0.24    -2.38     1.83      0.4504    -34.33 RIGHT   1.0196E-04   -305.80  7.9729E-05   -435.30
   70.00    245.00     -0.24    -3.77     1.36      0.4530    -27.12 RIGHT   1.0197E-04   -311.45  6.7914E-05   -436.90
   75.00    245.00     -0.75    -5.79     0.44      0.4276    -20.39 RIGHT   9.6200E-05   -316.12  5.3829E-05   -438.09
   80.00    245.00     -2.18    -8.90    -1.35      0.3816    -14.75 RIGHT   8.1517E-05   -320.00  3.7606E-05   -438.87
   85.00    245.00     -5.94   -14.60    -5.39      0.3230    -10.20 RIGHT   5.2888E-05   -323.41  1.9524E-05   -439.21
   90.00    245.00   -999.99  -999.99  -999.99      0.0000      0.00         4.1850E-15   -147.03  1.1741E-15   -259.10
    0.00    250.00     -7.81     0.97     1.51      0.0000    -70.00 LINEAR  4.2653E-05   -221.37  1.1719E-04   -401.37
    5.00    250.00     -7.04     0.94     1.58      0.0017    -68.24 RIGHT   4.6598E-05   -223.29  1.1676E-04   -403.02
   10.00    250.00     -6.37     0.92     1.67      0.0058    -66.64 RIGHT   5.0363E-05   -225.81  1.1657E-04   -404.89
   15.00    250.00     -5.77     0.92     1.76      0.0148    -65.18 RIGHT   5.3918E-05   -229.21  1.1655E-04   -406.99
   20.00    250.00     -5.25     0.93     1.86      0.0306    -63.89 RIGHT   5.7267E-05   -233.72  1.1661E-04   -409.29
   25.00    250.00     -4.77     0.93     1.96      0.0548    -62.70 RIGHT   6.0498E-05   -239.42  1.1660E-04   -411.75
   30.00    250.00     -4.31     0.91     2.05      0.0886    -61.55 RIGHT   6.3809E-05   -246.34  1.1634E-04   -414.31
   35.00    250.00     -3.82     0.85     2.12      0.1326    -60.30 RIGHT   6.7503E-05   -254.34  1.1560E-04   -416.93
   40.00    250.00     -3.27     0.74     2.19      0.1865    -58.77 RIGHT   7.1914E-05   -263.09  1.1409E-04   -419.54
   45.00    250.00     -2.65     0.54     2.24      0.2489    -56.71 RIGHT   7.7267E-05   -272.12  1.1151E-04   -422.08
   50.00    250.00     -1.97     0.22     2.27      0.3164    -53.81 RIGHT   8.3507E-05   -280.90  1.0753E-04   -424.48
   55.00    250.00     -1.31    -0.25     2.26      0.3832    -49.68 RIGHT   9.0163E-05   -289.00  1.0181E-04   -426.69
   60.00    250.00     -0.74    -0.94     2.17      0.4398    -44.00 RIGHT   9.6307E-05   -296.15  9.4058E-05   -428.65
   65.00    250.00     -0.36    -1.92     1.94      0.4745    -36.84 RIGHT   1.0057E-04   -302.25  8.4037E-05   -430.33
   70.00    250.00     -0.31    -3.31     1.46      0.4786    -29.00 RIGHT   1.0116E-04   -307.35  7.1613E-05   -431.68
   75.00    250.00     -0.78    -5.33     0.53      0.4523    -21.67 RIGHT   9.5804E-05   -311.58  5.6776E-05   -432.69
   80.00    250.00     -2.20    -8.44    -1.27      0.4038    -15.57 RIGHT   8.1372E-05   -315.14  3.9672E-05   -433.33
   85.00    250.00     -5.95   -14.13    -5.33      0.3418    -10.69 RIGHT   5.2862E-05   -318.36  2.0599E-05   -433.58
   90.00    250.00   -999.99  -999.99  -999.99      0.0000      0.00         4.1846E-15   -141.91  1.2388E-15   -253.45
    0.00    255.00    -10.23     1.21     1.51      0.0000    -75.00 LINEAR  3.2277E-05   -221.37  1.2046E-04   -401.37
    5.00    255.00     -9.20     1.19     1.57      0.0017    -73.18 RIGHT   3.6329E-05   -223.00  1.2017E-04   -402.64
   10.00    255.00     -8.31     1.18     1.65      0.0061    -71.48 RIGHT   4.0249E-05   -225.29  1.2014E-04   -404.13
   15.00    255.00     -7.54     1.20     1.74      0.0155    -69.92 RIGHT   4.4022E-05   -228.59  1.2030E-04   -405.84
   20.00    255.00     -6.84     1.21     1.85      0.0321    -68.48 RIGHT   4.7682E-05   -233.11  1.2055E-04   -407.73
   25.00    255.00     -6.20     1.23     1.95      0.0575    -67.14 RIGHT   5.1355E-05   -238.92  1.2074E-04   -409.77
   30.00    255.00     -5.56     1.22     2.05      0.0928    -65.82 RIGHT   5.5283E-05   -245.98  1.2066E-04   -411.91
   35.00    255.00     -4.88     1.18     2.14      0.1386    -64.38 RIGHT   5.9793E-05   -254.04  1.2006E-04   -414.11
   40.00    255.00     -4.12     1.08     2.22      0.1946    -62.67 RIGHT   6.5208E-05   -262.68  1.1866E-04   -416.30
   45.00    255.00     -3.30     0.89     2.29      0.2593    -60.42 RIGHT   7.1691E-05   -271.35  1.1612E-04   -418.43
   50.00    255.00     -2.45     0.58     2.34      0.3295    -57.32 RIGHT   7.9086E-05   -279.56  1.1209E-04   -420.44
   55.00    255.00     -1.64     0.12     2.34      0.3994    -52.97 RIGHT   8.6827E-05   -286.95  1.0622E-04   -422.29
   60.00    255.00     -0.95    -0.57     2.25      0.4596    -46.97 RIGHT   9.3916E-05   -293.35  9.8206E-05   -423.92
   65.00    255.00     -0.50    -1.54     2.02      0.4975    -39.31 RIGHT   9.8953E-05   -298.76  8.7793E-05   -425.31
   70.00    255.00     -0.40    -2.93     1.53      0.5031    -30.82 RIGHT   1.0014E-04   -303.27  7.4845E-05   -426.43
   75.00    255.00     -0.83    -4.94     0.59      0.4758    -22.87 RIGHT   9.5215E-05   -307.04  5.9358E-05   -427.24
   80.00    255.00     -2.23    -8.05    -1.22      0.4246    -16.30 RIGHT   8.1071E-05   -310.26  4.1485E-05   -427.74
   85.00    255.00     -5.97   -13.74    -5.30      0.3593    -11.11 RIGHT   5.2736E-05   -313.28  2.1543E-05   -427.91
   90.00    255.00   -999.99  -999.99  -999.99      0.0000      0.00         4.1764E-15   -136.77  1.2956E-15   -247.75
    0.00    260.00    -13.70     1.38     1.51      0.0000    -80.00 LINEAR  2.1656E-05   -221.37  1.2282E-04   -401.37
    5.00    260.00    -12.18     1.37     1.55      0.0018    -78.13 RIGHT   2.5791E-05   -222.76  1.2267E-04   -402.26
   10.00    260.00    -10.91     1.38     1.62      0.0063    -76.35 RIGHT   2.9840E-05   -224.93  1.2280E-04   -403.36
   15.00    260.00     -9.83     1.40     1.72      0.0161    -74.67 RIGHT   3.3807E-05   -228.28  1.2314E-04   -404.66
   20.00    260.00     -8.87     1.43     1.82      0.0334    -73.10 RIGHT   3.7762E-05   -233.01  1.2358E-04   -406.15
   25.00    260.00     -7.97     1.46     1.93      0.0598    -71.60 RIGHT   4.1881E-05   -239.11  1.2396E-04   -407.77
   30.00    260.00     -7.07     1.46     2.03      0.0966    -70.10 RIGHT   4.6452E-05   -246.43  1.2406E-04   -409.49
   35.00    260.00     -6.12     1.43     2.14      0.1441    -68.48 RIGHT   5.1823E-05   -254.59  1.2362E-04   -411.27
   40.00    260.00     -5.10     1.34     2.23      0.2020    -66.56 RIGHT   5.8288E-05   -263.03  1.2234E-04   -413.04
   45.00    260.00     -4.03     1.16     2.31      0.2689    -64.12 RIGHT   6.5925E-05   -271.19  1.1986E-04   -414.76
   50.00    260.00     -2.97     0.87     2.37      0.3417    -60.82 RIGHT   7.4474E-05   -278.66  1.1581E-04   -416.39
   55.00    260.00     -2.00     0.41     2.38      0.4147    -56.23 RIGHT   8.3278E-05   -285.19  1.0984E-04   -417.88
   60.00    260.00     -1.20    -0.27     2.30      0.4785    -49.90 RIGHT   9.1286E-05   -290.74  1.0162E-04   -419.19
   65.00    260.00     -0.67    -1.24     2.07      0.5196    -41.72 RIGHT   9.7078E-05   -295.39  9.0898E-05   -420.30
   70.00    260.00     -0.51    -2.62     1.57      0.5264    -32.54 RIGHT   9.8862E-05   -299.26  7.7525E-05   -421.17
   75.00    260.00     -0.91    -4.63     0.63      0.4980    -23.96 RIGHT   9.4381E-05   -302.53  6.1502E-05   -421.79
   80.00    260.00     -2.29    -7.74    -1.20      0.4440    -16.95 RIGHT   8.0564E-05   -305.40  4.2993E-05   -422.15
   85.00    260.00     -6.01   -13.43    -5.29      0.3754    -11.47 RIGHT   5.2479E-05   -308.21  2.2328E-05   -422.24
   90.00    260.00   -999.99  -999.99  -999.99      0.0000      0.00         4.1578E-15   -131.62  1.3429E-15   -242.04
    0.00    265.00    -19.68     1.48     1.51      0.0000    -85.00 LINEAR  1.0869E-05   -221.37  1.2424E-04   -401.37
    5.00    265.00    -16.85     1.48     1.54      0.0018    -83.09 RIGHT   1.5062E-05   -222.74  1.2424E-04   -401.87
   10.00    265.00    -14.74     1.50     1.60      0.0065    -81.24 RIGHT   1.9214E-05   -225.04  1.2454E-04   -402.58
   15.00    265.00    -13.04     1.53     1.68      0.0166    -79.46 RIGHT   2.3357E-05   -228.76  1.2505E-04   -403.48
   20.00    265.00    -11.59     1.58     1.78      0.0345    -77.76 RIGHT   2.7609E-05   -234.01  1.2567E-04   -404.56
   25.00    265.00    -10.25     1.61     1.89      0.0618    -76.10 RIGHT   3.2201E-05   -240.66  1.2622E-04   -405.77
   30.00    265.00     -8.94     1.63     2.00      0.0998    -74.41 RIGHT   3.7468E-05   -248.34  1.2649E-04   -407.07
   35.00    265.00     -7.59     1.61     2.11      0.1488    -72.59 RIGHT   4.3761E-05   -256.48  1.2620E-04   -408.43
   40.00    265.00     -6.20     1.53     2.21      0.2085    -70.47 RIGHT   5.1311E-05   -264.47  1.2504E-04   -409.79
   45.00    265.00     -4.83     1.36     2.30      0.2776    -67.82 RIGHT   6.0097E-05   -271.83  1.2262E-04   -411.12
   50.00    265.00     -3.54     1.07     2.36      0.3530    -64.31 RIGHT   6.9755E-05   -278.28  1.1859E-04   -412.37
   55.00    265.00     -2.39     0.62     2.38      0.4292    -59.49 RIGHT   7.9559E-05   -283.76  1.1257E-04   -413.50
   60.00    265.00     -1.48    -0.05     2.30      0.4966    -52.81 RIGHT   8.8425E-05   -288.34  1.0421E-04   -414.49
   65.00    265.00     -0.86    -1.02     2.07      0.5409    -44.07 RIGHT   9.4927E-05   -292.15  9.3255E-05   -415.32
   70.00    265.00     -0.65    -2.39     1.58      0.5488    -34.16 RIGHT   9.7284E-05   -295.34  7.9565E-05   -415.95
   75.00    265.00     -1.02    -4.40     0.62      0.5187    -24.93 RIGHT   9.3258E-05   -298.08  6.3139E-05   -416.39
   80.00    265.00     -2.37    -7.51    -1.21      0.4617    -17.49 RIGHT   7.9810E-05   -300.58  4.4145E-05   -416.61
   85.00    265.00     -6.08   -13.20    -5.31      0.3899    -11.75 RIGHT   5.2060E-05   -303.17  2.2930E-05   -416.61
   90.00    265.00   -999.99  -999.99  -999.99      0.0000      0.00         4.1264E-15   -486.51  1.3791E-15   -236.39
    0.00    270.00   -999.99     1.51     1.51      0.0000     90.00 LINEAR  1.9093E-15   -401.37  1.2471E-04   -401.37
    5.00    270.00    -27.89     1.52     1.53      0.0018    -88.06 RIGHT   4.2280E-06   -224.58  1.2487E-04   -401.48
   10.00    270.00    -21.85     1.55     1.57      0.0066    -86.15 RIGHT   8.4689E-06   -227.40  1.2532E-04   -401.80
   15.00    270.00    -18.27     1.60     1.64      0.0169    -84.28 RIGHT   1.2796E-05   -232.00  1.2599E-04   -402.30
   20.00    270.00    -15.60     1.65     1.73      0.0353    -82.45 RIGHT   1.7387E-05   -238.14  1.2677E-04   -402.97
   25.00    270.00    -13.35     1.70     1.83      0.0633    -80.63 RIGHT   2.2535E-05   -245.37  1.2748E-04   -403.78
   30.00    270.00    -11.28     1.73     1.94      0.1023    -78.76 RIGHT   2.8594E-05   -253.07  1.2790E-04   -404.67
   35.00    270.00     -9.31     1.72     2.05      0.1528    -76.73 RIGHT   3.5872E-05   -260.61  1.2774E-04   -405.62
   40.00    270.00     -7.44     1.65     2.15      0.2143    -74.40 RIGHT   4.4508E-05   -267.50  1.2668E-04   -406.58
   45.00    270.00     -5.70     1.48     2.24      0.2855    -71.54 RIGHT   5.4377E-05   -273.49  1.2434E-04   -407.51
   50.00    270.00     -4.15     1.20     2.31      0.3636    -67.81 RIGHT   6.5041E-05   -278.54  1.2034E-04   -408.39
   55.00    270.00     -2.82     0.75     2.33      0.4431    -62.73 RIGHT   7.5733E-05   -282.73  1.1430E-04   -409.18
   60.00    270.00     -1.78     0.09     2.26      0.5142    -55.68 RIGHT   8.5360E-05   -286.19  1.0586E-04   -409.86
   65.00    270.00     -1.09    -0.88     2.03      0.5616    -46.34 RIGHT   9.2502E-05   -289.07  9.4774E-05   -410.41
   70.00    270.00     -0.82    -2.25     1.53      0.5700    -35.64 RIGHT   9.5393E-05   -291.52  8.0886E-05   -410.81
   75.00    270.00     -1.15    -4.26     0.58      0.5377    -25.75 RIGHT   9.1820E-05   -293.71  6.4201E-05   -411.06
   80.00    270.00     -2.48    -7.36    -1.26      0.4775    -17.91 RIGHT   7.8781E-05   -295.82  4.4895E-05   -411.14
   85.00    270.00     -6.18   -13.05    -5.37      0.4025    -11.96 RIGHT   5.1461E-05   -298.19  2.3321E-05   -411.06
   90.00    270.00   -999.99  -999.99  -999.99      0.0000      0.00         4.0808E-15   -481.45  1.4027E-15   -230.82
    0.00    275.00    -19.68     1.48     1.51      0.0000     85.00 LINEAR  1.0869E-05   -401.37  1.2424E-04   -401.37
    5.00    275.00    -23.96     1.50     1.51      0.0018     86.95 RIGHT   6.6468E-06   -399.12  1.2454E-04   -401.09
   10.00    275.00    -32.34     1.54     1.54      0.0066     88.90 RIGHT   2.5321E-06   -381.89  1.2514E-04   -401.02
   15.00    275.00    -31.26     1.60     1.60      0.0171    -89.14 RIGHT   2.8680E-06   -269.95  1.2595E-04   -401.13
   20.00    275.00    -22.67     1.66     1.67      0.0358    -87.19 RIGHT   7.7096E-06   -257.55  1.2686E-04   -401.41
   25.00    275.00    -17.80     1.72     1.76      0.0644    -85.21 RIGHT   1.3499E-05   -259.65  1.2770E-04   -401.81
   30.00    275.00    -14.22     1.75     1.86      0.1043    -83.15 RIGHT   2.0401E-05   -263.98  1.2824E-04   -402.30
   35.00    275.00    -11.27     1.75     1.96      0.1560    -80.92 RIGHT   2.8624E-05   -268.57  1.2819E-04   -402.85
   40.00    275.00     -8.76     1.68     2.06      0.2192    -78.37 RIGHT   3.8216E-05   -272.79  1.2722E-04   -403.41
   45.00    275.00     -6.61     1.53     2.15      0.2926    -75.28 RIGHT   4.8988E-05   -276.46  1.2495E-04   -403.97
   50.00    275.00     -4.78     1.25     2.21      0.3735    -71.33 RIGHT   6.0467E-05   -279.54  1.2099E-04   -404.49
   55.00    275.00     -3.28     0.80     2.24      0.4565    -65.97 RIGHT   7.1878E-05   -282.12  1.1496E-04   -404.94
   60.00    275.00     -2.12     0.14     2.17      0.5314    -58.51 RIGHT   8.2131E-05   -284.29  1.0652E-04   -405.31
   65.00    275.00     -1.34    -0.82     1.94      0.5818    -48.49 RIGHT   8.9819E-05   -286.15  9.5385E-05   -405.59
   70.00    275.00     -1.02    -2.19     1.44      0.5901    -36.94 RIGHT   9.3192E-05   -287.82  8.1423E-05   -405.77
   75.00    275.00     -1.32    -4.20     0.49      0.5549    -26.39 RIGHT   9.0063E-05   -289.43  6.4636E-05   -405.83
   80.00    275.00     -2.63    -7.31    -1.35      0.4910    -18.21 RIGHT   7.7469E-05   -291.14  4.5203E-05   -405.79
   85.00    275.00     -6.31   -12.99    -5.47      0.4130    -12.09 RIGHT   5.0675E-05   -293.27  2.3482E-05   -405.63
   90.00    275.00   -999.99  -999.99  -999.99      0.0000      0.00         4.0202E-15   -476.46  1.4124E-15   -225.36
    0.00    280.00    -13.70     1.38     1.51      0.0000     80.00 LINEAR  2.1656E-05   -401.37  1.2282E-04   -401.37
    5.00    280.00    -15.57     1.41     1.49      0.0018     81.94 RIGHT   1.7452E-05   -399.95  1.2326E-04   -400.71
   10.00    280.00    -17.99     1.46     1.51      0.0066     83.93 RIGHT   1.3205E-05   -396.65  1.2398E-04   -400.25
   15.00    280.00    -21.24     1.52     1.55      0.0172     85.96 RIGHT   9.0840E-06   -386.25  1.2491E-04   -399.98
   20.00    280.00    -24.45     1.59     1.60      0.0360     88.02 RIGHT   6.2762E-06   -353.62  1.2593E-04   -399.86
   25.00    280.00    -22.08     1.66     1.68      0.0650    -89.85 RIGHT   8.2486E-06   -307.53  1.2686E-04   -399.87
   30.00    280.00    -17.20     1.70     1.76      0.1056    -87.60 RIGHT   1.4477E-05   -288.60  1.2748E-04   -399.98
   35.00    280.00    -13.21     1.70     1.84      0.1584    -85.16 RIGHT   2.2898E-05   -282.79  1.2751E-04   -400.14
   40.00    280.00    -10.06     1.64     1.92      0.2233    -82.39 RIGHT   3.2931E-05   -281.13  1.2661E-04   -400.32
   45.00    280.00     -7.50     1.49     2.00      0.2991    -79.07 RIGHT   4.4207E-05   -280.97  1.2440E-04   -400.51
   50.00    280.00     -5.42     1.21     2.07      0.3830    -74.87 RIGHT   5.6192E-05   -281.37  1.2050E-04   -400.67
   55.00    280.00     -3.75     0.77     2.08      0.4698    -69.22 RIGHT   6.8087E-05   -281.97  1.1452E-04   -400.80
   60.00    280.00     -2.48     0.11     2.01      0.5488    -61.29 RIGHT   7.8797E-05   -282.67  1.0612E-04   -400.87
   65.00    280.00     -1.63    -0.85     1.79      0.6019    -50.49 RIGHT   8.6915E-05   -283.41  9.5040E-05   -400.89
   70.00    280.00     -1.26    -2.22     1.30      0.6092    -37.99 RIGHT   9.0706E-05   -284.25  8.1134E-05   -400.85
   75.00    280.00     -1.52    -4.23     0.34      0.5699    -26.81 RIGHT   8.8002E-05   -285.24  6.4409E-05   -400.74
   80.00    280.00     -2.81    -7.34    -1.49      0.5019    -18.37 RIGHT   7.5885E-05   -286.54  4.5045E-05   -400.57
   85.00    280.00     -6.48   -13.02    -5.61      0.4209    -12.14 RIGHT   4.9707E-05   -288.43  2.3400E-05   -400.33
   90.00    280.00   -999.99  -999.99  -999.99      0.0000      0.00         3.9452E-15   -471.54  1.4075E-15   -220.03
    0.00    285.00    -10.23     1.21     1.51      0.0000     75.00 LINEAR  3.2277E-05   -401.37  1.2046E-04   -401.37
    5.00    285.00    -11.43     1.25     1.48      0.0018     76.92 RIGHT   2.8117E-05   -399.86  1.2103E-04   -400.33
   10.00    285.00    -12.86     1.31     1.47      0.0065     78.93 RIGHT   2.3860E-05   -397.51  1.2186E-04   -399.50
   15.00    285.00    -14.58     1.38     1.49      0.0170     81.01 RIGHT   1.9554E-05   -392.55  1.2288E-04   -398.85
   20.00    285.00    -16.61     1.46     1.52      0.0358     83.17 RIGHT   1.5491E-05   -381.45  1.2397E-04   -398.36
   25.00    285.00    -18.23     1.53     1.57      0.0650     85.44 RIGHT   1.2852E-05   -358.48  1.2496E-04   -397.99
   30.00    285.00    -17.40     1.57     1.63      0.1061     87.87 RIGHT   1.4132E-05   -326.83  1.2563E-04   -397.71
   35.00    285.00    -14.33     1.58     1.69      0.1600    -89.48 RIGHT   2.0143E-05   -304.36  1.2570E-04   -397.50
   40.00    285.00    -11.07     1.52     1.75      0.2266    -86.48 RIGHT   2.9304E-05   -292.94  1.2484E-04   -397.32
   45.00    285.00     -8.29     1.37     1.81      0.3049    -82.93 RIGHT   4.0349E-05   -287.17  1.2268E-04   -397.14
   50.00    285.00     -6.03     1.09     1.86      0.3923    -78.46 RIGHT   5.2381E-05   -284.05  1.1884E-04   -396.97
   55.00    285.00     -4.22     0.65     1.87      0.4833    -72.48 RIGHT   6.4458E-05   -282.30  1.1294E-04   -396.78
   60.00    285.00     -2.86    -0.01     1.80      0.5669    -64.01 RIGHT   7.5422E-05   -281.32  1.0465E-04   -396.57
   65.00    285.00     -1.94    -0.97     1.58      0.6223    -52.27 RIGHT   8.3842E-05   -280.85  9.3719E-05   -396.33
   70.00    285.00     -1.52    -2.35     1.10      0.6271    -38.72 RIGHT   8.7977E-05   -280.80  8.0000E-05   -396.07
   75.00    285.00     -1.75    -4.35     0.15      0.5823    -26.95 RIGHT   8.5675E-05   -281.16  6.3503E-05   -395.79
   80.00    285.00     -3.02    -7.46    -1.68      0.5097    -18.35 RIGHT   7.4058E-05   -282.03  4.4408E-05   -395.50
   85.00    285.00     -6.68   -13.15    -5.80      0.4259    -12.11 RIGHT   4.8577E-05   -283.67  2.3069E-05   -395.18
   90.00    285.00   -999.99  -999.99  -999.99      0.0000      0.00         3.8573E-15   -466.70  1.3875E-15   -214.86
    0.00    290.00     -7.81     0.97     1.51      0.0000     70.00 LINEAR  4.2653E-05   -401.37  1.1719E-04   -401.37
    5.00    290.00     -8.69     1.02     1.46      0.0018     71.89 RIGHT   3.8557E-05   -399.62  1.1787E-04   -399.96
   10.00    290.00     -9.70     1.09     1.43      0.0064     73.89 RIGHT   3.4315E-05   -397.38  1.1878E-04   -398.76
   15.00    290.00    -10.89     1.16     1.43      0.0167     76.01 RIGHT   2.9930E-05   -393.67  1.1986E-04   -397.75
   20.00    290.00    -12.27     1.25     1.43      0.0354     78.26 RIGHT   2.5514E-05   -386.82  1.2098E-04   -396.90
   25.00    290.00    -13.73     1.32     1.45      0.0646     80.65 RIGHT   2.1569E-05   -374.14  1.2200E-04   -396.17
   30.00    290.00    -14.61     1.37     1.48      0.1060     83.24 RIGHT   1.9500E-05   -352.99  1.2268E-04   -395.53
   35.00    290.00    -13.79     1.37     1.50      0.1608     86.10 RIGHT   2.1437E-05   -327.32  1.2276E-04   -394.95
   40.00    290.00    -11.48     1.31     1.54      0.2291     89.32 RIGHT   2.7965E-05   -307.20  1.2192E-04   -394.41
   45.00    290.00     -8.88     1.16     1.57      0.3101    -86.87 RIGHT   3.7720E-05   -294.88  1.1980E-04   -393.90
   50.00    290.00     -6.57     0.88     1.60      0.4015    -82.13 RIGHT   4.9192E-05   -287.57  1.1602E-04   -393.39
   55.00    290.00     -4.69     0.44     1.60      0.4976    -75.77 RIGHT   6.1087E-05   -283.08  1.1024E-04   -392.90
   60.00    290.00     -3.25    -0.23     1.53      0.5862    -66.65 RIGHT   7.2081E-05   -280.24  1.0213E-04   -392.41
   65.00    290.00     -2.28    -1.19     1.31      0.6436    -53.76 RIGHT   8.0665E-05   -278.46  9.1434E-05   -391.93
   70.00    290.00     -1.81    -2.56     0.84      0.6437    -39.00 RIGHT   8.5067E-05   -277.48  7.8031E-05   -391.46
   75.00    290.00     -2.01    -4.57    -0.10      0.5916    -26.76 RIGHT   8.3137E-05   -277.18  6.1929E-05   -391.01
   80.00    290.00     -3.26    -7.68    -1.92      0.5139    -18.16 RIGHT   7.2035E-05   -277.62  4.3301E-05   -390.59
   85.00    290.00     -6.91   -13.37    -6.02      0.4276    -11.98 RIGHT   4.7314E-05   -279.00  2.2491E-05   -390.21
   90.00    290.00   -999.99  -999.99  -999.99      0.0000      0.00         3.7585E-15   -461.95  1.3527E-15   -209.86
    0.00    295.00     -5.97     0.65     1.51      0.0000     65.00 LINEAR  5.2705E-05   -401.37  1.1303E-04   -401.37
    5.00    295.00     -6.66     0.71     1.44      0.0017     66.83 RIGHT   4.8691E-05   -399.34  1.1380E-04   -399.61
   10.00    295.00     -7.45     0.79     1.40      0.0062     68.82 RIGHT   4.4478E-05   -397.00  1.1477E-04   -398.06
   15.00    295.00     -8.36     0.87     1.36      0.0163     70.95 RIGHT   4.0044E-05   -393.67  1.1587E-04   -396.70
   20.00    295.00     -9.42     0.96     1.34      0.0346     73.26 RIGHT   3.5419E-05   -388.34  1.1700E-04   -395.49
   25.00    295.00    -10.62     1.03     1.32      0.0635     75.77 RIGHT   3.0853E-05   -379.43  1.1801E-04   -394.41
   30.00    295.00    -11.74     1.08     1.30      0.1051     78.51 RIGHT   2.7143E-05   -364.86  1.1867E-04   -393.43
   35.00    295.00    -12.12     1.08     1.28      0.1606     81.56 RIGHT   2.5957E-05   -343.87  1.1873E-04   -392.50
   40.00    295.00    -11.14     1.02     1.28      0.2308     85.01 RIGHT   2.9078E-05   -321.20  1.1788E-04   -391.62
   45.00    295.00     -9.16     0.86     1.28      0.3150     89.06 RIGHT   3.6520E-05   -303.47  1.1579E-04   -390.78
   50.00    295.00     -7.01     0.58     1.28      0.4111    -85.91 RIGHT   4.6750E-05   -291.77  1.1210E-04   -389.96
   55.00    295.00     -5.13     0.14     1.27      0.5133    -79.13 RIGHT   5.8059E-05   -284.29  1.0646E-04   -389.17
   60.00    295.00     -3.65    -0.53     1.19      0.6079    -69.21 RIGHT   6.8844E-05   -279.42  9.8583E-05   -388.41
   65.00    295.00     -2.63    -1.50     0.98      0.6664    -54.83 RIGHT   7.7452E-05   -276.25  8.8225E-05   -387.69
   70.00    295.00     -2.13    -2.88     0.52      0.6589    -38.70 RIGHT   8.2046E-05   -274.29  7.5264E-05   -387.02
   75.00    295.00     -2.30    -4.89    -0.39      0.5971    -26.18 RIGHT   8.0456E-05   -273.31  5.9714E-05   -386.42
   80.00    295.00     -3.52    -8.00    -2.20      0.5139    -17.75 RIGHT   6.9874E-05   -273.30  4.1743E-05   -385.88
   85.00    295.00     -7.16   -13.69    -6.29      0.4255    -11.75 RIGHT   4.5957E-05   -274.44  2.1679E-05   -385.42
   90.00    295.00   -999.99  -999.99  -999.99      0.0000      0.00         3.6524E-15   -457.30  1.3038E-15   -205.05
    0.00    300.00     -4.51     0.26     1.51      0.0000     60.00 LINEAR  6.2355E-05   -401.37  1.0800E-04   -401.37
    5.00    300.00     -5.07     0.33     1.43      0.0016     61.77 RIGHT   5.8439E-05   -399.04  1.0884E-04   -399.27
   10.00    300.00     -5.72     0.41     1.36      0.0060     63.71 RIGHT   5.4266E-05   -396.52  1.0984E-04   -397.38
   15.00    300.00     -6.46     0.49     1.29      0.0157     65.84 RIGHT   4.9796E-05   -393.28  1.1095E-04   -395.69
   20.00    300.00     -7.34     0.58     1.23      0.0335     68.18 RIGHT   4.5008E-05   -388.60  1.1206E-04   -394.16
   25.00    300.00     -8.36     0.65     1.17      0.0620     70.77 RIGHT   4.0021E-05   -381.43  1.1302E-04   -392.74
   30.00    300.00     -9.45     0.70     1.10      0.1034     73.65 RIGHT   3.5323E-05   -370.27  1.1363E-04   -391.42
   35.00    300.00    -10.28     0.70     1.04      0.1596     76.87 RIGHT   3.2088E-05   -353.66  1.1364E-04   -390.17
   40.00    300.00    -10.26     0.64     0.98      0.2316     80.53 RIGHT   3.2157E-05   -332.51  1.1278E-04   -388.96
   45.00    300.00     -9.11     0.48     0.93      0.3194     84.82 RIGHT   3.6744E-05   -311.98  1.1071E-04   -387.80
   50.00    300.00     -7.32     0.19     0.90      0.4212    -89.86 RIGHT   4.5117E-05   -296.40  1.0712E-04   -386.68
   55.00    300.00     -5.53    -0.26     0.87      0.5310    -82.63 RIGHT   5.5435E-05   -285.84  1.0167E-04   -385.61
   60.00    300.00     -4.05    -0.94     0.79      0.6331    -71.71 RIGHT   6.5775E-05   -278.84  9.4088E-05   -384.59
   65.00    300.00     -2.99    -1.91     0.59      0.6916    -55.31 RIGHT   7.4275E-05   -274.20  8.4154E-05   -383.64
   70.00    300.00     -2.46    -3.29     0.16      0.6718    -37.67 RIGHT   7.8988E-05   -271.23  7.1757E-05   -382.78
   75.00    300.00     -2.60    -5.31    -0.73      0.5982    -25.18 RIGHT   7.7706E-05   -269.57  5.6909E-05   -382.02
   80.00    300.00     -3.80    -8.42    -2.52      0.5092    -17.13 RIGHT   6.7641E-05   -269.11  3.9770E-05   -381.37
   85.00    300.00     -7.43   -14.11    -6.59      0.4192    -11.40 RIGHT   4.4548E-05   -269.98  2.0651E-05   -380.85
   90.00    300.00   -999.99  -999.99  -999.99      0.0000      0.00         3.5420E-15   -452.77  1.2419E-15   -200.45
    0.00    305.00     -3.32    -0.22     1.51      0.0000     55.00 LINEAR  7.1531E-05   -401.37  1.0216E-04   -401.37
    5.00    305.00     -3.79    -0.15     1.41      0.0016     56.69 RIGHT   6.7723E-05   -398.75  1.0304E-04   -398.94
   10.00    305.00     -4.34    -0.06     1.31      0.0057     58.57 RIGHT   6.3598E-05   -396.01  1.0405E-04   -396.74
   15.00    305.00     -4.98     0.03     1.22      0.0149     60.67 RIGHT   5.9098E-05   -392.73  1.0513E-04   -394.74
   20.00    305.00     -5.73     0.11     1.12      0.0321     63.02 RIGHT   5.4166E-05   -388.35  1.0619E-04   -392.89
   25.00    305.00     -6.63     0.19     1.01      0.0598     65.66 RIGHT   4.8840E-05   -382.08  1.0708E-04   -391.16
   30.00    305.00     -7.65     0.23     0.88      0.1009     68.64 RIGHT   4.3426E-05   -372.81  1.0761E-04   -389.53
   35.00    305.00     -8.64     0.22     0.76      0.1575     72.01 RIGHT   3.8765E-05   -359.16  1.0757E-04   -387.96
   40.00    305.00     -9.18     0.15     0.63      0.2314     75.86 RIGHT   3.6432E-05   -340.54  1.0668E-04   -386.45
   45.00    305.00     -8.77    -0.01     0.53      0.3234     80.36 RIGHT   3.8169E-05   -319.54  1.0465E-04   -384.99
   50.00    305.00     -7.48    -0.31     0.45      0.4321     85.95 RIGHT   4.4282E-05   -301.13  1.0117E-04   -383.58
   55.00    305.00     -5.88    -0.77     0.40      0.5517    -86.35 RIGHT   5.3252E-05   -287.66  9.5951E-05   -382.23
   60.00    305.00     -4.43    -1.45     0.32      0.6635    -74.15 RIGHT   6.2929E-05   -278.47  8.8728E-05   -380.97
   65.00    305.00     -3.36    -2.42     0.14      0.7198    -54.89 RIGHT   7.1201E-05   -272.32  7.9307E-05   -379.81
   70.00    305.00     -2.80    -3.81    -0.26      0.6814    -35.72 RIGHT   7.5969E-05   -268.32  6.7584E-05   -378.76
   75.00    305.00     -2.91    -5.83    -1.12      0.5936    -23.72 RIGHT   7.4963E-05   -265.96  5.3574E-05   -377.85
   80.00    305.00     -4.10    -8.95    -2.87      0.4991    -16.28 RIGHT   6.5400E-05   -265.05  3.7427E-05   -377.09
   85.00    305.00     -7.71   -14.64    -6.91      0.4084    -10.95 RIGHT   4.3131E-05   -265.68  1.9430E-05   -376.50
   90.00    305.00   -999.99  -999.99  -999.99      0.0000      0.00         3.4309E-15   -448.38  1.1684E-15   -196.08
    0.00    310.00     -2.33    -0.81     1.51      0.0000     50.00 LINEAR  8.0162E-05   -401.37  9.5533E-05   -401.37
    5.00    310.00     -2.74    -0.72     1.39      0.0015     51.59 RIGHT   7.6469E-05   -398.47  9.6437E-05   -398.64
   10.00    310.00     -3.21    -0.63     1.27      0.0053     53.39 RIGHT   7.2395E-05   -395.51  9.7434E-05   -396.14
   15.00    310.00     -3.78    -0.54     1.15      0.0140     55.43 RIGHT   6.7867E-05   -392.12  9.8469E-05   -393.84
   20.00    310.00     -4.45    -0.46     1.00      0.0303     57.75 RIGHT   6.2799E-05   -387.86  9.9450E-05   -391.71
   25.00    310.00     -5.26    -0.39     0.84      0.0571     60.41 RIGHT   5.7174E-05   -382.08  1.0025E-04   -389.69
   30.00    310.00     -6.23    -0.35     0.65      0.0974     63.46 RIGHT   5.1181E-05   -373.94  1.0070E-04   -387.76
   35.00    310.00     -7.26    -0.36     0.45      0.1542     66.94 RIGHT   4.5440E-05   -362.23  1.0059E-04   -385.90
   40.00    310.00     -8.10    -0.44     0.25      0.2301     70.94 RIGHT   4.1248E-05   -345.89  9.9671E-05   -384.09
   45.00    310.00     -8.27    -0.61     0.07      0.3268     75.61 RIGHT   4.0444E-05   -325.69  9.7686E-05   -382.35
   50.00    310.00     -7.51    -0.91    -0.05      0.4440     81.40 RIGHT   4.4154E-05   -305.63  9.4354E-05   -380.66
   55.00    310.00     -6.17    -1.38    -0.14      0.5761     89.53 RIGHT   5.1514E-05   -289.61  8.9405E-05   -379.06
   60.00    310.00     -4.80    -2.07    -0.21      0.7012    -76.58 RIGHT   6.0347E-05   -278.28  8.2605E-05   -377.57
   65.00    310.00     -3.72    -3.05    -0.36      0.7509    -53.03 RIGHT   6.8288E-05   -270.60  7.3778E-05   -376.19
   70.00    310.00     -3.14    -4.45    -0.73      0.6852    -32.76 RIGHT   7.3057E-05   -265.56  6.2831E-05   -374.97
   75.00    310.00     -3.23    -6.47    -1.54      0.5824    -21.85 RIGHT   7.2296E-05   -262.51  4.9780E-05   -373.92
   80.00    310.00     -4.39    -9.59    -3.25      0.4833    -15.23 RIGHT   6.3214E-05   -261.16  3.4763E-05   -373.06
   85.00    310.00     -8.00   -15.28    -7.25      0.3928    -10.37 RIGHT   4.1747E-05   -261.54  1.8043E-05   -372.40
   90.00    310.00   -999.99  -999.99  -999.99      0.0000      0.00         3.3223E-15   -444.16  1.0849E-15   -191.96
    0.00    315.00     -1.50    -1.50     1.51      0.0000     45.00 LINEAR  8.8183E-05   -401.37  8.8183E-05   -401.37
    5.00    315.00     -1.86    -1.41     1.38      0.0013     46.48 RIGHT   8.4609E-05   -398.20  8.9083E-05   -398.36
   10.00    315.00     -2.28    -1.32     1.24      0.0049     48.17 RIGHT   8.0586E-05   -395.02  9.0042E-05   -395.59
   15.00    315.00     -2.79    -1.23     1.07      0.0130     50.13 RIGHT   7.6029E-05   -391.50  9.1009E-05   -393.02
   20.00    315.00     -3.40    -1.14     0.88      0.0283     52.39 RIGHT   7.0830E-05   -387.26  9.1900E-05   -390.61
   25.00    315.00     -4.16    -1.08     0.66      0.0538     55.02 RIGHT   6.4928E-05   -381.76  9.2600E-05   -388.32
   30.00    315.00     -5.08    -1.04     0.40      0.0930     58.09 RIGHT   5.8435E-05   -374.31  9.2954E-05   -386.12
   35.00    315.00     -6.12    -1.06     0.12      0.1495     61.63 RIGHT   5.1820E-05   -363.89  9.2775E-05   -383.99
   40.00    315.00     -7.12    -1.15    -0.17      0.2272     65.71 RIGHT   4.6159E-05   -349.33  9.1847E-05   -381.91
   45.00    315.00     -7.70    -1.33    -0.43      0.3291     70.48 RIGHT   4.3206E-05   -330.37  8.9928E-05   -379.90
   50.00    315.00     -7.42    -1.64    -0.62      0.4564     76.35 RIGHT   4.4588E-05   -309.65  8.6773E-05   -377.96
   55.00    315.00     -6.40    -2.12    -0.74      0.6051     84.74 RIGHT   5.0197E-05   -291.58  8.2142E-05   -376.12
   60.00    315.00     -5.13    -2.81    -0.81      0.7493    -79.14 RIGHT   5.8051E-05   -278.22  7.5825E-05   -374.40
   65.00    315.00     -4.07    -3.80    -0.92      0.7826    -48.74 RIGHT   6.5585E-05   -269.04  6.7668E-05   -372.83
   70.00    315.00     -3.47    -5.20    -1.24      0.6799    -28.80 RIGHT   7.0313E-05   -262.97  5.7588E-05   -371.44
   75.00    315.00     -3.54    -7.23    -1.99      0.5631    -19.64 RIGHT   6.9768E-05   -259.25  4.5601E-05   -370.25
   80.00    315.00     -4.68   -10.35    -3.64      0.4611    -13.99 RIGHT   6.1137E-05   -257.47  3.1832E-05   -369.29
   85.00    315.00     -8.27   -16.05    -7.60      0.3722     -9.67 RIGHT   4.0430E-05   -257.61  1.6517E-05   -368.58
   90.00    315.00   -999.99  -999.99  -999.99      0.0000      0.00         3.2190E-15   -440.16  9.9314E-16   -188.12
    0.00    320.00     -0.81    -2.33     1.51      0.0000     40.00 LINEAR  9.5533E-05   -401.37  8.0162E-05   -401.37
    5.00    320.00     -1.13    -2.24     1.37      0.0012     41.35 RIGHT   9.2077E-05   -397.96  8.1034E-05   -398.10
   10.00    320.00     -1.51    -2.14     1.20      0.0045     42.92 RIGHT   8.8103E-05   -394.57  8.1935E-05   -395.08
   15.00    320.00     -1.97    -2.05     1.00      0.0119     44.76 RIGHT   8.3516E-05   -390.90  8.2818E-05   -392.26
   20.00    320.00     -2.55    -1.96     0.77      0.0260     46.92 RIGHT   7.8187E-05   -386.62  8.3608E-05   -389.61
   25.00    320.00     -3.26    -1.90     0.48      0.0500     49.48 RIGHT   7.2026E-05   -381.28  8.4202E-05   -387.07
   30.00    320.00     -4.14    -1.88     0.15      0.0875     52.50 RIGHT   6.5087E-05   -374.27  8.4464E-05   -384.62
   35.00    320.00     -5.18    -1.90    -0.23      0.1432     56.03 RIGHT   5.7738E-05   -364.72  8.4228E-05   -382.24
   40.00    320.00     -6.28    -2.00    -0.62      0.2222     60.13 RIGHT   5.0886E-05   -351.49  8.3302E-05   -379.91
   45.00    320.00     -7.13    -2.19    -0.98      0.3293     64.87 RIGHT   4.6151E-05   -333.80  8.1478E-05   -377.65
   50.00    320.00     -7.27    -2.51    -1.25      0.4684     70.59 RIGHT   4.5414E-05   -313.06  7.8537E-05   -375.48
   55.00    320.00     -6.56    -2.99    -1.41      0.6383     78.77 RIGHT   4.9254E-05   -293.47  7.4270E-05   -373.41
   60.00    320.00     -5.44    -3.70    -1.47      0.8120    -82.21 RIGHT   5.6054E-05   -278.26  6.8495E-05   -371.49
   65.00    320.00     -4.40    -4.69    -1.54      0.8062    -40.52 RIGHT   6.3130E-05   -267.63  6.1075E-05   -369.74
   70.00    320.00     -3.79    -6.10    -1.78      0.6615    -24.16 RIGHT   6.7786E-05   -260.58  5.1941E-05   -368.19
   75.00    320.00     -3.83    -8.13    -2.46      0.5347    -17.21 RIGHT   6.7428E-05   -256.20  4.1107E-05   -366.88
   80.00    320.00     -4.96   -11.26    -4.05      0.4323    -12.59 RIGHT   5.9213E-05   -254.02  2.8683E-05   -365.83
   85.00    320.00     -8.54   -16.96    -7.96      0.3466     -8.86 RIGHT   3.9210E-05   -253.94  1.4880E-05   -365.06
   90.00    320.00   -999.99  -999.99  -999.99      0.0000      0.00         3.1233E-15   -436.42  8.9456E-16   -184.58
    0.00    325.00     -0.22    -3.32     1.51      0.0000     35.00 LINEAR  1.0216E-04   -401.37  7.1531E-05   -401.37
    5.00    325.00     -0.51    -3.22     1.35      0.0011     36.21 RIGHT   9.8813E-05   -397.74  7.2351E-05   -397.87
   10.00    325.00     -0.86    -3.12     1.16      0.0040     37.64 RIGHT   9.4886E-05   -394.15  7.3176E-05   -394.62
   15.00    325.00     -1.30    -3.03     0.93      0.0106     39.33 RIGHT   9.0266E-05   -390.35  7.3963E-05   -391.59
   20.00    325.00     -1.84    -2.95     0.65      0.0234     41.35 RIGHT   8.4812E-05   -386.01  7.4647E-05   -388.71
   25.00    325.00     -2.52    -2.89     0.31      0.0455     43.77 RIGHT   7.8407E-05   -380.74  7.5136E-05   -385.95
   30.00    325.00     -3.38    -2.87    -0.11      0.0809     46.68 RIGHT   7.1067E-05   -374.01  7.5313E-05   -383.27
   35.00    325.00     -4.41    -2.90    -0.58      0.1349     50.13 RIGHT   6.3088E-05   -365.06  7.5035E-05   -380.66
   40.00    325.00     -5.56    -3.01    -1.09      0.2142     54.13 RIGHT   5.5255E-05   -352.81  7.4137E-05   -378.11
   45.00    325.00     -6.60    -3.21    -1.57      0.3260     58.68 RIGHT   4.9054E-05   -336.22  7.2437E-05   -375.63
   50.00    325.00     -7.07    -3.54    -1.94      0.4775     63.89 RIGHT   4.6468E-05   -315.81  6.9750E-05   -373.24
   55.00    325.00     -6.67    -4.03    -2.14      0.6727     70.74 RIGHT   4.8622E-05   -295.19  6.5895E-05   -370.97
   60.00    325.00     -5.70    -4.74    -2.19      0.8949    -87.80 RIGHT   5.4354E-05   -278.37  6.0716E-05   -368.86
   65.00    325.00     -4.71    -5.75    -2.19      0.8020    -28.43 RIGHT   6.0948E-05   -266.38  5.4095E-05   -366.94
   70.00    325.00     -4.08    -7.16    -2.34      0.6268    -19.36 RIGHT   6.5512E-05   -258.39  4.5973E-05   -365.25
   75.00    325.00     -4.11    -9.20    -2.94      0.4965    -14.69 RIGHT   6.5317E-05   -253.41  3.6364E-05   -363.82
   80.00    325.00     -5.22   -12.32    -4.45      0.3969    -11.09 RIGHT   5.7476E-05   -250.85  2.5364E-05   -362.69
   85.00    325.00     -8.79   -18.03    -8.30      0.3161     -7.95 RIGHT   3.8109E-05   -250.56  1.3155E-05   -361.86
   90.00    325.00   -999.99  -999.99  -999.99      0.0000      0.00         3.0369E-15   -432.97  7.9080E-16   -181.37
    0.00    330.00      0.26    -4.51     1.51      0.0000     30.00 LINEAR  1.0800E-04   -401.37  6.2355E-05   -401.37
    5.00    330.00     -0.00    -4.41     1.34      0.0010     31.06 RIGHT   1.0476E-04   -397.54  6.3102E-05   -397.66
   10.00    330.00     -0.33    -4.31     1.13      0.0035     32.33 RIGHT   1.0088E-04   -393.78  6.3836E-05   -394.22
   15.00    330.00     -0.74    -4.22     0.87      0.0093     33.84 RIGHT   9.6225E-05   -389.84  6.4519E-05   -390.99
   20.00    330.00     -1.26    -4.14     0.54      0.0206     35.67 RIGHT   9.0651E-05   -385.43  6.5094E-05   -387.92
   25.00    330.00     -1.92    -4.09     0.14      0.0404     37.91 RIGHT   8.4022E-05   -380.19  6.5484E-05   -384.96
   30.00    330.00     -2.76    -4.07    -0.35      0.0730     40.63 RIGHT   7.6324E-05   -373.64  6.5590E-05   -382.09
   35.00    330.00     -3.78    -4.11    -0.93      0.1242     43.88 RIGHT   6.7803E-05   -365.10  6.5291E-05   -379.27
   40.00    330.00     -4.97    -4.22    -1.57      0.2022     47.66 RIGHT   5.9156E-05   -353.57  6.4447E-05   -376.52
   45.00    330.00     -6.13    -4.43    -2.19      0.3169     51.82 RIGHT   5.1757E-05   -337.90  6.2906E-05   -373.84
   50.00    330.00     -6.86    -4.77    -2.68      0.4789     56.03 RIGHT   4.7608E-05   -317.97  6.0512E-05   -371.25
   55.00    330.00     -6.74    -5.27    -2.94      0.6972     59.48 RIGHT   4.8233E-05   -296.68  5.7114E-05   -368.80
   60.00    330.00     -5.93    -5.99    -2.95      0.9653     39.45 RIGHT   5.2938E-05   -278.50  5.2580E-05   -366.52
   65.00    330.00     -4.98    -7.00    -2.87      0.7533    -17.09 RIGHT   5.9056E-05   -265.29  4.6810E-05   -364.45
   70.00    330.00     -4.35    -8.42    -2.92      0.5743    -14.93 RIGHT   6.3519E-05   -256.44  3.9757E-05   -362.64
   75.00    330.00     -4.36   -10.46    -3.41      0.4482    -12.20 RIGHT   6.3461E-05   -250.90  3.1431E-05   -361.11
   80.00    330.00     -5.45   -13.59    -4.83      0.3547     -9.52 RIGHT   5.5949E-05   -248.00  2.1915E-05   -359.90
   85.00    330.00     -9.01   -19.30    -8.62      0.2808     -6.95 RIGHT   3.7141E-05   -247.53  1.1364E-05   -359.03
   90.00    330.00   -999.99  -999.99  -999.99      0.0000      0.00         2.9610E-15   -429.88  6.8310E-16   -178.52
    0.00    335.00      0.65    -5.97     1.51      0.0000     25.00 LINEAR  1.1303E-04   -401.37  5.2705E-05   -401.37
    5.00    335.00      0.41    -5.86     1.33      0.0008     25.90 RIGHT   1.0988E-04   -397.37  5.3359E-05   -397.49
   10.00    335.00      0.10    -5.76     1.10      0.0029     26.98 RIGHT   1.0603E-04   -393.46  5.3989E-05   -393.87
   15.00    335.00     -0.29    -5.67     0.81      0.0078     28.29 RIGHT   1.0135E-04   -389.40  5.4562E-05   -390.48
   20.00    335.00     -0.79    -5.60     0.45      0.0175     29.90 RIGHT   9.5661E-05   -384.92  5.5031E-05   -387.24
   25.00    335.00     -1.44    -5.55    -0.01      0.0348     31.88 RIGHT   8.8830E-05   -379.68  5.5331E-05   -384.11
   30.00    335.00     -2.26    -5.54    -0.59      0.0637     34.33 RIGHT   8.0819E-05   -373.24  5.5382E-05   -381.07
   35.00    335.00     -3.28    -5.59    -1.27      0.1107     37.29 RIGHT   7.1837E-05   -364.99  5.5084E-05   -378.08
   40.00    335.00     -4.49    -5.71    -2.05      0.1850     40.70 RIGHT   6.2521E-05   -353.98  5.4324E-05   -375.15
   45.00    335.00     -5.74    -5.93    -2.82      0.2988     44.25 RIGHT   5.4154E-05   -339.02  5.2976E-05   -372.30
   50.00    335.00     -6.65    -6.27    -3.45      0.4652     46.96 RIGHT   4.8722E-05   -319.59  5.0914E-05   -369.55
   55.00    335.00     -6.78    -6.78    -3.77      0.6875     44.99 RIGHT   4.8021E-05   -297.92  4.8014E-05   -366.94
   60.00    335.00     -6.12    -7.51    -3.75      0.8395     12.15 RIGHT   5.1789E-05   -278.65  4.4167E-05   -364.51
   65.00    335.00     -5.22    -8.52    -3.56      0.6664     -9.78 RIGHT   5.7460E-05   -264.36  3.9294E-05   -362.31
   70.00    335.00     -4.59    -9.95    -3.48      0.5050    -11.16 RIGHT   6.1822E-05   -254.74  3.3354E-05   -360.38
   75.00    335.00     -4.58   -11.99    -3.85      0.3903     -9.82 RIGHT   6.1879E-05   -248.71  2.6357E-05   -358.76
   80.00    335.00     -5.66   -15.13    -5.19      0.3064     -7.92 RIGHT   5.4647E-05   -245.51  1.8371E-05   -357.49
   85.00    335.00     -9.21   -20.83    -8.92      0.2413     -5.88 RIGHT   3.6317E-05   -244.89  9.5243E-06   -356.58
   90.00    335.00   -999.99  -999.99  -999.99      0.0000      0.00         2.8964E-15   -427.19  5.7249E-16   -176.05
    0.00    340.00      0.97    -7.81     1.51      0.0000     20.00 LINEAR  1.1719E-04   -401.37  4.2653E-05   -401.37
    5.00    340.00      0.74    -7.70     1.32      0.0007     20.73 RIGHT   1.1413E-04   -397.23  4.3198E-05   -397.34
   10.00    340.00      0.44    -7.60     1.08      0.0024     21.62 RIGHT   1.1031E-04   -393.19  4.3714E-05   -393.59
   15.00    340.00      0.06    -7.51     0.76      0.0063     22.70 RIGHT   1.0559E-04   -389.03  4.4173E-05   -390.05
   20.00    340.00     -0.43    -7.43     0.36      0.0143     24.04 RIGHT   9.9807E-05   -384.48  4.4540E-05   -386.68
   25.00    340.00     -1.06    -7.39    -0.15      0.0286     25.71 RIGHT   9.2801E-05   -379.23  4.4762E-05   -383.41
   30.00    340.00     -1.87    -7.39    -0.79      0.0531     27.80 RIGHT   8.4525E-05   -372.87  4.4775E-05   -380.22
   35.00    340.00     -2.89    -7.44    -1.58      0.0941     30.35 RIGHT   7.5163E-05   -364.81  4.4502E-05   -377.09
   40.00    340.00     -4.11    -7.57    -2.49      0.1612     33.25 RIGHT   6.5307E-05   -354.17  4.3853E-05   -374.02
   45.00    340.00     -5.42    -7.79    -3.43      0.2680     36.02 RIGHT   5.6177E-05   -339.76  4.2731E-05   -371.02
   50.00    340.00     -6.48    -8.15    -4.22      0.4269     37.04 RIGHT   4.9724E-05   -320.77  4.1036E-05   -368.13
   55.00    340.00     -6.80    -8.66    -4.62      0.6207     30.77 RIGHT   4.7928E-05   -298.91  3.8669E-05   -365.38
   60.00    340.00     -6.28    -9.39    -4.55      0.6879      7.90 RIGHT   5.0887E-05   -278.78  3.5547E-05   -362.83
   65.00    340.00     -5.42   -10.41    -4.22      0.5549     -5.62 RIGHT   5.6163E-05   -263.59  3.1607E-05   -360.52
   70.00    340.00     -4.78   -11.84    -4.00      0.4213     -8.07 RIGHT   6.0431E-05   -253.32  2.6816E-05   -358.50
   75.00    340.00     -4.76   -13.89    -4.26      0.3236     -7.60 RIGHT   6.0580E-05   -246.87  2.1182E-05   -356.81
   80.00    340.00     -5.83   -17.03    -5.51      0.2525     -6.31 RIGHT   5.3579E-05   -243.43  1.4760E-05   -355.47
   85.00    340.00     -9.37   -22.73    -9.17      0.1979     -4.76 RIGHT   3.5641E-05   -242.67  7.6509E-06   -354.53
   90.00    340.00   -999.99  -999.99  -999.99      0.0000      0.00         2.8434E-15   -424.93  4.5984E-16   -174.00
    0.00    345.00      1.21   -10.23     1.51      0.0000     15.00 LINEAR  1.2046E-04   -401.37  3.2277E-05   -401.37
    5.00    345.00      0.99   -10.12     1.31      0.0005     15.56 RIGHT   1.1747E-04   -397.12  3.2699E-05   -397.23
   10.00    345.00      0.70   -10.01     1.06      0.0018     16.23 RIGHT   1.1367E-04   -392.98  3.3092E-05   -393.36
   15.00    345.00      0.33    -9.92     0.72      0.0048     17.06 RIGHT   1.0892E-04   -388.74  3.3437E-05   -389.72
   20.00    345.00     -0.15    -9.85     0.29      0.0108     18.10 RIGHT   1.0306E-04   -384.13  3.3706E-05   -386.24
   25.00    345.00     -0.77    -9.82    -0.26      0.0219     19.41 RIGHT   9.5912E-05   -378.86  3.3860E-05   -382.86
   30.00    345.00     -1.58    -9.82    -0.97      0.0412     21.06 RIGHT   8.7423E-05   -372.54  3.3853E-05   -379.56
   35.00    345.00     -2.59    -9.88    -1.85      0.0743     23.08 RIGHT   7.7762E-05   -364.61  3.3626E-05   -376.31
   40.00    345.00     -3.82   -10.01    -2.89      0.1302     25.36 RIGHT   6.7492E-05   -354.23  3.3115E-05   -373.12
   45.00    345.00     -5.17   -10.24    -4.00      0.2218     27.30 RIGHT   5.7782E-05   -340.22  3.2247E-05   -370.01
   50.00    345.00     -6.33   -10.60    -4.95      0.3577     26.98 RIGHT   5.0554E-05   -321.60  3.0947E-05   -367.01
   55.00    345.00     -6.80   -11.12    -5.43      0.5017     19.87 RIGHT   4.7905E-05   -299.65  2.9145E-05   -364.16
   60.00    345.00     -6.39   -11.85    -5.31      0.5255      5.42 RIGHT   5.0210E-05   -278.89  2.6777E-05   -361.51
   65.00    345.00     -5.58   -12.88    -4.83      0.4279     -3.23 RIGHT   5.5161E-05   -262.99  2.3798E-05   -359.11
   70.00    345.00     -4.94   -14.31    -4.47      0.3260     -5.57 RIGHT   5.9350E-05   -252.19  2.0182E-05   -357.02
   75.00    345.00     -4.91   -16.36    -4.61      0.2495     -5.54 RIGHT   5.9570E-05   -245.41  1.5938E-05   -355.26
   80.00    345.00     -5.96   -19.50    -5.78      0.1937     -4.71 RIGHT   5.2748E-05   -241.77  1.1103E-05   -353.89
   85.00    345.00     -9.50   -25.21    -9.38      0.1513     -3.60 RIGHT   3.5116E-05   -240.91  5.7546E-06   -352.92
   90.00    345.00   -999.99  -999.99  -999.99      0.0000      0.00         2.8022E-15   -423.13  3.4584E-16   -172.37
    0.00    350.00      1.38   -13.70     1.51      0.0000     10.00 LINEAR  1.2282E-04   -401.37  2.1656E-05   -401.37
    5.00    350.00      1.17   -13.58     1.31      0.0003     10.37 RIGHT   1.1987E-04   -397.04  2.1943E-05   -397.15
   10.00    350.00      0.89   -13.48     1.04      0.0012     10.83 RIGHT   1.1608E-04   -392.83  2.2208E-05   -393.20
   15.00    350.00      0.52   -13.39     0.70      0.0032     11.39 RIGHT   1.1132E-04   -388.53  2.2438E-05   -389.48
   20.00    350.00      0.05   -13.32     0.24      0.0073     12.10 RIGHT   1.0540E-04   -383.88  2.2614E-05   -385.92
   25.00    350.00     -0.57   -13.28    -0.34      0.0148     13.00 RIGHT   9.8146E-05   -378.59  2.2711E-05   -382.47
   30.00    350.00     -1.37   -13.29    -1.10      0.0282     14.15 RIGHT   8.9501E-05   -372.29  2.2697E-05   -379.08
   35.00    350.00     -2.39   -13.35    -2.05      0.0515     15.55 RIGHT   7.9624E-05   -364.45  2.2535E-05   -375.75
   40.00    350.00     -3.62   -13.49    -3.20      0.0919     17.11 RIGHT   6.9059E-05   -354.24  2.2182E-05   -372.48
   45.00    350.00     -5.00   -13.72    -4.45      0.1595     18.28 RIGHT   5.8942E-05   -340.49  2.1590E-05   -369.28
   50.00    350.00     -6.23   -14.09    -5.57      0.2579     17.41 RIGHT   5.1172E-05   -322.14  2.0710E-05   -366.20
   55.00    350.00     -6.80   -14.61    -6.13      0.3494     11.90 RIGHT   4.7914E-05   -300.16  1.9495E-05   -363.28
   60.00    350.00     -6.47   -15.35    -5.95      0.3549      3.45 RIGHT   4.9742E-05   -278.98  1.7904E-05   -360.56
   65.00    350.00     -5.69   -16.38    -5.33      0.2905     -1.76 RIGHT   5.4450E-05   -262.56  1.5906E-05   -358.10
   70.00    350.00     -5.05   -17.81    -4.83      0.2220     -3.49 RIGHT   5.8579E-05   -251.38  1.3486E-05   -355.95
   75.00    350.00     -5.01   -19.86    -4.87      0.1696     -3.61 RIGHT   5.8849E-05   -244.36  1.0647E-05   -354.15
   80.00    350.00     -6.06   -23.00    -5.98      0.1313     -3.13 RIGHT   5.2156E-05   -240.57  7.4165E-06   -352.74
   85.00    350.00     -9.59   -28.71    -9.54      0.1023     -2.41 RIGHT   3.4741E-05   -239.63  3.8434E-06   -351.75
   90.00    350.00   -999.99  -999.99  -999.99      0.0000      0.00         2.7728E-15   -421.83  2.3099E-16   -171.20
    0.00    355.00      1.48   -19.68     1.51      0.0000      5.00 LINEAR  1.2424E-04   -401.37  1.0869E-05   -401.37
    5.00    355.00      1.27   -19.57     1.31      0.0002      5.19 RIGHT   1.2132E-04   -396.99  1.1015E-05   -397.10
   10.00    355.00      1.00   -19.46     1.03      0.0006      5.42 RIGHT   1.1754E-04   -392.74  1.1148E-05   -393.11
   15.00    355.00      0.63   -19.38     0.68      0.0016      5.70 RIGHT   1.1277E-04   -388.40  1.1263E-05   -389.34
   20.00    355.00      0.16   -19.31     0.21      0.0037      6.06 RIGHT   1.0681E-04   -383.73  1.1350E-05   -385.73
   25.00    355.00     -0.45   -19.27    -0.40      0.0075      6.52 RIGHT   9.9490E-05   -378.43  1.1396E-05   -382.23
   30.00    355.00     -1.25   -19.28    -1.18      0.0143      7.11 RIGHT   9.0751E-05   -372.14  1.1387E-05   -378.79
   35.00    355.00     -2.27   -19.35    -2.18      0.0264      7.83 RIGHT   8.0744E-05   -364.34  1.1303E-05   -375.41
   40.00    355.00     -3.51   -19.49    -3.40      0.0476      8.62 RIGHT   7.0001E-05   -354.23  1.1122E-05   -372.09
   45.00    355.00     -4.90   -19.72    -4.76      0.0836      9.15 RIGHT   5.9644E-05   -340.64  1.0822E-05   -368.85
   50.00    355.00     -6.16   -20.09    -5.99      0.1350      8.49 RIGHT   5.1553E-05   -322.44  1.0378E-05   -365.71
   55.00    355.00     -6.80   -20.61    -6.62      0.1787      5.59 RIGHT   4.7930E-05   -300.46  9.7666E-06   -362.74
   60.00    355.00     -6.52   -21.36    -6.38      0.1789      1.69 RIGHT   4.9467E-05   -279.03  8.9674E-06   -359.98
   65.00    355.00     -5.76   -22.38    -5.66      0.1468     -0.78 RIGHT   5.4026E-05   -262.30  7.9651E-06   -357.48
   70.00    355.00     -5.12   -23.82    -5.06      0.1124     -1.68 RIGHT   5.8117E-05   -250.89  6.7520E-06   -355.30
   75.00    355.00     -5.08   -25.87    -5.04      0.0858     -1.78 RIGHT   5.8416E-05   -243.72  5.3300E-06   -353.47
   80.00    355.00     -6.12   -29.02    -6.10      0.0663     -1.56 RIGHT   5.1801E-05   -239.84  3.7123E-06   -352.05
   85.00    355.00     -9.65   -34.73    -9.63      0.0516     -1.21 RIGHT   3.4517E-05   -238.85  1.9237E-06   -351.05
   90.00    355.00   -999.99  -999.99  -999.99      0.0000      0.00         2.7553E-15   -421.04  1.1561E-16   -170.49


  AVERAGE POWER GAIN:  9.9002E-01 - SOLID ANGLE USED IN AVERAGING: (+1.9722)*PI STERADIANS



  DATA CARD No:   8 EN   0     0     0     0  0.00000E+00  0.00000E+00  0.00000E+00  0.00000E+00  0.00000E+00  0.00000E+00

  TOTAL RUN TIME: 50 msec