


                               __________________________________________
                              |                                          |
                              |  NUMERICAL ELECTROMAGNETICS CODE (nec2c) |
                              |   Translated to 'C' in Double Precision  |
                              |__________________________________________|



                               ---------------- COMMENTS ----------------
                               pattern-linked-30m
                              



                               -------- STRUCTURE SPECIFICATION --------
                                     COORDINATES MUST BE INPUT IN
                                     METERS OR BE SCALED TO METERS
                                     BEFORE STRUCTURE INPUT IS ENDED

  WIRE                                                                                 SEG FIRST  LAST  TAG
   No:        X1         Y1         Z1         X2         Y2         Z2       RADIUS   No:   SEG   SEG  No:
     1    -6.24564    0.00000    5.53808   -0.01000    0.00000    9.14400    0.00024    61     1    61    1
     2    -0.01000    0.00000    9.14400    0.01000    0.00000    9.14400    0.00024     1    62    62    2
     3     0.01000    0.00000    9.14400    6.24564    0.00000    5.53808    0.00024    61    63   123    3

     TOTAL SEGMENTS USED: 123   SEGMENTS IN A SYMMETRIC CELL: 123   SYMMETRY FLAG: 0


                               ---------- SEGMENTATION DATA ----------
                                        COORDINATES IN METERS
                            I+ AND I- INDICATE THE SEGMENTS BEFORE AND AFTER I

   SEG    COORDINATES OF SEGM CENTER     SEGM    ORIENTATION ANGLES    WIRE    CONNECTION DATA   TAG
   No:       X         Y         Z      LENGTH     ALPHA      BETA    RADIUS    I-     I    I+   No:
     1   -6.1945    0.0000    5.5676    0.1181   30.0398    0.0000    0.0002     0     1     2     1
     2   -6.0923    0.0000    5.6267    0.1181   30.0398    0.0000    0.0002     1     2     3     1
     3   -5.9901    0.0000    5.6859    0.1181   30.0398    0.0000    0.0002     2     3     4     1
     4   -5.8879    0.0000    5.7450    0.1181   30.0398    0.0000    0.0002     3     4     5     1
     5   -5.7856    0.0000    5.8041    0.1181   30.0398    0.0000    0.0002     4     5     6     1
     6   -5.6834    0.0000    5.8632    0.1181   30.0398    0.0000    0.0002     5     6     7     1
     7   -5.5812    0.0000    5.9223    0.1181   30.0398    0.0000    0.0002     6     7     8     1
     8   -5.4790    0.0000    5.9814    0.1181   30.0398    0.0000    0.0002     7     8     9     1
     9   -5.3767    0.0000    6.0405    0.1181   30.0398    0.0000    0.0002     8     9    10     1
    10   -5.2745    0.0000    6.0997    0.1181   30.0398    0.0000    0.0002     9    10    11     1
    11   -5.1723    0.0000    6.1588    0.1181   30.0398    0.0000    0.0002    10    11    12     1
    12   -5.0701    0.0000    6.2179    0.1181   30.0398    0.0000    0.0002    11    12    13     1
    13   -4.9678    0.0000    6.2770    0.1181   30.0398    0.0000    0.0002    12    13    14     1
    14   -4.8656    0.0000    6.3361    0.1181   30.0398    0.0000    0.0002    13    14    15     1
    15   -4.7634    0.0000    6.3952    0.1181   30.0398    0.0000    0.0002    14    15    16     1
    16   -4.6612    0.0000    6.4543    0.1181   30.0398    0.0000    0.0002    15    16    17     1
    17   -4.5590    0.0000    6.5135    0.1181   30.0398    0.0000    0.0002    16    17    18     1
    18   -4.4567    0.0000    6.5726    0.1181   30.0398    0.0000    0.0002    17    18    19     1
    19   -4.3545    0.0000    6.6317    0.1181   30.0398    0.0000    0.0002    18    19    20     1
    20   -4.2523    0.0000    6.6908    0.1181   30.0398    0.0000    0.0002    19    20    21     1
    21   -4.1501    0.0000    6.7499    0.1181   30.0398    0.0000    0.0002    20    21    22     1
    22   -4.0478    0.0000    6.8090    0.1181   30.0398    0.0000    0.0002    21    22    23     1
    23   -3.9456    0.0000    6.8681    0.1181   30.0398    0.0000    0.0002    22    23    24     1
    24   -3.8434    0.0000    6.9272    0.1181   30.0398    0.0000    0.0002    23    24    25     1
    25   -3.7412    0.0000    6.9864    0.1181   30.0398    0.0000    0.0002    24    25    26     1
    26   -3.6389    0.0000    7.0455    0.1181   30.0398    0.0000    0.0002    25    26    27     1
    27   -3.5367    0.0000    7.1046    0.1181   30.0398    0.0000    0.0002    26    27    28     1
    28   -3.4345    0.0000    7.1637    0.1181   30.0398    0.0000    0.0002    27    28    29     1
    29   -3.3323    0.0000    7.2228    0.1181   30.0398    0.0000    0.0002    28    29    30     1
    30   -3.2300    0.0000    7.2819    0.1181   30.0398    0.0000    0.0002    29    30    31     1
    31   -3.1278    0.0000    7.3410    0.1181   30.0398    0.0000    0.0002    30    31    32     1
    32   -3.0256    0.0000    7.4002    0.1181   30.0398    0.0000    0.0002    31    32    33     1
    33   -2.9234    0.0000    7.4593    0.1181   30.0398    0.0000    0.0002    32    33    34     1
    34   -2.8211    0.0000    7.5184    0.1181   30.0398    0.0000    0.0002    33    34    35     1
    35   -2.7189    0.0000    7.5775    0.1181   30.0398    0.0000    0.0002    34    35    36     1
    36   -2.6167    0.0000    7.6366    0.1181   30.0398    0.0000    0.0002    35    36    37     1
    37   -2.5145    0.0000    7.6957    0.1181   30.0398    0.0000    0.0002    36    37    38     1
    38   -2.4123    0.0000    7.7548    0.1181   30.0398    0.0000    0.0002    37    38    39     1
    39   -2.3100    0.0000    7.8139    0.1181   30.0398    0.0000    0.0002    38    39    40     1
    40   -2.2078    0.0000    7.8731    0.1181   30.0398    0.0000    0.0002    39    40    41     1
    41   -2.1056    0.0000    7.9322    0.1181   30.0398    0.0000    0.0002    40    41    42     1
    42   -2.0034    0.0000    7.9913    0.1181   30.0398    0.0000    0.0002    41    42    43     1
    43   -1.9011    0.0000    8.0504    0.1181   30.0398    0.0000    0.0002    42    43    44     1
    44   -1.7989    0.0000    8.1095    0.1181   30.0398    0.0000    0.0002    43    44    45     1
    45   -1.6967    0.0000    8.1686    0.1181   30.0398    0.0000    0.0002    44    45    46     1
    46   -1.5945    0.0000    8.2277    0.1181   30.0398    0.0000    0.0002    45    46    47     1
    47   -1.4922    0.0000    8.2869    0.1181   30.0398    0.0000    0.0002    46    47    48     1
    48   -1.3900    0.0000    8.3460    0.1181   30.0398    0.0000    0.0002    47    48    49     1
    49   -1.2878    0.0000    8.4051    0.1181   30.0398    0.0000    0.0002    48    49    50     1
    50   -1.1856    0.0000    8.4642    0.1181   30.0398    0.0000    0.0002    49    50    51     1
    51   -1.0833    0.0000    8.5233    0.1181   30.0398    0.0000    0.0002    50    51    52     1
    52   -0.9811    0.0000    8.5824    0.1181   30.0398    0.0000    0.0002    51    52    53     1
    53   -0.8789    0.0000    8.6415    0.1181   30.0398    0.0000    0.0002    52    53    54     1
    54   -0.7767    0.0000    8.7006    0.1181   30.0398    0.0000    0.0002    53    54    55     1
    55   -0.6745    0.0000    8.7598    0.1181   30.0398    0.0000    0.0002    54    55    56     1
    56   -0.5722    0.0000    8.8189    0.1181   30.0398    0.0000    0.0002    55    56    57     1
    57   -0.4700    0.0000    8.8780    0.1181   30.0398    0.0000    0.0002    56    57    58     1
    58   -0.3678    0.0000    8.9371    0.1181   30.0398    0.0000    0.0002    57    58    59     1
    59   -0.2656    0.0000    8.9962    0.1181   30.0398    0.0000    0.0002    58    59    60     1
    60   -0.1633    0.0000    9.0553    0.1181   30.0398    0.0000    0.0002    59    60    61     1
    61   -0.0611    0.0000    9.1144    0.1181   30.0398    0.0000    0.0002    60    61    62     1
    62    0.0000    0.0000    9.1440    0.0200    0.0000    0.0000    0.0002    61    62    63     2
    63    0.0611    0.0000    9.1144    0.1181  -30.0398    0.0000    0.0002    62    63    64     3
    64    0.1633    0.0000    9.0553    0.1181  -30.0398    0.0000    0.0002    63    64    65     3
    65    0.2656    0.0000    8.9962    0.1181  -30.0398    0.0000    0.0002    64    65    66     3
    66    0.3678    0.0000    8.9371    0.1181  -30.0398    0.0000    0.0002    65    66    67     3
    67    0.4700    0.0000    8.8780    0.1181  -30.0398    0.0000    0.0002    66    67    68     3
    68    0.5722    0.0000    8.8189    0.1181  -30.0398    0.0000    0.0002    67    68    69     3
    69    0.6745    0.0000    8.7598    0.1181  -30.0398    0.0000    0.0002    68    69    70     3
    70    0.7767    0.0000    8.7006    0.1181  -30.0398    0.0000    0.0002    69    70    71     3
    71    0.8789    0.0000    8.6415    0.1181  -30.0398    0.0000    0.0002    70    71    72     3
    72    0.9811    0.0000    8.5824    0.1181  -30.0398    0.0000    0.0002    71    72    73     3
    73    1.0833    0.0000    8.5233    0.1181  -30.0398    0.0000    0.0002    72    73    74     3
    74    1.1856    0.0000    8.4642    0.1181  -30.0398    0.0000    0.0002    73    74    75     3
    75    1.2878    0.0000    8.4051    0.1181  -30.0398    0.0000    0.0002    74    75    76     3
    76    1.3900    0.0000    8.3460    0.1181  -30.0398    0.0000    0.0002    75    76    77     3
    77    1.4922    0.0000    8.2869    0.1181  -30.0398    0.0000    0.0002    76    77    78     3
    78    1.5945    0.0000    8.2277    0.1181  -30.0398    0.0000    0.0002    77    78    79     3
    79    1.6967    0.0000    8.1686    0.1181  -30.0398    0.0000    0.0002    78    79    80     3
    80    1.7989    0.0000    8.1095    0.1181  -30.0398    0.0000    0.0002    79    80    81     3
    81    1.9011    0.0000    8.0504    0.1181  -30.0398    0.0000    0.0002    80    81    82     3
    82    2.0034    0.0000    7.9913    0.1181  -30.0398    0.0000    0.0002    81    82    83     3
    83    2.1056    0.0000    7.9322    0.1181  -30.0398    0.0000    0.0002    82    83    84     3
    84    2.2078    0.0000    7.8731    0.1181  -30.0398    0.0000    0.0002    83    84    85     3
    85    2.3100    0.0000    7.8139    0.1181  -30.0398    0.0000    0.0002    84    85    86     3
    86    2.4123    0.0000    7.7548    0.1181  -30.0398    0.0000    0.0002    85    86    87     3
    87    2.5145    0.0000    7.6957    0.1181  -30.0398    0.0000    0.0002    86    87    88     3
    88    2.6167    0.0000    7.6366    0.1181  -30.0398    0.0000    0.0002    87    88    89     3
    89    2.7189    0.0000    7.5775    0.1181  -30.0398    0.0000    0.0002    88    89    90     3
    90    2.8211    0.0000    7.5184    0.1181  -30.0398    0.0000    0.0002    89    90    91     3
    91    2.9234    0.0000    7.4593    0.1181  -30.0398    0.0000    0.0002    90    91    92     3
    92    3.0256    0.0000    7.4002    0.1181  -30.0398    0.0000    0.0002    91    92    93     3
    93    3.1278    0.0000    7.3410    0.1181  -30.0398    0.0000    0.0002    92    93    94     3
    94    3.2300    0.0000    7.2819    0.1181  -30.0398    0.0000    0.0002    93    94    95     3
    95    3.3323    0.0000    7.2228    0.1181  -30.0398    0.0000    0.0002    94    95    96     3
    96    3.4345    0.0000    7.1637    0.1181  -30.0398    0.0000    0.0002    95    96    97     3
    97    3.5367    0.0000    7.1046    0.1181  -30.0398    0.0000    0.0002    96    97    98     3
    98    3.6389    0.0000    7.0455    0.1181  -30.0398    0.0000    0.0002    97    98    99     3
    99    3.7412    0.0000    6.9864    0.1181  -30.0398    0.0000    0.0002    98    99   100     3
   100    3.8434    0.0000    6.9272    0.1181  -30.0398    0.0000    0.0002    99   100   101     3
   101    3.9456    0.0000    6.8681    0.1181  -30.0398    0.0000    0.0002   100   101   102     3
   102    4.0478    0.0000    6.8090    0.1181  -30.0398    0.0000    0.0002   101   102   103     3
   103    4.1501    0.0000    6.7499    0.1181  -30.0398    0.0000    0.0002   102   103   104     3
   104    4.2523    0.0000    6.6908    0.1181  -30.0398    0.0000    0.0002   103   104   105     3
   105    4.3545    0.0000    6.6317    0.1181  -30.0398    0.0000    0.0002   104   105   106     3
   106    4.4567    0.0000    6.5726    0.1181  -30.0398    0.0000    0.0002   105   106   107     3
   107    4.5590    0.0000    6.5135    0.1181  -30.0398    0.0000    0.0002   106   107   108     3
   108    4.6612    0.0000    6.4543    0.1181  -30.0398    0.0000    0.0002   107   108   109     3
   109    4.7634    0.0000    6.3952    0.1181  -30.0398    0.0000    0.0002   108   109   110     3
   110    4.8656    0.0000    6.3361    0.1181  -30.0398    0.0000    0.0002   109   110   111     3
   111    4.9678    0.0000    6.2770    0.1181  -30.0398    0.0000    0.0002   110   111   112     3
   112    5.0701    0.0000    6.2179    0.1181  -30.0398    0.0000    0.0002   111   112   113     3
   113    5.1723    0.0000    6.1588    0.1181  -30.0398    0.0000    0.0002   112   113   114     3
   114    5.2745    0.0000    6.0997    0.1181  -30.0398    0.0000    0.0002   113   114   115     3
   115    5.3767    0.0000    6.0405    0.1181  -30.0398    0.0000    0.0002   114   115   116     3
   116    5.4790    0.0000    5.9814    0.1181  -30.0398    0.0000    0.0002   115   116   117     3
   117    5.5812    0.0000    5.9223    0.1181  -30.0398    0.0000    0.0002   116   117   118     3
   118    5.6834    0.0000    5.8632    0.1181  -30.0398    0.0000    0.0002   117   118   119     3
   119    5.7856    0.0000    5.8041    0.1181  -30.0398    0.0000    0.0002   118   119   120     3
   120    5.8879    0.0000    5.7450    0.1181  -30.0398    0.0000    0.0002   119   120   121     3
   121    5.9901    0.0000    5.6859    0.1181  -30.0398    0.0000    0.0002   120   121   122     3
   122    6.0923    0.0000    5.6267    0.1181  -30.0398    0.0000    0.0002   121   122   123     3
   123    6.1945    0.0000    5.5676    0.1181  -30.0398    0.0000    0.0002   122   123     0     3



  DATA CARD No:   1 EK   0     0     0     0  0.00000E+00  0.00000E+00  0.00000E+00  0.00000E+00  0.00000E+00  0.00000E+00
  DATA CARD No:   2 LD   5     0     0     0  1.50000E+07  0.00000E+00  0.00000E+00  0.00000E+00  0.00000E+00  0.00000E+00
  DATA CARD No:   3 GN   2     0     0     0  1.30000E+01  5.00000E-03  0.00000E+00  0.00000E+00  0.00000E+00  0.00000E+00
  DATA CARD No:   4 FR   0     1     0     0  1.01200E+01  0.00000E+00  0.00000E+00  0.00000E+00  0.00000E+00  0.00000E+00
  DATA CARD No:   5 EX   0     2     1     0  1.00000E+00  0.00000E+00  0.00000E+00  0.00000E+00  0.00000E+00  0.00000E+00
  DATA CARD No:   6 PT  -1     0     0     0  0.00000E+00  0.00000E+00  0.00000E+00  0.00000E+00  0.00000E+00  0.00000E+00
  DATA CARD No:   7 RP   0    19    72  1001  0.00000E+00  0.00000E+00  5.00000E+00  5.00000E+00  1.00000E+03  0.00000E+00


                               --------- FREQUENCY --------
                                FREQUENCY : 1.0120E+01 MHz
                                WAVELENGTH: 2.9625E+01 Mtr

                        APPROXIMATE INTEGRATION EMPLOYED FOR SEGMENTS 
                        THAT ARE MORE THAN 1.000 WAVELENGTHS APART
                        THE EXTENDED THIN WIRE KERNEL WILL BE USED


                          ------ STRUCTURE IMPEDANCE LOADING ------
  LOCATION        RESISTANCE  INDUCTANCE  CAPACITANCE     IMPEDANCE (OHMS)   CONDUCTIVITY  CIRCUIT
  ITAG FROM THRU     OHMS       HENRYS      FARADS       REAL     IMAGINARY   MHOS/METER      TYPE
  ALL                                                                        1.5000E+07     WIRE  


                            -------- ANTENNA ENVIRONMENT --------
                            FINITE GROUND - SOMMERFELD SOLUTION
                            RELATIVE DIELECTRIC CONST: 13.000
                            CONDUCTIVITY:  5.000E-03 MHOS/METER
                            COMPLEX DIELECTRIC CONSTANT:  1.3000E+01-8.8814E+00j


                             ---------- MATRIX TIMING ----------
                               FILL: 10 msec  FACTOR: 10 msec


                        --------- ANTENNA INPUT PARAMETERS ---------
  TAG   SEG       VOLTAGE (VOLTS)         CURRENT (AMPS)         IMPEDANCE (OHMS)        ADMITTANCE (MHOS)     POWER
  No:   No:     REAL      IMAGINARY     REAL      IMAGINARY     REAL      IMAGINARY    REAL       IMAGINARY   (WATTS)
    2    62  1.0000E+00  0.0000E+00  1.5293E-02  4.4538E-07  6.5388E+01 -1.9043E-03  1.5293E-02  4.4538E-07  7.6467E-03


                               ---------- POWER BUDGET ---------
                               INPUT POWER   =  7.6467E-03 Watts
                               RADIATED POWER=  6.7167E-03 Watts
                               STRUCTURE LOSS=  9.3002E-04 Watts
                               NETWORK LOSS  =  0.0000E+00 Watts
                               EFFICIENCY    =   87.84 Percent


                             ---------- RADIATION PATTERNS -----------

                             RANGE:  1.000000E+03 METERS
                             EXP(-JKR)/R:  1.00000E-03 AT PHASE: -272.10 DEGREES

 ---- ANGLES -----     ----- POWER GAINS -----       ---- POLARIZATION ----   ---- E(THETA) ----    ----- E(PHI) ------
  THETA      PHI       VERTC    HORIZ    TOTAL       AXIAL      TILT  SENSE   MAGNITUDE    PHASE    MAGNITUDE     PHASE
 DEGREES   DEGREES        DB       DB       DB       RATIO   DEGREES            VOLTS/M   DEGREES     VOLTS/M   DEGREES
    0.00      0.00      5.21  -999.99     5.21      0.0000      0.00 LINEAR  1.2331E-03   -276.16  0.0000E+00   -272.10
    5.00      0.00      5.17  -999.99     5.17      0.0000      0.00 LINEAR  1.2272E-03   -276.22  0.0000E+00   -272.10
   10.00      0.00      5.04  -999.99     5.04      0.0000      0.00 LINEAR  1.2094E-03   -276.39  0.0000E+00   -272.10
   15.00      0.00      4.82  -999.99     4.82      0.0000      0.00 LINEAR  1.1800E-03   -276.69  0.0000E+00   -272.10
   20.00      0.00      4.52  -999.99     4.52      0.0000      0.00 LINEAR  1.1391E-03   -277.11  0.0000E+00   -272.10
   25.00      0.00      4.11  -999.99     4.11      0.0000      0.00 LINEAR  1.0871E-03   -277.67  0.0000E+00   -272.10
   30.00      0.00      3.60  -999.99     3.60      0.0000      0.00 LINEAR  1.0248E-03   -278.38  0.0000E+00   -272.10
   35.00      0.00      2.97  -999.99     2.97      0.0000      0.00 LINEAR  9.5340E-04   -279.28  0.0000E+00   -272.10
   40.00      0.00      2.22  -999.99     2.22      0.0000      0.00 LINEAR  8.7438E-04   -280.39  0.0000E+00   -272.10
   45.00      0.00      1.34  -999.99     1.34      0.0000      0.00 LINEAR  7.8975E-04   -281.75  0.0000E+00   -272.10
   50.00      0.00      0.31  -999.99     0.31      0.0000      0.00 LINEAR  7.0186E-04   -283.41  0.0000E+00   -272.10
   55.00      0.00     -0.86  -999.99    -0.86      0.0000      0.00 LINEAR  6.1328E-04   -285.42  0.0000E+00   -272.10
   60.00      0.00     -2.19  -999.99    -2.19      0.0000      0.00 LINEAR  5.2652E-04   -287.84  0.0000E+00   -272.10
   65.00      0.00     -3.67  -999.99    -3.67      0.0000      0.00 LINEAR  4.4365E-04   -290.70  0.0000E+00   -272.10
   70.00      0.00     -5.35  -999.99    -5.35      0.0000      0.00 LINEAR  3.6574E-04   -293.98  0.0000E+00   -272.10
   75.00      0.00     -7.31  -999.99    -7.31      0.0000      0.00 LINEAR  2.9183E-04   -297.61  0.0000E+00   -272.10
   80.00      0.00     -9.87  -999.99    -9.87      0.0000      0.00 LINEAR  2.1733E-04   -301.46  0.0000E+00   -272.10
   85.00      0.00    -14.32  -999.99   -14.32      0.0000      0.00 LINEAR  1.3020E-04   -305.51  0.0000E+00   -272.10
   90.00      0.00   -999.99  -999.99  -999.99      0.0000      0.00         1.0069E-14   -130.28  0.0000E+00   -272.10
    0.00      5.00      5.17   -15.99     5.21      0.0000     -5.00 LINEAR  1.2284E-03   -276.16  1.0747E-04    -96.16
    5.00      5.00      5.13   -15.98     5.17      0.0000     -5.03 LEFT    1.2225E-03   -276.22  1.0753E-04    -96.24
   10.00      5.00      5.01   -15.97     5.04      0.0001     -5.11 LEFT    1.2049E-03   -276.39  1.0769E-04    -96.47
   15.00      5.00      4.79   -15.96     4.83      0.0002     -5.24 LEFT    1.1756E-03   -276.69  1.0787E-04    -96.84
   20.00      5.00      4.49   -15.95     4.52      0.0004     -5.44 LEFT    1.1349E-03   -277.11  1.0798E-04    -97.32
   25.00      5.00      4.08   -15.96     4.12      0.0004     -5.69 LEFT    1.0832E-03   -277.67  1.0787E-04    -97.89
   30.00      5.00      3.57   -16.00     3.62      0.0002     -6.00 LEFT    1.0212E-03   -278.38  1.0735E-04    -98.52
   35.00      5.00      2.94   -16.09     3.00      0.0002     -6.38 RIGHT   9.5017E-04   -279.28  1.0623E-04    -99.16
   40.00      5.00      2.19   -16.25     2.25      0.0012     -6.82 RIGHT   8.7151E-04   -280.39  1.0425E-04    -99.80
   45.00      5.00      1.31   -16.51     1.38      0.0030     -7.32 RIGHT   7.8724E-04   -281.75  1.0118E-04   -100.40
   50.00      5.00      0.28   -16.90     0.37      0.0058     -7.87 RIGHT   6.9969E-04   -283.41  9.6780E-05   -100.94
   55.00      5.00     -0.89   -17.45    -0.79      0.0102     -8.43 RIGHT   6.1143E-04   -285.42  9.0834E-05   -101.41
   60.00      5.00     -2.21   -18.21    -2.10      0.0163     -8.95 RIGHT   5.2496E-04   -287.85  8.3165E-05   -101.78
   65.00      5.00     -3.70   -19.27    -3.58      0.0244     -9.35 RIGHT   4.4237E-04   -290.71  7.3651E-05   -102.04
   70.00      5.00     -5.37   -20.73    -5.25      0.0340     -9.50 RIGHT   3.6469E-04   -294.00  6.2249E-05   -102.19
   75.00      5.00     -7.34   -22.81    -7.21      0.0436     -9.24 RIGHT   2.9100E-04   -297.63  4.9000E-05   -102.22
   80.00      5.00     -9.90   -25.97    -9.79      0.0509     -8.45 RIGHT   2.1672E-04   -301.48  3.4039E-05   -102.12
   85.00      5.00    -14.35   -31.70   -14.27      0.0535     -7.10 RIGHT   1.2983E-04   -305.53  1.7600E-05   -101.90
   90.00      5.00   -999.99  -999.99  -999.99      0.0000      0.00         1.0041E-14   -130.30  1.0559E-15   -281.56
    0.00     10.00      5.07   -10.00     5.21      0.0000    -10.00 LINEAR  1.2144E-03   -276.16  2.1413E-04    -96.16
    5.00     10.00      5.03    -9.99     5.17      0.0001    -10.05 LEFT    1.2086E-03   -276.22  2.1425E-04    -96.24
   10.00     10.00      4.91    -9.98     5.05      0.0002    -10.21 LEFT    1.1913E-03   -276.39  2.1458E-04    -96.47
   15.00     10.00      4.69    -9.97     4.84      0.0005    -10.48 LEFT    1.1625E-03   -276.69  2.1498E-04    -96.84
   20.00     10.00      4.39    -9.95     4.55      0.0007    -10.86 LEFT    1.1224E-03   -277.11  2.1524E-04    -97.32
   25.00     10.00      3.99    -9.96     4.16      0.0008    -11.35 LEFT    1.0715E-03   -277.67  2.1506E-04    -97.89
   30.00     10.00      3.48   -10.00     3.67      0.0005    -11.96 LEFT    1.0105E-03   -278.39  2.1410E-04    -98.52
   35.00     10.00      2.85   -10.09     3.07      0.0005    -12.70 RIGHT   9.4048E-04   -279.29  2.1191E-04    -99.16
   40.00     10.00      2.11   -10.25     2.35      0.0024    -13.55 RIGHT   8.6288E-04   -280.40  2.0802E-04    -99.80
   45.00     10.00      1.22   -10.51     1.51      0.0057    -14.52 RIGHT   7.7967E-04   -281.76  2.0196E-04   -100.41
   50.00     10.00      0.20   -10.89     0.53      0.0112    -15.57 RIGHT   6.9316E-04   -283.42  1.9324E-04   -100.95
   55.00     10.00     -0.97   -11.44    -0.59      0.0193    -16.64 RIGHT   6.0587E-04   -285.44  1.8142E-04   -101.41
   60.00     10.00     -2.29   -12.20    -1.87      0.0307    -17.63 RIGHT   5.2030E-04   -287.87  1.6615E-04   -101.78
   65.00     10.00     -3.77   -13.26    -3.31      0.0457    -18.39 RIGHT   4.3850E-04   -290.74  1.4718E-04   -102.05
   70.00     10.00     -5.45   -14.72    -4.96      0.0634    -18.69 RIGHT   3.6154E-04   -294.03  1.2442E-04   -102.20
   75.00     10.00     -7.41   -16.79    -6.94      0.0816    -18.25 RIGHT   2.8851E-04   -297.67  9.7953E-05   -102.23
   80.00     10.00     -9.97   -19.96    -9.55      0.0965    -16.79 RIGHT   2.1487E-04   -301.54  6.8055E-05   -102.13
   85.00     10.00    -14.42   -25.68   -14.11      0.1033    -14.21 RIGHT   1.2872E-04   -305.59  3.5190E-05   -101.91
   90.00     10.00   -999.99  -999.99  -999.99      0.0000      0.00         9.9549E-15   -130.36  2.1113E-15   -281.57
    0.00     15.00      4.91    -6.53     5.21      0.0000    -15.00 LINEAR  1.1911E-03   -276.16  3.1915E-04    -96.16
    5.00     15.00      4.86    -6.53     5.17      0.0001    -15.08 LEFT    1.1855E-03   -276.22  3.1935E-04    -96.24
   10.00     15.00      4.74    -6.51     5.05      0.0004    -15.31 LEFT    1.1686E-03   -276.39  3.1988E-04    -96.47
   15.00     15.00      4.53    -6.50     4.86      0.0007    -15.70 LEFT    1.1407E-03   -276.69  3.2055E-04    -96.84
   20.00     15.00      4.23    -6.48     4.58      0.0010    -16.25 LEFT    1.1017E-03   -277.11  3.2104E-04    -97.33
   25.00     15.00      3.83    -6.49     4.21      0.0011    -16.96 LEFT    1.0522E-03   -277.67  3.2091E-04    -97.90
   30.00     15.00      3.32    -6.52     3.75      0.0007    -17.85 LEFT    9.9271E-04   -278.39  3.1960E-04    -98.52
   35.00     15.00      2.70    -6.61     3.18      0.0007    -18.90 RIGHT   9.2433E-04   -279.30  3.1648E-04    -99.17
   40.00     15.00      1.96    -6.76     2.51      0.0034    -20.12 RIGHT   8.4847E-04   -280.41  3.1084E-04    -99.81
   45.00     15.00      1.08    -7.01     1.71      0.0081    -21.48 RIGHT   7.6702E-04   -281.78  3.0194E-04   -100.41
   50.00     15.00      0.07    -7.39     0.78      0.0156    -22.95 RIGHT   6.8222E-04   -283.44  2.8904E-04   -100.96
   55.00     15.00     -1.10    -7.94    -0.28      0.0266    -24.44 RIGHT   5.9654E-04   -285.47  2.7149E-04   -101.42
   60.00     15.00     -2.42    -8.70    -1.50      0.0419    -25.81 RIGHT   5.1246E-04   -287.91  2.4875E-04   -101.79
   65.00     15.00     -3.90    -9.75    -2.90      0.0616    -26.87 RIGHT   4.3201E-04   -290.78  2.2043E-04   -102.06
   70.00     15.00     -5.58   -11.20    -4.53      0.0852    -27.33 RIGHT   3.5625E-04   -294.09  1.8641E-04   -102.21
   75.00     15.00     -7.54   -13.28    -6.51      0.1103    -26.80 RIGHT   2.8431E-04   -297.75  1.4679E-04   -102.24
   80.00     15.00    -10.10   -16.44    -9.19      0.1327    -24.89 RIGHT   2.1175E-04   -301.62  1.0201E-04   -102.14
   85.00     15.00    -14.55   -22.17   -13.85      0.1459    -21.31 RIGHT   1.2686E-04   -305.69  5.2753E-05   -101.92
   90.00     15.00   -999.99  -999.99  -999.99      0.0000      0.00         9.8108E-15   -130.46  3.1651E-15   -281.58
    0.00     20.00      4.67    -4.11     5.21      0.0000    -20.00 LINEAR  1.1588E-03   -276.16  4.2175E-04    -96.16
    5.00     20.00      4.63    -4.11     5.17      0.0001    -20.10 LEFT    1.1534E-03   -276.22  4.2204E-04    -96.24
   10.00     20.00      4.50    -4.09     5.07      0.0005    -20.40 LEFT    1.1372E-03   -276.39  4.2283E-04    -96.47
   15.00     20.00      4.30    -4.07     4.89      0.0009    -20.89 LEFT    1.1103E-03   -276.69  4.2384E-04    -96.84
   20.00     20.00      4.00    -4.05     4.63      0.0013    -21.59 LEFT    1.0729E-03   -277.12  4.2467E-04    -97.33
   25.00     20.00      3.60    -4.05     4.29      0.0014    -22.50 LEFT    1.0252E-03   -277.68  4.2471E-04    -97.90
   30.00     20.00      3.10    -4.08     3.86      0.0008    -23.62 LEFT    9.6780E-04   -278.40  4.2324E-04    -98.53
   35.00     20.00      2.49    -4.16     3.34      0.0009    -24.94 RIGHT   9.0170E-04   -279.31  4.1938E-04    -99.18
   40.00     20.00      1.75    -4.31     2.71      0.0042    -26.46 RIGHT   8.2825E-04   -280.43  4.1218E-04    -99.82
   45.00     20.00      0.88    -4.56     1.97      0.0100    -28.13 RIGHT   7.4923E-04   -281.80  4.0065E-04   -100.42
   50.00     20.00     -0.13    -4.93     1.11      0.0189    -29.91 RIGHT   6.6680E-04   -283.47  3.8379E-04   -100.97
   55.00     20.00     -1.29    -5.47     0.11      0.0318    -31.70 RIGHT   5.8338E-04   -285.51  3.6072E-04   -101.44
   60.00     20.00     -2.61    -6.22    -1.04      0.0493    -33.35 RIGHT   5.0138E-04   -287.96  3.3070E-04   -101.81
   65.00     20.00     -4.09    -7.27    -2.39      0.0718    -34.63 RIGHT   4.2281E-04   -290.85  2.9321E-04   -102.07
   70.00     20.00     -5.76    -8.72    -3.99      0.0987    -35.23 RIGHT   3.4874E-04   -294.17  2.4806E-04   -102.22
   75.00     20.00     -7.72   -10.79    -5.98      0.1285    -34.72 RIGHT   2.7836E-04   -297.85  1.9542E-04   -102.25
   80.00     20.00    -10.28   -13.95    -8.73      0.1575    -32.59 RIGHT   2.0733E-04   -301.74  1.3583E-04   -102.16
   85.00     20.00    -14.73   -19.68   -13.52      0.1790    -28.34 RIGHT   1.2422E-04   -305.82  7.0258E-05   -101.94
   90.00     20.00   -999.99  -999.99  -999.99      0.0000      0.00         9.6064E-15   -130.60  4.2155E-15   -281.59
    0.00     25.00      4.35    -2.27     5.21      0.0000    -25.00 LINEAR  1.1176E-03   -276.16  5.2114E-04    -96.16
    5.00     25.00      4.31    -2.27     5.18      0.0001    -25.12 LEFT    1.1125E-03   -276.22  5.2154E-04    -96.24
   10.00     25.00      4.19    -2.25     5.08      0.0005    -25.47 LEFT    1.0972E-03   -276.40  5.2263E-04    -96.48
   15.00     25.00      3.99    -2.22     4.92      0.0011    -26.06 LEFT    1.0716E-03   -276.69  5.2410E-04    -96.85
   20.00     25.00      3.69    -2.20     4.69      0.0015    -26.89 LEFT    1.0360E-03   -277.12  5.2539E-04    -97.33
   25.00     25.00      3.30    -2.20     4.38      0.0016    -27.96 LEFT    9.9061E-04   -277.69  5.2578E-04    -97.91
   30.00     25.00      2.81    -2.22     4.00      0.0009    -29.26 LEFT    9.3585E-04   -278.41  5.2434E-04    -98.54
   35.00     25.00      2.20    -2.29     3.52      0.0010    -30.79 RIGHT   8.7263E-04   -279.32  5.1997E-04    -99.19
   40.00     25.00      1.47    -2.44     2.95      0.0049    -32.52 RIGHT   8.0219E-04   -280.45  5.1147E-04    -99.83
   45.00     25.00      0.61    -2.68     2.28      0.0113    -34.41 RIGHT   7.2623E-04   -281.83  4.9758E-04   -100.44
   50.00     25.00     -0.40    -3.04     1.49      0.0211    -36.40 RIGHT   6.4682E-04   -283.51  4.7704E-04   -100.99
   55.00     25.00     -1.55    -3.57     0.56      0.0349    -38.38 RIGHT   5.6628E-04   -285.56  4.4872E-04   -101.45
   60.00     25.00     -2.86    -4.32    -0.52      0.0533    -40.18 RIGHT   4.8695E-04   -288.02  4.1167E-04   -101.83
   65.00     25.00     -4.34    -5.36    -1.81      0.0767    -41.60 RIGHT   4.1082E-04   -290.93  3.6524E-04   -102.09
   70.00     25.00     -6.01    -6.81    -3.38      0.1049    -42.31 RIGHT   3.3895E-04   -294.27  3.0917E-04   -102.24
   75.00     25.00     -7.97    -8.88    -5.39      0.1371    -41.89 RIGHT   2.7059E-04   -297.97  2.4367E-04   -102.27
   80.00     25.00    -10.53   -12.03    -8.20      0.1710    -39.75 RIGHT   2.0156E-04   -301.89  1.6943E-04   -102.18
   85.00     25.00    -14.97   -17.76   -13.14      0.2014    -35.18 RIGHT   1.2077E-04   -305.98  8.7652E-05   -101.96
   90.00     25.00   -999.99  -999.99  -999.99      0.0000      0.00         9.3397E-15   -130.77  5.2596E-15   -281.62
    0.00     30.00      3.96    -0.81     5.21      0.0000    -30.00 LINEAR  1.0679E-03   -276.16  6.1656E-04    -96.16
    5.00     30.00      3.92    -0.81     5.18      0.0002    -30.13 LEFT    1.0631E-03   -276.22  6.1709E-04    -96.24
   10.00     30.00      3.80    -0.79     5.10      0.0006    -30.53 LEFT    1.0488E-03   -276.40  6.1856E-04    -96.48
   15.00     30.00      3.60    -0.76     4.96      0.0012    -31.20 LEFT    1.0249E-03   -276.70  6.2057E-04    -96.85
   20.00     30.00      3.31    -0.73     4.76      0.0017    -32.12 LEFT    9.9142E-04   -277.13  6.2249E-04    -97.34
   25.00     30.00      2.93    -0.72     4.49      0.0018    -33.31 LEFT    9.4864E-04   -277.70  6.2341E-04    -97.92
   30.00     30.00      2.44    -0.73     4.15      0.0010    -34.75 LEFT    8.9696E-04   -278.43  6.2222E-04    -98.55
   35.00     30.00      1.84    -0.80     3.73      0.0012    -36.42 RIGHT   8.3712E-04   -279.34  6.1760E-04    -99.20
   40.00     30.00      1.12    -0.93     3.22      0.0053    -38.29 RIGHT   7.7028E-04   -280.47  6.0809E-04    -99.84
   45.00     30.00      0.26    -1.16     2.62      0.0121    -40.31 RIGHT   6.9799E-04   -281.86  5.9215E-04   -100.45
   50.00     30.00     -0.73    -1.52     1.90      0.0222    -42.40 RIGHT   6.2221E-04   -283.55  5.6825E-04   -101.00
   55.00     30.00     -1.88    -2.05     1.05      0.0361    -44.46 RIGHT   5.4515E-04   -285.61  5.3501E-04   -101.47
   60.00     30.00     -3.19    -2.79     0.03      0.0545    -46.33 RIGHT   4.6908E-04   -288.09  4.9124E-04   -101.85
   65.00     30.00     -4.66    -3.82    -1.21      0.0775    -47.80 RIGHT   3.9593E-04   -291.02  4.3617E-04   -102.11
   70.00     30.00     -6.33    -5.26    -2.75      0.1054    -48.59 RIGHT   3.2678E-04   -294.39  3.6945E-04   -102.27
   75.00     30.00     -8.28    -7.33    -4.77      0.1380    -48.27 RIGHT   2.6092E-04   -298.11  2.9133E-04   -102.30
   80.00     30.00    -10.84   -10.48    -7.65      0.1749    -46.27 RIGHT   1.9439E-04   -302.06  2.0264E-04   -102.20
   85.00     30.00    -15.29   -16.20   -12.71      0.2130    -41.71 RIGHT   1.1647E-04   -306.17  1.0486E-04   -101.98
   90.00     30.00   -999.99  -999.99  -999.99      0.0000      0.00         9.0075E-15   -130.97  6.2924E-15   -281.64
    0.00     35.00      3.47     0.38     5.21      0.0000    -35.00 LINEAR  1.0101E-03   -276.16  7.0729E-04    -96.16
    5.00     35.00      3.44     0.39     5.18      0.0002    -35.14 LEFT    1.0057E-03   -276.22  7.0797E-04    -96.24
   10.00     35.00      3.32     0.41     5.12      0.0007    -35.58 LEFT    9.9243E-04   -276.40  7.0987E-04    -96.48
   15.00     35.00      3.12     0.44     5.00      0.0013    -36.29 LEFT    9.7028E-04   -276.70  7.1254E-04    -96.85
   20.00     35.00      2.84     0.48     4.83      0.0018    -37.29 LEFT    9.3925E-04   -277.13  7.1522E-04    -97.34
   25.00     35.00      2.47     0.50     4.60      0.0018    -38.55 LEFT    8.9946E-04   -277.71  7.1686E-04    -97.92
   30.00     35.00      1.99     0.49     4.31      0.0010    -40.07 LEFT    8.5125E-04   -278.44  7.1616E-04    -98.56
   35.00     35.00      1.40     0.43     3.95      0.0013    -41.82 RIGHT   7.9526E-04   -279.36  7.1156E-04    -99.21
   40.00     35.00      0.68     0.31     3.51      0.0056    -43.75 RIGHT   7.3251E-04   -280.50  7.0135E-04    -99.86
   45.00     35.00     -0.16     0.08     2.97      0.0124    -45.82 RIGHT   6.6445E-04   -281.89  6.8370E-04   -100.47
   50.00     35.00     -1.15    -0.26     2.32      0.0224    -47.93 RIGHT   5.9288E-04   -283.60  6.5680E-04   -101.02
   55.00     35.00     -2.29    -0.78     1.54      0.0359    -49.99 RIGHT   5.1990E-04   -285.67  6.1900E-04   -101.49
   60.00     35.00     -3.59    -1.51     0.58      0.0534    -51.84 RIGHT   4.4767E-04   -288.16  5.6890E-04   -101.87
   65.00     35.00     -5.06    -2.54    -0.61      0.0753    -53.31 RIGHT   3.7806E-04   -291.12  5.0553E-04   -102.14
   70.00     35.00     -6.73    -3.97    -2.13      0.1018    -54.12 RIGHT   3.1214E-04   -294.51  4.2851E-04   -102.29
   75.00     35.00     -8.68    -6.03    -4.15      0.1336    -53.92 RIGHT   2.4929E-04   -298.27  3.3809E-04   -102.32
   80.00     35.00    -11.23    -9.18    -7.08      0.1713    -52.12 RIGHT   1.8574E-04   -302.24  2.3527E-04   -102.23
   85.00     35.00    -15.68   -14.90   -12.27      0.2150    -47.82 RIGHT   1.1130E-04   -306.38  1.2177E-04   -102.01
   90.00     35.00   -999.99  -999.99  -999.99      0.0000      0.00         8.6078E-15   -131.18  7.3079E-15   -281.67
    0.00     40.00      2.89     1.37     5.21      0.0000    -40.00 LINEAR  9.4462E-04   -276.16  7.9263E-04    -96.16
    5.00     40.00      2.85     1.38     5.19      0.0002    -40.15 LEFT    9.4060E-04   -276.22  7.9349E-04    -96.24
   10.00     40.00      2.74     1.40     5.13      0.0007    -40.60 LEFT    9.2849E-04   -276.40  7.9588E-04    -96.48
   15.00     40.00      2.55     1.44     5.04      0.0013    -41.35 LEFT    9.0826E-04   -276.70  7.9930E-04    -96.86
   20.00     40.00      2.27     1.48     4.91      0.0018    -42.38 LEFT    8.7984E-04   -277.14  8.0287E-04    -97.35
   25.00     40.00      1.91     1.51     4.72      0.0019    -43.68 LEFT    8.4330E-04   -277.72  8.0542E-04    -97.93
   30.00     40.00      1.44     1.51     4.48      0.0010    -45.23 LEFT    7.9889E-04   -278.46  8.0543E-04    -98.57
   35.00     40.00      0.85     1.46     4.18      0.0014    -47.00 RIGHT   7.4715E-04   -279.38  8.0112E-04    -99.23
   40.00     40.00      0.15     1.34     3.80      0.0056    -48.93 RIGHT   6.8896E-04   -280.53  7.9051E-04    -99.88
   45.00     40.00     -0.69     1.13     3.33      0.0123    -50.96 RIGHT   6.2562E-04   -281.93  7.7150E-04   -100.49
   50.00     40.00     -1.67     0.79     2.75      0.0218    -53.02 RIGHT   5.5880E-04   -283.65  7.4198E-04   -101.04
   55.00     40.00     -2.80     0.29     2.02      0.0346    -55.01 RIGHT   4.9045E-04   -285.73  7.0002E-04   -101.51
   60.00     40.00     -4.09    -0.44     1.12      0.0509    -56.79 RIGHT   4.2263E-04   -288.25  6.4400E-04   -101.89
   65.00     40.00     -5.56    -1.45    -0.03      0.0710    -58.20 RIGHT   3.5713E-04   -291.22  5.7277E-04   -102.16
   70.00     40.00     -7.22    -2.88    -1.52      0.0956    -59.01 RIGHT   2.9497E-04   -294.65  4.8587E-04   -102.32
   75.00     40.00     -9.17    -4.94    -3.55      0.1255    -58.90 RIGHT   2.3564E-04   -298.43  3.8357E-04   -102.35
   80.00     40.00    -11.72    -8.08    -6.52      0.1626    -57.35 RIGHT   1.7559E-04   -302.44  2.6704E-04   -102.26
   85.00     40.00    -16.17   -13.80   -11.82      0.2091    -53.45 RIGHT   1.0522E-04   -306.59  1.3825E-04   -102.04
   90.00     40.00   -999.99  -999.99  -999.99      0.0000      0.00         8.1382E-15   -131.41  8.2978E-15   -281.69
    0.00     45.00      2.20     2.20     5.21      0.0000    -45.00 LINEAR  8.7195E-04   -276.16  8.7195E-04    -96.16
    5.00     45.00      2.16     2.21     5.19      0.0002    -45.15 LEFT    8.6833E-04   -276.22  8.7299E-04    -96.24
   10.00     45.00      2.05     2.24     5.15      0.0007    -45.61 LEFT    8.5745E-04   -276.40  8.7592E-04    -96.48
   15.00     45.00      1.86     2.28     5.09      0.0013    -46.36 LEFT    8.3922E-04   -276.71  8.8016E-04    -96.86
   20.00     45.00      1.59     2.32     4.98      0.0018    -47.40 LEFT    8.1356E-04   -277.14  8.8475E-04    -97.36
   25.00     45.00      1.23     2.36     4.84      0.0018    -48.70 LEFT    7.8048E-04   -277.73  8.8835E-04    -97.94
   30.00     45.00      0.77     2.37     4.65      0.0009    -50.23 LEFT    7.4013E-04   -278.47  8.8926E-04    -98.58
   35.00     45.00      0.20     2.33     4.41      0.0014    -51.95 RIGHT   6.9295E-04   -279.40  8.8549E-04    -99.24
   40.00     45.00     -0.49     2.22     4.09      0.0055    -53.82 RIGHT   6.3971E-04   -280.55  8.7478E-04    -99.89
   45.00     45.00     -1.32     2.02     3.68      0.0119    -55.77 RIGHT   5.8154E-04   -281.97  8.5474E-04   -100.51
   50.00     45.00     -2.29     1.69     3.15      0.0208    -57.73 RIGHT   5.1998E-04   -283.70  8.2299E-04   -101.06
   55.00     45.00     -3.42     1.20     2.49      0.0325    -59.59 RIGHT   4.5681E-04   -285.80  7.7730E-04   -101.54
   60.00     45.00     -4.70     0.48     1.63      0.0473    -61.26 RIGHT   3.9395E-04   -288.33  7.1582E-04   -101.92
   65.00     45.00     -6.16    -0.53     0.52      0.0655    -62.58 RIGHT   3.3308E-04   -291.33  6.3722E-04   -102.19
   70.00     45.00     -7.82    -1.95    -0.95      0.0877    -63.36 RIGHT   2.7523E-04   -294.78  5.4095E-04   -102.34
   75.00     45.00     -9.77    -4.00    -2.98      0.1152    -63.32 RIGHT   2.1992E-04   -298.60  4.2733E-04   -102.37
   80.00     45.00    -12.32    -7.14    -5.99      0.1503    -62.00 RIGHT   1.6390E-04   -302.64  2.9763E-04   -102.28
   85.00     45.00    -16.77   -12.86   -11.38      0.1971    -58.58 RIGHT   9.8226E-05   -306.82  1.5413E-04   -102.06
   90.00     45.00   -999.99  -999.99  -999.99      0.0000      0.00         7.5972E-15   -131.64  9.2520E-15   -281.72
    0.00     50.00      1.37     2.89     5.21      0.0000    -50.00 LINEAR  7.9263E-04   -276.16  9.4462E-04    -96.16
    5.00     50.00      1.33     2.90     5.20      0.0002    -50.15 LEFT    7.8944E-04   -276.22  9.4586E-04    -96.24
   10.00     50.00      1.23     2.94     5.17      0.0007    -50.60 LEFT    7.7981E-04   -276.40  9.4935E-04    -96.48
   15.00     50.00      1.04     2.98     5.13      0.0013    -51.34 LEFT    7.6365E-04   -276.71  9.5447E-04    -96.86
   20.00     50.00      0.78     3.03     5.06      0.0018    -52.35 LEFT    7.4085E-04   -277.15  9.6016E-04    -97.36
   25.00     50.00      0.43     3.08     4.96      0.0018    -53.60 LEFT    7.1136E-04   -277.74  9.6493E-04    -97.95
   30.00     50.00     -0.02     3.09     4.82      0.0008    -55.07 LEFT    6.7528E-04   -278.49  9.6691E-04    -98.59
   35.00     50.00     -0.59     3.07     4.62      0.0014    -56.71 RIGHT   6.3293E-04   -279.42  9.6387E-04    -99.25
   40.00     50.00     -1.27     2.97     4.36      0.0053    -58.47 RIGHT   5.8495E-04   -280.58  9.5331E-04    -99.91
   45.00     50.00     -2.09     2.78     4.01      0.0111    -60.28 RIGHT   5.3236E-04   -282.01  9.3257E-04   -100.53
   50.00     50.00     -3.05     2.46     3.54      0.0192    -62.09 RIGHT   4.7650E-04   -283.75  8.9896E-04   -101.08
   55.00     50.00     -4.17     1.97     2.92      0.0298    -63.80 RIGHT   4.1900E-04   -285.86  8.4998E-04   -101.56
   60.00     50.00     -5.45     1.27     2.11      0.0430    -65.32 RIGHT   3.6162E-04   -288.41  7.8353E-04   -101.94
   65.00     50.00     -6.90     0.27     1.03      0.0591    -66.52 RIGHT   3.0593E-04   -291.44  6.9813E-04   -102.21
   70.00     50.00     -8.55    -1.15    -0.42      0.0789    -67.25 RIGHT   2.5290E-04   -294.92  5.9312E-04   -102.37
   75.00     50.00    -10.50    -3.19    -2.45      0.1036    -67.27 RIGHT   2.0213E-04   -298.77  4.6882E-04   -102.40
   80.00     50.00    -13.05    -6.33    -5.49      0.1358    -66.17 RIGHT   1.5067E-04   -302.83  3.2668E-04   -102.31
   85.00     50.00    -17.50   -12.04   -10.96      0.1809    -63.24 RIGHT   9.0300E-05   -307.04  1.6922E-04   -102.09
   90.00     50.00   -999.99  -999.99  -999.99      0.0000      0.00         6.9842E-15   -131.87  1.0159E-14   -281.75
    0.00     55.00      0.38     3.47     5.21      0.0000    -55.00 LINEAR  7.0729E-04   -276.16  1.0101E-03    -96.16
    5.00     55.00      0.34     3.49     5.20      0.0002    -55.14 LEFT    7.0451E-04   -276.22  1.0115E-03    -96.24
   10.00     55.00      0.24     3.52     5.19      0.0006    -55.57 LEFT    6.9615E-04   -276.41  1.0156E-03    -96.48
   15.00     55.00      0.06     3.57     5.17      0.0012    -56.27 LEFT    6.8209E-04   -276.71  1.0216E-03    -96.87
   20.00     55.00     -0.19     3.63     5.14      0.0017    -57.22 LEFT    6.6220E-04   -277.16  1.0285E-03    -97.37
   25.00     55.00     -0.54     3.68     5.07      0.0016    -58.40 LEFT    6.3639E-04   -277.75  1.0345E-03    -97.96
   30.00     55.00     -0.98     3.71     4.98      0.0007    -59.77 LEFT    6.0471E-04   -278.50  1.0376E-03    -98.60
   35.00     55.00     -1.54     3.69     4.83      0.0013    -61.28 RIGHT   5.6738E-04   -279.44  1.0355E-03    -99.27
   40.00     55.00     -2.21     3.60     4.61      0.0049    -62.89 RIGHT   5.2495E-04   -280.61  1.0253E-03    -99.92
   45.00     55.00     -3.02     3.42     4.31      0.0102    -64.54 RIGHT   4.7827E-04   -282.04  1.0041E-03   -100.54
   50.00     55.00     -3.97     3.11     3.89      0.0174    -66.16 RIGHT   4.2851E-04   -283.79  9.6897E-04   -101.10
   55.00     55.00     -5.08     2.64     3.31      0.0266    -67.69 RIGHT   3.7715E-04   -285.92  9.1714E-04   -101.58
   60.00     55.00     -6.36     1.94     2.54      0.0382    -69.04 RIGHT   3.2574E-04   -288.49  8.4627E-04   -101.96
   65.00     55.00     -7.80     0.94     1.49      0.0522    -70.12 RIGHT   2.7574E-04   -291.54  7.5469E-04   -102.24
   70.00     55.00     -9.45    -0.47     0.05      0.0695    -70.78 RIGHT   2.2803E-04   -295.05  6.4164E-04   -102.39
   75.00     55.00    -11.40    -2.50    -1.98      0.0911    -70.83 RIGHT   1.8230E-04   -298.93  5.0748E-04   -102.43
   80.00     55.00    -13.95    -5.64    -5.04      0.1200    -69.93 RIGHT   1.3591E-04   -303.02  3.5377E-04   -102.34
   85.00     55.00    -18.39   -11.35   -10.57      0.1617    -67.46 RIGHT   8.1459E-05   -307.25  1.8330E-04   -102.12
   90.00     55.00   -999.99  -999.99  -999.99      0.0000      0.00         6.3005E-15   -132.09  1.1005E-14   -281.77
    0.00     60.00     -0.81     3.96     5.21      0.0000    -60.00 LINEAR  6.1656E-04   -276.16  1.0679E-03    -96.16
    5.00     60.00     -0.85     3.97     5.21      0.0002    -60.13 LEFT    6.1420E-04   -276.22  1.0695E-03    -96.24
   10.00     60.00     -0.95     4.01     5.21      0.0006    -60.53 LEFT    6.0710E-04   -276.41  1.0742E-03    -96.49
   15.00     60.00     -1.12     4.06     5.21      0.0011    -61.17 LEFT    5.9513E-04   -276.72  1.0811E-03    -96.87
   20.00     60.00     -1.37     4.13     5.21      0.0015    -62.04 LEFT    5.7817E-04   -277.16  1.0890E-03    -97.37
   25.00     60.00     -1.71     4.19     5.18      0.0015    -63.10 LEFT    5.5609E-04   -277.76  1.0963E-03    -97.96
   30.00     60.00     -2.15     4.22     5.12      0.0006    -64.33 LEFT    5.2889E-04   -278.52  1.1006E-03    -98.61
   35.00     60.00     -2.69     4.21     5.02      0.0012    -65.69 RIGHT   4.9674E-04   -279.46  1.0994E-03    -99.28
   40.00     60.00     -3.36     4.13     4.85      0.0044    -67.11 RIGHT   4.6006E-04   -280.64  1.0898E-03    -99.94
   45.00     60.00     -4.16     3.96     4.58      0.0090    -68.56 RIGHT   4.1957E-04   -282.08  1.0684E-03   -100.56
   50.00     60.00     -5.10     3.66     4.20      0.0153    -69.98 RIGHT   3.7628E-04   -283.84  1.0321E-03   -101.12
   55.00     60.00     -6.20     3.19     3.66      0.0232    -71.32 RIGHT   3.3145E-04   -285.98  9.7785E-04   -101.60
   60.00     60.00     -7.47     2.50     2.92      0.0331    -72.49 RIGHT   2.8648E-04   -288.57  9.0311E-04   -101.98
   65.00     60.00     -8.91     1.51     1.89      0.0450    -73.42 RIGHT   2.4263E-04   -291.63  8.0603E-04   -102.26
   70.00     60.00    -10.56     0.11     0.47      0.0597    -74.01 RIGHT   2.0073E-04   -295.17  6.8576E-04   -102.42
   75.00     60.00    -12.50    -1.92    -1.56      0.0783    -74.08 RIGHT   1.6051E-04   -299.08  5.4267E-04   -102.45
   80.00     60.00    -15.05    -5.05    -4.64      0.1034    -73.35 RIGHT   1.1968E-04   -303.20  3.7845E-04   -102.36
   85.00     60.00    -19.50   -10.76   -10.22      0.1406    -71.32 RIGHT   7.1738E-05   -307.45  1.9614E-04   -102.14
   90.00     60.00   -999.99  -999.99  -999.99      0.0000      0.00         5.5488E-15   -132.30  1.1777E-14   -281.80
    0.00     65.00     -2.27     4.35     5.21      0.0000    -65.00 LINEAR  5.2114E-04   -276.16  1.1176E-03    -96.16
    5.00     65.00     -2.31     4.37     5.21      0.0001    -65.12 LEFT    5.1920E-04   -276.22  1.1194E-03    -96.24
   10.00     65.00     -2.41     4.41     5.23      0.0005    -65.46 LEFT    5.1333E-04   -276.41  1.1246E-03    -96.49
   15.00     65.00     -2.57     4.47     5.25      0.0010    -66.03 LEFT    5.0344E-04   -276.72  1.1323E-03    -96.87
   20.00     65.00     -2.82     4.53     5.27      0.0013    -66.79 LEFT    4.8939E-04   -277.17  1.1413E-03    -97.38
   25.00     65.00     -3.15     4.60     5.27      0.0013    -67.72 LEFT    4.7105E-04   -277.77  1.1497E-03    -97.97
   30.00     65.00     -3.58     4.64     5.25      0.0005    -68.79 LEFT    4.4838E-04   -278.53  1.1553E-03    -98.62
   35.00     65.00     -4.12     4.64     5.18      0.0011    -69.95 RIGHT   4.2150E-04   -279.48  1.1551E-03    -99.29
   40.00     65.00     -4.78     4.57     5.05      0.0038    -71.17 RIGHT   3.9074E-04   -280.66  1.1460E-03    -99.95
   45.00     65.00     -5.57     4.41     4.82      0.0077    -72.41 RIGHT   3.5667E-04   -282.11  1.1246E-03   -100.57
   50.00     65.00     -6.51     4.11     4.48      0.0130    -73.61 RIGHT   3.2014E-04   -283.88  1.0874E-03   -101.14
   55.00     65.00     -7.60     3.65     3.97      0.0196    -74.73 RIGHT   2.8222E-04   -286.03  1.0312E-03   -101.62
   60.00     65.00     -8.86     2.97     3.25      0.0278    -75.72 RIGHT   2.4408E-04   -288.63  9.5313E-04   -102.00
   65.00     65.00    -10.30     1.99     2.24      0.0377    -76.50 RIGHT   2.0682E-04   -291.72  8.5129E-04   -102.28
   70.00     65.00    -11.95     0.59     0.83      0.0498    -77.00 RIGHT   1.7116E-04   -295.28  7.2472E-04   -102.44
   75.00     65.00    -13.89    -1.44    -1.20      0.0653    -77.07 RIGHT   1.3690E-04   -299.22  5.7379E-04   -102.47
   80.00     65.00    -16.43    -4.57    -4.29      0.0864    -76.50 RIGHT   1.0209E-04   -303.36  4.0030E-04   -102.38
   85.00     65.00    -20.88   -10.27    -9.91      0.1183    -74.87 RIGHT   6.1198E-05   -307.63  2.0751E-04   -102.16
   90.00     65.00   -999.99  -999.99  -999.99      0.0000      0.00         4.7336E-15   -132.48  1.2460E-14   -281.82
    0.00     70.00     -4.11     4.67     5.21      0.0000    -70.00 LINEAR  4.2175E-04   -276.16  1.1588E-03    -96.16
    5.00     70.00     -4.14     4.68     5.22      0.0001    -70.10 LEFT    4.2021E-04   -276.22  1.1607E-03    -96.25
   10.00     70.00     -4.24     4.72     5.24      0.0004    -70.39 LEFT    4.1557E-04   -276.41  1.1664E-03    -96.49
   15.00     70.00     -4.41     4.79     5.28      0.0008    -70.86 LEFT    4.0772E-04   -276.72  1.1748E-03    -96.87
   20.00     70.00     -4.65     4.86     5.32      0.0011    -71.50 LEFT    3.9654E-04   -277.17  1.1848E-03    -97.38
   25.00     70.00     -4.97     4.93     5.35      0.0010    -72.27 LEFT    3.8192E-04   -277.77  1.1943E-03    -97.98
   30.00     70.00     -5.40     4.98     5.36      0.0004    -73.15 LEFT    3.6381E-04   -278.54  1.2009E-03    -98.63
   35.00     70.00     -5.93     4.98     5.32      0.0009    -74.10 RIGHT   3.4227E-04   -279.50  1.2017E-03    -99.30
   40.00     70.00     -6.58     4.92     5.22      0.0031    -75.10 RIGHT   3.1754E-04   -280.68  1.1932E-03    -99.96
   45.00     70.00     -7.36     4.76     5.02      0.0063    -76.10 RIGHT   2.9008E-04   -282.13  1.1718E-03   -100.59
   50.00     70.00     -8.30     4.48     4.70      0.0105    -77.07 RIGHT   2.6056E-04   -283.91  1.1340E-03   -101.15
   55.00     70.00     -9.38     4.02     4.22      0.0158    -77.98 RIGHT   2.2985E-04   -286.08  1.0762E-03   -101.63
   60.00     70.00    -10.64     3.35     3.52      0.0223    -78.77 RIGHT   1.9889E-04   -288.69  9.9545E-04   -102.02
   65.00     70.00    -12.08     2.37     2.52      0.0302    -79.40 RIGHT   1.6861E-04   -291.79  8.8965E-04   -102.30
   70.00     70.00    -13.72     0.98     1.12      0.0399    -79.81 RIGHT   1.3958E-04   -295.37  7.5778E-04   -102.45
   75.00     70.00    -15.66    -1.05    -0.90      0.0522    -79.88 RIGHT   1.1166E-04   -299.33  6.0022E-04   -102.49
   80.00     70.00    -18.20    -4.17    -4.00      0.0692    -79.44 RIGHT   8.3273E-05   -303.50  4.1887E-04   -102.40
   85.00     70.00    -22.65    -9.88    -9.65      0.0952    -78.18 RIGHT   4.9922E-05   -307.78  2.1718E-04   -102.18
   90.00     70.00   -999.99  -999.99  -999.99      0.0000      0.00         3.8616E-15   -132.64  1.3041E-14   -281.84
    0.00     75.00     -6.53     4.91     5.21      0.0000    -75.00 LINEAR  3.1915E-04   -276.16  1.1911E-03    -96.16
    5.00     75.00     -6.56     4.92     5.22      0.0001    -75.08 LEFT    3.1801E-04   -276.22  1.1932E-03    -96.25
   10.00     75.00     -6.66     4.96     5.25      0.0003    -75.30 LEFT    3.1456E-04   -276.41  1.1992E-03    -96.49
   15.00     75.00     -6.82     5.03     5.31      0.0006    -75.67 LEFT    3.0872E-04   -276.73  1.2083E-03    -96.88
   20.00     75.00     -7.06     5.11     5.36      0.0008    -76.16 LEFT    3.0038E-04   -277.18  1.2191E-03    -97.38
   25.00     75.00     -7.38     5.18     5.42      0.0008    -76.75 LEFT    2.8945E-04   -277.78  1.2295E-03    -97.98
   30.00     75.00     -7.80     5.23     5.45      0.0003    -77.43 LEFT    2.7588E-04   -278.55  1.2370E-03    -98.63
   35.00     75.00     -8.32     5.25     5.43      0.0007    -78.16 RIGHT   2.5971E-04   -279.51  1.2386E-03    -99.31
   40.00     75.00     -8.97     5.19     5.35      0.0024    -78.92 RIGHT   2.4110E-04   -280.70  1.2306E-03    -99.97
   45.00     75.00     -9.75     5.04     5.18      0.0048    -79.68 RIGHT   2.2039E-04   -282.15  1.2094E-03   -100.60
   50.00     75.00    -10.68     4.76     4.88      0.0080    -80.41 RIGHT   1.9809E-04   -283.94  1.1711E-03   -101.16
   55.00     75.00    -11.76     4.31     4.42      0.0119    -81.09 RIGHT   1.7483E-04   -286.11  1.1121E-03   -101.65
   60.00     75.00    -13.01     3.64     3.73      0.0168    -81.69 RIGHT   1.5135E-04   -288.73  1.0293E-03   -102.03
   65.00     75.00    -14.45     2.67     2.75      0.0227    -82.17 RIGHT   1.2835E-04   -291.85  9.2035E-04   -102.31
   70.00     75.00    -16.08     1.28     1.36      0.0299    -82.47 RIGHT   1.0627E-04   -295.45  7.8427E-04   -102.47
   75.00     75.00    -18.02    -0.75    -0.67      0.0391    -82.53 RIGHT   8.5031E-05   -299.42  6.2142E-04   -102.50
   80.00     75.00    -20.57    -3.87    -3.78      0.0519    -82.22 RIGHT   6.3420E-05   -303.61  4.3377E-04   -102.41
   85.00     75.00    -25.01    -9.57    -9.45      0.0716    -81.30 RIGHT   3.8022E-05   -307.90  2.2494E-04   -102.20
   90.00     75.00   -999.99  -999.99  -999.99      0.0000      0.00         2.9411E-15   -132.77  1.3508E-14   -281.85
    0.00     80.00    -10.00     5.07     5.21      0.0000    -80.00 LINEAR  2.1413E-04   -276.16  1.2144E-03    -96.16
    5.00     80.00    -10.03     5.09     5.22      0.0001    -80.05 LEFT    2.1337E-04   -276.22  1.2166E-03    -96.25
   10.00     80.00    -10.12     5.13     5.26      0.0002    -80.21 LEFT    2.1109E-04   -276.41  1.2229E-03    -96.49
   15.00     80.00    -10.28     5.20     5.32      0.0004    -80.46 LEFT    2.0721E-04   -276.73  1.2325E-03    -96.88
   20.00     80.00    -10.52     5.28     5.39      0.0006    -80.79 LEFT    2.0168E-04   -277.18  1.2438E-03    -97.39
   25.00     80.00    -10.84     5.36     5.46      0.0005    -81.19 LEFT    1.9442E-04   -277.78  1.2549E-03    -97.98
   30.00     80.00    -11.25     5.42     5.51      0.0002    -81.65 LEFT    1.8538E-04   -278.55  1.2632E-03    -98.64
   35.00     80.00    -11.77     5.43     5.51      0.0005    -82.14 RIGHT   1.7460E-04   -279.52  1.2653E-03    -99.31
   40.00     80.00    -12.41     5.38     5.45      0.0016    -82.65 RIGHT   1.6216E-04   -280.71  1.2578E-03    -99.98
   45.00     80.00    -13.19     5.23     5.29      0.0032    -83.16 RIGHT   1.4830E-04   -282.17  1.2368E-03   -100.61
   50.00     80.00    -14.11     4.96     5.01      0.0053    -83.66 RIGHT   1.3335E-04   -283.96  1.1982E-03   -101.17
   55.00     80.00    -15.19     4.51     4.56      0.0080    -84.11 RIGHT   1.1774E-04   -286.14  1.1383E-03   -101.65
   60.00     80.00    -16.44     3.84     3.88      0.0112    -84.51 RIGHT   1.0196E-04   -288.77  1.0540E-03   -102.04
   65.00     80.00    -17.87     2.87     2.91      0.0151    -84.83 RIGHT   8.6486E-05   -291.89  9.4277E-04   -102.32
   70.00     80.00    -19.51     1.49     1.52      0.0199    -85.04 RIGHT   7.1625E-05   -295.50  8.0363E-04   -102.48
   75.00     80.00    -21.45    -0.53    -0.50      0.0261    -85.08 RIGHT   5.7315E-05   -299.49  6.3692E-04   -102.52
   80.00     80.00    -23.99    -3.65    -3.61      0.0346    -84.87 RIGHT   4.2751E-05   -303.69  4.4468E-04   -102.43
   85.00     80.00    -28.44    -9.36    -9.30      0.0479    -84.27 RIGHT   2.5632E-05   -307.99  2.3062E-04   -102.21
   90.00     80.00   -999.99  -999.99  -999.99      0.0000      0.00         1.9828E-15   -132.86  1.3850E-14   -281.86
    0.00     85.00    -15.99     5.17     5.21      0.0000    -85.00 LINEAR  1.0747E-04   -276.16  1.2284E-03    -96.16
    5.00     85.00    -16.02     5.19     5.22      0.0000    -85.03 LEFT    1.0710E-04   -276.22  1.2307E-03    -96.25
   10.00     85.00    -16.11     5.24     5.27      0.0001    -85.10 LEFT    1.0596E-04   -276.41  1.2372E-03    -96.49
   15.00     85.00    -16.27     5.30     5.33      0.0002    -85.23 LEFT    1.0403E-04   -276.73  1.2471E-03    -96.88
   20.00     85.00    -16.50     5.39     5.41      0.0003    -85.40 LEFT    1.0127E-04   -277.18  1.2588E-03    -97.39
   25.00     85.00    -16.82     5.47     5.49      0.0003    -85.60 LEFT    9.7647E-05   -277.79  1.2703E-03    -97.99
   30.00     85.00    -17.23     5.52     5.55      0.0001    -85.84 LEFT    9.3134E-05   -278.56  1.2790E-03    -98.64
   35.00     85.00    -17.75     5.54     5.56      0.0002    -86.08 RIGHT   8.7739E-05   -279.52  1.2815E-03    -99.32
   40.00     85.00    -18.39     5.49     5.51      0.0008    -86.34 RIGHT   8.1515E-05   -280.71  1.2743E-03    -99.98
   45.00     85.00    -19.16     5.35     5.36      0.0016    -86.60 RIGHT   7.4570E-05   -282.18  1.2533E-03   -100.61
   50.00     85.00    -20.08     5.08     5.09      0.0027    -86.84 RIGHT   6.7069E-05   -283.97  1.2146E-03   -101.18
   55.00     85.00    -21.16     4.63     4.64      0.0040    -87.07 RIGHT   5.9231E-05   -286.15  1.1542E-03   -101.66
   60.00     85.00    -22.41     3.97     3.98      0.0056    -87.27 RIGHT   5.1303E-05   -288.79  1.0690E-03   -102.05
   65.00     85.00    -23.84     3.00     3.01      0.0076    -87.43 RIGHT   4.3524E-05   -291.92  9.5642E-04   -102.33
   70.00     85.00    -25.48     1.61     1.62      0.0100    -87.53 RIGHT   3.6049E-05   -295.53  8.1542E-04   -102.49
   75.00     85.00    -27.41    -0.40    -0.40      0.0130    -87.56 RIGHT   2.8849E-05   -299.53  6.4637E-04   -102.52
   80.00     85.00    -29.96    -3.52    -3.51      0.0173    -87.46 RIGHT   2.1519E-05   -303.74  4.5132E-04   -102.43
   85.00     85.00    -34.40    -9.23    -9.21      0.0240    -87.16 RIGHT   1.2902E-05   -308.05  2.3408E-04   -102.22
   90.00     85.00   -999.99  -999.99  -999.99      0.0000      0.00         9.9800E-16   -132.92  1.4058E-14   -281.87
    0.00     90.00   -999.99     5.21     5.21      0.0000     90.00 LINEAR  6.2931E-15    -96.16  1.2331E-03    -96.16
    5.00     90.00   -999.99     5.22     5.22      0.0000     90.00 LINEAR  2.0007E-15   -446.84  1.2354E-03    -96.25
   10.00     90.00   -999.99     5.27     5.27      0.0000    -90.00 LINEAR  2.7756E-15   -302.84  1.2420E-03    -96.49
   15.00     90.00   -999.99     5.34     5.34      0.0000    -90.00 LINEAR  7.8954E-15   -301.23  1.2519E-03    -96.88
   20.00     90.00   -999.99     5.42     5.42      0.0000    -90.00 LINEAR  1.4045E-14   -306.67  1.2638E-03    -97.39
   25.00     90.00   -999.99     5.50     5.50      0.0000    -90.00 LINEAR  2.1684E-14   -312.99  1.2755E-03    -97.99
   30.00     90.00   -999.99     5.56     5.56      0.0000    -90.00 LINEAR  3.1205E-14   -318.96  1.2843E-03    -98.64
   35.00     90.00   -999.99     5.58     5.58      0.0000    -90.00 LINEAR  4.2792E-14   -324.14  1.2869E-03    -99.32
   40.00     90.00   -999.99     5.53     5.53      0.0000    -90.00 LINEAR  5.6341E-14   -328.47  1.2798E-03    -99.98
   45.00     90.00   -199.54     5.39     5.39      0.0000    -90.00 LINEAR  7.1418E-14   -332.02  1.2589E-03   -100.61
   50.00     90.00   -197.80     5.11     5.11      0.0000    -90.00 LINEAR  8.7245E-14   -334.95  1.2201E-03   -101.18
   55.00     90.00   -196.38     4.67     4.67      0.0000    -90.00 LINEAR  1.0269E-13   -337.39  1.1596E-03   -101.66
   60.00     90.00   -195.30     4.01     4.01      0.0000    -90.00 LINEAR  1.1627E-13   -339.47  1.0740E-03   -102.05
   65.00     90.00   -194.60     3.04     3.04      0.0000    -90.00 LINEAR  1.2614E-13   -341.32  9.6100E-04   -102.33
   70.00     90.00   -194.33     1.66     1.66      0.0000    -90.00 LINEAR  1.3005E-13   -343.07  8.1938E-04   -102.49
   75.00     90.00   -194.66    -0.36    -0.36      0.0000    -90.00 LINEAR  1.2515E-13   -344.86  6.4954E-04   -102.52
   80.00     90.00   -195.99    -3.48    -3.48      0.0000    -90.00 LINEAR  1.0748E-13   -346.92  4.5356E-04   -102.43
   85.00     90.00   -199.66    -9.18    -9.18      0.0000    -90.00 LINEAR  7.0417E-14   -349.64  2.3525E-04   -102.22
   90.00     90.00   -999.99  -999.99  -999.99      0.0000      0.00         8.9381E-20   -362.89  1.4128E-14   -281.88
    0.00     95.00    -15.99     5.17     5.21      0.0000     85.00 LINEAR  1.0747E-04    -96.16  1.2284E-03    -96.16
    5.00     95.00    -16.02     5.19     5.22      0.0000     85.03 RIGHT   1.0710E-04    -96.22  1.2307E-03    -96.25
   10.00     95.00    -16.11     5.24     5.27      0.0001     85.10 RIGHT   1.0596E-04    -96.41  1.2372E-03    -96.49
   15.00     95.00    -16.27     5.30     5.33      0.0002     85.23 RIGHT   1.0403E-04    -96.73  1.2471E-03    -96.88
   20.00     95.00    -16.50     5.39     5.41      0.0003     85.40 RIGHT   1.0127E-04    -97.18  1.2588E-03    -97.39
   25.00     95.00    -16.82     5.47     5.49      0.0003     85.60 RIGHT   9.7647E-05    -97.79  1.2703E-03    -97.99
   30.00     95.00    -17.23     5.52     5.55      0.0001     85.84 RIGHT   9.3134E-05    -98.56  1.2790E-03    -98.64
   35.00     95.00    -17.75     5.54     5.56      0.0002     86.08 LEFT    8.7739E-05    -99.52  1.2815E-03    -99.32
   40.00     95.00    -18.39     5.49     5.51      0.0008     86.34 LEFT    8.1515E-05   -100.71  1.2743E-03    -99.98
   45.00     95.00    -19.16     5.35     5.36      0.0016     86.60 LEFT    7.4570E-05   -102.18  1.2533E-03   -100.61
   50.00     95.00    -20.08     5.08     5.09      0.0027     86.84 LEFT    6.7069E-05   -103.97  1.2146E-03   -101.18
   55.00     95.00    -21.16     4.63     4.64      0.0040     87.07 LEFT    5.9231E-05   -106.15  1.1542E-03   -101.66
   60.00     95.00    -22.41     3.97     3.98      0.0056     87.27 LEFT    5.1303E-05   -108.79  1.0690E-03   -102.05
   65.00     95.00    -23.84     3.00     3.01      0.0076     87.43 LEFT    4.3524E-05   -111.92  9.5642E-04   -102.33
   70.00     95.00    -25.48     1.61     1.62      0.0100     87.53 LEFT    3.6049E-05   -115.53  8.1542E-04   -102.49
   75.00     95.00    -27.41    -0.40    -0.40      0.0130     87.56 LEFT    2.8849E-05   -119.53  6.4637E-04   -102.52
   80.00     95.00    -29.96    -3.52    -3.51      0.0173     87.46 LEFT    2.1519E-05   -123.74  4.5132E-04   -102.43
   85.00     95.00    -34.40    -9.23    -9.21      0.0240     87.16 LEFT    1.2902E-05   -128.05  2.3408E-04   -102.22
   90.00     95.00   -999.99  -999.99  -999.99      0.0000      0.00         9.9803E-16   -312.92  1.4058E-14   -281.87
    0.00    100.00    -10.00     5.07     5.21      0.0000     80.00 LINEAR  2.1413E-04    -96.16  1.2144E-03    -96.16
    5.00    100.00    -10.03     5.09     5.22      0.0001     80.05 RIGHT   2.1337E-04    -96.22  1.2166E-03    -96.25
   10.00    100.00    -10.12     5.13     5.26      0.0002     80.21 RIGHT   2.1109E-04    -96.41  1.2229E-03    -96.49
   15.00    100.00    -10.28     5.20     5.32      0.0004     80.46 RIGHT   2.0721E-04    -96.73  1.2325E-03    -96.88
   20.00    100.00    -10.52     5.28     5.39      0.0006     80.79 RIGHT   2.0168E-04    -97.18  1.2438E-03    -97.39
   25.00    100.00    -10.84     5.36     5.46      0.0005     81.19 RIGHT   1.9442E-04    -97.78  1.2549E-03    -97.98
   30.00    100.00    -11.25     5.42     5.51      0.0002     81.65 RIGHT   1.8538E-04    -98.55  1.2632E-03    -98.64
   35.00    100.00    -11.77     5.43     5.51      0.0005     82.14 LEFT    1.7460E-04    -99.52  1.2653E-03    -99.31
   40.00    100.00    -12.41     5.38     5.45      0.0016     82.65 LEFT    1.6216E-04   -100.71  1.2578E-03    -99.98
   45.00    100.00    -13.19     5.23     5.29      0.0032     83.16 LEFT    1.4830E-04   -102.17  1.2368E-03   -100.61
   50.00    100.00    -14.11     4.96     5.01      0.0053     83.66 LEFT    1.3335E-04   -103.96  1.1982E-03   -101.17
   55.00    100.00    -15.19     4.51     4.56      0.0080     84.11 LEFT    1.1774E-04   -106.14  1.1383E-03   -101.65
   60.00    100.00    -16.44     3.84     3.88      0.0112     84.51 LEFT    1.0196E-04   -108.77  1.0540E-03   -102.04
   65.00    100.00    -17.87     2.87     2.91      0.0151     84.83 LEFT    8.6486E-05   -111.89  9.4277E-04   -102.32
   70.00    100.00    -19.51     1.49     1.52      0.0199     85.04 LEFT    7.1625E-05   -115.50  8.0363E-04   -102.48
   75.00    100.00    -21.45    -0.53    -0.50      0.0261     85.08 LEFT    5.7315E-05   -119.49  6.3692E-04   -102.52
   80.00    100.00    -23.99    -3.65    -3.61      0.0346     84.87 LEFT    4.2751E-05   -123.69  4.4468E-04   -102.43
   85.00    100.00    -28.44    -9.36    -9.30      0.0479     84.27 LEFT    2.5632E-05   -127.99  2.3062E-04   -102.21
   90.00    100.00   -999.99  -999.99  -999.99      0.0000      0.00         1.9827E-15   -312.86  1.3850E-14   -281.87
    0.00    105.00     -6.53     4.91     5.21      0.0000     75.00 LINEAR  3.1915E-04    -96.16  1.1911E-03    -96.16
    5.00    105.00     -6.56     4.92     5.22      0.0001     75.08 RIGHT   3.1801E-04    -96.22  1.1932E-03    -96.25
   10.00    105.00     -6.66     4.96     5.25      0.0003     75.30 RIGHT   3.1456E-04    -96.41  1.1992E-03    -96.49
   15.00    105.00     -6.82     5.03     5.31      0.0006     75.67 RIGHT   3.0872E-04    -96.73  1.2083E-03    -96.88
   20.00    105.00     -7.06     5.11     5.36      0.0008     76.16 RIGHT   3.0038E-04    -97.18  1.2191E-03    -97.38
   25.00    105.00     -7.38     5.18     5.42      0.0008     76.75 RIGHT   2.8945E-04    -97.78  1.2295E-03    -97.98
   30.00    105.00     -7.80     5.23     5.45      0.0003     77.43 RIGHT   2.7588E-04    -98.55  1.2370E-03    -98.63
   35.00    105.00     -8.32     5.25     5.43      0.0007     78.16 LEFT    2.5971E-04    -99.51  1.2386E-03    -99.31
   40.00    105.00     -8.97     5.19     5.35      0.0024     78.92 LEFT    2.4110E-04   -100.70  1.2306E-03    -99.97
   45.00    105.00     -9.75     5.04     5.18      0.0048     79.68 LEFT    2.2039E-04   -102.15  1.2094E-03   -100.60
   50.00    105.00    -10.68     4.76     4.88      0.0080     80.41 LEFT    1.9809E-04   -103.94  1.1711E-03   -101.16
   55.00    105.00    -11.76     4.31     4.42      0.0119     81.09 LEFT    1.7483E-04   -106.11  1.1121E-03   -101.65
   60.00    105.00    -13.01     3.64     3.73      0.0168     81.69 LEFT    1.5135E-04   -108.73  1.0293E-03   -102.03
   65.00    105.00    -14.45     2.67     2.75      0.0227     82.17 LEFT    1.2835E-04   -111.85  9.2035E-04   -102.31
   70.00    105.00    -16.08     1.28     1.36      0.0299     82.47 LEFT    1.0627E-04   -115.45  7.8427E-04   -102.47
   75.00    105.00    -18.02    -0.75    -0.67      0.0391     82.53 LEFT    8.5031E-05   -119.42  6.2142E-04   -102.50
   80.00    105.00    -20.57    -3.87    -3.78      0.0519     82.22 LEFT    6.3420E-05   -123.61  4.3377E-04   -102.41
   85.00    105.00    -25.01    -9.57    -9.45      0.0716     81.30 LEFT    3.8022E-05   -127.90  2.2494E-04   -102.20
   90.00    105.00   -999.99  -999.99  -999.99      0.0000      0.00         2.9411E-15   -312.77  1.3508E-14   -281.86
    0.00    110.00     -4.11     4.67     5.21      0.0000     70.00 LINEAR  4.2175E-04    -96.16  1.1588E-03    -96.16
    5.00    110.00     -4.14     4.68     5.22      0.0001     70.10 RIGHT   4.2021E-04    -96.22  1.1607E-03    -96.25
   10.00    110.00     -4.24     4.72     5.24      0.0004     70.39 RIGHT   4.1557E-04    -96.41  1.1664E-03    -96.49
   15.00    110.00     -4.41     4.79     5.28      0.0008     70.86 RIGHT   4.0772E-04    -96.72  1.1748E-03    -96.87
   20.00    110.00     -4.65     4.86     5.32      0.0011     71.50 RIGHT   3.9654E-04    -97.17  1.1848E-03    -97.38
   25.00    110.00     -4.97     4.93     5.35      0.0010     72.27 RIGHT   3.8192E-04    -97.77  1.1943E-03    -97.98
   30.00    110.00     -5.40     4.98     5.36      0.0004     73.15 RIGHT   3.6381E-04    -98.54  1.2009E-03    -98.63
   35.00    110.00     -5.93     4.98     5.32      0.0009     74.10 LEFT    3.4227E-04    -99.50  1.2017E-03    -99.30
   40.00    110.00     -6.58     4.92     5.22      0.0031     75.10 LEFT    3.1754E-04   -100.68  1.1932E-03    -99.96
   45.00    110.00     -7.36     4.76     5.02      0.0063     76.10 LEFT    2.9008E-04   -102.13  1.1718E-03   -100.59
   50.00    110.00     -8.30     4.48     4.70      0.0105     77.07 LEFT    2.6056E-04   -103.91  1.1340E-03   -101.15
   55.00    110.00     -9.38     4.02     4.22      0.0158     77.98 LEFT    2.2985E-04   -106.08  1.0762E-03   -101.63
   60.00    110.00    -10.64     3.35     3.52      0.0223     78.77 LEFT    1.9889E-04   -108.69  9.9545E-04   -102.02
   65.00    110.00    -12.08     2.37     2.52      0.0302     79.40 LEFT    1.6861E-04   -111.79  8.8965E-04   -102.30
   70.00    110.00    -13.72     0.98     1.12      0.0399     79.81 LEFT    1.3958E-04   -115.37  7.5778E-04   -102.45
   75.00    110.00    -15.66    -1.05    -0.90      0.0522     79.88 LEFT    1.1166E-04   -119.33  6.0022E-04   -102.49
   80.00    110.00    -18.20    -4.17    -4.00      0.0692     79.44 LEFT    8.3273E-05   -123.50  4.1887E-04   -102.40
   85.00    110.00    -22.65    -9.88    -9.65      0.0952     78.18 LEFT    4.9922E-05   -127.78  2.1718E-04   -102.18
   90.00    110.00   -999.99  -999.99  -999.99      0.0000      0.00         3.8616E-15   -312.64  1.3041E-14   -281.84
    0.00    115.00     -2.27     4.35     5.21      0.0000     65.00 LINEAR  5.2114E-04    -96.16  1.1176E-03    -96.16
    5.00    115.00     -2.31     4.37     5.21      0.0001     65.12 RIGHT   5.1920E-04    -96.22  1.1194E-03    -96.24
   10.00    115.00     -2.41     4.41     5.23      0.0005     65.46 RIGHT   5.1333E-04    -96.41  1.1246E-03    -96.49
   15.00    115.00     -2.57     4.47     5.25      0.0010     66.03 RIGHT   5.0344E-04    -96.72  1.1323E-03    -96.87
   20.00    115.00     -2.82     4.53     5.27      0.0013     66.79 RIGHT   4.8939E-04    -97.17  1.1413E-03    -97.38
   25.00    115.00     -3.15     4.60     5.27      0.0013     67.72 RIGHT   4.7105E-04    -97.77  1.1497E-03    -97.97
   30.00    115.00     -3.58     4.64     5.25      0.0005     68.79 RIGHT   4.4838E-04    -98.53  1.1553E-03    -98.62
   35.00    115.00     -4.12     4.64     5.18      0.0011     69.95 LEFT    4.2150E-04    -99.48  1.1551E-03    -99.29
   40.00    115.00     -4.78     4.57     5.05      0.0038     71.17 LEFT    3.9074E-04   -100.66  1.1460E-03    -99.95
   45.00    115.00     -5.57     4.41     4.82      0.0077     72.41 LEFT    3.5667E-04   -102.11  1.1246E-03   -100.57
   50.00    115.00     -6.51     4.11     4.48      0.0130     73.61 LEFT    3.2014E-04   -103.88  1.0874E-03   -101.14
   55.00    115.00     -7.60     3.65     3.97      0.0196     74.73 LEFT    2.8222E-04   -106.03  1.0312E-03   -101.62
   60.00    115.00     -8.86     2.97     3.25      0.0278     75.72 LEFT    2.4408E-04   -108.63  9.5313E-04   -102.00
   65.00    115.00    -10.30     1.99     2.24      0.0377     76.50 LEFT    2.0682E-04   -111.72  8.5129E-04   -102.28
   70.00    115.00    -11.95     0.59     0.83      0.0498     77.00 LEFT    1.7116E-04   -115.28  7.2472E-04   -102.44
   75.00    115.00    -13.89    -1.44    -1.20      0.0653     77.07 LEFT    1.3690E-04   -119.22  5.7379E-04   -102.47
   80.00    115.00    -16.43    -4.57    -4.29      0.0864     76.50 LEFT    1.0209E-04   -123.36  4.0030E-04   -102.38
   85.00    115.00    -20.88   -10.27    -9.91      0.1183     74.87 LEFT    6.1198E-05   -127.63  2.0751E-04   -102.16
   90.00    115.00   -999.99  -999.99  -999.99      0.0000      0.00         4.7337E-15   -312.48  1.2460E-14   -281.82
    0.00    120.00     -0.81     3.96     5.21      0.0000     60.00 LINEAR  6.1656E-04    -96.16  1.0679E-03    -96.16
    5.00    120.00     -0.85     3.97     5.21      0.0002     60.13 RIGHT   6.1420E-04    -96.22  1.0695E-03    -96.24
   10.00    120.00     -0.95     4.01     5.21      0.0006     60.53 RIGHT   6.0710E-04    -96.41  1.0742E-03    -96.49
   15.00    120.00     -1.12     4.06     5.21      0.0011     61.17 RIGHT   5.9513E-04    -96.72  1.0811E-03    -96.87
   20.00    120.00     -1.37     4.13     5.21      0.0015     62.04 RIGHT   5.7817E-04    -97.16  1.0890E-03    -97.37
   25.00    120.00     -1.71     4.19     5.18      0.0015     63.10 RIGHT   5.5609E-04    -97.76  1.0963E-03    -97.96
   30.00    120.00     -2.15     4.22     5.12      0.0006     64.33 RIGHT   5.2889E-04    -98.52  1.1006E-03    -98.61
   35.00    120.00     -2.69     4.21     5.02      0.0012     65.69 LEFT    4.9674E-04    -99.46  1.0994E-03    -99.28
   40.00    120.00     -3.36     4.13     4.85      0.0044     67.11 LEFT    4.6006E-04   -100.64  1.0898E-03    -99.94
   45.00    120.00     -4.16     3.96     4.58      0.0090     68.56 LEFT    4.1957E-04   -102.08  1.0684E-03   -100.56
   50.00    120.00     -5.10     3.66     4.20      0.0153     69.98 LEFT    3.7628E-04   -103.84  1.0321E-03   -101.12
   55.00    120.00     -6.20     3.19     3.66      0.0232     71.32 LEFT    3.3145E-04   -105.98  9.7785E-04   -101.60
   60.00    120.00     -7.47     2.50     2.92      0.0331     72.49 LEFT    2.8648E-04   -108.57  9.0311E-04   -101.98
   65.00    120.00     -8.91     1.51     1.89      0.0450     73.42 LEFT    2.4263E-04   -111.63  8.0603E-04   -102.26
   70.00    120.00    -10.56     0.11     0.47      0.0597     74.01 LEFT    2.0073E-04   -115.17  6.8576E-04   -102.42
   75.00    120.00    -12.50    -1.92    -1.56      0.0783     74.08 LEFT    1.6051E-04   -119.08  5.4267E-04   -102.45
   80.00    120.00    -15.05    -5.05    -4.64      0.1034     73.35 LEFT    1.1968E-04   -123.20  3.7845E-04   -102.36
   85.00    120.00    -19.50   -10.76   -10.22      0.1406     71.32 LEFT    7.1738E-05   -127.45  1.9614E-04   -102.14
   90.00    120.00   -999.99  -999.99  -999.99      0.0000      0.00         5.5489E-15   -312.30  1.1777E-14   -281.80
    0.00    125.00      0.38     3.47     5.21      0.0000     55.00 LINEAR  7.0729E-04    -96.16  1.0101E-03    -96.16
    5.00    125.00      0.34     3.49     5.20      0.0002     55.14 RIGHT   7.0451E-04    -96.22  1.0115E-03    -96.24
   10.00    125.00      0.24     3.52     5.19      0.0006     55.57 RIGHT   6.9615E-04    -96.41  1.0156E-03    -96.48
   15.00    125.00      0.06     3.57     5.17      0.0012     56.27 RIGHT   6.8209E-04    -96.71  1.0216E-03    -96.87
   20.00    125.00     -0.19     3.63     5.14      0.0017     57.22 RIGHT   6.6220E-04    -97.16  1.0285E-03    -97.37
   25.00    125.00     -0.54     3.68     5.07      0.0016     58.40 RIGHT   6.3639E-04    -97.75  1.0345E-03    -97.96
   30.00    125.00     -0.98     3.71     4.98      0.0007     59.77 RIGHT   6.0471E-04    -98.50  1.0376E-03    -98.60
   35.00    125.00     -1.54     3.69     4.83      0.0013     61.28 LEFT    5.6738E-04    -99.44  1.0355E-03    -99.27
   40.00    125.00     -2.21     3.60     4.61      0.0049     62.89 LEFT    5.2495E-04   -100.61  1.0253E-03    -99.92
   45.00    125.00     -3.02     3.42     4.31      0.0102     64.54 LEFT    4.7827E-04   -102.04  1.0041E-03   -100.54
   50.00    125.00     -3.97     3.11     3.89      0.0174     66.16 LEFT    4.2851E-04   -103.79  9.6897E-04   -101.10
   55.00    125.00     -5.08     2.64     3.31      0.0266     67.69 LEFT    3.7715E-04   -105.92  9.1714E-04   -101.58
   60.00    125.00     -6.36     1.94     2.54      0.0382     69.04 LEFT    3.2574E-04   -108.49  8.4627E-04   -101.96
   65.00    125.00     -7.80     0.94     1.49      0.0522     70.12 LEFT    2.7574E-04   -111.54  7.5469E-04   -102.24
   70.00    125.00     -9.45    -0.47     0.05      0.0695     70.78 LEFT    2.2803E-04   -115.05  6.4164E-04   -102.39
   75.00    125.00    -11.40    -2.50    -1.98      0.0911     70.83 LEFT    1.8230E-04   -118.93  5.0748E-04   -102.43
   80.00    125.00    -13.95    -5.64    -5.04      0.1200     69.93 LEFT    1.3591E-04   -123.02  3.5377E-04   -102.34
   85.00    125.00    -18.39   -11.35   -10.57      0.1617     67.46 LEFT    8.1459E-05   -127.25  1.8330E-04   -102.12
   90.00    125.00   -999.99  -999.99  -999.99      0.0000      0.00         6.3006E-15   -312.09  1.1005E-14   -281.78
    0.00    130.00      1.37     2.89     5.21      0.0000     50.00 LINEAR  7.9263E-04    -96.16  9.4462E-04    -96.16
    5.00    130.00      1.33     2.90     5.20      0.0002     50.15 RIGHT   7.8944E-04    -96.22  9.4586E-04    -96.24
   10.00    130.00      1.23     2.94     5.17      0.0007     50.60 RIGHT   7.7981E-04    -96.40  9.4935E-04    -96.48
   15.00    130.00      1.04     2.98     5.13      0.0013     51.34 RIGHT   7.6365E-04    -96.71  9.5447E-04    -96.86
   20.00    130.00      0.78     3.03     5.06      0.0018     52.35 RIGHT   7.4085E-04    -97.15  9.6016E-04    -97.36
   25.00    130.00      0.43     3.08     4.96      0.0018     53.60 RIGHT   7.1136E-04    -97.74  9.6493E-04    -97.95
   30.00    130.00     -0.02     3.09     4.82      0.0008     55.07 RIGHT   6.7528E-04    -98.49  9.6691E-04    -98.59
   35.00    130.00     -0.59     3.07     4.62      0.0014     56.71 LEFT    6.3293E-04    -99.42  9.6387E-04    -99.25
   40.00    130.00     -1.27     2.97     4.36      0.0053     58.47 LEFT    5.8495E-04   -100.58  9.5331E-04    -99.91
   45.00    130.00     -2.09     2.78     4.01      0.0111     60.28 LEFT    5.3236E-04   -102.01  9.3257E-04   -100.53
   50.00    130.00     -3.05     2.46     3.54      0.0192     62.09 LEFT    4.7650E-04   -103.75  8.9896E-04   -101.08
   55.00    130.00     -4.17     1.97     2.92      0.0298     63.80 LEFT    4.1900E-04   -105.86  8.4998E-04   -101.56
   60.00    130.00     -5.45     1.27     2.11      0.0430     65.32 LEFT    3.6162E-04   -108.41  7.8353E-04   -101.94
   65.00    130.00     -6.90     0.27     1.03      0.0591     66.52 LEFT    3.0593E-04   -111.44  6.9813E-04   -102.21
   70.00    130.00     -8.55    -1.15    -0.42      0.0789     67.25 LEFT    2.5290E-04   -114.92  5.9312E-04   -102.37
   75.00    130.00    -10.50    -3.19    -2.45      0.1036     67.27 LEFT    2.0213E-04   -118.77  4.6882E-04   -102.40
   80.00    130.00    -13.05    -6.33    -5.49      0.1358     66.17 LEFT    1.5067E-04   -122.83  3.2668E-04   -102.31
   85.00    130.00    -17.50   -12.04   -10.96      0.1809     63.24 LEFT    9.0300E-05   -127.04  1.6922E-04   -102.09
   90.00    130.00   -999.99  -999.99  -999.99      0.0000      0.00         6.9843E-15   -311.87  1.0158E-14   -281.75
    0.00    135.00      2.20     2.20     5.21      0.0000     45.00 LINEAR  8.7195E-04    -96.16  8.7195E-04    -96.16
    5.00    135.00      2.16     2.21     5.19      0.0002     45.15 RIGHT   8.6833E-04    -96.22  8.7299E-04    -96.24
   10.00    135.00      2.05     2.24     5.15      0.0007     45.61 RIGHT   8.5745E-04    -96.40  8.7592E-04    -96.48
   15.00    135.00      1.86     2.28     5.09      0.0013     46.36 RIGHT   8.3922E-04    -96.71  8.8016E-04    -96.86
   20.00    135.00      1.59     2.32     4.98      0.0018     47.40 RIGHT   8.1356E-04    -97.14  8.8475E-04    -97.36
   25.00    135.00      1.23     2.36     4.84      0.0018     48.70 RIGHT   7.8048E-04    -97.73  8.8835E-04    -97.94
   30.00    135.00      0.77     2.37     4.65      0.0009     50.23 RIGHT   7.4013E-04    -98.47  8.8926E-04    -98.58
   35.00    135.00      0.20     2.33     4.41      0.0014     51.95 LEFT    6.9295E-04    -99.40  8.8549E-04    -99.24
   40.00    135.00     -0.49     2.22     4.09      0.0055     53.82 LEFT    6.3971E-04   -100.55  8.7478E-04    -99.89
   45.00    135.00     -1.32     2.02     3.68      0.0119     55.77 LEFT    5.8154E-04   -101.97  8.5474E-04   -100.51
   50.00    135.00     -2.29     1.69     3.15      0.0208     57.73 LEFT    5.1998E-04   -103.70  8.2299E-04   -101.06
   55.00    135.00     -3.42     1.20     2.49      0.0325     59.59 LEFT    4.5681E-04   -105.80  7.7730E-04   -101.54
   60.00    135.00     -4.70     0.48     1.63      0.0473     61.26 LEFT    3.9395E-04   -108.33  7.1582E-04   -101.92
   65.00    135.00     -6.16    -0.53     0.52      0.0655     62.58 LEFT    3.3308E-04   -111.33  6.3722E-04   -102.19
   70.00    135.00     -7.82    -1.95    -0.95      0.0877     63.36 LEFT    2.7523E-04   -114.78  5.4095E-04   -102.34
   75.00    135.00     -9.77    -4.00    -2.98      0.1152     63.32 LEFT    2.1992E-04   -118.60  4.2733E-04   -102.37
   80.00    135.00    -12.32    -7.14    -5.99      0.1503     62.00 LEFT    1.6390E-04   -122.64  2.9763E-04   -102.28
   85.00    135.00    -16.77   -12.86   -11.38      0.1971     58.58 LEFT    9.8226E-05   -126.82  1.5413E-04   -102.06
   90.00    135.00   -999.99  -999.99  -999.99      0.0000      0.00         7.5971E-15   -311.64  9.2518E-15   -281.72
    0.00    140.00      2.89     1.37     5.21      0.0000     40.00 LINEAR  9.4462E-04    -96.16  7.9263E-04    -96.16
    5.00    140.00      2.85     1.38     5.19      0.0002     40.15 RIGHT   9.4060E-04    -96.22  7.9349E-04    -96.24
   10.00    140.00      2.74     1.40     5.13      0.0007     40.60 RIGHT   9.2849E-04    -96.40  7.9588E-04    -96.48
   15.00    140.00      2.55     1.44     5.04      0.0013     41.35 RIGHT   9.0826E-04    -96.70  7.9930E-04    -96.86
   20.00    140.00      2.27     1.48     4.91      0.0018     42.38 RIGHT   8.7984E-04    -97.14  8.0287E-04    -97.35
   25.00    140.00      1.91     1.51     4.72      0.0019     43.68 RIGHT   8.4330E-04    -97.72  8.0542E-04    -97.93
   30.00    140.00      1.44     1.51     4.48      0.0010     45.23 RIGHT   7.9889E-04    -98.46  8.0543E-04    -98.57
   35.00    140.00      0.85     1.46     4.18      0.0014     47.00 LEFT    7.4715E-04    -99.38  8.0112E-04    -99.23
   40.00    140.00      0.15     1.34     3.80      0.0056     48.93 LEFT    6.8896E-04   -100.53  7.9051E-04    -99.88
   45.00    140.00     -0.69     1.13     3.33      0.0123     50.96 LEFT    6.2562E-04   -101.93  7.7150E-04   -100.49
   50.00    140.00     -1.67     0.79     2.75      0.0218     53.02 LEFT    5.5880E-04   -103.65  7.4198E-04   -101.04
   55.00    140.00     -2.80     0.29     2.02      0.0346     55.01 LEFT    4.9045E-04   -105.73  7.0002E-04   -101.51
   60.00    140.00     -4.09    -0.44     1.12      0.0509     56.79 LEFT    4.2263E-04   -108.25  6.4400E-04   -101.89
   65.00    140.00     -5.56    -1.45    -0.03      0.0710     58.20 LEFT    3.5713E-04   -111.22  5.7277E-04   -102.16
   70.00    140.00     -7.22    -2.88    -1.52      0.0956     59.01 LEFT    2.9497E-04   -114.65  4.8587E-04   -102.32
   75.00    140.00     -9.17    -4.94    -3.55      0.1255     58.90 LEFT    2.3564E-04   -118.43  3.8357E-04   -102.35
   80.00    140.00    -11.72    -8.08    -6.52      0.1626     57.35 LEFT    1.7559E-04   -122.44  2.6704E-04   -102.26
   85.00    140.00    -16.17   -13.80   -11.82      0.2091     53.45 LEFT    1.0522E-04   -126.59  1.3825E-04   -102.04
   90.00    140.00   -999.99  -999.99  -999.99      0.0000      0.00         8.1382E-15   -311.41  8.2978E-15   -281.70
    0.00    145.00      3.47     0.38     5.21      0.0000     35.00 LINEAR  1.0101E-03    -96.16  7.0729E-04    -96.16
    5.00    145.00      3.44     0.39     5.18      0.0002     35.14 RIGHT   1.0057E-03    -96.22  7.0797E-04    -96.24
   10.00    145.00      3.32     0.41     5.12      0.0007     35.58 RIGHT   9.9243E-04    -96.40  7.0987E-04    -96.48
   15.00    145.00      3.12     0.44     5.00      0.0013     36.29 RIGHT   9.7028E-04    -96.70  7.1254E-04    -96.85
   20.00    145.00      2.84     0.48     4.83      0.0018     37.29 RIGHT   9.3925E-04    -97.13  7.1522E-04    -97.34
   25.00    145.00      2.47     0.50     4.60      0.0018     38.55 RIGHT   8.9946E-04    -97.71  7.1686E-04    -97.92
   30.00    145.00      1.99     0.49     4.31      0.0010     40.07 RIGHT   8.5125E-04    -98.44  7.1616E-04    -98.56
   35.00    145.00      1.40     0.43     3.95      0.0013     41.82 LEFT    7.9526E-04    -99.36  7.1156E-04    -99.21
   40.00    145.00      0.68     0.31     3.51      0.0056     43.75 LEFT    7.3251E-04   -100.50  7.0135E-04    -99.86
   45.00    145.00     -0.16     0.08     2.97      0.0124     45.82 LEFT    6.6445E-04   -101.89  6.8370E-04   -100.47
   50.00    145.00     -1.15    -0.26     2.32      0.0224     47.93 LEFT    5.9288E-04   -103.60  6.5680E-04   -101.02
   55.00    145.00     -2.29    -0.78     1.54      0.0359     49.99 LEFT    5.1990E-04   -105.67  6.1900E-04   -101.49
   60.00    145.00     -3.59    -1.51     0.58      0.0534     51.84 LEFT    4.4767E-04   -108.16  5.6890E-04   -101.87
   65.00    145.00     -5.06    -2.54    -0.61      0.0753     53.31 LEFT    3.7806E-04   -111.12  5.0553E-04   -102.14
   70.00    145.00     -6.73    -3.97    -2.13      0.1018     54.12 LEFT    3.1214E-04   -114.51  4.2851E-04   -102.29
   75.00    145.00     -8.68    -6.03    -4.15      0.1336     53.92 LEFT    2.4929E-04   -118.27  3.3809E-04   -102.32
   80.00    145.00    -11.23    -9.18    -7.08      0.1713     52.12 LEFT    1.8574E-04   -122.24  2.3527E-04   -102.23
   85.00    145.00    -15.68   -14.90   -12.27      0.2150     47.82 LEFT    1.1130E-04   -126.38  1.2177E-04   -102.01
   90.00    145.00   -999.99  -999.99  -999.99      0.0000      0.00         8.6078E-15   -311.18  7.3080E-15   -281.67
    0.00    150.00      3.96    -0.81     5.21      0.0000     30.00 LINEAR  1.0679E-03    -96.16  6.1656E-04    -96.16
    5.00    150.00      3.92    -0.81     5.18      0.0002     30.13 RIGHT   1.0631E-03    -96.22  6.1709E-04    -96.24
   10.00    150.00      3.80    -0.79     5.10      0.0006     30.53 RIGHT   1.0488E-03    -96.40  6.1856E-04    -96.48
   15.00    150.00      3.60    -0.76     4.96      0.0012     31.20 RIGHT   1.0249E-03    -96.70  6.2057E-04    -96.85
   20.00    150.00      3.31    -0.73     4.76      0.0017     32.12 RIGHT   9.9142E-04    -97.13  6.2249E-04    -97.34
   25.00    150.00      2.93    -0.72     4.49      0.0018     33.31 RIGHT   9.4864E-04    -97.70  6.2341E-04    -97.92
   30.00    150.00      2.44    -0.73     4.15      0.0010     34.75 RIGHT   8.9696E-04    -98.43  6.2222E-04    -98.55
   35.00    150.00      1.84    -0.80     3.73      0.0012     36.42 LEFT    8.3712E-04    -99.34  6.1760E-04    -99.20
   40.00    150.00      1.12    -0.93     3.22      0.0053     38.29 LEFT    7.7028E-04   -100.47  6.0809E-04    -99.84
   45.00    150.00      0.26    -1.16     2.62      0.0121     40.31 LEFT    6.9799E-04   -101.86  5.9215E-04   -100.45
   50.00    150.00     -0.73    -1.52     1.90      0.0222     42.40 LEFT    6.2221E-04   -103.55  5.6825E-04   -101.00
   55.00    150.00     -1.88    -2.05     1.05      0.0361     44.46 LEFT    5.4515E-04   -105.61  5.3501E-04   -101.47
   60.00    150.00     -3.19    -2.79     0.03      0.0545     46.33 LEFT    4.6908E-04   -108.09  4.9124E-04   -101.85
   65.00    150.00     -4.66    -3.82    -1.21      0.0775     47.80 LEFT    3.9593E-04   -111.02  4.3617E-04   -102.11
   70.00    150.00     -6.33    -5.26    -2.75      0.1054     48.59 LEFT    3.2678E-04   -114.39  3.6945E-04   -102.27
   75.00    150.00     -8.28    -7.33    -4.77      0.1380     48.27 LEFT    2.6092E-04   -118.11  2.9133E-04   -102.30
   80.00    150.00    -10.84   -10.48    -7.65      0.1749     46.27 LEFT    1.9439E-04   -122.06  2.0264E-04   -102.20
   85.00    150.00    -15.29   -16.20   -12.71      0.2130     41.71 LEFT    1.1647E-04   -126.17  1.0486E-04   -101.98
   90.00    150.00   -999.99  -999.99  -999.99      0.0000      0.00         9.0077E-15   -310.97  6.2927E-15   -281.64
    0.00    155.00      4.35    -2.27     5.21      0.0000     25.00 LINEAR  1.1176E-03    -96.16  5.2114E-04    -96.16
    5.00    155.00      4.31    -2.27     5.18      0.0001     25.12 RIGHT   1.1125E-03    -96.22  5.2154E-04    -96.24
   10.00    155.00      4.19    -2.25     5.08      0.0005     25.47 RIGHT   1.0972E-03    -96.40  5.2263E-04    -96.48
   15.00    155.00      3.99    -2.22     4.92      0.0011     26.06 RIGHT   1.0716E-03    -96.69  5.2410E-04    -96.85
   20.00    155.00      3.69    -2.20     4.69      0.0015     26.89 RIGHT   1.0360E-03    -97.12  5.2539E-04    -97.33
   25.00    155.00      3.30    -2.20     4.38      0.0016     27.96 RIGHT   9.9061E-04    -97.69  5.2578E-04    -97.91
   30.00    155.00      2.81    -2.22     4.00      0.0009     29.26 RIGHT   9.3585E-04    -98.41  5.2434E-04    -98.54
   35.00    155.00      2.20    -2.29     3.52      0.0010     30.79 LEFT    8.7263E-04    -99.32  5.1997E-04    -99.19
   40.00    155.00      1.47    -2.44     2.95      0.0049     32.52 LEFT    8.0219E-04   -100.45  5.1147E-04    -99.83
   45.00    155.00      0.61    -2.68     2.28      0.0113     34.41 LEFT    7.2623E-04   -101.83  4.9758E-04   -100.44
   50.00    155.00     -0.40    -3.04     1.49      0.0211     36.40 LEFT    6.4682E-04   -103.51  4.7704E-04   -100.99
   55.00    155.00     -1.55    -3.57     0.56      0.0349     38.38 LEFT    5.6628E-04   -105.56  4.4872E-04   -101.45
   60.00    155.00     -2.86    -4.32    -0.52      0.0533     40.18 LEFT    4.8695E-04   -108.02  4.1167E-04   -101.83
   65.00    155.00     -4.34    -5.36    -1.81      0.0767     41.60 LEFT    4.1082E-04   -110.93  3.6524E-04   -102.09
   70.00    155.00     -6.01    -6.81    -3.38      0.1049     42.31 LEFT    3.3895E-04   -114.27  3.0917E-04   -102.24
   75.00    155.00     -7.97    -8.88    -5.39      0.1371     41.89 LEFT    2.7059E-04   -117.97  2.4367E-04   -102.27
   80.00    155.00    -10.53   -12.03    -8.20      0.1710     39.75 LEFT    2.0156E-04   -121.89  1.6943E-04   -102.18
   85.00    155.00    -14.97   -17.76   -13.14      0.2014     35.18 LEFT    1.2077E-04   -125.98  8.7652E-05   -101.96
   90.00    155.00   -999.99  -999.99  -999.99      0.0000      0.00         9.3396E-15   -310.77  5.2596E-15   -281.62
    0.00    160.00      4.67    -4.11     5.21      0.0000     20.00 LINEAR  1.1588E-03    -96.16  4.2175E-04    -96.16
    5.00    160.00      4.63    -4.11     5.17      0.0001     20.10 RIGHT   1.1534E-03    -96.22  4.2204E-04    -96.24
   10.00    160.00      4.50    -4.09     5.07      0.0005     20.40 RIGHT   1.1372E-03    -96.39  4.2283E-04    -96.47
   15.00    160.00      4.30    -4.07     4.89      0.0009     20.89 RIGHT   1.1103E-03    -96.69  4.2384E-04    -96.84
   20.00    160.00      4.00    -4.05     4.63      0.0013     21.59 RIGHT   1.0729E-03    -97.12  4.2467E-04    -97.33
   25.00    160.00      3.60    -4.05     4.29      0.0014     22.50 RIGHT   1.0252E-03    -97.68  4.2471E-04    -97.90
   30.00    160.00      3.10    -4.08     3.86      0.0008     23.62 RIGHT   9.6780E-04    -98.40  4.2324E-04    -98.53
   35.00    160.00      2.49    -4.16     3.34      0.0009     24.94 LEFT    9.0170E-04    -99.31  4.1938E-04    -99.18
   40.00    160.00      1.75    -4.31     2.71      0.0042     26.46 LEFT    8.2825E-04   -100.43  4.1218E-04    -99.82
   45.00    160.00      0.88    -4.56     1.97      0.0100     28.13 LEFT    7.4923E-04   -101.80  4.0065E-04   -100.42
   50.00    160.00     -0.13    -4.93     1.11      0.0189     29.91 LEFT    6.6680E-04   -103.47  3.8379E-04   -100.97
   55.00    160.00     -1.29    -5.47     0.11      0.0318     31.70 LEFT    5.8338E-04   -105.51  3.6072E-04   -101.44
   60.00    160.00     -2.61    -6.22    -1.04      0.0493     33.35 LEFT    5.0138E-04   -107.96  3.3070E-04   -101.81
   65.00    160.00     -4.09    -7.27    -2.39      0.0718     34.63 LEFT    4.2281E-04   -110.85  2.9321E-04   -102.07
   70.00    160.00     -5.76    -8.72    -3.99      0.0987     35.23 LEFT    3.4874E-04   -114.17  2.4806E-04   -102.22
   75.00    160.00     -7.72   -10.79    -5.98      0.1285     34.72 LEFT    2.7836E-04   -117.85  1.9542E-04   -102.25
   80.00    160.00    -10.28   -13.95    -8.73      0.1575     32.59 LEFT    2.0733E-04   -121.74  1.3583E-04   -102.16
   85.00    160.00    -14.73   -19.68   -13.52      0.1790     28.34 LEFT    1.2422E-04   -125.82  7.0258E-05   -101.94
   90.00    160.00   -999.99  -999.99  -999.99      0.0000      0.00         9.6065E-15   -310.60  4.2155E-15   -281.60
    0.00    165.00      4.91    -6.53     5.21      0.0000     15.00 LINEAR  1.1911E-03    -96.16  3.1915E-04    -96.16
    5.00    165.00      4.86    -6.53     5.17      0.0001     15.08 RIGHT   1.1855E-03    -96.22  3.1935E-04    -96.24
   10.00    165.00      4.74    -6.51     5.05      0.0004     15.31 RIGHT   1.1686E-03    -96.39  3.1988E-04    -96.47
   15.00    165.00      4.53    -6.50     4.86      0.0007     15.70 RIGHT   1.1407E-03    -96.69  3.2055E-04    -96.84
   20.00    165.00      4.23    -6.48     4.58      0.0010     16.25 RIGHT   1.1017E-03    -97.11  3.2104E-04    -97.33
   25.00    165.00      3.83    -6.49     4.21      0.0011     16.96 RIGHT   1.0522E-03    -97.67  3.2091E-04    -97.90
   30.00    165.00      3.32    -6.52     3.75      0.0007     17.85 RIGHT   9.9271E-04    -98.39  3.1960E-04    -98.52
   35.00    165.00      2.70    -6.61     3.18      0.0007     18.90 LEFT    9.2433E-04    -99.30  3.1648E-04    -99.17
   40.00    165.00      1.96    -6.76     2.51      0.0034     20.12 LEFT    8.4847E-04   -100.41  3.1084E-04    -99.81
   45.00    165.00      1.08    -7.01     1.71      0.0081     21.48 LEFT    7.6702E-04   -101.78  3.0194E-04   -100.41
   50.00    165.00      0.07    -7.39     0.78      0.0156     22.95 LEFT    6.8222E-04   -103.44  2.8904E-04   -100.96
   55.00    165.00     -1.10    -7.94    -0.28      0.0266     24.44 LEFT    5.9654E-04   -105.47  2.7149E-04   -101.42
   60.00    165.00     -2.42    -8.70    -1.50      0.0419     25.81 LEFT    5.1246E-04   -107.91  2.4875E-04   -101.79
   65.00    165.00     -3.90    -9.75    -2.90      0.0616     26.87 LEFT    4.3201E-04   -110.78  2.2043E-04   -102.06
   70.00    165.00     -5.58   -11.20    -4.53      0.0852     27.33 LEFT    3.5625E-04   -114.09  1.8641E-04   -102.21
   75.00    165.00     -7.54   -13.28    -6.51      0.1103     26.80 LEFT    2.8431E-04   -117.75  1.4679E-04   -102.24
   80.00    165.00    -10.10   -16.44    -9.19      0.1327     24.89 LEFT    2.1175E-04   -121.62  1.0201E-04   -102.14
   85.00    165.00    -14.55   -22.17   -13.85      0.1459     21.31 LEFT    1.2686E-04   -125.69  5.2753E-05   -101.92
   90.00    165.00   -999.99  -999.99  -999.99      0.0000      0.00         9.8108E-15   -310.47  3.1651E-15   -281.58
    0.00    170.00      5.07   -10.00     5.21      0.0000     10.00 LINEAR  1.2144E-03    -96.16  2.1413E-04    -96.16
    5.00    170.00      5.03    -9.99     5.17      0.0001     10.05 RIGHT   1.2086E-03    -96.22  2.1425E-04    -96.24
   10.00    170.00      4.91    -9.98     5.05      0.0002     10.21 RIGHT   1.1913E-03    -96.39  2.1458E-04    -96.47
   15.00    170.00      4.69    -9.97     4.84      0.0005     10.48 RIGHT   1.1625E-03    -96.69  2.1498E-04    -96.84
   20.00    170.00      4.39    -9.95     4.55      0.0007     10.86 RIGHT   1.1224E-03    -97.11  2.1524E-04    -97.32
   25.00    170.00      3.99    -9.96     4.16      0.0008     11.35 RIGHT   1.0715E-03    -97.67  2.1506E-04    -97.89
   30.00    170.00      3.48   -10.00     3.67      0.0005     11.96 RIGHT   1.0105E-03    -98.39  2.1410E-04    -98.52
   35.00    170.00      2.85   -10.09     3.07      0.0005     12.70 LEFT    9.4048E-04    -99.29  2.1191E-04    -99.16
   40.00    170.00      2.11   -10.25     2.35      0.0024     13.55 LEFT    8.6288E-04   -100.40  2.0802E-04    -99.80
   45.00    170.00      1.22   -10.51     1.51      0.0057     14.52 LEFT    7.7967E-04   -101.76  2.0196E-04   -100.41
   50.00    170.00      0.20   -10.89     0.53      0.0112     15.57 LEFT    6.9316E-04   -103.42  1.9324E-04   -100.95
   55.00    170.00     -0.97   -11.44    -0.59      0.0193     16.64 LEFT    6.0587E-04   -105.44  1.8142E-04   -101.41
   60.00    170.00     -2.29   -12.20    -1.87      0.0307     17.63 LEFT    5.2030E-04   -107.87  1.6615E-04   -101.78
   65.00    170.00     -3.77   -13.26    -3.31      0.0457     18.39 LEFT    4.3850E-04   -110.74  1.4718E-04   -102.05
   70.00    170.00     -5.45   -14.72    -4.96      0.0634     18.69 LEFT    3.6154E-04   -114.03  1.2442E-04   -102.20
   75.00    170.00     -7.41   -16.79    -6.94      0.0816     18.25 LEFT    2.8851E-04   -117.67  9.7953E-05   -102.23
   80.00    170.00     -9.97   -19.96    -9.55      0.0965     16.79 LEFT    2.1487E-04   -121.54  6.8055E-05   -102.13
   85.00    170.00    -14.42   -25.68   -14.11      0.1033     14.21 LEFT    1.2872E-04   -125.59  3.5190E-05   -101.91
   90.00    170.00   -999.99  -999.99  -999.99      0.0000      0.00         9.9549E-15   -310.36  2.1113E-15   -281.57
    0.00    175.00      5.17   -15.99     5.21      0.0000      5.00 LINEAR  1.2284E-03    -96.16  1.0747E-04    -96.16
    5.00    175.00      5.13   -15.98     5.17      0.0000      5.03 RIGHT   1.2225E-03    -96.22  1.0753E-04    -96.24
   10.00    175.00      5.01   -15.97     5.04      0.0001      5.11 RIGHT   1.2049E-03    -96.39  1.0769E-04    -96.47
   15.00    175.00      4.79   -15.96     4.83      0.0002      5.24 RIGHT   1.1756E-03    -96.69  1.0787E-04    -96.84
   20.00    175.00      4.49   -15.95     4.52      0.0004      5.44 RIGHT   1.1349E-03    -97.11  1.0798E-04    -97.32
   25.00    175.00      4.08   -15.96     4.12      0.0004      5.69 RIGHT   1.0832E-03    -97.67  1.0787E-04    -97.89
   30.00    175.00      3.57   -16.00     3.62      0.0002      6.00 RIGHT   1.0212E-03    -98.38  1.0735E-04    -98.52
   35.00    175.00      2.94   -16.09     3.00      0.0002      6.38 LEFT    9.5017E-04    -99.28  1.0623E-04    -99.16
   40.00    175.00      2.19   -16.25     2.25      0.0012      6.82 LEFT    8.7151E-04   -100.39  1.0425E-04    -99.80
   45.00    175.00      1.31   -16.51     1.38      0.0030      7.32 LEFT    7.8724E-04   -101.75  1.0118E-04   -100.40
   50.00    175.00      0.28   -16.90     0.37      0.0058      7.87 LEFT    6.9969E-04   -103.41  9.6780E-05   -100.94
   55.00    175.00     -0.89   -17.45    -0.79      0.0102      8.43 LEFT    6.1143E-04   -105.42  9.0834E-05   -101.41
   60.00    175.00     -2.21   -18.21    -2.10      0.0163      8.95 LEFT    5.2496E-04   -107.85  8.3165E-05   -101.78
   65.00    175.00     -3.70   -19.27    -3.58      0.0244      9.35 LEFT    4.4237E-04   -110.71  7.3651E-05   -102.04
   70.00    175.00     -5.37   -20.73    -5.25      0.0340      9.50 LEFT    3.6469E-04   -114.00  6.2249E-05   -102.19
   75.00    175.00     -7.34   -22.81    -7.21      0.0436      9.24 LEFT    2.9100E-04   -117.63  4.9000E-05   -102.22
   80.00    175.00     -9.90   -25.97    -9.79      0.0509      8.45 LEFT    2.1672E-04   -121.48  3.4039E-05   -102.12
   85.00    175.00    -14.35   -31.70   -14.27      0.0535      7.10 LEFT    1.2983E-04   -125.53  1.7600E-05   -101.90
   90.00    175.00   -999.99  -999.99  -999.99      0.0000      0.00         1.0041E-14   -310.30  1.0559E-15   -281.56
    0.00    180.00      5.21  -999.99     5.21      0.0000     -0.00 LINEAR  1.2331E-03    -96.16  1.2586E-14   -276.16
    5.00    180.00      5.17  -999.99     5.17      0.0000     -0.00 LINEAR  1.2272E-03    -96.22  1.2593E-14   -276.24
   10.00    180.00      5.04  -999.99     5.04      0.0000     -0.00 LINEAR  1.2094E-03    -96.39  1.2611E-14   -276.47
   15.00    180.00      4.82  -999.99     4.82      0.0000     -0.00 LINEAR  1.1800E-03    -96.69  1.2632E-14   -276.84
   20.00    180.00      4.52  -999.99     4.52      0.0000     -0.00 LINEAR  1.1391E-03    -97.11  1.2644E-14   -277.32
   25.00    180.00      4.11  -999.99     4.11      0.0000     -0.00 LINEAR  1.0871E-03    -97.67  1.2630E-14   -277.89
   30.00    180.00      3.60  -999.99     3.60      0.0000     -0.00 LINEAR  1.0248E-03    -98.38  1.2568E-14   -278.51
   35.00    180.00      2.97  -999.99     2.97      0.0000     -0.00 LINEAR  9.5340E-04    -99.28  1.2435E-14   -279.16
   40.00    180.00      2.22  -999.99     2.22      0.0000     -0.00 LINEAR  8.7438E-04   -100.39  1.2202E-14   -279.80
   45.00    180.00      1.34  -999.99     1.34      0.0000     -0.00 LINEAR  7.8975E-04   -101.75  1.1842E-14   -280.40
   50.00    180.00      0.31  -999.99     0.31      0.0000     -0.00 LINEAR  7.0186E-04   -103.41  1.1326E-14   -280.94
   55.00    180.00     -0.86  -999.99    -0.86      0.0000     -0.00 LINEAR  6.1328E-04   -105.42  1.0629E-14   -281.41
   60.00    180.00     -2.19  -999.99    -2.19      0.0000     -0.00 LINEAR  5.2652E-04   -107.84  9.7305E-15   -281.78
   65.00    180.00     -3.67  -999.99    -3.67      0.0000     -0.00 LINEAR  4.4365E-04   -110.70  8.6167E-15   -282.04
   70.00    180.00     -5.35  -999.99    -5.35      0.0000     -0.00 LINEAR  3.6574E-04   -113.98  7.2822E-15   -282.19
   75.00    180.00     -7.31  -999.99    -7.31      0.0000     -0.00 LINEAR  2.9183E-04   -117.61  5.7319E-15   -282.22
   80.00    180.00     -9.87  -999.99    -9.87      0.0000     -0.00 LINEAR  2.1733E-04   -121.46  3.9817E-15   -282.12
   85.00    180.00    -14.32  -999.99   -14.32      0.0000     -0.00 LINEAR  1.3020E-04   -125.51  2.0587E-15   -281.90
   90.00    180.00   -999.99  -999.99  -999.99      0.0000      0.00         1.0069E-14   -310.28  1.2351E-25   -101.56
    0.00    185.00      5.17   -15.99     5.21      0.0000     -5.00 LINEAR  1.2284E-03    -96.16  1.0747E-04   -276.16
    5.00    185.00      5.13   -15.98     5.17      0.0000     -5.03 LEFT    1.2225E-03    -96.22  1.0753E-04   -276.24
   10.00    185.00      5.01   -15.97     5.04      0.0001     -5.11 LEFT    1.2049E-03    -96.39  1.0769E-04   -276.47
   15.00    185.00      4.79   -15.96     4.83      0.0002     -5.24 LEFT    1.1756E-03    -96.69  1.0787E-04   -276.84
   20.00    185.00      4.49   -15.95     4.52      0.0004     -5.44 LEFT    1.1349E-03    -97.11  1.0798E-04   -277.32
   25.00    185.00      4.08   -15.96     4.12      0.0004     -5.69 LEFT    1.0832E-03    -97.67  1.0787E-04   -277.89
   30.00    185.00      3.57   -16.00     3.62      0.0002     -6.00 LEFT    1.0212E-03    -98.38  1.0735E-04   -278.52
   35.00    185.00      2.94   -16.09     3.00      0.0002     -6.38 RIGHT   9.5017E-04    -99.28  1.0623E-04   -279.16
   40.00    185.00      2.19   -16.25     2.25      0.0012     -6.82 RIGHT   8.7151E-04   -100.39  1.0425E-04   -279.80
   45.00    185.00      1.31   -16.51     1.38      0.0030     -7.32 RIGHT   7.8724E-04   -101.75  1.0118E-04   -280.40
   50.00    185.00      0.28   -16.90     0.37      0.0058     -7.87 RIGHT   6.9969E-04   -103.41  9.6780E-05   -280.94
   55.00    185.00     -0.89   -17.45    -0.79      0.0102     -8.43 RIGHT   6.1143E-04   -105.42  9.0834E-05   -281.41
   60.00    185.00     -2.21   -18.21    -2.10      0.0163     -8.95 RIGHT   5.2496E-04   -107.85  8.3165E-05   -281.78
   65.00    185.00     -3.70   -19.27    -3.58      0.0244     -9.35 RIGHT   4.4237E-04   -110.71  7.3651E-05   -282.04
   70.00    185.00     -5.37   -20.73    -5.25      0.0340     -9.50 RIGHT   3.6469E-04   -114.00  6.2249E-05   -282.19
   75.00    185.00     -7.34   -22.81    -7.21      0.0436     -9.24 RIGHT   2.9100E-04   -117.63  4.9000E-05   -282.22
   80.00    185.00     -9.90   -25.97    -9.79      0.0509     -8.45 RIGHT   2.1672E-04   -121.48  3.4039E-05   -282.12
   85.00    185.00    -14.35   -31.70   -14.27      0.0535     -7.10 RIGHT   1.2983E-04   -125.53  1.7600E-05   -281.90
   90.00    185.00   -999.99  -999.99  -999.99      0.0000      0.00         1.0041E-14   -310.30  1.0559E-15   -101.56
    0.00    190.00      5.07   -10.00     5.21      0.0000    -10.00 LINEAR  1.2144E-03    -96.16  2.1413E-04   -276.16
    5.00    190.00      5.03    -9.99     5.17      0.0001    -10.05 LEFT    1.2086E-03    -96.22  2.1425E-04   -276.24
   10.00    190.00      4.91    -9.98     5.05      0.0002    -10.21 LEFT    1.1913E-03    -96.39  2.1458E-04   -276.47
   15.00    190.00      4.69    -9.97     4.84      0.0005    -10.48 LEFT    1.1625E-03    -96.69  2.1498E-04   -276.84
   20.00    190.00      4.39    -9.95     4.55      0.0007    -10.86 LEFT    1.1224E-03    -97.11  2.1524E-04   -277.32
   25.00    190.00      3.99    -9.96     4.16      0.0008    -11.35 LEFT    1.0715E-03    -97.67  2.1506E-04   -277.89
   30.00    190.00      3.48   -10.00     3.67      0.0005    -11.96 LEFT    1.0105E-03    -98.39  2.1410E-04   -278.52
   35.00    190.00      2.85   -10.09     3.07      0.0005    -12.70 RIGHT   9.4048E-04    -99.29  2.1191E-04   -279.16
   40.00    190.00      2.11   -10.25     2.35      0.0024    -13.55 RIGHT   8.6288E-04   -100.40  2.0802E-04   -279.80
   45.00    190.00      1.22   -10.51     1.51      0.0057    -14.52 RIGHT   7.7967E-04   -101.76  2.0196E-04   -280.41
   50.00    190.00      0.20   -10.89     0.53      0.0112    -15.57 RIGHT   6.9316E-04   -103.42  1.9324E-04   -280.95
   55.00    190.00     -0.97   -11.44    -0.59      0.0193    -16.64 RIGHT   6.0587E-04   -105.44  1.8142E-04   -281.41
   60.00    190.00     -2.29   -12.20    -1.87      0.0307    -17.63 RIGHT   5.2030E-04   -107.87  1.6615E-04   -281.78
   65.00    190.00     -3.77   -13.26    -3.31      0.0457    -18.39 RIGHT   4.3850E-04   -110.74  1.4718E-04   -282.05
   70.00    190.00     -5.45   -14.72    -4.96      0.0634    -18.69 RIGHT   3.6154E-04   -114.03  1.2442E-04   -282.20
   75.00    190.00     -7.41   -16.79    -6.94      0.0816    -18.25 RIGHT   2.8851E-04   -117.67  9.7953E-05   -282.23
   80.00    190.00     -9.97   -19.96    -9.55      0.0965    -16.79 RIGHT   2.1487E-04   -121.54  6.8055E-05   -282.13
   85.00    190.00    -14.42   -25.68   -14.11      0.1033    -14.21 RIGHT   1.2872E-04   -125.59  3.5190E-05   -281.91
   90.00    190.00   -999.99  -999.99  -999.99      0.0000      0.00         9.9548E-15   -310.36  2.1112E-15   -101.56
    0.00    195.00      4.91    -6.53     5.21      0.0000    -15.00 LINEAR  1.1911E-03    -96.16  3.1915E-04   -276.16
    5.00    195.00      4.86    -6.53     5.17      0.0001    -15.08 LEFT    1.1855E-03    -96.22  3.1935E-04   -276.24
   10.00    195.00      4.74    -6.51     5.05      0.0004    -15.31 LEFT    1.1686E-03    -96.39  3.1988E-04   -276.47
   15.00    195.00      4.53    -6.50     4.86      0.0007    -15.70 LEFT    1.1407E-03    -96.69  3.2055E-04   -276.84
   20.00    195.00      4.23    -6.48     4.58      0.0010    -16.25 LEFT    1.1017E-03    -97.11  3.2104E-04   -277.33
   25.00    195.00      3.83    -6.49     4.21      0.0011    -16.96 LEFT    1.0522E-03    -97.67  3.2091E-04   -277.90
   30.00    195.00      3.32    -6.52     3.75      0.0007    -17.85 LEFT    9.9271E-04    -98.39  3.1960E-04   -278.52
   35.00    195.00      2.70    -6.61     3.18      0.0007    -18.90 RIGHT   9.2433E-04    -99.30  3.1648E-04   -279.17
   40.00    195.00      1.96    -6.76     2.51      0.0034    -20.12 RIGHT   8.4847E-04   -100.41  3.1084E-04   -279.81
   45.00    195.00      1.08    -7.01     1.71      0.0081    -21.48 RIGHT   7.6702E-04   -101.78  3.0194E-04   -280.41
   50.00    195.00      0.07    -7.39     0.78      0.0156    -22.95 RIGHT   6.8222E-04   -103.44  2.8904E-04   -280.96
   55.00    195.00     -1.10    -7.94    -0.28      0.0266    -24.44 RIGHT   5.9654E-04   -105.47  2.7149E-04   -281.42
   60.00    195.00     -2.42    -8.70    -1.50      0.0419    -25.81 RIGHT   5.1246E-04   -107.91  2.4875E-04   -281.79
   65.00    195.00     -3.90    -9.75    -2.90      0.0616    -26.87 RIGHT   4.3201E-04   -110.78  2.2043E-04   -282.06
   70.00    195.00     -5.58   -11.20    -4.53      0.0852    -27.33 RIGHT   3.5625E-04   -114.09  1.8641E-04   -282.21
   75.00    195.00     -7.54   -13.28    -6.51      0.1103    -26.80 RIGHT   2.8431E-04   -117.75  1.4679E-04   -282.24
   80.00    195.00    -10.10   -16.44    -9.19      0.1327    -24.89 RIGHT   2.1175E-04   -121.62  1.0201E-04   -282.14
   85.00    195.00    -14.55   -22.17   -13.85      0.1459    -21.31 RIGHT   1.2686E-04   -125.69  5.2753E-05   -281.92
   90.00    195.00   -999.99  -999.99  -999.99      0.0000      0.00         9.8108E-15   -310.46  3.1650E-15   -101.58
    0.00    200.00      4.67    -4.11     5.21      0.0000    -20.00 LINEAR  1.1588E-03    -96.16  4.2175E-04   -276.16
    5.00    200.00      4.63    -4.11     5.17      0.0001    -20.10 LEFT    1.1534E-03    -96.22  4.2204E-04   -276.24
   10.00    200.00      4.50    -4.09     5.07      0.0005    -20.40 LEFT    1.1372E-03    -96.39  4.2283E-04   -276.47
   15.00    200.00      4.30    -4.07     4.89      0.0009    -20.89 LEFT    1.1103E-03    -96.69  4.2384E-04   -276.84
   20.00    200.00      4.00    -4.05     4.63      0.0013    -21.59 LEFT    1.0729E-03    -97.12  4.2467E-04   -277.33
   25.00    200.00      3.60    -4.05     4.29      0.0014    -22.50 LEFT    1.0252E-03    -97.68  4.2471E-04   -277.90
   30.00    200.00      3.10    -4.08     3.86      0.0008    -23.62 LEFT    9.6780E-04    -98.40  4.2324E-04   -278.53
   35.00    200.00      2.49    -4.16     3.34      0.0009    -24.94 RIGHT   9.0170E-04    -99.31  4.1938E-04   -279.18
   40.00    200.00      1.75    -4.31     2.71      0.0042    -26.46 RIGHT   8.2825E-04   -100.43  4.1218E-04   -279.82
   45.00    200.00      0.88    -4.56     1.97      0.0100    -28.13 RIGHT   7.4923E-04   -101.80  4.0065E-04   -280.42
   50.00    200.00     -0.13    -4.93     1.11      0.0189    -29.91 RIGHT   6.6680E-04   -103.47  3.8379E-04   -280.97
   55.00    200.00     -1.29    -5.47     0.11      0.0318    -31.70 RIGHT   5.8338E-04   -105.51  3.6072E-04   -281.44
   60.00    200.00     -2.61    -6.22    -1.04      0.0493    -33.35 RIGHT   5.0138E-04   -107.96  3.3070E-04   -281.81
   65.00    200.00     -4.09    -7.27    -2.39      0.0718    -34.63 RIGHT   4.2281E-04   -110.85  2.9321E-04   -282.07
   70.00    200.00     -5.76    -8.72    -3.99      0.0987    -35.23 RIGHT   3.4874E-04   -114.17  2.4806E-04   -282.22
   75.00    200.00     -7.72   -10.79    -5.98      0.1285    -34.72 RIGHT   2.7836E-04   -117.85  1.9542E-04   -282.25
   80.00    200.00    -10.28   -13.95    -8.73      0.1575    -32.59 RIGHT   2.0733E-04   -121.74  1.3583E-04   -282.16
   85.00    200.00    -14.73   -19.68   -13.52      0.1790    -28.34 RIGHT   1.2422E-04   -125.82  7.0258E-05   -281.94
   90.00    200.00   -999.99  -999.99  -999.99      0.0000      0.00         9.6066E-15   -310.60  4.2156E-15   -101.60
    0.00    205.00      4.35    -2.27     5.21      0.0000    -25.00 LINEAR  1.1176E-03    -96.16  5.2114E-04   -276.16
    5.00    205.00      4.31    -2.27     5.18      0.0001    -25.12 LEFT    1.1125E-03    -96.22  5.2154E-04   -276.24
   10.00    205.00      4.19    -2.25     5.08      0.0005    -25.47 LEFT    1.0972E-03    -96.40  5.2263E-04   -276.48
   15.00    205.00      3.99    -2.22     4.92      0.0011    -26.06 LEFT    1.0716E-03    -96.69  5.2410E-04   -276.85
   20.00    205.00      3.69    -2.20     4.69      0.0015    -26.89 LEFT    1.0360E-03    -97.12  5.2539E-04   -277.33
   25.00    205.00      3.30    -2.20     4.38      0.0016    -27.96 LEFT    9.9061E-04    -97.69  5.2578E-04   -277.91
   30.00    205.00      2.81    -2.22     4.00      0.0009    -29.26 LEFT    9.3585E-04    -98.41  5.2434E-04   -278.54
   35.00    205.00      2.20    -2.29     3.52      0.0010    -30.79 RIGHT   8.7263E-04    -99.32  5.1997E-04   -279.19
   40.00    205.00      1.47    -2.44     2.95      0.0049    -32.52 RIGHT   8.0219E-04   -100.45  5.1147E-04   -279.83
   45.00    205.00      0.61    -2.68     2.28      0.0113    -34.41 RIGHT   7.2623E-04   -101.83  4.9758E-04   -280.44
   50.00    205.00     -0.40    -3.04     1.49      0.0211    -36.40 RIGHT   6.4682E-04   -103.51  4.7704E-04   -280.99
   55.00    205.00     -1.55    -3.57     0.56      0.0349    -38.38 RIGHT   5.6628E-04   -105.56  4.4872E-04   -281.45
   60.00    205.00     -2.86    -4.32    -0.52      0.0533    -40.18 RIGHT   4.8695E-04   -108.02  4.1167E-04   -281.83
   65.00    205.00     -4.34    -5.36    -1.81      0.0767    -41.60 RIGHT   4.1082E-04   -110.93  3.6524E-04   -282.09
   70.00    205.00     -6.01    -6.81    -3.38      0.1049    -42.31 RIGHT   3.3895E-04   -114.27  3.0917E-04   -282.24
   75.00    205.00     -7.97    -8.88    -5.39      0.1371    -41.89 RIGHT   2.7059E-04   -117.97  2.4367E-04   -282.27
   80.00    205.00    -10.53   -12.03    -8.20      0.1710    -39.75 RIGHT   2.0156E-04   -121.89  1.6943E-04   -282.18
   85.00    205.00    -14.97   -17.76   -13.14      0.2014    -35.18 RIGHT   1.2077E-04   -125.98  8.7652E-05   -281.96
   90.00    205.00   -999.99  -999.99  -999.99      0.0000      0.00         9.3396E-15   -310.77  5.2595E-15   -101.62
    0.00    210.00      3.96    -0.81     5.21      0.0000    -30.00 LINEAR  1.0679E-03    -96.16  6.1656E-04   -276.16
    5.00    210.00      3.92    -0.81     5.18      0.0002    -30.13 LEFT    1.0631E-03    -96.22  6.1709E-04   -276.24
   10.00    210.00      3.80    -0.79     5.10      0.0006    -30.53 LEFT    1.0488E-03    -96.40  6.1856E-04   -276.48
   15.00    210.00      3.60    -0.76     4.96      0.0012    -31.20 LEFT    1.0249E-03    -96.70  6.2057E-04   -276.85
   20.00    210.00      3.31    -0.73     4.76      0.0017    -32.12 LEFT    9.9142E-04    -97.13  6.2249E-04   -277.34
   25.00    210.00      2.93    -0.72     4.49      0.0018    -33.31 LEFT    9.4864E-04    -97.70  6.2341E-04   -277.92
   30.00    210.00      2.44    -0.73     4.15      0.0010    -34.75 LEFT    8.9696E-04    -98.43  6.2222E-04   -278.55
   35.00    210.00      1.84    -0.80     3.73      0.0012    -36.42 RIGHT   8.3712E-04    -99.34  6.1760E-04   -279.20
   40.00    210.00      1.12    -0.93     3.22      0.0053    -38.29 RIGHT   7.7028E-04   -100.47  6.0809E-04   -279.84
   45.00    210.00      0.26    -1.16     2.62      0.0121    -40.31 RIGHT   6.9799E-04   -101.86  5.9215E-04   -280.45
   50.00    210.00     -0.73    -1.52     1.90      0.0222    -42.40 RIGHT   6.2221E-04   -103.55  5.6825E-04   -281.00
   55.00    210.00     -1.88    -2.05     1.05      0.0361    -44.46 RIGHT   5.4515E-04   -105.61  5.3501E-04   -281.47
   60.00    210.00     -3.19    -2.79     0.03      0.0545    -46.33 RIGHT   4.6908E-04   -108.09  4.9124E-04   -281.85
   65.00    210.00     -4.66    -3.82    -1.21      0.0775    -47.80 RIGHT   3.9593E-04   -111.02  4.3617E-04   -282.11
   70.00    210.00     -6.33    -5.26    -2.75      0.1054    -48.59 RIGHT   3.2678E-04   -114.39  3.6945E-04   -282.27
   75.00    210.00     -8.28    -7.33    -4.77      0.1380    -48.27 RIGHT   2.6092E-04   -118.11  2.9133E-04   -282.30
   80.00    210.00    -10.84   -10.48    -7.65      0.1749    -46.27 RIGHT   1.9439E-04   -122.06  2.0264E-04   -282.20
   85.00    210.00    -15.29   -16.20   -12.71      0.2130    -41.71 RIGHT   1.1647E-04   -126.17  1.0486E-04   -281.98
   90.00    210.00   -999.99  -999.99  -999.99      0.0000      0.00         9.0075E-15   -310.97  6.2925E-15   -101.64
    0.00    215.00      3.47     0.38     5.21      0.0000    -35.00 LINEAR  1.0101E-03    -96.16  7.0729E-04   -276.16
    5.00    215.00      3.44     0.39     5.18      0.0002    -35.14 LEFT    1.0057E-03    -96.22  7.0797E-04   -276.24
   10.00    215.00      3.32     0.41     5.12      0.0007    -35.58 LEFT    9.9243E-04    -96.40  7.0987E-04   -276.48
   15.00    215.00      3.12     0.44     5.00      0.0013    -36.29 LEFT    9.7028E-04    -96.70  7.1254E-04   -276.85
   20.00    215.00      2.84     0.48     4.83      0.0018    -37.29 LEFT    9.3925E-04    -97.13  7.1522E-04   -277.34
   25.00    215.00      2.47     0.50     4.60      0.0018    -38.55 LEFT    8.9946E-04    -97.71  7.1686E-04   -277.92
   30.00    215.00      1.99     0.49     4.31      0.0010    -40.07 LEFT    8.5125E-04    -98.44  7.1616E-04   -278.56
   35.00    215.00      1.40     0.43     3.95      0.0013    -41.82 RIGHT   7.9526E-04    -99.36  7.1156E-04   -279.21
   40.00    215.00      0.68     0.31     3.51      0.0056    -43.75 RIGHT   7.3251E-04   -100.50  7.0135E-04   -279.86
   45.00    215.00     -0.16     0.08     2.97      0.0124    -45.82 RIGHT   6.6445E-04   -101.89  6.8370E-04   -280.47
   50.00    215.00     -1.15    -0.26     2.32      0.0224    -47.93 RIGHT   5.9288E-04   -103.60  6.5680E-04   -281.02
   55.00    215.00     -2.29    -0.78     1.54      0.0359    -49.99 RIGHT   5.1990E-04   -105.67  6.1900E-04   -281.49
   60.00    215.00     -3.59    -1.51     0.58      0.0534    -51.84 RIGHT   4.4767E-04   -108.16  5.6890E-04   -281.87
   65.00    215.00     -5.06    -2.54    -0.61      0.0753    -53.31 RIGHT   3.7806E-04   -111.12  5.0553E-04   -282.14
   70.00    215.00     -6.73    -3.97    -2.13      0.1018    -54.12 RIGHT   3.1214E-04   -114.51  4.2851E-04   -282.29
   75.00    215.00     -8.68    -6.03    -4.15      0.1336    -53.92 RIGHT   2.4929E-04   -118.27  3.3809E-04   -282.32
   80.00    215.00    -11.23    -9.18    -7.08      0.1713    -52.12 RIGHT   1.8574E-04   -122.24  2.3527E-04   -282.23
   85.00    215.00    -15.68   -14.90   -12.27      0.2150    -47.82 RIGHT   1.1130E-04   -126.38  1.2177E-04   -282.01
   90.00    215.00   -999.99  -999.99  -999.99      0.0000      0.00         8.6079E-15   -311.18  7.3080E-15   -101.66
    0.00    220.00      2.89     1.37     5.21      0.0000    -40.00 LINEAR  9.4462E-04    -96.16  7.9263E-04   -276.16
    5.00    220.00      2.85     1.38     5.19      0.0002    -40.15 LEFT    9.4060E-04    -96.22  7.9349E-04   -276.24
   10.00    220.00      2.74     1.40     5.13      0.0007    -40.60 LEFT    9.2849E-04    -96.40  7.9588E-04   -276.48
   15.00    220.00      2.55     1.44     5.04      0.0013    -41.35 LEFT    9.0826E-04    -96.70  7.9930E-04   -276.86
   20.00    220.00      2.27     1.48     4.91      0.0018    -42.38 LEFT    8.7984E-04    -97.14  8.0287E-04   -277.35
   25.00    220.00      1.91     1.51     4.72      0.0019    -43.68 LEFT    8.4330E-04    -97.72  8.0542E-04   -277.93
   30.00    220.00      1.44     1.51     4.48      0.0010    -45.23 LEFT    7.9889E-04    -98.46  8.0543E-04   -278.57
   35.00    220.00      0.85     1.46     4.18      0.0014    -47.00 RIGHT   7.4715E-04    -99.38  8.0112E-04   -279.23
   40.00    220.00      0.15     1.34     3.80      0.0056    -48.93 RIGHT   6.8896E-04   -100.53  7.9051E-04   -279.88
   45.00    220.00     -0.69     1.13     3.33      0.0123    -50.96 RIGHT   6.2562E-04   -101.93  7.7150E-04   -280.49
   50.00    220.00     -1.67     0.79     2.75      0.0218    -53.02 RIGHT   5.5880E-04   -103.65  7.4198E-04   -281.04
   55.00    220.00     -2.80     0.29     2.02      0.0346    -55.01 RIGHT   4.9045E-04   -105.73  7.0002E-04   -281.51
   60.00    220.00     -4.09    -0.44     1.12      0.0509    -56.79 RIGHT   4.2263E-04   -108.25  6.4400E-04   -281.89
   65.00    220.00     -5.56    -1.45    -0.03      0.0710    -58.20 RIGHT   3.5713E-04   -111.22  5.7277E-04   -282.16
   70.00    220.00     -7.22    -2.88    -1.52      0.0956    -59.01 RIGHT   2.9497E-04   -114.65  4.8587E-04   -282.32
   75.00    220.00     -9.17    -4.94    -3.55      0.1255    -58.90 RIGHT   2.3564E-04   -118.43  3.8357E-04   -282.35
   80.00    220.00    -11.72    -8.08    -6.52      0.1626    -57.35 RIGHT   1.7559E-04   -122.44  2.6704E-04   -282.26
   85.00    220.00    -16.17   -13.80   -11.82      0.2091    -53.45 RIGHT   1.0522E-04   -126.59  1.3825E-04   -282.04
   90.00    220.00   -999.99  -999.99  -999.99      0.0000      0.00         8.1382E-15   -311.41  8.2978E-15   -101.69
    0.00    225.00      2.20     2.20     5.21      0.0000    -45.00 LINEAR  8.7195E-04    -96.16  8.7195E-04   -276.16
    5.00    225.00      2.16     2.21     5.19      0.0002    -45.15 LEFT    8.6833E-04    -96.22  8.7299E-04   -276.24
   10.00    225.00      2.05     2.24     5.15      0.0007    -45.61 LEFT    8.5745E-04    -96.40  8.7592E-04   -276.48
   15.00    225.00      1.86     2.28     5.09      0.0013    -46.36 LEFT    8.3922E-04    -96.71  8.8016E-04   -276.86
   20.00    225.00      1.59     2.32     4.98      0.0018    -47.40 LEFT    8.1356E-04    -97.14  8.8475E-04   -277.36
   25.00    225.00      1.23     2.36     4.84      0.0018    -48.70 LEFT    7.8048E-04    -97.73  8.8835E-04   -277.94
   30.00    225.00      0.77     2.37     4.65      0.0009    -50.23 LEFT    7.4013E-04    -98.47  8.8926E-04   -278.58
   35.00    225.00      0.20     2.33     4.41      0.0014    -51.95 RIGHT   6.9295E-04    -99.40  8.8549E-04   -279.24
   40.00    225.00     -0.49     2.22     4.09      0.0055    -53.82 RIGHT   6.3971E-04   -100.55  8.7478E-04   -279.89
   45.00    225.00     -1.32     2.02     3.68      0.0119    -55.77 RIGHT   5.8154E-04   -101.97  8.5474E-04   -280.51
   50.00    225.00     -2.29     1.69     3.15      0.0208    -57.73 RIGHT   5.1998E-04   -103.70  8.2299E-04   -281.06
   55.00    225.00     -3.42     1.20     2.49      0.0325    -59.59 RIGHT   4.5681E-04   -105.80  7.7730E-04   -281.54
   60.00    225.00     -4.70     0.48     1.63      0.0473    -61.26 RIGHT   3.9395E-04   -108.33  7.1582E-04   -281.92
   65.00    225.00     -6.16    -0.53     0.52      0.0655    -62.58 RIGHT   3.3308E-04   -111.33  6.3722E-04   -282.19
   70.00    225.00     -7.82    -1.95    -0.95      0.0877    -63.36 RIGHT   2.7523E-04   -114.78  5.4095E-04   -282.34
   75.00    225.00     -9.77    -4.00    -2.98      0.1152    -63.32 RIGHT   2.1992E-04   -118.60  4.2733E-04   -282.37
   80.00    225.00    -12.32    -7.14    -5.99      0.1503    -62.00 RIGHT   1.6390E-04   -122.64  2.9763E-04   -282.28
   85.00    225.00    -16.77   -12.86   -11.38      0.1971    -58.58 RIGHT   9.8226E-05   -126.82  1.5413E-04   -282.06
   90.00    225.00   -999.99  -999.99  -999.99      0.0000      0.00         7.5971E-15   -311.64  9.2520E-15   -101.72
    0.00    230.00      1.37     2.89     5.21      0.0000    -50.00 LINEAR  7.9263E-04    -96.16  9.4462E-04   -276.16
    5.00    230.00      1.33     2.90     5.20      0.0002    -50.15 LEFT    7.8944E-04    -96.22  9.4586E-04   -276.24
   10.00    230.00      1.23     2.94     5.17      0.0007    -50.60 LEFT    7.7981E-04    -96.40  9.4935E-04   -276.48
   15.00    230.00      1.04     2.98     5.13      0.0013    -51.34 LEFT    7.6365E-04    -96.71  9.5447E-04   -276.86
   20.00    230.00      0.78     3.03     5.06      0.0018    -52.35 LEFT    7.4085E-04    -97.15  9.6016E-04   -277.36
   25.00    230.00      0.43     3.08     4.96      0.0018    -53.60 LEFT    7.1136E-04    -97.74  9.6493E-04   -277.95
   30.00    230.00     -0.02     3.09     4.82      0.0008    -55.07 LEFT    6.7528E-04    -98.49  9.6691E-04   -278.59
   35.00    230.00     -0.59     3.07     4.62      0.0014    -56.71 RIGHT   6.3293E-04    -99.42  9.6387E-04   -279.25
   40.00    230.00     -1.27     2.97     4.36      0.0053    -58.47 RIGHT   5.8495E-04   -100.58  9.5331E-04   -279.91
   45.00    230.00     -2.09     2.78     4.01      0.0111    -60.28 RIGHT   5.3236E-04   -102.01  9.3257E-04   -280.53
   50.00    230.00     -3.05     2.46     3.54      0.0192    -62.09 RIGHT   4.7650E-04   -103.75  8.9896E-04   -281.08
   55.00    230.00     -4.17     1.97     2.92      0.0298    -63.80 RIGHT   4.1900E-04   -105.86  8.4998E-04   -281.56
   60.00    230.00     -5.45     1.27     2.11      0.0430    -65.32 RIGHT   3.6162E-04   -108.41  7.8353E-04   -281.94
   65.00    230.00     -6.90     0.27     1.03      0.0591    -66.52 RIGHT   3.0593E-04   -111.44  6.9813E-04   -282.21
   70.00    230.00     -8.55    -1.15    -0.42      0.0789    -67.25 RIGHT   2.5290E-04   -114.92  5.9312E-04   -282.37
   75.00    230.00    -10.50    -3.19    -2.45      0.1036    -67.27 RIGHT   2.0213E-04   -118.77  4.6882E-04   -282.40
   80.00    230.00    -13.05    -6.33    -5.49      0.1358    -66.17 RIGHT   1.5067E-04   -122.83  3.2668E-04   -282.31
   85.00    230.00    -17.50   -12.04   -10.96      0.1809    -63.24 RIGHT   9.0300E-05   -127.04  1.6922E-04   -282.09
   90.00    230.00   -999.99  -999.99  -999.99      0.0000      0.00         6.9842E-15   -311.87  1.0159E-14   -101.75
    0.00    235.00      0.38     3.47     5.21      0.0000    -55.00 LINEAR  7.0729E-04    -96.16  1.0101E-03   -276.16
    5.00    235.00      0.34     3.49     5.20      0.0002    -55.14 LEFT    7.0451E-04    -96.22  1.0115E-03   -276.24
   10.00    235.00      0.24     3.52     5.19      0.0006    -55.57 LEFT    6.9615E-04    -96.41  1.0156E-03   -276.48
   15.00    235.00      0.06     3.57     5.17      0.0012    -56.27 LEFT    6.8209E-04    -96.71  1.0216E-03   -276.87
   20.00    235.00     -0.19     3.63     5.14      0.0017    -57.22 LEFT    6.6220E-04    -97.16  1.0285E-03   -277.37
   25.00    235.00     -0.54     3.68     5.07      0.0016    -58.40 LEFT    6.3639E-04    -97.75  1.0345E-03   -277.96
   30.00    235.00     -0.98     3.71     4.98      0.0007    -59.77 LEFT    6.0471E-04    -98.50  1.0376E-03   -278.60
   35.00    235.00     -1.54     3.69     4.83      0.0013    -61.28 RIGHT   5.6738E-04    -99.44  1.0355E-03   -279.27
   40.00    235.00     -2.21     3.60     4.61      0.0049    -62.89 RIGHT   5.2495E-04   -100.61  1.0253E-03   -279.92
   45.00    235.00     -3.02     3.42     4.31      0.0102    -64.54 RIGHT   4.7827E-04   -102.04  1.0041E-03   -280.54
   50.00    235.00     -3.97     3.11     3.89      0.0174    -66.16 RIGHT   4.2851E-04   -103.79  9.6897E-04   -281.10
   55.00    235.00     -5.08     2.64     3.31      0.0266    -67.69 RIGHT   3.7715E-04   -105.92  9.1714E-04   -281.58
   60.00    235.00     -6.36     1.94     2.54      0.0382    -69.04 RIGHT   3.2574E-04   -108.49  8.4627E-04   -281.96
   65.00    235.00     -7.80     0.94     1.49      0.0522    -70.12 RIGHT   2.7574E-04   -111.54  7.5469E-04   -282.24
   70.00    235.00     -9.45    -0.47     0.05      0.0695    -70.78 RIGHT   2.2803E-04   -115.05  6.4164E-04   -282.39
   75.00    235.00    -11.40    -2.50    -1.98      0.0911    -70.83 RIGHT   1.8230E-04   -118.93  5.0748E-04   -282.43
   80.00    235.00    -13.95    -5.64    -5.04      0.1200    -69.93 RIGHT   1.3591E-04   -123.02  3.5377E-04   -282.34
   85.00    235.00    -18.39   -11.35   -10.57      0.1617    -67.46 RIGHT   8.1459E-05   -127.25  1.8330E-04   -282.12
   90.00    235.00   -999.99  -999.99  -999.99      0.0000      0.00         6.3007E-15   -312.09  1.1005E-14   -101.78
    0.00    240.00     -0.81     3.96     5.21      0.0000    -60.00 LINEAR  6.1656E-04    -96.16  1.0679E-03   -276.16
    5.00    240.00     -0.85     3.97     5.21      0.0002    -60.13 LEFT    6.1420E-04    -96.22  1.0695E-03   -276.24
   10.00    240.00     -0.95     4.01     5.21      0.0006    -60.53 LEFT    6.0710E-04    -96.41  1.0742E-03   -276.49
   15.00    240.00     -1.12     4.06     5.21      0.0011    -61.17 LEFT    5.9513E-04    -96.72  1.0811E-03   -276.87
   20.00    240.00     -1.37     4.13     5.21      0.0015    -62.04 LEFT    5.7817E-04    -97.16  1.0890E-03   -277.37
   25.00    240.00     -1.71     4.19     5.18      0.0015    -63.10 LEFT    5.5609E-04    -97.76  1.0963E-03   -277.96
   30.00    240.00     -2.15     4.22     5.12      0.0006    -64.33 LEFT    5.2889E-04    -98.52  1.1006E-03   -278.61
   35.00    240.00     -2.69     4.21     5.02      0.0012    -65.69 RIGHT   4.9674E-04    -99.46  1.0994E-03   -279.28
   40.00    240.00     -3.36     4.13     4.85      0.0044    -67.11 RIGHT   4.6006E-04   -100.64  1.0898E-03   -279.94
   45.00    240.00     -4.16     3.96     4.58      0.0090    -68.56 RIGHT   4.1957E-04   -102.08  1.0684E-03   -280.56
   50.00    240.00     -5.10     3.66     4.20      0.0153    -69.98 RIGHT   3.7628E-04   -103.84  1.0321E-03   -281.12
   55.00    240.00     -6.20     3.19     3.66      0.0232    -71.32 RIGHT   3.3145E-04   -105.98  9.7785E-04   -281.60
   60.00    240.00     -7.47     2.50     2.92      0.0331    -72.49 RIGHT   2.8648E-04   -108.57  9.0311E-04   -281.98
   65.00    240.00     -8.91     1.51     1.89      0.0450    -73.42 RIGHT   2.4263E-04   -111.63  8.0603E-04   -282.26
   70.00    240.00    -10.56     0.11     0.47      0.0597    -74.01 RIGHT   2.0073E-04   -115.17  6.8576E-04   -282.42
   75.00    240.00    -12.50    -1.92    -1.56      0.0783    -74.08 RIGHT   1.6051E-04   -119.08  5.4267E-04   -282.45
   80.00    240.00    -15.05    -5.05    -4.64      0.1034    -73.35 RIGHT   1.1968E-04   -123.20  3.7845E-04   -282.36
   85.00    240.00    -19.50   -10.76   -10.22      0.1406    -71.32 RIGHT   7.1738E-05   -127.45  1.9614E-04   -282.14
   90.00    240.00   -999.99  -999.99  -999.99      0.0000      0.00         5.5488E-15   -312.30  1.1777E-14   -101.80
    0.00    245.00     -2.27     4.35     5.21      0.0000    -65.00 LINEAR  5.2114E-04    -96.16  1.1176E-03   -276.16
    5.00    245.00     -2.31     4.37     5.21      0.0001    -65.12 LEFT    5.1920E-04    -96.22  1.1194E-03   -276.24
   10.00    245.00     -2.41     4.41     5.23      0.0005    -65.46 LEFT    5.1333E-04    -96.41  1.1246E-03   -276.49
   15.00    245.00     -2.57     4.47     5.25      0.0010    -66.03 LEFT    5.0344E-04    -96.72  1.1323E-03   -276.87
   20.00    245.00     -2.82     4.53     5.27      0.0013    -66.79 LEFT    4.8939E-04    -97.17  1.1413E-03   -277.38
   25.00    245.00     -3.15     4.60     5.27      0.0013    -67.72 LEFT    4.7105E-04    -97.77  1.1497E-03   -277.97
   30.00    245.00     -3.58     4.64     5.25      0.0005    -68.79 LEFT    4.4838E-04    -98.53  1.1553E-03   -278.62
   35.00    245.00     -4.12     4.64     5.18      0.0011    -69.95 RIGHT   4.2150E-04    -99.48  1.1551E-03   -279.29
   40.00    245.00     -4.78     4.57     5.05      0.0038    -71.17 RIGHT   3.9074E-04   -100.66  1.1460E-03   -279.95
   45.00    245.00     -5.57     4.41     4.82      0.0077    -72.41 RIGHT   3.5667E-04   -102.11  1.1246E-03   -280.57
   50.00    245.00     -6.51     4.11     4.48      0.0130    -73.61 RIGHT   3.2014E-04   -103.88  1.0874E-03   -281.14
   55.00    245.00     -7.60     3.65     3.97      0.0196    -74.73 RIGHT   2.8222E-04   -106.03  1.0312E-03   -281.62
   60.00    245.00     -8.86     2.97     3.25      0.0278    -75.72 RIGHT   2.4408E-04   -108.63  9.5313E-04   -282.00
   65.00    245.00    -10.30     1.99     2.24      0.0377    -76.50 RIGHT   2.0682E-04   -111.72  8.5129E-04   -282.28
   70.00    245.00    -11.95     0.59     0.83      0.0498    -77.00 RIGHT   1.7116E-04   -115.28  7.2472E-04   -282.44
   75.00    245.00    -13.89    -1.44    -1.20      0.0653    -77.07 RIGHT   1.3690E-04   -119.22  5.7379E-04   -282.47
   80.00    245.00    -16.43    -4.57    -4.29      0.0864    -76.50 RIGHT   1.0209E-04   -123.36  4.0030E-04   -282.38
   85.00    245.00    -20.88   -10.27    -9.91      0.1183    -74.87 RIGHT   6.1198E-05   -127.63  2.0751E-04   -282.16
   90.00    245.00   -999.99  -999.99  -999.99      0.0000      0.00         4.7335E-15   -312.48  1.2460E-14   -101.82
    0.00    250.00     -4.11     4.67     5.21      0.0000    -70.00 LINEAR  4.2175E-04    -96.16  1.1588E-03   -276.16
    5.00    250.00     -4.14     4.68     5.22      0.0001    -70.10 LEFT    4.2021E-04    -96.22  1.1607E-03   -276.25
   10.00    250.00     -4.24     4.72     5.24      0.0004    -70.39 LEFT    4.1557E-04    -96.41  1.1664E-03   -276.49
   15.00    250.00     -4.41     4.79     5.28      0.0008    -70.86 LEFT    4.0772E-04    -96.72  1.1748E-03   -276.87
   20.00    250.00     -4.65     4.86     5.32      0.0011    -71.50 LEFT    3.9654E-04    -97.17  1.1848E-03   -277.38
   25.00    250.00     -4.97     4.93     5.35      0.0010    -72.27 LEFT    3.8192E-04    -97.77  1.1943E-03   -277.98
   30.00    250.00     -5.40     4.98     5.36      0.0004    -73.15 LEFT    3.6381E-04    -98.54  1.2009E-03   -278.63
   35.00    250.00     -5.93     4.98     5.32      0.0009    -74.10 RIGHT   3.4227E-04    -99.50  1.2017E-03   -279.30
   40.00    250.00     -6.58     4.92     5.22      0.0031    -75.10 RIGHT   3.1754E-04   -100.68  1.1932E-03   -279.96
   45.00    250.00     -7.36     4.76     5.02      0.0063    -76.10 RIGHT   2.9008E-04   -102.13  1.1718E-03   -280.59
   50.00    250.00     -8.30     4.48     4.70      0.0105    -77.07 RIGHT   2.6056E-04   -103.91  1.1340E-03   -281.15
   55.00    250.00     -9.38     4.02     4.22      0.0158    -77.98 RIGHT   2.2985E-04   -106.08  1.0762E-03   -281.63
   60.00    250.00    -10.64     3.35     3.52      0.0223    -78.77 RIGHT   1.9889E-04   -108.69  9.9545E-04   -282.02
   65.00    250.00    -12.08     2.37     2.52      0.0302    -79.40 RIGHT   1.6861E-04   -111.79  8.8965E-04   -282.30
   70.00    250.00    -13.72     0.98     1.12      0.0399    -79.81 RIGHT   1.3958E-04   -115.37  7.5778E-04   -282.45
   75.00    250.00    -15.66    -1.05    -0.90      0.0522    -79.88 RIGHT   1.1166E-04   -119.33  6.0022E-04   -282.49
   80.00    250.00    -18.20    -4.17    -4.00      0.0692    -79.44 RIGHT   8.3273E-05   -123.50  4.1887E-04   -282.40
   85.00    250.00    -22.65    -9.88    -9.65      0.0952    -78.18 RIGHT   4.9922E-05   -127.78  2.1718E-04   -282.18
   90.00    250.00   -999.99  -999.99  -999.99      0.0000      0.00         3.8615E-15   -312.64  1.3041E-14   -101.84
    0.00    255.00     -6.53     4.91     5.21      0.0000    -75.00 LINEAR  3.1915E-04    -96.16  1.1911E-03   -276.16
    5.00    255.00     -6.56     4.92     5.22      0.0001    -75.08 LEFT    3.1801E-04    -96.22  1.1932E-03   -276.25
   10.00    255.00     -6.66     4.96     5.25      0.0003    -75.30 LEFT    3.1456E-04    -96.41  1.1992E-03   -276.49
   15.00    255.00     -6.82     5.03     5.31      0.0006    -75.67 LEFT    3.0872E-04    -96.73  1.2083E-03   -276.88
   20.00    255.00     -7.06     5.11     5.36      0.0008    -76.16 LEFT    3.0038E-04    -97.18  1.2191E-03   -277.38
   25.00    255.00     -7.38     5.18     5.42      0.0008    -76.75 LEFT    2.8945E-04    -97.78  1.2295E-03   -277.98
   30.00    255.00     -7.80     5.23     5.45      0.0003    -77.43 LEFT    2.7588E-04    -98.55  1.2370E-03   -278.63
   35.00    255.00     -8.32     5.25     5.43      0.0007    -78.16 RIGHT   2.5971E-04    -99.51  1.2386E-03   -279.31
   40.00    255.00     -8.97     5.19     5.35      0.0024    -78.92 RIGHT   2.4110E-04   -100.70  1.2306E-03   -279.97
   45.00    255.00     -9.75     5.04     5.18      0.0048    -79.68 RIGHT   2.2039E-04   -102.15  1.2094E-03   -280.60
   50.00    255.00    -10.68     4.76     4.88      0.0080    -80.41 RIGHT   1.9809E-04   -103.94  1.1711E-03   -281.16
   55.00    255.00    -11.76     4.31     4.42      0.0119    -81.09 RIGHT   1.7483E-04   -106.11  1.1121E-03   -281.65
   60.00    255.00    -13.01     3.64     3.73      0.0168    -81.69 RIGHT   1.5135E-04   -108.73  1.0293E-03   -282.03
   65.00    255.00    -14.45     2.67     2.75      0.0227    -82.17 RIGHT   1.2835E-04   -111.85  9.2035E-04   -282.31
   70.00    255.00    -16.08     1.28     1.36      0.0299    -82.47 RIGHT   1.0627E-04   -115.45  7.8427E-04   -282.47
   75.00    255.00    -18.02    -0.75    -0.67      0.0391    -82.53 RIGHT   8.5031E-05   -119.42  6.2142E-04   -282.50
   80.00    255.00    -20.57    -3.87    -3.78      0.0519    -82.22 RIGHT   6.3420E-05   -123.61  4.3377E-04   -282.41
   85.00    255.00    -25.01    -9.57    -9.45      0.0716    -81.30 RIGHT   3.8022E-05   -127.90  2.2494E-04   -282.20
   90.00    255.00   -999.99  -999.99  -999.99      0.0000      0.00         2.9412E-15   -312.77  1.3508E-14   -101.85
    0.00    260.00    -10.00     5.07     5.21      0.0000    -80.00 LINEAR  2.1413E-04    -96.16  1.2144E-03   -276.16
    5.00    260.00    -10.03     5.09     5.22      0.0001    -80.05 LEFT    2.1337E-04    -96.22  1.2166E-03   -276.25
   10.00    260.00    -10.12     5.13     5.26      0.0002    -80.21 LEFT    2.1109E-04    -96.41  1.2229E-03   -276.49
   15.00    260.00    -10.28     5.20     5.32      0.0004    -80.46 LEFT    2.0721E-04    -96.73  1.2325E-03   -276.88
   20.00    260.00    -10.52     5.28     5.39      0.0006    -80.79 LEFT    2.0168E-04    -97.18  1.2438E-03   -277.39
   25.00    260.00    -10.84     5.36     5.46      0.0005    -81.19 LEFT    1.9442E-04    -97.78  1.2549E-03   -277.98
   30.00    260.00    -11.25     5.42     5.51      0.0002    -81.65 LEFT    1.8538E-04    -98.55  1.2632E-03   -278.64
   35.00    260.00    -11.77     5.43     5.51      0.0005    -82.14 RIGHT   1.7460E-04    -99.52  1.2653E-03   -279.31
   40.00    260.00    -12.41     5.38     5.45      0.0016    -82.65 RIGHT   1.6216E-04   -100.71  1.2578E-03   -279.98
   45.00    260.00    -13.19     5.23     5.29      0.0032    -83.16 RIGHT   1.4830E-04   -102.17  1.2368E-03   -280.61
   50.00    260.00    -14.11     4.96     5.01      0.0053    -83.66 RIGHT   1.3335E-04   -103.96  1.1982E-03   -281.17
   55.00    260.00    -15.19     4.51     4.56      0.0080    -84.11 RIGHT   1.1774E-04   -106.14  1.1383E-03   -281.65
   60.00    260.00    -16.44     3.84     3.88      0.0112    -84.51 RIGHT   1.0196E-04   -108.77  1.0540E-03   -282.04
   65.00    260.00    -17.87     2.87     2.91      0.0151    -84.83 RIGHT   8.6486E-05   -111.89  9.4277E-04   -282.32
   70.00    260.00    -19.51     1.49     1.52      0.0199    -85.04 RIGHT   7.1625E-05   -115.50  8.0363E-04   -282.48
   75.00    260.00    -21.45    -0.53    -0.50      0.0261    -85.08 RIGHT   5.7315E-05   -119.49  6.3692E-04   -282.52
   80.00    260.00    -23.99    -3.65    -3.61      0.0346    -84.87 RIGHT   4.2751E-05   -123.69  4.4468E-04   -282.43
   85.00    260.00    -28.44    -9.36    -9.30      0.0479    -84.27 RIGHT   2.5632E-05   -127.99  2.3062E-04   -282.21
   90.00    260.00   -999.99  -999.99  -999.99      0.0000      0.00         1.9827E-15   -312.86  1.3850E-14   -101.87
    0.00    265.00    -15.99     5.17     5.21      0.0000    -85.00 LINEAR  1.0747E-04    -96.16  1.2284E-03   -276.16
    5.00    265.00    -16.02     5.19     5.22      0.0000    -85.03 LEFT    1.0710E-04    -96.22  1.2307E-03   -276.25
   10.00    265.00    -16.11     5.24     5.27      0.0001    -85.10 LEFT    1.0596E-04    -96.41  1.2372E-03   -276.49
   15.00    265.00    -16.27     5.30     5.33      0.0002    -85.23 LEFT    1.0403E-04    -96.73  1.2471E-03   -276.88
   20.00    265.00    -16.50     5.39     5.41      0.0003    -85.40 LEFT    1.0127E-04    -97.18  1.2588E-03   -277.39
   25.00    265.00    -16.82     5.47     5.49      0.0003    -85.60 LEFT    9.7647E-05    -97.79  1.2703E-03   -277.99
   30.00    265.00    -17.23     5.52     5.55      0.0001    -85.84 LEFT    9.3134E-05    -98.56  1.2790E-03   -278.64
   35.00    265.00    -17.75     5.54     5.56      0.0002    -86.08 RIGHT   8.7739E-05    -99.52  1.2815E-03   -279.32
   40.00    265.00    -18.39     5.49     5.51      0.0008    -86.34 RIGHT   8.1515E-05   -100.71  1.2743E-03   -279.98
   45.00    265.00    -19.16     5.35     5.36      0.0016    -86.60 RIGHT   7.4570E-05   -102.18  1.2533E-03   -280.61
   50.00    265.00    -20.08     5.08     5.09      0.0027    -86.84 RIGHT   6.7069E-05   -103.97  1.2146E-03   -281.18
   55.00    265.00    -21.16     4.63     4.64      0.0040    -87.07 RIGHT   5.9231E-05   -106.15  1.1542E-03   -281.66
   60.00    265.00    -22.41     3.97     3.98      0.0056    -87.27 RIGHT   5.1303E-05   -108.79  1.0690E-03   -282.05
   65.00    265.00    -23.84     3.00     3.01      0.0076    -87.43 RIGHT   4.3524E-05   -111.92  9.5642E-04   -282.33
   70.00    265.00    -25.48     1.61     1.62      0.0100    -87.53 RIGHT   3.6049E-05   -115.53  8.1542E-04   -282.49
   75.00    265.00    -27.41    -0.40    -0.40      0.0130    -87.56 RIGHT   2.8849E-05   -119.53  6.4637E-04   -282.52
   80.00    265.00    -29.96    -3.52    -3.51      0.0173    -87.46 RIGHT   2.1519E-05   -123.74  4.5132E-04   -282.43
   85.00    265.00    -34.40    -9.23    -9.21      0.0240    -87.16 RIGHT   1.2902E-05   -128.05  2.3408E-04   -282.22
   90.00    265.00   -999.99  -999.99  -999.99      0.0000      0.00         9.9807E-16   -312.92  1.4058E-14   -101.87
    0.00    270.00   -999.99     5.21     5.21      0.0000     90.00 LINEAR  1.8879E-14   -276.16  1.2331E-03   -276.16
    5.00    270.00   -999.99     5.22     5.22      0.0000     90.00 LINEAR  2.3113E-14   -277.03  1.2354E-03   -276.25
   10.00    270.00   -999.99     5.27     5.27      0.0000     90.00 LINEAR  2.7332E-14   -279.00  1.2420E-03   -276.49
   15.00    270.00   -999.99     5.34     5.34      0.0000     90.00 LINEAR  3.1722E-14   -282.65  1.2519E-03   -276.88
   20.00    270.00   -999.99     5.42     5.42      0.0000     90.00 LINEAR  3.6609E-14   -288.07  1.2638E-03   -277.39
   25.00    270.00   -999.99     5.50     5.50      0.0000     90.00 LINEAR  4.2476E-14   -294.90  1.2755E-03   -277.99
   30.00    270.00   -999.99     5.56     5.56      0.0000     90.00 LINEAR  4.9870E-14   -302.48  1.2843E-03   -278.64
   35.00    270.00   -999.99     5.58     5.58      0.0000     90.00 LINEAR  5.9214E-14   -310.03  1.2869E-03   -279.32
   40.00    270.00   -199.64     5.53     5.53      0.0000     90.00 LINEAR  7.0615E-14   -316.92  1.2798E-03   -279.98
   45.00    270.00   -198.15     5.39     5.39      0.0000     90.00 LINEAR  8.3761E-14   -322.85  1.2589E-03   -280.61
   50.00    270.00   -196.80     5.11     5.11      0.0000     90.00 LINEAR  9.7908E-14   -327.78  1.2201E-03   -281.18
   55.00    270.00   -195.64     4.67     4.67      0.0000     90.00 LINEAR  1.1191E-13   -331.84  1.1596E-03   -281.66
   60.00    270.00   -194.73     4.01     4.01      0.0000     90.00 LINEAR  1.2424E-13   -335.18  1.0740E-03   -282.05
   65.00    270.00   -194.14     3.04     3.04      0.0000     90.00 LINEAR  1.3301E-13   -337.98  9.6100E-04   -282.33
   70.00    270.00   -193.95     1.66     1.66      0.0000     90.00 LINEAR  1.3590E-13   -340.44  8.1938E-04   -282.49
   75.00    270.00   -194.33    -0.36    -0.36      0.0000     90.00 LINEAR  1.3000E-13   -342.74  6.4954E-04   -282.52
   80.00    270.00   -195.69    -3.48    -3.48      0.0000     90.00 LINEAR  1.1122E-13   -345.14  4.5356E-04   -282.43
   85.00    270.00   -199.38    -9.18    -9.18      0.0000     90.00 LINEAR  7.2708E-14   -348.06  2.3525E-04   -282.22
   90.00    270.00   -999.99  -999.99  -999.99      0.0000      0.00         4.9834E-20   -179.55  1.4128E-14   -101.87
    0.00    275.00    -15.99     5.17     5.21      0.0000     85.00 LINEAR  1.0747E-04   -276.16  1.2284E-03   -276.16
    5.00    275.00    -16.02     5.19     5.22      0.0000     85.03 RIGHT   1.0710E-04   -276.22  1.2307E-03   -276.25
   10.00    275.00    -16.11     5.24     5.27      0.0001     85.10 RIGHT   1.0596E-04   -276.41  1.2372E-03   -276.49
   15.00    275.00    -16.27     5.30     5.33      0.0002     85.23 RIGHT   1.0403E-04   -276.73  1.2471E-03   -276.88
   20.00    275.00    -16.50     5.39     5.41      0.0003     85.40 RIGHT   1.0127E-04   -277.18  1.2588E-03   -277.39
   25.00    275.00    -16.82     5.47     5.49      0.0003     85.60 RIGHT   9.7647E-05   -277.79  1.2703E-03   -277.99
   30.00    275.00    -17.23     5.52     5.55      0.0001     85.84 RIGHT   9.3134E-05   -278.56  1.2790E-03   -278.64
   35.00    275.00    -17.75     5.54     5.56      0.0002     86.08 LEFT    8.7739E-05   -279.52  1.2815E-03   -279.32
   40.00    275.00    -18.39     5.49     5.51      0.0008     86.34 LEFT    8.1515E-05   -280.71  1.2743E-03   -279.98
   45.00    275.00    -19.16     5.35     5.36      0.0016     86.60 LEFT    7.4570E-05   -282.18  1.2533E-03   -280.61
   50.00    275.00    -20.08     5.08     5.09      0.0027     86.84 LEFT    6.7069E-05   -283.97  1.2146E-03   -281.18
   55.00    275.00    -21.16     4.63     4.64      0.0040     87.07 LEFT    5.9231E-05   -286.15  1.1542E-03   -281.66
   60.00    275.00    -22.41     3.97     3.98      0.0056     87.27 LEFT    5.1303E-05   -288.79  1.0690E-03   -282.05
   65.00    275.00    -23.84     3.00     3.01      0.0076     87.43 LEFT    4.3524E-05   -291.92  9.5642E-04   -282.33
   70.00    275.00    -25.48     1.61     1.62      0.0100     87.53 LEFT    3.6049E-05   -295.53  8.1542E-04   -282.49
   75.00    275.00    -27.41    -0.40    -0.40      0.0130     87.56 LEFT    2.8849E-05   -299.53  6.4637E-04   -282.52
   80.00    275.00    -29.96    -3.52    -3.51      0.0173     87.46 LEFT    2.1519E-05   -303.74  4.5132E-04   -282.43
   85.00    275.00    -34.40    -9.23    -9.21      0.0240     87.16 LEFT    1.2902E-05   -308.05  2.3408E-04   -282.22
   90.00    275.00   -999.99  -999.99  -999.99      0.0000      0.00         9.9803E-16   -132.92  1.4058E-14   -101.87
    0.00    280.00    -10.00     5.07     5.21      0.0000     80.00 LINEAR  2.1413E-04   -276.16  1.2144E-03   -276.16
    5.00    280.00    -10.03     5.09     5.22      0.0001     80.05 RIGHT   2.1337E-04   -276.22  1.2166E-03   -276.25
   10.00    280.00    -10.12     5.13     5.26      0.0002     80.21 RIGHT   2.1109E-04   -276.41  1.2229E-03   -276.49
   15.00    280.00    -10.28     5.20     5.32      0.0004     80.46 RIGHT   2.0721E-04   -276.73  1.2325E-03   -276.88
   20.00    280.00    -10.52     5.28     5.39      0.0006     80.79 RIGHT   2.0168E-04   -277.18  1.2438E-03   -277.39
   25.00    280.00    -10.84     5.36     5.46      0.0005     81.19 RIGHT   1.9442E-04   -277.78  1.2549E-03   -277.98
   30.00    280.00    -11.25     5.42     5.51      0.0002     81.65 RIGHT   1.8538E-04   -278.55  1.2632E-03   -278.64
   35.00    280.00    -11.77     5.43     5.51      0.0005     82.14 LEFT    1.7460E-04   -279.52  1.2653E-03   -279.31
   40.00    280.00    -12.41     5.38     5.45      0.0016     82.65 LEFT    1.6216E-04   -280.71  1.2578E-03   -279.98
   45.00    280.00    -13.19     5.23     5.29      0.0032     83.16 LEFT    1.4830E-04   -282.17  1.2368E-03   -280.61
   50.00    280.00    -14.11     4.96     5.01      0.0053     83.66 LEFT    1.3335E-04   -283.96  1.1982E-03   -281.17
   55.00    280.00    -15.19     4.51     4.56      0.0080     84.11 LEFT    1.1774E-04   -286.14  1.1383E-03   -281.65
   60.00    280.00    -16.44     3.84     3.88      0.0112     84.51 LEFT    1.0196E-04   -288.77  1.0540E-03   -282.04
   65.00    280.00    -17.87     2.87     2.91      0.0151     84.83 LEFT    8.6486E-05   -291.89  9.4277E-04   -282.32
   70.00    280.00    -19.51     1.49     1.52      0.0199     85.04 LEFT    7.1625E-05   -295.50  8.0363E-04   -282.48
   75.00    280.00    -21.45    -0.53    -0.50      0.0261     85.08 LEFT    5.7315E-05   -299.49  6.3692E-04   -282.52
   80.00    280.00    -23.99    -3.65    -3.61      0.0346     84.87 LEFT    4.2751E-05   -303.69  4.4468E-04   -282.43
   85.00    280.00    -28.44    -9.36    -9.30      0.0479     84.27 LEFT    2.5632E-05   -307.99  2.3062E-04   -282.21
   90.00    280.00   -999.99  -999.99  -999.99      0.0000      0.00         1.9827E-15   -132.86  1.3850E-14   -101.87
    0.00    285.00     -6.53     4.91     5.21      0.0000     75.00 LINEAR  3.1915E-04   -276.16  1.1911E-03   -276.16
    5.00    285.00     -6.56     4.92     5.22      0.0001     75.08 RIGHT   3.1801E-04   -276.22  1.1932E-03   -276.25
   10.00    285.00     -6.66     4.96     5.25      0.0003     75.30 RIGHT   3.1456E-04   -276.41  1.1992E-03   -276.49
   15.00    285.00     -6.82     5.03     5.31      0.0006     75.67 RIGHT   3.0872E-04   -276.73  1.2083E-03   -276.88
   20.00    285.00     -7.06     5.11     5.36      0.0008     76.16 RIGHT   3.0038E-04   -277.18  1.2191E-03   -277.38
   25.00    285.00     -7.38     5.18     5.42      0.0008     76.75 RIGHT   2.8945E-04   -277.78  1.2295E-03   -277.98
   30.00    285.00     -7.80     5.23     5.45      0.0003     77.43 RIGHT   2.7588E-04   -278.55  1.2370E-03   -278.63
   35.00    285.00     -8.32     5.25     5.43      0.0007     78.16 LEFT    2.5971E-04   -279.51  1.2386E-03   -279.31
   40.00    285.00     -8.97     5.19     5.35      0.0024     78.92 LEFT    2.4110E-04   -280.70  1.2306E-03   -279.97
   45.00    285.00     -9.75     5.04     5.18      0.0048     79.68 LEFT    2.2039E-04   -282.15  1.2094E-03   -280.60
   50.00    285.00    -10.68     4.76     4.88      0.0080     80.41 LEFT    1.9809E-04   -283.94  1.1711E-03   -281.16
   55.00    285.00    -11.76     4.31     4.42      0.0119     81.09 LEFT    1.7483E-04   -286.11  1.1121E-03   -281.65
   60.00    285.00    -13.01     3.64     3.73      0.0168     81.69 LEFT    1.5135E-04   -288.73  1.0293E-03   -282.03
   65.00    285.00    -14.45     2.67     2.75      0.0227     82.17 LEFT    1.2835E-04   -291.85  9.2035E-04   -282.31
   70.00    285.00    -16.08     1.28     1.36      0.0299     82.47 LEFT    1.0627E-04   -295.45  7.8427E-04   -282.47
   75.00    285.00    -18.02    -0.75    -0.67      0.0391     82.53 LEFT    8.5031E-05   -299.42  6.2142E-04   -282.50
   80.00    285.00    -20.57    -3.87    -3.78      0.0519     82.22 LEFT    6.3420E-05   -303.61  4.3377E-04   -282.41
   85.00    285.00    -25.01    -9.57    -9.45      0.0716     81.30 LEFT    3.8022E-05   -307.90  2.2494E-04   -282.20
   90.00    285.00   -999.99  -999.99  -999.99      0.0000      0.00         2.9411E-15   -132.77  1.3508E-14   -101.86
    0.00    290.00     -4.11     4.67     5.21      0.0000     70.00 LINEAR  4.2175E-04   -276.16  1.1588E-03   -276.16
    5.00    290.00     -4.14     4.68     5.22      0.0001     70.10 RIGHT   4.2021E-04   -276.22  1.1607E-03   -276.25
   10.00    290.00     -4.24     4.72     5.24      0.0004     70.39 RIGHT   4.1557E-04   -276.41  1.1664E-03   -276.49
   15.00    290.00     -4.41     4.79     5.28      0.0008     70.86 RIGHT   4.0772E-04   -276.72  1.1748E-03   -276.87
   20.00    290.00     -4.65     4.86     5.32      0.0011     71.50 RIGHT   3.9654E-04   -277.17  1.1848E-03   -277.38
   25.00    290.00     -4.97     4.93     5.35      0.0010     72.27 RIGHT   3.8192E-04   -277.77  1.1943E-03   -277.98
   30.00    290.00     -5.40     4.98     5.36      0.0004     73.15 RIGHT   3.6381E-04   -278.54  1.2009E-03   -278.63
   35.00    290.00     -5.93     4.98     5.32      0.0009     74.10 LEFT    3.4227E-04   -279.50  1.2017E-03   -279.30
   40.00    290.00     -6.58     4.92     5.22      0.0031     75.10 LEFT    3.1754E-04   -280.68  1.1932E-03   -279.96
   45.00    290.00     -7.36     4.76     5.02      0.0063     76.10 LEFT    2.9008E-04   -282.13  1.1718E-03   -280.59
   50.00    290.00     -8.30     4.48     4.70      0.0105     77.07 LEFT    2.6056E-04   -283.91  1.1340E-03   -281.15
   55.00    290.00     -9.38     4.02     4.22      0.0158     77.98 LEFT    2.2985E-04   -286.08  1.0762E-03   -281.63
   60.00    290.00    -10.64     3.35     3.52      0.0223     78.77 LEFT    1.9889E-04   -288.69  9.9545E-04   -282.02
   65.00    290.00    -12.08     2.37     2.52      0.0302     79.40 LEFT    1.6861E-04   -291.79  8.8965E-04   -282.30
   70.00    290.00    -13.72     0.98     1.12      0.0399     79.81 LEFT    1.3958E-04   -295.37  7.5778E-04   -282.45
   75.00    290.00    -15.66    -1.05    -0.90      0.0522     79.88 LEFT    1.1166E-04   -299.33  6.0022E-04   -282.49
   80.00    290.00    -18.20    -4.17    -4.00      0.0692     79.44 LEFT    8.3273E-05   -303.50  4.1887E-04   -282.40
   85.00    290.00    -22.65    -9.88    -9.65      0.0952     78.18 LEFT    4.9922E-05   -307.78  2.1718E-04   -282.18
   90.00    290.00   -999.99  -999.99  -999.99      0.0000      0.00         3.8615E-15   -132.64  1.3042E-14   -101.84
    0.00    295.00     -2.27     4.35     5.21      0.0000     65.00 LINEAR  5.2114E-04   -276.16  1.1176E-03   -276.16
    5.00    295.00     -2.31     4.37     5.21      0.0001     65.12 RIGHT   5.1920E-04   -276.22  1.1194E-03   -276.24
   10.00    295.00     -2.41     4.41     5.23      0.0005     65.46 RIGHT   5.1333E-04   -276.41  1.1246E-03   -276.49
   15.00    295.00     -2.57     4.47     5.25      0.0010     66.03 RIGHT   5.0344E-04   -276.72  1.1323E-03   -276.87
   20.00    295.00     -2.82     4.53     5.27      0.0013     66.79 RIGHT   4.8939E-04   -277.17  1.1413E-03   -277.38
   25.00    295.00     -3.15     4.60     5.27      0.0013     67.72 RIGHT   4.7105E-04   -277.77  1.1497E-03   -277.97
   30.00    295.00     -3.58     4.64     5.25      0.0005     68.79 RIGHT   4.4838E-04   -278.53  1.1553E-03   -278.62
   35.00    295.00     -4.12     4.64     5.18      0.0011     69.95 LEFT    4.2150E-04   -279.48  1.1551E-03   -279.29
   40.00    295.00     -4.78     4.57     5.05      0.0038     71.17 LEFT    3.9074E-04   -280.66  1.1460E-03   -279.95
   45.00    295.00     -5.57     4.41     4.82      0.0077     72.41 LEFT    3.5667E-04   -282.11  1.1246E-03   -280.57
   50.00    295.00     -6.51     4.11     4.48      0.0130     73.61 LEFT    3.2014E-04   -283.88  1.0874E-03   -281.14
   55.00    295.00     -7.60     3.65     3.97      0.0196     74.73 LEFT    2.8222E-04   -286.03  1.0312E-03   -281.62
   60.00    295.00     -8.86     2.97     3.25      0.0278     75.72 LEFT    2.4408E-04   -288.63  9.5313E-04   -282.00
   65.00    295.00    -10.30     1.99     2.24      0.0377     76.50 LEFT    2.0682E-04   -291.72  8.5129E-04   -282.28
   70.00    295.00    -11.95     0.59     0.83      0.0498     77.00 LEFT    1.7116E-04   -295.28  7.2472E-04   -282.44
   75.00    295.00    -13.89    -1.44    -1.20      0.0653     77.07 LEFT    1.3690E-04   -299.22  5.7379E-04   -282.47
   80.00    295.00    -16.43    -4.57    -4.29      0.0864     76.50 LEFT    1.0209E-04   -303.36  4.0030E-04   -282.38
   85.00    295.00    -20.88   -10.27    -9.91      0.1183     74.87 LEFT    6.1198E-05   -307.63  2.0751E-04   -282.16
   90.00    295.00   -999.99  -999.99  -999.99      0.0000      0.00         4.7336E-15   -132.48  1.2460E-14   -101.82
    0.00    300.00     -0.81     3.96     5.21      0.0000     60.00 LINEAR  6.1656E-04   -276.16  1.0679E-03   -276.16
    5.00    300.00     -0.85     3.97     5.21      0.0002     60.13 RIGHT   6.1420E-04   -276.22  1.0695E-03   -276.24
   10.00    300.00     -0.95     4.01     5.21      0.0006     60.53 RIGHT   6.0710E-04   -276.41  1.0742E-03   -276.49
   15.00    300.00     -1.12     4.06     5.21      0.0011     61.17 RIGHT   5.9513E-04   -276.72  1.0811E-03   -276.87
   20.00    300.00     -1.37     4.13     5.21      0.0015     62.04 RIGHT   5.7817E-04   -277.16  1.0890E-03   -277.37
   25.00    300.00     -1.71     4.19     5.18      0.0015     63.10 RIGHT   5.5609E-04   -277.76  1.0963E-03   -277.96
   30.00    300.00     -2.15     4.22     5.12      0.0006     64.33 RIGHT   5.2889E-04   -278.52  1.1006E-03   -278.61
   35.00    300.00     -2.69     4.21     5.02      0.0012     65.69 LEFT    4.9674E-04   -279.46  1.0994E-03   -279.28
   40.00    300.00     -3.36     4.13     4.85      0.0044     67.11 LEFT    4.6006E-04   -280.64  1.0898E-03   -279.94
   45.00    300.00     -4.16     3.96     4.58      0.0090     68.56 LEFT    4.1957E-04   -282.08  1.0684E-03   -280.56
   50.00    300.00     -5.10     3.66     4.20      0.0153     69.98 LEFT    3.7628E-04   -283.84  1.0321E-03   -281.12
   55.00    300.00     -6.20     3.19     3.66      0.0232     71.32 LEFT    3.3145E-04   -285.98  9.7785E-04   -281.60
   60.00    300.00     -7.47     2.50     2.92      0.0331     72.49 LEFT    2.8648E-04   -288.57  9.0311E-04   -281.98
   65.00    300.00     -8.91     1.51     1.89      0.0450     73.42 LEFT    2.4263E-04   -291.63  8.0603E-04   -282.26
   70.00    300.00    -10.56     0.11     0.47      0.0597     74.01 LEFT    2.0073E-04   -295.17  6.8576E-04   -282.42
   75.00    300.00    -12.50    -1.92    -1.56      0.0783     74.08 LEFT    1.6051E-04   -299.08  5.4267E-04   -282.45
   80.00    300.00    -15.05    -5.05    -4.64      0.1034     73.35 LEFT    1.1968E-04   -303.20  3.7845E-04   -282.36
   85.00    300.00    -19.50   -10.76   -10.22      0.1406     71.32 LEFT    7.1738E-05   -307.45  1.9614E-04   -282.14
   90.00    300.00   -999.99  -999.99  -999.99      0.0000      0.00         5.5488E-15   -132.30  1.1777E-14   -101.80
    0.00    305.00      0.38     3.47     5.21      0.0000     55.00 LINEAR  7.0729E-04   -276.16  1.0101E-03   -276.16
    5.00    305.00      0.34     3.49     5.20      0.0002     55.14 RIGHT   7.0451E-04   -276.22  1.0115E-03   -276.24
   10.00    305.00      0.24     3.52     5.19      0.0006     55.57 RIGHT   6.9615E-04   -276.41  1.0156E-03   -276.48
   15.00    305.00      0.06     3.57     5.17      0.0012     56.27 RIGHT   6.8209E-04   -276.71  1.0216E-03   -276.87
   20.00    305.00     -0.19     3.63     5.14      0.0017     57.22 RIGHT   6.6220E-04   -277.16  1.0285E-03   -277.37
   25.00    305.00     -0.54     3.68     5.07      0.0016     58.40 RIGHT   6.3639E-04   -277.75  1.0345E-03   -277.96
   30.00    305.00     -0.98     3.71     4.98      0.0007     59.77 RIGHT   6.0471E-04   -278.50  1.0376E-03   -278.60
   35.00    305.00     -1.54     3.69     4.83      0.0013     61.28 LEFT    5.6738E-04   -279.44  1.0355E-03   -279.27
   40.00    305.00     -2.21     3.60     4.61      0.0049     62.89 LEFT    5.2495E-04   -280.61  1.0253E-03   -279.92
   45.00    305.00     -3.02     3.42     4.31      0.0102     64.54 LEFT    4.7827E-04   -282.04  1.0041E-03   -280.54
   50.00    305.00     -3.97     3.11     3.89      0.0174     66.16 LEFT    4.2851E-04   -283.79  9.6897E-04   -281.10
   55.00    305.00     -5.08     2.64     3.31      0.0266     67.69 LEFT    3.7715E-04   -285.92  9.1714E-04   -281.58
   60.00    305.00     -6.36     1.94     2.54      0.0382     69.04 LEFT    3.2574E-04   -288.49  8.4627E-04   -281.96
   65.00    305.00     -7.80     0.94     1.49      0.0522     70.12 LEFT    2.7574E-04   -291.54  7.5469E-04   -282.24
   70.00    305.00     -9.45    -0.47     0.05      0.0695     70.78 LEFT    2.2803E-04   -295.05  6.4164E-04   -282.39
   75.00    305.00    -11.40    -2.50    -1.98      0.0911     70.83 LEFT    1.8230E-04   -298.93  5.0748E-04   -282.43
   80.00    305.00    -13.95    -5.64    -5.04      0.1200     69.93 LEFT    1.3591E-04   -303.02  3.5377E-04   -282.34
   85.00    305.00    -18.39   -11.35   -10.57      0.1617     67.46 LEFT    8.1459E-05   -307.25  1.8330E-04   -282.12
   90.00    305.00   -999.99  -999.99  -999.99      0.0000      0.00         6.3006E-15   -132.09  1.1005E-14   -101.78
    0.00    310.00      1.37     2.89     5.21      0.0000     50.00 LINEAR  7.9263E-04   -276.16  9.4462E-04   -276.16
    5.00    310.00      1.33     2.90     5.20      0.0002     50.15 RIGHT   7.8944E-04   -276.22  9.4586E-04   -276.24
   10.00    310.00      1.23     2.94     5.17      0.0007     50.60 RIGHT   7.7981E-04   -276.40  9.4935E-04   -276.48
   15.00    310.00      1.04     2.98     5.13      0.0013     51.34 RIGHT   7.6365E-04   -276.71  9.5447E-04   -276.86
   20.00    310.00      0.78     3.03     5.06      0.0018     52.35 RIGHT   7.4085E-04   -277.15  9.6016E-04   -277.36
   25.00    310.00      0.43     3.08     4.96      0.0018     53.60 RIGHT   7.1136E-04   -277.74  9.6493E-04   -277.95
   30.00    310.00     -0.02     3.09     4.82      0.0008     55.07 RIGHT   6.7528E-04   -278.49  9.6691E-04   -278.59
   35.00    310.00     -0.59     3.07     4.62      0.0014     56.71 LEFT    6.3293E-04   -279.42  9.6387E-04   -279.25
   40.00    310.00     -1.27     2.97     4.36      0.0053     58.47 LEFT    5.8495E-04   -280.58  9.5331E-04   -279.91
   45.00    310.00     -2.09     2.78     4.01      0.0111     60.28 LEFT    5.3236E-04   -282.01  9.3257E-04   -280.53
   50.00    310.00     -3.05     2.46     3.54      0.0192     62.09 LEFT    4.7650E-04   -283.75  8.9896E-04   -281.08
   55.00    310.00     -4.17     1.97     2.92      0.0298     63.80 LEFT    4.1900E-04   -285.86  8.4998E-04   -281.56
   60.00    310.00     -5.45     1.27     2.11      0.0430     65.32 LEFT    3.6162E-04   -288.41  7.8353E-04   -281.94
   65.00    310.00     -6.90     0.27     1.03      0.0591     66.52 LEFT    3.0593E-04   -291.44  6.9813E-04   -282.21
   70.00    310.00     -8.55    -1.15    -0.42      0.0789     67.25 LEFT    2.5290E-04   -294.92  5.9312E-04   -282.37
   75.00    310.00    -10.50    -3.19    -2.45      0.1036     67.27 LEFT    2.0213E-04   -298.77  4.6882E-04   -282.40
   80.00    310.00    -13.05    -6.33    -5.49      0.1358     66.17 LEFT    1.5067E-04   -302.83  3.2668E-04   -282.31
   85.00    310.00    -17.50   -12.04   -10.96      0.1809     63.24 LEFT    9.0300E-05   -307.04  1.6922E-04   -282.09
   90.00    310.00   -999.99  -999.99  -999.99      0.0000      0.00         6.9841E-15   -131.87  1.0159E-14   -101.75
    0.00    315.00      2.20     2.20     5.21      0.0000     45.00 LINEAR  8.7195E-04   -276.16  8.7195E-04   -276.16
    5.00    315.00      2.16     2.21     5.19      0.0002     45.15 RIGHT   8.6833E-04   -276.22  8.7299E-04   -276.24
   10.00    315.00      2.05     2.24     5.15      0.0007     45.61 RIGHT   8.5745E-04   -276.40  8.7592E-04   -276.48
   15.00    315.00      1.86     2.28     5.09      0.0013     46.36 RIGHT   8.3922E-04   -276.71  8.8016E-04   -276.86
   20.00    315.00      1.59     2.32     4.98      0.0018     47.40 RIGHT   8.1356E-04   -277.14  8.8475E-04   -277.36
   25.00    315.00      1.23     2.36     4.84      0.0018     48.70 RIGHT   7.8048E-04   -277.73  8.8835E-04   -277.94
   30.00    315.00      0.77     2.37     4.65      0.0009     50.23 RIGHT   7.4013E-04   -278.47  8.8926E-04   -278.58
   35.00    315.00      0.20     2.33     4.41      0.0014     51.95 LEFT    6.9295E-04   -279.40  8.8549E-04   -279.24
   40.00    315.00     -0.49     2.22     4.09      0.0055     53.82 LEFT    6.3971E-04   -280.55  8.7478E-04   -279.89
   45.00    315.00     -1.32     2.02     3.68      0.0119     55.77 LEFT    5.8154E-04   -281.97  8.5474E-04   -280.51
   50.00    315.00     -2.29     1.69     3.15      0.0208     57.73 LEFT    5.1998E-04   -283.70  8.2299E-04   -281.06
   55.00    315.00     -3.42     1.20     2.49      0.0325     59.59 LEFT    4.5681E-04   -285.80  7.7730E-04   -281.54
   60.00    315.00     -4.70     0.48     1.63      0.0473     61.26 LEFT    3.9395E-04   -288.33  7.1582E-04   -281.92
   65.00    315.00     -6.16    -0.53     0.52      0.0655     62.58 LEFT    3.3308E-04   -291.33  6.3722E-04   -282.19
   70.00    315.00     -7.82    -1.95    -0.95      0.0877     63.36 LEFT    2.7523E-04   -294.78  5.4095E-04   -282.34
   75.00    315.00     -9.77    -4.00    -2.98      0.1152     63.32 LEFT    2.1992E-04   -298.60  4.2733E-04   -282.37
   80.00    315.00    -12.32    -7.14    -5.99      0.1503     62.00 LEFT    1.6390E-04   -302.64  2.9763E-04   -282.28
   85.00    315.00    -16.77   -12.86   -11.38      0.1971     58.58 LEFT    9.8226E-05   -306.82  1.5413E-04   -282.06
   90.00    315.00   -999.99  -999.99  -999.99      0.0000      0.00         7.5970E-15   -131.64  9.2521E-15   -101.72
    0.00    320.00      2.89     1.37     5.21      0.0000     40.00 LINEAR  9.4462E-04   -276.16  7.9263E-04   -276.16
    5.00    320.00      2.85     1.38     5.19      0.0002     40.15 RIGHT   9.4060E-04   -276.22  7.9349E-04   -276.24
   10.00    320.00      2.74     1.40     5.13      0.0007     40.60 RIGHT   9.2849E-04   -276.40  7.9588E-04   -276.48
   15.00    320.00      2.55     1.44     5.04      0.0013     41.35 RIGHT   9.0826E-04   -276.70  7.9930E-04   -276.86
   20.00    320.00      2.27     1.48     4.91      0.0018     42.38 RIGHT   8.7984E-04   -277.14  8.0287E-04   -277.35
   25.00    320.00      1.91     1.51     4.72      0.0019     43.68 RIGHT   8.4330E-04   -277.72  8.0542E-04   -277.93
   30.00    320.00      1.44     1.51     4.48      0.0010     45.23 RIGHT   7.9889E-04   -278.46  8.0543E-04   -278.57
   35.00    320.00      0.85     1.46     4.18      0.0014     47.00 LEFT    7.4715E-04   -279.38  8.0112E-04   -279.23
   40.00    320.00      0.15     1.34     3.80      0.0056     48.93 LEFT    6.8896E-04   -280.53  7.9051E-04   -279.88
   45.00    320.00     -0.69     1.13     3.33      0.0123     50.96 LEFT    6.2562E-04   -281.93  7.7150E-04   -280.49
   50.00    320.00     -1.67     0.79     2.75      0.0218     53.02 LEFT    5.5880E-04   -283.65  7.4198E-04   -281.04
   55.00    320.00     -2.80     0.29     2.02      0.0346     55.01 LEFT    4.9045E-04   -285.73  7.0002E-04   -281.51
   60.00    320.00     -4.09    -0.44     1.12      0.0509     56.79 LEFT    4.2263E-04   -288.25  6.4400E-04   -281.89
   65.00    320.00     -5.56    -1.45    -0.03      0.0710     58.20 LEFT    3.5713E-04   -291.22  5.7277E-04   -282.16
   70.00    320.00     -7.22    -2.88    -1.52      0.0956     59.01 LEFT    2.9497E-04   -294.65  4.8587E-04   -282.32
   75.00    320.00     -9.17    -4.94    -3.55      0.1255     58.90 LEFT    2.3564E-04   -298.43  3.8357E-04   -282.35
   80.00    320.00    -11.72    -8.08    -6.52      0.1626     57.35 LEFT    1.7559E-04   -302.44  2.6704E-04   -282.26
   85.00    320.00    -16.17   -13.80   -11.82      0.2091     53.45 LEFT    1.0522E-04   -306.59  1.3825E-04   -282.04
   90.00    320.00   -999.99  -999.99  -999.99      0.0000      0.00         8.1382E-15   -131.41  8.2979E-15   -101.70
    0.00    325.00      3.47     0.38     5.21      0.0000     35.00 LINEAR  1.0101E-03   -276.16  7.0729E-04   -276.16
    5.00    325.00      3.44     0.39     5.18      0.0002     35.14 RIGHT   1.0057E-03   -276.22  7.0797E-04   -276.24
   10.00    325.00      3.32     0.41     5.12      0.0007     35.58 RIGHT   9.9243E-04   -276.40  7.0987E-04   -276.48
   15.00    325.00      3.12     0.44     5.00      0.0013     36.29 RIGHT   9.7028E-04   -276.70  7.1254E-04   -276.85
   20.00    325.00      2.84     0.48     4.83      0.0018     37.29 RIGHT   9.3925E-04   -277.13  7.1522E-04   -277.34
   25.00    325.00      2.47     0.50     4.60      0.0018     38.55 RIGHT   8.9946E-04   -277.71  7.1686E-04   -277.92
   30.00    325.00      1.99     0.49     4.31      0.0010     40.07 RIGHT   8.5125E-04   -278.44  7.1616E-04   -278.56
   35.00    325.00      1.40     0.43     3.95      0.0013     41.82 LEFT    7.9526E-04   -279.36  7.1156E-04   -279.21
   40.00    325.00      0.68     0.31     3.51      0.0056     43.75 LEFT    7.3251E-04   -280.50  7.0135E-04   -279.86
   45.00    325.00     -0.16     0.08     2.97      0.0124     45.82 LEFT    6.6445E-04   -281.89  6.8370E-04   -280.47
   50.00    325.00     -1.15    -0.26     2.32      0.0224     47.93 LEFT    5.9288E-04   -283.60  6.5680E-04   -281.02
   55.00    325.00     -2.29    -0.78     1.54      0.0359     49.99 LEFT    5.1990E-04   -285.67  6.1900E-04   -281.49
   60.00    325.00     -3.59    -1.51     0.58      0.0534     51.84 LEFT    4.4767E-04   -288.16  5.6890E-04   -281.87
   65.00    325.00     -5.06    -2.54    -0.61      0.0753     53.31 LEFT    3.7806E-04   -291.12  5.0553E-04   -282.14
   70.00    325.00     -6.73    -3.97    -2.13      0.1018     54.12 LEFT    3.1214E-04   -294.51  4.2851E-04   -282.29
   75.00    325.00     -8.68    -6.03    -4.15      0.1336     53.92 LEFT    2.4929E-04   -298.27  3.3809E-04   -282.32
   80.00    325.00    -11.23    -9.18    -7.08      0.1713     52.12 LEFT    1.8574E-04   -302.24  2.3527E-04   -282.23
   85.00    325.00    -15.68   -14.90   -12.27      0.2150     47.82 LEFT    1.1130E-04   -306.38  1.2177E-04   -282.01
   90.00    325.00   -999.99  -999.99  -999.99      0.0000      0.00         8.6079E-15   -131.18  7.3079E-15   -101.66
    0.00    330.00      3.96    -0.81     5.21      0.0000     30.00 LINEAR  1.0679E-03   -276.16  6.1656E-04   -276.16
    5.00    330.00      3.92    -0.81     5.18      0.0002     30.13 RIGHT   1.0631E-03   -276.22  6.1709E-04   -276.24
   10.00    330.00      3.80    -0.79     5.10      0.0006     30.53 RIGHT   1.0488E-03   -276.40  6.1856E-04   -276.48
   15.00    330.00      3.60    -0.76     4.96      0.0012     31.20 RIGHT   1.0249E-03   -276.70  6.2057E-04   -276.85
   20.00    330.00      3.31    -0.73     4.76      0.0017     32.12 RIGHT   9.9142E-04   -277.13  6.2249E-04   -277.34
   25.00    330.00      2.93    -0.72     4.49      0.0018     33.31 RIGHT   9.4864E-04   -277.70  6.2341E-04   -277.92
   30.00    330.00      2.44    -0.73     4.15      0.0010     34.75 RIGHT   8.9696E-04   -278.43  6.2222E-04   -278.55
   35.00    330.00      1.84    -0.80     3.73      0.0012     36.42 LEFT    8.3712E-04   -279.34  6.1760E-04   -279.20
   40.00    330.00      1.12    -0.93     3.22      0.0053     38.29 LEFT    7.7028E-04   -280.47  6.0809E-04   -279.84
   45.00    330.00      0.26    -1.16     2.62      0.0121     40.31 LEFT    6.9799E-04   -281.86  5.9215E-04   -280.45
   50.00    330.00     -0.73    -1.52     1.90      0.0222     42.40 LEFT    6.2221E-04   -283.55  5.6825E-04   -281.00
   55.00    330.00     -1.88    -2.05     1.05      0.0361     44.46 LEFT    5.4515E-04   -285.61  5.3501E-04   -281.47
   60.00    330.00     -3.19    -2.79     0.03      0.0545     46.33 LEFT    4.6908E-04   -288.09  4.9124E-04   -281.85
   65.00    330.00     -4.66    -3.82    -1.21      0.0775     47.80 LEFT    3.9593E-04   -291.02  4.3617E-04   -282.11
   70.00    330.00     -6.33    -5.26    -2.75      0.1054     48.59 LEFT    3.2678E-04   -294.39  3.6945E-04   -282.27
   75.00    330.00     -8.28    -7.33    -4.77      0.1380     48.27 LEFT    2.6092E-04   -298.11  2.9133E-04   -282.30
   80.00    330.00    -10.84   -10.48    -7.65      0.1749     46.27 LEFT    1.9439E-04   -302.06  2.0264E-04   -282.20
   85.00    330.00    -15.29   -16.20   -12.71      0.2130     41.71 LEFT    1.1647E-04   -306.17  1.0486E-04   -281.98
   90.00    330.00   -999.99  -999.99  -999.99      0.0000      0.00         9.0075E-15   -130.97  6.2925E-15   -101.64
    0.00    335.00      4.35    -2.27     5.21      0.0000     25.00 LINEAR  1.1176E-03   -276.16  5.2114E-04   -276.16
    5.00    335.00      4.31    -2.27     5.18      0.0001     25.12 RIGHT   1.1125E-03   -276.22  5.2154E-04   -276.24
   10.00    335.00      4.19    -2.25     5.08      0.0005     25.47 RIGHT   1.0972E-03   -276.40  5.2263E-04   -276.48
   15.00    335.00      3.99    -2.22     4.92      0.0011     26.06 RIGHT   1.0716E-03   -276.69  5.2410E-04   -276.85
   20.00    335.00      3.69    -2.20     4.69      0.0015     26.89 RIGHT   1.0360E-03   -277.12  5.2539E-04   -277.33
   25.00    335.00      3.30    -2.20     4.38      0.0016     27.96 RIGHT   9.9061E-04   -277.69  5.2578E-04   -277.91
   30.00    335.00      2.81    -2.22     4.00      0.0009     29.26 RIGHT   9.3585E-04   -278.41  5.2434E-04   -278.54
   35.00    335.00      2.20    -2.29     3.52      0.0010     30.79 LEFT    8.7263E-04   -279.32  5.1997E-04   -279.19
   40.00    335.00      1.47    -2.44     2.95      0.0049     32.52 LEFT    8.0219E-04   -280.45  5.1147E-04   -279.83
   45.00    335.00      0.61    -2.68     2.28      0.0113     34.41 LEFT    7.2623E-04   -281.83  4.9758E-04   -280.44
   50.00    335.00     -0.40    -3.04     1.49      0.0211     36.40 LEFT    6.4682E-04   -283.51  4.7704E-04   -280.99
   55.00    335.00     -1.55    -3.57     0.56      0.0349     38.38 LEFT    5.6628E-04   -285.56  4.4872E-04   -281.45
   60.00    335.00     -2.86    -4.32    -0.52      0.0533     40.18 LEFT    4.8695E-04   -288.02  4.1167E-04   -281.83
   65.00    335.00     -4.34    -5.36    -1.81      0.0767     41.60 LEFT    4.1082E-04   -290.93  3.6524E-04   -282.09
   70.00    335.00     -6.01    -6.81    -3.38      0.1049     42.31 LEFT    3.3895E-04   -294.27  3.0917E-04   -282.24
   75.00    335.00     -7.97    -8.88    -5.39      0.1371     41.89 LEFT    2.7059E-04   -297.97  2.4367E-04   -282.27
   80.00    335.00    -10.53   -12.03    -8.20      0.1710     39.75 LEFT    2.0156E-04   -301.89  1.6943E-04   -282.18
   85.00    335.00    -14.97   -17.76   -13.14      0.2014     35.18 LEFT    1.2077E-04   -305.98  8.7652E-05   -281.96
   90.00    335.00   -999.99  -999.99  -999.99      0.0000      0.00         9.3396E-15   -130.77  5.2595E-15   -101.62
    0.00    340.00      4.67    -4.11     5.21      0.0000     20.00 LINEAR  1.1588E-03   -276.16  4.2175E-04   -276.16
    5.00    340.00      4.63    -4.11     5.17      0.0001     20.10 RIGHT   1.1534E-03   -276.22  4.2204E-04   -276.24
   10.00    340.00      4.50    -4.09     5.07      0.0005     20.40 RIGHT   1.1372E-03   -276.39  4.2283E-04   -276.47
   15.00    340.00      4.30    -4.07     4.89      0.0009     20.89 RIGHT   1.1103E-03   -276.69  4.2384E-04   -276.84
   20.00    340.00      4.00    -4.05     4.63      0.0013     21.59 RIGHT   1.0729E-03   -277.12  4.2467E-04   -277.33
   25.00    340.00      3.60    -4.05     4.29      0.0014     22.50 RIGHT   1.0252E-03   -277.68  4.2471E-04   -277.90
   30.00    340.00      3.10    -4.08     3.86      0.0008     23.62 RIGHT   9.6780E-04   -278.40  4.2324E-04   -278.53
   35.00    340.00      2.49    -4.16     3.34      0.0009     24.94 LEFT    9.0170E-04   -279.31  4.1938E-04   -279.18
   40.00    340.00      1.75    -4.31     2.71      0.0042     26.46 LEFT    8.2825E-04   -280.43  4.1218E-04   -279.82
   45.00    340.00      0.88    -4.56     1.97      0.0100     28.13 LEFT    7.4923E-04   -281.80  4.0065E-04   -280.42
   50.00    340.00     -0.13    -4.93     1.11      0.0189     29.91 LEFT    6.6680E-04   -283.47  3.8379E-04   -280.97
   55.00    340.00     -1.29    -5.47     0.11      0.0318     31.70 LEFT    5.8338E-04   -285.51  3.6072E-04   -281.44
   60.00    340.00     -2.61    -6.22    -1.04      0.0493     33.35 LEFT    5.0138E-04   -287.96  3.3070E-04   -281.81
   65.00    340.00     -4.09    -7.27    -2.39      0.0718     34.63 LEFT    4.2281E-04   -290.85  2.9321E-04   -282.07
   70.00    340.00     -5.76    -8.72    -3.99      0.0987     35.23 LEFT    3.4874E-04   -294.17  2.4806E-04   -282.22
   75.00    340.00     -7.72   -10.79    -5.98      0.1285     34.72 LEFT    2.7836E-04   -297.85  1.9542E-04   -282.25
   80.00    340.00    -10.28   -13.95    -8.73      0.1575     32.59 LEFT    2.0733E-04   -301.74  1.3583E-04   -282.16
   85.00    340.00    -14.73   -19.68   -13.52      0.1790     28.34 LEFT    1.2422E-04   -305.82  7.0258E-05   -281.94
   90.00    340.00   -999.99  -999.99  -999.99      0.0000      0.00         9.6066E-15   -130.60  4.2155E-15   -101.60
    0.00    345.00      4.91    -6.53     5.21      0.0000     15.00 LINEAR  1.1911E-03   -276.16  3.1915E-04   -276.16
    5.00    345.00      4.86    -6.53     5.17      0.0001     15.08 RIGHT   1.1855E-03   -276.22  3.1935E-04   -276.24
   10.00    345.00      4.74    -6.51     5.05      0.0004     15.31 RIGHT   1.1686E-03   -276.39  3.1988E-04   -276.47
   15.00    345.00      4.53    -6.50     4.86      0.0007     15.70 RIGHT   1.1407E-03   -276.69  3.2055E-04   -276.84
   20.00    345.00      4.23    -6.48     4.58      0.0010     16.25 RIGHT   1.1017E-03   -277.11  3.2104E-04   -277.33
   25.00    345.00      3.83    -6.49     4.21      0.0011     16.96 RIGHT   1.0522E-03   -277.67  3.2091E-04   -277.90
   30.00    345.00      3.32    -6.52     3.75      0.0007     17.85 RIGHT   9.9271E-04   -278.39  3.1960E-04   -278.52
   35.00    345.00      2.70    -6.61     3.18      0.0007     18.90 LEFT    9.2433E-04   -279.30  3.1648E-04   -279.17
   40.00    345.00      1.96    -6.76     2.51      0.0034     20.12 LEFT    8.4847E-04   -280.41  3.1084E-04   -279.81
   45.00    345.00      1.08    -7.01     1.71      0.0081     21.48 LEFT    7.6702E-04   -281.78  3.0194E-04   -280.41
   50.00    345.00      0.07    -7.39     0.78      0.0156     22.95 LEFT    6.8222E-04   -283.44  2.8904E-04   -280.96
   55.00    345.00     -1.10    -7.94    -0.28      0.0266     24.44 LEFT    5.9654E-04   -285.47  2.7149E-04   -281.42
   60.00    345.00     -2.42    -8.70    -1.50      0.0419     25.81 LEFT    5.1246E-04   -287.91  2.4875E-04   -281.79
   65.00    345.00     -3.90    -9.75    -2.90      0.0616     26.87 LEFT    4.3201E-04   -290.78  2.2043E-04   -282.06
   70.00    345.00     -5.58   -11.20    -4.53      0.0852     27.33 LEFT    3.5625E-04   -294.09  1.8641E-04   -282.21
   75.00    345.00     -7.54   -13.28    -6.51      0.1103     26.80 LEFT    2.8431E-04   -297.75  1.4679E-04   -282.24
   80.00    345.00    -10.10   -16.44    -9.19      0.1327     24.89 LEFT    2.1175E-04   -301.62  1.0201E-04   -282.14
   85.00    345.00    -14.55   -22.17   -13.85      0.1459     21.31 LEFT    1.2686E-04   -305.69  5.2753E-05   -281.92
   90.00    345.00   -999.99  -999.99  -999.99      0.0000      0.00         9.8107E-15   -130.47  3.1651E-15   -101.58
    0.00    350.00      5.07   -10.00     5.21      0.0000     10.00 LINEAR  1.2144E-03   -276.16  2.1413E-04   -276.16
    5.00    350.00      5.03    -9.99     5.17      0.0001     10.05 RIGHT   1.2086E-03   -276.22  2.1425E-04   -276.24
   10.00    350.00      4.91    -9.98     5.05      0.0002     10.21 RIGHT   1.1913E-03   -276.39  2.1458E-04   -276.47
   15.00    350.00      4.69    -9.97     4.84      0.0005     10.48 RIGHT   1.1625E-03   -276.69  2.1498E-04   -276.84
   20.00    350.00      4.39    -9.95     4.55      0.0007     10.86 RIGHT   1.1224E-03   -277.11  2.1524E-04   -277.32
   25.00    350.00      3.99    -9.96     4.16      0.0008     11.35 RIGHT   1.0715E-03   -277.67  2.1506E-04   -277.89
   30.00    350.00      3.48   -10.00     3.67      0.0005     11.96 RIGHT   1.0105E-03   -278.39  2.1410E-04   -278.52
   35.00    350.00      2.85   -10.09     3.07      0.0005     12.70 LEFT    9.4048E-04   -279.29  2.1191E-04   -279.16
   40.00    350.00      2.11   -10.25     2.35      0.0024     13.55 LEFT    8.6288E-04   -280.40  2.0802E-04   -279.80
   45.00    350.00      1.22   -10.51     1.51      0.0057     14.52 LEFT    7.7967E-04   -281.76  2.0196E-04   -280.41
   50.00    350.00      0.20   -10.89     0.53      0.0112     15.57 LEFT    6.9316E-04   -283.42  1.9324E-04   -280.95
   55.00    350.00     -0.97   -11.44    -0.59      0.0193     16.64 LEFT    6.0587E-04   -285.44  1.8142E-04   -281.41
   60.00    350.00     -2.29   -12.20    -1.87      0.0307     17.63 LEFT    5.2030E-04   -287.87  1.6615E-04   -281.78
   65.00    350.00     -3.77   -13.26    -3.31      0.0457     18.39 LEFT    4.3850E-04   -290.74  1.4718E-04   -282.05
   70.00    350.00     -5.45   -14.72    -4.96      0.0634     18.69 LEFT    3.6154E-04   -294.03  1.2442E-04   -282.20
   75.00    350.00     -7.41   -16.79    -6.94      0.0816     18.25 LEFT    2.8851E-04   -297.67  9.7953E-05   -282.23
   80.00    350.00     -9.97   -19.96    -9.55      0.0965     16.79 LEFT    2.1487E-04   -301.54  6.8055E-05   -282.13
   85.00    350.00    -14.42   -25.68   -14.11      0.1033     14.21 LEFT    1.2872E-04   -305.59  3.5190E-05   -281.91
   90.00    350.00   -999.99  -999.99  -999.99      0.0000      0.00         9.9548E-15   -130.36  2.1112E-15   -101.57
    0.00    355.00      5.17   -15.99     5.21      0.0000      5.00 LINEAR  1.2284E-03   -276.16  1.0747E-04   -276.16
    5.00    355.00      5.13   -15.98     5.17      0.0000      5.03 RIGHT   1.2225E-03   -276.22  1.0753E-04   -276.24
   10.00    355.00      5.01   -15.97     5.04      0.0001      5.11 RIGHT   1.2049E-03   -276.39  1.0769E-04   -276.47
   15.00    355.00      4.79   -15.96     4.83      0.0002      5.24 RIGHT   1.1756E-03   -276.69  1.0787E-04   -276.84
   20.00    355.00      4.49   -15.95     4.52      0.0004      5.44 RIGHT   1.1349E-03   -277.11  1.0798E-04   -277.32
   25.00    355.00      4.08   -15.96     4.12      0.0004      5.69 RIGHT   1.0832E-03   -277.67  1.0787E-04   -277.89
   30.00    355.00      3.57   -16.00     3.62      0.0002      6.00 RIGHT   1.0212E-03   -278.38  1.0735E-04   -278.52
   35.00    355.00      2.94   -16.09     3.00      0.0002      6.38 LEFT    9.5017E-04   -279.28  1.0623E-04   -279.16
   40.00    355.00      2.19   -16.25     2.25      0.0012      6.82 LEFT    8.7151E-04   -280.39  1.0425E-04   -279.80
   45.00    355.00      1.31   -16.51     1.38      0.0030      7.32 LEFT    7.8724E-04   -281.75  1.0118E-04   -280.40
   50.00    355.00      0.28   -16.90     0.37      0.0058      7.87 LEFT    6.9969E-04   -283.41  9.6780E-05   -280.94
   55.00    355.00     -0.89   -17.45    -0.79      0.0102      8.43 LEFT    6.1143E-04   -285.42  9.0834E-05   -281.41
   60.00    355.00     -2.21   -18.21    -2.10      0.0163      8.95 LEFT    5.2496E-04   -287.85  8.3165E-05   -281.78
   65.00    355.00     -3.70   -19.27    -3.58      0.0244      9.35 LEFT    4.4237E-04   -290.71  7.3651E-05   -282.04
   70.00    355.00     -5.37   -20.73    -5.25      0.0340      9.50 LEFT    3.6469E-04   -294.00  6.2249E-05   -282.19
   75.00    355.00     -7.34   -22.81    -7.21      0.0436      9.24 LEFT    2.9100E-04   -297.63  4.9000E-05   -282.22
   80.00    355.00     -9.90   -25.97    -9.79      0.0509      8.45 LEFT    2.1672E-04   -301.48  3.4039E-05   -282.12
   85.00    355.00    -14.35   -31.70   -14.27      0.0535      7.10 LEFT    1.2983E-04   -305.53  1.7600E-05   -281.90
   90.00    355.00   -999.99  -999.99  -999.99      0.0000      0.00         1.0041E-14   -130.30  1.0559E-15   -101.56


  AVERAGE POWER GAIN:  1.5451E+00 - SOLID ANGLE USED IN AVERAGING: (+1.9722)*PI STERADIANS



  DATA CARD No:   8 EN   0     0     0     0  0.00000E+00  0.00000E+00  0.00000E+00  0.00000E+00  0.00000E+00  0.00000E+00

  TOTAL RUN TIME: 60 msec