


                               __________________________________________
                              |                                          |
                              |  NUMERICAL ELECTROMAGNETICS CODE (nec2c) |
                              |   Translated to 'C' in Double Precision  |
                              |__________________________________________|



                               ---------------- COMMENTS ----------------
                               pattern-doublet-58p0-None-17m
                              



                               -------- STRUCTURE SPECIFICATION --------
                                     COORDINATES MUST BE INPUT IN
                                     METERS OR BE SCALED TO METERS
                                     BEFORE STRUCTURE INPUT IS ENDED

  WIRE                                                                                 SEG FIRST  LAST  TAG
   No:        X1         Y1         Z1         X2         Y2         Z2       RADIUS   No:   SEG   SEG  No:
     1    -6.40080    0.00000    3.04800   -0.01000    0.00000    9.14400    0.00024    61     1    61    1
     2    -0.01000    0.00000    9.14400    0.01000    0.00000    9.14400    0.00024     1    62    62    2
     3     0.01000    0.00000    9.14400    6.40080    0.00000    3.04800    0.00024    61    63   123    3

     TOTAL SEGMENTS USED: 123   SEGMENTS IN A SYMMETRIC CELL: 123   SYMMETRY FLAG: 0


                               ---------- SEGMENTATION DATA ----------
                                        COORDINATES IN METERS
                            I+ AND I- INDICATE THE SEGMENTS BEFORE AND AFTER I

   SEG    COORDINATES OF SEGM CENTER     SEGM    ORIENTATION ANGLES    WIRE    CONNECTION DATA   TAG
   No:       X         Y         Z      LENGTH     ALPHA      BETA    RADIUS    I-     I    I+   No:
     1   -6.3484    0.0000    3.0980    0.1448   43.6476    0.0000    0.0002     0     1     2     1
     2   -6.2436    0.0000    3.1979    0.1448   43.6476    0.0000    0.0002     1     2     3     1
     3   -6.1389    0.0000    3.2978    0.1448   43.6476    0.0000    0.0002     2     3     4     1
     4   -6.0341    0.0000    3.3978    0.1448   43.6476    0.0000    0.0002     3     4     5     1
     5   -5.9293    0.0000    3.4977    0.1448   43.6476    0.0000    0.0002     4     5     6     1
     6   -5.8246    0.0000    3.5976    0.1448   43.6476    0.0000    0.0002     5     6     7     1
     7   -5.7198    0.0000    3.6976    0.1448   43.6476    0.0000    0.0002     6     7     8     1
     8   -5.6150    0.0000    3.7975    0.1448   43.6476    0.0000    0.0002     7     8     9     1
     9   -5.5103    0.0000    3.8974    0.1448   43.6476    0.0000    0.0002     8     9    10     1
    10   -5.4055    0.0000    3.9974    0.1448   43.6476    0.0000    0.0002     9    10    11     1
    11   -5.3007    0.0000    4.0973    0.1448   43.6476    0.0000    0.0002    10    11    12     1
    12   -5.1960    0.0000    4.1972    0.1448   43.6476    0.0000    0.0002    11    12    13     1
    13   -5.0912    0.0000    4.2972    0.1448   43.6476    0.0000    0.0002    12    13    14     1
    14   -4.9864    0.0000    4.3971    0.1448   43.6476    0.0000    0.0002    13    14    15     1
    15   -4.8817    0.0000    4.4970    0.1448   43.6476    0.0000    0.0002    14    15    16     1
    16   -4.7769    0.0000    4.5970    0.1448   43.6476    0.0000    0.0002    15    16    17     1
    17   -4.6721    0.0000    4.6969    0.1448   43.6476    0.0000    0.0002    16    17    18     1
    18   -4.5674    0.0000    4.7969    0.1448   43.6476    0.0000    0.0002    17    18    19     1
    19   -4.4626    0.0000    4.8968    0.1448   43.6476    0.0000    0.0002    18    19    20     1
    20   -4.3578    0.0000    4.9967    0.1448   43.6476    0.0000    0.0002    19    20    21     1
    21   -4.2531    0.0000    5.0967    0.1448   43.6476    0.0000    0.0002    20    21    22     1
    22   -4.1483    0.0000    5.1966    0.1448   43.6476    0.0000    0.0002    21    22    23     1
    23   -4.0435    0.0000    5.2965    0.1448   43.6476    0.0000    0.0002    22    23    24     1
    24   -3.9388    0.0000    5.3965    0.1448   43.6476    0.0000    0.0002    23    24    25     1
    25   -3.8340    0.0000    5.4964    0.1448   43.6476    0.0000    0.0002    24    25    26     1
    26   -3.7292    0.0000    5.5963    0.1448   43.6476    0.0000    0.0002    25    26    27     1
    27   -3.6245    0.0000    5.6963    0.1448   43.6476    0.0000    0.0002    26    27    28     1
    28   -3.5197    0.0000    5.7962    0.1448   43.6476    0.0000    0.0002    27    28    29     1
    29   -3.4149    0.0000    5.8961    0.1448   43.6476    0.0000    0.0002    28    29    30     1
    30   -3.3102    0.0000    5.9961    0.1448   43.6476    0.0000    0.0002    29    30    31     1
    31   -3.2054    0.0000    6.0960    0.1448   43.6476    0.0000    0.0002    30    31    32     1
    32   -3.1006    0.0000    6.1959    0.1448   43.6476    0.0000    0.0002    31    32    33     1
    33   -2.9959    0.0000    6.2959    0.1448   43.6476    0.0000    0.0002    32    33    34     1
    34   -2.8911    0.0000    6.3958    0.1448   43.6476    0.0000    0.0002    33    34    35     1
    35   -2.7863    0.0000    6.4957    0.1448   43.6476    0.0000    0.0002    34    35    36     1
    36   -2.6816    0.0000    6.5957    0.1448   43.6476    0.0000    0.0002    35    36    37     1
    37   -2.5768    0.0000    6.6956    0.1448   43.6476    0.0000    0.0002    36    37    38     1
    38   -2.4720    0.0000    6.7955    0.1448   43.6476    0.0000    0.0002    37    38    39     1
    39   -2.3673    0.0000    6.8955    0.1448   43.6476    0.0000    0.0002    38    39    40     1
    40   -2.2625    0.0000    6.9954    0.1448   43.6476    0.0000    0.0002    39    40    41     1
    41   -2.1577    0.0000    7.0953    0.1448   43.6476    0.0000    0.0002    40    41    42     1
    42   -2.0530    0.0000    7.1953    0.1448   43.6476    0.0000    0.0002    41    42    43     1
    43   -1.9482    0.0000    7.2952    0.1448   43.6476    0.0000    0.0002    42    43    44     1
    44   -1.8434    0.0000    7.3951    0.1448   43.6476    0.0000    0.0002    43    44    45     1
    45   -1.7387    0.0000    7.4951    0.1448   43.6476    0.0000    0.0002    44    45    46     1
    46   -1.6339    0.0000    7.5950    0.1448   43.6476    0.0000    0.0002    45    46    47     1
    47   -1.5291    0.0000    7.6950    0.1448   43.6476    0.0000    0.0002    46    47    48     1
    48   -1.4244    0.0000    7.7949    0.1448   43.6476    0.0000    0.0002    47    48    49     1
    49   -1.3196    0.0000    7.8948    0.1448   43.6476    0.0000    0.0002    48    49    50     1
    50   -1.2148    0.0000    7.9948    0.1448   43.6476    0.0000    0.0002    49    50    51     1
    51   -1.1101    0.0000    8.0947    0.1448   43.6476    0.0000    0.0002    50    51    52     1
    52   -1.0053    0.0000    8.1946    0.1448   43.6476    0.0000    0.0002    51    52    53     1
    53   -0.9005    0.0000    8.2946    0.1448   43.6476    0.0000    0.0002    52    53    54     1
    54   -0.7958    0.0000    8.3945    0.1448   43.6476    0.0000    0.0002    53    54    55     1
    55   -0.6910    0.0000    8.4944    0.1448   43.6476    0.0000    0.0002    54    55    56     1
    56   -0.5862    0.0000    8.5944    0.1448   43.6476    0.0000    0.0002    55    56    57     1
    57   -0.4815    0.0000    8.6943    0.1448   43.6476    0.0000    0.0002    56    57    58     1
    58   -0.3767    0.0000    8.7942    0.1448   43.6476    0.0000    0.0002    57    58    59     1
    59   -0.2719    0.0000    8.8942    0.1448   43.6476    0.0000    0.0002    58    59    60     1
    60   -0.1672    0.0000    8.9941    0.1448   43.6476    0.0000    0.0002    59    60    61     1
    61   -0.0624    0.0000    9.0940    0.1448   43.6476    0.0000    0.0002    60    61    62     1
    62    0.0000    0.0000    9.1440    0.0200    0.0000    0.0000    0.0002    61    62    63     2
    63    0.0624    0.0000    9.0940    0.1448  -43.6476    0.0000    0.0002    62    63    64     3
    64    0.1672    0.0000    8.9941    0.1448  -43.6476    0.0000    0.0002    63    64    65     3
    65    0.2719    0.0000    8.8942    0.1448  -43.6476    0.0000    0.0002    64    65    66     3
    66    0.3767    0.0000    8.7942    0.1448  -43.6476    0.0000    0.0002    65    66    67     3
    67    0.4815    0.0000    8.6943    0.1448  -43.6476    0.0000    0.0002    66    67    68     3
    68    0.5862    0.0000    8.5944    0.1448  -43.6476    0.0000    0.0002    67    68    69     3
    69    0.6910    0.0000    8.4944    0.1448  -43.6476    0.0000    0.0002    68    69    70     3
    70    0.7958    0.0000    8.3945    0.1448  -43.6476    0.0000    0.0002    69    70    71     3
    71    0.9005    0.0000    8.2946    0.1448  -43.6476    0.0000    0.0002    70    71    72     3
    72    1.0053    0.0000    8.1946    0.1448  -43.6476    0.0000    0.0002    71    72    73     3
    73    1.1101    0.0000    8.0947    0.1448  -43.6476    0.0000    0.0002    72    73    74     3
    74    1.2148    0.0000    7.9948    0.1448  -43.6476    0.0000    0.0002    73    74    75     3
    75    1.3196    0.0000    7.8948    0.1448  -43.6476    0.0000    0.0002    74    75    76     3
    76    1.4244    0.0000    7.7949    0.1448  -43.6476    0.0000    0.0002    75    76    77     3
    77    1.5291    0.0000    7.6950    0.1448  -43.6476    0.0000    0.0002    76    77    78     3
    78    1.6339    0.0000    7.5950    0.1448  -43.6476    0.0000    0.0002    77    78    79     3
    79    1.7387    0.0000    7.4951    0.1448  -43.6476    0.0000    0.0002    78    79    80     3
    80    1.8434    0.0000    7.3951    0.1448  -43.6476    0.0000    0.0002    79    80    81     3
    81    1.9482    0.0000    7.2952    0.1448  -43.6476    0.0000    0.0002    80    81    82     3
    82    2.0530    0.0000    7.1953    0.1448  -43.6476    0.0000    0.0002    81    82    83     3
    83    2.1577    0.0000    7.0953    0.1448  -43.6476    0.0000    0.0002    82    83    84     3
    84    2.2625    0.0000    6.9954    0.1448  -43.6476    0.0000    0.0002    83    84    85     3
    85    2.3673    0.0000    6.8955    0.1448  -43.6476    0.0000    0.0002    84    85    86     3
    86    2.4720    0.0000    6.7955    0.1448  -43.6476    0.0000    0.0002    85    86    87     3
    87    2.5768    0.0000    6.6956    0.1448  -43.6476    0.0000    0.0002    86    87    88     3
    88    2.6816    0.0000    6.5957    0.1448  -43.6476    0.0000    0.0002    87    88    89     3
    89    2.7863    0.0000    6.4957    0.1448  -43.6476    0.0000    0.0002    88    89    90     3
    90    2.8911    0.0000    6.3958    0.1448  -43.6476    0.0000    0.0002    89    90    91     3
    91    2.9959    0.0000    6.2959    0.1448  -43.6476    0.0000    0.0002    90    91    92     3
    92    3.1006    0.0000    6.1959    0.1448  -43.6476    0.0000    0.0002    91    92    93     3
    93    3.2054    0.0000    6.0960    0.1448  -43.6476    0.0000    0.0002    92    93    94     3
    94    3.3102    0.0000    5.9961    0.1448  -43.6476    0.0000    0.0002    93    94    95     3
    95    3.4149    0.0000    5.8961    0.1448  -43.6476    0.0000    0.0002    94    95    96     3
    96    3.5197    0.0000    5.7962    0.1448  -43.6476    0.0000    0.0002    95    96    97     3
    97    3.6245    0.0000    5.6963    0.1448  -43.6476    0.0000    0.0002    96    97    98     3
    98    3.7292    0.0000    5.5963    0.1448  -43.6476    0.0000    0.0002    97    98    99     3
    99    3.8340    0.0000    5.4964    0.1448  -43.6476    0.0000    0.0002    98    99   100     3
   100    3.9388    0.0000    5.3965    0.1448  -43.6476    0.0000    0.0002    99   100   101     3
   101    4.0435    0.0000    5.2965    0.1448  -43.6476    0.0000    0.0002   100   101   102     3
   102    4.1483    0.0000    5.1966    0.1448  -43.6476    0.0000    0.0002   101   102   103     3
   103    4.2531    0.0000    5.0967    0.1448  -43.6476    0.0000    0.0002   102   103   104     3
   104    4.3578    0.0000    4.9967    0.1448  -43.6476    0.0000    0.0002   103   104   105     3
   105    4.4626    0.0000    4.8968    0.1448  -43.6476    0.0000    0.0002   104   105   106     3
   106    4.5674    0.0000    4.7969    0.1448  -43.6476    0.0000    0.0002   105   106   107     3
   107    4.6721    0.0000    4.6969    0.1448  -43.6476    0.0000    0.0002   106   107   108     3
   108    4.7769    0.0000    4.5970    0.1448  -43.6476    0.0000    0.0002   107   108   109     3
   109    4.8817    0.0000    4.4970    0.1448  -43.6476    0.0000    0.0002   108   109   110     3
   110    4.9864    0.0000    4.3971    0.1448  -43.6476    0.0000    0.0002   109   110   111     3
   111    5.0912    0.0000    4.2972    0.1448  -43.6476    0.0000    0.0002   110   111   112     3
   112    5.1960    0.0000    4.1972    0.1448  -43.6476    0.0000    0.0002   111   112   113     3
   113    5.3007    0.0000    4.0973    0.1448  -43.6476    0.0000    0.0002   112   113   114     3
   114    5.4055    0.0000    3.9974    0.1448  -43.6476    0.0000    0.0002   113   114   115     3
   115    5.5103    0.0000    3.8974    0.1448  -43.6476    0.0000    0.0002   114   115   116     3
   116    5.6150    0.0000    3.7975    0.1448  -43.6476    0.0000    0.0002   115   116   117     3
   117    5.7198    0.0000    3.6976    0.1448  -43.6476    0.0000    0.0002   116   117   118     3
   118    5.8246    0.0000    3.5976    0.1448  -43.6476    0.0000    0.0002   117   118   119     3
   119    5.9293    0.0000    3.4977    0.1448  -43.6476    0.0000    0.0002   118   119   120     3
   120    6.0341    0.0000    3.3978    0.1448  -43.6476    0.0000    0.0002   119   120   121     3
   121    6.1389    0.0000    3.2978    0.1448  -43.6476    0.0000    0.0002   120   121   122     3
   122    6.2436    0.0000    3.1979    0.1448  -43.6476    0.0000    0.0002   121   122   123     3
   123    6.3484    0.0000    3.0980    0.1448  -43.6476    0.0000    0.0002   122   123     0     3



  DATA CARD No:   1 EK   0     0     0     0  0.00000E+00  0.00000E+00  0.00000E+00  0.00000E+00  0.00000E+00  0.00000E+00
  DATA CARD No:   2 LD   5     0     0     0  1.50000E+07  0.00000E+00  0.00000E+00  0.00000E+00  0.00000E+00  0.00000E+00
  DATA CARD No:   3 GN   2     0     0     0  1.30000E+01  5.00000E-03  0.00000E+00  0.00000E+00  0.00000E+00  0.00000E+00
  DATA CARD No:   4 FR   0     1     0     0  1.80800E+01  0.00000E+00  0.00000E+00  0.00000E+00  0.00000E+00  0.00000E+00
  DATA CARD No:   5 EX   0     2     1     0  1.00000E+00  0.00000E+00  0.00000E+00  0.00000E+00  0.00000E+00  0.00000E+00
  DATA CARD No:   6 PT  -1     0     0     0  0.00000E+00  0.00000E+00  0.00000E+00  0.00000E+00  0.00000E+00  0.00000E+00
  DATA CARD No:   7 RP   0    19    72  1001  0.00000E+00  0.00000E+00  5.00000E+00  5.00000E+00  1.00000E+03  0.00000E+00


                               --------- FREQUENCY --------
                                FREQUENCY : 1.8080E+01 MHz
                                WAVELENGTH: 1.6582E+01 Mtr

                        APPROXIMATE INTEGRATION EMPLOYED FOR SEGMENTS 
                        THAT ARE MORE THAN 1.000 WAVELENGTHS APART
                        THE EXTENDED THIN WIRE KERNEL WILL BE USED


                          ------ STRUCTURE IMPEDANCE LOADING ------
  LOCATION        RESISTANCE  INDUCTANCE  CAPACITANCE     IMPEDANCE (OHMS)   CONDUCTIVITY  CIRCUIT
  ITAG FROM THRU     OHMS       HENRYS      FARADS       REAL     IMAGINARY   MHOS/METER      TYPE
  ALL                                                                        1.5000E+07     WIRE  


                            -------- ANTENNA ENVIRONMENT --------
                            FINITE GROUND - SOMMERFELD SOLUTION
                            RELATIVE DIELECTRIC CONST: 13.000
                            CONDUCTIVITY:  5.000E-03 MHOS/METER
                            COMPLEX DIELECTRIC CONSTANT:  1.3000E+01-4.9712E+00j


                             ---------- MATRIX TIMING ----------
                               FILL: 20 msec  FACTOR: 0 msec


                        --------- ANTENNA INPUT PARAMETERS ---------
  TAG   SEG       VOLTAGE (VOLTS)         CURRENT (AMPS)         IMPEDANCE (OHMS)        ADMITTANCE (MHOS)     POWER
  No:   No:     REAL      IMAGINARY     REAL      IMAGINARY     REAL      IMAGINARY    REAL       IMAGINARY   (WATTS)
    2    62  1.0000E+00  0.0000E+00  2.0387E-04  4.3838E-04  8.7222E+02 -1.8755E+03  2.0387E-04  4.3838E-04  1.0193E-04


                               ---------- POWER BUDGET ---------
                               INPUT POWER   =  1.0193E-04 Watts
                               RADIATED POWER=  9.4656E-05 Watts
                               STRUCTURE LOSS=  7.2785E-06 Watts
                               NETWORK LOSS  =  0.0000E+00 Watts
                               EFFICIENCY    =   92.86 Percent


                             ---------- RADIATION PATTERNS -----------

                             RANGE:  1.000000E+03 METERS
                             EXP(-JKR)/R:  1.00000E-03 AT PHASE: -110.47 DEGREES

 ---- ANGLES -----     ----- POWER GAINS -----       ---- POLARIZATION ----   ---- E(THETA) ----    ----- E(PHI) ------
  THETA      PHI       VERTC    HORIZ    TOTAL       AXIAL      TILT  SENSE   MAGNITUDE    PHASE    MAGNITUDE     PHASE
 DEGREES   DEGREES        DB       DB       DB       RATIO   DEGREES            VOLTS/M   DEGREES     VOLTS/M   DEGREES
    0.00      0.00      2.35  -999.99     2.35      0.0000      0.00 LINEAR  1.0250E-04   -190.29  0.0000E+00   -110.47
    5.00      0.00      2.24  -999.99     2.24      0.0000      0.00 LINEAR  1.0121E-04   -190.08  0.0000E+00   -110.47
   10.00      0.00      1.92  -999.99     1.92      0.0000      0.00 LINEAR  9.7475E-05   -189.46  0.0000E+00   -110.47
   15.00      0.00      1.38  -999.99     1.38      0.0000      0.00 LINEAR  9.1682E-05   -188.33  0.0000E+00   -110.47
   20.00      0.00      0.67  -999.99     0.67      0.0000      0.00 LINEAR  8.4464E-05   -186.58  0.0000E+00   -110.47
   25.00      0.00     -0.17  -999.99    -0.17      0.0000      0.00 LINEAR  7.6659E-05   -184.06  0.0000E+00   -110.47
   30.00      0.00     -1.05  -999.99    -1.05      0.0000      0.00 LINEAR  6.9242E-05   -180.68  0.0000E+00   -110.47
   35.00      0.00     -1.85  -999.99    -1.85      0.0000      0.00 LINEAR  6.3199E-05   -176.55  0.0000E+00   -110.47
   40.00      0.00     -2.40  -999.99    -2.40      0.0000      0.00 LINEAR  5.9336E-05   -172.14  0.0000E+00   -110.47
   45.00      0.00     -2.58  -999.99    -2.58      0.0000      0.00 LINEAR  5.8062E-05   -168.31  0.0000E+00   -110.47
   50.00      0.00     -2.40  -999.99    -2.40      0.0000      0.00 LINEAR  5.9295E-05   -165.88  0.0000E+00   -110.47
   55.00      0.00     -1.94  -999.99    -1.94      0.0000      0.00 LINEAR  6.2510E-05   -165.15  0.0000E+00   -110.47
   60.00      0.00     -1.37  -999.99    -1.37      0.0000      0.00 LINEAR  6.6807E-05   -165.85  0.0000E+00   -110.47
   65.00      0.00     -0.85  -999.99    -0.85      0.0000      0.00 LINEAR  7.0881E-05   -167.43  0.0000E+00   -110.47
   70.00      0.00     -0.60  -999.99    -0.60      0.0000      0.00 LINEAR  7.2949E-05   -169.38  0.0000E+00   -110.47
   75.00      0.00     -0.87  -999.99    -0.87      0.0000      0.00 LINEAR  7.0707E-05   -171.42  0.0000E+00   -110.47
   80.00      0.00     -2.13  -999.99    -2.13      0.0000      0.00 LINEAR  6.1192E-05   -173.43  0.0000E+00   -110.47
   85.00      0.00     -5.78  -999.99    -5.78      0.0000      0.00 LINEAR  4.0197E-05   -175.54  0.0000E+00   -110.47
   90.00      0.00   -999.99  -999.99  -999.99      0.0000      0.00         3.1879E-15      1.81  0.0000E+00   -110.47
    0.00      5.00      2.32   -18.84     2.35      0.0000     -5.00 LINEAR  1.0211E-04   -190.29  8.9335E-06    -10.29
    5.00      5.00      2.21   -18.85     2.24      0.0004     -5.06 LEFT    1.0083E-04   -190.08  8.9198E-06    -10.36
   10.00      5.00      1.89   -18.90     1.92      0.0018     -5.22 LEFT    9.7132E-05   -189.46  8.8764E-06    -10.57
   15.00      5.00      1.36   -18.98     1.40      0.0042     -5.49 LEFT    9.1394E-05   -188.33  8.7965E-06    -10.88
   20.00      5.00      0.65   -19.10     0.69      0.0082     -5.86 LEFT    8.4243E-05   -186.59  8.6700E-06    -11.21
   25.00      5.00     -0.19   -19.29    -0.13      0.0141     -6.28 LEFT    7.6510E-05   -184.08  8.4846E-06    -11.50
   30.00      5.00     -1.06   -19.56    -1.00      0.0223     -6.67 LEFT    6.9162E-05   -180.73  8.2283E-06    -11.65
   35.00      5.00     -1.85   -19.92    -1.78      0.0318     -6.89 LEFT    6.3177E-05   -176.62  7.8910E-06    -11.60
   40.00      5.00     -2.39   -20.40    -2.32      0.0404     -6.79 LEFT    5.9353E-05   -172.25  7.4670E-06    -11.26
   45.00      5.00     -2.58   -21.01    -2.52      0.0446     -6.34 LEFT    5.8099E-05   -168.45  6.9565E-06    -10.58
   50.00      5.00     -2.40   -21.78    -2.35      0.0424     -5.63 LEFT    5.9335E-05   -166.04  6.3656E-06     -9.54
   55.00      5.00     -1.94   -22.74    -1.90      0.0351     -4.81 LEFT    6.2542E-05   -165.31  5.7054E-06     -8.13
   60.00      5.00     -1.36   -23.90    -1.34      0.0259     -4.01 LEFT    6.6823E-05   -166.00  4.9899E-06     -6.41
   65.00      5.00     -0.85   -25.33    -0.84      0.0173     -3.27 LEFT    7.0876E-05   -167.56  4.2324E-06     -4.47
   70.00      5.00     -0.60   -27.12    -0.59      0.0105     -2.64 LEFT    7.2924E-05   -169.50  3.4433E-06     -2.44
   75.00      5.00     -0.88   -29.47    -0.87      0.0058     -2.10 LEFT    7.0665E-05   -171.52  2.6274E-06     -0.50
   80.00      5.00     -2.13   -32.83    -2.13      0.0027     -1.66 LEFT    6.1146E-05   -173.52  1.7847E-06      1.14
   85.00      5.00     -5.79   -38.67    -5.78      0.0008     -1.30 LEFT    4.0163E-05   -175.62  9.1102E-07      2.32
   90.00      5.00   -999.99  -999.99  -999.99      0.0000      0.00         3.1851E-15      1.72  5.4502E-17   -177.09
    0.00     10.00      2.22   -12.85     2.35      0.0000    -10.00 LINEAR  1.0094E-04   -190.29  1.7799E-05    -10.29
    5.00     10.00      2.11   -12.87     2.25      0.0008    -10.11 LEFT    9.9702E-05   -190.09  1.7775E-05    -10.36
   10.00     10.00      1.79   -12.90     1.94      0.0035    -10.43 LEFT    9.6104E-05   -189.47  1.7700E-05    -10.58
   15.00     10.00      1.27   -12.97     1.43      0.0083    -10.97 LEFT    9.0526E-05   -188.35  1.7559E-05    -10.89
   20.00     10.00      0.58   -13.08     0.76      0.0160    -11.68 LEFT    8.3574E-05   -186.63  1.7332E-05    -11.24
   25.00     10.00     -0.24   -13.26    -0.03      0.0274    -12.50 LEFT    7.6056E-05   -184.16  1.6992E-05    -11.54
   30.00     10.00     -1.10   -13.50    -0.85      0.0428    -13.27 LEFT    6.8914E-05   -180.86  1.6516E-05    -11.72
   35.00     10.00     -1.86   -13.85    -1.59      0.0609    -13.72 LEFT    6.3099E-05   -176.84  1.5879E-05    -11.69
   40.00     10.00     -2.39   -14.30    -2.12      0.0773    -13.59 LEFT    5.9392E-05   -172.58  1.5070E-05    -11.39
   45.00     10.00     -2.56   -14.89    -2.32      0.0859    -12.75 LEFT    5.8196E-05   -168.87  1.4084E-05    -10.77
   50.00     10.00     -2.38   -15.63    -2.18      0.0827    -11.38 LEFT    5.9442E-05   -166.51  1.2931E-05     -9.81
   55.00     10.00     -1.93   -16.55    -1.78      0.0697     -9.77 LEFT    6.2624E-05   -165.78  1.1631E-05     -8.50
   60.00     10.00     -1.36   -17.68    -1.26      0.0523     -8.16 LEFT    6.6857E-05   -166.44  1.0207E-05     -6.90
   65.00     10.00     -0.85   -19.09    -0.79      0.0356     -6.69 LEFT    7.0849E-05   -167.95  8.6856E-06     -5.08
   70.00     10.00     -0.61   -20.85    -0.57      0.0223     -5.41 LEFT    7.2836E-05   -169.84  7.0861E-06     -3.20
   75.00     10.00     -0.89   -23.18    -0.87      0.0127     -4.33 LEFT    7.0531E-05   -171.82  5.4195E-06     -1.40
   80.00     10.00     -2.16   -26.53    -2.14      0.0064     -3.44 LEFT    6.0999E-05   -173.80  3.6874E-06      0.13
   85.00     10.00     -5.81   -32.36    -5.80      0.0024     -2.69 LEFT    4.0054E-05   -175.88  1.8841E-06      1.23
   90.00     10.00   -999.99  -999.99  -999.99      0.0000      0.00         3.1761E-15      1.47  1.1276E-16   -178.21
    0.00     15.00      2.05    -9.39     2.35      0.0000    -15.00 LINEAR  9.9008E-05   -190.29  2.6529E-05    -10.29
    5.00     15.00      1.95    -9.40     2.25      0.0012    -15.16 LEFT    9.7824E-05   -190.09  2.6503E-05    -10.36
   10.00     15.00      1.64    -9.42     1.96      0.0050    -15.63 LEFT    9.4394E-05   -189.48  2.6418E-05    -10.59
   15.00     15.00      1.13    -9.48     1.49      0.0120    -16.41 LEFT    8.9073E-05   -188.38  2.6252E-05    -10.91
   20.00     15.00      0.46    -9.57     0.87      0.0230    -17.44 LEFT    8.2443E-05   -186.69  2.5973E-05    -11.28
   25.00     15.00     -0.33    -9.72     0.14      0.0389    -18.63 LEFT    7.5274E-05   -184.28  2.5541E-05    -11.60
   30.00     15.00     -1.15    -9.93    -0.61      0.0601    -19.75 LEFT    6.8465E-05   -181.07  2.4913E-05    -11.81
   35.00     15.00     -1.88   -10.24    -1.29      0.0849    -20.45 LEFT    6.2928E-05   -177.20  2.4053E-05    -11.84
   40.00     15.00     -2.38   -10.65    -1.78      0.1079    -20.35 LEFT    5.9412E-05   -173.10  2.2933E-05    -11.60
   45.00     15.00     -2.55   -11.20    -1.99      0.1210    -19.26 LEFT    5.8314E-05   -169.55  2.1542E-05    -11.08
   50.00     15.00     -2.36   -11.89    -1.90      0.1188    -17.34 LEFT    5.9578E-05   -167.27  1.9885E-05    -10.23
   55.00     15.00     -1.91   -12.76    -1.57      0.1026    -15.00 LEFT    6.2719E-05   -166.54  1.7984E-05     -9.07
   60.00     15.00     -1.36   -13.85    -1.12      0.0792    -12.61 LEFT    6.6873E-05   -167.14  1.5868E-05     -7.64
   65.00     15.00     -0.87   -15.21    -0.71      0.0557    -10.40 LEFT    7.0764E-05   -168.58  1.3572E-05     -6.03
   70.00     15.00     -0.64   -16.94    -0.54      0.0361     -8.46 LEFT    7.2650E-05   -170.39  1.1122E-05     -4.36
   75.00     15.00     -0.93   -19.24    -0.86      0.0217     -6.82 LEFT    7.0272E-05   -172.31  8.5371E-06     -2.76
   80.00     15.00     -2.19   -22.56    -2.15      0.0118     -5.44 LEFT    6.0725E-05   -174.24  5.8239E-06     -1.40
   85.00     15.00     -5.85   -28.38    -5.83      0.0053     -4.27 LEFT    3.9854E-05   -176.30  2.9805E-06     -0.41
   90.00     15.00   -999.99  -999.99  -999.99      0.0000      0.00         3.1597E-15      1.06  1.7847E-16   -179.89
    0.00     20.00      1.81    -6.97     2.35      0.0000    -20.00 LINEAR  9.6319E-05   -190.29  3.5057E-05    -10.29
    5.00     20.00      1.71    -6.97     2.26      0.0016    -20.20 LEFT    9.5212E-05   -190.09  3.5039E-05    -10.37
   10.00     20.00      1.41    -6.99     2.00      0.0064    -20.81 LEFT    9.2004E-05   -189.49  3.4975E-05    -10.60
   15.00     20.00      0.93    -7.02     1.58      0.0152    -21.80 LEFT    8.7029E-05   -188.41  3.4836E-05    -10.94
   20.00     20.00      0.29    -7.09     1.02      0.0288    -23.11 LEFT    8.0828E-05   -186.77  3.4576E-05    -11.33
   25.00     20.00     -0.46    -7.20     0.37      0.0481    -24.61 LEFT    7.4126E-05   -184.43  3.4137E-05    -11.69
   30.00     20.00     -1.24    -7.37    -0.29      0.0733    -26.04 LEFT    6.7765E-05   -181.36  3.3458E-05    -11.95
   35.00     20.00     -1.93    -7.63    -0.89      0.1025    -26.99 LEFT    6.2603E-05   -177.67  3.2480E-05    -12.03
   40.00     20.00     -2.39    -7.99    -1.34      0.1300    -27.01 LEFT    5.9350E-05   -173.79  3.1159E-05    -11.89
   45.00     20.00     -2.54    -8.48    -1.55      0.1476    -25.82 LEFT    5.8389E-05   -170.42  2.9464E-05    -11.47
   50.00     20.00     -2.35    -9.11    -1.52      0.1483    -23.52 LEFT    5.9678E-05   -168.26  2.7390E-05    -10.77
   55.00     20.00     -1.91    -9.92    -1.27      0.1322    -20.57 LEFT    6.2765E-05   -167.54  2.4948E-05     -9.79
   60.00     20.00     -1.37   -10.95    -0.91      0.1059    -17.47 LEFT    6.6808E-05   -168.07  2.2168E-05     -8.58
   65.00     20.00     -0.89   -12.25    -0.58      0.0775    -14.53 LEFT    7.0559E-05   -169.41  1.9084E-05     -7.21
   70.00     20.00     -0.68   -13.93    -0.48      0.0527    -11.92 LEFT    7.2307E-05   -171.13  1.5730E-05     -5.78
   75.00     20.00     -0.98   -16.18    -0.85      0.0335     -9.67 LEFT    6.9833E-05   -172.97  1.2131E-05     -4.42
   80.00     20.00     -2.26   -19.48    -2.18      0.0198     -7.76 LEFT    6.0278E-05   -174.84  8.3041E-06     -3.26
   85.00     20.00     -5.92   -25.28    -5.87      0.0103     -6.12 LEFT    3.9534E-05   -176.87  4.2586E-06     -2.40
   90.00     20.00   -999.99  -999.99  -999.99      0.0000      0.00         3.1337E-15      0.51  2.5517E-16   -181.92
    0.00     25.00      1.50    -5.13     2.35      0.0000    -25.00 LINEAR  9.2897E-05   -190.29  4.3318E-05    -10.29
    5.00     25.00      1.40    -5.13     2.27      0.0019    -25.24 LEFT    9.1883E-05   -190.10  4.3321E-05    -10.37
   10.00     25.00      1.12    -5.13     2.04      0.0076    -25.96 LEFT    8.8943E-05   -189.51  4.3317E-05    -10.62
   15.00     25.00      0.66    -5.14     1.68      0.0178    -27.13 LEFT    8.4383E-05   -188.46  4.3267E-05    -10.98
   20.00     25.00      0.06    -5.17     1.20      0.0333    -28.67 LEFT    7.8702E-05   -186.86  4.3111E-05    -11.39
   25.00     25.00     -0.65    -5.24     0.65      0.0547    -30.42 LEFT    7.2564E-05   -184.62  4.2772E-05    -11.79
   30.00     25.00     -1.37    -5.36     0.09      0.0821    -32.10 LEFT    6.6748E-05   -181.70  4.2164E-05    -12.10
   35.00     25.00     -2.01    -5.56    -0.42      0.1132    -33.27 LEFT    6.2046E-05   -178.22  4.1205E-05    -12.26
   40.00     25.00     -2.43    -5.86    -0.80      0.1431    -33.47 LEFT    5.9117E-05   -174.59  3.9818E-05    -12.22
   45.00     25.00     -2.54    -6.28    -1.01      0.1642    -32.34 LEFT    5.8329E-05   -171.46  3.7950E-05    -11.93
   50.00     25.00     -2.35    -6.84    -1.03      0.1693    -29.88 LEFT    5.9655E-05   -169.42  3.5569E-05    -11.39
   55.00     25.00     -1.92    -7.58    -0.88      0.1565    -26.51 LEFT    6.2672E-05   -168.72  3.2670E-05    -10.61
   60.00     25.00     -1.40    -8.53    -0.63      0.1309    -22.80 LEFT    6.6575E-05   -169.18  2.9265E-05     -9.63
   65.00     25.00     -0.94    -9.77    -0.41      0.1004    -19.18 LEFT    7.0149E-05   -170.41  2.5385E-05     -8.51
   70.00     25.00     -0.75   -11.39    -0.39      0.0718    -15.90 LEFT    7.1725E-05   -172.02  2.1062E-05     -7.34
   75.00     25.00     -1.07   -13.60    -0.83      0.0484    -13.02 LEFT    6.9142E-05   -173.76  1.6332E-05     -6.23
   80.00     25.00     -2.36   -16.86    -2.21      0.0306    -10.53 LEFT    5.9599E-05   -175.57  1.1224E-05     -5.26
   85.00     25.00     -6.03   -22.64    -5.93      0.0176     -8.35 LEFT    3.9056E-05   -177.55  5.7704E-06     -4.53
   90.00     25.00   -999.99  -999.99  -999.99      0.0000      0.00         3.0948E-15     -0.17  3.4603E-16   -184.10
    0.00     30.00      1.10    -3.67     2.35      0.0000    -30.00 LINEAR  8.8768E-05   -190.29  5.1250E-05    -10.29
    5.00     30.00      1.01    -3.66     2.29      0.0021    -30.27 LEFT    8.7858E-05   -190.10  5.1288E-05    -10.38
   10.00     30.00      0.75    -3.65     2.10      0.0085    -31.09 LEFT    8.5219E-05   -189.53  5.1384E-05    -10.63
   15.00     30.00      0.32    -3.63     1.79      0.0198    -32.39 LEFT    8.1128E-05   -188.51  5.1493E-05    -11.02
   20.00     30.00     -0.24    -3.62     1.40      0.0364    -34.10 LEFT    7.6032E-05   -186.98  5.1536E-05    -11.46
   25.00     30.00     -0.89    -3.64     0.96      0.0588    -36.03 LEFT    7.0533E-05   -184.84  5.1417E-05    -11.91
   30.00     30.00     -1.56    -3.71     0.51      0.0865    -37.88 LEFT    6.5335E-05   -182.08  5.1022E-05    -12.28
   35.00     30.00     -2.13    -3.84     0.11      0.1176    -39.24 LEFT    6.1159E-05   -178.84  5.0233E-05    -12.52
   40.00     30.00     -2.50    -4.07    -0.21      0.1478    -39.63 LEFT    5.8607E-05   -175.48  4.8940E-05    -12.58
   45.00     30.00     -2.59    -4.41    -0.40      0.1708    -38.67 LEFT    5.8023E-05   -172.59  4.7051E-05    -12.42
   50.00     30.00     -2.39    -4.89    -0.45      0.1804    -36.28 LEFT    5.9393E-05   -170.70  4.4498E-05    -12.05
   55.00     30.00     -1.97    -5.56    -0.39      0.1733    -32.73 LEFT    6.2328E-05   -170.02  4.1240E-05    -11.47
   60.00     30.00     -1.46    -6.44    -0.26      0.1519    -28.60 LEFT    6.6061E-05   -170.42  3.7266E-05    -10.71
   65.00     30.00     -1.03    -7.60    -0.17      0.1227    -24.41 LEFT    6.9424E-05   -171.53  3.2586E-05     -9.84
   70.00     30.00     -0.86    -9.16    -0.26      0.0926    -20.48 LEFT    7.0803E-05   -173.02  2.7230E-05     -8.92
   75.00     30.00     -1.20   -11.32    -0.79      0.0660    -16.95 LEFT    6.8106E-05   -174.66  2.1237E-05     -8.03
   80.00     30.00     -2.50   -14.54    -2.24      0.0444    -13.83 LEFT    5.8612E-05   -176.40  1.4659E-05     -7.25
   85.00     30.00     -6.18   -20.30    -6.02      0.0274    -11.03 LEFT    3.8372E-05   -178.34  7.5558E-06     -6.64
   90.00     30.00   -999.99  -999.99  -999.99      0.0000      0.00         3.0397E-15     -0.94  4.5352E-16   -186.25
    0.00     35.00      0.62    -2.48     2.35      0.0000    -35.00 LINEAR  8.3963E-05   -190.29  5.8792E-05    -10.29
    5.00     35.00      0.54    -2.46     2.30      0.0023    -35.30 LEFT    8.3164E-05   -190.11  5.8878E-05    -10.38
   10.00     35.00      0.29    -2.43     2.15      0.0092    -36.17 LEFT    8.0847E-05   -189.55  5.9119E-05    -10.65
   15.00     35.00     -0.10    -2.38     1.92      0.0210    -37.58 LEFT    7.7256E-05   -188.57  5.9457E-05    -11.06
   20.00     35.00     -0.62    -2.33     1.62      0.0381    -39.39 LEFT    7.2788E-05   -187.10  5.9799E-05    -11.54
   25.00     35.00     -1.21    -2.30     1.29      0.0604    -41.42 LEFT    6.7975E-05   -185.07  6.0024E-05    -12.04
   30.00     35.00     -1.81    -2.30     0.96      0.0872    -43.37 LEFT    6.3444E-05   -182.49  5.9987E-05    -12.47
   35.00     35.00     -2.32    -2.37     0.67      0.1166    -44.85 LEFT    5.9838E-05   -179.49  5.9532E-05    -12.79
   40.00     35.00     -2.64    -2.52     0.43      0.1454    -45.41 LEFT    5.7699E-05   -176.41  5.8505E-05    -12.96
   45.00     35.00     -2.69    -2.78     0.27      0.1688    -44.69 LEFT    5.7341E-05   -173.77  5.6762E-05    -12.93
   50.00     35.00     -2.48    -3.18     0.19      0.1819    -42.52 LEFT    5.8759E-05   -172.03  5.4185E-05    -12.72
   55.00     35.00     -2.07    -3.76     0.18      0.1811    -39.07 LEFT    6.1598E-05   -171.39  5.0686E-05    -12.33
   60.00     35.00     -1.59    -4.57     0.19      0.1664    -34.78 LEFT    6.5136E-05   -171.72  4.6211E-05    -11.78
   65.00     35.00     -1.18    -5.66     0.14      0.1418    -30.19 LEFT    6.8257E-05   -172.72  4.0740E-05    -11.13
   70.00     35.00     -1.03    -7.16    -0.08      0.1131    -25.71 LEFT    6.9421E-05   -174.09  3.4288E-05    -10.43
   75.00     35.00     -1.39    -9.27    -0.73      0.0852    -21.55 LEFT    6.6620E-05   -175.63  2.6899E-05     -9.74
   80.00     35.00     -2.71   -12.45    -2.27      0.0606    -17.76 LEFT    5.7233E-05   -177.29  1.8647E-05     -9.12
   85.00     35.00     -6.40   -18.18    -6.12      0.0396    -14.28 LEFT    3.7429E-05   -179.19  9.6373E-06     -8.61
   90.00     35.00   -999.99  -999.99  -999.99      0.0000      0.00         2.9639E-15     -1.78  5.7896E-16   -188.26
    0.00     40.00      0.04    -1.49     2.35      0.0000    -40.00 LINEAR  7.8520E-05   -190.29  6.5886E-05    -10.29
    5.00     40.00     -0.04    -1.47     2.32      0.0024    -40.31 LEFT    7.7834E-05   -190.11  6.6035E-05    -10.39
   10.00     40.00     -0.26    -1.41     2.21      0.0095    -41.23 LEFT    7.5846E-05   -189.57  6.6460E-05    -10.67
   15.00     40.00     -0.62    -1.33     2.05      0.0215    -42.68 LEFT    7.2767E-05   -188.63  6.7094E-05    -11.10
   20.00     40.00     -1.09    -1.23     1.85      0.0384    -44.53 LEFT    6.8941E-05   -187.22  6.7829E-05    -11.63
   25.00     40.00     -1.63    -1.15     1.63      0.0598    -46.59 LEFT    6.4834E-05   -185.31  6.8519E-05    -12.17
   30.00     40.00     -2.16    -1.09     1.42      0.0847    -48.57 LEFT    6.0991E-05   -182.91  6.8984E-05    -12.67
   35.00     40.00     -2.60    -1.08     1.24      0.1115    -50.10 LEFT    5.7975E-05   -180.15  6.9026E-05    -13.07
   40.00     40.00     -2.86    -1.16     1.09      0.1377    -50.79 LEFT    5.6266E-05   -177.34  6.8436E-05    -13.33
   45.00     40.00     -2.88    -1.34     0.97      0.1601    -50.31 LEFT    5.6143E-05   -174.95  6.7012E-05    -13.44
   50.00     40.00     -2.65    -1.66     0.88      0.1752    -48.47 LEFT    5.7608E-05   -173.37  6.4570E-05    -13.37
   55.00     40.00     -2.25    -2.16     0.80      0.1798    -45.31 LEFT    6.0336E-05   -172.76  6.0956E-05    -13.15
   60.00     40.00     -1.79    -2.89     0.71      0.1726    -41.15 LEFT    6.3653E-05   -173.04  5.6061E-05    -12.79
   65.00     40.00     -1.40    -3.91     0.53      0.1551    -36.42 LEFT    6.6509E-05   -173.94  4.9819E-05    -12.33
   70.00     40.00     -1.28    -5.35     0.15      0.1309    -31.56 LEFT    6.7448E-05   -175.20  4.2220E-05    -11.82
   75.00     40.00     -1.66    -7.41    -0.64      0.1042    -26.84 LEFT    6.4567E-05   -176.64  3.3310E-05    -11.30
   80.00     40.00     -3.00   -10.56    -2.29      0.0781    -22.38 LEFT    5.5368E-05   -178.23  2.3188E-05    -10.81
   85.00     40.00     -6.70   -16.27    -6.24      0.0537    -18.15 LEFT    3.6169E-05   -180.08  1.2015E-05    -10.39
   90.00     40.00   -999.99  -999.99  -999.99      0.0000      0.00         2.8630E-15     -2.65  7.2244E-16   -190.07
    0.00     45.00     -0.66    -0.66     2.35      0.0000    -45.00 LINEAR  7.2479E-05   -190.29  7.2479E-05    -10.29
    5.00     45.00     -0.73    -0.63     2.33      0.0024    -45.32 LEFT    7.1904E-05   -190.12  7.2701E-05    -10.39
   10.00     45.00     -0.93    -0.55     2.27      0.0096    -46.24 LEFT    7.0240E-05   -189.59  7.3345E-05    -10.69
   15.00     45.00     -1.25    -0.44     2.18      0.0214    -47.69 LEFT    6.7665E-05   -188.69  7.4335E-05    -11.15
   20.00     45.00     -1.67    -0.30     2.08      0.0376    -49.53 LEFT    6.4473E-05   -187.35  7.5546E-05    -11.71
   25.00     45.00     -2.15    -0.15     1.97      0.0574    -51.56 LEFT    6.1061E-05   -185.56  7.6807E-05    -12.30
   30.00     45.00     -2.61    -0.03     1.88      0.0799    -53.49 LEFT    5.7898E-05   -183.32  7.7904E-05    -12.86
   35.00     45.00     -2.98     0.05     1.80      0.1035    -55.01 LEFT    5.5468E-05   -180.79  7.8592E-05    -13.34
   40.00     45.00     -3.18     0.05     1.74      0.1265    -55.78 LEFT    5.4184E-05   -178.25  7.8602E-05    -13.70
   45.00     45.00     -3.17    -0.06     1.67      0.1469    -55.51 LEFT    5.4293E-05   -176.09  7.7661E-05    -13.92
   50.00     45.00     -2.93    -0.30     1.59      0.1624    -54.02 LEFT    5.5792E-05   -174.65  7.5509E-05    -13.98
   55.00     45.00     -2.54    -0.73     1.47      0.1707    -51.29 LEFT    5.8389E-05   -174.10  7.1912E-05    -13.91
   60.00     45.00     -2.09    -1.38     1.29      0.1702    -47.47 LEFT    6.1462E-05   -174.33  6.6685E-05    -13.71
   65.00     45.00     -1.73    -2.34     0.98      0.1605    -42.89 LEFT    6.4037E-05   -175.14  5.9707E-05    -13.42
   70.00     45.00     -1.64    -3.72     0.46      0.1430    -37.90 LEFT    6.4754E-05   -176.30  5.0930E-05    -13.06
   75.00     45.00     -2.04    -5.74    -0.49      0.1204    -32.78 LEFT    6.1834E-05   -177.66  4.0393E-05    -12.68
   80.00     45.00     -3.39    -8.85    -2.30      0.0951    -27.72 LEFT    5.2924E-05   -179.17  2.8229E-05    -12.30
   85.00     45.00     -7.10   -14.54    -6.38      0.0687    -22.74 LEFT    3.4533E-05   -180.99  1.4662E-05    -11.95
   90.00     45.00   -999.99  -999.99  -999.99      0.0000      0.00         2.7325E-15     -3.54  8.8226E-16   -191.65
    0.00     50.00     -1.49     0.04     2.35      0.0000    -50.00 LINEAR  6.5886E-05   -190.29  7.8520E-05    -10.29
    5.00     50.00     -1.55     0.07     2.35      0.0024    -50.31 LEFT    6.5417E-05   -190.12  7.8825E-05    -10.40
   10.00     50.00     -1.73     0.17     2.33      0.0093    -51.22 LEFT    6.4059E-05   -189.62  7.9714E-05    -10.71
   15.00     50.00     -2.02     0.32     2.32      0.0206    -52.63 LEFT    6.1962E-05   -188.75  8.1103E-05    -11.20
   20.00     50.00     -2.39     0.50     2.30      0.0356    -54.40 LEFT    5.9372E-05   -187.48  8.2854E-05    -11.79
   25.00     50.00     -2.80     0.70     2.31      0.0536    -56.33 LEFT    5.6621E-05   -185.79  8.4772E-05    -12.43
   30.00     50.00     -3.20     0.89     2.32      0.0733    -58.16 LEFT    5.4104E-05   -183.72  8.6608E-05    -13.05
   35.00     50.00     -3.50     1.03     2.34      0.0936    -59.61 LEFT    5.2229E-05   -181.40  8.8066E-05    -13.60
   40.00     50.00     -3.65     1.11     2.36      0.1132    -60.40 LEFT    5.1346E-05   -179.10  8.8815E-05    -14.05
   45.00     50.00     -3.60     1.08     2.35      0.1310    -60.30 LEFT    5.1662E-05   -177.15  8.8503E-05    -14.36
   50.00     50.00     -3.35     0.91     2.29      0.1457    -59.14 LEFT    5.3174E-05   -175.86  8.6781E-05    -14.55
   55.00     50.00     -2.96     0.55     2.15      0.1559    -56.87 LEFT    5.5616E-05   -175.35  8.3325E-05    -14.60
   60.00     50.00     -2.53    -0.04     1.90      0.1601    -53.56 LEFT    5.8424E-05   -175.56  7.7862E-05    -14.53
   65.00     50.00     -2.20    -0.94     1.49      0.1574    -49.36 LEFT    6.0706E-05   -176.29  7.0195E-05    -14.37
   70.00     50.00     -2.12    -2.27     0.82      0.1475    -44.52 LEFT    6.1215E-05   -177.36  6.0231E-05    -14.14
   75.00     50.00     -2.55    -4.24    -0.30      0.1311    -39.26 LEFT    5.8312E-05   -178.64  4.8000E-05    -13.87
   80.00     50.00     -3.91    -7.32    -2.28      0.1094    -33.77 LEFT    4.9818E-05   -180.10  3.3664E-05    -13.58
   85.00     50.00     -7.63   -12.99    -6.52      0.0832    -28.09 LEFT    3.2469E-05   -181.87  1.7522E-05    -13.28
   90.00     50.00   -999.99  -999.99  -999.99      0.0000      0.00         2.5682E-15     -4.42  1.0551E-15   -193.00
    0.00     55.00     -2.48     0.62     2.35      0.0000    -55.00 LINEAR  5.8792E-05   -190.29  8.3963E-05    -10.29
    5.00     55.00     -2.53     0.66     2.36      0.0022    -55.30 LEFT    5.8419E-05   -190.13  8.4356E-05    -10.40
   10.00     55.00     -2.69     0.78     2.39      0.0088    -56.15 LEFT    5.7342E-05   -189.64  8.5505E-05    -10.73
   15.00     55.00     -2.95     0.96     2.44      0.0193    -57.49 LEFT    5.5683E-05   -188.81  8.7321E-05    -11.24
   20.00     55.00     -3.27     1.19     2.52      0.0328    -59.14 LEFT    5.3643E-05   -187.60  8.9653E-05    -11.87
   25.00     55.00     -3.63     1.44     2.62      0.0486    -60.92 LEFT    5.1497E-05   -186.01  9.2283E-05    -12.55
   30.00     55.00     -3.96     1.69     2.73      0.0654    -62.60 LEFT    4.9568E-05   -184.09  9.4929E-05    -13.22
   35.00     55.00     -4.20     1.90     2.85      0.0825    -63.94 LEFT    4.8195E-05   -181.96  9.7246E-05    -13.84
   40.00     55.00     -4.30     2.04     2.94      0.0989    -64.71 LEFT    4.7665E-05   -179.87  9.8836E-05    -14.36
   45.00     55.00     -4.21     2.07     2.99      0.1139    -64.72 LEFT    4.8150E-05   -178.12  9.9266E-05    -14.77
   50.00     55.00     -3.94     1.97     2.96      0.1271    -63.86 LEFT    4.9641E-05   -176.96  9.8092E-05    -15.05
   55.00     55.00     -3.56     1.68     2.82      0.1376    -62.04 LEFT    5.1900E-05   -176.50  9.4886E-05    -15.20
   60.00     55.00     -3.15     1.15     2.53      0.1444    -59.27 LEFT    5.4421E-05   -176.69  8.9275E-05    -15.25
   65.00     55.00     -2.84     0.31     2.02      0.1467    -55.61 LEFT    5.6405E-05   -177.36  8.0981E-05    -15.20
   70.00     55.00     -2.79    -0.98     1.22      0.1436    -51.17 LEFT    5.6730E-05   -178.36  6.9853E-05    -15.07
   75.00     55.00     -3.23    -2.91    -0.06      0.1343    -46.08 LEFT    5.3916E-05   -179.57  5.5904E-05    -14.88
   80.00     55.00     -4.61    -5.97    -2.23      0.1185    -40.41 LEFT    4.5981E-05   -180.97  3.9329E-05    -14.66
   85.00     55.00     -8.34   -11.62    -6.67      0.0953    -34.21 LEFT    2.9935E-05   -182.72  2.0510E-05    -14.40
   90.00     55.00   -999.99  -999.99  -999.99      0.0000      0.00         2.3669E-15     -5.25  1.2358E-15   -194.14
    0.00     60.00     -3.67     1.10     2.35      0.0000    -60.00 LINEAR  5.1250E-05   -190.29  8.8768E-05    -10.29
    5.00     60.00     -3.72     1.15     2.38      0.0021    -60.27 LEFT    5.0963E-05   -190.13  8.9249E-05    -10.41
   10.00     60.00     -3.86     1.29     2.45      0.0081    -61.06 LEFT    5.0134E-05   -189.66  9.0661E-05    -10.75
   15.00     60.00     -4.08     1.50     2.56      0.0174    -62.27 LEFT    4.8862E-05   -188.86  9.2910E-05    -11.28
   20.00     60.00     -4.36     1.77     2.72      0.0293    -63.76 LEFT    4.7308E-05   -187.71  9.5835E-05    -11.94
   25.00     60.00     -4.66     2.07     2.90      0.0428    -65.36 LEFT    4.5692E-05   -186.21  9.9197E-05    -12.66
   30.00     60.00     -4.94     2.37     3.11      0.0568    -66.85 LEFT    4.4277E-05   -184.42  1.0268E-04    -13.38
   35.00     60.00     -5.13     2.64     3.31      0.0708    -68.04 LEFT    4.3333E-05   -182.46  1.0590E-04    -14.06
   40.00     60.00     -5.17     2.84     3.48      0.0841    -68.75 LEFT    4.3092E-05   -180.56  1.0839E-04    -14.64
   45.00     60.00     -5.05     2.94     3.58      0.0965    -68.85 LEFT    4.3692E-05   -178.98  1.0963E-04    -15.12
   50.00     60.00     -4.77     2.89     3.58      0.1077    -68.21 LEFT    4.5118E-05   -177.94  1.0908E-04    -15.48
   55.00     60.00     -4.39     2.66     3.44      0.1174    -66.79 LEFT    4.7159E-05   -177.52  1.0621E-04    -15.73
   60.00     60.00     -3.99     2.18     3.12      0.1252    -64.56 LEFT    4.9373E-05   -177.70  1.0053E-04    -15.86
   65.00     60.00     -3.70     1.38     2.56      0.1305    -61.50 LEFT    5.1059E-05   -178.33  9.1684E-05    -15.89
   70.00     60.00     -3.67     0.14     1.65      0.1322    -57.65 LEFT    5.1233E-05   -179.27  7.9448E-05    -15.84
   75.00     60.00     -4.13    -1.76     0.22      0.1294    -52.98 LEFT    4.8589E-05   -180.42  6.3817E-05    -15.73
   80.00     60.00     -5.53    -4.79    -2.14      0.1203    -47.49 LEFT    4.1371E-05   -181.78  4.5016E-05    -15.55
   85.00     60.00     -9.26   -10.44    -6.80      0.1027    -41.07 LEFT    2.6907E-05   -183.49  2.3514E-05    -15.33
   90.00     60.00   -999.99  -999.99  -999.99      0.0000      0.00         2.1268E-15     -6.02  1.4176E-15   -195.08
    0.00     65.00     -5.13     1.50     2.35      0.0000    -65.00 LINEAR  4.3318E-05   -190.29  9.2897E-05    -10.29
    5.00     65.00     -5.17     1.55     2.39      0.0018    -65.24 LEFT    4.3105E-05   -190.14  9.3462E-05    -10.41
   10.00     65.00     -5.30     1.70     2.49      0.0071    -65.93 LEFT    4.2489E-05   -189.68  9.5127E-05    -10.77
   15.00     65.00     -5.49     1.94     2.67      0.0151    -67.00 LEFT    4.1547E-05   -188.91  9.7794E-05    -11.32
   20.00     65.00     -5.73     2.25     2.89      0.0252    -68.29 LEFT    4.0406E-05   -187.81  1.0129E-04    -12.01
   25.00     65.00     -5.99     2.59     3.16      0.0363    -69.66 LEFT    3.9238E-05   -186.39  1.0537E-04    -12.76
   30.00     65.00     -6.21     2.94     3.44      0.0477    -70.94 LEFT    3.8248E-05   -184.71  1.0968E-04    -13.52
   35.00     65.00     -6.35     3.26     3.71      0.0589    -71.96 LEFT    3.7649E-05   -182.90  1.1379E-04    -14.24
   40.00     65.00     -6.35     3.52     3.94      0.0694    -72.59 LEFT    3.7623E-05   -181.15  1.1718E-04    -14.88
   45.00     65.00     -6.20     3.67     4.09      0.0793    -72.72 LEFT    3.8273E-05   -179.71  1.1925E-04    -15.42
   50.00     65.00     -5.91     3.68     4.13      0.0884    -72.27 LEFT    3.9581E-05   -178.77  1.1935E-04    -15.85
   55.00     65.00     -5.53     3.49     4.00      0.0968    -71.19 LEFT    4.1367E-05   -178.40  1.1686E-04    -16.16
   60.00     65.00     -5.14     3.06     3.67      0.1043    -69.44 LEFT    4.3253E-05   -178.58  1.1119E-04    -16.37
   65.00     65.00     -4.87     2.30     3.06      0.1106    -66.99 LEFT    4.4645E-05   -179.17  1.0186E-04    -16.47
   70.00     65.00     -4.85     1.09     2.07      0.1152    -63.80 LEFT    4.4705E-05   -180.06  8.8611E-05    -16.48
   75.00     65.00     -5.33    -0.79     0.52      0.1169    -59.78 LEFT    4.2319E-05   -181.17  7.1397E-05    -16.41
   80.00     65.00     -6.74    -3.80    -2.02      0.1141    -54.78 LEFT    3.5981E-05   -182.49  5.0477E-05    -16.28
   85.00     65.00    -10.48    -9.43    -6.91      0.1034    -48.55 LEFT    2.3380E-05   -184.19  2.6402E-05    -16.08
   90.00     65.00   -999.99  -999.99  -999.99      0.0000      0.00         1.8474E-15     -6.70  1.5925E-15   -195.84
    0.00     70.00     -6.97     1.81     2.35      0.0000    -70.00 LINEAR  3.5057E-05   -190.29  9.6319E-05    -10.29
    5.00     70.00     -7.00     1.87     2.40      0.0015    -70.20 LEFT    3.4904E-05   -190.14  9.6961E-05    -10.41
   10.00     70.00     -7.11     2.04     2.54      0.0059    -70.78 LEFT    3.4465E-05   -189.70  9.8855E-05    -10.78
   15.00     70.00     -7.28     2.30     2.75      0.0125    -71.66 LEFT    3.3796E-05   -188.95  1.0190E-04    -11.35
   20.00     70.00     -7.49     2.64     3.04      0.0206    -72.73 LEFT    3.2994E-05   -187.89  1.0592E-04    -12.06
   25.00     70.00     -7.71     3.02     3.37      0.0295    -73.86 LEFT    3.2188E-05   -186.54  1.1065E-04    -12.85
   30.00     70.00     -7.89     3.41     3.72      0.0384    -74.90 LEFT    3.1535E-05   -184.96  1.1572E-04    -13.64
   35.00     70.00     -7.98     3.77     4.05      0.0469    -75.74 LEFT    3.1193E-05   -183.26  1.2066E-04    -14.40
   40.00     70.00     -7.95     4.07     4.33      0.0550    -76.26 LEFT    3.1299E-05   -181.64  1.2489E-04    -15.08
   45.00     70.00     -7.78     4.27     4.53      0.0625    -76.39 LEFT    3.1930E-05   -180.32  1.2774E-04    -15.67
   50.00     70.00     -7.47     4.32     4.59      0.0697    -76.08 LEFT    3.3065E-05   -179.46  1.2849E-04    -16.15
   55.00     70.00     -7.09     4.17     4.49      0.0764    -75.29 LEFT    3.4556E-05   -179.13  1.2639E-04    -16.52
   60.00     70.00     -6.71     3.78     4.15      0.0829    -73.97 LEFT    3.6095E-05   -179.31  1.2076E-04    -16.77
   65.00     70.00     -6.45     3.05     3.51      0.0890    -72.10 LEFT    3.7198E-05   -179.88  1.1105E-04    -16.92
   70.00     70.00     -6.45     1.87     2.46      0.0944    -69.59 LEFT    3.7183E-05   -180.73  9.6906E-05    -16.98
   75.00     70.00     -6.94     0.01     0.81      0.0986    -66.33 LEFT    3.5144E-05   -181.80  7.8278E-05    -16.95
   80.00     70.00     -8.36    -2.98    -1.88      0.1002    -62.09 LEFT    2.9844E-05   -183.10  5.5443E-05    -16.85
   85.00     70.00    -12.12    -8.60    -7.00      0.0961    -56.50 LEFT    1.9378E-05   -184.77  2.9032E-05    -16.67
   90.00     70.00   -999.99  -999.99  -999.99      0.0000      0.00         1.5307E-15     -7.28  1.7518E-15   -196.43
    0.00     75.00     -9.39     2.05     2.35      0.0000    -75.00 LINEAR  2.6529E-05   -190.29  9.9008E-05    -10.29
    5.00     75.00     -9.42     2.11     2.41      0.0012    -75.16 LEFT    2.6426E-05   -190.14  9.9714E-05    -10.42
   10.00     75.00     -9.52     2.29     2.57      0.0046    -75.61 LEFT    2.6129E-05   -189.71  1.0180E-04    -10.80
   15.00     75.00     -9.67     2.58     2.83      0.0096    -76.29 LEFT    2.5681E-05   -188.98  1.0517E-04    -11.38
   20.00     75.00     -9.85     2.94     3.16      0.0158    -77.11 LEFT    2.5149E-05   -187.96  1.0963E-04    -12.11
   25.00     75.00    -10.03     3.35     3.54      0.0223    -77.97 LEFT    2.4626E-05   -186.66  1.1491E-04    -12.91
   30.00     75.00    -10.18     3.77     3.94      0.0288    -78.76 LEFT    2.4223E-05   -185.15  1.2063E-04    -13.73
   35.00     75.00    -10.24     4.17     4.32      0.0350    -79.40 LEFT    2.4053E-05   -183.55  1.2628E-04    -14.52
   40.00     75.00    -10.18     4.50     4.65      0.0408    -79.80 LEFT    2.4215E-05   -182.03  1.3124E-04    -15.24
   45.00     75.00     -9.99     4.73     4.88      0.0463    -79.92 LEFT    2.4759E-05   -180.79  1.3478E-04    -15.86
   50.00     75.00     -9.67     4.82     4.97      0.0515    -79.72 LEFT    2.5667E-05   -180.00  1.3610E-04    -16.38
   55.00     75.00     -9.29     4.70     4.87      0.0566    -79.16 LEFT    2.6825E-05   -179.70  1.3436E-04    -16.79
   60.00     75.00     -8.92     4.34     4.54      0.0616    -78.22 LEFT    2.7998E-05   -179.88  1.2880E-04    -17.08
   65.00     75.00     -8.67     3.63     3.88      0.0667    -76.87 LEFT    2.8818E-05   -180.43  1.1878E-04    -17.27
   70.00     75.00     -8.68     2.47     2.79      0.0717    -75.03 LEFT    2.8768E-05   -181.26  1.0391E-04    -17.36
   75.00     75.00     -9.18     0.63     1.06      0.0764    -72.58 LEFT    2.7156E-05   -182.31  8.4095E-05    -17.36
   80.00     75.00    -10.61    -2.35    -1.75      0.0801    -69.29 LEFT    2.3039E-05   -183.58  5.9648E-05    -17.28
   85.00     75.00    -14.37    -7.96    -7.07      0.0806    -64.74 LEFT    1.4950E-05   -185.24  3.1260E-05    -17.12
   90.00     75.00   -999.99  -999.99  -999.99      0.0000      0.00         1.1807E-15     -7.75  1.8868E-15   -196.88
    0.00     80.00    -12.85     2.22     2.35      0.0000    -80.00 LINEAR  1.7799E-05   -190.29  1.0094E-04    -10.29
    5.00     80.00    -12.88     2.28     2.41      0.0008    -80.11 LEFT    1.7736E-05   -190.14  1.0170E-04    -10.42
   10.00     80.00    -12.97     2.47     2.60      0.0031    -80.41 LEFT    1.7555E-05   -189.72  1.0393E-04    -10.80
   15.00     80.00    -13.11     2.77     2.88      0.0065    -80.88 LEFT    1.7282E-05   -189.01  1.0754E-04    -11.40
   20.00     80.00    -13.27     3.15     3.25      0.0106    -81.43 LEFT    1.6963E-05   -188.01  1.1234E-04    -12.14
   25.00     80.00    -13.43     3.58     3.66      0.0150    -82.01 LEFT    1.6655E-05   -186.75  1.1804E-04    -12.96
   30.00     80.00    -13.55     4.02     4.10      0.0192    -82.55 LEFT    1.6430E-05   -185.29  1.2426E-04    -13.80
   35.00     80.00    -13.59     4.45     4.52      0.0233    -82.97 LEFT    1.6362E-05   -183.75  1.3046E-04    -14.61
   40.00     80.00    -13.51     4.81     4.87      0.0270    -83.25 LEFT    1.6511E-05   -182.30  1.3598E-04    -15.35
   45.00     80.00    -13.30     5.06     5.13      0.0306    -83.34 LEFT    1.6910E-05   -181.13  1.4005E-04    -16.00
   50.00     80.00    -12.98     5.17     5.24      0.0340    -83.22 LEFT    1.7544E-05   -180.38  1.4181E-04    -16.55
   55.00     80.00    -12.60     5.08     5.16      0.0373    -82.86 LEFT    1.8336E-05   -180.11  1.4036E-04    -16.98
   60.00     80.00    -12.23     4.74     4.82      0.0407    -82.26 LEFT    1.9128E-05   -180.29  1.3487E-04    -17.30
   65.00     80.00    -11.99     4.05     4.16      0.0443    -81.39 LEFT    1.9671E-05   -180.83  1.2464E-04    -17.52
   70.00     80.00    -12.01     2.90     3.04      0.0480    -80.18 LEFT    1.9618E-05   -181.65  1.0922E-04    -17.63
   75.00     80.00    -12.52     1.08     1.26      0.0519    -78.55 LEFT    1.8502E-05   -182.67  8.8519E-05    -17.65
   80.00     80.00    -13.95    -1.90    -1.63      0.0556    -76.32 LEFT    1.5686E-05   -183.94  6.2848E-05    -17.58
   85.00     80.00    -17.71    -7.50    -7.11      0.0580    -73.13 LEFT    1.0174E-05   -185.59  3.2958E-05    -17.43
   90.00     80.00   -999.99  -999.99  -999.99      0.0000      0.00         8.0341E-16     -8.09  1.9897E-15   -197.19
    0.00     85.00    -18.84     2.32     2.35      0.0000    -85.00 LINEAR  8.9335E-06   -190.29  1.0211E-04    -10.29
    5.00     85.00    -18.87     2.39     2.42      0.0004    -85.05 LEFT    8.9036E-06   -190.15  1.0290E-04    -10.42
   10.00     85.00    -18.95     2.58     2.61      0.0016    -85.21 LEFT    8.8183E-06   -189.73  1.0522E-04    -10.81
   15.00     85.00    -19.08     2.89     2.91      0.0033    -85.44 LEFT    8.6904E-06   -189.02  1.0898E-04    -11.41
   20.00     85.00    -19.23     3.28     3.30      0.0054    -85.73 LEFT    8.5414E-06   -188.04  1.1399E-04    -12.16
   25.00     85.00    -19.38     3.72     3.74      0.0075    -86.02 LEFT    8.4002E-06   -186.80  1.1996E-04    -12.99
   30.00     85.00    -19.48     4.18     4.20      0.0096    -86.29 LEFT    8.3016E-06   -185.38  1.2648E-04    -13.84
   35.00     85.00    -19.50     4.62     4.63      0.0116    -86.50 LEFT    8.2812E-06   -183.88  1.3303E-04    -14.67
   40.00     85.00    -19.41     4.99     5.01      0.0135    -86.64 LEFT    8.3687E-06   -182.47  1.3891E-04    -15.42
   45.00     85.00    -19.19     5.26     5.28      0.0152    -86.69 LEFT    8.5797E-06   -181.34  1.4331E-04    -16.08
   50.00     85.00    -18.87     5.39     5.40      0.0169    -86.63 LEFT    8.9062E-06   -180.61  1.4536E-04    -16.64
   55.00     85.00    -18.48     5.31     5.33      0.0185    -86.46 LEFT    9.3084E-06   -180.36  1.4410E-04    -17.09
   60.00     85.00    -18.12     4.98     5.00      0.0203    -86.17 LEFT    9.7071E-06   -180.54  1.3866E-04    -17.43
   65.00     85.00    -17.88     4.30     4.33      0.0221    -85.74 LEFT    9.9776E-06   -181.08  1.2829E-04    -17.66
   70.00     85.00    -17.91     3.16     3.20      0.0241    -85.14 LEFT    9.9448E-06   -181.88  1.1254E-04    -17.79
   75.00     85.00    -18.42     1.35     1.39      0.0262    -84.33 LEFT    9.3742E-06   -182.90  9.1286E-05    -17.82
   80.00     85.00    -19.86    -1.62    -1.56      0.0284    -83.21 LEFT    7.9437E-06   -184.15  6.4852E-05    -17.76
   85.00     85.00    -23.62    -7.23    -7.13      0.0303    -81.56 LEFT    5.1510E-06   -185.80  3.4021E-05    -17.61
   90.00     85.00   -999.99  -999.99  -999.99      0.0000      0.00         4.0672E-16     -8.30  2.0541E-15   -197.38
    0.00     90.00   -999.99     2.35     2.35      0.0000     90.00 LINEAR  5.2310E-16    -10.29  1.0250E-04    -10.29
    5.00     90.00   -194.86     2.42     2.42      0.0000     90.00 LINEAR  1.4124E-14    -88.18  1.0330E-04    -10.42
   10.00     90.00   -189.22     2.62     2.62      0.0000     90.00 LINEAR  2.7054E-14    -90.16  1.0565E-04    -10.81
   15.00     90.00   -186.30     2.92     2.92      0.0000     90.00 LINEAR  3.7844E-14    -92.30  1.0946E-04    -11.41
   20.00     90.00   -184.70     3.32     3.32      0.0000     90.00 LINEAR  4.5526E-14    -95.52  1.1454E-04    -12.17
   25.00     90.00   -183.99     3.77     3.77      0.0000     90.00 LINEAR  4.9373E-14   -100.66  1.2060E-04    -13.00
   30.00     90.00   -184.01     4.23     4.23      0.0000    -90.00 LINEAR  4.9272E-14   -109.28  1.2723E-04    -13.86
   35.00     90.00   -184.49     4.67     4.67      0.0000    -90.00 LINEAR  4.6611E-14   -124.11  1.3389E-04    -14.68
   40.00     90.00   -184.61     5.05     5.05      0.0000    -90.00 LINEAR  4.5970E-14   -147.86  1.3989E-04    -15.44
   45.00     90.00   -183.11     5.33     5.33      0.0000    -90.00 LINEAR  5.4651E-14   -175.47  1.4442E-04    -16.11
   50.00     90.00   -180.34     5.46     5.46      0.0000    -90.00 LINEAR  7.5156E-14   -196.14  1.4656E-04    -16.68
   55.00     90.00   -177.57     5.39     5.39      0.0000    -90.00 LINEAR  1.0346E-13   -208.56  1.4537E-04    -17.13
   60.00     90.00   -175.31     5.06     5.06      0.0000    -90.00 LINEAR  1.3421E-13   -215.94  1.3994E-04    -17.48
   65.00     90.00   -173.67     4.39     4.39      0.0000    -90.00 LINEAR  1.6198E-13   -220.58  1.2954E-04    -17.71
   70.00     90.00   -172.71     3.25     3.25      0.0000    -90.00 LINEAR  1.8086E-13   -223.73  1.1367E-04    -17.84
   75.00     90.00   -172.56     1.44     1.44      0.0000    -90.00 LINEAR  1.8419E-13   -226.06  9.2228E-05    -17.88
   80.00     90.00   -173.56    -1.53    -1.53      0.0000    -90.00 LINEAR  1.6401E-13   -228.03  6.5535E-05    -17.82
   85.00     90.00   -177.09    -7.13    -7.13      0.0000    -90.00 LINEAR  1.0932E-13   -230.02  3.4383E-05    -17.67
   90.00     90.00   -999.99  -999.99  -999.99      0.0000      0.00         1.4255E-20   -120.70  2.0761E-15   -197.44
    0.00     95.00    -18.84     2.32     2.35      0.0000     85.00 LINEAR  8.9335E-06    -10.29  1.0211E-04    -10.29
    5.00     95.00    -18.87     2.39     2.42      0.0004     85.05 RIGHT   8.9036E-06    -10.15  1.0290E-04    -10.42
   10.00     95.00    -18.95     2.58     2.61      0.0016     85.21 RIGHT   8.8183E-06     -9.73  1.0522E-04    -10.81
   15.00     95.00    -19.08     2.89     2.91      0.0033     85.44 RIGHT   8.6904E-06     -9.02  1.0898E-04    -11.41
   20.00     95.00    -19.23     3.28     3.30      0.0054     85.73 RIGHT   8.5414E-06     -8.04  1.1399E-04    -12.16
   25.00     95.00    -19.38     3.72     3.74      0.0075     86.02 RIGHT   8.4002E-06     -6.80  1.1996E-04    -12.99
   30.00     95.00    -19.48     4.18     4.20      0.0096     86.29 RIGHT   8.3016E-06     -5.38  1.2648E-04    -13.84
   35.00     95.00    -19.50     4.62     4.63      0.0116     86.50 RIGHT   8.2812E-06     -3.88  1.3303E-04    -14.67
   40.00     95.00    -19.41     4.99     5.01      0.0135     86.64 RIGHT   8.3687E-06     -2.47  1.3891E-04    -15.42
   45.00     95.00    -19.19     5.26     5.28      0.0152     86.69 RIGHT   8.5797E-06     -1.34  1.4331E-04    -16.08
   50.00     95.00    -18.87     5.39     5.40      0.0169     86.63 RIGHT   8.9062E-06     -0.61  1.4536E-04    -16.64
   55.00     95.00    -18.48     5.31     5.33      0.0185     86.46 RIGHT   9.3084E-06     -0.36  1.4410E-04    -17.09
   60.00     95.00    -18.12     4.98     5.00      0.0203     86.17 RIGHT   9.7071E-06     -0.54  1.3866E-04    -17.43
   65.00     95.00    -17.88     4.30     4.33      0.0221     85.74 RIGHT   9.9776E-06     -1.08  1.2829E-04    -17.66
   70.00     95.00    -17.91     3.16     3.20      0.0241     85.14 RIGHT   9.9448E-06     -1.88  1.1254E-04    -17.79
   75.00     95.00    -18.42     1.35     1.39      0.0262     84.33 RIGHT   9.3742E-06     -2.90  9.1286E-05    -17.82
   80.00     95.00    -19.86    -1.62    -1.56      0.0284     83.21 RIGHT   7.9437E-06     -4.15  6.4852E-05    -17.76
   85.00     95.00    -23.62    -7.23    -7.13      0.0303     81.56 RIGHT   5.1510E-06     -5.80  3.4021E-05    -17.61
   90.00     95.00   -999.99  -999.99  -999.99      0.0000      0.00         4.0673E-16   -188.29  2.0541E-15   -197.38
    0.00    100.00    -12.85     2.22     2.35      0.0000     80.00 LINEAR  1.7799E-05    -10.29  1.0094E-04    -10.29
    5.00    100.00    -12.88     2.28     2.41      0.0008     80.11 RIGHT   1.7736E-05    -10.14  1.0170E-04    -10.42
   10.00    100.00    -12.97     2.47     2.60      0.0031     80.41 RIGHT   1.7555E-05     -9.72  1.0393E-04    -10.80
   15.00    100.00    -13.11     2.77     2.88      0.0065     80.88 RIGHT   1.7282E-05     -9.01  1.0754E-04    -11.40
   20.00    100.00    -13.27     3.15     3.25      0.0106     81.43 RIGHT   1.6963E-05     -8.01  1.1234E-04    -12.14
   25.00    100.00    -13.43     3.58     3.66      0.0150     82.01 RIGHT   1.6655E-05     -6.75  1.1804E-04    -12.96
   30.00    100.00    -13.55     4.02     4.10      0.0192     82.55 RIGHT   1.6430E-05     -5.29  1.2426E-04    -13.80
   35.00    100.00    -13.59     4.45     4.52      0.0233     82.97 RIGHT   1.6362E-05     -3.75  1.3046E-04    -14.61
   40.00    100.00    -13.51     4.81     4.87      0.0270     83.25 RIGHT   1.6511E-05     -2.30  1.3598E-04    -15.35
   45.00    100.00    -13.30     5.06     5.13      0.0306     83.34 RIGHT   1.6910E-05     -1.13  1.4005E-04    -16.00
   50.00    100.00    -12.98     5.17     5.24      0.0340     83.22 RIGHT   1.7544E-05     -0.38  1.4181E-04    -16.55
   55.00    100.00    -12.60     5.08     5.16      0.0373     82.86 RIGHT   1.8336E-05     -0.11  1.4036E-04    -16.98
   60.00    100.00    -12.23     4.74     4.82      0.0407     82.26 RIGHT   1.9128E-05     -0.29  1.3487E-04    -17.30
   65.00    100.00    -11.99     4.05     4.16      0.0443     81.39 RIGHT   1.9671E-05     -0.83  1.2464E-04    -17.52
   70.00    100.00    -12.01     2.90     3.04      0.0480     80.18 RIGHT   1.9618E-05     -1.65  1.0922E-04    -17.63
   75.00    100.00    -12.52     1.08     1.26      0.0519     78.55 RIGHT   1.8502E-05     -2.67  8.8519E-05    -17.65
   80.00    100.00    -13.95    -1.90    -1.63      0.0556     76.32 RIGHT   1.5686E-05     -3.94  6.2848E-05    -17.58
   85.00    100.00    -17.71    -7.50    -7.11      0.0580     73.13 RIGHT   1.0174E-05     -5.59  3.2958E-05    -17.43
   90.00    100.00   -999.99  -999.99  -999.99      0.0000      0.00         8.0341E-16   -188.09  1.9897E-15   -197.19
    0.00    105.00     -9.39     2.05     2.35      0.0000     75.00 LINEAR  2.6529E-05    -10.29  9.9008E-05    -10.29
    5.00    105.00     -9.42     2.11     2.41      0.0012     75.16 RIGHT   2.6426E-05    -10.14  9.9714E-05    -10.42
   10.00    105.00     -9.52     2.29     2.57      0.0046     75.61 RIGHT   2.6129E-05     -9.71  1.0180E-04    -10.80
   15.00    105.00     -9.67     2.58     2.83      0.0096     76.29 RIGHT   2.5681E-05     -8.98  1.0517E-04    -11.38
   20.00    105.00     -9.85     2.94     3.16      0.0158     77.11 RIGHT   2.5149E-05     -7.96  1.0963E-04    -12.11
   25.00    105.00    -10.03     3.35     3.54      0.0223     77.97 RIGHT   2.4626E-05     -6.66  1.1491E-04    -12.91
   30.00    105.00    -10.18     3.77     3.94      0.0288     78.76 RIGHT   2.4223E-05     -5.15  1.2063E-04    -13.73
   35.00    105.00    -10.24     4.17     4.32      0.0350     79.40 RIGHT   2.4053E-05     -3.55  1.2628E-04    -14.52
   40.00    105.00    -10.18     4.50     4.65      0.0408     79.80 RIGHT   2.4215E-05     -2.03  1.3124E-04    -15.24
   45.00    105.00     -9.99     4.73     4.88      0.0463     79.92 RIGHT   2.4759E-05     -0.79  1.3478E-04    -15.86
   50.00    105.00     -9.67     4.82     4.97      0.0515     79.72 RIGHT   2.5667E-05      0.00  1.3610E-04    -16.38
   55.00    105.00     -9.29     4.70     4.87      0.0566     79.16 RIGHT   2.6825E-05      0.30  1.3436E-04    -16.79
   60.00    105.00     -8.92     4.34     4.54      0.0616     78.22 RIGHT   2.7998E-05      0.12  1.2880E-04    -17.08
   65.00    105.00     -8.67     3.63     3.88      0.0667     76.87 RIGHT   2.8818E-05     -0.43  1.1878E-04    -17.27
   70.00    105.00     -8.68     2.47     2.79      0.0717     75.03 RIGHT   2.8768E-05     -1.26  1.0391E-04    -17.36
   75.00    105.00     -9.18     0.63     1.06      0.0764     72.58 RIGHT   2.7156E-05     -2.31  8.4095E-05    -17.36
   80.00    105.00    -10.61    -2.35    -1.75      0.0801     69.29 RIGHT   2.3039E-05     -3.58  5.9648E-05    -17.28
   85.00    105.00    -14.37    -7.96    -7.07      0.0806     64.74 RIGHT   1.4950E-05     -5.24  3.1260E-05    -17.12
   90.00    105.00   -999.99  -999.99  -999.99      0.0000      0.00         1.1807E-15   -187.75  1.8868E-15   -196.88
    0.00    110.00     -6.97     1.81     2.35      0.0000     70.00 LINEAR  3.5057E-05    -10.29  9.6319E-05    -10.29
    5.00    110.00     -7.00     1.87     2.40      0.0015     70.20 RIGHT   3.4904E-05    -10.14  9.6961E-05    -10.41
   10.00    110.00     -7.11     2.04     2.54      0.0059     70.78 RIGHT   3.4465E-05     -9.70  9.8855E-05    -10.78
   15.00    110.00     -7.28     2.30     2.75      0.0125     71.66 RIGHT   3.3796E-05     -8.95  1.0190E-04    -11.35
   20.00    110.00     -7.49     2.64     3.04      0.0206     72.73 RIGHT   3.2994E-05     -7.89  1.0592E-04    -12.06
   25.00    110.00     -7.71     3.02     3.37      0.0295     73.86 RIGHT   3.2188E-05     -6.54  1.1065E-04    -12.85
   30.00    110.00     -7.89     3.41     3.72      0.0384     74.90 RIGHT   3.1535E-05     -4.96  1.1572E-04    -13.64
   35.00    110.00     -7.98     3.77     4.05      0.0469     75.74 RIGHT   3.1193E-05     -3.26  1.2066E-04    -14.40
   40.00    110.00     -7.95     4.07     4.33      0.0550     76.26 RIGHT   3.1299E-05     -1.64  1.2489E-04    -15.08
   45.00    110.00     -7.78     4.27     4.53      0.0625     76.39 RIGHT   3.1930E-05     -0.32  1.2774E-04    -15.67
   50.00    110.00     -7.47     4.32     4.59      0.0697     76.08 RIGHT   3.3065E-05      0.54  1.2849E-04    -16.15
   55.00    110.00     -7.09     4.17     4.49      0.0764     75.29 RIGHT   3.4556E-05      0.87  1.2639E-04    -16.52
   60.00    110.00     -6.71     3.78     4.15      0.0829     73.97 RIGHT   3.6095E-05      0.69  1.2076E-04    -16.77
   65.00    110.00     -6.45     3.05     3.51      0.0890     72.10 RIGHT   3.7198E-05      0.12  1.1105E-04    -16.92
   70.00    110.00     -6.45     1.87     2.46      0.0944     69.59 RIGHT   3.7183E-05     -0.73  9.6906E-05    -16.98
   75.00    110.00     -6.94     0.01     0.81      0.0986     66.33 RIGHT   3.5144E-05     -1.80  7.8278E-05    -16.95
   80.00    110.00     -8.36    -2.98    -1.88      0.1002     62.09 RIGHT   2.9844E-05     -3.10  5.5443E-05    -16.85
   85.00    110.00    -12.12    -8.60    -7.00      0.0961     56.50 RIGHT   1.9378E-05     -4.77  2.9032E-05    -16.67
   90.00    110.00   -999.99  -999.99  -999.99      0.0000      0.00         1.5307E-15   -187.28  1.7518E-15   -196.43
    0.00    115.00     -5.13     1.50     2.35      0.0000     65.00 LINEAR  4.3318E-05    -10.29  9.2897E-05    -10.29
    5.00    115.00     -5.17     1.55     2.39      0.0018     65.24 RIGHT   4.3105E-05    -10.14  9.3462E-05    -10.41
   10.00    115.00     -5.30     1.70     2.49      0.0071     65.93 RIGHT   4.2489E-05     -9.68  9.5127E-05    -10.77
   15.00    115.00     -5.49     1.94     2.67      0.0151     67.00 RIGHT   4.1547E-05     -8.91  9.7794E-05    -11.32
   20.00    115.00     -5.73     2.25     2.89      0.0252     68.29 RIGHT   4.0406E-05     -7.81  1.0129E-04    -12.01
   25.00    115.00     -5.99     2.59     3.16      0.0363     69.66 RIGHT   3.9238E-05     -6.39  1.0537E-04    -12.76
   30.00    115.00     -6.21     2.94     3.44      0.0477     70.94 RIGHT   3.8248E-05     -4.71  1.0968E-04    -13.52
   35.00    115.00     -6.35     3.26     3.71      0.0589     71.96 RIGHT   3.7649E-05     -2.90  1.1379E-04    -14.24
   40.00    115.00     -6.35     3.52     3.94      0.0694     72.59 RIGHT   3.7623E-05     -1.15  1.1718E-04    -14.88
   45.00    115.00     -6.20     3.67     4.09      0.0793     72.72 RIGHT   3.8273E-05      0.29  1.1925E-04    -15.42
   50.00    115.00     -5.91     3.68     4.13      0.0884     72.27 RIGHT   3.9581E-05      1.23  1.1935E-04    -15.85
   55.00    115.00     -5.53     3.49     4.00      0.0968     71.19 RIGHT   4.1367E-05      1.60  1.1686E-04    -16.16
   60.00    115.00     -5.14     3.06     3.67      0.1043     69.44 RIGHT   4.3253E-05      1.42  1.1119E-04    -16.37
   65.00    115.00     -4.87     2.30     3.06      0.1106     66.99 RIGHT   4.4645E-05      0.83  1.0186E-04    -16.47
   70.00    115.00     -4.85     1.09     2.07      0.1152     63.80 RIGHT   4.4705E-05     -0.06  8.8611E-05    -16.48
   75.00    115.00     -5.33    -0.79     0.52      0.1169     59.78 RIGHT   4.2319E-05     -1.17  7.1397E-05    -16.41
   80.00    115.00     -6.74    -3.80    -2.02      0.1141     54.78 RIGHT   3.5981E-05     -2.49  5.0477E-05    -16.28
   85.00    115.00    -10.48    -9.43    -6.91      0.1034     48.55 RIGHT   2.3380E-05     -4.19  2.6402E-05    -16.08
   90.00    115.00   -999.99  -999.99  -999.99      0.0000      0.00         1.8474E-15   -186.70  1.5925E-15   -195.84
    0.00    120.00     -3.67     1.10     2.35      0.0000     60.00 LINEAR  5.1250E-05    -10.29  8.8768E-05    -10.29
    5.00    120.00     -3.72     1.15     2.38      0.0021     60.27 RIGHT   5.0963E-05    -10.13  8.9249E-05    -10.41
   10.00    120.00     -3.86     1.29     2.45      0.0081     61.06 RIGHT   5.0134E-05     -9.66  9.0661E-05    -10.75
   15.00    120.00     -4.08     1.50     2.56      0.0174     62.27 RIGHT   4.8862E-05     -8.86  9.2910E-05    -11.28
   20.00    120.00     -4.36     1.77     2.72      0.0293     63.76 RIGHT   4.7308E-05     -7.71  9.5835E-05    -11.94
   25.00    120.00     -4.66     2.07     2.90      0.0428     65.36 RIGHT   4.5692E-05     -6.21  9.9197E-05    -12.66
   30.00    120.00     -4.94     2.37     3.11      0.0568     66.85 RIGHT   4.4277E-05     -4.42  1.0268E-04    -13.38
   35.00    120.00     -5.13     2.64     3.31      0.0708     68.04 RIGHT   4.3333E-05     -2.46  1.0590E-04    -14.06
   40.00    120.00     -5.17     2.84     3.48      0.0841     68.75 RIGHT   4.3092E-05     -0.56  1.0839E-04    -14.64
   45.00    120.00     -5.05     2.94     3.58      0.0965     68.85 RIGHT   4.3692E-05      1.02  1.0963E-04    -15.12
   50.00    120.00     -4.77     2.89     3.58      0.1077     68.21 RIGHT   4.5118E-05      2.06  1.0908E-04    -15.48
   55.00    120.00     -4.39     2.66     3.44      0.1174     66.79 RIGHT   4.7159E-05      2.48  1.0621E-04    -15.73
   60.00    120.00     -3.99     2.18     3.12      0.1252     64.56 RIGHT   4.9373E-05      2.30  1.0053E-04    -15.86
   65.00    120.00     -3.70     1.38     2.56      0.1305     61.50 RIGHT   5.1059E-05      1.67  9.1684E-05    -15.89
   70.00    120.00     -3.67     0.14     1.65      0.1322     57.65 RIGHT   5.1233E-05      0.73  7.9448E-05    -15.84
   75.00    120.00     -4.13    -1.76     0.22      0.1294     52.98 RIGHT   4.8589E-05     -0.42  6.3817E-05    -15.73
   80.00    120.00     -5.53    -4.79    -2.14      0.1203     47.49 RIGHT   4.1371E-05     -1.78  4.5016E-05    -15.55
   85.00    120.00     -9.26   -10.44    -6.80      0.1027     41.07 RIGHT   2.6907E-05     -3.49  2.3514E-05    -15.33
   90.00    120.00   -999.99  -999.99  -999.99      0.0000      0.00         2.1267E-15   -186.02  1.4177E-15   -195.08
    0.00    125.00     -2.48     0.62     2.35      0.0000     55.00 LINEAR  5.8792E-05    -10.29  8.3963E-05    -10.29
    5.00    125.00     -2.53     0.66     2.36      0.0022     55.30 RIGHT   5.8419E-05    -10.13  8.4356E-05    -10.40
   10.00    125.00     -2.69     0.78     2.39      0.0088     56.15 RIGHT   5.7342E-05     -9.64  8.5505E-05    -10.73
   15.00    125.00     -2.95     0.96     2.44      0.0193     57.49 RIGHT   5.5683E-05     -8.81  8.7321E-05    -11.24
   20.00    125.00     -3.27     1.19     2.52      0.0328     59.14 RIGHT   5.3643E-05     -7.60  8.9653E-05    -11.87
   25.00    125.00     -3.63     1.44     2.62      0.0486     60.92 RIGHT   5.1497E-05     -6.01  9.2283E-05    -12.55
   30.00    125.00     -3.96     1.69     2.73      0.0654     62.60 RIGHT   4.9568E-05     -4.09  9.4929E-05    -13.22
   35.00    125.00     -4.20     1.90     2.85      0.0825     63.94 RIGHT   4.8195E-05     -1.96  9.7246E-05    -13.84
   40.00    125.00     -4.30     2.04     2.94      0.0989     64.71 RIGHT   4.7665E-05      0.13  9.8836E-05    -14.36
   45.00    125.00     -4.21     2.07     2.99      0.1139     64.72 RIGHT   4.8150E-05      1.88  9.9266E-05    -14.77
   50.00    125.00     -3.94     1.97     2.96      0.1271     63.86 RIGHT   4.9641E-05      3.04  9.8092E-05    -15.05
   55.00    125.00     -3.56     1.68     2.82      0.1376     62.04 RIGHT   5.1900E-05      3.50  9.4886E-05    -15.20
   60.00    125.00     -3.15     1.15     2.53      0.1444     59.27 RIGHT   5.4421E-05      3.31  8.9275E-05    -15.25
   65.00    125.00     -2.84     0.31     2.02      0.1467     55.61 RIGHT   5.6405E-05      2.64  8.0981E-05    -15.20
   70.00    125.00     -2.79    -0.98     1.22      0.1436     51.17 RIGHT   5.6730E-05      1.64  6.9853E-05    -15.07
   75.00    125.00     -3.23    -2.91    -0.06      0.1343     46.08 RIGHT   5.3916E-05      0.43  5.5904E-05    -14.88
   80.00    125.00     -4.61    -5.97    -2.23      0.1185     40.41 RIGHT   4.5981E-05     -0.97  3.9329E-05    -14.66
   85.00    125.00     -8.34   -11.62    -6.67      0.0953     34.21 RIGHT   2.9935E-05     -2.72  2.0510E-05    -14.40
   90.00    125.00   -999.99  -999.99  -999.99      0.0000      0.00         2.3669E-15   -185.25  1.2358E-15   -194.14
    0.00    130.00     -1.49     0.04     2.35      0.0000     50.00 LINEAR  6.5886E-05    -10.29  7.8520E-05    -10.29
    5.00    130.00     -1.55     0.07     2.35      0.0024     50.31 RIGHT   6.5417E-05    -10.12  7.8825E-05    -10.40
   10.00    130.00     -1.73     0.17     2.33      0.0093     51.22 RIGHT   6.4059E-05     -9.62  7.9714E-05    -10.71
   15.00    130.00     -2.02     0.32     2.32      0.0206     52.63 RIGHT   6.1962E-05     -8.75  8.1103E-05    -11.20
   20.00    130.00     -2.39     0.50     2.30      0.0356     54.40 RIGHT   5.9372E-05     -7.48  8.2854E-05    -11.79
   25.00    130.00     -2.80     0.70     2.31      0.0536     56.33 RIGHT   5.6621E-05     -5.79  8.4772E-05    -12.43
   30.00    130.00     -3.20     0.89     2.32      0.0733     58.16 RIGHT   5.4104E-05     -3.72  8.6608E-05    -13.05
   35.00    130.00     -3.50     1.03     2.34      0.0936     59.61 RIGHT   5.2229E-05     -1.40  8.8066E-05    -13.60
   40.00    130.00     -3.65     1.11     2.36      0.1132     60.40 RIGHT   5.1346E-05      0.90  8.8815E-05    -14.05
   45.00    130.00     -3.60     1.08     2.35      0.1310     60.30 RIGHT   5.1662E-05      2.85  8.8503E-05    -14.36
   50.00    130.00     -3.35     0.91     2.29      0.1457     59.14 RIGHT   5.3174E-05      4.14  8.6781E-05    -14.55
   55.00    130.00     -2.96     0.55     2.15      0.1559     56.87 RIGHT   5.5616E-05      4.65  8.3325E-05    -14.60
   60.00    130.00     -2.53    -0.04     1.90      0.1601     53.56 RIGHT   5.8424E-05      4.44  7.7862E-05    -14.53
   65.00    130.00     -2.20    -0.94     1.49      0.1574     49.36 RIGHT   6.0706E-05      3.71  7.0195E-05    -14.37
   70.00    130.00     -2.12    -2.27     0.82      0.1475     44.52 RIGHT   6.1215E-05      2.64  6.0231E-05    -14.14
   75.00    130.00     -2.55    -4.24    -0.30      0.1311     39.26 RIGHT   5.8312E-05      1.36  4.8000E-05    -13.87
   80.00    130.00     -3.91    -7.32    -2.28      0.1094     33.77 RIGHT   4.9818E-05     -0.10  3.3664E-05    -13.58
   85.00    130.00     -7.63   -12.99    -6.52      0.0832     28.09 RIGHT   3.2469E-05     -1.87  1.7522E-05    -13.28
   90.00    130.00   -999.99  -999.99  -999.99      0.0000      0.00         2.5682E-15   -184.42  1.0551E-15   -193.00
    0.00    135.00     -0.66    -0.66     2.35      0.0000     45.00 LINEAR  7.2479E-05    -10.29  7.2479E-05    -10.29
    5.00    135.00     -0.73    -0.63     2.33      0.0024     45.32 RIGHT   7.1904E-05    -10.12  7.2701E-05    -10.39
   10.00    135.00     -0.93    -0.55     2.27      0.0096     46.24 RIGHT   7.0240E-05     -9.59  7.3345E-05    -10.69
   15.00    135.00     -1.25    -0.44     2.18      0.0214     47.69 RIGHT   6.7665E-05     -8.69  7.4335E-05    -11.15
   20.00    135.00     -1.67    -0.30     2.08      0.0376     49.53 RIGHT   6.4473E-05     -7.35  7.5546E-05    -11.71
   25.00    135.00     -2.15    -0.15     1.97      0.0574     51.56 RIGHT   6.1061E-05     -5.56  7.6807E-05    -12.30
   30.00    135.00     -2.61    -0.03     1.88      0.0799     53.49 RIGHT   5.7898E-05     -3.32  7.7904E-05    -12.86
   35.00    135.00     -2.98     0.05     1.80      0.1035     55.01 RIGHT   5.5468E-05     -0.79  7.8592E-05    -13.34
   40.00    135.00     -3.18     0.05     1.74      0.1265     55.78 RIGHT   5.4184E-05      1.75  7.8602E-05    -13.70
   45.00    135.00     -3.17    -0.06     1.67      0.1469     55.51 RIGHT   5.4293E-05      3.91  7.7661E-05    -13.92
   50.00    135.00     -2.93    -0.30     1.59      0.1624     54.02 RIGHT   5.5792E-05      5.35  7.5509E-05    -13.98
   55.00    135.00     -2.54    -0.73     1.47      0.1707     51.29 RIGHT   5.8389E-05      5.90  7.1912E-05    -13.91
   60.00    135.00     -2.09    -1.38     1.29      0.1702     47.47 RIGHT   6.1462E-05      5.67  6.6685E-05    -13.71
   65.00    135.00     -1.73    -2.34     0.98      0.1605     42.89 RIGHT   6.4037E-05      4.86  5.9707E-05    -13.42
   70.00    135.00     -1.64    -3.72     0.46      0.1430     37.90 RIGHT   6.4754E-05      3.70  5.0930E-05    -13.06
   75.00    135.00     -2.04    -5.74    -0.49      0.1204     32.78 RIGHT   6.1834E-05      2.34  4.0393E-05    -12.68
   80.00    135.00     -3.39    -8.85    -2.30      0.0951     27.72 RIGHT   5.2924E-05      0.83  2.8229E-05    -12.30
   85.00    135.00     -7.10   -14.54    -6.38      0.0687     22.74 RIGHT   3.4533E-05     -0.99  1.4662E-05    -11.95
   90.00    135.00   -999.99  -999.99  -999.99      0.0000      0.00         2.7325E-15   -183.54  8.8226E-16   -191.65
    0.00    140.00      0.04    -1.49     2.35      0.0000     40.00 LINEAR  7.8520E-05    -10.29  6.5886E-05    -10.29
    5.00    140.00     -0.04    -1.47     2.32      0.0024     40.31 RIGHT   7.7834E-05    -10.11  6.6035E-05    -10.39
   10.00    140.00     -0.26    -1.41     2.21      0.0095     41.23 RIGHT   7.5846E-05     -9.57  6.6460E-05    -10.67
   15.00    140.00     -0.62    -1.33     2.05      0.0215     42.68 RIGHT   7.2767E-05     -8.63  6.7094E-05    -11.10
   20.00    140.00     -1.09    -1.23     1.85      0.0384     44.53 RIGHT   6.8941E-05     -7.22  6.7829E-05    -11.63
   25.00    140.00     -1.63    -1.15     1.63      0.0598     46.59 RIGHT   6.4834E-05     -5.31  6.8519E-05    -12.17
   30.00    140.00     -2.16    -1.09     1.42      0.0847     48.57 RIGHT   6.0991E-05     -2.91  6.8984E-05    -12.67
   35.00    140.00     -2.60    -1.08     1.24      0.1115     50.10 RIGHT   5.7975E-05     -0.15  6.9026E-05    -13.07
   40.00    140.00     -2.86    -1.16     1.09      0.1377     50.79 RIGHT   5.6266E-05      2.66  6.8436E-05    -13.33
   45.00    140.00     -2.88    -1.34     0.97      0.1601     50.31 RIGHT   5.6143E-05      5.05  6.7012E-05    -13.44
   50.00    140.00     -2.65    -1.66     0.88      0.1752     48.47 RIGHT   5.7608E-05      6.63  6.4570E-05    -13.37
   55.00    140.00     -2.25    -2.16     0.80      0.1798     45.31 RIGHT   6.0336E-05      7.24  6.0956E-05    -13.15
   60.00    140.00     -1.79    -2.89     0.71      0.1726     41.15 RIGHT   6.3653E-05      6.96  5.6061E-05    -12.79
   65.00    140.00     -1.40    -3.91     0.53      0.1551     36.42 RIGHT   6.6509E-05      6.06  4.9819E-05    -12.33
   70.00    140.00     -1.28    -5.35     0.15      0.1309     31.56 RIGHT   6.7448E-05      4.80  4.2220E-05    -11.82
   75.00    140.00     -1.66    -7.41    -0.64      0.1042     26.84 RIGHT   6.4567E-05      3.36  3.3310E-05    -11.30
   80.00    140.00     -3.00   -10.56    -2.29      0.0781     22.38 RIGHT   5.5368E-05      1.77  2.3188E-05    -10.81
   85.00    140.00     -6.70   -16.27    -6.24      0.0537     18.15 RIGHT   3.6169E-05     -0.08  1.2015E-05    -10.39
   90.00    140.00   -999.99  -999.99  -999.99      0.0000      0.00         2.8630E-15   -182.65  7.2240E-16   -190.07
    0.00    145.00      0.62    -2.48     2.35      0.0000     35.00 LINEAR  8.3963E-05    -10.29  5.8792E-05    -10.29
    5.00    145.00      0.54    -2.46     2.30      0.0023     35.30 RIGHT   8.3164E-05    -10.11  5.8878E-05    -10.38
   10.00    145.00      0.29    -2.43     2.15      0.0092     36.17 RIGHT   8.0847E-05     -9.55  5.9119E-05    -10.65
   15.00    145.00     -0.10    -2.38     1.92      0.0210     37.58 RIGHT   7.7256E-05     -8.57  5.9457E-05    -11.06
   20.00    145.00     -0.62    -2.33     1.62      0.0381     39.39 RIGHT   7.2788E-05     -7.10  5.9799E-05    -11.54
   25.00    145.00     -1.21    -2.30     1.29      0.0604     41.42 RIGHT   6.7975E-05     -5.07  6.0024E-05    -12.04
   30.00    145.00     -1.81    -2.30     0.96      0.0872     43.37 RIGHT   6.3444E-05     -2.49  5.9987E-05    -12.47
   35.00    145.00     -2.32    -2.37     0.67      0.1166     44.85 RIGHT   5.9838E-05      0.51  5.9532E-05    -12.79
   40.00    145.00     -2.64    -2.52     0.43      0.1454     45.41 RIGHT   5.7699E-05      3.59  5.8505E-05    -12.96
   45.00    145.00     -2.69    -2.78     0.27      0.1688     44.69 RIGHT   5.7341E-05      6.23  5.6762E-05    -12.93
   50.00    145.00     -2.48    -3.18     0.19      0.1819     42.52 RIGHT   5.8759E-05      7.97  5.4185E-05    -12.72
   55.00    145.00     -2.07    -3.76     0.18      0.1811     39.07 RIGHT   6.1598E-05      8.61  5.0686E-05    -12.33
   60.00    145.00     -1.59    -4.57     0.19      0.1664     34.78 RIGHT   6.5136E-05      8.28  4.6211E-05    -11.78
   65.00    145.00     -1.18    -5.66     0.14      0.1418     30.19 RIGHT   6.8257E-05      7.28  4.0740E-05    -11.13
   70.00    145.00     -1.03    -7.16    -0.08      0.1131     25.71 RIGHT   6.9421E-05      5.91  3.4288E-05    -10.43
   75.00    145.00     -1.39    -9.27    -0.73      0.0852     21.55 RIGHT   6.6620E-05      4.37  2.6899E-05     -9.74
   80.00    145.00     -2.71   -12.45    -2.27      0.0606     17.76 RIGHT   5.7233E-05      2.71  1.8647E-05     -9.12
   85.00    145.00     -6.40   -18.18    -6.12      0.0396     14.28 RIGHT   3.7429E-05      0.81  9.6373E-06     -8.61
   90.00    145.00   -999.99  -999.99  -999.99      0.0000      0.00         2.9640E-15   -181.78  5.7896E-16   -188.26
    0.00    150.00      1.10    -3.67     2.35      0.0000     30.00 LINEAR  8.8768E-05    -10.29  5.1250E-05    -10.29
    5.00    150.00      1.01    -3.66     2.29      0.0021     30.27 RIGHT   8.7858E-05    -10.10  5.1288E-05    -10.38
   10.00    150.00      0.75    -3.65     2.10      0.0085     31.09 RIGHT   8.5219E-05     -9.53  5.1384E-05    -10.63
   15.00    150.00      0.32    -3.63     1.79      0.0198     32.39 RIGHT   8.1128E-05     -8.51  5.1493E-05    -11.02
   20.00    150.00     -0.24    -3.62     1.40      0.0364     34.10 RIGHT   7.6032E-05     -6.98  5.1536E-05    -11.46
   25.00    150.00     -0.89    -3.64     0.96      0.0588     36.03 RIGHT   7.0533E-05     -4.84  5.1417E-05    -11.91
   30.00    150.00     -1.56    -3.71     0.51      0.0865     37.88 RIGHT   6.5335E-05     -2.08  5.1022E-05    -12.28
   35.00    150.00     -2.13    -3.84     0.11      0.1176     39.24 RIGHT   6.1159E-05      1.16  5.0233E-05    -12.52
   40.00    150.00     -2.50    -4.07    -0.21      0.1478     39.63 RIGHT   5.8607E-05      4.52  4.8940E-05    -12.58
   45.00    150.00     -2.59    -4.41    -0.40      0.1708     38.67 RIGHT   5.8023E-05      7.41  4.7051E-05    -12.42
   50.00    150.00     -2.39    -4.89    -0.45      0.1804     36.28 RIGHT   5.9393E-05      9.30  4.4498E-05    -12.05
   55.00    150.00     -1.97    -5.56    -0.39      0.1733     32.73 RIGHT   6.2328E-05      9.98  4.1240E-05    -11.47
   60.00    150.00     -1.46    -6.44    -0.26      0.1519     28.60 RIGHT   6.6061E-05      9.58  3.7266E-05    -10.71
   65.00    150.00     -1.03    -7.60    -0.17      0.1227     24.41 RIGHT   6.9424E-05      8.47  3.2586E-05     -9.84
   70.00    150.00     -0.86    -9.16    -0.26      0.0926     20.48 RIGHT   7.0803E-05      6.98  2.7230E-05     -8.92
   75.00    150.00     -1.20   -11.32    -0.79      0.0660     16.95 RIGHT   6.8106E-05      5.34  2.1237E-05     -8.03
   80.00    150.00     -2.50   -14.54    -2.24      0.0444     13.83 RIGHT   5.8612E-05      3.60  1.4659E-05     -7.25
   85.00    150.00     -6.18   -20.30    -6.02      0.0274     11.03 RIGHT   3.8372E-05      1.66  7.5558E-06     -6.64
   90.00    150.00   -999.99  -999.99  -999.99      0.0000      0.00         3.0397E-15   -180.94  4.5351E-16   -186.25
    0.00    155.00      1.50    -5.13     2.35      0.0000     25.00 LINEAR  9.2897E-05    -10.29  4.3318E-05    -10.29
    5.00    155.00      1.40    -5.13     2.27      0.0019     25.24 RIGHT   9.1883E-05    -10.10  4.3321E-05    -10.37
   10.00    155.00      1.12    -5.13     2.04      0.0076     25.96 RIGHT   8.8943E-05     -9.51  4.3317E-05    -10.62
   15.00    155.00      0.66    -5.14     1.68      0.0178     27.13 RIGHT   8.4383E-05     -8.46  4.3267E-05    -10.98
   20.00    155.00      0.06    -5.17     1.20      0.0333     28.67 RIGHT   7.8702E-05     -6.86  4.3111E-05    -11.39
   25.00    155.00     -0.65    -5.24     0.65      0.0547     30.42 RIGHT   7.2564E-05     -4.62  4.2772E-05    -11.79
   30.00    155.00     -1.37    -5.36     0.09      0.0821     32.10 RIGHT   6.6748E-05     -1.70  4.2164E-05    -12.10
   35.00    155.00     -2.01    -5.56    -0.42      0.1132     33.27 RIGHT   6.2046E-05      1.78  4.1205E-05    -12.26
   40.00    155.00     -2.43    -5.86    -0.80      0.1431     33.47 RIGHT   5.9117E-05      5.41  3.9818E-05    -12.22
   45.00    155.00     -2.54    -6.28    -1.01      0.1642     32.34 RIGHT   5.8329E-05      8.54  3.7950E-05    -11.93
   50.00    155.00     -2.35    -6.84    -1.03      0.1693     29.88 RIGHT   5.9655E-05     10.58  3.5569E-05    -11.39
   55.00    155.00     -1.92    -7.58    -0.88      0.1565     26.51 RIGHT   6.2672E-05     11.28  3.2670E-05    -10.61
   60.00    155.00     -1.40    -8.53    -0.63      0.1309     22.80 RIGHT   6.6575E-05     10.82  2.9265E-05     -9.63
   65.00    155.00     -0.94    -9.77    -0.41      0.1004     19.18 RIGHT   7.0149E-05      9.59  2.5385E-05     -8.51
   70.00    155.00     -0.75   -11.39    -0.39      0.0718     15.90 RIGHT   7.1725E-05      7.98  2.1062E-05     -7.34
   75.00    155.00     -1.07   -13.60    -0.83      0.0484     13.02 RIGHT   6.9142E-05      6.24  1.6332E-05     -6.23
   80.00    155.00     -2.36   -16.86    -2.21      0.0306     10.53 RIGHT   5.9599E-05      4.43  1.1224E-05     -5.26
   85.00    155.00     -6.03   -22.64    -5.93      0.0176      8.35 RIGHT   3.9056E-05      2.45  5.7704E-06     -4.53
   90.00    155.00   -999.99  -999.99  -999.99      0.0000      0.00         3.0949E-15   -180.17  3.4604E-16   -184.10
    0.00    160.00      1.81    -6.97     2.35      0.0000     20.00 LINEAR  9.6319E-05    -10.29  3.5057E-05    -10.29
    5.00    160.00      1.71    -6.97     2.26      0.0016     20.20 RIGHT   9.5212E-05    -10.09  3.5039E-05    -10.37
   10.00    160.00      1.41    -6.99     2.00      0.0064     20.81 RIGHT   9.2004E-05     -9.49  3.4975E-05    -10.60
   15.00    160.00      0.93    -7.02     1.58      0.0152     21.80 RIGHT   8.7029E-05     -8.41  3.4836E-05    -10.94
   20.00    160.00      0.29    -7.09     1.02      0.0288     23.11 RIGHT   8.0828E-05     -6.77  3.4576E-05    -11.33
   25.00    160.00     -0.46    -7.20     0.37      0.0481     24.61 RIGHT   7.4126E-05     -4.43  3.4137E-05    -11.69
   30.00    160.00     -1.24    -7.37    -0.29      0.0733     26.04 RIGHT   6.7765E-05     -1.36  3.3458E-05    -11.95
   35.00    160.00     -1.93    -7.63    -0.89      0.1025     26.99 RIGHT   6.2603E-05      2.33  3.2480E-05    -12.03
   40.00    160.00     -2.39    -7.99    -1.34      0.1300     27.01 RIGHT   5.9350E-05      6.21  3.1159E-05    -11.89
   45.00    160.00     -2.54    -8.48    -1.55      0.1476     25.82 RIGHT   5.8389E-05      9.58  2.9464E-05    -11.47
   50.00    160.00     -2.35    -9.11    -1.52      0.1483     23.52 RIGHT   5.9678E-05     11.74  2.7390E-05    -10.77
   55.00    160.00     -1.91    -9.92    -1.27      0.1322     20.57 RIGHT   6.2765E-05     12.46  2.4948E-05     -9.79
   60.00    160.00     -1.37   -10.95    -0.91      0.1059     17.47 RIGHT   6.6808E-05     11.93  2.2168E-05     -8.58
   65.00    160.00     -0.89   -12.25    -0.58      0.0775     14.53 RIGHT   7.0559E-05     10.59  1.9084E-05     -7.21
   70.00    160.00     -0.68   -13.93    -0.48      0.0527     11.92 RIGHT   7.2307E-05      8.87  1.5730E-05     -5.78
   75.00    160.00     -0.98   -16.18    -0.85      0.0335      9.67 RIGHT   6.9833E-05      7.03  1.2131E-05     -4.42
   80.00    160.00     -2.26   -19.48    -2.18      0.0198      7.76 RIGHT   6.0278E-05      5.16  8.3041E-06     -3.26
   85.00    160.00     -5.92   -25.28    -5.87      0.0103      6.12 RIGHT   3.9534E-05      3.13  4.2586E-06     -2.40
   90.00    160.00   -999.99  -999.99  -999.99      0.0000      0.00         3.1336E-15   -179.49  2.5515E-16   -181.92
    0.00    165.00      2.05    -9.39     2.35      0.0000     15.00 LINEAR  9.9008E-05    -10.29  2.6529E-05    -10.29
    5.00    165.00      1.95    -9.40     2.25      0.0012     15.16 RIGHT   9.7824E-05    -10.09  2.6503E-05    -10.36
   10.00    165.00      1.64    -9.42     1.96      0.0050     15.63 RIGHT   9.4394E-05     -9.48  2.6418E-05    -10.59
   15.00    165.00      1.13    -9.48     1.49      0.0120     16.41 RIGHT   8.9073E-05     -8.38  2.6252E-05    -10.91
   20.00    165.00      0.46    -9.57     0.87      0.0230     17.44 RIGHT   8.2443E-05     -6.69  2.5973E-05    -11.28
   25.00    165.00     -0.33    -9.72     0.14      0.0389     18.63 RIGHT   7.5274E-05     -4.28  2.5541E-05    -11.60
   30.00    165.00     -1.15    -9.93    -0.61      0.0601     19.75 RIGHT   6.8465E-05     -1.07  2.4913E-05    -11.81
   35.00    165.00     -1.88   -10.24    -1.29      0.0849     20.45 RIGHT   6.2928E-05      2.80  2.4053E-05    -11.84
   40.00    165.00     -2.38   -10.65    -1.78      0.1079     20.35 RIGHT   5.9412E-05      6.90  2.2933E-05    -11.60
   45.00    165.00     -2.55   -11.20    -1.99      0.1210     19.26 RIGHT   5.8314E-05     10.45  2.1542E-05    -11.08
   50.00    165.00     -2.36   -11.89    -1.90      0.1188     17.34 RIGHT   5.9578E-05     12.73  1.9885E-05    -10.23
   55.00    165.00     -1.91   -12.76    -1.57      0.1026     15.00 RIGHT   6.2719E-05     13.46  1.7984E-05     -9.07
   60.00    165.00     -1.36   -13.85    -1.12      0.0792     12.61 RIGHT   6.6873E-05     12.86  1.5868E-05     -7.64
   65.00    165.00     -0.87   -15.21    -0.71      0.0557     10.40 RIGHT   7.0764E-05     11.42  1.3572E-05     -6.03
   70.00    165.00     -0.64   -16.94    -0.54      0.0361      8.46 RIGHT   7.2650E-05      9.61  1.1122E-05     -4.36
   75.00    165.00     -0.93   -19.24    -0.86      0.0217      6.82 RIGHT   7.0272E-05      7.69  8.5371E-06     -2.76
   80.00    165.00     -2.19   -22.56    -2.15      0.0118      5.44 RIGHT   6.0725E-05      5.76  5.8239E-06     -1.40
   85.00    165.00     -5.85   -28.38    -5.83      0.0053      4.27 RIGHT   3.9854E-05      3.70  2.9805E-06     -0.41
   90.00    165.00   -999.99  -999.99  -999.99      0.0000      0.00         3.1596E-15   -178.94  1.7845E-16   -179.89
    0.00    170.00      2.22   -12.85     2.35      0.0000     10.00 LINEAR  1.0094E-04    -10.29  1.7799E-05    -10.29
    5.00    170.00      2.11   -12.87     2.25      0.0008     10.11 RIGHT   9.9702E-05    -10.09  1.7775E-05    -10.36
   10.00    170.00      1.79   -12.90     1.94      0.0035     10.43 RIGHT   9.6104E-05     -9.47  1.7700E-05    -10.58
   15.00    170.00      1.27   -12.97     1.43      0.0083     10.97 RIGHT   9.0526E-05     -8.35  1.7559E-05    -10.89
   20.00    170.00      0.58   -13.08     0.76      0.0160     11.68 RIGHT   8.3574E-05     -6.63  1.7332E-05    -11.24
   25.00    170.00     -0.24   -13.26    -0.03      0.0274     12.50 RIGHT   7.6056E-05     -4.16  1.6992E-05    -11.54
   30.00    170.00     -1.10   -13.50    -0.85      0.0428     13.27 RIGHT   6.8914E-05     -0.86  1.6516E-05    -11.72
   35.00    170.00     -1.86   -13.85    -1.59      0.0609     13.72 RIGHT   6.3099E-05      3.16  1.5879E-05    -11.69
   40.00    170.00     -2.39   -14.30    -2.12      0.0773     13.59 RIGHT   5.9392E-05      7.42  1.5070E-05    -11.39
   45.00    170.00     -2.56   -14.89    -2.32      0.0859     12.75 RIGHT   5.8196E-05     11.13  1.4084E-05    -10.77
   50.00    170.00     -2.38   -15.63    -2.18      0.0827     11.38 RIGHT   5.9442E-05     13.49  1.2931E-05     -9.81
   55.00    170.00     -1.93   -16.55    -1.78      0.0697      9.77 RIGHT   6.2624E-05     14.22  1.1631E-05     -8.50
   60.00    170.00     -1.36   -17.68    -1.26      0.0523      8.16 RIGHT   6.6857E-05     13.56  1.0207E-05     -6.90
   65.00    170.00     -0.85   -19.09    -0.79      0.0356      6.69 RIGHT   7.0849E-05     12.05  8.6856E-06     -5.08
   70.00    170.00     -0.61   -20.85    -0.57      0.0223      5.41 RIGHT   7.2836E-05     10.16  7.0861E-06     -3.20
   75.00    170.00     -0.89   -23.18    -0.87      0.0127      4.33 RIGHT   7.0531E-05      8.18  5.4195E-06     -1.40
   80.00    170.00     -2.16   -26.53    -2.14      0.0064      3.44 RIGHT   6.0999E-05      6.20  3.6874E-06      0.13
   85.00    170.00     -5.81   -32.36    -5.80      0.0024      2.69 RIGHT   4.0054E-05      4.12  1.8841E-06      1.23
   90.00    170.00   -999.99  -999.99  -999.99      0.0000      0.00         3.1761E-15   -178.53  1.1275E-16   -178.21
    0.00    175.00      2.32   -18.84     2.35      0.0000      5.00 LINEAR  1.0211E-04    -10.29  8.9335E-06    -10.29
    5.00    175.00      2.21   -18.85     2.24      0.0004      5.06 RIGHT   1.0083E-04    -10.08  8.9198E-06    -10.36
   10.00    175.00      1.89   -18.90     1.92      0.0018      5.22 RIGHT   9.7132E-05     -9.46  8.8764E-06    -10.57
   15.00    175.00      1.36   -18.98     1.40      0.0042      5.49 RIGHT   9.1394E-05     -8.33  8.7965E-06    -10.88
   20.00    175.00      0.65   -19.10     0.69      0.0082      5.86 RIGHT   8.4243E-05     -6.59  8.6700E-06    -11.21
   25.00    175.00     -0.19   -19.29    -0.13      0.0141      6.28 RIGHT   7.6510E-05     -4.08  8.4846E-06    -11.50
   30.00    175.00     -1.06   -19.56    -1.00      0.0223      6.67 RIGHT   6.9162E-05     -0.73  8.2283E-06    -11.65
   35.00    175.00     -1.85   -19.92    -1.78      0.0318      6.89 RIGHT   6.3177E-05      3.38  7.8910E-06    -11.60
   40.00    175.00     -2.39   -20.40    -2.32      0.0404      6.79 RIGHT   5.9353E-05      7.75  7.4670E-06    -11.26
   45.00    175.00     -2.58   -21.01    -2.52      0.0446      6.34 RIGHT   5.8099E-05     11.55  6.9565E-06    -10.58
   50.00    175.00     -2.40   -21.78    -2.35      0.0424      5.63 RIGHT   5.9335E-05     13.96  6.3656E-06     -9.54
   55.00    175.00     -1.94   -22.74    -1.90      0.0351      4.81 RIGHT   6.2542E-05     14.69  5.7054E-06     -8.13
   60.00    175.00     -1.36   -23.90    -1.34      0.0259      4.01 RIGHT   6.6823E-05     14.00  4.9899E-06     -6.41
   65.00    175.00     -0.85   -25.33    -0.84      0.0173      3.27 RIGHT   7.0876E-05     12.44  4.2324E-06     -4.47
   70.00    175.00     -0.60   -27.12    -0.59      0.0105      2.64 RIGHT   7.2924E-05     10.50  3.4433E-06     -2.44
   75.00    175.00     -0.88   -29.47    -0.87      0.0058      2.10 RIGHT   7.0665E-05      8.48  2.6274E-06     -0.50
   80.00    175.00     -2.13   -32.83    -2.13      0.0027      1.66 RIGHT   6.1146E-05      6.48  1.7847E-06      1.14
   85.00    175.00     -5.79   -38.67    -5.78      0.0008      1.30 RIGHT   4.0163E-05      4.38  9.1102E-07      2.32
   90.00    175.00   -999.99  -999.99  -999.99      0.0000      0.00         3.1850E-15   -178.28  5.4505E-17   -177.10
    0.00    180.00      2.35  -999.99     2.35      0.0000     -0.00 LINEAR  1.0250E-04    -10.29  1.0462E-15   -190.29
    5.00    180.00      2.24  -999.99     2.24      0.0000     -0.00 LINEAR  1.0121E-04    -10.08  1.0445E-15   -190.36
   10.00    180.00      1.92  -999.99     1.92      0.0000     -0.00 LINEAR  9.7475E-05     -9.46  1.0392E-15   -190.57
   15.00    180.00      1.38  -999.99     1.38      0.0000     -0.00 LINEAR  9.1682E-05     -8.33  1.0295E-15   -190.88
   20.00    180.00      0.67  -999.99     0.67      0.0000     -0.00 LINEAR  8.4464E-05     -6.58  1.0142E-15   -191.21
   25.00    180.00     -0.17  -999.99    -0.17      0.0000     -0.00 LINEAR  7.6659E-05     -4.06  9.9191E-16   -191.49
   30.00    180.00     -1.05  -999.99    -1.05      0.0000     -0.00 LINEAR  6.9242E-05     -0.68  9.6122E-16   -191.63
   35.00    180.00     -1.85  -999.99    -1.85      0.0000     -0.00 LINEAR  6.3199E-05      3.45  9.2101E-16   -191.56
   40.00    180.00     -2.40  -999.99    -2.40      0.0000     -0.00 LINEAR  5.9336E-05      7.86  8.7067E-16   -191.21
   45.00    180.00     -2.58  -999.99    -2.58      0.0000     -0.00 LINEAR  5.8062E-05     11.69  8.1027E-16   -190.51
   50.00    180.00     -2.40  -999.99    -2.40      0.0000     -0.00 LINEAR  5.9295E-05     14.12  7.4058E-16   -189.45
   55.00    180.00     -1.94  -999.99    -1.94      0.0000     -0.00 LINEAR  6.2510E-05     14.85  6.6299E-16   -188.01
   60.00    180.00     -1.37  -999.99    -1.37      0.0000     -0.00 LINEAR  6.6807E-05     14.15  5.7915E-16   -186.25
   65.00    180.00     -0.85  -999.99    -0.85      0.0000     -0.00 LINEAR  7.0881E-05     12.57  4.9070E-16   -184.25
   70.00    180.00     -0.60  -999.99    -0.60      0.0000     -0.00 LINEAR  7.2949E-05     10.62  3.9882E-16   -182.17
   75.00    180.00     -0.87  -999.99    -0.87      0.0000     -0.00 LINEAR  7.0707E-05      8.58  3.0409E-16   -180.19
   80.00    180.00     -2.13  -999.99    -2.13      0.0000     -0.00 LINEAR  6.1192E-05      6.57  2.0644E-16   -178.50
   85.00    180.00     -5.78  -999.99    -5.78      0.0000     -0.00 LINEAR  4.0197E-05      4.46  1.0534E-16   -177.30
   90.00    180.00   -999.99  -999.99  -999.99      0.0000      0.00         3.1879E-15   -178.19  6.3021E-27      3.30
    0.00    185.00      2.32   -18.84     2.35      0.0000     -5.00 LINEAR  1.0211E-04    -10.29  8.9335E-06   -190.29
    5.00    185.00      2.21   -18.85     2.24      0.0004     -5.06 LEFT    1.0083E-04    -10.08  8.9198E-06   -190.36
   10.00    185.00      1.89   -18.90     1.92      0.0018     -5.22 LEFT    9.7132E-05     -9.46  8.8764E-06   -190.57
   15.00    185.00      1.36   -18.98     1.40      0.0042     -5.49 LEFT    9.1394E-05     -8.33  8.7965E-06   -190.88
   20.00    185.00      0.65   -19.10     0.69      0.0082     -5.86 LEFT    8.4243E-05     -6.59  8.6700E-06   -191.21
   25.00    185.00     -0.19   -19.29    -0.13      0.0141     -6.28 LEFT    7.6510E-05     -4.08  8.4846E-06   -191.50
   30.00    185.00     -1.06   -19.56    -1.00      0.0223     -6.67 LEFT    6.9162E-05     -0.73  8.2283E-06   -191.65
   35.00    185.00     -1.85   -19.92    -1.78      0.0318     -6.89 LEFT    6.3177E-05      3.38  7.8910E-06   -191.60
   40.00    185.00     -2.39   -20.40    -2.32      0.0404     -6.79 LEFT    5.9353E-05      7.75  7.4670E-06   -191.26
   45.00    185.00     -2.58   -21.01    -2.52      0.0446     -6.34 LEFT    5.8099E-05     11.55  6.9565E-06   -190.58
   50.00    185.00     -2.40   -21.78    -2.35      0.0424     -5.63 LEFT    5.9335E-05     13.96  6.3656E-06   -189.54
   55.00    185.00     -1.94   -22.74    -1.90      0.0351     -4.81 LEFT    6.2542E-05     14.69  5.7054E-06   -188.13
   60.00    185.00     -1.36   -23.90    -1.34      0.0259     -4.01 LEFT    6.6823E-05     14.00  4.9899E-06   -186.41
   65.00    185.00     -0.85   -25.33    -0.84      0.0173     -3.27 LEFT    7.0876E-05     12.44  4.2324E-06   -184.47
   70.00    185.00     -0.60   -27.12    -0.59      0.0105     -2.64 LEFT    7.2924E-05     10.50  3.4433E-06   -182.44
   75.00    185.00     -0.88   -29.47    -0.87      0.0058     -2.10 LEFT    7.0665E-05      8.48  2.6274E-06   -180.50
   80.00    185.00     -2.13   -32.83    -2.13      0.0027     -1.66 LEFT    6.1146E-05      6.48  1.7847E-06   -178.86
   85.00    185.00     -5.79   -38.67    -5.78      0.0008     -1.30 LEFT    4.0163E-05      4.38  9.1102E-07   -177.68
   90.00    185.00   -999.99  -999.99  -999.99      0.0000      0.00         3.1850E-15   -178.28  5.4500E-17      2.91
    0.00    190.00      2.22   -12.85     2.35      0.0000    -10.00 LINEAR  1.0094E-04    -10.29  1.7799E-05   -190.29
    5.00    190.00      2.11   -12.87     2.25      0.0008    -10.11 LEFT    9.9702E-05    -10.09  1.7775E-05   -190.36
   10.00    190.00      1.79   -12.90     1.94      0.0035    -10.43 LEFT    9.6104E-05     -9.47  1.7700E-05   -190.58
   15.00    190.00      1.27   -12.97     1.43      0.0083    -10.97 LEFT    9.0526E-05     -8.35  1.7559E-05   -190.89
   20.00    190.00      0.58   -13.08     0.76      0.0160    -11.68 LEFT    8.3574E-05     -6.63  1.7332E-05   -191.24
   25.00    190.00     -0.24   -13.26    -0.03      0.0274    -12.50 LEFT    7.6056E-05     -4.16  1.6992E-05   -191.54
   30.00    190.00     -1.10   -13.50    -0.85      0.0428    -13.27 LEFT    6.8914E-05     -0.86  1.6516E-05   -191.72
   35.00    190.00     -1.86   -13.85    -1.59      0.0609    -13.72 LEFT    6.3099E-05      3.16  1.5879E-05   -191.69
   40.00    190.00     -2.39   -14.30    -2.12      0.0773    -13.59 LEFT    5.9392E-05      7.42  1.5070E-05   -191.39
   45.00    190.00     -2.56   -14.89    -2.32      0.0859    -12.75 LEFT    5.8196E-05     11.13  1.4084E-05   -190.77
   50.00    190.00     -2.38   -15.63    -2.18      0.0827    -11.38 LEFT    5.9442E-05     13.49  1.2931E-05   -189.81
   55.00    190.00     -1.93   -16.55    -1.78      0.0697     -9.77 LEFT    6.2624E-05     14.22  1.1631E-05   -188.50
   60.00    190.00     -1.36   -17.68    -1.26      0.0523     -8.16 LEFT    6.6857E-05     13.56  1.0207E-05   -186.90
   65.00    190.00     -0.85   -19.09    -0.79      0.0356     -6.69 LEFT    7.0849E-05     12.05  8.6856E-06   -185.08
   70.00    190.00     -0.61   -20.85    -0.57      0.0223     -5.41 LEFT    7.2836E-05     10.16  7.0861E-06   -183.20
   75.00    190.00     -0.89   -23.18    -0.87      0.0127     -4.33 LEFT    7.0531E-05      8.18  5.4195E-06   -181.40
   80.00    190.00     -2.16   -26.53    -2.14      0.0064     -3.44 LEFT    6.0999E-05      6.20  3.6874E-06   -179.87
   85.00    190.00     -5.81   -32.36    -5.80      0.0024     -2.69 LEFT    4.0054E-05      4.12  1.8841E-06   -178.77
   90.00    190.00   -999.99  -999.99  -999.99      0.0000      0.00         3.1762E-15   -178.53  1.1275E-16      1.79
    0.00    195.00      2.05    -9.39     2.35      0.0000    -15.00 LINEAR  9.9008E-05    -10.29  2.6529E-05   -190.29
    5.00    195.00      1.95    -9.40     2.25      0.0012    -15.16 LEFT    9.7824E-05    -10.09  2.6503E-05   -190.36
   10.00    195.00      1.64    -9.42     1.96      0.0050    -15.63 LEFT    9.4394E-05     -9.48  2.6418E-05   -190.59
   15.00    195.00      1.13    -9.48     1.49      0.0120    -16.41 LEFT    8.9073E-05     -8.38  2.6252E-05   -190.91
   20.00    195.00      0.46    -9.57     0.87      0.0230    -17.44 LEFT    8.2443E-05     -6.69  2.5973E-05   -191.28
   25.00    195.00     -0.33    -9.72     0.14      0.0389    -18.63 LEFT    7.5274E-05     -4.28  2.5541E-05   -191.60
   30.00    195.00     -1.15    -9.93    -0.61      0.0601    -19.75 LEFT    6.8465E-05     -1.07  2.4913E-05   -191.81
   35.00    195.00     -1.88   -10.24    -1.29      0.0849    -20.45 LEFT    6.2928E-05      2.80  2.4053E-05   -191.84
   40.00    195.00     -2.38   -10.65    -1.78      0.1079    -20.35 LEFT    5.9412E-05      6.90  2.2933E-05   -191.60
   45.00    195.00     -2.55   -11.20    -1.99      0.1210    -19.26 LEFT    5.8314E-05     10.45  2.1542E-05   -191.08
   50.00    195.00     -2.36   -11.89    -1.90      0.1188    -17.34 LEFT    5.9578E-05     12.73  1.9885E-05   -190.23
   55.00    195.00     -1.91   -12.76    -1.57      0.1026    -15.00 LEFT    6.2719E-05     13.46  1.7984E-05   -189.07
   60.00    195.00     -1.36   -13.85    -1.12      0.0792    -12.61 LEFT    6.6873E-05     12.86  1.5868E-05   -187.64
   65.00    195.00     -0.87   -15.21    -0.71      0.0557    -10.40 LEFT    7.0764E-05     11.42  1.3572E-05   -186.03
   70.00    195.00     -0.64   -16.94    -0.54      0.0361     -8.46 LEFT    7.2650E-05      9.61  1.1122E-05   -184.36
   75.00    195.00     -0.93   -19.24    -0.86      0.0217     -6.82 LEFT    7.0272E-05      7.69  8.5371E-06   -182.76
   80.00    195.00     -2.19   -22.56    -2.15      0.0118     -5.44 LEFT    6.0725E-05      5.76  5.8239E-06   -181.40
   85.00    195.00     -5.85   -28.38    -5.83      0.0053     -4.27 LEFT    3.9854E-05      3.70  2.9805E-06   -180.41
   90.00    195.00   -999.99  -999.99  -999.99      0.0000      0.00         3.1597E-15   -178.94  1.7846E-16      0.11
    0.00    200.00      1.81    -6.97     2.35      0.0000    -20.00 LINEAR  9.6319E-05    -10.29  3.5057E-05   -190.29
    5.00    200.00      1.71    -6.97     2.26      0.0016    -20.20 LEFT    9.5212E-05    -10.09  3.5039E-05   -190.37
   10.00    200.00      1.41    -6.99     2.00      0.0064    -20.81 LEFT    9.2004E-05     -9.49  3.4975E-05   -190.60
   15.00    200.00      0.93    -7.02     1.58      0.0152    -21.80 LEFT    8.7029E-05     -8.41  3.4836E-05   -190.94
   20.00    200.00      0.29    -7.09     1.02      0.0288    -23.11 LEFT    8.0828E-05     -6.77  3.4576E-05   -191.33
   25.00    200.00     -0.46    -7.20     0.37      0.0481    -24.61 LEFT    7.4126E-05     -4.43  3.4137E-05   -191.69
   30.00    200.00     -1.24    -7.37    -0.29      0.0733    -26.04 LEFT    6.7765E-05     -1.36  3.3458E-05   -191.95
   35.00    200.00     -1.93    -7.63    -0.89      0.1025    -26.99 LEFT    6.2603E-05      2.33  3.2480E-05   -192.03
   40.00    200.00     -2.39    -7.99    -1.34      0.1300    -27.01 LEFT    5.9350E-05      6.21  3.1159E-05   -191.89
   45.00    200.00     -2.54    -8.48    -1.55      0.1476    -25.82 LEFT    5.8389E-05      9.58  2.9464E-05   -191.47
   50.00    200.00     -2.35    -9.11    -1.52      0.1483    -23.52 LEFT    5.9678E-05     11.74  2.7390E-05   -190.77
   55.00    200.00     -1.91    -9.92    -1.27      0.1322    -20.57 LEFT    6.2765E-05     12.46  2.4948E-05   -189.79
   60.00    200.00     -1.37   -10.95    -0.91      0.1059    -17.47 LEFT    6.6808E-05     11.93  2.2168E-05   -188.58
   65.00    200.00     -0.89   -12.25    -0.58      0.0775    -14.53 LEFT    7.0559E-05     10.59  1.9084E-05   -187.21
   70.00    200.00     -0.68   -13.93    -0.48      0.0527    -11.92 LEFT    7.2307E-05      8.87  1.5730E-05   -185.78
   75.00    200.00     -0.98   -16.18    -0.85      0.0335     -9.67 LEFT    6.9833E-05      7.03  1.2131E-05   -184.42
   80.00    200.00     -2.26   -19.48    -2.18      0.0198     -7.76 LEFT    6.0278E-05      5.16  8.3041E-06   -183.26
   85.00    200.00     -5.92   -25.28    -5.87      0.0103     -6.12 LEFT    3.9534E-05      3.13  4.2586E-06   -182.40
   90.00    200.00   -999.99  -999.99  -999.99      0.0000      0.00         3.1336E-15   -179.49  2.5516E-16     -1.92
    0.00    205.00      1.50    -5.13     2.35      0.0000    -25.00 LINEAR  9.2897E-05    -10.29  4.3318E-05   -190.29
    5.00    205.00      1.40    -5.13     2.27      0.0019    -25.24 LEFT    9.1883E-05    -10.10  4.3321E-05   -190.37
   10.00    205.00      1.12    -5.13     2.04      0.0076    -25.96 LEFT    8.8943E-05     -9.51  4.3317E-05   -190.62
   15.00    205.00      0.66    -5.14     1.68      0.0178    -27.13 LEFT    8.4383E-05     -8.46  4.3267E-05   -190.98
   20.00    205.00      0.06    -5.17     1.20      0.0333    -28.67 LEFT    7.8702E-05     -6.86  4.3111E-05   -191.39
   25.00    205.00     -0.65    -5.24     0.65      0.0547    -30.42 LEFT    7.2564E-05     -4.62  4.2772E-05   -191.79
   30.00    205.00     -1.37    -5.36     0.09      0.0821    -32.10 LEFT    6.6748E-05     -1.70  4.2164E-05   -192.10
   35.00    205.00     -2.01    -5.56    -0.42      0.1132    -33.27 LEFT    6.2046E-05      1.78  4.1205E-05   -192.26
   40.00    205.00     -2.43    -5.86    -0.80      0.1431    -33.47 LEFT    5.9117E-05      5.41  3.9818E-05   -192.22
   45.00    205.00     -2.54    -6.28    -1.01      0.1642    -32.34 LEFT    5.8329E-05      8.54  3.7950E-05   -191.93
   50.00    205.00     -2.35    -6.84    -1.03      0.1693    -29.88 LEFT    5.9655E-05     10.58  3.5569E-05   -191.39
   55.00    205.00     -1.92    -7.58    -0.88      0.1565    -26.51 LEFT    6.2672E-05     11.28  3.2670E-05   -190.61
   60.00    205.00     -1.40    -8.53    -0.63      0.1309    -22.80 LEFT    6.6575E-05     10.82  2.9265E-05   -189.63
   65.00    205.00     -0.94    -9.77    -0.41      0.1004    -19.18 LEFT    7.0149E-05      9.59  2.5385E-05   -188.51
   70.00    205.00     -0.75   -11.39    -0.39      0.0718    -15.90 LEFT    7.1725E-05      7.98  2.1062E-05   -187.34
   75.00    205.00     -1.07   -13.60    -0.83      0.0484    -13.02 LEFT    6.9142E-05      6.24  1.6332E-05   -186.23
   80.00    205.00     -2.36   -16.86    -2.21      0.0306    -10.53 LEFT    5.9599E-05      4.43  1.1224E-05   -185.26
   85.00    205.00     -6.03   -22.64    -5.93      0.0176     -8.35 LEFT    3.9056E-05      2.45  5.7704E-06   -184.53
   90.00    205.00   -999.99  -999.99  -999.99      0.0000      0.00         3.0949E-15   -180.17  3.4603E-16     -4.10
    0.00    210.00      1.10    -3.67     2.35      0.0000    -30.00 LINEAR  8.8768E-05    -10.29  5.1250E-05   -190.29
    5.00    210.00      1.01    -3.66     2.29      0.0021    -30.27 LEFT    8.7858E-05    -10.10  5.1288E-05   -190.38
   10.00    210.00      0.75    -3.65     2.10      0.0085    -31.09 LEFT    8.5219E-05     -9.53  5.1384E-05   -190.63
   15.00    210.00      0.32    -3.63     1.79      0.0198    -32.39 LEFT    8.1128E-05     -8.51  5.1493E-05   -191.02
   20.00    210.00     -0.24    -3.62     1.40      0.0364    -34.10 LEFT    7.6032E-05     -6.98  5.1536E-05   -191.46
   25.00    210.00     -0.89    -3.64     0.96      0.0588    -36.03 LEFT    7.0533E-05     -4.84  5.1417E-05   -191.91
   30.00    210.00     -1.56    -3.71     0.51      0.0865    -37.88 LEFT    6.5335E-05     -2.08  5.1022E-05   -192.28
   35.00    210.00     -2.13    -3.84     0.11      0.1176    -39.24 LEFT    6.1159E-05      1.16  5.0233E-05   -192.52
   40.00    210.00     -2.50    -4.07    -0.21      0.1478    -39.63 LEFT    5.8607E-05      4.52  4.8940E-05   -192.58
   45.00    210.00     -2.59    -4.41    -0.40      0.1708    -38.67 LEFT    5.8023E-05      7.41  4.7051E-05   -192.42
   50.00    210.00     -2.39    -4.89    -0.45      0.1804    -36.28 LEFT    5.9393E-05      9.30  4.4498E-05   -192.05
   55.00    210.00     -1.97    -5.56    -0.39      0.1733    -32.73 LEFT    6.2328E-05      9.98  4.1240E-05   -191.47
   60.00    210.00     -1.46    -6.44    -0.26      0.1519    -28.60 LEFT    6.6061E-05      9.58  3.7266E-05   -190.71
   65.00    210.00     -1.03    -7.60    -0.17      0.1227    -24.41 LEFT    6.9424E-05      8.47  3.2586E-05   -189.84
   70.00    210.00     -0.86    -9.16    -0.26      0.0926    -20.48 LEFT    7.0803E-05      6.98  2.7230E-05   -188.92
   75.00    210.00     -1.20   -11.32    -0.79      0.0660    -16.95 LEFT    6.8106E-05      5.34  2.1237E-05   -188.03
   80.00    210.00     -2.50   -14.54    -2.24      0.0444    -13.83 LEFT    5.8612E-05      3.60  1.4659E-05   -187.25
   85.00    210.00     -6.18   -20.30    -6.02      0.0274    -11.03 LEFT    3.8372E-05      1.66  7.5558E-06   -186.64
   90.00    210.00   -999.99  -999.99  -999.99      0.0000      0.00         3.0397E-15   -180.94  4.5351E-16     -6.25
    0.00    215.00      0.62    -2.48     2.35      0.0000    -35.00 LINEAR  8.3963E-05    -10.29  5.8792E-05   -190.29
    5.00    215.00      0.54    -2.46     2.30      0.0023    -35.30 LEFT    8.3164E-05    -10.11  5.8878E-05   -190.38
   10.00    215.00      0.29    -2.43     2.15      0.0092    -36.17 LEFT    8.0847E-05     -9.55  5.9119E-05   -190.65
   15.00    215.00     -0.10    -2.38     1.92      0.0210    -37.58 LEFT    7.7256E-05     -8.57  5.9457E-05   -191.06
   20.00    215.00     -0.62    -2.33     1.62      0.0381    -39.39 LEFT    7.2788E-05     -7.10  5.9799E-05   -191.54
   25.00    215.00     -1.21    -2.30     1.29      0.0604    -41.42 LEFT    6.7975E-05     -5.07  6.0024E-05   -192.04
   30.00    215.00     -1.81    -2.30     0.96      0.0872    -43.37 LEFT    6.3444E-05     -2.49  5.9987E-05   -192.47
   35.00    215.00     -2.32    -2.37     0.67      0.1166    -44.85 LEFT    5.9838E-05      0.51  5.9532E-05   -192.79
   40.00    215.00     -2.64    -2.52     0.43      0.1454    -45.41 LEFT    5.7699E-05      3.59  5.8505E-05   -192.96
   45.00    215.00     -2.69    -2.78     0.27      0.1688    -44.69 LEFT    5.7341E-05      6.23  5.6762E-05   -192.93
   50.00    215.00     -2.48    -3.18     0.19      0.1819    -42.52 LEFT    5.8759E-05      7.97  5.4185E-05   -192.72
   55.00    215.00     -2.07    -3.76     0.18      0.1811    -39.07 LEFT    6.1598E-05      8.61  5.0686E-05   -192.33
   60.00    215.00     -1.59    -4.57     0.19      0.1664    -34.78 LEFT    6.5136E-05      8.28  4.6211E-05   -191.78
   65.00    215.00     -1.18    -5.66     0.14      0.1418    -30.19 LEFT    6.8257E-05      7.28  4.0740E-05   -191.13
   70.00    215.00     -1.03    -7.16    -0.08      0.1131    -25.71 LEFT    6.9421E-05      5.91  3.4288E-05   -190.43
   75.00    215.00     -1.39    -9.27    -0.73      0.0852    -21.55 LEFT    6.6620E-05      4.37  2.6899E-05   -189.74
   80.00    215.00     -2.71   -12.45    -2.27      0.0606    -17.76 LEFT    5.7233E-05      2.71  1.8647E-05   -189.12
   85.00    215.00     -6.40   -18.18    -6.12      0.0396    -14.28 LEFT    3.7429E-05      0.81  9.6373E-06   -188.61
   90.00    215.00   -999.99  -999.99  -999.99      0.0000      0.00         2.9640E-15   -181.78  5.7898E-16     -8.26
    0.00    220.00      0.04    -1.49     2.35      0.0000    -40.00 LINEAR  7.8520E-05    -10.29  6.5886E-05   -190.29
    5.00    220.00     -0.04    -1.47     2.32      0.0024    -40.31 LEFT    7.7834E-05    -10.11  6.6035E-05   -190.39
   10.00    220.00     -0.26    -1.41     2.21      0.0095    -41.23 LEFT    7.5846E-05     -9.57  6.6460E-05   -190.67
   15.00    220.00     -0.62    -1.33     2.05      0.0215    -42.68 LEFT    7.2767E-05     -8.63  6.7094E-05   -191.10
   20.00    220.00     -1.09    -1.23     1.85      0.0384    -44.53 LEFT    6.8941E-05     -7.22  6.7829E-05   -191.63
   25.00    220.00     -1.63    -1.15     1.63      0.0598    -46.59 LEFT    6.4834E-05     -5.31  6.8519E-05   -192.17
   30.00    220.00     -2.16    -1.09     1.42      0.0847    -48.57 LEFT    6.0991E-05     -2.91  6.8984E-05   -192.67
   35.00    220.00     -2.60    -1.08     1.24      0.1115    -50.10 LEFT    5.7975E-05     -0.15  6.9026E-05   -193.07
   40.00    220.00     -2.86    -1.16     1.09      0.1377    -50.79 LEFT    5.6266E-05      2.66  6.8436E-05   -193.33
   45.00    220.00     -2.88    -1.34     0.97      0.1601    -50.31 LEFT    5.6143E-05      5.05  6.7012E-05   -193.44
   50.00    220.00     -2.65    -1.66     0.88      0.1752    -48.47 LEFT    5.7608E-05      6.63  6.4570E-05   -193.37
   55.00    220.00     -2.25    -2.16     0.80      0.1798    -45.31 LEFT    6.0336E-05      7.24  6.0956E-05   -193.15
   60.00    220.00     -1.79    -2.89     0.71      0.1726    -41.15 LEFT    6.3653E-05      6.96  5.6061E-05   -192.79
   65.00    220.00     -1.40    -3.91     0.53      0.1551    -36.42 LEFT    6.6509E-05      6.06  4.9819E-05   -192.33
   70.00    220.00     -1.28    -5.35     0.15      0.1309    -31.56 LEFT    6.7448E-05      4.80  4.2220E-05   -191.82
   75.00    220.00     -1.66    -7.41    -0.64      0.1042    -26.84 LEFT    6.4567E-05      3.36  3.3310E-05   -191.30
   80.00    220.00     -3.00   -10.56    -2.29      0.0781    -22.38 LEFT    5.5368E-05      1.77  2.3188E-05   -190.81
   85.00    220.00     -6.70   -16.27    -6.24      0.0537    -18.15 LEFT    3.6169E-05     -0.08  1.2015E-05   -190.39
   90.00    220.00   -999.99  -999.99  -999.99      0.0000      0.00         2.8630E-15   -182.65  7.2241E-16    -10.07
    0.00    225.00     -0.66    -0.66     2.35      0.0000    -45.00 LINEAR  7.2479E-05    -10.29  7.2479E-05   -190.29
    5.00    225.00     -0.73    -0.63     2.33      0.0024    -45.32 LEFT    7.1904E-05    -10.12  7.2701E-05   -190.39
   10.00    225.00     -0.93    -0.55     2.27      0.0096    -46.24 LEFT    7.0240E-05     -9.59  7.3345E-05   -190.69
   15.00    225.00     -1.25    -0.44     2.18      0.0214    -47.69 LEFT    6.7665E-05     -8.69  7.4335E-05   -191.15
   20.00    225.00     -1.67    -0.30     2.08      0.0376    -49.53 LEFT    6.4473E-05     -7.35  7.5546E-05   -191.71
   25.00    225.00     -2.15    -0.15     1.97      0.0574    -51.56 LEFT    6.1061E-05     -5.56  7.6807E-05   -192.30
   30.00    225.00     -2.61    -0.03     1.88      0.0799    -53.49 LEFT    5.7898E-05     -3.32  7.7904E-05   -192.86
   35.00    225.00     -2.98     0.05     1.80      0.1035    -55.01 LEFT    5.5468E-05     -0.79  7.8592E-05   -193.34
   40.00    225.00     -3.18     0.05     1.74      0.1265    -55.78 LEFT    5.4184E-05      1.75  7.8602E-05   -193.70
   45.00    225.00     -3.17    -0.06     1.67      0.1469    -55.51 LEFT    5.4293E-05      3.91  7.7661E-05   -193.92
   50.00    225.00     -2.93    -0.30     1.59      0.1624    -54.02 LEFT    5.5792E-05      5.35  7.5509E-05   -193.98
   55.00    225.00     -2.54    -0.73     1.47      0.1707    -51.29 LEFT    5.8389E-05      5.90  7.1912E-05   -193.91
   60.00    225.00     -2.09    -1.38     1.29      0.1702    -47.47 LEFT    6.1462E-05      5.67  6.6685E-05   -193.71
   65.00    225.00     -1.73    -2.34     0.98      0.1605    -42.89 LEFT    6.4037E-05      4.86  5.9707E-05   -193.42
   70.00    225.00     -1.64    -3.72     0.46      0.1430    -37.90 LEFT    6.4754E-05      3.70  5.0930E-05   -193.06
   75.00    225.00     -2.04    -5.74    -0.49      0.1204    -32.78 LEFT    6.1834E-05      2.34  4.0393E-05   -192.68
   80.00    225.00     -3.39    -8.85    -2.30      0.0951    -27.72 LEFT    5.2924E-05      0.83  2.8229E-05   -192.30
   85.00    225.00     -7.10   -14.54    -6.38      0.0687    -22.74 LEFT    3.4533E-05     -0.99  1.4662E-05   -191.95
   90.00    225.00   -999.99  -999.99  -999.99      0.0000      0.00         2.7324E-15   -183.54  8.8227E-16    -11.65
    0.00    230.00     -1.49     0.04     2.35      0.0000    -50.00 LINEAR  6.5886E-05    -10.29  7.8520E-05   -190.29
    5.00    230.00     -1.55     0.07     2.35      0.0024    -50.31 LEFT    6.5417E-05    -10.12  7.8825E-05   -190.40
   10.00    230.00     -1.73     0.17     2.33      0.0093    -51.22 LEFT    6.4059E-05     -9.62  7.9714E-05   -190.71
   15.00    230.00     -2.02     0.32     2.32      0.0206    -52.63 LEFT    6.1962E-05     -8.75  8.1103E-05   -191.20
   20.00    230.00     -2.39     0.50     2.30      0.0356    -54.40 LEFT    5.9372E-05     -7.48  8.2854E-05   -191.79
   25.00    230.00     -2.80     0.70     2.31      0.0536    -56.33 LEFT    5.6621E-05     -5.79  8.4772E-05   -192.43
   30.00    230.00     -3.20     0.89     2.32      0.0733    -58.16 LEFT    5.4104E-05     -3.72  8.6608E-05   -193.05
   35.00    230.00     -3.50     1.03     2.34      0.0936    -59.61 LEFT    5.2229E-05     -1.40  8.8066E-05   -193.60
   40.00    230.00     -3.65     1.11     2.36      0.1132    -60.40 LEFT    5.1346E-05      0.90  8.8815E-05   -194.05
   45.00    230.00     -3.60     1.08     2.35      0.1310    -60.30 LEFT    5.1662E-05      2.85  8.8503E-05   -194.36
   50.00    230.00     -3.35     0.91     2.29      0.1457    -59.14 LEFT    5.3174E-05      4.14  8.6781E-05   -194.55
   55.00    230.00     -2.96     0.55     2.15      0.1559    -56.87 LEFT    5.5616E-05      4.65  8.3325E-05   -194.60
   60.00    230.00     -2.53    -0.04     1.90      0.1601    -53.56 LEFT    5.8424E-05      4.44  7.7862E-05   -194.53
   65.00    230.00     -2.20    -0.94     1.49      0.1574    -49.36 LEFT    6.0706E-05      3.71  7.0195E-05   -194.37
   70.00    230.00     -2.12    -2.27     0.82      0.1475    -44.52 LEFT    6.1215E-05      2.64  6.0231E-05   -194.14
   75.00    230.00     -2.55    -4.24    -0.30      0.1311    -39.26 LEFT    5.8312E-05      1.36  4.8000E-05   -193.87
   80.00    230.00     -3.91    -7.32    -2.28      0.1094    -33.77 LEFT    4.9818E-05     -0.10  3.3664E-05   -193.58
   85.00    230.00     -7.63   -12.99    -6.52      0.0832    -28.09 LEFT    3.2469E-05     -1.87  1.7522E-05   -193.28
   90.00    230.00   -999.99  -999.99  -999.99      0.0000      0.00         2.5682E-15   -184.42  1.0551E-15    -13.00
    0.00    235.00     -2.48     0.62     2.35      0.0000    -55.00 LINEAR  5.8792E-05    -10.29  8.3963E-05   -190.29
    5.00    235.00     -2.53     0.66     2.36      0.0022    -55.30 LEFT    5.8419E-05    -10.13  8.4356E-05   -190.40
   10.00    235.00     -2.69     0.78     2.39      0.0088    -56.15 LEFT    5.7342E-05     -9.64  8.5505E-05   -190.73
   15.00    235.00     -2.95     0.96     2.44      0.0193    -57.49 LEFT    5.5683E-05     -8.81  8.7321E-05   -191.24
   20.00    235.00     -3.27     1.19     2.52      0.0328    -59.14 LEFT    5.3643E-05     -7.60  8.9653E-05   -191.87
   25.00    235.00     -3.63     1.44     2.62      0.0486    -60.92 LEFT    5.1497E-05     -6.01  9.2283E-05   -192.55
   30.00    235.00     -3.96     1.69     2.73      0.0654    -62.60 LEFT    4.9568E-05     -4.09  9.4929E-05   -193.22
   35.00    235.00     -4.20     1.90     2.85      0.0825    -63.94 LEFT    4.8195E-05     -1.96  9.7246E-05   -193.84
   40.00    235.00     -4.30     2.04     2.94      0.0989    -64.71 LEFT    4.7665E-05      0.13  9.8836E-05   -194.36
   45.00    235.00     -4.21     2.07     2.99      0.1139    -64.72 LEFT    4.8150E-05      1.88  9.9266E-05   -194.77
   50.00    235.00     -3.94     1.97     2.96      0.1271    -63.86 LEFT    4.9641E-05      3.04  9.8092E-05   -195.05
   55.00    235.00     -3.56     1.68     2.82      0.1376    -62.04 LEFT    5.1900E-05      3.50  9.4886E-05   -195.20
   60.00    235.00     -3.15     1.15     2.53      0.1444    -59.27 LEFT    5.4421E-05      3.31  8.9275E-05   -195.25
   65.00    235.00     -2.84     0.31     2.02      0.1467    -55.61 LEFT    5.6405E-05      2.64  8.0981E-05   -195.20
   70.00    235.00     -2.79    -0.98     1.22      0.1436    -51.17 LEFT    5.6730E-05      1.64  6.9853E-05   -195.07
   75.00    235.00     -3.23    -2.91    -0.06      0.1343    -46.08 LEFT    5.3916E-05      0.43  5.5904E-05   -194.88
   80.00    235.00     -4.61    -5.97    -2.23      0.1185    -40.41 LEFT    4.5981E-05     -0.97  3.9329E-05   -194.66
   85.00    235.00     -8.34   -11.62    -6.67      0.0953    -34.21 LEFT    2.9935E-05     -2.72  2.0510E-05   -194.40
   90.00    235.00   -999.99  -999.99  -999.99      0.0000      0.00         2.3669E-15   -185.25  1.2358E-15    -14.14
    0.00    240.00     -3.67     1.10     2.35      0.0000    -60.00 LINEAR  5.1250E-05    -10.29  8.8768E-05   -190.29
    5.00    240.00     -3.72     1.15     2.38      0.0021    -60.27 LEFT    5.0963E-05    -10.13  8.9249E-05   -190.41
   10.00    240.00     -3.86     1.29     2.45      0.0081    -61.06 LEFT    5.0134E-05     -9.66  9.0661E-05   -190.75
   15.00    240.00     -4.08     1.50     2.56      0.0174    -62.27 LEFT    4.8862E-05     -8.86  9.2910E-05   -191.28
   20.00    240.00     -4.36     1.77     2.72      0.0293    -63.76 LEFT    4.7308E-05     -7.71  9.5835E-05   -191.94
   25.00    240.00     -4.66     2.07     2.90      0.0428    -65.36 LEFT    4.5692E-05     -6.21  9.9197E-05   -192.66
   30.00    240.00     -4.94     2.37     3.11      0.0568    -66.85 LEFT    4.4277E-05     -4.42  1.0268E-04   -193.38
   35.00    240.00     -5.13     2.64     3.31      0.0708    -68.04 LEFT    4.3333E-05     -2.46  1.0590E-04   -194.06
   40.00    240.00     -5.17     2.84     3.48      0.0841    -68.75 LEFT    4.3092E-05     -0.56  1.0839E-04   -194.64
   45.00    240.00     -5.05     2.94     3.58      0.0965    -68.85 LEFT    4.3692E-05      1.02  1.0963E-04   -195.12
   50.00    240.00     -4.77     2.89     3.58      0.1077    -68.21 LEFT    4.5118E-05      2.06  1.0908E-04   -195.48
   55.00    240.00     -4.39     2.66     3.44      0.1174    -66.79 LEFT    4.7159E-05      2.48  1.0621E-04   -195.73
   60.00    240.00     -3.99     2.18     3.12      0.1252    -64.56 LEFT    4.9373E-05      2.30  1.0053E-04   -195.86
   65.00    240.00     -3.70     1.38     2.56      0.1305    -61.50 LEFT    5.1059E-05      1.67  9.1684E-05   -195.89
   70.00    240.00     -3.67     0.14     1.65      0.1322    -57.65 LEFT    5.1233E-05      0.73  7.9448E-05   -195.84
   75.00    240.00     -4.13    -1.76     0.22      0.1294    -52.98 LEFT    4.8589E-05     -0.42  6.3817E-05   -195.73
   80.00    240.00     -5.53    -4.79    -2.14      0.1203    -47.49 LEFT    4.1371E-05     -1.78  4.5016E-05   -195.55
   85.00    240.00     -9.26   -10.44    -6.80      0.1027    -41.07 LEFT    2.6907E-05     -3.49  2.3514E-05   -195.33
   90.00    240.00   -999.99  -999.99  -999.99      0.0000      0.00         2.1267E-15   -186.02  1.4176E-15    -15.08
    0.00    245.00     -5.13     1.50     2.35      0.0000    -65.00 LINEAR  4.3318E-05    -10.29  9.2897E-05   -190.29
    5.00    245.00     -5.17     1.55     2.39      0.0018    -65.24 LEFT    4.3105E-05    -10.14  9.3462E-05   -190.41
   10.00    245.00     -5.30     1.70     2.49      0.0071    -65.93 LEFT    4.2489E-05     -9.68  9.5127E-05   -190.77
   15.00    245.00     -5.49     1.94     2.67      0.0151    -67.00 LEFT    4.1547E-05     -8.91  9.7794E-05   -191.32
   20.00    245.00     -5.73     2.25     2.89      0.0252    -68.29 LEFT    4.0406E-05     -7.81  1.0129E-04   -192.01
   25.00    245.00     -5.99     2.59     3.16      0.0363    -69.66 LEFT    3.9238E-05     -6.39  1.0537E-04   -192.76
   30.00    245.00     -6.21     2.94     3.44      0.0477    -70.94 LEFT    3.8248E-05     -4.71  1.0968E-04   -193.52
   35.00    245.00     -6.35     3.26     3.71      0.0589    -71.96 LEFT    3.7649E-05     -2.90  1.1379E-04   -194.24
   40.00    245.00     -6.35     3.52     3.94      0.0694    -72.59 LEFT    3.7623E-05     -1.15  1.1718E-04   -194.88
   45.00    245.00     -6.20     3.67     4.09      0.0793    -72.72 LEFT    3.8273E-05      0.29  1.1925E-04   -195.42
   50.00    245.00     -5.91     3.68     4.13      0.0884    -72.27 LEFT    3.9581E-05      1.23  1.1935E-04   -195.85
   55.00    245.00     -5.53     3.49     4.00      0.0968    -71.19 LEFT    4.1367E-05      1.60  1.1686E-04   -196.16
   60.00    245.00     -5.14     3.06     3.67      0.1043    -69.44 LEFT    4.3253E-05      1.42  1.1119E-04   -196.37
   65.00    245.00     -4.87     2.30     3.06      0.1106    -66.99 LEFT    4.4645E-05      0.83  1.0186E-04   -196.47
   70.00    245.00     -4.85     1.09     2.07      0.1152    -63.80 LEFT    4.4705E-05     -0.06  8.8611E-05   -196.48
   75.00    245.00     -5.33    -0.79     0.52      0.1169    -59.78 LEFT    4.2319E-05     -1.17  7.1397E-05   -196.41
   80.00    245.00     -6.74    -3.80    -2.02      0.1141    -54.78 LEFT    3.5981E-05     -2.49  5.0477E-05   -196.28
   85.00    245.00    -10.48    -9.43    -6.91      0.1034    -48.55 LEFT    2.3380E-05     -4.19  2.6402E-05   -196.08
   90.00    245.00   -999.99  -999.99  -999.99      0.0000      0.00         1.8474E-15   -186.70  1.5925E-15    -15.84
    0.00    250.00     -6.97     1.81     2.35      0.0000    -70.00 LINEAR  3.5057E-05    -10.29  9.6319E-05   -190.29
    5.00    250.00     -7.00     1.87     2.40      0.0015    -70.20 LEFT    3.4904E-05    -10.14  9.6961E-05   -190.41
   10.00    250.00     -7.11     2.04     2.54      0.0059    -70.78 LEFT    3.4465E-05     -9.70  9.8855E-05   -190.78
   15.00    250.00     -7.28     2.30     2.75      0.0125    -71.66 LEFT    3.3796E-05     -8.95  1.0190E-04   -191.35
   20.00    250.00     -7.49     2.64     3.04      0.0206    -72.73 LEFT    3.2994E-05     -7.89  1.0592E-04   -192.06
   25.00    250.00     -7.71     3.02     3.37      0.0295    -73.86 LEFT    3.2188E-05     -6.54  1.1065E-04   -192.85
   30.00    250.00     -7.89     3.41     3.72      0.0384    -74.90 LEFT    3.1535E-05     -4.96  1.1572E-04   -193.64
   35.00    250.00     -7.98     3.77     4.05      0.0469    -75.74 LEFT    3.1193E-05     -3.26  1.2066E-04   -194.40
   40.00    250.00     -7.95     4.07     4.33      0.0550    -76.26 LEFT    3.1299E-05     -1.64  1.2489E-04   -195.08
   45.00    250.00     -7.78     4.27     4.53      0.0625    -76.39 LEFT    3.1930E-05     -0.32  1.2774E-04   -195.67
   50.00    250.00     -7.47     4.32     4.59      0.0697    -76.08 LEFT    3.3065E-05      0.54  1.2849E-04   -196.15
   55.00    250.00     -7.09     4.17     4.49      0.0764    -75.29 LEFT    3.4556E-05      0.87  1.2639E-04   -196.52
   60.00    250.00     -6.71     3.78     4.15      0.0829    -73.97 LEFT    3.6095E-05      0.69  1.2076E-04   -196.77
   65.00    250.00     -6.45     3.05     3.51      0.0890    -72.10 LEFT    3.7198E-05      0.12  1.1105E-04   -196.92
   70.00    250.00     -6.45     1.87     2.46      0.0944    -69.59 LEFT    3.7183E-05     -0.73  9.6906E-05   -196.98
   75.00    250.00     -6.94     0.01     0.81      0.0986    -66.33 LEFT    3.5144E-05     -1.80  7.8278E-05   -196.95
   80.00    250.00     -8.36    -2.98    -1.88      0.1002    -62.09 LEFT    2.9844E-05     -3.10  5.5443E-05   -196.85
   85.00    250.00    -12.12    -8.60    -7.00      0.0961    -56.50 LEFT    1.9378E-05     -4.77  2.9032E-05   -196.67
   90.00    250.00   -999.99  -999.99  -999.99      0.0000      0.00         1.5308E-15   -187.28  1.7518E-15    -16.43
    0.00    255.00     -9.39     2.05     2.35      0.0000    -75.00 LINEAR  2.6529E-05    -10.29  9.9008E-05   -190.29
    5.00    255.00     -9.42     2.11     2.41      0.0012    -75.16 LEFT    2.6426E-05    -10.14  9.9714E-05   -190.42
   10.00    255.00     -9.52     2.29     2.57      0.0046    -75.61 LEFT    2.6129E-05     -9.71  1.0180E-04   -190.80
   15.00    255.00     -9.67     2.58     2.83      0.0096    -76.29 LEFT    2.5681E-05     -8.98  1.0517E-04   -191.38
   20.00    255.00     -9.85     2.94     3.16      0.0158    -77.11 LEFT    2.5149E-05     -7.96  1.0963E-04   -192.11
   25.00    255.00    -10.03     3.35     3.54      0.0223    -77.97 LEFT    2.4626E-05     -6.66  1.1491E-04   -192.91
   30.00    255.00    -10.18     3.77     3.94      0.0288    -78.76 LEFT    2.4223E-05     -5.15  1.2063E-04   -193.73
   35.00    255.00    -10.24     4.17     4.32      0.0350    -79.40 LEFT    2.4053E-05     -3.55  1.2628E-04   -194.52
   40.00    255.00    -10.18     4.50     4.65      0.0408    -79.80 LEFT    2.4215E-05     -2.03  1.3124E-04   -195.24
   45.00    255.00     -9.99     4.73     4.88      0.0463    -79.92 LEFT    2.4759E-05     -0.79  1.3478E-04   -195.86
   50.00    255.00     -9.67     4.82     4.97      0.0515    -79.72 LEFT    2.5667E-05      0.00  1.3610E-04   -196.38
   55.00    255.00     -9.29     4.70     4.87      0.0566    -79.16 LEFT    2.6825E-05      0.30  1.3436E-04   -196.79
   60.00    255.00     -8.92     4.34     4.54      0.0616    -78.22 LEFT    2.7998E-05      0.12  1.2880E-04   -197.08
   65.00    255.00     -8.67     3.63     3.88      0.0667    -76.87 LEFT    2.8818E-05     -0.43  1.1878E-04   -197.27
   70.00    255.00     -8.68     2.47     2.79      0.0717    -75.03 LEFT    2.8768E-05     -1.26  1.0391E-04   -197.36
   75.00    255.00     -9.18     0.63     1.06      0.0764    -72.58 LEFT    2.7156E-05     -2.31  8.4095E-05   -197.36
   80.00    255.00    -10.61    -2.35    -1.75      0.0801    -69.29 LEFT    2.3039E-05     -3.58  5.9648E-05   -197.28
   85.00    255.00    -14.37    -7.96    -7.07      0.0806    -64.74 LEFT    1.4950E-05     -5.24  3.1260E-05   -197.12
   90.00    255.00   -999.99  -999.99  -999.99      0.0000      0.00         1.1807E-15   -187.75  1.8868E-15    -16.88
    0.00    260.00    -12.85     2.22     2.35      0.0000    -80.00 LINEAR  1.7799E-05    -10.29  1.0094E-04   -190.29
    5.00    260.00    -12.88     2.28     2.41      0.0008    -80.11 LEFT    1.7736E-05    -10.14  1.0170E-04   -190.42
   10.00    260.00    -12.97     2.47     2.60      0.0031    -80.41 LEFT    1.7555E-05     -9.72  1.0393E-04   -190.80
   15.00    260.00    -13.11     2.77     2.88      0.0065    -80.88 LEFT    1.7282E-05     -9.01  1.0754E-04   -191.40
   20.00    260.00    -13.27     3.15     3.25      0.0106    -81.43 LEFT    1.6963E-05     -8.01  1.1234E-04   -192.14
   25.00    260.00    -13.43     3.58     3.66      0.0150    -82.01 LEFT    1.6655E-05     -6.75  1.1804E-04   -192.96
   30.00    260.00    -13.55     4.02     4.10      0.0192    -82.55 LEFT    1.6430E-05     -5.29  1.2426E-04   -193.80
   35.00    260.00    -13.59     4.45     4.52      0.0233    -82.97 LEFT    1.6362E-05     -3.75  1.3046E-04   -194.61
   40.00    260.00    -13.51     4.81     4.87      0.0270    -83.25 LEFT    1.6511E-05     -2.30  1.3598E-04   -195.35
   45.00    260.00    -13.30     5.06     5.13      0.0306    -83.34 LEFT    1.6910E-05     -1.13  1.4005E-04   -196.00
   50.00    260.00    -12.98     5.17     5.24      0.0340    -83.22 LEFT    1.7544E-05     -0.38  1.4181E-04   -196.55
   55.00    260.00    -12.60     5.08     5.16      0.0373    -82.86 LEFT    1.8336E-05     -0.11  1.4036E-04   -196.98
   60.00    260.00    -12.23     4.74     4.82      0.0407    -82.26 LEFT    1.9128E-05     -0.29  1.3487E-04   -197.30
   65.00    260.00    -11.99     4.05     4.16      0.0443    -81.39 LEFT    1.9671E-05     -0.83  1.2464E-04   -197.52
   70.00    260.00    -12.01     2.90     3.04      0.0480    -80.18 LEFT    1.9618E-05     -1.65  1.0922E-04   -197.63
   75.00    260.00    -12.52     1.08     1.26      0.0519    -78.55 LEFT    1.8502E-05     -2.67  8.8519E-05   -197.65
   80.00    260.00    -13.95    -1.90    -1.63      0.0556    -76.32 LEFT    1.5686E-05     -3.94  6.2848E-05   -197.58
   85.00    260.00    -17.71    -7.50    -7.11      0.0580    -73.13 LEFT    1.0174E-05     -5.59  3.2958E-05   -197.43
   90.00    260.00   -999.99  -999.99  -999.99      0.0000      0.00         8.0339E-16   -188.09  1.9897E-15    -17.19
    0.00    265.00    -18.84     2.32     2.35      0.0000    -85.00 LINEAR  8.9335E-06    -10.29  1.0211E-04   -190.29
    5.00    265.00    -18.87     2.39     2.42      0.0004    -85.05 LEFT    8.9036E-06    -10.15  1.0290E-04   -190.42
   10.00    265.00    -18.95     2.58     2.61      0.0016    -85.21 LEFT    8.8183E-06     -9.73  1.0522E-04   -190.81
   15.00    265.00    -19.08     2.89     2.91      0.0033    -85.44 LEFT    8.6904E-06     -9.02  1.0898E-04   -191.41
   20.00    265.00    -19.23     3.28     3.30      0.0054    -85.73 LEFT    8.5414E-06     -8.04  1.1399E-04   -192.16
   25.00    265.00    -19.38     3.72     3.74      0.0075    -86.02 LEFT    8.4002E-06     -6.80  1.1996E-04   -192.99
   30.00    265.00    -19.48     4.18     4.20      0.0096    -86.29 LEFT    8.3016E-06     -5.38  1.2648E-04   -193.84
   35.00    265.00    -19.50     4.62     4.63      0.0116    -86.50 LEFT    8.2812E-06     -3.88  1.3303E-04   -194.67
   40.00    265.00    -19.41     4.99     5.01      0.0135    -86.64 LEFT    8.3687E-06     -2.47  1.3891E-04   -195.42
   45.00    265.00    -19.19     5.26     5.28      0.0152    -86.69 LEFT    8.5797E-06     -1.34  1.4331E-04   -196.08
   50.00    265.00    -18.87     5.39     5.40      0.0169    -86.63 LEFT    8.9062E-06     -0.61  1.4536E-04   -196.64
   55.00    265.00    -18.48     5.31     5.33      0.0185    -86.46 LEFT    9.3084E-06     -0.36  1.4410E-04   -197.09
   60.00    265.00    -18.12     4.98     5.00      0.0203    -86.17 LEFT    9.7071E-06     -0.54  1.3866E-04   -197.43
   65.00    265.00    -17.88     4.30     4.33      0.0221    -85.74 LEFT    9.9776E-06     -1.08  1.2829E-04   -197.66
   70.00    265.00    -17.91     3.16     3.20      0.0241    -85.14 LEFT    9.9448E-06     -1.88  1.1254E-04   -197.79
   75.00    265.00    -18.42     1.35     1.39      0.0262    -84.33 LEFT    9.3742E-06     -2.90  9.1286E-05   -197.82
   80.00    265.00    -19.86    -1.62    -1.56      0.0284    -83.21 LEFT    7.9437E-06     -4.15  6.4852E-05   -197.76
   85.00    265.00    -23.62    -7.23    -7.13      0.0303    -81.56 LEFT    5.1510E-06     -5.80  3.4021E-05   -197.61
   90.00    265.00   -999.99  -999.99  -999.99      0.0000      0.00         4.0672E-16   -188.29  2.0541E-15    -17.38
    0.00    270.00   -999.99     2.35     2.35      0.0000     90.00 LINEAR  1.5693E-15   -190.29  1.0250E-04   -190.29
    5.00    270.00   -195.04     2.42     2.42      0.0000    -90.00 LINEAR  1.3843E-14    -96.66  1.0330E-04   -190.42
   10.00    270.00   -189.30     2.62     2.62      0.0000    -90.00 LINEAR  2.6788E-14    -94.52  1.0565E-04   -190.81
   15.00    270.00   -186.34     2.92     2.92      0.0000    -90.00 LINEAR  3.7660E-14    -95.38  1.0946E-04   -191.41
   20.00    270.00   -184.71     3.32     3.32      0.0000    -90.00 LINEAR  4.5482E-14    -98.04  1.1454E-04   -192.17
   25.00    270.00   -183.96     3.77     3.77      0.0000    -90.00 LINEAR  4.9544E-14   -102.94  1.2060E-04   -193.00
   30.00    270.00   -183.92     4.23     4.23      0.0000     90.00 LINEAR  4.9775E-14   -111.46  1.2723E-04   -193.86
   35.00    270.00   -184.31     4.67     4.67      0.0000     90.00 LINEAR  4.7619E-14   -126.13  1.3389E-04   -194.68
   40.00    270.00   -184.31     5.05     5.05      0.0000     90.00 LINEAR  4.7601E-14   -149.21  1.3989E-04   -195.44
   45.00    270.00   -182.80     5.33     5.33      0.0000     90.00 LINEAR  5.6657E-14   -175.68  1.4442E-04   -196.11
   50.00    270.00   -180.11     5.46     5.46      0.0000     90.00 LINEAR  7.7176E-14   -195.73  1.4656E-04   -196.68
   55.00    270.00   -177.41     5.39     5.39      0.0000     90.00 LINEAR  1.0540E-13   -208.00  1.4537E-04   -197.13
   60.00    270.00   -175.19     5.06     5.06      0.0000     90.00 LINEAR  1.3608E-13   -215.38  1.3994E-04   -197.48
   65.00    270.00   -173.58     4.39     4.39      0.0000     90.00 LINEAR  1.6380E-13   -220.06  1.2954E-04   -197.71
   70.00    270.00   -172.63     3.25     3.25      0.0000     90.00 LINEAR  1.8261E-13   -223.24  1.1367E-04   -197.84
   75.00    270.00   -172.48     1.44     1.44      0.0000     90.00 LINEAR  1.8581E-13   -225.60  9.2228E-05   -197.88
   80.00    270.00   -173.49    -1.53    -1.53      0.0000     90.00 LINEAR  1.6536E-13   -227.58  6.5535E-05   -197.82
   85.00    270.00   -177.02    -7.13    -7.13      0.0000     90.00 LINEAR  1.1019E-13   -229.58  3.4383E-05   -197.67
   90.00    270.00   -999.99  -999.99  -999.99      0.0000      0.00         2.2468E-20   -108.13  2.0761E-15    -17.44
    0.00    275.00    -18.84     2.32     2.35      0.0000     85.00 LINEAR  8.9335E-06   -190.29  1.0211E-04   -190.29
    5.00    275.00    -18.87     2.39     2.42      0.0004     85.05 RIGHT   8.9036E-06   -190.15  1.0290E-04   -190.42
   10.00    275.00    -18.95     2.58     2.61      0.0016     85.21 RIGHT   8.8183E-06   -189.73  1.0522E-04   -190.81
   15.00    275.00    -19.08     2.89     2.91      0.0033     85.44 RIGHT   8.6904E-06   -189.02  1.0898E-04   -191.41
   20.00    275.00    -19.23     3.28     3.30      0.0054     85.73 RIGHT   8.5414E-06   -188.04  1.1399E-04   -192.16
   25.00    275.00    -19.38     3.72     3.74      0.0075     86.02 RIGHT   8.4002E-06   -186.80  1.1996E-04   -192.99
   30.00    275.00    -19.48     4.18     4.20      0.0096     86.29 RIGHT   8.3016E-06   -185.38  1.2648E-04   -193.84
   35.00    275.00    -19.50     4.62     4.63      0.0116     86.50 RIGHT   8.2812E-06   -183.88  1.3303E-04   -194.67
   40.00    275.00    -19.41     4.99     5.01      0.0135     86.64 RIGHT   8.3687E-06   -182.47  1.3891E-04   -195.42
   45.00    275.00    -19.19     5.26     5.28      0.0152     86.69 RIGHT   8.5797E-06   -181.34  1.4331E-04   -196.08
   50.00    275.00    -18.87     5.39     5.40      0.0169     86.63 RIGHT   8.9062E-06   -180.61  1.4536E-04   -196.64
   55.00    275.00    -18.48     5.31     5.33      0.0185     86.46 RIGHT   9.3084E-06   -180.36  1.4410E-04   -197.09
   60.00    275.00    -18.12     4.98     5.00      0.0203     86.17 RIGHT   9.7071E-06   -180.54  1.3866E-04   -197.43
   65.00    275.00    -17.88     4.30     4.33      0.0221     85.74 RIGHT   9.9776E-06   -181.08  1.2829E-04   -197.66
   70.00    275.00    -17.91     3.16     3.20      0.0241     85.14 RIGHT   9.9448E-06   -181.88  1.1254E-04   -197.79
   75.00    275.00    -18.42     1.35     1.39      0.0262     84.33 RIGHT   9.3742E-06   -182.90  9.1286E-05   -197.82
   80.00    275.00    -19.86    -1.62    -1.56      0.0284     83.21 RIGHT   7.9437E-06   -184.15  6.4852E-05   -197.76
   85.00    275.00    -23.62    -7.23    -7.13      0.0303     81.56 RIGHT   5.1510E-06   -185.80  3.4021E-05   -197.61
   90.00    275.00   -999.99  -999.99  -999.99      0.0000      0.00         4.0673E-16     -8.29  2.0541E-15    -17.38
    0.00    280.00    -12.85     2.22     2.35      0.0000     80.00 LINEAR  1.7799E-05   -190.29  1.0094E-04   -190.29
    5.00    280.00    -12.88     2.28     2.41      0.0008     80.11 RIGHT   1.7736E-05   -190.14  1.0170E-04   -190.42
   10.00    280.00    -12.97     2.47     2.60      0.0031     80.41 RIGHT   1.7555E-05   -189.72  1.0393E-04   -190.80
   15.00    280.00    -13.11     2.77     2.88      0.0065     80.88 RIGHT   1.7282E-05   -189.01  1.0754E-04   -191.40
   20.00    280.00    -13.27     3.15     3.25      0.0106     81.43 RIGHT   1.6963E-05   -188.01  1.1234E-04   -192.14
   25.00    280.00    -13.43     3.58     3.66      0.0150     82.01 RIGHT   1.6655E-05   -186.75  1.1804E-04   -192.96
   30.00    280.00    -13.55     4.02     4.10      0.0192     82.55 RIGHT   1.6430E-05   -185.29  1.2426E-04   -193.80
   35.00    280.00    -13.59     4.45     4.52      0.0233     82.97 RIGHT   1.6362E-05   -183.75  1.3046E-04   -194.61
   40.00    280.00    -13.51     4.81     4.87      0.0270     83.25 RIGHT   1.6511E-05   -182.30  1.3598E-04   -195.35
   45.00    280.00    -13.30     5.06     5.13      0.0306     83.34 RIGHT   1.6910E-05   -181.13  1.4005E-04   -196.00
   50.00    280.00    -12.98     5.17     5.24      0.0340     83.22 RIGHT   1.7544E-05   -180.38  1.4181E-04   -196.55
   55.00    280.00    -12.60     5.08     5.16      0.0373     82.86 RIGHT   1.8336E-05   -180.11  1.4036E-04   -196.98
   60.00    280.00    -12.23     4.74     4.82      0.0407     82.26 RIGHT   1.9128E-05   -180.29  1.3487E-04   -197.30
   65.00    280.00    -11.99     4.05     4.16      0.0443     81.39 RIGHT   1.9671E-05   -180.83  1.2464E-04   -197.52
   70.00    280.00    -12.01     2.90     3.04      0.0480     80.18 RIGHT   1.9618E-05   -181.65  1.0922E-04   -197.63
   75.00    280.00    -12.52     1.08     1.26      0.0519     78.55 RIGHT   1.8502E-05   -182.67  8.8519E-05   -197.65
   80.00    280.00    -13.95    -1.90    -1.63      0.0556     76.32 RIGHT   1.5686E-05   -183.94  6.2848E-05   -197.58
   85.00    280.00    -17.71    -7.50    -7.11      0.0580     73.13 RIGHT   1.0174E-05   -185.59  3.2958E-05   -197.43
   90.00    280.00   -999.99  -999.99  -999.99      0.0000      0.00         8.0340E-16     -8.09  1.9897E-15    -17.20
    0.00    285.00     -9.39     2.05     2.35      0.0000     75.00 LINEAR  2.6529E-05   -190.29  9.9008E-05   -190.29
    5.00    285.00     -9.42     2.11     2.41      0.0012     75.16 RIGHT   2.6426E-05   -190.14  9.9714E-05   -190.42
   10.00    285.00     -9.52     2.29     2.57      0.0046     75.61 RIGHT   2.6129E-05   -189.71  1.0180E-04   -190.80
   15.00    285.00     -9.67     2.58     2.83      0.0096     76.29 RIGHT   2.5681E-05   -188.98  1.0517E-04   -191.38
   20.00    285.00     -9.85     2.94     3.16      0.0158     77.11 RIGHT   2.5149E-05   -187.96  1.0963E-04   -192.11
   25.00    285.00    -10.03     3.35     3.54      0.0223     77.97 RIGHT   2.4626E-05   -186.66  1.1491E-04   -192.91
   30.00    285.00    -10.18     3.77     3.94      0.0288     78.76 RIGHT   2.4223E-05   -185.15  1.2063E-04   -193.73
   35.00    285.00    -10.24     4.17     4.32      0.0350     79.40 RIGHT   2.4053E-05   -183.55  1.2628E-04   -194.52
   40.00    285.00    -10.18     4.50     4.65      0.0408     79.80 RIGHT   2.4215E-05   -182.03  1.3124E-04   -195.24
   45.00    285.00     -9.99     4.73     4.88      0.0463     79.92 RIGHT   2.4759E-05   -180.79  1.3478E-04   -195.86
   50.00    285.00     -9.67     4.82     4.97      0.0515     79.72 RIGHT   2.5667E-05   -180.00  1.3610E-04   -196.38
   55.00    285.00     -9.29     4.70     4.87      0.0566     79.16 RIGHT   2.6825E-05   -179.70  1.3436E-04   -196.79
   60.00    285.00     -8.92     4.34     4.54      0.0616     78.22 RIGHT   2.7998E-05   -179.88  1.2880E-04   -197.08
   65.00    285.00     -8.67     3.63     3.88      0.0667     76.87 RIGHT   2.8818E-05   -180.43  1.1878E-04   -197.27
   70.00    285.00     -8.68     2.47     2.79      0.0717     75.03 RIGHT   2.8768E-05   -181.26  1.0391E-04   -197.36
   75.00    285.00     -9.18     0.63     1.06      0.0764     72.58 RIGHT   2.7156E-05   -182.31  8.4095E-05   -197.36
   80.00    285.00    -10.61    -2.35    -1.75      0.0801     69.29 RIGHT   2.3039E-05   -183.58  5.9648E-05   -197.28
   85.00    285.00    -14.37    -7.96    -7.07      0.0806     64.74 RIGHT   1.4950E-05   -185.24  3.1260E-05   -197.12
   90.00    285.00   -999.99  -999.99  -999.99      0.0000      0.00         1.1807E-15     -7.75  1.8868E-15    -16.88
    0.00    290.00     -6.97     1.81     2.35      0.0000     70.00 LINEAR  3.5057E-05   -190.29  9.6319E-05   -190.29
    5.00    290.00     -7.00     1.87     2.40      0.0015     70.20 RIGHT   3.4904E-05   -190.14  9.6961E-05   -190.41
   10.00    290.00     -7.11     2.04     2.54      0.0059     70.78 RIGHT   3.4465E-05   -189.70  9.8855E-05   -190.78
   15.00    290.00     -7.28     2.30     2.75      0.0125     71.66 RIGHT   3.3796E-05   -188.95  1.0190E-04   -191.35
   20.00    290.00     -7.49     2.64     3.04      0.0206     72.73 RIGHT   3.2994E-05   -187.89  1.0592E-04   -192.06
   25.00    290.00     -7.71     3.02     3.37      0.0295     73.86 RIGHT   3.2188E-05   -186.54  1.1065E-04   -192.85
   30.00    290.00     -7.89     3.41     3.72      0.0384     74.90 RIGHT   3.1535E-05   -184.96  1.1572E-04   -193.64
   35.00    290.00     -7.98     3.77     4.05      0.0469     75.74 RIGHT   3.1193E-05   -183.26  1.2066E-04   -194.40
   40.00    290.00     -7.95     4.07     4.33      0.0550     76.26 RIGHT   3.1299E-05   -181.64  1.2489E-04   -195.08
   45.00    290.00     -7.78     4.27     4.53      0.0625     76.39 RIGHT   3.1930E-05   -180.32  1.2774E-04   -195.67
   50.00    290.00     -7.47     4.32     4.59      0.0697     76.08 RIGHT   3.3065E-05   -179.46  1.2849E-04   -196.15
   55.00    290.00     -7.09     4.17     4.49      0.0764     75.29 RIGHT   3.4556E-05   -179.13  1.2639E-04   -196.52
   60.00    290.00     -6.71     3.78     4.15      0.0829     73.97 RIGHT   3.6095E-05   -179.31  1.2076E-04   -196.77
   65.00    290.00     -6.45     3.05     3.51      0.0890     72.10 RIGHT   3.7198E-05   -179.88  1.1105E-04   -196.92
   70.00    290.00     -6.45     1.87     2.46      0.0944     69.59 RIGHT   3.7183E-05   -180.73  9.6906E-05   -196.98
   75.00    290.00     -6.94     0.01     0.81      0.0986     66.33 RIGHT   3.5144E-05   -181.80  7.8278E-05   -196.95
   80.00    290.00     -8.36    -2.98    -1.88      0.1002     62.09 RIGHT   2.9844E-05   -183.10  5.5443E-05   -196.85
   85.00    290.00    -12.12    -8.60    -7.00      0.0961     56.50 RIGHT   1.9378E-05   -184.77  2.9032E-05   -196.67
   90.00    290.00   -999.99  -999.99  -999.99      0.0000      0.00         1.5308E-15     -7.28  1.7518E-15    -16.43
    0.00    295.00     -5.13     1.50     2.35      0.0000     65.00 LINEAR  4.3318E-05   -190.29  9.2897E-05   -190.29
    5.00    295.00     -5.17     1.55     2.39      0.0018     65.24 RIGHT   4.3105E-05   -190.14  9.3462E-05   -190.41
   10.00    295.00     -5.30     1.70     2.49      0.0071     65.93 RIGHT   4.2489E-05   -189.68  9.5127E-05   -190.77
   15.00    295.00     -5.49     1.94     2.67      0.0151     67.00 RIGHT   4.1547E-05   -188.91  9.7794E-05   -191.32
   20.00    295.00     -5.73     2.25     2.89      0.0252     68.29 RIGHT   4.0406E-05   -187.81  1.0129E-04   -192.01
   25.00    295.00     -5.99     2.59     3.16      0.0363     69.66 RIGHT   3.9238E-05   -186.39  1.0537E-04   -192.76
   30.00    295.00     -6.21     2.94     3.44      0.0477     70.94 RIGHT   3.8248E-05   -184.71  1.0968E-04   -193.52
   35.00    295.00     -6.35     3.26     3.71      0.0589     71.96 RIGHT   3.7649E-05   -182.90  1.1379E-04   -194.24
   40.00    295.00     -6.35     3.52     3.94      0.0694     72.59 RIGHT   3.7623E-05   -181.15  1.1718E-04   -194.88
   45.00    295.00     -6.20     3.67     4.09      0.0793     72.72 RIGHT   3.8273E-05   -179.71  1.1925E-04   -195.42
   50.00    295.00     -5.91     3.68     4.13      0.0884     72.27 RIGHT   3.9581E-05   -178.77  1.1935E-04   -195.85
   55.00    295.00     -5.53     3.49     4.00      0.0968     71.19 RIGHT   4.1367E-05   -178.40  1.1686E-04   -196.16
   60.00    295.00     -5.14     3.06     3.67      0.1043     69.44 RIGHT   4.3253E-05   -178.58  1.1119E-04   -196.37
   65.00    295.00     -4.87     2.30     3.06      0.1106     66.99 RIGHT   4.4645E-05   -179.17  1.0186E-04   -196.47
   70.00    295.00     -4.85     1.09     2.07      0.1152     63.80 RIGHT   4.4705E-05   -180.06  8.8611E-05   -196.48
   75.00    295.00     -5.33    -0.79     0.52      0.1169     59.78 RIGHT   4.2319E-05   -181.17  7.1397E-05   -196.41
   80.00    295.00     -6.74    -3.80    -2.02      0.1141     54.78 RIGHT   3.5981E-05   -182.49  5.0477E-05   -196.28
   85.00    295.00    -10.48    -9.43    -6.91      0.1034     48.55 RIGHT   2.3380E-05   -184.19  2.6402E-05   -196.08
   90.00    295.00   -999.99  -999.99  -999.99      0.0000      0.00         1.8474E-15     -6.70  1.5925E-15    -15.83
    0.00    300.00     -3.67     1.10     2.35      0.0000     60.00 LINEAR  5.1250E-05   -190.29  8.8768E-05   -190.29
    5.00    300.00     -3.72     1.15     2.38      0.0021     60.27 RIGHT   5.0963E-05   -190.13  8.9249E-05   -190.41
   10.00    300.00     -3.86     1.29     2.45      0.0081     61.06 RIGHT   5.0134E-05   -189.66  9.0661E-05   -190.75
   15.00    300.00     -4.08     1.50     2.56      0.0174     62.27 RIGHT   4.8862E-05   -188.86  9.2910E-05   -191.28
   20.00    300.00     -4.36     1.77     2.72      0.0293     63.76 RIGHT   4.7308E-05   -187.71  9.5835E-05   -191.94
   25.00    300.00     -4.66     2.07     2.90      0.0428     65.36 RIGHT   4.5692E-05   -186.21  9.9197E-05   -192.66
   30.00    300.00     -4.94     2.37     3.11      0.0568     66.85 RIGHT   4.4277E-05   -184.42  1.0268E-04   -193.38
   35.00    300.00     -5.13     2.64     3.31      0.0708     68.04 RIGHT   4.3333E-05   -182.46  1.0590E-04   -194.06
   40.00    300.00     -5.17     2.84     3.48      0.0841     68.75 RIGHT   4.3092E-05   -180.56  1.0839E-04   -194.64
   45.00    300.00     -5.05     2.94     3.58      0.0965     68.85 RIGHT   4.3692E-05   -178.98  1.0963E-04   -195.12
   50.00    300.00     -4.77     2.89     3.58      0.1077     68.21 RIGHT   4.5118E-05   -177.94  1.0908E-04   -195.48
   55.00    300.00     -4.39     2.66     3.44      0.1174     66.79 RIGHT   4.7159E-05   -177.52  1.0621E-04   -195.73
   60.00    300.00     -3.99     2.18     3.12      0.1252     64.56 RIGHT   4.9373E-05   -177.70  1.0053E-04   -195.86
   65.00    300.00     -3.70     1.38     2.56      0.1305     61.50 RIGHT   5.1059E-05   -178.33  9.1684E-05   -195.89
   70.00    300.00     -3.67     0.14     1.65      0.1322     57.65 RIGHT   5.1233E-05   -179.27  7.9448E-05   -195.84
   75.00    300.00     -4.13    -1.76     0.22      0.1294     52.98 RIGHT   4.8589E-05   -180.42  6.3817E-05   -195.73
   80.00    300.00     -5.53    -4.79    -2.14      0.1203     47.49 RIGHT   4.1371E-05   -181.78  4.5016E-05   -195.55
   85.00    300.00     -9.26   -10.44    -6.80      0.1027     41.07 RIGHT   2.6907E-05   -183.49  2.3514E-05   -195.33
   90.00    300.00   -999.99  -999.99  -999.99      0.0000      0.00         2.1267E-15     -6.02  1.4177E-15    -15.08
    0.00    305.00     -2.48     0.62     2.35      0.0000     55.00 LINEAR  5.8792E-05   -190.29  8.3963E-05   -190.29
    5.00    305.00     -2.53     0.66     2.36      0.0022     55.30 RIGHT   5.8419E-05   -190.13  8.4356E-05   -190.40
   10.00    305.00     -2.69     0.78     2.39      0.0088     56.15 RIGHT   5.7342E-05   -189.64  8.5505E-05   -190.73
   15.00    305.00     -2.95     0.96     2.44      0.0193     57.49 RIGHT   5.5683E-05   -188.81  8.7321E-05   -191.24
   20.00    305.00     -3.27     1.19     2.52      0.0328     59.14 RIGHT   5.3643E-05   -187.60  8.9653E-05   -191.87
   25.00    305.00     -3.63     1.44     2.62      0.0486     60.92 RIGHT   5.1497E-05   -186.01  9.2283E-05   -192.55
   30.00    305.00     -3.96     1.69     2.73      0.0654     62.60 RIGHT   4.9568E-05   -184.09  9.4929E-05   -193.22
   35.00    305.00     -4.20     1.90     2.85      0.0825     63.94 RIGHT   4.8195E-05   -181.96  9.7246E-05   -193.84
   40.00    305.00     -4.30     2.04     2.94      0.0989     64.71 RIGHT   4.7665E-05   -179.87  9.8836E-05   -194.36
   45.00    305.00     -4.21     2.07     2.99      0.1139     64.72 RIGHT   4.8150E-05   -178.12  9.9266E-05   -194.77
   50.00    305.00     -3.94     1.97     2.96      0.1271     63.86 RIGHT   4.9641E-05   -176.96  9.8092E-05   -195.05
   55.00    305.00     -3.56     1.68     2.82      0.1376     62.04 RIGHT   5.1900E-05   -176.50  9.4886E-05   -195.20
   60.00    305.00     -3.15     1.15     2.53      0.1444     59.27 RIGHT   5.4421E-05   -176.69  8.9275E-05   -195.25
   65.00    305.00     -2.84     0.31     2.02      0.1467     55.61 RIGHT   5.6405E-05   -177.36  8.0981E-05   -195.20
   70.00    305.00     -2.79    -0.98     1.22      0.1436     51.17 RIGHT   5.6730E-05   -178.36  6.9853E-05   -195.07
   75.00    305.00     -3.23    -2.91    -0.06      0.1343     46.08 RIGHT   5.3916E-05   -179.57  5.5904E-05   -194.88
   80.00    305.00     -4.61    -5.97    -2.23      0.1185     40.41 RIGHT   4.5981E-05   -180.97  3.9329E-05   -194.66
   85.00    305.00     -8.34   -11.62    -6.67      0.0953     34.21 RIGHT   2.9935E-05   -182.72  2.0510E-05   -194.40
   90.00    305.00   -999.99  -999.99  -999.99      0.0000      0.00         2.3669E-15     -5.25  1.2358E-15    -14.14
    0.00    310.00     -1.49     0.04     2.35      0.0000     50.00 LINEAR  6.5886E-05   -190.29  7.8520E-05   -190.29
    5.00    310.00     -1.55     0.07     2.35      0.0024     50.31 RIGHT   6.5417E-05   -190.12  7.8825E-05   -190.40
   10.00    310.00     -1.73     0.17     2.33      0.0093     51.22 RIGHT   6.4059E-05   -189.62  7.9714E-05   -190.71
   15.00    310.00     -2.02     0.32     2.32      0.0206     52.63 RIGHT   6.1962E-05   -188.75  8.1103E-05   -191.20
   20.00    310.00     -2.39     0.50     2.30      0.0356     54.40 RIGHT   5.9372E-05   -187.48  8.2854E-05   -191.79
   25.00    310.00     -2.80     0.70     2.31      0.0536     56.33 RIGHT   5.6621E-05   -185.79  8.4772E-05   -192.43
   30.00    310.00     -3.20     0.89     2.32      0.0733     58.16 RIGHT   5.4104E-05   -183.72  8.6608E-05   -193.05
   35.00    310.00     -3.50     1.03     2.34      0.0936     59.61 RIGHT   5.2229E-05   -181.40  8.8066E-05   -193.60
   40.00    310.00     -3.65     1.11     2.36      0.1132     60.40 RIGHT   5.1346E-05   -179.10  8.8815E-05   -194.05
   45.00    310.00     -3.60     1.08     2.35      0.1310     60.30 RIGHT   5.1662E-05   -177.15  8.8503E-05   -194.36
   50.00    310.00     -3.35     0.91     2.29      0.1457     59.14 RIGHT   5.3174E-05   -175.86  8.6781E-05   -194.55
   55.00    310.00     -2.96     0.55     2.15      0.1559     56.87 RIGHT   5.5616E-05   -175.35  8.3325E-05   -194.60
   60.00    310.00     -2.53    -0.04     1.90      0.1601     53.56 RIGHT   5.8424E-05   -175.56  7.7862E-05   -194.53
   65.00    310.00     -2.20    -0.94     1.49      0.1574     49.36 RIGHT   6.0706E-05   -176.29  7.0195E-05   -194.37
   70.00    310.00     -2.12    -2.27     0.82      0.1475     44.52 RIGHT   6.1215E-05   -177.36  6.0231E-05   -194.14
   75.00    310.00     -2.55    -4.24    -0.30      0.1311     39.26 RIGHT   5.8312E-05   -178.64  4.8000E-05   -193.87
   80.00    310.00     -3.91    -7.32    -2.28      0.1094     33.77 RIGHT   4.9818E-05   -180.10  3.3664E-05   -193.58
   85.00    310.00     -7.63   -12.99    -6.52      0.0832     28.09 RIGHT   3.2469E-05   -181.87  1.7522E-05   -193.28
   90.00    310.00   -999.99  -999.99  -999.99      0.0000      0.00         2.5682E-15     -4.42  1.0552E-15    -13.00
    0.00    315.00     -0.66    -0.66     2.35      0.0000     45.00 LINEAR  7.2479E-05   -190.29  7.2479E-05   -190.29
    5.00    315.00     -0.73    -0.63     2.33      0.0024     45.32 RIGHT   7.1904E-05   -190.12  7.2701E-05   -190.39
   10.00    315.00     -0.93    -0.55     2.27      0.0096     46.24 RIGHT   7.0240E-05   -189.59  7.3345E-05   -190.69
   15.00    315.00     -1.25    -0.44     2.18      0.0214     47.69 RIGHT   6.7665E-05   -188.69  7.4335E-05   -191.15
   20.00    315.00     -1.67    -0.30     2.08      0.0376     49.53 RIGHT   6.4473E-05   -187.35  7.5546E-05   -191.71
   25.00    315.00     -2.15    -0.15     1.97      0.0574     51.56 RIGHT   6.1061E-05   -185.56  7.6807E-05   -192.30
   30.00    315.00     -2.61    -0.03     1.88      0.0799     53.49 RIGHT   5.7898E-05   -183.32  7.7904E-05   -192.86
   35.00    315.00     -2.98     0.05     1.80      0.1035     55.01 RIGHT   5.5468E-05   -180.79  7.8592E-05   -193.34
   40.00    315.00     -3.18     0.05     1.74      0.1265     55.78 RIGHT   5.4184E-05   -178.25  7.8602E-05   -193.70
   45.00    315.00     -3.17    -0.06     1.67      0.1469     55.51 RIGHT   5.4293E-05   -176.09  7.7661E-05   -193.92
   50.00    315.00     -2.93    -0.30     1.59      0.1624     54.02 RIGHT   5.5792E-05   -174.65  7.5509E-05   -193.98
   55.00    315.00     -2.54    -0.73     1.47      0.1707     51.29 RIGHT   5.8389E-05   -174.10  7.1912E-05   -193.91
   60.00    315.00     -2.09    -1.38     1.29      0.1702     47.47 RIGHT   6.1462E-05   -174.33  6.6685E-05   -193.71
   65.00    315.00     -1.73    -2.34     0.98      0.1605     42.89 RIGHT   6.4037E-05   -175.14  5.9707E-05   -193.42
   70.00    315.00     -1.64    -3.72     0.46      0.1430     37.90 RIGHT   6.4754E-05   -176.30  5.0930E-05   -193.06
   75.00    315.00     -2.04    -5.74    -0.49      0.1204     32.78 RIGHT   6.1834E-05   -177.66  4.0393E-05   -192.68
   80.00    315.00     -3.39    -8.85    -2.30      0.0951     27.72 RIGHT   5.2924E-05   -179.17  2.8229E-05   -192.30
   85.00    315.00     -7.10   -14.54    -6.38      0.0687     22.74 RIGHT   3.4533E-05   -180.99  1.4662E-05   -191.95
   90.00    315.00   -999.99  -999.99  -999.99      0.0000      0.00         2.7325E-15     -3.54  8.8228E-16    -11.65
    0.00    320.00      0.04    -1.49     2.35      0.0000     40.00 LINEAR  7.8520E-05   -190.29  6.5886E-05   -190.29
    5.00    320.00     -0.04    -1.47     2.32      0.0024     40.31 RIGHT   7.7834E-05   -190.11  6.6035E-05   -190.39
   10.00    320.00     -0.26    -1.41     2.21      0.0095     41.23 RIGHT   7.5846E-05   -189.57  6.6460E-05   -190.67
   15.00    320.00     -0.62    -1.33     2.05      0.0215     42.68 RIGHT   7.2767E-05   -188.63  6.7094E-05   -191.10
   20.00    320.00     -1.09    -1.23     1.85      0.0384     44.53 RIGHT   6.8941E-05   -187.22  6.7829E-05   -191.63
   25.00    320.00     -1.63    -1.15     1.63      0.0598     46.59 RIGHT   6.4834E-05   -185.31  6.8519E-05   -192.17
   30.00    320.00     -2.16    -1.09     1.42      0.0847     48.57 RIGHT   6.0991E-05   -182.91  6.8984E-05   -192.67
   35.00    320.00     -2.60    -1.08     1.24      0.1115     50.10 RIGHT   5.7975E-05   -180.15  6.9026E-05   -193.07
   40.00    320.00     -2.86    -1.16     1.09      0.1377     50.79 RIGHT   5.6266E-05   -177.34  6.8436E-05   -193.33
   45.00    320.00     -2.88    -1.34     0.97      0.1601     50.31 RIGHT   5.6143E-05   -174.95  6.7012E-05   -193.44
   50.00    320.00     -2.65    -1.66     0.88      0.1752     48.47 RIGHT   5.7608E-05   -173.37  6.4570E-05   -193.37
   55.00    320.00     -2.25    -2.16     0.80      0.1798     45.31 RIGHT   6.0336E-05   -172.76  6.0956E-05   -193.15
   60.00    320.00     -1.79    -2.89     0.71      0.1726     41.15 RIGHT   6.3653E-05   -173.04  5.6061E-05   -192.79
   65.00    320.00     -1.40    -3.91     0.53      0.1551     36.42 RIGHT   6.6509E-05   -173.94  4.9819E-05   -192.33
   70.00    320.00     -1.28    -5.35     0.15      0.1309     31.56 RIGHT   6.7448E-05   -175.20  4.2220E-05   -191.82
   75.00    320.00     -1.66    -7.41    -0.64      0.1042     26.84 RIGHT   6.4567E-05   -176.64  3.3310E-05   -191.30
   80.00    320.00     -3.00   -10.56    -2.29      0.0781     22.38 RIGHT   5.5368E-05   -178.23  2.3188E-05   -190.81
   85.00    320.00     -6.70   -16.27    -6.24      0.0537     18.15 RIGHT   3.6169E-05   -180.08  1.2015E-05   -190.39
   90.00    320.00   -999.99  -999.99  -999.99      0.0000      0.00         2.8630E-15     -2.65  7.2243E-16    -10.07
    0.00    325.00      0.62    -2.48     2.35      0.0000     35.00 LINEAR  8.3963E-05   -190.29  5.8792E-05   -190.29
    5.00    325.00      0.54    -2.46     2.30      0.0023     35.30 RIGHT   8.3164E-05   -190.11  5.8878E-05   -190.38
   10.00    325.00      0.29    -2.43     2.15      0.0092     36.17 RIGHT   8.0847E-05   -189.55  5.9119E-05   -190.65
   15.00    325.00     -0.10    -2.38     1.92      0.0210     37.58 RIGHT   7.7256E-05   -188.57  5.9457E-05   -191.06
   20.00    325.00     -0.62    -2.33     1.62      0.0381     39.39 RIGHT   7.2788E-05   -187.10  5.9799E-05   -191.54
   25.00    325.00     -1.21    -2.30     1.29      0.0604     41.42 RIGHT   6.7975E-05   -185.07  6.0024E-05   -192.04
   30.00    325.00     -1.81    -2.30     0.96      0.0872     43.37 RIGHT   6.3444E-05   -182.49  5.9987E-05   -192.47
   35.00    325.00     -2.32    -2.37     0.67      0.1166     44.85 RIGHT   5.9838E-05   -179.49  5.9532E-05   -192.79
   40.00    325.00     -2.64    -2.52     0.43      0.1454     45.41 RIGHT   5.7699E-05   -176.41  5.8505E-05   -192.96
   45.00    325.00     -2.69    -2.78     0.27      0.1688     44.69 RIGHT   5.7341E-05   -173.77  5.6762E-05   -192.93
   50.00    325.00     -2.48    -3.18     0.19      0.1819     42.52 RIGHT   5.8759E-05   -172.03  5.4185E-05   -192.72
   55.00    325.00     -2.07    -3.76     0.18      0.1811     39.07 RIGHT   6.1598E-05   -171.39  5.0686E-05   -192.33
   60.00    325.00     -1.59    -4.57     0.19      0.1664     34.78 RIGHT   6.5136E-05   -171.72  4.6211E-05   -191.78
   65.00    325.00     -1.18    -5.66     0.14      0.1418     30.19 RIGHT   6.8257E-05   -172.72  4.0740E-05   -191.13
   70.00    325.00     -1.03    -7.16    -0.08      0.1131     25.71 RIGHT   6.9421E-05   -174.09  3.4288E-05   -190.43
   75.00    325.00     -1.39    -9.27    -0.73      0.0852     21.55 RIGHT   6.6620E-05   -175.63  2.6899E-05   -189.74
   80.00    325.00     -2.71   -12.45    -2.27      0.0606     17.76 RIGHT   5.7233E-05   -177.29  1.8647E-05   -189.12
   85.00    325.00     -6.40   -18.18    -6.12      0.0396     14.28 RIGHT   3.7429E-05   -179.19  9.6373E-06   -188.61
   90.00    325.00   -999.99  -999.99  -999.99      0.0000      0.00         2.9640E-15     -1.78  5.7897E-16     -8.26
    0.00    330.00      1.10    -3.67     2.35      0.0000     30.00 LINEAR  8.8768E-05   -190.29  5.1250E-05   -190.29
    5.00    330.00      1.01    -3.66     2.29      0.0021     30.27 RIGHT   8.7858E-05   -190.10  5.1288E-05   -190.38
   10.00    330.00      0.75    -3.65     2.10      0.0085     31.09 RIGHT   8.5219E-05   -189.53  5.1384E-05   -190.63
   15.00    330.00      0.32    -3.63     1.79      0.0198     32.39 RIGHT   8.1128E-05   -188.51  5.1493E-05   -191.02
   20.00    330.00     -0.24    -3.62     1.40      0.0364     34.10 RIGHT   7.6032E-05   -186.98  5.1536E-05   -191.46
   25.00    330.00     -0.89    -3.64     0.96      0.0588     36.03 RIGHT   7.0533E-05   -184.84  5.1417E-05   -191.91
   30.00    330.00     -1.56    -3.71     0.51      0.0865     37.88 RIGHT   6.5335E-05   -182.08  5.1022E-05   -192.28
   35.00    330.00     -2.13    -3.84     0.11      0.1176     39.24 RIGHT   6.1159E-05   -178.84  5.0233E-05   -192.52
   40.00    330.00     -2.50    -4.07    -0.21      0.1478     39.63 RIGHT   5.8607E-05   -175.48  4.8940E-05   -192.58
   45.00    330.00     -2.59    -4.41    -0.40      0.1708     38.67 RIGHT   5.8023E-05   -172.59  4.7051E-05   -192.42
   50.00    330.00     -2.39    -4.89    -0.45      0.1804     36.28 RIGHT   5.9393E-05   -170.70  4.4498E-05   -192.05
   55.00    330.00     -1.97    -5.56    -0.39      0.1733     32.73 RIGHT   6.2328E-05   -170.02  4.1240E-05   -191.47
   60.00    330.00     -1.46    -6.44    -0.26      0.1519     28.60 RIGHT   6.6061E-05   -170.42  3.7266E-05   -190.71
   65.00    330.00     -1.03    -7.60    -0.17      0.1227     24.41 RIGHT   6.9424E-05   -171.53  3.2586E-05   -189.84
   70.00    330.00     -0.86    -9.16    -0.26      0.0926     20.48 RIGHT   7.0803E-05   -173.02  2.7230E-05   -188.92
   75.00    330.00     -1.20   -11.32    -0.79      0.0660     16.95 RIGHT   6.8106E-05   -174.66  2.1237E-05   -188.03
   80.00    330.00     -2.50   -14.54    -2.24      0.0444     13.83 RIGHT   5.8612E-05   -176.40  1.4659E-05   -187.25
   85.00    330.00     -6.18   -20.30    -6.02      0.0274     11.03 RIGHT   3.8372E-05   -178.34  7.5558E-06   -186.64
   90.00    330.00   -999.99  -999.99  -999.99      0.0000      0.00         3.0397E-15     -0.94  4.5350E-16     -6.25
    0.00    335.00      1.50    -5.13     2.35      0.0000     25.00 LINEAR  9.2897E-05   -190.29  4.3318E-05   -190.29
    5.00    335.00      1.40    -5.13     2.27      0.0019     25.24 RIGHT   9.1883E-05   -190.10  4.3321E-05   -190.37
   10.00    335.00      1.12    -5.13     2.04      0.0076     25.96 RIGHT   8.8943E-05   -189.51  4.3317E-05   -190.62
   15.00    335.00      0.66    -5.14     1.68      0.0178     27.13 RIGHT   8.4383E-05   -188.46  4.3267E-05   -190.98
   20.00    335.00      0.06    -5.17     1.20      0.0333     28.67 RIGHT   7.8702E-05   -186.86  4.3111E-05   -191.39
   25.00    335.00     -0.65    -5.24     0.65      0.0547     30.42 RIGHT   7.2564E-05   -184.62  4.2772E-05   -191.79
   30.00    335.00     -1.37    -5.36     0.09      0.0821     32.10 RIGHT   6.6748E-05   -181.70  4.2164E-05   -192.10
   35.00    335.00     -2.01    -5.56    -0.42      0.1132     33.27 RIGHT   6.2046E-05   -178.22  4.1205E-05   -192.26
   40.00    335.00     -2.43    -5.86    -0.80      0.1431     33.47 RIGHT   5.9117E-05   -174.59  3.9818E-05   -192.22
   45.00    335.00     -2.54    -6.28    -1.01      0.1642     32.34 RIGHT   5.8329E-05   -171.46  3.7950E-05   -191.93
   50.00    335.00     -2.35    -6.84    -1.03      0.1693     29.88 RIGHT   5.9655E-05   -169.42  3.5569E-05   -191.39
   55.00    335.00     -1.92    -7.58    -0.88      0.1565     26.51 RIGHT   6.2672E-05   -168.72  3.2670E-05   -190.61
   60.00    335.00     -1.40    -8.53    -0.63      0.1309     22.80 RIGHT   6.6575E-05   -169.18  2.9265E-05   -189.63
   65.00    335.00     -0.94    -9.77    -0.41      0.1004     19.18 RIGHT   7.0149E-05   -170.41  2.5385E-05   -188.51
   70.00    335.00     -0.75   -11.39    -0.39      0.0718     15.90 RIGHT   7.1725E-05   -172.02  2.1062E-05   -187.34
   75.00    335.00     -1.07   -13.60    -0.83      0.0484     13.02 RIGHT   6.9142E-05   -173.76  1.6332E-05   -186.23
   80.00    335.00     -2.36   -16.86    -2.21      0.0306     10.53 RIGHT   5.9599E-05   -175.57  1.1224E-05   -185.26
   85.00    335.00     -6.03   -22.64    -5.93      0.0176      8.35 RIGHT   3.9056E-05   -177.55  5.7704E-06   -184.53
   90.00    335.00   -999.99  -999.99  -999.99      0.0000      0.00         3.0948E-15     -0.17  3.4606E-16     -4.10
    0.00    340.00      1.81    -6.97     2.35      0.0000     20.00 LINEAR  9.6319E-05   -190.29  3.5057E-05   -190.29
    5.00    340.00      1.71    -6.97     2.26      0.0016     20.20 RIGHT   9.5212E-05   -190.09  3.5039E-05   -190.37
   10.00    340.00      1.41    -6.99     2.00      0.0064     20.81 RIGHT   9.2004E-05   -189.49  3.4975E-05   -190.60
   15.00    340.00      0.93    -7.02     1.58      0.0152     21.80 RIGHT   8.7029E-05   -188.41  3.4836E-05   -190.94
   20.00    340.00      0.29    -7.09     1.02      0.0288     23.11 RIGHT   8.0828E-05   -186.77  3.4576E-05   -191.33
   25.00    340.00     -0.46    -7.20     0.37      0.0481     24.61 RIGHT   7.4126E-05   -184.43  3.4137E-05   -191.69
   30.00    340.00     -1.24    -7.37    -0.29      0.0733     26.04 RIGHT   6.7765E-05   -181.36  3.3458E-05   -191.95
   35.00    340.00     -1.93    -7.63    -0.89      0.1025     26.99 RIGHT   6.2603E-05   -177.67  3.2480E-05   -192.03
   40.00    340.00     -2.39    -7.99    -1.34      0.1300     27.01 RIGHT   5.9350E-05   -173.79  3.1159E-05   -191.89
   45.00    340.00     -2.54    -8.48    -1.55      0.1476     25.82 RIGHT   5.8389E-05   -170.42  2.9464E-05   -191.47
   50.00    340.00     -2.35    -9.11    -1.52      0.1483     23.52 RIGHT   5.9678E-05   -168.26  2.7390E-05   -190.77
   55.00    340.00     -1.91    -9.92    -1.27      0.1322     20.57 RIGHT   6.2765E-05   -167.54  2.4948E-05   -189.79
   60.00    340.00     -1.37   -10.95    -0.91      0.1059     17.47 RIGHT   6.6808E-05   -168.07  2.2168E-05   -188.58
   65.00    340.00     -0.89   -12.25    -0.58      0.0775     14.53 RIGHT   7.0559E-05   -169.41  1.9084E-05   -187.21
   70.00    340.00     -0.68   -13.93    -0.48      0.0527     11.92 RIGHT   7.2307E-05   -171.13  1.5730E-05   -185.78
   75.00    340.00     -0.98   -16.18    -0.85      0.0335      9.67 RIGHT   6.9833E-05   -172.97  1.2131E-05   -184.42
   80.00    340.00     -2.26   -19.48    -2.18      0.0198      7.76 RIGHT   6.0278E-05   -174.84  8.3041E-06   -183.26
   85.00    340.00     -5.92   -25.28    -5.87      0.0103      6.12 RIGHT   3.9534E-05   -176.87  4.2586E-06   -182.40
   90.00    340.00   -999.99  -999.99  -999.99      0.0000      0.00         3.1336E-15      0.51  2.5517E-16     -1.92
    0.00    345.00      2.05    -9.39     2.35      0.0000     15.00 LINEAR  9.9008E-05   -190.29  2.6529E-05   -190.29
    5.00    345.00      1.95    -9.40     2.25      0.0012     15.16 RIGHT   9.7824E-05   -190.09  2.6503E-05   -190.36
   10.00    345.00      1.64    -9.42     1.96      0.0050     15.63 RIGHT   9.4394E-05   -189.48  2.6418E-05   -190.59
   15.00    345.00      1.13    -9.48     1.49      0.0120     16.41 RIGHT   8.9073E-05   -188.38  2.6252E-05   -190.91
   20.00    345.00      0.46    -9.57     0.87      0.0230     17.44 RIGHT   8.2443E-05   -186.69  2.5973E-05   -191.28
   25.00    345.00     -0.33    -9.72     0.14      0.0389     18.63 RIGHT   7.5274E-05   -184.28  2.5541E-05   -191.60
   30.00    345.00     -1.15    -9.93    -0.61      0.0601     19.75 RIGHT   6.8465E-05   -181.07  2.4913E-05   -191.81
   35.00    345.00     -1.88   -10.24    -1.29      0.0849     20.45 RIGHT   6.2928E-05   -177.20  2.4053E-05   -191.84
   40.00    345.00     -2.38   -10.65    -1.78      0.1079     20.35 RIGHT   5.9412E-05   -173.10  2.2933E-05   -191.60
   45.00    345.00     -2.55   -11.20    -1.99      0.1210     19.26 RIGHT   5.8314E-05   -169.55  2.1542E-05   -191.08
   50.00    345.00     -2.36   -11.89    -1.90      0.1188     17.34 RIGHT   5.9578E-05   -167.27  1.9885E-05   -190.23
   55.00    345.00     -1.91   -12.76    -1.57      0.1026     15.00 RIGHT   6.2719E-05   -166.54  1.7984E-05   -189.07
   60.00    345.00     -1.36   -13.85    -1.12      0.0792     12.61 RIGHT   6.6873E-05   -167.14  1.5868E-05   -187.64
   65.00    345.00     -0.87   -15.21    -0.71      0.0557     10.40 RIGHT   7.0764E-05   -168.58  1.3572E-05   -186.03
   70.00    345.00     -0.64   -16.94    -0.54      0.0361      8.46 RIGHT   7.2650E-05   -170.39  1.1122E-05   -184.36
   75.00    345.00     -0.93   -19.24    -0.86      0.0217      6.82 RIGHT   7.0272E-05   -172.31  8.5371E-06   -182.76
   80.00    345.00     -2.19   -22.56    -2.15      0.0118      5.44 RIGHT   6.0725E-05   -174.24  5.8239E-06   -181.40
   85.00    345.00     -5.85   -28.38    -5.83      0.0053      4.27 RIGHT   3.9854E-05   -176.30  2.9805E-06   -180.41
   90.00    345.00   -999.99  -999.99  -999.99      0.0000      0.00         3.1597E-15      1.06  1.7846E-16      0.11
    0.00    350.00      2.22   -12.85     2.35      0.0000     10.00 LINEAR  1.0094E-04   -190.29  1.7799E-05   -190.29
    5.00    350.00      2.11   -12.87     2.25      0.0008     10.11 RIGHT   9.9702E-05   -190.09  1.7775E-05   -190.36
   10.00    350.00      1.79   -12.90     1.94      0.0035     10.43 RIGHT   9.6104E-05   -189.47  1.7700E-05   -190.58
   15.00    350.00      1.27   -12.97     1.43      0.0083     10.97 RIGHT   9.0526E-05   -188.35  1.7559E-05   -190.89
   20.00    350.00      0.58   -13.08     0.76      0.0160     11.68 RIGHT   8.3574E-05   -186.63  1.7332E-05   -191.24
   25.00    350.00     -0.24   -13.26    -0.03      0.0274     12.50 RIGHT   7.6056E-05   -184.16  1.6992E-05   -191.54
   30.00    350.00     -1.10   -13.50    -0.85      0.0428     13.27 RIGHT   6.8914E-05   -180.86  1.6516E-05   -191.72
   35.00    350.00     -1.86   -13.85    -1.59      0.0609     13.72 RIGHT   6.3099E-05   -176.84  1.5879E-05   -191.69
   40.00    350.00     -2.39   -14.30    -2.12      0.0773     13.59 RIGHT   5.9392E-05   -172.58  1.5070E-05   -191.39
   45.00    350.00     -2.56   -14.89    -2.32      0.0859     12.75 RIGHT   5.8196E-05   -168.87  1.4084E-05   -190.77
   50.00    350.00     -2.38   -15.63    -2.18      0.0827     11.38 RIGHT   5.9442E-05   -166.51  1.2931E-05   -189.81
   55.00    350.00     -1.93   -16.55    -1.78      0.0697      9.77 RIGHT   6.2624E-05   -165.78  1.1631E-05   -188.50
   60.00    350.00     -1.36   -17.68    -1.26      0.0523      8.16 RIGHT   6.6857E-05   -166.44  1.0207E-05   -186.90
   65.00    350.00     -0.85   -19.09    -0.79      0.0356      6.69 RIGHT   7.0849E-05   -167.95  8.6856E-06   -185.08
   70.00    350.00     -0.61   -20.85    -0.57      0.0223      5.41 RIGHT   7.2836E-05   -169.84  7.0861E-06   -183.20
   75.00    350.00     -0.89   -23.18    -0.87      0.0127      4.33 RIGHT   7.0531E-05   -171.82  5.4195E-06   -181.40
   80.00    350.00     -2.16   -26.53    -2.14      0.0064      3.44 RIGHT   6.0999E-05   -173.80  3.6874E-06   -179.87
   85.00    350.00     -5.81   -32.36    -5.80      0.0024      2.69 RIGHT   4.0054E-05   -175.88  1.8841E-06   -178.77
   90.00    350.00   -999.99  -999.99  -999.99      0.0000      0.00         3.1761E-15      1.47  1.1275E-16      1.79
    0.00    355.00      2.32   -18.84     2.35      0.0000      5.00 LINEAR  1.0211E-04   -190.29  8.9335E-06   -190.29
    5.00    355.00      2.21   -18.85     2.24      0.0004      5.06 RIGHT   1.0083E-04   -190.08  8.9198E-06   -190.36
   10.00    355.00      1.89   -18.90     1.92      0.0018      5.22 RIGHT   9.7132E-05   -189.46  8.8764E-06   -190.57
   15.00    355.00      1.36   -18.98     1.40      0.0042      5.49 RIGHT   9.1394E-05   -188.33  8.7965E-06   -190.88
   20.00    355.00      0.65   -19.10     0.69      0.0082      5.86 RIGHT   8.4243E-05   -186.59  8.6700E-06   -191.21
   25.00    355.00     -0.19   -19.29    -0.13      0.0141      6.28 RIGHT   7.6510E-05   -184.08  8.4846E-06   -191.50
   30.00    355.00     -1.06   -19.56    -1.00      0.0223      6.67 RIGHT   6.9162E-05   -180.73  8.2283E-06   -191.65
   35.00    355.00     -1.85   -19.92    -1.78      0.0318      6.89 RIGHT   6.3177E-05   -176.62  7.8910E-06   -191.60
   40.00    355.00     -2.39   -20.40    -2.32      0.0404      6.79 RIGHT   5.9353E-05   -172.25  7.4670E-06   -191.26
   45.00    355.00     -2.58   -21.01    -2.52      0.0446      6.34 RIGHT   5.8099E-05   -168.45  6.9565E-06   -190.58
   50.00    355.00     -2.40   -21.78    -2.35      0.0424      5.63 RIGHT   5.9335E-05   -166.04  6.3656E-06   -189.54
   55.00    355.00     -1.94   -22.74    -1.90      0.0351      4.81 RIGHT   6.2542E-05   -165.31  5.7054E-06   -188.13
   60.00    355.00     -1.36   -23.90    -1.34      0.0259      4.01 RIGHT   6.6823E-05   -166.00  4.9899E-06   -186.41
   65.00    355.00     -0.85   -25.33    -0.84      0.0173      3.27 RIGHT   7.0876E-05   -167.56  4.2324E-06   -184.47
   70.00    355.00     -0.60   -27.12    -0.59      0.0105      2.64 RIGHT   7.2924E-05   -169.50  3.4433E-06   -182.44
   75.00    355.00     -0.88   -29.47    -0.87      0.0058      2.10 RIGHT   7.0665E-05   -171.52  2.6274E-06   -180.50
   80.00    355.00     -2.13   -32.83    -2.13      0.0027      1.66 RIGHT   6.1146E-05   -173.52  1.7847E-06   -178.86
   85.00    355.00     -5.79   -38.67    -5.78      0.0008      1.30 RIGHT   4.0163E-05   -175.62  9.1102E-07   -177.68
   90.00    355.00   -999.99  -999.99  -999.99      0.0000      0.00         3.1851E-15      1.72  5.4502E-17      2.91


  AVERAGE POWER GAIN:  1.2979E+00 - SOLID ANGLE USED IN AVERAGING: (+1.9722)*PI STERADIANS



  DATA CARD No:   8 EN   0     0     0     0  0.00000E+00  0.00000E+00  0.00000E+00  0.00000E+00  0.00000E+00  0.00000E+00

  TOTAL RUN TIME: 60 msec