


                               __________________________________________
                              |                                          |
                              |  NUMERICAL ELECTROMAGNETICS CODE (nec2c) |
                              |   Translated to 'C' in Double Precision  |
                              |__________________________________________|



                               ---------------- COMMENTS ----------------
                               pattern-doublet-58p0-None-15m
                              



                               -------- STRUCTURE SPECIFICATION --------
                                     COORDINATES MUST BE INPUT IN
                                     METERS OR BE SCALED TO METERS
                                     BEFORE STRUCTURE INPUT IS ENDED

  WIRE                                                                                 SEG FIRST  LAST  TAG
   No:        X1         Y1         Z1         X2         Y2         Z2       RADIUS   No:   SEG   SEG  No:
     1    -6.40080    0.00000    3.04800   -0.01000    0.00000    9.14400    0.00024    61     1    61    1
     2    -0.01000    0.00000    9.14400    0.01000    0.00000    9.14400    0.00024     1    62    62    2
     3     0.01000    0.00000    9.14400    6.40080    0.00000    3.04800    0.00024    61    63   123    3

     TOTAL SEGMENTS USED: 123   SEGMENTS IN A SYMMETRIC CELL: 123   SYMMETRY FLAG: 0


                               ---------- SEGMENTATION DATA ----------
                                        COORDINATES IN METERS
                            I+ AND I- INDICATE THE SEGMENTS BEFORE AND AFTER I

   SEG    COORDINATES OF SEGM CENTER     SEGM    ORIENTATION ANGLES    WIRE    CONNECTION DATA   TAG
   No:       X         Y         Z      LENGTH     ALPHA      BETA    RADIUS    I-     I    I+   No:
     1   -6.3484    0.0000    3.0980    0.1448   43.6476    0.0000    0.0002     0     1     2     1
     2   -6.2436    0.0000    3.1979    0.1448   43.6476    0.0000    0.0002     1     2     3     1
     3   -6.1389    0.0000    3.2978    0.1448   43.6476    0.0000    0.0002     2     3     4     1
     4   -6.0341    0.0000    3.3978    0.1448   43.6476    0.0000    0.0002     3     4     5     1
     5   -5.9293    0.0000    3.4977    0.1448   43.6476    0.0000    0.0002     4     5     6     1
     6   -5.8246    0.0000    3.5976    0.1448   43.6476    0.0000    0.0002     5     6     7     1
     7   -5.7198    0.0000    3.6976    0.1448   43.6476    0.0000    0.0002     6     7     8     1
     8   -5.6150    0.0000    3.7975    0.1448   43.6476    0.0000    0.0002     7     8     9     1
     9   -5.5103    0.0000    3.8974    0.1448   43.6476    0.0000    0.0002     8     9    10     1
    10   -5.4055    0.0000    3.9974    0.1448   43.6476    0.0000    0.0002     9    10    11     1
    11   -5.3007    0.0000    4.0973    0.1448   43.6476    0.0000    0.0002    10    11    12     1
    12   -5.1960    0.0000    4.1972    0.1448   43.6476    0.0000    0.0002    11    12    13     1
    13   -5.0912    0.0000    4.2972    0.1448   43.6476    0.0000    0.0002    12    13    14     1
    14   -4.9864    0.0000    4.3971    0.1448   43.6476    0.0000    0.0002    13    14    15     1
    15   -4.8817    0.0000    4.4970    0.1448   43.6476    0.0000    0.0002    14    15    16     1
    16   -4.7769    0.0000    4.5970    0.1448   43.6476    0.0000    0.0002    15    16    17     1
    17   -4.6721    0.0000    4.6969    0.1448   43.6476    0.0000    0.0002    16    17    18     1
    18   -4.5674    0.0000    4.7969    0.1448   43.6476    0.0000    0.0002    17    18    19     1
    19   -4.4626    0.0000    4.8968    0.1448   43.6476    0.0000    0.0002    18    19    20     1
    20   -4.3578    0.0000    4.9967    0.1448   43.6476    0.0000    0.0002    19    20    21     1
    21   -4.2531    0.0000    5.0967    0.1448   43.6476    0.0000    0.0002    20    21    22     1
    22   -4.1483    0.0000    5.1966    0.1448   43.6476    0.0000    0.0002    21    22    23     1
    23   -4.0435    0.0000    5.2965    0.1448   43.6476    0.0000    0.0002    22    23    24     1
    24   -3.9388    0.0000    5.3965    0.1448   43.6476    0.0000    0.0002    23    24    25     1
    25   -3.8340    0.0000    5.4964    0.1448   43.6476    0.0000    0.0002    24    25    26     1
    26   -3.7292    0.0000    5.5963    0.1448   43.6476    0.0000    0.0002    25    26    27     1
    27   -3.6245    0.0000    5.6963    0.1448   43.6476    0.0000    0.0002    26    27    28     1
    28   -3.5197    0.0000    5.7962    0.1448   43.6476    0.0000    0.0002    27    28    29     1
    29   -3.4149    0.0000    5.8961    0.1448   43.6476    0.0000    0.0002    28    29    30     1
    30   -3.3102    0.0000    5.9961    0.1448   43.6476    0.0000    0.0002    29    30    31     1
    31   -3.2054    0.0000    6.0960    0.1448   43.6476    0.0000    0.0002    30    31    32     1
    32   -3.1006    0.0000    6.1959    0.1448   43.6476    0.0000    0.0002    31    32    33     1
    33   -2.9959    0.0000    6.2959    0.1448   43.6476    0.0000    0.0002    32    33    34     1
    34   -2.8911    0.0000    6.3958    0.1448   43.6476    0.0000    0.0002    33    34    35     1
    35   -2.7863    0.0000    6.4957    0.1448   43.6476    0.0000    0.0002    34    35    36     1
    36   -2.6816    0.0000    6.5957    0.1448   43.6476    0.0000    0.0002    35    36    37     1
    37   -2.5768    0.0000    6.6956    0.1448   43.6476    0.0000    0.0002    36    37    38     1
    38   -2.4720    0.0000    6.7955    0.1448   43.6476    0.0000    0.0002    37    38    39     1
    39   -2.3673    0.0000    6.8955    0.1448   43.6476    0.0000    0.0002    38    39    40     1
    40   -2.2625    0.0000    6.9954    0.1448   43.6476    0.0000    0.0002    39    40    41     1
    41   -2.1577    0.0000    7.0953    0.1448   43.6476    0.0000    0.0002    40    41    42     1
    42   -2.0530    0.0000    7.1953    0.1448   43.6476    0.0000    0.0002    41    42    43     1
    43   -1.9482    0.0000    7.2952    0.1448   43.6476    0.0000    0.0002    42    43    44     1
    44   -1.8434    0.0000    7.3951    0.1448   43.6476    0.0000    0.0002    43    44    45     1
    45   -1.7387    0.0000    7.4951    0.1448   43.6476    0.0000    0.0002    44    45    46     1
    46   -1.6339    0.0000    7.5950    0.1448   43.6476    0.0000    0.0002    45    46    47     1
    47   -1.5291    0.0000    7.6950    0.1448   43.6476    0.0000    0.0002    46    47    48     1
    48   -1.4244    0.0000    7.7949    0.1448   43.6476    0.0000    0.0002    47    48    49     1
    49   -1.3196    0.0000    7.8948    0.1448   43.6476    0.0000    0.0002    48    49    50     1
    50   -1.2148    0.0000    7.9948    0.1448   43.6476    0.0000    0.0002    49    50    51     1
    51   -1.1101    0.0000    8.0947    0.1448   43.6476    0.0000    0.0002    50    51    52     1
    52   -1.0053    0.0000    8.1946    0.1448   43.6476    0.0000    0.0002    51    52    53     1
    53   -0.9005    0.0000    8.2946    0.1448   43.6476    0.0000    0.0002    52    53    54     1
    54   -0.7958    0.0000    8.3945    0.1448   43.6476    0.0000    0.0002    53    54    55     1
    55   -0.6910    0.0000    8.4944    0.1448   43.6476    0.0000    0.0002    54    55    56     1
    56   -0.5862    0.0000    8.5944    0.1448   43.6476    0.0000    0.0002    55    56    57     1
    57   -0.4815    0.0000    8.6943    0.1448   43.6476    0.0000    0.0002    56    57    58     1
    58   -0.3767    0.0000    8.7942    0.1448   43.6476    0.0000    0.0002    57    58    59     1
    59   -0.2719    0.0000    8.8942    0.1448   43.6476    0.0000    0.0002    58    59    60     1
    60   -0.1672    0.0000    8.9941    0.1448   43.6476    0.0000    0.0002    59    60    61     1
    61   -0.0624    0.0000    9.0940    0.1448   43.6476    0.0000    0.0002    60    61    62     1
    62    0.0000    0.0000    9.1440    0.0200    0.0000    0.0000    0.0002    61    62    63     2
    63    0.0624    0.0000    9.0940    0.1448  -43.6476    0.0000    0.0002    62    63    64     3
    64    0.1672    0.0000    8.9941    0.1448  -43.6476    0.0000    0.0002    63    64    65     3
    65    0.2719    0.0000    8.8942    0.1448  -43.6476    0.0000    0.0002    64    65    66     3
    66    0.3767    0.0000    8.7942    0.1448  -43.6476    0.0000    0.0002    65    66    67     3
    67    0.4815    0.0000    8.6943    0.1448  -43.6476    0.0000    0.0002    66    67    68     3
    68    0.5862    0.0000    8.5944    0.1448  -43.6476    0.0000    0.0002    67    68    69     3
    69    0.6910    0.0000    8.4944    0.1448  -43.6476    0.0000    0.0002    68    69    70     3
    70    0.7958    0.0000    8.3945    0.1448  -43.6476    0.0000    0.0002    69    70    71     3
    71    0.9005    0.0000    8.2946    0.1448  -43.6476    0.0000    0.0002    70    71    72     3
    72    1.0053    0.0000    8.1946    0.1448  -43.6476    0.0000    0.0002    71    72    73     3
    73    1.1101    0.0000    8.0947    0.1448  -43.6476    0.0000    0.0002    72    73    74     3
    74    1.2148    0.0000    7.9948    0.1448  -43.6476    0.0000    0.0002    73    74    75     3
    75    1.3196    0.0000    7.8948    0.1448  -43.6476    0.0000    0.0002    74    75    76     3
    76    1.4244    0.0000    7.7949    0.1448  -43.6476    0.0000    0.0002    75    76    77     3
    77    1.5291    0.0000    7.6950    0.1448  -43.6476    0.0000    0.0002    76    77    78     3
    78    1.6339    0.0000    7.5950    0.1448  -43.6476    0.0000    0.0002    77    78    79     3
    79    1.7387    0.0000    7.4951    0.1448  -43.6476    0.0000    0.0002    78    79    80     3
    80    1.8434    0.0000    7.3951    0.1448  -43.6476    0.0000    0.0002    79    80    81     3
    81    1.9482    0.0000    7.2952    0.1448  -43.6476    0.0000    0.0002    80    81    82     3
    82    2.0530    0.0000    7.1953    0.1448  -43.6476    0.0000    0.0002    81    82    83     3
    83    2.1577    0.0000    7.0953    0.1448  -43.6476    0.0000    0.0002    82    83    84     3
    84    2.2625    0.0000    6.9954    0.1448  -43.6476    0.0000    0.0002    83    84    85     3
    85    2.3673    0.0000    6.8955    0.1448  -43.6476    0.0000    0.0002    84    85    86     3
    86    2.4720    0.0000    6.7955    0.1448  -43.6476    0.0000    0.0002    85    86    87     3
    87    2.5768    0.0000    6.6956    0.1448  -43.6476    0.0000    0.0002    86    87    88     3
    88    2.6816    0.0000    6.5957    0.1448  -43.6476    0.0000    0.0002    87    88    89     3
    89    2.7863    0.0000    6.4957    0.1448  -43.6476    0.0000    0.0002    88    89    90     3
    90    2.8911    0.0000    6.3958    0.1448  -43.6476    0.0000    0.0002    89    90    91     3
    91    2.9959    0.0000    6.2959    0.1448  -43.6476    0.0000    0.0002    90    91    92     3
    92    3.1006    0.0000    6.1959    0.1448  -43.6476    0.0000    0.0002    91    92    93     3
    93    3.2054    0.0000    6.0960    0.1448  -43.6476    0.0000    0.0002    92    93    94     3
    94    3.3102    0.0000    5.9961    0.1448  -43.6476    0.0000    0.0002    93    94    95     3
    95    3.4149    0.0000    5.8961    0.1448  -43.6476    0.0000    0.0002    94    95    96     3
    96    3.5197    0.0000    5.7962    0.1448  -43.6476    0.0000    0.0002    95    96    97     3
    97    3.6245    0.0000    5.6963    0.1448  -43.6476    0.0000    0.0002    96    97    98     3
    98    3.7292    0.0000    5.5963    0.1448  -43.6476    0.0000    0.0002    97    98    99     3
    99    3.8340    0.0000    5.4964    0.1448  -43.6476    0.0000    0.0002    98    99   100     3
   100    3.9388    0.0000    5.3965    0.1448  -43.6476    0.0000    0.0002    99   100   101     3
   101    4.0435    0.0000    5.2965    0.1448  -43.6476    0.0000    0.0002   100   101   102     3
   102    4.1483    0.0000    5.1966    0.1448  -43.6476    0.0000    0.0002   101   102   103     3
   103    4.2531    0.0000    5.0967    0.1448  -43.6476    0.0000    0.0002   102   103   104     3
   104    4.3578    0.0000    4.9967    0.1448  -43.6476    0.0000    0.0002   103   104   105     3
   105    4.4626    0.0000    4.8968    0.1448  -43.6476    0.0000    0.0002   104   105   106     3
   106    4.5674    0.0000    4.7969    0.1448  -43.6476    0.0000    0.0002   105   106   107     3
   107    4.6721    0.0000    4.6969    0.1448  -43.6476    0.0000    0.0002   106   107   108     3
   108    4.7769    0.0000    4.5970    0.1448  -43.6476    0.0000    0.0002   107   108   109     3
   109    4.8817    0.0000    4.4970    0.1448  -43.6476    0.0000    0.0002   108   109   110     3
   110    4.9864    0.0000    4.3971    0.1448  -43.6476    0.0000    0.0002   109   110   111     3
   111    5.0912    0.0000    4.2972    0.1448  -43.6476    0.0000    0.0002   110   111   112     3
   112    5.1960    0.0000    4.1972    0.1448  -43.6476    0.0000    0.0002   111   112   113     3
   113    5.3007    0.0000    4.0973    0.1448  -43.6476    0.0000    0.0002   112   113   114     3
   114    5.4055    0.0000    3.9974    0.1448  -43.6476    0.0000    0.0002   113   114   115     3
   115    5.5103    0.0000    3.8974    0.1448  -43.6476    0.0000    0.0002   114   115   116     3
   116    5.6150    0.0000    3.7975    0.1448  -43.6476    0.0000    0.0002   115   116   117     3
   117    5.7198    0.0000    3.6976    0.1448  -43.6476    0.0000    0.0002   116   117   118     3
   118    5.8246    0.0000    3.5976    0.1448  -43.6476    0.0000    0.0002   117   118   119     3
   119    5.9293    0.0000    3.4977    0.1448  -43.6476    0.0000    0.0002   118   119   120     3
   120    6.0341    0.0000    3.3978    0.1448  -43.6476    0.0000    0.0002   119   120   121     3
   121    6.1389    0.0000    3.2978    0.1448  -43.6476    0.0000    0.0002   120   121   122     3
   122    6.2436    0.0000    3.1979    0.1448  -43.6476    0.0000    0.0002   121   122   123     3
   123    6.3484    0.0000    3.0980    0.1448  -43.6476    0.0000    0.0002   122   123     0     3



  DATA CARD No:   1 EK   0     0     0     0  0.00000E+00  0.00000E+00  0.00000E+00  0.00000E+00  0.00000E+00  0.00000E+00
  DATA CARD No:   2 LD   5     0     0     0  1.50000E+07  0.00000E+00  0.00000E+00  0.00000E+00  0.00000E+00  0.00000E+00
  DATA CARD No:   3 GN   2     0     0     0  1.30000E+01  5.00000E-03  0.00000E+00  0.00000E+00  0.00000E+00  0.00000E+00
  DATA CARD No:   4 FR   0     1     0     0  2.10500E+01  0.00000E+00  0.00000E+00  0.00000E+00  0.00000E+00  0.00000E+00
  DATA CARD No:   5 EX   0     2     1     0  1.00000E+00  0.00000E+00  0.00000E+00  0.00000E+00  0.00000E+00  0.00000E+00
  DATA CARD No:   6 PT  -1     0     0     0  0.00000E+00  0.00000E+00  0.00000E+00  0.00000E+00  0.00000E+00  0.00000E+00
  DATA CARD No:   7 RP   0    19    72  1001  0.00000E+00  0.00000E+00  5.00000E+00  5.00000E+00  1.00000E+03  0.00000E+00


                               --------- FREQUENCY --------
                                FREQUENCY : 2.1050E+01 MHz
                                WAVELENGTH: 1.4242E+01 Mtr

                        APPROXIMATE INTEGRATION EMPLOYED FOR SEGMENTS 
                        THAT ARE MORE THAN 1.000 WAVELENGTHS APART
                        THE EXTENDED THIN WIRE KERNEL WILL BE USED


                          ------ STRUCTURE IMPEDANCE LOADING ------
  LOCATION        RESISTANCE  INDUCTANCE  CAPACITANCE     IMPEDANCE (OHMS)   CONDUCTIVITY  CIRCUIT
  ITAG FROM THRU     OHMS       HENRYS      FARADS       REAL     IMAGINARY   MHOS/METER      TYPE
  ALL                                                                        1.5000E+07     WIRE  


                            -------- ANTENNA ENVIRONMENT --------
                            FINITE GROUND - SOMMERFELD SOLUTION
                            RELATIVE DIELECTRIC CONST: 13.000
                            CONDUCTIVITY:  5.000E-03 MHOS/METER
                            COMPLEX DIELECTRIC CONSTANT:  1.3000E+01-4.2698E+00j


                             ---------- MATRIX TIMING ----------
                               FILL: 10 msec  FACTOR: 10 msec


                        --------- ANTENNA INPUT PARAMETERS ---------
  TAG   SEG       VOLTAGE (VOLTS)         CURRENT (AMPS)         IMPEDANCE (OHMS)        ADMITTANCE (MHOS)     POWER
  No:   No:     REAL      IMAGINARY     REAL      IMAGINARY     REAL      IMAGINARY    REAL       IMAGINARY   (WATTS)
    2    62  1.0000E+00  0.0000E+00  3.2149E-04  1.2329E-03  1.9802E+02 -7.5943E+02  3.2149E-04  1.2329E-03  1.6075E-04


                               ---------- POWER BUDGET ---------
                               INPUT POWER   =  1.6075E-04 Watts
                               RADIATED POWER=  1.4651E-04 Watts
                               STRUCTURE LOSS=  1.4239E-05 Watts
                               NETWORK LOSS  =  0.0000E+00 Watts
                               EFFICIENCY    =   91.14 Percent


                             ---------- RADIATION PATTERNS -----------

                             RANGE:  1.000000E+03 METERS
                             EXP(-JKR)/R:  1.00000E-03 AT PHASE:  -76.85 DEGREES

 ---- ANGLES -----     ----- POWER GAINS -----       ---- POLARIZATION ----   ---- E(THETA) ----    ----- E(PHI) ------
  THETA      PHI       VERTC    HORIZ    TOTAL       AXIAL      TILT  SENSE   MAGNITUDE    PHASE    MAGNITUDE     PHASE
 DEGREES   DEGREES        DB       DB       DB       RATIO   DEGREES            VOLTS/M   DEGREES     VOLTS/M   DEGREES
    0.00      0.00      2.84  -999.99     2.84      0.0000      0.00 LINEAR  1.3619E-04   -165.09  0.0000E+00    -76.85
    5.00      0.00      2.65  -999.99     2.65      0.0000      0.00 LINEAR  1.3324E-04   -164.90  0.0000E+00    -76.85
   10.00      0.00      2.07  -999.99     2.07      0.0000      0.00 LINEAR  1.2464E-04   -164.26  0.0000E+00    -76.85
   15.00      0.00      1.08  -999.99     1.08      0.0000      0.00 LINEAR  1.1117E-04   -162.95  0.0000E+00    -76.85
   20.00      0.00     -0.36  -999.99    -0.36      0.0000      0.00 LINEAR  9.4148E-05   -160.50  0.0000E+00    -76.85
   25.00      0.00     -2.28  -999.99    -2.28      0.0000      0.00 LINEAR  7.5527E-05   -155.91  0.0000E+00    -76.85
   30.00      0.00     -4.57  -999.99    -4.57      0.0000      0.00 LINEAR  5.8002E-05   -147.35  0.0000E+00    -76.85
   35.00      0.00     -6.74  -999.99    -6.74      0.0000      0.00 LINEAR  4.5200E-05   -132.54  0.0000E+00    -76.85
   40.00      0.00     -7.67  -999.99    -7.67      0.0000      0.00 LINEAR  4.0596E-05   -113.56  0.0000E+00    -76.85
   45.00      0.00     -7.01  -999.99    -7.01      0.0000      0.00 LINEAR  4.3782E-05   -100.02  0.0000E+00    -76.85
   50.00      0.00     -5.67  -999.99    -5.67      0.0000      0.00 LINEAR  5.1111E-05    -96.53  0.0000E+00    -76.85
   55.00      0.00     -4.20  -999.99    -4.20      0.0000      0.00 LINEAR  6.0549E-05   -100.37  0.0000E+00    -76.85
   60.00      0.00     -2.73  -999.99    -2.73      0.0000      0.00 LINEAR  7.1722E-05   -107.62  0.0000E+00    -76.85
   65.00      0.00     -1.39  -999.99    -1.39      0.0000      0.00 LINEAR  8.3662E-05   -115.36  0.0000E+00    -76.85
   70.00      0.00     -0.42  -999.99    -0.42      0.0000      0.00 LINEAR  9.3565E-05   -122.05  0.0000E+00    -76.85
   75.00      0.00     -0.11  -999.99    -0.11      0.0000      0.00 LINEAR  9.6893E-05   -127.30  0.0000E+00    -76.85
   80.00      0.00     -0.96  -999.99    -0.96      0.0000      0.00 LINEAR  8.7873E-05   -131.26  0.0000E+00    -76.85
   85.00      0.00     -4.38  -999.99    -4.38      0.0000      0.00 LINEAR  5.9317E-05   -134.29  0.0000E+00    -76.85
   90.00      0.00   -999.99  -999.99  -999.99      0.0000      0.00         4.7427E-15     43.03  0.0000E+00    -76.85
    0.00      5.00      2.81   -18.35     2.84      0.0000     -5.00 LINEAR  1.3567E-04   -165.09  1.1870E-05     14.91
    5.00      5.00      2.62   -18.40     2.65      0.0005     -5.08 LEFT    1.3274E-04   -164.90  1.1803E-05     14.78
   10.00      5.00      2.04   -18.55     2.08      0.0021     -5.33 LEFT    1.2422E-04   -164.26  1.1595E-05     14.43
   15.00      5.00      1.06   -18.84     1.10      0.0054     -5.77 LEFT    1.1086E-04   -162.95  1.1224E-05     13.94
   20.00      5.00     -0.38   -19.29    -0.32      0.0118     -6.43 LEFT    9.3983E-05   -160.51  1.0657E-05     13.45
   25.00      5.00     -2.28   -19.96    -2.21      0.0243     -7.31 LEFT    7.5514E-05   -155.94  9.8581E-06     13.17
   30.00      5.00     -4.55   -20.95    -4.45      0.0487     -8.16 LEFT    5.8127E-05   -147.45  8.8027E-06     13.37
   35.00      5.00     -6.70   -22.35    -6.58      0.0873     -7.97 LEFT    4.5402E-05   -132.82  7.4877E-06     14.52
   40.00      5.00     -7.63   -24.35    -7.54      0.1081     -5.60 LEFT    4.0768E-05   -114.10  5.9498E-06     17.51
   45.00      5.00     -7.00   -27.19    -6.96      0.0797     -3.24 LEFT    4.3870E-05   -100.66  4.2906E-06     24.50
   50.00      5.00     -5.66   -31.06    -5.65      0.0352     -2.32 LEFT    5.1161E-05    -97.13  2.7469E-06     41.85
   55.00      5.00     -4.19   -34.11    -4.18      0.0020     -1.82 RIGHT   6.0616E-05   -100.87  1.9352E-06     82.72
   60.00      5.00     -2.71   -32.25    -2.71      0.0262     -1.18 RIGHT   7.1823E-05   -108.03  2.3959E-06   -236.31
   65.00      5.00     -1.38   -29.72    -1.37      0.0373     -0.49 RIGHT   8.3785E-05   -115.67  3.2076E-06   -218.59
   70.00      5.00     -0.41   -28.54    -0.40      0.0392      0.05 RIGHT   9.3687E-05   -122.29  3.6720E-06   -211.00
   75.00      5.00     -0.10   -28.80    -0.10      0.0361      0.38 RIGHT   9.6996E-05   -127.49  3.5629E-06   -207.22
   80.00      5.00     -0.96   -30.77    -0.95      0.0310      0.52 RIGHT   8.7948E-05   -131.42  2.8403E-06   -205.17
   85.00      5.00     -4.37   -35.81    -4.37      0.0251      0.53 RIGHT   5.9360E-05   -134.43  1.5898E-06   -204.05
   90.00      5.00   -999.99  -999.99  -999.99      0.0000      0.00         4.7458E-15     42.90  9.8040E-17    -23.55
    0.00     10.00      2.71   -12.36     2.84      0.0000    -10.00 LINEAR  1.3412E-04   -165.09  2.3649E-05     14.91
    5.00     10.00      2.52   -12.41     2.66      0.0010    -10.16 LEFT    1.3127E-04   -164.90  2.3523E-05     14.78
   10.00     10.00      1.96   -12.56     2.11      0.0042    -10.65 LEFT    1.2296E-04   -164.26  2.3132E-05     14.43
   15.00     10.00      0.98   -12.82     1.16      0.0106    -11.52 LEFT    1.0993E-04   -162.96  2.2427E-05     13.94
   20.00     10.00     -0.43   -13.25    -0.21      0.0228    -12.80 LEFT    9.3475E-05   -160.53  2.1345E-05     13.45
   25.00     10.00     -2.29   -13.90    -2.00      0.0462    -14.49 LEFT    7.5458E-05   -156.03  1.9814E-05     13.16
   30.00     10.00     -4.50   -14.84    -4.12      0.0910    -16.18 LEFT    5.8481E-05   -147.74  1.7779E-05     13.34
   35.00     10.00     -6.59   -16.19    -6.13      0.1620    -16.13 LEFT    4.5993E-05   -133.64  1.5231E-05     14.43
   40.00     10.00     -7.52   -18.09    -7.16      0.2083    -11.93 LEFT    4.1283E-05   -115.64  1.2236E-05     17.24
   45.00     10.00     -6.94   -20.77    -6.76      0.1618     -7.04 LEFT    4.4153E-05   -102.52  8.9827E-06     23.68
   50.00     10.00     -5.63   -24.43    -5.58      0.0764     -4.90 LEFT    5.1331E-05    -98.89  5.8953E-06     39.06
   55.00     10.00     -4.16   -27.76    -4.14      0.0028     -3.78 LEFT    6.0825E-05   -102.37  4.0178E-06     75.23
   60.00     10.00     -2.68   -26.69    -2.66      0.0458     -2.48 RIGHT   7.2127E-05   -109.21  4.5434E-06   -242.43
   65.00     10.00     -1.34   -24.25    -1.32      0.0689     -1.10 RIGHT   8.4146E-05   -116.57  6.0215E-06   -222.08
   70.00     10.00     -0.37   -23.02    -0.35      0.0738     -0.03 RIGHT   9.4038E-05   -122.98  6.9356E-06   -213.32
   75.00     10.00     -0.08   -23.23    -0.06      0.0687      0.63 RIGHT   9.7286E-05   -128.04  6.7670E-06   -209.00
   80.00     10.00     -0.94   -25.17    -0.92      0.0593      0.93 RIGHT   8.8155E-05   -131.88  5.4144E-06   -206.68
   85.00     10.00     -4.35   -30.19    -4.34      0.0481      0.97 RIGHT   5.9475E-05   -134.85  3.0367E-06   -205.43
   90.00     10.00   -999.99  -999.99  -999.99      0.0000      0.00         4.7544E-15     42.50  1.8739E-16    -24.89
    0.00     15.00      2.54    -8.90     2.84      0.0000    -15.00 LINEAR  1.3155E-04   -165.09  3.5248E-05     14.91
    5.00     15.00      2.36    -8.94     2.67      0.0014    -15.23 LEFT    1.2881E-04   -164.90  3.5079E-05     14.79
   10.00     15.00      1.81    -9.07     2.15      0.0060    -15.95 LEFT    1.2085E-04   -164.26  3.4547E-05     14.43
   15.00     15.00      0.86    -9.32     1.26      0.0153    -17.20 LEFT    1.0837E-04   -162.96  3.3585E-05     13.95
   20.00     15.00     -0.51    -9.71    -0.02      0.0323    -19.04 LEFT    9.2592E-05   -160.56  3.2090E-05     13.45
   25.00     15.00     -2.30   -10.31    -1.67      0.0639    -21.44 LEFT    7.5309E-05   -156.16  2.9954E-05     13.15
   30.00     15.00     -4.42   -11.18    -3.59      0.1221    -23.91 LEFT    5.9003E-05   -148.20  2.7088E-05     13.30
   35.00     15.00     -6.41   -12.43    -5.44      0.2144    -24.44 LEFT    4.6920E-05   -134.90  2.3468E-05     14.29
   40.00     15.00     -7.35   -14.18    -6.53      0.2896    -19.50 LEFT    4.2137E-05   -118.04  1.9176E-05     16.84
   45.00     15.00     -6.84   -16.64    -6.41      0.2449    -11.99 LEFT    4.4669E-05   -105.46  1.4463E-05     22.50
   50.00     15.00     -5.58   -19.96    -5.42      0.1279     -8.07 LEFT    5.1665E-05   -101.69  9.8661E-06     35.23
   55.00     15.00     -4.10   -23.47    -4.05      0.0201     -6.04 LEFT    6.1204E-05   -104.75  6.5875E-06     64.36
   60.00     15.00     -2.62   -23.73    -2.58      0.0531     -4.02 RIGHT   7.2629E-05   -111.10  6.3935E-06   -253.80
   65.00     15.00     -1.28   -21.62    -1.24      0.0897     -1.98 RIGHT   8.4713E-05   -118.02  8.1450E-06   -228.89
   70.00     15.00     -0.33   -20.34    -0.28      0.0996     -0.37 RIGHT   9.4568E-05   -124.09  9.4353E-06   -217.79
   75.00     15.00     -0.04   -20.48    -0.00      0.0944      0.63 RIGHT   9.7707E-05   -128.92  9.2850E-06   -212.38
   80.00     15.00     -0.91   -22.37    -0.88      0.0823      1.11 RIGHT   8.8441E-05   -132.62  7.4742E-06   -209.52
   85.00     15.00     -4.33   -27.36    -4.31      0.0672      1.22 RIGHT   5.9628E-05   -135.52  4.2064E-06   -208.01
   90.00     15.00   -999.99  -999.99  -999.99      0.0000      0.00         4.7655E-15     41.85  2.5985E-16    -27.39
    0.00     20.00      2.30    -6.48     2.84      0.0000    -20.00 LINEAR  1.2797E-04   -165.09  4.6579E-05     14.91
    5.00     20.00      2.13    -6.51     2.68      0.0018    -20.30 LEFT    1.2540E-04   -164.89  4.6387E-05     14.79
   10.00     20.00      1.59    -6.63     2.20      0.0077    -21.22 LEFT    1.1791E-04   -164.26  4.5780E-05     14.44
   15.00     20.00      0.68    -6.84     1.39      0.0192    -22.80 LEFT    1.0615E-04   -162.97  4.4663E-05     13.95
   20.00     20.00     -0.63    -7.19     0.23      0.0399    -25.10 LEFT    9.1282E-05   -160.60  4.2902E-05     13.46
   25.00     20.00     -2.34    -7.72    -1.24      0.0766    -28.06 LEFT    7.4989E-05   -156.34  4.0344E-05     13.14
   30.00     20.00     -4.34    -8.51    -2.93      0.1408    -31.16 LEFT    5.9594E-05   -148.79  3.6861E-05     13.24
   35.00     20.00     -6.20    -9.63    -4.57      0.2407    -32.53 LEFT    4.8092E-05   -136.48  3.2402E-05     14.11
   40.00     20.00     -7.11   -11.20    -5.68      0.3393    -28.22 LEFT    4.3298E-05   -121.04  2.7049E-05     16.34
   45.00     20.00     -6.69   -13.36    -5.84      0.3209    -18.71 LEFT    4.5452E-05   -109.22  2.1081E-05     21.12
   50.00     20.00     -5.48   -16.27    -5.14      0.1903    -12.28 LEFT    5.2212E-05   -105.33  1.5085E-05     31.15
   55.00     20.00     -4.02   -19.66    -3.91      0.0538     -8.88 LEFT    6.1772E-05   -107.86  1.0211E-05     52.65
   60.00     20.00     -2.54   -21.39    -2.48      0.0435     -6.02 RIGHT   7.3305E-05   -113.57  8.3625E-06     89.12
   65.00     20.00     -1.21   -20.24    -1.15      0.0957     -3.31 RIGHT   8.5422E-05   -119.91  9.5495E-06   -240.73
   70.00     20.00     -0.27   -19.04    -0.21      0.1133     -1.16 RIGHT   9.5188E-05   -125.55  1.0958E-05   -225.59
   75.00     20.00     -0.00   -19.11     0.05      0.1107      0.21 RIGHT   9.8161E-05   -130.09  1.0873E-05   -218.18
   80.00     20.00     -0.88   -20.93    -0.84      0.0981      0.93 RIGHT   8.8716E-05   -133.61  8.8206E-06   -214.32
   85.00     20.00     -4.31   -25.88    -4.28      0.0809      1.17 RIGHT   5.9757E-05   -136.41  4.9875E-06   -212.33
   90.00     20.00   -999.99  -999.99  -999.99      0.0000      0.00         4.7743E-15     40.98  3.0860E-16    -31.57
    0.00     25.00      1.99    -4.64     2.84      0.0000    -25.00 LINEAR  1.2343E-04   -165.09  5.7555E-05     14.91
    5.00     25.00      1.82    -4.67     2.70      0.0022    -25.36 LEFT    1.2105E-04   -164.89  5.7367E-05     14.79
   10.00     25.00      1.31    -4.76     2.27      0.0091    -26.44 LEFT    1.1412E-04   -164.25  5.6761E-05     14.44
   15.00     25.00      0.44    -4.94     1.54      0.0224    -28.29 LEFT    1.0324E-04   -162.98  5.5620E-05     13.95
   20.00     25.00     -0.81    -5.23     0.53      0.0453    -30.94 LEFT    8.9480E-05   -160.66  5.3772E-05     13.46
   25.00     25.00     -2.41    -5.69    -0.74      0.0842    -34.28 LEFT    7.4392E-05   -156.55  5.1019E-05     13.13
   30.00     25.00     -4.26    -6.36    -2.17      0.1481    -37.81 LEFT    6.0121E-05   -149.46  4.7187E-05     13.17
   35.00     25.00     -5.97    -7.34    -3.59      0.2444    -39.93 LEFT    4.9376E-05   -138.25  4.2186E-05     13.91
   40.00     25.00     -6.84    -8.70    -4.66      0.3517    -37.15 LEFT    4.4689E-05   -124.38  3.6074E-05     15.80
   45.00     25.00     -6.49   -10.55    -5.05      0.3738    -27.35 LEFT    4.6494E-05   -113.50  2.9130E-05     19.70
   50.00     25.00     -5.36   -13.02    -4.67      0.2575    -18.06 LEFT    5.2984E-05   -109.55  2.1934E-05     27.35
   55.00     25.00     -3.92   -16.03    -3.66      0.1042    -12.69 LEFT    6.2512E-05   -111.49  1.5507E-05     42.34
   60.00     25.00     -2.44   -18.66    -2.34      0.0150     -8.75 RIGHT   7.4091E-05   -116.47  1.1460E-05     69.22
   65.00     25.00     -1.13   -19.16    -1.07      0.0843     -5.31 RIGHT   8.6166E-05   -122.15  1.0814E-05    100.50
   70.00     25.00     -0.22   -18.52    -0.15      0.1128     -2.59 RIGHT   9.5765E-05   -127.29  1.1639E-05   -238.86
   75.00     25.00      0.03   -18.64     0.09      0.1158     -0.77 RIGHT   9.8506E-05   -131.49  1.1484E-05   -228.01
   80.00     25.00     -0.87   -20.41    -0.82      0.1053      0.26 RIGHT   8.8855E-05   -134.80  9.3650E-06   -222.35
   85.00     25.00     -4.31   -25.32    -4.27      0.0881      0.71 RIGHT   5.9779E-05   -137.49  5.3199E-06   -219.50
   90.00     25.00   -999.99  -999.99  -999.99      0.0000      0.00         4.7743E-15     39.94  3.2970E-16    -38.49
    0.00     30.00      1.59    -3.18     2.84      0.0000    -30.00 LINEAR  1.1794E-04   -165.09  6.8094E-05     14.91
    5.00     30.00      1.43    -3.20     2.72      0.0024    -30.40 LEFT    1.1578E-04   -164.89  6.7937E-05     14.79
   10.00     30.00      0.95    -3.26     2.34      0.0101    -31.62 LEFT    1.0949E-04   -164.25  6.7418E-05     14.44
   15.00     30.00      0.13    -3.40     1.72      0.0246    -33.67 LEFT    9.9611E-05   -162.99  6.6397E-05     13.96
   20.00     30.00     -1.04    -3.63     0.87      0.0486    -36.55 LEFT    8.7107E-05   -160.72  6.4665E-05     13.46
   25.00     30.00     -2.53    -4.00    -0.19      0.0871    -40.10 LEFT    7.3397E-05   -156.79  6.1976E-05     13.11
   30.00     30.00     -4.22    -4.56    -1.37      0.1468    -43.83 LEFT    6.0423E-05   -150.19  5.8102E-05     13.10
   35.00     30.00     -5.76    -5.37    -2.55      0.2327    -46.42 LEFT    5.0600E-05   -140.09  5.2903E-05     13.69
   40.00     30.00     -6.55    -6.51    -3.52      0.3340    -45.17 LEFT    4.6171E-05   -127.81  4.6392E-05     15.24
   45.00     30.00     -6.27    -8.06    -4.06      0.3892    -36.98 LEFT    4.7714E-05   -117.98  3.8814E-05     18.36
   50.00     30.00     -5.20   -10.10    -3.98      0.3156    -25.72 LEFT    5.3924E-05   -114.05  3.0705E-05     24.07
   55.00     30.00     -3.81   -12.62    -3.27      0.1659    -17.88 LEFT    6.3344E-05   -115.41  2.2951E-05     34.31
   60.00     30.00     -2.35   -15.34    -2.14      0.0317    -12.52 LEFT    7.4864E-05   -119.62  1.6796E-05     51.86
   65.00     30.00     -1.07   -17.29    -0.97      0.0549     -8.22 RIGHT   8.6784E-05   -124.60  1.3414E-05     76.67
   70.00     30.00     -0.18   -17.99    -0.11      0.0969     -4.85 RIGHT   9.6113E-05   -129.21  1.2377E-05    100.09
   75.00     30.00      0.03   -18.60     0.09      0.1087     -2.49 RIGHT   9.8555E-05   -133.05  1.1535E-05   -244.56
   80.00     30.00     -0.88   -20.49    -0.84      0.1031     -1.03 RIGHT   8.8691E-05   -136.14  9.2801E-06   -235.97
   85.00     30.00     -4.34   -25.42    -4.30      0.0882     -0.26 RIGHT   5.9585E-05   -138.70  5.2628E-06   -231.62
   90.00     30.00   -999.99  -999.99  -999.99      0.0000      0.00         4.7565E-15     38.77  3.2621E-16    -50.15
    0.00     35.00      1.11    -1.99     2.84      0.0000    -35.00 LINEAR  1.1156E-04   -165.09  7.8114E-05     14.91
    5.00     35.00      0.96    -2.00     2.74      0.0026    -35.44 LEFT    1.0964E-04   -164.89  7.8018E-05     14.79
   10.00     35.00      0.50    -2.03     2.43      0.0109    -36.75 LEFT    1.0403E-04   -164.25  7.7675E-05     14.45
   15.00     35.00     -0.26    -2.12     1.92      0.0259    -38.92 LEFT    9.5227E-05   -163.00  7.6924E-05     13.97
   20.00     35.00     -1.35    -2.28     1.22      0.0499    -41.91 LEFT    8.4082E-05   -160.79  7.5519E-05     13.46
   25.00     35.00     -2.71    -2.55     0.38      0.0864    -45.52 LEFT    7.1869E-05   -157.04  7.3166E-05     13.09
   30.00     35.00     -4.23    -2.99    -0.56      0.1395    -49.24 LEFT    6.0319E-05   -150.93  6.9582E-05     13.02
   35.00     35.00     -5.59    -3.64    -1.50      0.2125    -52.01 LEFT    5.1555E-05   -141.89  6.4559E-05     13.47
   40.00     35.00     -6.30    -4.56    -2.34      0.3000    -51.83 LEFT    4.7542E-05   -131.13  5.8047E-05     14.71
   45.00     35.00     -6.05    -5.82    -2.92      0.3686    -45.97 LEFT    4.8945E-05   -122.37  5.0226E-05     17.14
   50.00     35.00     -5.05    -7.47    -3.08      0.3470    -34.90 LEFT    5.4882E-05   -118.56  4.1559E-05     21.38
   55.00     35.00     -3.70    -9.52    -2.69      0.2275    -24.77 LEFT    6.4106E-05   -119.39  3.2802E-05     28.38
   60.00     35.00     -2.29   -11.90    -1.84      0.0914    -17.64 LEFT    7.5431E-05   -122.86  2.4942E-05     39.43
   65.00     35.00     -1.04   -14.29    -0.84      0.0091    -12.26 RIGHT   8.7054E-05   -127.15  1.8937E-05     55.37
   70.00     35.00     -0.19   -16.28    -0.09      0.0659     -8.11 RIGHT   9.5997E-05   -131.23  1.5068E-05     74.14
   75.00     35.00     -0.01   -18.00     0.06      0.0891     -5.10 RIGHT   9.8077E-05   -134.71  1.2360E-05     90.72
   80.00     35.00     -0.95   -20.45    -0.90      0.0910     -3.09 RIGHT   8.8026E-05   -137.56  9.3188E-06    102.04
   85.00     35.00     -4.42   -25.60    -4.38      0.0809     -1.86 RIGHT   5.9044E-05   -140.00  5.1493E-06   -251.71
   90.00     35.00   -999.99  -999.99  -999.99      0.0000      0.00         4.7108E-15     37.51  3.1706E-16    -69.59
    0.00     40.00      0.53    -1.00     2.84      0.0000    -40.00 LINEAR  1.0433E-04   -165.09  8.7540E-05     14.91
    5.00     40.00      0.39    -1.00     2.76      0.0027    -40.46 LEFT    1.0265E-04   -164.89  8.7533E-05     14.79
   10.00     40.00     -0.04    -1.00     2.52      0.0112    -41.82 LEFT    9.7750E-05   -164.25  8.7451E-05     14.45
   15.00     40.00     -0.75    -1.04     2.12      0.0263    -44.05 LEFT    9.0060E-05   -163.01  8.7113E-05     13.97
   20.00     40.00     -1.74    -1.13     1.59      0.0495    -47.04 LEFT    8.0328E-05   -160.86  8.6241E-05     13.47
   25.00     40.00     -2.98    -1.30     0.95      0.0828    -50.57 LEFT    6.9675E-05   -157.29  8.4496E-05     13.07
   30.00     40.00     -4.33    -1.61     0.25      0.1287    -54.13 LEFT    5.9623E-05   -151.65  8.1531E-05     12.94
   35.00     40.00     -5.52    -2.10    -0.47      0.1889    -56.84 LEFT    5.2015E-05   -143.58  7.7066E-05     13.25
   40.00     40.00     -6.12    -2.82    -1.15      0.2607    -57.27 LEFT    4.8553E-05   -134.19  7.0968E-05     14.21
   45.00     40.00     -5.87    -3.81    -1.71      0.3273    -53.40 LEFT    4.9940E-05   -126.47  6.3325E-05     16.08
   50.00     40.00     -4.94    -5.11    -2.01      0.3436    -44.26 LEFT    5.5620E-05   -122.85  5.4496E-05     19.21
   55.00     40.00     -3.64    -6.76    -1.91      0.2726    -33.24 LEFT    6.4554E-05   -123.24  4.5106E-05     24.05
   60.00     40.00     -2.28    -8.72    -1.39      0.1543    -24.31 LEFT    7.5531E-05   -126.03  3.5968E-05     31.13
   65.00     40.00     -1.08   -10.94    -0.65      0.0484    -17.63 LEFT    8.6699E-05   -129.69  2.7873E-05     40.77
   70.00     40.00     -0.27   -13.29    -0.06      0.0215    -12.54 RIGHT   9.5136E-05   -133.27  2.1255E-05     52.53
   75.00     40.00     -0.12   -15.82    -0.01      0.0574     -8.74 RIGHT   9.6806E-05   -136.39  1.5880E-05     64.61
   80.00     40.00     -1.09   -19.05    -1.02      0.0693     -6.04 RIGHT   8.6634E-05   -139.02  1.0957E-05     74.64
   85.00     40.00     -4.57   -24.67    -4.53      0.0664     -4.20 RIGHT   5.8011E-05   -141.34  5.7377E-06     81.07
   90.00     40.00   -999.99  -999.99  -999.99      0.0000      0.00         4.6258E-15     36.21  3.4729E-16    -96.61
    0.00     45.00     -0.17    -0.17     2.84      0.0000    -45.00 LINEAR  9.6299E-05   -165.09  9.6299E-05     14.91
    5.00     45.00     -0.30    -0.16     2.78      0.0028    -45.46 LEFT    9.4863E-05   -164.89  9.6406E-05     14.79
   10.00     45.00     -0.69    -0.14     2.61      0.0113    -46.83 LEFT    9.0673E-05   -164.25  9.6659E-05     14.46
   15.00     45.00     -1.34    -0.12     2.32      0.0259    -49.04 LEFT    8.4095E-05   -163.02  9.6863E-05     13.98
   20.00     45.00     -2.25    -0.13     1.95      0.0476    -51.95 LEFT    7.5777E-05   -160.92  9.6711E-05     13.47
   25.00     45.00     -3.36    -0.21     1.50      0.0772    -55.29 LEFT    6.6690E-05   -157.53  9.5821E-05     13.05
   30.00     45.00     -4.55    -0.40     1.02      0.1160    -58.59 LEFT    5.8154E-05   -152.33  9.3785E-05     12.86
   35.00     45.00     -5.56    -0.73     0.50      0.1648    -61.11 LEFT    5.1747E-05   -145.13  9.0244E-05     13.05
   40.00     45.00     -6.05    -1.26    -0.01      0.2221    -61.82 LEFT    4.8931E-05   -136.93  8.4965E-05     13.76
   45.00     45.00     -5.79    -2.01    -0.49      0.2797    -59.33 LEFT    5.0397E-05   -130.15  7.7920E-05     15.18
   50.00     45.00     -4.90    -3.02    -0.85      0.3134    -52.53 LEFT    5.5831E-05   -126.77  6.9338E-05     17.48
   55.00     45.00     -3.67    -4.32    -0.97      0.2886    -42.45 LEFT    6.4376E-05   -126.82  5.9698E-05     20.88
   60.00     45.00     -2.36    -5.92    -0.77      0.2061    -32.49 LEFT    7.4847E-05   -129.04  4.9664E-05     25.56
   65.00     45.00     -1.21    -7.82    -0.35      0.1092    -24.47 LEFT    8.5403E-05   -132.12  3.9916E-05     31.54
   70.00     45.00     -0.45   -10.03     0.00      0.0323    -18.28 LEFT    9.3219E-05   -135.25  3.0930E-05     38.55
   75.00     45.00     -0.34   -12.68    -0.09      0.0155    -13.54 RIGHT   9.4454E-05   -138.05  2.2794E-05     45.84
   80.00     45.00     -1.33   -16.20    -1.19      0.0386    -10.00 RIGHT   8.4275E-05   -140.47  1.5208E-05     52.26
   85.00     45.00     -4.83   -22.09    -4.74      0.0447     -7.38 RIGHT   5.6330E-05   -142.68  7.7197E-06     56.70
   90.00     45.00   -999.99  -999.99  -999.99      0.0000      0.00         4.4892E-15     34.91  4.6158E-16   -121.57
    0.00     50.00     -1.00     0.53     2.84      0.0000    -50.00 LINEAR  8.7540E-05   -165.09  1.0433E-04     14.91
    5.00     50.00     -1.12     0.55     2.81      0.0027    -50.45 LEFT    8.6337E-05   -164.89  1.0456E-04     14.79
   10.00     50.00     -1.48     0.60     2.70      0.0109    -51.79 LEFT    8.2829E-05   -164.25  1.0521E-04     14.46
   15.00     50.00     -2.07     0.67     2.52      0.0248    -53.92 LEFT    7.7325E-05   -163.03  1.0606E-04     13.98
   20.00     50.00     -2.89     0.73     2.30      0.0444    -56.66 LEFT    7.0376E-05   -160.99  1.0678E-04     13.47
   25.00     50.00     -3.88     0.74     2.03      0.0702    -59.73 LEFT    6.2811E-05   -157.76  1.0695E-04     13.03
   30.00     50.00     -4.91     0.68     1.73      0.1025    -62.70 LEFT    5.5753E-05   -152.95  1.0611E-04     12.78
   35.00     50.00     -5.77     0.49     1.41      0.1415    -64.97 LEFT    5.0537E-05   -146.50  1.0381E-04     12.86
   40.00     50.00     -6.14     0.14     1.05      0.1866    -65.77 LEFT    4.8404E-05   -139.31  9.9719E-05     13.37
   45.00     50.00     -5.86    -0.41     0.68      0.2337    -64.18 LEFT    5.0002E-05   -133.35  9.3664E-05     14.42
   50.00     50.00     -5.00    -1.18     0.33      0.2708    -59.33 LEFT    5.5178E-05   -130.23  8.5720E-05     16.11
   55.00     50.00     -3.82    -2.20     0.07      0.2758    -51.20 LEFT    6.3233E-05   -130.03  7.6200E-05     18.53
   60.00     50.00     -2.57    -3.50     0.00      0.2339    -41.57 LEFT    7.3044E-05   -131.78  6.5610E-05     21.72
   65.00     50.00     -1.48    -5.11     0.09      0.1612    -32.69 LEFT    8.2834E-05   -134.39  5.4518E-05     25.61
   70.00     50.00     -0.76    -7.09     0.15      0.0882    -25.40 LEFT    8.9931E-05   -137.11  4.3400E-05     29.96
   75.00     50.00     -0.68    -9.60    -0.16      0.0333    -19.63 LEFT    9.0735E-05   -139.63  3.2498E-05     34.36
   80.00     50.00     -1.70   -13.08    -1.40      0.0003    -15.10 RIGHT   8.0712E-05   -141.87  2.1781E-05     38.21
   85.00     50.00     -5.22   -18.98    -5.04      0.0167    -11.54 RIGHT   5.3853E-05   -143.96  1.1037E-05     40.91
   90.00     50.00   -999.99  -999.99  -999.99      0.0000      0.00         4.2892E-15     33.66  6.5896E-16   -137.97
    0.00     55.00     -1.99     1.11     2.84      0.0000    -55.00 LINEAR  7.8114E-05   -165.09  1.1156E-04     14.91
    5.00     55.00     -2.10     1.14     2.83      0.0026    -55.43 LEFT    7.7130E-05   -164.89  1.1194E-04     14.79
   10.00     55.00     -2.42     1.22     2.78      0.0103    -56.70 LEFT    7.4261E-05   -164.25  1.1302E-04     14.46
   15.00     55.00     -2.97     1.34     2.71      0.0230    -58.68 LEFT    6.9763E-05   -163.04  1.1458E-04     13.99
   20.00     55.00     -3.70     1.47     2.62      0.0404    -61.19 LEFT    6.4099E-05   -161.06  1.1628E-04     13.47
   25.00     55.00     -4.58     1.57     2.52      0.0624    -63.95 LEFT    5.7962E-05   -157.98  1.1767E-04     13.01
   30.00     55.00     -5.47     1.61     2.39      0.0888    -66.55 LEFT    5.2294E-05   -153.51  1.1822E-04     12.71
   35.00     55.00     -6.18     1.55     2.23      0.1197    -68.53 LEFT    4.8206E-05   -147.69  1.1741E-04     12.69
   40.00     55.00     -6.45     1.36     2.02      0.1547    -69.33 LEFT    4.6735E-05   -141.34  1.1480E-04     13.02
   45.00     55.00     -6.13     0.99     1.76      0.1921    -68.31 LEFT    4.8465E-05   -136.07  1.1006E-04     13.78
   50.00     55.00     -5.30     0.42     1.45      0.2259    -64.89 LEFT    5.3343E-05   -133.20  1.0309E-04     15.03
   55.00     55.00     -4.16    -0.38     1.14      0.2444    -58.77 LEFT    6.0798E-05   -132.84  9.4025E-05     16.78
   60.00     55.00     -2.96    -1.44     0.88      0.2339    -50.58 LEFT    6.9799E-05   -134.22  8.3176E-05     19.02
   65.00     55.00     -1.92    -2.82     0.66      0.1925    -41.83 LEFT    7.8683E-05   -136.43  7.0983E-05     21.65
   70.00     55.00     -1.25    -4.59     0.40      0.1359    -33.83 LEFT    8.4982E-05   -138.82  5.7874E-05     24.51
   75.00     55.00     -1.21    -6.94    -0.18      0.0825    -27.07 LEFT    8.5391E-05   -141.09  4.4158E-05     27.32
   80.00     55.00     -2.25   -10.31    -1.62      0.0423    -21.48 LEFT    7.5738E-05   -143.17  2.9970E-05     29.74
   85.00     55.00     -5.78   -16.15    -5.40      0.0163    -16.84 LEFT    5.0447E-05   -145.17  1.5288E-05     31.46
   90.00     55.00   -999.99  -999.99  -999.99      0.0000      0.00         4.0157E-15     32.48  9.1460E-16   -147.78
    0.00     60.00     -3.18     1.59     2.84      0.0000    -60.00 LINEAR  6.8094E-05   -165.09  1.1794E-04     14.91
    5.00     60.00     -3.28     1.63     2.85      0.0024    -60.40 LEFT    6.7309E-05   -164.89  1.1848E-04     14.80
   10.00     60.00     -3.58     1.74     2.86      0.0094    -61.55 LEFT    6.5022E-05   -164.25  1.2000E-04     14.47
   15.00     60.00     -4.07     1.91     2.89      0.0207    -63.35 LEFT    6.1442E-05   -163.05  1.2231E-04     14.00
   20.00     60.00     -4.73     2.10     2.92      0.0357    -65.58 LEFT    5.6948E-05   -161.12  1.2503E-04     13.47
   25.00     60.00     -5.50     2.28     2.95      0.0539    -67.97 LEFT    5.2111E-05   -158.17  1.2771E-04     12.99
   30.00     60.00     -6.27     2.42     2.97      0.0752    -70.20 LEFT    4.7703E-05   -154.00  1.2977E-04     12.65
   35.00     60.00     -6.85     2.48     2.96      0.0994    -71.88 LEFT    4.4632E-05   -148.70  1.3061E-04     12.54
   40.00     60.00     -7.02     2.42     2.88      0.1264    -72.61 LEFT    4.3749E-05   -143.03  1.2967E-04     12.73
   45.00     60.00     -6.67     2.20     2.73      0.1554    -71.97 LEFT    4.5560E-05   -138.32  1.2648E-04     13.26
   50.00     60.00     -5.85     1.80     2.49      0.1837    -69.55 LEFT    5.0064E-05   -135.68  1.2075E-04     14.17
   55.00     60.00     -4.75     1.17     2.16      0.2054    -65.10 LEFT    5.6800E-05   -135.23  1.1239E-04     15.45
   60.00     60.00     -3.60     0.29     1.78      0.2123    -58.70 LEFT    6.4848E-05   -136.33  1.0154E-04     17.06
   65.00     60.00     -2.61    -0.91     1.34      0.1979    -51.04 LEFT    7.2703E-05   -138.22  8.8455E-05     18.93
   70.00     60.00     -1.98    -2.52     0.77      0.1648    -43.14 LEFT    7.8147E-05   -140.34  7.3485E-05     20.90
   75.00     60.00     -1.97    -4.73    -0.13      0.1232    -35.77 LEFT    7.8225E-05   -142.41  5.6950E-05     22.82
   80.00     60.00     -3.04    -8.00    -1.84      0.0838    -29.22 LEFT    6.9195E-05   -144.34  3.9097E-05     24.45
   85.00     60.00     -6.58   -13.78    -5.82      0.0518    -23.43 LEFT    4.6015E-05   -146.27  2.0082E-05     25.63
   90.00     60.00   -999.99  -999.99  -999.99      0.0000      0.00         3.6610E-15     31.41  1.2042E-15   -153.81
    0.00     65.00     -4.64     1.99     2.84      0.0000    -65.00 LINEAR  5.7555E-05   -165.09  1.2343E-04     14.91
    5.00     65.00     -4.73     2.04     2.87      0.0021    -65.35 LEFT    5.6948E-05   -164.89  1.2411E-04     14.80
   10.00     65.00     -5.00     2.17     2.93      0.0082    -66.37 LEFT    5.5178E-05   -164.25  1.2607E-04     14.47
   15.00     65.00     -5.45     2.38     3.04      0.0179    -67.92 LEFT    5.2415E-05   -163.06  1.2910E-04     14.00
   20.00     65.00     -6.04     2.63     3.18      0.0304    -69.83 LEFT    4.8959E-05   -161.17  1.3285E-04     13.47
   25.00     65.00     -6.72     2.88     3.33      0.0452    -71.85 LEFT    4.5269E-05   -158.34  1.3681E-04     12.97
   30.00     65.00     -7.38     3.11     3.48      0.0619    -73.70 LEFT    4.1962E-05   -154.42  1.4039E-04     12.59
   35.00     65.00     -7.85     3.26     3.59      0.0805    -75.08 LEFT    3.9763E-05   -149.54  1.4292E-04     12.41
   40.00     65.00     -7.94     3.31     3.62      0.1010    -75.72 LEFT    3.9352E-05   -144.40  1.4373E-04     12.49
   45.00     65.00     -7.55     3.22     3.57      0.1231    -75.31 LEFT    4.1149E-05   -140.15  1.4220E-04     12.85
   50.00     65.00     -6.74     2.95     3.39      0.1455    -73.62 LEFT    4.5179E-05   -137.72  1.3785E-04     13.51
   55.00     65.00     -5.68     2.46     3.08      0.1656    -70.42 LEFT    5.1068E-05   -137.20  1.3038E-04     14.45
   60.00     65.00     -4.57     1.72     2.64      0.1792    -65.67 LEFT    5.8026E-05   -138.10  1.1971E-04     15.65
   65.00     65.00     -3.62     0.66     2.04      0.1814    -59.58 LEFT    6.4744E-05   -139.75  1.0593E-04     17.01
   70.00     65.00     -3.03    -0.83     1.22      0.1696    -52.61 LEFT    6.9299E-05   -141.65  8.9261E-05     18.44
   75.00     65.00     -3.05    -2.94     0.02      0.1461    -45.37 LEFT    6.9134E-05   -143.55  7.0005E-05     19.82
   80.00     65.00     -4.13    -6.13    -2.01      0.1163    -38.30 LEFT    6.1006E-05   -145.37  4.8491E-05     21.00
   85.00     65.00     -7.69   -11.87    -6.28      0.0852    -31.51 LEFT    4.0512E-05   -147.23  2.5045E-05     21.87
   90.00     65.00   -999.99  -999.99  -999.99      0.0000      0.00         3.2216E-15     30.46  1.5045E-15   -157.68
    0.00     70.00     -6.48     2.30     2.84      0.0000    -70.00 LINEAR  4.6579E-05   -165.09  1.2797E-04     14.91
    5.00     70.00     -6.56     2.36     2.88      0.0018    -70.29 LEFT    4.6126E-05   -164.89  1.2879E-04     14.80
   10.00     70.00     -6.81     2.52     2.99      0.0068    -71.14 LEFT    4.4809E-05   -164.25  1.3115E-04     14.47
   15.00     70.00     -7.22     2.76     3.17      0.0147    -72.43 LEFT    4.2756E-05   -163.07  1.3485E-04     14.00
   20.00     70.00     -7.76     3.05     3.40      0.0247    -73.98 LEFT    4.0201E-05   -161.21  1.3954E-04     13.47
   25.00     70.00     -8.36     3.37     3.65      0.0362    -75.61 LEFT    3.7498E-05   -158.48  1.4470E-04     12.95
   30.00     70.00     -8.93     3.67     3.90      0.0490    -77.08 LEFT    3.5122E-05   -154.76  1.4972E-04     12.55
   35.00     70.00     -9.30     3.90     4.11      0.0629    -78.18 LEFT    3.3632E-05   -150.21  1.5386E-04     12.31
   40.00     70.00     -9.33     4.04     4.24      0.0781    -78.69 LEFT    3.3551E-05   -145.49  1.5635E-04     12.29
   45.00     70.00     -8.91     4.05     4.26      0.0944    -78.45 LEFT    3.5212E-05   -141.59  1.5645E-04     12.52
   50.00     70.00     -8.10     3.88     4.15      0.1113    -77.27 LEFT    3.8646E-05   -139.32  1.5350E-04     13.00
   55.00     70.00     -7.06     3.51     3.87      0.1279    -75.02 LEFT    4.3559E-05   -138.78  1.4699E-04     13.71
   60.00     70.00     -5.98     2.87     3.40      0.1421    -71.63 LEFT    4.9303E-05   -139.53  1.3663E-04     14.62
   65.00     70.00     -5.07     1.91     2.70      0.1513    -67.09 LEFT    5.4792E-05   -141.00  1.2231E-04     15.65
   70.00     70.00     -4.51     0.51     1.70      0.1531    -61.55 LEFT    5.8438E-05   -142.74  1.0416E-04     16.74
   75.00     70.00     -4.55    -1.52     0.23      0.1463    -55.25 LEFT    5.8132E-05   -144.50  8.2409E-05     17.79
   80.00     70.00     -5.66    -4.65    -2.11      0.1314    -48.42 LEFT    5.1193E-05   -146.24  5.7462E-05     18.70
   85.00     70.00     -9.22   -10.36    -6.74      0.1093    -41.18 LEFT    3.3954E-05   -148.05  2.9800E-05     19.37
   90.00     70.00   -999.99  -999.99  -999.99      0.0000      0.00         2.6990E-15     29.67  1.7926E-15   -160.23
    0.00     75.00     -8.90     2.54     2.84      0.0000    -75.00 LINEAR  3.5248E-05   -165.09  1.3155E-04     14.91
    5.00     75.00     -8.98     2.60     2.89      0.0014    -75.23 LEFT    3.4929E-05   -164.88  1.3247E-04     14.80
   10.00     75.00     -9.21     2.78     3.04      0.0053    -75.88 LEFT    3.4003E-05   -164.24  1.3517E-04     14.48
   15.00     75.00     -9.59     3.05     3.28      0.0113    -76.87 LEFT    3.2563E-05   -163.08  1.3945E-04     14.01
   20.00     75.00    -10.07     3.38     3.58      0.0187    -78.06 LEFT    3.0779E-05   -161.25  1.4494E-04     13.46
   25.00     75.00    -10.62     3.75     3.90      0.0272    -79.28 LEFT    2.8909E-05   -158.59  1.5114E-04     12.94
   30.00     75.00    -11.12     4.10     4.23      0.0364    -80.38 LEFT    2.7300E-05   -155.02  1.5740E-04     12.51
   35.00     75.00    -11.42     4.40     4.51      0.0463    -81.19 LEFT    2.6356E-05   -150.72  1.6294E-04     12.23
   40.00     75.00    -11.39     4.61     4.72      0.0570    -81.59 LEFT    2.6458E-05   -146.30  1.6693E-04     12.14
   45.00     75.00    -10.94     4.69     4.81      0.0684    -81.44 LEFT    2.7852E-05   -142.68  1.6848E-04     12.28
   50.00     75.00    -10.14     4.60     4.75      0.0806    -80.65 LEFT    3.0566E-05   -140.54  1.6680E-04     12.62
   55.00     75.00     -9.11     4.31     4.50      0.0929    -79.13 LEFT    3.4380E-05   -139.98  1.6120E-04     13.17
   60.00     75.00     -8.06     3.75     4.03      0.1047    -76.81 LEFT    3.8798E-05   -140.63  1.5119E-04     13.89
   65.00     75.00     -7.17     2.86     3.27      0.1149    -73.65 LEFT    4.2982E-05   -141.96  1.3650E-04     14.71
   70.00     75.00     -6.64     1.53     2.15      0.1223    -69.64 LEFT    4.5713E-05   -143.58  1.1711E-04     15.58
   75.00     75.00     -6.70    -0.45     0.48      0.1257    -64.78 LEFT    4.5371E-05   -145.25  9.3248E-05     16.42
   80.00     75.00     -7.82    -3.54    -2.16      0.1239    -59.05 LEFT    3.9890E-05   -146.92  6.5327E-05     17.15
   85.00     75.00    -11.40    -9.22    -7.16      0.1154    -52.32 LEFT    2.6432E-05   -148.69  3.3978E-05     17.72
   90.00     75.00   -999.99  -999.99  -999.99      0.0000      0.00         2.1004E-15     29.04  2.0460E-15   -161.93
    0.00     80.00    -12.36     2.71     2.84      0.0000    -80.00 LINEAR  2.3649E-05   -165.09  1.3412E-04     14.91
    5.00     80.00    -12.44     2.77     2.90      0.0009    -80.16 LEFT    2.3447E-05   -164.88  1.3513E-04     14.80
   10.00     80.00    -12.66     2.96     3.08      0.0036    -80.60 LEFT    2.2860E-05   -164.24  1.3809E-04     14.48
   15.00     80.00    -13.01     3.25     3.36      0.0076    -81.27 LEFT    2.1950E-05   -163.08  1.4280E-04     14.01
   20.00     80.00    -13.47     3.62     3.70      0.0126    -82.07 LEFT    2.0828E-05   -161.27  1.4891E-04     13.46
   25.00     80.00    -13.97     4.02     4.09      0.0181    -82.89 LEFT    1.9661E-05   -158.67  1.5590E-04     12.93
   30.00     80.00    -14.41     4.41     4.47      0.0241    -83.61 LEFT    1.8676E-05   -155.21  1.6312E-04     12.48
   35.00     80.00    -14.67     4.76     4.81      0.0305    -84.15 LEFT    1.8136E-05   -151.08  1.6976E-04     12.17
   40.00     80.00    -14.60     5.02     5.06      0.0373    -84.42 LEFT    1.8289E-05   -146.88  1.7492E-04     12.04
   45.00     80.00    -14.13     5.15     5.20      0.0445    -84.34 LEFT    1.9296E-05   -143.43  1.7762E-04     12.11
   50.00     80.00    -13.32     5.12     5.18      0.0523    -83.86 LEFT    2.1177E-05   -141.38  1.7696E-04     12.37
   55.00     80.00    -12.31     4.88     4.96      0.0605    -82.92 LEFT    2.3786E-05   -140.82  1.7210E-04     12.81
   60.00     80.00    -11.28     4.37     4.49      0.0687    -81.47 LEFT    2.6785E-05   -141.41  1.6240E-04     13.40
   65.00     80.00    -10.41     3.53     3.71      0.0767    -79.49 LEFT    2.9608E-05   -142.66  1.4747E-04     14.09
   70.00     80.00     -9.89     2.25     2.51      0.0840    -76.91 LEFT    3.1426E-05   -144.19  1.2717E-04     14.82
   75.00     80.00     -9.97     0.31     0.69      0.0904    -73.68 LEFT    3.1139E-05   -145.80  1.0168E-04     15.53
   80.00     80.00    -11.10    -2.76    -2.16      0.0952    -69.65 LEFT    2.7345E-05   -147.41  7.1462E-05     16.17
   85.00     80.00    -14.68    -8.42    -7.50      0.0972    -64.50 LEFT    1.8106E-05   -149.16  3.7242E-05     16.66
   90.00     80.00   -999.99  -999.99  -999.99      0.0000      0.00         1.4385E-15     28.58  2.2440E-15   -163.01
    0.00     85.00    -18.35     2.81     2.84      0.0000    -85.00 LINEAR  1.1870E-05   -165.09  1.3567E-04     14.91
    5.00     85.00    -18.42     2.88     2.91      0.0005    -85.08 LEFT    1.1772E-05   -164.88  1.3673E-04     14.80
   10.00     85.00    -18.63     3.07     3.10      0.0018    -85.31 LEFT    1.1488E-05   -164.24  1.3986E-04     14.48
   15.00     85.00    -18.97     3.38     3.40      0.0038    -85.64 LEFT    1.1049E-05   -163.09  1.4484E-04     14.01
   20.00     85.00    -19.41     3.76     3.78      0.0063    -86.04 LEFT    1.0508E-05   -161.29  1.5134E-04     13.46
   25.00     85.00    -19.88     4.18     4.20      0.0091    -86.45 LEFT    9.9499E-06   -158.72  1.5883E-04     12.93
   30.00     85.00    -20.30     4.60     4.61      0.0120    -86.82 LEFT    9.4849E-06   -155.32  1.6666E-04     12.46
   35.00     85.00    -20.52     4.97     4.98      0.0151    -87.08 LEFT    9.2430E-06   -151.30  1.7400E-04     12.14
   40.00     85.00    -20.43     5.26     5.27      0.0184    -87.22 LEFT    9.3463E-06   -147.21  1.7989E-04     11.98
   45.00     85.00    -19.95     5.43     5.44      0.0220    -87.18 LEFT    9.8746E-06   -143.88  1.8334E-04     12.00
   50.00     85.00    -19.14     5.42     5.44      0.0257    -86.95 LEFT    1.0838E-05   -141.88  1.8333E-04     12.22
   55.00     85.00    -18.14     5.22     5.24      0.0298    -86.50 LEFT    1.2163E-05   -141.32  1.7896E-04     12.60
   60.00     85.00    -17.12     4.74     4.77      0.0339    -85.81 LEFT    1.3680E-05   -141.87  1.6948E-04     13.12
   65.00     85.00    -16.26     3.93     3.97      0.0382    -84.86 LEFT    1.5101E-05   -143.07  1.5441E-04     13.73
   70.00     85.00    -15.75     2.67     2.73      0.0425    -83.61 LEFT    1.6009E-05   -144.56  1.3355E-04     14.39
   75.00     85.00    -15.84     0.75     0.85      0.0469    -82.01 LEFT    1.5847E-05   -146.12  1.0704E-04     15.04
   80.00     85.00    -16.98    -2.30    -2.15      0.0513    -79.95 LEFT    1.3906E-05   -147.71  7.5363E-05     15.61
   85.00     85.00    -20.56    -7.95    -7.72      0.0557    -77.19 LEFT    9.2036E-06   -149.44  3.9319E-05     16.08
   90.00     85.00   -999.99  -999.99  -999.99      0.0000      0.00         7.3107E-16     28.29  2.3701E-15   -163.61
    0.00     90.00   -999.99     2.84     2.84      0.0000     90.00 LINEAR  6.9502E-16     14.91  1.3619E-04     14.91
    5.00     90.00   -999.99     2.91     2.91      0.0000     90.00 LINEAR  1.8177E-15    -10.83  1.3727E-04     14.80
   10.00     90.00   -999.99     3.11     3.11      0.0000     90.00 LINEAR  2.6284E-15     -3.70  1.4045E-04     14.48
   15.00     90.00   -999.99     3.42     3.42      0.0000     90.00 LINEAR  3.2025E-15     23.89  1.4553E-04     14.01
   20.00     90.00   -999.99     3.81     3.81      0.0000     90.00 LINEAR  5.1151E-15     61.22  1.5215E-04     13.46
   25.00     90.00   -999.99     4.23     4.23      0.0000     90.00 LINEAR  9.6010E-15     83.89  1.5982E-04     12.92
   30.00     90.00   -195.56     4.66     4.66      0.0000     90.00 LINEAR  1.6373E-14     95.40  1.6786E-04     12.46
   35.00     90.00   -191.97     5.04     5.04      0.0000    -90.00 LINEAR  2.4747E-14    102.34  1.7543E-04     12.12
   40.00     90.00   -189.26     5.34     5.34      0.0000    -90.00 LINEAR  3.3806E-14   -252.48  1.8158E-04     11.96
   45.00     90.00   -187.28     5.52     5.52      0.0000    -90.00 LINEAR  4.2446E-14   -247.83  1.8528E-04     11.97
   50.00     90.00   -185.94     5.53     5.53      0.0000    -90.00 LINEAR  4.9546E-14   -243.04  1.8550E-04     12.17
   55.00     90.00   -185.15     5.33     5.33      0.0000    -90.00 LINEAR  5.4231E-14   -237.63  1.8130E-04     12.53
   60.00     90.00   -184.86     4.87     4.87      0.0000    -90.00 LINEAR  5.6102E-14   -231.30  1.7190E-04     13.03
   65.00     90.00   -184.99     4.07     4.07      0.0000    -90.00 LINEAR  5.5302E-14   -223.93  1.5678E-04     13.62
   70.00     90.00   -185.48     2.81     2.81      0.0000    -90.00 LINEAR  5.2262E-14   -215.85  1.3573E-04     14.25
   75.00     90.00   -186.38     0.90     0.90      0.0000    -90.00 LINEAR  4.7076E-14   -207.93  1.0888E-04     14.88
   80.00     90.00   -188.07    -2.14    -2.14      0.0000    -90.00 LINEAR  3.8781E-14   -201.51  7.6702E-05     15.43
   85.00     90.00   -191.94    -7.79    -7.79      0.0000    -90.00 LINEAR  2.4824E-14   -197.94  4.0032E-05     15.89
   90.00     90.00   -999.99  -999.99  -999.99      0.0000      0.00         6.6067E-20    -74.38  2.4134E-15   -163.80
    0.00     95.00    -18.35     2.81     2.84      0.0000     85.00 LINEAR  1.1870E-05     14.91  1.3567E-04     14.91
    5.00     95.00    -18.42     2.88     2.91      0.0005     85.08 RIGHT   1.1772E-05     15.12  1.3673E-04     14.80
   10.00     95.00    -18.63     3.07     3.10      0.0018     85.31 RIGHT   1.1488E-05     15.76  1.3986E-04     14.48
   15.00     95.00    -18.97     3.38     3.40      0.0038     85.64 RIGHT   1.1049E-05     16.91  1.4484E-04     14.01
   20.00     95.00    -19.41     3.76     3.78      0.0063     86.04 RIGHT   1.0508E-05     18.71  1.5134E-04     13.46
   25.00     95.00    -19.88     4.18     4.20      0.0091     86.45 RIGHT   9.9499E-06     21.28  1.5883E-04     12.93
   30.00     95.00    -20.30     4.60     4.61      0.0120     86.82 RIGHT   9.4849E-06     24.68  1.6666E-04     12.46
   35.00     95.00    -20.52     4.97     4.98      0.0151     87.08 RIGHT   9.2430E-06     28.70  1.7400E-04     12.14
   40.00     95.00    -20.43     5.26     5.27      0.0184     87.22 RIGHT   9.3463E-06     32.79  1.7989E-04     11.98
   45.00     95.00    -19.95     5.43     5.44      0.0220     87.18 RIGHT   9.8746E-06     36.12  1.8334E-04     12.00
   50.00     95.00    -19.14     5.42     5.44      0.0257     86.95 RIGHT   1.0838E-05     38.12  1.8333E-04     12.22
   55.00     95.00    -18.14     5.22     5.24      0.0298     86.50 RIGHT   1.2163E-05     38.68  1.7896E-04     12.60
   60.00     95.00    -17.12     4.74     4.77      0.0339     85.81 RIGHT   1.3680E-05     38.13  1.6948E-04     13.12
   65.00     95.00    -16.26     3.93     3.97      0.0382     84.86 RIGHT   1.5101E-05     36.93  1.5441E-04     13.73
   70.00     95.00    -15.75     2.67     2.73      0.0425     83.61 RIGHT   1.6009E-05     35.44  1.3355E-04     14.39
   75.00     95.00    -15.84     0.75     0.85      0.0469     82.01 RIGHT   1.5847E-05     33.88  1.0704E-04     15.04
   80.00     95.00    -16.98    -2.30    -2.15      0.0513     79.95 RIGHT   1.3906E-05     32.29  7.5363E-05     15.61
   85.00     95.00    -20.56    -7.95    -7.72      0.0557     77.19 RIGHT   9.2036E-06     30.56  3.9319E-05     16.08
   90.00     95.00   -999.99  -999.99  -999.99      0.0000      0.00         7.3110E-16   -151.70  2.3701E-15   -163.61
    0.00    100.00    -12.36     2.71     2.84      0.0000     80.00 LINEAR  2.3649E-05     14.91  1.3412E-04     14.91
    5.00    100.00    -12.44     2.77     2.90      0.0009     80.16 RIGHT   2.3447E-05     15.12  1.3513E-04     14.80
   10.00    100.00    -12.66     2.96     3.08      0.0036     80.60 RIGHT   2.2860E-05     15.76  1.3809E-04     14.48
   15.00    100.00    -13.01     3.25     3.36      0.0076     81.27 RIGHT   2.1950E-05     16.92  1.4280E-04     14.01
   20.00    100.00    -13.47     3.62     3.70      0.0126     82.07 RIGHT   2.0828E-05     18.73  1.4891E-04     13.46
   25.00    100.00    -13.97     4.02     4.09      0.0181     82.89 RIGHT   1.9661E-05     21.33  1.5590E-04     12.93
   30.00    100.00    -14.41     4.41     4.47      0.0241     83.61 RIGHT   1.8676E-05     24.79  1.6312E-04     12.48
   35.00    100.00    -14.67     4.76     4.81      0.0305     84.15 RIGHT   1.8136E-05     28.92  1.6976E-04     12.17
   40.00    100.00    -14.60     5.02     5.06      0.0373     84.42 RIGHT   1.8289E-05     33.12  1.7492E-04     12.04
   45.00    100.00    -14.13     5.15     5.20      0.0445     84.34 RIGHT   1.9296E-05     36.57  1.7762E-04     12.11
   50.00    100.00    -13.32     5.12     5.18      0.0523     83.86 RIGHT   2.1177E-05     38.62  1.7696E-04     12.37
   55.00    100.00    -12.31     4.88     4.96      0.0605     82.92 RIGHT   2.3786E-05     39.18  1.7210E-04     12.81
   60.00    100.00    -11.28     4.37     4.49      0.0687     81.47 RIGHT   2.6785E-05     38.59  1.6240E-04     13.40
   65.00    100.00    -10.41     3.53     3.71      0.0767     79.49 RIGHT   2.9608E-05     37.34  1.4747E-04     14.09
   70.00    100.00     -9.89     2.25     2.51      0.0840     76.91 RIGHT   3.1426E-05     35.81  1.2717E-04     14.82
   75.00    100.00     -9.97     0.31     0.69      0.0904     73.68 RIGHT   3.1139E-05     34.20  1.0168E-04     15.53
   80.00    100.00    -11.10    -2.76    -2.16      0.0952     69.65 RIGHT   2.7345E-05     32.59  7.1462E-05     16.17
   85.00    100.00    -14.68    -8.42    -7.50      0.0972     64.50 RIGHT   1.8106E-05     30.84  3.7242E-05     16.66
   90.00    100.00   -999.99  -999.99  -999.99      0.0000      0.00         1.4384E-15   -151.43  2.2441E-15   -163.01
    0.00    105.00     -8.90     2.54     2.84      0.0000     75.00 LINEAR  3.5248E-05     14.91  1.3155E-04     14.91
    5.00    105.00     -8.98     2.60     2.89      0.0014     75.23 RIGHT   3.4929E-05     15.12  1.3247E-04     14.80
   10.00    105.00     -9.21     2.78     3.04      0.0053     75.88 RIGHT   3.4003E-05     15.76  1.3517E-04     14.48
   15.00    105.00     -9.59     3.05     3.28      0.0113     76.87 RIGHT   3.2563E-05     16.92  1.3945E-04     14.01
   20.00    105.00    -10.07     3.38     3.58      0.0187     78.06 RIGHT   3.0779E-05     18.75  1.4494E-04     13.46
   25.00    105.00    -10.62     3.75     3.90      0.0272     79.28 RIGHT   2.8909E-05     21.41  1.5114E-04     12.94
   30.00    105.00    -11.12     4.10     4.23      0.0364     80.38 RIGHT   2.7300E-05     24.98  1.5740E-04     12.51
   35.00    105.00    -11.42     4.40     4.51      0.0463     81.19 RIGHT   2.6356E-05     29.28  1.6294E-04     12.23
   40.00    105.00    -11.39     4.61     4.72      0.0570     81.59 RIGHT   2.6458E-05     33.70  1.6693E-04     12.14
   45.00    105.00    -10.94     4.69     4.81      0.0684     81.44 RIGHT   2.7852E-05     37.32  1.6848E-04     12.28
   50.00    105.00    -10.14     4.60     4.75      0.0806     80.65 RIGHT   3.0566E-05     39.46  1.6680E-04     12.62
   55.00    105.00     -9.11     4.31     4.50      0.0929     79.13 RIGHT   3.4380E-05     40.02  1.6120E-04     13.17
   60.00    105.00     -8.06     3.75     4.03      0.1047     76.81 RIGHT   3.8798E-05     39.37  1.5119E-04     13.89
   65.00    105.00     -7.17     2.86     3.27      0.1149     73.65 RIGHT   4.2982E-05     38.04  1.3650E-04     14.71
   70.00    105.00     -6.64     1.53     2.15      0.1223     69.64 RIGHT   4.5713E-05     36.42  1.1711E-04     15.58
   75.00    105.00     -6.70    -0.45     0.48      0.1257     64.78 RIGHT   4.5371E-05     34.75  9.3248E-05     16.42
   80.00    105.00     -7.82    -3.54    -2.16      0.1239     59.05 RIGHT   3.9890E-05     33.08  6.5327E-05     17.15
   85.00    105.00    -11.40    -9.22    -7.16      0.1154     52.32 RIGHT   2.6432E-05     31.31  3.3978E-05     17.72
   90.00    105.00   -999.99  -999.99  -999.99      0.0000      0.00         2.1004E-15   -150.97  2.0460E-15   -161.93
    0.00    110.00     -6.48     2.30     2.84      0.0000     70.00 LINEAR  4.6579E-05     14.91  1.2797E-04     14.91
    5.00    110.00     -6.56     2.36     2.88      0.0018     70.29 RIGHT   4.6126E-05     15.11  1.2879E-04     14.80
   10.00    110.00     -6.81     2.52     2.99      0.0068     71.14 RIGHT   4.4809E-05     15.75  1.3115E-04     14.47
   15.00    110.00     -7.22     2.76     3.17      0.0147     72.43 RIGHT   4.2756E-05     16.93  1.3485E-04     14.00
   20.00    110.00     -7.76     3.05     3.40      0.0247     73.98 RIGHT   4.0201E-05     18.79  1.3954E-04     13.47
   25.00    110.00     -8.36     3.37     3.65      0.0362     75.61 RIGHT   3.7498E-05     21.52  1.4470E-04     12.95
   30.00    110.00     -8.93     3.67     3.90      0.0490     77.08 RIGHT   3.5122E-05     25.24  1.4972E-04     12.55
   35.00    110.00     -9.30     3.90     4.11      0.0629     78.18 RIGHT   3.3632E-05     29.79  1.5386E-04     12.31
   40.00    110.00     -9.33     4.04     4.24      0.0781     78.69 RIGHT   3.3551E-05     34.51  1.5635E-04     12.29
   45.00    110.00     -8.91     4.05     4.26      0.0944     78.45 RIGHT   3.5212E-05     38.41  1.5645E-04     12.52
   50.00    110.00     -8.10     3.88     4.15      0.1113     77.27 RIGHT   3.8646E-05     40.68  1.5350E-04     13.00
   55.00    110.00     -7.06     3.51     3.87      0.1279     75.02 RIGHT   4.3559E-05     41.22  1.4699E-04     13.71
   60.00    110.00     -5.98     2.87     3.40      0.1421     71.63 RIGHT   4.9303E-05     40.47  1.3663E-04     14.62
   65.00    110.00     -5.07     1.91     2.70      0.1513     67.09 RIGHT   5.4792E-05     39.00  1.2231E-04     15.65
   70.00    110.00     -4.51     0.51     1.70      0.1531     61.55 RIGHT   5.8438E-05     37.26  1.0416E-04     16.74
   75.00    110.00     -4.55    -1.52     0.23      0.1463     55.25 RIGHT   5.8132E-05     35.50  8.2409E-05     17.79
   80.00    110.00     -5.66    -4.65    -2.11      0.1314     48.42 RIGHT   5.1193E-05     33.76  5.7462E-05     18.70
   85.00    110.00     -9.22   -10.36    -6.74      0.1093     41.18 RIGHT   3.3954E-05     31.95  2.9800E-05     19.37
   90.00    110.00   -999.99  -999.99  -999.99      0.0000      0.00         2.6990E-15   -150.33  1.7927E-15   -160.23
    0.00    115.00     -4.64     1.99     2.84      0.0000     65.00 LINEAR  5.7555E-05     14.91  1.2343E-04     14.91
    5.00    115.00     -4.73     2.04     2.87      0.0021     65.35 RIGHT   5.6948E-05     15.11  1.2411E-04     14.80
   10.00    115.00     -5.00     2.17     2.93      0.0082     66.37 RIGHT   5.5178E-05     15.75  1.2607E-04     14.47
   15.00    115.00     -5.45     2.38     3.04      0.0179     67.92 RIGHT   5.2415E-05     16.94  1.2910E-04     14.00
   20.00    115.00     -6.04     2.63     3.18      0.0304     69.83 RIGHT   4.8959E-05     18.83  1.3285E-04     13.47
   25.00    115.00     -6.72     2.88     3.33      0.0452     71.85 RIGHT   4.5269E-05     21.66  1.3681E-04     12.97
   30.00    115.00     -7.38     3.11     3.48      0.0619     73.70 RIGHT   4.1962E-05     25.58  1.4039E-04     12.59
   35.00    115.00     -7.85     3.26     3.59      0.0805     75.08 RIGHT   3.9763E-05     30.46  1.4292E-04     12.41
   40.00    115.00     -7.94     3.31     3.62      0.1010     75.72 RIGHT   3.9352E-05     35.60  1.4373E-04     12.49
   45.00    115.00     -7.55     3.22     3.57      0.1231     75.31 RIGHT   4.1149E-05     39.85  1.4220E-04     12.85
   50.00    115.00     -6.74     2.95     3.39      0.1455     73.62 RIGHT   4.5179E-05     42.28  1.3785E-04     13.51
   55.00    115.00     -5.68     2.46     3.08      0.1656     70.42 RIGHT   5.1068E-05     42.80  1.3038E-04     14.45
   60.00    115.00     -4.57     1.72     2.64      0.1792     65.67 RIGHT   5.8026E-05     41.90  1.1971E-04     15.65
   65.00    115.00     -3.62     0.66     2.04      0.1814     59.58 RIGHT   6.4744E-05     40.25  1.0593E-04     17.01
   70.00    115.00     -3.03    -0.83     1.22      0.1696     52.61 RIGHT   6.9299E-05     38.35  8.9261E-05     18.44
   75.00    115.00     -3.05    -2.94     0.02      0.1461     45.37 RIGHT   6.9134E-05     36.45  7.0005E-05     19.82
   80.00    115.00     -4.13    -6.13    -2.01      0.1163     38.30 RIGHT   6.1006E-05     34.63  4.8491E-05     21.00
   85.00    115.00     -7.69   -11.87    -6.28      0.0852     31.51 RIGHT   4.0512E-05     32.77  2.5045E-05     21.87
   90.00    115.00   -999.99  -999.99  -999.99      0.0000      0.00         3.2216E-15   -149.54  1.5045E-15   -157.68
    0.00    120.00     -3.18     1.59     2.84      0.0000     60.00 LINEAR  6.8094E-05     14.91  1.1794E-04     14.91
    5.00    120.00     -3.28     1.63     2.85      0.0024     60.40 RIGHT   6.7309E-05     15.11  1.1848E-04     14.80
   10.00    120.00     -3.58     1.74     2.86      0.0094     61.55 RIGHT   6.5022E-05     15.75  1.2000E-04     14.47
   15.00    120.00     -4.07     1.91     2.89      0.0207     63.35 RIGHT   6.1442E-05     16.95  1.2231E-04     14.00
   20.00    120.00     -4.73     2.10     2.92      0.0357     65.58 RIGHT   5.6948E-05     18.88  1.2503E-04     13.47
   25.00    120.00     -5.50     2.28     2.95      0.0539     67.97 RIGHT   5.2111E-05     21.83  1.2771E-04     12.99
   30.00    120.00     -6.27     2.42     2.97      0.0752     70.20 RIGHT   4.7703E-05     26.00  1.2977E-04     12.65
   35.00    120.00     -6.85     2.48     2.96      0.0994     71.88 RIGHT   4.4632E-05     31.30  1.3061E-04     12.54
   40.00    120.00     -7.02     2.42     2.88      0.1264     72.61 RIGHT   4.3749E-05     36.97  1.2967E-04     12.73
   45.00    120.00     -6.67     2.20     2.73      0.1554     71.97 RIGHT   4.5560E-05     41.68  1.2648E-04     13.26
   50.00    120.00     -5.85     1.80     2.49      0.1837     69.55 RIGHT   5.0064E-05     44.32  1.2075E-04     14.17
   55.00    120.00     -4.75     1.17     2.16      0.2054     65.10 RIGHT   5.6800E-05     44.77  1.1239E-04     15.45
   60.00    120.00     -3.60     0.29     1.78      0.2123     58.70 RIGHT   6.4848E-05     43.67  1.0154E-04     17.06
   65.00    120.00     -2.61    -0.91     1.34      0.1979     51.04 RIGHT   7.2703E-05     41.78  8.8455E-05     18.93
   70.00    120.00     -1.98    -2.52     0.77      0.1648     43.14 RIGHT   7.8147E-05     39.66  7.3485E-05     20.90
   75.00    120.00     -1.97    -4.73    -0.13      0.1232     35.77 RIGHT   7.8225E-05     37.59  5.6950E-05     22.82
   80.00    120.00     -3.04    -8.00    -1.84      0.0838     29.22 RIGHT   6.9195E-05     35.66  3.9097E-05     24.45
   85.00    120.00     -6.58   -13.78    -5.82      0.0518     23.43 RIGHT   4.6015E-05     33.73  2.0082E-05     25.63
   90.00    120.00   -999.99  -999.99  -999.99      0.0000      0.00         3.6610E-15   -148.59  1.2041E-15   -153.81
    0.00    125.00     -1.99     1.11     2.84      0.0000     55.00 LINEAR  7.8114E-05     14.91  1.1156E-04     14.91
    5.00    125.00     -2.10     1.14     2.83      0.0026     55.43 RIGHT   7.7130E-05     15.11  1.1194E-04     14.79
   10.00    125.00     -2.42     1.22     2.78      0.0103     56.70 RIGHT   7.4261E-05     15.75  1.1302E-04     14.46
   15.00    125.00     -2.97     1.34     2.71      0.0230     58.68 RIGHT   6.9763E-05     16.96  1.1458E-04     13.99
   20.00    125.00     -3.70     1.47     2.62      0.0404     61.19 RIGHT   6.4099E-05     18.94  1.1628E-04     13.47
   25.00    125.00     -4.58     1.57     2.52      0.0624     63.95 RIGHT   5.7962E-05     22.02  1.1767E-04     13.01
   30.00    125.00     -5.47     1.61     2.39      0.0888     66.55 RIGHT   5.2294E-05     26.49  1.1822E-04     12.71
   35.00    125.00     -6.18     1.55     2.23      0.1197     68.53 RIGHT   4.8206E-05     32.31  1.1741E-04     12.69
   40.00    125.00     -6.45     1.36     2.02      0.1547     69.33 RIGHT   4.6735E-05     38.66  1.1480E-04     13.02
   45.00    125.00     -6.13     0.99     1.76      0.1921     68.31 RIGHT   4.8465E-05     43.93  1.1006E-04     13.78
   50.00    125.00     -5.30     0.42     1.45      0.2259     64.89 RIGHT   5.3343E-05     46.80  1.0309E-04     15.03
   55.00    125.00     -4.16    -0.38     1.14      0.2444     58.77 RIGHT   6.0798E-05     47.16  9.4025E-05     16.78
   60.00    125.00     -2.96    -1.44     0.88      0.2339     50.58 RIGHT   6.9799E-05     45.78  8.3176E-05     19.02
   65.00    125.00     -1.92    -2.82     0.66      0.1925     41.83 RIGHT   7.8683E-05     43.57  7.0983E-05     21.65
   70.00    125.00     -1.25    -4.59     0.40      0.1359     33.83 RIGHT   8.4982E-05     41.18  5.7874E-05     24.51
   75.00    125.00     -1.21    -6.94    -0.18      0.0825     27.07 RIGHT   8.5391E-05     38.91  4.4158E-05     27.32
   80.00    125.00     -2.25   -10.31    -1.62      0.0423     21.48 RIGHT   7.5738E-05     36.83  2.9970E-05     29.74
   85.00    125.00     -5.78   -16.15    -5.40      0.0163     16.84 RIGHT   5.0447E-05     34.83  1.5288E-05     31.46
   90.00    125.00   -999.99  -999.99  -999.99      0.0000      0.00         4.0156E-15   -147.52  9.1463E-16   -147.78
    0.00    130.00     -1.00     0.53     2.84      0.0000     50.00 LINEAR  8.7540E-05     14.91  1.0433E-04     14.91
    5.00    130.00     -1.12     0.55     2.81      0.0027     50.45 RIGHT   8.6337E-05     15.11  1.0456E-04     14.79
   10.00    130.00     -1.48     0.60     2.70      0.0109     51.79 RIGHT   8.2829E-05     15.75  1.0521E-04     14.46
   15.00    130.00     -2.07     0.67     2.52      0.0248     53.92 RIGHT   7.7325E-05     16.97  1.0606E-04     13.98
   20.00    130.00     -2.89     0.73     2.30      0.0444     56.66 RIGHT   7.0376E-05     19.01  1.0678E-04     13.47
   25.00    130.00     -3.88     0.74     2.03      0.0702     59.73 RIGHT   6.2811E-05     22.24  1.0695E-04     13.03
   30.00    130.00     -4.91     0.68     1.73      0.1025     62.70 RIGHT   5.5753E-05     27.05  1.0611E-04     12.78
   35.00    130.00     -5.77     0.49     1.41      0.1415     64.97 RIGHT   5.0537E-05     33.50  1.0381E-04     12.86
   40.00    130.00     -6.14     0.14     1.05      0.1866     65.77 RIGHT   4.8404E-05     40.69  9.9719E-05     13.37
   45.00    130.00     -5.86    -0.41     0.68      0.2337     64.18 RIGHT   5.0002E-05     46.65  9.3664E-05     14.42
   50.00    130.00     -5.00    -1.18     0.33      0.2708     59.33 RIGHT   5.5178E-05     49.77  8.5720E-05     16.11
   55.00    130.00     -3.82    -2.20     0.07      0.2758     51.20 RIGHT   6.3233E-05     49.97  7.6200E-05     18.53
   60.00    130.00     -2.57    -3.50     0.00      0.2339     41.57 RIGHT   7.3044E-05     48.22  6.5610E-05     21.72
   65.00    130.00     -1.48    -5.11     0.09      0.1612     32.69 RIGHT   8.2834E-05     45.61  5.4518E-05     25.61
   70.00    130.00     -0.76    -7.09     0.15      0.0882     25.40 RIGHT   8.9931E-05     42.89  4.3400E-05     29.96
   75.00    130.00     -0.68    -9.60    -0.16      0.0333     19.63 RIGHT   9.0735E-05     40.37  3.2498E-05     34.36
   80.00    130.00     -1.70   -13.08    -1.40      0.0003     15.10 LEFT    8.0712E-05     38.13  2.1781E-05     38.21
   85.00    130.00     -5.22   -18.98    -5.04      0.0167     11.54 LEFT    5.3853E-05     36.04  1.1037E-05     40.91
   90.00    130.00   -999.99  -999.99  -999.99      0.0000      0.00         4.2892E-15   -146.34  6.5899E-16   -137.98
    0.00    135.00     -0.17    -0.17     2.84      0.0000     45.00 LINEAR  9.6299E-05     14.91  9.6299E-05     14.91
    5.00    135.00     -0.30    -0.16     2.78      0.0028     45.46 RIGHT   9.4863E-05     15.11  9.6406E-05     14.79
   10.00    135.00     -0.69    -0.14     2.61      0.0113     46.83 RIGHT   9.0673E-05     15.75  9.6659E-05     14.46
   15.00    135.00     -1.34    -0.12     2.32      0.0259     49.04 RIGHT   8.4095E-05     16.98  9.6863E-05     13.98
   20.00    135.00     -2.25    -0.13     1.95      0.0476     51.95 RIGHT   7.5777E-05     19.08  9.6711E-05     13.47
   25.00    135.00     -3.36    -0.21     1.50      0.0772     55.29 RIGHT   6.6690E-05     22.47  9.5821E-05     13.05
   30.00    135.00     -4.55    -0.40     1.02      0.1160     58.59 RIGHT   5.8154E-05     27.67  9.3785E-05     12.86
   35.00    135.00     -5.56    -0.73     0.50      0.1648     61.11 RIGHT   5.1747E-05     34.87  9.0244E-05     13.05
   40.00    135.00     -6.05    -1.26    -0.01      0.2221     61.82 RIGHT   4.8931E-05     43.07  8.4965E-05     13.76
   45.00    135.00     -5.79    -2.01    -0.49      0.2797     59.33 RIGHT   5.0397E-05     49.85  7.7920E-05     15.18
   50.00    135.00     -4.90    -3.02    -0.85      0.3134     52.53 RIGHT   5.5831E-05     53.23  6.9338E-05     17.48
   55.00    135.00     -3.67    -4.32    -0.97      0.2886     42.45 RIGHT   6.4376E-05     53.18  5.9698E-05     20.88
   60.00    135.00     -2.36    -5.92    -0.77      0.2061     32.49 RIGHT   7.4847E-05     50.96  4.9664E-05     25.56
   65.00    135.00     -1.21    -7.82    -0.35      0.1092     24.47 RIGHT   8.5403E-05     47.88  3.9916E-05     31.54
   70.00    135.00     -0.45   -10.03     0.00      0.0323     18.28 RIGHT   9.3219E-05     44.75  3.0930E-05     38.55
   75.00    135.00     -0.34   -12.68    -0.09      0.0155     13.54 LEFT    9.4454E-05     41.95  2.2794E-05     45.84
   80.00    135.00     -1.33   -16.20    -1.19      0.0386     10.00 LEFT    8.4275E-05     39.53  1.5208E-05     52.26
   85.00    135.00     -4.83   -22.09    -4.74      0.0447      7.38 LEFT    5.6330E-05     37.32  7.7197E-06     56.70
   90.00    135.00   -999.99  -999.99  -999.99      0.0000      0.00         4.4892E-15   -145.09  4.6159E-16   -121.57
    0.00    140.00      0.53    -1.00     2.84      0.0000     40.00 LINEAR  1.0433E-04     14.91  8.7540E-05     14.91
    5.00    140.00      0.39    -1.00     2.76      0.0027     40.46 RIGHT   1.0265E-04     15.11  8.7533E-05     14.79
   10.00    140.00     -0.04    -1.00     2.52      0.0112     41.82 RIGHT   9.7750E-05     15.75  8.7451E-05     14.45
   15.00    140.00     -0.75    -1.04     2.12      0.0263     44.05 RIGHT   9.0060E-05     16.99  8.7113E-05     13.97
   20.00    140.00     -1.74    -1.13     1.59      0.0495     47.04 RIGHT   8.0328E-05     19.14  8.6241E-05     13.47
   25.00    140.00     -2.98    -1.30     0.95      0.0828     50.57 RIGHT   6.9675E-05     22.71  8.4496E-05     13.07
   30.00    140.00     -4.33    -1.61     0.25      0.1287     54.13 RIGHT   5.9623E-05     28.35  8.1531E-05     12.94
   35.00    140.00     -5.52    -2.10    -0.47      0.1889     56.84 RIGHT   5.2015E-05     36.42  7.7066E-05     13.25
   40.00    140.00     -6.12    -2.82    -1.15      0.2607     57.27 RIGHT   4.8553E-05     45.81  7.0968E-05     14.21
   45.00    140.00     -5.87    -3.81    -1.71      0.3273     53.40 RIGHT   4.9940E-05     53.53  6.3325E-05     16.08
   50.00    140.00     -4.94    -5.11    -2.01      0.3436     44.26 RIGHT   5.5620E-05     57.15  5.4496E-05     19.21
   55.00    140.00     -3.64    -6.76    -1.91      0.2726     33.24 RIGHT   6.4554E-05     56.76  4.5106E-05     24.05
   60.00    140.00     -2.28    -8.72    -1.39      0.1543     24.31 RIGHT   7.5531E-05     53.97  3.5968E-05     31.13
   65.00    140.00     -1.08   -10.94    -0.65      0.0484     17.63 RIGHT   8.6699E-05     50.31  2.7873E-05     40.77
   70.00    140.00     -0.27   -13.29    -0.06      0.0215     12.54 LEFT    9.5136E-05     46.73  2.1255E-05     52.53
   75.00    140.00     -0.12   -15.82    -0.01      0.0574      8.74 LEFT    9.6806E-05     43.61  1.5880E-05     64.61
   80.00    140.00     -1.09   -19.05    -1.02      0.0693      6.04 LEFT    8.6634E-05     40.98  1.0957E-05     74.64
   85.00    140.00     -4.57   -24.67    -4.53      0.0664      4.20 LEFT    5.8011E-05     38.66  5.7377E-06     81.07
   90.00    140.00   -999.99  -999.99  -999.99      0.0000      0.00         4.6258E-15   -143.79  3.4728E-16    -96.61
    0.00    145.00      1.11    -1.99     2.84      0.0000     35.00 LINEAR  1.1156E-04     14.91  7.8114E-05     14.91
    5.00    145.00      0.96    -2.00     2.74      0.0026     35.44 RIGHT   1.0964E-04     15.11  7.8018E-05     14.79
   10.00    145.00      0.50    -2.03     2.43      0.0109     36.75 RIGHT   1.0403E-04     15.75  7.7675E-05     14.45
   15.00    145.00     -0.26    -2.12     1.92      0.0259     38.92 RIGHT   9.5227E-05     17.00  7.6924E-05     13.97
   20.00    145.00     -1.35    -2.28     1.22      0.0499     41.91 RIGHT   8.4082E-05     19.21  7.5519E-05     13.46
   25.00    145.00     -2.71    -2.55     0.38      0.0864     45.52 RIGHT   7.1869E-05     22.96  7.3166E-05     13.09
   30.00    145.00     -4.23    -2.99    -0.56      0.1395     49.24 RIGHT   6.0319E-05     29.07  6.9582E-05     13.02
   35.00    145.00     -5.59    -3.64    -1.50      0.2125     52.01 RIGHT   5.1555E-05     38.11  6.4559E-05     13.47
   40.00    145.00     -6.30    -4.56    -2.34      0.3000     51.83 RIGHT   4.7542E-05     48.87  5.8047E-05     14.71
   45.00    145.00     -6.05    -5.82    -2.92      0.3686     45.97 RIGHT   4.8945E-05     57.63  5.0226E-05     17.14
   50.00    145.00     -5.05    -7.47    -3.08      0.3470     34.90 RIGHT   5.4882E-05     61.44  4.1559E-05     21.38
   55.00    145.00     -3.70    -9.52    -2.69      0.2275     24.77 RIGHT   6.4106E-05     60.61  3.2802E-05     28.38
   60.00    145.00     -2.29   -11.90    -1.84      0.0914     17.64 RIGHT   7.5431E-05     57.14  2.4942E-05     39.43
   65.00    145.00     -1.04   -14.29    -0.84      0.0091     12.26 LEFT    8.7054E-05     52.85  1.8937E-05     55.37
   70.00    145.00     -0.19   -16.28    -0.09      0.0659      8.11 LEFT    9.5997E-05     48.77  1.5068E-05     74.14
   75.00    145.00     -0.01   -18.00     0.06      0.0891      5.10 LEFT    9.8077E-05     45.29  1.2360E-05     90.72
   80.00    145.00     -0.95   -20.45    -0.90      0.0910      3.09 LEFT    8.8026E-05     42.44  9.3188E-06    102.04
   85.00    145.00     -4.42   -25.60    -4.38      0.0809      1.86 LEFT    5.9044E-05     40.00  5.1493E-06   -251.71
   90.00    145.00   -999.99  -999.99  -999.99      0.0000      0.00         4.7108E-15   -142.49  3.1706E-16    -69.59
    0.00    150.00      1.59    -3.18     2.84      0.0000     30.00 LINEAR  1.1794E-04     14.91  6.8094E-05     14.91
    5.00    150.00      1.43    -3.20     2.72      0.0024     30.40 RIGHT   1.1578E-04     15.11  6.7937E-05     14.79
   10.00    150.00      0.95    -3.26     2.34      0.0101     31.62 RIGHT   1.0949E-04     15.75  6.7418E-05     14.44
   15.00    150.00      0.13    -3.40     1.72      0.0246     33.67 RIGHT   9.9611E-05     17.01  6.6397E-05     13.96
   20.00    150.00     -1.04    -3.63     0.87      0.0486     36.55 RIGHT   8.7107E-05     19.28  6.4665E-05     13.46
   25.00    150.00     -2.53    -4.00    -0.19      0.0871     40.10 RIGHT   7.3397E-05     23.21  6.1976E-05     13.11
   30.00    150.00     -4.22    -4.56    -1.37      0.1468     43.83 RIGHT   6.0423E-05     29.81  5.8102E-05     13.10
   35.00    150.00     -5.76    -5.37    -2.55      0.2327     46.42 RIGHT   5.0600E-05     39.91  5.2903E-05     13.69
   40.00    150.00     -6.55    -6.51    -3.52      0.3340     45.17 RIGHT   4.6171E-05     52.19  4.6392E-05     15.24
   45.00    150.00     -6.27    -8.06    -4.06      0.3892     36.98 RIGHT   4.7714E-05     62.02  3.8814E-05     18.36
   50.00    150.00     -5.20   -10.10    -3.98      0.3156     25.72 RIGHT   5.3924E-05     65.95  3.0705E-05     24.07
   55.00    150.00     -3.81   -12.62    -3.27      0.1659     17.88 RIGHT   6.3344E-05     64.59  2.2951E-05     34.31
   60.00    150.00     -2.35   -15.34    -2.14      0.0317     12.52 RIGHT   7.4864E-05     60.38  1.6796E-05     51.86
   65.00    150.00     -1.07   -17.29    -0.97      0.0549      8.22 LEFT    8.6784E-05     55.40  1.3414E-05     76.67
   70.00    150.00     -0.18   -17.99    -0.11      0.0969      4.85 LEFT    9.6113E-05     50.79  1.2377E-05    100.09
   75.00    150.00      0.03   -18.60     0.09      0.1087      2.49 LEFT    9.8555E-05     46.95  1.1535E-05   -244.56
   80.00    150.00     -0.88   -20.49    -0.84      0.1031      1.03 LEFT    8.8691E-05     43.86  9.2801E-06   -235.97
   85.00    150.00     -4.34   -25.42    -4.30      0.0882      0.26 LEFT    5.9585E-05     41.30  5.2628E-06   -231.62
   90.00    150.00   -999.99  -999.99  -999.99      0.0000      0.00         4.7565E-15   -141.23  3.2622E-16    -50.14
    0.00    155.00      1.99    -4.64     2.84      0.0000     25.00 LINEAR  1.2343E-04     14.91  5.7555E-05     14.91
    5.00    155.00      1.82    -4.67     2.70      0.0022     25.36 RIGHT   1.2105E-04     15.11  5.7367E-05     14.79
   10.00    155.00      1.31    -4.76     2.27      0.0091     26.44 RIGHT   1.1412E-04     15.75  5.6761E-05     14.44
   15.00    155.00      0.44    -4.94     1.54      0.0224     28.29 RIGHT   1.0324E-04     17.02  5.5620E-05     13.95
   20.00    155.00     -0.81    -5.23     0.53      0.0453     30.94 RIGHT   8.9480E-05     19.34  5.3772E-05     13.46
   25.00    155.00     -2.41    -5.69    -0.74      0.0842     34.28 RIGHT   7.4392E-05     23.45  5.1019E-05     13.13
   30.00    155.00     -4.26    -6.36    -2.17      0.1481     37.81 RIGHT   6.0121E-05     30.54  4.7187E-05     13.17
   35.00    155.00     -5.97    -7.34    -3.59      0.2444     39.93 RIGHT   4.9376E-05     41.75  4.2186E-05     13.91
   40.00    155.00     -6.84    -8.70    -4.66      0.3517     37.15 RIGHT   4.4689E-05     55.62  3.6074E-05     15.80
   45.00    155.00     -6.49   -10.55    -5.05      0.3738     27.35 RIGHT   4.6494E-05     66.50  2.9130E-05     19.70
   50.00    155.00     -5.36   -13.02    -4.67      0.2575     18.06 RIGHT   5.2984E-05     70.45  2.1934E-05     27.35
   55.00    155.00     -3.92   -16.03    -3.66      0.1042     12.69 RIGHT   6.2512E-05     68.51  1.5507E-05     42.34
   60.00    155.00     -2.44   -18.66    -2.34      0.0150      8.75 LEFT    7.4091E-05     63.53  1.1460E-05     69.22
   65.00    155.00     -1.13   -19.16    -1.07      0.0843      5.31 LEFT    8.6166E-05     57.85  1.0814E-05    100.50
   70.00    155.00     -0.22   -18.52    -0.15      0.1128      2.59 LEFT    9.5765E-05     52.71  1.1639E-05   -238.86
   75.00    155.00      0.03   -18.64     0.09      0.1158      0.77 LEFT    9.8506E-05     48.51  1.1484E-05   -228.01
   80.00    155.00     -0.87   -20.41    -0.82      0.1053     -0.26 LEFT    8.8855E-05     45.20  9.3650E-06   -222.35
   85.00    155.00     -4.31   -25.32    -4.27      0.0881     -0.71 LEFT    5.9779E-05     42.51  5.3199E-06   -219.50
   90.00    155.00   -999.99  -999.99  -999.99      0.0000      0.00         4.7743E-15   -140.06  3.2971E-16    -38.48
    0.00    160.00      2.30    -6.48     2.84      0.0000     20.00 LINEAR  1.2797E-04     14.91  4.6579E-05     14.91
    5.00    160.00      2.13    -6.51     2.68      0.0018     20.30 RIGHT   1.2540E-04     15.11  4.6387E-05     14.79
   10.00    160.00      1.59    -6.63     2.20      0.0077     21.22 RIGHT   1.1791E-04     15.74  4.5780E-05     14.44
   15.00    160.00      0.68    -6.84     1.39      0.0192     22.80 RIGHT   1.0615E-04     17.03  4.4663E-05     13.95
   20.00    160.00     -0.63    -7.19     0.23      0.0399     25.10 RIGHT   9.1282E-05     19.40  4.2902E-05     13.46
   25.00    160.00     -2.34    -7.72    -1.24      0.0766     28.06 RIGHT   7.4989E-05     23.66  4.0344E-05     13.14
   30.00    160.00     -4.34    -8.51    -2.93      0.1408     31.16 RIGHT   5.9594E-05     31.21  3.6861E-05     13.24
   35.00    160.00     -6.20    -9.63    -4.57      0.2407     32.53 RIGHT   4.8092E-05     43.52  3.2402E-05     14.11
   40.00    160.00     -7.11   -11.20    -5.68      0.3393     28.22 RIGHT   4.3298E-05     58.96  2.7049E-05     16.34
   45.00    160.00     -6.69   -13.36    -5.84      0.3209     18.71 RIGHT   4.5452E-05     70.78  2.1081E-05     21.12
   50.00    160.00     -5.48   -16.27    -5.14      0.1903     12.28 RIGHT   5.2212E-05     74.67  1.5085E-05     31.15
   55.00    160.00     -4.02   -19.66    -3.91      0.0538      8.88 RIGHT   6.1772E-05     72.14  1.0211E-05     52.65
   60.00    160.00     -2.54   -21.39    -2.48      0.0435      6.02 LEFT    7.3305E-05     66.43  8.3625E-06     89.12
   65.00    160.00     -1.21   -20.24    -1.15      0.0957      3.31 LEFT    8.5422E-05     60.09  9.5495E-06   -240.73
   70.00    160.00     -0.27   -19.04    -0.21      0.1133      1.16 LEFT    9.5188E-05     54.45  1.0958E-05   -225.59
   75.00    160.00     -0.00   -19.11     0.05      0.1107     -0.21 LEFT    9.8161E-05     49.91  1.0873E-05   -218.18
   80.00    160.00     -0.88   -20.93    -0.84      0.0981     -0.93 LEFT    8.8716E-05     46.39  8.8206E-06   -214.32
   85.00    160.00     -4.31   -25.88    -4.28      0.0809     -1.17 LEFT    5.9757E-05     43.59  4.9875E-06   -212.33
   90.00    160.00   -999.99  -999.99  -999.99      0.0000      0.00         4.7744E-15   -139.02  3.0858E-16    -31.57
    0.00    165.00      2.54    -8.90     2.84      0.0000     15.00 LINEAR  1.3155E-04     14.91  3.5248E-05     14.91
    5.00    165.00      2.36    -8.94     2.67      0.0014     15.23 RIGHT   1.2881E-04     15.10  3.5079E-05     14.79
   10.00    165.00      1.81    -9.07     2.15      0.0060     15.95 RIGHT   1.2085E-04     15.74  3.4547E-05     14.43
   15.00    165.00      0.86    -9.32     1.26      0.0153     17.20 RIGHT   1.0837E-04     17.04  3.3585E-05     13.95
   20.00    165.00     -0.51    -9.71    -0.02      0.0323     19.04 RIGHT   9.2592E-05     19.44  3.2090E-05     13.45
   25.00    165.00     -2.30   -10.31    -1.67      0.0639     21.44 RIGHT   7.5309E-05     23.84  2.9954E-05     13.15
   30.00    165.00     -4.42   -11.18    -3.59      0.1221     23.91 RIGHT   5.9003E-05     31.80  2.7088E-05     13.30
   35.00    165.00     -6.41   -12.43    -5.44      0.2144     24.44 RIGHT   4.6920E-05     45.10  2.3468E-05     14.29
   40.00    165.00     -7.35   -14.18    -6.53      0.2896     19.50 RIGHT   4.2137E-05     61.96  1.9176E-05     16.84
   45.00    165.00     -6.84   -16.64    -6.41      0.2449     11.99 RIGHT   4.4669E-05     74.54  1.4463E-05     22.50
   50.00    165.00     -5.58   -19.96    -5.42      0.1279      8.07 RIGHT   5.1665E-05     78.31  9.8661E-06     35.23
   55.00    165.00     -4.10   -23.47    -4.05      0.0201      6.04 RIGHT   6.1204E-05     75.25  6.5875E-06     64.36
   60.00    165.00     -2.62   -23.73    -2.58      0.0531      4.02 LEFT    7.2629E-05     68.90  6.3935E-06   -253.80
   65.00    165.00     -1.28   -21.62    -1.24      0.0897      1.98 LEFT    8.4713E-05     61.98  8.1450E-06   -228.89
   70.00    165.00     -0.33   -20.34    -0.28      0.0996      0.37 LEFT    9.4568E-05     55.91  9.4353E-06   -217.79
   75.00    165.00     -0.04   -20.48    -0.00      0.0944     -0.63 LEFT    9.7707E-05     51.08  9.2850E-06   -212.38
   80.00    165.00     -0.91   -22.37    -0.88      0.0823     -1.11 LEFT    8.8441E-05     47.38  7.4742E-06   -209.52
   85.00    165.00     -4.33   -27.36    -4.31      0.0672     -1.22 LEFT    5.9628E-05     44.48  4.2064E-06   -208.01
   90.00    165.00   -999.99  -999.99  -999.99      0.0000      0.00         4.7655E-15   -138.15  2.5986E-16    -27.39
    0.00    170.00      2.71   -12.36     2.84      0.0000     10.00 LINEAR  1.3412E-04     14.91  2.3649E-05     14.91
    5.00    170.00      2.52   -12.41     2.66      0.0010     10.16 RIGHT   1.3127E-04     15.10  2.3523E-05     14.78
   10.00    170.00      1.96   -12.56     2.11      0.0042     10.65 RIGHT   1.2296E-04     15.74  2.3132E-05     14.43
   15.00    170.00      0.98   -12.82     1.16      0.0106     11.52 RIGHT   1.0993E-04     17.04  2.2427E-05     13.94
   20.00    170.00     -0.43   -13.25    -0.21      0.0228     12.80 RIGHT   9.3475E-05     19.47  2.1345E-05     13.45
   25.00    170.00     -2.29   -13.90    -2.00      0.0462     14.49 RIGHT   7.5458E-05     23.97  1.9814E-05     13.16
   30.00    170.00     -4.50   -14.84    -4.12      0.0910     16.18 RIGHT   5.8481E-05     32.26  1.7779E-05     13.34
   35.00    170.00     -6.59   -16.19    -6.13      0.1620     16.13 RIGHT   4.5993E-05     46.36  1.5231E-05     14.43
   40.00    170.00     -7.52   -18.09    -7.16      0.2083     11.93 RIGHT   4.1283E-05     64.36  1.2236E-05     17.24
   45.00    170.00     -6.94   -20.77    -6.76      0.1618      7.04 RIGHT   4.4153E-05     77.48  8.9827E-06     23.68
   50.00    170.00     -5.63   -24.43    -5.58      0.0764      4.90 RIGHT   5.1331E-05     81.11  5.8953E-06     39.06
   55.00    170.00     -4.16   -27.76    -4.14      0.0028      3.78 RIGHT   6.0825E-05     77.63  4.0178E-06     75.23
   60.00    170.00     -2.68   -26.69    -2.66      0.0458      2.48 LEFT    7.2127E-05     70.79  4.5434E-06   -242.43
   65.00    170.00     -1.34   -24.25    -1.32      0.0689      1.10 LEFT    8.4146E-05     63.43  6.0215E-06   -222.08
   70.00    170.00     -0.37   -23.02    -0.35      0.0738      0.03 LEFT    9.4038E-05     57.02  6.9356E-06   -213.32
   75.00    170.00     -0.08   -23.23    -0.06      0.0687     -0.63 LEFT    9.7286E-05     51.96  6.7670E-06   -209.00
   80.00    170.00     -0.94   -25.17    -0.92      0.0593     -0.93 LEFT    8.8155E-05     48.12  5.4144E-06   -206.68
   85.00    170.00     -4.35   -30.19    -4.34      0.0481     -0.97 LEFT    5.9475E-05     45.15  3.0367E-06   -205.43
   90.00    170.00   -999.99  -999.99  -999.99      0.0000      0.00         4.7544E-15   -137.50  1.8739E-16    -24.89
    0.00    175.00      2.81   -18.35     2.84      0.0000      5.00 LINEAR  1.3567E-04     14.91  1.1870E-05     14.91
    5.00    175.00      2.62   -18.40     2.65      0.0005      5.08 RIGHT   1.3274E-04     15.10  1.1803E-05     14.78
   10.00    175.00      2.04   -18.55     2.08      0.0021      5.33 RIGHT   1.2422E-04     15.74  1.1595E-05     14.43
   15.00    175.00      1.06   -18.84     1.10      0.0054      5.77 RIGHT   1.1086E-04     17.05  1.1224E-05     13.94
   20.00    175.00     -0.38   -19.29    -0.32      0.0118      6.43 RIGHT   9.3983E-05     19.49  1.0657E-05     13.45
   25.00    175.00     -2.28   -19.96    -2.21      0.0243      7.31 RIGHT   7.5514E-05     24.06  9.8581E-06     13.17
   30.00    175.00     -4.55   -20.95    -4.45      0.0487      8.16 RIGHT   5.8127E-05     32.55  8.8027E-06     13.37
   35.00    175.00     -6.70   -22.35    -6.58      0.0873      7.97 RIGHT   4.5402E-05     47.18  7.4877E-06     14.52
   40.00    175.00     -7.63   -24.35    -7.54      0.1081      5.60 RIGHT   4.0768E-05     65.90  5.9498E-06     17.51
   45.00    175.00     -7.00   -27.19    -6.96      0.0797      3.24 RIGHT   4.3870E-05     79.34  4.2906E-06     24.50
   50.00    175.00     -5.66   -31.06    -5.65      0.0352      2.32 RIGHT   5.1161E-05     82.87  2.7469E-06     41.85
   55.00    175.00     -4.19   -34.11    -4.18      0.0020      1.82 LEFT    6.0616E-05     79.13  1.9352E-06     82.72
   60.00    175.00     -2.71   -32.25    -2.71      0.0262      1.18 LEFT    7.1823E-05     71.97  2.3959E-06   -236.31
   65.00    175.00     -1.38   -29.72    -1.37      0.0373      0.49 LEFT    8.3785E-05     64.33  3.2076E-06   -218.59
   70.00    175.00     -0.41   -28.54    -0.40      0.0392     -0.05 LEFT    9.3687E-05     57.71  3.6720E-06   -211.00
   75.00    175.00     -0.10   -28.80    -0.10      0.0361     -0.38 LEFT    9.6996E-05     52.51  3.5629E-06   -207.22
   80.00    175.00     -0.96   -30.77    -0.95      0.0310     -0.52 LEFT    8.7948E-05     48.58  2.8403E-06   -205.17
   85.00    175.00     -4.37   -35.81    -4.37      0.0251     -0.53 LEFT    5.9360E-05     45.57  1.5898E-06   -204.05
   90.00    175.00   -999.99  -999.99  -999.99      0.0000      0.00         4.7458E-15   -137.10  9.8041E-17    -23.55
    0.00    180.00      2.84  -999.99     2.84      0.0000     -0.00 LINEAR  1.3619E-04     14.91  1.3900E-15   -165.09
    5.00    180.00      2.65  -999.99     2.65      0.0000     -0.00 LINEAR  1.3324E-04     15.10  1.3821E-15   -165.22
   10.00    180.00      2.07  -999.99     2.07      0.0000     -0.00 LINEAR  1.2464E-04     15.74  1.3574E-15   -165.57
   15.00    180.00      1.08  -999.99     1.08      0.0000     -0.00 LINEAR  1.1117E-04     17.05  1.3132E-15   -166.06
   20.00    180.00     -0.36  -999.99    -0.36      0.0000     -0.00 LINEAR  9.4148E-05     19.50  1.2458E-15   -166.55
   25.00    180.00     -2.28  -999.99    -2.28      0.0000     -0.00 LINEAR  7.5527E-05     24.09  1.1511E-15   -166.83
   30.00    180.00     -4.57  -999.99    -4.57      0.0000     -0.00 LINEAR  5.8002E-05     32.65  1.0261E-15   -166.62
   35.00    180.00     -6.74  -999.99    -6.74      0.0000     -0.00 LINEAR  4.5200E-05     47.46  8.7073E-16   -165.45
   40.00    180.00     -7.67  -999.99    -7.67      0.0000     -0.00 LINEAR  4.0596E-05     66.44  6.8927E-16   -162.40
   45.00    180.00     -7.01  -999.99    -7.01      0.0000     -0.00 LINEAR  4.3782E-05     79.98  4.9395E-16   -155.21
   50.00    180.00     -5.67  -999.99    -5.67      0.0000     -0.00 LINEAR  5.1111E-05     83.47  3.1358E-16   -137.12
   55.00    180.00     -4.20  -999.99    -4.20      0.0000     -0.00 LINEAR  6.0549E-05     79.63  2.2435E-16    -94.65
   60.00    180.00     -2.73  -999.99    -2.73      0.0000     -0.00 LINEAR  7.1722E-05     72.38  2.8577E-16    -54.40
   65.00    180.00     -1.39  -999.99    -1.39      0.0000     -0.00 LINEAR  8.3662E-05     64.64  3.8316E-16    -37.51
   70.00    180.00     -0.42  -999.99    -0.42      0.0000      0.00 LINEAR  9.3565E-05     57.95  4.3762E-16    -30.27
   75.00    180.00     -0.11  -999.99    -0.11      0.0000      0.00 LINEAR  9.6893E-05     52.70  4.2383E-16    -26.66
   80.00    180.00     -0.96  -999.99    -0.96      0.0000      0.00 LINEAR  8.7873E-05     48.74  3.3747E-16    -24.70
   85.00    180.00     -4.38  -999.99    -4.38      0.0000      0.00 LINEAR  5.9317E-05     45.71  1.8876E-16    -23.62
   90.00    180.00   -999.99  -999.99  -999.99      0.0000      0.00         4.7427E-15   -136.97  1.1639E-26   -203.13
    0.00    185.00      2.81   -18.35     2.84      0.0000     -5.00 LINEAR  1.3567E-04     14.91  1.1870E-05   -165.09
    5.00    185.00      2.62   -18.40     2.65      0.0005     -5.08 LEFT    1.3274E-04     15.10  1.1803E-05   -165.22
   10.00    185.00      2.04   -18.55     2.08      0.0021     -5.33 LEFT    1.2422E-04     15.74  1.1595E-05   -165.57
   15.00    185.00      1.06   -18.84     1.10      0.0054     -5.77 LEFT    1.1086E-04     17.05  1.1224E-05   -166.06
   20.00    185.00     -0.38   -19.29    -0.32      0.0118     -6.43 LEFT    9.3983E-05     19.49  1.0657E-05   -166.55
   25.00    185.00     -2.28   -19.96    -2.21      0.0243     -7.31 LEFT    7.5514E-05     24.06  9.8581E-06   -166.83
   30.00    185.00     -4.55   -20.95    -4.45      0.0487     -8.16 LEFT    5.8127E-05     32.55  8.8027E-06   -166.63
   35.00    185.00     -6.70   -22.35    -6.58      0.0873     -7.97 LEFT    4.5402E-05     47.18  7.4877E-06   -165.48
   40.00    185.00     -7.63   -24.35    -7.54      0.1081     -5.60 LEFT    4.0768E-05     65.90  5.9498E-06   -162.49
   45.00    185.00     -7.00   -27.19    -6.96      0.0797     -3.24 LEFT    4.3870E-05     79.34  4.2906E-06   -155.50
   50.00    185.00     -5.66   -31.06    -5.65      0.0352     -2.32 LEFT    5.1161E-05     82.87  2.7469E-06   -138.15
   55.00    185.00     -4.19   -34.11    -4.18      0.0020     -1.82 RIGHT   6.0616E-05     79.13  1.9352E-06    -97.28
   60.00    185.00     -2.71   -32.25    -2.71      0.0262     -1.18 RIGHT   7.1823E-05     71.97  2.3959E-06    -56.31
   65.00    185.00     -1.38   -29.72    -1.37      0.0373     -0.49 RIGHT   8.3785E-05     64.33  3.2076E-06    -38.59
   70.00    185.00     -0.41   -28.54    -0.40      0.0392      0.05 RIGHT   9.3687E-05     57.71  3.6720E-06    -31.00
   75.00    185.00     -0.10   -28.80    -0.10      0.0361      0.38 RIGHT   9.6996E-05     52.51  3.5629E-06    -27.22
   80.00    185.00     -0.96   -30.77    -0.95      0.0310      0.52 RIGHT   8.7948E-05     48.58  2.8403E-06    -25.17
   85.00    185.00     -4.37   -35.81    -4.37      0.0251      0.53 RIGHT   5.9360E-05     45.57  1.5898E-06    -24.05
   90.00    185.00   -999.99  -999.99  -999.99      0.0000      0.00         4.7458E-15   -137.10  9.8036E-17   -203.55
    0.00    190.00      2.71   -12.36     2.84      0.0000    -10.00 LINEAR  1.3412E-04     14.91  2.3649E-05   -165.09
    5.00    190.00      2.52   -12.41     2.66      0.0010    -10.16 LEFT    1.3127E-04     15.10  2.3523E-05   -165.22
   10.00    190.00      1.96   -12.56     2.11      0.0042    -10.65 LEFT    1.2296E-04     15.74  2.3132E-05   -165.57
   15.00    190.00      0.98   -12.82     1.16      0.0106    -11.52 LEFT    1.0993E-04     17.04  2.2427E-05   -166.06
   20.00    190.00     -0.43   -13.25    -0.21      0.0228    -12.80 LEFT    9.3475E-05     19.47  2.1345E-05   -166.55
   25.00    190.00     -2.29   -13.90    -2.00      0.0462    -14.49 LEFT    7.5458E-05     23.97  1.9814E-05   -166.84
   30.00    190.00     -4.50   -14.84    -4.12      0.0910    -16.18 LEFT    5.8481E-05     32.26  1.7779E-05   -166.66
   35.00    190.00     -6.59   -16.19    -6.13      0.1620    -16.13 LEFT    4.5993E-05     46.36  1.5231E-05   -165.57
   40.00    190.00     -7.52   -18.09    -7.16      0.2083    -11.93 LEFT    4.1283E-05     64.36  1.2236E-05   -162.76
   45.00    190.00     -6.94   -20.77    -6.76      0.1618     -7.04 LEFT    4.4153E-05     77.48  8.9827E-06   -156.32
   50.00    190.00     -5.63   -24.43    -5.58      0.0764     -4.90 LEFT    5.1331E-05     81.11  5.8953E-06   -140.94
   55.00    190.00     -4.16   -27.76    -4.14      0.0028     -3.78 LEFT    6.0825E-05     77.63  4.0178E-06   -104.77
   60.00    190.00     -2.68   -26.69    -2.66      0.0458     -2.48 RIGHT   7.2127E-05     70.79  4.5434E-06    -62.43
   65.00    190.00     -1.34   -24.25    -1.32      0.0689     -1.10 RIGHT   8.4146E-05     63.43  6.0215E-06    -42.08
   70.00    190.00     -0.37   -23.02    -0.35      0.0738     -0.03 RIGHT   9.4038E-05     57.02  6.9356E-06    -33.32
   75.00    190.00     -0.08   -23.23    -0.06      0.0687      0.63 RIGHT   9.7286E-05     51.96  6.7670E-06    -29.00
   80.00    190.00     -0.94   -25.17    -0.92      0.0593      0.93 RIGHT   8.8155E-05     48.12  5.4144E-06    -26.68
   85.00    190.00     -4.35   -30.19    -4.34      0.0481      0.97 RIGHT   5.9475E-05     45.15  3.0367E-06    -25.43
   90.00    190.00   -999.99  -999.99  -999.99      0.0000      0.00         4.7545E-15   -137.50  1.8738E-16   -204.89
    0.00    195.00      2.54    -8.90     2.84      0.0000    -15.00 LINEAR  1.3155E-04     14.91  3.5248E-05   -165.09
    5.00    195.00      2.36    -8.94     2.67      0.0014    -15.23 LEFT    1.2881E-04     15.10  3.5079E-05   -165.21
   10.00    195.00      1.81    -9.07     2.15      0.0060    -15.95 LEFT    1.2085E-04     15.74  3.4547E-05   -165.57
   15.00    195.00      0.86    -9.32     1.26      0.0153    -17.20 LEFT    1.0837E-04     17.04  3.3585E-05   -166.05
   20.00    195.00     -0.51    -9.71    -0.02      0.0323    -19.04 LEFT    9.2592E-05     19.44  3.2090E-05   -166.55
   25.00    195.00     -2.30   -10.31    -1.67      0.0639    -21.44 LEFT    7.5309E-05     23.84  2.9954E-05   -166.85
   30.00    195.00     -4.42   -11.18    -3.59      0.1221    -23.91 LEFT    5.9003E-05     31.80  2.7088E-05   -166.70
   35.00    195.00     -6.41   -12.43    -5.44      0.2144    -24.44 LEFT    4.6920E-05     45.10  2.3468E-05   -165.71
   40.00    195.00     -7.35   -14.18    -6.53      0.2896    -19.50 LEFT    4.2137E-05     61.96  1.9176E-05   -163.16
   45.00    195.00     -6.84   -16.64    -6.41      0.2449    -11.99 LEFT    4.4669E-05     74.54  1.4463E-05   -157.50
   50.00    195.00     -5.58   -19.96    -5.42      0.1279     -8.07 LEFT    5.1665E-05     78.31  9.8661E-06   -144.77
   55.00    195.00     -4.10   -23.47    -4.05      0.0201     -6.04 LEFT    6.1204E-05     75.25  6.5875E-06   -115.64
   60.00    195.00     -2.62   -23.73    -2.58      0.0531     -4.02 RIGHT   7.2629E-05     68.90  6.3935E-06    -73.80
   65.00    195.00     -1.28   -21.62    -1.24      0.0897     -1.98 RIGHT   8.4713E-05     61.98  8.1450E-06    -48.89
   70.00    195.00     -0.33   -20.34    -0.28      0.0996     -0.37 RIGHT   9.4568E-05     55.91  9.4353E-06    -37.79
   75.00    195.00     -0.04   -20.48    -0.00      0.0944      0.63 RIGHT   9.7707E-05     51.08  9.2850E-06    -32.38
   80.00    195.00     -0.91   -22.37    -0.88      0.0823      1.11 RIGHT   8.8441E-05     47.38  7.4742E-06    -29.52
   85.00    195.00     -4.33   -27.36    -4.31      0.0672      1.22 RIGHT   5.9628E-05     44.48  4.2064E-06    -28.01
   90.00    195.00   -999.99  -999.99  -999.99      0.0000      0.00         4.7655E-15   -138.15  2.5985E-16   -207.39
    0.00    200.00      2.30    -6.48     2.84      0.0000    -20.00 LINEAR  1.2797E-04     14.91  4.6579E-05   -165.09
    5.00    200.00      2.13    -6.51     2.68      0.0018    -20.30 LEFT    1.2540E-04     15.11  4.6387E-05   -165.21
   10.00    200.00      1.59    -6.63     2.20      0.0077    -21.22 LEFT    1.1791E-04     15.74  4.5780E-05   -165.56
   15.00    200.00      0.68    -6.84     1.39      0.0192    -22.80 LEFT    1.0615E-04     17.03  4.4663E-05   -166.05
   20.00    200.00     -0.63    -7.19     0.23      0.0399    -25.10 LEFT    9.1282E-05     19.40  4.2902E-05   -166.54
   25.00    200.00     -2.34    -7.72    -1.24      0.0766    -28.06 LEFT    7.4989E-05     23.66  4.0344E-05   -166.86
   30.00    200.00     -4.34    -8.51    -2.93      0.1408    -31.16 LEFT    5.9594E-05     31.21  3.6861E-05   -166.76
   35.00    200.00     -6.20    -9.63    -4.57      0.2407    -32.53 LEFT    4.8092E-05     43.52  3.2402E-05   -165.89
   40.00    200.00     -7.11   -11.20    -5.68      0.3393    -28.22 LEFT    4.3298E-05     58.96  2.7049E-05   -163.66
   45.00    200.00     -6.69   -13.36    -5.84      0.3209    -18.71 LEFT    4.5452E-05     70.78  2.1081E-05   -158.88
   50.00    200.00     -5.48   -16.27    -5.14      0.1903    -12.28 LEFT    5.2212E-05     74.67  1.5085E-05   -148.85
   55.00    200.00     -4.02   -19.66    -3.91      0.0538     -8.88 LEFT    6.1772E-05     72.14  1.0211E-05   -127.35
   60.00    200.00     -2.54   -21.39    -2.48      0.0435     -6.02 RIGHT   7.3305E-05     66.43  8.3625E-06    -90.88
   65.00    200.00     -1.21   -20.24    -1.15      0.0957     -3.31 RIGHT   8.5422E-05     60.09  9.5495E-06    -60.73
   70.00    200.00     -0.27   -19.04    -0.21      0.1133     -1.16 RIGHT   9.5188E-05     54.45  1.0958E-05    -45.59
   75.00    200.00     -0.00   -19.11     0.05      0.1107      0.21 RIGHT   9.8161E-05     49.91  1.0873E-05    -38.18
   80.00    200.00     -0.88   -20.93    -0.84      0.0981      0.93 RIGHT   8.8716E-05     46.39  8.8206E-06    -34.32
   85.00    200.00     -4.31   -25.88    -4.28      0.0809      1.17 RIGHT   5.9757E-05     43.59  4.9875E-06    -32.33
   90.00    200.00   -999.99  -999.99  -999.99      0.0000      0.00         4.7744E-15   -139.02  3.0860E-16   -211.57
    0.00    205.00      1.99    -4.64     2.84      0.0000    -25.00 LINEAR  1.2343E-04     14.91  5.7555E-05   -165.09
    5.00    205.00      1.82    -4.67     2.70      0.0022    -25.36 LEFT    1.2105E-04     15.11  5.7367E-05   -165.21
   10.00    205.00      1.31    -4.76     2.27      0.0091    -26.44 LEFT    1.1412E-04     15.75  5.6761E-05   -165.56
   15.00    205.00      0.44    -4.94     1.54      0.0224    -28.29 LEFT    1.0324E-04     17.02  5.5620E-05   -166.05
   20.00    205.00     -0.81    -5.23     0.53      0.0453    -30.94 LEFT    8.9480E-05     19.34  5.3772E-05   -166.54
   25.00    205.00     -2.41    -5.69    -0.74      0.0842    -34.28 LEFT    7.4392E-05     23.45  5.1019E-05   -166.87
   30.00    205.00     -4.26    -6.36    -2.17      0.1481    -37.81 LEFT    6.0121E-05     30.54  4.7187E-05   -166.83
   35.00    205.00     -5.97    -7.34    -3.59      0.2444    -39.93 LEFT    4.9376E-05     41.75  4.2186E-05   -166.09
   40.00    205.00     -6.84    -8.70    -4.66      0.3517    -37.15 LEFT    4.4689E-05     55.62  3.6074E-05   -164.20
   45.00    205.00     -6.49   -10.55    -5.05      0.3738    -27.35 LEFT    4.6494E-05     66.50  2.9130E-05   -160.30
   50.00    205.00     -5.36   -13.02    -4.67      0.2575    -18.06 LEFT    5.2984E-05     70.45  2.1934E-05   -152.65
   55.00    205.00     -3.92   -16.03    -3.66      0.1042    -12.69 LEFT    6.2512E-05     68.51  1.5507E-05   -137.66
   60.00    205.00     -2.44   -18.66    -2.34      0.0150     -8.75 RIGHT   7.4091E-05     63.53  1.1460E-05   -110.78
   65.00    205.00     -1.13   -19.16    -1.07      0.0843     -5.31 RIGHT   8.6166E-05     57.85  1.0814E-05    -79.50
   70.00    205.00     -0.22   -18.52    -0.15      0.1128     -2.59 RIGHT   9.5765E-05     52.71  1.1639E-05    -58.86
   75.00    205.00      0.03   -18.64     0.09      0.1158     -0.77 RIGHT   9.8506E-05     48.51  1.1484E-05    -48.01
   80.00    205.00     -0.87   -20.41    -0.82      0.1053      0.26 RIGHT   8.8855E-05     45.20  9.3650E-06    -42.35
   85.00    205.00     -4.31   -25.32    -4.27      0.0881      0.71 RIGHT   5.9779E-05     42.51  5.3199E-06    -39.50
   90.00    205.00   -999.99  -999.99  -999.99      0.0000      0.00         4.7743E-15   -140.06  3.2970E-16   -218.48
    0.00    210.00      1.59    -3.18     2.84      0.0000    -30.00 LINEAR  1.1794E-04     14.91  6.8094E-05   -165.09
    5.00    210.00      1.43    -3.20     2.72      0.0024    -30.40 LEFT    1.1578E-04     15.11  6.7937E-05   -165.21
   10.00    210.00      0.95    -3.26     2.34      0.0101    -31.62 LEFT    1.0949E-04     15.75  6.7418E-05   -165.56
   15.00    210.00      0.13    -3.40     1.72      0.0246    -33.67 LEFT    9.9611E-05     17.01  6.6397E-05   -166.04
   20.00    210.00     -1.04    -3.63     0.87      0.0486    -36.55 LEFT    8.7107E-05     19.28  6.4665E-05   -166.54
   25.00    210.00     -2.53    -4.00    -0.19      0.0871    -40.10 LEFT    7.3397E-05     23.21  6.1976E-05   -166.89
   30.00    210.00     -4.22    -4.56    -1.37      0.1468    -43.83 LEFT    6.0423E-05     29.81  5.8102E-05   -166.90
   35.00    210.00     -5.76    -5.37    -2.55      0.2327    -46.42 LEFT    5.0600E-05     39.91  5.2903E-05   -166.31
   40.00    210.00     -6.55    -6.51    -3.52      0.3340    -45.17 LEFT    4.6171E-05     52.19  4.6392E-05   -164.76
   45.00    210.00     -6.27    -8.06    -4.06      0.3892    -36.98 LEFT    4.7714E-05     62.02  3.8814E-05   -161.64
   50.00    210.00     -5.20   -10.10    -3.98      0.3156    -25.72 LEFT    5.3924E-05     65.95  3.0705E-05   -155.93
   55.00    210.00     -3.81   -12.62    -3.27      0.1659    -17.88 LEFT    6.3344E-05     64.59  2.2951E-05   -145.69
   60.00    210.00     -2.35   -15.34    -2.14      0.0317    -12.52 LEFT    7.4864E-05     60.38  1.6796E-05   -128.14
   65.00    210.00     -1.07   -17.29    -0.97      0.0549     -8.22 RIGHT   8.6784E-05     55.40  1.3414E-05   -103.33
   70.00    210.00     -0.18   -17.99    -0.11      0.0969     -4.85 RIGHT   9.6113E-05     50.79  1.2377E-05    -79.91
   75.00    210.00      0.03   -18.60     0.09      0.1087     -2.49 RIGHT   9.8555E-05     46.95  1.1535E-05    -64.56
   80.00    210.00     -0.88   -20.49    -0.84      0.1031     -1.03 RIGHT   8.8691E-05     43.86  9.2801E-06    -55.97
   85.00    210.00     -4.34   -25.42    -4.30      0.0882     -0.26 RIGHT   5.9585E-05     41.30  5.2628E-06    -51.62
   90.00    210.00   -999.99  -999.99  -999.99      0.0000      0.00         4.7564E-15   -141.23  3.2622E-16   -230.14
    0.00    215.00      1.11    -1.99     2.84      0.0000    -35.00 LINEAR  1.1156E-04     14.91  7.8114E-05   -165.09
    5.00    215.00      0.96    -2.00     2.74      0.0026    -35.44 LEFT    1.0964E-04     15.11  7.8018E-05   -165.21
   10.00    215.00      0.50    -2.03     2.43      0.0109    -36.75 LEFT    1.0403E-04     15.75  7.7675E-05   -165.55
   15.00    215.00     -0.26    -2.12     1.92      0.0259    -38.92 LEFT    9.5227E-05     17.00  7.6924E-05   -166.03
   20.00    215.00     -1.35    -2.28     1.22      0.0499    -41.91 LEFT    8.4082E-05     19.21  7.5519E-05   -166.54
   25.00    215.00     -2.71    -2.55     0.38      0.0864    -45.52 LEFT    7.1869E-05     22.96  7.3166E-05   -166.91
   30.00    215.00     -4.23    -2.99    -0.56      0.1395    -49.24 LEFT    6.0319E-05     29.07  6.9582E-05   -166.98
   35.00    215.00     -5.59    -3.64    -1.50      0.2125    -52.01 LEFT    5.1555E-05     38.11  6.4559E-05   -166.53
   40.00    215.00     -6.30    -4.56    -2.34      0.3000    -51.83 LEFT    4.7542E-05     48.87  5.8047E-05   -165.29
   45.00    215.00     -6.05    -5.82    -2.92      0.3686    -45.97 LEFT    4.8945E-05     57.63  5.0226E-05   -162.86
   50.00    215.00     -5.05    -7.47    -3.08      0.3470    -34.90 LEFT    5.4882E-05     61.44  4.1559E-05   -158.62
   55.00    215.00     -3.70    -9.52    -2.69      0.2275    -24.77 LEFT    6.4106E-05     60.61  3.2802E-05   -151.62
   60.00    215.00     -2.29   -11.90    -1.84      0.0914    -17.64 LEFT    7.5431E-05     57.14  2.4942E-05   -140.57
   65.00    215.00     -1.04   -14.29    -0.84      0.0091    -12.26 RIGHT   8.7054E-05     52.85  1.8937E-05   -124.63
   70.00    215.00     -0.19   -16.28    -0.09      0.0659     -8.11 RIGHT   9.5997E-05     48.77  1.5068E-05   -105.86
   75.00    215.00     -0.01   -18.00     0.06      0.0891     -5.10 RIGHT   9.8077E-05     45.29  1.2360E-05    -89.28
   80.00    215.00     -0.95   -20.45    -0.90      0.0910     -3.09 RIGHT   8.8026E-05     42.44  9.3188E-06    -77.96
   85.00    215.00     -4.42   -25.60    -4.38      0.0809     -1.86 RIGHT   5.9044E-05     40.00  5.1493E-06    -71.71
   90.00    215.00   -999.99  -999.99  -999.99      0.0000      0.00         4.7108E-15   -142.49  3.1706E-16   -249.59
    0.00    220.00      0.53    -1.00     2.84      0.0000    -40.00 LINEAR  1.0433E-04     14.91  8.7540E-05   -165.09
    5.00    220.00      0.39    -1.00     2.76      0.0027    -40.46 LEFT    1.0265E-04     15.11  8.7533E-05   -165.21
   10.00    220.00     -0.04    -1.00     2.52      0.0112    -41.82 LEFT    9.7750E-05     15.75  8.7451E-05   -165.55
   15.00    220.00     -0.75    -1.04     2.12      0.0263    -44.05 LEFT    9.0060E-05     16.99  8.7113E-05   -166.03
   20.00    220.00     -1.74    -1.13     1.59      0.0495    -47.04 LEFT    8.0328E-05     19.14  8.6241E-05   -166.53
   25.00    220.00     -2.98    -1.30     0.95      0.0828    -50.57 LEFT    6.9675E-05     22.71  8.4496E-05   -166.93
   30.00    220.00     -4.33    -1.61     0.25      0.1287    -54.13 LEFT    5.9623E-05     28.35  8.1531E-05   -167.06
   35.00    220.00     -5.52    -2.10    -0.47      0.1889    -56.84 LEFT    5.2015E-05     36.42  7.7066E-05   -166.75
   40.00    220.00     -6.12    -2.82    -1.15      0.2607    -57.27 LEFT    4.8553E-05     45.81  7.0968E-05   -165.79
   45.00    220.00     -5.87    -3.81    -1.71      0.3273    -53.40 LEFT    4.9940E-05     53.53  6.3325E-05   -163.92
   50.00    220.00     -4.94    -5.11    -2.01      0.3436    -44.26 LEFT    5.5620E-05     57.15  5.4496E-05   -160.79
   55.00    220.00     -3.64    -6.76    -1.91      0.2726    -33.24 LEFT    6.4554E-05     56.76  4.5106E-05   -155.95
   60.00    220.00     -2.28    -8.72    -1.39      0.1543    -24.31 LEFT    7.5531E-05     53.97  3.5968E-05   -148.87
   65.00    220.00     -1.08   -10.94    -0.65      0.0484    -17.63 LEFT    8.6699E-05     50.31  2.7873E-05   -139.23
   70.00    220.00     -0.27   -13.29    -0.06      0.0215    -12.54 RIGHT   9.5136E-05     46.73  2.1255E-05   -127.47
   75.00    220.00     -0.12   -15.82    -0.01      0.0574     -8.74 RIGHT   9.6806E-05     43.61  1.5880E-05   -115.39
   80.00    220.00     -1.09   -19.05    -1.02      0.0693     -6.04 RIGHT   8.6634E-05     40.98  1.0957E-05   -105.36
   85.00    220.00     -4.57   -24.67    -4.53      0.0664     -4.20 RIGHT   5.8011E-05     38.66  5.7377E-06    -98.93
   90.00    220.00   -999.99  -999.99  -999.99      0.0000      0.00         4.6258E-15   -143.79  3.4728E-16     83.39
    0.00    225.00     -0.17    -0.17     2.84      0.0000    -45.00 LINEAR  9.6299E-05     14.91  9.6299E-05   -165.09
    5.00    225.00     -0.30    -0.16     2.78      0.0028    -45.46 LEFT    9.4863E-05     15.11  9.6406E-05   -165.21
   10.00    225.00     -0.69    -0.14     2.61      0.0113    -46.83 LEFT    9.0673E-05     15.75  9.6659E-05   -165.54
   15.00    225.00     -1.34    -0.12     2.32      0.0259    -49.04 LEFT    8.4095E-05     16.98  9.6863E-05   -166.02
   20.00    225.00     -2.25    -0.13     1.95      0.0476    -51.95 LEFT    7.5777E-05     19.08  9.6711E-05   -166.53
   25.00    225.00     -3.36    -0.21     1.50      0.0772    -55.29 LEFT    6.6690E-05     22.47  9.5821E-05   -166.95
   30.00    225.00     -4.55    -0.40     1.02      0.1160    -58.59 LEFT    5.8154E-05     27.67  9.3785E-05   -167.14
   35.00    225.00     -5.56    -0.73     0.50      0.1648    -61.11 LEFT    5.1747E-05     34.87  9.0244E-05   -166.95
   40.00    225.00     -6.05    -1.26    -0.01      0.2221    -61.82 LEFT    4.8931E-05     43.07  8.4965E-05   -166.24
   45.00    225.00     -5.79    -2.01    -0.49      0.2797    -59.33 LEFT    5.0397E-05     49.85  7.7920E-05   -164.82
   50.00    225.00     -4.90    -3.02    -0.85      0.3134    -52.53 LEFT    5.5831E-05     53.23  6.9338E-05   -162.52
   55.00    225.00     -3.67    -4.32    -0.97      0.2886    -42.45 LEFT    6.4376E-05     53.18  5.9698E-05   -159.12
   60.00    225.00     -2.36    -5.92    -0.77      0.2061    -32.49 LEFT    7.4847E-05     50.96  4.9664E-05   -154.44
   65.00    225.00     -1.21    -7.82    -0.35      0.1092    -24.47 LEFT    8.5403E-05     47.88  3.9916E-05   -148.46
   70.00    225.00     -0.45   -10.03     0.00      0.0323    -18.28 LEFT    9.3219E-05     44.75  3.0930E-05   -141.45
   75.00    225.00     -0.34   -12.68    -0.09      0.0155    -13.54 RIGHT   9.4454E-05     41.95  2.2794E-05   -134.16
   80.00    225.00     -1.33   -16.20    -1.19      0.0386    -10.00 RIGHT   8.4275E-05     39.53  1.5208E-05   -127.74
   85.00    225.00     -4.83   -22.09    -4.74      0.0447     -7.38 RIGHT   5.6330E-05     37.32  7.7197E-06   -123.30
   90.00    225.00   -999.99  -999.99  -999.99      0.0000      0.00         4.4891E-15   -145.09  4.6165E-16     58.42
    0.00    230.00     -1.00     0.53     2.84      0.0000    -50.00 LINEAR  8.7540E-05     14.91  1.0433E-04   -165.09
    5.00    230.00     -1.12     0.55     2.81      0.0027    -50.45 LEFT    8.6337E-05     15.11  1.0456E-04   -165.21
   10.00    230.00     -1.48     0.60     2.70      0.0109    -51.79 LEFT    8.2829E-05     15.75  1.0521E-04   -165.54
   15.00    230.00     -2.07     0.67     2.52      0.0248    -53.92 LEFT    7.7325E-05     16.97  1.0606E-04   -166.02
   20.00    230.00     -2.89     0.73     2.30      0.0444    -56.66 LEFT    7.0376E-05     19.01  1.0678E-04   -166.53
   25.00    230.00     -3.88     0.74     2.03      0.0702    -59.73 LEFT    6.2811E-05     22.24  1.0695E-04   -166.97
   30.00    230.00     -4.91     0.68     1.73      0.1025    -62.70 LEFT    5.5753E-05     27.05  1.0611E-04   -167.22
   35.00    230.00     -5.77     0.49     1.41      0.1415    -64.97 LEFT    5.0537E-05     33.50  1.0381E-04   -167.14
   40.00    230.00     -6.14     0.14     1.05      0.1866    -65.77 LEFT    4.8404E-05     40.69  9.9719E-05   -166.63
   45.00    230.00     -5.86    -0.41     0.68      0.2337    -64.18 LEFT    5.0002E-05     46.65  9.3664E-05   -165.58
   50.00    230.00     -5.00    -1.18     0.33      0.2708    -59.33 LEFT    5.5178E-05     49.77  8.5720E-05   -163.89
   55.00    230.00     -3.82    -2.20     0.07      0.2758    -51.20 LEFT    6.3233E-05     49.97  7.6200E-05   -161.47
   60.00    230.00     -2.57    -3.50     0.00      0.2339    -41.57 LEFT    7.3044E-05     48.22  6.5610E-05   -158.28
   65.00    230.00     -1.48    -5.11     0.09      0.1612    -32.69 LEFT    8.2834E-05     45.61  5.4518E-05   -154.39
   70.00    230.00     -0.76    -7.09     0.15      0.0882    -25.40 LEFT    8.9931E-05     42.89  4.3400E-05   -150.04
   75.00    230.00     -0.68    -9.60    -0.16      0.0333    -19.63 LEFT    9.0735E-05     40.37  3.2498E-05   -145.64
   80.00    230.00     -1.70   -13.08    -1.40      0.0003    -15.10 RIGHT   8.0712E-05     38.13  2.1781E-05   -141.79
   85.00    230.00     -5.22   -18.98    -5.04      0.0167    -11.54 RIGHT   5.3853E-05     36.04  1.1037E-05   -139.09
   90.00    230.00   -999.99  -999.99  -999.99      0.0000      0.00         4.2892E-15   -146.34  6.5896E-16     42.03
    0.00    235.00     -1.99     1.11     2.84      0.0000    -55.00 LINEAR  7.8114E-05     14.91  1.1156E-04   -165.09
    5.00    235.00     -2.10     1.14     2.83      0.0026    -55.43 LEFT    7.7130E-05     15.11  1.1194E-04   -165.21
   10.00    235.00     -2.42     1.22     2.78      0.0103    -56.70 LEFT    7.4261E-05     15.75  1.1302E-04   -165.54
   15.00    235.00     -2.97     1.34     2.71      0.0230    -58.68 LEFT    6.9763E-05     16.96  1.1458E-04   -166.01
   20.00    235.00     -3.70     1.47     2.62      0.0404    -61.19 LEFT    6.4099E-05     18.94  1.1628E-04   -166.53
   25.00    235.00     -4.58     1.57     2.52      0.0624    -63.95 LEFT    5.7962E-05     22.02  1.1767E-04   -166.99
   30.00    235.00     -5.47     1.61     2.39      0.0888    -66.55 LEFT    5.2294E-05     26.49  1.1822E-04   -167.29
   35.00    235.00     -6.18     1.55     2.23      0.1197    -68.53 LEFT    4.8206E-05     32.31  1.1741E-04   -167.31
   40.00    235.00     -6.45     1.36     2.02      0.1547    -69.33 LEFT    4.6735E-05     38.66  1.1480E-04   -166.98
   45.00    235.00     -6.13     0.99     1.76      0.1921    -68.31 LEFT    4.8465E-05     43.93  1.1006E-04   -166.22
   50.00    235.00     -5.30     0.42     1.45      0.2259    -64.89 LEFT    5.3343E-05     46.80  1.0309E-04   -164.97
   55.00    235.00     -4.16    -0.38     1.14      0.2444    -58.77 LEFT    6.0798E-05     47.16  9.4025E-05   -163.22
   60.00    235.00     -2.96    -1.44     0.88      0.2339    -50.58 LEFT    6.9799E-05     45.78  8.3176E-05   -160.98
   65.00    235.00     -1.92    -2.82     0.66      0.1925    -41.83 LEFT    7.8683E-05     43.57  7.0983E-05   -158.35
   70.00    235.00     -1.25    -4.59     0.40      0.1359    -33.83 LEFT    8.4982E-05     41.18  5.7874E-05   -155.49
   75.00    235.00     -1.21    -6.94    -0.18      0.0825    -27.07 LEFT    8.5391E-05     38.91  4.4158E-05   -152.68
   80.00    235.00     -2.25   -10.31    -1.62      0.0423    -21.48 LEFT    7.5738E-05     36.83  2.9970E-05   -150.26
   85.00    235.00     -5.78   -16.15    -5.40      0.0163    -16.84 LEFT    5.0447E-05     34.83  1.5288E-05   -148.54
   90.00    235.00   -999.99  -999.99  -999.99      0.0000      0.00         4.0156E-15   -147.52  9.1464E-16     32.22
    0.00    240.00     -3.18     1.59     2.84      0.0000    -60.00 LINEAR  6.8094E-05     14.91  1.1794E-04   -165.09
    5.00    240.00     -3.28     1.63     2.85      0.0024    -60.40 LEFT    6.7309E-05     15.11  1.1848E-04   -165.20
   10.00    240.00     -3.58     1.74     2.86      0.0094    -61.55 LEFT    6.5022E-05     15.75  1.2000E-04   -165.53
   15.00    240.00     -4.07     1.91     2.89      0.0207    -63.35 LEFT    6.1442E-05     16.95  1.2231E-04   -166.00
   20.00    240.00     -4.73     2.10     2.92      0.0357    -65.58 LEFT    5.6948E-05     18.88  1.2503E-04   -166.53
   25.00    240.00     -5.50     2.28     2.95      0.0539    -67.97 LEFT    5.2111E-05     21.83  1.2771E-04   -167.01
   30.00    240.00     -6.27     2.42     2.97      0.0752    -70.20 LEFT    4.7703E-05     26.00  1.2977E-04   -167.35
   35.00    240.00     -6.85     2.48     2.96      0.0994    -71.88 LEFT    4.4632E-05     31.30  1.3061E-04   -167.46
   40.00    240.00     -7.02     2.42     2.88      0.1264    -72.61 LEFT    4.3749E-05     36.97  1.2967E-04   -167.27
   45.00    240.00     -6.67     2.20     2.73      0.1554    -71.97 LEFT    4.5560E-05     41.68  1.2648E-04   -166.74
   50.00    240.00     -5.85     1.80     2.49      0.1837    -69.55 LEFT    5.0064E-05     44.32  1.2075E-04   -165.83
   55.00    240.00     -4.75     1.17     2.16      0.2054    -65.10 LEFT    5.6800E-05     44.77  1.1239E-04   -164.55
   60.00    240.00     -3.60     0.29     1.78      0.2123    -58.70 LEFT    6.4848E-05     43.67  1.0154E-04   -162.94
   65.00    240.00     -2.61    -0.91     1.34      0.1979    -51.04 LEFT    7.2703E-05     41.78  8.8455E-05   -161.07
   70.00    240.00     -1.98    -2.52     0.77      0.1648    -43.14 LEFT    7.8147E-05     39.66  7.3485E-05   -159.10
   75.00    240.00     -1.97    -4.73    -0.13      0.1232    -35.77 LEFT    7.8225E-05     37.59  5.6950E-05   -157.18
   80.00    240.00     -3.04    -8.00    -1.84      0.0838    -29.22 LEFT    6.9195E-05     35.66  3.9097E-05   -155.55
   85.00    240.00     -6.58   -13.78    -5.82      0.0518    -23.43 LEFT    4.6015E-05     33.73  2.0082E-05   -154.37
   90.00    240.00   -999.99  -999.99  -999.99      0.0000      0.00         3.6610E-15   -148.59  1.2042E-15     26.19
    0.00    245.00     -4.64     1.99     2.84      0.0000    -65.00 LINEAR  5.7555E-05     14.91  1.2343E-04   -165.09
    5.00    245.00     -4.73     2.04     2.87      0.0021    -65.35 LEFT    5.6948E-05     15.11  1.2411E-04   -165.20
   10.00    245.00     -5.00     2.17     2.93      0.0082    -66.37 LEFT    5.5178E-05     15.75  1.2607E-04   -165.53
   15.00    245.00     -5.45     2.38     3.04      0.0179    -67.92 LEFT    5.2415E-05     16.94  1.2910E-04   -166.00
   20.00    245.00     -6.04     2.63     3.18      0.0304    -69.83 LEFT    4.8959E-05     18.83  1.3285E-04   -166.53
   25.00    245.00     -6.72     2.88     3.33      0.0452    -71.85 LEFT    4.5269E-05     21.66  1.3681E-04   -167.03
   30.00    245.00     -7.38     3.11     3.48      0.0619    -73.70 LEFT    4.1962E-05     25.58  1.4039E-04   -167.41
   35.00    245.00     -7.85     3.26     3.59      0.0805    -75.08 LEFT    3.9763E-05     30.46  1.4292E-04   -167.59
   40.00    245.00     -7.94     3.31     3.62      0.1010    -75.72 LEFT    3.9352E-05     35.60  1.4373E-04   -167.51
   45.00    245.00     -7.55     3.22     3.57      0.1231    -75.31 LEFT    4.1149E-05     39.85  1.4220E-04   -167.15
   50.00    245.00     -6.74     2.95     3.39      0.1455    -73.62 LEFT    4.5179E-05     42.28  1.3785E-04   -166.49
   55.00    245.00     -5.68     2.46     3.08      0.1656    -70.42 LEFT    5.1068E-05     42.80  1.3038E-04   -165.55
   60.00    245.00     -4.57     1.72     2.64      0.1792    -65.67 LEFT    5.8026E-05     41.90  1.1971E-04   -164.35
   65.00    245.00     -3.62     0.66     2.04      0.1814    -59.58 LEFT    6.4744E-05     40.25  1.0593E-04   -162.99
   70.00    245.00     -3.03    -0.83     1.22      0.1696    -52.61 LEFT    6.9299E-05     38.35  8.9261E-05   -161.56
   75.00    245.00     -3.05    -2.94     0.02      0.1461    -45.37 LEFT    6.9134E-05     36.45  7.0005E-05   -160.18
   80.00    245.00     -4.13    -6.13    -2.01      0.1163    -38.30 LEFT    6.1006E-05     34.63  4.8491E-05   -159.00
   85.00    245.00     -7.69   -11.87    -6.28      0.0852    -31.51 LEFT    4.0512E-05     32.77  2.5045E-05   -158.13
   90.00    245.00   -999.99  -999.99  -999.99      0.0000      0.00         3.2216E-15   -149.54  1.5045E-15     22.33
    0.00    250.00     -6.48     2.30     2.84      0.0000    -70.00 LINEAR  4.6579E-05     14.91  1.2797E-04   -165.09
    5.00    250.00     -6.56     2.36     2.88      0.0018    -70.29 LEFT    4.6126E-05     15.11  1.2879E-04   -165.20
   10.00    250.00     -6.81     2.52     2.99      0.0068    -71.14 LEFT    4.4809E-05     15.75  1.3115E-04   -165.53
   15.00    250.00     -7.22     2.76     3.17      0.0147    -72.43 LEFT    4.2756E-05     16.93  1.3485E-04   -166.00
   20.00    250.00     -7.76     3.05     3.40      0.0247    -73.98 LEFT    4.0201E-05     18.79  1.3954E-04   -166.53
   25.00    250.00     -8.36     3.37     3.65      0.0362    -75.61 LEFT    3.7498E-05     21.52  1.4470E-04   -167.05
   30.00    250.00     -8.93     3.67     3.90      0.0490    -77.08 LEFT    3.5122E-05     25.24  1.4972E-04   -167.45
   35.00    250.00     -9.30     3.90     4.11      0.0629    -78.18 LEFT    3.3632E-05     29.79  1.5386E-04   -167.69
   40.00    250.00     -9.33     4.04     4.24      0.0781    -78.69 LEFT    3.3551E-05     34.51  1.5635E-04   -167.71
   45.00    250.00     -8.91     4.05     4.26      0.0944    -78.45 LEFT    3.5212E-05     38.41  1.5645E-04   -167.48
   50.00    250.00     -8.10     3.88     4.15      0.1113    -77.27 LEFT    3.8646E-05     40.68  1.5350E-04   -167.00
   55.00    250.00     -7.06     3.51     3.87      0.1279    -75.02 LEFT    4.3559E-05     41.22  1.4699E-04   -166.29
   60.00    250.00     -5.98     2.87     3.40      0.1421    -71.63 LEFT    4.9303E-05     40.47  1.3663E-04   -165.38
   65.00    250.00     -5.07     1.91     2.70      0.1513    -67.09 LEFT    5.4792E-05     39.00  1.2231E-04   -164.35
   70.00    250.00     -4.51     0.51     1.70      0.1531    -61.55 LEFT    5.8438E-05     37.26  1.0416E-04   -163.26
   75.00    250.00     -4.55    -1.52     0.23      0.1463    -55.25 LEFT    5.8132E-05     35.50  8.2409E-05   -162.21
   80.00    250.00     -5.66    -4.65    -2.11      0.1314    -48.42 LEFT    5.1193E-05     33.76  5.7462E-05   -161.30
   85.00    250.00     -9.22   -10.36    -6.74      0.1093    -41.18 LEFT    3.3954E-05     31.95  2.9800E-05   -160.63
   90.00    250.00   -999.99  -999.99  -999.99      0.0000      0.00         2.6990E-15   -150.33  1.7927E-15     19.77
    0.00    255.00     -8.90     2.54     2.84      0.0000    -75.00 LINEAR  3.5248E-05     14.91  1.3155E-04   -165.09
    5.00    255.00     -8.98     2.60     2.89      0.0014    -75.23 LEFT    3.4929E-05     15.12  1.3247E-04   -165.20
   10.00    255.00     -9.21     2.78     3.04      0.0053    -75.88 LEFT    3.4003E-05     15.76  1.3517E-04   -165.52
   15.00    255.00     -9.59     3.05     3.28      0.0113    -76.87 LEFT    3.2563E-05     16.92  1.3945E-04   -165.99
   20.00    255.00    -10.07     3.38     3.58      0.0187    -78.06 LEFT    3.0779E-05     18.75  1.4494E-04   -166.54
   25.00    255.00    -10.62     3.75     3.90      0.0272    -79.28 LEFT    2.8909E-05     21.41  1.5114E-04   -167.06
   30.00    255.00    -11.12     4.10     4.23      0.0364    -80.38 LEFT    2.7300E-05     24.98  1.5740E-04   -167.49
   35.00    255.00    -11.42     4.40     4.51      0.0463    -81.19 LEFT    2.6356E-05     29.28  1.6294E-04   -167.77
   40.00    255.00    -11.39     4.61     4.72      0.0570    -81.59 LEFT    2.6458E-05     33.70  1.6693E-04   -167.86
   45.00    255.00    -10.94     4.69     4.81      0.0684    -81.44 LEFT    2.7852E-05     37.32  1.6848E-04   -167.72
   50.00    255.00    -10.14     4.60     4.75      0.0806    -80.65 LEFT    3.0566E-05     39.46  1.6680E-04   -167.38
   55.00    255.00     -9.11     4.31     4.50      0.0929    -79.13 LEFT    3.4380E-05     40.02  1.6120E-04   -166.83
   60.00    255.00     -8.06     3.75     4.03      0.1047    -76.81 LEFT    3.8798E-05     39.37  1.5119E-04   -166.11
   65.00    255.00     -7.17     2.86     3.27      0.1149    -73.65 LEFT    4.2982E-05     38.04  1.3650E-04   -165.29
   70.00    255.00     -6.64     1.53     2.15      0.1223    -69.64 LEFT    4.5713E-05     36.42  1.1711E-04   -164.42
   75.00    255.00     -6.70    -0.45     0.48      0.1257    -64.78 LEFT    4.5371E-05     34.75  9.3248E-05   -163.58
   80.00    255.00     -7.82    -3.54    -2.16      0.1239    -59.05 LEFT    3.9890E-05     33.08  6.5327E-05   -162.85
   85.00    255.00    -11.40    -9.22    -7.16      0.1154    -52.32 LEFT    2.6432E-05     31.31  3.3978E-05   -162.28
   90.00    255.00   -999.99  -999.99  -999.99      0.0000      0.00         2.1004E-15   -150.97  2.0460E-15     18.07
    0.00    260.00    -12.36     2.71     2.84      0.0000    -80.00 LINEAR  2.3649E-05     14.91  1.3412E-04   -165.09
    5.00    260.00    -12.44     2.77     2.90      0.0009    -80.16 LEFT    2.3447E-05     15.12  1.3513E-04   -165.20
   10.00    260.00    -12.66     2.96     3.08      0.0036    -80.60 LEFT    2.2860E-05     15.76  1.3809E-04   -165.52
   15.00    260.00    -13.01     3.25     3.36      0.0076    -81.27 LEFT    2.1950E-05     16.92  1.4280E-04   -165.99
   20.00    260.00    -13.47     3.62     3.70      0.0126    -82.07 LEFT    2.0828E-05     18.73  1.4891E-04   -166.54
   25.00    260.00    -13.97     4.02     4.09      0.0181    -82.89 LEFT    1.9661E-05     21.33  1.5590E-04   -167.07
   30.00    260.00    -14.41     4.41     4.47      0.0241    -83.61 LEFT    1.8676E-05     24.79  1.6312E-04   -167.52
   35.00    260.00    -14.67     4.76     4.81      0.0305    -84.15 LEFT    1.8136E-05     28.92  1.6976E-04   -167.83
   40.00    260.00    -14.60     5.02     5.06      0.0373    -84.42 LEFT    1.8289E-05     33.12  1.7492E-04   -167.96
   45.00    260.00    -14.13     5.15     5.20      0.0445    -84.34 LEFT    1.9296E-05     36.57  1.7762E-04   -167.89
   50.00    260.00    -13.32     5.12     5.18      0.0523    -83.86 LEFT    2.1177E-05     38.62  1.7696E-04   -167.63
   55.00    260.00    -12.31     4.88     4.96      0.0605    -82.92 LEFT    2.3786E-05     39.18  1.7210E-04   -167.19
   60.00    260.00    -11.28     4.37     4.49      0.0687    -81.47 LEFT    2.6785E-05     38.59  1.6240E-04   -166.60
   65.00    260.00    -10.41     3.53     3.71      0.0767    -79.49 LEFT    2.9608E-05     37.34  1.4747E-04   -165.91
   70.00    260.00     -9.89     2.25     2.51      0.0840    -76.91 LEFT    3.1426E-05     35.81  1.2717E-04   -165.18
   75.00    260.00     -9.97     0.31     0.69      0.0904    -73.68 LEFT    3.1139E-05     34.20  1.0168E-04   -164.47
   80.00    260.00    -11.10    -2.76    -2.16      0.0952    -69.65 LEFT    2.7345E-05     32.59  7.1462E-05   -163.83
   85.00    260.00    -14.68    -8.42    -7.50      0.0972    -64.50 LEFT    1.8106E-05     30.84  3.7242E-05   -163.34
   90.00    260.00   -999.99  -999.99  -999.99      0.0000      0.00         1.4384E-15   -151.42  2.2440E-15     16.99
    0.00    265.00    -18.35     2.81     2.84      0.0000    -85.00 LINEAR  1.1870E-05     14.91  1.3567E-04   -165.09
    5.00    265.00    -18.42     2.88     2.91      0.0005    -85.08 LEFT    1.1772E-05     15.12  1.3673E-04   -165.20
   10.00    265.00    -18.63     3.07     3.10      0.0018    -85.31 LEFT    1.1488E-05     15.76  1.3986E-04   -165.52
   15.00    265.00    -18.97     3.38     3.40      0.0038    -85.64 LEFT    1.1049E-05     16.91  1.4484E-04   -165.99
   20.00    265.00    -19.41     3.76     3.78      0.0063    -86.04 LEFT    1.0508E-05     18.71  1.5134E-04   -166.54
   25.00    265.00    -19.88     4.18     4.20      0.0091    -86.45 LEFT    9.9499E-06     21.28  1.5883E-04   -167.07
   30.00    265.00    -20.30     4.60     4.61      0.0120    -86.82 LEFT    9.4849E-06     24.68  1.6666E-04   -167.54
   35.00    265.00    -20.52     4.97     4.98      0.0151    -87.08 LEFT    9.2430E-06     28.70  1.7400E-04   -167.86
   40.00    265.00    -20.43     5.26     5.27      0.0184    -87.22 LEFT    9.3463E-06     32.79  1.7989E-04   -168.02
   45.00    265.00    -19.95     5.43     5.44      0.0220    -87.18 LEFT    9.8746E-06     36.12  1.8334E-04   -168.00
   50.00    265.00    -19.14     5.42     5.44      0.0257    -86.95 LEFT    1.0838E-05     38.12  1.8333E-04   -167.78
   55.00    265.00    -18.14     5.22     5.24      0.0298    -86.50 LEFT    1.2163E-05     38.68  1.7896E-04   -167.40
   60.00    265.00    -17.12     4.74     4.77      0.0339    -85.81 LEFT    1.3680E-05     38.13  1.6948E-04   -166.88
   65.00    265.00    -16.26     3.93     3.97      0.0382    -84.86 LEFT    1.5101E-05     36.93  1.5441E-04   -166.27
   70.00    265.00    -15.75     2.67     2.73      0.0425    -83.61 LEFT    1.6009E-05     35.44  1.3355E-04   -165.61
   75.00    265.00    -15.84     0.75     0.85      0.0469    -82.01 LEFT    1.5847E-05     33.88  1.0704E-04   -164.96
   80.00    265.00    -16.98    -2.30    -2.15      0.0513    -79.95 LEFT    1.3906E-05     32.29  7.5363E-05   -164.39
   85.00    265.00    -20.56    -7.95    -7.72      0.0557    -77.19 LEFT    9.2036E-06     30.56  3.9319E-05   -163.92
   90.00    265.00   -999.99  -999.99  -999.99      0.0000      0.00         7.3110E-16   -151.70  2.3701E-15     16.39
    0.00    270.00   -999.99     2.84     2.84      0.0000     90.00 LINEAR  2.0851E-15   -165.09  1.3619E-04   -165.09
    5.00    270.00   -999.99     2.91     2.91      0.0000     90.00 LINEAR  1.3760E-15   -129.58  1.3727E-04   -165.20
   10.00    270.00   -999.99     3.11     3.11      0.0000     90.00 LINEAR  9.0104E-16    -87.96  1.4045E-04   -165.52
   15.00    270.00   -999.99     3.42     3.42      0.0000    -90.00 LINEAR  7.0556E-16     50.41  1.4553E-04   -165.99
   20.00    270.00   -999.99     3.81     3.81      0.0000    -90.00 LINEAR  3.6949E-15     88.03  1.5215E-04   -166.54
   25.00    270.00   -999.99     4.23     4.23      0.0000    -90.00 LINEAR  8.7752E-15     97.57  1.5982E-04   -167.08
   30.00    270.00   -195.88     4.66     4.66      0.0000     90.00 LINEAR  1.5779E-14    103.07  1.6786E-04   -167.54
   35.00    270.00   -192.15     5.04     5.04      0.0000     90.00 LINEAR  2.4227E-14   -252.71  1.7543E-04   -167.88
   40.00    270.00   -189.39     5.34     5.34      0.0000     90.00 LINEAR  3.3298E-14   -248.82  1.8158E-04   -168.04
   45.00    270.00   -187.39     5.52     5.52      0.0000     90.00 LINEAR  4.1951E-14   -244.74  1.8528E-04   -168.03
   50.00    270.00   -186.01     5.53     5.53      0.0000     90.00 LINEAR  4.9123E-14   -240.11  1.8550E-04   -167.83
   55.00    270.00   -185.19     5.33     5.33      0.0000     90.00 LINEAR  5.4000E-14   -234.61  1.8130E-04   -167.47
   60.00    270.00   -184.84     4.87     4.87      0.0000     90.00 LINEAR  5.6235E-14   -228.01  1.7190E-04   -166.97
   65.00    270.00   -184.88     4.07     4.07      0.0000     90.00 LINEAR  5.5986E-14   -220.34  1.5678E-04   -166.38
   70.00    270.00   -185.26     2.81     2.81      0.0000     90.00 LINEAR  5.3597E-14   -212.03  1.3573E-04   -165.75
   75.00    270.00   -186.04     0.90     0.90      0.0000     90.00 LINEAR  4.8954E-14   -204.09  1.0888E-04   -165.12
   80.00    270.00   -187.63    -2.14    -2.14      0.0000     90.00 LINEAR  4.0803E-14   -197.81  7.6702E-05   -164.57
   85.00    270.00   -191.44    -7.79    -7.79      0.0000     90.00 LINEAR  2.6311E-14   -194.41  4.0032E-05   -164.11
   90.00    270.00   -999.99  -999.99  -999.99      0.0000      0.00         2.3638E-20     99.72  2.4134E-15     16.20
    0.00    275.00    -18.35     2.81     2.84      0.0000     85.00 LINEAR  1.1870E-05   -165.09  1.3567E-04   -165.09
    5.00    275.00    -18.42     2.88     2.91      0.0005     85.08 RIGHT   1.1772E-05   -164.88  1.3673E-04   -165.20
   10.00    275.00    -18.63     3.07     3.10      0.0018     85.31 RIGHT   1.1488E-05   -164.24  1.3986E-04   -165.52
   15.00    275.00    -18.97     3.38     3.40      0.0038     85.64 RIGHT   1.1049E-05   -163.09  1.4484E-04   -165.99
   20.00    275.00    -19.41     3.76     3.78      0.0063     86.04 RIGHT   1.0508E-05   -161.29  1.5134E-04   -166.54
   25.00    275.00    -19.88     4.18     4.20      0.0091     86.45 RIGHT   9.9499E-06   -158.72  1.5883E-04   -167.07
   30.00    275.00    -20.30     4.60     4.61      0.0120     86.82 RIGHT   9.4849E-06   -155.32  1.6666E-04   -167.54
   35.00    275.00    -20.52     4.97     4.98      0.0151     87.08 RIGHT   9.2430E-06   -151.30  1.7400E-04   -167.86
   40.00    275.00    -20.43     5.26     5.27      0.0184     87.22 RIGHT   9.3463E-06   -147.21  1.7989E-04   -168.02
   45.00    275.00    -19.95     5.43     5.44      0.0220     87.18 RIGHT   9.8746E-06   -143.88  1.8334E-04   -168.00
   50.00    275.00    -19.14     5.42     5.44      0.0257     86.95 RIGHT   1.0838E-05   -141.88  1.8333E-04   -167.78
   55.00    275.00    -18.14     5.22     5.24      0.0298     86.50 RIGHT   1.2163E-05   -141.32  1.7896E-04   -167.40
   60.00    275.00    -17.12     4.74     4.77      0.0339     85.81 RIGHT   1.3680E-05   -141.87  1.6948E-04   -166.88
   65.00    275.00    -16.26     3.93     3.97      0.0382     84.86 RIGHT   1.5101E-05   -143.07  1.5441E-04   -166.27
   70.00    275.00    -15.75     2.67     2.73      0.0425     83.61 RIGHT   1.6009E-05   -144.56  1.3355E-04   -165.61
   75.00    275.00    -15.84     0.75     0.85      0.0469     82.01 RIGHT   1.5847E-05   -146.12  1.0704E-04   -164.96
   80.00    275.00    -16.98    -2.30    -2.15      0.0513     79.95 RIGHT   1.3906E-05   -147.71  7.5363E-05   -164.39
   85.00    275.00    -20.56    -7.95    -7.72      0.0557     77.19 RIGHT   9.2036E-06   -149.44  3.9319E-05   -163.92
   90.00    275.00   -999.99  -999.99  -999.99      0.0000      0.00         7.3110E-16     28.30  2.3701E-15     16.39
    0.00    280.00    -12.36     2.71     2.84      0.0000     80.00 LINEAR  2.3649E-05   -165.09  1.3412E-04   -165.09
    5.00    280.00    -12.44     2.77     2.90      0.0009     80.16 RIGHT   2.3447E-05   -164.88  1.3513E-04   -165.20
   10.00    280.00    -12.66     2.96     3.08      0.0036     80.60 RIGHT   2.2860E-05   -164.24  1.3809E-04   -165.52
   15.00    280.00    -13.01     3.25     3.36      0.0076     81.27 RIGHT   2.1950E-05   -163.08  1.4280E-04   -165.99
   20.00    280.00    -13.47     3.62     3.70      0.0126     82.07 RIGHT   2.0828E-05   -161.27  1.4891E-04   -166.54
   25.00    280.00    -13.97     4.02     4.09      0.0181     82.89 RIGHT   1.9661E-05   -158.67  1.5590E-04   -167.07
   30.00    280.00    -14.41     4.41     4.47      0.0241     83.61 RIGHT   1.8676E-05   -155.21  1.6312E-04   -167.52
   35.00    280.00    -14.67     4.76     4.81      0.0305     84.15 RIGHT   1.8136E-05   -151.08  1.6976E-04   -167.83
   40.00    280.00    -14.60     5.02     5.06      0.0373     84.42 RIGHT   1.8289E-05   -146.88  1.7492E-04   -167.96
   45.00    280.00    -14.13     5.15     5.20      0.0445     84.34 RIGHT   1.9296E-05   -143.43  1.7762E-04   -167.89
   50.00    280.00    -13.32     5.12     5.18      0.0523     83.86 RIGHT   2.1177E-05   -141.38  1.7696E-04   -167.63
   55.00    280.00    -12.31     4.88     4.96      0.0605     82.92 RIGHT   2.3786E-05   -140.82  1.7210E-04   -167.19
   60.00    280.00    -11.28     4.37     4.49      0.0687     81.47 RIGHT   2.6785E-05   -141.41  1.6240E-04   -166.60
   65.00    280.00    -10.41     3.53     3.71      0.0767     79.49 RIGHT   2.9608E-05   -142.66  1.4747E-04   -165.91
   70.00    280.00     -9.89     2.25     2.51      0.0840     76.91 RIGHT   3.1426E-05   -144.19  1.2717E-04   -165.18
   75.00    280.00     -9.97     0.31     0.69      0.0904     73.68 RIGHT   3.1139E-05   -145.80  1.0168E-04   -164.47
   80.00    280.00    -11.10    -2.76    -2.16      0.0952     69.65 RIGHT   2.7345E-05   -147.41  7.1462E-05   -163.83
   85.00    280.00    -14.68    -8.42    -7.50      0.0972     64.50 RIGHT   1.8106E-05   -149.16  3.7242E-05   -163.34
   90.00    280.00   -999.99  -999.99  -999.99      0.0000      0.00         1.4385E-15     28.58  2.2440E-15     16.99
    0.00    285.00     -8.90     2.54     2.84      0.0000     75.00 LINEAR  3.5248E-05   -165.09  1.3155E-04   -165.09
    5.00    285.00     -8.98     2.60     2.89      0.0014     75.23 RIGHT   3.4929E-05   -164.88  1.3247E-04   -165.20
   10.00    285.00     -9.21     2.78     3.04      0.0053     75.88 RIGHT   3.4003E-05   -164.24  1.3517E-04   -165.52
   15.00    285.00     -9.59     3.05     3.28      0.0113     76.87 RIGHT   3.2563E-05   -163.08  1.3945E-04   -165.99
   20.00    285.00    -10.07     3.38     3.58      0.0187     78.06 RIGHT   3.0779E-05   -161.25  1.4494E-04   -166.54
   25.00    285.00    -10.62     3.75     3.90      0.0272     79.28 RIGHT   2.8909E-05   -158.59  1.5114E-04   -167.06
   30.00    285.00    -11.12     4.10     4.23      0.0364     80.38 RIGHT   2.7300E-05   -155.02  1.5740E-04   -167.49
   35.00    285.00    -11.42     4.40     4.51      0.0463     81.19 RIGHT   2.6356E-05   -150.72  1.6294E-04   -167.77
   40.00    285.00    -11.39     4.61     4.72      0.0570     81.59 RIGHT   2.6458E-05   -146.30  1.6693E-04   -167.86
   45.00    285.00    -10.94     4.69     4.81      0.0684     81.44 RIGHT   2.7852E-05   -142.68  1.6848E-04   -167.72
   50.00    285.00    -10.14     4.60     4.75      0.0806     80.65 RIGHT   3.0566E-05   -140.54  1.6680E-04   -167.38
   55.00    285.00     -9.11     4.31     4.50      0.0929     79.13 RIGHT   3.4380E-05   -139.98  1.6120E-04   -166.83
   60.00    285.00     -8.06     3.75     4.03      0.1047     76.81 RIGHT   3.8798E-05   -140.63  1.5119E-04   -166.11
   65.00    285.00     -7.17     2.86     3.27      0.1149     73.65 RIGHT   4.2982E-05   -141.96  1.3650E-04   -165.29
   70.00    285.00     -6.64     1.53     2.15      0.1223     69.64 RIGHT   4.5713E-05   -143.58  1.1711E-04   -164.42
   75.00    285.00     -6.70    -0.45     0.48      0.1257     64.78 RIGHT   4.5371E-05   -145.25  9.3248E-05   -163.58
   80.00    285.00     -7.82    -3.54    -2.16      0.1239     59.05 RIGHT   3.9890E-05   -146.92  6.5327E-05   -162.85
   85.00    285.00    -11.40    -9.22    -7.16      0.1154     52.32 RIGHT   2.6432E-05   -148.69  3.3978E-05   -162.28
   90.00    285.00   -999.99  -999.99  -999.99      0.0000      0.00         2.1004E-15     29.03  2.0460E-15     18.07
    0.00    290.00     -6.48     2.30     2.84      0.0000     70.00 LINEAR  4.6579E-05   -165.09  1.2797E-04   -165.09
    5.00    290.00     -6.56     2.36     2.88      0.0018     70.29 RIGHT   4.6126E-05   -164.89  1.2879E-04   -165.20
   10.00    290.00     -6.81     2.52     2.99      0.0068     71.14 RIGHT   4.4809E-05   -164.25  1.3115E-04   -165.53
   15.00    290.00     -7.22     2.76     3.17      0.0147     72.43 RIGHT   4.2756E-05   -163.07  1.3485E-04   -166.00
   20.00    290.00     -7.76     3.05     3.40      0.0247     73.98 RIGHT   4.0201E-05   -161.21  1.3954E-04   -166.53
   25.00    290.00     -8.36     3.37     3.65      0.0362     75.61 RIGHT   3.7498E-05   -158.48  1.4470E-04   -167.05
   30.00    290.00     -8.93     3.67     3.90      0.0490     77.08 RIGHT   3.5122E-05   -154.76  1.4972E-04   -167.45
   35.00    290.00     -9.30     3.90     4.11      0.0629     78.18 RIGHT   3.3632E-05   -150.21  1.5386E-04   -167.69
   40.00    290.00     -9.33     4.04     4.24      0.0781     78.69 RIGHT   3.3551E-05   -145.49  1.5635E-04   -167.71
   45.00    290.00     -8.91     4.05     4.26      0.0944     78.45 RIGHT   3.5212E-05   -141.59  1.5645E-04   -167.48
   50.00    290.00     -8.10     3.88     4.15      0.1113     77.27 RIGHT   3.8646E-05   -139.32  1.5350E-04   -167.00
   55.00    290.00     -7.06     3.51     3.87      0.1279     75.02 RIGHT   4.3559E-05   -138.78  1.4699E-04   -166.29
   60.00    290.00     -5.98     2.87     3.40      0.1421     71.63 RIGHT   4.9303E-05   -139.53  1.3663E-04   -165.38
   65.00    290.00     -5.07     1.91     2.70      0.1513     67.09 RIGHT   5.4792E-05   -141.00  1.2231E-04   -164.35
   70.00    290.00     -4.51     0.51     1.70      0.1531     61.55 RIGHT   5.8438E-05   -142.74  1.0416E-04   -163.26
   75.00    290.00     -4.55    -1.52     0.23      0.1463     55.25 RIGHT   5.8132E-05   -144.50  8.2409E-05   -162.21
   80.00    290.00     -5.66    -4.65    -2.11      0.1314     48.42 RIGHT   5.1193E-05   -146.24  5.7462E-05   -161.30
   85.00    290.00     -9.22   -10.36    -6.74      0.1093     41.18 RIGHT   3.3954E-05   -148.05  2.9800E-05   -160.63
   90.00    290.00   -999.99  -999.99  -999.99      0.0000      0.00         2.6990E-15     29.67  1.7927E-15     19.77
    0.00    295.00     -4.64     1.99     2.84      0.0000     65.00 LINEAR  5.7555E-05   -165.09  1.2343E-04   -165.09
    5.00    295.00     -4.73     2.04     2.87      0.0021     65.35 RIGHT   5.6948E-05   -164.89  1.2411E-04   -165.20
   10.00    295.00     -5.00     2.17     2.93      0.0082     66.37 RIGHT   5.5178E-05   -164.25  1.2607E-04   -165.53
   15.00    295.00     -5.45     2.38     3.04      0.0179     67.92 RIGHT   5.2415E-05   -163.06  1.2910E-04   -166.00
   20.00    295.00     -6.04     2.63     3.18      0.0304     69.83 RIGHT   4.8959E-05   -161.17  1.3285E-04   -166.53
   25.00    295.00     -6.72     2.88     3.33      0.0452     71.85 RIGHT   4.5269E-05   -158.34  1.3681E-04   -167.03
   30.00    295.00     -7.38     3.11     3.48      0.0619     73.70 RIGHT   4.1962E-05   -154.42  1.4039E-04   -167.41
   35.00    295.00     -7.85     3.26     3.59      0.0805     75.08 RIGHT   3.9763E-05   -149.54  1.4292E-04   -167.59
   40.00    295.00     -7.94     3.31     3.62      0.1010     75.72 RIGHT   3.9352E-05   -144.40  1.4373E-04   -167.51
   45.00    295.00     -7.55     3.22     3.57      0.1231     75.31 RIGHT   4.1149E-05   -140.15  1.4220E-04   -167.15
   50.00    295.00     -6.74     2.95     3.39      0.1455     73.62 RIGHT   4.5179E-05   -137.72  1.3785E-04   -166.49
   55.00    295.00     -5.68     2.46     3.08      0.1656     70.42 RIGHT   5.1068E-05   -137.20  1.3038E-04   -165.55
   60.00    295.00     -4.57     1.72     2.64      0.1792     65.67 RIGHT   5.8026E-05   -138.10  1.1971E-04   -164.35
   65.00    295.00     -3.62     0.66     2.04      0.1814     59.58 RIGHT   6.4744E-05   -139.75  1.0593E-04   -162.99
   70.00    295.00     -3.03    -0.83     1.22      0.1696     52.61 RIGHT   6.9299E-05   -141.65  8.9261E-05   -161.56
   75.00    295.00     -3.05    -2.94     0.02      0.1461     45.37 RIGHT   6.9134E-05   -143.55  7.0005E-05   -160.18
   80.00    295.00     -4.13    -6.13    -2.01      0.1163     38.30 RIGHT   6.1006E-05   -145.37  4.8491E-05   -159.00
   85.00    295.00     -7.69   -11.87    -6.28      0.0852     31.51 RIGHT   4.0512E-05   -147.23  2.5045E-05   -158.13
   90.00    295.00   -999.99  -999.99  -999.99      0.0000      0.00         3.2216E-15     30.46  1.5045E-15     22.32
    0.00    300.00     -3.18     1.59     2.84      0.0000     60.00 LINEAR  6.8094E-05   -165.09  1.1794E-04   -165.09
    5.00    300.00     -3.28     1.63     2.85      0.0024     60.40 RIGHT   6.7309E-05   -164.89  1.1848E-04   -165.20
   10.00    300.00     -3.58     1.74     2.86      0.0094     61.55 RIGHT   6.5022E-05   -164.25  1.2000E-04   -165.53
   15.00    300.00     -4.07     1.91     2.89      0.0207     63.35 RIGHT   6.1442E-05   -163.05  1.2231E-04   -166.00
   20.00    300.00     -4.73     2.10     2.92      0.0357     65.58 RIGHT   5.6948E-05   -161.12  1.2503E-04   -166.53
   25.00    300.00     -5.50     2.28     2.95      0.0539     67.97 RIGHT   5.2111E-05   -158.17  1.2771E-04   -167.01
   30.00    300.00     -6.27     2.42     2.97      0.0752     70.20 RIGHT   4.7703E-05   -154.00  1.2977E-04   -167.35
   35.00    300.00     -6.85     2.48     2.96      0.0994     71.88 RIGHT   4.4632E-05   -148.70  1.3061E-04   -167.46
   40.00    300.00     -7.02     2.42     2.88      0.1264     72.61 RIGHT   4.3749E-05   -143.03  1.2967E-04   -167.27
   45.00    300.00     -6.67     2.20     2.73      0.1554     71.97 RIGHT   4.5560E-05   -138.32  1.2648E-04   -166.74
   50.00    300.00     -5.85     1.80     2.49      0.1837     69.55 RIGHT   5.0064E-05   -135.68  1.2075E-04   -165.83
   55.00    300.00     -4.75     1.17     2.16      0.2054     65.10 RIGHT   5.6800E-05   -135.23  1.1239E-04   -164.55
   60.00    300.00     -3.60     0.29     1.78      0.2123     58.70 RIGHT   6.4848E-05   -136.33  1.0154E-04   -162.94
   65.00    300.00     -2.61    -0.91     1.34      0.1979     51.04 RIGHT   7.2703E-05   -138.22  8.8455E-05   -161.07
   70.00    300.00     -1.98    -2.52     0.77      0.1648     43.14 RIGHT   7.8147E-05   -140.34  7.3485E-05   -159.10
   75.00    300.00     -1.97    -4.73    -0.13      0.1232     35.77 RIGHT   7.8225E-05   -142.41  5.6950E-05   -157.18
   80.00    300.00     -3.04    -8.00    -1.84      0.0838     29.22 RIGHT   6.9195E-05   -144.34  3.9097E-05   -155.55
   85.00    300.00     -6.58   -13.78    -5.82      0.0518     23.43 RIGHT   4.6015E-05   -146.27  2.0082E-05   -154.37
   90.00    300.00   -999.99  -999.99  -999.99      0.0000      0.00         3.6610E-15     31.41  1.2042E-15     26.19
    0.00    305.00     -1.99     1.11     2.84      0.0000     55.00 LINEAR  7.8114E-05   -165.09  1.1156E-04   -165.09
    5.00    305.00     -2.10     1.14     2.83      0.0026     55.43 RIGHT   7.7130E-05   -164.89  1.1194E-04   -165.21
   10.00    305.00     -2.42     1.22     2.78      0.0103     56.70 RIGHT   7.4261E-05   -164.25  1.1302E-04   -165.54
   15.00    305.00     -2.97     1.34     2.71      0.0230     58.68 RIGHT   6.9763E-05   -163.04  1.1458E-04   -166.01
   20.00    305.00     -3.70     1.47     2.62      0.0404     61.19 RIGHT   6.4099E-05   -161.06  1.1628E-04   -166.53
   25.00    305.00     -4.58     1.57     2.52      0.0624     63.95 RIGHT   5.7962E-05   -157.98  1.1767E-04   -166.99
   30.00    305.00     -5.47     1.61     2.39      0.0888     66.55 RIGHT   5.2294E-05   -153.51  1.1822E-04   -167.29
   35.00    305.00     -6.18     1.55     2.23      0.1197     68.53 RIGHT   4.8206E-05   -147.69  1.1741E-04   -167.31
   40.00    305.00     -6.45     1.36     2.02      0.1547     69.33 RIGHT   4.6735E-05   -141.34  1.1480E-04   -166.98
   45.00    305.00     -6.13     0.99     1.76      0.1921     68.31 RIGHT   4.8465E-05   -136.07  1.1006E-04   -166.22
   50.00    305.00     -5.30     0.42     1.45      0.2259     64.89 RIGHT   5.3343E-05   -133.20  1.0309E-04   -164.97
   55.00    305.00     -4.16    -0.38     1.14      0.2444     58.77 RIGHT   6.0798E-05   -132.84  9.4025E-05   -163.22
   60.00    305.00     -2.96    -1.44     0.88      0.2339     50.58 RIGHT   6.9799E-05   -134.22  8.3176E-05   -160.98
   65.00    305.00     -1.92    -2.82     0.66      0.1925     41.83 RIGHT   7.8683E-05   -136.43  7.0983E-05   -158.35
   70.00    305.00     -1.25    -4.59     0.40      0.1359     33.83 RIGHT   8.4982E-05   -138.82  5.7874E-05   -155.49
   75.00    305.00     -1.21    -6.94    -0.18      0.0825     27.07 RIGHT   8.5391E-05   -141.09  4.4158E-05   -152.68
   80.00    305.00     -2.25   -10.31    -1.62      0.0423     21.48 RIGHT   7.5738E-05   -143.17  2.9970E-05   -150.26
   85.00    305.00     -5.78   -16.15    -5.40      0.0163     16.84 RIGHT   5.0447E-05   -145.17  1.5288E-05   -148.54
   90.00    305.00   -999.99  -999.99  -999.99      0.0000      0.00         4.0157E-15     32.48  9.1462E-16     32.22
    0.00    310.00     -1.00     0.53     2.84      0.0000     50.00 LINEAR  8.7540E-05   -165.09  1.0433E-04   -165.09
    5.00    310.00     -1.12     0.55     2.81      0.0027     50.45 RIGHT   8.6337E-05   -164.89  1.0456E-04   -165.21
   10.00    310.00     -1.48     0.60     2.70      0.0109     51.79 RIGHT   8.2829E-05   -164.25  1.0521E-04   -165.54
   15.00    310.00     -2.07     0.67     2.52      0.0248     53.92 RIGHT   7.7325E-05   -163.03  1.0606E-04   -166.02
   20.00    310.00     -2.89     0.73     2.30      0.0444     56.66 RIGHT   7.0376E-05   -160.99  1.0678E-04   -166.53
   25.00    310.00     -3.88     0.74     2.03      0.0702     59.73 RIGHT   6.2811E-05   -157.76  1.0695E-04   -166.97
   30.00    310.00     -4.91     0.68     1.73      0.1025     62.70 RIGHT   5.5753E-05   -152.95  1.0611E-04   -167.22
   35.00    310.00     -5.77     0.49     1.41      0.1415     64.97 RIGHT   5.0537E-05   -146.50  1.0381E-04   -167.14
   40.00    310.00     -6.14     0.14     1.05      0.1866     65.77 RIGHT   4.8404E-05   -139.31  9.9719E-05   -166.63
   45.00    310.00     -5.86    -0.41     0.68      0.2337     64.18 RIGHT   5.0002E-05   -133.35  9.3664E-05   -165.58
   50.00    310.00     -5.00    -1.18     0.33      0.2708     59.33 RIGHT   5.5178E-05   -130.23  8.5720E-05   -163.89
   55.00    310.00     -3.82    -2.20     0.07      0.2758     51.20 RIGHT   6.3233E-05   -130.03  7.6200E-05   -161.47
   60.00    310.00     -2.57    -3.50     0.00      0.2339     41.57 RIGHT   7.3044E-05   -131.78  6.5610E-05   -158.28
   65.00    310.00     -1.48    -5.11     0.09      0.1612     32.69 RIGHT   8.2834E-05   -134.39  5.4518E-05   -154.39
   70.00    310.00     -0.76    -7.09     0.15      0.0882     25.40 RIGHT   8.9931E-05   -137.11  4.3400E-05   -150.04
   75.00    310.00     -0.68    -9.60    -0.16      0.0333     19.63 RIGHT   9.0735E-05   -139.63  3.2498E-05   -145.64
   80.00    310.00     -1.70   -13.08    -1.40      0.0003     15.10 LEFT    8.0712E-05   -141.87  2.1781E-05   -141.79
   85.00    310.00     -5.22   -18.98    -5.04      0.0167     11.54 LEFT    5.3853E-05   -143.96  1.1037E-05   -139.09
   90.00    310.00   -999.99  -999.99  -999.99      0.0000      0.00         4.2892E-15     33.66  6.5894E-16     42.03
    0.00    315.00     -0.17    -0.17     2.84      0.0000     45.00 LINEAR  9.6299E-05   -165.09  9.6299E-05   -165.09
    5.00    315.00     -0.30    -0.16     2.78      0.0028     45.46 RIGHT   9.4863E-05   -164.89  9.6406E-05   -165.21
   10.00    315.00     -0.69    -0.14     2.61      0.0113     46.83 RIGHT   9.0673E-05   -164.25  9.6659E-05   -165.54
   15.00    315.00     -1.34    -0.12     2.32      0.0259     49.04 RIGHT   8.4095E-05   -163.02  9.6863E-05   -166.02
   20.00    315.00     -2.25    -0.13     1.95      0.0476     51.95 RIGHT   7.5777E-05   -160.92  9.6711E-05   -166.53
   25.00    315.00     -3.36    -0.21     1.50      0.0772     55.29 RIGHT   6.6690E-05   -157.53  9.5821E-05   -166.95
   30.00    315.00     -4.55    -0.40     1.02      0.1160     58.59 RIGHT   5.8154E-05   -152.33  9.3785E-05   -167.14
   35.00    315.00     -5.56    -0.73     0.50      0.1648     61.11 RIGHT   5.1747E-05   -145.13  9.0244E-05   -166.95
   40.00    315.00     -6.05    -1.26    -0.01      0.2221     61.82 RIGHT   4.8931E-05   -136.93  8.4965E-05   -166.24
   45.00    315.00     -5.79    -2.01    -0.49      0.2797     59.33 RIGHT   5.0397E-05   -130.15  7.7920E-05   -164.82
   50.00    315.00     -4.90    -3.02    -0.85      0.3134     52.53 RIGHT   5.5831E-05   -126.77  6.9338E-05   -162.52
   55.00    315.00     -3.67    -4.32    -0.97      0.2886     42.45 RIGHT   6.4376E-05   -126.82  5.9698E-05   -159.12
   60.00    315.00     -2.36    -5.92    -0.77      0.2061     32.49 RIGHT   7.4847E-05   -129.04  4.9664E-05   -154.44
   65.00    315.00     -1.21    -7.82    -0.35      0.1092     24.47 RIGHT   8.5403E-05   -132.12  3.9916E-05   -148.46
   70.00    315.00     -0.45   -10.03     0.00      0.0323     18.28 RIGHT   9.3219E-05   -135.25  3.0930E-05   -141.45
   75.00    315.00     -0.34   -12.68    -0.09      0.0155     13.54 LEFT    9.4454E-05   -138.05  2.2794E-05   -134.16
   80.00    315.00     -1.33   -16.20    -1.19      0.0386     10.00 LEFT    8.4275E-05   -140.47  1.5208E-05   -127.74
   85.00    315.00     -4.83   -22.09    -4.74      0.0447      7.38 LEFT    5.6330E-05   -142.68  7.7197E-06   -123.30
   90.00    315.00   -999.99  -999.99  -999.99      0.0000      0.00         4.4892E-15     34.91  4.6160E-16     58.43
    0.00    320.00      0.53    -1.00     2.84      0.0000     40.00 LINEAR  1.0433E-04   -165.09  8.7540E-05   -165.09
    5.00    320.00      0.39    -1.00     2.76      0.0027     40.46 RIGHT   1.0265E-04   -164.89  8.7533E-05   -165.21
   10.00    320.00     -0.04    -1.00     2.52      0.0112     41.82 RIGHT   9.7750E-05   -164.25  8.7451E-05   -165.55
   15.00    320.00     -0.75    -1.04     2.12      0.0263     44.05 RIGHT   9.0060E-05   -163.01  8.7113E-05   -166.03
   20.00    320.00     -1.74    -1.13     1.59      0.0495     47.04 RIGHT   8.0328E-05   -160.86  8.6241E-05   -166.53
   25.00    320.00     -2.98    -1.30     0.95      0.0828     50.57 RIGHT   6.9675E-05   -157.29  8.4496E-05   -166.93
   30.00    320.00     -4.33    -1.61     0.25      0.1287     54.13 RIGHT   5.9623E-05   -151.65  8.1531E-05   -167.06
   35.00    320.00     -5.52    -2.10    -0.47      0.1889     56.84 RIGHT   5.2015E-05   -143.58  7.7066E-05   -166.75
   40.00    320.00     -6.12    -2.82    -1.15      0.2607     57.27 RIGHT   4.8553E-05   -134.19  7.0968E-05   -165.79
   45.00    320.00     -5.87    -3.81    -1.71      0.3273     53.40 RIGHT   4.9940E-05   -126.47  6.3325E-05   -163.92
   50.00    320.00     -4.94    -5.11    -2.01      0.3436     44.26 RIGHT   5.5620E-05   -122.85  5.4496E-05   -160.79
   55.00    320.00     -3.64    -6.76    -1.91      0.2726     33.24 RIGHT   6.4554E-05   -123.24  4.5106E-05   -155.95
   60.00    320.00     -2.28    -8.72    -1.39      0.1543     24.31 RIGHT   7.5531E-05   -126.03  3.5968E-05   -148.87
   65.00    320.00     -1.08   -10.94    -0.65      0.0484     17.63 RIGHT   8.6699E-05   -129.69  2.7873E-05   -139.23
   70.00    320.00     -0.27   -13.29    -0.06      0.0215     12.54 LEFT    9.5136E-05   -133.27  2.1255E-05   -127.47
   75.00    320.00     -0.12   -15.82    -0.01      0.0574      8.74 LEFT    9.6806E-05   -136.39  1.5880E-05   -115.39
   80.00    320.00     -1.09   -19.05    -1.02      0.0693      6.04 LEFT    8.6634E-05   -139.02  1.0957E-05   -105.36
   85.00    320.00     -4.57   -24.67    -4.53      0.0664      4.20 LEFT    5.8011E-05   -141.34  5.7377E-06    -98.93
   90.00    320.00   -999.99  -999.99  -999.99      0.0000      0.00         4.6258E-15     36.21  3.4729E-16     83.39
    0.00    325.00      1.11    -1.99     2.84      0.0000     35.00 LINEAR  1.1156E-04   -165.09  7.8114E-05   -165.09
    5.00    325.00      0.96    -2.00     2.74      0.0026     35.44 RIGHT   1.0964E-04   -164.89  7.8018E-05   -165.21
   10.00    325.00      0.50    -2.03     2.43      0.0109     36.75 RIGHT   1.0403E-04   -164.25  7.7675E-05   -165.55
   15.00    325.00     -0.26    -2.12     1.92      0.0259     38.92 RIGHT   9.5227E-05   -163.00  7.6924E-05   -166.03
   20.00    325.00     -1.35    -2.28     1.22      0.0499     41.91 RIGHT   8.4082E-05   -160.79  7.5519E-05   -166.54
   25.00    325.00     -2.71    -2.55     0.38      0.0864     45.52 RIGHT   7.1869E-05   -157.04  7.3166E-05   -166.91
   30.00    325.00     -4.23    -2.99    -0.56      0.1395     49.24 RIGHT   6.0319E-05   -150.93  6.9582E-05   -166.98
   35.00    325.00     -5.59    -3.64    -1.50      0.2125     52.01 RIGHT   5.1555E-05   -141.89  6.4559E-05   -166.53
   40.00    325.00     -6.30    -4.56    -2.34      0.3000     51.83 RIGHT   4.7542E-05   -131.13  5.8047E-05   -165.29
   45.00    325.00     -6.05    -5.82    -2.92      0.3686     45.97 RIGHT   4.8945E-05   -122.37  5.0226E-05   -162.86
   50.00    325.00     -5.05    -7.47    -3.08      0.3470     34.90 RIGHT   5.4882E-05   -118.56  4.1559E-05   -158.62
   55.00    325.00     -3.70    -9.52    -2.69      0.2275     24.77 RIGHT   6.4106E-05   -119.39  3.2802E-05   -151.62
   60.00    325.00     -2.29   -11.90    -1.84      0.0914     17.64 RIGHT   7.5431E-05   -122.86  2.4942E-05   -140.57
   65.00    325.00     -1.04   -14.29    -0.84      0.0091     12.26 LEFT    8.7054E-05   -127.15  1.8937E-05   -124.63
   70.00    325.00     -0.19   -16.28    -0.09      0.0659      8.11 LEFT    9.5997E-05   -131.23  1.5068E-05   -105.86
   75.00    325.00     -0.01   -18.00     0.06      0.0891      5.10 LEFT    9.8077E-05   -134.71  1.2360E-05    -89.28
   80.00    325.00     -0.95   -20.45    -0.90      0.0910      3.09 LEFT    8.8026E-05   -137.56  9.3188E-06    -77.96
   85.00    325.00     -4.42   -25.60    -4.38      0.0809      1.86 LEFT    5.9044E-05   -140.00  5.1493E-06    -71.71
   90.00    325.00   -999.99  -999.99  -999.99      0.0000      0.00         4.7108E-15     37.51  3.1706E-16   -249.59
    0.00    330.00      1.59    -3.18     2.84      0.0000     30.00 LINEAR  1.1794E-04   -165.09  6.8094E-05   -165.09
    5.00    330.00      1.43    -3.20     2.72      0.0024     30.40 RIGHT   1.1578E-04   -164.89  6.7937E-05   -165.21
   10.00    330.00      0.95    -3.26     2.34      0.0101     31.62 RIGHT   1.0949E-04   -164.25  6.7418E-05   -165.56
   15.00    330.00      0.13    -3.40     1.72      0.0246     33.67 RIGHT   9.9611E-05   -162.99  6.6397E-05   -166.04
   20.00    330.00     -1.04    -3.63     0.87      0.0486     36.55 RIGHT   8.7107E-05   -160.72  6.4665E-05   -166.54
   25.00    330.00     -2.53    -4.00    -0.19      0.0871     40.10 RIGHT   7.3397E-05   -156.79  6.1976E-05   -166.89
   30.00    330.00     -4.22    -4.56    -1.37      0.1468     43.83 RIGHT   6.0423E-05   -150.19  5.8102E-05   -166.90
   35.00    330.00     -5.76    -5.37    -2.55      0.2327     46.42 RIGHT   5.0600E-05   -140.09  5.2903E-05   -166.31
   40.00    330.00     -6.55    -6.51    -3.52      0.3340     45.17 RIGHT   4.6171E-05   -127.81  4.6392E-05   -164.76
   45.00    330.00     -6.27    -8.06    -4.06      0.3892     36.98 RIGHT   4.7714E-05   -117.98  3.8814E-05   -161.64
   50.00    330.00     -5.20   -10.10    -3.98      0.3156     25.72 RIGHT   5.3924E-05   -114.05  3.0705E-05   -155.93
   55.00    330.00     -3.81   -12.62    -3.27      0.1659     17.88 RIGHT   6.3344E-05   -115.41  2.2951E-05   -145.69
   60.00    330.00     -2.35   -15.34    -2.14      0.0317     12.52 RIGHT   7.4864E-05   -119.62  1.6796E-05   -128.14
   65.00    330.00     -1.07   -17.29    -0.97      0.0549      8.22 LEFT    8.6784E-05   -124.60  1.3414E-05   -103.33
   70.00    330.00     -0.18   -17.99    -0.11      0.0969      4.85 LEFT    9.6113E-05   -129.21  1.2377E-05    -79.91
   75.00    330.00      0.03   -18.60     0.09      0.1087      2.49 LEFT    9.8555E-05   -133.05  1.1535E-05    -64.56
   80.00    330.00     -0.88   -20.49    -0.84      0.1031      1.03 LEFT    8.8691E-05   -136.14  9.2801E-06    -55.97
   85.00    330.00     -4.34   -25.42    -4.30      0.0882      0.26 LEFT    5.9585E-05   -138.70  5.2628E-06    -51.62
   90.00    330.00   -999.99  -999.99  -999.99      0.0000      0.00         4.7565E-15     38.77  3.2623E-16   -230.14
    0.00    335.00      1.99    -4.64     2.84      0.0000     25.00 LINEAR  1.2343E-04   -165.09  5.7555E-05   -165.09
    5.00    335.00      1.82    -4.67     2.70      0.0022     25.36 RIGHT   1.2105E-04   -164.89  5.7367E-05   -165.21
   10.00    335.00      1.31    -4.76     2.27      0.0091     26.44 RIGHT   1.1412E-04   -164.25  5.6761E-05   -165.56
   15.00    335.00      0.44    -4.94     1.54      0.0224     28.29 RIGHT   1.0324E-04   -162.98  5.5620E-05   -166.05
   20.00    335.00     -0.81    -5.23     0.53      0.0453     30.94 RIGHT   8.9480E-05   -160.66  5.3772E-05   -166.54
   25.00    335.00     -2.41    -5.69    -0.74      0.0842     34.28 RIGHT   7.4392E-05   -156.55  5.1019E-05   -166.87
   30.00    335.00     -4.26    -6.36    -2.17      0.1481     37.81 RIGHT   6.0121E-05   -149.46  4.7187E-05   -166.83
   35.00    335.00     -5.97    -7.34    -3.59      0.2444     39.93 RIGHT   4.9376E-05   -138.25  4.2186E-05   -166.09
   40.00    335.00     -6.84    -8.70    -4.66      0.3517     37.15 RIGHT   4.4689E-05   -124.38  3.6074E-05   -164.20
   45.00    335.00     -6.49   -10.55    -5.05      0.3738     27.35 RIGHT   4.6494E-05   -113.50  2.9130E-05   -160.30
   50.00    335.00     -5.36   -13.02    -4.67      0.2575     18.06 RIGHT   5.2984E-05   -109.55  2.1934E-05   -152.65
   55.00    335.00     -3.92   -16.03    -3.66      0.1042     12.69 RIGHT   6.2512E-05   -111.49  1.5507E-05   -137.66
   60.00    335.00     -2.44   -18.66    -2.34      0.0150      8.75 LEFT    7.4091E-05   -116.47  1.1460E-05   -110.78
   65.00    335.00     -1.13   -19.16    -1.07      0.0843      5.31 LEFT    8.6166E-05   -122.15  1.0814E-05    -79.50
   70.00    335.00     -0.22   -18.52    -0.15      0.1128      2.59 LEFT    9.5765E-05   -127.29  1.1639E-05    -58.86
   75.00    335.00      0.03   -18.64     0.09      0.1158      0.77 LEFT    9.8506E-05   -131.49  1.1484E-05    -48.01
   80.00    335.00     -0.87   -20.41    -0.82      0.1053     -0.26 LEFT    8.8855E-05   -134.80  9.3650E-06    -42.35
   85.00    335.00     -4.31   -25.32    -4.27      0.0881     -0.71 LEFT    5.9779E-05   -137.49  5.3199E-06    -39.50
   90.00    335.00   -999.99  -999.99  -999.99      0.0000      0.00         4.7743E-15     39.94  3.2970E-16   -218.48
    0.00    340.00      2.30    -6.48     2.84      0.0000     20.00 LINEAR  1.2797E-04   -165.09  4.6579E-05   -165.09
    5.00    340.00      2.13    -6.51     2.68      0.0018     20.30 RIGHT   1.2540E-04   -164.89  4.6387E-05   -165.21
   10.00    340.00      1.59    -6.63     2.20      0.0077     21.22 RIGHT   1.1791E-04   -164.26  4.5780E-05   -165.56
   15.00    340.00      0.68    -6.84     1.39      0.0192     22.80 RIGHT   1.0615E-04   -162.97  4.4663E-05   -166.05
   20.00    340.00     -0.63    -7.19     0.23      0.0399     25.10 RIGHT   9.1282E-05   -160.60  4.2902E-05   -166.54
   25.00    340.00     -2.34    -7.72    -1.24      0.0766     28.06 RIGHT   7.4989E-05   -156.34  4.0344E-05   -166.86
   30.00    340.00     -4.34    -8.51    -2.93      0.1408     31.16 RIGHT   5.9594E-05   -148.79  3.6861E-05   -166.76
   35.00    340.00     -6.20    -9.63    -4.57      0.2407     32.53 RIGHT   4.8092E-05   -136.48  3.2402E-05   -165.89
   40.00    340.00     -7.11   -11.20    -5.68      0.3393     28.22 RIGHT   4.3298E-05   -121.04  2.7049E-05   -163.66
   45.00    340.00     -6.69   -13.36    -5.84      0.3209     18.71 RIGHT   4.5452E-05   -109.22  2.1081E-05   -158.88
   50.00    340.00     -5.48   -16.27    -5.14      0.1903     12.28 RIGHT   5.2212E-05   -105.33  1.5085E-05   -148.85
   55.00    340.00     -4.02   -19.66    -3.91      0.0538      8.88 RIGHT   6.1772E-05   -107.86  1.0211E-05   -127.35
   60.00    340.00     -2.54   -21.39    -2.48      0.0435      6.02 LEFT    7.3305E-05   -113.57  8.3625E-06    -90.88
   65.00    340.00     -1.21   -20.24    -1.15      0.0957      3.31 LEFT    8.5422E-05   -119.91  9.5495E-06    -60.73
   70.00    340.00     -0.27   -19.04    -0.21      0.1133      1.16 LEFT    9.5188E-05   -125.55  1.0958E-05    -45.59
   75.00    340.00     -0.00   -19.11     0.05      0.1107     -0.21 LEFT    9.8161E-05   -130.09  1.0873E-05    -38.18
   80.00    340.00     -0.88   -20.93    -0.84      0.0981     -0.93 LEFT    8.8716E-05   -133.61  8.8206E-06    -34.32
   85.00    340.00     -4.31   -25.88    -4.28      0.0809     -1.17 LEFT    5.9757E-05   -136.41  4.9875E-06    -32.33
   90.00    340.00   -999.99  -999.99  -999.99      0.0000      0.00         4.7743E-15     40.98  3.0860E-16   -211.57
    0.00    345.00      2.54    -8.90     2.84      0.0000     15.00 LINEAR  1.3155E-04   -165.09  3.5248E-05   -165.09
    5.00    345.00      2.36    -8.94     2.67      0.0014     15.23 RIGHT   1.2881E-04   -164.90  3.5079E-05   -165.21
   10.00    345.00      1.81    -9.07     2.15      0.0060     15.95 RIGHT   1.2085E-04   -164.26  3.4547E-05   -165.57
   15.00    345.00      0.86    -9.32     1.26      0.0153     17.20 RIGHT   1.0837E-04   -162.96  3.3585E-05   -166.05
   20.00    345.00     -0.51    -9.71    -0.02      0.0323     19.04 RIGHT   9.2592E-05   -160.56  3.2090E-05   -166.55
   25.00    345.00     -2.30   -10.31    -1.67      0.0639     21.44 RIGHT   7.5309E-05   -156.16  2.9954E-05   -166.85
   30.00    345.00     -4.42   -11.18    -3.59      0.1221     23.91 RIGHT   5.9003E-05   -148.20  2.7088E-05   -166.70
   35.00    345.00     -6.41   -12.43    -5.44      0.2144     24.44 RIGHT   4.6920E-05   -134.90  2.3468E-05   -165.71
   40.00    345.00     -7.35   -14.18    -6.53      0.2896     19.50 RIGHT   4.2137E-05   -118.04  1.9176E-05   -163.16
   45.00    345.00     -6.84   -16.64    -6.41      0.2449     11.99 RIGHT   4.4669E-05   -105.46  1.4463E-05   -157.50
   50.00    345.00     -5.58   -19.96    -5.42      0.1279      8.07 RIGHT   5.1665E-05   -101.69  9.8661E-06   -144.77
   55.00    345.00     -4.10   -23.47    -4.05      0.0201      6.04 RIGHT   6.1204E-05   -104.75  6.5875E-06   -115.64
   60.00    345.00     -2.62   -23.73    -2.58      0.0531      4.02 LEFT    7.2629E-05   -111.10  6.3935E-06    -73.80
   65.00    345.00     -1.28   -21.62    -1.24      0.0897      1.98 LEFT    8.4713E-05   -118.02  8.1450E-06    -48.89
   70.00    345.00     -0.33   -20.34    -0.28      0.0996      0.37 LEFT    9.4568E-05   -124.09  9.4353E-06    -37.79
   75.00    345.00     -0.04   -20.48    -0.00      0.0944     -0.63 LEFT    9.7707E-05   -128.92  9.2850E-06    -32.38
   80.00    345.00     -0.91   -22.37    -0.88      0.0823     -1.11 LEFT    8.8441E-05   -132.62  7.4742E-06    -29.52
   85.00    345.00     -4.33   -27.36    -4.31      0.0672     -1.22 LEFT    5.9628E-05   -135.52  4.2064E-06    -28.01
   90.00    345.00   -999.99  -999.99  -999.99      0.0000      0.00         4.7655E-15     41.85  2.5986E-16   -207.39
    0.00    350.00      2.71   -12.36     2.84      0.0000     10.00 LINEAR  1.3412E-04   -165.09  2.3649E-05   -165.09
    5.00    350.00      2.52   -12.41     2.66      0.0010     10.16 RIGHT   1.3127E-04   -164.90  2.3523E-05   -165.22
   10.00    350.00      1.96   -12.56     2.11      0.0042     10.65 RIGHT   1.2296E-04   -164.26  2.3132E-05   -165.57
   15.00    350.00      0.98   -12.82     1.16      0.0106     11.52 RIGHT   1.0993E-04   -162.96  2.2427E-05   -166.06
   20.00    350.00     -0.43   -13.25    -0.21      0.0228     12.80 RIGHT   9.3475E-05   -160.53  2.1345E-05   -166.55
   25.00    350.00     -2.29   -13.90    -2.00      0.0462     14.49 RIGHT   7.5458E-05   -156.03  1.9814E-05   -166.84
   30.00    350.00     -4.50   -14.84    -4.12      0.0910     16.18 RIGHT   5.8481E-05   -147.74  1.7779E-05   -166.66
   35.00    350.00     -6.59   -16.19    -6.13      0.1620     16.13 RIGHT   4.5993E-05   -133.64  1.5231E-05   -165.57
   40.00    350.00     -7.52   -18.09    -7.16      0.2083     11.93 RIGHT   4.1283E-05   -115.64  1.2236E-05   -162.76
   45.00    350.00     -6.94   -20.77    -6.76      0.1618      7.04 RIGHT   4.4153E-05   -102.52  8.9827E-06   -156.32
   50.00    350.00     -5.63   -24.43    -5.58      0.0764      4.90 RIGHT   5.1331E-05    -98.89  5.8953E-06   -140.94
   55.00    350.00     -4.16   -27.76    -4.14      0.0028      3.78 RIGHT   6.0825E-05   -102.37  4.0178E-06   -104.77
   60.00    350.00     -2.68   -26.69    -2.66      0.0458      2.48 LEFT    7.2127E-05   -109.21  4.5434E-06    -62.43
   65.00    350.00     -1.34   -24.25    -1.32      0.0689      1.10 LEFT    8.4146E-05   -116.57  6.0215E-06    -42.08
   70.00    350.00     -0.37   -23.02    -0.35      0.0738      0.03 LEFT    9.4038E-05   -122.98  6.9356E-06    -33.32
   75.00    350.00     -0.08   -23.23    -0.06      0.0687     -0.63 LEFT    9.7286E-05   -128.04  6.7670E-06    -29.00
   80.00    350.00     -0.94   -25.17    -0.92      0.0593     -0.93 LEFT    8.8155E-05   -131.88  5.4144E-06    -26.68
   85.00    350.00     -4.35   -30.19    -4.34      0.0481     -0.97 LEFT    5.9475E-05   -134.85  3.0367E-06    -25.43
   90.00    350.00   -999.99  -999.99  -999.99      0.0000      0.00         4.7544E-15     42.50  1.8740E-16   -204.89
    0.00    355.00      2.81   -18.35     2.84      0.0000      5.00 LINEAR  1.3567E-04   -165.09  1.1870E-05   -165.09
    5.00    355.00      2.62   -18.40     2.65      0.0005      5.08 RIGHT   1.3274E-04   -164.90  1.1803E-05   -165.22
   10.00    355.00      2.04   -18.55     2.08      0.0021      5.33 RIGHT   1.2422E-04   -164.26  1.1595E-05   -165.57
   15.00    355.00      1.06   -18.84     1.10      0.0054      5.77 RIGHT   1.1086E-04   -162.95  1.1224E-05   -166.06
   20.00    355.00     -0.38   -19.29    -0.32      0.0118      6.43 RIGHT   9.3983E-05   -160.51  1.0657E-05   -166.55
   25.00    355.00     -2.28   -19.96    -2.21      0.0243      7.31 RIGHT   7.5514E-05   -155.94  9.8581E-06   -166.83
   30.00    355.00     -4.55   -20.95    -4.45      0.0487      8.16 RIGHT   5.8127E-05   -147.45  8.8027E-06   -166.63
   35.00    355.00     -6.70   -22.35    -6.58      0.0873      7.97 RIGHT   4.5402E-05   -132.82  7.4877E-06   -165.48
   40.00    355.00     -7.63   -24.35    -7.54      0.1081      5.60 RIGHT   4.0768E-05   -114.10  5.9498E-06   -162.49
   45.00    355.00     -7.00   -27.19    -6.96      0.0797      3.24 RIGHT   4.3870E-05   -100.66  4.2906E-06   -155.50
   50.00    355.00     -5.66   -31.06    -5.65      0.0352      2.32 RIGHT   5.1161E-05    -97.13  2.7469E-06   -138.15
   55.00    355.00     -4.19   -34.11    -4.18      0.0020      1.82 LEFT    6.0616E-05   -100.87  1.9352E-06    -97.28
   60.00    355.00     -2.71   -32.25    -2.71      0.0262      1.18 LEFT    7.1823E-05   -108.03  2.3959E-06    -56.31
   65.00    355.00     -1.38   -29.72    -1.37      0.0373      0.49 LEFT    8.3785E-05   -115.67  3.2076E-06    -38.59
   70.00    355.00     -0.41   -28.54    -0.40      0.0392     -0.05 LEFT    9.3687E-05   -122.29  3.6720E-06    -31.00
   75.00    355.00     -0.10   -28.80    -0.10      0.0361     -0.38 LEFT    9.6996E-05   -127.49  3.5629E-06    -27.22
   80.00    355.00     -0.96   -30.77    -0.95      0.0310     -0.52 LEFT    8.7948E-05   -131.42  2.8403E-06    -25.17
   85.00    355.00     -4.37   -35.81    -4.37      0.0251     -0.53 LEFT    5.9360E-05   -134.43  1.5898E-06    -24.05
   90.00    355.00   -999.99  -999.99  -999.99      0.0000      0.00         4.7459E-15     42.90  9.8043E-17   -203.55


  AVERAGE POWER GAIN:  1.1512E+00 - SOLID ANGLE USED IN AVERAGING: (+1.9722)*PI STERADIANS



  DATA CARD No:   8 EN   0     0     0     0  0.00000E+00  0.00000E+00  0.00000E+00  0.00000E+00  0.00000E+00  0.00000E+00

  TOTAL RUN TIME: 60 msec