


                               __________________________________________
                              |                                          |
                              |  NUMERICAL ELECTROMAGNETICS CODE (nec2c) |
                              |   Translated to 'C' in Double Precision  |
                              |__________________________________________|



                               ---------------- COMMENTS ----------------
                               pattern-linked-17m
                              



                               -------- STRUCTURE SPECIFICATION --------
                                     COORDINATES MUST BE INPUT IN
                                     METERS OR BE SCALED TO METERS
                                     BEFORE STRUCTURE INPUT IS ENDED

  WIRE                                                                                 SEG FIRST  LAST  TAG
   No:        X1         Y1         Z1         X2         Y2         Z2       RADIUS   No:   SEG   SEG  No:
     1    -3.52695    0.00000    7.10771   -0.01000    0.00000    9.14400    0.00024    61     1    61    1
     2    -0.01000    0.00000    9.14400    0.01000    0.00000    9.14400    0.00024     1    62    62    2
     3     0.01000    0.00000    9.14400    3.52695    0.00000    7.10771    0.00024    61    63   123    3

     TOTAL SEGMENTS USED: 123   SEGMENTS IN A SYMMETRIC CELL: 123   SYMMETRY FLAG: 0


                               ---------- SEGMENTATION DATA ----------
                                        COORDINATES IN METERS
                            I+ AND I- INDICATE THE SEGMENTS BEFORE AND AFTER I

   SEG    COORDINATES OF SEGM CENTER     SEGM    ORIENTATION ANGLES    WIRE    CONNECTION DATA   TAG
   No:       X         Y         Z      LENGTH     ALPHA      BETA    RADIUS    I-     I    I+   No:
     1   -3.4981    0.0000    7.1244    0.0666   30.0705    0.0000    0.0002     0     1     2     1
     2   -3.4405    0.0000    7.1578    0.0666   30.0705    0.0000    0.0002     1     2     3     1
     3   -3.3828    0.0000    7.1912    0.0666   30.0705    0.0000    0.0002     2     3     4     1
     4   -3.3252    0.0000    7.2245    0.0666   30.0705    0.0000    0.0002     3     4     5     1
     5   -3.2675    0.0000    7.2579    0.0666   30.0705    0.0000    0.0002     4     5     6     1
     6   -3.2098    0.0000    7.2913    0.0666   30.0705    0.0000    0.0002     5     6     7     1
     7   -3.1522    0.0000    7.3247    0.0666   30.0705    0.0000    0.0002     6     7     8     1
     8   -3.0945    0.0000    7.3581    0.0666   30.0705    0.0000    0.0002     7     8     9     1
     9   -3.0369    0.0000    7.3915    0.0666   30.0705    0.0000    0.0002     8     9    10     1
    10   -2.9792    0.0000    7.4248    0.0666   30.0705    0.0000    0.0002     9    10    11     1
    11   -2.9216    0.0000    7.4582    0.0666   30.0705    0.0000    0.0002    10    11    12     1
    12   -2.8639    0.0000    7.4916    0.0666   30.0705    0.0000    0.0002    11    12    13     1
    13   -2.8063    0.0000    7.5250    0.0666   30.0705    0.0000    0.0002    12    13    14     1
    14   -2.7486    0.0000    7.5584    0.0666   30.0705    0.0000    0.0002    13    14    15     1
    15   -2.6910    0.0000    7.5917    0.0666   30.0705    0.0000    0.0002    14    15    16     1
    16   -2.6333    0.0000    7.6251    0.0666   30.0705    0.0000    0.0002    15    16    17     1
    17   -2.5756    0.0000    7.6585    0.0666   30.0705    0.0000    0.0002    16    17    18     1
    18   -2.5180    0.0000    7.6919    0.0666   30.0705    0.0000    0.0002    17    18    19     1
    19   -2.4603    0.0000    7.7253    0.0666   30.0705    0.0000    0.0002    18    19    20     1
    20   -2.4027    0.0000    7.7587    0.0666   30.0705    0.0000    0.0002    19    20    21     1
    21   -2.3450    0.0000    7.7920    0.0666   30.0705    0.0000    0.0002    20    21    22     1
    22   -2.2874    0.0000    7.8254    0.0666   30.0705    0.0000    0.0002    21    22    23     1
    23   -2.2297    0.0000    7.8588    0.0666   30.0705    0.0000    0.0002    22    23    24     1
    24   -2.1721    0.0000    7.8922    0.0666   30.0705    0.0000    0.0002    23    24    25     1
    25   -2.1144    0.0000    7.9256    0.0666   30.0705    0.0000    0.0002    24    25    26     1
    26   -2.0568    0.0000    7.9589    0.0666   30.0705    0.0000    0.0002    25    26    27     1
    27   -1.9991    0.0000    7.9923    0.0666   30.0705    0.0000    0.0002    26    27    28     1
    28   -1.9414    0.0000    8.0257    0.0666   30.0705    0.0000    0.0002    27    28    29     1
    29   -1.8838    0.0000    8.0591    0.0666   30.0705    0.0000    0.0002    28    29    30     1
    30   -1.8261    0.0000    8.0925    0.0666   30.0705    0.0000    0.0002    29    30    31     1
    31   -1.7685    0.0000    8.1259    0.0666   30.0705    0.0000    0.0002    30    31    32     1
    32   -1.7108    0.0000    8.1592    0.0666   30.0705    0.0000    0.0002    31    32    33     1
    33   -1.6532    0.0000    8.1926    0.0666   30.0705    0.0000    0.0002    32    33    34     1
    34   -1.5955    0.0000    8.2260    0.0666   30.0705    0.0000    0.0002    33    34    35     1
    35   -1.5379    0.0000    8.2594    0.0666   30.0705    0.0000    0.0002    34    35    36     1
    36   -1.4802    0.0000    8.2928    0.0666   30.0705    0.0000    0.0002    35    36    37     1
    37   -1.4225    0.0000    8.3261    0.0666   30.0705    0.0000    0.0002    36    37    38     1
    38   -1.3649    0.0000    8.3595    0.0666   30.0705    0.0000    0.0002    37    38    39     1
    39   -1.3072    0.0000    8.3929    0.0666   30.0705    0.0000    0.0002    38    39    40     1
    40   -1.2496    0.0000    8.4263    0.0666   30.0705    0.0000    0.0002    39    40    41     1
    41   -1.1919    0.0000    8.4597    0.0666   30.0705    0.0000    0.0002    40    41    42     1
    42   -1.1343    0.0000    8.4931    0.0666   30.0705    0.0000    0.0002    41    42    43     1
    43   -1.0766    0.0000    8.5264    0.0666   30.0705    0.0000    0.0002    42    43    44     1
    44   -1.0190    0.0000    8.5598    0.0666   30.0705    0.0000    0.0002    43    44    45     1
    45   -0.9613    0.0000    8.5932    0.0666   30.0705    0.0000    0.0002    44    45    46     1
    46   -0.9037    0.0000    8.6266    0.0666   30.0705    0.0000    0.0002    45    46    47     1
    47   -0.8460    0.0000    8.6600    0.0666   30.0705    0.0000    0.0002    46    47    48     1
    48   -0.7883    0.0000    8.6933    0.0666   30.0705    0.0000    0.0002    47    48    49     1
    49   -0.7307    0.0000    8.7267    0.0666   30.0705    0.0000    0.0002    48    49    50     1
    50   -0.6730    0.0000    8.7601    0.0666   30.0705    0.0000    0.0002    49    50    51     1
    51   -0.6154    0.0000    8.7935    0.0666   30.0705    0.0000    0.0002    50    51    52     1
    52   -0.5577    0.0000    8.8269    0.0666   30.0705    0.0000    0.0002    51    52    53     1
    53   -0.5001    0.0000    8.8603    0.0666   30.0705    0.0000    0.0002    52    53    54     1
    54   -0.4424    0.0000    8.8936    0.0666   30.0705    0.0000    0.0002    53    54    55     1
    55   -0.3848    0.0000    8.9270    0.0666   30.0705    0.0000    0.0002    54    55    56     1
    56   -0.3271    0.0000    8.9604    0.0666   30.0705    0.0000    0.0002    55    56    57     1
    57   -0.2694    0.0000    8.9938    0.0666   30.0705    0.0000    0.0002    56    57    58     1
    58   -0.2118    0.0000    9.0272    0.0666   30.0705    0.0000    0.0002    57    58    59     1
    59   -0.1541    0.0000    9.0605    0.0666   30.0705    0.0000    0.0002    58    59    60     1
    60   -0.0965    0.0000    9.0939    0.0666   30.0705    0.0000    0.0002    59    60    61     1
    61   -0.0388    0.0000    9.1273    0.0666   30.0705    0.0000    0.0002    60    61    62     1
    62    0.0000    0.0000    9.1440    0.0200    0.0000    0.0000    0.0002    61    62    63     2
    63    0.0388    0.0000    9.1273    0.0666  -30.0705    0.0000    0.0002    62    63    64     3
    64    0.0965    0.0000    9.0939    0.0666  -30.0705    0.0000    0.0002    63    64    65     3
    65    0.1541    0.0000    9.0605    0.0666  -30.0705    0.0000    0.0002    64    65    66     3
    66    0.2118    0.0000    9.0272    0.0666  -30.0705    0.0000    0.0002    65    66    67     3
    67    0.2694    0.0000    8.9938    0.0666  -30.0705    0.0000    0.0002    66    67    68     3
    68    0.3271    0.0000    8.9604    0.0666  -30.0705    0.0000    0.0002    67    68    69     3
    69    0.3848    0.0000    8.9270    0.0666  -30.0705    0.0000    0.0002    68    69    70     3
    70    0.4424    0.0000    8.8936    0.0666  -30.0705    0.0000    0.0002    69    70    71     3
    71    0.5001    0.0000    8.8603    0.0666  -30.0705    0.0000    0.0002    70    71    72     3
    72    0.5577    0.0000    8.8269    0.0666  -30.0705    0.0000    0.0002    71    72    73     3
    73    0.6154    0.0000    8.7935    0.0666  -30.0705    0.0000    0.0002    72    73    74     3
    74    0.6730    0.0000    8.7601    0.0666  -30.0705    0.0000    0.0002    73    74    75     3
    75    0.7307    0.0000    8.7267    0.0666  -30.0705    0.0000    0.0002    74    75    76     3
    76    0.7883    0.0000    8.6933    0.0666  -30.0705    0.0000    0.0002    75    76    77     3
    77    0.8460    0.0000    8.6600    0.0666  -30.0705    0.0000    0.0002    76    77    78     3
    78    0.9037    0.0000    8.6266    0.0666  -30.0705    0.0000    0.0002    77    78    79     3
    79    0.9613    0.0000    8.5932    0.0666  -30.0705    0.0000    0.0002    78    79    80     3
    80    1.0190    0.0000    8.5598    0.0666  -30.0705    0.0000    0.0002    79    80    81     3
    81    1.0766    0.0000    8.5264    0.0666  -30.0705    0.0000    0.0002    80    81    82     3
    82    1.1343    0.0000    8.4931    0.0666  -30.0705    0.0000    0.0002    81    82    83     3
    83    1.1919    0.0000    8.4597    0.0666  -30.0705    0.0000    0.0002    82    83    84     3
    84    1.2496    0.0000    8.4263    0.0666  -30.0705    0.0000    0.0002    83    84    85     3
    85    1.3072    0.0000    8.3929    0.0666  -30.0705    0.0000    0.0002    84    85    86     3
    86    1.3649    0.0000    8.3595    0.0666  -30.0705    0.0000    0.0002    85    86    87     3
    87    1.4225    0.0000    8.3261    0.0666  -30.0705    0.0000    0.0002    86    87    88     3
    88    1.4802    0.0000    8.2928    0.0666  -30.0705    0.0000    0.0002    87    88    89     3
    89    1.5379    0.0000    8.2594    0.0666  -30.0705    0.0000    0.0002    88    89    90     3
    90    1.5955    0.0000    8.2260    0.0666  -30.0705    0.0000    0.0002    89    90    91     3
    91    1.6532    0.0000    8.1926    0.0666  -30.0705    0.0000    0.0002    90    91    92     3
    92    1.7108    0.0000    8.1592    0.0666  -30.0705    0.0000    0.0002    91    92    93     3
    93    1.7685    0.0000    8.1259    0.0666  -30.0705    0.0000    0.0002    92    93    94     3
    94    1.8261    0.0000    8.0925    0.0666  -30.0705    0.0000    0.0002    93    94    95     3
    95    1.8838    0.0000    8.0591    0.0666  -30.0705    0.0000    0.0002    94    95    96     3
    96    1.9414    0.0000    8.0257    0.0666  -30.0705    0.0000    0.0002    95    96    97     3
    97    1.9991    0.0000    7.9923    0.0666  -30.0705    0.0000    0.0002    96    97    98     3
    98    2.0568    0.0000    7.9589    0.0666  -30.0705    0.0000    0.0002    97    98    99     3
    99    2.1144    0.0000    7.9256    0.0666  -30.0705    0.0000    0.0002    98    99   100     3
   100    2.1721    0.0000    7.8922    0.0666  -30.0705    0.0000    0.0002    99   100   101     3
   101    2.2297    0.0000    7.8588    0.0666  -30.0705    0.0000    0.0002   100   101   102     3
   102    2.2874    0.0000    7.8254    0.0666  -30.0705    0.0000    0.0002   101   102   103     3
   103    2.3450    0.0000    7.7920    0.0666  -30.0705    0.0000    0.0002   102   103   104     3
   104    2.4027    0.0000    7.7587    0.0666  -30.0705    0.0000    0.0002   103   104   105     3
   105    2.4603    0.0000    7.7253    0.0666  -30.0705    0.0000    0.0002   104   105   106     3
   106    2.5180    0.0000    7.6919    0.0666  -30.0705    0.0000    0.0002   105   106   107     3
   107    2.5756    0.0000    7.6585    0.0666  -30.0705    0.0000    0.0002   106   107   108     3
   108    2.6333    0.0000    7.6251    0.0666  -30.0705    0.0000    0.0002   107   108   109     3
   109    2.6910    0.0000    7.5917    0.0666  -30.0705    0.0000    0.0002   108   109   110     3
   110    2.7486    0.0000    7.5584    0.0666  -30.0705    0.0000    0.0002   109   110   111     3
   111    2.8063    0.0000    7.5250    0.0666  -30.0705    0.0000    0.0002   110   111   112     3
   112    2.8639    0.0000    7.4916    0.0666  -30.0705    0.0000    0.0002   111   112   113     3
   113    2.9216    0.0000    7.4582    0.0666  -30.0705    0.0000    0.0002   112   113   114     3
   114    2.9792    0.0000    7.4248    0.0666  -30.0705    0.0000    0.0002   113   114   115     3
   115    3.0369    0.0000    7.3915    0.0666  -30.0705    0.0000    0.0002   114   115   116     3
   116    3.0945    0.0000    7.3581    0.0666  -30.0705    0.0000    0.0002   115   116   117     3
   117    3.1522    0.0000    7.3247    0.0666  -30.0705    0.0000    0.0002   116   117   118     3
   118    3.2098    0.0000    7.2913    0.0666  -30.0705    0.0000    0.0002   117   118   119     3
   119    3.2675    0.0000    7.2579    0.0666  -30.0705    0.0000    0.0002   118   119   120     3
   120    3.3252    0.0000    7.2245    0.0666  -30.0705    0.0000    0.0002   119   120   121     3
   121    3.3828    0.0000    7.1912    0.0666  -30.0705    0.0000    0.0002   120   121   122     3
   122    3.4405    0.0000    7.1578    0.0666  -30.0705    0.0000    0.0002   121   122   123     3
   123    3.4981    0.0000    7.1244    0.0666  -30.0705    0.0000    0.0002   122   123     0     3



  DATA CARD No:   1 EK   0     0     0     0  0.00000E+00  0.00000E+00  0.00000E+00  0.00000E+00  0.00000E+00  0.00000E+00
  DATA CARD No:   2 LD   5     0     0     0  1.50000E+07  0.00000E+00  0.00000E+00  0.00000E+00  0.00000E+00  0.00000E+00
  DATA CARD No:   3 GN   2     0     0     0  1.30000E+01  5.00000E-03  0.00000E+00  0.00000E+00  0.00000E+00  0.00000E+00
  DATA CARD No:   4 FR   0     1     0     0  1.80800E+01  0.00000E+00  0.00000E+00  0.00000E+00  0.00000E+00  0.00000E+00
  DATA CARD No:   5 EX   0     2     1     0  1.00000E+00  0.00000E+00  0.00000E+00  0.00000E+00  0.00000E+00  0.00000E+00
  DATA CARD No:   6 PT  -1     0     0     0  0.00000E+00  0.00000E+00  0.00000E+00  0.00000E+00  0.00000E+00  0.00000E+00
  DATA CARD No:   7 RP   0    19    72  1001  0.00000E+00  0.00000E+00  5.00000E+00  5.00000E+00  1.00000E+03  0.00000E+00


                               --------- FREQUENCY --------
                                FREQUENCY : 1.8080E+01 MHz
                                WAVELENGTH: 1.6582E+01 Mtr

                        APPROXIMATE INTEGRATION EMPLOYED FOR SEGMENTS 
                        THAT ARE MORE THAN 1.000 WAVELENGTHS APART
                        THE EXTENDED THIN WIRE KERNEL WILL BE USED


                          ------ STRUCTURE IMPEDANCE LOADING ------
  LOCATION        RESISTANCE  INDUCTANCE  CAPACITANCE     IMPEDANCE (OHMS)   CONDUCTIVITY  CIRCUIT
  ITAG FROM THRU     OHMS       HENRYS      FARADS       REAL     IMAGINARY   MHOS/METER      TYPE
  ALL                                                                        1.5000E+07     WIRE  


                            -------- ANTENNA ENVIRONMENT --------
                            FINITE GROUND - SOMMERFELD SOLUTION
                            RELATIVE DIELECTRIC CONST: 13.000
                            CONDUCTIVITY:  5.000E-03 MHOS/METER
                            COMPLEX DIELECTRIC CONSTANT:  1.3000E+01-4.9712E+00j


                             ---------- MATRIX TIMING ----------
                               FILL: 10 msec  FACTOR: 10 msec


                        --------- ANTENNA INPUT PARAMETERS ---------
  TAG   SEG       VOLTAGE (VOLTS)         CURRENT (AMPS)         IMPEDANCE (OHMS)        ADMITTANCE (MHOS)     POWER
  No:   No:     REAL      IMAGINARY     REAL      IMAGINARY     REAL      IMAGINARY    REAL       IMAGINARY   (WATTS)
    2    62  1.0000E+00  0.0000E+00  1.8560E-02  2.1503E-06  5.3881E+01 -6.2426E-03  1.8560E-02  2.1503E-06  9.2798E-03


                               ---------- POWER BUDGET ---------
                               INPUT POWER   =  9.2798E-03 Watts
                               RADIATED POWER=  8.2465E-03 Watts
                               STRUCTURE LOSS=  1.0332E-03 Watts
                               NETWORK LOSS  =  0.0000E+00 Watts
                               EFFICIENCY    =   88.87 Percent


                             ---------- RADIATION PATTERNS -----------

                             RANGE:  1.000000E+03 METERS
                             EXP(-JKR)/R:  1.00000E-03 AT PHASE: -110.47 DEGREES

 ---- ANGLES -----     ----- POWER GAINS -----       ---- POLARIZATION ----   ---- E(THETA) ----    ----- E(PHI) ------
  THETA      PHI       VERTC    HORIZ    TOTAL       AXIAL      TILT  SENSE   MAGNITUDE    PHASE    MAGNITUDE     PHASE
 DEGREES   DEGREES        DB       DB       DB       RATIO   DEGREES            VOLTS/M   DEGREES     VOLTS/M   DEGREES
    0.00      0.00     -5.13  -999.99    -5.13      0.0000     -0.00 LINEAR  4.1322E-04     -5.35  0.0000E+00   -110.47
    5.00      0.00     -5.24  -999.99    -5.24      0.0000     -0.00 LINEAR  4.0812E-04     -7.32  0.0000E+00   -110.47
   10.00      0.00     -5.50  -999.99    -5.50      0.0000     -0.00 LINEAR  3.9584E-04    -13.31  0.0000E+00   -110.47
   15.00      0.00     -5.74  -999.99    -5.74      0.0000      0.00 LINEAR  3.8503E-04    -23.40  0.0000E+00   -110.47
   20.00      0.00     -5.68  -999.99    -5.68      0.0000      0.00 LINEAR  3.8771E-04    -36.77  0.0000E+00   -110.47
   25.00      0.00     -5.14  -999.99    -5.14      0.0000      0.00 LINEAR  4.1278E-04    -51.18  0.0000E+00   -110.47
   30.00      0.00     -4.22  -999.99    -4.22      0.0000      0.00 LINEAR  4.5902E-04    -64.11  0.0000E+00   -110.47
   35.00      0.00     -3.21  -999.99    -3.21      0.0000      0.00 LINEAR  5.1574E-04    -74.41  0.0000E+00   -110.47
   40.00      0.00     -2.35  -999.99    -2.35      0.0000      0.00 LINEAR  5.6899E-04    -82.25  0.0000E+00   -110.47
   45.00      0.00     -1.80  -999.99    -1.80      0.0000      0.00 LINEAR  6.0630E-04    -88.26  0.0000E+00   -110.47
   50.00      0.00     -1.62  -999.99    -1.62      0.0000      0.00 LINEAR  6.1889E-04    -93.05  0.0000E+00   -110.47
   55.00      0.00     -1.85  -999.99    -1.85      0.0000      0.00 LINEAR  6.0257E-04    -97.12  0.0000E+00   -110.47
   60.00      0.00     -2.52  -999.99    -2.52      0.0000      0.00 LINEAR  5.5804E-04   -100.85  0.0000E+00   -110.47
   65.00      0.00     -3.64  -999.99    -3.64      0.0000      0.00 LINEAR  4.9048E-04   -104.53  0.0000E+00   -110.47
   70.00      0.00     -5.24  -999.99    -5.24      0.0000      0.00 LINEAR  4.0807E-04   -108.40  0.0000E+00   -110.47
   75.00      0.00     -7.37  -999.99    -7.37      0.0000      0.00 LINEAR  3.1936E-04   -112.57  0.0000E+00   -110.47
   80.00      0.00    -10.25  -999.99   -10.25      0.0000      0.00 LINEAR  2.2918E-04   -116.90  0.0000E+00   -110.47
   85.00      0.00    -15.03  -999.99   -15.03      0.0000      0.00 LINEAR  1.3220E-04   -120.96  0.0000E+00   -110.47
   90.00      0.00   -999.99  -999.99  -999.99      0.0000      0.00         1.0005E-14     55.60  0.0000E+00   -110.47
    0.00      5.00     -5.16   -26.32    -5.13      0.0000     -5.00 LINEAR  4.1164E-04     -5.35  3.6014E-05   -185.35
    5.00      5.00     -5.27   -26.47    -5.24      0.0006     -4.98 LEFT    4.0657E-04     -7.32  3.5422E-05   -187.69
   10.00      5.00     -5.54   -26.83    -5.50      0.0027     -4.92 LEFT    3.9435E-04    -13.31  3.3997E-05   -195.09
   15.00      5.00     -5.78   -27.10    -5.74      0.0073     -4.89 LEFT    3.8360E-04    -23.40  3.2920E-05   -208.35
   20.00      5.00     -5.72   -26.76    -5.68      0.0152     -4.99 LEFT    3.8631E-04    -36.77  3.4265E-05   -226.71
   25.00      5.00     -5.17   -25.41    -5.13      0.0244     -5.38 LEFT    4.1133E-04    -51.19  4.0032E-05   -245.84
   30.00      5.00     -4.25   -23.38    -4.19      0.0321     -6.04 LEFT    4.5746E-04    -64.12  5.0563E-05   -261.23
   35.00      5.00     -3.23   -21.24    -3.17      0.0375     -6.85 LEFT    5.1407E-04    -74.42  6.4700E-05   -272.04
   40.00      5.00     -2.38   -19.30    -2.29      0.0413     -7.77 LEFT    5.6721E-04    -82.26  8.0816E-05   -279.43
   45.00      5.00     -1.83   -17.70    -1.72      0.0441     -8.79 LEFT    6.0447E-04    -88.26  9.7188E-05   -284.58
   50.00      5.00     -1.65   -16.47    -1.51      0.0462     -9.95 LEFT    6.1708E-04    -93.06  1.1198E-04   -288.26
   55.00      5.00     -1.88   -15.64    -1.70      0.0472    -11.29 LEFT    6.0085E-04    -97.13  1.2328E-04     69.03
   60.00      5.00     -2.54   -15.23    -2.32      0.0463    -12.81 LEFT    5.5648E-04   -100.86  1.2915E-04     67.04
   65.00      5.00     -3.67   -15.32    -3.38      0.0421    -14.47 LEFT    4.8912E-04   -104.54  1.2792E-04     65.56
   70.00      5.00     -5.26   -15.99    -4.91      0.0331    -16.12 LEFT    4.0693E-04   -108.42  1.1834E-04     64.51
   75.00      5.00     -7.39   -17.46    -6.99      0.0180    -17.39 LEFT    3.1846E-04   -112.59  9.9890E-05     63.81
   80.00      5.00    -10.28   -20.19    -9.85      0.0017    -17.71 RIGHT   2.2852E-04   -116.92  7.2958E-05     63.41
   85.00      5.00    -15.05   -25.65   -14.69      0.0203    -16.41 RIGHT   1.3181E-04   -120.99  3.8903E-05     63.29
   90.00      5.00   -999.99  -999.99  -999.99      0.0000      0.00         9.9754E-15     55.57  2.3616E-15   -116.57
    0.00     10.00     -5.26   -20.34    -5.13      0.0000    -10.00 LINEAR  4.0694E-04     -5.35  7.1754E-05   -185.35
    5.00     10.00     -5.37   -20.48    -5.24      0.0011     -9.96 LEFT    4.0194E-04     -7.32  7.0576E-05   -187.69
   10.00     10.00     -5.64   -20.84    -5.51      0.0052     -9.85 LEFT    3.8988E-04    -13.32  6.7742E-05   -195.09
   15.00     10.00     -5.87   -21.11    -5.75      0.0145     -9.78 LEFT    3.7931E-04    -23.41  6.5607E-05   -208.36
   20.00     10.00     -5.81   -20.76    -5.67      0.0299    -10.00 LEFT    3.8209E-04    -36.79  6.8309E-05   -226.72
   25.00     10.00     -5.26   -19.41    -5.10      0.0479    -10.77 LEFT    4.0698E-04    -51.21  7.9834E-05   -245.86
   30.00     10.00     -4.34   -17.38    -4.13      0.0626    -12.07 LEFT    4.5281E-04    -64.15  1.0087E-04   -261.24
   35.00     10.00     -3.32   -15.23    -3.05      0.0724    -13.67 LEFT    5.0903E-04    -74.45  1.2912E-04   -272.05
   40.00     10.00     -2.46   -13.30    -2.12      0.0787    -15.44 LEFT    5.6185E-04    -82.28  1.6133E-04   -279.44
   45.00     10.00     -1.91   -11.69    -1.47      0.0828    -17.40 LEFT    5.9896E-04    -88.29  1.9407E-04   -284.58
   50.00     10.00     -1.72   -10.46    -1.18      0.0851    -19.59 LEFT    6.1163E-04    -93.08  2.2368E-04   -288.27
   55.00     10.00     -1.95    -9.62    -1.27      0.0849    -22.04 LEFT    5.9568E-04    -97.16  2.4630E-04     69.03
   60.00     10.00     -2.62    -9.22    -1.76      0.0809    -24.75 LEFT    5.5179E-04   -100.89  2.5811E-04     67.03
   65.00     10.00     -3.74    -9.30    -2.67      0.0710    -27.60 LEFT    4.8503E-04   -104.58  2.5570E-04     65.56
   70.00     10.00     -5.34    -9.97    -4.05      0.0536    -30.29 LEFT    4.0351E-04   -108.46  2.3659E-04     64.51
   75.00     10.00     -7.47   -11.44    -6.01      0.0280    -32.30 LEFT    3.1575E-04   -112.65  1.9974E-04     63.80
   80.00     10.00    -10.35   -14.17    -8.84      0.0032    -32.78 RIGHT   2.2653E-04   -117.00  1.4591E-04     63.40
   85.00     10.00    -15.13   -19.63   -13.81      0.0335    -30.74 RIGHT   1.3064E-04   -121.08  7.7808E-05     63.29
   90.00     10.00   -999.99  -999.99  -999.99      0.0000      0.00         9.8866E-15     55.47  4.7234E-15   -116.57
    0.00     15.00     -5.43   -16.87    -5.13      0.0000    -15.00 LINEAR  3.9914E-04     -5.35  1.0695E-04   -185.35
    5.00     15.00     -5.54   -17.01    -5.24      0.0016    -14.94 LEFT    3.9424E-04     -7.32  1.0520E-04   -187.69
   10.00     15.00     -5.80   -17.37    -5.51      0.0077    -14.78 LEFT    3.8247E-04    -13.32  1.0098E-04   -195.10
   15.00     15.00     -6.04   -17.64    -5.75      0.0212    -14.68 LEFT    3.7219E-04    -23.43  9.7830E-05   -208.38
   20.00     15.00     -5.97   -17.29    -5.66      0.0437    -15.01 LEFT    3.7507E-04    -36.82  1.0191E-04   -226.75
   25.00     15.00     -5.42   -15.93    -5.05      0.0695    -16.17 LEFT    3.9974E-04    -51.25  1.1918E-04   -245.89
   30.00     15.00     -4.49   -13.89    -4.01      0.0899    -18.08 LEFT    4.4504E-04    -64.19  1.5067E-04   -261.27
   35.00     15.00     -3.46   -11.74    -2.86      0.1024    -20.40 LEFT    5.0062E-04    -74.49  1.9296E-04   -272.07
   40.00     15.00     -2.60    -9.81    -1.84      0.1092    -22.92 LEFT    5.5289E-04    -82.32  2.4122E-04   -279.45
   45.00     15.00     -2.04    -8.20    -1.10      0.1124    -25.64 LEFT    5.8972E-04    -88.33  2.9032E-04   -284.60
   50.00     15.00     -1.86    -6.96    -0.69      0.1124    -28.60 LEFT    6.0248E-04    -93.13  3.3477E-04   -288.28
   55.00     15.00     -2.08    -6.12    -0.64      0.1085    -31.81 LEFT    5.8699E-04    -97.20  3.6879E-04     69.02
   60.00     15.00     -2.74    -5.71    -0.97      0.0995    -35.21 LEFT    5.4388E-04   -100.94  3.8663E-04     67.02
   65.00     15.00     -3.86    -5.79    -1.71      0.0837    -38.62 LEFT    4.7813E-04   -104.64  3.8316E-04     65.55
   70.00     15.00     -5.46    -6.46    -2.92      0.0605    -41.70 LEFT    3.9776E-04   -108.54  3.5464E-04     64.50
   75.00     15.00     -7.59    -7.93    -4.75      0.0302    -43.90 LEFT    3.1118E-04   -112.74  2.9949E-04     63.79
   80.00     15.00    -10.48   -10.65    -7.56      0.0045    -44.43 RIGHT   2.2319E-04   -117.12  2.1881E-04     63.40
   85.00     15.00    -15.26   -16.11   -12.66      0.0391    -42.19 RIGHT   1.2868E-04   -121.22  1.1670E-04     63.28
   90.00     15.00   -999.99  -999.99  -999.99      0.0000      0.00         9.7374E-15     55.32  7.0843E-15   -116.58
    0.00     20.00     -5.67   -14.45    -5.13      0.0000    -20.00 LINEAR  3.8830E-04     -5.35  1.4133E-04   -185.35
    5.00     20.00     -5.78   -14.59    -5.24      0.0021    -19.92 LEFT    3.8356E-04     -7.32  1.3902E-04   -187.69
   10.00     20.00     -6.04   -14.95    -5.51      0.0099    -19.72 LEFT    3.7216E-04    -13.34  1.3348E-04   -195.11
   15.00     20.00     -6.27   -15.22    -5.75      0.0273    -19.60 LEFT    3.6228E-04    -23.46  1.2936E-04   -208.40
   20.00     20.00     -6.20   -14.86    -5.65      0.0562    -20.05 LEFT    3.6530E-04    -36.86  1.3484E-04   -226.79
   25.00     20.00     -5.64   -13.49    -4.98      0.0885    -21.58 LEFT    3.8963E-04    -51.31  1.5782E-04   -245.93
   30.00     20.00     -4.70   -11.45    -3.87      0.1127    -24.06 LEFT    4.3417E-04    -64.25  1.9969E-04   -261.30
   35.00     20.00     -3.67    -9.29    -2.62      0.1259    -26.99 LEFT    4.8881E-04    -74.55  2.5592E-04   -272.10
   40.00     20.00     -2.80    -7.35    -1.49      0.1311    -30.10 LEFT    5.4028E-04    -82.38  3.2014E-04   -279.47
   45.00     20.00     -2.24    -5.73    -0.63      0.1314    -33.35 LEFT    5.7668E-04    -88.38  3.8554E-04   -284.61
   50.00     20.00     -2.04    -4.49    -0.09      0.1274    -36.77 LEFT    5.8953E-04    -93.18  4.4486E-04   -288.29
   55.00     20.00     -2.27    -3.64     0.11      0.1188    -40.34 LEFT    5.7467E-04    -97.26  4.9037E-04     69.01
   60.00     20.00     -2.93    -3.23    -0.06      0.1049    -43.98 LEFT    5.3265E-04   -101.01  5.1438E-04     67.01
   65.00     20.00     -4.04    -3.30    -0.65      0.0849    -47.48 LEFT    4.6834E-04   -104.72  5.1002E-04     65.54
   70.00     20.00     -5.64    -3.97    -1.72      0.0590    -50.52 LEFT    3.8959E-04   -108.64  4.7227E-04     64.49
   75.00     20.00     -7.78    -5.44    -3.44      0.0282    -52.64 LEFT    3.0471E-04   -112.87  3.9895E-04     63.78
   80.00     20.00    -10.67    -8.16    -6.22      0.0056    -53.16 RIGHT   2.1847E-04   -117.28  2.9155E-04     63.39
   85.00     20.00    -15.45   -13.62   -11.43      0.0400    -51.02 RIGHT   1.2592E-04   -121.41  1.5552E-04     63.27
   90.00     20.00   -999.99  -999.99  -999.99      0.0000      0.00         9.5263E-15     55.12  9.4416E-15   -116.59
    0.00     25.00     -5.98   -12.61    -5.13      0.0000    -25.00 LINEAR  3.7450E-04     -5.35  1.7463E-04   -185.35
    5.00     25.00     -6.09   -12.75    -5.24      0.0025    -24.91 LEFT    3.6995E-04     -7.33  1.7179E-04   -187.70
   10.00     25.00     -6.35   -13.11    -5.52      0.0118    -24.67 LEFT    3.5904E-04    -13.35  1.6498E-04   -195.13
   15.00     25.00     -6.58   -13.37    -5.76      0.0327    -24.53 LEFT    3.4965E-04    -23.49  1.5996E-04   -208.43
   20.00     25.00     -6.50   -13.01    -5.63      0.0669    -25.10 LEFT    3.5281E-04    -36.92  1.6687E-04   -226.84
   25.00     25.00     -5.93   -11.63    -4.90      0.1043    -26.99 LEFT    3.7668E-04    -51.37  1.9551E-04   -245.98
   30.00     25.00     -4.98    -9.58    -3.69      0.1302    -29.96 LEFT    4.2019E-04    -64.32  2.4763E-04   -261.35
   35.00     25.00     -3.95    -7.42    -2.33      0.1420    -33.37 LEFT    4.7357E-04    -74.62  3.1764E-04   -272.13
   40.00     25.00     -3.07    -5.46    -1.09      0.1441    -36.86 LEFT    5.2395E-04    -82.45  3.9767E-04   -279.50
   45.00     25.00     -2.49    -3.84    -0.11      0.1404    -40.39 LEFT    5.5975E-04    -88.45  4.7931E-04   -284.63
   50.00     25.00     -2.30    -2.59     0.57      0.1321    -43.99 LEFT    5.7266E-04    -93.25  5.5348E-04   -288.31
   55.00     25.00     -2.51    -1.74     0.90      0.1194    -47.62 LEFT    5.5858E-04    -97.34  6.1056E-04     68.99
   60.00     25.00     -3.17    -1.32     0.87      0.1020    -51.18 LEFT    5.1796E-04   -101.09  6.4089E-04     67.00
   65.00     25.00     -4.28    -1.39     0.41      0.0799    -54.51 LEFT    4.5551E-04   -104.82  6.3585E-04     65.53
   70.00     25.00     -5.88    -2.05    -0.55      0.0538    -57.33 LEFT    3.7889E-04   -108.76  5.8910E-04     64.47
   75.00     25.00     -8.02    -3.51    -2.20      0.0246    -59.26 LEFT    2.9625E-04   -113.03  4.9786E-04     63.77
   80.00     25.00    -10.91    -6.23    -4.96      0.0065    -59.75 RIGHT   2.1230E-04   -117.48  3.6395E-04     63.37
   85.00     25.00    -15.70   -11.69   -10.24      0.0386    -57.83 RIGHT   1.2231E-04   -121.65  1.9417E-04     63.25
   90.00     25.00   -999.99  -999.99  -999.99      0.0000      0.00         9.2523E-15     54.86  1.1789E-14   -116.60
    0.00     30.00     -6.38   -11.15    -5.13      0.0000    -30.00 LINEAR  3.5786E-04     -5.35  2.0661E-04   -185.35
    5.00     30.00     -6.49   -11.29    -5.24      0.0028    -29.90 LEFT    3.5354E-04     -7.33  2.0326E-04   -187.70
   10.00     30.00     -6.74   -11.64    -5.53      0.0133    -29.63 LEFT    3.4319E-04    -13.36  1.9525E-04   -195.14
   15.00     30.00     -6.97   -11.91    -5.76      0.0370    -29.48 LEFT    3.3438E-04    -23.52  1.8941E-04   -208.47
   20.00     30.00     -6.88   -11.53    -5.60      0.0756    -30.17 LEFT    3.3768E-04    -36.97  1.9778E-04   -226.90
   25.00     30.00     -6.31   -10.14    -4.80      0.1161    -32.37 LEFT    3.6093E-04    -51.45  2.3200E-04   -246.04
   30.00     30.00     -5.35    -8.08    -3.49      0.1419    -35.74 LEFT    4.0312E-04    -64.40  2.9418E-04   -261.40
   35.00     30.00     -4.30    -5.91    -2.02      0.1509    -39.46 LEFT    4.5488E-04    -74.70  3.7773E-04   -272.17
   40.00     30.00     -3.41    -3.95    -0.66      0.1492    -43.13 LEFT    5.0384E-04    -82.53  4.7337E-04   -279.53
   45.00     30.00     -2.83    -2.32     0.45      0.1414    -46.73 LEFT    5.3882E-04    -88.53  5.7108E-04   -284.66
   50.00     30.00     -2.62    -1.06     1.24      0.1295    -50.28 LEFT    5.5174E-04    -93.33  6.6005E-04   -288.33
   55.00     30.00     -2.83    -0.20     1.69      0.1139    -53.77 LEFT    5.3857E-04    -97.42  7.2874E-04     68.98
   60.00     30.00     -3.48     0.23     1.77      0.0947    -57.10 LEFT    4.9966E-04   -101.19  7.6555E-04     66.98
   65.00     30.00     -4.59     0.16     1.42      0.0723    -60.13 LEFT    4.3952E-04   -104.93  7.6008E-04     65.51
   70.00     30.00     -6.19    -0.49     0.54      0.0474    -62.67 LEFT    3.6556E-04   -108.90  7.0462E-04     64.46
   75.00     30.00     -8.34    -1.95    -1.05      0.0207    -64.40 LEFT    2.8572E-04   -113.21  5.9578E-04     63.76
   80.00     30.00    -11.23    -4.67    -3.80      0.0072    -64.84 RIGHT   2.0465E-04   -117.71  4.3568E-04     63.36
   85.00     30.00    -16.03   -10.13    -9.13      0.0363    -63.18 RIGHT   1.1785E-04   -121.92  2.3249E-04     63.24
   90.00     30.00   -999.99  -999.99  -999.99      0.0000      0.00         8.9128E-15     54.57  1.4117E-14   -116.62
    0.00     35.00     -6.86    -9.96    -5.13      0.0000    -35.00 LINEAR  3.3849E-04     -5.35  2.3701E-04   -185.35
    5.00     35.00     -6.97   -10.10    -5.25      0.0030    -34.89 LEFT    3.3443E-04     -7.33  2.3319E-04   -187.70
   10.00     35.00     -7.22   -10.45    -5.53      0.0145    -34.60 LEFT    3.2473E-04    -13.38  2.2406E-04   -195.16
   15.00     35.00     -7.44   -10.71    -5.77      0.0403    -34.45 LEFT    3.1656E-04    -23.56  2.1748E-04   -208.51
   20.00     35.00     -7.35   -10.32    -5.58      0.0819    -35.26 LEFT    3.1997E-04    -37.04  2.2733E-04   -226.96
   25.00     35.00     -6.76    -8.92    -4.70      0.1239    -37.72 LEFT    3.4243E-04    -51.53  2.6702E-04   -246.11
   30.00     35.00     -5.79    -6.85    -3.28      0.1479    -41.36 LEFT    3.8299E-04    -64.50  3.3901E-04   -261.45
   35.00     35.00     -4.73    -4.67    -1.69      0.1532    -45.21 LEFT    4.3275E-04    -74.79  4.3579E-04   -272.21
   40.00     35.00     -3.83    -2.70    -0.22      0.1477    -48.89 LEFT    4.7992E-04    -82.61  5.4670E-04   -279.56
   45.00     35.00     -3.24    -1.06     1.00      0.1366    -52.38 LEFT    5.1381E-04    -88.61  6.6022E-04   -284.68
   50.00     35.00     -3.02     0.21     1.90      0.1222    -55.75 LEFT    5.2666E-04    -93.42  7.6384E-04   -288.35
   55.00     35.00     -3.23     1.07     2.45      0.1051    -58.97 LEFT    5.1449E-04    -97.52  8.4413E-04     68.96
   60.00     35.00     -3.87     1.51     2.61      0.0856    -62.00 LEFT    4.7759E-04   -101.29  8.8756E-04     66.96
   65.00     35.00     -4.98     1.45     2.34      0.0640    -64.71 LEFT    4.2022E-04   -105.06  8.8190E-04     65.49
   70.00     35.00     -6.59     0.80     1.53      0.0410    -66.96 LEFT    3.4948E-04   -109.06  8.1810E-04     64.44
   75.00     35.00     -8.73    -0.65    -0.02      0.0170    -68.49 LEFT    2.7304E-04   -113.41  6.9210E-04     63.74
   80.00     35.00    -11.63    -3.37    -2.76      0.0076    -68.90 RIGHT   1.9545E-04   -117.96  5.0633E-04     63.34
   85.00     35.00    -16.43    -8.82    -8.12      0.0337    -67.47 RIGHT   1.1249E-04   -122.22  2.7026E-04     63.22
   90.00     35.00   -999.99  -999.99  -999.99      0.0000      0.00         8.5064E-15     54.25  1.6411E-14   -116.63
    0.00     40.00     -7.45    -8.97    -5.13      0.0000    -40.00 LINEAR  3.1654E-04     -5.35  2.6561E-04   -185.35
    5.00     40.00     -7.55    -9.11    -5.25      0.0032    -39.88 LEFT    3.1277E-04     -7.34  2.6135E-04   -187.71
   10.00     40.00     -7.80    -9.45    -5.54      0.0152    -39.58 LEFT    3.0379E-04    -13.40  2.5119E-04   -195.18
   15.00     40.00     -8.02    -9.71    -5.77      0.0424    -39.45 LEFT    2.9632E-04    -23.60  2.4397E-04   -208.55
   20.00     40.00     -7.92    -9.31    -5.55      0.0856    -40.35 LEFT    2.9980E-04    -37.11  2.5530E-04   -227.02
   25.00     40.00     -7.32    -7.90    -4.59      0.1274    -43.00 LEFT    3.2126E-04    -51.62  3.0030E-04   -246.18
   30.00     40.00     -6.33    -5.82    -3.06      0.1484    -46.77 LEFT    3.5985E-04    -64.59  3.8177E-04   -261.51
   35.00     40.00     -5.26    -3.63    -1.36      0.1499    -50.60 LEFT    4.0718E-04    -74.88  4.9134E-04   -272.25
   40.00     40.00     -4.35    -1.65     0.22      0.1413    -54.14 LEFT    4.5216E-04    -82.70  6.1708E-04   -279.59
   45.00     40.00     -3.74     0.00     1.53      0.1280    -57.42 LEFT    4.8467E-04    -88.70  7.4602E-04   -284.71
   50.00     40.00     -3.52     1.28     2.52      0.1123    -60.50 LEFT    4.9730E-04    -93.51  8.6402E-04   -288.37
   55.00     40.00     -3.72     2.15     3.15      0.0948    -63.42 LEFT    4.8623E-04    -97.61  9.5580E-04     68.94
   60.00     40.00     -4.36     2.60     3.39      0.0759    -66.12 LEFT    4.5163E-04   -101.40  1.0059E-03     66.94
   65.00     40.00     -5.47     2.55     3.19      0.0558    -68.52 LEFT    3.9749E-04   -105.19  1.0003E-03     65.48
   70.00     40.00     -7.07     1.90     2.42      0.0350    -70.49 LEFT    3.3055E-04   -109.22  9.2862E-04     64.43
   75.00     40.00     -9.22     0.46     0.90      0.0138    -71.83 LEFT    2.5814E-04   -113.62  7.8606E-04     63.72
   80.00     40.00    -12.13    -2.26    -1.83      0.0079    -72.21 RIGHT   1.8468E-04   -118.23  5.7530E-04     63.33
   85.00     40.00    -16.93    -7.71    -7.22      0.0310    -70.99 RIGHT   1.0624E-04   -122.54  3.0715E-04     63.21
   90.00     40.00   -999.99  -999.99  -999.99      0.0000      0.00         8.0315E-15     53.91  1.8653E-14   -116.65
    0.00     45.00     -8.14    -8.14    -5.13      0.0000    -45.00 LINEAR  2.9219E-04     -5.35  2.9219E-04   -185.35
    5.00     45.00     -8.24    -8.28    -5.25      0.0032    -44.88 LEFT    2.8874E-04     -7.34  2.8753E-04   -187.71
   10.00     45.00     -8.49    -8.62    -5.55      0.0155    -44.58 LEFT    2.8052E-04    -13.42  2.7644E-04   -195.20
   15.00     45.00     -8.71    -8.87    -5.78      0.0432    -44.46 LEFT    2.7379E-04    -23.65  2.6867E-04   -208.60
   20.00     45.00     -8.60    -8.47    -5.52      0.0867    -45.44 LEFT    2.7728E-04    -37.18  2.8146E-04   -227.09
   25.00     45.00     -7.98    -7.04    -4.48      0.1267    -48.20 LEFT    2.9754E-04    -51.72  3.3155E-04   -246.25
   30.00     45.00     -6.98    -4.95    -2.84      0.1442    -51.95 LEFT    3.3377E-04    -64.69  4.2207E-04   -261.57
   35.00     45.00     -5.90    -2.74    -1.03      0.1423    -55.63 LEFT    3.7822E-04    -74.98  5.4387E-04   -272.30
   40.00     45.00     -4.98    -0.75     0.64      0.1314    -58.92 LEFT    4.2057E-04    -82.80  6.8385E-04   -279.63
   45.00     45.00     -4.36     0.90     2.03      0.1170    -61.91 LEFT    4.5137E-04    -88.80  8.2767E-04   -284.73
   50.00     45.00     -4.13     2.19     3.10      0.1010    -64.68 LEFT    4.6364E-04    -93.60  9.5963E-04   -288.40
   55.00     45.00     -4.32     3.07     3.80      0.0841    -67.27 LEFT    4.5371E-04    -97.71  1.0627E-03     68.92
   60.00     45.00     -4.95     3.53     4.10      0.0664    -69.65 LEFT    4.2168E-04   -101.52  1.1194E-03     66.93
   65.00     45.00     -6.06     3.49     3.94      0.0481    -71.75 LEFT    3.7124E-04   -105.33  1.1142E-03     65.46
   70.00     45.00     -7.66     2.85     3.22      0.0296    -73.47 LEFT    3.0870E-04   -109.39  1.0351E-03     64.41
   75.00     45.00     -9.81     1.40     1.72      0.0110    -74.64 LEFT    2.4098E-04   -113.83  8.7667E-04     63.71
   80.00     45.00    -12.73    -1.30    -1.00      0.0079    -74.98 RIGHT   1.7230E-04   -118.50  6.4190E-04     63.31
   85.00     45.00    -17.54    -6.75    -6.40      0.0282    -73.95 RIGHT   9.9061E-05   -122.87  3.4280E-04     63.19
   90.00     45.00   -999.99  -999.99  -999.99      0.0000      0.00         7.4876E-15     53.56  2.0820E-14   -116.67
    0.00     50.00     -8.97    -7.45    -5.13      0.0000    -50.00 LINEAR  2.6561E-04     -5.35  3.1654E-04   -185.35
    5.00     50.00     -9.07    -7.58    -5.25      0.0032    -49.88 LEFT    2.6250E-04     -7.35  3.1152E-04   -187.72
   10.00     50.00     -9.32    -7.92    -5.56      0.0153    -49.59 LEFT    2.5510E-04    -13.44  2.9960E-04   -195.22
   15.00     50.00     -9.53    -8.17    -5.78      0.0427    -49.48 LEFT    2.4912E-04    -23.69  2.9136E-04   -208.64
   20.00     50.00     -9.41    -7.75    -5.49      0.0851    -50.51 LEFT    2.5255E-04    -37.25  3.0559E-04   -227.16
   25.00     50.00     -8.78    -6.32    -4.37      0.1222    -53.28 LEFT    2.7137E-04    -51.81  3.6049E-04   -246.32
   30.00     50.00     -7.77    -4.21    -2.62      0.1359    -56.89 LEFT    3.0488E-04    -64.79  4.5954E-04   -261.62
   35.00     50.00     -6.67    -1.99    -0.72      0.1314    -60.31 LEFT    3.4599E-04    -75.08  5.9288E-04   -272.34
   40.00     50.00     -5.74     0.00     1.03      0.1193    -63.29 LEFT    3.8525E-04    -82.89  7.4632E-04   -279.66
   45.00     50.00     -5.11     1.67     2.50      0.1047    -65.96 LEFT    4.1396E-04    -88.89  9.0429E-04   -284.76
   50.00     50.00     -4.87     2.97     3.63      0.0892    -68.40 LEFT    4.2567E-04    -93.70  1.0496E-03   -288.42
   55.00     50.00     -5.05     3.86     4.39      0.0734    -70.67 LEFT    4.1692E-04    -97.81  1.1635E-03     68.90
   60.00     50.00     -5.68     4.32     4.74      0.0573    -72.73 LEFT    3.8773E-04   -101.63  1.2268E-03     66.91
   65.00     50.00     -6.79     4.29     4.61      0.0411    -74.55 LEFT    3.4145E-04   -105.46  1.2221E-03     65.44
   70.00     50.00     -8.39     3.65     3.92      0.0248    -76.04 LEFT    2.8391E-04   -109.56  1.1361E-03     64.39
   75.00     50.00    -10.54     2.22     2.44      0.0086    -77.05 LEFT    2.2154E-04   -114.05  9.6284E-04     63.69
   80.00     50.00    -13.46    -0.49    -0.27      0.0077    -77.36 RIGHT   1.5830E-04   -118.77  7.0529E-04     63.29
   85.00     50.00    -18.28    -5.93    -5.69      0.0253    -76.50 RIGHT   9.0969E-05   -123.20  3.7675E-04     63.17
   90.00     50.00   -999.99  -999.99  -999.99      0.0000      0.00         6.8745E-15     53.21  2.2884E-14   -116.69
    0.00     55.00     -9.96    -6.86    -5.13      0.0000    -55.00 LINEAR  2.3701E-04     -5.35  3.3849E-04   -185.35
    5.00     55.00    -10.06    -7.00    -5.26      0.0030    -54.89 LEFT    2.3425E-04     -7.35  3.3315E-04   -187.72
   10.00     55.00    -10.31    -7.34    -5.56      0.0147    -54.61 LEFT    2.2772E-04    -13.46  3.2049E-04   -195.24
   15.00     55.00    -10.51    -7.57    -5.79      0.0409    -54.53 LEFT    2.2251E-04    -23.73  3.1188E-04   -208.68
   20.00     55.00    -10.38    -7.15    -5.46      0.0809    -55.56 LEFT    2.2579E-04    -37.32  3.2746E-04   -227.23
   25.00     55.00     -9.74    -5.70    -4.26      0.1142    -58.24 LEFT    2.4294E-04    -51.90  3.8683E-04   -246.39
   30.00     55.00     -8.72    -3.58    -2.42      0.1243    -61.60 LEFT    2.7333E-04    -64.88  4.9377E-04   -261.68
   35.00     55.00     -7.61    -1.36    -0.44      0.1181    -64.67 LEFT    3.1062E-04    -75.17  6.3780E-04   -272.38
   40.00     55.00     -6.66     0.65     1.39      0.1057    -67.31 LEFT    3.4632E-04    -82.98  8.0376E-04   -279.69
   45.00     55.00     -6.03     2.33     2.92      0.0916    -69.63 LEFT    3.7257E-04    -88.97  9.7494E-04   -284.79
   50.00     55.00     -5.78     3.63     4.10      0.0773    -71.75 LEFT    3.8350E-04    -93.79  1.1328E-03   -288.44
   55.00     55.00     -5.95     4.53     4.90      0.0630    -73.70 LEFT    3.7593E-04    -97.91  1.2569E-03     68.88
   60.00     55.00     -6.58     5.00     5.29      0.0487    -75.47 LEFT    3.4982E-04   -101.74  1.3266E-03     66.89
   65.00     55.00     -7.68     4.97     5.20      0.0346    -77.02 LEFT    3.0815E-04   -105.59  1.3225E-03     65.42
   70.00     55.00     -9.28     4.35     4.53      0.0206    -78.29 LEFT    2.5621E-04   -109.72  1.2304E-03     64.37
   75.00     55.00    -11.44     2.91     3.07      0.0067    -79.16 LEFT    1.9985E-04   -114.25  1.0433E-03     63.67
   80.00     55.00    -14.36     0.21     0.36      0.0073    -79.43 RIGHT   1.4273E-04   -119.04  7.6454E-04     63.28
   85.00     55.00    -19.18    -5.23    -5.06      0.0224    -78.72 RIGHT   8.1978E-05   -123.51  4.0850E-04     63.16
   90.00     55.00   -999.99  -999.99  -999.99      0.0000      0.00         6.1939E-15     52.87  2.4815E-14   -116.70
    0.00     60.00    -11.15    -6.38    -5.13      0.0000    -60.00 LINEAR  2.0661E-04     -5.35  3.5786E-04   -185.35
    5.00     60.00    -11.25    -6.52    -5.26      0.0028    -59.90 LEFT    2.0422E-04     -7.36  3.5224E-04   -187.73
   10.00     60.00    -11.50    -6.85    -5.57      0.0136    -59.64 LEFT    1.9858E-04    -13.47  3.3895E-04   -195.25
   15.00     60.00    -11.69    -7.08    -5.79      0.0378    -59.58 LEFT    1.9414E-04    -23.77  3.3003E-04   -208.73
   20.00     60.00    -11.56    -6.65    -5.43      0.0743    -60.57 LEFT    1.9718E-04    -37.39  3.4689E-04   -227.29
   25.00     60.00    -10.91    -5.19    -4.16      0.1031    -63.07 LEFT    2.1242E-04    -51.98  4.1032E-04   -246.45
   30.00     60.00     -9.87    -3.06    -2.24      0.1102    -66.09 LEFT    2.3932E-04    -64.97  5.2439E-04   -261.73
   35.00     60.00     -8.75    -0.83    -0.18      0.1032    -68.77 LEFT    2.7232E-04    -75.26  6.7810E-04   -272.42
   40.00     60.00     -7.80     1.19     1.71      0.0912    -71.04 LEFT    3.0399E-04    -83.06  8.5543E-04   -279.72
   45.00     60.00     -7.15     2.88     3.29      0.0783    -73.02 LEFT    3.2739E-04    -89.05  1.0387E-03   -284.81
   50.00     60.00     -6.89     4.19     4.51      0.0655    -74.81 LEFT    3.3732E-04    -93.87  1.2080E-03   -288.46
   55.00     60.00     -7.06     5.10     5.36      0.0530    -76.45 LEFT    3.3093E-04    -98.00  1.3416E-03     68.86
   60.00     60.00     -7.68     5.57     5.78      0.0407    -77.94 LEFT    3.0811E-04   -101.84  1.4172E-03     66.87
   65.00     60.00     -8.78     5.55     5.71      0.0286    -79.25 LEFT    2.7149E-04   -105.71  1.4139E-03     65.41
   70.00     60.00    -10.38     4.93     5.06      0.0168    -80.32 LEFT    2.2572E-04   -109.87  1.3163E-03     64.36
   75.00     60.00    -12.54     3.51     3.61      0.0051    -81.05 LEFT    1.7601E-04   -114.44  1.1167E-03     63.66
   80.00     60.00    -15.47     0.81     0.91      0.0066    -81.28 RIGHT   1.2563E-04   -119.28  8.1866E-04     63.26
   85.00     60.00    -20.29    -4.63    -4.52      0.0194    -80.70 RIGHT   7.2127E-05   -123.81  4.3752E-04     63.14
   90.00     60.00   -999.99  -999.99  -999.99      0.0000      0.00         5.4485E-15     52.56  2.6579E-14   -116.72
    0.00     65.00    -12.61    -5.98    -5.13      0.0000    -65.00 LINEAR  1.7463E-04     -5.35  3.7450E-04   -185.35
    5.00     65.00    -12.71    -6.12    -5.26      0.0025    -64.91 LEFT    1.7263E-04     -7.36  3.6865E-04   -187.73
   10.00     65.00    -12.95    -6.45    -5.58      0.0120    -64.68 LEFT    1.6790E-04    -13.49  3.5483E-04   -195.27
   15.00     65.00    -13.15    -6.68    -5.80      0.0335    -64.64 LEFT    1.6423E-04    -23.81  3.4568E-04   -208.76
   20.00     65.00    -13.00    -6.24    -5.41      0.0654    -65.56 LEFT    1.6693E-04    -37.45  3.6367E-04   -227.34
   25.00     65.00    -12.35    -4.77    -4.07      0.0895    -67.77 LEFT    1.8003E-04    -52.05  4.3068E-04   -246.51
   30.00     65.00    -11.30    -2.63    -2.08      0.0942    -70.38 LEFT    2.0308E-04    -65.05  5.5103E-04   -261.78
   35.00     65.00    -10.17    -0.39     0.05      0.0871    -72.64 LEFT    2.3136E-04    -75.33  7.1325E-04   -272.46
   40.00     65.00     -9.20     1.64     1.98      0.0763    -74.53 LEFT    2.5855E-04    -83.14  9.0061E-04   -279.75
   45.00     65.00     -8.55     3.33     3.60      0.0650    -76.17 LEFT    2.7873E-04    -89.13  1.0945E-03   -284.83
   50.00     65.00     -8.28     4.65     4.87      0.0540    -77.64 LEFT    2.8743E-04    -93.94  1.2741E-03   -288.48
   55.00     65.00     -8.44     5.57     5.74      0.0434    -79.00 LEFT    2.8219E-04    -98.08  1.4162E-03     68.84
   60.00     65.00     -9.06     6.05     6.18      0.0332    -80.22 LEFT    2.6287E-04   -101.93  1.4971E-03     66.86
   65.00     65.00    -10.16     6.04     6.14      0.0232    -81.29 LEFT    2.3168E-04   -105.81  1.4947E-03     65.39
   70.00     65.00    -11.76     5.42     5.50      0.0134    -82.16 LEFT    1.9261E-04   -110.00  1.3923E-03     64.34
   75.00     65.00    -13.92     4.00     4.07      0.0038    -82.76 LEFT    1.5015E-04   -114.62  1.1818E-03     63.64
   80.00     65.00    -16.86     1.30     1.37      0.0058    -82.96 RIGHT   1.0712E-04   -119.50  8.6665E-04     63.25
   85.00     65.00    -21.68    -4.14    -4.06      0.0163    -82.50 RIGHT   6.1477E-05   -124.07  4.6326E-04     63.13
   90.00     65.00   -999.99  -999.99  -999.99      0.0000      0.00         4.6434E-15     52.28  2.8145E-14   -116.73
    0.00     70.00    -14.45    -5.67    -5.13      0.0000    -70.00 LINEAR  1.4133E-04     -5.35  3.8830E-04   -185.35
    5.00     70.00    -14.55    -5.81    -5.26      0.0021    -69.92 LEFT    1.3971E-04     -7.36  3.8226E-04   -187.73
   10.00     70.00    -14.79    -6.14    -5.58      0.0101    -69.74 LEFT    1.3592E-04    -13.50  3.6800E-04   -195.28
   15.00     70.00    -14.98    -6.36    -5.80      0.0282    -69.71 LEFT    1.3300E-04    -23.84  3.5868E-04   -208.79
   20.00     70.00    -14.83    -5.91    -5.39      0.0547    -70.50 LEFT    1.3528E-04    -37.50  3.7765E-04   -227.39
   25.00     70.00    -14.16    -4.43    -4.00      0.0739    -72.37 LEFT    1.4604E-04    -52.12  4.4769E-04   -246.56
   30.00     70.00    -13.11    -2.29    -1.94      0.0768    -74.50 LEFT    1.6491E-04    -65.12  5.7334E-04   -261.82
   35.00     70.00    -11.97    -0.04     0.23      0.0703    -76.33 LEFT    1.8807E-04    -75.40  7.4276E-04   -272.49
   40.00     70.00    -10.99     2.00     2.21      0.0611    -77.83 LEFT    2.1037E-04    -83.20  9.3863E-04   -279.77
   45.00     70.00    -10.33     3.70     3.86      0.0518    -79.13 LEFT    2.2698E-04    -89.19  1.1416E-03   -284.85
   50.00     70.00    -10.06     5.02     5.16      0.0428    -80.30 LEFT    2.3424E-04    -94.01  1.3299E-03   -288.49
   55.00     70.00    -10.22     5.95     6.05      0.0343    -81.37 LEFT    2.3011E-04    -98.14  1.4793E-03     68.83
   60.00     70.00    -10.83     6.44     6.52      0.0260    -82.34 LEFT    2.1445E-04   -102.00  1.5648E-03     66.85
   65.00     70.00    -11.92     6.43     6.49      0.0181    -83.18 LEFT    1.8905E-04   -105.90  1.5633E-03     65.38
   70.00     70.00    -13.53     5.81     5.86      0.0103    -83.87 LEFT    1.5717E-04   -110.11  1.4569E-03     64.33
   75.00     70.00    -15.69     4.39     4.44      0.0027    -84.35 LEFT    1.2248E-04   -114.76  1.2371E-03     63.63
   80.00     70.00    -18.63     1.70     1.74      0.0049    -84.51 RIGHT   8.7354E-05   -119.69  9.0750E-04     63.24
   85.00     70.00    -23.45    -3.74    -3.69      0.0132    -84.15 RIGHT   5.0115E-05   -124.30  4.8519E-04     63.12
   90.00     70.00   -999.99  -999.99  -999.99      0.0000      0.00         3.7847E-15     52.03  2.9480E-14   -116.74
    0.00     75.00    -16.87    -5.43    -5.13      0.0000    -75.00 LINEAR  1.0695E-04     -5.35  3.9914E-04   -185.35
    5.00     75.00    -16.97    -5.57    -5.26      0.0016    -74.94 LEFT    1.0573E-04     -7.36  3.9295E-04   -187.74
   10.00     75.00    -17.21    -5.90    -5.59      0.0079    -74.80 LEFT    1.0287E-04    -13.51  3.7836E-04   -195.30
   15.00     75.00    -17.39    -6.12    -5.80      0.0220    -74.78 LEFT    1.0070E-04    -23.86  3.6891E-04   -208.82
   20.00     75.00    -17.24    -5.66    -5.37      0.0424    -75.41 LEFT    1.0249E-04    -37.54  3.8868E-04   -227.43
   25.00     75.00    -16.57    -4.18    -3.93      0.0568    -76.87 LEFT    1.1073E-04    -52.17  4.6114E-04   -246.60
   30.00     75.00    -15.51    -2.02    -1.83      0.0584    -78.49 LEFT    1.2514E-04    -65.17  5.9103E-04   -261.85
   35.00     75.00    -14.36     0.23     0.38      0.0530    -79.87 LEFT    1.4283E-04    -75.45  7.6621E-04   -272.51
   40.00     75.00    -13.38     2.27     2.39      0.0458    -80.99 LEFT    1.5989E-04    -83.25  9.6889E-04   -279.79
   45.00     75.00    -12.71     3.98     4.07      0.0387    -81.96 LEFT    1.7263E-04    -89.24  1.1791E-03   -284.86
   50.00     75.00    -12.43     5.31     5.38      0.0319    -82.83 LEFT    1.7826E-04    -94.06  1.3745E-03   -288.51
   55.00     75.00    -12.58     6.24     6.30      0.0254    -83.63 LEFT    1.7520E-04    -98.20  1.5298E-03     68.82
   60.00     75.00    -13.19     6.73     6.78      0.0192    -84.34 LEFT    1.6334E-04   -102.06  1.6191E-03     66.84
   65.00     75.00    -14.29     6.73     6.76      0.0133    -84.97 LEFT    1.4402E-04   -105.98  1.6183E-03     65.37
   70.00     75.00    -15.89     6.12     6.15      0.0075    -85.48 LEFT    1.1973E-04   -110.21  1.5087E-03     64.32
   75.00     75.00    -18.06     4.70     4.72      0.0019    -85.84 LEFT    9.3287E-05   -114.88  1.2816E-03     63.62
   80.00     75.00    -21.00     2.01     2.03      0.0038    -85.96 RIGHT   6.6512E-05   -119.84  9.4034E-04     63.23
   85.00     75.00    -25.82    -3.43    -3.40      0.0100    -85.70 RIGHT   3.8148E-05   -124.48  5.0282E-04     63.11
   90.00     75.00   -999.99  -999.99  -999.99      0.0000      0.00         2.8806E-15     51.84  3.0552E-14   -116.75
    0.00     80.00    -20.34    -5.26    -5.13      0.0000    -80.00 LINEAR  7.1754E-05     -5.35  4.0694E-04   -185.35
    5.00     80.00    -20.44    -5.40    -5.26      0.0011    -79.96 LEFT    7.0941E-05     -7.37  4.0065E-04   -187.74
   10.00     80.00    -20.67    -5.73    -5.59      0.0054    -79.86 LEFT    6.9033E-05    -13.52  3.8582E-04   -195.30
   15.00     80.00    -20.86    -5.94    -5.81      0.0150    -79.85 LEFT    6.7590E-05    -23.88  3.7629E-04   -208.84
   20.00     80.00    -20.70    -5.49    -5.36      0.0289    -80.29 LEFT    6.8821E-05    -37.57  3.9665E-04   -227.46
   25.00     80.00    -20.02    -4.00    -3.89      0.0384    -81.29 LEFT    7.4395E-05    -52.21  4.7088E-04   -246.63
   30.00     80.00    -18.95    -1.84    -1.75      0.0392    -82.39 LEFT    8.4132E-05    -65.21  6.0385E-04   -261.88
   35.00     80.00    -17.80     0.42     0.49      0.0355    -83.30 LEFT    9.6084E-05    -75.49  7.8322E-04   -272.53
   40.00     80.00    -16.82     2.47     2.52      0.0305    -84.05 LEFT    1.0762E-04    -83.29  9.9088E-04   -279.80
   45.00     80.00    -16.15     4.18     4.22      0.0257    -84.69 LEFT    1.1625E-04    -89.28  1.2065E-03   -284.88
   50.00     80.00    -15.86     5.51     5.54      0.0211    -85.27 LEFT    1.2010E-04    -94.09  1.4069E-03   -288.52
   55.00     80.00    -16.01     6.45     6.47      0.0168    -85.80 LEFT    1.1808E-04    -98.24  1.5666E-03     68.81
   60.00     80.00    -16.62     6.94     6.96      0.0127    -86.27 LEFT    1.1011E-04   -102.11  1.6587E-03     66.83
   65.00     80.00    -17.71     6.94     6.95      0.0087    -86.69 LEFT    9.7100E-05   -106.03  1.6584E-03     65.37
   70.00     80.00    -19.31     6.33     6.35      0.0049    -87.03 LEFT    8.0722E-05   -110.27  1.5467E-03     64.32
   75.00     80.00    -21.48     4.92     4.93      0.0012    -87.26 LEFT    6.2887E-05   -114.97  1.3141E-03     63.62
   80.00     80.00    -24.42     2.23     2.24      0.0026    -87.34 RIGHT   4.4827E-05   -119.95  9.6438E-04     63.22
   85.00     80.00    -29.25    -3.21    -3.19      0.0067    -87.17 RIGHT   2.5705E-05   -124.62  5.1574E-04     63.10
   90.00     80.00   -999.99  -999.99  -999.99      0.0000      0.00         1.9409E-15     51.69  3.1338E-14   -116.76
    0.00     85.00    -26.32    -5.16    -5.13      0.0000    -85.00 LINEAR  3.6014E-05     -5.35  4.1164E-04   -185.35
    5.00     85.00    -26.42    -5.30    -5.27      0.0006    -84.98 LEFT    3.5607E-05     -7.37  4.0529E-04   -187.74
   10.00     85.00    -26.66    -5.63    -5.59      0.0027    -84.93 LEFT    3.4652E-05    -13.53  3.9033E-04   -195.31
   15.00     85.00    -26.84    -5.84    -5.81      0.0076    -84.93 LEFT    3.3933E-05    -23.89  3.8075E-04   -208.85
   20.00     85.00    -26.68    -5.38    -5.35      0.0147    -85.15 LEFT    3.4560E-05    -37.59  4.0146E-04   -227.47
   25.00     85.00    -26.00    -3.89    -3.86      0.0194    -85.66 LEFT    3.7372E-05    -52.23  4.7677E-04   -246.65
   30.00     85.00    -24.93    -1.72    -1.70      0.0197    -86.21 LEFT    4.2280E-05    -65.24  6.1162E-04   -261.89
   35.00     85.00    -23.77     0.54     0.55      0.0178    -86.67 LEFT    4.8303E-05    -75.52  7.9354E-04   -272.54
   40.00     85.00    -22.79     2.58     2.60      0.0153    -87.04 LEFT    5.4119E-05    -83.31  1.0042E-03   -279.81
   45.00     85.00    -22.11     4.30     4.31      0.0128    -87.36 LEFT    5.8481E-05    -89.30  1.2231E-03   -284.88
   50.00     85.00    -21.83     5.63     5.64      0.0105    -87.65 LEFT    6.0432E-05    -94.12  1.4267E-03   -288.52
   55.00     85.00    -21.97     6.57     6.57      0.0084    -87.91 LEFT    5.9430E-05    -98.26  1.5890E-03     68.81
   60.00     85.00    -22.58     7.07     7.07      0.0063    -88.15 LEFT    5.5428E-05   -102.14  1.6828E-03     66.82
   65.00     85.00    -23.67     7.07     7.07      0.0043    -88.35 LEFT    4.8882E-05   -106.06  1.6829E-03     65.36
   70.00     85.00    -25.28     6.46     6.47      0.0024    -88.52 LEFT    4.0637E-05   -110.31  1.5698E-03     64.31
   75.00     85.00    -27.44     5.05     5.05      0.0006    -88.64 LEFT    3.1656E-05   -115.02  1.3339E-03     63.61
   80.00     85.00    -30.39     2.36     2.36      0.0013    -88.68 RIGHT   2.2562E-05   -120.02  9.7906E-04     63.21
   85.00     85.00    -35.22    -3.07    -3.07      0.0033    -88.60 RIGHT   1.2936E-05   -124.70  5.2362E-04     63.10
   90.00     85.00   -999.99  -999.99  -999.99      0.0000      0.00         9.7677E-16     51.60  3.1818E-14   -116.76
    0.00     90.00   -999.99    -5.13    -5.13      0.0000     90.00 LINEAR  2.1088E-15   -185.35  4.1322E-04   -185.35
    5.00     90.00   -999.99    -5.27    -5.27      0.0000    -90.00 LINEAR  2.6036E-14    -24.26  4.0684E-04   -187.74
   10.00     90.00   -999.99    -5.59    -5.59      0.0000    -90.00 LINEAR  5.3536E-14    -23.94  3.9183E-04   -195.31
   15.00     90.00   -199.42    -5.81    -5.81      0.0000    -90.00 LINEAR  7.9781E-14    -24.51  3.8224E-04   -208.85
   20.00     90.00   -197.14    -5.35    -5.35      0.0000    -90.00 LINEAR  1.0372E-13    -25.66  4.0307E-04   -227.48
   25.00     90.00   -195.59    -3.85    -3.85      0.0000    -90.00 LINEAR  1.2393E-13    -27.45  4.7874E-04   -246.65
   30.00     90.00   -194.61    -1.69    -1.69      0.0000    -90.00 LINEAR  1.3867E-13    -30.05  6.1422E-04   -261.90
   35.00     90.00   -194.16     0.58     0.58      0.0000    -90.00 LINEAR  1.4616E-13    -33.83  7.9700E-04   -272.55
   40.00     90.00   -194.22     2.62     2.62      0.0000    -90.00 LINEAR  1.4511E-13    -39.48  1.0087E-03   -279.82
   45.00     90.00   -194.80     4.33     4.33      0.0000    -90.00 LINEAR  1.3574E-13    -48.26  1.2286E-03   -284.88
   50.00     90.00   -195.77     5.67     5.67      0.0000    -90.00 LINEAR  1.2144E-13    -62.40  1.4333E-03   -288.52
   55.00     90.00   -196.54     6.61     6.61      0.0000    -90.00 LINEAR  1.1107E-13    -84.16  1.5965E-03     68.80
   60.00     90.00   -196.12     7.11     7.11      0.0000    -90.00 LINEAR  1.1661E-13   -110.40  1.6909E-03     66.82
   65.00     90.00   -194.57     7.11     7.11      0.0000    -90.00 LINEAR  1.3941E-13   -131.96  1.6912E-03     65.36
   70.00     90.00   -193.03     6.51     6.51      0.0000    -90.00 LINEAR  1.6650E-13   -145.85  1.5776E-03     64.31
   75.00     90.00   -192.26     5.09     5.09      0.0000    -90.00 LINEAR  1.8189E-13   -154.42  1.3406E-03     63.61
   80.00     90.00   -192.81     2.41     2.41      0.0000    -90.00 LINEAR  1.7069E-13   -159.90  9.8399E-04     63.21
   85.00     90.00   -196.06    -3.03    -3.03      0.0000    -90.00 LINEAR  1.1738E-13   -163.70  5.2627E-04     63.09
   90.00     90.00   -999.99  -999.99  -999.99      0.0000      0.00         8.6198E-20    -30.71  3.1979E-14   -116.76
    0.00     95.00    -26.32    -5.16    -5.13      0.0000     85.00 LINEAR  3.6014E-05   -185.35  4.1164E-04   -185.35
    5.00     95.00    -26.42    -5.30    -5.27      0.0006     84.98 RIGHT   3.5607E-05   -187.37  4.0529E-04   -187.74
   10.00     95.00    -26.66    -5.63    -5.59      0.0027     84.93 RIGHT   3.4652E-05   -193.53  3.9033E-04   -195.31
   15.00     95.00    -26.84    -5.84    -5.81      0.0076     84.93 RIGHT   3.3933E-05   -203.89  3.8075E-04   -208.85
   20.00     95.00    -26.68    -5.38    -5.35      0.0147     85.15 RIGHT   3.4560E-05   -217.59  4.0146E-04   -227.47
   25.00     95.00    -26.00    -3.89    -3.86      0.0194     85.66 RIGHT   3.7372E-05   -232.23  4.7677E-04   -246.65
   30.00     95.00    -24.93    -1.72    -1.70      0.0197     86.21 RIGHT   4.2280E-05   -245.24  6.1162E-04   -261.89
   35.00     95.00    -23.77     0.54     0.55      0.0178     86.67 RIGHT   4.8303E-05   -255.52  7.9354E-04   -272.54
   40.00     95.00    -22.79     2.58     2.60      0.0153     87.04 RIGHT   5.4119E-05   -263.31  1.0042E-03   -279.81
   45.00     95.00    -22.11     4.30     4.31      0.0128     87.36 RIGHT   5.8481E-05   -269.30  1.2231E-03   -284.88
   50.00     95.00    -21.83     5.63     5.64      0.0105     87.65 RIGHT   6.0432E-05   -274.12  1.4267E-03   -288.52
   55.00     95.00    -21.97     6.57     6.57      0.0084     87.91 RIGHT   5.9430E-05   -278.26  1.5890E-03     68.81
   60.00     95.00    -22.58     7.07     7.07      0.0063     88.15 RIGHT   5.5428E-05   -282.14  1.6828E-03     66.82
   65.00     95.00    -23.67     7.07     7.07      0.0043     88.35 RIGHT   4.8882E-05   -286.06  1.6829E-03     65.36
   70.00     95.00    -25.28     6.46     6.47      0.0024     88.52 RIGHT   4.0637E-05   -290.31  1.5698E-03     64.31
   75.00     95.00    -27.44     5.05     5.05      0.0006     88.64 RIGHT   3.1656E-05     64.98  1.3339E-03     63.61
   80.00     95.00    -30.39     2.36     2.36      0.0013     88.68 LEFT    2.2562E-05     59.98  9.7906E-04     63.21
   85.00     95.00    -35.22    -3.07    -3.07      0.0033     88.60 LEFT    1.2936E-05     55.30  5.2362E-04     63.10
   90.00     95.00   -999.99  -999.99  -999.99      0.0000      0.00         9.7672E-16   -128.40  3.1817E-14   -116.76
    0.00    100.00    -20.34    -5.26    -5.13      0.0000     80.00 LINEAR  7.1754E-05   -185.35  4.0694E-04   -185.35
    5.00    100.00    -20.44    -5.40    -5.26      0.0011     79.96 RIGHT   7.0941E-05   -187.37  4.0065E-04   -187.74
   10.00    100.00    -20.67    -5.73    -5.59      0.0054     79.86 RIGHT   6.9033E-05   -193.52  3.8582E-04   -195.30
   15.00    100.00    -20.86    -5.94    -5.81      0.0150     79.85 RIGHT   6.7590E-05   -203.88  3.7629E-04   -208.84
   20.00    100.00    -20.70    -5.49    -5.36      0.0289     80.29 RIGHT   6.8821E-05   -217.57  3.9665E-04   -227.46
   25.00    100.00    -20.02    -4.00    -3.89      0.0384     81.29 RIGHT   7.4395E-05   -232.21  4.7088E-04   -246.63
   30.00    100.00    -18.95    -1.84    -1.75      0.0392     82.39 RIGHT   8.4132E-05   -245.21  6.0385E-04   -261.88
   35.00    100.00    -17.80     0.42     0.49      0.0355     83.30 RIGHT   9.6084E-05   -255.49  7.8322E-04   -272.53
   40.00    100.00    -16.82     2.47     2.52      0.0305     84.05 RIGHT   1.0762E-04   -263.29  9.9088E-04   -279.80
   45.00    100.00    -16.15     4.18     4.22      0.0257     84.69 RIGHT   1.1625E-04   -269.28  1.2065E-03   -284.88
   50.00    100.00    -15.86     5.51     5.54      0.0211     85.27 RIGHT   1.2010E-04   -274.09  1.4069E-03   -288.52
   55.00    100.00    -16.01     6.45     6.47      0.0168     85.80 RIGHT   1.1808E-04   -278.24  1.5666E-03     68.81
   60.00    100.00    -16.62     6.94     6.96      0.0127     86.27 RIGHT   1.1011E-04   -282.11  1.6587E-03     66.83
   65.00    100.00    -17.71     6.94     6.95      0.0087     86.69 RIGHT   9.7100E-05   -286.03  1.6584E-03     65.37
   70.00    100.00    -19.31     6.33     6.35      0.0049     87.03 RIGHT   8.0722E-05   -290.27  1.5467E-03     64.32
   75.00    100.00    -21.48     4.92     4.93      0.0012     87.26 RIGHT   6.2887E-05     65.03  1.3141E-03     63.62
   80.00    100.00    -24.42     2.23     2.24      0.0026     87.34 LEFT    4.4827E-05     60.05  9.6438E-04     63.22
   85.00    100.00    -29.25    -3.21    -3.19      0.0067     87.17 LEFT    2.5705E-05     55.38  5.1574E-04     63.10
   90.00    100.00   -999.99  -999.99  -999.99      0.0000      0.00         1.9410E-15   -128.31  3.1338E-14   -116.76
    0.00    105.00    -16.87    -5.43    -5.13      0.0000     75.00 LINEAR  1.0695E-04   -185.35  3.9914E-04   -185.35
    5.00    105.00    -16.97    -5.57    -5.26      0.0016     74.94 RIGHT   1.0573E-04   -187.36  3.9295E-04   -187.74
   10.00    105.00    -17.21    -5.90    -5.59      0.0079     74.80 RIGHT   1.0287E-04   -193.51  3.7836E-04   -195.30
   15.00    105.00    -17.39    -6.12    -5.80      0.0220     74.78 RIGHT   1.0070E-04   -203.86  3.6891E-04   -208.82
   20.00    105.00    -17.24    -5.66    -5.37      0.0424     75.41 RIGHT   1.0249E-04   -217.54  3.8868E-04   -227.43
   25.00    105.00    -16.57    -4.18    -3.93      0.0568     76.87 RIGHT   1.1073E-04   -232.17  4.6114E-04   -246.60
   30.00    105.00    -15.51    -2.02    -1.83      0.0584     78.49 RIGHT   1.2514E-04   -245.17  5.9103E-04   -261.85
   35.00    105.00    -14.36     0.23     0.38      0.0530     79.87 RIGHT   1.4283E-04   -255.45  7.6621E-04   -272.51
   40.00    105.00    -13.38     2.27     2.39      0.0458     80.99 RIGHT   1.5989E-04   -263.25  9.6889E-04   -279.79
   45.00    105.00    -12.71     3.98     4.07      0.0387     81.96 RIGHT   1.7263E-04   -269.24  1.1791E-03   -284.86
   50.00    105.00    -12.43     5.31     5.38      0.0319     82.83 RIGHT   1.7826E-04   -274.06  1.3745E-03   -288.51
   55.00    105.00    -12.58     6.24     6.30      0.0254     83.63 RIGHT   1.7520E-04   -278.20  1.5298E-03     68.82
   60.00    105.00    -13.19     6.73     6.78      0.0192     84.34 RIGHT   1.6334E-04   -282.06  1.6191E-03     66.84
   65.00    105.00    -14.29     6.73     6.76      0.0133     84.97 RIGHT   1.4402E-04   -285.98  1.6183E-03     65.37
   70.00    105.00    -15.89     6.12     6.15      0.0075     85.48 RIGHT   1.1973E-04   -290.21  1.5087E-03     64.32
   75.00    105.00    -18.06     4.70     4.72      0.0019     85.84 RIGHT   9.3287E-05     65.12  1.2816E-03     63.62
   80.00    105.00    -21.00     2.01     2.03      0.0038     85.96 LEFT    6.6512E-05     60.16  9.4034E-04     63.23
   85.00    105.00    -25.82    -3.43    -3.40      0.0100     85.70 LEFT    3.8148E-05     55.52  5.0282E-04     63.11
   90.00    105.00   -999.99  -999.99  -999.99      0.0000      0.00         2.8806E-15   -128.16  3.0552E-14   -116.75
    0.00    110.00    -14.45    -5.67    -5.13      0.0000     70.00 LINEAR  1.4133E-04   -185.35  3.8830E-04   -185.35
    5.00    110.00    -14.55    -5.81    -5.26      0.0021     69.92 RIGHT   1.3971E-04   -187.36  3.8226E-04   -187.73
   10.00    110.00    -14.79    -6.14    -5.58      0.0101     69.74 RIGHT   1.3592E-04   -193.50  3.6800E-04   -195.28
   15.00    110.00    -14.98    -6.36    -5.80      0.0282     69.71 RIGHT   1.3300E-04   -203.84  3.5868E-04   -208.79
   20.00    110.00    -14.83    -5.91    -5.39      0.0547     70.50 RIGHT   1.3528E-04   -217.50  3.7765E-04   -227.39
   25.00    110.00    -14.16    -4.43    -4.00      0.0739     72.37 RIGHT   1.4604E-04   -232.12  4.4769E-04   -246.56
   30.00    110.00    -13.11    -2.29    -1.94      0.0768     74.50 RIGHT   1.6491E-04   -245.12  5.7334E-04   -261.82
   35.00    110.00    -11.97    -0.04     0.23      0.0703     76.33 RIGHT   1.8807E-04   -255.40  7.4276E-04   -272.49
   40.00    110.00    -10.99     2.00     2.21      0.0611     77.83 RIGHT   2.1037E-04   -263.20  9.3863E-04   -279.77
   45.00    110.00    -10.33     3.70     3.86      0.0518     79.13 RIGHT   2.2698E-04   -269.19  1.1416E-03   -284.85
   50.00    110.00    -10.06     5.02     5.16      0.0428     80.30 RIGHT   2.3424E-04   -274.01  1.3299E-03   -288.49
   55.00    110.00    -10.22     5.95     6.05      0.0343     81.37 RIGHT   2.3011E-04   -278.14  1.4793E-03     68.83
   60.00    110.00    -10.83     6.44     6.52      0.0260     82.34 RIGHT   2.1445E-04   -282.00  1.5648E-03     66.85
   65.00    110.00    -11.92     6.43     6.49      0.0181     83.18 RIGHT   1.8905E-04   -285.90  1.5633E-03     65.38
   70.00    110.00    -13.53     5.81     5.86      0.0103     83.87 RIGHT   1.5717E-04   -290.11  1.4569E-03     64.33
   75.00    110.00    -15.69     4.39     4.44      0.0027     84.35 RIGHT   1.2248E-04     65.24  1.2371E-03     63.63
   80.00    110.00    -18.63     1.70     1.74      0.0049     84.51 LEFT    8.7354E-05     60.31  9.0750E-04     63.24
   85.00    110.00    -23.45    -3.74    -3.69      0.0132     84.15 LEFT    5.0115E-05     55.70  4.8519E-04     63.12
   90.00    110.00   -999.99  -999.99  -999.99      0.0000      0.00         3.7847E-15   -127.97  2.9480E-14   -116.74
    0.00    115.00    -12.61    -5.98    -5.13      0.0000     65.00 LINEAR  1.7463E-04   -185.35  3.7450E-04   -185.35
    5.00    115.00    -12.71    -6.12    -5.26      0.0025     64.91 RIGHT   1.7263E-04   -187.36  3.6865E-04   -187.73
   10.00    115.00    -12.95    -6.45    -5.58      0.0120     64.68 RIGHT   1.6790E-04   -193.49  3.5483E-04   -195.27
   15.00    115.00    -13.15    -6.68    -5.80      0.0335     64.64 RIGHT   1.6423E-04   -203.81  3.4568E-04   -208.76
   20.00    115.00    -13.00    -6.24    -5.41      0.0654     65.56 RIGHT   1.6693E-04   -217.45  3.6367E-04   -227.34
   25.00    115.00    -12.35    -4.77    -4.07      0.0895     67.77 RIGHT   1.8003E-04   -232.05  4.3068E-04   -246.51
   30.00    115.00    -11.30    -2.63    -2.08      0.0942     70.38 RIGHT   2.0308E-04   -245.05  5.5103E-04   -261.78
   35.00    115.00    -10.17    -0.39     0.05      0.0871     72.64 RIGHT   2.3136E-04   -255.33  7.1325E-04   -272.46
   40.00    115.00     -9.20     1.64     1.98      0.0763     74.53 RIGHT   2.5855E-04   -263.14  9.0061E-04   -279.75
   45.00    115.00     -8.55     3.33     3.60      0.0650     76.17 RIGHT   2.7873E-04   -269.13  1.0945E-03   -284.83
   50.00    115.00     -8.28     4.65     4.87      0.0540     77.64 RIGHT   2.8743E-04   -273.94  1.2741E-03   -288.48
   55.00    115.00     -8.44     5.57     5.74      0.0434     79.00 RIGHT   2.8219E-04   -278.08  1.4162E-03     68.84
   60.00    115.00     -9.06     6.05     6.18      0.0332     80.22 RIGHT   2.6287E-04   -281.93  1.4971E-03     66.86
   65.00    115.00    -10.16     6.04     6.14      0.0232     81.29 RIGHT   2.3168E-04   -285.81  1.4947E-03     65.39
   70.00    115.00    -11.76     5.42     5.50      0.0134     82.16 RIGHT   1.9261E-04   -290.00  1.3923E-03     64.34
   75.00    115.00    -13.92     4.00     4.07      0.0038     82.76 RIGHT   1.5015E-04     65.38  1.1818E-03     63.64
   80.00    115.00    -16.86     1.30     1.37      0.0058     82.96 LEFT    1.0712E-04     60.50  8.6665E-04     63.25
   85.00    115.00    -21.68    -4.14    -4.06      0.0163     82.50 LEFT    6.1477E-05     55.93  4.6326E-04     63.13
   90.00    115.00   -999.99  -999.99  -999.99      0.0000      0.00         4.6434E-15   -127.72  2.8145E-14   -116.73
    0.00    120.00    -11.15    -6.38    -5.13      0.0000     60.00 LINEAR  2.0661E-04   -185.35  3.5786E-04   -185.35
    5.00    120.00    -11.25    -6.52    -5.26      0.0028     59.90 RIGHT   2.0422E-04   -187.36  3.5224E-04   -187.73
   10.00    120.00    -11.50    -6.85    -5.57      0.0136     59.64 RIGHT   1.9858E-04   -193.47  3.3895E-04   -195.25
   15.00    120.00    -11.69    -7.08    -5.79      0.0378     59.58 RIGHT   1.9414E-04   -203.77  3.3003E-04   -208.73
   20.00    120.00    -11.56    -6.65    -5.43      0.0743     60.57 RIGHT   1.9718E-04   -217.39  3.4689E-04   -227.29
   25.00    120.00    -10.91    -5.19    -4.16      0.1031     63.07 RIGHT   2.1242E-04   -231.98  4.1032E-04   -246.45
   30.00    120.00     -9.87    -3.06    -2.24      0.1102     66.09 RIGHT   2.3932E-04   -244.97  5.2439E-04   -261.73
   35.00    120.00     -8.75    -0.83    -0.18      0.1032     68.77 RIGHT   2.7232E-04   -255.26  6.7810E-04   -272.42
   40.00    120.00     -7.80     1.19     1.71      0.0912     71.04 RIGHT   3.0399E-04   -263.06  8.5543E-04   -279.72
   45.00    120.00     -7.15     2.88     3.29      0.0783     73.02 RIGHT   3.2739E-04   -269.05  1.0387E-03   -284.81
   50.00    120.00     -6.89     4.19     4.51      0.0655     74.81 RIGHT   3.3732E-04   -273.87  1.2080E-03   -288.46
   55.00    120.00     -7.06     5.10     5.36      0.0530     76.45 RIGHT   3.3093E-04   -278.00  1.3416E-03     68.86
   60.00    120.00     -7.68     5.57     5.78      0.0407     77.94 RIGHT   3.0811E-04   -281.84  1.4172E-03     66.87
   65.00    120.00     -8.78     5.55     5.71      0.0286     79.25 RIGHT   2.7149E-04   -285.71  1.4139E-03     65.41
   70.00    120.00    -10.38     4.93     5.06      0.0168     80.32 RIGHT   2.2572E-04   -289.87  1.3163E-03     64.36
   75.00    120.00    -12.54     3.51     3.61      0.0051     81.05 RIGHT   1.7601E-04     65.56  1.1167E-03     63.66
   80.00    120.00    -15.47     0.81     0.91      0.0066     81.28 LEFT    1.2563E-04     60.72  8.1866E-04     63.26
   85.00    120.00    -20.29    -4.63    -4.52      0.0194     80.70 LEFT    7.2127E-05     56.19  4.3752E-04     63.14
   90.00    120.00   -999.99  -999.99  -999.99      0.0000      0.00         5.4485E-15   -127.44  2.6580E-14   -116.72
    0.00    125.00     -9.96    -6.86    -5.13      0.0000     55.00 LINEAR  2.3701E-04   -185.35  3.3849E-04   -185.35
    5.00    125.00    -10.06    -7.00    -5.26      0.0030     54.89 RIGHT   2.3425E-04   -187.35  3.3315E-04   -187.72
   10.00    125.00    -10.31    -7.34    -5.56      0.0147     54.61 RIGHT   2.2772E-04   -193.46  3.2049E-04   -195.24
   15.00    125.00    -10.51    -7.57    -5.79      0.0409     54.53 RIGHT   2.2251E-04   -203.73  3.1188E-04   -208.68
   20.00    125.00    -10.38    -7.15    -5.46      0.0809     55.56 RIGHT   2.2579E-04   -217.32  3.2746E-04   -227.23
   25.00    125.00     -9.74    -5.70    -4.26      0.1142     58.24 RIGHT   2.4294E-04   -231.90  3.8683E-04   -246.39
   30.00    125.00     -8.72    -3.58    -2.42      0.1243     61.60 RIGHT   2.7333E-04   -244.88  4.9377E-04   -261.68
   35.00    125.00     -7.61    -1.36    -0.44      0.1181     64.67 RIGHT   3.1062E-04   -255.17  6.3780E-04   -272.38
   40.00    125.00     -6.66     0.65     1.39      0.1057     67.31 RIGHT   3.4632E-04   -262.98  8.0376E-04   -279.69
   45.00    125.00     -6.03     2.33     2.92      0.0916     69.63 RIGHT   3.7257E-04   -268.97  9.7494E-04   -284.79
   50.00    125.00     -5.78     3.63     4.10      0.0773     71.75 RIGHT   3.8350E-04   -273.79  1.1328E-03   -288.44
   55.00    125.00     -5.95     4.53     4.90      0.0630     73.70 RIGHT   3.7593E-04   -277.91  1.2569E-03     68.88
   60.00    125.00     -6.58     5.00     5.29      0.0487     75.47 RIGHT   3.4982E-04   -281.74  1.3266E-03     66.89
   65.00    125.00     -7.68     4.97     5.20      0.0346     77.02 RIGHT   3.0815E-04   -285.59  1.3225E-03     65.42
   70.00    125.00     -9.28     4.35     4.53      0.0206     78.29 RIGHT   2.5621E-04   -289.72  1.2304E-03     64.37
   75.00    125.00    -11.44     2.91     3.07      0.0067     79.16 RIGHT   1.9985E-04     65.75  1.0433E-03     63.67
   80.00    125.00    -14.36     0.21     0.36      0.0073     79.43 LEFT    1.4273E-04     60.96  7.6454E-04     63.28
   85.00    125.00    -19.18    -5.23    -5.06      0.0224     78.72 LEFT    8.1978E-05     56.49  4.0850E-04     63.16
   90.00    125.00   -999.99  -999.99  -999.99      0.0000      0.00         6.1940E-15   -127.13  2.4815E-14   -116.70
    0.00    130.00     -8.97    -7.45    -5.13      0.0000     50.00 LINEAR  2.6561E-04   -185.35  3.1654E-04   -185.35
    5.00    130.00     -9.07    -7.58    -5.25      0.0032     49.88 RIGHT   2.6250E-04   -187.35  3.1152E-04   -187.72
   10.00    130.00     -9.32    -7.92    -5.56      0.0153     49.59 RIGHT   2.5510E-04   -193.44  2.9960E-04   -195.22
   15.00    130.00     -9.53    -8.17    -5.78      0.0427     49.48 RIGHT   2.4912E-04   -203.69  2.9136E-04   -208.64
   20.00    130.00     -9.41    -7.75    -5.49      0.0851     50.51 RIGHT   2.5255E-04   -217.25  3.0559E-04   -227.16
   25.00    130.00     -8.78    -6.32    -4.37      0.1222     53.28 RIGHT   2.7137E-04   -231.81  3.6049E-04   -246.32
   30.00    130.00     -7.77    -4.21    -2.62      0.1359     56.89 RIGHT   3.0488E-04   -244.79  4.5954E-04   -261.62
   35.00    130.00     -6.67    -1.99    -0.72      0.1314     60.31 RIGHT   3.4599E-04   -255.08  5.9288E-04   -272.34
   40.00    130.00     -5.74     0.00     1.03      0.1193     63.29 RIGHT   3.8525E-04   -262.89  7.4632E-04   -279.66
   45.00    130.00     -5.11     1.67     2.50      0.1047     65.96 RIGHT   4.1396E-04   -268.89  9.0429E-04   -284.76
   50.00    130.00     -4.87     2.97     3.63      0.0892     68.40 RIGHT   4.2567E-04   -273.70  1.0496E-03   -288.42
   55.00    130.00     -5.05     3.86     4.39      0.0734     70.67 RIGHT   4.1692E-04   -277.81  1.1635E-03     68.90
   60.00    130.00     -5.68     4.32     4.74      0.0573     72.73 RIGHT   3.8773E-04   -281.63  1.2268E-03     66.91
   65.00    130.00     -6.79     4.29     4.61      0.0411     74.55 RIGHT   3.4145E-04   -285.46  1.2221E-03     65.44
   70.00    130.00     -8.39     3.65     3.92      0.0248     76.04 RIGHT   2.8391E-04   -289.56  1.1361E-03     64.39
   75.00    130.00    -10.54     2.22     2.44      0.0086     77.05 RIGHT   2.2154E-04     65.95  9.6284E-04     63.69
   80.00    130.00    -13.46    -0.49    -0.27      0.0077     77.36 LEFT    1.5830E-04     61.23  7.0529E-04     63.29
   85.00    130.00    -18.28    -5.93    -5.69      0.0253     76.50 LEFT    9.0969E-05     56.80  3.7675E-04     63.17
   90.00    130.00   -999.99  -999.99  -999.99      0.0000      0.00         6.8744E-15   -126.79  2.2884E-14   -116.69
    0.00    135.00     -8.14    -8.14    -5.13      0.0000     45.00 LINEAR  2.9219E-04   -185.35  2.9219E-04   -185.35
    5.00    135.00     -8.24    -8.28    -5.25      0.0032     44.88 RIGHT   2.8874E-04   -187.34  2.8753E-04   -187.71
   10.00    135.00     -8.49    -8.62    -5.55      0.0155     44.58 RIGHT   2.8052E-04   -193.42  2.7644E-04   -195.20
   15.00    135.00     -8.71    -8.87    -5.78      0.0432     44.46 RIGHT   2.7379E-04   -203.65  2.6867E-04   -208.60
   20.00    135.00     -8.60    -8.47    -5.52      0.0867     45.44 RIGHT   2.7728E-04   -217.18  2.8146E-04   -227.09
   25.00    135.00     -7.98    -7.04    -4.48      0.1267     48.20 RIGHT   2.9754E-04   -231.72  3.3155E-04   -246.25
   30.00    135.00     -6.98    -4.95    -2.84      0.1442     51.95 RIGHT   3.3377E-04   -244.69  4.2207E-04   -261.57
   35.00    135.00     -5.90    -2.74    -1.03      0.1423     55.63 RIGHT   3.7822E-04   -254.98  5.4387E-04   -272.30
   40.00    135.00     -4.98    -0.75     0.64      0.1314     58.92 RIGHT   4.2057E-04   -262.80  6.8385E-04   -279.63
   45.00    135.00     -4.36     0.90     2.03      0.1170     61.91 RIGHT   4.5137E-04   -268.80  8.2767E-04   -284.73
   50.00    135.00     -4.13     2.19     3.10      0.1010     64.68 RIGHT   4.6364E-04   -273.60  9.5963E-04   -288.40
   55.00    135.00     -4.32     3.07     3.80      0.0841     67.27 RIGHT   4.5371E-04   -277.71  1.0627E-03     68.92
   60.00    135.00     -4.95     3.53     4.10      0.0664     69.65 RIGHT   4.2168E-04   -281.52  1.1194E-03     66.93
   65.00    135.00     -6.06     3.49     3.94      0.0481     71.75 RIGHT   3.7124E-04   -285.33  1.1142E-03     65.46
   70.00    135.00     -7.66     2.85     3.22      0.0296     73.47 RIGHT   3.0870E-04   -289.39  1.0351E-03     64.41
   75.00    135.00     -9.81     1.40     1.72      0.0110     74.64 RIGHT   2.4098E-04     66.17  8.7667E-04     63.71
   80.00    135.00    -12.73    -1.30    -1.00      0.0079     74.98 LEFT    1.7230E-04     61.50  6.4190E-04     63.31
   85.00    135.00    -17.54    -6.75    -6.40      0.0282     73.95 LEFT    9.9061E-05     57.13  3.4280E-04     63.19
   90.00    135.00   -999.99  -999.99  -999.99      0.0000      0.00         7.4876E-15   -126.44  2.0820E-14   -116.67
    0.00    140.00     -7.45    -8.97    -5.13      0.0000     40.00 LINEAR  3.1654E-04   -185.35  2.6561E-04   -185.35
    5.00    140.00     -7.55    -9.11    -5.25      0.0032     39.88 RIGHT   3.1277E-04   -187.34  2.6135E-04   -187.71
   10.00    140.00     -7.80    -9.45    -5.54      0.0152     39.58 RIGHT   3.0379E-04   -193.40  2.5119E-04   -195.18
   15.00    140.00     -8.02    -9.71    -5.77      0.0424     39.45 RIGHT   2.9632E-04   -203.60  2.4397E-04   -208.55
   20.00    140.00     -7.92    -9.31    -5.55      0.0856     40.35 RIGHT   2.9980E-04   -217.11  2.5530E-04   -227.02
   25.00    140.00     -7.32    -7.90    -4.59      0.1274     43.00 RIGHT   3.2126E-04   -231.62  3.0030E-04   -246.18
   30.00    140.00     -6.33    -5.82    -3.06      0.1484     46.77 RIGHT   3.5985E-04   -244.59  3.8177E-04   -261.51
   35.00    140.00     -5.26    -3.63    -1.36      0.1499     50.60 RIGHT   4.0718E-04   -254.88  4.9134E-04   -272.25
   40.00    140.00     -4.35    -1.65     0.22      0.1413     54.14 RIGHT   4.5216E-04   -262.70  6.1708E-04   -279.59
   45.00    140.00     -3.74     0.00     1.53      0.1280     57.42 RIGHT   4.8467E-04   -268.70  7.4602E-04   -284.71
   50.00    140.00     -3.52     1.28     2.52      0.1123     60.50 RIGHT   4.9730E-04   -273.51  8.6402E-04   -288.37
   55.00    140.00     -3.72     2.15     3.15      0.0948     63.42 RIGHT   4.8623E-04   -277.61  9.5580E-04     68.94
   60.00    140.00     -4.36     2.60     3.39      0.0759     66.12 RIGHT   4.5163E-04   -281.40  1.0059E-03     66.94
   65.00    140.00     -5.47     2.55     3.19      0.0558     68.52 RIGHT   3.9749E-04   -285.19  1.0003E-03     65.48
   70.00    140.00     -7.07     1.90     2.42      0.0350     70.49 RIGHT   3.3055E-04   -289.22  9.2862E-04     64.43
   75.00    140.00     -9.22     0.46     0.90      0.0138     71.83 RIGHT   2.5814E-04     66.38  7.8606E-04     63.72
   80.00    140.00    -12.13    -2.26    -1.83      0.0079     72.21 LEFT    1.8468E-04     61.77  5.7530E-04     63.33
   85.00    140.00    -16.93    -7.71    -7.22      0.0310     70.99 LEFT    1.0624E-04     57.46  3.0715E-04     63.21
   90.00    140.00   -999.99  -999.99  -999.99      0.0000      0.00         8.0316E-15   -126.09  1.8653E-14   -116.65
    0.00    145.00     -6.86    -9.96    -5.13      0.0000     35.00 LINEAR  3.3849E-04   -185.35  2.3701E-04   -185.35
    5.00    145.00     -6.97   -10.10    -5.25      0.0030     34.89 RIGHT   3.3443E-04   -187.33  2.3319E-04   -187.70
   10.00    145.00     -7.22   -10.45    -5.53      0.0145     34.60 RIGHT   3.2473E-04   -193.38  2.2406E-04   -195.16
   15.00    145.00     -7.44   -10.71    -5.77      0.0403     34.45 RIGHT   3.1656E-04   -203.56  2.1748E-04   -208.51
   20.00    145.00     -7.35   -10.32    -5.58      0.0819     35.26 RIGHT   3.1997E-04   -217.04  2.2733E-04   -226.96
   25.00    145.00     -6.76    -8.92    -4.70      0.1239     37.72 RIGHT   3.4243E-04   -231.53  2.6702E-04   -246.11
   30.00    145.00     -5.79    -6.85    -3.28      0.1479     41.36 RIGHT   3.8299E-04   -244.50  3.3901E-04   -261.45
   35.00    145.00     -4.73    -4.67    -1.69      0.1532     45.21 RIGHT   4.3275E-04   -254.79  4.3579E-04   -272.21
   40.00    145.00     -3.83    -2.70    -0.22      0.1477     48.89 RIGHT   4.7992E-04   -262.61  5.4670E-04   -279.56
   45.00    145.00     -3.24    -1.06     1.00      0.1366     52.38 RIGHT   5.1381E-04   -268.61  6.6022E-04   -284.68
   50.00    145.00     -3.02     0.21     1.90      0.1222     55.75 RIGHT   5.2666E-04   -273.42  7.6384E-04   -288.35
   55.00    145.00     -3.23     1.07     2.45      0.1051     58.97 RIGHT   5.1449E-04   -277.52  8.4413E-04     68.96
   60.00    145.00     -3.87     1.51     2.61      0.0856     62.00 RIGHT   4.7759E-04   -281.29  8.8756E-04     66.96
   65.00    145.00     -4.98     1.45     2.34      0.0640     64.71 RIGHT   4.2022E-04   -285.06  8.8190E-04     65.49
   70.00    145.00     -6.59     0.80     1.53      0.0410     66.96 RIGHT   3.4948E-04   -289.06  8.1810E-04     64.44
   75.00    145.00     -8.73    -0.65    -0.02      0.0170     68.49 RIGHT   2.7304E-04     66.59  6.9210E-04     63.74
   80.00    145.00    -11.63    -3.37    -2.76      0.0076     68.90 LEFT    1.9545E-04     62.04  5.0633E-04     63.34
   85.00    145.00    -16.43    -8.82    -8.12      0.0337     67.47 LEFT    1.1249E-04     57.78  2.7026E-04     63.22
   90.00    145.00   -999.99  -999.99  -999.99      0.0000      0.00         8.5064E-15   -125.75  1.6411E-14   -116.64
    0.00    150.00     -6.38   -11.15    -5.13      0.0000     30.00 LINEAR  3.5786E-04   -185.35  2.0661E-04   -185.35
    5.00    150.00     -6.49   -11.29    -5.24      0.0028     29.90 RIGHT   3.5354E-04   -187.33  2.0326E-04   -187.70
   10.00    150.00     -6.74   -11.64    -5.53      0.0133     29.63 RIGHT   3.4319E-04   -193.36  1.9525E-04   -195.14
   15.00    150.00     -6.97   -11.91    -5.76      0.0370     29.48 RIGHT   3.3438E-04   -203.52  1.8941E-04   -208.47
   20.00    150.00     -6.88   -11.53    -5.60      0.0756     30.17 RIGHT   3.3768E-04   -216.97  1.9778E-04   -226.90
   25.00    150.00     -6.31   -10.14    -4.80      0.1161     32.37 RIGHT   3.6093E-04   -231.45  2.3200E-04   -246.04
   30.00    150.00     -5.35    -8.08    -3.49      0.1419     35.74 RIGHT   4.0312E-04   -244.40  2.9418E-04   -261.40
   35.00    150.00     -4.30    -5.91    -2.02      0.1509     39.46 RIGHT   4.5488E-04   -254.70  3.7773E-04   -272.17
   40.00    150.00     -3.41    -3.95    -0.66      0.1492     43.13 RIGHT   5.0384E-04   -262.53  4.7337E-04   -279.53
   45.00    150.00     -2.83    -2.32     0.45      0.1414     46.73 RIGHT   5.3882E-04   -268.53  5.7108E-04   -284.66
   50.00    150.00     -2.62    -1.06     1.24      0.1295     50.28 RIGHT   5.5174E-04   -273.33  6.6005E-04   -288.33
   55.00    150.00     -2.83    -0.20     1.69      0.1139     53.77 RIGHT   5.3857E-04   -277.42  7.2874E-04     68.98
   60.00    150.00     -3.48     0.23     1.77      0.0947     57.10 RIGHT   4.9966E-04   -281.19  7.6555E-04     66.98
   65.00    150.00     -4.59     0.16     1.42      0.0723     60.13 RIGHT   4.3952E-04   -284.93  7.6008E-04     65.51
   70.00    150.00     -6.19    -0.49     0.54      0.0474     62.67 RIGHT   3.6556E-04   -288.90  7.0462E-04     64.46
   75.00    150.00     -8.34    -1.95    -1.05      0.0207     64.40 RIGHT   2.8572E-04     66.79  5.9578E-04     63.76
   80.00    150.00    -11.23    -4.67    -3.80      0.0072     64.84 LEFT    2.0465E-04     62.29  4.3568E-04     63.36
   85.00    150.00    -16.03   -10.13    -9.13      0.0363     63.18 LEFT    1.1785E-04     58.08  2.3249E-04     63.24
   90.00    150.00   -999.99  -999.99  -999.99      0.0000      0.00         8.9128E-15   -125.43  1.4117E-14   -116.62
    0.00    155.00     -5.98   -12.61    -5.13      0.0000     25.00 LINEAR  3.7450E-04   -185.35  1.7463E-04   -185.35
    5.00    155.00     -6.09   -12.75    -5.24      0.0025     24.91 RIGHT   3.6995E-04   -187.33  1.7179E-04   -187.70
   10.00    155.00     -6.35   -13.11    -5.52      0.0118     24.67 RIGHT   3.5904E-04   -193.35  1.6498E-04   -195.13
   15.00    155.00     -6.58   -13.37    -5.76      0.0327     24.53 RIGHT   3.4965E-04   -203.49  1.5996E-04   -208.43
   20.00    155.00     -6.50   -13.01    -5.63      0.0669     25.10 RIGHT   3.5281E-04   -216.92  1.6687E-04   -226.84
   25.00    155.00     -5.93   -11.63    -4.90      0.1043     26.99 RIGHT   3.7668E-04   -231.37  1.9551E-04   -245.98
   30.00    155.00     -4.98    -9.58    -3.69      0.1302     29.96 RIGHT   4.2019E-04   -244.32  2.4763E-04   -261.35
   35.00    155.00     -3.95    -7.42    -2.33      0.1420     33.37 RIGHT   4.7357E-04   -254.62  3.1764E-04   -272.13
   40.00    155.00     -3.07    -5.46    -1.09      0.1441     36.86 RIGHT   5.2395E-04   -262.45  3.9767E-04   -279.50
   45.00    155.00     -2.49    -3.84    -0.11      0.1404     40.39 RIGHT   5.5975E-04   -268.45  4.7931E-04   -284.63
   50.00    155.00     -2.30    -2.59     0.57      0.1321     43.99 RIGHT   5.7266E-04   -273.25  5.5348E-04   -288.31
   55.00    155.00     -2.51    -1.74     0.90      0.1194     47.62 RIGHT   5.5858E-04   -277.34  6.1056E-04     68.99
   60.00    155.00     -3.17    -1.32     0.87      0.1020     51.18 RIGHT   5.1796E-04   -281.09  6.4089E-04     67.00
   65.00    155.00     -4.28    -1.39     0.41      0.0799     54.51 RIGHT   4.5551E-04   -284.82  6.3585E-04     65.53
   70.00    155.00     -5.88    -2.05    -0.55      0.0538     57.33 RIGHT   3.7889E-04   -288.76  5.8910E-04     64.47
   75.00    155.00     -8.02    -3.51    -2.20      0.0246     59.26 RIGHT   2.9625E-04     66.97  4.9786E-04     63.77
   80.00    155.00    -10.91    -6.23    -4.96      0.0065     59.75 LEFT    2.1230E-04     62.52  3.6395E-04     63.37
   85.00    155.00    -15.70   -11.69   -10.24      0.0386     57.83 LEFT    1.2231E-04     58.35  1.9417E-04     63.25
   90.00    155.00   -999.99  -999.99  -999.99      0.0000      0.00         9.2523E-15   -125.14  1.1789E-14   -116.60
    0.00    160.00     -5.67   -14.45    -5.13      0.0000     20.00 LINEAR  3.8830E-04   -185.35  1.4133E-04   -185.35
    5.00    160.00     -5.78   -14.59    -5.24      0.0021     19.92 RIGHT   3.8356E-04   -187.32  1.3902E-04   -187.69
   10.00    160.00     -6.04   -14.95    -5.51      0.0099     19.72 RIGHT   3.7216E-04   -193.34  1.3348E-04   -195.11
   15.00    160.00     -6.27   -15.22    -5.75      0.0273     19.60 RIGHT   3.6228E-04   -203.46  1.2936E-04   -208.40
   20.00    160.00     -6.20   -14.86    -5.65      0.0562     20.05 RIGHT   3.6530E-04   -216.86  1.3484E-04   -226.79
   25.00    160.00     -5.64   -13.49    -4.98      0.0885     21.58 RIGHT   3.8963E-04   -231.31  1.5782E-04   -245.93
   30.00    160.00     -4.70   -11.45    -3.87      0.1127     24.06 RIGHT   4.3417E-04   -244.25  1.9969E-04   -261.30
   35.00    160.00     -3.67    -9.29    -2.62      0.1259     26.99 RIGHT   4.8881E-04   -254.55  2.5592E-04   -272.10
   40.00    160.00     -2.80    -7.35    -1.49      0.1311     30.10 RIGHT   5.4028E-04   -262.38  3.2014E-04   -279.47
   45.00    160.00     -2.24    -5.73    -0.63      0.1314     33.35 RIGHT   5.7668E-04   -268.38  3.8554E-04   -284.61
   50.00    160.00     -2.04    -4.49    -0.09      0.1274     36.77 RIGHT   5.8953E-04   -273.18  4.4486E-04   -288.29
   55.00    160.00     -2.27    -3.64     0.11      0.1188     40.34 RIGHT   5.7467E-04   -277.26  4.9037E-04     69.01
   60.00    160.00     -2.93    -3.23    -0.06      0.1049     43.98 RIGHT   5.3265E-04   -281.01  5.1438E-04     67.01
   65.00    160.00     -4.04    -3.30    -0.65      0.0849     47.48 RIGHT   4.6834E-04   -284.72  5.1002E-04     65.54
   70.00    160.00     -5.64    -3.97    -1.72      0.0590     50.52 RIGHT   3.8959E-04   -288.64  4.7227E-04     64.49
   75.00    160.00     -7.78    -5.44    -3.44      0.0282     52.64 RIGHT   3.0471E-04     67.13  3.9895E-04     63.78
   80.00    160.00    -10.67    -8.16    -6.22      0.0056     53.16 LEFT    2.1847E-04     62.72  2.9155E-04     63.39
   85.00    160.00    -15.45   -13.62   -11.43      0.0400     51.02 LEFT    1.2592E-04     58.59  1.5552E-04     63.27
   90.00    160.00   -999.99  -999.99  -999.99      0.0000      0.00         9.5266E-15   -124.88  9.4415E-15   -116.59
    0.00    165.00     -5.43   -16.87    -5.13      0.0000     15.00 LINEAR  3.9914E-04   -185.35  1.0695E-04   -185.35
    5.00    165.00     -5.54   -17.01    -5.24      0.0016     14.94 RIGHT   3.9424E-04   -187.32  1.0520E-04   -187.69
   10.00    165.00     -5.80   -17.37    -5.51      0.0077     14.78 RIGHT   3.8247E-04   -193.32  1.0098E-04   -195.10
   15.00    165.00     -6.04   -17.64    -5.75      0.0212     14.68 RIGHT   3.7219E-04   -203.43  9.7830E-05   -208.38
   20.00    165.00     -5.97   -17.29    -5.66      0.0437     15.01 RIGHT   3.7507E-04   -216.82  1.0191E-04   -226.75
   25.00    165.00     -5.42   -15.93    -5.05      0.0695     16.17 RIGHT   3.9974E-04   -231.25  1.1918E-04   -245.89
   30.00    165.00     -4.49   -13.89    -4.01      0.0899     18.08 RIGHT   4.4504E-04   -244.19  1.5067E-04   -261.27
   35.00    165.00     -3.46   -11.74    -2.86      0.1024     20.40 RIGHT   5.0062E-04   -254.49  1.9296E-04   -272.07
   40.00    165.00     -2.60    -9.81    -1.84      0.1092     22.92 RIGHT   5.5289E-04   -262.32  2.4122E-04   -279.45
   45.00    165.00     -2.04    -8.20    -1.10      0.1124     25.64 RIGHT   5.8972E-04   -268.33  2.9032E-04   -284.60
   50.00    165.00     -1.86    -6.96    -0.69      0.1124     28.60 RIGHT   6.0248E-04   -273.13  3.3477E-04   -288.28
   55.00    165.00     -2.08    -6.12    -0.64      0.1085     31.81 RIGHT   5.8699E-04   -277.20  3.6879E-04     69.02
   60.00    165.00     -2.74    -5.71    -0.97      0.0995     35.21 RIGHT   5.4388E-04   -280.94  3.8663E-04     67.02
   65.00    165.00     -3.86    -5.79    -1.71      0.0837     38.62 RIGHT   4.7813E-04   -284.64  3.8316E-04     65.55
   70.00    165.00     -5.46    -6.46    -2.92      0.0605     41.70 RIGHT   3.9776E-04   -288.54  3.5464E-04     64.50
   75.00    165.00     -7.59    -7.93    -4.75      0.0302     43.90 RIGHT   3.1118E-04     67.26  2.9949E-04     63.79
   80.00    165.00    -10.48   -10.65    -7.56      0.0045     44.43 LEFT    2.2319E-04     62.88  2.1881E-04     63.40
   85.00    165.00    -15.26   -16.11   -12.66      0.0391     42.19 LEFT    1.2868E-04     58.78  1.1670E-04     63.28
   90.00    165.00   -999.99  -999.99  -999.99      0.0000      0.00         9.7372E-15   -124.68  7.0844E-15   -116.58
    0.00    170.00     -5.26   -20.34    -5.13      0.0000     10.00 LINEAR  4.0694E-04   -185.35  7.1754E-05   -185.35
    5.00    170.00     -5.37   -20.48    -5.24      0.0011      9.96 RIGHT   4.0194E-04   -187.32  7.0576E-05   -187.69
   10.00    170.00     -5.64   -20.84    -5.51      0.0052      9.85 RIGHT   3.8988E-04   -193.32  6.7742E-05   -195.09
   15.00    170.00     -5.87   -21.11    -5.75      0.0145      9.78 RIGHT   3.7931E-04   -203.41  6.5607E-05   -208.36
   20.00    170.00     -5.81   -20.76    -5.67      0.0299     10.00 RIGHT   3.8209E-04   -216.79  6.8309E-05   -226.72
   25.00    170.00     -5.26   -19.41    -5.10      0.0479     10.77 RIGHT   4.0698E-04   -231.21  7.9834E-05   -245.86
   30.00    170.00     -4.34   -17.38    -4.13      0.0626     12.07 RIGHT   4.5281E-04   -244.15  1.0087E-04   -261.24
   35.00    170.00     -3.32   -15.23    -3.05      0.0724     13.67 RIGHT   5.0903E-04   -254.45  1.2912E-04   -272.05
   40.00    170.00     -2.46   -13.30    -2.12      0.0787     15.44 RIGHT   5.6185E-04   -262.28  1.6133E-04   -279.44
   45.00    170.00     -1.91   -11.69    -1.47      0.0828     17.40 RIGHT   5.9896E-04   -268.29  1.9407E-04   -284.58
   50.00    170.00     -1.72   -10.46    -1.18      0.0851     19.59 RIGHT   6.1163E-04   -273.08  2.2368E-04   -288.27
   55.00    170.00     -1.95    -9.62    -1.27      0.0849     22.04 RIGHT   5.9568E-04   -277.16  2.4630E-04     69.03
   60.00    170.00     -2.62    -9.22    -1.76      0.0809     24.75 RIGHT   5.5179E-04   -280.89  2.5811E-04     67.03
   65.00    170.00     -3.74    -9.30    -2.67      0.0710     27.60 RIGHT   4.8503E-04   -284.58  2.5570E-04     65.56
   70.00    170.00     -5.34    -9.97    -4.05      0.0536     30.29 RIGHT   4.0351E-04   -288.46  2.3659E-04     64.51
   75.00    170.00     -7.47   -11.44    -6.01      0.0280     32.30 RIGHT   3.1575E-04     67.35  1.9974E-04     63.80
   80.00    170.00    -10.35   -14.17    -8.84      0.0032     32.78 LEFT    2.2653E-04     63.00  1.4591E-04     63.40
   85.00    170.00    -15.13   -19.63   -13.81      0.0335     30.74 LEFT    1.3064E-04     58.92  7.7808E-05     63.29
   90.00    170.00   -999.99  -999.99  -999.99      0.0000      0.00         9.8866E-15   -124.53  4.7234E-15   -116.57
    0.00    175.00     -5.16   -26.32    -5.13      0.0000      5.00 LINEAR  4.1164E-04   -185.35  3.6014E-05   -185.35
    5.00    175.00     -5.27   -26.47    -5.24      0.0006      4.98 RIGHT   4.0657E-04   -187.32  3.5422E-05   -187.69
   10.00    175.00     -5.54   -26.83    -5.50      0.0027      4.92 RIGHT   3.9435E-04   -193.31  3.3997E-05   -195.09
   15.00    175.00     -5.78   -27.10    -5.74      0.0073      4.89 RIGHT   3.8360E-04   -203.40  3.2920E-05   -208.35
   20.00    175.00     -5.72   -26.76    -5.68      0.0152      4.99 RIGHT   3.8631E-04   -216.77  3.4265E-05   -226.71
   25.00    175.00     -5.17   -25.41    -5.13      0.0244      5.38 RIGHT   4.1133E-04   -231.19  4.0032E-05   -245.84
   30.00    175.00     -4.25   -23.38    -4.19      0.0321      6.04 RIGHT   4.5746E-04   -244.12  5.0563E-05   -261.23
   35.00    175.00     -3.23   -21.24    -3.17      0.0375      6.85 RIGHT   5.1407E-04   -254.42  6.4700E-05   -272.04
   40.00    175.00     -2.38   -19.30    -2.29      0.0413      7.77 RIGHT   5.6721E-04   -262.26  8.0816E-05   -279.43
   45.00    175.00     -1.83   -17.70    -1.72      0.0441      8.79 RIGHT   6.0447E-04   -268.26  9.7188E-05   -284.58
   50.00    175.00     -1.65   -16.47    -1.51      0.0462      9.95 RIGHT   6.1708E-04   -273.06  1.1198E-04   -288.26
   55.00    175.00     -1.88   -15.64    -1.70      0.0472     11.29 RIGHT   6.0085E-04   -277.13  1.2328E-04     69.03
   60.00    175.00     -2.54   -15.23    -2.32      0.0463     12.81 RIGHT   5.5648E-04   -280.86  1.2915E-04     67.04
   65.00    175.00     -3.67   -15.32    -3.38      0.0421     14.47 RIGHT   4.8912E-04   -284.54  1.2792E-04     65.56
   70.00    175.00     -5.26   -15.99    -4.91      0.0331     16.12 RIGHT   4.0693E-04   -288.42  1.1834E-04     64.51
   75.00    175.00     -7.39   -17.46    -6.99      0.0180     17.39 RIGHT   3.1846E-04     67.41  9.9890E-05     63.81
   80.00    175.00    -10.28   -20.19    -9.85      0.0017     17.71 LEFT    2.2852E-04     63.08  7.2958E-05     63.41
   85.00    175.00    -15.05   -25.65   -14.69      0.0203     16.41 LEFT    1.3181E-04     59.01  3.8903E-05     63.29
   90.00    175.00   -999.99  -999.99  -999.99      0.0000      0.00         9.9755E-15   -124.43  2.3616E-15   -116.57
    0.00    180.00     -5.13  -999.99    -5.13      0.0000     -0.00 LINEAR  4.1322E-04   -185.35  4.2176E-15     -5.35
    5.00    180.00     -5.24  -999.99    -5.24      0.0000     -0.00 LINEAR  4.0812E-04   -187.32  4.1482E-15     -7.69
   10.00    180.00     -5.50  -999.99    -5.50      0.0000     -0.00 LINEAR  3.9584E-04   -193.31  3.9812E-15    -15.09
   15.00    180.00     -5.74  -999.99    -5.74      0.0000     -0.00 LINEAR  3.8503E-04   -203.40  3.8549E-15    -28.34
   20.00    180.00     -5.68  -999.99    -5.68      0.0000     -0.00 LINEAR  3.8771E-04   -216.77  4.0121E-15    -46.70
   25.00    180.00     -5.14  -999.99    -5.14      0.0000     -0.00 LINEAR  4.1278E-04   -231.18  4.6866E-15    -65.83
   30.00    180.00     -4.22  -999.99    -4.22      0.0000     -0.00 LINEAR  4.5902E-04   -244.11  5.9189E-15    -81.22
   35.00    180.00     -3.21  -999.99    -3.21      0.0000     -0.00 LINEAR  5.1574E-04   -254.41  7.5728E-15    -92.04
   40.00    180.00     -2.35  -999.99    -2.35      0.0000     -0.00 LINEAR  5.6899E-04   -262.25  9.4582E-15    -99.43
   45.00    180.00     -1.80  -999.99    -1.80      0.0000     -0.00 LINEAR  6.0630E-04   -268.26  1.1373E-14   -104.57
   50.00    180.00     -1.62  -999.99    -1.62      0.0000     -0.00 LINEAR  6.1889E-04   -273.05  1.3103E-14   -108.26
   55.00    180.00     -1.85  -999.99    -1.85      0.0000     -0.00 LINEAR  6.0257E-04   -277.12  1.4423E-14   -110.96
   60.00    180.00     -2.52  -999.99    -2.52      0.0000     -0.00 LINEAR  5.5804E-04   -280.85  1.5109E-14   -112.96
   65.00    180.00     -3.64  -999.99    -3.64      0.0000     -0.00 LINEAR  4.9048E-04   -284.53  1.4964E-14   -114.44
   70.00    180.00     -5.24  -999.99    -5.24      0.0000     -0.00 LINEAR  4.0807E-04   -288.40  1.3842E-14   -115.49
   75.00    180.00     -7.37  -999.99    -7.37      0.0000     -0.00 LINEAR  3.1936E-04     67.43  1.1684E-14   -116.19
   80.00    180.00    -10.25  -999.99   -10.25      0.0000     -0.00 LINEAR  2.2918E-04     63.10  8.5334E-15   -116.59
   85.00    180.00    -15.03  -999.99   -15.03      0.0000     -0.00 LINEAR  1.3220E-04     59.04  4.5501E-15   -116.71
   90.00    180.00   -999.99  -999.99  -999.99      0.0000      0.00         1.0005E-14   -124.40  2.7621E-25     63.43
    0.00    185.00     -5.16   -26.32    -5.13      0.0000     -5.00 LINEAR  4.1164E-04   -185.35  3.6014E-05     -5.35
    5.00    185.00     -5.27   -26.47    -5.24      0.0006     -4.98 LEFT    4.0657E-04   -187.32  3.5422E-05     -7.69
   10.00    185.00     -5.54   -26.83    -5.50      0.0027     -4.92 LEFT    3.9435E-04   -193.31  3.3997E-05    -15.09
   15.00    185.00     -5.78   -27.10    -5.74      0.0073     -4.89 LEFT    3.8360E-04   -203.40  3.2920E-05    -28.35
   20.00    185.00     -5.72   -26.76    -5.68      0.0152     -4.99 LEFT    3.8631E-04   -216.77  3.4265E-05    -46.71
   25.00    185.00     -5.17   -25.41    -5.13      0.0244     -5.38 LEFT    4.1133E-04   -231.19  4.0032E-05    -65.84
   30.00    185.00     -4.25   -23.38    -4.19      0.0321     -6.04 LEFT    4.5746E-04   -244.12  5.0563E-05    -81.23
   35.00    185.00     -3.23   -21.24    -3.17      0.0375     -6.85 LEFT    5.1407E-04   -254.42  6.4700E-05    -92.04
   40.00    185.00     -2.38   -19.30    -2.29      0.0413     -7.77 LEFT    5.6721E-04   -262.26  8.0816E-05    -99.43
   45.00    185.00     -1.83   -17.70    -1.72      0.0441     -8.79 LEFT    6.0447E-04   -268.26  9.7188E-05   -104.58
   50.00    185.00     -1.65   -16.47    -1.51      0.0462     -9.95 LEFT    6.1708E-04   -273.06  1.1198E-04   -108.26
   55.00    185.00     -1.88   -15.64    -1.70      0.0472    -11.29 LEFT    6.0085E-04   -277.13  1.2328E-04   -110.97
   60.00    185.00     -2.54   -15.23    -2.32      0.0463    -12.81 LEFT    5.5648E-04   -280.86  1.2915E-04   -112.96
   65.00    185.00     -3.67   -15.32    -3.38      0.0421    -14.47 LEFT    4.8912E-04   -284.54  1.2792E-04   -114.44
   70.00    185.00     -5.26   -15.99    -4.91      0.0331    -16.12 LEFT    4.0693E-04   -288.42  1.1834E-04   -115.49
   75.00    185.00     -7.39   -17.46    -6.99      0.0180    -17.39 LEFT    3.1846E-04     67.41  9.9890E-05   -116.19
   80.00    185.00    -10.28   -20.19    -9.85      0.0017    -17.71 RIGHT   2.2852E-04     63.08  7.2958E-05   -116.59
   85.00    185.00    -15.05   -25.65   -14.69      0.0203    -16.41 RIGHT   1.3181E-04     59.01  3.8903E-05   -116.71
   90.00    185.00   -999.99  -999.99  -999.99      0.0000      0.00         9.9753E-15   -124.43  2.3616E-15     63.43
    0.00    190.00     -5.26   -20.34    -5.13      0.0000    -10.00 LINEAR  4.0694E-04   -185.35  7.1754E-05     -5.35
    5.00    190.00     -5.37   -20.48    -5.24      0.0011     -9.96 LEFT    4.0194E-04   -187.32  7.0576E-05     -7.69
   10.00    190.00     -5.64   -20.84    -5.51      0.0052     -9.85 LEFT    3.8988E-04   -193.32  6.7742E-05    -15.09
   15.00    190.00     -5.87   -21.11    -5.75      0.0145     -9.78 LEFT    3.7931E-04   -203.41  6.5607E-05    -28.36
   20.00    190.00     -5.81   -20.76    -5.67      0.0299    -10.00 LEFT    3.8209E-04   -216.79  6.8309E-05    -46.72
   25.00    190.00     -5.26   -19.41    -5.10      0.0479    -10.77 LEFT    4.0698E-04   -231.21  7.9834E-05    -65.86
   30.00    190.00     -4.34   -17.38    -4.13      0.0626    -12.07 LEFT    4.5281E-04   -244.15  1.0087E-04    -81.24
   35.00    190.00     -3.32   -15.23    -3.05      0.0724    -13.67 LEFT    5.0903E-04   -254.45  1.2912E-04    -92.05
   40.00    190.00     -2.46   -13.30    -2.12      0.0787    -15.44 LEFT    5.6185E-04   -262.28  1.6133E-04    -99.44
   45.00    190.00     -1.91   -11.69    -1.47      0.0828    -17.40 LEFT    5.9896E-04   -268.29  1.9407E-04   -104.58
   50.00    190.00     -1.72   -10.46    -1.18      0.0851    -19.59 LEFT    6.1163E-04   -273.08  2.2368E-04   -108.27
   55.00    190.00     -1.95    -9.62    -1.27      0.0849    -22.04 LEFT    5.9568E-04   -277.16  2.4630E-04   -110.97
   60.00    190.00     -2.62    -9.22    -1.76      0.0809    -24.75 LEFT    5.5179E-04   -280.89  2.5811E-04   -112.97
   65.00    190.00     -3.74    -9.30    -2.67      0.0710    -27.60 LEFT    4.8503E-04   -284.58  2.5570E-04   -114.44
   70.00    190.00     -5.34    -9.97    -4.05      0.0536    -30.29 LEFT    4.0351E-04   -288.46  2.3659E-04   -115.49
   75.00    190.00     -7.47   -11.44    -6.01      0.0280    -32.30 LEFT    3.1575E-04     67.35  1.9974E-04   -116.20
   80.00    190.00    -10.35   -14.17    -8.84      0.0032    -32.78 RIGHT   2.2653E-04     63.00  1.4591E-04   -116.60
   85.00    190.00    -15.13   -19.63   -13.81      0.0335    -30.74 RIGHT   1.3064E-04     58.92  7.7808E-05   -116.71
   90.00    190.00   -999.99  -999.99  -999.99      0.0000      0.00         9.8867E-15   -124.53  4.7233E-15     63.43
    0.00    195.00     -5.43   -16.87    -5.13      0.0000    -15.00 LINEAR  3.9914E-04   -185.35  1.0695E-04     -5.35
    5.00    195.00     -5.54   -17.01    -5.24      0.0016    -14.94 LEFT    3.9424E-04   -187.32  1.0520E-04     -7.69
   10.00    195.00     -5.80   -17.37    -5.51      0.0077    -14.78 LEFT    3.8247E-04   -193.32  1.0098E-04    -15.10
   15.00    195.00     -6.04   -17.64    -5.75      0.0212    -14.68 LEFT    3.7219E-04   -203.43  9.7830E-05    -28.38
   20.00    195.00     -5.97   -17.29    -5.66      0.0437    -15.01 LEFT    3.7507E-04   -216.82  1.0191E-04    -46.75
   25.00    195.00     -5.42   -15.93    -5.05      0.0695    -16.17 LEFT    3.9974E-04   -231.25  1.1918E-04    -65.89
   30.00    195.00     -4.49   -13.89    -4.01      0.0899    -18.08 LEFT    4.4504E-04   -244.19  1.5067E-04    -81.27
   35.00    195.00     -3.46   -11.74    -2.86      0.1024    -20.40 LEFT    5.0062E-04   -254.49  1.9296E-04    -92.07
   40.00    195.00     -2.60    -9.81    -1.84      0.1092    -22.92 LEFT    5.5289E-04   -262.32  2.4122E-04    -99.45
   45.00    195.00     -2.04    -8.20    -1.10      0.1124    -25.64 LEFT    5.8972E-04   -268.33  2.9032E-04   -104.60
   50.00    195.00     -1.86    -6.96    -0.69      0.1124    -28.60 LEFT    6.0248E-04   -273.13  3.3477E-04   -108.28
   55.00    195.00     -2.08    -6.12    -0.64      0.1085    -31.81 LEFT    5.8699E-04   -277.20  3.6879E-04   -110.98
   60.00    195.00     -2.74    -5.71    -0.97      0.0995    -35.21 LEFT    5.4388E-04   -280.94  3.8663E-04   -112.98
   65.00    195.00     -3.86    -5.79    -1.71      0.0837    -38.62 LEFT    4.7813E-04   -284.64  3.8316E-04   -114.45
   70.00    195.00     -5.46    -6.46    -2.92      0.0605    -41.70 LEFT    3.9776E-04   -288.54  3.5464E-04   -115.50
   75.00    195.00     -7.59    -7.93    -4.75      0.0302    -43.90 LEFT    3.1118E-04     67.26  2.9949E-04   -116.21
   80.00    195.00    -10.48   -10.65    -7.56      0.0045    -44.43 RIGHT   2.2319E-04     62.88  2.1881E-04   -116.60
   85.00    195.00    -15.26   -16.11   -12.66      0.0391    -42.19 RIGHT   1.2868E-04     58.78  1.1670E-04   -116.72
   90.00    195.00   -999.99  -999.99  -999.99      0.0000      0.00         9.7373E-15   -124.68  7.0844E-15     63.42
    0.00    200.00     -5.67   -14.45    -5.13      0.0000    -20.00 LINEAR  3.8830E-04   -185.35  1.4133E-04     -5.35
    5.00    200.00     -5.78   -14.59    -5.24      0.0021    -19.92 LEFT    3.8356E-04   -187.32  1.3902E-04     -7.69
   10.00    200.00     -6.04   -14.95    -5.51      0.0099    -19.72 LEFT    3.7216E-04   -193.34  1.3348E-04    -15.11
   15.00    200.00     -6.27   -15.22    -5.75      0.0273    -19.60 LEFT    3.6228E-04   -203.46  1.2936E-04    -28.40
   20.00    200.00     -6.20   -14.86    -5.65      0.0562    -20.05 LEFT    3.6530E-04   -216.86  1.3484E-04    -46.79
   25.00    200.00     -5.64   -13.49    -4.98      0.0885    -21.58 LEFT    3.8963E-04   -231.31  1.5782E-04    -65.93
   30.00    200.00     -4.70   -11.45    -3.87      0.1127    -24.06 LEFT    4.3417E-04   -244.25  1.9969E-04    -81.30
   35.00    200.00     -3.67    -9.29    -2.62      0.1259    -26.99 LEFT    4.8881E-04   -254.55  2.5592E-04    -92.10
   40.00    200.00     -2.80    -7.35    -1.49      0.1311    -30.10 LEFT    5.4028E-04   -262.38  3.2014E-04    -99.47
   45.00    200.00     -2.24    -5.73    -0.63      0.1314    -33.35 LEFT    5.7668E-04   -268.38  3.8554E-04   -104.61
   50.00    200.00     -2.04    -4.49    -0.09      0.1274    -36.77 LEFT    5.8953E-04   -273.18  4.4486E-04   -108.29
   55.00    200.00     -2.27    -3.64     0.11      0.1188    -40.34 LEFT    5.7467E-04   -277.26  4.9037E-04   -110.99
   60.00    200.00     -2.93    -3.23    -0.06      0.1049    -43.98 LEFT    5.3265E-04   -281.01  5.1438E-04   -112.99
   65.00    200.00     -4.04    -3.30    -0.65      0.0849    -47.48 LEFT    4.6834E-04   -284.72  5.1002E-04   -114.46
   70.00    200.00     -5.64    -3.97    -1.72      0.0590    -50.52 LEFT    3.8959E-04   -288.64  4.7227E-04   -115.51
   75.00    200.00     -7.78    -5.44    -3.44      0.0282    -52.64 LEFT    3.0471E-04     67.13  3.9895E-04   -116.22
   80.00    200.00    -10.67    -8.16    -6.22      0.0056    -53.16 RIGHT   2.1847E-04     62.72  2.9155E-04   -116.61
   85.00    200.00    -15.45   -13.62   -11.43      0.0400    -51.02 RIGHT   1.2592E-04     58.59  1.5552E-04   -116.73
   90.00    200.00   -999.99  -999.99  -999.99      0.0000      0.00         9.5265E-15   -124.88  9.4416E-15     63.41
    0.00    205.00     -5.98   -12.61    -5.13      0.0000    -25.00 LINEAR  3.7450E-04   -185.35  1.7463E-04     -5.35
    5.00    205.00     -6.09   -12.75    -5.24      0.0025    -24.91 LEFT    3.6995E-04   -187.33  1.7179E-04     -7.70
   10.00    205.00     -6.35   -13.11    -5.52      0.0118    -24.67 LEFT    3.5904E-04   -193.35  1.6498E-04    -15.13
   15.00    205.00     -6.58   -13.37    -5.76      0.0327    -24.53 LEFT    3.4965E-04   -203.49  1.5996E-04    -28.43
   20.00    205.00     -6.50   -13.01    -5.63      0.0669    -25.10 LEFT    3.5281E-04   -216.92  1.6687E-04    -46.84
   25.00    205.00     -5.93   -11.63    -4.90      0.1043    -26.99 LEFT    3.7668E-04   -231.37  1.9551E-04    -65.98
   30.00    205.00     -4.98    -9.58    -3.69      0.1302    -29.96 LEFT    4.2019E-04   -244.32  2.4763E-04    -81.35
   35.00    205.00     -3.95    -7.42    -2.33      0.1420    -33.37 LEFT    4.7357E-04   -254.62  3.1764E-04    -92.13
   40.00    205.00     -3.07    -5.46    -1.09      0.1441    -36.86 LEFT    5.2395E-04   -262.45  3.9767E-04    -99.50
   45.00    205.00     -2.49    -3.84    -0.11      0.1404    -40.39 LEFT    5.5975E-04   -268.45  4.7931E-04   -104.63
   50.00    205.00     -2.30    -2.59     0.57      0.1321    -43.99 LEFT    5.7266E-04   -273.25  5.5348E-04   -108.31
   55.00    205.00     -2.51    -1.74     0.90      0.1194    -47.62 LEFT    5.5858E-04   -277.34  6.1056E-04   -111.01
   60.00    205.00     -3.17    -1.32     0.87      0.1020    -51.18 LEFT    5.1796E-04   -281.09  6.4089E-04   -113.00
   65.00    205.00     -4.28    -1.39     0.41      0.0799    -54.51 LEFT    4.5551E-04   -284.82  6.3585E-04   -114.47
   70.00    205.00     -5.88    -2.05    -0.55      0.0538    -57.33 LEFT    3.7889E-04   -288.76  5.8910E-04   -115.53
   75.00    205.00     -8.02    -3.51    -2.20      0.0246    -59.26 LEFT    2.9625E-04     66.97  4.9786E-04   -116.23
   80.00    205.00    -10.91    -6.23    -4.96      0.0065    -59.75 RIGHT   2.1230E-04     62.52  3.6395E-04   -116.63
   85.00    205.00    -15.70   -11.69   -10.24      0.0386    -57.83 RIGHT   1.2231E-04     58.35  1.9417E-04   -116.75
   90.00    205.00   -999.99  -999.99  -999.99      0.0000      0.00         9.2524E-15   -125.14  1.1789E-14     63.40
    0.00    210.00     -6.38   -11.15    -5.13      0.0000    -30.00 LINEAR  3.5786E-04   -185.35  2.0661E-04     -5.35
    5.00    210.00     -6.49   -11.29    -5.24      0.0028    -29.90 LEFT    3.5354E-04   -187.33  2.0326E-04     -7.70
   10.00    210.00     -6.74   -11.64    -5.53      0.0133    -29.63 LEFT    3.4319E-04   -193.36  1.9525E-04    -15.14
   15.00    210.00     -6.97   -11.91    -5.76      0.0370    -29.48 LEFT    3.3438E-04   -203.52  1.8941E-04    -28.47
   20.00    210.00     -6.88   -11.53    -5.60      0.0756    -30.17 LEFT    3.3768E-04   -216.97  1.9778E-04    -46.90
   25.00    210.00     -6.31   -10.14    -4.80      0.1161    -32.37 LEFT    3.6093E-04   -231.45  2.3200E-04    -66.04
   30.00    210.00     -5.35    -8.08    -3.49      0.1419    -35.74 LEFT    4.0312E-04   -244.40  2.9418E-04    -81.40
   35.00    210.00     -4.30    -5.91    -2.02      0.1509    -39.46 LEFT    4.5488E-04   -254.70  3.7773E-04    -92.17
   40.00    210.00     -3.41    -3.95    -0.66      0.1492    -43.13 LEFT    5.0384E-04   -262.53  4.7337E-04    -99.53
   45.00    210.00     -2.83    -2.32     0.45      0.1414    -46.73 LEFT    5.3882E-04   -268.53  5.7108E-04   -104.66
   50.00    210.00     -2.62    -1.06     1.24      0.1295    -50.28 LEFT    5.5174E-04   -273.33  6.6005E-04   -108.33
   55.00    210.00     -2.83    -0.20     1.69      0.1139    -53.77 LEFT    5.3857E-04   -277.42  7.2874E-04   -111.02
   60.00    210.00     -3.48     0.23     1.77      0.0947    -57.10 LEFT    4.9966E-04   -281.19  7.6555E-04   -113.02
   65.00    210.00     -4.59     0.16     1.42      0.0723    -60.13 LEFT    4.3952E-04   -284.93  7.6008E-04   -114.49
   70.00    210.00     -6.19    -0.49     0.54      0.0474    -62.67 LEFT    3.6556E-04   -288.90  7.0462E-04   -115.54
   75.00    210.00     -8.34    -1.95    -1.05      0.0207    -64.40 LEFT    2.8572E-04     66.79  5.9578E-04   -116.24
   80.00    210.00    -11.23    -4.67    -3.80      0.0072    -64.84 RIGHT   2.0465E-04     62.29  4.3568E-04   -116.64
   85.00    210.00    -16.03   -10.13    -9.13      0.0363    -63.18 RIGHT   1.1785E-04     58.08  2.3249E-04   -116.76
   90.00    210.00   -999.99  -999.99  -999.99      0.0000      0.00         8.9129E-15   -125.43  1.4117E-14     63.38
    0.00    215.00     -6.86    -9.96    -5.13      0.0000    -35.00 LINEAR  3.3849E-04   -185.35  2.3701E-04     -5.35
    5.00    215.00     -6.97   -10.10    -5.25      0.0030    -34.89 LEFT    3.3443E-04   -187.33  2.3319E-04     -7.70
   10.00    215.00     -7.22   -10.45    -5.53      0.0145    -34.60 LEFT    3.2473E-04   -193.38  2.2406E-04    -15.16
   15.00    215.00     -7.44   -10.71    -5.77      0.0403    -34.45 LEFT    3.1656E-04   -203.56  2.1748E-04    -28.51
   20.00    215.00     -7.35   -10.32    -5.58      0.0819    -35.26 LEFT    3.1997E-04   -217.04  2.2733E-04    -46.96
   25.00    215.00     -6.76    -8.92    -4.70      0.1239    -37.72 LEFT    3.4243E-04   -231.53  2.6702E-04    -66.11
   30.00    215.00     -5.79    -6.85    -3.28      0.1479    -41.36 LEFT    3.8299E-04   -244.50  3.3901E-04    -81.45
   35.00    215.00     -4.73    -4.67    -1.69      0.1532    -45.21 LEFT    4.3275E-04   -254.79  4.3579E-04    -92.21
   40.00    215.00     -3.83    -2.70    -0.22      0.1477    -48.89 LEFT    4.7992E-04   -262.61  5.4670E-04    -99.56
   45.00    215.00     -3.24    -1.06     1.00      0.1366    -52.38 LEFT    5.1381E-04   -268.61  6.6022E-04   -104.68
   50.00    215.00     -3.02     0.21     1.90      0.1222    -55.75 LEFT    5.2666E-04   -273.42  7.6384E-04   -108.35
   55.00    215.00     -3.23     1.07     2.45      0.1051    -58.97 LEFT    5.1449E-04   -277.52  8.4413E-04   -111.04
   60.00    215.00     -3.87     1.51     2.61      0.0856    -62.00 LEFT    4.7759E-04   -281.29  8.8756E-04   -113.04
   65.00    215.00     -4.98     1.45     2.34      0.0640    -64.71 LEFT    4.2022E-04   -285.06  8.8190E-04   -114.51
   70.00    215.00     -6.59     0.80     1.53      0.0410    -66.96 LEFT    3.4948E-04   -289.06  8.1810E-04   -115.56
   75.00    215.00     -8.73    -0.65    -0.02      0.0170    -68.49 LEFT    2.7304E-04     66.59  6.9210E-04   -116.26
   80.00    215.00    -11.63    -3.37    -2.76      0.0076    -68.90 RIGHT   1.9545E-04     62.04  5.0633E-04   -116.66
   85.00    215.00    -16.43    -8.82    -8.12      0.0337    -67.47 RIGHT   1.1249E-04     57.78  2.7026E-04   -116.78
   90.00    215.00   -999.99  -999.99  -999.99      0.0000      0.00         8.5063E-15   -125.75  1.6411E-14     63.36
    0.00    220.00     -7.45    -8.97    -5.13      0.0000    -40.00 LINEAR  3.1654E-04   -185.35  2.6561E-04     -5.35
    5.00    220.00     -7.55    -9.11    -5.25      0.0032    -39.88 LEFT    3.1277E-04   -187.34  2.6135E-04     -7.71
   10.00    220.00     -7.80    -9.45    -5.54      0.0152    -39.58 LEFT    3.0379E-04   -193.40  2.5119E-04    -15.18
   15.00    220.00     -8.02    -9.71    -5.77      0.0424    -39.45 LEFT    2.9632E-04   -203.60  2.4397E-04    -28.55
   20.00    220.00     -7.92    -9.31    -5.55      0.0856    -40.35 LEFT    2.9980E-04   -217.11  2.5530E-04    -47.02
   25.00    220.00     -7.32    -7.90    -4.59      0.1274    -43.00 LEFT    3.2126E-04   -231.62  3.0030E-04    -66.18
   30.00    220.00     -6.33    -5.82    -3.06      0.1484    -46.77 LEFT    3.5985E-04   -244.59  3.8177E-04    -81.51
   35.00    220.00     -5.26    -3.63    -1.36      0.1499    -50.60 LEFT    4.0718E-04   -254.88  4.9134E-04    -92.25
   40.00    220.00     -4.35    -1.65     0.22      0.1413    -54.14 LEFT    4.5216E-04   -262.70  6.1708E-04    -99.59
   45.00    220.00     -3.74     0.00     1.53      0.1280    -57.42 LEFT    4.8467E-04   -268.70  7.4602E-04   -104.71
   50.00    220.00     -3.52     1.28     2.52      0.1123    -60.50 LEFT    4.9730E-04   -273.51  8.6402E-04   -108.37
   55.00    220.00     -3.72     2.15     3.15      0.0948    -63.42 LEFT    4.8623E-04   -277.61  9.5580E-04   -111.06
   60.00    220.00     -4.36     2.60     3.39      0.0759    -66.12 LEFT    4.5163E-04   -281.40  1.0059E-03   -113.06
   65.00    220.00     -5.47     2.55     3.19      0.0558    -68.52 LEFT    3.9749E-04   -285.19  1.0003E-03   -114.52
   70.00    220.00     -7.07     1.90     2.42      0.0350    -70.49 LEFT    3.3055E-04   -289.22  9.2862E-04   -115.57
   75.00    220.00     -9.22     0.46     0.90      0.0138    -71.83 LEFT    2.5814E-04     66.38  7.8606E-04   -116.28
   80.00    220.00    -12.13    -2.26    -1.83      0.0079    -72.21 RIGHT   1.8468E-04     61.77  5.7530E-04   -116.67
   85.00    220.00    -16.93    -7.71    -7.22      0.0310    -70.99 RIGHT   1.0624E-04     57.46  3.0715E-04   -116.79
   90.00    220.00   -999.99  -999.99  -999.99      0.0000      0.00         8.0315E-15   -126.09  1.8653E-14     63.35
    0.00    225.00     -8.14    -8.14    -5.13      0.0000    -45.00 LINEAR  2.9219E-04   -185.35  2.9219E-04     -5.35
    5.00    225.00     -8.24    -8.28    -5.25      0.0032    -44.88 LEFT    2.8874E-04   -187.34  2.8753E-04     -7.71
   10.00    225.00     -8.49    -8.62    -5.55      0.0155    -44.58 LEFT    2.8052E-04   -193.42  2.7644E-04    -15.20
   15.00    225.00     -8.71    -8.87    -5.78      0.0432    -44.46 LEFT    2.7379E-04   -203.65  2.6867E-04    -28.60
   20.00    225.00     -8.60    -8.47    -5.52      0.0867    -45.44 LEFT    2.7728E-04   -217.18  2.8146E-04    -47.09
   25.00    225.00     -7.98    -7.04    -4.48      0.1267    -48.20 LEFT    2.9754E-04   -231.72  3.3155E-04    -66.25
   30.00    225.00     -6.98    -4.95    -2.84      0.1442    -51.95 LEFT    3.3377E-04   -244.69  4.2207E-04    -81.57
   35.00    225.00     -5.90    -2.74    -1.03      0.1423    -55.63 LEFT    3.7822E-04   -254.98  5.4387E-04    -92.30
   40.00    225.00     -4.98    -0.75     0.64      0.1314    -58.92 LEFT    4.2057E-04   -262.80  6.8385E-04    -99.63
   45.00    225.00     -4.36     0.90     2.03      0.1170    -61.91 LEFT    4.5137E-04   -268.80  8.2767E-04   -104.73
   50.00    225.00     -4.13     2.19     3.10      0.1010    -64.68 LEFT    4.6364E-04   -273.60  9.5963E-04   -108.40
   55.00    225.00     -4.32     3.07     3.80      0.0841    -67.27 LEFT    4.5371E-04   -277.71  1.0627E-03   -111.08
   60.00    225.00     -4.95     3.53     4.10      0.0664    -69.65 LEFT    4.2168E-04   -281.52  1.1194E-03   -113.07
   65.00    225.00     -6.06     3.49     3.94      0.0481    -71.75 LEFT    3.7124E-04   -285.33  1.1142E-03   -114.54
   70.00    225.00     -7.66     2.85     3.22      0.0296    -73.47 LEFT    3.0870E-04   -289.39  1.0351E-03   -115.59
   75.00    225.00     -9.81     1.40     1.72      0.0110    -74.64 LEFT    2.4098E-04     66.17  8.7667E-04   -116.29
   80.00    225.00    -12.73    -1.30    -1.00      0.0079    -74.98 RIGHT   1.7230E-04     61.50  6.4190E-04   -116.69
   85.00    225.00    -17.54    -6.75    -6.40      0.0282    -73.95 RIGHT   9.9061E-05     57.13  3.4280E-04   -116.81
   90.00    225.00   -999.99  -999.99  -999.99      0.0000      0.00         7.4874E-15   -126.44  2.0820E-14     63.33
    0.00    230.00     -8.97    -7.45    -5.13      0.0000    -50.00 LINEAR  2.6561E-04   -185.35  3.1654E-04     -5.35
    5.00    230.00     -9.07    -7.58    -5.25      0.0032    -49.88 LEFT    2.6250E-04   -187.35  3.1152E-04     -7.72
   10.00    230.00     -9.32    -7.92    -5.56      0.0153    -49.59 LEFT    2.5510E-04   -193.44  2.9960E-04    -15.22
   15.00    230.00     -9.53    -8.17    -5.78      0.0427    -49.48 LEFT    2.4912E-04   -203.69  2.9136E-04    -28.64
   20.00    230.00     -9.41    -7.75    -5.49      0.0851    -50.51 LEFT    2.5255E-04   -217.25  3.0559E-04    -47.16
   25.00    230.00     -8.78    -6.32    -4.37      0.1222    -53.28 LEFT    2.7137E-04   -231.81  3.6049E-04    -66.32
   30.00    230.00     -7.77    -4.21    -2.62      0.1359    -56.89 LEFT    3.0488E-04   -244.79  4.5954E-04    -81.62
   35.00    230.00     -6.67    -1.99    -0.72      0.1314    -60.31 LEFT    3.4599E-04   -255.08  5.9288E-04    -92.34
   40.00    230.00     -5.74     0.00     1.03      0.1193    -63.29 LEFT    3.8525E-04   -262.89  7.4632E-04    -99.66
   45.00    230.00     -5.11     1.67     2.50      0.1047    -65.96 LEFT    4.1396E-04   -268.89  9.0429E-04   -104.76
   50.00    230.00     -4.87     2.97     3.63      0.0892    -68.40 LEFT    4.2567E-04   -273.70  1.0496E-03   -108.42
   55.00    230.00     -5.05     3.86     4.39      0.0734    -70.67 LEFT    4.1692E-04   -277.81  1.1635E-03   -111.10
   60.00    230.00     -5.68     4.32     4.74      0.0573    -72.73 LEFT    3.8773E-04   -281.63  1.2268E-03   -113.09
   65.00    230.00     -6.79     4.29     4.61      0.0411    -74.55 LEFT    3.4145E-04   -285.46  1.2221E-03   -114.56
   70.00    230.00     -8.39     3.65     3.92      0.0248    -76.04 LEFT    2.8391E-04   -289.56  1.1361E-03   -115.61
   75.00    230.00    -10.54     2.22     2.44      0.0086    -77.05 LEFT    2.2154E-04     65.95  9.6284E-04   -116.31
   80.00    230.00    -13.46    -0.49    -0.27      0.0077    -77.36 RIGHT   1.5830E-04     61.23  7.0529E-04   -116.71
   85.00    230.00    -18.28    -5.93    -5.69      0.0253    -76.50 RIGHT   9.0969E-05     56.80  3.7675E-04   -116.83
   90.00    230.00   -999.99  -999.99  -999.99      0.0000      0.00         6.8744E-15   -126.79  2.2884E-14     63.31
    0.00    235.00     -9.96    -6.86    -5.13      0.0000    -55.00 LINEAR  2.3701E-04   -185.35  3.3849E-04     -5.35
    5.00    235.00    -10.06    -7.00    -5.26      0.0030    -54.89 LEFT    2.3425E-04   -187.35  3.3315E-04     -7.72
   10.00    235.00    -10.31    -7.34    -5.56      0.0147    -54.61 LEFT    2.2772E-04   -193.46  3.2049E-04    -15.24
   15.00    235.00    -10.51    -7.57    -5.79      0.0409    -54.53 LEFT    2.2251E-04   -203.73  3.1188E-04    -28.68
   20.00    235.00    -10.38    -7.15    -5.46      0.0809    -55.56 LEFT    2.2579E-04   -217.32  3.2746E-04    -47.23
   25.00    235.00     -9.74    -5.70    -4.26      0.1142    -58.24 LEFT    2.4294E-04   -231.90  3.8683E-04    -66.39
   30.00    235.00     -8.72    -3.58    -2.42      0.1243    -61.60 LEFT    2.7333E-04   -244.88  4.9377E-04    -81.68
   35.00    235.00     -7.61    -1.36    -0.44      0.1181    -64.67 LEFT    3.1062E-04   -255.17  6.3780E-04    -92.38
   40.00    235.00     -6.66     0.65     1.39      0.1057    -67.31 LEFT    3.4632E-04   -262.98  8.0376E-04    -99.69
   45.00    235.00     -6.03     2.33     2.92      0.0916    -69.63 LEFT    3.7257E-04   -268.97  9.7494E-04   -104.79
   50.00    235.00     -5.78     3.63     4.10      0.0773    -71.75 LEFT    3.8350E-04   -273.79  1.1328E-03   -108.44
   55.00    235.00     -5.95     4.53     4.90      0.0630    -73.70 LEFT    3.7593E-04   -277.91  1.2569E-03   -111.12
   60.00    235.00     -6.58     5.00     5.29      0.0487    -75.47 LEFT    3.4982E-04   -281.74  1.3266E-03   -113.11
   65.00    235.00     -7.68     4.97     5.20      0.0346    -77.02 LEFT    3.0815E-04   -285.59  1.3225E-03   -114.58
   70.00    235.00     -9.28     4.35     4.53      0.0206    -78.29 LEFT    2.5621E-04   -289.72  1.2304E-03   -115.63
   75.00    235.00    -11.44     2.91     3.07      0.0067    -79.16 LEFT    1.9985E-04     65.75  1.0433E-03   -116.33
   80.00    235.00    -14.36     0.21     0.36      0.0073    -79.43 RIGHT   1.4273E-04     60.96  7.6454E-04   -116.72
   85.00    235.00    -19.18    -5.23    -5.06      0.0224    -78.72 RIGHT   8.1978E-05     56.49  4.0850E-04   -116.84
   90.00    235.00   -999.99  -999.99  -999.99      0.0000      0.00         6.1938E-15   -127.12  2.4815E-14     63.30
    0.00    240.00    -11.15    -6.38    -5.13      0.0000    -60.00 LINEAR  2.0661E-04   -185.35  3.5786E-04     -5.35
    5.00    240.00    -11.25    -6.52    -5.26      0.0028    -59.90 LEFT    2.0422E-04   -187.36  3.5224E-04     -7.73
   10.00    240.00    -11.50    -6.85    -5.57      0.0136    -59.64 LEFT    1.9858E-04   -193.47  3.3895E-04    -15.25
   15.00    240.00    -11.69    -7.08    -5.79      0.0378    -59.58 LEFT    1.9414E-04   -203.77  3.3003E-04    -28.73
   20.00    240.00    -11.56    -6.65    -5.43      0.0743    -60.57 LEFT    1.9718E-04   -217.39  3.4689E-04    -47.29
   25.00    240.00    -10.91    -5.19    -4.16      0.1031    -63.07 LEFT    2.1242E-04   -231.98  4.1032E-04    -66.45
   30.00    240.00     -9.87    -3.06    -2.24      0.1102    -66.09 LEFT    2.3932E-04   -244.97  5.2439E-04    -81.73
   35.00    240.00     -8.75    -0.83    -0.18      0.1032    -68.77 LEFT    2.7232E-04   -255.26  6.7810E-04    -92.42
   40.00    240.00     -7.80     1.19     1.71      0.0912    -71.04 LEFT    3.0399E-04   -263.06  8.5543E-04    -99.72
   45.00    240.00     -7.15     2.88     3.29      0.0783    -73.02 LEFT    3.2739E-04   -269.05  1.0387E-03   -104.81
   50.00    240.00     -6.89     4.19     4.51      0.0655    -74.81 LEFT    3.3732E-04   -273.87  1.2080E-03   -108.46
   55.00    240.00     -7.06     5.10     5.36      0.0530    -76.45 LEFT    3.3093E-04   -278.00  1.3416E-03   -111.14
   60.00    240.00     -7.68     5.57     5.78      0.0407    -77.94 LEFT    3.0811E-04   -281.84  1.4172E-03   -113.13
   65.00    240.00     -8.78     5.55     5.71      0.0286    -79.25 LEFT    2.7149E-04   -285.71  1.4139E-03   -114.59
   70.00    240.00    -10.38     4.93     5.06      0.0168    -80.32 LEFT    2.2572E-04   -289.87  1.3163E-03   -115.64
   75.00    240.00    -12.54     3.51     3.61      0.0051    -81.05 LEFT    1.7601E-04     65.56  1.1167E-03   -116.34
   80.00    240.00    -15.47     0.81     0.91      0.0066    -81.28 RIGHT   1.2563E-04     60.72  8.1866E-04   -116.74
   85.00    240.00    -20.29    -4.63    -4.52      0.0194    -80.70 RIGHT   7.2127E-05     56.19  4.3752E-04   -116.86
   90.00    240.00   -999.99  -999.99  -999.99      0.0000      0.00         5.4485E-15   -127.44  2.6580E-14     63.28
    0.00    245.00    -12.61    -5.98    -5.13      0.0000    -65.00 LINEAR  1.7463E-04   -185.35  3.7450E-04     -5.35
    5.00    245.00    -12.71    -6.12    -5.26      0.0025    -64.91 LEFT    1.7263E-04   -187.36  3.6865E-04     -7.73
   10.00    245.00    -12.95    -6.45    -5.58      0.0120    -64.68 LEFT    1.6790E-04   -193.49  3.5483E-04    -15.27
   15.00    245.00    -13.15    -6.68    -5.80      0.0335    -64.64 LEFT    1.6423E-04   -203.81  3.4568E-04    -28.76
   20.00    245.00    -13.00    -6.24    -5.41      0.0654    -65.56 LEFT    1.6693E-04   -217.45  3.6367E-04    -47.34
   25.00    245.00    -12.35    -4.77    -4.07      0.0895    -67.77 LEFT    1.8003E-04   -232.05  4.3068E-04    -66.51
   30.00    245.00    -11.30    -2.63    -2.08      0.0942    -70.38 LEFT    2.0308E-04   -245.05  5.5103E-04    -81.78
   35.00    245.00    -10.17    -0.39     0.05      0.0871    -72.64 LEFT    2.3136E-04   -255.33  7.1325E-04    -92.46
   40.00    245.00     -9.20     1.64     1.98      0.0763    -74.53 LEFT    2.5855E-04   -263.14  9.0061E-04    -99.75
   45.00    245.00     -8.55     3.33     3.60      0.0650    -76.17 LEFT    2.7873E-04   -269.13  1.0945E-03   -104.83
   50.00    245.00     -8.28     4.65     4.87      0.0540    -77.64 LEFT    2.8743E-04   -273.94  1.2741E-03   -108.48
   55.00    245.00     -8.44     5.57     5.74      0.0434    -79.00 LEFT    2.8219E-04   -278.08  1.4162E-03   -111.16
   60.00    245.00     -9.06     6.05     6.18      0.0332    -80.22 LEFT    2.6287E-04   -281.93  1.4971E-03   -113.14
   65.00    245.00    -10.16     6.04     6.14      0.0232    -81.29 LEFT    2.3168E-04   -285.81  1.4947E-03   -114.61
   70.00    245.00    -11.76     5.42     5.50      0.0134    -82.16 LEFT    1.9261E-04   -290.00  1.3923E-03   -115.66
   75.00    245.00    -13.92     4.00     4.07      0.0038    -82.76 LEFT    1.5015E-04     65.38  1.1818E-03   -116.36
   80.00    245.00    -16.86     1.30     1.37      0.0058    -82.96 RIGHT   1.0712E-04     60.50  8.6665E-04   -116.75
   85.00    245.00    -21.68    -4.14    -4.06      0.0163    -82.50 RIGHT   6.1477E-05     55.93  4.6326E-04   -116.87
   90.00    245.00   -999.99  -999.99  -999.99      0.0000      0.00         4.6434E-15   -127.72  2.8146E-14     63.27
    0.00    250.00    -14.45    -5.67    -5.13      0.0000    -70.00 LINEAR  1.4133E-04   -185.35  3.8830E-04     -5.35
    5.00    250.00    -14.55    -5.81    -5.26      0.0021    -69.92 LEFT    1.3971E-04   -187.36  3.8226E-04     -7.73
   10.00    250.00    -14.79    -6.14    -5.58      0.0101    -69.74 LEFT    1.3592E-04   -193.50  3.6800E-04    -15.28
   15.00    250.00    -14.98    -6.36    -5.80      0.0282    -69.71 LEFT    1.3300E-04   -203.84  3.5868E-04    -28.79
   20.00    250.00    -14.83    -5.91    -5.39      0.0547    -70.50 LEFT    1.3528E-04   -217.50  3.7765E-04    -47.39
   25.00    250.00    -14.16    -4.43    -4.00      0.0739    -72.37 LEFT    1.4604E-04   -232.12  4.4769E-04    -66.56
   30.00    250.00    -13.11    -2.29    -1.94      0.0768    -74.50 LEFT    1.6491E-04   -245.12  5.7334E-04    -81.82
   35.00    250.00    -11.97    -0.04     0.23      0.0703    -76.33 LEFT    1.8807E-04   -255.40  7.4276E-04    -92.49
   40.00    250.00    -10.99     2.00     2.21      0.0611    -77.83 LEFT    2.1037E-04   -263.20  9.3863E-04    -99.77
   45.00    250.00    -10.33     3.70     3.86      0.0518    -79.13 LEFT    2.2698E-04   -269.19  1.1416E-03   -104.85
   50.00    250.00    -10.06     5.02     5.16      0.0428    -80.30 LEFT    2.3424E-04   -274.01  1.3299E-03   -108.49
   55.00    250.00    -10.22     5.95     6.05      0.0343    -81.37 LEFT    2.3011E-04   -278.14  1.4793E-03   -111.17
   60.00    250.00    -10.83     6.44     6.52      0.0260    -82.34 LEFT    2.1445E-04   -282.00  1.5648E-03   -113.15
   65.00    250.00    -11.92     6.43     6.49      0.0181    -83.18 LEFT    1.8905E-04   -285.90  1.5633E-03   -114.62
   70.00    250.00    -13.53     5.81     5.86      0.0103    -83.87 LEFT    1.5717E-04   -290.11  1.4569E-03   -115.67
   75.00    250.00    -15.69     4.39     4.44      0.0027    -84.35 LEFT    1.2248E-04     65.24  1.2371E-03   -116.37
   80.00    250.00    -18.63     1.70     1.74      0.0049    -84.51 RIGHT   8.7354E-05     60.31  9.0750E-04   -116.76
   85.00    250.00    -23.45    -3.74    -3.69      0.0132    -84.15 RIGHT   5.0115E-05     55.70  4.8519E-04   -116.88
   90.00    250.00   -999.99  -999.99  -999.99      0.0000      0.00         3.7848E-15   -127.97  2.9480E-14     63.26
    0.00    255.00    -16.87    -5.43    -5.13      0.0000    -75.00 LINEAR  1.0695E-04   -185.35  3.9914E-04     -5.35
    5.00    255.00    -16.97    -5.57    -5.26      0.0016    -74.94 LEFT    1.0573E-04   -187.36  3.9295E-04     -7.74
   10.00    255.00    -17.21    -5.90    -5.59      0.0079    -74.80 LEFT    1.0287E-04   -193.51  3.7836E-04    -15.30
   15.00    255.00    -17.39    -6.12    -5.80      0.0220    -74.78 LEFT    1.0070E-04   -203.86  3.6891E-04    -28.82
   20.00    255.00    -17.24    -5.66    -5.37      0.0424    -75.41 LEFT    1.0249E-04   -217.54  3.8868E-04    -47.43
   25.00    255.00    -16.57    -4.18    -3.93      0.0568    -76.87 LEFT    1.1073E-04   -232.17  4.6114E-04    -66.60
   30.00    255.00    -15.51    -2.02    -1.83      0.0584    -78.49 LEFT    1.2514E-04   -245.17  5.9103E-04    -81.85
   35.00    255.00    -14.36     0.23     0.38      0.0530    -79.87 LEFT    1.4283E-04   -255.45  7.6621E-04    -92.51
   40.00    255.00    -13.38     2.27     2.39      0.0458    -80.99 LEFT    1.5989E-04   -263.25  9.6889E-04    -99.79
   45.00    255.00    -12.71     3.98     4.07      0.0387    -81.96 LEFT    1.7263E-04   -269.24  1.1791E-03   -104.86
   50.00    255.00    -12.43     5.31     5.38      0.0319    -82.83 LEFT    1.7826E-04   -274.06  1.3745E-03   -108.51
   55.00    255.00    -12.58     6.24     6.30      0.0254    -83.63 LEFT    1.7520E-04   -278.20  1.5298E-03   -111.18
   60.00    255.00    -13.19     6.73     6.78      0.0192    -84.34 LEFT    1.6334E-04   -282.06  1.6191E-03   -113.16
   65.00    255.00    -14.29     6.73     6.76      0.0133    -84.97 LEFT    1.4402E-04   -285.98  1.6183E-03   -114.63
   70.00    255.00    -15.89     6.12     6.15      0.0075    -85.48 LEFT    1.1973E-04   -290.21  1.5087E-03   -115.68
   75.00    255.00    -18.06     4.70     4.72      0.0019    -85.84 LEFT    9.3287E-05     65.12  1.2816E-03   -116.38
   80.00    255.00    -21.00     2.01     2.03      0.0038    -85.96 RIGHT   6.6512E-05     60.16  9.4034E-04   -116.77
   85.00    255.00    -25.82    -3.43    -3.40      0.0100    -85.70 RIGHT   3.8148E-05     55.52  5.0282E-04   -116.89
   90.00    255.00   -999.99  -999.99  -999.99      0.0000      0.00         2.8806E-15   -128.16  3.0552E-14     63.25
    0.00    260.00    -20.34    -5.26    -5.13      0.0000    -80.00 LINEAR  7.1754E-05   -185.35  4.0694E-04     -5.35
    5.00    260.00    -20.44    -5.40    -5.26      0.0011    -79.96 LEFT    7.0941E-05   -187.37  4.0065E-04     -7.74
   10.00    260.00    -20.67    -5.73    -5.59      0.0054    -79.86 LEFT    6.9033E-05   -193.52  3.8582E-04    -15.30
   15.00    260.00    -20.86    -5.94    -5.81      0.0150    -79.85 LEFT    6.7590E-05   -203.88  3.7629E-04    -28.84
   20.00    260.00    -20.70    -5.49    -5.36      0.0289    -80.29 LEFT    6.8821E-05   -217.57  3.9665E-04    -47.46
   25.00    260.00    -20.02    -4.00    -3.89      0.0384    -81.29 LEFT    7.4395E-05   -232.21  4.7088E-04    -66.63
   30.00    260.00    -18.95    -1.84    -1.75      0.0392    -82.39 LEFT    8.4132E-05   -245.21  6.0385E-04    -81.88
   35.00    260.00    -17.80     0.42     0.49      0.0355    -83.30 LEFT    9.6084E-05   -255.49  7.8322E-04    -92.53
   40.00    260.00    -16.82     2.47     2.52      0.0305    -84.05 LEFT    1.0762E-04   -263.29  9.9088E-04    -99.80
   45.00    260.00    -16.15     4.18     4.22      0.0257    -84.69 LEFT    1.1625E-04   -269.28  1.2065E-03   -104.88
   50.00    260.00    -15.86     5.51     5.54      0.0211    -85.27 LEFT    1.2010E-04   -274.09  1.4069E-03   -108.52
   55.00    260.00    -16.01     6.45     6.47      0.0168    -85.80 LEFT    1.1808E-04   -278.24  1.5666E-03   -111.19
   60.00    260.00    -16.62     6.94     6.96      0.0127    -86.27 LEFT    1.1011E-04   -282.11  1.6587E-03   -113.17
   65.00    260.00    -17.71     6.94     6.95      0.0087    -86.69 LEFT    9.7100E-05   -286.03  1.6584E-03   -114.63
   70.00    260.00    -19.31     6.33     6.35      0.0049    -87.03 LEFT    8.0722E-05   -290.27  1.5467E-03   -115.68
   75.00    260.00    -21.48     4.92     4.93      0.0012    -87.26 LEFT    6.2887E-05     65.03  1.3141E-03   -116.38
   80.00    260.00    -24.42     2.23     2.24      0.0026    -87.34 RIGHT   4.4827E-05     60.05  9.6438E-04   -116.78
   85.00    260.00    -29.25    -3.21    -3.19      0.0067    -87.17 RIGHT   2.5705E-05     55.38  5.1574E-04   -116.90
   90.00    260.00   -999.99  -999.99  -999.99      0.0000      0.00         1.9409E-15   -128.31  3.1338E-14     63.24
    0.00    265.00    -26.32    -5.16    -5.13      0.0000    -85.00 LINEAR  3.6014E-05   -185.35  4.1164E-04     -5.35
    5.00    265.00    -26.42    -5.30    -5.27      0.0006    -84.98 LEFT    3.5607E-05   -187.37  4.0529E-04     -7.74
   10.00    265.00    -26.66    -5.63    -5.59      0.0027    -84.93 LEFT    3.4652E-05   -193.53  3.9033E-04    -15.31
   15.00    265.00    -26.84    -5.84    -5.81      0.0076    -84.93 LEFT    3.3933E-05   -203.89  3.8075E-04    -28.85
   20.00    265.00    -26.68    -5.38    -5.35      0.0147    -85.15 LEFT    3.4560E-05   -217.59  4.0146E-04    -47.47
   25.00    265.00    -26.00    -3.89    -3.86      0.0194    -85.66 LEFT    3.7372E-05   -232.23  4.7677E-04    -66.65
   30.00    265.00    -24.93    -1.72    -1.70      0.0197    -86.21 LEFT    4.2280E-05   -245.24  6.1162E-04    -81.89
   35.00    265.00    -23.77     0.54     0.55      0.0178    -86.67 LEFT    4.8303E-05   -255.52  7.9354E-04    -92.54
   40.00    265.00    -22.79     2.58     2.60      0.0153    -87.04 LEFT    5.4119E-05   -263.31  1.0042E-03    -99.81
   45.00    265.00    -22.11     4.30     4.31      0.0128    -87.36 LEFT    5.8481E-05   -269.30  1.2231E-03   -104.88
   50.00    265.00    -21.83     5.63     5.64      0.0105    -87.65 LEFT    6.0432E-05   -274.12  1.4267E-03   -108.52
   55.00    265.00    -21.97     6.57     6.57      0.0084    -87.91 LEFT    5.9430E-05   -278.26  1.5890E-03   -111.19
   60.00    265.00    -22.58     7.07     7.07      0.0063    -88.15 LEFT    5.5428E-05   -282.14  1.6828E-03   -113.18
   65.00    265.00    -23.67     7.07     7.07      0.0043    -88.35 LEFT    4.8882E-05   -286.06  1.6829E-03   -114.64
   70.00    265.00    -25.28     6.46     6.47      0.0024    -88.52 LEFT    4.0637E-05   -290.31  1.5698E-03   -115.69
   75.00    265.00    -27.44     5.05     5.05      0.0006    -88.64 LEFT    3.1656E-05     64.98  1.3339E-03   -116.39
   80.00    265.00    -30.39     2.36     2.36      0.0013    -88.68 RIGHT   2.2562E-05     59.98  9.7906E-04   -116.79
   85.00    265.00    -35.22    -3.07    -3.07      0.0033    -88.60 RIGHT   1.2936E-05     55.30  5.2362E-04   -116.90
   90.00    265.00   -999.99  -999.99  -999.99      0.0000      0.00         9.7675E-16   -128.40  3.1817E-14     63.24
    0.00    270.00   -999.99    -5.13    -5.13      0.0000     90.00 LINEAR  6.3264E-15     -5.35  4.1322E-04     -5.35
    5.00    270.00   -999.99    -5.27    -5.27      0.0000     90.00 LINEAR  3.4102E-14    -20.19  4.0684E-04     -7.74
   10.00    270.00   -999.99    -5.59    -5.59      0.0000     90.00 LINEAR  6.1536E-14    -22.58  3.9183E-04    -15.31
   15.00    270.00   -198.59    -5.81    -5.81      0.0000     90.00 LINEAR  8.7729E-14    -24.46  3.8224E-04    -28.85
   20.00    270.00   -196.50    -5.35    -5.35      0.0000     90.00 LINEAR  1.1165E-13    -26.52  4.0307E-04    -47.48
   25.00    270.00   -195.05    -3.85    -3.85      0.0000     90.00 LINEAR  1.3193E-13    -29.04  4.7874E-04    -66.65
   30.00    270.00   -194.11    -1.69    -1.69      0.0000     90.00 LINEAR  1.4688E-13    -32.28  6.1422E-04    -81.90
   35.00    270.00   -193.66     0.58     0.58      0.0000     90.00 LINEAR  1.5479E-13    -36.62  7.9700E-04    -92.55
   40.00    270.00   -193.67     2.62     2.62      0.0000     90.00 LINEAR  1.5451E-13    -42.73  1.0087E-03    -99.82
   45.00    270.00   -194.15     4.33     4.33      0.0000     90.00 LINEAR  1.4636E-13    -51.79  1.2286E-03   -104.88
   50.00    270.00   -194.93     5.67     5.67      0.0000     90.00 LINEAR  1.3370E-13    -65.59  1.4333E-03   -108.52
   55.00    270.00   -195.54     6.61     6.61      0.0000     90.00 LINEAR  1.2463E-13    -85.73  1.5965E-03   -111.20
   60.00    270.00   -195.21     7.11     7.11      0.0000     90.00 LINEAR  1.2949E-13   -109.57  1.6909E-03   -113.18
   65.00    270.00   -193.94     7.11     7.11      0.0000     90.00 LINEAR  1.4981E-13   -130.04  1.6912E-03   -114.64
   70.00    270.00   -192.63     6.51     6.51      0.0000     90.00 LINEAR  1.7434E-13   -144.03  1.5776E-03   -115.69
   75.00    270.00   -191.99     5.09     5.09      0.0000     90.00 LINEAR  1.8769E-13   -152.98  1.3406E-03   -116.39
   80.00    270.00   -192.60     2.41     2.41      0.0000     90.00 LINEAR  1.7478E-13   -158.79  9.8399E-04   -116.79
   85.00    270.00   -195.89    -3.03    -3.03      0.0000     90.00 LINEAR  1.1976E-13   -162.79  5.2627E-04   -116.91
   90.00    270.00   -999.99  -999.99  -999.99      0.0000      0.00         1.6668E-20     30.32  3.1979E-14     63.24
    0.00    275.00    -26.32    -5.16    -5.13      0.0000     85.00 LINEAR  3.6014E-05     -5.35  4.1164E-04     -5.35
    5.00    275.00    -26.42    -5.30    -5.27      0.0006     84.98 RIGHT   3.5607E-05     -7.37  4.0529E-04     -7.74
   10.00    275.00    -26.66    -5.63    -5.59      0.0027     84.93 RIGHT   3.4652E-05    -13.53  3.9033E-04    -15.31
   15.00    275.00    -26.84    -5.84    -5.81      0.0076     84.93 RIGHT   3.3933E-05    -23.89  3.8075E-04    -28.85
   20.00    275.00    -26.68    -5.38    -5.35      0.0147     85.15 RIGHT   3.4560E-05    -37.59  4.0146E-04    -47.47
   25.00    275.00    -26.00    -3.89    -3.86      0.0194     85.66 RIGHT   3.7372E-05    -52.23  4.7677E-04    -66.65
   30.00    275.00    -24.93    -1.72    -1.70      0.0197     86.21 RIGHT   4.2280E-05    -65.24  6.1162E-04    -81.89
   35.00    275.00    -23.77     0.54     0.55      0.0178     86.67 RIGHT   4.8303E-05    -75.52  7.9354E-04    -92.54
   40.00    275.00    -22.79     2.58     2.60      0.0153     87.04 RIGHT   5.4119E-05    -83.31  1.0042E-03    -99.81
   45.00    275.00    -22.11     4.30     4.31      0.0128     87.36 RIGHT   5.8481E-05    -89.30  1.2231E-03   -104.88
   50.00    275.00    -21.83     5.63     5.64      0.0105     87.65 RIGHT   6.0432E-05    -94.12  1.4267E-03   -108.52
   55.00    275.00    -21.97     6.57     6.57      0.0084     87.91 RIGHT   5.9430E-05    -98.26  1.5890E-03   -111.19
   60.00    275.00    -22.58     7.07     7.07      0.0063     88.15 RIGHT   5.5428E-05   -102.14  1.6828E-03   -113.18
   65.00    275.00    -23.67     7.07     7.07      0.0043     88.35 RIGHT   4.8882E-05   -106.06  1.6829E-03   -114.64
   70.00    275.00    -25.28     6.46     6.47      0.0024     88.52 RIGHT   4.0637E-05   -110.31  1.5698E-03   -115.69
   75.00    275.00    -27.44     5.05     5.05      0.0006     88.64 RIGHT   3.1656E-05   -115.02  1.3339E-03   -116.39
   80.00    275.00    -30.39     2.36     2.36      0.0013     88.68 LEFT    2.2562E-05   -120.02  9.7906E-04   -116.79
   85.00    275.00    -35.22    -3.07    -3.07      0.0033     88.60 LEFT    1.2936E-05   -124.70  5.2362E-04   -116.90
   90.00    275.00   -999.99  -999.99  -999.99      0.0000      0.00         9.7670E-16     51.61  3.1817E-14     63.24
    0.00    280.00    -20.34    -5.26    -5.13      0.0000     80.00 LINEAR  7.1754E-05     -5.35  4.0694E-04     -5.35
    5.00    280.00    -20.44    -5.40    -5.26      0.0011     79.96 RIGHT   7.0941E-05     -7.37  4.0065E-04     -7.74
   10.00    280.00    -20.67    -5.73    -5.59      0.0054     79.86 RIGHT   6.9033E-05    -13.52  3.8582E-04    -15.30
   15.00    280.00    -20.86    -5.94    -5.81      0.0150     79.85 RIGHT   6.7590E-05    -23.88  3.7629E-04    -28.84
   20.00    280.00    -20.70    -5.49    -5.36      0.0289     80.29 RIGHT   6.8821E-05    -37.57  3.9665E-04    -47.46
   25.00    280.00    -20.02    -4.00    -3.89      0.0384     81.29 RIGHT   7.4395E-05    -52.21  4.7088E-04    -66.63
   30.00    280.00    -18.95    -1.84    -1.75      0.0392     82.39 RIGHT   8.4132E-05    -65.21  6.0385E-04    -81.88
   35.00    280.00    -17.80     0.42     0.49      0.0355     83.30 RIGHT   9.6084E-05    -75.49  7.8322E-04    -92.53
   40.00    280.00    -16.82     2.47     2.52      0.0305     84.05 RIGHT   1.0762E-04    -83.29  9.9088E-04    -99.80
   45.00    280.00    -16.15     4.18     4.22      0.0257     84.69 RIGHT   1.1625E-04    -89.28  1.2065E-03   -104.88
   50.00    280.00    -15.86     5.51     5.54      0.0211     85.27 RIGHT   1.2010E-04    -94.09  1.4069E-03   -108.52
   55.00    280.00    -16.01     6.45     6.47      0.0168     85.80 RIGHT   1.1808E-04    -98.24  1.5666E-03   -111.19
   60.00    280.00    -16.62     6.94     6.96      0.0127     86.27 RIGHT   1.1011E-04   -102.11  1.6587E-03   -113.17
   65.00    280.00    -17.71     6.94     6.95      0.0087     86.69 RIGHT   9.7100E-05   -106.03  1.6584E-03   -114.63
   70.00    280.00    -19.31     6.33     6.35      0.0049     87.03 RIGHT   8.0722E-05   -110.27  1.5467E-03   -115.68
   75.00    280.00    -21.48     4.92     4.93      0.0012     87.26 RIGHT   6.2887E-05   -114.97  1.3141E-03   -116.38
   80.00    280.00    -24.42     2.23     2.24      0.0026     87.34 LEFT    4.4827E-05   -119.95  9.6438E-04   -116.78
   85.00    280.00    -29.25    -3.21    -3.19      0.0067     87.17 LEFT    2.5705E-05   -124.62  5.1574E-04   -116.90
   90.00    280.00   -999.99  -999.99  -999.99      0.0000      0.00         1.9409E-15     51.69  3.1338E-14     63.24
    0.00    285.00    -16.87    -5.43    -5.13      0.0000     75.00 LINEAR  1.0695E-04     -5.35  3.9914E-04     -5.35
    5.00    285.00    -16.97    -5.57    -5.26      0.0016     74.94 RIGHT   1.0573E-04     -7.36  3.9295E-04     -7.74
   10.00    285.00    -17.21    -5.90    -5.59      0.0079     74.80 RIGHT   1.0287E-04    -13.51  3.7836E-04    -15.30
   15.00    285.00    -17.39    -6.12    -5.80      0.0220     74.78 RIGHT   1.0070E-04    -23.86  3.6891E-04    -28.82
   20.00    285.00    -17.24    -5.66    -5.37      0.0424     75.41 RIGHT   1.0249E-04    -37.54  3.8868E-04    -47.43
   25.00    285.00    -16.57    -4.18    -3.93      0.0568     76.87 RIGHT   1.1073E-04    -52.17  4.6114E-04    -66.60
   30.00    285.00    -15.51    -2.02    -1.83      0.0584     78.49 RIGHT   1.2514E-04    -65.17  5.9103E-04    -81.85
   35.00    285.00    -14.36     0.23     0.38      0.0530     79.87 RIGHT   1.4283E-04    -75.45  7.6621E-04    -92.51
   40.00    285.00    -13.38     2.27     2.39      0.0458     80.99 RIGHT   1.5989E-04    -83.25  9.6889E-04    -99.79
   45.00    285.00    -12.71     3.98     4.07      0.0387     81.96 RIGHT   1.7263E-04    -89.24  1.1791E-03   -104.86
   50.00    285.00    -12.43     5.31     5.38      0.0319     82.83 RIGHT   1.7826E-04    -94.06  1.3745E-03   -108.51
   55.00    285.00    -12.58     6.24     6.30      0.0254     83.63 RIGHT   1.7520E-04    -98.20  1.5298E-03   -111.18
   60.00    285.00    -13.19     6.73     6.78      0.0192     84.34 RIGHT   1.6334E-04   -102.06  1.6191E-03   -113.16
   65.00    285.00    -14.29     6.73     6.76      0.0133     84.97 RIGHT   1.4402E-04   -105.98  1.6183E-03   -114.63
   70.00    285.00    -15.89     6.12     6.15      0.0075     85.48 RIGHT   1.1973E-04   -110.21  1.5087E-03   -115.68
   75.00    285.00    -18.06     4.70     4.72      0.0019     85.84 RIGHT   9.3287E-05   -114.88  1.2816E-03   -116.38
   80.00    285.00    -21.00     2.01     2.03      0.0038     85.96 LEFT    6.6512E-05   -119.84  9.4034E-04   -116.77
   85.00    285.00    -25.82    -3.43    -3.40      0.0100     85.70 LEFT    3.8148E-05   -124.48  5.0282E-04   -116.89
   90.00    285.00   -999.99  -999.99  -999.99      0.0000      0.00         2.8807E-15     51.83  3.0552E-14     63.25
    0.00    290.00    -14.45    -5.67    -5.13      0.0000     70.00 LINEAR  1.4133E-04     -5.35  3.8830E-04     -5.35
    5.00    290.00    -14.55    -5.81    -5.26      0.0021     69.92 RIGHT   1.3971E-04     -7.36  3.8226E-04     -7.73
   10.00    290.00    -14.79    -6.14    -5.58      0.0101     69.74 RIGHT   1.3592E-04    -13.50  3.6800E-04    -15.28
   15.00    290.00    -14.98    -6.36    -5.80      0.0282     69.71 RIGHT   1.3300E-04    -23.84  3.5868E-04    -28.79
   20.00    290.00    -14.83    -5.91    -5.39      0.0547     70.50 RIGHT   1.3528E-04    -37.50  3.7765E-04    -47.39
   25.00    290.00    -14.16    -4.43    -4.00      0.0739     72.37 RIGHT   1.4604E-04    -52.12  4.4769E-04    -66.56
   30.00    290.00    -13.11    -2.29    -1.94      0.0768     74.50 RIGHT   1.6491E-04    -65.12  5.7334E-04    -81.82
   35.00    290.00    -11.97    -0.04     0.23      0.0703     76.33 RIGHT   1.8807E-04    -75.40  7.4276E-04    -92.49
   40.00    290.00    -10.99     2.00     2.21      0.0611     77.83 RIGHT   2.1037E-04    -83.20  9.3863E-04    -99.77
   45.00    290.00    -10.33     3.70     3.86      0.0518     79.13 RIGHT   2.2698E-04    -89.19  1.1416E-03   -104.85
   50.00    290.00    -10.06     5.02     5.16      0.0428     80.30 RIGHT   2.3424E-04    -94.01  1.3299E-03   -108.49
   55.00    290.00    -10.22     5.95     6.05      0.0343     81.37 RIGHT   2.3011E-04    -98.14  1.4793E-03   -111.17
   60.00    290.00    -10.83     6.44     6.52      0.0260     82.34 RIGHT   2.1445E-04   -102.00  1.5648E-03   -113.15
   65.00    290.00    -11.92     6.43     6.49      0.0181     83.18 RIGHT   1.8905E-04   -105.90  1.5633E-03   -114.62
   70.00    290.00    -13.53     5.81     5.86      0.0103     83.87 RIGHT   1.5717E-04   -110.11  1.4569E-03   -115.67
   75.00    290.00    -15.69     4.39     4.44      0.0027     84.35 RIGHT   1.2248E-04   -114.76  1.2371E-03   -116.37
   80.00    290.00    -18.63     1.70     1.74      0.0049     84.51 LEFT    8.7354E-05   -119.69  9.0750E-04   -116.76
   85.00    290.00    -23.45    -3.74    -3.69      0.0132     84.15 LEFT    5.0115E-05   -124.30  4.8519E-04   -116.88
   90.00    290.00   -999.99  -999.99  -999.99      0.0000      0.00         3.7847E-15     52.03  2.9479E-14     63.26
    0.00    295.00    -12.61    -5.98    -5.13      0.0000     65.00 LINEAR  1.7463E-04     -5.35  3.7450E-04     -5.35
    5.00    295.00    -12.71    -6.12    -5.26      0.0025     64.91 RIGHT   1.7263E-04     -7.36  3.6865E-04     -7.73
   10.00    295.00    -12.95    -6.45    -5.58      0.0120     64.68 RIGHT   1.6790E-04    -13.49  3.5483E-04    -15.27
   15.00    295.00    -13.15    -6.68    -5.80      0.0335     64.64 RIGHT   1.6423E-04    -23.81  3.4568E-04    -28.76
   20.00    295.00    -13.00    -6.24    -5.41      0.0654     65.56 RIGHT   1.6693E-04    -37.45  3.6367E-04    -47.34
   25.00    295.00    -12.35    -4.77    -4.07      0.0895     67.77 RIGHT   1.8003E-04    -52.05  4.3068E-04    -66.51
   30.00    295.00    -11.30    -2.63    -2.08      0.0942     70.38 RIGHT   2.0308E-04    -65.05  5.5103E-04    -81.78
   35.00    295.00    -10.17    -0.39     0.05      0.0871     72.64 RIGHT   2.3136E-04    -75.33  7.1325E-04    -92.46
   40.00    295.00     -9.20     1.64     1.98      0.0763     74.53 RIGHT   2.5855E-04    -83.14  9.0061E-04    -99.75
   45.00    295.00     -8.55     3.33     3.60      0.0650     76.17 RIGHT   2.7873E-04    -89.13  1.0945E-03   -104.83
   50.00    295.00     -8.28     4.65     4.87      0.0540     77.64 RIGHT   2.8743E-04    -93.94  1.2741E-03   -108.48
   55.00    295.00     -8.44     5.57     5.74      0.0434     79.00 RIGHT   2.8219E-04    -98.08  1.4162E-03   -111.16
   60.00    295.00     -9.06     6.05     6.18      0.0332     80.22 RIGHT   2.6287E-04   -101.93  1.4971E-03   -113.14
   65.00    295.00    -10.16     6.04     6.14      0.0232     81.29 RIGHT   2.3168E-04   -105.81  1.4947E-03   -114.61
   70.00    295.00    -11.76     5.42     5.50      0.0134     82.16 RIGHT   1.9261E-04   -110.00  1.3923E-03   -115.66
   75.00    295.00    -13.92     4.00     4.07      0.0038     82.76 RIGHT   1.5015E-04   -114.62  1.1818E-03   -116.36
   80.00    295.00    -16.86     1.30     1.37      0.0058     82.96 LEFT    1.0712E-04   -119.50  8.6665E-04   -116.75
   85.00    295.00    -21.68    -4.14    -4.06      0.0163     82.50 LEFT    6.1477E-05   -124.07  4.6326E-04   -116.87
   90.00    295.00   -999.99  -999.99  -999.99      0.0000      0.00         4.6435E-15     52.28  2.8146E-14     63.27
    0.00    300.00    -11.15    -6.38    -5.13      0.0000     60.00 LINEAR  2.0661E-04     -5.35  3.5786E-04     -5.35
    5.00    300.00    -11.25    -6.52    -5.26      0.0028     59.90 RIGHT   2.0422E-04     -7.36  3.5224E-04     -7.73
   10.00    300.00    -11.50    -6.85    -5.57      0.0136     59.64 RIGHT   1.9858E-04    -13.47  3.3895E-04    -15.25
   15.00    300.00    -11.69    -7.08    -5.79      0.0378     59.58 RIGHT   1.9414E-04    -23.77  3.3003E-04    -28.73
   20.00    300.00    -11.56    -6.65    -5.43      0.0743     60.57 RIGHT   1.9718E-04    -37.39  3.4689E-04    -47.29
   25.00    300.00    -10.91    -5.19    -4.16      0.1031     63.07 RIGHT   2.1242E-04    -51.98  4.1032E-04    -66.45
   30.00    300.00     -9.87    -3.06    -2.24      0.1102     66.09 RIGHT   2.3932E-04    -64.97  5.2439E-04    -81.73
   35.00    300.00     -8.75    -0.83    -0.18      0.1032     68.77 RIGHT   2.7232E-04    -75.26  6.7810E-04    -92.42
   40.00    300.00     -7.80     1.19     1.71      0.0912     71.04 RIGHT   3.0399E-04    -83.06  8.5543E-04    -99.72
   45.00    300.00     -7.15     2.88     3.29      0.0783     73.02 RIGHT   3.2739E-04    -89.05  1.0387E-03   -104.81
   50.00    300.00     -6.89     4.19     4.51      0.0655     74.81 RIGHT   3.3732E-04    -93.87  1.2080E-03   -108.46
   55.00    300.00     -7.06     5.10     5.36      0.0530     76.45 RIGHT   3.3093E-04    -98.00  1.3416E-03   -111.14
   60.00    300.00     -7.68     5.57     5.78      0.0407     77.94 RIGHT   3.0811E-04   -101.84  1.4172E-03   -113.13
   65.00    300.00     -8.78     5.55     5.71      0.0286     79.25 RIGHT   2.7149E-04   -105.71  1.4139E-03   -114.59
   70.00    300.00    -10.38     4.93     5.06      0.0168     80.32 RIGHT   2.2572E-04   -109.87  1.3163E-03   -115.64
   75.00    300.00    -12.54     3.51     3.61      0.0051     81.05 RIGHT   1.7601E-04   -114.44  1.1167E-03   -116.34
   80.00    300.00    -15.47     0.81     0.91      0.0066     81.28 LEFT    1.2563E-04   -119.28  8.1866E-04   -116.74
   85.00    300.00    -20.29    -4.63    -4.52      0.0194     80.70 LEFT    7.2127E-05   -123.81  4.3752E-04   -116.86
   90.00    300.00   -999.99  -999.99  -999.99      0.0000      0.00         5.4486E-15     52.56  2.6580E-14     63.28
    0.00    305.00     -9.96    -6.86    -5.13      0.0000     55.00 LINEAR  2.3701E-04     -5.35  3.3849E-04     -5.35
    5.00    305.00    -10.06    -7.00    -5.26      0.0030     54.89 RIGHT   2.3425E-04     -7.35  3.3315E-04     -7.72
   10.00    305.00    -10.31    -7.34    -5.56      0.0147     54.61 RIGHT   2.2772E-04    -13.46  3.2049E-04    -15.24
   15.00    305.00    -10.51    -7.57    -5.79      0.0409     54.53 RIGHT   2.2251E-04    -23.73  3.1188E-04    -28.68
   20.00    305.00    -10.38    -7.15    -5.46      0.0809     55.56 RIGHT   2.2579E-04    -37.32  3.2746E-04    -47.23
   25.00    305.00     -9.74    -5.70    -4.26      0.1142     58.24 RIGHT   2.4294E-04    -51.90  3.8683E-04    -66.39
   30.00    305.00     -8.72    -3.58    -2.42      0.1243     61.60 RIGHT   2.7333E-04    -64.88  4.9377E-04    -81.68
   35.00    305.00     -7.61    -1.36    -0.44      0.1181     64.67 RIGHT   3.1062E-04    -75.17  6.3780E-04    -92.38
   40.00    305.00     -6.66     0.65     1.39      0.1057     67.31 RIGHT   3.4632E-04    -82.98  8.0376E-04    -99.69
   45.00    305.00     -6.03     2.33     2.92      0.0916     69.63 RIGHT   3.7257E-04    -88.97  9.7494E-04   -104.79
   50.00    305.00     -5.78     3.63     4.10      0.0773     71.75 RIGHT   3.8350E-04    -93.79  1.1328E-03   -108.44
   55.00    305.00     -5.95     4.53     4.90      0.0630     73.70 RIGHT   3.7593E-04    -97.91  1.2569E-03   -111.12
   60.00    305.00     -6.58     5.00     5.29      0.0487     75.47 RIGHT   3.4982E-04   -101.74  1.3266E-03   -113.11
   65.00    305.00     -7.68     4.97     5.20      0.0346     77.02 RIGHT   3.0815E-04   -105.59  1.3225E-03   -114.58
   70.00    305.00     -9.28     4.35     4.53      0.0206     78.29 RIGHT   2.5621E-04   -109.72  1.2304E-03   -115.63
   75.00    305.00    -11.44     2.91     3.07      0.0067     79.16 RIGHT   1.9985E-04   -114.25  1.0433E-03   -116.33
   80.00    305.00    -14.36     0.21     0.36      0.0073     79.43 LEFT    1.4273E-04   -119.04  7.6454E-04   -116.72
   85.00    305.00    -19.18    -5.23    -5.06      0.0224     78.72 LEFT    8.1978E-05   -123.51  4.0850E-04   -116.84
   90.00    305.00   -999.99  -999.99  -999.99      0.0000      0.00         6.1938E-15     52.88  2.4814E-14     63.30
    0.00    310.00     -8.97    -7.45    -5.13      0.0000     50.00 LINEAR  2.6561E-04     -5.35  3.1654E-04     -5.35
    5.00    310.00     -9.07    -7.58    -5.25      0.0032     49.88 RIGHT   2.6250E-04     -7.35  3.1152E-04     -7.72
   10.00    310.00     -9.32    -7.92    -5.56      0.0153     49.59 RIGHT   2.5510E-04    -13.44  2.9960E-04    -15.22
   15.00    310.00     -9.53    -8.17    -5.78      0.0427     49.48 RIGHT   2.4912E-04    -23.69  2.9136E-04    -28.64
   20.00    310.00     -9.41    -7.75    -5.49      0.0851     50.51 RIGHT   2.5255E-04    -37.25  3.0559E-04    -47.16
   25.00    310.00     -8.78    -6.32    -4.37      0.1222     53.28 RIGHT   2.7137E-04    -51.81  3.6049E-04    -66.32
   30.00    310.00     -7.77    -4.21    -2.62      0.1359     56.89 RIGHT   3.0488E-04    -64.79  4.5954E-04    -81.62
   35.00    310.00     -6.67    -1.99    -0.72      0.1314     60.31 RIGHT   3.4599E-04    -75.08  5.9288E-04    -92.34
   40.00    310.00     -5.74     0.00     1.03      0.1193     63.29 RIGHT   3.8525E-04    -82.89  7.4632E-04    -99.66
   45.00    310.00     -5.11     1.67     2.50      0.1047     65.96 RIGHT   4.1396E-04    -88.89  9.0429E-04   -104.76
   50.00    310.00     -4.87     2.97     3.63      0.0892     68.40 RIGHT   4.2567E-04    -93.70  1.0496E-03   -108.42
   55.00    310.00     -5.05     3.86     4.39      0.0734     70.67 RIGHT   4.1692E-04    -97.81  1.1635E-03   -111.10
   60.00    310.00     -5.68     4.32     4.74      0.0573     72.73 RIGHT   3.8773E-04   -101.63  1.2268E-03   -113.09
   65.00    310.00     -6.79     4.29     4.61      0.0411     74.55 RIGHT   3.4145E-04   -105.46  1.2221E-03   -114.56
   70.00    310.00     -8.39     3.65     3.92      0.0248     76.04 RIGHT   2.8391E-04   -109.56  1.1361E-03   -115.61
   75.00    310.00    -10.54     2.22     2.44      0.0086     77.05 RIGHT   2.2154E-04   -114.05  9.6284E-04   -116.31
   80.00    310.00    -13.46    -0.49    -0.27      0.0077     77.36 LEFT    1.5830E-04   -118.77  7.0529E-04   -116.71
   85.00    310.00    -18.28    -5.93    -5.69      0.0253     76.50 LEFT    9.0969E-05   -123.20  3.7675E-04   -116.83
   90.00    310.00   -999.99  -999.99  -999.99      0.0000      0.00         6.8744E-15     53.21  2.2884E-14     63.31
    0.00    315.00     -8.14    -8.14    -5.13      0.0000     45.00 LINEAR  2.9219E-04     -5.35  2.9219E-04     -5.35
    5.00    315.00     -8.24    -8.28    -5.25      0.0032     44.88 RIGHT   2.8874E-04     -7.34  2.8753E-04     -7.71
   10.00    315.00     -8.49    -8.62    -5.55      0.0155     44.58 RIGHT   2.8052E-04    -13.42  2.7644E-04    -15.20
   15.00    315.00     -8.71    -8.87    -5.78      0.0432     44.46 RIGHT   2.7379E-04    -23.65  2.6867E-04    -28.60
   20.00    315.00     -8.60    -8.47    -5.52      0.0867     45.44 RIGHT   2.7728E-04    -37.18  2.8146E-04    -47.09
   25.00    315.00     -7.98    -7.04    -4.48      0.1267     48.20 RIGHT   2.9754E-04    -51.72  3.3155E-04    -66.25
   30.00    315.00     -6.98    -4.95    -2.84      0.1442     51.95 RIGHT   3.3377E-04    -64.69  4.2207E-04    -81.57
   35.00    315.00     -5.90    -2.74    -1.03      0.1423     55.63 RIGHT   3.7822E-04    -74.98  5.4387E-04    -92.30
   40.00    315.00     -4.98    -0.75     0.64      0.1314     58.92 RIGHT   4.2057E-04    -82.80  6.8385E-04    -99.63
   45.00    315.00     -4.36     0.90     2.03      0.1170     61.91 RIGHT   4.5137E-04    -88.80  8.2767E-04   -104.73
   50.00    315.00     -4.13     2.19     3.10      0.1010     64.68 RIGHT   4.6364E-04    -93.60  9.5963E-04   -108.40
   55.00    315.00     -4.32     3.07     3.80      0.0841     67.27 RIGHT   4.5371E-04    -97.71  1.0627E-03   -111.08
   60.00    315.00     -4.95     3.53     4.10      0.0664     69.65 RIGHT   4.2168E-04   -101.52  1.1194E-03   -113.07
   65.00    315.00     -6.06     3.49     3.94      0.0481     71.75 RIGHT   3.7124E-04   -105.33  1.1142E-03   -114.54
   70.00    315.00     -7.66     2.85     3.22      0.0296     73.47 RIGHT   3.0870E-04   -109.39  1.0351E-03   -115.59
   75.00    315.00     -9.81     1.40     1.72      0.0110     74.64 RIGHT   2.4098E-04   -113.83  8.7667E-04   -116.29
   80.00    315.00    -12.73    -1.30    -1.00      0.0079     74.98 LEFT    1.7230E-04   -118.50  6.4190E-04   -116.69
   85.00    315.00    -17.54    -6.75    -6.40      0.0282     73.95 LEFT    9.9061E-05   -122.87  3.4280E-04   -116.81
   90.00    315.00   -999.99  -999.99  -999.99      0.0000      0.00         7.4873E-15     53.56  2.0820E-14     63.33
    0.00    320.00     -7.45    -8.97    -5.13      0.0000     40.00 LINEAR  3.1654E-04     -5.35  2.6561E-04     -5.35
    5.00    320.00     -7.55    -9.11    -5.25      0.0032     39.88 RIGHT   3.1277E-04     -7.34  2.6135E-04     -7.71
   10.00    320.00     -7.80    -9.45    -5.54      0.0152     39.58 RIGHT   3.0379E-04    -13.40  2.5119E-04    -15.18
   15.00    320.00     -8.02    -9.71    -5.77      0.0424     39.45 RIGHT   2.9632E-04    -23.60  2.4397E-04    -28.55
   20.00    320.00     -7.92    -9.31    -5.55      0.0856     40.35 RIGHT   2.9980E-04    -37.11  2.5530E-04    -47.02
   25.00    320.00     -7.32    -7.90    -4.59      0.1274     43.00 RIGHT   3.2126E-04    -51.62  3.0030E-04    -66.18
   30.00    320.00     -6.33    -5.82    -3.06      0.1484     46.77 RIGHT   3.5985E-04    -64.59  3.8177E-04    -81.51
   35.00    320.00     -5.26    -3.63    -1.36      0.1499     50.60 RIGHT   4.0718E-04    -74.88  4.9134E-04    -92.25
   40.00    320.00     -4.35    -1.65     0.22      0.1413     54.14 RIGHT   4.5216E-04    -82.70  6.1708E-04    -99.59
   45.00    320.00     -3.74     0.00     1.53      0.1280     57.42 RIGHT   4.8467E-04    -88.70  7.4602E-04   -104.71
   50.00    320.00     -3.52     1.28     2.52      0.1123     60.50 RIGHT   4.9730E-04    -93.51  8.6402E-04   -108.37
   55.00    320.00     -3.72     2.15     3.15      0.0948     63.42 RIGHT   4.8623E-04    -97.61  9.5580E-04   -111.06
   60.00    320.00     -4.36     2.60     3.39      0.0759     66.12 RIGHT   4.5163E-04   -101.40  1.0059E-03   -113.06
   65.00    320.00     -5.47     2.55     3.19      0.0558     68.52 RIGHT   3.9749E-04   -105.19  1.0003E-03   -114.52
   70.00    320.00     -7.07     1.90     2.42      0.0350     70.49 RIGHT   3.3055E-04   -109.22  9.2862E-04   -115.57
   75.00    320.00     -9.22     0.46     0.90      0.0138     71.83 RIGHT   2.5814E-04   -113.62  7.8606E-04   -116.28
   80.00    320.00    -12.13    -2.26    -1.83      0.0079     72.21 LEFT    1.8468E-04   -118.23  5.7530E-04   -116.67
   85.00    320.00    -16.93    -7.71    -7.22      0.0310     70.99 LEFT    1.0624E-04   -122.54  3.0715E-04   -116.79
   90.00    320.00   -999.99  -999.99  -999.99      0.0000      0.00         8.0314E-15     53.91  1.8653E-14     63.35
    0.00    325.00     -6.86    -9.96    -5.13      0.0000     35.00 LINEAR  3.3849E-04     -5.35  2.3701E-04     -5.35
    5.00    325.00     -6.97   -10.10    -5.25      0.0030     34.89 RIGHT   3.3443E-04     -7.33  2.3319E-04     -7.70
   10.00    325.00     -7.22   -10.45    -5.53      0.0145     34.60 RIGHT   3.2473E-04    -13.38  2.2406E-04    -15.16
   15.00    325.00     -7.44   -10.71    -5.77      0.0403     34.45 RIGHT   3.1656E-04    -23.56  2.1748E-04    -28.51
   20.00    325.00     -7.35   -10.32    -5.58      0.0819     35.26 RIGHT   3.1997E-04    -37.04  2.2733E-04    -46.96
   25.00    325.00     -6.76    -8.92    -4.70      0.1239     37.72 RIGHT   3.4243E-04    -51.53  2.6702E-04    -66.11
   30.00    325.00     -5.79    -6.85    -3.28      0.1479     41.36 RIGHT   3.8299E-04    -64.50  3.3901E-04    -81.45
   35.00    325.00     -4.73    -4.67    -1.69      0.1532     45.21 RIGHT   4.3275E-04    -74.79  4.3579E-04    -92.21
   40.00    325.00     -3.83    -2.70    -0.22      0.1477     48.89 RIGHT   4.7992E-04    -82.61  5.4670E-04    -99.56
   45.00    325.00     -3.24    -1.06     1.00      0.1366     52.38 RIGHT   5.1381E-04    -88.61  6.6022E-04   -104.68
   50.00    325.00     -3.02     0.21     1.90      0.1222     55.75 RIGHT   5.2666E-04    -93.42  7.6384E-04   -108.35
   55.00    325.00     -3.23     1.07     2.45      0.1051     58.97 RIGHT   5.1449E-04    -97.52  8.4413E-04   -111.04
   60.00    325.00     -3.87     1.51     2.61      0.0856     62.00 RIGHT   4.7759E-04   -101.29  8.8756E-04   -113.04
   65.00    325.00     -4.98     1.45     2.34      0.0640     64.71 RIGHT   4.2022E-04   -105.06  8.8190E-04   -114.51
   70.00    325.00     -6.59     0.80     1.53      0.0410     66.96 RIGHT   3.4948E-04   -109.06  8.1810E-04   -115.56
   75.00    325.00     -8.73    -0.65    -0.02      0.0170     68.49 RIGHT   2.7304E-04   -113.41  6.9210E-04   -116.26
   80.00    325.00    -11.63    -3.37    -2.76      0.0076     68.90 LEFT    1.9545E-04   -117.96  5.0633E-04   -116.66
   85.00    325.00    -16.43    -8.82    -8.12      0.0337     67.47 LEFT    1.1249E-04   -122.22  2.7026E-04   -116.78
   90.00    325.00   -999.99  -999.99  -999.99      0.0000      0.00         8.5064E-15     54.25  1.6411E-14     63.37
    0.00    330.00     -6.38   -11.15    -5.13      0.0000     30.00 LINEAR  3.5786E-04     -5.35  2.0661E-04     -5.35
    5.00    330.00     -6.49   -11.29    -5.24      0.0028     29.90 RIGHT   3.5354E-04     -7.33  2.0326E-04     -7.70
   10.00    330.00     -6.74   -11.64    -5.53      0.0133     29.63 RIGHT   3.4319E-04    -13.36  1.9525E-04    -15.14
   15.00    330.00     -6.97   -11.91    -5.76      0.0370     29.48 RIGHT   3.3438E-04    -23.52  1.8941E-04    -28.47
   20.00    330.00     -6.88   -11.53    -5.60      0.0756     30.17 RIGHT   3.3768E-04    -36.97  1.9778E-04    -46.90
   25.00    330.00     -6.31   -10.14    -4.80      0.1161     32.37 RIGHT   3.6093E-04    -51.45  2.3200E-04    -66.04
   30.00    330.00     -5.35    -8.08    -3.49      0.1419     35.74 RIGHT   4.0312E-04    -64.40  2.9418E-04    -81.40
   35.00    330.00     -4.30    -5.91    -2.02      0.1509     39.46 RIGHT   4.5488E-04    -74.70  3.7773E-04    -92.17
   40.00    330.00     -3.41    -3.95    -0.66      0.1492     43.13 RIGHT   5.0384E-04    -82.53  4.7337E-04    -99.53
   45.00    330.00     -2.83    -2.32     0.45      0.1414     46.73 RIGHT   5.3882E-04    -88.53  5.7108E-04   -104.66
   50.00    330.00     -2.62    -1.06     1.24      0.1295     50.28 RIGHT   5.5174E-04    -93.33  6.6005E-04   -108.33
   55.00    330.00     -2.83    -0.20     1.69      0.1139     53.77 RIGHT   5.3857E-04    -97.42  7.2874E-04   -111.02
   60.00    330.00     -3.48     0.23     1.77      0.0947     57.10 RIGHT   4.9966E-04   -101.19  7.6555E-04   -113.02
   65.00    330.00     -4.59     0.16     1.42      0.0723     60.13 RIGHT   4.3952E-04   -104.93  7.6008E-04   -114.49
   70.00    330.00     -6.19    -0.49     0.54      0.0474     62.67 RIGHT   3.6556E-04   -108.90  7.0462E-04   -115.54
   75.00    330.00     -8.34    -1.95    -1.05      0.0207     64.40 RIGHT   2.8572E-04   -113.21  5.9578E-04   -116.24
   80.00    330.00    -11.23    -4.67    -3.80      0.0072     64.84 LEFT    2.0465E-04   -117.71  4.3568E-04   -116.64
   85.00    330.00    -16.03   -10.13    -9.13      0.0363     63.18 LEFT    1.1785E-04   -121.92  2.3249E-04   -116.76
   90.00    330.00   -999.99  -999.99  -999.99      0.0000      0.00         8.9129E-15     54.57  1.4117E-14     63.38
    0.00    335.00     -5.98   -12.61    -5.13      0.0000     25.00 LINEAR  3.7450E-04     -5.35  1.7463E-04     -5.35
    5.00    335.00     -6.09   -12.75    -5.24      0.0025     24.91 RIGHT   3.6995E-04     -7.33  1.7179E-04     -7.70
   10.00    335.00     -6.35   -13.11    -5.52      0.0118     24.67 RIGHT   3.5904E-04    -13.35  1.6498E-04    -15.13
   15.00    335.00     -6.58   -13.37    -5.76      0.0327     24.53 RIGHT   3.4965E-04    -23.49  1.5996E-04    -28.43
   20.00    335.00     -6.50   -13.01    -5.63      0.0669     25.10 RIGHT   3.5281E-04    -36.92  1.6687E-04    -46.84
   25.00    335.00     -5.93   -11.63    -4.90      0.1043     26.99 RIGHT   3.7668E-04    -51.37  1.9551E-04    -65.98
   30.00    335.00     -4.98    -9.58    -3.69      0.1302     29.96 RIGHT   4.2019E-04    -64.32  2.4763E-04    -81.35
   35.00    335.00     -3.95    -7.42    -2.33      0.1420     33.37 RIGHT   4.7357E-04    -74.62  3.1764E-04    -92.13
   40.00    335.00     -3.07    -5.46    -1.09      0.1441     36.86 RIGHT   5.2395E-04    -82.45  3.9767E-04    -99.50
   45.00    335.00     -2.49    -3.84    -0.11      0.1404     40.39 RIGHT   5.5975E-04    -88.45  4.7931E-04   -104.63
   50.00    335.00     -2.30    -2.59     0.57      0.1321     43.99 RIGHT   5.7266E-04    -93.25  5.5348E-04   -108.31
   55.00    335.00     -2.51    -1.74     0.90      0.1194     47.62 RIGHT   5.5858E-04    -97.34  6.1056E-04   -111.01
   60.00    335.00     -3.17    -1.32     0.87      0.1020     51.18 RIGHT   5.1796E-04   -101.09  6.4089E-04   -113.00
   65.00    335.00     -4.28    -1.39     0.41      0.0799     54.51 RIGHT   4.5551E-04   -104.82  6.3585E-04   -114.47
   70.00    335.00     -5.88    -2.05    -0.55      0.0538     57.33 RIGHT   3.7889E-04   -108.76  5.8910E-04   -115.53
   75.00    335.00     -8.02    -3.51    -2.20      0.0246     59.26 RIGHT   2.9625E-04   -113.03  4.9786E-04   -116.23
   80.00    335.00    -10.91    -6.23    -4.96      0.0065     59.75 LEFT    2.1230E-04   -117.48  3.6395E-04   -116.63
   85.00    335.00    -15.70   -11.69   -10.24      0.0386     57.83 LEFT    1.2231E-04   -121.65  1.9417E-04   -116.75
   90.00    335.00   -999.99  -999.99  -999.99      0.0000      0.00         9.2522E-15     54.86  1.1789E-14     63.40
    0.00    340.00     -5.67   -14.45    -5.13      0.0000     20.00 LINEAR  3.8830E-04     -5.35  1.4133E-04     -5.35
    5.00    340.00     -5.78   -14.59    -5.24      0.0021     19.92 RIGHT   3.8356E-04     -7.32  1.3902E-04     -7.69
   10.00    340.00     -6.04   -14.95    -5.51      0.0099     19.72 RIGHT   3.7216E-04    -13.34  1.3348E-04    -15.11
   15.00    340.00     -6.27   -15.22    -5.75      0.0273     19.60 RIGHT   3.6228E-04    -23.46  1.2936E-04    -28.40
   20.00    340.00     -6.20   -14.86    -5.65      0.0562     20.05 RIGHT   3.6530E-04    -36.86  1.3484E-04    -46.79
   25.00    340.00     -5.64   -13.49    -4.98      0.0885     21.58 RIGHT   3.8963E-04    -51.31  1.5782E-04    -65.93
   30.00    340.00     -4.70   -11.45    -3.87      0.1127     24.06 RIGHT   4.3417E-04    -64.25  1.9969E-04    -81.30
   35.00    340.00     -3.67    -9.29    -2.62      0.1259     26.99 RIGHT   4.8881E-04    -74.55  2.5592E-04    -92.10
   40.00    340.00     -2.80    -7.35    -1.49      0.1311     30.10 RIGHT   5.4028E-04    -82.38  3.2014E-04    -99.47
   45.00    340.00     -2.24    -5.73    -0.63      0.1314     33.35 RIGHT   5.7668E-04    -88.38  3.8554E-04   -104.61
   50.00    340.00     -2.04    -4.49    -0.09      0.1274     36.77 RIGHT   5.8953E-04    -93.18  4.4486E-04   -108.29
   55.00    340.00     -2.27    -3.64     0.11      0.1188     40.34 RIGHT   5.7467E-04    -97.26  4.9037E-04   -110.99
   60.00    340.00     -2.93    -3.23    -0.06      0.1049     43.98 RIGHT   5.3265E-04   -101.01  5.1438E-04   -112.99
   65.00    340.00     -4.04    -3.30    -0.65      0.0849     47.48 RIGHT   4.6834E-04   -104.72  5.1002E-04   -114.46
   70.00    340.00     -5.64    -3.97    -1.72      0.0590     50.52 RIGHT   3.8959E-04   -108.64  4.7227E-04   -115.51
   75.00    340.00     -7.78    -5.44    -3.44      0.0282     52.64 RIGHT   3.0471E-04   -112.87  3.9895E-04   -116.22
   80.00    340.00    -10.67    -8.16    -6.22      0.0056     53.16 LEFT    2.1847E-04   -117.28  2.9155E-04   -116.61
   85.00    340.00    -15.45   -13.62   -11.43      0.0400     51.02 LEFT    1.2592E-04   -121.41  1.5552E-04   -116.73
   90.00    340.00   -999.99  -999.99  -999.99      0.0000      0.00         9.5263E-15     55.12  9.4416E-15     63.41
    0.00    345.00     -5.43   -16.87    -5.13      0.0000     15.00 LINEAR  3.9914E-04     -5.35  1.0695E-04     -5.35
    5.00    345.00     -5.54   -17.01    -5.24      0.0016     14.94 RIGHT   3.9424E-04     -7.32  1.0520E-04     -7.69
   10.00    345.00     -5.80   -17.37    -5.51      0.0077     14.78 RIGHT   3.8247E-04    -13.32  1.0098E-04    -15.10
   15.00    345.00     -6.04   -17.64    -5.75      0.0212     14.68 RIGHT   3.7219E-04    -23.43  9.7830E-05    -28.38
   20.00    345.00     -5.97   -17.29    -5.66      0.0437     15.01 RIGHT   3.7507E-04    -36.82  1.0191E-04    -46.75
   25.00    345.00     -5.42   -15.93    -5.05      0.0695     16.17 RIGHT   3.9974E-04    -51.25  1.1918E-04    -65.89
   30.00    345.00     -4.49   -13.89    -4.01      0.0899     18.08 RIGHT   4.4504E-04    -64.19  1.5067E-04    -81.27
   35.00    345.00     -3.46   -11.74    -2.86      0.1024     20.40 RIGHT   5.0062E-04    -74.49  1.9296E-04    -92.07
   40.00    345.00     -2.60    -9.81    -1.84      0.1092     22.92 RIGHT   5.5289E-04    -82.32  2.4122E-04    -99.45
   45.00    345.00     -2.04    -8.20    -1.10      0.1124     25.64 RIGHT   5.8972E-04    -88.33  2.9032E-04   -104.60
   50.00    345.00     -1.86    -6.96    -0.69      0.1124     28.60 RIGHT   6.0248E-04    -93.13  3.3477E-04   -108.28
   55.00    345.00     -2.08    -6.12    -0.64      0.1085     31.81 RIGHT   5.8699E-04    -97.20  3.6879E-04   -110.98
   60.00    345.00     -2.74    -5.71    -0.97      0.0995     35.21 RIGHT   5.4388E-04   -100.94  3.8663E-04   -112.98
   65.00    345.00     -3.86    -5.79    -1.71      0.0837     38.62 RIGHT   4.7813E-04   -104.64  3.8316E-04   -114.45
   70.00    345.00     -5.46    -6.46    -2.92      0.0605     41.70 RIGHT   3.9776E-04   -108.54  3.5464E-04   -115.50
   75.00    345.00     -7.59    -7.93    -4.75      0.0302     43.90 RIGHT   3.1118E-04   -112.74  2.9949E-04   -116.21
   80.00    345.00    -10.48   -10.65    -7.56      0.0045     44.43 LEFT    2.2319E-04   -117.12  2.1881E-04   -116.60
   85.00    345.00    -15.26   -16.11   -12.66      0.0391     42.19 LEFT    1.2868E-04   -121.22  1.1670E-04   -116.72
   90.00    345.00   -999.99  -999.99  -999.99      0.0000      0.00         9.7372E-15     55.32  7.0843E-15     63.42
    0.00    350.00     -5.26   -20.34    -5.13      0.0000     10.00 LINEAR  4.0694E-04     -5.35  7.1754E-05     -5.35
    5.00    350.00     -5.37   -20.48    -5.24      0.0011      9.96 RIGHT   4.0194E-04     -7.32  7.0576E-05     -7.69
   10.00    350.00     -5.64   -20.84    -5.51      0.0052      9.85 RIGHT   3.8988E-04    -13.32  6.7742E-05    -15.09
   15.00    350.00     -5.87   -21.11    -5.75      0.0145      9.78 RIGHT   3.7931E-04    -23.41  6.5607E-05    -28.36
   20.00    350.00     -5.81   -20.76    -5.67      0.0299     10.00 RIGHT   3.8209E-04    -36.79  6.8309E-05    -46.72
   25.00    350.00     -5.26   -19.41    -5.10      0.0479     10.77 RIGHT   4.0698E-04    -51.21  7.9834E-05    -65.86
   30.00    350.00     -4.34   -17.38    -4.13      0.0626     12.07 RIGHT   4.5281E-04    -64.15  1.0087E-04    -81.24
   35.00    350.00     -3.32   -15.23    -3.05      0.0724     13.67 RIGHT   5.0903E-04    -74.45  1.2912E-04    -92.05
   40.00    350.00     -2.46   -13.30    -2.12      0.0787     15.44 RIGHT   5.6185E-04    -82.28  1.6133E-04    -99.44
   45.00    350.00     -1.91   -11.69    -1.47      0.0828     17.40 RIGHT   5.9896E-04    -88.29  1.9407E-04   -104.58
   50.00    350.00     -1.72   -10.46    -1.18      0.0851     19.59 RIGHT   6.1163E-04    -93.08  2.2368E-04   -108.27
   55.00    350.00     -1.95    -9.62    -1.27      0.0849     22.04 RIGHT   5.9568E-04    -97.16  2.4630E-04   -110.97
   60.00    350.00     -2.62    -9.22    -1.76      0.0809     24.75 RIGHT   5.5179E-04   -100.89  2.5811E-04   -112.97
   65.00    350.00     -3.74    -9.30    -2.67      0.0710     27.60 RIGHT   4.8503E-04   -104.58  2.5570E-04   -114.44
   70.00    350.00     -5.34    -9.97    -4.05      0.0536     30.29 RIGHT   4.0351E-04   -108.46  2.3659E-04   -115.49
   75.00    350.00     -7.47   -11.44    -6.01      0.0280     32.30 RIGHT   3.1575E-04   -112.65  1.9974E-04   -116.20
   80.00    350.00    -10.35   -14.17    -8.84      0.0032     32.78 LEFT    2.2653E-04   -117.00  1.4591E-04   -116.60
   85.00    350.00    -15.13   -19.63   -13.81      0.0335     30.74 LEFT    1.3064E-04   -121.08  7.7808E-05   -116.71
   90.00    350.00   -999.99  -999.99  -999.99      0.0000      0.00         9.8866E-15     55.47  4.7233E-15     63.43
    0.00    355.00     -5.16   -26.32    -5.13      0.0000      5.00 LINEAR  4.1164E-04     -5.35  3.6014E-05     -5.35
    5.00    355.00     -5.27   -26.47    -5.24      0.0006      4.98 RIGHT   4.0657E-04     -7.32  3.5422E-05     -7.69
   10.00    355.00     -5.54   -26.83    -5.50      0.0027      4.92 RIGHT   3.9435E-04    -13.31  3.3997E-05    -15.09
   15.00    355.00     -5.78   -27.10    -5.74      0.0073      4.89 RIGHT   3.8360E-04    -23.40  3.2920E-05    -28.35
   20.00    355.00     -5.72   -26.76    -5.68      0.0152      4.99 RIGHT   3.8631E-04    -36.77  3.4265E-05    -46.71
   25.00    355.00     -5.17   -25.41    -5.13      0.0244      5.38 RIGHT   4.1133E-04    -51.19  4.0032E-05    -65.84
   30.00    355.00     -4.25   -23.38    -4.19      0.0321      6.04 RIGHT   4.5746E-04    -64.12  5.0563E-05    -81.23
   35.00    355.00     -3.23   -21.24    -3.17      0.0375      6.85 RIGHT   5.1407E-04    -74.42  6.4700E-05    -92.04
   40.00    355.00     -2.38   -19.30    -2.29      0.0413      7.77 RIGHT   5.6721E-04    -82.26  8.0816E-05    -99.43
   45.00    355.00     -1.83   -17.70    -1.72      0.0441      8.79 RIGHT   6.0447E-04    -88.26  9.7188E-05   -104.58
   50.00    355.00     -1.65   -16.47    -1.51      0.0462      9.95 RIGHT   6.1708E-04    -93.06  1.1198E-04   -108.26
   55.00    355.00     -1.88   -15.64    -1.70      0.0472     11.29 RIGHT   6.0085E-04    -97.13  1.2328E-04   -110.97
   60.00    355.00     -2.54   -15.23    -2.32      0.0463     12.81 RIGHT   5.5648E-04   -100.86  1.2915E-04   -112.96
   65.00    355.00     -3.67   -15.32    -3.38      0.0421     14.47 RIGHT   4.8912E-04   -104.54  1.2792E-04   -114.44
   70.00    355.00     -5.26   -15.99    -4.91      0.0331     16.12 RIGHT   4.0693E-04   -108.42  1.1834E-04   -115.49
   75.00    355.00     -7.39   -17.46    -6.99      0.0180     17.39 RIGHT   3.1846E-04   -112.59  9.9890E-05   -116.19
   80.00    355.00    -10.28   -20.19    -9.85      0.0017     17.71 LEFT    2.2852E-04   -116.92  7.2958E-05   -116.59
   85.00    355.00    -15.05   -25.65   -14.69      0.0203     16.41 LEFT    1.3181E-04   -120.99  3.8903E-05   -116.71
   90.00    355.00   -999.99  -999.99  -999.99      0.0000      0.00         9.9755E-15     55.57  2.3616E-15     63.43


  AVERAGE POWER GAIN:  1.4261E+00 - SOLID ANGLE USED IN AVERAGING: (+1.9722)*PI STERADIANS



  DATA CARD No:   8 EN   0     0     0     0  0.00000E+00  0.00000E+00  0.00000E+00  0.00000E+00  0.00000E+00  0.00000E+00

  TOTAL RUN TIME: 60 msec