


                               __________________________________________
                              |                                          |
                              |  NUMERICAL ELECTROMAGNETICS CODE (nec2c) |
                              |   Translated to 'C' in Double Precision  |
                              |__________________________________________|



                               ---------------- COMMENTS ----------------
                               pattern-linked-20m
                              



                               -------- STRUCTURE SPECIFICATION --------
                                     COORDINATES MUST BE INPUT IN
                                     METERS OR BE SCALED TO METERS
                                     BEFORE STRUCTURE INPUT IS ENDED

  WIRE                                                                                 SEG FIRST  LAST  TAG
   No:        X1         Y1         Z1         X2         Y2         Z2       RADIUS   No:   SEG   SEG  No:
     1    -4.53801    0.00000    6.52398   -0.01000    0.00000    9.14400    0.00024    61     1    61    1
     2    -0.01000    0.00000    9.14400    0.01000    0.00000    9.14400    0.00024     1    62    62    2
     3     0.01000    0.00000    9.14400    4.53801    0.00000    6.52398    0.00024    61    63   123    3

     TOTAL SEGMENTS USED: 123   SEGMENTS IN A SYMMETRIC CELL: 123   SYMMETRY FLAG: 0


                               ---------- SEGMENTATION DATA ----------
                                        COORDINATES IN METERS
                            I+ AND I- INDICATE THE SEGMENTS BEFORE AND AFTER I

   SEG    COORDINATES OF SEGM CENTER     SEGM    ORIENTATION ANGLES    WIRE    CONNECTION DATA   TAG
   No:       X         Y         Z      LENGTH     ALPHA      BETA    RADIUS    I-     I    I+   No:
     1   -4.5009    0.0000    6.5455    0.0858   30.0548    0.0000    0.0002     0     1     2     1
     2   -4.4267    0.0000    6.5884    0.0858   30.0548    0.0000    0.0002     1     2     3     1
     3   -4.3524    0.0000    6.6314    0.0858   30.0548    0.0000    0.0002     2     3     4     1
     4   -4.2782    0.0000    6.6743    0.0858   30.0548    0.0000    0.0002     3     4     5     1
     5   -4.2040    0.0000    6.7173    0.0858   30.0548    0.0000    0.0002     4     5     6     1
     6   -4.1297    0.0000    6.7602    0.0858   30.0548    0.0000    0.0002     5     6     7     1
     7   -4.0555    0.0000    6.8032    0.0858   30.0548    0.0000    0.0002     6     7     8     1
     8   -3.9813    0.0000    6.8461    0.0858   30.0548    0.0000    0.0002     7     8     9     1
     9   -3.9071    0.0000    6.8891    0.0858   30.0548    0.0000    0.0002     8     9    10     1
    10   -3.8328    0.0000    6.9320    0.0858   30.0548    0.0000    0.0002     9    10    11     1
    11   -3.7586    0.0000    6.9750    0.0858   30.0548    0.0000    0.0002    10    11    12     1
    12   -3.6844    0.0000    7.0179    0.0858   30.0548    0.0000    0.0002    11    12    13     1
    13   -3.6101    0.0000    7.0609    0.0858   30.0548    0.0000    0.0002    12    13    14     1
    14   -3.5359    0.0000    7.1038    0.0858   30.0548    0.0000    0.0002    13    14    15     1
    15   -3.4617    0.0000    7.1468    0.0858   30.0548    0.0000    0.0002    14    15    16     1
    16   -3.3874    0.0000    7.1897    0.0858   30.0548    0.0000    0.0002    15    16    17     1
    17   -3.3132    0.0000    7.2327    0.0858   30.0548    0.0000    0.0002    16    17    18     1
    18   -3.2390    0.0000    7.2756    0.0858   30.0548    0.0000    0.0002    17    18    19     1
    19   -3.1648    0.0000    7.3186    0.0858   30.0548    0.0000    0.0002    18    19    20     1
    20   -3.0905    0.0000    7.3615    0.0858   30.0548    0.0000    0.0002    19    20    21     1
    21   -3.0163    0.0000    7.4045    0.0858   30.0548    0.0000    0.0002    20    21    22     1
    22   -2.9421    0.0000    7.4474    0.0858   30.0548    0.0000    0.0002    21    22    23     1
    23   -2.8678    0.0000    7.4904    0.0858   30.0548    0.0000    0.0002    22    23    24     1
    24   -2.7936    0.0000    7.5333    0.0858   30.0548    0.0000    0.0002    23    24    25     1
    25   -2.7194    0.0000    7.5763    0.0858   30.0548    0.0000    0.0002    24    25    26     1
    26   -2.6452    0.0000    7.6192    0.0858   30.0548    0.0000    0.0002    25    26    27     1
    27   -2.5709    0.0000    7.6622    0.0858   30.0548    0.0000    0.0002    26    27    28     1
    28   -2.4967    0.0000    7.7051    0.0858   30.0548    0.0000    0.0002    27    28    29     1
    29   -2.4225    0.0000    7.7481    0.0858   30.0548    0.0000    0.0002    28    29    30     1
    30   -2.3482    0.0000    7.7910    0.0858   30.0548    0.0000    0.0002    29    30    31     1
    31   -2.2740    0.0000    7.8340    0.0858   30.0548    0.0000    0.0002    30    31    32     1
    32   -2.1998    0.0000    7.8769    0.0858   30.0548    0.0000    0.0002    31    32    33     1
    33   -2.1255    0.0000    7.9199    0.0858   30.0548    0.0000    0.0002    32    33    34     1
    34   -2.0513    0.0000    7.9628    0.0858   30.0548    0.0000    0.0002    33    34    35     1
    35   -1.9771    0.0000    8.0058    0.0858   30.0548    0.0000    0.0002    34    35    36     1
    36   -1.9029    0.0000    8.0487    0.0858   30.0548    0.0000    0.0002    35    36    37     1
    37   -1.8286    0.0000    8.0917    0.0858   30.0548    0.0000    0.0002    36    37    38     1
    38   -1.7544    0.0000    8.1346    0.0858   30.0548    0.0000    0.0002    37    38    39     1
    39   -1.6802    0.0000    8.1776    0.0858   30.0548    0.0000    0.0002    38    39    40     1
    40   -1.6059    0.0000    8.2206    0.0858   30.0548    0.0000    0.0002    39    40    41     1
    41   -1.5317    0.0000    8.2635    0.0858   30.0548    0.0000    0.0002    40    41    42     1
    42   -1.4575    0.0000    8.3065    0.0858   30.0548    0.0000    0.0002    41    42    43     1
    43   -1.3832    0.0000    8.3494    0.0858   30.0548    0.0000    0.0002    42    43    44     1
    44   -1.3090    0.0000    8.3924    0.0858   30.0548    0.0000    0.0002    43    44    45     1
    45   -1.2348    0.0000    8.4353    0.0858   30.0548    0.0000    0.0002    44    45    46     1
    46   -1.1606    0.0000    8.4783    0.0858   30.0548    0.0000    0.0002    45    46    47     1
    47   -1.0863    0.0000    8.5212    0.0858   30.0548    0.0000    0.0002    46    47    48     1
    48   -1.0121    0.0000    8.5642    0.0858   30.0548    0.0000    0.0002    47    48    49     1
    49   -0.9379    0.0000    8.6071    0.0858   30.0548    0.0000    0.0002    48    49    50     1
    50   -0.8636    0.0000    8.6501    0.0858   30.0548    0.0000    0.0002    49    50    51     1
    51   -0.7894    0.0000    8.6930    0.0858   30.0548    0.0000    0.0002    50    51    52     1
    52   -0.7152    0.0000    8.7360    0.0858   30.0548    0.0000    0.0002    51    52    53     1
    53   -0.6410    0.0000    8.7789    0.0858   30.0548    0.0000    0.0002    52    53    54     1
    54   -0.5667    0.0000    8.8219    0.0858   30.0548    0.0000    0.0002    53    54    55     1
    55   -0.4925    0.0000    8.8648    0.0858   30.0548    0.0000    0.0002    54    55    56     1
    56   -0.4183    0.0000    8.9078    0.0858   30.0548    0.0000    0.0002    55    56    57     1
    57   -0.3440    0.0000    8.9507    0.0858   30.0548    0.0000    0.0002    56    57    58     1
    58   -0.2698    0.0000    8.9937    0.0858   30.0548    0.0000    0.0002    57    58    59     1
    59   -0.1956    0.0000    9.0366    0.0858   30.0548    0.0000    0.0002    58    59    60     1
    60   -0.1213    0.0000    9.0796    0.0858   30.0548    0.0000    0.0002    59    60    61     1
    61   -0.0471    0.0000    9.1225    0.0858   30.0548    0.0000    0.0002    60    61    62     1
    62    0.0000    0.0000    9.1440    0.0200    0.0000    0.0000    0.0002    61    62    63     2
    63    0.0471    0.0000    9.1225    0.0858  -30.0548    0.0000    0.0002    62    63    64     3
    64    0.1213    0.0000    9.0796    0.0858  -30.0548    0.0000    0.0002    63    64    65     3
    65    0.1956    0.0000    9.0366    0.0858  -30.0548    0.0000    0.0002    64    65    66     3
    66    0.2698    0.0000    8.9937    0.0858  -30.0548    0.0000    0.0002    65    66    67     3
    67    0.3440    0.0000    8.9507    0.0858  -30.0548    0.0000    0.0002    66    67    68     3
    68    0.4183    0.0000    8.9078    0.0858  -30.0548    0.0000    0.0002    67    68    69     3
    69    0.4925    0.0000    8.8648    0.0858  -30.0548    0.0000    0.0002    68    69    70     3
    70    0.5667    0.0000    8.8219    0.0858  -30.0548    0.0000    0.0002    69    70    71     3
    71    0.6410    0.0000    8.7789    0.0858  -30.0548    0.0000    0.0002    70    71    72     3
    72    0.7152    0.0000    8.7360    0.0858  -30.0548    0.0000    0.0002    71    72    73     3
    73    0.7894    0.0000    8.6930    0.0858  -30.0548    0.0000    0.0002    72    73    74     3
    74    0.8636    0.0000    8.6501    0.0858  -30.0548    0.0000    0.0002    73    74    75     3
    75    0.9379    0.0000    8.6071    0.0858  -30.0548    0.0000    0.0002    74    75    76     3
    76    1.0121    0.0000    8.5642    0.0858  -30.0548    0.0000    0.0002    75    76    77     3
    77    1.0863    0.0000    8.5212    0.0858  -30.0548    0.0000    0.0002    76    77    78     3
    78    1.1606    0.0000    8.4783    0.0858  -30.0548    0.0000    0.0002    77    78    79     3
    79    1.2348    0.0000    8.4353    0.0858  -30.0548    0.0000    0.0002    78    79    80     3
    80    1.3090    0.0000    8.3924    0.0858  -30.0548    0.0000    0.0002    79    80    81     3
    81    1.3832    0.0000    8.3494    0.0858  -30.0548    0.0000    0.0002    80    81    82     3
    82    1.4575    0.0000    8.3065    0.0858  -30.0548    0.0000    0.0002    81    82    83     3
    83    1.5317    0.0000    8.2635    0.0858  -30.0548    0.0000    0.0002    82    83    84     3
    84    1.6059    0.0000    8.2206    0.0858  -30.0548    0.0000    0.0002    83    84    85     3
    85    1.6802    0.0000    8.1776    0.0858  -30.0548    0.0000    0.0002    84    85    86     3
    86    1.7544    0.0000    8.1346    0.0858  -30.0548    0.0000    0.0002    85    86    87     3
    87    1.8286    0.0000    8.0917    0.0858  -30.0548    0.0000    0.0002    86    87    88     3
    88    1.9029    0.0000    8.0487    0.0858  -30.0548    0.0000    0.0002    87    88    89     3
    89    1.9771    0.0000    8.0058    0.0858  -30.0548    0.0000    0.0002    88    89    90     3
    90    2.0513    0.0000    7.9628    0.0858  -30.0548    0.0000    0.0002    89    90    91     3
    91    2.1255    0.0000    7.9199    0.0858  -30.0548    0.0000    0.0002    90    91    92     3
    92    2.1998    0.0000    7.8769    0.0858  -30.0548    0.0000    0.0002    91    92    93     3
    93    2.2740    0.0000    7.8340    0.0858  -30.0548    0.0000    0.0002    92    93    94     3
    94    2.3482    0.0000    7.7910    0.0858  -30.0548    0.0000    0.0002    93    94    95     3
    95    2.4225    0.0000    7.7481    0.0858  -30.0548    0.0000    0.0002    94    95    96     3
    96    2.4967    0.0000    7.7051    0.0858  -30.0548    0.0000    0.0002    95    96    97     3
    97    2.5709    0.0000    7.6622    0.0858  -30.0548    0.0000    0.0002    96    97    98     3
    98    2.6452    0.0000    7.6192    0.0858  -30.0548    0.0000    0.0002    97    98    99     3
    99    2.7194    0.0000    7.5763    0.0858  -30.0548    0.0000    0.0002    98    99   100     3
   100    2.7936    0.0000    7.5333    0.0858  -30.0548    0.0000    0.0002    99   100   101     3
   101    2.8678    0.0000    7.4904    0.0858  -30.0548    0.0000    0.0002   100   101   102     3
   102    2.9421    0.0000    7.4474    0.0858  -30.0548    0.0000    0.0002   101   102   103     3
   103    3.0163    0.0000    7.4045    0.0858  -30.0548    0.0000    0.0002   102   103   104     3
   104    3.0905    0.0000    7.3615    0.0858  -30.0548    0.0000    0.0002   103   104   105     3
   105    3.1648    0.0000    7.3186    0.0858  -30.0548    0.0000    0.0002   104   105   106     3
   106    3.2390    0.0000    7.2756    0.0858  -30.0548    0.0000    0.0002   105   106   107     3
   107    3.3132    0.0000    7.2327    0.0858  -30.0548    0.0000    0.0002   106   107   108     3
   108    3.3874    0.0000    7.1897    0.0858  -30.0548    0.0000    0.0002   107   108   109     3
   109    3.4617    0.0000    7.1468    0.0858  -30.0548    0.0000    0.0002   108   109   110     3
   110    3.5359    0.0000    7.1038    0.0858  -30.0548    0.0000    0.0002   109   110   111     3
   111    3.6101    0.0000    7.0609    0.0858  -30.0548    0.0000    0.0002   110   111   112     3
   112    3.6844    0.0000    7.0179    0.0858  -30.0548    0.0000    0.0002   111   112   113     3
   113    3.7586    0.0000    6.9750    0.0858  -30.0548    0.0000    0.0002   112   113   114     3
   114    3.8328    0.0000    6.9320    0.0858  -30.0548    0.0000    0.0002   113   114   115     3
   115    3.9071    0.0000    6.8891    0.0858  -30.0548    0.0000    0.0002   114   115   116     3
   116    3.9813    0.0000    6.8461    0.0858  -30.0548    0.0000    0.0002   115   116   117     3
   117    4.0555    0.0000    6.8032    0.0858  -30.0548    0.0000    0.0002   116   117   118     3
   118    4.1297    0.0000    6.7602    0.0858  -30.0548    0.0000    0.0002   117   118   119     3
   119    4.2040    0.0000    6.7173    0.0858  -30.0548    0.0000    0.0002   118   119   120     3
   120    4.2782    0.0000    6.6743    0.0858  -30.0548    0.0000    0.0002   119   120   121     3
   121    4.3524    0.0000    6.6314    0.0858  -30.0548    0.0000    0.0002   120   121   122     3
   122    4.4267    0.0000    6.5884    0.0858  -30.0548    0.0000    0.0002   121   122   123     3
   123    4.5009    0.0000    6.5455    0.0858  -30.0548    0.0000    0.0002   122   123     0     3



  DATA CARD No:   1 EK   0     0     0     0  0.00000E+00  0.00000E+00  0.00000E+00  0.00000E+00  0.00000E+00  0.00000E+00
  DATA CARD No:   2 LD   5     0     0     0  1.50000E+07  0.00000E+00  0.00000E+00  0.00000E+00  0.00000E+00  0.00000E+00
  DATA CARD No:   3 GN   2     0     0     0  1.30000E+01  5.00000E-03  0.00000E+00  0.00000E+00  0.00000E+00  0.00000E+00
  DATA CARD No:   4 FR   0     1     0     0  1.40500E+01  0.00000E+00  0.00000E+00  0.00000E+00  0.00000E+00  0.00000E+00
  DATA CARD No:   5 EX   0     2     1     0  1.00000E+00  0.00000E+00  0.00000E+00  0.00000E+00  0.00000E+00  0.00000E+00
  DATA CARD No:   6 PT  -1     0     0     0  0.00000E+00  0.00000E+00  0.00000E+00  0.00000E+00  0.00000E+00  0.00000E+00
  DATA CARD No:   7 RP   0    19    72  1001  0.00000E+00  0.00000E+00  5.00000E+00  5.00000E+00  1.00000E+03  0.00000E+00


                               --------- FREQUENCY --------
                                FREQUENCY : 1.4050E+01 MHz
                                WAVELENGTH: 2.1338E+01 Mtr

                        APPROXIMATE INTEGRATION EMPLOYED FOR SEGMENTS 
                        THAT ARE MORE THAN 1.000 WAVELENGTHS APART
                        THE EXTENDED THIN WIRE KERNEL WILL BE USED


                          ------ STRUCTURE IMPEDANCE LOADING ------
  LOCATION        RESISTANCE  INDUCTANCE  CAPACITANCE     IMPEDANCE (OHMS)   CONDUCTIVITY  CIRCUIT
  ITAG FROM THRU     OHMS       HENRYS      FARADS       REAL     IMAGINARY   MHOS/METER      TYPE
  ALL                                                                        1.5000E+07     WIRE  


                            -------- ANTENNA ENVIRONMENT --------
                            FINITE GROUND - SOMMERFELD SOLUTION
                            RELATIVE DIELECTRIC CONST: 13.000
                            CONDUCTIVITY:  5.000E-03 MHOS/METER
                            COMPLEX DIELECTRIC CONSTANT:  1.3000E+01-6.3972E+00j


                             ---------- MATRIX TIMING ----------
                               FILL: 10 msec  FACTOR: 10 msec


                        --------- ANTENNA INPUT PARAMETERS ---------
  TAG   SEG       VOLTAGE (VOLTS)         CURRENT (AMPS)         IMPEDANCE (OHMS)        ADMITTANCE (MHOS)     POWER
  No:   No:     REAL      IMAGINARY     REAL      IMAGINARY     REAL      IMAGINARY    REAL       IMAGINARY   (WATTS)
    2    62  1.0000E+00  0.0000E+00  1.5410E-02  4.5505E-07  6.4894E+01 -1.9163E-03  1.5410E-02  4.5505E-07  7.7049E-03


                               ---------- POWER BUDGET ---------
                               INPUT POWER   =  7.7049E-03 Watts
                               RADIATED POWER=  6.8969E-03 Watts
                               STRUCTURE LOSS=  8.0800E-04 Watts
                               NETWORK LOSS  =  0.0000E+00 Watts
                               EFFICIENCY    =   89.51 Percent


                             ---------- RADIATION PATTERNS -----------

                             RANGE:  1.000000E+03 METERS
                             EXP(-JKR)/R:  1.00000E-03 AT PHASE: -311.25 DEGREES

 ---- ANGLES -----     ----- POWER GAINS -----       ---- POLARIZATION ----   ---- E(THETA) ----    ----- E(PHI) ------
  THETA      PHI       VERTC    HORIZ    TOTAL       AXIAL      TILT  SENSE   MAGNITUDE    PHASE    MAGNITUDE     PHASE
 DEGREES   DEGREES        DB       DB       DB       RATIO   DEGREES            VOLTS/M   DEGREES     VOLTS/M   DEGREES
    0.00      0.00      1.58  -999.99     1.58      0.0000      0.00 LINEAR  8.1546E-04   -299.04  0.0000E+00   -311.25
    5.00      0.00      1.60  -999.99     1.60      0.0000      0.00 LINEAR  8.1700E-04   -299.21  0.0000E+00   -311.25
   10.00      0.00      1.64  -999.99     1.64      0.0000      0.00 LINEAR  8.2110E-04   -299.71  0.0000E+00   -311.25
   15.00      0.00      1.70  -999.99     1.70      0.0000      0.00 LINEAR  8.2621E-04   -300.49  0.0000E+00   -311.25
   20.00      0.00      1.73  -999.99     1.73      0.0000      0.00 LINEAR  8.2995E-04   -301.51  0.0000E+00   -311.25
   25.00      0.00      1.73  -999.99     1.73      0.0000      0.00 LINEAR  8.2933E-04   -302.72  0.0000E+00   -311.25
   30.00      0.00      1.64  -999.99     1.64      0.0000      0.00 LINEAR  8.2118E-04   -304.06  0.0000E+00   -311.25
   35.00      0.00      1.44  -999.99     1.44      0.0000      0.00 LINEAR  8.0255E-04   -305.52  0.0000E+00   -311.25
   40.00      0.00      1.10  -999.99     1.10      0.0000      0.00 LINEAR  7.7121E-04   -307.10  0.0000E+00   -311.25
   45.00      0.00      0.57  -999.99     0.57      0.0000      0.00 LINEAR  7.2610E-04   -308.83  0.0000E+00   -311.25
   50.00      0.00     -0.16  -999.99    -0.16      0.0000      0.00 LINEAR  6.6761E-04   -310.76  0.0000E+00   -311.25
   55.00      0.00     -1.12  -999.99    -1.12      0.0000      0.00 LINEAR  5.9771E-04   -312.95  0.0000E+00   -311.25
   60.00      0.00     -2.33  -999.99    -2.33      0.0000      0.00 LINEAR  5.1977E-04   -315.50  0.0000E+00   -311.25
   65.00      0.00     -3.82  -999.99    -3.82      0.0000      0.00 LINEAR  4.3803E-04   -318.50  0.0000E+00   -311.25
   70.00      0.00     -5.60  -999.99    -5.60      0.0000      0.00 LINEAR  3.5667E-04   -322.00  0.0000E+00   -311.25
   75.00      0.00     -7.76  -999.99    -7.76      0.0000      0.00 LINEAR  2.7832E-04   -325.95  0.0000E+00   -311.25
   80.00      0.00    -10.55  -999.99   -10.55      0.0000      0.00 LINEAR  2.0183E-04   -330.13  0.0000E+00   -311.25
   85.00      0.00    -15.20  -999.99   -15.20      0.0000      0.00 LINEAR  1.1812E-04   -334.19  0.0000E+00   -311.25
   90.00      0.00   -999.99  -999.99  -999.99      0.0000      0.00         9.0151E-15   -158.13  0.0000E+00   -311.25
    0.00      5.00      1.55   -19.61     1.58      0.0000     -5.00 LINEAR  8.1236E-04   -299.04  7.1072E-05   -479.04
    5.00      5.00      1.57   -19.53     1.60      0.0003     -5.04 LEFT    8.1390E-04   -299.21  7.1716E-05   -479.39
   10.00      5.00      1.61   -19.31     1.64      0.0011     -5.14 LEFT    8.1801E-04   -299.71  7.3626E-05   -480.40
   15.00      5.00      1.66   -18.95     1.70      0.0023     -5.32 LEFT    8.2315E-04   -300.49  7.6727E-05   -481.95
   20.00      5.00      1.70   -18.49     1.74      0.0040     -5.58 LEFT    8.2694E-04   -301.51  8.0877E-05   -483.85
   25.00      5.00      1.70   -17.97     1.74      0.0058     -5.92 LEFT    8.2640E-04   -302.72  8.5841E-05   -485.94
   30.00      5.00      1.61   -17.44     1.67      0.0077     -6.35 LEFT    8.1836E-04   -304.06  9.1277E-05   -488.05
   35.00      5.00      1.41   -16.93     1.48      0.0095     -6.87 LEFT    7.9988E-04   -305.52  9.6731E-05   -490.08
   40.00      5.00      1.07   -16.50     1.14      0.0110     -7.51 LEFT    7.6873E-04   -307.11  1.0164E-04   -131.95
   45.00      5.00      0.55   -16.19     0.64      0.0119     -8.25 LEFT    7.2384E-04   -308.84  1.0536E-04   -133.62
   50.00      5.00     -0.18   -16.04    -0.07      0.0118     -9.12 LEFT    6.6560E-04   -310.77  1.0718E-04   -135.07
   55.00      5.00     -1.14   -16.11    -1.01      0.0100    -10.11 LEFT    5.9596E-04   -312.96  1.0642E-04   -136.29
   60.00      5.00     -2.35   -16.44    -2.19      0.0059    -11.18 LEFT    5.1829E-04   -315.51  1.0244E-04   -137.28
   65.00      5.00     -3.84   -17.12    -3.64      0.0017    -12.24 RIGHT   4.3680E-04   -318.51  9.4737E-05   -138.05
   70.00      5.00     -5.63   -18.26    -5.39      0.0131    -13.12 RIGHT   3.5567E-04   -322.01  8.3014E-05   -138.61
   75.00      5.00     -7.78   -20.09    -7.53      0.0279    -13.53 RIGHT   2.7754E-04   -325.97  6.7243E-05   -138.96
   80.00      5.00    -10.57   -23.08   -10.33      0.0430    -13.12 RIGHT   2.0126E-04   -330.15  4.7704E-05   -139.11
   85.00      5.00    -15.22   -28.69   -15.03      0.0532    -11.61 RIGHT   1.1779E-04   -334.22  2.4994E-05   -139.07
   90.00      5.00   -999.99  -999.99  -999.99      0.0000      0.00         8.9894E-15   -158.16  1.5077E-15   -318.83
    0.00     10.00      1.45   -13.62     1.58      0.0000    -10.00 LINEAR  8.0307E-04   -299.04  1.4160E-04   -479.04
    5.00     10.00      1.47   -13.55     1.60      0.0005    -10.07 LEFT    8.0463E-04   -299.21  1.4289E-04   -479.39
   10.00     10.00      1.51   -13.32     1.65      0.0021    -10.28 LEFT    8.0877E-04   -299.71  1.4671E-04   -480.41
   15.00     10.00      1.57   -12.96     1.72      0.0046    -10.64 LEFT    8.1399E-04   -300.50  1.5292E-04   -481.95
   20.00     10.00      1.61   -12.50     1.77      0.0077    -11.14 LEFT    8.1792E-04   -301.52  1.6122E-04   -483.85
   25.00     10.00      1.60   -11.98     1.79      0.0113    -11.81 LEFT    8.1761E-04   -302.72  1.7116E-04   -485.94
   30.00     10.00      1.52   -11.44     1.74      0.0149    -12.64 LEFT    8.0990E-04   -304.07  1.8206E-04   -488.06
   35.00     10.00      1.33   -10.94     1.58      0.0183    -13.66 LEFT    7.9187E-04   -305.53  1.9299E-04   -490.09
   40.00     10.00      0.98   -10.50     1.28      0.0210    -14.88 LEFT    7.6128E-04   -307.12  2.0285E-04   -131.96
   45.00     10.00      0.46   -10.19     0.82      0.0225    -16.30 LEFT    7.1706E-04   -308.85  2.1034E-04   -133.63
   50.00     10.00     -0.26   -10.04     0.17      0.0220    -17.94 LEFT    6.5955E-04   -310.78  2.1406E-04   -135.07
   55.00     10.00     -1.22   -10.09    -0.69      0.0184    -19.77 LEFT    5.9070E-04   -312.98  2.1260E-04   -136.29
   60.00     10.00     -2.43   -10.42    -1.79      0.0105    -21.72 LEFT    5.1380E-04   -315.54  2.0470E-04   -137.29
   65.00     10.00     -3.91   -11.10    -3.16      0.0031    -23.62 RIGHT   4.3307E-04   -318.54  1.8935E-04   -138.06
   70.00     10.00     -5.70   -12.25    -4.83      0.0231    -25.18 RIGHT   3.5265E-04   -322.05  1.6595E-04   -138.62
   75.00     10.00     -7.85   -14.07    -6.92      0.0485    -25.93 RIGHT   2.7518E-04   -326.02  1.3445E-04   -138.97
   80.00     10.00    -10.65   -17.06    -9.75      0.0753    -25.29 RIGHT   1.9954E-04   -330.22  9.5394E-05   -139.12
   85.00     10.00    -15.30   -22.67   -14.57      0.0959    -22.66 RIGHT   1.1677E-04   -334.30  4.9985E-05   -139.08
   90.00     10.00   -999.99  -999.99  -999.99      0.0000      0.00         8.9119E-15   -158.24  3.0152E-15   -318.84
    0.00     15.00      1.28   -10.16     1.58      0.0000    -15.00 LINEAR  7.8767E-04   -299.04  2.1106E-04   -479.04
    5.00     15.00      1.30   -10.08     1.60      0.0008    -15.10 LEFT    7.8925E-04   -299.21  2.1299E-04   -479.39
   10.00     15.00      1.34    -9.85     1.66      0.0031    -15.41 LEFT    7.9345E-04   -299.71  2.1872E-04   -480.41
   15.00     15.00      1.40    -9.49     1.74      0.0067    -15.93 LEFT    7.9879E-04   -300.50  2.2803E-04   -481.95
   20.00     15.00      1.45    -9.02     1.82      0.0112    -16.66 LEFT    8.0294E-04   -301.52  2.4051E-04   -483.86
   25.00     15.00      1.45    -8.50     1.87      0.0162    -17.63 LEFT    8.0299E-04   -302.73  2.5545E-04   -485.95
   30.00     15.00      1.37    -7.96     1.85      0.0213    -18.83 LEFT    7.9581E-04   -304.08  2.7183E-04   -488.06
   35.00     15.00      1.18    -7.45     1.74      0.0258    -20.28 LEFT    7.7850E-04   -305.54  2.8831E-04   -490.09
   40.00     15.00      0.84    -7.01     1.50      0.0293    -21.99 LEFT    7.4883E-04   -307.13  3.0320E-04   -131.97
   45.00     15.00      0.33    -6.69     1.11      0.0309    -23.98 LEFT    7.0570E-04   -308.87  3.1456E-04   -133.63
   50.00     15.00     -0.40    -6.54     0.55      0.0296    -26.21 LEFT    6.4941E-04   -310.81  3.2028E-04   -135.08
   55.00     15.00     -1.35    -6.59    -0.21      0.0242    -28.66 LEFT    5.8185E-04   -313.01  3.1826E-04   -136.30
   60.00     15.00     -2.56    -6.92    -1.20      0.0133    -31.19 LEFT    5.0627E-04   -315.58  3.0657E-04   -137.30
   65.00     15.00     -4.04    -7.59    -2.45      0.0042    -33.61 RIGHT   4.2680E-04   -318.59  2.8369E-04   -138.07
   70.00     15.00     -5.83    -8.73    -4.03      0.0289    -35.57 RIGHT   3.4757E-04   -322.12  2.4872E-04   -138.63
   75.00     15.00     -7.98   -10.56    -6.07      0.0596    -36.56 RIGHT   2.7121E-04   -326.11  2.0155E-04   -138.98
   80.00     15.00    -10.77   -13.54    -8.93      0.0932    -35.87 RIGHT   1.9664E-04   -330.32  1.4303E-04   -139.13
   85.00     15.00    -15.43   -19.15   -13.89      0.1228    -32.69 RIGHT   1.1507E-04   -334.42  7.4957E-05   -139.09
   90.00     15.00   -999.99  -999.99  -999.99      0.0000      0.00         8.7814E-15   -158.37  4.5217E-15   -318.85
    0.00     20.00      1.04    -7.74     1.58      0.0000    -20.00 LINEAR  7.6628E-04   -299.04  2.7890E-04   -479.04
    5.00     20.00      1.06    -7.66     1.61      0.0010    -20.13 LEFT    7.6787E-04   -299.21  2.8148E-04   -479.39
   10.00     20.00      1.11    -7.42     1.68      0.0040    -20.53 LEFT    7.7214E-04   -299.71  2.8912E-04   -480.41
   15.00     20.00      1.17    -7.06     1.78      0.0085    -21.19 LEFT    7.7763E-04   -300.50  3.0155E-04   -481.96
   20.00     20.00      1.22    -6.59     1.88      0.0142    -22.13 LEFT    7.8206E-04   -301.53  3.1820E-04   -483.86
   25.00     20.00      1.22    -6.06     1.97      0.0204    -23.35 LEFT    7.8257E-04   -302.74  3.3816E-04   -485.95
   30.00     20.00      1.15    -5.52     2.00      0.0265    -24.86 LEFT    7.7610E-04   -304.09  3.6008E-04   -488.07
   35.00     20.00      0.97    -5.00     1.95      0.0318    -26.66 LEFT    7.5976E-04   -305.56  3.8218E-04   -490.10
   40.00     20.00      0.64    -4.56     1.78      0.0355    -28.76 LEFT    7.3134E-04   -307.16  4.0220E-04   -131.98
   45.00     20.00      0.13    -4.23     1.48      0.0367    -31.15 LEFT    6.8969E-04   -308.90  4.1756E-04   -133.65
   50.00     20.00     -0.59    -4.07     1.02      0.0343    -33.79 LEFT    6.3510E-04   -310.84  4.2545E-04   -135.09
   55.00     20.00     -1.54    -4.12     0.37      0.0272    -36.60 LEFT    5.6934E-04   -313.06  4.2304E-04   -136.31
   60.00     20.00     -2.74    -4.44    -0.50      0.0143    -39.44 LEFT    4.9559E-04   -315.63  4.0775E-04   -137.31
   65.00     20.00     -4.22    -5.11    -1.63      0.0051    -42.09 RIGHT   4.1791E-04   -318.67  3.7752E-04   -138.08
   70.00     20.00     -6.01    -6.25    -3.11      0.0312    -44.21 RIGHT   3.4036E-04   -322.21  3.3113E-04   -138.64
   75.00     20.00     -8.16    -8.07    -5.11      0.0632    -45.31 RIGHT   2.6557E-04   -326.22  2.6844E-04   -138.99
   80.00     20.00    -10.96   -11.05    -7.99      0.0992    -44.70 RIGHT   1.9253E-04   -330.47  1.9055E-04   -139.14
   85.00     20.00    -15.61   -16.66   -13.09      0.1350    -41.43 RIGHT   1.1265E-04   -334.59  9.9874E-05   -139.10
   90.00     20.00   -999.99  -999.99  -999.99      0.0000      0.00         8.5967E-15   -158.55  6.0251E-15   -318.86
    0.00     25.00      0.73    -5.90     1.58      0.0000    -25.00 LINEAR  7.3906E-04   -299.04  3.4463E-04   -479.04
    5.00     25.00      0.75    -5.82     1.61      0.0012    -25.16 LEFT    7.4066E-04   -299.21  3.4784E-04   -479.39
   10.00     25.00      0.80    -5.58     1.70      0.0047    -25.63 LEFT    7.4499E-04   -299.72  3.5739E-04   -480.41
   15.00     25.00      0.86    -5.21     1.82      0.0101    -26.41 LEFT    7.5064E-04   -300.51  3.7292E-04   -481.96
   20.00     25.00      0.92    -4.74     1.96      0.0167    -27.52 LEFT    7.5537E-04   -301.54  3.9375E-04   -483.87
   25.00     25.00      0.93    -4.21     2.09      0.0237    -28.95 LEFT    7.5643E-04   -302.75  4.1875E-04   -485.96
   30.00     25.00      0.86    -3.65     2.18      0.0305    -30.70 LEFT    7.5079E-04   -304.11  4.4626E-04   -488.08
   35.00     25.00      0.69    -3.13     2.20      0.0360    -32.76 LEFT    7.3563E-04   -305.59  4.7404E-04   -490.12
   40.00     25.00      0.36    -2.68     2.11      0.0395    -35.13 LEFT    7.0874E-04   -307.19  4.9932E-04   -131.99
   45.00     25.00     -0.14    -2.35     1.91      0.0399    -37.77 LEFT    6.6896E-04   -308.94  5.1884E-04   -133.66
   50.00     25.00     -0.85    -2.18     1.55      0.0364    -40.63 LEFT    6.1650E-04   -310.89  5.2910E-04   -135.11
   55.00     25.00     -1.79    -2.22     1.01      0.0281    -43.59 LEFT    5.5304E-04   -313.11  5.2652E-04   -136.33
   60.00     25.00     -2.99    -2.53     0.26      0.0141    -46.52 LEFT    4.8165E-04   -315.70  5.0787E-04   -137.32
   65.00     25.00     -4.47    -3.19    -0.78      0.0057    -49.19 RIGHT   4.0629E-04   -318.75  4.7053E-04   -138.10
   70.00     25.00     -6.25    -4.33    -2.17      0.0313    -51.30 RIGHT   3.3094E-04   -322.32  4.1294E-04   -138.66
   75.00     25.00     -8.41    -6.15    -4.12      0.0622    -52.43 RIGHT   2.5821E-04   -326.37  3.3491E-04   -139.01
   80.00     25.00    -11.20    -9.12    -7.03      0.0977    -51.93 RIGHT   1.8716E-04   -330.65  2.3781E-04   -139.16
   85.00     25.00    -15.86   -14.73   -12.25      0.1365    -48.85 RIGHT   1.0950E-04   -334.80  1.2467E-04   -139.12
   90.00     25.00   -999.99  -999.99  -999.99      0.0000      0.00         8.3555E-15   -158.76  7.5215E-15   -318.88
    0.00     30.00      0.33    -4.44     1.58      0.0000    -30.00 LINEAR  7.0621E-04   -299.04  4.0773E-04   -479.04
    5.00     30.00      0.35    -4.36     1.62      0.0014    -30.18 LEFT    7.0782E-04   -299.21  4.1158E-04   -479.40
   10.00     30.00      0.41    -4.12     1.72      0.0053    -30.71 LEFT    7.1220E-04   -299.72  4.2302E-04   -480.41
   15.00     30.00      0.48    -3.75     1.87      0.0113    -31.59 LEFT    7.1797E-04   -300.52  4.4163E-04   -481.97
   20.00     30.00      0.54    -3.27     2.05      0.0185    -32.83 LEFT    7.2302E-04   -301.55  4.6662E-04   -483.88
   25.00     30.00      0.56    -2.72     2.23      0.0261    -34.41 LEFT    7.2464E-04   -302.77  4.9666E-04   -485.97
   30.00     30.00      0.50    -2.16     2.38      0.0331    -36.33 LEFT    7.1993E-04   -304.13  5.2978E-04   -488.10
   35.00     30.00      0.33    -1.63     2.47      0.0385    -38.56 LEFT    7.0611E-04   -305.61  5.6332E-04   -490.13
   40.00     30.00      0.02    -1.17     2.47      0.0414    -41.08 LEFT    6.8100E-04   -307.22  5.9396E-04   -132.00
   45.00     30.00     -0.48    -0.83     2.36      0.0410    -43.83 LEFT    6.4342E-04   -308.98  6.1781E-04   -133.68
   50.00     30.00     -1.18    -0.65     2.10      0.0365    -46.74 LEFT    5.9350E-04   -310.94  6.3064E-04   -135.13
   55.00     30.00     -2.11    -0.68     1.67      0.0273    -49.70 LEFT    5.3283E-04   -313.17  6.2816E-04   -136.35
   60.00     30.00     -3.31    -0.99     1.01      0.0132    -52.56 LEFT    4.6433E-04   -315.78  6.0642E-04   -137.34
   65.00     30.00     -4.78    -1.65     0.07      0.0060    -55.13 RIGHT   3.9182E-04   -318.85  5.6225E-04   -138.12
   70.00     30.00     -6.56    -2.78    -1.26      0.0301    -57.14 RIGHT   3.1920E-04   -322.45  4.9376E-04   -138.67
   75.00     30.00     -8.72    -4.59    -3.17      0.0588    -58.23 RIGHT   2.4904E-04   -326.53  4.0066E-04   -139.03
   80.00     30.00    -11.52    -7.56    -6.09      0.0923    -57.85 RIGHT   1.8049E-04   -330.85  2.8461E-04   -139.18
   85.00     30.00    -16.17   -13.17   -11.41      0.1314    -55.08 RIGHT   1.0558E-04   -335.03  1.4924E-04   -139.14
   90.00     30.00   -999.99  -999.99  -999.99      0.0000      0.00         8.0561E-15   -159.01  9.0045E-15   -318.90
    0.00     35.00     -0.15    -3.25     1.58      0.0000    -35.00 LINEAR  6.6799E-04   -299.04  4.6773E-04   -479.04
    5.00     35.00     -0.13    -3.16     1.62      0.0015    -35.19 LEFT    6.6960E-04   -299.21  4.7221E-04   -479.40
   10.00     35.00     -0.07    -2.92     1.74      0.0058    -35.77 LEFT    6.7398E-04   -299.72  4.8550E-04   -480.42
   15.00     35.00      0.00    -2.54     1.92      0.0121    -36.72 LEFT    6.7985E-04   -300.52  5.0716E-04   -481.97
   20.00     35.00      0.07    -2.06     2.15      0.0197    -38.04 LEFT    6.8516E-04   -301.56  5.3627E-04   -483.89
   25.00     35.00      0.10    -1.51     2.38      0.0275    -39.73 LEFT    6.8735E-04   -302.78  5.7132E-04   -485.99
   30.00     35.00      0.05    -0.94     2.59      0.0343    -41.74 LEFT    6.8360E-04   -304.15  6.1004E-04   -488.11
   35.00     35.00     -0.11    -0.40     2.76      0.0393    -44.05 LEFT    6.7123E-04   -305.64  6.4937E-04   -490.15
   40.00     35.00     -0.41     0.07     2.85      0.0416    -46.61 LEFT    6.4810E-04   -307.25  6.8546E-04   -132.02
   45.00     35.00     -0.90     0.43     2.82      0.0403    -49.36 LEFT    6.1301E-04   -309.02  7.1378E-04   -133.69
   50.00     35.00     -1.59     0.61     2.66      0.0351    -52.21 LEFT    5.6602E-04   -310.99  7.2939E-04   -135.14
   55.00     35.00     -2.52     0.59     2.32      0.0256    -55.05 LEFT    5.0860E-04   -313.24  7.2727E-04   -136.37
   60.00     35.00     -3.71     0.29     1.75      0.0118    -57.75 LEFT    4.4350E-04   -315.86  7.0275E-04   -137.36
   65.00     35.00     -5.18    -0.36     0.88      0.0062    -60.14 RIGHT   3.7441E-04   -318.96  6.5212E-04   -138.14
   70.00     35.00     -6.96    -1.48    -0.40      0.0282    -62.00 RIGHT   3.0507E-04   -322.60  5.7308E-04   -138.70
   75.00     35.00     -9.11    -3.29    -2.28      0.0543    -63.03 RIGHT   2.3800E-04   -326.72  4.6529E-04   -139.05
   80.00     35.00    -11.91    -6.26    -5.21      0.0850    -62.75 RIGHT   1.7246E-04   -331.08  3.3066E-04   -139.20
   85.00     35.00    -16.57   -11.86   -10.60      0.1226    -60.32 RIGHT   1.0086E-04   -335.30  1.7343E-04   -139.16
   90.00     35.00   -999.99  -999.99  -999.99      0.0000      0.00         7.6958E-15   -159.29  1.0465E-14   -318.92
    0.00     40.00     -0.73    -2.26     1.58      0.0000    -40.00 LINEAR  6.2468E-04   -299.04  5.2417E-04   -479.04
    5.00     40.00     -0.71    -2.17     1.63      0.0016    -40.20 LEFT    6.2627E-04   -299.22  5.2925E-04   -479.40
   10.00     40.00     -0.65    -1.93     1.77      0.0060    -40.80 LEFT    6.3062E-04   -299.73  5.4437E-04   -480.42
   15.00     40.00     -0.57    -1.54     1.98      0.0126    -41.79 LEFT    6.3651E-04   -300.53  5.6901E-04   -481.98
   20.00     40.00     -0.50    -1.05     2.25      0.0203    -43.16 LEFT    6.4202E-04   -301.57  6.0216E-04   -483.90
   25.00     40.00     -0.46    -0.49     2.53      0.0279    -44.89 LEFT    6.4471E-04   -302.80  6.4214E-04   -486.00
   30.00     40.00     -0.50     0.09     2.81      0.0344    -46.92 LEFT    6.4191E-04   -304.17  6.8641E-04   -488.12
   35.00     40.00     -0.64     0.64     3.05      0.0388    -49.23 LEFT    6.3105E-04   -305.67  7.3151E-04   -490.16
   40.00     40.00     -0.94     1.12     3.22      0.0403    -51.75 LEFT    6.1004E-04   -307.29  7.7308E-04   -132.04
   45.00     40.00     -1.41     1.48     3.28      0.0384    -54.40 LEFT    5.7769E-04   -309.07  8.0598E-04   -133.71
   50.00     40.00     -2.10     1.68     3.20      0.0328    -57.10 LEFT    5.3398E-04   -311.05  8.2456E-04   -135.16
   55.00     40.00     -3.02     1.66     2.93      0.0234    -59.75 LEFT    4.8024E-04   -313.31  8.2305E-04   -136.39
   60.00     40.00     -4.20     1.37     2.44      0.0103    -62.24 LEFT    4.1908E-04   -315.95  7.9610E-04   -137.38
   65.00     40.00     -5.67     0.73     1.63      0.0063    -64.42 RIGHT   3.5395E-04   -319.08  7.3940E-04   -138.16
   70.00     40.00     -7.44    -0.38     0.40      0.0261    -66.11 RIGHT   2.8845E-04   -322.75  6.5027E-04   -138.72
   75.00     40.00     -9.60    -2.19    -1.46      0.0493    -67.06 RIGHT   2.2502E-04   -326.91  5.2828E-04   -139.07
   80.00     40.00    -12.40    -5.15    -4.40      0.0770    -66.86 RIGHT   1.6303E-04   -331.32  3.7558E-04   -139.22
   85.00     40.00    -17.06   -10.75    -9.84      0.1121    -64.76 RIGHT   9.5335E-05   -335.57  1.9704E-04   -139.18
   90.00     40.00   -999.99  -999.99  -999.99      0.0000      0.00         7.2735E-15   -159.58  1.1891E-14   -318.95
    0.00     45.00     -1.43    -1.43     1.58      0.0000    -45.00 LINEAR  5.7662E-04   -299.04  5.7662E-04   -479.04
    5.00     45.00     -1.41    -1.34     1.64      0.0016    -45.20 LEFT    5.7816E-04   -299.22  5.8229E-04   -479.40
   10.00     45.00     -1.34    -1.10     1.79      0.0061    -45.81 LEFT    5.8241E-04   -299.73  5.9916E-04   -480.42
   15.00     45.00     -1.26    -0.71     2.04      0.0126    -46.81 LEFT    5.8823E-04   -300.54  6.2668E-04   -481.99
   20.00     45.00     -1.17    -0.21     2.35      0.0202    -48.19 LEFT    5.9384E-04   -301.58  6.6376E-04   -483.91
   25.00     45.00     -1.13     0.36     2.69      0.0275    -49.89 LEFT    5.9694E-04   -302.82  7.0854E-04   -486.01
   30.00     45.00     -1.16     0.95     3.03      0.0334    -51.89 LEFT    5.9504E-04   -304.20  7.5824E-04   -488.14
   35.00     45.00     -1.29     1.51     3.34      0.0371    -54.12 LEFT    5.8569E-04   -305.70  8.0902E-04   -490.18
   40.00     45.00     -1.58     2.00     3.58      0.0380    -56.52 LEFT    5.6689E-04   -307.33  8.5604E-04   -132.06
   45.00     45.00     -2.04     2.38     3.72      0.0356    -59.01 LEFT    5.3747E-04   -309.12  8.9356E-04   -133.73
   50.00     45.00     -2.71     2.58     3.71      0.0298    -61.51 LEFT    4.9736E-04   -311.11  9.1523E-04   -135.18
   55.00     45.00     -3.63     2.58     3.51      0.0208    -63.94 LEFT    4.4773E-04   -313.39  9.1458E-04   -136.41
   60.00     45.00     -4.80     2.30     3.07      0.0087    -66.18 LEFT    3.9099E-04   -316.05  8.8554E-04   -137.40
   65.00     45.00     -6.27     1.66     2.31      0.0061    -68.14 RIGHT   3.3038E-04   -319.20  8.2321E-04   -138.18
   70.00     45.00     -8.04     0.56     1.12      0.0237    -69.65 RIGHT   2.6929E-04   -322.90  7.2454E-04   -138.74
   75.00     45.00    -10.20    -1.24    -0.72      0.0442    -70.51 RIGHT   2.1007E-04   -327.11  5.8898E-04   -139.09
   80.00     45.00    -13.00    -4.20    -3.67      0.0688    -70.36 RIGHT   1.5218E-04   -331.56  4.1893E-04   -139.24
   85.00     45.00    -17.66    -9.80    -9.15      0.1007    -68.58 RIGHT   8.8972E-05   -335.86  2.1984E-04   -139.20
   90.00     45.00   -999.99  -999.99  -999.99      0.0000      0.00         6.7878E-15   -159.88  1.3268E-14   -318.97
    0.00     50.00     -2.26    -0.73     1.58      0.0000    -50.00 LINEAR  5.2417E-04   -299.04  6.2468E-04   -479.04
    5.00     50.00     -2.23    -0.65     1.64      0.0016    -50.20 LEFT    5.2564E-04   -299.22  6.3091E-04   -479.40
   10.00     50.00     -2.17    -0.40     1.82      0.0059    -50.80 LEFT    5.2972E-04   -299.73  6.4945E-04   -480.43
   15.00     50.00     -2.07     0.00     2.10      0.0123    -51.78 LEFT    5.3536E-04   -300.54  6.7972E-04   -481.99
   20.00     50.00     -1.98     0.51     2.45      0.0195    -53.11 LEFT    5.4093E-04   -301.60  7.2054E-04   -483.92
   25.00     50.00     -1.93     1.08     2.84      0.0262    -54.75 LEFT    5.4432E-04   -302.84  7.6993E-04   -486.02
   30.00     50.00     -1.95     1.68     3.25      0.0315    -56.66 LEFT    5.4321E-04   -304.22  8.2485E-04   -488.16
   35.00     50.00     -2.07     2.25     3.62      0.0346    -58.76 LEFT    5.3532E-04   -305.73  8.8114E-04   -490.20
   40.00     50.00     -2.35     2.76     3.92      0.0349    -60.98 LEFT    5.1878E-04   -307.37  9.3349E-04   -132.08
   45.00     50.00     -2.80     3.14     4.12      0.0322    -63.26 LEFT    4.9245E-04   -309.16  9.7558E-04   -133.75
   50.00     50.00     -3.46     3.36     4.18      0.0266    -65.52 LEFT    4.5620E-04   -311.17  1.0004E-03   -135.20
   55.00     50.00     -4.37     3.36     4.04      0.0182    -67.69 LEFT    4.1106E-04   -313.46  1.0008E-03   -136.43
   60.00     50.00     -5.54     3.09     3.65      0.0073    -69.68 LEFT    3.5923E-04   -316.14  9.7003E-04   -137.42
   65.00     50.00     -7.00     2.46     2.93      0.0059    -71.41 RIGHT   3.0368E-04   -319.31  9.0257E-04   -138.20
   70.00     50.00     -8.77     1.36     1.76      0.0212    -72.74 RIGHT   2.4758E-04   -323.05  7.9500E-04   -138.76
   75.00     50.00    -10.93    -0.43    -0.06      0.0391    -73.51 RIGHT   1.9313E-04   -327.30  6.4665E-04   -139.11
   80.00     50.00    -13.73    -3.39    -3.00      0.0606    -73.41 RIGHT   1.3988E-04   -331.81  4.6015E-04   -139.27
   85.00     50.00    -18.39    -8.99    -8.52      0.0891    -71.90 RIGHT   8.1773E-05   -336.14  2.4154E-04   -139.22
   90.00     50.00   -999.99  -999.99  -999.99      0.0000      0.00         6.2381E-15   -160.18  1.4579E-14   -318.99
    0.00     55.00     -3.25    -0.15     1.58      0.0000    -55.00 LINEAR  4.6773E-04   -299.04  6.6799E-04   -479.04
    5.00     55.00     -3.22    -0.06     1.65      0.0015    -55.19 LEFT    4.6911E-04   -299.22  6.7474E-04   -479.40
   10.00     55.00     -3.15     0.19     1.84      0.0056    -55.76 LEFT    4.7293E-04   -299.74  6.9484E-04   -480.43
   15.00     55.00     -3.05     0.59     2.15      0.0116    -56.69 LEFT    4.7827E-04   -300.55  7.2767E-04   -482.00
   20.00     55.00     -2.96     1.11     2.54      0.0182    -57.94 LEFT    4.8364E-04   -301.61  7.7201E-04   -483.93
   25.00     55.00     -2.89     1.69     2.99      0.0243    -59.48 LEFT    4.8716E-04   -302.85  8.2572E-04   -486.04
   30.00     55.00     -2.90     2.30     3.44      0.0289    -61.24 LEFT    4.8671E-04   -304.25  8.8558E-04   -488.17
   35.00     55.00     -3.02     2.88     3.88      0.0313    -63.15 LEFT    4.8021E-04   -305.76  9.4710E-04   -490.21
   40.00     55.00     -3.28     3.39     4.24      0.0312    -65.16 LEFT    4.6593E-04   -307.41  1.0046E-03   -132.09
   45.00     55.00     -3.72     3.79     4.50      0.0285    -67.20 LEFT    4.4279E-04   -309.21  1.0511E-03   -133.77
   50.00     55.00     -4.38     4.01     4.60      0.0232    -69.20 LEFT    4.1063E-04   -311.22  1.0791E-03   -135.22
   55.00     55.00     -5.27     4.03     4.51      0.0156    -71.10 LEFT    3.7034E-04   -313.53  1.0807E-03   -136.45
   60.00     55.00     -6.44     3.76     4.16      0.0060    -72.84 LEFT    3.2387E-04   -316.23  1.0484E-03   -137.44
   65.00     55.00     -7.89     3.15     3.48      0.0055    -74.33 RIGHT   2.7392E-04   -319.43  9.7638E-04   -138.22
   70.00     55.00     -9.67     2.05     2.33      0.0187    -75.49 RIGHT   2.2336E-04   -323.20  8.6064E-04   -138.78
   75.00     55.00    -11.82     0.26     0.52      0.0341    -76.16 RIGHT   1.7423E-04   -327.49  7.0046E-04   -139.13
   80.00     55.00    -14.63    -2.69    -2.42      0.0526    -76.10 RIGHT   1.2618E-04   -332.04  4.9866E-04   -139.29
   85.00     55.00    -19.29    -8.29    -7.95      0.0775    -74.84 RIGHT   7.3751E-05   -336.41  2.6182E-04   -139.24
   90.00     55.00   -999.99  -999.99  -999.99      0.0000      0.00         5.6258E-15   -160.46  1.5804E-14   -319.01
    0.00     60.00     -4.44     0.33     1.58      0.0000    -60.00 LINEAR  4.0773E-04   -299.04  7.0621E-04   -479.04
    5.00     60.00     -4.41     0.42     1.66      0.0014    -60.18 LEFT    4.0898E-04   -299.22  7.1344E-04   -479.40
   10.00     60.00     -4.34     0.68     1.87      0.0052    -60.70 LEFT    4.1247E-04   -299.74  7.3496E-04   -480.43
   15.00     60.00     -4.24     1.09     2.20      0.0106    -61.55 LEFT    4.1737E-04   -300.56  7.7014E-04   -482.00
   20.00     60.00     -4.13     1.61     2.63      0.0165    -62.69 LEFT    4.2239E-04   -301.62  8.1769E-04   -483.94
   25.00     60.00     -4.06     2.20     3.12      0.0218    -64.08 LEFT    4.2586E-04   -302.87  8.7538E-04   -486.05
   30.00     60.00     -4.06     2.81     3.63      0.0257    -65.65 LEFT    4.2590E-04   -304.27  9.3978E-04   -488.18
   35.00     60.00     -4.17     3.41     4.11      0.0276    -67.35 LEFT    4.2068E-04   -305.79  1.0062E-03   -490.23
   40.00     60.00     -4.42     3.93     4.52      0.0272    -69.12 LEFT    4.0863E-04   -307.44  1.0684E-03   -132.11
   45.00     60.00     -4.85     4.33     4.83      0.0245    -70.89 LEFT    3.8876E-04   -309.25  1.1191E-03   -133.79
   50.00     60.00     -5.50     4.57     4.98      0.0198    -72.61 LEFT    3.6088E-04   -311.28  1.1501E-03   -135.24
   55.00     60.00     -6.39     4.59     4.92      0.0131    -74.24 LEFT    3.2575E-04   -313.59  1.1529E-03   -136.46
   60.00     60.00     -7.55     4.34     4.61      0.0048    -75.72 LEFT    2.8506E-04   -316.31  1.1196E-03   -137.46
   65.00     60.00     -9.00     3.72     3.95      0.0049    -76.99 RIGHT   2.4120E-04   -319.53  1.0435E-03   -138.24
   70.00     60.00    -10.77     2.63     2.83      0.0162    -77.97 RIGHT   1.9672E-04   -323.33  9.2043E-04   -138.80
   75.00     60.00    -12.93     0.85     1.03      0.0291    -78.54 RIGHT   1.5345E-04   -327.66  7.4954E-04   -139.15
   80.00     60.00    -15.73    -2.10    -1.91      0.0448    -78.51 RIGHT   1.1111E-04   -332.26  5.3381E-04   -139.31
   85.00     60.00    -20.40    -7.69    -7.47      0.0660    -77.48 RIGHT   6.4937E-05   -336.66  2.8035E-04   -139.26
   90.00     60.00   -999.99  -999.99  -999.99      0.0000      0.00         4.9532E-15   -160.73  1.6924E-14   -319.03
    0.00     65.00     -5.90     0.73     1.58      0.0000    -65.00 LINEAR  3.4463E-04   -299.04  7.3906E-04   -479.04
    5.00     65.00     -5.87     0.82     1.66      0.0012    -65.16 LEFT    3.4573E-04   -299.22  7.4671E-04   -479.40
   10.00     65.00     -5.79     1.08     1.89      0.0046    -65.62 LEFT    3.4879E-04   -299.74  7.6949E-04   -480.44
   15.00     65.00     -5.69     1.49     2.25      0.0093    -66.37 LEFT    3.5312E-04   -300.56  8.0674E-04   -482.01
   20.00     65.00     -5.58     2.01     2.71      0.0144    -67.36 LEFT    3.5762E-04   -301.63  8.5714E-04   -483.94
   25.00     65.00     -5.50     2.61     3.24      0.0189    -68.57 LEFT    3.6086E-04   -302.89  9.1837E-04   -486.06
   30.00     65.00     -5.49     3.24     3.78      0.0220    -69.93 LEFT    3.6124E-04   -304.29  9.8684E-04   -488.20
   35.00     65.00     -5.59     3.84     4.31      0.0234    -71.38 LEFT    3.5717E-04   -305.82  1.0576E-03   -490.24
   40.00     65.00     -5.83     4.37     4.77      0.0229    -72.88 LEFT    3.4729E-04   -307.47  1.1241E-03   -132.13
   45.00     65.00     -6.26     4.78     5.11      0.0205    -74.36 LEFT    3.3072E-04   -309.29  1.1786E-03   -133.80
   50.00     65.00     -6.90     5.03     5.30      0.0163    -75.81 LEFT    3.0728E-04   -311.32  1.2124E-03   -135.26
   55.00     65.00     -7.78     5.06     5.28      0.0107    -77.16 LEFT    2.7757E-04   -313.65  1.2165E-03   -136.48
   60.00     65.00     -8.93     4.81     4.99      0.0038    -78.39 LEFT    2.4305E-04   -316.38  1.1823E-03   -137.48
   65.00     65.00    -10.38     4.20     4.35      0.0043    -79.43 RIGHT   2.0573E-04   -319.62  1.1027E-03   -138.26
   70.00     65.00    -12.15     3.12     3.25      0.0135    -80.25 RIGHT   1.6782E-04   -323.45  9.7330E-04   -138.82
   75.00     65.00    -14.31     1.34     1.46      0.0242    -80.73 RIGHT   1.3090E-04   -327.82  7.9298E-04   -139.17
   80.00     65.00    -17.11    -1.61    -1.49      0.0371    -80.71 RIGHT   9.4778E-05   -332.45  5.6496E-04   -139.32
   85.00     65.00    -21.78    -7.20    -7.05      0.0547    -79.88 RIGHT   5.5386E-05   -336.89  2.9677E-04   -139.28
   90.00     65.00   -999.99  -999.99  -999.99      0.0000      0.00         4.2246E-15   -160.97  1.7917E-14   -319.05
    0.00     70.00     -7.74     1.04     1.58      0.0000    -70.00 LINEAR  2.7890E-04   -299.04  7.6628E-04   -479.04
    5.00     70.00     -7.71     1.13     1.67      0.0010    -70.13 LEFT    2.7982E-04   -299.22  7.7429E-04   -479.40
   10.00     70.00     -7.63     1.40     1.91      0.0038    -70.52 LEFT    2.8238E-04   -299.74  7.9813E-04   -480.44
   15.00     70.00     -7.52     1.81     2.29      0.0077    -71.14 LEFT    2.8602E-04   -300.57  8.3716E-04   -482.01
   20.00     70.00     -7.40     2.34     2.78      0.0119    -71.97 LEFT    2.8983E-04   -301.64  8.8999E-04   -483.95
   25.00     70.00     -7.32     2.95     3.34      0.0155    -72.97 LEFT    2.9267E-04   -302.90  9.5424E-04   -486.07
   30.00     70.00     -7.30     3.58     3.92      0.0180    -74.08 LEFT    2.9322E-04   -304.30  1.0262E-03   -488.21
   35.00     70.00     -7.39     4.19     4.48      0.0190    -75.27 LEFT    2.9016E-04   -305.84  1.1007E-03   -490.26
   40.00     70.00     -7.63     4.72     4.97      0.0184    -76.48 LEFT    2.8238E-04   -307.50  1.1709E-03   -132.14
   45.00     70.00     -8.05     5.14     5.35      0.0164    -77.68 LEFT    2.6914E-04   -309.32  1.2287E-03   -133.82
   50.00     70.00     -8.68     5.40     5.56      0.0130    -78.83 LEFT    2.5025E-04   -311.36  1.2650E-03   -135.27
   55.00     70.00     -9.56     5.43     5.57      0.0084    -79.91 LEFT    2.2621E-04   -313.70  1.2703E-03   -136.50
   60.00     70.00    -10.71     5.19     5.30      0.0029    -80.89 LEFT    1.9818E-04   -316.44  1.2354E-03   -137.49
   65.00     70.00    -12.15     4.59     4.68      0.0036    -81.72 RIGHT   1.6780E-04   -319.70  1.1530E-03   -138.27
   70.00     70.00    -13.92     3.51     3.59      0.0109    -82.37 RIGHT   1.3690E-04   -323.56  1.0182E-03   -138.83
   75.00     70.00    -16.08     1.73     1.81      0.0193    -82.75 RIGHT   1.0679E-04   -327.95  8.2993E-04   -139.19
   80.00     70.00    -18.88    -1.21    -1.13      0.0295    -82.74 RIGHT   7.7311E-05   -332.62  5.9147E-04   -139.34
   85.00     70.00    -23.55    -6.80    -6.71      0.0436    -82.10 RIGHT   4.5175E-05   -337.09  3.1076E-04   -139.30
   90.00     70.00   -999.99  -999.99  -999.99      0.0000      0.00         3.4456E-15   -161.18  1.8762E-14   -319.06
    0.00     75.00    -10.16     1.28     1.58      0.0000    -75.00 LINEAR  2.1106E-04   -299.04  7.8767E-04   -479.04
    5.00     75.00    -10.13     1.37     1.67      0.0008    -75.10 LEFT    2.1177E-04   -299.22  7.9597E-04   -479.40
   10.00     75.00    -10.05     1.64     1.92      0.0030    -75.40 LEFT    2.1375E-04   -299.75  8.2067E-04   -480.44
   15.00     75.00     -9.93     2.06     2.32      0.0060    -75.89 LEFT    2.1659E-04   -300.57  8.6111E-04   -482.02
   20.00     75.00     -9.81     2.59     2.83      0.0091    -76.53 LEFT    2.1959E-04   -301.65  9.1590E-04   -483.96
   25.00     75.00     -9.72     3.20     3.42      0.0119    -77.29 LEFT    2.2187E-04   -302.91  9.8259E-04   -486.08
   30.00     75.00     -9.70     3.84     4.03      0.0137    -78.14 LEFT    2.2243E-04   -304.32  1.0574E-03   -488.22
   35.00     75.00     -9.79     4.45     4.61      0.0144    -79.05 LEFT    2.2026E-04   -305.85  1.1348E-03   -490.26
   40.00     75.00    -10.02     5.00     5.13      0.0139    -79.96 LEFT    2.1451E-04   -307.52  1.2081E-03   -132.15
   45.00     75.00    -10.43     5.42     5.53      0.0123    -80.87 LEFT    2.0458E-04   -309.35  1.2686E-03   -133.83
   50.00     75.00    -11.06     5.68     5.77      0.0097    -81.73 LEFT    1.9035E-04   -311.39  1.3070E-03   -135.28
   55.00     75.00    -11.93     5.72     5.79      0.0062    -82.54 LEFT    1.7215E-04   -313.74  1.3132E-03   -136.51
   60.00     75.00    -13.07     5.48     5.54      0.0021    -83.27 LEFT    1.5088E-04   -316.49  1.2779E-03   -137.50
   65.00     75.00    -14.52     4.89     4.94      0.0027    -83.89 RIGHT   1.2779E-04   -319.77  1.1933E-03   -138.28
   70.00     75.00    -16.28     3.81     3.85      0.0082    -84.37 RIGHT   1.0427E-04   -323.64  1.0542E-03   -138.84
   75.00     75.00    -18.44     2.04     2.08      0.0145    -84.66 RIGHT   8.1336E-05   -328.06  8.5960E-04   -139.20
   80.00     75.00    -21.25    -0.90    -0.86      0.0221    -84.66 RIGHT   5.8880E-05   -332.75  6.1276E-04   -139.35
   85.00     75.00    -25.91    -6.49    -6.44      0.0326    -84.19 RIGHT   3.4403E-05   -337.24  3.2199E-04   -139.31
   90.00     75.00   -999.99  -999.99  -999.99      0.0000      0.00         2.6240E-15   -161.35  1.9442E-14   -319.07
    0.00     80.00    -13.62     1.45     1.58      0.0000    -80.00 LINEAR  1.4160E-04   -299.04  8.0307E-04   -479.04
    5.00     80.00    -13.60     1.54     1.67      0.0005    -80.07 LEFT    1.4209E-04   -299.22  8.1158E-04   -479.40
   10.00     80.00    -13.51     1.81     1.93      0.0020    -80.27 LEFT    1.4344E-04   -299.75  8.3690E-04   -480.44
   15.00     80.00    -13.40     2.23     2.34      0.0041    -80.60 LEFT    1.4539E-04   -300.58  8.7838E-04   -482.02
   20.00     80.00    -13.27     2.77     2.87      0.0062    -81.04 LEFT    1.4745E-04   -301.65  9.3461E-04   -483.96
   25.00     80.00    -13.18     3.38     3.48      0.0080    -81.56 LEFT    1.4905E-04   -302.92  1.0031E-03   -486.08
   30.00     80.00    -13.15     4.02     4.10      0.0092    -82.14 LEFT    1.4950E-04   -304.33  1.0799E-03   -488.22
   35.00     80.00    -13.23     4.64     4.71      0.0097    -82.74 LEFT    1.4812E-04   -305.87  1.1596E-03   -490.27
   40.00     80.00    -13.46     5.19     5.25      0.0093    -83.36 LEFT    1.4432E-04   -307.54  1.2351E-03   -132.16
   45.00     80.00    -13.87     5.62     5.67      0.0082    -83.96 LEFT    1.3772E-04   -309.37  1.2976E-03   -133.84
   50.00     80.00    -14.49     5.88     5.92      0.0064    -84.54 LEFT    1.2819E-04   -311.42  1.3375E-03   -135.29
   55.00     80.00    -15.36     5.93     5.96      0.0041    -85.08 LEFT    1.1598E-04   -313.77  1.3445E-03   -136.51
   60.00     80.00    -16.50     5.69     5.72      0.0013    -85.56 LEFT    1.0168E-04   -316.53  1.3090E-03   -137.51
   65.00     80.00    -17.94     5.10     5.12      0.0019    -85.97 RIGHT   8.6140E-05   -319.82  1.2227E-03   -138.29
   70.00     80.00    -19.71     4.03     4.05      0.0055    -86.29 RIGHT   7.0292E-05   -323.70  1.0806E-03   -138.85
   75.00     80.00    -21.87     2.26     2.27      0.0096    -86.48 RIGHT   5.4831E-05   -328.14  8.8130E-04   -139.21
   80.00     80.00    -24.67    -0.68    -0.66      0.0147    -86.48 RIGHT   3.9691E-05   -332.85  6.2835E-04   -139.36
   85.00     80.00    -29.34    -6.27    -6.25      0.0217    -86.18 RIGHT   2.3190E-05   -337.36  3.3022E-04   -139.32
   90.00     80.00   -999.99  -999.99  -999.99      0.0000      0.00         1.7688E-15   -161.48  1.9939E-14   -319.08
    0.00     85.00    -19.61     1.55     1.58      0.0000    -85.00 LINEAR  7.1072E-05   -299.04  8.1236E-04   -479.04
    5.00     85.00    -19.58     1.64     1.67      0.0003    -85.04 LEFT    7.1318E-05   -299.22  8.2099E-04   -479.40
   10.00     85.00    -19.50     1.91     1.94      0.0010    -85.14 LEFT    7.2006E-05   -299.75  8.4670E-04   -480.44
   15.00     85.00    -19.38     2.33     2.36      0.0021    -85.31 LEFT    7.2993E-05   -300.58  8.8881E-04   -482.02
   20.00     85.00    -19.26     2.87     2.90      0.0031    -85.53 LEFT    7.4048E-05   -301.65  9.4591E-04   -483.96
   25.00     85.00    -19.16     3.49     3.51      0.0040    -85.79 LEFT    7.4869E-05   -302.92  1.0155E-03   -486.08
   30.00     85.00    -19.13     4.13     4.15      0.0046    -86.08 LEFT    7.5117E-05   -304.33  1.0936E-03   -488.23
   35.00     85.00    -19.21     4.75     4.77      0.0048    -86.38 LEFT    7.4447E-05   -305.88  1.1746E-03   -490.28
   40.00     85.00    -19.43     5.30     5.32      0.0046    -86.69 LEFT    7.2562E-05   -307.55  1.2515E-03   -132.16
   45.00     85.00    -19.84     5.73     5.75      0.0041    -86.99 LEFT    6.9261E-05   -309.38  1.3153E-03   -133.84
   50.00     85.00    -20.46     6.00     6.01      0.0032    -87.28 LEFT    6.4489E-05   -311.43  1.3561E-03   -135.29
   55.00     85.00    -21.32     6.05     6.06      0.0020    -87.55 LEFT    5.8362E-05   -313.79  1.3636E-03   -136.52
   60.00     85.00    -22.46     5.82     5.82      0.0006    -87.79 LEFT    5.1175E-05   -316.55  1.3279E-03   -137.52
   65.00     85.00    -23.90     5.23     5.23      0.0009    -88.00 RIGHT   4.3358E-05   -319.85  1.2407E-03   -138.30
   70.00     85.00    -25.67     4.16     4.16      0.0027    -88.16 RIGHT   3.5383E-05   -323.74  1.0967E-03   -138.86
   75.00     85.00    -27.83     2.39     2.39      0.0048    -88.25 RIGHT   2.7600E-05   -328.19  8.9454E-04   -139.21
   80.00     85.00    -30.63    -0.55    -0.55      0.0073    -88.26 RIGHT   1.9979E-05   -332.91  6.3786E-04   -139.37
   85.00     85.00    -35.30    -6.14    -6.13      0.0108    -88.10 RIGHT   1.1673E-05   -337.43  3.3524E-04   -139.32
   90.00     85.00   -999.99  -999.99  -999.99      0.0000      0.00         8.9025E-16   -161.54  2.0243E-14   -319.09
    0.00     90.00   -999.99     1.58     1.58      0.0000     90.00 LINEAR  4.1616E-15   -479.04  8.1546E-04   -479.04
    5.00     90.00   -999.99     1.67     1.67      0.0000    -90.00 LINEAR  1.3242E-14   -221.58  8.2414E-04   -479.40
   10.00     90.00   -999.99     1.94     1.94      0.0000    -90.00 LINEAR  2.6756E-14   -230.74  8.4997E-04   -480.44
   15.00     90.00   -999.99     2.36     2.36      0.0000    -90.00 LINEAR  3.8661E-14   -234.95  8.9230E-04   -482.02
   20.00     90.00   -999.99     2.91     2.91      0.0000    -90.00 LINEAR  4.7984E-14   -238.86  9.4969E-04   -483.96
   25.00     90.00   -999.99     3.52     3.52      0.0000    -90.00 LINEAR  5.4019E-14   -243.71  1.0196E-03   -486.09
   30.00     90.00   -999.99     4.17     4.17      0.0000    -90.00 LINEAR  5.6426E-14   -250.55  1.0981E-03   -488.23
   35.00     90.00   -999.99     4.79     4.79      0.0000    -90.00 LINEAR  5.5634E-14   -260.82  1.1797E-03   -490.28
   40.00     90.00   -999.99     5.34     5.34      0.0000    -90.00 LINEAR  5.3578E-14   -276.45  1.2570E-03   -132.16
   45.00     90.00   -999.99     5.77     5.77      0.0000    -90.00 LINEAR  5.4417E-14   -298.06  1.3212E-03   -133.84
   50.00     90.00   -999.99     6.04     6.04      0.0000    -90.00 LINEAR  6.2844E-14   -321.14  1.3623E-03   -135.30
   55.00     90.00   -198.64     6.09     6.09      0.0000    -90.00 LINEAR  7.9474E-14   -339.37  1.3700E-03   -136.52
   60.00     90.00   -196.60     5.86     5.86      0.0000    -90.00 LINEAR  1.0056E-13   -351.63  1.3342E-03   -137.52
   65.00     90.00   -194.99     5.27     5.27      0.0000    -90.00 LINEAR  1.2107E-13   -359.67  1.2467E-03   -138.30
   70.00     90.00   -193.99     4.20     4.20      0.0000    -90.00 LINEAR  1.3572E-13   -365.16  1.1020E-03   -138.86
   75.00     90.00   -193.79     2.43     2.43      0.0000    -90.00 LINEAR  1.3894E-13   -369.14  8.9899E-04   -139.21
   80.00     90.00   -194.76    -0.51    -0.51      0.0000    -90.00 LINEAR  1.2432E-13   -372.29  6.4106E-04   -139.37
   85.00     90.00   -198.24    -6.10    -6.10      0.0000    -90.00 LINEAR  8.3203E-14   -375.19  3.3693E-04   -139.33
   90.00     90.00   -999.99  -999.99  -999.99      0.0000      0.00         1.2672E-20   -240.99  2.0345E-14   -319.09
    0.00     95.00    -19.61     1.55     1.58      0.0000     85.00 LINEAR  7.1072E-05   -479.04  8.1236E-04   -479.04
    5.00     95.00    -19.58     1.64     1.67      0.0003     85.04 RIGHT   7.1318E-05   -479.22  8.2099E-04   -479.40
   10.00     95.00    -19.50     1.91     1.94      0.0010     85.14 RIGHT   7.2006E-05   -479.75  8.4670E-04   -480.44
   15.00     95.00    -19.38     2.33     2.36      0.0021     85.31 RIGHT   7.2993E-05   -480.58  8.8881E-04   -482.02
   20.00     95.00    -19.26     2.87     2.90      0.0031     85.53 RIGHT   7.4048E-05   -481.65  9.4591E-04   -483.96
   25.00     95.00    -19.16     3.49     3.51      0.0040     85.79 RIGHT   7.4869E-05   -482.92  1.0155E-03   -486.08
   30.00     95.00    -19.13     4.13     4.15      0.0046     86.08 RIGHT   7.5117E-05   -484.33  1.0936E-03   -488.23
   35.00     95.00    -19.21     4.75     4.77      0.0048     86.38 RIGHT   7.4447E-05   -485.88  1.1746E-03   -490.28
   40.00     95.00    -19.43     5.30     5.32      0.0046     86.69 RIGHT   7.2562E-05   -487.55  1.2515E-03   -132.16
   45.00     95.00    -19.84     5.73     5.75      0.0041     86.99 RIGHT   6.9261E-05   -489.38  1.3153E-03   -133.84
   50.00     95.00    -20.46     6.00     6.01      0.0032     87.28 RIGHT   6.4489E-05   -131.43  1.3561E-03   -135.29
   55.00     95.00    -21.32     6.05     6.06      0.0020     87.55 RIGHT   5.8362E-05   -133.79  1.3636E-03   -136.52
   60.00     95.00    -22.46     5.82     5.82      0.0006     87.79 RIGHT   5.1175E-05   -136.55  1.3279E-03   -137.52
   65.00     95.00    -23.90     5.23     5.23      0.0009     88.00 LEFT    4.3358E-05   -139.85  1.2407E-03   -138.30
   70.00     95.00    -25.67     4.16     4.16      0.0027     88.16 LEFT    3.5383E-05   -143.74  1.0967E-03   -138.86
   75.00     95.00    -27.83     2.39     2.39      0.0048     88.25 LEFT    2.7600E-05   -148.19  8.9454E-04   -139.21
   80.00     95.00    -30.63    -0.55    -0.55      0.0073     88.26 LEFT    1.9979E-05   -152.91  6.3786E-04   -139.37
   85.00     95.00    -35.30    -6.14    -6.13      0.0108     88.10 LEFT    1.1673E-05   -157.43  3.3524E-04   -139.32
   90.00     95.00   -999.99  -999.99  -999.99      0.0000      0.00         8.9024E-16   -341.54  2.0243E-14   -319.09
    0.00    100.00    -13.62     1.45     1.58      0.0000     80.00 LINEAR  1.4160E-04   -479.04  8.0307E-04   -479.04
    5.00    100.00    -13.60     1.54     1.67      0.0005     80.07 RIGHT   1.4209E-04   -479.22  8.1158E-04   -479.40
   10.00    100.00    -13.51     1.81     1.93      0.0020     80.27 RIGHT   1.4344E-04   -479.75  8.3690E-04   -480.44
   15.00    100.00    -13.40     2.23     2.34      0.0041     80.60 RIGHT   1.4539E-04   -480.58  8.7838E-04   -482.02
   20.00    100.00    -13.27     2.77     2.87      0.0062     81.04 RIGHT   1.4745E-04   -481.65  9.3461E-04   -483.96
   25.00    100.00    -13.18     3.38     3.48      0.0080     81.56 RIGHT   1.4905E-04   -482.92  1.0031E-03   -486.08
   30.00    100.00    -13.15     4.02     4.10      0.0092     82.14 RIGHT   1.4950E-04   -484.33  1.0799E-03   -488.22
   35.00    100.00    -13.23     4.64     4.71      0.0097     82.74 RIGHT   1.4812E-04   -485.87  1.1596E-03   -490.27
   40.00    100.00    -13.46     5.19     5.25      0.0093     83.36 RIGHT   1.4432E-04   -487.54  1.2351E-03   -132.16
   45.00    100.00    -13.87     5.62     5.67      0.0082     83.96 RIGHT   1.3772E-04   -489.37  1.2976E-03   -133.84
   50.00    100.00    -14.49     5.88     5.92      0.0064     84.54 RIGHT   1.2819E-04   -131.42  1.3375E-03   -135.29
   55.00    100.00    -15.36     5.93     5.96      0.0041     85.08 RIGHT   1.1598E-04   -133.77  1.3445E-03   -136.51
   60.00    100.00    -16.50     5.69     5.72      0.0013     85.56 RIGHT   1.0168E-04   -136.53  1.3090E-03   -137.51
   65.00    100.00    -17.94     5.10     5.12      0.0019     85.97 LEFT    8.6140E-05   -139.82  1.2227E-03   -138.29
   70.00    100.00    -19.71     4.03     4.05      0.0055     86.29 LEFT    7.0292E-05   -143.70  1.0806E-03   -138.85
   75.00    100.00    -21.87     2.26     2.27      0.0096     86.48 LEFT    5.4831E-05   -148.14  8.8130E-04   -139.21
   80.00    100.00    -24.67    -0.68    -0.66      0.0147     86.48 LEFT    3.9691E-05   -152.85  6.2835E-04   -139.36
   85.00    100.00    -29.34    -6.27    -6.25      0.0217     86.18 LEFT    2.3190E-05   -157.36  3.3022E-04   -139.32
   90.00    100.00   -999.99  -999.99  -999.99      0.0000      0.00         1.7688E-15   -341.47  1.9939E-14   -319.08
    0.00    105.00    -10.16     1.28     1.58      0.0000     75.00 LINEAR  2.1106E-04   -479.04  7.8767E-04   -479.04
    5.00    105.00    -10.13     1.37     1.67      0.0008     75.10 RIGHT   2.1177E-04   -479.22  7.9597E-04   -479.40
   10.00    105.00    -10.05     1.64     1.92      0.0030     75.40 RIGHT   2.1375E-04   -479.75  8.2067E-04   -480.44
   15.00    105.00     -9.93     2.06     2.32      0.0060     75.89 RIGHT   2.1659E-04   -480.57  8.6111E-04   -482.02
   20.00    105.00     -9.81     2.59     2.83      0.0091     76.53 RIGHT   2.1959E-04   -481.65  9.1590E-04   -483.96
   25.00    105.00     -9.72     3.20     3.42      0.0119     77.29 RIGHT   2.2187E-04   -482.91  9.8259E-04   -486.08
   30.00    105.00     -9.70     3.84     4.03      0.0137     78.14 RIGHT   2.2243E-04   -484.32  1.0574E-03   -488.22
   35.00    105.00     -9.79     4.45     4.61      0.0144     79.05 RIGHT   2.2026E-04   -485.85  1.1348E-03   -490.26
   40.00    105.00    -10.02     5.00     5.13      0.0139     79.96 RIGHT   2.1451E-04   -487.52  1.2081E-03   -132.15
   45.00    105.00    -10.43     5.42     5.53      0.0123     80.87 RIGHT   2.0458E-04   -489.35  1.2686E-03   -133.83
   50.00    105.00    -11.06     5.68     5.77      0.0097     81.73 RIGHT   1.9035E-04   -131.39  1.3070E-03   -135.28
   55.00    105.00    -11.93     5.72     5.79      0.0062     82.54 RIGHT   1.7215E-04   -133.74  1.3132E-03   -136.51
   60.00    105.00    -13.07     5.48     5.54      0.0021     83.27 RIGHT   1.5088E-04   -136.49  1.2779E-03   -137.50
   65.00    105.00    -14.52     4.89     4.94      0.0027     83.89 LEFT    1.2779E-04   -139.77  1.1933E-03   -138.28
   70.00    105.00    -16.28     3.81     3.85      0.0082     84.37 LEFT    1.0427E-04   -143.64  1.0542E-03   -138.84
   75.00    105.00    -18.44     2.04     2.08      0.0145     84.66 LEFT    8.1336E-05   -148.06  8.5960E-04   -139.20
   80.00    105.00    -21.25    -0.90    -0.86      0.0221     84.66 LEFT    5.8880E-05   -152.75  6.1276E-04   -139.35
   85.00    105.00    -25.91    -6.49    -6.44      0.0326     84.19 LEFT    3.4403E-05   -157.24  3.2199E-04   -139.31
   90.00    105.00   -999.99  -999.99  -999.99      0.0000      0.00         2.6240E-15   -341.35  1.9442E-14   -319.08
    0.00    110.00     -7.74     1.04     1.58      0.0000     70.00 LINEAR  2.7890E-04   -479.04  7.6628E-04   -479.04
    5.00    110.00     -7.71     1.13     1.67      0.0010     70.13 RIGHT   2.7982E-04   -479.22  7.7429E-04   -479.40
   10.00    110.00     -7.63     1.40     1.91      0.0038     70.52 RIGHT   2.8238E-04   -479.74  7.9813E-04   -480.44
   15.00    110.00     -7.52     1.81     2.29      0.0077     71.14 RIGHT   2.8602E-04   -480.57  8.3716E-04   -482.01
   20.00    110.00     -7.40     2.34     2.78      0.0119     71.97 RIGHT   2.8983E-04   -481.64  8.8999E-04   -483.95
   25.00    110.00     -7.32     2.95     3.34      0.0155     72.97 RIGHT   2.9267E-04   -482.90  9.5424E-04   -486.07
   30.00    110.00     -7.30     3.58     3.92      0.0180     74.08 RIGHT   2.9322E-04   -484.30  1.0262E-03   -488.21
   35.00    110.00     -7.39     4.19     4.48      0.0190     75.27 RIGHT   2.9016E-04   -485.84  1.1007E-03   -490.26
   40.00    110.00     -7.63     4.72     4.97      0.0184     76.48 RIGHT   2.8238E-04   -487.50  1.1709E-03   -132.14
   45.00    110.00     -8.05     5.14     5.35      0.0164     77.68 RIGHT   2.6914E-04   -489.32  1.2287E-03   -133.82
   50.00    110.00     -8.68     5.40     5.56      0.0130     78.83 RIGHT   2.5025E-04   -131.36  1.2650E-03   -135.27
   55.00    110.00     -9.56     5.43     5.57      0.0084     79.91 RIGHT   2.2621E-04   -133.70  1.2703E-03   -136.50
   60.00    110.00    -10.71     5.19     5.30      0.0029     80.89 RIGHT   1.9818E-04   -136.44  1.2354E-03   -137.49
   65.00    110.00    -12.15     4.59     4.68      0.0036     81.72 LEFT    1.6780E-04   -139.70  1.1530E-03   -138.27
   70.00    110.00    -13.92     3.51     3.59      0.0109     82.37 LEFT    1.3690E-04   -143.56  1.0182E-03   -138.83
   75.00    110.00    -16.08     1.73     1.81      0.0193     82.75 LEFT    1.0679E-04   -147.95  8.2993E-04   -139.19
   80.00    110.00    -18.88    -1.21    -1.13      0.0295     82.74 LEFT    7.7311E-05   -152.62  5.9147E-04   -139.34
   85.00    110.00    -23.55    -6.80    -6.71      0.0436     82.10 LEFT    4.5175E-05   -157.09  3.1076E-04   -139.30
   90.00    110.00   -999.99  -999.99  -999.99      0.0000      0.00         3.4456E-15   -341.18  1.8762E-14   -319.06
    0.00    115.00     -5.90     0.73     1.58      0.0000     65.00 LINEAR  3.4463E-04   -479.04  7.3906E-04   -479.04
    5.00    115.00     -5.87     0.82     1.66      0.0012     65.16 RIGHT   3.4573E-04   -479.22  7.4671E-04   -479.40
   10.00    115.00     -5.79     1.08     1.89      0.0046     65.62 RIGHT   3.4879E-04   -479.74  7.6949E-04   -480.44
   15.00    115.00     -5.69     1.49     2.25      0.0093     66.37 RIGHT   3.5312E-04   -480.56  8.0674E-04   -482.01
   20.00    115.00     -5.58     2.01     2.71      0.0144     67.36 RIGHT   3.5762E-04   -481.63  8.5714E-04   -483.94
   25.00    115.00     -5.50     2.61     3.24      0.0189     68.57 RIGHT   3.6086E-04   -482.89  9.1837E-04   -486.06
   30.00    115.00     -5.49     3.24     3.78      0.0220     69.93 RIGHT   3.6124E-04   -484.29  9.8684E-04   -488.20
   35.00    115.00     -5.59     3.84     4.31      0.0234     71.38 RIGHT   3.5717E-04   -485.82  1.0576E-03   -490.24
   40.00    115.00     -5.83     4.37     4.77      0.0229     72.88 RIGHT   3.4729E-04   -487.47  1.1241E-03   -132.13
   45.00    115.00     -6.26     4.78     5.11      0.0205     74.36 RIGHT   3.3072E-04   -489.29  1.1786E-03   -133.80
   50.00    115.00     -6.90     5.03     5.30      0.0163     75.81 RIGHT   3.0728E-04   -131.32  1.2124E-03   -135.26
   55.00    115.00     -7.78     5.06     5.28      0.0107     77.16 RIGHT   2.7757E-04   -133.65  1.2165E-03   -136.48
   60.00    115.00     -8.93     4.81     4.99      0.0038     78.39 RIGHT   2.4305E-04   -136.38  1.1823E-03   -137.48
   65.00    115.00    -10.38     4.20     4.35      0.0043     79.43 LEFT    2.0573E-04   -139.62  1.1027E-03   -138.26
   70.00    115.00    -12.15     3.12     3.25      0.0135     80.25 LEFT    1.6782E-04   -143.45  9.7330E-04   -138.82
   75.00    115.00    -14.31     1.34     1.46      0.0242     80.73 LEFT    1.3090E-04   -147.82  7.9298E-04   -139.17
   80.00    115.00    -17.11    -1.61    -1.49      0.0371     80.71 LEFT    9.4778E-05   -152.45  5.6496E-04   -139.32
   85.00    115.00    -21.78    -7.20    -7.05      0.0547     79.88 LEFT    5.5386E-05   -156.89  2.9677E-04   -139.28
   90.00    115.00   -999.99  -999.99  -999.99      0.0000      0.00         4.2247E-15   -340.97  1.7917E-14   -319.05
    0.00    120.00     -4.44     0.33     1.58      0.0000     60.00 LINEAR  4.0773E-04   -479.04  7.0621E-04   -479.04
    5.00    120.00     -4.41     0.42     1.66      0.0014     60.18 RIGHT   4.0898E-04   -479.22  7.1344E-04   -479.40
   10.00    120.00     -4.34     0.68     1.87      0.0052     60.70 RIGHT   4.1247E-04   -479.74  7.3496E-04   -480.43
   15.00    120.00     -4.24     1.09     2.20      0.0106     61.55 RIGHT   4.1737E-04   -480.56  7.7014E-04   -482.00
   20.00    120.00     -4.13     1.61     2.63      0.0165     62.69 RIGHT   4.2239E-04   -481.62  8.1769E-04   -483.94
   25.00    120.00     -4.06     2.20     3.12      0.0218     64.08 RIGHT   4.2586E-04   -482.87  8.7538E-04   -486.05
   30.00    120.00     -4.06     2.81     3.63      0.0257     65.65 RIGHT   4.2590E-04   -484.27  9.3978E-04   -488.18
   35.00    120.00     -4.17     3.41     4.11      0.0276     67.35 RIGHT   4.2068E-04   -485.79  1.0062E-03   -490.23
   40.00    120.00     -4.42     3.93     4.52      0.0272     69.12 RIGHT   4.0863E-04   -487.44  1.0684E-03   -132.11
   45.00    120.00     -4.85     4.33     4.83      0.0245     70.89 RIGHT   3.8876E-04   -489.25  1.1191E-03   -133.79
   50.00    120.00     -5.50     4.57     4.98      0.0198     72.61 RIGHT   3.6088E-04   -131.28  1.1501E-03   -135.24
   55.00    120.00     -6.39     4.59     4.92      0.0131     74.24 RIGHT   3.2575E-04   -133.59  1.1529E-03   -136.46
   60.00    120.00     -7.55     4.34     4.61      0.0048     75.72 RIGHT   2.8506E-04   -136.31  1.1196E-03   -137.46
   65.00    120.00     -9.00     3.72     3.95      0.0049     76.99 LEFT    2.4120E-04   -139.53  1.0435E-03   -138.24
   70.00    120.00    -10.77     2.63     2.83      0.0162     77.97 LEFT    1.9672E-04   -143.33  9.2043E-04   -138.80
   75.00    120.00    -12.93     0.85     1.03      0.0291     78.54 LEFT    1.5345E-04   -147.66  7.4954E-04   -139.15
   80.00    120.00    -15.73    -2.10    -1.91      0.0448     78.51 LEFT    1.1111E-04   -152.26  5.3381E-04   -139.31
   85.00    120.00    -20.40    -7.69    -7.47      0.0660     77.48 LEFT    6.4937E-05   -156.66  2.8035E-04   -139.26
   90.00    120.00   -999.99  -999.99  -999.99      0.0000      0.00         4.9532E-15   -340.73  1.6924E-14   -319.03
    0.00    125.00     -3.25    -0.15     1.58      0.0000     55.00 LINEAR  4.6773E-04   -479.04  6.6799E-04   -479.04
    5.00    125.00     -3.22    -0.06     1.65      0.0015     55.19 RIGHT   4.6911E-04   -479.22  6.7474E-04   -479.40
   10.00    125.00     -3.15     0.19     1.84      0.0056     55.76 RIGHT   4.7293E-04   -479.74  6.9484E-04   -480.43
   15.00    125.00     -3.05     0.59     2.15      0.0116     56.69 RIGHT   4.7827E-04   -480.55  7.2767E-04   -482.00
   20.00    125.00     -2.96     1.11     2.54      0.0182     57.94 RIGHT   4.8364E-04   -481.61  7.7201E-04   -483.93
   25.00    125.00     -2.89     1.69     2.99      0.0243     59.48 RIGHT   4.8716E-04   -482.85  8.2572E-04   -486.04
   30.00    125.00     -2.90     2.30     3.44      0.0289     61.24 RIGHT   4.8671E-04   -484.25  8.8558E-04   -488.17
   35.00    125.00     -3.02     2.88     3.88      0.0313     63.15 RIGHT   4.8021E-04   -485.76  9.4710E-04   -490.21
   40.00    125.00     -3.28     3.39     4.24      0.0312     65.16 RIGHT   4.6593E-04   -487.41  1.0046E-03   -132.09
   45.00    125.00     -3.72     3.79     4.50      0.0285     67.20 RIGHT   4.4279E-04   -489.21  1.0511E-03   -133.77
   50.00    125.00     -4.38     4.01     4.60      0.0232     69.20 RIGHT   4.1063E-04   -491.22  1.0791E-03   -135.22
   55.00    125.00     -5.27     4.03     4.51      0.0156     71.10 RIGHT   3.7034E-04   -133.53  1.0807E-03   -136.45
   60.00    125.00     -6.44     3.76     4.16      0.0060     72.84 RIGHT   3.2387E-04   -136.23  1.0484E-03   -137.44
   65.00    125.00     -7.89     3.15     3.48      0.0055     74.33 LEFT    2.7392E-04   -139.43  9.7638E-04   -138.22
   70.00    125.00     -9.67     2.05     2.33      0.0187     75.49 LEFT    2.2336E-04   -143.20  8.6064E-04   -138.78
   75.00    125.00    -11.82     0.26     0.52      0.0341     76.16 LEFT    1.7423E-04   -147.49  7.0046E-04   -139.13
   80.00    125.00    -14.63    -2.69    -2.42      0.0526     76.10 LEFT    1.2618E-04   -152.04  4.9866E-04   -139.29
   85.00    125.00    -19.29    -8.29    -7.95      0.0775     74.84 LEFT    7.3751E-05   -156.41  2.6182E-04   -139.24
   90.00    125.00   -999.99  -999.99  -999.99      0.0000      0.00         5.6259E-15   -340.47  1.5804E-14   -319.01
    0.00    130.00     -2.26    -0.73     1.58      0.0000     50.00 LINEAR  5.2417E-04   -479.04  6.2468E-04   -479.04
    5.00    130.00     -2.23    -0.65     1.64      0.0016     50.20 RIGHT   5.2564E-04   -479.22  6.3091E-04   -479.40
   10.00    130.00     -2.17    -0.40     1.82      0.0059     50.80 RIGHT   5.2972E-04   -479.73  6.4945E-04   -480.43
   15.00    130.00     -2.07     0.00     2.10      0.0123     51.78 RIGHT   5.3536E-04   -480.54  6.7972E-04   -481.99
   20.00    130.00     -1.98     0.51     2.45      0.0195     53.11 RIGHT   5.4093E-04   -481.60  7.2054E-04   -483.92
   25.00    130.00     -1.93     1.08     2.84      0.0262     54.75 RIGHT   5.4432E-04   -482.84  7.6993E-04   -486.02
   30.00    130.00     -1.95     1.68     3.25      0.0315     56.66 RIGHT   5.4321E-04   -484.22  8.2485E-04   -488.16
   35.00    130.00     -2.07     2.25     3.62      0.0346     58.76 RIGHT   5.3532E-04   -485.73  8.8114E-04   -490.20
   40.00    130.00     -2.35     2.76     3.92      0.0349     60.98 RIGHT   5.1878E-04   -487.37  9.3349E-04   -132.08
   45.00    130.00     -2.80     3.14     4.12      0.0322     63.26 RIGHT   4.9245E-04   -489.16  9.7558E-04   -133.75
   50.00    130.00     -3.46     3.36     4.18      0.0266     65.52 RIGHT   4.5620E-04   -491.17  1.0004E-03   -135.20
   55.00    130.00     -4.37     3.36     4.04      0.0182     67.69 RIGHT   4.1106E-04   -133.46  1.0008E-03   -136.43
   60.00    130.00     -5.54     3.09     3.65      0.0073     69.68 RIGHT   3.5923E-04   -136.14  9.7003E-04   -137.42
   65.00    130.00     -7.00     2.46     2.93      0.0059     71.41 LEFT    3.0368E-04   -139.31  9.0257E-04   -138.20
   70.00    130.00     -8.77     1.36     1.76      0.0212     72.74 LEFT    2.4758E-04   -143.05  7.9500E-04   -138.76
   75.00    130.00    -10.93    -0.43    -0.06      0.0391     73.51 LEFT    1.9313E-04   -147.30  6.4665E-04   -139.11
   80.00    130.00    -13.73    -3.39    -3.00      0.0606     73.41 LEFT    1.3988E-04   -151.81  4.6015E-04   -139.27
   85.00    130.00    -18.39    -8.99    -8.52      0.0891     71.90 LEFT    8.1773E-05   -156.14  2.4154E-04   -139.22
   90.00    130.00   -999.99  -999.99  -999.99      0.0000      0.00         6.2381E-15   -340.18  1.4579E-14   -318.99
    0.00    135.00     -1.43    -1.43     1.58      0.0000     45.00 LINEAR  5.7662E-04   -479.04  5.7662E-04   -479.04
    5.00    135.00     -1.41    -1.34     1.64      0.0016     45.20 RIGHT   5.7816E-04   -479.22  5.8229E-04   -479.40
   10.00    135.00     -1.34    -1.10     1.79      0.0061     45.81 RIGHT   5.8241E-04   -479.73  5.9916E-04   -480.42
   15.00    135.00     -1.26    -0.71     2.04      0.0126     46.81 RIGHT   5.8823E-04   -480.54  6.2668E-04   -481.99
   20.00    135.00     -1.17    -0.21     2.35      0.0202     48.19 RIGHT   5.9384E-04   -481.58  6.6376E-04   -483.91
   25.00    135.00     -1.13     0.36     2.69      0.0275     49.89 RIGHT   5.9694E-04   -482.82  7.0854E-04   -486.01
   30.00    135.00     -1.16     0.95     3.03      0.0334     51.89 RIGHT   5.9504E-04   -484.20  7.5824E-04   -488.14
   35.00    135.00     -1.29     1.51     3.34      0.0371     54.12 RIGHT   5.8569E-04   -485.70  8.0902E-04   -490.18
   40.00    135.00     -1.58     2.00     3.58      0.0380     56.52 RIGHT   5.6689E-04   -487.33  8.5604E-04   -132.06
   45.00    135.00     -2.04     2.38     3.72      0.0356     59.01 RIGHT   5.3747E-04   -489.12  8.9356E-04   -133.73
   50.00    135.00     -2.71     2.58     3.71      0.0298     61.51 RIGHT   4.9736E-04   -491.11  9.1523E-04   -135.18
   55.00    135.00     -3.63     2.58     3.51      0.0208     63.94 RIGHT   4.4773E-04   -133.39  9.1458E-04   -136.41
   60.00    135.00     -4.80     2.30     3.07      0.0087     66.18 RIGHT   3.9099E-04   -136.05  8.8554E-04   -137.40
   65.00    135.00     -6.27     1.66     2.31      0.0061     68.14 LEFT    3.3038E-04   -139.20  8.2321E-04   -138.18
   70.00    135.00     -8.04     0.56     1.12      0.0237     69.65 LEFT    2.6929E-04   -142.90  7.2454E-04   -138.74
   75.00    135.00    -10.20    -1.24    -0.72      0.0442     70.51 LEFT    2.1007E-04   -147.11  5.8898E-04   -139.09
   80.00    135.00    -13.00    -4.20    -3.67      0.0688     70.36 LEFT    1.5218E-04   -151.56  4.1893E-04   -139.24
   85.00    135.00    -17.66    -9.80    -9.15      0.1007     68.58 LEFT    8.8972E-05   -155.86  2.1984E-04   -139.20
   90.00    135.00   -999.99  -999.99  -999.99      0.0000      0.00         6.7876E-15   -339.88  1.3268E-14   -318.97
    0.00    140.00     -0.73    -2.26     1.58      0.0000     40.00 LINEAR  6.2468E-04   -479.04  5.2417E-04   -479.04
    5.00    140.00     -0.71    -2.17     1.63      0.0016     40.20 RIGHT   6.2627E-04   -479.22  5.2925E-04   -479.40
   10.00    140.00     -0.65    -1.93     1.77      0.0060     40.80 RIGHT   6.3062E-04   -479.73  5.4437E-04   -480.42
   15.00    140.00     -0.57    -1.54     1.98      0.0126     41.79 RIGHT   6.3651E-04   -480.53  5.6901E-04   -481.98
   20.00    140.00     -0.50    -1.05     2.25      0.0203     43.16 RIGHT   6.4202E-04   -481.57  6.0216E-04   -483.90
   25.00    140.00     -0.46    -0.49     2.53      0.0279     44.89 RIGHT   6.4471E-04   -482.80  6.4214E-04   -486.00
   30.00    140.00     -0.50     0.09     2.81      0.0344     46.92 RIGHT   6.4191E-04   -484.17  6.8641E-04   -488.12
   35.00    140.00     -0.64     0.64     3.05      0.0388     49.23 RIGHT   6.3105E-04   -485.67  7.3151E-04   -490.16
   40.00    140.00     -0.94     1.12     3.22      0.0403     51.75 RIGHT   6.1004E-04   -487.29  7.7308E-04   -132.04
   45.00    140.00     -1.41     1.48     3.28      0.0384     54.40 RIGHT   5.7769E-04   -489.07  8.0598E-04   -133.71
   50.00    140.00     -2.10     1.68     3.20      0.0328     57.10 RIGHT   5.3398E-04   -491.05  8.2456E-04   -135.16
   55.00    140.00     -3.02     1.66     2.93      0.0234     59.75 RIGHT   4.8024E-04   -133.31  8.2305E-04   -136.39
   60.00    140.00     -4.20     1.37     2.44      0.0103     62.24 RIGHT   4.1908E-04   -135.95  7.9610E-04   -137.38
   65.00    140.00     -5.67     0.73     1.63      0.0063     64.42 LEFT    3.5395E-04   -139.08  7.3940E-04   -138.16
   70.00    140.00     -7.44    -0.38     0.40      0.0261     66.11 LEFT    2.8845E-04   -142.75  6.5027E-04   -138.72
   75.00    140.00     -9.60    -2.19    -1.46      0.0493     67.06 LEFT    2.2502E-04   -146.91  5.2828E-04   -139.07
   80.00    140.00    -12.40    -5.15    -4.40      0.0770     66.86 LEFT    1.6303E-04   -151.32  3.7558E-04   -139.22
   85.00    140.00    -17.06   -10.75    -9.84      0.1121     64.76 LEFT    9.5335E-05   -155.57  1.9704E-04   -139.18
   90.00    140.00   -999.99  -999.99  -999.99      0.0000      0.00         7.2736E-15   -339.58  1.1891E-14   -318.95
    0.00    145.00     -0.15    -3.25     1.58      0.0000     35.00 LINEAR  6.6799E-04   -479.04  4.6773E-04   -479.04
    5.00    145.00     -0.13    -3.16     1.62      0.0015     35.19 RIGHT   6.6960E-04   -479.21  4.7221E-04   -479.40
   10.00    145.00     -0.07    -2.92     1.74      0.0058     35.77 RIGHT   6.7398E-04   -479.72  4.8550E-04   -480.42
   15.00    145.00      0.00    -2.54     1.92      0.0121     36.72 RIGHT   6.7985E-04   -480.52  5.0716E-04   -481.97
   20.00    145.00      0.07    -2.06     2.15      0.0197     38.04 RIGHT   6.8516E-04   -481.56  5.3627E-04   -483.89
   25.00    145.00      0.10    -1.51     2.38      0.0275     39.73 RIGHT   6.8735E-04   -482.78  5.7132E-04   -485.99
   30.00    145.00      0.05    -0.94     2.59      0.0343     41.74 RIGHT   6.8360E-04   -484.15  6.1004E-04   -488.11
   35.00    145.00     -0.11    -0.40     2.76      0.0393     44.05 RIGHT   6.7123E-04   -485.64  6.4937E-04   -490.15
   40.00    145.00     -0.41     0.07     2.85      0.0416     46.61 RIGHT   6.4810E-04   -487.25  6.8546E-04   -132.02
   45.00    145.00     -0.90     0.43     2.82      0.0403     49.36 RIGHT   6.1301E-04   -489.02  7.1378E-04   -133.69
   50.00    145.00     -1.59     0.61     2.66      0.0351     52.21 RIGHT   5.6602E-04   -490.99  7.2939E-04   -135.14
   55.00    145.00     -2.52     0.59     2.32      0.0256     55.05 RIGHT   5.0860E-04   -133.24  7.2727E-04   -136.37
   60.00    145.00     -3.71     0.29     1.75      0.0118     57.75 RIGHT   4.4350E-04   -135.86  7.0275E-04   -137.36
   65.00    145.00     -5.18    -0.36     0.88      0.0062     60.14 LEFT    3.7441E-04   -138.96  6.5212E-04   -138.14
   70.00    145.00     -6.96    -1.48    -0.40      0.0282     62.00 LEFT    3.0507E-04   -142.60  5.7308E-04   -138.70
   75.00    145.00     -9.11    -3.29    -2.28      0.0543     63.03 LEFT    2.3800E-04   -146.72  4.6529E-04   -139.05
   80.00    145.00    -11.91    -6.26    -5.21      0.0850     62.75 LEFT    1.7246E-04   -151.08  3.3066E-04   -139.20
   85.00    145.00    -16.57   -11.86   -10.60      0.1226     60.32 LEFT    1.0086E-04   -155.30  1.7343E-04   -139.16
   90.00    145.00   -999.99  -999.99  -999.99      0.0000      0.00         7.6959E-15   -339.29  1.0465E-14   -318.92
    0.00    150.00      0.33    -4.44     1.58      0.0000     30.00 LINEAR  7.0621E-04   -479.04  4.0773E-04   -479.04
    5.00    150.00      0.35    -4.36     1.62      0.0014     30.18 RIGHT   7.0782E-04   -479.21  4.1158E-04   -479.40
   10.00    150.00      0.41    -4.12     1.72      0.0053     30.71 RIGHT   7.1220E-04   -479.72  4.2302E-04   -480.41
   15.00    150.00      0.48    -3.75     1.87      0.0113     31.59 RIGHT   7.1797E-04   -480.52  4.4163E-04   -481.97
   20.00    150.00      0.54    -3.27     2.05      0.0185     32.83 RIGHT   7.2302E-04   -481.55  4.6662E-04   -483.88
   25.00    150.00      0.56    -2.72     2.23      0.0261     34.41 RIGHT   7.2464E-04   -482.77  4.9666E-04   -485.97
   30.00    150.00      0.50    -2.16     2.38      0.0331     36.33 RIGHT   7.1993E-04   -484.13  5.2978E-04   -488.10
   35.00    150.00      0.33    -1.63     2.47      0.0385     38.56 RIGHT   7.0611E-04   -485.61  5.6332E-04   -490.13
   40.00    150.00      0.02    -1.17     2.47      0.0414     41.08 RIGHT   6.8100E-04   -487.22  5.9396E-04   -132.00
   45.00    150.00     -0.48    -0.83     2.36      0.0410     43.83 RIGHT   6.4342E-04   -488.98  6.1781E-04   -133.68
   50.00    150.00     -1.18    -0.65     2.10      0.0365     46.74 RIGHT   5.9350E-04   -490.94  6.3064E-04   -135.13
   55.00    150.00     -2.11    -0.68     1.67      0.0273     49.70 RIGHT   5.3283E-04   -133.17  6.2816E-04   -136.35
   60.00    150.00     -3.31    -0.99     1.01      0.0132     52.56 RIGHT   4.6433E-04   -135.78  6.0642E-04   -137.34
   65.00    150.00     -4.78    -1.65     0.07      0.0060     55.13 LEFT    3.9182E-04   -138.85  5.6225E-04   -138.12
   70.00    150.00     -6.56    -2.78    -1.26      0.0301     57.14 LEFT    3.1920E-04   -142.45  4.9376E-04   -138.67
   75.00    150.00     -8.72    -4.59    -3.17      0.0588     58.23 LEFT    2.4904E-04   -146.53  4.0066E-04   -139.03
   80.00    150.00    -11.52    -7.56    -6.09      0.0923     57.85 LEFT    1.8049E-04   -150.85  2.8461E-04   -139.18
   85.00    150.00    -16.17   -13.17   -11.41      0.1314     55.08 LEFT    1.0558E-04   -155.03  1.4924E-04   -139.14
   90.00    150.00   -999.99  -999.99  -999.99      0.0000      0.00         8.0559E-15   -339.01  9.0043E-15   -318.90
    0.00    155.00      0.73    -5.90     1.58      0.0000     25.00 LINEAR  7.3906E-04   -479.04  3.4463E-04   -479.04
    5.00    155.00      0.75    -5.82     1.61      0.0012     25.16 RIGHT   7.4066E-04   -479.21  3.4784E-04   -479.39
   10.00    155.00      0.80    -5.58     1.70      0.0047     25.63 RIGHT   7.4499E-04   -479.72  3.5739E-04   -480.41
   15.00    155.00      0.86    -5.21     1.82      0.0101     26.41 RIGHT   7.5064E-04   -480.51  3.7292E-04   -481.96
   20.00    155.00      0.92    -4.74     1.96      0.0167     27.52 RIGHT   7.5537E-04   -481.54  3.9375E-04   -483.87
   25.00    155.00      0.93    -4.21     2.09      0.0237     28.95 RIGHT   7.5643E-04   -482.75  4.1875E-04   -485.96
   30.00    155.00      0.86    -3.65     2.18      0.0305     30.70 RIGHT   7.5079E-04   -484.11  4.4626E-04   -488.08
   35.00    155.00      0.69    -3.13     2.20      0.0360     32.76 RIGHT   7.3563E-04   -485.59  4.7404E-04   -490.12
   40.00    155.00      0.36    -2.68     2.11      0.0395     35.13 RIGHT   7.0874E-04   -487.19  4.9932E-04   -131.99
   45.00    155.00     -0.14    -2.35     1.91      0.0399     37.77 RIGHT   6.6896E-04   -488.94  5.1884E-04   -133.66
   50.00    155.00     -0.85    -2.18     1.55      0.0364     40.63 RIGHT   6.1650E-04   -490.89  5.2910E-04   -135.11
   55.00    155.00     -1.79    -2.22     1.01      0.0281     43.59 RIGHT   5.5304E-04   -133.11  5.2652E-04   -136.33
   60.00    155.00     -2.99    -2.53     0.26      0.0141     46.52 RIGHT   4.8165E-04   -135.70  5.0787E-04   -137.32
   65.00    155.00     -4.47    -3.19    -0.78      0.0057     49.19 LEFT    4.0629E-04   -138.75  4.7053E-04   -138.10
   70.00    155.00     -6.25    -4.33    -2.17      0.0313     51.30 LEFT    3.3094E-04   -142.32  4.1294E-04   -138.66
   75.00    155.00     -8.41    -6.15    -4.12      0.0622     52.43 LEFT    2.5821E-04   -146.37  3.3491E-04   -139.01
   80.00    155.00    -11.20    -9.12    -7.03      0.0977     51.93 LEFT    1.8716E-04   -150.65  2.3781E-04   -139.16
   85.00    155.00    -15.86   -14.73   -12.25      0.1365     48.85 LEFT    1.0950E-04   -154.80  1.2467E-04   -139.12
   90.00    155.00   -999.99  -999.99  -999.99      0.0000      0.00         8.3555E-15   -338.76  7.5215E-15   -318.88
    0.00    160.00      1.04    -7.74     1.58      0.0000     20.00 LINEAR  7.6628E-04   -479.04  2.7890E-04   -479.04
    5.00    160.00      1.06    -7.66     1.61      0.0010     20.13 RIGHT   7.6787E-04   -479.21  2.8148E-04   -479.39
   10.00    160.00      1.11    -7.42     1.68      0.0040     20.53 RIGHT   7.7214E-04   -479.71  2.8912E-04   -480.41
   15.00    160.00      1.17    -7.06     1.78      0.0085     21.19 RIGHT   7.7763E-04   -480.50  3.0155E-04   -481.96
   20.00    160.00      1.22    -6.59     1.88      0.0142     22.13 RIGHT   7.8206E-04   -481.53  3.1820E-04   -483.86
   25.00    160.00      1.22    -6.06     1.97      0.0204     23.35 RIGHT   7.8257E-04   -482.74  3.3816E-04   -485.95
   30.00    160.00      1.15    -5.52     2.00      0.0265     24.86 RIGHT   7.7610E-04   -484.09  3.6008E-04   -488.07
   35.00    160.00      0.97    -5.00     1.95      0.0318     26.66 RIGHT   7.5976E-04   -485.56  3.8218E-04   -490.10
   40.00    160.00      0.64    -4.56     1.78      0.0355     28.76 RIGHT   7.3134E-04   -487.16  4.0220E-04   -131.98
   45.00    160.00      0.13    -4.23     1.48      0.0367     31.15 RIGHT   6.8969E-04   -488.90  4.1756E-04   -133.65
   50.00    160.00     -0.59    -4.07     1.02      0.0343     33.79 RIGHT   6.3510E-04   -490.84  4.2545E-04   -135.09
   55.00    160.00     -1.54    -4.12     0.37      0.0272     36.60 RIGHT   5.6934E-04   -133.06  4.2304E-04   -136.31
   60.00    160.00     -2.74    -4.44    -0.50      0.0143     39.44 RIGHT   4.9559E-04   -135.63  4.0775E-04   -137.31
   65.00    160.00     -4.22    -5.11    -1.63      0.0051     42.09 LEFT    4.1791E-04   -138.67  3.7752E-04   -138.08
   70.00    160.00     -6.01    -6.25    -3.11      0.0312     44.21 LEFT    3.4036E-04   -142.21  3.3113E-04   -138.64
   75.00    160.00     -8.16    -8.07    -5.11      0.0632     45.31 LEFT    2.6557E-04   -146.22  2.6844E-04   -138.99
   80.00    160.00    -10.96   -11.05    -7.99      0.0992     44.70 LEFT    1.9253E-04   -150.47  1.9055E-04   -139.14
   85.00    160.00    -15.61   -16.66   -13.09      0.1350     41.43 LEFT    1.1265E-04   -154.59  9.9874E-05   -139.10
   90.00    160.00   -999.99  -999.99  -999.99      0.0000      0.00         8.5966E-15   -338.55  6.0251E-15   -318.86
    0.00    165.00      1.28   -10.16     1.58      0.0000     15.00 LINEAR  7.8767E-04   -479.04  2.1106E-04   -479.04
    5.00    165.00      1.30   -10.08     1.60      0.0008     15.10 RIGHT   7.8925E-04   -479.21  2.1299E-04   -479.39
   10.00    165.00      1.34    -9.85     1.66      0.0031     15.41 RIGHT   7.9345E-04   -479.71  2.1872E-04   -480.41
   15.00    165.00      1.40    -9.49     1.74      0.0067     15.93 RIGHT   7.9879E-04   -480.50  2.2803E-04   -481.95
   20.00    165.00      1.45    -9.02     1.82      0.0112     16.66 RIGHT   8.0294E-04   -481.52  2.4051E-04   -483.86
   25.00    165.00      1.45    -8.50     1.87      0.0162     17.63 RIGHT   8.0299E-04   -482.73  2.5545E-04   -485.95
   30.00    165.00      1.37    -7.96     1.85      0.0213     18.83 RIGHT   7.9581E-04   -484.08  2.7183E-04   -488.06
   35.00    165.00      1.18    -7.45     1.74      0.0258     20.28 RIGHT   7.7850E-04   -485.54  2.8831E-04   -490.09
   40.00    165.00      0.84    -7.01     1.50      0.0293     21.99 RIGHT   7.4883E-04   -487.13  3.0320E-04   -131.97
   45.00    165.00      0.33    -6.69     1.11      0.0309     23.98 RIGHT   7.0570E-04   -488.87  3.1456E-04   -133.63
   50.00    165.00     -0.40    -6.54     0.55      0.0296     26.21 RIGHT   6.4941E-04   -490.81  3.2028E-04   -135.08
   55.00    165.00     -1.35    -6.59    -0.21      0.0242     28.66 RIGHT   5.8185E-04   -133.01  3.1826E-04   -136.30
   60.00    165.00     -2.56    -6.92    -1.20      0.0133     31.19 RIGHT   5.0627E-04   -135.58  3.0657E-04   -137.30
   65.00    165.00     -4.04    -7.59    -2.45      0.0042     33.61 LEFT    4.2680E-04   -138.59  2.8369E-04   -138.07
   70.00    165.00     -5.83    -8.73    -4.03      0.0289     35.57 LEFT    3.4757E-04   -142.12  2.4872E-04   -138.63
   75.00    165.00     -7.98   -10.56    -6.07      0.0596     36.56 LEFT    2.7121E-04   -146.11  2.0155E-04   -138.98
   80.00    165.00    -10.77   -13.54    -8.93      0.0932     35.87 LEFT    1.9664E-04   -150.32  1.4303E-04   -139.13
   85.00    165.00    -15.43   -19.15   -13.89      0.1228     32.69 LEFT    1.1507E-04   -154.42  7.4957E-05   -139.09
   90.00    165.00   -999.99  -999.99  -999.99      0.0000      0.00         8.7815E-15   -338.37  4.5217E-15   -318.85
    0.00    170.00      1.45   -13.62     1.58      0.0000     10.00 LINEAR  8.0307E-04   -479.04  1.4160E-04   -479.04
    5.00    170.00      1.47   -13.55     1.60      0.0005     10.07 RIGHT   8.0463E-04   -479.21  1.4289E-04   -479.39
   10.00    170.00      1.51   -13.32     1.65      0.0021     10.28 RIGHT   8.0877E-04   -479.71  1.4671E-04   -480.41
   15.00    170.00      1.57   -12.96     1.72      0.0046     10.64 RIGHT   8.1399E-04   -480.50  1.5292E-04   -481.95
   20.00    170.00      1.61   -12.50     1.77      0.0077     11.14 RIGHT   8.1792E-04   -481.52  1.6122E-04   -483.85
   25.00    170.00      1.60   -11.98     1.79      0.0113     11.81 RIGHT   8.1761E-04   -482.72  1.7116E-04   -485.94
   30.00    170.00      1.52   -11.44     1.74      0.0149     12.64 RIGHT   8.0990E-04   -484.07  1.8206E-04   -488.06
   35.00    170.00      1.33   -10.94     1.58      0.0183     13.66 RIGHT   7.9187E-04   -485.53  1.9299E-04   -490.09
   40.00    170.00      0.98   -10.50     1.28      0.0210     14.88 RIGHT   7.6128E-04   -487.12  2.0285E-04   -131.96
   45.00    170.00      0.46   -10.19     0.82      0.0225     16.30 RIGHT   7.1706E-04   -488.85  2.1034E-04   -133.63
   50.00    170.00     -0.26   -10.04     0.17      0.0220     17.94 RIGHT   6.5955E-04   -490.78  2.1406E-04   -135.07
   55.00    170.00     -1.22   -10.09    -0.69      0.0184     19.77 RIGHT   5.9070E-04   -132.98  2.1260E-04   -136.29
   60.00    170.00     -2.43   -10.42    -1.79      0.0105     21.72 RIGHT   5.1380E-04   -135.54  2.0470E-04   -137.29
   65.00    170.00     -3.91   -11.10    -3.16      0.0031     23.62 LEFT    4.3307E-04   -138.54  1.8935E-04   -138.06
   70.00    170.00     -5.70   -12.25    -4.83      0.0231     25.18 LEFT    3.5265E-04   -142.05  1.6595E-04   -138.62
   75.00    170.00     -7.85   -14.07    -6.92      0.0485     25.93 LEFT    2.7518E-04   -146.02  1.3445E-04   -138.97
   80.00    170.00    -10.65   -17.06    -9.75      0.0753     25.29 LEFT    1.9954E-04   -150.22  9.5394E-05   -139.12
   85.00    170.00    -15.30   -22.67   -14.57      0.0959     22.66 LEFT    1.1677E-04   -154.30  4.9985E-05   -139.08
   90.00    170.00   -999.99  -999.99  -999.99      0.0000      0.00         8.9118E-15   -338.24  3.0152E-15   -318.84
    0.00    175.00      1.55   -19.61     1.58      0.0000      5.00 LINEAR  8.1236E-04   -479.04  7.1072E-05   -479.04
    5.00    175.00      1.57   -19.53     1.60      0.0003      5.04 RIGHT   8.1390E-04   -479.21  7.1716E-05   -479.39
   10.00    175.00      1.61   -19.31     1.64      0.0011      5.14 RIGHT   8.1801E-04   -479.71  7.3626E-05   -480.40
   15.00    175.00      1.66   -18.95     1.70      0.0023      5.32 RIGHT   8.2315E-04   -480.49  7.6727E-05   -481.95
   20.00    175.00      1.70   -18.49     1.74      0.0040      5.58 RIGHT   8.2694E-04   -481.51  8.0877E-05   -483.85
   25.00    175.00      1.70   -17.97     1.74      0.0058      5.92 RIGHT   8.2640E-04   -482.72  8.5841E-05   -485.94
   30.00    175.00      1.61   -17.44     1.67      0.0077      6.35 RIGHT   8.1836E-04   -484.06  9.1277E-05   -488.05
   35.00    175.00      1.41   -16.93     1.48      0.0095      6.87 RIGHT   7.9988E-04   -485.52  9.6731E-05   -490.08
   40.00    175.00      1.07   -16.50     1.14      0.0110      7.51 RIGHT   7.6873E-04   -487.11  1.0164E-04   -131.95
   45.00    175.00      0.55   -16.19     0.64      0.0119      8.25 RIGHT   7.2384E-04   -488.84  1.0536E-04   -133.62
   50.00    175.00     -0.18   -16.04    -0.07      0.0118      9.12 RIGHT   6.6560E-04   -490.77  1.0718E-04   -135.07
   55.00    175.00     -1.14   -16.11    -1.01      0.0100     10.11 RIGHT   5.9596E-04   -132.96  1.0642E-04   -136.29
   60.00    175.00     -2.35   -16.44    -2.19      0.0059     11.18 RIGHT   5.1829E-04   -135.51  1.0244E-04   -137.28
   65.00    175.00     -3.84   -17.12    -3.64      0.0017     12.24 LEFT    4.3680E-04   -138.51  9.4737E-05   -138.05
   70.00    175.00     -5.63   -18.26    -5.39      0.0131     13.12 LEFT    3.5567E-04   -142.01  8.3014E-05   -138.61
   75.00    175.00     -7.78   -20.09    -7.53      0.0279     13.53 LEFT    2.7754E-04   -145.97  6.7243E-05   -138.96
   80.00    175.00    -10.57   -23.08   -10.33      0.0430     13.12 LEFT    2.0126E-04   -150.15  4.7704E-05   -139.11
   85.00    175.00    -15.22   -28.69   -15.03      0.0532     11.61 LEFT    1.1779E-04   -154.22  2.4994E-05   -139.07
   90.00    175.00   -999.99  -999.99  -999.99      0.0000      0.00         8.9894E-15   -338.16  1.5077E-15   -318.83
    0.00    180.00      1.58  -999.99     1.58      0.0000     -0.00 LINEAR  8.1546E-04   -479.04  8.3233E-15   -299.04
    5.00    180.00      1.60  -999.99     1.60      0.0000     -0.00 LINEAR  8.1700E-04   -479.21  8.3986E-15   -299.39
   10.00    180.00      1.64  -999.99     1.64      0.0000     -0.00 LINEAR  8.2110E-04   -479.71  8.6219E-15   -300.40
   15.00    180.00      1.70  -999.99     1.70      0.0000     -0.00 LINEAR  8.2621E-04   -480.49  8.9846E-15   -301.95
   20.00    180.00      1.73  -999.99     1.73      0.0000     -0.00 LINEAR  8.2995E-04   -481.51  9.4699E-15   -303.85
   25.00    180.00      1.73  -999.99     1.73      0.0000     -0.00 LINEAR  8.2933E-04   -482.72  1.0050E-14   -305.94
   30.00    180.00      1.64  -999.99     1.64      0.0000     -0.00 LINEAR  8.2118E-04   -484.06  1.0686E-14   -308.05
   35.00    180.00      1.44  -999.99     1.44      0.0000     -0.00 LINEAR  8.0255E-04   -485.52  1.1323E-14   -310.08
   40.00    180.00      1.10  -999.99     1.10      0.0000     -0.00 LINEAR  7.7121E-04   -487.10  1.1896E-14   -311.95
   45.00    180.00      0.57  -999.99     0.57      0.0000     -0.00 LINEAR  7.2610E-04   -488.83  1.2330E-14   -313.62
   50.00    180.00     -0.16  -999.99    -0.16      0.0000     -0.00 LINEAR  6.6761E-04   -490.76  1.2542E-14   -315.07
   55.00    180.00     -1.12  -999.99    -1.12      0.0000     -0.00 LINEAR  5.9771E-04   -132.95  1.2452E-14   -316.29
   60.00    180.00     -2.33  -999.99    -2.33      0.0000     -0.00 LINEAR  5.1977E-04   -135.50  1.1985E-14   -317.28
   65.00    180.00     -3.82  -999.99    -3.82      0.0000     -0.00 LINEAR  4.3803E-04   -138.50  1.1083E-14   -318.05
   70.00    180.00     -5.60  -999.99    -5.60      0.0000     -0.00 LINEAR  3.5667E-04   -142.00  9.7107E-15   -318.61
   75.00    180.00     -7.76  -999.99    -7.76      0.0000     -0.00 LINEAR  2.7832E-04   -145.95  7.8654E-15   -318.96
   80.00    180.00    -10.55  -999.99   -10.55      0.0000     -0.00 LINEAR  2.0183E-04   -150.13  5.5798E-15   -319.11
   85.00    180.00    -15.20  -999.99   -15.20      0.0000     -0.00 LINEAR  1.1812E-04   -154.19  2.9234E-15   -319.07
   90.00    180.00   -999.99  -999.99  -999.99      0.0000      0.00         9.0151E-15   -338.13  1.7634E-25   -138.83
    0.00    185.00      1.55   -19.61     1.58      0.0000     -5.00 LINEAR  8.1236E-04   -479.04  7.1072E-05   -299.04
    5.00    185.00      1.57   -19.53     1.60      0.0003     -5.04 LEFT    8.1390E-04   -479.21  7.1716E-05   -299.39
   10.00    185.00      1.61   -19.31     1.64      0.0011     -5.14 LEFT    8.1801E-04   -479.71  7.3626E-05   -300.40
   15.00    185.00      1.66   -18.95     1.70      0.0023     -5.32 LEFT    8.2315E-04   -480.49  7.6727E-05   -301.95
   20.00    185.00      1.70   -18.49     1.74      0.0040     -5.58 LEFT    8.2694E-04   -481.51  8.0877E-05   -303.85
   25.00    185.00      1.70   -17.97     1.74      0.0058     -5.92 LEFT    8.2640E-04   -482.72  8.5841E-05   -305.94
   30.00    185.00      1.61   -17.44     1.67      0.0077     -6.35 LEFT    8.1836E-04   -484.06  9.1277E-05   -308.05
   35.00    185.00      1.41   -16.93     1.48      0.0095     -6.87 LEFT    7.9988E-04   -485.52  9.6731E-05   -310.08
   40.00    185.00      1.07   -16.50     1.14      0.0110     -7.51 LEFT    7.6873E-04   -487.11  1.0164E-04   -311.95
   45.00    185.00      0.55   -16.19     0.64      0.0119     -8.25 LEFT    7.2384E-04   -488.84  1.0536E-04   -313.62
   50.00    185.00     -0.18   -16.04    -0.07      0.0118     -9.12 LEFT    6.6560E-04   -490.77  1.0718E-04   -315.07
   55.00    185.00     -1.14   -16.11    -1.01      0.0100    -10.11 LEFT    5.9596E-04   -132.96  1.0642E-04   -316.29
   60.00    185.00     -2.35   -16.44    -2.19      0.0059    -11.18 LEFT    5.1829E-04   -135.51  1.0244E-04   -317.28
   65.00    185.00     -3.84   -17.12    -3.64      0.0017    -12.24 RIGHT   4.3680E-04   -138.51  9.4737E-05   -318.05
   70.00    185.00     -5.63   -18.26    -5.39      0.0131    -13.12 RIGHT   3.5567E-04   -142.01  8.3014E-05   -318.61
   75.00    185.00     -7.78   -20.09    -7.53      0.0279    -13.53 RIGHT   2.7754E-04   -145.97  6.7243E-05   -318.96
   80.00    185.00    -10.57   -23.08   -10.33      0.0430    -13.12 RIGHT   2.0126E-04   -150.15  4.7704E-05   -319.11
   85.00    185.00    -15.22   -28.69   -15.03      0.0532    -11.61 RIGHT   1.1779E-04   -154.22  2.4994E-05   -319.07
   90.00    185.00   -999.99  -999.99  -999.99      0.0000      0.00         8.9896E-15   -338.16  1.5077E-15   -138.84
    0.00    190.00      1.45   -13.62     1.58      0.0000    -10.00 LINEAR  8.0307E-04   -479.04  1.4160E-04   -299.04
    5.00    190.00      1.47   -13.55     1.60      0.0005    -10.07 LEFT    8.0463E-04   -479.21  1.4289E-04   -299.39
   10.00    190.00      1.51   -13.32     1.65      0.0021    -10.28 LEFT    8.0877E-04   -479.71  1.4671E-04   -300.41
   15.00    190.00      1.57   -12.96     1.72      0.0046    -10.64 LEFT    8.1399E-04   -480.50  1.5292E-04   -301.95
   20.00    190.00      1.61   -12.50     1.77      0.0077    -11.14 LEFT    8.1792E-04   -481.52  1.6122E-04   -303.85
   25.00    190.00      1.60   -11.98     1.79      0.0113    -11.81 LEFT    8.1761E-04   -482.72  1.7116E-04   -305.94
   30.00    190.00      1.52   -11.44     1.74      0.0149    -12.64 LEFT    8.0990E-04   -484.07  1.8206E-04   -308.06
   35.00    190.00      1.33   -10.94     1.58      0.0183    -13.66 LEFT    7.9187E-04   -485.53  1.9299E-04   -310.09
   40.00    190.00      0.98   -10.50     1.28      0.0210    -14.88 LEFT    7.6128E-04   -487.12  2.0285E-04   -311.96
   45.00    190.00      0.46   -10.19     0.82      0.0225    -16.30 LEFT    7.1706E-04   -488.85  2.1034E-04   -313.63
   50.00    190.00     -0.26   -10.04     0.17      0.0220    -17.94 LEFT    6.5955E-04   -490.78  2.1406E-04   -315.07
   55.00    190.00     -1.22   -10.09    -0.69      0.0184    -19.77 LEFT    5.9070E-04   -132.98  2.1260E-04   -316.29
   60.00    190.00     -2.43   -10.42    -1.79      0.0105    -21.72 LEFT    5.1380E-04   -135.54  2.0470E-04   -317.29
   65.00    190.00     -3.91   -11.10    -3.16      0.0031    -23.62 RIGHT   4.3307E-04   -138.54  1.8935E-04   -318.06
   70.00    190.00     -5.70   -12.25    -4.83      0.0231    -25.18 RIGHT   3.5265E-04   -142.05  1.6595E-04   -318.62
   75.00    190.00     -7.85   -14.07    -6.92      0.0485    -25.93 RIGHT   2.7518E-04   -146.02  1.3445E-04   -318.97
   80.00    190.00    -10.65   -17.06    -9.75      0.0753    -25.29 RIGHT   1.9954E-04   -150.22  9.5394E-05   -319.12
   85.00    190.00    -15.30   -22.67   -14.57      0.0959    -22.66 RIGHT   1.1677E-04   -154.30  4.9985E-05   -319.08
   90.00    190.00   -999.99  -999.99  -999.99      0.0000      0.00         8.9119E-15   -338.24  3.0152E-15   -138.84
    0.00    195.00      1.28   -10.16     1.58      0.0000    -15.00 LINEAR  7.8767E-04   -479.04  2.1106E-04   -299.04
    5.00    195.00      1.30   -10.08     1.60      0.0008    -15.10 LEFT    7.8925E-04   -479.21  2.1299E-04   -299.39
   10.00    195.00      1.34    -9.85     1.66      0.0031    -15.41 LEFT    7.9345E-04   -479.71  2.1872E-04   -300.41
   15.00    195.00      1.40    -9.49     1.74      0.0067    -15.93 LEFT    7.9879E-04   -480.50  2.2803E-04   -301.95
   20.00    195.00      1.45    -9.02     1.82      0.0112    -16.66 LEFT    8.0294E-04   -481.52  2.4051E-04   -303.86
   25.00    195.00      1.45    -8.50     1.87      0.0162    -17.63 LEFT    8.0299E-04   -482.73  2.5545E-04   -305.95
   30.00    195.00      1.37    -7.96     1.85      0.0213    -18.83 LEFT    7.9581E-04   -484.08  2.7183E-04   -308.06
   35.00    195.00      1.18    -7.45     1.74      0.0258    -20.28 LEFT    7.7850E-04   -485.54  2.8831E-04   -310.09
   40.00    195.00      0.84    -7.01     1.50      0.0293    -21.99 LEFT    7.4883E-04   -487.13  3.0320E-04   -311.97
   45.00    195.00      0.33    -6.69     1.11      0.0309    -23.98 LEFT    7.0570E-04   -488.87  3.1456E-04   -313.63
   50.00    195.00     -0.40    -6.54     0.55      0.0296    -26.21 LEFT    6.4941E-04   -490.81  3.2028E-04   -315.08
   55.00    195.00     -1.35    -6.59    -0.21      0.0242    -28.66 LEFT    5.8185E-04   -133.01  3.1826E-04   -316.30
   60.00    195.00     -2.56    -6.92    -1.20      0.0133    -31.19 LEFT    5.0627E-04   -135.58  3.0657E-04   -317.30
   65.00    195.00     -4.04    -7.59    -2.45      0.0042    -33.61 RIGHT   4.2680E-04   -138.59  2.8369E-04   -318.07
   70.00    195.00     -5.83    -8.73    -4.03      0.0289    -35.57 RIGHT   3.4757E-04   -142.12  2.4872E-04   -318.63
   75.00    195.00     -7.98   -10.56    -6.07      0.0596    -36.56 RIGHT   2.7121E-04   -146.11  2.0155E-04   -318.98
   80.00    195.00    -10.77   -13.54    -8.93      0.0932    -35.87 RIGHT   1.9664E-04   -150.32  1.4303E-04   -319.13
   85.00    195.00    -15.43   -19.15   -13.89      0.1228    -32.69 RIGHT   1.1507E-04   -154.42  7.4957E-05   -319.09
   90.00    195.00   -999.99  -999.99  -999.99      0.0000      0.00         8.7811E-15   -338.37  4.5216E-15   -138.85
    0.00    200.00      1.04    -7.74     1.58      0.0000    -20.00 LINEAR  7.6628E-04   -479.04  2.7890E-04   -299.04
    5.00    200.00      1.06    -7.66     1.61      0.0010    -20.13 LEFT    7.6787E-04   -479.21  2.8148E-04   -299.39
   10.00    200.00      1.11    -7.42     1.68      0.0040    -20.53 LEFT    7.7214E-04   -479.71  2.8912E-04   -300.41
   15.00    200.00      1.17    -7.06     1.78      0.0085    -21.19 LEFT    7.7763E-04   -480.50  3.0155E-04   -301.96
   20.00    200.00      1.22    -6.59     1.88      0.0142    -22.13 LEFT    7.8206E-04   -481.53  3.1820E-04   -303.86
   25.00    200.00      1.22    -6.06     1.97      0.0204    -23.35 LEFT    7.8257E-04   -482.74  3.3816E-04   -305.95
   30.00    200.00      1.15    -5.52     2.00      0.0265    -24.86 LEFT    7.7610E-04   -484.09  3.6008E-04   -308.07
   35.00    200.00      0.97    -5.00     1.95      0.0318    -26.66 LEFT    7.5976E-04   -485.56  3.8218E-04   -310.10
   40.00    200.00      0.64    -4.56     1.78      0.0355    -28.76 LEFT    7.3134E-04   -487.16  4.0220E-04   -311.98
   45.00    200.00      0.13    -4.23     1.48      0.0367    -31.15 LEFT    6.8969E-04   -488.90  4.1756E-04   -313.65
   50.00    200.00     -0.59    -4.07     1.02      0.0343    -33.79 LEFT    6.3510E-04   -490.84  4.2545E-04   -315.09
   55.00    200.00     -1.54    -4.12     0.37      0.0272    -36.60 LEFT    5.6934E-04   -133.06  4.2304E-04   -316.31
   60.00    200.00     -2.74    -4.44    -0.50      0.0143    -39.44 LEFT    4.9559E-04   -135.63  4.0775E-04   -317.31
   65.00    200.00     -4.22    -5.11    -1.63      0.0051    -42.09 RIGHT   4.1791E-04   -138.67  3.7752E-04   -318.08
   70.00    200.00     -6.01    -6.25    -3.11      0.0312    -44.21 RIGHT   3.4036E-04   -142.21  3.3113E-04   -318.64
   75.00    200.00     -8.16    -8.07    -5.11      0.0632    -45.31 RIGHT   2.6557E-04   -146.22  2.6844E-04   -318.99
   80.00    200.00    -10.96   -11.05    -7.99      0.0992    -44.70 RIGHT   1.9253E-04   -150.47  1.9055E-04   -319.14
   85.00    200.00    -15.61   -16.66   -13.09      0.1350    -41.43 RIGHT   1.1265E-04   -154.59  9.9874E-05   -319.10
   90.00    200.00   -999.99  -999.99  -999.99      0.0000      0.00         8.5966E-15   -338.55  6.0251E-15   -138.86
    0.00    205.00      0.73    -5.90     1.58      0.0000    -25.00 LINEAR  7.3906E-04   -479.04  3.4463E-04   -299.04
    5.00    205.00      0.75    -5.82     1.61      0.0012    -25.16 LEFT    7.4066E-04   -479.21  3.4784E-04   -299.39
   10.00    205.00      0.80    -5.58     1.70      0.0047    -25.63 LEFT    7.4499E-04   -479.72  3.5739E-04   -300.41
   15.00    205.00      0.86    -5.21     1.82      0.0101    -26.41 LEFT    7.5064E-04   -480.51  3.7292E-04   -301.96
   20.00    205.00      0.92    -4.74     1.96      0.0167    -27.52 LEFT    7.5537E-04   -481.54  3.9375E-04   -303.87
   25.00    205.00      0.93    -4.21     2.09      0.0237    -28.95 LEFT    7.5643E-04   -482.75  4.1875E-04   -305.96
   30.00    205.00      0.86    -3.65     2.18      0.0305    -30.70 LEFT    7.5079E-04   -484.11  4.4626E-04   -308.08
   35.00    205.00      0.69    -3.13     2.20      0.0360    -32.76 LEFT    7.3563E-04   -485.59  4.7404E-04   -310.12
   40.00    205.00      0.36    -2.68     2.11      0.0395    -35.13 LEFT    7.0874E-04   -487.19  4.9932E-04   -311.99
   45.00    205.00     -0.14    -2.35     1.91      0.0399    -37.77 LEFT    6.6896E-04   -488.94  5.1884E-04   -313.66
   50.00    205.00     -0.85    -2.18     1.55      0.0364    -40.63 LEFT    6.1650E-04   -490.89  5.2910E-04   -315.11
   55.00    205.00     -1.79    -2.22     1.01      0.0281    -43.59 LEFT    5.5304E-04   -133.11  5.2652E-04   -316.33
   60.00    205.00     -2.99    -2.53     0.26      0.0141    -46.52 LEFT    4.8165E-04   -135.70  5.0787E-04   -317.32
   65.00    205.00     -4.47    -3.19    -0.78      0.0057    -49.19 RIGHT   4.0629E-04   -138.75  4.7053E-04   -318.10
   70.00    205.00     -6.25    -4.33    -2.17      0.0313    -51.30 RIGHT   3.3094E-04   -142.32  4.1294E-04   -318.66
   75.00    205.00     -8.41    -6.15    -4.12      0.0622    -52.43 RIGHT   2.5821E-04   -146.37  3.3491E-04   -319.01
   80.00    205.00    -11.20    -9.12    -7.03      0.0977    -51.93 RIGHT   1.8716E-04   -150.65  2.3781E-04   -319.16
   85.00    205.00    -15.86   -14.73   -12.25      0.1365    -48.85 RIGHT   1.0950E-04   -154.80  1.2467E-04   -319.12
   90.00    205.00   -999.99  -999.99  -999.99      0.0000      0.00         8.3554E-15   -338.76  7.5214E-15   -138.88
    0.00    210.00      0.33    -4.44     1.58      0.0000    -30.00 LINEAR  7.0621E-04   -479.04  4.0773E-04   -299.04
    5.00    210.00      0.35    -4.36     1.62      0.0014    -30.18 LEFT    7.0782E-04   -479.21  4.1158E-04   -299.40
   10.00    210.00      0.41    -4.12     1.72      0.0053    -30.71 LEFT    7.1220E-04   -479.72  4.2302E-04   -300.41
   15.00    210.00      0.48    -3.75     1.87      0.0113    -31.59 LEFT    7.1797E-04   -480.52  4.4163E-04   -301.97
   20.00    210.00      0.54    -3.27     2.05      0.0185    -32.83 LEFT    7.2302E-04   -481.55  4.6662E-04   -303.88
   25.00    210.00      0.56    -2.72     2.23      0.0261    -34.41 LEFT    7.2464E-04   -482.77  4.9666E-04   -305.97
   30.00    210.00      0.50    -2.16     2.38      0.0331    -36.33 LEFT    7.1993E-04   -484.13  5.2978E-04   -308.10
   35.00    210.00      0.33    -1.63     2.47      0.0385    -38.56 LEFT    7.0611E-04   -485.61  5.6332E-04   -310.13
   40.00    210.00      0.02    -1.17     2.47      0.0414    -41.08 LEFT    6.8100E-04   -487.22  5.9396E-04   -312.00
   45.00    210.00     -0.48    -0.83     2.36      0.0410    -43.83 LEFT    6.4342E-04   -488.98  6.1781E-04   -313.68
   50.00    210.00     -1.18    -0.65     2.10      0.0365    -46.74 LEFT    5.9350E-04   -490.94  6.3064E-04   -315.13
   55.00    210.00     -2.11    -0.68     1.67      0.0273    -49.70 LEFT    5.3283E-04   -133.17  6.2816E-04   -316.35
   60.00    210.00     -3.31    -0.99     1.01      0.0132    -52.56 LEFT    4.6433E-04   -135.78  6.0642E-04   -317.34
   65.00    210.00     -4.78    -1.65     0.07      0.0060    -55.13 RIGHT   3.9182E-04   -138.85  5.6225E-04   -318.12
   70.00    210.00     -6.56    -2.78    -1.26      0.0301    -57.14 RIGHT   3.1920E-04   -142.45  4.9376E-04   -318.67
   75.00    210.00     -8.72    -4.59    -3.17      0.0588    -58.23 RIGHT   2.4904E-04   -146.53  4.0066E-04   -319.03
   80.00    210.00    -11.52    -7.56    -6.09      0.0923    -57.85 RIGHT   1.8049E-04   -150.85  2.8461E-04   -319.18
   85.00    210.00    -16.17   -13.17   -11.41      0.1314    -55.08 RIGHT   1.0558E-04   -155.03  1.4924E-04   -319.14
   90.00    210.00   -999.99  -999.99  -999.99      0.0000      0.00         8.0557E-15   -339.01  9.0043E-15   -138.90
    0.00    215.00     -0.15    -3.25     1.58      0.0000    -35.00 LINEAR  6.6799E-04   -479.04  4.6773E-04   -299.04
    5.00    215.00     -0.13    -3.16     1.62      0.0015    -35.19 LEFT    6.6960E-04   -479.21  4.7221E-04   -299.40
   10.00    215.00     -0.07    -2.92     1.74      0.0058    -35.77 LEFT    6.7398E-04   -479.72  4.8550E-04   -300.42
   15.00    215.00      0.00    -2.54     1.92      0.0121    -36.72 LEFT    6.7985E-04   -480.52  5.0716E-04   -301.97
   20.00    215.00      0.07    -2.06     2.15      0.0197    -38.04 LEFT    6.8516E-04   -481.56  5.3627E-04   -303.89
   25.00    215.00      0.10    -1.51     2.38      0.0275    -39.73 LEFT    6.8735E-04   -482.78  5.7132E-04   -305.99
   30.00    215.00      0.05    -0.94     2.59      0.0343    -41.74 LEFT    6.8360E-04   -484.15  6.1004E-04   -308.11
   35.00    215.00     -0.11    -0.40     2.76      0.0393    -44.05 LEFT    6.7123E-04   -485.64  6.4937E-04   -310.15
   40.00    215.00     -0.41     0.07     2.85      0.0416    -46.61 LEFT    6.4810E-04   -487.25  6.8546E-04   -312.02
   45.00    215.00     -0.90     0.43     2.82      0.0403    -49.36 LEFT    6.1301E-04   -489.02  7.1378E-04   -313.69
   50.00    215.00     -1.59     0.61     2.66      0.0351    -52.21 LEFT    5.6602E-04   -490.99  7.2939E-04   -315.14
   55.00    215.00     -2.52     0.59     2.32      0.0256    -55.05 LEFT    5.0860E-04   -133.24  7.2727E-04   -316.37
   60.00    215.00     -3.71     0.29     1.75      0.0118    -57.75 LEFT    4.4350E-04   -135.86  7.0275E-04   -317.36
   65.00    215.00     -5.18    -0.36     0.88      0.0062    -60.14 RIGHT   3.7441E-04   -138.96  6.5212E-04   -318.14
   70.00    215.00     -6.96    -1.48    -0.40      0.0282    -62.00 RIGHT   3.0507E-04   -142.60  5.7308E-04   -318.70
   75.00    215.00     -9.11    -3.29    -2.28      0.0543    -63.03 RIGHT   2.3800E-04   -146.72  4.6529E-04   -319.05
   80.00    215.00    -11.91    -6.26    -5.21      0.0850    -62.75 RIGHT   1.7246E-04   -151.08  3.3066E-04   -319.20
   85.00    215.00    -16.57   -11.86   -10.60      0.1226    -60.32 RIGHT   1.0086E-04   -155.30  1.7343E-04   -319.16
   90.00    215.00   -999.99  -999.99  -999.99      0.0000      0.00         7.6959E-15   -339.29  1.0465E-14   -138.92
    0.00    220.00     -0.73    -2.26     1.58      0.0000    -40.00 LINEAR  6.2468E-04   -479.04  5.2417E-04   -299.04
    5.00    220.00     -0.71    -2.17     1.63      0.0016    -40.20 LEFT    6.2627E-04   -479.22  5.2925E-04   -299.40
   10.00    220.00     -0.65    -1.93     1.77      0.0060    -40.80 LEFT    6.3062E-04   -479.73  5.4437E-04   -300.42
   15.00    220.00     -0.57    -1.54     1.98      0.0126    -41.79 LEFT    6.3651E-04   -480.53  5.6901E-04   -301.98
   20.00    220.00     -0.50    -1.05     2.25      0.0203    -43.16 LEFT    6.4202E-04   -481.57  6.0216E-04   -303.90
   25.00    220.00     -0.46    -0.49     2.53      0.0279    -44.89 LEFT    6.4471E-04   -482.80  6.4214E-04   -306.00
   30.00    220.00     -0.50     0.09     2.81      0.0344    -46.92 LEFT    6.4191E-04   -484.17  6.8641E-04   -308.12
   35.00    220.00     -0.64     0.64     3.05      0.0388    -49.23 LEFT    6.3105E-04   -485.67  7.3151E-04   -310.16
   40.00    220.00     -0.94     1.12     3.22      0.0403    -51.75 LEFT    6.1004E-04   -487.29  7.7308E-04   -312.04
   45.00    220.00     -1.41     1.48     3.28      0.0384    -54.40 LEFT    5.7769E-04   -489.07  8.0598E-04   -313.71
   50.00    220.00     -2.10     1.68     3.20      0.0328    -57.10 LEFT    5.3398E-04   -491.05  8.2456E-04   -315.16
   55.00    220.00     -3.02     1.66     2.93      0.0234    -59.75 LEFT    4.8024E-04   -133.31  8.2305E-04   -316.39
   60.00    220.00     -4.20     1.37     2.44      0.0103    -62.24 LEFT    4.1908E-04   -135.95  7.9610E-04   -317.38
   65.00    220.00     -5.67     0.73     1.63      0.0063    -64.42 RIGHT   3.5395E-04   -139.08  7.3940E-04   -318.16
   70.00    220.00     -7.44    -0.38     0.40      0.0261    -66.11 RIGHT   2.8845E-04   -142.75  6.5027E-04   -318.72
   75.00    220.00     -9.60    -2.19    -1.46      0.0493    -67.06 RIGHT   2.2502E-04   -146.91  5.2828E-04   -319.07
   80.00    220.00    -12.40    -5.15    -4.40      0.0770    -66.86 RIGHT   1.6303E-04   -151.32  3.7558E-04   -319.22
   85.00    220.00    -17.06   -10.75    -9.84      0.1121    -64.76 RIGHT   9.5335E-05   -155.57  1.9704E-04   -319.18
   90.00    220.00   -999.99  -999.99  -999.99      0.0000      0.00         7.2734E-15   -339.58  1.1891E-14   -138.95
    0.00    225.00     -1.43    -1.43     1.58      0.0000    -45.00 LINEAR  5.7662E-04   -479.04  5.7662E-04   -299.04
    5.00    225.00     -1.41    -1.34     1.64      0.0016    -45.20 LEFT    5.7816E-04   -479.22  5.8229E-04   -299.40
   10.00    225.00     -1.34    -1.10     1.79      0.0061    -45.81 LEFT    5.8241E-04   -479.73  5.9916E-04   -300.42
   15.00    225.00     -1.26    -0.71     2.04      0.0126    -46.81 LEFT    5.8823E-04   -480.54  6.2668E-04   -301.99
   20.00    225.00     -1.17    -0.21     2.35      0.0202    -48.19 LEFT    5.9384E-04   -481.58  6.6376E-04   -303.91
   25.00    225.00     -1.13     0.36     2.69      0.0275    -49.89 LEFT    5.9694E-04   -482.82  7.0854E-04   -306.01
   30.00    225.00     -1.16     0.95     3.03      0.0334    -51.89 LEFT    5.9504E-04   -484.20  7.5824E-04   -308.14
   35.00    225.00     -1.29     1.51     3.34      0.0371    -54.12 LEFT    5.8569E-04   -485.70  8.0902E-04   -310.18
   40.00    225.00     -1.58     2.00     3.58      0.0380    -56.52 LEFT    5.6689E-04   -487.33  8.5604E-04   -312.06
   45.00    225.00     -2.04     2.38     3.72      0.0356    -59.01 LEFT    5.3747E-04   -489.12  8.9356E-04   -313.73
   50.00    225.00     -2.71     2.58     3.71      0.0298    -61.51 LEFT    4.9736E-04   -491.11  9.1523E-04   -315.18
   55.00    225.00     -3.63     2.58     3.51      0.0208    -63.94 LEFT    4.4773E-04   -133.39  9.1458E-04   -316.41
   60.00    225.00     -4.80     2.30     3.07      0.0087    -66.18 LEFT    3.9099E-04   -136.05  8.8554E-04   -317.40
   65.00    225.00     -6.27     1.66     2.31      0.0061    -68.14 RIGHT   3.3038E-04   -139.20  8.2321E-04   -318.18
   70.00    225.00     -8.04     0.56     1.12      0.0237    -69.65 RIGHT   2.6929E-04   -142.90  7.2454E-04   -318.74
   75.00    225.00    -10.20    -1.24    -0.72      0.0442    -70.51 RIGHT   2.1007E-04   -147.11  5.8898E-04   -319.09
   80.00    225.00    -13.00    -4.20    -3.67      0.0688    -70.36 RIGHT   1.5218E-04   -151.56  4.1893E-04   -319.24
   85.00    225.00    -17.66    -9.80    -9.15      0.1007    -68.58 RIGHT   8.8972E-05   -155.86  2.1984E-04   -319.20
   90.00    225.00   -999.99  -999.99  -999.99      0.0000      0.00         6.7878E-15   -339.88  1.3268E-14   -138.97
    0.00    230.00     -2.26    -0.73     1.58      0.0000    -50.00 LINEAR  5.2417E-04   -479.04  6.2468E-04   -299.04
    5.00    230.00     -2.23    -0.65     1.64      0.0016    -50.20 LEFT    5.2564E-04   -479.22  6.3091E-04   -299.40
   10.00    230.00     -2.17    -0.40     1.82      0.0059    -50.80 LEFT    5.2972E-04   -479.73  6.4945E-04   -300.43
   15.00    230.00     -2.07     0.00     2.10      0.0123    -51.78 LEFT    5.3536E-04   -480.54  6.7972E-04   -301.99
   20.00    230.00     -1.98     0.51     2.45      0.0195    -53.11 LEFT    5.4093E-04   -481.60  7.2054E-04   -303.92
   25.00    230.00     -1.93     1.08     2.84      0.0262    -54.75 LEFT    5.4432E-04   -482.84  7.6993E-04   -306.02
   30.00    230.00     -1.95     1.68     3.25      0.0315    -56.66 LEFT    5.4321E-04   -484.22  8.2485E-04   -308.16
   35.00    230.00     -2.07     2.25     3.62      0.0346    -58.76 LEFT    5.3532E-04   -485.73  8.8114E-04   -310.20
   40.00    230.00     -2.35     2.76     3.92      0.0349    -60.98 LEFT    5.1878E-04   -487.37  9.3349E-04   -312.08
   45.00    230.00     -2.80     3.14     4.12      0.0322    -63.26 LEFT    4.9245E-04   -489.16  9.7558E-04   -313.75
   50.00    230.00     -3.46     3.36     4.18      0.0266    -65.52 LEFT    4.5620E-04   -491.17  1.0004E-03   -315.20
   55.00    230.00     -4.37     3.36     4.04      0.0182    -67.69 LEFT    4.1106E-04   -133.46  1.0008E-03   -316.43
   60.00    230.00     -5.54     3.09     3.65      0.0073    -69.68 LEFT    3.5923E-04   -136.14  9.7003E-04   -317.42
   65.00    230.00     -7.00     2.46     2.93      0.0059    -71.41 RIGHT   3.0368E-04   -139.31  9.0257E-04   -318.20
   70.00    230.00     -8.77     1.36     1.76      0.0212    -72.74 RIGHT   2.4758E-04   -143.05  7.9500E-04   -318.76
   75.00    230.00    -10.93    -0.43    -0.06      0.0391    -73.51 RIGHT   1.9313E-04   -147.30  6.4665E-04   -319.11
   80.00    230.00    -13.73    -3.39    -3.00      0.0606    -73.41 RIGHT   1.3988E-04   -151.81  4.6015E-04   -319.27
   85.00    230.00    -18.39    -8.99    -8.52      0.0891    -71.90 RIGHT   8.1773E-05   -156.14  2.4154E-04   -319.22
   90.00    230.00   -999.99  -999.99  -999.99      0.0000      0.00         6.2382E-15   -340.18  1.4579E-14   -138.99
    0.00    235.00     -3.25    -0.15     1.58      0.0000    -55.00 LINEAR  4.6773E-04   -479.04  6.6799E-04   -299.04
    5.00    235.00     -3.22    -0.06     1.65      0.0015    -55.19 LEFT    4.6911E-04   -479.22  6.7474E-04   -299.40
   10.00    235.00     -3.15     0.19     1.84      0.0056    -55.76 LEFT    4.7293E-04   -479.74  6.9484E-04   -300.43
   15.00    235.00     -3.05     0.59     2.15      0.0116    -56.69 LEFT    4.7827E-04   -480.55  7.2767E-04   -302.00
   20.00    235.00     -2.96     1.11     2.54      0.0182    -57.94 LEFT    4.8364E-04   -481.61  7.7201E-04   -303.93
   25.00    235.00     -2.89     1.69     2.99      0.0243    -59.48 LEFT    4.8716E-04   -482.85  8.2572E-04   -306.04
   30.00    235.00     -2.90     2.30     3.44      0.0289    -61.24 LEFT    4.8671E-04   -484.25  8.8558E-04   -308.17
   35.00    235.00     -3.02     2.88     3.88      0.0313    -63.15 LEFT    4.8021E-04   -485.76  9.4710E-04   -310.21
   40.00    235.00     -3.28     3.39     4.24      0.0312    -65.16 LEFT    4.6593E-04   -487.41  1.0046E-03   -312.09
   45.00    235.00     -3.72     3.79     4.50      0.0285    -67.20 LEFT    4.4279E-04   -489.21  1.0511E-03   -313.77
   50.00    235.00     -4.38     4.01     4.60      0.0232    -69.20 LEFT    4.1063E-04   -491.22  1.0791E-03   -315.22
   55.00    235.00     -5.27     4.03     4.51      0.0156    -71.10 LEFT    3.7034E-04   -133.53  1.0807E-03   -316.45
   60.00    235.00     -6.44     3.76     4.16      0.0060    -72.84 LEFT    3.2387E-04   -136.23  1.0484E-03   -317.44
   65.00    235.00     -7.89     3.15     3.48      0.0055    -74.33 RIGHT   2.7392E-04   -139.43  9.7638E-04   -318.22
   70.00    235.00     -9.67     2.05     2.33      0.0187    -75.49 RIGHT   2.2336E-04   -143.20  8.6064E-04   -318.78
   75.00    235.00    -11.82     0.26     0.52      0.0341    -76.16 RIGHT   1.7423E-04   -147.49  7.0046E-04   -319.13
   80.00    235.00    -14.63    -2.69    -2.42      0.0526    -76.10 RIGHT   1.2618E-04   -152.04  4.9866E-04   -319.29
   85.00    235.00    -19.29    -8.29    -7.95      0.0775    -74.84 RIGHT   7.3751E-05   -156.41  2.6182E-04   -319.24
   90.00    235.00   -999.99  -999.99  -999.99      0.0000      0.00         5.6259E-15   -340.47  1.5804E-14   -139.01
    0.00    240.00     -4.44     0.33     1.58      0.0000    -60.00 LINEAR  4.0773E-04   -479.04  7.0621E-04   -299.04
    5.00    240.00     -4.41     0.42     1.66      0.0014    -60.18 LEFT    4.0898E-04   -479.22  7.1344E-04   -299.40
   10.00    240.00     -4.34     0.68     1.87      0.0052    -60.70 LEFT    4.1247E-04   -479.74  7.3496E-04   -300.43
   15.00    240.00     -4.24     1.09     2.20      0.0106    -61.55 LEFT    4.1737E-04   -480.56  7.7014E-04   -302.00
   20.00    240.00     -4.13     1.61     2.63      0.0165    -62.69 LEFT    4.2239E-04   -481.62  8.1769E-04   -303.94
   25.00    240.00     -4.06     2.20     3.12      0.0218    -64.08 LEFT    4.2586E-04   -482.87  8.7538E-04   -306.05
   30.00    240.00     -4.06     2.81     3.63      0.0257    -65.65 LEFT    4.2590E-04   -484.27  9.3978E-04   -308.18
   35.00    240.00     -4.17     3.41     4.11      0.0276    -67.35 LEFT    4.2068E-04   -485.79  1.0062E-03   -310.23
   40.00    240.00     -4.42     3.93     4.52      0.0272    -69.12 LEFT    4.0863E-04   -487.44  1.0684E-03   -312.11
   45.00    240.00     -4.85     4.33     4.83      0.0245    -70.89 LEFT    3.8876E-04   -489.25  1.1191E-03   -313.79
   50.00    240.00     -5.50     4.57     4.98      0.0198    -72.61 LEFT    3.6088E-04   -131.28  1.1501E-03   -315.24
   55.00    240.00     -6.39     4.59     4.92      0.0131    -74.24 LEFT    3.2575E-04   -133.59  1.1529E-03   -316.46
   60.00    240.00     -7.55     4.34     4.61      0.0048    -75.72 LEFT    2.8506E-04   -136.31  1.1196E-03   -317.46
   65.00    240.00     -9.00     3.72     3.95      0.0049    -76.99 RIGHT   2.4120E-04   -139.53  1.0435E-03   -318.24
   70.00    240.00    -10.77     2.63     2.83      0.0162    -77.97 RIGHT   1.9672E-04   -143.33  9.2043E-04   -318.80
   75.00    240.00    -12.93     0.85     1.03      0.0291    -78.54 RIGHT   1.5345E-04   -147.66  7.4954E-04   -319.15
   80.00    240.00    -15.73    -2.10    -1.91      0.0448    -78.51 RIGHT   1.1111E-04   -152.26  5.3381E-04   -319.31
   85.00    240.00    -20.40    -7.69    -7.47      0.0660    -77.48 RIGHT   6.4937E-05   -156.66  2.8035E-04   -319.26
   90.00    240.00   -999.99  -999.99  -999.99      0.0000      0.00         4.9534E-15   -340.74  1.6924E-14   -139.03
    0.00    245.00     -5.90     0.73     1.58      0.0000    -65.00 LINEAR  3.4463E-04   -479.04  7.3906E-04   -299.04
    5.00    245.00     -5.87     0.82     1.66      0.0012    -65.16 LEFT    3.4573E-04   -479.22  7.4671E-04   -299.40
   10.00    245.00     -5.79     1.08     1.89      0.0046    -65.62 LEFT    3.4879E-04   -479.74  7.6949E-04   -300.44
   15.00    245.00     -5.69     1.49     2.25      0.0093    -66.37 LEFT    3.5312E-04   -480.56  8.0674E-04   -302.01
   20.00    245.00     -5.58     2.01     2.71      0.0144    -67.36 LEFT    3.5762E-04   -481.63  8.5714E-04   -303.94
   25.00    245.00     -5.50     2.61     3.24      0.0189    -68.57 LEFT    3.6086E-04   -482.89  9.1837E-04   -306.06
   30.00    245.00     -5.49     3.24     3.78      0.0220    -69.93 LEFT    3.6124E-04   -484.29  9.8684E-04   -308.20
   35.00    245.00     -5.59     3.84     4.31      0.0234    -71.38 LEFT    3.5717E-04   -485.82  1.0576E-03   -310.24
   40.00    245.00     -5.83     4.37     4.77      0.0229    -72.88 LEFT    3.4729E-04   -487.47  1.1241E-03   -312.13
   45.00    245.00     -6.26     4.78     5.11      0.0205    -74.36 LEFT    3.3072E-04   -489.29  1.1786E-03   -313.80
   50.00    245.00     -6.90     5.03     5.30      0.0163    -75.81 LEFT    3.0728E-04   -131.32  1.2124E-03   -315.26
   55.00    245.00     -7.78     5.06     5.28      0.0107    -77.16 LEFT    2.7757E-04   -133.65  1.2165E-03   -316.48
   60.00    245.00     -8.93     4.81     4.99      0.0038    -78.39 LEFT    2.4305E-04   -136.38  1.1823E-03   -317.48
   65.00    245.00    -10.38     4.20     4.35      0.0043    -79.43 RIGHT   2.0573E-04   -139.62  1.1027E-03   -318.26
   70.00    245.00    -12.15     3.12     3.25      0.0135    -80.25 RIGHT   1.6782E-04   -143.45  9.7330E-04   -318.82
   75.00    245.00    -14.31     1.34     1.46      0.0242    -80.73 RIGHT   1.3090E-04   -147.82  7.9298E-04   -319.17
   80.00    245.00    -17.11    -1.61    -1.49      0.0371    -80.71 RIGHT   9.4778E-05   -152.45  5.6496E-04   -319.32
   85.00    245.00    -21.78    -7.20    -7.05      0.0547    -79.88 RIGHT   5.5386E-05   -156.89  2.9677E-04   -319.28
   90.00    245.00   -999.99  -999.99  -999.99      0.0000      0.00         4.2246E-15   -340.97  1.7917E-14   -139.05
    0.00    250.00     -7.74     1.04     1.58      0.0000    -70.00 LINEAR  2.7890E-04   -479.04  7.6628E-04   -299.04
    5.00    250.00     -7.71     1.13     1.67      0.0010    -70.13 LEFT    2.7982E-04   -479.22  7.7429E-04   -299.40
   10.00    250.00     -7.63     1.40     1.91      0.0038    -70.52 LEFT    2.8238E-04   -479.74  7.9813E-04   -300.44
   15.00    250.00     -7.52     1.81     2.29      0.0077    -71.14 LEFT    2.8602E-04   -480.57  8.3716E-04   -302.01
   20.00    250.00     -7.40     2.34     2.78      0.0119    -71.97 LEFT    2.8983E-04   -481.64  8.8999E-04   -303.95
   25.00    250.00     -7.32     2.95     3.34      0.0155    -72.97 LEFT    2.9267E-04   -482.90  9.5424E-04   -306.07
   30.00    250.00     -7.30     3.58     3.92      0.0180    -74.08 LEFT    2.9322E-04   -484.30  1.0262E-03   -308.21
   35.00    250.00     -7.39     4.19     4.48      0.0190    -75.27 LEFT    2.9016E-04   -485.84  1.1007E-03   -310.26
   40.00    250.00     -7.63     4.72     4.97      0.0184    -76.48 LEFT    2.8238E-04   -487.50  1.1709E-03   -312.14
   45.00    250.00     -8.05     5.14     5.35      0.0164    -77.68 LEFT    2.6914E-04   -489.32  1.2287E-03   -313.82
   50.00    250.00     -8.68     5.40     5.56      0.0130    -78.83 LEFT    2.5025E-04   -131.36  1.2650E-03   -315.27
   55.00    250.00     -9.56     5.43     5.57      0.0084    -79.91 LEFT    2.2621E-04   -133.70  1.2703E-03   -316.50
   60.00    250.00    -10.71     5.19     5.30      0.0029    -80.89 LEFT    1.9818E-04   -136.44  1.2354E-03   -317.49
   65.00    250.00    -12.15     4.59     4.68      0.0036    -81.72 RIGHT   1.6780E-04   -139.70  1.1530E-03   -318.27
   70.00    250.00    -13.92     3.51     3.59      0.0109    -82.37 RIGHT   1.3690E-04   -143.56  1.0182E-03   -318.83
   75.00    250.00    -16.08     1.73     1.81      0.0193    -82.75 RIGHT   1.0679E-04   -147.95  8.2993E-04   -319.19
   80.00    250.00    -18.88    -1.21    -1.13      0.0295    -82.74 RIGHT   7.7311E-05   -152.62  5.9147E-04   -319.34
   85.00    250.00    -23.55    -6.80    -6.71      0.0436    -82.10 RIGHT   4.5175E-05   -157.09  3.1076E-04   -319.30
   90.00    250.00   -999.99  -999.99  -999.99      0.0000      0.00         3.4457E-15   -341.18  1.8762E-14   -139.06
    0.00    255.00    -10.16     1.28     1.58      0.0000    -75.00 LINEAR  2.1106E-04   -479.04  7.8767E-04   -299.04
    5.00    255.00    -10.13     1.37     1.67      0.0008    -75.10 LEFT    2.1177E-04   -479.22  7.9597E-04   -299.40
   10.00    255.00    -10.05     1.64     1.92      0.0030    -75.40 LEFT    2.1375E-04   -479.75  8.2067E-04   -300.44
   15.00    255.00     -9.93     2.06     2.32      0.0060    -75.89 LEFT    2.1659E-04   -480.57  8.6111E-04   -302.02
   20.00    255.00     -9.81     2.59     2.83      0.0091    -76.53 LEFT    2.1959E-04   -481.65  9.1590E-04   -303.96
   25.00    255.00     -9.72     3.20     3.42      0.0119    -77.29 LEFT    2.2187E-04   -482.91  9.8259E-04   -306.08
   30.00    255.00     -9.70     3.84     4.03      0.0137    -78.14 LEFT    2.2243E-04   -484.32  1.0574E-03   -308.22
   35.00    255.00     -9.79     4.45     4.61      0.0144    -79.05 LEFT    2.2026E-04   -485.85  1.1348E-03   -310.26
   40.00    255.00    -10.02     5.00     5.13      0.0139    -79.96 LEFT    2.1451E-04   -487.52  1.2081E-03   -312.15
   45.00    255.00    -10.43     5.42     5.53      0.0123    -80.87 LEFT    2.0458E-04   -489.35  1.2686E-03   -313.83
   50.00    255.00    -11.06     5.68     5.77      0.0097    -81.73 LEFT    1.9035E-04   -131.39  1.3070E-03   -315.28
   55.00    255.00    -11.93     5.72     5.79      0.0062    -82.54 LEFT    1.7215E-04   -133.74  1.3132E-03   -316.51
   60.00    255.00    -13.07     5.48     5.54      0.0021    -83.27 LEFT    1.5088E-04   -136.49  1.2779E-03   -317.50
   65.00    255.00    -14.52     4.89     4.94      0.0027    -83.89 RIGHT   1.2779E-04   -139.77  1.1933E-03   -318.28
   70.00    255.00    -16.28     3.81     3.85      0.0082    -84.37 RIGHT   1.0427E-04   -143.64  1.0542E-03   -318.84
   75.00    255.00    -18.44     2.04     2.08      0.0145    -84.66 RIGHT   8.1336E-05   -148.06  8.5960E-04   -319.20
   80.00    255.00    -21.25    -0.90    -0.86      0.0221    -84.66 RIGHT   5.8880E-05   -152.75  6.1276E-04   -319.35
   85.00    255.00    -25.91    -6.49    -6.44      0.0326    -84.19 RIGHT   3.4403E-05   -157.24  3.2199E-04   -319.31
   90.00    255.00   -999.99  -999.99  -999.99      0.0000      0.00         2.6238E-15   -341.34  1.9442E-14   -139.07
    0.00    260.00    -13.62     1.45     1.58      0.0000    -80.00 LINEAR  1.4160E-04   -479.04  8.0307E-04   -299.04
    5.00    260.00    -13.60     1.54     1.67      0.0005    -80.07 LEFT    1.4209E-04   -479.22  8.1158E-04   -299.40
   10.00    260.00    -13.51     1.81     1.93      0.0020    -80.27 LEFT    1.4344E-04   -479.75  8.3690E-04   -300.44
   15.00    260.00    -13.40     2.23     2.34      0.0041    -80.60 LEFT    1.4539E-04   -480.58  8.7838E-04   -302.02
   20.00    260.00    -13.27     2.77     2.87      0.0062    -81.04 LEFT    1.4745E-04   -481.65  9.3461E-04   -303.96
   25.00    260.00    -13.18     3.38     3.48      0.0080    -81.56 LEFT    1.4905E-04   -482.92  1.0031E-03   -306.08
   30.00    260.00    -13.15     4.02     4.10      0.0092    -82.14 LEFT    1.4950E-04   -484.33  1.0799E-03   -308.22
   35.00    260.00    -13.23     4.64     4.71      0.0097    -82.74 LEFT    1.4812E-04   -485.87  1.1596E-03   -310.27
   40.00    260.00    -13.46     5.19     5.25      0.0093    -83.36 LEFT    1.4432E-04   -487.54  1.2351E-03   -312.16
   45.00    260.00    -13.87     5.62     5.67      0.0082    -83.96 LEFT    1.3772E-04   -489.37  1.2976E-03   -313.84
   50.00    260.00    -14.49     5.88     5.92      0.0064    -84.54 LEFT    1.2819E-04   -131.42  1.3375E-03   -315.29
   55.00    260.00    -15.36     5.93     5.96      0.0041    -85.08 LEFT    1.1598E-04   -133.77  1.3445E-03   -316.51
   60.00    260.00    -16.50     5.69     5.72      0.0013    -85.56 LEFT    1.0168E-04   -136.53  1.3090E-03   -317.51
   65.00    260.00    -17.94     5.10     5.12      0.0019    -85.97 RIGHT   8.6140E-05   -139.82  1.2227E-03   -318.29
   70.00    260.00    -19.71     4.03     4.05      0.0055    -86.29 RIGHT   7.0292E-05   -143.70  1.0806E-03   -318.85
   75.00    260.00    -21.87     2.26     2.27      0.0096    -86.48 RIGHT   5.4831E-05   -148.14  8.8130E-04   -319.21
   80.00    260.00    -24.67    -0.68    -0.66      0.0147    -86.48 RIGHT   3.9691E-05   -152.85  6.2835E-04   -319.36
   85.00    260.00    -29.34    -6.27    -6.25      0.0217    -86.18 RIGHT   2.3190E-05   -157.36  3.3022E-04   -319.32
   90.00    260.00   -999.99  -999.99  -999.99      0.0000      0.00         1.7687E-15   -341.47  1.9939E-14   -139.08
    0.00    265.00    -19.61     1.55     1.58      0.0000    -85.00 LINEAR  7.1072E-05   -479.04  8.1236E-04   -299.04
    5.00    265.00    -19.58     1.64     1.67      0.0003    -85.04 LEFT    7.1318E-05   -479.22  8.2099E-04   -299.40
   10.00    265.00    -19.50     1.91     1.94      0.0010    -85.14 LEFT    7.2006E-05   -479.75  8.4670E-04   -300.44
   15.00    265.00    -19.38     2.33     2.36      0.0021    -85.31 LEFT    7.2993E-05   -480.58  8.8881E-04   -302.02
   20.00    265.00    -19.26     2.87     2.90      0.0031    -85.53 LEFT    7.4048E-05   -481.65  9.4591E-04   -303.96
   25.00    265.00    -19.16     3.49     3.51      0.0040    -85.79 LEFT    7.4869E-05   -482.92  1.0155E-03   -306.08
   30.00    265.00    -19.13     4.13     4.15      0.0046    -86.08 LEFT    7.5117E-05   -484.33  1.0936E-03   -308.23
   35.00    265.00    -19.21     4.75     4.77      0.0048    -86.38 LEFT    7.4447E-05   -485.88  1.1746E-03   -310.28
   40.00    265.00    -19.43     5.30     5.32      0.0046    -86.69 LEFT    7.2562E-05   -487.55  1.2515E-03   -312.16
   45.00    265.00    -19.84     5.73     5.75      0.0041    -86.99 LEFT    6.9261E-05   -489.38  1.3153E-03   -313.84
   50.00    265.00    -20.46     6.00     6.01      0.0032    -87.28 LEFT    6.4489E-05   -131.43  1.3561E-03   -315.29
   55.00    265.00    -21.32     6.05     6.06      0.0020    -87.55 LEFT    5.8362E-05   -133.79  1.3636E-03   -316.52
   60.00    265.00    -22.46     5.82     5.82      0.0006    -87.79 LEFT    5.1175E-05   -136.55  1.3279E-03   -317.52
   65.00    265.00    -23.90     5.23     5.23      0.0009    -88.00 RIGHT   4.3358E-05   -139.85  1.2407E-03   -318.30
   70.00    265.00    -25.67     4.16     4.16      0.0027    -88.16 RIGHT   3.5383E-05   -143.74  1.0967E-03   -318.86
   75.00    265.00    -27.83     2.39     2.39      0.0048    -88.25 RIGHT   2.7600E-05   -148.19  8.9454E-04   -319.21
   80.00    265.00    -30.63    -0.55    -0.55      0.0073    -88.26 RIGHT   1.9979E-05   -152.91  6.3786E-04   -319.37
   85.00    265.00    -35.30    -6.14    -6.13      0.0108    -88.10 RIGHT   1.1673E-05   -157.43  3.3524E-04   -319.32
   90.00    265.00   -999.99  -999.99  -999.99      0.0000      0.00         8.9030E-16   -341.55  2.0243E-14   -139.09
    0.00    270.00   -999.99     1.58     1.58      0.0000     90.00 LINEAR  1.2485E-14   -299.04  8.1546E-04   -299.04
    5.00    270.00   -999.99     1.67     1.67      0.0000     90.00 LINEAR  2.3433E-14   -265.72  8.2414E-04   -299.40
   10.00    270.00   -999.99     1.94     1.94      0.0000     90.00 LINEAR  3.6383E-14   -256.39  8.4997E-04   -300.44
   15.00    270.00   -999.99     2.36     2.36      0.0000     90.00 LINEAR  4.8298E-14   -253.77  8.9230E-04   -302.02
   20.00    270.00   -999.99     2.91     2.91      0.0000     90.00 LINEAR  5.8003E-14   -254.28  9.4969E-04   -303.96
   25.00    270.00   -999.99     3.52     3.52      0.0000     90.00 LINEAR  6.4774E-14   -257.16  1.0196E-03   -306.09
   30.00    270.00   -199.96     4.17     4.17      0.0000     90.00 LINEAR  6.8316E-14   -262.55  1.0981E-03   -308.23
   35.00    270.00   -199.86     4.79     4.79      0.0000     90.00 LINEAR  6.9071E-14   -271.12  1.1797E-03   -310.28
   40.00    270.00   -199.91     5.34     5.34      0.0000     90.00 LINEAR  6.8703E-14   -283.80  1.2570E-03   -312.16
   45.00    270.00   -199.69     5.77     5.77      0.0000     90.00 LINEAR  7.0406E-14   -300.66  1.3212E-03   -313.84
   50.00    270.00   -198.83     6.04     6.04      0.0000     90.00 LINEAR  7.7786E-14   -319.26  1.3623E-03   -315.30
   55.00    270.00   -197.37     6.09     6.09      0.0000     90.00 LINEAR  9.2004E-14   -335.69  1.3700E-03   -316.52
   60.00    270.00   -195.77     5.86     5.86      0.0000     90.00 LINEAR  1.1060E-13   -348.05  1.3342E-03   -317.52
   65.00    270.00   -194.43     5.27     5.27      0.0000     90.00 LINEAR  1.2904E-13   -356.78  1.2467E-03   -318.30
   70.00    270.00   -193.60     4.20     4.20      0.0000     90.00 LINEAR  1.4205E-13   -362.95  1.1020E-03   -318.86
   75.00    270.00   -193.49     2.43     2.43      0.0000     90.00 LINEAR  1.4389E-13   -367.45  8.9899E-04   -319.21
   80.00    270.00   -194.50    -0.51    -0.51      0.0000     90.00 LINEAR  1.2797E-13   -370.96  6.4106E-04   -319.37
   85.00    270.00   -198.02    -6.10    -6.10      0.0000     90.00 LINEAR  8.5383E-14   -374.07  3.3693E-04   -319.33
   90.00    270.00   -999.99  -999.99  -999.99      0.0000      0.00         2.6977E-20   -223.07  2.0345E-14   -139.09
    0.00    275.00    -19.61     1.55     1.58      0.0000     85.00 LINEAR  7.1072E-05   -299.04  8.1236E-04   -299.04
    5.00    275.00    -19.58     1.64     1.67      0.0003     85.04 RIGHT   7.1318E-05   -299.22  8.2099E-04   -299.40
   10.00    275.00    -19.50     1.91     1.94      0.0010     85.14 RIGHT   7.2006E-05   -299.75  8.4670E-04   -300.44
   15.00    275.00    -19.38     2.33     2.36      0.0021     85.31 RIGHT   7.2993E-05   -300.58  8.8881E-04   -302.02
   20.00    275.00    -19.26     2.87     2.90      0.0031     85.53 RIGHT   7.4048E-05   -301.65  9.4591E-04   -303.96
   25.00    275.00    -19.16     3.49     3.51      0.0040     85.79 RIGHT   7.4869E-05   -302.92  1.0155E-03   -306.08
   30.00    275.00    -19.13     4.13     4.15      0.0046     86.08 RIGHT   7.5117E-05   -304.33  1.0936E-03   -308.23
   35.00    275.00    -19.21     4.75     4.77      0.0048     86.38 RIGHT   7.4447E-05   -305.88  1.1746E-03   -310.28
   40.00    275.00    -19.43     5.30     5.32      0.0046     86.69 RIGHT   7.2562E-05   -307.55  1.2515E-03   -312.16
   45.00    275.00    -19.84     5.73     5.75      0.0041     86.99 RIGHT   6.9261E-05   -309.38  1.3153E-03   -313.84
   50.00    275.00    -20.46     6.00     6.01      0.0032     87.28 RIGHT   6.4489E-05   -311.43  1.3561E-03   -315.29
   55.00    275.00    -21.32     6.05     6.06      0.0020     87.55 RIGHT   5.8362E-05   -313.79  1.3636E-03   -316.52
   60.00    275.00    -22.46     5.82     5.82      0.0006     87.79 RIGHT   5.1175E-05   -316.55  1.3279E-03   -317.52
   65.00    275.00    -23.90     5.23     5.23      0.0009     88.00 LEFT    4.3358E-05   -319.85  1.2407E-03   -318.30
   70.00    275.00    -25.67     4.16     4.16      0.0027     88.16 LEFT    3.5383E-05   -323.74  1.0967E-03   -318.86
   75.00    275.00    -27.83     2.39     2.39      0.0048     88.25 LEFT    2.7600E-05   -328.19  8.9454E-04   -319.21
   80.00    275.00    -30.63    -0.55    -0.55      0.0073     88.26 LEFT    1.9979E-05   -332.91  6.3786E-04   -319.37
   85.00    275.00    -35.30    -6.14    -6.13      0.0108     88.10 LEFT    1.1673E-05   -337.43  3.3524E-04   -319.32
   90.00    275.00   -999.99  -999.99  -999.99      0.0000      0.00         8.9026E-16   -161.54  2.0243E-14   -139.09
    0.00    280.00    -13.62     1.45     1.58      0.0000     80.00 LINEAR  1.4160E-04   -299.04  8.0307E-04   -299.04
    5.00    280.00    -13.60     1.54     1.67      0.0005     80.07 RIGHT   1.4209E-04   -299.22  8.1158E-04   -299.40
   10.00    280.00    -13.51     1.81     1.93      0.0020     80.27 RIGHT   1.4344E-04   -299.75  8.3690E-04   -300.44
   15.00    280.00    -13.40     2.23     2.34      0.0041     80.60 RIGHT   1.4539E-04   -300.58  8.7838E-04   -302.02
   20.00    280.00    -13.27     2.77     2.87      0.0062     81.04 RIGHT   1.4745E-04   -301.65  9.3461E-04   -303.96
   25.00    280.00    -13.18     3.38     3.48      0.0080     81.56 RIGHT   1.4905E-04   -302.92  1.0031E-03   -306.08
   30.00    280.00    -13.15     4.02     4.10      0.0092     82.14 RIGHT   1.4950E-04   -304.33  1.0799E-03   -308.22
   35.00    280.00    -13.23     4.64     4.71      0.0097     82.74 RIGHT   1.4812E-04   -305.87  1.1596E-03   -310.27
   40.00    280.00    -13.46     5.19     5.25      0.0093     83.36 RIGHT   1.4432E-04   -307.54  1.2351E-03   -312.16
   45.00    280.00    -13.87     5.62     5.67      0.0082     83.96 RIGHT   1.3772E-04   -309.37  1.2976E-03   -313.84
   50.00    280.00    -14.49     5.88     5.92      0.0064     84.54 RIGHT   1.2819E-04   -311.42  1.3375E-03   -315.29
   55.00    280.00    -15.36     5.93     5.96      0.0041     85.08 RIGHT   1.1598E-04   -313.77  1.3445E-03   -316.51
   60.00    280.00    -16.50     5.69     5.72      0.0013     85.56 RIGHT   1.0168E-04   -316.53  1.3090E-03   -317.51
   65.00    280.00    -17.94     5.10     5.12      0.0019     85.97 LEFT    8.6140E-05   -319.82  1.2227E-03   -318.29
   70.00    280.00    -19.71     4.03     4.05      0.0055     86.29 LEFT    7.0292E-05   -323.70  1.0806E-03   -318.85
   75.00    280.00    -21.87     2.26     2.27      0.0096     86.48 LEFT    5.4831E-05   -328.14  8.8130E-04   -319.21
   80.00    280.00    -24.67    -0.68    -0.66      0.0147     86.48 LEFT    3.9691E-05   -332.85  6.2835E-04   -319.36
   85.00    280.00    -29.34    -6.27    -6.25      0.0217     86.18 LEFT    2.3190E-05   -337.36  3.3022E-04   -319.32
   90.00    280.00   -999.99  -999.99  -999.99      0.0000      0.00         1.7687E-15   -161.47  1.9939E-14   -139.08
    0.00    285.00    -10.16     1.28     1.58      0.0000     75.00 LINEAR  2.1106E-04   -299.04  7.8767E-04   -299.04
    5.00    285.00    -10.13     1.37     1.67      0.0008     75.10 RIGHT   2.1177E-04   -299.22  7.9597E-04   -299.40
   10.00    285.00    -10.05     1.64     1.92      0.0030     75.40 RIGHT   2.1375E-04   -299.75  8.2067E-04   -300.44
   15.00    285.00     -9.93     2.06     2.32      0.0060     75.89 RIGHT   2.1659E-04   -300.57  8.6111E-04   -302.02
   20.00    285.00     -9.81     2.59     2.83      0.0091     76.53 RIGHT   2.1959E-04   -301.65  9.1590E-04   -303.96
   25.00    285.00     -9.72     3.20     3.42      0.0119     77.29 RIGHT   2.2187E-04   -302.91  9.8259E-04   -306.08
   30.00    285.00     -9.70     3.84     4.03      0.0137     78.14 RIGHT   2.2243E-04   -304.32  1.0574E-03   -308.22
   35.00    285.00     -9.79     4.45     4.61      0.0144     79.05 RIGHT   2.2026E-04   -305.85  1.1348E-03   -310.26
   40.00    285.00    -10.02     5.00     5.13      0.0139     79.96 RIGHT   2.1451E-04   -307.52  1.2081E-03   -312.15
   45.00    285.00    -10.43     5.42     5.53      0.0123     80.87 RIGHT   2.0458E-04   -309.35  1.2686E-03   -313.83
   50.00    285.00    -11.06     5.68     5.77      0.0097     81.73 RIGHT   1.9035E-04   -311.39  1.3070E-03   -315.28
   55.00    285.00    -11.93     5.72     5.79      0.0062     82.54 RIGHT   1.7215E-04   -313.74  1.3132E-03   -316.51
   60.00    285.00    -13.07     5.48     5.54      0.0021     83.27 RIGHT   1.5088E-04   -316.49  1.2779E-03   -317.50
   65.00    285.00    -14.52     4.89     4.94      0.0027     83.89 LEFT    1.2779E-04   -319.77  1.1933E-03   -318.28
   70.00    285.00    -16.28     3.81     3.85      0.0082     84.37 LEFT    1.0427E-04   -323.64  1.0542E-03   -318.84
   75.00    285.00    -18.44     2.04     2.08      0.0145     84.66 LEFT    8.1336E-05   -328.06  8.5960E-04   -319.20
   80.00    285.00    -21.25    -0.90    -0.86      0.0221     84.66 LEFT    5.8880E-05   -332.75  6.1276E-04   -319.35
   85.00    285.00    -25.91    -6.49    -6.44      0.0326     84.19 LEFT    3.4403E-05   -337.24  3.2199E-04   -319.31
   90.00    285.00   -999.99  -999.99  -999.99      0.0000      0.00         2.6239E-15   -161.34  1.9442E-14   -139.07
    0.00    290.00     -7.74     1.04     1.58      0.0000     70.00 LINEAR  2.7890E-04   -299.04  7.6628E-04   -299.04
    5.00    290.00     -7.71     1.13     1.67      0.0010     70.13 RIGHT   2.7982E-04   -299.22  7.7429E-04   -299.40
   10.00    290.00     -7.63     1.40     1.91      0.0038     70.52 RIGHT   2.8238E-04   -299.74  7.9813E-04   -300.44
   15.00    290.00     -7.52     1.81     2.29      0.0077     71.14 RIGHT   2.8602E-04   -300.57  8.3716E-04   -302.01
   20.00    290.00     -7.40     2.34     2.78      0.0119     71.97 RIGHT   2.8983E-04   -301.64  8.8999E-04   -303.95
   25.00    290.00     -7.32     2.95     3.34      0.0155     72.97 RIGHT   2.9267E-04   -302.90  9.5424E-04   -306.07
   30.00    290.00     -7.30     3.58     3.92      0.0180     74.08 RIGHT   2.9322E-04   -304.30  1.0262E-03   -308.21
   35.00    290.00     -7.39     4.19     4.48      0.0190     75.27 RIGHT   2.9016E-04   -305.84  1.1007E-03   -310.26
   40.00    290.00     -7.63     4.72     4.97      0.0184     76.48 RIGHT   2.8238E-04   -307.50  1.1709E-03   -312.14
   45.00    290.00     -8.05     5.14     5.35      0.0164     77.68 RIGHT   2.6914E-04   -309.32  1.2287E-03   -313.82
   50.00    290.00     -8.68     5.40     5.56      0.0130     78.83 RIGHT   2.5025E-04   -311.36  1.2650E-03   -315.27
   55.00    290.00     -9.56     5.43     5.57      0.0084     79.91 RIGHT   2.2621E-04   -313.70  1.2703E-03   -316.50
   60.00    290.00    -10.71     5.19     5.30      0.0029     80.89 RIGHT   1.9818E-04   -316.44  1.2354E-03   -317.49
   65.00    290.00    -12.15     4.59     4.68      0.0036     81.72 LEFT    1.6780E-04   -319.70  1.1530E-03   -318.27
   70.00    290.00    -13.92     3.51     3.59      0.0109     82.37 LEFT    1.3690E-04   -323.56  1.0182E-03   -318.83
   75.00    290.00    -16.08     1.73     1.81      0.0193     82.75 LEFT    1.0679E-04   -327.95  8.2993E-04   -319.19
   80.00    290.00    -18.88    -1.21    -1.13      0.0295     82.74 LEFT    7.7311E-05   -332.62  5.9147E-04   -319.34
   85.00    290.00    -23.55    -6.80    -6.71      0.0436     82.10 LEFT    4.5175E-05   -337.09  3.1076E-04   -319.30
   90.00    290.00   -999.99  -999.99  -999.99      0.0000      0.00         3.4456E-15   -161.18  1.8762E-14   -139.06
    0.00    295.00     -5.90     0.73     1.58      0.0000     65.00 LINEAR  3.4463E-04   -299.04  7.3906E-04   -299.04
    5.00    295.00     -5.87     0.82     1.66      0.0012     65.16 RIGHT   3.4573E-04   -299.22  7.4671E-04   -299.40
   10.00    295.00     -5.79     1.08     1.89      0.0046     65.62 RIGHT   3.4879E-04   -299.74  7.6949E-04   -300.44
   15.00    295.00     -5.69     1.49     2.25      0.0093     66.37 RIGHT   3.5312E-04   -300.56  8.0674E-04   -302.01
   20.00    295.00     -5.58     2.01     2.71      0.0144     67.36 RIGHT   3.5762E-04   -301.63  8.5714E-04   -303.94
   25.00    295.00     -5.50     2.61     3.24      0.0189     68.57 RIGHT   3.6086E-04   -302.89  9.1837E-04   -306.06
   30.00    295.00     -5.49     3.24     3.78      0.0220     69.93 RIGHT   3.6124E-04   -304.29  9.8684E-04   -308.20
   35.00    295.00     -5.59     3.84     4.31      0.0234     71.38 RIGHT   3.5717E-04   -305.82  1.0576E-03   -310.24
   40.00    295.00     -5.83     4.37     4.77      0.0229     72.88 RIGHT   3.4729E-04   -307.47  1.1241E-03   -312.13
   45.00    295.00     -6.26     4.78     5.11      0.0205     74.36 RIGHT   3.3072E-04   -309.29  1.1786E-03   -313.80
   50.00    295.00     -6.90     5.03     5.30      0.0163     75.81 RIGHT   3.0728E-04   -311.32  1.2124E-03   -315.26
   55.00    295.00     -7.78     5.06     5.28      0.0107     77.16 RIGHT   2.7757E-04   -313.65  1.2165E-03   -316.48
   60.00    295.00     -8.93     4.81     4.99      0.0038     78.39 RIGHT   2.4305E-04   -316.38  1.1823E-03   -317.48
   65.00    295.00    -10.38     4.20     4.35      0.0043     79.43 LEFT    2.0573E-04   -319.62  1.1027E-03   -318.26
   70.00    295.00    -12.15     3.12     3.25      0.0135     80.25 LEFT    1.6782E-04   -323.45  9.7330E-04   -318.82
   75.00    295.00    -14.31     1.34     1.46      0.0242     80.73 LEFT    1.3090E-04   -327.82  7.9298E-04   -319.17
   80.00    295.00    -17.11    -1.61    -1.49      0.0371     80.71 LEFT    9.4778E-05   -332.45  5.6496E-04   -319.32
   85.00    295.00    -21.78    -7.20    -7.05      0.0547     79.88 LEFT    5.5386E-05   -336.89  2.9677E-04   -319.28
   90.00    295.00   -999.99  -999.99  -999.99      0.0000      0.00         4.2246E-15   -160.97  1.7917E-14   -139.05
    0.00    300.00     -4.44     0.33     1.58      0.0000     60.00 LINEAR  4.0773E-04   -299.04  7.0621E-04   -299.04
    5.00    300.00     -4.41     0.42     1.66      0.0014     60.18 RIGHT   4.0898E-04   -299.22  7.1344E-04   -299.40
   10.00    300.00     -4.34     0.68     1.87      0.0052     60.70 RIGHT   4.1247E-04   -299.74  7.3496E-04   -300.43
   15.00    300.00     -4.24     1.09     2.20      0.0106     61.55 RIGHT   4.1737E-04   -300.56  7.7014E-04   -302.00
   20.00    300.00     -4.13     1.61     2.63      0.0165     62.69 RIGHT   4.2239E-04   -301.62  8.1769E-04   -303.94
   25.00    300.00     -4.06     2.20     3.12      0.0218     64.08 RIGHT   4.2586E-04   -302.87  8.7538E-04   -306.05
   30.00    300.00     -4.06     2.81     3.63      0.0257     65.65 RIGHT   4.2590E-04   -304.27  9.3978E-04   -308.18
   35.00    300.00     -4.17     3.41     4.11      0.0276     67.35 RIGHT   4.2068E-04   -305.79  1.0062E-03   -310.23
   40.00    300.00     -4.42     3.93     4.52      0.0272     69.12 RIGHT   4.0863E-04   -307.44  1.0684E-03   -312.11
   45.00    300.00     -4.85     4.33     4.83      0.0245     70.89 RIGHT   3.8876E-04   -309.25  1.1191E-03   -313.79
   50.00    300.00     -5.50     4.57     4.98      0.0198     72.61 RIGHT   3.6088E-04   -311.28  1.1501E-03   -315.24
   55.00    300.00     -6.39     4.59     4.92      0.0131     74.24 RIGHT   3.2575E-04   -313.59  1.1529E-03   -316.46
   60.00    300.00     -7.55     4.34     4.61      0.0048     75.72 RIGHT   2.8506E-04   -316.31  1.1196E-03   -317.46
   65.00    300.00     -9.00     3.72     3.95      0.0049     76.99 LEFT    2.4120E-04   -319.53  1.0435E-03   -318.24
   70.00    300.00    -10.77     2.63     2.83      0.0162     77.97 LEFT    1.9672E-04   -323.33  9.2043E-04   -318.80
   75.00    300.00    -12.93     0.85     1.03      0.0291     78.54 LEFT    1.5345E-04   -327.66  7.4954E-04   -319.15
   80.00    300.00    -15.73    -2.10    -1.91      0.0448     78.51 LEFT    1.1111E-04   -332.26  5.3381E-04   -319.31
   85.00    300.00    -20.40    -7.69    -7.47      0.0660     77.48 LEFT    6.4937E-05   -336.66  2.8035E-04   -319.26
   90.00    300.00   -999.99  -999.99  -999.99      0.0000      0.00         4.9533E-15   -160.73  1.6924E-14   -139.03
    0.00    305.00     -3.25    -0.15     1.58      0.0000     55.00 LINEAR  4.6773E-04   -299.04  6.6799E-04   -299.04
    5.00    305.00     -3.22    -0.06     1.65      0.0015     55.19 RIGHT   4.6911E-04   -299.22  6.7474E-04   -299.40
   10.00    305.00     -3.15     0.19     1.84      0.0056     55.76 RIGHT   4.7293E-04   -299.74  6.9484E-04   -300.43
   15.00    305.00     -3.05     0.59     2.15      0.0116     56.69 RIGHT   4.7827E-04   -300.55  7.2767E-04   -302.00
   20.00    305.00     -2.96     1.11     2.54      0.0182     57.94 RIGHT   4.8364E-04   -301.61  7.7201E-04   -303.93
   25.00    305.00     -2.89     1.69     2.99      0.0243     59.48 RIGHT   4.8716E-04   -302.85  8.2572E-04   -306.04
   30.00    305.00     -2.90     2.30     3.44      0.0289     61.24 RIGHT   4.8671E-04   -304.25  8.8558E-04   -308.17
   35.00    305.00     -3.02     2.88     3.88      0.0313     63.15 RIGHT   4.8021E-04   -305.76  9.4710E-04   -310.21
   40.00    305.00     -3.28     3.39     4.24      0.0312     65.16 RIGHT   4.6593E-04   -307.41  1.0046E-03   -312.09
   45.00    305.00     -3.72     3.79     4.50      0.0285     67.20 RIGHT   4.4279E-04   -309.21  1.0511E-03   -313.77
   50.00    305.00     -4.38     4.01     4.60      0.0232     69.20 RIGHT   4.1063E-04   -311.22  1.0791E-03   -315.22
   55.00    305.00     -5.27     4.03     4.51      0.0156     71.10 RIGHT   3.7034E-04   -313.53  1.0807E-03   -316.45
   60.00    305.00     -6.44     3.76     4.16      0.0060     72.84 RIGHT   3.2387E-04   -316.23  1.0484E-03   -317.44
   65.00    305.00     -7.89     3.15     3.48      0.0055     74.33 LEFT    2.7392E-04   -319.43  9.7638E-04   -318.22
   70.00    305.00     -9.67     2.05     2.33      0.0187     75.49 LEFT    2.2336E-04   -323.20  8.6064E-04   -318.78
   75.00    305.00    -11.82     0.26     0.52      0.0341     76.16 LEFT    1.7423E-04   -327.49  7.0046E-04   -319.13
   80.00    305.00    -14.63    -2.69    -2.42      0.0526     76.10 LEFT    1.2618E-04   -332.04  4.9866E-04   -319.29
   85.00    305.00    -19.29    -8.29    -7.95      0.0775     74.84 LEFT    7.3751E-05   -336.41  2.6182E-04   -319.24
   90.00    305.00   -999.99  -999.99  -999.99      0.0000      0.00         5.6259E-15   -160.47  1.5804E-14   -139.01
    0.00    310.00     -2.26    -0.73     1.58      0.0000     50.00 LINEAR  5.2417E-04   -299.04  6.2468E-04   -299.04
    5.00    310.00     -2.23    -0.65     1.64      0.0016     50.20 RIGHT   5.2564E-04   -299.22  6.3091E-04   -299.40
   10.00    310.00     -2.17    -0.40     1.82      0.0059     50.80 RIGHT   5.2972E-04   -299.73  6.4945E-04   -300.43
   15.00    310.00     -2.07     0.00     2.10      0.0123     51.78 RIGHT   5.3536E-04   -300.54  6.7972E-04   -301.99
   20.00    310.00     -1.98     0.51     2.45      0.0195     53.11 RIGHT   5.4093E-04   -301.60  7.2054E-04   -303.92
   25.00    310.00     -1.93     1.08     2.84      0.0262     54.75 RIGHT   5.4432E-04   -302.84  7.6993E-04   -306.02
   30.00    310.00     -1.95     1.68     3.25      0.0315     56.66 RIGHT   5.4321E-04   -304.22  8.2485E-04   -308.16
   35.00    310.00     -2.07     2.25     3.62      0.0346     58.76 RIGHT   5.3532E-04   -305.73  8.8114E-04   -310.20
   40.00    310.00     -2.35     2.76     3.92      0.0349     60.98 RIGHT   5.1878E-04   -307.37  9.3349E-04   -312.08
   45.00    310.00     -2.80     3.14     4.12      0.0322     63.26 RIGHT   4.9245E-04   -309.16  9.7558E-04   -313.75
   50.00    310.00     -3.46     3.36     4.18      0.0266     65.52 RIGHT   4.5620E-04   -311.17  1.0004E-03   -315.20
   55.00    310.00     -4.37     3.36     4.04      0.0182     67.69 RIGHT   4.1106E-04   -313.46  1.0008E-03   -316.43
   60.00    310.00     -5.54     3.09     3.65      0.0073     69.68 RIGHT   3.5923E-04   -316.14  9.7003E-04   -317.42
   65.00    310.00     -7.00     2.46     2.93      0.0059     71.41 LEFT    3.0368E-04   -319.31  9.0257E-04   -318.20
   70.00    310.00     -8.77     1.36     1.76      0.0212     72.74 LEFT    2.4758E-04   -323.05  7.9500E-04   -318.76
   75.00    310.00    -10.93    -0.43    -0.06      0.0391     73.51 LEFT    1.9313E-04   -327.30  6.4665E-04   -319.11
   80.00    310.00    -13.73    -3.39    -3.00      0.0606     73.41 LEFT    1.3988E-04   -331.81  4.6015E-04   -319.27
   85.00    310.00    -18.39    -8.99    -8.52      0.0891     71.90 LEFT    8.1773E-05   -336.14  2.4154E-04   -319.22
   90.00    310.00   -999.99  -999.99  -999.99      0.0000      0.00         6.2381E-15   -160.18  1.4579E-14   -138.99
    0.00    315.00     -1.43    -1.43     1.58      0.0000     45.00 LINEAR  5.7662E-04   -299.04  5.7662E-04   -299.04
    5.00    315.00     -1.41    -1.34     1.64      0.0016     45.20 RIGHT   5.7816E-04   -299.22  5.8229E-04   -299.40
   10.00    315.00     -1.34    -1.10     1.79      0.0061     45.81 RIGHT   5.8241E-04   -299.73  5.9916E-04   -300.42
   15.00    315.00     -1.26    -0.71     2.04      0.0126     46.81 RIGHT   5.8823E-04   -300.54  6.2668E-04   -301.99
   20.00    315.00     -1.17    -0.21     2.35      0.0202     48.19 RIGHT   5.9384E-04   -301.58  6.6376E-04   -303.91
   25.00    315.00     -1.13     0.36     2.69      0.0275     49.89 RIGHT   5.9694E-04   -302.82  7.0854E-04   -306.01
   30.00    315.00     -1.16     0.95     3.03      0.0334     51.89 RIGHT   5.9504E-04   -304.20  7.5824E-04   -308.14
   35.00    315.00     -1.29     1.51     3.34      0.0371     54.12 RIGHT   5.8569E-04   -305.70  8.0902E-04   -310.18
   40.00    315.00     -1.58     2.00     3.58      0.0380     56.52 RIGHT   5.6689E-04   -307.33  8.5604E-04   -312.06
   45.00    315.00     -2.04     2.38     3.72      0.0356     59.01 RIGHT   5.3747E-04   -309.12  8.9356E-04   -313.73
   50.00    315.00     -2.71     2.58     3.71      0.0298     61.51 RIGHT   4.9736E-04   -311.11  9.1523E-04   -315.18
   55.00    315.00     -3.63     2.58     3.51      0.0208     63.94 RIGHT   4.4773E-04   -313.39  9.1458E-04   -316.41
   60.00    315.00     -4.80     2.30     3.07      0.0087     66.18 RIGHT   3.9099E-04   -316.05  8.8554E-04   -317.40
   65.00    315.00     -6.27     1.66     2.31      0.0061     68.14 LEFT    3.3038E-04   -319.20  8.2321E-04   -318.18
   70.00    315.00     -8.04     0.56     1.12      0.0237     69.65 LEFT    2.6929E-04   -322.90  7.2454E-04   -318.74
   75.00    315.00    -10.20    -1.24    -0.72      0.0442     70.51 LEFT    2.1007E-04   -327.11  5.8898E-04   -319.09
   80.00    315.00    -13.00    -4.20    -3.67      0.0688     70.36 LEFT    1.5218E-04   -331.56  4.1893E-04   -319.24
   85.00    315.00    -17.66    -9.80    -9.15      0.1007     68.58 LEFT    8.8972E-05   -335.86  2.1984E-04   -319.20
   90.00    315.00   -999.99  -999.99  -999.99      0.0000      0.00         6.7876E-15   -159.88  1.3268E-14   -138.97
    0.00    320.00     -0.73    -2.26     1.58      0.0000     40.00 LINEAR  6.2468E-04   -299.04  5.2417E-04   -299.04
    5.00    320.00     -0.71    -2.17     1.63      0.0016     40.20 RIGHT   6.2627E-04   -299.22  5.2925E-04   -299.40
   10.00    320.00     -0.65    -1.93     1.77      0.0060     40.80 RIGHT   6.3062E-04   -299.73  5.4437E-04   -300.42
   15.00    320.00     -0.57    -1.54     1.98      0.0126     41.79 RIGHT   6.3651E-04   -300.53  5.6901E-04   -301.98
   20.00    320.00     -0.50    -1.05     2.25      0.0203     43.16 RIGHT   6.4202E-04   -301.57  6.0216E-04   -303.90
   25.00    320.00     -0.46    -0.49     2.53      0.0279     44.89 RIGHT   6.4471E-04   -302.80  6.4214E-04   -306.00
   30.00    320.00     -0.50     0.09     2.81      0.0344     46.92 RIGHT   6.4191E-04   -304.17  6.8641E-04   -308.12
   35.00    320.00     -0.64     0.64     3.05      0.0388     49.23 RIGHT   6.3105E-04   -305.67  7.3151E-04   -310.16
   40.00    320.00     -0.94     1.12     3.22      0.0403     51.75 RIGHT   6.1004E-04   -307.29  7.7308E-04   -312.04
   45.00    320.00     -1.41     1.48     3.28      0.0384     54.40 RIGHT   5.7769E-04   -309.07  8.0598E-04   -313.71
   50.00    320.00     -2.10     1.68     3.20      0.0328     57.10 RIGHT   5.3398E-04   -311.05  8.2456E-04   -315.16
   55.00    320.00     -3.02     1.66     2.93      0.0234     59.75 RIGHT   4.8024E-04   -313.31  8.2305E-04   -316.39
   60.00    320.00     -4.20     1.37     2.44      0.0103     62.24 RIGHT   4.1908E-04   -315.95  7.9610E-04   -317.38
   65.00    320.00     -5.67     0.73     1.63      0.0063     64.42 LEFT    3.5395E-04   -319.08  7.3940E-04   -318.16
   70.00    320.00     -7.44    -0.38     0.40      0.0261     66.11 LEFT    2.8845E-04   -322.75  6.5027E-04   -318.72
   75.00    320.00     -9.60    -2.19    -1.46      0.0493     67.06 LEFT    2.2502E-04   -326.91  5.2828E-04   -319.07
   80.00    320.00    -12.40    -5.15    -4.40      0.0770     66.86 LEFT    1.6303E-04   -331.32  3.7558E-04   -319.22
   85.00    320.00    -17.06   -10.75    -9.84      0.1121     64.76 LEFT    9.5335E-05   -335.57  1.9704E-04   -319.18
   90.00    320.00   -999.99  -999.99  -999.99      0.0000      0.00         7.2737E-15   -159.58  1.1891E-14   -138.94
    0.00    325.00     -0.15    -3.25     1.58      0.0000     35.00 LINEAR  6.6799E-04   -299.04  4.6773E-04   -299.04
    5.00    325.00     -0.13    -3.16     1.62      0.0015     35.19 RIGHT   6.6960E-04   -299.21  4.7221E-04   -299.40
   10.00    325.00     -0.07    -2.92     1.74      0.0058     35.77 RIGHT   6.7398E-04   -299.72  4.8550E-04   -300.42
   15.00    325.00      0.00    -2.54     1.92      0.0121     36.72 RIGHT   6.7985E-04   -300.52  5.0716E-04   -301.97
   20.00    325.00      0.07    -2.06     2.15      0.0197     38.04 RIGHT   6.8516E-04   -301.56  5.3627E-04   -303.89
   25.00    325.00      0.10    -1.51     2.38      0.0275     39.73 RIGHT   6.8735E-04   -302.78  5.7132E-04   -305.99
   30.00    325.00      0.05    -0.94     2.59      0.0343     41.74 RIGHT   6.8360E-04   -304.15  6.1004E-04   -308.11
   35.00    325.00     -0.11    -0.40     2.76      0.0393     44.05 RIGHT   6.7123E-04   -305.64  6.4937E-04   -310.15
   40.00    325.00     -0.41     0.07     2.85      0.0416     46.61 RIGHT   6.4810E-04   -307.25  6.8546E-04   -312.02
   45.00    325.00     -0.90     0.43     2.82      0.0403     49.36 RIGHT   6.1301E-04   -309.02  7.1378E-04   -313.69
   50.00    325.00     -1.59     0.61     2.66      0.0351     52.21 RIGHT   5.6602E-04   -310.99  7.2939E-04   -315.14
   55.00    325.00     -2.52     0.59     2.32      0.0256     55.05 RIGHT   5.0860E-04   -313.24  7.2727E-04   -316.37
   60.00    325.00     -3.71     0.29     1.75      0.0118     57.75 RIGHT   4.4350E-04   -315.86  7.0275E-04   -317.36
   65.00    325.00     -5.18    -0.36     0.88      0.0062     60.14 LEFT    3.7441E-04   -318.96  6.5212E-04   -318.14
   70.00    325.00     -6.96    -1.48    -0.40      0.0282     62.00 LEFT    3.0507E-04   -322.60  5.7308E-04   -318.70
   75.00    325.00     -9.11    -3.29    -2.28      0.0543     63.03 LEFT    2.3800E-04   -326.72  4.6529E-04   -319.05
   80.00    325.00    -11.91    -6.26    -5.21      0.0850     62.75 LEFT    1.7246E-04   -331.08  3.3066E-04   -319.20
   85.00    325.00    -16.57   -11.86   -10.60      0.1226     60.32 LEFT    1.0086E-04   -335.30  1.7343E-04   -319.16
   90.00    325.00   -999.99  -999.99  -999.99      0.0000      0.00         7.6960E-15   -159.29  1.0465E-14   -138.92
    0.00    330.00      0.33    -4.44     1.58      0.0000     30.00 LINEAR  7.0621E-04   -299.04  4.0773E-04   -299.04
    5.00    330.00      0.35    -4.36     1.62      0.0014     30.18 RIGHT   7.0782E-04   -299.21  4.1158E-04   -299.40
   10.00    330.00      0.41    -4.12     1.72      0.0053     30.71 RIGHT   7.1220E-04   -299.72  4.2302E-04   -300.41
   15.00    330.00      0.48    -3.75     1.87      0.0113     31.59 RIGHT   7.1797E-04   -300.52  4.4163E-04   -301.97
   20.00    330.00      0.54    -3.27     2.05      0.0185     32.83 RIGHT   7.2302E-04   -301.55  4.6662E-04   -303.88
   25.00    330.00      0.56    -2.72     2.23      0.0261     34.41 RIGHT   7.2464E-04   -302.77  4.9666E-04   -305.97
   30.00    330.00      0.50    -2.16     2.38      0.0331     36.33 RIGHT   7.1993E-04   -304.13  5.2978E-04   -308.10
   35.00    330.00      0.33    -1.63     2.47      0.0385     38.56 RIGHT   7.0611E-04   -305.61  5.6332E-04   -310.13
   40.00    330.00      0.02    -1.17     2.47      0.0414     41.08 RIGHT   6.8100E-04   -307.22  5.9396E-04   -312.00
   45.00    330.00     -0.48    -0.83     2.36      0.0410     43.83 RIGHT   6.4342E-04   -308.98  6.1781E-04   -313.68
   50.00    330.00     -1.18    -0.65     2.10      0.0365     46.74 RIGHT   5.9350E-04   -310.94  6.3064E-04   -315.13
   55.00    330.00     -2.11    -0.68     1.67      0.0273     49.70 RIGHT   5.3283E-04   -313.17  6.2816E-04   -316.35
   60.00    330.00     -3.31    -0.99     1.01      0.0132     52.56 RIGHT   4.6433E-04   -315.78  6.0642E-04   -317.34
   65.00    330.00     -4.78    -1.65     0.07      0.0060     55.13 LEFT    3.9182E-04   -318.85  5.6225E-04   -318.12
   70.00    330.00     -6.56    -2.78    -1.26      0.0301     57.14 LEFT    3.1920E-04   -322.45  4.9376E-04   -318.67
   75.00    330.00     -8.72    -4.59    -3.17      0.0588     58.23 LEFT    2.4904E-04   -326.53  4.0066E-04   -319.03
   80.00    330.00    -11.52    -7.56    -6.09      0.0923     57.85 LEFT    1.8049E-04   -330.85  2.8461E-04   -319.18
   85.00    330.00    -16.17   -13.17   -11.41      0.1314     55.08 LEFT    1.0558E-04   -335.03  1.4924E-04   -319.14
   90.00    330.00   -999.99  -999.99  -999.99      0.0000      0.00         8.0559E-15   -159.01  9.0042E-15   -138.90
    0.00    335.00      0.73    -5.90     1.58      0.0000     25.00 LINEAR  7.3906E-04   -299.04  3.4463E-04   -299.04
    5.00    335.00      0.75    -5.82     1.61      0.0012     25.16 RIGHT   7.4066E-04   -299.21  3.4784E-04   -299.39
   10.00    335.00      0.80    -5.58     1.70      0.0047     25.63 RIGHT   7.4499E-04   -299.72  3.5739E-04   -300.41
   15.00    335.00      0.86    -5.21     1.82      0.0101     26.41 RIGHT   7.5064E-04   -300.51  3.7292E-04   -301.96
   20.00    335.00      0.92    -4.74     1.96      0.0167     27.52 RIGHT   7.5537E-04   -301.54  3.9375E-04   -303.87
   25.00    335.00      0.93    -4.21     2.09      0.0237     28.95 RIGHT   7.5643E-04   -302.75  4.1875E-04   -305.96
   30.00    335.00      0.86    -3.65     2.18      0.0305     30.70 RIGHT   7.5079E-04   -304.11  4.4626E-04   -308.08
   35.00    335.00      0.69    -3.13     2.20      0.0360     32.76 RIGHT   7.3563E-04   -305.59  4.7404E-04   -310.12
   40.00    335.00      0.36    -2.68     2.11      0.0395     35.13 RIGHT   7.0874E-04   -307.19  4.9932E-04   -311.99
   45.00    335.00     -0.14    -2.35     1.91      0.0399     37.77 RIGHT   6.6896E-04   -308.94  5.1884E-04   -313.66
   50.00    335.00     -0.85    -2.18     1.55      0.0364     40.63 RIGHT   6.1650E-04   -310.89  5.2910E-04   -315.11
   55.00    335.00     -1.79    -2.22     1.01      0.0281     43.59 RIGHT   5.5304E-04   -313.11  5.2652E-04   -316.33
   60.00    335.00     -2.99    -2.53     0.26      0.0141     46.52 RIGHT   4.8165E-04   -315.70  5.0787E-04   -317.32
   65.00    335.00     -4.47    -3.19    -0.78      0.0057     49.19 LEFT    4.0629E-04   -318.75  4.7053E-04   -318.10
   70.00    335.00     -6.25    -4.33    -2.17      0.0313     51.30 LEFT    3.3094E-04   -322.32  4.1294E-04   -318.66
   75.00    335.00     -8.41    -6.15    -4.12      0.0622     52.43 LEFT    2.5821E-04   -326.37  3.3491E-04   -319.01
   80.00    335.00    -11.20    -9.12    -7.03      0.0977     51.93 LEFT    1.8716E-04   -330.65  2.3781E-04   -319.16
   85.00    335.00    -15.86   -14.73   -12.25      0.1365     48.85 LEFT    1.0950E-04   -334.80  1.2467E-04   -319.12
   90.00    335.00   -999.99  -999.99  -999.99      0.0000      0.00         8.3555E-15   -158.76  7.5214E-15   -138.88
    0.00    340.00      1.04    -7.74     1.58      0.0000     20.00 LINEAR  7.6628E-04   -299.04  2.7890E-04   -299.04
    5.00    340.00      1.06    -7.66     1.61      0.0010     20.13 RIGHT   7.6787E-04   -299.21  2.8148E-04   -299.39
   10.00    340.00      1.11    -7.42     1.68      0.0040     20.53 RIGHT   7.7214E-04   -299.71  2.8912E-04   -300.41
   15.00    340.00      1.17    -7.06     1.78      0.0085     21.19 RIGHT   7.7763E-04   -300.50  3.0155E-04   -301.96
   20.00    340.00      1.22    -6.59     1.88      0.0142     22.13 RIGHT   7.8206E-04   -301.53  3.1820E-04   -303.86
   25.00    340.00      1.22    -6.06     1.97      0.0204     23.35 RIGHT   7.8257E-04   -302.74  3.3816E-04   -305.95
   30.00    340.00      1.15    -5.52     2.00      0.0265     24.86 RIGHT   7.7610E-04   -304.09  3.6008E-04   -308.07
   35.00    340.00      0.97    -5.00     1.95      0.0318     26.66 RIGHT   7.5976E-04   -305.56  3.8218E-04   -310.10
   40.00    340.00      0.64    -4.56     1.78      0.0355     28.76 RIGHT   7.3134E-04   -307.16  4.0220E-04   -311.98
   45.00    340.00      0.13    -4.23     1.48      0.0367     31.15 RIGHT   6.8969E-04   -308.90  4.1756E-04   -313.65
   50.00    340.00     -0.59    -4.07     1.02      0.0343     33.79 RIGHT   6.3510E-04   -310.84  4.2545E-04   -315.09
   55.00    340.00     -1.54    -4.12     0.37      0.0272     36.60 RIGHT   5.6934E-04   -313.06  4.2304E-04   -316.31
   60.00    340.00     -2.74    -4.44    -0.50      0.0143     39.44 RIGHT   4.9559E-04   -315.63  4.0775E-04   -317.31
   65.00    340.00     -4.22    -5.11    -1.63      0.0051     42.09 LEFT    4.1791E-04   -318.67  3.7752E-04   -318.08
   70.00    340.00     -6.01    -6.25    -3.11      0.0312     44.21 LEFT    3.4036E-04   -322.21  3.3113E-04   -318.64
   75.00    340.00     -8.16    -8.07    -5.11      0.0632     45.31 LEFT    2.6557E-04   -326.22  2.6844E-04   -318.99
   80.00    340.00    -10.96   -11.05    -7.99      0.0992     44.70 LEFT    1.9253E-04   -330.47  1.9055E-04   -319.14
   85.00    340.00    -15.61   -16.66   -13.09      0.1350     41.43 LEFT    1.1265E-04   -334.59  9.9874E-05   -319.10
   90.00    340.00   -999.99  -999.99  -999.99      0.0000      0.00         8.5967E-15   -158.55  6.0252E-15   -138.86
    0.00    345.00      1.28   -10.16     1.58      0.0000     15.00 LINEAR  7.8767E-04   -299.04  2.1106E-04   -299.04
    5.00    345.00      1.30   -10.08     1.60      0.0008     15.10 RIGHT   7.8925E-04   -299.21  2.1299E-04   -299.39
   10.00    345.00      1.34    -9.85     1.66      0.0031     15.41 RIGHT   7.9345E-04   -299.71  2.1872E-04   -300.41
   15.00    345.00      1.40    -9.49     1.74      0.0067     15.93 RIGHT   7.9879E-04   -300.50  2.2803E-04   -301.95
   20.00    345.00      1.45    -9.02     1.82      0.0112     16.66 RIGHT   8.0294E-04   -301.52  2.4051E-04   -303.86
   25.00    345.00      1.45    -8.50     1.87      0.0162     17.63 RIGHT   8.0299E-04   -302.73  2.5545E-04   -305.95
   30.00    345.00      1.37    -7.96     1.85      0.0213     18.83 RIGHT   7.9581E-04   -304.08  2.7183E-04   -308.06
   35.00    345.00      1.18    -7.45     1.74      0.0258     20.28 RIGHT   7.7850E-04   -305.54  2.8831E-04   -310.09
   40.00    345.00      0.84    -7.01     1.50      0.0293     21.99 RIGHT   7.4883E-04   -307.13  3.0320E-04   -311.97
   45.00    345.00      0.33    -6.69     1.11      0.0309     23.98 RIGHT   7.0570E-04   -308.87  3.1456E-04   -313.63
   50.00    345.00     -0.40    -6.54     0.55      0.0296     26.21 RIGHT   6.4941E-04   -310.81  3.2028E-04   -315.08
   55.00    345.00     -1.35    -6.59    -0.21      0.0242     28.66 RIGHT   5.8185E-04   -313.01  3.1826E-04   -316.30
   60.00    345.00     -2.56    -6.92    -1.20      0.0133     31.19 RIGHT   5.0627E-04   -315.58  3.0657E-04   -317.30
   65.00    345.00     -4.04    -7.59    -2.45      0.0042     33.61 LEFT    4.2680E-04   -318.59  2.8369E-04   -318.07
   70.00    345.00     -5.83    -8.73    -4.03      0.0289     35.57 LEFT    3.4757E-04   -322.12  2.4872E-04   -318.63
   75.00    345.00     -7.98   -10.56    -6.07      0.0596     36.56 LEFT    2.7121E-04   -326.11  2.0155E-04   -318.98
   80.00    345.00    -10.77   -13.54    -8.93      0.0932     35.87 LEFT    1.9664E-04   -330.32  1.4303E-04   -319.13
   85.00    345.00    -15.43   -19.15   -13.89      0.1228     32.69 LEFT    1.1507E-04   -334.42  7.4957E-05   -319.09
   90.00    345.00   -999.99  -999.99  -999.99      0.0000      0.00         8.7813E-15   -158.37  4.5217E-15   -138.85
    0.00    350.00      1.45   -13.62     1.58      0.0000     10.00 LINEAR  8.0307E-04   -299.04  1.4160E-04   -299.04
    5.00    350.00      1.47   -13.55     1.60      0.0005     10.07 RIGHT   8.0463E-04   -299.21  1.4289E-04   -299.39
   10.00    350.00      1.51   -13.32     1.65      0.0021     10.28 RIGHT   8.0877E-04   -299.71  1.4671E-04   -300.41
   15.00    350.00      1.57   -12.96     1.72      0.0046     10.64 RIGHT   8.1399E-04   -300.50  1.5292E-04   -301.95
   20.00    350.00      1.61   -12.50     1.77      0.0077     11.14 RIGHT   8.1792E-04   -301.52  1.6122E-04   -303.85
   25.00    350.00      1.60   -11.98     1.79      0.0113     11.81 RIGHT   8.1761E-04   -302.72  1.7116E-04   -305.94
   30.00    350.00      1.52   -11.44     1.74      0.0149     12.64 RIGHT   8.0990E-04   -304.07  1.8206E-04   -308.06
   35.00    350.00      1.33   -10.94     1.58      0.0183     13.66 RIGHT   7.9187E-04   -305.53  1.9299E-04   -310.09
   40.00    350.00      0.98   -10.50     1.28      0.0210     14.88 RIGHT   7.6128E-04   -307.12  2.0285E-04   -311.96
   45.00    350.00      0.46   -10.19     0.82      0.0225     16.30 RIGHT   7.1706E-04   -308.85  2.1034E-04   -313.63
   50.00    350.00     -0.26   -10.04     0.17      0.0220     17.94 RIGHT   6.5955E-04   -310.78  2.1406E-04   -315.07
   55.00    350.00     -1.22   -10.09    -0.69      0.0184     19.77 RIGHT   5.9070E-04   -312.98  2.1260E-04   -316.29
   60.00    350.00     -2.43   -10.42    -1.79      0.0105     21.72 RIGHT   5.1380E-04   -315.54  2.0470E-04   -317.29
   65.00    350.00     -3.91   -11.10    -3.16      0.0031     23.62 LEFT    4.3307E-04   -318.54  1.8935E-04   -318.06
   70.00    350.00     -5.70   -12.25    -4.83      0.0231     25.18 LEFT    3.5265E-04   -322.05  1.6595E-04   -318.62
   75.00    350.00     -7.85   -14.07    -6.92      0.0485     25.93 LEFT    2.7518E-04   -326.02  1.3445E-04   -318.97
   80.00    350.00    -10.65   -17.06    -9.75      0.0753     25.29 LEFT    1.9954E-04   -330.22  9.5394E-05   -319.12
   85.00    350.00    -15.30   -22.67   -14.57      0.0959     22.66 LEFT    1.1677E-04   -334.30  4.9985E-05   -319.08
   90.00    350.00   -999.99  -999.99  -999.99      0.0000      0.00         8.9119E-15   -158.24  3.0152E-15   -138.84
    0.00    355.00      1.55   -19.61     1.58      0.0000      5.00 LINEAR  8.1236E-04   -299.04  7.1072E-05   -299.04
    5.00    355.00      1.57   -19.53     1.60      0.0003      5.04 RIGHT   8.1390E-04   -299.21  7.1716E-05   -299.39
   10.00    355.00      1.61   -19.31     1.64      0.0011      5.14 RIGHT   8.1801E-04   -299.71  7.3626E-05   -300.40
   15.00    355.00      1.66   -18.95     1.70      0.0023      5.32 RIGHT   8.2315E-04   -300.49  7.6727E-05   -301.95
   20.00    355.00      1.70   -18.49     1.74      0.0040      5.58 RIGHT   8.2694E-04   -301.51  8.0877E-05   -303.85
   25.00    355.00      1.70   -17.97     1.74      0.0058      5.92 RIGHT   8.2640E-04   -302.72  8.5841E-05   -305.94
   30.00    355.00      1.61   -17.44     1.67      0.0077      6.35 RIGHT   8.1836E-04   -304.06  9.1277E-05   -308.05
   35.00    355.00      1.41   -16.93     1.48      0.0095      6.87 RIGHT   7.9988E-04   -305.52  9.6731E-05   -310.08
   40.00    355.00      1.07   -16.50     1.14      0.0110      7.51 RIGHT   7.6873E-04   -307.11  1.0164E-04   -311.95
   45.00    355.00      0.55   -16.19     0.64      0.0119      8.25 RIGHT   7.2384E-04   -308.84  1.0536E-04   -313.62
   50.00    355.00     -0.18   -16.04    -0.07      0.0118      9.12 RIGHT   6.6560E-04   -310.77  1.0718E-04   -315.07
   55.00    355.00     -1.14   -16.11    -1.01      0.0100     10.11 RIGHT   5.9596E-04   -312.96  1.0642E-04   -316.29
   60.00    355.00     -2.35   -16.44    -2.19      0.0059     11.18 RIGHT   5.1829E-04   -315.51  1.0244E-04   -317.28
   65.00    355.00     -3.84   -17.12    -3.64      0.0017     12.24 LEFT    4.3680E-04   -318.51  9.4737E-05   -318.05
   70.00    355.00     -5.63   -18.26    -5.39      0.0131     13.12 LEFT    3.5567E-04   -322.01  8.3014E-05   -318.61
   75.00    355.00     -7.78   -20.09    -7.53      0.0279     13.53 LEFT    2.7754E-04   -325.97  6.7243E-05   -318.96
   80.00    355.00    -10.57   -23.08   -10.33      0.0430     13.12 LEFT    2.0126E-04   -330.15  4.7704E-05   -319.11
   85.00    355.00    -15.22   -28.69   -15.03      0.0532     11.61 LEFT    1.1779E-04   -334.22  2.4994E-05   -319.07
   90.00    355.00   -999.99  -999.99  -999.99      0.0000      0.00         8.9893E-15   -158.16  1.5077E-15   -138.84


  AVERAGE POWER GAIN:  1.5494E+00 - SOLID ANGLE USED IN AVERAGING: (+1.9722)*PI STERADIANS



  DATA CARD No:   8 EN   0     0     0     0  0.00000E+00  0.00000E+00  0.00000E+00  0.00000E+00  0.00000E+00  0.00000E+00

  TOTAL RUN TIME: 60 msec