


                               __________________________________________
                              |                                          |
                              |  NUMERICAL ELECTROMAGNETICS CODE (nec2c) |
                              |   Translated to 'C' in Double Precision  |
                              |__________________________________________|



                               ---------------- COMMENTS ----------------
                               pattern-linked-15m
                              



                               -------- STRUCTURE SPECIFICATION --------
                                     COORDINATES MUST BE INPUT IN
                                     METERS OR BE SCALED TO METERS
                                     BEFORE STRUCTURE INPUT IS ENDED

  WIRE                                                                                 SEG FIRST  LAST  TAG
   No:        X1         Y1         Z1         X2         Y2         Z2       RADIUS   No:   SEG   SEG  No:
     1    -3.01462    0.00000    7.40351   -0.01000    0.00000    9.14400    0.00024    61     1    61    1
     2    -0.01000    0.00000    9.14400    0.01000    0.00000    9.14400    0.00024     1    62    62    2
     3     0.01000    0.00000    9.14400    3.01462    0.00000    7.40351    0.00024    61    63   123    3

     TOTAL SEGMENTS USED: 123   SEGMENTS IN A SYMMETRIC CELL: 123   SYMMETRY FLAG: 0


                               ---------- SEGMENTATION DATA ----------
                                        COORDINATES IN METERS
                            I+ AND I- INDICATE THE SEGMENTS BEFORE AND AFTER I

   SEG    COORDINATES OF SEGM CENTER     SEGM    ORIENTATION ANGLES    WIRE    CONNECTION DATA   TAG
   No:       X         Y         Z      LENGTH     ALPHA      BETA    RADIUS    I-     I    I+   No:
     1   -2.9900    0.0000    7.4178    0.0569   30.0825    0.0000    0.0002     0     1     2     1
     2   -2.9407    0.0000    7.4463    0.0569   30.0825    0.0000    0.0002     1     2     3     1
     3   -2.8915    0.0000    7.4748    0.0569   30.0825    0.0000    0.0002     2     3     4     1
     4   -2.8422    0.0000    7.5034    0.0569   30.0825    0.0000    0.0002     3     4     5     1
     5   -2.7930    0.0000    7.5319    0.0569   30.0825    0.0000    0.0002     4     5     6     1
     6   -2.7437    0.0000    7.5604    0.0569   30.0825    0.0000    0.0002     5     6     7     1
     7   -2.6945    0.0000    7.5890    0.0569   30.0825    0.0000    0.0002     6     7     8     1
     8   -2.6452    0.0000    7.6175    0.0569   30.0825    0.0000    0.0002     7     8     9     1
     9   -2.5959    0.0000    7.6460    0.0569   30.0825    0.0000    0.0002     8     9    10     1
    10   -2.5467    0.0000    7.6746    0.0569   30.0825    0.0000    0.0002     9    10    11     1
    11   -2.4974    0.0000    7.7031    0.0569   30.0825    0.0000    0.0002    10    11    12     1
    12   -2.4482    0.0000    7.7316    0.0569   30.0825    0.0000    0.0002    11    12    13     1
    13   -2.3989    0.0000    7.7602    0.0569   30.0825    0.0000    0.0002    12    13    14     1
    14   -2.3497    0.0000    7.7887    0.0569   30.0825    0.0000    0.0002    13    14    15     1
    15   -2.3004    0.0000    7.8172    0.0569   30.0825    0.0000    0.0002    14    15    16     1
    16   -2.2512    0.0000    7.8458    0.0569   30.0825    0.0000    0.0002    15    16    17     1
    17   -2.2019    0.0000    7.8743    0.0569   30.0825    0.0000    0.0002    16    17    18     1
    18   -2.1526    0.0000    7.9028    0.0569   30.0825    0.0000    0.0002    17    18    19     1
    19   -2.1034    0.0000    7.9314    0.0569   30.0825    0.0000    0.0002    18    19    20     1
    20   -2.0541    0.0000    7.9599    0.0569   30.0825    0.0000    0.0002    19    20    21     1
    21   -2.0049    0.0000    7.9884    0.0569   30.0825    0.0000    0.0002    20    21    22     1
    22   -1.9556    0.0000    8.0170    0.0569   30.0825    0.0000    0.0002    21    22    23     1
    23   -1.9064    0.0000    8.0455    0.0569   30.0825    0.0000    0.0002    22    23    24     1
    24   -1.8571    0.0000    8.0740    0.0569   30.0825    0.0000    0.0002    23    24    25     1
    25   -1.8078    0.0000    8.1026    0.0569   30.0825    0.0000    0.0002    24    25    26     1
    26   -1.7586    0.0000    8.1311    0.0569   30.0825    0.0000    0.0002    25    26    27     1
    27   -1.7093    0.0000    8.1596    0.0569   30.0825    0.0000    0.0002    26    27    28     1
    28   -1.6601    0.0000    8.1882    0.0569   30.0825    0.0000    0.0002    27    28    29     1
    29   -1.6108    0.0000    8.2167    0.0569   30.0825    0.0000    0.0002    28    29    30     1
    30   -1.5616    0.0000    8.2452    0.0569   30.0825    0.0000    0.0002    29    30    31     1
    31   -1.5123    0.0000    8.2738    0.0569   30.0825    0.0000    0.0002    30    31    32     1
    32   -1.4631    0.0000    8.3023    0.0569   30.0825    0.0000    0.0002    31    32    33     1
    33   -1.4138    0.0000    8.3308    0.0569   30.0825    0.0000    0.0002    32    33    34     1
    34   -1.3645    0.0000    8.3594    0.0569   30.0825    0.0000    0.0002    33    34    35     1
    35   -1.3153    0.0000    8.3879    0.0569   30.0825    0.0000    0.0002    34    35    36     1
    36   -1.2660    0.0000    8.4164    0.0569   30.0825    0.0000    0.0002    35    36    37     1
    37   -1.2168    0.0000    8.4450    0.0569   30.0825    0.0000    0.0002    36    37    38     1
    38   -1.1675    0.0000    8.4735    0.0569   30.0825    0.0000    0.0002    37    38    39     1
    39   -1.1183    0.0000    8.5020    0.0569   30.0825    0.0000    0.0002    38    39    40     1
    40   -1.0690    0.0000    8.5305    0.0569   30.0825    0.0000    0.0002    39    40    41     1
    41   -1.0197    0.0000    8.5591    0.0569   30.0825    0.0000    0.0002    40    41    42     1
    42   -0.9705    0.0000    8.5876    0.0569   30.0825    0.0000    0.0002    41    42    43     1
    43   -0.9212    0.0000    8.6161    0.0569   30.0825    0.0000    0.0002    42    43    44     1
    44   -0.8720    0.0000    8.6447    0.0569   30.0825    0.0000    0.0002    43    44    45     1
    45   -0.8227    0.0000    8.6732    0.0569   30.0825    0.0000    0.0002    44    45    46     1
    46   -0.7735    0.0000    8.7017    0.0569   30.0825    0.0000    0.0002    45    46    47     1
    47   -0.7242    0.0000    8.7303    0.0569   30.0825    0.0000    0.0002    46    47    48     1
    48   -0.6750    0.0000    8.7588    0.0569   30.0825    0.0000    0.0002    47    48    49     1
    49   -0.6257    0.0000    8.7873    0.0569   30.0825    0.0000    0.0002    48    49    50     1
    50   -0.5764    0.0000    8.8159    0.0569   30.0825    0.0000    0.0002    49    50    51     1
    51   -0.5272    0.0000    8.8444    0.0569   30.0825    0.0000    0.0002    50    51    52     1
    52   -0.4779    0.0000    8.8729    0.0569   30.0825    0.0000    0.0002    51    52    53     1
    53   -0.4287    0.0000    8.9015    0.0569   30.0825    0.0000    0.0002    52    53    54     1
    54   -0.3794    0.0000    8.9300    0.0569   30.0825    0.0000    0.0002    53    54    55     1
    55   -0.3302    0.0000    8.9585    0.0569   30.0825    0.0000    0.0002    54    55    56     1
    56   -0.2809    0.0000    8.9871    0.0569   30.0825    0.0000    0.0002    55    56    57     1
    57   -0.2317    0.0000    9.0156    0.0569   30.0825    0.0000    0.0002    56    57    58     1
    58   -0.1824    0.0000    9.0441    0.0569   30.0825    0.0000    0.0002    57    58    59     1
    59   -0.1331    0.0000    9.0727    0.0569   30.0825    0.0000    0.0002    58    59    60     1
    60   -0.0839    0.0000    9.1012    0.0569   30.0825    0.0000    0.0002    59    60    61     1
    61   -0.0346    0.0000    9.1297    0.0569   30.0825    0.0000    0.0002    60    61    62     1
    62    0.0000    0.0000    9.1440    0.0200    0.0000    0.0000    0.0002    61    62    63     2
    63    0.0346    0.0000    9.1297    0.0569  -30.0825    0.0000    0.0002    62    63    64     3
    64    0.0839    0.0000    9.1012    0.0569  -30.0825    0.0000    0.0002    63    64    65     3
    65    0.1331    0.0000    9.0727    0.0569  -30.0825    0.0000    0.0002    64    65    66     3
    66    0.1824    0.0000    9.0441    0.0569  -30.0825    0.0000    0.0002    65    66    67     3
    67    0.2317    0.0000    9.0156    0.0569  -30.0825    0.0000    0.0002    66    67    68     3
    68    0.2809    0.0000    8.9871    0.0569  -30.0825    0.0000    0.0002    67    68    69     3
    69    0.3302    0.0000    8.9585    0.0569  -30.0825    0.0000    0.0002    68    69    70     3
    70    0.3794    0.0000    8.9300    0.0569  -30.0825    0.0000    0.0002    69    70    71     3
    71    0.4287    0.0000    8.9015    0.0569  -30.0825    0.0000    0.0002    70    71    72     3
    72    0.4779    0.0000    8.8729    0.0569  -30.0825    0.0000    0.0002    71    72    73     3
    73    0.5272    0.0000    8.8444    0.0569  -30.0825    0.0000    0.0002    72    73    74     3
    74    0.5764    0.0000    8.8159    0.0569  -30.0825    0.0000    0.0002    73    74    75     3
    75    0.6257    0.0000    8.7873    0.0569  -30.0825    0.0000    0.0002    74    75    76     3
    76    0.6750    0.0000    8.7588    0.0569  -30.0825    0.0000    0.0002    75    76    77     3
    77    0.7242    0.0000    8.7303    0.0569  -30.0825    0.0000    0.0002    76    77    78     3
    78    0.7735    0.0000    8.7017    0.0569  -30.0825    0.0000    0.0002    77    78    79     3
    79    0.8227    0.0000    8.6732    0.0569  -30.0825    0.0000    0.0002    78    79    80     3
    80    0.8720    0.0000    8.6447    0.0569  -30.0825    0.0000    0.0002    79    80    81     3
    81    0.9212    0.0000    8.6161    0.0569  -30.0825    0.0000    0.0002    80    81    82     3
    82    0.9705    0.0000    8.5876    0.0569  -30.0825    0.0000    0.0002    81    82    83     3
    83    1.0197    0.0000    8.5591    0.0569  -30.0825    0.0000    0.0002    82    83    84     3
    84    1.0690    0.0000    8.5305    0.0569  -30.0825    0.0000    0.0002    83    84    85     3
    85    1.1183    0.0000    8.5020    0.0569  -30.0825    0.0000    0.0002    84    85    86     3
    86    1.1675    0.0000    8.4735    0.0569  -30.0825    0.0000    0.0002    85    86    87     3
    87    1.2168    0.0000    8.4450    0.0569  -30.0825    0.0000    0.0002    86    87    88     3
    88    1.2660    0.0000    8.4164    0.0569  -30.0825    0.0000    0.0002    87    88    89     3
    89    1.3153    0.0000    8.3879    0.0569  -30.0825    0.0000    0.0002    88    89    90     3
    90    1.3645    0.0000    8.3594    0.0569  -30.0825    0.0000    0.0002    89    90    91     3
    91    1.4138    0.0000    8.3308    0.0569  -30.0825    0.0000    0.0002    90    91    92     3
    92    1.4631    0.0000    8.3023    0.0569  -30.0825    0.0000    0.0002    91    92    93     3
    93    1.5123    0.0000    8.2738    0.0569  -30.0825    0.0000    0.0002    92    93    94     3
    94    1.5616    0.0000    8.2452    0.0569  -30.0825    0.0000    0.0002    93    94    95     3
    95    1.6108    0.0000    8.2167    0.0569  -30.0825    0.0000    0.0002    94    95    96     3
    96    1.6601    0.0000    8.1882    0.0569  -30.0825    0.0000    0.0002    95    96    97     3
    97    1.7093    0.0000    8.1596    0.0569  -30.0825    0.0000    0.0002    96    97    98     3
    98    1.7586    0.0000    8.1311    0.0569  -30.0825    0.0000    0.0002    97    98    99     3
    99    1.8078    0.0000    8.1026    0.0569  -30.0825    0.0000    0.0002    98    99   100     3
   100    1.8571    0.0000    8.0740    0.0569  -30.0825    0.0000    0.0002    99   100   101     3
   101    1.9064    0.0000    8.0455    0.0569  -30.0825    0.0000    0.0002   100   101   102     3
   102    1.9556    0.0000    8.0170    0.0569  -30.0825    0.0000    0.0002   101   102   103     3
   103    2.0049    0.0000    7.9884    0.0569  -30.0825    0.0000    0.0002   102   103   104     3
   104    2.0541    0.0000    7.9599    0.0569  -30.0825    0.0000    0.0002   103   104   105     3
   105    2.1034    0.0000    7.9314    0.0569  -30.0825    0.0000    0.0002   104   105   106     3
   106    2.1526    0.0000    7.9028    0.0569  -30.0825    0.0000    0.0002   105   106   107     3
   107    2.2019    0.0000    7.8743    0.0569  -30.0825    0.0000    0.0002   106   107   108     3
   108    2.2512    0.0000    7.8458    0.0569  -30.0825    0.0000    0.0002   107   108   109     3
   109    2.3004    0.0000    7.8172    0.0569  -30.0825    0.0000    0.0002   108   109   110     3
   110    2.3497    0.0000    7.7887    0.0569  -30.0825    0.0000    0.0002   109   110   111     3
   111    2.3989    0.0000    7.7602    0.0569  -30.0825    0.0000    0.0002   110   111   112     3
   112    2.4482    0.0000    7.7316    0.0569  -30.0825    0.0000    0.0002   111   112   113     3
   113    2.4974    0.0000    7.7031    0.0569  -30.0825    0.0000    0.0002   112   113   114     3
   114    2.5467    0.0000    7.6746    0.0569  -30.0825    0.0000    0.0002   113   114   115     3
   115    2.5959    0.0000    7.6460    0.0569  -30.0825    0.0000    0.0002   114   115   116     3
   116    2.6452    0.0000    7.6175    0.0569  -30.0825    0.0000    0.0002   115   116   117     3
   117    2.6945    0.0000    7.5890    0.0569  -30.0825    0.0000    0.0002   116   117   118     3
   118    2.7437    0.0000    7.5604    0.0569  -30.0825    0.0000    0.0002   117   118   119     3
   119    2.7930    0.0000    7.5319    0.0569  -30.0825    0.0000    0.0002   118   119   120     3
   120    2.8422    0.0000    7.5034    0.0569  -30.0825    0.0000    0.0002   119   120   121     3
   121    2.8915    0.0000    7.4748    0.0569  -30.0825    0.0000    0.0002   120   121   122     3
   122    2.9407    0.0000    7.4463    0.0569  -30.0825    0.0000    0.0002   121   122   123     3
   123    2.9900    0.0000    7.4178    0.0569  -30.0825    0.0000    0.0002   122   123     0     3



  DATA CARD No:   1 EK   0     0     0     0  0.00000E+00  0.00000E+00  0.00000E+00  0.00000E+00  0.00000E+00  0.00000E+00
  DATA CARD No:   2 LD   5     0     0     0  1.50000E+07  0.00000E+00  0.00000E+00  0.00000E+00  0.00000E+00  0.00000E+00
  DATA CARD No:   3 GN   2     0     0     0  1.30000E+01  5.00000E-03  0.00000E+00  0.00000E+00  0.00000E+00  0.00000E+00
  DATA CARD No:   4 FR   0     1     0     0  2.10500E+01  0.00000E+00  0.00000E+00  0.00000E+00  0.00000E+00  0.00000E+00
  DATA CARD No:   5 EX   0     2     1     0  1.00000E+00  0.00000E+00  0.00000E+00  0.00000E+00  0.00000E+00  0.00000E+00
  DATA CARD No:   6 PT  -1     0     0     0  0.00000E+00  0.00000E+00  0.00000E+00  0.00000E+00  0.00000E+00  0.00000E+00
  DATA CARD No:   7 RP   0    19    72  1001  0.00000E+00  0.00000E+00  5.00000E+00  5.00000E+00  1.00000E+03  0.00000E+00


                               --------- FREQUENCY --------
                                FREQUENCY : 2.1050E+01 MHz
                                WAVELENGTH: 1.4242E+01 Mtr

                        APPROXIMATE INTEGRATION EMPLOYED FOR SEGMENTS 
                        THAT ARE MORE THAN 1.000 WAVELENGTHS APART
                        THE EXTENDED THIN WIRE KERNEL WILL BE USED


                          ------ STRUCTURE IMPEDANCE LOADING ------
  LOCATION        RESISTANCE  INDUCTANCE  CAPACITANCE     IMPEDANCE (OHMS)   CONDUCTIVITY  CIRCUIT
  ITAG FROM THRU     OHMS       HENRYS      FARADS       REAL     IMAGINARY   MHOS/METER      TYPE
  ALL                                                                        1.5000E+07     WIRE  


                            -------- ANTENNA ENVIRONMENT --------
                            FINITE GROUND - SOMMERFELD SOLUTION
                            RELATIVE DIELECTRIC CONST: 13.000
                            CONDUCTIVITY:  5.000E-03 MHOS/METER
                            COMPLEX DIELECTRIC CONSTANT:  1.3000E+01-4.2698E+00j


                             ---------- MATRIX TIMING ----------
                               FILL: 10 msec  FACTOR: 0 msec


                        --------- ANTENNA INPUT PARAMETERS ---------
  TAG   SEG       VOLTAGE (VOLTS)         CURRENT (AMPS)         IMPEDANCE (OHMS)        ADMITTANCE (MHOS)     POWER
  No:   No:     REAL      IMAGINARY     REAL      IMAGINARY     REAL      IMAGINARY    REAL       IMAGINARY   (WATTS)
    2    62  1.0000E+00  0.0000E+00  1.9554E-02  4.8638E-06  5.1141E+01 -1.2721E-02  1.9554E-02  4.8638E-06  9.7769E-03


                               ---------- POWER BUDGET ---------
                               INPUT POWER   =  9.7769E-03 Watts
                               RADIATED POWER=  8.7181E-03 Watts
                               STRUCTURE LOSS=  1.0588E-03 Watts
                               NETWORK LOSS  =  0.0000E+00 Watts
                               EFFICIENCY    =   89.17 Percent


                             ---------- RADIATION PATTERNS -----------

                             RANGE:  1.000000E+03 METERS
                             EXP(-JKR)/R:  1.00000E-03 AT PHASE:  -76.85 DEGREES

 ---- ANGLES -----     ----- POWER GAINS -----       ---- POLARIZATION ----   ---- E(THETA) ----    ----- E(PHI) ------
  THETA      PHI       VERTC    HORIZ    TOTAL       AXIAL      TILT  SENSE   MAGNITUDE    PHASE    MAGNITUDE     PHASE
 DEGREES   DEGREES        DB       DB       DB       RATIO   DEGREES            VOLTS/M   DEGREES     VOLTS/M   DEGREES
    0.00      0.00      2.44  -999.99     2.44      0.0000     -0.00 LINEAR  1.0137E-03     80.19  0.0000E+00    -76.85
    5.00      0.00      2.28  -999.99     2.28      0.0000     -0.00 LINEAR  9.9586E-04     79.69  0.0000E+00    -76.85
   10.00      0.00      1.81  -999.99     1.81      0.0000     -0.00 LINEAR  9.4304E-04     78.09  0.0000E+00    -76.85
   15.00      0.00      0.99  -999.99     0.99      0.0000     -0.00 LINEAR  8.5812E-04     75.12  0.0000E+00    -76.85
   20.00      0.00     -0.22  -999.99    -0.22      0.0000     -0.00 LINEAR  7.4685E-04     70.19  0.0000E+00    -76.85
   25.00      0.00     -1.84  -999.99    -1.84      0.0000     -0.00 LINEAR  6.1973E-04     62.14  0.0000E+00    -76.85
   30.00      0.00     -3.78  -999.99    -3.78      0.0000     -0.00 LINEAR  4.9521E-04     48.88  0.0000E+00    -76.85
   35.00      0.00     -5.56  -999.99    -5.56      0.0000     -0.00 LINEAR  4.0347E-04     27.93  0.0000E+00    -76.85
   40.00      0.00     -6.15  -999.99    -6.15      0.0000      0.00 LINEAR  3.7716E-04      1.35  0.0000E+00    -76.85
   45.00      0.00     -5.37  -999.99    -5.37      0.0000      0.00 LINEAR  4.1241E-04    -21.75  0.0000E+00    -76.85
   50.00      0.00     -4.30  -999.99    -4.30      0.0000      0.00 LINEAR  4.6690E-04    -37.30  0.0000E+00    -76.85
   55.00      0.00     -3.63  -999.99    -3.63      0.0000      0.00 LINEAR  5.0432E-04    -47.40  0.0000E+00    -76.85
   60.00      0.00     -3.57  -999.99    -3.57      0.0000      0.00 LINEAR  5.0748E-04    -54.47  0.0000E+00    -76.85
   65.00      0.00     -4.17  -999.99    -4.17      0.0000      0.00 LINEAR  4.7361E-04    -59.99  0.0000E+00    -76.85
   70.00      0.00     -5.43  -999.99    -5.43      0.0000      0.00 LINEAR  4.0952E-04    -64.83  0.0000E+00    -76.85
   75.00      0.00     -7.39  -999.99    -7.39      0.0000      0.00 LINEAR  3.2681E-04    -69.45  0.0000E+00    -76.85
   80.00      0.00    -10.24  -999.99   -10.24      0.0000      0.00 LINEAR  2.3555E-04    -73.95  0.0000E+00    -76.85
   85.00      0.00    -15.05  -999.99   -15.05      0.0000      0.00 LINEAR  1.3535E-04    -78.00  0.0000E+00    -76.85
   90.00      0.00   -999.99  -999.99  -999.99      0.0000      0.00         1.0207E-14     98.82  0.0000E+00    -76.85
    0.00      5.00      2.40   -18.76     2.44      0.0000     -5.00 LINEAR  1.0099E-03     80.19  8.8353E-05    -99.81
    5.00      5.00      2.25   -18.90     2.28      0.0001     -5.01 RIGHT   9.9207E-04     79.69  8.6926E-05   -100.26
   10.00      5.00      1.78   -19.34     1.81      0.0003     -5.02 RIGHT   9.3948E-04     78.09  8.2589E-05   -101.69
   15.00      5.00      0.96   -20.15     0.99      0.0007     -5.03 RIGHT   8.5491E-04     75.12  7.5217E-05   -104.40
   20.00      5.00     -0.25   -21.46    -0.22      0.0010     -4.97 RIGHT   7.4409E-04     70.19  6.4741E-05   -109.16
   25.00      5.00     -1.87   -23.45    -1.84      0.0001     -4.77 LEFT    6.1747E-04     62.13  5.1491E-05   -117.91
   30.00      5.00     -3.82   -26.24    -3.79      0.0068     -4.31 LEFT    4.9343E-04     48.87  3.7326E-05   -136.32
   35.00      5.00     -5.59   -28.23    -5.57      0.0295     -3.87 LEFT    4.0207E-04     27.91  2.9689E-05   -175.74
   40.00      5.00     -6.18   -25.64    -6.13      0.0666     -4.74 LEFT    3.7594E-04      1.33  3.9979E-05   -217.75
   45.00      5.00     -5.40   -21.81    -5.30      0.0886     -6.99 LEFT    4.1116E-04    -21.77  6.2185E-05   -238.25
   50.00      5.00     -4.32   -18.86    -4.17      0.0931     -9.24 LEFT    4.6555E-04    -37.31  8.7284E-05   -247.97
   55.00      5.00     -3.65   -16.82    -3.45      0.0925    -11.27 LEFT    5.0290E-04    -47.41  1.1046E-04   -253.38
   60.00      5.00     -3.60   -15.54    -3.33      0.0908    -13.28 LEFT    5.0608E-04    -54.48  1.2797E-04   -256.75
   65.00      5.00     -4.20   -14.98    -3.85      0.0874    -15.40 LEFT    4.7231E-04    -60.01  1.3650E-04    101.01
   70.00      5.00     -5.46   -15.18    -5.02      0.0802    -17.57 LEFT    4.0839E-04    -64.85  1.3338E-04     99.49
   75.00      5.00     -7.42   -16.31    -6.89      0.0666    -19.46 LEFT    3.2588E-04    -69.47  1.1715E-04     98.50
   80.00      5.00    -10.26   -18.80    -9.69      0.0464    -20.38 LEFT    2.3486E-04    -73.97  8.7909E-05     97.92
   85.00      5.00    -15.08   -24.12   -14.57      0.0234    -19.40 LEFT    1.3494E-04    -78.03  4.7626E-05     97.69
   90.00      5.00   -999.99  -999.99  -999.99      0.0000      0.00         1.0176E-14     98.78  2.9069E-15    -82.22
    0.00     10.00      2.31   -12.77     2.44      0.0000    -10.00 LINEAR  9.9834E-04     80.19  1.7603E-04    -99.81
    5.00     10.00      2.15   -12.91     2.28      0.0002    -10.01 RIGHT   9.8076E-04     79.69  1.7319E-04   -100.26
   10.00     10.00      1.68   -13.35     1.81      0.0007    -10.05 RIGHT   9.2883E-04     78.09  1.6456E-04   -101.69
   15.00     10.00      0.86   -14.17     0.99      0.0014    -10.05 RIGHT   8.4530E-04     75.12  1.4989E-04   -104.41
   20.00     10.00     -0.35   -15.47    -0.21      0.0020     -9.95 RIGHT   7.3582E-04     70.18  1.2903E-04   -109.16
   25.00     10.00     -1.96   -17.45    -1.84      0.0001     -9.54 LEFT    6.1069E-04     62.12  1.0264E-04   -117.92
   30.00     10.00     -3.91   -20.25    -3.81      0.0135     -8.63 LEFT    4.8811E-04     48.84  7.4416E-05   -136.35
   35.00     10.00     -5.69   -22.23    -5.59      0.0587     -7.79 LEFT    3.9787E-04     27.87  5.9232E-05   -175.80
   40.00     10.00     -6.26   -19.64    -6.07      0.1314     -9.62 LEFT    3.7226E-04      1.27  7.9830E-05   -217.79
   45.00     10.00     -5.48   -15.80    -5.09      0.1705    -14.20 LEFT    4.0741E-04    -21.83  1.2420E-04   -238.27
   50.00     10.00     -4.40   -12.85    -3.82      0.1734    -18.59 LEFT    4.6149E-04    -37.36  1.7437E-04   -247.97
   55.00     10.00     -3.72   -10.80    -2.95      0.1663    -22.36 LEFT    4.9864E-04    -47.45  2.2072E-04   -253.38
   60.00     10.00     -3.67    -9.52    -2.67      0.1569    -25.94 LEFT    5.0187E-04    -54.52  2.5576E-04   -256.76
   65.00     10.00     -4.27    -8.96    -3.00      0.1442    -29.53 LEFT    4.6839E-04    -60.05  2.7286E-04    101.00
   70.00     10.00     -5.53    -9.16    -3.97      0.1256    -32.97 LEFT    4.0497E-04    -64.90  2.6669E-04     99.49
   75.00     10.00     -7.49   -10.29    -5.66      0.0995    -35.76 LEFT    3.2309E-04    -69.53  2.3426E-04     98.50
   80.00     10.00    -10.34   -12.78    -8.38      0.0675    -36.99 LEFT    2.3278E-04    -74.05  1.7581E-04     97.92
   85.00     10.00    -15.16   -18.10   -13.37      0.0346    -35.44 LEFT    1.3371E-04    -78.12  9.5253E-05     97.69
   90.00     10.00   -999.99  -999.99  -999.99      0.0000      0.00         1.0083E-14     98.69  5.8140E-15    -82.23
    0.00     15.00      2.14    -9.30     2.44      0.0000    -15.00 LINEAR  9.7920E-04     80.19  2.6238E-04    -99.81
    5.00     15.00      1.98    -9.44     2.28      0.0002    -15.02 RIGHT   9.6199E-04     79.68  2.5815E-04   -100.26
   10.00     15.00      1.51    -9.89     1.82      0.0010    -15.07 RIGHT   9.1115E-04     78.08  2.4531E-04   -101.69
   15.00     15.00      0.69   -10.70     1.00      0.0021    -15.08 RIGHT   8.2936E-04     75.11  2.2348E-04   -104.41
   20.00     15.00     -0.51   -12.00    -0.21      0.0029    -14.92 RIGHT   7.2209E-04     70.17  1.9242E-04   -109.17
   25.00     15.00     -2.13   -13.98    -1.85      0.0002    -14.33 LEFT    5.9944E-04     62.10  1.5309E-04   -117.94
   30.00     15.00     -4.07   -16.77    -3.84      0.0200    -13.00 LEFT    4.7926E-04     48.80  1.1103E-04   -136.40
   35.00     15.00     -5.84   -18.74    -5.62      0.0872    -11.80 LEFT    3.9089E-04     27.79  8.8481E-05   -175.89
   40.00     15.00     -6.41   -16.14    -5.97      0.1925    -14.78 LEFT    3.6612E-04      1.17  1.1942E-04   -217.85
   45.00     15.00     -5.62   -12.30    -4.77      0.2392    -21.77 LEFT    4.0111E-04    -21.92  1.8587E-04   -238.29
   50.00     15.00     -4.53    -9.35    -3.29      0.2312    -27.93 LEFT    4.5467E-04    -37.44  2.6104E-04   -247.99
   55.00     15.00     -3.85    -7.30    -2.23      0.2111    -32.83 LEFT    4.9148E-04    -47.52  3.3053E-04   -253.39
   60.00     15.00     -3.79    -6.01    -1.75      0.1893    -37.20 LEFT    4.9477E-04    -54.59  3.8316E-04   -256.77
   65.00     15.00     -4.39    -5.45    -1.88      0.1650    -41.33 LEFT    4.6179E-04    -60.12  4.0890E-04    100.99
   70.00     15.00     -5.66    -5.64    -2.64      0.1364    -45.04 LEFT    3.9920E-04    -64.98  3.9977E-04     99.48
   75.00     15.00     -7.62    -6.77    -4.16      0.1035    -47.87 LEFT    3.1839E-04    -69.63  3.5124E-04     98.49
   80.00     15.00    -10.47    -9.26    -6.81      0.0685    -49.03 LEFT    2.2929E-04    -74.17  2.6365E-04     97.91
   85.00     15.00    -15.29   -14.58   -11.91      0.0352    -47.34 LEFT    1.3165E-04    -78.27  1.4286E-04     97.68
   90.00     15.00   -999.99  -999.99  -999.99      0.0000      0.00         9.9259E-15     98.53  8.7201E-15    -82.23
    0.00     20.00      1.90    -6.88     2.44      0.0000    -20.00 LINEAR  9.5260E-04     80.19  3.4672E-04    -99.81
    5.00     20.00      1.74    -7.02     2.29      0.0003    -20.03 RIGHT   9.3591E-04     79.68  3.4116E-04   -100.26
   10.00     20.00      1.27    -7.46     1.82      0.0013    -20.09 RIGHT   8.8658E-04     78.08  3.2424E-04   -101.69
   15.00     20.00      0.46    -8.27     1.00      0.0027    -20.10 RIGHT   8.0717E-04     75.11  2.9544E-04   -104.42
   20.00     20.00     -0.74    -9.57    -0.21      0.0037    -19.90 RIGHT   7.0298E-04     70.16  2.5445E-04   -109.18
   25.00     20.00     -2.36   -11.55    -1.86      0.0002    -19.13 LEFT    5.8377E-04     62.07  2.0251E-04   -117.97
   30.00     20.00     -4.30   -14.34    -3.89      0.0261    -17.41 LEFT    4.6692E-04     48.75  1.4693E-04   -136.47
   35.00     20.00     -6.06   -16.30    -5.67      0.1145    -15.95 LEFT    3.8112E-04     27.70  1.1728E-04   -176.02
   40.00     20.00     -6.62   -13.68    -5.84      0.2474    -20.33 LEFT    3.5749E-04      1.04  1.5858E-04   -217.93
   45.00     20.00     -5.81    -9.83    -4.36      0.2891    -29.63 LEFT    3.9223E-04    -22.05  2.4698E-04   -238.33
   50.00     20.00     -4.71    -6.87    -2.65      0.2629    -36.87 LEFT    4.4501E-04    -37.54  3.4701E-04   -248.01
   55.00     20.00     -4.03    -4.82    -1.40      0.2280    -42.12 LEFT    4.8130E-04    -47.61  4.3960E-04   -253.41
   60.00     20.00     -3.97    -3.53    -0.74      0.1951    -46.56 LEFT    4.8467E-04    -54.68  5.0983E-04   -256.78
   65.00     20.00     -4.57    -2.96    -0.68      0.1626    -50.56 LEFT    4.5241E-04    -60.22  5.4433E-04    100.98
   70.00     20.00     -5.84    -3.16    -1.28      0.1291    -54.01 LEFT    3.9102E-04    -65.09  5.3239E-04     99.47
   75.00     20.00     -7.81    -4.28    -2.68      0.0948    -56.55 LEFT    3.1173E-04    -69.76  4.6792E-04     98.48
   80.00     20.00    -10.66    -6.77    -5.28      0.0615    -57.54 LEFT    2.2436E-04    -74.34  3.5132E-04     97.90
   85.00     20.00    -15.49   -12.09   -10.45      0.0313    -55.95 LEFT    1.2875E-04    -78.47  1.9039E-04     97.67
   90.00     20.00   -999.99  -999.99  -999.99      0.0000      0.00         9.7047E-15     98.32  1.1622E-14    -82.24
    0.00     25.00      1.58    -5.04     2.44      0.0000    -25.00 LINEAR  9.1876E-04     80.19  4.2843E-04    -99.81
    5.00     25.00      1.43    -5.18     2.29      0.0004    -25.03 RIGHT   9.0272E-04     79.68  4.2158E-04   -100.26
   10.00     25.00      0.96    -5.62     1.82      0.0015    -25.11 RIGHT   8.5529E-04     78.08  4.0074E-04   -101.70
   15.00     25.00      0.15    -6.43     1.01      0.0032    -25.12 RIGHT   7.7891E-04     75.10  3.6526E-04   -104.42
   20.00     25.00     -1.05    -7.72    -0.20      0.0044    -24.88 RIGHT   6.7860E-04     70.14  3.1469E-04   -109.20
   25.00     25.00     -2.66    -9.70    -1.88      0.0003    -23.96 LEFT    5.6375E-04     62.04  2.5054E-04   -118.00
   30.00     25.00     -4.59   -12.48    -3.94      0.0317    -21.90 LEFT    4.5114E-04     48.68  1.8188E-04   -136.55
   35.00     25.00     -6.35   -14.43    -5.72      0.1402    -20.28 LEFT    3.6859E-04     27.57  1.4546E-04   -176.17
   40.00     25.00     -6.89   -11.79    -5.67      0.2932    -26.32 LEFT    3.4637E-04      0.88  1.9713E-04   -218.02
   45.00     25.00     -6.07    -7.93    -3.89      0.3176    -37.51 LEFT    3.8069E-04    -22.20  3.0724E-04   -238.37
   50.00     25.00     -4.96    -4.97    -1.96      0.2714    -44.96 LEFT    4.3241E-04    -37.67  4.3192E-04   -248.04
   55.00     25.00     -4.28    -2.91    -0.53      0.2251    -49.96 LEFT    4.6799E-04    -47.72  5.4750E-04   -253.43
   60.00     25.00     -4.21    -1.62     0.28      0.1855    -54.04 LEFT    4.7145E-04    -54.78  6.3534E-04   -256.79
   65.00     25.00     -4.81    -1.05     0.48      0.1496    -57.63 LEFT    4.4011E-04    -60.33  6.7871E-04    100.97
   70.00     25.00     -6.08    -1.24    -0.00      0.1154    -60.66 LEFT    3.8031E-04    -65.22  6.6414E-04     99.46
   75.00     25.00     -8.05    -2.35    -1.32      0.0828    -62.85 LEFT    3.0303E-04    -69.93  5.8395E-04     98.47
   80.00     25.00    -10.91    -4.84    -3.88      0.0526    -63.70 LEFT    2.1793E-04    -74.54  4.3856E-04     97.89
   85.00     25.00    -15.74   -10.16    -9.10      0.0261    -62.29 LEFT    1.2498E-04    -78.71  2.3772E-04     97.66
   90.00     25.00   -999.99  -999.99  -999.99      0.0000      0.00         9.4180E-15     98.05  1.4512E-14    -82.25
    0.00     30.00      1.19    -3.58     2.44      0.0000    -30.00 LINEAR  8.7792E-04     80.19  5.0687E-04    -99.81
    5.00     30.00      1.04    -3.72     2.29      0.0004    -30.04 RIGHT   8.6266E-04     79.68  4.9880E-04   -100.26
   10.00     30.00      0.57    -4.16     1.83      0.0017    -30.12 RIGHT   8.1751E-04     78.08  4.7425E-04   -101.70
   15.00     30.00     -0.24    -4.96     1.02      0.0036    -30.14 RIGHT   7.4474E-04     75.09  4.3240E-04   -104.43
   20.00     30.00     -1.43    -6.25    -0.20      0.0050    -29.86 RIGHT   6.4910E-04     70.12  3.7268E-04   -109.22
   25.00     30.00     -3.04    -8.23    -1.89      0.0004    -28.82 LEFT    5.3949E-04     62.00  2.9684E-04   -118.04
   30.00     30.00     -4.97   -11.01    -4.01      0.0366    -26.47 LEFT    4.3198E-04     48.61  2.1562E-04   -136.65
   35.00     30.00     -6.72   -12.93    -5.79      0.1634    -24.82 LEFT    3.5334E-04     27.43  1.7284E-04   -176.35
   40.00     30.00     -7.24   -10.26    -5.48      0.3269    -32.74 LEFT    3.3272E-04      0.69  2.3485E-04   -218.13
   45.00     30.00     -6.40    -6.40    -3.39      0.3254    -44.99 LEFT    3.6644E-04    -22.37  3.6634E-04   -238.43
   50.00     30.00     -5.28    -3.44    -1.25      0.2634    -51.95 LEFT    4.1676E-04    -37.82  5.1533E-04   -248.07
   55.00     30.00     -4.59    -1.37     0.32      0.2110    -56.39 LEFT    4.5141E-04    -47.85  6.5367E-04   -253.45
   60.00     30.00     -4.52    -0.07     1.26      0.1692    -59.97 LEFT    4.5495E-04    -54.91  7.5908E-04   -256.81
   65.00     30.00     -5.12     0.50     1.56      0.1332    -63.09 LEFT    4.2476E-04    -60.46  8.1142E-04    100.96
   70.00     30.00     -6.39     0.32     1.16      0.1007    -65.71 LEFT    3.6696E-04    -65.37  7.9444E-04     99.45
   75.00     30.00     -8.37    -0.79    -0.09      0.0709    -67.60 LEFT    2.9221E-04    -70.11  6.9884E-04     98.46
   80.00     30.00    -11.24    -3.28    -2.63      0.0441    -68.32 LEFT    2.0998E-04    -74.78  5.2503E-04     97.88
   85.00     30.00    -16.07    -8.59    -7.88      0.0210    -67.11 LEFT    1.2033E-04    -79.00  2.8464E-04     97.65
   90.00     30.00   -999.99  -999.99  -999.99      0.0000      0.00         9.0648E-15     97.75  1.7377E-14    -82.27
    0.00     35.00      0.71    -2.39     2.44      0.0000    -35.00 LINEAR  8.3041E-04     80.19  5.8146E-04    -99.81
    5.00     35.00      0.55    -2.53     2.29      0.0005    -35.04 RIGHT   8.1603E-04     79.68  5.7225E-04   -100.26
   10.00     35.00      0.09    -2.97     1.84      0.0018    -35.13 RIGHT   7.7350E-04     78.07  5.4421E-04   -101.70
   15.00     35.00     -0.72    -3.76     1.03      0.0039    -35.15 RIGHT   7.0490E-04     75.08  4.9636E-04   -104.44
   20.00     35.00     -1.91    -5.05    -0.19      0.0054    -34.85 RIGHT   6.1466E-04     70.10  4.2800E-04   -109.24
   25.00     35.00     -3.51    -7.02    -1.91      0.0004    -33.71 LEFT    5.1113E-04     61.96  3.4106E-04   -118.09
   30.00     35.00     -5.43    -9.79    -4.08      0.0408    -31.14 LEFT    4.0953E-04     48.52  2.4791E-04   -136.75
   35.00     35.00     -7.17   -11.69    -5.86      0.1833    -29.61 LEFT    3.3540E-04     27.27  1.9923E-04   -176.55
   40.00     35.00     -7.67    -9.01    -5.28      0.3463    -39.41 LEFT    3.1656E-04      0.48  2.7149E-04   -218.25
   45.00     35.00     -6.81    -5.14    -2.88      0.3168    -51.75 LEFT    3.4942E-04    -22.56  4.2388E-04   -238.48
   50.00     35.00     -5.68    -2.17    -0.57      0.2456    -57.85 LEFT    3.9797E-04    -37.98  5.9669E-04   -248.10
   55.00     35.00     -4.98    -0.09     1.13      0.1918    -61.65 LEFT    4.3143E-04    -47.99  7.5744E-04   -253.47
   60.00     35.00     -4.91     1.21     2.16      0.1507    -64.73 LEFT    4.3503E-04    -55.05  8.8024E-04   -256.83
   65.00     35.00     -5.51     1.80     2.54      0.1167    -67.42 LEFT    4.0622E-04    -60.61  9.4160E-04    100.94
   70.00     35.00     -6.78     1.62     2.21      0.0868    -69.67 LEFT    3.5084E-04    -65.54  9.2247E-04     99.43
   75.00     35.00     -8.76     0.51     0.99      0.0601    -71.29 LEFT    2.7919E-04    -70.32  8.1187E-04     98.44
   80.00     35.00    -11.64    -1.97    -1.53      0.0367    -71.92 LEFT    2.0044E-04    -75.04  6.1018E-04     97.87
   85.00     35.00    -16.48    -7.29    -6.79      0.0165    -70.89 LEFT    1.1477E-04    -79.31  3.3088E-04     97.63
   90.00     35.00   -999.99  -999.99  -999.99      0.0000      0.00         8.6428E-15     97.41  2.0202E-14    -82.28
    0.00     40.00      0.12    -1.40     2.44      0.0000    -40.00 LINEAR  7.7657E-04     80.19  6.5162E-04    -99.81
    5.00     40.00     -0.03    -1.54     2.29      0.0005    -40.04 RIGHT   7.6319E-04     79.68  6.4135E-04   -100.26
   10.00     40.00     -0.49    -1.97     1.84      0.0019    -40.14 RIGHT   7.2359E-04     78.07  6.1008E-04   -101.71
   15.00     40.00     -1.29    -2.77     1.04      0.0041    -40.16 RIGHT   6.5968E-04     75.07  5.5665E-04   -104.45
   20.00     40.00     -2.48    -4.05    -0.18      0.0057    -39.84 RIGHT   5.7549E-04     70.08  4.8021E-04   -109.26
   25.00     40.00     -4.08    -6.02    -1.93      0.0004    -38.65 LEFT    4.7883E-04     61.92  3.8286E-04   -118.13
   30.00     40.00     -6.00    -8.78    -4.16      0.0440    -35.92 LEFT    3.8392E-04     48.43  2.7850E-04   -136.87
   35.00     40.00     -7.72   -10.66    -5.93      0.1987    -34.66 LEFT    3.1484E-04     27.11  2.2441E-04   -176.75
   40.00     40.00     -8.20    -7.94    -5.06      0.3505    -46.07 LEFT    2.9789E-04      0.27  3.0675E-04   -218.38
   45.00     40.00     -7.32    -4.07    -2.39      0.2970    -57.65 LEFT    3.2959E-04    -22.77  4.7938E-04   -238.54
   50.00     40.00     -6.18    -1.09     0.08      0.2230    -62.79 LEFT    3.7594E-04    -38.14  6.7533E-04   -248.13
   55.00     40.00     -5.47     0.99     1.87      0.1709    -66.00 LEFT    4.0793E-04    -48.14  8.5796E-04   -253.49
   60.00     40.00     -5.39     2.30     2.98      0.1324    -68.63 LEFT    4.1155E-04    -55.19  9.9785E-04   -256.85
   65.00     40.00     -5.99     2.89     3.42      0.1011    -70.94 LEFT    3.8435E-04    -60.76  1.0682E-03    100.92
   70.00     40.00     -7.26     2.72     3.14      0.0743    -72.87 LEFT    3.3187E-04    -65.72  1.0472E-03     99.42
   75.00     40.00     -9.25     1.62     1.96      0.0507    -74.27 LEFT    2.6391E-04    -70.54  9.2214E-04     98.43
   80.00     40.00    -12.14    -0.86    -0.55      0.0303    -74.82 LEFT    1.8929E-04    -75.32  6.9332E-04     97.85
   85.00     40.00    -16.99    -6.18    -5.83      0.0127    -73.95 LEFT    1.0829E-04    -79.64  3.7606E-04     97.62
   90.00     40.00   -999.99  -999.99  -999.99      0.0000      0.00         8.1518E-15     97.06  2.2962E-14    -82.29
    0.00     45.00     -0.57    -0.57     2.44      0.0000    -45.00 LINEAR  7.1682E-04     80.19  7.1682E-04    -99.81
    5.00     45.00     -0.72    -0.71     2.29      0.0005    -45.04 RIGHT   7.0453E-04     79.68  7.0559E-04   -100.26
   10.00     45.00     -1.18    -1.14     1.85      0.0019    -45.14 RIGHT   6.6815E-04     78.07  6.7136E-04   -101.71
   15.00     45.00     -1.98    -1.93     1.05      0.0042    -45.16 RIGHT   6.0937E-04     75.06  6.1280E-04   -104.46
   20.00     45.00     -3.16    -3.21    -0.18      0.0058    -44.84 RIGHT   5.3187E-04     70.06  5.2891E-04   -109.28
   25.00     45.00     -4.76    -5.18    -1.95      0.0005    -43.62 LEFT    4.4278E-04     61.87  4.2191E-04   -118.18
   30.00     45.00     -6.67    -7.93    -4.25      0.0460    -40.83 LEFT    3.5527E-04     48.34  3.0713E-04   -136.98
   35.00     45.00     -8.38    -9.79    -6.02      0.2087    -39.96 LEFT    2.9175E-04     26.94  2.4818E-04   -176.97
   40.00     45.00     -8.84    -7.04    -4.84      0.3404    -52.45 LEFT    2.7674E-04      0.04  3.4029E-04   -218.51
   45.00     45.00     -7.94    -3.16    -1.91      0.2705    -62.73 LEFT    3.0694E-04    -22.97  5.3232E-04   -238.60
   50.00     45.00     -6.78    -0.17     0.68      0.1984    -66.98 LEFT    3.5064E-04    -38.32  7.5049E-04   -248.17
   55.00     45.00     -6.07     1.91     2.55      0.1500    -69.67 LEFT    3.8083E-04    -48.29  9.5423E-04   -253.52
   60.00     45.00     -5.98     3.23     3.72      0.1149    -71.91 LEFT    3.8442E-04    -55.34  1.1107E-03    103.13
   65.00     45.00     -6.58     3.83     4.21      0.0869    -73.88 LEFT    3.5907E-04    -60.92  1.1900E-03    100.91
   70.00     45.00     -7.85     3.66     3.96      0.0632    -75.54 LEFT    3.0996E-04    -65.90  1.1673E-03     99.40
   75.00     45.00     -9.85     2.56     2.81      0.0426    -76.74 LEFT    2.4632E-04    -70.76  1.0285E-03     98.41
   80.00     45.00    -12.75     0.09     0.31      0.0248    -77.22 LEFT    1.7650E-04    -75.60  7.7361E-04     97.84
   85.00     45.00    -17.60    -5.22    -4.98      0.0096    -76.50 LEFT    1.0088E-04    -79.98  4.1971E-04     97.61
   90.00     45.00   -999.99  -999.99  -999.99      0.0000      0.00         7.5916E-15     96.69  2.5630E-14    -82.31
    0.00     50.00     -1.40     0.12     2.44      0.0000    -50.00 LINEAR  6.5162E-04     80.19  7.7657E-04    -99.81
    5.00     50.00     -1.55    -0.01     2.30      0.0005    -50.04 RIGHT   6.4050E-04     79.68  7.6447E-04   -100.27
   10.00     50.00     -2.01    -0.44     1.85      0.0019    -50.14 RIGHT   6.0758E-04     78.06  7.2756E-04   -101.72
   15.00     50.00     -2.80    -1.23     1.06      0.0041    -50.16 RIGHT   5.5435E-04     75.05  6.6437E-04   -104.47
   20.00     50.00     -3.98    -2.51    -0.17      0.0057    -49.84 RIGHT   4.8409E-04     70.04  5.7369E-04   -109.30
   25.00     50.00     -5.57    -4.47    -1.97      0.0005    -48.63 LEFT    4.0323E-04     61.83  4.5787E-04   -118.23
   30.00     50.00     -7.48    -7.22    -4.33      0.0466    -45.86 LEFT    3.2377E-04     48.24  3.3356E-04   -137.10
   35.00     50.00     -9.17    -9.04    -6.10      0.2120    -45.47 LEFT    2.6625E-04     26.77  2.7029E-04   -177.18
   40.00     50.00     -9.61    -6.28    -4.62      0.3188    -58.34 LEFT    2.5319E-04     -0.18  3.7175E-04   -218.64
   45.00     50.00     -8.69    -2.38    -1.47      0.2407    -67.11 LEFT    2.8150E-04    -23.18  5.8211E-04   -238.66
   50.00     50.00     -7.52     0.61     1.23      0.1735    -70.58 LEFT    3.2207E-04    -38.49  8.2132E-04   -248.20
   55.00     50.00     -6.80     2.70     3.16      0.1299    -72.82 LEFT    3.5012E-04    -48.44  1.0451E-03   -253.54
   60.00     50.00     -6.71     4.03     4.38      0.0987    -74.72 LEFT    3.5362E-04    -55.48  1.2176E-03    103.11
   65.00     50.00     -7.30     4.63     4.90      0.0741    -76.39 LEFT    3.3035E-04    -61.07  1.3054E-03    100.89
   70.00     50.00     -8.58     4.47     4.68      0.0534    -77.81 LEFT    2.8509E-04    -66.08  1.2814E-03     99.39
   75.00     50.00    -10.58     3.38     3.55      0.0355    -78.84 LEFT    2.2640E-04    -70.99  1.1296E-03     98.40
   80.00     50.00    -13.49     0.91     1.06      0.0202    -79.26 LEFT    1.6207E-04    -75.88  8.5003E-04     97.82
   85.00     50.00    -18.35    -4.40    -4.23      0.0070    -78.66 LEFT    9.2554E-05    -80.33  4.6129E-04     97.59
   90.00     50.00   -999.99  -999.99  -999.99      0.0000      0.00         6.9626E-15     96.32  2.8171E-14    -82.33
    0.00     55.00     -2.39     0.71     2.44      0.0000    -55.00 LINEAR  5.8146E-04     80.19  8.3041E-04    -99.81
    5.00     55.00     -2.54     0.57     2.30      0.0005    -55.04 RIGHT   5.7159E-04     79.68  8.1754E-04   -100.27
   10.00     55.00     -3.00     0.14     1.86      0.0018    -55.13 RIGHT   5.4234E-04     78.06  7.7826E-04   -101.72
   15.00     55.00     -3.79    -0.64     1.07      0.0039    -55.15 RIGHT   4.9502E-04     75.04  7.1093E-04   -104.48
   20.00     55.00     -4.96    -1.91    -0.17      0.0054    -54.85 RIGHT   4.3249E-04     70.02  6.1419E-04   -109.32
   25.00     55.00     -6.54    -3.87    -1.99      0.0005    -53.69 LEFT    3.6045E-04     61.78  4.9045E-04   -118.28
   30.00     55.00     -8.44    -6.61    -4.42      0.0458    -51.02 LEFT    2.8962E-04     48.15  3.5755E-04   -137.21
   35.00     55.00    -10.13    -8.42    -6.18      0.2080    -51.13 LEFT    2.3848E-04     26.60  2.9051E-04   -177.38
   40.00     55.00    -10.55    -5.62    -4.41      0.2886    -63.66 LEFT    2.2735E-04     -0.40  4.0075E-04   -218.77
   45.00     55.00     -9.61    -1.72    -1.07      0.2095    -70.92 LEFT    2.5335E-04    -23.37  6.2812E-04   -238.72
   50.00     55.00     -8.42     1.28     1.72      0.1492    -73.74 LEFT    2.9028E-04    -38.65  8.8689E-04   -248.23
   55.00     55.00     -7.69     3.38     3.70      0.1109    -75.59 LEFT    3.1585E-04    -48.59  1.1295E-03   -253.56
   60.00     55.00     -7.60     4.71     4.96      0.0837    -77.18 LEFT    3.1917E-04    -55.62  1.3168E-03    103.10
   65.00     55.00     -8.19     5.32     5.51      0.0624    -78.60 LEFT    2.9822E-04    -61.22  1.4129E-03    100.87
   70.00     55.00     -9.47     5.17     5.31      0.0446    -79.80 LEFT    2.5730E-04    -66.25  1.3879E-03     99.37
   75.00     55.00    -11.48     4.08     4.20      0.0294    -80.67 LEFT    2.0420E-04    -71.20  1.2241E-03     98.38
   80.00     55.00    -14.39     1.61     1.72      0.0163    -81.04 LEFT    1.4604E-04    -76.15  9.2148E-04     97.81
   85.00     55.00    -19.26    -3.70    -3.58      0.0050    -80.55 LEFT    8.3333E-05    -80.65  5.0018E-04     97.58
   90.00     55.00   -999.99  -999.99  -999.99      0.0000      0.00         6.2668E-15     95.97  3.0549E-14    -82.34
    0.00     60.00     -3.58     1.19     2.44      0.0000    -60.00 LINEAR  5.0687E-04     80.19  8.7792E-04    -99.81
    5.00     60.00     -3.73     1.05     2.30      0.0004    -60.04 RIGHT   4.9831E-04     79.68  8.6439E-04   -100.27
   10.00     60.00     -4.18     0.63     1.87      0.0017    -60.12 RIGHT   4.7292E-04     78.05  8.2305E-04   -101.72
   15.00     60.00     -4.97    -0.15     1.08      0.0036    -60.14 RIGHT   4.3181E-04     75.03  7.5212E-04   -104.49
   20.00     60.00     -6.14    -1.42    -0.16      0.0050    -59.86 RIGHT   3.7743E-04     70.00  6.5006E-04   -109.34
   25.00     60.00     -7.72    -3.37    -2.01      0.0005    -58.78 LEFT    3.1472E-04     61.74  5.1934E-04   -118.32
   30.00     60.00     -9.62    -6.11    -4.51      0.0434    -56.31 LEFT    2.5305E-04     48.07  3.7887E-04   -137.32
   35.00     60.00    -11.29    -7.89    -6.26      0.1961    -56.87 LEFT    2.0863E-04     26.45  3.0862E-04   -177.57
   40.00     60.00    -11.69    -5.07    -4.22      0.2527    -68.42 LEFT    1.9935E-04     -0.60  4.2691E-04   -218.88
   45.00     60.00    -10.73    -1.16    -0.71      0.1781    -74.29 LEFT    2.2263E-04    -23.56  6.6970E-04   -238.77
   50.00     60.00     -9.54     1.84     2.15      0.1257    -76.56 LEFT    2.5543E-04    -38.80  9.4626E-04   -248.26
   55.00     60.00     -8.79     3.95     4.17      0.0929    -78.08 LEFT    2.7816E-04    -48.72  1.2060E-03   -253.58
   60.00     60.00     -8.70     5.29     5.46      0.0698    -79.39 LEFT    2.8122E-04    -55.75  1.4071E-03    103.08
   65.00     60.00     -9.29     5.90     6.03      0.0517    -80.57 LEFT    2.6281E-04    -61.36  1.5107E-03    100.86
   70.00     60.00    -10.57     5.75     5.85      0.0367    -81.57 LEFT    2.2670E-04    -66.41  1.4849E-03     99.36
   75.00     60.00    -12.58     4.67     4.75      0.0239    -82.30 LEFT    1.7980E-04    -71.40  1.3103E-03     98.37
   80.00     60.00    -15.50     2.20     2.28      0.0129    -82.62 LEFT    1.2849E-04    -76.41  9.8674E-04     97.79
   85.00     60.00    -20.38    -3.10    -3.02      0.0035    -82.22 LEFT    7.3260E-05    -80.96  5.3573E-04     97.56
   90.00     60.00   -999.99  -999.99  -999.99      0.0000      0.00         5.5077E-15     95.64  3.2722E-14    -82.35
    0.00     65.00     -5.04     1.58     2.44      0.0000    -65.00 LINEAR  4.2843E-04     80.19  9.1876E-04    -99.81
    5.00     65.00     -5.19     1.45     2.30      0.0004    -65.03 RIGHT   4.2122E-04     79.68  9.0466E-04   -100.27
   10.00     65.00     -5.64     1.03     1.87      0.0015    -65.11 RIGHT   3.9984E-04     78.05  8.6158E-04   -101.73
   15.00     65.00     -6.43     0.25     1.09      0.0032    -65.12 RIGHT   3.6520E-04     75.02  7.8758E-04   -104.50
   20.00     65.00     -7.60    -1.02    -0.15      0.0044    -64.88 RIGHT   3.1934E-04     69.98  6.8098E-04   -109.36
   25.00     65.00     -9.17    -2.96    -2.03      0.0004    -63.92 LEFT    2.6641E-04     61.70  5.4427E-04   -118.36
   30.00     65.00    -11.06    -5.70    -4.59      0.0394    -61.71 LEFT    2.1433E-04     47.99  3.9731E-04   -137.41
   35.00     65.00    -12.73    -7.46    -6.33      0.1767    -62.60 LEFT    1.7691E-04     26.31  3.2439E-04   -177.74
   40.00     65.00    -13.10    -4.62    -4.04      0.2133    -72.71 LEFT    1.6939E-04     -0.78  4.4983E-04   -218.98
   45.00     65.00    -12.13    -0.70    -0.40      0.1471    -77.34 LEFT    1.8954E-04    -23.72  7.0621E-04   -238.82
   50.00     65.00    -10.92     2.31     2.51      0.1031    -79.12 LEFT    2.1773E-04    -38.93  9.9848E-04   -248.29
   55.00     65.00    -10.18     4.42     4.57      0.0759    -80.34 LEFT    2.3729E-04    -48.84  1.2734E-03   -253.60
   60.00     65.00    -10.08     5.76     5.88      0.0568    -81.41 LEFT    2.4001E-04    -55.86  1.4867E-03    103.06
   65.00     65.00    -10.66     6.39     6.47      0.0419    -82.36 LEFT    2.2432E-04    -61.48  1.5972E-03    100.85
   70.00     65.00    -11.95     6.24     6.31      0.0296    -83.18 LEFT    1.9346E-04    -66.55  1.5707E-03     99.34
   75.00     65.00    -13.97     5.16     5.21      0.0191    -83.78 LEFT    1.5336E-04    -71.58  1.3867E-03     98.36
   80.00     65.00    -16.89     2.70     2.75      0.0101    -84.04 LEFT    1.0951E-04    -76.63  1.0446E-03     97.78
   85.00     65.00    -21.78    -2.60    -2.55      0.0023    -83.72 LEFT    6.2398E-05    -81.24  5.6726E-04     97.55
   90.00     65.00   -999.99  -999.99  -999.99      0.0000      0.00         4.6898E-15     95.33  3.4650E-14    -82.36
    0.00     70.00     -6.88     1.90     2.44      0.0000    -70.00 LINEAR  3.4672E-04     80.19  9.5260E-04    -99.81
    5.00     70.00     -7.03     1.76     2.30      0.0003    -70.03 RIGHT   3.4091E-04     79.68  9.3804E-04   -100.27
   10.00     70.00     -7.48     1.34     1.88      0.0012    -70.09 RIGHT   3.2367E-04     78.05  8.9353E-04   -101.73
   15.00     70.00     -8.26     0.56     1.10      0.0027    -70.10 RIGHT   2.9571E-04     75.02  8.1701E-04   -104.50
   20.00     70.00     -9.43    -0.70    -0.15      0.0037    -69.90 RIGHT   2.5867E-04     69.96  7.0667E-04   -109.37
   25.00     70.00    -11.00    -2.64    -2.05      0.0004    -69.09 LEFT    2.1588E-04     61.67  5.6502E-04   -118.39
   30.00     70.00    -12.88    -5.37    -4.66      0.0338    -67.23 LEFT    1.7377E-04     47.93  4.1268E-04   -137.49
   35.00     70.00    -14.54    -7.11    -6.39      0.1502    -68.26 LEFT    1.4357E-04     26.19  3.3760E-04   -177.89
   40.00     70.00    -14.90    -4.25    -3.90      0.1718    -76.60 LEFT    1.3771E-04     -0.93  4.6915E-04   -219.07
   45.00     70.00    -13.91    -0.33    -0.14      0.1167    -80.13 LEFT    1.5436E-04    -23.86  7.3704E-04   -238.86
   50.00     70.00    -12.70     2.68     2.81      0.0814    -81.50 LEFT    1.7750E-04    -39.05  1.0426E-03   -248.31
   55.00     70.00    -11.94     4.80     4.89      0.0597    -82.44 LEFT    1.9356E-04    -48.94  1.3305E-03   -253.62
   60.00     70.00    -11.84     6.15     6.22      0.0445    -83.28 LEFT    1.9585E-04    -55.96  1.5542E-03    103.05
   65.00     70.00    -12.43     6.78     6.83      0.0327    -84.03 LEFT    1.8308E-04    -61.58  1.6707E-03    100.83
   70.00     70.00    -13.71     6.64     6.68      0.0230    -84.67 LEFT    1.5787E-04    -66.67  1.6437E-03     99.33
   75.00     70.00    -15.74     5.56     5.59      0.0147    -85.15 LEFT    1.2509E-04    -71.73  1.4517E-03     98.35
   80.00     70.00    -18.67     3.10     3.13      0.0076    -85.36 LEFT    8.9267E-05    -76.83  1.0939E-03     97.77
   85.00     70.00    -23.56    -2.20    -2.17      0.0015    -85.11 LEFT    5.0833E-05    -81.48  5.9411E-04     97.54
   90.00     70.00   -999.99  -999.99  -999.99      0.0000      0.00         3.8197E-15     95.08  3.6293E-14    -82.37
    0.00     75.00     -9.30     2.14     2.44      0.0000    -75.00 LINEAR  2.6238E-04     80.19  9.7920E-04    -99.81
    5.00     75.00     -9.45     2.00     2.30      0.0002    -75.02 RIGHT   2.5799E-04     79.68  9.6428E-04   -100.27
   10.00     75.00     -9.90     1.58     1.88      0.0010    -75.07 RIGHT   2.4498E-04     78.05  9.1866E-04   -101.73
   15.00     75.00    -10.68     0.81     1.10      0.0021    -75.08 RIGHT   2.2387E-04     75.01  8.4018E-04   -104.51
   20.00     75.00    -11.84    -0.45    -0.15      0.0029    -74.92 RIGHT   1.9588E-04     69.95  7.2691E-04   -109.39
   25.00     75.00    -13.41    -2.39    -2.06      0.0003    -74.29 LEFT    1.6353E-04     61.64  5.8138E-04   -118.42
   30.00     75.00    -15.29    -5.12    -4.72      0.0268    -72.84 LEFT    1.3169E-04     47.87  4.2481E-04   -137.56
   35.00     75.00    -16.94    -6.85    -6.44      0.1180    -73.83 LEFT    1.0889E-04     26.09  3.4809E-04   -178.01
   40.00     75.00    -17.29    -3.97    -3.78      0.1294    -80.19 LEFT    1.0460E-04     -1.06  4.8455E-04   -219.14
   45.00     75.00    -16.29    -0.05     0.06      0.0868    -82.74 LEFT    1.1740E-04    -23.97  7.6165E-04   -238.89
   50.00     75.00    -15.07     2.97     3.04      0.0604    -83.73 LEFT    1.3511E-04    -39.14  1.0779E-03   -248.33
   55.00     75.00    -14.31     5.09     5.14      0.0442    -84.43 LEFT    1.4742E-04    -49.02  1.3761E-03   -253.63
   60.00     75.00    -14.20     6.45     6.48      0.0329    -85.04 LEFT    1.4921E-04    -56.04  1.6083E-03    103.04
   65.00     75.00    -14.79     7.08     7.11      0.0241    -85.60 LEFT    1.3949E-04    -61.67  1.7296E-03    100.83
   70.00     75.00    -16.08     6.94     6.96      0.0169    -86.08 LEFT    1.2027E-04    -66.77  1.7023E-03     99.33
   75.00     75.00    -18.10     5.86     5.88      0.0107    -86.43 LEFT    9.5264E-05    -71.85  1.5039E-03     98.34
   80.00     75.00    -21.04     3.41     3.42      0.0055    -86.58 LEFT    6.7947E-05    -76.99  1.1335E-03     97.76
   85.00     75.00    -25.93    -1.89    -1.88      0.0009    -86.41 LEFT    3.8675E-05    -81.67  6.1571E-04     97.53
   90.00     75.00   -999.99  -999.99  -999.99      0.0000      0.00         2.9056E-15     94.87  3.7614E-14    -82.38
    0.00     80.00    -12.77     2.31     2.44      0.0000    -80.00 LINEAR  1.7603E-04     80.19  9.9834E-04    -99.81
    5.00     80.00    -12.91     2.17     2.30      0.0002    -80.01 RIGHT   1.7310E-04     79.68  9.8316E-04   -100.27
   10.00     80.00    -13.36     1.75     1.88      0.0007    -80.05 RIGHT   1.6439E-04     78.04  9.3675E-04   -101.73
   15.00     80.00    -14.14     0.98     1.11      0.0014    -80.06 RIGHT   1.5025E-04     75.01  8.5687E-04   -104.51
   20.00     80.00    -15.30    -0.28    -0.14      0.0020    -79.94 RIGHT   1.3149E-04     69.94  7.4151E-04   -109.40
   25.00     80.00    -16.87    -2.22    -2.07      0.0002    -79.51 LEFT    1.0980E-04     61.63  5.9318E-04   -118.44
   30.00     80.00    -18.75    -4.94    -4.76      0.0186    -78.52 LEFT    8.8447E-05     47.83  4.3358E-04   -137.61
   35.00     80.00    -20.39    -6.66    -6.48      0.0812    -79.29 LEFT    7.3182E-05     26.02  3.5570E-04   -178.10
   40.00     80.00    -20.73    -3.78    -3.69      0.0864    -83.57 LEFT    7.0372E-05     -1.15  4.9576E-04   -219.20
   45.00     80.00    -19.72     0.16     0.20      0.0576    -85.23 LEFT    7.9059E-05    -24.05  7.7958E-04   -238.92
   50.00     80.00    -18.50     3.18     3.21      0.0400    -85.87 LEFT    9.1044E-05    -39.21  1.1036E-03   -248.35
   55.00     80.00    -17.73     5.30     5.32      0.0292    -86.33 LEFT    9.9375E-05    -49.08  1.4094E-03   -253.64
   60.00     80.00    -17.63     6.66     6.67      0.0217    -86.73 LEFT    1.0061E-04    -56.10  1.6478E-03    103.03
   65.00     80.00    -18.21     7.29     7.30      0.0159    -87.10 LEFT    9.4060E-05    -61.73  1.7726E-03    100.82
   70.00     80.00    -19.50     7.16     7.17      0.0111    -87.42 LEFT    8.1091E-05    -66.85  1.7452E-03     99.32
   75.00     80.00    -21.53     6.08     6.09      0.0070    -87.65 LEFT    6.4214E-05    -71.94  1.5421E-03     98.34
   80.00     80.00    -24.47     3.63     3.63      0.0035    -87.75 LEFT    4.5784E-05    -77.10  1.1625E-03     97.76
   85.00     80.00    -29.36    -1.67    -1.67      0.0005    -87.64 LEFT    2.6051E-05    -81.81  6.3152E-04     97.53
   90.00     80.00   -999.99  -999.99  -999.99      0.0000      0.00         1.9569E-15     94.72  3.8581E-14    -82.39
    0.00     85.00    -18.76     2.40     2.44      0.0000    -85.00 LINEAR  8.8353E-05     80.19  1.0099E-03    -99.81
    5.00     85.00    -18.90     2.27     2.31      0.0001    -85.01 RIGHT   8.6882E-05     79.68  9.9455E-04   -100.27
   10.00     85.00    -19.35     1.85     1.89      0.0003    -85.02 RIGHT   8.2514E-05     78.04  9.4767E-04   -101.73
   15.00     85.00    -20.13     1.08     1.11      0.0007    -85.03 RIGHT   7.5424E-05     75.00  8.6694E-04   -104.52
   20.00     85.00    -21.29    -0.18    -0.14      0.0010    -84.97 RIGHT   6.6018E-05     69.94  7.5032E-04   -109.40
   25.00     85.00    -22.85    -2.11    -2.08      0.0001    -84.75 LEFT    5.5137E-05     61.61  6.0031E-04   -118.45
   30.00     85.00    -24.73    -4.83    -4.79      0.0095    -84.25 LEFT    4.4421E-05     47.81  4.3888E-04   -137.64
   35.00     85.00    -26.37    -6.55    -6.50      0.0414    -84.67 LEFT    3.6768E-05     25.97  3.6031E-04   -178.15
   40.00     85.00    -26.71    -3.66    -3.64      0.0432    -86.82 LEFT    3.5379E-05     -1.20  5.0257E-04   -219.23
   45.00     85.00    -25.69     0.28     0.29      0.0287    -87.63 LEFT    3.9771E-05    -24.10  7.9048E-04   -238.93
   50.00     85.00    -24.46     3.30     3.31      0.0199    -87.95 LEFT    4.5817E-05    -39.25  1.1193E-03   -248.35
   55.00     85.00    -23.70     5.42     5.43      0.0145    -88.18 LEFT    5.0021E-05    -49.12  1.4297E-03   -253.65
   60.00     85.00    -23.59     6.78     6.79      0.0108    -88.38 LEFT    5.0648E-05    -56.13  1.6719E-03    103.03
   65.00     85.00    -24.17     7.42     7.42      0.0079    -88.56 LEFT    4.7355E-05    -61.77  1.7989E-03    100.81
   70.00     85.00    -25.46     7.29     7.29      0.0055    -88.72 LEFT    4.0824E-05    -66.89  1.7713E-03     99.32
   75.00     85.00    -27.49     6.21     6.21      0.0035    -88.83 LEFT    3.2322E-05    -72.00  1.5654E-03     98.33
   80.00     85.00    -30.43     3.76     3.76      0.0017    -88.89 LEFT    2.3040E-05    -77.17  1.1802E-03     97.75
   85.00     85.00    -35.33    -1.54    -1.54      0.0002    -88.83 LEFT    1.3107E-05    -81.90  6.4118E-04     97.52
   90.00     85.00   -999.99  -999.99  -999.99      0.0000      0.00         9.8450E-16     94.62  3.9172E-14    -82.39
    0.00     90.00   -999.99     2.44     2.44      0.0000     90.00 LINEAR  5.1735E-15    -99.81  1.0137E-03    -99.81
    5.00     90.00   -999.99     2.31     2.31      0.0000    -90.00 LINEAR  2.5923E-14      9.73  9.9836E-04   -100.27
   10.00     90.00   -999.99     1.89     1.89      0.0000    -90.00 LINEAR  5.4484E-14     14.52  9.5132E-04   -101.73
   15.00     90.00   -199.18     1.11     1.11      0.0000    -90.00 LINEAR  8.4176E-14     15.30  8.7031E-04   -104.52
   20.00     90.00   -196.50    -0.14    -0.14      0.0000    -90.00 LINEAR  1.1454E-13     14.82  7.5327E-04   -109.40
   25.00     90.00   -194.50    -2.08    -2.08      0.0000    -90.00 LINEAR  1.4430E-13     13.55  6.0270E-04   -118.46
   30.00     90.00   -193.01    -4.80    -4.80      0.0000    -90.00 LINEAR  1.7117E-13     11.58  4.4065E-04   -137.65
   35.00     90.00   -192.02    -6.51    -6.51      0.0000    -90.00 LINEAR  1.9197E-13      8.79  3.6185E-04   -178.17
   40.00     90.00   -191.52    -3.62    -3.62      0.0000    -90.00 LINEAR  2.0313E-13      4.84  5.0486E-04   -219.24
   45.00     90.00   -191.59     0.32     0.32      0.0000    -90.00 LINEAR  2.0172E-13     -0.96  7.9414E-04   -238.94
   50.00     90.00   -192.23     3.34     3.34      0.0000    -90.00 LINEAR  1.8721E-13    -10.00  1.1246E-03   -248.36
   55.00     90.00   -193.36     5.47     5.47      0.0000    -90.00 LINEAR  1.6442E-13    -24.78  1.4365E-03   -253.65
   60.00     90.00   -194.32     6.83     6.83      0.0000    -90.00 LINEAR  1.4717E-13    -48.02  1.6800E-03    103.03
   65.00     90.00   -193.97     7.46     7.46      0.0000    -90.00 LINEAR  1.5323E-13    -75.77  1.8077E-03    100.81
   70.00     90.00   -192.56     7.33     7.33      0.0000    -90.00 LINEAR  1.8026E-13    -97.46  1.7801E-03     99.31
   75.00     90.00   -191.49     6.26     6.26      0.0000    -90.00 LINEAR  2.0397E-13   -110.72  1.5733E-03     98.33
   80.00     90.00   -191.74     3.80     3.80      0.0000    -90.00 LINEAR  1.9815E-13   -118.53  1.1861E-03     97.75
   85.00     90.00   -194.81    -1.50    -1.50      0.0000    -90.00 LINEAR  1.3922E-13   -123.29  6.4442E-04     97.52
   90.00     90.00   -999.99  -999.99  -999.99      0.0000      0.00         6.5520E-20     28.93  3.9370E-14    -82.39
    0.00     95.00    -18.76     2.40     2.44      0.0000     85.00 LINEAR  8.8353E-05    -99.81  1.0099E-03    -99.81
    5.00     95.00    -18.90     2.27     2.31      0.0001     85.01 LEFT    8.6882E-05   -100.32  9.9455E-04   -100.27
   10.00     95.00    -19.35     1.85     1.89      0.0003     85.02 LEFT    8.2514E-05   -101.96  9.4767E-04   -101.73
   15.00     95.00    -20.13     1.08     1.11      0.0007     85.03 LEFT    7.5424E-05   -105.00  8.6694E-04   -104.52
   20.00     95.00    -21.29    -0.18    -0.14      0.0010     84.97 LEFT    6.6018E-05   -110.06  7.5032E-04   -109.40
   25.00     95.00    -22.85    -2.11    -2.08      0.0001     84.75 RIGHT   5.5137E-05   -118.39  6.0031E-04   -118.45
   30.00     95.00    -24.73    -4.83    -4.79      0.0095     84.25 RIGHT   4.4421E-05   -132.19  4.3888E-04   -137.64
   35.00     95.00    -26.37    -6.55    -6.50      0.0414     84.67 RIGHT   3.6768E-05   -154.03  3.6031E-04   -178.15
   40.00     95.00    -26.71    -3.66    -3.64      0.0432     86.82 RIGHT   3.5379E-05   -181.20  5.0257E-04   -219.23
   45.00     95.00    -25.69     0.28     0.29      0.0287     87.63 RIGHT   3.9771E-05   -204.10  7.9048E-04   -238.93
   50.00     95.00    -24.46     3.30     3.31      0.0199     87.95 RIGHT   4.5817E-05   -219.25  1.1193E-03   -248.35
   55.00     95.00    -23.70     5.42     5.43      0.0145     88.18 RIGHT   5.0021E-05   -229.12  1.4297E-03   -253.65
   60.00     95.00    -23.59     6.78     6.79      0.0108     88.38 RIGHT   5.0648E-05   -236.13  1.6719E-03    103.03
   65.00     95.00    -24.17     7.42     7.42      0.0079     88.56 RIGHT   4.7355E-05   -241.77  1.7989E-03    100.81
   70.00     95.00    -25.46     7.29     7.29      0.0055     88.72 RIGHT   4.0824E-05   -246.89  1.7713E-03     99.32
   75.00     95.00    -27.49     6.21     6.21      0.0035     88.83 RIGHT   3.2322E-05   -252.00  1.5654E-03     98.33
   80.00     95.00    -30.43     3.76     3.76      0.0017     88.89 RIGHT   2.3040E-05    102.83  1.1802E-03     97.75
   85.00     95.00    -35.33    -1.54    -1.54      0.0002     88.83 RIGHT   1.3107E-05     98.10  6.4118E-04     97.52
   90.00     95.00   -999.99  -999.99  -999.99      0.0000      0.00         9.8453E-16    -85.38  3.9172E-14    -82.39
    0.00    100.00    -12.77     2.31     2.44      0.0000     80.00 LINEAR  1.7603E-04    -99.81  9.9834E-04    -99.81
    5.00    100.00    -12.91     2.17     2.30      0.0002     80.01 LEFT    1.7310E-04   -100.32  9.8316E-04   -100.27
   10.00    100.00    -13.36     1.75     1.88      0.0007     80.05 LEFT    1.6439E-04   -101.96  9.3675E-04   -101.73
   15.00    100.00    -14.14     0.98     1.11      0.0014     80.06 LEFT    1.5025E-04   -104.99  8.5687E-04   -104.51
   20.00    100.00    -15.30    -0.28    -0.14      0.0020     79.94 LEFT    1.3149E-04   -110.06  7.4151E-04   -109.40
   25.00    100.00    -16.87    -2.22    -2.07      0.0002     79.51 RIGHT   1.0980E-04   -118.37  5.9318E-04   -118.44
   30.00    100.00    -18.75    -4.94    -4.76      0.0186     78.52 RIGHT   8.8447E-05   -132.17  4.3358E-04   -137.61
   35.00    100.00    -20.39    -6.66    -6.48      0.0812     79.29 RIGHT   7.3182E-05   -153.98  3.5570E-04   -178.10
   40.00    100.00    -20.73    -3.78    -3.69      0.0864     83.57 RIGHT   7.0372E-05   -181.15  4.9576E-04   -219.20
   45.00    100.00    -19.72     0.16     0.20      0.0576     85.23 RIGHT   7.9059E-05   -204.05  7.7958E-04   -238.92
   50.00    100.00    -18.50     3.18     3.21      0.0400     85.87 RIGHT   9.1044E-05   -219.21  1.1036E-03   -248.35
   55.00    100.00    -17.73     5.30     5.32      0.0292     86.33 RIGHT   9.9375E-05   -229.08  1.4094E-03   -253.64
   60.00    100.00    -17.63     6.66     6.67      0.0217     86.73 RIGHT   1.0061E-04   -236.10  1.6478E-03    103.03
   65.00    100.00    -18.21     7.29     7.30      0.0159     87.10 RIGHT   9.4060E-05   -241.73  1.7726E-03    100.82
   70.00    100.00    -19.50     7.16     7.17      0.0111     87.42 RIGHT   8.1091E-05   -246.85  1.7452E-03     99.32
   75.00    100.00    -21.53     6.08     6.09      0.0070     87.65 RIGHT   6.4214E-05   -251.94  1.5421E-03     98.34
   80.00    100.00    -24.47     3.63     3.63      0.0035     87.75 RIGHT   4.5784E-05    102.90  1.1625E-03     97.76
   85.00    100.00    -29.36    -1.67    -1.67      0.0005     87.64 RIGHT   2.6051E-05     98.19  6.3152E-04     97.53
   90.00    100.00   -999.99  -999.99  -999.99      0.0000      0.00         1.9569E-15    -85.29  3.8581E-14    -82.39
    0.00    105.00     -9.30     2.14     2.44      0.0000     75.00 LINEAR  2.6238E-04    -99.81  9.7920E-04    -99.81
    5.00    105.00     -9.45     2.00     2.30      0.0002     75.02 LEFT    2.5799E-04   -100.32  9.6428E-04   -100.27
   10.00    105.00     -9.90     1.58     1.88      0.0010     75.07 LEFT    2.4498E-04   -101.95  9.1866E-04   -101.73
   15.00    105.00    -10.68     0.81     1.10      0.0021     75.08 LEFT    2.2387E-04   -104.99  8.4018E-04   -104.51
   20.00    105.00    -11.84    -0.45    -0.15      0.0029     74.92 LEFT    1.9588E-04   -110.05  7.2691E-04   -109.39
   25.00    105.00    -13.41    -2.39    -2.06      0.0003     74.29 RIGHT   1.6353E-04   -118.36  5.8138E-04   -118.42
   30.00    105.00    -15.29    -5.12    -4.72      0.0268     72.84 RIGHT   1.3169E-04   -132.13  4.2481E-04   -137.56
   35.00    105.00    -16.94    -6.85    -6.44      0.1180     73.83 RIGHT   1.0889E-04   -153.91  3.4809E-04   -178.01
   40.00    105.00    -17.29    -3.97    -3.78      0.1294     80.19 RIGHT   1.0460E-04   -181.06  4.8455E-04   -219.14
   45.00    105.00    -16.29    -0.05     0.06      0.0868     82.74 RIGHT   1.1740E-04   -203.97  7.6165E-04   -238.89
   50.00    105.00    -15.07     2.97     3.04      0.0604     83.73 RIGHT   1.3511E-04   -219.14  1.0779E-03   -248.33
   55.00    105.00    -14.31     5.09     5.14      0.0442     84.43 RIGHT   1.4742E-04   -229.02  1.3761E-03   -253.63
   60.00    105.00    -14.20     6.45     6.48      0.0329     85.04 RIGHT   1.4921E-04   -236.04  1.6083E-03    103.04
   65.00    105.00    -14.79     7.08     7.11      0.0241     85.60 RIGHT   1.3949E-04   -241.67  1.7296E-03    100.83
   70.00    105.00    -16.08     6.94     6.96      0.0169     86.08 RIGHT   1.2027E-04   -246.77  1.7023E-03     99.33
   75.00    105.00    -18.10     5.86     5.88      0.0107     86.43 RIGHT   9.5264E-05   -251.85  1.5039E-03     98.34
   80.00    105.00    -21.04     3.41     3.42      0.0055     86.58 RIGHT   6.7947E-05    103.01  1.1335E-03     97.76
   85.00    105.00    -25.93    -1.89    -1.88      0.0009     86.41 RIGHT   3.8675E-05     98.33  6.1571E-04     97.53
   90.00    105.00   -999.99  -999.99  -999.99      0.0000      0.00         2.9055E-15    -85.13  3.7614E-14    -82.38
    0.00    110.00     -6.88     1.90     2.44      0.0000     70.00 LINEAR  3.4672E-04    -99.81  9.5260E-04    -99.81
    5.00    110.00     -7.03     1.76     2.30      0.0003     70.03 LEFT    3.4091E-04   -100.32  9.3804E-04   -100.27
   10.00    110.00     -7.48     1.34     1.88      0.0012     70.09 LEFT    3.2367E-04   -101.95  8.9353E-04   -101.73
   15.00    110.00     -8.26     0.56     1.10      0.0027     70.10 LEFT    2.9571E-04   -104.98  8.1701E-04   -104.50
   20.00    110.00     -9.43    -0.70    -0.15      0.0037     69.90 LEFT    2.5867E-04   -110.04  7.0667E-04   -109.37
   25.00    110.00    -11.00    -2.64    -2.05      0.0004     69.09 RIGHT   2.1588E-04   -118.33  5.6502E-04   -118.39
   30.00    110.00    -12.88    -5.37    -4.66      0.0338     67.23 RIGHT   1.7377E-04   -132.07  4.1268E-04   -137.49
   35.00    110.00    -14.54    -7.11    -6.39      0.1502     68.26 RIGHT   1.4357E-04   -153.81  3.3760E-04   -177.89
   40.00    110.00    -14.90    -4.25    -3.90      0.1718     76.60 RIGHT   1.3771E-04   -180.93  4.6915E-04   -219.07
   45.00    110.00    -13.91    -0.33    -0.14      0.1167     80.13 RIGHT   1.5436E-04   -203.86  7.3704E-04   -238.86
   50.00    110.00    -12.70     2.68     2.81      0.0814     81.50 RIGHT   1.7750E-04   -219.05  1.0426E-03   -248.31
   55.00    110.00    -11.94     4.80     4.89      0.0597     82.44 RIGHT   1.9356E-04   -228.94  1.3305E-03   -253.62
   60.00    110.00    -11.84     6.15     6.22      0.0445     83.28 RIGHT   1.9585E-04   -235.96  1.5542E-03    103.05
   65.00    110.00    -12.43     6.78     6.83      0.0327     84.03 RIGHT   1.8308E-04   -241.58  1.6707E-03    100.83
   70.00    110.00    -13.71     6.64     6.68      0.0230     84.67 RIGHT   1.5787E-04   -246.67  1.6437E-03     99.33
   75.00    110.00    -15.74     5.56     5.59      0.0147     85.15 RIGHT   1.2509E-04   -251.73  1.4517E-03     98.35
   80.00    110.00    -18.67     3.10     3.13      0.0076     85.36 RIGHT   8.9267E-05   -256.83  1.0939E-03     97.77
   85.00    110.00    -23.56    -2.20    -2.17      0.0015     85.11 RIGHT   5.0833E-05     98.52  5.9411E-04     97.54
   90.00    110.00   -999.99  -999.99  -999.99      0.0000      0.00         3.8198E-15    -84.92  3.6293E-14    -82.37
    0.00    115.00     -5.04     1.58     2.44      0.0000     65.00 LINEAR  4.2843E-04    -99.81  9.1876E-04    -99.81
    5.00    115.00     -5.19     1.45     2.30      0.0004     65.03 LEFT    4.2122E-04   -100.32  9.0466E-04   -100.27
   10.00    115.00     -5.64     1.03     1.87      0.0015     65.11 LEFT    3.9984E-04   -101.95  8.6158E-04   -101.73
   15.00    115.00     -6.43     0.25     1.09      0.0032     65.12 LEFT    3.6520E-04   -104.98  7.8758E-04   -104.50
   20.00    115.00     -7.60    -1.02    -0.15      0.0044     64.88 LEFT    3.1934E-04   -110.02  6.8098E-04   -109.36
   25.00    115.00     -9.17    -2.96    -2.03      0.0004     63.92 RIGHT   2.6641E-04   -118.30  5.4427E-04   -118.36
   30.00    115.00    -11.06    -5.70    -4.59      0.0394     61.71 RIGHT   2.1433E-04   -132.01  3.9731E-04   -137.41
   35.00    115.00    -12.73    -7.46    -6.33      0.1767     62.60 RIGHT   1.7691E-04   -153.69  3.2439E-04   -177.74
   40.00    115.00    -13.10    -4.62    -4.04      0.2133     72.71 RIGHT   1.6939E-04   -180.78  4.4983E-04   -218.98
   45.00    115.00    -12.13    -0.70    -0.40      0.1471     77.34 RIGHT   1.8954E-04   -203.72  7.0621E-04   -238.82
   50.00    115.00    -10.92     2.31     2.51      0.1031     79.12 RIGHT   2.1773E-04   -218.93  9.9848E-04   -248.29
   55.00    115.00    -10.18     4.42     4.57      0.0759     80.34 RIGHT   2.3729E-04   -228.84  1.2734E-03   -253.60
   60.00    115.00    -10.08     5.76     5.88      0.0568     81.41 RIGHT   2.4001E-04   -235.86  1.4867E-03    103.06
   65.00    115.00    -10.66     6.39     6.47      0.0419     82.36 RIGHT   2.2432E-04   -241.48  1.5972E-03    100.85
   70.00    115.00    -11.95     6.24     6.31      0.0296     83.18 RIGHT   1.9346E-04   -246.55  1.5707E-03     99.34
   75.00    115.00    -13.97     5.16     5.21      0.0191     83.78 RIGHT   1.5336E-04   -251.58  1.3867E-03     98.36
   80.00    115.00    -16.89     2.70     2.75      0.0101     84.04 RIGHT   1.0951E-04   -256.63  1.0446E-03     97.78
   85.00    115.00    -21.78    -2.60    -2.55      0.0023     83.72 RIGHT   6.2398E-05     98.76  5.6726E-04     97.55
   90.00    115.00   -999.99  -999.99  -999.99      0.0000      0.00         4.6898E-15    -84.66  3.4650E-14    -82.36
    0.00    120.00     -3.58     1.19     2.44      0.0000     60.00 LINEAR  5.0687E-04    -99.81  8.7792E-04    -99.81
    5.00    120.00     -3.73     1.05     2.30      0.0004     60.04 LEFT    4.9831E-04   -100.32  8.6439E-04   -100.27
   10.00    120.00     -4.18     0.63     1.87      0.0017     60.12 LEFT    4.7292E-04   -101.95  8.2305E-04   -101.72
   15.00    120.00     -4.97    -0.15     1.08      0.0036     60.14 LEFT    4.3181E-04   -104.97  7.5212E-04   -104.49
   20.00    120.00     -6.14    -1.42    -0.16      0.0050     59.86 LEFT    3.7743E-04   -110.00  6.5006E-04   -109.34
   25.00    120.00     -7.72    -3.37    -2.01      0.0005     58.78 RIGHT   3.1472E-04   -118.26  5.1934E-04   -118.32
   30.00    120.00     -9.62    -6.11    -4.51      0.0434     56.31 RIGHT   2.5305E-04   -131.93  3.7887E-04   -137.32
   35.00    120.00    -11.29    -7.89    -6.26      0.1961     56.87 RIGHT   2.0863E-04   -153.55  3.0862E-04   -177.57
   40.00    120.00    -11.69    -5.07    -4.22      0.2527     68.42 RIGHT   1.9935E-04   -180.60  4.2691E-04   -218.88
   45.00    120.00    -10.73    -1.16    -0.71      0.1781     74.29 RIGHT   2.2263E-04   -203.56  6.6970E-04   -238.77
   50.00    120.00     -9.54     1.84     2.15      0.1257     76.56 RIGHT   2.5543E-04   -218.80  9.4626E-04   -248.26
   55.00    120.00     -8.79     3.95     4.17      0.0929     78.08 RIGHT   2.7816E-04   -228.72  1.2060E-03   -253.58
   60.00    120.00     -8.70     5.29     5.46      0.0698     79.39 RIGHT   2.8122E-04   -235.75  1.4071E-03    103.08
   65.00    120.00     -9.29     5.90     6.03      0.0517     80.57 RIGHT   2.6281E-04   -241.36  1.5107E-03    100.86
   70.00    120.00    -10.57     5.75     5.85      0.0367     81.57 RIGHT   2.2670E-04   -246.41  1.4849E-03     99.36
   75.00    120.00    -12.58     4.67     4.75      0.0239     82.30 RIGHT   1.7980E-04   -251.40  1.3103E-03     98.37
   80.00    120.00    -15.50     2.20     2.28      0.0129     82.62 RIGHT   1.2849E-04   -256.41  9.8674E-04     97.79
   85.00    120.00    -20.38    -3.10    -3.02      0.0035     82.22 RIGHT   7.3260E-05     99.04  5.3573E-04     97.56
   90.00    120.00   -999.99  -999.99  -999.99      0.0000      0.00         5.5076E-15    -84.36  3.2722E-14    -82.35
    0.00    125.00     -2.39     0.71     2.44      0.0000     55.00 LINEAR  5.8146E-04    -99.81  8.3041E-04    -99.81
    5.00    125.00     -2.54     0.57     2.30      0.0005     55.04 LEFT    5.7159E-04   -100.32  8.1754E-04   -100.27
   10.00    125.00     -3.00     0.14     1.86      0.0018     55.13 LEFT    5.4234E-04   -101.94  7.7826E-04   -101.72
   15.00    125.00     -3.79    -0.64     1.07      0.0039     55.15 LEFT    4.9502E-04   -104.96  7.1093E-04   -104.48
   20.00    125.00     -4.96    -1.91    -0.17      0.0054     54.85 LEFT    4.3249E-04   -109.98  6.1419E-04   -109.32
   25.00    125.00     -6.54    -3.87    -1.99      0.0005     53.69 RIGHT   3.6045E-04   -118.22  4.9045E-04   -118.28
   30.00    125.00     -8.44    -6.61    -4.42      0.0458     51.02 RIGHT   2.8962E-04   -131.85  3.5755E-04   -137.21
   35.00    125.00    -10.13    -8.42    -6.18      0.2080     51.13 RIGHT   2.3848E-04   -153.40  2.9051E-04   -177.38
   40.00    125.00    -10.55    -5.62    -4.41      0.2886     63.66 RIGHT   2.2735E-04   -180.40  4.0075E-04   -218.77
   45.00    125.00     -9.61    -1.72    -1.07      0.2095     70.92 RIGHT   2.5335E-04   -203.37  6.2812E-04   -238.72
   50.00    125.00     -8.42     1.28     1.72      0.1492     73.74 RIGHT   2.9028E-04   -218.65  8.8689E-04   -248.23
   55.00    125.00     -7.69     3.38     3.70      0.1109     75.59 RIGHT   3.1585E-04   -228.59  1.1295E-03   -253.56
   60.00    125.00     -7.60     4.71     4.96      0.0837     77.18 RIGHT   3.1917E-04   -235.62  1.3168E-03    103.10
   65.00    125.00     -8.19     5.32     5.51      0.0624     78.60 RIGHT   2.9822E-04   -241.22  1.4129E-03    100.87
   70.00    125.00     -9.47     5.17     5.31      0.0446     79.80 RIGHT   2.5730E-04   -246.25  1.3879E-03     99.37
   75.00    125.00    -11.48     4.08     4.20      0.0294     80.67 RIGHT   2.0420E-04   -251.20  1.2241E-03     98.38
   80.00    125.00    -14.39     1.61     1.72      0.0163     81.04 RIGHT   1.4604E-04   -256.15  9.2148E-04     97.81
   85.00    125.00    -19.26    -3.70    -3.58      0.0050     80.55 RIGHT   8.3333E-05     99.35  5.0018E-04     97.58
   90.00    125.00   -999.99  -999.99  -999.99      0.0000      0.00         6.2670E-15    -84.03  3.0549E-14    -82.34
    0.00    130.00     -1.40     0.12     2.44      0.0000     50.00 LINEAR  6.5162E-04    -99.81  7.7657E-04    -99.81
    5.00    130.00     -1.55    -0.01     2.30      0.0005     50.04 LEFT    6.4050E-04   -100.32  7.6447E-04   -100.27
   10.00    130.00     -2.01    -0.44     1.85      0.0019     50.14 LEFT    6.0758E-04   -101.94  7.2756E-04   -101.72
   15.00    130.00     -2.80    -1.23     1.06      0.0041     50.16 LEFT    5.5435E-04   -104.95  6.6437E-04   -104.47
   20.00    130.00     -3.98    -2.51    -0.17      0.0057     49.84 LEFT    4.8409E-04   -109.96  5.7369E-04   -109.30
   25.00    130.00     -5.57    -4.47    -1.97      0.0005     48.63 RIGHT   4.0323E-04   -118.17  4.5787E-04   -118.23
   30.00    130.00     -7.48    -7.22    -4.33      0.0466     45.86 RIGHT   3.2377E-04   -131.76  3.3356E-04   -137.10
   35.00    130.00     -9.17    -9.04    -6.10      0.2120     45.47 RIGHT   2.6625E-04   -153.23  2.7029E-04   -177.18
   40.00    130.00     -9.61    -6.28    -4.62      0.3188     58.34 RIGHT   2.5319E-04   -180.18  3.7175E-04   -218.64
   45.00    130.00     -8.69    -2.38    -1.47      0.2407     67.11 RIGHT   2.8150E-04   -203.18  5.8211E-04   -238.66
   50.00    130.00     -7.52     0.61     1.23      0.1735     70.58 RIGHT   3.2207E-04   -218.49  8.2132E-04   -248.20
   55.00    130.00     -6.80     2.70     3.16      0.1299     72.82 RIGHT   3.5012E-04   -228.44  1.0451E-03   -253.54
   60.00    130.00     -6.71     4.03     4.38      0.0987     74.72 RIGHT   3.5362E-04   -235.48  1.2176E-03    103.11
   65.00    130.00     -7.30     4.63     4.90      0.0741     76.39 RIGHT   3.3035E-04   -241.07  1.3054E-03    100.89
   70.00    130.00     -8.58     4.47     4.68      0.0534     77.81 RIGHT   2.8509E-04   -246.08  1.2814E-03     99.39
   75.00    130.00    -10.58     3.38     3.55      0.0355     78.84 RIGHT   2.2640E-04   -250.99  1.1296E-03     98.40
   80.00    130.00    -13.49     0.91     1.06      0.0202     79.26 RIGHT   1.6207E-04   -255.88  8.5003E-04     97.82
   85.00    130.00    -18.35    -4.40    -4.23      0.0070     78.66 RIGHT   9.2554E-05     99.67  4.6129E-04     97.59
   90.00    130.00   -999.99  -999.99  -999.99      0.0000      0.00         6.9626E-15    -83.68  2.8171E-14    -82.33
    0.00    135.00     -0.57    -0.57     2.44      0.0000     45.00 LINEAR  7.1682E-04    -99.81  7.1682E-04    -99.81
    5.00    135.00     -0.72    -0.71     2.29      0.0005     45.04 LEFT    7.0453E-04   -100.32  7.0559E-04   -100.26
   10.00    135.00     -1.18    -1.14     1.85      0.0019     45.14 LEFT    6.6815E-04   -101.93  6.7136E-04   -101.71
   15.00    135.00     -1.98    -1.93     1.05      0.0042     45.16 LEFT    6.0937E-04   -104.94  6.1280E-04   -104.46
   20.00    135.00     -3.16    -3.21    -0.18      0.0058     44.84 LEFT    5.3187E-04   -109.94  5.2891E-04   -109.28
   25.00    135.00     -4.76    -5.18    -1.95      0.0005     43.62 RIGHT   4.4278E-04   -118.13  4.2191E-04   -118.18
   30.00    135.00     -6.67    -7.93    -4.25      0.0460     40.83 RIGHT   3.5527E-04   -131.66  3.0713E-04   -136.98
   35.00    135.00     -8.38    -9.79    -6.02      0.2087     39.96 RIGHT   2.9175E-04   -153.06  2.4818E-04   -176.97
   40.00    135.00     -8.84    -7.04    -4.84      0.3404     52.45 RIGHT   2.7674E-04   -179.96  3.4029E-04   -218.51
   45.00    135.00     -7.94    -3.16    -1.91      0.2705     62.73 RIGHT   3.0694E-04   -202.97  5.3232E-04   -238.60
   50.00    135.00     -6.78    -0.17     0.68      0.1984     66.98 RIGHT   3.5064E-04   -218.32  7.5049E-04   -248.17
   55.00    135.00     -6.07     1.91     2.55      0.1500     69.67 RIGHT   3.8083E-04   -228.29  9.5423E-04   -253.52
   60.00    135.00     -5.98     3.23     3.72      0.1149     71.91 RIGHT   3.8442E-04   -235.34  1.1107E-03    103.13
   65.00    135.00     -6.58     3.83     4.21      0.0869     73.88 RIGHT   3.5907E-04   -240.92  1.1900E-03    100.91
   70.00    135.00     -7.85     3.66     3.96      0.0632     75.54 RIGHT   3.0996E-04   -245.90  1.1673E-03     99.40
   75.00    135.00     -9.85     2.56     2.81      0.0426     76.74 RIGHT   2.4632E-04   -250.76  1.0285E-03     98.41
   80.00    135.00    -12.75     0.09     0.31      0.0248     77.22 RIGHT   1.7650E-04   -255.60  7.7361E-04     97.84
   85.00    135.00    -17.60    -5.22    -4.98      0.0096     76.50 RIGHT   1.0088E-04    100.02  4.1971E-04     97.61
   90.00    135.00   -999.99  -999.99  -999.99      0.0000      0.00         7.5915E-15    -83.31  2.5630E-14    -82.31
    0.00    140.00      0.12    -1.40     2.44      0.0000     40.00 LINEAR  7.7657E-04    -99.81  6.5162E-04    -99.81
    5.00    140.00     -0.03    -1.54     2.29      0.0005     40.04 LEFT    7.6319E-04   -100.32  6.4135E-04   -100.26
   10.00    140.00     -0.49    -1.97     1.84      0.0019     40.14 LEFT    7.2359E-04   -101.93  6.1008E-04   -101.71
   15.00    140.00     -1.29    -2.77     1.04      0.0041     40.16 LEFT    6.5968E-04   -104.93  5.5665E-04   -104.45
   20.00    140.00     -2.48    -4.05    -0.18      0.0057     39.84 LEFT    5.7549E-04   -109.92  4.8021E-04   -109.26
   25.00    140.00     -4.08    -6.02    -1.93      0.0004     38.65 RIGHT   4.7883E-04   -118.08  3.8286E-04   -118.13
   30.00    140.00     -6.00    -8.78    -4.16      0.0440     35.92 RIGHT   3.8392E-04   -131.57  2.7850E-04   -136.87
   35.00    140.00     -7.72   -10.66    -5.93      0.1987     34.66 RIGHT   3.1484E-04   -152.89  2.2441E-04   -176.75
   40.00    140.00     -8.20    -7.94    -5.06      0.3505     46.07 RIGHT   2.9789E-04   -179.73  3.0675E-04   -218.38
   45.00    140.00     -7.32    -4.07    -2.39      0.2970     57.65 RIGHT   3.2959E-04   -202.77  4.7938E-04   -238.54
   50.00    140.00     -6.18    -1.09     0.08      0.2230     62.79 RIGHT   3.7594E-04   -218.14  6.7533E-04   -248.13
   55.00    140.00     -5.47     0.99     1.87      0.1709     66.00 RIGHT   4.0793E-04   -228.14  8.5796E-04   -253.49
   60.00    140.00     -5.39     2.30     2.98      0.1324     68.63 RIGHT   4.1155E-04   -235.19  9.9785E-04   -256.85
   65.00    140.00     -5.99     2.89     3.42      0.1011     70.94 RIGHT   3.8435E-04   -240.76  1.0682E-03    100.92
   70.00    140.00     -7.26     2.72     3.14      0.0743     72.87 RIGHT   3.3187E-04   -245.72  1.0472E-03     99.42
   75.00    140.00     -9.25     1.62     1.96      0.0507     74.27 RIGHT   2.6391E-04   -250.54  9.2214E-04     98.43
   80.00    140.00    -12.14    -0.86    -0.55      0.0303     74.82 RIGHT   1.8929E-04   -255.32  6.9332E-04     97.85
   85.00    140.00    -16.99    -6.18    -5.83      0.0127     73.95 RIGHT   1.0829E-04    100.36  3.7606E-04     97.62
   90.00    140.00   -999.99  -999.99  -999.99      0.0000      0.00         8.1517E-15    -82.94  2.2962E-14    -82.30
    0.00    145.00      0.71    -2.39     2.44      0.0000     35.00 LINEAR  8.3041E-04    -99.81  5.8146E-04    -99.81
    5.00    145.00      0.55    -2.53     2.29      0.0005     35.04 LEFT    8.1603E-04   -100.32  5.7225E-04   -100.26
   10.00    145.00      0.09    -2.97     1.84      0.0018     35.13 LEFT    7.7350E-04   -101.93  5.4421E-04   -101.70
   15.00    145.00     -0.72    -3.76     1.03      0.0039     35.15 LEFT    7.0490E-04   -104.92  4.9636E-04   -104.44
   20.00    145.00     -1.91    -5.05    -0.19      0.0054     34.85 LEFT    6.1466E-04   -109.90  4.2800E-04   -109.24
   25.00    145.00     -3.51    -7.02    -1.91      0.0004     33.71 RIGHT   5.1113E-04   -118.04  3.4106E-04   -118.09
   30.00    145.00     -5.43    -9.79    -4.08      0.0408     31.14 RIGHT   4.0953E-04   -131.48  2.4791E-04   -136.75
   35.00    145.00     -7.17   -11.69    -5.86      0.1833     29.61 RIGHT   3.3540E-04   -152.73  1.9923E-04   -176.55
   40.00    145.00     -7.67    -9.01    -5.28      0.3463     39.41 RIGHT   3.1656E-04   -179.52  2.7149E-04   -218.25
   45.00    145.00     -6.81    -5.14    -2.88      0.3168     51.75 RIGHT   3.4942E-04   -202.56  4.2388E-04   -238.48
   50.00    145.00     -5.68    -2.17    -0.57      0.2456     57.85 RIGHT   3.9797E-04   -217.98  5.9669E-04   -248.10
   55.00    145.00     -4.98    -0.09     1.13      0.1918     61.65 RIGHT   4.3143E-04   -227.99  7.5744E-04   -253.47
   60.00    145.00     -4.91     1.21     2.16      0.1507     64.73 RIGHT   4.3503E-04   -235.05  8.8024E-04   -256.83
   65.00    145.00     -5.51     1.80     2.54      0.1167     67.42 RIGHT   4.0622E-04   -240.61  9.4160E-04    100.94
   70.00    145.00     -6.78     1.62     2.21      0.0868     69.67 RIGHT   3.5084E-04   -245.54  9.2247E-04     99.43
   75.00    145.00     -8.76     0.51     0.99      0.0601     71.29 RIGHT   2.7919E-04   -250.32  8.1187E-04     98.44
   80.00    145.00    -11.64    -1.97    -1.53      0.0367     71.92 RIGHT   2.0044E-04   -255.04  6.1018E-04     97.87
   85.00    145.00    -16.48    -7.29    -6.79      0.0165     70.89 RIGHT   1.1477E-04    100.69  3.3088E-04     97.63
   90.00    145.00   -999.99  -999.99  -999.99      0.0000      0.00         8.6428E-15    -82.59  2.0202E-14    -82.28
    0.00    150.00      1.19    -3.58     2.44      0.0000     30.00 LINEAR  8.7792E-04    -99.81  5.0687E-04    -99.81
    5.00    150.00      1.04    -3.72     2.29      0.0004     30.04 LEFT    8.6266E-04   -100.32  4.9880E-04   -100.26
   10.00    150.00      0.57    -4.16     1.83      0.0017     30.12 LEFT    8.1751E-04   -101.92  4.7425E-04   -101.70
   15.00    150.00     -0.24    -4.96     1.02      0.0036     30.14 LEFT    7.4474E-04   -104.91  4.3240E-04   -104.43
   20.00    150.00     -1.43    -6.25    -0.20      0.0050     29.86 LEFT    6.4910E-04   -109.88  3.7268E-04   -109.22
   25.00    150.00     -3.04    -8.23    -1.89      0.0004     28.82 RIGHT   5.3949E-04   -118.00  2.9684E-04   -118.04
   30.00    150.00     -4.97   -11.01    -4.01      0.0366     26.47 RIGHT   4.3198E-04   -131.39  2.1562E-04   -136.65
   35.00    150.00     -6.72   -12.93    -5.79      0.1634     24.82 RIGHT   3.5334E-04   -152.57  1.7284E-04   -176.35
   40.00    150.00     -7.24   -10.26    -5.48      0.3269     32.74 RIGHT   3.3272E-04   -179.31  2.3485E-04   -218.13
   45.00    150.00     -6.40    -6.40    -3.39      0.3254     44.99 RIGHT   3.6644E-04   -202.37  3.6634E-04   -238.43
   50.00    150.00     -5.28    -3.44    -1.25      0.2634     51.95 RIGHT   4.1676E-04   -217.82  5.1533E-04   -248.07
   55.00    150.00     -4.59    -1.37     0.32      0.2110     56.39 RIGHT   4.5141E-04   -227.85  6.5367E-04   -253.45
   60.00    150.00     -4.52    -0.07     1.26      0.1692     59.97 RIGHT   4.5495E-04   -234.91  7.5908E-04   -256.81
   65.00    150.00     -5.12     0.50     1.56      0.1332     63.09 RIGHT   4.2476E-04   -240.46  8.1142E-04    100.96
   70.00    150.00     -6.39     0.32     1.16      0.1007     65.71 RIGHT   3.6696E-04   -245.37  7.9444E-04     99.45
   75.00    150.00     -8.37    -0.79    -0.09      0.0709     67.60 RIGHT   2.9221E-04   -250.11  6.9884E-04     98.46
   80.00    150.00    -11.24    -3.28    -2.63      0.0441     68.32 RIGHT   2.0998E-04   -254.78  5.2503E-04     97.88
   85.00    150.00    -16.07    -8.59    -7.88      0.0210     67.11 RIGHT   1.2033E-04    101.00  2.8464E-04     97.65
   90.00    150.00   -999.99  -999.99  -999.99      0.0000      0.00         9.0646E-15    -82.25  1.7377E-14    -82.27
    0.00    155.00      1.58    -5.04     2.44      0.0000     25.00 LINEAR  9.1876E-04    -99.81  4.2843E-04    -99.81
    5.00    155.00      1.43    -5.18     2.29      0.0004     25.03 LEFT    9.0272E-04   -100.32  4.2158E-04   -100.26
   10.00    155.00      0.96    -5.62     1.82      0.0015     25.11 LEFT    8.5529E-04   -101.92  4.0074E-04   -101.70
   15.00    155.00      0.15    -6.43     1.01      0.0032     25.12 LEFT    7.7891E-04   -104.90  3.6526E-04   -104.42
   20.00    155.00     -1.05    -7.72    -0.20      0.0044     24.88 LEFT    6.7860E-04   -109.86  3.1469E-04   -109.20
   25.00    155.00     -2.66    -9.70    -1.88      0.0003     23.96 RIGHT   5.6375E-04   -117.96  2.5054E-04   -118.00
   30.00    155.00     -4.59   -12.48    -3.94      0.0317     21.90 RIGHT   4.5114E-04   -131.32  1.8188E-04   -136.55
   35.00    155.00     -6.35   -14.43    -5.72      0.1402     20.28 RIGHT   3.6859E-04   -152.43  1.4546E-04   -176.17
   40.00    155.00     -6.89   -11.79    -5.67      0.2932     26.32 RIGHT   3.4637E-04   -179.12  1.9713E-04   -218.02
   45.00    155.00     -6.07    -7.93    -3.89      0.3176     37.51 RIGHT   3.8069E-04   -202.20  3.0724E-04   -238.37
   50.00    155.00     -4.96    -4.97    -1.96      0.2714     44.96 RIGHT   4.3241E-04   -217.67  4.3192E-04   -248.04
   55.00    155.00     -4.28    -2.91    -0.53      0.2251     49.96 RIGHT   4.6799E-04   -227.72  5.4750E-04   -253.43
   60.00    155.00     -4.21    -1.62     0.28      0.1855     54.04 RIGHT   4.7145E-04   -234.78  6.3534E-04   -256.79
   65.00    155.00     -4.81    -1.05     0.48      0.1496     57.63 RIGHT   4.4011E-04   -240.33  6.7871E-04    100.97
   70.00    155.00     -6.08    -1.24    -0.00      0.1154     60.66 RIGHT   3.8031E-04   -245.22  6.6414E-04     99.46
   75.00    155.00     -8.05    -2.35    -1.32      0.0828     62.85 RIGHT   3.0303E-04   -249.93  5.8395E-04     98.47
   80.00    155.00    -10.91    -4.84    -3.88      0.0526     63.70 RIGHT   2.1793E-04   -254.54  4.3856E-04     97.89
   85.00    155.00    -15.74   -10.16    -9.10      0.0261     62.29 RIGHT   1.2498E-04    101.29  2.3772E-04     97.66
   90.00    155.00   -999.99  -999.99  -999.99      0.0000      0.00         9.4182E-15    -81.95  1.4512E-14    -82.25
    0.00    160.00      1.90    -6.88     2.44      0.0000     20.00 LINEAR  9.5260E-04    -99.81  3.4672E-04    -99.81
    5.00    160.00      1.74    -7.02     2.29      0.0003     20.03 LEFT    9.3591E-04   -100.32  3.4116E-04   -100.26
   10.00    160.00      1.27    -7.46     1.82      0.0013     20.09 LEFT    8.8658E-04   -101.92  3.2424E-04   -101.69
   15.00    160.00      0.46    -8.27     1.00      0.0027     20.10 LEFT    8.0717E-04   -104.89  2.9544E-04   -104.42
   20.00    160.00     -0.74    -9.57    -0.21      0.0037     19.90 LEFT    7.0298E-04   -109.84  2.5445E-04   -109.18
   25.00    160.00     -2.36   -11.55    -1.86      0.0002     19.13 RIGHT   5.8377E-04   -117.93  2.0251E-04   -117.97
   30.00    160.00     -4.30   -14.34    -3.89      0.0261     17.41 RIGHT   4.6692E-04   -131.25  1.4693E-04   -136.47
   35.00    160.00     -6.06   -16.30    -5.67      0.1145     15.95 RIGHT   3.8112E-04   -152.30  1.1728E-04   -176.02
   40.00    160.00     -6.62   -13.68    -5.84      0.2474     20.33 RIGHT   3.5749E-04   -178.96  1.5858E-04   -217.93
   45.00    160.00     -5.81    -9.83    -4.36      0.2891     29.63 RIGHT   3.9223E-04   -202.05  2.4698E-04   -238.33
   50.00    160.00     -4.71    -6.87    -2.65      0.2629     36.87 RIGHT   4.4501E-04   -217.54  3.4701E-04   -248.01
   55.00    160.00     -4.03    -4.82    -1.40      0.2280     42.12 RIGHT   4.8130E-04   -227.61  4.3960E-04   -253.41
   60.00    160.00     -3.97    -3.53    -0.74      0.1951     46.56 RIGHT   4.8467E-04   -234.68  5.0983E-04   -256.78
   65.00    160.00     -4.57    -2.96    -0.68      0.1626     50.56 RIGHT   4.5241E-04   -240.22  5.4433E-04    100.98
   70.00    160.00     -5.84    -3.16    -1.28      0.1291     54.01 RIGHT   3.9102E-04   -245.09  5.3239E-04     99.47
   75.00    160.00     -7.81    -4.28    -2.68      0.0948     56.55 RIGHT   3.1173E-04   -249.76  4.6792E-04     98.48
   80.00    160.00    -10.66    -6.77    -5.28      0.0615     57.54 RIGHT   2.2436E-04   -254.34  3.5132E-04     97.90
   85.00    160.00    -15.49   -12.09   -10.45      0.0313     55.95 RIGHT   1.2875E-04    101.53  1.9039E-04     97.67
   90.00    160.00   -999.99  -999.99  -999.99      0.0000      0.00         9.7047E-15    -81.68  1.1622E-14    -82.24
    0.00    165.00      2.14    -9.30     2.44      0.0000     15.00 LINEAR  9.7920E-04    -99.81  2.6238E-04    -99.81
    5.00    165.00      1.98    -9.44     2.28      0.0002     15.02 LEFT    9.6199E-04   -100.32  2.5815E-04   -100.26
   10.00    165.00      1.51    -9.89     1.82      0.0010     15.07 LEFT    9.1115E-04   -101.92  2.4531E-04   -101.69
   15.00    165.00      0.69   -10.70     1.00      0.0021     15.08 LEFT    8.2936E-04   -104.89  2.2348E-04   -104.41
   20.00    165.00     -0.51   -12.00    -0.21      0.0029     14.92 LEFT    7.2209E-04   -109.83  1.9242E-04   -109.17
   25.00    165.00     -2.13   -13.98    -1.85      0.0002     14.33 RIGHT   5.9944E-04   -117.90  1.5309E-04   -117.94
   30.00    165.00     -4.07   -16.77    -3.84      0.0200     13.00 RIGHT   4.7926E-04   -131.20  1.1103E-04   -136.40
   35.00    165.00     -5.84   -18.74    -5.62      0.0872     11.80 RIGHT   3.9089E-04   -152.21  8.8481E-05   -175.89
   40.00    165.00     -6.41   -16.14    -5.97      0.1925     14.78 RIGHT   3.6612E-04   -178.83  1.1942E-04   -217.85
   45.00    165.00     -5.62   -12.30    -4.77      0.2392     21.77 RIGHT   4.0111E-04   -201.92  1.8587E-04   -238.29
   50.00    165.00     -4.53    -9.35    -3.29      0.2312     27.93 RIGHT   4.5467E-04   -217.44  2.6104E-04   -247.99
   55.00    165.00     -3.85    -7.30    -2.23      0.2111     32.83 RIGHT   4.9148E-04   -227.52  3.3053E-04   -253.39
   60.00    165.00     -3.79    -6.01    -1.75      0.1893     37.20 RIGHT   4.9477E-04   -234.59  3.8316E-04   -256.77
   65.00    165.00     -4.39    -5.45    -1.88      0.1650     41.33 RIGHT   4.6179E-04   -240.12  4.0890E-04    100.99
   70.00    165.00     -5.66    -5.64    -2.64      0.1364     45.04 RIGHT   3.9920E-04   -244.98  3.9977E-04     99.48
   75.00    165.00     -7.62    -6.77    -4.16      0.1035     47.87 RIGHT   3.1839E-04   -249.63  3.5124E-04     98.49
   80.00    165.00    -10.47    -9.26    -6.81      0.0685     49.03 RIGHT   2.2929E-04   -254.17  2.6365E-04     97.91
   85.00    165.00    -15.29   -14.58   -11.91      0.0352     47.34 RIGHT   1.3165E-04    101.73  1.4286E-04     97.68
   90.00    165.00   -999.99  -999.99  -999.99      0.0000      0.00         9.9259E-15    -81.47  8.7203E-15    -82.23
    0.00    170.00      2.31   -12.77     2.44      0.0000     10.00 LINEAR  9.9834E-04    -99.81  1.7603E-04    -99.81
    5.00    170.00      2.15   -12.91     2.28      0.0002     10.01 LEFT    9.8076E-04   -100.31  1.7319E-04   -100.26
   10.00    170.00      1.68   -13.35     1.81      0.0007     10.05 LEFT    9.2883E-04   -101.91  1.6456E-04   -101.69
   15.00    170.00      0.86   -14.17     0.99      0.0014     10.05 LEFT    8.4530E-04   -104.88  1.4989E-04   -104.41
   20.00    170.00     -0.35   -15.47    -0.21      0.0020      9.95 LEFT    7.3582E-04   -109.82  1.2903E-04   -109.16
   25.00    170.00     -1.96   -17.45    -1.84      0.0001      9.54 RIGHT   6.1069E-04   -117.88  1.0264E-04   -117.92
   30.00    170.00     -3.91   -20.25    -3.81      0.0135      8.63 RIGHT   4.8811E-04   -131.16  7.4416E-05   -136.35
   35.00    170.00     -5.69   -22.23    -5.59      0.0587      7.79 RIGHT   3.9787E-04   -152.13  5.9232E-05   -175.80
   40.00    170.00     -6.26   -19.64    -6.07      0.1314      9.62 RIGHT   3.7226E-04   -178.73  7.9830E-05   -217.79
   45.00    170.00     -5.48   -15.80    -5.09      0.1705     14.20 RIGHT   4.0741E-04   -201.83  1.2420E-04   -238.27
   50.00    170.00     -4.40   -12.85    -3.82      0.1734     18.59 RIGHT   4.6149E-04   -217.36  1.7437E-04   -247.97
   55.00    170.00     -3.72   -10.80    -2.95      0.1663     22.36 RIGHT   4.9864E-04   -227.45  2.2072E-04   -253.38
   60.00    170.00     -3.67    -9.52    -2.67      0.1569     25.94 RIGHT   5.0187E-04   -234.52  2.5576E-04   -256.76
   65.00    170.00     -4.27    -8.96    -3.00      0.1442     29.53 RIGHT   4.6839E-04   -240.05  2.7286E-04    101.00
   70.00    170.00     -5.53    -9.16    -3.97      0.1256     32.97 RIGHT   4.0497E-04   -244.90  2.6669E-04     99.49
   75.00    170.00     -7.49   -10.29    -5.66      0.0995     35.76 RIGHT   3.2309E-04   -249.53  2.3426E-04     98.50
   80.00    170.00    -10.34   -12.78    -8.38      0.0675     36.99 RIGHT   2.3278E-04   -254.05  1.7581E-04     97.92
   85.00    170.00    -15.16   -18.10   -13.37      0.0346     35.44 RIGHT   1.3371E-04    101.88  9.5253E-05     97.69
   90.00    170.00   -999.99  -999.99  -999.99      0.0000      0.00         1.0082E-14    -81.31  5.8139E-15    -82.23
    0.00    175.00      2.40   -18.76     2.44      0.0000      5.00 LINEAR  1.0099E-03    -99.81  8.8353E-05    -99.81
    5.00    175.00      2.25   -18.90     2.28      0.0001      5.01 LEFT    9.9207E-04   -100.31  8.6926E-05   -100.26
   10.00    175.00      1.78   -19.34     1.81      0.0003      5.02 LEFT    9.3948E-04   -101.91  8.2589E-05   -101.69
   15.00    175.00      0.96   -20.15     0.99      0.0007      5.03 LEFT    8.5491E-04   -104.88  7.5217E-05   -104.40
   20.00    175.00     -0.25   -21.46    -0.22      0.0010      4.97 LEFT    7.4409E-04   -109.81  6.4741E-05   -109.16
   25.00    175.00     -1.87   -23.45    -1.84      0.0001      4.77 RIGHT   6.1747E-04   -117.87  5.1491E-05   -117.91
   30.00    175.00     -3.82   -26.24    -3.79      0.0068      4.31 RIGHT   4.9343E-04   -131.13  3.7326E-05   -136.32
   35.00    175.00     -5.59   -28.23    -5.57      0.0295      3.87 RIGHT   4.0207E-04   -152.09  2.9689E-05   -175.74
   40.00    175.00     -6.18   -25.64    -6.13      0.0666      4.74 RIGHT   3.7594E-04   -178.67  3.9979E-05   -217.75
   45.00    175.00     -5.40   -21.81    -5.30      0.0886      6.99 RIGHT   4.1116E-04   -201.77  6.2185E-05   -238.25
   50.00    175.00     -4.32   -18.86    -4.17      0.0931      9.24 RIGHT   4.6555E-04   -217.31  8.7284E-05   -247.97
   55.00    175.00     -3.65   -16.82    -3.45      0.0925     11.27 RIGHT   5.0290E-04   -227.41  1.1046E-04   -253.38
   60.00    175.00     -3.60   -15.54    -3.33      0.0908     13.28 RIGHT   5.0608E-04   -234.48  1.2797E-04   -256.75
   65.00    175.00     -4.20   -14.98    -3.85      0.0874     15.40 RIGHT   4.7231E-04   -240.01  1.3650E-04    101.01
   70.00    175.00     -5.46   -15.18    -5.02      0.0802     17.57 RIGHT   4.0839E-04   -244.85  1.3338E-04     99.49
   75.00    175.00     -7.42   -16.31    -6.89      0.0666     19.46 RIGHT   3.2588E-04   -249.47  1.1715E-04     98.50
   80.00    175.00    -10.26   -18.80    -9.69      0.0464     20.38 RIGHT   2.3486E-04   -253.97  8.7909E-05     97.92
   85.00    175.00    -15.08   -24.12   -14.57      0.0234     19.40 RIGHT   1.3494E-04    101.97  4.7626E-05     97.69
   90.00    175.00   -999.99  -999.99  -999.99      0.0000      0.00         1.0176E-14    -81.22  2.9069E-15    -82.22
    0.00    180.00      2.44  -999.99     2.44      0.0000     -0.00 LINEAR  1.0137E-03    -99.81  1.0347E-14     80.19
    5.00    180.00      2.28  -999.99     2.28      0.0000     -0.00 LINEAR  9.9586E-04   -100.31  1.0180E-14     79.74
   10.00    180.00      1.81  -999.99     1.81      0.0000     -0.00 LINEAR  9.4304E-04   -101.91  9.6717E-15     78.31
   15.00    180.00      0.99  -999.99     0.99      0.0000     -0.00 LINEAR  8.5812E-04   -104.88  8.8081E-15     75.60
   20.00    180.00     -0.22  -999.99    -0.22      0.0000     -0.00 LINEAR  7.4685E-04   -109.81  7.5810E-15     70.85
   25.00    180.00     -1.84  -999.99    -1.84      0.0000     -0.00 LINEAR  6.1973E-04   -117.86  6.0292E-15     62.10
   30.00    180.00     -3.78  -999.99    -3.78      0.0000     -0.00 LINEAR  4.9521E-04   -131.12  4.3703E-15     43.69
   35.00    180.00     -5.56  -999.99    -5.56      0.0000     -0.00 LINEAR  4.0347E-04   -152.07  3.4752E-15      4.28
   40.00    180.00     -6.15  -999.99    -6.15      0.0000     -0.00 LINEAR  3.7716E-04   -178.65  4.6784E-15    -37.74
   45.00    180.00     -5.37  -999.99    -5.37      0.0000     -0.00 LINEAR  4.1241E-04   -201.75  7.2764E-15    -58.24
   50.00    180.00     -4.30  -999.99    -4.30      0.0000     -0.00 LINEAR  4.6690E-04   -217.30  1.0213E-14    -67.96
   55.00    180.00     -3.63  -999.99    -3.63      0.0000     -0.00 LINEAR  5.0432E-04   -227.40  1.2923E-14    -73.38
   60.00    180.00     -3.57  -999.99    -3.57      0.0000     -0.00 LINEAR  5.0748E-04   -234.47  1.4971E-14    -76.75
   65.00    180.00     -4.17  -999.99    -4.17      0.0000     -0.00 LINEAR  4.7361E-04   -239.99  1.5967E-14    -78.99
   70.00    180.00     -5.43  -999.99    -5.43      0.0000     -0.00 LINEAR  4.0952E-04   -244.83  1.5602E-14    -80.50
   75.00    180.00     -7.39  -999.99    -7.39      0.0000     -0.00 LINEAR  3.2681E-04   -249.45  1.3702E-14    -81.49
   80.00    180.00    -10.24  -999.99   -10.24      0.0000     -0.00 LINEAR  2.3555E-04   -253.95  1.0282E-14    -82.07
   85.00    180.00    -15.05  -999.99   -15.05      0.0000     -0.00 LINEAR  1.3535E-04    102.00  5.5703E-15    -82.31
   90.00    180.00   -999.99  -999.99  -999.99      0.0000      0.00         1.0207E-14    -81.18  3.3998E-25     97.78
    0.00    185.00      2.40   -18.76     2.44      0.0000     -5.00 LINEAR  1.0099E-03    -99.81  8.8353E-05     80.19
    5.00    185.00      2.25   -18.90     2.28      0.0001     -5.01 RIGHT   9.9207E-04   -100.31  8.6926E-05     79.74
   10.00    185.00      1.78   -19.34     1.81      0.0003     -5.02 RIGHT   9.3948E-04   -101.91  8.2589E-05     78.31
   15.00    185.00      0.96   -20.15     0.99      0.0007     -5.03 RIGHT   8.5491E-04   -104.88  7.5217E-05     75.60
   20.00    185.00     -0.25   -21.46    -0.22      0.0010     -4.97 RIGHT   7.4409E-04   -109.81  6.4741E-05     70.84
   25.00    185.00     -1.87   -23.45    -1.84      0.0001     -4.77 LEFT    6.1747E-04   -117.87  5.1491E-05     62.09
   30.00    185.00     -3.82   -26.24    -3.79      0.0068     -4.31 LEFT    4.9343E-04   -131.13  3.7326E-05     43.68
   35.00    185.00     -5.59   -28.23    -5.57      0.0295     -3.87 LEFT    4.0207E-04   -152.09  2.9689E-05      4.26
   40.00    185.00     -6.18   -25.64    -6.13      0.0666     -4.74 LEFT    3.7594E-04   -178.67  3.9979E-05    -37.75
   45.00    185.00     -5.40   -21.81    -5.30      0.0886     -6.99 LEFT    4.1116E-04   -201.77  6.2185E-05    -58.25
   50.00    185.00     -4.32   -18.86    -4.17      0.0931     -9.24 LEFT    4.6555E-04   -217.31  8.7284E-05    -67.97
   55.00    185.00     -3.65   -16.82    -3.45      0.0925    -11.27 LEFT    5.0290E-04   -227.41  1.1046E-04    -73.38
   60.00    185.00     -3.60   -15.54    -3.33      0.0908    -13.28 LEFT    5.0608E-04   -234.48  1.2797E-04    -76.75
   65.00    185.00     -4.20   -14.98    -3.85      0.0874    -15.40 LEFT    4.7231E-04   -240.01  1.3650E-04    -78.99
   70.00    185.00     -5.46   -15.18    -5.02      0.0802    -17.57 LEFT    4.0839E-04   -244.85  1.3338E-04    -80.51
   75.00    185.00     -7.42   -16.31    -6.89      0.0666    -19.46 LEFT    3.2588E-04   -249.47  1.1715E-04    -81.50
   80.00    185.00    -10.26   -18.80    -9.69      0.0464    -20.38 LEFT    2.3486E-04   -253.97  8.7909E-05    -82.08
   85.00    185.00    -15.08   -24.12   -14.57      0.0234    -19.40 LEFT    1.3494E-04    101.97  4.7626E-05    -82.31
   90.00    185.00   -999.99  -999.99  -999.99      0.0000      0.00         1.0176E-14    -81.22  2.9069E-15     97.78
    0.00    190.00      2.31   -12.77     2.44      0.0000    -10.00 LINEAR  9.9834E-04    -99.81  1.7603E-04     80.19
    5.00    190.00      2.15   -12.91     2.28      0.0002    -10.01 RIGHT   9.8076E-04   -100.31  1.7319E-04     79.74
   10.00    190.00      1.68   -13.35     1.81      0.0007    -10.05 RIGHT   9.2883E-04   -101.91  1.6456E-04     78.31
   15.00    190.00      0.86   -14.17     0.99      0.0014    -10.05 RIGHT   8.4530E-04   -104.88  1.4989E-04     75.59
   20.00    190.00     -0.35   -15.47    -0.21      0.0020     -9.95 RIGHT   7.3582E-04   -109.82  1.2903E-04     70.84
   25.00    190.00     -1.96   -17.45    -1.84      0.0001     -9.54 LEFT    6.1069E-04   -117.88  1.0264E-04     62.08
   30.00    190.00     -3.91   -20.25    -3.81      0.0135     -8.63 LEFT    4.8811E-04   -131.16  7.4416E-05     43.65
   35.00    190.00     -5.69   -22.23    -5.59      0.0587     -7.79 LEFT    3.9787E-04   -152.13  5.9232E-05      4.20
   40.00    190.00     -6.26   -19.64    -6.07      0.1314     -9.62 LEFT    3.7226E-04   -178.73  7.9830E-05    -37.79
   45.00    190.00     -5.48   -15.80    -5.09      0.1705    -14.20 LEFT    4.0741E-04   -201.83  1.2420E-04    -58.27
   50.00    190.00     -4.40   -12.85    -3.82      0.1734    -18.59 LEFT    4.6149E-04   -217.36  1.7437E-04    -67.97
   55.00    190.00     -3.72   -10.80    -2.95      0.1663    -22.36 LEFT    4.9864E-04   -227.45  2.2072E-04    -73.38
   60.00    190.00     -3.67    -9.52    -2.67      0.1569    -25.94 LEFT    5.0187E-04   -234.52  2.5576E-04    -76.76
   65.00    190.00     -4.27    -8.96    -3.00      0.1442    -29.53 LEFT    4.6839E-04   -240.05  2.7286E-04    -79.00
   70.00    190.00     -5.53    -9.16    -3.97      0.1256    -32.97 LEFT    4.0497E-04   -244.90  2.6669E-04    -80.51
   75.00    190.00     -7.49   -10.29    -5.66      0.0995    -35.76 LEFT    3.2309E-04   -249.53  2.3426E-04    -81.50
   80.00    190.00    -10.34   -12.78    -8.38      0.0675    -36.99 LEFT    2.3278E-04   -254.05  1.7581E-04    -82.08
   85.00    190.00    -15.16   -18.10   -13.37      0.0346    -35.44 LEFT    1.3371E-04    101.88  9.5253E-05    -82.31
   90.00    190.00   -999.99  -999.99  -999.99      0.0000      0.00         1.0083E-14    -81.31  5.8139E-15     97.78
    0.00    195.00      2.14    -9.30     2.44      0.0000    -15.00 LINEAR  9.7920E-04    -99.81  2.6238E-04     80.19
    5.00    195.00      1.98    -9.44     2.28      0.0002    -15.02 RIGHT   9.6199E-04   -100.32  2.5815E-04     79.74
   10.00    195.00      1.51    -9.89     1.82      0.0010    -15.07 RIGHT   9.1115E-04   -101.92  2.4531E-04     78.31
   15.00    195.00      0.69   -10.70     1.00      0.0021    -15.08 RIGHT   8.2936E-04   -104.89  2.2348E-04     75.59
   20.00    195.00     -0.51   -12.00    -0.21      0.0029    -14.92 RIGHT   7.2209E-04   -109.83  1.9242E-04     70.83
   25.00    195.00     -2.13   -13.98    -1.85      0.0002    -14.33 LEFT    5.9944E-04   -117.90  1.5309E-04     62.06
   30.00    195.00     -4.07   -16.77    -3.84      0.0200    -13.00 LEFT    4.7926E-04   -131.20  1.1103E-04     43.60
   35.00    195.00     -5.84   -18.74    -5.62      0.0872    -11.80 LEFT    3.9089E-04   -152.21  8.8481E-05      4.11
   40.00    195.00     -6.41   -16.14    -5.97      0.1925    -14.78 LEFT    3.6612E-04   -178.83  1.1942E-04    -37.85
   45.00    195.00     -5.62   -12.30    -4.77      0.2392    -21.77 LEFT    4.0111E-04   -201.92  1.8587E-04    -58.29
   50.00    195.00     -4.53    -9.35    -3.29      0.2312    -27.93 LEFT    4.5467E-04   -217.44  2.6104E-04    -67.99
   55.00    195.00     -3.85    -7.30    -2.23      0.2111    -32.83 LEFT    4.9148E-04   -227.52  3.3053E-04    -73.39
   60.00    195.00     -3.79    -6.01    -1.75      0.1893    -37.20 LEFT    4.9477E-04   -234.59  3.8316E-04    -76.77
   65.00    195.00     -4.39    -5.45    -1.88      0.1650    -41.33 LEFT    4.6179E-04   -240.12  4.0890E-04    -79.01
   70.00    195.00     -5.66    -5.64    -2.64      0.1364    -45.04 LEFT    3.9920E-04   -244.98  3.9977E-04    -80.52
   75.00    195.00     -7.62    -6.77    -4.16      0.1035    -47.87 LEFT    3.1839E-04   -249.63  3.5124E-04    -81.51
   80.00    195.00    -10.47    -9.26    -6.81      0.0685    -49.03 LEFT    2.2929E-04   -254.17  2.6365E-04    -82.09
   85.00    195.00    -15.29   -14.58   -11.91      0.0352    -47.34 LEFT    1.3165E-04    101.73  1.4286E-04    -82.32
   90.00    195.00   -999.99  -999.99  -999.99      0.0000      0.00         9.9261E-15    -81.47  8.7201E-15     97.77
    0.00    200.00      1.90    -6.88     2.44      0.0000    -20.00 LINEAR  9.5260E-04    -99.81  3.4672E-04     80.19
    5.00    200.00      1.74    -7.02     2.29      0.0003    -20.03 RIGHT   9.3591E-04   -100.32  3.4116E-04     79.74
   10.00    200.00      1.27    -7.46     1.82      0.0013    -20.09 RIGHT   8.8658E-04   -101.92  3.2424E-04     78.31
   15.00    200.00      0.46    -8.27     1.00      0.0027    -20.10 RIGHT   8.0717E-04   -104.89  2.9544E-04     75.58
   20.00    200.00     -0.74    -9.57    -0.21      0.0037    -19.90 RIGHT   7.0298E-04   -109.84  2.5445E-04     70.82
   25.00    200.00     -2.36   -11.55    -1.86      0.0002    -19.13 LEFT    5.8377E-04   -117.93  2.0251E-04     62.03
   30.00    200.00     -4.30   -14.34    -3.89      0.0261    -17.41 LEFT    4.6692E-04   -131.25  1.4693E-04     43.53
   35.00    200.00     -6.06   -16.30    -5.67      0.1145    -15.95 LEFT    3.8112E-04   -152.30  1.1728E-04      3.98
   40.00    200.00     -6.62   -13.68    -5.84      0.2474    -20.33 LEFT    3.5749E-04   -178.96  1.5858E-04    -37.93
   45.00    200.00     -5.81    -9.83    -4.36      0.2891    -29.63 LEFT    3.9223E-04   -202.05  2.4698E-04    -58.33
   50.00    200.00     -4.71    -6.87    -2.65      0.2629    -36.87 LEFT    4.4501E-04   -217.54  3.4701E-04    -68.01
   55.00    200.00     -4.03    -4.82    -1.40      0.2280    -42.12 LEFT    4.8130E-04   -227.61  4.3960E-04    -73.41
   60.00    200.00     -3.97    -3.53    -0.74      0.1951    -46.56 LEFT    4.8467E-04   -234.68  5.0983E-04    -76.78
   65.00    200.00     -4.57    -2.96    -0.68      0.1626    -50.56 LEFT    4.5241E-04   -240.22  5.4433E-04    -79.02
   70.00    200.00     -5.84    -3.16    -1.28      0.1291    -54.01 LEFT    3.9102E-04   -245.09  5.3239E-04    -80.53
   75.00    200.00     -7.81    -4.28    -2.68      0.0948    -56.55 LEFT    3.1173E-04   -249.76  4.6792E-04    -81.52
   80.00    200.00    -10.66    -6.77    -5.28      0.0615    -57.54 LEFT    2.2436E-04   -254.34  3.5132E-04    -82.10
   85.00    200.00    -15.49   -12.09   -10.45      0.0313    -55.95 LEFT    1.2875E-04    101.53  1.9039E-04    -82.33
   90.00    200.00   -999.99  -999.99  -999.99      0.0000      0.00         9.7047E-15    -81.68  1.1622E-14     97.76
    0.00    205.00      1.58    -5.04     2.44      0.0000    -25.00 LINEAR  9.1876E-04    -99.81  4.2843E-04     80.19
    5.00    205.00      1.43    -5.18     2.29      0.0004    -25.03 RIGHT   9.0272E-04   -100.32  4.2158E-04     79.74
   10.00    205.00      0.96    -5.62     1.82      0.0015    -25.11 RIGHT   8.5529E-04   -101.92  4.0074E-04     78.30
   15.00    205.00      0.15    -6.43     1.01      0.0032    -25.12 RIGHT   7.7891E-04   -104.90  3.6526E-04     75.58
   20.00    205.00     -1.05    -7.72    -0.20      0.0044    -24.88 RIGHT   6.7860E-04   -109.86  3.1469E-04     70.80
   25.00    205.00     -2.66    -9.70    -1.88      0.0003    -23.96 LEFT    5.6375E-04   -117.96  2.5054E-04     62.00
   30.00    205.00     -4.59   -12.48    -3.94      0.0317    -21.90 LEFT    4.5114E-04   -131.32  1.8188E-04     43.45
   35.00    205.00     -6.35   -14.43    -5.72      0.1402    -20.28 LEFT    3.6859E-04   -152.43  1.4546E-04      3.83
   40.00    205.00     -6.89   -11.79    -5.67      0.2932    -26.32 LEFT    3.4637E-04   -179.12  1.9713E-04    -38.02
   45.00    205.00     -6.07    -7.93    -3.89      0.3176    -37.51 LEFT    3.8069E-04   -202.20  3.0724E-04    -58.37
   50.00    205.00     -4.96    -4.97    -1.96      0.2714    -44.96 LEFT    4.3241E-04   -217.67  4.3192E-04    -68.04
   55.00    205.00     -4.28    -2.91    -0.53      0.2251    -49.96 LEFT    4.6799E-04   -227.72  5.4750E-04    -73.43
   60.00    205.00     -4.21    -1.62     0.28      0.1855    -54.04 LEFT    4.7145E-04   -234.78  6.3534E-04    -76.79
   65.00    205.00     -4.81    -1.05     0.48      0.1496    -57.63 LEFT    4.4011E-04   -240.33  6.7871E-04    -79.03
   70.00    205.00     -6.08    -1.24    -0.00      0.1154    -60.66 LEFT    3.8031E-04   -245.22  6.6414E-04    -80.54
   75.00    205.00     -8.05    -2.35    -1.32      0.0828    -62.85 LEFT    3.0303E-04   -249.93  5.8395E-04    -81.53
   80.00    205.00    -10.91    -4.84    -3.88      0.0526    -63.70 LEFT    2.1793E-04   -254.54  4.3856E-04    -82.11
   85.00    205.00    -15.74   -10.16    -9.10      0.0261    -62.29 LEFT    1.2498E-04    101.29  2.3772E-04    -82.34
   90.00    205.00   -999.99  -999.99  -999.99      0.0000      0.00         9.4183E-15    -81.95  1.4512E-14     97.75
    0.00    210.00      1.19    -3.58     2.44      0.0000    -30.00 LINEAR  8.7792E-04    -99.81  5.0687E-04     80.19
    5.00    210.00      1.04    -3.72     2.29      0.0004    -30.04 RIGHT   8.6266E-04   -100.32  4.9880E-04     79.74
   10.00    210.00      0.57    -4.16     1.83      0.0017    -30.12 RIGHT   8.1751E-04   -101.92  4.7425E-04     78.30
   15.00    210.00     -0.24    -4.96     1.02      0.0036    -30.14 RIGHT   7.4474E-04   -104.91  4.3240E-04     75.57
   20.00    210.00     -1.43    -6.25    -0.20      0.0050    -29.86 RIGHT   6.4910E-04   -109.88  3.7268E-04     70.78
   25.00    210.00     -3.04    -8.23    -1.89      0.0004    -28.82 LEFT    5.3949E-04   -118.00  2.9684E-04     61.96
   30.00    210.00     -4.97   -11.01    -4.01      0.0366    -26.47 LEFT    4.3198E-04   -131.39  2.1562E-04     43.35
   35.00    210.00     -6.72   -12.93    -5.79      0.1634    -24.82 LEFT    3.5334E-04   -152.57  1.7284E-04      3.65
   40.00    210.00     -7.24   -10.26    -5.48      0.3269    -32.74 LEFT    3.3272E-04   -179.31  2.3485E-04    -38.13
   45.00    210.00     -6.40    -6.40    -3.39      0.3254    -44.99 LEFT    3.6644E-04   -202.37  3.6634E-04    -58.43
   50.00    210.00     -5.28    -3.44    -1.25      0.2634    -51.95 LEFT    4.1676E-04   -217.82  5.1533E-04    -68.07
   55.00    210.00     -4.59    -1.37     0.32      0.2110    -56.39 LEFT    4.5141E-04   -227.85  6.5367E-04    -73.45
   60.00    210.00     -4.52    -0.07     1.26      0.1692    -59.97 LEFT    4.5495E-04   -234.91  7.5908E-04    -76.81
   65.00    210.00     -5.12     0.50     1.56      0.1332    -63.09 LEFT    4.2476E-04   -240.46  8.1142E-04    -79.04
   70.00    210.00     -6.39     0.32     1.16      0.1007    -65.71 LEFT    3.6696E-04   -245.37  7.9444E-04    -80.55
   75.00    210.00     -8.37    -0.79    -0.09      0.0709    -67.60 LEFT    2.9221E-04   -250.11  6.9884E-04    -81.54
   80.00    210.00    -11.24    -3.28    -2.63      0.0441    -68.32 LEFT    2.0998E-04   -254.78  5.2503E-04    -82.12
   85.00    210.00    -16.07    -8.59    -7.88      0.0210    -67.11 LEFT    1.2033E-04    101.00  2.8464E-04    -82.35
   90.00    210.00   -999.99  -999.99  -999.99      0.0000      0.00         9.0646E-15    -82.25  1.7377E-14     97.73
    0.00    215.00      0.71    -2.39     2.44      0.0000    -35.00 LINEAR  8.3041E-04    -99.81  5.8146E-04     80.19
    5.00    215.00      0.55    -2.53     2.29      0.0005    -35.04 RIGHT   8.1603E-04   -100.32  5.7225E-04     79.74
   10.00    215.00      0.09    -2.97     1.84      0.0018    -35.13 RIGHT   7.7350E-04   -101.93  5.4421E-04     78.30
   15.00    215.00     -0.72    -3.76     1.03      0.0039    -35.15 RIGHT   7.0490E-04   -104.92  4.9636E-04     75.56
   20.00    215.00     -1.91    -5.05    -0.19      0.0054    -34.85 RIGHT   6.1466E-04   -109.90  4.2800E-04     70.76
   25.00    215.00     -3.51    -7.02    -1.91      0.0004    -33.71 LEFT    5.1113E-04   -118.04  3.4106E-04     61.91
   30.00    215.00     -5.43    -9.79    -4.08      0.0408    -31.14 LEFT    4.0953E-04   -131.48  2.4791E-04     43.25
   35.00    215.00     -7.17   -11.69    -5.86      0.1833    -29.61 LEFT    3.3540E-04   -152.73  1.9923E-04      3.45
   40.00    215.00     -7.67    -9.01    -5.28      0.3463    -39.41 LEFT    3.1656E-04   -179.52  2.7149E-04    -38.25
   45.00    215.00     -6.81    -5.14    -2.88      0.3168    -51.75 LEFT    3.4942E-04   -202.56  4.2388E-04    -58.48
   50.00    215.00     -5.68    -2.17    -0.57      0.2456    -57.85 LEFT    3.9797E-04   -217.98  5.9669E-04    -68.10
   55.00    215.00     -4.98    -0.09     1.13      0.1918    -61.65 LEFT    4.3143E-04   -227.99  7.5744E-04    -73.47
   60.00    215.00     -4.91     1.21     2.16      0.1507    -64.73 LEFT    4.3503E-04   -235.05  8.8024E-04    -76.83
   65.00    215.00     -5.51     1.80     2.54      0.1167    -67.42 LEFT    4.0622E-04   -240.61  9.4160E-04    -79.06
   70.00    215.00     -6.78     1.62     2.21      0.0868    -69.67 LEFT    3.5084E-04   -245.54  9.2247E-04    -80.57
   75.00    215.00     -8.76     0.51     0.99      0.0601    -71.29 LEFT    2.7919E-04   -250.32  8.1187E-04    -81.56
   80.00    215.00    -11.64    -1.97    -1.53      0.0367    -71.92 LEFT    2.0044E-04   -255.04  6.1018E-04    -82.13
   85.00    215.00    -16.48    -7.29    -6.79      0.0165    -70.89 LEFT    1.1477E-04    100.69  3.3088E-04    -82.37
   90.00    215.00   -999.99  -999.99  -999.99      0.0000      0.00         8.6428E-15    -82.59  2.0202E-14     97.72
    0.00    220.00      0.12    -1.40     2.44      0.0000    -40.00 LINEAR  7.7657E-04    -99.81  6.5162E-04     80.19
    5.00    220.00     -0.03    -1.54     2.29      0.0005    -40.04 RIGHT   7.6319E-04   -100.32  6.4135E-04     79.74
   10.00    220.00     -0.49    -1.97     1.84      0.0019    -40.14 RIGHT   7.2359E-04   -101.93  6.1008E-04     78.29
   15.00    220.00     -1.29    -2.77     1.04      0.0041    -40.16 RIGHT   6.5968E-04   -104.93  5.5665E-04     75.55
   20.00    220.00     -2.48    -4.05    -0.18      0.0057    -39.84 RIGHT   5.7549E-04   -109.92  4.8021E-04     70.74
   25.00    220.00     -4.08    -6.02    -1.93      0.0004    -38.65 LEFT    4.7883E-04   -118.08  3.8286E-04     61.87
   30.00    220.00     -6.00    -8.78    -4.16      0.0440    -35.92 LEFT    3.8392E-04   -131.57  2.7850E-04     43.13
   35.00    220.00     -7.72   -10.66    -5.93      0.1987    -34.66 LEFT    3.1484E-04   -152.89  2.2441E-04      3.25
   40.00    220.00     -8.20    -7.94    -5.06      0.3505    -46.07 LEFT    2.9789E-04   -179.73  3.0675E-04    -38.38
   45.00    220.00     -7.32    -4.07    -2.39      0.2970    -57.65 LEFT    3.2959E-04   -202.77  4.7938E-04    -58.54
   50.00    220.00     -6.18    -1.09     0.08      0.2230    -62.79 LEFT    3.7594E-04   -218.14  6.7533E-04    -68.13
   55.00    220.00     -5.47     0.99     1.87      0.1709    -66.00 LEFT    4.0793E-04   -228.14  8.5796E-04    -73.49
   60.00    220.00     -5.39     2.30     2.98      0.1324    -68.63 LEFT    4.1155E-04   -235.19  9.9785E-04    -76.85
   65.00    220.00     -5.99     2.89     3.42      0.1011    -70.94 LEFT    3.8435E-04   -240.76  1.0682E-03    -79.08
   70.00    220.00     -7.26     2.72     3.14      0.0743    -72.87 LEFT    3.3187E-04   -245.72  1.0472E-03    -80.58
   75.00    220.00     -9.25     1.62     1.96      0.0507    -74.27 LEFT    2.6391E-04   -250.54  9.2214E-04    -81.57
   80.00    220.00    -12.14    -0.86    -0.55      0.0303    -74.82 LEFT    1.8929E-04   -255.32  6.9332E-04    -82.15
   85.00    220.00    -16.99    -6.18    -5.83      0.0127    -73.95 LEFT    1.0829E-04    100.36  3.7606E-04    -82.38
   90.00    220.00   -999.99  -999.99  -999.99      0.0000      0.00         8.1518E-15    -82.95  2.2962E-14     97.71
    0.00    225.00     -0.57    -0.57     2.44      0.0000    -45.00 LINEAR  7.1682E-04    -99.81  7.1682E-04     80.19
    5.00    225.00     -0.72    -0.71     2.29      0.0005    -45.04 RIGHT   7.0453E-04   -100.32  7.0559E-04     79.74
   10.00    225.00     -1.18    -1.14     1.85      0.0019    -45.14 RIGHT   6.6815E-04   -101.93  6.7136E-04     78.29
   15.00    225.00     -1.98    -1.93     1.05      0.0042    -45.16 RIGHT   6.0937E-04   -104.94  6.1280E-04     75.54
   20.00    225.00     -3.16    -3.21    -0.18      0.0058    -44.84 RIGHT   5.3187E-04   -109.94  5.2891E-04     70.72
   25.00    225.00     -4.76    -5.18    -1.95      0.0005    -43.62 LEFT    4.4278E-04   -118.13  4.2191E-04     61.82
   30.00    225.00     -6.67    -7.93    -4.25      0.0460    -40.83 LEFT    3.5527E-04   -131.66  3.0713E-04     43.02
   35.00    225.00     -8.38    -9.79    -6.02      0.2087    -39.96 LEFT    2.9175E-04   -153.06  2.4818E-04      3.03
   40.00    225.00     -8.84    -7.04    -4.84      0.3404    -52.45 LEFT    2.7674E-04   -179.96  3.4029E-04    -38.51
   45.00    225.00     -7.94    -3.16    -1.91      0.2705    -62.73 LEFT    3.0694E-04   -202.97  5.3232E-04    -58.60
   50.00    225.00     -6.78    -0.17     0.68      0.1984    -66.98 LEFT    3.5064E-04   -218.32  7.5049E-04    -68.17
   55.00    225.00     -6.07     1.91     2.55      0.1500    -69.67 LEFT    3.8083E-04   -228.29  9.5423E-04    -73.52
   60.00    225.00     -5.98     3.23     3.72      0.1149    -71.91 LEFT    3.8442E-04   -235.34  1.1107E-03    -76.87
   65.00    225.00     -6.58     3.83     4.21      0.0869    -73.88 LEFT    3.5907E-04   -240.92  1.1900E-03    -79.09
   70.00    225.00     -7.85     3.66     3.96      0.0632    -75.54 LEFT    3.0996E-04   -245.90  1.1673E-03    -80.60
   75.00    225.00     -9.85     2.56     2.81      0.0426    -76.74 LEFT    2.4632E-04   -250.76  1.0285E-03    -81.59
   80.00    225.00    -12.75     0.09     0.31      0.0248    -77.22 LEFT    1.7650E-04   -255.60  7.7361E-04    -82.16
   85.00    225.00    -17.60    -5.22    -4.98      0.0096    -76.50 LEFT    1.0088E-04    100.02  4.1971E-04    -82.39
   90.00    225.00   -999.99  -999.99  -999.99      0.0000      0.00         7.5916E-15    -83.31  2.5630E-14     97.69
    0.00    230.00     -1.40     0.12     2.44      0.0000    -50.00 LINEAR  6.5162E-04    -99.81  7.7657E-04     80.19
    5.00    230.00     -1.55    -0.01     2.30      0.0005    -50.04 RIGHT   6.4050E-04   -100.32  7.6447E-04     79.73
   10.00    230.00     -2.01    -0.44     1.85      0.0019    -50.14 RIGHT   6.0758E-04   -101.94  7.2756E-04     78.28
   15.00    230.00     -2.80    -1.23     1.06      0.0041    -50.16 RIGHT   5.5435E-04   -104.95  6.6437E-04     75.53
   20.00    230.00     -3.98    -2.51    -0.17      0.0057    -49.84 RIGHT   4.8409E-04   -109.96  5.7369E-04     70.70
   25.00    230.00     -5.57    -4.47    -1.97      0.0005    -48.63 LEFT    4.0323E-04   -118.17  4.5787E-04     61.77
   30.00    230.00     -7.48    -7.22    -4.33      0.0466    -45.86 LEFT    3.2377E-04   -131.76  3.3356E-04     42.90
   35.00    230.00     -9.17    -9.04    -6.10      0.2120    -45.47 LEFT    2.6625E-04   -153.23  2.7029E-04      2.82
   40.00    230.00     -9.61    -6.28    -4.62      0.3188    -58.34 LEFT    2.5319E-04   -180.18  3.7175E-04    -38.64
   45.00    230.00     -8.69    -2.38    -1.47      0.2407    -67.11 LEFT    2.8150E-04   -203.18  5.8211E-04    -58.66
   50.00    230.00     -7.52     0.61     1.23      0.1735    -70.58 LEFT    3.2207E-04   -218.49  8.2132E-04    -68.20
   55.00    230.00     -6.80     2.70     3.16      0.1299    -72.82 LEFT    3.5012E-04   -228.44  1.0451E-03    -73.54
   60.00    230.00     -6.71     4.03     4.38      0.0987    -74.72 LEFT    3.5362E-04   -235.48  1.2176E-03    -76.89
   65.00    230.00     -7.30     4.63     4.90      0.0741    -76.39 LEFT    3.3035E-04   -241.07  1.3054E-03    -79.11
   70.00    230.00     -8.58     4.47     4.68      0.0534    -77.81 LEFT    2.8509E-04   -246.08  1.2814E-03    -80.61
   75.00    230.00    -10.58     3.38     3.55      0.0355    -78.84 LEFT    2.2640E-04   -250.99  1.1296E-03    -81.60
   80.00    230.00    -13.49     0.91     1.06      0.0202    -79.26 LEFT    1.6207E-04   -255.88  8.5003E-04    -82.18
   85.00    230.00    -18.35    -4.40    -4.23      0.0070    -78.66 LEFT    9.2554E-05     99.67  4.6129E-04    -82.41
   90.00    230.00   -999.99  -999.99  -999.99      0.0000      0.00         6.9626E-15    -83.68  2.8171E-14     97.68
    0.00    235.00     -2.39     0.71     2.44      0.0000    -55.00 LINEAR  5.8146E-04    -99.81  8.3041E-04     80.19
    5.00    235.00     -2.54     0.57     2.30      0.0005    -55.04 RIGHT   5.7159E-04   -100.32  8.1754E-04     79.73
   10.00    235.00     -3.00     0.14     1.86      0.0018    -55.13 RIGHT   5.4234E-04   -101.94  7.7826E-04     78.28
   15.00    235.00     -3.79    -0.64     1.07      0.0039    -55.15 RIGHT   4.9502E-04   -104.96  7.1093E-04     75.52
   20.00    235.00     -4.96    -1.91    -0.17      0.0054    -54.85 RIGHT   4.3249E-04   -109.98  6.1419E-04     70.68
   25.00    235.00     -6.54    -3.87    -1.99      0.0005    -53.69 LEFT    3.6045E-04   -118.22  4.9045E-04     61.72
   30.00    235.00     -8.44    -6.61    -4.42      0.0458    -51.02 LEFT    2.8962E-04   -131.85  3.5755E-04     42.79
   35.00    235.00    -10.13    -8.42    -6.18      0.2080    -51.13 LEFT    2.3848E-04   -153.40  2.9051E-04      2.62
   40.00    235.00    -10.55    -5.62    -4.41      0.2886    -63.66 LEFT    2.2735E-04   -180.40  4.0075E-04    -38.77
   45.00    235.00     -9.61    -1.72    -1.07      0.2095    -70.92 LEFT    2.5335E-04   -203.37  6.2812E-04    -58.72
   50.00    235.00     -8.42     1.28     1.72      0.1492    -73.74 LEFT    2.9028E-04   -218.65  8.8689E-04    -68.23
   55.00    235.00     -7.69     3.38     3.70      0.1109    -75.59 LEFT    3.1585E-04   -228.59  1.1295E-03    -73.56
   60.00    235.00     -7.60     4.71     4.96      0.0837    -77.18 LEFT    3.1917E-04   -235.62  1.3168E-03    -76.90
   65.00    235.00     -8.19     5.32     5.51      0.0624    -78.60 LEFT    2.9822E-04   -241.22  1.4129E-03    -79.13
   70.00    235.00     -9.47     5.17     5.31      0.0446    -79.80 LEFT    2.5730E-04   -246.25  1.3879E-03    -80.63
   75.00    235.00    -11.48     4.08     4.20      0.0294    -80.67 LEFT    2.0420E-04   -251.20  1.2241E-03    -81.62
   80.00    235.00    -14.39     1.61     1.72      0.0163    -81.04 LEFT    1.4604E-04   -256.15  9.2148E-04    -82.19
   85.00    235.00    -19.26    -3.70    -3.58      0.0050    -80.55 LEFT    8.3333E-05     99.35  5.0018E-04    -82.42
   90.00    235.00   -999.99  -999.99  -999.99      0.0000      0.00         6.2669E-15    -84.03  3.0549E-14     97.66
    0.00    240.00     -3.58     1.19     2.44      0.0000    -60.00 LINEAR  5.0687E-04    -99.81  8.7792E-04     80.19
    5.00    240.00     -3.73     1.05     2.30      0.0004    -60.04 RIGHT   4.9831E-04   -100.32  8.6439E-04     79.73
   10.00    240.00     -4.18     0.63     1.87      0.0017    -60.12 RIGHT   4.7292E-04   -101.95  8.2305E-04     78.28
   15.00    240.00     -4.97    -0.15     1.08      0.0036    -60.14 RIGHT   4.3181E-04   -104.97  7.5212E-04     75.51
   20.00    240.00     -6.14    -1.42    -0.16      0.0050    -59.86 RIGHT   3.7743E-04   -110.00  6.5006E-04     70.66
   25.00    240.00     -7.72    -3.37    -2.01      0.0005    -58.78 LEFT    3.1472E-04   -118.26  5.1934E-04     61.68
   30.00    240.00     -9.62    -6.11    -4.51      0.0434    -56.31 LEFT    2.5305E-04   -131.93  3.7887E-04     42.68
   35.00    240.00    -11.29    -7.89    -6.26      0.1961    -56.87 LEFT    2.0863E-04   -153.55  3.0862E-04      2.43
   40.00    240.00    -11.69    -5.07    -4.22      0.2527    -68.42 LEFT    1.9935E-04   -180.60  4.2691E-04    -38.88
   45.00    240.00    -10.73    -1.16    -0.71      0.1781    -74.29 LEFT    2.2263E-04   -203.56  6.6970E-04    -58.77
   50.00    240.00     -9.54     1.84     2.15      0.1257    -76.56 LEFT    2.5543E-04   -218.80  9.4626E-04    -68.26
   55.00    240.00     -8.79     3.95     4.17      0.0929    -78.08 LEFT    2.7816E-04   -228.72  1.2060E-03    -73.58
   60.00    240.00     -8.70     5.29     5.46      0.0698    -79.39 LEFT    2.8122E-04   -235.75  1.4071E-03    -76.92
   65.00    240.00     -9.29     5.90     6.03      0.0517    -80.57 LEFT    2.6281E-04   -241.36  1.5107E-03    -79.14
   70.00    240.00    -10.57     5.75     5.85      0.0367    -81.57 LEFT    2.2670E-04   -246.41  1.4849E-03    -80.64
   75.00    240.00    -12.58     4.67     4.75      0.0239    -82.30 LEFT    1.7980E-04   -251.40  1.3103E-03    -81.63
   80.00    240.00    -15.50     2.20     2.28      0.0129    -82.62 LEFT    1.2849E-04   -256.41  9.8674E-04    -82.21
   85.00    240.00    -20.38    -3.10    -3.02      0.0035    -82.22 LEFT    7.3260E-05     99.04  5.3573E-04    -82.44
   90.00    240.00   -999.99  -999.99  -999.99      0.0000      0.00         5.5077E-15    -84.37  3.2722E-14     97.65
    0.00    245.00     -5.04     1.58     2.44      0.0000    -65.00 LINEAR  4.2843E-04    -99.81  9.1876E-04     80.19
    5.00    245.00     -5.19     1.45     2.30      0.0004    -65.03 RIGHT   4.2122E-04   -100.32  9.0466E-04     79.73
   10.00    245.00     -5.64     1.03     1.87      0.0015    -65.11 RIGHT   3.9984E-04   -101.95  8.6158E-04     78.27
   15.00    245.00     -6.43     0.25     1.09      0.0032    -65.12 RIGHT   3.6520E-04   -104.98  7.8758E-04     75.50
   20.00    245.00     -7.60    -1.02    -0.15      0.0044    -64.88 RIGHT   3.1934E-04   -110.02  6.8098E-04     70.64
   25.00    245.00     -9.17    -2.96    -2.03      0.0004    -63.92 LEFT    2.6641E-04   -118.30  5.4427E-04     61.64
   30.00    245.00    -11.06    -5.70    -4.59      0.0394    -61.71 LEFT    2.1433E-04   -132.01  3.9731E-04     42.59
   35.00    245.00    -12.73    -7.46    -6.33      0.1767    -62.60 LEFT    1.7691E-04   -153.69  3.2439E-04      2.26
   40.00    245.00    -13.10    -4.62    -4.04      0.2133    -72.71 LEFT    1.6939E-04   -180.78  4.4983E-04    -38.98
   45.00    245.00    -12.13    -0.70    -0.40      0.1471    -77.34 LEFT    1.8954E-04   -203.72  7.0621E-04    -58.82
   50.00    245.00    -10.92     2.31     2.51      0.1031    -79.12 LEFT    2.1773E-04   -218.93  9.9848E-04    -68.29
   55.00    245.00    -10.18     4.42     4.57      0.0759    -80.34 LEFT    2.3729E-04   -228.84  1.2734E-03    -73.60
   60.00    245.00    -10.08     5.76     5.88      0.0568    -81.41 LEFT    2.4001E-04   -235.86  1.4867E-03    -76.94
   65.00    245.00    -10.66     6.39     6.47      0.0419    -82.36 LEFT    2.2432E-04   -241.48  1.5972E-03    -79.15
   70.00    245.00    -11.95     6.24     6.31      0.0296    -83.18 LEFT    1.9346E-04   -246.55  1.5707E-03    -80.66
   75.00    245.00    -13.97     5.16     5.21      0.0191    -83.78 LEFT    1.5336E-04   -251.58  1.3867E-03    -81.64
   80.00    245.00    -16.89     2.70     2.75      0.0101    -84.04 LEFT    1.0951E-04   -256.63  1.0446E-03    -82.22
   85.00    245.00    -21.78    -2.60    -2.55      0.0023    -83.72 LEFT    6.2398E-05     98.76  5.6726E-04    -82.45
   90.00    245.00   -999.99  -999.99  -999.99      0.0000      0.00         4.6897E-15    -84.66  3.4650E-14     97.64
    0.00    250.00     -6.88     1.90     2.44      0.0000    -70.00 LINEAR  3.4672E-04    -99.81  9.5260E-04     80.19
    5.00    250.00     -7.03     1.76     2.30      0.0003    -70.03 RIGHT   3.4091E-04   -100.32  9.3804E-04     79.73
   10.00    250.00     -7.48     1.34     1.88      0.0012    -70.09 RIGHT   3.2367E-04   -101.95  8.9353E-04     78.27
   15.00    250.00     -8.26     0.56     1.10      0.0027    -70.10 RIGHT   2.9571E-04   -104.98  8.1701E-04     75.50
   20.00    250.00     -9.43    -0.70    -0.15      0.0037    -69.90 RIGHT   2.5867E-04   -110.04  7.0667E-04     70.63
   25.00    250.00    -11.00    -2.64    -2.05      0.0004    -69.09 LEFT    2.1588E-04   -118.33  5.6502E-04     61.61
   30.00    250.00    -12.88    -5.37    -4.66      0.0338    -67.23 LEFT    1.7377E-04   -132.07  4.1268E-04     42.51
   35.00    250.00    -14.54    -7.11    -6.39      0.1502    -68.26 LEFT    1.4357E-04   -153.81  3.3760E-04      2.11
   40.00    250.00    -14.90    -4.25    -3.90      0.1718    -76.60 LEFT    1.3771E-04   -180.93  4.6915E-04    -39.07
   45.00    250.00    -13.91    -0.33    -0.14      0.1167    -80.13 LEFT    1.5436E-04   -203.86  7.3704E-04    -58.86
   50.00    250.00    -12.70     2.68     2.81      0.0814    -81.50 LEFT    1.7750E-04   -219.05  1.0426E-03    -68.31
   55.00    250.00    -11.94     4.80     4.89      0.0597    -82.44 LEFT    1.9356E-04   -228.94  1.3305E-03    -73.62
   60.00    250.00    -11.84     6.15     6.22      0.0445    -83.28 LEFT    1.9585E-04   -235.96  1.5542E-03    -76.95
   65.00    250.00    -12.43     6.78     6.83      0.0327    -84.03 LEFT    1.8308E-04   -241.58  1.6707E-03    -79.17
   70.00    250.00    -13.71     6.64     6.68      0.0230    -84.67 LEFT    1.5787E-04   -246.67  1.6437E-03    -80.67
   75.00    250.00    -15.74     5.56     5.59      0.0147    -85.15 LEFT    1.2509E-04   -251.73  1.4517E-03    -81.65
   80.00    250.00    -18.67     3.10     3.13      0.0076    -85.36 LEFT    8.9267E-05   -256.83  1.0939E-03    -82.23
   85.00    250.00    -23.56    -2.20    -2.17      0.0015    -85.11 LEFT    5.0833E-05     98.52  5.9411E-04    -82.46
   90.00    250.00   -999.99  -999.99  -999.99      0.0000      0.00         3.8197E-15    -84.92  3.6293E-14     97.63
    0.00    255.00     -9.30     2.14     2.44      0.0000    -75.00 LINEAR  2.6238E-04    -99.81  9.7920E-04     80.19
    5.00    255.00     -9.45     2.00     2.30      0.0002    -75.02 RIGHT   2.5799E-04   -100.32  9.6428E-04     79.73
   10.00    255.00     -9.90     1.58     1.88      0.0010    -75.07 RIGHT   2.4498E-04   -101.95  9.1866E-04     78.27
   15.00    255.00    -10.68     0.81     1.10      0.0021    -75.08 RIGHT   2.2387E-04   -104.99  8.4018E-04     75.49
   20.00    255.00    -11.84    -0.45    -0.15      0.0029    -74.92 RIGHT   1.9588E-04   -110.05  7.2691E-04     70.61
   25.00    255.00    -13.41    -2.39    -2.06      0.0003    -74.29 LEFT    1.6353E-04   -118.36  5.8138E-04     61.58
   30.00    255.00    -15.29    -5.12    -4.72      0.0268    -72.84 LEFT    1.3169E-04   -132.13  4.2481E-04     42.44
   35.00    255.00    -16.94    -6.85    -6.44      0.1180    -73.83 LEFT    1.0889E-04   -153.91  3.4809E-04      1.99
   40.00    255.00    -17.29    -3.97    -3.78      0.1294    -80.19 LEFT    1.0460E-04   -181.06  4.8455E-04    -39.14
   45.00    255.00    -16.29    -0.05     0.06      0.0868    -82.74 LEFT    1.1740E-04   -203.97  7.6165E-04    -58.89
   50.00    255.00    -15.07     2.97     3.04      0.0604    -83.73 LEFT    1.3511E-04   -219.14  1.0779E-03    -68.33
   55.00    255.00    -14.31     5.09     5.14      0.0442    -84.43 LEFT    1.4742E-04   -229.02  1.3761E-03    -73.63
   60.00    255.00    -14.20     6.45     6.48      0.0329    -85.04 LEFT    1.4921E-04   -236.04  1.6083E-03    -76.96
   65.00    255.00    -14.79     7.08     7.11      0.0241    -85.60 LEFT    1.3949E-04   -241.67  1.7296E-03    -79.17
   70.00    255.00    -16.08     6.94     6.96      0.0169    -86.08 LEFT    1.2027E-04   -246.77  1.7023E-03    -80.67
   75.00    255.00    -18.10     5.86     5.88      0.0107    -86.43 LEFT    9.5264E-05   -251.85  1.5039E-03    -81.66
   80.00    255.00    -21.04     3.41     3.42      0.0055    -86.58 LEFT    6.7947E-05    103.01  1.1335E-03    -82.24
   85.00    255.00    -25.93    -1.89    -1.88      0.0009    -86.41 LEFT    3.8675E-05     98.33  6.1571E-04    -82.47
   90.00    255.00   -999.99  -999.99  -999.99      0.0000      0.00         2.9056E-15    -85.13  3.7614E-14     97.62
    0.00    260.00    -12.77     2.31     2.44      0.0000    -80.00 LINEAR  1.7603E-04    -99.81  9.9834E-04     80.19
    5.00    260.00    -12.91     2.17     2.30      0.0002    -80.01 RIGHT   1.7310E-04   -100.32  9.8316E-04     79.73
   10.00    260.00    -13.36     1.75     1.88      0.0007    -80.05 RIGHT   1.6439E-04   -101.96  9.3675E-04     78.27
   15.00    260.00    -14.14     0.98     1.11      0.0014    -80.06 RIGHT   1.5025E-04   -104.99  8.5687E-04     75.49
   20.00    260.00    -15.30    -0.28    -0.14      0.0020    -79.94 RIGHT   1.3149E-04   -110.06  7.4151E-04     70.60
   25.00    260.00    -16.87    -2.22    -2.07      0.0002    -79.51 LEFT    1.0980E-04   -118.37  5.9318E-04     61.56
   30.00    260.00    -18.75    -4.94    -4.76      0.0186    -78.52 LEFT    8.8447E-05   -132.17  4.3358E-04     42.39
   35.00    260.00    -20.39    -6.66    -6.48      0.0812    -79.29 LEFT    7.3182E-05   -153.98  3.5570E-04      1.90
   40.00    260.00    -20.73    -3.78    -3.69      0.0864    -83.57 LEFT    7.0372E-05   -181.15  4.9576E-04    -39.20
   45.00    260.00    -19.72     0.16     0.20      0.0576    -85.23 LEFT    7.9059E-05   -204.05  7.7958E-04    -58.92
   50.00    260.00    -18.50     3.18     3.21      0.0400    -85.87 LEFT    9.1044E-05   -219.21  1.1036E-03    -68.35
   55.00    260.00    -17.73     5.30     5.32      0.0292    -86.33 LEFT    9.9375E-05   -229.08  1.4094E-03    -73.64
   60.00    260.00    -17.63     6.66     6.67      0.0217    -86.73 LEFT    1.0061E-04   -236.10  1.6478E-03    -76.97
   65.00    260.00    -18.21     7.29     7.30      0.0159    -87.10 LEFT    9.4060E-05   -241.73  1.7726E-03    -79.18
   70.00    260.00    -19.50     7.16     7.17      0.0111    -87.42 LEFT    8.1091E-05   -246.85  1.7452E-03    -80.68
   75.00    260.00    -21.53     6.08     6.09      0.0070    -87.65 LEFT    6.4214E-05   -251.94  1.5421E-03    -81.66
   80.00    260.00    -24.47     3.63     3.63      0.0035    -87.75 LEFT    4.5784E-05    102.90  1.1625E-03    -82.24
   85.00    260.00    -29.36    -1.67    -1.67      0.0005    -87.64 LEFT    2.6051E-05     98.19  6.3152E-04    -82.47
   90.00    260.00   -999.99  -999.99  -999.99      0.0000      0.00         1.9569E-15    -85.28  3.8581E-14     97.61
    0.00    265.00    -18.76     2.40     2.44      0.0000    -85.00 LINEAR  8.8353E-05    -99.81  1.0099E-03     80.19
    5.00    265.00    -18.90     2.27     2.31      0.0001    -85.01 RIGHT   8.6882E-05   -100.32  9.9455E-04     79.73
   10.00    265.00    -19.35     1.85     1.89      0.0003    -85.02 RIGHT   8.2514E-05   -101.96  9.4767E-04     78.27
   15.00    265.00    -20.13     1.08     1.11      0.0007    -85.03 RIGHT   7.5424E-05   -105.00  8.6694E-04     75.48
   20.00    265.00    -21.29    -0.18    -0.14      0.0010    -84.97 RIGHT   6.6018E-05   -110.06  7.5032E-04     70.60
   25.00    265.00    -22.85    -2.11    -2.08      0.0001    -84.75 LEFT    5.5137E-05   -118.39  6.0031E-04     61.55
   30.00    265.00    -24.73    -4.83    -4.79      0.0095    -84.25 LEFT    4.4421E-05   -132.19  4.3888E-04     42.36
   35.00    265.00    -26.37    -6.55    -6.50      0.0414    -84.67 LEFT    3.6768E-05   -154.03  3.6031E-04      1.85
   40.00    265.00    -26.71    -3.66    -3.64      0.0432    -86.82 LEFT    3.5379E-05   -181.20  5.0257E-04    -39.23
   45.00    265.00    -25.69     0.28     0.29      0.0287    -87.63 LEFT    3.9771E-05   -204.10  7.9048E-04    -58.93
   50.00    265.00    -24.46     3.30     3.31      0.0199    -87.95 LEFT    4.5817E-05   -219.25  1.1193E-03    -68.35
   55.00    265.00    -23.70     5.42     5.43      0.0145    -88.18 LEFT    5.0021E-05   -229.12  1.4297E-03    -73.65
   60.00    265.00    -23.59     6.78     6.79      0.0108    -88.38 LEFT    5.0648E-05   -236.13  1.6719E-03    -76.97
   65.00    265.00    -24.17     7.42     7.42      0.0079    -88.56 LEFT    4.7355E-05   -241.77  1.7989E-03    -79.19
   70.00    265.00    -25.46     7.29     7.29      0.0055    -88.72 LEFT    4.0824E-05   -246.89  1.7713E-03    -80.68
   75.00    265.00    -27.49     6.21     6.21      0.0035    -88.83 LEFT    3.2322E-05   -252.00  1.5654E-03    -81.67
   80.00    265.00    -30.43     3.76     3.76      0.0017    -88.89 LEFT    2.3040E-05    102.83  1.1802E-03    -82.25
   85.00    265.00    -35.33    -1.54    -1.54      0.0002    -88.83 LEFT    1.3107E-05     98.10  6.4118E-04    -82.48
   90.00    265.00   -999.99  -999.99  -999.99      0.0000      0.00         9.8449E-16    -85.38  3.9172E-14     97.61
    0.00    270.00   -999.99     2.44     2.44      0.0000     90.00 LINEAR  1.5521E-14     80.19  1.0137E-03     80.19
    5.00    270.00   -999.99     2.31     2.31      0.0000     90.00 LINEAR  3.8051E-14     39.89  9.9836E-04     79.73
   10.00    270.00   -999.99     1.89     1.89      0.0000     90.00 LINEAR  6.5429E-14     29.85  9.5132E-04     78.27
   15.00    270.00   -198.19     1.11     1.11      0.0000     90.00 LINEAR  9.4331E-14     24.61  8.7031E-04     75.48
   20.00    270.00   -195.81    -0.14    -0.14      0.0000     90.00 LINEAR  1.2404E-13     20.69  7.5327E-04     70.60
   25.00    270.00   -193.97    -2.08    -2.08      0.0000     90.00 LINEAR  1.5324E-13     17.15  6.0270E-04     61.54
   30.00    270.00   -192.59    -4.80    -4.80      0.0000     90.00 LINEAR  1.7967E-13     13.54  4.4065E-04     42.35
   35.00    270.00   -191.65    -6.51    -6.51      0.0000     90.00 LINEAR  2.0022E-13      9.52  3.6185E-04      1.83
   40.00    270.00   -191.18    -3.62    -3.62      0.0000     90.00 LINEAR  2.1138E-13      4.61  5.0486E-04    -39.24
   45.00    270.00   -191.22     0.32     0.32      0.0000     90.00 LINEAR  2.1032E-13     -1.96  7.9414E-04    -58.94
   50.00    270.00   -191.81     3.34     3.34      0.0000     90.00 LINEAR  1.9665E-13    -11.53  1.1246E-03    -68.36
   55.00    270.00   -192.81     5.47     5.47      0.0000     90.00 LINEAR  1.7517E-13    -26.36  1.4365E-03    -73.65
   60.00    270.00   -193.66     6.83     6.83      0.0000     90.00 LINEAR  1.5894E-13    -48.63  1.6800E-03    -76.97
   65.00    270.00   -193.38     7.46     7.46      0.0000     90.00 LINEAR  1.6403E-13    -74.83  1.8077E-03    -79.19
   70.00    270.00   -192.17     7.33     7.33      0.0000     90.00 LINEAR  1.8857E-13    -95.98  1.7801E-03    -80.69
   75.00    270.00   -191.24     6.26     6.26      0.0000     90.00 LINEAR  2.0994E-13   -109.43  1.5733E-03    -81.67
   80.00    270.00   -191.56     3.80     3.80      0.0000     90.00 LINEAR  2.0224E-13   -117.52  1.1861E-03    -82.25
   85.00    270.00   -194.66    -1.50    -1.50      0.0000     90.00 LINEAR  1.4154E-13   -122.46  6.4442E-04    -82.48
   90.00    270.00   -999.99  -999.99  -999.99      0.0000      0.00         2.9074E-19      8.62  3.9370E-14     97.61
    0.00    275.00    -18.76     2.40     2.44      0.0000     85.00 LINEAR  8.8353E-05     80.19  1.0099E-03     80.19
    5.00    275.00    -18.90     2.27     2.31      0.0001     85.01 LEFT    8.6882E-05     79.68  9.9455E-04     79.73
   10.00    275.00    -19.35     1.85     1.89      0.0003     85.02 LEFT    8.2514E-05     78.04  9.4767E-04     78.27
   15.00    275.00    -20.13     1.08     1.11      0.0007     85.03 LEFT    7.5424E-05     75.00  8.6694E-04     75.48
   20.00    275.00    -21.29    -0.18    -0.14      0.0010     84.97 LEFT    6.6018E-05     69.94  7.5032E-04     70.60
   25.00    275.00    -22.85    -2.11    -2.08      0.0001     84.75 RIGHT   5.5137E-05     61.61  6.0031E-04     61.55
   30.00    275.00    -24.73    -4.83    -4.79      0.0095     84.25 RIGHT   4.4421E-05     47.81  4.3888E-04     42.36
   35.00    275.00    -26.37    -6.55    -6.50      0.0414     84.67 RIGHT   3.6768E-05     25.97  3.6031E-04      1.85
   40.00    275.00    -26.71    -3.66    -3.64      0.0432     86.82 RIGHT   3.5379E-05     -1.20  5.0257E-04    -39.23
   45.00    275.00    -25.69     0.28     0.29      0.0287     87.63 RIGHT   3.9771E-05    -24.10  7.9048E-04    -58.93
   50.00    275.00    -24.46     3.30     3.31      0.0199     87.95 RIGHT   4.5817E-05    -39.25  1.1193E-03    -68.35
   55.00    275.00    -23.70     5.42     5.43      0.0145     88.18 RIGHT   5.0021E-05    -49.12  1.4297E-03    -73.65
   60.00    275.00    -23.59     6.78     6.79      0.0108     88.38 RIGHT   5.0648E-05    -56.13  1.6719E-03    -76.97
   65.00    275.00    -24.17     7.42     7.42      0.0079     88.56 RIGHT   4.7355E-05    -61.77  1.7989E-03    -79.19
   70.00    275.00    -25.46     7.29     7.29      0.0055     88.72 RIGHT   4.0824E-05    -66.89  1.7713E-03    -80.68
   75.00    275.00    -27.49     6.21     6.21      0.0035     88.83 RIGHT   3.2322E-05    -72.00  1.5654E-03    -81.67
   80.00    275.00    -30.43     3.76     3.76      0.0017     88.89 RIGHT   2.3040E-05    -77.17  1.1802E-03    -82.25
   85.00    275.00    -35.33    -1.54    -1.54      0.0002     88.83 RIGHT   1.3107E-05    -81.90  6.4118E-04    -82.48
   90.00    275.00   -999.99  -999.99  -999.99      0.0000      0.00         9.8452E-16     94.62  3.9172E-14     97.61
    0.00    280.00    -12.77     2.31     2.44      0.0000     80.00 LINEAR  1.7603E-04     80.19  9.9834E-04     80.19
    5.00    280.00    -12.91     2.17     2.30      0.0002     80.01 LEFT    1.7310E-04     79.68  9.8316E-04     79.73
   10.00    280.00    -13.36     1.75     1.88      0.0007     80.05 LEFT    1.6439E-04     78.04  9.3675E-04     78.27
   15.00    280.00    -14.14     0.98     1.11      0.0014     80.06 LEFT    1.5025E-04     75.01  8.5687E-04     75.49
   20.00    280.00    -15.30    -0.28    -0.14      0.0020     79.94 LEFT    1.3149E-04     69.94  7.4151E-04     70.60
   25.00    280.00    -16.87    -2.22    -2.07      0.0002     79.51 RIGHT   1.0980E-04     61.63  5.9318E-04     61.56
   30.00    280.00    -18.75    -4.94    -4.76      0.0186     78.52 RIGHT   8.8447E-05     47.83  4.3358E-04     42.39
   35.00    280.00    -20.39    -6.66    -6.48      0.0812     79.29 RIGHT   7.3182E-05     26.02  3.5570E-04      1.90
   40.00    280.00    -20.73    -3.78    -3.69      0.0864     83.57 RIGHT   7.0372E-05     -1.15  4.9576E-04    -39.20
   45.00    280.00    -19.72     0.16     0.20      0.0576     85.23 RIGHT   7.9059E-05    -24.05  7.7958E-04    -58.92
   50.00    280.00    -18.50     3.18     3.21      0.0400     85.87 RIGHT   9.1044E-05    -39.21  1.1036E-03    -68.35
   55.00    280.00    -17.73     5.30     5.32      0.0292     86.33 RIGHT   9.9375E-05    -49.08  1.4094E-03    -73.64
   60.00    280.00    -17.63     6.66     6.67      0.0217     86.73 RIGHT   1.0061E-04    -56.10  1.6478E-03    -76.97
   65.00    280.00    -18.21     7.29     7.30      0.0159     87.10 RIGHT   9.4060E-05    -61.73  1.7726E-03    -79.18
   70.00    280.00    -19.50     7.16     7.17      0.0111     87.42 RIGHT   8.1091E-05    -66.85  1.7452E-03    -80.68
   75.00    280.00    -21.53     6.08     6.09      0.0070     87.65 RIGHT   6.4214E-05    -71.94  1.5421E-03    -81.66
   80.00    280.00    -24.47     3.63     3.63      0.0035     87.75 RIGHT   4.5784E-05    -77.10  1.1625E-03    -82.24
   85.00    280.00    -29.36    -1.67    -1.67      0.0005     87.64 RIGHT   2.6051E-05    -81.81  6.3152E-04    -82.47
   90.00    280.00   -999.99  -999.99  -999.99      0.0000      0.00         1.9569E-15     94.72  3.8581E-14     97.61
    0.00    285.00     -9.30     2.14     2.44      0.0000     75.00 LINEAR  2.6238E-04     80.19  9.7920E-04     80.19
    5.00    285.00     -9.45     2.00     2.30      0.0002     75.02 LEFT    2.5799E-04     79.68  9.6428E-04     79.73
   10.00    285.00     -9.90     1.58     1.88      0.0010     75.07 LEFT    2.4498E-04     78.05  9.1866E-04     78.27
   15.00    285.00    -10.68     0.81     1.10      0.0021     75.08 LEFT    2.2387E-04     75.01  8.4018E-04     75.49
   20.00    285.00    -11.84    -0.45    -0.15      0.0029     74.92 LEFT    1.9588E-04     69.95  7.2691E-04     70.61
   25.00    285.00    -13.41    -2.39    -2.06      0.0003     74.29 RIGHT   1.6353E-04     61.64  5.8138E-04     61.58
   30.00    285.00    -15.29    -5.12    -4.72      0.0268     72.84 RIGHT   1.3169E-04     47.87  4.2481E-04     42.44
   35.00    285.00    -16.94    -6.85    -6.44      0.1180     73.83 RIGHT   1.0889E-04     26.09  3.4809E-04      1.99
   40.00    285.00    -17.29    -3.97    -3.78      0.1294     80.19 RIGHT   1.0460E-04     -1.06  4.8455E-04    -39.14
   45.00    285.00    -16.29    -0.05     0.06      0.0868     82.74 RIGHT   1.1740E-04    -23.97  7.6165E-04    -58.89
   50.00    285.00    -15.07     2.97     3.04      0.0604     83.73 RIGHT   1.3511E-04    -39.14  1.0779E-03    -68.33
   55.00    285.00    -14.31     5.09     5.14      0.0442     84.43 RIGHT   1.4742E-04    -49.02  1.3761E-03    -73.63
   60.00    285.00    -14.20     6.45     6.48      0.0329     85.04 RIGHT   1.4921E-04    -56.04  1.6083E-03    -76.96
   65.00    285.00    -14.79     7.08     7.11      0.0241     85.60 RIGHT   1.3949E-04    -61.67  1.7296E-03    -79.17
   70.00    285.00    -16.08     6.94     6.96      0.0169     86.08 RIGHT   1.2027E-04    -66.77  1.7023E-03    -80.67
   75.00    285.00    -18.10     5.86     5.88      0.0107     86.43 RIGHT   9.5264E-05    -71.85  1.5039E-03    -81.66
   80.00    285.00    -21.04     3.41     3.42      0.0055     86.58 RIGHT   6.7947E-05    -76.99  1.1335E-03    -82.24
   85.00    285.00    -25.93    -1.89    -1.88      0.0009     86.41 RIGHT   3.8675E-05    -81.67  6.1571E-04    -82.47
   90.00    285.00   -999.99  -999.99  -999.99      0.0000      0.00         2.9055E-15     94.87  3.7614E-14     97.62
    0.00    290.00     -6.88     1.90     2.44      0.0000     70.00 LINEAR  3.4672E-04     80.19  9.5260E-04     80.19
    5.00    290.00     -7.03     1.76     2.30      0.0003     70.03 LEFT    3.4091E-04     79.68  9.3804E-04     79.73
   10.00    290.00     -7.48     1.34     1.88      0.0012     70.09 LEFT    3.2367E-04     78.05  8.9353E-04     78.27
   15.00    290.00     -8.26     0.56     1.10      0.0027     70.10 LEFT    2.9571E-04     75.02  8.1701E-04     75.50
   20.00    290.00     -9.43    -0.70    -0.15      0.0037     69.90 LEFT    2.5867E-04     69.96  7.0667E-04     70.63
   25.00    290.00    -11.00    -2.64    -2.05      0.0004     69.09 RIGHT   2.1588E-04     61.67  5.6502E-04     61.61
   30.00    290.00    -12.88    -5.37    -4.66      0.0338     67.23 RIGHT   1.7377E-04     47.93  4.1268E-04     42.51
   35.00    290.00    -14.54    -7.11    -6.39      0.1502     68.26 RIGHT   1.4357E-04     26.19  3.3760E-04      2.11
   40.00    290.00    -14.90    -4.25    -3.90      0.1718     76.60 RIGHT   1.3771E-04     -0.93  4.6915E-04    -39.07
   45.00    290.00    -13.91    -0.33    -0.14      0.1167     80.13 RIGHT   1.5436E-04    -23.86  7.3704E-04    -58.86
   50.00    290.00    -12.70     2.68     2.81      0.0814     81.50 RIGHT   1.7750E-04    -39.05  1.0426E-03    -68.31
   55.00    290.00    -11.94     4.80     4.89      0.0597     82.44 RIGHT   1.9356E-04    -48.94  1.3305E-03    -73.62
   60.00    290.00    -11.84     6.15     6.22      0.0445     83.28 RIGHT   1.9585E-04    -55.96  1.5542E-03    -76.95
   65.00    290.00    -12.43     6.78     6.83      0.0327     84.03 RIGHT   1.8308E-04    -61.58  1.6707E-03    -79.17
   70.00    290.00    -13.71     6.64     6.68      0.0230     84.67 RIGHT   1.5787E-04    -66.67  1.6437E-03    -80.67
   75.00    290.00    -15.74     5.56     5.59      0.0147     85.15 RIGHT   1.2509E-04    -71.73  1.4517E-03    -81.65
   80.00    290.00    -18.67     3.10     3.13      0.0076     85.36 RIGHT   8.9267E-05    -76.83  1.0939E-03    -82.23
   85.00    290.00    -23.56    -2.20    -2.17      0.0015     85.11 RIGHT   5.0833E-05    -81.48  5.9411E-04    -82.46
   90.00    290.00   -999.99  -999.99  -999.99      0.0000      0.00         3.8197E-15     95.08  3.6293E-14     97.63
    0.00    295.00     -5.04     1.58     2.44      0.0000     65.00 LINEAR  4.2843E-04     80.19  9.1876E-04     80.19
    5.00    295.00     -5.19     1.45     2.30      0.0004     65.03 LEFT    4.2122E-04     79.68  9.0466E-04     79.73
   10.00    295.00     -5.64     1.03     1.87      0.0015     65.11 LEFT    3.9984E-04     78.05  8.6158E-04     78.27
   15.00    295.00     -6.43     0.25     1.09      0.0032     65.12 LEFT    3.6520E-04     75.02  7.8758E-04     75.50
   20.00    295.00     -7.60    -1.02    -0.15      0.0044     64.88 LEFT    3.1934E-04     69.98  6.8098E-04     70.64
   25.00    295.00     -9.17    -2.96    -2.03      0.0004     63.92 RIGHT   2.6641E-04     61.70  5.4427E-04     61.64
   30.00    295.00    -11.06    -5.70    -4.59      0.0394     61.71 RIGHT   2.1433E-04     47.99  3.9731E-04     42.59
   35.00    295.00    -12.73    -7.46    -6.33      0.1767     62.60 RIGHT   1.7691E-04     26.31  3.2439E-04      2.26
   40.00    295.00    -13.10    -4.62    -4.04      0.2133     72.71 RIGHT   1.6939E-04     -0.78  4.4983E-04    -38.98
   45.00    295.00    -12.13    -0.70    -0.40      0.1471     77.34 RIGHT   1.8954E-04    -23.72  7.0621E-04    -58.82
   50.00    295.00    -10.92     2.31     2.51      0.1031     79.12 RIGHT   2.1773E-04    -38.93  9.9848E-04    -68.29
   55.00    295.00    -10.18     4.42     4.57      0.0759     80.34 RIGHT   2.3729E-04    -48.84  1.2734E-03    -73.60
   60.00    295.00    -10.08     5.76     5.88      0.0568     81.41 RIGHT   2.4001E-04    -55.86  1.4867E-03    -76.94
   65.00    295.00    -10.66     6.39     6.47      0.0419     82.36 RIGHT   2.2432E-04    -61.48  1.5972E-03    -79.15
   70.00    295.00    -11.95     6.24     6.31      0.0296     83.18 RIGHT   1.9346E-04    -66.55  1.5707E-03    -80.66
   75.00    295.00    -13.97     5.16     5.21      0.0191     83.78 RIGHT   1.5336E-04    -71.58  1.3867E-03    -81.64
   80.00    295.00    -16.89     2.70     2.75      0.0101     84.04 RIGHT   1.0951E-04    -76.63  1.0446E-03    -82.22
   85.00    295.00    -21.78    -2.60    -2.55      0.0023     83.72 RIGHT   6.2398E-05    -81.24  5.6726E-04    -82.45
   90.00    295.00   -999.99  -999.99  -999.99      0.0000      0.00         4.6898E-15     95.34  3.4650E-14     97.64
    0.00    300.00     -3.58     1.19     2.44      0.0000     60.00 LINEAR  5.0687E-04     80.19  8.7792E-04     80.19
    5.00    300.00     -3.73     1.05     2.30      0.0004     60.04 LEFT    4.9831E-04     79.68  8.6439E-04     79.73
   10.00    300.00     -4.18     0.63     1.87      0.0017     60.12 LEFT    4.7292E-04     78.05  8.2305E-04     78.28
   15.00    300.00     -4.97    -0.15     1.08      0.0036     60.14 LEFT    4.3181E-04     75.03  7.5212E-04     75.51
   20.00    300.00     -6.14    -1.42    -0.16      0.0050     59.86 LEFT    3.7743E-04     70.00  6.5006E-04     70.66
   25.00    300.00     -7.72    -3.37    -2.01      0.0005     58.78 RIGHT   3.1472E-04     61.74  5.1934E-04     61.68
   30.00    300.00     -9.62    -6.11    -4.51      0.0434     56.31 RIGHT   2.5305E-04     48.07  3.7887E-04     42.68
   35.00    300.00    -11.29    -7.89    -6.26      0.1961     56.87 RIGHT   2.0863E-04     26.45  3.0862E-04      2.43
   40.00    300.00    -11.69    -5.07    -4.22      0.2527     68.42 RIGHT   1.9935E-04     -0.60  4.2691E-04    -38.88
   45.00    300.00    -10.73    -1.16    -0.71      0.1781     74.29 RIGHT   2.2263E-04    -23.56  6.6970E-04    -58.77
   50.00    300.00     -9.54     1.84     2.15      0.1257     76.56 RIGHT   2.5543E-04    -38.80  9.4626E-04    -68.26
   55.00    300.00     -8.79     3.95     4.17      0.0929     78.08 RIGHT   2.7816E-04    -48.72  1.2060E-03    -73.58
   60.00    300.00     -8.70     5.29     5.46      0.0698     79.39 RIGHT   2.8122E-04    -55.75  1.4071E-03    -76.92
   65.00    300.00     -9.29     5.90     6.03      0.0517     80.57 RIGHT   2.6281E-04    -61.36  1.5107E-03    -79.14
   70.00    300.00    -10.57     5.75     5.85      0.0367     81.57 RIGHT   2.2670E-04    -66.41  1.4849E-03    -80.64
   75.00    300.00    -12.58     4.67     4.75      0.0239     82.30 RIGHT   1.7980E-04    -71.40  1.3103E-03    -81.63
   80.00    300.00    -15.50     2.20     2.28      0.0129     82.62 RIGHT   1.2849E-04    -76.41  9.8674E-04    -82.21
   85.00    300.00    -20.38    -3.10    -3.02      0.0035     82.22 RIGHT   7.3260E-05    -80.96  5.3573E-04    -82.44
   90.00    300.00   -999.99  -999.99  -999.99      0.0000      0.00         5.5077E-15     95.63  3.2722E-14     97.65
    0.00    305.00     -2.39     0.71     2.44      0.0000     55.00 LINEAR  5.8146E-04     80.19  8.3041E-04     80.19
    5.00    305.00     -2.54     0.57     2.30      0.0005     55.04 LEFT    5.7159E-04     79.68  8.1754E-04     79.73
   10.00    305.00     -3.00     0.14     1.86      0.0018     55.13 LEFT    5.4234E-04     78.06  7.7826E-04     78.28
   15.00    305.00     -3.79    -0.64     1.07      0.0039     55.15 LEFT    4.9502E-04     75.04  7.1093E-04     75.52
   20.00    305.00     -4.96    -1.91    -0.17      0.0054     54.85 LEFT    4.3249E-04     70.02  6.1419E-04     70.68
   25.00    305.00     -6.54    -3.87    -1.99      0.0005     53.69 RIGHT   3.6045E-04     61.78  4.9045E-04     61.72
   30.00    305.00     -8.44    -6.61    -4.42      0.0458     51.02 RIGHT   2.8962E-04     48.15  3.5755E-04     42.79
   35.00    305.00    -10.13    -8.42    -6.18      0.2080     51.13 RIGHT   2.3848E-04     26.60  2.9051E-04      2.62
   40.00    305.00    -10.55    -5.62    -4.41      0.2886     63.66 RIGHT   2.2735E-04     -0.40  4.0075E-04    -38.77
   45.00    305.00     -9.61    -1.72    -1.07      0.2095     70.92 RIGHT   2.5335E-04    -23.37  6.2812E-04    -58.72
   50.00    305.00     -8.42     1.28     1.72      0.1492     73.74 RIGHT   2.9028E-04    -38.65  8.8689E-04    -68.23
   55.00    305.00     -7.69     3.38     3.70      0.1109     75.59 RIGHT   3.1585E-04    -48.59  1.1295E-03    -73.56
   60.00    305.00     -7.60     4.71     4.96      0.0837     77.18 RIGHT   3.1917E-04    -55.62  1.3168E-03    -76.90
   65.00    305.00     -8.19     5.32     5.51      0.0624     78.60 RIGHT   2.9822E-04    -61.22  1.4129E-03    -79.13
   70.00    305.00     -9.47     5.17     5.31      0.0446     79.80 RIGHT   2.5730E-04    -66.25  1.3879E-03    -80.63
   75.00    305.00    -11.48     4.08     4.20      0.0294     80.67 RIGHT   2.0420E-04    -71.20  1.2241E-03    -81.62
   80.00    305.00    -14.39     1.61     1.72      0.0163     81.04 RIGHT   1.4604E-04    -76.15  9.2148E-04    -82.19
   85.00    305.00    -19.26    -3.70    -3.58      0.0050     80.55 RIGHT   8.3333E-05    -80.65  5.0018E-04    -82.42
   90.00    305.00   -999.99  -999.99  -999.99      0.0000      0.00         6.2670E-15     95.97  3.0549E-14     97.66
    0.00    310.00     -1.40     0.12     2.44      0.0000     50.00 LINEAR  6.5162E-04     80.19  7.7657E-04     80.19
    5.00    310.00     -1.55    -0.01     2.30      0.0005     50.04 LEFT    6.4050E-04     79.68  7.6447E-04     79.73
   10.00    310.00     -2.01    -0.44     1.85      0.0019     50.14 LEFT    6.0758E-04     78.06  7.2756E-04     78.28
   15.00    310.00     -2.80    -1.23     1.06      0.0041     50.16 LEFT    5.5435E-04     75.05  6.6437E-04     75.53
   20.00    310.00     -3.98    -2.51    -0.17      0.0057     49.84 LEFT    4.8409E-04     70.04  5.7369E-04     70.70
   25.00    310.00     -5.57    -4.47    -1.97      0.0005     48.63 RIGHT   4.0323E-04     61.83  4.5787E-04     61.77
   30.00    310.00     -7.48    -7.22    -4.33      0.0466     45.86 RIGHT   3.2377E-04     48.24  3.3356E-04     42.90
   35.00    310.00     -9.17    -9.04    -6.10      0.2120     45.47 RIGHT   2.6625E-04     26.77  2.7029E-04      2.82
   40.00    310.00     -9.61    -6.28    -4.62      0.3188     58.34 RIGHT   2.5319E-04     -0.18  3.7175E-04    -38.64
   45.00    310.00     -8.69    -2.38    -1.47      0.2407     67.11 RIGHT   2.8150E-04    -23.18  5.8211E-04    -58.66
   50.00    310.00     -7.52     0.61     1.23      0.1735     70.58 RIGHT   3.2207E-04    -38.49  8.2132E-04    -68.20
   55.00    310.00     -6.80     2.70     3.16      0.1299     72.82 RIGHT   3.5012E-04    -48.44  1.0451E-03    -73.54
   60.00    310.00     -6.71     4.03     4.38      0.0987     74.72 RIGHT   3.5362E-04    -55.48  1.2176E-03    -76.89
   65.00    310.00     -7.30     4.63     4.90      0.0741     76.39 RIGHT   3.3035E-04    -61.07  1.3054E-03    -79.11
   70.00    310.00     -8.58     4.47     4.68      0.0534     77.81 RIGHT   2.8509E-04    -66.08  1.2814E-03    -80.61
   75.00    310.00    -10.58     3.38     3.55      0.0355     78.84 RIGHT   2.2640E-04    -70.99  1.1296E-03    -81.60
   80.00    310.00    -13.49     0.91     1.06      0.0202     79.26 RIGHT   1.6207E-04    -75.88  8.5003E-04    -82.18
   85.00    310.00    -18.35    -4.40    -4.23      0.0070     78.66 RIGHT   9.2554E-05    -80.33  4.6129E-04    -82.41
   90.00    310.00   -999.99  -999.99  -999.99      0.0000      0.00         6.9626E-15     96.32  2.8171E-14     97.68
    0.00    315.00     -0.57    -0.57     2.44      0.0000     45.00 LINEAR  7.1682E-04     80.19  7.1682E-04     80.19
    5.00    315.00     -0.72    -0.71     2.29      0.0005     45.04 LEFT    7.0453E-04     79.68  7.0559E-04     79.74
   10.00    315.00     -1.18    -1.14     1.85      0.0019     45.14 LEFT    6.6815E-04     78.07  6.7136E-04     78.29
   15.00    315.00     -1.98    -1.93     1.05      0.0042     45.16 LEFT    6.0937E-04     75.06  6.1280E-04     75.54
   20.00    315.00     -3.16    -3.21    -0.18      0.0058     44.84 LEFT    5.3187E-04     70.06  5.2891E-04     70.72
   25.00    315.00     -4.76    -5.18    -1.95      0.0005     43.62 RIGHT   4.4278E-04     61.87  4.2191E-04     61.82
   30.00    315.00     -6.67    -7.93    -4.25      0.0460     40.83 RIGHT   3.5527E-04     48.34  3.0713E-04     43.02
   35.00    315.00     -8.38    -9.79    -6.02      0.2087     39.96 RIGHT   2.9175E-04     26.94  2.4818E-04      3.03
   40.00    315.00     -8.84    -7.04    -4.84      0.3404     52.45 RIGHT   2.7674E-04      0.04  3.4029E-04    -38.51
   45.00    315.00     -7.94    -3.16    -1.91      0.2705     62.73 RIGHT   3.0694E-04    -22.97  5.3232E-04    -58.60
   50.00    315.00     -6.78    -0.17     0.68      0.1984     66.98 RIGHT   3.5064E-04    -38.32  7.5049E-04    -68.17
   55.00    315.00     -6.07     1.91     2.55      0.1500     69.67 RIGHT   3.8083E-04    -48.29  9.5423E-04    -73.52
   60.00    315.00     -5.98     3.23     3.72      0.1149     71.91 RIGHT   3.8442E-04    -55.34  1.1107E-03    -76.87
   65.00    315.00     -6.58     3.83     4.21      0.0869     73.88 RIGHT   3.5907E-04    -60.92  1.1900E-03    -79.09
   70.00    315.00     -7.85     3.66     3.96      0.0632     75.54 RIGHT   3.0996E-04    -65.90  1.1673E-03    -80.60
   75.00    315.00     -9.85     2.56     2.81      0.0426     76.74 RIGHT   2.4632E-04    -70.76  1.0285E-03    -81.59
   80.00    315.00    -12.75     0.09     0.31      0.0248     77.22 RIGHT   1.7650E-04    -75.60  7.7361E-04    -82.16
   85.00    315.00    -17.60    -5.22    -4.98      0.0096     76.50 RIGHT   1.0088E-04    -79.98  4.1971E-04    -82.39
   90.00    315.00   -999.99  -999.99  -999.99      0.0000      0.00         7.5916E-15     96.69  2.5630E-14     97.69
    0.00    320.00      0.12    -1.40     2.44      0.0000     40.00 LINEAR  7.7657E-04     80.19  6.5162E-04     80.19
    5.00    320.00     -0.03    -1.54     2.29      0.0005     40.04 LEFT    7.6319E-04     79.68  6.4135E-04     79.74
   10.00    320.00     -0.49    -1.97     1.84      0.0019     40.14 LEFT    7.2359E-04     78.07  6.1008E-04     78.29
   15.00    320.00     -1.29    -2.77     1.04      0.0041     40.16 LEFT    6.5968E-04     75.07  5.5665E-04     75.55
   20.00    320.00     -2.48    -4.05    -0.18      0.0057     39.84 LEFT    5.7549E-04     70.08  4.8021E-04     70.74
   25.00    320.00     -4.08    -6.02    -1.93      0.0004     38.65 RIGHT   4.7883E-04     61.92  3.8286E-04     61.87
   30.00    320.00     -6.00    -8.78    -4.16      0.0440     35.92 RIGHT   3.8392E-04     48.43  2.7850E-04     43.13
   35.00    320.00     -7.72   -10.66    -5.93      0.1987     34.66 RIGHT   3.1484E-04     27.11  2.2441E-04      3.25
   40.00    320.00     -8.20    -7.94    -5.06      0.3505     46.07 RIGHT   2.9789E-04      0.27  3.0675E-04    -38.38
   45.00    320.00     -7.32    -4.07    -2.39      0.2970     57.65 RIGHT   3.2959E-04    -22.77  4.7938E-04    -58.54
   50.00    320.00     -6.18    -1.09     0.08      0.2230     62.79 RIGHT   3.7594E-04    -38.14  6.7533E-04    -68.13
   55.00    320.00     -5.47     0.99     1.87      0.1709     66.00 RIGHT   4.0793E-04    -48.14  8.5796E-04    -73.49
   60.00    320.00     -5.39     2.30     2.98      0.1324     68.63 RIGHT   4.1155E-04    -55.19  9.9785E-04    -76.85
   65.00    320.00     -5.99     2.89     3.42      0.1011     70.94 RIGHT   3.8435E-04    -60.76  1.0682E-03    -79.08
   70.00    320.00     -7.26     2.72     3.14      0.0743     72.87 RIGHT   3.3187E-04    -65.72  1.0472E-03    -80.58
   75.00    320.00     -9.25     1.62     1.96      0.0507     74.27 RIGHT   2.6391E-04    -70.54  9.2214E-04    -81.57
   80.00    320.00    -12.14    -0.86    -0.55      0.0303     74.82 RIGHT   1.8929E-04    -75.32  6.9332E-04    -82.15
   85.00    320.00    -16.99    -6.18    -5.83      0.0127     73.95 RIGHT   1.0829E-04    -79.64  3.7606E-04    -82.38
   90.00    320.00   -999.99  -999.99  -999.99      0.0000      0.00         8.1518E-15     97.06  2.2962E-14     97.70
    0.00    325.00      0.71    -2.39     2.44      0.0000     35.00 LINEAR  8.3041E-04     80.19  5.8146E-04     80.19
    5.00    325.00      0.55    -2.53     2.29      0.0005     35.04 LEFT    8.1603E-04     79.68  5.7225E-04     79.74
   10.00    325.00      0.09    -2.97     1.84      0.0018     35.13 LEFT    7.7350E-04     78.07  5.4421E-04     78.30
   15.00    325.00     -0.72    -3.76     1.03      0.0039     35.15 LEFT    7.0490E-04     75.08  4.9636E-04     75.56
   20.00    325.00     -1.91    -5.05    -0.19      0.0054     34.85 LEFT    6.1466E-04     70.10  4.2800E-04     70.76
   25.00    325.00     -3.51    -7.02    -1.91      0.0004     33.71 RIGHT   5.1113E-04     61.96  3.4106E-04     61.91
   30.00    325.00     -5.43    -9.79    -4.08      0.0408     31.14 RIGHT   4.0953E-04     48.52  2.4791E-04     43.25
   35.00    325.00     -7.17   -11.69    -5.86      0.1833     29.61 RIGHT   3.3540E-04     27.27  1.9923E-04      3.45
   40.00    325.00     -7.67    -9.01    -5.28      0.3463     39.41 RIGHT   3.1656E-04      0.48  2.7149E-04    -38.25
   45.00    325.00     -6.81    -5.14    -2.88      0.3168     51.75 RIGHT   3.4942E-04    -22.56  4.2388E-04    -58.48
   50.00    325.00     -5.68    -2.17    -0.57      0.2456     57.85 RIGHT   3.9797E-04    -37.98  5.9669E-04    -68.10
   55.00    325.00     -4.98    -0.09     1.13      0.1918     61.65 RIGHT   4.3143E-04    -47.99  7.5744E-04    -73.47
   60.00    325.00     -4.91     1.21     2.16      0.1507     64.73 RIGHT   4.3503E-04    -55.05  8.8024E-04    -76.83
   65.00    325.00     -5.51     1.80     2.54      0.1167     67.42 RIGHT   4.0622E-04    -60.61  9.4160E-04    -79.06
   70.00    325.00     -6.78     1.62     2.21      0.0868     69.67 RIGHT   3.5084E-04    -65.54  9.2247E-04    -80.57
   75.00    325.00     -8.76     0.51     0.99      0.0601     71.29 RIGHT   2.7919E-04    -70.32  8.1187E-04    -81.56
   80.00    325.00    -11.64    -1.97    -1.53      0.0367     71.92 RIGHT   2.0044E-04    -75.04  6.1018E-04    -82.13
   85.00    325.00    -16.48    -7.29    -6.79      0.0165     70.89 RIGHT   1.1477E-04    -79.31  3.3088E-04    -82.37
   90.00    325.00   -999.99  -999.99  -999.99      0.0000      0.00         8.6427E-15     97.41  2.0202E-14     97.72
    0.00    330.00      1.19    -3.58     2.44      0.0000     30.00 LINEAR  8.7792E-04     80.19  5.0687E-04     80.19
    5.00    330.00      1.04    -3.72     2.29      0.0004     30.04 LEFT    8.6266E-04     79.68  4.9880E-04     79.74
   10.00    330.00      0.57    -4.16     1.83      0.0017     30.12 LEFT    8.1751E-04     78.08  4.7425E-04     78.30
   15.00    330.00     -0.24    -4.96     1.02      0.0036     30.14 LEFT    7.4474E-04     75.09  4.3240E-04     75.57
   20.00    330.00     -1.43    -6.25    -0.20      0.0050     29.86 LEFT    6.4910E-04     70.12  3.7268E-04     70.78
   25.00    330.00     -3.04    -8.23    -1.89      0.0004     28.82 RIGHT   5.3949E-04     62.00  2.9684E-04     61.96
   30.00    330.00     -4.97   -11.01    -4.01      0.0366     26.47 RIGHT   4.3198E-04     48.61  2.1562E-04     43.35
   35.00    330.00     -6.72   -12.93    -5.79      0.1634     24.82 RIGHT   3.5334E-04     27.43  1.7284E-04      3.65
   40.00    330.00     -7.24   -10.26    -5.48      0.3269     32.74 RIGHT   3.3272E-04      0.69  2.3485E-04    -38.13
   45.00    330.00     -6.40    -6.40    -3.39      0.3254     44.99 RIGHT   3.6644E-04    -22.37  3.6634E-04    -58.43
   50.00    330.00     -5.28    -3.44    -1.25      0.2634     51.95 RIGHT   4.1676E-04    -37.82  5.1533E-04    -68.07
   55.00    330.00     -4.59    -1.37     0.32      0.2110     56.39 RIGHT   4.5141E-04    -47.85  6.5367E-04    -73.45
   60.00    330.00     -4.52    -0.07     1.26      0.1692     59.97 RIGHT   4.5495E-04    -54.91  7.5908E-04    -76.81
   65.00    330.00     -5.12     0.50     1.56      0.1332     63.09 RIGHT   4.2476E-04    -60.46  8.1142E-04    -79.04
   70.00    330.00     -6.39     0.32     1.16      0.1007     65.71 RIGHT   3.6696E-04    -65.37  7.9444E-04    -80.55
   75.00    330.00     -8.37    -0.79    -0.09      0.0709     67.60 RIGHT   2.9221E-04    -70.11  6.9884E-04    -81.54
   80.00    330.00    -11.24    -3.28    -2.63      0.0441     68.32 RIGHT   2.0998E-04    -74.78  5.2503E-04    -82.12
   85.00    330.00    -16.07    -8.59    -7.88      0.0210     67.11 RIGHT   1.2033E-04    -79.00  2.8464E-04    -82.35
   90.00    330.00   -999.99  -999.99  -999.99      0.0000      0.00         9.0646E-15     97.75  1.7377E-14     97.73
    0.00    335.00      1.58    -5.04     2.44      0.0000     25.00 LINEAR  9.1876E-04     80.19  4.2843E-04     80.19
    5.00    335.00      1.43    -5.18     2.29      0.0004     25.03 LEFT    9.0272E-04     79.68  4.2158E-04     79.74
   10.00    335.00      0.96    -5.62     1.82      0.0015     25.11 LEFT    8.5529E-04     78.08  4.0074E-04     78.30
   15.00    335.00      0.15    -6.43     1.01      0.0032     25.12 LEFT    7.7891E-04     75.10  3.6526E-04     75.58
   20.00    335.00     -1.05    -7.72    -0.20      0.0044     24.88 LEFT    6.7860E-04     70.14  3.1469E-04     70.80
   25.00    335.00     -2.66    -9.70    -1.88      0.0003     23.96 RIGHT   5.6375E-04     62.04  2.5054E-04     62.00
   30.00    335.00     -4.59   -12.48    -3.94      0.0317     21.90 RIGHT   4.5114E-04     48.68  1.8188E-04     43.45
   35.00    335.00     -6.35   -14.43    -5.72      0.1402     20.28 RIGHT   3.6859E-04     27.57  1.4546E-04      3.83
   40.00    335.00     -6.89   -11.79    -5.67      0.2932     26.32 RIGHT   3.4637E-04      0.88  1.9713E-04    -38.02
   45.00    335.00     -6.07    -7.93    -3.89      0.3176     37.51 RIGHT   3.8069E-04    -22.20  3.0724E-04    -58.37
   50.00    335.00     -4.96    -4.97    -1.96      0.2714     44.96 RIGHT   4.3241E-04    -37.67  4.3192E-04    -68.04
   55.00    335.00     -4.28    -2.91    -0.53      0.2251     49.96 RIGHT   4.6799E-04    -47.72  5.4750E-04    -73.43
   60.00    335.00     -4.21    -1.62     0.28      0.1855     54.04 RIGHT   4.7145E-04    -54.78  6.3534E-04    -76.79
   65.00    335.00     -4.81    -1.05     0.48      0.1496     57.63 RIGHT   4.4011E-04    -60.33  6.7871E-04    -79.03
   70.00    335.00     -6.08    -1.24    -0.00      0.1154     60.66 RIGHT   3.8031E-04    -65.22  6.6414E-04    -80.54
   75.00    335.00     -8.05    -2.35    -1.32      0.0828     62.85 RIGHT   3.0303E-04    -69.93  5.8395E-04    -81.53
   80.00    335.00    -10.91    -4.84    -3.88      0.0526     63.70 RIGHT   2.1793E-04    -74.54  4.3856E-04    -82.11
   85.00    335.00    -15.74   -10.16    -9.10      0.0261     62.29 RIGHT   1.2498E-04    -78.71  2.3772E-04    -82.34
   90.00    335.00   -999.99  -999.99  -999.99      0.0000      0.00         9.4182E-15     98.05  1.4512E-14     97.75
    0.00    340.00      1.90    -6.88     2.44      0.0000     20.00 LINEAR  9.5260E-04     80.19  3.4672E-04     80.19
    5.00    340.00      1.74    -7.02     2.29      0.0003     20.03 LEFT    9.3591E-04     79.68  3.4116E-04     79.74
   10.00    340.00      1.27    -7.46     1.82      0.0013     20.09 LEFT    8.8658E-04     78.08  3.2424E-04     78.31
   15.00    340.00      0.46    -8.27     1.00      0.0027     20.10 LEFT    8.0717E-04     75.11  2.9544E-04     75.58
   20.00    340.00     -0.74    -9.57    -0.21      0.0037     19.90 LEFT    7.0298E-04     70.16  2.5445E-04     70.82
   25.00    340.00     -2.36   -11.55    -1.86      0.0002     19.13 RIGHT   5.8377E-04     62.07  2.0251E-04     62.03
   30.00    340.00     -4.30   -14.34    -3.89      0.0261     17.41 RIGHT   4.6692E-04     48.75  1.4693E-04     43.53
   35.00    340.00     -6.06   -16.30    -5.67      0.1145     15.95 RIGHT   3.8112E-04     27.70  1.1728E-04      3.98
   40.00    340.00     -6.62   -13.68    -5.84      0.2474     20.33 RIGHT   3.5749E-04      1.04  1.5858E-04    -37.93
   45.00    340.00     -5.81    -9.83    -4.36      0.2891     29.63 RIGHT   3.9223E-04    -22.05  2.4698E-04    -58.33
   50.00    340.00     -4.71    -6.87    -2.65      0.2629     36.87 RIGHT   4.4501E-04    -37.54  3.4701E-04    -68.01
   55.00    340.00     -4.03    -4.82    -1.40      0.2280     42.12 RIGHT   4.8130E-04    -47.61  4.3960E-04    -73.41
   60.00    340.00     -3.97    -3.53    -0.74      0.1951     46.56 RIGHT   4.8467E-04    -54.68  5.0983E-04    -76.78
   65.00    340.00     -4.57    -2.96    -0.68      0.1626     50.56 RIGHT   4.5241E-04    -60.22  5.4433E-04    -79.02
   70.00    340.00     -5.84    -3.16    -1.28      0.1291     54.01 RIGHT   3.9102E-04    -65.09  5.3239E-04    -80.53
   75.00    340.00     -7.81    -4.28    -2.68      0.0948     56.55 RIGHT   3.1173E-04    -69.76  4.6792E-04    -81.52
   80.00    340.00    -10.66    -6.77    -5.28      0.0615     57.54 RIGHT   2.2436E-04    -74.34  3.5132E-04    -82.10
   85.00    340.00    -15.49   -12.09   -10.45      0.0313     55.95 RIGHT   1.2875E-04    -78.47  1.9039E-04    -82.33
   90.00    340.00   -999.99  -999.99  -999.99      0.0000      0.00         9.7049E-15     98.32  1.1622E-14     97.76
    0.00    345.00      2.14    -9.30     2.44      0.0000     15.00 LINEAR  9.7920E-04     80.19  2.6238E-04     80.19
    5.00    345.00      1.98    -9.44     2.28      0.0002     15.02 LEFT    9.6199E-04     79.68  2.5815E-04     79.74
   10.00    345.00      1.51    -9.89     1.82      0.0010     15.07 LEFT    9.1115E-04     78.08  2.4531E-04     78.31
   15.00    345.00      0.69   -10.70     1.00      0.0021     15.08 LEFT    8.2936E-04     75.11  2.2348E-04     75.59
   20.00    345.00     -0.51   -12.00    -0.21      0.0029     14.92 LEFT    7.2209E-04     70.17  1.9242E-04     70.83
   25.00    345.00     -2.13   -13.98    -1.85      0.0002     14.33 RIGHT   5.9944E-04     62.10  1.5309E-04     62.06
   30.00    345.00     -4.07   -16.77    -3.84      0.0200     13.00 RIGHT   4.7926E-04     48.80  1.1103E-04     43.60
   35.00    345.00     -5.84   -18.74    -5.62      0.0872     11.80 RIGHT   3.9089E-04     27.79  8.8481E-05      4.11
   40.00    345.00     -6.41   -16.14    -5.97      0.1925     14.78 RIGHT   3.6612E-04      1.17  1.1942E-04    -37.85
   45.00    345.00     -5.62   -12.30    -4.77      0.2392     21.77 RIGHT   4.0111E-04    -21.92  1.8587E-04    -58.29
   50.00    345.00     -4.53    -9.35    -3.29      0.2312     27.93 RIGHT   4.5467E-04    -37.44  2.6104E-04    -67.99
   55.00    345.00     -3.85    -7.30    -2.23      0.2111     32.83 RIGHT   4.9148E-04    -47.52  3.3053E-04    -73.39
   60.00    345.00     -3.79    -6.01    -1.75      0.1893     37.20 RIGHT   4.9477E-04    -54.59  3.8316E-04    -76.77
   65.00    345.00     -4.39    -5.45    -1.88      0.1650     41.33 RIGHT   4.6179E-04    -60.12  4.0890E-04    -79.01
   70.00    345.00     -5.66    -5.64    -2.64      0.1364     45.04 RIGHT   3.9920E-04    -64.98  3.9977E-04    -80.52
   75.00    345.00     -7.62    -6.77    -4.16      0.1035     47.87 RIGHT   3.1839E-04    -69.63  3.5124E-04    -81.51
   80.00    345.00    -10.47    -9.26    -6.81      0.0685     49.03 RIGHT   2.2929E-04    -74.17  2.6365E-04    -82.09
   85.00    345.00    -15.29   -14.58   -11.91      0.0352     47.34 RIGHT   1.3165E-04    -78.27  1.4286E-04    -82.32
   90.00    345.00   -999.99  -999.99  -999.99      0.0000      0.00         9.9257E-15     98.53  8.7202E-15     97.77
    0.00    350.00      2.31   -12.77     2.44      0.0000     10.00 LINEAR  9.9834E-04     80.19  1.7603E-04     80.19
    5.00    350.00      2.15   -12.91     2.28      0.0002     10.01 LEFT    9.8076E-04     79.69  1.7319E-04     79.74
   10.00    350.00      1.68   -13.35     1.81      0.0007     10.05 LEFT    9.2883E-04     78.09  1.6456E-04     78.31
   15.00    350.00      0.86   -14.17     0.99      0.0014     10.05 LEFT    8.4530E-04     75.12  1.4989E-04     75.59
   20.00    350.00     -0.35   -15.47    -0.21      0.0020      9.95 LEFT    7.3582E-04     70.18  1.2903E-04     70.84
   25.00    350.00     -1.96   -17.45    -1.84      0.0001      9.54 RIGHT   6.1069E-04     62.12  1.0264E-04     62.08
   30.00    350.00     -3.91   -20.25    -3.81      0.0135      8.63 RIGHT   4.8811E-04     48.84  7.4416E-05     43.65
   35.00    350.00     -5.69   -22.23    -5.59      0.0587      7.79 RIGHT   3.9787E-04     27.87  5.9232E-05      4.20
   40.00    350.00     -6.26   -19.64    -6.07      0.1314      9.62 RIGHT   3.7226E-04      1.27  7.9830E-05    -37.79
   45.00    350.00     -5.48   -15.80    -5.09      0.1705     14.20 RIGHT   4.0741E-04    -21.83  1.2420E-04    -58.27
   50.00    350.00     -4.40   -12.85    -3.82      0.1734     18.59 RIGHT   4.6149E-04    -37.36  1.7437E-04    -67.97
   55.00    350.00     -3.72   -10.80    -2.95      0.1663     22.36 RIGHT   4.9864E-04    -47.45  2.2072E-04    -73.38
   60.00    350.00     -3.67    -9.52    -2.67      0.1569     25.94 RIGHT   5.0187E-04    -54.52  2.5576E-04    -76.76
   65.00    350.00     -4.27    -8.96    -3.00      0.1442     29.53 RIGHT   4.6839E-04    -60.05  2.7286E-04    -79.00
   70.00    350.00     -5.53    -9.16    -3.97      0.1256     32.97 RIGHT   4.0497E-04    -64.90  2.6669E-04    -80.51
   75.00    350.00     -7.49   -10.29    -5.66      0.0995     35.76 RIGHT   3.2309E-04    -69.53  2.3426E-04    -81.50
   80.00    350.00    -10.34   -12.78    -8.38      0.0675     36.99 RIGHT   2.3278E-04    -74.05  1.7581E-04    -82.08
   85.00    350.00    -15.16   -18.10   -13.37      0.0346     35.44 RIGHT   1.3371E-04    -78.12  9.5253E-05    -82.31
   90.00    350.00   -999.99  -999.99  -999.99      0.0000      0.00         1.0083E-14     98.69  5.8139E-15     97.77
    0.00    355.00      2.40   -18.76     2.44      0.0000      5.00 LINEAR  1.0099E-03     80.19  8.8353E-05     80.19
    5.00    355.00      2.25   -18.90     2.28      0.0001      5.01 LEFT    9.9207E-04     79.69  8.6926E-05     79.74
   10.00    355.00      1.78   -19.34     1.81      0.0003      5.02 LEFT    9.3948E-04     78.09  8.2589E-05     78.31
   15.00    355.00      0.96   -20.15     0.99      0.0007      5.03 LEFT    8.5491E-04     75.12  7.5217E-05     75.60
   20.00    355.00     -0.25   -21.46    -0.22      0.0010      4.97 LEFT    7.4409E-04     70.19  6.4741E-05     70.84
   25.00    355.00     -1.87   -23.45    -1.84      0.0001      4.77 RIGHT   6.1747E-04     62.13  5.1491E-05     62.09
   30.00    355.00     -3.82   -26.24    -3.79      0.0068      4.31 RIGHT   4.9343E-04     48.87  3.7326E-05     43.68
   35.00    355.00     -5.59   -28.23    -5.57      0.0295      3.87 RIGHT   4.0207E-04     27.91  2.9689E-05      4.26
   40.00    355.00     -6.18   -25.64    -6.13      0.0666      4.74 RIGHT   3.7594E-04      1.33  3.9979E-05    -37.75
   45.00    355.00     -5.40   -21.81    -5.30      0.0886      6.99 RIGHT   4.1116E-04    -21.77  6.2185E-05    -58.25
   50.00    355.00     -4.32   -18.86    -4.17      0.0931      9.24 RIGHT   4.6555E-04    -37.31  8.7284E-05    -67.97
   55.00    355.00     -3.65   -16.82    -3.45      0.0925     11.27 RIGHT   5.0290E-04    -47.41  1.1046E-04    -73.38
   60.00    355.00     -3.60   -15.54    -3.33      0.0908     13.28 RIGHT   5.0608E-04    -54.48  1.2797E-04    -76.75
   65.00    355.00     -4.20   -14.98    -3.85      0.0874     15.40 RIGHT   4.7231E-04    -60.01  1.3650E-04    -78.99
   70.00    355.00     -5.46   -15.18    -5.02      0.0802     17.57 RIGHT   4.0839E-04    -64.85  1.3338E-04    -80.51
   75.00    355.00     -7.42   -16.31    -6.89      0.0666     19.46 RIGHT   3.2588E-04    -69.47  1.1715E-04    -81.50
   80.00    355.00    -10.26   -18.80    -9.69      0.0464     20.38 RIGHT   2.3486E-04    -73.97  8.7909E-05    -82.08
   85.00    355.00    -15.08   -24.12   -14.57      0.0234     19.40 RIGHT   1.3494E-04    -78.03  4.7626E-05    -82.31
   90.00    355.00   -999.99  -999.99  -999.99      0.0000      0.00         1.0176E-14     98.78  2.9069E-15     97.78


  AVERAGE POWER GAIN:  1.3692E+00 - SOLID ANGLE USED IN AVERAGING: (+1.9722)*PI STERADIANS



  DATA CARD No:   8 EN   0     0     0     0  0.00000E+00  0.00000E+00  0.00000E+00  0.00000E+00  0.00000E+00  0.00000E+00

  TOTAL RUN TIME: 50 msec