


                               __________________________________________
                              |                                          |
                              |  NUMERICAL ELECTROMAGNETICS CODE (nec2c) |
                              |   Translated to 'C' in Double Precision  |
                              |__________________________________________|



                               ---------------- COMMENTS ----------------
                               pattern-direct-35p0-25p0-30m
                              



                               -------- STRUCTURE SPECIFICATION --------
                                     COORDINATES MUST BE INPUT IN
                                     METERS OR BE SCALED TO METERS
                                     BEFORE STRUCTURE INPUT IS ENDED

  WIRE                                                                                 SEG FIRST  LAST  TAG
   No:        X1         Y1         Z1         X2         Y2         Z2       RADIUS   No:   SEG   SEG  No:
     1    -7.62000    0.00000    0.15240   -0.01000    0.00000    0.91440    0.00024    41     1    41    1
     2    -0.01000    0.00000    0.91440    0.01000    0.00000    0.91440    0.00024     1    42    42    2
     3     0.01000    0.00000    0.91440    6.78822    0.00000    9.14400    0.00024    61    43   103    3

     TOTAL SEGMENTS USED: 103   SEGMENTS IN A SYMMETRIC CELL: 103   SYMMETRY FLAG: 0


                               ---------- SEGMENTATION DATA ----------
                                        COORDINATES IN METERS
                            I+ AND I- INDICATE THE SEGMENTS BEFORE AND AFTER I

   SEG    COORDINATES OF SEGM CENTER     SEGM    ORIENTATION ANGLES    WIRE    CONNECTION DATA   TAG
   No:       X         Y         Z      LENGTH     ALPHA      BETA    RADIUS    I-     I    I+   No:
     1   -7.5272    0.0000    0.1617    0.1865    5.7180    0.0000    0.0002     0     1     2     1
     2   -7.3416    0.0000    0.1803    0.1865    5.7180    0.0000    0.0002     1     2     3     1
     3   -7.1560    0.0000    0.1989    0.1865    5.7180    0.0000    0.0002     2     3     4     1
     4   -6.9704    0.0000    0.2174    0.1865    5.7180    0.0000    0.0002     3     4     5     1
     5   -6.7848    0.0000    0.2360    0.1865    5.7180    0.0000    0.0002     4     5     6     1
     6   -6.5991    0.0000    0.2546    0.1865    5.7180    0.0000    0.0002     5     6     7     1
     7   -6.4135    0.0000    0.2732    0.1865    5.7180    0.0000    0.0002     6     7     8     1
     8   -6.2279    0.0000    0.2918    0.1865    5.7180    0.0000    0.0002     7     8     9     1
     9   -6.0423    0.0000    0.3104    0.1865    5.7180    0.0000    0.0002     8     9    10     1
    10   -5.8567    0.0000    0.3290    0.1865    5.7180    0.0000    0.0002     9    10    11     1
    11   -5.6711    0.0000    0.3475    0.1865    5.7180    0.0000    0.0002    10    11    12     1
    12   -5.4855    0.0000    0.3661    0.1865    5.7180    0.0000    0.0002    11    12    13     1
    13   -5.2999    0.0000    0.3847    0.1865    5.7180    0.0000    0.0002    12    13    14     1
    14   -5.1143    0.0000    0.4033    0.1865    5.7180    0.0000    0.0002    13    14    15     1
    15   -4.9287    0.0000    0.4219    0.1865    5.7180    0.0000    0.0002    14    15    16     1
    16   -4.7430    0.0000    0.4405    0.1865    5.7180    0.0000    0.0002    15    16    17     1
    17   -4.5574    0.0000    0.4591    0.1865    5.7180    0.0000    0.0002    16    17    18     1
    18   -4.3718    0.0000    0.4776    0.1865    5.7180    0.0000    0.0002    17    18    19     1
    19   -4.1862    0.0000    0.4962    0.1865    5.7180    0.0000    0.0002    18    19    20     1
    20   -4.0006    0.0000    0.5148    0.1865    5.7180    0.0000    0.0002    19    20    21     1
    21   -3.8150    0.0000    0.5334    0.1865    5.7180    0.0000    0.0002    20    21    22     1
    22   -3.6294    0.0000    0.5520    0.1865    5.7180    0.0000    0.0002    21    22    23     1
    23   -3.4438    0.0000    0.5706    0.1865    5.7180    0.0000    0.0002    22    23    24     1
    24   -3.2582    0.0000    0.5892    0.1865    5.7180    0.0000    0.0002    23    24    25     1
    25   -3.0726    0.0000    0.6077    0.1865    5.7180    0.0000    0.0002    24    25    26     1
    26   -2.8870    0.0000    0.6263    0.1865    5.7180    0.0000    0.0002    25    26    27     1
    27   -2.7013    0.0000    0.6449    0.1865    5.7180    0.0000    0.0002    26    27    28     1
    28   -2.5157    0.0000    0.6635    0.1865    5.7180    0.0000    0.0002    27    28    29     1
    29   -2.3301    0.0000    0.6821    0.1865    5.7180    0.0000    0.0002    28    29    30     1
    30   -2.1445    0.0000    0.7007    0.1865    5.7180    0.0000    0.0002    29    30    31     1
    31   -1.9589    0.0000    0.7193    0.1865    5.7180    0.0000    0.0002    30    31    32     1
    32   -1.7733    0.0000    0.7378    0.1865    5.7180    0.0000    0.0002    31    32    33     1
    33   -1.5877    0.0000    0.7564    0.1865    5.7180    0.0000    0.0002    32    33    34     1
    34   -1.4021    0.0000    0.7750    0.1865    5.7180    0.0000    0.0002    33    34    35     1
    35   -1.2165    0.0000    0.7936    0.1865    5.7180    0.0000    0.0002    34    35    36     1
    36   -1.0309    0.0000    0.8122    0.1865    5.7180    0.0000    0.0002    35    36    37     1
    37   -0.8452    0.0000    0.8308    0.1865    5.7180    0.0000    0.0002    36    37    38     1
    38   -0.6596    0.0000    0.8494    0.1865    5.7180    0.0000    0.0002    37    38    39     1
    39   -0.4740    0.0000    0.8679    0.1865    5.7180    0.0000    0.0002    38    39    40     1
    40   -0.2884    0.0000    0.8865    0.1865    5.7180    0.0000    0.0002    39    40    41     1
    41   -0.1028    0.0000    0.9051    0.1865    5.7180    0.0000    0.0002    40    41    42     1
    42    0.0000    0.0000    0.9144    0.0200    0.0000    0.0000    0.0002    41    42    43     2
    43    0.0656    0.0000    0.9819    0.1748   50.5238    0.0000    0.0002    42    43    44     3
    44    0.1767    0.0000    1.1168    0.1748   50.5238    0.0000    0.0002    43    44    45     3
    45    0.2878    0.0000    1.2517    0.1748   50.5238    0.0000    0.0002    44    45    46     3
    46    0.3989    0.0000    1.3866    0.1748   50.5238    0.0000    0.0002    45    46    47     3
    47    0.5100    0.0000    1.5215    0.1748   50.5238    0.0000    0.0002    46    47    48     3
    48    0.6212    0.0000    1.6564    0.1748   50.5238    0.0000    0.0002    47    48    49     3
    49    0.7323    0.0000    1.7913    0.1748   50.5238    0.0000    0.0002    48    49    50     3
    50    0.8434    0.0000    1.9262    0.1748   50.5238    0.0000    0.0002    49    50    51     3
    51    0.9545    0.0000    2.0611    0.1748   50.5238    0.0000    0.0002    50    51    52     3
    52    1.0656    0.0000    2.1961    0.1748   50.5238    0.0000    0.0002    51    52    53     3
    53    1.1767    0.0000    2.3310    0.1748   50.5238    0.0000    0.0002    52    53    54     3
    54    1.2879    0.0000    2.4659    0.1748   50.5238    0.0000    0.0002    53    54    55     3
    55    1.3990    0.0000    2.6008    0.1748   50.5238    0.0000    0.0002    54    55    56     3
    56    1.5101    0.0000    2.7357    0.1748   50.5238    0.0000    0.0002    55    56    57     3
    57    1.6212    0.0000    2.8706    0.1748   50.5238    0.0000    0.0002    56    57    58     3
    58    1.7323    0.0000    3.0055    0.1748   50.5238    0.0000    0.0002    57    58    59     3
    59    1.8435    0.0000    3.1404    0.1748   50.5238    0.0000    0.0002    58    59    60     3
    60    1.9546    0.0000    3.2754    0.1748   50.5238    0.0000    0.0002    59    60    61     3
    61    2.0657    0.0000    3.4103    0.1748   50.5238    0.0000    0.0002    60    61    62     3
    62    2.1768    0.0000    3.5452    0.1748   50.5238    0.0000    0.0002    61    62    63     3
    63    2.2879    0.0000    3.6801    0.1748   50.5238    0.0000    0.0002    62    63    64     3
    64    2.3990    0.0000    3.8150    0.1748   50.5238    0.0000    0.0002    63    64    65     3
    65    2.5102    0.0000    3.9499    0.1748   50.5238    0.0000    0.0002    64    65    66     3
    66    2.6213    0.0000    4.0848    0.1748   50.5238    0.0000    0.0002    65    66    67     3
    67    2.7324    0.0000    4.2197    0.1748   50.5238    0.0000    0.0002    66    67    68     3
    68    2.8435    0.0000    4.3546    0.1748   50.5238    0.0000    0.0002    67    68    69     3
    69    2.9546    0.0000    4.4896    0.1748   50.5238    0.0000    0.0002    68    69    70     3
    70    3.0658    0.0000    4.6245    0.1748   50.5238    0.0000    0.0002    69    70    71     3
    71    3.1769    0.0000    4.7594    0.1748   50.5238    0.0000    0.0002    70    71    72     3
    72    3.2880    0.0000    4.8943    0.1748   50.5238    0.0000    0.0002    71    72    73     3
    73    3.3991    0.0000    5.0292    0.1748   50.5238    0.0000    0.0002    72    73    74     3
    74    3.5102    0.0000    5.1641    0.1748   50.5238    0.0000    0.0002    73    74    75     3
    75    3.6213    0.0000    5.2990    0.1748   50.5238    0.0000    0.0002    74    75    76     3
    76    3.7325    0.0000    5.4339    0.1748   50.5238    0.0000    0.0002    75    76    77     3
    77    3.8436    0.0000    5.5688    0.1748   50.5238    0.0000    0.0002    76    77    78     3
    78    3.9547    0.0000    5.7038    0.1748   50.5238    0.0000    0.0002    77    78    79     3
    79    4.0658    0.0000    5.8387    0.1748   50.5238    0.0000    0.0002    78    79    80     3
    80    4.1769    0.0000    5.9736    0.1748   50.5238    0.0000    0.0002    79    80    81     3
    81    4.2881    0.0000    6.1085    0.1748   50.5238    0.0000    0.0002    80    81    82     3
    82    4.3992    0.0000    6.2434    0.1748   50.5238    0.0000    0.0002    81    82    83     3
    83    4.5103    0.0000    6.3783    0.1748   50.5238    0.0000    0.0002    82    83    84     3
    84    4.6214    0.0000    6.5132    0.1748   50.5238    0.0000    0.0002    83    84    85     3
    85    4.7325    0.0000    6.6481    0.1748   50.5238    0.0000    0.0002    84    85    86     3
    86    4.8436    0.0000    6.7830    0.1748   50.5238    0.0000    0.0002    85    86    87     3
    87    4.9548    0.0000    6.9180    0.1748   50.5238    0.0000    0.0002    86    87    88     3
    88    5.0659    0.0000    7.0529    0.1748   50.5238    0.0000    0.0002    87    88    89     3
    89    5.1770    0.0000    7.1878    0.1748   50.5238    0.0000    0.0002    88    89    90     3
    90    5.2881    0.0000    7.3227    0.1748   50.5238    0.0000    0.0002    89    90    91     3
    91    5.3992    0.0000    7.4576    0.1748   50.5238    0.0000    0.0002    90    91    92     3
    92    5.5104    0.0000    7.5925    0.1748   50.5238    0.0000    0.0002    91    92    93     3
    93    5.6215    0.0000    7.7274    0.1748   50.5238    0.0000    0.0002    92    93    94     3
    94    5.7326    0.0000    7.8623    0.1748   50.5238    0.0000    0.0002    93    94    95     3
    95    5.8437    0.0000    7.9973    0.1748   50.5238    0.0000    0.0002    94    95    96     3
    96    5.9548    0.0000    8.1322    0.1748   50.5238    0.0000    0.0002    95    96    97     3
    97    6.0659    0.0000    8.2671    0.1748   50.5238    0.0000    0.0002    96    97    98     3
    98    6.1771    0.0000    8.4020    0.1748   50.5238    0.0000    0.0002    97    98    99     3
    99    6.2882    0.0000    8.5369    0.1748   50.5238    0.0000    0.0002    98    99   100     3
   100    6.3993    0.0000    8.6718    0.1748   50.5238    0.0000    0.0002    99   100   101     3
   101    6.5104    0.0000    8.8067    0.1748   50.5238    0.0000    0.0002   100   101   102     3
   102    6.6215    0.0000    8.9416    0.1748   50.5238    0.0000    0.0002   101   102   103     3
   103    6.7327    0.0000    9.0765    0.1748   50.5238    0.0000    0.0002   102   103     0     3



  DATA CARD No:   1 EK   0     0     0     0  0.00000E+00  0.00000E+00  0.00000E+00  0.00000E+00  0.00000E+00  0.00000E+00
  DATA CARD No:   2 LD   5     0     0     0  1.50000E+07  0.00000E+00  0.00000E+00  0.00000E+00  0.00000E+00  0.00000E+00
  DATA CARD No:   3 GN   2     0     0     0  1.30000E+01  5.00000E-03  0.00000E+00  0.00000E+00  0.00000E+00  0.00000E+00
  DATA CARD No:   4 FR   0     1     0     0  1.01200E+01  0.00000E+00  0.00000E+00  0.00000E+00  0.00000E+00  0.00000E+00
  DATA CARD No:   5 EX   0     2     1     0  1.00000E+00  0.00000E+00  0.00000E+00  0.00000E+00  0.00000E+00  0.00000E+00
  DATA CARD No:   6 PT  -1     0     0     0  0.00000E+00  0.00000E+00  0.00000E+00  0.00000E+00  0.00000E+00  0.00000E+00
  DATA CARD No:   7 RP   0    19    72  1001  0.00000E+00  0.00000E+00  5.00000E+00  5.00000E+00  1.00000E+03  0.00000E+00


                               --------- FREQUENCY --------
                                FREQUENCY : 1.0120E+01 MHz
                                WAVELENGTH: 2.9625E+01 Mtr

                        APPROXIMATE INTEGRATION EMPLOYED FOR SEGMENTS 
                        THAT ARE MORE THAN 1.000 WAVELENGTHS APART
                        THE EXTENDED THIN WIRE KERNEL WILL BE USED


                          ------ STRUCTURE IMPEDANCE LOADING ------
  LOCATION        RESISTANCE  INDUCTANCE  CAPACITANCE     IMPEDANCE (OHMS)   CONDUCTIVITY  CIRCUIT
  ITAG FROM THRU     OHMS       HENRYS      FARADS       REAL     IMAGINARY   MHOS/METER      TYPE
  ALL                                                                        1.5000E+07     WIRE  


                            -------- ANTENNA ENVIRONMENT --------
                            FINITE GROUND - SOMMERFELD SOLUTION
                            RELATIVE DIELECTRIC CONST: 13.000
                            CONDUCTIVITY:  5.000E-03 MHOS/METER
                            COMPLEX DIELECTRIC CONSTANT:  1.3000E+01-8.8814E+00j


                             ---------- MATRIX TIMING ----------
                               FILL: 10 msec  FACTOR: 0 msec


                        --------- ANTENNA INPUT PARAMETERS ---------
  TAG   SEG       VOLTAGE (VOLTS)         CURRENT (AMPS)         IMPEDANCE (OHMS)        ADMITTANCE (MHOS)     POWER
  No:   No:     REAL      IMAGINARY     REAL      IMAGINARY     REAL      IMAGINARY    REAL       IMAGINARY   (WATTS)
    2    42  1.0000E+00  0.0000E+00  6.1050E-04 -1.7107E-03  1.8504E+02  5.1851E+02  6.1050E-04 -1.7107E-03  3.0525E-04


                               ---------- POWER BUDGET ---------
                               INPUT POWER   =  3.0525E-04 Watts
                               RADIATED POWER=  2.7328E-04 Watts
                               STRUCTURE LOSS=  3.1971E-05 Watts
                               NETWORK LOSS  =  0.0000E+00 Watts
                               EFFICIENCY    =   89.53 Percent


                             ---------- RADIATION PATTERNS -----------

                             RANGE:  1.000000E+03 METERS
                             EXP(-JKR)/R:  1.00000E-03 AT PHASE: -272.10 DEGREES

 ---- ANGLES -----     ----- POWER GAINS -----       ---- POLARIZATION ----   ---- E(THETA) ----    ----- E(PHI) ------
  THETA      PHI       VERTC    HORIZ    TOTAL       AXIAL      TILT  SENSE   MAGNITUDE    PHASE    MAGNITUDE     PHASE
 DEGREES   DEGREES        DB       DB       DB       RATIO   DEGREES            VOLTS/M   DEGREES     VOLTS/M   DEGREES
    0.00      0.00     -0.33  -999.99    -0.33      0.0000     -0.00 LINEAR  1.3024E-04   -371.69  0.0000E+00   -272.10
    5.00      0.00     -0.86  -999.99    -0.86      0.0000     -0.00 LINEAR  1.2258E-04   -366.70  0.0000E+00   -272.10
   10.00      0.00     -1.50  -999.99    -1.50      0.0000      0.00 LINEAR  1.1384E-04   -361.46  0.0000E+00   -272.10
   15.00      0.00     -2.27  -999.99    -2.27      0.0000      0.00 LINEAR  1.0413E-04   -355.75  0.0000E+00   -272.10
   20.00      0.00     -3.19  -999.99    -3.19      0.0000      0.00 LINEAR  9.3672E-05   -349.30  0.0000E+00   -272.10
   25.00      0.00     -4.26  -999.99    -4.26      0.0000      0.00 LINEAR  8.2796E-05   -341.67  0.0000E+00   -272.10
   30.00      0.00     -5.47  -999.99    -5.47      0.0000      0.00 LINEAR  7.2037E-05   -332.29  0.0000E+00   -272.10
   35.00      0.00     -6.75  -999.99    -6.75      0.0000      0.00 LINEAR  6.2199E-05   -320.41  0.0000E+00   -272.10
   40.00      0.00     -7.91  -999.99    -7.91      0.0000      0.00 LINEAR  5.4407E-05   -305.38  0.0000E+00   -272.10
   45.00      0.00     -8.66  -999.99    -8.66      0.0000      0.00 LINEAR  4.9911E-05   -287.51  0.0000E+00   -272.10
   50.00      0.00     -8.76  -999.99    -8.76      0.0000      0.00 LINEAR  4.9362E-05   -268.97  0.0000E+00   -272.10
   55.00      0.00     -8.29  -999.99    -8.29      0.0000      0.00 LINEAR  5.2062E-05   -252.67  0.0000E+00   -272.10
   60.00      0.00     -7.62  -999.99    -7.62      0.0000      0.00 LINEAR  5.6257E-05   -240.06  0.0000E+00   -272.10
   65.00      0.00     -7.06  -999.99    -7.06      0.0000      0.00 LINEAR  5.9995E-05   -231.02  0.0000E+00   -272.10
   70.00      0.00     -6.85  -999.99    -6.85      0.0000      0.00 LINEAR  6.1507E-05   -224.90  0.0000E+00   -272.10
   75.00      0.00     -7.19  -999.99    -7.19      0.0000      0.00 LINEAR  5.9089E-05   -221.15  0.0000E+00   -272.10
   80.00      0.00     -8.52  -999.99    -8.52      0.0000      0.00 LINEAR  5.0716E-05   -219.54  0.0000E+00   -272.10
   85.00      0.00    -12.20  -999.99   -12.20      0.0000      0.00 LINEAR  3.3218E-05   -220.16  0.0000E+00   -272.10
   90.00      0.00   -999.99  -999.99  -999.99      0.0000      0.00         2.6483E-15   -403.75  0.0000E+00   -272.10
    0.00      5.00     -0.36   -21.52    -0.33      0.0000     -5.00 LINEAR  1.2974E-04   -371.69  1.1351E-05   -191.69
    5.00      5.00     -0.89   -21.68    -0.85      0.0047     -5.21 LEFT    1.2210E-04   -366.69  1.1147E-05   -189.68
   10.00      5.00     -1.53   -21.89    -1.49      0.0102     -5.45 LEFT    1.1339E-04   -361.44  1.0887E-05   -187.61
   15.00      5.00     -2.31   -22.14    -2.26      0.0171     -5.74 LEFT    1.0372E-04   -355.73  1.0576E-05   -185.48
   20.00      5.00     -3.23   -22.44    -3.17      0.0262     -6.07 LEFT    9.3309E-05   -349.26  1.0218E-05   -183.28
   25.00      5.00     -4.30   -22.78    -4.24      0.0390     -6.42 LEFT    8.2488E-05   -341.61  9.8178E-06   -180.99
   30.00      5.00     -5.50   -23.19    -5.43      0.0573     -6.69 LEFT    7.1793E-05   -332.21  9.3756E-06   -178.63
   35.00      5.00     -6.77   -23.65    -6.68      0.0830     -6.67 LEFT    6.2028E-05   -320.29  8.8920E-06   -176.20
   40.00      5.00     -7.93   -24.17    -7.82      0.1141     -5.90 LEFT    5.4322E-05   -305.24  8.3658E-06   -173.74
   45.00      5.00     -8.66   -24.79    -8.56      0.1395     -4.01 LEFT    4.9913E-05   -287.38  7.7941E-06   -171.27
   50.00      5.00     -8.74   -25.51    -8.65      0.1428     -1.48 LEFT    4.9436E-05   -268.89  7.1732E-06   -168.84
   55.00      5.00     -8.28   -26.37    -8.21      0.1243      0.48 LEFT    5.2178E-05   -252.67  6.4984E-06   -166.48
   60.00      5.00     -7.60   -27.41    -7.56      0.0991      1.44 LEFT    5.6389E-05   -240.13  5.7648E-06   -164.26
   65.00      5.00     -7.04   -28.70    -7.01      0.0770      1.71 LEFT    6.0127E-05   -231.14  4.9683E-06   -162.22
   70.00      5.00     -6.83   -30.36    -6.81      0.0601      1.64 LEFT    6.1629E-05   -225.05  4.1054E-06   -160.40
   75.00      5.00     -7.18   -32.59    -7.17      0.0475      1.42 LEFT    5.9196E-05   -221.32  3.1749E-06   -158.85
   80.00      5.00     -8.51   -35.86    -8.50      0.0379      1.15 LEFT    5.0801E-05   -219.72  2.1778E-06   -157.60
   85.00      5.00    -12.18   -41.66   -12.18      0.0301      0.85 LEFT    3.3271E-05   -220.35  1.1175E-06   -156.68
   90.00      5.00   -999.99  -999.99  -999.99      0.0000      0.00         2.6525E-15   -403.94  6.6871E-17   -336.09
    0.00     10.00     -0.46   -15.54    -0.33      0.0000    -10.00 LINEAR  1.2826E-04   -371.69  2.2616E-05   -191.69
    5.00     10.00     -0.99   -15.69    -0.85      0.0094    -10.42 LEFT    1.2068E-04   -366.68  2.2214E-05   -189.70
   10.00     10.00     -1.64   -15.90    -1.48      0.0203    -10.90 LEFT    1.1206E-04   -361.41  2.1701E-05   -187.66
   15.00     10.00     -2.41   -16.14    -2.23      0.0339    -11.47 LEFT    1.0250E-04   -355.67  2.1088E-05   -185.56
   20.00     10.00     -3.33   -16.44    -3.12      0.0519    -12.13 LEFT    9.2222E-05   -349.15  2.0384E-05   -183.38
   25.00     10.00     -4.40   -16.78    -4.15      0.0769    -12.82 LEFT    8.1565E-05   -341.45  1.9593E-05   -181.12
   30.00     10.00     -5.59   -17.18    -5.30      0.1126    -13.40 LEFT    7.1060E-05   -331.95  1.8718E-05   -178.79
   35.00     10.00     -6.84   -17.64    -6.50      0.1626    -13.43 LEFT    6.1521E-05   -319.94  1.7761E-05   -176.40
   40.00     10.00     -7.97   -18.16    -7.57      0.2243    -12.04 LEFT    5.4070E-05   -304.80  1.6717E-05   -173.98
   45.00     10.00     -8.66   -18.77    -8.26      0.2765     -8.27 LEFT    4.9924E-05   -286.97  1.5581E-05   -171.55
   50.00     10.00     -8.70   -19.49    -8.36      0.2842     -2.97 LEFT    4.9662E-05   -268.66  1.4345E-05   -169.15
   55.00     10.00     -8.22   -20.35    -7.96      0.2467      1.10 LEFT    5.2531E-05   -252.67  1.3000E-05   -166.84
   60.00     10.00     -7.54   -21.38    -7.36      0.1963      2.99 LEFT    5.6789E-05   -240.34  1.1536E-05   -164.65
   65.00     10.00     -6.99   -22.67    -6.87      0.1527      3.47 LEFT    6.0524E-05   -231.50  9.9446E-06   -162.64
   70.00     10.00     -6.78   -24.33    -6.70      0.1194      3.30 LEFT    6.1997E-05   -225.50  8.2191E-06   -160.85
   75.00     10.00     -7.13   -26.56    -7.08      0.0945      2.85 LEFT    5.9517E-05   -221.84  6.3572E-06   -159.32
   80.00     10.00     -8.46   -29.83    -8.43      0.0754      2.30 LEFT    5.1057E-05   -220.27  4.3611E-06   -158.08
   85.00     10.00    -12.14   -35.63   -12.12      0.0600      1.70 LEFT    3.3431E-05   -220.92  2.2379E-06   -157.17
   90.00     10.00   -999.99  -999.99  -999.99      0.0000      0.00         2.6650E-15   -404.52  1.3391E-16   -336.59
    0.00     15.00     -0.63   -12.07    -0.33      0.0000    -15.00 LINEAR  1.2580E-04   -371.69  3.3708E-05   -191.69
    5.00     15.00     -1.16   -12.22    -0.84      0.0140    -15.62 LEFT    1.1832E-04   -366.65  3.3120E-05   -189.74
   10.00     15.00     -1.81   -12.42    -1.45      0.0302    -16.34 LEFT    1.0984E-04   -361.35  3.2371E-05   -187.74
   15.00     15.00     -2.58   -12.67    -2.18      0.0503    -17.18 LEFT    1.0047E-04   -355.56  3.1474E-05   -185.68
   20.00     15.00     -3.50   -12.96    -3.03      0.0766    -18.16 LEFT    9.0416E-05   -348.97  3.0441E-05   -183.55
   25.00     15.00     -4.56   -13.29    -4.01      0.1128    -19.20 LEFT    8.0029E-05   -341.15  2.9280E-05   -181.35
   30.00     15.00     -5.74   -13.68    -5.10      0.1641    -20.13 LEFT    6.9845E-05   -331.50  2.7994E-05   -179.07
   35.00     15.00     -6.96   -14.13    -6.20      0.2358    -20.36 LEFT    6.0682E-05   -319.32  2.6581E-05   -176.74
   40.00     15.00     -8.03   -14.65    -7.18      0.3263    -18.65 LEFT    5.3662E-05   -304.05  2.5037E-05   -174.37
   45.00     15.00     -8.65   -15.26    -7.79      0.4079    -13.09 LEFT    4.9957E-05   -286.27  2.3352E-05   -172.01
   50.00     15.00     -8.64   -15.97    -7.90      0.4229     -4.47 LEFT    5.0050E-05   -268.25  2.1513E-05   -169.67
   55.00     15.00     -8.12   -16.82    -7.57      0.3655      2.01 LEFT    5.3128E-05   -252.67  1.9507E-05   -167.42
   60.00     15.00     -7.44   -17.85    -7.06      0.2898      4.74 LEFT    5.7463E-05   -240.68  1.7319E-05   -165.28
   65.00     15.00     -6.89   -19.14    -6.64      0.2256      5.33 LEFT    6.1195E-05   -232.08  1.4935E-05   -163.32
   70.00     15.00     -6.69   -20.79    -6.53      0.1769      4.98 LEFT    6.2620E-05   -226.24  1.2348E-05   -161.58
   75.00     15.00     -7.05   -23.02    -6.94      0.1404      4.27 LEFT    6.0061E-05   -222.68  9.5532E-06   -160.08
   80.00     15.00     -8.39   -26.29    -8.32      0.1123      3.43 LEFT    5.1490E-05   -221.18  6.5546E-06   -158.87
   85.00     15.00    -12.07   -32.09   -12.03      0.0894      2.54 LEFT    3.3702E-05   -221.86  3.3639E-06   -157.97
   90.00     15.00   -999.99  -999.99  -999.99      0.0000      0.00         2.6864E-15   -405.48  2.0132E-16   -337.40
    0.00     20.00     -0.87    -9.65    -0.33      0.0000    -20.00 LINEAR  1.2238E-04   -371.69  4.4544E-05   -191.69
    5.00     20.00     -1.41    -9.80    -0.82      0.0184    -20.82 LEFT    1.1504E-04   -366.62  4.3788E-05   -189.80
   10.00     20.00     -2.06    -9.99    -1.41      0.0398    -21.76 LEFT    1.0675E-04   -361.26  4.2824E-05   -187.85
   15.00     20.00     -2.83   -10.23    -2.11      0.0659    -22.87 LEFT    9.7632E-05   -355.38  4.1669E-05   -185.86
   20.00     20.00     -3.75   -10.51    -2.92      0.0998    -24.15 LEFT    8.7897E-05   -348.67  4.0336E-05   -183.79
   25.00     20.00     -4.80   -10.84    -3.83      0.1459    -25.55 LEFT    7.7887E-05   -340.69  3.8834E-05   -181.66
   30.00     20.00     -5.96   -11.22    -4.82      0.2103    -26.86 LEFT    6.8154E-05   -330.83  3.7164E-05   -179.46
   35.00     20.00     -7.13   -11.66    -5.82      0.2998    -27.49 LEFT    5.9526E-05   -318.39  3.5324E-05   -177.20
   40.00     20.00     -8.12   -12.17    -6.68      0.4158    -25.93 LEFT    5.3117E-05   -302.96  3.3305E-05   -174.92
   45.00     20.00     -8.64   -12.77    -7.22      0.5300    -18.97 LEFT    5.0030E-05   -285.27  3.1093E-05   -172.64
   50.00     20.00     -8.54   -13.48    -7.33      0.5576     -5.98 LEFT    5.0617E-05   -267.68  2.8670E-05   -170.38
   55.00     20.00     -7.98   -14.32    -7.07      0.4783      3.47 LEFT    5.3982E-05   -252.65  2.6016E-05   -168.21
   60.00     20.00     -7.29   -15.35    -6.66      0.3775      6.83 LEFT    5.8426E-05   -241.14  2.3114E-05   -166.16
   65.00     20.00     -6.76   -16.63    -6.33      0.2944      7.31 LEFT    6.2153E-05   -232.87  1.9944E-05   -164.26
   70.00     20.00     -6.57   -18.28    -6.28      0.2318      6.70 LEFT    6.3510E-05   -227.26  1.6496E-05   -162.58
   75.00     20.00     -6.94   -20.50    -6.75      0.1847      5.69 LEFT    6.0840E-05   -223.84  1.2767E-05   -161.13
   80.00     20.00     -8.29   -23.77    -8.17      0.1482      4.54 LEFT    5.2112E-05   -222.43  8.7619E-06   -159.96
   85.00     20.00    -11.97   -29.57   -11.90      0.1183      3.35 LEFT    3.4091E-05   -223.16  4.4973E-06   -159.08
   90.00     20.00   -999.99  -999.99  -999.99      0.0000      0.00         2.7169E-15   -406.79  2.6914E-16   -338.52
    0.00     25.00     -1.18    -7.81    -0.33      0.0000    -25.00 LINEAR  1.1804E-04   -371.69  5.5041E-05   -191.69
    5.00     25.00     -1.73    -7.95    -0.80      0.0227    -26.01 LEFT    1.1085E-04   -366.56  5.4140E-05   -189.86
   10.00     25.00     -2.38    -8.14    -1.36      0.0489    -27.17 LEFT    1.0281E-04   -361.12  5.2990E-05   -187.99
   15.00     25.00     -3.16    -8.37    -2.02      0.0806    -28.53 LEFT    9.4012E-05   -355.13  5.1609E-05   -186.07
   20.00     25.00     -4.07    -8.64    -2.77      0.1213    -30.09 LEFT    8.4676E-05   -348.25  5.0012E-05   -184.09
   25.00     25.00     -5.11    -8.96    -3.61      0.1756    -31.84 LEFT    7.5152E-05   -340.03  4.8205E-05   -182.05
   30.00     25.00     -6.23    -9.33    -4.50      0.2501    -33.58 LEFT    6.6003E-05   -329.87  4.6190E-05   -179.94
   35.00     25.00     -7.35    -9.76    -5.38      0.3528    -34.80 LEFT    5.8075E-05   -317.10  4.3957E-05   -177.79
   40.00     25.00     -8.23   -10.26    -6.12      0.4885    -34.00 LEFT    5.2466E-05   -301.46  4.1496E-05   -175.61
   45.00     25.00     -8.62   -10.85    -6.58      0.6371    -26.70 LEFT    5.0176E-05   -283.95  3.8785E-05   -173.43
   50.00     25.00     -8.41   -11.55    -6.69      0.6871     -7.47 LEFT    5.1387E-05   -266.94  3.5801E-05   -171.28
   55.00     25.00     -7.80   -12.38    -6.50      0.5821      5.87 LEFT    5.5111E-05   -252.62  3.2520E-05   -169.21
   60.00     25.00     -7.11   -13.40    -6.19      0.4569      9.37 LEFT    5.9691E-05   -241.71  2.8916E-05   -167.25
   65.00     25.00     -6.58   -14.68    -5.96      0.3575      9.46 LEFT    6.3414E-05   -233.86  2.4969E-05   -165.44
   70.00     25.00     -6.41   -16.32    -5.99      0.2831      8.46 LEFT    6.4684E-05   -228.53  2.0665E-05   -163.83
   75.00     25.00     -6.80   -18.54    -6.51      0.2268      7.09 LEFT    6.1869E-05   -225.30  1.6000E-05   -162.44
   80.00     25.00     -8.15   -21.81    -7.97      0.1827      5.63 LEFT    5.2934E-05   -224.01  1.0984E-05   -161.31
   85.00     25.00    -11.84   -27.60   -11.73      0.1461      4.12 LEFT    3.4607E-05   -224.80  5.6389E-06   -160.46
   90.00     25.00   -999.99  -999.99  -999.99      0.0000      0.00         2.7573E-15   -408.45  3.3746E-16   -339.91
    0.00     30.00     -1.58    -6.35    -0.33      0.0000    -30.00 LINEAR  1.1279E-04   -371.69  6.5119E-05   -191.69
    5.00     30.00     -2.14    -6.49    -0.78      0.0268    -31.19 LEFT    1.0580E-04   -366.48  6.4100E-05   -189.95
   10.00     30.00     -2.80    -6.67    -1.30      0.0575    -32.55 LEFT    9.8038E-05   -360.92  6.2796E-05   -188.16
   15.00     30.00     -3.58    -6.89    -1.91      0.0943    -34.14 LEFT    8.9626E-05   -354.76  6.1228E-05   -186.34
   20.00     30.00     -4.48    -7.15    -2.60      0.1407    -35.97 LEFT    8.0771E-05   -347.65  5.9409E-05   -184.45
   25.00     30.00     -5.50    -7.46    -3.36      0.2015    -38.04 LEFT    7.1840E-05   -339.12  5.7341E-05   -182.51
   30.00     30.00     -6.58    -7.81    -4.14      0.2832    -40.23 LEFT    6.3418E-05   -328.54  5.5023E-05   -180.52
   35.00     30.00     -7.60    -8.23    -4.90      0.3938    -42.17 LEFT    5.6366E-05   -315.35  5.2441E-05   -178.49
   40.00     30.00     -8.35    -8.72    -5.52      0.5412    -42.75 LEFT    5.1753E-05   -299.51  4.9576E-05   -176.43
   45.00     30.00     -8.57    -9.29    -5.91      0.7198    -37.40 LEFT    5.0435E-05   -282.27  4.6401E-05   -174.37
   50.00     30.00     -8.24    -9.98    -6.01      0.8104     -8.80 LEFT    5.2389E-05   -266.01  4.2887E-05   -172.35
   55.00     30.00     -7.58   -10.80    -5.89      0.6724      9.87 LEFT    5.6535E-05   -252.56  3.9002E-05   -170.39
   60.00     30.00     -6.88   -11.81    -5.67      0.5257     12.47 LEFT    6.1276E-05   -242.36  3.4715E-05   -168.54
   65.00     30.00     -6.37   -13.08    -5.53      0.4138     11.78 LEFT    6.4994E-05   -235.03  3.0002E-05   -166.84
   70.00     30.00     -6.21   -14.72    -5.64      0.3301     10.24 LEFT    6.6159E-05   -230.04  2.4847E-05   -165.31
   75.00     30.00     -6.62   -16.94    -6.23      0.2661      8.47 LEFT    6.3166E-05   -227.04  1.9249E-05   -163.99
   80.00     30.00     -7.98   -20.20    -7.73      0.2154      6.66 LEFT    5.3974E-05   -225.88  1.3219E-05   -162.92
   85.00     30.00    -11.68   -25.99   -11.52      0.1728      4.86 LEFT    3.5258E-05   -226.76  6.7879E-06   -162.10
   90.00     30.00   -999.99  -999.99  -999.99      0.0000      0.00         2.8086E-15   -410.43  4.0626E-16   -341.57
    0.00     35.00     -2.06    -5.16    -0.33      0.0000    -35.00 LINEAR  1.0668E-04   -371.69  7.4701E-05   -191.69
    5.00     35.00     -2.63    -5.29    -0.75      0.0307    -36.36 LEFT    9.9906E-05   -366.36  7.3594E-05   -190.04
   10.00     35.00     -3.30    -5.46    -1.24      0.0655    -37.91 LEFT    9.2473E-05   -360.64  7.2175E-05   -188.36
   15.00     35.00     -4.09    -5.67    -1.80      0.1067    -39.70 LEFT    8.4499E-05   -354.25  7.0462E-05   -186.64
   20.00     35.00     -4.99    -5.92    -2.42      0.1579    -41.78 LEFT    7.6207E-05   -346.82  6.8465E-05   -184.87
   25.00     35.00     -5.98    -6.21    -3.08      0.2234    -44.15 LEFT    6.7983E-05   -337.85  6.6186E-05   -183.05
   30.00     35.00     -7.00    -6.55    -3.76      0.3094    -46.78 LEFT    6.0439E-05   -326.75  6.3613E-05   -181.19
   35.00     35.00     -7.90    -6.96    -4.39      0.4232    -49.49 LEFT    5.4456E-05   -313.06  6.0729E-05   -179.29
   40.00     35.00     -8.47    -7.43    -4.91      0.5731    -51.79 LEFT    5.1043E-05   -297.03  5.7504E-05   -177.37
   45.00     35.00     -8.50    -7.99    -5.23      0.7653    -51.42 LEFT    5.0861E-05   -280.24  5.3907E-05   -175.45
   50.00     35.00     -8.03    -8.66    -5.33      0.9265     -8.95 LEFT    5.3656E-05   -264.91  4.9897E-05   -173.56
   55.00     35.00     -7.32    -9.48    -5.25      0.7422     16.33 LEFT    5.8276E-05   -252.47  4.5436E-05   -171.74
   60.00     35.00     -6.61   -10.48    -5.12      0.5814     16.17 LEFT    6.3198E-05   -243.08  4.0489E-05   -170.02
   65.00     35.00     -6.12   -11.74    -5.06      0.4620     14.24 LEFT    6.6911E-05   -236.33  3.5026E-05   -168.42
   70.00     35.00     -5.98   -13.37    -5.25      0.3720     12.01 LEFT    6.7954E-05   -231.75  2.9032E-05   -166.99
   75.00     35.00     -6.40   -15.58    -5.91      0.3022      9.79 LEFT    6.4749E-05   -229.01  2.2504E-05   -165.76
   80.00     35.00     -7.78   -18.84    -7.45      0.2459      7.64 LEFT    5.5244E-05   -228.02  1.5462E-05   -164.74
   85.00     35.00    -11.49   -24.63   -11.28      0.1979      5.53 LEFT    3.6057E-05   -228.99  7.9414E-06   -163.95
   90.00     35.00   -999.99  -999.99  -999.99      0.0000      0.00         2.8713E-15   -412.70  4.7537E-16   -343.43
    0.00     40.00     -2.65    -4.17    -0.33      0.0000    -40.00 LINEAR  9.9768E-05   -371.69  8.3715E-05   -191.69
    5.00     40.00     -3.23    -4.29    -0.72      0.0343    -41.52 LEFT    9.3221E-05   -366.19  8.2553E-05   -190.15
   10.00     40.00     -3.92    -4.45    -1.17      0.0728    -43.24 LEFT    8.6147E-05   -360.24  8.1056E-05   -188.58
   15.00     40.00     -4.71    -4.65    -1.67      0.1179    -45.22 LEFT    7.8667E-05   -353.53  7.9243E-05   -186.98
   20.00     40.00     -5.60    -4.88    -2.21      0.1728    -47.50 LEFT    7.1021E-05   -345.67  7.7119E-05   -185.34
   25.00     40.00     -6.55    -5.16    -2.79      0.2415    -50.14 LEFT    6.3626E-05   -336.12  7.4678E-05   -183.66
   30.00     40.00     -7.49    -5.49    -3.36      0.3293    -53.16 LEFT    5.7132E-05   -324.34  7.1903E-05   -181.93
   35.00     40.00     -8.23    -5.88    -3.89      0.4422    -56.59 LEFT    5.2428E-05   -310.08  6.8766E-05   -180.18
   40.00     40.00     -8.57    -6.34    -4.30      0.5868    -60.55 LEFT    5.0419E-05   -293.98  6.5231E-05   -178.41
   45.00     40.00     -8.39    -6.88    -4.56      0.7690    -65.94 LEFT    5.1516E-05   -277.84  6.1254E-05   -176.65
   50.00     40.00     -7.78    -7.54    -4.65      0.9650     70.77 LEFT    5.5227E-05   -263.65  5.6788E-05   -174.91
   55.00     40.00     -7.01    -8.34    -4.61      0.7822     25.45 LEFT    6.0355E-05   -252.34  5.1786E-05   -173.24
   60.00     40.00     -6.30    -9.33    -4.55      0.6222     20.34 LEFT    6.5473E-05   -243.85  4.6206E-05   -171.65
   65.00     40.00     -5.83   -10.58    -4.57      0.5013     16.78 LEFT    6.9180E-05   -237.75  4.0016E-05   -170.18
   70.00     40.00     -5.71   -12.20    -4.83      0.4083     13.76 LEFT    7.0083E-05   -233.61  3.3196E-05   -168.85
   75.00     40.00     -6.15   -14.41    -5.55      0.3345     11.04 LEFT    6.6632E-05   -231.18  2.5750E-05   -167.70
   80.00     40.00     -7.54   -17.67    -7.14      0.2737      8.53 LEFT    5.6760E-05   -230.39  1.7701E-05   -166.75
   85.00     40.00    -11.26   -23.45   -11.00      0.2211      6.13 LEFT    3.7010E-05   -231.46  9.0940E-06   -166.00
   90.00     40.00   -999.99  -999.99  -999.99      0.0000      0.00         2.9463E-15   -415.20  5.4441E-16   -345.49
    0.00     45.00     -3.34    -3.34    -0.33      0.0000    -45.00 LINEAR  9.2092E-05   -371.69  9.2092E-05   -191.69
    5.00     45.00     -3.96    -3.45    -0.69      0.0376    -46.66 LEFT    8.5789E-05   -365.95  9.0908E-05   -190.27
   10.00     45.00     -4.66    -3.60    -1.09      0.0794    -48.53 LEFT    7.9104E-05   -359.68  8.9375E-05   -188.83
   15.00     45.00     -5.46    -3.78    -1.53      0.1277    -50.67 LEFT    7.2173E-05   -352.52  8.7506E-05   -187.36
   20.00     45.00     -6.33    -4.01    -2.00      0.1854    -53.13 LEFT    6.5266E-05   -344.05  8.5303E-05   -185.86
   25.00     45.00     -7.23    -4.27    -2.49      0.2560    -55.99 LEFT    5.8842E-05   -333.74  8.2752E-05   -184.32
   30.00     45.00     -8.04    -4.58    -2.97      0.3437    -59.34 LEFT    5.3596E-05   -321.13  7.9827E-05   -182.75
   35.00     45.00     -8.58    -4.95    -3.39      0.4528    -63.36 LEFT    5.0401E-05   -306.29  7.6491E-05   -181.16
   40.00     45.00     -8.65    -5.39    -3.71      0.5870    -68.62 LEFT    4.9992E-05   -290.31  7.2695E-05   -179.55
   45.00     45.00     -8.23    -5.93    -3.91      0.7456    -77.53 LEFT    5.2474E-05   -275.11  6.8387E-05   -177.95
   50.00     45.00     -7.49    -6.57    -3.99      0.8797     72.86 LEFT    5.7140E-05   -262.24  6.3508E-05   -176.38
   55.00     45.00     -6.67    -7.36    -3.99      0.7889     35.07 LEFT    6.2790E-05   -252.17  5.8004E-05   -174.86
   60.00     45.00     -5.96    -8.33    -3.98      0.6477     24.65 LEFT    6.8111E-05   -244.65  5.1824E-05   -173.41
   65.00     45.00     -5.50    -9.57    -4.07      0.5316     19.29 LEFT    7.1807E-05   -239.25  4.4933E-05   -172.07
   70.00     45.00     -5.41   -11.19    -4.39      0.4386     15.41 LEFT    7.2554E-05   -235.60  3.7311E-05   -170.86
   75.00     45.00     -5.87   -13.39    -5.16      0.3627     12.19 LEFT    6.8825E-05   -233.50  2.8964E-05   -169.80
   80.00     45.00     -7.28   -16.64    -6.80      0.2986      9.32 LEFT    5.8529E-05   -232.93  1.9920E-05   -168.91
   85.00     45.00    -11.00   -22.42   -10.70      0.2421      6.64 LEFT    3.8125E-05   -234.12  1.0238E-05   -168.20
   90.00     45.00   -999.99  -999.99  -999.99      0.0000      0.00         3.0341E-15   -417.90  6.1293E-16   -347.71
    0.00     50.00     -4.17    -2.65    -0.33      0.0000    -50.00 LINEAR  8.3715E-05   -371.69  9.9768E-05   -191.69
    5.00     50.00     -4.82    -2.75    -0.65      0.0406    -51.80 LEFT    7.7664E-05   -365.62  9.8595E-05   -190.40
   10.00     50.00     -5.55    -2.88    -1.01      0.0853    -53.79 LEFT    7.1398E-05   -358.88  9.7065E-05   -189.10
   15.00     50.00     -6.36    -3.05    -1.39      0.1362    -56.06 LEFT    6.5079E-05   -351.09  9.5187E-05   -187.77
   20.00     50.00     -7.21    -3.26    -1.79      0.1959    -58.67 LEFT    5.9020E-05   -341.78  9.2953E-05   -186.42
   25.00     50.00     -8.02    -3.51    -2.19      0.2672    -61.71 LEFT    5.3742E-05   -330.45  9.0342E-05   -185.04
   30.00     50.00     -8.65    -3.80    -2.57      0.3533    -65.30 LEFT    4.9981E-05   -316.87  8.7319E-05   -183.63
   35.00     50.00     -8.90    -4.16    -2.90      0.4569    -69.75 LEFT    4.8541E-05   -301.56  8.3834E-05   -182.21
   40.00     50.00     -8.66    -4.58    -3.15      0.5789    -75.81 LEFT    4.9893E-05   -286.04  7.9829E-05   -180.77
   45.00     50.00     -8.01    -5.10    -3.30      0.7127    -85.99 LEFT    5.3812E-05   -272.10  7.5238E-05   -179.35
   50.00     50.00     -7.14    -5.72    -3.37      0.8130     71.30 LEFT    5.9430E-05   -260.72  6.9992E-05   -177.94
   55.00     50.00     -6.29    -6.50    -3.38      0.7719     42.26 LEFT    6.5595E-05   -251.97  6.4027E-05   -176.58
   60.00     50.00     -5.59    -7.46    -3.41      0.6595     28.64 LEFT    7.1114E-05   -245.46  5.7287E-05   -175.29
   65.00     50.00     -5.15    -8.69    -3.56      0.5531     21.64 LEFT    7.4794E-05   -240.80  4.9729E-05   -174.08
   70.00     50.00     -5.08   -10.30    -3.94      0.4628     16.92 LEFT    7.5369E-05   -237.67  4.1335E-05   -172.98
   75.00     50.00     -5.56   -12.49    -4.76      0.3864     13.20 LEFT    7.1329E-05   -235.93  3.2112E-05   -172.02
   80.00     50.00     -6.98   -15.74    -6.44      0.3202     10.00 LEFT    6.0554E-05   -235.59  2.2098E-05   -171.19
   85.00     50.00    -10.71   -21.52   -10.37      0.2605      7.07 LEFT    3.9403E-05   -236.92  1.1361E-05   -170.53
   90.00     50.00   -999.99  -999.99  -999.99      0.0000      0.00         3.1346E-15   -420.75  6.8027E-16   -350.05
    0.00     55.00     -5.16    -2.06    -0.33      0.0000    -55.00 LINEAR  7.4701E-05   -371.69  1.0668E-04   -191.69
    5.00     55.00     -5.86    -2.16    -0.61      0.0433    -56.91 LEFT    6.8907E-05   -365.13  1.0556E-04   -190.54
   10.00     55.00     -6.63    -2.28    -0.92      0.0904    -59.02 LEFT    6.3093E-05   -357.71  1.0407E-04   -189.38
   15.00     55.00     -7.44    -2.43    -1.24      0.1433    -61.39 LEFT    5.7464E-05   -349.01  1.0222E-04   -188.21
   20.00     55.00     -8.24    -2.63    -1.57      0.2042    -64.11 LEFT    5.2401E-05   -338.53  9.9999E-05   -187.02
   25.00     55.00     -8.91    -2.86    -1.89      0.2754    -67.27 LEFT    4.8500E-05   -325.90  9.7376E-05   -185.80
   30.00     55.00     -9.27    -3.13    -2.19      0.3590    -71.04 LEFT    4.6508E-05   -311.28  9.4303E-05   -184.57
   35.00     55.00     -9.17    -3.47    -2.44      0.4563    -75.75 LEFT    4.7059E-05   -295.80  9.0719E-05   -183.32
   40.00     55.00     -8.60    -3.88    -2.62      0.5662    -82.20 LEFT    5.0269E-05   -281.23  8.6554E-05   -182.06
   45.00     55.00     -7.72    -4.38    -2.73      0.6793     87.56 LEFT    5.5605E-05   -268.88  8.1729E-05   -180.81
   50.00     55.00     -6.76    -4.99    -2.77      0.7597     69.27 LEFT    6.2128E-05   -259.14  7.6165E-05   -179.58
   55.00     55.00     -5.88    -5.75    -2.80      0.7446     46.46 LEFT    6.8777E-05   -251.74  6.9785E-05   -178.38
   60.00     55.00     -5.18    -6.70    -2.87      0.6603     31.92 LEFT    7.4478E-05   -246.27  6.2527E-05   -177.24
   65.00     55.00     -4.77    -7.92    -3.05      0.5665     23.71 LEFT    7.8131E-05   -242.36  5.4344E-05   -176.17
   70.00     55.00     -4.73    -9.52    -3.48      0.4810     18.24 LEFT    7.8516E-05   -239.78  4.5217E-05   -175.20
   75.00     55.00     -5.22   -11.71    -4.34      0.4055     14.06 LEFT    7.4134E-05   -238.42  3.5156E-05   -174.32
   80.00     55.00     -6.66   -14.95    -6.06      0.3382     10.55 LEFT    6.2828E-05   -238.34  2.4206E-05   -173.57
   85.00     55.00    -10.40   -20.72   -10.02      0.2760      7.40 LEFT    4.0840E-05   -239.81  1.2448E-05   -172.95
   90.00     55.00   -999.99  -999.99  -999.99      0.0000      0.00         3.2478E-15   -423.68  7.4550E-16   -352.48
    0.00     60.00     -6.35    -1.58    -0.33      0.0000    -60.00 LINEAR  6.5119E-05   -371.69  1.1279E-04   -191.69
    5.00     60.00     -7.12    -1.66    -0.57      0.0456    -62.01 LEFT    5.9586E-05   -364.41  1.1174E-04   -190.69
   10.00     60.00     -7.93    -1.77    -0.83      0.0947    -64.21 LEFT    5.4269E-05   -355.98  1.1032E-04   -189.69
   15.00     60.00     -8.74    -1.91    -1.09      0.1491    -66.66 LEFT    4.9448E-05   -345.93  1.0854E-04   -188.67
   20.00     60.00     -9.45    -2.09    -1.36      0.2106    -69.45 LEFT    4.5599E-05   -333.80  1.0638E-04   -187.65
   25.00     60.00     -9.88    -2.30    -1.60      0.2810    -72.69 LEFT    4.3388E-05   -319.57  1.0378E-04   -186.60
   30.00     60.00     -9.86    -2.56    -1.82      0.3615    -76.55 LEFT    4.3488E-05   -304.09  1.0070E-04   -185.55
   35.00     60.00     -9.33    -2.88    -2.00      0.4525    -81.39 LEFT    4.6210E-05   -289.06  9.7067E-05   -184.48
   40.00     60.00     -8.43    -3.28    -2.12      0.5514    -87.93 LEFT    5.1266E-05   -276.01  9.2788E-05   -183.40
   45.00     60.00     -7.37    -3.76    -2.19      0.6484     82.29 LEFT    5.7919E-05   -265.56  8.7776E-05   -182.33
   50.00     60.00     -6.33    -4.36    -2.22      0.7161     67.01 LEFT    6.5256E-05   -257.53  8.1940E-05   -181.28
   55.00     60.00     -5.44    -5.10    -2.26      0.7150     48.44 LEFT    7.2333E-05   -251.50  7.5195E-05   -180.25
   60.00     60.00     -4.76    -6.04    -2.35      0.6535     34.30 LEFT    7.8188E-05   -247.06  6.7468E-05   -179.26
   65.00     60.00     -4.37    -7.25    -2.57      0.5730     25.37 LEFT    8.1794E-05   -243.92  5.8709E-05   -178.33
   70.00     60.00     -4.35    -8.84    -3.03      0.4935     19.32 LEFT    8.1972E-05   -241.90  4.8897E-05   -177.48
   75.00     60.00     -4.87   -11.02    -3.93      0.4200     14.75 LEFT    7.7218E-05   -240.93  3.8046E-05   -176.70
   80.00     60.00     -6.32   -14.26    -5.67      0.3523     10.97 LEFT    6.5330E-05   -241.11  2.6210E-05   -176.02
   85.00     60.00    -10.07   -20.03    -9.66      0.2885      7.63 LEFT    4.2423E-05   -242.73  1.3484E-05   -175.44
   90.00     60.00   -999.99  -999.99  -999.99      0.0000      0.00         3.3726E-15   -426.65  8.0759E-16   -354.98
    0.00     65.00     -7.81    -1.18    -0.33      0.0000    -65.00 LINEAR  5.5041E-05   -371.69  1.1804E-04   -191.69
    5.00     65.00     -8.68    -1.25    -0.53      0.0475    -67.09 LEFT    4.9777E-05   -363.29  1.1709E-04   -190.85
   10.00     65.00     -9.55    -1.35    -0.74      0.0982    -69.36 LEFT    4.5038E-05   -353.28  1.1578E-04   -190.00
   15.00     65.00    -10.32    -1.48    -0.95      0.1536    -71.87 LEFT    4.1221E-05   -341.16  1.1410E-04   -189.16
   20.00     65.00    -10.82    -1.64    -1.14      0.2152    -74.70 LEFT    3.8927E-05   -326.76  1.1202E-04   -188.30
   25.00     65.00    -10.84    -1.84    -1.32      0.2842    -77.96 LEFT    3.8830E-05   -310.84  1.0949E-04   -187.44
   30.00     65.00    -10.30    -2.08    -1.47      0.3615    -81.86 LEFT    4.1325E-05   -295.19  1.0644E-04   -186.56
   35.00     65.00     -9.32    -2.39    -1.59      0.4464    -86.71 LEFT    4.6254E-05   -281.54  1.0279E-04   -185.68
   40.00     65.00     -8.14    -2.76    -1.66      0.5359     86.85 LEFT    5.3008E-05   -270.61  9.8442E-05   -184.79
   45.00     65.00     -6.95    -3.23    -1.69      0.6205     77.70 LEFT    6.0801E-05   -262.25  9.3288E-05   -183.90
   50.00     65.00     -5.87    -3.81    -1.71      0.6795     64.59 LEFT    6.8821E-05   -255.95  8.7228E-05   -183.02
   55.00     65.00     -4.98    -4.55    -1.75      0.6862     49.00 LEFT    7.6249E-05   -251.26  8.0166E-05   -182.16
   60.00     65.00     -4.33    -5.48    -1.85      0.6418     35.79 LEFT    8.2215E-05   -247.84  7.2023E-05   -181.33
   65.00     65.00     -3.96    -6.67    -2.10      0.5736     26.59 LEFT    8.5751E-05   -245.45  6.2744E-05   -180.54
   70.00     65.00     -3.97    -8.25    -2.59      0.5007     20.14 LEFT    8.5698E-05   -243.98  5.2307E-05   -179.80
   75.00     65.00     -4.50   -10.43    -3.52      0.4300     15.25 LEFT    8.0544E-05   -243.42  4.0729E-05   -179.12
   80.00     65.00     -5.97   -13.66    -5.29      0.3627     11.26 LEFT    6.8032E-05   -243.87  2.8074E-05   -178.51
   85.00     65.00     -9.73   -19.43    -9.29      0.2977      7.78 LEFT    4.4133E-05   -245.65  1.4447E-05   -177.98
   90.00     65.00   -999.99  -999.99  -999.99      0.0000      0.00         3.5074E-15   -429.62  8.6536E-16   -357.54
    0.00     70.00     -9.65    -0.87    -0.33      0.0000    -70.00 LINEAR  4.4544E-05   -371.69  1.2238E-04   -191.69
    5.00     70.00    -10.68    -0.93    -0.49      0.0490    -72.16 LEFT    3.9571E-05   -361.45  1.2156E-04   -191.01
   10.00     70.00    -11.60    -1.01    -0.65      0.1008    -74.47 LEFT    3.5568E-05   -348.78  1.2038E-04   -190.33
   15.00     70.00    -12.22    -1.13    -0.80      0.1568    -77.01 LEFT    3.3125E-05   -333.40  1.1883E-04   -189.66
   20.00     70.00    -12.27    -1.27    -0.94      0.2180    -79.85 LEFT    3.2941E-05   -316.14  1.1686E-04   -188.98
   25.00     70.00    -11.63    -1.45    -1.06      0.2854    -83.11 LEFT    3.5442E-05   -299.26  1.1443E-04   -188.29
   30.00     70.00    -10.48    -1.68    -1.15      0.3593    -86.98 LEFT    4.0466E-05   -284.86  1.1144E-04   -187.60
   35.00     70.00     -9.11    -1.97    -1.20      0.4387     88.23 LEFT    4.7414E-05   -273.65  1.0781E-04   -186.90
   40.00     70.00     -7.73    -2.33    -1.23      0.5202     82.00 LEFT    5.5578E-05   -265.27  1.0343E-04   -186.20
   45.00     70.00     -6.46    -2.79    -1.24      0.5952     73.51 LEFT    6.4271E-05   -259.05  9.8171E-05   -185.49
   50.00     70.00     -5.38    -3.36    -1.24      0.6478     62.03 LEFT    7.2816E-05   -254.43  9.1932E-05   -184.79
   55.00     70.00     -4.51    -4.08    -1.28      0.6590     48.62 LEFT    8.0499E-05   -251.03  8.4605E-05   -184.10
   60.00     70.00     -3.88    -5.00    -1.39      0.6269     36.49 LEFT    8.6522E-05   -248.58  7.6103E-05   -183.42
   65.00     70.00     -3.54    -6.19    -1.66      0.5694     27.34 LEFT    8.9952E-05   -246.94  6.6367E-05   -182.77
   70.00     70.00     -3.57    -7.76    -2.17      0.5030     20.67 LEFT    8.9643E-05   -246.02  5.5375E-05   -182.14
   75.00     70.00     -4.13    -9.93    -3.12      0.4355     15.57 LEFT    8.4063E-05   -245.86  4.3147E-05   -181.56
   80.00     70.00     -5.61   -13.15    -4.91      0.3691     11.43 LEFT    7.0889E-05   -246.57  2.9754E-05   -181.02
   85.00     70.00     -9.38   -18.92    -8.92      0.3038      7.85 LEFT    4.5943E-05   -248.51  1.5316E-05   -180.53
   90.00     70.00   -999.99  -999.99  -999.99      0.0000      0.00         3.6500E-15   -432.54  9.1753E-16   -360.10
    0.00     75.00    -12.07    -0.63    -0.33      0.0000    -75.00 LINEAR  3.3708E-05   -371.69  1.2580E-04   -191.69
    5.00     75.00    -13.35    -0.68    -0.45      0.0502    -77.21 LEFT    2.9094E-05   -358.07  1.2512E-04   -191.18
   10.00     75.00    -14.26    -0.75    -0.56      0.1027    -79.55 LEFT    2.6196E-05   -340.48  1.2409E-04   -190.67
   15.00     75.00    -14.37    -0.85    -0.66      0.1587    -82.09 LEFT    2.5874E-05   -320.11  1.2269E-04   -190.17
   20.00     75.00    -13.50    -0.98    -0.74      0.2192    -84.91 LEFT    2.8585E-05   -300.65  1.2086E-04   -189.67
   25.00     75.00    -12.00    -1.15    -0.81      0.2848    -88.14 LEFT    3.3971E-05   -285.14  1.1854E-04   -189.17
   30.00     75.00    -10.31    -1.36    -0.84      0.3554     88.05 LEFT    4.1278E-05   -273.89  1.1564E-04   -188.66
   35.00     75.00     -8.68    -1.64    -0.85      0.4298     83.39 LEFT    4.9811E-05   -265.91  1.1205E-04   -188.15
   40.00     75.00     -7.21    -1.98    -0.84      0.5044     77.43 LEFT    5.9001E-05   -260.20  1.0766E-04   -187.63
   45.00     75.00     -5.93    -2.42    -0.82      0.5720     69.56 LEFT    6.8322E-05   -256.05  1.0233E-04   -187.10
   50.00     75.00     -4.87    -2.98    -0.82      0.6196     59.36 LEFT    7.7216E-05   -253.02  9.5960E-05   -186.58
   55.00     75.00     -4.03    -3.69    -0.85      0.6332     47.61 LEFT    8.5045E-05   -250.83  8.8418E-05   -186.05
   60.00     75.00     -3.44    -4.60    -0.97      0.6099     36.52 LEFT    9.1057E-05   -249.30  7.9618E-05   -185.52
   65.00     75.00     -3.13    -5.79    -1.25      0.5613     27.65 LEFT    9.4339E-05   -248.37  6.9495E-05   -185.00
   70.00     75.00     -3.19    -7.35    -1.78      0.5010     20.93 LEFT    9.3744E-05   -247.99  5.8028E-05   -184.49
   75.00     75.00     -3.76    -9.51    -2.74      0.4368     15.72 LEFT    8.7713E-05   -248.22  4.5241E-05   -184.00
   80.00     75.00     -5.26   -12.74    -4.54      0.3720     11.49 LEFT    7.3850E-05   -249.20  3.1211E-05   -183.53
   85.00     75.00     -9.03   -18.50    -8.57      0.3068      7.85 LEFT    4.7817E-05   -251.30  1.6070E-05   -183.08
   90.00     75.00   -999.99  -999.99  -999.99      0.0000      0.00         3.7977E-15   -435.38  9.6275E-16   -362.66
    0.00     80.00    -15.54    -0.46    -0.33      0.0000    -80.00 LINEAR  2.2616E-05   -371.69  1.2826E-04   -191.69
    5.00     80.00    -17.24    -0.50    -0.41      0.0509    -82.24 LEFT    1.8587E-05   -350.46  1.2774E-04   -191.35
   10.00     80.00    -17.60    -0.56    -0.47      0.1038    -84.59 LEFT    1.7828E-05   -322.86  1.2688E-04   -191.02
   15.00     80.00    -16.18    -0.64    -0.52      0.1595    -87.11 LEFT    2.1013E-05   -297.79  1.2563E-04   -190.69
   20.00     80.00    -13.96    -0.76    -0.56      0.2189    -89.90 LEFT    2.7133E-05   -280.81  1.2394E-04   -190.37
   25.00     80.00    -11.74    -0.92    -0.57      0.2825     86.94 LEFT    3.4996E-05   -270.20  1.2175E-04   -190.05
   30.00     80.00     -9.77    -1.12    -0.56      0.3499     83.23 LEFT    4.3907E-05   -263.37  1.1895E-04   -189.73
   35.00     80.00     -8.07    -1.38    -0.54      0.4197     78.73 LEFT    5.3444E-05   -258.78  1.1542E-04   -189.40
   40.00     80.00     -6.60    -1.71    -0.49      0.4886     73.06 LEFT    6.3245E-05   -255.59  1.1105E-04   -189.06
   45.00     80.00     -5.37    -2.14    -0.45      0.5501     65.77 LEFT    7.2917E-05   -253.33  1.0569E-04   -188.72
   50.00     80.00     -4.35    -2.69    -0.43      0.5937     56.60 LEFT    8.1978E-05   -251.74  9.9222E-05   -188.36
   55.00     80.00     -3.56    -3.39    -0.46      0.6085     46.16 LEFT    8.9836E-05   -250.66  9.1517E-05   -188.00
   60.00     80.00     -3.00    -4.30    -0.59      0.5914     36.04 LEFT    9.5759E-05   -250.00  8.2481E-05   -187.62
   65.00     80.00     -2.73    -5.47    -0.88      0.5499     27.57 LEFT    9.8843E-05   -249.74  7.2049E-05   -187.23
   70.00     80.00     -2.81    -7.03    -1.41      0.4951     20.93 LEFT    9.7929E-05   -249.87  6.0197E-05   -186.84
   75.00     80.00     -3.40    -9.19    -2.39      0.4344     15.70 LEFT    9.1423E-05   -250.49  4.6954E-05   -186.43
   80.00     80.00     -4.91   -12.41    -4.20      0.3713     11.44 LEFT    7.6854E-05   -251.74  3.2405E-05   -186.03
   85.00     80.00     -8.70   -18.18    -8.23      0.3068      7.79 LEFT    4.9716E-05   -253.99  1.6688E-05   -185.62
   90.00     80.00   -999.99  -999.99  -999.99      0.0000      0.00         3.9473E-15   -438.11  9.9983E-16   -365.21
    0.00     85.00    -21.52    -0.36    -0.33      0.0000    -85.00 LINEAR  1.1351E-05   -371.69  1.2974E-04   -191.69
    5.00     85.00    -23.45    -0.39    -0.37      0.0513    -87.25 LEFT    9.0915E-06   -324.48  1.2940E-04   -191.52
   10.00     85.00    -20.07    -0.43    -0.39      0.1040    -89.59 LEFT    1.3422E-05   -285.27  1.2870E-04   -191.37
   15.00     85.00    -16.25    -0.51    -0.39      0.1591     87.92 LEFT    2.0827E-05   -268.70  1.2761E-04   -191.22
   20.00     85.00    -13.27    -0.61    -0.38      0.2172     85.19 LEFT    2.9364E-05   -260.96  1.2608E-04   -191.08
   25.00     85.00    -10.90    -0.76    -0.35      0.2786     82.12 LEFT    3.8560E-05   -256.72  1.2402E-04   -190.94
   30.00     85.00     -8.96    -0.95    -0.31      0.3429     78.53 LEFT    4.8228E-05   -254.17  1.2132E-04   -190.80
   35.00     85.00     -7.33    -1.20    -0.25      0.4087     74.21 LEFT    5.8197E-05   -252.56  1.1787E-04   -190.65
   40.00     85.00     -5.95    -1.52    -0.18      0.4726     68.84 LEFT    6.8229E-05   -251.54  1.1353E-04   -190.50
   45.00     85.00     -4.78    -1.94    -0.12      0.5289     62.07 LEFT    7.7993E-05   -250.93  1.0817E-04   -190.33
   50.00     85.00     -3.83    -2.48    -0.09      0.5691     53.76 LEFT    8.7045E-05   -250.61  1.0164E-04   -190.14
   55.00     85.00     -3.09    -3.18    -0.12      0.5843     44.39 LEFT    9.4808E-05   -250.54  9.3822E-05   -189.94
   60.00     85.00     -2.58    -4.08    -0.25      0.5715     35.16 LEFT    1.0056E-04   -250.68  8.4617E-05   -189.70
   65.00     85.00     -2.34    -5.25    -0.54      0.5357     27.17 LEFT    1.0339E-04   -251.05  7.3956E-05   -189.44
   70.00     85.00     -2.44    -6.80    -1.09      0.4857     20.71 LEFT    1.0212E-04   -251.67  6.1820E-05   -189.16
   75.00     85.00     -3.06    -8.96    -2.07      0.4284     15.54 LEFT    9.5119E-05   -252.65  4.8237E-05   -188.84
   80.00     85.00     -4.58   -12.18    -3.88      0.3674     11.30 LEFT    7.9835E-05   -254.16  3.3298E-05   -188.50
   85.00     85.00     -8.37   -17.94    -7.92      0.3041      7.68 LEFT    5.1597E-05   -256.56  1.7151E-05   -188.13
   90.00     85.00   -999.99  -999.99  -999.99      0.0000      0.00         4.0954E-15   -440.73  1.0276E-15   -367.74
    0.00     90.00   -999.99    -0.33    -0.33      0.0000     90.00 LINEAR  6.6466E-16   -191.69  1.3024E-04   -191.69
    5.00     90.00    -24.14    -0.34    -0.32      0.0513     87.75 LEFT    8.4010E-06   -244.39  1.3007E-04   -191.70
   10.00     90.00    -18.05    -0.38    -0.30      0.1036     85.44 LEFT    1.6928E-05   -244.61  1.2954E-04   -191.72
   15.00     90.00    -14.43    -0.44    -0.27      0.1577     83.00 LEFT    2.5691E-05   -244.96  1.2861E-04   -191.75
   20.00     90.00    -11.80    -0.53    -0.22      0.2142     80.35 LEFT    3.4770E-05   -245.44  1.2723E-04   -191.78
   25.00     90.00     -9.72    -0.67    -0.16      0.2734     77.38 LEFT    4.4196E-05   -246.01  1.2530E-04   -191.83
   30.00     90.00     -7.99    -0.85    -0.08      0.3347     73.93 LEFT    5.3940E-05   -246.65  1.2271E-04   -191.87
   35.00     90.00     -6.52    -1.09     0.01      0.3966     69.80 LEFT    6.3889E-05   -247.35  1.1934E-04   -191.90
   40.00     90.00     -5.26    -1.41     0.09      0.4561     64.73 LEFT    7.3837E-05   -248.09  1.1505E-04   -191.92
   45.00     90.00     -4.19    -1.82     0.16      0.5081     58.44 LEFT    8.3468E-05   -248.86  1.0970E-04   -191.93
   50.00     90.00     -3.32    -2.36     0.20      0.5452     50.87 LEFT    9.2344E-05   -249.65  1.0315E-04   -191.90
   55.00     90.00     -2.63    -3.05     0.17      0.5602     42.40 LEFT    9.9893E-05   -250.47  9.5269E-05   -191.85
   60.00     90.00     -2.17    -3.94     0.05      0.5503     33.97 LEFT    1.0538E-04   -251.34  8.5962E-05   -191.76
   65.00     90.00     -1.96    -5.11    -0.25      0.5190     26.49 LEFT    1.0790E-04   -252.30  7.5161E-05   -191.63
   70.00     90.00     -2.10    -6.66    -0.80      0.4733     20.28 LEFT    1.0624E-04   -253.39  6.2845E-05   -191.45
   75.00     90.00     -2.74    -8.81    -1.78      0.4193     15.24 LEFT    9.8723E-05   -254.71  4.9048E-05   -191.22
   80.00     90.00     -4.27   -12.03    -3.60      0.3606     11.08 LEFT    8.2728E-05   -256.46  3.3863E-05   -190.94
   85.00     90.00     -8.07   -17.79    -7.63      0.2989      7.53 LEFT    5.3417E-05   -259.01  1.7443E-05   -190.61
   90.00     90.00   -999.99  -999.99  -999.99      0.0000      0.00         4.2386E-15   -443.23  1.0452E-15   -370.23
    0.00     95.00    -21.52    -0.36    -0.33      0.0000     85.00 LINEAR  1.1351E-05   -191.69  1.2974E-04   -191.69
    5.00     95.00    -17.65    -0.36    -0.28      0.0509     82.77 LEFT    1.7728E-05   -214.11  1.2974E-04   -191.87
   10.00     95.00    -14.54    -0.39    -0.22      0.1023     80.51 LEFT    2.5359E-05   -224.52  1.2938E-04   -192.07
   15.00     95.00    -12.11    -0.44    -0.15      0.1552     78.14 LEFT    3.3569E-05   -230.59  1.2861E-04   -192.27
   20.00     95.00    -10.11    -0.52    -0.07      0.2099     75.58 LEFT    4.2225E-05   -234.80  1.2737E-04   -192.49
   25.00     95.00     -8.43    -0.65     0.02      0.2668     72.72 LEFT    5.1285E-05   -238.06  1.2556E-04   -192.70
   30.00     95.00     -6.96    -0.82     0.12      0.3251     69.42 LEFT    6.0687E-05   -240.77  1.2308E-04   -192.92
   35.00     95.00     -5.69    -1.06     0.23      0.3835     65.49 LEFT    7.0307E-05   -243.12  1.1979E-04   -193.13
   40.00     95.00     -4.57    -1.37     0.33      0.4391     60.71 LEFT    7.9932E-05   -245.21  1.1556E-04   -193.33
   45.00     95.00     -3.61    -1.78     0.41      0.4871     54.87 LEFT    8.9242E-05   -247.11  1.1024E-04   -193.50
   50.00     95.00     -2.82    -2.31     0.45      0.5213     47.94 LEFT    9.7795E-05   -248.85  1.0370E-04   -193.64
   55.00     95.00     -2.20    -3.00     0.43      0.5358     40.25 LEFT    1.0501E-04   -250.46  9.5810E-05   -193.73
   60.00     95.00     -1.78    -3.89     0.30      0.5279     32.55 LEFT    1.1016E-04   -252.00  8.6471E-05   -193.78
   65.00     95.00     -1.62    -5.05     0.01      0.5002     25.59 LEFT    1.1229E-04   -253.49  7.5619E-05   -193.77
   70.00     95.00     -1.78    -6.61    -0.55      0.4582     19.70 LEFT    1.1020E-04   -255.01  6.3236E-05   -193.70
   75.00     95.00     -2.44    -8.76    -1.53      0.4073     14.84 LEFT    1.0216E-04   -256.67  4.9357E-05   -193.55
   80.00     95.00     -3.99   -11.98    -3.35      0.3511     10.80 LEFT    8.5470E-05   -258.65  3.4078E-05   -193.33
   85.00     95.00     -7.80   -17.74    -7.38      0.2914      7.34 LEFT    5.5135E-05   -261.33  1.7555E-05   -193.04
   90.00     95.00   -999.99  -999.99  -999.99      0.0000      0.00         4.3736E-15   -445.60  1.0518E-15   -372.67
    0.00    100.00    -15.54    -0.46    -0.33      0.0000     80.00 LINEAR  2.2616E-05   -191.69  1.2826E-04   -191.69
    5.00    100.00    -13.53    -0.45    -0.24      0.0501     77.81 LEFT    2.8479E-05   -205.73  1.2843E-04   -192.05
   10.00    100.00    -11.66    -0.47    -0.15      0.1004     75.61 LEFT    3.5325E-05   -215.25  1.2822E-04   -192.41
   15.00    100.00     -9.99    -0.51    -0.04      0.1517     73.32 LEFT    4.2816E-05   -222.24  1.2760E-04   -192.79
   20.00    100.00     -8.50    -0.58     0.07      0.2045     70.86 LEFT    5.0826E-05   -227.74  1.2649E-04   -193.18
   25.00    100.00     -7.16    -0.70     0.18      0.2589     68.13 LEFT    5.9295E-05   -232.32  1.2479E-04   -193.57
   30.00    100.00     -5.96    -0.87     0.30      0.3143     64.98 LEFT    6.8145E-05   -236.26  1.2240E-04   -193.96
   35.00    100.00     -4.87    -1.10     0.42      0.3693     61.26 LEFT    7.7243E-05   -239.75  1.1919E-04   -194.34
   40.00    100.00     -3.90    -1.41     0.53      0.4211     56.76 LEFT    8.6373E-05   -242.86  1.1503E-04   -194.70
   45.00    100.00     -3.05    -1.82     0.62      0.4656     51.34 LEFT    9.5210E-05   -245.66  1.0976E-04   -195.04
   50.00    100.00     -2.34    -2.35     0.67      0.4971     44.98 LEFT    1.0331E-04   -248.20  1.0327E-04   -195.33
   55.00    100.00     -1.79    -3.03     0.64      0.5108     37.99 LEFT    1.1009E-04   -250.51  9.5419E-05   -195.58
   60.00    100.00     -1.43    -3.92     0.51      0.5043     30.96 LEFT    1.1480E-04   -252.64  8.6119E-05   -195.76
   65.00    100.00     -1.30    -5.09     0.22      0.4794     24.52 LEFT    1.1650E-04   -254.63  7.5309E-05   -195.87
   70.00    100.00     -1.49    -6.64    -0.33      0.4407     18.98 LEFT    1.1394E-04   -256.55  6.2973E-05   -195.89
   75.00    100.00     -2.17    -8.79    -1.32      0.3929     14.34 LEFT    1.0537E-04   -258.52  4.9149E-05   -195.83
   80.00    100.00     -3.73   -12.01    -3.13      0.3394     10.46 LEFT    8.8006E-05   -260.72  3.3933E-05   -195.67
   85.00    100.00     -7.55   -17.77    -7.16      0.2819      7.12 LEFT    5.6716E-05   -263.53  1.7479E-05   -195.41
   90.00    100.00   -999.99  -999.99  -999.99      0.0000      0.00         4.4976E-15   -447.84  1.0473E-15   -375.06
    0.00    105.00    -12.07    -0.63    -0.33      0.0000     75.00 LINEAR  3.3708E-05   -191.69  1.2580E-04   -191.69
    5.00    105.00    -10.72    -0.61    -0.21      0.0490     72.86 LEFT    3.9372E-05   -202.10  1.2612E-04   -192.22
   10.00    105.00     -9.42    -0.61    -0.08      0.0978     70.73 LEFT    4.5729E-05   -210.33  1.2606E-04   -192.75
   15.00    105.00     -8.20    -0.65     0.06      0.1472     68.54 LEFT    5.2627E-05   -217.14  1.2557E-04   -193.30
   20.00    105.00     -7.06    -0.72     0.19      0.1979     66.19 LEFT    6.0007E-05   -223.00  1.2457E-04   -193.85
   25.00    105.00     -6.00    -0.83     0.32      0.2497     63.59 LEFT    6.7831E-05   -228.18  1.2298E-04   -194.41
   30.00    105.00     -5.00    -0.99     0.46      0.3023     60.61 LEFT    7.6037E-05   -232.85  1.2068E-04   -194.97
   35.00    105.00     -4.09    -1.22     0.59      0.3540     57.10 LEFT    8.4501E-05   -237.10  1.1755E-04   -195.52
   40.00    105.00     -3.25    -1.53     0.70      0.4023     52.88 LEFT    9.3015E-05   -240.97  1.1345E-04   -196.04
   45.00    105.00     -2.52    -1.94     0.79      0.4433     47.85 LEFT    1.0126E-04   -244.50  1.0826E-04   -196.54
   50.00    105.00     -1.89    -2.47     0.84      0.4724     42.02 LEFT    1.0880E-04   -247.71  1.0185E-04   -196.99
   55.00    105.00     -1.41    -3.15     0.82      0.4850     35.65 LEFT    1.1504E-04   -250.62  9.4090E-05   -197.37
   60.00    105.00     -1.10    -4.05     0.68      0.4794     29.25 LEFT    1.1925E-04   -253.28  8.4902E-05   -197.68
   65.00    105.00     -1.01    -5.21     0.39      0.4569     23.32 LEFT    1.2046E-04   -255.72  7.4228E-05   -197.91
   70.00    105.00     -1.23    -6.77    -0.16      0.4212     18.14 LEFT    1.1740E-04   -258.01  6.2056E-05   -198.03
   75.00    105.00     -1.93    -8.92    -1.14      0.3764     13.76 LEFT    1.0829E-04   -260.26  4.8424E-05   -198.05
   80.00    105.00     -3.51   -12.14    -2.95      0.3256     10.06 LEFT    9.0291E-05   -262.67  3.3427E-05   -197.95
   85.00    105.00     -7.34   -17.91    -6.97      0.2707      6.87 LEFT    5.8131E-05   -265.61  1.7217E-05   -197.73
   90.00    105.00   -999.99  -999.99  -999.99      0.0000      0.00         4.6082E-15   -449.96  1.0316E-15   -377.39
    0.00    110.00     -9.65    -0.87    -0.33      0.0000     70.00 LINEAR  4.4544E-05   -191.69  1.2238E-04   -191.69
    5.00    110.00     -8.62    -0.84    -0.17      0.0475     67.93 LEFT    5.0133E-05   -200.16  1.2284E-04   -192.38
   10.00    110.00     -7.63    -0.83    -0.01      0.0945     65.89 LEFT    5.6172E-05   -207.42  1.2291E-04   -193.08
   15.00    110.00     -6.69    -0.86     0.15      0.1419     63.80 LEFT    6.2601E-05   -213.86  1.2253E-04   -193.79
   20.00    110.00     -5.80    -0.92     0.30      0.1902     61.57 LEFT    6.9414E-05   -219.74  1.2163E-04   -194.51
   25.00    110.00     -4.94    -1.03     0.45      0.2394     59.12 LEFT    7.6604E-05   -225.19  1.2013E-04   -195.23
   30.00    110.00     -4.13    -1.19     0.59      0.2889     56.31 LEFT    8.4135E-05   -230.28  1.1791E-04   -195.95
   35.00    110.00     -3.36    -1.42     0.73      0.3374     53.00 LEFT    9.1904E-05   -235.05  1.1486E-04   -196.66
   40.00    110.00     -2.65    -1.73     0.84      0.3823     49.07 LEFT    9.9723E-05   -239.48  1.1085E-04   -197.34
   45.00    110.00     -2.01    -2.14     0.93      0.4202     44.41 LEFT    1.0729E-04   -243.58  1.0575E-04   -197.99
   50.00    110.00     -1.47    -2.67     0.98      0.4468     39.07 LEFT    1.1418E-04   -247.35  9.9451E-05   -198.59
   55.00    110.00     -1.06    -3.36     0.95      0.4584     33.28 LEFT    1.1981E-04   -250.78  9.1841E-05   -199.11
   60.00    110.00     -0.80    -4.26     0.82      0.4533     27.45 LEFT    1.2344E-04   -253.91  8.2838E-05   -199.55
   65.00    110.00     -0.75    -5.43     0.52      0.4328     22.01 LEFT    1.2410E-04   -256.76  7.2394E-05   -199.89
   70.00    110.00     -1.00    -6.99    -0.03      0.3998     17.22 LEFT    1.2052E-04   -259.40  6.0499E-05   -200.11
   75.00    110.00     -1.73    -9.15    -1.00      0.3580     13.11 LEFT    1.1089E-04   -261.92  4.7194E-05   -200.20
   80.00    110.00     -3.32   -12.37    -2.81      0.3101      9.62 LEFT    9.2293E-05   -264.52  3.2570E-05   -200.16
   85.00    110.00     -7.16   -18.13    -6.82      0.2580      6.59 LEFT    5.9359E-05   -267.57  1.6773E-05   -199.97
   90.00    110.00   -999.99  -999.99  -999.99      0.0000      0.00         4.7040E-15   -451.97  1.0050E-15   -379.64
    0.00    115.00     -7.81    -1.18    -0.33      0.0000     65.00 LINEAR  5.5041E-05   -191.69  1.1804E-04   -191.69
    5.00    115.00     -6.97    -1.14    -0.13      0.0456     63.01 LEFT    6.0624E-05   -198.99  1.1861E-04   -192.54
   10.00    115.00     -6.18    -1.13     0.05      0.0905     61.07 LEFT    6.6446E-05   -205.57  1.1879E-04   -193.40
   15.00    115.00     -5.42    -1.15     0.23      0.1356     59.09 LEFT    7.2500E-05   -211.67  1.1850E-04   -194.26
   20.00    115.00     -4.69    -1.21     0.40      0.1814     57.00 LEFT    7.8810E-05   -217.46  1.1769E-04   -195.14
   25.00    115.00     -4.00    -1.32     0.56      0.2279     54.69 LEFT    8.5398E-05   -223.02  1.1627E-04   -196.02
   30.00    115.00     -3.33    -1.48     0.71      0.2744     52.05 LEFT    9.2251E-05   -228.36  1.1412E-04   -196.89
   35.00    115.00     -2.69    -1.71     0.84      0.3196     48.96 LEFT    9.9297E-05   -233.47  1.1115E-04   -197.76
   40.00    115.00     -2.09    -2.02     0.96      0.3613     45.30 LEFT    1.0637E-04   -238.32  1.0723E-04   -198.59
   45.00    115.00     -1.55    -2.43     1.04      0.3960     41.01 LEFT    1.1320E-04   -242.88  1.0226E-04   -199.39
   50.00    115.00     -1.09    -2.97     1.08      0.4202     36.13 LEFT    1.1937E-04   -247.11  9.6116E-05   -200.13
   55.00    115.00     -0.73    -3.67     1.05      0.4307     30.87 LEFT    1.2432E-04   -251.00  8.8708E-05   -200.79
   60.00    115.00     -0.53    -4.57     0.92      0.4261     25.59 LEFT    1.2732E-04   -254.54  7.9964E-05   -201.35
   65.00    115.00     -0.52    -5.74     0.62      0.4072     20.63 LEFT    1.2740E-04   -257.76  6.9841E-05   -201.80
   70.00    115.00     -0.81    -7.31     0.07      0.3768     16.21 LEFT    1.2329E-04   -260.71  5.8335E-05   -202.11
   75.00    115.00     -1.55    -9.47    -0.90      0.3379     12.40 LEFT    1.1313E-04   -263.48  4.5486E-05   -202.28
   80.00    115.00     -3.16   -12.69    -2.70      0.2931      9.13 LEFT    9.3991E-05   -266.26  3.1381E-05   -202.29
   85.00    115.00     -7.01   -18.46    -6.71      0.2440      6.27 LEFT    6.0388E-05   -269.43  1.6157E-05   -202.14
   90.00    115.00   -999.99  -999.99  -999.99      0.0000      0.00         4.7840E-15    -93.85  9.6802E-16   -381.82
    0.00    120.00     -6.35    -1.58    -0.33      0.0000     60.00 LINEAR  6.5119E-05   -191.69  1.1279E-04   -191.69
    5.00    120.00     -5.63    -1.53    -0.10      0.0435     58.11 LEFT    7.0739E-05   -198.24  1.1346E-04   -192.70
   10.00    120.00     -4.96    -1.51     0.11      0.0860     56.28 LEFT    7.6411E-05   -204.33  1.1373E-04   -193.70
   15.00    120.00     -4.33    -1.52     0.31      0.1286     54.42 LEFT    8.2156E-05   -210.17  1.1352E-04   -194.72
   20.00    120.00     -3.73    -1.58     0.49      0.1717     52.47 LEFT    8.8019E-05   -215.85  1.1278E-04   -195.74
   25.00    120.00     -3.16    -1.69     0.65      0.2152     50.31 LEFT    9.4040E-05   -221.43  1.1142E-04   -196.77
   30.00    120.00     -2.61    -1.85     0.80      0.2587     47.85 LEFT    1.0023E-04   -226.92  1.0935E-04   -197.79
   35.00    120.00     -2.07    -2.08     0.93      0.3006     44.98 LEFT    1.0654E-04   -232.27  1.0647E-04   -198.81
   40.00    120.00     -1.58    -2.40     1.04      0.3390     41.59 LEFT    1.1284E-04   -237.44  1.0266E-04   -199.79
   45.00    120.00     -1.12    -2.81     1.12      0.3708     37.65 LEFT    1.1889E-04   -242.36  9.7839E-05   -200.73
   50.00    120.00     -0.74    -3.36     1.16      0.3927     33.21 LEFT    1.2429E-04   -246.98  9.1893E-05   -201.60
   55.00    120.00     -0.45    -4.06     1.12      0.4021     28.46 LEFT    1.2852E-04   -251.25  8.4746E-05   -202.39
   60.00    120.00     -0.29    -4.97     0.98      0.3977     23.69 LEFT    1.3085E-04   -255.17  7.6333E-05   -203.07
   65.00    120.00     -0.32    -6.15     0.68      0.3805     19.19 LEFT    1.3033E-04   -258.72  6.6622E-05   -203.63
   70.00    120.00     -0.64    -7.72     0.14      0.3525     15.15 LEFT    1.2567E-04   -261.95  5.5610E-05   -204.03
   75.00    120.00     -1.41    -9.89    -0.83      0.3165     11.64 LEFT    1.1501E-04   -264.95  4.3338E-05   -204.28
   80.00    120.00     -3.04   -13.12    -2.63      0.2748      8.60 LEFT    9.5383E-05   -267.90  2.9887E-05   -204.34
   85.00    120.00     -6.89   -18.88    -6.62      0.2289      5.93 LEFT    6.1218E-05   -271.17  1.5384E-05   -204.22
   90.00    120.00   -999.99  -999.99  -999.99      0.0000      0.00         4.8481E-15    -95.63  9.2153E-16   -383.91
    0.00    125.00     -5.16    -2.06    -0.33      0.0000     55.00 LINEAR  7.4701E-05   -191.69  1.0668E-04   -191.69
    5.00    125.00     -4.52    -2.00    -0.07      0.0410     53.22 LEFT    8.0388E-05   -197.73  1.0743E-04   -192.84
   10.00    125.00     -3.94    -1.98     0.16      0.0809     51.51 LEFT    8.5957E-05   -203.49  1.0776E-04   -193.99
   15.00    125.00     -3.40    -1.99     0.37      0.1208     49.78 LEFT    9.1442E-05   -209.11  1.0762E-04   -195.15
   20.00    125.00     -2.90    -2.04     0.56      0.1610     47.97 LEFT    9.6902E-05   -214.69  1.0693E-04   -196.31
   25.00    125.00     -2.42    -2.15     0.73      0.2015     45.97 LEFT    1.0239E-04   -220.28  1.0564E-04   -197.48
   30.00    125.00     -1.96    -2.31     0.88      0.2417     43.69 LEFT    1.0794E-04   -225.85  1.0365E-04   -198.65
   35.00    125.00     -1.52    -2.55     1.00      0.2805     41.04 LEFT    1.1352E-04   -231.38  1.0086E-04   -199.80
   40.00    125.00     -1.11    -2.87     1.11      0.3156     37.93 LEFT    1.1904E-04   -236.78  9.7194E-05   -200.92
   45.00    125.00     -0.74    -3.30     1.18      0.3444     34.34 LEFT    1.2429E-04   -241.99  9.2551E-05   -202.00
   50.00    125.00     -0.42    -3.85     1.21      0.3641     30.32 LEFT    1.2890E-04   -246.93  8.6851E-05   -203.00
   55.00    125.00     -0.19    -4.56     1.16      0.3724     26.04 LEFT    1.3238E-04   -251.54  8.0022E-05   -203.92
   60.00    125.00     -0.08    -5.48     1.02      0.3684     21.76 LEFT    1.3402E-04   -255.78  7.2014E-05   -204.71
   65.00    125.00     -0.16    -6.67     0.72      0.3526     17.70 LEFT    1.3288E-04   -259.63  6.2798E-05   -205.37
   70.00    125.00     -0.50    -8.24     0.17      0.3270     14.04 LEFT    1.2767E-04   -263.13  5.2379E-05   -205.86
   75.00    125.00     -1.30   -10.41    -0.79      0.2939     10.83 LEFT    1.1654E-04   -266.34  4.0795E-05   -206.18
   80.00    125.00     -2.94   -13.64    -2.58      0.2553      8.03 LEFT    9.6476E-05   -269.44  2.8120E-05   -206.29
   85.00    125.00     -6.80   -19.42    -6.57      0.2128      5.56 LEFT    6.1855E-05   -272.80  1.4471E-05   -206.21
   90.00    125.00   -999.99  -999.99  -999.99      0.0000      0.00         4.8968E-15    -97.30  8.6677E-16   -385.91
    0.00    130.00     -4.17    -2.65    -0.33      0.0000     50.00 LINEAR  8.3715E-05   -191.69  9.9768E-05   -191.69
    5.00    130.00     -3.59    -2.58    -0.04      0.0382     48.34 LEFT    8.9488E-05   -197.38  1.0056E-04   -192.98
   10.00    130.00     -3.07    -2.54     0.21      0.0753     46.76 LEFT    9.4986E-05   -202.89  1.0093E-04   -194.26
   15.00    130.00     -2.60    -2.55     0.43      0.1122     45.17 LEFT    1.0025E-04   -208.36  1.0084E-04   -195.55
   20.00    130.00     -2.17    -2.61     0.63      0.1494     43.50 LEFT    1.0534E-04   -213.86  1.0021E-04   -196.85
   25.00    130.00     -1.77    -2.71     0.79      0.1867     41.67 LEFT    1.1033E-04   -219.43  9.8976E-05   -198.15
   30.00    130.00     -1.39    -2.88     0.94      0.2237     39.58 LEFT    1.1526E-04   -225.07  9.7068E-05   -199.45
   35.00    130.00     -1.03    -3.13     1.06      0.2591     37.15 LEFT    1.2014E-04   -230.72  9.4401E-05   -200.73
   40.00    130.00     -0.69    -3.45     1.15      0.2910     34.32 LEFT    1.2489E-04   -236.31  9.0894E-05   -201.98
   45.00    130.00     -0.39    -3.89     1.21      0.3170     31.06 LEFT    1.2933E-04   -241.75  8.6472E-05   -203.19
   50.00    130.00     -0.14    -4.45     1.23      0.3346     27.45 LEFT    1.3315E-04   -246.96  8.1065E-05   -204.32
   55.00    130.00      0.04    -5.17     1.18      0.3419     23.63 LEFT    1.3586E-04   -251.86  7.4615E-05   -205.35
   60.00    130.00      0.10    -6.09     1.03      0.3380     19.81 LEFT    1.3680E-04   -256.38  6.7080E-05   -206.26
   65.00    130.00     -0.02    -7.29     0.73      0.3237     16.18 LEFT    1.3504E-04   -260.50  5.8442E-05   -207.01
   70.00    130.00     -0.39    -8.87     0.18      0.3004     12.89 LEFT    1.2931E-04   -264.23  4.8706E-05   -207.59
   75.00    130.00     -1.21   -11.05    -0.78      0.2702      9.97 LEFT    1.1773E-04   -267.63  3.7908E-05   -207.97
   80.00    130.00     -2.86   -14.29    -2.56      0.2349      7.42 LEFT    9.7290E-05   -270.88  2.6117E-05   -208.14
   85.00    130.00     -6.73   -20.06    -6.54      0.1958      5.16 LEFT    6.2313E-05   -274.33  1.3436E-05   -208.08
   90.00    130.00   -999.99  -999.99  -999.99      0.0000      0.00         4.9314E-15    -98.85  8.0473E-16   -387.80
    0.00    135.00     -3.34    -3.34    -0.33      0.0000     45.00 LINEAR  9.2092E-05   -191.69  9.2092E-05   -191.69
    5.00    135.00     -2.80    -3.26    -0.02      0.0352     43.48 LEFT    9.7964E-05   -197.14  9.2902E-05   -193.10
   10.00    135.00     -2.33    -3.23     0.25      0.0692     42.03 LEFT    1.0341E-04   -202.48  9.3299E-05   -194.51
   15.00    135.00     -1.92    -3.23     0.48      0.1030     40.58 LEFT    1.0848E-04   -207.83  9.3235E-05   -195.93
   20.00    135.00     -1.54    -3.29     0.68      0.1369     39.07 LEFT    1.1325E-04   -213.26  9.2654E-05   -197.34
   25.00    135.00     -1.20    -3.40     0.85      0.1710     37.40 LEFT    1.1777E-04   -218.82  9.1491E-05   -198.77
   30.00    135.00     -0.89    -3.57     0.98      0.2046     35.50 LEFT    1.2212E-04   -224.50  8.9681E-05   -200.19
   35.00    135.00     -0.60    -3.82     1.09      0.2366     33.30 LEFT    1.2631E-04   -230.24  8.7154E-05   -201.60
   40.00    135.00     -0.33    -4.16     1.18      0.2653     30.75 LEFT    1.3031E-04   -235.98  8.3842E-05   -202.97
   45.00    135.00     -0.09    -4.60     1.23      0.2885     27.83 LEFT    1.3396E-04   -241.61  7.9683E-05   -204.30
   50.00    135.00      0.11    -5.17     1.24      0.3041     24.62 LEFT    1.3699E-04   -247.05  7.4620E-05   -205.54
   55.00    135.00      0.23    -5.90     1.18      0.3104     21.23 LEFT    1.3896E-04   -252.19  6.8608E-05   -206.69
   60.00    135.00      0.25    -6.83     1.03      0.3068     17.85 LEFT    1.3921E-04   -256.96  6.1614E-05   -207.70
   65.00    135.00      0.10    -8.04     0.72      0.2938     14.63 LEFT    1.3685E-04   -261.32  5.3627E-05   -208.55
   70.00    135.00     -0.31    -9.63     0.17      0.2729     11.69 LEFT    1.3060E-04   -265.26  4.4655E-05   -209.21
   75.00    135.00     -1.14   -11.81    -0.78      0.2456      9.08 LEFT    1.1862E-04   -268.84  3.4730E-05   -209.65
   80.00    135.00     -2.81   -15.05    -2.56      0.2136      6.78 LEFT    9.7856E-05   -272.21  2.3915E-05   -209.87
   85.00    135.00     -6.69   -20.83    -6.53      0.1781      4.74 LEFT    6.2613E-05   -275.74  1.2299E-05   -209.84
   90.00    135.00   -999.99  -999.99  -999.99      0.0000      0.00         4.9536E-15   -100.29  7.3660E-16   -389.57
    0.00    140.00     -2.65    -4.17    -0.33      0.0000     40.00 LINEAR  9.9768E-05   -191.69  8.3715E-05   -191.69
    5.00    140.00     -2.14    -4.09     0.01      0.0319     38.62 LEFT    1.0575E-04   -196.97  8.4517E-05   -193.22
   10.00    140.00     -1.71    -4.04     0.29      0.0627     37.32 LEFT    1.1116E-04   -202.18  8.4919E-05   -194.74
   15.00    140.00     -1.33    -4.05     0.53      0.0932     36.02 LEFT    1.1607E-04   -207.45  8.4878E-05   -196.27
   20.00    140.00     -1.00    -4.10     0.73      0.1237     34.66 LEFT    1.2052E-04   -212.84  8.4342E-05   -197.80
   25.00    140.00     -0.71    -4.22     0.89      0.1544     33.17 LEFT    1.2461E-04   -218.39  8.3256E-05   -199.33
   30.00    140.00     -0.45    -4.40     1.02      0.1845     31.47 LEFT    1.2841E-04   -224.09  8.1561E-05   -200.87
   35.00    140.00     -0.22    -4.65     1.12      0.2131     29.50 LEFT    1.3196E-04   -229.90  7.9201E-05   -202.39
   40.00    140.00     -0.00    -4.99     1.19      0.2386     27.22 LEFT    1.3524E-04   -235.76  7.6121E-05   -203.88
   45.00    140.00      0.18    -5.45     1.23      0.2591     24.64 LEFT    1.3814E-04   -241.55  7.2269E-05   -205.31
   50.00    140.00      0.32    -6.03     1.23      0.2727     21.81 LEFT    1.4042E-04   -247.17  6.7602E-05   -206.67
   55.00    140.00      0.40    -6.77     1.16      0.2781     18.84 LEFT    1.4167E-04   -252.53  6.2085E-05   -207.92
   60.00    140.00      0.38    -7.71     1.00      0.2748     15.88 LEFT    1.4126E-04   -257.51  5.5697E-05   -209.03
   65.00    140.00      0.19    -8.92     0.69      0.2632     13.05 LEFT    1.3831E-04   -262.08  4.8428E-05   -209.96
   70.00    140.00     -0.24   -10.52     0.15      0.2445     10.47 LEFT    1.3159E-04   -266.21  4.0290E-05   -210.70
   75.00    140.00     -1.10   -12.71    -0.81      0.2202      8.16 LEFT    1.1924E-04   -269.95  3.1313E-05   -211.21
   80.00    140.00     -2.78   -15.96    -2.58      0.1916      6.11 LEFT    9.8211E-05   -273.44  2.1551E-05   -211.47
   85.00    140.00     -6.67   -21.73    -6.54      0.1598      4.28 LEFT    6.2780E-05   -277.04  1.1080E-05   -211.47
   90.00    140.00   -999.99  -999.99  -999.99      0.0000      0.00         4.9652E-15   -101.62  6.6344E-16   -391.20
    0.00    145.00     -2.06    -5.16    -0.33      0.0000     35.00 LINEAR  1.0668E-04   -191.69  7.4701E-05   -191.69
    5.00    145.00     -1.58    -5.07     0.03      0.0284     33.77 LEFT    1.1277E-04   -196.85  7.5468E-05   -193.33
   10.00    145.00     -1.18    -5.02     0.32      0.0558     32.62 LEFT    1.1816E-04   -201.97  7.5859E-05   -194.95
   15.00    145.00     -0.83    -5.03     0.57      0.0828     31.47 LEFT    1.2292E-04   -207.18  7.5832E-05   -196.58
   20.00    145.00     -0.54    -5.08     0.77      0.1099     30.27 LEFT    1.2710E-04   -212.53  7.5344E-05   -198.21
   25.00    145.00     -0.29    -5.20     0.92      0.1369     28.96 LEFT    1.3080E-04   -218.08  7.4345E-05   -199.84
   30.00    145.00     -0.08    -5.38     1.04      0.1635     27.46 LEFT    1.3409E-04   -223.80  7.2788E-05   -201.48
   35.00    145.00      0.11    -5.65     1.13      0.1887     25.73 LEFT    1.3704E-04   -229.68  7.0626E-05   -203.10
   40.00    145.00      0.28    -6.00     1.20      0.2109     23.73 LEFT    1.3965E-04   -235.62  6.7815E-05   -204.69
   45.00    145.00      0.41    -6.46     1.22      0.2288     21.48 LEFT    1.4185E-04   -241.54  6.4316E-05   -206.23
   50.00    145.00      0.51    -7.05     1.21      0.2405     19.03 LEFT    1.4342E-04   -247.33  6.0096E-05   -207.69
   55.00    145.00      0.54    -7.80     1.14      0.2451     16.46 LEFT    1.4399E-04   -252.85  5.5131E-05   -209.03
   60.00    145.00      0.48    -8.75     0.97      0.2421     13.90 LEFT    1.4296E-04   -258.03  4.9405E-05   -210.23
   65.00    145.00      0.27    -9.97     0.66      0.2319     11.46 LEFT    1.3948E-04   -262.78  4.2916E-05   -211.25
   70.00    145.00     -0.19   -11.58     0.11      0.2155      9.22 LEFT    1.3232E-04   -267.07  3.5673E-05   -212.05
   75.00    145.00     -1.07   -13.77    -0.84      0.1941      7.21 LEFT    1.1964E-04   -270.95  2.7706E-05   -212.62
   80.00    145.00     -2.77   -17.02    -2.61      0.1689      5.41 LEFT    9.8394E-05   -274.55  1.9058E-05   -212.93
   85.00    145.00     -6.66   -22.81    -6.56      0.1409      3.81 LEFT    6.2842E-05   -278.21  9.7949E-06   -212.95
   90.00    145.00   -999.99  -999.99  -999.99      0.0000      0.00         4.9687E-15   -102.81  5.8647E-16   -392.69
    0.00    150.00     -1.58    -6.35    -0.33      0.0000     30.00 LINEAR  1.1279E-04   -191.69  6.5119E-05   -191.69
    5.00    150.00     -1.12    -6.26     0.04      0.0247     28.93 LEFT    1.1897E-04   -196.76  6.5826E-05   -193.42
   10.00    150.00     -0.73    -6.21     0.35      0.0485     27.93 LEFT    1.2436E-04   -201.83  6.6190E-05   -195.13
   15.00    150.00     -0.41    -6.21     0.60      0.0719     26.94 LEFT    1.2899E-04   -206.99  6.6172E-05   -196.85
   20.00    150.00     -0.15    -6.27     0.80      0.0954     25.91 LEFT    1.3293E-04   -212.32  6.5735E-05   -198.56
   25.00    150.00      0.06    -6.39     0.95      0.1188     24.77 LEFT    1.3627E-04   -217.86  6.4838E-05   -200.29
   30.00    150.00      0.24    -6.58     1.06      0.1417     23.48 LEFT    1.3910E-04   -223.61  6.3442E-05   -202.02
   35.00    150.00      0.39    -6.85     1.14      0.1633     21.99 LEFT    1.4151E-04   -229.53  6.1510E-05   -203.73
   40.00    150.00      0.51    -7.21     1.19      0.1824     20.28 LEFT    1.4351E-04   -235.55  5.9008E-05   -205.41
   45.00    150.00      0.61    -7.68     1.21      0.1976     18.36 LEFT    1.4507E-04   -241.57  5.5908E-05   -207.04
   50.00    150.00      0.66    -8.27     1.18      0.2076     16.27 LEFT    1.4599E-04   -247.49  5.2185E-05   -208.59
   55.00    150.00      0.66    -9.03     1.10      0.2114     14.09 LEFT    1.4594E-04   -253.17  4.7823E-05   -210.02
   60.00    150.00      0.56    -9.99     0.93      0.2087     11.92 LEFT    1.4435E-04   -258.50  4.2813E-05   -211.30
   65.00    150.00      0.32   -11.22     0.62      0.1999      9.85 LEFT    1.4038E-04   -263.40  3.7155E-05   -212.39
   70.00    150.00     -0.16   -12.84     0.07      0.1858      7.94 LEFT    1.3284E-04   -267.84  3.0860E-05   -213.26
   75.00    150.00     -1.05   -15.04    -0.88      0.1674      6.23 LEFT    1.1987E-04   -271.84  2.3951E-05   -213.88
   80.00    150.00     -2.76   -18.29    -2.64      0.1458      4.69 LEFT    9.8448E-05   -275.53  1.6467E-05   -214.22
   85.00    150.00     -6.66   -24.08    -6.58      0.1216      3.31 LEFT    6.2826E-05   -279.26  8.4608E-06   -214.27
   90.00    150.00   -999.99  -999.99  -999.99      0.0000      0.00         4.9661E-15   -103.88  5.0659E-16   -394.03
    0.00    155.00     -1.18    -7.81    -0.33      0.0000     25.00 LINEAR  1.1804E-04   -191.69  5.5041E-05   -191.69
    5.00    155.00     -0.73    -7.71     0.06      0.0209     24.10 LEFT    1.2431E-04   -196.70  5.5667E-05   -193.50
   10.00    155.00     -0.37    -7.66     0.38      0.0409     23.26 LEFT    1.2969E-04   -201.72  5.5990E-05   -195.29
   15.00    155.00     -0.07    -7.66     0.63      0.0606     22.43 LEFT    1.3421E-04   -206.86  5.5978E-05   -197.08
   20.00    155.00      0.17    -7.72     0.82      0.0803     21.56 LEFT    1.3794E-04   -212.18  5.5598E-05   -198.87
   25.00    155.00      0.36    -7.85     0.97      0.1000     20.61 LEFT    1.4097E-04   -217.72  5.4819E-05   -200.67
   30.00    155.00      0.51    -8.04     1.07      0.1192     19.53 LEFT    1.4340E-04   -223.48  5.3608E-05   -202.48
   35.00    155.00      0.62    -8.32     1.14      0.1373     18.28 LEFT    1.4533E-04   -229.44  5.1938E-05   -204.27
   40.00    155.00      0.71    -8.68     1.18      0.1532     16.85 LEFT    1.4680E-04   -235.52  4.9783E-05   -206.04
   45.00    155.00      0.77    -9.16     1.19      0.1658     15.26 LEFT    1.4779E-04   -241.63  4.7124E-05   -207.74
   50.00    155.00      0.79    -9.77     1.15      0.1740     13.53 LEFT    1.4814E-04   -247.65  4.3944E-05   -209.37
   55.00    155.00      0.75   -10.53     1.06      0.1771     11.73 LEFT    1.4754E-04   -253.45  4.0232E-05   -210.88
   60.00    155.00      0.63   -11.50     0.89      0.1748      9.94 LEFT    1.4545E-04   -258.92  3.5984E-05   -212.22
   65.00    155.00      0.36   -12.74     0.57      0.1675      8.23 LEFT    1.4106E-04   -263.95  3.1202E-05   -213.38
   70.00    155.00     -0.14   -14.36     0.02      0.1557      6.65 LEFT    1.3318E-04   -268.52  2.5896E-05   -214.31
   75.00    155.00     -1.04   -16.57    -0.92      0.1403      5.22 LEFT    1.1997E-04   -272.62  2.0087E-05   -214.97
   80.00    155.00     -2.76   -19.82    -2.68      0.1222      3.94 LEFT    9.8414E-05   -276.39  1.3805E-05   -215.35
   85.00    155.00     -6.67   -25.61    -6.62      0.1019      2.79 LEFT    6.2760E-05   -280.16  7.0907E-06   -215.42
   90.00    155.00   -999.99  -999.99  -999.99      0.0000      0.00         4.9597E-15   -104.80  4.2450E-16   -395.18
    0.00    160.00     -0.87    -9.65    -0.33      0.0000     20.00 LINEAR  1.2238E-04   -191.69  4.4544E-05   -191.69
    5.00    160.00     -0.43    -9.55     0.07      0.0169     19.27 LEFT    1.2874E-04   -196.66  4.5070E-05   -193.56
   10.00    160.00     -0.08    -9.50     0.39      0.0330     18.60 LEFT    1.3412E-04   -201.66  4.5341E-05   -195.42
   15.00    160.00      0.21    -9.50     0.65      0.0489     17.93 LEFT    1.3854E-04   -206.77  4.5332E-05   -197.27
   20.00    160.00      0.43    -9.56     0.84      0.0648     17.23 LEFT    1.4209E-04   -212.08  4.5017E-05   -199.13
   25.00    160.00      0.59    -9.68     0.98      0.0807     16.47 LEFT    1.4486E-04   -217.62  4.4370E-05   -200.99
   30.00    160.00      0.72    -9.88     1.08      0.0961     15.60 LEFT    1.4695E-04   -223.40  4.3368E-05   -202.86
   35.00    160.00      0.81   -10.16     1.14      0.1106     14.60 LEFT    1.4848E-04   -229.38  4.1991E-05   -204.72
   40.00    160.00      0.87   -10.54     1.17      0.1233     13.45 LEFT    1.4950E-04   -235.51  4.0219E-05   -206.55
   45.00    160.00      0.90   -11.02     1.17      0.1334     12.18 LEFT    1.5000E-04   -241.69  3.8040E-05   -208.33
   50.00    160.00      0.89   -11.63     1.13      0.1399     10.80 LEFT    1.4987E-04   -247.79  3.5443E-05   -210.02
   55.00    160.00      0.83   -12.41     1.03      0.1423      9.37 LEFT    1.4881E-04   -253.70  3.2422E-05   -211.59
   60.00    160.00      0.68   -13.38     0.85      0.1404      7.95 LEFT    1.4630E-04   -259.27  2.8975E-05   -213.00
   65.00    160.00      0.39   -14.63     0.53      0.1345      6.60 LEFT    1.4156E-04   -264.42  2.5106E-05   -214.21
   70.00    160.00     -0.12   -16.25    -0.02      0.1251      5.34 LEFT    1.3339E-04   -269.08  2.0824E-05   -215.18
   75.00    160.00     -1.04   -18.46    -0.96      0.1127      4.20 LEFT    1.1999E-04   -273.27  1.6144E-05   -215.88
   80.00    160.00     -2.77   -21.73    -2.72      0.0982      3.18 LEFT    9.8329E-05   -277.10  1.1091E-05   -216.29
   85.00    160.00     -6.68   -27.51    -6.65      0.0819      2.25 LEFT    6.2669E-05   -280.92  5.6954E-06   -216.38
   90.00    160.00   -999.99  -999.99  -999.99      0.0000      0.00         4.9515E-15   -105.57  3.4090E-16   -396.14
    0.00    165.00     -0.63   -12.07    -0.33      0.0000     15.00 LINEAR  1.2580E-04   -191.69  3.3708E-05   -191.69
    5.00    165.00     -0.20   -11.97     0.08      0.0128     14.45 LEFT    1.3223E-04   -196.64  3.4117E-05   -193.61
   10.00    165.00      0.15   -11.91     0.41      0.0249     13.94 LEFT    1.3760E-04   -201.61  3.4328E-05   -195.52
   15.00    165.00      0.42   -11.91     0.66      0.0369     13.44 LEFT    1.4195E-04   -206.72  3.4321E-05   -197.42
   20.00    165.00      0.62   -11.98     0.86      0.0489     12.91 LEFT    1.4536E-04   -212.02  3.4078E-05   -199.33
   25.00    165.00      0.78   -12.10     0.99      0.0609     12.34 LEFT    1.4792E-04   -217.56  3.3578E-05   -201.24
   30.00    165.00      0.88   -12.31     1.09      0.0725     11.68 LEFT    1.4974E-04   -223.35  3.2806E-05   -203.16
   35.00    165.00      0.95   -12.59     1.14      0.0834     10.93 LEFT    1.5094E-04   -229.36  3.1747E-05   -205.07
   40.00    165.00      0.99   -12.97     1.16      0.0929     10.07 LEFT    1.5160E-04   -235.52  3.0390E-05   -206.96
   45.00    165.00      1.00   -13.46     1.15      0.1004      9.12 LEFT    1.5172E-04   -241.75  2.8724E-05   -208.79
   50.00    165.00      0.97   -14.08     1.10      0.1053      8.09 LEFT    1.5121E-04   -247.92  2.6745E-05   -210.53
   55.00    165.00      0.88   -14.86     1.00      0.1071      7.02 LEFT    1.4977E-04   -253.90  2.4448E-05   -212.15
   60.00    165.00      0.72   -15.84     0.81      0.1057      5.97 LEFT    1.4693E-04   -259.55  2.1835E-05   -213.61
   65.00    165.00      0.41   -17.09     0.49      0.1012      4.95 LEFT    1.4190E-04   -264.78  1.8908E-05   -214.86
   70.00    165.00     -0.11   -18.72    -0.05      0.0941      4.02 LEFT    1.3352E-04   -269.53  1.5675E-05   -215.87
   75.00    165.00     -1.04   -20.94    -1.00      0.0848      3.16 LEFT    1.1996E-04   -273.78  1.2147E-05   -216.61
   80.00    165.00     -2.78   -24.20    -2.75      0.0739      2.40 LEFT    9.8228E-05   -277.67  8.3423E-06   -217.04
   85.00    165.00     -6.70   -29.99    -6.68      0.0617      1.70 LEFT    6.2574E-05   -281.51  4.2832E-06   -217.14
   90.00    165.00   -999.99  -999.99  -999.99      0.0000      0.00         4.9432E-15   -106.17  2.5638E-16   -396.91
    0.00    170.00     -0.46   -15.54    -0.33      0.0000     10.00 LINEAR  1.2826E-04   -191.69  2.2616E-05   -191.69
    5.00    170.00     -0.04   -15.43     0.09      0.0086      9.63 LEFT    1.3474E-04   -196.62  2.2895E-05   -193.65
   10.00    170.00      0.30   -15.38     0.42      0.0167      9.29 LEFT    1.4011E-04   -201.58  2.3039E-05   -195.59
   15.00    170.00      0.57   -15.38     0.68      0.0248      8.96 LEFT    1.4441E-04   -206.68  2.3035E-05   -197.53
   20.00    170.00      0.76   -15.44     0.87      0.0328      8.60 LEFT    1.4771E-04   -211.98  2.2869E-05   -199.47
   25.00    170.00      0.90   -15.57     1.00      0.0408      8.22 LEFT    1.5012E-04   -217.52  2.2529E-05   -201.42
   30.00    170.00      1.00   -15.78     1.09      0.0486      7.78 LEFT    1.5174E-04   -223.32  2.2004E-05   -203.38
   35.00    170.00      1.05   -16.06     1.14      0.0558      7.28 LEFT    1.5271E-04   -229.34  2.1285E-05   -205.33
   40.00    170.00      1.07   -16.45     1.15      0.0622      6.71 LEFT    1.5310E-04   -235.54  2.0366E-05   -207.25
   45.00    170.00      1.07   -16.94     1.13      0.0672      6.07 LEFT    1.5294E-04   -241.80  1.9240E-05   -209.12
   50.00    170.00      1.02   -17.57     1.08      0.0704      5.39 LEFT    1.5215E-04   -248.01  1.7905E-05   -210.90
   55.00    170.00      0.92   -18.35     0.97      0.0716      4.68 LEFT    1.5045E-04   -254.05  1.6360E-05   -212.55
   60.00    170.00      0.74   -19.34     0.79      0.0706      3.98 LEFT    1.4736E-04   -259.76  1.4604E-05   -214.05
   65.00    170.00      0.43   -20.59     0.46      0.0676      3.31 LEFT    1.4213E-04   -265.05  1.2641E-05   -215.33
   70.00    170.00     -0.11   -22.22    -0.08      0.0629      2.68 LEFT    1.3358E-04   -269.85  1.0475E-05   -216.37
   75.00    170.00     -1.05   -24.44    -1.03      0.0567      2.12 LEFT    1.1992E-04   -274.15  8.1152E-06   -217.13
   80.00    170.00     -2.79   -27.70    -2.77      0.0494      1.61 LEFT    9.8135E-05   -278.08  5.5719E-06   -217.58
   85.00    170.00     -6.71   -33.50    -6.70      0.0412      1.14 LEFT    6.2494E-05   -281.95  2.8604E-06   -217.69
   90.00    170.00   -999.99  -999.99  -999.99      0.0000      0.00         4.9363E-15   -106.61  1.7120E-16   -397.46
    0.00    175.00     -0.36   -21.52    -0.33      0.0000      5.00 LINEAR  1.2974E-04   -191.69  1.1351E-05   -191.69
    5.00    175.00      0.06   -21.42     0.09      0.0043      4.82 LEFT    1.3625E-04   -196.61  1.1493E-05   -193.67
   10.00    175.00      0.40   -21.36     0.43      0.0084      4.64 LEFT    1.4162E-04   -201.57  1.1566E-05   -195.64
   15.00    175.00      0.66   -21.36     0.68      0.0124      4.48 LEFT    1.4589E-04   -206.66  1.1564E-05   -197.60
   20.00    175.00      0.85   -21.43     0.87      0.0164      4.30 LEFT    1.4913E-04   -211.96  1.1480E-05   -199.56
   25.00    175.00      0.98   -21.56     1.00      0.0204      4.11 LEFT    1.5144E-04   -217.51  1.1307E-05   -201.53
   30.00    175.00      1.07   -21.76     1.09      0.0243      3.89 LEFT    1.5295E-04   -223.31  1.1042E-05   -203.51
   35.00    175.00      1.11   -22.05     1.13      0.0280      3.64 LEFT    1.5377E-04   -229.34  1.0679E-05   -205.48
   40.00    175.00      1.13   -22.44     1.14      0.0312      3.35 LEFT    1.5400E-04   -235.55  1.0214E-05   -207.43
   45.00    175.00      1.11   -22.94     1.12      0.0336      3.03 LEFT    1.5368E-04   -241.83  9.6469E-06   -209.32
   50.00    175.00      1.05   -23.56     1.07      0.0353      2.69 LEFT    1.5271E-04   -248.07  8.9748E-06   -211.12
   55.00    175.00      0.95   -24.35     0.96      0.0358      2.34 LEFT    1.5084E-04   -254.14  8.1975E-06   -212.80
   60.00    175.00      0.76   -25.34     0.77      0.0354      1.99 LEFT    1.4761E-04   -259.89  7.3156E-06   -214.31
   65.00    175.00      0.44   -26.60     0.44      0.0339      1.65 LEFT    1.4225E-04   -265.21  6.3305E-06   -215.62
   70.00    175.00     -0.11   -28.23    -0.10      0.0315      1.34 LEFT    1.3361E-04   -270.05  5.2448E-06   -216.67
   75.00    175.00     -1.05   -30.45    -1.04      0.0284      1.06 LEFT    1.1989E-04   -274.38  4.0624E-06   -217.45
   80.00    175.00     -2.79   -33.72    -2.79      0.0247      0.80 LEFT    9.8072E-05   -278.33  2.7888E-06   -217.90
   85.00    175.00     -6.72   -39.51    -6.71      0.0206      0.57 LEFT    6.2440E-05   -282.21  1.4316E-06   -218.02
   90.00    175.00   -999.99  -999.99  -999.99      0.0000      0.00         4.9318E-15   -106.88  8.5676E-17   -397.79
    0.00    180.00     -0.33  -999.99    -0.33      0.0000     -0.00 LINEAR  1.3024E-04   -191.69  1.3293E-15   -371.69
    5.00    180.00      0.09  -999.99     0.09      0.0000     -0.00 LINEAR  1.3676E-04   -196.61  1.3460E-15   -373.68
   10.00    180.00      0.43  -999.99     0.43      0.0000     -0.00 LINEAR  1.4213E-04   -201.56  1.3546E-15   -375.65
   15.00    180.00      0.68  -999.99     0.68      0.0000     -0.00 LINEAR  1.4639E-04   -206.65  1.3543E-15   -377.62
   20.00    180.00      0.87  -999.99     0.87      0.0000     -0.00 LINEAR  1.4961E-04   -211.95  1.3444E-15   -379.59
   25.00    180.00      1.01  -999.99     1.01      0.0000     -0.00 LINEAR  1.5189E-04   -217.50  1.3242E-15   -381.57
   30.00    180.00      1.09  -999.99     1.09      0.0000     -0.00 LINEAR  1.5335E-04   -223.30  1.2930E-15   -383.55
   35.00    180.00      1.13  -999.99     1.13      0.0000     -0.00 LINEAR  1.5412E-04   -229.34  1.2504E-15   -385.53
   40.00    180.00      1.14  -999.99     1.14      0.0000     -0.00 LINEAR  1.5430E-04   -235.55  1.1959E-15   -387.49
   45.00    180.00      1.12  -999.99     1.12      0.0000     -0.00 LINEAR  1.5392E-04   -241.84  1.1294E-15   -389.38
   50.00    180.00      1.06  -999.99     1.06      0.0000     -0.00 LINEAR  1.5289E-04   -248.09  1.0506E-15   -391.20
   55.00    180.00      0.95  -999.99     0.95      0.0000     -0.00 LINEAR  1.5097E-04   -254.17  9.5948E-16   -392.88
   60.00    180.00      0.76  -999.99     0.76      0.0000     -0.00 LINEAR  1.4769E-04   -259.93  8.5617E-16   -394.40
   65.00    180.00      0.44  -999.99     0.44      0.0000     -0.00 LINEAR  1.4229E-04   -265.27  7.4082E-16   -395.71
   70.00    180.00     -0.11  -999.99    -0.11      0.0000     -0.00 LINEAR  1.3362E-04   -270.11  6.1371E-16   -396.78
   75.00    180.00     -1.05  -999.99    -1.05      0.0000     -0.00 LINEAR  1.1987E-04   -274.46  4.7532E-16   -397.55
   80.00    180.00     -2.80  -999.99    -2.80      0.0000     -0.00 LINEAR  9.8049E-05   -278.41  3.2630E-16   -398.01
   85.00    180.00     -6.72  -999.99    -6.72      0.0000     -0.00 LINEAR  6.2421E-05   -282.30  1.6749E-16   -398.13
   90.00    180.00   -999.99  -999.99  -999.99      0.0000      0.00         4.9302E-15   -106.97  1.0024E-26   -217.91
    0.00    185.00     -0.36   -21.52    -0.33      0.0000     -5.00 LINEAR  1.2974E-04   -191.69  1.1351E-05   -371.69
    5.00    185.00      0.06   -21.42     0.09      0.0043     -4.82 RIGHT   1.3625E-04   -196.61  1.1493E-05   -373.67
   10.00    185.00      0.40   -21.36     0.43      0.0084     -4.64 RIGHT   1.4162E-04   -201.57  1.1566E-05   -375.64
   15.00    185.00      0.66   -21.36     0.68      0.0124     -4.48 RIGHT   1.4589E-04   -206.66  1.1564E-05   -377.60
   20.00    185.00      0.85   -21.43     0.87      0.0164     -4.30 RIGHT   1.4913E-04   -211.96  1.1480E-05   -379.56
   25.00    185.00      0.98   -21.56     1.00      0.0204     -4.11 RIGHT   1.5144E-04   -217.51  1.1307E-05   -381.53
   30.00    185.00      1.07   -21.76     1.09      0.0243     -3.89 RIGHT   1.5295E-04   -223.31  1.1042E-05   -383.51
   35.00    185.00      1.11   -22.05     1.13      0.0280     -3.64 RIGHT   1.5377E-04   -229.34  1.0679E-05   -385.48
   40.00    185.00      1.13   -22.44     1.14      0.0312     -3.35 RIGHT   1.5400E-04   -235.55  1.0214E-05   -387.43
   45.00    185.00      1.11   -22.94     1.12      0.0336     -3.03 RIGHT   1.5368E-04   -241.83  9.6469E-06   -389.32
   50.00    185.00      1.05   -23.56     1.07      0.0353     -2.69 RIGHT   1.5271E-04   -248.07  8.9748E-06   -391.12
   55.00    185.00      0.95   -24.35     0.96      0.0358     -2.34 RIGHT   1.5084E-04   -254.14  8.1975E-06   -392.80
   60.00    185.00      0.76   -25.34     0.77      0.0354     -1.99 RIGHT   1.4761E-04   -259.89  7.3156E-06   -394.31
   65.00    185.00      0.44   -26.60     0.44      0.0339     -1.65 RIGHT   1.4225E-04   -265.21  6.3305E-06   -395.62
   70.00    185.00     -0.11   -28.23    -0.10      0.0315     -1.34 RIGHT   1.3361E-04   -270.05  5.2448E-06   -396.67
   75.00    185.00     -1.05   -30.45    -1.04      0.0284     -1.06 RIGHT   1.1989E-04   -274.38  4.0624E-06   -397.45
   80.00    185.00     -2.79   -33.72    -2.79      0.0247     -0.80 RIGHT   9.8072E-05   -278.33  2.7888E-06   -397.90
   85.00    185.00     -6.72   -39.51    -6.71      0.0206     -0.57 RIGHT   6.2440E-05   -282.21  1.4316E-06   -398.02
   90.00    185.00   -999.99  -999.99  -999.99      0.0000      0.00         4.9317E-15   -106.88  8.5675E-17   -217.79
    0.00    190.00     -0.46   -15.54    -0.33      0.0000    -10.00 LINEAR  1.2826E-04   -191.69  2.2616E-05   -371.69
    5.00    190.00     -0.04   -15.43     0.09      0.0086     -9.63 RIGHT   1.3474E-04   -196.62  2.2895E-05   -373.65
   10.00    190.00      0.30   -15.38     0.42      0.0167     -9.29 RIGHT   1.4011E-04   -201.58  2.3039E-05   -375.59
   15.00    190.00      0.57   -15.38     0.68      0.0248     -8.96 RIGHT   1.4441E-04   -206.68  2.3035E-05   -377.53
   20.00    190.00      0.76   -15.44     0.87      0.0328     -8.60 RIGHT   1.4771E-04   -211.98  2.2869E-05   -379.47
   25.00    190.00      0.90   -15.57     1.00      0.0408     -8.22 RIGHT   1.5012E-04   -217.52  2.2529E-05   -381.42
   30.00    190.00      1.00   -15.78     1.09      0.0486     -7.78 RIGHT   1.5174E-04   -223.32  2.2004E-05   -383.38
   35.00    190.00      1.05   -16.06     1.14      0.0558     -7.28 RIGHT   1.5271E-04   -229.34  2.1285E-05   -385.33
   40.00    190.00      1.07   -16.45     1.15      0.0622     -6.71 RIGHT   1.5310E-04   -235.54  2.0366E-05   -387.25
   45.00    190.00      1.07   -16.94     1.13      0.0672     -6.07 RIGHT   1.5294E-04   -241.80  1.9240E-05   -389.12
   50.00    190.00      1.02   -17.57     1.08      0.0704     -5.39 RIGHT   1.5215E-04   -248.01  1.7905E-05   -390.90
   55.00    190.00      0.92   -18.35     0.97      0.0716     -4.68 RIGHT   1.5045E-04   -254.05  1.6360E-05   -392.55
   60.00    190.00      0.74   -19.34     0.79      0.0706     -3.98 RIGHT   1.4736E-04   -259.76  1.4604E-05   -394.05
   65.00    190.00      0.43   -20.59     0.46      0.0676     -3.31 RIGHT   1.4213E-04   -265.05  1.2641E-05   -395.33
   70.00    190.00     -0.11   -22.22    -0.08      0.0629     -2.68 RIGHT   1.3358E-04   -269.85  1.0475E-05   -396.37
   75.00    190.00     -1.05   -24.44    -1.03      0.0567     -2.12 RIGHT   1.1992E-04   -274.15  8.1152E-06   -397.13
   80.00    190.00     -2.79   -27.70    -2.77      0.0494     -1.61 RIGHT   9.8135E-05   -278.08  5.5719E-06   -397.58
   85.00    190.00     -6.71   -33.50    -6.70      0.0412     -1.14 RIGHT   6.2494E-05   -281.95  2.8604E-06   -397.69
   90.00    190.00   -999.99  -999.99  -999.99      0.0000      0.00         4.9364E-15   -106.61  1.7118E-16   -217.46
    0.00    195.00     -0.63   -12.07    -0.33      0.0000    -15.00 LINEAR  1.2580E-04   -191.69  3.3708E-05   -371.69
    5.00    195.00     -0.20   -11.97     0.08      0.0128    -14.45 RIGHT   1.3223E-04   -196.64  3.4117E-05   -373.61
   10.00    195.00      0.15   -11.91     0.41      0.0249    -13.94 RIGHT   1.3760E-04   -201.61  3.4328E-05   -375.52
   15.00    195.00      0.42   -11.91     0.66      0.0369    -13.44 RIGHT   1.4195E-04   -206.72  3.4321E-05   -377.42
   20.00    195.00      0.62   -11.98     0.86      0.0489    -12.91 RIGHT   1.4536E-04   -212.02  3.4078E-05   -379.33
   25.00    195.00      0.78   -12.10     0.99      0.0609    -12.34 RIGHT   1.4792E-04   -217.56  3.3578E-05   -381.24
   30.00    195.00      0.88   -12.31     1.09      0.0725    -11.68 RIGHT   1.4974E-04   -223.35  3.2806E-05   -383.16
   35.00    195.00      0.95   -12.59     1.14      0.0834    -10.93 RIGHT   1.5094E-04   -229.36  3.1747E-05   -385.07
   40.00    195.00      0.99   -12.97     1.16      0.0929    -10.07 RIGHT   1.5160E-04   -235.52  3.0390E-05   -386.96
   45.00    195.00      1.00   -13.46     1.15      0.1004     -9.12 RIGHT   1.5172E-04   -241.75  2.8724E-05   -388.79
   50.00    195.00      0.97   -14.08     1.10      0.1053     -8.09 RIGHT   1.5121E-04   -247.92  2.6745E-05   -390.53
   55.00    195.00      0.88   -14.86     1.00      0.1071     -7.02 RIGHT   1.4977E-04   -253.90  2.4448E-05   -392.15
   60.00    195.00      0.72   -15.84     0.81      0.1057     -5.97 RIGHT   1.4693E-04   -259.55  2.1835E-05   -393.61
   65.00    195.00      0.41   -17.09     0.49      0.1012     -4.95 RIGHT   1.4190E-04   -264.78  1.8908E-05   -394.86
   70.00    195.00     -0.11   -18.72    -0.05      0.0941     -4.02 RIGHT   1.3352E-04   -269.53  1.5675E-05   -395.87
   75.00    195.00     -1.04   -20.94    -1.00      0.0848     -3.16 RIGHT   1.1996E-04   -273.78  1.2147E-05   -396.61
   80.00    195.00     -2.78   -24.20    -2.75      0.0739     -2.40 RIGHT   9.8228E-05   -277.67  8.3423E-06   -397.04
   85.00    195.00     -6.70   -29.99    -6.68      0.0617     -1.70 RIGHT   6.2574E-05   -281.51  4.2832E-06   -397.14
   90.00    195.00   -999.99  -999.99  -999.99      0.0000      0.00         4.9432E-15   -106.17  2.5636E-16   -216.91
    0.00    200.00     -0.87    -9.65    -0.33      0.0000    -20.00 LINEAR  1.2238E-04   -191.69  4.4544E-05   -371.69
    5.00    200.00     -0.43    -9.55     0.07      0.0169    -19.27 RIGHT   1.2874E-04   -196.66  4.5070E-05   -373.56
   10.00    200.00     -0.08    -9.50     0.39      0.0330    -18.60 RIGHT   1.3412E-04   -201.66  4.5341E-05   -375.42
   15.00    200.00      0.21    -9.50     0.65      0.0489    -17.93 RIGHT   1.3854E-04   -206.77  4.5332E-05   -377.27
   20.00    200.00      0.43    -9.56     0.84      0.0648    -17.23 RIGHT   1.4209E-04   -212.08  4.5017E-05   -379.13
   25.00    200.00      0.59    -9.68     0.98      0.0807    -16.47 RIGHT   1.4486E-04   -217.62  4.4370E-05   -380.99
   30.00    200.00      0.72    -9.88     1.08      0.0961    -15.60 RIGHT   1.4695E-04   -223.40  4.3368E-05   -382.86
   35.00    200.00      0.81   -10.16     1.14      0.1106    -14.60 RIGHT   1.4848E-04   -229.38  4.1991E-05   -384.72
   40.00    200.00      0.87   -10.54     1.17      0.1233    -13.45 RIGHT   1.4950E-04   -235.51  4.0219E-05   -386.55
   45.00    200.00      0.90   -11.02     1.17      0.1334    -12.18 RIGHT   1.5000E-04   -241.69  3.8040E-05   -388.33
   50.00    200.00      0.89   -11.63     1.13      0.1399    -10.80 RIGHT   1.4987E-04   -247.79  3.5443E-05   -390.02
   55.00    200.00      0.83   -12.41     1.03      0.1423     -9.37 RIGHT   1.4881E-04   -253.70  3.2422E-05   -391.59
   60.00    200.00      0.68   -13.38     0.85      0.1404     -7.95 RIGHT   1.4630E-04   -259.27  2.8975E-05   -393.00
   65.00    200.00      0.39   -14.63     0.53      0.1345     -6.60 RIGHT   1.4156E-04   -264.42  2.5106E-05   -394.21
   70.00    200.00     -0.12   -16.25    -0.02      0.1251     -5.34 RIGHT   1.3339E-04   -269.08  2.0824E-05   -395.18
   75.00    200.00     -1.04   -18.46    -0.96      0.1127     -4.20 RIGHT   1.1999E-04   -273.27  1.6144E-05   -395.88
   80.00    200.00     -2.77   -21.73    -2.72      0.0982     -3.18 RIGHT   9.8329E-05   -277.10  1.1091E-05   -396.29
   85.00    200.00     -6.68   -27.51    -6.65      0.0819     -2.25 RIGHT   6.2669E-05   -280.92  5.6954E-06   -396.38
   90.00    200.00   -999.99  -999.99  -999.99      0.0000      0.00         4.9515E-15   -105.57  3.4092E-16   -216.14
    0.00    205.00     -1.18    -7.81    -0.33      0.0000    -25.00 LINEAR  1.1804E-04   -191.69  5.5041E-05   -371.69
    5.00    205.00     -0.73    -7.71     0.06      0.0209    -24.10 RIGHT   1.2431E-04   -196.70  5.5667E-05   -373.50
   10.00    205.00     -0.37    -7.66     0.38      0.0409    -23.26 RIGHT   1.2969E-04   -201.72  5.5990E-05   -375.29
   15.00    205.00     -0.07    -7.66     0.63      0.0606    -22.43 RIGHT   1.3421E-04   -206.86  5.5978E-05   -377.08
   20.00    205.00      0.17    -7.72     0.82      0.0803    -21.56 RIGHT   1.3794E-04   -212.18  5.5598E-05   -378.87
   25.00    205.00      0.36    -7.85     0.97      0.1000    -20.61 RIGHT   1.4097E-04   -217.72  5.4819E-05   -380.67
   30.00    205.00      0.51    -8.04     1.07      0.1192    -19.53 RIGHT   1.4340E-04   -223.48  5.3608E-05   -382.48
   35.00    205.00      0.62    -8.32     1.14      0.1373    -18.28 RIGHT   1.4533E-04   -229.44  5.1938E-05   -384.27
   40.00    205.00      0.71    -8.68     1.18      0.1532    -16.85 RIGHT   1.4680E-04   -235.52  4.9783E-05   -386.04
   45.00    205.00      0.77    -9.16     1.19      0.1658    -15.26 RIGHT   1.4779E-04   -241.63  4.7124E-05   -387.74
   50.00    205.00      0.79    -9.77     1.15      0.1740    -13.53 RIGHT   1.4814E-04   -247.65  4.3944E-05   -389.37
   55.00    205.00      0.75   -10.53     1.06      0.1771    -11.73 RIGHT   1.4754E-04   -253.45  4.0232E-05   -390.88
   60.00    205.00      0.63   -11.50     0.89      0.1748     -9.94 RIGHT   1.4545E-04   -258.92  3.5984E-05   -392.22
   65.00    205.00      0.36   -12.74     0.57      0.1675     -8.23 RIGHT   1.4106E-04   -263.95  3.1202E-05   -393.38
   70.00    205.00     -0.14   -14.36     0.02      0.1557     -6.65 RIGHT   1.3318E-04   -268.52  2.5896E-05   -394.31
   75.00    205.00     -1.04   -16.57    -0.92      0.1403     -5.22 RIGHT   1.1997E-04   -272.62  2.0087E-05   -394.97
   80.00    205.00     -2.76   -19.82    -2.68      0.1222     -3.94 RIGHT   9.8414E-05   -276.39  1.3805E-05   -395.35
   85.00    205.00     -6.67   -25.61    -6.62      0.1019     -2.79 RIGHT   6.2760E-05   -280.16  7.0907E-06   -395.42
   90.00    205.00   -999.99  -999.99  -999.99      0.0000      0.00         4.9597E-15   -104.80  4.2447E-16   -215.18
    0.00    210.00     -1.58    -6.35    -0.33      0.0000    -30.00 LINEAR  1.1279E-04   -191.69  6.5119E-05   -371.69
    5.00    210.00     -1.12    -6.26     0.04      0.0247    -28.93 RIGHT   1.1897E-04   -196.76  6.5826E-05   -373.42
   10.00    210.00     -0.73    -6.21     0.35      0.0485    -27.93 RIGHT   1.2436E-04   -201.83  6.6190E-05   -375.13
   15.00    210.00     -0.41    -6.21     0.60      0.0719    -26.94 RIGHT   1.2899E-04   -206.99  6.6172E-05   -376.85
   20.00    210.00     -0.15    -6.27     0.80      0.0954    -25.91 RIGHT   1.3293E-04   -212.32  6.5735E-05   -378.56
   25.00    210.00      0.06    -6.39     0.95      0.1188    -24.77 RIGHT   1.3627E-04   -217.86  6.4838E-05   -380.29
   30.00    210.00      0.24    -6.58     1.06      0.1417    -23.48 RIGHT   1.3910E-04   -223.61  6.3442E-05   -382.02
   35.00    210.00      0.39    -6.85     1.14      0.1633    -21.99 RIGHT   1.4151E-04   -229.53  6.1510E-05   -383.73
   40.00    210.00      0.51    -7.21     1.19      0.1824    -20.28 RIGHT   1.4351E-04   -235.55  5.9008E-05   -385.41
   45.00    210.00      0.61    -7.68     1.21      0.1976    -18.36 RIGHT   1.4507E-04   -241.57  5.5908E-05   -387.04
   50.00    210.00      0.66    -8.27     1.18      0.2076    -16.27 RIGHT   1.4599E-04   -247.49  5.2185E-05   -388.59
   55.00    210.00      0.66    -9.03     1.10      0.2114    -14.09 RIGHT   1.4594E-04   -253.17  4.7823E-05   -390.02
   60.00    210.00      0.56    -9.99     0.93      0.2087    -11.92 RIGHT   1.4435E-04   -258.50  4.2813E-05   -391.30
   65.00    210.00      0.32   -11.22     0.62      0.1999     -9.85 RIGHT   1.4038E-04   -263.40  3.7155E-05   -392.39
   70.00    210.00     -0.16   -12.84     0.07      0.1858     -7.94 RIGHT   1.3284E-04   -267.84  3.0860E-05   -393.26
   75.00    210.00     -1.05   -15.04    -0.88      0.1674     -6.23 RIGHT   1.1987E-04   -271.84  2.3951E-05   -393.88
   80.00    210.00     -2.76   -18.29    -2.64      0.1458     -4.69 RIGHT   9.8448E-05   -275.53  1.6467E-05   -394.22
   85.00    210.00     -6.66   -24.08    -6.58      0.1216     -3.31 RIGHT   6.2826E-05   -279.26  8.4608E-06   -394.27
   90.00    210.00   -999.99  -999.99  -999.99      0.0000      0.00         4.9661E-15   -103.88  5.0653E-16   -214.02
    0.00    215.00     -2.06    -5.16    -0.33      0.0000    -35.00 LINEAR  1.0668E-04   -191.69  7.4701E-05   -371.69
    5.00    215.00     -1.58    -5.07     0.03      0.0284    -33.77 RIGHT   1.1277E-04   -196.85  7.5468E-05   -373.33
   10.00    215.00     -1.18    -5.02     0.32      0.0558    -32.62 RIGHT   1.1816E-04   -201.97  7.5859E-05   -374.95
   15.00    215.00     -0.83    -5.03     0.57      0.0828    -31.47 RIGHT   1.2292E-04   -207.18  7.5832E-05   -376.58
   20.00    215.00     -0.54    -5.08     0.77      0.1099    -30.27 RIGHT   1.2710E-04   -212.53  7.5344E-05   -378.21
   25.00    215.00     -0.29    -5.20     0.92      0.1369    -28.96 RIGHT   1.3080E-04   -218.08  7.4345E-05   -379.84
   30.00    215.00     -0.08    -5.38     1.04      0.1635    -27.46 RIGHT   1.3409E-04   -223.80  7.2788E-05   -381.48
   35.00    215.00      0.11    -5.65     1.13      0.1887    -25.73 RIGHT   1.3704E-04   -229.68  7.0626E-05   -383.10
   40.00    215.00      0.28    -6.00     1.20      0.2109    -23.73 RIGHT   1.3965E-04   -235.62  6.7815E-05   -384.69
   45.00    215.00      0.41    -6.46     1.22      0.2288    -21.48 RIGHT   1.4185E-04   -241.54  6.4316E-05   -386.23
   50.00    215.00      0.51    -7.05     1.21      0.2405    -19.03 RIGHT   1.4342E-04   -247.33  6.0096E-05   -387.69
   55.00    215.00      0.54    -7.80     1.14      0.2451    -16.46 RIGHT   1.4399E-04   -252.85  5.5131E-05   -389.03
   60.00    215.00      0.48    -8.75     0.97      0.2421    -13.90 RIGHT   1.4296E-04   -258.03  4.9405E-05   -390.23
   65.00    215.00      0.27    -9.97     0.66      0.2319    -11.46 RIGHT   1.3948E-04   -262.78  4.2916E-05   -391.25
   70.00    215.00     -0.19   -11.58     0.11      0.2155     -9.22 RIGHT   1.3232E-04   -267.07  3.5673E-05   -392.05
   75.00    215.00     -1.07   -13.77    -0.84      0.1941     -7.21 RIGHT   1.1964E-04   -270.95  2.7706E-05   -392.62
   80.00    215.00     -2.77   -17.02    -2.61      0.1689     -5.41 RIGHT   9.8394E-05   -274.55  1.9058E-05   -392.93
   85.00    215.00     -6.66   -22.81    -6.56      0.1409     -3.81 RIGHT   6.2842E-05   -278.21  9.7949E-06   -392.95
   90.00    215.00   -999.99  -999.99  -999.99      0.0000      0.00         4.9686E-15   -102.81  5.8647E-16   -212.70
    0.00    220.00     -2.65    -4.17    -0.33      0.0000    -40.00 LINEAR  9.9768E-05   -191.69  8.3715E-05   -371.69
    5.00    220.00     -2.14    -4.09     0.01      0.0319    -38.62 RIGHT   1.0575E-04   -196.97  8.4517E-05   -373.22
   10.00    220.00     -1.71    -4.04     0.29      0.0627    -37.32 RIGHT   1.1116E-04   -202.18  8.4919E-05   -374.74
   15.00    220.00     -1.33    -4.05     0.53      0.0932    -36.02 RIGHT   1.1607E-04   -207.45  8.4878E-05   -376.27
   20.00    220.00     -1.00    -4.10     0.73      0.1237    -34.66 RIGHT   1.2052E-04   -212.84  8.4342E-05   -377.80
   25.00    220.00     -0.71    -4.22     0.89      0.1544    -33.17 RIGHT   1.2461E-04   -218.39  8.3256E-05   -379.33
   30.00    220.00     -0.45    -4.40     1.02      0.1845    -31.47 RIGHT   1.2841E-04   -224.09  8.1561E-05   -380.87
   35.00    220.00     -0.22    -4.65     1.12      0.2131    -29.50 RIGHT   1.3196E-04   -229.90  7.9201E-05   -382.39
   40.00    220.00     -0.00    -4.99     1.19      0.2386    -27.22 RIGHT   1.3524E-04   -235.76  7.6121E-05   -383.88
   45.00    220.00      0.18    -5.45     1.23      0.2591    -24.64 RIGHT   1.3814E-04   -241.55  7.2269E-05   -385.31
   50.00    220.00      0.32    -6.03     1.23      0.2727    -21.81 RIGHT   1.4042E-04   -247.17  6.7602E-05   -386.67
   55.00    220.00      0.40    -6.77     1.16      0.2781    -18.84 RIGHT   1.4167E-04   -252.53  6.2085E-05   -387.92
   60.00    220.00      0.38    -7.71     1.00      0.2748    -15.88 RIGHT   1.4126E-04   -257.51  5.5697E-05   -389.03
   65.00    220.00      0.19    -8.92     0.69      0.2632    -13.05 RIGHT   1.3831E-04   -262.08  4.8428E-05   -389.96
   70.00    220.00     -0.24   -10.52     0.15      0.2445    -10.47 RIGHT   1.3159E-04   -266.21  4.0290E-05   -390.70
   75.00    220.00     -1.10   -12.71    -0.81      0.2202     -8.16 RIGHT   1.1924E-04   -269.95  3.1313E-05   -391.21
   80.00    220.00     -2.78   -15.96    -2.58      0.1916     -6.11 RIGHT   9.8211E-05   -273.44  2.1551E-05   -391.47
   85.00    220.00     -6.67   -21.73    -6.54      0.1598     -4.28 RIGHT   6.2780E-05   -277.04  1.1080E-05   -391.47
   90.00    220.00   -999.99  -999.99  -999.99      0.0000      0.00         4.9653E-15   -101.62  6.6346E-16   -211.20
    0.00    225.00     -3.34    -3.34    -0.33      0.0000    -45.00 LINEAR  9.2092E-05   -191.69  9.2092E-05   -371.69
    5.00    225.00     -2.80    -3.26    -0.02      0.0352    -43.48 RIGHT   9.7964E-05   -197.14  9.2902E-05   -373.10
   10.00    225.00     -2.33    -3.23     0.25      0.0692    -42.03 RIGHT   1.0341E-04   -202.48  9.3299E-05   -374.51
   15.00    225.00     -1.92    -3.23     0.48      0.1030    -40.58 RIGHT   1.0848E-04   -207.83  9.3235E-05   -375.93
   20.00    225.00     -1.54    -3.29     0.68      0.1369    -39.07 RIGHT   1.1325E-04   -213.26  9.2654E-05   -377.34
   25.00    225.00     -1.20    -3.40     0.85      0.1710    -37.40 RIGHT   1.1777E-04   -218.82  9.1491E-05   -378.77
   30.00    225.00     -0.89    -3.57     0.98      0.2046    -35.50 RIGHT   1.2212E-04   -224.50  8.9681E-05   -380.19
   35.00    225.00     -0.60    -3.82     1.09      0.2366    -33.30 RIGHT   1.2631E-04   -230.24  8.7154E-05   -381.60
   40.00    225.00     -0.33    -4.16     1.18      0.2653    -30.75 RIGHT   1.3031E-04   -235.98  8.3842E-05   -382.97
   45.00    225.00     -0.09    -4.60     1.23      0.2885    -27.83 RIGHT   1.3396E-04   -241.61  7.9683E-05   -384.30
   50.00    225.00      0.11    -5.17     1.24      0.3041    -24.62 RIGHT   1.3699E-04   -247.05  7.4620E-05   -385.54
   55.00    225.00      0.23    -5.90     1.18      0.3104    -21.23 RIGHT   1.3896E-04   -252.19  6.8608E-05   -386.69
   60.00    225.00      0.25    -6.83     1.03      0.3068    -17.85 RIGHT   1.3921E-04   -256.96  6.1614E-05   -387.70
   65.00    225.00      0.10    -8.04     0.72      0.2938    -14.63 RIGHT   1.3685E-04   -261.32  5.3627E-05   -388.55
   70.00    225.00     -0.31    -9.63     0.17      0.2729    -11.69 RIGHT   1.3060E-04   -265.26  4.4655E-05   -389.21
   75.00    225.00     -1.14   -11.81    -0.78      0.2456     -9.08 RIGHT   1.1862E-04   -268.84  3.4730E-05   -389.65
   80.00    225.00     -2.81   -15.05    -2.56      0.2136     -6.78 RIGHT   9.7856E-05   -272.21  2.3915E-05   -389.87
   85.00    225.00     -6.69   -20.83    -6.53      0.1781     -4.74 RIGHT   6.2613E-05   -275.74  1.2299E-05   -389.84
   90.00    225.00   -999.99  -999.99  -999.99      0.0000      0.00         4.9536E-15   -100.29  7.3655E-16   -209.57
    0.00    230.00     -4.17    -2.65    -0.33      0.0000    -50.00 LINEAR  8.3715E-05   -191.69  9.9768E-05   -371.69
    5.00    230.00     -3.59    -2.58    -0.04      0.0382    -48.34 RIGHT   8.9488E-05   -197.38  1.0056E-04   -372.98
   10.00    230.00     -3.07    -2.54     0.21      0.0753    -46.76 RIGHT   9.4986E-05   -202.89  1.0093E-04   -374.26
   15.00    230.00     -2.60    -2.55     0.43      0.1122    -45.17 RIGHT   1.0025E-04   -208.36  1.0084E-04   -375.55
   20.00    230.00     -2.17    -2.61     0.63      0.1494    -43.50 RIGHT   1.0534E-04   -213.86  1.0021E-04   -376.85
   25.00    230.00     -1.77    -2.71     0.79      0.1867    -41.67 RIGHT   1.1033E-04   -219.43  9.8976E-05   -378.15
   30.00    230.00     -1.39    -2.88     0.94      0.2237    -39.58 RIGHT   1.1526E-04   -225.07  9.7068E-05   -379.45
   35.00    230.00     -1.03    -3.13     1.06      0.2591    -37.15 RIGHT   1.2014E-04   -230.72  9.4401E-05   -380.73
   40.00    230.00     -0.69    -3.45     1.15      0.2910    -34.32 RIGHT   1.2489E-04   -236.31  9.0894E-05   -381.98
   45.00    230.00     -0.39    -3.89     1.21      0.3170    -31.06 RIGHT   1.2933E-04   -241.75  8.6472E-05   -383.19
   50.00    230.00     -0.14    -4.45     1.23      0.3346    -27.45 RIGHT   1.3315E-04   -246.96  8.1065E-05   -384.32
   55.00    230.00      0.04    -5.17     1.18      0.3419    -23.63 RIGHT   1.3586E-04   -251.86  7.4615E-05   -385.35
   60.00    230.00      0.10    -6.09     1.03      0.3380    -19.81 RIGHT   1.3680E-04   -256.38  6.7080E-05   -386.26
   65.00    230.00     -0.02    -7.29     0.73      0.3237    -16.18 RIGHT   1.3504E-04   -260.50  5.8442E-05   -387.01
   70.00    230.00     -0.39    -8.87     0.18      0.3004    -12.89 RIGHT   1.2931E-04   -264.23  4.8706E-05   -387.59
   75.00    230.00     -1.21   -11.05    -0.78      0.2702     -9.97 RIGHT   1.1773E-04   -267.63  3.7908E-05   -387.97
   80.00    230.00     -2.86   -14.29    -2.56      0.2349     -7.42 RIGHT   9.7290E-05   -270.88  2.6117E-05   -388.14
   85.00    230.00     -6.73   -20.06    -6.54      0.1958     -5.16 RIGHT   6.2313E-05   -274.33  1.3436E-05   -388.08
   90.00    230.00   -999.99  -999.99  -999.99      0.0000      0.00         4.9314E-15    -98.85  8.0466E-16   -207.79
    0.00    235.00     -5.16    -2.06    -0.33      0.0000    -55.00 LINEAR  7.4701E-05   -191.69  1.0668E-04   -371.69
    5.00    235.00     -4.52    -2.00    -0.07      0.0410    -53.22 RIGHT   8.0388E-05   -197.73  1.0743E-04   -372.84
   10.00    235.00     -3.94    -1.98     0.16      0.0809    -51.51 RIGHT   8.5957E-05   -203.49  1.0776E-04   -373.99
   15.00    235.00     -3.40    -1.99     0.37      0.1208    -49.78 RIGHT   9.1442E-05   -209.11  1.0762E-04   -375.15
   20.00    235.00     -2.90    -2.04     0.56      0.1610    -47.97 RIGHT   9.6902E-05   -214.69  1.0693E-04   -376.31
   25.00    235.00     -2.42    -2.15     0.73      0.2015    -45.97 RIGHT   1.0239E-04   -220.28  1.0564E-04   -377.48
   30.00    235.00     -1.96    -2.31     0.88      0.2417    -43.69 RIGHT   1.0794E-04   -225.85  1.0365E-04   -378.65
   35.00    235.00     -1.52    -2.55     1.00      0.2805    -41.04 RIGHT   1.1352E-04   -231.38  1.0086E-04   -379.80
   40.00    235.00     -1.11    -2.87     1.11      0.3156    -37.93 RIGHT   1.1904E-04   -236.78  9.7194E-05   -380.92
   45.00    235.00     -0.74    -3.30     1.18      0.3444    -34.34 RIGHT   1.2429E-04   -241.99  9.2551E-05   -382.00
   50.00    235.00     -0.42    -3.85     1.21      0.3641    -30.32 RIGHT   1.2890E-04   -246.93  8.6851E-05   -383.00
   55.00    235.00     -0.19    -4.56     1.16      0.3724    -26.04 RIGHT   1.3238E-04   -251.54  8.0022E-05   -383.92
   60.00    235.00     -0.08    -5.48     1.02      0.3684    -21.76 RIGHT   1.3402E-04   -255.78  7.2014E-05   -384.71
   65.00    235.00     -0.16    -6.67     0.72      0.3526    -17.70 RIGHT   1.3288E-04   -259.63  6.2798E-05   -385.37
   70.00    235.00     -0.50    -8.24     0.17      0.3270    -14.04 RIGHT   1.2767E-04   -263.13  5.2379E-05   -385.86
   75.00    235.00     -1.30   -10.41    -0.79      0.2939    -10.83 RIGHT   1.1654E-04   -266.34  4.0795E-05   -386.18
   80.00    235.00     -2.94   -13.64    -2.58      0.2553     -8.03 RIGHT   9.6476E-05   -269.44  2.8120E-05   -386.29
   85.00    235.00     -6.80   -19.42    -6.57      0.2128     -5.56 RIGHT   6.1855E-05   -272.80  1.4471E-05   -386.21
   90.00    235.00   -999.99  -999.99  -999.99      0.0000      0.00         4.8968E-15    -97.30  8.6683E-16   -205.91
    0.00    240.00     -6.35    -1.58    -0.33      0.0000    -60.00 LINEAR  6.5119E-05   -191.69  1.1279E-04   -371.69
    5.00    240.00     -5.63    -1.53    -0.10      0.0435    -58.11 RIGHT   7.0739E-05   -198.24  1.1346E-04   -372.70
   10.00    240.00     -4.96    -1.51     0.11      0.0860    -56.28 RIGHT   7.6411E-05   -204.33  1.1373E-04   -373.70
   15.00    240.00     -4.33    -1.52     0.31      0.1286    -54.42 RIGHT   8.2156E-05   -210.17  1.1352E-04   -374.72
   20.00    240.00     -3.73    -1.58     0.49      0.1717    -52.47 RIGHT   8.8019E-05   -215.85  1.1278E-04   -375.74
   25.00    240.00     -3.16    -1.69     0.65      0.2152    -50.31 RIGHT   9.4040E-05   -221.43  1.1142E-04   -376.77
   30.00    240.00     -2.61    -1.85     0.80      0.2587    -47.85 RIGHT   1.0023E-04   -226.92  1.0935E-04   -377.79
   35.00    240.00     -2.07    -2.08     0.93      0.3006    -44.98 RIGHT   1.0654E-04   -232.27  1.0647E-04   -378.81
   40.00    240.00     -1.58    -2.40     1.04      0.3390    -41.59 RIGHT   1.1284E-04   -237.44  1.0266E-04   -379.79
   45.00    240.00     -1.12    -2.81     1.12      0.3708    -37.65 RIGHT   1.1889E-04   -242.36  9.7839E-05   -380.73
   50.00    240.00     -0.74    -3.36     1.16      0.3927    -33.21 RIGHT   1.2429E-04   -246.98  9.1893E-05   -381.60
   55.00    240.00     -0.45    -4.06     1.12      0.4021    -28.46 RIGHT   1.2852E-04   -251.25  8.4746E-05   -382.39
   60.00    240.00     -0.29    -4.97     0.98      0.3977    -23.69 RIGHT   1.3085E-04   -255.17  7.6333E-05   -383.07
   65.00    240.00     -0.32    -6.15     0.68      0.3805    -19.19 RIGHT   1.3033E-04   -258.72  6.6622E-05   -383.63
   70.00    240.00     -0.64    -7.72     0.14      0.3525    -15.15 RIGHT   1.2567E-04   -261.95  5.5610E-05   -384.03
   75.00    240.00     -1.41    -9.89    -0.83      0.3165    -11.64 RIGHT   1.1501E-04   -264.95  4.3338E-05   -384.28
   80.00    240.00     -3.04   -13.12    -2.63      0.2748     -8.60 RIGHT   9.5383E-05   -267.90  2.9887E-05   -384.34
   85.00    240.00     -6.89   -18.88    -6.62      0.2289     -5.93 RIGHT   6.1218E-05   -271.17  1.5384E-05   -384.22
   90.00    240.00   -999.99  -999.99  -999.99      0.0000      0.00         4.8481E-15    -95.63  9.2161E-16   -203.92
    0.00    245.00     -7.81    -1.18    -0.33      0.0000    -65.00 LINEAR  5.5041E-05   -191.69  1.1804E-04   -371.69
    5.00    245.00     -6.97    -1.14    -0.13      0.0456    -63.01 RIGHT   6.0624E-05   -198.99  1.1861E-04   -372.54
   10.00    245.00     -6.18    -1.13     0.05      0.0905    -61.07 RIGHT   6.6446E-05   -205.57  1.1879E-04   -373.40
   15.00    245.00     -5.42    -1.15     0.23      0.1356    -59.09 RIGHT   7.2500E-05   -211.67  1.1850E-04   -374.26
   20.00    245.00     -4.69    -1.21     0.40      0.1814    -57.00 RIGHT   7.8810E-05   -217.46  1.1769E-04   -375.14
   25.00    245.00     -4.00    -1.32     0.56      0.2279    -54.69 RIGHT   8.5398E-05   -223.02  1.1627E-04   -376.02
   30.00    245.00     -3.33    -1.48     0.71      0.2744    -52.05 RIGHT   9.2251E-05   -228.36  1.1412E-04   -376.89
   35.00    245.00     -2.69    -1.71     0.84      0.3196    -48.96 RIGHT   9.9297E-05   -233.47  1.1115E-04   -377.76
   40.00    245.00     -2.09    -2.02     0.96      0.3613    -45.30 RIGHT   1.0637E-04   -238.32  1.0723E-04   -378.59
   45.00    245.00     -1.55    -2.43     1.04      0.3960    -41.01 RIGHT   1.1320E-04   -242.88  1.0226E-04   -379.39
   50.00    245.00     -1.09    -2.97     1.08      0.4202    -36.13 RIGHT   1.1937E-04   -247.11  9.6116E-05   -380.13
   55.00    245.00     -0.73    -3.67     1.05      0.4307    -30.87 RIGHT   1.2432E-04   -251.00  8.8708E-05   -380.79
   60.00    245.00     -0.53    -4.57     0.92      0.4261    -25.59 RIGHT   1.2732E-04   -254.54  7.9964E-05   -381.35
   65.00    245.00     -0.52    -5.74     0.62      0.4072    -20.63 RIGHT   1.2740E-04   -257.76  6.9841E-05   -381.80
   70.00    245.00     -0.81    -7.31     0.07      0.3768    -16.21 RIGHT   1.2329E-04   -260.71  5.8335E-05   -382.11
   75.00    245.00     -1.55    -9.47    -0.90      0.3379    -12.40 RIGHT   1.1313E-04   -263.48  4.5486E-05   -382.28
   80.00    245.00     -3.16   -12.69    -2.70      0.2931     -9.13 RIGHT   9.3991E-05   -266.26  3.1381E-05   -382.29
   85.00    245.00     -7.01   -18.46    -6.71      0.2440     -6.27 RIGHT   6.0388E-05   -269.43  1.6157E-05   -382.14
   90.00    245.00   -999.99  -999.99  -999.99      0.0000      0.00         4.7840E-15    -93.85  9.6800E-16   -201.82
    0.00    250.00     -9.65    -0.87    -0.33      0.0000    -70.00 LINEAR  4.4544E-05   -191.69  1.2238E-04   -371.69
    5.00    250.00     -8.62    -0.84    -0.17      0.0475    -67.93 RIGHT   5.0133E-05   -200.16  1.2284E-04   -372.38
   10.00    250.00     -7.63    -0.83    -0.01      0.0945    -65.89 RIGHT   5.6172E-05   -207.42  1.2291E-04   -373.08
   15.00    250.00     -6.69    -0.86     0.15      0.1419    -63.80 RIGHT   6.2601E-05   -213.86  1.2253E-04   -373.79
   20.00    250.00     -5.80    -0.92     0.30      0.1902    -61.57 RIGHT   6.9414E-05   -219.74  1.2163E-04   -374.51
   25.00    250.00     -4.94    -1.03     0.45      0.2394    -59.12 RIGHT   7.6604E-05   -225.19  1.2013E-04   -375.23
   30.00    250.00     -4.13    -1.19     0.59      0.2889    -56.31 RIGHT   8.4135E-05   -230.28  1.1791E-04   -375.95
   35.00    250.00     -3.36    -1.42     0.73      0.3374    -53.00 RIGHT   9.1904E-05   -235.05  1.1486E-04   -376.66
   40.00    250.00     -2.65    -1.73     0.84      0.3823    -49.07 RIGHT   9.9723E-05   -239.48  1.1085E-04   -377.34
   45.00    250.00     -2.01    -2.14     0.93      0.4202    -44.41 RIGHT   1.0729E-04   -243.58  1.0575E-04   -377.99
   50.00    250.00     -1.47    -2.67     0.98      0.4468    -39.07 RIGHT   1.1418E-04   -247.35  9.9451E-05   -378.59
   55.00    250.00     -1.06    -3.36     0.95      0.4584    -33.28 RIGHT   1.1981E-04   -250.78  9.1841E-05   -379.11
   60.00    250.00     -0.80    -4.26     0.82      0.4533    -27.45 RIGHT   1.2344E-04   -253.91  8.2838E-05   -379.55
   65.00    250.00     -0.75    -5.43     0.52      0.4328    -22.01 RIGHT   1.2410E-04   -256.76  7.2394E-05   -379.89
   70.00    250.00     -1.00    -6.99    -0.03      0.3998    -17.22 RIGHT   1.2052E-04   -259.40  6.0499E-05   -380.11
   75.00    250.00     -1.73    -9.15    -1.00      0.3580    -13.11 RIGHT   1.1089E-04   -261.92  4.7194E-05   -380.20
   80.00    250.00     -3.32   -12.37    -2.81      0.3101     -9.62 RIGHT   9.2293E-05   -264.52  3.2570E-05   -380.16
   85.00    250.00     -7.16   -18.13    -6.82      0.2580     -6.59 RIGHT   5.9359E-05   -267.57  1.6773E-05   -379.97
   90.00    250.00   -999.99  -999.99  -999.99      0.0000      0.00         4.7040E-15   -451.97  1.0050E-15   -199.64
    0.00    255.00    -12.07    -0.63    -0.33      0.0000    -75.00 LINEAR  3.3708E-05   -191.69  1.2580E-04   -371.69
    5.00    255.00    -10.72    -0.61    -0.21      0.0490    -72.86 RIGHT   3.9372E-05   -202.10  1.2612E-04   -372.22
   10.00    255.00     -9.42    -0.61    -0.08      0.0978    -70.73 RIGHT   4.5729E-05   -210.33  1.2606E-04   -372.75
   15.00    255.00     -8.20    -0.65     0.06      0.1472    -68.54 RIGHT   5.2627E-05   -217.14  1.2557E-04   -373.30
   20.00    255.00     -7.06    -0.72     0.19      0.1979    -66.19 RIGHT   6.0007E-05   -223.00  1.2457E-04   -373.85
   25.00    255.00     -6.00    -0.83     0.32      0.2497    -63.59 RIGHT   6.7831E-05   -228.18  1.2298E-04   -374.41
   30.00    255.00     -5.00    -0.99     0.46      0.3023    -60.61 RIGHT   7.6037E-05   -232.85  1.2068E-04   -374.97
   35.00    255.00     -4.09    -1.22     0.59      0.3540    -57.10 RIGHT   8.4501E-05   -237.10  1.1755E-04   -375.52
   40.00    255.00     -3.25    -1.53     0.70      0.4023    -52.88 RIGHT   9.3015E-05   -240.97  1.1345E-04   -376.04
   45.00    255.00     -2.52    -1.94     0.79      0.4433    -47.85 RIGHT   1.0126E-04   -244.50  1.0826E-04   -376.54
   50.00    255.00     -1.89    -2.47     0.84      0.4724    -42.02 RIGHT   1.0880E-04   -247.71  1.0185E-04   -376.99
   55.00    255.00     -1.41    -3.15     0.82      0.4850    -35.65 RIGHT   1.1504E-04   -250.62  9.4090E-05   -377.37
   60.00    255.00     -1.10    -4.05     0.68      0.4794    -29.25 RIGHT   1.1925E-04   -253.28  8.4902E-05   -377.68
   65.00    255.00     -1.01    -5.21     0.39      0.4569    -23.32 RIGHT   1.2046E-04   -255.72  7.4228E-05   -377.91
   70.00    255.00     -1.23    -6.77    -0.16      0.4212    -18.14 RIGHT   1.1740E-04   -258.01  6.2056E-05   -378.03
   75.00    255.00     -1.93    -8.92    -1.14      0.3764    -13.76 RIGHT   1.0829E-04   -260.26  4.8424E-05   -378.05
   80.00    255.00     -3.51   -12.14    -2.95      0.3256    -10.06 RIGHT   9.0291E-05   -262.67  3.3427E-05   -377.95
   85.00    255.00     -7.34   -17.91    -6.97      0.2707     -6.87 RIGHT   5.8131E-05   -265.61  1.7217E-05   -377.73
   90.00    255.00   -999.99  -999.99  -999.99      0.0000      0.00         4.6082E-15   -449.96  1.0316E-15   -197.39
    0.00    260.00    -15.54    -0.46    -0.33      0.0000    -80.00 LINEAR  2.2616E-05   -191.69  1.2826E-04   -371.69
    5.00    260.00    -13.53    -0.45    -0.24      0.0501    -77.81 RIGHT   2.8479E-05   -205.73  1.2843E-04   -372.05
   10.00    260.00    -11.66    -0.47    -0.15      0.1004    -75.61 RIGHT   3.5325E-05   -215.25  1.2822E-04   -372.41
   15.00    260.00     -9.99    -0.51    -0.04      0.1517    -73.32 RIGHT   4.2816E-05   -222.24  1.2760E-04   -372.79
   20.00    260.00     -8.50    -0.58     0.07      0.2045    -70.86 RIGHT   5.0826E-05   -227.74  1.2649E-04   -373.18
   25.00    260.00     -7.16    -0.70     0.18      0.2589    -68.13 RIGHT   5.9295E-05   -232.32  1.2479E-04   -373.57
   30.00    260.00     -5.96    -0.87     0.30      0.3143    -64.98 RIGHT   6.8145E-05   -236.26  1.2240E-04   -373.96
   35.00    260.00     -4.87    -1.10     0.42      0.3693    -61.26 RIGHT   7.7243E-05   -239.75  1.1919E-04   -374.34
   40.00    260.00     -3.90    -1.41     0.53      0.4211    -56.76 RIGHT   8.6373E-05   -242.86  1.1503E-04   -374.70
   45.00    260.00     -3.05    -1.82     0.62      0.4656    -51.34 RIGHT   9.5210E-05   -245.66  1.0976E-04   -375.04
   50.00    260.00     -2.34    -2.35     0.67      0.4971    -44.98 RIGHT   1.0331E-04   -248.20  1.0327E-04   -375.33
   55.00    260.00     -1.79    -3.03     0.64      0.5108    -37.99 RIGHT   1.1009E-04   -250.51  9.5419E-05   -375.58
   60.00    260.00     -1.43    -3.92     0.51      0.5043    -30.96 RIGHT   1.1480E-04   -252.64  8.6119E-05   -375.76
   65.00    260.00     -1.30    -5.09     0.22      0.4794    -24.52 RIGHT   1.1650E-04   -254.63  7.5309E-05   -375.87
   70.00    260.00     -1.49    -6.64    -0.33      0.4407    -18.98 RIGHT   1.1394E-04   -256.55  6.2973E-05   -375.89
   75.00    260.00     -2.17    -8.79    -1.32      0.3929    -14.34 RIGHT   1.0537E-04   -258.52  4.9149E-05   -375.83
   80.00    260.00     -3.73   -12.01    -3.13      0.3394    -10.46 RIGHT   8.8006E-05   -260.72  3.3933E-05   -375.67
   85.00    260.00     -7.55   -17.77    -7.16      0.2819     -7.12 RIGHT   5.6716E-05   -263.53  1.7479E-05   -375.41
   90.00    260.00   -999.99  -999.99  -999.99      0.0000      0.00         4.4976E-15   -447.84  1.0473E-15   -195.05
    0.00    265.00    -21.52    -0.36    -0.33      0.0000    -85.00 LINEAR  1.1351E-05   -191.69  1.2974E-04   -371.69
    5.00    265.00    -17.65    -0.36    -0.28      0.0509    -82.77 RIGHT   1.7728E-05   -214.11  1.2974E-04   -371.87
   10.00    265.00    -14.54    -0.39    -0.22      0.1023    -80.51 RIGHT   2.5359E-05   -224.52  1.2938E-04   -372.07
   15.00    265.00    -12.11    -0.44    -0.15      0.1552    -78.14 RIGHT   3.3569E-05   -230.59  1.2861E-04   -372.27
   20.00    265.00    -10.11    -0.52    -0.07      0.2099    -75.58 RIGHT   4.2225E-05   -234.80  1.2737E-04   -372.49
   25.00    265.00     -8.43    -0.65     0.02      0.2668    -72.72 RIGHT   5.1285E-05   -238.06  1.2556E-04   -372.70
   30.00    265.00     -6.96    -0.82     0.12      0.3251    -69.42 RIGHT   6.0687E-05   -240.77  1.2308E-04   -372.92
   35.00    265.00     -5.69    -1.06     0.23      0.3835    -65.49 RIGHT   7.0307E-05   -243.12  1.1979E-04   -373.13
   40.00    265.00     -4.57    -1.37     0.33      0.4391    -60.71 RIGHT   7.9932E-05   -245.21  1.1556E-04   -373.33
   45.00    265.00     -3.61    -1.78     0.41      0.4871    -54.87 RIGHT   8.9242E-05   -247.11  1.1024E-04   -373.50
   50.00    265.00     -2.82    -2.31     0.45      0.5213    -47.94 RIGHT   9.7795E-05   -248.85  1.0370E-04   -373.64
   55.00    265.00     -2.20    -3.00     0.43      0.5358    -40.25 RIGHT   1.0501E-04   -250.46  9.5810E-05   -373.73
   60.00    265.00     -1.78    -3.89     0.30      0.5279    -32.55 RIGHT   1.1016E-04   -252.00  8.6471E-05   -373.78
   65.00    265.00     -1.62    -5.05     0.01      0.5002    -25.59 RIGHT   1.1229E-04   -253.49  7.5619E-05   -373.77
   70.00    265.00     -1.78    -6.61    -0.55      0.4582    -19.70 RIGHT   1.1020E-04   -255.01  6.3236E-05   -373.70
   75.00    265.00     -2.44    -8.76    -1.53      0.4073    -14.84 RIGHT   1.0216E-04   -256.67  4.9357E-05   -373.55
   80.00    265.00     -3.99   -11.98    -3.35      0.3511    -10.80 RIGHT   8.5470E-05   -258.65  3.4078E-05   -373.33
   85.00    265.00     -7.80   -17.74    -7.38      0.2914     -7.34 RIGHT   5.5135E-05   -261.33  1.7555E-05   -373.04
   90.00    265.00   -999.99  -999.99  -999.99      0.0000      0.00         4.3736E-15   -445.60  1.0519E-15   -192.68
    0.00    270.00   -999.99    -0.33    -0.33      0.0000     90.00 LINEAR  1.9940E-15   -371.69  1.3024E-04   -371.69
    5.00    270.00    -24.14    -0.34    -0.32      0.0513    -87.75 RIGHT   8.4010E-06   -244.39  1.3007E-04   -371.70
   10.00    270.00    -18.05    -0.38    -0.30      0.1036    -85.44 RIGHT   1.6928E-05   -244.61  1.2954E-04   -371.72
   15.00    270.00    -14.43    -0.44    -0.27      0.1577    -83.00 RIGHT   2.5691E-05   -244.96  1.2861E-04   -371.75
   20.00    270.00    -11.80    -0.53    -0.22      0.2142    -80.35 RIGHT   3.4770E-05   -245.44  1.2723E-04   -371.78
   25.00    270.00     -9.72    -0.67    -0.16      0.2734    -77.38 RIGHT   4.4196E-05   -246.01  1.2530E-04   -371.83
   30.00    270.00     -7.99    -0.85    -0.08      0.3347    -73.93 RIGHT   5.3940E-05   -246.65  1.2271E-04   -371.87
   35.00    270.00     -6.52    -1.09     0.01      0.3966    -69.80 RIGHT   6.3889E-05   -247.35  1.1934E-04   -371.90
   40.00    270.00     -5.26    -1.41     0.09      0.4561    -64.73 RIGHT   7.3837E-05   -248.09  1.1505E-04   -371.92
   45.00    270.00     -4.19    -1.82     0.16      0.5081    -58.44 RIGHT   8.3468E-05   -248.86  1.0970E-04   -371.93
   50.00    270.00     -3.32    -2.36     0.20      0.5452    -50.87 RIGHT   9.2344E-05   -249.65  1.0315E-04   -371.90
   55.00    270.00     -2.63    -3.05     0.17      0.5602    -42.40 RIGHT   9.9893E-05   -250.47  9.5269E-05   -371.85
   60.00    270.00     -2.17    -3.94     0.05      0.5503    -33.97 RIGHT   1.0538E-04   -251.34  8.5962E-05   -371.76
   65.00    270.00     -1.96    -5.11    -0.25      0.5190    -26.49 RIGHT   1.0790E-04   -252.30  7.5161E-05   -371.63
   70.00    270.00     -2.10    -6.66    -0.80      0.4733    -20.28 RIGHT   1.0624E-04   -253.39  6.2845E-05   -371.45
   75.00    270.00     -2.74    -8.81    -1.78      0.4193    -15.24 RIGHT   9.8723E-05   -254.71  4.9048E-05   -371.22
   80.00    270.00     -4.27   -12.03    -3.60      0.3606    -11.08 RIGHT   8.2728E-05   -256.46  3.3863E-05   -370.94
   85.00    270.00     -8.07   -17.79    -7.63      0.2989     -7.53 RIGHT   5.3417E-05   -259.01  1.7443E-05   -370.61
   90.00    270.00   -999.99  -999.99  -999.99      0.0000      0.00         4.2386E-15   -443.23  1.0452E-15   -190.23
    0.00    275.00    -21.52    -0.36    -0.33      0.0000     85.00 LINEAR  1.1351E-05   -371.69  1.2974E-04   -371.69
    5.00    275.00    -23.45    -0.39    -0.37      0.0513     87.25 RIGHT   9.0915E-06   -324.48  1.2940E-04   -371.52
   10.00    275.00    -20.07    -0.43    -0.39      0.1040     89.59 RIGHT   1.3422E-05   -285.27  1.2870E-04   -371.37
   15.00    275.00    -16.25    -0.51    -0.39      0.1591    -87.92 RIGHT   2.0827E-05   -268.70  1.2761E-04   -371.22
   20.00    275.00    -13.27    -0.61    -0.38      0.2172    -85.19 RIGHT   2.9364E-05   -260.96  1.2608E-04   -371.08
   25.00    275.00    -10.90    -0.76    -0.35      0.2786    -82.12 RIGHT   3.8560E-05   -256.72  1.2402E-04   -370.94
   30.00    275.00     -8.96    -0.95    -0.31      0.3429    -78.53 RIGHT   4.8228E-05   -254.17  1.2132E-04   -370.80
   35.00    275.00     -7.33    -1.20    -0.25      0.4087    -74.21 RIGHT   5.8197E-05   -252.56  1.1787E-04   -370.65
   40.00    275.00     -5.95    -1.52    -0.18      0.4726    -68.84 RIGHT   6.8229E-05   -251.54  1.1353E-04   -370.50
   45.00    275.00     -4.78    -1.94    -0.12      0.5289    -62.07 RIGHT   7.7993E-05   -250.93  1.0817E-04   -370.33
   50.00    275.00     -3.83    -2.48    -0.09      0.5691    -53.76 RIGHT   8.7045E-05   -250.61  1.0164E-04   -370.14
   55.00    275.00     -3.09    -3.18    -0.12      0.5843    -44.39 RIGHT   9.4808E-05   -250.54  9.3822E-05   -369.94
   60.00    275.00     -2.58    -4.08    -0.25      0.5715    -35.16 RIGHT   1.0056E-04   -250.68  8.4617E-05   -369.70
   65.00    275.00     -2.34    -5.25    -0.54      0.5357    -27.17 RIGHT   1.0339E-04   -251.05  7.3956E-05   -369.44
   70.00    275.00     -2.44    -6.80    -1.09      0.4857    -20.71 RIGHT   1.0212E-04   -251.67  6.1820E-05   -369.16
   75.00    275.00     -3.06    -8.96    -2.07      0.4284    -15.54 RIGHT   9.5119E-05   -252.65  4.8237E-05   -368.84
   80.00    275.00     -4.58   -12.18    -3.88      0.3674    -11.30 RIGHT   7.9835E-05   -254.16  3.3298E-05   -368.50
   85.00    275.00     -8.37   -17.94    -7.92      0.3041     -7.68 RIGHT   5.1597E-05   -256.56  1.7151E-05   -368.13
   90.00    275.00   -999.99  -999.99  -999.99      0.0000      0.00         4.0954E-15   -440.73  1.0276E-15   -187.74
    0.00    280.00    -15.54    -0.46    -0.33      0.0000     80.00 LINEAR  2.2616E-05   -371.69  1.2826E-04   -371.69
    5.00    280.00    -17.24    -0.50    -0.41      0.0509     82.24 RIGHT   1.8587E-05   -350.46  1.2774E-04   -371.35
   10.00    280.00    -17.60    -0.56    -0.47      0.1038     84.59 RIGHT   1.7828E-05   -322.86  1.2688E-04   -371.02
   15.00    280.00    -16.18    -0.64    -0.52      0.1595     87.11 RIGHT   2.1013E-05   -297.79  1.2563E-04   -370.69
   20.00    280.00    -13.96    -0.76    -0.56      0.2189     89.90 RIGHT   2.7133E-05   -280.81  1.2394E-04   -370.37
   25.00    280.00    -11.74    -0.92    -0.57      0.2825    -86.94 RIGHT   3.4996E-05   -270.20  1.2175E-04   -370.05
   30.00    280.00     -9.77    -1.12    -0.56      0.3499    -83.23 RIGHT   4.3907E-05   -263.37  1.1895E-04   -369.73
   35.00    280.00     -8.07    -1.38    -0.54      0.4197    -78.73 RIGHT   5.3444E-05   -258.78  1.1542E-04   -369.40
   40.00    280.00     -6.60    -1.71    -0.49      0.4886    -73.06 RIGHT   6.3245E-05   -255.59  1.1105E-04   -369.06
   45.00    280.00     -5.37    -2.14    -0.45      0.5501    -65.77 RIGHT   7.2917E-05   -253.33  1.0569E-04   -368.72
   50.00    280.00     -4.35    -2.69    -0.43      0.5937    -56.60 RIGHT   8.1978E-05   -251.74  9.9222E-05   -368.36
   55.00    280.00     -3.56    -3.39    -0.46      0.6085    -46.16 RIGHT   8.9836E-05   -250.66  9.1517E-05   -368.00
   60.00    280.00     -3.00    -4.30    -0.59      0.5914    -36.04 RIGHT   9.5759E-05   -250.00  8.2481E-05   -367.62
   65.00    280.00     -2.73    -5.47    -0.88      0.5499    -27.57 RIGHT   9.8843E-05   -249.74  7.2049E-05   -367.23
   70.00    280.00     -2.81    -7.03    -1.41      0.4951    -20.93 RIGHT   9.7929E-05   -249.87  6.0197E-05   -366.84
   75.00    280.00     -3.40    -9.19    -2.39      0.4344    -15.70 RIGHT   9.1423E-05   -250.49  4.6954E-05   -366.43
   80.00    280.00     -4.91   -12.41    -4.20      0.3713    -11.44 RIGHT   7.6854E-05   -251.74  3.2405E-05   -366.03
   85.00    280.00     -8.70   -18.18    -8.23      0.3068     -7.79 RIGHT   4.9716E-05   -253.99  1.6688E-05   -365.62
   90.00    280.00   -999.99  -999.99  -999.99      0.0000      0.00         3.9473E-15   -438.11  9.9987E-16   -185.22
    0.00    285.00    -12.07    -0.63    -0.33      0.0000     75.00 LINEAR  3.3708E-05   -371.69  1.2580E-04   -371.69
    5.00    285.00    -13.35    -0.68    -0.45      0.0502     77.21 RIGHT   2.9094E-05   -358.07  1.2512E-04   -371.18
   10.00    285.00    -14.26    -0.75    -0.56      0.1027     79.55 RIGHT   2.6196E-05   -340.48  1.2409E-04   -370.67
   15.00    285.00    -14.37    -0.85    -0.66      0.1587     82.09 RIGHT   2.5874E-05   -320.11  1.2269E-04   -370.17
   20.00    285.00    -13.50    -0.98    -0.74      0.2192     84.91 RIGHT   2.8585E-05   -300.65  1.2086E-04   -369.67
   25.00    285.00    -12.00    -1.15    -0.81      0.2848     88.14 RIGHT   3.3971E-05   -285.14  1.1854E-04   -369.17
   30.00    285.00    -10.31    -1.36    -0.84      0.3554    -88.05 RIGHT   4.1278E-05   -273.89  1.1564E-04   -368.66
   35.00    285.00     -8.68    -1.64    -0.85      0.4298    -83.39 RIGHT   4.9811E-05   -265.91  1.1205E-04   -368.15
   40.00    285.00     -7.21    -1.98    -0.84      0.5044    -77.43 RIGHT   5.9001E-05   -260.20  1.0766E-04   -367.63
   45.00    285.00     -5.93    -2.42    -0.82      0.5720    -69.56 RIGHT   6.8322E-05   -256.05  1.0233E-04   -367.10
   50.00    285.00     -4.87    -2.98    -0.82      0.6196    -59.36 RIGHT   7.7216E-05   -253.02  9.5960E-05   -366.58
   55.00    285.00     -4.03    -3.69    -0.85      0.6332    -47.61 RIGHT   8.5045E-05   -250.83  8.8418E-05   -366.05
   60.00    285.00     -3.44    -4.60    -0.97      0.6099    -36.52 RIGHT   9.1057E-05   -249.30  7.9618E-05   -365.52
   65.00    285.00     -3.13    -5.79    -1.25      0.5613    -27.65 RIGHT   9.4339E-05   -248.37  6.9495E-05   -365.00
   70.00    285.00     -3.19    -7.35    -1.78      0.5010    -20.93 RIGHT   9.3744E-05   -247.99  5.8028E-05   -364.49
   75.00    285.00     -3.76    -9.51    -2.74      0.4368    -15.72 RIGHT   8.7713E-05   -248.22  4.5241E-05   -364.00
   80.00    285.00     -5.26   -12.74    -4.54      0.3720    -11.49 RIGHT   7.3850E-05   -249.20  3.1211E-05   -363.53
   85.00    285.00     -9.03   -18.50    -8.57      0.3068     -7.85 RIGHT   4.7817E-05   -251.30  1.6070E-05   -363.08
   90.00    285.00   -999.99  -999.99  -999.99      0.0000      0.00         3.7977E-15   -435.38  9.6275E-16   -182.67
    0.00    290.00     -9.65    -0.87    -0.33      0.0000     70.00 LINEAR  4.4544E-05   -371.69  1.2238E-04   -371.69
    5.00    290.00    -10.68    -0.93    -0.49      0.0490     72.16 RIGHT   3.9571E-05   -361.45  1.2156E-04   -371.01
   10.00    290.00    -11.60    -1.01    -0.65      0.1008     74.47 RIGHT   3.5568E-05   -348.78  1.2038E-04   -370.33
   15.00    290.00    -12.22    -1.13    -0.80      0.1568     77.01 RIGHT   3.3125E-05   -333.40  1.1883E-04   -369.66
   20.00    290.00    -12.27    -1.27    -0.94      0.2180     79.85 RIGHT   3.2941E-05   -316.14  1.1686E-04   -368.98
   25.00    290.00    -11.63    -1.45    -1.06      0.2854     83.11 RIGHT   3.5442E-05   -299.26  1.1443E-04   -368.29
   30.00    290.00    -10.48    -1.68    -1.15      0.3593     86.98 RIGHT   4.0466E-05   -284.86  1.1144E-04   -367.60
   35.00    290.00     -9.11    -1.97    -1.20      0.4387    -88.23 RIGHT   4.7414E-05   -273.65  1.0781E-04   -366.90
   40.00    290.00     -7.73    -2.33    -1.23      0.5202    -82.00 RIGHT   5.5578E-05   -265.27  1.0343E-04   -366.20
   45.00    290.00     -6.46    -2.79    -1.24      0.5952    -73.51 RIGHT   6.4271E-05   -259.05  9.8171E-05   -365.49
   50.00    290.00     -5.38    -3.36    -1.24      0.6478    -62.03 RIGHT   7.2816E-05   -254.43  9.1932E-05   -364.79
   55.00    290.00     -4.51    -4.08    -1.28      0.6590    -48.62 RIGHT   8.0499E-05   -251.03  8.4605E-05   -364.10
   60.00    290.00     -3.88    -5.00    -1.39      0.6269    -36.49 RIGHT   8.6522E-05   -248.58  7.6103E-05   -363.42
   65.00    290.00     -3.54    -6.19    -1.66      0.5694    -27.34 RIGHT   8.9952E-05   -246.94  6.6367E-05   -362.77
   70.00    290.00     -3.57    -7.76    -2.17      0.5030    -20.67 RIGHT   8.9643E-05   -246.02  5.5375E-05   -362.14
   75.00    290.00     -4.13    -9.93    -3.12      0.4355    -15.57 RIGHT   8.4063E-05   -245.86  4.3147E-05   -361.56
   80.00    290.00     -5.61   -13.15    -4.91      0.3691    -11.43 RIGHT   7.0889E-05   -246.57  2.9754E-05   -361.02
   85.00    290.00     -9.38   -18.92    -8.92      0.3038     -7.85 RIGHT   4.5943E-05   -248.51  1.5316E-05   -360.53
   90.00    290.00   -999.99  -999.99  -999.99      0.0000      0.00         3.6500E-15   -432.54  9.1754E-16   -180.09
    0.00    295.00     -7.81    -1.18    -0.33      0.0000     65.00 LINEAR  5.5041E-05   -371.69  1.1804E-04   -371.69
    5.00    295.00     -8.68    -1.25    -0.53      0.0475     67.09 RIGHT   4.9777E-05   -363.29  1.1709E-04   -370.85
   10.00    295.00     -9.55    -1.35    -0.74      0.0982     69.36 RIGHT   4.5038E-05   -353.28  1.1578E-04   -370.00
   15.00    295.00    -10.32    -1.48    -0.95      0.1536     71.87 RIGHT   4.1221E-05   -341.16  1.1410E-04   -369.16
   20.00    295.00    -10.82    -1.64    -1.14      0.2152     74.70 RIGHT   3.8927E-05   -326.76  1.1202E-04   -368.30
   25.00    295.00    -10.84    -1.84    -1.32      0.2842     77.96 RIGHT   3.8830E-05   -310.84  1.0949E-04   -367.44
   30.00    295.00    -10.30    -2.08    -1.47      0.3615     81.86 RIGHT   4.1325E-05   -295.19  1.0644E-04   -366.56
   35.00    295.00     -9.32    -2.39    -1.59      0.4464     86.71 RIGHT   4.6254E-05   -281.54  1.0279E-04   -365.68
   40.00    295.00     -8.14    -2.76    -1.66      0.5359    -86.85 RIGHT   5.3008E-05   -270.61  9.8442E-05   -364.79
   45.00    295.00     -6.95    -3.23    -1.69      0.6205    -77.70 RIGHT   6.0801E-05   -262.25  9.3288E-05   -363.90
   50.00    295.00     -5.87    -3.81    -1.71      0.6795    -64.59 RIGHT   6.8821E-05   -255.95  8.7228E-05   -363.02
   55.00    295.00     -4.98    -4.55    -1.75      0.6862    -49.00 RIGHT   7.6249E-05   -251.26  8.0166E-05   -362.16
   60.00    295.00     -4.33    -5.48    -1.85      0.6418    -35.79 RIGHT   8.2215E-05   -247.84  7.2023E-05   -361.33
   65.00    295.00     -3.96    -6.67    -2.10      0.5736    -26.59 RIGHT   8.5751E-05   -245.45  6.2744E-05   -360.54
   70.00    295.00     -3.97    -8.25    -2.59      0.5007    -20.14 RIGHT   8.5698E-05   -243.98  5.2307E-05   -359.80
   75.00    295.00     -4.50   -10.43    -3.52      0.4300    -15.25 RIGHT   8.0544E-05   -243.42  4.0729E-05   -359.12
   80.00    295.00     -5.97   -13.66    -5.29      0.3627    -11.26 RIGHT   6.8032E-05   -243.87  2.8074E-05   -358.51
   85.00    295.00     -9.73   -19.43    -9.29      0.2977     -7.78 RIGHT   4.4133E-05   -245.65  1.4447E-05   -357.98
   90.00    295.00   -999.99  -999.99  -999.99      0.0000      0.00         3.5074E-15   -429.62  8.6535E-16   -177.53
    0.00    300.00     -6.35    -1.58    -0.33      0.0000     60.00 LINEAR  6.5119E-05   -371.69  1.1279E-04   -371.69
    5.00    300.00     -7.12    -1.66    -0.57      0.0456     62.01 RIGHT   5.9586E-05   -364.41  1.1174E-04   -370.69
   10.00    300.00     -7.93    -1.77    -0.83      0.0947     64.21 RIGHT   5.4269E-05   -355.98  1.1032E-04   -369.69
   15.00    300.00     -8.74    -1.91    -1.09      0.1491     66.66 RIGHT   4.9448E-05   -345.93  1.0854E-04   -368.67
   20.00    300.00     -9.45    -2.09    -1.36      0.2106     69.45 RIGHT   4.5599E-05   -333.80  1.0638E-04   -367.65
   25.00    300.00     -9.88    -2.30    -1.60      0.2810     72.69 RIGHT   4.3388E-05   -319.57  1.0378E-04   -366.60
   30.00    300.00     -9.86    -2.56    -1.82      0.3615     76.55 RIGHT   4.3488E-05   -304.09  1.0070E-04   -365.55
   35.00    300.00     -9.33    -2.88    -2.00      0.4525     81.39 RIGHT   4.6210E-05   -289.06  9.7067E-05   -364.48
   40.00    300.00     -8.43    -3.28    -2.12      0.5514     87.93 RIGHT   5.1266E-05   -276.01  9.2788E-05   -363.40
   45.00    300.00     -7.37    -3.76    -2.19      0.6484    -82.29 RIGHT   5.7919E-05   -265.56  8.7776E-05   -362.33
   50.00    300.00     -6.33    -4.36    -2.22      0.7161    -67.01 RIGHT   6.5256E-05   -257.53  8.1940E-05   -361.28
   55.00    300.00     -5.44    -5.10    -2.26      0.7150    -48.44 RIGHT   7.2333E-05   -251.50  7.5195E-05   -360.25
   60.00    300.00     -4.76    -6.04    -2.35      0.6535    -34.30 RIGHT   7.8188E-05   -247.06  6.7468E-05   -359.26
   65.00    300.00     -4.37    -7.25    -2.57      0.5730    -25.37 RIGHT   8.1794E-05   -243.92  5.8709E-05   -358.33
   70.00    300.00     -4.35    -8.84    -3.03      0.4935    -19.32 RIGHT   8.1972E-05   -241.90  4.8897E-05   -357.48
   75.00    300.00     -4.87   -11.02    -3.93      0.4200    -14.75 RIGHT   7.7218E-05   -240.93  3.8046E-05   -356.70
   80.00    300.00     -6.32   -14.26    -5.67      0.3523    -10.97 RIGHT   6.5330E-05   -241.11  2.6210E-05   -356.02
   85.00    300.00    -10.07   -20.03    -9.66      0.2885     -7.63 RIGHT   4.2423E-05   -242.73  1.3484E-05   -355.44
   90.00    300.00   -999.99  -999.99  -999.99      0.0000      0.00         3.3726E-15   -426.66  8.0758E-16   -174.98
    0.00    305.00     -5.16    -2.06    -0.33      0.0000     55.00 LINEAR  7.4701E-05   -371.69  1.0668E-04   -371.69
    5.00    305.00     -5.86    -2.16    -0.61      0.0433     56.91 RIGHT   6.8907E-05   -365.13  1.0556E-04   -370.54
   10.00    305.00     -6.63    -2.28    -0.92      0.0904     59.02 RIGHT   6.3093E-05   -357.71  1.0407E-04   -369.38
   15.00    305.00     -7.44    -2.43    -1.24      0.1433     61.39 RIGHT   5.7464E-05   -349.01  1.0222E-04   -368.21
   20.00    305.00     -8.24    -2.63    -1.57      0.2042     64.11 RIGHT   5.2401E-05   -338.53  9.9999E-05   -367.02
   25.00    305.00     -8.91    -2.86    -1.89      0.2754     67.27 RIGHT   4.8500E-05   -325.90  9.7376E-05   -365.80
   30.00    305.00     -9.27    -3.13    -2.19      0.3590     71.04 RIGHT   4.6508E-05   -311.28  9.4303E-05   -364.57
   35.00    305.00     -9.17    -3.47    -2.44      0.4563     75.75 RIGHT   4.7059E-05   -295.80  9.0719E-05   -363.32
   40.00    305.00     -8.60    -3.88    -2.62      0.5662     82.20 RIGHT   5.0269E-05   -281.23  8.6554E-05   -362.06
   45.00    305.00     -7.72    -4.38    -2.73      0.6793    -87.56 RIGHT   5.5605E-05   -268.88  8.1729E-05   -360.81
   50.00    305.00     -6.76    -4.99    -2.77      0.7597    -69.27 RIGHT   6.2128E-05   -259.14  7.6165E-05   -359.58
   55.00    305.00     -5.88    -5.75    -2.80      0.7446    -46.46 RIGHT   6.8777E-05   -251.74  6.9785E-05   -358.38
   60.00    305.00     -5.18    -6.70    -2.87      0.6603    -31.92 RIGHT   7.4478E-05   -246.27  6.2527E-05   -357.24
   65.00    305.00     -4.77    -7.92    -3.05      0.5665    -23.71 RIGHT   7.8131E-05   -242.36  5.4344E-05   -356.17
   70.00    305.00     -4.73    -9.52    -3.48      0.4810    -18.24 RIGHT   7.8516E-05   -239.78  4.5217E-05   -355.20
   75.00    305.00     -5.22   -11.71    -4.34      0.4055    -14.06 RIGHT   7.4134E-05   -238.42  3.5156E-05   -354.32
   80.00    305.00     -6.66   -14.95    -6.06      0.3382    -10.55 RIGHT   6.2828E-05   -238.34  2.4206E-05   -353.57
   85.00    305.00    -10.40   -20.72   -10.02      0.2760     -7.40 RIGHT   4.0840E-05   -239.81  1.2448E-05   -352.95
   90.00    305.00   -999.99  -999.99  -999.99      0.0000      0.00         3.2478E-15   -423.68  7.4548E-16   -172.49
    0.00    310.00     -4.17    -2.65    -0.33      0.0000     50.00 LINEAR  8.3715E-05   -371.69  9.9768E-05   -371.69
    5.00    310.00     -4.82    -2.75    -0.65      0.0406     51.80 RIGHT   7.7664E-05   -365.62  9.8595E-05   -370.40
   10.00    310.00     -5.55    -2.88    -1.01      0.0853     53.79 RIGHT   7.1398E-05   -358.88  9.7065E-05   -369.10
   15.00    310.00     -6.36    -3.05    -1.39      0.1362     56.06 RIGHT   6.5079E-05   -351.09  9.5187E-05   -367.77
   20.00    310.00     -7.21    -3.26    -1.79      0.1959     58.67 RIGHT   5.9020E-05   -341.78  9.2953E-05   -366.42
   25.00    310.00     -8.02    -3.51    -2.19      0.2672     61.71 RIGHT   5.3742E-05   -330.45  9.0342E-05   -365.04
   30.00    310.00     -8.65    -3.80    -2.57      0.3533     65.30 RIGHT   4.9981E-05   -316.87  8.7319E-05   -363.63
   35.00    310.00     -8.90    -4.16    -2.90      0.4569     69.75 RIGHT   4.8541E-05   -301.56  8.3834E-05   -362.21
   40.00    310.00     -8.66    -4.58    -3.15      0.5789     75.81 RIGHT   4.9893E-05   -286.04  7.9829E-05   -360.77
   45.00    310.00     -8.01    -5.10    -3.30      0.7127     85.99 RIGHT   5.3812E-05   -272.10  7.5238E-05   -359.35
   50.00    310.00     -7.14    -5.72    -3.37      0.8130    -71.30 RIGHT   5.9430E-05   -260.72  6.9992E-05   -357.94
   55.00    310.00     -6.29    -6.50    -3.38      0.7719    -42.26 RIGHT   6.5595E-05   -251.97  6.4027E-05   -356.58
   60.00    310.00     -5.59    -7.46    -3.41      0.6595    -28.64 RIGHT   7.1114E-05   -245.46  5.7287E-05   -355.29
   65.00    310.00     -5.15    -8.69    -3.56      0.5531    -21.64 RIGHT   7.4794E-05   -240.80  4.9729E-05   -354.08
   70.00    310.00     -5.08   -10.30    -3.94      0.4628    -16.92 RIGHT   7.5369E-05   -237.67  4.1335E-05   -352.98
   75.00    310.00     -5.56   -12.49    -4.76      0.3864    -13.20 RIGHT   7.1329E-05   -235.93  3.2112E-05   -352.02
   80.00    310.00     -6.98   -15.74    -6.44      0.3202    -10.00 RIGHT   6.0554E-05   -235.59  2.2098E-05   -351.19
   85.00    310.00    -10.71   -21.52   -10.37      0.2605     -7.07 RIGHT   3.9403E-05   -236.92  1.1361E-05   -350.53
   90.00    310.00   -999.99  -999.99  -999.99      0.0000      0.00         3.1346E-15   -420.75  6.8027E-16   -170.04
    0.00    315.00     -3.34    -3.34    -0.33      0.0000     45.00 LINEAR  9.2092E-05   -371.69  9.2092E-05   -371.69
    5.00    315.00     -3.96    -3.45    -0.69      0.0376     46.66 RIGHT   8.5789E-05   -365.95  9.0908E-05   -370.27
   10.00    315.00     -4.66    -3.60    -1.09      0.0794     48.53 RIGHT   7.9104E-05   -359.68  8.9375E-05   -368.83
   15.00    315.00     -5.46    -3.78    -1.53      0.1277     50.67 RIGHT   7.2173E-05   -352.52  8.7506E-05   -367.36
   20.00    315.00     -6.33    -4.01    -2.00      0.1854     53.13 RIGHT   6.5266E-05   -344.05  8.5303E-05   -365.86
   25.00    315.00     -7.23    -4.27    -2.49      0.2560     55.99 RIGHT   5.8842E-05   -333.74  8.2752E-05   -364.32
   30.00    315.00     -8.04    -4.58    -2.97      0.3437     59.34 RIGHT   5.3596E-05   -321.13  7.9827E-05   -362.75
   35.00    315.00     -8.58    -4.95    -3.39      0.4528     63.36 RIGHT   5.0401E-05   -306.29  7.6491E-05   -361.16
   40.00    315.00     -8.65    -5.39    -3.71      0.5870     68.62 RIGHT   4.9992E-05   -290.31  7.2695E-05   -359.55
   45.00    315.00     -8.23    -5.93    -3.91      0.7456     77.53 RIGHT   5.2474E-05   -275.11  6.8387E-05   -357.95
   50.00    315.00     -7.49    -6.57    -3.99      0.8797    -72.86 RIGHT   5.7140E-05   -262.24  6.3508E-05   -356.38
   55.00    315.00     -6.67    -7.36    -3.99      0.7889    -35.07 RIGHT   6.2790E-05   -252.17  5.8004E-05   -354.86
   60.00    315.00     -5.96    -8.33    -3.98      0.6477    -24.65 RIGHT   6.8111E-05   -244.65  5.1824E-05   -353.41
   65.00    315.00     -5.50    -9.57    -4.07      0.5316    -19.29 RIGHT   7.1807E-05   -239.25  4.4933E-05   -352.07
   70.00    315.00     -5.41   -11.19    -4.39      0.4386    -15.41 RIGHT   7.2554E-05   -235.60  3.7311E-05   -350.86
   75.00    315.00     -5.87   -13.39    -5.16      0.3627    -12.19 RIGHT   6.8825E-05   -233.50  2.8964E-05   -349.80
   80.00    315.00     -7.28   -16.64    -6.80      0.2986     -9.32 RIGHT   5.8529E-05   -232.93  1.9920E-05   -348.91
   85.00    315.00    -11.00   -22.42   -10.70      0.2421     -6.64 RIGHT   3.8125E-05   -234.12  1.0238E-05   -348.20
   90.00    315.00   -999.99  -999.99  -999.99      0.0000      0.00         3.0341E-15   -417.90  6.1292E-16   -167.71
    0.00    320.00     -2.65    -4.17    -0.33      0.0000     40.00 LINEAR  9.9768E-05   -371.69  8.3715E-05   -371.69
    5.00    320.00     -3.23    -4.29    -0.72      0.0343     41.52 RIGHT   9.3221E-05   -366.19  8.2553E-05   -370.15
   10.00    320.00     -3.92    -4.45    -1.17      0.0728     43.24 RIGHT   8.6147E-05   -360.24  8.1056E-05   -368.58
   15.00    320.00     -4.71    -4.65    -1.67      0.1179     45.22 RIGHT   7.8667E-05   -353.53  7.9243E-05   -366.98
   20.00    320.00     -5.60    -4.88    -2.21      0.1728     47.50 RIGHT   7.1021E-05   -345.67  7.7119E-05   -365.34
   25.00    320.00     -6.55    -5.16    -2.79      0.2415     50.14 RIGHT   6.3626E-05   -336.12  7.4678E-05   -363.66
   30.00    320.00     -7.49    -5.49    -3.36      0.3293     53.16 RIGHT   5.7132E-05   -324.34  7.1903E-05   -361.93
   35.00    320.00     -8.23    -5.88    -3.89      0.4422     56.59 RIGHT   5.2428E-05   -310.08  6.8766E-05   -360.18
   40.00    320.00     -8.57    -6.34    -4.30      0.5868     60.55 RIGHT   5.0419E-05   -293.98  6.5231E-05   -358.41
   45.00    320.00     -8.39    -6.88    -4.56      0.7690     65.94 RIGHT   5.1516E-05   -277.84  6.1254E-05   -356.65
   50.00    320.00     -7.78    -7.54    -4.65      0.9650    -70.77 RIGHT   5.5227E-05   -263.65  5.6788E-05   -354.91
   55.00    320.00     -7.01    -8.34    -4.61      0.7822    -25.45 RIGHT   6.0355E-05   -252.34  5.1786E-05   -353.24
   60.00    320.00     -6.30    -9.33    -4.55      0.6222    -20.34 RIGHT   6.5473E-05   -243.85  4.6206E-05   -351.65
   65.00    320.00     -5.83   -10.58    -4.57      0.5013    -16.78 RIGHT   6.9180E-05   -237.75  4.0016E-05   -350.18
   70.00    320.00     -5.71   -12.20    -4.83      0.4083    -13.76 RIGHT   7.0083E-05   -233.61  3.3196E-05   -348.85
   75.00    320.00     -6.15   -14.41    -5.55      0.3345    -11.04 RIGHT   6.6632E-05   -231.18  2.5750E-05   -347.70
   80.00    320.00     -7.54   -17.67    -7.14      0.2737     -8.53 RIGHT   5.6760E-05   -230.39  1.7701E-05   -346.75
   85.00    320.00    -11.26   -23.45   -11.00      0.2211     -6.13 RIGHT   3.7010E-05   -231.46  9.0940E-06   -346.00
   90.00    320.00   -999.99  -999.99  -999.99      0.0000      0.00         2.9463E-15   -415.20  5.4441E-16   -165.49
    0.00    325.00     -2.06    -5.16    -0.33      0.0000     35.00 LINEAR  1.0668E-04   -371.69  7.4701E-05   -371.69
    5.00    325.00     -2.63    -5.29    -0.75      0.0307     36.36 RIGHT   9.9906E-05   -366.36  7.3594E-05   -370.04
   10.00    325.00     -3.30    -5.46    -1.24      0.0655     37.91 RIGHT   9.2473E-05   -360.64  7.2175E-05   -368.36
   15.00    325.00     -4.09    -5.67    -1.80      0.1067     39.70 RIGHT   8.4499E-05   -354.25  7.0462E-05   -366.64
   20.00    325.00     -4.99    -5.92    -2.42      0.1579     41.78 RIGHT   7.6207E-05   -346.82  6.8465E-05   -364.87
   25.00    325.00     -5.98    -6.21    -3.08      0.2234     44.15 RIGHT   6.7983E-05   -337.85  6.6186E-05   -363.05
   30.00    325.00     -7.00    -6.55    -3.76      0.3094     46.78 RIGHT   6.0439E-05   -326.75  6.3613E-05   -361.19
   35.00    325.00     -7.90    -6.96    -4.39      0.4232     49.49 RIGHT   5.4456E-05   -313.06  6.0729E-05   -359.29
   40.00    325.00     -8.47    -7.43    -4.91      0.5731     51.79 RIGHT   5.1043E-05   -297.03  5.7504E-05   -357.37
   45.00    325.00     -8.50    -7.99    -5.23      0.7653     51.42 RIGHT   5.0861E-05   -280.24  5.3907E-05   -355.45
   50.00    325.00     -8.03    -8.66    -5.33      0.9265      8.95 RIGHT   5.3656E-05   -264.91  4.9897E-05   -353.56
   55.00    325.00     -7.32    -9.48    -5.25      0.7422    -16.33 RIGHT   5.8276E-05   -252.47  4.5436E-05   -351.74
   60.00    325.00     -6.61   -10.48    -5.12      0.5814    -16.17 RIGHT   6.3198E-05   -243.08  4.0489E-05   -350.02
   65.00    325.00     -6.12   -11.74    -5.06      0.4620    -14.24 RIGHT   6.6911E-05   -236.33  3.5026E-05   -348.42
   70.00    325.00     -5.98   -13.37    -5.25      0.3720    -12.01 RIGHT   6.7954E-05   -231.75  2.9032E-05   -346.99
   75.00    325.00     -6.40   -15.58    -5.91      0.3022     -9.79 RIGHT   6.4749E-05   -229.01  2.2504E-05   -345.76
   80.00    325.00     -7.78   -18.84    -7.45      0.2459     -7.64 RIGHT   5.5244E-05   -228.02  1.5462E-05   -344.74
   85.00    325.00    -11.49   -24.63   -11.28      0.1979     -5.53 RIGHT   3.6057E-05   -228.99  7.9414E-06   -343.95
   90.00    325.00   -999.99  -999.99  -999.99      0.0000      0.00         2.8713E-15   -412.70  4.7535E-16   -163.43
    0.00    330.00     -1.58    -6.35    -0.33      0.0000     30.00 LINEAR  1.1279E-04   -371.69  6.5119E-05   -371.69
    5.00    330.00     -2.14    -6.49    -0.78      0.0268     31.19 RIGHT   1.0580E-04   -366.48  6.4100E-05   -369.95
   10.00    330.00     -2.80    -6.67    -1.30      0.0575     32.55 RIGHT   9.8038E-05   -360.92  6.2796E-05   -368.16
   15.00    330.00     -3.58    -6.89    -1.91      0.0943     34.14 RIGHT   8.9626E-05   -354.76  6.1228E-05   -366.34
   20.00    330.00     -4.48    -7.15    -2.60      0.1407     35.97 RIGHT   8.0771E-05   -347.65  5.9409E-05   -364.45
   25.00    330.00     -5.50    -7.46    -3.36      0.2015     38.04 RIGHT   7.1840E-05   -339.12  5.7341E-05   -362.51
   30.00    330.00     -6.58    -7.81    -4.14      0.2832     40.23 RIGHT   6.3418E-05   -328.54  5.5023E-05   -360.52
   35.00    330.00     -7.60    -8.23    -4.90      0.3938     42.17 RIGHT   5.6366E-05   -315.35  5.2441E-05   -358.49
   40.00    330.00     -8.35    -8.72    -5.52      0.5412     42.75 RIGHT   5.1753E-05   -299.51  4.9576E-05   -356.43
   45.00    330.00     -8.57    -9.29    -5.91      0.7198     37.40 RIGHT   5.0435E-05   -282.27  4.6401E-05   -354.37
   50.00    330.00     -8.24    -9.98    -6.01      0.8104      8.80 RIGHT   5.2389E-05   -266.01  4.2887E-05   -352.35
   55.00    330.00     -7.58   -10.80    -5.89      0.6724     -9.87 RIGHT   5.6535E-05   -252.56  3.9002E-05   -350.39
   60.00    330.00     -6.88   -11.81    -5.67      0.5257    -12.47 RIGHT   6.1276E-05   -242.36  3.4715E-05   -348.54
   65.00    330.00     -6.37   -13.08    -5.53      0.4138    -11.78 RIGHT   6.4994E-05   -235.03  3.0002E-05   -346.84
   70.00    330.00     -6.21   -14.72    -5.64      0.3301    -10.24 RIGHT   6.6159E-05   -230.04  2.4847E-05   -345.31
   75.00    330.00     -6.62   -16.94    -6.23      0.2661     -8.47 RIGHT   6.3166E-05   -227.04  1.9249E-05   -343.99
   80.00    330.00     -7.98   -20.20    -7.73      0.2154     -6.66 RIGHT   5.3974E-05   -225.88  1.3219E-05   -342.92
   85.00    330.00    -11.68   -25.99   -11.52      0.1728     -4.86 RIGHT   3.5258E-05   -226.76  6.7879E-06   -342.10
   90.00    330.00   -999.99  -999.99  -999.99      0.0000      0.00         2.8085E-15   -410.43  4.0629E-16   -161.55
    0.00    335.00     -1.18    -7.81    -0.33      0.0000     25.00 LINEAR  1.1804E-04   -371.69  5.5041E-05   -371.69
    5.00    335.00     -1.73    -7.95    -0.80      0.0227     26.01 RIGHT   1.1085E-04   -366.56  5.4140E-05   -369.86
   10.00    335.00     -2.38    -8.14    -1.36      0.0489     27.17 RIGHT   1.0281E-04   -361.12  5.2990E-05   -367.99
   15.00    335.00     -3.16    -8.37    -2.02      0.0806     28.53 RIGHT   9.4012E-05   -355.13  5.1609E-05   -366.07
   20.00    335.00     -4.07    -8.64    -2.77      0.1213     30.09 RIGHT   8.4676E-05   -348.25  5.0012E-05   -364.09
   25.00    335.00     -5.11    -8.96    -3.61      0.1756     31.84 RIGHT   7.5152E-05   -340.03  4.8205E-05   -362.05
   30.00    335.00     -6.23    -9.33    -4.50      0.2501     33.58 RIGHT   6.6003E-05   -329.87  4.6190E-05   -359.94
   35.00    335.00     -7.35    -9.76    -5.38      0.3528     34.80 RIGHT   5.8075E-05   -317.10  4.3957E-05   -357.79
   40.00    335.00     -8.23   -10.26    -6.12      0.4885     34.00 RIGHT   5.2466E-05   -301.46  4.1496E-05   -355.61
   45.00    335.00     -8.62   -10.85    -6.58      0.6371     26.70 RIGHT   5.0176E-05   -283.95  3.8785E-05   -353.43
   50.00    335.00     -8.41   -11.55    -6.69      0.6871      7.47 RIGHT   5.1387E-05   -266.94  3.5801E-05   -351.28
   55.00    335.00     -7.80   -12.38    -6.50      0.5821     -5.87 RIGHT   5.5111E-05   -252.62  3.2520E-05   -349.21
   60.00    335.00     -7.11   -13.40    -6.19      0.4569     -9.37 RIGHT   5.9691E-05   -241.71  2.8916E-05   -347.25
   65.00    335.00     -6.58   -14.68    -5.96      0.3575     -9.46 RIGHT   6.3414E-05   -233.86  2.4969E-05   -345.44
   70.00    335.00     -6.41   -16.32    -5.99      0.2831     -8.46 RIGHT   6.4684E-05   -228.53  2.0665E-05   -343.83
   75.00    335.00     -6.80   -18.54    -6.51      0.2268     -7.09 RIGHT   6.1869E-05   -225.30  1.6000E-05   -342.44
   80.00    335.00     -8.15   -21.81    -7.97      0.1827     -5.63 RIGHT   5.2934E-05   -224.01  1.0984E-05   -341.31
   85.00    335.00    -11.84   -27.60   -11.73      0.1461     -4.12 RIGHT   3.4607E-05   -224.80  5.6389E-06   -340.46
   90.00    335.00   -999.99  -999.99  -999.99      0.0000      0.00         2.7574E-15   -408.45  3.3748E-16   -159.92
    0.00    340.00     -0.87    -9.65    -0.33      0.0000     20.00 LINEAR  1.2238E-04   -371.69  4.4544E-05   -371.69
    5.00    340.00     -1.41    -9.80    -0.82      0.0184     20.82 RIGHT   1.1504E-04   -366.62  4.3788E-05   -369.80
   10.00    340.00     -2.06    -9.99    -1.41      0.0398     21.76 RIGHT   1.0675E-04   -361.26  4.2824E-05   -367.85
   15.00    340.00     -2.83   -10.23    -2.11      0.0659     22.87 RIGHT   9.7632E-05   -355.38  4.1669E-05   -365.86
   20.00    340.00     -3.75   -10.51    -2.92      0.0998     24.15 RIGHT   8.7897E-05   -348.67  4.0336E-05   -363.79
   25.00    340.00     -4.80   -10.84    -3.83      0.1459     25.55 RIGHT   7.7887E-05   -340.69  3.8834E-05   -361.66
   30.00    340.00     -5.96   -11.22    -4.82      0.2103     26.86 RIGHT   6.8154E-05   -330.83  3.7164E-05   -359.46
   35.00    340.00     -7.13   -11.66    -5.82      0.2998     27.49 RIGHT   5.9526E-05   -318.39  3.5324E-05   -357.20
   40.00    340.00     -8.12   -12.17    -6.68      0.4158     25.93 RIGHT   5.3117E-05   -302.96  3.3305E-05   -354.92
   45.00    340.00     -8.64   -12.77    -7.22      0.5300     18.97 RIGHT   5.0030E-05   -285.27  3.1093E-05   -352.64
   50.00    340.00     -8.54   -13.48    -7.33      0.5576      5.98 RIGHT   5.0617E-05   -267.68  2.8670E-05   -350.38
   55.00    340.00     -7.98   -14.32    -7.07      0.4783     -3.47 RIGHT   5.3982E-05   -252.65  2.6016E-05   -348.21
   60.00    340.00     -7.29   -15.35    -6.66      0.3775     -6.83 RIGHT   5.8426E-05   -241.14  2.3114E-05   -346.16
   65.00    340.00     -6.76   -16.63    -6.33      0.2944     -7.31 RIGHT   6.2153E-05   -232.87  1.9944E-05   -344.26
   70.00    340.00     -6.57   -18.28    -6.28      0.2318     -6.70 RIGHT   6.3510E-05   -227.26  1.6496E-05   -342.58
   75.00    340.00     -6.94   -20.50    -6.75      0.1847     -5.69 RIGHT   6.0840E-05   -223.84  1.2767E-05   -341.13
   80.00    340.00     -8.29   -23.77    -8.17      0.1482     -4.54 RIGHT   5.2112E-05   -222.43  8.7619E-06   -339.96
   85.00    340.00    -11.97   -29.57   -11.90      0.1183     -3.35 RIGHT   3.4091E-05   -223.16  4.4973E-06   -339.08
   90.00    340.00   -999.99  -999.99  -999.99      0.0000      0.00         2.7168E-15   -406.79  2.6913E-16   -158.53
    0.00    345.00     -0.63   -12.07    -0.33      0.0000     15.00 LINEAR  1.2580E-04   -371.69  3.3708E-05   -371.69
    5.00    345.00     -1.16   -12.22    -0.84      0.0140     15.62 RIGHT   1.1832E-04   -366.65  3.3120E-05   -369.74
   10.00    345.00     -1.81   -12.42    -1.45      0.0302     16.34 RIGHT   1.0984E-04   -361.35  3.2371E-05   -367.74
   15.00    345.00     -2.58   -12.67    -2.18      0.0503     17.18 RIGHT   1.0047E-04   -355.56  3.1474E-05   -365.68
   20.00    345.00     -3.50   -12.96    -3.03      0.0766     18.16 RIGHT   9.0416E-05   -348.97  3.0441E-05   -363.55
   25.00    345.00     -4.56   -13.29    -4.01      0.1128     19.20 RIGHT   8.0029E-05   -341.15  2.9280E-05   -361.35
   30.00    345.00     -5.74   -13.68    -5.10      0.1641     20.13 RIGHT   6.9845E-05   -331.50  2.7994E-05   -359.07
   35.00    345.00     -6.96   -14.13    -6.20      0.2358     20.36 RIGHT   6.0682E-05   -319.32  2.6581E-05   -356.74
   40.00    345.00     -8.03   -14.65    -7.18      0.3263     18.65 RIGHT   5.3662E-05   -304.05  2.5037E-05   -354.37
   45.00    345.00     -8.65   -15.26    -7.79      0.4079     13.09 RIGHT   4.9957E-05   -286.27  2.3352E-05   -352.01
   50.00    345.00     -8.64   -15.97    -7.90      0.4229      4.47 RIGHT   5.0050E-05   -268.25  2.1513E-05   -349.67
   55.00    345.00     -8.12   -16.82    -7.57      0.3655     -2.01 RIGHT   5.3128E-05   -252.67  1.9507E-05   -347.42
   60.00    345.00     -7.44   -17.85    -7.06      0.2898     -4.74 RIGHT   5.7463E-05   -240.68  1.7319E-05   -345.28
   65.00    345.00     -6.89   -19.14    -6.64      0.2256     -5.33 RIGHT   6.1195E-05   -232.08  1.4935E-05   -343.32
   70.00    345.00     -6.69   -20.79    -6.53      0.1769     -4.98 RIGHT   6.2620E-05   -226.24  1.2348E-05   -341.58
   75.00    345.00     -7.05   -23.02    -6.94      0.1404     -4.27 RIGHT   6.0061E-05   -222.68  9.5532E-06   -340.08
   80.00    345.00     -8.39   -26.29    -8.32      0.1123     -3.43 RIGHT   5.1490E-05   -221.18  6.5546E-06   -338.87
   85.00    345.00    -12.07   -32.09   -12.03      0.0894     -2.54 RIGHT   3.3702E-05   -221.86  3.3639E-06   -337.97
   90.00    345.00   -999.99  -999.99  -999.99      0.0000      0.00         2.6863E-15   -405.47  2.0132E-16   -157.40
    0.00    350.00     -0.46   -15.54    -0.33      0.0000     10.00 LINEAR  1.2826E-04   -371.69  2.2616E-05   -371.69
    5.00    350.00     -0.99   -15.69    -0.85      0.0094     10.42 RIGHT   1.2068E-04   -366.68  2.2214E-05   -369.70
   10.00    350.00     -1.64   -15.90    -1.48      0.0203     10.90 RIGHT   1.1206E-04   -361.41  2.1701E-05   -367.66
   15.00    350.00     -2.41   -16.14    -2.23      0.0339     11.47 RIGHT   1.0250E-04   -355.67  2.1088E-05   -365.56
   20.00    350.00     -3.33   -16.44    -3.12      0.0519     12.13 RIGHT   9.2222E-05   -349.15  2.0384E-05   -363.38
   25.00    350.00     -4.40   -16.78    -4.15      0.0769     12.82 RIGHT   8.1565E-05   -341.45  1.9593E-05   -361.12
   30.00    350.00     -5.59   -17.18    -5.30      0.1126     13.40 RIGHT   7.1060E-05   -331.95  1.8718E-05   -358.79
   35.00    350.00     -6.84   -17.64    -6.50      0.1626     13.43 RIGHT   6.1521E-05   -319.94  1.7761E-05   -356.40
   40.00    350.00     -7.97   -18.16    -7.57      0.2243     12.04 RIGHT   5.4070E-05   -304.80  1.6717E-05   -353.98
   45.00    350.00     -8.66   -18.77    -8.26      0.2765      8.27 RIGHT   4.9924E-05   -286.97  1.5581E-05   -351.55
   50.00    350.00     -8.70   -19.49    -8.36      0.2842      2.97 RIGHT   4.9662E-05   -268.66  1.4345E-05   -349.15
   55.00    350.00     -8.22   -20.35    -7.96      0.2467     -1.10 RIGHT   5.2531E-05   -252.67  1.3000E-05   -346.84
   60.00    350.00     -7.54   -21.38    -7.36      0.1963     -2.99 RIGHT   5.6789E-05   -240.34  1.1536E-05   -344.65
   65.00    350.00     -6.99   -22.67    -6.87      0.1527     -3.47 RIGHT   6.0524E-05   -231.50  9.9446E-06   -342.64
   70.00    350.00     -6.78   -24.33    -6.70      0.1194     -3.30 RIGHT   6.1997E-05   -225.50  8.2191E-06   -340.85
   75.00    350.00     -7.13   -26.56    -7.08      0.0945     -2.85 RIGHT   5.9517E-05   -221.84  6.3572E-06   -339.32
   80.00    350.00     -8.46   -29.83    -8.43      0.0754     -2.30 RIGHT   5.1057E-05   -220.27  4.3611E-06   -338.08
   85.00    350.00    -12.14   -35.63   -12.12      0.0600     -1.70 RIGHT   3.3431E-05   -220.92  2.2379E-06   -337.17
   90.00    350.00   -999.99  -999.99  -999.99      0.0000      0.00         2.6650E-15   -404.52  1.3392E-16   -156.59
    0.00    355.00     -0.36   -21.52    -0.33      0.0000      5.00 LINEAR  1.2974E-04   -371.69  1.1351E-05   -371.69
    5.00    355.00     -0.89   -21.68    -0.85      0.0047      5.21 RIGHT   1.2210E-04   -366.69  1.1147E-05   -369.68
   10.00    355.00     -1.53   -21.89    -1.49      0.0102      5.45 RIGHT   1.1339E-04   -361.44  1.0887E-05   -367.61
   15.00    355.00     -2.31   -22.14    -2.26      0.0171      5.74 RIGHT   1.0372E-04   -355.73  1.0576E-05   -365.48
   20.00    355.00     -3.23   -22.44    -3.17      0.0262      6.07 RIGHT   9.3309E-05   -349.26  1.0218E-05   -363.28
   25.00    355.00     -4.30   -22.78    -4.24      0.0390      6.42 RIGHT   8.2488E-05   -341.61  9.8178E-06   -360.99
   30.00    355.00     -5.50   -23.19    -5.43      0.0573      6.69 RIGHT   7.1793E-05   -332.21  9.3756E-06   -358.63
   35.00    355.00     -6.77   -23.65    -6.68      0.0830      6.67 RIGHT   6.2028E-05   -320.29  8.8920E-06   -356.20
   40.00    355.00     -7.93   -24.17    -7.82      0.1141      5.90 RIGHT   5.4322E-05   -305.24  8.3658E-06   -353.74
   45.00    355.00     -8.66   -24.79    -8.56      0.1395      4.01 RIGHT   4.9913E-05   -287.38  7.7941E-06   -351.27
   50.00    355.00     -8.74   -25.51    -8.65      0.1428      1.48 RIGHT   4.9436E-05   -268.89  7.1732E-06   -348.84
   55.00    355.00     -8.28   -26.37    -8.21      0.1243     -0.48 RIGHT   5.2178E-05   -252.67  6.4984E-06   -346.48
   60.00    355.00     -7.60   -27.41    -7.56      0.0991     -1.44 RIGHT   5.6389E-05   -240.13  5.7648E-06   -344.26
   65.00    355.00     -7.04   -28.70    -7.01      0.0770     -1.71 RIGHT   6.0127E-05   -231.14  4.9683E-06   -342.22
   70.00    355.00     -6.83   -30.36    -6.81      0.0601     -1.64 RIGHT   6.1629E-05   -225.05  4.1054E-06   -340.40
   75.00    355.00     -7.18   -32.59    -7.17      0.0475     -1.42 RIGHT   5.9196E-05   -221.32  3.1749E-06   -338.85
   80.00    355.00     -8.51   -35.86    -8.50      0.0379     -1.15 RIGHT   5.0801E-05   -219.72  2.1778E-06   -337.60
   85.00    355.00    -12.18   -41.66   -12.18      0.0301     -0.85 RIGHT   3.3271E-05   -220.35  1.1175E-06   -336.68
   90.00    355.00   -999.99  -999.99  -999.99      0.0000      0.00         2.6525E-15   -403.95  6.6869E-17   -156.10


  AVERAGE POWER GAIN:  6.9228E-01 - SOLID ANGLE USED IN AVERAGING: (+1.9722)*PI STERADIANS



  DATA CARD No:   8 EN   0     0     0     0  0.00000E+00  0.00000E+00  0.00000E+00  0.00000E+00  0.00000E+00  0.00000E+00

  TOTAL RUN TIME: 50 msec