


                               __________________________________________
                              |                                          |
                              |  NUMERICAL ELECTROMAGNETICS CODE (nec2c) |
                              |   Translated to 'C' in Double Precision  |
                              |__________________________________________|



                               ---------------- COMMENTS ----------------
                               pattern-linked-40m
                              



                               -------- STRUCTURE SPECIFICATION --------
                                     COORDINATES MUST BE INPUT IN
                                     METERS OR BE SCALED TO METERS
                                     BEFORE STRUCTURE INPUT IS ENDED

  WIRE                                                                                 SEG FIRST  LAST  TAG
   No:        X1         Y1         Z1         X2         Y2         Z2       RADIUS   No:   SEG   SEG  No:
     1    -8.89750    0.00000    4.00703   -0.01000    0.00000    9.14400    0.00024    61     1    61    1
     2    -0.01000    0.00000    9.14400    0.01000    0.00000    9.14400    0.00024     1    62    62    2
     3     0.01000    0.00000    9.14400    8.89750    0.00000    4.00703    0.00024    61    63   123    3

     TOTAL SEGMENTS USED: 123   SEGMENTS IN A SYMMETRIC CELL: 123   SYMMETRY FLAG: 0


                               ---------- SEGMENTATION DATA ----------
                                        COORDINATES IN METERS
                            I+ AND I- INDICATE THE SEGMENTS BEFORE AND AFTER I

   SEG    COORDINATES OF SEGM CENTER     SEGM    ORIENTATION ANGLES    WIRE    CONNECTION DATA   TAG
   No:       X         Y         Z      LENGTH     ALPHA      BETA    RADIUS    I-     I    I+   No:
     1   -8.8246    0.0000    4.0491    0.1683   30.0279    0.0000    0.0002     0     1     2     1
     2   -8.6790    0.0000    4.1333    0.1683   30.0279    0.0000    0.0002     1     2     3     1
     3   -8.5333    0.0000    4.2176    0.1683   30.0279    0.0000    0.0002     2     3     4     1
     4   -8.3876    0.0000    4.3018    0.1683   30.0279    0.0000    0.0002     3     4     5     1
     5   -8.2419    0.0000    4.3860    0.1683   30.0279    0.0000    0.0002     4     5     6     1
     6   -8.0962    0.0000    4.4702    0.1683   30.0279    0.0000    0.0002     5     6     7     1
     7   -7.9505    0.0000    4.5544    0.1683   30.0279    0.0000    0.0002     6     7     8     1
     8   -7.8048    0.0000    4.6386    0.1683   30.0279    0.0000    0.0002     7     8     9     1
     9   -7.6591    0.0000    4.7228    0.1683   30.0279    0.0000    0.0002     8     9    10     1
    10   -7.5134    0.0000    4.8070    0.1683   30.0279    0.0000    0.0002     9    10    11     1
    11   -7.3677    0.0000    4.8913    0.1683   30.0279    0.0000    0.0002    10    11    12     1
    12   -7.2220    0.0000    4.9755    0.1683   30.0279    0.0000    0.0002    11    12    13     1
    13   -7.0763    0.0000    5.0597    0.1683   30.0279    0.0000    0.0002    12    13    14     1
    14   -6.9306    0.0000    5.1439    0.1683   30.0279    0.0000    0.0002    13    14    15     1
    15   -6.7849    0.0000    5.2281    0.1683   30.0279    0.0000    0.0002    14    15    16     1
    16   -6.6392    0.0000    5.3123    0.1683   30.0279    0.0000    0.0002    15    16    17     1
    17   -6.4935    0.0000    5.3965    0.1683   30.0279    0.0000    0.0002    16    17    18     1
    18   -6.3478    0.0000    5.4807    0.1683   30.0279    0.0000    0.0002    17    18    19     1
    19   -6.2021    0.0000    5.5650    0.1683   30.0279    0.0000    0.0002    18    19    20     1
    20   -6.0564    0.0000    5.6492    0.1683   30.0279    0.0000    0.0002    19    20    21     1
    21   -5.9107    0.0000    5.7334    0.1683   30.0279    0.0000    0.0002    20    21    22     1
    22   -5.7650    0.0000    5.8176    0.1683   30.0279    0.0000    0.0002    21    22    23     1
    23   -5.6193    0.0000    5.9018    0.1683   30.0279    0.0000    0.0002    22    23    24     1
    24   -5.4736    0.0000    5.9860    0.1683   30.0279    0.0000    0.0002    23    24    25     1
    25   -5.3279    0.0000    6.0702    0.1683   30.0279    0.0000    0.0002    24    25    26     1
    26   -5.1822    0.0000    6.1545    0.1683   30.0279    0.0000    0.0002    25    26    27     1
    27   -5.0365    0.0000    6.2387    0.1683   30.0279    0.0000    0.0002    26    27    28     1
    28   -4.8908    0.0000    6.3229    0.1683   30.0279    0.0000    0.0002    27    28    29     1
    29   -4.7451    0.0000    6.4071    0.1683   30.0279    0.0000    0.0002    28    29    30     1
    30   -4.5994    0.0000    6.4913    0.1683   30.0279    0.0000    0.0002    29    30    31     1
    31   -4.4537    0.0000    6.5755    0.1683   30.0279    0.0000    0.0002    30    31    32     1
    32   -4.3081    0.0000    6.6597    0.1683   30.0279    0.0000    0.0002    31    32    33     1
    33   -4.1624    0.0000    6.7439    0.1683   30.0279    0.0000    0.0002    32    33    34     1
    34   -4.0167    0.0000    6.8282    0.1683   30.0279    0.0000    0.0002    33    34    35     1
    35   -3.8710    0.0000    6.9124    0.1683   30.0279    0.0000    0.0002    34    35    36     1
    36   -3.7253    0.0000    6.9966    0.1683   30.0279    0.0000    0.0002    35    36    37     1
    37   -3.5796    0.0000    7.0808    0.1683   30.0279    0.0000    0.0002    36    37    38     1
    38   -3.4339    0.0000    7.1650    0.1683   30.0279    0.0000    0.0002    37    38    39     1
    39   -3.2882    0.0000    7.2492    0.1683   30.0279    0.0000    0.0002    38    39    40     1
    40   -3.1425    0.0000    7.3334    0.1683   30.0279    0.0000    0.0002    39    40    41     1
    41   -2.9968    0.0000    7.4176    0.1683   30.0279    0.0000    0.0002    40    41    42     1
    42   -2.8511    0.0000    7.5019    0.1683   30.0279    0.0000    0.0002    41    42    43     1
    43   -2.7054    0.0000    7.5861    0.1683   30.0279    0.0000    0.0002    42    43    44     1
    44   -2.5597    0.0000    7.6703    0.1683   30.0279    0.0000    0.0002    43    44    45     1
    45   -2.4140    0.0000    7.7545    0.1683   30.0279    0.0000    0.0002    44    45    46     1
    46   -2.2683    0.0000    7.8387    0.1683   30.0279    0.0000    0.0002    45    46    47     1
    47   -2.1226    0.0000    7.9229    0.1683   30.0279    0.0000    0.0002    46    47    48     1
    48   -1.9769    0.0000    8.0071    0.1683   30.0279    0.0000    0.0002    47    48    49     1
    49   -1.8312    0.0000    8.0913    0.1683   30.0279    0.0000    0.0002    48    49    50     1
    50   -1.6855    0.0000    8.1756    0.1683   30.0279    0.0000    0.0002    49    50    51     1
    51   -1.5398    0.0000    8.2598    0.1683   30.0279    0.0000    0.0002    50    51    52     1
    52   -1.3941    0.0000    8.3440    0.1683   30.0279    0.0000    0.0002    51    52    53     1
    53   -1.2484    0.0000    8.4282    0.1683   30.0279    0.0000    0.0002    52    53    54     1
    54   -1.1027    0.0000    8.5124    0.1683   30.0279    0.0000    0.0002    53    54    55     1
    55   -0.9570    0.0000    8.5966    0.1683   30.0279    0.0000    0.0002    54    55    56     1
    56   -0.8113    0.0000    8.6808    0.1683   30.0279    0.0000    0.0002    55    56    57     1
    57   -0.6656    0.0000    8.7650    0.1683   30.0279    0.0000    0.0002    56    57    58     1
    58   -0.5199    0.0000    8.8493    0.1683   30.0279    0.0000    0.0002    57    58    59     1
    59   -0.3742    0.0000    8.9335    0.1683   30.0279    0.0000    0.0002    58    59    60     1
    60   -0.2285    0.0000    9.0177    0.1683   30.0279    0.0000    0.0002    59    60    61     1
    61   -0.0828    0.0000    9.1019    0.1683   30.0279    0.0000    0.0002    60    61    62     1
    62    0.0000    0.0000    9.1440    0.0200    0.0000    0.0000    0.0002    61    62    63     2
    63    0.0828    0.0000    9.1019    0.1683  -30.0279    0.0000    0.0002    62    63    64     3
    64    0.2285    0.0000    9.0177    0.1683  -30.0279    0.0000    0.0002    63    64    65     3
    65    0.3742    0.0000    8.9335    0.1683  -30.0279    0.0000    0.0002    64    65    66     3
    66    0.5199    0.0000    8.8493    0.1683  -30.0279    0.0000    0.0002    65    66    67     3
    67    0.6656    0.0000    8.7650    0.1683  -30.0279    0.0000    0.0002    66    67    68     3
    68    0.8113    0.0000    8.6808    0.1683  -30.0279    0.0000    0.0002    67    68    69     3
    69    0.9570    0.0000    8.5966    0.1683  -30.0279    0.0000    0.0002    68    69    70     3
    70    1.1027    0.0000    8.5124    0.1683  -30.0279    0.0000    0.0002    69    70    71     3
    71    1.2484    0.0000    8.4282    0.1683  -30.0279    0.0000    0.0002    70    71    72     3
    72    1.3941    0.0000    8.3440    0.1683  -30.0279    0.0000    0.0002    71    72    73     3
    73    1.5398    0.0000    8.2598    0.1683  -30.0279    0.0000    0.0002    72    73    74     3
    74    1.6855    0.0000    8.1756    0.1683  -30.0279    0.0000    0.0002    73    74    75     3
    75    1.8312    0.0000    8.0913    0.1683  -30.0279    0.0000    0.0002    74    75    76     3
    76    1.9769    0.0000    8.0071    0.1683  -30.0279    0.0000    0.0002    75    76    77     3
    77    2.1226    0.0000    7.9229    0.1683  -30.0279    0.0000    0.0002    76    77    78     3
    78    2.2683    0.0000    7.8387    0.1683  -30.0279    0.0000    0.0002    77    78    79     3
    79    2.4140    0.0000    7.7545    0.1683  -30.0279    0.0000    0.0002    78    79    80     3
    80    2.5597    0.0000    7.6703    0.1683  -30.0279    0.0000    0.0002    79    80    81     3
    81    2.7054    0.0000    7.5861    0.1683  -30.0279    0.0000    0.0002    80    81    82     3
    82    2.8511    0.0000    7.5019    0.1683  -30.0279    0.0000    0.0002    81    82    83     3
    83    2.9968    0.0000    7.4176    0.1683  -30.0279    0.0000    0.0002    82    83    84     3
    84    3.1425    0.0000    7.3334    0.1683  -30.0279    0.0000    0.0002    83    84    85     3
    85    3.2882    0.0000    7.2492    0.1683  -30.0279    0.0000    0.0002    84    85    86     3
    86    3.4339    0.0000    7.1650    0.1683  -30.0279    0.0000    0.0002    85    86    87     3
    87    3.5796    0.0000    7.0808    0.1683  -30.0279    0.0000    0.0002    86    87    88     3
    88    3.7253    0.0000    6.9966    0.1683  -30.0279    0.0000    0.0002    87    88    89     3
    89    3.8710    0.0000    6.9124    0.1683  -30.0279    0.0000    0.0002    88    89    90     3
    90    4.0167    0.0000    6.8282    0.1683  -30.0279    0.0000    0.0002    89    90    91     3
    91    4.1624    0.0000    6.7439    0.1683  -30.0279    0.0000    0.0002    90    91    92     3
    92    4.3081    0.0000    6.6597    0.1683  -30.0279    0.0000    0.0002    91    92    93     3
    93    4.4537    0.0000    6.5755    0.1683  -30.0279    0.0000    0.0002    92    93    94     3
    94    4.5994    0.0000    6.4913    0.1683  -30.0279    0.0000    0.0002    93    94    95     3
    95    4.7451    0.0000    6.4071    0.1683  -30.0279    0.0000    0.0002    94    95    96     3
    96    4.8908    0.0000    6.3229    0.1683  -30.0279    0.0000    0.0002    95    96    97     3
    97    5.0365    0.0000    6.2387    0.1683  -30.0279    0.0000    0.0002    96    97    98     3
    98    5.1822    0.0000    6.1545    0.1683  -30.0279    0.0000    0.0002    97    98    99     3
    99    5.3279    0.0000    6.0702    0.1683  -30.0279    0.0000    0.0002    98    99   100     3
   100    5.4736    0.0000    5.9860    0.1683  -30.0279    0.0000    0.0002    99   100   101     3
   101    5.6193    0.0000    5.9018    0.1683  -30.0279    0.0000    0.0002   100   101   102     3
   102    5.7650    0.0000    5.8176    0.1683  -30.0279    0.0000    0.0002   101   102   103     3
   103    5.9107    0.0000    5.7334    0.1683  -30.0279    0.0000    0.0002   102   103   104     3
   104    6.0564    0.0000    5.6492    0.1683  -30.0279    0.0000    0.0002   103   104   105     3
   105    6.2021    0.0000    5.5650    0.1683  -30.0279    0.0000    0.0002   104   105   106     3
   106    6.3478    0.0000    5.4807    0.1683  -30.0279    0.0000    0.0002   105   106   107     3
   107    6.4935    0.0000    5.3965    0.1683  -30.0279    0.0000    0.0002   106   107   108     3
   108    6.6392    0.0000    5.3123    0.1683  -30.0279    0.0000    0.0002   107   108   109     3
   109    6.7849    0.0000    5.2281    0.1683  -30.0279    0.0000    0.0002   108   109   110     3
   110    6.9306    0.0000    5.1439    0.1683  -30.0279    0.0000    0.0002   109   110   111     3
   111    7.0763    0.0000    5.0597    0.1683  -30.0279    0.0000    0.0002   110   111   112     3
   112    7.2220    0.0000    4.9755    0.1683  -30.0279    0.0000    0.0002   111   112   113     3
   113    7.3677    0.0000    4.8913    0.1683  -30.0279    0.0000    0.0002   112   113   114     3
   114    7.5134    0.0000    4.8070    0.1683  -30.0279    0.0000    0.0002   113   114   115     3
   115    7.6591    0.0000    4.7228    0.1683  -30.0279    0.0000    0.0002   114   115   116     3
   116    7.8048    0.0000    4.6386    0.1683  -30.0279    0.0000    0.0002   115   116   117     3
   117    7.9505    0.0000    4.5544    0.1683  -30.0279    0.0000    0.0002   116   117   118     3
   118    8.0962    0.0000    4.4702    0.1683  -30.0279    0.0000    0.0002   117   118   119     3
   119    8.2419    0.0000    4.3860    0.1683  -30.0279    0.0000    0.0002   118   119   120     3
   120    8.3876    0.0000    4.3018    0.1683  -30.0279    0.0000    0.0002   119   120   121     3
   121    8.5333    0.0000    4.2176    0.1683  -30.0279    0.0000    0.0002   120   121   122     3
   122    8.6790    0.0000    4.1333    0.1683  -30.0279    0.0000    0.0002   121   122   123     3
   123    8.8246    0.0000    4.0491    0.1683  -30.0279    0.0000    0.0002   122   123     0     3



  DATA CARD No:   1 EK   0     0     0     0  0.00000E+00  0.00000E+00  0.00000E+00  0.00000E+00  0.00000E+00  0.00000E+00
  DATA CARD No:   2 LD   5     0     0     0  1.50000E+07  0.00000E+00  0.00000E+00  0.00000E+00  0.00000E+00  0.00000E+00
  DATA CARD No:   3 GN   2     0     0     0  1.30000E+01  5.00000E-03  0.00000E+00  0.00000E+00  0.00000E+00  0.00000E+00
  DATA CARD No:   4 FR   0     1     0     0  7.05000E+00  0.00000E+00  0.00000E+00  0.00000E+00  0.00000E+00  0.00000E+00
  DATA CARD No:   5 EX   0     2     1     0  1.00000E+00  0.00000E+00  0.00000E+00  0.00000E+00  0.00000E+00  0.00000E+00
  DATA CARD No:   6 PT  -1     0     0     0  0.00000E+00  0.00000E+00  0.00000E+00  0.00000E+00  0.00000E+00  0.00000E+00
  DATA CARD No:   7 RP   0    19    72  1001  0.00000E+00  0.00000E+00  5.00000E+00  5.00000E+00  1.00000E+03  0.00000E+00


                               --------- FREQUENCY --------
                                FREQUENCY : 7.0500E+00 MHz
                                WAVELENGTH: 4.2525E+01 Mtr

                        APPROXIMATE INTEGRATION EMPLOYED FOR SEGMENTS 
                        THAT ARE MORE THAN 1.000 WAVELENGTHS APART
                        THE EXTENDED THIN WIRE KERNEL WILL BE USED


                          ------ STRUCTURE IMPEDANCE LOADING ------
  LOCATION        RESISTANCE  INDUCTANCE  CAPACITANCE     IMPEDANCE (OHMS)   CONDUCTIVITY  CIRCUIT
  ITAG FROM THRU     OHMS       HENRYS      FARADS       REAL     IMAGINARY   MHOS/METER      TYPE
  ALL                                                                        1.5000E+07     WIRE  


                            -------- ANTENNA ENVIRONMENT --------
                            FINITE GROUND - SOMMERFELD SOLUTION
                            RELATIVE DIELECTRIC CONST: 13.000
                            CONDUCTIVITY:  5.000E-03 MHOS/METER
                            COMPLEX DIELECTRIC CONSTANT:  1.3000E+01-1.2749E+01j


                             ---------- MATRIX TIMING ----------
                               FILL: 10 msec  FACTOR: 0 msec


                        --------- ANTENNA INPUT PARAMETERS ---------
  TAG   SEG       VOLTAGE (VOLTS)         CURRENT (AMPS)         IMPEDANCE (OHMS)        ADMITTANCE (MHOS)     POWER
  No:   No:     REAL      IMAGINARY     REAL      IMAGINARY     REAL      IMAGINARY    REAL       IMAGINARY   (WATTS)
    2    62  1.0000E+00  0.0000E+00  1.7870E-02  3.1865E-07  5.5960E+01 -9.9785E-04  1.7870E-02  3.1865E-07  8.9350E-03


                               ---------- POWER BUDGET ---------
                               INPUT POWER   =  8.9350E-03 Watts
                               RADIATED POWER=  7.4254E-03 Watts
                               STRUCTURE LOSS=  1.5096E-03 Watts
                               NETWORK LOSS  =  0.0000E+00 Watts
                               EFFICIENCY    =   83.11 Percent


                             ---------- RADIATION PATTERNS -----------

                             RANGE:  1.000000E+03 METERS
                             EXP(-JKR)/R:  1.00000E-03 AT PHASE: -185.64 DEGREES

 ---- ANGLES -----     ----- POWER GAINS -----       ---- POLARIZATION ----   ---- E(THETA) ----    ----- E(PHI) ------
  THETA      PHI       VERTC    HORIZ    TOTAL       AXIAL      TILT  SENSE   MAGNITUDE    PHASE    MAGNITUDE     PHASE
 DEGREES   DEGREES        DB       DB       DB       RATIO   DEGREES            VOLTS/M   DEGREES     VOLTS/M   DEGREES
    0.00      0.00      5.40  -999.99     5.40      0.0000      0.00 LINEAR  1.3637E-03   -197.73  0.0000E+00   -185.64
    5.00      0.00      5.35  -999.99     5.35      0.0000      0.00 LINEAR  1.3557E-03   -197.79  0.0000E+00   -185.64
   10.00      0.00      5.20  -999.99     5.20      0.0000      0.00 LINEAR  1.3321E-03   -197.97  0.0000E+00   -185.64
   15.00      0.00      4.95  -999.99     4.95      0.0000      0.00 LINEAR  1.2936E-03   -198.27  0.0000E+00   -185.64
   20.00      0.00      4.59  -999.99     4.59      0.0000      0.00 LINEAR  1.2416E-03   -198.70  0.0000E+00   -185.64
   25.00      0.00      4.13  -999.99     4.13      0.0000      0.00 LINEAR  1.1778E-03   -199.28  0.0000E+00   -185.64
   30.00      0.00      3.57  -999.99     3.57      0.0000      0.00 LINEAR  1.1043E-03   -200.01  0.0000E+00   -185.64
   35.00      0.00      2.91  -999.99     2.91      0.0000      0.00 LINEAR  1.0234E-03   -200.94  0.0000E+00   -185.64
   40.00      0.00      2.15  -999.99     2.15      0.0000      0.00 LINEAR  9.3768E-04   -202.06  0.0000E+00   -185.64
   45.00      0.00      1.29  -999.99     1.29      0.0000      0.00 LINEAR  8.4950E-04   -203.42  0.0000E+00   -185.64
   50.00      0.00      0.34  -999.99     0.34      0.0000      0.00 LINEAR  7.6123E-04   -205.04  0.0000E+00   -185.64
   55.00      0.00     -0.71  -999.99    -0.71      0.0000      0.00 LINEAR  6.7485E-04   -206.95  0.0000E+00   -185.64
   60.00      0.00     -1.85  -999.99    -1.85      0.0000      0.00 LINEAR  5.9181E-04   -209.15  0.0000E+00   -185.64
   65.00      0.00     -3.09  -999.99    -3.09      0.0000      0.00 LINEAR  5.1267E-04   -211.66  0.0000E+00   -185.64
   70.00      0.00     -4.49  -999.99    -4.49      0.0000      0.00 LINEAR  4.3665E-04   -214.46  0.0000E+00   -185.64
   75.00      0.00     -6.15  -999.99    -6.15      0.0000      0.00 LINEAR  3.6071E-04   -217.56  0.0000E+00   -185.64
   80.00      0.00     -8.42  -999.99    -8.42      0.0000      0.00 LINEAR  2.7758E-04   -221.03  0.0000E+00   -185.64
   85.00      0.00    -12.64  -999.99   -12.64      0.0000      0.00 LINEAR  1.7084E-04   -225.24  0.0000E+00   -185.64
   90.00      0.00   -999.99  -999.99  -999.99      0.0000      0.00         1.3455E-14    -51.31  0.0000E+00   -185.64
    0.00      5.00      5.37   -15.79     5.40      0.0000     -5.00 LINEAR  1.3585E-03   -197.73  1.1885E-04    -17.73
    5.00      5.00      5.32   -15.81     5.35      0.0001     -5.02 RIGHT   1.3505E-03   -197.79  1.1859E-04    -17.75
   10.00      5.00      5.17   -15.87     5.20      0.0002     -5.07 RIGHT   1.3271E-03   -197.97  1.1779E-04    -17.81
   15.00      5.00      4.91   -15.97     4.95      0.0006     -5.16 RIGHT   1.2888E-03   -198.27  1.1645E-04    -17.91
   20.00      5.00      4.56   -16.11     4.60      0.0011     -5.29 RIGHT   1.2371E-03   -198.70  1.1452E-04    -18.03
   25.00      5.00      4.10   -16.31     4.14      0.0018     -5.45 RIGHT   1.1736E-03   -199.28  1.1196E-04    -18.18
   30.00      5.00      3.54   -16.56     3.58      0.0029     -5.64 RIGHT   1.1004E-03   -200.02  1.0871E-04    -18.33
   35.00      5.00      2.88   -16.89     2.93      0.0043     -5.86 RIGHT   1.0199E-03   -200.94  1.0473E-04    -18.48
   40.00      5.00      2.12   -17.29     2.17      0.0063     -6.09 RIGHT   9.3455E-04   -202.06  9.9940E-05    -18.63
   45.00      5.00      1.27   -17.80     1.32      0.0090     -6.33 RIGHT   8.4674E-04   -203.43  9.4282E-05    -18.74
   50.00      5.00      0.31   -18.43     0.37      0.0124     -6.56 RIGHT   7.5882E-04   -205.05  8.7699E-05    -18.83
   55.00      5.00     -0.73   -19.21    -0.67      0.0165     -6.73 RIGHT   6.7277E-04   -206.95  8.0141E-05    -18.86
   60.00      5.00     -1.87   -20.19    -1.81      0.0214     -6.81 RIGHT   5.9002E-04   -209.16  7.1576E-05    -18.84
   65.00      5.00     -3.12   -21.44    -3.06      0.0267     -6.75 RIGHT   5.1115E-04   -211.67  6.1988E-05    -18.77
   70.00      5.00     -4.51   -23.07    -4.45      0.0318     -6.48 RIGHT   4.3538E-04   -214.47  5.1386E-05    -18.62
   75.00      5.00     -6.17   -25.29    -6.12      0.0359     -5.98 RIGHT   3.5968E-04   -217.57  3.9807E-05    -18.40
   80.00      5.00     -8.45   -28.56    -8.40      0.0381     -5.20 RIGHT   2.7679E-04   -221.05  2.7315E-05    -18.11
   85.00      5.00    -12.66   -34.36   -12.63      0.0378     -4.18 RIGHT   1.7036E-04   -225.26  1.4005E-05    -17.74
   90.00      5.00   -999.99  -999.99  -999.99      0.0000      0.00         1.3416E-14    -51.33  8.3654E-16   -197.30
    0.00     10.00      5.27    -9.80     5.40      0.0000    -10.00 LINEAR  1.3429E-03   -197.73  2.3680E-04    -17.73
    5.00     10.00      5.22    -9.82     5.36      0.0001    -10.04 RIGHT   1.3351E-03   -197.79  2.3628E-04    -17.75
   10.00     10.00      5.07    -9.88     5.21      0.0005    -10.14 RIGHT   1.3120E-03   -197.97  2.3472E-04    -17.81
   15.00     10.00      4.82    -9.98     4.96      0.0011    -10.32 RIGHT   1.2744E-03   -198.27  2.3206E-04    -17.91
   20.00     10.00      4.46   -10.12     4.61      0.0021    -10.57 RIGHT   1.2234E-03   -198.70  2.2825E-04    -18.03
   25.00     10.00      4.01   -10.32     4.16      0.0036    -10.88 RIGHT   1.1609E-03   -199.28  2.2320E-04    -18.18
   30.00     10.00      3.45   -10.57     3.62      0.0056    -11.26 RIGHT   1.0888E-03   -200.02  2.1678E-04    -18.33
   35.00     10.00      2.79   -10.89     2.97      0.0085    -11.68 RIGHT   1.0094E-03   -200.94  2.0889E-04    -18.49
   40.00     10.00      2.03   -11.30     2.23      0.0124    -12.14 RIGHT   9.2514E-04   -202.07  1.9940E-04    -18.63
   45.00     10.00      1.18   -11.80     1.39      0.0175    -12.61 RIGHT   8.3844E-04   -203.44  1.8816E-04    -18.75
   50.00     10.00      0.23   -12.42     0.46      0.0240    -13.05 RIGHT   7.5157E-04   -205.06  1.7507E-04    -18.83
   55.00     10.00     -0.81   -13.21    -0.57      0.0320    -13.39 RIGHT   6.6650E-04   -206.97  1.6003E-04    -18.87
   60.00     10.00     -1.95   -14.18    -1.70      0.0414    -13.55 RIGHT   5.8465E-04   -209.18  1.4296E-04    -18.85
   65.00     10.00     -3.20   -15.43    -2.94      0.0517    -13.44 RIGHT   5.0659E-04   -211.69  1.2384E-04    -18.77
   70.00     10.00     -4.59   -17.06    -4.35      0.0618    -12.94 RIGHT   4.3156E-04   -214.50  1.0268E-04    -18.63
   75.00     10.00     -6.25   -19.28    -6.04      0.0702    -11.96 RIGHT   3.5655E-04   -217.61  7.9555E-05    -18.41
   80.00     10.00     -8.52   -22.55    -8.35      0.0751    -10.44 RIGHT   2.7441E-04   -221.09  5.4596E-05    -18.12
   85.00     10.00    -12.74   -28.35   -12.62      0.0750     -8.41 RIGHT   1.6890E-04   -225.30  2.7994E-05    -17.75
   90.00     10.00   -999.99  -999.99  -999.99      0.0000      0.00         1.3302E-14    -51.38  1.6722E-15   -197.31
    0.00     15.00      5.10    -6.34     5.40      0.0000    -15.00 LINEAR  1.3172E-03   -197.73  3.5294E-04    -17.73
    5.00     15.00      5.05    -6.35     5.36      0.0002    -15.05 RIGHT   1.3096E-03   -197.79  3.5219E-04    -17.75
   10.00     15.00      4.90    -6.41     5.21      0.0007    -15.21 RIGHT   1.2871E-03   -197.97  3.4990E-04    -17.81
   15.00     15.00      4.65    -6.51     4.97      0.0016    -15.47 RIGHT   1.2504E-03   -198.27  3.4601E-04    -17.91
   20.00     15.00      4.30    -6.65     4.64      0.0031    -15.83 RIGHT   1.2007E-03   -198.70  3.4043E-04    -18.03
   25.00     15.00      3.85    -6.84     4.20      0.0052    -16.28 RIGHT   1.1397E-03   -199.28  3.3300E-04    -18.18
   30.00     15.00      3.29    -7.09     3.67      0.0082    -16.83 RIGHT   1.0694E-03   -200.03  3.2356E-04    -18.34
   35.00     15.00      2.64    -7.41     3.05      0.0123    -17.45 RIGHT   9.9182E-04   -200.95  3.1192E-04    -18.50
   40.00     15.00      1.89    -7.81     2.33      0.0178    -18.11 RIGHT   9.0944E-04   -202.09  2.9788E-04    -18.64
   45.00     15.00      1.04    -8.31     1.51      0.0250    -18.79 RIGHT   8.2457E-04   -203.45  2.8123E-04    -18.76
   50.00     15.00      0.09    -8.93     0.60      0.0342    -19.41 RIGHT   7.3946E-04   -205.08  2.6178E-04    -18.84
   55.00     15.00     -0.95    -9.71    -0.41      0.0456    -19.91 RIGHT   6.5601E-04   -207.00  2.3940E-04    -18.88
   60.00     15.00     -2.09   -10.68    -1.52      0.0589    -20.16 RIGHT   5.7565E-04   -209.22  2.1395E-04    -18.87
   65.00     15.00     -3.33   -11.93    -2.77      0.0736    -20.02 RIGHT   4.9893E-04   -211.74  1.8540E-04    -18.79
   70.00     15.00     -4.72   -13.55    -4.18      0.0884    -19.34 RIGHT   4.2513E-04   -214.56  1.5377E-04    -18.64
   75.00     15.00     -6.38   -15.77    -5.90      0.1013    -17.95 RIGHT   3.5131E-04   -217.67  1.1917E-04    -18.43
   80.00     15.00     -8.65   -19.03    -8.27      0.1097    -15.75 RIGHT   2.7040E-04   -221.16  8.1799E-05    -18.13
   85.00     15.00    -12.86   -24.84   -12.60      0.1112    -12.75 RIGHT   1.6644E-04   -225.38  4.1948E-05    -17.77
   90.00     15.00   -999.99  -999.99  -999.99      0.0000      0.00         1.3108E-14    -51.45  2.5057E-15   -197.33
    0.00     20.00      4.86    -3.91     5.40      0.0000    -20.00 LINEAR  1.2814E-03   -197.73  4.6640E-04    -17.73
    5.00     20.00      4.81    -3.93     5.36      0.0002    -20.07 RIGHT   1.2741E-03   -197.79  4.6543E-04    -17.75
   10.00     20.00      4.67    -3.99     5.22      0.0009    -20.27 RIGHT   1.2524E-03   -197.97  4.6248E-04    -17.81
   15.00     20.00      4.42    -4.08     4.99      0.0021    -20.60 RIGHT   1.2171E-03   -198.27  4.5748E-04    -17.91
   20.00     20.00      4.07    -4.22     4.67      0.0039    -21.06 RIGHT   1.1692E-03   -198.71  4.5026E-04    -18.04
   25.00     20.00      3.62    -4.41     4.25      0.0066    -21.64 RIGHT   1.1103E-03   -199.29  4.4064E-04    -18.19
   30.00     20.00      3.07    -4.65     3.75      0.0104    -22.34 RIGHT   1.0423E-03   -200.04  4.2838E-04    -18.35
   35.00     20.00      2.42    -4.97     3.15      0.0155    -23.12 RIGHT   9.6725E-04   -200.96  4.1321E-04    -18.50
   40.00     20.00      1.67    -5.36     2.46      0.0224    -23.96 RIGHT   8.8743E-04   -202.10  3.9485E-04    -18.65
   45.00     20.00      0.83    -5.85     1.67      0.0313    -24.81 RIGHT   8.0510E-04   -203.48  3.7302E-04    -18.77
   50.00     20.00     -0.11    -6.47     0.79      0.0426    -25.60 RIGHT   7.2241E-04   -205.11  3.4745E-04    -18.86
   55.00     20.00     -1.15    -7.24    -0.19      0.0565    -26.23 RIGHT   6.4123E-04   -207.04  3.1793E-04    -18.90
   60.00     20.00     -2.28    -8.21    -1.29      0.0729    -26.57 RIGHT   5.6294E-04   -209.27  2.8430E-04    -18.88
   65.00     20.00     -3.52    -9.45    -2.53      0.0912    -26.44 RIGHT   4.8811E-04   -211.80  2.4648E-04    -18.81
   70.00     20.00     -4.91   -11.07    -3.97      0.1102    -25.63 RIGHT   4.1604E-04   -214.63  2.0452E-04    -18.66
   75.00     20.00     -6.56   -13.29    -5.72      0.1278    -23.93 RIGHT   3.4387E-04   -217.76  1.5856E-04    -18.45
   80.00     20.00     -8.83   -16.55    -8.16      0.1407    -21.16 RIGHT   2.6472E-04   -221.26  1.0886E-04    -18.16
   85.00     20.00    -13.05   -22.35   -12.57      0.1455    -17.25 RIGHT   1.6296E-04   -225.48  5.5833E-05    -17.79
   90.00     20.00   -999.99  -999.99  -999.99      0.0000      0.00         1.2835E-14    -51.56  3.3355E-15   -197.35
    0.00     25.00      4.55    -2.08     5.40      0.0000    -25.00 LINEAR  1.2359E-03   -197.73  5.7631E-04    -17.73
    5.00     25.00      4.50    -2.09     5.36      0.0003    -25.08 RIGHT   1.2289E-03   -197.79  5.7515E-04    -17.75
   10.00     25.00      4.35    -2.15     5.23      0.0010    -25.32 RIGHT   1.2083E-03   -197.97  5.7163E-04    -17.81
   15.00     25.00      4.11    -2.24     5.01      0.0025    -25.71 RIGHT   1.1746E-03   -198.27  5.6564E-04    -17.91
   20.00     25.00      3.76    -2.37     4.71      0.0046    -26.26 RIGHT   1.1289E-03   -198.71  5.5698E-04    -18.04
   25.00     25.00      3.32    -2.56     4.32      0.0078    -26.95 RIGHT   1.0726E-03   -199.30  5.4539E-04    -18.19
   30.00     25.00      2.78    -2.79     3.84      0.0122    -27.76 RIGHT   1.0076E-03   -200.05  5.3056E-04    -18.35
   35.00     25.00      2.13    -3.10     3.27      0.0181    -28.68 RIGHT   9.3570E-04   -200.98  5.1215E-04    -18.51
   40.00     25.00      1.39    -3.49     2.61      0.0260    -29.66 RIGHT   8.5912E-04   -202.12  4.8976E-04    -18.66
   45.00     25.00      0.55    -3.98     1.86      0.0361    -30.65 RIGHT   7.7999E-04   -203.50  4.6304E-04    -18.79
   50.00     25.00     -0.38    -4.59     1.02      0.0489    -31.58 RIGHT   7.0037E-04   -205.15  4.3163E-04    -18.88
   55.00     25.00     -1.41    -5.35     0.06      0.0646    -32.32 RIGHT   6.2207E-04   -207.08  3.9525E-04    -18.92
   60.00     25.00     -2.54    -6.32    -1.02      0.0831    -32.73 RIGHT   5.4643E-04   -209.32  3.5369E-04    -18.91
   65.00     25.00     -3.77    -7.55    -2.25      0.1040    -32.63 RIGHT   4.7402E-04   -211.87  3.0683E-04    -18.83
   70.00     25.00     -5.16    -9.17    -3.71      0.1265    -31.77 RIGHT   4.0419E-04   -214.72  2.5473E-04    -18.69
   75.00     25.00     -6.81   -11.38    -5.51      0.1486    -29.87 RIGHT   3.3418E-04   -217.86  1.9757E-04    -18.47
   80.00     25.00     -9.08   -14.64    -8.01      0.1670    -26.66 RIGHT   2.5731E-04   -221.37  1.3569E-04    -18.18
   85.00     25.00    -13.29   -20.44   -12.53      0.1771    -21.97 RIGHT   1.5842E-04   -225.61  6.9606E-05    -17.82
   90.00     25.00   -999.99  -999.99  -999.99      0.0000      0.00         1.2478E-14    -51.69  4.1585E-15   -197.38
    0.00     30.00      4.16    -0.62     5.40      0.0000    -30.00 LINEAR  1.1810E-03   -197.73  6.8183E-04    -17.73
    5.00     30.00      4.11    -0.63     5.36      0.0003    -30.09 RIGHT   1.1744E-03   -197.79  6.8051E-04    -17.75
   10.00     30.00      3.96    -0.68     5.24      0.0012    -30.36 RIGHT   1.1549E-03   -197.97  6.7652E-04    -17.82
   15.00     30.00      3.72    -0.77     5.04      0.0028    -30.81 RIGHT   1.1232E-03   -198.28  6.6970E-04    -17.92
   20.00     30.00      3.38    -0.90     4.76      0.0052    -31.42 RIGHT   1.0801E-03   -198.72  6.5980E-04    -18.05
   25.00     30.00      2.94    -1.08     4.39      0.0087    -32.19 RIGHT   1.0269E-03   -199.31  6.4650E-04    -18.20
   30.00     30.00      2.40    -1.31     3.94      0.0135    -33.10 RIGHT   9.6537E-04   -200.06  6.2940E-04    -18.36
   35.00     30.00      1.77    -1.61     3.41      0.0200    -34.12 RIGHT   8.9724E-04   -201.00  6.0806E-04    -18.53
   40.00     30.00      1.03    -1.99     2.79      0.0285    -35.20 RIGHT   8.2450E-04   -202.15  5.8200E-04    -18.68
   45.00     30.00      0.20    -2.47     2.08      0.0394    -36.29 RIGHT   7.4920E-04   -203.54  5.5074E-04    -18.81
   50.00     30.00     -0.73    -3.07     1.27      0.0530    -37.31 RIGHT   6.7327E-04   -205.19  5.1385E-04    -18.90
   55.00     30.00     -1.75    -3.83     0.34      0.0696    -38.13 RIGHT   5.9845E-04   -207.14  4.7094E-04    -18.94
   60.00     30.00     -2.87    -4.79    -0.71      0.0893    -38.62 RIGHT   5.2603E-04   -209.39  4.2175E-04    -18.93
   65.00     30.00     -4.10    -6.02    -1.94      0.1120    -38.56 RIGHT   4.5658E-04   -211.96  3.6614E-04    -18.86
   70.00     30.00     -5.48    -7.63    -3.41      0.1371    -37.71 RIGHT   3.8949E-04   -214.82  3.0416E-04    -18.72
   75.00     30.00     -7.13    -9.83    -5.26      0.1632    -35.73 RIGHT   3.2213E-04   -217.98  2.3601E-04    -18.50
   80.00     30.00     -9.40   -13.09    -7.85      0.1875    -32.25 RIGHT   2.4810E-04   -221.51  1.6215E-04    -18.21
   85.00     30.00    -13.61   -18.89   -12.48      0.2048    -26.92 RIGHT   1.5277E-04   -225.75  8.3200E-05    -17.85
   90.00     30.00   -999.99  -999.99  -999.99      0.0000      0.00         1.2033E-14    -51.84  4.9710E-15   -197.41
    0.00     35.00      3.67     0.58     5.40      0.0000    -35.00 LINEAR  1.1170E-03   -197.73  7.8216E-04    -17.73
    5.00     35.00      3.62     0.56     5.37      0.0003    -35.10 RIGHT   1.1109E-03   -197.79  7.8072E-04    -17.75
   10.00     35.00      3.48     0.51     5.26      0.0013    -35.39 RIGHT   1.0928E-03   -197.97  7.7635E-04    -17.82
   15.00     35.00      3.24     0.43     5.07      0.0030    -35.87 RIGHT   1.0632E-03   -198.28  7.6886E-04    -17.92
   20.00     35.00      2.91     0.30     4.81      0.0056    -36.53 RIGHT   1.0230E-03   -198.72  7.5795E-04    -18.05
   25.00     35.00      2.48     0.13     4.47      0.0093    -37.36 RIGHT   9.7340E-04   -199.31  7.4322E-04    -18.21
   30.00     35.00      1.95    -0.09     4.06      0.0144    -38.33 RIGHT   9.1582E-04   -200.07  7.2417E-04    -18.37
   35.00     35.00      1.32    -0.38     3.56      0.0212    -39.41 RIGHT   8.5195E-04   -201.02  7.0027E-04    -18.54
   40.00     35.00      0.59    -0.76     2.98      0.0300    -40.56 RIGHT   7.8363E-04   -202.18  6.7090E-04    -18.70
   45.00     35.00     -0.23    -1.23     2.31      0.0412    -41.71 RIGHT   7.1272E-04   -203.57  6.3550E-04    -18.83
   50.00     35.00     -1.15    -1.82     1.54      0.0550    -42.78 RIGHT   6.4107E-04   -205.24  5.9351E-04    -18.92
   55.00     35.00     -2.17    -2.57     0.65      0.0719    -43.66 RIGHT   5.7030E-04   -207.20  5.4447E-04    -18.97
   60.00     35.00     -3.28    -3.52    -0.39      0.0919    -44.20 RIGHT   5.0165E-04   -209.47  4.8803E-04    -18.96
   65.00     35.00     -4.51    -4.74    -1.61      0.1153    -44.20 RIGHT   4.3569E-04   -212.05  4.2402E-04    -18.89
   70.00     35.00     -5.88    -6.35    -3.10      0.1420    -43.40 RIGHT   3.7186E-04   -214.93  3.5247E-04    -18.75
   75.00     35.00     -7.53    -8.55    -5.00      0.1712    -41.45 RIGHT   3.0766E-04   -218.11  2.7365E-04    -18.54
   80.00     35.00     -9.79   -11.80    -7.67      0.2013    -37.87 RIGHT   2.3701E-04   -221.66  1.8808E-04    -18.25
   85.00     35.00    -14.00   -17.60   -12.43      0.2274    -32.13 RIGHT   1.4597E-04   -225.91  9.6531E-05    -17.88
   90.00     35.00   -999.99  -999.99  -999.99      0.0000      0.00         1.1498E-14    -52.00  5.7680E-15   -197.45
    0.00     40.00      3.09     1.57     5.40      0.0000    -40.00 LINEAR  1.0446E-03   -197.73  8.7654E-04    -17.73
    5.00     40.00      3.04     1.55     5.37      0.0003    -40.10 RIGHT   1.0390E-03   -197.79  8.7502E-04    -17.75
   10.00     40.00      2.90     1.50     5.27      0.0013    -40.41 RIGHT   1.0224E-03   -197.97  8.7037E-04    -17.82
   15.00     40.00      2.67     1.42     5.10      0.0031    -40.91 RIGHT   9.9515E-04   -198.28  8.6238E-04    -17.92
   20.00     40.00      2.34     1.31     4.86      0.0058    -41.60 RIGHT   9.5813E-04   -198.73  8.5068E-04    -18.06
   25.00     40.00      1.91     1.14     4.56      0.0096    -42.46 RIGHT   9.1236E-04   -199.33  8.3480E-04    -18.22
   30.00     40.00      1.39     0.92     4.17      0.0148    -43.46 RIGHT   8.5915E-04   -200.09  8.1413E-04    -18.39
   35.00     40.00      0.77     0.64     3.72      0.0217    -44.57 RIGHT   8.0000E-04   -201.04  7.8803E-04    -18.56
   40.00     40.00      0.05     0.28     3.18      0.0305    -45.74 RIGHT   7.3657E-04   -202.20  7.5577E-04    -18.71
   45.00     40.00     -0.76    -0.18     2.55      0.0415    -46.91 RIGHT   6.7059E-04   -203.61  7.1665E-04    -18.85
   50.00     40.00     -1.67    -0.77     1.81      0.0551    -48.00 RIGHT   6.0375E-04   -205.29  6.7000E-04    -18.94
   55.00     40.00     -2.68    -1.51     0.96      0.0716    -48.89 RIGHT   5.3758E-04   -207.26  6.1525E-04    -18.99
   60.00     40.00     -3.79    -2.45    -0.06      0.0913    -49.47 RIGHT   4.7324E-04   -209.55  5.5199E-04    -18.99
   65.00     40.00     -5.01    -3.66    -1.27      0.1145    -49.53 RIGHT   4.1129E-04   -212.15  4.7999E-04    -18.92
   70.00     40.00     -6.38    -5.26    -2.77      0.1417    -48.82 RIGHT   3.5121E-04   -215.05  3.9928E-04    -18.78
   75.00     40.00     -8.02    -7.46    -4.72      0.1730    -46.97 RIGHT   2.9070E-04   -218.25  3.1018E-04    -18.57
   80.00     40.00    -10.28   -10.71    -7.48      0.2080    -43.47 RIGHT   2.2401E-04   -221.81  2.1328E-04    -18.28
   85.00     40.00    -14.49   -16.50   -12.37      0.2434    -37.59 RIGHT   1.3798E-04   -226.08  1.0949E-04    -17.92
   90.00     40.00   -999.99  -999.99  -999.99      0.0000      0.00         1.0869E-14    -52.17  6.5428E-15   -197.48
    0.00     45.00      2.39     2.39     5.40      0.0000    -45.00 LINEAR  9.6425E-04   -197.73  9.6425E-04    -17.73
    5.00     45.00      2.35     2.38     5.37      0.0003    -45.10 RIGHT   9.5918E-04   -197.79  9.6267E-04    -17.75
   10.00     45.00      2.21     2.34     5.28      0.0014    -45.41 RIGHT   9.4409E-04   -197.97  9.5784E-04    -17.82
   15.00     45.00      1.98     2.26     5.13      0.0031    -45.92 RIGHT   9.1940E-04   -198.29  9.4951E-04    -17.93
   20.00     45.00      1.66     2.15     4.92      0.0059    -46.62 RIGHT   8.8577E-04   -198.74  9.3725E-04    -18.06
   25.00     45.00      1.24     1.99     4.64      0.0097    -47.48 RIGHT   8.4413E-04   -199.34  9.2048E-04    -18.22
   30.00     45.00      0.72     1.78     4.30      0.0148    -48.48 RIGHT   7.9562E-04   -200.10  8.9853E-04    -18.40
   35.00     45.00      0.11     1.51     3.88      0.0214    -49.58 RIGHT   7.4158E-04   -201.06  8.7060E-04    -18.57
   40.00     45.00     -0.59     1.15     3.38      0.0300    -50.74 RIGHT   6.8349E-04   -202.23  8.3585E-04    -18.73
   45.00     45.00     -1.40     0.70     2.79      0.0405    -51.89 RIGHT   6.2290E-04   -203.65  7.9345E-04    -18.87
   50.00     45.00     -2.30     0.13     2.09      0.0535    -52.96 RIGHT   5.6137E-04   -205.34  7.4260E-04    -18.97
   55.00     45.00     -3.30    -0.61     1.26      0.0692    -53.85 RIGHT   5.0030E-04   -207.33  6.8262E-04    -19.02
   60.00     45.00     -4.41    -1.54     0.27      0.0879    -54.43 RIGHT   4.4077E-04   -209.63  6.1302E-04    -19.02
   65.00     45.00     -5.62    -2.75    -0.94      0.1103    -54.54 RIGHT   3.8333E-04   -212.25  5.3352E-04    -18.95
   70.00     45.00     -6.98    -4.34    -2.45      0.1370    -53.93 RIGHT   3.2752E-04   -215.17  4.4414E-04    -18.82
   75.00     45.00     -8.62    -6.53    -4.44      0.1691    -52.26 RIGHT   2.7120E-04   -218.39  3.4523E-04    -18.61
   80.00     45.00    -10.88    -9.78    -7.29      0.2076    -48.97 RIGHT   2.0904E-04   -221.97  2.3748E-04    -18.32
   85.00     45.00    -15.09   -15.57   -12.31      0.2517    -43.23 RIGHT   1.2878E-04   -226.26  1.2195E-04    -17.96
   90.00     45.00   -999.99  -999.99  -999.99      0.0000      0.00         1.0145E-14    -52.35  7.2879E-15   -197.52
    0.00     50.00      1.57     3.09     5.40      0.0000    -50.00 LINEAR  8.7654E-04   -197.73  1.0446E-03    -17.73
    5.00     50.00      1.52     3.08     5.38      0.0003    -50.10 RIGHT   8.7202E-04   -197.79  1.0430E-03    -17.75
   10.00     50.00      1.39     3.04     5.30      0.0013    -50.41 RIGHT   8.5856E-04   -197.98  1.0381E-03    -17.82
   15.00     50.00      1.16     2.96     5.17      0.0031    -50.91 RIGHT   8.3651E-04   -198.29  1.0296E-03    -17.93
   20.00     50.00      0.84     2.86     4.98      0.0057    -51.59 RIGHT   8.0644E-04   -198.74  1.0169E-03    -18.07
   25.00     50.00      0.43     2.71     4.73      0.0094    -52.42 RIGHT   7.6914E-04   -199.35  9.9955E-04    -18.23
   30.00     50.00     -0.08     2.50     4.41      0.0143    -53.39 RIGHT   7.2560E-04   -200.12  9.7660E-04    -18.41
   35.00     50.00     -0.68     2.24     4.03      0.0206    -54.45 RIGHT   6.7698E-04   -201.08  9.4720E-04    -18.59
   40.00     50.00     -1.38     1.89     3.57      0.0286    -55.56 RIGHT   6.2459E-04   -202.26  9.1036E-04    -18.75
   45.00     50.00     -2.17     1.45     3.02      0.0385    -56.67 RIGHT   5.6981E-04   -203.69  8.6512E-04    -18.89
   50.00     50.00     -3.07     0.89     2.35      0.0505    -57.69 RIGHT   5.1403E-04   -205.39  8.1055E-04    -18.99
   55.00     50.00     -4.06     0.16     1.56      0.0650    -58.54 RIGHT   4.5852E-04   -207.39  7.4585E-04    -19.05
   60.00     50.00     -5.16    -0.76     0.58      0.0824    -59.12 RIGHT   4.0429E-04   -209.71  6.7044E-04    -19.05
   65.00     50.00     -6.36    -1.96    -0.62      0.1033    -59.26 RIGHT   3.5184E-04   -212.35  5.8399E-04    -18.99
   70.00     50.00     -7.72    -3.55    -2.14      0.1287    -58.76 RIGHT   3.0078E-04   -215.29  4.8652E-04    -18.85
   75.00     50.00     -9.36    -5.73    -4.17      0.1603    -57.29 RIGHT   2.4916E-04   -218.53  3.7839E-04    -18.64
   80.00     50.00    -11.62    -8.98    -7.09      0.2003    -54.33 RIGHT   1.9211E-04   -222.13  2.6041E-04    -18.36
   85.00     50.00    -15.82   -14.76   -12.25      0.2512    -48.96 RIGHT   1.1837E-04   -226.43  1.3375E-04    -17.99
   90.00     50.00   -999.99  -999.99  -999.99      0.0000      0.00         9.3257E-15    -52.53  7.9944E-15   -197.56
    0.00     55.00      0.58     3.67     5.40      0.0000    -55.00 LINEAR  7.8216E-04   -197.73  1.1170E-03    -17.73
    5.00     55.00      0.53     3.66     5.38      0.0003    -55.10 RIGHT   7.7820E-04   -197.79  1.1154E-03    -17.75
   10.00     55.00      0.40     3.62     5.31      0.0013    -55.39 RIGHT   7.6641E-04   -197.98  1.1105E-03    -17.82
   15.00     55.00      0.18     3.55     5.20      0.0029    -55.86 RIGHT   7.4708E-04   -198.29  1.1019E-03    -17.93
   20.00     55.00     -0.13     3.45     5.03      0.0054    -56.51 RIGHT   7.2068E-04   -198.75  1.0891E-03    -18.08
   25.00     55.00     -0.54     3.31     4.81      0.0088    -57.30 RIGHT   6.8788E-04   -199.36  1.0713E-03    -18.24
   30.00     55.00     -1.04     3.11     4.53      0.0134    -58.21 RIGHT   6.4951E-04   -200.13  1.0476E-03    -18.42
   35.00     55.00     -1.63     2.86     4.18      0.0192    -59.20 RIGHT   6.0657E-04   -201.10  1.0171E-03    -18.60
   40.00     55.00     -2.32     2.52     3.75      0.0265    -60.23 RIGHT   5.6018E-04   -202.29  9.7852E-04    -18.77
   45.00     55.00     -3.11     2.09     3.23      0.0355    -61.25 RIGHT   5.1156E-04   -203.73  9.3087E-04    -18.91
   50.00     55.00     -4.00     1.53     2.60      0.0463    -62.20 RIGHT   4.6192E-04   -205.44  8.7305E-04    -19.02
   55.00     55.00     -4.98     0.82     1.83      0.0594    -63.00 RIGHT   4.1240E-04   -207.45  8.0417E-04    -19.08
   60.00     55.00     -6.07    -0.10     0.88      0.0750    -63.54 RIGHT   3.6391E-04   -209.79  7.2353E-04    -19.08
   65.00     55.00     -7.27    -1.29    -0.31      0.0940    -63.71 RIGHT   3.1690E-04   -212.45  6.3076E-04    -19.02
   70.00     55.00     -8.63    -2.87    -1.85      0.1174    -63.31 RIGHT   2.7105E-04   -215.41  5.2585E-04    -18.88
   75.00     55.00    -10.26    -5.05    -3.91      0.1474    -62.05 RIGHT   2.2463E-04   -218.67  4.0921E-04    -18.68
   80.00     55.00    -12.52    -8.29    -6.90      0.1871    -59.47 RIGHT   1.7324E-04   -222.29  2.8174E-04    -18.39
   85.00     55.00    -16.72   -14.08   -12.19      0.2417    -54.69 RIGHT   1.0676E-04   -226.59  1.4475E-04    -18.03
   90.00     55.00   -999.99  -999.99  -999.99      0.0000      0.00         8.4117E-15    -52.70  8.6522E-15   -197.60
    0.00     60.00     -0.62     4.16     5.40      0.0000    -60.00 LINEAR  6.8183E-04   -197.73  1.1810E-03    -17.73
    5.00     60.00     -0.66     4.14     5.39      0.0003    -60.09 RIGHT   6.7844E-04   -197.79  1.1794E-03    -17.75
   10.00     60.00     -0.79     4.11     5.33      0.0012    -60.36 RIGHT   6.6834E-04   -197.98  1.1745E-03    -17.82
   15.00     60.00     -1.01     4.04     5.22      0.0027    -60.79 RIGHT   6.5177E-04   -198.30  1.1659E-03    -17.94
   20.00     60.00     -1.31     3.95     5.08      0.0049    -61.38 RIGHT   6.2911E-04   -198.75  1.1530E-03    -18.08
   25.00     60.00     -1.71     3.81     4.88      0.0081    -62.10 RIGHT   6.0091E-04   -199.37  1.1350E-03    -18.25
   30.00     60.00     -2.20     3.62     4.63      0.0121    -62.93 RIGHT   5.6786E-04   -200.15  1.1109E-03    -18.43
   35.00     60.00     -2.79     3.37     4.32      0.0173    -63.83 RIGHT   5.3080E-04   -201.12  1.0794E-03    -18.61
   40.00     60.00     -3.47     3.05     3.92      0.0238    -64.76 RIGHT   4.9066E-04   -202.32  1.0395E-03    -18.79
   45.00     60.00     -4.25     2.62     3.43      0.0317    -65.68 RIGHT   4.4848E-04   -203.76  9.8989E-04    -18.93
   50.00     60.00     -5.13     2.07     2.83      0.0412    -66.53 RIGHT   4.0532E-04   -205.48  9.2931E-04    -19.04
   55.00     60.00     -6.11     1.37     2.08      0.0526    -67.24 RIGHT   3.6217E-04   -207.51  8.5678E-04    -19.10
   60.00     60.00     -7.19     0.46     1.15      0.0663    -67.74 RIGHT   3.1982E-04   -209.86  7.7154E-04    -19.11
   65.00     60.00     -8.39    -0.73    -0.04      0.0830    -67.91 RIGHT   2.7868E-04   -212.54  6.7313E-04    -19.05
   70.00     60.00     -9.74    -2.30    -1.58      0.1039    -67.60 RIGHT   2.3848E-04   -215.52  5.6154E-04    -18.91
   75.00     60.00    -11.37    -4.48    -3.67      0.1312    -66.56 RIGHT   1.9771E-04   -218.80  4.3722E-04    -18.71
   80.00     60.00    -13.62    -7.71    -6.72      0.1686    -64.39 RIGHT   1.5252E-04   -222.43  3.0114E-04    -18.42
   85.00     60.00    -17.83   -13.50   -12.13      0.2236    -60.31 RIGHT   9.4009E-05   -226.75  1.5475E-04    -18.06
   90.00     60.00   -999.99  -999.99  -999.99      0.0000      0.00         7.4073E-15    -52.86  9.2508E-15   -197.63
    0.00     65.00     -2.08     4.55     5.40      0.0000    -65.00 LINEAR  5.7631E-04   -197.73  1.2359E-03    -17.73
    5.00     65.00     -2.12     4.54     5.39      0.0003    -65.08 RIGHT   5.7349E-04   -197.79  1.2343E-03    -17.76
   10.00     65.00     -2.25     4.51     5.34      0.0010    -65.32 RIGHT   5.6509E-04   -197.98  1.2295E-03    -17.83
   15.00     65.00     -2.46     4.44     5.25      0.0024    -65.70 RIGHT   5.5130E-04   -198.30  1.2210E-03    -17.94
   20.00     65.00     -2.76     4.35     5.12      0.0043    -66.22 RIGHT   5.3242E-04   -198.76  1.2081E-03    -18.09
   25.00     65.00     -3.16     4.22     4.95      0.0070    -66.85 RIGHT   5.0889E-04   -199.37  1.1901E-03    -18.26
   30.00     65.00     -3.64     4.04     4.73      0.0106    -67.57 RIGHT   4.8126E-04   -200.16  1.1656E-03    -18.44
   35.00     65.00     -4.22     3.80     4.44      0.0150    -68.35 RIGHT   4.5021E-04   -201.14  1.1336E-03    -18.63
   40.00     65.00     -4.90     3.48     4.07      0.0206    -69.16 RIGHT   4.1651E-04   -202.34  1.0927E-03    -18.80
   45.00     65.00     -5.67     3.06     3.61      0.0273    -69.95 RIGHT   3.8103E-04   -203.79  1.0414E-03    -18.95
   50.00     65.00     -6.54     2.52     3.03      0.0353    -70.69 RIGHT   3.4464E-04   -205.52  9.7852E-04    -19.06
   55.00     65.00     -7.51     1.82     2.30      0.0450    -71.31 RIGHT   3.0817E-04   -207.56  9.0291E-04    -19.12
   60.00     65.00     -8.59     0.92     1.38      0.0566    -71.74 RIGHT   2.7231E-04   -209.93  8.1371E-04    -19.13
   65.00     65.00     -9.78    -0.26     0.20      0.0708    -71.91 RIGHT   2.3742E-04   -212.62  7.1042E-04    -19.07
   70.00     65.00    -11.13    -1.83    -1.35      0.0887    -71.67 RIGHT   2.0326E-04   -215.62  5.9300E-04    -18.94
   75.00     65.00    -12.75    -4.00    -3.45      0.1125    -70.84 RIGHT   1.6857E-04   -218.91  4.6194E-04    -18.74
   80.00     65.00    -15.01    -7.23    -6.56      0.1461    -69.07 RIGHT   1.3007E-04   -222.56  3.1827E-04    -18.45
   85.00     65.00    -19.21   -13.01   -12.08      0.1978    -65.74 RIGHT   8.0184E-05   -226.88  1.6359E-04    -18.09
   90.00     65.00   -999.99  -999.99  -999.99      0.0000      0.00         6.3182E-15    -53.00  9.7799E-15   -197.66
    0.00     70.00     -3.91     4.86     5.40      0.0000    -70.00 LINEAR  4.6640E-04   -197.73  1.2814E-03    -17.73
    5.00     70.00     -3.96     4.85     5.39      0.0002    -70.07 RIGHT   4.6415E-04   -197.79  1.2799E-03    -17.76
   10.00     70.00     -4.08     4.82     5.35      0.0009    -70.26 RIGHT   4.5745E-04   -197.98  1.2751E-03    -17.83
   15.00     70.00     -4.29     4.76     5.27      0.0020    -70.59 RIGHT   4.4644E-04   -198.30  1.2668E-03    -17.94
   20.00     70.00     -4.59     4.68     5.16      0.0036    -71.02 RIGHT   4.3135E-04   -198.76  1.2540E-03    -18.09
   25.00     70.00     -4.98     4.55     5.01      0.0059    -71.55 RIGHT   4.1252E-04   -199.38  1.2360E-03    -18.26
   30.00     70.00     -5.46     4.38     4.81      0.0088    -72.14 RIGHT   3.9037E-04   -200.17  1.2114E-03    -18.45
   35.00     70.00     -6.03     4.14     4.54      0.0124    -72.79 RIGHT   3.6544E-04   -201.15  1.1789E-03    -18.64
   40.00     70.00     -6.70     3.83     4.20      0.0169    -73.46 RIGHT   3.3833E-04   -202.36  1.1372E-03    -18.81
   45.00     70.00     -7.47     3.42     3.76      0.0224    -74.11 RIGHT   3.0973E-04   -203.82  1.0847E-03    -18.96
   50.00     70.00     -8.34     2.88     3.20      0.0289    -74.71 RIGHT   2.8035E-04   -205.56  1.0199E-03    -19.08
   55.00     70.00     -9.30     2.19     2.49      0.0367    -75.22 RIGHT   2.5084E-04   -207.61  9.4182E-04    -19.14
   60.00     70.00    -10.37     1.29     1.58      0.0460    -75.58 RIGHT   2.2178E-04   -209.98  8.4934E-04    -19.15
   65.00     70.00    -11.56     0.12     0.40      0.0576    -75.73 RIGHT   1.9345E-04   -212.69  7.4197E-04    -19.09
   70.00     70.00    -12.90    -1.45    -1.15      0.0722    -75.56 RIGHT   1.6569E-04   -215.70  6.1966E-04    -18.96
   75.00     70.00    -14.53    -3.61    -3.27      0.0919    -74.92 RIGHT   1.3745E-04   -219.01  4.8290E-04    -18.76
   80.00     70.00    -16.78    -6.85    -6.43      0.1203    -73.54 RIGHT   1.0608E-04   -222.67  3.3282E-04    -18.48
   85.00     70.00    -20.98   -12.62   -12.03      0.1655    -70.95 RIGHT   6.5402E-05   -227.00  1.7110E-04    -18.12
   90.00     70.00   -999.99  -999.99  -999.99      0.0000      0.00         5.1537E-15    -53.12  1.0229E-14   -197.68
    0.00     75.00     -6.34     5.10     5.40      0.0000    -75.00 LINEAR  3.5294E-04   -197.73  1.3172E-03    -17.73
    5.00     75.00     -6.38     5.09     5.39      0.0002    -75.05 RIGHT   3.5126E-04   -197.79  1.3157E-03    -17.76
   10.00     75.00     -6.50     5.06     5.36      0.0007    -75.21 RIGHT   3.4625E-04   -197.98  1.3110E-03    -17.83
   15.00     75.00     -6.71     5.01     5.29      0.0015    -75.46 RIGHT   3.3801E-04   -198.30  1.3028E-03    -17.94
   20.00     75.00     -7.01     4.92     5.19      0.0028    -75.79 RIGHT   3.2671E-04   -198.77  1.2902E-03    -18.09
   25.00     75.00     -7.39     4.80     5.06      0.0045    -76.20 RIGHT   3.1259E-04   -199.39  1.2722E-03    -18.27
   30.00     75.00     -7.86     4.63     4.87      0.0068    -76.66 RIGHT   2.9596E-04   -200.18  1.2475E-03    -18.46
   35.00     75.00     -8.43     4.40     4.62      0.0095    -77.16 RIGHT   2.7721E-04   -201.17  1.2148E-03    -18.65
   40.00     75.00     -9.10     4.09     4.30      0.0130    -77.67 RIGHT   2.5680E-04   -202.38  1.1725E-03    -18.82
   45.00     75.00     -9.86     3.69     3.88      0.0171    -78.17 RIGHT   2.3523E-04   -203.84  1.1191E-03    -18.98
   50.00     75.00    -10.72     3.16     3.33      0.0220    -78.63 RIGHT   2.1303E-04   -205.59  1.0529E-03    -19.09
   55.00     75.00    -11.68     2.47     2.64      0.0279    -79.02 RIGHT   1.9071E-04   -207.64  9.7284E-04    -19.16
   60.00     75.00    -12.75     1.58     1.74      0.0350    -79.30 RIGHT   1.6869E-04   -210.03  8.7779E-04    -19.17
   65.00     75.00    -13.93     0.41     0.57      0.0437    -79.42 RIGHT   1.4720E-04   -212.74  7.6720E-04    -19.11
   70.00     75.00    -15.27    -1.15    -0.99      0.0549    -79.30 RIGHT   1.2611E-04   -215.77  6.4099E-04    -18.98
   75.00     75.00    -16.90    -3.32    -3.13      0.0700    -78.83 RIGHT   1.0465E-04   -219.09  4.9969E-04    -18.78
   80.00     75.00    -19.14    -6.55    -6.31      0.0921    -77.83 RIGHT   8.0779E-05   -222.76  3.4447E-04    -18.50
   85.00     75.00    -23.34   -12.32   -11.99      0.1283    -75.94 RIGHT   4.9807E-05   -227.10  1.7712E-04    -18.14
   90.00     75.00   -999.99  -999.99  -999.99      0.0000      0.00         3.9251E-15    -53.22  1.0590E-14   -197.70
    0.00     80.00     -9.80     5.27     5.40      0.0000    -80.00 LINEAR  2.3680E-04   -197.73  1.3429E-03    -17.73
    5.00     80.00     -9.84     5.26     5.39      0.0001    -80.04 RIGHT   2.3568E-04   -197.79  1.3415E-03    -17.76
   10.00     80.00     -9.97     5.23     5.36      0.0005    -80.14 RIGHT   2.3235E-04   -197.98  1.3369E-03    -17.83
   15.00     80.00    -10.17     5.18     5.30      0.0010    -80.31 RIGHT   2.2686E-04   -198.31  1.3288E-03    -17.94
   20.00     80.00    -10.47     5.10     5.22      0.0019    -80.54 RIGHT   2.1934E-04   -198.77  1.3162E-03    -18.09
   25.00     80.00    -10.85     4.98     5.09      0.0031    -80.82 RIGHT   2.0993E-04   -199.39  1.2983E-03    -18.27
   30.00     80.00    -11.32     4.81     4.92      0.0046    -81.13 RIGHT   1.9884E-04   -200.19  1.2737E-03    -18.46
   35.00     80.00    -11.88     4.58     4.68      0.0065    -81.47 RIGHT   1.8632E-04   -201.18  1.2408E-03    -18.65
   40.00     80.00    -12.54     4.28     4.37      0.0088    -81.81 RIGHT   1.7268E-04   -202.39  1.1981E-03    -18.83
   45.00     80.00    -13.30     3.88     3.96      0.0115    -82.15 RIGHT   1.5824E-04   -203.86  1.1440E-03    -18.98
   50.00     80.00    -14.16     3.35     3.43      0.0148    -82.46 RIGHT   1.4337E-04   -205.61  1.0769E-03    -19.10
   55.00     80.00    -15.12     2.67     2.74      0.0188    -82.73 RIGHT   1.2839E-04   -207.67  9.9542E-04    -19.17
   60.00     80.00    -16.18     1.78     1.85      0.0235    -82.92 RIGHT   1.1361E-04   -210.06  8.9852E-04    -19.18
   65.00     80.00    -17.36     0.61     0.68      0.0294    -83.00 RIGHT   9.9165E-05   -212.78  7.8560E-04    -19.12
   70.00     80.00    -18.70    -0.94    -0.87      0.0369    -82.93 RIGHT   8.4978E-05   -215.82  6.5656E-04    -19.00
   75.00     80.00    -20.32    -3.10    -3.02      0.0471    -82.62 RIGHT   7.0524E-05   -219.14  5.1196E-04    -18.79
   80.00     80.00    -22.57    -6.33    -6.23      0.0623    -81.97 RIGHT   5.4446E-05   -222.82  3.5299E-04    -18.51
   85.00     80.00    -26.77   -12.11   -11.96      0.0874    -80.74 RIGHT   3.3574E-05   -227.17  1.8152E-04    -18.15
   90.00     80.00   -999.99  -999.99  -999.99      0.0000      0.00         2.6458E-15    -53.29  1.0853E-14   -197.71
    0.00     85.00    -15.79     5.37     5.40      0.0000    -85.00 LINEAR  1.1885E-04   -197.73  1.3585E-03    -17.73
    5.00     85.00    -15.83     5.36     5.40      0.0001    -85.02 RIGHT   1.1829E-04   -197.79  1.3570E-03    -17.76
   10.00     85.00    -15.95     5.33     5.37      0.0002    -85.07 RIGHT   1.1663E-04   -197.98  1.3525E-03    -17.83
   15.00     85.00    -16.16     5.28     5.31      0.0005    -85.16 RIGHT   1.1389E-04   -198.31  1.3444E-03    -17.94
   20.00     85.00    -16.45     5.20     5.23      0.0010    -85.27 RIGHT   1.1013E-04   -198.77  1.3320E-03    -18.10
   25.00     85.00    -16.83     5.08     5.11      0.0016    -85.41 RIGHT   1.0543E-04   -199.39  1.3141E-03    -18.27
   30.00     85.00    -17.30     4.92     4.94      0.0023    -85.57 RIGHT   9.9883E-05   -200.19  1.2895E-03    -18.46
   35.00     85.00    -17.86     4.69     4.72      0.0033    -85.74 RIGHT   9.3619E-05   -201.18  1.2565E-03    -18.66
   40.00     85.00    -18.52     4.39     4.41      0.0044    -85.92 RIGHT   8.6786E-05   -202.40  1.2137E-03    -18.84
   45.00     85.00    -19.28     3.99     4.01      0.0058    -86.09 RIGHT   7.9551E-05   -203.87  1.1592E-03    -18.99
   50.00     85.00    -20.13     3.47     3.49      0.0075    -86.25 RIGHT   7.2092E-05   -205.62  1.0915E-03    -19.11
   55.00     85.00    -21.09     2.79     2.81      0.0094    -86.38 RIGHT   6.4578E-05   -207.69  1.0091E-03    -19.18
   60.00     85.00    -22.15     1.90     1.92      0.0118    -86.47 RIGHT   5.7153E-05   -210.08  9.1113E-04    -19.19
   65.00     85.00    -23.33     0.74     0.75      0.0148    -86.52 RIGHT   4.9896E-05   -212.81  7.9679E-04    -19.13
   70.00     85.00    -24.67    -0.82    -0.80      0.0185    -86.48 RIGHT   4.2763E-05   -215.85  6.6604E-04    -19.01
   75.00     85.00    -26.29    -2.98    -2.96      0.0237    -86.33 RIGHT   3.5494E-05   -219.18  5.1943E-04    -18.80
   80.00     85.00    -28.53    -6.21    -6.18      0.0314    -86.01 RIGHT   2.7404E-05   -222.86  3.5819E-04    -18.52
   85.00     85.00    -32.73   -11.98   -11.95      0.0443    -85.41 RIGHT   1.6899E-05   -227.21  1.8420E-04    -18.16
   90.00     85.00   -999.99  -999.99  -999.99      0.0000      0.00         1.3317E-15    -53.33  1.1014E-14   -197.73
    0.00     90.00   -999.99     5.40     5.40      0.0000     90.00 LINEAR  6.9593E-15    -17.73  1.3637E-03    -17.73
    5.00     90.00   -999.99     5.40     5.40      0.0000     90.00 LINEAR  1.1199E-14   -295.31  1.3622E-03    -17.76
   10.00     90.00   -999.99     5.37     5.37      0.0000    -90.00 LINEAR  2.2751E-14   -277.38  1.3577E-03    -17.83
   15.00     90.00   -999.99     5.32     5.32      0.0000    -90.00 LINEAR  3.5376E-14   -271.73  1.3497E-03    -17.95
   20.00     90.00   -999.99     5.23     5.23      0.0000    -90.00 LINEAR  4.8633E-14   -269.15  1.3373E-03    -18.10
   25.00     90.00   -999.99     5.12     5.12      0.0000    -90.00 LINEAR  6.2448E-14   -267.80  1.3194E-03    -18.27
   30.00     90.00   -199.59     4.95     4.95      0.0000    -90.00 LINEAR  7.6720E-14   -267.08  1.2948E-03    -18.47
   35.00     90.00   -198.08     4.73     4.73      0.0000    -90.00 LINEAR  9.1251E-14   -266.75  1.2618E-03    -18.66
   40.00     90.00   -196.81     4.43     4.43      0.0000    -90.00 LINEAR  1.0572E-13   -266.67  1.2189E-03    -18.84
   45.00     90.00   -195.73     4.03     4.03      0.0000    -90.00 LINEAR  1.1965E-13   -266.78  1.1642E-03    -18.99
   50.00     90.00   -194.85     3.51     3.51      0.0000    -90.00 LINEAR  1.3243E-13   -267.06  1.0963E-03    -19.11
   55.00     90.00   -194.17     2.83     2.83      0.0000    -90.00 LINEAR  1.4325E-13   -267.48  1.0137E-03    -19.18
   60.00     90.00   -193.70     1.94     1.94      0.0000    -90.00 LINEAR  1.5113E-13   -268.07  9.1536E-04    -19.19
   65.00     90.00   -193.49     0.78     0.78      0.0000    -90.00 LINEAR  1.5480E-13   -268.86  8.0055E-04    -19.13
   70.00     90.00   -193.62    -0.78    -0.78      0.0000    -90.00 LINEAR  1.5262E-13   -269.91  6.6923E-04    -19.01
   75.00     90.00   -194.23    -2.94    -2.94      0.0000    -90.00 LINEAR  1.4222E-13   -271.37  5.2194E-04    -18.81
   80.00     90.00   -195.72    -6.17    -6.17      0.0000    -90.00 LINEAR  1.1976E-13   -273.49  3.5993E-04    -18.52
   85.00     90.00   -199.45   -11.94   -11.94      0.0000    -90.00 LINEAR  7.7938E-14   -276.79  1.8510E-04    -18.17
   90.00     90.00   -999.99  -999.99  -999.99      0.0000      0.00         1.2232E-19   -101.85  1.1068E-14   -197.73
    0.00     95.00    -15.79     5.37     5.40      0.0000     85.00 LINEAR  1.1885E-04    -17.73  1.3585E-03    -17.73
    5.00     95.00    -15.83     5.36     5.40      0.0001     85.02 LEFT    1.1829E-04    -17.79  1.3570E-03    -17.76
   10.00     95.00    -15.95     5.33     5.37      0.0002     85.07 LEFT    1.1663E-04    -17.98  1.3525E-03    -17.83
   15.00     95.00    -16.16     5.28     5.31      0.0005     85.16 LEFT    1.1389E-04    -18.31  1.3444E-03    -17.94
   20.00     95.00    -16.45     5.20     5.23      0.0010     85.27 LEFT    1.1013E-04    -18.77  1.3320E-03    -18.10
   25.00     95.00    -16.83     5.08     5.11      0.0016     85.41 LEFT    1.0543E-04    -19.39  1.3141E-03    -18.27
   30.00     95.00    -17.30     4.92     4.94      0.0023     85.57 LEFT    9.9883E-05    -20.19  1.2895E-03    -18.46
   35.00     95.00    -17.86     4.69     4.72      0.0033     85.74 LEFT    9.3619E-05    -21.18  1.2565E-03    -18.66
   40.00     95.00    -18.52     4.39     4.41      0.0044     85.92 LEFT    8.6786E-05    -22.40  1.2137E-03    -18.84
   45.00     95.00    -19.28     3.99     4.01      0.0058     86.09 LEFT    7.9551E-05    -23.87  1.1592E-03    -18.99
   50.00     95.00    -20.13     3.47     3.49      0.0075     86.25 LEFT    7.2092E-05    -25.62  1.0915E-03    -19.11
   55.00     95.00    -21.09     2.79     2.81      0.0094     86.38 LEFT    6.4578E-05    -27.69  1.0091E-03    -19.18
   60.00     95.00    -22.15     1.90     1.92      0.0118     86.47 LEFT    5.7153E-05    -30.08  9.1113E-04    -19.19
   65.00     95.00    -23.33     0.74     0.75      0.0148     86.52 LEFT    4.9896E-05    -32.81  7.9679E-04    -19.13
   70.00     95.00    -24.67    -0.82    -0.80      0.0185     86.48 LEFT    4.2763E-05    -35.85  6.6604E-04    -19.01
   75.00     95.00    -26.29    -2.98    -2.96      0.0237     86.33 LEFT    3.5494E-05    -39.18  5.1943E-04    -18.80
   80.00     95.00    -28.53    -6.21    -6.18      0.0314     86.01 LEFT    2.7404E-05    -42.86  3.5819E-04    -18.52
   85.00     95.00    -32.73   -11.98   -11.95      0.0443     85.41 LEFT    1.6899E-05    -47.21  1.8420E-04    -18.16
   90.00     95.00   -999.99  -999.99  -999.99      0.0000      0.00         1.3318E-15   -233.33  1.1014E-14   -197.73
    0.00    100.00     -9.80     5.27     5.40      0.0000     80.00 LINEAR  2.3680E-04    -17.73  1.3429E-03    -17.73
    5.00    100.00     -9.84     5.26     5.39      0.0001     80.04 LEFT    2.3568E-04    -17.79  1.3415E-03    -17.76
   10.00    100.00     -9.97     5.23     5.36      0.0005     80.14 LEFT    2.3235E-04    -17.98  1.3369E-03    -17.83
   15.00    100.00    -10.17     5.18     5.30      0.0010     80.31 LEFT    2.2686E-04    -18.31  1.3288E-03    -17.94
   20.00    100.00    -10.47     5.10     5.22      0.0019     80.54 LEFT    2.1934E-04    -18.77  1.3162E-03    -18.09
   25.00    100.00    -10.85     4.98     5.09      0.0031     80.82 LEFT    2.0993E-04    -19.39  1.2983E-03    -18.27
   30.00    100.00    -11.32     4.81     4.92      0.0046     81.13 LEFT    1.9884E-04    -20.19  1.2737E-03    -18.46
   35.00    100.00    -11.88     4.58     4.68      0.0065     81.47 LEFT    1.8632E-04    -21.18  1.2408E-03    -18.65
   40.00    100.00    -12.54     4.28     4.37      0.0088     81.81 LEFT    1.7268E-04    -22.39  1.1981E-03    -18.83
   45.00    100.00    -13.30     3.88     3.96      0.0115     82.15 LEFT    1.5824E-04    -23.86  1.1440E-03    -18.98
   50.00    100.00    -14.16     3.35     3.43      0.0148     82.46 LEFT    1.4337E-04    -25.61  1.0769E-03    -19.10
   55.00    100.00    -15.12     2.67     2.74      0.0188     82.73 LEFT    1.2839E-04    -27.67  9.9542E-04    -19.17
   60.00    100.00    -16.18     1.78     1.85      0.0235     82.92 LEFT    1.1361E-04    -30.06  8.9852E-04    -19.18
   65.00    100.00    -17.36     0.61     0.68      0.0294     83.00 LEFT    9.9165E-05    -32.78  7.8560E-04    -19.12
   70.00    100.00    -18.70    -0.94    -0.87      0.0369     82.93 LEFT    8.4978E-05    -35.82  6.5656E-04    -19.00
   75.00    100.00    -20.32    -3.10    -3.02      0.0471     82.62 LEFT    7.0524E-05    -39.14  5.1196E-04    -18.79
   80.00    100.00    -22.57    -6.33    -6.23      0.0623     81.97 LEFT    5.4446E-05    -42.82  3.5299E-04    -18.51
   85.00    100.00    -26.77   -12.11   -11.96      0.0874     80.74 LEFT    3.3574E-05    -47.17  1.8152E-04    -18.15
   90.00    100.00   -999.99  -999.99  -999.99      0.0000      0.00         2.6458E-15   -233.29  1.0853E-14   -197.71
    0.00    105.00     -6.34     5.10     5.40      0.0000     75.00 LINEAR  3.5294E-04    -17.73  1.3172E-03    -17.73
    5.00    105.00     -6.38     5.09     5.39      0.0002     75.05 LEFT    3.5126E-04    -17.79  1.3157E-03    -17.76
   10.00    105.00     -6.50     5.06     5.36      0.0007     75.21 LEFT    3.4625E-04    -17.98  1.3110E-03    -17.83
   15.00    105.00     -6.71     5.01     5.29      0.0015     75.46 LEFT    3.3801E-04    -18.30  1.3028E-03    -17.94
   20.00    105.00     -7.01     4.92     5.19      0.0028     75.79 LEFT    3.2671E-04    -18.77  1.2902E-03    -18.09
   25.00    105.00     -7.39     4.80     5.06      0.0045     76.20 LEFT    3.1259E-04    -19.39  1.2722E-03    -18.27
   30.00    105.00     -7.86     4.63     4.87      0.0068     76.66 LEFT    2.9596E-04    -20.18  1.2475E-03    -18.46
   35.00    105.00     -8.43     4.40     4.62      0.0095     77.16 LEFT    2.7721E-04    -21.17  1.2148E-03    -18.65
   40.00    105.00     -9.10     4.09     4.30      0.0130     77.67 LEFT    2.5680E-04    -22.38  1.1725E-03    -18.82
   45.00    105.00     -9.86     3.69     3.88      0.0171     78.17 LEFT    2.3523E-04    -23.84  1.1191E-03    -18.98
   50.00    105.00    -10.72     3.16     3.33      0.0220     78.63 LEFT    2.1303E-04    -25.59  1.0529E-03    -19.09
   55.00    105.00    -11.68     2.47     2.64      0.0279     79.02 LEFT    1.9071E-04    -27.64  9.7284E-04    -19.16
   60.00    105.00    -12.75     1.58     1.74      0.0350     79.30 LEFT    1.6869E-04    -30.03  8.7779E-04    -19.17
   65.00    105.00    -13.93     0.41     0.57      0.0437     79.42 LEFT    1.4720E-04    -32.74  7.6720E-04    -19.11
   70.00    105.00    -15.27    -1.15    -0.99      0.0549     79.30 LEFT    1.2611E-04    -35.77  6.4099E-04    -18.98
   75.00    105.00    -16.90    -3.32    -3.13      0.0700     78.83 LEFT    1.0465E-04    -39.09  4.9969E-04    -18.78
   80.00    105.00    -19.14    -6.55    -6.31      0.0921     77.83 LEFT    8.0779E-05    -42.76  3.4447E-04    -18.50
   85.00    105.00    -23.34   -12.32   -11.99      0.1283     75.94 LEFT    4.9807E-05    -47.10  1.7712E-04    -18.14
   90.00    105.00   -999.99  -999.99  -999.99      0.0000      0.00         3.9250E-15   -233.21  1.0590E-14   -197.70
    0.00    110.00     -3.91     4.86     5.40      0.0000     70.00 LINEAR  4.6640E-04    -17.73  1.2814E-03    -17.73
    5.00    110.00     -3.96     4.85     5.39      0.0002     70.07 LEFT    4.6415E-04    -17.79  1.2799E-03    -17.76
   10.00    110.00     -4.08     4.82     5.35      0.0009     70.26 LEFT    4.5745E-04    -17.98  1.2751E-03    -17.83
   15.00    110.00     -4.29     4.76     5.27      0.0020     70.59 LEFT    4.4644E-04    -18.30  1.2668E-03    -17.94
   20.00    110.00     -4.59     4.68     5.16      0.0036     71.02 LEFT    4.3135E-04    -18.76  1.2540E-03    -18.09
   25.00    110.00     -4.98     4.55     5.01      0.0059     71.55 LEFT    4.1252E-04    -19.38  1.2360E-03    -18.26
   30.00    110.00     -5.46     4.38     4.81      0.0088     72.14 LEFT    3.9037E-04    -20.17  1.2114E-03    -18.45
   35.00    110.00     -6.03     4.14     4.54      0.0124     72.79 LEFT    3.6544E-04    -21.15  1.1789E-03    -18.64
   40.00    110.00     -6.70     3.83     4.20      0.0169     73.46 LEFT    3.3833E-04    -22.36  1.1372E-03    -18.81
   45.00    110.00     -7.47     3.42     3.76      0.0224     74.11 LEFT    3.0973E-04    -23.82  1.0847E-03    -18.96
   50.00    110.00     -8.34     2.88     3.20      0.0289     74.71 LEFT    2.8035E-04    -25.56  1.0199E-03    -19.08
   55.00    110.00     -9.30     2.19     2.49      0.0367     75.22 LEFT    2.5084E-04    -27.61  9.4182E-04    -19.14
   60.00    110.00    -10.37     1.29     1.58      0.0460     75.58 LEFT    2.2178E-04    -29.98  8.4934E-04    -19.15
   65.00    110.00    -11.56     0.12     0.40      0.0576     75.73 LEFT    1.9345E-04    -32.69  7.4197E-04    -19.09
   70.00    110.00    -12.90    -1.45    -1.15      0.0722     75.56 LEFT    1.6569E-04    -35.70  6.1966E-04    -18.96
   75.00    110.00    -14.53    -3.61    -3.27      0.0919     74.92 LEFT    1.3745E-04    -39.01  4.8290E-04    -18.76
   80.00    110.00    -16.78    -6.85    -6.43      0.1203     73.54 LEFT    1.0608E-04    -42.67  3.3282E-04    -18.48
   85.00    110.00    -20.98   -12.62   -12.03      0.1655     70.95 LEFT    6.5402E-05    -47.00  1.7110E-04    -18.12
   90.00    110.00   -999.99  -999.99  -999.99      0.0000      0.00         5.1536E-15   -233.12  1.0229E-14   -197.68
    0.00    115.00     -2.08     4.55     5.40      0.0000     65.00 LINEAR  5.7631E-04    -17.73  1.2359E-03    -17.73
    5.00    115.00     -2.12     4.54     5.39      0.0003     65.08 LEFT    5.7349E-04    -17.79  1.2343E-03    -17.76
   10.00    115.00     -2.25     4.51     5.34      0.0010     65.32 LEFT    5.6509E-04    -17.98  1.2295E-03    -17.83
   15.00    115.00     -2.46     4.44     5.25      0.0024     65.70 LEFT    5.5130E-04    -18.30  1.2210E-03    -17.94
   20.00    115.00     -2.76     4.35     5.12      0.0043     66.22 LEFT    5.3242E-04    -18.76  1.2081E-03    -18.09
   25.00    115.00     -3.16     4.22     4.95      0.0070     66.85 LEFT    5.0889E-04    -19.37  1.1901E-03    -18.26
   30.00    115.00     -3.64     4.04     4.73      0.0106     67.57 LEFT    4.8126E-04    -20.16  1.1656E-03    -18.44
   35.00    115.00     -4.22     3.80     4.44      0.0150     68.35 LEFT    4.5021E-04    -21.14  1.1336E-03    -18.63
   40.00    115.00     -4.90     3.48     4.07      0.0206     69.16 LEFT    4.1651E-04    -22.34  1.0927E-03    -18.80
   45.00    115.00     -5.67     3.06     3.61      0.0273     69.95 LEFT    3.8103E-04    -23.79  1.0414E-03    -18.95
   50.00    115.00     -6.54     2.52     3.03      0.0353     70.69 LEFT    3.4464E-04    -25.52  9.7852E-04    -19.06
   55.00    115.00     -7.51     1.82     2.30      0.0450     71.31 LEFT    3.0817E-04    -27.56  9.0291E-04    -19.12
   60.00    115.00     -8.59     0.92     1.38      0.0566     71.74 LEFT    2.7231E-04    -29.93  8.1371E-04    -19.13
   65.00    115.00     -9.78    -0.26     0.20      0.0708     71.91 LEFT    2.3742E-04    -32.62  7.1042E-04    -19.07
   70.00    115.00    -11.13    -1.83    -1.35      0.0887     71.67 LEFT    2.0326E-04    -35.62  5.9300E-04    -18.94
   75.00    115.00    -12.75    -4.00    -3.45      0.1125     70.84 LEFT    1.6857E-04    -38.91  4.6194E-04    -18.74
   80.00    115.00    -15.01    -7.23    -6.56      0.1461     69.07 LEFT    1.3007E-04    -42.56  3.1827E-04    -18.45
   85.00    115.00    -19.21   -13.01   -12.08      0.1978     65.74 LEFT    8.0184E-05    -46.88  1.6359E-04    -18.09
   90.00    115.00   -999.99  -999.99  -999.99      0.0000      0.00         6.3183E-15   -233.00  9.7800E-15   -197.66
    0.00    120.00     -0.62     4.16     5.40      0.0000     60.00 LINEAR  6.8183E-04    -17.73  1.1810E-03    -17.73
    5.00    120.00     -0.66     4.14     5.39      0.0003     60.09 LEFT    6.7844E-04    -17.79  1.1794E-03    -17.75
   10.00    120.00     -0.79     4.11     5.33      0.0012     60.36 LEFT    6.6834E-04    -17.98  1.1745E-03    -17.82
   15.00    120.00     -1.01     4.04     5.22      0.0027     60.79 LEFT    6.5177E-04    -18.30  1.1659E-03    -17.94
   20.00    120.00     -1.31     3.95     5.08      0.0049     61.38 LEFT    6.2911E-04    -18.75  1.1530E-03    -18.08
   25.00    120.00     -1.71     3.81     4.88      0.0081     62.10 LEFT    6.0091E-04    -19.37  1.1350E-03    -18.25
   30.00    120.00     -2.20     3.62     4.63      0.0121     62.93 LEFT    5.6786E-04    -20.15  1.1109E-03    -18.43
   35.00    120.00     -2.79     3.37     4.32      0.0173     63.83 LEFT    5.3080E-04    -21.12  1.0794E-03    -18.61
   40.00    120.00     -3.47     3.05     3.92      0.0238     64.76 LEFT    4.9066E-04    -22.32  1.0395E-03    -18.79
   45.00    120.00     -4.25     2.62     3.43      0.0317     65.68 LEFT    4.4848E-04    -23.76  9.8989E-04    -18.93
   50.00    120.00     -5.13     2.07     2.83      0.0412     66.53 LEFT    4.0532E-04    -25.48  9.2931E-04    -19.04
   55.00    120.00     -6.11     1.37     2.08      0.0526     67.24 LEFT    3.6217E-04    -27.51  8.5678E-04    -19.10
   60.00    120.00     -7.19     0.46     1.15      0.0663     67.74 LEFT    3.1982E-04    -29.86  7.7154E-04    -19.11
   65.00    120.00     -8.39    -0.73    -0.04      0.0830     67.91 LEFT    2.7868E-04    -32.54  6.7313E-04    -19.05
   70.00    120.00     -9.74    -2.30    -1.58      0.1039     67.60 LEFT    2.3848E-04    -35.52  5.6154E-04    -18.91
   75.00    120.00    -11.37    -4.48    -3.67      0.1312     66.56 LEFT    1.9771E-04    -38.80  4.3722E-04    -18.71
   80.00    120.00    -13.62    -7.71    -6.72      0.1686     64.39 LEFT    1.5252E-04    -42.43  3.0114E-04    -18.42
   85.00    120.00    -17.83   -13.50   -12.13      0.2236     60.31 LEFT    9.4009E-05    -46.75  1.5475E-04    -18.06
   90.00    120.00   -999.99  -999.99  -999.99      0.0000      0.00         7.4070E-15   -232.85  9.2506E-15   -197.63
    0.00    125.00      0.58     3.67     5.40      0.0000     55.00 LINEAR  7.8216E-04    -17.73  1.1170E-03    -17.73
    5.00    125.00      0.53     3.66     5.38      0.0003     55.10 LEFT    7.7820E-04    -17.79  1.1154E-03    -17.75
   10.00    125.00      0.40     3.62     5.31      0.0013     55.39 LEFT    7.6641E-04    -17.98  1.1105E-03    -17.82
   15.00    125.00      0.18     3.55     5.20      0.0029     55.86 LEFT    7.4708E-04    -18.29  1.1019E-03    -17.93
   20.00    125.00     -0.13     3.45     5.03      0.0054     56.51 LEFT    7.2068E-04    -18.75  1.0891E-03    -18.08
   25.00    125.00     -0.54     3.31     4.81      0.0088     57.30 LEFT    6.8788E-04    -19.36  1.0713E-03    -18.24
   30.00    125.00     -1.04     3.11     4.53      0.0134     58.21 LEFT    6.4951E-04    -20.13  1.0476E-03    -18.42
   35.00    125.00     -1.63     2.86     4.18      0.0192     59.20 LEFT    6.0657E-04    -21.10  1.0171E-03    -18.60
   40.00    125.00     -2.32     2.52     3.75      0.0265     60.23 LEFT    5.6018E-04    -22.29  9.7852E-04    -18.77
   45.00    125.00     -3.11     2.09     3.23      0.0355     61.25 LEFT    5.1156E-04    -23.73  9.3087E-04    -18.91
   50.00    125.00     -4.00     1.53     2.60      0.0463     62.20 LEFT    4.6192E-04    -25.44  8.7305E-04    -19.02
   55.00    125.00     -4.98     0.82     1.83      0.0594     63.00 LEFT    4.1240E-04    -27.45  8.0417E-04    -19.08
   60.00    125.00     -6.07    -0.10     0.88      0.0750     63.54 LEFT    3.6391E-04    -29.79  7.2353E-04    -19.08
   65.00    125.00     -7.27    -1.29    -0.31      0.0940     63.71 LEFT    3.1690E-04    -32.45  6.3076E-04    -19.02
   70.00    125.00     -8.63    -2.87    -1.85      0.1174     63.31 LEFT    2.7105E-04    -35.41  5.2585E-04    -18.88
   75.00    125.00    -10.26    -5.05    -3.91      0.1474     62.05 LEFT    2.2463E-04    -38.67  4.0921E-04    -18.68
   80.00    125.00    -12.52    -8.29    -6.90      0.1871     59.47 LEFT    1.7324E-04    -42.29  2.8174E-04    -18.39
   85.00    125.00    -16.72   -14.08   -12.19      0.2417     54.69 LEFT    1.0676E-04    -46.59  1.4475E-04    -18.03
   90.00    125.00   -999.99  -999.99  -999.99      0.0000      0.00         8.4118E-15   -232.70  8.6521E-15   -197.60
    0.00    130.00      1.57     3.09     5.40      0.0000     50.00 LINEAR  8.7654E-04    -17.73  1.0446E-03    -17.73
    5.00    130.00      1.52     3.08     5.38      0.0003     50.10 LEFT    8.7202E-04    -17.79  1.0430E-03    -17.75
   10.00    130.00      1.39     3.04     5.30      0.0013     50.41 LEFT    8.5856E-04    -17.98  1.0381E-03    -17.82
   15.00    130.00      1.16     2.96     5.17      0.0031     50.91 LEFT    8.3651E-04    -18.29  1.0296E-03    -17.93
   20.00    130.00      0.84     2.86     4.98      0.0057     51.59 LEFT    8.0644E-04    -18.74  1.0169E-03    -18.07
   25.00    130.00      0.43     2.71     4.73      0.0094     52.42 LEFT    7.6914E-04    -19.35  9.9955E-04    -18.23
   30.00    130.00     -0.08     2.50     4.41      0.0143     53.39 LEFT    7.2560E-04    -20.12  9.7660E-04    -18.41
   35.00    130.00     -0.68     2.24     4.03      0.0206     54.45 LEFT    6.7698E-04    -21.08  9.4720E-04    -18.59
   40.00    130.00     -1.38     1.89     3.57      0.0286     55.56 LEFT    6.2459E-04    -22.26  9.1036E-04    -18.75
   45.00    130.00     -2.17     1.45     3.02      0.0385     56.67 LEFT    5.6981E-04    -23.69  8.6512E-04    -18.89
   50.00    130.00     -3.07     0.89     2.35      0.0505     57.69 LEFT    5.1403E-04    -25.39  8.1055E-04    -18.99
   55.00    130.00     -4.06     0.16     1.56      0.0650     58.54 LEFT    4.5852E-04    -27.39  7.4585E-04    -19.05
   60.00    130.00     -5.16    -0.76     0.58      0.0824     59.12 LEFT    4.0429E-04    -29.71  6.7044E-04    -19.05
   65.00    130.00     -6.36    -1.96    -0.62      0.1033     59.26 LEFT    3.5184E-04    -32.35  5.8399E-04    -18.99
   70.00    130.00     -7.72    -3.55    -2.14      0.1287     58.76 LEFT    3.0078E-04    -35.29  4.8652E-04    -18.85
   75.00    130.00     -9.36    -5.73    -4.17      0.1603     57.29 LEFT    2.4916E-04    -38.53  3.7839E-04    -18.64
   80.00    130.00    -11.62    -8.98    -7.09      0.2003     54.33 LEFT    1.9211E-04    -42.13  2.6041E-04    -18.36
   85.00    130.00    -15.82   -14.76   -12.25      0.2512     48.96 LEFT    1.1837E-04    -46.43  1.3375E-04    -17.99
   90.00    130.00   -999.99  -999.99  -999.99      0.0000      0.00         9.3257E-15   -232.53  7.9942E-15   -197.56
    0.00    135.00      2.39     2.39     5.40      0.0000     45.00 LINEAR  9.6425E-04    -17.73  9.6425E-04    -17.73
    5.00    135.00      2.35     2.38     5.37      0.0003     45.10 LEFT    9.5918E-04    -17.79  9.6267E-04    -17.75
   10.00    135.00      2.21     2.34     5.28      0.0014     45.41 LEFT    9.4409E-04    -17.97  9.5784E-04    -17.82
   15.00    135.00      1.98     2.26     5.13      0.0031     45.92 LEFT    9.1940E-04    -18.29  9.4951E-04    -17.93
   20.00    135.00      1.66     2.15     4.92      0.0059     46.62 LEFT    8.8577E-04    -18.74  9.3725E-04    -18.06
   25.00    135.00      1.24     1.99     4.64      0.0097     47.48 LEFT    8.4413E-04    -19.34  9.2048E-04    -18.22
   30.00    135.00      0.72     1.78     4.30      0.0148     48.48 LEFT    7.9562E-04    -20.10  8.9853E-04    -18.40
   35.00    135.00      0.11     1.51     3.88      0.0214     49.58 LEFT    7.4158E-04    -21.06  8.7060E-04    -18.57
   40.00    135.00     -0.59     1.15     3.38      0.0300     50.74 LEFT    6.8349E-04    -22.23  8.3585E-04    -18.73
   45.00    135.00     -1.40     0.70     2.79      0.0405     51.89 LEFT    6.2290E-04    -23.65  7.9345E-04    -18.87
   50.00    135.00     -2.30     0.13     2.09      0.0535     52.96 LEFT    5.6137E-04    -25.34  7.4260E-04    -18.97
   55.00    135.00     -3.30    -0.61     1.26      0.0692     53.85 LEFT    5.0030E-04    -27.33  6.8262E-04    -19.02
   60.00    135.00     -4.41    -1.54     0.27      0.0879     54.43 LEFT    4.4077E-04    -29.63  6.1302E-04    -19.02
   65.00    135.00     -5.62    -2.75    -0.94      0.1103     54.54 LEFT    3.8333E-04    -32.25  5.3352E-04    -18.95
   70.00    135.00     -6.98    -4.34    -2.45      0.1370     53.93 LEFT    3.2752E-04    -35.17  4.4414E-04    -18.82
   75.00    135.00     -8.62    -6.53    -4.44      0.1691     52.26 LEFT    2.7120E-04    -38.39  3.4523E-04    -18.61
   80.00    135.00    -10.88    -9.78    -7.29      0.2076     48.97 LEFT    2.0904E-04    -41.97  2.3748E-04    -18.32
   85.00    135.00    -15.09   -15.57   -12.31      0.2517     43.23 LEFT    1.2878E-04    -46.26  1.2195E-04    -17.96
   90.00    135.00   -999.99  -999.99  -999.99      0.0000      0.00         1.0145E-14   -232.35  7.2878E-15   -197.52
    0.00    140.00      3.09     1.57     5.40      0.0000     40.00 LINEAR  1.0446E-03    -17.73  8.7654E-04    -17.73
    5.00    140.00      3.04     1.55     5.37      0.0003     40.10 LEFT    1.0390E-03    -17.79  8.7502E-04    -17.75
   10.00    140.00      2.90     1.50     5.27      0.0013     40.41 LEFT    1.0224E-03    -17.97  8.7037E-04    -17.82
   15.00    140.00      2.67     1.42     5.10      0.0031     40.91 LEFT    9.9515E-04    -18.28  8.6238E-04    -17.92
   20.00    140.00      2.34     1.31     4.86      0.0058     41.60 LEFT    9.5813E-04    -18.73  8.5068E-04    -18.06
   25.00    140.00      1.91     1.14     4.56      0.0096     42.46 LEFT    9.1236E-04    -19.33  8.3480E-04    -18.22
   30.00    140.00      1.39     0.92     4.17      0.0148     43.46 LEFT    8.5915E-04    -20.09  8.1413E-04    -18.39
   35.00    140.00      0.77     0.64     3.72      0.0217     44.57 LEFT    8.0000E-04    -21.04  7.8803E-04    -18.56
   40.00    140.00      0.05     0.28     3.18      0.0305     45.74 LEFT    7.3657E-04    -22.20  7.5577E-04    -18.71
   45.00    140.00     -0.76    -0.18     2.55      0.0415     46.91 LEFT    6.7059E-04    -23.61  7.1665E-04    -18.85
   50.00    140.00     -1.67    -0.77     1.81      0.0551     48.00 LEFT    6.0375E-04    -25.29  6.7000E-04    -18.94
   55.00    140.00     -2.68    -1.51     0.96      0.0716     48.89 LEFT    5.3758E-04    -27.26  6.1525E-04    -18.99
   60.00    140.00     -3.79    -2.45    -0.06      0.0913     49.47 LEFT    4.7324E-04    -29.55  5.5199E-04    -18.99
   65.00    140.00     -5.01    -3.66    -1.27      0.1145     49.53 LEFT    4.1129E-04    -32.15  4.7999E-04    -18.92
   70.00    140.00     -6.38    -5.26    -2.77      0.1417     48.82 LEFT    3.5121E-04    -35.05  3.9928E-04    -18.78
   75.00    140.00     -8.02    -7.46    -4.72      0.1730     46.97 LEFT    2.9070E-04    -38.25  3.1018E-04    -18.57
   80.00    140.00    -10.28   -10.71    -7.48      0.2080     43.47 LEFT    2.2401E-04    -41.81  2.1328E-04    -18.28
   85.00    140.00    -14.49   -16.50   -12.37      0.2434     37.59 LEFT    1.3798E-04    -46.08  1.0949E-04    -17.92
   90.00    140.00   -999.99  -999.99  -999.99      0.0000      0.00         1.0869E-14   -232.17  6.5430E-15   -197.48
    0.00    145.00      3.67     0.58     5.40      0.0000     35.00 LINEAR  1.1170E-03    -17.73  7.8216E-04    -17.73
    5.00    145.00      3.62     0.56     5.37      0.0003     35.10 LEFT    1.1109E-03    -17.79  7.8072E-04    -17.75
   10.00    145.00      3.48     0.51     5.26      0.0013     35.39 LEFT    1.0928E-03    -17.97  7.7635E-04    -17.82
   15.00    145.00      3.24     0.43     5.07      0.0030     35.87 LEFT    1.0632E-03    -18.28  7.6886E-04    -17.92
   20.00    145.00      2.91     0.30     4.81      0.0056     36.53 LEFT    1.0230E-03    -18.72  7.5795E-04    -18.05
   25.00    145.00      2.48     0.13     4.47      0.0093     37.36 LEFT    9.7340E-04    -19.31  7.4322E-04    -18.21
   30.00    145.00      1.95    -0.09     4.06      0.0144     38.33 LEFT    9.1582E-04    -20.07  7.2417E-04    -18.37
   35.00    145.00      1.32    -0.38     3.56      0.0212     39.41 LEFT    8.5195E-04    -21.02  7.0027E-04    -18.54
   40.00    145.00      0.59    -0.76     2.98      0.0300     40.56 LEFT    7.8363E-04    -22.18  6.7090E-04    -18.70
   45.00    145.00     -0.23    -1.23     2.31      0.0412     41.71 LEFT    7.1272E-04    -23.57  6.3550E-04    -18.83
   50.00    145.00     -1.15    -1.82     1.54      0.0550     42.78 LEFT    6.4107E-04    -25.24  5.9351E-04    -18.92
   55.00    145.00     -2.17    -2.57     0.65      0.0719     43.66 LEFT    5.7030E-04    -27.20  5.4447E-04    -18.97
   60.00    145.00     -3.28    -3.52    -0.39      0.0919     44.20 LEFT    5.0165E-04    -29.47  4.8803E-04    -18.96
   65.00    145.00     -4.51    -4.74    -1.61      0.1153     44.20 LEFT    4.3569E-04    -32.05  4.2402E-04    -18.89
   70.00    145.00     -5.88    -6.35    -3.10      0.1420     43.40 LEFT    3.7186E-04    -34.93  3.5247E-04    -18.75
   75.00    145.00     -7.53    -8.55    -5.00      0.1712     41.45 LEFT    3.0766E-04    -38.11  2.7365E-04    -18.54
   80.00    145.00     -9.79   -11.80    -7.67      0.2013     37.87 LEFT    2.3701E-04    -41.66  1.8808E-04    -18.25
   85.00    145.00    -14.00   -17.60   -12.43      0.2274     32.13 LEFT    1.4597E-04    -45.91  9.6531E-05    -17.88
   90.00    145.00   -999.99  -999.99  -999.99      0.0000      0.00         1.1498E-14   -232.00  5.7678E-15   -197.44
    0.00    150.00      4.16    -0.62     5.40      0.0000     30.00 LINEAR  1.1810E-03    -17.73  6.8183E-04    -17.73
    5.00    150.00      4.11    -0.63     5.36      0.0003     30.09 LEFT    1.1744E-03    -17.79  6.8051E-04    -17.75
   10.00    150.00      3.96    -0.68     5.24      0.0012     30.36 LEFT    1.1549E-03    -17.97  6.7652E-04    -17.82
   15.00    150.00      3.72    -0.77     5.04      0.0028     30.81 LEFT    1.1232E-03    -18.28  6.6970E-04    -17.92
   20.00    150.00      3.38    -0.90     4.76      0.0052     31.42 LEFT    1.0801E-03    -18.72  6.5980E-04    -18.05
   25.00    150.00      2.94    -1.08     4.39      0.0087     32.19 LEFT    1.0269E-03    -19.31  6.4650E-04    -18.20
   30.00    150.00      2.40    -1.31     3.94      0.0135     33.10 LEFT    9.6537E-04    -20.06  6.2940E-04    -18.36
   35.00    150.00      1.77    -1.61     3.41      0.0200     34.12 LEFT    8.9724E-04    -21.00  6.0806E-04    -18.53
   40.00    150.00      1.03    -1.99     2.79      0.0285     35.20 LEFT    8.2450E-04    -22.15  5.8200E-04    -18.68
   45.00    150.00      0.20    -2.47     2.08      0.0394     36.29 LEFT    7.4920E-04    -23.54  5.5074E-04    -18.81
   50.00    150.00     -0.73    -3.07     1.27      0.0530     37.31 LEFT    6.7327E-04    -25.19  5.1385E-04    -18.90
   55.00    150.00     -1.75    -3.83     0.34      0.0696     38.13 LEFT    5.9845E-04    -27.14  4.7094E-04    -18.94
   60.00    150.00     -2.87    -4.79    -0.71      0.0893     38.62 LEFT    5.2603E-04    -29.39  4.2175E-04    -18.93
   65.00    150.00     -4.10    -6.02    -1.94      0.1120     38.56 LEFT    4.5658E-04    -31.96  3.6614E-04    -18.86
   70.00    150.00     -5.48    -7.63    -3.41      0.1371     37.71 LEFT    3.8949E-04    -34.82  3.0416E-04    -18.72
   75.00    150.00     -7.13    -9.83    -5.26      0.1632     35.73 LEFT    3.2213E-04    -37.98  2.3601E-04    -18.50
   80.00    150.00     -9.40   -13.09    -7.85      0.1875     32.25 LEFT    2.4810E-04    -41.51  1.6215E-04    -18.21
   85.00    150.00    -13.61   -18.89   -12.48      0.2048     26.92 LEFT    1.5277E-04    -45.75  8.3200E-05    -17.85
   90.00    150.00   -999.99  -999.99  -999.99      0.0000      0.00         1.2033E-14   -231.84  4.9710E-15   -197.41
    0.00    155.00      4.55    -2.08     5.40      0.0000     25.00 LINEAR  1.2359E-03    -17.73  5.7631E-04    -17.73
    5.00    155.00      4.50    -2.09     5.36      0.0003     25.08 LEFT    1.2289E-03    -17.79  5.7515E-04    -17.75
   10.00    155.00      4.35    -2.15     5.23      0.0010     25.32 LEFT    1.2083E-03    -17.97  5.7163E-04    -17.81
   15.00    155.00      4.11    -2.24     5.01      0.0025     25.71 LEFT    1.1746E-03    -18.27  5.6564E-04    -17.91
   20.00    155.00      3.76    -2.37     4.71      0.0046     26.26 LEFT    1.1289E-03    -18.71  5.5698E-04    -18.04
   25.00    155.00      3.32    -2.56     4.32      0.0078     26.95 LEFT    1.0726E-03    -19.30  5.4539E-04    -18.19
   30.00    155.00      2.78    -2.79     3.84      0.0122     27.76 LEFT    1.0076E-03    -20.05  5.3056E-04    -18.35
   35.00    155.00      2.13    -3.10     3.27      0.0181     28.68 LEFT    9.3570E-04    -20.98  5.1215E-04    -18.51
   40.00    155.00      1.39    -3.49     2.61      0.0260     29.66 LEFT    8.5912E-04    -22.12  4.8976E-04    -18.66
   45.00    155.00      0.55    -3.98     1.86      0.0361     30.65 LEFT    7.7999E-04    -23.50  4.6304E-04    -18.79
   50.00    155.00     -0.38    -4.59     1.02      0.0489     31.58 LEFT    7.0037E-04    -25.15  4.3163E-04    -18.88
   55.00    155.00     -1.41    -5.35     0.06      0.0646     32.32 LEFT    6.2207E-04    -27.08  3.9525E-04    -18.92
   60.00    155.00     -2.54    -6.32    -1.02      0.0831     32.73 LEFT    5.4643E-04    -29.32  3.5369E-04    -18.91
   65.00    155.00     -3.77    -7.55    -2.25      0.1040     32.63 LEFT    4.7402E-04    -31.87  3.0683E-04    -18.83
   70.00    155.00     -5.16    -9.17    -3.71      0.1265     31.77 LEFT    4.0419E-04    -34.72  2.5473E-04    -18.69
   75.00    155.00     -6.81   -11.38    -5.51      0.1486     29.87 LEFT    3.3418E-04    -37.86  1.9757E-04    -18.47
   80.00    155.00     -9.08   -14.64    -8.01      0.1670     26.66 LEFT    2.5731E-04    -41.37  1.3569E-04    -18.18
   85.00    155.00    -13.29   -20.44   -12.53      0.1771     21.97 LEFT    1.5842E-04    -45.61  6.9606E-05    -17.82
   90.00    155.00   -999.99  -999.99  -999.99      0.0000      0.00         1.2478E-14   -231.69  4.1584E-15   -197.38
    0.00    160.00      4.86    -3.91     5.40      0.0000     20.00 LINEAR  1.2814E-03    -17.73  4.6640E-04    -17.73
    5.00    160.00      4.81    -3.93     5.36      0.0002     20.07 LEFT    1.2741E-03    -17.79  4.6543E-04    -17.75
   10.00    160.00      4.67    -3.99     5.22      0.0009     20.27 LEFT    1.2524E-03    -17.97  4.6248E-04    -17.81
   15.00    160.00      4.42    -4.08     4.99      0.0021     20.60 LEFT    1.2171E-03    -18.27  4.5748E-04    -17.91
   20.00    160.00      4.07    -4.22     4.67      0.0039     21.06 LEFT    1.1692E-03    -18.71  4.5026E-04    -18.04
   25.00    160.00      3.62    -4.41     4.25      0.0066     21.64 LEFT    1.1103E-03    -19.29  4.4064E-04    -18.19
   30.00    160.00      3.07    -4.65     3.75      0.0104     22.34 LEFT    1.0423E-03    -20.04  4.2838E-04    -18.35
   35.00    160.00      2.42    -4.97     3.15      0.0155     23.12 LEFT    9.6725E-04    -20.96  4.1321E-04    -18.50
   40.00    160.00      1.67    -5.36     2.46      0.0224     23.96 LEFT    8.8743E-04    -22.10  3.9485E-04    -18.65
   45.00    160.00      0.83    -5.85     1.67      0.0313     24.81 LEFT    8.0510E-04    -23.48  3.7302E-04    -18.77
   50.00    160.00     -0.11    -6.47     0.79      0.0426     25.60 LEFT    7.2241E-04    -25.11  3.4745E-04    -18.86
   55.00    160.00     -1.15    -7.24    -0.19      0.0565     26.23 LEFT    6.4123E-04    -27.04  3.1793E-04    -18.90
   60.00    160.00     -2.28    -8.21    -1.29      0.0729     26.57 LEFT    5.6294E-04    -29.27  2.8430E-04    -18.88
   65.00    160.00     -3.52    -9.45    -2.53      0.0912     26.44 LEFT    4.8811E-04    -31.80  2.4648E-04    -18.81
   70.00    160.00     -4.91   -11.07    -3.97      0.1102     25.63 LEFT    4.1604E-04    -34.63  2.0452E-04    -18.66
   75.00    160.00     -6.56   -13.29    -5.72      0.1278     23.93 LEFT    3.4387E-04    -37.76  1.5856E-04    -18.45
   80.00    160.00     -8.83   -16.55    -8.16      0.1407     21.16 LEFT    2.6472E-04    -41.26  1.0886E-04    -18.16
   85.00    160.00    -13.05   -22.35   -12.57      0.1455     17.25 LEFT    1.6296E-04    -45.48  5.5833E-05    -17.79
   90.00    160.00   -999.99  -999.99  -999.99      0.0000      0.00         1.2835E-14   -231.56  3.3355E-15   -197.36
    0.00    165.00      5.10    -6.34     5.40      0.0000     15.00 LINEAR  1.3172E-03    -17.73  3.5294E-04    -17.73
    5.00    165.00      5.05    -6.35     5.36      0.0002     15.05 LEFT    1.3096E-03    -17.79  3.5219E-04    -17.75
   10.00    165.00      4.90    -6.41     5.21      0.0007     15.21 LEFT    1.2871E-03    -17.97  3.4990E-04    -17.81
   15.00    165.00      4.65    -6.51     4.97      0.0016     15.47 LEFT    1.2504E-03    -18.27  3.4601E-04    -17.91
   20.00    165.00      4.30    -6.65     4.64      0.0031     15.83 LEFT    1.2007E-03    -18.70  3.4043E-04    -18.03
   25.00    165.00      3.85    -6.84     4.20      0.0052     16.28 LEFT    1.1397E-03    -19.28  3.3300E-04    -18.18
   30.00    165.00      3.29    -7.09     3.67      0.0082     16.83 LEFT    1.0694E-03    -20.03  3.2356E-04    -18.34
   35.00    165.00      2.64    -7.41     3.05      0.0123     17.45 LEFT    9.9182E-04    -20.95  3.1192E-04    -18.50
   40.00    165.00      1.89    -7.81     2.33      0.0178     18.11 LEFT    9.0944E-04    -22.09  2.9788E-04    -18.64
   45.00    165.00      1.04    -8.31     1.51      0.0250     18.79 LEFT    8.2457E-04    -23.45  2.8123E-04    -18.76
   50.00    165.00      0.09    -8.93     0.60      0.0342     19.41 LEFT    7.3946E-04    -25.08  2.6178E-04    -18.84
   55.00    165.00     -0.95    -9.71    -0.41      0.0456     19.91 LEFT    6.5601E-04    -27.00  2.3940E-04    -18.88
   60.00    165.00     -2.09   -10.68    -1.52      0.0589     20.16 LEFT    5.7565E-04    -29.22  2.1395E-04    -18.87
   65.00    165.00     -3.33   -11.93    -2.77      0.0736     20.02 LEFT    4.9893E-04    -31.74  1.8540E-04    -18.79
   70.00    165.00     -4.72   -13.55    -4.18      0.0884     19.34 LEFT    4.2513E-04    -34.56  1.5377E-04    -18.64
   75.00    165.00     -6.38   -15.77    -5.90      0.1013     17.95 LEFT    3.5131E-04    -37.67  1.1917E-04    -18.43
   80.00    165.00     -8.65   -19.03    -8.27      0.1097     15.75 LEFT    2.7040E-04    -41.16  8.1799E-05    -18.13
   85.00    165.00    -12.86   -24.84   -12.60      0.1112     12.75 LEFT    1.6644E-04    -45.38  4.1948E-05    -17.77
   90.00    165.00   -999.99  -999.99  -999.99      0.0000      0.00         1.3109E-14   -231.45  2.5058E-15   -197.33
    0.00    170.00      5.27    -9.80     5.40      0.0000     10.00 LINEAR  1.3429E-03    -17.73  2.3680E-04    -17.73
    5.00    170.00      5.22    -9.82     5.36      0.0001     10.04 LEFT    1.3351E-03    -17.79  2.3628E-04    -17.75
   10.00    170.00      5.07    -9.88     5.21      0.0005     10.14 LEFT    1.3120E-03    -17.97  2.3472E-04    -17.81
   15.00    170.00      4.82    -9.98     4.96      0.0011     10.32 LEFT    1.2744E-03    -18.27  2.3206E-04    -17.91
   20.00    170.00      4.46   -10.12     4.61      0.0021     10.57 LEFT    1.2234E-03    -18.70  2.2825E-04    -18.03
   25.00    170.00      4.01   -10.32     4.16      0.0036     10.88 LEFT    1.1609E-03    -19.28  2.2320E-04    -18.18
   30.00    170.00      3.45   -10.57     3.62      0.0056     11.26 LEFT    1.0888E-03    -20.02  2.1678E-04    -18.33
   35.00    170.00      2.79   -10.89     2.97      0.0085     11.68 LEFT    1.0094E-03    -20.94  2.0889E-04    -18.49
   40.00    170.00      2.03   -11.30     2.23      0.0124     12.14 LEFT    9.2514E-04    -22.07  1.9940E-04    -18.63
   45.00    170.00      1.18   -11.80     1.39      0.0175     12.61 LEFT    8.3844E-04    -23.44  1.8816E-04    -18.75
   50.00    170.00      0.23   -12.42     0.46      0.0240     13.05 LEFT    7.5157E-04    -25.06  1.7507E-04    -18.83
   55.00    170.00     -0.81   -13.21    -0.57      0.0320     13.39 LEFT    6.6650E-04    -26.97  1.6003E-04    -18.87
   60.00    170.00     -1.95   -14.18    -1.70      0.0414     13.55 LEFT    5.8465E-04    -29.18  1.4296E-04    -18.85
   65.00    170.00     -3.20   -15.43    -2.94      0.0517     13.44 LEFT    5.0659E-04    -31.69  1.2384E-04    -18.77
   70.00    170.00     -4.59   -17.06    -4.35      0.0618     12.94 LEFT    4.3156E-04    -34.50  1.0268E-04    -18.63
   75.00    170.00     -6.25   -19.28    -6.04      0.0702     11.96 LEFT    3.5655E-04    -37.61  7.9555E-05    -18.41
   80.00    170.00     -8.52   -22.55    -8.35      0.0751     10.44 LEFT    2.7441E-04    -41.09  5.4596E-05    -18.12
   85.00    170.00    -12.74   -28.35   -12.62      0.0750      8.41 LEFT    1.6890E-04    -45.30  2.7994E-05    -17.75
   90.00    170.00   -999.99  -999.99  -999.99      0.0000      0.00         1.3302E-14   -231.38  1.6723E-15   -197.32
    0.00    175.00      5.37   -15.79     5.40      0.0000      5.00 LINEAR  1.3585E-03    -17.73  1.1885E-04    -17.73
    5.00    175.00      5.32   -15.81     5.35      0.0001      5.02 LEFT    1.3505E-03    -17.79  1.1859E-04    -17.75
   10.00    175.00      5.17   -15.87     5.20      0.0002      5.07 LEFT    1.3271E-03    -17.97  1.1779E-04    -17.81
   15.00    175.00      4.91   -15.97     4.95      0.0006      5.16 LEFT    1.2888E-03    -18.27  1.1645E-04    -17.91
   20.00    175.00      4.56   -16.11     4.60      0.0011      5.29 LEFT    1.2371E-03    -18.70  1.1452E-04    -18.03
   25.00    175.00      4.10   -16.31     4.14      0.0018      5.45 LEFT    1.1736E-03    -19.28  1.1196E-04    -18.18
   30.00    175.00      3.54   -16.56     3.58      0.0029      5.64 LEFT    1.1004E-03    -20.02  1.0871E-04    -18.33
   35.00    175.00      2.88   -16.89     2.93      0.0043      5.86 LEFT    1.0199E-03    -20.94  1.0473E-04    -18.48
   40.00    175.00      2.12   -17.29     2.17      0.0063      6.09 LEFT    9.3455E-04    -22.06  9.9940E-05    -18.63
   45.00    175.00      1.27   -17.80     1.32      0.0090      6.33 LEFT    8.4674E-04    -23.43  9.4282E-05    -18.74
   50.00    175.00      0.31   -18.43     0.37      0.0124      6.56 LEFT    7.5882E-04    -25.05  8.7699E-05    -18.83
   55.00    175.00     -0.73   -19.21    -0.67      0.0165      6.73 LEFT    6.7277E-04    -26.95  8.0141E-05    -18.86
   60.00    175.00     -1.87   -20.19    -1.81      0.0214      6.81 LEFT    5.9002E-04    -29.16  7.1576E-05    -18.84
   65.00    175.00     -3.12   -21.44    -3.06      0.0267      6.75 LEFT    5.1115E-04    -31.67  6.1988E-05    -18.77
   70.00    175.00     -4.51   -23.07    -4.45      0.0318      6.48 LEFT    4.3538E-04    -34.47  5.1386E-05    -18.62
   75.00    175.00     -6.17   -25.29    -6.12      0.0359      5.98 LEFT    3.5968E-04    -37.57  3.9807E-05    -18.40
   80.00    175.00     -8.45   -28.56    -8.40      0.0381      5.20 LEFT    2.7679E-04    -41.05  2.7315E-05    -18.11
   85.00    175.00    -12.66   -34.36   -12.63      0.0378      4.18 LEFT    1.7036E-04    -45.26  1.4005E-05    -17.74
   90.00    175.00   -999.99  -999.99  -999.99      0.0000      0.00         1.3416E-14   -231.33  8.3656E-16   -197.30
    0.00    180.00      5.40  -999.99     5.40      0.0000     -0.00 LINEAR  1.3637E-03    -17.73  1.3919E-14   -197.73
    5.00    180.00      5.35  -999.99     5.35      0.0000     -0.00 LINEAR  1.3557E-03    -17.79  1.3888E-14   -197.75
   10.00    180.00      5.20  -999.99     5.20      0.0000     -0.00 LINEAR  1.3321E-03    -17.97  1.3794E-14   -197.81
   15.00    180.00      4.95  -999.99     4.95      0.0000     -0.00 LINEAR  1.2936E-03    -18.27  1.3636E-14   -197.91
   20.00    180.00      4.59  -999.99     4.59      0.0000     -0.00 LINEAR  1.2416E-03    -18.70  1.3409E-14   -198.03
   25.00    180.00      4.13  -999.99     4.13      0.0000     -0.00 LINEAR  1.1778E-03    -19.28  1.3108E-14   -198.17
   30.00    180.00      3.57  -999.99     3.57      0.0000     -0.00 LINEAR  1.1043E-03    -20.01  1.2728E-14   -198.33
   35.00    180.00      2.91  -999.99     2.91      0.0000     -0.00 LINEAR  1.0234E-03    -20.94  1.2260E-14   -198.48
   40.00    180.00      2.15  -999.99     2.15      0.0000     -0.00 LINEAR  9.3768E-04    -22.06  1.1698E-14   -198.62
   45.00    180.00      1.29  -999.99     1.29      0.0000     -0.00 LINEAR  8.4950E-04    -23.42  1.1035E-14   -198.74
   50.00    180.00      0.34  -999.99     0.34      0.0000     -0.00 LINEAR  7.6123E-04    -25.04  1.0264E-14   -198.82
   55.00    180.00     -0.71  -999.99    -0.71      0.0000     -0.00 LINEAR  6.7485E-04    -26.95  9.3783E-15   -198.86
   60.00    180.00     -1.85  -999.99    -1.85      0.0000     -0.00 LINEAR  5.9181E-04    -29.15  8.3752E-15   -198.84
   65.00    180.00     -3.09  -999.99    -3.09      0.0000     -0.00 LINEAR  5.1267E-04    -31.66  7.2527E-15   -198.76
   70.00    180.00     -4.49  -999.99    -4.49      0.0000     -0.00 LINEAR  4.3665E-04    -34.46  6.0119E-15   -198.62
   75.00    180.00     -6.15  -999.99    -6.15      0.0000     -0.00 LINEAR  3.6071E-04    -37.56  4.6569E-15   -198.40
   80.00    180.00     -8.42  -999.99    -8.42      0.0000     -0.00 LINEAR  2.7758E-04    -41.03  3.1954E-15   -198.10
   85.00    180.00    -12.64  -999.99   -12.64      0.0000     -0.00 LINEAR  1.7084E-04    -45.24  1.6383E-15   -197.74
   90.00    180.00   -999.99  -999.99  -999.99      0.0000      0.00         1.3455E-14   -231.31  9.7861E-26    -17.30
    0.00    185.00      5.37   -15.79     5.40      0.0000     -5.00 LINEAR  1.3585E-03    -17.73  1.1885E-04   -197.73
    5.00    185.00      5.32   -15.81     5.35      0.0001     -5.02 RIGHT   1.3505E-03    -17.79  1.1859E-04   -197.75
   10.00    185.00      5.17   -15.87     5.20      0.0002     -5.07 RIGHT   1.3271E-03    -17.97  1.1779E-04   -197.81
   15.00    185.00      4.91   -15.97     4.95      0.0006     -5.16 RIGHT   1.2888E-03    -18.27  1.1645E-04   -197.91
   20.00    185.00      4.56   -16.11     4.60      0.0011     -5.29 RIGHT   1.2371E-03    -18.70  1.1452E-04   -198.03
   25.00    185.00      4.10   -16.31     4.14      0.0018     -5.45 RIGHT   1.1736E-03    -19.28  1.1196E-04   -198.18
   30.00    185.00      3.54   -16.56     3.58      0.0029     -5.64 RIGHT   1.1004E-03    -20.02  1.0871E-04   -198.33
   35.00    185.00      2.88   -16.89     2.93      0.0043     -5.86 RIGHT   1.0199E-03    -20.94  1.0473E-04   -198.48
   40.00    185.00      2.12   -17.29     2.17      0.0063     -6.09 RIGHT   9.3455E-04    -22.06  9.9940E-05   -198.63
   45.00    185.00      1.27   -17.80     1.32      0.0090     -6.33 RIGHT   8.4674E-04    -23.43  9.4282E-05   -198.74
   50.00    185.00      0.31   -18.43     0.37      0.0124     -6.56 RIGHT   7.5882E-04    -25.05  8.7699E-05   -198.83
   55.00    185.00     -0.73   -19.21    -0.67      0.0165     -6.73 RIGHT   6.7277E-04    -26.95  8.0141E-05   -198.86
   60.00    185.00     -1.87   -20.19    -1.81      0.0214     -6.81 RIGHT   5.9002E-04    -29.16  7.1576E-05   -198.84
   65.00    185.00     -3.12   -21.44    -3.06      0.0267     -6.75 RIGHT   5.1115E-04    -31.67  6.1988E-05   -198.77
   70.00    185.00     -4.51   -23.07    -4.45      0.0318     -6.48 RIGHT   4.3538E-04    -34.47  5.1386E-05   -198.62
   75.00    185.00     -6.17   -25.29    -6.12      0.0359     -5.98 RIGHT   3.5968E-04    -37.57  3.9807E-05   -198.40
   80.00    185.00     -8.45   -28.56    -8.40      0.0381     -5.20 RIGHT   2.7679E-04    -41.05  2.7315E-05   -198.11
   85.00    185.00    -12.66   -34.36   -12.63      0.0378     -4.18 RIGHT   1.7036E-04    -45.26  1.4005E-05   -197.74
   90.00    185.00   -999.99  -999.99  -999.99      0.0000      0.00         1.3416E-14   -231.33  8.3653E-16    -17.30
    0.00    190.00      5.27    -9.80     5.40      0.0000    -10.00 LINEAR  1.3429E-03    -17.73  2.3680E-04   -197.73
    5.00    190.00      5.22    -9.82     5.36      0.0001    -10.04 RIGHT   1.3351E-03    -17.79  2.3628E-04   -197.75
   10.00    190.00      5.07    -9.88     5.21      0.0005    -10.14 RIGHT   1.3120E-03    -17.97  2.3472E-04   -197.81
   15.00    190.00      4.82    -9.98     4.96      0.0011    -10.32 RIGHT   1.2744E-03    -18.27  2.3206E-04   -197.91
   20.00    190.00      4.46   -10.12     4.61      0.0021    -10.57 RIGHT   1.2234E-03    -18.70  2.2825E-04   -198.03
   25.00    190.00      4.01   -10.32     4.16      0.0036    -10.88 RIGHT   1.1609E-03    -19.28  2.2320E-04   -198.18
   30.00    190.00      3.45   -10.57     3.62      0.0056    -11.26 RIGHT   1.0888E-03    -20.02  2.1678E-04   -198.33
   35.00    190.00      2.79   -10.89     2.97      0.0085    -11.68 RIGHT   1.0094E-03    -20.94  2.0889E-04   -198.49
   40.00    190.00      2.03   -11.30     2.23      0.0124    -12.14 RIGHT   9.2514E-04    -22.07  1.9940E-04   -198.63
   45.00    190.00      1.18   -11.80     1.39      0.0175    -12.61 RIGHT   8.3844E-04    -23.44  1.8816E-04   -198.75
   50.00    190.00      0.23   -12.42     0.46      0.0240    -13.05 RIGHT   7.5157E-04    -25.06  1.7507E-04   -198.83
   55.00    190.00     -0.81   -13.21    -0.57      0.0320    -13.39 RIGHT   6.6650E-04    -26.97  1.6003E-04   -198.87
   60.00    190.00     -1.95   -14.18    -1.70      0.0414    -13.55 RIGHT   5.8465E-04    -29.18  1.4296E-04   -198.85
   65.00    190.00     -3.20   -15.43    -2.94      0.0517    -13.44 RIGHT   5.0659E-04    -31.69  1.2384E-04   -198.77
   70.00    190.00     -4.59   -17.06    -4.35      0.0618    -12.94 RIGHT   4.3156E-04    -34.50  1.0268E-04   -198.63
   75.00    190.00     -6.25   -19.28    -6.04      0.0702    -11.96 RIGHT   3.5655E-04    -37.61  7.9555E-05   -198.41
   80.00    190.00     -8.52   -22.55    -8.35      0.0751    -10.44 RIGHT   2.7441E-04    -41.09  5.4596E-05   -198.12
   85.00    190.00    -12.74   -28.35   -12.62      0.0750     -8.41 RIGHT   1.6890E-04    -45.30  2.7994E-05   -197.75
   90.00    190.00   -999.99  -999.99  -999.99      0.0000      0.00         1.3302E-14   -231.38  1.6722E-15    -17.31
    0.00    195.00      5.10    -6.34     5.40      0.0000    -15.00 LINEAR  1.3172E-03    -17.73  3.5294E-04   -197.73
    5.00    195.00      5.05    -6.35     5.36      0.0002    -15.05 RIGHT   1.3096E-03    -17.79  3.5219E-04   -197.75
   10.00    195.00      4.90    -6.41     5.21      0.0007    -15.21 RIGHT   1.2871E-03    -17.97  3.4990E-04   -197.81
   15.00    195.00      4.65    -6.51     4.97      0.0016    -15.47 RIGHT   1.2504E-03    -18.27  3.4601E-04   -197.91
   20.00    195.00      4.30    -6.65     4.64      0.0031    -15.83 RIGHT   1.2007E-03    -18.70  3.4043E-04   -198.03
   25.00    195.00      3.85    -6.84     4.20      0.0052    -16.28 RIGHT   1.1397E-03    -19.28  3.3300E-04   -198.18
   30.00    195.00      3.29    -7.09     3.67      0.0082    -16.83 RIGHT   1.0694E-03    -20.03  3.2356E-04   -198.34
   35.00    195.00      2.64    -7.41     3.05      0.0123    -17.45 RIGHT   9.9182E-04    -20.95  3.1192E-04   -198.50
   40.00    195.00      1.89    -7.81     2.33      0.0178    -18.11 RIGHT   9.0944E-04    -22.09  2.9788E-04   -198.64
   45.00    195.00      1.04    -8.31     1.51      0.0250    -18.79 RIGHT   8.2457E-04    -23.45  2.8123E-04   -198.76
   50.00    195.00      0.09    -8.93     0.60      0.0342    -19.41 RIGHT   7.3946E-04    -25.08  2.6178E-04   -198.84
   55.00    195.00     -0.95    -9.71    -0.41      0.0456    -19.91 RIGHT   6.5601E-04    -27.00  2.3940E-04   -198.88
   60.00    195.00     -2.09   -10.68    -1.52      0.0589    -20.16 RIGHT   5.7565E-04    -29.22  2.1395E-04   -198.87
   65.00    195.00     -3.33   -11.93    -2.77      0.0736    -20.02 RIGHT   4.9893E-04    -31.74  1.8540E-04   -198.79
   70.00    195.00     -4.72   -13.55    -4.18      0.0884    -19.34 RIGHT   4.2513E-04    -34.56  1.5377E-04   -198.64
   75.00    195.00     -6.38   -15.77    -5.90      0.1013    -17.95 RIGHT   3.5131E-04    -37.67  1.1917E-04   -198.43
   80.00    195.00     -8.65   -19.03    -8.27      0.1097    -15.75 RIGHT   2.7040E-04    -41.16  8.1799E-05   -198.13
   85.00    195.00    -12.86   -24.84   -12.60      0.1112    -12.75 RIGHT   1.6644E-04    -45.38  4.1948E-05   -197.77
   90.00    195.00   -999.99  -999.99  -999.99      0.0000      0.00         1.3109E-14   -231.45  2.5058E-15    -17.33
    0.00    200.00      4.86    -3.91     5.40      0.0000    -20.00 LINEAR  1.2814E-03    -17.73  4.6640E-04   -197.73
    5.00    200.00      4.81    -3.93     5.36      0.0002    -20.07 RIGHT   1.2741E-03    -17.79  4.6543E-04   -197.75
   10.00    200.00      4.67    -3.99     5.22      0.0009    -20.27 RIGHT   1.2524E-03    -17.97  4.6248E-04   -197.81
   15.00    200.00      4.42    -4.08     4.99      0.0021    -20.60 RIGHT   1.2171E-03    -18.27  4.5748E-04   -197.91
   20.00    200.00      4.07    -4.22     4.67      0.0039    -21.06 RIGHT   1.1692E-03    -18.71  4.5026E-04   -198.04
   25.00    200.00      3.62    -4.41     4.25      0.0066    -21.64 RIGHT   1.1103E-03    -19.29  4.4064E-04   -198.19
   30.00    200.00      3.07    -4.65     3.75      0.0104    -22.34 RIGHT   1.0423E-03    -20.04  4.2838E-04   -198.35
   35.00    200.00      2.42    -4.97     3.15      0.0155    -23.12 RIGHT   9.6725E-04    -20.96  4.1321E-04   -198.50
   40.00    200.00      1.67    -5.36     2.46      0.0224    -23.96 RIGHT   8.8743E-04    -22.10  3.9485E-04   -198.65
   45.00    200.00      0.83    -5.85     1.67      0.0313    -24.81 RIGHT   8.0510E-04    -23.48  3.7302E-04   -198.77
   50.00    200.00     -0.11    -6.47     0.79      0.0426    -25.60 RIGHT   7.2241E-04    -25.11  3.4745E-04   -198.86
   55.00    200.00     -1.15    -7.24    -0.19      0.0565    -26.23 RIGHT   6.4123E-04    -27.04  3.1793E-04   -198.90
   60.00    200.00     -2.28    -8.21    -1.29      0.0729    -26.57 RIGHT   5.6294E-04    -29.27  2.8430E-04   -198.88
   65.00    200.00     -3.52    -9.45    -2.53      0.0912    -26.44 RIGHT   4.8811E-04    -31.80  2.4648E-04   -198.81
   70.00    200.00     -4.91   -11.07    -3.97      0.1102    -25.63 RIGHT   4.1604E-04    -34.63  2.0452E-04   -198.66
   75.00    200.00     -6.56   -13.29    -5.72      0.1278    -23.93 RIGHT   3.4387E-04    -37.76  1.5856E-04   -198.45
   80.00    200.00     -8.83   -16.55    -8.16      0.1407    -21.16 RIGHT   2.6472E-04    -41.26  1.0886E-04   -198.16
   85.00    200.00    -13.05   -22.35   -12.57      0.1455    -17.25 RIGHT   1.6296E-04    -45.48  5.5833E-05   -197.79
   90.00    200.00   -999.99  -999.99  -999.99      0.0000      0.00         1.2835E-14   -231.56  3.3356E-15    -17.36
    0.00    205.00      4.55    -2.08     5.40      0.0000    -25.00 LINEAR  1.2359E-03    -17.73  5.7631E-04   -197.73
    5.00    205.00      4.50    -2.09     5.36      0.0003    -25.08 RIGHT   1.2289E-03    -17.79  5.7515E-04   -197.75
   10.00    205.00      4.35    -2.15     5.23      0.0010    -25.32 RIGHT   1.2083E-03    -17.97  5.7163E-04   -197.81
   15.00    205.00      4.11    -2.24     5.01      0.0025    -25.71 RIGHT   1.1746E-03    -18.27  5.6564E-04   -197.91
   20.00    205.00      3.76    -2.37     4.71      0.0046    -26.26 RIGHT   1.1289E-03    -18.71  5.5698E-04   -198.04
   25.00    205.00      3.32    -2.56     4.32      0.0078    -26.95 RIGHT   1.0726E-03    -19.30  5.4539E-04   -198.19
   30.00    205.00      2.78    -2.79     3.84      0.0122    -27.76 RIGHT   1.0076E-03    -20.05  5.3056E-04   -198.35
   35.00    205.00      2.13    -3.10     3.27      0.0181    -28.68 RIGHT   9.3570E-04    -20.98  5.1215E-04   -198.51
   40.00    205.00      1.39    -3.49     2.61      0.0260    -29.66 RIGHT   8.5912E-04    -22.12  4.8976E-04   -198.66
   45.00    205.00      0.55    -3.98     1.86      0.0361    -30.65 RIGHT   7.7999E-04    -23.50  4.6304E-04   -198.79
   50.00    205.00     -0.38    -4.59     1.02      0.0489    -31.58 RIGHT   7.0037E-04    -25.15  4.3163E-04   -198.88
   55.00    205.00     -1.41    -5.35     0.06      0.0646    -32.32 RIGHT   6.2207E-04    -27.08  3.9525E-04   -198.92
   60.00    205.00     -2.54    -6.32    -1.02      0.0831    -32.73 RIGHT   5.4643E-04    -29.32  3.5369E-04   -198.91
   65.00    205.00     -3.77    -7.55    -2.25      0.1040    -32.63 RIGHT   4.7402E-04    -31.87  3.0683E-04   -198.83
   70.00    205.00     -5.16    -9.17    -3.71      0.1265    -31.77 RIGHT   4.0419E-04    -34.72  2.5473E-04   -198.69
   75.00    205.00     -6.81   -11.38    -5.51      0.1486    -29.87 RIGHT   3.3418E-04    -37.86  1.9757E-04   -198.47
   80.00    205.00     -9.08   -14.64    -8.01      0.1670    -26.66 RIGHT   2.5731E-04    -41.37  1.3569E-04   -198.18
   85.00    205.00    -13.29   -20.44   -12.53      0.1771    -21.97 RIGHT   1.5842E-04    -45.61  6.9606E-05   -197.82
   90.00    205.00   -999.99  -999.99  -999.99      0.0000      0.00         1.2478E-14   -231.69  4.1585E-15    -17.38
    0.00    210.00      4.16    -0.62     5.40      0.0000    -30.00 LINEAR  1.1810E-03    -17.73  6.8183E-04   -197.73
    5.00    210.00      4.11    -0.63     5.36      0.0003    -30.09 RIGHT   1.1744E-03    -17.79  6.8051E-04   -197.75
   10.00    210.00      3.96    -0.68     5.24      0.0012    -30.36 RIGHT   1.1549E-03    -17.97  6.7652E-04   -197.82
   15.00    210.00      3.72    -0.77     5.04      0.0028    -30.81 RIGHT   1.1232E-03    -18.28  6.6970E-04   -197.92
   20.00    210.00      3.38    -0.90     4.76      0.0052    -31.42 RIGHT   1.0801E-03    -18.72  6.5980E-04   -198.05
   25.00    210.00      2.94    -1.08     4.39      0.0087    -32.19 RIGHT   1.0269E-03    -19.31  6.4650E-04   -198.20
   30.00    210.00      2.40    -1.31     3.94      0.0135    -33.10 RIGHT   9.6537E-04    -20.06  6.2940E-04   -198.36
   35.00    210.00      1.77    -1.61     3.41      0.0200    -34.12 RIGHT   8.9724E-04    -21.00  6.0806E-04   -198.53
   40.00    210.00      1.03    -1.99     2.79      0.0285    -35.20 RIGHT   8.2450E-04    -22.15  5.8200E-04   -198.68
   45.00    210.00      0.20    -2.47     2.08      0.0394    -36.29 RIGHT   7.4920E-04    -23.54  5.5074E-04   -198.81
   50.00    210.00     -0.73    -3.07     1.27      0.0530    -37.31 RIGHT   6.7327E-04    -25.19  5.1385E-04   -198.90
   55.00    210.00     -1.75    -3.83     0.34      0.0696    -38.13 RIGHT   5.9845E-04    -27.14  4.7094E-04   -198.94
   60.00    210.00     -2.87    -4.79    -0.71      0.0893    -38.62 RIGHT   5.2603E-04    -29.39  4.2175E-04   -198.93
   65.00    210.00     -4.10    -6.02    -1.94      0.1120    -38.56 RIGHT   4.5658E-04    -31.96  3.6614E-04   -198.86
   70.00    210.00     -5.48    -7.63    -3.41      0.1371    -37.71 RIGHT   3.8949E-04    -34.82  3.0416E-04   -198.72
   75.00    210.00     -7.13    -9.83    -5.26      0.1632    -35.73 RIGHT   3.2213E-04    -37.98  2.3601E-04   -198.50
   80.00    210.00     -9.40   -13.09    -7.85      0.1875    -32.25 RIGHT   2.4810E-04    -41.51  1.6215E-04   -198.21
   85.00    210.00    -13.61   -18.89   -12.48      0.2048    -26.92 RIGHT   1.5277E-04    -45.75  8.3200E-05   -197.85
   90.00    210.00   -999.99  -999.99  -999.99      0.0000      0.00         1.2033E-14   -231.84  4.9712E-15    -17.41
    0.00    215.00      3.67     0.58     5.40      0.0000    -35.00 LINEAR  1.1170E-03    -17.73  7.8216E-04   -197.73
    5.00    215.00      3.62     0.56     5.37      0.0003    -35.10 RIGHT   1.1109E-03    -17.79  7.8072E-04   -197.75
   10.00    215.00      3.48     0.51     5.26      0.0013    -35.39 RIGHT   1.0928E-03    -17.97  7.7635E-04   -197.82
   15.00    215.00      3.24     0.43     5.07      0.0030    -35.87 RIGHT   1.0632E-03    -18.28  7.6886E-04   -197.92
   20.00    215.00      2.91     0.30     4.81      0.0056    -36.53 RIGHT   1.0230E-03    -18.72  7.5795E-04   -198.05
   25.00    215.00      2.48     0.13     4.47      0.0093    -37.36 RIGHT   9.7340E-04    -19.31  7.4322E-04   -198.21
   30.00    215.00      1.95    -0.09     4.06      0.0144    -38.33 RIGHT   9.1582E-04    -20.07  7.2417E-04   -198.37
   35.00    215.00      1.32    -0.38     3.56      0.0212    -39.41 RIGHT   8.5195E-04    -21.02  7.0027E-04   -198.54
   40.00    215.00      0.59    -0.76     2.98      0.0300    -40.56 RIGHT   7.8363E-04    -22.18  6.7090E-04   -198.70
   45.00    215.00     -0.23    -1.23     2.31      0.0412    -41.71 RIGHT   7.1272E-04    -23.57  6.3550E-04   -198.83
   50.00    215.00     -1.15    -1.82     1.54      0.0550    -42.78 RIGHT   6.4107E-04    -25.24  5.9351E-04   -198.92
   55.00    215.00     -2.17    -2.57     0.65      0.0719    -43.66 RIGHT   5.7030E-04    -27.20  5.4447E-04   -198.97
   60.00    215.00     -3.28    -3.52    -0.39      0.0919    -44.20 RIGHT   5.0165E-04    -29.47  4.8803E-04   -198.96
   65.00    215.00     -4.51    -4.74    -1.61      0.1153    -44.20 RIGHT   4.3569E-04    -32.05  4.2402E-04   -198.89
   70.00    215.00     -5.88    -6.35    -3.10      0.1420    -43.40 RIGHT   3.7186E-04    -34.93  3.5247E-04   -198.75
   75.00    215.00     -7.53    -8.55    -5.00      0.1712    -41.45 RIGHT   3.0766E-04    -38.11  2.7365E-04   -198.54
   80.00    215.00     -9.79   -11.80    -7.67      0.2013    -37.87 RIGHT   2.3701E-04    -41.66  1.8808E-04   -198.25
   85.00    215.00    -14.00   -17.60   -12.43      0.2274    -32.13 RIGHT   1.4597E-04    -45.91  9.6531E-05   -197.88
   90.00    215.00   -999.99  -999.99  -999.99      0.0000      0.00         1.1498E-14   -232.00  5.7679E-15    -17.44
    0.00    220.00      3.09     1.57     5.40      0.0000    -40.00 LINEAR  1.0446E-03    -17.73  8.7654E-04   -197.73
    5.00    220.00      3.04     1.55     5.37      0.0003    -40.10 RIGHT   1.0390E-03    -17.79  8.7502E-04   -197.75
   10.00    220.00      2.90     1.50     5.27      0.0013    -40.41 RIGHT   1.0224E-03    -17.97  8.7037E-04   -197.82
   15.00    220.00      2.67     1.42     5.10      0.0031    -40.91 RIGHT   9.9515E-04    -18.28  8.6238E-04   -197.92
   20.00    220.00      2.34     1.31     4.86      0.0058    -41.60 RIGHT   9.5813E-04    -18.73  8.5068E-04   -198.06
   25.00    220.00      1.91     1.14     4.56      0.0096    -42.46 RIGHT   9.1236E-04    -19.33  8.3480E-04   -198.22
   30.00    220.00      1.39     0.92     4.17      0.0148    -43.46 RIGHT   8.5915E-04    -20.09  8.1413E-04   -198.39
   35.00    220.00      0.77     0.64     3.72      0.0217    -44.57 RIGHT   8.0000E-04    -21.04  7.8803E-04   -198.56
   40.00    220.00      0.05     0.28     3.18      0.0305    -45.74 RIGHT   7.3657E-04    -22.20  7.5577E-04   -198.71
   45.00    220.00     -0.76    -0.18     2.55      0.0415    -46.91 RIGHT   6.7059E-04    -23.61  7.1665E-04   -198.85
   50.00    220.00     -1.67    -0.77     1.81      0.0551    -48.00 RIGHT   6.0375E-04    -25.29  6.7000E-04   -198.94
   55.00    220.00     -2.68    -1.51     0.96      0.0716    -48.89 RIGHT   5.3758E-04    -27.26  6.1525E-04   -198.99
   60.00    220.00     -3.79    -2.45    -0.06      0.0913    -49.47 RIGHT   4.7324E-04    -29.55  5.5199E-04   -198.99
   65.00    220.00     -5.01    -3.66    -1.27      0.1145    -49.53 RIGHT   4.1129E-04    -32.15  4.7999E-04   -198.92
   70.00    220.00     -6.38    -5.26    -2.77      0.1417    -48.82 RIGHT   3.5121E-04    -35.05  3.9928E-04   -198.78
   75.00    220.00     -8.02    -7.46    -4.72      0.1730    -46.97 RIGHT   2.9070E-04    -38.25  3.1018E-04   -198.57
   80.00    220.00    -10.28   -10.71    -7.48      0.2080    -43.47 RIGHT   2.2401E-04    -41.81  2.1328E-04   -198.28
   85.00    220.00    -14.49   -16.50   -12.37      0.2434    -37.59 RIGHT   1.3798E-04    -46.08  1.0949E-04   -197.92
   90.00    220.00   -999.99  -999.99  -999.99      0.0000      0.00         1.0869E-14   -232.17  6.5428E-15    -17.48
    0.00    225.00      2.39     2.39     5.40      0.0000    -45.00 LINEAR  9.6425E-04    -17.73  9.6425E-04   -197.73
    5.00    225.00      2.35     2.38     5.37      0.0003    -45.10 RIGHT   9.5918E-04    -17.79  9.6267E-04   -197.75
   10.00    225.00      2.21     2.34     5.28      0.0014    -45.41 RIGHT   9.4409E-04    -17.97  9.5784E-04   -197.82
   15.00    225.00      1.98     2.26     5.13      0.0031    -45.92 RIGHT   9.1940E-04    -18.29  9.4951E-04   -197.93
   20.00    225.00      1.66     2.15     4.92      0.0059    -46.62 RIGHT   8.8577E-04    -18.74  9.3725E-04   -198.06
   25.00    225.00      1.24     1.99     4.64      0.0097    -47.48 RIGHT   8.4413E-04    -19.34  9.2048E-04   -198.22
   30.00    225.00      0.72     1.78     4.30      0.0148    -48.48 RIGHT   7.9562E-04    -20.10  8.9853E-04   -198.40
   35.00    225.00      0.11     1.51     3.88      0.0214    -49.58 RIGHT   7.4158E-04    -21.06  8.7060E-04   -198.57
   40.00    225.00     -0.59     1.15     3.38      0.0300    -50.74 RIGHT   6.8349E-04    -22.23  8.3585E-04   -198.73
   45.00    225.00     -1.40     0.70     2.79      0.0405    -51.89 RIGHT   6.2290E-04    -23.65  7.9345E-04   -198.87
   50.00    225.00     -2.30     0.13     2.09      0.0535    -52.96 RIGHT   5.6137E-04    -25.34  7.4260E-04   -198.97
   55.00    225.00     -3.30    -0.61     1.26      0.0692    -53.85 RIGHT   5.0030E-04    -27.33  6.8262E-04   -199.02
   60.00    225.00     -4.41    -1.54     0.27      0.0879    -54.43 RIGHT   4.4077E-04    -29.63  6.1302E-04   -199.02
   65.00    225.00     -5.62    -2.75    -0.94      0.1103    -54.54 RIGHT   3.8333E-04    -32.25  5.3352E-04   -198.95
   70.00    225.00     -6.98    -4.34    -2.45      0.1370    -53.93 RIGHT   3.2752E-04    -35.17  4.4414E-04   -198.82
   75.00    225.00     -8.62    -6.53    -4.44      0.1691    -52.26 RIGHT   2.7120E-04    -38.39  3.4523E-04   -198.61
   80.00    225.00    -10.88    -9.78    -7.29      0.2076    -48.97 RIGHT   2.0904E-04    -41.97  2.3748E-04   -198.32
   85.00    225.00    -15.09   -15.57   -12.31      0.2517    -43.23 RIGHT   1.2878E-04    -46.26  1.2195E-04   -197.96
   90.00    225.00   -999.99  -999.99  -999.99      0.0000      0.00         1.0145E-14   -232.35  7.2879E-15    -17.52
    0.00    230.00      1.57     3.09     5.40      0.0000    -50.00 LINEAR  8.7654E-04    -17.73  1.0446E-03   -197.73
    5.00    230.00      1.52     3.08     5.38      0.0003    -50.10 RIGHT   8.7202E-04    -17.79  1.0430E-03   -197.75
   10.00    230.00      1.39     3.04     5.30      0.0013    -50.41 RIGHT   8.5856E-04    -17.98  1.0381E-03   -197.82
   15.00    230.00      1.16     2.96     5.17      0.0031    -50.91 RIGHT   8.3651E-04    -18.29  1.0296E-03   -197.93
   20.00    230.00      0.84     2.86     4.98      0.0057    -51.59 RIGHT   8.0644E-04    -18.74  1.0169E-03   -198.07
   25.00    230.00      0.43     2.71     4.73      0.0094    -52.42 RIGHT   7.6914E-04    -19.35  9.9955E-04   -198.23
   30.00    230.00     -0.08     2.50     4.41      0.0143    -53.39 RIGHT   7.2560E-04    -20.12  9.7660E-04   -198.41
   35.00    230.00     -0.68     2.24     4.03      0.0206    -54.45 RIGHT   6.7698E-04    -21.08  9.4720E-04   -198.59
   40.00    230.00     -1.38     1.89     3.57      0.0286    -55.56 RIGHT   6.2459E-04    -22.26  9.1036E-04   -198.75
   45.00    230.00     -2.17     1.45     3.02      0.0385    -56.67 RIGHT   5.6981E-04    -23.69  8.6512E-04   -198.89
   50.00    230.00     -3.07     0.89     2.35      0.0505    -57.69 RIGHT   5.1403E-04    -25.39  8.1055E-04   -198.99
   55.00    230.00     -4.06     0.16     1.56      0.0650    -58.54 RIGHT   4.5852E-04    -27.39  7.4585E-04   -199.05
   60.00    230.00     -5.16    -0.76     0.58      0.0824    -59.12 RIGHT   4.0429E-04    -29.71  6.7044E-04   -199.05
   65.00    230.00     -6.36    -1.96    -0.62      0.1033    -59.26 RIGHT   3.5184E-04    -32.35  5.8399E-04   -198.99
   70.00    230.00     -7.72    -3.55    -2.14      0.1287    -58.76 RIGHT   3.0078E-04    -35.29  4.8652E-04   -198.85
   75.00    230.00     -9.36    -5.73    -4.17      0.1603    -57.29 RIGHT   2.4916E-04    -38.53  3.7839E-04   -198.64
   80.00    230.00    -11.62    -8.98    -7.09      0.2003    -54.33 RIGHT   1.9211E-04    -42.13  2.6041E-04   -198.36
   85.00    230.00    -15.82   -14.76   -12.25      0.2512    -48.96 RIGHT   1.1837E-04    -46.43  1.3375E-04   -197.99
   90.00    230.00   -999.99  -999.99  -999.99      0.0000      0.00         9.3257E-15   -232.53  7.9942E-15    -17.56
    0.00    235.00      0.58     3.67     5.40      0.0000    -55.00 LINEAR  7.8216E-04    -17.73  1.1170E-03   -197.73
    5.00    235.00      0.53     3.66     5.38      0.0003    -55.10 RIGHT   7.7820E-04    -17.79  1.1154E-03   -197.75
   10.00    235.00      0.40     3.62     5.31      0.0013    -55.39 RIGHT   7.6641E-04    -17.98  1.1105E-03   -197.82
   15.00    235.00      0.18     3.55     5.20      0.0029    -55.86 RIGHT   7.4708E-04    -18.29  1.1019E-03   -197.93
   20.00    235.00     -0.13     3.45     5.03      0.0054    -56.51 RIGHT   7.2068E-04    -18.75  1.0891E-03   -198.08
   25.00    235.00     -0.54     3.31     4.81      0.0088    -57.30 RIGHT   6.8788E-04    -19.36  1.0713E-03   -198.24
   30.00    235.00     -1.04     3.11     4.53      0.0134    -58.21 RIGHT   6.4951E-04    -20.13  1.0476E-03   -198.42
   35.00    235.00     -1.63     2.86     4.18      0.0192    -59.20 RIGHT   6.0657E-04    -21.10  1.0171E-03   -198.60
   40.00    235.00     -2.32     2.52     3.75      0.0265    -60.23 RIGHT   5.6018E-04    -22.29  9.7852E-04   -198.77
   45.00    235.00     -3.11     2.09     3.23      0.0355    -61.25 RIGHT   5.1156E-04    -23.73  9.3087E-04   -198.91
   50.00    235.00     -4.00     1.53     2.60      0.0463    -62.20 RIGHT   4.6192E-04    -25.44  8.7305E-04   -199.02
   55.00    235.00     -4.98     0.82     1.83      0.0594    -63.00 RIGHT   4.1240E-04    -27.45  8.0417E-04   -199.08
   60.00    235.00     -6.07    -0.10     0.88      0.0750    -63.54 RIGHT   3.6391E-04    -29.79  7.2353E-04   -199.08
   65.00    235.00     -7.27    -1.29    -0.31      0.0940    -63.71 RIGHT   3.1690E-04    -32.45  6.3076E-04   -199.02
   70.00    235.00     -8.63    -2.87    -1.85      0.1174    -63.31 RIGHT   2.7105E-04    -35.41  5.2585E-04   -198.88
   75.00    235.00    -10.26    -5.05    -3.91      0.1474    -62.05 RIGHT   2.2463E-04    -38.67  4.0921E-04   -198.68
   80.00    235.00    -12.52    -8.29    -6.90      0.1871    -59.47 RIGHT   1.7324E-04    -42.29  2.8174E-04   -198.39
   85.00    235.00    -16.72   -14.08   -12.19      0.2417    -54.69 RIGHT   1.0676E-04    -46.59  1.4475E-04   -198.03
   90.00    235.00   -999.99  -999.99  -999.99      0.0000      0.00         8.4117E-15   -232.70  8.6520E-15    -17.59
    0.00    240.00     -0.62     4.16     5.40      0.0000    -60.00 LINEAR  6.8183E-04    -17.73  1.1810E-03   -197.73
    5.00    240.00     -0.66     4.14     5.39      0.0003    -60.09 RIGHT   6.7844E-04    -17.79  1.1794E-03   -197.75
   10.00    240.00     -0.79     4.11     5.33      0.0012    -60.36 RIGHT   6.6834E-04    -17.98  1.1745E-03   -197.82
   15.00    240.00     -1.01     4.04     5.22      0.0027    -60.79 RIGHT   6.5177E-04    -18.30  1.1659E-03   -197.94
   20.00    240.00     -1.31     3.95     5.08      0.0049    -61.38 RIGHT   6.2911E-04    -18.75  1.1530E-03   -198.08
   25.00    240.00     -1.71     3.81     4.88      0.0081    -62.10 RIGHT   6.0091E-04    -19.37  1.1350E-03   -198.25
   30.00    240.00     -2.20     3.62     4.63      0.0121    -62.93 RIGHT   5.6786E-04    -20.15  1.1109E-03   -198.43
   35.00    240.00     -2.79     3.37     4.32      0.0173    -63.83 RIGHT   5.3080E-04    -21.12  1.0794E-03   -198.61
   40.00    240.00     -3.47     3.05     3.92      0.0238    -64.76 RIGHT   4.9066E-04    -22.32  1.0395E-03   -198.79
   45.00    240.00     -4.25     2.62     3.43      0.0317    -65.68 RIGHT   4.4848E-04    -23.76  9.8989E-04   -198.93
   50.00    240.00     -5.13     2.07     2.83      0.0412    -66.53 RIGHT   4.0532E-04    -25.48  9.2931E-04   -199.04
   55.00    240.00     -6.11     1.37     2.08      0.0526    -67.24 RIGHT   3.6217E-04    -27.51  8.5678E-04   -199.10
   60.00    240.00     -7.19     0.46     1.15      0.0663    -67.74 RIGHT   3.1982E-04    -29.86  7.7154E-04   -199.11
   65.00    240.00     -8.39    -0.73    -0.04      0.0830    -67.91 RIGHT   2.7868E-04    -32.54  6.7313E-04   -199.05
   70.00    240.00     -9.74    -2.30    -1.58      0.1039    -67.60 RIGHT   2.3848E-04    -35.52  5.6154E-04   -198.91
   75.00    240.00    -11.37    -4.48    -3.67      0.1312    -66.56 RIGHT   1.9771E-04    -38.80  4.3722E-04   -198.71
   80.00    240.00    -13.62    -7.71    -6.72      0.1686    -64.39 RIGHT   1.5252E-04    -42.43  3.0114E-04   -198.42
   85.00    240.00    -17.83   -13.50   -12.13      0.2236    -60.31 RIGHT   9.4009E-05    -46.75  1.5475E-04   -198.06
   90.00    240.00   -999.99  -999.99  -999.99      0.0000      0.00         7.4074E-15   -232.85  9.2508E-15    -17.63
    0.00    245.00     -2.08     4.55     5.40      0.0000    -65.00 LINEAR  5.7631E-04    -17.73  1.2359E-03   -197.73
    5.00    245.00     -2.12     4.54     5.39      0.0003    -65.08 RIGHT   5.7349E-04    -17.79  1.2343E-03   -197.76
   10.00    245.00     -2.25     4.51     5.34      0.0010    -65.32 RIGHT   5.6509E-04    -17.98  1.2295E-03   -197.83
   15.00    245.00     -2.46     4.44     5.25      0.0024    -65.70 RIGHT   5.5130E-04    -18.30  1.2210E-03   -197.94
   20.00    245.00     -2.76     4.35     5.12      0.0043    -66.22 RIGHT   5.3242E-04    -18.76  1.2081E-03   -198.09
   25.00    245.00     -3.16     4.22     4.95      0.0070    -66.85 RIGHT   5.0889E-04    -19.37  1.1901E-03   -198.26
   30.00    245.00     -3.64     4.04     4.73      0.0106    -67.57 RIGHT   4.8126E-04    -20.16  1.1656E-03   -198.44
   35.00    245.00     -4.22     3.80     4.44      0.0150    -68.35 RIGHT   4.5021E-04    -21.14  1.1336E-03   -198.63
   40.00    245.00     -4.90     3.48     4.07      0.0206    -69.16 RIGHT   4.1651E-04    -22.34  1.0927E-03   -198.80
   45.00    245.00     -5.67     3.06     3.61      0.0273    -69.95 RIGHT   3.8103E-04    -23.79  1.0414E-03   -198.95
   50.00    245.00     -6.54     2.52     3.03      0.0353    -70.69 RIGHT   3.4464E-04    -25.52  9.7852E-04   -199.06
   55.00    245.00     -7.51     1.82     2.30      0.0450    -71.31 RIGHT   3.0817E-04    -27.56  9.0291E-04   -199.12
   60.00    245.00     -8.59     0.92     1.38      0.0566    -71.74 RIGHT   2.7231E-04    -29.93  8.1371E-04   -199.13
   65.00    245.00     -9.78    -0.26     0.20      0.0708    -71.91 RIGHT   2.3742E-04    -32.62  7.1042E-04   -199.07
   70.00    245.00    -11.13    -1.83    -1.35      0.0887    -71.67 RIGHT   2.0326E-04    -35.62  5.9300E-04   -198.94
   75.00    245.00    -12.75    -4.00    -3.45      0.1125    -70.84 RIGHT   1.6857E-04    -38.91  4.6194E-04   -198.74
   80.00    245.00    -15.01    -7.23    -6.56      0.1461    -69.07 RIGHT   1.3007E-04    -42.56  3.1827E-04   -198.45
   85.00    245.00    -19.21   -13.01   -12.08      0.1978    -65.74 RIGHT   8.0184E-05    -46.88  1.6359E-04   -198.09
   90.00    245.00   -999.99  -999.99  -999.99      0.0000      0.00         6.3181E-15   -233.00  9.7799E-15    -17.65
    0.00    250.00     -3.91     4.86     5.40      0.0000    -70.00 LINEAR  4.6640E-04    -17.73  1.2814E-03   -197.73
    5.00    250.00     -3.96     4.85     5.39      0.0002    -70.07 RIGHT   4.6415E-04    -17.79  1.2799E-03   -197.76
   10.00    250.00     -4.08     4.82     5.35      0.0009    -70.26 RIGHT   4.5745E-04    -17.98  1.2751E-03   -197.83
   15.00    250.00     -4.29     4.76     5.27      0.0020    -70.59 RIGHT   4.4644E-04    -18.30  1.2668E-03   -197.94
   20.00    250.00     -4.59     4.68     5.16      0.0036    -71.02 RIGHT   4.3135E-04    -18.76  1.2540E-03   -198.09
   25.00    250.00     -4.98     4.55     5.01      0.0059    -71.55 RIGHT   4.1252E-04    -19.38  1.2360E-03   -198.26
   30.00    250.00     -5.46     4.38     4.81      0.0088    -72.14 RIGHT   3.9037E-04    -20.17  1.2114E-03   -198.45
   35.00    250.00     -6.03     4.14     4.54      0.0124    -72.79 RIGHT   3.6544E-04    -21.15  1.1789E-03   -198.64
   40.00    250.00     -6.70     3.83     4.20      0.0169    -73.46 RIGHT   3.3833E-04    -22.36  1.1372E-03   -198.81
   45.00    250.00     -7.47     3.42     3.76      0.0224    -74.11 RIGHT   3.0973E-04    -23.82  1.0847E-03   -198.96
   50.00    250.00     -8.34     2.88     3.20      0.0289    -74.71 RIGHT   2.8035E-04    -25.56  1.0199E-03   -199.08
   55.00    250.00     -9.30     2.19     2.49      0.0367    -75.22 RIGHT   2.5084E-04    -27.61  9.4182E-04   -199.14
   60.00    250.00    -10.37     1.29     1.58      0.0460    -75.58 RIGHT   2.2178E-04    -29.98  8.4934E-04   -199.15
   65.00    250.00    -11.56     0.12     0.40      0.0576    -75.73 RIGHT   1.9345E-04    -32.69  7.4197E-04   -199.09
   70.00    250.00    -12.90    -1.45    -1.15      0.0722    -75.56 RIGHT   1.6569E-04    -35.70  6.1966E-04   -198.96
   75.00    250.00    -14.53    -3.61    -3.27      0.0919    -74.92 RIGHT   1.3745E-04    -39.01  4.8290E-04   -198.76
   80.00    250.00    -16.78    -6.85    -6.43      0.1203    -73.54 RIGHT   1.0608E-04    -42.67  3.3282E-04   -198.48
   85.00    250.00    -20.98   -12.62   -12.03      0.1655    -70.95 RIGHT   6.5402E-05    -47.00  1.7110E-04   -198.12
   90.00    250.00   -999.99  -999.99  -999.99      0.0000      0.00         5.1538E-15   -233.12  1.0229E-14    -17.68
    0.00    255.00     -6.34     5.10     5.40      0.0000    -75.00 LINEAR  3.5294E-04    -17.73  1.3172E-03   -197.73
    5.00    255.00     -6.38     5.09     5.39      0.0002    -75.05 RIGHT   3.5126E-04    -17.79  1.3157E-03   -197.76
   10.00    255.00     -6.50     5.06     5.36      0.0007    -75.21 RIGHT   3.4625E-04    -17.98  1.3110E-03   -197.83
   15.00    255.00     -6.71     5.01     5.29      0.0015    -75.46 RIGHT   3.3801E-04    -18.30  1.3028E-03   -197.94
   20.00    255.00     -7.01     4.92     5.19      0.0028    -75.79 RIGHT   3.2671E-04    -18.77  1.2902E-03   -198.09
   25.00    255.00     -7.39     4.80     5.06      0.0045    -76.20 RIGHT   3.1259E-04    -19.39  1.2722E-03   -198.27
   30.00    255.00     -7.86     4.63     4.87      0.0068    -76.66 RIGHT   2.9596E-04    -20.18  1.2475E-03   -198.46
   35.00    255.00     -8.43     4.40     4.62      0.0095    -77.16 RIGHT   2.7721E-04    -21.17  1.2148E-03   -198.65
   40.00    255.00     -9.10     4.09     4.30      0.0130    -77.67 RIGHT   2.5680E-04    -22.38  1.1725E-03   -198.82
   45.00    255.00     -9.86     3.69     3.88      0.0171    -78.17 RIGHT   2.3523E-04    -23.84  1.1191E-03   -198.98
   50.00    255.00    -10.72     3.16     3.33      0.0220    -78.63 RIGHT   2.1303E-04    -25.59  1.0529E-03   -199.09
   55.00    255.00    -11.68     2.47     2.64      0.0279    -79.02 RIGHT   1.9071E-04    -27.64  9.7284E-04   -199.16
   60.00    255.00    -12.75     1.58     1.74      0.0350    -79.30 RIGHT   1.6869E-04    -30.03  8.7779E-04   -199.17
   65.00    255.00    -13.93     0.41     0.57      0.0437    -79.42 RIGHT   1.4720E-04    -32.74  7.6720E-04   -199.11
   70.00    255.00    -15.27    -1.15    -0.99      0.0549    -79.30 RIGHT   1.2611E-04    -35.77  6.4099E-04   -198.98
   75.00    255.00    -16.90    -3.32    -3.13      0.0700    -78.83 RIGHT   1.0465E-04    -39.09  4.9969E-04   -198.78
   80.00    255.00    -19.14    -6.55    -6.31      0.0921    -77.83 RIGHT   8.0779E-05    -42.76  3.4447E-04   -198.50
   85.00    255.00    -23.34   -12.32   -11.99      0.1283    -75.94 RIGHT   4.9807E-05    -47.10  1.7712E-04   -198.14
   90.00    255.00   -999.99  -999.99  -999.99      0.0000      0.00         3.9250E-15   -233.21  1.0590E-14    -17.71
    0.00    260.00     -9.80     5.27     5.40      0.0000    -80.00 LINEAR  2.3680E-04    -17.73  1.3429E-03   -197.73
    5.00    260.00     -9.84     5.26     5.39      0.0001    -80.04 RIGHT   2.3568E-04    -17.79  1.3415E-03   -197.76
   10.00    260.00     -9.97     5.23     5.36      0.0005    -80.14 RIGHT   2.3235E-04    -17.98  1.3369E-03   -197.83
   15.00    260.00    -10.17     5.18     5.30      0.0010    -80.31 RIGHT   2.2686E-04    -18.31  1.3288E-03   -197.94
   20.00    260.00    -10.47     5.10     5.22      0.0019    -80.54 RIGHT   2.1934E-04    -18.77  1.3162E-03   -198.09
   25.00    260.00    -10.85     4.98     5.09      0.0031    -80.82 RIGHT   2.0993E-04    -19.39  1.2983E-03   -198.27
   30.00    260.00    -11.32     4.81     4.92      0.0046    -81.13 RIGHT   1.9884E-04    -20.19  1.2737E-03   -198.46
   35.00    260.00    -11.88     4.58     4.68      0.0065    -81.47 RIGHT   1.8632E-04    -21.18  1.2408E-03   -198.65
   40.00    260.00    -12.54     4.28     4.37      0.0088    -81.81 RIGHT   1.7268E-04    -22.39  1.1981E-03   -198.83
   45.00    260.00    -13.30     3.88     3.96      0.0115    -82.15 RIGHT   1.5824E-04    -23.86  1.1440E-03   -198.98
   50.00    260.00    -14.16     3.35     3.43      0.0148    -82.46 RIGHT   1.4337E-04    -25.61  1.0769E-03   -199.10
   55.00    260.00    -15.12     2.67     2.74      0.0188    -82.73 RIGHT   1.2839E-04    -27.67  9.9542E-04   -199.17
   60.00    260.00    -16.18     1.78     1.85      0.0235    -82.92 RIGHT   1.1361E-04    -30.06  8.9852E-04   -199.18
   65.00    260.00    -17.36     0.61     0.68      0.0294    -83.00 RIGHT   9.9165E-05    -32.78  7.8560E-04   -199.12
   70.00    260.00    -18.70    -0.94    -0.87      0.0369    -82.93 RIGHT   8.4978E-05    -35.82  6.5656E-04   -199.00
   75.00    260.00    -20.32    -3.10    -3.02      0.0471    -82.62 RIGHT   7.0524E-05    -39.14  5.1196E-04   -198.79
   80.00    260.00    -22.57    -6.33    -6.23      0.0623    -81.97 RIGHT   5.4446E-05    -42.82  3.5299E-04   -198.51
   85.00    260.00    -26.77   -12.11   -11.96      0.0874    -80.74 RIGHT   3.3574E-05    -47.17  1.8152E-04   -198.15
   90.00    260.00   -999.99  -999.99  -999.99      0.0000      0.00         2.6458E-15   -233.29  1.0853E-14    -17.71
    0.00    265.00    -15.79     5.37     5.40      0.0000    -85.00 LINEAR  1.1885E-04    -17.73  1.3585E-03   -197.73
    5.00    265.00    -15.83     5.36     5.40      0.0001    -85.02 RIGHT   1.1829E-04    -17.79  1.3570E-03   -197.76
   10.00    265.00    -15.95     5.33     5.37      0.0002    -85.07 RIGHT   1.1663E-04    -17.98  1.3525E-03   -197.83
   15.00    265.00    -16.16     5.28     5.31      0.0005    -85.16 RIGHT   1.1389E-04    -18.31  1.3444E-03   -197.94
   20.00    265.00    -16.45     5.20     5.23      0.0010    -85.27 RIGHT   1.1013E-04    -18.77  1.3320E-03   -198.10
   25.00    265.00    -16.83     5.08     5.11      0.0016    -85.41 RIGHT   1.0543E-04    -19.39  1.3141E-03   -198.27
   30.00    265.00    -17.30     4.92     4.94      0.0023    -85.57 RIGHT   9.9883E-05    -20.19  1.2895E-03   -198.46
   35.00    265.00    -17.86     4.69     4.72      0.0033    -85.74 RIGHT   9.3619E-05    -21.18  1.2565E-03   -198.66
   40.00    265.00    -18.52     4.39     4.41      0.0044    -85.92 RIGHT   8.6786E-05    -22.40  1.2137E-03   -198.84
   45.00    265.00    -19.28     3.99     4.01      0.0058    -86.09 RIGHT   7.9551E-05    -23.87  1.1592E-03   -198.99
   50.00    265.00    -20.13     3.47     3.49      0.0075    -86.25 RIGHT   7.2092E-05    -25.62  1.0915E-03   -199.11
   55.00    265.00    -21.09     2.79     2.81      0.0094    -86.38 RIGHT   6.4578E-05    -27.69  1.0091E-03   -199.18
   60.00    265.00    -22.15     1.90     1.92      0.0118    -86.47 RIGHT   5.7153E-05    -30.08  9.1113E-04   -199.19
   65.00    265.00    -23.33     0.74     0.75      0.0148    -86.52 RIGHT   4.9896E-05    -32.81  7.9679E-04   -199.13
   70.00    265.00    -24.67    -0.82    -0.80      0.0185    -86.48 RIGHT   4.2763E-05    -35.85  6.6604E-04   -199.01
   75.00    265.00    -26.29    -2.98    -2.96      0.0237    -86.33 RIGHT   3.5494E-05    -39.18  5.1943E-04   -198.80
   80.00    265.00    -28.53    -6.21    -6.18      0.0314    -86.01 RIGHT   2.7404E-05    -42.86  3.5819E-04   -198.52
   85.00    265.00    -32.73   -11.98   -11.95      0.0443    -85.41 RIGHT   1.6899E-05    -47.21  1.8420E-04   -198.16
   90.00    265.00   -999.99  -999.99  -999.99      0.0000      0.00         1.3318E-15   -233.33  1.1014E-14    -17.73
    0.00    270.00   -999.99     5.40     5.40      0.0000     90.00 LINEAR  2.0878E-14   -197.73  1.3637E-03   -197.73
    5.00    270.00   -999.99     5.40     5.40      0.0000     90.00 LINEAR  2.8494E-14   -220.73  1.3622E-03   -197.76
   10.00    270.00   -999.99     5.37     5.37      0.0000     90.00 LINEAR  3.8635E-14   -233.35  1.3577E-03   -197.83
   15.00    270.00   -999.99     5.32     5.32      0.0000     90.00 LINEAR  5.0016E-14   -240.99  1.3497E-03   -197.95
   20.00    270.00   -999.99     5.23     5.23      0.0000     90.00 LINEAR  6.2237E-14   -246.17  1.3373E-03   -198.10
   25.00    270.00   -199.77     5.12     5.12      0.0000     90.00 LINEAR  7.5135E-14   -250.00  1.3194E-03   -198.27
   30.00    270.00   -198.34     4.95     4.95      0.0000     90.00 LINEAR  8.8560E-14   -253.01  1.2948E-03   -198.47
   35.00    270.00   -197.09     4.73     4.73      0.0000     90.00 LINEAR  1.0229E-13   -255.49  1.2618E-03   -198.66
   40.00    270.00   -196.00     4.43     4.43      0.0000     90.00 LINEAR  1.1600E-13   -257.58  1.2189E-03   -198.84
   45.00    270.00   -195.06     4.03     4.03      0.0000     90.00 LINEAR  1.2921E-13   -259.40  1.1642E-03   -198.99
   50.00    270.00   -194.29     3.51     3.51      0.0000     90.00 LINEAR  1.4129E-13   -261.03  1.0963E-03   -199.11
   55.00    270.00   -193.68     2.83     2.83      0.0000     90.00 LINEAR  1.5143E-13   -262.53  1.0137E-03   -199.18
   60.00    270.00   -193.28     1.94     1.94      0.0000     90.00 LINEAR  1.5864E-13   -263.96  9.1536E-04   -199.19
   65.00    270.00   -193.12     0.78     0.78      0.0000     90.00 LINEAR  1.6163E-13   -265.42  8.0055E-04   -199.13
   70.00    270.00   -193.28    -0.78    -0.78      0.0000     90.00 LINEAR  1.5871E-13   -266.98  6.6923E-04   -199.01
   75.00    270.00   -193.92    -2.94    -2.94      0.0000     90.00 LINEAR  1.4747E-13   -268.82  5.2194E-04   -198.81
   80.00    270.00   -195.43    -6.17    -6.17      0.0000     90.00 LINEAR  1.2394E-13   -271.19  3.5993E-04   -198.52
   85.00    270.00   -199.17   -11.94   -11.94      0.0000     90.00 LINEAR  8.0564E-14   -274.64  1.8510E-04   -198.17
   90.00    270.00   -999.99  -999.99  -999.99      0.0000      0.00         9.1046E-20    -93.52  1.1068E-14    -17.73
    0.00    275.00    -15.79     5.37     5.40      0.0000     85.00 LINEAR  1.1885E-04   -197.73  1.3585E-03   -197.73
    5.00    275.00    -15.83     5.36     5.40      0.0001     85.02 LEFT    1.1829E-04   -197.79  1.3570E-03   -197.76
   10.00    275.00    -15.95     5.33     5.37      0.0002     85.07 LEFT    1.1663E-04   -197.98  1.3525E-03   -197.83
   15.00    275.00    -16.16     5.28     5.31      0.0005     85.16 LEFT    1.1389E-04   -198.31  1.3444E-03   -197.94
   20.00    275.00    -16.45     5.20     5.23      0.0010     85.27 LEFT    1.1013E-04   -198.77  1.3320E-03   -198.10
   25.00    275.00    -16.83     5.08     5.11      0.0016     85.41 LEFT    1.0543E-04   -199.39  1.3141E-03   -198.27
   30.00    275.00    -17.30     4.92     4.94      0.0023     85.57 LEFT    9.9883E-05   -200.19  1.2895E-03   -198.46
   35.00    275.00    -17.86     4.69     4.72      0.0033     85.74 LEFT    9.3619E-05   -201.18  1.2565E-03   -198.66
   40.00    275.00    -18.52     4.39     4.41      0.0044     85.92 LEFT    8.6786E-05   -202.40  1.2137E-03   -198.84
   45.00    275.00    -19.28     3.99     4.01      0.0058     86.09 LEFT    7.9551E-05   -203.87  1.1592E-03   -198.99
   50.00    275.00    -20.13     3.47     3.49      0.0075     86.25 LEFT    7.2092E-05   -205.62  1.0915E-03   -199.11
   55.00    275.00    -21.09     2.79     2.81      0.0094     86.38 LEFT    6.4578E-05   -207.69  1.0091E-03   -199.18
   60.00    275.00    -22.15     1.90     1.92      0.0118     86.47 LEFT    5.7153E-05   -210.08  9.1113E-04   -199.19
   65.00    275.00    -23.33     0.74     0.75      0.0148     86.52 LEFT    4.9896E-05   -212.81  7.9679E-04   -199.13
   70.00    275.00    -24.67    -0.82    -0.80      0.0185     86.48 LEFT    4.2763E-05   -215.85  6.6604E-04   -199.01
   75.00    275.00    -26.29    -2.98    -2.96      0.0237     86.33 LEFT    3.5494E-05   -219.18  5.1943E-04   -198.80
   80.00    275.00    -28.53    -6.21    -6.18      0.0314     86.01 LEFT    2.7404E-05   -222.86  3.5819E-04   -198.52
   85.00    275.00    -32.73   -11.98   -11.95      0.0443     85.41 LEFT    1.6899E-05   -227.21  1.8420E-04   -198.16
   90.00    275.00   -999.99  -999.99  -999.99      0.0000      0.00         1.3317E-15    -53.33  1.1014E-14    -17.73
    0.00    280.00     -9.80     5.27     5.40      0.0000     80.00 LINEAR  2.3680E-04   -197.73  1.3429E-03   -197.73
    5.00    280.00     -9.84     5.26     5.39      0.0001     80.04 LEFT    2.3568E-04   -197.79  1.3415E-03   -197.76
   10.00    280.00     -9.97     5.23     5.36      0.0005     80.14 LEFT    2.3235E-04   -197.98  1.3369E-03   -197.83
   15.00    280.00    -10.17     5.18     5.30      0.0010     80.31 LEFT    2.2686E-04   -198.31  1.3288E-03   -197.94
   20.00    280.00    -10.47     5.10     5.22      0.0019     80.54 LEFT    2.1934E-04   -198.77  1.3162E-03   -198.09
   25.00    280.00    -10.85     4.98     5.09      0.0031     80.82 LEFT    2.0993E-04   -199.39  1.2983E-03   -198.27
   30.00    280.00    -11.32     4.81     4.92      0.0046     81.13 LEFT    1.9884E-04   -200.19  1.2737E-03   -198.46
   35.00    280.00    -11.88     4.58     4.68      0.0065     81.47 LEFT    1.8632E-04   -201.18  1.2408E-03   -198.65
   40.00    280.00    -12.54     4.28     4.37      0.0088     81.81 LEFT    1.7268E-04   -202.39  1.1981E-03   -198.83
   45.00    280.00    -13.30     3.88     3.96      0.0115     82.15 LEFT    1.5824E-04   -203.86  1.1440E-03   -198.98
   50.00    280.00    -14.16     3.35     3.43      0.0148     82.46 LEFT    1.4337E-04   -205.61  1.0769E-03   -199.10
   55.00    280.00    -15.12     2.67     2.74      0.0188     82.73 LEFT    1.2839E-04   -207.67  9.9542E-04   -199.17
   60.00    280.00    -16.18     1.78     1.85      0.0235     82.92 LEFT    1.1361E-04   -210.06  8.9852E-04   -199.18
   65.00    280.00    -17.36     0.61     0.68      0.0294     83.00 LEFT    9.9165E-05   -212.78  7.8560E-04   -199.12
   70.00    280.00    -18.70    -0.94    -0.87      0.0369     82.93 LEFT    8.4978E-05   -215.82  6.5656E-04   -199.00
   75.00    280.00    -20.32    -3.10    -3.02      0.0471     82.62 LEFT    7.0524E-05   -219.14  5.1196E-04   -198.79
   80.00    280.00    -22.57    -6.33    -6.23      0.0623     81.97 LEFT    5.4446E-05   -222.82  3.5299E-04   -198.51
   85.00    280.00    -26.77   -12.11   -11.96      0.0874     80.74 LEFT    3.3574E-05   -227.17  1.8152E-04   -198.15
   90.00    280.00   -999.99  -999.99  -999.99      0.0000      0.00         2.6458E-15    -53.29  1.0853E-14    -17.72
    0.00    285.00     -6.34     5.10     5.40      0.0000     75.00 LINEAR  3.5294E-04   -197.73  1.3172E-03   -197.73
    5.00    285.00     -6.38     5.09     5.39      0.0002     75.05 LEFT    3.5126E-04   -197.79  1.3157E-03   -197.76
   10.00    285.00     -6.50     5.06     5.36      0.0007     75.21 LEFT    3.4625E-04   -197.98  1.3110E-03   -197.83
   15.00    285.00     -6.71     5.01     5.29      0.0015     75.46 LEFT    3.3801E-04   -198.30  1.3028E-03   -197.94
   20.00    285.00     -7.01     4.92     5.19      0.0028     75.79 LEFT    3.2671E-04   -198.77  1.2902E-03   -198.09
   25.00    285.00     -7.39     4.80     5.06      0.0045     76.20 LEFT    3.1259E-04   -199.39  1.2722E-03   -198.27
   30.00    285.00     -7.86     4.63     4.87      0.0068     76.66 LEFT    2.9596E-04   -200.18  1.2475E-03   -198.46
   35.00    285.00     -8.43     4.40     4.62      0.0095     77.16 LEFT    2.7721E-04   -201.17  1.2148E-03   -198.65
   40.00    285.00     -9.10     4.09     4.30      0.0130     77.67 LEFT    2.5680E-04   -202.38  1.1725E-03   -198.82
   45.00    285.00     -9.86     3.69     3.88      0.0171     78.17 LEFT    2.3523E-04   -203.84  1.1191E-03   -198.98
   50.00    285.00    -10.72     3.16     3.33      0.0220     78.63 LEFT    2.1303E-04   -205.59  1.0529E-03   -199.09
   55.00    285.00    -11.68     2.47     2.64      0.0279     79.02 LEFT    1.9071E-04   -207.64  9.7284E-04   -199.16
   60.00    285.00    -12.75     1.58     1.74      0.0350     79.30 LEFT    1.6869E-04   -210.03  8.7779E-04   -199.17
   65.00    285.00    -13.93     0.41     0.57      0.0437     79.42 LEFT    1.4720E-04   -212.74  7.6720E-04   -199.11
   70.00    285.00    -15.27    -1.15    -0.99      0.0549     79.30 LEFT    1.2611E-04   -215.77  6.4099E-04   -198.98
   75.00    285.00    -16.90    -3.32    -3.13      0.0700     78.83 LEFT    1.0465E-04   -219.09  4.9969E-04   -198.78
   80.00    285.00    -19.14    -6.55    -6.31      0.0921     77.83 LEFT    8.0779E-05   -222.76  3.4447E-04   -198.50
   85.00    285.00    -23.34   -12.32   -11.99      0.1283     75.94 LEFT    4.9807E-05   -227.10  1.7712E-04   -198.14
   90.00    285.00   -999.99  -999.99  -999.99      0.0000      0.00         3.9250E-15    -53.22  1.0590E-14    -17.70
    0.00    290.00     -3.91     4.86     5.40      0.0000     70.00 LINEAR  4.6640E-04   -197.73  1.2814E-03   -197.73
    5.00    290.00     -3.96     4.85     5.39      0.0002     70.07 LEFT    4.6415E-04   -197.79  1.2799E-03   -197.76
   10.00    290.00     -4.08     4.82     5.35      0.0009     70.26 LEFT    4.5745E-04   -197.98  1.2751E-03   -197.83
   15.00    290.00     -4.29     4.76     5.27      0.0020     70.59 LEFT    4.4644E-04   -198.30  1.2668E-03   -197.94
   20.00    290.00     -4.59     4.68     5.16      0.0036     71.02 LEFT    4.3135E-04   -198.76  1.2540E-03   -198.09
   25.00    290.00     -4.98     4.55     5.01      0.0059     71.55 LEFT    4.1252E-04   -199.38  1.2360E-03   -198.26
   30.00    290.00     -5.46     4.38     4.81      0.0088     72.14 LEFT    3.9037E-04   -200.17  1.2114E-03   -198.45
   35.00    290.00     -6.03     4.14     4.54      0.0124     72.79 LEFT    3.6544E-04   -201.15  1.1789E-03   -198.64
   40.00    290.00     -6.70     3.83     4.20      0.0169     73.46 LEFT    3.3833E-04   -202.36  1.1372E-03   -198.81
   45.00    290.00     -7.47     3.42     3.76      0.0224     74.11 LEFT    3.0973E-04   -203.82  1.0847E-03   -198.96
   50.00    290.00     -8.34     2.88     3.20      0.0289     74.71 LEFT    2.8035E-04   -205.56  1.0199E-03   -199.08
   55.00    290.00     -9.30     2.19     2.49      0.0367     75.22 LEFT    2.5084E-04   -207.61  9.4182E-04   -199.14
   60.00    290.00    -10.37     1.29     1.58      0.0460     75.58 LEFT    2.2178E-04   -209.98  8.4934E-04   -199.15
   65.00    290.00    -11.56     0.12     0.40      0.0576     75.73 LEFT    1.9345E-04   -212.69  7.4197E-04   -199.09
   70.00    290.00    -12.90    -1.45    -1.15      0.0722     75.56 LEFT    1.6569E-04   -215.70  6.1966E-04   -198.96
   75.00    290.00    -14.53    -3.61    -3.27      0.0919     74.92 LEFT    1.3745E-04   -219.01  4.8290E-04   -198.76
   80.00    290.00    -16.78    -6.85    -6.43      0.1203     73.54 LEFT    1.0608E-04   -222.67  3.3282E-04   -198.48
   85.00    290.00    -20.98   -12.62   -12.03      0.1655     70.95 LEFT    6.5402E-05   -227.00  1.7110E-04   -198.12
   90.00    290.00   -999.99  -999.99  -999.99      0.0000      0.00         5.1537E-15    -53.12  1.0229E-14    -17.68
    0.00    295.00     -2.08     4.55     5.40      0.0000     65.00 LINEAR  5.7631E-04   -197.73  1.2359E-03   -197.73
    5.00    295.00     -2.12     4.54     5.39      0.0003     65.08 LEFT    5.7349E-04   -197.79  1.2343E-03   -197.76
   10.00    295.00     -2.25     4.51     5.34      0.0010     65.32 LEFT    5.6509E-04   -197.98  1.2295E-03   -197.83
   15.00    295.00     -2.46     4.44     5.25      0.0024     65.70 LEFT    5.5130E-04   -198.30  1.2210E-03   -197.94
   20.00    295.00     -2.76     4.35     5.12      0.0043     66.22 LEFT    5.3242E-04   -198.76  1.2081E-03   -198.09
   25.00    295.00     -3.16     4.22     4.95      0.0070     66.85 LEFT    5.0889E-04   -199.37  1.1901E-03   -198.26
   30.00    295.00     -3.64     4.04     4.73      0.0106     67.57 LEFT    4.8126E-04   -200.16  1.1656E-03   -198.44
   35.00    295.00     -4.22     3.80     4.44      0.0150     68.35 LEFT    4.5021E-04   -201.14  1.1336E-03   -198.63
   40.00    295.00     -4.90     3.48     4.07      0.0206     69.16 LEFT    4.1651E-04   -202.34  1.0927E-03   -198.80
   45.00    295.00     -5.67     3.06     3.61      0.0273     69.95 LEFT    3.8103E-04   -203.79  1.0414E-03   -198.95
   50.00    295.00     -6.54     2.52     3.03      0.0353     70.69 LEFT    3.4464E-04   -205.52  9.7852E-04   -199.06
   55.00    295.00     -7.51     1.82     2.30      0.0450     71.31 LEFT    3.0817E-04   -207.56  9.0291E-04   -199.12
   60.00    295.00     -8.59     0.92     1.38      0.0566     71.74 LEFT    2.7231E-04   -209.93  8.1371E-04   -199.13
   65.00    295.00     -9.78    -0.26     0.20      0.0708     71.91 LEFT    2.3742E-04   -212.62  7.1042E-04   -199.07
   70.00    295.00    -11.13    -1.83    -1.35      0.0887     71.67 LEFT    2.0326E-04   -215.62  5.9300E-04   -198.94
   75.00    295.00    -12.75    -4.00    -3.45      0.1125     70.84 LEFT    1.6857E-04   -218.91  4.6194E-04   -198.74
   80.00    295.00    -15.01    -7.23    -6.56      0.1461     69.07 LEFT    1.3007E-04   -222.56  3.1827E-04   -198.45
   85.00    295.00    -19.21   -13.01   -12.08      0.1978     65.74 LEFT    8.0184E-05   -226.88  1.6359E-04   -198.09
   90.00    295.00   -999.99  -999.99  -999.99      0.0000      0.00         6.3182E-15    -52.99  9.7802E-15    -17.66
    0.00    300.00     -0.62     4.16     5.40      0.0000     60.00 LINEAR  6.8183E-04   -197.73  1.1810E-03   -197.73
    5.00    300.00     -0.66     4.14     5.39      0.0003     60.09 LEFT    6.7844E-04   -197.79  1.1794E-03   -197.75
   10.00    300.00     -0.79     4.11     5.33      0.0012     60.36 LEFT    6.6834E-04   -197.98  1.1745E-03   -197.82
   15.00    300.00     -1.01     4.04     5.22      0.0027     60.79 LEFT    6.5177E-04   -198.30  1.1659E-03   -197.94
   20.00    300.00     -1.31     3.95     5.08      0.0049     61.38 LEFT    6.2911E-04   -198.75  1.1530E-03   -198.08
   25.00    300.00     -1.71     3.81     4.88      0.0081     62.10 LEFT    6.0091E-04   -199.37  1.1350E-03   -198.25
   30.00    300.00     -2.20     3.62     4.63      0.0121     62.93 LEFT    5.6786E-04   -200.15  1.1109E-03   -198.43
   35.00    300.00     -2.79     3.37     4.32      0.0173     63.83 LEFT    5.3080E-04   -201.12  1.0794E-03   -198.61
   40.00    300.00     -3.47     3.05     3.92      0.0238     64.76 LEFT    4.9066E-04   -202.32  1.0395E-03   -198.79
   45.00    300.00     -4.25     2.62     3.43      0.0317     65.68 LEFT    4.4848E-04   -203.76  9.8989E-04   -198.93
   50.00    300.00     -5.13     2.07     2.83      0.0412     66.53 LEFT    4.0532E-04   -205.48  9.2931E-04   -199.04
   55.00    300.00     -6.11     1.37     2.08      0.0526     67.24 LEFT    3.6217E-04   -207.51  8.5678E-04   -199.10
   60.00    300.00     -7.19     0.46     1.15      0.0663     67.74 LEFT    3.1982E-04   -209.86  7.7154E-04   -199.11
   65.00    300.00     -8.39    -0.73    -0.04      0.0830     67.91 LEFT    2.7868E-04   -212.54  6.7313E-04   -199.05
   70.00    300.00     -9.74    -2.30    -1.58      0.1039     67.60 LEFT    2.3848E-04   -215.52  5.6154E-04   -198.91
   75.00    300.00    -11.37    -4.48    -3.67      0.1312     66.56 LEFT    1.9771E-04   -218.80  4.3722E-04   -198.71
   80.00    300.00    -13.62    -7.71    -6.72      0.1686     64.39 LEFT    1.5252E-04   -222.43  3.0114E-04   -198.42
   85.00    300.00    -17.83   -13.50   -12.13      0.2236     60.31 LEFT    9.4009E-05   -226.75  1.5475E-04   -198.06
   90.00    300.00   -999.99  -999.99  -999.99      0.0000      0.00         7.4071E-15    -52.85  9.2508E-15    -17.63
    0.00    305.00      0.58     3.67     5.40      0.0000     55.00 LINEAR  7.8216E-04   -197.73  1.1170E-03   -197.73
    5.00    305.00      0.53     3.66     5.38      0.0003     55.10 LEFT    7.7820E-04   -197.79  1.1154E-03   -197.75
   10.00    305.00      0.40     3.62     5.31      0.0013     55.39 LEFT    7.6641E-04   -197.98  1.1105E-03   -197.82
   15.00    305.00      0.18     3.55     5.20      0.0029     55.86 LEFT    7.4708E-04   -198.29  1.1019E-03   -197.93
   20.00    305.00     -0.13     3.45     5.03      0.0054     56.51 LEFT    7.2068E-04   -198.75  1.0891E-03   -198.08
   25.00    305.00     -0.54     3.31     4.81      0.0088     57.30 LEFT    6.8788E-04   -199.36  1.0713E-03   -198.24
   30.00    305.00     -1.04     3.11     4.53      0.0134     58.21 LEFT    6.4951E-04   -200.13  1.0476E-03   -198.42
   35.00    305.00     -1.63     2.86     4.18      0.0192     59.20 LEFT    6.0657E-04   -201.10  1.0171E-03   -198.60
   40.00    305.00     -2.32     2.52     3.75      0.0265     60.23 LEFT    5.6018E-04   -202.29  9.7852E-04   -198.77
   45.00    305.00     -3.11     2.09     3.23      0.0355     61.25 LEFT    5.1156E-04   -203.73  9.3087E-04   -198.91
   50.00    305.00     -4.00     1.53     2.60      0.0463     62.20 LEFT    4.6192E-04   -205.44  8.7305E-04   -199.02
   55.00    305.00     -4.98     0.82     1.83      0.0594     63.00 LEFT    4.1240E-04   -207.45  8.0417E-04   -199.08
   60.00    305.00     -6.07    -0.10     0.88      0.0750     63.54 LEFT    3.6391E-04   -209.79  7.2353E-04   -199.08
   65.00    305.00     -7.27    -1.29    -0.31      0.0940     63.71 LEFT    3.1690E-04   -212.45  6.3076E-04   -199.02
   70.00    305.00     -8.63    -2.87    -1.85      0.1174     63.31 LEFT    2.7105E-04   -215.41  5.2585E-04   -198.88
   75.00    305.00    -10.26    -5.05    -3.91      0.1474     62.05 LEFT    2.2463E-04   -218.67  4.0921E-04   -198.68
   80.00    305.00    -12.52    -8.29    -6.90      0.1871     59.47 LEFT    1.7324E-04   -222.29  2.8174E-04   -198.39
   85.00    305.00    -16.72   -14.08   -12.19      0.2417     54.69 LEFT    1.0676E-04   -226.59  1.4475E-04   -198.03
   90.00    305.00   -999.99  -999.99  -999.99      0.0000      0.00         8.4118E-15    -52.70  8.6521E-15    -17.60
    0.00    310.00      1.57     3.09     5.40      0.0000     50.00 LINEAR  8.7654E-04   -197.73  1.0446E-03   -197.73
    5.00    310.00      1.52     3.08     5.38      0.0003     50.10 LEFT    8.7202E-04   -197.79  1.0430E-03   -197.75
   10.00    310.00      1.39     3.04     5.30      0.0013     50.41 LEFT    8.5856E-04   -197.98  1.0381E-03   -197.82
   15.00    310.00      1.16     2.96     5.17      0.0031     50.91 LEFT    8.3651E-04   -198.29  1.0296E-03   -197.93
   20.00    310.00      0.84     2.86     4.98      0.0057     51.59 LEFT    8.0644E-04   -198.74  1.0169E-03   -198.07
   25.00    310.00      0.43     2.71     4.73      0.0094     52.42 LEFT    7.6914E-04   -199.35  9.9955E-04   -198.23
   30.00    310.00     -0.08     2.50     4.41      0.0143     53.39 LEFT    7.2560E-04   -200.12  9.7660E-04   -198.41
   35.00    310.00     -0.68     2.24     4.03      0.0206     54.45 LEFT    6.7698E-04   -201.08  9.4720E-04   -198.59
   40.00    310.00     -1.38     1.89     3.57      0.0286     55.56 LEFT    6.2459E-04   -202.26  9.1036E-04   -198.75
   45.00    310.00     -2.17     1.45     3.02      0.0385     56.67 LEFT    5.6981E-04   -203.69  8.6512E-04   -198.89
   50.00    310.00     -3.07     0.89     2.35      0.0505     57.69 LEFT    5.1403E-04   -205.39  8.1055E-04   -198.99
   55.00    310.00     -4.06     0.16     1.56      0.0650     58.54 LEFT    4.5852E-04   -207.39  7.4585E-04   -199.05
   60.00    310.00     -5.16    -0.76     0.58      0.0824     59.12 LEFT    4.0429E-04   -209.71  6.7044E-04   -199.05
   65.00    310.00     -6.36    -1.96    -0.62      0.1033     59.26 LEFT    3.5184E-04   -212.35  5.8399E-04   -198.99
   70.00    310.00     -7.72    -3.55    -2.14      0.1287     58.76 LEFT    3.0078E-04   -215.29  4.8652E-04   -198.85
   75.00    310.00     -9.36    -5.73    -4.17      0.1603     57.29 LEFT    2.4916E-04   -218.53  3.7839E-04   -198.64
   80.00    310.00    -11.62    -8.98    -7.09      0.2003     54.33 LEFT    1.9211E-04   -222.13  2.6041E-04   -198.36
   85.00    310.00    -15.82   -14.76   -12.25      0.2512     48.96 LEFT    1.1837E-04   -226.43  1.3375E-04   -197.99
   90.00    310.00   -999.99  -999.99  -999.99      0.0000      0.00         9.3257E-15    -52.53  7.9944E-15    -17.56
    0.00    315.00      2.39     2.39     5.40      0.0000     45.00 LINEAR  9.6425E-04   -197.73  9.6425E-04   -197.73
    5.00    315.00      2.35     2.38     5.37      0.0003     45.10 LEFT    9.5918E-04   -197.79  9.6267E-04   -197.75
   10.00    315.00      2.21     2.34     5.28      0.0014     45.41 LEFT    9.4409E-04   -197.97  9.5784E-04   -197.82
   15.00    315.00      1.98     2.26     5.13      0.0031     45.92 LEFT    9.1940E-04   -198.29  9.4951E-04   -197.93
   20.00    315.00      1.66     2.15     4.92      0.0059     46.62 LEFT    8.8577E-04   -198.74  9.3725E-04   -198.06
   25.00    315.00      1.24     1.99     4.64      0.0097     47.48 LEFT    8.4413E-04   -199.34  9.2048E-04   -198.22
   30.00    315.00      0.72     1.78     4.30      0.0148     48.48 LEFT    7.9562E-04   -200.10  8.9853E-04   -198.40
   35.00    315.00      0.11     1.51     3.88      0.0214     49.58 LEFT    7.4158E-04   -201.06  8.7060E-04   -198.57
   40.00    315.00     -0.59     1.15     3.38      0.0300     50.74 LEFT    6.8349E-04   -202.23  8.3585E-04   -198.73
   45.00    315.00     -1.40     0.70     2.79      0.0405     51.89 LEFT    6.2290E-04   -203.65  7.9345E-04   -198.87
   50.00    315.00     -2.30     0.13     2.09      0.0535     52.96 LEFT    5.6137E-04   -205.34  7.4260E-04   -198.97
   55.00    315.00     -3.30    -0.61     1.26      0.0692     53.85 LEFT    5.0030E-04   -207.33  6.8262E-04   -199.02
   60.00    315.00     -4.41    -1.54     0.27      0.0879     54.43 LEFT    4.4077E-04   -209.63  6.1302E-04   -199.02
   65.00    315.00     -5.62    -2.75    -0.94      0.1103     54.54 LEFT    3.8333E-04   -212.25  5.3352E-04   -198.95
   70.00    315.00     -6.98    -4.34    -2.45      0.1370     53.93 LEFT    3.2752E-04   -215.17  4.4414E-04   -198.82
   75.00    315.00     -8.62    -6.53    -4.44      0.1691     52.26 LEFT    2.7120E-04   -218.39  3.4523E-04   -198.61
   80.00    315.00    -10.88    -9.78    -7.29      0.2076     48.97 LEFT    2.0904E-04   -221.97  2.3748E-04   -198.32
   85.00    315.00    -15.09   -15.57   -12.31      0.2517     43.23 LEFT    1.2878E-04   -226.26  1.2195E-04   -197.96
   90.00    315.00   -999.99  -999.99  -999.99      0.0000      0.00         1.0145E-14    -52.35  7.2880E-15    -17.52
    0.00    320.00      3.09     1.57     5.40      0.0000     40.00 LINEAR  1.0446E-03   -197.73  8.7654E-04   -197.73
    5.00    320.00      3.04     1.55     5.37      0.0003     40.10 LEFT    1.0390E-03   -197.79  8.7502E-04   -197.75
   10.00    320.00      2.90     1.50     5.27      0.0013     40.41 LEFT    1.0224E-03   -197.97  8.7037E-04   -197.82
   15.00    320.00      2.67     1.42     5.10      0.0031     40.91 LEFT    9.9515E-04   -198.28  8.6238E-04   -197.92
   20.00    320.00      2.34     1.31     4.86      0.0058     41.60 LEFT    9.5813E-04   -198.73  8.5068E-04   -198.06
   25.00    320.00      1.91     1.14     4.56      0.0096     42.46 LEFT    9.1236E-04   -199.33  8.3480E-04   -198.22
   30.00    320.00      1.39     0.92     4.17      0.0148     43.46 LEFT    8.5915E-04   -200.09  8.1413E-04   -198.39
   35.00    320.00      0.77     0.64     3.72      0.0217     44.57 LEFT    8.0000E-04   -201.04  7.8803E-04   -198.56
   40.00    320.00      0.05     0.28     3.18      0.0305     45.74 LEFT    7.3657E-04   -202.20  7.5577E-04   -198.71
   45.00    320.00     -0.76    -0.18     2.55      0.0415     46.91 LEFT    6.7059E-04   -203.61  7.1665E-04   -198.85
   50.00    320.00     -1.67    -0.77     1.81      0.0551     48.00 LEFT    6.0375E-04   -205.29  6.7000E-04   -198.94
   55.00    320.00     -2.68    -1.51     0.96      0.0716     48.89 LEFT    5.3758E-04   -207.26  6.1525E-04   -198.99
   60.00    320.00     -3.79    -2.45    -0.06      0.0913     49.47 LEFT    4.7324E-04   -209.55  5.5199E-04   -198.99
   65.00    320.00     -5.01    -3.66    -1.27      0.1145     49.53 LEFT    4.1129E-04   -212.15  4.7999E-04   -198.92
   70.00    320.00     -6.38    -5.26    -2.77      0.1417     48.82 LEFT    3.5121E-04   -215.05  3.9928E-04   -198.78
   75.00    320.00     -8.02    -7.46    -4.72      0.1730     46.97 LEFT    2.9070E-04   -218.25  3.1018E-04   -198.57
   80.00    320.00    -10.28   -10.71    -7.48      0.2080     43.47 LEFT    2.2401E-04   -221.81  2.1328E-04   -198.28
   85.00    320.00    -14.49   -16.50   -12.37      0.2434     37.59 LEFT    1.3798E-04   -226.08  1.0949E-04   -197.92
   90.00    320.00   -999.99  -999.99  -999.99      0.0000      0.00         1.0869E-14    -52.17  6.5428E-15    -17.48
    0.00    325.00      3.67     0.58     5.40      0.0000     35.00 LINEAR  1.1170E-03   -197.73  7.8216E-04   -197.73
    5.00    325.00      3.62     0.56     5.37      0.0003     35.10 LEFT    1.1109E-03   -197.79  7.8072E-04   -197.75
   10.00    325.00      3.48     0.51     5.26      0.0013     35.39 LEFT    1.0928E-03   -197.97  7.7635E-04   -197.82
   15.00    325.00      3.24     0.43     5.07      0.0030     35.87 LEFT    1.0632E-03   -198.28  7.6886E-04   -197.92
   20.00    325.00      2.91     0.30     4.81      0.0056     36.53 LEFT    1.0230E-03   -198.72  7.5795E-04   -198.05
   25.00    325.00      2.48     0.13     4.47      0.0093     37.36 LEFT    9.7340E-04   -199.31  7.4322E-04   -198.21
   30.00    325.00      1.95    -0.09     4.06      0.0144     38.33 LEFT    9.1582E-04   -200.07  7.2417E-04   -198.37
   35.00    325.00      1.32    -0.38     3.56      0.0212     39.41 LEFT    8.5195E-04   -201.02  7.0027E-04   -198.54
   40.00    325.00      0.59    -0.76     2.98      0.0300     40.56 LEFT    7.8363E-04   -202.18  6.7090E-04   -198.70
   45.00    325.00     -0.23    -1.23     2.31      0.0412     41.71 LEFT    7.1272E-04   -203.57  6.3550E-04   -198.83
   50.00    325.00     -1.15    -1.82     1.54      0.0550     42.78 LEFT    6.4107E-04   -205.24  5.9351E-04   -198.92
   55.00    325.00     -2.17    -2.57     0.65      0.0719     43.66 LEFT    5.7030E-04   -207.20  5.4447E-04   -198.97
   60.00    325.00     -3.28    -3.52    -0.39      0.0919     44.20 LEFT    5.0165E-04   -209.47  4.8803E-04   -198.96
   65.00    325.00     -4.51    -4.74    -1.61      0.1153     44.20 LEFT    4.3569E-04   -212.05  4.2402E-04   -198.89
   70.00    325.00     -5.88    -6.35    -3.10      0.1420     43.40 LEFT    3.7186E-04   -214.93  3.5247E-04   -198.75
   75.00    325.00     -7.53    -8.55    -5.00      0.1712     41.45 LEFT    3.0766E-04   -218.11  2.7365E-04   -198.54
   80.00    325.00     -9.79   -11.80    -7.67      0.2013     37.87 LEFT    2.3701E-04   -221.66  1.8808E-04   -198.25
   85.00    325.00    -14.00   -17.60   -12.43      0.2274     32.13 LEFT    1.4597E-04   -225.91  9.6531E-05   -197.88
   90.00    325.00   -999.99  -999.99  -999.99      0.0000      0.00         1.1498E-14    -52.00  5.7678E-15    -17.44
    0.00    330.00      4.16    -0.62     5.40      0.0000     30.00 LINEAR  1.1810E-03   -197.73  6.8183E-04   -197.73
    5.00    330.00      4.11    -0.63     5.36      0.0003     30.09 LEFT    1.1744E-03   -197.79  6.8051E-04   -197.75
   10.00    330.00      3.96    -0.68     5.24      0.0012     30.36 LEFT    1.1549E-03   -197.97  6.7652E-04   -197.82
   15.00    330.00      3.72    -0.77     5.04      0.0028     30.81 LEFT    1.1232E-03   -198.28  6.6970E-04   -197.92
   20.00    330.00      3.38    -0.90     4.76      0.0052     31.42 LEFT    1.0801E-03   -198.72  6.5980E-04   -198.05
   25.00    330.00      2.94    -1.08     4.39      0.0087     32.19 LEFT    1.0269E-03   -199.31  6.4650E-04   -198.20
   30.00    330.00      2.40    -1.31     3.94      0.0135     33.10 LEFT    9.6537E-04   -200.06  6.2940E-04   -198.36
   35.00    330.00      1.77    -1.61     3.41      0.0200     34.12 LEFT    8.9724E-04   -201.00  6.0806E-04   -198.53
   40.00    330.00      1.03    -1.99     2.79      0.0285     35.20 LEFT    8.2450E-04   -202.15  5.8200E-04   -198.68
   45.00    330.00      0.20    -2.47     2.08      0.0394     36.29 LEFT    7.4920E-04   -203.54  5.5074E-04   -198.81
   50.00    330.00     -0.73    -3.07     1.27      0.0530     37.31 LEFT    6.7327E-04   -205.19  5.1385E-04   -198.90
   55.00    330.00     -1.75    -3.83     0.34      0.0696     38.13 LEFT    5.9845E-04   -207.14  4.7094E-04   -198.94
   60.00    330.00     -2.87    -4.79    -0.71      0.0893     38.62 LEFT    5.2603E-04   -209.39  4.2175E-04   -198.93
   65.00    330.00     -4.10    -6.02    -1.94      0.1120     38.56 LEFT    4.5658E-04   -211.96  3.6614E-04   -198.86
   70.00    330.00     -5.48    -7.63    -3.41      0.1371     37.71 LEFT    3.8949E-04   -214.82  3.0416E-04   -198.72
   75.00    330.00     -7.13    -9.83    -5.26      0.1632     35.73 LEFT    3.2213E-04   -217.98  2.3601E-04   -198.50
   80.00    330.00     -9.40   -13.09    -7.85      0.1875     32.25 LEFT    2.4810E-04   -221.51  1.6215E-04   -198.21
   85.00    330.00    -13.61   -18.89   -12.48      0.2048     26.92 LEFT    1.5277E-04   -225.75  8.3200E-05   -197.85
   90.00    330.00   -999.99  -999.99  -999.99      0.0000      0.00         1.2033E-14    -51.84  4.9711E-15    -17.41
    0.00    335.00      4.55    -2.08     5.40      0.0000     25.00 LINEAR  1.2359E-03   -197.73  5.7631E-04   -197.73
    5.00    335.00      4.50    -2.09     5.36      0.0003     25.08 LEFT    1.2289E-03   -197.79  5.7515E-04   -197.75
   10.00    335.00      4.35    -2.15     5.23      0.0010     25.32 LEFT    1.2083E-03   -197.97  5.7163E-04   -197.81
   15.00    335.00      4.11    -2.24     5.01      0.0025     25.71 LEFT    1.1746E-03   -198.27  5.6564E-04   -197.91
   20.00    335.00      3.76    -2.37     4.71      0.0046     26.26 LEFT    1.1289E-03   -198.71  5.5698E-04   -198.04
   25.00    335.00      3.32    -2.56     4.32      0.0078     26.95 LEFT    1.0726E-03   -199.30  5.4539E-04   -198.19
   30.00    335.00      2.78    -2.79     3.84      0.0122     27.76 LEFT    1.0076E-03   -200.05  5.3056E-04   -198.35
   35.00    335.00      2.13    -3.10     3.27      0.0181     28.68 LEFT    9.3570E-04   -200.98  5.1215E-04   -198.51
   40.00    335.00      1.39    -3.49     2.61      0.0260     29.66 LEFT    8.5912E-04   -202.12  4.8976E-04   -198.66
   45.00    335.00      0.55    -3.98     1.86      0.0361     30.65 LEFT    7.7999E-04   -203.50  4.6304E-04   -198.79
   50.00    335.00     -0.38    -4.59     1.02      0.0489     31.58 LEFT    7.0037E-04   -205.15  4.3163E-04   -198.88
   55.00    335.00     -1.41    -5.35     0.06      0.0646     32.32 LEFT    6.2207E-04   -207.08  3.9525E-04   -198.92
   60.00    335.00     -2.54    -6.32    -1.02      0.0831     32.73 LEFT    5.4643E-04   -209.32  3.5369E-04   -198.91
   65.00    335.00     -3.77    -7.55    -2.25      0.1040     32.63 LEFT    4.7402E-04   -211.87  3.0683E-04   -198.83
   70.00    335.00     -5.16    -9.17    -3.71      0.1265     31.77 LEFT    4.0419E-04   -214.72  2.5473E-04   -198.69
   75.00    335.00     -6.81   -11.38    -5.51      0.1486     29.87 LEFT    3.3418E-04   -217.86  1.9757E-04   -198.47
   80.00    335.00     -9.08   -14.64    -8.01      0.1670     26.66 LEFT    2.5731E-04   -221.37  1.3569E-04   -198.18
   85.00    335.00    -13.29   -20.44   -12.53      0.1771     21.97 LEFT    1.5842E-04   -225.61  6.9606E-05   -197.82
   90.00    335.00   -999.99  -999.99  -999.99      0.0000      0.00         1.2478E-14    -51.69  4.1586E-15    -17.39
    0.00    340.00      4.86    -3.91     5.40      0.0000     20.00 LINEAR  1.2814E-03   -197.73  4.6640E-04   -197.73
    5.00    340.00      4.81    -3.93     5.36      0.0002     20.07 LEFT    1.2741E-03   -197.79  4.6543E-04   -197.75
   10.00    340.00      4.67    -3.99     5.22      0.0009     20.27 LEFT    1.2524E-03   -197.97  4.6248E-04   -197.81
   15.00    340.00      4.42    -4.08     4.99      0.0021     20.60 LEFT    1.2171E-03   -198.27  4.5748E-04   -197.91
   20.00    340.00      4.07    -4.22     4.67      0.0039     21.06 LEFT    1.1692E-03   -198.71  4.5026E-04   -198.04
   25.00    340.00      3.62    -4.41     4.25      0.0066     21.64 LEFT    1.1103E-03   -199.29  4.4064E-04   -198.19
   30.00    340.00      3.07    -4.65     3.75      0.0104     22.34 LEFT    1.0423E-03   -200.04  4.2838E-04   -198.35
   35.00    340.00      2.42    -4.97     3.15      0.0155     23.12 LEFT    9.6725E-04   -200.96  4.1321E-04   -198.50
   40.00    340.00      1.67    -5.36     2.46      0.0224     23.96 LEFT    8.8743E-04   -202.10  3.9485E-04   -198.65
   45.00    340.00      0.83    -5.85     1.67      0.0313     24.81 LEFT    8.0510E-04   -203.48  3.7302E-04   -198.77
   50.00    340.00     -0.11    -6.47     0.79      0.0426     25.60 LEFT    7.2241E-04   -205.11  3.4745E-04   -198.86
   55.00    340.00     -1.15    -7.24    -0.19      0.0565     26.23 LEFT    6.4123E-04   -207.04  3.1793E-04   -198.90
   60.00    340.00     -2.28    -8.21    -1.29      0.0729     26.57 LEFT    5.6294E-04   -209.27  2.8430E-04   -198.88
   65.00    340.00     -3.52    -9.45    -2.53      0.0912     26.44 LEFT    4.8811E-04   -211.80  2.4648E-04   -198.81
   70.00    340.00     -4.91   -11.07    -3.97      0.1102     25.63 LEFT    4.1604E-04   -214.63  2.0452E-04   -198.66
   75.00    340.00     -6.56   -13.29    -5.72      0.1278     23.93 LEFT    3.4387E-04   -217.76  1.5856E-04   -198.45
   80.00    340.00     -8.83   -16.55    -8.16      0.1407     21.16 LEFT    2.6472E-04   -221.26  1.0886E-04   -198.16
   85.00    340.00    -13.05   -22.35   -12.57      0.1455     17.25 LEFT    1.6296E-04   -225.48  5.5833E-05   -197.79
   90.00    340.00   -999.99  -999.99  -999.99      0.0000      0.00         1.2835E-14    -51.56  3.3354E-15    -17.35
    0.00    345.00      5.10    -6.34     5.40      0.0000     15.00 LINEAR  1.3172E-03   -197.73  3.5294E-04   -197.73
    5.00    345.00      5.05    -6.35     5.36      0.0002     15.05 LEFT    1.3096E-03   -197.79  3.5219E-04   -197.75
   10.00    345.00      4.90    -6.41     5.21      0.0007     15.21 LEFT    1.2871E-03   -197.97  3.4990E-04   -197.81
   15.00    345.00      4.65    -6.51     4.97      0.0016     15.47 LEFT    1.2504E-03   -198.27  3.4601E-04   -197.91
   20.00    345.00      4.30    -6.65     4.64      0.0031     15.83 LEFT    1.2007E-03   -198.70  3.4043E-04   -198.03
   25.00    345.00      3.85    -6.84     4.20      0.0052     16.28 LEFT    1.1397E-03   -199.28  3.3300E-04   -198.18
   30.00    345.00      3.29    -7.09     3.67      0.0082     16.83 LEFT    1.0694E-03   -200.03  3.2356E-04   -198.34
   35.00    345.00      2.64    -7.41     3.05      0.0123     17.45 LEFT    9.9182E-04   -200.95  3.1192E-04   -198.50
   40.00    345.00      1.89    -7.81     2.33      0.0178     18.11 LEFT    9.0944E-04   -202.09  2.9788E-04   -198.64
   45.00    345.00      1.04    -8.31     1.51      0.0250     18.79 LEFT    8.2457E-04   -203.45  2.8123E-04   -198.76
   50.00    345.00      0.09    -8.93     0.60      0.0342     19.41 LEFT    7.3946E-04   -205.08  2.6178E-04   -198.84
   55.00    345.00     -0.95    -9.71    -0.41      0.0456     19.91 LEFT    6.5601E-04   -207.00  2.3940E-04   -198.88
   60.00    345.00     -2.09   -10.68    -1.52      0.0589     20.16 LEFT    5.7565E-04   -209.22  2.1395E-04   -198.87
   65.00    345.00     -3.33   -11.93    -2.77      0.0736     20.02 LEFT    4.9893E-04   -211.74  1.8540E-04   -198.79
   70.00    345.00     -4.72   -13.55    -4.18      0.0884     19.34 LEFT    4.2513E-04   -214.56  1.5377E-04   -198.64
   75.00    345.00     -6.38   -15.77    -5.90      0.1013     17.95 LEFT    3.5131E-04   -217.67  1.1917E-04   -198.43
   80.00    345.00     -8.65   -19.03    -8.27      0.1097     15.75 LEFT    2.7040E-04   -221.16  8.1799E-05   -198.13
   85.00    345.00    -12.86   -24.84   -12.60      0.1112     12.75 LEFT    1.6644E-04   -225.38  4.1948E-05   -197.77
   90.00    345.00   -999.99  -999.99  -999.99      0.0000      0.00         1.3109E-14    -51.45  2.5058E-15    -17.33
    0.00    350.00      5.27    -9.80     5.40      0.0000     10.00 LINEAR  1.3429E-03   -197.73  2.3680E-04   -197.73
    5.00    350.00      5.22    -9.82     5.36      0.0001     10.04 LEFT    1.3351E-03   -197.79  2.3628E-04   -197.75
   10.00    350.00      5.07    -9.88     5.21      0.0005     10.14 LEFT    1.3120E-03   -197.97  2.3472E-04   -197.81
   15.00    350.00      4.82    -9.98     4.96      0.0011     10.32 LEFT    1.2744E-03   -198.27  2.3206E-04   -197.91
   20.00    350.00      4.46   -10.12     4.61      0.0021     10.57 LEFT    1.2234E-03   -198.70  2.2825E-04   -198.03
   25.00    350.00      4.01   -10.32     4.16      0.0036     10.88 LEFT    1.1609E-03   -199.28  2.2320E-04   -198.18
   30.00    350.00      3.45   -10.57     3.62      0.0056     11.26 LEFT    1.0888E-03   -200.02  2.1678E-04   -198.33
   35.00    350.00      2.79   -10.89     2.97      0.0085     11.68 LEFT    1.0094E-03   -200.94  2.0889E-04   -198.49
   40.00    350.00      2.03   -11.30     2.23      0.0124     12.14 LEFT    9.2514E-04   -202.07  1.9940E-04   -198.63
   45.00    350.00      1.18   -11.80     1.39      0.0175     12.61 LEFT    8.3844E-04   -203.44  1.8816E-04   -198.75
   50.00    350.00      0.23   -12.42     0.46      0.0240     13.05 LEFT    7.5157E-04   -205.06  1.7507E-04   -198.83
   55.00    350.00     -0.81   -13.21    -0.57      0.0320     13.39 LEFT    6.6650E-04   -206.97  1.6003E-04   -198.87
   60.00    350.00     -1.95   -14.18    -1.70      0.0414     13.55 LEFT    5.8465E-04   -209.18  1.4296E-04   -198.85
   65.00    350.00     -3.20   -15.43    -2.94      0.0517     13.44 LEFT    5.0659E-04   -211.69  1.2384E-04   -198.77
   70.00    350.00     -4.59   -17.06    -4.35      0.0618     12.94 LEFT    4.3156E-04   -214.50  1.0268E-04   -198.63
   75.00    350.00     -6.25   -19.28    -6.04      0.0702     11.96 LEFT    3.5655E-04   -217.61  7.9555E-05   -198.41
   80.00    350.00     -8.52   -22.55    -8.35      0.0751     10.44 LEFT    2.7441E-04   -221.09  5.4596E-05   -198.12
   85.00    350.00    -12.74   -28.35   -12.62      0.0750      8.41 LEFT    1.6890E-04   -225.30  2.7994E-05   -197.75
   90.00    350.00   -999.99  -999.99  -999.99      0.0000      0.00         1.3302E-14    -51.38  1.6722E-15    -17.31
    0.00    355.00      5.37   -15.79     5.40      0.0000      5.00 LINEAR  1.3585E-03   -197.73  1.1885E-04   -197.73
    5.00    355.00      5.32   -15.81     5.35      0.0001      5.02 LEFT    1.3505E-03   -197.79  1.1859E-04   -197.75
   10.00    355.00      5.17   -15.87     5.20      0.0002      5.07 LEFT    1.3271E-03   -197.97  1.1779E-04   -197.81
   15.00    355.00      4.91   -15.97     4.95      0.0006      5.16 LEFT    1.2888E-03   -198.27  1.1645E-04   -197.91
   20.00    355.00      4.56   -16.11     4.60      0.0011      5.29 LEFT    1.2371E-03   -198.70  1.1452E-04   -198.03
   25.00    355.00      4.10   -16.31     4.14      0.0018      5.45 LEFT    1.1736E-03   -199.28  1.1196E-04   -198.18
   30.00    355.00      3.54   -16.56     3.58      0.0029      5.64 LEFT    1.1004E-03   -200.02  1.0871E-04   -198.33
   35.00    355.00      2.88   -16.89     2.93      0.0043      5.86 LEFT    1.0199E-03   -200.94  1.0473E-04   -198.48
   40.00    355.00      2.12   -17.29     2.17      0.0063      6.09 LEFT    9.3455E-04   -202.06  9.9940E-05   -198.63
   45.00    355.00      1.27   -17.80     1.32      0.0090      6.33 LEFT    8.4674E-04   -203.43  9.4282E-05   -198.74
   50.00    355.00      0.31   -18.43     0.37      0.0124      6.56 LEFT    7.5882E-04   -205.05  8.7699E-05   -198.83
   55.00    355.00     -0.73   -19.21    -0.67      0.0165      6.73 LEFT    6.7277E-04   -206.95  8.0141E-05   -198.86
   60.00    355.00     -1.87   -20.19    -1.81      0.0214      6.81 LEFT    5.9002E-04   -209.16  7.1576E-05   -198.84
   65.00    355.00     -3.12   -21.44    -3.06      0.0267      6.75 LEFT    5.1115E-04   -211.67  6.1988E-05   -198.77
   70.00    355.00     -4.51   -23.07    -4.45      0.0318      6.48 LEFT    4.3538E-04   -214.47  5.1386E-05   -198.62
   75.00    355.00     -6.17   -25.29    -6.12      0.0359      5.98 LEFT    3.5968E-04   -217.57  3.9807E-05   -198.40
   80.00    355.00     -8.45   -28.56    -8.40      0.0381      5.20 LEFT    2.7679E-04   -221.05  2.7315E-05   -198.11
   85.00    355.00    -12.66   -34.36   -12.63      0.0378      4.18 LEFT    1.7036E-04   -225.26  1.4005E-05   -197.74
   90.00    355.00   -999.99  -999.99  -999.99      0.0000      0.00         1.3417E-14    -51.33  8.3656E-16    -17.31


  AVERAGE POWER GAIN:  1.2945E+00 - SOLID ANGLE USED IN AVERAGING: (+1.9722)*PI STERADIANS



  DATA CARD No:   8 EN   0     0     0     0  0.00000E+00  0.00000E+00  0.00000E+00  0.00000E+00  0.00000E+00  0.00000E+00

  TOTAL RUN TIME: 50 msec