


                               __________________________________________
                              |                                          |
                              |  NUMERICAL ELECTROMAGNETICS CODE (nec2c) |
                              |   Translated to 'C' in Double Precision  |
                              |__________________________________________|



                               ---------------- COMMENTS ----------------
                               pattern-doublet-44p0-None-17m
                              



                               -------- STRUCTURE SPECIFICATION --------
                                     COORDINATES MUST BE INPUT IN
                                     METERS OR BE SCALED TO METERS
                                     BEFORE STRUCTURE INPUT IS ENDED

  WIRE                                                                                 SEG FIRST  LAST  TAG
   No:        X1         Y1         Z1         X2         Y2         Z2       RADIUS   No:   SEG   SEG  No:
     1    -2.79354    0.00000    3.04800   -0.01000    0.00000    9.14400    0.00024    61     1    61    1
     2    -0.01000    0.00000    9.14400    0.01000    0.00000    9.14400    0.00024     1    62    62    2
     3     0.01000    0.00000    9.14400    2.79354    0.00000    3.04800    0.00024    61    63   123    3

     TOTAL SEGMENTS USED: 123   SEGMENTS IN A SYMMETRIC CELL: 123   SYMMETRY FLAG: 0


                               ---------- SEGMENTATION DATA ----------
                                        COORDINATES IN METERS
                            I+ AND I- INDICATE THE SEGMENTS BEFORE AND AFTER I

   SEG    COORDINATES OF SEGM CENTER     SEGM    ORIENTATION ANGLES    WIRE    CONNECTION DATA   TAG
   No:       X         Y         Z      LENGTH     ALPHA      BETA    RADIUS    I-     I    I+   No:
     1   -2.7707    0.0000    3.0980    0.1099   65.4577    0.0000    0.0002     0     1     2     1
     2   -2.7251    0.0000    3.1979    0.1099   65.4577    0.0000    0.0002     1     2     3     1
     3   -2.6795    0.0000    3.2978    0.1099   65.4577    0.0000    0.0002     2     3     4     1
     4   -2.6338    0.0000    3.3978    0.1099   65.4577    0.0000    0.0002     3     4     5     1
     5   -2.5882    0.0000    3.4977    0.1099   65.4577    0.0000    0.0002     4     5     6     1
     6   -2.5426    0.0000    3.5976    0.1099   65.4577    0.0000    0.0002     5     6     7     1
     7   -2.4969    0.0000    3.6976    0.1099   65.4577    0.0000    0.0002     6     7     8     1
     8   -2.4513    0.0000    3.7975    0.1099   65.4577    0.0000    0.0002     7     8     9     1
     9   -2.4057    0.0000    3.8974    0.1099   65.4577    0.0000    0.0002     8     9    10     1
    10   -2.3600    0.0000    3.9974    0.1099   65.4577    0.0000    0.0002     9    10    11     1
    11   -2.3144    0.0000    4.0973    0.1099   65.4577    0.0000    0.0002    10    11    12     1
    12   -2.2688    0.0000    4.1972    0.1099   65.4577    0.0000    0.0002    11    12    13     1
    13   -2.2231    0.0000    4.2972    0.1099   65.4577    0.0000    0.0002    12    13    14     1
    14   -2.1775    0.0000    4.3971    0.1099   65.4577    0.0000    0.0002    13    14    15     1
    15   -2.1319    0.0000    4.4970    0.1099   65.4577    0.0000    0.0002    14    15    16     1
    16   -2.0862    0.0000    4.5970    0.1099   65.4577    0.0000    0.0002    15    16    17     1
    17   -2.0406    0.0000    4.6969    0.1099   65.4577    0.0000    0.0002    16    17    18     1
    18   -1.9950    0.0000    4.7969    0.1099   65.4577    0.0000    0.0002    17    18    19     1
    19   -1.9494    0.0000    4.8968    0.1099   65.4577    0.0000    0.0002    18    19    20     1
    20   -1.9037    0.0000    4.9967    0.1099   65.4577    0.0000    0.0002    19    20    21     1
    21   -1.8581    0.0000    5.0967    0.1099   65.4577    0.0000    0.0002    20    21    22     1
    22   -1.8125    0.0000    5.1966    0.1099   65.4577    0.0000    0.0002    21    22    23     1
    23   -1.7668    0.0000    5.2965    0.1099   65.4577    0.0000    0.0002    22    23    24     1
    24   -1.7212    0.0000    5.3965    0.1099   65.4577    0.0000    0.0002    23    24    25     1
    25   -1.6756    0.0000    5.4964    0.1099   65.4577    0.0000    0.0002    24    25    26     1
    26   -1.6299    0.0000    5.5963    0.1099   65.4577    0.0000    0.0002    25    26    27     1
    27   -1.5843    0.0000    5.6963    0.1099   65.4577    0.0000    0.0002    26    27    28     1
    28   -1.5387    0.0000    5.7962    0.1099   65.4577    0.0000    0.0002    27    28    29     1
    29   -1.4930    0.0000    5.8961    0.1099   65.4577    0.0000    0.0002    28    29    30     1
    30   -1.4474    0.0000    5.9961    0.1099   65.4577    0.0000    0.0002    29    30    31     1
    31   -1.4018    0.0000    6.0960    0.1099   65.4577    0.0000    0.0002    30    31    32     1
    32   -1.3561    0.0000    6.1959    0.1099   65.4577    0.0000    0.0002    31    32    33     1
    33   -1.3105    0.0000    6.2959    0.1099   65.4577    0.0000    0.0002    32    33    34     1
    34   -1.2649    0.0000    6.3958    0.1099   65.4577    0.0000    0.0002    33    34    35     1
    35   -1.2192    0.0000    6.4957    0.1099   65.4577    0.0000    0.0002    34    35    36     1
    36   -1.1736    0.0000    6.5957    0.1099   65.4577    0.0000    0.0002    35    36    37     1
    37   -1.1280    0.0000    6.6956    0.1099   65.4577    0.0000    0.0002    36    37    38     1
    38   -1.0823    0.0000    6.7955    0.1099   65.4577    0.0000    0.0002    37    38    39     1
    39   -1.0367    0.0000    6.8955    0.1099   65.4577    0.0000    0.0002    38    39    40     1
    40   -0.9911    0.0000    6.9954    0.1099   65.4577    0.0000    0.0002    39    40    41     1
    41   -0.9455    0.0000    7.0953    0.1099   65.4577    0.0000    0.0002    40    41    42     1
    42   -0.8998    0.0000    7.1953    0.1099   65.4577    0.0000    0.0002    41    42    43     1
    43   -0.8542    0.0000    7.2952    0.1099   65.4577    0.0000    0.0002    42    43    44     1
    44   -0.8086    0.0000    7.3951    0.1099   65.4577    0.0000    0.0002    43    44    45     1
    45   -0.7629    0.0000    7.4951    0.1099   65.4577    0.0000    0.0002    44    45    46     1
    46   -0.7173    0.0000    7.5950    0.1099   65.4577    0.0000    0.0002    45    46    47     1
    47   -0.6717    0.0000    7.6950    0.1099   65.4577    0.0000    0.0002    46    47    48     1
    48   -0.6260    0.0000    7.7949    0.1099   65.4577    0.0000    0.0002    47    48    49     1
    49   -0.5804    0.0000    7.8948    0.1099   65.4577    0.0000    0.0002    48    49    50     1
    50   -0.5348    0.0000    7.9948    0.1099   65.4577    0.0000    0.0002    49    50    51     1
    51   -0.4891    0.0000    8.0947    0.1099   65.4577    0.0000    0.0002    50    51    52     1
    52   -0.4435    0.0000    8.1946    0.1099   65.4577    0.0000    0.0002    51    52    53     1
    53   -0.3979    0.0000    8.2946    0.1099   65.4577    0.0000    0.0002    52    53    54     1
    54   -0.3522    0.0000    8.3945    0.1099   65.4577    0.0000    0.0002    53    54    55     1
    55   -0.3066    0.0000    8.4944    0.1099   65.4577    0.0000    0.0002    54    55    56     1
    56   -0.2610    0.0000    8.5944    0.1099   65.4577    0.0000    0.0002    55    56    57     1
    57   -0.2153    0.0000    8.6943    0.1099   65.4577    0.0000    0.0002    56    57    58     1
    58   -0.1697    0.0000    8.7942    0.1099   65.4577    0.0000    0.0002    57    58    59     1
    59   -0.1241    0.0000    8.8942    0.1099   65.4577    0.0000    0.0002    58    59    60     1
    60   -0.0784    0.0000    8.9941    0.1099   65.4577    0.0000    0.0002    59    60    61     1
    61   -0.0328    0.0000    9.0940    0.1099   65.4577    0.0000    0.0002    60    61    62     1
    62    0.0000    0.0000    9.1440    0.0200    0.0000    0.0000    0.0002    61    62    63     2
    63    0.0328    0.0000    9.0940    0.1099  -65.4577    0.0000    0.0002    62    63    64     3
    64    0.0784    0.0000    8.9941    0.1099  -65.4577    0.0000    0.0002    63    64    65     3
    65    0.1241    0.0000    8.8942    0.1099  -65.4577    0.0000    0.0002    64    65    66     3
    66    0.1697    0.0000    8.7942    0.1099  -65.4577    0.0000    0.0002    65    66    67     3
    67    0.2153    0.0000    8.6943    0.1099  -65.4577    0.0000    0.0002    66    67    68     3
    68    0.2610    0.0000    8.5944    0.1099  -65.4577    0.0000    0.0002    67    68    69     3
    69    0.3066    0.0000    8.4944    0.1099  -65.4577    0.0000    0.0002    68    69    70     3
    70    0.3522    0.0000    8.3945    0.1099  -65.4577    0.0000    0.0002    69    70    71     3
    71    0.3979    0.0000    8.2946    0.1099  -65.4577    0.0000    0.0002    70    71    72     3
    72    0.4435    0.0000    8.1946    0.1099  -65.4577    0.0000    0.0002    71    72    73     3
    73    0.4891    0.0000    8.0947    0.1099  -65.4577    0.0000    0.0002    72    73    74     3
    74    0.5348    0.0000    7.9948    0.1099  -65.4577    0.0000    0.0002    73    74    75     3
    75    0.5804    0.0000    7.8948    0.1099  -65.4577    0.0000    0.0002    74    75    76     3
    76    0.6260    0.0000    7.7949    0.1099  -65.4577    0.0000    0.0002    75    76    77     3
    77    0.6717    0.0000    7.6950    0.1099  -65.4577    0.0000    0.0002    76    77    78     3
    78    0.7173    0.0000    7.5950    0.1099  -65.4577    0.0000    0.0002    77    78    79     3
    79    0.7629    0.0000    7.4951    0.1099  -65.4577    0.0000    0.0002    78    79    80     3
    80    0.8086    0.0000    7.3951    0.1099  -65.4577    0.0000    0.0002    79    80    81     3
    81    0.8542    0.0000    7.2952    0.1099  -65.4577    0.0000    0.0002    80    81    82     3
    82    0.8998    0.0000    7.1953    0.1099  -65.4577    0.0000    0.0002    81    82    83     3
    83    0.9455    0.0000    7.0953    0.1099  -65.4577    0.0000    0.0002    82    83    84     3
    84    0.9911    0.0000    6.9954    0.1099  -65.4577    0.0000    0.0002    83    84    85     3
    85    1.0367    0.0000    6.8955    0.1099  -65.4577    0.0000    0.0002    84    85    86     3
    86    1.0823    0.0000    6.7955    0.1099  -65.4577    0.0000    0.0002    85    86    87     3
    87    1.1280    0.0000    6.6956    0.1099  -65.4577    0.0000    0.0002    86    87    88     3
    88    1.1736    0.0000    6.5957    0.1099  -65.4577    0.0000    0.0002    87    88    89     3
    89    1.2192    0.0000    6.4957    0.1099  -65.4577    0.0000    0.0002    88    89    90     3
    90    1.2649    0.0000    6.3958    0.1099  -65.4577    0.0000    0.0002    89    90    91     3
    91    1.3105    0.0000    6.2959    0.1099  -65.4577    0.0000    0.0002    90    91    92     3
    92    1.3561    0.0000    6.1959    0.1099  -65.4577    0.0000    0.0002    91    92    93     3
    93    1.4018    0.0000    6.0960    0.1099  -65.4577    0.0000    0.0002    92    93    94     3
    94    1.4474    0.0000    5.9961    0.1099  -65.4577    0.0000    0.0002    93    94    95     3
    95    1.4930    0.0000    5.8961    0.1099  -65.4577    0.0000    0.0002    94    95    96     3
    96    1.5387    0.0000    5.7962    0.1099  -65.4577    0.0000    0.0002    95    96    97     3
    97    1.5843    0.0000    5.6963    0.1099  -65.4577    0.0000    0.0002    96    97    98     3
    98    1.6299    0.0000    5.5963    0.1099  -65.4577    0.0000    0.0002    97    98    99     3
    99    1.6756    0.0000    5.4964    0.1099  -65.4577    0.0000    0.0002    98    99   100     3
   100    1.7212    0.0000    5.3965    0.1099  -65.4577    0.0000    0.0002    99   100   101     3
   101    1.7668    0.0000    5.2965    0.1099  -65.4577    0.0000    0.0002   100   101   102     3
   102    1.8125    0.0000    5.1966    0.1099  -65.4577    0.0000    0.0002   101   102   103     3
   103    1.8581    0.0000    5.0967    0.1099  -65.4577    0.0000    0.0002   102   103   104     3
   104    1.9037    0.0000    4.9967    0.1099  -65.4577    0.0000    0.0002   103   104   105     3
   105    1.9494    0.0000    4.8968    0.1099  -65.4577    0.0000    0.0002   104   105   106     3
   106    1.9950    0.0000    4.7969    0.1099  -65.4577    0.0000    0.0002   105   106   107     3
   107    2.0406    0.0000    4.6969    0.1099  -65.4577    0.0000    0.0002   106   107   108     3
   108    2.0862    0.0000    4.5970    0.1099  -65.4577    0.0000    0.0002   107   108   109     3
   109    2.1319    0.0000    4.4970    0.1099  -65.4577    0.0000    0.0002   108   109   110     3
   110    2.1775    0.0000    4.3971    0.1099  -65.4577    0.0000    0.0002   109   110   111     3
   111    2.2231    0.0000    4.2972    0.1099  -65.4577    0.0000    0.0002   110   111   112     3
   112    2.2688    0.0000    4.1972    0.1099  -65.4577    0.0000    0.0002   111   112   113     3
   113    2.3144    0.0000    4.0973    0.1099  -65.4577    0.0000    0.0002   112   113   114     3
   114    2.3600    0.0000    3.9974    0.1099  -65.4577    0.0000    0.0002   113   114   115     3
   115    2.4057    0.0000    3.8974    0.1099  -65.4577    0.0000    0.0002   114   115   116     3
   116    2.4513    0.0000    3.7975    0.1099  -65.4577    0.0000    0.0002   115   116   117     3
   117    2.4969    0.0000    3.6976    0.1099  -65.4577    0.0000    0.0002   116   117   118     3
   118    2.5426    0.0000    3.5976    0.1099  -65.4577    0.0000    0.0002   117   118   119     3
   119    2.5882    0.0000    3.4977    0.1099  -65.4577    0.0000    0.0002   118   119   120     3
   120    2.6338    0.0000    3.3978    0.1099  -65.4577    0.0000    0.0002   119   120   121     3
   121    2.6795    0.0000    3.2978    0.1099  -65.4577    0.0000    0.0002   120   121   122     3
   122    2.7251    0.0000    3.1979    0.1099  -65.4577    0.0000    0.0002   121   122   123     3
   123    2.7707    0.0000    3.0980    0.1099  -65.4577    0.0000    0.0002   122   123     0     3



  DATA CARD No:   1 EK   0     0     0     0  0.00000E+00  0.00000E+00  0.00000E+00  0.00000E+00  0.00000E+00  0.00000E+00
  DATA CARD No:   2 LD   5     0     0     0  1.50000E+07  0.00000E+00  0.00000E+00  0.00000E+00  0.00000E+00  0.00000E+00
  DATA CARD No:   3 GN   2     0     0     0  1.30000E+01  5.00000E-03  0.00000E+00  0.00000E+00  0.00000E+00  0.00000E+00
  DATA CARD No:   4 FR   0     1     0     0  1.80800E+01  0.00000E+00  0.00000E+00  0.00000E+00  0.00000E+00  0.00000E+00
  DATA CARD No:   5 EX   0     2     1     0  1.00000E+00  0.00000E+00  0.00000E+00  0.00000E+00  0.00000E+00  0.00000E+00
  DATA CARD No:   6 PT  -1     0     0     0  0.00000E+00  0.00000E+00  0.00000E+00  0.00000E+00  0.00000E+00  0.00000E+00
  DATA CARD No:   7 RP   0    19    72  1001  0.00000E+00  0.00000E+00  5.00000E+00  5.00000E+00  1.00000E+03  0.00000E+00


                               --------- FREQUENCY --------
                                FREQUENCY : 1.8080E+01 MHz
                                WAVELENGTH: 1.6582E+01 Mtr

                        APPROXIMATE INTEGRATION EMPLOYED FOR SEGMENTS 
                        THAT ARE MORE THAN 1.000 WAVELENGTHS APART
                        THE EXTENDED THIN WIRE KERNEL WILL BE USED


                          ------ STRUCTURE IMPEDANCE LOADING ------
  LOCATION        RESISTANCE  INDUCTANCE  CAPACITANCE     IMPEDANCE (OHMS)   CONDUCTIVITY  CIRCUIT
  ITAG FROM THRU     OHMS       HENRYS      FARADS       REAL     IMAGINARY   MHOS/METER      TYPE
  ALL                                                                        1.5000E+07     WIRE  


                            -------- ANTENNA ENVIRONMENT --------
                            FINITE GROUND - SOMMERFELD SOLUTION
                            RELATIVE DIELECTRIC CONST: 13.000
                            CONDUCTIVITY:  5.000E-03 MHOS/METER
                            COMPLEX DIELECTRIC CONSTANT:  1.3000E+01-4.9712E+00j


                             ---------- MATRIX TIMING ----------
                               FILL: 10 msec  FACTOR: 10 msec


                        --------- ANTENNA INPUT PARAMETERS ---------
  TAG   SEG       VOLTAGE (VOLTS)         CURRENT (AMPS)         IMPEDANCE (OHMS)        ADMITTANCE (MHOS)     POWER
  No:   No:     REAL      IMAGINARY     REAL      IMAGINARY     REAL      IMAGINARY    REAL       IMAGINARY   (WATTS)
    2    62  1.0000E+00  0.0000E+00  1.1465E-04 -5.3814E-04  3.7871E+02  1.7776E+03  1.1465E-04 -5.3814E-04  5.7326E-05


                               ---------- POWER BUDGET ---------
                               INPUT POWER   =  5.7326E-05 Watts
                               RADIATED POWER=  4.8460E-05 Watts
                               STRUCTURE LOSS=  8.8660E-06 Watts
                               NETWORK LOSS  =  0.0000E+00 Watts
                               EFFICIENCY    =   84.53 Percent


                             ---------- RADIATION PATTERNS -----------

                             RANGE:  1.000000E+03 METERS
                             EXP(-JKR)/R:  1.00000E-03 AT PHASE: -110.47 DEGREES

 ---- ANGLES -----     ----- POWER GAINS -----       ---- POLARIZATION ----   ---- E(THETA) ----    ----- E(PHI) ------
  THETA      PHI       VERTC    HORIZ    TOTAL       AXIAL      TILT  SENSE   MAGNITUDE    PHASE    MAGNITUDE     PHASE
 DEGREES   DEGREES        DB       DB       DB       RATIO   DEGREES            VOLTS/M   DEGREES     VOLTS/M   DEGREES
    0.00      0.00     -1.75  -999.99    -1.75      0.0000      0.00 LINEAR  4.7926E-05   -181.04  0.0000E+00   -110.47
    5.00      0.00     -1.75  -999.99    -1.75      0.0000      0.00 LINEAR  4.7913E-05   -181.00  0.0000E+00   -110.47
   10.00      0.00     -1.76  -999.99    -1.76      0.0000      0.00 LINEAR  4.7885E-05   -180.88  0.0000E+00   -110.47
   15.00      0.00     -1.76  -999.99    -1.76      0.0000      0.00 LINEAR  4.7871E-05   -180.69  0.0000E+00   -110.47
   20.00      0.00     -1.75  -999.99    -1.75      0.0000      0.00 LINEAR  4.7919E-05   -180.43  0.0000E+00   -110.47
   25.00      0.00     -1.72  -999.99    -1.72      0.0000      0.00 LINEAR  4.8094E-05   -180.14  0.0000E+00   -110.47
   30.00      0.00     -1.65  -999.99    -1.65      0.0000      0.00 LINEAR  4.8470E-05   -179.85  0.0000E+00   -110.47
   35.00      0.00     -1.54  -999.99    -1.54      0.0000      0.00 LINEAR  4.9121E-05   -179.60  0.0000E+00   -110.47
   40.00      0.00     -1.37  -999.99    -1.37      0.0000      0.00 LINEAR  5.0094E-05   -179.45  0.0000E+00   -110.47
   45.00      0.00     -1.14  -999.99    -1.14      0.0000      0.00 LINEAR  5.1387E-05   -179.43  0.0000E+00   -110.47
   50.00      0.00     -0.89  -999.99    -0.89      0.0000      0.00 LINEAR  5.2912E-05   -179.59  0.0000E+00   -110.47
   55.00      0.00     -0.64  -999.99    -0.64      0.0000      0.00 LINEAR  5.4460E-05   -179.93  0.0000E+00   -110.47
   60.00      0.00     -0.45  -999.99    -0.45      0.0000      0.00 LINEAR  5.5668E-05   -180.45  0.0000E+00   -110.47
   65.00      0.00     -0.40  -999.99    -0.40      0.0000      0.00 LINEAR  5.5988E-05   -181.11  0.0000E+00   -110.47
   70.00      0.00     -0.61  -999.99    -0.61      0.0000      0.00 LINEAR  5.4651E-05   -181.92  0.0000E+00   -110.47
   75.00      0.00     -1.28  -999.99    -1.28      0.0000      0.00 LINEAR  5.0596E-05   -182.88  0.0000E+00   -110.47
   80.00      0.00     -2.84  -999.99    -2.84      0.0000      0.00 LINEAR  4.2293E-05   -184.07  0.0000E+00   -110.47
   85.00      0.00     -6.67  -999.99    -6.67      0.0000      0.00 LINEAR  2.7192E-05   -185.66  0.0000E+00   -110.47
   90.00      0.00   -999.99  -999.99  -999.99      0.0000      0.00         2.1409E-15     -8.14  0.0000E+00   -110.47
    0.00      5.00     -1.78   -22.94    -1.75      0.0000     -5.00 LINEAR  4.7743E-05   -181.04  4.1770E-06     -1.04
    5.00      5.00     -1.79   -22.85    -1.75      0.0006     -5.06 LEFT    4.7731E-05   -181.00  4.2231E-06     -1.40
   10.00      5.00     -1.79   -22.57    -1.75      0.0025     -5.22 LEFT    4.7705E-05   -180.88  4.3606E-06     -2.46
   15.00      5.00     -1.79   -22.13    -1.75      0.0056     -5.48 LEFT    4.7694E-05   -180.69  4.5872E-06     -4.07
   20.00      5.00     -1.78   -21.56    -1.74      0.0099     -5.83 LEFT    4.7745E-05   -180.44  4.8972E-06     -6.04
   25.00      5.00     -1.75   -20.91    -1.70      0.0153     -6.23 LEFT    4.7923E-05   -180.15  5.2794E-06     -8.20
   30.00      5.00     -1.68   -20.22    -1.62      0.0213     -6.64 LEFT    4.8303E-05   -179.86  5.7153E-06    -10.39
   35.00      5.00     -1.57   -19.55    -1.50      0.0277     -7.02 LEFT    4.8955E-05   -179.61  6.1770E-06    -12.48
   40.00      5.00     -1.39   -18.94    -1.32      0.0337     -7.32 LEFT    4.9929E-05   -179.46  6.6269E-06    -14.41
   45.00      5.00     -1.17   -18.44    -1.09      0.0387     -7.49 LEFT    5.1221E-05   -179.44  7.0170E-06    -16.13
   50.00      5.00     -0.92   -18.11    -0.84      0.0420     -7.50 LEFT    5.2742E-05   -179.60  7.2914E-06    -17.62
   55.00      5.00     -0.67   -17.99    -0.59      0.0435     -7.35 LEFT    5.4286E-05   -179.94  7.3892E-06    -18.88
   60.00      5.00     -0.48   -18.16    -0.40      0.0429     -7.04 LEFT    5.5490E-05   -180.46  7.2501E-06    -19.92
   65.00      5.00     -0.43   -18.68    -0.36      0.0405     -6.58 LEFT    5.5808E-05   -181.13  6.8217E-06    -20.74
   70.00      5.00     -0.64   -19.70    -0.58      0.0366     -6.01 LEFT    5.4473E-05   -181.93  6.0678E-06    -21.34
   75.00      5.00     -1.31   -21.42    -1.27      0.0316     -5.34 LEFT    5.0431E-05   -182.89  4.9757E-06    -21.74
   80.00      5.00     -2.87   -24.33    -2.83      0.0258     -4.60 LEFT    4.2153E-05   -184.08  3.5627E-06    -21.94
   85.00      5.00     -6.70   -29.89    -6.68      0.0193     -3.81 LEFT    2.7102E-05   -185.67  1.8778E-06    -21.96
   90.00      5.00   -999.99  -999.99  -999.99      0.0000      0.00         2.1338E-15     -8.15  1.1356E-16   -201.78
    0.00     10.00     -1.88   -16.96    -1.75      0.0000    -10.00 LINEAR  4.7198E-05   -181.04  8.3222E-06     -1.04
    5.00     10.00     -1.89   -16.86    -1.75      0.0012    -10.11 LEFT    4.7188E-05   -181.00  8.4143E-06     -1.40
   10.00     10.00     -1.89   -16.58    -1.74      0.0049    -10.43 LEFT    4.7167E-05   -180.88  8.6892E-06     -2.46
   15.00     10.00     -1.89   -16.14    -1.73      0.0110    -10.95 LEFT    4.7164E-05   -180.69  9.1423E-06     -4.07
   20.00     10.00     -1.88   -15.57    -1.70      0.0194    -11.63 LEFT    4.7225E-05   -180.44  9.7621E-06     -6.05
   25.00     10.00     -1.84   -14.92    -1.64      0.0297    -12.41 LEFT    4.7413E-05   -180.16  1.0526E-05     -8.21
   30.00     10.00     -1.77   -14.23    -1.53      0.0413    -13.22 LEFT    4.7801E-05   -179.87  1.1398E-05    -10.40
   35.00     10.00     -1.65   -13.55    -1.38      0.0533    -13.96 LEFT    4.8459E-05   -179.63  1.2322E-05    -12.49
   40.00     10.00     -1.48   -12.94    -1.18      0.0646    -14.55 LEFT    4.9434E-05   -179.48  1.3223E-05    -14.42
   45.00     10.00     -1.26   -12.44    -0.94      0.0740    -14.90 LEFT    5.0721E-05   -179.47  1.4004E-05    -16.14
   50.00     10.00     -1.00   -12.10    -0.68      0.0804    -14.94 LEFT    5.2232E-05   -179.64  1.4555E-05    -17.63
   55.00     10.00     -0.75   -11.98    -0.44      0.0833    -14.66 LEFT    5.3763E-05   -179.98  1.4753E-05    -18.89
   60.00     10.00     -0.56   -12.15    -0.27      0.0825    -14.05 LEFT    5.4954E-05   -180.49  1.4477E-05    -19.93
   65.00     10.00     -0.51   -12.68    -0.26      0.0784    -13.16 LEFT    5.5266E-05   -181.16  1.3624E-05    -20.74
   70.00     10.00     -0.72   -13.69    -0.51      0.0713    -12.03 LEFT    5.3940E-05   -181.97  1.2119E-05    -21.35
   75.00     10.00     -1.39   -15.42    -1.23      0.0620    -10.71 LEFT    4.9933E-05   -182.93  9.9391E-06    -21.75
   80.00     10.00     -2.95   -18.32    -2.83      0.0509     -9.24 LEFT    4.1735E-05   -184.11  7.1170E-06    -21.95
   85.00     10.00     -6.79   -23.88    -6.70      0.0385     -7.66 LEFT    2.6832E-05   -185.70  3.7513E-06    -21.96
   90.00     10.00   -999.99  -999.99  -999.99      0.0000      0.00         2.1125E-15     -8.18  2.2686E-16   -201.79
    0.00     15.00     -2.05   -13.49    -1.75      0.0000    -15.00 LINEAR  4.6293E-05   -181.04  1.2404E-05     -1.04
    5.00     15.00     -2.05   -13.39    -1.75      0.0018    -15.16 LEFT    4.6286E-05   -181.00  1.2542E-05     -1.41
   10.00     15.00     -2.06   -13.11    -1.73      0.0072    -15.63 LEFT    4.6273E-05   -180.88  1.2954E-05     -2.46
   15.00     15.00     -2.05   -12.67    -1.69      0.0160    -16.39 LEFT    4.6283E-05   -180.70  1.3633E-05     -4.08
   20.00     15.00     -2.04   -12.10    -1.63      0.0279    -17.37 LEFT    4.6360E-05   -180.46  1.4562E-05     -6.06
   25.00     15.00     -2.00   -11.44    -1.53      0.0425    -18.51 LEFT    4.6564E-05   -180.18  1.5709E-05     -8.22
   30.00     15.00     -1.93   -10.74    -1.39      0.0586    -19.68 LEFT    4.6966E-05   -179.90  1.7017E-05    -10.41
   35.00     15.00     -1.80   -10.06    -1.20      0.0751    -20.76 LEFT    4.7632E-05   -179.67  1.8403E-05    -12.50
   40.00     15.00     -1.63    -9.45    -0.96      0.0905    -21.63 LEFT    4.8607E-05   -179.53  1.9756E-05    -14.43
   45.00     15.00     -1.40    -8.95    -0.70      0.1032    -22.15 LEFT    4.9885E-05   -179.52  2.0931E-05    -16.15
   50.00     15.00     -1.15    -8.61    -0.43      0.1121    -22.24 LEFT    5.1380E-05   -179.69  2.1761E-05    -17.64
   55.00     15.00     -0.89    -8.49    -0.20      0.1165    -21.85 LEFT    5.2888E-05   -180.04  2.2064E-05    -18.91
   60.00     15.00     -0.70    -8.65    -0.06      0.1162    -21.00 LEFT    5.4058E-05   -180.55  2.1657E-05    -19.94
   65.00     15.00     -0.66    -9.18    -0.09      0.1113    -19.72 LEFT    5.4360E-05   -181.22  2.0385E-05    -20.76
   70.00     15.00     -0.87   -10.19    -0.39      0.1024    -18.08 LEFT    5.3049E-05   -182.02  1.8137E-05    -21.36
   75.00     15.00     -1.54   -11.91    -1.16      0.0901    -16.14 LEFT    4.9103E-05   -182.98  1.4876E-05    -21.77
   80.00     15.00     -3.10   -14.81    -2.82      0.0748    -13.96 LEFT    4.1037E-05   -184.16  1.0653E-05    -21.97
   85.00     15.00     -6.94   -20.37    -6.74      0.0571    -11.59 LEFT    2.6381E-05   -185.76  5.6156E-06    -21.98
   90.00     15.00   -999.99  -999.99  -999.99      0.0000      0.00         2.0770E-15     -8.24  3.3961E-16   -201.80
    0.00     20.00     -2.29   -11.07    -1.75      0.0000    -20.00 LINEAR  4.5035E-05   -181.04  1.6392E-05     -1.04
    5.00     20.00     -2.29   -10.97    -1.74      0.0023    -20.21 LEFT    4.5032E-05   -181.00  1.6575E-05     -1.41
   10.00     20.00     -2.29   -10.69    -1.71      0.0092    -20.81 LEFT    4.5031E-05   -180.89  1.7124E-05     -2.47
   15.00     20.00     -2.29   -10.24    -1.64      0.0203    -21.78 LEFT    4.5057E-05   -180.71  1.8028E-05     -4.08
   20.00     20.00     -2.27    -9.67    -1.54      0.0352    -23.04 LEFT    4.5154E-05   -180.47  1.9266E-05     -6.07
   25.00     20.00     -2.22    -9.00    -1.40      0.0531    -24.48 LEFT    4.5379E-05   -180.21  2.0793E-05     -8.24
   30.00     20.00     -2.15    -8.30    -1.20      0.0725    -25.97 LEFT    4.5797E-05   -179.94  2.2536E-05    -10.43
   35.00     20.00     -2.02    -7.62    -0.96      0.0920    -27.35 LEFT    4.6473E-05   -179.71  2.4386E-05    -12.52
   40.00     20.00     -1.84    -7.00    -0.68      0.1099    -28.46 LEFT    4.7447E-05   -179.58  2.6192E-05    -14.45
   45.00     20.00     -1.61    -6.49    -0.39      0.1247    -29.14 LEFT    4.8712E-05   -179.59  2.7764E-05    -16.17
   50.00     20.00     -1.35    -6.15    -0.11      0.1353    -29.29 LEFT    5.0182E-05   -179.77  2.8878E-05    -17.66
   55.00     20.00     -1.10    -6.03     0.11      0.1411    -28.85 LEFT    5.1658E-05   -180.12  2.9291E-05    -18.93
   60.00     20.00     -0.91    -6.19     0.22      0.1418    -27.81 LEFT    5.2799E-05   -180.63  2.8761E-05    -19.96
   65.00     20.00     -0.86    -6.71     0.14      0.1376    -26.22 LEFT    5.3086E-05   -181.30  2.7079E-05    -20.78
   70.00     20.00     -1.08    -7.72    -0.22      0.1284    -24.13 LEFT    5.1798E-05   -182.10  2.4099E-05    -21.39
   75.00     20.00     -1.75    -9.44    -1.07      0.1147    -21.63 LEFT    4.7937E-05   -183.06  1.9770E-05    -21.79
   80.00     20.00     -3.31   -12.34    -2.80      0.0967    -18.79 LEFT    4.0057E-05   -184.24  1.4160E-05    -21.99
   85.00     20.00     -7.15   -17.90    -6.80      0.0749    -15.65 LEFT    2.5749E-05   -185.83  7.4646E-06    -22.00
   90.00     20.00   -999.99  -999.99  -999.99      0.0000      0.00         2.0271E-15     -8.31  4.5143E-16   -201.82
    0.00     25.00     -2.61    -9.23    -1.75      0.0000    -25.00 LINEAR  4.3435E-05   -181.04  2.0254E-05     -1.04
    5.00     25.00     -2.60    -9.13    -1.73      0.0027    -25.25 LEFT    4.3437E-05   -181.00  2.0483E-05     -1.41
   10.00     25.00     -2.60    -8.85    -1.68      0.0109    -25.97 LEFT    4.3448E-05   -180.89  2.1167E-05     -2.47
   15.00     25.00     -2.59    -8.40    -1.58      0.0239    -27.12 LEFT    4.3494E-05   -180.72  2.2295E-05     -4.09
   20.00     25.00     -2.57    -7.82    -1.43      0.0411    -28.60 LEFT    4.3613E-05   -180.49  2.3839E-05     -6.08
   25.00     25.00     -2.52    -7.15    -1.23      0.0611    -30.29 LEFT    4.3861E-05   -180.24  2.5745E-05     -8.25
   30.00     25.00     -2.43    -6.44    -0.98      0.0825    -32.04 LEFT    4.4298E-05   -179.98  2.7923E-05    -10.45
   35.00     25.00     -2.30    -5.75    -0.68      0.1034    -33.65 LEFT    4.4982E-05   -179.77  3.0235E-05    -12.55
   40.00     25.00     -2.12    -5.13    -0.35      0.1224    -34.96 LEFT    4.5952E-05   -179.66  3.2495E-05    -14.47
   45.00     25.00     -1.88    -4.61    -0.03      0.1380    -35.78 LEFT    4.7198E-05   -179.67  3.4466E-05    -16.19
   50.00     25.00     -1.62    -4.27     0.26      0.1495    -36.00 LEFT    4.8634E-05   -179.86  3.5868E-05    -17.69
   55.00     25.00     -1.37    -4.14     0.47      0.1565    -35.55 LEFT    5.0070E-05   -180.21  3.6399E-05    -18.95
   60.00     25.00     -1.18    -4.30     0.55      0.1588    -34.40 LEFT    5.1172E-05   -180.73  3.5756E-05    -19.99
   65.00     25.00     -1.14    -4.82     0.41      0.1560    -32.58 LEFT    5.1443E-05   -181.39  3.3677E-05    -20.80
   70.00     25.00     -1.35    -5.83    -0.03      0.1481    -30.16 LEFT    5.0185E-05   -182.19  2.9980E-05    -21.41
   75.00     25.00     -2.03    -7.54    -0.95      0.1348    -27.19 LEFT    4.6435E-05   -183.15  2.4600E-05    -21.81
   80.00     25.00     -3.59   -10.44    -2.77      0.1159    -23.74 LEFT    3.8795E-05   -184.33  1.7622E-05    -22.01
   85.00     25.00     -7.43   -16.00    -6.86      0.0915    -19.87 LEFT    2.4935E-05   -185.92  9.2907E-06    -22.02
   90.00     25.00   -999.99  -999.99  -999.99      0.0000      0.00         1.9630E-15     -8.40  5.6189E-16   -201.85
    0.00     30.00     -3.00    -7.77    -1.75      0.0000    -30.00 LINEAR  4.1505E-05   -181.04  2.3963E-05     -1.04
    5.00     30.00     -3.00    -7.67    -1.72      0.0031    -30.28 LEFT    4.1511E-05   -181.00  2.4236E-05     -1.41
   10.00     30.00     -2.99    -7.38    -1.65      0.0122    -31.09 LEFT    4.1536E-05   -180.90  2.5054E-05     -2.48
   15.00     30.00     -2.98    -6.93    -1.51      0.0266    -32.38 LEFT    4.1602E-05   -180.73  2.6402E-05     -4.10
   20.00     30.00     -2.95    -6.34    -1.31      0.0452    -34.04 LEFT    4.1745E-05   -180.52  2.8249E-05     -6.10
   25.00     30.00     -2.89    -5.67    -1.05      0.0665    -35.92 LEFT    4.2016E-05   -180.28  3.0531E-05     -8.28
   30.00     30.00     -2.80    -4.96    -0.74      0.0885    -37.85 LEFT    4.2470E-05   -180.04  3.3139E-05    -10.47
   35.00     30.00     -2.66    -4.26    -0.38      0.1096    -39.63 LEFT    4.3161E-05   -179.84  3.5911E-05    -12.57
   40.00     30.00     -2.47    -3.62     0.00      0.1284    -41.07 LEFT    4.4121E-05   -179.74  3.8624E-05    -14.50
   45.00     30.00     -2.23    -3.11     0.36      0.1438    -42.00 LEFT    4.5340E-05   -179.77  4.0995E-05    -16.22
   50.00     30.00     -1.97    -2.76     0.67      0.1555    -42.28 LEFT    4.6734E-05   -179.96  4.2690E-05    -17.72
   55.00     30.00     -1.72    -2.62     0.86      0.1633    -41.85 LEFT    4.8118E-05   -180.32  4.3346E-05    -18.98
   60.00     30.00     -1.53    -2.77     0.90      0.1671    -40.67 LEFT    4.9174E-05   -180.84  4.2601E-05    -20.02
   65.00     30.00     -1.48    -3.29     0.72      0.1665    -38.74 LEFT    4.9426E-05   -181.50  4.0141E-05    -20.83
   70.00     30.00     -1.70    -4.30     0.20      0.1609    -36.09 LEFT    4.8206E-05   -182.30  3.5746E-05    -21.44
   75.00     30.00     -2.38    -6.01    -0.81      0.1496    -32.77 LEFT    4.4594E-05   -183.25  2.9339E-05    -21.84
   80.00     30.00     -3.94    -8.91    -2.74      0.1318    -28.82 LEFT    3.7250E-05   -184.43  2.1021E-05    -22.04
   85.00     30.00     -7.78   -14.47    -6.94      0.1065    -24.28 LEFT    2.3939E-05   -186.02  1.1084E-05    -22.05
   90.00     30.00   -999.99  -999.99  -999.99      0.0000      0.00         1.8845E-15     -8.50  6.7037E-16   -201.88
    0.00     35.00     -3.48    -6.58    -1.75      0.0000    -35.00 LINEAR  3.9258E-05   -181.04  2.7489E-05     -1.04
    5.00     35.00     -3.48    -6.48    -1.72      0.0034    -35.30 LEFT    3.9269E-05   -181.00  2.7806E-05     -1.41
   10.00     35.00     -3.47    -6.19    -1.61      0.0131    -36.18 LEFT    3.9307E-05   -180.90  2.8755E-05     -2.48
   15.00     35.00     -3.45    -5.73    -1.43      0.0284    -37.57 LEFT    3.9393E-05   -180.75  3.0320E-05     -4.12
   20.00     35.00     -3.42    -5.13    -1.18      0.0477    -39.35 LEFT    3.9560E-05   -180.55  3.2464E-05     -6.12
   25.00     35.00     -3.35    -4.45    -0.86      0.0692    -41.35 LEFT    3.9851E-05   -180.32  3.5115E-05     -8.30
   30.00     35.00     -3.25    -3.73    -0.48      0.0909    -43.39 LEFT    4.0319E-05   -180.09  3.8147E-05    -10.50
   35.00     35.00     -3.10    -3.03    -0.06      0.1111    -45.26 LEFT    4.1011E-05   -179.92  4.1373E-05    -12.60
   40.00     35.00     -2.91    -2.39     0.37      0.1288    -46.77 LEFT    4.1955E-05   -179.83  4.4536E-05    -14.53
   45.00     35.00     -2.66    -1.86     0.76      0.1433    -47.75 LEFT    4.3138E-05   -179.88  4.7306E-05    -16.25
   50.00     35.00     -2.40    -1.51     1.08      0.1546    -48.09 LEFT    4.4479E-05   -180.08  4.9297E-05    -17.75
   55.00     35.00     -2.14    -1.37     1.27      0.1628    -47.70 LEFT    4.5802E-05   -180.44  5.0085E-05    -19.01
   60.00     35.00     -1.96    -1.51     1.28      0.1679    -46.54 LEFT    4.6804E-05   -180.96  4.9251E-05    -20.05
   65.00     35.00     -1.91    -2.03     1.04      0.1695    -44.61 LEFT    4.7035E-05   -181.63  4.6428E-05    -20.86
   70.00     35.00     -2.13    -3.03     0.45      0.1668    -41.88 LEFT    4.5862E-05   -182.42  4.1361E-05    -21.47
   75.00     35.00     -2.81    -4.74    -0.66      0.1587    -38.35 LEFT    4.2415E-05   -183.37  3.3957E-05    -21.87
   80.00     35.00     -4.38    -7.64    -2.70      0.1435    -34.02 LEFT    3.5422E-05   -184.54  2.4335E-05    -22.07
   85.00     35.00     -8.22   -13.20    -7.02      0.1193    -28.91 LEFT    2.2761E-05   -186.13  1.2833E-05    -22.08
   90.00     35.00   -999.99  -999.99  -999.99      0.0000      0.00         1.7917E-15     -8.61  7.7618E-16   -201.91
    0.00     40.00     -4.07    -5.59    -1.75      0.0000    -40.00 LINEAR  3.6713E-05   -181.04  3.0806E-05     -1.04
    5.00     40.00     -4.06    -5.49    -1.71      0.0035    -40.32 LEFT    3.6728E-05   -181.00  3.1166E-05     -1.41
   10.00     40.00     -4.05    -5.19    -1.57      0.0137    -41.24 LEFT    3.6778E-05   -180.91  3.2242E-05     -2.49
   15.00     40.00     -4.03    -4.73    -1.35      0.0293    -42.68 LEFT    3.6882E-05   -180.76  3.4017E-05     -4.13
   20.00     40.00     -3.98    -4.13    -1.04      0.0486    -44.52 LEFT    3.7068E-05   -180.57  3.6451E-05     -6.14
   25.00     40.00     -3.91    -3.44    -0.66      0.0695    -46.57 LEFT    3.7377E-05   -180.36  3.9461E-05     -8.32
   30.00     40.00     -3.80    -2.71    -0.21      0.0900    -48.64 LEFT    3.7853E-05   -180.15  4.2908E-05    -10.53
   35.00     40.00     -3.64    -2.00     0.27      0.1087    -50.53 LEFT    3.8539E-05   -180.00  4.6579E-05    -12.63
   40.00     40.00     -3.44    -1.35     0.74      0.1247    -52.04 LEFT    3.9457E-05   -179.93  5.0183E-05    -14.56
   45.00     40.00     -3.19    -0.82     1.16      0.1378    -53.04 LEFT    4.0594E-05   -179.99  5.3348E-05    -16.29
   50.00     40.00     -2.92    -0.46     1.49      0.1483    -53.41 LEFT    4.1871E-05   -180.20  5.5634E-05    -17.78
   55.00     40.00     -2.67    -0.31     1.68      0.1565    -53.07 LEFT    4.3121E-05   -180.57  5.6561E-05    -19.04
   60.00     40.00     -2.48    -0.45     1.66      0.1625    -52.00 LEFT    4.4061E-05   -181.09  5.5651E-05    -20.08
   65.00     40.00     -2.44    -0.96     1.37      0.1660    -50.13 LEFT    4.4269E-05   -181.76  5.2487E-05    -20.90
   70.00     40.00     -2.66    -1.96     0.71      0.1663    -47.44 LEFT    4.3155E-05   -182.55  4.6777E-05    -21.50
   75.00     40.00     -3.34    -3.67    -0.49      0.1619    -43.86 LEFT    3.9900E-05   -183.49  3.8416E-05    -21.90
   80.00     40.00     -4.91    -6.56    -2.65      0.1505    -39.32 LEFT    3.3314E-05   -184.67  2.7536E-05    -22.11
   85.00     40.00     -8.75   -12.12    -7.11      0.1291    -33.77 LEFT    2.1404E-05   -186.25  1.4523E-05    -22.12
   90.00     40.00   -999.99  -999.99  -999.99      0.0000      0.00         1.6848E-15     -8.73  8.7844E-16   -201.94
    0.00     45.00     -4.76    -4.76    -1.75      0.0000    -45.00 LINEAR  3.3889E-05   -181.04  3.3889E-05     -1.04
    5.00     45.00     -4.76    -4.66    -1.70      0.0036    -45.32 LEFT    3.3907E-05   -181.01  3.4289E-05     -1.41
   10.00     45.00     -4.74    -4.36    -1.54      0.0138    -46.25 LEFT    3.3967E-05   -180.92  3.5487E-05     -2.50
   15.00     45.00     -4.71    -3.89    -1.27      0.0292    -47.71 LEFT    3.4085E-05   -180.78  3.7465E-05     -4.14
   20.00     45.00     -4.66    -3.28    -0.91      0.0479    -49.54 LEFT    3.4287E-05   -180.60  4.0177E-05     -6.16
   25.00     45.00     -4.58    -2.59    -0.46      0.0676    -51.58 LEFT    3.4606E-05   -180.40  4.3534E-05     -8.35
   30.00     45.00     -4.46    -1.85     0.05      0.0865    -53.61 LEFT    3.5082E-05   -180.22  4.7381E-05    -10.56
   35.00     45.00     -4.30    -1.13     0.58      0.1032    -55.45 LEFT    3.5752E-05   -180.08  5.1483E-05    -12.66
   40.00     45.00     -4.08    -0.47     1.10      0.1172    -56.92 LEFT    3.6634E-05   -180.03  5.5515E-05    -14.60
   45.00     45.00     -3.83     0.06     1.55      0.1288    -57.89 LEFT    3.7712E-05   -180.10  5.9066E-05    -16.32
   50.00     45.00     -3.56     0.44     1.89      0.1383    -58.27 LEFT    3.8912E-05   -180.32  6.1644E-05    -17.81
   55.00     45.00     -3.30     0.59     2.07      0.1461    -58.00 LEFT    4.0079E-05   -180.70  6.2713E-05    -19.08
   60.00     45.00     -3.12     0.45     2.03      0.1526    -57.02 LEFT    4.0950E-05   -181.23  6.1741E-05    -20.11
   65.00     45.00     -3.08    -0.05     1.70      0.1575    -55.29 LEFT    4.1135E-05   -181.89  5.8260E-05    -20.93
   70.00     45.00     -3.30    -1.05     0.98      0.1603    -52.74 LEFT    4.0089E-05   -182.68  5.1942E-05    -21.54
   75.00     45.00     -3.99    -2.76    -0.32      0.1595    -49.24 LEFT    3.7055E-05   -183.62  4.2672E-05    -21.94
   80.00     45.00     -5.55    -5.65    -2.59      0.1526    -44.67 LEFT    3.0932E-05   -184.79  3.0594E-05    -22.14
   85.00     45.00     -9.40   -11.21    -7.20      0.1355    -38.86 LEFT    1.9870E-05   -186.37  1.6138E-05    -22.15
   90.00     45.00   -999.99  -999.99  -999.99      0.0000      0.00         1.5639E-15     -8.85  9.7615E-16   -201.97
    0.00     50.00     -5.59    -4.07    -1.75      0.0000    -50.00 LINEAR  3.0806E-05   -181.04  3.6713E-05     -1.04
    5.00     50.00     -5.58    -3.96    -1.69      0.0035    -50.32 LEFT    3.0827E-05   -181.01  3.7152E-05     -1.42
   10.00     50.00     -5.56    -3.66    -1.50      0.0134    -51.23 LEFT    3.0895E-05   -180.93  3.8466E-05     -2.50
   15.00     50.00     -5.53    -3.18    -1.19      0.0283    -52.65 LEFT    3.1022E-05   -180.80  4.0635E-05     -4.15
   20.00     50.00     -5.47    -2.57    -0.77      0.0458    -54.43 LEFT    3.1232E-05   -180.63  4.3611E-05     -6.18
   25.00     50.00     -5.38    -1.87    -0.27      0.0639    -56.39 LEFT    3.1553E-05   -180.45  4.7297E-05     -8.37
   30.00     50.00     -5.25    -1.12     0.30      0.0807    -58.33 LEFT    3.2020E-05   -180.28  5.1524E-05    -10.58
   35.00     50.00     -5.08    -0.39     0.88      0.0953    -60.06 LEFT    3.2662E-05   -180.16  5.6037E-05    -12.69
   40.00     50.00     -4.86     0.27     1.43      0.1074    -61.44 LEFT    3.3495E-05   -180.12  6.0481E-05    -14.63
   45.00     50.00     -4.61     0.82     1.91      0.1173    -62.36 LEFT    3.4502E-05   -180.21  6.4402E-05    -16.35
   50.00     50.00     -4.33     1.19     2.27      0.1256    -62.73 LEFT    3.5613E-05   -180.45  6.7263E-05    -17.85
   55.00     50.00     -4.07     1.35     2.44      0.1329    -62.51 LEFT    3.6685E-05   -180.83  6.8477E-05    -19.11
   60.00     50.00     -3.89     1.22     2.39      0.1394    -61.65 LEFT    3.7480E-05   -181.36  6.7454E-05    -20.15
   65.00     50.00     -3.85     0.72     2.02      0.1452    -60.10 LEFT    3.7642E-05   -182.02  6.3683E-05    -20.96
   70.00     50.00     -4.07    -0.27     1.24      0.1498    -57.75 LEFT    3.6675E-05   -182.81  5.6801E-05    -21.57
   75.00     50.00     -4.76    -1.98    -0.14      0.1521    -54.46 LEFT    3.3890E-05   -183.75  4.6678E-05    -21.97
   80.00     50.00     -6.33    -4.87    -2.53      0.1495    -50.03 LEFT    2.8284E-05   -184.91  3.3473E-05    -22.17
   85.00     50.00    -10.18   -10.42    -7.29      0.1377    -44.16 LEFT    1.8166E-05   -186.50  1.7659E-05    -22.18
   90.00     50.00   -999.99  -999.99  -999.99      0.0000      0.00         1.4297E-15     -8.97  1.0682E-15   -202.01
    0.00     55.00     -6.58    -3.48    -1.75      0.0000    -55.00 LINEAR  2.7489E-05   -181.04  3.9258E-05     -1.04
    5.00     55.00     -6.57    -3.38    -1.68      0.0033    -55.30 LEFT    2.7512E-05   -181.01  3.9734E-05     -1.42
   10.00     55.00     -6.55    -3.07    -1.46      0.0127    -56.17 LEFT    2.7583E-05   -180.93  4.1154E-05     -2.51
   15.00     55.00     -6.51    -2.59    -1.11      0.0265    -57.52 LEFT    2.7714E-05   -180.81  4.3501E-05     -4.17
   20.00     55.00     -6.44    -1.97    -0.64      0.0425    -59.19 LEFT    2.7924E-05   -180.66  4.6723E-05     -6.19
   25.00     55.00     -6.35    -1.26    -0.09      0.0587    -61.01 LEFT    2.8238E-05   -180.49  5.0716E-05     -8.40
   30.00     55.00     -6.21    -0.51     0.53      0.0733    -62.80 LEFT    2.8684E-05   -180.34  5.5299E-05    -10.61
   35.00     55.00     -6.03     0.23     1.15      0.0857    -64.39 LEFT    2.9286E-05   -180.24  6.0196E-05    -12.72
   40.00     55.00     -5.80     0.90     1.74      0.0959    -65.65 LEFT    3.0057E-05   -180.22  6.5025E-05    -14.66
   45.00     55.00     -5.54     1.45     2.24      0.1042    -66.48 LEFT    3.0978E-05   -180.32  6.9296E-05    -16.38
   50.00     55.00     -5.26     1.84     2.61      0.1113    -66.83 LEFT    3.1987E-05   -180.57  7.2428E-05    -17.88
   55.00     55.00     -5.00     2.00     2.79      0.1178    -66.66 LEFT    3.2955E-05   -180.96  7.3782E-05    -19.14
   60.00     55.00     -4.82     1.87     2.71      0.1240    -65.93 LEFT    3.3667E-05   -181.49  7.2722E-05    -20.18
   65.00     55.00     -4.78     1.38     2.32      0.1301    -64.56 LEFT    3.3806E-05   -182.15  6.8689E-05    -20.99
   70.00     55.00     -5.01     0.39     1.49      0.1359    -62.47 LEFT    3.2928E-05   -182.94  6.1290E-05    -21.60
   75.00     55.00     -5.70    -1.32     0.03      0.1404    -59.49 LEFT    3.0420E-05   -183.87  5.0383E-05    -22.00
   80.00     55.00     -7.27    -4.20    -2.46      0.1416    -55.34 LEFT    2.5382E-05   -185.04  3.6138E-05    -22.20
   85.00     55.00    -11.12    -9.76    -7.37      0.1352    -49.64 LEFT    1.6300E-05   -186.62  1.9067E-05    -22.21
   90.00     55.00   -999.99  -999.99  -999.99      0.0000      0.00         1.2828E-15     -9.09  1.1535E-15   -202.04
    0.00     60.00     -7.77    -3.00    -1.75      0.0000    -60.00 LINEAR  2.3963E-05   -181.04  4.1505E-05     -1.04
    5.00     60.00     -7.76    -2.89    -1.67      0.0031    -60.28 LEFT    2.3986E-05   -181.01  4.2012E-05     -1.42
   10.00     60.00     -7.74    -2.59    -1.43      0.0116    -61.08 LEFT    2.4057E-05   -180.94  4.3531E-05     -2.52
   15.00     60.00     -7.69    -2.10    -1.04      0.0241    -62.31 LEFT    2.4185E-05   -180.83  4.6039E-05     -4.18
   20.00     60.00     -7.62    -1.47    -0.53      0.0382    -63.83 LEFT    2.4387E-05   -180.69  4.9485E-05     -6.21
   25.00     60.00     -7.51    -0.75     0.08      0.0522    -65.47 LEFT    2.4683E-05   -180.53  5.3757E-05     -8.42
   30.00     60.00     -7.37     0.01     0.74      0.0646    -67.07 LEFT    2.5095E-05   -180.40  5.8664E-05    -10.64
   35.00     60.00     -7.18     0.75     1.40      0.0749    -68.48 LEFT    2.5645E-05   -180.31  6.3913E-05    -12.75
   40.00     60.00     -6.95     1.43     2.02      0.0833    -69.59 LEFT    2.6339E-05   -180.31  6.9095E-05    -14.69
   45.00     60.00     -6.68     1.99     2.54      0.0901    -70.32 LEFT    2.7161E-05   -180.42  7.3689E-05    -16.41
   50.00     60.00     -6.40     2.38     2.92      0.0961    -70.64 LEFT    2.8055E-05   -180.68  7.7072E-05    -17.91
   55.00     60.00     -6.14     2.54     3.09      0.1017    -70.51 LEFT    2.8908E-05   -181.07  7.8561E-05    -19.17
   60.00     60.00     -5.96     2.42     3.01      0.1074    -69.90 LEFT    2.9530E-05   -181.61  7.7473E-05    -20.21
   65.00     60.00     -5.92     1.93     2.59      0.1133    -68.73 LEFT    2.9647E-05   -182.27  7.3209E-05    -21.02
   70.00     60.00     -6.15     0.94     1.72      0.1194    -66.93 LEFT    2.8871E-05   -183.05  6.5348E-05    -21.63
   75.00     60.00     -6.84    -0.76     0.20      0.1253    -64.31 LEFT    2.6665E-05   -183.99  5.3733E-05    -22.03
   80.00     60.00     -8.42    -3.64    -2.39      0.1293    -60.58 LEFT    2.2244E-05   -185.15  3.8549E-05    -22.23
   85.00     60.00    -12.27    -9.19    -7.45      0.1279    -55.27 LEFT    1.4283E-05   -186.73  2.0342E-05    -22.24
   90.00     60.00   -999.99  -999.99  -999.99      0.0000      0.00         1.1240E-15     -9.20  1.2306E-15   -202.07
    0.00     65.00     -9.23    -2.61    -1.75      0.0000    -65.00 LINEAR  2.0254E-05   -181.04  4.3435E-05     -1.04
    5.00     65.00     -9.22    -2.50    -1.66      0.0027    -65.25 LEFT    2.0276E-05   -181.01  4.3972E-05     -1.42
   10.00     65.00     -9.19    -2.19    -1.40      0.0102    -65.95 LEFT    2.0343E-05   -180.95  4.5576E-05     -2.52
   15.00     65.00     -9.14    -1.70    -0.98      0.0210    -67.03 LEFT    2.0463E-05   -180.84  4.8227E-05     -4.19
   20.00     65.00     -9.06    -1.06    -0.42      0.0331    -68.36 LEFT    2.0648E-05   -180.71  5.1870E-05     -6.23
   25.00     65.00     -8.95    -0.34     0.22      0.0447    -69.78 LEFT    2.0915E-05   -180.57  5.6389E-05     -8.44
   30.00     65.00     -8.80     0.43     0.92      0.0549    -71.16 LEFT    2.1282E-05   -180.45  6.1583E-05    -10.66
   35.00     65.00     -8.61     1.18     1.61      0.0633    -72.36 LEFT    2.1764E-05   -180.37  6.7143E-05    -12.78
   40.00     65.00     -8.37     1.86     2.26      0.0700    -73.30 LEFT    2.2368E-05   -180.39  7.2641E-05    -14.72
   45.00     65.00     -8.10     2.43     2.80      0.0755    -73.93 LEFT    2.3078E-05   -180.51  7.7523E-05    -16.44
   50.00     65.00     -7.81     2.82     3.18      0.0803    -74.21 LEFT    2.3845E-05   -180.78  8.1132E-05    -17.94
   55.00     65.00     -7.55     2.99     3.36      0.0850    -74.11 LEFT    2.4572E-05   -181.18  8.2744E-05    -19.20
   60.00     65.00     -7.37     2.88     3.27      0.0900    -73.61 LEFT    2.5100E-05   -181.71  8.1637E-05    -20.23
   65.00     65.00     -7.34     2.39     2.83      0.0953    -72.65 LEFT    2.5195E-05   -182.37  7.7175E-05    -21.05
   70.00     65.00     -7.57     1.40     1.92      0.1013    -71.15 LEFT    2.4530E-05   -183.16  6.8910E-05    -21.66
   75.00     65.00     -8.26    -0.29     0.35      0.1075    -68.93 LEFT    2.2651E-05   -184.09  5.6677E-05    -22.06
   80.00     65.00     -9.84    -3.18    -2.33      0.1132    -65.72 LEFT    1.8892E-05   -185.25  4.0669E-05    -22.26
   85.00     65.00    -13.69    -8.73    -7.52      0.1156    -61.00 LEFT    1.2129E-05   -186.83  2.1463E-05    -22.27
   90.00     65.00   -999.99  -999.99  -999.99      0.0000      0.00         9.5451E-16     -9.30  1.2985E-15   -202.09
    0.00     70.00    -11.07    -2.29    -1.75      0.0000    -70.00 LINEAR  1.6392E-05   -181.04  4.5035E-05     -1.04
    5.00     70.00    -11.06    -2.18    -1.65      0.0023    -70.21 LEFT    1.6411E-05   -181.01  4.5596E-05     -1.42
   10.00     70.00    -11.03    -1.87    -1.37      0.0085    -70.80 LEFT    1.6470E-05   -180.95  4.7273E-05     -2.53
   15.00     70.00    -10.97    -1.37    -0.92      0.0174    -71.70 LEFT    1.6574E-05   -180.85  5.0045E-05     -4.20
   20.00     70.00    -10.89    -0.74    -0.34      0.0272    -72.80 LEFT    1.6734E-05   -180.73  5.3855E-05     -6.24
   25.00     70.00    -10.77    -0.01     0.34      0.0366    -73.97 LEFT    1.6962E-05   -180.60  5.8584E-05     -8.46
   30.00     70.00    -10.62     0.76     1.07      0.0446    -75.10 LEFT    1.7272E-05   -180.49  6.4022E-05    -10.68
   35.00     70.00    -10.41     1.52     1.79      0.0511    -76.08 LEFT    1.7676E-05   -180.43  6.9848E-05    -12.80
   40.00     70.00    -10.17     2.21     2.45      0.0563    -76.84 LEFT    1.8177E-05   -180.45  7.5614E-05    -14.74
   45.00     70.00     -9.90     2.78     3.01      0.0605    -77.35 LEFT    1.8761E-05   -180.59  8.0743E-05    -16.46
   50.00     70.00     -9.61     3.18     3.40      0.0643    -77.58 LEFT    1.9390E-05   -180.86  8.4546E-05    -17.96
   55.00     70.00     -9.35     3.35     3.58      0.0681    -77.51 LEFT    1.9983E-05   -181.27  8.6267E-05    -19.22
   60.00     70.00     -9.16     3.24     3.48      0.0721    -77.12 LEFT    2.0412E-05   -181.81  8.5148E-05    -20.26
   65.00     70.00     -9.13     2.76     3.03      0.0767    -76.36 LEFT    2.0486E-05   -182.47  8.0522E-05    -21.07
   70.00     70.00     -9.37     1.77     2.10      0.0819    -75.16 LEFT    1.9942E-05   -183.25  7.1919E-05    -21.68
   75.00     70.00    -10.06     0.08     0.48      0.0879    -73.37 LEFT    1.8411E-05   -184.18  5.9165E-05    -22.08
   80.00     70.00    -11.64    -2.80    -2.27      0.0940    -70.74 LEFT    1.5353E-05   -185.34  4.2460E-05    -22.28
   85.00     70.00    -15.49    -8.35    -7.58      0.0987    -66.78 LEFT    9.8559E-06   -186.91  2.2411E-05    -22.29
   90.00     70.00   -999.99  -999.99  -999.99      0.0000      0.00         7.7558E-16     -9.39  1.3559E-15   -202.11
    0.00     75.00    -13.49    -2.05    -1.75      0.0000    -75.00 LINEAR  1.2404E-05   -181.04  4.6293E-05     -1.04
    5.00     75.00    -13.48    -1.94    -1.65      0.0018    -75.16 LEFT    1.2419E-05   -181.02  4.6873E-05     -1.42
   10.00     75.00    -13.45    -1.63    -1.35      0.0066    -75.62 LEFT    1.2467E-05   -180.96  4.8608E-05     -2.53
   15.00     75.00    -13.39    -1.13    -0.88      0.0134    -76.32 LEFT    1.2551E-05   -180.86  5.1476E-05     -4.21
   20.00     75.00    -13.30    -0.49    -0.27      0.0209    -77.17 LEFT    1.2678E-05   -180.75  5.5421E-05     -6.25
   25.00     75.00    -13.18     0.25     0.44      0.0279    -78.07 LEFT    1.2858E-05   -180.63  6.0317E-05     -8.47
   30.00     75.00    -13.02     1.02     1.19      0.0338    -78.92 LEFT    1.3100E-05   -180.52  6.5951E-05    -10.70
   35.00     75.00    -12.81     1.78     1.93      0.0386    -79.67 LEFT    1.3414E-05   -180.47  7.1991E-05    -12.82
   40.00     75.00    -12.56     2.48     2.61      0.0423    -80.25 LEFT    1.3800E-05   -180.51  7.7974E-05    -14.76
   45.00     75.00    -12.29     3.05     3.18      0.0454    -80.64 LEFT    1.4249E-05   -180.65  8.3301E-05    -16.48
   50.00     75.00    -12.00     3.45     3.58      0.0482    -80.81 LEFT    1.4730E-05   -180.93  8.7262E-05    -17.98
   55.00     75.00    -11.74     3.63     3.76      0.0510    -80.76 LEFT    1.5181E-05   -181.34  8.9072E-05    -19.24
   60.00     75.00    -11.55     3.52     3.66      0.0541    -80.47 LEFT    1.5507E-05   -181.88  8.7946E-05    -20.28
   65.00     75.00    -11.52     3.04     3.19      0.0577    -79.91 LEFT    1.5562E-05   -182.54  8.3192E-05    -21.09
   70.00     75.00    -11.76     2.06     2.24      0.0619    -79.01 LEFT    1.5146E-05   -183.32  7.4321E-05    -21.70
   75.00     75.00    -12.45     0.37     0.59      0.0669    -77.67 LEFT    1.3981E-05   -184.25  6.1152E-05    -22.10
   80.00     75.00    -14.03    -2.51    -2.22      0.0725    -75.66 LEFT    1.1657E-05   -185.41  4.3892E-05    -22.30
   85.00     75.00    -17.88    -8.06    -7.63      0.0778    -72.59 LEFT    7.4828E-06   -186.98  2.3168E-05    -22.31
   90.00     75.00   -999.99  -999.99  -999.99      0.0000      0.00         5.8882E-16     -9.46  1.4017E-15   -202.13
    0.00     80.00    -16.96    -1.88    -1.75      0.0000    -80.00 LINEAR  8.3222E-06   -181.04  4.7198E-05     -1.04
    5.00     80.00    -16.95    -1.77    -1.64      0.0012    -80.11 LEFT    8.3330E-06   -181.02  4.7792E-05     -1.42
   10.00     80.00    -16.91    -1.46    -1.34      0.0045    -80.42 LEFT    8.3664E-06   -180.96  4.9569E-05     -2.53
   15.00     80.00    -16.85    -0.96    -0.85      0.0091    -80.90 LEFT    8.4250E-06   -180.87  5.2509E-05     -4.21
   20.00     80.00    -16.76    -0.31    -0.22      0.0141    -81.48 LEFT    8.5135E-06   -180.76  5.6551E-05     -6.26
   25.00     80.00    -16.63     0.43     0.51      0.0188    -82.08 LEFT    8.6377E-06   -180.64  6.1570E-05     -8.48
   30.00     80.00    -16.47     1.20     1.28      0.0227    -82.66 LEFT    8.8042E-06   -180.55  6.7348E-05    -10.71
   35.00     80.00    -16.26     1.97     2.03      0.0258    -83.16 LEFT    9.0185E-06   -180.51  7.3544E-05    -12.83
   40.00     80.00    -16.01     2.67     2.72      0.0283    -83.55 LEFT    9.2816E-06   -180.55  7.9685E-05    -14.77
   45.00     80.00    -15.73     3.24     3.30      0.0303    -83.81 LEFT    9.5860E-06   -180.70  8.5159E-05    -16.50
   50.00     80.00    -15.44     3.65     3.70      0.0321    -83.93 LEFT    9.9107E-06   -180.98  8.9236E-05    -17.99
   55.00     80.00    -15.18     3.83     3.88      0.0340    -83.90 LEFT    1.0215E-05   -181.39  9.1113E-05    -19.25
   60.00     80.00    -14.99     3.72     3.78      0.0361    -83.71 LEFT    1.0434E-05   -181.93  8.9982E-05    -20.29
   65.00     80.00    -14.96     3.24     3.31      0.0385    -83.34 LEFT    1.0470E-05   -182.60  8.5136E-05    -21.11
   70.00     80.00    -15.20     2.26     2.34      0.0415    -82.74 LEFT    1.0189E-05   -183.38  7.6070E-05    -21.71
   75.00     80.00    -15.90     0.57     0.67      0.0450    -81.84 LEFT    9.4043E-06   -184.30  6.2599E-05    -22.11
   80.00     80.00    -17.47    -2.31    -2.18      0.0492    -80.50 LEFT    7.8407E-06   -185.46  4.4935E-05    -22.31
   85.00     80.00    -21.33    -7.86    -7.67      0.0537    -78.40 LEFT    5.0326E-06   -187.03  2.3720E-05    -22.32
   90.00     80.00   -999.99  -999.99  -999.99      0.0000      0.00         3.9601E-16     -9.50  1.4351E-15   -202.15
    0.00     85.00    -22.94    -1.78    -1.75      0.0000    -85.00 LINEAR  4.1770E-06   -181.04  4.7743E-05     -1.04
    5.00     85.00    -22.93    -1.67    -1.64      0.0006    -85.06 LEFT    4.1826E-06   -181.02  4.8346E-05     -1.42
   10.00     85.00    -22.90    -1.36    -1.33      0.0023    -85.21 LEFT    4.1998E-06   -180.96  5.0149E-05     -2.53
   15.00     85.00    -22.84    -0.85    -0.83      0.0046    -85.46 LEFT    4.2299E-06   -180.87  5.3132E-05     -4.21
   20.00     85.00    -22.74    -0.21    -0.18      0.0071    -85.75 LEFT    4.2753E-06   -180.77  5.7234E-05     -6.27
   25.00     85.00    -22.61     0.53     0.55      0.0094    -86.05 LEFT    4.3387E-06   -180.66  6.2328E-05     -8.49
   30.00     85.00    -22.45     1.31     1.33      0.0114    -86.35 LEFT    4.4235E-06   -180.57  6.8193E-05    -10.72
   35.00     85.00    -22.24     2.08     2.10      0.0129    -86.60 LEFT    4.5323E-06   -180.53  7.4485E-05    -12.84
   40.00     85.00    -21.98     2.78     2.79      0.0141    -86.79 LEFT    4.6654E-06   -180.57  8.0722E-05    -14.78
   45.00     85.00    -21.70     3.36     3.37      0.0151    -86.92 LEFT    4.8192E-06   -180.73  8.6286E-05    -16.50
   50.00     85.00    -21.41     3.76     3.78      0.0161    -86.98 LEFT    4.9829E-06   -181.01  9.0434E-05    -18.00
   55.00     85.00    -21.15     3.95     3.96      0.0170    -86.97 LEFT    5.1362E-06   -181.43  9.2352E-05    -19.26
   60.00     85.00    -20.97     3.84     3.85      0.0180    -86.87 LEFT    5.2461E-06   -181.97  9.1220E-05    -20.30
   65.00     85.00    -20.94     3.36     3.38      0.0193    -86.69 LEFT    5.2640E-06   -182.63  8.6317E-05    -21.11
   70.00     85.00    -21.17     2.38     2.40      0.0208    -86.39 LEFT    5.1224E-06   -183.41  7.7134E-05    -21.72
   75.00     85.00    -21.87     0.69     0.71      0.0226    -85.94 LEFT    4.7276E-06   -184.34  6.3480E-05    -22.12
   80.00     85.00    -23.45    -2.19    -2.16      0.0249    -85.26 LEFT    3.9413E-06   -185.49  4.5570E-05    -22.32
   85.00     85.00    -27.30    -7.74    -7.69      0.0274    -84.20 LEFT    2.5297E-06   -187.07  2.4056E-05    -22.33
   90.00     85.00   -999.99  -999.99  -999.99      0.0000      0.00         1.9904E-16     -9.55  1.4555E-15   -202.16
    0.00     90.00   -999.99    -1.75    -1.75      0.0000     90.00 LINEAR  2.4458E-16     -1.04  4.7926E-05     -1.04
    5.00     90.00   -196.55    -1.64    -1.64      0.0000     90.00 LINEAR  8.7232E-15     55.53  4.8531E-05     -1.42
   10.00     90.00   -190.70    -1.32    -1.32      0.0000     90.00 LINEAR  1.7099E-14     55.75  5.0343E-05     -2.53
   15.00     90.00   -187.40    -0.82    -0.82      0.0000     90.00 LINEAR  2.4999E-14     55.19  5.3340E-05     -4.22
   20.00     90.00   -185.24    -0.17    -0.17      0.0000     90.00 LINEAR  3.2074E-14     54.09  5.7462E-05     -6.27
   25.00     90.00   -183.79     0.57     0.57      0.0000     90.00 LINEAR  3.7877E-14     52.42  6.2582E-05     -8.49
   30.00     90.00   -182.92     1.35     1.35      0.0000     90.00 LINEAR  4.1888E-14     49.96  6.8476E-05    -10.72
   35.00     90.00   -182.57     2.12     2.12      0.0000     90.00 LINEAR  4.3593E-14     46.34  7.4800E-05    -12.84
   40.00     90.00   -182.77     2.82     2.82      0.0000     90.00 LINEAR  4.2642E-14     40.85  8.1070E-05    -14.78
   45.00     90.00   -183.51     3.39     3.39      0.0000     90.00 LINEAR  3.9143E-14     32.08  8.6663E-05    -16.51
   50.00     90.00   -184.68     3.80     3.80      0.0000     90.00 LINEAR  3.4194E-14     17.48  9.0836E-05    -18.00
   55.00     90.00   -185.62     3.99     3.99      0.0000     90.00 LINEAR  3.0684E-14     -5.84  9.2767E-05    -19.26
   60.00     90.00   -185.11     3.88     3.88      0.0000     90.00 LINEAR  3.2547E-14    -33.99  9.1635E-05    -20.30
   65.00     90.00   -183.34     3.40     3.40      0.0000     90.00 LINEAR  3.9894E-14    -56.05  8.6713E-05    -21.12
   70.00     90.00   -181.67     2.42     2.42      0.0000     90.00 LINEAR  4.8375E-14    -69.61  7.7491E-05    -21.72
   75.00     90.00   -180.84     0.73     0.73      0.0000     90.00 LINEAR  5.3195E-14    -77.76  6.3775E-05    -22.12
   80.00     90.00   -181.38    -2.15    -2.15      0.0000     90.00 LINEAR  5.0043E-14    -82.94  4.5783E-05    -22.32
   85.00     90.00   -184.62    -7.70    -7.70      0.0000     90.00 LINEAR  3.4445E-14    -86.57  2.4169E-05    -22.34
   90.00     90.00   -999.99  -999.99  -999.99      0.0000      0.00         1.6546E-20   -285.24  1.4623E-15   -202.16
    0.00     95.00    -22.94    -1.78    -1.75      0.0000     85.00 LINEAR  4.1770E-06     -1.04  4.7743E-05     -1.04
    5.00     95.00    -22.93    -1.67    -1.64      0.0006     85.06 RIGHT   4.1826E-06     -1.02  4.8346E-05     -1.42
   10.00     95.00    -22.90    -1.36    -1.33      0.0023     85.21 RIGHT   4.1998E-06     -0.96  5.0149E-05     -2.53
   15.00     95.00    -22.84    -0.85    -0.83      0.0046     85.46 RIGHT   4.2299E-06     -0.87  5.3132E-05     -4.21
   20.00     95.00    -22.74    -0.21    -0.18      0.0071     85.75 RIGHT   4.2753E-06     -0.77  5.7234E-05     -6.27
   25.00     95.00    -22.61     0.53     0.55      0.0094     86.05 RIGHT   4.3387E-06     -0.66  6.2328E-05     -8.49
   30.00     95.00    -22.45     1.31     1.33      0.0114     86.35 RIGHT   4.4235E-06     -0.57  6.8193E-05    -10.72
   35.00     95.00    -22.24     2.08     2.10      0.0129     86.60 RIGHT   4.5323E-06     -0.53  7.4485E-05    -12.84
   40.00     95.00    -21.98     2.78     2.79      0.0141     86.79 RIGHT   4.6654E-06     -0.57  8.0722E-05    -14.78
   45.00     95.00    -21.70     3.36     3.37      0.0151     86.92 RIGHT   4.8192E-06     -0.73  8.6286E-05    -16.50
   50.00     95.00    -21.41     3.76     3.78      0.0161     86.98 RIGHT   4.9829E-06     -1.01  9.0434E-05    -18.00
   55.00     95.00    -21.15     3.95     3.96      0.0170     86.97 RIGHT   5.1362E-06     -1.43  9.2352E-05    -19.26
   60.00     95.00    -20.97     3.84     3.85      0.0180     86.87 RIGHT   5.2461E-06     -1.97  9.1220E-05    -20.30
   65.00     95.00    -20.94     3.36     3.38      0.0193     86.69 RIGHT   5.2640E-06     -2.63  8.6317E-05    -21.11
   70.00     95.00    -21.17     2.38     2.40      0.0208     86.39 RIGHT   5.1224E-06     -3.41  7.7134E-05    -21.72
   75.00     95.00    -21.87     0.69     0.71      0.0226     85.94 RIGHT   4.7276E-06     -4.34  6.3480E-05    -22.12
   80.00     95.00    -23.45    -2.19    -2.16      0.0249     85.26 RIGHT   3.9413E-06     -5.49  4.5570E-05    -22.32
   85.00     95.00    -27.30    -7.74    -7.69      0.0274     84.20 RIGHT   2.5297E-06     -7.07  2.4056E-05    -22.33
   90.00     95.00   -999.99  -999.99  -999.99      0.0000      0.00         1.9906E-16   -189.53  1.4555E-15   -202.16
    0.00    100.00    -16.96    -1.88    -1.75      0.0000     80.00 LINEAR  8.3222E-06     -1.04  4.7198E-05     -1.04
    5.00    100.00    -16.95    -1.77    -1.64      0.0012     80.11 RIGHT   8.3330E-06     -1.02  4.7792E-05     -1.42
   10.00    100.00    -16.91    -1.46    -1.34      0.0045     80.42 RIGHT   8.3664E-06     -0.96  4.9569E-05     -2.53
   15.00    100.00    -16.85    -0.96    -0.85      0.0091     80.90 RIGHT   8.4250E-06     -0.87  5.2509E-05     -4.21
   20.00    100.00    -16.76    -0.31    -0.22      0.0141     81.48 RIGHT   8.5135E-06     -0.76  5.6551E-05     -6.26
   25.00    100.00    -16.63     0.43     0.51      0.0188     82.08 RIGHT   8.6377E-06     -0.64  6.1570E-05     -8.48
   30.00    100.00    -16.47     1.20     1.28      0.0227     82.66 RIGHT   8.8042E-06     -0.55  6.7348E-05    -10.71
   35.00    100.00    -16.26     1.97     2.03      0.0258     83.16 RIGHT   9.0185E-06     -0.51  7.3544E-05    -12.83
   40.00    100.00    -16.01     2.67     2.72      0.0283     83.55 RIGHT   9.2816E-06     -0.55  7.9685E-05    -14.77
   45.00    100.00    -15.73     3.24     3.30      0.0303     83.81 RIGHT   9.5860E-06     -0.70  8.5159E-05    -16.50
   50.00    100.00    -15.44     3.65     3.70      0.0321     83.93 RIGHT   9.9107E-06     -0.98  8.9236E-05    -17.99
   55.00    100.00    -15.18     3.83     3.88      0.0340     83.90 RIGHT   1.0215E-05     -1.39  9.1113E-05    -19.25
   60.00    100.00    -14.99     3.72     3.78      0.0361     83.71 RIGHT   1.0434E-05     -1.93  8.9982E-05    -20.29
   65.00    100.00    -14.96     3.24     3.31      0.0385     83.34 RIGHT   1.0470E-05     -2.60  8.5136E-05    -21.11
   70.00    100.00    -15.20     2.26     2.34      0.0415     82.74 RIGHT   1.0189E-05     -3.38  7.6070E-05    -21.71
   75.00    100.00    -15.90     0.57     0.67      0.0450     81.84 RIGHT   9.4043E-06     -4.30  6.2599E-05    -22.11
   80.00    100.00    -17.47    -2.31    -2.18      0.0492     80.50 RIGHT   7.8407E-06     -5.46  4.4935E-05    -22.31
   85.00    100.00    -21.33    -7.86    -7.67      0.0537     78.40 RIGHT   5.0326E-06     -7.03  2.3720E-05    -22.32
   90.00    100.00   -999.99  -999.99  -999.99      0.0000      0.00         3.9599E-16   -189.52  1.4351E-15   -202.15
    0.00    105.00    -13.49    -2.05    -1.75      0.0000     75.00 LINEAR  1.2404E-05     -1.04  4.6293E-05     -1.04
    5.00    105.00    -13.48    -1.94    -1.65      0.0018     75.16 RIGHT   1.2419E-05     -1.02  4.6873E-05     -1.42
   10.00    105.00    -13.45    -1.63    -1.35      0.0066     75.62 RIGHT   1.2467E-05     -0.96  4.8608E-05     -2.53
   15.00    105.00    -13.39    -1.13    -0.88      0.0134     76.32 RIGHT   1.2551E-05     -0.86  5.1476E-05     -4.21
   20.00    105.00    -13.30    -0.49    -0.27      0.0209     77.17 RIGHT   1.2678E-05     -0.75  5.5421E-05     -6.25
   25.00    105.00    -13.18     0.25     0.44      0.0279     78.07 RIGHT   1.2858E-05     -0.63  6.0317E-05     -8.47
   30.00    105.00    -13.02     1.02     1.19      0.0338     78.92 RIGHT   1.3100E-05     -0.52  6.5951E-05    -10.70
   35.00    105.00    -12.81     1.78     1.93      0.0386     79.67 RIGHT   1.3414E-05     -0.47  7.1991E-05    -12.82
   40.00    105.00    -12.56     2.48     2.61      0.0423     80.25 RIGHT   1.3800E-05     -0.51  7.7974E-05    -14.76
   45.00    105.00    -12.29     3.05     3.18      0.0454     80.64 RIGHT   1.4249E-05     -0.65  8.3301E-05    -16.48
   50.00    105.00    -12.00     3.45     3.58      0.0482     80.81 RIGHT   1.4730E-05     -0.93  8.7262E-05    -17.98
   55.00    105.00    -11.74     3.63     3.76      0.0510     80.76 RIGHT   1.5181E-05     -1.34  8.9072E-05    -19.24
   60.00    105.00    -11.55     3.52     3.66      0.0541     80.47 RIGHT   1.5507E-05     -1.88  8.7946E-05    -20.28
   65.00    105.00    -11.52     3.04     3.19      0.0577     79.91 RIGHT   1.5562E-05     -2.54  8.3192E-05    -21.09
   70.00    105.00    -11.76     2.06     2.24      0.0619     79.01 RIGHT   1.5146E-05     -3.32  7.4321E-05    -21.70
   75.00    105.00    -12.45     0.37     0.59      0.0669     77.67 RIGHT   1.3981E-05     -4.25  6.1152E-05    -22.10
   80.00    105.00    -14.03    -2.51    -2.22      0.0725     75.66 RIGHT   1.1657E-05     -5.41  4.3892E-05    -22.30
   85.00    105.00    -17.88    -8.06    -7.63      0.0778     72.59 RIGHT   7.4828E-06     -6.98  2.3168E-05    -22.31
   90.00    105.00   -999.99  -999.99  -999.99      0.0000      0.00         5.8882E-16   -189.46  1.4017E-15   -202.13
    0.00    110.00    -11.07    -2.29    -1.75      0.0000     70.00 LINEAR  1.6392E-05     -1.04  4.5035E-05     -1.04
    5.00    110.00    -11.06    -2.18    -1.65      0.0023     70.21 RIGHT   1.6411E-05     -1.01  4.5596E-05     -1.42
   10.00    110.00    -11.03    -1.87    -1.37      0.0085     70.80 RIGHT   1.6470E-05     -0.95  4.7273E-05     -2.53
   15.00    110.00    -10.97    -1.37    -0.92      0.0174     71.70 RIGHT   1.6574E-05     -0.85  5.0045E-05     -4.20
   20.00    110.00    -10.89    -0.74    -0.34      0.0272     72.80 RIGHT   1.6734E-05     -0.73  5.3855E-05     -6.24
   25.00    110.00    -10.77    -0.01     0.34      0.0366     73.97 RIGHT   1.6962E-05     -0.60  5.8584E-05     -8.46
   30.00    110.00    -10.62     0.76     1.07      0.0446     75.10 RIGHT   1.7272E-05     -0.49  6.4022E-05    -10.68
   35.00    110.00    -10.41     1.52     1.79      0.0511     76.08 RIGHT   1.7676E-05     -0.43  6.9848E-05    -12.80
   40.00    110.00    -10.17     2.21     2.45      0.0563     76.84 RIGHT   1.8177E-05     -0.45  7.5614E-05    -14.74
   45.00    110.00     -9.90     2.78     3.01      0.0605     77.35 RIGHT   1.8761E-05     -0.59  8.0743E-05    -16.46
   50.00    110.00     -9.61     3.18     3.40      0.0643     77.58 RIGHT   1.9390E-05     -0.86  8.4546E-05    -17.96
   55.00    110.00     -9.35     3.35     3.58      0.0681     77.51 RIGHT   1.9983E-05     -1.27  8.6267E-05    -19.22
   60.00    110.00     -9.16     3.24     3.48      0.0721     77.12 RIGHT   2.0412E-05     -1.81  8.5148E-05    -20.26
   65.00    110.00     -9.13     2.76     3.03      0.0767     76.36 RIGHT   2.0486E-05     -2.47  8.0522E-05    -21.07
   70.00    110.00     -9.37     1.77     2.10      0.0819     75.16 RIGHT   1.9942E-05     -3.25  7.1919E-05    -21.68
   75.00    110.00    -10.06     0.08     0.48      0.0879     73.37 RIGHT   1.8411E-05     -4.18  5.9165E-05    -22.08
   80.00    110.00    -11.64    -2.80    -2.27      0.0940     70.74 RIGHT   1.5353E-05     -5.34  4.2460E-05    -22.28
   85.00    110.00    -15.49    -8.35    -7.58      0.0987     66.78 RIGHT   9.8559E-06     -6.91  2.2411E-05    -22.29
   90.00    110.00   -999.99  -999.99  -999.99      0.0000      0.00         7.7557E-16   -189.38  1.3559E-15   -202.12
    0.00    115.00     -9.23    -2.61    -1.75      0.0000     65.00 LINEAR  2.0254E-05     -1.04  4.3435E-05     -1.04
    5.00    115.00     -9.22    -2.50    -1.66      0.0027     65.25 RIGHT   2.0276E-05     -1.01  4.3972E-05     -1.42
   10.00    115.00     -9.19    -2.19    -1.40      0.0102     65.95 RIGHT   2.0343E-05     -0.95  4.5576E-05     -2.52
   15.00    115.00     -9.14    -1.70    -0.98      0.0210     67.03 RIGHT   2.0463E-05     -0.84  4.8227E-05     -4.19
   20.00    115.00     -9.06    -1.06    -0.42      0.0331     68.36 RIGHT   2.0648E-05     -0.71  5.1870E-05     -6.23
   25.00    115.00     -8.95    -0.34     0.22      0.0447     69.78 RIGHT   2.0915E-05     -0.57  5.6389E-05     -8.44
   30.00    115.00     -8.80     0.43     0.92      0.0549     71.16 RIGHT   2.1282E-05     -0.45  6.1583E-05    -10.66
   35.00    115.00     -8.61     1.18     1.61      0.0633     72.36 RIGHT   2.1764E-05     -0.37  6.7143E-05    -12.78
   40.00    115.00     -8.37     1.86     2.26      0.0700     73.30 RIGHT   2.2368E-05     -0.39  7.2641E-05    -14.72
   45.00    115.00     -8.10     2.43     2.80      0.0755     73.93 RIGHT   2.3078E-05     -0.51  7.7523E-05    -16.44
   50.00    115.00     -7.81     2.82     3.18      0.0803     74.21 RIGHT   2.3845E-05     -0.78  8.1132E-05    -17.94
   55.00    115.00     -7.55     2.99     3.36      0.0850     74.11 RIGHT   2.4572E-05     -1.18  8.2744E-05    -19.20
   60.00    115.00     -7.37     2.88     3.27      0.0900     73.61 RIGHT   2.5100E-05     -1.71  8.1637E-05    -20.23
   65.00    115.00     -7.34     2.39     2.83      0.0953     72.65 RIGHT   2.5195E-05     -2.37  7.7175E-05    -21.05
   70.00    115.00     -7.57     1.40     1.92      0.1013     71.15 RIGHT   2.4530E-05     -3.16  6.8910E-05    -21.66
   75.00    115.00     -8.26    -0.29     0.35      0.1075     68.93 RIGHT   2.2651E-05     -4.09  5.6677E-05    -22.06
   80.00    115.00     -9.84    -3.18    -2.33      0.1132     65.72 RIGHT   1.8892E-05     -5.25  4.0669E-05    -22.26
   85.00    115.00    -13.69    -8.73    -7.52      0.1156     61.00 RIGHT   1.2129E-05     -6.83  2.1463E-05    -22.27
   90.00    115.00   -999.99  -999.99  -999.99      0.0000      0.00         9.5450E-16   -189.30  1.2985E-15   -202.09
    0.00    120.00     -7.77    -3.00    -1.75      0.0000     60.00 LINEAR  2.3963E-05     -1.04  4.1505E-05     -1.04
    5.00    120.00     -7.76    -2.89    -1.67      0.0031     60.28 RIGHT   2.3986E-05     -1.01  4.2012E-05     -1.42
   10.00    120.00     -7.74    -2.59    -1.43      0.0116     61.08 RIGHT   2.4057E-05     -0.94  4.3531E-05     -2.52
   15.00    120.00     -7.69    -2.10    -1.04      0.0241     62.31 RIGHT   2.4185E-05     -0.83  4.6039E-05     -4.18
   20.00    120.00     -7.62    -1.47    -0.53      0.0382     63.83 RIGHT   2.4387E-05     -0.69  4.9485E-05     -6.21
   25.00    120.00     -7.51    -0.75     0.08      0.0522     65.47 RIGHT   2.4683E-05     -0.53  5.3757E-05     -8.42
   30.00    120.00     -7.37     0.01     0.74      0.0646     67.07 RIGHT   2.5095E-05     -0.40  5.8664E-05    -10.64
   35.00    120.00     -7.18     0.75     1.40      0.0749     68.48 RIGHT   2.5645E-05     -0.31  6.3913E-05    -12.75
   40.00    120.00     -6.95     1.43     2.02      0.0833     69.59 RIGHT   2.6339E-05     -0.31  6.9095E-05    -14.69
   45.00    120.00     -6.68     1.99     2.54      0.0901     70.32 RIGHT   2.7161E-05     -0.42  7.3689E-05    -16.41
   50.00    120.00     -6.40     2.38     2.92      0.0961     70.64 RIGHT   2.8055E-05     -0.68  7.7072E-05    -17.91
   55.00    120.00     -6.14     2.54     3.09      0.1017     70.51 RIGHT   2.8908E-05     -1.07  7.8561E-05    -19.17
   60.00    120.00     -5.96     2.42     3.01      0.1074     69.90 RIGHT   2.9530E-05     -1.61  7.7473E-05    -20.21
   65.00    120.00     -5.92     1.93     2.59      0.1133     68.73 RIGHT   2.9647E-05     -2.27  7.3209E-05    -21.02
   70.00    120.00     -6.15     0.94     1.72      0.1194     66.93 RIGHT   2.8871E-05     -3.05  6.5348E-05    -21.63
   75.00    120.00     -6.84    -0.76     0.20      0.1253     64.31 RIGHT   2.6665E-05     -3.99  5.3733E-05    -22.03
   80.00    120.00     -8.42    -3.64    -2.39      0.1293     60.58 RIGHT   2.2244E-05     -5.15  3.8549E-05    -22.23
   85.00    120.00    -12.27    -9.19    -7.45      0.1279     55.27 RIGHT   1.4283E-05     -6.73  2.0342E-05    -22.24
   90.00    120.00   -999.99  -999.99  -999.99      0.0000      0.00         1.1240E-15   -189.20  1.2306E-15   -202.07
    0.00    125.00     -6.58    -3.48    -1.75      0.0000     55.00 LINEAR  2.7489E-05     -1.04  3.9258E-05     -1.04
    5.00    125.00     -6.57    -3.38    -1.68      0.0033     55.30 RIGHT   2.7512E-05     -1.01  3.9734E-05     -1.42
   10.00    125.00     -6.55    -3.07    -1.46      0.0127     56.17 RIGHT   2.7583E-05     -0.93  4.1154E-05     -2.51
   15.00    125.00     -6.51    -2.59    -1.11      0.0265     57.52 RIGHT   2.7714E-05     -0.81  4.3501E-05     -4.17
   20.00    125.00     -6.44    -1.97    -0.64      0.0425     59.19 RIGHT   2.7924E-05     -0.66  4.6723E-05     -6.19
   25.00    125.00     -6.35    -1.26    -0.09      0.0587     61.01 RIGHT   2.8238E-05     -0.49  5.0716E-05     -8.40
   30.00    125.00     -6.21    -0.51     0.53      0.0733     62.80 RIGHT   2.8684E-05     -0.34  5.5299E-05    -10.61
   35.00    125.00     -6.03     0.23     1.15      0.0857     64.39 RIGHT   2.9286E-05     -0.24  6.0196E-05    -12.72
   40.00    125.00     -5.80     0.90     1.74      0.0959     65.65 RIGHT   3.0057E-05     -0.22  6.5025E-05    -14.66
   45.00    125.00     -5.54     1.45     2.24      0.1042     66.48 RIGHT   3.0978E-05     -0.32  6.9296E-05    -16.38
   50.00    125.00     -5.26     1.84     2.61      0.1113     66.83 RIGHT   3.1987E-05     -0.57  7.2428E-05    -17.88
   55.00    125.00     -5.00     2.00     2.79      0.1178     66.66 RIGHT   3.2955E-05     -0.96  7.3782E-05    -19.14
   60.00    125.00     -4.82     1.87     2.71      0.1240     65.93 RIGHT   3.3667E-05     -1.49  7.2722E-05    -20.18
   65.00    125.00     -4.78     1.38     2.32      0.1301     64.56 RIGHT   3.3806E-05     -2.15  6.8689E-05    -20.99
   70.00    125.00     -5.01     0.39     1.49      0.1359     62.47 RIGHT   3.2928E-05     -2.94  6.1290E-05    -21.60
   75.00    125.00     -5.70    -1.32     0.03      0.1404     59.49 RIGHT   3.0420E-05     -3.87  5.0383E-05    -22.00
   80.00    125.00     -7.27    -4.20    -2.46      0.1416     55.34 RIGHT   2.5382E-05     -5.04  3.6138E-05    -22.20
   85.00    125.00    -11.12    -9.76    -7.37      0.1352     49.64 RIGHT   1.6300E-05     -6.62  1.9067E-05    -22.21
   90.00    125.00   -999.99  -999.99  -999.99      0.0000      0.00         1.2828E-15   -189.09  1.1535E-15   -202.04
    0.00    130.00     -5.59    -4.07    -1.75      0.0000     50.00 LINEAR  3.0806E-05     -1.04  3.6713E-05     -1.04
    5.00    130.00     -5.58    -3.96    -1.69      0.0035     50.32 RIGHT   3.0827E-05     -1.01  3.7152E-05     -1.42
   10.00    130.00     -5.56    -3.66    -1.50      0.0134     51.23 RIGHT   3.0895E-05     -0.93  3.8466E-05     -2.50
   15.00    130.00     -5.53    -3.18    -1.19      0.0283     52.65 RIGHT   3.1022E-05     -0.80  4.0635E-05     -4.15
   20.00    130.00     -5.47    -2.57    -0.77      0.0458     54.43 RIGHT   3.1232E-05     -0.63  4.3611E-05     -6.18
   25.00    130.00     -5.38    -1.87    -0.27      0.0639     56.39 RIGHT   3.1553E-05     -0.45  4.7297E-05     -8.37
   30.00    130.00     -5.25    -1.12     0.30      0.0807     58.33 RIGHT   3.2020E-05     -0.28  5.1524E-05    -10.58
   35.00    130.00     -5.08    -0.39     0.88      0.0953     60.06 RIGHT   3.2662E-05     -0.16  5.6037E-05    -12.69
   40.00    130.00     -4.86     0.27     1.43      0.1074     61.44 RIGHT   3.3495E-05     -0.12  6.0481E-05    -14.63
   45.00    130.00     -4.61     0.82     1.91      0.1173     62.36 RIGHT   3.4502E-05     -0.21  6.4402E-05    -16.35
   50.00    130.00     -4.33     1.19     2.27      0.1256     62.73 RIGHT   3.5613E-05     -0.45  6.7263E-05    -17.85
   55.00    130.00     -4.07     1.35     2.44      0.1329     62.51 RIGHT   3.6685E-05     -0.83  6.8477E-05    -19.11
   60.00    130.00     -3.89     1.22     2.39      0.1394     61.65 RIGHT   3.7480E-05     -1.36  6.7454E-05    -20.15
   65.00    130.00     -3.85     0.72     2.02      0.1452     60.10 RIGHT   3.7642E-05     -2.02  6.3683E-05    -20.96
   70.00    130.00     -4.07    -0.27     1.24      0.1498     57.75 RIGHT   3.6675E-05     -2.81  5.6801E-05    -21.57
   75.00    130.00     -4.76    -1.98    -0.14      0.1521     54.46 RIGHT   3.3890E-05     -3.75  4.6678E-05    -21.97
   80.00    130.00     -6.33    -4.87    -2.53      0.1495     50.03 RIGHT   2.8284E-05     -4.91  3.3473E-05    -22.17
   85.00    130.00    -10.18   -10.42    -7.29      0.1377     44.16 RIGHT   1.8166E-05     -6.50  1.7659E-05    -22.18
   90.00    130.00   -999.99  -999.99  -999.99      0.0000      0.00         1.4297E-15   -188.97  1.0682E-15   -202.01
    0.00    135.00     -4.76    -4.76    -1.75      0.0000     45.00 LINEAR  3.3889E-05     -1.04  3.3889E-05     -1.04
    5.00    135.00     -4.76    -4.66    -1.70      0.0036     45.32 RIGHT   3.3907E-05     -1.01  3.4289E-05     -1.41
   10.00    135.00     -4.74    -4.36    -1.54      0.0138     46.25 RIGHT   3.3967E-05     -0.92  3.5487E-05     -2.50
   15.00    135.00     -4.71    -3.89    -1.27      0.0292     47.71 RIGHT   3.4085E-05     -0.78  3.7465E-05     -4.14
   20.00    135.00     -4.66    -3.28    -0.91      0.0479     49.54 RIGHT   3.4287E-05     -0.60  4.0177E-05     -6.16
   25.00    135.00     -4.58    -2.59    -0.46      0.0676     51.58 RIGHT   3.4606E-05     -0.40  4.3534E-05     -8.35
   30.00    135.00     -4.46    -1.85     0.05      0.0865     53.61 RIGHT   3.5082E-05     -0.22  4.7381E-05    -10.56
   35.00    135.00     -4.30    -1.13     0.58      0.1032     55.45 RIGHT   3.5752E-05     -0.08  5.1483E-05    -12.66
   40.00    135.00     -4.08    -0.47     1.10      0.1172     56.92 RIGHT   3.6634E-05     -0.03  5.5515E-05    -14.60
   45.00    135.00     -3.83     0.06     1.55      0.1288     57.89 RIGHT   3.7712E-05     -0.10  5.9066E-05    -16.32
   50.00    135.00     -3.56     0.44     1.89      0.1383     58.27 RIGHT   3.8912E-05     -0.32  6.1644E-05    -17.81
   55.00    135.00     -3.30     0.59     2.07      0.1461     58.00 RIGHT   4.0079E-05     -0.70  6.2713E-05    -19.08
   60.00    135.00     -3.12     0.45     2.03      0.1526     57.02 RIGHT   4.0950E-05     -1.23  6.1741E-05    -20.11
   65.00    135.00     -3.08    -0.05     1.70      0.1575     55.29 RIGHT   4.1135E-05     -1.89  5.8260E-05    -20.93
   70.00    135.00     -3.30    -1.05     0.98      0.1603     52.74 RIGHT   4.0089E-05     -2.68  5.1942E-05    -21.54
   75.00    135.00     -3.99    -2.76    -0.32      0.1595     49.24 RIGHT   3.7055E-05     -3.62  4.2672E-05    -21.94
   80.00    135.00     -5.55    -5.65    -2.59      0.1526     44.67 RIGHT   3.0932E-05     -4.79  3.0594E-05    -22.14
   85.00    135.00     -9.40   -11.21    -7.20      0.1355     38.86 RIGHT   1.9870E-05     -6.37  1.6138E-05    -22.15
   90.00    135.00   -999.99  -999.99  -999.99      0.0000      0.00         1.5639E-15   -188.85  9.7616E-16   -201.97
    0.00    140.00     -4.07    -5.59    -1.75      0.0000     40.00 LINEAR  3.6713E-05     -1.04  3.0806E-05     -1.04
    5.00    140.00     -4.06    -5.49    -1.71      0.0035     40.32 RIGHT   3.6728E-05     -1.00  3.1166E-05     -1.41
   10.00    140.00     -4.05    -5.19    -1.57      0.0137     41.24 RIGHT   3.6778E-05     -0.91  3.2242E-05     -2.49
   15.00    140.00     -4.03    -4.73    -1.35      0.0293     42.68 RIGHT   3.6882E-05     -0.76  3.4017E-05     -4.13
   20.00    140.00     -3.98    -4.13    -1.04      0.0486     44.52 RIGHT   3.7068E-05     -0.57  3.6451E-05     -6.14
   25.00    140.00     -3.91    -3.44    -0.66      0.0695     46.57 RIGHT   3.7377E-05     -0.36  3.9461E-05     -8.32
   30.00    140.00     -3.80    -2.71    -0.21      0.0900     48.64 RIGHT   3.7853E-05     -0.15  4.2908E-05    -10.53
   35.00    140.00     -3.64    -2.00     0.27      0.1087     50.53 RIGHT   3.8539E-05      0.00  4.6579E-05    -12.63
   40.00    140.00     -3.44    -1.35     0.74      0.1247     52.04 RIGHT   3.9457E-05      0.07  5.0183E-05    -14.56
   45.00    140.00     -3.19    -0.82     1.16      0.1378     53.04 RIGHT   4.0594E-05      0.01  5.3348E-05    -16.29
   50.00    140.00     -2.92    -0.46     1.49      0.1483     53.41 RIGHT   4.1871E-05     -0.20  5.5634E-05    -17.78
   55.00    140.00     -2.67    -0.31     1.68      0.1565     53.07 RIGHT   4.3121E-05     -0.57  5.6561E-05    -19.04
   60.00    140.00     -2.48    -0.45     1.66      0.1625     52.00 RIGHT   4.4061E-05     -1.09  5.5651E-05    -20.08
   65.00    140.00     -2.44    -0.96     1.37      0.1660     50.13 RIGHT   4.4269E-05     -1.76  5.2487E-05    -20.90
   70.00    140.00     -2.66    -1.96     0.71      0.1663     47.44 RIGHT   4.3155E-05     -2.55  4.6777E-05    -21.50
   75.00    140.00     -3.34    -3.67    -0.49      0.1619     43.86 RIGHT   3.9900E-05     -3.49  3.8416E-05    -21.90
   80.00    140.00     -4.91    -6.56    -2.65      0.1505     39.32 RIGHT   3.3314E-05     -4.67  2.7536E-05    -22.11
   85.00    140.00     -8.75   -12.12    -7.11      0.1291     33.77 RIGHT   2.1404E-05     -6.25  1.4523E-05    -22.12
   90.00    140.00   -999.99  -999.99  -999.99      0.0000      0.00         1.6848E-15   -188.73  8.7843E-16   -201.94
    0.00    145.00     -3.48    -6.58    -1.75      0.0000     35.00 LINEAR  3.9258E-05     -1.04  2.7489E-05     -1.04
    5.00    145.00     -3.48    -6.48    -1.72      0.0034     35.30 RIGHT   3.9269E-05     -1.00  2.7806E-05     -1.41
   10.00    145.00     -3.47    -6.19    -1.61      0.0131     36.18 RIGHT   3.9307E-05     -0.90  2.8755E-05     -2.48
   15.00    145.00     -3.45    -5.73    -1.43      0.0284     37.57 RIGHT   3.9393E-05     -0.75  3.0320E-05     -4.12
   20.00    145.00     -3.42    -5.13    -1.18      0.0477     39.35 RIGHT   3.9560E-05     -0.55  3.2464E-05     -6.12
   25.00    145.00     -3.35    -4.45    -0.86      0.0692     41.35 RIGHT   3.9851E-05     -0.32  3.5115E-05     -8.30
   30.00    145.00     -3.25    -3.73    -0.48      0.0909     43.39 RIGHT   4.0319E-05     -0.09  3.8147E-05    -10.50
   35.00    145.00     -3.10    -3.03    -0.06      0.1111     45.26 RIGHT   4.1011E-05      0.08  4.1373E-05    -12.60
   40.00    145.00     -2.91    -2.39     0.37      0.1288     46.77 RIGHT   4.1955E-05      0.17  4.4536E-05    -14.53
   45.00    145.00     -2.66    -1.86     0.76      0.1433     47.75 RIGHT   4.3138E-05      0.12  4.7306E-05    -16.25
   50.00    145.00     -2.40    -1.51     1.08      0.1546     48.09 RIGHT   4.4479E-05     -0.08  4.9297E-05    -17.75
   55.00    145.00     -2.14    -1.37     1.27      0.1628     47.70 RIGHT   4.5802E-05     -0.44  5.0085E-05    -19.01
   60.00    145.00     -1.96    -1.51     1.28      0.1679     46.54 RIGHT   4.6804E-05     -0.96  4.9251E-05    -20.05
   65.00    145.00     -1.91    -2.03     1.04      0.1695     44.61 RIGHT   4.7035E-05     -1.63  4.6428E-05    -20.86
   70.00    145.00     -2.13    -3.03     0.45      0.1668     41.88 RIGHT   4.5862E-05     -2.42  4.1361E-05    -21.47
   75.00    145.00     -2.81    -4.74    -0.66      0.1587     38.35 RIGHT   4.2415E-05     -3.37  3.3957E-05    -21.87
   80.00    145.00     -4.38    -7.64    -2.70      0.1435     34.02 RIGHT   3.5422E-05     -4.54  2.4335E-05    -22.07
   85.00    145.00     -8.22   -13.20    -7.02      0.1193     28.91 RIGHT   2.2761E-05     -6.13  1.2833E-05    -22.08
   90.00    145.00   -999.99  -999.99  -999.99      0.0000      0.00         1.7917E-15   -188.61  7.7617E-16   -201.91
    0.00    150.00     -3.00    -7.77    -1.75      0.0000     30.00 LINEAR  4.1505E-05     -1.04  2.3963E-05     -1.04
    5.00    150.00     -3.00    -7.67    -1.72      0.0031     30.28 RIGHT   4.1511E-05     -1.00  2.4236E-05     -1.41
   10.00    150.00     -2.99    -7.38    -1.65      0.0122     31.09 RIGHT   4.1536E-05     -0.90  2.5054E-05     -2.48
   15.00    150.00     -2.98    -6.93    -1.51      0.0266     32.38 RIGHT   4.1602E-05     -0.73  2.6402E-05     -4.10
   20.00    150.00     -2.95    -6.34    -1.31      0.0452     34.04 RIGHT   4.1745E-05     -0.52  2.8249E-05     -6.10
   25.00    150.00     -2.89    -5.67    -1.05      0.0665     35.92 RIGHT   4.2016E-05     -0.28  3.0531E-05     -8.28
   30.00    150.00     -2.80    -4.96    -0.74      0.0885     37.85 RIGHT   4.2470E-05     -0.04  3.3139E-05    -10.47
   35.00    150.00     -2.66    -4.26    -0.38      0.1096     39.63 RIGHT   4.3161E-05      0.16  3.5911E-05    -12.57
   40.00    150.00     -2.47    -3.62     0.00      0.1284     41.07 RIGHT   4.4121E-05      0.26  3.8624E-05    -14.50
   45.00    150.00     -2.23    -3.11     0.36      0.1438     42.00 RIGHT   4.5340E-05      0.23  4.0995E-05    -16.22
   50.00    150.00     -1.97    -2.76     0.67      0.1555     42.28 RIGHT   4.6734E-05      0.04  4.2690E-05    -17.72
   55.00    150.00     -1.72    -2.62     0.86      0.1633     41.85 RIGHT   4.8118E-05     -0.32  4.3346E-05    -18.98
   60.00    150.00     -1.53    -2.77     0.90      0.1671     40.67 RIGHT   4.9174E-05     -0.84  4.2601E-05    -20.02
   65.00    150.00     -1.48    -3.29     0.72      0.1665     38.74 RIGHT   4.9426E-05     -1.50  4.0141E-05    -20.83
   70.00    150.00     -1.70    -4.30     0.20      0.1609     36.09 RIGHT   4.8206E-05     -2.30  3.5746E-05    -21.44
   75.00    150.00     -2.38    -6.01    -0.81      0.1496     32.77 RIGHT   4.4594E-05     -3.25  2.9339E-05    -21.84
   80.00    150.00     -3.94    -8.91    -2.74      0.1318     28.82 RIGHT   3.7250E-05     -4.43  2.1021E-05    -22.04
   85.00    150.00     -7.78   -14.47    -6.94      0.1065     24.28 RIGHT   2.3939E-05     -6.02  1.1084E-05    -22.05
   90.00    150.00   -999.99  -999.99  -999.99      0.0000      0.00         1.8845E-15   -188.50  6.7038E-16   -201.88
    0.00    155.00     -2.61    -9.23    -1.75      0.0000     25.00 LINEAR  4.3435E-05     -1.04  2.0254E-05     -1.04
    5.00    155.00     -2.60    -9.13    -1.73      0.0027     25.25 RIGHT   4.3437E-05     -1.00  2.0483E-05     -1.41
   10.00    155.00     -2.60    -8.85    -1.68      0.0109     25.97 RIGHT   4.3448E-05     -0.89  2.1167E-05     -2.47
   15.00    155.00     -2.59    -8.40    -1.58      0.0239     27.12 RIGHT   4.3494E-05     -0.72  2.2295E-05     -4.09
   20.00    155.00     -2.57    -7.82    -1.43      0.0411     28.60 RIGHT   4.3613E-05     -0.49  2.3839E-05     -6.08
   25.00    155.00     -2.52    -7.15    -1.23      0.0611     30.29 RIGHT   4.3861E-05     -0.24  2.5745E-05     -8.25
   30.00    155.00     -2.43    -6.44    -0.98      0.0825     32.04 RIGHT   4.4298E-05      0.02  2.7923E-05    -10.45
   35.00    155.00     -2.30    -5.75    -0.68      0.1034     33.65 RIGHT   4.4982E-05      0.23  3.0235E-05    -12.55
   40.00    155.00     -2.12    -5.13    -0.35      0.1224     34.96 RIGHT   4.5952E-05      0.34  3.2495E-05    -14.47
   45.00    155.00     -1.88    -4.61    -0.03      0.1380     35.78 RIGHT   4.7198E-05      0.33  3.4466E-05    -16.19
   50.00    155.00     -1.62    -4.27     0.26      0.1495     36.00 RIGHT   4.8634E-05      0.14  3.5868E-05    -17.69
   55.00    155.00     -1.37    -4.14     0.47      0.1565     35.55 RIGHT   5.0070E-05     -0.21  3.6399E-05    -18.95
   60.00    155.00     -1.18    -4.30     0.55      0.1588     34.40 RIGHT   5.1172E-05     -0.73  3.5756E-05    -19.99
   65.00    155.00     -1.14    -4.82     0.41      0.1560     32.58 RIGHT   5.1443E-05     -1.39  3.3677E-05    -20.80
   70.00    155.00     -1.35    -5.83    -0.03      0.1481     30.16 RIGHT   5.0185E-05     -2.19  2.9980E-05    -21.41
   75.00    155.00     -2.03    -7.54    -0.95      0.1348     27.19 RIGHT   4.6435E-05     -3.15  2.4600E-05    -21.81
   80.00    155.00     -3.59   -10.44    -2.77      0.1159     23.74 RIGHT   3.8795E-05     -4.33  1.7622E-05    -22.01
   85.00    155.00     -7.43   -16.00    -6.86      0.0915     19.87 RIGHT   2.4935E-05     -5.92  9.2907E-06    -22.02
   90.00    155.00   -999.99  -999.99  -999.99      0.0000      0.00         1.9630E-15   -188.39  5.6189E-16   -201.85
    0.00    160.00     -2.29   -11.07    -1.75      0.0000     20.00 LINEAR  4.5035E-05     -1.04  1.6392E-05     -1.04
    5.00    160.00     -2.29   -10.97    -1.74      0.0023     20.21 RIGHT   4.5032E-05     -1.00  1.6575E-05     -1.41
   10.00    160.00     -2.29   -10.69    -1.71      0.0092     20.81 RIGHT   4.5031E-05     -0.89  1.7124E-05     -2.47
   15.00    160.00     -2.29   -10.24    -1.64      0.0203     21.78 RIGHT   4.5057E-05     -0.71  1.8028E-05     -4.08
   20.00    160.00     -2.27    -9.67    -1.54      0.0352     23.04 RIGHT   4.5154E-05     -0.47  1.9266E-05     -6.07
   25.00    160.00     -2.22    -9.00    -1.40      0.0531     24.48 RIGHT   4.5379E-05     -0.21  2.0793E-05     -8.24
   30.00    160.00     -2.15    -8.30    -1.20      0.0725     25.97 RIGHT   4.5797E-05      0.06  2.2536E-05    -10.43
   35.00    160.00     -2.02    -7.62    -0.96      0.0920     27.35 RIGHT   4.6473E-05      0.29  2.4386E-05    -12.52
   40.00    160.00     -1.84    -7.00    -0.68      0.1099     28.46 RIGHT   4.7447E-05      0.42  2.6192E-05    -14.45
   45.00    160.00     -1.61    -6.49    -0.39      0.1247     29.14 RIGHT   4.8712E-05      0.41  2.7764E-05    -16.17
   50.00    160.00     -1.35    -6.15    -0.11      0.1353     29.29 RIGHT   5.0182E-05      0.23  2.8878E-05    -17.66
   55.00    160.00     -1.10    -6.03     0.11      0.1411     28.85 RIGHT   5.1658E-05     -0.12  2.9291E-05    -18.93
   60.00    160.00     -0.91    -6.19     0.22      0.1418     27.81 RIGHT   5.2799E-05     -0.63  2.8761E-05    -19.96
   65.00    160.00     -0.86    -6.71     0.14      0.1376     26.22 RIGHT   5.3086E-05     -1.30  2.7079E-05    -20.78
   70.00    160.00     -1.08    -7.72    -0.22      0.1284     24.13 RIGHT   5.1798E-05     -2.10  2.4099E-05    -21.39
   75.00    160.00     -1.75    -9.44    -1.07      0.1147     21.63 RIGHT   4.7937E-05     -3.06  1.9770E-05    -21.79
   80.00    160.00     -3.31   -12.34    -2.80      0.0967     18.79 RIGHT   4.0057E-05     -4.24  1.4160E-05    -21.99
   85.00    160.00     -7.15   -17.90    -6.80      0.0749     15.65 RIGHT   2.5749E-05     -5.83  7.4646E-06    -22.00
   90.00    160.00   -999.99  -999.99  -999.99      0.0000      0.00         2.0272E-15   -188.31  4.5144E-16   -201.82
    0.00    165.00     -2.05   -13.49    -1.75      0.0000     15.00 LINEAR  4.6293E-05     -1.04  1.2404E-05     -1.04
    5.00    165.00     -2.05   -13.39    -1.75      0.0018     15.16 RIGHT   4.6286E-05     -1.00  1.2542E-05     -1.41
   10.00    165.00     -2.06   -13.11    -1.73      0.0072     15.63 RIGHT   4.6273E-05     -0.88  1.2954E-05     -2.46
   15.00    165.00     -2.05   -12.67    -1.69      0.0160     16.39 RIGHT   4.6283E-05     -0.70  1.3633E-05     -4.08
   20.00    165.00     -2.04   -12.10    -1.63      0.0279     17.37 RIGHT   4.6360E-05     -0.46  1.4562E-05     -6.06
   25.00    165.00     -2.00   -11.44    -1.53      0.0425     18.51 RIGHT   4.6564E-05     -0.18  1.5709E-05     -8.22
   30.00    165.00     -1.93   -10.74    -1.39      0.0586     19.68 RIGHT   4.6966E-05      0.10  1.7017E-05    -10.41
   35.00    165.00     -1.80   -10.06    -1.20      0.0751     20.76 RIGHT   4.7632E-05      0.33  1.8403E-05    -12.50
   40.00    165.00     -1.63    -9.45    -0.96      0.0905     21.63 RIGHT   4.8607E-05      0.47  1.9756E-05    -14.43
   45.00    165.00     -1.40    -8.95    -0.70      0.1032     22.15 RIGHT   4.9885E-05      0.48  2.0931E-05    -16.15
   50.00    165.00     -1.15    -8.61    -0.43      0.1121     22.24 RIGHT   5.1380E-05      0.31  2.1761E-05    -17.64
   55.00    165.00     -0.89    -8.49    -0.20      0.1165     21.85 RIGHT   5.2888E-05     -0.04  2.2064E-05    -18.91
   60.00    165.00     -0.70    -8.65    -0.06      0.1162     21.00 RIGHT   5.4058E-05     -0.55  2.1657E-05    -19.94
   65.00    165.00     -0.66    -9.18    -0.09      0.1113     19.72 RIGHT   5.4360E-05     -1.22  2.0385E-05    -20.76
   70.00    165.00     -0.87   -10.19    -0.39      0.1024     18.08 RIGHT   5.3049E-05     -2.02  1.8137E-05    -21.36
   75.00    165.00     -1.54   -11.91    -1.16      0.0901     16.14 RIGHT   4.9103E-05     -2.98  1.4876E-05    -21.77
   80.00    165.00     -3.10   -14.81    -2.82      0.0748     13.96 RIGHT   4.1037E-05     -4.16  1.0653E-05    -21.97
   85.00    165.00     -6.94   -20.37    -6.74      0.0571     11.59 RIGHT   2.6381E-05     -5.76  5.6156E-06    -21.98
   90.00    165.00   -999.99  -999.99  -999.99      0.0000      0.00         2.0770E-15   -188.24  3.3961E-16   -201.80
    0.00    170.00     -1.88   -16.96    -1.75      0.0000     10.00 LINEAR  4.7198E-05     -1.04  8.3222E-06     -1.04
    5.00    170.00     -1.89   -16.86    -1.75      0.0012     10.11 RIGHT   4.7188E-05     -1.00  8.4143E-06     -1.40
   10.00    170.00     -1.89   -16.58    -1.74      0.0049     10.43 RIGHT   4.7167E-05     -0.88  8.6892E-06     -2.46
   15.00    170.00     -1.89   -16.14    -1.73      0.0110     10.95 RIGHT   4.7164E-05     -0.69  9.1423E-06     -4.07
   20.00    170.00     -1.88   -15.57    -1.70      0.0194     11.63 RIGHT   4.7225E-05     -0.44  9.7621E-06     -6.05
   25.00    170.00     -1.84   -14.92    -1.64      0.0297     12.41 RIGHT   4.7413E-05     -0.16  1.0526E-05     -8.21
   30.00    170.00     -1.77   -14.23    -1.53      0.0413     13.22 RIGHT   4.7801E-05      0.13  1.1398E-05    -10.40
   35.00    170.00     -1.65   -13.55    -1.38      0.0533     13.96 RIGHT   4.8459E-05      0.37  1.2322E-05    -12.49
   40.00    170.00     -1.48   -12.94    -1.18      0.0646     14.55 RIGHT   4.9434E-05      0.52  1.3223E-05    -14.42
   45.00    170.00     -1.26   -12.44    -0.94      0.0740     14.90 RIGHT   5.0721E-05      0.53  1.4004E-05    -16.14
   50.00    170.00     -1.00   -12.10    -0.68      0.0804     14.94 RIGHT   5.2232E-05      0.36  1.4555E-05    -17.63
   55.00    170.00     -0.75   -11.98    -0.44      0.0833     14.66 RIGHT   5.3763E-05      0.02  1.4753E-05    -18.89
   60.00    170.00     -0.56   -12.15    -0.27      0.0825     14.05 RIGHT   5.4954E-05     -0.49  1.4477E-05    -19.93
   65.00    170.00     -0.51   -12.68    -0.26      0.0784     13.16 RIGHT   5.5266E-05     -1.16  1.3624E-05    -20.74
   70.00    170.00     -0.72   -13.69    -0.51      0.0713     12.03 RIGHT   5.3940E-05     -1.97  1.2119E-05    -21.35
   75.00    170.00     -1.39   -15.42    -1.23      0.0620     10.71 RIGHT   4.9933E-05     -2.93  9.9391E-06    -21.75
   80.00    170.00     -2.95   -18.32    -2.83      0.0509      9.24 RIGHT   4.1735E-05     -4.11  7.1170E-06    -21.95
   85.00    170.00     -6.79   -23.88    -6.70      0.0385      7.66 RIGHT   2.6832E-05     -5.70  3.7513E-06    -21.96
   90.00    170.00   -999.99  -999.99  -999.99      0.0000      0.00         2.1125E-15   -188.18  2.2686E-16   -201.79
    0.00    175.00     -1.78   -22.94    -1.75      0.0000      5.00 LINEAR  4.7743E-05     -1.04  4.1770E-06     -1.04
    5.00    175.00     -1.79   -22.85    -1.75      0.0006      5.06 RIGHT   4.7731E-05     -1.00  4.2231E-06     -1.40
   10.00    175.00     -1.79   -22.57    -1.75      0.0025      5.22 RIGHT   4.7705E-05     -0.88  4.3606E-06     -2.46
   15.00    175.00     -1.79   -22.13    -1.75      0.0056      5.48 RIGHT   4.7694E-05     -0.69  4.5872E-06     -4.07
   20.00    175.00     -1.78   -21.56    -1.74      0.0099      5.83 RIGHT   4.7745E-05     -0.44  4.8972E-06     -6.04
   25.00    175.00     -1.75   -20.91    -1.70      0.0153      6.23 RIGHT   4.7923E-05     -0.15  5.2794E-06     -8.20
   30.00    175.00     -1.68   -20.22    -1.62      0.0213      6.64 RIGHT   4.8303E-05      0.14  5.7153E-06    -10.39
   35.00    175.00     -1.57   -19.55    -1.50      0.0277      7.02 RIGHT   4.8955E-05      0.39  6.1770E-06    -12.48
   40.00    175.00     -1.39   -18.94    -1.32      0.0337      7.32 RIGHT   4.9929E-05      0.54  6.6269E-06    -14.41
   45.00    175.00     -1.17   -18.44    -1.09      0.0387      7.49 RIGHT   5.1221E-05      0.56  7.0170E-06    -16.13
   50.00    175.00     -0.92   -18.11    -0.84      0.0420      7.50 RIGHT   5.2742E-05      0.40  7.2914E-06    -17.62
   55.00    175.00     -0.67   -17.99    -0.59      0.0435      7.35 RIGHT   5.4286E-05      0.06  7.3892E-06    -18.88
   60.00    175.00     -0.48   -18.16    -0.40      0.0429      7.04 RIGHT   5.5490E-05     -0.46  7.2501E-06    -19.92
   65.00    175.00     -0.43   -18.68    -0.36      0.0405      6.58 RIGHT   5.5808E-05     -1.13  6.8217E-06    -20.74
   70.00    175.00     -0.64   -19.70    -0.58      0.0366      6.01 RIGHT   5.4473E-05     -1.93  6.0678E-06    -21.34
   75.00    175.00     -1.31   -21.42    -1.27      0.0316      5.34 RIGHT   5.0431E-05     -2.89  4.9757E-06    -21.74
   80.00    175.00     -2.87   -24.33    -2.83      0.0258      4.60 RIGHT   4.2153E-05     -4.08  3.5627E-06    -21.94
   85.00    175.00     -6.70   -29.89    -6.68      0.0193      3.81 RIGHT   2.7102E-05     -5.67  1.8778E-06    -21.96
   90.00    175.00   -999.99  -999.99  -999.99      0.0000      0.00         2.1338E-15   -188.15  1.1356E-16   -201.78
    0.00    180.00     -1.75  -999.99    -1.75      0.0000     -0.00 LINEAR  4.7926E-05     -1.04  4.8917E-16   -181.04
    5.00    180.00     -1.75  -999.99    -1.75      0.0000     -0.00 LINEAR  4.7913E-05     -1.00  4.9456E-16   -181.40
   10.00    180.00     -1.76  -999.99    -1.76      0.0000     -0.00 LINEAR  4.7885E-05     -0.88  5.1064E-16   -182.46
   15.00    180.00     -1.76  -999.99    -1.76      0.0000     -0.00 LINEAR  4.7871E-05     -0.69  5.3715E-16   -184.07
   20.00    180.00     -1.75  -999.99    -1.75      0.0000     -0.00 LINEAR  4.7919E-05     -0.43  5.7341E-16   -186.04
   25.00    180.00     -1.72  -999.99    -1.72      0.0000     -0.00 LINEAR  4.8094E-05     -0.14  6.1812E-16   -188.20
   30.00    180.00     -1.65  -999.99    -1.65      0.0000     -0.00 LINEAR  4.8470E-05      0.15  6.6909E-16   -190.39
   35.00    180.00     -1.54  -999.99    -1.54      0.0000     -0.00 LINEAR  4.9121E-05      0.40  7.2309E-16   -192.48
   40.00    180.00     -1.37  -999.99    -1.37      0.0000     -0.00 LINEAR  5.0094E-05      0.55  7.7569E-16   -194.41
   45.00    180.00     -1.14  -999.99    -1.14      0.0000     -0.00 LINEAR  5.1387E-05      0.57  8.2130E-16   -196.12
   50.00    180.00     -0.89  -999.99    -0.89      0.0000     -0.00 LINEAR  5.2912E-05      0.41  8.5336E-16   -197.62
   55.00    180.00     -0.64  -999.99    -0.64      0.0000     -0.00 LINEAR  5.4460E-05      0.07  8.6474E-16   -198.88
   60.00    180.00     -0.45  -999.99    -0.45      0.0000     -0.00 LINEAR  5.5668E-05     -0.45  8.4841E-16   -199.92
   65.00    180.00     -0.40  -999.99    -0.40      0.0000     -0.00 LINEAR  5.5988E-05     -1.11  7.9825E-16   -200.73
   70.00    180.00     -0.61  -999.99    -0.61      0.0000     -0.00 LINEAR  5.4651E-05     -1.92  7.1000E-16   -201.34
   75.00    180.00     -1.28  -999.99    -1.28      0.0000     -0.00 LINEAR  5.0596E-05     -2.88  5.8220E-16   -201.74
   80.00    180.00     -2.84  -999.99    -2.84      0.0000     -0.00 LINEAR  4.2293E-05     -4.07  4.1686E-16   -201.94
   85.00    180.00     -6.67  -999.99    -6.67      0.0000     -0.00 LINEAR  2.7192E-05     -5.66  2.1972E-16   -201.95
   90.00    180.00   -999.99  -999.99  -999.99      0.0000      0.00         2.1408E-15   -188.14  1.3287E-26    -21.78
    0.00    185.00     -1.78   -22.94    -1.75      0.0000     -5.00 LINEAR  4.7743E-05     -1.04  4.1770E-06   -181.04
    5.00    185.00     -1.79   -22.85    -1.75      0.0006     -5.06 LEFT    4.7731E-05     -1.00  4.2231E-06   -181.40
   10.00    185.00     -1.79   -22.57    -1.75      0.0025     -5.22 LEFT    4.7705E-05     -0.88  4.3606E-06   -182.46
   15.00    185.00     -1.79   -22.13    -1.75      0.0056     -5.48 LEFT    4.7694E-05     -0.69  4.5872E-06   -184.07
   20.00    185.00     -1.78   -21.56    -1.74      0.0099     -5.83 LEFT    4.7745E-05     -0.44  4.8972E-06   -186.04
   25.00    185.00     -1.75   -20.91    -1.70      0.0153     -6.23 LEFT    4.7923E-05     -0.15  5.2794E-06   -188.20
   30.00    185.00     -1.68   -20.22    -1.62      0.0213     -6.64 LEFT    4.8303E-05      0.14  5.7153E-06   -190.39
   35.00    185.00     -1.57   -19.55    -1.50      0.0277     -7.02 LEFT    4.8955E-05      0.39  6.1770E-06   -192.48
   40.00    185.00     -1.39   -18.94    -1.32      0.0337     -7.32 LEFT    4.9929E-05      0.54  6.6269E-06   -194.41
   45.00    185.00     -1.17   -18.44    -1.09      0.0387     -7.49 LEFT    5.1221E-05      0.56  7.0170E-06   -196.13
   50.00    185.00     -0.92   -18.11    -0.84      0.0420     -7.50 LEFT    5.2742E-05      0.40  7.2914E-06   -197.62
   55.00    185.00     -0.67   -17.99    -0.59      0.0435     -7.35 LEFT    5.4286E-05      0.06  7.3892E-06   -198.88
   60.00    185.00     -0.48   -18.16    -0.40      0.0429     -7.04 LEFT    5.5490E-05     -0.46  7.2501E-06   -199.92
   65.00    185.00     -0.43   -18.68    -0.36      0.0405     -6.58 LEFT    5.5808E-05     -1.13  6.8217E-06   -200.74
   70.00    185.00     -0.64   -19.70    -0.58      0.0366     -6.01 LEFT    5.4473E-05     -1.93  6.0678E-06   -201.34
   75.00    185.00     -1.31   -21.42    -1.27      0.0316     -5.34 LEFT    5.0431E-05     -2.89  4.9757E-06   -201.74
   80.00    185.00     -2.87   -24.33    -2.83      0.0258     -4.60 LEFT    4.2153E-05     -4.08  3.5627E-06   -201.94
   85.00    185.00     -6.70   -29.89    -6.68      0.0193     -3.81 LEFT    2.7102E-05     -5.67  1.8778E-06   -201.96
   90.00    185.00   -999.99  -999.99  -999.99      0.0000      0.00         2.1338E-15   -188.15  1.1356E-16    -21.78
    0.00    190.00     -1.88   -16.96    -1.75      0.0000    -10.00 LINEAR  4.7198E-05     -1.04  8.3222E-06   -181.04
    5.00    190.00     -1.89   -16.86    -1.75      0.0012    -10.11 LEFT    4.7188E-05     -1.00  8.4143E-06   -181.40
   10.00    190.00     -1.89   -16.58    -1.74      0.0049    -10.43 LEFT    4.7167E-05     -0.88  8.6892E-06   -182.46
   15.00    190.00     -1.89   -16.14    -1.73      0.0110    -10.95 LEFT    4.7164E-05     -0.69  9.1423E-06   -184.07
   20.00    190.00     -1.88   -15.57    -1.70      0.0194    -11.63 LEFT    4.7225E-05     -0.44  9.7621E-06   -186.05
   25.00    190.00     -1.84   -14.92    -1.64      0.0297    -12.41 LEFT    4.7413E-05     -0.16  1.0526E-05   -188.21
   30.00    190.00     -1.77   -14.23    -1.53      0.0413    -13.22 LEFT    4.7801E-05      0.13  1.1398E-05   -190.40
   35.00    190.00     -1.65   -13.55    -1.38      0.0533    -13.96 LEFT    4.8459E-05      0.37  1.2322E-05   -192.49
   40.00    190.00     -1.48   -12.94    -1.18      0.0646    -14.55 LEFT    4.9434E-05      0.52  1.3223E-05   -194.42
   45.00    190.00     -1.26   -12.44    -0.94      0.0740    -14.90 LEFT    5.0721E-05      0.53  1.4004E-05   -196.14
   50.00    190.00     -1.00   -12.10    -0.68      0.0804    -14.94 LEFT    5.2232E-05      0.36  1.4555E-05   -197.63
   55.00    190.00     -0.75   -11.98    -0.44      0.0833    -14.66 LEFT    5.3763E-05      0.02  1.4753E-05   -198.89
   60.00    190.00     -0.56   -12.15    -0.27      0.0825    -14.05 LEFT    5.4954E-05     -0.49  1.4477E-05   -199.93
   65.00    190.00     -0.51   -12.68    -0.26      0.0784    -13.16 LEFT    5.5266E-05     -1.16  1.3624E-05   -200.74
   70.00    190.00     -0.72   -13.69    -0.51      0.0713    -12.03 LEFT    5.3940E-05     -1.97  1.2119E-05   -201.35
   75.00    190.00     -1.39   -15.42    -1.23      0.0620    -10.71 LEFT    4.9933E-05     -2.93  9.9391E-06   -201.75
   80.00    190.00     -2.95   -18.32    -2.83      0.0509     -9.24 LEFT    4.1735E-05     -4.11  7.1170E-06   -201.95
   85.00    190.00     -6.79   -23.88    -6.70      0.0385     -7.66 LEFT    2.6832E-05     -5.70  3.7513E-06   -201.96
   90.00    190.00   -999.99  -999.99  -999.99      0.0000      0.00         2.1125E-15   -188.18  2.2686E-16    -21.79
    0.00    195.00     -2.05   -13.49    -1.75      0.0000    -15.00 LINEAR  4.6293E-05     -1.04  1.2404E-05   -181.04
    5.00    195.00     -2.05   -13.39    -1.75      0.0018    -15.16 LEFT    4.6286E-05     -1.00  1.2542E-05   -181.41
   10.00    195.00     -2.06   -13.11    -1.73      0.0072    -15.63 LEFT    4.6273E-05     -0.88  1.2954E-05   -182.46
   15.00    195.00     -2.05   -12.67    -1.69      0.0160    -16.39 LEFT    4.6283E-05     -0.70  1.3633E-05   -184.08
   20.00    195.00     -2.04   -12.10    -1.63      0.0279    -17.37 LEFT    4.6360E-05     -0.46  1.4562E-05   -186.06
   25.00    195.00     -2.00   -11.44    -1.53      0.0425    -18.51 LEFT    4.6564E-05     -0.18  1.5709E-05   -188.22
   30.00    195.00     -1.93   -10.74    -1.39      0.0586    -19.68 LEFT    4.6966E-05      0.10  1.7017E-05   -190.41
   35.00    195.00     -1.80   -10.06    -1.20      0.0751    -20.76 LEFT    4.7632E-05      0.33  1.8403E-05   -192.50
   40.00    195.00     -1.63    -9.45    -0.96      0.0905    -21.63 LEFT    4.8607E-05      0.47  1.9756E-05   -194.43
   45.00    195.00     -1.40    -8.95    -0.70      0.1032    -22.15 LEFT    4.9885E-05      0.48  2.0931E-05   -196.15
   50.00    195.00     -1.15    -8.61    -0.43      0.1121    -22.24 LEFT    5.1380E-05      0.31  2.1761E-05   -197.64
   55.00    195.00     -0.89    -8.49    -0.20      0.1165    -21.85 LEFT    5.2888E-05     -0.04  2.2064E-05   -198.91
   60.00    195.00     -0.70    -8.65    -0.06      0.1162    -21.00 LEFT    5.4058E-05     -0.55  2.1657E-05   -199.94
   65.00    195.00     -0.66    -9.18    -0.09      0.1113    -19.72 LEFT    5.4360E-05     -1.22  2.0385E-05   -200.76
   70.00    195.00     -0.87   -10.19    -0.39      0.1024    -18.08 LEFT    5.3049E-05     -2.02  1.8137E-05   -201.36
   75.00    195.00     -1.54   -11.91    -1.16      0.0901    -16.14 LEFT    4.9103E-05     -2.98  1.4876E-05   -201.77
   80.00    195.00     -3.10   -14.81    -2.82      0.0748    -13.96 LEFT    4.1037E-05     -4.16  1.0653E-05   -201.97
   85.00    195.00     -6.94   -20.37    -6.74      0.0571    -11.59 LEFT    2.6381E-05     -5.76  5.6156E-06   -201.98
   90.00    195.00   -999.99  -999.99  -999.99      0.0000      0.00         2.0769E-15   -188.24  3.3960E-16    -21.80
    0.00    200.00     -2.29   -11.07    -1.75      0.0000    -20.00 LINEAR  4.5035E-05     -1.04  1.6392E-05   -181.04
    5.00    200.00     -2.29   -10.97    -1.74      0.0023    -20.21 LEFT    4.5032E-05     -1.00  1.6575E-05   -181.41
   10.00    200.00     -2.29   -10.69    -1.71      0.0092    -20.81 LEFT    4.5031E-05     -0.89  1.7124E-05   -182.47
   15.00    200.00     -2.29   -10.24    -1.64      0.0203    -21.78 LEFT    4.5057E-05     -0.71  1.8028E-05   -184.08
   20.00    200.00     -2.27    -9.67    -1.54      0.0352    -23.04 LEFT    4.5154E-05     -0.47  1.9266E-05   -186.07
   25.00    200.00     -2.22    -9.00    -1.40      0.0531    -24.48 LEFT    4.5379E-05     -0.21  2.0793E-05   -188.24
   30.00    200.00     -2.15    -8.30    -1.20      0.0725    -25.97 LEFT    4.5797E-05      0.06  2.2536E-05   -190.43
   35.00    200.00     -2.02    -7.62    -0.96      0.0920    -27.35 LEFT    4.6473E-05      0.29  2.4386E-05   -192.52
   40.00    200.00     -1.84    -7.00    -0.68      0.1099    -28.46 LEFT    4.7447E-05      0.42  2.6192E-05   -194.45
   45.00    200.00     -1.61    -6.49    -0.39      0.1247    -29.14 LEFT    4.8712E-05      0.41  2.7764E-05   -196.17
   50.00    200.00     -1.35    -6.15    -0.11      0.1353    -29.29 LEFT    5.0182E-05      0.23  2.8878E-05   -197.66
   55.00    200.00     -1.10    -6.03     0.11      0.1411    -28.85 LEFT    5.1658E-05     -0.12  2.9291E-05   -198.93
   60.00    200.00     -0.91    -6.19     0.22      0.1418    -27.81 LEFT    5.2799E-05     -0.63  2.8761E-05   -199.96
   65.00    200.00     -0.86    -6.71     0.14      0.1376    -26.22 LEFT    5.3086E-05     -1.30  2.7079E-05   -200.78
   70.00    200.00     -1.08    -7.72    -0.22      0.1284    -24.13 LEFT    5.1798E-05     -2.10  2.4099E-05   -201.39
   75.00    200.00     -1.75    -9.44    -1.07      0.1147    -21.63 LEFT    4.7937E-05     -3.06  1.9770E-05   -201.79
   80.00    200.00     -3.31   -12.34    -2.80      0.0967    -18.79 LEFT    4.0057E-05     -4.24  1.4160E-05   -201.99
   85.00    200.00     -7.15   -17.90    -6.80      0.0749    -15.65 LEFT    2.5749E-05     -5.83  7.4646E-06   -202.00
   90.00    200.00   -999.99  -999.99  -999.99      0.0000      0.00         2.0272E-15   -188.31  4.5144E-16    -21.82
    0.00    205.00     -2.61    -9.23    -1.75      0.0000    -25.00 LINEAR  4.3435E-05     -1.04  2.0254E-05   -181.04
    5.00    205.00     -2.60    -9.13    -1.73      0.0027    -25.25 LEFT    4.3437E-05     -1.00  2.0483E-05   -181.41
   10.00    205.00     -2.60    -8.85    -1.68      0.0109    -25.97 LEFT    4.3448E-05     -0.89  2.1167E-05   -182.47
   15.00    205.00     -2.59    -8.40    -1.58      0.0239    -27.12 LEFT    4.3494E-05     -0.72  2.2295E-05   -184.09
   20.00    205.00     -2.57    -7.82    -1.43      0.0411    -28.60 LEFT    4.3613E-05     -0.49  2.3839E-05   -186.08
   25.00    205.00     -2.52    -7.15    -1.23      0.0611    -30.29 LEFT    4.3861E-05     -0.24  2.5745E-05   -188.25
   30.00    205.00     -2.43    -6.44    -0.98      0.0825    -32.04 LEFT    4.4298E-05      0.02  2.7923E-05   -190.45
   35.00    205.00     -2.30    -5.75    -0.68      0.1034    -33.65 LEFT    4.4982E-05      0.23  3.0235E-05   -192.55
   40.00    205.00     -2.12    -5.13    -0.35      0.1224    -34.96 LEFT    4.5952E-05      0.34  3.2495E-05   -194.47
   45.00    205.00     -1.88    -4.61    -0.03      0.1380    -35.78 LEFT    4.7198E-05      0.33  3.4466E-05   -196.19
   50.00    205.00     -1.62    -4.27     0.26      0.1495    -36.00 LEFT    4.8634E-05      0.14  3.5868E-05   -197.69
   55.00    205.00     -1.37    -4.14     0.47      0.1565    -35.55 LEFT    5.0070E-05     -0.21  3.6399E-05   -198.95
   60.00    205.00     -1.18    -4.30     0.55      0.1588    -34.40 LEFT    5.1172E-05     -0.73  3.5756E-05   -199.99
   65.00    205.00     -1.14    -4.82     0.41      0.1560    -32.58 LEFT    5.1443E-05     -1.39  3.3677E-05   -200.80
   70.00    205.00     -1.35    -5.83    -0.03      0.1481    -30.16 LEFT    5.0185E-05     -2.19  2.9980E-05   -201.41
   75.00    205.00     -2.03    -7.54    -0.95      0.1348    -27.19 LEFT    4.6435E-05     -3.15  2.4600E-05   -201.81
   80.00    205.00     -3.59   -10.44    -2.77      0.1159    -23.74 LEFT    3.8795E-05     -4.33  1.7622E-05   -202.01
   85.00    205.00     -7.43   -16.00    -6.86      0.0915    -19.87 LEFT    2.4935E-05     -5.92  9.2907E-06   -202.02
   90.00    205.00   -999.99  -999.99  -999.99      0.0000      0.00         1.9630E-15   -188.40  5.6189E-16    -21.85
    0.00    210.00     -3.00    -7.77    -1.75      0.0000    -30.00 LINEAR  4.1505E-05     -1.04  2.3963E-05   -181.04
    5.00    210.00     -3.00    -7.67    -1.72      0.0031    -30.28 LEFT    4.1511E-05     -1.00  2.4236E-05   -181.41
   10.00    210.00     -2.99    -7.38    -1.65      0.0122    -31.09 LEFT    4.1536E-05     -0.90  2.5054E-05   -182.48
   15.00    210.00     -2.98    -6.93    -1.51      0.0266    -32.38 LEFT    4.1602E-05     -0.73  2.6402E-05   -184.10
   20.00    210.00     -2.95    -6.34    -1.31      0.0452    -34.04 LEFT    4.1745E-05     -0.52  2.8249E-05   -186.10
   25.00    210.00     -2.89    -5.67    -1.05      0.0665    -35.92 LEFT    4.2016E-05     -0.28  3.0531E-05   -188.28
   30.00    210.00     -2.80    -4.96    -0.74      0.0885    -37.85 LEFT    4.2470E-05     -0.04  3.3139E-05   -190.47
   35.00    210.00     -2.66    -4.26    -0.38      0.1096    -39.63 LEFT    4.3161E-05      0.16  3.5911E-05   -192.57
   40.00    210.00     -2.47    -3.62     0.00      0.1284    -41.07 LEFT    4.4121E-05      0.26  3.8624E-05   -194.50
   45.00    210.00     -2.23    -3.11     0.36      0.1438    -42.00 LEFT    4.5340E-05      0.23  4.0995E-05   -196.22
   50.00    210.00     -1.97    -2.76     0.67      0.1555    -42.28 LEFT    4.6734E-05      0.04  4.2690E-05   -197.72
   55.00    210.00     -1.72    -2.62     0.86      0.1633    -41.85 LEFT    4.8118E-05     -0.32  4.3346E-05   -198.98
   60.00    210.00     -1.53    -2.77     0.90      0.1671    -40.67 LEFT    4.9174E-05     -0.84  4.2601E-05   -200.02
   65.00    210.00     -1.48    -3.29     0.72      0.1665    -38.74 LEFT    4.9426E-05     -1.50  4.0141E-05   -200.83
   70.00    210.00     -1.70    -4.30     0.20      0.1609    -36.09 LEFT    4.8206E-05     -2.30  3.5746E-05   -201.44
   75.00    210.00     -2.38    -6.01    -0.81      0.1496    -32.77 LEFT    4.4594E-05     -3.25  2.9339E-05   -201.84
   80.00    210.00     -3.94    -8.91    -2.74      0.1318    -28.82 LEFT    3.7250E-05     -4.43  2.1021E-05   -202.04
   85.00    210.00     -7.78   -14.47    -6.94      0.1065    -24.28 LEFT    2.3939E-05     -6.02  1.1084E-05   -202.05
   90.00    210.00   -999.99  -999.99  -999.99      0.0000      0.00         1.8845E-15   -188.50  6.7037E-16    -21.88
    0.00    215.00     -3.48    -6.58    -1.75      0.0000    -35.00 LINEAR  3.9258E-05     -1.04  2.7489E-05   -181.04
    5.00    215.00     -3.48    -6.48    -1.72      0.0034    -35.30 LEFT    3.9269E-05     -1.00  2.7806E-05   -181.41
   10.00    215.00     -3.47    -6.19    -1.61      0.0131    -36.18 LEFT    3.9307E-05     -0.90  2.8755E-05   -182.48
   15.00    215.00     -3.45    -5.73    -1.43      0.0284    -37.57 LEFT    3.9393E-05     -0.75  3.0320E-05   -184.12
   20.00    215.00     -3.42    -5.13    -1.18      0.0477    -39.35 LEFT    3.9560E-05     -0.55  3.2464E-05   -186.12
   25.00    215.00     -3.35    -4.45    -0.86      0.0692    -41.35 LEFT    3.9851E-05     -0.32  3.5115E-05   -188.30
   30.00    215.00     -3.25    -3.73    -0.48      0.0909    -43.39 LEFT    4.0319E-05     -0.09  3.8147E-05   -190.50
   35.00    215.00     -3.10    -3.03    -0.06      0.1111    -45.26 LEFT    4.1011E-05      0.08  4.1373E-05   -192.60
   40.00    215.00     -2.91    -2.39     0.37      0.1288    -46.77 LEFT    4.1955E-05      0.17  4.4536E-05   -194.53
   45.00    215.00     -2.66    -1.86     0.76      0.1433    -47.75 LEFT    4.3138E-05      0.12  4.7306E-05   -196.25
   50.00    215.00     -2.40    -1.51     1.08      0.1546    -48.09 LEFT    4.4479E-05     -0.08  4.9297E-05   -197.75
   55.00    215.00     -2.14    -1.37     1.27      0.1628    -47.70 LEFT    4.5802E-05     -0.44  5.0085E-05   -199.01
   60.00    215.00     -1.96    -1.51     1.28      0.1679    -46.54 LEFT    4.6804E-05     -0.96  4.9251E-05   -200.05
   65.00    215.00     -1.91    -2.03     1.04      0.1695    -44.61 LEFT    4.7035E-05     -1.63  4.6428E-05   -200.86
   70.00    215.00     -2.13    -3.03     0.45      0.1668    -41.88 LEFT    4.5862E-05     -2.42  4.1361E-05   -201.47
   75.00    215.00     -2.81    -4.74    -0.66      0.1587    -38.35 LEFT    4.2415E-05     -3.37  3.3957E-05   -201.87
   80.00    215.00     -4.38    -7.64    -2.70      0.1435    -34.02 LEFT    3.5422E-05     -4.54  2.4335E-05   -202.07
   85.00    215.00     -8.22   -13.20    -7.02      0.1193    -28.91 LEFT    2.2761E-05     -6.13  1.2833E-05   -202.08
   90.00    215.00   -999.99  -999.99  -999.99      0.0000      0.00         1.7917E-15   -188.61  7.7617E-16    -21.91
    0.00    220.00     -4.07    -5.59    -1.75      0.0000    -40.00 LINEAR  3.6713E-05     -1.04  3.0806E-05   -181.04
    5.00    220.00     -4.06    -5.49    -1.71      0.0035    -40.32 LEFT    3.6728E-05     -1.00  3.1166E-05   -181.41
   10.00    220.00     -4.05    -5.19    -1.57      0.0137    -41.24 LEFT    3.6778E-05     -0.91  3.2242E-05   -182.49
   15.00    220.00     -4.03    -4.73    -1.35      0.0293    -42.68 LEFT    3.6882E-05     -0.76  3.4017E-05   -184.13
   20.00    220.00     -3.98    -4.13    -1.04      0.0486    -44.52 LEFT    3.7068E-05     -0.57  3.6451E-05   -186.14
   25.00    220.00     -3.91    -3.44    -0.66      0.0695    -46.57 LEFT    3.7377E-05     -0.36  3.9461E-05   -188.32
   30.00    220.00     -3.80    -2.71    -0.21      0.0900    -48.64 LEFT    3.7853E-05     -0.15  4.2908E-05   -190.53
   35.00    220.00     -3.64    -2.00     0.27      0.1087    -50.53 LEFT    3.8539E-05      0.00  4.6579E-05   -192.63
   40.00    220.00     -3.44    -1.35     0.74      0.1247    -52.04 LEFT    3.9457E-05      0.07  5.0183E-05   -194.56
   45.00    220.00     -3.19    -0.82     1.16      0.1378    -53.04 LEFT    4.0594E-05      0.01  5.3348E-05   -196.29
   50.00    220.00     -2.92    -0.46     1.49      0.1483    -53.41 LEFT    4.1871E-05     -0.20  5.5634E-05   -197.78
   55.00    220.00     -2.67    -0.31     1.68      0.1565    -53.07 LEFT    4.3121E-05     -0.57  5.6561E-05   -199.04
   60.00    220.00     -2.48    -0.45     1.66      0.1625    -52.00 LEFT    4.4061E-05     -1.09  5.5651E-05   -200.08
   65.00    220.00     -2.44    -0.96     1.37      0.1660    -50.13 LEFT    4.4269E-05     -1.76  5.2487E-05   -200.90
   70.00    220.00     -2.66    -1.96     0.71      0.1663    -47.44 LEFT    4.3155E-05     -2.55  4.6777E-05   -201.50
   75.00    220.00     -3.34    -3.67    -0.49      0.1619    -43.86 LEFT    3.9900E-05     -3.49  3.8416E-05   -201.90
   80.00    220.00     -4.91    -6.56    -2.65      0.1505    -39.32 LEFT    3.3314E-05     -4.67  2.7536E-05   -202.11
   85.00    220.00     -8.75   -12.12    -7.11      0.1291    -33.77 LEFT    2.1404E-05     -6.25  1.4523E-05   -202.12
   90.00    220.00   -999.99  -999.99  -999.99      0.0000      0.00         1.6847E-15   -188.73  8.7844E-16    -21.94
    0.00    225.00     -4.76    -4.76    -1.75      0.0000    -45.00 LINEAR  3.3889E-05     -1.04  3.3889E-05   -181.04
    5.00    225.00     -4.76    -4.66    -1.70      0.0036    -45.32 LEFT    3.3907E-05     -1.01  3.4289E-05   -181.41
   10.00    225.00     -4.74    -4.36    -1.54      0.0138    -46.25 LEFT    3.3967E-05     -0.92  3.5487E-05   -182.50
   15.00    225.00     -4.71    -3.89    -1.27      0.0292    -47.71 LEFT    3.4085E-05     -0.78  3.7465E-05   -184.14
   20.00    225.00     -4.66    -3.28    -0.91      0.0479    -49.54 LEFT    3.4287E-05     -0.60  4.0177E-05   -186.16
   25.00    225.00     -4.58    -2.59    -0.46      0.0676    -51.58 LEFT    3.4606E-05     -0.40  4.3534E-05   -188.35
   30.00    225.00     -4.46    -1.85     0.05      0.0865    -53.61 LEFT    3.5082E-05     -0.22  4.7381E-05   -190.56
   35.00    225.00     -4.30    -1.13     0.58      0.1032    -55.45 LEFT    3.5752E-05     -0.08  5.1483E-05   -192.66
   40.00    225.00     -4.08    -0.47     1.10      0.1172    -56.92 LEFT    3.6634E-05     -0.03  5.5515E-05   -194.60
   45.00    225.00     -3.83     0.06     1.55      0.1288    -57.89 LEFT    3.7712E-05     -0.10  5.9066E-05   -196.32
   50.00    225.00     -3.56     0.44     1.89      0.1383    -58.27 LEFT    3.8912E-05     -0.32  6.1644E-05   -197.81
   55.00    225.00     -3.30     0.59     2.07      0.1461    -58.00 LEFT    4.0079E-05     -0.70  6.2713E-05   -199.08
   60.00    225.00     -3.12     0.45     2.03      0.1526    -57.02 LEFT    4.0950E-05     -1.23  6.1741E-05   -200.11
   65.00    225.00     -3.08    -0.05     1.70      0.1575    -55.29 LEFT    4.1135E-05     -1.89  5.8260E-05   -200.93
   70.00    225.00     -3.30    -1.05     0.98      0.1603    -52.74 LEFT    4.0089E-05     -2.68  5.1942E-05   -201.54
   75.00    225.00     -3.99    -2.76    -0.32      0.1595    -49.24 LEFT    3.7055E-05     -3.62  4.2672E-05   -201.94
   80.00    225.00     -5.55    -5.65    -2.59      0.1526    -44.67 LEFT    3.0932E-05     -4.79  3.0594E-05   -202.14
   85.00    225.00     -9.40   -11.21    -7.20      0.1355    -38.86 LEFT    1.9870E-05     -6.37  1.6138E-05   -202.15
   90.00    225.00   -999.99  -999.99  -999.99      0.0000      0.00         1.5639E-15   -188.85  9.7615E-16    -21.97
    0.00    230.00     -5.59    -4.07    -1.75      0.0000    -50.00 LINEAR  3.0806E-05     -1.04  3.6713E-05   -181.04
    5.00    230.00     -5.58    -3.96    -1.69      0.0035    -50.32 LEFT    3.0827E-05     -1.01  3.7152E-05   -181.42
   10.00    230.00     -5.56    -3.66    -1.50      0.0134    -51.23 LEFT    3.0895E-05     -0.93  3.8466E-05   -182.50
   15.00    230.00     -5.53    -3.18    -1.19      0.0283    -52.65 LEFT    3.1022E-05     -0.80  4.0635E-05   -184.15
   20.00    230.00     -5.47    -2.57    -0.77      0.0458    -54.43 LEFT    3.1232E-05     -0.63  4.3611E-05   -186.18
   25.00    230.00     -5.38    -1.87    -0.27      0.0639    -56.39 LEFT    3.1553E-05     -0.45  4.7297E-05   -188.37
   30.00    230.00     -5.25    -1.12     0.30      0.0807    -58.33 LEFT    3.2020E-05     -0.28  5.1524E-05   -190.58
   35.00    230.00     -5.08    -0.39     0.88      0.0953    -60.06 LEFT    3.2662E-05     -0.16  5.6037E-05   -192.69
   40.00    230.00     -4.86     0.27     1.43      0.1074    -61.44 LEFT    3.3495E-05     -0.12  6.0481E-05   -194.63
   45.00    230.00     -4.61     0.82     1.91      0.1173    -62.36 LEFT    3.4502E-05     -0.21  6.4402E-05   -196.35
   50.00    230.00     -4.33     1.19     2.27      0.1256    -62.73 LEFT    3.5613E-05     -0.45  6.7263E-05   -197.85
   55.00    230.00     -4.07     1.35     2.44      0.1329    -62.51 LEFT    3.6685E-05     -0.83  6.8477E-05   -199.11
   60.00    230.00     -3.89     1.22     2.39      0.1394    -61.65 LEFT    3.7480E-05     -1.36  6.7454E-05   -200.15
   65.00    230.00     -3.85     0.72     2.02      0.1452    -60.10 LEFT    3.7642E-05     -2.02  6.3683E-05   -200.96
   70.00    230.00     -4.07    -0.27     1.24      0.1498    -57.75 LEFT    3.6675E-05     -2.81  5.6801E-05   -201.57
   75.00    230.00     -4.76    -1.98    -0.14      0.1521    -54.46 LEFT    3.3890E-05     -3.75  4.6678E-05   -201.97
   80.00    230.00     -6.33    -4.87    -2.53      0.1495    -50.03 LEFT    2.8284E-05     -4.91  3.3473E-05   -202.17
   85.00    230.00    -10.18   -10.42    -7.29      0.1377    -44.16 LEFT    1.8166E-05     -6.50  1.7659E-05   -202.18
   90.00    230.00   -999.99  -999.99  -999.99      0.0000      0.00         1.4297E-15   -188.97  1.0682E-15    -22.00
    0.00    235.00     -6.58    -3.48    -1.75      0.0000    -55.00 LINEAR  2.7489E-05     -1.04  3.9258E-05   -181.04
    5.00    235.00     -6.57    -3.38    -1.68      0.0033    -55.30 LEFT    2.7512E-05     -1.01  3.9734E-05   -181.42
   10.00    235.00     -6.55    -3.07    -1.46      0.0127    -56.17 LEFT    2.7583E-05     -0.93  4.1154E-05   -182.51
   15.00    235.00     -6.51    -2.59    -1.11      0.0265    -57.52 LEFT    2.7714E-05     -0.81  4.3501E-05   -184.17
   20.00    235.00     -6.44    -1.97    -0.64      0.0425    -59.19 LEFT    2.7924E-05     -0.66  4.6723E-05   -186.19
   25.00    235.00     -6.35    -1.26    -0.09      0.0587    -61.01 LEFT    2.8238E-05     -0.49  5.0716E-05   -188.40
   30.00    235.00     -6.21    -0.51     0.53      0.0733    -62.80 LEFT    2.8684E-05     -0.34  5.5299E-05   -190.61
   35.00    235.00     -6.03     0.23     1.15      0.0857    -64.39 LEFT    2.9286E-05     -0.24  6.0196E-05   -192.72
   40.00    235.00     -5.80     0.90     1.74      0.0959    -65.65 LEFT    3.0057E-05     -0.22  6.5025E-05   -194.66
   45.00    235.00     -5.54     1.45     2.24      0.1042    -66.48 LEFT    3.0978E-05     -0.32  6.9296E-05   -196.38
   50.00    235.00     -5.26     1.84     2.61      0.1113    -66.83 LEFT    3.1987E-05     -0.57  7.2428E-05   -197.88
   55.00    235.00     -5.00     2.00     2.79      0.1178    -66.66 LEFT    3.2955E-05     -0.96  7.3782E-05   -199.14
   60.00    235.00     -4.82     1.87     2.71      0.1240    -65.93 LEFT    3.3667E-05     -1.49  7.2722E-05   -200.18
   65.00    235.00     -4.78     1.38     2.32      0.1301    -64.56 LEFT    3.3806E-05     -2.15  6.8689E-05   -200.99
   70.00    235.00     -5.01     0.39     1.49      0.1359    -62.47 LEFT    3.2928E-05     -2.94  6.1290E-05   -201.60
   75.00    235.00     -5.70    -1.32     0.03      0.1404    -59.49 LEFT    3.0420E-05     -3.87  5.0383E-05   -202.00
   80.00    235.00     -7.27    -4.20    -2.46      0.1416    -55.34 LEFT    2.5382E-05     -5.04  3.6138E-05   -202.20
   85.00    235.00    -11.12    -9.76    -7.37      0.1352    -49.64 LEFT    1.6300E-05     -6.62  1.9067E-05   -202.21
   90.00    235.00   -999.99  -999.99  -999.99      0.0000      0.00         1.2828E-15   -189.09  1.1535E-15    -22.04
    0.00    240.00     -7.77    -3.00    -1.75      0.0000    -60.00 LINEAR  2.3963E-05     -1.04  4.1505E-05   -181.04
    5.00    240.00     -7.76    -2.89    -1.67      0.0031    -60.28 LEFT    2.3986E-05     -1.01  4.2012E-05   -181.42
   10.00    240.00     -7.74    -2.59    -1.43      0.0116    -61.08 LEFT    2.4057E-05     -0.94  4.3531E-05   -182.52
   15.00    240.00     -7.69    -2.10    -1.04      0.0241    -62.31 LEFT    2.4185E-05     -0.83  4.6039E-05   -184.18
   20.00    240.00     -7.62    -1.47    -0.53      0.0382    -63.83 LEFT    2.4387E-05     -0.69  4.9485E-05   -186.21
   25.00    240.00     -7.51    -0.75     0.08      0.0522    -65.47 LEFT    2.4683E-05     -0.53  5.3757E-05   -188.42
   30.00    240.00     -7.37     0.01     0.74      0.0646    -67.07 LEFT    2.5095E-05     -0.40  5.8664E-05   -190.64
   35.00    240.00     -7.18     0.75     1.40      0.0749    -68.48 LEFT    2.5645E-05     -0.31  6.3913E-05   -192.75
   40.00    240.00     -6.95     1.43     2.02      0.0833    -69.59 LEFT    2.6339E-05     -0.31  6.9095E-05   -194.69
   45.00    240.00     -6.68     1.99     2.54      0.0901    -70.32 LEFT    2.7161E-05     -0.42  7.3689E-05   -196.41
   50.00    240.00     -6.40     2.38     2.92      0.0961    -70.64 LEFT    2.8055E-05     -0.68  7.7072E-05   -197.91
   55.00    240.00     -6.14     2.54     3.09      0.1017    -70.51 LEFT    2.8908E-05     -1.07  7.8561E-05   -199.17
   60.00    240.00     -5.96     2.42     3.01      0.1074    -69.90 LEFT    2.9530E-05     -1.61  7.7473E-05   -200.21
   65.00    240.00     -5.92     1.93     2.59      0.1133    -68.73 LEFT    2.9647E-05     -2.27  7.3209E-05   -201.02
   70.00    240.00     -6.15     0.94     1.72      0.1194    -66.93 LEFT    2.8871E-05     -3.05  6.5348E-05   -201.63
   75.00    240.00     -6.84    -0.76     0.20      0.1253    -64.31 LEFT    2.6665E-05     -3.99  5.3733E-05   -202.03
   80.00    240.00     -8.42    -3.64    -2.39      0.1293    -60.58 LEFT    2.2244E-05     -5.15  3.8549E-05   -202.23
   85.00    240.00    -12.27    -9.19    -7.45      0.1279    -55.27 LEFT    1.4283E-05     -6.73  2.0342E-05   -202.24
   90.00    240.00   -999.99  -999.99  -999.99      0.0000      0.00         1.1240E-15   -189.20  1.2306E-15    -22.06
    0.00    245.00     -9.23    -2.61    -1.75      0.0000    -65.00 LINEAR  2.0254E-05     -1.04  4.3435E-05   -181.04
    5.00    245.00     -9.22    -2.50    -1.66      0.0027    -65.25 LEFT    2.0276E-05     -1.01  4.3972E-05   -181.42
   10.00    245.00     -9.19    -2.19    -1.40      0.0102    -65.95 LEFT    2.0343E-05     -0.95  4.5576E-05   -182.52
   15.00    245.00     -9.14    -1.70    -0.98      0.0210    -67.03 LEFT    2.0463E-05     -0.84  4.8227E-05   -184.19
   20.00    245.00     -9.06    -1.06    -0.42      0.0331    -68.36 LEFT    2.0648E-05     -0.71  5.1870E-05   -186.23
   25.00    245.00     -8.95    -0.34     0.22      0.0447    -69.78 LEFT    2.0915E-05     -0.57  5.6389E-05   -188.44
   30.00    245.00     -8.80     0.43     0.92      0.0549    -71.16 LEFT    2.1282E-05     -0.45  6.1583E-05   -190.66
   35.00    245.00     -8.61     1.18     1.61      0.0633    -72.36 LEFT    2.1764E-05     -0.37  6.7143E-05   -192.78
   40.00    245.00     -8.37     1.86     2.26      0.0700    -73.30 LEFT    2.2368E-05     -0.39  7.2641E-05   -194.72
   45.00    245.00     -8.10     2.43     2.80      0.0755    -73.93 LEFT    2.3078E-05     -0.51  7.7523E-05   -196.44
   50.00    245.00     -7.81     2.82     3.18      0.0803    -74.21 LEFT    2.3845E-05     -0.78  8.1132E-05   -197.94
   55.00    245.00     -7.55     2.99     3.36      0.0850    -74.11 LEFT    2.4572E-05     -1.18  8.2744E-05   -199.20
   60.00    245.00     -7.37     2.88     3.27      0.0900    -73.61 LEFT    2.5100E-05     -1.71  8.1637E-05   -200.23
   65.00    245.00     -7.34     2.39     2.83      0.0953    -72.65 LEFT    2.5195E-05     -2.37  7.7175E-05   -201.05
   70.00    245.00     -7.57     1.40     1.92      0.1013    -71.15 LEFT    2.4530E-05     -3.16  6.8910E-05   -201.66
   75.00    245.00     -8.26    -0.29     0.35      0.1075    -68.93 LEFT    2.2651E-05     -4.09  5.6677E-05   -202.06
   80.00    245.00     -9.84    -3.18    -2.33      0.1132    -65.72 LEFT    1.8892E-05     -5.25  4.0669E-05   -202.26
   85.00    245.00    -13.69    -8.73    -7.52      0.1156    -61.00 LEFT    1.2129E-05     -6.83  2.1463E-05   -202.27
   90.00    245.00   -999.99  -999.99  -999.99      0.0000      0.00         9.5450E-16   -189.30  1.2985E-15    -22.09
    0.00    250.00    -11.07    -2.29    -1.75      0.0000    -70.00 LINEAR  1.6392E-05     -1.04  4.5035E-05   -181.04
    5.00    250.00    -11.06    -2.18    -1.65      0.0023    -70.21 LEFT    1.6411E-05     -1.01  4.5596E-05   -181.42
   10.00    250.00    -11.03    -1.87    -1.37      0.0085    -70.80 LEFT    1.6470E-05     -0.95  4.7273E-05   -182.53
   15.00    250.00    -10.97    -1.37    -0.92      0.0174    -71.70 LEFT    1.6574E-05     -0.85  5.0045E-05   -184.20
   20.00    250.00    -10.89    -0.74    -0.34      0.0272    -72.80 LEFT    1.6734E-05     -0.73  5.3855E-05   -186.24
   25.00    250.00    -10.77    -0.01     0.34      0.0366    -73.97 LEFT    1.6962E-05     -0.60  5.8584E-05   -188.46
   30.00    250.00    -10.62     0.76     1.07      0.0446    -75.10 LEFT    1.7272E-05     -0.49  6.4022E-05   -190.68
   35.00    250.00    -10.41     1.52     1.79      0.0511    -76.08 LEFT    1.7676E-05     -0.43  6.9848E-05   -192.80
   40.00    250.00    -10.17     2.21     2.45      0.0563    -76.84 LEFT    1.8177E-05     -0.45  7.5614E-05   -194.74
   45.00    250.00     -9.90     2.78     3.01      0.0605    -77.35 LEFT    1.8761E-05     -0.59  8.0743E-05   -196.46
   50.00    250.00     -9.61     3.18     3.40      0.0643    -77.58 LEFT    1.9390E-05     -0.86  8.4546E-05   -197.96
   55.00    250.00     -9.35     3.35     3.58      0.0681    -77.51 LEFT    1.9983E-05     -1.27  8.6267E-05   -199.22
   60.00    250.00     -9.16     3.24     3.48      0.0721    -77.12 LEFT    2.0412E-05     -1.81  8.5148E-05   -200.26
   65.00    250.00     -9.13     2.76     3.03      0.0767    -76.36 LEFT    2.0486E-05     -2.47  8.0522E-05   -201.07
   70.00    250.00     -9.37     1.77     2.10      0.0819    -75.16 LEFT    1.9942E-05     -3.25  7.1919E-05   -201.68
   75.00    250.00    -10.06     0.08     0.48      0.0879    -73.37 LEFT    1.8411E-05     -4.18  5.9165E-05   -202.08
   80.00    250.00    -11.64    -2.80    -2.27      0.0940    -70.74 LEFT    1.5353E-05     -5.34  4.2460E-05   -202.28
   85.00    250.00    -15.49    -8.35    -7.58      0.0987    -66.78 LEFT    9.8559E-06     -6.91  2.2411E-05   -202.29
   90.00    250.00   -999.99  -999.99  -999.99      0.0000      0.00         7.7558E-16   -189.39  1.3559E-15    -22.12
    0.00    255.00    -13.49    -2.05    -1.75      0.0000    -75.00 LINEAR  1.2404E-05     -1.04  4.6293E-05   -181.04
    5.00    255.00    -13.48    -1.94    -1.65      0.0018    -75.16 LEFT    1.2419E-05     -1.02  4.6873E-05   -181.42
   10.00    255.00    -13.45    -1.63    -1.35      0.0066    -75.62 LEFT    1.2467E-05     -0.96  4.8608E-05   -182.53
   15.00    255.00    -13.39    -1.13    -0.88      0.0134    -76.32 LEFT    1.2551E-05     -0.86  5.1476E-05   -184.21
   20.00    255.00    -13.30    -0.49    -0.27      0.0209    -77.17 LEFT    1.2678E-05     -0.75  5.5421E-05   -186.25
   25.00    255.00    -13.18     0.25     0.44      0.0279    -78.07 LEFT    1.2858E-05     -0.63  6.0317E-05   -188.47
   30.00    255.00    -13.02     1.02     1.19      0.0338    -78.92 LEFT    1.3100E-05     -0.52  6.5951E-05   -190.70
   35.00    255.00    -12.81     1.78     1.93      0.0386    -79.67 LEFT    1.3414E-05     -0.47  7.1991E-05   -192.82
   40.00    255.00    -12.56     2.48     2.61      0.0423    -80.25 LEFT    1.3800E-05     -0.51  7.7974E-05   -194.76
   45.00    255.00    -12.29     3.05     3.18      0.0454    -80.64 LEFT    1.4249E-05     -0.65  8.3301E-05   -196.48
   50.00    255.00    -12.00     3.45     3.58      0.0482    -80.81 LEFT    1.4730E-05     -0.93  8.7262E-05   -197.98
   55.00    255.00    -11.74     3.63     3.76      0.0510    -80.76 LEFT    1.5181E-05     -1.34  8.9072E-05   -199.24
   60.00    255.00    -11.55     3.52     3.66      0.0541    -80.47 LEFT    1.5507E-05     -1.88  8.7946E-05   -200.28
   65.00    255.00    -11.52     3.04     3.19      0.0577    -79.91 LEFT    1.5562E-05     -2.54  8.3192E-05   -201.09
   70.00    255.00    -11.76     2.06     2.24      0.0619    -79.01 LEFT    1.5146E-05     -3.32  7.4321E-05   -201.70
   75.00    255.00    -12.45     0.37     0.59      0.0669    -77.67 LEFT    1.3981E-05     -4.25  6.1152E-05   -202.10
   80.00    255.00    -14.03    -2.51    -2.22      0.0725    -75.66 LEFT    1.1657E-05     -5.41  4.3892E-05   -202.30
   85.00    255.00    -17.88    -8.06    -7.63      0.0778    -72.59 LEFT    7.4828E-06     -6.98  2.3168E-05   -202.31
   90.00    255.00   -999.99  -999.99  -999.99      0.0000      0.00         5.8881E-16   -189.46  1.4017E-15    -22.13
    0.00    260.00    -16.96    -1.88    -1.75      0.0000    -80.00 LINEAR  8.3222E-06     -1.04  4.7198E-05   -181.04
    5.00    260.00    -16.95    -1.77    -1.64      0.0012    -80.11 LEFT    8.3330E-06     -1.02  4.7792E-05   -181.42
   10.00    260.00    -16.91    -1.46    -1.34      0.0045    -80.42 LEFT    8.3664E-06     -0.96  4.9569E-05   -182.53
   15.00    260.00    -16.85    -0.96    -0.85      0.0091    -80.90 LEFT    8.4250E-06     -0.87  5.2509E-05   -184.21
   20.00    260.00    -16.76    -0.31    -0.22      0.0141    -81.48 LEFT    8.5135E-06     -0.76  5.6551E-05   -186.26
   25.00    260.00    -16.63     0.43     0.51      0.0188    -82.08 LEFT    8.6377E-06     -0.64  6.1570E-05   -188.48
   30.00    260.00    -16.47     1.20     1.28      0.0227    -82.66 LEFT    8.8042E-06     -0.55  6.7348E-05   -190.71
   35.00    260.00    -16.26     1.97     2.03      0.0258    -83.16 LEFT    9.0185E-06     -0.51  7.3544E-05   -192.83
   40.00    260.00    -16.01     2.67     2.72      0.0283    -83.55 LEFT    9.2816E-06     -0.55  7.9685E-05   -194.77
   45.00    260.00    -15.73     3.24     3.30      0.0303    -83.81 LEFT    9.5860E-06     -0.70  8.5159E-05   -196.50
   50.00    260.00    -15.44     3.65     3.70      0.0321    -83.93 LEFT    9.9107E-06     -0.98  8.9236E-05   -197.99
   55.00    260.00    -15.18     3.83     3.88      0.0340    -83.90 LEFT    1.0215E-05     -1.39  9.1113E-05   -199.25
   60.00    260.00    -14.99     3.72     3.78      0.0361    -83.71 LEFT    1.0434E-05     -1.93  8.9982E-05   -200.29
   65.00    260.00    -14.96     3.24     3.31      0.0385    -83.34 LEFT    1.0470E-05     -2.60  8.5136E-05   -201.11
   70.00    260.00    -15.20     2.26     2.34      0.0415    -82.74 LEFT    1.0189E-05     -3.38  7.6070E-05   -201.71
   75.00    260.00    -15.90     0.57     0.67      0.0450    -81.84 LEFT    9.4043E-06     -4.30  6.2599E-05   -202.11
   80.00    260.00    -17.47    -2.31    -2.18      0.0492    -80.50 LEFT    7.8407E-06     -5.46  4.4935E-05   -202.31
   85.00    260.00    -21.33    -7.86    -7.67      0.0537    -78.40 LEFT    5.0326E-06     -7.03  2.3720E-05   -202.32
   90.00    260.00   -999.99  -999.99  -999.99      0.0000      0.00         3.9599E-16   -189.51  1.4351E-15    -22.14
    0.00    265.00    -22.94    -1.78    -1.75      0.0000    -85.00 LINEAR  4.1770E-06     -1.04  4.7743E-05   -181.04
    5.00    265.00    -22.93    -1.67    -1.64      0.0006    -85.06 LEFT    4.1826E-06     -1.02  4.8346E-05   -181.42
   10.00    265.00    -22.90    -1.36    -1.33      0.0023    -85.21 LEFT    4.1998E-06     -0.96  5.0149E-05   -182.53
   15.00    265.00    -22.84    -0.85    -0.83      0.0046    -85.46 LEFT    4.2299E-06     -0.87  5.3132E-05   -184.21
   20.00    265.00    -22.74    -0.21    -0.18      0.0071    -85.75 LEFT    4.2753E-06     -0.77  5.7234E-05   -186.27
   25.00    265.00    -22.61     0.53     0.55      0.0094    -86.05 LEFT    4.3387E-06     -0.66  6.2328E-05   -188.49
   30.00    265.00    -22.45     1.31     1.33      0.0114    -86.35 LEFT    4.4235E-06     -0.57  6.8193E-05   -190.72
   35.00    265.00    -22.24     2.08     2.10      0.0129    -86.60 LEFT    4.5323E-06     -0.53  7.4485E-05   -192.84
   40.00    265.00    -21.98     2.78     2.79      0.0141    -86.79 LEFT    4.6654E-06     -0.57  8.0722E-05   -194.78
   45.00    265.00    -21.70     3.36     3.37      0.0151    -86.92 LEFT    4.8192E-06     -0.73  8.6286E-05   -196.50
   50.00    265.00    -21.41     3.76     3.78      0.0161    -86.98 LEFT    4.9829E-06     -1.01  9.0434E-05   -198.00
   55.00    265.00    -21.15     3.95     3.96      0.0170    -86.97 LEFT    5.1362E-06     -1.43  9.2352E-05   -199.26
   60.00    265.00    -20.97     3.84     3.85      0.0180    -86.87 LEFT    5.2461E-06     -1.97  9.1220E-05   -200.30
   65.00    265.00    -20.94     3.36     3.38      0.0193    -86.69 LEFT    5.2640E-06     -2.63  8.6317E-05   -201.11
   70.00    265.00    -21.17     2.38     2.40      0.0208    -86.39 LEFT    5.1224E-06     -3.41  7.7134E-05   -201.72
   75.00    265.00    -21.87     0.69     0.71      0.0226    -85.94 LEFT    4.7276E-06     -4.34  6.3480E-05   -202.12
   80.00    265.00    -23.45    -2.19    -2.16      0.0249    -85.26 LEFT    3.9413E-06     -5.49  4.5570E-05   -202.32
   85.00    265.00    -27.30    -7.74    -7.69      0.0274    -84.20 LEFT    2.5297E-06     -7.07  2.4056E-05   -202.33
   90.00    265.00   -999.99  -999.99  -999.99      0.0000      0.00         1.9905E-16   -189.54  1.4555E-15    -22.16
    0.00    270.00   -999.99    -1.75    -1.75      0.0000     90.00 LINEAR  7.3375E-16   -181.04  4.7926E-05   -181.04
    5.00    270.00   -197.06    -1.64    -1.64      0.0000    -90.00 LINEAR  8.2239E-15     61.24  4.8531E-05   -181.42
   10.00    270.00   -190.97    -1.32    -1.32      0.0000    -90.00 LINEAR  1.6580E-14     58.60  5.0343E-05   -182.53
   15.00    270.00   -187.59    -0.82    -0.82      0.0000    -90.00 LINEAR  2.4460E-14     57.11  5.3340E-05   -184.22
   20.00    270.00   -185.39    -0.17    -0.17      0.0000    -90.00 LINEAR  3.1508E-14     55.58  5.7462E-05   -186.27
   25.00    270.00   -183.93     0.57     0.57      0.0000    -90.00 LINEAR  3.7275E-14     53.67  6.2582E-05   -188.49
   30.00    270.00   -183.06     1.35     1.35      0.0000    -90.00 LINEAR  4.1237E-14     51.07  6.8476E-05   -190.72
   35.00    270.00   -182.72     2.12     2.12      0.0000    -90.00 LINEAR  4.2874E-14     47.38  7.4800E-05   -192.84
   40.00    270.00   -182.93     2.82     2.82      0.0000    -90.00 LINEAR  4.1829E-14     41.84  8.1070E-05   -194.78
   45.00    270.00   -183.72     3.39     3.39      0.0000    -90.00 LINEAR  3.8199E-14     33.00  8.6663E-05   -196.51
   50.00    270.00   -184.97     3.80     3.80      0.0000    -90.00 LINEAR  3.3088E-14     18.12  9.0836E-05   -198.00
   55.00    270.00   -185.97     3.99     3.99      0.0000    -90.00 LINEAR  2.9484E-14     -6.02  9.2767E-05   -199.26
   60.00    270.00   -185.39     3.88     3.88      0.0000    -90.00 LINEAR  3.1511E-14    -35.17  9.1635E-05   -200.30
   65.00    270.00   -183.50     3.40     3.40      0.0000    -90.00 LINEAR  3.9171E-14    -57.50  8.6713E-05   -201.12
   70.00    270.00   -181.75     2.42     2.42      0.0000    -90.00 LINEAR  4.7903E-14    -70.92  7.7491E-05   -201.72
   75.00    270.00   -180.89     0.73     0.73      0.0000    -90.00 LINEAR  5.2890E-14    -78.91  6.3775E-05   -202.12
   80.00    270.00   -181.41    -2.15    -2.15      0.0000    -90.00 LINEAR  4.9851E-14    -83.98  4.5783E-05   -202.32
   85.00    270.00   -184.65    -7.70    -7.70      0.0000    -90.00 LINEAR  3.4342E-14    -87.55  2.4169E-05   -202.34
   90.00    270.00   -999.99  -999.99  -999.99      0.0000      0.00         1.9046E-20   -112.72  1.4623E-15    -22.16
    0.00    275.00    -22.94    -1.78    -1.75      0.0000     85.00 LINEAR  4.1770E-06   -181.04  4.7743E-05   -181.04
    5.00    275.00    -22.93    -1.67    -1.64      0.0006     85.06 RIGHT   4.1826E-06   -181.02  4.8346E-05   -181.42
   10.00    275.00    -22.90    -1.36    -1.33      0.0023     85.21 RIGHT   4.1998E-06   -180.96  5.0149E-05   -182.53
   15.00    275.00    -22.84    -0.85    -0.83      0.0046     85.46 RIGHT   4.2299E-06   -180.87  5.3132E-05   -184.21
   20.00    275.00    -22.74    -0.21    -0.18      0.0071     85.75 RIGHT   4.2753E-06   -180.77  5.7234E-05   -186.27
   25.00    275.00    -22.61     0.53     0.55      0.0094     86.05 RIGHT   4.3387E-06   -180.66  6.2328E-05   -188.49
   30.00    275.00    -22.45     1.31     1.33      0.0114     86.35 RIGHT   4.4235E-06   -180.57  6.8193E-05   -190.72
   35.00    275.00    -22.24     2.08     2.10      0.0129     86.60 RIGHT   4.5323E-06   -180.53  7.4485E-05   -192.84
   40.00    275.00    -21.98     2.78     2.79      0.0141     86.79 RIGHT   4.6654E-06   -180.57  8.0722E-05   -194.78
   45.00    275.00    -21.70     3.36     3.37      0.0151     86.92 RIGHT   4.8192E-06   -180.73  8.6286E-05   -196.50
   50.00    275.00    -21.41     3.76     3.78      0.0161     86.98 RIGHT   4.9829E-06   -181.01  9.0434E-05   -198.00
   55.00    275.00    -21.15     3.95     3.96      0.0170     86.97 RIGHT   5.1362E-06   -181.43  9.2352E-05   -199.26
   60.00    275.00    -20.97     3.84     3.85      0.0180     86.87 RIGHT   5.2461E-06   -181.97  9.1220E-05   -200.30
   65.00    275.00    -20.94     3.36     3.38      0.0193     86.69 RIGHT   5.2640E-06   -182.63  8.6317E-05   -201.11
   70.00    275.00    -21.17     2.38     2.40      0.0208     86.39 RIGHT   5.1224E-06   -183.41  7.7134E-05   -201.72
   75.00    275.00    -21.87     0.69     0.71      0.0226     85.94 RIGHT   4.7276E-06   -184.34  6.3480E-05   -202.12
   80.00    275.00    -23.45    -2.19    -2.16      0.0249     85.26 RIGHT   3.9413E-06   -185.49  4.5570E-05   -202.32
   85.00    275.00    -27.30    -7.74    -7.69      0.0274     84.20 RIGHT   2.5297E-06   -187.07  2.4056E-05   -202.33
   90.00    275.00   -999.99  -999.99  -999.99      0.0000      0.00         1.9905E-16     -9.54  1.4555E-15    -22.16
    0.00    280.00    -16.96    -1.88    -1.75      0.0000     80.00 LINEAR  8.3222E-06   -181.04  4.7198E-05   -181.04
    5.00    280.00    -16.95    -1.77    -1.64      0.0012     80.11 RIGHT   8.3330E-06   -181.02  4.7792E-05   -181.42
   10.00    280.00    -16.91    -1.46    -1.34      0.0045     80.42 RIGHT   8.3664E-06   -180.96  4.9569E-05   -182.53
   15.00    280.00    -16.85    -0.96    -0.85      0.0091     80.90 RIGHT   8.4250E-06   -180.87  5.2509E-05   -184.21
   20.00    280.00    -16.76    -0.31    -0.22      0.0141     81.48 RIGHT   8.5135E-06   -180.76  5.6551E-05   -186.26
   25.00    280.00    -16.63     0.43     0.51      0.0188     82.08 RIGHT   8.6377E-06   -180.64  6.1570E-05   -188.48
   30.00    280.00    -16.47     1.20     1.28      0.0227     82.66 RIGHT   8.8042E-06   -180.55  6.7348E-05   -190.71
   35.00    280.00    -16.26     1.97     2.03      0.0258     83.16 RIGHT   9.0185E-06   -180.51  7.3544E-05   -192.83
   40.00    280.00    -16.01     2.67     2.72      0.0283     83.55 RIGHT   9.2816E-06   -180.55  7.9685E-05   -194.77
   45.00    280.00    -15.73     3.24     3.30      0.0303     83.81 RIGHT   9.5860E-06   -180.70  8.5159E-05   -196.50
   50.00    280.00    -15.44     3.65     3.70      0.0321     83.93 RIGHT   9.9107E-06   -180.98  8.9236E-05   -197.99
   55.00    280.00    -15.18     3.83     3.88      0.0340     83.90 RIGHT   1.0215E-05   -181.39  9.1113E-05   -199.25
   60.00    280.00    -14.99     3.72     3.78      0.0361     83.71 RIGHT   1.0434E-05   -181.93  8.9982E-05   -200.29
   65.00    280.00    -14.96     3.24     3.31      0.0385     83.34 RIGHT   1.0470E-05   -182.60  8.5136E-05   -201.11
   70.00    280.00    -15.20     2.26     2.34      0.0415     82.74 RIGHT   1.0189E-05   -183.38  7.6070E-05   -201.71
   75.00    280.00    -15.90     0.57     0.67      0.0450     81.84 RIGHT   9.4043E-06   -184.30  6.2599E-05   -202.11
   80.00    280.00    -17.47    -2.31    -2.18      0.0492     80.50 RIGHT   7.8407E-06   -185.46  4.4935E-05   -202.31
   85.00    280.00    -21.33    -7.86    -7.67      0.0537     78.40 RIGHT   5.0326E-06   -187.03  2.3720E-05   -202.32
   90.00    280.00   -999.99  -999.99  -999.99      0.0000      0.00         3.9600E-16     -9.51  1.4351E-15    -22.15
    0.00    285.00    -13.49    -2.05    -1.75      0.0000     75.00 LINEAR  1.2404E-05   -181.04  4.6293E-05   -181.04
    5.00    285.00    -13.48    -1.94    -1.65      0.0018     75.16 RIGHT   1.2419E-05   -181.02  4.6873E-05   -181.42
   10.00    285.00    -13.45    -1.63    -1.35      0.0066     75.62 RIGHT   1.2467E-05   -180.96  4.8608E-05   -182.53
   15.00    285.00    -13.39    -1.13    -0.88      0.0134     76.32 RIGHT   1.2551E-05   -180.86  5.1476E-05   -184.21
   20.00    285.00    -13.30    -0.49    -0.27      0.0209     77.17 RIGHT   1.2678E-05   -180.75  5.5421E-05   -186.25
   25.00    285.00    -13.18     0.25     0.44      0.0279     78.07 RIGHT   1.2858E-05   -180.63  6.0317E-05   -188.47
   30.00    285.00    -13.02     1.02     1.19      0.0338     78.92 RIGHT   1.3100E-05   -180.52  6.5951E-05   -190.70
   35.00    285.00    -12.81     1.78     1.93      0.0386     79.67 RIGHT   1.3414E-05   -180.47  7.1991E-05   -192.82
   40.00    285.00    -12.56     2.48     2.61      0.0423     80.25 RIGHT   1.3800E-05   -180.51  7.7974E-05   -194.76
   45.00    285.00    -12.29     3.05     3.18      0.0454     80.64 RIGHT   1.4249E-05   -180.65  8.3301E-05   -196.48
   50.00    285.00    -12.00     3.45     3.58      0.0482     80.81 RIGHT   1.4730E-05   -180.93  8.7262E-05   -197.98
   55.00    285.00    -11.74     3.63     3.76      0.0510     80.76 RIGHT   1.5181E-05   -181.34  8.9072E-05   -199.24
   60.00    285.00    -11.55     3.52     3.66      0.0541     80.47 RIGHT   1.5507E-05   -181.88  8.7946E-05   -200.28
   65.00    285.00    -11.52     3.04     3.19      0.0577     79.91 RIGHT   1.5562E-05   -182.54  8.3192E-05   -201.09
   70.00    285.00    -11.76     2.06     2.24      0.0619     79.01 RIGHT   1.5146E-05   -183.32  7.4321E-05   -201.70
   75.00    285.00    -12.45     0.37     0.59      0.0669     77.67 RIGHT   1.3981E-05   -184.25  6.1152E-05   -202.10
   80.00    285.00    -14.03    -2.51    -2.22      0.0725     75.66 RIGHT   1.1657E-05   -185.41  4.3892E-05   -202.30
   85.00    285.00    -17.88    -8.06    -7.63      0.0778     72.59 RIGHT   7.4828E-06   -186.98  2.3168E-05   -202.31
   90.00    285.00   -999.99  -999.99  -999.99      0.0000      0.00         5.8882E-16     -9.46  1.4017E-15    -22.13
    0.00    290.00    -11.07    -2.29    -1.75      0.0000     70.00 LINEAR  1.6392E-05   -181.04  4.5035E-05   -181.04
    5.00    290.00    -11.06    -2.18    -1.65      0.0023     70.21 RIGHT   1.6411E-05   -181.01  4.5596E-05   -181.42
   10.00    290.00    -11.03    -1.87    -1.37      0.0085     70.80 RIGHT   1.6470E-05   -180.95  4.7273E-05   -182.53
   15.00    290.00    -10.97    -1.37    -0.92      0.0174     71.70 RIGHT   1.6574E-05   -180.85  5.0045E-05   -184.20
   20.00    290.00    -10.89    -0.74    -0.34      0.0272     72.80 RIGHT   1.6734E-05   -180.73  5.3855E-05   -186.24
   25.00    290.00    -10.77    -0.01     0.34      0.0366     73.97 RIGHT   1.6962E-05   -180.60  5.8584E-05   -188.46
   30.00    290.00    -10.62     0.76     1.07      0.0446     75.10 RIGHT   1.7272E-05   -180.49  6.4022E-05   -190.68
   35.00    290.00    -10.41     1.52     1.79      0.0511     76.08 RIGHT   1.7676E-05   -180.43  6.9848E-05   -192.80
   40.00    290.00    -10.17     2.21     2.45      0.0563     76.84 RIGHT   1.8177E-05   -180.45  7.5614E-05   -194.74
   45.00    290.00     -9.90     2.78     3.01      0.0605     77.35 RIGHT   1.8761E-05   -180.59  8.0743E-05   -196.46
   50.00    290.00     -9.61     3.18     3.40      0.0643     77.58 RIGHT   1.9390E-05   -180.86  8.4546E-05   -197.96
   55.00    290.00     -9.35     3.35     3.58      0.0681     77.51 RIGHT   1.9983E-05   -181.27  8.6267E-05   -199.22
   60.00    290.00     -9.16     3.24     3.48      0.0721     77.12 RIGHT   2.0412E-05   -181.81  8.5148E-05   -200.26
   65.00    290.00     -9.13     2.76     3.03      0.0767     76.36 RIGHT   2.0486E-05   -182.47  8.0522E-05   -201.07
   70.00    290.00     -9.37     1.77     2.10      0.0819     75.16 RIGHT   1.9942E-05   -183.25  7.1919E-05   -201.68
   75.00    290.00    -10.06     0.08     0.48      0.0879     73.37 RIGHT   1.8411E-05   -184.18  5.9165E-05   -202.08
   80.00    290.00    -11.64    -2.80    -2.27      0.0940     70.74 RIGHT   1.5353E-05   -185.34  4.2460E-05   -202.28
   85.00    290.00    -15.49    -8.35    -7.58      0.0987     66.78 RIGHT   9.8559E-06   -186.91  2.2411E-05   -202.29
   90.00    290.00   -999.99  -999.99  -999.99      0.0000      0.00         7.7557E-16     -9.39  1.3559E-15    -22.12
    0.00    295.00     -9.23    -2.61    -1.75      0.0000     65.00 LINEAR  2.0254E-05   -181.04  4.3435E-05   -181.04
    5.00    295.00     -9.22    -2.50    -1.66      0.0027     65.25 RIGHT   2.0276E-05   -181.01  4.3972E-05   -181.42
   10.00    295.00     -9.19    -2.19    -1.40      0.0102     65.95 RIGHT   2.0343E-05   -180.95  4.5576E-05   -182.52
   15.00    295.00     -9.14    -1.70    -0.98      0.0210     67.03 RIGHT   2.0463E-05   -180.84  4.8227E-05   -184.19
   20.00    295.00     -9.06    -1.06    -0.42      0.0331     68.36 RIGHT   2.0648E-05   -180.71  5.1870E-05   -186.23
   25.00    295.00     -8.95    -0.34     0.22      0.0447     69.78 RIGHT   2.0915E-05   -180.57  5.6389E-05   -188.44
   30.00    295.00     -8.80     0.43     0.92      0.0549     71.16 RIGHT   2.1282E-05   -180.45  6.1583E-05   -190.66
   35.00    295.00     -8.61     1.18     1.61      0.0633     72.36 RIGHT   2.1764E-05   -180.37  6.7143E-05   -192.78
   40.00    295.00     -8.37     1.86     2.26      0.0700     73.30 RIGHT   2.2368E-05   -180.39  7.2641E-05   -194.72
   45.00    295.00     -8.10     2.43     2.80      0.0755     73.93 RIGHT   2.3078E-05   -180.51  7.7523E-05   -196.44
   50.00    295.00     -7.81     2.82     3.18      0.0803     74.21 RIGHT   2.3845E-05   -180.78  8.1132E-05   -197.94
   55.00    295.00     -7.55     2.99     3.36      0.0850     74.11 RIGHT   2.4572E-05   -181.18  8.2744E-05   -199.20
   60.00    295.00     -7.37     2.88     3.27      0.0900     73.61 RIGHT   2.5100E-05   -181.71  8.1637E-05   -200.23
   65.00    295.00     -7.34     2.39     2.83      0.0953     72.65 RIGHT   2.5195E-05   -182.37  7.7175E-05   -201.05
   70.00    295.00     -7.57     1.40     1.92      0.1013     71.15 RIGHT   2.4530E-05   -183.16  6.8910E-05   -201.66
   75.00    295.00     -8.26    -0.29     0.35      0.1075     68.93 RIGHT   2.2651E-05   -184.09  5.6677E-05   -202.06
   80.00    295.00     -9.84    -3.18    -2.33      0.1132     65.72 RIGHT   1.8892E-05   -185.25  4.0669E-05   -202.26
   85.00    295.00    -13.69    -8.73    -7.52      0.1156     61.00 RIGHT   1.2129E-05   -186.83  2.1463E-05   -202.27
   90.00    295.00   -999.99  -999.99  -999.99      0.0000      0.00         9.5451E-16     -9.30  1.2985E-15    -22.09
    0.00    300.00     -7.77    -3.00    -1.75      0.0000     60.00 LINEAR  2.3963E-05   -181.04  4.1505E-05   -181.04
    5.00    300.00     -7.76    -2.89    -1.67      0.0031     60.28 RIGHT   2.3986E-05   -181.01  4.2012E-05   -181.42
   10.00    300.00     -7.74    -2.59    -1.43      0.0116     61.08 RIGHT   2.4057E-05   -180.94  4.3531E-05   -182.52
   15.00    300.00     -7.69    -2.10    -1.04      0.0241     62.31 RIGHT   2.4185E-05   -180.83  4.6039E-05   -184.18
   20.00    300.00     -7.62    -1.47    -0.53      0.0382     63.83 RIGHT   2.4387E-05   -180.69  4.9485E-05   -186.21
   25.00    300.00     -7.51    -0.75     0.08      0.0522     65.47 RIGHT   2.4683E-05   -180.53  5.3757E-05   -188.42
   30.00    300.00     -7.37     0.01     0.74      0.0646     67.07 RIGHT   2.5095E-05   -180.40  5.8664E-05   -190.64
   35.00    300.00     -7.18     0.75     1.40      0.0749     68.48 RIGHT   2.5645E-05   -180.31  6.3913E-05   -192.75
   40.00    300.00     -6.95     1.43     2.02      0.0833     69.59 RIGHT   2.6339E-05   -180.31  6.9095E-05   -194.69
   45.00    300.00     -6.68     1.99     2.54      0.0901     70.32 RIGHT   2.7161E-05   -180.42  7.3689E-05   -196.41
   50.00    300.00     -6.40     2.38     2.92      0.0961     70.64 RIGHT   2.8055E-05   -180.68  7.7072E-05   -197.91
   55.00    300.00     -6.14     2.54     3.09      0.1017     70.51 RIGHT   2.8908E-05   -181.07  7.8561E-05   -199.17
   60.00    300.00     -5.96     2.42     3.01      0.1074     69.90 RIGHT   2.9530E-05   -181.61  7.7473E-05   -200.21
   65.00    300.00     -5.92     1.93     2.59      0.1133     68.73 RIGHT   2.9647E-05   -182.27  7.3209E-05   -201.02
   70.00    300.00     -6.15     0.94     1.72      0.1194     66.93 RIGHT   2.8871E-05   -183.05  6.5348E-05   -201.63
   75.00    300.00     -6.84    -0.76     0.20      0.1253     64.31 RIGHT   2.6665E-05   -183.99  5.3733E-05   -202.03
   80.00    300.00     -8.42    -3.64    -2.39      0.1293     60.58 RIGHT   2.2244E-05   -185.15  3.8549E-05   -202.23
   85.00    300.00    -12.27    -9.19    -7.45      0.1279     55.27 RIGHT   1.4283E-05   -186.73  2.0342E-05   -202.24
   90.00    300.00   -999.99  -999.99  -999.99      0.0000      0.00         1.1240E-15     -9.20  1.2306E-15    -22.07
    0.00    305.00     -6.58    -3.48    -1.75      0.0000     55.00 LINEAR  2.7489E-05   -181.04  3.9258E-05   -181.04
    5.00    305.00     -6.57    -3.38    -1.68      0.0033     55.30 RIGHT   2.7512E-05   -181.01  3.9734E-05   -181.42
   10.00    305.00     -6.55    -3.07    -1.46      0.0127     56.17 RIGHT   2.7583E-05   -180.93  4.1154E-05   -182.51
   15.00    305.00     -6.51    -2.59    -1.11      0.0265     57.52 RIGHT   2.7714E-05   -180.81  4.3501E-05   -184.17
   20.00    305.00     -6.44    -1.97    -0.64      0.0425     59.19 RIGHT   2.7924E-05   -180.66  4.6723E-05   -186.19
   25.00    305.00     -6.35    -1.26    -0.09      0.0587     61.01 RIGHT   2.8238E-05   -180.49  5.0716E-05   -188.40
   30.00    305.00     -6.21    -0.51     0.53      0.0733     62.80 RIGHT   2.8684E-05   -180.34  5.5299E-05   -190.61
   35.00    305.00     -6.03     0.23     1.15      0.0857     64.39 RIGHT   2.9286E-05   -180.24  6.0196E-05   -192.72
   40.00    305.00     -5.80     0.90     1.74      0.0959     65.65 RIGHT   3.0057E-05   -180.22  6.5025E-05   -194.66
   45.00    305.00     -5.54     1.45     2.24      0.1042     66.48 RIGHT   3.0978E-05   -180.32  6.9296E-05   -196.38
   50.00    305.00     -5.26     1.84     2.61      0.1113     66.83 RIGHT   3.1987E-05   -180.57  7.2428E-05   -197.88
   55.00    305.00     -5.00     2.00     2.79      0.1178     66.66 RIGHT   3.2955E-05   -180.96  7.3782E-05   -199.14
   60.00    305.00     -4.82     1.87     2.71      0.1240     65.93 RIGHT   3.3667E-05   -181.49  7.2722E-05   -200.18
   65.00    305.00     -4.78     1.38     2.32      0.1301     64.56 RIGHT   3.3806E-05   -182.15  6.8689E-05   -200.99
   70.00    305.00     -5.01     0.39     1.49      0.1359     62.47 RIGHT   3.2928E-05   -182.94  6.1290E-05   -201.60
   75.00    305.00     -5.70    -1.32     0.03      0.1404     59.49 RIGHT   3.0420E-05   -183.87  5.0383E-05   -202.00
   80.00    305.00     -7.27    -4.20    -2.46      0.1416     55.34 RIGHT   2.5382E-05   -185.04  3.6138E-05   -202.20
   85.00    305.00    -11.12    -9.76    -7.37      0.1352     49.64 RIGHT   1.6300E-05   -186.62  1.9067E-05   -202.21
   90.00    305.00   -999.99  -999.99  -999.99      0.0000      0.00         1.2828E-15     -9.09  1.1535E-15    -22.04
    0.00    310.00     -5.59    -4.07    -1.75      0.0000     50.00 LINEAR  3.0806E-05   -181.04  3.6713E-05   -181.04
    5.00    310.00     -5.58    -3.96    -1.69      0.0035     50.32 RIGHT   3.0827E-05   -181.01  3.7152E-05   -181.42
   10.00    310.00     -5.56    -3.66    -1.50      0.0134     51.23 RIGHT   3.0895E-05   -180.93  3.8466E-05   -182.50
   15.00    310.00     -5.53    -3.18    -1.19      0.0283     52.65 RIGHT   3.1022E-05   -180.80  4.0635E-05   -184.15
   20.00    310.00     -5.47    -2.57    -0.77      0.0458     54.43 RIGHT   3.1232E-05   -180.63  4.3611E-05   -186.18
   25.00    310.00     -5.38    -1.87    -0.27      0.0639     56.39 RIGHT   3.1553E-05   -180.45  4.7297E-05   -188.37
   30.00    310.00     -5.25    -1.12     0.30      0.0807     58.33 RIGHT   3.2020E-05   -180.28  5.1524E-05   -190.58
   35.00    310.00     -5.08    -0.39     0.88      0.0953     60.06 RIGHT   3.2662E-05   -180.16  5.6037E-05   -192.69
   40.00    310.00     -4.86     0.27     1.43      0.1074     61.44 RIGHT   3.3495E-05   -180.12  6.0481E-05   -194.63
   45.00    310.00     -4.61     0.82     1.91      0.1173     62.36 RIGHT   3.4502E-05   -180.21  6.4402E-05   -196.35
   50.00    310.00     -4.33     1.19     2.27      0.1256     62.73 RIGHT   3.5613E-05   -180.45  6.7263E-05   -197.85
   55.00    310.00     -4.07     1.35     2.44      0.1329     62.51 RIGHT   3.6685E-05   -180.83  6.8477E-05   -199.11
   60.00    310.00     -3.89     1.22     2.39      0.1394     61.65 RIGHT   3.7480E-05   -181.36  6.7454E-05   -200.15
   65.00    310.00     -3.85     0.72     2.02      0.1452     60.10 RIGHT   3.7642E-05   -182.02  6.3683E-05   -200.96
   70.00    310.00     -4.07    -0.27     1.24      0.1498     57.75 RIGHT   3.6675E-05   -182.81  5.6801E-05   -201.57
   75.00    310.00     -4.76    -1.98    -0.14      0.1521     54.46 RIGHT   3.3890E-05   -183.75  4.6678E-05   -201.97
   80.00    310.00     -6.33    -4.87    -2.53      0.1495     50.03 RIGHT   2.8284E-05   -184.91  3.3473E-05   -202.17
   85.00    310.00    -10.18   -10.42    -7.29      0.1377     44.16 RIGHT   1.8166E-05   -186.50  1.7659E-05   -202.18
   90.00    310.00   -999.99  -999.99  -999.99      0.0000      0.00         1.4298E-15     -8.97  1.0682E-15    -22.00
    0.00    315.00     -4.76    -4.76    -1.75      0.0000     45.00 LINEAR  3.3889E-05   -181.04  3.3889E-05   -181.04
    5.00    315.00     -4.76    -4.66    -1.70      0.0036     45.32 RIGHT   3.3907E-05   -181.01  3.4289E-05   -181.41
   10.00    315.00     -4.74    -4.36    -1.54      0.0138     46.25 RIGHT   3.3967E-05   -180.92  3.5487E-05   -182.50
   15.00    315.00     -4.71    -3.89    -1.27      0.0292     47.71 RIGHT   3.4085E-05   -180.78  3.7465E-05   -184.14
   20.00    315.00     -4.66    -3.28    -0.91      0.0479     49.54 RIGHT   3.4287E-05   -180.60  4.0177E-05   -186.16
   25.00    315.00     -4.58    -2.59    -0.46      0.0676     51.58 RIGHT   3.4606E-05   -180.40  4.3534E-05   -188.35
   30.00    315.00     -4.46    -1.85     0.05      0.0865     53.61 RIGHT   3.5082E-05   -180.22  4.7381E-05   -190.56
   35.00    315.00     -4.30    -1.13     0.58      0.1032     55.45 RIGHT   3.5752E-05   -180.08  5.1483E-05   -192.66
   40.00    315.00     -4.08    -0.47     1.10      0.1172     56.92 RIGHT   3.6634E-05   -180.03  5.5515E-05   -194.60
   45.00    315.00     -3.83     0.06     1.55      0.1288     57.89 RIGHT   3.7712E-05   -180.10  5.9066E-05   -196.32
   50.00    315.00     -3.56     0.44     1.89      0.1383     58.27 RIGHT   3.8912E-05   -180.32  6.1644E-05   -197.81
   55.00    315.00     -3.30     0.59     2.07      0.1461     58.00 RIGHT   4.0079E-05   -180.70  6.2713E-05   -199.08
   60.00    315.00     -3.12     0.45     2.03      0.1526     57.02 RIGHT   4.0950E-05   -181.23  6.1741E-05   -200.11
   65.00    315.00     -3.08    -0.05     1.70      0.1575     55.29 RIGHT   4.1135E-05   -181.89  5.8260E-05   -200.93
   70.00    315.00     -3.30    -1.05     0.98      0.1603     52.74 RIGHT   4.0089E-05   -182.68  5.1942E-05   -201.54
   75.00    315.00     -3.99    -2.76    -0.32      0.1595     49.24 RIGHT   3.7055E-05   -183.62  4.2672E-05   -201.94
   80.00    315.00     -5.55    -5.65    -2.59      0.1526     44.67 RIGHT   3.0932E-05   -184.79  3.0594E-05   -202.14
   85.00    315.00     -9.40   -11.21    -7.20      0.1355     38.86 RIGHT   1.9870E-05   -186.37  1.6138E-05   -202.15
   90.00    315.00   -999.99  -999.99  -999.99      0.0000      0.00         1.5639E-15     -8.85  9.7615E-16    -21.97
    0.00    320.00     -4.07    -5.59    -1.75      0.0000     40.00 LINEAR  3.6713E-05   -181.04  3.0806E-05   -181.04
    5.00    320.00     -4.06    -5.49    -1.71      0.0035     40.32 RIGHT   3.6728E-05   -181.00  3.1166E-05   -181.41
   10.00    320.00     -4.05    -5.19    -1.57      0.0137     41.24 RIGHT   3.6778E-05   -180.91  3.2242E-05   -182.49
   15.00    320.00     -4.03    -4.73    -1.35      0.0293     42.68 RIGHT   3.6882E-05   -180.76  3.4017E-05   -184.13
   20.00    320.00     -3.98    -4.13    -1.04      0.0486     44.52 RIGHT   3.7068E-05   -180.57  3.6451E-05   -186.14
   25.00    320.00     -3.91    -3.44    -0.66      0.0695     46.57 RIGHT   3.7377E-05   -180.36  3.9461E-05   -188.32
   30.00    320.00     -3.80    -2.71    -0.21      0.0900     48.64 RIGHT   3.7853E-05   -180.15  4.2908E-05   -190.53
   35.00    320.00     -3.64    -2.00     0.27      0.1087     50.53 RIGHT   3.8539E-05   -180.00  4.6579E-05   -192.63
   40.00    320.00     -3.44    -1.35     0.74      0.1247     52.04 RIGHT   3.9457E-05   -179.93  5.0183E-05   -194.56
   45.00    320.00     -3.19    -0.82     1.16      0.1378     53.04 RIGHT   4.0594E-05   -179.99  5.3348E-05   -196.29
   50.00    320.00     -2.92    -0.46     1.49      0.1483     53.41 RIGHT   4.1871E-05   -180.20  5.5634E-05   -197.78
   55.00    320.00     -2.67    -0.31     1.68      0.1565     53.07 RIGHT   4.3121E-05   -180.57  5.6561E-05   -199.04
   60.00    320.00     -2.48    -0.45     1.66      0.1625     52.00 RIGHT   4.4061E-05   -181.09  5.5651E-05   -200.08
   65.00    320.00     -2.44    -0.96     1.37      0.1660     50.13 RIGHT   4.4269E-05   -181.76  5.2487E-05   -200.90
   70.00    320.00     -2.66    -1.96     0.71      0.1663     47.44 RIGHT   4.3155E-05   -182.55  4.6777E-05   -201.50
   75.00    320.00     -3.34    -3.67    -0.49      0.1619     43.86 RIGHT   3.9900E-05   -183.49  3.8416E-05   -201.90
   80.00    320.00     -4.91    -6.56    -2.65      0.1505     39.32 RIGHT   3.3314E-05   -184.67  2.7536E-05   -202.11
   85.00    320.00     -8.75   -12.12    -7.11      0.1291     33.77 RIGHT   2.1404E-05   -186.25  1.4523E-05   -202.12
   90.00    320.00   -999.99  -999.99  -999.99      0.0000      0.00         1.6847E-15     -8.73  8.7843E-16    -21.94
    0.00    325.00     -3.48    -6.58    -1.75      0.0000     35.00 LINEAR  3.9258E-05   -181.04  2.7489E-05   -181.04
    5.00    325.00     -3.48    -6.48    -1.72      0.0034     35.30 RIGHT   3.9269E-05   -181.00  2.7806E-05   -181.41
   10.00    325.00     -3.47    -6.19    -1.61      0.0131     36.18 RIGHT   3.9307E-05   -180.90  2.8755E-05   -182.48
   15.00    325.00     -3.45    -5.73    -1.43      0.0284     37.57 RIGHT   3.9393E-05   -180.75  3.0320E-05   -184.12
   20.00    325.00     -3.42    -5.13    -1.18      0.0477     39.35 RIGHT   3.9560E-05   -180.55  3.2464E-05   -186.12
   25.00    325.00     -3.35    -4.45    -0.86      0.0692     41.35 RIGHT   3.9851E-05   -180.32  3.5115E-05   -188.30
   30.00    325.00     -3.25    -3.73    -0.48      0.0909     43.39 RIGHT   4.0319E-05   -180.09  3.8147E-05   -190.50
   35.00    325.00     -3.10    -3.03    -0.06      0.1111     45.26 RIGHT   4.1011E-05   -179.92  4.1373E-05   -192.60
   40.00    325.00     -2.91    -2.39     0.37      0.1288     46.77 RIGHT   4.1955E-05   -179.83  4.4536E-05   -194.53
   45.00    325.00     -2.66    -1.86     0.76      0.1433     47.75 RIGHT   4.3138E-05   -179.88  4.7306E-05   -196.25
   50.00    325.00     -2.40    -1.51     1.08      0.1546     48.09 RIGHT   4.4479E-05   -180.08  4.9297E-05   -197.75
   55.00    325.00     -2.14    -1.37     1.27      0.1628     47.70 RIGHT   4.5802E-05   -180.44  5.0085E-05   -199.01
   60.00    325.00     -1.96    -1.51     1.28      0.1679     46.54 RIGHT   4.6804E-05   -180.96  4.9251E-05   -200.05
   65.00    325.00     -1.91    -2.03     1.04      0.1695     44.61 RIGHT   4.7035E-05   -181.63  4.6428E-05   -200.86
   70.00    325.00     -2.13    -3.03     0.45      0.1668     41.88 RIGHT   4.5862E-05   -182.42  4.1361E-05   -201.47
   75.00    325.00     -2.81    -4.74    -0.66      0.1587     38.35 RIGHT   4.2415E-05   -183.37  3.3957E-05   -201.87
   80.00    325.00     -4.38    -7.64    -2.70      0.1435     34.02 RIGHT   3.5422E-05   -184.54  2.4335E-05   -202.07
   85.00    325.00     -8.22   -13.20    -7.02      0.1193     28.91 RIGHT   2.2761E-05   -186.13  1.2833E-05   -202.08
   90.00    325.00   -999.99  -999.99  -999.99      0.0000      0.00         1.7917E-15     -8.61  7.7618E-16    -21.91
    0.00    330.00     -3.00    -7.77    -1.75      0.0000     30.00 LINEAR  4.1505E-05   -181.04  2.3963E-05   -181.04
    5.00    330.00     -3.00    -7.67    -1.72      0.0031     30.28 RIGHT   4.1511E-05   -181.00  2.4236E-05   -181.41
   10.00    330.00     -2.99    -7.38    -1.65      0.0122     31.09 RIGHT   4.1536E-05   -180.90  2.5054E-05   -182.48
   15.00    330.00     -2.98    -6.93    -1.51      0.0266     32.38 RIGHT   4.1602E-05   -180.73  2.6402E-05   -184.10
   20.00    330.00     -2.95    -6.34    -1.31      0.0452     34.04 RIGHT   4.1745E-05   -180.52  2.8249E-05   -186.10
   25.00    330.00     -2.89    -5.67    -1.05      0.0665     35.92 RIGHT   4.2016E-05   -180.28  3.0531E-05   -188.28
   30.00    330.00     -2.80    -4.96    -0.74      0.0885     37.85 RIGHT   4.2470E-05   -180.04  3.3139E-05   -190.47
   35.00    330.00     -2.66    -4.26    -0.38      0.1096     39.63 RIGHT   4.3161E-05   -179.84  3.5911E-05   -192.57
   40.00    330.00     -2.47    -3.62     0.00      0.1284     41.07 RIGHT   4.4121E-05   -179.74  3.8624E-05   -194.50
   45.00    330.00     -2.23    -3.11     0.36      0.1438     42.00 RIGHT   4.5340E-05   -179.77  4.0995E-05   -196.22
   50.00    330.00     -1.97    -2.76     0.67      0.1555     42.28 RIGHT   4.6734E-05   -179.96  4.2690E-05   -197.72
   55.00    330.00     -1.72    -2.62     0.86      0.1633     41.85 RIGHT   4.8118E-05   -180.32  4.3346E-05   -198.98
   60.00    330.00     -1.53    -2.77     0.90      0.1671     40.67 RIGHT   4.9174E-05   -180.84  4.2601E-05   -200.02
   65.00    330.00     -1.48    -3.29     0.72      0.1665     38.74 RIGHT   4.9426E-05   -181.50  4.0141E-05   -200.83
   70.00    330.00     -1.70    -4.30     0.20      0.1609     36.09 RIGHT   4.8206E-05   -182.30  3.5746E-05   -201.44
   75.00    330.00     -2.38    -6.01    -0.81      0.1496     32.77 RIGHT   4.4594E-05   -183.25  2.9339E-05   -201.84
   80.00    330.00     -3.94    -8.91    -2.74      0.1318     28.82 RIGHT   3.7250E-05   -184.43  2.1021E-05   -202.04
   85.00    330.00     -7.78   -14.47    -6.94      0.1065     24.28 RIGHT   2.3939E-05   -186.02  1.1084E-05   -202.05
   90.00    330.00   -999.99  -999.99  -999.99      0.0000      0.00         1.8845E-15     -8.50  6.7037E-16    -21.88
    0.00    335.00     -2.61    -9.23    -1.75      0.0000     25.00 LINEAR  4.3435E-05   -181.04  2.0254E-05   -181.04
    5.00    335.00     -2.60    -9.13    -1.73      0.0027     25.25 RIGHT   4.3437E-05   -181.00  2.0483E-05   -181.41
   10.00    335.00     -2.60    -8.85    -1.68      0.0109     25.97 RIGHT   4.3448E-05   -180.89  2.1167E-05   -182.47
   15.00    335.00     -2.59    -8.40    -1.58      0.0239     27.12 RIGHT   4.3494E-05   -180.72  2.2295E-05   -184.09
   20.00    335.00     -2.57    -7.82    -1.43      0.0411     28.60 RIGHT   4.3613E-05   -180.49  2.3839E-05   -186.08
   25.00    335.00     -2.52    -7.15    -1.23      0.0611     30.29 RIGHT   4.3861E-05   -180.24  2.5745E-05   -188.25
   30.00    335.00     -2.43    -6.44    -0.98      0.0825     32.04 RIGHT   4.4298E-05   -179.98  2.7923E-05   -190.45
   35.00    335.00     -2.30    -5.75    -0.68      0.1034     33.65 RIGHT   4.4982E-05   -179.77  3.0235E-05   -192.55
   40.00    335.00     -2.12    -5.13    -0.35      0.1224     34.96 RIGHT   4.5952E-05   -179.66  3.2495E-05   -194.47
   45.00    335.00     -1.88    -4.61    -0.03      0.1380     35.78 RIGHT   4.7198E-05   -179.67  3.4466E-05   -196.19
   50.00    335.00     -1.62    -4.27     0.26      0.1495     36.00 RIGHT   4.8634E-05   -179.86  3.5868E-05   -197.69
   55.00    335.00     -1.37    -4.14     0.47      0.1565     35.55 RIGHT   5.0070E-05   -180.21  3.6399E-05   -198.95
   60.00    335.00     -1.18    -4.30     0.55      0.1588     34.40 RIGHT   5.1172E-05   -180.73  3.5756E-05   -199.99
   65.00    335.00     -1.14    -4.82     0.41      0.1560     32.58 RIGHT   5.1443E-05   -181.39  3.3677E-05   -200.80
   70.00    335.00     -1.35    -5.83    -0.03      0.1481     30.16 RIGHT   5.0185E-05   -182.19  2.9980E-05   -201.41
   75.00    335.00     -2.03    -7.54    -0.95      0.1348     27.19 RIGHT   4.6435E-05   -183.15  2.4600E-05   -201.81
   80.00    335.00     -3.59   -10.44    -2.77      0.1159     23.74 RIGHT   3.8795E-05   -184.33  1.7622E-05   -202.01
   85.00    335.00     -7.43   -16.00    -6.86      0.0915     19.87 RIGHT   2.4935E-05   -185.92  9.2907E-06   -202.02
   90.00    335.00   -999.99  -999.99  -999.99      0.0000      0.00         1.9630E-15     -8.40  5.6189E-16    -21.85
    0.00    340.00     -2.29   -11.07    -1.75      0.0000     20.00 LINEAR  4.5035E-05   -181.04  1.6392E-05   -181.04
    5.00    340.00     -2.29   -10.97    -1.74      0.0023     20.21 RIGHT   4.5032E-05   -181.00  1.6575E-05   -181.41
   10.00    340.00     -2.29   -10.69    -1.71      0.0092     20.81 RIGHT   4.5031E-05   -180.89  1.7124E-05   -182.47
   15.00    340.00     -2.29   -10.24    -1.64      0.0203     21.78 RIGHT   4.5057E-05   -180.71  1.8028E-05   -184.08
   20.00    340.00     -2.27    -9.67    -1.54      0.0352     23.04 RIGHT   4.5154E-05   -180.47  1.9266E-05   -186.07
   25.00    340.00     -2.22    -9.00    -1.40      0.0531     24.48 RIGHT   4.5379E-05   -180.21  2.0793E-05   -188.24
   30.00    340.00     -2.15    -8.30    -1.20      0.0725     25.97 RIGHT   4.5797E-05   -179.94  2.2536E-05   -190.43
   35.00    340.00     -2.02    -7.62    -0.96      0.0920     27.35 RIGHT   4.6473E-05   -179.71  2.4386E-05   -192.52
   40.00    340.00     -1.84    -7.00    -0.68      0.1099     28.46 RIGHT   4.7447E-05   -179.58  2.6192E-05   -194.45
   45.00    340.00     -1.61    -6.49    -0.39      0.1247     29.14 RIGHT   4.8712E-05   -179.59  2.7764E-05   -196.17
   50.00    340.00     -1.35    -6.15    -0.11      0.1353     29.29 RIGHT   5.0182E-05   -179.77  2.8878E-05   -197.66
   55.00    340.00     -1.10    -6.03     0.11      0.1411     28.85 RIGHT   5.1658E-05   -180.12  2.9291E-05   -198.93
   60.00    340.00     -0.91    -6.19     0.22      0.1418     27.81 RIGHT   5.2799E-05   -180.63  2.8761E-05   -199.96
   65.00    340.00     -0.86    -6.71     0.14      0.1376     26.22 RIGHT   5.3086E-05   -181.30  2.7079E-05   -200.78
   70.00    340.00     -1.08    -7.72    -0.22      0.1284     24.13 RIGHT   5.1798E-05   -182.10  2.4099E-05   -201.39
   75.00    340.00     -1.75    -9.44    -1.07      0.1147     21.63 RIGHT   4.7937E-05   -183.06  1.9770E-05   -201.79
   80.00    340.00     -3.31   -12.34    -2.80      0.0967     18.79 RIGHT   4.0057E-05   -184.24  1.4160E-05   -201.99
   85.00    340.00     -7.15   -17.90    -6.80      0.0749     15.65 RIGHT   2.5749E-05   -185.83  7.4646E-06   -202.00
   90.00    340.00   -999.99  -999.99  -999.99      0.0000      0.00         2.0271E-15     -8.31  4.5143E-16    -21.82
    0.00    345.00     -2.05   -13.49    -1.75      0.0000     15.00 LINEAR  4.6293E-05   -181.04  1.2404E-05   -181.04
    5.00    345.00     -2.05   -13.39    -1.75      0.0018     15.16 RIGHT   4.6286E-05   -181.00  1.2542E-05   -181.41
   10.00    345.00     -2.06   -13.11    -1.73      0.0072     15.63 RIGHT   4.6273E-05   -180.88  1.2954E-05   -182.46
   15.00    345.00     -2.05   -12.67    -1.69      0.0160     16.39 RIGHT   4.6283E-05   -180.70  1.3633E-05   -184.08
   20.00    345.00     -2.04   -12.10    -1.63      0.0279     17.37 RIGHT   4.6360E-05   -180.46  1.4562E-05   -186.06
   25.00    345.00     -2.00   -11.44    -1.53      0.0425     18.51 RIGHT   4.6564E-05   -180.18  1.5709E-05   -188.22
   30.00    345.00     -1.93   -10.74    -1.39      0.0586     19.68 RIGHT   4.6966E-05   -179.90  1.7017E-05   -190.41
   35.00    345.00     -1.80   -10.06    -1.20      0.0751     20.76 RIGHT   4.7632E-05   -179.67  1.8403E-05   -192.50
   40.00    345.00     -1.63    -9.45    -0.96      0.0905     21.63 RIGHT   4.8607E-05   -179.53  1.9756E-05   -194.43
   45.00    345.00     -1.40    -8.95    -0.70      0.1032     22.15 RIGHT   4.9885E-05   -179.52  2.0931E-05   -196.15
   50.00    345.00     -1.15    -8.61    -0.43      0.1121     22.24 RIGHT   5.1380E-05   -179.69  2.1761E-05   -197.64
   55.00    345.00     -0.89    -8.49    -0.20      0.1165     21.85 RIGHT   5.2888E-05   -180.04  2.2064E-05   -198.91
   60.00    345.00     -0.70    -8.65    -0.06      0.1162     21.00 RIGHT   5.4058E-05   -180.55  2.1657E-05   -199.94
   65.00    345.00     -0.66    -9.18    -0.09      0.1113     19.72 RIGHT   5.4360E-05   -181.22  2.0385E-05   -200.76
   70.00    345.00     -0.87   -10.19    -0.39      0.1024     18.08 RIGHT   5.3049E-05   -182.02  1.8137E-05   -201.36
   75.00    345.00     -1.54   -11.91    -1.16      0.0901     16.14 RIGHT   4.9103E-05   -182.98  1.4876E-05   -201.77
   80.00    345.00     -3.10   -14.81    -2.82      0.0748     13.96 RIGHT   4.1037E-05   -184.16  1.0653E-05   -201.97
   85.00    345.00     -6.94   -20.37    -6.74      0.0571     11.59 RIGHT   2.6381E-05   -185.76  5.6156E-06   -201.98
   90.00    345.00   -999.99  -999.99  -999.99      0.0000      0.00         2.0770E-15     -8.24  3.3960E-16    -21.80
    0.00    350.00     -1.88   -16.96    -1.75      0.0000     10.00 LINEAR  4.7198E-05   -181.04  8.3222E-06   -181.04
    5.00    350.00     -1.89   -16.86    -1.75      0.0012     10.11 RIGHT   4.7188E-05   -181.00  8.4143E-06   -181.40
   10.00    350.00     -1.89   -16.58    -1.74      0.0049     10.43 RIGHT   4.7167E-05   -180.88  8.6892E-06   -182.46
   15.00    350.00     -1.89   -16.14    -1.73      0.0110     10.95 RIGHT   4.7164E-05   -180.69  9.1423E-06   -184.07
   20.00    350.00     -1.88   -15.57    -1.70      0.0194     11.63 RIGHT   4.7225E-05   -180.44  9.7621E-06   -186.05
   25.00    350.00     -1.84   -14.92    -1.64      0.0297     12.41 RIGHT   4.7413E-05   -180.16  1.0526E-05   -188.21
   30.00    350.00     -1.77   -14.23    -1.53      0.0413     13.22 RIGHT   4.7801E-05   -179.87  1.1398E-05   -190.40
   35.00    350.00     -1.65   -13.55    -1.38      0.0533     13.96 RIGHT   4.8459E-05   -179.63  1.2322E-05   -192.49
   40.00    350.00     -1.48   -12.94    -1.18      0.0646     14.55 RIGHT   4.9434E-05   -179.48  1.3223E-05   -194.42
   45.00    350.00     -1.26   -12.44    -0.94      0.0740     14.90 RIGHT   5.0721E-05   -179.47  1.4004E-05   -196.14
   50.00    350.00     -1.00   -12.10    -0.68      0.0804     14.94 RIGHT   5.2232E-05   -179.64  1.4555E-05   -197.63
   55.00    350.00     -0.75   -11.98    -0.44      0.0833     14.66 RIGHT   5.3763E-05   -179.98  1.4753E-05   -198.89
   60.00    350.00     -0.56   -12.15    -0.27      0.0825     14.05 RIGHT   5.4954E-05   -180.49  1.4477E-05   -199.93
   65.00    350.00     -0.51   -12.68    -0.26      0.0784     13.16 RIGHT   5.5266E-05   -181.16  1.3624E-05   -200.74
   70.00    350.00     -0.72   -13.69    -0.51      0.0713     12.03 RIGHT   5.3940E-05   -181.97  1.2119E-05   -201.35
   75.00    350.00     -1.39   -15.42    -1.23      0.0620     10.71 RIGHT   4.9933E-05   -182.93  9.9391E-06   -201.75
   80.00    350.00     -2.95   -18.32    -2.83      0.0509      9.24 RIGHT   4.1735E-05   -184.11  7.1170E-06   -201.95
   85.00    350.00     -6.79   -23.88    -6.70      0.0385      7.66 RIGHT   2.6832E-05   -185.70  3.7513E-06   -201.96
   90.00    350.00   -999.99  -999.99  -999.99      0.0000      0.00         2.1125E-15     -8.18  2.2686E-16    -21.79
    0.00    355.00     -1.78   -22.94    -1.75      0.0000      5.00 LINEAR  4.7743E-05   -181.04  4.1770E-06   -181.04
    5.00    355.00     -1.79   -22.85    -1.75      0.0006      5.06 RIGHT   4.7731E-05   -181.00  4.2231E-06   -181.40
   10.00    355.00     -1.79   -22.57    -1.75      0.0025      5.22 RIGHT   4.7705E-05   -180.88  4.3606E-06   -182.46
   15.00    355.00     -1.79   -22.13    -1.75      0.0056      5.48 RIGHT   4.7694E-05   -180.69  4.5872E-06   -184.07
   20.00    355.00     -1.78   -21.56    -1.74      0.0099      5.83 RIGHT   4.7745E-05   -180.44  4.8972E-06   -186.04
   25.00    355.00     -1.75   -20.91    -1.70      0.0153      6.23 RIGHT   4.7923E-05   -180.15  5.2794E-06   -188.20
   30.00    355.00     -1.68   -20.22    -1.62      0.0213      6.64 RIGHT   4.8303E-05   -179.86  5.7153E-06   -190.39
   35.00    355.00     -1.57   -19.55    -1.50      0.0277      7.02 RIGHT   4.8955E-05   -179.61  6.1770E-06   -192.48
   40.00    355.00     -1.39   -18.94    -1.32      0.0337      7.32 RIGHT   4.9929E-05   -179.46  6.6269E-06   -194.41
   45.00    355.00     -1.17   -18.44    -1.09      0.0387      7.49 RIGHT   5.1221E-05   -179.44  7.0170E-06   -196.13
   50.00    355.00     -0.92   -18.11    -0.84      0.0420      7.50 RIGHT   5.2742E-05   -179.60  7.2914E-06   -197.62
   55.00    355.00     -0.67   -17.99    -0.59      0.0435      7.35 RIGHT   5.4286E-05   -179.94  7.3892E-06   -198.88
   60.00    355.00     -0.48   -18.16    -0.40      0.0429      7.04 RIGHT   5.5490E-05   -180.46  7.2501E-06   -199.92
   65.00    355.00     -0.43   -18.68    -0.36      0.0405      6.58 RIGHT   5.5808E-05   -181.13  6.8217E-06   -200.74
   70.00    355.00     -0.64   -19.70    -0.58      0.0366      6.01 RIGHT   5.4473E-05   -181.93  6.0678E-06   -201.34
   75.00    355.00     -1.31   -21.42    -1.27      0.0316      5.34 RIGHT   5.0431E-05   -182.89  4.9757E-06   -201.74
   80.00    355.00     -2.87   -24.33    -2.83      0.0258      4.60 RIGHT   4.2153E-05   -184.08  3.5627E-06   -201.94
   85.00    355.00     -6.70   -29.89    -6.68      0.0193      3.81 RIGHT   2.7102E-05   -185.67  1.8778E-06   -201.96
   90.00    355.00   -999.99  -999.99  -999.99      0.0000      0.00         2.1338E-15     -8.15  1.1356E-16    -21.78


  AVERAGE POWER GAIN:  1.0768E+00 - SOLID ANGLE USED IN AVERAGING: (+1.9722)*PI STERADIANS



  DATA CARD No:   8 EN   0     0     0     0  0.00000E+00  0.00000E+00  0.00000E+00  0.00000E+00  0.00000E+00  0.00000E+00

  TOTAL RUN TIME: 60 msec