


                               __________________________________________
                              |                                          |
                              |  NUMERICAL ELECTROMAGNETICS CODE (nec2c) |
                              |   Translated to 'C' in Double Precision  |
                              |__________________________________________|



                               ---------------- COMMENTS ----------------
                               pattern-direct-35p0-25p0-15m
                              



                               -------- STRUCTURE SPECIFICATION --------
                                     COORDINATES MUST BE INPUT IN
                                     METERS OR BE SCALED TO METERS
                                     BEFORE STRUCTURE INPUT IS ENDED

  WIRE                                                                                 SEG FIRST  LAST  TAG
   No:        X1         Y1         Z1         X2         Y2         Z2       RADIUS   No:   SEG   SEG  No:
     1    -7.62000    0.00000    0.15240   -0.01000    0.00000    0.91440    0.00024    41     1    41    1
     2    -0.01000    0.00000    0.91440    0.01000    0.00000    0.91440    0.00024     1    42    42    2
     3     0.01000    0.00000    0.91440    6.78822    0.00000    9.14400    0.00024    61    43   103    3

     TOTAL SEGMENTS USED: 103   SEGMENTS IN A SYMMETRIC CELL: 103   SYMMETRY FLAG: 0


                               ---------- SEGMENTATION DATA ----------
                                        COORDINATES IN METERS
                            I+ AND I- INDICATE THE SEGMENTS BEFORE AND AFTER I

   SEG    COORDINATES OF SEGM CENTER     SEGM    ORIENTATION ANGLES    WIRE    CONNECTION DATA   TAG
   No:       X         Y         Z      LENGTH     ALPHA      BETA    RADIUS    I-     I    I+   No:
     1   -7.5272    0.0000    0.1617    0.1865    5.7180    0.0000    0.0002     0     1     2     1
     2   -7.3416    0.0000    0.1803    0.1865    5.7180    0.0000    0.0002     1     2     3     1
     3   -7.1560    0.0000    0.1989    0.1865    5.7180    0.0000    0.0002     2     3     4     1
     4   -6.9704    0.0000    0.2174    0.1865    5.7180    0.0000    0.0002     3     4     5     1
     5   -6.7848    0.0000    0.2360    0.1865    5.7180    0.0000    0.0002     4     5     6     1
     6   -6.5991    0.0000    0.2546    0.1865    5.7180    0.0000    0.0002     5     6     7     1
     7   -6.4135    0.0000    0.2732    0.1865    5.7180    0.0000    0.0002     6     7     8     1
     8   -6.2279    0.0000    0.2918    0.1865    5.7180    0.0000    0.0002     7     8     9     1
     9   -6.0423    0.0000    0.3104    0.1865    5.7180    0.0000    0.0002     8     9    10     1
    10   -5.8567    0.0000    0.3290    0.1865    5.7180    0.0000    0.0002     9    10    11     1
    11   -5.6711    0.0000    0.3475    0.1865    5.7180    0.0000    0.0002    10    11    12     1
    12   -5.4855    0.0000    0.3661    0.1865    5.7180    0.0000    0.0002    11    12    13     1
    13   -5.2999    0.0000    0.3847    0.1865    5.7180    0.0000    0.0002    12    13    14     1
    14   -5.1143    0.0000    0.4033    0.1865    5.7180    0.0000    0.0002    13    14    15     1
    15   -4.9287    0.0000    0.4219    0.1865    5.7180    0.0000    0.0002    14    15    16     1
    16   -4.7430    0.0000    0.4405    0.1865    5.7180    0.0000    0.0002    15    16    17     1
    17   -4.5574    0.0000    0.4591    0.1865    5.7180    0.0000    0.0002    16    17    18     1
    18   -4.3718    0.0000    0.4776    0.1865    5.7180    0.0000    0.0002    17    18    19     1
    19   -4.1862    0.0000    0.4962    0.1865    5.7180    0.0000    0.0002    18    19    20     1
    20   -4.0006    0.0000    0.5148    0.1865    5.7180    0.0000    0.0002    19    20    21     1
    21   -3.8150    0.0000    0.5334    0.1865    5.7180    0.0000    0.0002    20    21    22     1
    22   -3.6294    0.0000    0.5520    0.1865    5.7180    0.0000    0.0002    21    22    23     1
    23   -3.4438    0.0000    0.5706    0.1865    5.7180    0.0000    0.0002    22    23    24     1
    24   -3.2582    0.0000    0.5892    0.1865    5.7180    0.0000    0.0002    23    24    25     1
    25   -3.0726    0.0000    0.6077    0.1865    5.7180    0.0000    0.0002    24    25    26     1
    26   -2.8870    0.0000    0.6263    0.1865    5.7180    0.0000    0.0002    25    26    27     1
    27   -2.7013    0.0000    0.6449    0.1865    5.7180    0.0000    0.0002    26    27    28     1
    28   -2.5157    0.0000    0.6635    0.1865    5.7180    0.0000    0.0002    27    28    29     1
    29   -2.3301    0.0000    0.6821    0.1865    5.7180    0.0000    0.0002    28    29    30     1
    30   -2.1445    0.0000    0.7007    0.1865    5.7180    0.0000    0.0002    29    30    31     1
    31   -1.9589    0.0000    0.7193    0.1865    5.7180    0.0000    0.0002    30    31    32     1
    32   -1.7733    0.0000    0.7378    0.1865    5.7180    0.0000    0.0002    31    32    33     1
    33   -1.5877    0.0000    0.7564    0.1865    5.7180    0.0000    0.0002    32    33    34     1
    34   -1.4021    0.0000    0.7750    0.1865    5.7180    0.0000    0.0002    33    34    35     1
    35   -1.2165    0.0000    0.7936    0.1865    5.7180    0.0000    0.0002    34    35    36     1
    36   -1.0309    0.0000    0.8122    0.1865    5.7180    0.0000    0.0002    35    36    37     1
    37   -0.8452    0.0000    0.8308    0.1865    5.7180    0.0000    0.0002    36    37    38     1
    38   -0.6596    0.0000    0.8494    0.1865    5.7180    0.0000    0.0002    37    38    39     1
    39   -0.4740    0.0000    0.8679    0.1865    5.7180    0.0000    0.0002    38    39    40     1
    40   -0.2884    0.0000    0.8865    0.1865    5.7180    0.0000    0.0002    39    40    41     1
    41   -0.1028    0.0000    0.9051    0.1865    5.7180    0.0000    0.0002    40    41    42     1
    42    0.0000    0.0000    0.9144    0.0200    0.0000    0.0000    0.0002    41    42    43     2
    43    0.0656    0.0000    0.9819    0.1748   50.5238    0.0000    0.0002    42    43    44     3
    44    0.1767    0.0000    1.1168    0.1748   50.5238    0.0000    0.0002    43    44    45     3
    45    0.2878    0.0000    1.2517    0.1748   50.5238    0.0000    0.0002    44    45    46     3
    46    0.3989    0.0000    1.3866    0.1748   50.5238    0.0000    0.0002    45    46    47     3
    47    0.5100    0.0000    1.5215    0.1748   50.5238    0.0000    0.0002    46    47    48     3
    48    0.6212    0.0000    1.6564    0.1748   50.5238    0.0000    0.0002    47    48    49     3
    49    0.7323    0.0000    1.7913    0.1748   50.5238    0.0000    0.0002    48    49    50     3
    50    0.8434    0.0000    1.9262    0.1748   50.5238    0.0000    0.0002    49    50    51     3
    51    0.9545    0.0000    2.0611    0.1748   50.5238    0.0000    0.0002    50    51    52     3
    52    1.0656    0.0000    2.1961    0.1748   50.5238    0.0000    0.0002    51    52    53     3
    53    1.1767    0.0000    2.3310    0.1748   50.5238    0.0000    0.0002    52    53    54     3
    54    1.2879    0.0000    2.4659    0.1748   50.5238    0.0000    0.0002    53    54    55     3
    55    1.3990    0.0000    2.6008    0.1748   50.5238    0.0000    0.0002    54    55    56     3
    56    1.5101    0.0000    2.7357    0.1748   50.5238    0.0000    0.0002    55    56    57     3
    57    1.6212    0.0000    2.8706    0.1748   50.5238    0.0000    0.0002    56    57    58     3
    58    1.7323    0.0000    3.0055    0.1748   50.5238    0.0000    0.0002    57    58    59     3
    59    1.8435    0.0000    3.1404    0.1748   50.5238    0.0000    0.0002    58    59    60     3
    60    1.9546    0.0000    3.2754    0.1748   50.5238    0.0000    0.0002    59    60    61     3
    61    2.0657    0.0000    3.4103    0.1748   50.5238    0.0000    0.0002    60    61    62     3
    62    2.1768    0.0000    3.5452    0.1748   50.5238    0.0000    0.0002    61    62    63     3
    63    2.2879    0.0000    3.6801    0.1748   50.5238    0.0000    0.0002    62    63    64     3
    64    2.3990    0.0000    3.8150    0.1748   50.5238    0.0000    0.0002    63    64    65     3
    65    2.5102    0.0000    3.9499    0.1748   50.5238    0.0000    0.0002    64    65    66     3
    66    2.6213    0.0000    4.0848    0.1748   50.5238    0.0000    0.0002    65    66    67     3
    67    2.7324    0.0000    4.2197    0.1748   50.5238    0.0000    0.0002    66    67    68     3
    68    2.8435    0.0000    4.3546    0.1748   50.5238    0.0000    0.0002    67    68    69     3
    69    2.9546    0.0000    4.4896    0.1748   50.5238    0.0000    0.0002    68    69    70     3
    70    3.0658    0.0000    4.6245    0.1748   50.5238    0.0000    0.0002    69    70    71     3
    71    3.1769    0.0000    4.7594    0.1748   50.5238    0.0000    0.0002    70    71    72     3
    72    3.2880    0.0000    4.8943    0.1748   50.5238    0.0000    0.0002    71    72    73     3
    73    3.3991    0.0000    5.0292    0.1748   50.5238    0.0000    0.0002    72    73    74     3
    74    3.5102    0.0000    5.1641    0.1748   50.5238    0.0000    0.0002    73    74    75     3
    75    3.6213    0.0000    5.2990    0.1748   50.5238    0.0000    0.0002    74    75    76     3
    76    3.7325    0.0000    5.4339    0.1748   50.5238    0.0000    0.0002    75    76    77     3
    77    3.8436    0.0000    5.5688    0.1748   50.5238    0.0000    0.0002    76    77    78     3
    78    3.9547    0.0000    5.7038    0.1748   50.5238    0.0000    0.0002    77    78    79     3
    79    4.0658    0.0000    5.8387    0.1748   50.5238    0.0000    0.0002    78    79    80     3
    80    4.1769    0.0000    5.9736    0.1748   50.5238    0.0000    0.0002    79    80    81     3
    81    4.2881    0.0000    6.1085    0.1748   50.5238    0.0000    0.0002    80    81    82     3
    82    4.3992    0.0000    6.2434    0.1748   50.5238    0.0000    0.0002    81    82    83     3
    83    4.5103    0.0000    6.3783    0.1748   50.5238    0.0000    0.0002    82    83    84     3
    84    4.6214    0.0000    6.5132    0.1748   50.5238    0.0000    0.0002    83    84    85     3
    85    4.7325    0.0000    6.6481    0.1748   50.5238    0.0000    0.0002    84    85    86     3
    86    4.8436    0.0000    6.7830    0.1748   50.5238    0.0000    0.0002    85    86    87     3
    87    4.9548    0.0000    6.9180    0.1748   50.5238    0.0000    0.0002    86    87    88     3
    88    5.0659    0.0000    7.0529    0.1748   50.5238    0.0000    0.0002    87    88    89     3
    89    5.1770    0.0000    7.1878    0.1748   50.5238    0.0000    0.0002    88    89    90     3
    90    5.2881    0.0000    7.3227    0.1748   50.5238    0.0000    0.0002    89    90    91     3
    91    5.3992    0.0000    7.4576    0.1748   50.5238    0.0000    0.0002    90    91    92     3
    92    5.5104    0.0000    7.5925    0.1748   50.5238    0.0000    0.0002    91    92    93     3
    93    5.6215    0.0000    7.7274    0.1748   50.5238    0.0000    0.0002    92    93    94     3
    94    5.7326    0.0000    7.8623    0.1748   50.5238    0.0000    0.0002    93    94    95     3
    95    5.8437    0.0000    7.9973    0.1748   50.5238    0.0000    0.0002    94    95    96     3
    96    5.9548    0.0000    8.1322    0.1748   50.5238    0.0000    0.0002    95    96    97     3
    97    6.0659    0.0000    8.2671    0.1748   50.5238    0.0000    0.0002    96    97    98     3
    98    6.1771    0.0000    8.4020    0.1748   50.5238    0.0000    0.0002    97    98    99     3
    99    6.2882    0.0000    8.5369    0.1748   50.5238    0.0000    0.0002    98    99   100     3
   100    6.3993    0.0000    8.6718    0.1748   50.5238    0.0000    0.0002    99   100   101     3
   101    6.5104    0.0000    8.8067    0.1748   50.5238    0.0000    0.0002   100   101   102     3
   102    6.6215    0.0000    8.9416    0.1748   50.5238    0.0000    0.0002   101   102   103     3
   103    6.7327    0.0000    9.0765    0.1748   50.5238    0.0000    0.0002   102   103     0     3



  DATA CARD No:   1 EK   0     0     0     0  0.00000E+00  0.00000E+00  0.00000E+00  0.00000E+00  0.00000E+00  0.00000E+00
  DATA CARD No:   2 LD   5     0     0     0  1.50000E+07  0.00000E+00  0.00000E+00  0.00000E+00  0.00000E+00  0.00000E+00
  DATA CARD No:   3 GN   2     0     0     0  1.30000E+01  5.00000E-03  0.00000E+00  0.00000E+00  0.00000E+00  0.00000E+00
  DATA CARD No:   4 FR   0     1     0     0  2.10500E+01  0.00000E+00  0.00000E+00  0.00000E+00  0.00000E+00  0.00000E+00
  DATA CARD No:   5 EX   0     2     1     0  1.00000E+00  0.00000E+00  0.00000E+00  0.00000E+00  0.00000E+00  0.00000E+00
  DATA CARD No:   6 PT  -1     0     0     0  0.00000E+00  0.00000E+00  0.00000E+00  0.00000E+00  0.00000E+00  0.00000E+00
  DATA CARD No:   7 RP   0    19    72  1001  0.00000E+00  0.00000E+00  5.00000E+00  5.00000E+00  1.00000E+03  0.00000E+00


                               --------- FREQUENCY --------
                                FREQUENCY : 2.1050E+01 MHz
                                WAVELENGTH: 1.4242E+01 Mtr

                        APPROXIMATE INTEGRATION EMPLOYED FOR SEGMENTS 
                        THAT ARE MORE THAN 1.000 WAVELENGTHS APART
                        THE EXTENDED THIN WIRE KERNEL WILL BE USED


                          ------ STRUCTURE IMPEDANCE LOADING ------
  LOCATION        RESISTANCE  INDUCTANCE  CAPACITANCE     IMPEDANCE (OHMS)   CONDUCTIVITY  CIRCUIT
  ITAG FROM THRU     OHMS       HENRYS      FARADS       REAL     IMAGINARY   MHOS/METER      TYPE
  ALL                                                                        1.5000E+07     WIRE  


                            -------- ANTENNA ENVIRONMENT --------
                            FINITE GROUND - SOMMERFELD SOLUTION
                            RELATIVE DIELECTRIC CONST: 13.000
                            CONDUCTIVITY:  5.000E-03 MHOS/METER
                            COMPLEX DIELECTRIC CONSTANT:  1.3000E+01-4.2698E+00j


                             ---------- MATRIX TIMING ----------
                               FILL: 10 msec  FACTOR: 0 msec


                        --------- ANTENNA INPUT PARAMETERS ---------
  TAG   SEG       VOLTAGE (VOLTS)         CURRENT (AMPS)         IMPEDANCE (OHMS)        ADMITTANCE (MHOS)     POWER
  No:   No:     REAL      IMAGINARY     REAL      IMAGINARY     REAL      IMAGINARY    REAL       IMAGINARY   (WATTS)
    2    42  1.0000E+00  0.0000E+00  4.5019E-04  9.3478E-04  4.1820E+02 -8.6836E+02  4.5019E-04  9.3478E-04  2.2509E-04


                               ---------- POWER BUDGET ---------
                               INPUT POWER   =  2.2509E-04 Watts
                               RADIATED POWER=  2.0441E-04 Watts
                               STRUCTURE LOSS=  2.0687E-05 Watts
                               NETWORK LOSS  =  0.0000E+00 Watts
                               EFFICIENCY    =   90.81 Percent


                             ---------- RADIATION PATTERNS -----------

                             RANGE:  1.000000E+03 METERS
                             EXP(-JKR)/R:  1.00000E-03 AT PHASE:  -76.85 DEGREES

 ---- ANGLES -----     ----- POWER GAINS -----       ---- POLARIZATION ----   ---- E(THETA) ----    ----- E(PHI) ------
  THETA      PHI       VERTC    HORIZ    TOTAL       AXIAL      TILT  SENSE   MAGNITUDE    PHASE    MAGNITUDE     PHASE
 DEGREES   DEGREES        DB       DB       DB       RATIO   DEGREES            VOLTS/M   DEGREES     VOLTS/M   DEGREES
    0.00      0.00     -5.29  -999.99    -5.29      0.0000     -0.00 LINEAR  6.3220E-05   -195.13  0.0000E+00    -76.85
    5.00      0.00     -6.17  -999.99    -6.17      0.0000     -0.00 LINEAR  5.7098E-05   -211.63  0.0000E+00    -76.85
   10.00      0.00     -6.31  -999.99    -6.31      0.0000     -0.00 LINEAR  5.6175E-05   -227.81  0.0000E+00    -76.85
   15.00      0.00     -6.06  -999.99    -6.06      0.0000     -0.00 LINEAR  5.7809E-05   -240.33  0.0000E+00    -76.85
   20.00      0.00     -5.90  -999.99    -5.90      0.0000     -0.00 LINEAR  5.8879E-05   -248.89  0.0000E+00    -76.85
   25.00      0.00     -6.11  -999.99    -6.11      0.0000     -0.00 LINEAR  5.7520E-05   -254.79  0.0000E+00    -76.85
   30.00      0.00     -6.77  -999.99    -6.77      0.0000     -0.00 LINEAR  5.3301E-05    100.48  0.0000E+00    -76.85
   35.00      0.00     -7.87  -999.99    -7.87      0.0000     -0.00 LINEAR  4.6926E-05     95.35  0.0000E+00    -76.85
   40.00      0.00     -9.27  -999.99    -9.27      0.0000     -0.00 LINEAR  3.9962E-05     88.06  0.0000E+00    -76.85
   45.00      0.00    -10.53  -999.99   -10.53      0.0000     -0.00 LINEAR  3.4567E-05     77.19  0.0000E+00    -76.85
   50.00      0.00    -11.00  -999.99   -11.00      0.0000     -0.00 LINEAR  3.2743E-05     64.03  0.0000E+00    -76.85
   55.00      0.00    -10.46  -999.99   -10.46      0.0000     -0.00 LINEAR  3.4861E-05     53.35  0.0000E+00    -76.85
   60.00      0.00     -9.39  -999.99    -9.39      0.0000     -0.00 LINEAR  3.9400E-05     48.07  0.0000E+00    -76.85
   65.00      0.00     -8.36  -999.99    -8.36      0.0000     -0.00 LINEAR  4.4383E-05     47.18  0.0000E+00    -76.85
   70.00      0.00     -7.68  -999.99    -7.68      0.0000     -0.00 LINEAR  4.7985E-05     48.57  0.0000E+00    -76.85
   75.00      0.00     -7.63  -999.99    -7.63      0.0000     -0.00 LINEAR  4.8259E-05     50.56  0.0000E+00    -76.85
   80.00      0.00     -8.66  -999.99    -8.66      0.0000     -0.00 LINEAR  4.2843E-05     52.08  0.0000E+00    -76.85
   85.00      0.00    -12.19  -999.99   -12.19      0.0000     -0.00 LINEAR  2.8558E-05     52.40  0.0000E+00    -76.85
   90.00      0.00   -999.99  -999.99  -999.99      0.0000      0.00         2.2740E-15   -129.15  0.0000E+00    -76.85
    0.00      5.00     -5.32   -26.48    -5.29      0.0000     -5.00 LINEAR  6.2980E-05   -195.13  5.5100E-06    -15.13
    5.00      5.00     -6.20   -27.59    -6.17      0.0077     -4.85 RIGHT   5.6908E-05   -211.60  4.8512E-06    -26.41
   10.00      5.00     -6.34   -28.63    -6.31      0.0116     -4.34 RIGHT   5.6016E-05   -227.74  4.3012E-06    -38.99
   15.00      5.00     -6.08   -29.63    -6.06      0.0097     -3.76 RIGHT   5.7675E-05   -240.23  3.8348E-06    -51.82
   20.00      5.00     -5.92   -30.74    -5.90      0.0046     -3.27 RIGHT   5.8785E-05   -248.75  3.3731E-06    -64.16
   25.00      5.00     -6.11   -32.25    -6.10      0.0016     -2.82 LEFT    5.7489E-05   -254.61  2.8358E-06    -76.44
   30.00      5.00     -6.76   -34.47    -6.75      0.0084     -2.31 LEFT    5.3346E-05    100.72  2.1954E-06    -91.05
   35.00      5.00     -7.85   -37.52    -7.85      0.0168     -1.62 LEFT    4.7044E-05     95.67  1.5458E-06   -115.04
   40.00      5.00     -9.23   -39.19    -9.23      0.0294     -0.69 LEFT    4.0123E-05     88.50  1.2755E-06   -159.34
   45.00      5.00    -10.49   -36.38   -10.48      0.0504      0.32 LEFT    3.4718E-05     77.78  1.7619E-06   -198.52
   50.00      5.00    -10.97   -33.06   -10.95      0.0773      0.85 LEFT    3.2838E-05     64.70  2.5833E-06   -216.09
   55.00      5.00    -10.44   -30.76   -10.40      0.0956      0.76 LEFT    3.4906E-05     53.93  3.3672E-06   -223.85
   60.00      5.00     -9.38   -29.40    -9.34      0.0993      0.60 LEFT    3.9440E-05     48.47  3.9377E-06   -227.50
   65.00      5.00     -8.34   -28.86    -8.31      0.0936      0.62 LEFT    4.4453E-05     47.41  4.1895E-06   -229.17
   70.00      5.00     -7.66   -29.13    -7.63      0.0835      0.72 LEFT    4.8090E-05     48.65  4.0609E-06   -229.79
   75.00      5.00     -7.61   -30.34    -7.58      0.0718      0.76 LEFT    4.8386E-05     50.53  3.5325E-06   -229.87
   80.00      5.00     -8.64   -32.91    -8.62      0.0599      0.71 LEFT    4.2965E-05     51.97  2.6284E-06   -229.68
   85.00      5.00    -12.16   -38.28   -12.15      0.0484      0.57 LEFT    2.8642E-05     52.25  1.4159E-06   -229.41
   90.00      5.00   -999.99  -999.99  -999.99      0.0000      0.00         2.2807E-15   -129.32  8.6251E-17    -49.15
    0.00     10.00     -5.42   -20.49    -5.29      0.0000    -10.00 LINEAR  6.2260E-05   -195.13  1.0978E-05    -15.13
    5.00     10.00     -6.29   -21.58    -6.16      0.0153     -9.71 RIGHT   5.6339E-05   -211.51  9.6807E-06    -26.26
   10.00     10.00     -6.41   -22.62    -6.31      0.0234     -8.70 RIGHT   5.5535E-05   -227.55  8.5966E-06    -38.66
   15.00     10.00     -6.14   -23.60    -6.07      0.0199     -7.55 RIGHT   5.7270E-05   -239.92  7.6753E-06    -51.24
   20.00     10.00     -5.96   -24.70    -5.90      0.0101     -6.57 RIGHT   5.8502E-05   -248.34  6.7610E-06    -63.27
   25.00     10.00     -6.13   -26.20    -6.08      0.0018     -5.66 LEFT    5.7391E-05   -254.07  5.6930E-06    -75.10
   30.00     10.00     -6.74   -28.42    -6.71      0.0147     -4.64 LEFT    5.3477E-05    101.42  4.4073E-06    -88.90
   35.00     10.00     -7.79   -31.59    -7.77      0.0302     -3.26 LEFT    4.7394E-05     96.61  3.0586E-06   -111.38
   40.00     10.00     -9.13   -33.79    -9.12      0.0532     -1.39 LEFT    4.0608E-05     89.80  2.3757E-06   -155.75
   45.00     10.00    -10.38   -31.04   -10.34      0.0918      0.72 LEFT    3.5182E-05     79.51  3.2603E-06   -198.26
   50.00     10.00    -10.90   -27.52   -10.80      0.1432      2.02 LEFT    3.3139E-05     66.65  4.8881E-06   -216.89
   55.00     10.00    -10.41   -25.10   -10.26      0.1809      1.99 LEFT    3.5054E-05     55.64  6.4578E-06   -224.86
   60.00     10.00     -9.36   -23.67    -9.20      0.1903      1.64 LEFT    3.9564E-05     49.66  7.6116E-06   -228.56
   65.00     10.00     -8.31   -23.09    -8.16      0.1802      1.56 LEFT    4.4654E-05     48.08  8.1387E-06   -230.24
   70.00     10.00     -7.61   -23.33    -7.49      0.1611      1.63 LEFT    4.8390E-05     48.89  7.9152E-06   -230.87
   75.00     10.00     -7.54   -24.52    -7.46      0.1387      1.63 LEFT    4.8747E-05     50.44  6.9007E-06   -230.95
   80.00     10.00     -8.57   -27.08    -8.51      0.1159      1.48 LEFT    4.3314E-05     51.65  5.1422E-06   -230.78
   85.00     10.00    -12.09   -32.45   -12.05      0.0937      1.18 LEFT    2.8883E-05     51.79  2.7723E-06   -230.51
   90.00     10.00   -999.99  -999.99  -999.99      0.0000      0.00         2.3001E-15   -129.82  1.6893E-16    -50.26
    0.00     15.00     -5.59   -17.03    -5.29      0.0000    -15.00 LINEAR  6.1066E-05   -195.13  1.6363E-05    -15.13
    5.00     15.00     -6.43   -18.09    -6.15      0.0228    -14.58 RIGHT   5.5392E-05   -211.38  1.4467E-05    -26.03
   10.00     15.00     -6.54   -19.10    -6.30      0.0354    -13.10 RIGHT   5.4733E-05   -227.23  1.2880E-05    -38.10
   15.00     15.00     -6.25   -20.07    -6.07      0.0311    -11.38 RIGHT   5.6591E-05   -239.42  1.1528E-05    -50.29
   20.00     15.00     -6.03   -21.15    -5.90      0.0174     -9.90 RIGHT   5.8020E-05   -247.68  1.0181E-05    -61.83
   25.00     15.00     -6.15   -22.61    -6.06      0.0007     -8.55 RIGHT   5.7212E-05   -253.21  8.5992E-06    -72.93
   30.00     15.00     -6.71   -24.82    -6.64      0.0169     -7.02 LEFT    5.3676E-05    102.52  6.6681E-06    -85.41
   35.00     15.00     -7.68   -28.15    -7.65      0.0372     -4.98 LEFT    4.7961E-05     98.08  4.5451E-06   -105.22
   40.00     15.00     -8.96   -31.29    -8.93      0.0664     -2.17 LEFT    4.1415E-05     91.81  3.1659E-06   -148.61
   45.00     15.00    -10.18   -28.76   -10.12      0.1159      1.18 LEFT    3.5986E-05     82.20  4.2376E-06   -197.74
   50.00     15.00    -10.75   -24.86   -10.59      0.1866      3.64 LEFT    3.3695E-05     69.73  6.6428E-06   -218.42
   55.00     15.00    -10.34   -22.21   -10.06      0.2448      4.04 LEFT    3.5343E-05     58.36  9.0030E-06   -226.73
   60.00     15.00     -9.31   -20.66    -9.00      0.2637      3.47 LEFT    3.9777E-05     51.58  1.0764E-05   -230.47
   65.00     15.00     -8.25   -20.00    -7.97      0.2526      3.09 LEFT    4.4958E-05     49.15  1.1611E-05   -232.15
   70.00     15.00     -7.53   -20.20    -7.30      0.2269      2.93 LEFT    4.8835E-05     49.26  1.1358E-05   -232.77
   75.00     15.00     -7.45   -21.35    -7.27      0.1960      2.73 LEFT    4.9284E-05     50.27  9.9407E-06   -232.86
   80.00     15.00     -8.47   -23.89    -8.34      0.1642      2.38 LEFT    4.3836E-05     51.11  7.4262E-06   -232.68
   85.00     15.00    -11.98   -29.24   -11.90      0.1332      1.86 LEFT    2.9245E-05     51.04  4.0094E-06   -232.42
   90.00     15.00   -999.99  -999.99  -999.99      0.0000      0.00         2.3292E-15   -130.64  2.4442E-16    -52.16
    0.00     20.00     -5.83   -14.60    -5.29      0.0000    -20.00 LINEAR  5.9408E-05   -195.13  2.1623E-05    -15.13
    5.00     20.00     -6.64   -15.64    -6.13      0.0302    -19.47 RIGHT   5.4067E-05   -211.20  1.9186E-05    -25.70
   10.00     20.00     -6.72   -16.62    -6.30      0.0478    -17.55 RIGHT   5.3604E-05   -226.81  1.7145E-05    -37.34
   15.00     20.00     -6.40   -17.55    -6.08      0.0438    -15.29 RIGHT   5.5629E-05   -238.76  1.5398E-05    -48.99
   20.00     20.00     -6.14   -18.60    -5.90      0.0272    -13.31 RIGHT   5.7323E-05   -246.79  1.3653E-05    -59.86
   25.00     20.00     -6.20   -20.02    -6.02      0.0071    -11.50 RIGHT   5.6927E-05   -252.09  1.1592E-05    -69.99
   30.00     20.00     -6.67   -22.18    -6.55      0.0134     -9.49 LEFT    5.3909E-05   -256.04  9.0384E-06    -80.74
   35.00     20.00     -7.55   -25.61    -7.48      0.0354     -6.84 LEFT    4.8711E-05     99.96  6.0888E-06    -96.73
   40.00     20.00     -8.73   -30.11    -8.70      0.0653     -3.15 LEFT    4.2528E-05     94.34  3.6293E-06   -135.75
   45.00     20.00     -9.90   -28.34    -9.84      0.1170      1.48 LEFT    3.7147E-05     85.57  4.4498E-06   -196.71
   50.00     20.00    -10.53   -23.69   -10.33      0.1978      5.48 LEFT    3.4558E-05     73.65  7.5954E-06   -221.12
   55.00     20.00    -10.22   -20.67    -9.84      0.2753      6.86 LEFT    3.5820E-05     61.93  1.0755E-05   -229.79
   60.00     20.00     -9.24   -18.92    -8.80      0.3095      6.27 LEFT    4.0080E-05     54.10  1.3155E-05   -233.49
   65.00     20.00     -8.18   -18.14    -7.76      0.3032      5.39 LEFT    4.5318E-05     50.55  1.4384E-05   -235.09
   70.00     20.00     -7.44   -18.26    -7.09      0.2756      4.72 LEFT    4.9343E-05     49.71  1.4192E-05   -235.67
   75.00     20.00     -7.34   -19.37    -7.08      0.2398      4.12 LEFT    4.9901E-05     50.01  1.2493E-05   -235.73
   80.00     20.00     -8.35   -21.87    -8.16      0.2020      3.45 LEFT    4.4442E-05     50.36  9.3674E-06   -235.54
   85.00     20.00    -11.86   -27.21   -11.73      0.1644      2.65 LEFT    2.9668E-05     50.00  5.0680E-06   -235.28
   90.00     20.00   -999.99  -999.99  -999.99      0.0000      0.00         2.3633E-15   -131.77  3.0916E-16    -55.01
    0.00     25.00     -6.14   -12.77    -5.29      0.0000    -25.00 LINEAR  5.7297E-05   -195.13  2.6718E-05    -15.13
    5.00     25.00     -6.92   -13.76    -6.10      0.0374    -24.39 RIGHT   5.2367E-05   -210.98  2.3817E-05    -25.29
   10.00     25.00     -6.96   -14.70    -6.28      0.0607    -22.08 RIGHT   5.2144E-05   -226.30  2.1384E-05    -36.38
   15.00     25.00     -6.59   -15.59    -6.08      0.0582    -19.30 RIGHT   5.4372E-05   -237.97  1.9294E-05    -47.36
   20.00     25.00     -6.28   -16.59    -5.89      0.0404    -16.82 RIGHT   5.6388E-05   -245.74  1.7201E-05    -57.43
   25.00     25.00     -6.26   -17.94    -5.98      0.0185    -14.57 RIGHT   5.6497E-05   -250.76  1.4722E-05    -66.42
   30.00     25.00     -6.63   -20.01    -6.44      0.0027    -12.11 LEFT    5.4123E-05   -254.37  1.1610E-05    -75.14
   35.00     25.00     -7.40   -23.39    -7.29      0.0231     -8.92 LEFT    4.9583E-05    102.09  7.8672E-06    -86.49
   40.00     25.00     -8.45   -29.17    -8.42      0.0480     -4.49 LEFT    4.3894E-05     97.16  4.0400E-06   -114.47
   45.00     25.00     -9.56   -29.99    -9.52      0.0925      1.29 LEFT    3.8649E-05     89.30  3.6779E-06   -194.26
   50.00     25.00    -10.24   -23.76   -10.05      0.1720      6.96 LEFT    3.5755E-05     78.08  7.5394E-06   -226.07
   55.00     25.00    -10.05   -20.07    -9.64      0.2634      9.88 LEFT    3.6514E-05     66.07  1.1518E-05   -234.77
   60.00     25.00     -9.16   -18.02    -8.63      0.3180      9.72 LEFT    4.0459E-05     57.08  1.4591E-05   -238.11
   65.00     25.00     -8.11   -17.08    -7.59      0.3249      8.37 LEFT    4.5662E-05     52.18  1.6268E-05   -239.45
   70.00     25.00     -7.36   -17.09    -6.92      0.3023      7.03 LEFT    4.9800E-05     50.19  1.6248E-05   -239.87
   75.00     25.00     -7.24   -18.13    -6.90      0.2667      5.85 LEFT    5.0465E-05     49.63  1.4416E-05   -239.83
   80.00     25.00     -8.24   -20.58    -7.99      0.2268      4.73 LEFT    4.5011E-05     49.38  1.0863E-05   -239.59
   85.00     25.00    -11.74   -25.89   -11.58      0.1857      3.59 LEFT    3.0071E-05     48.68  5.8936E-06   -239.30
   90.00     25.00   -999.99  -999.99  -999.99      0.0000      0.00         2.3960E-15   -133.20  3.5986E-16    -59.04
    0.00     30.00     -6.53   -11.31    -5.29      0.0000    -30.00 LINEAR  5.4750E-05   -195.13  3.1610E-05    -15.13
    5.00     30.00     -7.27   -12.26    -6.07      0.0444    -29.33 RIGHT   5.0294E-05   -210.74  2.8335E-05    -24.79
   10.00     30.00     -7.26   -13.14    -6.26      0.0739    -26.71 RIGHT   5.0348E-05   -225.73  2.5586E-05    -35.24
   15.00     30.00     -6.85   -13.98    -6.08      0.0747    -23.44 RIGHT   5.2806E-05   -237.09  2.3220E-05    -45.46
   20.00     30.00     -6.47   -14.92    -5.89      0.0575    -20.48 RIGHT   5.5186E-05   -244.58  2.0852E-05    -54.60
   25.00     30.00     -6.36   -16.17    -5.93      0.0356    -17.80 RIGHT   5.5870E-05   -249.31  1.8047E-05    -62.34
   30.00     30.00     -6.62   -18.07    -6.32      0.0159    -14.94 RIGHT   5.4242E-05   -252.59  1.4500E-05    -68.94
   35.00     30.00     -7.24   -21.19    -7.07      0.0004    -11.34 RIGHT   5.0485E-05   -255.68  1.0126E-05    -75.56
   40.00     30.00     -8.16   -27.12    -8.10      0.0144     -6.38 LEFT    4.5418E-05    100.04  5.1210E-06    -87.40
   45.00     30.00     -9.17   -36.35    -9.16      0.0435      0.28 LEFT    4.0414E-05     93.06  1.7681E-06   -183.45
   50.00     30.00     -9.88   -25.18    -9.75      0.1104      7.50 LEFT    3.7251E-05     82.63  6.3985E-06   -236.53
   55.00     30.00     -9.84   -20.30    -9.47      0.2075     12.24 LEFT    3.7413E-05     70.48  1.1220E-05   -243.22
   60.00     30.00     -9.07   -17.79    -8.53      0.2840     13.12 LEFT    4.0867E-05     60.30  1.4979E-05   -245.28
   65.00     30.00     -8.07   -16.61    -7.50      0.3124     11.69 LEFT    4.5889E-05     53.91  1.7160E-05   -245.91
   70.00     30.00     -7.31   -16.48    -6.82      0.3033      9.73 LEFT    5.0060E-05     50.61  1.7418E-05   -245.90
   75.00     30.00     -7.18   -17.43    -6.79      0.2743      7.91 LEFT    5.0815E-05     49.06  1.5612E-05   -245.62
   80.00     30.00     -8.16   -19.83    -7.88      0.2367      6.26 LEFT    4.5391E-05     48.14  1.1840E-05   -245.24
   85.00     30.00    -11.66   -25.12   -11.47      0.1957      4.72 LEFT    3.0352E-05     47.05  6.4465E-06   -244.88
   90.00     30.00   -999.99  -999.99  -999.99      0.0000      0.00         2.4191E-15   -134.96  3.9407E-16    -64.59
    0.00     35.00     -7.02   -10.11    -5.29      0.0000    -35.00 LINEAR  5.1787E-05   -195.13  3.6262E-05    -15.13
    5.00     35.00     -7.70   -11.01    -6.04      0.0510    -34.30 RIGHT   4.7853E-05   -210.49  3.2714E-05    -24.22
   10.00     35.00     -7.64   -11.84    -6.24      0.0875    -31.45 RIGHT   4.8208E-05   -225.15  2.9740E-05    -33.94
   15.00     35.00     -7.17   -12.62    -6.08      0.0934    -27.76 RIGHT   5.0911E-05   -236.18  2.7181E-05    -43.31
   20.00     35.00     -6.71   -13.47    -5.88      0.0788    -24.34 RIGHT   5.3678E-05   -243.38  2.4631E-05    -51.46
   25.00     35.00     -6.50   -14.60    -5.87      0.0590    -21.26 RIGHT   5.4981E-05   -247.84  2.1627E-05    -57.91
   30.00     35.00     -6.63   -16.28    -6.18      0.0430    -18.07 RIGHT   5.4167E-05   -250.83  1.7827E-05    -62.52
   35.00     35.00     -7.10   -18.95    -6.83      0.0351    -14.21 RIGHT   5.1284E-05   -253.54  1.3106E-05    -65.14
   40.00     35.00     -7.87   -23.71    -7.76      0.0341     -8.97 RIGHT   4.6948E-05    102.74  7.5819E-06    -64.76
   45.00     35.00     -8.78   -36.57    -8.77      0.0268     -1.76 RIGHT   4.2296E-05     96.56  1.7242E-06    -42.37
   50.00     35.00     -9.50   -27.93    -9.43      0.0180      6.75 LEFT    3.8929E-05     86.93  4.6608E-06     95.68
   55.00     35.00     -9.61   -21.19    -9.32      0.1117     13.42 LEFT    3.8435E-05     74.82  1.0124E-05    101.42
   60.00     35.00     -9.00   -18.09    -8.50      0.2081     15.82 LEFT    4.1217E-05     63.55  1.4469E-05   -256.78
   65.00     35.00     -8.07   -16.62    -7.50      0.2638     14.89 LEFT    4.5871E-05     55.59  1.7136E-05   -255.62
   70.00     35.00     -7.33   -16.33    -6.81      0.2761     12.64 LEFT    4.9956E-05     50.87  1.7733E-05   -254.66
   75.00     35.00     -7.19   -17.17    -6.78      0.2606     10.26 LEFT    5.0765E-05     48.24  1.6087E-05   -253.83
   80.00     35.00     -8.16   -19.51    -7.85      0.2307      8.08 LEFT    4.5412E-05     46.58  1.2292E-05   -253.15
   85.00     35.00    -11.65   -24.75   -11.44      0.1936      6.09 LEFT    3.0397E-05     45.06  6.7204E-06   -252.62
   90.00     35.00   -999.99  -999.99  -999.99      0.0000      0.00         2.4235E-15   -137.08  4.1133E-16    -72.29
    0.00     40.00     -7.60    -9.12    -5.29      0.0000    -40.00 LINEAR  4.8429E-05   -195.13  4.0637E-05    -15.13
    5.00     40.00     -8.23    -9.95    -6.00      0.0573    -39.31 RIGHT   4.5049E-05   -210.27  3.6929E-05    -23.58
   10.00     40.00     -8.10   -10.72    -6.20      0.1011    -36.32 RIGHT   4.5719E-05   -224.59  3.3830E-05    -32.50
   15.00     40.00     -7.56   -11.43    -6.06      0.1140    -32.29 RIGHT   4.8670E-05   -235.30  3.1175E-05    -40.96
   20.00     40.00     -7.01   -12.19    -5.86      0.1044    -28.46 RIGHT   5.1823E-05   -242.23  2.8558E-05    -48.09
   25.00     40.00     -6.69   -13.17    -5.81      0.0888    -25.02 RIGHT   5.3754E-05   -246.46  2.5513E-05    -53.31
   30.00     40.00     -6.69   -14.58    -6.04      0.0786    -21.59 RIGHT   5.3780E-05   -249.21  2.1690E-05    -56.19
   35.00     40.00     -7.01   -16.71    -6.57      0.0802    -17.62 RIGHT   5.1819E-05   -251.63  1.6973E-05    -56.00
   40.00     40.00     -7.63   -20.04    -7.38      0.0954    -12.39 RIGHT   4.8287E-05   -254.92  1.1562E-05    -50.24
   45.00     40.00     -8.42   -25.26    -8.33      0.1141     -5.01 RIGHT   4.4079E-05     99.57  6.3405E-06    -27.36
   50.00     40.00     -9.13   -26.95    -9.06      0.1005      4.59 RIGHT   4.0591E-05     90.69  5.2214E-06     38.88
   55.00     40.00     -9.39   -21.84    -9.15      0.0193     13.38 RIGHT   3.9424E-05     78.77  9.4049E-06     73.87
   60.00     40.00     -8.97   -18.54    -8.51      0.0939     17.69 LEFT    4.1374E-05     66.59  1.3749E-05     84.71
   65.00     40.00     -8.15   -16.87    -7.60      0.1797     17.74 LEFT    4.5454E-05     57.06  1.6653E-05     89.66
   70.00     40.00     -7.44   -16.44    -6.93      0.2199     15.61 LEFT    4.9311E-05     50.84  1.7505E-05     92.56
   75.00     40.00     -7.30   -17.19    -6.88      0.2246     12.88 LEFT    5.0127E-05     47.04  1.6049E-05     94.46
   80.00     40.00     -8.26   -19.47    -7.94      0.2077     10.23 LEFT    4.4903E-05     44.60  1.2347E-05     95.76
   85.00     40.00    -11.73   -24.68   -11.52      0.1789      7.80 LEFT    3.0090E-05     42.63  6.7761E-06     96.60
   90.00     40.00   -999.99  -999.99  -999.99      0.0000      0.00         2.3999E-15   -139.67  4.1525E-16    -82.97
    0.00     45.00     -8.30    -8.30    -5.29      0.0000    -45.00 LINEAR  4.4703E-05   -195.13  4.4703E-05    -15.13
    5.00     45.00     -8.86    -9.06    -5.95      0.0630    -44.35 RIGHT   4.1891E-05   -210.10  4.0953E-05    -22.88
   10.00     45.00     -8.66    -9.74    -6.16      0.1146    -41.33 RIGHT   4.2877E-05   -224.13  3.7838E-05    -30.95
   15.00     45.00     -8.04   -10.37    -6.04      0.1362    -37.09 RIGHT   4.6062E-05   -234.55  3.5196E-05    -38.45
   20.00     45.00     -7.40   -11.03    -5.83      0.1342    -32.91 RIGHT   4.9578E-05   -241.24  3.2642E-05    -44.57
   25.00     45.00     -6.96   -11.84    -5.74      0.1251    -29.17 RIGHT   5.2106E-05   -245.29  2.9734E-05    -48.67
   30.00     45.00     -6.82   -12.96    -5.88      0.1223    -25.60 RIGHT   5.2950E-05   -247.88  2.6142E-05    -50.22
   35.00     45.00     -7.00   -14.54    -6.29      0.1345    -21.71 RIGHT   5.1908E-05   -250.10  2.1782E-05    -48.37
   40.00     45.00     -7.46   -16.73    -6.98      0.1668    -16.77 RIGHT   4.9205E-05   -253.09  1.6923E-05    -41.25
   45.00     45.00     -8.14   -19.42    -7.83      0.2142     -9.63 RIGHT   4.5503E-05    101.91  1.2424E-05    -24.39
   50.00     45.00     -8.84   -21.18    -8.60      0.2410      0.86 RIGHT   4.1972E-05     93.69  1.0136E-05      7.02
   55.00     45.00     -9.23   -20.14    -8.89      0.1839     12.29 RIGHT   4.0155E-05     82.07  1.1435E-05     39.60
   60.00     45.00     -9.01   -18.13    -8.51      0.0567     19.07 RIGHT   4.1159E-05     69.15  1.4415E-05     58.72
   65.00     45.00     -8.34   -16.78    -7.76      0.0618     20.47 LEFT    4.4476E-05     58.11  1.6823E-05     68.82
   70.00     45.00     -7.69   -16.43    -7.14      0.1352     18.78 LEFT    4.7958E-05     50.33  1.7528E-05     74.64
   75.00     45.00     -7.55   -17.19    -7.10      0.1660     15.90 LEFT    4.8733E-05     45.30  1.6053E-05     78.24
   80.00     45.00     -8.49   -19.46    -8.16      0.1676     12.84 LEFT    4.3714E-05     42.02  1.2361E-05     80.52
   85.00     45.00    -11.96   -24.66   -11.73      0.1513      9.95 LEFT    2.9330E-05     39.57  6.7902E-06     81.87
   90.00     45.00   -999.99  -999.99  -999.99      0.0000      0.00         2.3405E-15   -142.88  4.1622E-16    -97.52
    0.00     50.00     -9.12    -7.60    -5.29      0.0000    -50.00 LINEAR  4.0637E-05   -195.13  4.8429E-05    -15.13
    5.00     50.00     -9.62    -8.29    -5.89      0.0683    -49.42 RIGHT   3.8389E-05   -210.03  4.4756E-05    -22.13
   10.00     50.00     -9.33    -8.89    -6.10      0.1275    -46.50 RIGHT   3.9679E-05   -223.86  4.1739E-05    -29.30
   15.00     50.00     -8.62    -9.43    -6.00      0.1594    -42.19 RIGHT   4.3071E-05   -234.04  3.9228E-05    -35.84
   20.00     50.00     -7.88    -9.97    -5.79      0.1673    -37.78 RIGHT   4.6901E-05   -240.55  3.6877E-05    -40.98
   25.00     50.00     -7.33   -10.60    -5.65      0.1669    -33.83 RIGHT   4.9960E-05   -244.48  3.4290E-05    -44.12
   30.00     50.00     -7.06   -11.42    -5.70      0.1728    -30.24 RIGHT   5.1549E-05   -246.99  3.1180E-05    -44.72
   35.00     50.00     -7.09   -12.52    -5.99      0.1960    -26.60 RIGHT   5.1367E-05   -249.12  2.7489E-05    -42.14
   40.00     50.00     -7.42   -13.89    -6.53      0.2446    -22.28 RIGHT   4.9464E-05   -251.92  2.3484E-05    -35.36
   45.00     50.00     -7.99   -15.36    -7.26      0.3212    -15.97 RIGHT   4.6285E-05   -256.56  1.9827E-05    -23.01
   50.00     50.00     -8.68   -16.44    -8.01      0.3996     -5.07 RIGHT   4.2776E-05     95.75  1.7499E-05     -4.74
   55.00     50.00     -9.18   -16.62    -8.46      0.3847     10.34 RIGHT   4.0364E-05     84.45  1.7145E-05     15.82
   60.00     50.00     -9.18   -16.11    -8.38      0.2439     20.86 RIGHT   4.0373E-05     70.97  1.8185E-05     33.04
   65.00     50.00     -8.68   -15.62    -7.88      0.0874     23.80 RIGHT   4.2788E-05     58.47  1.9227E-05     45.05
   70.00     50.00     -8.09   -15.69    -7.40      0.0240     22.59 LEFT    4.5771E-05     49.08  1.9074E-05     52.96
   75.00     50.00     -7.96   -16.67    -7.41      0.0862     19.63 LEFT    4.6473E-05     42.77  1.7047E-05     58.12
   80.00     50.00     -8.89   -19.05    -8.49      0.1111     16.18 LEFT    4.1755E-05     38.61  1.2966E-05     61.41
   85.00     50.00    -12.34   -24.30   -12.07      0.1115     12.76 LEFT    2.8060E-05     35.66  7.0818E-06     63.32
   90.00     50.00   -999.99  -999.99  -999.99      0.0000      0.00         2.2404E-15   -146.95  4.3334E-16   -115.90
    0.00     55.00    -10.11    -7.02    -5.29      0.0000    -55.00 LINEAR  3.6262E-05   -195.13  5.1787E-05    -15.13
    5.00     55.00    -10.53    -7.62    -5.83      0.0728    -54.53 RIGHT   3.4556E-05   -210.13  4.8309E-05    -21.33
   10.00     55.00    -10.14    -8.14    -6.02      0.1394    -51.82 RIGHT   3.6129E-05   -223.89  4.5505E-05    -27.58
   15.00     55.00     -9.33    -8.58    -5.93      0.1825    -47.62 RIGHT   3.9691E-05   -233.93  4.3244E-05    -33.16
   20.00     55.00     -8.48    -9.00    -5.72      0.2024    -43.15 RIGHT   4.3764E-05   -240.33  4.1236E-05    -37.39
   25.00     55.00     -7.81    -9.45    -5.54      0.2128    -39.12 RIGHT   4.7254E-05   -244.21  3.9148E-05    -39.73
   30.00     55.00     -7.42   -10.00    -5.51      0.2285    -35.64 RIGHT   4.9471E-05   -246.72  3.6740E-05    -39.74
   35.00     55.00     -7.32   -10.68    -5.67      0.2619    -32.47 RIGHT   5.0034E-05   -248.86  3.3966E-05    -37.03
   40.00     55.00     -7.53   -11.47    -6.05      0.3240    -29.17 RIGHT   4.8848E-05   -251.60  3.1027E-05    -31.21
   45.00     55.00     -8.02   -12.25    -6.63      0.4256    -24.64 RIGHT   4.6168E-05   -256.01  2.8350E-05    -22.11
   50.00     55.00     -8.69   -12.86    -7.28      0.5642    -15.14 RIGHT   4.2723E-05     96.70  2.6427E-05    -10.24
   55.00     55.00     -9.31   -13.18    -7.81      0.6287      7.53 RIGHT   3.9795E-05     85.68  2.5478E-05      2.80
   60.00     55.00     -9.52   -13.29    -8.00      0.4637     25.38 RIGHT   3.8835E-05     71.71  2.5162E-05     14.95
   65.00     55.00     -9.20   -13.46    -7.82      0.2579     29.36 RIGHT   4.0290E-05     57.79  2.4672E-05     24.91
   70.00     55.00     -8.69   -14.02    -7.57      0.1046     28.03 RIGHT   4.2713E-05     46.72  2.3136E-05     32.41
   75.00     55.00     -8.56   -15.31    -7.73      0.0084     24.69 RIGHT   4.3348E-05     39.04  1.9931E-05     37.77
   80.00     55.00     -9.47   -17.88    -8.89      0.0428     20.68 LEFT    3.9038E-05     33.97  1.4827E-05     41.37
   85.00     55.00    -12.91   -23.24   -12.52      0.0629     16.59 LEFT    2.6291E-05     30.51  8.0032E-06     43.51
   90.00     55.00   -999.99  -999.99  -999.99      0.0000      0.00         2.1009E-15   -152.27  4.8795E-16   -135.64
    0.00     60.00    -11.31    -6.53    -5.29      0.0000    -60.00 LINEAR  3.1610E-05   -195.13  5.4750E-05    -15.13
    5.00     60.00    -11.64    -7.05    -5.76      0.0767    -59.66 RIGHT   3.0412E-05   -210.53  5.1581E-05    -20.49
   10.00     60.00    -11.13    -7.48    -5.92      0.1498    -57.28 RIGHT   3.2242E-05   -224.43  4.9101E-05    -25.81
   15.00     60.00    -10.19    -7.82    -5.84      0.2042    -53.42 RIGHT   3.5929E-05   -234.45  4.7208E-05    -30.45
   20.00     60.00     -9.23    -8.11    -5.62      0.2376    -49.12 RIGHT   4.0162E-05   -240.83  4.5672E-05    -33.86
   25.00     60.00     -8.44    -8.39    -5.40      0.2603    -45.20 RIGHT   4.3958E-05   -244.74  4.4233E-05    -35.57
   30.00     60.00     -7.93    -8.69    -5.28      0.2861    -42.02 RIGHT   4.6649E-05   -247.34  4.2698E-05    -35.27
   35.00     60.00     -7.71    -9.04    -5.32      0.3278    -39.57 RIGHT   4.7801E-05   -249.57  4.1014E-05    -32.78
   40.00     60.00     -7.82    -9.42    -5.54      0.3974    -37.76 RIGHT   4.7206E-05   -252.35  3.9281E-05    -28.08
   45.00     60.00     -8.25    -9.78    -5.93      0.5099    -36.37 RIGHT   4.4956E-05   -256.68  3.7698E-05    -21.40
   50.00     60.00     -8.92   -10.07    -6.45      0.6883    -34.17 RIGHT   4.1596E-05     96.27  3.6431E-05    -13.29
   55.00     60.00     -9.65   -10.31    -6.96      0.9264     -0.38 RIGHT   3.8252E-05     85.40  3.5439E-05     -4.66
   60.00     60.00    -10.07   -10.58    -7.31      0.6630     40.70 RIGHT   3.6436E-05     70.90  3.4374E-05      3.58
   65.00     60.00     -9.94   -11.02    -7.44      0.4070     40.00 RIGHT   3.6994E-05     55.50  3.2651E-05     10.76
   70.00     60.00     -9.50   -11.86    -7.52      0.2222     36.48 RIGHT   3.8897E-05     42.65  2.9639E-05     16.59
   75.00     60.00     -9.36   -13.39    -7.92      0.0987     31.90 RIGHT   3.9526E-05     33.55  2.4863E-05     21.03
   80.00     60.00    -10.24   -16.12    -9.24      0.0239     26.90 RIGHT   3.5740E-05     27.55  1.8153E-05     24.16
   85.00     60.00    -13.64   -21.57   -13.00      0.0151     21.86 LEFT    2.4147E-05     23.58  9.6926E-06     26.08
   90.00     60.00   -999.99  -999.99  -999.99      0.0000      0.00         1.9319E-15   -159.36  5.8893E-16   -153.13
    0.00     65.00    -12.77    -6.14    -5.29      0.0000    -65.00 LINEAR  2.6718E-05   -195.13  5.7297E-05    -15.13
    5.00     65.00    -13.01    -6.57    -5.68      0.0798    -64.83 RIGHT   2.5984E-05   -211.41  5.4541E-05    -19.62
   10.00     65.00    -12.34    -6.90    -5.81      0.1583    -62.88 RIGHT   2.8049E-05   -225.81  5.2489E-05    -24.00
   15.00     65.00    -11.25    -7.14    -5.71      0.2229    -59.56 RIGHT   3.1822E-05   -235.99  5.1068E-05    -27.75
   20.00     65.00    -10.14    -7.30    -5.48      0.2698    -55.72 RIGHT   3.6132E-05   -242.43  5.0114E-05    -30.42
   25.00     65.00     -9.24    -7.42    -5.23      0.3053    -52.20 RIGHT   4.0101E-05   -246.46  4.9438E-05    -31.64
   30.00     65.00     -8.61    -7.52    -5.02      0.3406    -49.55 RIGHT   4.3097E-05   -249.21  4.8886E-05    -31.24
   35.00     65.00     -8.30    -7.61    -4.93      0.3868    -48.10 RIGHT   4.4657E-05   -251.63  4.8380E-05    -29.18
   40.00     65.00     -8.34    -7.69    -4.99      0.4537    -48.22 RIGHT   4.4494E-05   -254.57  4.7911E-05    -25.58
   45.00     65.00     -8.72    -7.77    -5.21      0.5506    -50.85 RIGHT   4.2583E-05    101.04  4.7480E-05    -20.75
   50.00     65.00     -9.41    -7.86    -5.56      0.6795    -59.35 RIGHT   3.9316E-05     94.01  4.7009E-05    -15.15
   55.00     65.00    -10.25    -8.00    -5.97      0.7688    -85.51 RIGHT   3.5687E-05     83.05  4.6264E-05     -9.33
   60.00     65.00    -10.87    -8.27    -6.37      0.6393     66.93 RIGHT   3.3226E-05     67.81  4.4829E-05     -3.75
   65.00     65.00    -10.90    -8.80    -6.72      0.4415     55.31 RIGHT   3.3108E-05     50.74  4.2173E-05      1.22
   70.00     65.00    -10.50    -9.76    -7.10      0.2726     47.85 RIGHT   3.4676E-05     36.00  3.7779E-05      5.39
   75.00     65.00    -10.31   -11.39    -7.81      0.1467     41.29 RIGHT   3.5434E-05     25.49  3.1288E-05      8.67
   80.00     65.00    -11.13   -14.22    -9.39      0.0621     34.94 RIGHT   3.2265E-05     18.63  2.2613E-05     11.07
   85.00     65.00    -14.49   -19.72   -13.35      0.0119     28.70 RIGHT   2.1904E-05     14.20  1.1997E-05     12.59
   90.00     65.00   -999.99  -999.99  -999.99      0.0000      0.00         1.7554E-15   -168.88  7.2732E-16   -166.75
    0.00     70.00    -14.60    -5.83    -5.29      0.0000    -70.00 LINEAR  2.1623E-05   -195.13  5.9408E-05    -15.13
    5.00     70.00    -14.73    -6.16    -5.60      0.0820    -70.01 RIGHT   2.1309E-05   -213.15  5.7158E-05    -18.74
   10.00     70.00    -13.84    -6.40    -5.68      0.1643    -68.58 RIGHT   2.3613E-05   -228.60  5.5624E-05    -22.19
   15.00     70.00    -12.53    -6.53    -5.56      0.2370    -66.01 RIGHT   2.7461E-05   -239.15  5.4765E-05    -25.09
   20.00     70.00    -11.26    -6.58    -5.31      0.2957    -62.95 RIGHT   3.1787E-05   -245.75  5.4475E-05    -27.09
   25.00     70.00    -10.22    -6.55    -5.00      0.3427    -60.16 RIGHT   3.5811E-05   -249.94  5.4626E-05    -27.97
   30.00     70.00     -9.49    -6.48    -4.72      0.3849    -58.36 RIGHT   3.8950E-05   -252.93  5.5093E-05    -27.60
   35.00     70.00     -9.10    -6.37    -4.52      0.4296    -58.11 RIGHT   4.0742E-05   -255.63  5.5769E-05    -26.04
   40.00     70.00     -9.08    -6.26    -4.43      0.4813    -60.11 RIGHT   4.0856E-05    101.14  5.6538E-05    -23.45
   45.00     70.00     -9.44    -6.15    -4.48      0.5372    -65.46 RIGHT   3.9190E-05     96.48  5.7236E-05    -20.11
   50.00     70.00    -10.17    -6.09    -4.66      0.5781    -75.60 RIGHT   3.6040E-05     89.16  5.7600E-05    -16.34
   55.00     70.00    -11.12    -6.15    -4.95      0.5644    -89.86 RIGHT   3.2306E-05     77.70  5.7234E-05    -12.46
   60.00     70.00    -11.89    -6.40    -5.32      0.4785     76.60 RIGHT   2.9545E-05     61.28  5.5634E-05     -8.76
   65.00     70.00    -12.00    -6.94    -5.76      0.3543     66.25 RIGHT   2.9167E-05     42.27  5.2251E-05     -5.43
   70.00     70.00    -11.55    -7.93    -6.36      0.2293     57.96 RIGHT   3.0748E-05     25.71  4.6607E-05     -2.58
   75.00     70.00    -11.25    -9.61    -7.34      0.1235     50.53 RIGHT   3.1819E-05     14.04  3.8405E-05     -0.30
   80.00     70.00    -11.97   -12.47    -9.20      0.0449     43.34 RIGHT   2.9278E-05      6.56  2.7635E-05      1.41
   85.00     70.00    -15.28   -18.00   -13.42      0.0057     36.16 LEFT    2.0001E-05      1.85  1.4619E-05      2.53
   90.00     70.00   -999.99  -999.99  -999.99      0.0000      0.00         1.6061E-15   -181.32  8.8543E-16   -176.94
    0.00     75.00    -17.03    -5.59    -5.29      0.0000    -75.00 LINEAR  1.6363E-05   -195.13  6.1066E-05    -15.13
    5.00     75.00    -16.98    -5.83    -5.51      0.0835    -75.20 RIGHT   1.6454E-05   -216.63  5.9399E-05    -17.84
   10.00     75.00    -15.70    -5.97    -5.53      0.1677    -74.35 RIGHT   1.9070E-05   -233.96  5.8459E-05    -20.38
   15.00     75.00    -14.05    -6.00    -5.37      0.2453    -72.67 RIGHT   2.3042E-05   -245.04  5.8228E-05    -22.48
   20.00     75.00    -12.56    -5.94    -5.08      0.3118    -70.66 RIGHT   2.7372E-05   -251.78  5.8650E-05    -23.91
   25.00     75.00    -11.37    -5.79    -4.73      0.3663    -68.95 RIGHT   3.1381E-05   -256.13  5.9640E-05    -24.52
   30.00     75.00    -10.53    -5.58    -4.38      0.4108    -68.22 RIGHT   3.4552E-05    100.60  6.1092E-05    -24.28
   35.00     75.00    -10.07    -5.33    -4.08      0.4475    -69.11 RIGHT   3.6445E-05     97.51  6.2864E-05    -23.25
   40.00     75.00    -10.00    -5.08    -3.87      0.4752    -72.18 RIGHT   3.6725E-05     93.81  6.4754E-05    -21.58
   45.00     75.00    -10.36    -4.85    -3.77      0.4871    -77.72 RIGHT   3.5261E-05     88.57  6.6468E-05    -19.45
   50.00     75.00    -11.12    -4.70    -3.81      0.4713    -85.34 RIGHT   3.2310E-05     80.52  6.7598E-05    -17.09
   55.00     75.00    -12.13    -4.70    -3.98      0.4202     86.19 RIGHT   2.8756E-05     67.93  6.7621E-05    -14.68
   60.00     75.00    -12.93    -4.92    -4.28      0.3382     78.10 RIGHT   2.6209E-05     49.78  6.5941E-05    -12.37
   65.00     75.00    -12.94    -5.46    -4.75      0.2395     70.72 RIGHT   2.6177E-05     28.91  6.1966E-05    -10.28
   70.00     75.00    -12.30    -6.46    -5.46      0.1394     63.78 RIGHT   2.8189E-05     11.25  5.5211E-05     -8.48
   75.00     75.00    -11.85    -8.16    -6.61      0.0496     56.90 RIGHT   2.9680E-05     -0.79  4.5414E-05     -7.00
   80.00     75.00    -12.49   -11.03    -8.69      0.0215     49.78 LEFT    2.7595E-05     -8.36  3.2621E-05     -5.86
   85.00     75.00    -15.75   -16.57   -13.13      0.0697     42.26 LEFT    1.8951E-05    -13.10  1.7235E-05     -5.08
   90.00     75.00   -999.99  -999.99  -999.99      0.0000      0.00         1.5242E-15   -196.27  1.0434E-15   -184.66
    0.00     80.00    -20.49    -5.42    -5.29      0.0000    -80.00 LINEAR  1.0978E-05   -195.13  6.2260E-05    -15.13
    5.00     80.00    -20.04    -5.56    -5.41      0.0840    -80.40 RIGHT   1.1564E-05   -224.16  6.1236E-05    -16.93
   10.00     80.00    -17.94    -5.60    -5.36      0.1682    -80.14 RIGHT   1.4731E-05   -244.34  6.0944E-05    -18.59
   15.00     80.00    -15.73    -5.54    -5.14      0.2471    -79.44 RIGHT   1.8983E-05   -255.54  6.1382E-05    -19.95
   20.00     80.00    -13.92    -5.38    -4.81      0.3161    -78.61 RIGHT   2.3387E-05     97.99  6.2525E-05    -20.87
   25.00     80.00    -12.55    -5.14    -4.41      0.3721    -78.14 RIGHT   2.7397E-05     93.68  6.4314E-05    -21.30
   30.00     80.00    -11.59    -4.83    -4.00      0.4131    -78.50 RIGHT   3.0581E-05     90.19  6.6645E-05    -21.22
   35.00     80.00    -11.05    -4.48    -3.62      0.4374    -80.13 RIGHT   3.2548E-05     86.63  6.9348E-05    -20.71
   40.00     80.00    -10.93    -4.14    -3.31      0.4421    -83.20 RIGHT   3.2990E-05     82.23  7.2153E-05    -19.84
   45.00     80.00    -11.25    -3.84    -3.11      0.4237    -87.52 RIGHT   3.1800E-05     76.04  7.4674E-05    -18.75
   50.00     80.00    -11.98    -3.64    -3.05      0.3805     87.43 RIGHT   2.9265E-05     66.71  7.6401E-05    -17.53
   55.00     80.00    -12.89    -3.60    -3.12      0.3145     82.14 RIGHT   2.6325E-05     52.48  7.6717E-05    -16.29
   60.00     80.00    -13.48    -3.81    -3.36      0.2318     76.86 RIGHT   2.4621E-05     32.79  7.4951E-05    -15.09
   65.00     80.00    -13.18    -4.34    -3.81      0.1404     71.56 RIGHT   2.5466E-05     11.51  7.0464E-05    -14.00
   70.00     80.00    -12.34    -5.35    -4.56      0.0486     66.03 RIGHT   2.8057E-05     -5.56  6.2757E-05    -13.03
   75.00     80.00    -11.82    -7.05    -5.80      0.0359     60.03 LEFT    2.9791E-05    -16.96  5.1578E-05    -12.22
   80.00     80.00    -12.44    -9.93    -8.00      0.1057     53.33 LEFT    2.7752E-05    -24.15  3.7017E-05    -11.56
   85.00     80.00    -15.70   -15.48   -12.58      0.1550     45.76 LEFT    1.9060E-05    -28.70  1.9546E-05    -11.07
   90.00     80.00   -999.99  -999.99  -999.99      0.0000      0.00         1.5328E-15   -211.81  1.1831E-15   -190.75
    0.00     85.00    -26.48    -5.32    -5.29      0.0000    -85.00 LINEAR  5.5100E-06   -195.13  6.2980E-05    -15.13
    5.00     85.00    -24.25    -5.37    -5.31      0.0837    -85.60 RIGHT   7.1236E-06   -243.80  6.2638E-05    -16.03
   10.00     85.00    -20.18    -5.31    -5.17      0.1660    -85.93 RIGHT   1.1381E-05     95.66  6.3027E-05    -16.84
   15.00     85.00    -17.15    -5.16    -4.89      0.2424    -86.17 RIGHT   1.6128E-05     87.03  6.4147E-05    -17.50
   20.00     85.00    -14.97    -4.91    -4.50      0.3083    -86.50 RIGHT   2.0735E-05     82.16  6.5982E-05    -17.98
   25.00     85.00    -13.39    -4.59    -4.05      0.3596    -87.17 RIGHT   2.4855E-05     78.54  6.8478E-05    -18.27
   30.00     85.00    -12.31    -4.21    -3.59      0.3927    -88.39 RIGHT   2.8159E-05     75.09  7.1525E-05    -18.37
   35.00     85.00    -11.67    -3.81    -3.15      0.4046     89.74 RIGHT   3.0319E-05     71.13  7.4922E-05    -18.34
   40.00     85.00    -11.45    -3.42    -2.79      0.3938     87.27 RIGHT   3.1080E-05     65.97  7.8360E-05    -18.19
   45.00     85.00    -11.65    -3.09    -2.52      0.3603     84.36 RIGHT   3.0390E-05     58.73  8.1397E-05    -17.98
   50.00     85.00    -12.17    -2.87    -2.39      0.3062     81.20 RIGHT   2.8606E-05     48.16  8.3463E-05    -17.74
   55.00     85.00    -12.77    -2.83    -2.41      0.2354     77.88 RIGHT   2.6700E-05     33.04  8.3888E-05    -17.48
   60.00     85.00    -12.96    -3.03    -2.61      0.1528     74.35 RIGHT   2.6134E-05     13.83  8.1959E-05    -17.22
   65.00     85.00    -12.44    -3.57    -3.04      0.0636     70.47 RIGHT   2.7751E-05     -5.50  7.7008E-05    -16.96
   70.00     85.00    -11.61    -4.59    -3.80      0.0262     66.03 LEFT    3.0519E-05    -20.76  6.8525E-05    -16.71
   75.00     85.00    -11.19    -6.30    -5.08      0.1107     60.78 LEFT    3.2024E-05    -31.20  5.6267E-05    -16.47
   80.00     85.00    -11.90    -9.19    -7.32      0.1828     54.44 LEFT    2.9525E-05    -38.01  4.0351E-05    -16.23
   85.00     85.00    -15.22   -14.74   -11.96      0.2346     46.76 LEFT    2.0152E-05    -42.44  2.1295E-05    -15.99
   90.00     85.00   -999.99  -999.99  -999.99      0.0000      0.00         1.6173E-15   -225.53  1.2887E-15   -195.75
    0.00     90.00   -999.99    -5.29    -5.29      0.0000     90.00 LINEAR  3.2264E-16    -15.13  6.3220E-05    -15.13
    5.00     90.00    -26.77    -5.24    -5.21      0.0826     89.21 RIGHT   5.3258E-06     65.46  6.3580E-05    -15.13
   10.00     90.00    -20.80    -5.09    -4.97      0.1613     88.32 RIGHT   1.0598E-05     64.85  6.4658E-05    -15.13
   15.00     90.00    -17.37    -4.85    -4.62      0.2319     87.25 RIGHT   1.5733E-05     63.79  6.6443E-05    -15.16
   20.00     90.00    -15.03    -4.54    -4.17      0.2903     85.95 RIGHT   2.0588E-05     62.22  6.8906E-05    -15.24
   25.00     90.00    -13.36    -4.16    -3.67      0.3328     84.40 RIGHT   2.4955E-05     60.04  7.1978E-05    -15.41
   30.00     90.00    -12.19    -3.74    -3.16      0.3561     82.67 RIGHT   2.8566E-05     57.08  7.5527E-05    -15.69
   35.00     90.00    -11.44    -3.31    -2.69      0.3587     80.86 RIGHT   3.1135E-05     53.06  7.9333E-05    -16.08
   40.00     90.00    -11.08    -2.91    -2.30      0.3402     79.04 RIGHT   3.2446E-05     47.55  8.3064E-05    -16.58
   45.00     90.00    -11.07    -2.59    -2.01      0.3020     77.24 RIGHT   3.2482E-05     39.90  8.6263E-05    -17.14
   50.00     90.00    -11.31    -2.38    -1.86      0.2462     75.40 RIGHT   3.1599E-05     29.31  8.8346E-05    -17.75
   55.00     90.00    -11.57    -2.35    -1.86      0.1761     73.40 RIGHT   3.0648E-05     15.22  8.8637E-05    -18.35
   60.00     90.00    -11.55    -2.57    -2.05      0.0952     71.07 RIGHT   3.0738E-05     -1.53  8.6420E-05    -18.92
   65.00     90.00    -11.10    -3.13    -2.49      0.0078     68.23 RIGHT   3.2373E-05    -18.13  8.1033E-05    -19.42
   70.00     90.00    -10.51    -4.16    -3.25      0.0816     64.62 LEFT    3.4626E-05    -31.80  7.1972E-05    -19.81
   75.00     90.00    -10.33    -5.88    -4.55      0.1673     59.94 LEFT    3.5384E-05    -41.74  5.9005E-05    -20.09
   80.00     90.00    -11.19    -8.78    -6.81      0.2416     53.84 LEFT    3.2041E-05    -48.53  4.2266E-05    -20.23
   85.00     90.00    -14.59   -14.34   -11.45      0.2946     45.99 LEFT    2.1655E-05    -53.06  2.2290E-05    -20.22
   90.00     90.00   -999.99  -999.99  -999.99      0.0000      0.00         1.7326E-15   -236.19  1.3485E-15   -200.05
    0.00     95.00    -26.48    -5.32    -5.29      0.0000     85.00 LINEAR  5.5100E-06    -15.13  6.2980E-05    -15.13
    5.00     95.00    -22.76    -5.17    -5.10      0.0808     84.03 RIGHT   8.4580E-06     23.93  6.4038E-05    -14.25
   10.00     95.00    -18.87    -4.94    -4.77      0.1544     82.66 RIGHT   1.3227E-05     37.80  6.5789E-05    -13.48
   15.00     95.00    -16.02    -4.63    -4.32      0.2169     80.90 RIGHT   1.8380E-05     42.62  6.8195E-05    -12.92
   20.00     95.00    -13.89    -4.25    -3.81      0.2652     78.87 RIGHT   2.3474E-05     43.78  7.1192E-05    -12.65
   25.00     95.00    -12.29    -3.84    -3.26      0.2970     76.77 RIGHT   2.8215E-05     42.91  7.4676E-05    -12.72
   30.00     95.00    -11.12    -3.41    -2.73      0.3112     74.80 RIGHT   3.2305E-05     40.56  7.8486E-05    -13.15
   35.00     95.00    -10.31    -2.99    -2.25      0.3077     73.12 RIGHT   3.5445E-05     36.82  8.2386E-05    -13.91
   40.00     95.00     -9.84    -2.61    -1.86      0.2870     71.79 RIGHT   3.7402E-05     31.54  8.6044E-05    -14.96
   45.00     95.00     -9.68    -2.31    -1.58      0.2500     70.73 RIGHT   3.8123E-05     24.35  8.9021E-05    -16.21
   50.00     95.00     -9.74    -2.14    -1.45      0.1978     69.77 RIGHT   3.7868E-05     14.81  9.0767E-05    -17.58
   55.00     95.00     -9.87    -2.15    -1.48      0.1321     68.69 RIGHT   3.7276E-05      2.68  9.0650E-05    -18.98
   60.00     95.00     -9.90    -2.41    -1.70      0.0552     67.27 RIGHT   3.7178E-05    -11.48  8.8001E-05    -20.31
   65.00     95.00     -9.71    -3.00    -2.16      0.0296     65.23 LEFT    3.8001E-05    -25.97  8.2199E-05    -21.51
   70.00     95.00     -9.46    -4.06    -2.96      0.1180     62.29 LEFT    3.9098E-05    -38.74  7.2776E-05    -22.53
   75.00     95.00     -9.55    -5.81    -4.28      0.2041     58.09 LEFT    3.8692E-05    -48.69  5.9517E-05    -23.30
   80.00     95.00    -10.59    -8.72    -6.55      0.2793     52.18 LEFT    3.4311E-05    -55.82  4.2557E-05    -23.80
   85.00     95.00    -14.09   -14.29   -11.18      0.3309     44.20 LEFT    2.2930E-05    -60.65  2.2420E-05    -24.02
   90.00     95.00   -999.99  -999.99  -999.99      0.0000      0.00         1.8281E-15   -243.90  1.3561E-15   -203.94
    0.00    100.00    -20.49    -5.42    -5.29      0.0000     80.00 LINEAR  1.0978E-05    -15.13  6.2260E-05    -15.13
    5.00    100.00    -18.67    -5.18    -4.99      0.0782     78.88 RIGHT   1.3540E-05      9.18  6.3991E-05    -13.39
   10.00    100.00    -16.19    -4.86    -4.55      0.1457     77.09 RIGHT   1.8021E-05     22.46  6.6378E-05    -11.89
   15.00    100.00    -13.95    -4.48    -4.02      0.1989     74.81 RIGHT   2.3301E-05     28.53  6.9336E-05    -10.79
   20.00    100.00    -12.12    -4.07    -3.43      0.2361     72.32 RIGHT   2.8775E-05     30.65  7.2750E-05    -10.19
   25.00    100.00    -10.66    -3.63    -2.85      0.2574     69.92 RIGHT   3.4036E-05     30.37  7.6465E-05    -10.16
   30.00    100.00     -9.54    -3.21    -2.30      0.2639     67.86 RIGHT   3.8715E-05     28.39  8.0285E-05    -10.71
   35.00    100.00     -8.74    -2.82    -1.83      0.2569     66.28 RIGHT   4.2456E-05     24.97  8.3962E-05    -11.78
   40.00    100.00     -8.24    -2.49    -1.47      0.2370     65.22 RIGHT   4.4968E-05     20.12  8.7184E-05    -13.31
   45.00    100.00     -8.03    -2.26    -1.24      0.2045     64.59 RIGHT   4.6110E-05     13.66  8.9561E-05    -15.17
   50.00    100.00     -8.05    -2.16    -1.16      0.1590     64.18 RIGHT   4.6010E-05      5.35  9.0624E-05    -17.24
   55.00    100.00     -8.21    -2.23    -1.26      0.1004     63.77 RIGHT   4.5120E-05     -5.03  8.9832E-05    -19.38
   60.00    100.00     -8.41    -2.55    -1.55      0.0299     63.05 RIGHT   4.4114E-05    -17.23  8.6614E-05    -21.46
   65.00    100.00     -8.54    -3.19    -2.08      0.0504     61.70 LEFT    4.3475E-05    -30.26  8.0430E-05    -23.36
   70.00    100.00     -8.65    -4.29    -2.94      0.1363     59.38 LEFT    4.2905E-05    -42.57  7.0871E-05    -24.99
   75.00    100.00     -9.04    -6.07    -4.30      0.2216     55.65 LEFT    4.1026E-05    -52.85  5.7750E-05    -26.27
   80.00    100.00    -10.28    -9.01    -6.59      0.2962     50.01 LEFT    3.5565E-05    -60.55  4.1190E-05    -27.16
   85.00    100.00    -13.89   -14.59   -11.21      0.3452     42.08 LEFT    2.3480E-05    -65.84  2.1668E-05    -27.60
   90.00    100.00   -999.99  -999.99  -999.99      0.0000      0.00         1.8649E-15   -249.26  1.3099E-15   -207.60
    0.00    105.00    -17.03    -5.59    -5.29      0.0000     75.00 LINEAR  1.6363E-05    -15.13  6.1066E-05    -15.13
    5.00    105.00    -15.68    -5.26    -4.88      0.0750     73.74 RIGHT   1.9093E-05      3.12  6.3425E-05    -12.56
   10.00    105.00    -13.77    -4.86    -4.34      0.1357     71.63 RIGHT   2.3792E-05     14.44  6.6386E-05    -10.38
   15.00    105.00    -11.91    -4.42    -3.71      0.1792     69.00 RIGHT   2.9498E-05     20.20  6.9808E-05     -8.77
   20.00    105.00    -10.29    -3.98    -3.06      0.2057     66.26 RIGHT   3.5548E-05     22.37  7.3508E-05     -7.87
   25.00    105.00     -8.95    -3.54    -2.44      0.2177     63.73 RIGHT   4.1444E-05     22.20  7.7270E-05     -7.73
   30.00    105.00     -7.91    -3.15    -1.90      0.2181     61.65 RIGHT   4.6738E-05     20.36  8.0859E-05     -8.36
   35.00    105.00     -7.15    -2.81    -1.45      0.2090     60.12 RIGHT   5.1005E-05     17.16  8.4022E-05     -9.68
   40.00    105.00     -6.67    -2.56    -1.14      0.1915     59.16 RIGHT   5.3872E-05     12.69  8.6481E-05    -11.61
   45.00    105.00     -6.48    -2.42    -0.98      0.1649     58.70 RIGHT   5.5105E-05      6.88  8.7927E-05    -14.01
   50.00    105.00     -6.54    -2.41    -0.99      0.1279     58.60 RIGHT   5.4709E-05     -0.44  8.8005E-05    -16.73
   55.00    105.00     -6.82    -2.58    -1.19      0.0790     58.63 RIGHT   5.3000E-05     -9.46  8.6315E-05    -19.59
   60.00    105.00     -7.22    -2.98    -1.59      0.0174     58.48 RIGHT   5.0566E-05    -20.18  8.2423E-05    -22.41
   65.00    105.00     -7.68    -3.70    -2.24      0.0558     57.78 LEFT    4.7999E-05    -32.11  7.5911E-05    -25.04
   70.00    105.00     -8.17    -4.85    -3.19      0.1372     56.10 LEFT    4.5378E-05    -44.14  6.6447E-05    -27.32
   75.00    105.00     -8.88    -6.67    -4.63      0.2202     52.94 LEFT    4.1806E-05    -54.86  5.3876E-05    -29.16
   80.00    105.00    -10.34    -9.64    -6.97      0.2936     47.74 LEFT    3.5329E-05    -63.30  3.8295E-05    -30.45
   85.00    105.00    -14.07   -15.24   -11.60      0.3405     40.14 LEFT    2.3003E-05    -69.17  2.0104E-05    -31.15
   90.00    105.00   -999.99  -999.99  -999.99      0.0000      0.00         1.8192E-15   -252.80  1.2146E-15   -211.24
    0.00    110.00    -14.60    -5.83    -5.29      0.0000     70.00 LINEAR  2.1623E-05    -15.13  5.9408E-05    -15.13
    5.00    110.00    -13.42    -5.41    -4.77      0.0713     68.64 RIGHT   2.4772E-05      0.17  6.2329E-05    -11.76
   10.00    110.00    -11.76    -4.94    -4.12      0.1249     66.29 RIGHT   2.9993E-05     10.09  6.5786E-05     -8.93
   15.00    110.00    -10.09    -4.45    -3.41      0.1590     63.46 RIGHT   3.6346E-05     15.33  6.9568E-05     -6.87
   20.00    110.00     -8.61    -3.99    -2.70      0.1759     60.62 RIGHT   4.3099E-05     17.32  7.3417E-05     -5.68
   25.00    110.00     -7.38    -3.57    -2.06      0.1801     58.07 RIGHT   4.9666E-05     17.10  7.7052E-05     -5.42
   30.00    110.00     -6.41    -3.22    -1.52      0.1758     56.00 RIGHT   5.5518E-05     15.29  8.0200E-05     -6.08
   35.00    110.00     -5.72    -2.96    -1.11      0.1656     54.46 RIGHT   6.0151E-05     12.22  8.2606E-05     -7.58
   40.00    110.00     -5.30    -2.81    -0.87      0.1507     53.48 RIGHT   6.3120E-05      8.03  8.4042E-05     -9.83
   45.00    110.00     -5.16    -2.79    -0.80      0.1304     53.02 RIGHT   6.4108E-05      2.72  8.4300E-05    -12.71
   50.00    110.00     -5.31    -2.90    -0.93      0.1030     53.02 RIGHT   6.3028E-05     -3.81  8.3172E-05    -16.03
   55.00    110.00     -5.72    -3.19    -1.27      0.0657     53.30 RIGHT   6.0106E-05    -11.77  8.0430E-05    -19.60
   60.00    110.00     -6.36    -3.71    -1.82      0.0161     53.61 RIGHT   5.5891E-05    -21.27  7.5815E-05    -23.20
   65.00    110.00     -7.13    -4.52    -2.62      0.0468     53.54 LEFT    5.1093E-05    -32.22  6.9055E-05    -26.61
   70.00    110.00     -8.02    -5.75    -3.73      0.1211     52.61 LEFT    4.6170E-05    -43.92  5.9912E-05    -29.63
   75.00    110.00     -9.09    -7.63    -5.29      0.2003     50.21 LEFT    4.0773E-05    -55.09  4.8257E-05    -32.09
   80.00    110.00    -10.82   -10.64    -7.72      0.2726     45.72 LEFT    3.3412E-05    -64.37  3.4147E-05    -33.87
   85.00    110.00    -14.70   -16.25   -12.40      0.3196     38.73 LEFT    2.1383E-05    -70.98  1.7881E-05    -34.87
   90.00    110.00   -999.99  -999.99  -999.99      0.0000      0.00         1.6820E-15   -254.89  1.0793E-15   -215.05
    0.00    115.00    -12.77    -6.14    -5.29      0.0000     65.00 LINEAR  2.6718E-05    -15.13  5.7297E-05    -15.13
    5.00    115.00    -11.63    -5.64    -4.66      0.0672     63.56 RIGHT   3.0437E-05     -1.39  6.0698E-05    -11.00
   10.00    115.00    -10.09    -5.10    -3.91      0.1137     61.07 RIGHT   3.6360E-05      7.64  6.4557E-05     -7.58
   15.00    115.00     -8.54    -4.58    -3.11      0.1391     58.16 RIGHT   4.3487E-05     12.47  6.8587E-05     -5.08
   20.00    115.00     -7.15    -4.10    -2.35      0.1478     55.32 RIGHT   5.0988E-05     14.28  7.2452E-05     -3.63
   25.00    115.00     -6.01    -3.71    -1.70      0.1459     52.83 RIGHT   5.8183E-05     13.98  7.5809E-05     -3.23
   30.00    115.00     -5.12    -3.42    -1.18      0.1379     50.77 RIGHT   6.4458E-05     12.16  7.8350E-05     -3.86
   35.00    115.00     -4.49    -3.26    -0.82      0.1271     49.20 RIGHT   6.9241E-05      9.17  7.9826E-05     -5.47
   40.00    115.00     -4.15    -3.23    -0.66      0.1147     48.11 RIGHT   7.2024E-05      5.19  8.0069E-05     -7.97
   45.00    115.00     -4.10    -3.35    -0.70      0.1005     47.53 RIGHT   7.2439E-05      0.28  7.8984E-05    -11.24
   50.00    115.00     -4.36    -3.63    -0.97      0.0829     47.44 RIGHT   7.0345E-05     -5.61  7.6528E-05    -15.12
   55.00    115.00     -4.92    -4.08    -1.47      0.0587     47.81 RIGHT   6.5923E-05    -12.66  7.2670E-05    -19.41
   60.00    115.00     -5.78    -4.74    -2.22      0.0242     48.44 RIGHT   5.9717E-05    -21.05  6.7349E-05    -23.84
   65.00    115.00     -6.89    -5.67    -3.23      0.0243     49.01 LEFT    5.2548E-05    -30.95  6.0453E-05    -28.14
   70.00    115.00     -8.20    -7.01    -4.55      0.0873     48.96 LEFT    4.5215E-05    -42.10  5.1839E-05    -32.03
   75.00    115.00     -9.72    -8.96    -6.31      0.1606     47.62 LEFT    3.7950E-05    -53.57  4.1398E-05    -35.25
   80.00    115.00    -11.80   -12.02    -8.90      0.2323     44.20 LEFT    2.9862E-05    -63.78  2.9126E-05    -37.62
   85.00    115.00    -15.88   -17.66   -13.67      0.2826     38.14 LEFT    1.8660E-05    -71.31  1.5203E-05    -39.00
   90.00    115.00   -999.99  -999.99  -999.99      0.0000      0.00         1.4568E-15   -255.59  9.1664E-16   -219.31
    0.00    120.00    -11.31    -6.53    -5.29      0.0000     60.00 LINEAR  3.1610E-05    -15.13  5.4750E-05    -15.13
    5.00    120.00    -10.18    -5.95    -4.56      0.0627     58.52 RIGHT   3.6003E-05     -2.23  5.8534E-05    -10.28
   10.00    120.00     -8.69    -5.36    -3.70      0.1024     55.96 RIGHT   4.2732E-05      6.27  6.2688E-05     -6.30
   15.00    120.00     -7.20    -4.80    -2.83      0.1201     53.06 RIGHT   5.0688E-05     10.82  6.6851E-05     -3.42
   20.00    120.00     -5.90    -4.32    -2.03      0.1223     50.32 RIGHT   5.8919E-05     12.48  7.0612E-05     -1.70
   25.00    120.00     -4.83    -3.97    -1.37      0.1155     47.91 RIGHT   6.6639E-05     12.11  7.3572E-05     -1.14
   30.00    120.00     -4.02    -3.76    -0.87      0.1049     45.88 RIGHT   7.3152E-05     10.28  7.5396E-05     -1.70
   35.00    120.00     -3.48    -3.70    -0.58      0.0936     44.25 RIGHT   7.7830E-05      7.36  7.5851E-05     -3.34
   40.00    120.00     -3.23    -3.82    -0.50      0.0834     43.01 RIGHT   8.0130E-05      3.56  7.4833E-05     -6.00
   45.00    120.00     -3.28    -4.11    -0.66      0.0746     42.22 RIGHT   7.9665E-05     -1.00  7.2364E-05     -9.58
   50.00    120.00     -3.65    -4.58    -1.08      0.0664     41.93 RIGHT   7.6286E-05     -6.33  6.8573E-05    -13.97
   55.00    120.00     -4.38    -5.23    -1.77      0.0560     42.18 RIGHT   7.0176E-05    -12.53  6.3631E-05    -18.98
   60.00    120.00     -5.47    -6.08    -2.75      0.0394     42.97 RIGHT   6.1903E-05    -19.81  5.7684E-05    -24.33
   65.00    120.00     -6.92    -7.19    -4.04      0.0109     44.11 RIGHT   5.2387E-05    -28.45  5.0787E-05    -29.69
   70.00    120.00     -8.69    -8.66    -5.66      0.0346     45.13 LEFT    4.2699E-05    -38.63  4.2888E-05    -34.67
   75.00    120.00    -10.77   -10.70    -7.73      0.0969     45.23 LEFT    3.3611E-05    -49.97  3.3874E-05    -38.89
   80.00    120.00    -13.36   -13.82   -10.57      0.1670     43.41 LEFT    2.4945E-05    -61.05  2.3666E-05    -42.05
   85.00    120.00    -17.77   -19.50   -15.54      0.2242     38.74 LEFT    1.5010E-05    -69.74  1.2306E-05    -43.94
   90.00    120.00   -999.99  -999.99  -999.99      0.0000      0.00         1.1574E-15   -254.55  7.4114E-16   -224.42
    0.00    125.00    -10.11    -7.02    -5.29      0.0000     55.00 LINEAR  3.6262E-05    -15.13  5.1787E-05    -15.13
    5.00    125.00     -8.96    -6.36    -4.46      0.0579     53.51 RIGHT   4.1398E-05     -2.67  5.5844E-05     -9.60
   10.00    125.00     -7.50    -5.71    -3.51      0.0912     50.95 RIGHT   4.8991E-05      5.52  6.0179E-05     -5.12
   15.00    125.00     -6.07    -5.13    -2.56      0.1025     48.15 RIGHT   5.7781E-05      9.90  6.4362E-05     -1.87
   20.00    125.00     -4.82    -4.66    -1.73      0.0995     45.54 RIGHT   6.6678E-05     11.47  6.7916E-05      0.10
   25.00    125.00     -3.83    -4.35    -1.07      0.0892     43.24 RIGHT   7.4781E-05     11.06  7.0399E-05      0.84
   30.00    125.00     -3.10    -4.22    -0.61      0.0767     41.26 RIGHT   8.1321E-05      9.24  7.1460E-05      0.39
   35.00    125.00     -2.65    -4.29    -0.38      0.0652     39.57 RIGHT   8.5629E-05      6.39  7.0888E-05     -1.21
   40.00    125.00     -2.50    -4.57    -0.40      0.0567     38.18 RIGHT   8.7159E-05      2.76  6.8645E-05     -3.91
   45.00    125.00     -2.66    -5.06    -0.69      0.0523     37.13 RIGHT   8.5545E-05     -1.49  6.4869E-05     -7.71
   50.00    125.00     -3.17    -5.76    -1.26      0.0522     36.52 RIGHT   8.0678E-05     -6.28  5.9845E-05    -12.53
   55.00    125.00     -4.06    -6.66    -2.16      0.0554     36.49 RIGHT   7.2790E-05    -11.63  5.3942E-05    -18.26
   60.00    125.00     -5.38    -7.77    -3.40      0.0587     37.18 RIGHT   6.2507E-05    -17.69  4.7508E-05    -24.66
   65.00    125.00     -7.18    -9.10    -5.02      0.0565     38.68 RIGHT   5.0836E-05    -24.73  4.0761E-05    -31.36
   70.00    125.00     -9.47   -10.74    -7.05      0.0399     40.82 RIGHT   3.9031E-05    -33.18  3.3729E-05    -37.80
   75.00    125.00    -12.27   -12.91    -9.57      0.0007     42.89 RIGHT   2.8284E-05    -43.35  2.6273E-05    -43.43
   80.00    125.00    -15.66   -16.10   -12.87      0.0603     43.56 LEFT    1.9138E-05    -54.64  1.8207E-05    -47.73
   85.00    125.00    -20.69   -21.81   -18.21      0.1243     41.20 LEFT    1.0728E-05    -64.64  9.4304E-06    -50.35
   90.00    125.00   -999.99  -999.99  -999.99      0.0000      0.00         8.0639E-16   -250.22  5.6731E-16   -231.10
    0.00    130.00     -9.12    -7.60    -5.29      0.0000     50.00 LINEAR  4.0637E-05    -15.13  4.8429E-05    -15.13
    5.00    130.00     -7.94    -6.88    -4.37      0.0529     48.53 RIGHT   4.6559E-05     -2.87  5.2642E-05     -8.97
   10.00    130.00     -6.49    -6.18    -3.32      0.0803     46.04 RIGHT   5.5035E-05      5.16  5.7042E-05     -4.03
   15.00    130.00     -5.09    -5.58    -2.32      0.0864     43.39 RIGHT   6.4630E-05      9.44  6.1138E-05     -0.45
   20.00    130.00     -3.91    -5.12    -1.46      0.0796     40.95 RIGHT   7.4098E-05     10.97  6.4405E-05      1.77
   25.00    130.00     -2.98    -4.86    -0.81      0.0669     38.79 RIGHT   8.2426E-05     10.55  6.6371E-05      2.71
   30.00    130.00     -2.34    -4.82    -0.39      0.0532     36.86 RIGHT   8.8778E-05      8.75  6.6683E-05      2.41
   35.00    130.00     -1.98    -5.02    -0.23      0.0415     35.14 RIGHT   9.2466E-05      5.99  6.5161E-05      0.94
   40.00    130.00     -1.93    -5.48    -0.34      0.0342     33.60 RIGHT   9.2976E-05      2.53  6.1830E-05     -1.72
   45.00    130.00     -2.22    -6.20    -0.76      0.0331     32.28 RIGHT   9.0001E-05     -1.40  5.6926E-05     -5.59
   50.00    130.00     -2.87    -7.17    -1.50      0.0395     31.30 RIGHT   8.3521E-05     -5.64  5.0873E-05    -10.73
   55.00    130.00     -3.93    -8.39    -2.60      0.0544     30.81 RIGHT   7.3864E-05    -10.10  4.4209E-05    -17.17
   60.00    130.00     -5.49    -9.83    -4.13      0.0778     31.06 RIGHT   6.1751E-05    -14.75  3.7466E-05    -24.80
   65.00    130.00     -7.63   -11.47    -6.13      0.1079     32.41 RIGHT   4.8283E-05    -19.70  3.1024E-05    -33.27
   70.00    130.00    -10.46   -13.35    -8.66      0.1383     35.27 RIGHT   3.4831E-05    -25.22  2.4978E-05    -41.87
   75.00    130.00    -14.14   -15.66   -11.83      0.1545     39.75 RIGHT   2.2811E-05    -31.82  1.9137E-05    -49.66
   80.00    130.00    -18.83   -18.91   -15.86      0.1377     44.72 RIGHT   1.3292E-05    -40.07  1.3166E-05    -55.75
   85.00    130.00    -25.25   -24.64   -21.93      0.0898     47.04 RIGHT   6.3458E-06    -49.23  6.8063E-06    -59.52
   90.00    130.00   -999.99  -999.99  -999.99      0.0000      0.00         4.4344E-16   -235.19  4.0933E-16   -240.67
    0.00    135.00     -8.30    -8.30    -5.29      0.0000     45.00 LINEAR  4.4703E-05    -15.13  4.4703E-05    -15.13
    5.00    135.00     -7.08    -7.51    -4.28      0.0477     43.58 RIGHT   5.1427E-05     -2.92  4.8950E-05     -8.39
   10.00    135.00     -5.63    -6.77    -3.15      0.0700     41.21 RIGHT   6.0776E-05      5.04  5.3297E-05     -3.03
   15.00    135.00     -4.26    -6.15    -2.10      0.0720     38.75 RIGHT   7.1121E-05      9.28  5.7211E-05      0.85
   20.00    135.00     -3.13    -5.72    -1.22      0.0626     36.50 RIGHT   8.1053E-05     10.79  6.0134E-05      3.31
   25.00    135.00     -2.27    -5.51    -0.59      0.0485     34.50 RIGHT   8.9447E-05     10.39  6.1583E-05      4.45
   30.00    135.00     -1.71    -5.56    -0.21      0.0340     32.65 RIGHT   9.5412E-05      8.65  6.1218E-05      4.36
   35.00    135.00     -1.45    -5.90    -0.12      0.0224     30.92 RIGHT   9.8268E-05      5.98  5.8893E-05      3.07
   40.00    135.00     -1.52    -6.54    -0.33      0.0159     29.27 RIGHT   9.7559E-05      2.71  5.4692E-05      0.58
   45.00    135.00     -1.92    -7.51    -0.87      0.0168     27.72 RIGHT   9.3083E-05     -0.88  4.8929E-05     -3.22
   50.00    135.00     -2.72    -8.81    -1.76      0.0277     26.35 RIGHT   8.4948E-05     -4.54  4.2129E-05     -8.52
   55.00    135.00     -3.96   -10.43    -3.08      0.0512     25.28 RIGHT   7.3624E-05     -8.03  3.4957E-05    -15.59
   60.00    135.00     -5.74   -12.33    -4.88      0.0913     24.71 RIGHT   5.9974E-05    -11.05  2.8106E-05    -24.68
   65.00    135.00     -8.19   -14.41    -7.26      0.1541     24.95 RIGHT   4.5232E-05    -13.27  2.2114E-05    -35.69
   70.00    135.00    -11.50   -16.61   -10.34      0.2500     26.59 RIGHT   3.0903E-05    -14.13  1.7158E-05    -47.79
   75.00    135.00    -15.94   -19.06   -14.21      0.3948     30.93 RIGHT   1.8545E-05    -12.59  1.2950E-05    -59.28
   80.00    135.00    -21.82   -22.28   -19.04      0.5945     41.82 RIGHT   9.4178E-06     -6.74  8.9322E-06    -68.35
   85.00    135.00    -29.64   -27.94   -25.70      0.7523     67.06 RIGHT   3.8290E-06      4.38  4.6551E-06    -73.92
   90.00    135.00   -999.99  -999.99  -999.99      0.0000      0.00         2.4952E-16   -169.51  2.8108E-16   -255.62
    0.00    140.00     -7.60    -9.12    -5.29      0.0000     40.00 LINEAR  4.8429E-05    -15.13  4.0637E-05    -15.13
    5.00    140.00     -6.35    -8.28    -4.20      0.0425     38.66 RIGHT   5.5946E-05     -2.89  4.4794E-05     -7.87
   10.00    140.00     -4.89    -7.50    -2.99      0.0602     36.46 RIGHT   6.6133E-05      5.07  4.8976E-05     -2.14
   15.00    140.00     -3.55    -6.88    -1.90      0.0592     34.22 RIGHT   7.7157E-05      9.30  5.2624E-05      2.02
   20.00    140.00     -2.47    -6.47    -1.01      0.0483     32.19 RIGHT   8.7443E-05     10.83  5.5170E-05      4.71
   25.00    140.00     -1.68    -6.32    -0.40      0.0336     30.35 RIGHT   9.5757E-05     10.47  5.6139E-05      6.06
   30.00    140.00     -1.20    -6.46    -0.07      0.0190     28.61 RIGHT   1.0117E-04      8.79  5.5214E-05      6.20
   35.00    140.00     -1.04    -6.93    -0.05      0.0075     26.90 RIGHT   1.0304E-04      6.24  5.2289E-05      5.17
   40.00    140.00     -1.22    -7.77    -0.35      0.0015     25.19 RIGHT   1.0098E-04      3.18  4.7495E-05      2.96
   45.00    140.00     -1.75    -9.00    -1.00      0.0035     23.46 RIGHT   9.4940E-05     -0.05  4.1202E-05     -0.60
   50.00    140.00     -2.69   -10.67    -2.05      0.0164     21.74 RIGHT   8.5190E-05     -3.10  3.3992E-05     -5.82
   55.00    140.00     -4.11   -12.80    -3.56      0.0443     20.05 RIGHT   7.2383E-05     -5.50  2.6605E-05    -13.35
   60.00    140.00     -6.10   -15.35    -5.61      0.0936     18.36 RIGHT   5.7580E-05     -6.63  1.9847E-05    -24.15
   65.00    140.00     -8.79   -18.11    -8.31      0.1755     16.37 RIGHT   4.2238E-05     -5.42  1.4437E-05    -39.22
   70.00    140.00    -12.31   -20.72   -11.73      0.3085     12.59 RIGHT   2.8151E-05      0.16  1.0696E-05    -57.87
   75.00    140.00    -16.57   -23.05   -15.68      0.4742      0.13 RIGHT   1.7251E-05     13.69  8.1811E-06    -76.10
   80.00    140.00    -20.72   -25.86   -19.56      0.3967    -21.55 RIGHT   1.0695E-05     36.37  5.9151E-06    -89.60
   85.00    140.00    -25.14   -31.17   -24.17      0.1859    -24.95 RIGHT   6.4295E-06     56.07  3.2094E-06    -97.21
   90.00    140.00   -999.99  -999.99  -999.99      0.0000      0.00         5.1186E-16   -118.76  1.9660E-16     80.56
    0.00    145.00     -7.02   -10.11    -5.29      0.0000     35.00 LINEAR  5.1787E-05    -15.13  3.6262E-05    -15.13
    5.00    145.00     -5.73    -9.22    -4.12      0.0372     33.77 RIGHT   6.0065E-05     -2.80  4.0209E-05     -7.40
   10.00    145.00     -4.27    -8.41    -2.86      0.0510     31.77 RIGHT   7.1035E-05      5.18  4.4119E-05     -1.34
   15.00    145.00     -2.96    -7.78    -1.72      0.0480     29.77 RIGHT   8.2655E-05      9.43  4.7431E-05      3.06
   20.00    145.00     -1.91    -7.39    -0.83      0.0365     27.97 RIGHT   9.3190E-05     11.00  4.9590E-05      5.96
   25.00    145.00     -1.19    -7.30    -0.24      0.0219     26.31 RIGHT   1.0131E-04     10.69  5.0143E-05      7.53
   30.00    145.00     -0.79    -7.53     0.04      0.0078     24.71 RIGHT   1.0606E-04      9.10  4.8809E-05      7.92
   35.00    145.00     -0.73    -8.14    -0.00      0.0033     23.08 LEFT    1.0683E-04      6.68  4.5521E-05      7.20
   40.00    145.00     -1.01    -9.16    -0.40      0.0091     21.36 LEFT    1.0337E-04      3.84  4.0447E-05      5.37
   45.00    145.00     -1.68   -10.68    -1.16      0.0070     19.53 LEFT    9.5787E-05      0.98  3.3984E-05      2.26
   50.00    145.00     -2.76   -12.76    -2.35      0.0059     17.54 RIGHT   8.4535E-05     -1.39  2.6731E-05     -2.57
   55.00    145.00     -4.34   -15.53    -4.02      0.0337     15.30 RIGHT   7.0493E-05     -2.61  1.9435E-05    -10.16
   60.00    145.00     -6.50   -19.05    -6.26      0.0819     12.47 RIGHT   5.4979E-05     -1.58  1.2959E-05    -22.94
   65.00    145.00     -9.30   -22.97    -9.12      0.1540      7.92 RIGHT   3.9805E-05      3.63  8.2566E-06    -45.51
   70.00    145.00    -12.59   -25.69   -12.38      0.2206     -1.06 RIGHT   2.7270E-05     16.21  6.0357E-06    -78.35
   75.00    145.00    -15.50   -26.66   -15.18      0.1561    -12.87 RIGHT   1.9510E-05     37.75  5.3934E-06   -105.86
   80.00    145.00    -17.43   -28.26   -17.08      0.0011    -16.04 LEFT    1.5619E-05     59.40  4.4900E-06   -120.84
   85.00    145.00    -20.74   -32.94   -20.49      0.0754    -13.15 LEFT    1.0668E-05     71.21  2.6180E-06   -127.68
   90.00    145.00   -999.99  -999.99  -999.99      0.0000      0.00         8.6626E-16   -106.98  1.6376E-16     50.50
    0.00    150.00     -6.53   -11.31    -5.29      0.0000     30.00 LINEAR  5.4750E-05    -15.13  3.1610E-05    -15.13
    5.00    150.00     -5.21   -10.36    -4.06      0.0318     28.90 RIGHT   6.3738E-05     -2.69  3.5233E-05     -6.99
   10.00    150.00     -3.75    -9.53    -2.73      0.0424     27.14 RIGHT   7.5417E-05      5.33  3.8775E-05     -0.64
   15.00    150.00     -2.46    -8.90    -1.57      0.0383     25.40 RIGHT   8.7547E-05      9.62  4.1695E-05      3.98
   20.00    150.00     -1.46    -8.54    -0.68      0.0269     23.83 RIGHT   9.8239E-05     11.23  4.3473E-05      7.07
   25.00    150.00     -0.79    -8.49    -0.11      0.0132     22.38 RIGHT   1.0608E-04     10.99  4.3695E-05      8.85
   30.00    150.00     -0.47    -8.81     0.13      0.0000     20.94 LEFT    1.1009E-04      9.49  4.2122E-05      9.50
   35.00    150.00     -0.49    -9.54     0.02      0.0105     19.43 LEFT    1.0975E-04      7.21  3.8722E-05      9.12
   40.00    150.00     -0.88   -10.75    -0.46      0.0160     17.78 LEFT    1.0492E-04      4.60  3.3688E-05      7.76
   45.00    150.00     -1.67   -12.54    -1.33      0.0145     15.94 LEFT    9.5875E-05      2.15  2.7418E-05      5.29
   50.00    150.00     -2.89   -15.07    -2.63      0.0032     13.82 LEFT    8.3293E-05      0.47  2.0489E-05      1.27
   55.00    150.00     -4.61   -18.63    -4.45      0.0206     11.20 RIGHT   6.8298E-05      0.53  1.3599E-05     -5.65
   60.00    150.00     -6.89   -23.72    -6.80      0.0581      7.52 RIGHT   5.2531E-05      3.90  7.5742E-06    -20.29
   65.00    150.00     -9.64   -29.78    -9.60      0.0948      1.52 RIGHT   3.8277E-05     13.27  3.7677E-06    -61.26
   70.00    150.00    -12.26   -29.54   -12.18      0.0669     -6.80 RIGHT   2.8322E-05     31.28  3.8740E-06   -118.99
   75.00    150.00    -13.75   -27.74   -13.58      0.0497    -10.95 LEFT    2.3866E-05     53.64  4.7666E-06   -141.31
   80.00    150.00    -14.75   -28.52   -14.58      0.1266     -9.16 LEFT    2.1251E-05     69.70  4.3565E-06   -149.60
   85.00    150.00    -17.90   -32.99   -17.77      0.1330     -6.57 LEFT    1.4798E-05     76.97  2.6033E-06   -153.02
   90.00    150.00   -999.99  -999.99  -999.99      0.0000      0.00         1.2007E-15   -102.65  1.6370E-16     26.15
    0.00    155.00     -6.14   -12.77    -5.29      0.0000     25.00 LINEAR  5.7297E-05    -15.13  2.6718E-05    -15.13
    5.00    155.00     -4.79   -11.79    -4.00      0.0265     24.05 RIGHT   6.6920E-05     -2.57  2.9912E-05     -6.64
   10.00    155.00     -3.33   -10.93    -2.63      0.0344     22.55 RIGHT   7.9222E-05      5.50  3.2999E-05     -0.05
   15.00    155.00     -2.05   -10.30    -1.44      0.0298     21.08 RIGHT   9.1775E-05      9.83  3.5485E-05      4.75
   20.00    155.00     -1.08    -9.96    -0.55      0.0193     19.76 RIGHT   1.0255E-04     11.49  3.6902E-05      8.02
   25.00    155.00     -0.47    -9.96    -0.01      0.0070     18.53 RIGHT   1.1006E-04     11.31  3.6889E-05      9.99
   30.00    155.00     -0.21   -10.36     0.19      0.0049     17.27 LEFT    1.1334E-04      9.91  3.5251E-05     10.89
   35.00    155.00     -0.32   -11.20     0.02      0.0143     15.93 LEFT    1.1193E-04      7.78  3.1986E-05     10.88
   40.00    155.00     -0.81   -12.58    -0.53      0.0196     14.42 LEFT    1.0581E-04      5.40  2.7293E-05     10.05
   45.00    155.00     -1.71   -14.63    -1.49      0.0189     12.68 LEFT    9.5458E-05      3.35  2.1554E-05      8.38
   50.00    155.00     -3.05   -17.61    -2.90      0.0102     10.58 LEFT    8.1756E-05      2.38  1.5291E-05      5.63
   55.00    155.00     -4.90   -22.11    -4.82      0.0073      7.84 RIGHT   6.6096E-05      3.75  9.1125E-06      0.65
   60.00    155.00     -7.24   -29.93    -7.22      0.0289      3.86 RIGHT   5.0488E-05      9.50  3.7022E-06    -13.82
   65.00    155.00     -9.77   -37.09    -9.76      0.0264     -1.95 RIGHT   3.7736E-05     22.62  1.6250E-06   -119.57
   70.00    155.00    -11.56   -29.28   -11.49      0.0454     -6.95 LEFT    3.0704E-05     43.35  3.9919E-06   -157.39
   75.00    155.00    -12.13   -27.23   -12.00      0.1279     -6.87 LEFT    2.8754E-05     63.15  5.0527E-06   -164.43
   80.00    155.00    -12.83   -28.21   -12.71      0.1498     -4.64 LEFT    2.6515E-05     74.96  4.5162E-06   -167.31
   85.00    155.00    -15.98   -32.80   -15.89      0.1335     -3.10 LEFT    1.8462E-05     79.77  2.6605E-06   -168.57
   90.00    155.00   -999.99  -999.99  -999.99      0.0000      0.00         1.4942E-15   -100.58  1.6647E-16     11.22
    0.00    160.00     -5.83   -14.60    -5.29      0.0000     20.00 LINEAR  5.9408E-05    -15.13  2.1623E-05    -15.13
    5.00    160.00     -4.45   -13.59    -3.95      0.0211     19.22 RIGHT   6.9577E-05     -2.46  2.4296E-05     -6.36
   10.00    160.00     -2.98   -12.72    -2.55      0.0269     17.99 RIGHT   8.2402E-05      5.66  2.6855E-05      0.43
   15.00    160.00     -1.72   -12.09    -1.34      0.0225     16.81 RIGHT   9.5292E-05     10.03  2.8875E-05      5.39
   20.00    160.00     -0.79   -11.77    -0.45      0.0134     15.75 RIGHT   1.0610E-04     11.74  2.9957E-05      8.80
   25.00    160.00     -0.22   -11.82     0.07      0.0029     14.74 RIGHT   1.1328E-04     11.63  2.9806E-05     10.95
   30.00    160.00     -0.02   -12.28     0.23      0.0071     13.70 LEFT    1.1587E-04     10.32  2.8269E-05     12.09
   35.00    160.00     -0.20   -13.22     0.01      0.0152     12.57 LEFT    1.1348E-04      8.33  2.5364E-05     12.42
   40.00    160.00     -0.78   -14.74    -0.61      0.0200     11.27 LEFT    1.0625E-04      6.17  2.1281E-05     12.12
   45.00    160.00     -1.77   -17.03    -1.64      0.0201      9.73 LEFT    9.4776E-05      4.49  1.6361E-05     11.36
   50.00    160.00     -3.22   -20.43    -3.14      0.0143      7.81 LEFT    8.0181E-05      4.21  1.1055E-05     10.29
   55.00    160.00     -5.16   -25.93    -5.13      0.0036      5.23 LEFT    6.4115E-05      6.84  5.8716E-06      9.10
   60.00    160.00     -7.50   -38.96    -7.50      0.0028      1.52 RIGHT   4.8972E-05     14.82  1.3100E-06      8.82
   65.00    160.00     -9.71   -34.44    -9.69      0.0251     -2.99 LEFT    3.7994E-05     30.84  2.2044E-06   -174.89
   70.00    160.00    -10.77   -28.49   -10.70      0.0956     -5.04 LEFT    3.3607E-05     52.07  4.3723E-06   -175.69
   75.00    160.00    -10.85   -27.20   -10.75      0.1380     -3.68 LEFT    3.3305E-05     68.91  5.0692E-06   -176.62
   80.00    160.00    -11.47   -28.50   -11.38      0.1359     -2.09 LEFT    3.1026E-05     77.95  4.3655E-06   -177.30
   85.00    160.00    -14.64   -33.24   -14.58      0.1152     -1.31 LEFT    2.1526E-05     81.31  2.5288E-06   -177.64
   90.00    160.00   -999.99  -999.99  -999.99      0.0000      0.00         1.7384E-15    -99.45  1.5748E-16      2.41
    0.00    165.00     -5.59   -17.03    -5.29      0.0000     15.00 LINEAR  6.1066E-05    -15.13  1.6363E-05    -15.13
    5.00    165.00     -4.19   -15.99    -3.92      0.0158     14.40 RIGHT   7.1676E-05     -2.37  1.8438E-05     -6.13
   10.00    165.00     -2.72   -15.11    -2.48      0.0198     13.47 RIGHT   8.4916E-05      5.80  2.0410E-05      0.81
   15.00    165.00     -1.47   -14.48    -1.26      0.0160     12.58 RIGHT   9.8062E-05     10.21  2.1941E-05      5.89
   20.00    165.00     -0.56   -14.17    -0.38      0.0089     11.78 RIGHT   1.0887E-04     11.96  2.2720E-05      9.42
   25.00    165.00     -0.03   -14.25     0.13      0.0006     11.01 RIGHT   1.1575E-04     11.91  2.2518E-05     11.71
   30.00    165.00      0.12   -14.76     0.26      0.0072     10.21 LEFT    1.1775E-04     10.67  2.1227E-05     13.05
   35.00    165.00     -0.12   -15.79    -0.01      0.0137      9.32 LEFT    1.1455E-04      8.80  1.8873E-05     13.69
   40.00    165.00     -0.76   -17.43    -0.67      0.0176      8.29 LEFT    1.0639E-04      6.84  1.5620E-05     13.89
   45.00    165.00     -1.84   -19.90    -1.77      0.0182      7.04 LEFT    9.4031E-05      5.50  1.1746E-05     14.02
   50.00    165.00     -3.37   -23.67    -3.33      0.0150      5.46 LEFT    7.8772E-05      5.83  7.6175E-06     14.84
   55.00    165.00     -5.38   -30.05    -5.37      0.0099      3.30 LEFT    6.2503E-05      9.57  3.6522E-06     19.39
   60.00    165.00     -7.68   -44.33    -7.68      0.0137      0.31 LEFT    4.7973E-05     19.45  7.0591E-07     88.10
   65.00    165.00     -9.55   -32.99    -9.53      0.0489     -2.65 LEFT    3.8709E-05     37.37  2.6037E-06   -189.37
   70.00    165.00    -10.08   -29.02   -10.03      0.0997     -3.05 LEFT    3.6381E-05     58.00  4.1119E-06   -184.23
   75.00    165.00     -9.92   -28.27    -9.85      0.1171     -1.73 LEFT    3.7089E-05     72.46  4.4840E-06   -183.26
   80.00    165.00    -10.52   -29.79   -10.47      0.1078     -0.78 LEFT    3.4617E-05     79.74  3.7618E-06   -183.11
   85.00    165.00    -13.72   -34.64   -13.69      0.0897     -0.43 LEFT    2.3931E-05     82.22  2.1532E-06   -183.08
   90.00    165.00   -999.99  -999.99  -999.99      0.0000      0.00         1.9294E-15    -98.80  1.3364E-16     -2.93
    0.00    170.00     -5.42   -20.49    -5.29      0.0000     10.00 LINEAR  6.2260E-05    -15.13  1.0978E-05    -15.13
    5.00    170.00     -4.01   -19.44    -3.89      0.0105      9.59 RIGHT   7.3193E-05     -2.30  1.2396E-05     -5.97
   10.00    170.00     -2.54   -18.55    -2.43      0.0130      8.97 RIGHT   8.6735E-05      5.91  1.3736E-05      1.08
   15.00    170.00     -1.30   -17.92    -1.20      0.0103      8.37 RIGHT   1.0006E-04     10.34  1.4763E-05      6.25
   20.00    170.00     -0.41   -17.63    -0.33      0.0053      7.83 RIGHT   1.1085E-04     12.13  1.5265E-05      9.87
   25.00    170.00      0.10   -17.73     0.17      0.0003      7.32 LEFT    1.1749E-04     12.12  1.5087E-05     12.27
   30.00    170.00      0.21   -18.28     0.27      0.0057      6.77 LEFT    1.1904E-04     10.95  1.4158E-05     13.76
   35.00    170.00     -0.07   -19.36    -0.02      0.0102      6.17 LEFT    1.1523E-04      9.17  1.2505E-05     14.63
   40.00    170.00     -0.76   -21.09    -0.72      0.0131      5.45 LEFT    1.0638E-04      7.36  1.0245E-05     15.24
   45.00    170.00     -1.90   -23.71    -1.87      0.0138      4.57 LEFT    9.3386E-05      6.29  7.5798E-06     16.13
   50.00    170.00     -3.50   -27.73    -3.48      0.0123      3.44 LEFT    7.7673E-05      7.10  4.7696E-06     18.72
   55.00    170.00     -5.55   -34.70    -5.54      0.0108      1.90 LEFT    6.1335E-05     11.72  2.1378E-06     29.78
   60.00    170.00     -7.79   -42.56    -7.79      0.0181     -0.14 LEFT    4.7396E-05     23.01  8.6541E-07   -239.17
   65.00    170.00     -9.37   -34.34    -9.35      0.0471     -1.78 LEFT    3.9515E-05     42.00  2.2287E-06   -194.64
   70.00    170.00     -9.57   -31.29    -9.54      0.0772     -1.59 LEFT    3.8601E-05     61.78  3.1662E-06   -188.57
   75.00    170.00     -9.28   -30.85    -9.25      0.0826     -0.70 LEFT    3.9892E-05     74.62  3.3330E-06   -186.99
   80.00    170.00     -9.89   -32.51    -9.87      0.0739     -0.20 LEFT    3.7211E-05     80.81  2.7517E-06   -186.52
   85.00    170.00    -13.12   -37.42   -13.10      0.0609     -0.06 LEFT    2.5654E-05     82.75  1.5633E-06   -186.32
   90.00    170.00   -999.99  -999.99  -999.99      0.0000      0.00         2.0659E-15    -98.43  9.6805E-17     -6.12
    0.00    175.00     -5.32   -26.48    -5.29      0.0000      5.00 LINEAR  6.2980E-05    -15.13  5.5100E-06    -15.13
    5.00    175.00     -3.90   -25.41    -3.87      0.0053      4.80 RIGHT   7.4110E-05     -2.26  6.2291E-06     -5.87
   10.00    175.00     -2.43   -24.52    -2.40      0.0064      4.48 RIGHT   8.7835E-05      5.97  6.9067E-06      1.25
   15.00    175.00     -1.19   -23.89    -1.17      0.0050      4.18 RIGHT   1.0127E-04     10.43  7.4225E-06      6.47
   20.00    175.00     -0.31   -23.61    -0.29      0.0025      3.91 RIGHT   1.1204E-04     12.23  7.6679E-06     10.14
   25.00    175.00      0.17   -23.73     0.19      0.0004      3.65 LEFT    1.1853E-04     12.25  7.5652E-06     12.60
   30.00    175.00      0.27   -24.30     0.28      0.0032      3.38 LEFT    1.1979E-04     11.12  7.0803E-06     14.19
   35.00    175.00     -0.04   -25.42    -0.03      0.0054      3.07 LEFT    1.1560E-04      9.40  6.2280E-06     15.22
   40.00    175.00     -0.77   -27.20    -0.76      0.0069      2.70 LEFT    1.0634E-04      7.69  5.0713E-06     16.09
   45.00    175.00     -1.94   -29.90    -1.93      0.0074      2.25 LEFT    9.2954E-05      6.79  3.7149E-06     17.50
   50.00    175.00     -3.57   -34.08    -3.57      0.0069      1.66 LEFT    7.6980E-05      7.91  2.2961E-06     21.34
   55.00    175.00     -5.65   -41.30    -5.65      0.0068      0.86 LEFT    6.0634E-05     13.10  9.9970E-07     37.49
   60.00    175.00     -7.84   -46.02    -7.84      0.0120     -0.16 LEFT    4.7117E-05     25.24  5.8084E-07   -231.58
   65.00    175.00     -9.24   -39.25    -9.23      0.0278     -0.86 LEFT    4.0118E-05     44.74  1.2665E-06   -196.87
   70.00    175.00     -9.26   -36.62    -9.25      0.0413     -0.65 LEFT    4.0017E-05     63.87  1.7145E-06   -190.71
   75.00    175.00     -8.92   -36.33    -8.91      0.0424     -0.23 LEFT    4.1606E-05     75.78  1.7724E-06   -188.92
   80.00    175.00     -9.53   -38.07    -9.53      0.0374     -0.01 LEFT    3.8775E-05     81.38  1.4508E-06   -188.32
   85.00    175.00    -12.78   -43.02   -12.77      0.0308      0.03 LEFT    2.6687E-05     83.03  8.2080E-07   -188.06
   90.00    175.00   -999.99  -999.99  -999.99      0.0000      0.00         2.1477E-15    -98.24  5.0774E-17     -7.84
    0.00    180.00     -5.29  -999.99    -5.29      0.0000     -0.00 LINEAR  6.3220E-05    -15.13  6.4528E-16   -195.13
    5.00    180.00     -3.87  -999.99    -3.87      0.0000     -0.00 LINEAR  7.4417E-05     -2.24  7.2979E-16   -185.84
   10.00    180.00     -2.39  -999.99    -2.39      0.0000     -0.00 LINEAR  8.8203E-05      5.99  8.0933E-16   -178.70
   15.00    180.00     -1.16  -999.99    -1.16      0.0000     -0.00 LINEAR  1.0167E-04     10.46  8.6975E-16   -173.46
   20.00    180.00     -0.28  -999.99    -0.28      0.0000     -0.00 LINEAR  1.1244E-04     12.27  8.9823E-16   -169.77
   25.00    180.00      0.20  -999.99     0.20      0.0000     -0.00 LINEAR  1.1887E-04     12.30  8.8568E-16   -167.28
   30.00    180.00      0.28  -999.99     0.28      0.0000     -0.00 LINEAR  1.2004E-04     11.18  8.2814E-16   -165.66
   35.00    180.00     -0.03  -999.99    -0.03      0.0000     -0.00 LINEAR  1.1572E-04      9.48  7.2745E-16   -164.59
   40.00    180.00     -0.77  -999.99    -0.77      0.0000     -0.00 LINEAR  1.0631E-04      7.81  5.9113E-16   -163.62
   45.00    180.00     -1.95  -999.99    -1.95      0.0000     -0.00 LINEAR  9.2802E-05      6.96  4.3159E-16   -162.03
   50.00    180.00     -3.60  -999.99    -3.60      0.0000     -0.00 LINEAR  7.6744E-05      8.19  2.6518E-16   -157.73
   55.00    180.00     -5.68  -999.99    -5.68      0.0000     -0.00 LINEAR  6.0402E-05     13.57  1.1473E-16   -139.69
   60.00    180.00     -7.85  -999.99    -7.85      0.0000      0.00 LINEAR  4.7037E-05     26.00  7.3934E-17    -49.85
   65.00    180.00     -9.19  -999.99    -9.19      0.0000      0.00 LINEAR  4.0339E-05     45.65  1.5413E-16    -17.51
   70.00    180.00     -9.15  -999.99    -9.15      0.0000      0.00 LINEAR  4.0503E-05     64.54  2.0571E-16    -11.36
   75.00    180.00     -8.80  -999.99    -8.80      0.0000      0.00 LINEAR  4.2182E-05     76.15  2.1147E-16     -9.52
   80.00    180.00     -9.42  -999.99    -9.42      0.0000     -0.00 LINEAR  3.9297E-05     81.56  1.7263E-16     -8.89
   85.00    180.00    -12.66  -999.99   -12.66      0.0000     -0.00 LINEAR  2.7031E-05     83.12  9.7542E-17     -8.61
   90.00    180.00   -999.99  -999.99  -999.99      0.0000      0.00         2.1749E-15    -98.18  6.0298E-27   -188.38
    0.00    185.00     -5.32   -26.48    -5.29      0.0000     -5.00 LINEAR  6.2980E-05    -15.13  5.5100E-06   -195.13
    5.00    185.00     -3.90   -25.41    -3.87      0.0053     -4.80 LEFT    7.4110E-05     -2.26  6.2291E-06   -185.87
   10.00    185.00     -2.43   -24.52    -2.40      0.0064     -4.48 LEFT    8.7835E-05      5.97  6.9067E-06   -178.75
   15.00    185.00     -1.19   -23.89    -1.17      0.0050     -4.18 LEFT    1.0127E-04     10.43  7.4225E-06   -173.53
   20.00    185.00     -0.31   -23.61    -0.29      0.0025     -3.91 LEFT    1.1204E-04     12.23  7.6679E-06   -169.86
   25.00    185.00      0.17   -23.73     0.19      0.0004     -3.65 RIGHT   1.1853E-04     12.25  7.5652E-06   -167.40
   30.00    185.00      0.27   -24.30     0.28      0.0032     -3.38 RIGHT   1.1979E-04     11.12  7.0803E-06   -165.81
   35.00    185.00     -0.04   -25.42    -0.03      0.0054     -3.07 RIGHT   1.1560E-04      9.40  6.2280E-06   -164.78
   40.00    185.00     -0.77   -27.20    -0.76      0.0069     -2.70 RIGHT   1.0634E-04      7.69  5.0713E-06   -163.91
   45.00    185.00     -1.94   -29.90    -1.93      0.0074     -2.25 RIGHT   9.2954E-05      6.79  3.7149E-06   -162.50
   50.00    185.00     -3.57   -34.08    -3.57      0.0069     -1.66 RIGHT   7.6980E-05      7.91  2.2961E-06   -158.66
   55.00    185.00     -5.65   -41.30    -5.65      0.0068     -0.86 RIGHT   6.0634E-05     13.10  9.9970E-07   -142.51
   60.00    185.00     -7.84   -46.02    -7.84      0.0120      0.16 RIGHT   4.7117E-05     25.24  5.8084E-07    -51.58
   65.00    185.00     -9.24   -39.25    -9.23      0.0278      0.86 RIGHT   4.0118E-05     44.74  1.2665E-06    -16.87
   70.00    185.00     -9.26   -36.62    -9.25      0.0413      0.65 RIGHT   4.0017E-05     63.87  1.7145E-06    -10.71
   75.00    185.00     -8.92   -36.33    -8.91      0.0424      0.23 RIGHT   4.1606E-05     75.78  1.7724E-06     -8.92
   80.00    185.00     -9.53   -38.07    -9.53      0.0374      0.01 RIGHT   3.8775E-05     81.38  1.4508E-06     -8.32
   85.00    185.00    -12.78   -43.02   -12.77      0.0308     -0.03 RIGHT   2.6687E-05     83.03  8.2080E-07     -8.06
   90.00    185.00   -999.99  -999.99  -999.99      0.0000      0.00         2.1477E-15    -98.24  5.0765E-17   -187.84
    0.00    190.00     -5.42   -20.49    -5.29      0.0000    -10.00 LINEAR  6.2260E-05    -15.13  1.0978E-05   -195.13
    5.00    190.00     -4.01   -19.44    -3.89      0.0105     -9.59 LEFT    7.3193E-05     -2.30  1.2396E-05   -185.97
   10.00    190.00     -2.54   -18.55    -2.43      0.0130     -8.97 LEFT    8.6735E-05      5.91  1.3736E-05   -178.92
   15.00    190.00     -1.30   -17.92    -1.20      0.0103     -8.37 LEFT    1.0006E-04     10.34  1.4763E-05   -173.75
   20.00    190.00     -0.41   -17.63    -0.33      0.0053     -7.83 LEFT    1.1085E-04     12.13  1.5265E-05   -170.13
   25.00    190.00      0.10   -17.73     0.17      0.0003     -7.32 RIGHT   1.1749E-04     12.12  1.5087E-05   -167.73
   30.00    190.00      0.21   -18.28     0.27      0.0057     -6.77 RIGHT   1.1904E-04     10.95  1.4158E-05   -166.24
   35.00    190.00     -0.07   -19.36    -0.02      0.0102     -6.17 RIGHT   1.1523E-04      9.17  1.2505E-05   -165.37
   40.00    190.00     -0.76   -21.09    -0.72      0.0131     -5.45 RIGHT   1.0638E-04      7.36  1.0245E-05   -164.76
   45.00    190.00     -1.90   -23.71    -1.87      0.0138     -4.57 RIGHT   9.3386E-05      6.29  7.5798E-06   -163.87
   50.00    190.00     -3.50   -27.73    -3.48      0.0123     -3.44 RIGHT   7.7673E-05      7.10  4.7696E-06   -161.28
   55.00    190.00     -5.55   -34.70    -5.54      0.0108     -1.90 RIGHT   6.1335E-05     11.72  2.1378E-06   -150.22
   60.00    190.00     -7.79   -42.56    -7.79      0.0181      0.14 RIGHT   4.7396E-05     23.01  8.6541E-07    -59.17
   65.00    190.00     -9.37   -34.34    -9.35      0.0471      1.78 RIGHT   3.9515E-05     42.00  2.2287E-06    -14.64
   70.00    190.00     -9.57   -31.29    -9.54      0.0772      1.59 RIGHT   3.8601E-05     61.78  3.1662E-06     -8.57
   75.00    190.00     -9.28   -30.85    -9.25      0.0826      0.70 RIGHT   3.9892E-05     74.62  3.3330E-06     -6.99
   80.00    190.00     -9.89   -32.51    -9.87      0.0739      0.20 RIGHT   3.7211E-05     80.81  2.7517E-06     -6.52
   85.00    190.00    -13.12   -37.42   -13.10      0.0609      0.06 RIGHT   2.5654E-05     82.75  1.5633E-06     -6.32
   90.00    190.00   -999.99  -999.99  -999.99      0.0000      0.00         2.0660E-15    -98.43  9.6808E-17   -186.12
    0.00    195.00     -5.59   -17.03    -5.29      0.0000    -15.00 LINEAR  6.1066E-05    -15.13  1.6363E-05   -195.13
    5.00    195.00     -4.19   -15.99    -3.92      0.0158    -14.40 LEFT    7.1676E-05     -2.37  1.8438E-05   -186.13
   10.00    195.00     -2.72   -15.11    -2.48      0.0198    -13.47 LEFT    8.4916E-05      5.80  2.0410E-05   -179.19
   15.00    195.00     -1.47   -14.48    -1.26      0.0160    -12.58 LEFT    9.8062E-05     10.21  2.1941E-05   -174.11
   20.00    195.00     -0.56   -14.17    -0.38      0.0089    -11.78 LEFT    1.0887E-04     11.96  2.2720E-05   -170.58
   25.00    195.00     -0.03   -14.25     0.13      0.0006    -11.01 LEFT    1.1575E-04     11.91  2.2518E-05   -168.29
   30.00    195.00      0.12   -14.76     0.26      0.0072    -10.21 RIGHT   1.1775E-04     10.67  2.1227E-05   -166.95
   35.00    195.00     -0.12   -15.79    -0.01      0.0137     -9.32 RIGHT   1.1455E-04      8.80  1.8873E-05   -166.31
   40.00    195.00     -0.76   -17.43    -0.67      0.0176     -8.29 RIGHT   1.0639E-04      6.84  1.5620E-05   -166.11
   45.00    195.00     -1.84   -19.90    -1.77      0.0182     -7.04 RIGHT   9.4031E-05      5.50  1.1746E-05   -165.98
   50.00    195.00     -3.37   -23.67    -3.33      0.0150     -5.46 RIGHT   7.8772E-05      5.83  7.6175E-06   -165.16
   55.00    195.00     -5.38   -30.05    -5.37      0.0099     -3.30 RIGHT   6.2503E-05      9.57  3.6522E-06   -160.61
   60.00    195.00     -7.68   -44.33    -7.68      0.0137     -0.31 RIGHT   4.7973E-05     19.45  7.0591E-07    -91.90
   65.00    195.00     -9.55   -32.99    -9.53      0.0489      2.65 RIGHT   3.8709E-05     37.37  2.6037E-06     -9.37
   70.00    195.00    -10.08   -29.02   -10.03      0.0997      3.05 RIGHT   3.6381E-05     58.00  4.1119E-06     -4.23
   75.00    195.00     -9.92   -28.27    -9.85      0.1171      1.73 RIGHT   3.7089E-05     72.46  4.4840E-06     -3.26
   80.00    195.00    -10.52   -29.79   -10.47      0.1078      0.78 RIGHT   3.4617E-05     79.74  3.7618E-06     -3.11
   85.00    195.00    -13.72   -34.64   -13.69      0.0897      0.43 RIGHT   2.3931E-05     82.22  2.1532E-06     -3.08
   90.00    195.00   -999.99  -999.99  -999.99      0.0000      0.00         1.9294E-15    -98.81  1.3362E-16   -182.93
    0.00    200.00     -5.83   -14.60    -5.29      0.0000    -20.00 LINEAR  5.9408E-05    -15.13  2.1623E-05   -195.13
    5.00    200.00     -4.45   -13.59    -3.95      0.0211    -19.22 LEFT    6.9577E-05     -2.46  2.4296E-05   -186.36
   10.00    200.00     -2.98   -12.72    -2.55      0.0269    -17.99 LEFT    8.2402E-05      5.66  2.6855E-05   -179.57
   15.00    200.00     -1.72   -12.09    -1.34      0.0225    -16.81 LEFT    9.5292E-05     10.03  2.8875E-05   -174.61
   20.00    200.00     -0.79   -11.77    -0.45      0.0134    -15.75 LEFT    1.0610E-04     11.74  2.9957E-05   -171.20
   25.00    200.00     -0.22   -11.82     0.07      0.0029    -14.74 LEFT    1.1328E-04     11.63  2.9806E-05   -169.05
   30.00    200.00     -0.02   -12.28     0.23      0.0071    -13.70 RIGHT   1.1587E-04     10.32  2.8269E-05   -167.91
   35.00    200.00     -0.20   -13.22     0.01      0.0152    -12.57 RIGHT   1.1348E-04      8.33  2.5364E-05   -167.58
   40.00    200.00     -0.78   -14.74    -0.61      0.0200    -11.27 RIGHT   1.0625E-04      6.17  2.1281E-05   -167.88
   45.00    200.00     -1.77   -17.03    -1.64      0.0201     -9.73 RIGHT   9.4776E-05      4.49  1.6361E-05   -168.64
   50.00    200.00     -3.22   -20.43    -3.14      0.0143     -7.81 RIGHT   8.0181E-05      4.21  1.1055E-05   -169.71
   55.00    200.00     -5.16   -25.93    -5.13      0.0036     -5.23 RIGHT   6.4115E-05      6.84  5.8716E-06   -170.90
   60.00    200.00     -7.50   -38.96    -7.50      0.0028     -1.52 LEFT    4.8972E-05     14.82  1.3100E-06   -171.18
   65.00    200.00     -9.71   -34.44    -9.69      0.0251      2.99 RIGHT   3.7994E-05     30.84  2.2044E-06      5.11
   70.00    200.00    -10.77   -28.49   -10.70      0.0956      5.04 RIGHT   3.3607E-05     52.07  4.3723E-06      4.31
   75.00    200.00    -10.85   -27.20   -10.75      0.1380      3.68 RIGHT   3.3305E-05     68.91  5.0692E-06      3.38
   80.00    200.00    -11.47   -28.50   -11.38      0.1359      2.09 RIGHT   3.1026E-05     77.95  4.3655E-06      2.70
   85.00    200.00    -14.64   -33.24   -14.58      0.1152      1.31 RIGHT   2.1526E-05     81.31  2.5288E-06      2.36
   90.00    200.00   -999.99  -999.99  -999.99      0.0000      0.00         1.7384E-15    -99.45  1.5746E-16   -177.60
    0.00    205.00     -6.14   -12.77    -5.29      0.0000    -25.00 LINEAR  5.7297E-05    -15.13  2.6718E-05   -195.13
    5.00    205.00     -4.79   -11.79    -4.00      0.0265    -24.05 LEFT    6.6920E-05     -2.57  2.9912E-05   -186.64
   10.00    205.00     -3.33   -10.93    -2.63      0.0344    -22.55 LEFT    7.9222E-05      5.50  3.2999E-05   -180.05
   15.00    205.00     -2.05   -10.30    -1.44      0.0298    -21.08 LEFT    9.1775E-05      9.83  3.5485E-05   -175.25
   20.00    205.00     -1.08    -9.96    -0.55      0.0193    -19.76 LEFT    1.0255E-04     11.49  3.6902E-05   -171.98
   25.00    205.00     -0.47    -9.96    -0.01      0.0070    -18.53 LEFT    1.1006E-04     11.31  3.6889E-05   -170.01
   30.00    205.00     -0.21   -10.36     0.19      0.0049    -17.27 RIGHT   1.1334E-04      9.91  3.5251E-05   -169.11
   35.00    205.00     -0.32   -11.20     0.02      0.0143    -15.93 RIGHT   1.1193E-04      7.78  3.1986E-05   -169.12
   40.00    205.00     -0.81   -12.58    -0.53      0.0196    -14.42 RIGHT   1.0581E-04      5.40  2.7293E-05   -169.95
   45.00    205.00     -1.71   -14.63    -1.49      0.0189    -12.68 RIGHT   9.5458E-05      3.35  2.1554E-05   -171.62
   50.00    205.00     -3.05   -17.61    -2.90      0.0102    -10.58 RIGHT   8.1756E-05      2.38  1.5291E-05   -174.37
   55.00    205.00     -4.90   -22.11    -4.82      0.0073     -7.84 LEFT    6.6096E-05      3.75  9.1125E-06   -179.35
   60.00    205.00     -7.24   -29.93    -7.22      0.0289     -3.86 LEFT    5.0488E-05      9.50  3.7022E-06   -193.82
   65.00    205.00     -9.77   -37.09    -9.76      0.0264      1.95 LEFT    3.7736E-05     22.62  1.6250E-06     60.43
   70.00    205.00    -11.56   -29.28   -11.49      0.0454      6.95 RIGHT   3.0704E-05     43.35  3.9919E-06     22.61
   75.00    205.00    -12.13   -27.23   -12.00      0.1279      6.87 RIGHT   2.8754E-05     63.15  5.0527E-06     15.57
   80.00    205.00    -12.83   -28.21   -12.71      0.1498      4.64 RIGHT   2.6515E-05     74.96  4.5162E-06     12.69
   85.00    205.00    -15.98   -32.80   -15.89      0.1335      3.10 RIGHT   1.8462E-05     79.77  2.6605E-06     11.43
   90.00    205.00   -999.99  -999.99  -999.99      0.0000      0.00         1.4942E-15   -100.58  1.6652E-16   -168.79
    0.00    210.00     -6.53   -11.31    -5.29      0.0000    -30.00 LINEAR  5.4750E-05    -15.13  3.1610E-05   -195.13
    5.00    210.00     -5.21   -10.36    -4.06      0.0318    -28.90 LEFT    6.3738E-05     -2.69  3.5233E-05   -186.99
   10.00    210.00     -3.75    -9.53    -2.73      0.0424    -27.14 LEFT    7.5417E-05      5.33  3.8775E-05   -180.64
   15.00    210.00     -2.46    -8.90    -1.57      0.0383    -25.40 LEFT    8.7547E-05      9.62  4.1695E-05   -176.02
   20.00    210.00     -1.46    -8.54    -0.68      0.0269    -23.83 LEFT    9.8239E-05     11.23  4.3473E-05   -172.93
   25.00    210.00     -0.79    -8.49    -0.11      0.0132    -22.38 LEFT    1.0608E-04     10.99  4.3695E-05   -171.15
   30.00    210.00     -0.47    -8.81     0.13      0.0000    -20.94 RIGHT   1.1009E-04      9.49  4.2122E-05   -170.50
   35.00    210.00     -0.49    -9.54     0.02      0.0105    -19.43 RIGHT   1.0975E-04      7.21  3.8722E-05   -170.88
   40.00    210.00     -0.88   -10.75    -0.46      0.0160    -17.78 RIGHT   1.0492E-04      4.60  3.3688E-05   -172.24
   45.00    210.00     -1.67   -12.54    -1.33      0.0145    -15.94 RIGHT   9.5875E-05      2.15  2.7418E-05   -174.71
   50.00    210.00     -2.89   -15.07    -2.63      0.0032    -13.82 RIGHT   8.3293E-05      0.47  2.0489E-05   -178.73
   55.00    210.00     -4.61   -18.63    -4.45      0.0206    -11.20 LEFT    6.8298E-05      0.53  1.3599E-05   -185.65
   60.00    210.00     -6.89   -23.72    -6.80      0.0581     -7.52 LEFT    5.2531E-05      3.90  7.5742E-06   -200.29
   65.00    210.00     -9.64   -29.78    -9.60      0.0948     -1.52 LEFT    3.8277E-05     13.27  3.7677E-06   -241.26
   70.00    210.00    -12.26   -29.54   -12.18      0.0669      6.80 LEFT    2.8322E-05     31.28  3.8740E-06     61.01
   75.00    210.00    -13.75   -27.74   -13.58      0.0497     10.95 RIGHT   2.3866E-05     53.64  4.7666E-06     38.69
   80.00    210.00    -14.75   -28.52   -14.58      0.1266      9.16 RIGHT   2.1251E-05     69.70  4.3565E-06     30.40
   85.00    210.00    -17.90   -32.99   -17.77      0.1330      6.57 RIGHT   1.4798E-05     76.97  2.6033E-06     26.98
   90.00    210.00   -999.99  -999.99  -999.99      0.0000      0.00         1.2007E-15   -102.65  1.6369E-16   -153.84
    0.00    215.00     -7.02   -10.11    -5.29      0.0000    -35.00 LINEAR  5.1787E-05    -15.13  3.6262E-05   -195.13
    5.00    215.00     -5.73    -9.22    -4.12      0.0372    -33.77 LEFT    6.0065E-05     -2.80  4.0209E-05   -187.40
   10.00    215.00     -4.27    -8.41    -2.86      0.0510    -31.77 LEFT    7.1035E-05      5.18  4.4119E-05   -181.34
   15.00    215.00     -2.96    -7.78    -1.72      0.0480    -29.77 LEFT    8.2655E-05      9.43  4.7431E-05   -176.94
   20.00    215.00     -1.91    -7.39    -0.83      0.0365    -27.97 LEFT    9.3190E-05     11.00  4.9590E-05   -174.04
   25.00    215.00     -1.19    -7.30    -0.24      0.0219    -26.31 LEFT    1.0131E-04     10.69  5.0143E-05   -172.47
   30.00    215.00     -0.79    -7.53     0.04      0.0078    -24.71 LEFT    1.0606E-04      9.10  4.8809E-05   -172.08
   35.00    215.00     -0.73    -8.14    -0.00      0.0033    -23.08 RIGHT   1.0683E-04      6.68  4.5521E-05   -172.80
   40.00    215.00     -1.01    -9.16    -0.40      0.0091    -21.36 RIGHT   1.0337E-04      3.84  4.0447E-05   -174.63
   45.00    215.00     -1.68   -10.68    -1.16      0.0070    -19.53 RIGHT   9.5787E-05      0.98  3.3984E-05   -177.74
   50.00    215.00     -2.76   -12.76    -2.35      0.0059    -17.54 LEFT    8.4535E-05     -1.39  2.6731E-05   -182.57
   55.00    215.00     -4.34   -15.53    -4.02      0.0337    -15.30 LEFT    7.0493E-05     -2.61  1.9435E-05   -190.16
   60.00    215.00     -6.50   -19.05    -6.26      0.0819    -12.47 LEFT    5.4979E-05     -1.58  1.2959E-05   -202.94
   65.00    215.00     -9.30   -22.97    -9.12      0.1540     -7.92 LEFT    3.9805E-05      3.63  8.2566E-06   -225.51
   70.00    215.00    -12.59   -25.69   -12.38      0.2206      1.06 LEFT    2.7270E-05     16.21  6.0357E-06    101.65
   75.00    215.00    -15.50   -26.66   -15.18      0.1561     12.87 LEFT    1.9510E-05     37.75  5.3934E-06     74.14
   80.00    215.00    -17.43   -28.26   -17.08      0.0011     16.04 RIGHT   1.5619E-05     59.40  4.4900E-06     59.16
   85.00    215.00    -20.74   -32.94   -20.49      0.0754     13.15 RIGHT   1.0668E-05     71.21  2.6180E-06     52.32
   90.00    215.00   -999.99  -999.99  -999.99      0.0000      0.00         8.6626E-16   -106.98  1.6381E-16   -129.52
    0.00    220.00     -7.60    -9.12    -5.29      0.0000    -40.00 LINEAR  4.8429E-05    -15.13  4.0637E-05   -195.13
    5.00    220.00     -6.35    -8.28    -4.20      0.0425    -38.66 LEFT    5.5946E-05     -2.89  4.4794E-05   -187.87
   10.00    220.00     -4.89    -7.50    -2.99      0.0602    -36.46 LEFT    6.6133E-05      5.07  4.8976E-05   -182.14
   15.00    220.00     -3.55    -6.88    -1.90      0.0592    -34.22 LEFT    7.7157E-05      9.30  5.2624E-05   -177.98
   20.00    220.00     -2.47    -6.47    -1.01      0.0483    -32.19 LEFT    8.7443E-05     10.83  5.5170E-05   -175.29
   25.00    220.00     -1.68    -6.32    -0.40      0.0336    -30.35 LEFT    9.5757E-05     10.47  5.6139E-05   -173.94
   30.00    220.00     -1.20    -6.46    -0.07      0.0190    -28.61 LEFT    1.0117E-04      8.79  5.5214E-05   -173.80
   35.00    220.00     -1.04    -6.93    -0.05      0.0075    -26.90 LEFT    1.0304E-04      6.24  5.2289E-05   -174.83
   40.00    220.00     -1.22    -7.77    -0.35      0.0015    -25.19 LEFT    1.0098E-04      3.18  4.7495E-05   -177.04
   45.00    220.00     -1.75    -9.00    -1.00      0.0035    -23.46 LEFT    9.4940E-05     -0.05  4.1202E-05   -180.60
   50.00    220.00     -2.69   -10.67    -2.05      0.0164    -21.74 LEFT    8.5190E-05     -3.10  3.3992E-05   -185.82
   55.00    220.00     -4.11   -12.80    -3.56      0.0443    -20.05 LEFT    7.2383E-05     -5.50  2.6605E-05   -193.35
   60.00    220.00     -6.10   -15.35    -5.61      0.0936    -18.36 LEFT    5.7580E-05     -6.63  1.9847E-05   -204.15
   65.00    220.00     -8.79   -18.11    -8.31      0.1755    -16.37 LEFT    4.2238E-05     -5.42  1.4437E-05   -219.22
   70.00    220.00    -12.31   -20.72   -11.73      0.3085    -12.59 LEFT    2.8151E-05      0.16  1.0696E-05   -237.87
   75.00    220.00    -16.57   -23.05   -15.68      0.4742     -0.13 LEFT    1.7251E-05     13.69  8.1811E-06   -256.10
   80.00    220.00    -20.72   -25.86   -19.56      0.3967     21.55 LEFT    1.0695E-05     36.37  5.9151E-06     90.40
   85.00    220.00    -25.14   -31.17   -24.17      0.1859     24.95 LEFT    6.4295E-06     56.07  3.2094E-06     82.79
   90.00    220.00   -999.99  -999.99  -999.99      0.0000      0.00         5.1187E-16   -118.76  1.9665E-16    -99.47
    0.00    225.00     -8.30    -8.30    -5.29      0.0000    -45.00 LINEAR  4.4703E-05    -15.13  4.4703E-05   -195.13
    5.00    225.00     -7.08    -7.51    -4.28      0.0477    -43.58 LEFT    5.1427E-05     -2.92  4.8950E-05   -188.39
   10.00    225.00     -5.63    -6.77    -3.15      0.0700    -41.21 LEFT    6.0776E-05      5.04  5.3297E-05   -183.03
   15.00    225.00     -4.26    -6.15    -2.10      0.0720    -38.75 LEFT    7.1121E-05      9.28  5.7211E-05   -179.15
   20.00    225.00     -3.13    -5.72    -1.22      0.0626    -36.50 LEFT    8.1053E-05     10.79  6.0134E-05   -176.69
   25.00    225.00     -2.27    -5.51    -0.59      0.0485    -34.50 LEFT    8.9447E-05     10.39  6.1583E-05   -175.55
   30.00    225.00     -1.71    -5.56    -0.21      0.0340    -32.65 LEFT    9.5412E-05      8.65  6.1218E-05   -175.64
   35.00    225.00     -1.45    -5.90    -0.12      0.0224    -30.92 LEFT    9.8268E-05      5.98  5.8893E-05   -176.93
   40.00    225.00     -1.52    -6.54    -0.33      0.0159    -29.27 LEFT    9.7559E-05      2.71  5.4692E-05   -179.42
   45.00    225.00     -1.92    -7.51    -0.87      0.0168    -27.72 LEFT    9.3083E-05     -0.88  4.8929E-05   -183.22
   50.00    225.00     -2.72    -8.81    -1.76      0.0277    -26.35 LEFT    8.4948E-05     -4.54  4.2129E-05   -188.52
   55.00    225.00     -3.96   -10.43    -3.08      0.0512    -25.28 LEFT    7.3624E-05     -8.03  3.4957E-05   -195.59
   60.00    225.00     -5.74   -12.33    -4.88      0.0913    -24.71 LEFT    5.9974E-05    -11.05  2.8106E-05   -204.68
   65.00    225.00     -8.19   -14.41    -7.26      0.1541    -24.95 LEFT    4.5232E-05    -13.27  2.2114E-05   -215.69
   70.00    225.00    -11.50   -16.61   -10.34      0.2500    -26.59 LEFT    3.0903E-05    -14.13  1.7158E-05   -227.79
   75.00    225.00    -15.94   -19.06   -14.21      0.3948    -30.93 LEFT    1.8545E-05    -12.59  1.2950E-05   -239.28
   80.00    225.00    -21.82   -22.28   -19.04      0.5945    -41.82 LEFT    9.4178E-06     -6.74  8.9322E-06   -248.35
   85.00    225.00    -29.64   -27.94   -25.70      0.7523    -67.06 LEFT    3.8290E-06      4.38  4.6551E-06   -253.92
   90.00    225.00   -999.99  -999.99  -999.99      0.0000      0.00         2.4951E-16   -169.51  2.8105E-16    -75.65
    0.00    230.00     -9.12    -7.60    -5.29      0.0000    -50.00 LINEAR  4.0637E-05    -15.13  4.8429E-05   -195.13
    5.00    230.00     -7.94    -6.88    -4.37      0.0529    -48.53 LEFT    4.6559E-05     -2.87  5.2642E-05   -188.97
   10.00    230.00     -6.49    -6.18    -3.32      0.0803    -46.04 LEFT    5.5035E-05      5.16  5.7042E-05   -184.03
   15.00    230.00     -5.09    -5.58    -2.32      0.0864    -43.39 LEFT    6.4630E-05      9.44  6.1138E-05   -180.45
   20.00    230.00     -3.91    -5.12    -1.46      0.0796    -40.95 LEFT    7.4098E-05     10.97  6.4405E-05   -178.23
   25.00    230.00     -2.98    -4.86    -0.81      0.0669    -38.79 LEFT    8.2426E-05     10.55  6.6371E-05   -177.29
   30.00    230.00     -2.34    -4.82    -0.39      0.0532    -36.86 LEFT    8.8778E-05      8.75  6.6683E-05   -177.59
   35.00    230.00     -1.98    -5.02    -0.23      0.0415    -35.14 LEFT    9.2466E-05      5.99  6.5161E-05   -179.06
   40.00    230.00     -1.93    -5.48    -0.34      0.0342    -33.60 LEFT    9.2976E-05      2.53  6.1830E-05   -181.72
   45.00    230.00     -2.22    -6.20    -0.76      0.0331    -32.28 LEFT    9.0001E-05     -1.40  5.6926E-05   -185.59
   50.00    230.00     -2.87    -7.17    -1.50      0.0395    -31.30 LEFT    8.3521E-05     -5.64  5.0873E-05   -190.73
   55.00    230.00     -3.93    -8.39    -2.60      0.0544    -30.81 LEFT    7.3864E-05    -10.10  4.4209E-05   -197.17
   60.00    230.00     -5.49    -9.83    -4.13      0.0778    -31.06 LEFT    6.1751E-05    -14.75  3.7466E-05   -204.80
   65.00    230.00     -7.63   -11.47    -6.13      0.1079    -32.41 LEFT    4.8283E-05    -19.70  3.1024E-05   -213.27
   70.00    230.00    -10.46   -13.35    -8.66      0.1383    -35.27 LEFT    3.4831E-05    -25.22  2.4978E-05   -221.87
   75.00    230.00    -14.14   -15.66   -11.83      0.1545    -39.75 LEFT    2.2811E-05    -31.82  1.9137E-05   -229.66
   80.00    230.00    -18.83   -18.91   -15.86      0.1377    -44.72 LEFT    1.3292E-05    -40.07  1.3166E-05   -235.75
   85.00    230.00    -25.25   -24.64   -21.93      0.0898    -47.04 LEFT    6.3458E-06    -49.23  6.8063E-06   -239.52
   90.00    230.00   -999.99  -999.99  -999.99      0.0000      0.00         4.4343E-16   -235.19  4.0935E-16    -60.65
    0.00    235.00    -10.11    -7.02    -5.29      0.0000    -55.00 LINEAR  3.6262E-05    -15.13  5.1787E-05   -195.13
    5.00    235.00     -8.96    -6.36    -4.46      0.0579    -53.51 LEFT    4.1398E-05     -2.67  5.5844E-05   -189.60
   10.00    235.00     -7.50    -5.71    -3.51      0.0912    -50.95 LEFT    4.8991E-05      5.52  6.0179E-05   -185.12
   15.00    235.00     -6.07    -5.13    -2.56      0.1025    -48.15 LEFT    5.7781E-05      9.90  6.4362E-05   -181.87
   20.00    235.00     -4.82    -4.66    -1.73      0.0995    -45.54 LEFT    6.6678E-05     11.47  6.7916E-05   -179.90
   25.00    235.00     -3.83    -4.35    -1.07      0.0892    -43.24 LEFT    7.4781E-05     11.06  7.0399E-05   -179.16
   30.00    235.00     -3.10    -4.22    -0.61      0.0767    -41.26 LEFT    8.1321E-05      9.24  7.1460E-05   -179.61
   35.00    235.00     -2.65    -4.29    -0.38      0.0652    -39.57 LEFT    8.5629E-05      6.39  7.0888E-05   -181.21
   40.00    235.00     -2.50    -4.57    -0.40      0.0567    -38.18 LEFT    8.7159E-05      2.76  6.8645E-05   -183.91
   45.00    235.00     -2.66    -5.06    -0.69      0.0523    -37.13 LEFT    8.5545E-05     -1.49  6.4869E-05   -187.71
   50.00    235.00     -3.17    -5.76    -1.26      0.0522    -36.52 LEFT    8.0678E-05     -6.28  5.9845E-05   -192.53
   55.00    235.00     -4.06    -6.66    -2.16      0.0554    -36.49 LEFT    7.2790E-05    -11.63  5.3942E-05   -198.26
   60.00    235.00     -5.38    -7.77    -3.40      0.0587    -37.18 LEFT    6.2507E-05    -17.69  4.7508E-05   -204.66
   65.00    235.00     -7.18    -9.10    -5.02      0.0565    -38.68 LEFT    5.0836E-05    -24.73  4.0761E-05   -211.36
   70.00    235.00     -9.47   -10.74    -7.05      0.0399    -40.82 LEFT    3.9031E-05    -33.18  3.3729E-05   -217.80
   75.00    235.00    -12.27   -12.91    -9.57      0.0007    -42.89 LEFT    2.8284E-05    -43.35  2.6273E-05   -223.43
   80.00    235.00    -15.66   -16.10   -12.87      0.0603    -43.56 RIGHT   1.9138E-05    -54.64  1.8207E-05   -227.73
   85.00    235.00    -20.69   -21.81   -18.21      0.1243    -41.20 RIGHT   1.0728E-05    -64.64  9.4304E-06   -230.35
   90.00    235.00   -999.99  -999.99  -999.99      0.0000      0.00         8.0640E-16   -250.22  5.6733E-16    -51.09
    0.00    240.00    -11.31    -6.53    -5.29      0.0000    -60.00 LINEAR  3.1610E-05    -15.13  5.4750E-05   -195.13
    5.00    240.00    -10.18    -5.95    -4.56      0.0627    -58.52 LEFT    3.6003E-05     -2.23  5.8534E-05   -190.28
   10.00    240.00     -8.69    -5.36    -3.70      0.1024    -55.96 LEFT    4.2732E-05      6.27  6.2688E-05   -186.30
   15.00    240.00     -7.20    -4.80    -2.83      0.1201    -53.06 LEFT    5.0688E-05     10.82  6.6851E-05   -183.42
   20.00    240.00     -5.90    -4.32    -2.03      0.1223    -50.32 LEFT    5.8919E-05     12.48  7.0612E-05   -181.70
   25.00    240.00     -4.83    -3.97    -1.37      0.1155    -47.91 LEFT    6.6639E-05     12.11  7.3572E-05   -181.14
   30.00    240.00     -4.02    -3.76    -0.87      0.1049    -45.88 LEFT    7.3152E-05     10.28  7.5396E-05   -181.70
   35.00    240.00     -3.48    -3.70    -0.58      0.0936    -44.25 LEFT    7.7830E-05      7.36  7.5851E-05   -183.34
   40.00    240.00     -3.23    -3.82    -0.50      0.0834    -43.01 LEFT    8.0130E-05      3.56  7.4833E-05   -186.00
   45.00    240.00     -3.28    -4.11    -0.66      0.0746    -42.22 LEFT    7.9665E-05     -1.00  7.2364E-05   -189.58
   50.00    240.00     -3.65    -4.58    -1.08      0.0664    -41.93 LEFT    7.6286E-05     -6.33  6.8573E-05   -193.97
   55.00    240.00     -4.38    -5.23    -1.77      0.0560    -42.18 LEFT    7.0176E-05    -12.53  6.3631E-05   -198.98
   60.00    240.00     -5.47    -6.08    -2.75      0.0394    -42.97 LEFT    6.1903E-05    -19.81  5.7684E-05   -204.33
   65.00    240.00     -6.92    -7.19    -4.04      0.0109    -44.11 LEFT    5.2387E-05    -28.45  5.0787E-05   -209.69
   70.00    240.00     -8.69    -8.66    -5.66      0.0346    -45.13 RIGHT   4.2699E-05    -38.63  4.2888E-05   -214.67
   75.00    240.00    -10.77   -10.70    -7.73      0.0969    -45.23 RIGHT   3.3611E-05    -49.97  3.3874E-05   -218.89
   80.00    240.00    -13.36   -13.82   -10.57      0.1670    -43.41 RIGHT   2.4945E-05    -61.05  2.3666E-05   -222.05
   85.00    240.00    -17.77   -19.50   -15.54      0.2242    -38.74 RIGHT   1.5010E-05    -69.74  1.2306E-05   -223.94
   90.00    240.00   -999.99  -999.99  -999.99      0.0000      0.00         1.1574E-15   -254.56  7.4120E-16    -44.41
    0.00    245.00    -12.77    -6.14    -5.29      0.0000    -65.00 LINEAR  2.6718E-05    -15.13  5.7297E-05   -195.13
    5.00    245.00    -11.63    -5.64    -4.66      0.0672    -63.56 LEFT    3.0437E-05     -1.39  6.0698E-05   -191.00
   10.00    245.00    -10.09    -5.10    -3.91      0.1137    -61.07 LEFT    3.6360E-05      7.64  6.4557E-05   -187.58
   15.00    245.00     -8.54    -4.58    -3.11      0.1391    -58.16 LEFT    4.3487E-05     12.47  6.8587E-05   -185.08
   20.00    245.00     -7.15    -4.10    -2.35      0.1478    -55.32 LEFT    5.0988E-05     14.28  7.2452E-05   -183.63
   25.00    245.00     -6.01    -3.71    -1.70      0.1459    -52.83 LEFT    5.8183E-05     13.98  7.5809E-05   -183.23
   30.00    245.00     -5.12    -3.42    -1.18      0.1379    -50.77 LEFT    6.4458E-05     12.16  7.8350E-05   -183.86
   35.00    245.00     -4.49    -3.26    -0.82      0.1271    -49.20 LEFT    6.9241E-05      9.17  7.9826E-05   -185.47
   40.00    245.00     -4.15    -3.23    -0.66      0.1147    -48.11 LEFT    7.2024E-05      5.19  8.0069E-05   -187.97
   45.00    245.00     -4.10    -3.35    -0.70      0.1005    -47.53 LEFT    7.2439E-05      0.28  7.8984E-05   -191.24
   50.00    245.00     -4.36    -3.63    -0.97      0.0829    -47.44 LEFT    7.0345E-05     -5.61  7.6528E-05   -195.12
   55.00    245.00     -4.92    -4.08    -1.47      0.0587    -47.81 LEFT    6.5923E-05    -12.66  7.2670E-05   -199.41
   60.00    245.00     -5.78    -4.74    -2.22      0.0242    -48.44 LEFT    5.9717E-05    -21.05  6.7349E-05   -203.84
   65.00    245.00     -6.89    -5.67    -3.23      0.0243    -49.01 RIGHT   5.2548E-05    -30.95  6.0453E-05   -208.14
   70.00    245.00     -8.20    -7.01    -4.55      0.0873    -48.96 RIGHT   4.5215E-05    -42.10  5.1839E-05   -212.03
   75.00    245.00     -9.72    -8.96    -6.31      0.1606    -47.62 RIGHT   3.7950E-05    -53.57  4.1398E-05   -215.25
   80.00    245.00    -11.80   -12.02    -8.90      0.2323    -44.20 RIGHT   2.9862E-05    -63.78  2.9126E-05   -217.62
   85.00    245.00    -15.88   -17.66   -13.67      0.2826    -38.14 RIGHT   1.8660E-05    -71.31  1.5203E-05   -219.00
   90.00    245.00   -999.99  -999.99  -999.99      0.0000      0.00         1.4568E-15   -255.59  9.1666E-16    -39.31
    0.00    250.00    -14.60    -5.83    -5.29      0.0000    -70.00 LINEAR  2.1623E-05    -15.13  5.9408E-05   -195.13
    5.00    250.00    -13.42    -5.41    -4.77      0.0713    -68.64 LEFT    2.4772E-05      0.17  6.2329E-05   -191.76
   10.00    250.00    -11.76    -4.94    -4.12      0.1249    -66.29 LEFT    2.9993E-05     10.09  6.5786E-05   -188.93
   15.00    250.00    -10.09    -4.45    -3.41      0.1590    -63.46 LEFT    3.6346E-05     15.33  6.9568E-05   -186.87
   20.00    250.00     -8.61    -3.99    -2.70      0.1759    -60.62 LEFT    4.3099E-05     17.32  7.3417E-05   -185.68
   25.00    250.00     -7.38    -3.57    -2.06      0.1801    -58.07 LEFT    4.9666E-05     17.10  7.7052E-05   -185.42
   30.00    250.00     -6.41    -3.22    -1.52      0.1758    -56.00 LEFT    5.5518E-05     15.29  8.0200E-05   -186.08
   35.00    250.00     -5.72    -2.96    -1.11      0.1656    -54.46 LEFT    6.0151E-05     12.22  8.2606E-05   -187.58
   40.00    250.00     -5.30    -2.81    -0.87      0.1507    -53.48 LEFT    6.3120E-05      8.03  8.4042E-05   -189.83
   45.00    250.00     -5.16    -2.79    -0.80      0.1304    -53.02 LEFT    6.4108E-05      2.72  8.4300E-05   -192.71
   50.00    250.00     -5.31    -2.90    -0.93      0.1030    -53.02 LEFT    6.3028E-05     -3.81  8.3172E-05   -196.03
   55.00    250.00     -5.72    -3.19    -1.27      0.0657    -53.30 LEFT    6.0106E-05    -11.77  8.0430E-05   -199.60
   60.00    250.00     -6.36    -3.71    -1.82      0.0161    -53.61 LEFT    5.5891E-05    -21.27  7.5815E-05   -203.20
   65.00    250.00     -7.13    -4.52    -2.62      0.0468    -53.54 RIGHT   5.1093E-05    -32.22  6.9055E-05   -206.61
   70.00    250.00     -8.02    -5.75    -3.73      0.1211    -52.61 RIGHT   4.6170E-05    -43.92  5.9912E-05   -209.63
   75.00    250.00     -9.09    -7.63    -5.29      0.2003    -50.21 RIGHT   4.0773E-05    -55.09  4.8257E-05   -212.09
   80.00    250.00    -10.82   -10.64    -7.72      0.2726    -45.72 RIGHT   3.3412E-05    -64.37  3.4147E-05   -213.87
   85.00    250.00    -14.70   -16.25   -12.40      0.3196    -38.73 RIGHT   2.1383E-05    -70.98  1.7881E-05   -214.87
   90.00    250.00   -999.99  -999.99  -999.99      0.0000      0.00         1.6820E-15   -254.89  1.0792E-15    -35.04
    0.00    255.00    -17.03    -5.59    -5.29      0.0000    -75.00 LINEAR  1.6363E-05    -15.13  6.1066E-05   -195.13
    5.00    255.00    -15.68    -5.26    -4.88      0.0750    -73.74 LEFT    1.9093E-05      3.12  6.3425E-05   -192.56
   10.00    255.00    -13.77    -4.86    -4.34      0.1357    -71.63 LEFT    2.3792E-05     14.44  6.6386E-05   -190.38
   15.00    255.00    -11.91    -4.42    -3.71      0.1792    -69.00 LEFT    2.9498E-05     20.20  6.9808E-05   -188.77
   20.00    255.00    -10.29    -3.98    -3.06      0.2057    -66.26 LEFT    3.5548E-05     22.37  7.3508E-05   -187.87
   25.00    255.00     -8.95    -3.54    -2.44      0.2177    -63.73 LEFT    4.1444E-05     22.20  7.7270E-05   -187.73
   30.00    255.00     -7.91    -3.15    -1.90      0.2181    -61.65 LEFT    4.6738E-05     20.36  8.0859E-05   -188.36
   35.00    255.00     -7.15    -2.81    -1.45      0.2090    -60.12 LEFT    5.1005E-05     17.16  8.4022E-05   -189.68
   40.00    255.00     -6.67    -2.56    -1.14      0.1915    -59.16 LEFT    5.3872E-05     12.69  8.6481E-05   -191.61
   45.00    255.00     -6.48    -2.42    -0.98      0.1649    -58.70 LEFT    5.5105E-05      6.88  8.7927E-05   -194.01
   50.00    255.00     -6.54    -2.41    -0.99      0.1279    -58.60 LEFT    5.4709E-05     -0.44  8.8005E-05   -196.73
   55.00    255.00     -6.82    -2.58    -1.19      0.0790    -58.63 LEFT    5.3000E-05     -9.46  8.6315E-05   -199.59
   60.00    255.00     -7.22    -2.98    -1.59      0.0174    -58.48 LEFT    5.0566E-05    -20.18  8.2423E-05   -202.41
   65.00    255.00     -7.68    -3.70    -2.24      0.0558    -57.78 RIGHT   4.7999E-05    -32.11  7.5911E-05   -205.04
   70.00    255.00     -8.17    -4.85    -3.19      0.1372    -56.10 RIGHT   4.5378E-05    -44.14  6.6447E-05   -207.32
   75.00    255.00     -8.88    -6.67    -4.63      0.2202    -52.94 RIGHT   4.1806E-05    -54.86  5.3876E-05   -209.16
   80.00    255.00    -10.34    -9.64    -6.97      0.2936    -47.74 RIGHT   3.5329E-05    -63.30  3.8295E-05   -210.45
   85.00    255.00    -14.07   -15.24   -11.60      0.3405    -40.14 RIGHT   2.3003E-05    -69.17  2.0104E-05   -211.15
   90.00    255.00   -999.99  -999.99  -999.99      0.0000      0.00         1.8192E-15   -252.80  1.2145E-15    -31.23
    0.00    260.00    -20.49    -5.42    -5.29      0.0000    -80.00 LINEAR  1.0978E-05    -15.13  6.2260E-05   -195.13
    5.00    260.00    -18.67    -5.18    -4.99      0.0782    -78.88 LEFT    1.3540E-05      9.18  6.3991E-05   -193.39
   10.00    260.00    -16.19    -4.86    -4.55      0.1457    -77.09 LEFT    1.8021E-05     22.46  6.6378E-05   -191.89
   15.00    260.00    -13.95    -4.48    -4.02      0.1989    -74.81 LEFT    2.3301E-05     28.53  6.9336E-05   -190.79
   20.00    260.00    -12.12    -4.07    -3.43      0.2361    -72.32 LEFT    2.8775E-05     30.65  7.2750E-05   -190.19
   25.00    260.00    -10.66    -3.63    -2.85      0.2574    -69.92 LEFT    3.4036E-05     30.37  7.6465E-05   -190.16
   30.00    260.00     -9.54    -3.21    -2.30      0.2639    -67.86 LEFT    3.8715E-05     28.39  8.0285E-05   -190.71
   35.00    260.00     -8.74    -2.82    -1.83      0.2569    -66.28 LEFT    4.2456E-05     24.97  8.3962E-05   -191.78
   40.00    260.00     -8.24    -2.49    -1.47      0.2370    -65.22 LEFT    4.4968E-05     20.12  8.7184E-05   -193.31
   45.00    260.00     -8.03    -2.26    -1.24      0.2045    -64.59 LEFT    4.6110E-05     13.66  8.9561E-05   -195.17
   50.00    260.00     -8.05    -2.16    -1.16      0.1590    -64.18 LEFT    4.6010E-05      5.35  9.0624E-05   -197.24
   55.00    260.00     -8.21    -2.23    -1.26      0.1004    -63.77 LEFT    4.5120E-05     -5.03  8.9832E-05   -199.38
   60.00    260.00     -8.41    -2.55    -1.55      0.0299    -63.05 LEFT    4.4114E-05    -17.23  8.6614E-05   -201.46
   65.00    260.00     -8.54    -3.19    -2.08      0.0504    -61.70 RIGHT   4.3475E-05    -30.26  8.0430E-05   -203.36
   70.00    260.00     -8.65    -4.29    -2.94      0.1363    -59.38 RIGHT   4.2905E-05    -42.57  7.0871E-05   -204.99
   75.00    260.00     -9.04    -6.07    -4.30      0.2216    -55.65 RIGHT   4.1026E-05    -52.85  5.7750E-05   -206.27
   80.00    260.00    -10.28    -9.01    -6.59      0.2962    -50.01 RIGHT   3.5565E-05    -60.55  4.1190E-05   -207.16
   85.00    260.00    -13.89   -14.59   -11.21      0.3452    -42.08 RIGHT   2.3480E-05    -65.84  2.1668E-05   -207.60
   90.00    260.00   -999.99  -999.99  -999.99      0.0000      0.00         1.8649E-15   -249.26  1.3097E-15    -27.59
    0.00    265.00    -26.48    -5.32    -5.29      0.0000    -85.00 LINEAR  5.5100E-06    -15.13  6.2980E-05   -195.13
    5.00    265.00    -22.76    -5.17    -5.10      0.0808    -84.03 LEFT    8.4580E-06     23.93  6.4038E-05   -194.25
   10.00    265.00    -18.87    -4.94    -4.77      0.1544    -82.66 LEFT    1.3227E-05     37.80  6.5789E-05   -193.48
   15.00    265.00    -16.02    -4.63    -4.32      0.2169    -80.90 LEFT    1.8380E-05     42.62  6.8195E-05   -192.92
   20.00    265.00    -13.89    -4.25    -3.81      0.2652    -78.87 LEFT    2.3474E-05     43.78  7.1192E-05   -192.65
   25.00    265.00    -12.29    -3.84    -3.26      0.2970    -76.77 LEFT    2.8215E-05     42.91  7.4676E-05   -192.72
   30.00    265.00    -11.12    -3.41    -2.73      0.3112    -74.80 LEFT    3.2305E-05     40.56  7.8486E-05   -193.15
   35.00    265.00    -10.31    -2.99    -2.25      0.3077    -73.12 LEFT    3.5445E-05     36.82  8.2386E-05   -193.91
   40.00    265.00     -9.84    -2.61    -1.86      0.2870    -71.79 LEFT    3.7402E-05     31.54  8.6044E-05   -194.96
   45.00    265.00     -9.68    -2.31    -1.58      0.2500    -70.73 LEFT    3.8123E-05     24.35  8.9021E-05   -196.21
   50.00    265.00     -9.74    -2.14    -1.45      0.1978    -69.77 LEFT    3.7868E-05     14.81  9.0767E-05   -197.58
   55.00    265.00     -9.87    -2.15    -1.48      0.1321    -68.69 LEFT    3.7276E-05      2.68  9.0650E-05   -198.98
   60.00    265.00     -9.90    -2.41    -1.70      0.0552    -67.27 LEFT    3.7178E-05    -11.48  8.8001E-05   -200.31
   65.00    265.00     -9.71    -3.00    -2.16      0.0296    -65.23 RIGHT   3.8001E-05    -25.97  8.2199E-05   -201.51
   70.00    265.00     -9.46    -4.06    -2.96      0.1180    -62.29 RIGHT   3.9098E-05    -38.74  7.2776E-05   -202.53
   75.00    265.00     -9.55    -5.81    -4.28      0.2041    -58.09 RIGHT   3.8692E-05    -48.69  5.9517E-05   -203.30
   80.00    265.00    -10.59    -8.72    -6.55      0.2793    -52.18 RIGHT   3.4311E-05    -55.82  4.2557E-05   -203.80
   85.00    265.00    -14.09   -14.29   -11.18      0.3309    -44.20 RIGHT   2.2930E-05    -60.65  2.2420E-05   -204.02
   90.00    265.00   -999.99  -999.99  -999.99      0.0000      0.00         1.8281E-15   -243.90  1.3559E-15    -23.93
    0.00    270.00   -999.99    -5.29    -5.29      0.0000     90.00 LINEAR  9.6792E-16   -195.13  6.3220E-05   -195.13
    5.00    270.00    -26.77    -5.24    -5.21      0.0826    -89.21 LEFT    5.3258E-06     65.46  6.3580E-05   -195.13
   10.00    270.00    -20.80    -5.09    -4.97      0.1613    -88.32 LEFT    1.0598E-05     64.85  6.4658E-05   -195.13
   15.00    270.00    -17.37    -4.85    -4.62      0.2319    -87.25 LEFT    1.5733E-05     63.79  6.6443E-05   -195.16
   20.00    270.00    -15.03    -4.54    -4.17      0.2903    -85.95 LEFT    2.0588E-05     62.22  6.8906E-05   -195.24
   25.00    270.00    -13.36    -4.16    -3.67      0.3328    -84.40 LEFT    2.4955E-05     60.04  7.1978E-05   -195.41
   30.00    270.00    -12.19    -3.74    -3.16      0.3561    -82.67 LEFT    2.8566E-05     57.08  7.5527E-05   -195.69
   35.00    270.00    -11.44    -3.31    -2.69      0.3587    -80.86 LEFT    3.1135E-05     53.06  7.9333E-05   -196.08
   40.00    270.00    -11.08    -2.91    -2.30      0.3402    -79.04 LEFT    3.2446E-05     47.55  8.3064E-05   -196.58
   45.00    270.00    -11.07    -2.59    -2.01      0.3020    -77.24 LEFT    3.2482E-05     39.90  8.6263E-05   -197.14
   50.00    270.00    -11.31    -2.38    -1.86      0.2462    -75.40 LEFT    3.1599E-05     29.31  8.8346E-05   -197.75
   55.00    270.00    -11.57    -2.35    -1.86      0.1761    -73.40 LEFT    3.0648E-05     15.22  8.8637E-05   -198.35
   60.00    270.00    -11.55    -2.57    -2.05      0.0952    -71.07 LEFT    3.0738E-05     -1.53  8.6420E-05   -198.92
   65.00    270.00    -11.10    -3.13    -2.49      0.0078    -68.23 LEFT    3.2373E-05    -18.13  8.1033E-05   -199.42
   70.00    270.00    -10.51    -4.16    -3.25      0.0816    -64.62 RIGHT   3.4626E-05    -31.80  7.1972E-05   -199.81
   75.00    270.00    -10.33    -5.88    -4.55      0.1673    -59.94 RIGHT   3.5384E-05    -41.74  5.9005E-05   -200.09
   80.00    270.00    -11.19    -8.78    -6.81      0.2416    -53.84 RIGHT   3.2041E-05    -48.53  4.2266E-05   -200.23
   85.00    270.00    -14.59   -14.34   -11.45      0.2946    -45.99 RIGHT   2.1655E-05    -53.06  2.2290E-05   -200.22
   90.00    270.00   -999.99  -999.99  -999.99      0.0000      0.00         1.7326E-15   -236.19  1.3486E-15    -20.06
    0.00    275.00    -26.48    -5.32    -5.29      0.0000     85.00 LINEAR  5.5100E-06   -195.13  6.2980E-05   -195.13
    5.00    275.00    -24.25    -5.37    -5.31      0.0837     85.60 LEFT    7.1236E-06   -243.80  6.2638E-05   -196.03
   10.00    275.00    -20.18    -5.31    -5.17      0.1660     85.93 LEFT    1.1381E-05     95.66  6.3027E-05   -196.84
   15.00    275.00    -17.15    -5.16    -4.89      0.2424     86.17 LEFT    1.6128E-05     87.03  6.4147E-05   -197.50
   20.00    275.00    -14.97    -4.91    -4.50      0.3083     86.50 LEFT    2.0735E-05     82.16  6.5982E-05   -197.98
   25.00    275.00    -13.39    -4.59    -4.05      0.3596     87.17 LEFT    2.4855E-05     78.54  6.8478E-05   -198.27
   30.00    275.00    -12.31    -4.21    -3.59      0.3927     88.39 LEFT    2.8159E-05     75.09  7.1525E-05   -198.37
   35.00    275.00    -11.67    -3.81    -3.15      0.4046    -89.74 LEFT    3.0319E-05     71.13  7.4922E-05   -198.34
   40.00    275.00    -11.45    -3.42    -2.79      0.3938    -87.27 LEFT    3.1080E-05     65.97  7.8360E-05   -198.19
   45.00    275.00    -11.65    -3.09    -2.52      0.3603    -84.36 LEFT    3.0390E-05     58.73  8.1397E-05   -197.98
   50.00    275.00    -12.17    -2.87    -2.39      0.3062    -81.20 LEFT    2.8606E-05     48.16  8.3463E-05   -197.74
   55.00    275.00    -12.77    -2.83    -2.41      0.2354    -77.88 LEFT    2.6700E-05     33.04  8.3888E-05   -197.48
   60.00    275.00    -12.96    -3.03    -2.61      0.1528    -74.35 LEFT    2.6134E-05     13.83  8.1959E-05   -197.22
   65.00    275.00    -12.44    -3.57    -3.04      0.0636    -70.47 LEFT    2.7751E-05     -5.50  7.7008E-05   -196.96
   70.00    275.00    -11.61    -4.59    -3.80      0.0262    -66.03 RIGHT   3.0519E-05    -20.76  6.8525E-05   -196.71
   75.00    275.00    -11.19    -6.30    -5.08      0.1107    -60.78 RIGHT   3.2024E-05    -31.20  5.6267E-05   -196.47
   80.00    275.00    -11.90    -9.19    -7.32      0.1828    -54.44 RIGHT   2.9525E-05    -38.01  4.0351E-05   -196.23
   85.00    275.00    -15.22   -14.74   -11.96      0.2346    -46.76 RIGHT   2.0152E-05    -42.44  2.1295E-05   -195.99
   90.00    275.00   -999.99  -999.99  -999.99      0.0000      0.00         1.6173E-15   -225.53  1.2886E-15    -15.75
    0.00    280.00    -20.49    -5.42    -5.29      0.0000     80.00 LINEAR  1.0978E-05   -195.13  6.2260E-05   -195.13
    5.00    280.00    -20.04    -5.56    -5.41      0.0840     80.40 LEFT    1.1564E-05   -224.16  6.1236E-05   -196.93
   10.00    280.00    -17.94    -5.60    -5.36      0.1682     80.14 LEFT    1.4731E-05   -244.34  6.0944E-05   -198.59
   15.00    280.00    -15.73    -5.54    -5.14      0.2471     79.44 LEFT    1.8983E-05   -255.54  6.1382E-05   -199.95
   20.00    280.00    -13.92    -5.38    -4.81      0.3161     78.61 LEFT    2.3387E-05     97.99  6.2525E-05   -200.87
   25.00    280.00    -12.55    -5.14    -4.41      0.3721     78.14 LEFT    2.7397E-05     93.68  6.4314E-05   -201.30
   30.00    280.00    -11.59    -4.83    -4.00      0.4131     78.50 LEFT    3.0581E-05     90.19  6.6645E-05   -201.22
   35.00    280.00    -11.05    -4.48    -3.62      0.4374     80.13 LEFT    3.2548E-05     86.63  6.9348E-05   -200.71
   40.00    280.00    -10.93    -4.14    -3.31      0.4421     83.20 LEFT    3.2990E-05     82.23  7.2153E-05   -199.84
   45.00    280.00    -11.25    -3.84    -3.11      0.4237     87.52 LEFT    3.1800E-05     76.04  7.4674E-05   -198.75
   50.00    280.00    -11.98    -3.64    -3.05      0.3805    -87.43 LEFT    2.9265E-05     66.71  7.6401E-05   -197.53
   55.00    280.00    -12.89    -3.60    -3.12      0.3145    -82.14 LEFT    2.6325E-05     52.48  7.6717E-05   -196.29
   60.00    280.00    -13.48    -3.81    -3.36      0.2318    -76.86 LEFT    2.4621E-05     32.79  7.4951E-05   -195.09
   65.00    280.00    -13.18    -4.34    -3.81      0.1404    -71.56 LEFT    2.5466E-05     11.51  7.0464E-05   -194.00
   70.00    280.00    -12.34    -5.35    -4.56      0.0486    -66.03 LEFT    2.8057E-05     -5.56  6.2757E-05   -193.03
   75.00    280.00    -11.82    -7.05    -5.80      0.0359    -60.03 RIGHT   2.9791E-05    -16.96  5.1578E-05   -192.22
   80.00    280.00    -12.44    -9.93    -8.00      0.1057    -53.33 RIGHT   2.7752E-05    -24.15  3.7017E-05   -191.56
   85.00    280.00    -15.70   -15.48   -12.58      0.1550    -45.76 RIGHT   1.9060E-05    -28.70  1.9546E-05   -191.07
   90.00    280.00   -999.99  -999.99  -999.99      0.0000      0.00         1.5328E-15   -211.81  1.1831E-15    -10.75
    0.00    285.00    -17.03    -5.59    -5.29      0.0000     75.00 LINEAR  1.6363E-05   -195.13  6.1066E-05   -195.13
    5.00    285.00    -16.98    -5.83    -5.51      0.0835     75.20 LEFT    1.6454E-05   -216.63  5.9399E-05   -197.84
   10.00    285.00    -15.70    -5.97    -5.53      0.1677     74.35 LEFT    1.9070E-05   -233.96  5.8459E-05   -200.38
   15.00    285.00    -14.05    -6.00    -5.37      0.2453     72.67 LEFT    2.3042E-05   -245.04  5.8228E-05   -202.48
   20.00    285.00    -12.56    -5.94    -5.08      0.3118     70.66 LEFT    2.7372E-05   -251.78  5.8650E-05   -203.91
   25.00    285.00    -11.37    -5.79    -4.73      0.3663     68.95 LEFT    3.1381E-05   -256.13  5.9640E-05   -204.52
   30.00    285.00    -10.53    -5.58    -4.38      0.4108     68.22 LEFT    3.4552E-05    100.60  6.1092E-05   -204.28
   35.00    285.00    -10.07    -5.33    -4.08      0.4475     69.11 LEFT    3.6445E-05     97.51  6.2864E-05   -203.25
   40.00    285.00    -10.00    -5.08    -3.87      0.4752     72.18 LEFT    3.6725E-05     93.81  6.4754E-05   -201.58
   45.00    285.00    -10.36    -4.85    -3.77      0.4871     77.72 LEFT    3.5261E-05     88.57  6.6468E-05   -199.45
   50.00    285.00    -11.12    -4.70    -3.81      0.4713     85.34 LEFT    3.2310E-05     80.52  6.7598E-05   -197.09
   55.00    285.00    -12.13    -4.70    -3.98      0.4202    -86.19 LEFT    2.8756E-05     67.93  6.7621E-05   -194.68
   60.00    285.00    -12.93    -4.92    -4.28      0.3382    -78.10 LEFT    2.6209E-05     49.78  6.5941E-05   -192.37
   65.00    285.00    -12.94    -5.46    -4.75      0.2395    -70.72 LEFT    2.6177E-05     28.91  6.1966E-05   -190.28
   70.00    285.00    -12.30    -6.46    -5.46      0.1394    -63.78 LEFT    2.8189E-05     11.25  5.5211E-05   -188.48
   75.00    285.00    -11.85    -8.16    -6.61      0.0496    -56.90 LEFT    2.9680E-05     -0.79  4.5414E-05   -187.00
   80.00    285.00    -12.49   -11.03    -8.69      0.0215    -49.78 RIGHT   2.7595E-05     -8.36  3.2621E-05   -185.86
   85.00    285.00    -15.75   -16.57   -13.13      0.0697    -42.26 RIGHT   1.8951E-05    -13.10  1.7235E-05   -185.08
   90.00    285.00   -999.99  -999.99  -999.99      0.0000      0.00         1.5241E-15   -196.27  1.0433E-15     -4.67
    0.00    290.00    -14.60    -5.83    -5.29      0.0000     70.00 LINEAR  2.1623E-05   -195.13  5.9408E-05   -195.13
    5.00    290.00    -14.73    -6.16    -5.60      0.0820     70.01 LEFT    2.1309E-05   -213.15  5.7158E-05   -198.74
   10.00    290.00    -13.84    -6.40    -5.68      0.1643     68.58 LEFT    2.3613E-05   -228.60  5.5624E-05   -202.19
   15.00    290.00    -12.53    -6.53    -5.56      0.2370     66.01 LEFT    2.7461E-05   -239.15  5.4765E-05   -205.09
   20.00    290.00    -11.26    -6.58    -5.31      0.2957     62.95 LEFT    3.1787E-05   -245.75  5.4475E-05   -207.09
   25.00    290.00    -10.22    -6.55    -5.00      0.3427     60.16 LEFT    3.5811E-05   -249.94  5.4626E-05   -207.97
   30.00    290.00     -9.49    -6.48    -4.72      0.3849     58.36 LEFT    3.8950E-05   -252.93  5.5093E-05   -207.60
   35.00    290.00     -9.10    -6.37    -4.52      0.4296     58.11 LEFT    4.0742E-05   -255.63  5.5769E-05   -206.04
   40.00    290.00     -9.08    -6.26    -4.43      0.4813     60.11 LEFT    4.0856E-05    101.14  5.6538E-05   -203.45
   45.00    290.00     -9.44    -6.15    -4.48      0.5372     65.46 LEFT    3.9190E-05     96.48  5.7236E-05   -200.11
   50.00    290.00    -10.17    -6.09    -4.66      0.5781     75.60 LEFT    3.6040E-05     89.16  5.7600E-05   -196.34
   55.00    290.00    -11.12    -6.15    -4.95      0.5644     89.86 LEFT    3.2306E-05     77.70  5.7234E-05   -192.46
   60.00    290.00    -11.89    -6.40    -5.32      0.4785    -76.60 LEFT    2.9545E-05     61.28  5.5634E-05   -188.76
   65.00    290.00    -12.00    -6.94    -5.76      0.3543    -66.25 LEFT    2.9167E-05     42.27  5.2251E-05   -185.43
   70.00    290.00    -11.55    -7.93    -6.36      0.2293    -57.96 LEFT    3.0748E-05     25.71  4.6607E-05   -182.58
   75.00    290.00    -11.25    -9.61    -7.34      0.1235    -50.53 LEFT    3.1819E-05     14.04  3.8405E-05   -180.30
   80.00    290.00    -11.97   -12.47    -9.20      0.0449    -43.34 LEFT    2.9278E-05      6.56  2.7635E-05   -178.59
   85.00    290.00    -15.28   -18.00   -13.42      0.0057    -36.16 RIGHT   2.0001E-05      1.85  1.4619E-05   -177.47
   90.00    290.00   -999.99  -999.99  -999.99      0.0000      0.00         1.6061E-15   -181.32  8.8541E-16      3.06
    0.00    295.00    -12.77    -6.14    -5.29      0.0000     65.00 LINEAR  2.6718E-05   -195.13  5.7297E-05   -195.13
    5.00    295.00    -13.01    -6.57    -5.68      0.0798     64.83 LEFT    2.5984E-05   -211.41  5.4541E-05   -199.62
   10.00    295.00    -12.34    -6.90    -5.81      0.1583     62.88 LEFT    2.8049E-05   -225.81  5.2489E-05   -204.00
   15.00    295.00    -11.25    -7.14    -5.71      0.2229     59.56 LEFT    3.1822E-05   -235.99  5.1068E-05   -207.75
   20.00    295.00    -10.14    -7.30    -5.48      0.2698     55.72 LEFT    3.6132E-05   -242.43  5.0114E-05   -210.42
   25.00    295.00     -9.24    -7.42    -5.23      0.3053     52.20 LEFT    4.0101E-05   -246.46  4.9438E-05   -211.64
   30.00    295.00     -8.61    -7.52    -5.02      0.3406     49.55 LEFT    4.3097E-05   -249.21  4.8886E-05   -211.24
   35.00    295.00     -8.30    -7.61    -4.93      0.3868     48.10 LEFT    4.4657E-05   -251.63  4.8380E-05   -209.18
   40.00    295.00     -8.34    -7.69    -4.99      0.4537     48.22 LEFT    4.4494E-05   -254.57  4.7911E-05   -205.58
   45.00    295.00     -8.72    -7.77    -5.21      0.5506     50.85 LEFT    4.2583E-05    101.04  4.7480E-05   -200.75
   50.00    295.00     -9.41    -7.86    -5.56      0.6795     59.35 LEFT    3.9316E-05     94.01  4.7009E-05   -195.15
   55.00    295.00    -10.25    -8.00    -5.97      0.7688     85.51 LEFT    3.5687E-05     83.05  4.6264E-05   -189.33
   60.00    295.00    -10.87    -8.27    -6.37      0.6393    -66.93 LEFT    3.3226E-05     67.81  4.4829E-05   -183.75
   65.00    295.00    -10.90    -8.80    -6.72      0.4415    -55.31 LEFT    3.3108E-05     50.74  4.2173E-05   -178.78
   70.00    295.00    -10.50    -9.76    -7.10      0.2726    -47.85 LEFT    3.4676E-05     36.00  3.7779E-05   -174.61
   75.00    295.00    -10.31   -11.39    -7.81      0.1467    -41.29 LEFT    3.5434E-05     25.49  3.1288E-05   -171.33
   80.00    295.00    -11.13   -14.22    -9.39      0.0621    -34.94 LEFT    3.2265E-05     18.63  2.2613E-05   -168.93
   85.00    295.00    -14.49   -19.72   -13.35      0.0119    -28.70 LEFT    2.1904E-05     14.20  1.1997E-05   -167.41
   90.00    295.00   -999.99  -999.99  -999.99      0.0000      0.00         1.7553E-15   -168.88  7.2732E-16     13.25
    0.00    300.00    -11.31    -6.53    -5.29      0.0000     60.00 LINEAR  3.1610E-05   -195.13  5.4750E-05   -195.13
    5.00    300.00    -11.64    -7.05    -5.76      0.0767     59.66 LEFT    3.0412E-05   -210.53  5.1581E-05   -200.49
   10.00    300.00    -11.13    -7.48    -5.92      0.1498     57.28 LEFT    3.2242E-05   -224.43  4.9101E-05   -205.81
   15.00    300.00    -10.19    -7.82    -5.84      0.2042     53.42 LEFT    3.5929E-05   -234.45  4.7208E-05   -210.45
   20.00    300.00     -9.23    -8.11    -5.62      0.2376     49.12 LEFT    4.0162E-05   -240.83  4.5672E-05   -213.86
   25.00    300.00     -8.44    -8.39    -5.40      0.2603     45.20 LEFT    4.3958E-05   -244.74  4.4233E-05   -215.57
   30.00    300.00     -7.93    -8.69    -5.28      0.2861     42.02 LEFT    4.6649E-05   -247.34  4.2698E-05   -215.27
   35.00    300.00     -7.71    -9.04    -5.32      0.3278     39.57 LEFT    4.7801E-05   -249.57  4.1014E-05   -212.78
   40.00    300.00     -7.82    -9.42    -5.54      0.3974     37.76 LEFT    4.7206E-05   -252.35  3.9281E-05   -208.08
   45.00    300.00     -8.25    -9.78    -5.93      0.5099     36.37 LEFT    4.4956E-05   -256.68  3.7698E-05   -201.40
   50.00    300.00     -8.92   -10.07    -6.45      0.6883     34.17 LEFT    4.1596E-05     96.27  3.6431E-05   -193.29
   55.00    300.00     -9.65   -10.31    -6.96      0.9264      0.38 LEFT    3.8252E-05     85.40  3.5439E-05   -184.66
   60.00    300.00    -10.07   -10.58    -7.31      0.6630    -40.70 LEFT    3.6436E-05     70.90  3.4374E-05   -176.42
   65.00    300.00     -9.94   -11.02    -7.44      0.4070    -40.00 LEFT    3.6994E-05     55.50  3.2651E-05   -169.24
   70.00    300.00     -9.50   -11.86    -7.52      0.2222    -36.48 LEFT    3.8897E-05     42.65  2.9639E-05   -163.41
   75.00    300.00     -9.36   -13.39    -7.92      0.0987    -31.90 LEFT    3.9526E-05     33.55  2.4863E-05   -158.97
   80.00    300.00    -10.24   -16.12    -9.24      0.0239    -26.90 LEFT    3.5740E-05     27.55  1.8153E-05   -155.84
   85.00    300.00    -13.64   -21.57   -13.00      0.0151    -21.86 RIGHT   2.4147E-05     23.58  9.6926E-06   -153.92
   90.00    300.00   -999.99  -999.99  -999.99      0.0000      0.00         1.9319E-15   -159.36  5.8886E-16     26.87
    0.00    305.00    -10.11    -7.02    -5.29      0.0000     55.00 LINEAR  3.6262E-05   -195.13  5.1787E-05   -195.13
    5.00    305.00    -10.53    -7.62    -5.83      0.0728     54.53 LEFT    3.4556E-05   -210.13  4.8309E-05   -201.33
   10.00    305.00    -10.14    -8.14    -6.02      0.1394     51.82 LEFT    3.6129E-05   -223.89  4.5505E-05   -207.58
   15.00    305.00     -9.33    -8.58    -5.93      0.1825     47.62 LEFT    3.9691E-05   -233.93  4.3244E-05   -213.16
   20.00    305.00     -8.48    -9.00    -5.72      0.2024     43.15 LEFT    4.3764E-05   -240.33  4.1236E-05   -217.39
   25.00    305.00     -7.81    -9.45    -5.54      0.2128     39.12 LEFT    4.7254E-05   -244.21  3.9148E-05   -219.73
   30.00    305.00     -7.42   -10.00    -5.51      0.2285     35.64 LEFT    4.9471E-05   -246.72  3.6740E-05   -219.74
   35.00    305.00     -7.32   -10.68    -5.67      0.2619     32.47 LEFT    5.0034E-05   -248.86  3.3966E-05   -217.03
   40.00    305.00     -7.53   -11.47    -6.05      0.3240     29.17 LEFT    4.8848E-05   -251.60  3.1027E-05   -211.21
   45.00    305.00     -8.02   -12.25    -6.63      0.4256     24.64 LEFT    4.6168E-05   -256.01  2.8350E-05   -202.11
   50.00    305.00     -8.69   -12.86    -7.28      0.5642     15.14 LEFT    4.2723E-05     96.70  2.6427E-05   -190.24
   55.00    305.00     -9.31   -13.18    -7.81      0.6287     -7.53 LEFT    3.9795E-05     85.68  2.5478E-05   -177.20
   60.00    305.00     -9.52   -13.29    -8.00      0.4637    -25.38 LEFT    3.8835E-05     71.71  2.5162E-05   -165.05
   65.00    305.00     -9.20   -13.46    -7.82      0.2579    -29.36 LEFT    4.0290E-05     57.79  2.4672E-05   -155.09
   70.00    305.00     -8.69   -14.02    -7.57      0.1046    -28.03 LEFT    4.2713E-05     46.72  2.3136E-05   -147.59
   75.00    305.00     -8.56   -15.31    -7.73      0.0084    -24.69 LEFT    4.3348E-05     39.04  1.9931E-05   -142.23
   80.00    305.00     -9.47   -17.88    -8.89      0.0428    -20.68 RIGHT   3.9038E-05     33.97  1.4827E-05   -138.63
   85.00    305.00    -12.91   -23.24   -12.52      0.0629    -16.59 RIGHT   2.6291E-05     30.51  8.0032E-06   -136.49
   90.00    305.00   -999.99  -999.99  -999.99      0.0000      0.00         2.1009E-15   -152.27  4.8794E-16     44.35
    0.00    310.00     -9.12    -7.60    -5.29      0.0000     50.00 LINEAR  4.0637E-05   -195.13  4.8429E-05   -195.13
    5.00    310.00     -9.62    -8.29    -5.89      0.0683     49.42 LEFT    3.8389E-05   -210.03  4.4756E-05   -202.13
   10.00    310.00     -9.33    -8.89    -6.10      0.1275     46.50 LEFT    3.9679E-05   -223.86  4.1739E-05   -209.30
   15.00    310.00     -8.62    -9.43    -6.00      0.1594     42.19 LEFT    4.3071E-05   -234.04  3.9228E-05   -215.84
   20.00    310.00     -7.88    -9.97    -5.79      0.1673     37.78 LEFT    4.6901E-05   -240.55  3.6877E-05   -220.98
   25.00    310.00     -7.33   -10.60    -5.65      0.1669     33.83 LEFT    4.9960E-05   -244.48  3.4290E-05   -224.12
   30.00    310.00     -7.06   -11.42    -5.70      0.1728     30.24 LEFT    5.1549E-05   -246.99  3.1180E-05   -224.72
   35.00    310.00     -7.09   -12.52    -5.99      0.1960     26.60 LEFT    5.1367E-05   -249.12  2.7489E-05   -222.14
   40.00    310.00     -7.42   -13.89    -6.53      0.2446     22.28 LEFT    4.9464E-05   -251.92  2.3484E-05   -215.36
   45.00    310.00     -7.99   -15.36    -7.26      0.3212     15.97 LEFT    4.6285E-05   -256.56  1.9827E-05   -203.01
   50.00    310.00     -8.68   -16.44    -8.01      0.3996      5.07 LEFT    4.2776E-05     95.75  1.7499E-05   -184.74
   55.00    310.00     -9.18   -16.62    -8.46      0.3847    -10.34 LEFT    4.0364E-05     84.45  1.7145E-05   -164.18
   60.00    310.00     -9.18   -16.11    -8.38      0.2439    -20.86 LEFT    4.0373E-05     70.97  1.8185E-05   -146.96
   65.00    310.00     -8.68   -15.62    -7.88      0.0874    -23.80 LEFT    4.2788E-05     58.47  1.9227E-05   -134.95
   70.00    310.00     -8.09   -15.69    -7.40      0.0240    -22.59 RIGHT   4.5771E-05     49.08  1.9074E-05   -127.04
   75.00    310.00     -7.96   -16.67    -7.41      0.0862    -19.63 RIGHT   4.6473E-05     42.77  1.7047E-05   -121.88
   80.00    310.00     -8.89   -19.05    -8.49      0.1111    -16.18 RIGHT   4.1755E-05     38.61  1.2966E-05   -118.59
   85.00    310.00    -12.34   -24.30   -12.07      0.1115    -12.76 RIGHT   2.8060E-05     35.66  7.0818E-06   -116.68
   90.00    310.00   -999.99  -999.99  -999.99      0.0000      0.00         2.2404E-15   -146.95  4.3344E-16     64.09
    0.00    315.00     -8.30    -8.30    -5.29      0.0000     45.00 LINEAR  4.4703E-05   -195.13  4.4703E-05   -195.13
    5.00    315.00     -8.86    -9.06    -5.95      0.0630     44.35 LEFT    4.1891E-05   -210.10  4.0953E-05   -202.88
   10.00    315.00     -8.66    -9.74    -6.16      0.1146     41.33 LEFT    4.2877E-05   -224.13  3.7838E-05   -210.95
   15.00    315.00     -8.04   -10.37    -6.04      0.1362     37.09 LEFT    4.6062E-05   -234.55  3.5196E-05   -218.45
   20.00    315.00     -7.40   -11.03    -5.83      0.1342     32.91 LEFT    4.9578E-05   -241.24  3.2642E-05   -224.57
   25.00    315.00     -6.96   -11.84    -5.74      0.1251     29.17 LEFT    5.2106E-05   -245.29  2.9734E-05   -228.67
   30.00    315.00     -6.82   -12.96    -5.88      0.1223     25.60 LEFT    5.2950E-05   -247.88  2.6142E-05   -230.22
   35.00    315.00     -7.00   -14.54    -6.29      0.1345     21.71 LEFT    5.1908E-05   -250.10  2.1782E-05   -228.37
   40.00    315.00     -7.46   -16.73    -6.98      0.1668     16.77 LEFT    4.9205E-05   -253.09  1.6923E-05   -221.25
   45.00    315.00     -8.14   -19.42    -7.83      0.2142      9.63 LEFT    4.5503E-05    101.91  1.2424E-05   -204.39
   50.00    315.00     -8.84   -21.18    -8.60      0.2410     -0.86 LEFT    4.1972E-05     93.69  1.0136E-05   -172.98
   55.00    315.00     -9.23   -20.14    -8.89      0.1839    -12.29 LEFT    4.0155E-05     82.07  1.1435E-05   -140.40
   60.00    315.00     -9.01   -18.13    -8.51      0.0567    -19.07 LEFT    4.1159E-05     69.15  1.4415E-05   -121.28
   65.00    315.00     -8.34   -16.78    -7.76      0.0618    -20.47 RIGHT   4.4476E-05     58.11  1.6823E-05   -111.18
   70.00    315.00     -7.69   -16.43    -7.14      0.1352    -18.78 RIGHT   4.7958E-05     50.33  1.7528E-05   -105.36
   75.00    315.00     -7.55   -17.19    -7.10      0.1660    -15.90 RIGHT   4.8733E-05     45.30  1.6053E-05   -101.76
   80.00    315.00     -8.49   -19.46    -8.16      0.1676    -12.84 RIGHT   4.3714E-05     42.02  1.2361E-05    -99.48
   85.00    315.00    -11.96   -24.66   -11.73      0.1513     -9.95 RIGHT   2.9330E-05     39.57  6.7902E-06    -98.13
   90.00    315.00   -999.99  -999.99  -999.99      0.0000      0.00         2.3405E-15   -142.88  4.1629E-16     82.46
    0.00    320.00     -7.60    -9.12    -5.29      0.0000     40.00 LINEAR  4.8429E-05   -195.13  4.0637E-05   -195.13
    5.00    320.00     -8.23    -9.95    -6.00      0.0573     39.31 LEFT    4.5049E-05   -210.27  3.6929E-05   -203.58
   10.00    320.00     -8.10   -10.72    -6.20      0.1011     36.32 LEFT    4.5719E-05   -224.59  3.3830E-05   -212.50
   15.00    320.00     -7.56   -11.43    -6.06      0.1140     32.29 LEFT    4.8670E-05   -235.30  3.1175E-05   -220.96
   20.00    320.00     -7.01   -12.19    -5.86      0.1044     28.46 LEFT    5.1823E-05   -242.23  2.8558E-05   -228.09
   25.00    320.00     -6.69   -13.17    -5.81      0.0888     25.02 LEFT    5.3754E-05   -246.46  2.5513E-05   -233.31
   30.00    320.00     -6.69   -14.58    -6.04      0.0786     21.59 LEFT    5.3780E-05   -249.21  2.1690E-05   -236.19
   35.00    320.00     -7.01   -16.71    -6.57      0.0802     17.62 LEFT    5.1819E-05   -251.63  1.6973E-05   -236.00
   40.00    320.00     -7.63   -20.04    -7.38      0.0954     12.39 LEFT    4.8287E-05   -254.92  1.1562E-05   -230.24
   45.00    320.00     -8.42   -25.26    -8.33      0.1141      5.01 LEFT    4.4079E-05     99.57  6.3405E-06   -207.36
   50.00    320.00     -9.13   -26.95    -9.06      0.1005     -4.59 LEFT    4.0591E-05     90.69  5.2214E-06   -141.12
   55.00    320.00     -9.39   -21.84    -9.15      0.0193    -13.38 LEFT    3.9424E-05     78.77  9.4049E-06   -106.13
   60.00    320.00     -8.97   -18.54    -8.51      0.0939    -17.69 RIGHT   4.1374E-05     66.59  1.3749E-05    -95.29
   65.00    320.00     -8.15   -16.87    -7.60      0.1797    -17.74 RIGHT   4.5454E-05     57.06  1.6653E-05    -90.34
   70.00    320.00     -7.44   -16.44    -6.93      0.2199    -15.61 RIGHT   4.9311E-05     50.84  1.7505E-05    -87.44
   75.00    320.00     -7.30   -17.19    -6.88      0.2246    -12.88 RIGHT   5.0127E-05     47.04  1.6049E-05    -85.54
   80.00    320.00     -8.26   -19.47    -7.94      0.2077    -10.23 RIGHT   4.4903E-05     44.60  1.2347E-05    -84.24
   85.00    320.00    -11.73   -24.68   -11.52      0.1789     -7.80 RIGHT   3.0090E-05     42.63  6.7761E-06    -83.40
   90.00    320.00   -999.99  -999.99  -999.99      0.0000      0.00         2.4000E-15   -139.67  4.1526E-16     97.03
    0.00    325.00     -7.02   -10.11    -5.29      0.0000     35.00 LINEAR  5.1787E-05   -195.13  3.6262E-05   -195.13
    5.00    325.00     -7.70   -11.01    -6.04      0.0510     34.30 LEFT    4.7853E-05   -210.49  3.2714E-05   -204.22
   10.00    325.00     -7.64   -11.84    -6.24      0.0875     31.45 LEFT    4.8208E-05   -225.15  2.9740E-05   -213.94
   15.00    325.00     -7.17   -12.62    -6.08      0.0934     27.76 LEFT    5.0911E-05   -236.18  2.7181E-05   -223.31
   20.00    325.00     -6.71   -13.47    -5.88      0.0788     24.34 LEFT    5.3678E-05   -243.38  2.4631E-05   -231.46
   25.00    325.00     -6.50   -14.60    -5.87      0.0590     21.26 LEFT    5.4981E-05   -247.84  2.1627E-05   -237.91
   30.00    325.00     -6.63   -16.28    -6.18      0.0430     18.07 LEFT    5.4167E-05   -250.83  1.7827E-05   -242.52
   35.00    325.00     -7.10   -18.95    -6.83      0.0351     14.21 LEFT    5.1284E-05   -253.54  1.3106E-05   -245.14
   40.00    325.00     -7.87   -23.71    -7.76      0.0341      8.97 LEFT    4.6948E-05    102.74  7.5819E-06   -244.76
   45.00    325.00     -8.78   -36.57    -8.77      0.0268      1.76 LEFT    4.2296E-05     96.56  1.7242E-06   -222.37
   50.00    325.00     -9.50   -27.93    -9.43      0.0180     -6.75 RIGHT   3.8929E-05     86.93  4.6608E-06    -84.32
   55.00    325.00     -9.61   -21.19    -9.32      0.1117    -13.42 RIGHT   3.8435E-05     74.82  1.0124E-05    -78.58
   60.00    325.00     -9.00   -18.09    -8.50      0.2081    -15.82 RIGHT   4.1217E-05     63.55  1.4469E-05    -76.78
   65.00    325.00     -8.07   -16.62    -7.50      0.2638    -14.89 RIGHT   4.5871E-05     55.59  1.7136E-05    -75.62
   70.00    325.00     -7.33   -16.33    -6.81      0.2761    -12.64 RIGHT   4.9956E-05     50.87  1.7733E-05    -74.66
   75.00    325.00     -7.19   -17.17    -6.78      0.2606    -10.26 RIGHT   5.0765E-05     48.24  1.6087E-05    -73.83
   80.00    325.00     -8.16   -19.51    -7.85      0.2307     -8.08 RIGHT   4.5412E-05     46.58  1.2292E-05    -73.15
   85.00    325.00    -11.65   -24.75   -11.44      0.1936     -6.09 RIGHT   3.0397E-05     45.06  6.7204E-06    -72.62
   90.00    325.00   -999.99  -999.99  -999.99      0.0000      0.00         2.4235E-15   -137.08  4.1132E-16   -252.29
    0.00    330.00     -6.53   -11.31    -5.29      0.0000     30.00 LINEAR  5.4750E-05   -195.13  3.1610E-05   -195.13
    5.00    330.00     -7.27   -12.26    -6.07      0.0444     29.33 LEFT    5.0294E-05   -210.74  2.8335E-05   -204.79
   10.00    330.00     -7.26   -13.14    -6.26      0.0739     26.71 LEFT    5.0348E-05   -225.73  2.5586E-05   -215.24
   15.00    330.00     -6.85   -13.98    -6.08      0.0747     23.44 LEFT    5.2806E-05   -237.09  2.3220E-05   -225.46
   20.00    330.00     -6.47   -14.92    -5.89      0.0575     20.48 LEFT    5.5186E-05   -244.58  2.0852E-05   -234.60
   25.00    330.00     -6.36   -16.17    -5.93      0.0356     17.80 LEFT    5.5870E-05   -249.31  1.8047E-05   -242.34
   30.00    330.00     -6.62   -18.07    -6.32      0.0159     14.94 LEFT    5.4242E-05   -252.59  1.4500E-05   -248.94
   35.00    330.00     -7.24   -21.19    -7.07      0.0004     11.34 LEFT    5.0485E-05   -255.68  1.0126E-05   -255.56
   40.00    330.00     -8.16   -27.12    -8.10      0.0144      6.38 RIGHT   4.5418E-05    100.04  5.1210E-06     92.60
   45.00    330.00     -9.17   -36.35    -9.16      0.0435     -0.28 RIGHT   4.0414E-05     93.06  1.7681E-06     -3.45
   50.00    330.00     -9.88   -25.18    -9.75      0.1104     -7.50 RIGHT   3.7251E-05     82.63  6.3985E-06    -56.53
   55.00    330.00     -9.84   -20.30    -9.47      0.2075    -12.24 RIGHT   3.7413E-05     70.48  1.1220E-05    -63.22
   60.00    330.00     -9.07   -17.79    -8.53      0.2840    -13.12 RIGHT   4.0867E-05     60.30  1.4979E-05    -65.28
   65.00    330.00     -8.07   -16.61    -7.50      0.3124    -11.69 RIGHT   4.5889E-05     53.91  1.7160E-05    -65.91
   70.00    330.00     -7.31   -16.48    -6.82      0.3033     -9.73 RIGHT   5.0060E-05     50.61  1.7418E-05    -65.90
   75.00    330.00     -7.18   -17.43    -6.79      0.2743     -7.91 RIGHT   5.0815E-05     49.06  1.5612E-05    -65.62
   80.00    330.00     -8.16   -19.83    -7.88      0.2367     -6.26 RIGHT   4.5391E-05     48.14  1.1840E-05    -65.24
   85.00    330.00    -11.66   -25.12   -11.47      0.1957     -4.72 RIGHT   3.0352E-05     47.05  6.4465E-06    -64.88
   90.00    330.00   -999.99  -999.99  -999.99      0.0000      0.00         2.4191E-15   -134.96  3.9404E-16   -244.60
    0.00    335.00     -6.14   -12.77    -5.29      0.0000     25.00 LINEAR  5.7297E-05   -195.13  2.6718E-05   -195.13
    5.00    335.00     -6.92   -13.76    -6.10      0.0374     24.39 LEFT    5.2367E-05   -210.98  2.3817E-05   -205.29
   10.00    335.00     -6.96   -14.70    -6.28      0.0607     22.08 LEFT    5.2144E-05   -226.30  2.1384E-05   -216.38
   15.00    335.00     -6.59   -15.59    -6.08      0.0582     19.30 LEFT    5.4372E-05   -237.97  1.9294E-05   -227.36
   20.00    335.00     -6.28   -16.59    -5.89      0.0404     16.82 LEFT    5.6388E-05   -245.74  1.7201E-05   -237.43
   25.00    335.00     -6.26   -17.94    -5.98      0.0185     14.57 LEFT    5.6497E-05   -250.76  1.4722E-05   -246.42
   30.00    335.00     -6.63   -20.01    -6.44      0.0027     12.11 RIGHT   5.4123E-05   -254.37  1.1610E-05   -255.14
   35.00    335.00     -7.40   -23.39    -7.29      0.0231      8.92 RIGHT   4.9583E-05    102.09  7.8672E-06     93.51
   40.00    335.00     -8.45   -29.17    -8.42      0.0480      4.49 RIGHT   4.3894E-05     97.16  4.0400E-06     65.53
   45.00    335.00     -9.56   -29.99    -9.52      0.0925     -1.29 RIGHT   3.8649E-05     89.30  3.6779E-06    -14.26
   50.00    335.00    -10.24   -23.76   -10.05      0.1720     -6.96 RIGHT   3.5755E-05     78.08  7.5394E-06    -46.07
   55.00    335.00    -10.05   -20.07    -9.64      0.2634     -9.88 RIGHT   3.6514E-05     66.07  1.1518E-05    -54.77
   60.00    335.00     -9.16   -18.02    -8.63      0.3180     -9.72 RIGHT   4.0459E-05     57.08  1.4591E-05    -58.11
   65.00    335.00     -8.11   -17.08    -7.59      0.3249     -8.37 RIGHT   4.5662E-05     52.18  1.6268E-05    -59.45
   70.00    335.00     -7.36   -17.09    -6.92      0.3023     -7.03 RIGHT   4.9800E-05     50.19  1.6248E-05    -59.87
   75.00    335.00     -7.24   -18.13    -6.90      0.2667     -5.85 RIGHT   5.0465E-05     49.63  1.4416E-05    -59.83
   80.00    335.00     -8.24   -20.58    -7.99      0.2268     -4.73 RIGHT   4.5011E-05     49.38  1.0863E-05    -59.59
   85.00    335.00    -11.74   -25.89   -11.58      0.1857     -3.59 RIGHT   3.0071E-05     48.68  5.8936E-06    -59.30
   90.00    335.00   -999.99  -999.99  -999.99      0.0000      0.00         2.3960E-15   -133.20  3.5983E-16   -239.04
    0.00    340.00     -5.83   -14.60    -5.29      0.0000     20.00 LINEAR  5.9408E-05   -195.13  2.1623E-05   -195.13
    5.00    340.00     -6.64   -15.64    -6.13      0.0302     19.47 LEFT    5.4067E-05   -211.20  1.9186E-05   -205.70
   10.00    340.00     -6.72   -16.62    -6.30      0.0478     17.55 LEFT    5.3604E-05   -226.81  1.7145E-05   -217.34
   15.00    340.00     -6.40   -17.55    -6.08      0.0438     15.29 LEFT    5.5629E-05   -238.76  1.5398E-05   -228.99
   20.00    340.00     -6.14   -18.60    -5.90      0.0272     13.31 LEFT    5.7323E-05   -246.79  1.3653E-05   -239.86
   25.00    340.00     -6.20   -20.02    -6.02      0.0071     11.50 LEFT    5.6927E-05   -252.09  1.1592E-05   -249.99
   30.00    340.00     -6.67   -22.18    -6.55      0.0134      9.49 RIGHT   5.3909E-05   -256.04  9.0384E-06     99.26
   35.00    340.00     -7.55   -25.61    -7.48      0.0354      6.84 RIGHT   4.8711E-05     99.96  6.0888E-06     83.27
   40.00    340.00     -8.73   -30.11    -8.70      0.0653      3.15 RIGHT   4.2528E-05     94.34  3.6293E-06     44.25
   45.00    340.00     -9.90   -28.34    -9.84      0.1170     -1.48 RIGHT   3.7147E-05     85.57  4.4498E-06    -16.71
   50.00    340.00    -10.53   -23.69   -10.33      0.1978     -5.48 RIGHT   3.4558E-05     73.65  7.5954E-06    -41.12
   55.00    340.00    -10.22   -20.67    -9.84      0.2753     -6.86 RIGHT   3.5820E-05     61.93  1.0755E-05    -49.79
   60.00    340.00     -9.24   -18.92    -8.80      0.3095     -6.27 RIGHT   4.0080E-05     54.10  1.3155E-05    -53.49
   65.00    340.00     -8.18   -18.14    -7.76      0.3032     -5.39 RIGHT   4.5318E-05     50.55  1.4384E-05    -55.09
   70.00    340.00     -7.44   -18.26    -7.09      0.2756     -4.72 RIGHT   4.9343E-05     49.71  1.4192E-05    -55.67
   75.00    340.00     -7.34   -19.37    -7.08      0.2398     -4.12 RIGHT   4.9901E-05     50.01  1.2493E-05    -55.73
   80.00    340.00     -8.35   -21.87    -8.16      0.2020     -3.45 RIGHT   4.4442E-05     50.36  9.3674E-06    -55.54
   85.00    340.00    -11.86   -27.21   -11.73      0.1644     -2.65 RIGHT   2.9668E-05     50.00  5.0680E-06    -55.28
   90.00    340.00   -999.99  -999.99  -999.99      0.0000      0.00         2.3633E-15   -131.77  3.0915E-16   -235.01
    0.00    345.00     -5.59   -17.03    -5.29      0.0000     15.00 LINEAR  6.1066E-05   -195.13  1.6363E-05   -195.13
    5.00    345.00     -6.43   -18.09    -6.15      0.0228     14.58 LEFT    5.5392E-05   -211.38  1.4467E-05   -206.03
   10.00    345.00     -6.54   -19.10    -6.30      0.0354     13.10 LEFT    5.4733E-05   -227.23  1.2880E-05   -218.10
   15.00    345.00     -6.25   -20.07    -6.07      0.0311     11.38 LEFT    5.6591E-05   -239.42  1.1528E-05   -230.29
   20.00    345.00     -6.03   -21.15    -5.90      0.0174      9.90 LEFT    5.8020E-05   -247.68  1.0181E-05   -241.83
   25.00    345.00     -6.15   -22.61    -6.06      0.0007      8.55 LEFT    5.7212E-05   -253.21  8.5992E-06   -252.93
   30.00    345.00     -6.71   -24.82    -6.64      0.0169      7.02 RIGHT   5.3676E-05    102.52  6.6681E-06     94.59
   35.00    345.00     -7.68   -28.15    -7.65      0.0372      4.98 RIGHT   4.7961E-05     98.08  4.5451E-06     74.78
   40.00    345.00     -8.96   -31.29    -8.93      0.0664      2.17 RIGHT   4.1415E-05     91.81  3.1659E-06     31.39
   45.00    345.00    -10.18   -28.76   -10.12      0.1159     -1.18 RIGHT   3.5986E-05     82.20  4.2376E-06    -17.74
   50.00    345.00    -10.75   -24.86   -10.59      0.1866     -3.64 RIGHT   3.3695E-05     69.73  6.6428E-06    -38.42
   55.00    345.00    -10.34   -22.21   -10.06      0.2448     -4.04 RIGHT   3.5343E-05     58.36  9.0030E-06    -46.73
   60.00    345.00     -9.31   -20.66    -9.00      0.2637     -3.47 RIGHT   3.9777E-05     51.58  1.0764E-05    -50.47
   65.00    345.00     -8.25   -20.00    -7.97      0.2526     -3.09 RIGHT   4.4958E-05     49.15  1.1611E-05    -52.15
   70.00    345.00     -7.53   -20.20    -7.30      0.2269     -2.93 RIGHT   4.8835E-05     49.26  1.1358E-05    -52.77
   75.00    345.00     -7.45   -21.35    -7.27      0.1960     -2.73 RIGHT   4.9284E-05     50.27  9.9407E-06    -52.86
   80.00    345.00     -8.47   -23.89    -8.34      0.1642     -2.38 RIGHT   4.3836E-05     51.11  7.4262E-06    -52.68
   85.00    345.00    -11.98   -29.24   -11.90      0.1332     -1.86 RIGHT   2.9245E-05     51.04  4.0094E-06    -52.42
   90.00    345.00   -999.99  -999.99  -999.99      0.0000      0.00         2.3292E-15   -130.64  2.4440E-16   -232.17
    0.00    350.00     -5.42   -20.49    -5.29      0.0000     10.00 LINEAR  6.2260E-05   -195.13  1.0978E-05   -195.13
    5.00    350.00     -6.29   -21.58    -6.16      0.0153      9.71 LEFT    5.6339E-05   -211.51  9.6807E-06   -206.26
   10.00    350.00     -6.41   -22.62    -6.31      0.0234      8.70 LEFT    5.5535E-05   -227.55  8.5966E-06   -218.66
   15.00    350.00     -6.14   -23.60    -6.07      0.0199      7.55 LEFT    5.7270E-05   -239.92  7.6753E-06   -231.24
   20.00    350.00     -5.96   -24.70    -5.90      0.0101      6.57 LEFT    5.8502E-05   -248.34  6.7610E-06   -243.27
   25.00    350.00     -6.13   -26.20    -6.08      0.0018      5.66 RIGHT   5.7391E-05   -254.07  5.6930E-06   -255.10
   30.00    350.00     -6.74   -28.42    -6.71      0.0147      4.64 RIGHT   5.3477E-05    101.42  4.4073E-06     91.10
   35.00    350.00     -7.79   -31.59    -7.77      0.0302      3.26 RIGHT   4.7394E-05     96.61  3.0586E-06     68.62
   40.00    350.00     -9.13   -33.79    -9.12      0.0532      1.39 RIGHT   4.0608E-05     89.80  2.3757E-06     24.25
   45.00    350.00    -10.38   -31.04   -10.34      0.0918     -0.72 RIGHT   3.5182E-05     79.51  3.2603E-06    -18.26
   50.00    350.00    -10.90   -27.52   -10.80      0.1432     -2.02 RIGHT   3.3139E-05     66.65  4.8881E-06    -36.89
   55.00    350.00    -10.41   -25.10   -10.26      0.1809     -1.99 RIGHT   3.5054E-05     55.64  6.4578E-06    -44.86
   60.00    350.00     -9.36   -23.67    -9.20      0.1903     -1.64 RIGHT   3.9564E-05     49.66  7.6116E-06    -48.56
   65.00    350.00     -8.31   -23.09    -8.16      0.1802     -1.56 RIGHT   4.4654E-05     48.08  8.1387E-06    -50.24
   70.00    350.00     -7.61   -23.33    -7.49      0.1611     -1.63 RIGHT   4.8390E-05     48.89  7.9152E-06    -50.87
   75.00    350.00     -7.54   -24.52    -7.46      0.1387     -1.63 RIGHT   4.8747E-05     50.44  6.9007E-06    -50.95
   80.00    350.00     -8.57   -27.08    -8.51      0.1159     -1.48 RIGHT   4.3314E-05     51.65  5.1422E-06    -50.78
   85.00    350.00    -12.09   -32.45   -12.05      0.0937     -1.18 RIGHT   2.8883E-05     51.79  2.7723E-06    -50.51
   90.00    350.00   -999.99  -999.99  -999.99      0.0000      0.00         2.3001E-15   -129.82  1.6892E-16   -230.25
    0.00    355.00     -5.32   -26.48    -5.29      0.0000      5.00 LINEAR  6.2980E-05   -195.13  5.5100E-06   -195.13
    5.00    355.00     -6.20   -27.59    -6.17      0.0077      4.85 LEFT    5.6908E-05   -211.60  4.8512E-06   -206.41
   10.00    355.00     -6.34   -28.63    -6.31      0.0116      4.34 LEFT    5.6016E-05   -227.74  4.3012E-06   -218.99
   15.00    355.00     -6.08   -29.63    -6.06      0.0097      3.76 LEFT    5.7675E-05   -240.23  3.8348E-06   -231.82
   20.00    355.00     -5.92   -30.74    -5.90      0.0046      3.27 LEFT    5.8785E-05   -248.75  3.3731E-06   -244.16
   25.00    355.00     -6.11   -32.25    -6.10      0.0016      2.82 RIGHT   5.7489E-05   -254.61  2.8358E-06   -256.44
   30.00    355.00     -6.76   -34.47    -6.75      0.0084      2.31 RIGHT   5.3346E-05    100.72  2.1954E-06     88.95
   35.00    355.00     -7.85   -37.52    -7.85      0.0168      1.62 RIGHT   4.7044E-05     95.67  1.5458E-06     64.96
   40.00    355.00     -9.23   -39.19    -9.23      0.0294      0.69 RIGHT   4.0123E-05     88.50  1.2755E-06     20.66
   45.00    355.00    -10.49   -36.38   -10.48      0.0504     -0.32 RIGHT   3.4718E-05     77.78  1.7619E-06    -18.52
   50.00    355.00    -10.97   -33.06   -10.95      0.0773     -0.85 RIGHT   3.2838E-05     64.70  2.5833E-06    -36.09
   55.00    355.00    -10.44   -30.76   -10.40      0.0956     -0.76 RIGHT   3.4906E-05     53.93  3.3672E-06    -43.85
   60.00    355.00     -9.38   -29.40    -9.34      0.0993     -0.60 RIGHT   3.9440E-05     48.47  3.9377E-06    -47.50
   65.00    355.00     -8.34   -28.86    -8.31      0.0936     -0.62 RIGHT   4.4453E-05     47.41  4.1895E-06    -49.17
   70.00    355.00     -7.66   -29.13    -7.63      0.0835     -0.72 RIGHT   4.8090E-05     48.65  4.0609E-06    -49.79
   75.00    355.00     -7.61   -30.34    -7.58      0.0718     -0.76 RIGHT   4.8386E-05     50.53  3.5325E-06    -49.87
   80.00    355.00     -8.64   -32.91    -8.62      0.0599     -0.71 RIGHT   4.2965E-05     51.97  2.6284E-06    -49.68
   85.00    355.00    -12.16   -38.28   -12.15      0.0484     -0.57 RIGHT   2.8642E-05     52.25  1.4159E-06    -49.41
   90.00    355.00   -999.99  -999.99  -999.99      0.0000      0.00         2.2807E-15   -129.32  8.6252E-17   -229.15


  AVERAGE POWER GAIN:  3.1783E-01 - SOLID ANGLE USED IN AVERAGING: (+1.9722)*PI STERADIANS



  DATA CARD No:   8 EN   0     0     0     0  0.00000E+00  0.00000E+00  0.00000E+00  0.00000E+00  0.00000E+00  0.00000E+00

  TOTAL RUN TIME: 50 msec