


                               __________________________________________
                              |                                          |
                              |  NUMERICAL ELECTROMAGNETICS CODE (nec2c) |
                              |   Translated to 'C' in Double Precision  |
                              |__________________________________________|



                               ---------------- COMMENTS ----------------
                               pattern-doublet-58p0-None-40m
                              



                               -------- STRUCTURE SPECIFICATION --------
                                     COORDINATES MUST BE INPUT IN
                                     METERS OR BE SCALED TO METERS
                                     BEFORE STRUCTURE INPUT IS ENDED

  WIRE                                                                                 SEG FIRST  LAST  TAG
   No:        X1         Y1         Z1         X2         Y2         Z2       RADIUS   No:   SEG   SEG  No:
     1    -6.40080    0.00000    3.04800   -0.01000    0.00000    9.14400    0.00024    61     1    61    1
     2    -0.01000    0.00000    9.14400    0.01000    0.00000    9.14400    0.00024     1    62    62    2
     3     0.01000    0.00000    9.14400    6.40080    0.00000    3.04800    0.00024    61    63   123    3

     TOTAL SEGMENTS USED: 123   SEGMENTS IN A SYMMETRIC CELL: 123   SYMMETRY FLAG: 0


                               ---------- SEGMENTATION DATA ----------
                                        COORDINATES IN METERS
                            I+ AND I- INDICATE THE SEGMENTS BEFORE AND AFTER I

   SEG    COORDINATES OF SEGM CENTER     SEGM    ORIENTATION ANGLES    WIRE    CONNECTION DATA   TAG
   No:       X         Y         Z      LENGTH     ALPHA      BETA    RADIUS    I-     I    I+   No:
     1   -6.3484    0.0000    3.0980    0.1448   43.6476    0.0000    0.0002     0     1     2     1
     2   -6.2436    0.0000    3.1979    0.1448   43.6476    0.0000    0.0002     1     2     3     1
     3   -6.1389    0.0000    3.2978    0.1448   43.6476    0.0000    0.0002     2     3     4     1
     4   -6.0341    0.0000    3.3978    0.1448   43.6476    0.0000    0.0002     3     4     5     1
     5   -5.9293    0.0000    3.4977    0.1448   43.6476    0.0000    0.0002     4     5     6     1
     6   -5.8246    0.0000    3.5976    0.1448   43.6476    0.0000    0.0002     5     6     7     1
     7   -5.7198    0.0000    3.6976    0.1448   43.6476    0.0000    0.0002     6     7     8     1
     8   -5.6150    0.0000    3.7975    0.1448   43.6476    0.0000    0.0002     7     8     9     1
     9   -5.5103    0.0000    3.8974    0.1448   43.6476    0.0000    0.0002     8     9    10     1
    10   -5.4055    0.0000    3.9974    0.1448   43.6476    0.0000    0.0002     9    10    11     1
    11   -5.3007    0.0000    4.0973    0.1448   43.6476    0.0000    0.0002    10    11    12     1
    12   -5.1960    0.0000    4.1972    0.1448   43.6476    0.0000    0.0002    11    12    13     1
    13   -5.0912    0.0000    4.2972    0.1448   43.6476    0.0000    0.0002    12    13    14     1
    14   -4.9864    0.0000    4.3971    0.1448   43.6476    0.0000    0.0002    13    14    15     1
    15   -4.8817    0.0000    4.4970    0.1448   43.6476    0.0000    0.0002    14    15    16     1
    16   -4.7769    0.0000    4.5970    0.1448   43.6476    0.0000    0.0002    15    16    17     1
    17   -4.6721    0.0000    4.6969    0.1448   43.6476    0.0000    0.0002    16    17    18     1
    18   -4.5674    0.0000    4.7969    0.1448   43.6476    0.0000    0.0002    17    18    19     1
    19   -4.4626    0.0000    4.8968    0.1448   43.6476    0.0000    0.0002    18    19    20     1
    20   -4.3578    0.0000    4.9967    0.1448   43.6476    0.0000    0.0002    19    20    21     1
    21   -4.2531    0.0000    5.0967    0.1448   43.6476    0.0000    0.0002    20    21    22     1
    22   -4.1483    0.0000    5.1966    0.1448   43.6476    0.0000    0.0002    21    22    23     1
    23   -4.0435    0.0000    5.2965    0.1448   43.6476    0.0000    0.0002    22    23    24     1
    24   -3.9388    0.0000    5.3965    0.1448   43.6476    0.0000    0.0002    23    24    25     1
    25   -3.8340    0.0000    5.4964    0.1448   43.6476    0.0000    0.0002    24    25    26     1
    26   -3.7292    0.0000    5.5963    0.1448   43.6476    0.0000    0.0002    25    26    27     1
    27   -3.6245    0.0000    5.6963    0.1448   43.6476    0.0000    0.0002    26    27    28     1
    28   -3.5197    0.0000    5.7962    0.1448   43.6476    0.0000    0.0002    27    28    29     1
    29   -3.4149    0.0000    5.8961    0.1448   43.6476    0.0000    0.0002    28    29    30     1
    30   -3.3102    0.0000    5.9961    0.1448   43.6476    0.0000    0.0002    29    30    31     1
    31   -3.2054    0.0000    6.0960    0.1448   43.6476    0.0000    0.0002    30    31    32     1
    32   -3.1006    0.0000    6.1959    0.1448   43.6476    0.0000    0.0002    31    32    33     1
    33   -2.9959    0.0000    6.2959    0.1448   43.6476    0.0000    0.0002    32    33    34     1
    34   -2.8911    0.0000    6.3958    0.1448   43.6476    0.0000    0.0002    33    34    35     1
    35   -2.7863    0.0000    6.4957    0.1448   43.6476    0.0000    0.0002    34    35    36     1
    36   -2.6816    0.0000    6.5957    0.1448   43.6476    0.0000    0.0002    35    36    37     1
    37   -2.5768    0.0000    6.6956    0.1448   43.6476    0.0000    0.0002    36    37    38     1
    38   -2.4720    0.0000    6.7955    0.1448   43.6476    0.0000    0.0002    37    38    39     1
    39   -2.3673    0.0000    6.8955    0.1448   43.6476    0.0000    0.0002    38    39    40     1
    40   -2.2625    0.0000    6.9954    0.1448   43.6476    0.0000    0.0002    39    40    41     1
    41   -2.1577    0.0000    7.0953    0.1448   43.6476    0.0000    0.0002    40    41    42     1
    42   -2.0530    0.0000    7.1953    0.1448   43.6476    0.0000    0.0002    41    42    43     1
    43   -1.9482    0.0000    7.2952    0.1448   43.6476    0.0000    0.0002    42    43    44     1
    44   -1.8434    0.0000    7.3951    0.1448   43.6476    0.0000    0.0002    43    44    45     1
    45   -1.7387    0.0000    7.4951    0.1448   43.6476    0.0000    0.0002    44    45    46     1
    46   -1.6339    0.0000    7.5950    0.1448   43.6476    0.0000    0.0002    45    46    47     1
    47   -1.5291    0.0000    7.6950    0.1448   43.6476    0.0000    0.0002    46    47    48     1
    48   -1.4244    0.0000    7.7949    0.1448   43.6476    0.0000    0.0002    47    48    49     1
    49   -1.3196    0.0000    7.8948    0.1448   43.6476    0.0000    0.0002    48    49    50     1
    50   -1.2148    0.0000    7.9948    0.1448   43.6476    0.0000    0.0002    49    50    51     1
    51   -1.1101    0.0000    8.0947    0.1448   43.6476    0.0000    0.0002    50    51    52     1
    52   -1.0053    0.0000    8.1946    0.1448   43.6476    0.0000    0.0002    51    52    53     1
    53   -0.9005    0.0000    8.2946    0.1448   43.6476    0.0000    0.0002    52    53    54     1
    54   -0.7958    0.0000    8.3945    0.1448   43.6476    0.0000    0.0002    53    54    55     1
    55   -0.6910    0.0000    8.4944    0.1448   43.6476    0.0000    0.0002    54    55    56     1
    56   -0.5862    0.0000    8.5944    0.1448   43.6476    0.0000    0.0002    55    56    57     1
    57   -0.4815    0.0000    8.6943    0.1448   43.6476    0.0000    0.0002    56    57    58     1
    58   -0.3767    0.0000    8.7942    0.1448   43.6476    0.0000    0.0002    57    58    59     1
    59   -0.2719    0.0000    8.8942    0.1448   43.6476    0.0000    0.0002    58    59    60     1
    60   -0.1672    0.0000    8.9941    0.1448   43.6476    0.0000    0.0002    59    60    61     1
    61   -0.0624    0.0000    9.0940    0.1448   43.6476    0.0000    0.0002    60    61    62     1
    62    0.0000    0.0000    9.1440    0.0200    0.0000    0.0000    0.0002    61    62    63     2
    63    0.0624    0.0000    9.0940    0.1448  -43.6476    0.0000    0.0002    62    63    64     3
    64    0.1672    0.0000    8.9941    0.1448  -43.6476    0.0000    0.0002    63    64    65     3
    65    0.2719    0.0000    8.8942    0.1448  -43.6476    0.0000    0.0002    64    65    66     3
    66    0.3767    0.0000    8.7942    0.1448  -43.6476    0.0000    0.0002    65    66    67     3
    67    0.4815    0.0000    8.6943    0.1448  -43.6476    0.0000    0.0002    66    67    68     3
    68    0.5862    0.0000    8.5944    0.1448  -43.6476    0.0000    0.0002    67    68    69     3
    69    0.6910    0.0000    8.4944    0.1448  -43.6476    0.0000    0.0002    68    69    70     3
    70    0.7958    0.0000    8.3945    0.1448  -43.6476    0.0000    0.0002    69    70    71     3
    71    0.9005    0.0000    8.2946    0.1448  -43.6476    0.0000    0.0002    70    71    72     3
    72    1.0053    0.0000    8.1946    0.1448  -43.6476    0.0000    0.0002    71    72    73     3
    73    1.1101    0.0000    8.0947    0.1448  -43.6476    0.0000    0.0002    72    73    74     3
    74    1.2148    0.0000    7.9948    0.1448  -43.6476    0.0000    0.0002    73    74    75     3
    75    1.3196    0.0000    7.8948    0.1448  -43.6476    0.0000    0.0002    74    75    76     3
    76    1.4244    0.0000    7.7949    0.1448  -43.6476    0.0000    0.0002    75    76    77     3
    77    1.5291    0.0000    7.6950    0.1448  -43.6476    0.0000    0.0002    76    77    78     3
    78    1.6339    0.0000    7.5950    0.1448  -43.6476    0.0000    0.0002    77    78    79     3
    79    1.7387    0.0000    7.4951    0.1448  -43.6476    0.0000    0.0002    78    79    80     3
    80    1.8434    0.0000    7.3951    0.1448  -43.6476    0.0000    0.0002    79    80    81     3
    81    1.9482    0.0000    7.2952    0.1448  -43.6476    0.0000    0.0002    80    81    82     3
    82    2.0530    0.0000    7.1953    0.1448  -43.6476    0.0000    0.0002    81    82    83     3
    83    2.1577    0.0000    7.0953    0.1448  -43.6476    0.0000    0.0002    82    83    84     3
    84    2.2625    0.0000    6.9954    0.1448  -43.6476    0.0000    0.0002    83    84    85     3
    85    2.3673    0.0000    6.8955    0.1448  -43.6476    0.0000    0.0002    84    85    86     3
    86    2.4720    0.0000    6.7955    0.1448  -43.6476    0.0000    0.0002    85    86    87     3
    87    2.5768    0.0000    6.6956    0.1448  -43.6476    0.0000    0.0002    86    87    88     3
    88    2.6816    0.0000    6.5957    0.1448  -43.6476    0.0000    0.0002    87    88    89     3
    89    2.7863    0.0000    6.4957    0.1448  -43.6476    0.0000    0.0002    88    89    90     3
    90    2.8911    0.0000    6.3958    0.1448  -43.6476    0.0000    0.0002    89    90    91     3
    91    2.9959    0.0000    6.2959    0.1448  -43.6476    0.0000    0.0002    90    91    92     3
    92    3.1006    0.0000    6.1959    0.1448  -43.6476    0.0000    0.0002    91    92    93     3
    93    3.2054    0.0000    6.0960    0.1448  -43.6476    0.0000    0.0002    92    93    94     3
    94    3.3102    0.0000    5.9961    0.1448  -43.6476    0.0000    0.0002    93    94    95     3
    95    3.4149    0.0000    5.8961    0.1448  -43.6476    0.0000    0.0002    94    95    96     3
    96    3.5197    0.0000    5.7962    0.1448  -43.6476    0.0000    0.0002    95    96    97     3
    97    3.6245    0.0000    5.6963    0.1448  -43.6476    0.0000    0.0002    96    97    98     3
    98    3.7292    0.0000    5.5963    0.1448  -43.6476    0.0000    0.0002    97    98    99     3
    99    3.8340    0.0000    5.4964    0.1448  -43.6476    0.0000    0.0002    98    99   100     3
   100    3.9388    0.0000    5.3965    0.1448  -43.6476    0.0000    0.0002    99   100   101     3
   101    4.0435    0.0000    5.2965    0.1448  -43.6476    0.0000    0.0002   100   101   102     3
   102    4.1483    0.0000    5.1966    0.1448  -43.6476    0.0000    0.0002   101   102   103     3
   103    4.2531    0.0000    5.0967    0.1448  -43.6476    0.0000    0.0002   102   103   104     3
   104    4.3578    0.0000    4.9967    0.1448  -43.6476    0.0000    0.0002   103   104   105     3
   105    4.4626    0.0000    4.8968    0.1448  -43.6476    0.0000    0.0002   104   105   106     3
   106    4.5674    0.0000    4.7969    0.1448  -43.6476    0.0000    0.0002   105   106   107     3
   107    4.6721    0.0000    4.6969    0.1448  -43.6476    0.0000    0.0002   106   107   108     3
   108    4.7769    0.0000    4.5970    0.1448  -43.6476    0.0000    0.0002   107   108   109     3
   109    4.8817    0.0000    4.4970    0.1448  -43.6476    0.0000    0.0002   108   109   110     3
   110    4.9864    0.0000    4.3971    0.1448  -43.6476    0.0000    0.0002   109   110   111     3
   111    5.0912    0.0000    4.2972    0.1448  -43.6476    0.0000    0.0002   110   111   112     3
   112    5.1960    0.0000    4.1972    0.1448  -43.6476    0.0000    0.0002   111   112   113     3
   113    5.3007    0.0000    4.0973    0.1448  -43.6476    0.0000    0.0002   112   113   114     3
   114    5.4055    0.0000    3.9974    0.1448  -43.6476    0.0000    0.0002   113   114   115     3
   115    5.5103    0.0000    3.8974    0.1448  -43.6476    0.0000    0.0002   114   115   116     3
   116    5.6150    0.0000    3.7975    0.1448  -43.6476    0.0000    0.0002   115   116   117     3
   117    5.7198    0.0000    3.6976    0.1448  -43.6476    0.0000    0.0002   116   117   118     3
   118    5.8246    0.0000    3.5976    0.1448  -43.6476    0.0000    0.0002   117   118   119     3
   119    5.9293    0.0000    3.4977    0.1448  -43.6476    0.0000    0.0002   118   119   120     3
   120    6.0341    0.0000    3.3978    0.1448  -43.6476    0.0000    0.0002   119   120   121     3
   121    6.1389    0.0000    3.2978    0.1448  -43.6476    0.0000    0.0002   120   121   122     3
   122    6.2436    0.0000    3.1979    0.1448  -43.6476    0.0000    0.0002   121   122   123     3
   123    6.3484    0.0000    3.0980    0.1448  -43.6476    0.0000    0.0002   122   123     0     3



  DATA CARD No:   1 EK   0     0     0     0  0.00000E+00  0.00000E+00  0.00000E+00  0.00000E+00  0.00000E+00  0.00000E+00
  DATA CARD No:   2 LD   5     0     0     0  1.50000E+07  0.00000E+00  0.00000E+00  0.00000E+00  0.00000E+00  0.00000E+00
  DATA CARD No:   3 GN   2     0     0     0  1.30000E+01  5.00000E-03  0.00000E+00  0.00000E+00  0.00000E+00  0.00000E+00
  DATA CARD No:   4 FR   0     1     0     0  7.05000E+00  0.00000E+00  0.00000E+00  0.00000E+00  0.00000E+00  0.00000E+00
  DATA CARD No:   5 EX   0     2     1     0  1.00000E+00  0.00000E+00  0.00000E+00  0.00000E+00  0.00000E+00  0.00000E+00
  DATA CARD No:   6 PT  -1     0     0     0  0.00000E+00  0.00000E+00  0.00000E+00  0.00000E+00  0.00000E+00  0.00000E+00
  DATA CARD No:   7 RP   0    19    72  1001  0.00000E+00  0.00000E+00  5.00000E+00  5.00000E+00  1.00000E+03  0.00000E+00


                               --------- FREQUENCY --------
                                FREQUENCY : 7.0500E+00 MHz
                                WAVELENGTH: 4.2525E+01 Mtr

                        APPROXIMATE INTEGRATION EMPLOYED FOR SEGMENTS 
                        THAT ARE MORE THAN 1.000 WAVELENGTHS APART
                        THE EXTENDED THIN WIRE KERNEL WILL BE USED


                          ------ STRUCTURE IMPEDANCE LOADING ------
  LOCATION        RESISTANCE  INDUCTANCE  CAPACITANCE     IMPEDANCE (OHMS)   CONDUCTIVITY  CIRCUIT
  ITAG FROM THRU     OHMS       HENRYS      FARADS       REAL     IMAGINARY   MHOS/METER      TYPE
  ALL                                                                        1.5000E+07     WIRE  


                            -------- ANTENNA ENVIRONMENT --------
                            FINITE GROUND - SOMMERFELD SOLUTION
                            RELATIVE DIELECTRIC CONST: 13.000
                            CONDUCTIVITY:  5.000E-03 MHOS/METER
                            COMPLEX DIELECTRIC CONSTANT:  1.3000E+01-1.2749E+01j


                             ---------- MATRIX TIMING ----------
                               FILL: 10 msec  FACTOR: 10 msec


                        --------- ANTENNA INPUT PARAMETERS ---------
  TAG   SEG       VOLTAGE (VOLTS)         CURRENT (AMPS)         IMPEDANCE (OHMS)        ADMITTANCE (MHOS)     POWER
  No:   No:     REAL      IMAGINARY     REAL      IMAGINARY     REAL      IMAGINARY    REAL       IMAGINARY   (WATTS)
    2    62  1.0000E+00  0.0000E+00  5.3957E-04  4.2099E-03  2.9952E+01 -2.3370E+02  5.3957E-04  4.2099E-03  2.6979E-04


                               ---------- POWER BUDGET ---------
                               INPUT POWER   =  2.6979E-04 Watts
                               RADIATED POWER=  2.0712E-04 Watts
                               STRUCTURE LOSS=  6.2666E-05 Watts
                               NETWORK LOSS  =  0.0000E+00 Watts
                               EFFICIENCY    =   76.77 Percent


                             ---------- RADIATION PATTERNS -----------

                             RANGE:  1.000000E+03 METERS
                             EXP(-JKR)/R:  1.00000E-03 AT PHASE: -185.64 DEGREES

 ---- ANGLES -----     ----- POWER GAINS -----       ---- POLARIZATION ----   ---- E(THETA) ----    ----- E(PHI) ------
  THETA      PHI       VERTC    HORIZ    TOTAL       AXIAL      TILT  SENSE   MAGNITUDE    PHASE    MAGNITUDE     PHASE
 DEGREES   DEGREES        DB       DB       DB       RATIO   DEGREES            VOLTS/M   DEGREES     VOLTS/M   DEGREES
    0.00      0.00      4.27  -999.99     4.27      0.0000      0.00 LINEAR  2.0794E-04   -114.90  0.0000E+00   -185.64
    5.00      0.00      4.23  -999.99     4.23      0.0000      0.00 LINEAR  2.0692E-04   -114.96  0.0000E+00   -185.64
   10.00      0.00      4.10  -999.99     4.10      0.0000      0.00 LINEAR  2.0387E-04   -115.13  0.0000E+00   -185.64
   15.00      0.00      3.88  -999.99     3.88      0.0000      0.00 LINEAR  1.9888E-04   -115.42  0.0000E+00   -185.64
   20.00      0.00      3.58  -999.99     3.58      0.0000      0.00 LINEAR  1.9209E-04   -115.83  0.0000E+00   -185.64
   25.00      0.00      3.19  -999.99     3.19      0.0000      0.00 LINEAR  1.8369E-04   -116.38  0.0000E+00   -185.64
   30.00      0.00      2.72  -999.99     2.72      0.0000      0.00 LINEAR  1.7390E-04   -117.07  0.0000E+00   -185.64
   35.00      0.00      2.15  -999.99     2.15      0.0000      0.00 LINEAR  1.6299E-04   -117.93  0.0000E+00   -185.64
   40.00      0.00      1.51  -999.99     1.51      0.0000      0.00 LINEAR  1.5125E-04   -118.98  0.0000E+00   -185.64
   45.00      0.00      0.77  -999.99     0.77      0.0000      0.00 LINEAR  1.3898E-04   -120.22  0.0000E+00   -185.64
   50.00      0.00     -0.05  -999.99    -0.05      0.0000      0.00 LINEAR  1.2646E-04   -121.69  0.0000E+00   -185.64
   55.00      0.00     -0.96  -999.99    -0.96      0.0000      0.00 LINEAR  1.1394E-04   -123.39  0.0000E+00   -185.64
   60.00      0.00     -1.95  -999.99    -1.95      0.0000      0.00 LINEAR  1.0159E-04   -125.33  0.0000E+00   -185.64
   65.00      0.00     -3.06  -999.99    -3.06      0.0000      0.00 LINEAR  8.9458E-05   -127.53  0.0000E+00   -185.64
   70.00      0.00     -4.32  -999.99    -4.32      0.0000      0.00 LINEAR  7.7377E-05   -129.98  0.0000E+00   -185.64
   75.00      0.00     -5.86  -999.99    -5.86      0.0000      0.00 LINEAR  6.4785E-05   -132.72  0.0000E+00   -185.64
   80.00      0.00     -8.04  -999.99    -8.04      0.0000      0.00 LINEAR  5.0380E-05   -135.89  0.0000E+00   -185.64
   85.00      0.00    -12.20  -999.99   -12.20      0.0000      0.00 LINEAR  3.1215E-05   -139.88  0.0000E+00   -185.64
   90.00      0.00   -999.99  -999.99  -999.99      0.0000      0.00         2.4640E-15   -325.87  0.0000E+00   -185.64
    0.00      5.00      4.24   -16.92     4.27      0.0000     -5.00 LINEAR  2.0715E-04   -114.90  1.8124E-05   -294.90
    5.00      5.00      4.19   -16.94     4.23      0.0001     -5.02 RIGHT   2.0613E-04   -114.96  1.8093E-05   -294.92
   10.00      5.00      4.07   -16.98     4.10      0.0002     -5.06 RIGHT   2.0310E-04   -115.13  1.7998E-05   -294.98
   15.00      5.00      3.85   -17.06     3.89      0.0005     -5.14 RIGHT   1.9813E-04   -115.42  1.7836E-05   -295.08
   20.00      5.00      3.55   -17.18     3.59      0.0010     -5.25 RIGHT   1.9137E-04   -115.83  1.7599E-05   -295.20
   25.00      5.00      3.16   -17.34     3.20      0.0017     -5.39 RIGHT   1.8301E-04   -116.38  1.7275E-05   -295.35
   30.00      5.00      2.69   -17.55     2.73      0.0026     -5.55 RIGHT   1.7326E-04   -117.07  1.6854E-05   -295.50
   35.00      5.00      2.12   -17.83     2.17      0.0040     -5.73 RIGHT   1.6240E-04   -117.94  1.6320E-05   -295.66
   40.00      5.00      1.47   -18.19     1.52      0.0057     -5.92 RIGHT   1.5071E-04   -118.98  1.5659E-05   -295.80
   45.00      5.00      0.74   -18.65     0.79      0.0080     -6.11 RIGHT   1.3849E-04   -120.22  1.4856E-05   -295.91
   50.00      5.00     -0.08   -19.23    -0.03      0.0108     -6.26 RIGHT   1.2602E-04   -121.69  1.3896E-05   -296.00
   55.00      5.00     -0.99   -19.97    -0.93      0.0142     -6.36 RIGHT   1.1354E-04   -123.39  1.2767E-05   -296.03
   60.00      5.00     -1.98   -20.91    -1.93      0.0181     -6.38 RIGHT   1.0124E-04   -125.34  1.1460E-05   -296.01
   65.00      5.00     -3.09   -22.12    -3.03      0.0222     -6.25 RIGHT   8.9154E-05   -127.53  9.9695E-06   -295.93
   70.00      5.00     -4.35   -23.71    -4.30      0.0261     -5.96 RIGHT   7.7116E-05   -129.99  8.2965E-06   -295.79
   75.00      5.00     -5.89   -25.90    -5.85      0.0292     -5.45 RIGHT   6.4568E-05   -132.73  6.4472E-06   -295.57
   80.00      5.00     -8.07   -29.15    -8.04      0.0309     -4.73 RIGHT   5.0212E-05   -135.89  4.4342E-06   -295.28
   85.00      5.00    -12.23   -34.94   -12.21      0.0308     -3.80 RIGHT   3.1111E-05   -139.89  2.2767E-06   -294.91
   90.00      5.00   -999.99  -999.99  -999.99      0.0000      0.00         2.4558E-15   -325.88  1.3606E-16   -114.47
    0.00     10.00      4.14   -10.94     4.27      0.0000    -10.00 LINEAR  2.0479E-04   -114.90  3.6109E-05   -294.90
    5.00     10.00      4.09   -10.95     4.23      0.0001    -10.03 RIGHT   2.0378E-04   -114.96  3.6048E-05   -294.92
   10.00     10.00      3.97   -11.00     4.10      0.0004    -10.13 RIGHT   2.0079E-04   -115.13  3.5862E-05   -294.98
   15.00     10.00      3.75   -11.07     3.89      0.0010    -10.28 RIGHT   1.9589E-04   -115.42  3.5541E-05   -295.08
   20.00     10.00      3.45   -11.19     3.60      0.0020    -10.50 RIGHT   1.8922E-04   -115.83  3.5070E-05   -295.20
   25.00     10.00      3.06   -11.35     3.22      0.0033    -10.77 RIGHT   1.8097E-04   -116.38  3.4429E-05   -295.35
   30.00     10.00      2.59   -11.56     2.75      0.0052    -11.09 RIGHT   1.7135E-04   -117.08  3.3593E-05   -295.50
   35.00     10.00      2.03   -11.84     2.20      0.0077    -11.44 RIGHT   1.6063E-04   -117.94  3.2533E-05   -295.66
   40.00     10.00      1.38   -12.20     1.57      0.0111    -11.81 RIGHT   1.4909E-04   -118.98  3.1220E-05   -295.80
   45.00     10.00      0.65   -12.66     0.84      0.0155    -12.17 RIGHT   1.3701E-04   -120.23  2.9622E-05   -295.92
   50.00     10.00     -0.17   -13.24     0.04      0.0210    -12.48 RIGHT   1.2469E-04   -121.69  2.7712E-05   -296.00
   55.00     10.00     -1.08   -13.97    -0.86      0.0276    -12.68 RIGHT   1.1236E-04   -123.40  2.5463E-05   -296.04
   60.00     10.00     -2.07   -14.91    -1.85      0.0352    -12.70 RIGHT   1.0019E-04   -125.35  2.2859E-05   -296.02
   65.00     10.00     -3.18   -16.12    -2.96      0.0432    -12.47 RIGHT   8.8242E-05   -127.55  1.9888E-05   -295.94
   70.00     10.00     -4.43   -17.71    -4.23      0.0510    -11.90 RIGHT   7.6332E-05   -130.00  1.6552E-05   -295.79
   75.00     10.00     -5.98   -19.90    -5.80      0.0573    -10.92 RIGHT   6.3915E-05   -132.75  1.2864E-05   -295.57
   80.00     10.00     -8.16   -23.15    -8.02      0.0610     -9.49 RIGHT   4.9706E-05   -135.91  8.8477E-06   -295.28
   85.00     10.00    -12.32   -28.94   -12.22      0.0612     -7.64 RIGHT   3.0798E-05   -139.91  4.5429E-06   -294.92
   90.00     10.00   -999.99  -999.99  -999.99      0.0000      0.00         2.4311E-15   -325.90  2.7150E-16   -114.48
    0.00     15.00      3.97    -7.47     4.27      0.0000    -15.00 LINEAR  2.0086E-04   -114.90  5.3820E-05   -294.90
    5.00     15.00      3.93    -7.48     4.23      0.0002    -15.05 RIGHT   1.9988E-04   -114.96  5.3730E-05   -294.92
   10.00     15.00      3.80    -7.53     4.11      0.0006    -15.19 RIGHT   1.9695E-04   -115.13  5.3455E-05   -294.98
   15.00     15.00      3.58    -7.61     3.90      0.0015    -15.41 RIGHT   1.9217E-04   -115.42  5.2982E-05   -295.08
   20.00     15.00      3.29    -7.72     3.62      0.0029    -15.73 RIGHT   1.8565E-04   -115.83  5.2287E-05   -295.21
   25.00     15.00      2.90    -7.88     3.25      0.0048    -16.12 RIGHT   1.7758E-04   -116.38  5.1340E-05   -295.35
   30.00     15.00      2.43    -8.09     2.80      0.0075    -16.58 RIGHT   1.6818E-04   -117.08  5.0103E-05   -295.51
   35.00     15.00      1.87    -8.37     2.26      0.0112    -17.10 RIGHT   1.5769E-04   -117.94  4.8532E-05   -295.66
   40.00     15.00      1.22    -8.72     1.64      0.0161    -17.63 RIGHT   1.4638E-04   -118.99  4.6583E-05   -295.80
   45.00     15.00      0.49    -9.18     0.93      0.0223    -18.15 RIGHT   1.3456E-04   -120.24  4.4209E-05   -295.92
   50.00     15.00     -0.33    -9.76     0.14      0.0301    -18.59 RIGHT   1.2248E-04   -121.71  4.1366E-05   -296.00
   55.00     15.00     -1.23   -10.49    -0.74      0.0396    -18.89 RIGHT   1.1039E-04   -123.41  3.8018E-05   -296.04
   60.00     15.00     -2.22   -11.42    -1.73      0.0504    -18.94 RIGHT   9.8453E-05   -125.36  3.4136E-05   -296.03
   65.00     15.00     -3.33   -12.63    -2.84      0.0620    -18.62 RIGHT   8.6721E-05   -127.57  2.9705E-05   -295.95
   70.00     15.00     -4.58   -14.23    -4.14      0.0735    -17.82 RIGHT   7.5026E-05   -130.03  2.4726E-05   -295.80
   75.00     15.00     -6.13   -16.41    -5.74      0.0833    -16.41 RIGHT   6.2827E-05   -132.78  1.9218E-05   -295.58
   80.00     15.00     -8.31   -19.66    -8.00      0.0896    -14.32 RIGHT   4.8863E-05   -135.95  1.3219E-05   -295.29
   85.00     15.00    -12.47   -25.45   -12.25      0.0910    -11.58 RIGHT   3.0277E-05   -139.94  6.7879E-06   -294.92
   90.00     15.00   -999.99  -999.99  -999.99      0.0000      0.00         2.3900E-15   -325.93  4.0567E-16   -114.49
    0.00     20.00      3.73    -5.05     4.27      0.0000    -20.00 LINEAR  1.9540E-04   -114.90  7.1121E-05   -294.90
    5.00     20.00      3.69    -5.06     4.23      0.0002    -20.06 RIGHT   1.9445E-04   -114.96  7.1004E-05   -294.92
   10.00     20.00      3.56    -5.11     4.11      0.0008    -20.24 RIGHT   1.9162E-04   -115.13  7.0647E-05   -294.99
   15.00     20.00      3.35    -5.18     3.92      0.0019    -20.53 RIGHT   1.8699E-04   -115.42  7.0031E-05   -295.08
   20.00     20.00      3.05    -5.30     3.64      0.0037    -20.93 RIGHT   1.8069E-04   -115.83  6.9125E-05   -295.21
   25.00     20.00      2.67    -5.45     3.29      0.0061    -21.44 RIGHT   1.7287E-04   -116.39  6.7888E-05   -295.35
   30.00     20.00      2.20    -5.66     2.85      0.0096    -22.03 RIGHT   1.6375E-04   -117.09  6.6268E-05   -295.51
   35.00     20.00      1.64    -5.94     2.34      0.0142    -22.68 RIGHT   1.5358E-04   -117.95  6.4209E-05   -295.67
   40.00     20.00      0.99    -6.29     1.74      0.0203    -23.36 RIGHT   1.4261E-04   -119.00  6.1648E-05   -295.81
   45.00     20.00      0.27    -6.74     1.05      0.0281    -24.01 RIGHT   1.3113E-04   -120.25  5.8523E-05   -295.93
   50.00     20.00     -0.55    -7.32     0.28      0.0378    -24.58 RIGHT   1.1939E-04   -121.72  5.4776E-05   -296.01
   55.00     20.00     -1.45    -8.05    -0.59      0.0494    -24.96 RIGHT   1.0763E-04   -123.43  5.0356E-05   -296.05
   60.00     20.00     -2.44    -8.98    -1.57      0.0629    -25.03 RIGHT   9.6017E-05   -125.39  4.5226E-05   -296.03
   65.00     20.00     -3.54   -10.19    -2.69      0.0776    -24.66 RIGHT   8.4592E-05   -127.60  3.9365E-05   -295.96
   70.00     20.00     -4.80   -11.78    -4.01      0.0926    -23.67 RIGHT   7.3196E-05   -130.06  3.2773E-05   -295.81
   75.00     20.00     -6.34   -13.97    -5.65      0.1061    -21.91 RIGHT   6.1302E-05   -132.82  2.5477E-05   -295.59
   80.00     20.00     -8.52   -17.21    -7.97      0.1159    -19.25 RIGHT   4.7681E-05   -135.99  1.7526E-05   -295.30
   85.00     20.00    -12.68   -23.00   -12.29      0.1197    -15.66 RIGHT   2.9546E-05   -139.99  9.0002E-06   -294.94
   90.00     20.00   -999.99  -999.99  -999.99      0.0000      0.00         2.3323E-15   -325.98  5.3789E-16   -114.50
    0.00     25.00      3.42    -3.21     4.27      0.0000    -25.00 LINEAR  1.8846E-04   -114.90  8.7881E-05   -294.90
    5.00     25.00      3.37    -3.22     4.23      0.0002    -25.07 RIGHT   1.8755E-04   -114.96  8.7740E-05   -294.92
   10.00     25.00      3.25    -3.27     4.12      0.0010    -25.28 RIGHT   1.8484E-04   -115.13  8.7307E-05   -294.99
   15.00     25.00      3.04    -3.34     3.94      0.0023    -25.63 RIGHT   1.8040E-04   -115.42  8.6560E-05   -295.08
   20.00     25.00      2.74    -3.45     3.68      0.0043    -26.11 RIGHT   1.7436E-04   -115.84  8.5459E-05   -295.21
   25.00     25.00      2.36    -3.61     3.34      0.0072    -26.71 RIGHT   1.6686E-04   -116.39  8.3952E-05   -295.36
   30.00     25.00      1.89    -3.82     2.92      0.0112    -27.40 RIGHT   1.5811E-04   -117.09  8.1975E-05   -295.51
   35.00     25.00      1.34    -4.09     2.43      0.0166    -28.16 RIGHT   1.4834E-04   -117.96  7.9454E-05   -295.67
   40.00     25.00      0.70    -4.44     1.86      0.0236    -28.96 RIGHT   1.3779E-04   -119.01  7.6313E-05   -295.82
   45.00     25.00     -0.03    -4.89     1.20      0.0325    -29.73 RIGHT   1.2674E-04   -120.26  7.2471E-05   -295.94
   50.00     25.00     -0.84    -5.46     0.45      0.0436    -30.39 RIGHT   1.1543E-04   -121.74  6.7855E-05   -296.02
   55.00     25.00     -1.74    -6.18    -0.41      0.0569    -30.84 RIGHT   1.0410E-04   -123.45  6.2402E-05   -296.06
   60.00     25.00     -2.73    -7.12    -1.38      0.0724    -30.95 RIGHT   9.2890E-05   -125.42  5.6062E-05   -296.05
   65.00     25.00     -3.83    -8.32    -2.51      0.0896    -30.56 RIGHT   8.1857E-05   -127.63  4.8810E-05   -295.97
   70.00     25.00     -5.08    -9.91    -3.85      0.1077    -29.45 RIGHT   7.0843E-05   -130.10  4.0647E-05   -295.82
   75.00     25.00     -6.62   -12.09    -5.54      0.1250    -27.42 RIGHT   5.9340E-05   -132.86  3.1603E-05   -295.61
   80.00     25.00     -8.80   -15.34    -7.93      0.1391    -24.28 RIGHT   4.6160E-05   -136.04  2.1744E-05   -295.32
   85.00     25.00    -12.96   -21.13   -12.34      0.1468    -19.92 RIGHT   2.8605E-05   -140.04  1.1167E-05   -294.95
   90.00     25.00   -999.99  -999.99  -999.99      0.0000      0.00         2.2581E-15   -326.04  6.6741E-16   -114.51
    0.00     30.00      3.02    -1.75     4.27      0.0000    -30.00 LINEAR  1.8009E-04   -114.90  1.0397E-04   -294.90
    5.00     30.00      2.98    -1.76     4.24      0.0003    -30.08 RIGHT   1.7922E-04   -114.96  1.0381E-04   -294.93
   10.00     30.00      2.85    -1.81     4.13      0.0011    -30.32 RIGHT   1.7665E-04   -115.13  1.0331E-04   -294.99
   15.00     30.00      2.64    -1.88     3.96      0.0026    -30.71 RIGHT   1.7245E-04   -115.42  1.0245E-04   -295.08
   20.00     30.00      2.35    -1.99     3.71      0.0049    -31.25 RIGHT   1.6671E-04   -115.84  1.0117E-04   -295.21
   25.00     30.00      1.97    -2.14     3.40      0.0081    -31.92 RIGHT   1.5959E-04   -116.39  9.9415E-05   -295.36
   30.00     30.00      1.51    -2.34     3.01      0.0125    -32.69 RIGHT   1.5128E-04   -117.10  9.7109E-05   -295.52
   35.00     30.00      0.96    -2.61     2.54      0.0184    -33.54 RIGHT   1.4198E-04   -117.97  9.4160E-05   -295.68
   40.00     30.00      0.32    -2.96     1.99      0.0260    -34.42 RIGHT   1.3194E-04   -119.02  9.0474E-05   -295.82
   45.00     30.00     -0.40    -3.40     1.36      0.0357    -35.27 RIGHT   1.2141E-04   -120.28  8.5956E-05   -295.95
   50.00     30.00     -1.21    -3.97     0.63      0.0476    -36.01 RIGHT   1.1062E-04   -121.76  8.0515E-05   -296.03
   55.00     30.00     -2.11    -4.70    -0.20      0.0620    -36.52 RIGHT   9.9791E-05   -123.48  7.4073E-05   -296.07
   60.00     30.00     -3.09    -5.62    -1.17      0.0787    -36.67 RIGHT   8.9076E-05   -125.45  6.6572E-05   -296.06
   65.00     30.00     -4.19    -6.82    -2.30      0.0977    -36.27 RIGHT   7.8518E-05   -127.67  5.7980E-05   -295.98
   70.00     30.00     -5.44    -8.41    -3.67      0.1184    -35.11 RIGHT   6.7969E-05   -130.15  4.8296E-05   -295.84
   75.00     30.00     -6.98   -10.59    -5.41      0.1393    -32.92 RIGHT   5.6943E-05   -132.92  3.7560E-05   -295.62
   80.00     30.00     -9.16   -13.84    -7.89      0.1582    -29.42 RIGHT   4.4301E-05   -136.10  2.5847E-05   -295.33
   85.00     30.00    -13.32   -19.63   -12.40      0.1714    -24.40 RIGHT   2.7455E-05   -140.11  1.3275E-05   -294.97
   90.00     30.00   -999.99  -999.99  -999.99      0.0000      0.00         2.1674E-15   -326.10  7.9346E-16   -114.53
    0.00     35.00      2.54    -0.56     4.27      0.0000    -35.00 LINEAR  1.7034E-04   -114.90  1.1927E-04   -294.90
    5.00     35.00      2.50    -0.57     4.24      0.0003    -35.09 RIGHT   1.6953E-04   -114.96  1.1909E-04   -294.93
   10.00     35.00      2.37    -0.61     4.14      0.0012    -35.35 RIGHT   1.6712E-04   -115.13  1.1853E-04   -294.99
   15.00     35.00      2.16    -0.68     3.98      0.0028    -35.77 RIGHT   1.6318E-04   -115.42  1.1757E-04   -295.09
   20.00     35.00      1.87    -0.79     3.75      0.0052    -36.35 RIGHT   1.5779E-04   -115.84  1.1613E-04   -295.21
   25.00     35.00      1.50    -0.94     3.46      0.0087    -37.07 RIGHT   1.5111E-04   -116.40  1.1416E-04   -295.36
   30.00     35.00      1.04    -1.14     3.09      0.0134    -37.90 RIGHT   1.4329E-04   -117.11  1.1156E-04   -295.53
   35.00     35.00      0.49    -1.40     2.66      0.0195    -38.81 RIGHT   1.3454E-04   -117.98  1.0822E-04   -295.69
   40.00     35.00     -0.14    -1.75     2.14      0.0275    -39.74 RIGHT   1.2509E-04   -119.04  1.0403E-04   -295.83
   45.00     35.00     -0.86    -2.19     1.54      0.0375    -40.64 RIGHT   1.1515E-04   -120.30  9.8878E-05   -295.96
   50.00     35.00     -1.67    -2.75     0.83      0.0498    -41.42 RIGHT   1.0496E-04   -121.79  9.2662E-05   -296.04
   55.00     35.00     -2.56    -3.47     0.02      0.0645    -41.97 RIGHT   9.4727E-05   -123.51  8.5286E-05   -296.09
   60.00     35.00     -3.54    -4.39    -0.94      0.0819    -42.16 RIGHT   8.4586E-05   -125.49  7.6681E-05   -296.07
   65.00     35.00     -4.64    -5.59    -2.08      0.1020    -41.79 RIGHT   7.4583E-05   -127.72  6.6808E-05   -296.00
   70.00     35.00     -5.89    -7.18    -3.47      0.1245    -40.63 RIGHT   6.4579E-05   -130.21  5.5667E-05   -295.85
   75.00     35.00     -7.42    -9.36    -5.27      0.1486    -38.38 RIGHT   5.4113E-05   -132.98  4.3303E-05   -295.64
   80.00     35.00     -9.60   -12.60    -7.84      0.1726    -34.67 RIGHT   4.2106E-05   -136.17  2.9804E-05   -295.35
   85.00     35.00    -13.76   -18.39   -12.47      0.1927    -29.15 RIGHT   2.6097E-05   -140.18  1.5310E-05   -294.98
   90.00     35.00   -999.99  -999.99  -999.99      0.0000      0.00         2.0602E-15   -326.18  9.1505E-16   -114.54
    0.00     40.00      1.96     0.43     4.27      0.0000    -40.00 LINEAR  1.5929E-04   -114.90  1.3366E-04   -294.90
    5.00     40.00      1.91     0.42     4.24      0.0003    -40.09 RIGHT   1.5855E-04   -114.96  1.3347E-04   -294.93
   10.00     40.00      1.79     0.38     4.15      0.0013    -40.36 RIGHT   1.5632E-04   -115.13  1.3286E-04   -294.99
   15.00     40.00      1.59     0.31     4.00      0.0029    -40.81 RIGHT   1.5266E-04   -115.43  1.3181E-04   -295.09
   20.00     40.00      1.30     0.21     3.80      0.0054    -41.41 RIGHT   1.4767E-04   -115.85  1.3024E-04   -295.22
   25.00     40.00      0.92     0.06     3.52      0.0090    -42.16 RIGHT   1.4146E-04   -116.40  1.2807E-04   -295.37
   30.00     40.00      0.47    -0.14     3.19      0.0138    -43.01 RIGHT   1.3420E-04   -117.11  1.2521E-04   -295.53
   35.00     40.00     -0.08    -0.40     2.78      0.0200    -43.95 RIGHT   1.2607E-04   -117.99  1.2151E-04   -295.69
   40.00     40.00     -0.71    -0.73     2.29      0.0280    -44.90 RIGHT   1.1726E-04   -119.05  1.1687E-04   -295.84
   45.00     40.00     -1.42    -1.17     1.72      0.0380    -45.82 RIGHT   1.0800E-04   -120.32  1.1114E-04   -295.97
   50.00     40.00     -2.22    -1.73     1.04      0.0502    -46.62 RIGHT   9.8489E-05   -121.81  1.0420E-04   -296.06
   55.00     40.00     -3.11    -2.45     0.24      0.0649    -47.20 RIGHT   8.8922E-05   -123.55  9.5951E-05   -296.10
   60.00     40.00     -4.09    -3.37    -0.70      0.0823    -47.41 RIGHT   7.9433E-05   -125.53  8.6307E-05   -296.09
   65.00     40.00     -5.18    -4.56    -1.85      0.1026    -47.08 RIGHT   7.0062E-05   -127.77  7.5224E-05   -296.02
   70.00     40.00     -6.43    -6.14    -3.27      0.1262    -45.97 RIGHT   6.0681E-05   -130.26  6.2701E-05   -295.87
   75.00     40.00     -7.96    -8.32    -5.13      0.1528    -43.75 RIGHT   5.0858E-05   -133.05  4.8787E-05   -295.66
   80.00     40.00    -10.14   -11.57    -7.78      0.1816    -39.99 RIGHT   3.9578E-05   -136.24  3.3586E-05   -295.37
   85.00     40.00    -14.29   -17.35   -12.55      0.2096    -34.17 RIGHT   2.4533E-05   -140.26  1.7254E-05   -295.00
   90.00     40.00   -999.99  -999.99  -999.99      0.0000      0.00         1.9367E-15   -326.25  1.0313E-15   -114.57
    0.00     45.00      1.26     1.26     4.27      0.0000    -45.00 LINEAR  1.4704E-04   -114.90  1.4704E-04   -294.90
    5.00     45.00      1.22     1.25     4.24      0.0003    -45.09 RIGHT   1.4635E-04   -114.96  1.4683E-04   -294.93
   10.00     45.00      1.10     1.21     4.16      0.0013    -45.37 RIGHT   1.4432E-04   -115.13  1.4618E-04   -294.99
   15.00     45.00      0.89     1.14     4.03      0.0030    -45.82 RIGHT   1.4097E-04   -115.43  1.4506E-04   -295.09
   20.00     45.00      0.61     1.04     3.84      0.0055    -46.43 RIGHT   1.3641E-04   -115.85  1.4338E-04   -295.22
   25.00     45.00      0.24     0.90     3.59      0.0090    -47.18 RIGHT   1.3072E-04   -116.41  1.4105E-04   -295.37
   30.00     45.00     -0.22     0.71     3.28      0.0137    -48.03 RIGHT   1.2407E-04   -117.12  1.3795E-04   -295.54
   35.00     45.00     -0.75     0.45     2.90      0.0199    -48.96 RIGHT   1.1660E-04   -118.00  1.3394E-04   -295.70
   40.00     45.00     -1.38     0.12     2.44      0.0277    -49.91 RIGHT   1.0851E-04   -119.07  1.2889E-04   -295.85
   45.00     45.00     -2.09    -0.32     1.90      0.0373    -50.82 RIGHT   9.9988E-05   -120.34  1.2263E-04   -295.98
   50.00     45.00     -2.89    -0.87     1.25      0.0490    -51.62 RIGHT   9.1227E-05   -121.84  1.1504E-04   -296.07
   55.00     45.00     -3.77    -1.58     0.47      0.0632    -52.19 RIGHT   8.2402E-05   -123.58  1.0598E-04   -296.12
   60.00     45.00     -4.75    -2.50    -0.47      0.0801    -52.42 RIGHT   7.3638E-05   -125.57  9.5370E-05   -296.11
   65.00     45.00     -5.83    -3.69    -1.62      0.1001    -52.14 RIGHT   6.4973E-05   -127.82  8.3156E-05   -296.03
   70.00     45.00     -7.08    -5.27    -3.07      0.1238    -51.12 RIGHT   5.6288E-05   -130.32  6.9336E-05   -295.89
   75.00     45.00     -8.61    -7.45    -4.98      0.1519    -49.02 RIGHT   4.7187E-05   -133.11  5.3964E-05   -295.68
   80.00     45.00    -10.79   -10.69    -7.73      0.1847    -45.36 RIGHT   3.6727E-05   -136.32  3.7157E-05   -295.39
   85.00     45.00    -14.94   -16.47   -12.63      0.2208    -39.46 RIGHT   2.2767E-05   -140.33  1.9091E-05   -295.02
   90.00     45.00   -999.99  -999.99  -999.99      0.0000      0.00         1.7974E-15   -326.34  1.1412E-15   -114.59
    0.00     50.00      0.43     1.96     4.27      0.0000    -50.00 LINEAR  1.3366E-04   -114.90  1.5929E-04   -294.90
    5.00     50.00      0.39     1.94     4.25      0.0003    -50.09 RIGHT   1.3305E-04   -114.96  1.5907E-04   -294.93
   10.00     50.00      0.27     1.91     4.18      0.0013    -50.36 RIGHT   1.3121E-04   -115.14  1.5840E-04   -294.99
   15.00     50.00      0.07     1.84     4.06      0.0029    -50.80 RIGHT   1.2820E-04   -115.43  1.5721E-04   -295.09
   20.00     50.00     -0.21     1.74     3.88      0.0054    -51.40 RIGHT   1.2409E-04   -115.85  1.5544E-04   -295.22
   25.00     50.00     -0.58     1.60     3.66      0.0088    -52.13 RIGHT   1.1897E-04   -116.42  1.5297E-04   -295.38
   30.00     50.00     -1.03     1.41     3.37      0.0133    -52.96 RIGHT   1.1296E-04   -117.13  1.4968E-04   -295.54
   35.00     50.00     -1.57     1.16     3.02      0.0192    -53.86 RIGHT   1.0621E-04   -118.01  1.4540E-04   -295.71
   40.00     50.00     -2.19     0.83     2.59      0.0265    -54.78 RIGHT   9.8888E-05   -119.08  1.3998E-04   -295.86
   45.00     50.00     -2.89     0.41     2.07      0.0356    -55.65 RIGHT   9.1166E-05   -120.36  1.3326E-04   -295.99
   50.00     50.00     -3.68    -0.15     1.45      0.0466    -56.41 RIGHT   8.3217E-05   -121.87  1.2507E-04   -296.08
   55.00     50.00     -4.56    -0.85     0.69      0.0598    -56.97 RIGHT   7.5200E-05   -123.61  1.1528E-04   -296.13
   60.00     50.00     -5.54    -1.77    -0.24      0.0757    -57.21 RIGHT   6.7228E-05   -125.61  1.0378E-04   -296.12
   65.00     50.00     -6.62    -2.95    -1.40      0.0947    -56.98 RIGHT   5.9338E-05   -127.87  9.0527E-05   -296.05
   70.00     50.00     -7.87    -4.53    -2.87      0.1179    -56.06 RIGHT   5.1421E-05   -130.38  7.5507E-05   -295.91
   75.00     50.00     -9.40    -6.70    -4.83      0.1464    -54.14 RIGHT   4.3115E-05   -133.18  5.8783E-05   -295.69
   80.00     50.00    -11.57    -9.94    -7.67      0.1818    -50.71 RIGHT   3.3563E-05   -136.39  4.0483E-05   -295.41
   85.00     50.00    -15.72   -15.73   -12.71      0.2251    -44.99 RIGHT   2.0808E-05   -140.41  2.0803E-05   -295.04
   90.00     50.00   -999.99  -999.99  -999.99      0.0000      0.00         1.6428E-15   -326.42  1.2436E-15   -114.61
    0.00     55.00     -0.56     2.54     4.27      0.0000    -55.00 LINEAR  1.1927E-04   -114.90  1.7034E-04   -294.90
    5.00     55.00     -0.60     2.53     4.25      0.0003    -55.09 RIGHT   1.1873E-04   -114.96  1.7011E-04   -294.93
   10.00     55.00     -0.72     2.49     4.19      0.0012    -55.35 RIGHT   1.1711E-04   -115.14  1.6941E-04   -294.99
   15.00     55.00     -0.92     2.43     4.08      0.0028    -55.76 RIGHT   1.1445E-04   -115.43  1.6818E-04   -295.09
   20.00     55.00     -1.20     2.33     3.93      0.0051    -56.33 RIGHT   1.1081E-04   -115.86  1.6634E-04   -295.23
   25.00     55.00     -1.56     2.20     3.72      0.0083    -57.02 RIGHT   1.0627E-04   -116.42  1.6376E-04   -295.38
   30.00     55.00     -2.01     2.01     3.46      0.0125    -57.80 RIGHT   1.0095E-04   -117.14  1.6030E-04   -295.55
   35.00     55.00     -2.54     1.76     3.13      0.0179    -58.65 RIGHT   9.4960E-05   -118.02  1.5579E-04   -295.72
   40.00     55.00     -3.15     1.44     2.73      0.0246    -59.50 RIGHT   8.8455E-05   -119.10  1.5006E-04   -295.87
   45.00     55.00     -3.86     1.01     2.24      0.0329    -60.32 RIGHT   8.1586E-05   -120.38  1.4292E-04   -296.00
   50.00     55.00     -4.64     0.47     1.63      0.0429    -61.03 RIGHT   7.4507E-05   -121.89  1.3420E-04   -296.10
   55.00     55.00     -5.52    -0.24     0.89      0.0550    -61.55 RIGHT   6.7358E-05   -123.64  1.2375E-04   -296.14
   60.00     55.00     -6.49    -1.15    -0.03      0.0695    -61.79 RIGHT   6.0240E-05   -125.65  1.1146E-04   -296.14
   65.00     55.00     -7.57    -2.33    -1.19      0.0871    -61.61 RIGHT   5.3187E-05   -127.91  9.7261E-05   -296.07
   70.00     55.00     -8.81    -3.90    -2.69      0.1089    -60.81 RIGHT   4.6103E-05   -130.43  8.1150E-05   -295.93
   75.00     55.00    -10.34    -6.08    -4.69      0.1366    -59.10 RIGHT   3.8665E-05   -133.24  6.3193E-05   -295.71
   80.00     55.00    -12.52    -9.31    -7.62      0.1730    -56.00 RIGHT   3.0103E-05   -136.46  4.3529E-05   -295.42
   85.00     55.00    -16.67   -15.10   -12.80      0.2216    -50.70 RIGHT   1.8664E-05   -140.49  2.2370E-05   -295.06
   90.00     55.00   -999.99  -999.99  -999.99      0.0000      0.00         1.4736E-15   -326.49  1.3372E-15   -114.62
    0.00     60.00     -1.75     3.02     4.27      0.0000    -60.00 LINEAR  1.0397E-04   -114.90  1.8009E-04   -294.90
    5.00     60.00     -1.79     3.01     4.25      0.0003    -60.08 RIGHT   1.0350E-04   -114.96  1.7985E-04   -294.93
   10.00     60.00     -1.91     2.97     4.20      0.0011    -60.32 RIGHT   1.0210E-04   -115.14  1.7913E-04   -294.99
   15.00     60.00     -2.11     2.91     4.10      0.0025    -60.70 RIGHT   9.9805E-05   -115.43  1.7787E-04   -295.10
   20.00     60.00     -2.38     2.82     3.97      0.0046    -61.22 RIGHT   9.6658E-05   -115.86  1.7597E-04   -295.23
   25.00     60.00     -2.74     2.69     3.78      0.0075    -61.85 RIGHT   9.2733E-05   -116.43  1.7330E-04   -295.39
   30.00     60.00     -3.19     2.51     3.54      0.0113    -62.56 RIGHT   8.8121E-05   -117.15  1.6971E-04   -295.56
   35.00     60.00     -3.71     2.26     3.24      0.0162    -63.33 RIGHT   8.2931E-05   -118.04  1.6501E-04   -295.73
   40.00     60.00     -4.33     1.94     2.86      0.0222    -64.10 RIGHT   7.7284E-05   -119.11  1.5901E-04   -295.88
   45.00     60.00     -5.03     1.52     2.39      0.0295    -64.84 RIGHT   7.1314E-05   -120.40  1.5151E-04   -296.01
   50.00     60.00     -5.81     0.98     1.80      0.0383    -65.48 RIGHT   6.5155E-05   -121.91  1.4233E-04   -296.11
   55.00     60.00     -6.68     0.28     1.07      0.0490    -65.95 RIGHT   5.8926E-05   -123.67  1.3131E-04   -296.16
   60.00     60.00     -7.65    -0.63     0.16      0.0618    -66.18 RIGHT   5.2719E-05   -125.69  1.1832E-04   -296.15
   65.00     60.00     -8.73    -1.81    -1.00      0.0776    -66.04 RIGHT   4.6560E-05   -127.96  1.0328E-04   -296.08
   70.00     60.00     -9.97    -3.38    -2.52      0.0974    -65.37 RIGHT   4.0369E-05   -130.49  8.6201E-05   -295.94
   75.00     60.00    -11.49    -5.55    -4.56      0.1232    -63.90 RIGHT   3.3862E-05   -133.30  6.7143E-05   -295.73
   80.00     60.00    -13.67    -8.78    -7.56      0.1587    -61.20 RIGHT   2.6368E-05   -136.53  4.6258E-05   -295.44
   85.00     60.00    -17.82   -14.57   -12.88      0.2097    -56.50 RIGHT   1.6350E-05   -140.56  2.3776E-05   -295.08
   90.00     60.00   -999.99  -999.99  -999.99      0.0000      0.00         1.2910E-15   -326.57  1.4214E-15   -114.64
    0.00     65.00     -3.21     3.42     4.27      0.0000    -65.00 LINEAR  8.7881E-05   -114.90  1.8846E-04   -294.90
    5.00     65.00     -3.25     3.40     4.25      0.0002    -65.07 RIGHT   8.7487E-05   -114.96  1.8823E-04   -294.93
   10.00     65.00     -3.37     3.37     4.21      0.0010    -65.28 RIGHT   8.6315E-05   -115.14  1.8750E-04   -294.99
   15.00     65.00     -3.56     3.31     4.12      0.0022    -65.62 RIGHT   8.4388E-05   -115.44  1.8621E-04   -295.10
   20.00     65.00     -3.84     3.22     4.00      0.0041    -66.08 RIGHT   8.1748E-05   -115.86  1.8427E-04   -295.23
   25.00     65.00     -4.20     3.09     3.83      0.0066    -66.63 RIGHT   7.8453E-05   -116.43  1.8153E-04   -295.39
   30.00     65.00     -4.64     2.91     3.62      0.0099    -67.25 RIGHT   7.4578E-05   -117.15  1.7783E-04   -295.56
   35.00     65.00     -5.16     2.67     3.33      0.0141    -67.92 RIGHT   7.0212E-05   -118.05  1.7297E-04   -295.73
   40.00     65.00     -5.77     2.35     2.98      0.0192    -68.59 RIGHT   6.5458E-05   -119.13  1.6675E-04   -295.89
   45.00     65.00     -6.46     1.94     2.52      0.0255    -69.23 RIGHT   6.0426E-05   -120.42  1.5896E-04   -296.02
   50.00     65.00     -7.25     1.40     1.95      0.0330    -69.78 RIGHT   5.5228E-05   -121.94  1.4939E-04   -296.12
   55.00     65.00     -8.12     0.70     1.24      0.0421    -70.20 RIGHT   4.9966E-05   -123.70  1.3787E-04   -296.17
   60.00     65.00     -9.08    -0.20     0.33      0.0530    -70.41 RIGHT   4.4717E-05   -125.72  1.2428E-04   -296.16
   65.00     65.00    -10.16    -1.38    -0.84      0.0666    -70.30 RIGHT   3.9505E-05   -128.00  1.0852E-04   -296.09
   70.00     65.00    -11.39    -2.95    -2.37      0.0839    -69.75 RIGHT   3.4260E-05   -130.53  9.0597E-05   -295.96
   75.00     65.00    -12.92    -5.11    -4.45      0.1069    -68.53 RIGHT   2.8743E-05   -133.36  7.0583E-05   -295.74
   80.00     65.00    -15.09    -8.35    -7.52      0.1396    -66.28 RIGHT   2.2384E-05   -136.59  4.8636E-05   -295.46
   85.00     65.00    -19.24   -14.13   -12.96      0.1895    -62.31 RIGHT   1.3881E-05   -140.62  2.5000E-05   -295.09
   90.00     65.00   -999.99  -999.99  -999.99      0.0000      0.00         1.0960E-15   -326.63  1.4946E-15   -114.66
    0.00     70.00     -5.05     3.73     4.27      0.0000    -70.00 LINEAR  7.1121E-05   -114.90  1.9540E-04   -294.90
    5.00     70.00     -5.09     3.72     4.26      0.0002    -70.06 RIGHT   7.0805E-05   -114.96  1.9517E-04   -294.93
   10.00     70.00     -5.20     3.69     4.21      0.0008    -70.24 RIGHT   6.9863E-05   -115.14  1.9443E-04   -294.99
   15.00     70.00     -5.40     3.63     4.14      0.0019    -70.52 RIGHT   6.8315E-05   -115.44  1.9313E-04   -295.10
   20.00     70.00     -5.67     3.54     4.03      0.0034    -70.90 RIGHT   6.6192E-05   -115.87  1.9116E-04   -295.23
   25.00     70.00     -6.03     3.41     3.88      0.0055    -71.36 RIGHT   6.3542E-05   -116.44  1.8837E-04   -295.39
   30.00     70.00     -6.46     3.24     3.68      0.0082    -71.88 RIGHT   6.0422E-05   -117.16  1.8458E-04   -295.57
   35.00     70.00     -6.99     3.00     3.41      0.0116    -72.43 RIGHT   5.6903E-05   -118.05  1.7960E-04   -295.74
   40.00     70.00     -7.59     2.68     3.07      0.0158    -72.99 RIGHT   5.3069E-05   -119.14  1.7321E-04   -295.90
   45.00     70.00     -8.28     2.27     2.64      0.0209    -73.51 RIGHT   4.9006E-05   -120.43  1.6517E-04   -296.03
   50.00     70.00     -9.06     1.73     2.08      0.0271    -73.97 RIGHT   4.4805E-05   -121.95  1.5528E-04   -296.13
   55.00     70.00     -9.93     1.04     1.37      0.0344    -74.32 RIGHT   4.0549E-05   -123.72  1.4336E-04   -296.18
   60.00     70.00    -10.89     0.14     0.47      0.0434    -74.49 RIGHT   3.6300E-05   -125.75  1.2926E-04   -296.18
   65.00     70.00    -11.97    -1.03    -0.70      0.0545    -74.42 RIGHT   3.2076E-05   -128.03  1.1290E-04   -296.11
   70.00     70.00    -13.20    -2.60    -2.24      0.0688    -73.98 RIGHT   2.7823E-05   -130.58  9.4281E-05   -295.97
   75.00     70.00    -14.72    -4.77    -4.35      0.0882    -73.02 RIGHT   2.3346E-05   -133.40  7.3467E-05   -295.76
   80.00     70.00    -16.90    -8.00    -7.47      0.1164    -71.22 RIGHT   1.8183E-05   -136.64  5.0630E-05   -295.47
   85.00     70.00    -21.05   -13.78   -13.03      0.1616    -68.05 RIGHT   1.1276E-05   -140.68  2.6028E-05   -295.11
   90.00     70.00   -999.99  -999.99  -999.99      0.0000      0.00         8.9038E-16   -326.69  1.5561E-15   -114.67
    0.00     75.00     -7.47     3.97     4.27      0.0000    -75.00 LINEAR  5.3820E-05   -114.90  2.0086E-04   -294.90
    5.00     75.00     -7.51     3.96     4.26      0.0002    -75.05 RIGHT   5.3582E-05   -114.96  2.0062E-04   -294.93
   10.00     75.00     -7.62     3.93     4.22      0.0006    -75.18 RIGHT   5.2874E-05   -115.14  1.9988E-04   -294.99
   15.00     75.00     -7.82     3.87     4.15      0.0014    -75.40 RIGHT   5.1709E-05   -115.44  1.9857E-04   -295.10
   20.00     75.00     -8.09     3.78     4.06      0.0026    -75.70 RIGHT   5.0111E-05   -115.87  1.9658E-04   -295.24
   25.00     75.00     -8.44     3.66     3.92      0.0043    -76.06 RIGHT   4.8115E-05   -116.44  1.9375E-04   -295.40
   30.00     75.00     -8.88     3.48     3.73      0.0063    -76.46 RIGHT   4.5764E-05   -117.16  1.8991E-04   -295.57
   35.00     75.00     -9.40     3.25     3.48      0.0089    -76.88 RIGHT   4.3111E-05   -118.06  1.8483E-04   -295.74
   40.00     75.00    -10.00     2.93     3.15      0.0121    -77.31 RIGHT   4.0217E-05   -119.15  1.7830E-04   -295.90
   45.00     75.00    -10.69     2.52     2.73      0.0160    -77.71 RIGHT   3.7149E-05   -120.44  1.7008E-04   -296.04
   50.00     75.00    -11.47     1.99     2.18      0.0207    -78.06 RIGHT   3.3974E-05   -121.97  1.5994E-04   -296.14
   55.00     75.00    -12.33     1.30     1.48      0.0263    -78.33 RIGHT   3.0754E-05   -123.74  1.4770E-04   -296.19
   60.00     75.00    -13.29     0.40     0.58      0.0331    -78.47 RIGHT   2.7537E-05   -125.77  1.3321E-04   -296.18
   65.00     75.00    -14.36    -0.77    -0.59      0.0415    -78.42 RIGHT   2.4338E-05   -128.06  1.1638E-04   -296.12
   70.00     75.00    -15.60    -2.34    -2.13      0.0525    -78.10 RIGHT   2.1114E-05   -130.61  9.7203E-05   -295.98
   75.00     75.00    -17.12    -4.50    -4.27      0.0676    -77.38 RIGHT   1.7719E-05   -133.44  7.5756E-05   -295.77
   80.00     75.00    -19.29    -7.73    -7.44      0.0901    -76.04 RIGHT   1.3802E-05   -136.68  5.2214E-05   -295.48
   85.00     75.00    -23.44   -13.51   -13.09      0.1271    -73.69 RIGHT   8.5597E-06   -140.72  2.6844E-05   -295.12
   90.00     75.00   -999.99  -999.99  -999.99      0.0000      0.00         6.7590E-16   -326.74  1.6049E-15   -114.68
    0.00     80.00    -10.94     4.14     4.27      0.0000    -80.00 LINEAR  3.6109E-05   -114.90  2.0479E-04   -294.90
    5.00     80.00    -10.97     4.13     4.26      0.0001    -80.03 RIGHT   3.5950E-05   -114.96  2.0455E-04   -294.93
   10.00     80.00    -11.09     4.10     4.23      0.0004    -80.13 RIGHT   3.5477E-05   -115.14  2.0380E-04   -294.99
   15.00     80.00    -11.28     4.04     4.16      0.0010    -80.28 RIGHT   3.4699E-05   -115.44  2.0249E-04   -295.10
   20.00     80.00    -11.55     3.95     4.07      0.0018    -80.48 RIGHT   3.3631E-05   -115.87  2.0048E-04   -295.24
   25.00     80.00    -11.91     3.83     3.94      0.0029    -80.72 RIGHT   3.2297E-05   -116.44  1.9763E-04   -295.40
   30.00     80.00    -12.34     3.66     3.76      0.0043    -80.99 RIGHT   3.0724E-05   -117.17  1.9375E-04   -295.57
   35.00     80.00    -12.86     3.42     3.52      0.0061    -81.28 RIGHT   2.8949E-05   -118.06  1.8861E-04   -295.75
   40.00     80.00    -13.46     3.11     3.21      0.0082    -81.57 RIGHT   2.7011E-05   -119.15  1.8198E-04   -295.91
   45.00     80.00    -14.15     2.70     2.79      0.0108    -81.84 RIGHT   2.4956E-05   -120.45  1.7363E-04   -296.04
   50.00     80.00    -14.92     2.17     2.26      0.0139    -82.08 RIGHT   2.2827E-05   -121.98  1.6331E-04   -296.14
   55.00     80.00    -15.78     1.48     1.56      0.0177    -82.26 RIGHT   2.0668E-05   -123.76  1.5085E-04   -296.19
   60.00     80.00    -16.74     0.59     0.67      0.0223    -82.36 RIGHT   1.8509E-05   -125.79  1.3607E-04   -296.19
   65.00     80.00    -17.81    -0.58    -0.50      0.0280    -82.33 RIGHT   1.6361E-05   -128.08  1.1890E-04   -296.12
   70.00     80.00    -19.05    -2.15    -2.06      0.0355    -82.12 RIGHT   1.4195E-05   -130.63  9.9322E-05   -295.99
   75.00     80.00    -20.57    -4.31    -4.21      0.0458    -81.64 RIGHT   1.1914E-05   -133.47  7.7416E-05   -295.78
   80.00     80.00    -22.74    -7.54    -7.41      0.0613    -80.76 RIGHT   9.2807E-06   -136.71  5.3362E-05   -295.49
   85.00     80.00    -26.89   -13.32   -13.14      0.0876    -79.20 RIGHT   5.7560E-06   -140.76  2.7435E-05   -295.13
   90.00     80.00   -999.99  -999.99  -999.99      0.0000      0.00         4.5451E-16   -326.77  1.6403E-15   -114.68
    0.00     85.00    -16.92     4.24     4.27      0.0000    -85.00 LINEAR  1.8124E-05   -114.90  2.0715E-04   -294.90
    5.00     85.00    -16.96     4.23     4.26      0.0001    -85.02 RIGHT   1.8044E-05   -114.96  2.0691E-04   -294.93
   10.00     85.00    -17.08     4.20     4.23      0.0002    -85.06 RIGHT   1.7807E-05   -115.14  2.0617E-04   -294.99
   15.00     85.00    -17.27     4.14     4.17      0.0005    -85.14 RIGHT   1.7418E-05   -115.44  2.0485E-04   -295.10
   20.00     85.00    -17.54     4.05     4.08      0.0009    -85.24 RIGHT   1.6883E-05   -115.87  2.0284E-04   -295.24
   25.00     85.00    -17.89     3.93     3.96      0.0015    -85.37 RIGHT   1.6215E-05   -116.44  1.9998E-04   -295.40
   30.00     85.00    -18.32     3.76     3.79      0.0022    -85.50 RIGHT   1.5427E-05   -117.17  1.9607E-04   -295.57
   35.00     85.00    -18.84     3.53     3.55      0.0031    -85.65 RIGHT   1.4537E-05   -118.07  1.9089E-04   -295.75
   40.00     85.00    -19.44     3.22     3.24      0.0041    -85.79 RIGHT   1.3566E-05   -119.16  1.8421E-04   -295.91
   45.00     85.00    -20.13     2.81     2.83      0.0055    -85.93 RIGHT   1.2535E-05   -120.46  1.7577E-04   -296.05
   50.00     85.00    -20.90     2.28     2.30      0.0070    -86.05 RIGHT   1.1467E-05   -121.99  1.6535E-04   -296.15
   55.00     85.00    -21.76     1.59     1.61      0.0089    -86.14 RIGHT   1.0384E-05   -123.77  1.5275E-04   -296.20
   60.00     85.00    -22.72     0.70     0.72      0.0112    -86.19 RIGHT   9.3002E-06   -125.80  1.3781E-04   -296.20
   65.00     85.00    -23.79    -0.47    -0.45      0.0141    -86.18 RIGHT   8.2216E-06   -128.09  1.2043E-04   -296.13
   70.00     85.00    -25.02    -2.04    -2.01      0.0179    -86.07 RIGHT   7.1339E-06   -130.65  1.0061E-04   -295.99
   75.00     85.00    -26.54    -4.20    -4.17      0.0231    -85.84 RIGHT   5.9876E-06   -133.49  7.8422E-05   -295.78
   80.00     85.00    -28.71    -7.43    -7.40      0.0311    -85.40 RIGHT   4.6644E-06   -136.73  5.4059E-05   -295.49
   85.00     85.00    -32.86   -13.21   -13.16      0.0447    -84.63 RIGHT   2.8930E-06   -140.78  2.7794E-05   -295.13
   90.00     85.00   -999.99  -999.99  -999.99      0.0000      0.00         2.2844E-16   -326.78  1.6618E-15   -114.69
    0.00     90.00   -999.99     4.27     4.27      0.0000     90.00 LINEAR  1.0612E-15   -294.90  2.0794E-04   -294.90
    5.00     90.00   -999.99     4.26     4.26      0.0000    -90.00 LINEAR  4.1073E-15   -195.20  2.0770E-04   -294.93
   10.00     90.00   -999.99     4.23     4.23      0.0000    -90.00 LINEAR  8.5186E-15   -188.16  2.0696E-04   -294.99
   15.00     90.00   -199.76     4.17     4.17      0.0000    -90.00 LINEAR  1.3080E-14   -186.07  2.0564E-04   -295.10
   20.00     90.00   -197.08     4.09     4.09      0.0000    -90.00 LINEAR  1.7793E-14   -185.23  2.0363E-04   -295.24
   25.00     90.00   -194.99     3.96     3.96      0.0000    -90.00 LINEAR  2.2656E-14   -184.93  2.0076E-04   -295.40
   30.00     90.00   -193.26     3.79     3.79      0.0000    -90.00 LINEAR  2.7643E-14   -184.93  1.9684E-04   -295.58
   35.00     90.00   -191.80     3.56     3.56      0.0000    -90.00 LINEAR  3.2689E-14   -185.12  1.9165E-04   -295.75
   40.00     90.00   -190.57     3.25     3.25      0.0000    -90.00 LINEAR  3.7685E-14   -185.44  1.8495E-04   -295.91
   45.00     90.00   -189.53     2.85     2.85      0.0000    -90.00 LINEAR  4.2473E-14   -185.87  1.7649E-04   -296.05
   50.00     90.00   -188.68     2.32     2.32      0.0000    -90.00 LINEAR  4.6841E-14   -186.39  1.6604E-04   -296.15
   55.00     90.00   -188.02     1.63     1.63      0.0000    -90.00 LINEAR  5.0518E-14   -187.02  1.5339E-04   -296.20
   60.00     90.00   -187.58     0.73     0.73      0.0000    -90.00 LINEAR  5.3163E-14   -187.77  1.3839E-04   -296.20
   65.00     90.00   -187.39    -0.44    -0.44      0.0000    -90.00 LINEAR  5.4345E-14   -188.69  1.2094E-04   -296.13
   70.00     90.00   -187.52    -2.00    -2.00      0.0000    -90.00 LINEAR  5.3493E-14   -189.85  1.0104E-04   -295.99
   75.00     90.00   -188.15    -4.16    -4.16      0.0000    -90.00 LINEAR  4.9787E-14   -191.38  7.8760E-05   -295.78
   80.00     90.00   -189.65    -7.39    -7.39      0.0000    -90.00 LINEAR  4.1889E-14   -193.55  5.4292E-05   -295.49
   85.00     90.00   -193.38   -13.17   -13.17      0.0000    -90.00 LINEAR  2.7247E-14   -196.88  2.7915E-05   -295.13
   90.00     90.00   -999.99  -999.99  -999.99      0.0000      0.00         5.5560E-21    -15.30  1.6690E-15   -114.69
    0.00     95.00    -16.92     4.24     4.27      0.0000     85.00 LINEAR  1.8124E-05   -294.90  2.0715E-04   -294.90
    5.00     95.00    -16.96     4.23     4.26      0.0001     85.02 LEFT    1.8044E-05   -294.96  2.0691E-04   -294.93
   10.00     95.00    -17.08     4.20     4.23      0.0002     85.06 LEFT    1.7807E-05   -295.14  2.0617E-04   -294.99
   15.00     95.00    -17.27     4.14     4.17      0.0005     85.14 LEFT    1.7418E-05   -295.44  2.0485E-04   -295.10
   20.00     95.00    -17.54     4.05     4.08      0.0009     85.24 LEFT    1.6883E-05   -295.87  2.0284E-04   -295.24
   25.00     95.00    -17.89     3.93     3.96      0.0015     85.37 LEFT    1.6215E-05   -296.44  1.9998E-04   -295.40
   30.00     95.00    -18.32     3.76     3.79      0.0022     85.50 LEFT    1.5427E-05   -297.17  1.9607E-04   -295.57
   35.00     95.00    -18.84     3.53     3.55      0.0031     85.65 LEFT    1.4537E-05   -298.07  1.9089E-04   -295.75
   40.00     95.00    -19.44     3.22     3.24      0.0041     85.79 LEFT    1.3566E-05   -299.16  1.8421E-04   -295.91
   45.00     95.00    -20.13     2.81     2.83      0.0055     85.93 LEFT    1.2535E-05   -300.46  1.7577E-04   -296.05
   50.00     95.00    -20.90     2.28     2.30      0.0070     86.05 LEFT    1.1467E-05   -301.99  1.6535E-04   -296.15
   55.00     95.00    -21.76     1.59     1.61      0.0089     86.14 LEFT    1.0384E-05   -303.77  1.5275E-04   -296.20
   60.00     95.00    -22.72     0.70     0.72      0.0112     86.19 LEFT    9.3002E-06   -305.80  1.3781E-04   -296.20
   65.00     95.00    -23.79    -0.47    -0.45      0.0141     86.18 LEFT    8.2216E-06   -308.09  1.2043E-04   -296.13
   70.00     95.00    -25.02    -2.04    -2.01      0.0179     86.07 LEFT    7.1339E-06   -310.65  1.0061E-04   -295.99
   75.00     95.00    -26.54    -4.20    -4.17      0.0231     85.84 LEFT    5.9876E-06   -313.49  7.8422E-05   -295.78
   80.00     95.00    -28.71    -7.43    -7.40      0.0311     85.40 LEFT    4.6644E-06   -316.73  5.4059E-05   -295.49
   85.00     95.00    -32.86   -13.21   -13.16      0.0447     84.63 LEFT    2.8930E-06   -320.78  2.7794E-05   -295.13
   90.00     95.00   -999.99  -999.99  -999.99      0.0000      0.00         2.2841E-16   -146.78  1.6618E-15   -114.69
    0.00    100.00    -10.94     4.14     4.27      0.0000     80.00 LINEAR  3.6109E-05   -294.90  2.0479E-04   -294.90
    5.00    100.00    -10.97     4.13     4.26      0.0001     80.03 LEFT    3.5950E-05   -294.96  2.0455E-04   -294.93
   10.00    100.00    -11.09     4.10     4.23      0.0004     80.13 LEFT    3.5477E-05   -295.14  2.0380E-04   -294.99
   15.00    100.00    -11.28     4.04     4.16      0.0010     80.28 LEFT    3.4699E-05   -295.44  2.0249E-04   -295.10
   20.00    100.00    -11.55     3.95     4.07      0.0018     80.48 LEFT    3.3631E-05   -295.87  2.0048E-04   -295.24
   25.00    100.00    -11.91     3.83     3.94      0.0029     80.72 LEFT    3.2297E-05   -296.44  1.9763E-04   -295.40
   30.00    100.00    -12.34     3.66     3.76      0.0043     80.99 LEFT    3.0724E-05   -297.17  1.9375E-04   -295.57
   35.00    100.00    -12.86     3.42     3.52      0.0061     81.28 LEFT    2.8949E-05   -298.06  1.8861E-04   -295.75
   40.00    100.00    -13.46     3.11     3.21      0.0082     81.57 LEFT    2.7011E-05   -299.15  1.8198E-04   -295.91
   45.00    100.00    -14.15     2.70     2.79      0.0108     81.84 LEFT    2.4956E-05   -300.45  1.7363E-04   -296.04
   50.00    100.00    -14.92     2.17     2.26      0.0139     82.08 LEFT    2.2827E-05   -301.98  1.6331E-04   -296.14
   55.00    100.00    -15.78     1.48     1.56      0.0177     82.26 LEFT    2.0668E-05   -303.76  1.5085E-04   -296.19
   60.00    100.00    -16.74     0.59     0.67      0.0223     82.36 LEFT    1.8509E-05   -305.79  1.3607E-04   -296.19
   65.00    100.00    -17.81    -0.58    -0.50      0.0280     82.33 LEFT    1.6361E-05   -308.08  1.1890E-04   -296.12
   70.00    100.00    -19.05    -2.15    -2.06      0.0355     82.12 LEFT    1.4195E-05   -310.63  9.9322E-05   -295.99
   75.00    100.00    -20.57    -4.31    -4.21      0.0458     81.64 LEFT    1.1914E-05   -313.47  7.7416E-05   -295.78
   80.00    100.00    -22.74    -7.54    -7.41      0.0613     80.76 LEFT    9.2807E-06   -316.71  5.3362E-05   -295.49
   85.00    100.00    -26.89   -13.32   -13.14      0.0876     79.20 LEFT    5.7560E-06   -320.76  2.7435E-05   -295.13
   90.00    100.00   -999.99  -999.99  -999.99      0.0000      0.00         4.5451E-16   -146.77  1.6403E-15   -114.69
    0.00    105.00     -7.47     3.97     4.27      0.0000     75.00 LINEAR  5.3820E-05   -294.90  2.0086E-04   -294.90
    5.00    105.00     -7.51     3.96     4.26      0.0002     75.05 LEFT    5.3582E-05   -294.96  2.0062E-04   -294.93
   10.00    105.00     -7.62     3.93     4.22      0.0006     75.18 LEFT    5.2874E-05   -295.14  1.9988E-04   -294.99
   15.00    105.00     -7.82     3.87     4.15      0.0014     75.40 LEFT    5.1709E-05   -295.44  1.9857E-04   -295.10
   20.00    105.00     -8.09     3.78     4.06      0.0026     75.70 LEFT    5.0111E-05   -295.87  1.9658E-04   -295.24
   25.00    105.00     -8.44     3.66     3.92      0.0043     76.06 LEFT    4.8115E-05   -296.44  1.9375E-04   -295.40
   30.00    105.00     -8.88     3.48     3.73      0.0063     76.46 LEFT    4.5764E-05   -297.16  1.8991E-04   -295.57
   35.00    105.00     -9.40     3.25     3.48      0.0089     76.88 LEFT    4.3111E-05   -298.06  1.8483E-04   -295.74
   40.00    105.00    -10.00     2.93     3.15      0.0121     77.31 LEFT    4.0217E-05   -299.15  1.7830E-04   -295.90
   45.00    105.00    -10.69     2.52     2.73      0.0160     77.71 LEFT    3.7149E-05   -300.44  1.7008E-04   -296.04
   50.00    105.00    -11.47     1.99     2.18      0.0207     78.06 LEFT    3.3974E-05   -301.97  1.5994E-04   -296.14
   55.00    105.00    -12.33     1.30     1.48      0.0263     78.33 LEFT    3.0754E-05   -303.74  1.4770E-04   -296.19
   60.00    105.00    -13.29     0.40     0.58      0.0331     78.47 LEFT    2.7537E-05   -305.77  1.3321E-04   -296.18
   65.00    105.00    -14.36    -0.77    -0.59      0.0415     78.42 LEFT    2.4338E-05   -308.06  1.1638E-04   -296.12
   70.00    105.00    -15.60    -2.34    -2.13      0.0525     78.10 LEFT    2.1114E-05   -310.61  9.7203E-05   -295.98
   75.00    105.00    -17.12    -4.50    -4.27      0.0676     77.38 LEFT    1.7719E-05   -313.44  7.5756E-05   -295.77
   80.00    105.00    -19.29    -7.73    -7.44      0.0901     76.04 LEFT    1.3802E-05   -316.68  5.2214E-05   -295.48
   85.00    105.00    -23.44   -13.51   -13.09      0.1271     73.69 LEFT    8.5597E-06   -320.72  2.6844E-05   -295.12
   90.00    105.00   -999.99  -999.99  -999.99      0.0000      0.00         6.7588E-16   -146.73  1.6049E-15   -114.68
    0.00    110.00     -5.05     3.73     4.27      0.0000     70.00 LINEAR  7.1121E-05   -294.90  1.9540E-04   -294.90
    5.00    110.00     -5.09     3.72     4.26      0.0002     70.06 LEFT    7.0805E-05   -294.96  1.9517E-04   -294.93
   10.00    110.00     -5.20     3.69     4.21      0.0008     70.24 LEFT    6.9863E-05   -295.14  1.9443E-04   -294.99
   15.00    110.00     -5.40     3.63     4.14      0.0019     70.52 LEFT    6.8315E-05   -295.44  1.9313E-04   -295.10
   20.00    110.00     -5.67     3.54     4.03      0.0034     70.90 LEFT    6.6192E-05   -295.87  1.9116E-04   -295.23
   25.00    110.00     -6.03     3.41     3.88      0.0055     71.36 LEFT    6.3542E-05   -296.44  1.8837E-04   -295.39
   30.00    110.00     -6.46     3.24     3.68      0.0082     71.88 LEFT    6.0422E-05   -297.16  1.8458E-04   -295.57
   35.00    110.00     -6.99     3.00     3.41      0.0116     72.43 LEFT    5.6903E-05   -298.05  1.7960E-04   -295.74
   40.00    110.00     -7.59     2.68     3.07      0.0158     72.99 LEFT    5.3069E-05   -299.14  1.7321E-04   -295.90
   45.00    110.00     -8.28     2.27     2.64      0.0209     73.51 LEFT    4.9006E-05   -300.43  1.6517E-04   -296.03
   50.00    110.00     -9.06     1.73     2.08      0.0271     73.97 LEFT    4.4805E-05   -301.95  1.5528E-04   -296.13
   55.00    110.00     -9.93     1.04     1.37      0.0344     74.32 LEFT    4.0549E-05   -303.72  1.4336E-04   -296.18
   60.00    110.00    -10.89     0.14     0.47      0.0434     74.49 LEFT    3.6300E-05   -305.75  1.2926E-04   -296.18
   65.00    110.00    -11.97    -1.03    -0.70      0.0545     74.42 LEFT    3.2076E-05   -308.03  1.1290E-04   -296.11
   70.00    110.00    -13.20    -2.60    -2.24      0.0688     73.98 LEFT    2.7823E-05   -310.58  9.4281E-05   -295.97
   75.00    110.00    -14.72    -4.77    -4.35      0.0882     73.02 LEFT    2.3346E-05   -313.40  7.3467E-05   -295.76
   80.00    110.00    -16.90    -8.00    -7.47      0.1164     71.22 LEFT    1.8183E-05   -316.64  5.0630E-05   -295.47
   85.00    110.00    -21.05   -13.78   -13.03      0.1616     68.05 LEFT    1.1276E-05   -320.68  2.6028E-05   -295.11
   90.00    110.00   -999.99  -999.99  -999.99      0.0000      0.00         8.9039E-16   -146.69  1.5561E-15   -114.67
    0.00    115.00     -3.21     3.42     4.27      0.0000     65.00 LINEAR  8.7881E-05   -294.90  1.8846E-04   -294.90
    5.00    115.00     -3.25     3.40     4.25      0.0002     65.07 LEFT    8.7487E-05   -294.96  1.8823E-04   -294.93
   10.00    115.00     -3.37     3.37     4.21      0.0010     65.28 LEFT    8.6315E-05   -295.14  1.8750E-04   -294.99
   15.00    115.00     -3.56     3.31     4.12      0.0022     65.62 LEFT    8.4388E-05   -295.44  1.8621E-04   -295.10
   20.00    115.00     -3.84     3.22     4.00      0.0041     66.08 LEFT    8.1748E-05   -295.86  1.8427E-04   -295.23
   25.00    115.00     -4.20     3.09     3.83      0.0066     66.63 LEFT    7.8453E-05   -296.43  1.8153E-04   -295.39
   30.00    115.00     -4.64     2.91     3.62      0.0099     67.25 LEFT    7.4578E-05   -297.15  1.7783E-04   -295.56
   35.00    115.00     -5.16     2.67     3.33      0.0141     67.92 LEFT    7.0212E-05   -298.05  1.7297E-04   -295.73
   40.00    115.00     -5.77     2.35     2.98      0.0192     68.59 LEFT    6.5458E-05   -299.13  1.6675E-04   -295.89
   45.00    115.00     -6.46     1.94     2.52      0.0255     69.23 LEFT    6.0426E-05   -300.42  1.5896E-04   -296.02
   50.00    115.00     -7.25     1.40     1.95      0.0330     69.78 LEFT    5.5228E-05   -301.94  1.4939E-04   -296.12
   55.00    115.00     -8.12     0.70     1.24      0.0421     70.20 LEFT    4.9966E-05   -303.70  1.3787E-04   -296.17
   60.00    115.00     -9.08    -0.20     0.33      0.0530     70.41 LEFT    4.4717E-05   -305.72  1.2428E-04   -296.16
   65.00    115.00    -10.16    -1.38    -0.84      0.0666     70.30 LEFT    3.9505E-05   -308.00  1.0852E-04   -296.09
   70.00    115.00    -11.39    -2.95    -2.37      0.0839     69.75 LEFT    3.4260E-05   -310.53  9.0597E-05   -295.96
   75.00    115.00    -12.92    -5.11    -4.45      0.1069     68.53 LEFT    2.8743E-05   -313.36  7.0583E-05   -295.74
   80.00    115.00    -15.09    -8.35    -7.52      0.1396     66.28 LEFT    2.2384E-05   -316.59  4.8636E-05   -295.46
   85.00    115.00    -19.24   -14.13   -12.96      0.1895     62.31 LEFT    1.3881E-05   -320.62  2.5000E-05   -295.09
   90.00    115.00   -999.99  -999.99  -999.99      0.0000      0.00         1.0960E-15   -146.63  1.4947E-15   -114.66
    0.00    120.00     -1.75     3.02     4.27      0.0000     60.00 LINEAR  1.0397E-04   -294.90  1.8009E-04   -294.90
    5.00    120.00     -1.79     3.01     4.25      0.0003     60.08 LEFT    1.0350E-04   -294.96  1.7985E-04   -294.93
   10.00    120.00     -1.91     2.97     4.20      0.0011     60.32 LEFT    1.0210E-04   -295.14  1.7913E-04   -294.99
   15.00    120.00     -2.11     2.91     4.10      0.0025     60.70 LEFT    9.9805E-05   -295.43  1.7787E-04   -295.10
   20.00    120.00     -2.38     2.82     3.97      0.0046     61.22 LEFT    9.6658E-05   -295.86  1.7597E-04   -295.23
   25.00    120.00     -2.74     2.69     3.78      0.0075     61.85 LEFT    9.2733E-05   -296.43  1.7330E-04   -295.39
   30.00    120.00     -3.19     2.51     3.54      0.0113     62.56 LEFT    8.8121E-05   -297.15  1.6971E-04   -295.56
   35.00    120.00     -3.71     2.26     3.24      0.0162     63.33 LEFT    8.2931E-05   -298.04  1.6501E-04   -295.73
   40.00    120.00     -4.33     1.94     2.86      0.0222     64.10 LEFT    7.7284E-05   -299.11  1.5901E-04   -295.88
   45.00    120.00     -5.03     1.52     2.39      0.0295     64.84 LEFT    7.1314E-05   -300.40  1.5151E-04   -296.01
   50.00    120.00     -5.81     0.98     1.80      0.0383     65.48 LEFT    6.5155E-05   -301.91  1.4233E-04   -296.11
   55.00    120.00     -6.68     0.28     1.07      0.0490     65.95 LEFT    5.8926E-05   -303.67  1.3131E-04   -296.16
   60.00    120.00     -7.65    -0.63     0.16      0.0618     66.18 LEFT    5.2719E-05   -305.69  1.1832E-04   -296.15
   65.00    120.00     -8.73    -1.81    -1.00      0.0776     66.04 LEFT    4.6560E-05   -307.96  1.0328E-04   -296.08
   70.00    120.00     -9.97    -3.38    -2.52      0.0974     65.37 LEFT    4.0369E-05   -310.49  8.6201E-05   -295.94
   75.00    120.00    -11.49    -5.55    -4.56      0.1232     63.90 LEFT    3.3862E-05   -313.30  6.7143E-05   -295.73
   80.00    120.00    -13.67    -8.78    -7.56      0.1587     61.20 LEFT    2.6368E-05   -316.53  4.6258E-05   -295.44
   85.00    120.00    -17.82   -14.57   -12.88      0.2097     56.50 LEFT    1.6350E-05   -320.56  2.3776E-05   -295.08
   90.00    120.00   -999.99  -999.99  -999.99      0.0000      0.00         1.2909E-15   -146.57  1.4214E-15   -114.64
    0.00    125.00     -0.56     2.54     4.27      0.0000     55.00 LINEAR  1.1927E-04   -294.90  1.7034E-04   -294.90
    5.00    125.00     -0.60     2.53     4.25      0.0003     55.09 LEFT    1.1873E-04   -294.96  1.7011E-04   -294.93
   10.00    125.00     -0.72     2.49     4.19      0.0012     55.35 LEFT    1.1711E-04   -295.14  1.6941E-04   -294.99
   15.00    125.00     -0.92     2.43     4.08      0.0028     55.76 LEFT    1.1445E-04   -295.43  1.6818E-04   -295.09
   20.00    125.00     -1.20     2.33     3.93      0.0051     56.33 LEFT    1.1081E-04   -295.86  1.6634E-04   -295.23
   25.00    125.00     -1.56     2.20     3.72      0.0083     57.02 LEFT    1.0627E-04   -296.42  1.6376E-04   -295.38
   30.00    125.00     -2.01     2.01     3.46      0.0125     57.80 LEFT    1.0095E-04   -297.14  1.6030E-04   -295.55
   35.00    125.00     -2.54     1.76     3.13      0.0179     58.65 LEFT    9.4960E-05   -298.02  1.5579E-04   -295.72
   40.00    125.00     -3.15     1.44     2.73      0.0246     59.50 LEFT    8.8455E-05   -299.10  1.5006E-04   -295.87
   45.00    125.00     -3.86     1.01     2.24      0.0329     60.32 LEFT    8.1586E-05   -300.38  1.4292E-04   -296.00
   50.00    125.00     -4.64     0.47     1.63      0.0429     61.03 LEFT    7.4507E-05   -301.89  1.3420E-04   -296.10
   55.00    125.00     -5.52    -0.24     0.89      0.0550     61.55 LEFT    6.7358E-05   -303.64  1.2375E-04   -296.14
   60.00    125.00     -6.49    -1.15    -0.03      0.0695     61.79 LEFT    6.0240E-05   -305.65  1.1146E-04   -296.14
   65.00    125.00     -7.57    -2.33    -1.19      0.0871     61.61 LEFT    5.3187E-05   -307.91  9.7261E-05   -296.07
   70.00    125.00     -8.81    -3.90    -2.69      0.1089     60.81 LEFT    4.6103E-05   -310.43  8.1150E-05   -295.93
   75.00    125.00    -10.34    -6.08    -4.69      0.1366     59.10 LEFT    3.8665E-05   -313.24  6.3193E-05   -295.71
   80.00    125.00    -12.52    -9.31    -7.62      0.1730     56.00 LEFT    3.0103E-05   -316.46  4.3529E-05   -295.42
   85.00    125.00    -16.67   -15.10   -12.80      0.2216     50.70 LEFT    1.8664E-05   -320.49  2.2370E-05   -295.06
   90.00    125.00   -999.99  -999.99  -999.99      0.0000      0.00         1.4736E-15   -146.49  1.3373E-15   -114.62
    0.00    130.00      0.43     1.96     4.27      0.0000     50.00 LINEAR  1.3366E-04   -294.90  1.5929E-04   -294.90
    5.00    130.00      0.39     1.94     4.25      0.0003     50.09 LEFT    1.3305E-04   -294.96  1.5907E-04   -294.93
   10.00    130.00      0.27     1.91     4.18      0.0013     50.36 LEFT    1.3121E-04   -295.14  1.5840E-04   -294.99
   15.00    130.00      0.07     1.84     4.06      0.0029     50.80 LEFT    1.2820E-04   -295.43  1.5721E-04   -295.09
   20.00    130.00     -0.21     1.74     3.88      0.0054     51.40 LEFT    1.2409E-04   -295.85  1.5544E-04   -295.22
   25.00    130.00     -0.58     1.60     3.66      0.0088     52.13 LEFT    1.1897E-04   -296.42  1.5297E-04   -295.38
   30.00    130.00     -1.03     1.41     3.37      0.0133     52.96 LEFT    1.1296E-04   -297.13  1.4968E-04   -295.54
   35.00    130.00     -1.57     1.16     3.02      0.0192     53.86 LEFT    1.0621E-04   -298.01  1.4540E-04   -295.71
   40.00    130.00     -2.19     0.83     2.59      0.0265     54.78 LEFT    9.8888E-05   -299.08  1.3998E-04   -295.86
   45.00    130.00     -2.89     0.41     2.07      0.0356     55.65 LEFT    9.1166E-05   -300.36  1.3326E-04   -295.99
   50.00    130.00     -3.68    -0.15     1.45      0.0466     56.41 LEFT    8.3217E-05   -301.87  1.2507E-04   -296.08
   55.00    130.00     -4.56    -0.85     0.69      0.0598     56.97 LEFT    7.5200E-05   -303.61  1.1528E-04   -296.13
   60.00    130.00     -5.54    -1.77    -0.24      0.0757     57.21 LEFT    6.7228E-05   -305.61  1.0378E-04   -296.12
   65.00    130.00     -6.62    -2.95    -1.40      0.0947     56.98 LEFT    5.9338E-05   -307.87  9.0527E-05   -296.05
   70.00    130.00     -7.87    -4.53    -2.87      0.1179     56.06 LEFT    5.1421E-05   -310.38  7.5507E-05   -295.91
   75.00    130.00     -9.40    -6.70    -4.83      0.1464     54.14 LEFT    4.3115E-05   -313.18  5.8783E-05   -295.69
   80.00    130.00    -11.57    -9.94    -7.67      0.1818     50.71 LEFT    3.3563E-05   -316.39  4.0483E-05   -295.41
   85.00    130.00    -15.72   -15.73   -12.71      0.2251     44.99 LEFT    2.0808E-05   -320.41  2.0803E-05   -295.04
   90.00    130.00   -999.99  -999.99  -999.99      0.0000      0.00         1.6428E-15   -146.42  1.2436E-15   -114.60
    0.00    135.00      1.26     1.26     4.27      0.0000     45.00 LINEAR  1.4704E-04   -294.90  1.4704E-04   -294.90
    5.00    135.00      1.22     1.25     4.24      0.0003     45.09 LEFT    1.4635E-04   -294.96  1.4683E-04   -294.93
   10.00    135.00      1.10     1.21     4.16      0.0013     45.37 LEFT    1.4432E-04   -295.13  1.4618E-04   -294.99
   15.00    135.00      0.89     1.14     4.03      0.0030     45.82 LEFT    1.4097E-04   -295.43  1.4506E-04   -295.09
   20.00    135.00      0.61     1.04     3.84      0.0055     46.43 LEFT    1.3641E-04   -295.85  1.4338E-04   -295.22
   25.00    135.00      0.24     0.90     3.59      0.0090     47.18 LEFT    1.3072E-04   -296.41  1.4105E-04   -295.37
   30.00    135.00     -0.22     0.71     3.28      0.0137     48.03 LEFT    1.2407E-04   -297.12  1.3795E-04   -295.54
   35.00    135.00     -0.75     0.45     2.90      0.0199     48.96 LEFT    1.1660E-04   -298.00  1.3394E-04   -295.70
   40.00    135.00     -1.38     0.12     2.44      0.0277     49.91 LEFT    1.0851E-04   -299.07  1.2889E-04   -295.85
   45.00    135.00     -2.09    -0.32     1.90      0.0373     50.82 LEFT    9.9988E-05   -300.34  1.2263E-04   -295.98
   50.00    135.00     -2.89    -0.87     1.25      0.0490     51.62 LEFT    9.1227E-05   -301.84  1.1504E-04   -296.07
   55.00    135.00     -3.77    -1.58     0.47      0.0632     52.19 LEFT    8.2402E-05   -303.58  1.0598E-04   -296.12
   60.00    135.00     -4.75    -2.50    -0.47      0.0801     52.42 LEFT    7.3638E-05   -305.57  9.5370E-05   -296.11
   65.00    135.00     -5.83    -3.69    -1.62      0.1001     52.14 LEFT    6.4973E-05   -307.82  8.3156E-05   -296.03
   70.00    135.00     -7.08    -5.27    -3.07      0.1238     51.12 LEFT    5.6288E-05   -310.32  6.9336E-05   -295.89
   75.00    135.00     -8.61    -7.45    -4.98      0.1519     49.02 LEFT    4.7187E-05   -313.11  5.3964E-05   -295.68
   80.00    135.00    -10.79   -10.69    -7.73      0.1847     45.36 LEFT    3.6727E-05   -316.32  3.7157E-05   -295.39
   85.00    135.00    -14.94   -16.47   -12.63      0.2208     39.46 LEFT    2.2767E-05   -320.33  1.9091E-05   -295.02
   90.00    135.00   -999.99  -999.99  -999.99      0.0000      0.00         1.7975E-15   -146.34  1.1412E-15   -114.59
    0.00    140.00      1.96     0.43     4.27      0.0000     40.00 LINEAR  1.5929E-04   -294.90  1.3366E-04   -294.90
    5.00    140.00      1.91     0.42     4.24      0.0003     40.09 LEFT    1.5855E-04   -294.96  1.3347E-04   -294.93
   10.00    140.00      1.79     0.38     4.15      0.0013     40.36 LEFT    1.5632E-04   -295.13  1.3286E-04   -294.99
   15.00    140.00      1.59     0.31     4.00      0.0029     40.81 LEFT    1.5266E-04   -295.43  1.3181E-04   -295.09
   20.00    140.00      1.30     0.21     3.80      0.0054     41.41 LEFT    1.4767E-04   -295.85  1.3024E-04   -295.22
   25.00    140.00      0.92     0.06     3.52      0.0090     42.16 LEFT    1.4146E-04   -296.40  1.2807E-04   -295.37
   30.00    140.00      0.47    -0.14     3.19      0.0138     43.01 LEFT    1.3420E-04   -297.11  1.2521E-04   -295.53
   35.00    140.00     -0.08    -0.40     2.78      0.0200     43.95 LEFT    1.2607E-04   -297.99  1.2151E-04   -295.69
   40.00    140.00     -0.71    -0.73     2.29      0.0280     44.90 LEFT    1.1726E-04   -299.05  1.1687E-04   -295.84
   45.00    140.00     -1.42    -1.17     1.72      0.0380     45.82 LEFT    1.0800E-04   -300.32  1.1114E-04   -295.97
   50.00    140.00     -2.22    -1.73     1.04      0.0502     46.62 LEFT    9.8489E-05   -301.81  1.0420E-04   -296.06
   55.00    140.00     -3.11    -2.45     0.24      0.0649     47.20 LEFT    8.8922E-05   -303.55  9.5951E-05   -296.10
   60.00    140.00     -4.09    -3.37    -0.70      0.0823     47.41 LEFT    7.9433E-05   -305.53  8.6307E-05   -296.09
   65.00    140.00     -5.18    -4.56    -1.85      0.1026     47.08 LEFT    7.0062E-05   -307.77  7.5224E-05   -296.02
   70.00    140.00     -6.43    -6.14    -3.27      0.1262     45.97 LEFT    6.0681E-05   -310.26  6.2701E-05   -295.87
   75.00    140.00     -7.96    -8.32    -5.13      0.1528     43.75 LEFT    5.0858E-05   -313.05  4.8787E-05   -295.66
   80.00    140.00    -10.14   -11.57    -7.78      0.1816     39.99 LEFT    3.9578E-05   -316.24  3.3586E-05   -295.37
   85.00    140.00    -14.29   -17.35   -12.55      0.2096     34.17 LEFT    2.4533E-05   -320.26  1.7254E-05   -295.00
   90.00    140.00   -999.99  -999.99  -999.99      0.0000      0.00         1.9368E-15   -146.26  1.0313E-15   -114.57
    0.00    145.00      2.54    -0.56     4.27      0.0000     35.00 LINEAR  1.7034E-04   -294.90  1.1927E-04   -294.90
    5.00    145.00      2.50    -0.57     4.24      0.0003     35.09 LEFT    1.6953E-04   -294.96  1.1909E-04   -294.93
   10.00    145.00      2.37    -0.61     4.14      0.0012     35.35 LEFT    1.6712E-04   -295.13  1.1853E-04   -294.99
   15.00    145.00      2.16    -0.68     3.98      0.0028     35.77 LEFT    1.6318E-04   -295.42  1.1757E-04   -295.09
   20.00    145.00      1.87    -0.79     3.75      0.0052     36.35 LEFT    1.5779E-04   -295.84  1.1613E-04   -295.21
   25.00    145.00      1.50    -0.94     3.46      0.0087     37.07 LEFT    1.5111E-04   -296.40  1.1416E-04   -295.36
   30.00    145.00      1.04    -1.14     3.09      0.0134     37.90 LEFT    1.4329E-04   -297.11  1.1156E-04   -295.53
   35.00    145.00      0.49    -1.40     2.66      0.0195     38.81 LEFT    1.3454E-04   -297.98  1.0822E-04   -295.69
   40.00    145.00     -0.14    -1.75     2.14      0.0275     39.74 LEFT    1.2509E-04   -299.04  1.0403E-04   -295.83
   45.00    145.00     -0.86    -2.19     1.54      0.0375     40.64 LEFT    1.1515E-04   -300.30  9.8878E-05   -295.96
   50.00    145.00     -1.67    -2.75     0.83      0.0498     41.42 LEFT    1.0496E-04   -301.79  9.2662E-05   -296.04
   55.00    145.00     -2.56    -3.47     0.02      0.0645     41.97 LEFT    9.4727E-05   -303.51  8.5286E-05   -296.09
   60.00    145.00     -3.54    -4.39    -0.94      0.0819     42.16 LEFT    8.4586E-05   -305.49  7.6681E-05   -296.07
   65.00    145.00     -4.64    -5.59    -2.08      0.1020     41.79 LEFT    7.4583E-05   -307.72  6.6808E-05   -296.00
   70.00    145.00     -5.89    -7.18    -3.47      0.1245     40.63 LEFT    6.4579E-05   -310.21  5.5667E-05   -295.85
   75.00    145.00     -7.42    -9.36    -5.27      0.1486     38.38 LEFT    5.4113E-05   -312.98  4.3303E-05   -295.64
   80.00    145.00     -9.60   -12.60    -7.84      0.1726     34.67 LEFT    4.2106E-05   -316.17  2.9804E-05   -295.35
   85.00    145.00    -13.76   -18.39   -12.47      0.1927     29.15 LEFT    2.6097E-05   -320.18  1.5310E-05   -294.98
   90.00    145.00   -999.99  -999.99  -999.99      0.0000      0.00         2.0602E-15   -146.18  9.1505E-16   -114.54
    0.00    150.00      3.02    -1.75     4.27      0.0000     30.00 LINEAR  1.8009E-04   -294.90  1.0397E-04   -294.90
    5.00    150.00      2.98    -1.76     4.24      0.0003     30.08 LEFT    1.7922E-04   -294.96  1.0381E-04   -294.93
   10.00    150.00      2.85    -1.81     4.13      0.0011     30.32 LEFT    1.7665E-04   -295.13  1.0331E-04   -294.99
   15.00    150.00      2.64    -1.88     3.96      0.0026     30.71 LEFT    1.7245E-04   -295.42  1.0245E-04   -295.08
   20.00    150.00      2.35    -1.99     3.71      0.0049     31.25 LEFT    1.6671E-04   -295.84  1.0117E-04   -295.21
   25.00    150.00      1.97    -2.14     3.40      0.0081     31.92 LEFT    1.5959E-04   -296.39  9.9415E-05   -295.36
   30.00    150.00      1.51    -2.34     3.01      0.0125     32.69 LEFT    1.5128E-04   -297.10  9.7109E-05   -295.52
   35.00    150.00      0.96    -2.61     2.54      0.0184     33.54 LEFT    1.4198E-04   -297.97  9.4160E-05   -295.68
   40.00    150.00      0.32    -2.96     1.99      0.0260     34.42 LEFT    1.3194E-04   -299.02  9.0474E-05   -295.82
   45.00    150.00     -0.40    -3.40     1.36      0.0357     35.27 LEFT    1.2141E-04   -300.28  8.5956E-05   -295.95
   50.00    150.00     -1.21    -3.97     0.63      0.0476     36.01 LEFT    1.1062E-04   -301.76  8.0515E-05   -296.03
   55.00    150.00     -2.11    -4.70    -0.20      0.0620     36.52 LEFT    9.9791E-05   -303.48  7.4073E-05   -296.07
   60.00    150.00     -3.09    -5.62    -1.17      0.0787     36.67 LEFT    8.9076E-05   -305.45  6.6572E-05   -296.06
   65.00    150.00     -4.19    -6.82    -2.30      0.0977     36.27 LEFT    7.8518E-05   -307.67  5.7980E-05   -295.98
   70.00    150.00     -5.44    -8.41    -3.67      0.1184     35.11 LEFT    6.7969E-05   -310.15  4.8296E-05   -295.84
   75.00    150.00     -6.98   -10.59    -5.41      0.1393     32.92 LEFT    5.6943E-05   -312.92  3.7560E-05   -295.62
   80.00    150.00     -9.16   -13.84    -7.89      0.1582     29.42 LEFT    4.4301E-05   -316.10  2.5847E-05   -295.33
   85.00    150.00    -13.32   -19.63   -12.40      0.1714     24.40 LEFT    2.7455E-05   -320.11  1.3275E-05   -294.97
   90.00    150.00   -999.99  -999.99  -999.99      0.0000      0.00         2.1674E-15   -146.10  7.9343E-16   -114.53
    0.00    155.00      3.42    -3.21     4.27      0.0000     25.00 LINEAR  1.8846E-04   -294.90  8.7881E-05   -294.90
    5.00    155.00      3.37    -3.22     4.23      0.0002     25.07 LEFT    1.8755E-04   -294.96  8.7740E-05   -294.92
   10.00    155.00      3.25    -3.27     4.12      0.0010     25.28 LEFT    1.8484E-04   -295.13  8.7307E-05   -294.99
   15.00    155.00      3.04    -3.34     3.94      0.0023     25.63 LEFT    1.8040E-04   -295.42  8.6560E-05   -295.08
   20.00    155.00      2.74    -3.45     3.68      0.0043     26.11 LEFT    1.7436E-04   -295.84  8.5459E-05   -295.21
   25.00    155.00      2.36    -3.61     3.34      0.0072     26.71 LEFT    1.6686E-04   -296.39  8.3952E-05   -295.36
   30.00    155.00      1.89    -3.82     2.92      0.0112     27.40 LEFT    1.5811E-04   -297.09  8.1975E-05   -295.51
   35.00    155.00      1.34    -4.09     2.43      0.0166     28.16 LEFT    1.4834E-04   -297.96  7.9454E-05   -295.67
   40.00    155.00      0.70    -4.44     1.86      0.0236     28.96 LEFT    1.3779E-04   -299.01  7.6313E-05   -295.82
   45.00    155.00     -0.03    -4.89     1.20      0.0325     29.73 LEFT    1.2674E-04   -300.26  7.2471E-05   -295.94
   50.00    155.00     -0.84    -5.46     0.45      0.0436     30.39 LEFT    1.1543E-04   -301.74  6.7855E-05   -296.02
   55.00    155.00     -1.74    -6.18    -0.41      0.0569     30.84 LEFT    1.0410E-04   -303.45  6.2402E-05   -296.06
   60.00    155.00     -2.73    -7.12    -1.38      0.0724     30.95 LEFT    9.2890E-05   -305.42  5.6062E-05   -296.05
   65.00    155.00     -3.83    -8.32    -2.51      0.0896     30.56 LEFT    8.1857E-05   -307.63  4.8810E-05   -295.97
   70.00    155.00     -5.08    -9.91    -3.85      0.1077     29.45 LEFT    7.0843E-05   -310.10  4.0647E-05   -295.82
   75.00    155.00     -6.62   -12.09    -5.54      0.1250     27.42 LEFT    5.9340E-05   -312.86  3.1603E-05   -295.61
   80.00    155.00     -8.80   -15.34    -7.93      0.1391     24.28 LEFT    4.6160E-05   -316.04  2.1744E-05   -295.32
   85.00    155.00    -12.96   -21.13   -12.34      0.1468     19.92 LEFT    2.8605E-05   -320.04  1.1167E-05   -294.95
   90.00    155.00   -999.99  -999.99  -999.99      0.0000      0.00         2.2581E-15   -146.04  6.6741E-16   -114.51
    0.00    160.00      3.73    -5.05     4.27      0.0000     20.00 LINEAR  1.9540E-04   -294.90  7.1121E-05   -294.90
    5.00    160.00      3.69    -5.06     4.23      0.0002     20.06 LEFT    1.9445E-04   -294.96  7.1004E-05   -294.92
   10.00    160.00      3.56    -5.11     4.11      0.0008     20.24 LEFT    1.9162E-04   -295.13  7.0647E-05   -294.99
   15.00    160.00      3.35    -5.18     3.92      0.0019     20.53 LEFT    1.8699E-04   -295.42  7.0031E-05   -295.08
   20.00    160.00      3.05    -5.30     3.64      0.0037     20.93 LEFT    1.8069E-04   -295.83  6.9125E-05   -295.21
   25.00    160.00      2.67    -5.45     3.29      0.0061     21.44 LEFT    1.7287E-04   -296.39  6.7888E-05   -295.35
   30.00    160.00      2.20    -5.66     2.85      0.0096     22.03 LEFT    1.6375E-04   -297.09  6.6268E-05   -295.51
   35.00    160.00      1.64    -5.94     2.34      0.0142     22.68 LEFT    1.5358E-04   -297.95  6.4209E-05   -295.67
   40.00    160.00      0.99    -6.29     1.74      0.0203     23.36 LEFT    1.4261E-04   -299.00  6.1648E-05   -295.81
   45.00    160.00      0.27    -6.74     1.05      0.0281     24.01 LEFT    1.3113E-04   -300.25  5.8523E-05   -295.93
   50.00    160.00     -0.55    -7.32     0.28      0.0378     24.58 LEFT    1.1939E-04   -301.72  5.4776E-05   -296.01
   55.00    160.00     -1.45    -8.05    -0.59      0.0494     24.96 LEFT    1.0763E-04   -303.43  5.0356E-05   -296.05
   60.00    160.00     -2.44    -8.98    -1.57      0.0629     25.03 LEFT    9.6017E-05   -305.39  4.5226E-05   -296.03
   65.00    160.00     -3.54   -10.19    -2.69      0.0776     24.66 LEFT    8.4592E-05   -307.60  3.9365E-05   -295.96
   70.00    160.00     -4.80   -11.78    -4.01      0.0926     23.67 LEFT    7.3196E-05   -310.06  3.2773E-05   -295.81
   75.00    160.00     -6.34   -13.97    -5.65      0.1061     21.91 LEFT    6.1302E-05   -312.82  2.5477E-05   -295.59
   80.00    160.00     -8.52   -17.21    -7.97      0.1159     19.25 LEFT    4.7681E-05   -315.99  1.7526E-05   -295.30
   85.00    160.00    -12.68   -23.00   -12.29      0.1197     15.66 LEFT    2.9546E-05   -319.99  9.0002E-06   -294.94
   90.00    160.00   -999.99  -999.99  -999.99      0.0000      0.00         2.3323E-15   -145.98  5.3788E-16   -114.50
    0.00    165.00      3.97    -7.47     4.27      0.0000     15.00 LINEAR  2.0086E-04   -294.90  5.3820E-05   -294.90
    5.00    165.00      3.93    -7.48     4.23      0.0002     15.05 LEFT    1.9988E-04   -294.96  5.3730E-05   -294.92
   10.00    165.00      3.80    -7.53     4.11      0.0006     15.19 LEFT    1.9695E-04   -295.13  5.3455E-05   -294.98
   15.00    165.00      3.58    -7.61     3.90      0.0015     15.41 LEFT    1.9217E-04   -295.42  5.2982E-05   -295.08
   20.00    165.00      3.29    -7.72     3.62      0.0029     15.73 LEFT    1.8565E-04   -295.83  5.2287E-05   -295.21
   25.00    165.00      2.90    -7.88     3.25      0.0048     16.12 LEFT    1.7758E-04   -296.38  5.1340E-05   -295.35
   30.00    165.00      2.43    -8.09     2.80      0.0075     16.58 LEFT    1.6818E-04   -297.08  5.0103E-05   -295.51
   35.00    165.00      1.87    -8.37     2.26      0.0112     17.10 LEFT    1.5769E-04   -297.94  4.8532E-05   -295.66
   40.00    165.00      1.22    -8.72     1.64      0.0161     17.63 LEFT    1.4638E-04   -298.99  4.6583E-05   -295.80
   45.00    165.00      0.49    -9.18     0.93      0.0223     18.15 LEFT    1.3456E-04   -300.24  4.4209E-05   -295.92
   50.00    165.00     -0.33    -9.76     0.14      0.0301     18.59 LEFT    1.2248E-04   -301.71  4.1366E-05   -296.00
   55.00    165.00     -1.23   -10.49    -0.74      0.0396     18.89 LEFT    1.1039E-04   -303.41  3.8018E-05   -296.04
   60.00    165.00     -2.22   -11.42    -1.73      0.0504     18.94 LEFT    9.8453E-05   -305.36  3.4136E-05   -296.03
   65.00    165.00     -3.33   -12.63    -2.84      0.0620     18.62 LEFT    8.6721E-05   -307.57  2.9705E-05   -295.95
   70.00    165.00     -4.58   -14.23    -4.14      0.0735     17.82 LEFT    7.5026E-05   -310.03  2.4726E-05   -295.80
   75.00    165.00     -6.13   -16.41    -5.74      0.0833     16.41 LEFT    6.2827E-05   -312.78  1.9218E-05   -295.58
   80.00    165.00     -8.31   -19.66    -8.00      0.0896     14.32 LEFT    4.8863E-05   -315.95  1.3219E-05   -295.29
   85.00    165.00    -12.47   -25.45   -12.25      0.0910     11.58 LEFT    3.0277E-05   -319.94  6.7879E-06   -294.92
   90.00    165.00   -999.99  -999.99  -999.99      0.0000      0.00         2.3900E-15   -145.93  4.0566E-16   -114.48
    0.00    170.00      4.14   -10.94     4.27      0.0000     10.00 LINEAR  2.0479E-04   -294.90  3.6109E-05   -294.90
    5.00    170.00      4.09   -10.95     4.23      0.0001     10.03 LEFT    2.0378E-04   -294.96  3.6048E-05   -294.92
   10.00    170.00      3.97   -11.00     4.10      0.0004     10.13 LEFT    2.0079E-04   -295.13  3.5862E-05   -294.98
   15.00    170.00      3.75   -11.07     3.89      0.0010     10.28 LEFT    1.9589E-04   -295.42  3.5541E-05   -295.08
   20.00    170.00      3.45   -11.19     3.60      0.0020     10.50 LEFT    1.8922E-04   -295.83  3.5070E-05   -295.20
   25.00    170.00      3.06   -11.35     3.22      0.0033     10.77 LEFT    1.8097E-04   -296.38  3.4429E-05   -295.35
   30.00    170.00      2.59   -11.56     2.75      0.0052     11.09 LEFT    1.7135E-04   -297.08  3.3593E-05   -295.50
   35.00    170.00      2.03   -11.84     2.20      0.0077     11.44 LEFT    1.6063E-04   -297.94  3.2533E-05   -295.66
   40.00    170.00      1.38   -12.20     1.57      0.0111     11.81 LEFT    1.4909E-04   -298.98  3.1220E-05   -295.80
   45.00    170.00      0.65   -12.66     0.84      0.0155     12.17 LEFT    1.3701E-04   -300.23  2.9622E-05   -295.92
   50.00    170.00     -0.17   -13.24     0.04      0.0210     12.48 LEFT    1.2469E-04   -301.69  2.7712E-05   -296.00
   55.00    170.00     -1.08   -13.97    -0.86      0.0276     12.68 LEFT    1.1236E-04   -303.40  2.5463E-05   -296.04
   60.00    170.00     -2.07   -14.91    -1.85      0.0352     12.70 LEFT    1.0019E-04   -305.35  2.2859E-05   -296.02
   65.00    170.00     -3.18   -16.12    -2.96      0.0432     12.47 LEFT    8.8242E-05   -307.55  1.9888E-05   -295.94
   70.00    170.00     -4.43   -17.71    -4.23      0.0510     11.90 LEFT    7.6332E-05   -310.00  1.6552E-05   -295.79
   75.00    170.00     -5.98   -19.90    -5.80      0.0573     10.92 LEFT    6.3915E-05   -312.75  1.2864E-05   -295.57
   80.00    170.00     -8.16   -23.15    -8.02      0.0610      9.49 LEFT    4.9706E-05   -315.91  8.8477E-06   -295.28
   85.00    170.00    -12.32   -28.94   -12.22      0.0612      7.64 LEFT    3.0798E-05   -319.91  4.5429E-06   -294.92
   90.00    170.00   -999.99  -999.99  -999.99      0.0000      0.00         2.4311E-15   -145.90  2.7149E-16   -114.48
    0.00    175.00      4.24   -16.92     4.27      0.0000      5.00 LINEAR  2.0715E-04   -294.90  1.8124E-05   -294.90
    5.00    175.00      4.19   -16.94     4.23      0.0001      5.02 LEFT    2.0613E-04   -294.96  1.8093E-05   -294.92
   10.00    175.00      4.07   -16.98     4.10      0.0002      5.06 LEFT    2.0310E-04   -295.13  1.7998E-05   -294.98
   15.00    175.00      3.85   -17.06     3.89      0.0005      5.14 LEFT    1.9813E-04   -295.42  1.7836E-05   -295.08
   20.00    175.00      3.55   -17.18     3.59      0.0010      5.25 LEFT    1.9137E-04   -295.83  1.7599E-05   -295.20
   25.00    175.00      3.16   -17.34     3.20      0.0017      5.39 LEFT    1.8301E-04   -296.38  1.7275E-05   -295.35
   30.00    175.00      2.69   -17.55     2.73      0.0026      5.55 LEFT    1.7326E-04   -297.07  1.6854E-05   -295.50
   35.00    175.00      2.12   -17.83     2.17      0.0040      5.73 LEFT    1.6240E-04   -297.94  1.6320E-05   -295.66
   40.00    175.00      1.47   -18.19     1.52      0.0057      5.92 LEFT    1.5071E-04   -298.98  1.5659E-05   -295.80
   45.00    175.00      0.74   -18.65     0.79      0.0080      6.11 LEFT    1.3849E-04   -300.22  1.4856E-05   -295.91
   50.00    175.00     -0.08   -19.23    -0.03      0.0108      6.26 LEFT    1.2602E-04   -301.69  1.3896E-05   -296.00
   55.00    175.00     -0.99   -19.97    -0.93      0.0142      6.36 LEFT    1.1354E-04   -303.39  1.2767E-05   -296.03
   60.00    175.00     -1.98   -20.91    -1.93      0.0181      6.38 LEFT    1.0124E-04   -305.34  1.1460E-05   -296.01
   65.00    175.00     -3.09   -22.12    -3.03      0.0222      6.25 LEFT    8.9154E-05   -307.53  9.9695E-06   -295.93
   70.00    175.00     -4.35   -23.71    -4.30      0.0261      5.96 LEFT    7.7116E-05   -309.99  8.2965E-06   -295.79
   75.00    175.00     -5.89   -25.90    -5.85      0.0292      5.45 LEFT    6.4568E-05   -312.73  6.4472E-06   -295.57
   80.00    175.00     -8.07   -29.15    -8.04      0.0309      4.73 LEFT    5.0212E-05   -315.89  4.4342E-06   -295.28
   85.00    175.00    -12.23   -34.94   -12.21      0.0308      3.80 LEFT    3.1111E-05   -319.89  2.2767E-06   -294.91
   90.00    175.00   -999.99  -999.99  -999.99      0.0000      0.00         2.4557E-15   -145.88  1.3605E-16   -114.47
    0.00    180.00      4.27  -999.99     4.27      0.0000     -0.00 LINEAR  2.0794E-04   -294.90  2.1225E-15   -114.90
    5.00    180.00      4.23  -999.99     4.23      0.0000     -0.00 LINEAR  2.0692E-04   -294.96  2.1188E-15   -114.92
   10.00    180.00      4.10  -999.99     4.10      0.0000     -0.00 LINEAR  2.0387E-04   -295.13  2.1078E-15   -114.98
   15.00    180.00      3.88  -999.99     3.88      0.0000     -0.00 LINEAR  1.9888E-04   -295.42  2.0887E-15   -115.08
   20.00    180.00      3.58  -999.99     3.58      0.0000     -0.00 LINEAR  1.9209E-04   -295.83  2.0608E-15   -115.20
   25.00    180.00      3.19  -999.99     3.19      0.0000     -0.00 LINEAR  1.8369E-04   -296.38  2.0229E-15   -115.35
   30.00    180.00      2.72  -999.99     2.72      0.0000     -0.00 LINEAR  1.7390E-04   -297.07  1.9735E-15   -115.50
   35.00    180.00      2.15  -999.99     2.15      0.0000     -0.00 LINEAR  1.6299E-04   -297.93  1.9109E-15   -115.65
   40.00    180.00      1.51  -999.99     1.51      0.0000     -0.00 LINEAR  1.5125E-04   -298.98  1.8334E-15   -115.80
   45.00    180.00      0.77  -999.99     0.77      0.0000     -0.00 LINEAR  1.3898E-04   -300.22  1.7393E-15   -115.91
   50.00    180.00     -0.05  -999.99    -0.05      0.0000     -0.00 LINEAR  1.2646E-04   -301.69  1.6268E-15   -115.99
   55.00    180.00     -0.96  -999.99    -0.96      0.0000     -0.00 LINEAR  1.1394E-04   -303.39  1.4946E-15   -116.03
   60.00    180.00     -1.95  -999.99    -1.95      0.0000     -0.00 LINEAR  1.0159E-04   -305.33  1.3415E-15   -116.01
   65.00    180.00     -3.06  -999.99    -3.06      0.0000     -0.00 LINEAR  8.9458E-05   -307.53  1.1670E-15   -115.93
   70.00    180.00     -4.32  -999.99    -4.32      0.0000     -0.00 LINEAR  7.7377E-05   -309.98  9.7116E-16   -115.79
   75.00    180.00     -5.86  -999.99    -5.86      0.0000     -0.00 LINEAR  6.4785E-05   -312.72  7.5467E-16   -115.57
   80.00    180.00     -8.04  -999.99    -8.04      0.0000     -0.00 LINEAR  5.0380E-05   -315.89  5.1902E-16   -115.28
   85.00    180.00    -12.20  -999.99   -12.20      0.0000     -0.00 LINEAR  3.1215E-05   -319.88  2.6649E-16   -114.91
   90.00    180.00   -999.99  -999.99  -999.99      0.0000      0.00         2.4639E-15   -145.87  1.5925E-26   -294.47
    0.00    185.00      4.24   -16.92     4.27      0.0000     -5.00 LINEAR  2.0715E-04   -294.90  1.8124E-05   -114.90
    5.00    185.00      4.19   -16.94     4.23      0.0001     -5.02 RIGHT   2.0613E-04   -294.96  1.8093E-05   -114.92
   10.00    185.00      4.07   -16.98     4.10      0.0002     -5.06 RIGHT   2.0310E-04   -295.13  1.7998E-05   -114.98
   15.00    185.00      3.85   -17.06     3.89      0.0005     -5.14 RIGHT   1.9813E-04   -295.42  1.7836E-05   -115.08
   20.00    185.00      3.55   -17.18     3.59      0.0010     -5.25 RIGHT   1.9137E-04   -295.83  1.7599E-05   -115.20
   25.00    185.00      3.16   -17.34     3.20      0.0017     -5.39 RIGHT   1.8301E-04   -296.38  1.7275E-05   -115.35
   30.00    185.00      2.69   -17.55     2.73      0.0026     -5.55 RIGHT   1.7326E-04   -297.07  1.6854E-05   -115.50
   35.00    185.00      2.12   -17.83     2.17      0.0040     -5.73 RIGHT   1.6240E-04   -297.94  1.6320E-05   -115.66
   40.00    185.00      1.47   -18.19     1.52      0.0057     -5.92 RIGHT   1.5071E-04   -298.98  1.5659E-05   -115.80
   45.00    185.00      0.74   -18.65     0.79      0.0080     -6.11 RIGHT   1.3849E-04   -300.22  1.4856E-05   -115.91
   50.00    185.00     -0.08   -19.23    -0.03      0.0108     -6.26 RIGHT   1.2602E-04   -301.69  1.3896E-05   -116.00
   55.00    185.00     -0.99   -19.97    -0.93      0.0142     -6.36 RIGHT   1.1354E-04   -303.39  1.2767E-05   -116.03
   60.00    185.00     -1.98   -20.91    -1.93      0.0181     -6.38 RIGHT   1.0124E-04   -305.34  1.1460E-05   -116.01
   65.00    185.00     -3.09   -22.12    -3.03      0.0222     -6.25 RIGHT   8.9154E-05   -307.53  9.9695E-06   -115.93
   70.00    185.00     -4.35   -23.71    -4.30      0.0261     -5.96 RIGHT   7.7116E-05   -309.99  8.2965E-06   -115.79
   75.00    185.00     -5.89   -25.90    -5.85      0.0292     -5.45 RIGHT   6.4568E-05   -312.73  6.4472E-06   -115.57
   80.00    185.00     -8.07   -29.15    -8.04      0.0309     -4.73 RIGHT   5.0212E-05   -315.89  4.4342E-06   -115.28
   85.00    185.00    -12.23   -34.94   -12.21      0.0308     -3.80 RIGHT   3.1111E-05   -319.89  2.2767E-06   -114.91
   90.00    185.00   -999.99  -999.99  -999.99      0.0000      0.00         2.4557E-15   -145.88  1.3606E-16   -294.47
    0.00    190.00      4.14   -10.94     4.27      0.0000    -10.00 LINEAR  2.0479E-04   -294.90  3.6109E-05   -114.90
    5.00    190.00      4.09   -10.95     4.23      0.0001    -10.03 RIGHT   2.0378E-04   -294.96  3.6048E-05   -114.92
   10.00    190.00      3.97   -11.00     4.10      0.0004    -10.13 RIGHT   2.0079E-04   -295.13  3.5862E-05   -114.98
   15.00    190.00      3.75   -11.07     3.89      0.0010    -10.28 RIGHT   1.9589E-04   -295.42  3.5541E-05   -115.08
   20.00    190.00      3.45   -11.19     3.60      0.0020    -10.50 RIGHT   1.8922E-04   -295.83  3.5070E-05   -115.20
   25.00    190.00      3.06   -11.35     3.22      0.0033    -10.77 RIGHT   1.8097E-04   -296.38  3.4429E-05   -115.35
   30.00    190.00      2.59   -11.56     2.75      0.0052    -11.09 RIGHT   1.7135E-04   -297.08  3.3593E-05   -115.50
   35.00    190.00      2.03   -11.84     2.20      0.0077    -11.44 RIGHT   1.6063E-04   -297.94  3.2533E-05   -115.66
   40.00    190.00      1.38   -12.20     1.57      0.0111    -11.81 RIGHT   1.4909E-04   -298.98  3.1220E-05   -115.80
   45.00    190.00      0.65   -12.66     0.84      0.0155    -12.17 RIGHT   1.3701E-04   -300.23  2.9622E-05   -115.92
   50.00    190.00     -0.17   -13.24     0.04      0.0210    -12.48 RIGHT   1.2469E-04   -301.69  2.7712E-05   -116.00
   55.00    190.00     -1.08   -13.97    -0.86      0.0276    -12.68 RIGHT   1.1236E-04   -303.40  2.5463E-05   -116.04
   60.00    190.00     -2.07   -14.91    -1.85      0.0352    -12.70 RIGHT   1.0019E-04   -305.35  2.2859E-05   -116.02
   65.00    190.00     -3.18   -16.12    -2.96      0.0432    -12.47 RIGHT   8.8242E-05   -307.55  1.9888E-05   -115.94
   70.00    190.00     -4.43   -17.71    -4.23      0.0510    -11.90 RIGHT   7.6332E-05   -310.00  1.6552E-05   -115.79
   75.00    190.00     -5.98   -19.90    -5.80      0.0573    -10.92 RIGHT   6.3915E-05   -312.75  1.2864E-05   -115.57
   80.00    190.00     -8.16   -23.15    -8.02      0.0610     -9.49 RIGHT   4.9706E-05   -315.91  8.8477E-06   -115.28
   85.00    190.00    -12.32   -28.94   -12.22      0.0612     -7.64 RIGHT   3.0798E-05   -319.91  4.5429E-06   -114.92
   90.00    190.00   -999.99  -999.99  -999.99      0.0000      0.00         2.4311E-15   -145.90  2.7149E-16   -294.48
    0.00    195.00      3.97    -7.47     4.27      0.0000    -15.00 LINEAR  2.0086E-04   -294.90  5.3820E-05   -114.90
    5.00    195.00      3.93    -7.48     4.23      0.0002    -15.05 RIGHT   1.9988E-04   -294.96  5.3730E-05   -114.92
   10.00    195.00      3.80    -7.53     4.11      0.0006    -15.19 RIGHT   1.9695E-04   -295.13  5.3455E-05   -114.98
   15.00    195.00      3.58    -7.61     3.90      0.0015    -15.41 RIGHT   1.9217E-04   -295.42  5.2982E-05   -115.08
   20.00    195.00      3.29    -7.72     3.62      0.0029    -15.73 RIGHT   1.8565E-04   -295.83  5.2287E-05   -115.21
   25.00    195.00      2.90    -7.88     3.25      0.0048    -16.12 RIGHT   1.7758E-04   -296.38  5.1340E-05   -115.35
   30.00    195.00      2.43    -8.09     2.80      0.0075    -16.58 RIGHT   1.6818E-04   -297.08  5.0103E-05   -115.51
   35.00    195.00      1.87    -8.37     2.26      0.0112    -17.10 RIGHT   1.5769E-04   -297.94  4.8532E-05   -115.66
   40.00    195.00      1.22    -8.72     1.64      0.0161    -17.63 RIGHT   1.4638E-04   -298.99  4.6583E-05   -115.80
   45.00    195.00      0.49    -9.18     0.93      0.0223    -18.15 RIGHT   1.3456E-04   -300.24  4.4209E-05   -115.92
   50.00    195.00     -0.33    -9.76     0.14      0.0301    -18.59 RIGHT   1.2248E-04   -301.71  4.1366E-05   -116.00
   55.00    195.00     -1.23   -10.49    -0.74      0.0396    -18.89 RIGHT   1.1039E-04   -303.41  3.8018E-05   -116.04
   60.00    195.00     -2.22   -11.42    -1.73      0.0504    -18.94 RIGHT   9.8453E-05   -305.36  3.4136E-05   -116.03
   65.00    195.00     -3.33   -12.63    -2.84      0.0620    -18.62 RIGHT   8.6721E-05   -307.57  2.9705E-05   -115.95
   70.00    195.00     -4.58   -14.23    -4.14      0.0735    -17.82 RIGHT   7.5026E-05   -310.03  2.4726E-05   -115.80
   75.00    195.00     -6.13   -16.41    -5.74      0.0833    -16.41 RIGHT   6.2827E-05   -312.78  1.9218E-05   -115.58
   80.00    195.00     -8.31   -19.66    -8.00      0.0896    -14.32 RIGHT   4.8863E-05   -315.95  1.3219E-05   -115.29
   85.00    195.00    -12.47   -25.45   -12.25      0.0910    -11.58 RIGHT   3.0277E-05   -319.94  6.7879E-06   -114.92
   90.00    195.00   -999.99  -999.99  -999.99      0.0000      0.00         2.3900E-15   -145.93  4.0566E-16   -294.48
    0.00    200.00      3.73    -5.05     4.27      0.0000    -20.00 LINEAR  1.9540E-04   -294.90  7.1121E-05   -114.90
    5.00    200.00      3.69    -5.06     4.23      0.0002    -20.06 RIGHT   1.9445E-04   -294.96  7.1004E-05   -114.92
   10.00    200.00      3.56    -5.11     4.11      0.0008    -20.24 RIGHT   1.9162E-04   -295.13  7.0647E-05   -114.99
   15.00    200.00      3.35    -5.18     3.92      0.0019    -20.53 RIGHT   1.8699E-04   -295.42  7.0031E-05   -115.08
   20.00    200.00      3.05    -5.30     3.64      0.0037    -20.93 RIGHT   1.8069E-04   -295.83  6.9125E-05   -115.21
   25.00    200.00      2.67    -5.45     3.29      0.0061    -21.44 RIGHT   1.7287E-04   -296.39  6.7888E-05   -115.35
   30.00    200.00      2.20    -5.66     2.85      0.0096    -22.03 RIGHT   1.6375E-04   -297.09  6.6268E-05   -115.51
   35.00    200.00      1.64    -5.94     2.34      0.0142    -22.68 RIGHT   1.5358E-04   -297.95  6.4209E-05   -115.67
   40.00    200.00      0.99    -6.29     1.74      0.0203    -23.36 RIGHT   1.4261E-04   -299.00  6.1648E-05   -115.81
   45.00    200.00      0.27    -6.74     1.05      0.0281    -24.01 RIGHT   1.3113E-04   -300.25  5.8523E-05   -115.93
   50.00    200.00     -0.55    -7.32     0.28      0.0378    -24.58 RIGHT   1.1939E-04   -301.72  5.4776E-05   -116.01
   55.00    200.00     -1.45    -8.05    -0.59      0.0494    -24.96 RIGHT   1.0763E-04   -303.43  5.0356E-05   -116.05
   60.00    200.00     -2.44    -8.98    -1.57      0.0629    -25.03 RIGHT   9.6017E-05   -305.39  4.5226E-05   -116.03
   65.00    200.00     -3.54   -10.19    -2.69      0.0776    -24.66 RIGHT   8.4592E-05   -307.60  3.9365E-05   -115.96
   70.00    200.00     -4.80   -11.78    -4.01      0.0926    -23.67 RIGHT   7.3196E-05   -310.06  3.2773E-05   -115.81
   75.00    200.00     -6.34   -13.97    -5.65      0.1061    -21.91 RIGHT   6.1302E-05   -312.82  2.5477E-05   -115.59
   80.00    200.00     -8.52   -17.21    -7.97      0.1159    -19.25 RIGHT   4.7681E-05   -315.99  1.7526E-05   -115.30
   85.00    200.00    -12.68   -23.00   -12.29      0.1197    -15.66 RIGHT   2.9546E-05   -319.99  9.0002E-06   -114.94
   90.00    200.00   -999.99  -999.99  -999.99      0.0000      0.00         2.3323E-15   -145.98  5.3788E-16   -294.50
    0.00    205.00      3.42    -3.21     4.27      0.0000    -25.00 LINEAR  1.8846E-04   -294.90  8.7881E-05   -114.90
    5.00    205.00      3.37    -3.22     4.23      0.0002    -25.07 RIGHT   1.8755E-04   -294.96  8.7740E-05   -114.92
   10.00    205.00      3.25    -3.27     4.12      0.0010    -25.28 RIGHT   1.8484E-04   -295.13  8.7307E-05   -114.99
   15.00    205.00      3.04    -3.34     3.94      0.0023    -25.63 RIGHT   1.8040E-04   -295.42  8.6560E-05   -115.08
   20.00    205.00      2.74    -3.45     3.68      0.0043    -26.11 RIGHT   1.7436E-04   -295.84  8.5459E-05   -115.21
   25.00    205.00      2.36    -3.61     3.34      0.0072    -26.71 RIGHT   1.6686E-04   -296.39  8.3952E-05   -115.36
   30.00    205.00      1.89    -3.82     2.92      0.0112    -27.40 RIGHT   1.5811E-04   -297.09  8.1975E-05   -115.51
   35.00    205.00      1.34    -4.09     2.43      0.0166    -28.16 RIGHT   1.4834E-04   -297.96  7.9454E-05   -115.67
   40.00    205.00      0.70    -4.44     1.86      0.0236    -28.96 RIGHT   1.3779E-04   -299.01  7.6313E-05   -115.82
   45.00    205.00     -0.03    -4.89     1.20      0.0325    -29.73 RIGHT   1.2674E-04   -300.26  7.2471E-05   -115.94
   50.00    205.00     -0.84    -5.46     0.45      0.0436    -30.39 RIGHT   1.1543E-04   -301.74  6.7855E-05   -116.02
   55.00    205.00     -1.74    -6.18    -0.41      0.0569    -30.84 RIGHT   1.0410E-04   -303.45  6.2402E-05   -116.06
   60.00    205.00     -2.73    -7.12    -1.38      0.0724    -30.95 RIGHT   9.2890E-05   -305.42  5.6062E-05   -116.05
   65.00    205.00     -3.83    -8.32    -2.51      0.0896    -30.56 RIGHT   8.1857E-05   -307.63  4.8810E-05   -115.97
   70.00    205.00     -5.08    -9.91    -3.85      0.1077    -29.45 RIGHT   7.0843E-05   -310.10  4.0647E-05   -115.82
   75.00    205.00     -6.62   -12.09    -5.54      0.1250    -27.42 RIGHT   5.9340E-05   -312.86  3.1603E-05   -115.61
   80.00    205.00     -8.80   -15.34    -7.93      0.1391    -24.28 RIGHT   4.6160E-05   -316.04  2.1744E-05   -115.32
   85.00    205.00    -12.96   -21.13   -12.34      0.1468    -19.92 RIGHT   2.8605E-05   -320.04  1.1167E-05   -114.95
   90.00    205.00   -999.99  -999.99  -999.99      0.0000      0.00         2.2581E-15   -146.04  6.6741E-16   -294.51
    0.00    210.00      3.02    -1.75     4.27      0.0000    -30.00 LINEAR  1.8009E-04   -294.90  1.0397E-04   -114.90
    5.00    210.00      2.98    -1.76     4.24      0.0003    -30.08 RIGHT   1.7922E-04   -294.96  1.0381E-04   -114.93
   10.00    210.00      2.85    -1.81     4.13      0.0011    -30.32 RIGHT   1.7665E-04   -295.13  1.0331E-04   -114.99
   15.00    210.00      2.64    -1.88     3.96      0.0026    -30.71 RIGHT   1.7245E-04   -295.42  1.0245E-04   -115.08
   20.00    210.00      2.35    -1.99     3.71      0.0049    -31.25 RIGHT   1.6671E-04   -295.84  1.0117E-04   -115.21
   25.00    210.00      1.97    -2.14     3.40      0.0081    -31.92 RIGHT   1.5959E-04   -296.39  9.9415E-05   -115.36
   30.00    210.00      1.51    -2.34     3.01      0.0125    -32.69 RIGHT   1.5128E-04   -297.10  9.7109E-05   -115.52
   35.00    210.00      0.96    -2.61     2.54      0.0184    -33.54 RIGHT   1.4198E-04   -297.97  9.4160E-05   -115.68
   40.00    210.00      0.32    -2.96     1.99      0.0260    -34.42 RIGHT   1.3194E-04   -299.02  9.0474E-05   -115.82
   45.00    210.00     -0.40    -3.40     1.36      0.0357    -35.27 RIGHT   1.2141E-04   -300.28  8.5956E-05   -115.95
   50.00    210.00     -1.21    -3.97     0.63      0.0476    -36.01 RIGHT   1.1062E-04   -301.76  8.0515E-05   -116.03
   55.00    210.00     -2.11    -4.70    -0.20      0.0620    -36.52 RIGHT   9.9791E-05   -303.48  7.4073E-05   -116.07
   60.00    210.00     -3.09    -5.62    -1.17      0.0787    -36.67 RIGHT   8.9076E-05   -305.45  6.6572E-05   -116.06
   65.00    210.00     -4.19    -6.82    -2.30      0.0977    -36.27 RIGHT   7.8518E-05   -307.67  5.7980E-05   -115.98
   70.00    210.00     -5.44    -8.41    -3.67      0.1184    -35.11 RIGHT   6.7969E-05   -310.15  4.8296E-05   -115.84
   75.00    210.00     -6.98   -10.59    -5.41      0.1393    -32.92 RIGHT   5.6943E-05   -312.92  3.7560E-05   -115.62
   80.00    210.00     -9.16   -13.84    -7.89      0.1582    -29.42 RIGHT   4.4301E-05   -316.10  2.5847E-05   -115.33
   85.00    210.00    -13.32   -19.63   -12.40      0.1714    -24.40 RIGHT   2.7455E-05   -320.11  1.3275E-05   -114.97
   90.00    210.00   -999.99  -999.99  -999.99      0.0000      0.00         2.1674E-15   -146.10  7.9344E-16   -294.53
    0.00    215.00      2.54    -0.56     4.27      0.0000    -35.00 LINEAR  1.7034E-04   -294.90  1.1927E-04   -114.90
    5.00    215.00      2.50    -0.57     4.24      0.0003    -35.09 RIGHT   1.6953E-04   -294.96  1.1909E-04   -114.93
   10.00    215.00      2.37    -0.61     4.14      0.0012    -35.35 RIGHT   1.6712E-04   -295.13  1.1853E-04   -114.99
   15.00    215.00      2.16    -0.68     3.98      0.0028    -35.77 RIGHT   1.6318E-04   -295.42  1.1757E-04   -115.09
   20.00    215.00      1.87    -0.79     3.75      0.0052    -36.35 RIGHT   1.5779E-04   -295.84  1.1613E-04   -115.21
   25.00    215.00      1.50    -0.94     3.46      0.0087    -37.07 RIGHT   1.5111E-04   -296.40  1.1416E-04   -115.36
   30.00    215.00      1.04    -1.14     3.09      0.0134    -37.90 RIGHT   1.4329E-04   -297.11  1.1156E-04   -115.53
   35.00    215.00      0.49    -1.40     2.66      0.0195    -38.81 RIGHT   1.3454E-04   -297.98  1.0822E-04   -115.69
   40.00    215.00     -0.14    -1.75     2.14      0.0275    -39.74 RIGHT   1.2509E-04   -299.04  1.0403E-04   -115.83
   45.00    215.00     -0.86    -2.19     1.54      0.0375    -40.64 RIGHT   1.1515E-04   -300.30  9.8878E-05   -115.96
   50.00    215.00     -1.67    -2.75     0.83      0.0498    -41.42 RIGHT   1.0496E-04   -301.79  9.2662E-05   -116.04
   55.00    215.00     -2.56    -3.47     0.02      0.0645    -41.97 RIGHT   9.4727E-05   -303.51  8.5286E-05   -116.09
   60.00    215.00     -3.54    -4.39    -0.94      0.0819    -42.16 RIGHT   8.4586E-05   -305.49  7.6681E-05   -116.07
   65.00    215.00     -4.64    -5.59    -2.08      0.1020    -41.79 RIGHT   7.4583E-05   -307.72  6.6808E-05   -116.00
   70.00    215.00     -5.89    -7.18    -3.47      0.1245    -40.63 RIGHT   6.4579E-05   -310.21  5.5667E-05   -115.85
   75.00    215.00     -7.42    -9.36    -5.27      0.1486    -38.38 RIGHT   5.4113E-05   -312.98  4.3303E-05   -115.64
   80.00    215.00     -9.60   -12.60    -7.84      0.1726    -34.67 RIGHT   4.2106E-05   -316.17  2.9804E-05   -115.35
   85.00    215.00    -13.76   -18.39   -12.47      0.1927    -29.15 RIGHT   2.6097E-05   -320.18  1.5310E-05   -114.98
   90.00    215.00   -999.99  -999.99  -999.99      0.0000      0.00         2.0602E-15   -146.18  9.1504E-16   -294.54
    0.00    220.00      1.96     0.43     4.27      0.0000    -40.00 LINEAR  1.5929E-04   -294.90  1.3366E-04   -114.90
    5.00    220.00      1.91     0.42     4.24      0.0003    -40.09 RIGHT   1.5855E-04   -294.96  1.3347E-04   -114.93
   10.00    220.00      1.79     0.38     4.15      0.0013    -40.36 RIGHT   1.5632E-04   -295.13  1.3286E-04   -114.99
   15.00    220.00      1.59     0.31     4.00      0.0029    -40.81 RIGHT   1.5266E-04   -295.43  1.3181E-04   -115.09
   20.00    220.00      1.30     0.21     3.80      0.0054    -41.41 RIGHT   1.4767E-04   -295.85  1.3024E-04   -115.22
   25.00    220.00      0.92     0.06     3.52      0.0090    -42.16 RIGHT   1.4146E-04   -296.40  1.2807E-04   -115.37
   30.00    220.00      0.47    -0.14     3.19      0.0138    -43.01 RIGHT   1.3420E-04   -297.11  1.2521E-04   -115.53
   35.00    220.00     -0.08    -0.40     2.78      0.0200    -43.95 RIGHT   1.2607E-04   -297.99  1.2151E-04   -115.69
   40.00    220.00     -0.71    -0.73     2.29      0.0280    -44.90 RIGHT   1.1726E-04   -299.05  1.1687E-04   -115.84
   45.00    220.00     -1.42    -1.17     1.72      0.0380    -45.82 RIGHT   1.0800E-04   -300.32  1.1114E-04   -115.97
   50.00    220.00     -2.22    -1.73     1.04      0.0502    -46.62 RIGHT   9.8489E-05   -301.81  1.0420E-04   -116.06
   55.00    220.00     -3.11    -2.45     0.24      0.0649    -47.20 RIGHT   8.8922E-05   -303.55  9.5951E-05   -116.10
   60.00    220.00     -4.09    -3.37    -0.70      0.0823    -47.41 RIGHT   7.9433E-05   -305.53  8.6307E-05   -116.09
   65.00    220.00     -5.18    -4.56    -1.85      0.1026    -47.08 RIGHT   7.0062E-05   -307.77  7.5224E-05   -116.02
   70.00    220.00     -6.43    -6.14    -3.27      0.1262    -45.97 RIGHT   6.0681E-05   -310.26  6.2701E-05   -115.87
   75.00    220.00     -7.96    -8.32    -5.13      0.1528    -43.75 RIGHT   5.0858E-05   -313.05  4.8787E-05   -115.66
   80.00    220.00    -10.14   -11.57    -7.78      0.1816    -39.99 RIGHT   3.9578E-05   -316.24  3.3586E-05   -115.37
   85.00    220.00    -14.29   -17.35   -12.55      0.2096    -34.17 RIGHT   2.4533E-05   -320.26  1.7254E-05   -115.00
   90.00    220.00   -999.99  -999.99  -999.99      0.0000      0.00         1.9368E-15   -146.26  1.0313E-15   -294.56
    0.00    225.00      1.26     1.26     4.27      0.0000    -45.00 LINEAR  1.4704E-04   -294.90  1.4704E-04   -114.90
    5.00    225.00      1.22     1.25     4.24      0.0003    -45.09 RIGHT   1.4635E-04   -294.96  1.4683E-04   -114.93
   10.00    225.00      1.10     1.21     4.16      0.0013    -45.37 RIGHT   1.4432E-04   -295.13  1.4618E-04   -114.99
   15.00    225.00      0.89     1.14     4.03      0.0030    -45.82 RIGHT   1.4097E-04   -295.43  1.4506E-04   -115.09
   20.00    225.00      0.61     1.04     3.84      0.0055    -46.43 RIGHT   1.3641E-04   -295.85  1.4338E-04   -115.22
   25.00    225.00      0.24     0.90     3.59      0.0090    -47.18 RIGHT   1.3072E-04   -296.41  1.4105E-04   -115.37
   30.00    225.00     -0.22     0.71     3.28      0.0137    -48.03 RIGHT   1.2407E-04   -297.12  1.3795E-04   -115.54
   35.00    225.00     -0.75     0.45     2.90      0.0199    -48.96 RIGHT   1.1660E-04   -298.00  1.3394E-04   -115.70
   40.00    225.00     -1.38     0.12     2.44      0.0277    -49.91 RIGHT   1.0851E-04   -299.07  1.2889E-04   -115.85
   45.00    225.00     -2.09    -0.32     1.90      0.0373    -50.82 RIGHT   9.9988E-05   -300.34  1.2263E-04   -115.98
   50.00    225.00     -2.89    -0.87     1.25      0.0490    -51.62 RIGHT   9.1227E-05   -301.84  1.1504E-04   -116.07
   55.00    225.00     -3.77    -1.58     0.47      0.0632    -52.19 RIGHT   8.2402E-05   -303.58  1.0598E-04   -116.12
   60.00    225.00     -4.75    -2.50    -0.47      0.0801    -52.42 RIGHT   7.3638E-05   -305.57  9.5370E-05   -116.11
   65.00    225.00     -5.83    -3.69    -1.62      0.1001    -52.14 RIGHT   6.4973E-05   -307.82  8.3156E-05   -116.03
   70.00    225.00     -7.08    -5.27    -3.07      0.1238    -51.12 RIGHT   5.6288E-05   -310.32  6.9336E-05   -115.89
   75.00    225.00     -8.61    -7.45    -4.98      0.1519    -49.02 RIGHT   4.7187E-05   -313.11  5.3964E-05   -115.68
   80.00    225.00    -10.79   -10.69    -7.73      0.1847    -45.36 RIGHT   3.6727E-05   -316.32  3.7157E-05   -115.39
   85.00    225.00    -14.94   -16.47   -12.63      0.2208    -39.46 RIGHT   2.2767E-05   -320.33  1.9091E-05   -115.02
   90.00    225.00   -999.99  -999.99  -999.99      0.0000      0.00         1.7975E-15   -146.34  1.1412E-15   -294.58
    0.00    230.00      0.43     1.96     4.27      0.0000    -50.00 LINEAR  1.3366E-04   -294.90  1.5929E-04   -114.90
    5.00    230.00      0.39     1.94     4.25      0.0003    -50.09 RIGHT   1.3305E-04   -294.96  1.5907E-04   -114.93
   10.00    230.00      0.27     1.91     4.18      0.0013    -50.36 RIGHT   1.3121E-04   -295.14  1.5840E-04   -114.99
   15.00    230.00      0.07     1.84     4.06      0.0029    -50.80 RIGHT   1.2820E-04   -295.43  1.5721E-04   -115.09
   20.00    230.00     -0.21     1.74     3.88      0.0054    -51.40 RIGHT   1.2409E-04   -295.85  1.5544E-04   -115.22
   25.00    230.00     -0.58     1.60     3.66      0.0088    -52.13 RIGHT   1.1897E-04   -296.42  1.5297E-04   -115.38
   30.00    230.00     -1.03     1.41     3.37      0.0133    -52.96 RIGHT   1.1296E-04   -297.13  1.4968E-04   -115.54
   35.00    230.00     -1.57     1.16     3.02      0.0192    -53.86 RIGHT   1.0621E-04   -298.01  1.4540E-04   -115.71
   40.00    230.00     -2.19     0.83     2.59      0.0265    -54.78 RIGHT   9.8888E-05   -299.08  1.3998E-04   -115.86
   45.00    230.00     -2.89     0.41     2.07      0.0356    -55.65 RIGHT   9.1166E-05   -300.36  1.3326E-04   -115.99
   50.00    230.00     -3.68    -0.15     1.45      0.0466    -56.41 RIGHT   8.3217E-05   -301.87  1.2507E-04   -116.08
   55.00    230.00     -4.56    -0.85     0.69      0.0598    -56.97 RIGHT   7.5200E-05   -303.61  1.1528E-04   -116.13
   60.00    230.00     -5.54    -1.77    -0.24      0.0757    -57.21 RIGHT   6.7228E-05   -305.61  1.0378E-04   -116.12
   65.00    230.00     -6.62    -2.95    -1.40      0.0947    -56.98 RIGHT   5.9338E-05   -307.87  9.0527E-05   -116.05
   70.00    230.00     -7.87    -4.53    -2.87      0.1179    -56.06 RIGHT   5.1421E-05   -310.38  7.5507E-05   -115.91
   75.00    230.00     -9.40    -6.70    -4.83      0.1464    -54.14 RIGHT   4.3115E-05   -313.18  5.8783E-05   -115.69
   80.00    230.00    -11.57    -9.94    -7.67      0.1818    -50.71 RIGHT   3.3563E-05   -316.39  4.0483E-05   -115.41
   85.00    230.00    -15.72   -15.73   -12.71      0.2251    -44.99 RIGHT   2.0808E-05   -320.41  2.0803E-05   -115.04
   90.00    230.00   -999.99  -999.99  -999.99      0.0000      0.00         1.6428E-15   -146.42  1.2435E-15   -294.60
    0.00    235.00     -0.56     2.54     4.27      0.0000    -55.00 LINEAR  1.1927E-04   -294.90  1.7034E-04   -114.90
    5.00    235.00     -0.60     2.53     4.25      0.0003    -55.09 RIGHT   1.1873E-04   -294.96  1.7011E-04   -114.93
   10.00    235.00     -0.72     2.49     4.19      0.0012    -55.35 RIGHT   1.1711E-04   -295.14  1.6941E-04   -114.99
   15.00    235.00     -0.92     2.43     4.08      0.0028    -55.76 RIGHT   1.1445E-04   -295.43  1.6818E-04   -115.09
   20.00    235.00     -1.20     2.33     3.93      0.0051    -56.33 RIGHT   1.1081E-04   -295.86  1.6634E-04   -115.23
   25.00    235.00     -1.56     2.20     3.72      0.0083    -57.02 RIGHT   1.0627E-04   -296.42  1.6376E-04   -115.38
   30.00    235.00     -2.01     2.01     3.46      0.0125    -57.80 RIGHT   1.0095E-04   -297.14  1.6030E-04   -115.55
   35.00    235.00     -2.54     1.76     3.13      0.0179    -58.65 RIGHT   9.4960E-05   -298.02  1.5579E-04   -115.72
   40.00    235.00     -3.15     1.44     2.73      0.0246    -59.50 RIGHT   8.8455E-05   -299.10  1.5006E-04   -115.87
   45.00    235.00     -3.86     1.01     2.24      0.0329    -60.32 RIGHT   8.1586E-05   -300.38  1.4292E-04   -116.00
   50.00    235.00     -4.64     0.47     1.63      0.0429    -61.03 RIGHT   7.4507E-05   -301.89  1.3420E-04   -116.10
   55.00    235.00     -5.52    -0.24     0.89      0.0550    -61.55 RIGHT   6.7358E-05   -303.64  1.2375E-04   -116.14
   60.00    235.00     -6.49    -1.15    -0.03      0.0695    -61.79 RIGHT   6.0240E-05   -305.65  1.1146E-04   -116.14
   65.00    235.00     -7.57    -2.33    -1.19      0.0871    -61.61 RIGHT   5.3187E-05   -307.91  9.7261E-05   -116.07
   70.00    235.00     -8.81    -3.90    -2.69      0.1089    -60.81 RIGHT   4.6103E-05   -310.43  8.1150E-05   -115.93
   75.00    235.00    -10.34    -6.08    -4.69      0.1366    -59.10 RIGHT   3.8665E-05   -313.24  6.3193E-05   -115.71
   80.00    235.00    -12.52    -9.31    -7.62      0.1730    -56.00 RIGHT   3.0103E-05   -316.46  4.3529E-05   -115.42
   85.00    235.00    -16.67   -15.10   -12.80      0.2216    -50.70 RIGHT   1.8664E-05   -320.49  2.2370E-05   -115.06
   90.00    235.00   -999.99  -999.99  -999.99      0.0000      0.00         1.4737E-15   -146.49  1.3373E-15   -294.63
    0.00    240.00     -1.75     3.02     4.27      0.0000    -60.00 LINEAR  1.0397E-04   -294.90  1.8009E-04   -114.90
    5.00    240.00     -1.79     3.01     4.25      0.0003    -60.08 RIGHT   1.0350E-04   -294.96  1.7985E-04   -114.93
   10.00    240.00     -1.91     2.97     4.20      0.0011    -60.32 RIGHT   1.0210E-04   -295.14  1.7913E-04   -114.99
   15.00    240.00     -2.11     2.91     4.10      0.0025    -60.70 RIGHT   9.9805E-05   -295.43  1.7787E-04   -115.10
   20.00    240.00     -2.38     2.82     3.97      0.0046    -61.22 RIGHT   9.6658E-05   -295.86  1.7597E-04   -115.23
   25.00    240.00     -2.74     2.69     3.78      0.0075    -61.85 RIGHT   9.2733E-05   -296.43  1.7330E-04   -115.39
   30.00    240.00     -3.19     2.51     3.54      0.0113    -62.56 RIGHT   8.8121E-05   -297.15  1.6971E-04   -115.56
   35.00    240.00     -3.71     2.26     3.24      0.0162    -63.33 RIGHT   8.2931E-05   -298.04  1.6501E-04   -115.73
   40.00    240.00     -4.33     1.94     2.86      0.0222    -64.10 RIGHT   7.7284E-05   -299.11  1.5901E-04   -115.88
   45.00    240.00     -5.03     1.52     2.39      0.0295    -64.84 RIGHT   7.1314E-05   -300.40  1.5151E-04   -116.01
   50.00    240.00     -5.81     0.98     1.80      0.0383    -65.48 RIGHT   6.5155E-05   -301.91  1.4233E-04   -116.11
   55.00    240.00     -6.68     0.28     1.07      0.0490    -65.95 RIGHT   5.8926E-05   -303.67  1.3131E-04   -116.16
   60.00    240.00     -7.65    -0.63     0.16      0.0618    -66.18 RIGHT   5.2719E-05   -305.69  1.1832E-04   -116.15
   65.00    240.00     -8.73    -1.81    -1.00      0.0776    -66.04 RIGHT   4.6560E-05   -307.96  1.0328E-04   -116.08
   70.00    240.00     -9.97    -3.38    -2.52      0.0974    -65.37 RIGHT   4.0369E-05   -310.49  8.6201E-05   -115.94
   75.00    240.00    -11.49    -5.55    -4.56      0.1232    -63.90 RIGHT   3.3862E-05   -313.30  6.7143E-05   -115.73
   80.00    240.00    -13.67    -8.78    -7.56      0.1587    -61.20 RIGHT   2.6368E-05   -316.53  4.6258E-05   -115.44
   85.00    240.00    -17.82   -14.57   -12.88      0.2097    -56.50 RIGHT   1.6350E-05   -320.56  2.3776E-05   -115.08
   90.00    240.00   -999.99  -999.99  -999.99      0.0000      0.00         1.2909E-15   -146.57  1.4213E-15   -294.64
    0.00    245.00     -3.21     3.42     4.27      0.0000    -65.00 LINEAR  8.7881E-05   -294.90  1.8846E-04   -114.90
    5.00    245.00     -3.25     3.40     4.25      0.0002    -65.07 RIGHT   8.7487E-05   -294.96  1.8823E-04   -114.93
   10.00    245.00     -3.37     3.37     4.21      0.0010    -65.28 RIGHT   8.6315E-05   -295.14  1.8750E-04   -114.99
   15.00    245.00     -3.56     3.31     4.12      0.0022    -65.62 RIGHT   8.4388E-05   -295.44  1.8621E-04   -115.10
   20.00    245.00     -3.84     3.22     4.00      0.0041    -66.08 RIGHT   8.1748E-05   -295.86  1.8427E-04   -115.23
   25.00    245.00     -4.20     3.09     3.83      0.0066    -66.63 RIGHT   7.8453E-05   -296.43  1.8153E-04   -115.39
   30.00    245.00     -4.64     2.91     3.62      0.0099    -67.25 RIGHT   7.4578E-05   -297.15  1.7783E-04   -115.56
   35.00    245.00     -5.16     2.67     3.33      0.0141    -67.92 RIGHT   7.0212E-05   -298.05  1.7297E-04   -115.73
   40.00    245.00     -5.77     2.35     2.98      0.0192    -68.59 RIGHT   6.5458E-05   -299.13  1.6675E-04   -115.89
   45.00    245.00     -6.46     1.94     2.52      0.0255    -69.23 RIGHT   6.0426E-05   -300.42  1.5896E-04   -116.02
   50.00    245.00     -7.25     1.40     1.95      0.0330    -69.78 RIGHT   5.5228E-05   -301.94  1.4939E-04   -116.12
   55.00    245.00     -8.12     0.70     1.24      0.0421    -70.20 RIGHT   4.9966E-05   -303.70  1.3787E-04   -116.17
   60.00    245.00     -9.08    -0.20     0.33      0.0530    -70.41 RIGHT   4.4717E-05   -305.72  1.2428E-04   -116.16
   65.00    245.00    -10.16    -1.38    -0.84      0.0666    -70.30 RIGHT   3.9505E-05   -308.00  1.0852E-04   -116.09
   70.00    245.00    -11.39    -2.95    -2.37      0.0839    -69.75 RIGHT   3.4260E-05   -310.53  9.0597E-05   -115.96
   75.00    245.00    -12.92    -5.11    -4.45      0.1069    -68.53 RIGHT   2.8743E-05   -313.36  7.0583E-05   -115.74
   80.00    245.00    -15.09    -8.35    -7.52      0.1396    -66.28 RIGHT   2.2384E-05   -316.59  4.8636E-05   -115.46
   85.00    245.00    -19.24   -14.13   -12.96      0.1895    -62.31 RIGHT   1.3881E-05   -320.62  2.5000E-05   -115.09
   90.00    245.00   -999.99  -999.99  -999.99      0.0000      0.00         1.0960E-15   -146.63  1.4946E-15   -294.65
    0.00    250.00     -5.05     3.73     4.27      0.0000    -70.00 LINEAR  7.1121E-05   -294.90  1.9540E-04   -114.90
    5.00    250.00     -5.09     3.72     4.26      0.0002    -70.06 RIGHT   7.0805E-05   -294.96  1.9517E-04   -114.93
   10.00    250.00     -5.20     3.69     4.21      0.0008    -70.24 RIGHT   6.9863E-05   -295.14  1.9443E-04   -114.99
   15.00    250.00     -5.40     3.63     4.14      0.0019    -70.52 RIGHT   6.8315E-05   -295.44  1.9313E-04   -115.10
   20.00    250.00     -5.67     3.54     4.03      0.0034    -70.90 RIGHT   6.6192E-05   -295.87  1.9116E-04   -115.23
   25.00    250.00     -6.03     3.41     3.88      0.0055    -71.36 RIGHT   6.3542E-05   -296.44  1.8837E-04   -115.39
   30.00    250.00     -6.46     3.24     3.68      0.0082    -71.88 RIGHT   6.0422E-05   -297.16  1.8458E-04   -115.57
   35.00    250.00     -6.99     3.00     3.41      0.0116    -72.43 RIGHT   5.6903E-05   -298.05  1.7960E-04   -115.74
   40.00    250.00     -7.59     2.68     3.07      0.0158    -72.99 RIGHT   5.3069E-05   -299.14  1.7321E-04   -115.90
   45.00    250.00     -8.28     2.27     2.64      0.0209    -73.51 RIGHT   4.9006E-05   -300.43  1.6517E-04   -116.03
   50.00    250.00     -9.06     1.73     2.08      0.0271    -73.97 RIGHT   4.4805E-05   -301.95  1.5528E-04   -116.13
   55.00    250.00     -9.93     1.04     1.37      0.0344    -74.32 RIGHT   4.0549E-05   -303.72  1.4336E-04   -116.18
   60.00    250.00    -10.89     0.14     0.47      0.0434    -74.49 RIGHT   3.6300E-05   -305.75  1.2926E-04   -116.18
   65.00    250.00    -11.97    -1.03    -0.70      0.0545    -74.42 RIGHT   3.2076E-05   -308.03  1.1290E-04   -116.11
   70.00    250.00    -13.20    -2.60    -2.24      0.0688    -73.98 RIGHT   2.7823E-05   -310.58  9.4281E-05   -115.97
   75.00    250.00    -14.72    -4.77    -4.35      0.0882    -73.02 RIGHT   2.3346E-05   -313.40  7.3467E-05   -115.76
   80.00    250.00    -16.90    -8.00    -7.47      0.1164    -71.22 RIGHT   1.8183E-05   -316.64  5.0630E-05   -115.47
   85.00    250.00    -21.05   -13.78   -13.03      0.1616    -68.05 RIGHT   1.1276E-05   -320.68  2.6028E-05   -115.11
   90.00    250.00   -999.99  -999.99  -999.99      0.0000      0.00         8.9035E-16   -146.68  1.5561E-15   -294.67
    0.00    255.00     -7.47     3.97     4.27      0.0000    -75.00 LINEAR  5.3820E-05   -294.90  2.0086E-04   -114.90
    5.00    255.00     -7.51     3.96     4.26      0.0002    -75.05 RIGHT   5.3582E-05   -294.96  2.0062E-04   -114.93
   10.00    255.00     -7.62     3.93     4.22      0.0006    -75.18 RIGHT   5.2874E-05   -295.14  1.9988E-04   -114.99
   15.00    255.00     -7.82     3.87     4.15      0.0014    -75.40 RIGHT   5.1709E-05   -295.44  1.9857E-04   -115.10
   20.00    255.00     -8.09     3.78     4.06      0.0026    -75.70 RIGHT   5.0111E-05   -295.87  1.9658E-04   -115.24
   25.00    255.00     -8.44     3.66     3.92      0.0043    -76.06 RIGHT   4.8115E-05   -296.44  1.9375E-04   -115.40
   30.00    255.00     -8.88     3.48     3.73      0.0063    -76.46 RIGHT   4.5764E-05   -297.16  1.8991E-04   -115.57
   35.00    255.00     -9.40     3.25     3.48      0.0089    -76.88 RIGHT   4.3111E-05   -298.06  1.8483E-04   -115.74
   40.00    255.00    -10.00     2.93     3.15      0.0121    -77.31 RIGHT   4.0217E-05   -299.15  1.7830E-04   -115.90
   45.00    255.00    -10.69     2.52     2.73      0.0160    -77.71 RIGHT   3.7149E-05   -300.44  1.7008E-04   -116.04
   50.00    255.00    -11.47     1.99     2.18      0.0207    -78.06 RIGHT   3.3974E-05   -301.97  1.5994E-04   -116.14
   55.00    255.00    -12.33     1.30     1.48      0.0263    -78.33 RIGHT   3.0754E-05   -303.74  1.4770E-04   -116.19
   60.00    255.00    -13.29     0.40     0.58      0.0331    -78.47 RIGHT   2.7537E-05   -305.77  1.3321E-04   -116.18
   65.00    255.00    -14.36    -0.77    -0.59      0.0415    -78.42 RIGHT   2.4338E-05   -308.06  1.1638E-04   -116.12
   70.00    255.00    -15.60    -2.34    -2.13      0.0525    -78.10 RIGHT   2.1114E-05   -310.61  9.7203E-05   -115.98
   75.00    255.00    -17.12    -4.50    -4.27      0.0676    -77.38 RIGHT   1.7719E-05   -313.44  7.5756E-05   -115.77
   80.00    255.00    -19.29    -7.73    -7.44      0.0901    -76.04 RIGHT   1.3802E-05   -316.68  5.2214E-05   -115.48
   85.00    255.00    -23.44   -13.51   -13.09      0.1271    -73.69 RIGHT   8.5597E-06   -320.72  2.6844E-05   -115.12
   90.00    255.00   -999.99  -999.99  -999.99      0.0000      0.00         6.7583E-16   -146.73  1.6049E-15   -294.68
    0.00    260.00    -10.94     4.14     4.27      0.0000    -80.00 LINEAR  3.6109E-05   -294.90  2.0479E-04   -114.90
    5.00    260.00    -10.97     4.13     4.26      0.0001    -80.03 RIGHT   3.5950E-05   -294.96  2.0455E-04   -114.93
   10.00    260.00    -11.09     4.10     4.23      0.0004    -80.13 RIGHT   3.5477E-05   -295.14  2.0380E-04   -114.99
   15.00    260.00    -11.28     4.04     4.16      0.0010    -80.28 RIGHT   3.4699E-05   -295.44  2.0249E-04   -115.10
   20.00    260.00    -11.55     3.95     4.07      0.0018    -80.48 RIGHT   3.3631E-05   -295.87  2.0048E-04   -115.24
   25.00    260.00    -11.91     3.83     3.94      0.0029    -80.72 RIGHT   3.2297E-05   -296.44  1.9763E-04   -115.40
   30.00    260.00    -12.34     3.66     3.76      0.0043    -80.99 RIGHT   3.0724E-05   -297.17  1.9375E-04   -115.57
   35.00    260.00    -12.86     3.42     3.52      0.0061    -81.28 RIGHT   2.8949E-05   -298.06  1.8861E-04   -115.75
   40.00    260.00    -13.46     3.11     3.21      0.0082    -81.57 RIGHT   2.7011E-05   -299.15  1.8198E-04   -115.91
   45.00    260.00    -14.15     2.70     2.79      0.0108    -81.84 RIGHT   2.4956E-05   -300.45  1.7363E-04   -116.04
   50.00    260.00    -14.92     2.17     2.26      0.0139    -82.08 RIGHT   2.2827E-05   -301.98  1.6331E-04   -116.14
   55.00    260.00    -15.78     1.48     1.56      0.0177    -82.26 RIGHT   2.0668E-05   -303.76  1.5085E-04   -116.19
   60.00    260.00    -16.74     0.59     0.67      0.0223    -82.36 RIGHT   1.8509E-05   -305.79  1.3607E-04   -116.19
   65.00    260.00    -17.81    -0.58    -0.50      0.0280    -82.33 RIGHT   1.6361E-05   -308.08  1.1890E-04   -116.12
   70.00    260.00    -19.05    -2.15    -2.06      0.0355    -82.12 RIGHT   1.4195E-05   -310.63  9.9322E-05   -115.99
   75.00    260.00    -20.57    -4.31    -4.21      0.0458    -81.64 RIGHT   1.1914E-05   -313.47  7.7416E-05   -115.78
   80.00    260.00    -22.74    -7.54    -7.41      0.0613    -80.76 RIGHT   9.2807E-06   -316.71  5.3362E-05   -115.49
   85.00    260.00    -26.89   -13.32   -13.14      0.0876    -79.20 RIGHT   5.7560E-06   -320.76  2.7435E-05   -115.13
   90.00    260.00   -999.99  -999.99  -999.99      0.0000      0.00         4.5454E-16   -146.77  1.6403E-15   -294.69
    0.00    265.00    -16.92     4.24     4.27      0.0000    -85.00 LINEAR  1.8124E-05   -294.90  2.0715E-04   -114.90
    5.00    265.00    -16.96     4.23     4.26      0.0001    -85.02 RIGHT   1.8044E-05   -294.96  2.0691E-04   -114.93
   10.00    265.00    -17.08     4.20     4.23      0.0002    -85.06 RIGHT   1.7807E-05   -295.14  2.0617E-04   -114.99
   15.00    265.00    -17.27     4.14     4.17      0.0005    -85.14 RIGHT   1.7418E-05   -295.44  2.0485E-04   -115.10
   20.00    265.00    -17.54     4.05     4.08      0.0009    -85.24 RIGHT   1.6883E-05   -295.87  2.0284E-04   -115.24
   25.00    265.00    -17.89     3.93     3.96      0.0015    -85.37 RIGHT   1.6215E-05   -296.44  1.9998E-04   -115.40
   30.00    265.00    -18.32     3.76     3.79      0.0022    -85.50 RIGHT   1.5427E-05   -297.17  1.9607E-04   -115.57
   35.00    265.00    -18.84     3.53     3.55      0.0031    -85.65 RIGHT   1.4537E-05   -298.07  1.9089E-04   -115.75
   40.00    265.00    -19.44     3.22     3.24      0.0041    -85.79 RIGHT   1.3566E-05   -299.16  1.8421E-04   -115.91
   45.00    265.00    -20.13     2.81     2.83      0.0055    -85.93 RIGHT   1.2535E-05   -300.46  1.7577E-04   -116.05
   50.00    265.00    -20.90     2.28     2.30      0.0070    -86.05 RIGHT   1.1467E-05   -301.99  1.6535E-04   -116.15
   55.00    265.00    -21.76     1.59     1.61      0.0089    -86.14 RIGHT   1.0384E-05   -303.77  1.5275E-04   -116.20
   60.00    265.00    -22.72     0.70     0.72      0.0112    -86.19 RIGHT   9.3002E-06   -305.80  1.3781E-04   -116.20
   65.00    265.00    -23.79    -0.47    -0.45      0.0141    -86.18 RIGHT   8.2216E-06   -308.09  1.2043E-04   -116.13
   70.00    265.00    -25.02    -2.04    -2.01      0.0179    -86.07 RIGHT   7.1339E-06   -310.65  1.0061E-04   -115.99
   75.00    265.00    -26.54    -4.20    -4.17      0.0231    -85.84 RIGHT   5.9876E-06   -313.49  7.8422E-05   -115.78
   80.00    265.00    -28.71    -7.43    -7.40      0.0311    -85.40 RIGHT   4.6644E-06   -316.73  5.4059E-05   -115.49
   85.00    265.00    -32.86   -13.21   -13.16      0.0447    -84.63 RIGHT   2.8930E-06   -320.78  2.7794E-05   -115.13
   90.00    265.00   -999.99  -999.99  -999.99      0.0000      0.00         2.2840E-16   -146.78  1.6618E-15   -294.69
    0.00    270.00   -999.99     4.27     4.27      0.0000     90.00 LINEAR  3.1837E-15   -114.90  2.0794E-04   -114.90
    5.00    270.00   -999.99     4.26     4.26      0.0000     90.00 LINEAR  6.3733E-15   -154.39  2.0770E-04   -114.93
   10.00    270.00   -999.99     4.23     4.23      0.0000     90.00 LINEAR  1.0522E-14   -165.88  2.0696E-04   -114.99
   15.00    270.00   -198.60     4.17     4.17      0.0000     90.00 LINEAR  1.4938E-14   -171.14  2.0564E-04   -115.10
   20.00    270.00   -196.27     4.09     4.09      0.0000     90.00 LINEAR  1.9540E-14   -174.32  2.0363E-04   -115.24
   25.00    270.00   -194.37     3.96     3.96      0.0000     90.00 LINEAR  2.4307E-14   -176.58  2.0076E-04   -115.40
   30.00    270.00   -192.78     3.79     3.79      0.0000     90.00 LINEAR  2.9203E-14   -178.35  1.9684E-04   -115.58
   35.00    270.00   -191.42     3.56     3.56      0.0000     90.00 LINEAR  3.4161E-14   -179.85  1.9165E-04   -115.75
   40.00    270.00   -190.25     3.25     3.25      0.0000     90.00 LINEAR  3.9072E-14   -181.17  1.8495E-04   -115.91
   45.00    270.00   -189.26     2.85     2.85      0.0000     90.00 LINEAR  4.3777E-14   -182.37  1.7649E-04   -116.05
   50.00    270.00   -188.45     2.32     2.32      0.0000     90.00 LINEAR  4.8063E-14   -183.50  1.6604E-04   -116.15
   55.00    270.00   -187.83     1.63     1.63      0.0000     90.00 LINEAR  5.1659E-14   -184.61  1.5339E-04   -116.20
   60.00    270.00   -187.41     0.73     0.73      0.0000     90.00 LINEAR  5.4222E-14   -185.74  1.3839E-04   -116.20
   65.00    270.00   -187.23    -0.44    -0.44      0.0000     90.00 LINEAR  5.5317E-14   -186.95  1.2094E-04   -116.13
   70.00    270.00   -187.38    -2.00    -2.00      0.0000     90.00 LINEAR  5.4368E-14   -188.33  1.0104E-04   -115.99
   75.00    270.00   -188.01    -4.16    -4.16      0.0000     90.00 LINEAR  5.0547E-14   -190.04  7.8760E-05   -115.78
   80.00    270.00   -189.52    -7.39    -7.39      0.0000     90.00 LINEAR  4.2498E-14   -192.32  5.4292E-05   -115.49
   85.00    270.00   -193.26   -13.17   -13.17      0.0000     90.00 LINEAR  2.7631E-14   -195.72  2.7915E-05   -115.13
   90.00    270.00   -999.99  -999.99  -999.99      0.0000      0.00         3.4533E-20   -181.50  1.6690E-15   -294.70
    0.00    275.00    -16.92     4.24     4.27      0.0000     85.00 LINEAR  1.8124E-05   -114.90  2.0715E-04   -114.90
    5.00    275.00    -16.96     4.23     4.26      0.0001     85.02 LEFT    1.8044E-05   -114.96  2.0691E-04   -114.93
   10.00    275.00    -17.08     4.20     4.23      0.0002     85.06 LEFT    1.7807E-05   -115.14  2.0617E-04   -114.99
   15.00    275.00    -17.27     4.14     4.17      0.0005     85.14 LEFT    1.7418E-05   -115.44  2.0485E-04   -115.10
   20.00    275.00    -17.54     4.05     4.08      0.0009     85.24 LEFT    1.6883E-05   -115.87  2.0284E-04   -115.24
   25.00    275.00    -17.89     3.93     3.96      0.0015     85.37 LEFT    1.6215E-05   -116.44  1.9998E-04   -115.40
   30.00    275.00    -18.32     3.76     3.79      0.0022     85.50 LEFT    1.5427E-05   -117.17  1.9607E-04   -115.57
   35.00    275.00    -18.84     3.53     3.55      0.0031     85.65 LEFT    1.4537E-05   -118.07  1.9089E-04   -115.75
   40.00    275.00    -19.44     3.22     3.24      0.0041     85.79 LEFT    1.3566E-05   -119.16  1.8421E-04   -115.91
   45.00    275.00    -20.13     2.81     2.83      0.0055     85.93 LEFT    1.2535E-05   -120.46  1.7577E-04   -116.05
   50.00    275.00    -20.90     2.28     2.30      0.0070     86.05 LEFT    1.1467E-05   -121.99  1.6535E-04   -116.15
   55.00    275.00    -21.76     1.59     1.61      0.0089     86.14 LEFT    1.0384E-05   -123.77  1.5275E-04   -116.20
   60.00    275.00    -22.72     0.70     0.72      0.0112     86.19 LEFT    9.3002E-06   -125.80  1.3781E-04   -116.20
   65.00    275.00    -23.79    -0.47    -0.45      0.0141     86.18 LEFT    8.2216E-06   -128.09  1.2043E-04   -116.13
   70.00    275.00    -25.02    -2.04    -2.01      0.0179     86.07 LEFT    7.1339E-06   -130.65  1.0061E-04   -115.99
   75.00    275.00    -26.54    -4.20    -4.17      0.0231     85.84 LEFT    5.9876E-06   -133.49  7.8422E-05   -115.78
   80.00    275.00    -28.71    -7.43    -7.40      0.0311     85.40 LEFT    4.6644E-06   -136.73  5.4059E-05   -115.49
   85.00    275.00    -32.86   -13.21   -13.16      0.0447     84.63 LEFT    2.8930E-06   -140.78  2.7794E-05   -115.13
   90.00    275.00   -999.99  -999.99  -999.99      0.0000      0.00         2.2841E-16   -326.78  1.6618E-15   -294.69
    0.00    280.00    -10.94     4.14     4.27      0.0000     80.00 LINEAR  3.6109E-05   -114.90  2.0479E-04   -114.90
    5.00    280.00    -10.97     4.13     4.26      0.0001     80.03 LEFT    3.5950E-05   -114.96  2.0455E-04   -114.93
   10.00    280.00    -11.09     4.10     4.23      0.0004     80.13 LEFT    3.5477E-05   -115.14  2.0380E-04   -114.99
   15.00    280.00    -11.28     4.04     4.16      0.0010     80.28 LEFT    3.4699E-05   -115.44  2.0249E-04   -115.10
   20.00    280.00    -11.55     3.95     4.07      0.0018     80.48 LEFT    3.3631E-05   -115.87  2.0048E-04   -115.24
   25.00    280.00    -11.91     3.83     3.94      0.0029     80.72 LEFT    3.2297E-05   -116.44  1.9763E-04   -115.40
   30.00    280.00    -12.34     3.66     3.76      0.0043     80.99 LEFT    3.0724E-05   -117.17  1.9375E-04   -115.57
   35.00    280.00    -12.86     3.42     3.52      0.0061     81.28 LEFT    2.8949E-05   -118.06  1.8861E-04   -115.75
   40.00    280.00    -13.46     3.11     3.21      0.0082     81.57 LEFT    2.7011E-05   -119.15  1.8198E-04   -115.91
   45.00    280.00    -14.15     2.70     2.79      0.0108     81.84 LEFT    2.4956E-05   -120.45  1.7363E-04   -116.04
   50.00    280.00    -14.92     2.17     2.26      0.0139     82.08 LEFT    2.2827E-05   -121.98  1.6331E-04   -116.14
   55.00    280.00    -15.78     1.48     1.56      0.0177     82.26 LEFT    2.0668E-05   -123.76  1.5085E-04   -116.19
   60.00    280.00    -16.74     0.59     0.67      0.0223     82.36 LEFT    1.8509E-05   -125.79  1.3607E-04   -116.19
   65.00    280.00    -17.81    -0.58    -0.50      0.0280     82.33 LEFT    1.6361E-05   -128.08  1.1890E-04   -116.12
   70.00    280.00    -19.05    -2.15    -2.06      0.0355     82.12 LEFT    1.4195E-05   -130.63  9.9322E-05   -115.99
   75.00    280.00    -20.57    -4.31    -4.21      0.0458     81.64 LEFT    1.1914E-05   -133.47  7.7416E-05   -115.78
   80.00    280.00    -22.74    -7.54    -7.41      0.0613     80.76 LEFT    9.2807E-06   -136.71  5.3362E-05   -115.49
   85.00    280.00    -26.89   -13.32   -13.14      0.0876     79.20 LEFT    5.7560E-06   -140.76  2.7435E-05   -115.13
   90.00    280.00   -999.99  -999.99  -999.99      0.0000      0.00         4.5451E-16   -326.77  1.6403E-15   -294.69
    0.00    285.00     -7.47     3.97     4.27      0.0000     75.00 LINEAR  5.3820E-05   -114.90  2.0086E-04   -114.90
    5.00    285.00     -7.51     3.96     4.26      0.0002     75.05 LEFT    5.3582E-05   -114.96  2.0062E-04   -114.93
   10.00    285.00     -7.62     3.93     4.22      0.0006     75.18 LEFT    5.2874E-05   -115.14  1.9988E-04   -114.99
   15.00    285.00     -7.82     3.87     4.15      0.0014     75.40 LEFT    5.1709E-05   -115.44  1.9857E-04   -115.10
   20.00    285.00     -8.09     3.78     4.06      0.0026     75.70 LEFT    5.0111E-05   -115.87  1.9658E-04   -115.24
   25.00    285.00     -8.44     3.66     3.92      0.0043     76.06 LEFT    4.8115E-05   -116.44  1.9375E-04   -115.40
   30.00    285.00     -8.88     3.48     3.73      0.0063     76.46 LEFT    4.5764E-05   -117.16  1.8991E-04   -115.57
   35.00    285.00     -9.40     3.25     3.48      0.0089     76.88 LEFT    4.3111E-05   -118.06  1.8483E-04   -115.74
   40.00    285.00    -10.00     2.93     3.15      0.0121     77.31 LEFT    4.0217E-05   -119.15  1.7830E-04   -115.90
   45.00    285.00    -10.69     2.52     2.73      0.0160     77.71 LEFT    3.7149E-05   -120.44  1.7008E-04   -116.04
   50.00    285.00    -11.47     1.99     2.18      0.0207     78.06 LEFT    3.3974E-05   -121.97  1.5994E-04   -116.14
   55.00    285.00    -12.33     1.30     1.48      0.0263     78.33 LEFT    3.0754E-05   -123.74  1.4770E-04   -116.19
   60.00    285.00    -13.29     0.40     0.58      0.0331     78.47 LEFT    2.7537E-05   -125.77  1.3321E-04   -116.18
   65.00    285.00    -14.36    -0.77    -0.59      0.0415     78.42 LEFT    2.4338E-05   -128.06  1.1638E-04   -116.12
   70.00    285.00    -15.60    -2.34    -2.13      0.0525     78.10 LEFT    2.1114E-05   -130.61  9.7203E-05   -115.98
   75.00    285.00    -17.12    -4.50    -4.27      0.0676     77.38 LEFT    1.7719E-05   -133.44  7.5756E-05   -115.77
   80.00    285.00    -19.29    -7.73    -7.44      0.0901     76.04 LEFT    1.3802E-05   -136.68  5.2214E-05   -115.48
   85.00    285.00    -23.44   -13.51   -13.09      0.1271     73.69 LEFT    8.5597E-06   -140.72  2.6844E-05   -115.12
   90.00    285.00   -999.99  -999.99  -999.99      0.0000      0.00         6.7590E-16   -326.73  1.6049E-15   -294.68
    0.00    290.00     -5.05     3.73     4.27      0.0000     70.00 LINEAR  7.1121E-05   -114.90  1.9540E-04   -114.90
    5.00    290.00     -5.09     3.72     4.26      0.0002     70.06 LEFT    7.0805E-05   -114.96  1.9517E-04   -114.93
   10.00    290.00     -5.20     3.69     4.21      0.0008     70.24 LEFT    6.9863E-05   -115.14  1.9443E-04   -114.99
   15.00    290.00     -5.40     3.63     4.14      0.0019     70.52 LEFT    6.8315E-05   -115.44  1.9313E-04   -115.10
   20.00    290.00     -5.67     3.54     4.03      0.0034     70.90 LEFT    6.6192E-05   -115.87  1.9116E-04   -115.23
   25.00    290.00     -6.03     3.41     3.88      0.0055     71.36 LEFT    6.3542E-05   -116.44  1.8837E-04   -115.39
   30.00    290.00     -6.46     3.24     3.68      0.0082     71.88 LEFT    6.0422E-05   -117.16  1.8458E-04   -115.57
   35.00    290.00     -6.99     3.00     3.41      0.0116     72.43 LEFT    5.6903E-05   -118.05  1.7960E-04   -115.74
   40.00    290.00     -7.59     2.68     3.07      0.0158     72.99 LEFT    5.3069E-05   -119.14  1.7321E-04   -115.90
   45.00    290.00     -8.28     2.27     2.64      0.0209     73.51 LEFT    4.9006E-05   -120.43  1.6517E-04   -116.03
   50.00    290.00     -9.06     1.73     2.08      0.0271     73.97 LEFT    4.4805E-05   -121.95  1.5528E-04   -116.13
   55.00    290.00     -9.93     1.04     1.37      0.0344     74.32 LEFT    4.0549E-05   -123.72  1.4336E-04   -116.18
   60.00    290.00    -10.89     0.14     0.47      0.0434     74.49 LEFT    3.6300E-05   -125.75  1.2926E-04   -116.18
   65.00    290.00    -11.97    -1.03    -0.70      0.0545     74.42 LEFT    3.2076E-05   -128.03  1.1290E-04   -116.11
   70.00    290.00    -13.20    -2.60    -2.24      0.0688     73.98 LEFT    2.7823E-05   -130.58  9.4281E-05   -115.97
   75.00    290.00    -14.72    -4.77    -4.35      0.0882     73.02 LEFT    2.3346E-05   -133.40  7.3467E-05   -115.76
   80.00    290.00    -16.90    -8.00    -7.47      0.1164     71.22 LEFT    1.8183E-05   -136.64  5.0630E-05   -115.47
   85.00    290.00    -21.05   -13.78   -13.03      0.1616     68.05 LEFT    1.1276E-05   -140.68  2.6028E-05   -115.11
   90.00    290.00   -999.99  -999.99  -999.99      0.0000      0.00         8.9037E-16   -326.69  1.5561E-15   -294.67
    0.00    295.00     -3.21     3.42     4.27      0.0000     65.00 LINEAR  8.7881E-05   -114.90  1.8846E-04   -114.90
    5.00    295.00     -3.25     3.40     4.25      0.0002     65.07 LEFT    8.7487E-05   -114.96  1.8823E-04   -114.93
   10.00    295.00     -3.37     3.37     4.21      0.0010     65.28 LEFT    8.6315E-05   -115.14  1.8750E-04   -114.99
   15.00    295.00     -3.56     3.31     4.12      0.0022     65.62 LEFT    8.4388E-05   -115.44  1.8621E-04   -115.10
   20.00    295.00     -3.84     3.22     4.00      0.0041     66.08 LEFT    8.1748E-05   -115.86  1.8427E-04   -115.23
   25.00    295.00     -4.20     3.09     3.83      0.0066     66.63 LEFT    7.8453E-05   -116.43  1.8153E-04   -115.39
   30.00    295.00     -4.64     2.91     3.62      0.0099     67.25 LEFT    7.4578E-05   -117.15  1.7783E-04   -115.56
   35.00    295.00     -5.16     2.67     3.33      0.0141     67.92 LEFT    7.0212E-05   -118.05  1.7297E-04   -115.73
   40.00    295.00     -5.77     2.35     2.98      0.0192     68.59 LEFT    6.5458E-05   -119.13  1.6675E-04   -115.89
   45.00    295.00     -6.46     1.94     2.52      0.0255     69.23 LEFT    6.0426E-05   -120.42  1.5896E-04   -116.02
   50.00    295.00     -7.25     1.40     1.95      0.0330     69.78 LEFT    5.5228E-05   -121.94  1.4939E-04   -116.12
   55.00    295.00     -8.12     0.70     1.24      0.0421     70.20 LEFT    4.9966E-05   -123.70  1.3787E-04   -116.17
   60.00    295.00     -9.08    -0.20     0.33      0.0530     70.41 LEFT    4.4717E-05   -125.72  1.2428E-04   -116.16
   65.00    295.00    -10.16    -1.38    -0.84      0.0666     70.30 LEFT    3.9505E-05   -128.00  1.0852E-04   -116.09
   70.00    295.00    -11.39    -2.95    -2.37      0.0839     69.75 LEFT    3.4260E-05   -130.53  9.0597E-05   -115.96
   75.00    295.00    -12.92    -5.11    -4.45      0.1069     68.53 LEFT    2.8743E-05   -133.36  7.0583E-05   -115.74
   80.00    295.00    -15.09    -8.35    -7.52      0.1396     66.28 LEFT    2.2384E-05   -136.59  4.8636E-05   -115.46
   85.00    295.00    -19.24   -14.13   -12.96      0.1895     62.31 LEFT    1.3881E-05   -140.62  2.5000E-05   -115.09
   90.00    295.00   -999.99  -999.99  -999.99      0.0000      0.00         1.0960E-15   -326.63  1.4946E-15   -294.66
    0.00    300.00     -1.75     3.02     4.27      0.0000     60.00 LINEAR  1.0397E-04   -114.90  1.8009E-04   -114.90
    5.00    300.00     -1.79     3.01     4.25      0.0003     60.08 LEFT    1.0350E-04   -114.96  1.7985E-04   -114.93
   10.00    300.00     -1.91     2.97     4.20      0.0011     60.32 LEFT    1.0210E-04   -115.14  1.7913E-04   -114.99
   15.00    300.00     -2.11     2.91     4.10      0.0025     60.70 LEFT    9.9805E-05   -115.43  1.7787E-04   -115.10
   20.00    300.00     -2.38     2.82     3.97      0.0046     61.22 LEFT    9.6658E-05   -115.86  1.7597E-04   -115.23
   25.00    300.00     -2.74     2.69     3.78      0.0075     61.85 LEFT    9.2733E-05   -116.43  1.7330E-04   -115.39
   30.00    300.00     -3.19     2.51     3.54      0.0113     62.56 LEFT    8.8121E-05   -117.15  1.6971E-04   -115.56
   35.00    300.00     -3.71     2.26     3.24      0.0162     63.33 LEFT    8.2931E-05   -118.04  1.6501E-04   -115.73
   40.00    300.00     -4.33     1.94     2.86      0.0222     64.10 LEFT    7.7284E-05   -119.11  1.5901E-04   -115.88
   45.00    300.00     -5.03     1.52     2.39      0.0295     64.84 LEFT    7.1314E-05   -120.40  1.5151E-04   -116.01
   50.00    300.00     -5.81     0.98     1.80      0.0383     65.48 LEFT    6.5155E-05   -121.91  1.4233E-04   -116.11
   55.00    300.00     -6.68     0.28     1.07      0.0490     65.95 LEFT    5.8926E-05   -123.67  1.3131E-04   -116.16
   60.00    300.00     -7.65    -0.63     0.16      0.0618     66.18 LEFT    5.2719E-05   -125.69  1.1832E-04   -116.15
   65.00    300.00     -8.73    -1.81    -1.00      0.0776     66.04 LEFT    4.6560E-05   -127.96  1.0328E-04   -116.08
   70.00    300.00     -9.97    -3.38    -2.52      0.0974     65.37 LEFT    4.0369E-05   -130.49  8.6201E-05   -115.94
   75.00    300.00    -11.49    -5.55    -4.56      0.1232     63.90 LEFT    3.3862E-05   -133.30  6.7143E-05   -115.73
   80.00    300.00    -13.67    -8.78    -7.56      0.1587     61.20 LEFT    2.6368E-05   -136.53  4.6258E-05   -115.44
   85.00    300.00    -17.82   -14.57   -12.88      0.2097     56.50 LEFT    1.6350E-05   -140.56  2.3776E-05   -115.08
   90.00    300.00   -999.99  -999.99  -999.99      0.0000      0.00         1.2909E-15   -326.57  1.4213E-15   -294.64
    0.00    305.00     -0.56     2.54     4.27      0.0000     55.00 LINEAR  1.1927E-04   -114.90  1.7034E-04   -114.90
    5.00    305.00     -0.60     2.53     4.25      0.0003     55.09 LEFT    1.1873E-04   -114.96  1.7011E-04   -114.93
   10.00    305.00     -0.72     2.49     4.19      0.0012     55.35 LEFT    1.1711E-04   -115.14  1.6941E-04   -114.99
   15.00    305.00     -0.92     2.43     4.08      0.0028     55.76 LEFT    1.1445E-04   -115.43  1.6818E-04   -115.09
   20.00    305.00     -1.20     2.33     3.93      0.0051     56.33 LEFT    1.1081E-04   -115.86  1.6634E-04   -115.23
   25.00    305.00     -1.56     2.20     3.72      0.0083     57.02 LEFT    1.0627E-04   -116.42  1.6376E-04   -115.38
   30.00    305.00     -2.01     2.01     3.46      0.0125     57.80 LEFT    1.0095E-04   -117.14  1.6030E-04   -115.55
   35.00    305.00     -2.54     1.76     3.13      0.0179     58.65 LEFT    9.4960E-05   -118.02  1.5579E-04   -115.72
   40.00    305.00     -3.15     1.44     2.73      0.0246     59.50 LEFT    8.8455E-05   -119.10  1.5006E-04   -115.87
   45.00    305.00     -3.86     1.01     2.24      0.0329     60.32 LEFT    8.1586E-05   -120.38  1.4292E-04   -116.00
   50.00    305.00     -4.64     0.47     1.63      0.0429     61.03 LEFT    7.4507E-05   -121.89  1.3420E-04   -116.10
   55.00    305.00     -5.52    -0.24     0.89      0.0550     61.55 LEFT    6.7358E-05   -123.64  1.2375E-04   -116.14
   60.00    305.00     -6.49    -1.15    -0.03      0.0695     61.79 LEFT    6.0240E-05   -125.65  1.1146E-04   -116.14
   65.00    305.00     -7.57    -2.33    -1.19      0.0871     61.61 LEFT    5.3187E-05   -127.91  9.7261E-05   -116.07
   70.00    305.00     -8.81    -3.90    -2.69      0.1089     60.81 LEFT    4.6103E-05   -130.43  8.1150E-05   -115.93
   75.00    305.00    -10.34    -6.08    -4.69      0.1366     59.10 LEFT    3.8665E-05   -133.24  6.3193E-05   -115.71
   80.00    305.00    -12.52    -9.31    -7.62      0.1730     56.00 LEFT    3.0103E-05   -136.46  4.3529E-05   -115.42
   85.00    305.00    -16.67   -15.10   -12.80      0.2216     50.70 LEFT    1.8664E-05   -140.49  2.2370E-05   -115.06
   90.00    305.00   -999.99  -999.99  -999.99      0.0000      0.00         1.4736E-15   -326.49  1.3373E-15   -294.62
    0.00    310.00      0.43     1.96     4.27      0.0000     50.00 LINEAR  1.3366E-04   -114.90  1.5929E-04   -114.90
    5.00    310.00      0.39     1.94     4.25      0.0003     50.09 LEFT    1.3305E-04   -114.96  1.5907E-04   -114.93
   10.00    310.00      0.27     1.91     4.18      0.0013     50.36 LEFT    1.3121E-04   -115.14  1.5840E-04   -114.99
   15.00    310.00      0.07     1.84     4.06      0.0029     50.80 LEFT    1.2820E-04   -115.43  1.5721E-04   -115.09
   20.00    310.00     -0.21     1.74     3.88      0.0054     51.40 LEFT    1.2409E-04   -115.85  1.5544E-04   -115.22
   25.00    310.00     -0.58     1.60     3.66      0.0088     52.13 LEFT    1.1897E-04   -116.42  1.5297E-04   -115.38
   30.00    310.00     -1.03     1.41     3.37      0.0133     52.96 LEFT    1.1296E-04   -117.13  1.4968E-04   -115.54
   35.00    310.00     -1.57     1.16     3.02      0.0192     53.86 LEFT    1.0621E-04   -118.01  1.4540E-04   -115.71
   40.00    310.00     -2.19     0.83     2.59      0.0265     54.78 LEFT    9.8888E-05   -119.08  1.3998E-04   -115.86
   45.00    310.00     -2.89     0.41     2.07      0.0356     55.65 LEFT    9.1166E-05   -120.36  1.3326E-04   -115.99
   50.00    310.00     -3.68    -0.15     1.45      0.0466     56.41 LEFT    8.3217E-05   -121.87  1.2507E-04   -116.08
   55.00    310.00     -4.56    -0.85     0.69      0.0598     56.97 LEFT    7.5200E-05   -123.61  1.1528E-04   -116.13
   60.00    310.00     -5.54    -1.77    -0.24      0.0757     57.21 LEFT    6.7228E-05   -125.61  1.0378E-04   -116.12
   65.00    310.00     -6.62    -2.95    -1.40      0.0947     56.98 LEFT    5.9338E-05   -127.87  9.0527E-05   -116.05
   70.00    310.00     -7.87    -4.53    -2.87      0.1179     56.06 LEFT    5.1421E-05   -130.38  7.5507E-05   -115.91
   75.00    310.00     -9.40    -6.70    -4.83      0.1464     54.14 LEFT    4.3115E-05   -133.18  5.8783E-05   -115.69
   80.00    310.00    -11.57    -9.94    -7.67      0.1818     50.71 LEFT    3.3563E-05   -136.39  4.0483E-05   -115.41
   85.00    310.00    -15.72   -15.73   -12.71      0.2251     44.99 LEFT    2.0808E-05   -140.41  2.0803E-05   -115.04
   90.00    310.00   -999.99  -999.99  -999.99      0.0000      0.00         1.6428E-15   -326.41  1.2435E-15   -294.60
    0.00    315.00      1.26     1.26     4.27      0.0000     45.00 LINEAR  1.4704E-04   -114.90  1.4704E-04   -114.90
    5.00    315.00      1.22     1.25     4.24      0.0003     45.09 LEFT    1.4635E-04   -114.96  1.4683E-04   -114.93
   10.00    315.00      1.10     1.21     4.16      0.0013     45.37 LEFT    1.4432E-04   -115.13  1.4618E-04   -114.99
   15.00    315.00      0.89     1.14     4.03      0.0030     45.82 LEFT    1.4097E-04   -115.43  1.4506E-04   -115.09
   20.00    315.00      0.61     1.04     3.84      0.0055     46.43 LEFT    1.3641E-04   -115.85  1.4338E-04   -115.22
   25.00    315.00      0.24     0.90     3.59      0.0090     47.18 LEFT    1.3072E-04   -116.41  1.4105E-04   -115.37
   30.00    315.00     -0.22     0.71     3.28      0.0137     48.03 LEFT    1.2407E-04   -117.12  1.3795E-04   -115.54
   35.00    315.00     -0.75     0.45     2.90      0.0199     48.96 LEFT    1.1660E-04   -118.00  1.3394E-04   -115.70
   40.00    315.00     -1.38     0.12     2.44      0.0277     49.91 LEFT    1.0851E-04   -119.07  1.2889E-04   -115.85
   45.00    315.00     -2.09    -0.32     1.90      0.0373     50.82 LEFT    9.9988E-05   -120.34  1.2263E-04   -115.98
   50.00    315.00     -2.89    -0.87     1.25      0.0490     51.62 LEFT    9.1227E-05   -121.84  1.1504E-04   -116.07
   55.00    315.00     -3.77    -1.58     0.47      0.0632     52.19 LEFT    8.2402E-05   -123.58  1.0598E-04   -116.12
   60.00    315.00     -4.75    -2.50    -0.47      0.0801     52.42 LEFT    7.3638E-05   -125.57  9.5370E-05   -116.11
   65.00    315.00     -5.83    -3.69    -1.62      0.1001     52.14 LEFT    6.4973E-05   -127.82  8.3156E-05   -116.03
   70.00    315.00     -7.08    -5.27    -3.07      0.1238     51.12 LEFT    5.6288E-05   -130.32  6.9336E-05   -115.89
   75.00    315.00     -8.61    -7.45    -4.98      0.1519     49.02 LEFT    4.7187E-05   -133.11  5.3964E-05   -115.68
   80.00    315.00    -10.79   -10.69    -7.73      0.1847     45.36 LEFT    3.6727E-05   -136.32  3.7157E-05   -115.39
   85.00    315.00    -14.94   -16.47   -12.63      0.2208     39.46 LEFT    2.2767E-05   -140.33  1.9091E-05   -115.02
   90.00    315.00   -999.99  -999.99  -999.99      0.0000      0.00         1.7974E-15   -326.33  1.1412E-15   -294.58
    0.00    320.00      1.96     0.43     4.27      0.0000     40.00 LINEAR  1.5929E-04   -114.90  1.3366E-04   -114.90
    5.00    320.00      1.91     0.42     4.24      0.0003     40.09 LEFT    1.5855E-04   -114.96  1.3347E-04   -114.93
   10.00    320.00      1.79     0.38     4.15      0.0013     40.36 LEFT    1.5632E-04   -115.13  1.3286E-04   -114.99
   15.00    320.00      1.59     0.31     4.00      0.0029     40.81 LEFT    1.5266E-04   -115.43  1.3181E-04   -115.09
   20.00    320.00      1.30     0.21     3.80      0.0054     41.41 LEFT    1.4767E-04   -115.85  1.3024E-04   -115.22
   25.00    320.00      0.92     0.06     3.52      0.0090     42.16 LEFT    1.4146E-04   -116.40  1.2807E-04   -115.37
   30.00    320.00      0.47    -0.14     3.19      0.0138     43.01 LEFT    1.3420E-04   -117.11  1.2521E-04   -115.53
   35.00    320.00     -0.08    -0.40     2.78      0.0200     43.95 LEFT    1.2607E-04   -117.99  1.2151E-04   -115.69
   40.00    320.00     -0.71    -0.73     2.29      0.0280     44.90 LEFT    1.1726E-04   -119.05  1.1687E-04   -115.84
   45.00    320.00     -1.42    -1.17     1.72      0.0380     45.82 LEFT    1.0800E-04   -120.32  1.1114E-04   -115.97
   50.00    320.00     -2.22    -1.73     1.04      0.0502     46.62 LEFT    9.8489E-05   -121.81  1.0420E-04   -116.06
   55.00    320.00     -3.11    -2.45     0.24      0.0649     47.20 LEFT    8.8922E-05   -123.55  9.5951E-05   -116.10
   60.00    320.00     -4.09    -3.37    -0.70      0.0823     47.41 LEFT    7.9433E-05   -125.53  8.6307E-05   -116.09
   65.00    320.00     -5.18    -4.56    -1.85      0.1026     47.08 LEFT    7.0062E-05   -127.77  7.5224E-05   -116.02
   70.00    320.00     -6.43    -6.14    -3.27      0.1262     45.97 LEFT    6.0681E-05   -130.26  6.2701E-05   -115.87
   75.00    320.00     -7.96    -8.32    -5.13      0.1528     43.75 LEFT    5.0858E-05   -133.05  4.8787E-05   -115.66
   80.00    320.00    -10.14   -11.57    -7.78      0.1816     39.99 LEFT    3.9578E-05   -136.24  3.3586E-05   -115.37
   85.00    320.00    -14.29   -17.35   -12.55      0.2096     34.17 LEFT    2.4533E-05   -140.26  1.7254E-05   -115.00
   90.00    320.00   -999.99  -999.99  -999.99      0.0000      0.00         1.9368E-15   -326.26  1.0313E-15   -294.57
    0.00    325.00      2.54    -0.56     4.27      0.0000     35.00 LINEAR  1.7034E-04   -114.90  1.1927E-04   -114.90
    5.00    325.00      2.50    -0.57     4.24      0.0003     35.09 LEFT    1.6953E-04   -114.96  1.1909E-04   -114.93
   10.00    325.00      2.37    -0.61     4.14      0.0012     35.35 LEFT    1.6712E-04   -115.13  1.1853E-04   -114.99
   15.00    325.00      2.16    -0.68     3.98      0.0028     35.77 LEFT    1.6318E-04   -115.42  1.1757E-04   -115.09
   20.00    325.00      1.87    -0.79     3.75      0.0052     36.35 LEFT    1.5779E-04   -115.84  1.1613E-04   -115.21
   25.00    325.00      1.50    -0.94     3.46      0.0087     37.07 LEFT    1.5111E-04   -116.40  1.1416E-04   -115.36
   30.00    325.00      1.04    -1.14     3.09      0.0134     37.90 LEFT    1.4329E-04   -117.11  1.1156E-04   -115.53
   35.00    325.00      0.49    -1.40     2.66      0.0195     38.81 LEFT    1.3454E-04   -117.98  1.0822E-04   -115.69
   40.00    325.00     -0.14    -1.75     2.14      0.0275     39.74 LEFT    1.2509E-04   -119.04  1.0403E-04   -115.83
   45.00    325.00     -0.86    -2.19     1.54      0.0375     40.64 LEFT    1.1515E-04   -120.30  9.8878E-05   -115.96
   50.00    325.00     -1.67    -2.75     0.83      0.0498     41.42 LEFT    1.0496E-04   -121.79  9.2662E-05   -116.04
   55.00    325.00     -2.56    -3.47     0.02      0.0645     41.97 LEFT    9.4727E-05   -123.51  8.5286E-05   -116.09
   60.00    325.00     -3.54    -4.39    -0.94      0.0819     42.16 LEFT    8.4586E-05   -125.49  7.6681E-05   -116.07
   65.00    325.00     -4.64    -5.59    -2.08      0.1020     41.79 LEFT    7.4583E-05   -127.72  6.6808E-05   -116.00
   70.00    325.00     -5.89    -7.18    -3.47      0.1245     40.63 LEFT    6.4579E-05   -130.21  5.5667E-05   -115.85
   75.00    325.00     -7.42    -9.36    -5.27      0.1486     38.38 LEFT    5.4113E-05   -132.98  4.3303E-05   -115.64
   80.00    325.00     -9.60   -12.60    -7.84      0.1726     34.67 LEFT    4.2106E-05   -136.17  2.9804E-05   -115.35
   85.00    325.00    -13.76   -18.39   -12.47      0.1927     29.15 LEFT    2.6097E-05   -140.18  1.5310E-05   -114.98
   90.00    325.00   -999.99  -999.99  -999.99      0.0000      0.00         2.0602E-15   -326.18  9.1504E-16   -294.54
    0.00    330.00      3.02    -1.75     4.27      0.0000     30.00 LINEAR  1.8009E-04   -114.90  1.0397E-04   -114.90
    5.00    330.00      2.98    -1.76     4.24      0.0003     30.08 LEFT    1.7922E-04   -114.96  1.0381E-04   -114.93
   10.00    330.00      2.85    -1.81     4.13      0.0011     30.32 LEFT    1.7665E-04   -115.13  1.0331E-04   -114.99
   15.00    330.00      2.64    -1.88     3.96      0.0026     30.71 LEFT    1.7245E-04   -115.42  1.0245E-04   -115.08
   20.00    330.00      2.35    -1.99     3.71      0.0049     31.25 LEFT    1.6671E-04   -115.84  1.0117E-04   -115.21
   25.00    330.00      1.97    -2.14     3.40      0.0081     31.92 LEFT    1.5959E-04   -116.39  9.9415E-05   -115.36
   30.00    330.00      1.51    -2.34     3.01      0.0125     32.69 LEFT    1.5128E-04   -117.10  9.7109E-05   -115.52
   35.00    330.00      0.96    -2.61     2.54      0.0184     33.54 LEFT    1.4198E-04   -117.97  9.4160E-05   -115.68
   40.00    330.00      0.32    -2.96     1.99      0.0260     34.42 LEFT    1.3194E-04   -119.02  9.0474E-05   -115.82
   45.00    330.00     -0.40    -3.40     1.36      0.0357     35.27 LEFT    1.2141E-04   -120.28  8.5956E-05   -115.95
   50.00    330.00     -1.21    -3.97     0.63      0.0476     36.01 LEFT    1.1062E-04   -121.76  8.0515E-05   -116.03
   55.00    330.00     -2.11    -4.70    -0.20      0.0620     36.52 LEFT    9.9791E-05   -123.48  7.4073E-05   -116.07
   60.00    330.00     -3.09    -5.62    -1.17      0.0787     36.67 LEFT    8.9076E-05   -125.45  6.6572E-05   -116.06
   65.00    330.00     -4.19    -6.82    -2.30      0.0977     36.27 LEFT    7.8518E-05   -127.67  5.7980E-05   -115.98
   70.00    330.00     -5.44    -8.41    -3.67      0.1184     35.11 LEFT    6.7969E-05   -130.15  4.8296E-05   -115.84
   75.00    330.00     -6.98   -10.59    -5.41      0.1393     32.92 LEFT    5.6943E-05   -132.92  3.7560E-05   -115.62
   80.00    330.00     -9.16   -13.84    -7.89      0.1582     29.42 LEFT    4.4301E-05   -136.10  2.5847E-05   -115.33
   85.00    330.00    -13.32   -19.63   -12.40      0.1714     24.40 LEFT    2.7455E-05   -140.11  1.3275E-05   -114.97
   90.00    330.00   -999.99  -999.99  -999.99      0.0000      0.00         2.1674E-15   -326.10  7.9343E-16   -294.53
    0.00    335.00      3.42    -3.21     4.27      0.0000     25.00 LINEAR  1.8846E-04   -114.90  8.7881E-05   -114.90
    5.00    335.00      3.37    -3.22     4.23      0.0002     25.07 LEFT    1.8755E-04   -114.96  8.7740E-05   -114.92
   10.00    335.00      3.25    -3.27     4.12      0.0010     25.28 LEFT    1.8484E-04   -115.13  8.7307E-05   -114.99
   15.00    335.00      3.04    -3.34     3.94      0.0023     25.63 LEFT    1.8040E-04   -115.42  8.6560E-05   -115.08
   20.00    335.00      2.74    -3.45     3.68      0.0043     26.11 LEFT    1.7436E-04   -115.84  8.5459E-05   -115.21
   25.00    335.00      2.36    -3.61     3.34      0.0072     26.71 LEFT    1.6686E-04   -116.39  8.3952E-05   -115.36
   30.00    335.00      1.89    -3.82     2.92      0.0112     27.40 LEFT    1.5811E-04   -117.09  8.1975E-05   -115.51
   35.00    335.00      1.34    -4.09     2.43      0.0166     28.16 LEFT    1.4834E-04   -117.96  7.9454E-05   -115.67
   40.00    335.00      0.70    -4.44     1.86      0.0236     28.96 LEFT    1.3779E-04   -119.01  7.6313E-05   -115.82
   45.00    335.00     -0.03    -4.89     1.20      0.0325     29.73 LEFT    1.2674E-04   -120.26  7.2471E-05   -115.94
   50.00    335.00     -0.84    -5.46     0.45      0.0436     30.39 LEFT    1.1543E-04   -121.74  6.7855E-05   -116.02
   55.00    335.00     -1.74    -6.18    -0.41      0.0569     30.84 LEFT    1.0410E-04   -123.45  6.2402E-05   -116.06
   60.00    335.00     -2.73    -7.12    -1.38      0.0724     30.95 LEFT    9.2890E-05   -125.42  5.6062E-05   -116.05
   65.00    335.00     -3.83    -8.32    -2.51      0.0896     30.56 LEFT    8.1857E-05   -127.63  4.8810E-05   -115.97
   70.00    335.00     -5.08    -9.91    -3.85      0.1077     29.45 LEFT    7.0843E-05   -130.10  4.0647E-05   -115.82
   75.00    335.00     -6.62   -12.09    -5.54      0.1250     27.42 LEFT    5.9340E-05   -132.86  3.1603E-05   -115.61
   80.00    335.00     -8.80   -15.34    -7.93      0.1391     24.28 LEFT    4.6160E-05   -136.04  2.1744E-05   -115.32
   85.00    335.00    -12.96   -21.13   -12.34      0.1468     19.92 LEFT    2.8605E-05   -140.04  1.1167E-05   -114.95
   90.00    335.00   -999.99  -999.99  -999.99      0.0000      0.00         2.2581E-15   -326.04  6.6741E-16   -294.51
    0.00    340.00      3.73    -5.05     4.27      0.0000     20.00 LINEAR  1.9540E-04   -114.90  7.1121E-05   -114.90
    5.00    340.00      3.69    -5.06     4.23      0.0002     20.06 LEFT    1.9445E-04   -114.96  7.1004E-05   -114.92
   10.00    340.00      3.56    -5.11     4.11      0.0008     20.24 LEFT    1.9162E-04   -115.13  7.0647E-05   -114.99
   15.00    340.00      3.35    -5.18     3.92      0.0019     20.53 LEFT    1.8699E-04   -115.42  7.0031E-05   -115.08
   20.00    340.00      3.05    -5.30     3.64      0.0037     20.93 LEFT    1.8069E-04   -115.83  6.9125E-05   -115.21
   25.00    340.00      2.67    -5.45     3.29      0.0061     21.44 LEFT    1.7287E-04   -116.39  6.7888E-05   -115.35
   30.00    340.00      2.20    -5.66     2.85      0.0096     22.03 LEFT    1.6375E-04   -117.09  6.6268E-05   -115.51
   35.00    340.00      1.64    -5.94     2.34      0.0142     22.68 LEFT    1.5358E-04   -117.95  6.4209E-05   -115.67
   40.00    340.00      0.99    -6.29     1.74      0.0203     23.36 LEFT    1.4261E-04   -119.00  6.1648E-05   -115.81
   45.00    340.00      0.27    -6.74     1.05      0.0281     24.01 LEFT    1.3113E-04   -120.25  5.8523E-05   -115.93
   50.00    340.00     -0.55    -7.32     0.28      0.0378     24.58 LEFT    1.1939E-04   -121.72  5.4776E-05   -116.01
   55.00    340.00     -1.45    -8.05    -0.59      0.0494     24.96 LEFT    1.0763E-04   -123.43  5.0356E-05   -116.05
   60.00    340.00     -2.44    -8.98    -1.57      0.0629     25.03 LEFT    9.6017E-05   -125.39  4.5226E-05   -116.03
   65.00    340.00     -3.54   -10.19    -2.69      0.0776     24.66 LEFT    8.4592E-05   -127.60  3.9365E-05   -115.96
   70.00    340.00     -4.80   -11.78    -4.01      0.0926     23.67 LEFT    7.3196E-05   -130.06  3.2773E-05   -115.81
   75.00    340.00     -6.34   -13.97    -5.65      0.1061     21.91 LEFT    6.1302E-05   -132.82  2.5477E-05   -115.59
   80.00    340.00     -8.52   -17.21    -7.97      0.1159     19.25 LEFT    4.7681E-05   -135.99  1.7526E-05   -115.30
   85.00    340.00    -12.68   -23.00   -12.29      0.1197     15.66 LEFT    2.9546E-05   -139.99  9.0002E-06   -114.94
   90.00    340.00   -999.99  -999.99  -999.99      0.0000      0.00         2.3323E-15   -325.98  5.3786E-16   -294.49
    0.00    345.00      3.97    -7.47     4.27      0.0000     15.00 LINEAR  2.0086E-04   -114.90  5.3820E-05   -114.90
    5.00    345.00      3.93    -7.48     4.23      0.0002     15.05 LEFT    1.9988E-04   -114.96  5.3730E-05   -114.92
   10.00    345.00      3.80    -7.53     4.11      0.0006     15.19 LEFT    1.9695E-04   -115.13  5.3455E-05   -114.98
   15.00    345.00      3.58    -7.61     3.90      0.0015     15.41 LEFT    1.9217E-04   -115.42  5.2982E-05   -115.08
   20.00    345.00      3.29    -7.72     3.62      0.0029     15.73 LEFT    1.8565E-04   -115.83  5.2287E-05   -115.21
   25.00    345.00      2.90    -7.88     3.25      0.0048     16.12 LEFT    1.7758E-04   -116.38  5.1340E-05   -115.35
   30.00    345.00      2.43    -8.09     2.80      0.0075     16.58 LEFT    1.6818E-04   -117.08  5.0103E-05   -115.51
   35.00    345.00      1.87    -8.37     2.26      0.0112     17.10 LEFT    1.5769E-04   -117.94  4.8532E-05   -115.66
   40.00    345.00      1.22    -8.72     1.64      0.0161     17.63 LEFT    1.4638E-04   -118.99  4.6583E-05   -115.80
   45.00    345.00      0.49    -9.18     0.93      0.0223     18.15 LEFT    1.3456E-04   -120.24  4.4209E-05   -115.92
   50.00    345.00     -0.33    -9.76     0.14      0.0301     18.59 LEFT    1.2248E-04   -121.71  4.1366E-05   -116.00
   55.00    345.00     -1.23   -10.49    -0.74      0.0396     18.89 LEFT    1.1039E-04   -123.41  3.8018E-05   -116.04
   60.00    345.00     -2.22   -11.42    -1.73      0.0504     18.94 LEFT    9.8453E-05   -125.36  3.4136E-05   -116.03
   65.00    345.00     -3.33   -12.63    -2.84      0.0620     18.62 LEFT    8.6721E-05   -127.57  2.9705E-05   -115.95
   70.00    345.00     -4.58   -14.23    -4.14      0.0735     17.82 LEFT    7.5026E-05   -130.03  2.4726E-05   -115.80
   75.00    345.00     -6.13   -16.41    -5.74      0.0833     16.41 LEFT    6.2827E-05   -132.78  1.9218E-05   -115.58
   80.00    345.00     -8.31   -19.66    -8.00      0.0896     14.32 LEFT    4.8863E-05   -135.95  1.3219E-05   -115.29
   85.00    345.00    -12.47   -25.45   -12.25      0.0910     11.58 LEFT    3.0277E-05   -139.94  6.7879E-06   -114.92
   90.00    345.00   -999.99  -999.99  -999.99      0.0000      0.00         2.3899E-15   -325.93  4.0565E-16   -294.48
    0.00    350.00      4.14   -10.94     4.27      0.0000     10.00 LINEAR  2.0479E-04   -114.90  3.6109E-05   -114.90
    5.00    350.00      4.09   -10.95     4.23      0.0001     10.03 LEFT    2.0378E-04   -114.96  3.6048E-05   -114.92
   10.00    350.00      3.97   -11.00     4.10      0.0004     10.13 LEFT    2.0079E-04   -115.13  3.5862E-05   -114.98
   15.00    350.00      3.75   -11.07     3.89      0.0010     10.28 LEFT    1.9589E-04   -115.42  3.5541E-05   -115.08
   20.00    350.00      3.45   -11.19     3.60      0.0020     10.50 LEFT    1.8922E-04   -115.83  3.5070E-05   -115.20
   25.00    350.00      3.06   -11.35     3.22      0.0033     10.77 LEFT    1.8097E-04   -116.38  3.4429E-05   -115.35
   30.00    350.00      2.59   -11.56     2.75      0.0052     11.09 LEFT    1.7135E-04   -117.08  3.3593E-05   -115.50
   35.00    350.00      2.03   -11.84     2.20      0.0077     11.44 LEFT    1.6063E-04   -117.94  3.2533E-05   -115.66
   40.00    350.00      1.38   -12.20     1.57      0.0111     11.81 LEFT    1.4909E-04   -118.98  3.1220E-05   -115.80
   45.00    350.00      0.65   -12.66     0.84      0.0155     12.17 LEFT    1.3701E-04   -120.23  2.9622E-05   -115.92
   50.00    350.00     -0.17   -13.24     0.04      0.0210     12.48 LEFT    1.2469E-04   -121.69  2.7712E-05   -116.00
   55.00    350.00     -1.08   -13.97    -0.86      0.0276     12.68 LEFT    1.1236E-04   -123.40  2.5463E-05   -116.04
   60.00    350.00     -2.07   -14.91    -1.85      0.0352     12.70 LEFT    1.0019E-04   -125.35  2.2859E-05   -116.02
   65.00    350.00     -3.18   -16.12    -2.96      0.0432     12.47 LEFT    8.8242E-05   -127.55  1.9888E-05   -115.94
   70.00    350.00     -4.43   -17.71    -4.23      0.0510     11.90 LEFT    7.6332E-05   -130.00  1.6552E-05   -115.79
   75.00    350.00     -5.98   -19.90    -5.80      0.0573     10.92 LEFT    6.3915E-05   -132.75  1.2864E-05   -115.57
   80.00    350.00     -8.16   -23.15    -8.02      0.0610      9.49 LEFT    4.9706E-05   -135.91  8.8477E-06   -115.28
   85.00    350.00    -12.32   -28.94   -12.22      0.0612      7.64 LEFT    3.0798E-05   -139.91  4.5429E-06   -114.92
   90.00    350.00   -999.99  -999.99  -999.99      0.0000      0.00         2.4311E-15   -325.90  2.7150E-16   -294.48
    0.00    355.00      4.24   -16.92     4.27      0.0000      5.00 LINEAR  2.0715E-04   -114.90  1.8124E-05   -114.90
    5.00    355.00      4.19   -16.94     4.23      0.0001      5.02 LEFT    2.0613E-04   -114.96  1.8093E-05   -114.92
   10.00    355.00      4.07   -16.98     4.10      0.0002      5.06 LEFT    2.0310E-04   -115.13  1.7998E-05   -114.98
   15.00    355.00      3.85   -17.06     3.89      0.0005      5.14 LEFT    1.9813E-04   -115.42  1.7836E-05   -115.08
   20.00    355.00      3.55   -17.18     3.59      0.0010      5.25 LEFT    1.9137E-04   -115.83  1.7599E-05   -115.20
   25.00    355.00      3.16   -17.34     3.20      0.0017      5.39 LEFT    1.8301E-04   -116.38  1.7275E-05   -115.35
   30.00    355.00      2.69   -17.55     2.73      0.0026      5.55 LEFT    1.7326E-04   -117.07  1.6854E-05   -115.50
   35.00    355.00      2.12   -17.83     2.17      0.0040      5.73 LEFT    1.6240E-04   -117.94  1.6320E-05   -115.66
   40.00    355.00      1.47   -18.19     1.52      0.0057      5.92 LEFT    1.5071E-04   -118.98  1.5659E-05   -115.80
   45.00    355.00      0.74   -18.65     0.79      0.0080      6.11 LEFT    1.3849E-04   -120.22  1.4856E-05   -115.91
   50.00    355.00     -0.08   -19.23    -0.03      0.0108      6.26 LEFT    1.2602E-04   -121.69  1.3896E-05   -116.00
   55.00    355.00     -0.99   -19.97    -0.93      0.0142      6.36 LEFT    1.1354E-04   -123.39  1.2767E-05   -116.03
   60.00    355.00     -1.98   -20.91    -1.93      0.0181      6.38 LEFT    1.0124E-04   -125.34  1.1460E-05   -116.01
   65.00    355.00     -3.09   -22.12    -3.03      0.0222      6.25 LEFT    8.9154E-05   -127.53  9.9695E-06   -115.93
   70.00    355.00     -4.35   -23.71    -4.30      0.0261      5.96 LEFT    7.7116E-05   -129.99  8.2965E-06   -115.79
   75.00    355.00     -5.89   -25.90    -5.85      0.0292      5.45 LEFT    6.4568E-05   -132.73  6.4472E-06   -115.57
   80.00    355.00     -8.07   -29.15    -8.04      0.0309      4.73 LEFT    5.0212E-05   -135.89  4.4342E-06   -115.28
   85.00    355.00    -12.23   -34.94   -12.21      0.0308      3.80 LEFT    3.1111E-05   -139.89  2.2767E-06   -114.91
   90.00    355.00   -999.99  -999.99  -999.99      0.0000      0.00         2.4557E-15   -325.88  1.3606E-16   -294.48


  AVERAGE POWER GAIN:  1.0434E+00 - SOLID ANGLE USED IN AVERAGING: (+1.9722)*PI STERADIANS



  DATA CARD No:   8 EN   0     0     0     0  0.00000E+00  0.00000E+00  0.00000E+00  0.00000E+00  0.00000E+00  0.00000E+00

  TOTAL RUN TIME: 60 msec