


                               __________________________________________
                              |                                          |
                              |  NUMERICAL ELECTROMAGNETICS CODE (nec2c) |
                              |   Translated to 'C' in Double Precision  |
                              |__________________________________________|



                               ---------------- COMMENTS ----------------
                               pattern-direct-35p0-17p0-17m
                              



                               -------- STRUCTURE SPECIFICATION --------
                                     COORDINATES MUST BE INPUT IN
                                     METERS OR BE SCALED TO METERS
                                     BEFORE STRUCTURE INPUT IS ENDED

  WIRE                                                                                 SEG FIRST  LAST  TAG
   No:        X1         Y1         Z1         X2         Y2         Z2       RADIUS   No:   SEG   SEG  No:
     1    -5.18160    0.00000    0.15240   -0.01000    0.00000    0.91440    0.00024    41     1    41    1
     2    -0.01000    0.00000    0.91440    0.01000    0.00000    0.91440    0.00024     1    42    42    2
     3     0.01000    0.00000    0.91440    6.78822    0.00000    9.14400    0.00024    61    43   103    3

     TOTAL SEGMENTS USED: 103   SEGMENTS IN A SYMMETRIC CELL: 103   SYMMETRY FLAG: 0


                               ---------- SEGMENTATION DATA ----------
                                        COORDINATES IN METERS
                            I+ AND I- INDICATE THE SEGMENTS BEFORE AND AFTER I

   SEG    COORDINATES OF SEGM CENTER     SEGM    ORIENTATION ANGLES    WIRE    CONNECTION DATA   TAG
   No:       X         Y         Z      LENGTH     ALPHA      BETA    RADIUS    I-     I    I+   No:
     1   -5.1185    0.0000    0.1617    0.1275    8.3818    0.0000    0.0002     0     1     2     1
     2   -4.9924    0.0000    0.1803    0.1275    8.3818    0.0000    0.0002     1     2     3     1
     3   -4.8663    0.0000    0.1989    0.1275    8.3818    0.0000    0.0002     2     3     4     1
     4   -4.7401    0.0000    0.2174    0.1275    8.3818    0.0000    0.0002     3     4     5     1
     5   -4.6140    0.0000    0.2360    0.1275    8.3818    0.0000    0.0002     4     5     6     1
     6   -4.4878    0.0000    0.2546    0.1275    8.3818    0.0000    0.0002     5     6     7     1
     7   -4.3617    0.0000    0.2732    0.1275    8.3818    0.0000    0.0002     6     7     8     1
     8   -4.2356    0.0000    0.2918    0.1275    8.3818    0.0000    0.0002     7     8     9     1
     9   -4.1094    0.0000    0.3104    0.1275    8.3818    0.0000    0.0002     8     9    10     1
    10   -3.9833    0.0000    0.3290    0.1275    8.3818    0.0000    0.0002     9    10    11     1
    11   -3.8572    0.0000    0.3475    0.1275    8.3818    0.0000    0.0002    10    11    12     1
    12   -3.7310    0.0000    0.3661    0.1275    8.3818    0.0000    0.0002    11    12    13     1
    13   -3.6049    0.0000    0.3847    0.1275    8.3818    0.0000    0.0002    12    13    14     1
    14   -3.4788    0.0000    0.4033    0.1275    8.3818    0.0000    0.0002    13    14    15     1
    15   -3.3526    0.0000    0.4219    0.1275    8.3818    0.0000    0.0002    14    15    16     1
    16   -3.2265    0.0000    0.4405    0.1275    8.3818    0.0000    0.0002    15    16    17     1
    17   -3.1003    0.0000    0.4591    0.1275    8.3818    0.0000    0.0002    16    17    18     1
    18   -2.9742    0.0000    0.4776    0.1275    8.3818    0.0000    0.0002    17    18    19     1
    19   -2.8481    0.0000    0.4962    0.1275    8.3818    0.0000    0.0002    18    19    20     1
    20   -2.7219    0.0000    0.5148    0.1275    8.3818    0.0000    0.0002    19    20    21     1
    21   -2.5958    0.0000    0.5334    0.1275    8.3818    0.0000    0.0002    20    21    22     1
    22   -2.4697    0.0000    0.5520    0.1275    8.3818    0.0000    0.0002    21    22    23     1
    23   -2.3435    0.0000    0.5706    0.1275    8.3818    0.0000    0.0002    22    23    24     1
    24   -2.2174    0.0000    0.5892    0.1275    8.3818    0.0000    0.0002    23    24    25     1
    25   -2.0913    0.0000    0.6077    0.1275    8.3818    0.0000    0.0002    24    25    26     1
    26   -1.9651    0.0000    0.6263    0.1275    8.3818    0.0000    0.0002    25    26    27     1
    27   -1.8390    0.0000    0.6449    0.1275    8.3818    0.0000    0.0002    26    27    28     1
    28   -1.7128    0.0000    0.6635    0.1275    8.3818    0.0000    0.0002    27    28    29     1
    29   -1.5867    0.0000    0.6821    0.1275    8.3818    0.0000    0.0002    28    29    30     1
    30   -1.4606    0.0000    0.7007    0.1275    8.3818    0.0000    0.0002    29    30    31     1
    31   -1.3344    0.0000    0.7193    0.1275    8.3818    0.0000    0.0002    30    31    32     1
    32   -1.2083    0.0000    0.7378    0.1275    8.3818    0.0000    0.0002    31    32    33     1
    33   -1.0822    0.0000    0.7564    0.1275    8.3818    0.0000    0.0002    32    33    34     1
    34   -0.9560    0.0000    0.7750    0.1275    8.3818    0.0000    0.0002    33    34    35     1
    35   -0.8299    0.0000    0.7936    0.1275    8.3818    0.0000    0.0002    34    35    36     1
    36   -0.7038    0.0000    0.8122    0.1275    8.3818    0.0000    0.0002    35    36    37     1
    37   -0.5776    0.0000    0.8308    0.1275    8.3818    0.0000    0.0002    36    37    38     1
    38   -0.4515    0.0000    0.8494    0.1275    8.3818    0.0000    0.0002    37    38    39     1
    39   -0.3253    0.0000    0.8679    0.1275    8.3818    0.0000    0.0002    38    39    40     1
    40   -0.1992    0.0000    0.8865    0.1275    8.3818    0.0000    0.0002    39    40    41     1
    41   -0.0731    0.0000    0.9051    0.1275    8.3818    0.0000    0.0002    40    41    42     1
    42    0.0000    0.0000    0.9144    0.0200    0.0000    0.0000    0.0002    41    42    43     2
    43    0.0656    0.0000    0.9819    0.1748   50.5238    0.0000    0.0002    42    43    44     3
    44    0.1767    0.0000    1.1168    0.1748   50.5238    0.0000    0.0002    43    44    45     3
    45    0.2878    0.0000    1.2517    0.1748   50.5238    0.0000    0.0002    44    45    46     3
    46    0.3989    0.0000    1.3866    0.1748   50.5238    0.0000    0.0002    45    46    47     3
    47    0.5100    0.0000    1.5215    0.1748   50.5238    0.0000    0.0002    46    47    48     3
    48    0.6212    0.0000    1.6564    0.1748   50.5238    0.0000    0.0002    47    48    49     3
    49    0.7323    0.0000    1.7913    0.1748   50.5238    0.0000    0.0002    48    49    50     3
    50    0.8434    0.0000    1.9262    0.1748   50.5238    0.0000    0.0002    49    50    51     3
    51    0.9545    0.0000    2.0611    0.1748   50.5238    0.0000    0.0002    50    51    52     3
    52    1.0656    0.0000    2.1961    0.1748   50.5238    0.0000    0.0002    51    52    53     3
    53    1.1767    0.0000    2.3310    0.1748   50.5238    0.0000    0.0002    52    53    54     3
    54    1.2879    0.0000    2.4659    0.1748   50.5238    0.0000    0.0002    53    54    55     3
    55    1.3990    0.0000    2.6008    0.1748   50.5238    0.0000    0.0002    54    55    56     3
    56    1.5101    0.0000    2.7357    0.1748   50.5238    0.0000    0.0002    55    56    57     3
    57    1.6212    0.0000    2.8706    0.1748   50.5238    0.0000    0.0002    56    57    58     3
    58    1.7323    0.0000    3.0055    0.1748   50.5238    0.0000    0.0002    57    58    59     3
    59    1.8435    0.0000    3.1404    0.1748   50.5238    0.0000    0.0002    58    59    60     3
    60    1.9546    0.0000    3.2754    0.1748   50.5238    0.0000    0.0002    59    60    61     3
    61    2.0657    0.0000    3.4103    0.1748   50.5238    0.0000    0.0002    60    61    62     3
    62    2.1768    0.0000    3.5452    0.1748   50.5238    0.0000    0.0002    61    62    63     3
    63    2.2879    0.0000    3.6801    0.1748   50.5238    0.0000    0.0002    62    63    64     3
    64    2.3990    0.0000    3.8150    0.1748   50.5238    0.0000    0.0002    63    64    65     3
    65    2.5102    0.0000    3.9499    0.1748   50.5238    0.0000    0.0002    64    65    66     3
    66    2.6213    0.0000    4.0848    0.1748   50.5238    0.0000    0.0002    65    66    67     3
    67    2.7324    0.0000    4.2197    0.1748   50.5238    0.0000    0.0002    66    67    68     3
    68    2.8435    0.0000    4.3546    0.1748   50.5238    0.0000    0.0002    67    68    69     3
    69    2.9546    0.0000    4.4896    0.1748   50.5238    0.0000    0.0002    68    69    70     3
    70    3.0658    0.0000    4.6245    0.1748   50.5238    0.0000    0.0002    69    70    71     3
    71    3.1769    0.0000    4.7594    0.1748   50.5238    0.0000    0.0002    70    71    72     3
    72    3.2880    0.0000    4.8943    0.1748   50.5238    0.0000    0.0002    71    72    73     3
    73    3.3991    0.0000    5.0292    0.1748   50.5238    0.0000    0.0002    72    73    74     3
    74    3.5102    0.0000    5.1641    0.1748   50.5238    0.0000    0.0002    73    74    75     3
    75    3.6213    0.0000    5.2990    0.1748   50.5238    0.0000    0.0002    74    75    76     3
    76    3.7325    0.0000    5.4339    0.1748   50.5238    0.0000    0.0002    75    76    77     3
    77    3.8436    0.0000    5.5688    0.1748   50.5238    0.0000    0.0002    76    77    78     3
    78    3.9547    0.0000    5.7038    0.1748   50.5238    0.0000    0.0002    77    78    79     3
    79    4.0658    0.0000    5.8387    0.1748   50.5238    0.0000    0.0002    78    79    80     3
    80    4.1769    0.0000    5.9736    0.1748   50.5238    0.0000    0.0002    79    80    81     3
    81    4.2881    0.0000    6.1085    0.1748   50.5238    0.0000    0.0002    80    81    82     3
    82    4.3992    0.0000    6.2434    0.1748   50.5238    0.0000    0.0002    81    82    83     3
    83    4.5103    0.0000    6.3783    0.1748   50.5238    0.0000    0.0002    82    83    84     3
    84    4.6214    0.0000    6.5132    0.1748   50.5238    0.0000    0.0002    83    84    85     3
    85    4.7325    0.0000    6.6481    0.1748   50.5238    0.0000    0.0002    84    85    86     3
    86    4.8436    0.0000    6.7830    0.1748   50.5238    0.0000    0.0002    85    86    87     3
    87    4.9548    0.0000    6.9180    0.1748   50.5238    0.0000    0.0002    86    87    88     3
    88    5.0659    0.0000    7.0529    0.1748   50.5238    0.0000    0.0002    87    88    89     3
    89    5.1770    0.0000    7.1878    0.1748   50.5238    0.0000    0.0002    88    89    90     3
    90    5.2881    0.0000    7.3227    0.1748   50.5238    0.0000    0.0002    89    90    91     3
    91    5.3992    0.0000    7.4576    0.1748   50.5238    0.0000    0.0002    90    91    92     3
    92    5.5104    0.0000    7.5925    0.1748   50.5238    0.0000    0.0002    91    92    93     3
    93    5.6215    0.0000    7.7274    0.1748   50.5238    0.0000    0.0002    92    93    94     3
    94    5.7326    0.0000    7.8623    0.1748   50.5238    0.0000    0.0002    93    94    95     3
    95    5.8437    0.0000    7.9973    0.1748   50.5238    0.0000    0.0002    94    95    96     3
    96    5.9548    0.0000    8.1322    0.1748   50.5238    0.0000    0.0002    95    96    97     3
    97    6.0659    0.0000    8.2671    0.1748   50.5238    0.0000    0.0002    96    97    98     3
    98    6.1771    0.0000    8.4020    0.1748   50.5238    0.0000    0.0002    97    98    99     3
    99    6.2882    0.0000    8.5369    0.1748   50.5238    0.0000    0.0002    98    99   100     3
   100    6.3993    0.0000    8.6718    0.1748   50.5238    0.0000    0.0002    99   100   101     3
   101    6.5104    0.0000    8.8067    0.1748   50.5238    0.0000    0.0002   100   101   102     3
   102    6.6215    0.0000    8.9416    0.1748   50.5238    0.0000    0.0002   101   102   103     3
   103    6.7327    0.0000    9.0765    0.1748   50.5238    0.0000    0.0002   102   103     0     3



  DATA CARD No:   1 EK   0     0     0     0  0.00000E+00  0.00000E+00  0.00000E+00  0.00000E+00  0.00000E+00  0.00000E+00
  DATA CARD No:   2 LD   5     0     0     0  1.50000E+07  0.00000E+00  0.00000E+00  0.00000E+00  0.00000E+00  0.00000E+00
  DATA CARD No:   3 GN   2     0     0     0  1.30000E+01  5.00000E-03  0.00000E+00  0.00000E+00  0.00000E+00  0.00000E+00
  DATA CARD No:   4 FR   0     1     0     0  1.80800E+01  0.00000E+00  0.00000E+00  0.00000E+00  0.00000E+00  0.00000E+00
  DATA CARD No:   5 EX   0     2     1     0  1.00000E+00  0.00000E+00  0.00000E+00  0.00000E+00  0.00000E+00  0.00000E+00
  DATA CARD No:   6 PT  -1     0     0     0  0.00000E+00  0.00000E+00  0.00000E+00  0.00000E+00  0.00000E+00  0.00000E+00
  DATA CARD No:   7 RP   0    19    72  1001  0.00000E+00  0.00000E+00  5.00000E+00  5.00000E+00  1.00000E+03  0.00000E+00


                               --------- FREQUENCY --------
                                FREQUENCY : 1.8080E+01 MHz
                                WAVELENGTH: 1.6582E+01 Mtr

                        APPROXIMATE INTEGRATION EMPLOYED FOR SEGMENTS 
                        THAT ARE MORE THAN 1.000 WAVELENGTHS APART
                        THE EXTENDED THIN WIRE KERNEL WILL BE USED


                          ------ STRUCTURE IMPEDANCE LOADING ------
  LOCATION        RESISTANCE  INDUCTANCE  CAPACITANCE     IMPEDANCE (OHMS)   CONDUCTIVITY  CIRCUIT
  ITAG FROM THRU     OHMS       HENRYS      FARADS       REAL     IMAGINARY   MHOS/METER      TYPE
  ALL                                                                        1.5000E+07     WIRE  


                            -------- ANTENNA ENVIRONMENT --------
                            FINITE GROUND - SOMMERFELD SOLUTION
                            RELATIVE DIELECTRIC CONST: 13.000
                            CONDUCTIVITY:  5.000E-03 MHOS/METER
                            COMPLEX DIELECTRIC CONSTANT:  1.3000E+01-4.9712E+00j


                             ---------- MATRIX TIMING ----------
                               FILL: 10 msec  FACTOR: 0 msec


                        --------- ANTENNA INPUT PARAMETERS ---------
  TAG   SEG       VOLTAGE (VOLTS)         CURRENT (AMPS)         IMPEDANCE (OHMS)        ADMITTANCE (MHOS)     POWER
  No:   No:     REAL      IMAGINARY     REAL      IMAGINARY     REAL      IMAGINARY    REAL       IMAGINARY   (WATTS)
    2    42  1.0000E+00  0.0000E+00  5.5943E-03  3.6915E-03  1.2453E+02 -8.2174E+01  5.5943E-03  3.6915E-03  2.7972E-03


                               ---------- POWER BUDGET ---------
                               INPUT POWER   =  2.7972E-03 Watts
                               RADIATED POWER=  2.4446E-03 Watts
                               STRUCTURE LOSS=  3.5259E-04 Watts
                               NETWORK LOSS  =  0.0000E+00 Watts
                               EFFICIENCY    =   87.39 Percent


                             ---------- RADIATION PATTERNS -----------

                             RANGE:  1.000000E+03 METERS
                             EXP(-JKR)/R:  1.00000E-03 AT PHASE: -110.47 DEGREES

 ---- ANGLES -----     ----- POWER GAINS -----       ---- POLARIZATION ----   ---- E(THETA) ----    ----- E(PHI) ------
  THETA      PHI       VERTC    HORIZ    TOTAL       AXIAL      TILT  SENSE   MAGNITUDE    PHASE    MAGNITUDE     PHASE
 DEGREES   DEGREES        DB       DB       DB       RATIO   DEGREES            VOLTS/M   DEGREES     VOLTS/M   DEGREES
    0.00      0.00     -2.34  -999.99    -2.34      0.0000      0.00 LINEAR  3.1286E-04   -187.06  0.0000E+00   -110.47
    5.00      0.00     -2.64  -999.99    -2.64      0.0000      0.00 LINEAR  3.0237E-04   -186.17  0.0000E+00   -110.47
   10.00      0.00     -2.90  -999.99    -2.90      0.0000      0.00 LINEAR  2.9320E-04   -187.27  0.0000E+00   -110.47
   15.00      0.00     -3.06  -999.99    -3.06      0.0000      0.00 LINEAR  2.8801E-04   -189.65  0.0000E+00   -110.47
   20.00      0.00     -3.09  -999.99    -3.09      0.0000      0.00 LINEAR  2.8704E-04   -192.22  0.0000E+00   -110.47
   25.00      0.00     -3.07  -999.99    -3.07      0.0000      0.00 LINEAR  2.8746E-04   -193.96  0.0000E+00   -110.47
   30.00      0.00     -3.17  -999.99    -3.17      0.0000      0.00 LINEAR  2.8425E-04   -194.20  0.0000E+00   -110.47
   35.00      0.00     -3.56  -999.99    -3.56      0.0000      0.00 LINEAR  2.7194E-04   -192.62  0.0000E+00   -110.47
   40.00      0.00     -4.42  -999.99    -4.42      0.0000      0.00 LINEAR  2.4630E-04   -188.96  0.0000E+00   -110.47
   45.00      0.00     -5.98  -999.99    -5.98      0.0000      0.00 LINEAR  2.0570E-04   -182.48  0.0000E+00   -110.47
   50.00      0.00     -8.57  -999.99    -8.57      0.0000      0.00 LINEAR  1.5271E-04   -170.64  0.0000E+00   -110.47
   55.00      0.00    -12.29  -999.99   -12.29      0.0000      0.00 LINEAR  9.9485E-05   -144.46  0.0000E+00   -110.47
   60.00      0.00    -13.61  -999.99   -13.61      0.0000      0.00 LINEAR  8.5459E-05    -91.50  0.0000E+00   -110.47
   65.00      0.00    -10.03  -999.99   -10.03      0.0000      0.00 LINEAR  1.2907E-04    -53.90  0.0000E+00   -110.47
   70.00      0.00     -7.08  -999.99    -7.08      0.0000      0.00 LINEAR  1.8128E-04    -38.45  0.0000E+00   -110.47
   75.00      0.00     -5.68  -999.99    -5.68      0.0000      0.00 LINEAR  2.1289E-04    -31.19  0.0000E+00   -110.47
   80.00      0.00     -5.96  -999.99    -5.96      0.0000      0.00 LINEAR  2.0614E-04    -27.73  0.0000E+00   -110.47
   85.00      0.00     -9.10  -999.99    -9.10      0.0000      0.00 LINEAR  1.4362E-04    -26.86  0.0000E+00   -110.47
   90.00      0.00   -999.99  -999.99  -999.99      0.0000      0.00         1.1600E-14   -208.55  0.0000E+00   -110.47
    0.00      5.00     -2.37   -23.53    -2.34      0.0000     -5.00 LINEAR  3.1167E-04   -187.06  2.7267E-05     -7.06
    5.00      5.00     -2.68   -22.61    -2.63      0.0036     -5.75 RIGHT   3.0092E-04   -186.19  3.0307E-05     -4.14
   10.00      5.00     -2.95   -21.82    -2.90      0.0096     -6.47 RIGHT   2.9152E-04   -187.32  3.3201E-05     -2.41
   15.00      5.00     -3.11   -21.11    -3.05      0.0180     -7.11 RIGHT   2.8613E-04   -189.73  3.6044E-05     -1.38
   20.00      5.00     -3.15   -20.45    -3.07      0.0272     -7.62 RIGHT   2.8501E-04   -192.35  3.8902E-05     -0.65
   25.00      5.00     -3.14   -19.83    -3.05      0.0353     -8.09 RIGHT   2.8534E-04   -194.13  4.1773E-05      0.09
   30.00      5.00     -3.24   -19.26    -3.13      0.0412     -8.67 RIGHT   2.8209E-04   -194.40  4.4580E-05      1.07
   35.00      5.00     -3.62   -18.77    -3.49      0.0447     -9.59 RIGHT   2.6981E-04   -192.84  4.7167E-05      2.39
   40.00      5.00     -4.49   -18.39    -4.31      0.0447    -11.14 RIGHT   2.4427E-04   -189.19  4.9320E-05      4.10
   45.00      5.00     -6.06   -18.13    -5.80      0.0360    -13.85 RIGHT   2.0384E-04   -182.67  5.0783E-05      6.15
   50.00      5.00     -8.66   -18.05    -8.19      0.0043    -18.74 LEFT    1.5113E-04   -170.72  5.1278E-05      8.47
   55.00      5.00    -12.38   -18.17   -11.36      0.1765    -25.82 LEFT    9.8479E-05   -144.16  5.0536E-05     10.92
   60.00      5.00    -13.59   -18.56   -12.39      0.5312    -11.20 LEFT    8.5687E-05    -91.03  4.8310E-05     13.40
   65.00      5.00     -9.98   -19.30    -9.50      0.3159      7.51 LEFT    1.2985E-04    -53.97  4.4410E-05     15.78
   70.00      5.00     -7.04   -20.49    -6.85      0.1753      6.88 LEFT    1.8204E-04    -38.73  3.8728E-05     17.94
   75.00      5.00     -5.66   -22.35    -5.57      0.1134      5.29 LEFT    2.1351E-04    -31.54  3.1259E-05     19.79
   80.00      5.00     -5.94   -25.35    -5.89      0.0809      4.02 LEFT    2.0660E-04    -28.12  2.2125E-05     21.25
   85.00      5.00     -9.09   -30.97    -9.06      0.0610      3.00 LEFT    1.4389E-04    -27.25  1.1580E-05     22.26
   90.00      5.00   -999.99  -999.99  -999.99      0.0000      0.00         1.1621E-14   -208.96  6.9865E-16   -157.22
    0.00     10.00     -2.47   -17.55    -2.34      0.0000    -10.00 LINEAR  3.0811E-04   -187.06  5.4327E-05     -7.06
    5.00     10.00     -2.80   -16.64    -2.63      0.0071    -11.49 RIGHT   2.9659E-04   -186.26  6.0318E-05     -4.18
   10.00     10.00     -3.10   -15.85    -2.88      0.0190    -12.94 RIGHT   2.8651E-04   -187.48  6.6030E-05     -2.49
   15.00     10.00     -3.29   -15.14    -3.01      0.0355    -14.19 RIGHT   2.8055E-04   -190.00  7.1654E-05     -1.50
   20.00     10.00     -3.33   -14.48    -3.01      0.0534    -15.22 RIGHT   2.7898E-04   -192.75  7.7317E-05     -0.81
   25.00     10.00     -3.33   -13.86    -2.96      0.0689    -16.15 RIGHT   2.7901E-04   -194.65  8.3022E-05     -0.13
   30.00     10.00     -3.44   -13.30    -3.01      0.0798    -17.30 RIGHT   2.7565E-04   -195.01  8.8612E-05      0.78
   35.00     10.00     -3.83   -12.80    -3.31      0.0854    -19.07 RIGHT   2.6344E-04   -193.51  9.3781E-05      2.04
   40.00     10.00     -4.71   -12.41    -4.03      0.0830    -21.98 RIGHT   2.3817E-04   -189.86  9.8099E-05      3.68
   45.00     10.00     -6.30   -12.15    -5.30      0.0630    -26.84 RIGHT   1.9824E-04   -183.25  1.0105E-04      5.67
   50.00     10.00     -8.94   -12.07    -7.22      0.0095    -34.89 LEFT    1.4637E-04   -170.93  1.0209E-04      7.91
   55.00     10.00    -12.65   -12.19    -9.40      0.2351    -46.69 LEFT    9.5491E-05   -143.20  1.0066E-04     10.30
   60.00     10.00    -13.51   -12.58   -10.01      0.7845    -58.41 LEFT    8.6429E-05    -89.62  9.6267E-05     12.72
   65.00     10.00     -9.82   -13.30    -8.21      0.5754     20.39 LEFT    1.3217E-04    -54.16  8.8533E-05     15.04
   70.00     10.00     -6.94   -14.49    -6.23      0.3305     14.58 LEFT    1.8429E-04    -39.54  7.7231E-05     17.16
   75.00     10.00     -5.58   -16.35    -5.23      0.2193     10.73 LEFT    2.1537E-04    -32.59  6.2353E-05     18.97
   80.00     10.00     -5.89   -19.35    -5.69      0.1587      8.03 LEFT    2.0798E-04    -29.26  4.4143E-05     20.40
   85.00     10.00     -9.04   -24.97    -8.93      0.1207      5.97 LEFT    1.4471E-04    -28.45  2.3108E-05     21.39
   90.00     10.00   -999.99  -999.99  -999.99      0.0000      0.00         1.1683E-14   -210.16  1.3941E-15   -158.10
    0.00     15.00     -2.64   -14.08    -2.34      0.0000    -15.00 LINEAR  3.0220E-04   -187.06  8.0974E-05     -7.06
    5.00     15.00     -3.02   -13.19    -2.62      0.0105    -17.22 RIGHT   2.8942E-04   -186.37  8.9742E-05     -4.25
   10.00     15.00     -3.36   -12.41    -2.85      0.0280    -19.37 RIGHT   2.7824E-04   -187.74  9.8122E-05     -2.62
   15.00     15.00     -3.58   -11.71    -2.95      0.0519    -21.24 RIGHT   2.7133E-04   -190.45  1.0640E-04     -1.70
   20.00     15.00     -3.65   -11.05    -2.92      0.0775    -22.77 RIGHT   2.6902E-04   -193.42  1.1477E-04     -1.09
   25.00     15.00     -3.66   -10.43    -2.83      0.0993    -24.15 RIGHT   2.6856E-04   -195.54  1.2322E-04     -0.50
   30.00     15.00     -3.78    -9.86    -2.82      0.1138    -25.83 RIGHT   2.6500E-04   -196.07  1.3155E-04      0.31
   35.00     15.00     -4.19    -9.37    -3.04      0.1191    -28.32 RIGHT   2.5289E-04   -194.67  1.3928E-04      1.46
   40.00     15.00     -5.08    -8.97    -3.60      0.1112    -32.25 RIGHT   2.2807E-04   -191.02  1.4578E-04      2.99
   45.00     15.00     -6.72    -8.71    -4.59      0.0775    -38.42 RIGHT   1.8893E-04   -184.24  1.5028E-04      4.86
   50.00     15.00     -9.42    -8.61    -5.99      0.0153    -47.67 LEFT    1.3842E-04   -171.25  1.5194E-04      6.99
   55.00     15.00    -13.10    -8.73    -7.38      0.2283    -60.53 LEFT    9.0621E-05   -141.38  1.4992E-04      9.27
   60.00     15.00    -13.37    -9.11    -7.73      0.5965    -81.57 LEFT    8.7850E-05    -87.31  1.4349E-04     11.59
   65.00     15.00     -9.57    -9.83    -6.69      0.6777     42.70 LEFT    1.3604E-04    -54.50  1.3205E-04     13.82
   70.00     15.00     -6.76   -11.01    -5.38      0.4469     23.56 LEFT    1.8805E-04    -40.87  1.1526E-04     15.86
   75.00     15.00     -5.46   -12.87    -4.73      0.3113     16.36 LEFT    2.1847E-04    -34.29  9.3097E-05     17.61
   80.00     15.00     -5.79   -15.86    -5.38      0.2307     12.01 LEFT    2.1030E-04    -31.13  6.5930E-05     18.99
   85.00     15.00     -8.95   -21.48    -8.72      0.1778      8.86 LEFT    1.4608E-04    -30.40  3.4519E-05     19.95
   90.00     15.00   -999.99  -999.99  -999.99      0.0000      0.00         1.1789E-14   -212.14  2.0828E-15   -159.55
    0.00     20.00     -2.88   -11.66    -2.34      0.0000    -20.00 LINEAR  2.9399E-04   -187.06  1.0700E-04     -7.06
    5.00     20.00     -3.32   -10.79    -2.60      0.0138    -22.93 RIGHT   2.7951E-04   -186.53  1.1829E-04     -4.34
   10.00     20.00     -3.72   -10.03    -2.81      0.0364    -25.76 RIGHT   2.6682E-04   -188.11  1.2912E-04     -2.80
   15.00     20.00     -3.99    -9.33    -2.88      0.0668    -28.24 RIGHT   2.5861E-04   -191.11  1.3986E-04     -1.97
   20.00     20.00     -4.11    -8.68    -2.81      0.0989    -30.25 RIGHT   2.5528E-04   -194.41  1.5077E-04     -1.48
   25.00     20.00     -4.14    -8.06    -2.67      0.1255    -32.06 RIGHT   2.5415E-04   -196.84  1.6186E-04     -1.02
   30.00     20.00     -4.28    -7.49    -2.58      0.1416    -34.18 RIGHT   2.5030E-04   -197.62  1.7284E-04     -0.35
   35.00     20.00     -4.70    -6.99    -2.69      0.1444    -37.21 RIGHT   2.3831E-04   -196.37  1.8310E-04      0.65
   40.00     20.00     -5.64    -6.59    -3.08      0.1286    -41.76 RIGHT   2.1402E-04   -192.72  1.9180E-04      2.03
   45.00     20.00     -7.34    -6.32    -3.79      0.0817    -48.41 RIGHT   1.7593E-04   -185.67  1.9790E-04      3.74
   50.00     20.00    -10.15    -6.21    -4.74      0.0211    -57.58 LEFT    1.2728E-04   -171.62  2.0029E-04      5.71
   55.00     20.00    -13.75    -6.32    -5.60      0.2092    -69.62 LEFT    8.4100E-05   -138.33  1.9785E-04      7.84
   60.00     20.00    -13.14    -6.69    -5.80      0.4739    -87.40 LEFT    9.0214E-05    -84.22  1.8955E-04     10.02
   65.00     20.00     -9.23    -7.41    -5.21      0.6285     59.30 LEFT    1.4144E-04    -54.97  1.7459E-04     12.12
   70.00     20.00     -6.52    -8.58    -4.42      0.5139     33.23 LEFT    1.9326E-04    -42.66  1.5251E-04     14.05
   75.00     20.00     -5.29   -10.43    -4.13      0.3849     22.13 LEFT    2.2281E-04    -36.61  1.2326E-04     15.71
   80.00     20.00     -5.66   -13.42    -4.98      0.2948     15.94 LEFT    2.1354E-04    -33.70  8.7329E-05     17.03
   85.00     20.00     -8.84   -19.04    -8.44      0.2310     11.63 LEFT    1.4802E-04    -33.08  4.5735E-05     17.95
   90.00     20.00   -999.99  -999.99  -999.99      0.0000      0.00         1.1937E-14   -214.85  2.7599E-15   -161.56
    0.00     25.00     -3.19    -9.82    -2.34      0.0000    -25.00 LINEAR  2.8355E-04   -187.06  1.3222E-04     -7.06
    5.00     25.00     -3.72    -8.98    -2.58      0.0168    -28.61 RIGHT   2.6695E-04   -186.74  1.4570E-04     -4.45
   10.00     25.00     -4.20    -8.23    -2.76      0.0439    -32.11 RIGHT   2.5239E-04   -188.61  1.5869E-04     -3.03
   15.00     25.00     -4.55    -7.55    -2.79      0.0798    -35.15 RIGHT   2.4256E-04   -192.01  1.7164E-04     -2.33
   20.00     25.00     -4.71    -6.91    -2.66      0.1170    -37.64 RIGHT   2.3798E-04   -195.77  1.8489E-04     -1.98
   25.00     25.00     -4.79    -6.29    -2.46      0.1468    -39.84 RIGHT   2.3601E-04   -198.64  1.9843E-04     -1.68
   30.00     25.00     -4.94    -5.72    -2.31      0.1629    -42.30 RIGHT   2.3178E-04   -199.76  2.1193E-04     -1.19
   35.00     25.00     -5.40    -5.22    -2.30      0.1614    -45.65 RIGHT   2.1988E-04   -198.72  2.2465E-04     -0.38
   40.00     25.00     -6.39    -4.80    -2.52      0.1370    -50.41 RIGHT   1.9619E-04   -195.08  2.3555E-04      0.79
   45.00     25.00     -8.20    -4.52    -2.97      0.0794    -56.95 RIGHT   1.5929E-04   -187.62  2.4332E-04      2.30
   50.00     25.00    -11.19    -4.41    -3.58      0.0267    -65.42 LEFT    1.1296E-04   -171.89  2.4657E-04      4.07
   55.00     25.00    -14.58    -4.50    -4.10      0.1925    -76.09 LEFT    7.6397E-05   -133.39  2.4388E-04      6.01
   60.00     25.00    -12.80    -4.86    -4.22      0.4010     89.30 LEFT    9.3847E-05    -80.52  2.3393E-04      8.01
   65.00     25.00     -8.82    -5.57    -3.89      0.5567     66.40 LEFT    1.4832E-04    -55.59  2.1571E-04      9.96
   70.00     25.00     -6.23    -6.73    -3.47      0.5370     41.99 LEFT    1.9987E-04    -44.87  1.8860E-04     11.75
   75.00     25.00     -5.07    -8.58    -3.47      0.4385     27.80 LEFT    2.2833E-04    -39.47  1.5255E-04     13.30
   80.00     25.00     -5.49   -11.57    -4.53      0.3495     19.72 LEFT    2.1771E-04    -36.88  1.0814E-04     14.54
   85.00     25.00     -8.69   -17.18    -8.12      0.2794     14.23 LEFT    1.5050E-04    -36.42  5.6653E-05     15.41
   90.00     25.00   -999.99  -999.99  -999.99      0.0000      0.00         1.2127E-14   -218.24  3.4191E-15   -164.11
    0.00     30.00     -3.59    -8.36    -2.34      0.0000    -30.00 LINEAR  2.7094E-04   -187.06  1.5643E-04     -7.06
    5.00     30.00     -4.22    -7.55    -2.56      0.0196    -34.27 RIGHT   2.5190E-04   -187.01  1.7170E-04     -4.59
   10.00     30.00     -4.82    -6.83    -2.70      0.0506    -38.38 RIGHT   2.3514E-04   -189.25  1.8650E-04     -3.31
   15.00     30.00     -5.26    -6.17    -2.68      0.0907    -41.98 RIGHT   2.2344E-04   -193.19  2.0136E-04     -2.76
   20.00     30.00     -5.50    -5.53    -2.50      0.1316    -44.90 RIGHT   2.1740E-04   -197.58  2.1666E-04     -2.59
   25.00     30.00     -5.62    -4.92    -2.24      0.1630    -47.43 RIGHT   2.1447E-04   -201.06  2.3244E-04     -2.48
   30.00     30.00     -5.81    -4.35    -2.01      0.1777    -50.12 RIGHT   2.0978E-04   -202.67  2.4828E-04     -2.21
   35.00     30.00     -6.32    -3.83    -1.89      0.1713    -53.58 RIGHT   1.9792E-04   -201.91  2.6335E-04     -1.64
   40.00     30.00     -7.39    -3.41    -1.95      0.1391    -58.23 RIGHT   1.7480E-04   -198.29  2.7640E-04     -0.71
   45.00     30.00     -9.38    -3.12    -2.20      0.0741    -64.30 RIGHT   1.3915E-04   -190.25  2.8589E-04      0.55
   50.00     30.00    -12.64    -2.99    -2.55      0.0315    -71.85 LEFT    9.5553E-05   -171.84  2.9013E-04      2.08
   55.00     30.00    -15.54    -3.08    -2.84      0.1799    -81.12 LEFT    6.8440E-05   -125.58  2.8737E-04      3.80
   60.00     30.00    -12.33    -3.43    -2.90      0.3545     86.76 LEFT    9.9085E-05    -76.49  2.7604E-04      5.58
   65.00     30.00     -8.35    -4.12    -2.73      0.4997     69.41 LEFT    1.5660E-04    -56.37  2.5487E-04      7.34
   70.00     30.00     -5.89    -5.28    -2.56      0.5337     48.67 LEFT    2.0775E-04    -47.43  2.2308E-04      8.97
   75.00     30.00     -4.83    -7.11    -2.81      0.4738     33.02 LEFT    2.3494E-04    -42.81  1.8060E-04     10.39
   80.00     30.00     -5.29   -10.09    -4.05      0.3943     23.27 LEFT    2.2271E-04    -40.62  1.2811E-04     11.53
   85.00     30.00     -8.52   -15.71    -7.76      0.3224     16.62 LEFT    1.5350E-04    -40.35  6.7139E-05     12.35
   90.00     30.00   -999.99  -999.99  -999.99      0.0000      0.00         1.2358E-14   -222.23  4.0521E-15   -167.20
    0.00     35.00     -4.07    -7.17    -2.34      0.0000    -35.00 LINEAR  2.5628E-04   -187.06  1.7945E-04     -7.06
    5.00     35.00     -4.84    -6.40    -2.54      0.0222    -39.89 RIGHT   2.3452E-04   -187.34  1.9607E-04     -4.76
   10.00     35.00     -5.58    -5.71    -2.64      0.0563    -44.59 RIGHT   2.1532E-04   -190.07  2.1227E-04     -3.63
   15.00     35.00     -6.16    -5.06    -2.57      0.0995    -48.68 RIGHT   2.0154E-04   -194.72  2.2867E-04     -3.27
   20.00     35.00     -6.49    -4.44    -2.33      0.1426    -52.00 RIGHT   1.9391E-04   -200.00  2.4570E-04     -3.30
   25.00     35.00     -6.67    -3.83    -2.01      0.1745    -54.80 RIGHT   1.8997E-04   -204.34  2.6341E-04     -3.43
   30.00     35.00     -6.91    -3.26    -1.70      0.1871    -57.61 RIGHT   1.8479E-04   -206.61  2.8136E-04     -3.41
   35.00     35.00     -7.49    -2.74    -1.49      0.1759    -60.98 RIGHT   1.7293E-04   -206.28  2.9860E-04     -3.11
   40.00     35.00     -8.71    -2.31    -1.42      0.1374    -65.30 RIGHT   1.5028E-04   -202.73  3.1372E-04     -2.47
   45.00     35.00    -10.98    -2.01    -1.49      0.0680    -70.73 RIGHT   1.1572E-04   -193.86  3.2493E-04     -1.50
   50.00     35.00    -14.72    -1.87    -1.65      0.0353    -77.32 LEFT    7.5238E-05   -170.88  3.3025E-04     -0.24
   55.00     35.00    -16.41    -1.94    -1.79      0.1703    -85.30 LEFT    6.1938E-05   -113.75  3.2763E-04      1.20
   60.00     35.00    -11.72    -2.27    -1.81      0.3230     84.50 LEFT    1.0619E-04    -72.45  3.1520E-04      2.74
   65.00     35.00     -7.84    -2.95    -1.73      0.4577     70.61 LEFT    1.6613E-04    -57.31  2.9143E-04      4.28
   70.00     35.00     -5.53    -4.10    -1.75      0.5193     53.22 LEFT    2.1670E-04    -50.28  2.5540E-04      5.72
   75.00     35.00     -4.55    -5.93    -2.18      0.4942     37.51 LEFT    2.4246E-04    -46.56  2.0696E-04      6.99
   80.00     35.00     -5.07    -8.90    -3.57      0.4296     26.48 LEFT    2.2842E-04    -44.83  1.4691E-04      8.02
   85.00     35.00     -8.33   -14.51    -7.39      0.3593     18.76 LEFT    1.5693E-04    -44.79  7.7030E-05      8.77
   90.00     35.00   -999.99  -999.99  -999.99      0.0000      0.00         1.2622E-14   -226.74  4.6500E-15   -170.79
    0.00     40.00     -4.65    -6.18    -2.34      0.0000    -40.00 LINEAR  2.3966E-04   -187.06  2.0110E-04     -7.06
    5.00     40.00     -5.60    -5.45    -2.51      0.0244    -45.47 RIGHT   2.1500E-04   -187.74  2.1857E-04     -4.94
   10.00     40.00     -6.53    -4.80    -2.57      0.0609    -50.71 RIGHT   1.9319E-04   -191.12  2.3574E-04     -4.01
   15.00     40.00     -7.28    -4.17    -2.44      0.1061    -55.26 RIGHT   1.7721E-04   -196.76  2.5326E-04     -3.85
   20.00     40.00     -7.74    -3.57    -2.16      0.1502    -58.93 RIGHT   1.6799E-04   -203.29  2.7162E-04     -4.12
   25.00     40.00     -7.99    -2.97    -1.78      0.1817    -61.93 RIGHT   1.6313E-04   -208.86  2.9090E-04     -4.51
   30.00     40.00     -8.30    -2.40    -1.41      0.1920    -64.75 RIGHT   1.5756E-04   -212.12  3.1065E-04     -4.79
   35.00     40.00     -8.98    -1.88    -1.11      0.1769    -67.91 RIGHT   1.4567E-04   -212.46  3.2983E-04     -4.81
   40.00     40.00    -10.43    -1.44    -0.93      0.1341    -71.76 RIGHT   1.2331E-04   -209.15  3.4686E-04     -4.49
   45.00     40.00    -13.22    -1.13    -0.87      0.0624    -76.47 RIGHT   8.9440E-05   -199.24  3.5973E-04     -3.84
   50.00     40.00    -17.85    -0.97    -0.88      0.0378    -82.13 LEFT    5.2463E-05   -167.30  3.6619E-04     -2.91
   55.00     40.00    -16.75    -1.03    -0.91      0.1626    -88.99 LEFT    5.9521E-05    -97.79  3.6389E-04     -1.77
   60.00     40.00    -11.01    -1.35    -0.90      0.3004     82.35 LEFT    1.1528E-04    -68.72  3.5066E-04     -0.50
   65.00     40.00     -7.30    -2.02    -0.89      0.4263     70.83 LEFT    1.7671E-04    -58.44  3.2470E-04      0.79
   70.00     40.00     -5.15    -3.15    -1.03      0.5020     56.11 LEFT    2.2641E-04    -53.38  2.8493E-04      2.02
   75.00     40.00     -4.27    -4.97    -1.59      0.5041     41.10 LEFT    2.5059E-04    -50.64  2.3113E-04      3.12
   80.00     40.00     -4.84    -7.94    -3.11      0.4560     29.26 LEFT    2.3460E-04    -49.43  1.6420E-04      4.03
   85.00     40.00     -8.13   -13.54    -7.03      0.3900     20.62 LEFT    1.6065E-04    -49.67  8.6133E-05      4.71
   90.00     40.00   -999.99  -999.99  -999.99      0.0000      0.00         1.2908E-14   -231.71  5.2004E-15   -174.89
    0.00     45.00     -5.35    -5.35    -2.34      0.0000    -45.00 LINEAR  2.2122E-04   -187.06  2.2122E-04     -7.06
    5.00     45.00     -6.51    -4.68    -2.49      0.0264    -51.01 RIGHT   1.9356E-04   -188.24  2.3903E-04     -5.15
   10.00     45.00     -7.69    -4.06    -2.49      0.0645    -56.73 RIGHT   1.6905E-04   -192.47  2.5666E-04     -4.42
   15.00     45.00     -8.67    -3.46    -2.32      0.1108    -61.69 RIGHT   1.5088E-04   -199.53  2.7484E-04     -4.50
   20.00     45.00     -9.31    -2.88    -1.99      0.1549    -65.66 RIGHT   1.4029E-04   -207.94  2.9409E-04     -5.03
   25.00     45.00     -9.65    -2.29    -1.56      0.1854    -68.80 RIGHT   1.3489E-04   -215.38  3.1453E-04     -5.73
   30.00     45.00    -10.01    -1.73    -1.13      0.1938    -71.54 RIGHT   1.2928E-04   -220.18  3.3570E-04     -6.34
   35.00     45.00    -10.84    -1.20    -0.76      0.1758    -74.39 RIGHT   1.1752E-04   -221.72  3.5649E-04     -6.72
   40.00     45.00    -12.67    -0.76    -0.49      0.1304    -77.71 RIGHT   9.5233E-05   -219.31  3.7519E-04     -6.77
   45.00     45.00    -16.51    -0.43    -0.33      0.0582    -81.70 RIGHT   6.1194E-05   -208.72  3.8960E-04     -6.49
   50.00     45.00    -23.08    -0.27    -0.24      0.0388    -86.51 LEFT    2.8720E-05   -153.35  3.9721E-04     -5.91
   55.00     45.00    -16.16    -0.31    -0.19      0.1557     87.63 LEFT    6.3694E-05    -80.58  3.9537E-04     -5.10
   60.00     45.00    -10.22    -0.61    -0.16      0.2828     80.22 LEFT    1.2627E-04    -65.56  3.8162E-04     -4.14
   65.00     45.00     -6.76    -1.27    -0.19      0.4021     70.44 LEFT    1.8799E-04    -59.78  3.5392E-04     -3.12
   70.00     45.00     -4.77    -2.39    -0.41      0.4849     57.78 LEFT    2.3650E-04    -56.69  3.1098E-04     -2.12
   75.00     45.00     -3.98    -4.20    -1.08      0.5068     43.79 LEFT    2.5895E-04    -54.98  2.5255E-04     -1.21
   80.00     45.00     -4.61    -7.16    -2.69      0.4745     31.57 LEFT    2.4092E-04    -54.37  1.7955E-04     -0.43
   85.00     45.00     -7.93   -12.76    -6.69      0.4144     22.17 LEFT    1.6445E-04    -54.91  9.4234E-05      0.16
   90.00     45.00   -999.99  -999.99  -999.99      0.0000      0.00         1.3199E-14   -237.04  5.6903E-15   -179.46
    0.00     50.00     -6.18    -4.65    -2.34      0.0000    -50.00 LINEAR  2.0110E-04   -187.06  2.3966E-04     -7.06
    5.00     50.00     -7.61    -4.04    -2.46      0.0280    -56.50 RIGHT   1.7043E-04   -188.86  2.5726E-04     -5.38
   10.00     50.00     -9.12    -3.46    -2.42      0.0672    -62.66 RIGHT   1.4324E-04   -194.28  2.7487E-04     -4.88
   15.00     50.00    -10.44    -2.90    -2.20      0.1135    -67.97 RIGHT   1.2310E-04   -203.51  2.9320E-04     -5.21
   20.00     50.00    -11.28    -2.34    -1.82      0.1570    -72.18 RIGHT   1.1177E-04   -214.96  3.1285E-04     -6.05
   25.00     50.00    -11.67    -1.77    -1.35      0.1863    -75.40 RIGHT   1.0683E-04   -225.44  3.3397E-04     -7.08
   30.00     50.00    -12.06    -1.21    -0.87      0.1933    -78.02 RIGHT   1.0214E-04   -232.76  3.5610E-04     -8.07
   35.00     50.00    -13.05    -0.69    -0.45      0.1739    -80.51 RIGHT   9.1171E-05   -236.65  3.7809E-04     -8.84
   40.00     50.00    -15.44    -0.24    -0.12      0.1276    -83.27 RIGHT   6.9192E-05   -237.41  3.9815E-04     -9.30
   45.00     50.00    -21.62     0.09     0.12      0.0560    -86.56 RIGHT   3.3987E-05   -232.61  4.1389E-04     -9.43
   50.00     50.00    -27.89     0.27     0.28      0.0378     89.42 LEFT    1.6519E-05    -84.25  4.2257E-04     -9.24
   55.00     50.00    -14.76     0.25     0.38      0.1486     84.43 LEFT    7.4847E-05    -66.37  4.2129E-04     -8.80
   60.00     50.00     -9.39    -0.05     0.43      0.2681     78.06 LEFT    1.3885E-04    -63.15  4.0730E-04     -8.18
   65.00     50.00     -6.24    -0.69     0.38      0.3821     69.63 LEFT    1.9958E-04    -61.36  3.7832E-04     -7.46
   70.00     50.00     -4.41    -1.80     0.10      0.4688     58.57 LEFT    2.4644E-04    -60.19  3.3288E-04     -6.71
   75.00     50.00     -3.71    -3.60    -0.65      0.5047     45.65 LEFT    2.6702E-04    -59.56  2.7062E-04     -5.99
   80.00     50.00     -4.39    -6.55    -2.33      0.4864     33.37 LEFT    2.4695E-04    -59.57  1.9256E-04     -5.36
   85.00     50.00     -7.74   -12.15    -6.40      0.4327     23.42 LEFT    1.6803E-04    -60.45  1.0111E-04     -4.86
   90.00     50.00   -999.99  -999.99  -999.99      0.0000      0.00         1.3474E-14   -242.68  6.1073E-15   -184.51
    0.00     55.00     -7.17    -4.07    -2.34      0.0000    -55.00 LINEAR  1.7945E-04   -187.06  2.5628E-04     -7.06
    5.00     55.00     -8.97    -3.52    -2.43      0.0293    -61.93 RIGHT   1.4585E-04   -189.67  2.7315E-04     -5.63
   10.00     55.00    -10.94    -2.99    -2.35      0.0689    -68.47 RIGHT   1.1616E-04   -196.85  2.9020E-04     -5.38
   15.00     55.00    -12.72    -2.47    -2.08      0.1146    -74.09 RIGHT   9.4647E-05   -209.78  3.0817E-04     -6.00
   20.00     55.00    -13.74    -1.94    -1.66      0.1570    -78.49 RIGHT   8.4192E-05   -226.62  3.2769E-04     -7.16
   25.00     55.00    -13.96    -1.39    -1.16      0.1853    -81.75 RIGHT   8.2056E-05   -242.08  3.4895E-04     -8.57
   30.00     55.00    -14.12    -0.85    -0.65      0.1917    -84.21 RIGHT   8.0555E-05   -253.21  3.7151E-04     -9.97
   35.00     55.00    -15.05    -0.33    -0.19      0.1722    -86.32 RIGHT   7.2442E-05   -261.35  3.9424E-04    -11.19
   40.00     55.00    -17.68     0.12     0.19      0.1263    -88.53 RIGHT   5.3515E-05   -270.80  4.1525E-04    -12.10
   45.00     55.00    -24.01     0.46     0.48      0.0562     88.84 RIGHT   2.5804E-05     57.64  4.3203E-04    -12.67
   50.00     55.00    -20.76     0.66     0.69      0.0344     85.56 LEFT    3.7542E-05    -36.94  4.4165E-04    -12.91
   55.00     55.00    -13.04     0.64     0.82      0.1404     81.35 LEFT    9.1251E-05    -56.81  4.4098E-04    -12.87
   60.00     55.00     -8.58     0.36     0.88      0.2543     75.86 LEFT    1.5253E-04    -61.55  4.2700E-04    -12.62
   65.00     55.00     -5.76    -0.27     0.81      0.3645     68.51 LEFT    2.1094E-04    -63.19  3.9721E-04    -12.22
   70.00     55.00     -4.09    -1.37     0.49      0.4532     58.74 LEFT    2.5565E-04    -63.87  3.4996E-04    -11.74
   75.00     55.00     -3.48    -3.15    -0.31      0.4991     46.81 LEFT    2.7420E-04    -64.34  2.8482E-04    -11.24
   80.00     55.00     -4.21    -6.10    -2.05      0.4925     34.71 LEFT    2.5216E-04    -65.01  2.0283E-04    -10.77
   85.00     55.00     -7.58   -11.69    -6.16      0.4451     24.39 LEFT    1.7108E-04    -66.24  1.0656E-04    -10.36
   90.00     55.00   -999.99  -999.99  -999.99      0.0000      0.00         1.3706E-14   -248.60  6.4371E-15   -190.04
    0.00     60.00     -8.36    -3.59    -2.34      0.0000    -60.00 LINEAR  1.5643E-04   -187.06  2.7094E-04     -7.06
    5.00     60.00    -10.65    -3.10    -2.40      0.0303    -67.31 RIGHT   1.2010E-04   -190.76  2.8657E-04     -5.89
   10.00     60.00    -13.33    -2.63    -2.27      0.0698    -74.18 RIGHT   8.8278E-05   -200.89  3.0255E-04     -5.92
   15.00     60.00    -15.73    -2.15    -1.97      0.1144    -80.04 RIGHT   6.6970E-05   -221.08  3.1963E-04     -6.85
   20.00     60.00    -16.46    -1.66    -1.51      0.1553    -84.60 RIGHT   6.1548E-05   -247.88  3.3847E-04     -8.37
   25.00     60.00    -15.72    -1.14    -0.99      0.1829    -87.87 RIGHT   6.7070E-05   -269.08  3.5929E-04    -10.19
   30.00     60.00    -15.05    -0.61    -0.46      0.1896     89.85 RIGHT   7.2375E-05   -282.80  3.8173E-04    -12.05
   35.00     60.00    -15.28    -0.10     0.03      0.1711     88.11 RIGHT   7.0526E-05     65.67  4.0465E-04    -13.75
   40.00     60.00    -16.64     0.35     0.43      0.1270     86.44 RIGHT   6.0261E-05     49.19  4.2614E-04    -15.16
   45.00     60.00    -18.18     0.69     0.75      0.0592     84.45 RIGHT   5.0504E-05     15.45  4.4361E-04    -16.22
   50.00     60.00    -15.81     0.89     0.99      0.0283     81.84 LEFT    6.6368E-05    -28.33  4.5396E-04    -16.93
   55.00     60.00    -11.36     0.89     1.14      0.1304     78.35 LEFT    1.1072E-04    -51.17  4.5388E-04    -17.33
   60.00     60.00     -7.81     0.63     1.21      0.2402     73.63 LEFT    1.6662E-04    -60.77  4.4013E-04    -17.47
   65.00     60.00     -5.34     0.01     1.12      0.3476     67.18 LEFT    2.2145E-04    -65.30  4.1001E-04    -17.42
   70.00     60.00     -3.83    -1.08     0.77      0.4377     58.44 LEFT    2.6346E-04    -67.74  3.6171E-04    -17.23
   75.00     60.00     -3.31    -2.86    -0.07      0.4907     47.42 LEFT    2.7984E-04    -69.33  2.9470E-04    -16.96
   80.00     60.00     -4.08    -5.80    -1.85      0.4935     35.64 LEFT    2.5598E-04    -70.68  2.1004E-04    -16.65
   85.00     60.00     -7.47   -11.39    -5.99      0.4523     25.12 LEFT    1.7321E-04    -72.29  1.1040E-04    -16.35
   90.00     60.00   -999.99  -999.99  -999.99      0.0000      0.00         1.3865E-14   -254.76  6.6700E-15   -196.07
    0.00     65.00     -9.82    -3.19    -2.34      0.0000    -65.00 LINEAR  1.3222E-04   -187.06  2.8355E-04     -7.06
    5.00     65.00    -12.83    -2.78    -2.37      0.0310    -72.64 RIGHT   9.3461E-05   -192.38  2.9745E-04     -6.17
   10.00     65.00    -16.63    -2.37    -2.21      0.0699    -79.77 RIGHT   6.0353E-05   -208.40  3.1187E-04     -6.49
   15.00     65.00    -19.37    -1.94    -1.86      0.1130    -85.83 RIGHT   4.4054E-05   -245.41  3.2754E-04     -7.75
   20.00     65.00    -17.80    -1.49    -1.39      0.1525     89.50 RIGHT   5.2733E-05   -282.86  3.4512E-04     -9.67
   25.00     65.00    -15.36    -1.00    -0.85      0.1798     86.24 RIGHT   6.9848E-05     58.65  3.6493E-04    -11.95
   30.00     65.00    -13.90    -0.50    -0.31      0.1875     84.13 RIGHT   8.2665E-05     48.07  3.8664E-04    -14.31
   35.00     65.00    -13.42    -0.01     0.19      0.1714     82.75 RIGHT   8.7321E-05     38.11  4.0918E-04    -16.55
   40.00     65.00    -13.68     0.44     0.60      0.1301     81.59 RIGHT   8.4818E-05     23.93  4.3064E-04    -18.50
   45.00     65.00    -13.88     0.79     0.93      0.0654     80.20 RIGHT   8.2839E-05      1.26  4.4839E-04    -20.10
   50.00     65.00    -12.59     0.99     1.18      0.0190     78.23 LEFT    9.6085E-05    -26.77  4.5923E-04    -21.33
   55.00     65.00     -9.87     1.00     1.34      0.1179     75.40 LEFT    1.3139E-04    -48.30  4.5968E-04    -22.20
   60.00     65.00     -7.12     0.75     1.40      0.2247     71.37 LEFT    1.8032E-04    -60.77  4.4637E-04    -22.76
   65.00     65.00     -4.99     0.14     1.30      0.3303     65.69 LEFT    2.3045E-04    -67.73  4.1638E-04    -23.08
   70.00     65.00     -3.64    -0.93     0.93      0.4213     57.82 LEFT    2.6919E-04    -71.85  3.6778E-04    -23.20
   75.00     65.00     -3.20    -2.70     0.06      0.4797     47.62 LEFT    2.8328E-04    -74.54  2.9997E-04    -23.17
   80.00     65.00     -4.02    -5.64    -1.74      0.4904     36.23 LEFT    2.5785E-04    -76.60  2.1396E-04    -23.05
   85.00     65.00     -7.43   -11.22    -5.92      0.4548     25.67 LEFT    1.7405E-04    -78.60  1.1251E-04    -22.85
   90.00     65.00   -999.99  -999.99  -999.99      0.0000      0.00         1.3922E-14   -261.19  6.7986E-15   -202.60
    0.00     70.00    -11.66    -2.88    -2.34      0.0000    -70.00 LINEAR  1.0700E-04   -187.06  2.9399E-04     -7.06
    5.00     70.00    -15.82    -2.54    -2.34      0.0313    -77.90 RIGHT   6.6243E-05   -195.17  3.0575E-04     -6.47
   10.00     70.00    -21.50    -2.19    -2.14      0.0694    -85.24 RIGHT   3.4459E-05   -227.26  3.1814E-04     -7.10
   15.00     70.00    -20.71    -1.83    -1.77      0.1108     88.54 RIGHT   3.7725E-05     68.52  3.3190E-04     -8.72
   20.00     70.00    -16.11    -1.42    -1.28      0.1490     83.80 RIGHT   6.4109E-05     43.74  3.4769E-04    -11.06
   25.00     70.00    -13.29    -0.98    -0.73      0.1763     80.55 RIGHT   8.8665E-05     34.49  3.6590E-04    -13.84
   30.00     70.00    -11.75    -0.51    -0.19      0.1860     78.60 RIGHT   1.0587E-04     28.09  3.8628E-04    -16.76
   35.00     70.00    -11.08    -0.04     0.29      0.1732     77.55 RIGHT   1.1439E-04     20.72  4.0786E-04    -19.58
   40.00     70.00    -10.98     0.40     0.70      0.1359     76.87 RIGHT   1.1571E-04      9.89  4.2877E-04    -22.14
   45.00     70.00    -10.98     0.75     1.03      0.0749     76.06 RIGHT   1.1573E-04     -6.47  4.4638E-04    -24.33
   50.00     70.00    -10.30     0.96     1.27      0.0062     74.72 LEFT    1.2504E-04    -27.50  4.5744E-04    -26.11
   55.00     70.00     -8.62     0.98     1.43      0.1023     72.51 LEFT    1.5176E-04    -47.33  4.5837E-04    -27.50
   60.00     70.00     -6.54     0.73     1.48      0.2069     69.12 LEFT    1.9277E-04    -61.51  4.4566E-04    -28.52
   65.00     70.00     -4.74     0.14     1.36      0.3115     64.13 LEFT    2.3723E-04    -70.53  4.1627E-04    -29.23
   70.00     70.00     -3.55    -0.93     0.97      0.4036     57.01 LEFT    2.7219E-04    -76.24  3.6813E-04    -29.68
   75.00     70.00     -3.18    -2.69     0.08      0.4664     47.54 LEFT    2.8391E-04    -80.04  3.0056E-04    -29.92
   80.00     70.00     -4.04    -5.62    -1.74      0.4836     36.59 LEFT    2.5728E-04    -82.81  2.1455E-04    -29.98
   85.00     70.00     -7.47   -11.19    -5.93      0.4533     26.08 LEFT    1.7330E-04    -85.21  1.1288E-04    -29.90
   90.00     70.00   -999.99  -999.99  -999.99      0.0000      0.00         1.3853E-14   -267.94  6.8218E-15   -209.68
    0.00     75.00    -14.08    -2.64    -2.34      0.0000    -75.00 LINEAR  8.0974E-05   -187.06  3.0220E-04     -7.06
    5.00     75.00    -20.44    -2.38    -2.31      0.0315    -83.10 RIGHT   3.8927E-05   -201.57  3.1144E-04     -6.77
   10.00     75.00    -25.32    -2.10    -2.08      0.0683     89.40 RIGHT   2.2199E-05   -286.45  3.2140E-04     -7.74
   15.00     75.00    -17.59    -1.80    -1.69      0.1079     83.08 RIGHT   5.4028E-05     32.64  3.3278E-04     -9.74
   20.00     75.00    -13.40    -1.46    -1.19      0.1449     78.28 RIGHT   8.7597E-05     24.09  3.4628E-04    -12.55
   25.00     75.00    -11.02    -1.06    -0.65      0.1728     75.05 RIGHT   1.1511E-04     19.68  3.6234E-04    -15.87
   30.00     75.00     -9.68    -0.63    -0.12      0.1852     73.24 RIGHT   1.3443E-04     15.39  3.8084E-04    -19.40
   35.00     75.00     -9.03    -0.18     0.35      0.1769     72.48 RIGHT   1.4484E-04      9.59  4.0091E-04    -22.88
   40.00     75.00     -8.86     0.24     0.74      0.1447     72.26 RIGHT   1.4759E-04      0.87  4.2079E-04    -26.11
   45.00     75.00     -8.89     0.58     1.05      0.0883     72.02 RIGHT   1.4720E-04    -12.09  4.3788E-04    -28.95
   50.00     75.00     -8.60     0.80     1.27      0.0107     71.29 RIGHT   1.5207E-04    -29.33  4.4891E-04    -31.34
   55.00     75.00     -7.61     0.82     1.41      0.0830     69.71 LEFT    1.7054E-04    -47.69  4.5026E-04    -33.28
   60.00     75.00     -6.09     0.59     1.43      0.1862     66.93 LEFT    2.0310E-04    -62.95  4.3833E-04    -34.80
   65.00     75.00     -4.60     0.01     1.30      0.2906     62.57 LEFT    2.4116E-04    -73.75  4.0997E-04    -35.93
   70.00     75.00     -3.56    -1.05     0.89      0.3843     56.12 LEFT    2.7192E-04    -80.99  3.6302E-04    -36.73
   75.00     75.00     -3.26    -2.80    -0.01      0.4511     47.31 LEFT    2.8129E-04    -85.89  2.9670E-04    -37.24
   80.00     75.00     -4.15    -5.72    -1.86      0.4742     36.80 LEFT    2.5390E-04    -89.40  2.1196E-04    -37.50
   85.00     75.00     -7.60   -11.29    -6.06      0.4489     26.42 LEFT    1.7072E-04    -92.21  1.1157E-04    -37.53
   90.00     75.00   -999.99  -999.99  -999.99      0.0000      0.00         1.3640E-14   -275.07  6.7444E-15   -217.36
    0.00     80.00    -17.55    -2.47    -2.34      0.0000    -80.00 LINEAR  5.4327E-05   -187.06  3.0811E-04     -7.06
    5.00     80.00    -29.46    -2.29    -2.28      0.0313    -88.24 RIGHT   1.3783E-05   -232.72  3.1453E-04     -7.09
   10.00     80.00    -20.36    -2.10    -2.03      0.0667     84.16 RIGHT   3.9288E-05     25.09  3.2172E-04     -8.40
   15.00     80.00    -14.25    -1.87    -1.62      0.1045     77.78 RIGHT   7.9428E-05     16.22  3.3034E-04    -10.82
   20.00     80.00    -11.03    -1.59    -1.12      0.1405     72.94 RIGHT   1.1503E-04     12.95  3.4109E-04    -14.12
   25.00     80.00     -9.09    -1.25    -0.59      0.1695     69.73 RIGHT   1.4379E-04     10.19  3.5451E-04    -18.04
   30.00     80.00     -7.94    -0.87    -0.09      0.1854     68.03 RIGHT   1.6411E-04      6.71  3.7064E-04    -22.25
   35.00     80.00     -7.37    -0.45     0.35      0.1826     67.53 RIGHT   1.7524E-04      1.68  3.8874E-04    -26.46
   40.00     80.00     -7.24    -0.05     0.71      0.1565     67.74 RIGHT   1.7803E-04     -5.84  4.0718E-04    -30.43
   45.00     80.00     -7.33     0.29     0.98      0.1056     68.08 RIGHT   1.7603E-04    -16.86  4.2344E-04    -33.99
   50.00     80.00     -7.33     0.51     1.17      0.0318     67.98 RIGHT   1.7615E-04    -31.81  4.3428E-04    -37.05
   55.00     80.00     -6.83     0.55     1.28      0.0597     67.03 LEFT    1.8663E-04    -49.07  4.3605E-04    -39.59
   60.00     80.00     -5.78     0.32     1.28      0.1623     64.86 LEFT    2.1051E-04    -65.08  4.2509E-04    -41.64
   65.00     80.00     -4.58    -0.24     1.12      0.2674     61.09 LEFT    2.4170E-04    -77.46  3.9817E-04    -43.23
   70.00     80.00     -3.68    -1.29     0.69      0.3634     55.26 LEFT    2.6805E-04    -86.19  3.5306E-04    -44.40
   75.00     80.00     -3.45    -3.03    -0.23      0.4343     47.04 LEFT    2.7520E-04    -92.22  2.8890E-04    -45.20
   80.00     80.00     -4.37    -5.94    -2.08      0.4630     36.96 LEFT    2.4760E-04    -96.47  2.0657E-04    -45.66
   85.00     80.00     -7.83   -11.51    -6.28      0.4427     26.72 LEFT    1.6626E-04    -99.70  1.0879E-04    -45.82
   90.00     80.00   -999.99  -999.99  -999.99      0.0000      0.00         1.3280E-14   -282.70  6.5776E-15   -225.69
    0.00     85.00    -23.53    -2.37    -2.34      0.0000    -85.00 LINEAR  2.7267E-05   -187.06  3.1167E-04     -7.06
    5.00     85.00    -25.92    -2.28    -2.26      0.0309     86.68 RIGHT   2.0713E-05     20.72  3.1507E-04     -7.42
   10.00     85.00    -15.96    -2.16    -1.99      0.0647     79.04 RIGHT   6.5195E-05     10.11  3.1923E-04     -9.09
   15.00     85.00    -11.68    -2.01    -1.57      0.1007     72.63 RIGHT   1.0668E-04      7.71  3.2476E-04    -11.94
   20.00     85.00     -9.14    -1.81    -1.08      0.1362     67.77 RIGHT   1.4296E-04      5.82  3.3240E-04    -15.79
   25.00     85.00     -7.53    -1.54    -0.57      0.1666     64.57 RIGHT   1.7217E-04      3.48  3.4280E-04    -20.36
   30.00     85.00     -6.55    -1.21    -0.10      0.1867     62.96 RIGHT   1.9273E-04      0.21  3.5616E-04    -25.33
   35.00     85.00     -6.06    -0.84     0.30      0.1902     62.69 RIGHT   2.0373E-04     -4.52  3.7194E-04    -30.36
   40.00     85.00     -5.98    -0.45     0.62      0.1715     63.32 RIGHT   2.0563E-04    -11.39  3.8868E-04    -35.15
   45.00     85.00     -6.17    -0.12     0.84      0.1270     64.24 RIGHT   2.0121E-04    -21.26  4.0394E-04    -39.50
   50.00     85.00     -6.38     0.11     0.99      0.0575     64.81 RIGHT   1.9638E-04    -34.78  4.1454E-04    -43.30
   55.00     85.00     -6.26     0.15     1.05      0.0323     64.52 LEFT    1.9909E-04    -51.26  4.1681E-04    -46.50
   60.00     85.00     -5.62    -0.05     1.01      0.1352     62.97 LEFT    2.1434E-04    -67.89  4.0704E-04    -49.11
   65.00     85.00     -4.69    -0.61     0.82      0.2421     59.78 LEFT    2.3853E-04    -81.77  3.8196E-04    -51.18
   70.00     85.00     -3.93    -1.64     0.38      0.3414     54.52 LEFT    2.6049E-04    -92.00  3.3925E-04    -52.73
   75.00     85.00     -3.76    -3.37    -0.55      0.4171     46.83 LEFT    2.6575E-04    -99.17  2.7798E-04    -53.83
   80.00     85.00     -4.69    -6.27    -2.40      0.4515     37.13 LEFT    2.3855E-04   -104.19  1.9897E-04    -54.51
   85.00     85.00     -8.16   -11.83    -6.61      0.4360     27.03 LEFT    1.6008E-04   -107.86  1.0486E-04    -54.80
   90.00     85.00   -999.99  -999.99  -999.99      0.0000      0.00         1.2784E-14     69.01  6.3409E-15   -234.71
    0.00     90.00   -999.99    -2.34    -2.34      0.0000     90.00 LINEAR  1.5966E-15     -7.06  3.1286E-04     -7.06
    5.00     90.00    -18.83    -2.33    -2.24      0.0303     81.66 RIGHT   4.6849E-05      4.19  3.1311E-04     -7.75
   10.00     90.00    -12.97    -2.31    -1.95      0.0624     74.03 RIGHT   9.1976E-05      3.54  3.1407E-04     -9.79
   15.00     90.00     -9.73    -2.24    -1.53      0.0968     67.63 RIGHT   1.3360E-04      2.41  3.1629E-04    -13.11
   20.00     90.00     -7.64    -2.13    -1.05      0.1318     62.78 RIGHT   1.6986E-04      0.71  3.2056E-04    -17.55
   25.00     90.00     -6.27    -1.94    -0.57      0.1642     59.58 RIGHT   1.9889E-04     -1.71  3.2766E-04    -22.84
   30.00     90.00     -5.44    -1.67    -0.14      0.1891     58.02 RIGHT   2.1901E-04     -5.08  3.3801E-04    -28.65
   35.00     90.00     -5.04    -1.33     0.21      0.1999     57.94 RIGHT   2.2914E-04     -9.76  3.5129E-04    -34.60
   40.00     90.00     -5.03    -0.97     0.47      0.1895     58.98 RIGHT   2.2940E-04    -16.32  3.6623E-04    -40.32
   45.00     90.00     -5.32    -0.64     0.63      0.1525     60.52 RIGHT   2.2199E-04    -25.53  3.8051E-04    -45.56
   50.00     90.00     -5.72    -0.40     0.72      0.0877     61.82 RIGHT   2.1202E-04    -38.17  3.9097E-04    -50.16
   55.00     90.00     -5.92    -0.34     0.72      0.0008     62.25 LEFT    2.0726E-04    -54.17  3.9392E-04    -54.06
   60.00     90.00     -5.63    -0.52     0.65      0.1052     61.35 LEFT    2.1417E-04    -71.46  3.8562E-04    -57.27
   65.00     90.00     -4.95    -1.05     0.43      0.2155     58.75 LEFT    2.3161E-04    -86.83  3.6272E-04    -59.83
   70.00     90.00     -4.30    -2.07    -0.03      0.3196     54.01 LEFT    2.4954E-04    -98.60  3.2285E-04    -61.79
   75.00     90.00     -4.17    -3.78    -0.96      0.4011     46.77 LEFT    2.5344E-04   -106.95  2.6501E-04    -63.19
   80.00     90.00     -5.11    -6.67    -2.81      0.4415     37.35 LEFT    2.2732E-04   -112.75  1.8992E-04    -64.08
   85.00     90.00     -8.58   -12.23    -7.02      0.4306     27.32 LEFT    1.5258E-04   -116.85  1.0017E-04    -64.50
   90.00     90.00   -999.99  -999.99  -999.99      0.0000      0.00         1.2187E-14     59.87  6.0589E-15   -244.45
    0.00     95.00    -23.53    -2.37    -2.34      0.0000     85.00 LINEAR  2.7267E-05     -7.06  3.1167E-04     -7.06
    5.00     95.00    -14.92    -2.45    -2.21      0.0295     76.71 RIGHT   7.3484E-05     -0.57  3.0875E-04     -8.08
   10.00     95.00    -10.80    -2.52    -1.92      0.0599     69.14 RIGHT   1.1818E-04     -0.27  3.0642E-04    -10.51
   15.00     95.00     -8.20    -2.55    -1.51      0.0928     62.79 RIGHT   1.5930E-04     -1.36  3.0522E-04    -14.32
   20.00     95.00     -6.45    -2.53    -1.05      0.1277     57.94 RIGHT   1.9494E-04     -3.29  3.0598E-04    -19.39
   25.00     95.00     -5.27    -2.43    -0.61      0.1623     54.74 RIGHT   2.2314E-04     -6.01  3.0965E-04    -25.49
   30.00     95.00     -4.56    -2.23    -0.23      0.1924     53.22 RIGHT   2.4216E-04     -9.64  3.1690E-04    -32.25
   35.00     95.00     -4.26    -1.94     0.07      0.2113     53.31 RIGHT   2.5072E-04    -14.45  3.2770E-04    -39.23
   40.00     95.00     -4.33    -1.59     0.26      0.2106     54.75 RIGHT   2.4868E-04    -20.94  3.4096E-04    -46.00
   45.00     95.00     -4.72    -1.25     0.36      0.1821     56.96 RIGHT   2.3778E-04    -29.82  3.5447E-04    -52.22
   50.00     95.00     -5.30    -1.00     0.37      0.1222     59.08 RIGHT   2.2260E-04    -41.97  3.6507E-04    -57.68
   55.00     95.00     -5.77    -0.90     0.32      0.0340     60.31 RIGHT   2.1072E-04    -57.80  3.6902E-04    -62.32
   60.00     95.00     -5.81    -1.06     0.20      0.0735     60.11 LEFT    2.0989E-04    -75.86  3.6248E-04    -66.15
   65.00     95.00     -5.35    -1.56    -0.05      0.1893     58.07 LEFT    2.2125E-04    -92.84  3.4205E-04    -69.21
   70.00     95.00     -4.79    -2.55    -0.52      0.3001     53.79 LEFT    2.3594E-04   -106.23  3.0530E-04    -71.56
   75.00     95.00     -4.67    -4.25    -1.44      0.3887     46.88 LEFT    2.3927E-04   -115.80  2.5115E-04    -73.26
   80.00     95.00     -5.60    -7.13    -3.29      0.4354     37.61 LEFT    2.1490E-04   -122.37  1.8028E-04    -74.36
   85.00     95.00     -9.05   -12.68    -7.49      0.4285     27.55 LEFT    1.4445E-04   -126.90  9.5171E-05    -74.90
   90.00     95.00   -999.99  -999.99  -999.99      0.0000      0.00         1.1544E-14     49.69  5.7584E-15   -254.89
    0.00    100.00    -17.55    -2.47    -2.34      0.0000     80.00 LINEAR  5.4327E-05     -7.06  3.0811E-04     -7.06
    5.00    100.00    -12.28    -2.64    -2.20      0.0285     71.82 RIGHT   9.9569E-05     -2.92  3.0209E-04     -8.41
   10.00    100.00     -9.12    -2.80    -1.89      0.0572     64.36 RIGHT   1.4327E-04     -2.87  2.9651E-04    -11.24
   15.00    100.00     -6.98    -2.94    -1.50      0.0887     58.09 RIGHT   1.8331E-04     -4.30  2.9188E-04    -15.56
   20.00    100.00     -5.49    -3.02    -1.07      0.1237     53.28 RIGHT   2.1771E-04     -6.64  2.8912E-04    -21.32
   25.00    100.00     -4.48    -3.02    -0.68      0.1609     50.07 RIGHT   2.4445E-04     -9.76  2.8938E-04    -28.31
   30.00    100.00     -3.89    -2.89    -0.35      0.1966     48.56 RIGHT   2.6168E-04    -13.75  2.9363E-04    -36.15
   35.00    100.00     -3.68    -2.64    -0.12      0.2243     48.79 RIGHT   2.6801E-04    -18.83  3.0217E-04    -44.31
   40.00    100.00     -3.84    -2.30     0.00      0.2343     50.65 RIGHT   2.6308E-04    -25.42  3.1410E-04    -52.24
   45.00    100.00     -4.35    -1.95     0.03      0.2154     53.59 RIGHT   2.4831E-04    -34.22  3.2727E-04    -59.52
   50.00    100.00     -5.09    -1.66    -0.03      0.1602     56.66 RIGHT   2.2790E-04    -46.20  3.3845E-04    -65.90
   55.00    100.00     -5.83    -1.52    -0.15      0.0708     58.80 RIGHT   2.0941E-04    -62.17  3.4378E-04    -71.30
   60.00    100.00     -6.15    -1.63    -0.32      0.0425     59.32 LEFT    2.0176E-04    -81.27  3.3931E-04    -75.73
   65.00    100.00     -5.87    -2.10    -0.58      0.1665     57.81 LEFT    2.0824E-04   -100.06  3.2156E-04    -79.26
   70.00    100.00     -5.36    -3.06    -1.05      0.2861     53.88 LEFT    2.2097E-04   -115.18  2.8802E-04    -81.98
   75.00    100.00     -5.21    -4.73    -1.95      0.3831     47.14 LEFT    2.2474E-04   -125.96  2.3758E-04    -83.96
   80.00    100.00     -6.11    -7.59    -3.78      0.4358     37.80 LEFT    2.0271E-04   -133.26  1.7086E-04    -85.25
   85.00    100.00     -9.53   -13.13    -7.96      0.4314     27.57 LEFT    1.3667E-04   -138.16  9.0301E-05    -85.90
   90.00    100.00   -999.99  -999.99  -999.99      0.0000      0.00         1.0934E-14     38.31  5.4657E-15   -265.93
    0.00    105.00    -14.08    -2.64    -2.34      0.0000     75.00 LINEAR  8.0974E-05     -7.06  3.0220E-04     -7.06
    5.00    105.00    -10.32    -2.90    -2.18      0.0273     66.99 RIGHT   1.2478E-04     -4.40  2.9325E-04     -8.75
   10.00    105.00     -7.79    -3.16    -1.88      0.0543     59.69 RIGHT   1.6696E-04     -4.85  2.8455E-04    -11.98
   15.00    105.00     -6.00    -3.41    -1.50      0.0845     53.54 RIGHT   2.0535E-04     -6.74  2.7661E-04    -16.84
   20.00    105.00     -4.72    -3.60    -1.12      0.1198     48.77 RIGHT   2.3789E-04     -9.56  2.7045E-04    -23.35
   25.00    105.00     -3.86    -3.70    -0.77      0.1598     45.56 RIGHT   2.6252E-04    -13.17  2.6747E-04    -31.33
   30.00    105.00     -3.39    -3.65    -0.51      0.2013     44.06 RIGHT   2.7731E-04    -17.59  2.6902E-04    -40.37
   35.00    105.00     -3.28    -3.44    -0.35      0.2384     44.41 RIGHT   2.8080E-04    -23.03  2.7573E-04    -49.86
   40.00    105.00     -3.54    -3.09    -0.30      0.2602     46.69 RIGHT   2.7247E-04    -29.87  2.8690E-04    -59.08
   45.00    105.00     -4.16    -2.69    -0.36      0.2516     50.49 RIGHT   2.5356E-04    -38.81  3.0034E-04    -67.50
   50.00    105.00     -5.09    -2.34    -0.49      0.2004     54.67 RIGHT   2.2805E-04    -50.93  3.1265E-04    -74.80
   55.00    105.00     -6.07    -2.15    -0.67      0.1071     57.82 RIGHT   2.0366E-04    -67.40  3.1977E-04    -80.92
   60.00    105.00     -6.65    -2.21    -0.87      0.0156     59.05 LEFT    1.9052E-04    -87.93  3.1761E-04    -85.90
   65.00    105.00     -6.49    -2.63    -1.13      0.1510     57.96 LEFT    1.9393E-04   -108.82  3.0259E-04    -89.85
   70.00    105.00     -5.95    -3.55    -1.58      0.2818     54.21 LEFT    2.0646E-04   -125.72  2.7216E-04    -92.89
   75.00    105.00     -5.72    -5.19    -2.44      0.3878     47.37 LEFT    2.1187E-04   -137.58  2.2520E-04    -95.10
   80.00    105.00     -6.55    -8.04    -4.22      0.4450     37.68 LEFT    1.9256E-04   -145.47  1.6230E-04    -96.55
   85.00    105.00     -9.94   -13.57    -8.37      0.4399     27.11 LEFT    1.3042E-04   -150.66  8.5884E-05    -97.29
   90.00    105.00   -999.99  -999.99  -999.99      0.0000      0.00         1.0449E-14     25.73  5.2004E-15   -277.35
    0.00    110.00    -11.66    -2.88    -2.34      0.0000     70.00 LINEAR  1.0700E-04     -7.06  2.9399E-04     -7.06
    5.00    110.00     -8.79    -3.23    -2.16      0.0260     62.22 RIGHT   1.4892E-04     -5.46  2.8237E-04     -9.07
   10.00    110.00     -6.71    -3.59    -1.87      0.0513     55.13 RIGHT   1.8907E-04     -6.45  2.7079E-04    -12.71
   15.00    110.00     -5.19    -3.95    -1.52      0.0804     49.13 RIGHT   2.2524E-04     -8.86  2.5977E-04    -18.14
   20.00    110.00     -4.10    -4.27    -1.18      0.1161     44.43 RIGHT   2.5533E-04    -12.20  2.5047E-04    -25.45
   25.00    110.00     -3.39    -4.48    -0.89      0.1588     41.23 RIGHT   2.7724E-04    -16.34  2.4459E-04    -34.53
   30.00    110.00     -3.03    -4.50    -0.69      0.2064     39.73 RIGHT   2.8901E-04    -21.27  2.4389E-04    -44.95
   35.00    110.00     -3.02    -4.31    -0.61      0.2532     40.20 RIGHT   2.8912E-04    -27.17  2.4939E-04    -55.93
   40.00    110.00     -3.40    -3.93    -0.64      0.2875     42.93 RIGHT   2.7701E-04    -34.40  2.6053E-04    -66.55
   45.00    110.00     -4.16    -3.46    -0.78      0.2896     47.71 RIGHT   2.5382E-04    -43.69  2.7494E-04    -76.11
   50.00    110.00     -5.26    -3.03    -0.99      0.2405     53.19 RIGHT   2.2352E-04    -56.25  2.8892E-04    -84.28
   55.00    110.00     -6.48    -2.76    -1.22      0.1389     57.43 RIGHT   1.9418E-04    -73.68  2.9816E-04    -91.02
   60.00    110.00     -7.27    -2.75    -1.44      0.0022     59.27 RIGHT   1.7741E-04    -96.16  2.9839E-04    -96.46
   65.00    110.00     -7.13    -3.12    -1.67      0.1479     58.39 LEFT    1.8025E-04   -119.45  2.8599E-04   -100.74
   70.00    110.00     -6.46    -4.00    -2.05      0.2913     54.53 LEFT    1.9474E-04   -137.97  2.5839E-04   -104.01
   75.00    110.00     -6.10    -5.62    -2.84      0.4052     47.22 LEFT    2.0290E-04   -150.59  2.1449E-04   -106.39
   80.00    110.00     -6.84    -8.44    -4.56      0.4628     36.82 LEFT    1.8628E-04   -158.79  1.5492E-04   -107.96
   85.00    110.00    -10.18   -13.96    -8.66      0.4516     25.85 LEFT    1.2685E-04   -164.11  8.2078E-05   -108.77
   90.00    110.00   -999.99  -999.99  -999.99      0.0000      0.00         1.0181E-14     12.25  4.9721E-15   -288.86
    0.00    115.00     -9.82    -3.19    -2.34      0.0000     65.00 LINEAR  1.3222E-04     -7.06  2.8355E-04     -7.06
    5.00    115.00     -7.54    -3.63    -2.15      0.0246     57.51 RIGHT   1.7182E-04     -6.28  2.6959E-04     -9.39
   10.00    115.00     -5.82    -4.10    -1.87      0.0482     50.68 RIGHT   2.0947E-04     -7.82  2.5547E-04    -13.44
   15.00    115.00     -4.54    -4.58    -1.55      0.0762     44.86 RIGHT   2.4291E-04    -10.74  2.4172E-04    -19.46
   20.00    115.00     -3.62    -5.02    -1.25      0.1123     40.26 RIGHT   2.7000E-04    -14.65  2.2965E-04    -27.63
   25.00    115.00     -3.04    -5.34    -1.03      0.1578     37.09 RIGHT   2.8865E-04    -19.35  2.2133E-04    -37.94
   30.00    115.00     -2.79    -5.44    -0.91      0.2113     35.58 RIGHT   2.9689E-04    -24.86  2.1900E-04    -49.91
   35.00    115.00     -2.90    -5.24    -0.90      0.2680     36.17 RIGHT   2.9323E-04    -31.30  2.2405E-04    -62.52
   40.00    115.00     -3.39    -4.79    -1.02      0.3152     39.39 RIGHT   2.7710E-04    -39.07  2.3595E-04    -74.58
   45.00    115.00     -4.30    -4.22    -1.25      0.3276     45.33 RIGHT   2.4968E-04    -48.94  2.5199E-04    -85.22
   50.00    115.00     -5.59    -3.68    -1.52      0.2771     52.31 RIGHT   2.1511E-04    -62.31  2.6805E-04    -94.12
   55.00    115.00     -7.04    -3.32    -1.78      0.1612     57.58 RIGHT   1.8218E-04    -81.24  2.7951E-04   -101.34
   60.00    115.00     -7.93    -3.24    -1.97      0.0058     59.78 RIGHT   1.6427E-04   -106.32  2.8202E-04   -107.08
   65.00    115.00     -7.66    -3.56    -2.13      0.1612     58.80 LEFT    1.6964E-04   -132.06  2.7192E-04   -111.58
   70.00    115.00     -6.75    -4.40    -2.41      0.3166     54.42 LEFT    1.8824E-04   -151.65  2.4673E-04   -115.01
   75.00    115.00     -6.23    -5.99    -3.10      0.4342     46.16 LEFT    1.9980E-04   -164.47  2.0542E-04   -117.50
   80.00    115.00     -6.89    -8.80    -4.73      0.4843     34.76 LEFT    1.8530E-04   -172.63  1.4865E-04   -119.15
   85.00    115.00    -10.18   -14.31    -8.76      0.4603     23.57 LEFT    1.2679E-04   -177.89  7.8838E-05   -120.00
   90.00    115.00   -999.99  -999.99  -999.99      0.0000      0.00         1.0190E-14     -1.51  4.7774E-15     59.90
    0.00    120.00     -8.36    -3.59    -2.34      0.0000     60.00 LINEAR  1.5643E-04     -7.06  2.7094E-04     -7.06
    5.00    120.00     -6.52    -4.11    -2.14      0.0231     52.85 RIGHT   1.9334E-04     -6.96  2.5508E-04     -9.71
   10.00    120.00     -5.08    -4.68    -1.87      0.0450     46.32 RIGHT   2.2808E-04     -9.00  2.3884E-04    -14.16
   15.00    120.00     -4.00    -5.29    -1.59      0.0720     40.73 RIGHT   2.5834E-04    -12.46  2.2279E-04    -20.78
   20.00    120.00     -3.24    -5.87    -1.35      0.1084     36.26 RIGHT   2.8198E-04    -16.94  2.0845E-04    -29.89
   25.00    120.00     -2.79    -6.30    -1.19      0.1564     33.13 RIGHT   2.9692E-04    -22.25  1.9825E-04    -41.55
   30.00    120.00     -2.67    -6.45    -1.15      0.2156     31.65 RIGHT   3.0127E-04    -28.39  1.9499E-04    -55.23
   35.00    120.00     -2.89    -6.21    -1.23      0.2819     32.36 RIGHT   2.9357E-04    -35.48  2.0040E-04    -69.59
   40.00    120.00     -3.51    -5.65    -1.44      0.3418     36.13 RIGHT   2.7337E-04    -43.95  2.1379E-04    -83.05
   45.00    120.00     -4.57    -4.94    -1.74      0.3632     43.41 RIGHT   2.4199E-04    -54.64  2.3191E-04    -94.60
   50.00    120.00     -6.05    -4.28    -2.07      0.3054     52.02 RIGHT   2.0398E-04    -69.24  2.5016E-04   -104.02
   55.00    120.00     -7.67    -3.82    -2.33      0.1686     58.07 RIGHT   1.6927E-04    -90.38  2.6369E-04   -111.52
   60.00    120.00     -8.53    -3.68    -2.45      0.0087     60.22 LEFT    1.5345E-04   -118.59  2.6811E-04   -117.43
   65.00    120.00     -7.92    -3.95    -2.49      0.1921     58.70 LEFT    1.6460E-04   -146.23  2.5988E-04   -122.03
   70.00    120.00     -6.73    -4.76    -2.63      0.3556     53.33 LEFT    1.8874E-04   -165.89  2.3664E-04   -125.53
   75.00    120.00     -6.07    -6.34    -3.19      0.4681     43.64 LEFT    2.0359E-04   -178.28  1.9747E-04   -128.08
   80.00    120.00     -6.67    -9.13    -4.72      0.4998     31.28 LEFT    1.9008E-04   -186.10  1.4309E-04   -129.77
   85.00    120.00     -9.94   -14.64    -8.67      0.4580     20.47 LEFT    1.3040E-04   -191.17  7.5949E-05   -130.65
   90.00    120.00   -999.99  -999.99  -999.99      0.0000      0.00         1.0487E-14    -14.73  4.6033E-15     49.24
    0.00    125.00     -7.17    -4.07    -2.34      0.0000     55.00 LINEAR  1.7945E-04     -7.06  2.5628E-04     -7.06
    5.00    125.00     -5.66    -4.68    -2.13      0.0215     48.24 RIGHT   2.1339E-04     -7.53  2.3898E-04    -10.01
   10.00    125.00     -4.47    -5.35    -1.88      0.0417     42.07 RIGHT   2.4488E-04    -10.06  2.2112E-04    -14.87
   15.00    125.00     -3.57    -6.08    -1.63      0.0676     36.74 RIGHT   2.7161E-04    -14.04  2.0331E-04    -22.10
   20.00    125.00     -2.95    -6.80    -1.45      0.1042     32.44 RIGHT   2.9143E-04    -19.10  1.8726E-04    -32.20
   25.00    125.00     -2.64    -7.34    -1.37      0.1543     29.38 RIGHT   3.0235E-04    -25.06  1.7583E-04    -45.35
   30.00    125.00     -2.63    -7.52    -1.41      0.2186     27.93 RIGHT   3.0256E-04    -31.89  1.7237E-04    -60.90
   35.00    125.00     -2.98    -7.19    -1.58      0.2938     28.79 RIGHT   2.9076E-04    -39.74  1.7888E-04    -77.04
   40.00    125.00     -3.73    -6.48    -1.88      0.3657     33.17 RIGHT   2.6664E-04    -49.07  1.9426E-04    -91.74
   45.00    125.00     -4.94    -5.61    -2.26      0.3929     41.97 RIGHT   2.3183E-04    -60.88  2.1456E-04   -103.94
   50.00    125.00     -6.60    -4.83    -2.62      0.3205     52.13 RIGHT   1.9157E-04    -77.23  2.3475E-04   -113.63
   55.00    125.00     -8.30    -4.29    -2.84      0.1576     58.48 RIGHT   1.5751E-04   -101.29  2.4989E-04   -121.22
   60.00    125.00     -8.87    -4.09    -2.84      0.0415     60.09 LEFT    1.4746E-04   -132.65  2.5570E-04   -127.16
   65.00    125.00     -7.80    -4.33    -2.72      0.2374     57.59 LEFT    1.6681E-04   -160.85  2.4885E-04   -131.78
   70.00    125.00     -6.37    -5.12    -2.69      0.4005     50.72 LEFT    1.9660E-04   -179.53  2.2714E-04   -135.30
   75.00    125.00     -5.64    -6.68    -3.12      0.4951     39.36 LEFT    2.1383E-04   -191.08  1.8981E-04   -137.87
   80.00    125.00     -6.23    -9.47    -4.54      0.4993     26.78 LEFT    1.9997E-04   -198.42  1.3766E-04   -139.57
   85.00    125.00     -9.50   -14.97    -8.42      0.4408     17.12 LEFT    1.3717E-04   -203.25  7.3092E-05   -140.47
   90.00    125.00   -999.99  -999.99  -999.99      0.0000      0.00         1.1030E-14    -26.75  4.4309E-15     39.42
    0.00    130.00     -6.18    -4.65    -2.34      0.0000     50.00 LINEAR  2.0110E-04     -7.06  2.3966E-04     -7.06
    5.00    130.00     -4.94    -5.34    -2.13      0.0198     43.69 RIGHT   2.3186E-04     -8.02  2.2147E-04    -10.29
   10.00    130.00     -3.95    -6.12    -1.89      0.0384     37.91 RIGHT   2.5988E-04    -11.01  2.0253E-04    -15.54
   15.00    130.00     -3.22    -6.97    -1.69      0.0631     32.88 RIGHT   2.8281E-04    -15.50  1.8355E-04    -23.41
   20.00    130.00     -2.74    -7.82    -1.57      0.0995     28.78 RIGHT   2.9857E-04    -21.15  1.6642E-04    -34.54
   25.00    130.00     -2.55    -8.47    -1.56      0.1511     25.83 RIGHT   3.0528E-04    -27.78  1.5442E-04    -49.31
   30.00    130.00     -2.67    -8.64    -1.69      0.2196     24.46 RIGHT   3.0130E-04    -35.37  1.5145E-04    -66.84
   35.00    130.00     -3.13    -8.18    -1.95      0.3026     25.50 RIGHT   2.8550E-04    -44.09  1.5960E-04    -84.69
   40.00    130.00     -4.02    -7.28    -2.34      0.3845     30.54 RIGHT   2.5785E-04    -54.47  1.7710E-04   -100.35
   45.00    130.00     -5.38    -6.26    -2.79      0.4129     40.92 RIGHT   2.2042E-04    -67.73  1.9928E-04   -112.89
   50.00    130.00     -7.16    -5.36    -3.16      0.3189     52.25 RIGHT   1.7951E-04    -86.37  2.2084E-04   -122.62
   55.00    130.00     -8.78    -4.75    -3.30      0.1285     58.28 RIGHT   1.4909E-04   -113.88  2.3693E-04   -130.17
   60.00    130.00     -8.83    -4.51    -3.15      0.0882     58.93 LEFT    1.4812E-04   -147.42  2.4355E-04   -136.05
   65.00    130.00     -7.32    -4.73    -2.82      0.2891     55.03 LEFT    1.7627E-04   -174.51  2.3760E-04   -140.63
   70.00    130.00     -5.77    -5.51    -2.63      0.4396     46.29 LEFT    2.1065E-04   -191.63  2.1715E-04   -144.14
   75.00    130.00     -5.05    -7.06    -2.93      0.5030     33.75 LEFT    2.2903E-04   -202.26  1.8157E-04   -146.71
   80.00    130.00     -5.66    -9.85    -4.26      0.4791     22.12 LEFT    2.1355E-04   -209.14  1.3171E-04   -148.43
   85.00    130.00     -8.95   -15.35    -8.05      0.4104     14.09 LEFT    1.4616E-04   -213.76  6.9937E-05   -149.33
   90.00    130.00   -999.99  -999.99  -999.99      0.0000      0.00         1.1743E-14    -37.20  4.2391E-15     30.55
    0.00    135.00     -5.35    -5.35    -2.34      0.0000     45.00 LINEAR  2.2122E-04     -7.06  2.2122E-04     -7.06
    5.00    135.00     -4.33    -6.11    -2.12      0.0180     39.18 RIGHT   2.4869E-04     -8.45  2.0268E-04    -10.56
   10.00    135.00     -3.52    -6.98    -1.90      0.0349     33.84 RIGHT   2.7310E-04    -11.86  1.8328E-04    -16.19
   15.00    135.00     -2.94    -7.96    -1.75      0.0583     29.16 RIGHT   2.9209E-04    -16.85  1.6376E-04    -24.68
   20.00    135.00     -2.60    -8.95    -1.69      0.0941     25.29 RIGHT   3.0369E-04    -23.09  1.4619E-04    -36.90
   25.00    135.00     -2.53    -9.69    -1.76      0.1465     22.50 RIGHT   3.0616E-04    -30.42  1.3426E-04    -53.37
   30.00    135.00     -2.76    -9.81    -1.98      0.2179     21.24 RIGHT   2.9808E-04    -38.83  1.3234E-04    -72.94
   35.00    135.00     -3.35    -9.18    -2.34      0.3067     22.48 RIGHT   2.7858E-04    -48.52  1.4235E-04    -92.30
   40.00    135.00     -4.36    -8.07    -2.82      0.3959     28.20 RIGHT   2.4799E-04    -60.15  1.6168E-04   -108.58
   45.00    135.00     -5.84    -6.90    -3.33      0.4199     40.02 RIGHT   2.0905E-04    -75.19  1.8508E-04   -121.17
   50.00    135.00     -7.66    -5.92    -3.69      0.3000     51.87 RIGHT   1.6948E-04    -96.60  2.0721E-04   -130.77
   55.00    135.00     -8.97    -5.26    -3.72      0.0858     57.07 RIGHT   1.4581E-04   -127.45  2.2353E-04   -138.17
   60.00    135.00     -8.40    -5.00    -3.36      0.1415     56.42 LEFT    1.5568E-04   -161.36  2.3039E-04   -143.96
   65.00    135.00     -6.60    -5.20    -2.84      0.3366     50.80 LEFT    1.9145E-04   -186.27  2.2501E-04   -148.49
   70.00    135.00     -5.05    -5.98    -2.48      0.4603     40.29 LEFT    2.2887E-04   -201.80  2.0569E-04   -151.98
   75.00    135.00     -4.38    -7.54    -2.67      0.4869     27.83 LEFT    2.4721E-04   -211.65  1.7196E-04   -154.55
   80.00    135.00     -5.04   -10.33    -3.92      0.4430     18.03 LEFT    2.2920E-04   -218.17  1.2470E-04   -156.27
   85.00    135.00     -8.37   -15.83    -7.65      0.3719     11.60 LEFT    1.5632E-04   -222.66  6.6205E-05   -157.18
   90.00    135.00   -999.99  -999.99  -999.99      0.0000      0.00         1.2546E-14    -46.05  4.0130E-15     22.70
    0.00    140.00     -4.65    -6.18    -2.34      0.0000     40.00 LINEAR  2.3966E-04     -7.06  2.0110E-04     -7.06
    5.00    140.00     -3.82    -7.01    -2.12      0.0162     34.71 RIGHT   2.6383E-04     -8.82  1.8279E-04    -10.80
   10.00    140.00     -3.16    -7.97    -1.92      0.0314     29.85 RIGHT   2.8460E-04    -12.63  1.6353E-04    -16.79
   15.00    140.00     -2.71    -9.07    -1.81      0.0532     25.56 RIGHT   2.9964E-04    -18.09  1.4412E-04    -25.90
   20.00    140.00     -2.50   -10.19    -1.82      0.0878     21.98 RIGHT   3.0709E-04    -24.91  1.2675E-04    -39.22
   25.00    140.00     -2.55   -11.00    -1.97      0.1399     19.38 RIGHT   3.0544E-04    -32.96  1.1547E-04    -57.47
   30.00    140.00     -2.89   -11.04    -2.27      0.2126     18.26 RIGHT   2.9351E-04    -42.22  1.1493E-04    -79.02
   35.00    140.00     -3.59   -10.19    -2.73      0.3048     19.72 RIGHT   2.7078E-04    -53.00  1.2666E-04    -99.60
   40.00    140.00     -4.71    -8.89    -3.31      0.3972     26.04 RIGHT   2.3804E-04    -66.05  1.4716E-04   -116.14
   45.00    140.00     -6.27    -7.59    -3.87      0.4118     38.88 RIGHT   1.9888E-04    -83.16  1.7088E-04   -128.58
   50.00    140.00     -8.01    -6.55    -4.21      0.2671     50.55 RIGHT   1.6285E-04   -107.57  1.9272E-04   -137.95
   55.00    140.00     -8.82    -5.86    -4.08      0.0360     54.60 RIGHT   1.4838E-04   -140.81  2.0858E-04   -145.18
   60.00    140.00     -7.70    -5.59    -3.51      0.1925     52.45 LEFT    1.6872E-04   -173.34  2.1520E-04   -150.86
   65.00    140.00     -5.80    -5.79    -2.78      0.3691     45.01 LEFT    2.1012E-04   -195.85  2.1017E-04   -155.33
   70.00    140.00     -4.32    -6.58    -2.29      0.4555     33.59 LEFT    2.4912E-04   -210.08  1.9203E-04   -158.81
   75.00    140.00     -3.73    -8.14    -2.39      0.4508     22.51 LEFT    2.6654E-04   -219.37  1.6043E-04   -161.38
   80.00    140.00     -4.45   -10.94    -3.57      0.3976     14.69 LEFT    2.4545E-04   -225.66  1.1628E-04   -163.11
   85.00    140.00     -7.80   -16.44    -7.25      0.3297      9.60 LEFT    1.6676E-04   -230.06  6.1709E-05   -164.03
   90.00    140.00   -999.99  -999.99  -999.99      0.0000      0.00         1.3366E-14    -53.44  3.7400E-15     15.84
    0.00    145.00     -4.07    -7.17    -2.34      0.0000     35.00 LINEAR  2.5628E-04     -7.06  1.7945E-04     -7.06
    5.00    145.00     -3.39    -8.06    -2.11      0.0143     30.28 RIGHT   2.7724E-04     -9.15  1.6193E-04    -11.03
   10.00    145.00     -2.87    -9.11    -1.94      0.0278     25.94 RIGHT   2.9446E-04    -13.31  1.4343E-04    -17.35
   15.00    145.00     -2.54   -10.32    -1.87      0.0478     22.07 RIGHT   3.0566E-04    -19.21  1.2477E-04    -27.04
   20.00    145.00     -2.44   -11.56    -1.94      0.0806     18.82 RIGHT   3.0912E-04    -26.60  1.0823E-04    -41.47
   25.00    145.00     -2.60   -12.42    -2.17      0.1311     16.46 RIGHT   3.0358E-04    -35.36  9.8032E-05    -61.51
   30.00    145.00     -3.05   -12.34    -2.57      0.2029     15.52 RIGHT   2.8819E-04    -45.52  9.8958E-05    -84.90
   35.00    145.00     -3.85   -11.27    -3.13      0.2953     17.18 RIGHT   2.6282E-04    -57.44  1.1191E-04   -106.34
   40.00    145.00     -5.06    -9.79    -3.80      0.3866     23.91 RIGHT   2.2883E-04    -72.06  1.3267E-04   -122.86
   45.00    145.00     -6.63    -8.40    -4.42      0.3890     37.10 RIGHT   1.9086E-04    -91.40  1.5573E-04   -135.02
   50.00    145.00     -8.14    -7.31    -4.70      0.2253     48.03 RIGHT   1.6035E-04   -118.61  1.7646E-04   -144.13
   55.00    145.00     -8.38    -6.61    -4.40      0.0137     50.79 LEFT    1.5607E-04   -152.78  1.9127E-04   -151.18
   60.00    145.00     -6.90    -6.34    -3.60      0.2325     47.04 LEFT    1.8508E-04   -183.00  1.9732E-04   -156.76
   65.00    145.00     -5.01    -6.55    -2.70      0.3783     38.19 LEFT    2.3015E-04   -203.46  1.9255E-04   -161.20
   70.00    145.00     -3.63    -7.35    -2.09      0.4264     27.17 LEFT    2.6962E-04   -216.72  1.7575E-04   -164.67
   75.00    145.00     -3.13    -8.92    -2.11      0.4021     18.09 LEFT    2.8556E-04   -225.64  1.4670E-04   -167.25
   80.00    145.00     -3.91   -11.72    -3.24      0.3481     12.01 LEFT    2.6118E-04   -231.80  1.0624E-04   -169.00
   85.00    145.00     -7.30   -17.23    -6.88      0.2866      7.98 LEFT    1.7678E-04   -236.16  5.6354E-05   -169.93
   90.00    145.00   -999.99  -999.99  -999.99      0.0000      0.00         1.4152E-14    -59.53  3.4149E-15      9.94
    0.00    150.00     -3.59    -8.36    -2.34      0.0000     30.00 LINEAR  2.7094E-04     -7.06  1.5643E-04     -7.06
    5.00    150.00     -3.03    -9.31    -2.11      0.0123     25.89 RIGHT   2.8888E-04     -9.43  1.4024E-04    -11.23
   10.00    150.00     -2.62   -10.44    -1.96      0.0240     22.09 RIGHT   3.0276E-04    -13.91  1.2311E-04    -17.86
   15.00    150.00     -2.41   -11.75    -1.93      0.0420     18.70 RIGHT   3.1034E-04    -20.21  1.0582E-04    -28.10
   20.00    150.00     -2.42   -13.10    -2.06      0.0722     15.82 RIGHT   3.1010E-04    -28.14  9.0643E-05    -43.60
   25.00    150.00     -2.67   -13.99    -2.36      0.1197     13.73 RIGHT   3.0103E-04    -37.59  8.1849E-05    -65.37
   30.00    150.00     -3.22   -13.75    -2.85      0.1883     12.98 RIGHT   2.8266E-04    -48.65  8.4058E-05    -90.37
   35.00    150.00     -4.10   -12.47    -3.51      0.2771     14.79 RIGHT   2.5529E-04    -61.75  9.7466E-05   -112.32
   40.00    150.00     -5.36   -10.85    -4.28      0.3627     21.61 RIGHT   2.2096E-04    -77.99  1.1748E-04   -128.64
   45.00    150.00     -6.88    -9.39    -4.95      0.3535     34.41 RIGHT   1.8547E-04    -99.55  1.3895E-04   -140.46
   50.00    150.00     -8.07    -8.28    -5.16      0.1797     44.25 RIGHT   1.6180E-04   -128.94  1.5786E-04   -149.32
   55.00    150.00     -7.78    -7.58    -4.67      0.0566     45.68 LEFT    1.6716E-04   -162.71  1.7114E-04   -156.23
   60.00    150.00     -6.11    -7.32    -3.66      0.2540     40.50 LEFT    2.0261E-04   -190.54  1.7641E-04   -161.73
   65.00    150.00     -4.29    -7.54    -2.61      0.3620     31.15 LEFT    2.4983E-04   -209.41  1.7194E-04   -166.15
   70.00    150.00     -3.03    -8.34    -1.91      0.3799     21.58 LEFT    2.8904E-04   -222.01  1.5674E-04   -169.61
   75.00    150.00     -2.61    -9.92    -1.87      0.3472     14.48 LEFT    3.0322E-04   -230.69  1.3068E-04   -172.21
   80.00    150.00     -3.44   -12.73    -2.96      0.2972      9.78 LEFT    2.7560E-04   -236.79  9.4563E-05   -173.98
   85.00    150.00     -6.86   -18.24    -6.56      0.2437      6.60 LEFT    1.8589E-04   -241.14  5.0133E-05   -174.93
   90.00    150.00   -999.99  -999.99  -999.99      0.0000      0.00         1.4865E-14    -64.51  3.0372E-15      4.94
    0.00    155.00     -3.19    -9.82    -2.34      0.0000     25.00 LINEAR  2.8355E-04     -7.06  1.3222E-04     -7.06
    5.00    155.00     -2.74   -10.82    -2.11      0.0103     21.53 RIGHT   2.9875E-04     -9.67  1.1788E-04    -11.40
   10.00    155.00     -2.43   -12.02    -1.98      0.0202     18.31 RIGHT   3.0959E-04    -14.42  1.0265E-04    -18.30
   15.00    155.00     -2.31   -13.43    -1.99      0.0358     15.42 RIGHT   3.1390E-04    -21.09  8.7303E-05    -29.04
   20.00    155.00     -2.41   -14.87    -2.17      0.0626     12.95 RIGHT   3.1034E-04    -29.50  7.3965E-05    -45.55
   25.00    155.00     -2.76   -15.76    -2.54      0.1055     11.17 RIGHT   2.9819E-04    -39.60  6.6739E-05    -68.92
   30.00    155.00     -3.38   -15.36    -3.12      0.1683     10.62 RIGHT   2.7736E-04    -51.53  6.9832E-05    -95.25
   35.00    155.00     -4.33   -13.88    -3.88      0.2497     12.47 RIGHT   2.4865E-04    -65.79  8.2804E-05   -117.43
   40.00    155.00     -5.61   -12.15    -4.74      0.3257     18.97 RIGHT   2.1478E-04    -83.60  1.0108E-04   -133.44
   45.00    155.00     -7.01   -10.65    -5.45      0.3080     30.69 RIGHT   1.8269E-04   -107.15  1.2015E-04   -144.94
   50.00    155.00     -7.83    -9.53    -5.59      0.1351     39.22 RIGHT   1.6622E-04   -137.90  1.3666E-04   -153.59
   55.00    155.00     -7.15    -8.84    -4.90      0.0872     39.40 LEFT    1.7970E-04   -170.52  1.4808E-04   -160.37
   60.00    155.00     -5.41    -8.58    -3.70      0.2527     33.30 LEFT    2.1961E-04   -196.30  1.5246E-04   -165.83
   65.00    155.00     -3.69    -8.82    -2.52      0.3241     24.54 LEFT    2.6793E-04   -214.01  1.4839E-04   -170.23
   70.00    155.00     -2.52    -9.63    -1.75      0.3233     16.85 LEFT    3.0646E-04   -226.16  1.3509E-04   -173.70
   75.00    155.00     -2.18   -11.22    -1.67      0.2897     11.45 LEFT    3.1880E-04   -234.71  1.1251E-04   -176.32
   80.00    155.00     -3.05   -14.04    -2.72      0.2464      7.86 LEFT    2.8820E-04   -240.79  8.1341E-05   -178.11
   85.00    155.00     -6.50   -19.56    -6.29      0.2016      5.37 LEFT    1.9381E-04   -245.15  4.3101E-05   -179.07
   90.00    155.00   -999.99  -999.99  -999.99      0.0000      0.00         1.5484E-14    -68.53  2.6108E-15      0.79
    0.00    160.00     -2.88   -11.66    -2.34      0.0000     20.00 LINEAR  2.9399E-04     -7.06  1.0700E-04     -7.06
    5.00    160.00     -2.51   -12.70    -2.11      0.0083     17.19 RIGHT   3.0683E-04     -9.86  9.4951E-05    -11.54
   10.00    160.00     -2.28   -13.96    -1.99      0.0163     14.59 RIGHT   3.1504E-04    -14.84  8.2134E-05    -18.67
   15.00    160.00     -2.24   -15.44    -2.03      0.0292     12.23 RIGHT   3.1653E-04    -21.82  6.9217E-05    -29.85
   20.00    160.00     -2.41   -16.96    -2.27      0.0518     10.21 RIGHT   3.1012E-04    -30.67  5.8109E-05    -47.25
   25.00    160.00     -2.84   -17.84    -2.70      0.0886      8.76 RIGHT   2.9541E-04    -41.35  5.2487E-05    -72.03
   30.00    160.00     -3.53   -17.29    -3.35      0.1428      8.38 RIGHT   2.7266E-04    -54.07  5.5929E-05    -99.38
   35.00    160.00     -4.53   -15.65    -4.20      0.2131     10.13 RIGHT   2.4317E-04    -69.40  6.7563E-05   -121.60
   40.00    160.00     -5.79   -13.84    -5.16      0.2765     15.90 RIGHT   2.1033E-04    -88.64  8.3243E-05   -137.29
   45.00    160.00     -7.04   -12.31    -5.91      0.2549     25.95 RIGHT   1.8203E-04   -113.80  9.9247E-05   -148.51
   50.00    160.00     -7.52   -11.19    -5.97      0.0948     33.02 RIGHT   1.7221E-04   -145.16  1.1291E-04   -156.98
   55.00    160.00     -6.58   -10.50    -5.10      0.1010     32.21 LEFT    1.9197E-04   -176.43  1.2223E-04   -163.68
   60.00    160.00     -4.83   -10.26    -3.74      0.2289     25.99 LEFT    2.3483E-04   -200.61  1.2568E-04   -169.10
   65.00    160.00     -3.19   -10.51    -2.45      0.2711     18.63 LEFT    2.8360E-04   -217.52  1.2216E-04   -173.49
   70.00    160.00     -2.11   -11.33    -1.62      0.2614     12.81 LEFT    3.2125E-04   -229.37  1.1108E-04   -176.99
   75.00    160.00     -1.83   -12.93    -1.50      0.2314      8.82 LEFT    3.3187E-04   -237.84  9.2412E-05   -179.63
   80.00    160.00     -2.74   -15.75    -2.53      0.1961      6.13 LEFT    2.9868E-04   -243.93  6.6763E-05   -181.43
   85.00    160.00     -6.21   -21.28    -6.08      0.1602      4.23 LEFT    2.0036E-04   -248.30  3.5359E-05   -182.41
   90.00    160.00   -999.99  -999.99  -999.99      0.0000      0.00         1.5994E-14    -71.69  2.1416E-15     -2.55
    0.00    165.00     -2.64   -14.08    -2.34      0.0000     15.00 LINEAR  3.0220E-04     -7.06  8.0974E-05     -7.06
    5.00    165.00     -2.33   -15.15    -2.11      0.0063     12.87 RIGHT   3.1312E-04    -10.01  7.1587E-05    -11.66
   10.00    165.00     -2.16   -16.46    -2.01      0.0123     10.90 RIGHT   3.1919E-04    -15.17  6.1591E-05    -18.96
   15.00    165.00     -2.19   -18.01    -2.07      0.0222      9.11 RIGHT   3.1838E-04    -22.40  5.1525E-05    -30.51
   20.00    165.00     -2.43   -19.59    -2.34      0.0400      7.56 RIGHT   3.0970E-04    -31.60  4.2947E-05    -48.65
   25.00    165.00     -2.91   -20.45    -2.83      0.0691      6.46 RIGHT   2.9297E-04    -42.78  3.8874E-05    -74.59
   30.00    165.00     -3.66   -19.76    -3.55      0.1123      6.23 RIGHT   2.6881E-04    -56.17  4.2090E-05   -102.67
   35.00    165.00     -4.68   -18.00    -4.48      0.1680      7.72 RIGHT   2.3896E-04    -72.41  5.1580E-05   -124.83
   40.00    165.00     -5.91   -16.13    -5.51      0.2170     12.38 RIGHT   2.0741E-04    -92.83  6.3953E-05   -140.23
   45.00    165.00     -7.01   -14.59    -6.31      0.1961     20.32 RIGHT   1.8272E-04   -119.17  7.6379E-05   -151.22
   50.00    165.00     -7.22   -13.47    -6.29      0.0611     25.80 RIGHT   1.7840E-04   -150.66  8.6875E-05   -159.56
   55.00    165.00     -6.11   -12.79    -5.26      0.0965     24.41 LEFT    2.0267E-04   -180.71  9.3958E-05   -166.19
   60.00    165.00     -4.38   -12.56    -3.76      0.1864     18.96 LEFT    2.4741E-04   -203.74  9.6494E-05   -171.59
   65.00    165.00     -2.81   -12.81    -2.40      0.2088     13.39 LEFT    2.9624E-04   -220.10  9.3680E-05   -175.99
   70.00    165.00     -1.80   -13.65    -1.52      0.1970      9.25 LEFT    3.3302E-04   -231.76  8.5091E-05   -179.50
   75.00    165.00     -1.56   -15.25    -1.38      0.1732      6.44 LEFT    3.4217E-04   -240.19  7.0730E-05   -182.16
   80.00    165.00     -2.51   -18.08    -2.39      0.1464      4.52 LEFT    3.0688E-04   -246.28  5.1066E-05   -183.98
   85.00    165.00     -5.99   -23.61    -5.92      0.1196      3.14 LEFT    2.0546E-04   -250.68  2.7035E-05   -184.97
   90.00    165.00   -999.99  -999.99  -999.99      0.0000      0.00         1.6392E-14    -74.08  1.6371E-15     -5.12
    0.00    170.00     -2.47   -17.55    -2.34      0.0000     10.00 LINEAR  3.0811E-04     -7.06  5.4327E-05     -7.06
    5.00    170.00     -2.21   -18.64    -2.11      0.0042      8.57 RIGHT   3.1761E-04    -10.11  4.7901E-05    -11.74
   10.00    170.00     -2.09   -19.98    -2.02      0.0082      7.25 RIGHT   3.2210E-04    -15.41  4.1051E-05    -19.18
   15.00    170.00     -2.15   -21.58    -2.10      0.0150      6.04 RIGHT   3.1960E-04    -22.83  3.4158E-05    -30.99
   20.00    170.00     -2.44   -23.20    -2.40      0.0272      5.00 RIGHT   3.0925E-04    -32.29  2.8325E-05    -49.69
   25.00    170.00     -2.97   -24.05    -2.93      0.0474      4.26 RIGHT   2.9108E-04    -43.84  2.5697E-05    -76.49
   30.00    170.00     -3.75   -23.25    -3.70      0.0775      4.13 RIGHT   2.6598E-04    -57.74  2.8169E-05   -105.06
   35.00    170.00     -4.79   -21.40    -4.69      0.1161      5.22 RIGHT   2.3602E-04    -74.69  3.4868E-05   -127.11
   40.00    170.00     -5.98   -19.49    -5.79      0.1493      8.48 RIGHT   2.0569E-04    -95.98  4.3407E-05   -142.29
   45.00    170.00     -6.95   -17.94    -6.62      0.1332     13.97 RIGHT   1.8394E-04   -123.07  5.1887E-05   -153.12
   50.00    170.00     -6.97   -16.83    -6.54      0.0350     17.71 RIGHT   1.8364E-04   -154.47  5.8995E-05   -161.37
   55.00    170.00     -5.76   -16.16    -5.38      0.0750     16.33 LEFT    2.1090E-04   -183.59  6.3753E-05   -167.96
   60.00    170.00     -4.06   -15.93    -3.78      0.1308     12.34 LEFT    2.5675E-04   -205.87  6.5412E-05   -173.35
   65.00    170.00     -2.55   -16.20    -2.36      0.1414      8.66 LEFT    3.0549E-04   -221.86  6.3447E-05   -177.75
   70.00    170.00     -1.58   -17.04    -1.45      0.1317      6.01 LEFT    3.4155E-04   -233.40  5.7584E-05   -181.27
   75.00    170.00     -1.37   -18.65    -1.29      0.1153      4.22 LEFT    3.4958E-04   -241.82  4.7834E-05   -183.95
   80.00    170.00     -2.34   -21.48    -2.29      0.0973      2.98 LEFT    3.1275E-04   -247.93  3.4518E-05   -185.79
   85.00    170.00     -5.84   -27.01    -5.81      0.0794      2.08 LEFT    2.0910E-04   -252.34  1.8269E-05   -186.78
   90.00    170.00   -999.99  -999.99  -999.99      0.0000      0.00         1.6675E-14    -75.74  1.1062E-15     -6.94
    0.00    175.00     -2.37   -23.53    -2.34      0.0000      5.00 LINEAR  3.1167E-04     -7.06  2.7267E-05     -7.06
    5.00    175.00     -2.13   -24.64    -2.11      0.0021      4.28 RIGHT   3.2030E-04    -10.18  2.4003E-05    -11.79
   10.00    175.00     -2.04   -26.00    -2.02      0.0041      3.62 RIGHT   3.2382E-04    -15.55  2.0522E-05    -19.31
   15.00    175.00     -2.13   -27.63    -2.12      0.0076      3.01 RIGHT   3.2030E-04    -23.08  1.7019E-05    -31.28
   20.00    175.00     -2.45   -29.28    -2.44      0.0138      2.49 RIGHT   3.0893E-04    -32.71  1.4070E-05    -50.33
   25.00    175.00     -3.00   -30.11    -2.99      0.0241      2.12 RIGHT   2.8989E-04    -44.49  1.2786E-05    -77.66
   30.00    175.00     -3.81   -29.25    -3.79      0.0395      2.06 RIGHT   2.6424E-04    -58.72  1.4126E-05   -106.50
   35.00    175.00     -4.85   -27.34    -4.83      0.0593      2.63 RIGHT   2.3431E-04    -76.10  1.7588E-05   -128.47
   40.00    175.00     -6.02   -25.42    -5.97      0.0761      4.31 RIGHT   2.0483E-04    -97.93  2.1944E-05   -143.51
   45.00    175.00     -6.90   -23.87    -6.82      0.0673      7.12 RIGHT   1.8497E-04   -125.44  2.6242E-05   -154.25
   50.00    175.00     -6.80   -22.75    -6.70      0.0156      9.02 RIGHT   1.8710E-04   -156.71  2.9828E-05   -162.45
   55.00    175.00     -5.55   -22.08    -5.46      0.0409      8.16 LEFT    2.1606E-04   -185.26  3.2216E-05   -169.01
   60.00    175.00     -3.86   -21.87    -3.80      0.0672      6.07 LEFT    2.6249E-04   -207.10  3.3035E-05   -174.39
   65.00    175.00     -2.39   -22.14    -2.34      0.0712      4.25 LEFT    3.1112E-04   -222.90  3.2024E-05   -178.80
   70.00    175.00     -1.45   -22.98    -1.42      0.0659      2.96 LEFT    3.4671E-04   -234.37  2.9050E-05   -182.33
   75.00    175.00     -1.26   -24.60    -1.24      0.0576      2.09 LEFT    3.5405E-04   -242.78  2.4122E-05   -185.02
   80.00    175.00     -2.24   -27.43    -2.23      0.0486      1.48 LEFT    3.1627E-04   -248.90  1.7402E-05   -186.86
   85.00    175.00     -5.75   -32.96    -5.74      0.0396      1.04 LEFT    2.1128E-04   -253.33  9.2084E-06   -187.87
   90.00    175.00   -999.99  -999.99  -999.99      0.0000      0.00         1.6844E-14    -76.73  5.5754E-16     -8.02
    0.00    180.00     -2.34  -999.99    -2.34      0.0000     -0.00 LINEAR  3.1286E-04     -7.06  3.1933E-15   -187.06
    5.00    180.00     -2.11  -999.99    -2.11      0.0000     -0.00 LINEAR  3.2120E-04    -10.20  2.8095E-15   -191.80
   10.00    180.00     -2.02  -999.99    -2.02      0.0000     -0.00 LINEAR  3.2439E-04    -15.60  2.4001E-15   -199.35
   15.00    180.00     -2.13  -999.99    -2.13      0.0000     -0.00 LINEAR  3.2052E-04    -23.17  1.9883E-15   -211.38
   20.00    180.00     -2.45  -999.99    -2.45      0.0000     -0.00 LINEAR  3.0881E-04    -32.85  1.6420E-15   -230.55
   25.00    180.00     -3.01  -999.99    -3.01      0.0000     -0.00 LINEAR  2.8948E-04    -44.71  1.4932E-15   -258.05
   30.00    180.00     -3.82  -999.99    -3.82      0.0000     -0.00 LINEAR  2.6366E-04    -59.05  1.6540E-15   -286.98
   35.00    180.00     -4.87  -999.99    -4.87      0.0000     -0.00 LINEAR  2.3374E-04    -76.58  2.0634E-15     51.08
   40.00    180.00     -6.03  -999.99    -6.03      0.0000     -0.00 LINEAR  2.0457E-04    -98.58  2.5762E-15     36.08
   45.00    180.00     -6.88  -999.99    -6.88      0.0000     -0.00 LINEAR  1.8537E-04   -126.23  3.0811E-15     25.38
   50.00    180.00     -6.75  -999.99    -6.75      0.0000     -0.00 LINEAR  1.8831E-04   -157.44  3.5018E-15     17.20
   55.00    180.00     -5.48  -999.99    -5.48      0.0000     -0.00 LINEAR  2.1782E-04   -185.81  3.7814E-15     10.64
   60.00    180.00     -3.80  -999.99    -3.80      0.0000     -0.00 LINEAR  2.6442E-04   -207.50  3.8767E-15      5.26
   65.00    180.00     -2.33  -999.99    -2.33      0.0000     -0.00 LINEAR  3.1300E-04   -223.24  3.7573E-15      0.85
   70.00    180.00     -1.40  -999.99    -1.40      0.0000     -0.00 LINEAR  3.4844E-04   -234.69  3.4078E-15     -2.68
   75.00    180.00     -1.23  -999.99    -1.23      0.0000     -0.00 LINEAR  3.5553E-04   -243.10  2.8293E-15     -5.37
   80.00    180.00     -2.21  -999.99    -2.21      0.0000     -0.00 LINEAR  3.1744E-04   -249.22  2.0409E-15     -7.22
   85.00    180.00     -5.72  -999.99    -5.72      0.0000     -0.00 LINEAR  2.1201E-04   -253.65  1.0799E-15     -8.23
   90.00    180.00   -999.99  -999.99  -999.99      0.0000      0.00         1.6900E-14    -77.06  6.5385E-26   -188.38
    0.00    185.00     -2.37   -23.53    -2.34      0.0000     -5.00 LINEAR  3.1167E-04     -7.06  2.7267E-05   -187.06
    5.00    185.00     -2.13   -24.64    -2.11      0.0021     -4.28 LEFT    3.2030E-04    -10.18  2.4003E-05   -191.79
   10.00    185.00     -2.04   -26.00    -2.02      0.0041     -3.62 LEFT    3.2382E-04    -15.55  2.0522E-05   -199.31
   15.00    185.00     -2.13   -27.63    -2.12      0.0076     -3.01 LEFT    3.2030E-04    -23.08  1.7019E-05   -211.28
   20.00    185.00     -2.45   -29.28    -2.44      0.0138     -2.49 LEFT    3.0893E-04    -32.71  1.4070E-05   -230.33
   25.00    185.00     -3.00   -30.11    -2.99      0.0241     -2.12 LEFT    2.8989E-04    -44.49  1.2786E-05   -257.66
   30.00    185.00     -3.81   -29.25    -3.79      0.0395     -2.06 LEFT    2.6424E-04    -58.72  1.4126E-05   -286.50
   35.00    185.00     -4.85   -27.34    -4.83      0.0593     -2.63 LEFT    2.3431E-04    -76.10  1.7588E-05     51.53
   40.00    185.00     -6.02   -25.42    -5.97      0.0761     -4.31 LEFT    2.0483E-04    -97.93  2.1944E-05     36.49
   45.00    185.00     -6.90   -23.87    -6.82      0.0673     -7.12 LEFT    1.8497E-04   -125.44  2.6242E-05     25.75
   50.00    185.00     -6.80   -22.75    -6.70      0.0156     -9.02 LEFT    1.8710E-04   -156.71  2.9828E-05     17.55
   55.00    185.00     -5.55   -22.08    -5.46      0.0409     -8.16 RIGHT   2.1606E-04   -185.26  3.2216E-05     10.99
   60.00    185.00     -3.86   -21.87    -3.80      0.0672     -6.07 RIGHT   2.6249E-04   -207.10  3.3035E-05      5.61
   65.00    185.00     -2.39   -22.14    -2.34      0.0712     -4.25 RIGHT   3.1112E-04   -222.90  3.2024E-05      1.20
   70.00    185.00     -1.45   -22.98    -1.42      0.0659     -2.96 RIGHT   3.4671E-04   -234.37  2.9050E-05     -2.33
   75.00    185.00     -1.26   -24.60    -1.24      0.0576     -2.09 RIGHT   3.5405E-04   -242.78  2.4122E-05     -5.02
   80.00    185.00     -2.24   -27.43    -2.23      0.0486     -1.48 RIGHT   3.1627E-04   -248.90  1.7402E-05     -6.86
   85.00    185.00     -5.75   -32.96    -5.74      0.0396     -1.04 RIGHT   2.1128E-04   -253.33  9.2084E-06     -7.87
   90.00    185.00   -999.99  -999.99  -999.99      0.0000      0.00         1.6844E-14    -76.73  5.5753E-16   -188.03
    0.00    190.00     -2.47   -17.55    -2.34      0.0000    -10.00 LINEAR  3.0811E-04     -7.06  5.4327E-05   -187.06
    5.00    190.00     -2.21   -18.64    -2.11      0.0042     -8.57 LEFT    3.1761E-04    -10.11  4.7901E-05   -191.74
   10.00    190.00     -2.09   -19.98    -2.02      0.0082     -7.25 LEFT    3.2210E-04    -15.41  4.1051E-05   -199.18
   15.00    190.00     -2.15   -21.58    -2.10      0.0150     -6.04 LEFT    3.1960E-04    -22.83  3.4158E-05   -210.99
   20.00    190.00     -2.44   -23.20    -2.40      0.0272     -5.00 LEFT    3.0925E-04    -32.29  2.8325E-05   -229.69
   25.00    190.00     -2.97   -24.05    -2.93      0.0474     -4.26 LEFT    2.9108E-04    -43.84  2.5697E-05   -256.49
   30.00    190.00     -3.75   -23.25    -3.70      0.0775     -4.13 LEFT    2.6598E-04    -57.74  2.8169E-05   -285.06
   35.00    190.00     -4.79   -21.40    -4.69      0.1161     -5.22 LEFT    2.3602E-04    -74.69  3.4868E-05     52.89
   40.00    190.00     -5.98   -19.49    -5.79      0.1493     -8.48 LEFT    2.0569E-04    -95.98  4.3407E-05     37.71
   45.00    190.00     -6.95   -17.94    -6.62      0.1332    -13.97 LEFT    1.8394E-04   -123.07  5.1887E-05     26.88
   50.00    190.00     -6.97   -16.83    -6.54      0.0350    -17.71 LEFT    1.8364E-04   -154.47  5.8995E-05     18.63
   55.00    190.00     -5.76   -16.16    -5.38      0.0750    -16.33 RIGHT   2.1090E-04   -183.59  6.3753E-05     12.04
   60.00    190.00     -4.06   -15.93    -3.78      0.1308    -12.34 RIGHT   2.5675E-04   -205.87  6.5412E-05      6.65
   65.00    190.00     -2.55   -16.20    -2.36      0.1414     -8.66 RIGHT   3.0549E-04   -221.86  6.3447E-05      2.25
   70.00    190.00     -1.58   -17.04    -1.45      0.1317     -6.01 RIGHT   3.4155E-04   -233.40  5.7584E-05     -1.27
   75.00    190.00     -1.37   -18.65    -1.29      0.1153     -4.22 RIGHT   3.4958E-04   -241.82  4.7834E-05     -3.95
   80.00    190.00     -2.34   -21.48    -2.29      0.0973     -2.98 RIGHT   3.1275E-04   -247.93  3.4518E-05     -5.79
   85.00    190.00     -5.84   -27.01    -5.81      0.0794     -2.08 RIGHT   2.0910E-04   -252.34  1.8269E-05     -6.78
   90.00    190.00   -999.99  -999.99  -999.99      0.0000      0.00         1.6675E-14    -75.74  1.1062E-15   -186.94
    0.00    195.00     -2.64   -14.08    -2.34      0.0000    -15.00 LINEAR  3.0220E-04     -7.06  8.0974E-05   -187.06
    5.00    195.00     -2.33   -15.15    -2.11      0.0063    -12.87 LEFT    3.1312E-04    -10.01  7.1587E-05   -191.66
   10.00    195.00     -2.16   -16.46    -2.01      0.0123    -10.90 LEFT    3.1919E-04    -15.17  6.1591E-05   -198.96
   15.00    195.00     -2.19   -18.01    -2.07      0.0222     -9.11 LEFT    3.1838E-04    -22.40  5.1525E-05   -210.51
   20.00    195.00     -2.43   -19.59    -2.34      0.0400     -7.56 LEFT    3.0970E-04    -31.60  4.2947E-05   -228.65
   25.00    195.00     -2.91   -20.45    -2.83      0.0691     -6.46 LEFT    2.9297E-04    -42.78  3.8874E-05   -254.59
   30.00    195.00     -3.66   -19.76    -3.55      0.1123     -6.23 LEFT    2.6881E-04    -56.17  4.2090E-05   -282.67
   35.00    195.00     -4.68   -18.00    -4.48      0.1680     -7.72 LEFT    2.3896E-04    -72.41  5.1580E-05     55.17
   40.00    195.00     -5.91   -16.13    -5.51      0.2170    -12.38 LEFT    2.0741E-04    -92.83  6.3953E-05     39.77
   45.00    195.00     -7.01   -14.59    -6.31      0.1961    -20.32 LEFT    1.8272E-04   -119.17  7.6379E-05     28.78
   50.00    195.00     -7.22   -13.47    -6.29      0.0611    -25.80 LEFT    1.7840E-04   -150.66  8.6875E-05     20.44
   55.00    195.00     -6.11   -12.79    -5.26      0.0965    -24.41 RIGHT   2.0267E-04   -180.71  9.3958E-05     13.81
   60.00    195.00     -4.38   -12.56    -3.76      0.1864    -18.96 RIGHT   2.4741E-04   -203.74  9.6494E-05      8.41
   65.00    195.00     -2.81   -12.81    -2.40      0.2088    -13.39 RIGHT   2.9624E-04   -220.10  9.3680E-05      4.01
   70.00    195.00     -1.80   -13.65    -1.52      0.1970     -9.25 RIGHT   3.3302E-04   -231.76  8.5091E-05      0.50
   75.00    195.00     -1.56   -15.25    -1.38      0.1732     -6.44 RIGHT   3.4217E-04   -240.19  7.0730E-05     -2.16
   80.00    195.00     -2.51   -18.08    -2.39      0.1464     -4.52 RIGHT   3.0688E-04   -246.28  5.1066E-05     -3.98
   85.00    195.00     -5.99   -23.61    -5.92      0.1196     -3.14 RIGHT   2.0546E-04   -250.68  2.7035E-05     -4.97
   90.00    195.00   -999.99  -999.99  -999.99      0.0000      0.00         1.6392E-14    -74.08  1.6371E-15   -185.12
    0.00    200.00     -2.88   -11.66    -2.34      0.0000    -20.00 LINEAR  2.9399E-04     -7.06  1.0700E-04   -187.06
    5.00    200.00     -2.51   -12.70    -2.11      0.0083    -17.19 LEFT    3.0683E-04     -9.86  9.4951E-05   -191.54
   10.00    200.00     -2.28   -13.96    -1.99      0.0163    -14.59 LEFT    3.1504E-04    -14.84  8.2134E-05   -198.67
   15.00    200.00     -2.24   -15.44    -2.03      0.0292    -12.23 LEFT    3.1653E-04    -21.82  6.9217E-05   -209.85
   20.00    200.00     -2.41   -16.96    -2.27      0.0518    -10.21 LEFT    3.1012E-04    -30.67  5.8109E-05   -227.25
   25.00    200.00     -2.84   -17.84    -2.70      0.0886     -8.76 LEFT    2.9541E-04    -41.35  5.2487E-05   -252.03
   30.00    200.00     -3.53   -17.29    -3.35      0.1428     -8.38 LEFT    2.7266E-04    -54.07  5.5929E-05   -279.38
   35.00    200.00     -4.53   -15.65    -4.20      0.2131    -10.13 LEFT    2.4317E-04    -69.40  6.7563E-05     58.40
   40.00    200.00     -5.79   -13.84    -5.16      0.2765    -15.90 LEFT    2.1033E-04    -88.64  8.3243E-05     42.71
   45.00    200.00     -7.04   -12.31    -5.91      0.2549    -25.95 LEFT    1.8203E-04   -113.80  9.9247E-05     31.49
   50.00    200.00     -7.52   -11.19    -5.97      0.0948    -33.02 LEFT    1.7221E-04   -145.16  1.1291E-04     23.02
   55.00    200.00     -6.58   -10.50    -5.10      0.1010    -32.21 RIGHT   1.9197E-04   -176.43  1.2223E-04     16.32
   60.00    200.00     -4.83   -10.26    -3.74      0.2289    -25.99 RIGHT   2.3483E-04   -200.61  1.2568E-04     10.90
   65.00    200.00     -3.19   -10.51    -2.45      0.2711    -18.63 RIGHT   2.8360E-04   -217.52  1.2216E-04      6.51
   70.00    200.00     -2.11   -11.33    -1.62      0.2614    -12.81 RIGHT   3.2125E-04   -229.37  1.1108E-04      3.01
   75.00    200.00     -1.83   -12.93    -1.50      0.2314     -8.82 RIGHT   3.3187E-04   -237.84  9.2412E-05      0.37
   80.00    200.00     -2.74   -15.75    -2.53      0.1961     -6.13 RIGHT   2.9868E-04   -243.93  6.6763E-05     -1.43
   85.00    200.00     -6.21   -21.28    -6.08      0.1602     -4.23 RIGHT   2.0036E-04   -248.30  3.5359E-05     -2.41
   90.00    200.00   -999.99  -999.99  -999.99      0.0000      0.00         1.5994E-14    -71.69  2.1415E-15   -182.55
    0.00    205.00     -3.19    -9.82    -2.34      0.0000    -25.00 LINEAR  2.8355E-04     -7.06  1.3222E-04   -187.06
    5.00    205.00     -2.74   -10.82    -2.11      0.0103    -21.53 LEFT    2.9875E-04     -9.67  1.1788E-04   -191.40
   10.00    205.00     -2.43   -12.02    -1.98      0.0202    -18.31 LEFT    3.0959E-04    -14.42  1.0265E-04   -198.30
   15.00    205.00     -2.31   -13.43    -1.99      0.0358    -15.42 LEFT    3.1390E-04    -21.09  8.7303E-05   -209.04
   20.00    205.00     -2.41   -14.87    -2.17      0.0626    -12.95 LEFT    3.1034E-04    -29.50  7.3965E-05   -225.55
   25.00    205.00     -2.76   -15.76    -2.54      0.1055    -11.17 LEFT    2.9819E-04    -39.60  6.6739E-05   -248.92
   30.00    205.00     -3.38   -15.36    -3.12      0.1683    -10.62 LEFT    2.7736E-04    -51.53  6.9832E-05   -275.25
   35.00    205.00     -4.33   -13.88    -3.88      0.2497    -12.47 LEFT    2.4865E-04    -65.79  8.2804E-05     62.57
   40.00    205.00     -5.61   -12.15    -4.74      0.3257    -18.97 LEFT    2.1478E-04    -83.60  1.0108E-04     46.56
   45.00    205.00     -7.01   -10.65    -5.45      0.3080    -30.69 LEFT    1.8269E-04   -107.15  1.2015E-04     35.06
   50.00    205.00     -7.83    -9.53    -5.59      0.1351    -39.22 LEFT    1.6622E-04   -137.90  1.3666E-04     26.41
   55.00    205.00     -7.15    -8.84    -4.90      0.0872    -39.40 RIGHT   1.7970E-04   -170.52  1.4808E-04     19.63
   60.00    205.00     -5.41    -8.58    -3.70      0.2527    -33.30 RIGHT   2.1961E-04   -196.30  1.5246E-04     14.17
   65.00    205.00     -3.69    -8.82    -2.52      0.3241    -24.54 RIGHT   2.6793E-04   -214.01  1.4839E-04      9.77
   70.00    205.00     -2.52    -9.63    -1.75      0.3233    -16.85 RIGHT   3.0646E-04   -226.16  1.3509E-04      6.30
   75.00    205.00     -2.18   -11.22    -1.67      0.2897    -11.45 RIGHT   3.1880E-04   -234.71  1.1251E-04      3.68
   80.00    205.00     -3.05   -14.04    -2.72      0.2464     -7.86 RIGHT   2.8820E-04   -240.79  8.1341E-05      1.89
   85.00    205.00     -6.50   -19.56    -6.29      0.2016     -5.37 RIGHT   1.9381E-04   -245.15  4.3101E-05      0.93
   90.00    205.00   -999.99  -999.99  -999.99      0.0000      0.00         1.5483E-14    -68.53  2.6108E-15   -179.21
    0.00    210.00     -3.59    -8.36    -2.34      0.0000    -30.00 LINEAR  2.7094E-04     -7.06  1.5643E-04   -187.06
    5.00    210.00     -3.03    -9.31    -2.11      0.0123    -25.89 LEFT    2.8888E-04     -9.43  1.4024E-04   -191.23
   10.00    210.00     -2.62   -10.44    -1.96      0.0240    -22.09 LEFT    3.0276E-04    -13.91  1.2311E-04   -197.86
   15.00    210.00     -2.41   -11.75    -1.93      0.0420    -18.70 LEFT    3.1034E-04    -20.21  1.0582E-04   -208.10
   20.00    210.00     -2.42   -13.10    -2.06      0.0722    -15.82 LEFT    3.1010E-04    -28.14  9.0643E-05   -223.60
   25.00    210.00     -2.67   -13.99    -2.36      0.1197    -13.73 LEFT    3.0103E-04    -37.59  8.1849E-05   -245.37
   30.00    210.00     -3.22   -13.75    -2.85      0.1883    -12.98 LEFT    2.8266E-04    -48.65  8.4058E-05   -270.37
   35.00    210.00     -4.10   -12.47    -3.51      0.2771    -14.79 LEFT    2.5529E-04    -61.75  9.7466E-05     67.68
   40.00    210.00     -5.36   -10.85    -4.28      0.3627    -21.61 LEFT    2.2096E-04    -77.99  1.1748E-04     51.36
   45.00    210.00     -6.88    -9.39    -4.95      0.3535    -34.41 LEFT    1.8547E-04    -99.55  1.3895E-04     39.54
   50.00    210.00     -8.07    -8.28    -5.16      0.1797    -44.25 LEFT    1.6180E-04   -128.94  1.5786E-04     30.68
   55.00    210.00     -7.78    -7.58    -4.67      0.0566    -45.68 RIGHT   1.6716E-04   -162.71  1.7114E-04     23.77
   60.00    210.00     -6.11    -7.32    -3.66      0.2540    -40.50 RIGHT   2.0261E-04   -190.54  1.7641E-04     18.27
   65.00    210.00     -4.29    -7.54    -2.61      0.3620    -31.15 RIGHT   2.4983E-04   -209.41  1.7194E-04     13.85
   70.00    210.00     -3.03    -8.34    -1.91      0.3799    -21.58 RIGHT   2.8904E-04   -222.01  1.5674E-04     10.39
   75.00    210.00     -2.61    -9.92    -1.87      0.3472    -14.48 RIGHT   3.0322E-04   -230.69  1.3068E-04      7.79
   80.00    210.00     -3.44   -12.73    -2.96      0.2972     -9.78 RIGHT   2.7560E-04   -236.79  9.4563E-05      6.02
   85.00    210.00     -6.86   -18.24    -6.56      0.2437     -6.60 RIGHT   1.8589E-04   -241.14  5.0133E-05      5.07
   90.00    210.00   -999.99  -999.99  -999.99      0.0000      0.00         1.4865E-14    -64.51  3.0373E-15   -175.06
    0.00    215.00     -4.07    -7.17    -2.34      0.0000    -35.00 LINEAR  2.5628E-04     -7.06  1.7945E-04   -187.06
    5.00    215.00     -3.39    -8.06    -2.11      0.0143    -30.28 LEFT    2.7724E-04     -9.15  1.6193E-04   -191.03
   10.00    215.00     -2.87    -9.11    -1.94      0.0278    -25.94 LEFT    2.9446E-04    -13.31  1.4343E-04   -197.35
   15.00    215.00     -2.54   -10.32    -1.87      0.0478    -22.07 LEFT    3.0566E-04    -19.21  1.2477E-04   -207.04
   20.00    215.00     -2.44   -11.56    -1.94      0.0806    -18.82 LEFT    3.0912E-04    -26.60  1.0823E-04   -221.47
   25.00    215.00     -2.60   -12.42    -2.17      0.1311    -16.46 LEFT    3.0358E-04    -35.36  9.8032E-05   -241.51
   30.00    215.00     -3.05   -12.34    -2.57      0.2029    -15.52 LEFT    2.8819E-04    -45.52  9.8958E-05   -264.90
   35.00    215.00     -3.85   -11.27    -3.13      0.2953    -17.18 LEFT    2.6282E-04    -57.44  1.1191E-04   -286.34
   40.00    215.00     -5.06    -9.79    -3.80      0.3866    -23.91 LEFT    2.2883E-04    -72.06  1.3267E-04     57.14
   45.00    215.00     -6.63    -8.40    -4.42      0.3890    -37.10 LEFT    1.9086E-04    -91.40  1.5573E-04     44.98
   50.00    215.00     -8.14    -7.31    -4.70      0.2253    -48.03 LEFT    1.6035E-04   -118.61  1.7646E-04     35.87
   55.00    215.00     -8.38    -6.61    -4.40      0.0137    -50.79 RIGHT   1.5607E-04   -152.78  1.9127E-04     28.82
   60.00    215.00     -6.90    -6.34    -3.60      0.2325    -47.04 RIGHT   1.8508E-04   -183.00  1.9732E-04     23.24
   65.00    215.00     -5.01    -6.55    -2.70      0.3783    -38.19 RIGHT   2.3015E-04   -203.46  1.9255E-04     18.80
   70.00    215.00     -3.63    -7.35    -2.09      0.4264    -27.17 RIGHT   2.6962E-04   -216.72  1.7575E-04     15.33
   75.00    215.00     -3.13    -8.92    -2.11      0.4021    -18.09 RIGHT   2.8556E-04   -225.64  1.4670E-04     12.75
   80.00    215.00     -3.91   -11.72    -3.24      0.3481    -12.01 RIGHT   2.6118E-04   -231.80  1.0624E-04     11.00
   85.00    215.00     -7.30   -17.23    -6.88      0.2866     -7.98 RIGHT   1.7678E-04   -236.16  5.6354E-05     10.07
   90.00    215.00   -999.99  -999.99  -999.99      0.0000      0.00         1.4152E-14    -59.53  3.4149E-15   -170.06
    0.00    220.00     -4.65    -6.18    -2.34      0.0000    -40.00 LINEAR  2.3966E-04     -7.06  2.0110E-04   -187.06
    5.00    220.00     -3.82    -7.01    -2.12      0.0162    -34.71 LEFT    2.6383E-04     -8.82  1.8279E-04   -190.80
   10.00    220.00     -3.16    -7.97    -1.92      0.0314    -29.85 LEFT    2.8460E-04    -12.63  1.6353E-04   -196.79
   15.00    220.00     -2.71    -9.07    -1.81      0.0532    -25.56 LEFT    2.9964E-04    -18.09  1.4412E-04   -205.90
   20.00    220.00     -2.50   -10.19    -1.82      0.0878    -21.98 LEFT    3.0709E-04    -24.91  1.2675E-04   -219.22
   25.00    220.00     -2.55   -11.00    -1.97      0.1399    -19.38 LEFT    3.0544E-04    -32.96  1.1547E-04   -237.47
   30.00    220.00     -2.89   -11.04    -2.27      0.2126    -18.26 LEFT    2.9351E-04    -42.22  1.1493E-04   -259.02
   35.00    220.00     -3.59   -10.19    -2.73      0.3048    -19.72 LEFT    2.7078E-04    -53.00  1.2666E-04   -279.60
   40.00    220.00     -4.71    -8.89    -3.31      0.3972    -26.04 LEFT    2.3804E-04    -66.05  1.4716E-04     63.86
   45.00    220.00     -6.27    -7.59    -3.87      0.4118    -38.88 LEFT    1.9888E-04    -83.16  1.7088E-04     51.42
   50.00    220.00     -8.01    -6.55    -4.21      0.2671    -50.55 LEFT    1.6285E-04   -107.57  1.9272E-04     42.05
   55.00    220.00     -8.82    -5.86    -4.08      0.0360    -54.60 LEFT    1.4838E-04   -140.81  2.0858E-04     34.82
   60.00    220.00     -7.70    -5.59    -3.51      0.1925    -52.45 RIGHT   1.6872E-04   -173.34  2.1520E-04     29.14
   65.00    220.00     -5.80    -5.79    -2.78      0.3691    -45.01 RIGHT   2.1012E-04   -195.85  2.1017E-04     24.67
   70.00    220.00     -4.32    -6.58    -2.29      0.4555    -33.59 RIGHT   2.4912E-04   -210.08  1.9203E-04     21.19
   75.00    220.00     -3.73    -8.14    -2.39      0.4508    -22.51 RIGHT   2.6654E-04   -219.37  1.6043E-04     18.62
   80.00    220.00     -4.45   -10.94    -3.57      0.3976    -14.69 RIGHT   2.4545E-04   -225.66  1.1628E-04     16.89
   85.00    220.00     -7.80   -16.44    -7.25      0.3297     -9.60 RIGHT   1.6676E-04   -230.06  6.1709E-05     15.97
   90.00    220.00   -999.99  -999.99  -999.99      0.0000      0.00         1.3366E-14    -53.44  3.7398E-15   -164.16
    0.00    225.00     -5.35    -5.35    -2.34      0.0000    -45.00 LINEAR  2.2122E-04     -7.06  2.2122E-04   -187.06
    5.00    225.00     -4.33    -6.11    -2.12      0.0180    -39.18 LEFT    2.4869E-04     -8.45  2.0268E-04   -190.56
   10.00    225.00     -3.52    -6.98    -1.90      0.0349    -33.84 LEFT    2.7310E-04    -11.86  1.8328E-04   -196.19
   15.00    225.00     -2.94    -7.96    -1.75      0.0583    -29.16 LEFT    2.9209E-04    -16.85  1.6376E-04   -204.68
   20.00    225.00     -2.60    -8.95    -1.69      0.0941    -25.29 LEFT    3.0369E-04    -23.09  1.4619E-04   -216.90
   25.00    225.00     -2.53    -9.69    -1.76      0.1465    -22.50 LEFT    3.0616E-04    -30.42  1.3426E-04   -233.37
   30.00    225.00     -2.76    -9.81    -1.98      0.2179    -21.24 LEFT    2.9808E-04    -38.83  1.3234E-04   -252.94
   35.00    225.00     -3.35    -9.18    -2.34      0.3067    -22.48 LEFT    2.7858E-04    -48.52  1.4235E-04   -272.30
   40.00    225.00     -4.36    -8.07    -2.82      0.3959    -28.20 LEFT    2.4799E-04    -60.15  1.6168E-04   -288.58
   45.00    225.00     -5.84    -6.90    -3.33      0.4199    -40.02 LEFT    2.0905E-04    -75.19  1.8508E-04     58.83
   50.00    225.00     -7.66    -5.92    -3.69      0.3000    -51.87 LEFT    1.6948E-04    -96.60  2.0721E-04     49.23
   55.00    225.00     -8.97    -5.26    -3.72      0.0858    -57.07 LEFT    1.4581E-04   -127.45  2.2353E-04     41.83
   60.00    225.00     -8.40    -5.00    -3.36      0.1415    -56.42 RIGHT   1.5568E-04   -161.36  2.3039E-04     36.04
   65.00    225.00     -6.60    -5.20    -2.84      0.3366    -50.80 RIGHT   1.9145E-04   -186.27  2.2501E-04     31.51
   70.00    225.00     -5.05    -5.98    -2.48      0.4603    -40.29 RIGHT   2.2887E-04   -201.80  2.0569E-04     28.02
   75.00    225.00     -4.38    -7.54    -2.67      0.4869    -27.83 RIGHT   2.4721E-04   -211.65  1.7196E-04     25.45
   80.00    225.00     -5.04   -10.33    -3.92      0.4430    -18.03 RIGHT   2.2920E-04   -218.17  1.2470E-04     23.73
   85.00    225.00     -8.37   -15.83    -7.65      0.3719    -11.60 RIGHT   1.5632E-04   -222.66  6.6205E-05     22.82
   90.00    225.00   -999.99  -999.99  -999.99      0.0000      0.00         1.2546E-14    -46.05  4.0131E-15   -157.30
    0.00    230.00     -6.18    -4.65    -2.34      0.0000    -50.00 LINEAR  2.0110E-04     -7.06  2.3966E-04   -187.06
    5.00    230.00     -4.94    -5.34    -2.13      0.0198    -43.69 LEFT    2.3186E-04     -8.02  2.2147E-04   -190.29
   10.00    230.00     -3.95    -6.12    -1.89      0.0384    -37.91 LEFT    2.5988E-04    -11.01  2.0253E-04   -195.54
   15.00    230.00     -3.22    -6.97    -1.69      0.0631    -32.88 LEFT    2.8281E-04    -15.50  1.8355E-04   -203.41
   20.00    230.00     -2.74    -7.82    -1.57      0.0995    -28.78 LEFT    2.9857E-04    -21.15  1.6642E-04   -214.54
   25.00    230.00     -2.55    -8.47    -1.56      0.1511    -25.83 LEFT    3.0528E-04    -27.78  1.5442E-04   -229.31
   30.00    230.00     -2.67    -8.64    -1.69      0.2196    -24.46 LEFT    3.0130E-04    -35.37  1.5145E-04   -246.84
   35.00    230.00     -3.13    -8.18    -1.95      0.3026    -25.50 LEFT    2.8550E-04    -44.09  1.5960E-04   -264.69
   40.00    230.00     -4.02    -7.28    -2.34      0.3845    -30.54 LEFT    2.5785E-04    -54.47  1.7710E-04   -280.35
   45.00    230.00     -5.38    -6.26    -2.79      0.4129    -40.92 LEFT    2.2042E-04    -67.73  1.9928E-04     67.11
   50.00    230.00     -7.16    -5.36    -3.16      0.3189    -52.25 LEFT    1.7951E-04    -86.37  2.2084E-04     57.38
   55.00    230.00     -8.78    -4.75    -3.30      0.1285    -58.28 LEFT    1.4909E-04   -113.88  2.3693E-04     49.83
   60.00    230.00     -8.83    -4.51    -3.15      0.0882    -58.93 RIGHT   1.4812E-04   -147.42  2.4355E-04     43.95
   65.00    230.00     -7.32    -4.73    -2.82      0.2891    -55.03 RIGHT   1.7627E-04   -174.51  2.3760E-04     39.37
   70.00    230.00     -5.77    -5.51    -2.63      0.4396    -46.29 RIGHT   2.1065E-04   -191.63  2.1715E-04     35.86
   75.00    230.00     -5.05    -7.06    -2.93      0.5030    -33.75 RIGHT   2.2903E-04   -202.26  1.8157E-04     33.29
   80.00    230.00     -5.66    -9.85    -4.26      0.4791    -22.12 RIGHT   2.1355E-04   -209.14  1.3171E-04     31.57
   85.00    230.00     -8.95   -15.35    -8.05      0.4104    -14.09 RIGHT   1.4616E-04   -213.76  6.9937E-05     30.67
   90.00    230.00   -999.99  -999.99  -999.99      0.0000      0.00         1.1743E-14    -37.20  4.2394E-15   -149.45
    0.00    235.00     -7.17    -4.07    -2.34      0.0000    -55.00 LINEAR  1.7945E-04     -7.06  2.5628E-04   -187.06
    5.00    235.00     -5.66    -4.68    -2.13      0.0215    -48.24 LEFT    2.1339E-04     -7.53  2.3898E-04   -190.01
   10.00    235.00     -4.47    -5.35    -1.88      0.0417    -42.07 LEFT    2.4488E-04    -10.06  2.2112E-04   -194.87
   15.00    235.00     -3.57    -6.08    -1.63      0.0676    -36.74 LEFT    2.7161E-04    -14.04  2.0331E-04   -202.10
   20.00    235.00     -2.95    -6.80    -1.45      0.1042    -32.44 LEFT    2.9143E-04    -19.10  1.8726E-04   -212.20
   25.00    235.00     -2.64    -7.34    -1.37      0.1543    -29.38 LEFT    3.0235E-04    -25.06  1.7583E-04   -225.35
   30.00    235.00     -2.63    -7.52    -1.41      0.2186    -27.93 LEFT    3.0256E-04    -31.89  1.7237E-04   -240.90
   35.00    235.00     -2.98    -7.19    -1.58      0.2938    -28.79 LEFT    2.9076E-04    -39.74  1.7888E-04   -257.04
   40.00    235.00     -3.73    -6.48    -1.88      0.3657    -33.17 LEFT    2.6664E-04    -49.07  1.9426E-04   -271.74
   45.00    235.00     -4.94    -5.61    -2.26      0.3929    -41.97 LEFT    2.3183E-04    -60.88  2.1456E-04   -283.94
   50.00    235.00     -6.60    -4.83    -2.62      0.3205    -52.13 LEFT    1.9157E-04    -77.23  2.3475E-04     66.37
   55.00    235.00     -8.30    -4.29    -2.84      0.1576    -58.48 LEFT    1.5751E-04   -101.29  2.4989E-04     58.78
   60.00    235.00     -8.87    -4.09    -2.84      0.0415    -60.09 RIGHT   1.4746E-04   -132.65  2.5570E-04     52.84
   65.00    235.00     -7.80    -4.33    -2.72      0.2374    -57.59 RIGHT   1.6681E-04   -160.85  2.4885E-04     48.22
   70.00    235.00     -6.37    -5.12    -2.69      0.4005    -50.72 RIGHT   1.9660E-04   -179.53  2.2714E-04     44.70
   75.00    235.00     -5.64    -6.68    -3.12      0.4951    -39.36 RIGHT   2.1383E-04   -191.08  1.8981E-04     42.13
   80.00    235.00     -6.23    -9.47    -4.54      0.4993    -26.78 RIGHT   1.9997E-04   -198.42  1.3766E-04     40.43
   85.00    235.00     -9.50   -14.97    -8.42      0.4408    -17.12 RIGHT   1.3717E-04   -203.25  7.3092E-05     39.53
   90.00    235.00   -999.99  -999.99  -999.99      0.0000      0.00         1.1030E-14    -26.75  4.4304E-15   -140.59
    0.00    240.00     -8.36    -3.59    -2.34      0.0000    -60.00 LINEAR  1.5643E-04     -7.06  2.7094E-04   -187.06
    5.00    240.00     -6.52    -4.11    -2.14      0.0231    -52.85 LEFT    1.9334E-04     -6.96  2.5508E-04   -189.71
   10.00    240.00     -5.08    -4.68    -1.87      0.0450    -46.32 LEFT    2.2808E-04     -9.00  2.3884E-04   -194.16
   15.00    240.00     -4.00    -5.29    -1.59      0.0720    -40.73 LEFT    2.5834E-04    -12.46  2.2279E-04   -200.78
   20.00    240.00     -3.24    -5.87    -1.35      0.1084    -36.26 LEFT    2.8198E-04    -16.94  2.0845E-04   -209.89
   25.00    240.00     -2.79    -6.30    -1.19      0.1564    -33.13 LEFT    2.9692E-04    -22.25  1.9825E-04   -221.55
   30.00    240.00     -2.67    -6.45    -1.15      0.2156    -31.65 LEFT    3.0127E-04    -28.39  1.9499E-04   -235.23
   35.00    240.00     -2.89    -6.21    -1.23      0.2819    -32.36 LEFT    2.9357E-04    -35.48  2.0040E-04   -249.59
   40.00    240.00     -3.51    -5.65    -1.44      0.3418    -36.13 LEFT    2.7337E-04    -43.95  2.1379E-04   -263.05
   45.00    240.00     -4.57    -4.94    -1.74      0.3632    -43.41 LEFT    2.4199E-04    -54.64  2.3191E-04   -274.60
   50.00    240.00     -6.05    -4.28    -2.07      0.3054    -52.02 LEFT    2.0398E-04    -69.24  2.5016E-04   -284.02
   55.00    240.00     -7.67    -3.82    -2.33      0.1686    -58.07 LEFT    1.6927E-04    -90.38  2.6369E-04     68.48
   60.00    240.00     -8.53    -3.68    -2.45      0.0087    -60.22 RIGHT   1.5345E-04   -118.59  2.6811E-04     62.57
   65.00    240.00     -7.92    -3.95    -2.49      0.1921    -58.70 RIGHT   1.6460E-04   -146.23  2.5988E-04     57.97
   70.00    240.00     -6.73    -4.76    -2.63      0.3556    -53.33 RIGHT   1.8874E-04   -165.89  2.3664E-04     54.47
   75.00    240.00     -6.07    -6.34    -3.19      0.4681    -43.64 RIGHT   2.0359E-04   -178.28  1.9747E-04     51.92
   80.00    240.00     -6.67    -9.13    -4.72      0.4998    -31.28 RIGHT   1.9008E-04   -186.10  1.4309E-04     50.23
   85.00    240.00     -9.94   -14.64    -8.67      0.4580    -20.47 RIGHT   1.3040E-04   -191.17  7.5949E-05     49.35
   90.00    240.00   -999.99  -999.99  -999.99      0.0000      0.00         1.0487E-14    -14.73  4.6034E-15   -130.76
    0.00    245.00     -9.82    -3.19    -2.34      0.0000    -65.00 LINEAR  1.3222E-04     -7.06  2.8355E-04   -187.06
    5.00    245.00     -7.54    -3.63    -2.15      0.0246    -57.51 LEFT    1.7182E-04     -6.28  2.6959E-04   -189.39
   10.00    245.00     -5.82    -4.10    -1.87      0.0482    -50.68 LEFT    2.0947E-04     -7.82  2.5547E-04   -193.44
   15.00    245.00     -4.54    -4.58    -1.55      0.0762    -44.86 LEFT    2.4291E-04    -10.74  2.4172E-04   -199.46
   20.00    245.00     -3.62    -5.02    -1.25      0.1123    -40.26 LEFT    2.7000E-04    -14.65  2.2965E-04   -207.63
   25.00    245.00     -3.04    -5.34    -1.03      0.1578    -37.09 LEFT    2.8865E-04    -19.35  2.2133E-04   -217.94
   30.00    245.00     -2.79    -5.44    -0.91      0.2113    -35.58 LEFT    2.9689E-04    -24.86  2.1900E-04   -229.91
   35.00    245.00     -2.90    -5.24    -0.90      0.2680    -36.17 LEFT    2.9323E-04    -31.30  2.2405E-04   -242.52
   40.00    245.00     -3.39    -4.79    -1.02      0.3152    -39.39 LEFT    2.7710E-04    -39.07  2.3595E-04   -254.58
   45.00    245.00     -4.30    -4.22    -1.25      0.3276    -45.33 LEFT    2.4968E-04    -48.94  2.5199E-04   -265.22
   50.00    245.00     -5.59    -3.68    -1.52      0.2771    -52.31 LEFT    2.1511E-04    -62.31  2.6805E-04   -274.12
   55.00    245.00     -7.04    -3.32    -1.78      0.1612    -57.58 LEFT    1.8218E-04    -81.24  2.7951E-04   -281.34
   60.00    245.00     -7.93    -3.24    -1.97      0.0058    -59.78 LEFT    1.6427E-04   -106.32  2.8202E-04   -287.08
   65.00    245.00     -7.66    -3.56    -2.13      0.1612    -58.80 RIGHT   1.6964E-04   -132.06  2.7192E-04     68.42
   70.00    245.00     -6.75    -4.40    -2.41      0.3166    -54.42 RIGHT   1.8824E-04   -151.65  2.4673E-04     64.99
   75.00    245.00     -6.23    -5.99    -3.10      0.4342    -46.16 RIGHT   1.9980E-04   -164.47  2.0542E-04     62.50
   80.00    245.00     -6.89    -8.80    -4.73      0.4843    -34.76 RIGHT   1.8530E-04   -172.63  1.4865E-04     60.85
   85.00    245.00    -10.18   -14.31    -8.76      0.4603    -23.57 RIGHT   1.2679E-04   -177.89  7.8838E-05     60.00
   90.00    245.00   -999.99  -999.99  -999.99      0.0000      0.00         1.0190E-14     -1.51  4.7773E-15   -120.10
    0.00    250.00    -11.66    -2.88    -2.34      0.0000    -70.00 LINEAR  1.0700E-04     -7.06  2.9399E-04   -187.06
    5.00    250.00     -8.79    -3.23    -2.16      0.0260    -62.22 LEFT    1.4892E-04     -5.46  2.8237E-04   -189.07
   10.00    250.00     -6.71    -3.59    -1.87      0.0513    -55.13 LEFT    1.8907E-04     -6.45  2.7079E-04   -192.71
   15.00    250.00     -5.19    -3.95    -1.52      0.0804    -49.13 LEFT    2.2524E-04     -8.86  2.5977E-04   -198.14
   20.00    250.00     -4.10    -4.27    -1.18      0.1161    -44.43 LEFT    2.5533E-04    -12.20  2.5047E-04   -205.45
   25.00    250.00     -3.39    -4.48    -0.89      0.1588    -41.23 LEFT    2.7724E-04    -16.34  2.4459E-04   -214.53
   30.00    250.00     -3.03    -4.50    -0.69      0.2064    -39.73 LEFT    2.8901E-04    -21.27  2.4389E-04   -224.95
   35.00    250.00     -3.02    -4.31    -0.61      0.2532    -40.20 LEFT    2.8912E-04    -27.17  2.4939E-04   -235.93
   40.00    250.00     -3.40    -3.93    -0.64      0.2875    -42.93 LEFT    2.7701E-04    -34.40  2.6053E-04   -246.55
   45.00    250.00     -4.16    -3.46    -0.78      0.2896    -47.71 LEFT    2.5382E-04    -43.69  2.7494E-04   -256.11
   50.00    250.00     -5.26    -3.03    -0.99      0.2405    -53.19 LEFT    2.2352E-04    -56.25  2.8892E-04   -264.28
   55.00    250.00     -6.48    -2.76    -1.22      0.1389    -57.43 LEFT    1.9418E-04    -73.68  2.9816E-04   -271.02
   60.00    250.00     -7.27    -2.75    -1.44      0.0022    -59.27 LEFT    1.7741E-04    -96.16  2.9839E-04   -276.46
   65.00    250.00     -7.13    -3.12    -1.67      0.1479    -58.39 RIGHT   1.8025E-04   -119.45  2.8599E-04   -280.74
   70.00    250.00     -6.46    -4.00    -2.05      0.2913    -54.53 RIGHT   1.9474E-04   -137.97  2.5839E-04   -284.01
   75.00    250.00     -6.10    -5.62    -2.84      0.4052    -47.22 RIGHT   2.0290E-04   -150.59  2.1449E-04   -286.39
   80.00    250.00     -6.84    -8.44    -4.56      0.4628    -36.82 RIGHT   1.8628E-04   -158.79  1.5492E-04   -287.96
   85.00    250.00    -10.18   -13.96    -8.66      0.4516    -25.85 RIGHT   1.2685E-04   -164.11  8.2078E-05   -288.77
   90.00    250.00   -999.99  -999.99  -999.99      0.0000      0.00         1.0180E-14     12.25  4.9720E-15   -108.86
    0.00    255.00    -14.08    -2.64    -2.34      0.0000    -75.00 LINEAR  8.0974E-05     -7.06  3.0220E-04   -187.06
    5.00    255.00    -10.32    -2.90    -2.18      0.0273    -66.99 LEFT    1.2478E-04     -4.40  2.9325E-04   -188.75
   10.00    255.00     -7.79    -3.16    -1.88      0.0543    -59.69 LEFT    1.6696E-04     -4.85  2.8455E-04   -191.98
   15.00    255.00     -6.00    -3.41    -1.50      0.0845    -53.54 LEFT    2.0535E-04     -6.74  2.7661E-04   -196.84
   20.00    255.00     -4.72    -3.60    -1.12      0.1198    -48.77 LEFT    2.3789E-04     -9.56  2.7045E-04   -203.35
   25.00    255.00     -3.86    -3.70    -0.77      0.1598    -45.56 LEFT    2.6252E-04    -13.17  2.6747E-04   -211.33
   30.00    255.00     -3.39    -3.65    -0.51      0.2013    -44.06 LEFT    2.7731E-04    -17.59  2.6902E-04   -220.37
   35.00    255.00     -3.28    -3.44    -0.35      0.2384    -44.41 LEFT    2.8080E-04    -23.03  2.7573E-04   -229.86
   40.00    255.00     -3.54    -3.09    -0.30      0.2602    -46.69 LEFT    2.7247E-04    -29.87  2.8690E-04   -239.08
   45.00    255.00     -4.16    -2.69    -0.36      0.2516    -50.49 LEFT    2.5356E-04    -38.81  3.0034E-04   -247.50
   50.00    255.00     -5.09    -2.34    -0.49      0.2004    -54.67 LEFT    2.2805E-04    -50.93  3.1265E-04   -254.80
   55.00    255.00     -6.07    -2.15    -0.67      0.1071    -57.82 LEFT    2.0366E-04    -67.40  3.1977E-04   -260.92
   60.00    255.00     -6.65    -2.21    -0.87      0.0156    -59.05 RIGHT   1.9052E-04    -87.93  3.1761E-04   -265.90
   65.00    255.00     -6.49    -2.63    -1.13      0.1510    -57.96 RIGHT   1.9393E-04   -108.82  3.0259E-04   -269.85
   70.00    255.00     -5.95    -3.55    -1.58      0.2818    -54.21 RIGHT   2.0646E-04   -125.72  2.7216E-04   -272.89
   75.00    255.00     -5.72    -5.19    -2.44      0.3878    -47.37 RIGHT   2.1187E-04   -137.58  2.2520E-04   -275.10
   80.00    255.00     -6.55    -8.04    -4.22      0.4450    -37.68 RIGHT   1.9256E-04   -145.47  1.6230E-04   -276.55
   85.00    255.00     -9.94   -13.57    -8.37      0.4399    -27.11 RIGHT   1.3042E-04   -150.66  8.5884E-05   -277.29
   90.00    255.00   -999.99  -999.99  -999.99      0.0000      0.00         1.0449E-14     25.73  5.2006E-15    -97.35
    0.00    260.00    -17.55    -2.47    -2.34      0.0000    -80.00 LINEAR  5.4327E-05     -7.06  3.0811E-04   -187.06
    5.00    260.00    -12.28    -2.64    -2.20      0.0285    -71.82 LEFT    9.9569E-05     -2.92  3.0209E-04   -188.41
   10.00    260.00     -9.12    -2.80    -1.89      0.0572    -64.36 LEFT    1.4327E-04     -2.87  2.9651E-04   -191.24
   15.00    260.00     -6.98    -2.94    -1.50      0.0887    -58.09 LEFT    1.8331E-04     -4.30  2.9188E-04   -195.56
   20.00    260.00     -5.49    -3.02    -1.07      0.1237    -53.28 LEFT    2.1771E-04     -6.64  2.8912E-04   -201.32
   25.00    260.00     -4.48    -3.02    -0.68      0.1609    -50.07 LEFT    2.4445E-04     -9.76  2.8938E-04   -208.31
   30.00    260.00     -3.89    -2.89    -0.35      0.1966    -48.56 LEFT    2.6168E-04    -13.75  2.9363E-04   -216.15
   35.00    260.00     -3.68    -2.64    -0.12      0.2243    -48.79 LEFT    2.6801E-04    -18.83  3.0217E-04   -224.31
   40.00    260.00     -3.84    -2.30     0.00      0.2343    -50.65 LEFT    2.6308E-04    -25.42  3.1410E-04   -232.24
   45.00    260.00     -4.35    -1.95     0.03      0.2154    -53.59 LEFT    2.4831E-04    -34.22  3.2727E-04   -239.52
   50.00    260.00     -5.09    -1.66    -0.03      0.1602    -56.66 LEFT    2.2790E-04    -46.20  3.3845E-04   -245.90
   55.00    260.00     -5.83    -1.52    -0.15      0.0708    -58.80 LEFT    2.0941E-04    -62.17  3.4378E-04   -251.30
   60.00    260.00     -6.15    -1.63    -0.32      0.0425    -59.32 RIGHT   2.0176E-04    -81.27  3.3931E-04   -255.73
   65.00    260.00     -5.87    -2.10    -0.58      0.1665    -57.81 RIGHT   2.0824E-04   -100.06  3.2156E-04   -259.26
   70.00    260.00     -5.36    -3.06    -1.05      0.2861    -53.88 RIGHT   2.2097E-04   -115.18  2.8802E-04   -261.98
   75.00    260.00     -5.21    -4.73    -1.95      0.3831    -47.14 RIGHT   2.2474E-04   -125.96  2.3758E-04   -263.96
   80.00    260.00     -6.11    -7.59    -3.78      0.4358    -37.80 RIGHT   2.0271E-04   -133.26  1.7086E-04   -265.25
   85.00    260.00     -9.53   -13.13    -7.96      0.4314    -27.57 RIGHT   1.3667E-04   -138.16  9.0301E-05   -265.90
   90.00    260.00   -999.99  -999.99  -999.99      0.0000      0.00         1.0934E-14     38.31  5.4659E-15    -85.93
    0.00    265.00    -23.53    -2.37    -2.34      0.0000    -85.00 LINEAR  2.7267E-05     -7.06  3.1167E-04   -187.06
    5.00    265.00    -14.92    -2.45    -2.21      0.0295    -76.71 LEFT    7.3484E-05     -0.57  3.0875E-04   -188.08
   10.00    265.00    -10.80    -2.52    -1.92      0.0599    -69.14 LEFT    1.1818E-04     -0.27  3.0642E-04   -190.51
   15.00    265.00     -8.20    -2.55    -1.51      0.0928    -62.79 LEFT    1.5930E-04     -1.36  3.0522E-04   -194.32
   20.00    265.00     -6.45    -2.53    -1.05      0.1277    -57.94 LEFT    1.9494E-04     -3.29  3.0598E-04   -199.39
   25.00    265.00     -5.27    -2.43    -0.61      0.1623    -54.74 LEFT    2.2314E-04     -6.01  3.0965E-04   -205.49
   30.00    265.00     -4.56    -2.23    -0.23      0.1924    -53.22 LEFT    2.4216E-04     -9.64  3.1690E-04   -212.25
   35.00    265.00     -4.26    -1.94     0.07      0.2113    -53.31 LEFT    2.5072E-04    -14.45  3.2770E-04   -219.23
   40.00    265.00     -4.33    -1.59     0.26      0.2106    -54.75 LEFT    2.4868E-04    -20.94  3.4096E-04   -226.00
   45.00    265.00     -4.72    -1.25     0.36      0.1821    -56.96 LEFT    2.3778E-04    -29.82  3.5447E-04   -232.22
   50.00    265.00     -5.30    -1.00     0.37      0.1222    -59.08 LEFT    2.2260E-04    -41.97  3.6507E-04   -237.68
   55.00    265.00     -5.77    -0.90     0.32      0.0340    -60.31 LEFT    2.1072E-04    -57.80  3.6902E-04   -242.32
   60.00    265.00     -5.81    -1.06     0.20      0.0735    -60.11 RIGHT   2.0989E-04    -75.86  3.6248E-04   -246.15
   65.00    265.00     -5.35    -1.56    -0.05      0.1893    -58.07 RIGHT   2.2125E-04    -92.84  3.4205E-04   -249.21
   70.00    265.00     -4.79    -2.55    -0.52      0.3001    -53.79 RIGHT   2.3594E-04   -106.23  3.0530E-04   -251.56
   75.00    265.00     -4.67    -4.25    -1.44      0.3887    -46.88 RIGHT   2.3927E-04   -115.80  2.5115E-04   -253.26
   80.00    265.00     -5.60    -7.13    -3.29      0.4354    -37.61 RIGHT   2.1490E-04   -122.37  1.8028E-04   -254.36
   85.00    265.00     -9.05   -12.68    -7.49      0.4285    -27.55 RIGHT   1.4445E-04   -126.90  9.5171E-05   -254.90
   90.00    265.00   -999.99  -999.99  -999.99      0.0000      0.00         1.1544E-14     49.69  5.7585E-15    -74.89
    0.00    270.00   -999.99    -2.34    -2.34      0.0000     90.00 LINEAR  4.7899E-15   -187.06  3.1286E-04   -187.06
    5.00    270.00    -18.83    -2.33    -2.24      0.0303    -81.66 LEFT    4.6849E-05      4.19  3.1311E-04   -187.75
   10.00    270.00    -12.97    -2.31    -1.95      0.0624    -74.03 LEFT    9.1976E-05      3.54  3.1407E-04   -189.79
   15.00    270.00     -9.73    -2.24    -1.53      0.0968    -67.63 LEFT    1.3360E-04      2.41  3.1629E-04   -193.11
   20.00    270.00     -7.64    -2.13    -1.05      0.1318    -62.78 LEFT    1.6986E-04      0.71  3.2056E-04   -197.55
   25.00    270.00     -6.27    -1.94    -0.57      0.1642    -59.58 LEFT    1.9889E-04     -1.71  3.2766E-04   -202.84
   30.00    270.00     -5.44    -1.67    -0.14      0.1891    -58.02 LEFT    2.1901E-04     -5.08  3.3801E-04   -208.65
   35.00    270.00     -5.04    -1.33     0.21      0.1999    -57.94 LEFT    2.2914E-04     -9.76  3.5129E-04   -214.60
   40.00    270.00     -5.03    -0.97     0.47      0.1895    -58.98 LEFT    2.2940E-04    -16.32  3.6623E-04   -220.32
   45.00    270.00     -5.32    -0.64     0.63      0.1525    -60.52 LEFT    2.2199E-04    -25.53  3.8051E-04   -225.56
   50.00    270.00     -5.72    -0.40     0.72      0.0877    -61.82 LEFT    2.1202E-04    -38.17  3.9097E-04   -230.16
   55.00    270.00     -5.92    -0.34     0.72      0.0008    -62.25 RIGHT   2.0726E-04    -54.17  3.9392E-04   -234.06
   60.00    270.00     -5.63    -0.52     0.65      0.1052    -61.35 RIGHT   2.1417E-04    -71.46  3.8562E-04   -237.27
   65.00    270.00     -4.95    -1.05     0.43      0.2155    -58.75 RIGHT   2.3161E-04    -86.83  3.6272E-04   -239.83
   70.00    270.00     -4.30    -2.07    -0.03      0.3196    -54.01 RIGHT   2.4954E-04    -98.60  3.2285E-04   -241.79
   75.00    270.00     -4.17    -3.78    -0.96      0.4011    -46.77 RIGHT   2.5344E-04   -106.95  2.6501E-04   -243.19
   80.00    270.00     -5.11    -6.67    -2.81      0.4415    -37.35 RIGHT   2.2732E-04   -112.75  1.8992E-04   -244.08
   85.00    270.00     -8.58   -12.23    -7.02      0.4306    -27.32 RIGHT   1.5258E-04   -116.85  1.0017E-04   -244.50
   90.00    270.00   -999.99  -999.99  -999.99      0.0000      0.00         1.2186E-14     59.87  6.0590E-15    -64.45
    0.00    275.00    -23.53    -2.37    -2.34      0.0000     85.00 LINEAR  2.7267E-05   -187.06  3.1167E-04   -187.06
    5.00    275.00    -25.92    -2.28    -2.26      0.0309    -86.68 LEFT    2.0713E-05     20.72  3.1507E-04   -187.42
   10.00    275.00    -15.96    -2.16    -1.99      0.0647    -79.04 LEFT    6.5195E-05     10.11  3.1923E-04   -189.09
   15.00    275.00    -11.68    -2.01    -1.57      0.1007    -72.63 LEFT    1.0668E-04      7.71  3.2476E-04   -191.94
   20.00    275.00     -9.14    -1.81    -1.08      0.1362    -67.77 LEFT    1.4296E-04      5.82  3.3240E-04   -195.79
   25.00    275.00     -7.53    -1.54    -0.57      0.1666    -64.57 LEFT    1.7217E-04      3.48  3.4280E-04   -200.36
   30.00    275.00     -6.55    -1.21    -0.10      0.1867    -62.96 LEFT    1.9273E-04      0.21  3.5616E-04   -205.33
   35.00    275.00     -6.06    -0.84     0.30      0.1902    -62.69 LEFT    2.0373E-04     -4.52  3.7194E-04   -210.36
   40.00    275.00     -5.98    -0.45     0.62      0.1715    -63.32 LEFT    2.0563E-04    -11.39  3.8868E-04   -215.15
   45.00    275.00     -6.17    -0.12     0.84      0.1270    -64.24 LEFT    2.0121E-04    -21.26  4.0394E-04   -219.50
   50.00    275.00     -6.38     0.11     0.99      0.0575    -64.81 LEFT    1.9638E-04    -34.78  4.1454E-04   -223.30
   55.00    275.00     -6.26     0.15     1.05      0.0323    -64.52 RIGHT   1.9909E-04    -51.26  4.1681E-04   -226.50
   60.00    275.00     -5.62    -0.05     1.01      0.1352    -62.97 RIGHT   2.1434E-04    -67.89  4.0704E-04   -229.11
   65.00    275.00     -4.69    -0.61     0.82      0.2421    -59.78 RIGHT   2.3853E-04    -81.77  3.8196E-04   -231.18
   70.00    275.00     -3.93    -1.64     0.38      0.3414    -54.52 RIGHT   2.6049E-04    -92.00  3.3925E-04   -232.73
   75.00    275.00     -3.76    -3.37    -0.55      0.4171    -46.83 RIGHT   2.6575E-04    -99.17  2.7798E-04   -233.83
   80.00    275.00     -4.69    -6.27    -2.40      0.4515    -37.13 RIGHT   2.3855E-04   -104.19  1.9897E-04   -234.51
   85.00    275.00     -8.16   -11.83    -6.61      0.4360    -27.03 RIGHT   1.6008E-04   -107.86  1.0486E-04   -234.80
   90.00    275.00   -999.99  -999.99  -999.99      0.0000      0.00         1.2784E-14     69.01  6.3405E-15    -54.71
    0.00    280.00    -17.55    -2.47    -2.34      0.0000     80.00 LINEAR  5.4327E-05   -187.06  3.0811E-04   -187.06
    5.00    280.00    -29.46    -2.29    -2.28      0.0313     88.24 LEFT    1.3783E-05   -232.72  3.1453E-04   -187.09
   10.00    280.00    -20.36    -2.10    -2.03      0.0667    -84.16 LEFT    3.9288E-05     25.09  3.2172E-04   -188.40
   15.00    280.00    -14.25    -1.87    -1.62      0.1045    -77.78 LEFT    7.9428E-05     16.22  3.3034E-04   -190.82
   20.00    280.00    -11.03    -1.59    -1.12      0.1405    -72.94 LEFT    1.1503E-04     12.95  3.4109E-04   -194.12
   25.00    280.00     -9.09    -1.25    -0.59      0.1695    -69.73 LEFT    1.4379E-04     10.19  3.5451E-04   -198.04
   30.00    280.00     -7.94    -0.87    -0.09      0.1854    -68.03 LEFT    1.6411E-04      6.71  3.7064E-04   -202.25
   35.00    280.00     -7.37    -0.45     0.35      0.1826    -67.53 LEFT    1.7524E-04      1.68  3.8874E-04   -206.46
   40.00    280.00     -7.24    -0.05     0.71      0.1565    -67.74 LEFT    1.7803E-04     -5.84  4.0718E-04   -210.43
   45.00    280.00     -7.33     0.29     0.98      0.1056    -68.08 LEFT    1.7603E-04    -16.86  4.2344E-04   -213.99
   50.00    280.00     -7.33     0.51     1.17      0.0318    -67.98 LEFT    1.7615E-04    -31.81  4.3428E-04   -217.05
   55.00    280.00     -6.83     0.55     1.28      0.0597    -67.03 RIGHT   1.8663E-04    -49.07  4.3605E-04   -219.59
   60.00    280.00     -5.78     0.32     1.28      0.1623    -64.86 RIGHT   2.1051E-04    -65.08  4.2509E-04   -221.64
   65.00    280.00     -4.58    -0.24     1.12      0.2674    -61.09 RIGHT   2.4170E-04    -77.46  3.9817E-04   -223.23
   70.00    280.00     -3.68    -1.29     0.69      0.3634    -55.26 RIGHT   2.6805E-04    -86.19  3.5306E-04   -224.40
   75.00    280.00     -3.45    -3.03    -0.23      0.4343    -47.04 RIGHT   2.7520E-04    -92.22  2.8890E-04   -225.20
   80.00    280.00     -4.37    -5.94    -2.08      0.4630    -36.96 RIGHT   2.4760E-04    -96.47  2.0657E-04   -225.66
   85.00    280.00     -7.83   -11.51    -6.28      0.4427    -26.72 RIGHT   1.6626E-04    -99.70  1.0879E-04   -225.82
   90.00    280.00   -999.99  -999.99  -999.99      0.0000      0.00         1.3280E-14   -282.70  6.5773E-15    -45.69
    0.00    285.00    -14.08    -2.64    -2.34      0.0000     75.00 LINEAR  8.0974E-05   -187.06  3.0220E-04   -187.06
    5.00    285.00    -20.44    -2.38    -2.31      0.0315     83.10 LEFT    3.8927E-05   -201.57  3.1144E-04   -186.77
   10.00    285.00    -25.32    -2.10    -2.08      0.0683    -89.40 LEFT    2.2199E-05   -286.45  3.2140E-04   -187.74
   15.00    285.00    -17.59    -1.80    -1.69      0.1079    -83.08 LEFT    5.4028E-05     32.64  3.3278E-04   -189.74
   20.00    285.00    -13.40    -1.46    -1.19      0.1449    -78.28 LEFT    8.7597E-05     24.09  3.4628E-04   -192.55
   25.00    285.00    -11.02    -1.06    -0.65      0.1728    -75.05 LEFT    1.1511E-04     19.68  3.6234E-04   -195.87
   30.00    285.00     -9.68    -0.63    -0.12      0.1852    -73.24 LEFT    1.3443E-04     15.39  3.8084E-04   -199.40
   35.00    285.00     -9.03    -0.18     0.35      0.1769    -72.48 LEFT    1.4484E-04      9.59  4.0091E-04   -202.88
   40.00    285.00     -8.86     0.24     0.74      0.1447    -72.26 LEFT    1.4759E-04      0.87  4.2079E-04   -206.11
   45.00    285.00     -8.89     0.58     1.05      0.0883    -72.02 LEFT    1.4720E-04    -12.09  4.3788E-04   -208.95
   50.00    285.00     -8.60     0.80     1.27      0.0107    -71.29 LEFT    1.5207E-04    -29.33  4.4891E-04   -211.34
   55.00    285.00     -7.61     0.82     1.41      0.0830    -69.71 RIGHT   1.7054E-04    -47.69  4.5026E-04   -213.28
   60.00    285.00     -6.09     0.59     1.43      0.1862    -66.93 RIGHT   2.0310E-04    -62.95  4.3833E-04   -214.80
   65.00    285.00     -4.60     0.01     1.30      0.2906    -62.57 RIGHT   2.4116E-04    -73.75  4.0997E-04   -215.93
   70.00    285.00     -3.56    -1.05     0.89      0.3843    -56.12 RIGHT   2.7192E-04    -80.99  3.6302E-04   -216.73
   75.00    285.00     -3.26    -2.80    -0.01      0.4511    -47.31 RIGHT   2.8129E-04    -85.89  2.9670E-04   -217.24
   80.00    285.00     -4.15    -5.72    -1.86      0.4742    -36.80 RIGHT   2.5390E-04    -89.40  2.1196E-04   -217.50
   85.00    285.00     -7.60   -11.29    -6.06      0.4489    -26.42 RIGHT   1.7072E-04    -92.21  1.1157E-04   -217.53
   90.00    285.00   -999.99  -999.99  -999.99      0.0000      0.00         1.3640E-14   -275.07  6.7442E-15    -37.36
    0.00    290.00    -11.66    -2.88    -2.34      0.0000     70.00 LINEAR  1.0700E-04   -187.06  2.9399E-04   -187.06
    5.00    290.00    -15.82    -2.54    -2.34      0.0313     77.90 LEFT    6.6243E-05   -195.17  3.0575E-04   -186.47
   10.00    290.00    -21.50    -2.19    -2.14      0.0694     85.24 LEFT    3.4459E-05   -227.26  3.1814E-04   -187.10
   15.00    290.00    -20.71    -1.83    -1.77      0.1108    -88.54 LEFT    3.7725E-05     68.52  3.3190E-04   -188.72
   20.00    290.00    -16.11    -1.42    -1.28      0.1490    -83.80 LEFT    6.4109E-05     43.74  3.4769E-04   -191.06
   25.00    290.00    -13.29    -0.98    -0.73      0.1763    -80.55 LEFT    8.8665E-05     34.49  3.6590E-04   -193.84
   30.00    290.00    -11.75    -0.51    -0.19      0.1860    -78.60 LEFT    1.0587E-04     28.09  3.8628E-04   -196.76
   35.00    290.00    -11.08    -0.04     0.29      0.1732    -77.55 LEFT    1.1439E-04     20.72  4.0786E-04   -199.58
   40.00    290.00    -10.98     0.40     0.70      0.1359    -76.87 LEFT    1.1571E-04      9.89  4.2877E-04   -202.14
   45.00    290.00    -10.98     0.75     1.03      0.0749    -76.06 LEFT    1.1573E-04     -6.47  4.4638E-04   -204.33
   50.00    290.00    -10.30     0.96     1.27      0.0062    -74.72 RIGHT   1.2504E-04    -27.50  4.5744E-04   -206.11
   55.00    290.00     -8.62     0.98     1.43      0.1023    -72.51 RIGHT   1.5176E-04    -47.33  4.5837E-04   -207.50
   60.00    290.00     -6.54     0.73     1.48      0.2069    -69.12 RIGHT   1.9277E-04    -61.51  4.4566E-04   -208.52
   65.00    290.00     -4.74     0.14     1.36      0.3115    -64.13 RIGHT   2.3723E-04    -70.53  4.1627E-04   -209.23
   70.00    290.00     -3.55    -0.93     0.97      0.4036    -57.01 RIGHT   2.7219E-04    -76.24  3.6813E-04   -209.68
   75.00    290.00     -3.18    -2.69     0.08      0.4664    -47.54 RIGHT   2.8391E-04    -80.04  3.0056E-04   -209.92
   80.00    290.00     -4.04    -5.62    -1.74      0.4836    -36.59 RIGHT   2.5728E-04    -82.81  2.1455E-04   -209.98
   85.00    290.00     -7.47   -11.19    -5.93      0.4533    -26.08 RIGHT   1.7330E-04    -85.21  1.1288E-04   -209.90
   90.00    290.00   -999.99  -999.99  -999.99      0.0000      0.00         1.3853E-14   -267.94  6.8217E-15    -29.68
    0.00    295.00     -9.82    -3.19    -2.34      0.0000     65.00 LINEAR  1.3222E-04   -187.06  2.8355E-04   -187.06
    5.00    295.00    -12.83    -2.78    -2.37      0.0310     72.64 LEFT    9.3461E-05   -192.38  2.9745E-04   -186.17
   10.00    295.00    -16.63    -2.37    -2.21      0.0699     79.77 LEFT    6.0353E-05   -208.40  3.1187E-04   -186.49
   15.00    295.00    -19.37    -1.94    -1.86      0.1130     85.83 LEFT    4.4054E-05   -245.41  3.2754E-04   -187.75
   20.00    295.00    -17.80    -1.49    -1.39      0.1525    -89.50 LEFT    5.2733E-05   -282.86  3.4512E-04   -189.67
   25.00    295.00    -15.36    -1.00    -0.85      0.1798    -86.24 LEFT    6.9848E-05     58.65  3.6493E-04   -191.95
   30.00    295.00    -13.90    -0.50    -0.31      0.1875    -84.13 LEFT    8.2665E-05     48.07  3.8664E-04   -194.31
   35.00    295.00    -13.42    -0.01     0.19      0.1714    -82.75 LEFT    8.7321E-05     38.11  4.0918E-04   -196.55
   40.00    295.00    -13.68     0.44     0.60      0.1301    -81.59 LEFT    8.4818E-05     23.93  4.3064E-04   -198.50
   45.00    295.00    -13.88     0.79     0.93      0.0654    -80.20 LEFT    8.2839E-05      1.26  4.4839E-04   -200.10
   50.00    295.00    -12.59     0.99     1.18      0.0190    -78.23 RIGHT   9.6085E-05    -26.77  4.5923E-04   -201.33
   55.00    295.00     -9.87     1.00     1.34      0.1179    -75.40 RIGHT   1.3139E-04    -48.30  4.5968E-04   -202.20
   60.00    295.00     -7.12     0.75     1.40      0.2247    -71.37 RIGHT   1.8032E-04    -60.77  4.4637E-04   -202.76
   65.00    295.00     -4.99     0.14     1.30      0.3303    -65.69 RIGHT   2.3045E-04    -67.73  4.1638E-04   -203.08
   70.00    295.00     -3.64    -0.93     0.93      0.4213    -57.82 RIGHT   2.6919E-04    -71.85  3.6778E-04   -203.20
   75.00    295.00     -3.20    -2.70     0.06      0.4797    -47.62 RIGHT   2.8328E-04    -74.54  2.9997E-04   -203.17
   80.00    295.00     -4.02    -5.64    -1.74      0.4904    -36.23 RIGHT   2.5785E-04    -76.60  2.1396E-04   -203.05
   85.00    295.00     -7.43   -11.22    -5.92      0.4548    -25.67 RIGHT   1.7405E-04    -78.60  1.1251E-04   -202.85
   90.00    295.00   -999.99  -999.99  -999.99      0.0000      0.00         1.3922E-14   -261.19  6.7990E-15    -22.60
    0.00    300.00     -8.36    -3.59    -2.34      0.0000     60.00 LINEAR  1.5643E-04   -187.06  2.7094E-04   -187.06
    5.00    300.00    -10.65    -3.10    -2.40      0.0303     67.31 LEFT    1.2010E-04   -190.76  2.8657E-04   -185.89
   10.00    300.00    -13.33    -2.63    -2.27      0.0698     74.18 LEFT    8.8278E-05   -200.89  3.0255E-04   -185.92
   15.00    300.00    -15.73    -2.15    -1.97      0.1144     80.04 LEFT    6.6970E-05   -221.08  3.1963E-04   -186.85
   20.00    300.00    -16.46    -1.66    -1.51      0.1553     84.60 LEFT    6.1548E-05   -247.88  3.3847E-04   -188.37
   25.00    300.00    -15.72    -1.14    -0.99      0.1829     87.87 LEFT    6.7070E-05   -269.08  3.5929E-04   -190.19
   30.00    300.00    -15.05    -0.61    -0.46      0.1896    -89.85 LEFT    7.2375E-05   -282.80  3.8173E-04   -192.05
   35.00    300.00    -15.28    -0.10     0.03      0.1711    -88.11 LEFT    7.0526E-05     65.67  4.0465E-04   -193.75
   40.00    300.00    -16.64     0.35     0.43      0.1270    -86.44 LEFT    6.0261E-05     49.19  4.2614E-04   -195.16
   45.00    300.00    -18.18     0.69     0.75      0.0592    -84.45 LEFT    5.0504E-05     15.45  4.4361E-04   -196.22
   50.00    300.00    -15.81     0.89     0.99      0.0283    -81.84 RIGHT   6.6368E-05    -28.33  4.5396E-04   -196.93
   55.00    300.00    -11.36     0.89     1.14      0.1304    -78.35 RIGHT   1.1072E-04    -51.17  4.5388E-04   -197.33
   60.00    300.00     -7.81     0.63     1.21      0.2402    -73.63 RIGHT   1.6662E-04    -60.77  4.4013E-04   -197.47
   65.00    300.00     -5.34     0.01     1.12      0.3476    -67.18 RIGHT   2.2145E-04    -65.30  4.1001E-04   -197.42
   70.00    300.00     -3.83    -1.08     0.77      0.4377    -58.44 RIGHT   2.6346E-04    -67.74  3.6171E-04   -197.23
   75.00    300.00     -3.31    -2.86    -0.07      0.4907    -47.42 RIGHT   2.7984E-04    -69.33  2.9470E-04   -196.96
   80.00    300.00     -4.08    -5.80    -1.85      0.4935    -35.64 RIGHT   2.5598E-04    -70.68  2.1004E-04   -196.65
   85.00    300.00     -7.47   -11.39    -5.99      0.4523    -25.12 RIGHT   1.7321E-04    -72.29  1.1040E-04   -196.35
   90.00    300.00   -999.99  -999.99  -999.99      0.0000      0.00         1.3865E-14   -254.76  6.6695E-15    -16.06
    0.00    305.00     -7.17    -4.07    -2.34      0.0000     55.00 LINEAR  1.7945E-04   -187.06  2.5628E-04   -187.06
    5.00    305.00     -8.97    -3.52    -2.43      0.0293     61.93 LEFT    1.4585E-04   -189.67  2.7315E-04   -185.63
   10.00    305.00    -10.94    -2.99    -2.35      0.0689     68.47 LEFT    1.1616E-04   -196.85  2.9020E-04   -185.38
   15.00    305.00    -12.72    -2.47    -2.08      0.1146     74.09 LEFT    9.4647E-05   -209.78  3.0817E-04   -186.00
   20.00    305.00    -13.74    -1.94    -1.66      0.1570     78.49 LEFT    8.4192E-05   -226.62  3.2769E-04   -187.16
   25.00    305.00    -13.96    -1.39    -1.16      0.1853     81.75 LEFT    8.2056E-05   -242.08  3.4895E-04   -188.57
   30.00    305.00    -14.12    -0.85    -0.65      0.1917     84.21 LEFT    8.0555E-05   -253.21  3.7151E-04   -189.97
   35.00    305.00    -15.05    -0.33    -0.19      0.1722     86.32 LEFT    7.2442E-05   -261.35  3.9424E-04   -191.19
   40.00    305.00    -17.68     0.12     0.19      0.1263     88.53 LEFT    5.3515E-05   -270.80  4.1525E-04   -192.10
   45.00    305.00    -24.01     0.46     0.48      0.0562    -88.84 LEFT    2.5804E-05     57.64  4.3203E-04   -192.67
   50.00    305.00    -20.76     0.66     0.69      0.0344    -85.56 RIGHT   3.7542E-05    -36.94  4.4165E-04   -192.91
   55.00    305.00    -13.04     0.64     0.82      0.1404    -81.35 RIGHT   9.1251E-05    -56.81  4.4098E-04   -192.87
   60.00    305.00     -8.58     0.36     0.88      0.2543    -75.86 RIGHT   1.5253E-04    -61.55  4.2700E-04   -192.62
   65.00    305.00     -5.76    -0.27     0.81      0.3645    -68.51 RIGHT   2.1094E-04    -63.19  3.9721E-04   -192.22
   70.00    305.00     -4.09    -1.37     0.49      0.4532    -58.74 RIGHT   2.5565E-04    -63.87  3.4996E-04   -191.74
   75.00    305.00     -3.48    -3.15    -0.31      0.4991    -46.81 RIGHT   2.7420E-04    -64.34  2.8482E-04   -191.24
   80.00    305.00     -4.21    -6.10    -2.05      0.4925    -34.71 RIGHT   2.5216E-04    -65.01  2.0283E-04   -190.77
   85.00    305.00     -7.58   -11.69    -6.16      0.4451    -24.39 RIGHT   1.7108E-04    -66.24  1.0656E-04   -190.36
   90.00    305.00   -999.99  -999.99  -999.99      0.0000      0.00         1.3706E-14   -248.60  6.4369E-15    -10.04
    0.00    310.00     -6.18    -4.65    -2.34      0.0000     50.00 LINEAR  2.0110E-04   -187.06  2.3966E-04   -187.06
    5.00    310.00     -7.61    -4.04    -2.46      0.0280     56.50 LEFT    1.7043E-04   -188.86  2.5726E-04   -185.38
   10.00    310.00     -9.12    -3.46    -2.42      0.0672     62.66 LEFT    1.4324E-04   -194.28  2.7487E-04   -184.88
   15.00    310.00    -10.44    -2.90    -2.20      0.1135     67.97 LEFT    1.2310E-04   -203.51  2.9320E-04   -185.21
   20.00    310.00    -11.28    -2.34    -1.82      0.1570     72.18 LEFT    1.1177E-04   -214.96  3.1285E-04   -186.05
   25.00    310.00    -11.67    -1.77    -1.35      0.1863     75.40 LEFT    1.0683E-04   -225.44  3.3397E-04   -187.08
   30.00    310.00    -12.06    -1.21    -0.87      0.1933     78.02 LEFT    1.0214E-04   -232.76  3.5610E-04   -188.07
   35.00    310.00    -13.05    -0.69    -0.45      0.1739     80.51 LEFT    9.1171E-05   -236.65  3.7809E-04   -188.84
   40.00    310.00    -15.44    -0.24    -0.12      0.1276     83.27 LEFT    6.9192E-05   -237.41  3.9815E-04   -189.30
   45.00    310.00    -21.62     0.09     0.12      0.0560     86.56 LEFT    3.3987E-05   -232.61  4.1389E-04   -189.43
   50.00    310.00    -27.89     0.27     0.28      0.0378    -89.42 RIGHT   1.6519E-05    -84.25  4.2257E-04   -189.24
   55.00    310.00    -14.76     0.25     0.38      0.1486    -84.43 RIGHT   7.4847E-05    -66.37  4.2129E-04   -188.80
   60.00    310.00     -9.39    -0.05     0.43      0.2681    -78.06 RIGHT   1.3885E-04    -63.15  4.0730E-04   -188.18
   65.00    310.00     -6.24    -0.69     0.38      0.3821    -69.63 RIGHT   1.9958E-04    -61.36  3.7832E-04   -187.46
   70.00    310.00     -4.41    -1.80     0.10      0.4688    -58.57 RIGHT   2.4644E-04    -60.19  3.3288E-04   -186.71
   75.00    310.00     -3.71    -3.60    -0.65      0.5047    -45.65 RIGHT   2.6702E-04    -59.56  2.7062E-04   -185.99
   80.00    310.00     -4.39    -6.55    -2.33      0.4864    -33.37 RIGHT   2.4695E-04    -59.57  1.9256E-04   -185.36
   85.00    310.00     -7.74   -12.15    -6.40      0.4327    -23.42 RIGHT   1.6803E-04    -60.45  1.0111E-04   -184.86
   90.00    310.00   -999.99  -999.99  -999.99      0.0000      0.00         1.3474E-14   -242.68  6.1068E-15     -4.51
    0.00    315.00     -5.35    -5.35    -2.34      0.0000     45.00 LINEAR  2.2122E-04   -187.06  2.2122E-04   -187.06
    5.00    315.00     -6.51    -4.68    -2.49      0.0264     51.01 LEFT    1.9356E-04   -188.24  2.3903E-04   -185.15
   10.00    315.00     -7.69    -4.06    -2.49      0.0645     56.73 LEFT    1.6905E-04   -192.47  2.5666E-04   -184.42
   15.00    315.00     -8.67    -3.46    -2.32      0.1108     61.69 LEFT    1.5088E-04   -199.53  2.7484E-04   -184.50
   20.00    315.00     -9.31    -2.88    -1.99      0.1549     65.66 LEFT    1.4029E-04   -207.94  2.9409E-04   -185.03
   25.00    315.00     -9.65    -2.29    -1.56      0.1854     68.80 LEFT    1.3489E-04   -215.38  3.1453E-04   -185.73
   30.00    315.00    -10.01    -1.73    -1.13      0.1938     71.54 LEFT    1.2928E-04   -220.18  3.3570E-04   -186.34
   35.00    315.00    -10.84    -1.20    -0.76      0.1758     74.39 LEFT    1.1752E-04   -221.72  3.5649E-04   -186.72
   40.00    315.00    -12.67    -0.76    -0.49      0.1304     77.71 LEFT    9.5233E-05   -219.31  3.7519E-04   -186.77
   45.00    315.00    -16.51    -0.43    -0.33      0.0582     81.70 LEFT    6.1194E-05   -208.72  3.8960E-04   -186.49
   50.00    315.00    -23.08    -0.27    -0.24      0.0388     86.51 RIGHT   2.8720E-05   -153.35  3.9721E-04   -185.91
   55.00    315.00    -16.16    -0.31    -0.19      0.1557    -87.63 RIGHT   6.3694E-05    -80.58  3.9537E-04   -185.10
   60.00    315.00    -10.22    -0.61    -0.16      0.2828    -80.22 RIGHT   1.2627E-04    -65.56  3.8162E-04   -184.14
   65.00    315.00     -6.76    -1.27    -0.19      0.4021    -70.44 RIGHT   1.8799E-04    -59.78  3.5392E-04   -183.12
   70.00    315.00     -4.77    -2.39    -0.41      0.4849    -57.78 RIGHT   2.3650E-04    -56.69  3.1098E-04   -182.12
   75.00    315.00     -3.98    -4.20    -1.08      0.5068    -43.79 RIGHT   2.5895E-04    -54.98  2.5255E-04   -181.21
   80.00    315.00     -4.61    -7.16    -2.69      0.4745    -31.57 RIGHT   2.4092E-04    -54.37  1.7955E-04   -180.43
   85.00    315.00     -7.93   -12.76    -6.69      0.4144    -22.17 RIGHT   1.6445E-04    -54.91  9.4234E-05   -179.84
   90.00    315.00   -999.99  -999.99  -999.99      0.0000      0.00         1.3199E-14   -237.04  5.6905E-15      0.54
    0.00    320.00     -4.65    -6.18    -2.34      0.0000     40.00 LINEAR  2.3966E-04   -187.06  2.0110E-04   -187.06
    5.00    320.00     -5.60    -5.45    -2.51      0.0244     45.47 LEFT    2.1500E-04   -187.74  2.1857E-04   -184.94
   10.00    320.00     -6.53    -4.80    -2.57      0.0609     50.71 LEFT    1.9319E-04   -191.12  2.3574E-04   -184.01
   15.00    320.00     -7.28    -4.17    -2.44      0.1061     55.26 LEFT    1.7721E-04   -196.76  2.5326E-04   -183.85
   20.00    320.00     -7.74    -3.57    -2.16      0.1502     58.93 LEFT    1.6799E-04   -203.29  2.7162E-04   -184.12
   25.00    320.00     -7.99    -2.97    -1.78      0.1817     61.93 LEFT    1.6313E-04   -208.86  2.9090E-04   -184.51
   30.00    320.00     -8.30    -2.40    -1.41      0.1920     64.75 LEFT    1.5756E-04   -212.12  3.1065E-04   -184.79
   35.00    320.00     -8.98    -1.88    -1.11      0.1769     67.91 LEFT    1.4567E-04   -212.46  3.2983E-04   -184.81
   40.00    320.00    -10.43    -1.44    -0.93      0.1341     71.76 LEFT    1.2331E-04   -209.15  3.4686E-04   -184.49
   45.00    320.00    -13.22    -1.13    -0.87      0.0624     76.47 LEFT    8.9440E-05   -199.24  3.5973E-04   -183.84
   50.00    320.00    -17.85    -0.97    -0.88      0.0378     82.13 RIGHT   5.2463E-05   -167.30  3.6619E-04   -182.91
   55.00    320.00    -16.75    -1.03    -0.91      0.1626     88.99 RIGHT   5.9521E-05    -97.79  3.6389E-04   -181.77
   60.00    320.00    -11.01    -1.35    -0.90      0.3004    -82.35 RIGHT   1.1528E-04    -68.72  3.5066E-04   -180.50
   65.00    320.00     -7.30    -2.02    -0.89      0.4263    -70.83 RIGHT   1.7671E-04    -58.44  3.2470E-04   -179.21
   70.00    320.00     -5.15    -3.15    -1.03      0.5020    -56.11 RIGHT   2.2641E-04    -53.38  2.8493E-04   -177.98
   75.00    320.00     -4.27    -4.97    -1.59      0.5041    -41.10 RIGHT   2.5059E-04    -50.64  2.3113E-04   -176.88
   80.00    320.00     -4.84    -7.94    -3.11      0.4560    -29.26 RIGHT   2.3460E-04    -49.43  1.6420E-04   -175.97
   85.00    320.00     -8.13   -13.54    -7.03      0.3900    -20.62 RIGHT   1.6065E-04    -49.67  8.6133E-05   -175.29
   90.00    320.00   -999.99  -999.99  -999.99      0.0000      0.00         1.2907E-14   -231.71  5.2006E-15      5.11
    0.00    325.00     -4.07    -7.17    -2.34      0.0000     35.00 LINEAR  2.5628E-04   -187.06  1.7945E-04   -187.06
    5.00    325.00     -4.84    -6.40    -2.54      0.0222     39.89 LEFT    2.3452E-04   -187.34  1.9607E-04   -184.76
   10.00    325.00     -5.58    -5.71    -2.64      0.0563     44.59 LEFT    2.1532E-04   -190.07  2.1227E-04   -183.63
   15.00    325.00     -6.16    -5.06    -2.57      0.0995     48.68 LEFT    2.0154E-04   -194.72  2.2867E-04   -183.27
   20.00    325.00     -6.49    -4.44    -2.33      0.1426     52.00 LEFT    1.9391E-04   -200.00  2.4570E-04   -183.30
   25.00    325.00     -6.67    -3.83    -2.01      0.1745     54.80 LEFT    1.8997E-04   -204.34  2.6341E-04   -183.43
   30.00    325.00     -6.91    -3.26    -1.70      0.1871     57.61 LEFT    1.8479E-04   -206.61  2.8136E-04   -183.41
   35.00    325.00     -7.49    -2.74    -1.49      0.1759     60.98 LEFT    1.7293E-04   -206.28  2.9860E-04   -183.11
   40.00    325.00     -8.71    -2.31    -1.42      0.1374     65.30 LEFT    1.5028E-04   -202.73  3.1372E-04   -182.47
   45.00    325.00    -10.98    -2.01    -1.49      0.0680     70.73 LEFT    1.1572E-04   -193.86  3.2493E-04   -181.50
   50.00    325.00    -14.72    -1.87    -1.65      0.0353     77.32 RIGHT   7.5238E-05   -170.88  3.3025E-04   -180.24
   55.00    325.00    -16.41    -1.94    -1.79      0.1703     85.30 RIGHT   6.1938E-05   -113.75  3.2763E-04   -178.80
   60.00    325.00    -11.72    -2.27    -1.81      0.3230    -84.50 RIGHT   1.0619E-04    -72.45  3.1520E-04   -177.26
   65.00    325.00     -7.84    -2.95    -1.73      0.4577    -70.61 RIGHT   1.6613E-04    -57.31  2.9143E-04   -175.72
   70.00    325.00     -5.53    -4.10    -1.75      0.5193    -53.22 RIGHT   2.1670E-04    -50.28  2.5540E-04   -174.28
   75.00    325.00     -4.55    -5.93    -2.18      0.4942    -37.51 RIGHT   2.4246E-04    -46.56  2.0696E-04   -173.01
   80.00    325.00     -5.07    -8.90    -3.57      0.4296    -26.48 RIGHT   2.2842E-04    -44.83  1.4691E-04   -171.98
   85.00    325.00     -8.33   -14.51    -7.39      0.3593    -18.76 RIGHT   1.5693E-04    -44.79  7.7030E-05   -171.23
   90.00    325.00   -999.99  -999.99  -999.99      0.0000      0.00         1.2622E-14   -226.74  4.6500E-15      9.21
    0.00    330.00     -3.59    -8.36    -2.34      0.0000     30.00 LINEAR  2.7094E-04   -187.06  1.5643E-04   -187.06
    5.00    330.00     -4.22    -7.55    -2.56      0.0196     34.27 LEFT    2.5190E-04   -187.01  1.7170E-04   -184.59
   10.00    330.00     -4.82    -6.83    -2.70      0.0506     38.38 LEFT    2.3514E-04   -189.25  1.8650E-04   -183.31
   15.00    330.00     -5.26    -6.17    -2.68      0.0907     41.98 LEFT    2.2344E-04   -193.19  2.0136E-04   -182.76
   20.00    330.00     -5.50    -5.53    -2.50      0.1316     44.90 LEFT    2.1740E-04   -197.58  2.1666E-04   -182.59
   25.00    330.00     -5.62    -4.92    -2.24      0.1630     47.43 LEFT    2.1447E-04   -201.06  2.3244E-04   -182.48
   30.00    330.00     -5.81    -4.35    -2.01      0.1777     50.12 LEFT    2.0978E-04   -202.67  2.4828E-04   -182.21
   35.00    330.00     -6.32    -3.83    -1.89      0.1713     53.58 LEFT    1.9792E-04   -201.91  2.6335E-04   -181.64
   40.00    330.00     -7.39    -3.41    -1.95      0.1391     58.23 LEFT    1.7480E-04   -198.29  2.7640E-04   -180.71
   45.00    330.00     -9.38    -3.12    -2.20      0.0741     64.30 LEFT    1.3915E-04   -190.25  2.8589E-04   -179.45
   50.00    330.00    -12.64    -2.99    -2.55      0.0315     71.85 RIGHT   9.5553E-05   -171.84  2.9013E-04   -177.92
   55.00    330.00    -15.54    -3.08    -2.84      0.1799     81.12 RIGHT   6.8440E-05   -125.58  2.8737E-04   -176.20
   60.00    330.00    -12.33    -3.43    -2.90      0.3545    -86.76 RIGHT   9.9085E-05    -76.49  2.7604E-04   -174.42
   65.00    330.00     -8.35    -4.12    -2.73      0.4997    -69.41 RIGHT   1.5660E-04    -56.37  2.5487E-04   -172.66
   70.00    330.00     -5.89    -5.28    -2.56      0.5337    -48.67 RIGHT   2.0775E-04    -47.43  2.2308E-04   -171.03
   75.00    330.00     -4.83    -7.11    -2.81      0.4738    -33.02 RIGHT   2.3494E-04    -42.81  1.8060E-04   -169.61
   80.00    330.00     -5.29   -10.09    -4.05      0.3943    -23.27 RIGHT   2.2271E-04    -40.62  1.2811E-04   -168.47
   85.00    330.00     -8.52   -15.71    -7.76      0.3224    -16.62 RIGHT   1.5350E-04    -40.35  6.7139E-05   -167.65
   90.00    330.00   -999.99  -999.99  -999.99      0.0000      0.00         1.2358E-14   -222.23  4.0522E-15     12.80
    0.00    335.00     -3.19    -9.82    -2.34      0.0000     25.00 LINEAR  2.8355E-04   -187.06  1.3222E-04   -187.06
    5.00    335.00     -3.72    -8.98    -2.58      0.0168     28.61 LEFT    2.6695E-04   -186.74  1.4570E-04   -184.45
   10.00    335.00     -4.20    -8.23    -2.76      0.0439     32.11 LEFT    2.5239E-04   -188.61  1.5869E-04   -183.03
   15.00    335.00     -4.55    -7.55    -2.79      0.0798     35.15 LEFT    2.4256E-04   -192.01  1.7164E-04   -182.33
   20.00    335.00     -4.71    -6.91    -2.66      0.1170     37.64 LEFT    2.3798E-04   -195.77  1.8489E-04   -181.98
   25.00    335.00     -4.79    -6.29    -2.46      0.1468     39.84 LEFT    2.3601E-04   -198.64  1.9843E-04   -181.68
   30.00    335.00     -4.94    -5.72    -2.31      0.1629     42.30 LEFT    2.3178E-04   -199.76  2.1193E-04   -181.19
   35.00    335.00     -5.40    -5.22    -2.30      0.1614     45.65 LEFT    2.1988E-04   -198.72  2.2465E-04   -180.38
   40.00    335.00     -6.39    -4.80    -2.52      0.1370     50.41 LEFT    1.9619E-04   -195.08  2.3555E-04   -179.21
   45.00    335.00     -8.20    -4.52    -2.97      0.0794     56.95 LEFT    1.5929E-04   -187.62  2.4332E-04   -177.70
   50.00    335.00    -11.19    -4.41    -3.58      0.0267     65.42 RIGHT   1.1296E-04   -171.89  2.4657E-04   -175.93
   55.00    335.00    -14.58    -4.50    -4.10      0.1925     76.09 RIGHT   7.6397E-05   -133.39  2.4388E-04   -173.99
   60.00    335.00    -12.80    -4.86    -4.22      0.4010    -89.30 RIGHT   9.3847E-05    -80.52  2.3393E-04   -171.99
   65.00    335.00     -8.82    -5.57    -3.89      0.5567    -66.40 RIGHT   1.4832E-04    -55.59  2.1571E-04   -170.04
   70.00    335.00     -6.23    -6.73    -3.47      0.5370    -41.99 RIGHT   1.9987E-04    -44.87  1.8860E-04   -168.25
   75.00    335.00     -5.07    -8.58    -3.47      0.4385    -27.80 RIGHT   2.2833E-04    -39.47  1.5255E-04   -166.70
   80.00    335.00     -5.49   -11.57    -4.53      0.3495    -19.72 RIGHT   2.1771E-04    -36.88  1.0814E-04   -165.46
   85.00    335.00     -8.69   -17.18    -8.12      0.2794    -14.23 RIGHT   1.5050E-04    -36.42  5.6653E-05   -164.59
   90.00    335.00   -999.99  -999.99  -999.99      0.0000      0.00         1.2128E-14   -218.24  3.4192E-15     15.89
    0.00    340.00     -2.88   -11.66    -2.34      0.0000     20.00 LINEAR  2.9399E-04   -187.06  1.0700E-04   -187.06
    5.00    340.00     -3.32   -10.79    -2.60      0.0138     22.93 LEFT    2.7951E-04   -186.53  1.1829E-04   -184.34
   10.00    340.00     -3.72   -10.03    -2.81      0.0364     25.76 LEFT    2.6682E-04   -188.11  1.2912E-04   -182.80
   15.00    340.00     -3.99    -9.33    -2.88      0.0668     28.24 LEFT    2.5861E-04   -191.11  1.3986E-04   -181.97
   20.00    340.00     -4.11    -8.68    -2.81      0.0989     30.25 LEFT    2.5528E-04   -194.41  1.5077E-04   -181.48
   25.00    340.00     -4.14    -8.06    -2.67      0.1255     32.06 LEFT    2.5415E-04   -196.84  1.6186E-04   -181.02
   30.00    340.00     -4.28    -7.49    -2.58      0.1416     34.18 LEFT    2.5030E-04   -197.62  1.7284E-04   -180.35
   35.00    340.00     -4.70    -6.99    -2.69      0.1444     37.21 LEFT    2.3831E-04   -196.37  1.8310E-04   -179.35
   40.00    340.00     -5.64    -6.59    -3.08      0.1286     41.76 LEFT    2.1402E-04   -192.72  1.9180E-04   -177.97
   45.00    340.00     -7.34    -6.32    -3.79      0.0817     48.41 LEFT    1.7593E-04   -185.67  1.9790E-04   -176.26
   50.00    340.00    -10.15    -6.21    -4.74      0.0211     57.58 RIGHT   1.2728E-04   -171.62  2.0029E-04   -174.29
   55.00    340.00    -13.75    -6.32    -5.60      0.2092     69.62 RIGHT   8.4100E-05   -138.33  1.9785E-04   -172.16
   60.00    340.00    -13.14    -6.69    -5.80      0.4739     87.40 RIGHT   9.0214E-05    -84.22  1.8955E-04   -169.98
   65.00    340.00     -9.23    -7.41    -5.21      0.6285    -59.30 RIGHT   1.4144E-04    -54.97  1.7459E-04   -167.88
   70.00    340.00     -6.52    -8.58    -4.42      0.5139    -33.23 RIGHT   1.9326E-04    -42.66  1.5251E-04   -165.95
   75.00    340.00     -5.29   -10.43    -4.13      0.3849    -22.13 RIGHT   2.2281E-04    -36.61  1.2326E-04   -164.29
   80.00    340.00     -5.66   -13.42    -4.98      0.2948    -15.94 RIGHT   2.1354E-04    -33.70  8.7329E-05   -162.97
   85.00    340.00     -8.84   -19.04    -8.44      0.2310    -11.63 RIGHT   1.4802E-04    -33.08  4.5735E-05   -162.05
   90.00    340.00   -999.99  -999.99  -999.99      0.0000      0.00         1.1937E-14   -214.85  2.7599E-15     18.44
    0.00    345.00     -2.64   -14.08    -2.34      0.0000     15.00 LINEAR  3.0220E-04   -187.06  8.0974E-05   -187.06
    5.00    345.00     -3.02   -13.19    -2.62      0.0105     17.22 LEFT    2.8942E-04   -186.37  8.9742E-05   -184.25
   10.00    345.00     -3.36   -12.41    -2.85      0.0280     19.37 LEFT    2.7824E-04   -187.74  9.8122E-05   -182.62
   15.00    345.00     -3.58   -11.71    -2.95      0.0519     21.24 LEFT    2.7133E-04   -190.45  1.0640E-04   -181.70
   20.00    345.00     -3.65   -11.05    -2.92      0.0775     22.77 LEFT    2.6902E-04   -193.42  1.1477E-04   -181.09
   25.00    345.00     -3.66   -10.43    -2.83      0.0993     24.15 LEFT    2.6856E-04   -195.54  1.2322E-04   -180.50
   30.00    345.00     -3.78    -9.86    -2.82      0.1138     25.83 LEFT    2.6500E-04   -196.07  1.3155E-04   -179.69
   35.00    345.00     -4.19    -9.37    -3.04      0.1191     28.32 LEFT    2.5289E-04   -194.67  1.3928E-04   -178.54
   40.00    345.00     -5.08    -8.97    -3.60      0.1112     32.25 LEFT    2.2807E-04   -191.02  1.4578E-04   -177.01
   45.00    345.00     -6.72    -8.71    -4.59      0.0775     38.42 LEFT    1.8893E-04   -184.24  1.5028E-04   -175.14
   50.00    345.00     -9.42    -8.61    -5.99      0.0153     47.67 RIGHT   1.3842E-04   -171.25  1.5194E-04   -173.01
   55.00    345.00    -13.10    -8.73    -7.38      0.2283     60.53 RIGHT   9.0621E-05   -141.38  1.4992E-04   -170.73
   60.00    345.00    -13.37    -9.11    -7.73      0.5965     81.57 RIGHT   8.7850E-05    -87.31  1.4349E-04   -168.41
   65.00    345.00     -9.57    -9.83    -6.69      0.6777    -42.70 RIGHT   1.3604E-04    -54.50  1.3205E-04   -166.18
   70.00    345.00     -6.76   -11.01    -5.38      0.4469    -23.56 RIGHT   1.8805E-04    -40.87  1.1526E-04   -164.14
   75.00    345.00     -5.46   -12.87    -4.73      0.3113    -16.36 RIGHT   2.1847E-04    -34.29  9.3097E-05   -162.39
   80.00    345.00     -5.79   -15.86    -5.38      0.2307    -12.01 RIGHT   2.1030E-04    -31.13  6.5930E-05   -161.01
   85.00    345.00     -8.95   -21.48    -8.72      0.1778     -8.86 RIGHT   1.4608E-04    -30.40  3.4519E-05   -160.05
   90.00    345.00   -999.99  -999.99  -999.99      0.0000      0.00         1.1788E-14   -212.14  2.0828E-15     20.46
    0.00    350.00     -2.47   -17.55    -2.34      0.0000     10.00 LINEAR  3.0811E-04   -187.06  5.4327E-05   -187.06
    5.00    350.00     -2.80   -16.64    -2.63      0.0071     11.49 LEFT    2.9659E-04   -186.26  6.0318E-05   -184.18
   10.00    350.00     -3.10   -15.85    -2.88      0.0190     12.94 LEFT    2.8651E-04   -187.48  6.6030E-05   -182.49
   15.00    350.00     -3.29   -15.14    -3.01      0.0355     14.19 LEFT    2.8055E-04   -190.00  7.1654E-05   -181.50
   20.00    350.00     -3.33   -14.48    -3.01      0.0534     15.22 LEFT    2.7898E-04   -192.75  7.7317E-05   -180.81
   25.00    350.00     -3.33   -13.86    -2.96      0.0689     16.15 LEFT    2.7901E-04   -194.65  8.3022E-05   -180.13
   30.00    350.00     -3.44   -13.30    -3.01      0.0798     17.30 LEFT    2.7565E-04   -195.01  8.8612E-05   -179.22
   35.00    350.00     -3.83   -12.80    -3.31      0.0854     19.07 LEFT    2.6344E-04   -193.51  9.3781E-05   -177.96
   40.00    350.00     -4.71   -12.41    -4.03      0.0830     21.98 LEFT    2.3817E-04   -189.86  9.8099E-05   -176.32
   45.00    350.00     -6.30   -12.15    -5.30      0.0630     26.84 LEFT    1.9824E-04   -183.25  1.0105E-04   -174.33
   50.00    350.00     -8.94   -12.07    -7.22      0.0095     34.89 RIGHT   1.4637E-04   -170.93  1.0209E-04   -172.09
   55.00    350.00    -12.65   -12.19    -9.40      0.2351     46.69 RIGHT   9.5491E-05   -143.20  1.0066E-04   -169.70
   60.00    350.00    -13.51   -12.58   -10.01      0.7845     58.41 RIGHT   8.6429E-05    -89.62  9.6267E-05   -167.28
   65.00    350.00     -9.82   -13.30    -8.21      0.5754    -20.39 RIGHT   1.3217E-04    -54.16  8.8533E-05   -164.96
   70.00    350.00     -6.94   -14.49    -6.23      0.3305    -14.58 RIGHT   1.8429E-04    -39.54  7.7231E-05   -162.84
   75.00    350.00     -5.58   -16.35    -5.23      0.2193    -10.73 RIGHT   2.1537E-04    -32.59  6.2353E-05   -161.03
   80.00    350.00     -5.89   -19.35    -5.69      0.1587     -8.03 RIGHT   2.0798E-04    -29.26  4.4143E-05   -159.60
   85.00    350.00     -9.04   -24.97    -8.93      0.1207     -5.97 RIGHT   1.4471E-04    -28.45  2.3108E-05   -158.61
   90.00    350.00   -999.99  -999.99  -999.99      0.0000      0.00         1.1683E-14   -210.16  1.3942E-15     21.90
    0.00    355.00     -2.37   -23.53    -2.34      0.0000      5.00 LINEAR  3.1167E-04   -187.06  2.7267E-05   -187.06
    5.00    355.00     -2.68   -22.61    -2.63      0.0036      5.75 LEFT    3.0092E-04   -186.19  3.0307E-05   -184.14
   10.00    355.00     -2.95   -21.82    -2.90      0.0096      6.47 LEFT    2.9152E-04   -187.32  3.3201E-05   -182.41
   15.00    355.00     -3.11   -21.11    -3.05      0.0180      7.11 LEFT    2.8613E-04   -189.73  3.6044E-05   -181.38
   20.00    355.00     -3.15   -20.45    -3.07      0.0272      7.62 LEFT    2.8501E-04   -192.35  3.8902E-05   -180.65
   25.00    355.00     -3.14   -19.83    -3.05      0.0353      8.09 LEFT    2.8534E-04   -194.13  4.1773E-05   -179.91
   30.00    355.00     -3.24   -19.26    -3.13      0.0412      8.67 LEFT    2.8209E-04   -194.40  4.4580E-05   -178.93
   35.00    355.00     -3.62   -18.77    -3.49      0.0447      9.59 LEFT    2.6981E-04   -192.84  4.7167E-05   -177.61
   40.00    355.00     -4.49   -18.39    -4.31      0.0447     11.14 LEFT    2.4427E-04   -189.19  4.9320E-05   -175.90
   45.00    355.00     -6.06   -18.13    -5.80      0.0360     13.85 LEFT    2.0384E-04   -182.67  5.0783E-05   -173.85
   50.00    355.00     -8.66   -18.05    -8.19      0.0043     18.74 RIGHT   1.5113E-04   -170.72  5.1278E-05   -171.53
   55.00    355.00    -12.38   -18.17   -11.36      0.1765     25.82 RIGHT   9.8479E-05   -144.16  5.0536E-05   -169.08
   60.00    355.00    -13.59   -18.56   -12.39      0.5312     11.20 RIGHT   8.5687E-05    -91.03  4.8310E-05   -166.60
   65.00    355.00     -9.98   -19.30    -9.50      0.3159     -7.51 RIGHT   1.2985E-04    -53.97  4.4410E-05   -164.22
   70.00    355.00     -7.04   -20.49    -6.85      0.1753     -6.88 RIGHT   1.8204E-04    -38.73  3.8728E-05   -162.06
   75.00    355.00     -5.66   -22.35    -5.57      0.1134     -5.29 RIGHT   2.1351E-04    -31.54  3.1259E-05   -160.21
   80.00    355.00     -5.94   -25.35    -5.89      0.0809     -4.02 RIGHT   2.0660E-04    -28.12  2.2125E-05   -158.75
   85.00    355.00     -9.09   -30.97    -9.06      0.0610     -3.00 RIGHT   1.4389E-04    -27.25  1.1580E-05   -157.74
   90.00    355.00   -999.99  -999.99  -999.99      0.0000      0.00         1.1621E-14   -208.96  6.9867E-16     22.78


  AVERAGE POWER GAIN:  6.0594E-01 - SOLID ANGLE USED IN AVERAGING: (+1.9722)*PI STERADIANS



  DATA CARD No:   8 EN   0     0     0     0  0.00000E+00  0.00000E+00  0.00000E+00  0.00000E+00  0.00000E+00  0.00000E+00

  TOTAL RUN TIME: 50 msec